2026-07-07T15:12:21.598+00:00 BENCH log opened: firmware/logs/profile-reversal-v1.log
2026-07-07T15:12:21.599+00:00 BENCH profile: csv=firmware/logs/profile-reversal-v1.csv rows=11 rate=50.0Hz total_duration=53.0s
2026-07-07T15:12:21.599+00:00 BENCH enable sent
2026-07-07T15:12:21.599+00:00 BENCH step t=0.000s -> steer=315352mdeg wheel=0milli-rpm
2026-07-07T15:12:21.599+00:00 CAN id=121 dlc=2 data=0101
2026-07-07T15:12:21.599+00:00 CAN id=101 dlc=8 data=d8cf040000000000
2026-07-07T15:12:21.619+00:00 CAN id=101 dlc=8 data=d8cf040000000000
2026-07-07T15:12:21.624+00:00 VCP ET_RX steer=315352 wheel=0
2026-07-07T15:12:21.624+00:00 VCP START_CAN: angle=316143 target=315352 wheelTarget=0
2026-07-07T15:12:21.640+00:00 CAN id=101 dlc=8 data=d8cf040000000000
2026-07-07T15:12:21.659+00:00 CAN id=101 dlc=8 data=d8cf040000000000
2026-07-07T15:12:21.679+00:00 CAN id=101 dlc=8 data=d8cf040000000000
2026-07-07T15:12:21.699+00:00 CAN id=101 dlc=8 data=d8cf040000000000
2026-07-07T15:12:21.719+00:00 CAN id=101 dlc=8 data=d8cf040000000000
2026-07-07T15:12:21.742+00:00 CAN id=101 dlc=8 data=d8cf040000000000
2026-07-07T15:12:21.759+00:00 CAN id=101 dlc=8 data=d8cf040000000000
2026-07-07T15:12:21.779+00:00 CAN id=101 dlc=8 data=d8cf040000000000
2026-07-07T15:12:21.799+00:00 CAN id=101 dlc=8 data=d8cf040000000000
2026-07-07T15:12:21.809+00:00 VCP run=1 step=0 angle=316143 target=315352 err=-791 steer=-250 m1=0/-1375 i1=-69 t1=28 m2=0/-1375 i2=-69 t2=27 steerMode=-1375/0 iSteer=-68956 driveMode=0/0 iDrive=0 scale=0 wheel=0
2026-07-07T15:12:21.809+00:00 VCP run=1 step=0 angle=316143 target=315352 err=-791 steer=-395 m1=0/-2174 i1=-114 t1=28 m2=0/-2174 i2=-114 t2=27 steerMode=-2174/-7 iSteer=-114371 driveMode=0/2 iDrive=-25 scale=0 wheel=0
2026-07-07T15:12:21.819+00:00 CAN id=101 dlc=8 data=d8cf040000000000
2026-07-07T15:12:21.839+00:00 CAN id=101 dlc=8 data=d8cf040000000000
2026-07-07T15:12:21.859+00:00 CAN id=101 dlc=8 data=d8cf040000000000
2026-07-07T15:12:21.879+00:00 CAN id=101 dlc=8 data=d8cf040000000000
2026-07-07T15:12:21.899+00:00 CAN id=101 dlc=8 data=d8cf040000000000
2026-07-07T15:12:21.916+00:00 VCP run=1 step=0 angle=316143 target=315352 err=-791 steer=-395 m1=0/-2174 i1=-121 t1=28 m2=0/-2174 i2=-121 t2=27 steerMode=-2174/0 iSteer=-120824 driveMode=0/0 iDrive=-9 scale=0 wheel=0
2026-07-07T15:12:21.919+00:00 CAN id=101 dlc=8 data=d8cf040000000000
2026-07-07T15:12:21.939+00:00 CAN id=101 dlc=8 data=d8cf040000000000
2026-07-07T15:12:21.959+00:00 CAN id=101 dlc=8 data=d8cf040000000000
2026-07-07T15:12:21.980+00:00 CAN id=101 dlc=8 data=d8cf040000000000
2026-07-07T15:12:21.999+00:00 CAN id=101 dlc=8 data=d8cf040000000000
2026-07-07T15:12:22.019+00:00 CAN id=101 dlc=8 data=d8cf040000000000
2026-07-07T15:12:22.040+00:00 CAN id=101 dlc=8 data=d8cf040000000000
2026-07-07T15:12:22.060+00:00 CAN id=101 dlc=8 data=d8cf040000000000
2026-07-07T15:12:22.079+00:00 CAN id=101 dlc=8 data=d8cf040000000000
2026-07-07T15:12:22.100+00:00 CAN id=101 dlc=8 data=d8cf040000000000
2026-07-07T15:12:22.102+00:00 VCP run=1 step=0 angle=316143 target=315352 err=-791 steer=-395 m1=0/-2174 i1=-126 t1=28 m2=0/-2174 i2=-126 t2=27 steerMode=-2174/-16 iSteer=-126206 driveMode=0/-16 iDrive=160 scale=0 wheel=0
2026-07-07T15:12:22.102+00:00 VCP run=1 step=0 angle=316143 target=315352 err=-791 steer=-395 m1=0/-2174 i1=-133 t1=28 m2=0/-2174 i2=-133 t2=27 steerMode=-2174/0 iSteer=-133125 driveMode=0/0 iDrive=6 scale=0 wheel=0
2026-07-07T15:12:22.119+00:00 CAN id=101 dlc=8 data=d8cf040000000000
2026-07-07T15:12:22.140+00:00 CAN id=101 dlc=8 data=d8cf040000000000
2026-07-07T15:12:22.159+00:00 CAN id=101 dlc=8 data=d8cf040000000000
2026-07-07T15:12:22.179+00:00 CAN id=101 dlc=8 data=d8cf040000000000
2026-07-07T15:12:22.199+00:00 CAN id=101 dlc=8 data=d8cf040000000000
2026-07-07T15:12:22.208+00:00 VCP SET_TARGET_RX steer=315352 wheel=0
2026-07-07T15:12:22.208+00:00 VCP run=1 step=0 angle=316143 target=315352 err=-791 steer=-395 m1=0/-2174 i1=-139 t1=28 m2=0/-2174 i2=-139 t2=27 steerMode=-2174/-1 iSteer=-139294 driveMode=0/1 iDrive=-7 scale=0 wheel=0
2026-07-07T15:12:22.219+00:00 CAN id=101 dlc=8 data=d8cf040000000000
2026-07-07T15:12:22.240+00:00 CAN id=101 dlc=8 data=d8cf040000000000
2026-07-07T15:12:22.260+00:00 CAN id=101 dlc=8 data=d8cf040000000000
2026-07-07T15:12:22.279+00:00 CAN id=101 dlc=8 data=d8cf040000000000
2026-07-07T15:12:22.299+00:00 CAN id=101 dlc=8 data=d8cf040000000000
2026-07-07T15:12:22.314+00:00 VCP run=1 step=0 angle=316143 target=315352 err=-791 steer=-395 m1=0/-2174 i1=-145 t1=28 m2=0/-2174 i2=-145 t2=27 steerMode=-2174/-12 iSteer=-144851 driveMode=0/-12 iDrive=121 scale=0 wheel=0
2026-07-07T15:12:22.319+00:00 CAN id=101 dlc=8 data=d8cf040000000000
2026-07-07T15:12:22.339+00:00 CAN id=101 dlc=8 data=d8cf040000000000
2026-07-07T15:12:22.359+00:00 CAN id=101 dlc=8 data=d8cf040000000000
2026-07-07T15:12:22.380+00:00 CAN id=101 dlc=8 data=d8cf040000000000
2026-07-07T15:12:22.400+00:00 CAN id=101 dlc=8 data=d8cf040000000000
2026-07-07T15:12:22.419+00:00 CAN id=101 dlc=8 data=d8cf040000000000
2026-07-07T15:12:22.439+00:00 CAN id=101 dlc=8 data=d8cf040000000000
2026-07-07T15:12:22.459+00:00 CAN id=101 dlc=8 data=d8cf040000000000
2026-07-07T15:12:22.479+00:00 CAN id=101 dlc=8 data=d8cf040000000000
2026-07-07T15:12:22.501+00:00 CAN id=101 dlc=8 data=d8cf040000000000
2026-07-07T15:12:22.504+00:00 VCP run=1 step=0 angle=316143 target=315352 err=-791 steer=-395 m1=0/-2174 i1=-151 t1=28 m2=0/-2174 i2=-151 t2=27 steerMode=-2174/-4 iSteer=-151370 driveMode=0/4 iDrive=-49 scale=0 wheel=0
2026-07-07T15:12:22.504+00:00 VCP run=1 step=0 angle=316143 target=315352 err=-791 steer=-395 m1=0/-2174 i1=-158 t1=28 m2=0/-2174 i2=-158 t2=27 steerMode=-2174/0 iSteer=-157686 driveMode=0/0 iDrive=-15 scale=0 wheel=0
2026-07-07T15:12:22.519+00:00 CAN id=101 dlc=8 data=d8cf040000000000
2026-07-07T15:12:22.539+00:00 CAN id=101 dlc=8 data=d8cf040000000000
2026-07-07T15:12:22.559+00:00 CAN id=101 dlc=8 data=d8cf040000000000
2026-07-07T15:12:22.579+00:00 CAN id=101 dlc=8 data=d8cf040000000000
2026-07-07T15:12:22.599+00:00 CAN id=101 dlc=8 data=d8cf040000000000
2026-07-07T15:12:22.607+00:00 VCP run=1 step=0 angle=316143 target=315352 err=-791 steer=-395 m1=0/-2174 i1=-164 t1=28 m2=0/-2174 i2=-164 t2=27 steerMode=-2174/-4 iSteer=-163590 driveMode=0/-4 iDrive=40 scale=0 wheel=0
2026-07-07T15:12:22.607+00:00 VCP SET_TARGET_RX steer=315352 wheel=0
2026-07-07T15:12:22.619+00:00 CAN id=101 dlc=8 data=d8cf040000000000
2026-07-07T15:12:22.639+00:00 CAN id=101 dlc=8 data=d8cf040000000000
2026-07-07T15:12:22.659+00:00 CAN id=101 dlc=8 data=d8cf040000000000
2026-07-07T15:12:22.679+00:00 CAN id=101 dlc=8 data=d8cf040000000000
2026-07-07T15:12:22.700+00:00 CAN id=101 dlc=8 data=d8cf040000000000
2026-07-07T15:12:22.713+00:00 VCP run=1 step=0 angle=316143 target=315352 err=-791 steer=-395 m1=0/-2174 i1=-170 t1=28 m2=0/-2174 i2=-170 t2=27 steerMode=-2174/0 iSteer=-169925 driveMode=0/0 iDrive=0 scale=0 wheel=0
2026-07-07T15:12:22.719+00:00 CAN id=101 dlc=8 data=d8cf040000000000
2026-07-07T15:12:22.739+00:00 CAN id=101 dlc=8 data=d8cf040000000000
2026-07-07T15:12:22.759+00:00 CAN id=101 dlc=8 data=d8cf040000000000
2026-07-07T15:12:22.779+00:00 CAN id=101 dlc=8 data=d8cf040000000000
2026-07-07T15:12:22.799+00:00 CAN id=101 dlc=8 data=d8cf040000000000
2026-07-07T15:12:22.819+00:00 CAN id=101 dlc=8 data=d8cf040000000000
2026-07-07T15:12:22.840+00:00 CAN id=101 dlc=8 data=d8cf040000000000
2026-07-07T15:12:22.859+00:00 CAN id=101 dlc=8 data=d8cf040000000000
2026-07-07T15:12:22.879+00:00 CAN id=101 dlc=8 data=d8cf040000000000
2026-07-07T15:12:22.900+00:00 CAN id=101 dlc=8 data=d8cf040000000000
2026-07-07T15:12:22.904+00:00 VCP run=1 step=0 angle=316143 target=315352 err=-791 steer=-395 m1=0/-2174 i1=-176 t1=28 m2=0/-2174 i2=-176 t2=27 steerMode=-2174/0 iSteer=-176124 driveMode=0/0 iDrive=0 scale=0 wheel=0
2026-07-07T15:12:22.904+00:00 VCP run=1 step=0 angle=316143 target=315352 err=-791 steer=-395 m1=0/-2174 i1=-182 t1=28 m2=0/-2174 i2=-182 t2=27 steerMode=-2174/0 iSteer=-182320 driveMode=0/0 iDrive=0 scale=0 wheel=0
2026-07-07T15:12:22.920+00:00 CAN id=101 dlc=8 data=d8cf040000000000
2026-07-07T15:12:22.939+00:00 CAN id=101 dlc=8 data=d8cf040000000000
2026-07-07T15:12:22.959+00:00 CAN id=101 dlc=8 data=d8cf040000000000
2026-07-07T15:12:22.979+00:00 CAN id=101 dlc=8 data=d8cf040000000000
2026-07-07T15:12:22.999+00:00 CAN id=101 dlc=8 data=d8cf040000000000
2026-07-07T15:12:23.010+00:00 VCP run=1 step=0 angle=316143 target=315352 err=-791 steer=-395 m1=0/-2174 i1=-188 t1=28 m2=0/-2174 i2=-188 t2=27 steerMode=-2174/-1 iSteer=-188449 driveMode=0/-1 iDrive=25 scale=0 wheel=0
2026-07-07T15:12:23.020+00:00 CAN id=101 dlc=8 data=d8cf040000000000
2026-07-07T15:12:23.039+00:00 CAN id=101 dlc=8 data=d8cf040000000000
2026-07-07T15:12:23.060+00:00 CAN id=101 dlc=8 data=d8cf040000000000
2026-07-07T15:12:23.080+00:00 CAN id=101 dlc=8 data=d8cf040000000000
2026-07-07T15:12:23.099+00:00 CAN id=101 dlc=8 data=d8cf040000000000
2026-07-07T15:12:23.114+00:00 VCP run=1 step=0 angle=316143 target=315352 err=-791 steer=-395 m1=0/-2174 i1=-195 t1=28 m2=0/-2174 i2=-195 t2=27 steerMode=-2174/0 iSteer=-194622 driveMode=0/0 iDrive=16 scale=0 wheel=0
2026-07-07T15:12:23.114+00:00 VCP SET_TARGET_RX steer=315352 wheel=0
2026-07-07T15:12:23.119+00:00 CAN id=101 dlc=8 data=d8cf040000000000
2026-07-07T15:12:23.139+00:00 CAN id=101 dlc=8 data=d8cf040000000000
2026-07-07T15:12:23.159+00:00 CAN id=101 dlc=8 data=d8cf040000000000
2026-07-07T15:12:23.179+00:00 CAN id=101 dlc=8 data=d8cf040000000000
2026-07-07T15:12:23.199+00:00 CAN id=101 dlc=8 data=d8cf040000000000
2026-07-07T15:12:23.219+00:00 VCP run=1 step=0 angle=316143 target=315352 err=-791 steer=-395 m1=0/-2174 i1=-201 t1=28 m2=0/-2174 i2=-201 t2=27 steerMode=-2174/0 iSteer=-200805 driveMode=0/0 iDrive=6 scale=0 wheel=0
2026-07-07T15:12:23.219+00:00 VCP run=1 step=0 angle=316143 target=315352 err=-791 steer=-395 m1=0/-2174 i1=-207 t1=28 m2=0/-2174 i2=-207 t2=27 steerMode=-2174/0 iSteer=-207019 driveMode=0/0 iDrive=10 scale=0 wheel=0
2026-07-07T15:12:23.220+00:00 CAN id=101 dlc=8 data=d8cf040000000000
2026-07-07T15:12:23.239+00:00 CAN id=101 dlc=8 data=d8cf040000000000
2026-07-07T15:12:23.259+00:00 CAN id=101 dlc=8 data=d8cf040000000000
2026-07-07T15:12:23.279+00:00 CAN id=101 dlc=8 data=d8cf040000000000
2026-07-07T15:12:23.300+00:00 CAN id=101 dlc=8 data=d8cf040000000000
2026-07-07T15:12:23.319+00:00 CAN id=101 dlc=8 data=d8cf040000000000
2026-07-07T15:12:23.339+00:00 CAN id=101 dlc=8 data=d8cf040000000000
2026-07-07T15:12:23.359+00:00 CAN id=101 dlc=8 data=d8cf040000000000
2026-07-07T15:12:23.379+00:00 CAN id=101 dlc=8 data=d8cf040000000000
2026-07-07T15:12:23.400+00:00 CAN id=101 dlc=8 data=d8cf040000000000
2026-07-07T15:12:23.409+00:00 VCP run=1 step=0 angle=316143 target=315352 err=-791 steer=-395 m1=0/-2174 i1=-213 t1=28 m2=0/-2174 i2=-213 t2=27 steerMode=-2174/0 iSteer=-213151 driveMode=0/0 iDrive=10 scale=0 wheel=0
2026-07-07T15:12:23.419+00:00 CAN id=101 dlc=8 data=d8cf040000000000
2026-07-07T15:12:23.439+00:00 CAN id=101 dlc=8 data=d8cf040000000000
2026-07-07T15:12:23.459+00:00 CAN id=101 dlc=8 data=d8cf040000000000
2026-07-07T15:12:23.480+00:00 CAN id=101 dlc=8 data=d8cf040000000000
2026-07-07T15:12:23.500+00:00 CAN id=101 dlc=8 data=d8cf040000000000
2026-07-07T15:12:23.515+00:00 VCP run=1 step=0 angle=316143 target=315352 err=-791 steer=-395 m1=0/-2174 i1=-218 t1=28 m2=0/-2174 i2=-217 t2=27 steerMode=-2174/-32 iSteer=-217711 driveMode=0/32 iDrive=-325 scale=0 wheel=0
2026-07-07T15:12:23.519+00:00 CAN id=101 dlc=8 data=d8cf040000000000
2026-07-07T15:12:23.539+00:00 CAN id=101 dlc=8 data=d8cf040000000000
2026-07-07T15:12:23.559+00:00 CAN id=101 dlc=8 data=d8cf040000000000
2026-07-07T15:12:23.579+00:00 CAN id=101 dlc=8 data=d8cf040000000000
2026-07-07T15:12:23.599+00:00 BENCH step t=2.000s -> steer=315352mdeg wheel=500000milli-rpm
2026-07-07T15:12:23.599+00:00 CAN id=101 dlc=8 data=d8cf040020a10700
2026-07-07T15:12:23.618+00:00 VCP run=1 step=0 angle=316143 target=315352 err=-791 steer=-395 m1=0/-2174 i1=-225 t1=28 m2=0/-2174 i2=-225 t2=27 steerMode=-2174/-8 iSteer=-224992 driveMode=0/-7 iDrive=91 scale=0 wheel=0
2026-07-07T15:12:23.618+00:00 VCP SET_TARGET_RX steer=315352 wheel=500000
2026-07-07T15:12:23.619+00:00 CAN id=101 dlc=8 data=d8cf040020a10700
2026-07-07T15:12:23.639+00:00 CAN id=101 dlc=8 data=d8cf040020a10700
2026-07-07T15:12:23.659+00:00 CAN id=101 dlc=8 data=d8cf040020a10700
2026-07-07T15:12:23.679+00:00 CAN id=101 dlc=8 data=d8cf040020a10700
2026-07-07T15:12:23.699+00:00 CAN id=101 dlc=8 data=d8cf040020a10700
2026-07-07T15:12:23.719+00:00 CAN id=101 dlc=8 data=d8cf040020a10700
2026-07-07T15:12:23.739+00:00 CAN id=101 dlc=8 data=d8cf040020a10700
2026-07-07T15:12:23.760+00:00 CAN id=101 dlc=8 data=d8cf040020a10700
2026-07-07T15:12:23.779+00:00 CAN id=101 dlc=8 data=d8cf040020a10700
2026-07-07T15:12:23.799+00:00 CAN id=101 dlc=8 data=d8cf040020a10700
2026-07-07T15:12:23.806+00:00 VCP run=1 step=0 angle=316143 target=315352 err=-791 steer=-395 m1=0/-1968 i1=-229 t1=28 m2=0/-2380 i2=-234 t2=27 steerMode=-2174/0 iSteer=-231515 driveMode=206/0 iDrive=2097 scale=0 wheel=600
2026-07-07T15:12:23.806+00:00 VCP run=1 step=0 angle=316143 target=315352 err=-791 steer=-395 m1=0/4426 i1=-165 t1=28 m2=0/-8774 i2=-309 t2=27 steerMode=-2174/-13 iSteer=-236882 driveMode=6600/13 iDrive=72331 scale=0 wheel=19200
2026-07-07T15:12:23.821+00:00 CAN id=101 dlc=8 data=d8cf040020a10700
2026-07-07T15:12:23.839+00:00 CAN id=101 dlc=8 data=d8cf040020a10700
2026-07-07T15:12:23.860+00:00 CAN id=101 dlc=8 data=d8cf040020a10700
2026-07-07T15:12:23.879+00:00 CAN id=101 dlc=8 data=d8cf040020a10700
2026-07-07T15:12:23.900+00:00 CAN id=101 dlc=8 data=d8cf040020a10700
2026-07-07T15:12:23.911+00:00 VCP run=1 step=0 angle=316143 target=315352 err=-791 steer=-395 m1=2/10820 i1=-89 t1=28 m2=0/-15168 i2=-398 t2=27 steerMode=-2174/2 iSteer=-243646 driveMode=12994/21 iDrive=154506 scale=0 wheel=37800
2026-07-07T15:12:23.919+00:00 CAN id=101 dlc=8 data=d8cf040020a10700
2026-07-07T15:12:23.939+00:00 CAN id=101 dlc=8 data=d8cf040020a10700
2026-07-07T15:12:23.959+00:00 CAN id=101 dlc=8 data=d8cf040020a10700
2026-07-07T15:12:23.979+00:00 CAN id=101 dlc=8 data=d8cf040020a10700
2026-07-07T15:12:23.999+00:00 CAN id=101 dlc=8 data=d8cf040020a10700
2026-07-07T15:12:24.016+00:00 VCP run=1 step=0 angle=316143 target=315352 err=-791 steer=-395 m1=0/17214 i1=0 t1=28 m2=0/-21562 i2=-498 t2=27 steerMode=-2174/-10 iSteer=-249087 driveMode=19388/15 iDrive=248685 scale=0 wheel=56400
2026-07-07T15:12:24.019+00:00 CAN id=101 dlc=8 data=d8cf040020a10700
2026-07-07T15:12:24.039+00:00 CAN id=101 dlc=8 data=d8cf040020a10700
2026-07-07T15:12:24.059+00:00 CAN id=101 dlc=8 data=d8cf040020a10700
2026-07-07T15:12:24.079+00:00 CAN id=101 dlc=8 data=d8cf040020a10700
2026-07-07T15:12:24.099+00:00 CAN id=101 dlc=8 data=d8cf040020a10700
2026-07-07T15:12:24.118+00:00 VCP run=1 step=0 angle=316143 target=315352 err=-791 steer=-395 m1=0/23607 i1=100 t1=28 m2=0/-27955 i2=-609 t2=27 steerMode=-2174/-25 iSteer=-254381 driveMode=25781/31 iDrive=354554 scale=0 wheel=75000
2026-07-07T15:12:24.118+00:00 VCP SET_TARGET_RX steer=315352 wheel=500000
2026-07-07T15:12:24.119+00:00 CAN id=101 dlc=8 data=d8cf040020a10700
2026-07-07T15:12:24.139+00:00 CAN id=101 dlc=8 data=d8cf040020a10700
2026-07-07T15:12:24.159+00:00 CAN id=101 dlc=8 data=d8cf040020a10700
2026-07-07T15:12:24.179+00:00 CAN id=101 dlc=8 data=d8cf040020a10700
2026-07-07T15:12:24.199+00:00 CAN id=101 dlc=8 data=d8cf040020a10700
2026-07-07T15:12:24.219+00:00 CAN id=101 dlc=8 data=d8cf040020a10700
2026-07-07T15:12:24.239+00:00 CAN id=101 dlc=8 data=d8cf040020a10700
2026-07-07T15:12:24.259+00:00 CAN id=101 dlc=8 data=d8cf040020a10700
2026-07-07T15:12:24.281+00:00 CAN id=101 dlc=8 data=d8cf040020a10700
2026-07-07T15:12:24.299+00:00 CAN id=101 dlc=8 data=d8cf040020a10700
2026-07-07T15:12:24.305+00:00 VCP run=1 step=0 angle=316143 target=315352 err=-791 steer=-395 m1=12/30001 i1=204 t1=28 m2=0/-34349 i2=-738 t2=27 steerMode=-2174/105 iSteer=-266980 driveMode=32175/144 iDrive=471275 scale=0 wheel=93600
2026-07-07T15:12:24.305+00:00 VCP run=1 step=0 angle=316143 target=315352 err=-791 steer=-395 m1=0/36326 i1=335 t1=28 m2=-3/-40674 i2=-866 t2=27 steerMode=-2174/-50 iSteer=-265246 driveMode=38500/46 iDrive=600547 scale=0 wheel=111999
2026-07-07T15:12:24.319+00:00 CAN id=101 dlc=8 data=d8cf040020a10700
2026-07-07T15:12:24.339+00:00 CAN id=101 dlc=8 data=d8cf040020a10700
2026-07-07T15:12:24.359+00:00 CAN id=101 dlc=8 data=d8cf040020a10700
2026-07-07T15:12:24.379+00:00 CAN id=101 dlc=8 data=d8cf040020a10700
2026-07-07T15:12:24.399+00:00 CAN id=101 dlc=8 data=d8cf040020a10700
2026-07-07T15:12:24.409+00:00 VCP run=1 step=0 angle=315967 target=315352 err=-615 steer=-307 m1=4/43203 i1=753 t1=28 m2=-381/-46584 i2=-594 t2=27 steerMode=-1691/-6486 iSteer=79113 driveMode=44893/6622 iDrive=673461 scale=0 wheel=130599
2026-07-07T15:12:24.419+00:00 CAN id=101 dlc=8 data=d8cf040020a10700
2026-07-07T15:12:24.439+00:00 CAN id=101 dlc=8 data=d8cf040020a10700
2026-07-07T15:12:24.460+00:00 CAN id=101 dlc=8 data=d8cf040020a10700
2026-07-07T15:12:24.482+00:00 CAN id=101 dlc=8 data=d8cf040020a10700
2026-07-07T15:12:24.499+00:00 CAN id=101 dlc=8 data=d8cf040020a10700
2026-07-07T15:12:24.514+00:00 VCP run=1 step=0 angle=312627 target=315352 err=2725 steer=1363 m1=690/58781 i1=741 t1=28 m2=-467/-43793 i2=-501 t2=27 steerMode=7494/2496 iSteer=119859 driveMode=51287/24590 iDrive=620710 scale=0 wheel=149199
2026-07-07T15:12:24.520+00:00 CAN id=101 dlc=8 data=d8cf040020a10700
2026-07-07T15:12:24.540+00:00 CAN id=101 dlc=8 data=d8cf040020a10700
2026-07-07T15:12:24.561+00:00 CAN id=101 dlc=8 data=d8cf040020a10700
2026-07-07T15:12:24.580+00:00 CAN id=101 dlc=8 data=d8cf040020a10700
2026-07-07T15:12:24.599+00:00 CAN id=101 dlc=8 data=d8cf040020a10700
2026-07-07T15:12:24.615+00:00 VCP run=1 step=0 angle=314648 target=315352 err=704 steer=352 m1=931/59616 i1=431 t1=28 m2=-978/-55746 i2=-552 t2=27 steerMode=1935/480 iSteer=-60464 driveMode=57681/47247 iDrive=491478 scale=0 wheel=167799
2026-07-07T15:12:24.615+00:00 VCP SET_TARGET_RX steer=315352 wheel=500000
2026-07-07T15:12:24.619+00:00 CAN id=101 dlc=8 data=d8cf040020a10700
2026-07-07T15:12:24.639+00:00 CAN id=101 dlc=8 data=d8cf040020a10700
2026-07-07T15:12:24.659+00:00 CAN id=101 dlc=8 data=d8cf040020a10700
2026-07-07T15:12:24.679+00:00 CAN id=101 dlc=8 data=d8cf040020a10700
2026-07-07T15:12:24.700+00:00 CAN id=101 dlc=8 data=d8cf040020a10700
2026-07-07T15:12:24.719+00:00 VCP run=1 step=0 angle=314209 target=315352 err=1143 steer=572 m1=1259/67218 i1=431 t1=28 m2=-1231/-60931 i2=-381 t2=27 steerMode=3143/159 iSteer=25050 driveMode=64074/63175 iDrive=405583 scale=0 wheel=186398
2026-07-07T15:12:24.719+00:00 CAN id=101 dlc=8 data=d8cf040020a10700
2026-07-07T15:12:24.739+00:00 CAN id=101 dlc=8 data=d8cf040020a10700
2026-07-07T15:12:24.760+00:00 CAN id=101 dlc=8 data=d8cf040020a10700
2026-07-07T15:12:24.779+00:00 CAN id=101 dlc=8 data=d8cf040020a10700
2026-07-07T15:12:24.799+00:00 CAN id=101 dlc=8 data=d8cf040020a10700
2026-07-07T15:12:24.820+00:00 CAN id=101 dlc=8 data=d8cf040020a10700
2026-07-07T15:12:24.839+00:00 CAN id=101 dlc=8 data=d8cf040020a10700
2026-07-07T15:12:24.860+00:00 CAN id=101 dlc=8 data=d8cf040020a10700
2026-07-07T15:12:24.881+00:00 CAN id=101 dlc=8 data=d8cf040020a10700
2026-07-07T15:12:24.899+00:00 CAN id=101 dlc=8 data=d8cf040020a10700
2026-07-07T15:12:24.906+00:00 VCP run=1 step=0 angle=315000 target=315352 err=352 steer=0 m1=1385/70399 i1=205 t1=28 m2=-1421/-70399 i2=-540 t2=27 steerMode=0/891 iSteer=-167714 driveMode=70399/72640 iDrive=372324 scale=0 wheel=204798
2026-07-07T15:12:24.906+00:00 VCP run=1 step=0 angle=314473 target=315352 err=879 steer=440 m1=1594/79211 i1=386 t1=28 m2=-1553/-74375 i2=-298 t2=27 steerMode=2418/-784 iSteer=43868 driveMode=76793/81434 iDrive=341683 scale=0 wheel=223398
2026-07-07T15:12:24.920+00:00 CAN id=101 dlc=8 data=d8cf040020a10700
2026-07-07T15:12:24.939+00:00 CAN id=101 dlc=8 data=d8cf040020a10700
2026-07-07T15:12:24.960+00:00 CAN id=101 dlc=8 data=d8cf040020a10700
2026-07-07T15:12:24.979+00:00 CAN id=101 dlc=8 data=d8cf040020a10700
2026-07-07T15:12:25.001+00:00 CAN id=101 dlc=8 data=d8cf040020a10700
2026-07-07T15:12:25.010+00:00 VCP run=1 step=0 angle=314648 target=315352 err=704 steer=352 m1=1745/85122 i1=251 t1=28 m2=-1687/-81252 i2=-362 t2=27 steerMode=1935/799 iSteer=-55451 driveMode=83187/90262 iDrive=306118 scale=0 wheel=241998
2026-07-07T15:12:25.019+00:00 CAN id=101 dlc=8 data=d8cf040020a10700
2026-07-07T15:12:25.039+00:00 CAN id=101 dlc=8 data=d8cf040020a10700
2026-07-07T15:12:25.059+00:00 CAN id=101 dlc=8 data=d8cf040020a10700
2026-07-07T15:12:25.079+00:00 CAN id=101 dlc=8 data=d8cf040020a10700
2026-07-07T15:12:25.099+00:00 CAN id=101 dlc=8 data=d8cf040020a10700
2026-07-07T15:12:25.111+00:00 VCP run=1 step=0 angle=314736 target=315352 err=616 steer=308 m1=1872/91274 i1=255 t1=28 m2=-1859/-87887 i2=-337 t2=27 steerMode=1693/357 iSteer=-41124 driveMode=89581/96355 iDrive=295690 scale=0 wheel=260598
2026-07-07T15:12:25.112+00:00 VCP SET_TARGET_RX steer=315352 wheel=500000
2026-07-07T15:12:25.119+00:00 CAN id=101 dlc=8 data=d8cf040020a10700
2026-07-07T15:12:25.139+00:00 CAN id=101 dlc=8 data=d8cf040020a10700
2026-07-07T15:12:25.159+00:00 CAN id=101 dlc=8 data=d8cf040020a10700
2026-07-07T15:12:25.179+00:00 CAN id=101 dlc=8 data=d8cf040020a10700
2026-07-07T15:12:25.199+00:00 CAN id=101 dlc=8 data=d8cf040020a10700
2026-07-07T15:12:25.215+00:00 VCP run=1 step=0 angle=314736 target=315352 err=616 steer=308 m1=1912/97668 i1=325 t1=28 m2=-1991/-94281 i2=-268 t2=27 steerMode=1693/-1009 iSteer=28667 driveMode=95975/101506 iDrive=296282 scale=0 wheel=279199
2026-07-07T15:12:25.220+00:00 CAN id=101 dlc=8 data=d8cf040020a10700
2026-07-07T15:12:25.239+00:00 CAN id=101 dlc=8 data=d8cf040020a10700
2026-07-07T15:12:25.259+00:00 CAN id=101 dlc=8 data=d8cf040020a10700
2026-07-07T15:12:25.279+00:00 CAN id=101 dlc=8 data=d8cf040020a10700
2026-07-07T15:12:25.299+00:00 CAN id=101 dlc=8 data=d8cf040020a10700
2026-07-07T15:12:25.319+00:00 VCP run=1 step=0 angle=314912 target=315352 err=440 steer=164 m1=2034/103201 i1=195 t1=28 m2=-2001/-101398 i2=-427 t2=27 steerMode=901/1169 iSteer=-115938 driveMode=102300/105571 iDrive=310988 scale=0 wheel=297600
2026-07-07T15:12:25.320+00:00 CAN id=101 dlc=8 data=d8cf040020a10700
2026-07-07T15:12:25.339+00:00 CAN id=101 dlc=8 data=d8cf040020a10700
2026-07-07T15:12:25.359+00:00 CAN id=101 dlc=8 data=d8cf040020a10700
2026-07-07T15:12:25.379+00:00 CAN id=101 dlc=8 data=d8cf040020a10700
2026-07-07T15:12:25.399+00:00 CAN id=101 dlc=8 data=d8cf040020a10700
2026-07-07T15:12:25.419+00:00 CAN id=101 dlc=8 data=d8cf040020a10700
2026-07-07T15:12:25.439+00:00 CAN id=101 dlc=8 data=d8cf040020a10700
2026-07-07T15:12:25.459+00:00 CAN id=101 dlc=8 data=d8cf040020a10700
2026-07-07T15:12:25.479+00:00 CAN id=101 dlc=8 data=d8cf040020a10700
2026-07-07T15:12:25.499+00:00 CAN id=101 dlc=8 data=d8cf040020a10700
2026-07-07T15:12:25.506+00:00 VCP run=1 step=0 angle=314736 target=315352 err=616 steer=308 m1=2117/110318 i1=325 t1=28 m2=-2083/-106932 i2=-318 t2=27 steerMode=1693/-379 iSteer=3306 driveMode=108625/110334 iDrive=321633 scale=0 wheel=316001
2026-07-07T15:12:25.506+00:00 VCP run=1 step=0 angle=315088 target=315352 err=264 steer=0 m1=2190/114951 i1=296 t1=28 m2=-2290/-114951 i2=-356 t2=27 steerMode=0/-1414 iSteer=-29907 driveMode=114951/116074 iDrive=325851 scale=0 wheel=334402
2026-07-07T15:12:25.519+00:00 CAN id=101 dlc=8 data=d8cf040020a10700
2026-07-07T15:12:25.540+00:00 CAN id=101 dlc=8 data=d8cf040020a10700
2026-07-07T15:12:25.562+00:00 CAN id=101 dlc=8 data=d8cf040020a10700
2026-07-07T15:12:25.579+00:00 CAN id=101 dlc=8 data=d8cf040020a10700
2026-07-07T15:12:25.599+00:00 CAN id=101 dlc=8 data=d8cf040020a10700
2026-07-07T15:12:25.608+00:00 VCP run=1 step=0 angle=314297 target=315352 err=1055 steer=528 m1=2423/124246 i1=354 t1=28 m2=-2344/-118443 i2=-246 t2=27 steerMode=2902/-36 iSteer=54339 driveMode=121345/124579 iDrive=300094 scale=0 wheel=353003
2026-07-07T15:12:25.608+00:00 VCP SET_TARGET_RX steer=315352 wheel=500000
2026-07-07T15:12:25.619+00:00 CAN id=101 dlc=8 data=d8cf040020a10700
2026-07-07T15:12:25.639+00:00 CAN id=101 dlc=8 data=d8cf040020a10700
2026-07-07T15:12:25.659+00:00 CAN id=101 dlc=8 data=d8cf040020a10700
2026-07-07T15:12:25.679+00:00 CAN id=101 dlc=8 data=d8cf040020a10700
2026-07-07T15:12:25.699+00:00 CAN id=101 dlc=8 data=d8cf040020a10700
2026-07-07T15:12:25.709+00:00 VCP run=1 step=0 angle=315088 target=315352 err=264 steer=0 m1=2492/127670 i1=131 t1=28 m2=-2478/-127670 i2=-487 t2=27 steerMode=0/1689 iSteer=-177621 driveMode=127670/129493 iDrive=308914 scale=0 wheel=371404
2026-07-07T15:12:25.719+00:00 CAN id=101 dlc=8 data=d8cf040020a10700
2026-07-07T15:12:25.739+00:00 CAN id=101 dlc=8 data=d8cf040020a10700
2026-07-07T15:12:25.759+00:00 CAN id=101 dlc=8 data=d8cf040020a10700
2026-07-07T15:12:25.779+00:00 CAN id=101 dlc=8 data=d8cf040020a10700
2026-07-07T15:12:25.799+00:00 CAN id=101 dlc=8 data=d8cf040020a10700
2026-07-07T15:12:25.813+00:00 VCP run=1 step=0 angle=314736 target=315352 err=616 steer=308 m1=2557/135689 i1=352 t1=28 m2=-2551/-132302 i2=-303 t2=27 steerMode=1693/-613 iSteer=24900 driveMode=133995/133836 iDrive=327530 scale=0 wheel=389805
2026-07-07T15:12:25.819+00:00 CAN id=101 dlc=8 data=d8cf040020a10700
2026-07-07T15:12:25.839+00:00 CAN id=101 dlc=8 data=d8cf040020a10700
2026-07-07T15:12:25.859+00:00 CAN id=101 dlc=8 data=d8cf040020a10700
2026-07-07T15:12:25.879+00:00 CAN id=101 dlc=8 data=d8cf040020a10700
2026-07-07T15:12:25.899+00:00 CAN id=101 dlc=8 data=d8cf040020a10700
2026-07-07T15:12:25.918+00:00 VCP run=1 step=0 angle=314912 target=315352 err=440 steer=0 m1=2689/140321 i1=224 t1=28 m2=-2696/-140321 i2=-430 t2=27 steerMode=0/282 iSteer=-102926 driveMode=140321/140194 iDrive=326681 scale=0 wheel=408206
2026-07-07T15:12:25.919+00:00 CAN id=101 dlc=8 data=d8cf040020a10700
2026-07-07T15:12:25.939+00:00 CAN id=101 dlc=8 data=d8cf040020a10700
2026-07-07T15:12:25.961+00:00 CAN id=101 dlc=8 data=d8cf040020a10700
2026-07-07T15:12:25.979+00:00 CAN id=101 dlc=8 data=d8cf040020a10700
2026-07-07T15:12:25.999+00:00 CAN id=101 dlc=8 data=d8cf040020a10700
2026-07-07T15:12:26.019+00:00 CAN id=101 dlc=8 data=d8cf040020a10700
2026-07-07T15:12:26.040+00:00 CAN id=101 dlc=8 data=d8cf040020a10700
2026-07-07T15:12:26.059+00:00 CAN id=101 dlc=8 data=d8cf040020a10700
2026-07-07T15:12:26.079+00:00 CAN id=101 dlc=8 data=d8cf040020a10700
2026-07-07T15:12:26.099+00:00 CAN id=101 dlc=8 data=d8cf040020a10700
2026-07-07T15:12:26.101+00:00 VCP run=1 step=0 angle=314912 target=315352 err=440 steer=0 m1=2804/146715 i1=264 t1=28 m2=-2819/-146715 i2=-378 t2=27 steerMode=0/-604 iSteer=-56948 driveMode=146715/147192 iDrive=320852 scale=0 wheel=426807
2026-07-07T15:12:26.101+00:00 VCP run=1 step=0 angle=314561 target=315352 err=791 steer=396 m1=3023/155285 i1=269 t1=28 m2=-2930/-150932 i2=-338 t2=27 steerMode=2177/1250 iSteer=-34599 driveMode=153109/155026 iDrive=303573 scale=0 wheel=445408
2026-07-07T15:12:26.119+00:00 CAN id=101 dlc=8 data=d8cf040020a10700
2026-07-07T15:12:26.139+00:00 CAN id=101 dlc=8 data=d8cf040020a10700
2026-07-07T15:12:26.159+00:00 CAN id=101 dlc=8 data=d8cf040020a10700
2026-07-07T15:12:26.180+00:00 CAN id=101 dlc=8 data=d8cf040020a10700
2026-07-07T15:12:26.199+00:00 CAN id=101 dlc=8 data=d8cf040020a10700
2026-07-07T15:12:26.206+00:00 VCP SET_TARGET_RX steer=315352 wheel=500000
2026-07-07T15:12:26.206+00:00 VCP run=1 step=0 angle=315000 target=315352 err=352 steer=0 m1=3069/159503 i1=227 t1=28 m2=-3091/-159503 i2=-392 t2=27 steerMode=0/11 iSteer=-82245 driveMode=159503/160554 iDrive=309310 scale=0 wheel=464009
2026-07-07T15:12:26.219+00:00 CAN id=101 dlc=8 data=d8cf040020a10700
2026-07-07T15:12:26.239+00:00 CAN id=101 dlc=8 data=d8cf040020a10700
2026-07-07T15:12:26.259+00:00 CAN id=101 dlc=8 data=d8cf040020a10700
2026-07-07T15:12:26.279+00:00 CAN id=101 dlc=8 data=d8cf040020a10700
2026-07-07T15:12:26.299+00:00 CAN id=101 dlc=8 data=d8cf040020a10700
2026-07-07T15:12:26.310+00:00 VCP run=1 step=0 angle=314912 target=315352 err=440 steer=164 m1=3197/166799 i1=267 t1=28 m2=-3123/-164996 i2=-383 t2=27 steerMode=901/499 iSteer=-58206 driveMode=165897/165284 iDrive=325263 scale=0 wheel=482610
2026-07-07T15:12:26.319+00:00 CAN id=101 dlc=8 data=d8cf040020a10700
2026-07-07T15:12:26.339+00:00 CAN id=101 dlc=8 data=d8cf040020a10700
2026-07-07T15:12:26.359+00:00 CAN id=101 dlc=8 data=d8cf040020a10700
2026-07-07T15:12:26.379+00:00 CAN id=101 dlc=8 data=d8cf040020a10700
2026-07-07T15:12:26.399+00:00 CAN id=101 dlc=8 data=d8cf040020a10700
2026-07-07T15:12:26.414+00:00 VCP run=1 step=0 angle=314912 target=315352 err=440 steer=0 m1=3306/171875 i1=301 t1=28 m2=-3376/-171875 i2=-308 t2=27 steerMode=0/-1484 iSteer=-3853 driveMode=171875/173320 iDrive=304629 scale=0 wheel=500000
2026-07-07T15:12:26.419+00:00 CAN id=101 dlc=8 data=d8cf040020a10700
2026-07-07T15:12:26.439+00:00 CAN id=101 dlc=8 data=d8cf040020a10700
2026-07-07T15:12:26.459+00:00 CAN id=101 dlc=8 data=d8cf040020a10700
2026-07-07T15:12:26.480+00:00 CAN id=101 dlc=8 data=d8cf040020a10700
2026-07-07T15:12:26.499+00:00 CAN id=101 dlc=8 data=d8cf040020a10700
2026-07-07T15:12:26.519+00:00 VCP run=1 step=0 angle=314824 target=315352 err=528 steer=264 m1=3442/173326 i1=129 t1=28 m2=-3328/-170424 i2=-370 t2=27 steerMode=1451/2399 iSteer=-120533 driveMode=171875/178037 iDrive=249321 scale=0 wheel=500000
2026-07-07T15:12:26.519+00:00 CAN id=101 dlc=8 data=d8cf040020a10700
2026-07-07T15:12:26.540+00:00 CAN id=101 dlc=8 data=d8cf040020a10700
2026-07-07T15:12:26.559+00:00 CAN id=101 dlc=8 data=d8cf040020a10700
2026-07-07T15:12:26.579+00:00 CAN id=101 dlc=8 data=d8cf040020a10700
2026-07-07T15:12:26.599+00:00 CAN id=101 dlc=8 data=d8cf040020a10700
2026-07-07T15:12:26.619+00:00 VCP run=1 step=0 angle=315176 target=315352 err=176 steer=0 m1=3398/171875 i1=194 t1=28 m2=-3430/-171875 i2=-244 t2=27 steerMode=0/-977 iSteer=-25015 driveMode=171875/179771 iDrive=218765 scale=0 wheel=500000
2026-07-07T15:12:26.619+00:00 VCP SET_TARGET_RX steer=315352 wheel=500000
2026-07-07T15:12:26.619+00:00 CAN id=101 dlc=8 data=d8cf040020a10700
2026-07-07T15:12:26.639+00:00 CAN id=101 dlc=8 data=d8cf040020a10700
2026-07-07T15:12:26.659+00:00 CAN id=101 dlc=8 data=d8cf040020a10700
2026-07-07T15:12:26.679+00:00 CAN id=101 dlc=8 data=d8cf040020a10700
2026-07-07T15:12:26.699+00:00 CAN id=101 dlc=8 data=d8cf040020a10700
2026-07-07T15:12:26.720+00:00 CAN id=101 dlc=8 data=d8cf040020a10700
2026-07-07T15:12:26.739+00:00 CAN id=101 dlc=8 data=d8cf040020a10700
2026-07-07T15:12:26.759+00:00 CAN id=101 dlc=8 data=d8cf040020a10700
2026-07-07T15:12:26.780+00:00 CAN id=101 dlc=8 data=d8cf040020a10700
2026-07-07T15:12:26.799+00:00 CAN id=101 dlc=8 data=d8cf040020a10700
2026-07-07T15:12:26.804+00:00 VCP run=1 step=0 angle=315000 target=315352 err=352 steer=0 m1=3423/171875 i1=129 t1=28 m2=-3483/-171875 i2=-257 t2=27 steerMode=0/-155 iSteer=-63597 driveMode=171875/180822 iDrive=192923 scale=0 wheel=500000
2026-07-07T15:12:26.805+00:00 VCP run=1 step=0 angle=314736 target=315352 err=616 steer=308 m1=3438/173568 i1=164 t1=28 m2=-3372/-170182 i2=-201 t2=27 steerMode=1693/707 iSteer=-18732 driveMode=171875/180223 iDrive=182364 scale=0 wheel=500000
2026-07-07T15:12:26.820+00:00 CAN id=101 dlc=8 data=d8cf040020a10700
2026-07-07T15:12:26.839+00:00 CAN id=101 dlc=8 data=d8cf040020a10700
2026-07-07T15:12:26.859+00:00 CAN id=101 dlc=8 data=d8cf040020a10700
2026-07-07T15:12:26.879+00:00 CAN id=101 dlc=8 data=d8cf040020a10700
2026-07-07T15:12:26.899+00:00 CAN id=101 dlc=8 data=d8cf040020a10700
2026-07-07T15:12:26.909+00:00 VCP run=1 step=0 angle=314912 target=315352 err=440 steer=0 m1=3387/171875 i1=138 t1=28 m2=-3405/-171875 i2=-232 t2=27 steerMode=0/-445 iSteer=-46904 driveMode=171875/178553 iDrive=185227 scale=0 wheel=500000
2026-07-07T15:12:26.919+00:00 CAN id=101 dlc=8 data=d8cf040020a10700
2026-07-07T15:12:26.939+00:00 CAN id=101 dlc=8 data=d8cf040020a10700
2026-07-07T15:12:26.960+00:00 CAN id=101 dlc=8 data=d8cf040020a10700
2026-07-07T15:12:26.979+00:00 CAN id=101 dlc=8 data=d8cf040020a10700
2026-07-07T15:12:27.000+00:00 CAN id=101 dlc=8 data=d8cf040020a10700
2026-07-07T15:12:27.013+00:00 VCP run=1 step=0 angle=314912 target=315352 err=440 steer=0 m1=3344/171875 i1=132 t1=28 m2=-3319/-171875 i2=-272 t2=27 steerMode=0/35 iSteer=-70172 driveMode=171875/175914 iDrive=202008 scale=0 wheel=500000
2026-07-07T15:12:27.019+00:00 CAN id=101 dlc=8 data=d8cf040020a10700
2026-07-07T15:12:27.040+00:00 CAN id=101 dlc=8 data=d8cf040020a10700
2026-07-07T15:12:27.059+00:00 CAN id=101 dlc=8 data=d8cf040020a10700
2026-07-07T15:12:27.079+00:00 CAN id=101 dlc=8 data=d8cf040020a10700
2026-07-07T15:12:27.099+00:00 CAN id=101 dlc=8 data=d8cf040020a10700
2026-07-07T15:12:27.114+00:00 VCP run=1 step=0 angle=314736 target=315352 err=616 steer=308 m1=3383/173568 i1=199 t1=28 m2=-3361/-170182 i2=-162 t2=27 steerMode=1693/39 iSteer=18458 driveMode=171875/177190 iDrive=180733 scale=0 wheel=500000
2026-07-07T15:12:27.114+00:00 VCP SET_TARGET_RX steer=315352 wheel=500000
2026-07-07T15:12:27.119+00:00 CAN id=101 dlc=8 data=d8cf040020a10700
2026-07-07T15:12:27.139+00:00 CAN id=101 dlc=8 data=d8cf040020a10700
2026-07-07T15:12:27.159+00:00 CAN id=101 dlc=8 data=d8cf040020a10700
2026-07-07T15:12:27.179+00:00 CAN id=101 dlc=8 data=d8cf040020a10700
2026-07-07T15:12:27.201+00:00 CAN id=101 dlc=8 data=d8cf040020a10700
2026-07-07T15:12:27.218+00:00 VCP run=1 step=0 angle=315264 target=315352 err=88 steer=0 m1=3337/171875 i1=84 t1=28 m2=-3349/-171875 i2=-294 t2=27 steerMode=0/800 iSteer=-105003 driveMode=171875/175512 iDrive=189031 scale=0 wheel=500000
2026-07-07T15:12:27.219+00:00 CAN id=101 dlc=8 data=d8cf040020a10700
2026-07-07T15:12:27.239+00:00 CAN id=101 dlc=8 data=d8cf040020a10700
2026-07-07T15:12:27.260+00:00 CAN id=101 dlc=8 data=d8cf040020a10700
2026-07-07T15:12:27.280+00:00 CAN id=101 dlc=8 data=d8cf040020a10700
2026-07-07T15:12:27.299+00:00 CAN id=101 dlc=8 data=d8cf040020a10700
2026-07-07T15:12:27.320+00:00 CAN id=101 dlc=8 data=d8cf040020a10700
2026-07-07T15:12:27.340+00:00 CAN id=101 dlc=8 data=d8cf040020a10700
2026-07-07T15:12:27.359+00:00 CAN id=101 dlc=8 data=d8cf040020a10700
2026-07-07T15:12:27.379+00:00 CAN id=101 dlc=8 data=d8cf040020a10700
2026-07-07T15:12:27.400+00:00 CAN id=101 dlc=8 data=d8cf040020a10700
2026-07-07T15:12:27.404+00:00 VCP run=1 step=0 angle=315264 target=315352 err=88 steer=0 m1=3297/171875 i1=144 t1=28 m2=-3267/-171875 i2=-269 t2=27 steerMode=0/-11 iSteer=-62584 driveMode=171875/173299 iDrive=206231 scale=0 wheel=500000
2026-07-07T15:12:27.405+00:00 VCP run=1 step=0 angle=314912 target=315352 err=440 steer=164 m1=3335/172776 i1=172 t1=28 m2=-3280/-170974 i2=-225 t2=27 steerMode=901/203 iSteer=-26344 driveMode=171875/173772 iDrive=198722 scale=0 wheel=500000
2026-07-07T15:12:27.420+00:00 CAN id=101 dlc=8 data=d8cf040020a10700
2026-07-07T15:12:27.440+00:00 CAN id=101 dlc=8 data=d8cf040020a10700
2026-07-07T15:12:27.459+00:00 CAN id=101 dlc=8 data=d8cf040020a10700
2026-07-07T15:12:27.479+00:00 CAN id=101 dlc=8 data=d8cf040020a10700
2026-07-07T15:12:27.499+00:00 CAN id=101 dlc=8 data=d8cf040020a10700
2026-07-07T15:12:27.509+00:00 VCP run=1 step=0 angle=314912 target=315352 err=440 steer=0 m1=3306/171875 i1=128 t1=28 m2=-3284/-171875 i2=-259 t2=27 steerMode=0/65 iSteer=-65452 driveMode=171875/173907 iDrive=193269 scale=0 wheel=500000
2026-07-07T15:12:27.519+00:00 CAN id=101 dlc=8 data=d8cf040020a10700
2026-07-07T15:12:27.539+00:00 CAN id=101 dlc=8 data=d8cf040020a10700
2026-07-07T15:12:27.559+00:00 CAN id=101 dlc=8 data=d8cf040020a10700
2026-07-07T15:12:27.580+00:00 CAN id=101 dlc=8 data=d8cf040020a10700
2026-07-07T15:12:27.599+00:00 CAN id=101 dlc=8 data=d8cf040020a10700
2026-07-07T15:12:27.610+00:00 VCP run=1 step=0 angle=314824 target=315352 err=528 steer=250 m1=3272/173250 i1=215 t1=28 m2=-3284/-170500 i2=-189 t2=27 steerMode=1375/-96 iSteer=12800 driveMode=171875/172768 iDrive=201969 scale=0 wheel=500000
2026-07-07T15:12:27.610+00:00 VCP SET_TARGET_RX steer=315352 wheel=500000
2026-07-07T15:12:27.619+00:00 CAN id=101 dlc=8 data=d8cf040020a10700
2026-07-07T15:12:27.639+00:00 CAN id=101 dlc=8 data=d8cf040020a10700
2026-07-07T15:12:27.659+00:00 CAN id=101 dlc=8 data=d8cf040020a10700
2026-07-07T15:12:27.680+00:00 CAN id=101 dlc=8 data=d8cf040020a10700
2026-07-07T15:12:27.699+00:00 CAN id=101 dlc=8 data=d8cf040020a10700
2026-07-07T15:12:27.714+00:00 VCP run=1 step=0 angle=315176 target=315352 err=176 steer=0 m1=3241/171875 i1=159 t1=28 m2=-3286/-171875 i2=-273 t2=27 steerMode=0/-85 iSteer=-57058 driveMode=171875/171341 iDrive=216417 scale=0 wheel=500000
2026-07-07T15:12:27.720+00:00 CAN id=101 dlc=8 data=d8cf040020a10700
2026-07-07T15:12:27.740+00:00 CAN id=101 dlc=8 data=d8cf040020a10700
2026-07-07T15:12:27.760+00:00 CAN id=101 dlc=8 data=d8cf040020a10700
2026-07-07T15:12:27.779+00:00 CAN id=101 dlc=8 data=d8cf040020a10700
2026-07-07T15:12:27.799+00:00 CAN id=101 dlc=8 data=d8cf040020a10700
2026-07-07T15:12:27.818+00:00 VCP run=1 step=0 angle=314824 target=315352 err=528 steer=200 m1=3310/172975 i1=219 t1=28 m2=-3305/-170775 i2=-173 t2=27 steerMode=1100/-539 iSteer=23022 driveMode=171875/173268 iDrive=196413 scale=0 wheel=500000
2026-07-07T15:12:27.819+00:00 CAN id=101 dlc=8 data=d8cf040020a10700
2026-07-07T15:12:27.839+00:00 CAN id=101 dlc=8 data=d8cf040020a10700
2026-07-07T15:12:27.859+00:00 CAN id=101 dlc=8 data=d8cf040020a10700
2026-07-07T15:12:27.879+00:00 CAN id=101 dlc=8 data=d8cf040020a10700
2026-07-07T15:12:27.899+00:00 CAN id=101 dlc=8 data=d8cf040020a10700
2026-07-07T15:12:27.919+00:00 CAN id=101 dlc=8 data=d8cf040020a10700
2026-07-07T15:12:27.939+00:00 CAN id=101 dlc=8 data=d8cf040020a10700
2026-07-07T15:12:27.959+00:00 CAN id=101 dlc=8 data=d8cf040020a10700
2026-07-07T15:12:27.979+00:00 CAN id=101 dlc=8 data=d8cf040020a10700
2026-07-07T15:12:27.999+00:00 CAN id=101 dlc=8 data=d8cf040020a10700
2026-07-07T15:12:28.004+00:00 VCP run=1 step=0 angle=315176 target=315352 err=176 steer=0 m1=3279/171875 i1=61 t1=28 m2=-3250/-171875 i2=-348 t2=27 steerMode=0/1714 iSteer=-143707 driveMode=171875/172236 iDrive=204663 scale=0 wheel=500000
2026-07-07T15:12:28.005+00:00 VCP run=1 step=0 angle=315000 target=315352 err=352 steer=0 m1=3264/171875 i1=177 t1=28 m2=-3267/-171875 i2=-249 t2=27 steerMode=0/-423 iSteer=-36269 driveMode=171875/171398 iDrive=212929 scale=0 wheel=500000
2026-07-07T15:12:28.019+00:00 CAN id=101 dlc=8 data=d8cf040020a10700
2026-07-07T15:12:28.039+00:00 CAN id=101 dlc=8 data=d8cf040020a10700
2026-07-07T15:12:28.059+00:00 CAN id=101 dlc=8 data=d8cf040020a10700
2026-07-07T15:12:28.079+00:00 CAN id=101 dlc=8 data=d8cf040020a10700
2026-07-07T15:12:28.099+00:00 CAN id=101 dlc=8 data=d8cf040020a10700
2026-07-07T15:12:28.106+00:00 VCP run=1 step=0 angle=314824 target=315352 err=528 steer=264 m1=3258/173326 i1=251 t1=28 m2=-3278/-170424 i2=-151 t2=27 steerMode=1451/-674 iSteer=50145 driveMode=171875/172598 iDrive=200919 scale=0 wheel=500000
2026-07-07T15:12:28.106+00:00 VCP SET_TARGET_RX steer=315352 wheel=500000
2026-07-07T15:12:28.119+00:00 CAN id=101 dlc=8 data=d8cf040020a10700
2026-07-07T15:12:28.140+00:00 CAN id=101 dlc=8 data=d8cf040020a10700
2026-07-07T15:12:28.159+00:00 CAN id=101 dlc=8 data=d8cf040020a10700
2026-07-07T15:12:28.179+00:00 CAN id=101 dlc=8 data=d8cf040020a10700
2026-07-07T15:12:28.199+00:00 CAN id=101 dlc=8 data=d8cf040020a10700
2026-07-07T15:12:28.209+00:00 VCP run=1 step=0 angle=314912 target=315352 err=440 steer=0 m1=3268/171875 i1=87 t1=28 m2=-3219/-171875 i2=-329 t2=27 steerMode=0/1301 iSteer=-120880 driveMode=171875/171777 iDrive=207897 scale=0 wheel=500000
2026-07-07T15:12:28.219+00:00 CAN id=101 dlc=8 data=d8cf040020a10700
2026-07-07T15:12:28.239+00:00 CAN id=101 dlc=8 data=d8cf040020a10700
2026-07-07T15:12:28.261+00:00 CAN id=101 dlc=8 data=d8cf040020a10700
2026-07-07T15:12:28.279+00:00 CAN id=101 dlc=8 data=d8cf040020a10700
2026-07-07T15:12:28.299+00:00 CAN id=101 dlc=8 data=d8cf040020a10700
2026-07-07T15:12:28.313+00:00 VCP run=1 step=0 angle=315000 target=315352 err=352 steer=0 m1=3245/171875 i1=203 t1=28 m2=-3269/-171875 i2=-220 t2=27 steerMode=0/-944 iSteer=-8349 driveMode=171875/171472 iDrive=211812 scale=0 wheel=500000
2026-07-07T15:12:28.319+00:00 CAN id=101 dlc=8 data=d8cf040020a10700
2026-07-07T15:12:28.340+00:00 CAN id=101 dlc=8 data=d8cf040020a10700
2026-07-07T15:12:28.359+00:00 CAN id=101 dlc=8 data=d8cf040020a10700
2026-07-07T15:12:28.379+00:00 CAN id=101 dlc=8 data=d8cf040020a10700
2026-07-07T15:12:28.399+00:00 CAN id=101 dlc=8 data=d8cf040020a10700
2026-07-07T15:12:28.418+00:00 VCP run=1 step=0 angle=315176 target=315352 err=176 steer=0 m1=3243/171875 i1=157 t1=28 m2=-3263/-171875 i2=-291 t2=27 steerMode=0/240 iSteer=-67042 driveMode=171875/170466 iDrive=224219 scale=0 wheel=500000
2026-07-07T15:12:28.419+00:00 CAN id=101 dlc=8 data=d8cf040020a10700
2026-07-07T15:12:28.440+00:00 CAN id=101 dlc=8 data=d8cf040020a10700
2026-07-07T15:12:28.459+00:00 CAN id=101 dlc=8 data=d8cf040020a10700
2026-07-07T15:12:28.480+00:00 CAN id=101 dlc=8 data=d8cf040020a10700
2026-07-07T15:12:28.500+00:00 CAN id=101 dlc=8 data=d8cf040020a10700
2026-07-07T15:12:28.519+00:00 CAN id=101 dlc=8 data=d8cf040020a10700
2026-07-07T15:12:28.541+00:00 CAN id=101 dlc=8 data=d8cf040020a10700
2026-07-07T15:12:28.562+00:00 CAN id=101 dlc=8 data=d8cf040020a10700
2026-07-07T15:12:28.579+00:00 CAN id=101 dlc=8 data=d8cf040020a10700
2026-07-07T15:12:28.599+00:00 CAN id=101 dlc=8 data=d8cf040020a10700
2026-07-07T15:12:28.602+00:00 VCP run=1 step=0 angle=315000 target=315352 err=352 steer=0 m1=3272/171875 i1=182 t1=28 m2=-3282/-171875 i2=-223 t2=27 steerMode=0/-659 iSteer=-20411 driveMode=171875/172674 iDrive=202358 scale=0 wheel=500000
2026-07-07T15:12:28.602+00:00 VCP run=1 step=0 angle=315176 target=315352 err=176 steer=0 m1=3268/171875 i1=64 t1=28 m2=-3246/-171875 i2=-350 t2=27 steerMode=0/1832 iSteer=-143309 driveMode=171875/172054 iDrive=207057 scale=0 wheel=500000
2026-07-07T15:12:28.619+00:00 CAN id=101 dlc=8 data=d8cf040020a10700
2026-07-07T15:12:28.639+00:00 CAN id=101 dlc=8 data=d8cf040020a10700
2026-07-07T15:12:28.659+00:00 CAN id=101 dlc=8 data=d8cf040020a10700
2026-07-07T15:12:28.679+00:00 CAN id=101 dlc=8 data=d8cf040020a10700
2026-07-07T15:12:28.699+00:00 CAN id=101 dlc=8 data=d8cf040020a10700
2026-07-07T15:12:28.705+00:00 VCP SET_TARGET_RX steer=315352 wheel=500000
2026-07-07T15:12:28.705+00:00 VCP run=1 step=0 angle=315176 target=315352 err=176 steer=0 m1=3241/171875 i1=183 t1=28 m2=-3244/-171875 i2=-262 t2=27 steerMode=0/-251 iSteer=-39522 driveMode=171875/170592 iDrive=222751 scale=0 wheel=500000
2026-07-07T15:12:28.719+00:00 CAN id=101 dlc=8 data=d8cf040020a10700
2026-07-07T15:12:28.739+00:00 CAN id=101 dlc=8 data=d8cf040020a10700
2026-07-07T15:12:28.759+00:00 CAN id=101 dlc=8 data=d8cf040020a10700
2026-07-07T15:12:28.779+00:00 CAN id=101 dlc=8 data=d8cf040020a10700
2026-07-07T15:12:28.799+00:00 CAN id=101 dlc=8 data=d8cf040020a10700
2026-07-07T15:12:28.809+00:00 VCP run=1 step=0 angle=314912 target=315352 err=440 steer=0 m1=3270/171875 i1=177 t1=28 m2=-3267/-171875 i2=-239 t2=27 steerMode=0/-406 iSteer=-30773 driveMode=171875/172202 iDrive=208128 scale=0 wheel=500000
2026-07-07T15:12:28.819+00:00 CAN id=101 dlc=8 data=d8cf040020a10700
2026-07-07T15:12:28.839+00:00 CAN id=101 dlc=8 data=d8cf040020a10700
2026-07-07T15:12:28.859+00:00 CAN id=101 dlc=8 data=d8cf040020a10700
2026-07-07T15:12:28.879+00:00 CAN id=101 dlc=8 data=d8cf040020a10700
2026-07-07T15:12:28.899+00:00 CAN id=101 dlc=8 data=d8cf040020a10700
2026-07-07T15:12:28.913+00:00 VCP run=1 step=0 angle=314912 target=315352 err=440 steer=100 m1=3274/172425 i1=138 t1=28 m2=-3257/-171325 i2=-272 t2=27 steerMode=550/874 iSteer=-66556 driveMode=171875/172389 iDrive=204975 scale=0 wheel=500000
2026-07-07T15:12:28.919+00:00 CAN id=101 dlc=8 data=d8cf040020a10700
2026-07-07T15:12:28.940+00:00 CAN id=101 dlc=8 data=d8cf040020a10700
2026-07-07T15:12:28.959+00:00 CAN id=101 dlc=8 data=d8cf040020a10700
2026-07-07T15:12:28.979+00:00 CAN id=101 dlc=8 data=d8cf040020a10700
2026-07-07T15:12:28.999+00:00 CAN id=101 dlc=8 data=d8cf040020a10700
2026-07-07T15:12:29.018+00:00 VCP run=1 step=0 angle=314912 target=315352 err=440 steer=0 m1=3270/171875 i1=189 t1=28 m2=-3271/-171875 i2=-227 t2=27 steerMode=0/-633 iSteer=-18834 driveMode=171875/172081 iDrive=207746 scale=0 wheel=500000
2026-07-07T15:12:29.019+00:00 CAN id=101 dlc=8 data=d8cf040020a10700
2026-07-07T15:12:29.039+00:00 CAN id=101 dlc=8 data=d8cf040020a10700
2026-07-07T15:12:29.059+00:00 CAN id=101 dlc=8 data=d8cf040020a10700
2026-07-07T15:12:29.079+00:00 CAN id=101 dlc=8 data=d8cf040020a10700
2026-07-07T15:12:29.099+00:00 CAN id=101 dlc=8 data=d8cf040020a10700
2026-07-07T15:12:29.119+00:00 CAN id=101 dlc=8 data=d8cf040020a10700
2026-07-07T15:12:29.120+00:00 VCP run=1 step=0 angle=315264 target=315352 err=88 steer=0 m1=3235/171875 i1=165 t1=28 m2=-3282/-171875 i2=-269 t2=27 steerMode=0/37 iSteer=-52087 driveMode=171875/171249 iDrive=216715 scale=0 wheel=500000
2026-07-07T15:12:29.120+00:00 VCP SET_TARGET_RX steer=315352 wheel=500000
2026-07-07T15:12:29.139+00:00 CAN id=101 dlc=8 data=d8cf040020a10700
2026-07-07T15:12:29.159+00:00 CAN id=101 dlc=8 data=d8cf040020a10700
2026-07-07T15:12:29.179+00:00 CAN id=101 dlc=8 data=d8cf040020a10700
2026-07-07T15:12:29.199+00:00 CAN id=101 dlc=8 data=d8cf040020a10700
2026-07-07T15:12:29.219+00:00 CAN id=101 dlc=8 data=d8cf040020a10700
2026-07-07T15:12:29.239+00:00 CAN id=101 dlc=8 data=d8cf040020a10700
2026-07-07T15:12:29.259+00:00 CAN id=101 dlc=8 data=d8cf040020a10700
2026-07-07T15:12:29.279+00:00 CAN id=101 dlc=8 data=d8cf040020a10700
2026-07-07T15:12:29.299+00:00 CAN id=101 dlc=8 data=d8cf040020a10700
2026-07-07T15:12:29.307+00:00 VCP run=1 step=0 angle=314736 target=315352 err=616 steer=308 m1=3304/173568 i1=221 t1=28 m2=-3284/-170182 i2=-178 t2=27 steerMode=1693/308 iSteer=21852 driveMode=171875/172922 iDrive=199519 scale=0 wheel=500000
2026-07-07T15:12:29.308+00:00 VCP run=1 step=0 angle=315000 target=315352 err=352 steer=0 m1=3268/171875 i1=149 t1=28 m2=-3273/-171875 i2=-254 t2=27 steerMode=0/49 iSteer=-52322 driveMode=171875/172553 iDrive=201220 scale=0 wheel=500000
2026-07-07T15:12:29.319+00:00 CAN id=101 dlc=8 data=d8cf040020a10700
2026-07-07T15:12:29.339+00:00 CAN id=101 dlc=8 data=d8cf040020a10700
2026-07-07T15:12:29.359+00:00 CAN id=101 dlc=8 data=d8cf040020a10700
2026-07-07T15:12:29.379+00:00 CAN id=101 dlc=8 data=d8cf040020a10700
2026-07-07T15:12:29.399+00:00 CAN id=101 dlc=8 data=d8cf040020a10700
2026-07-07T15:12:29.410+00:00 VCP run=1 step=0 angle=315176 target=315352 err=176 steer=0 m1=3254/171875 i1=150 t1=28 m2=-3242/-171875 i2=-280 t2=27 steerMode=0/319 iSteer=-65080 driveMode=171875/171182 iDrive=214672 scale=0 wheel=500000
2026-07-07T15:12:29.419+00:00 CAN id=101 dlc=8 data=d8cf040020a10700
2026-07-07T15:12:29.439+00:00 CAN id=101 dlc=8 data=d8cf040020a10700
2026-07-07T15:12:29.459+00:00 CAN id=101 dlc=8 data=d8cf040020a10700
2026-07-07T15:12:29.480+00:00 CAN id=101 dlc=8 data=d8cf040020a10700
2026-07-07T15:12:29.499+00:00 CAN id=101 dlc=8 data=d8cf040020a10700
2026-07-07T15:12:29.515+00:00 VCP run=1 step=0 angle=315000 target=315352 err=352 steer=0 m1=3262/171875 i1=188 t1=28 m2=-3296/-171875 i2=-211 t2=27 steerMode=0/-747 iSteer=-11418 driveMode=171875/172707 iDrive=199885 scale=0 wheel=500000
2026-07-07T15:12:29.519+00:00 CAN id=101 dlc=8 data=d8cf040020a10700
2026-07-07T15:12:29.539+00:00 CAN id=101 dlc=8 data=d8cf040020a10700
2026-07-07T15:12:29.559+00:00 CAN id=101 dlc=8 data=d8cf040020a10700
2026-07-07T15:12:29.579+00:00 CAN id=101 dlc=8 data=d8cf040020a10700
2026-07-07T15:12:29.599+00:00 BENCH step t=8.000s -> steer=315352mdeg wheel=-500000milli-rpm
2026-07-07T15:12:29.599+00:00 CAN id=101 dlc=8 data=d8cf0400e05ef8ff
2026-07-07T15:12:29.615+00:00 VCP run=1 step=0 angle=314824 target=315352 err=528 steer=264 m1=3300/173326 i1=150 t1=28 m2=-3225/-170424 i2=-249 t2=27 steerMode=1451/1496 iSteer=-49533 driveMode=171875/172493 iDrive=199836 scale=0 wheel=500000
2026-07-07T15:12:29.615+00:00 VCP SET_TARGET_RX steer=315352 wheel=-500000
2026-07-07T15:12:29.619+00:00 CAN id=101 dlc=8 data=d8cf0400e05ef8ff
2026-07-07T15:12:29.639+00:00 CAN id=101 dlc=8 data=d8cf0400e05ef8ff
2026-07-07T15:12:29.659+00:00 CAN id=101 dlc=8 data=d8cf0400e05ef8ff
2026-07-07T15:12:29.679+00:00 CAN id=101 dlc=8 data=d8cf0400e05ef8ff
2026-07-07T15:12:29.699+00:00 CAN id=101 dlc=8 data=d8cf0400e05ef8ff
2026-07-07T15:12:29.719+00:00 VCP run=1 step=0 angle=315439 target=315352 err=-87 steer=0 m1=3220/171600 i1=201 t1=28 m2=-3290/-171600 i2=-221 t2=27 steerMode=0/-797 iSteer=-9696 driveMode=171600/171152 iDrive=210857 scale=0 wheel=499200
2026-07-07T15:12:29.719+00:00 CAN id=101 dlc=8 data=d8cf0400e05ef8ff
2026-07-07T15:12:29.739+00:00 CAN id=101 dlc=8 data=d8cf0400e05ef8ff
2026-07-07T15:12:29.759+00:00 CAN id=101 dlc=8 data=d8cf0400e05ef8ff
2026-07-07T15:12:29.779+00:00 CAN id=101 dlc=8 data=d8cf0400e05ef8ff
2026-07-07T15:12:29.799+00:00 CAN id=101 dlc=8 data=d8cf0400e05ef8ff
2026-07-07T15:12:29.819+00:00 CAN id=101 dlc=8 data=d8cf0400e05ef8ff
2026-07-07T15:12:29.839+00:00 CAN id=101 dlc=8 data=d8cf0400e05ef8ff
2026-07-07T15:12:29.859+00:00 CAN id=101 dlc=8 data=d8cf0400e05ef8ff
2026-07-07T15:12:29.879+00:00 CAN id=101 dlc=8 data=d8cf0400e05ef8ff
2026-07-07T15:12:29.899+00:00 CAN id=101 dlc=8 data=d8cf0400e05ef8ff
2026-07-07T15:12:29.906+00:00 VCP run=1 step=0 angle=315264 target=315352 err=88 steer=0 m1=3228/165275 i1=105 t1=28 m2=-3206/-165275 i2=-209 t2=27 steerMode=0/65 iSteer=-51976 driveMode=165275/169787 iDrive=157129 scale=0 wheel=480799
2026-07-07T15:12:29.906+00:00 VCP run=1 step=0 angle=315088 target=315352 err=264 steer=0 m1=3170/158881 i1=73 t1=28 m2=-3179/-158881 i2=-147 t2=27 steerMode=0/-214 iSteer=-37032 driveMode=158881/167853 iDrive=110279 scale=0 wheel=462198
2026-07-07T15:12:29.919+00:00 CAN id=101 dlc=8 data=d8cf0400e05ef8ff
2026-07-07T15:12:29.940+00:00 CAN id=101 dlc=8 data=d8cf0400e05ef8ff
2026-07-07T15:12:29.959+00:00 CAN id=101 dlc=8 data=d8cf0400e05ef8ff
2026-07-07T15:12:29.979+00:00 CAN id=101 dlc=8 data=d8cf0400e05ef8ff
2026-07-07T15:12:29.999+00:00 CAN id=101 dlc=8 data=d8cf0400e05ef8ff
2026-07-07T15:12:30.010+00:00 VCP run=1 step=0 angle=314824 target=315352 err=528 steer=250 m1=3038/153861 i1=127 t1=28 m2=-3064/-151111 i2=-78 t2=27 steerMode=1375/-69 iSteer=24348 driveMode=152486/162268 iDrive=102186 scale=0 wheel=443597
2026-07-07T15:12:30.019+00:00 CAN id=101 dlc=8 data=d8cf0400e05ef8ff
2026-07-07T15:12:30.039+00:00 CAN id=101 dlc=8 data=d8cf0400e05ef8ff
2026-07-07T15:12:30.059+00:00 CAN id=101 dlc=8 data=d8cf0400e05ef8ff
2026-07-07T15:12:30.079+00:00 CAN id=101 dlc=8 data=d8cf0400e05ef8ff
2026-07-07T15:12:30.099+00:00 CAN id=101 dlc=8 data=d8cf0400e05ef8ff
2026-07-07T15:12:30.111+00:00 VCP run=1 step=0 angle=315088 target=315352 err=264 steer=0 m1=2908/146161 i1=48 t1=28 m2=-2918/-146161 i2=-181 t2=27 steerMode=0/371 iSteer=-66552 driveMode=146161/154679 iDrive=114823 scale=0 wheel=425196
2026-07-07T15:12:30.112+00:00 VCP SET_TARGET_RX steer=315352 wheel=-500000
2026-07-07T15:12:30.119+00:00 CAN id=101 dlc=8 data=d8cf0400e05ef8ff
2026-07-07T15:12:30.139+00:00 CAN id=101 dlc=8 data=d8cf0400e05ef8ff
2026-07-07T15:12:30.159+00:00 CAN id=101 dlc=8 data=d8cf0400e05ef8ff
2026-07-07T15:12:30.179+00:00 CAN id=101 dlc=8 data=d8cf0400e05ef8ff
2026-07-07T15:12:30.199+00:00 CAN id=101 dlc=8 data=d8cf0400e05ef8ff
2026-07-07T15:12:30.215+00:00 VCP run=1 step=0 angle=315264 target=315352 err=88 steer=0 m1=2783/139767 i1=111 t1=28 m2=-2869/-139767 i2=-104 t2=27 steerMode=0/-1036 iSteer=3578 driveMode=139767/149058 iDrive=107094 scale=0 wheel=406595
2026-07-07T15:12:30.219+00:00 CAN id=101 dlc=8 data=d8cf0400e05ef8ff
2026-07-07T15:12:30.239+00:00 CAN id=101 dlc=8 data=d8cf0400e05ef8ff
2026-07-07T15:12:30.259+00:00 CAN id=101 dlc=8 data=d8cf0400e05ef8ff
2026-07-07T15:12:30.279+00:00 CAN id=101 dlc=8 data=d8cf0400e05ef8ff
2026-07-07T15:12:30.299+00:00 CAN id=101 dlc=8 data=d8cf0400e05ef8ff
2026-07-07T15:12:30.319+00:00 CAN id=101 dlc=8 data=d8cf0400e05ef8ff
2026-07-07T15:12:30.320+00:00 VCP run=1 step=0 angle=315000 target=315352 err=352 steer=14 m1=2768/133518 i1=-31 t1=28 m2=-2677/-133365 i2=-220 t2=27 steerMode=76/1685 iSteer=-125504 driveMode=133442/144017 iDrive=94251 scale=0 wheel=388194
2026-07-07T15:12:30.339+00:00 CAN id=101 dlc=8 data=d8cf0400e05ef8ff
2026-07-07T15:12:30.359+00:00 CAN id=101 dlc=8 data=d8cf0400e05ef8ff
2026-07-07T15:12:30.379+00:00 CAN id=101 dlc=8 data=d8cf0400e05ef8ff
2026-07-07T15:12:30.399+00:00 CAN id=101 dlc=8 data=d8cf0400e05ef8ff
2026-07-07T15:12:30.419+00:00 CAN id=101 dlc=8 data=d8cf0400e05ef8ff
2026-07-07T15:12:30.439+00:00 CAN id=101 dlc=8 data=d8cf0400e05ef8ff
2026-07-07T15:12:30.459+00:00 CAN id=101 dlc=8 data=d8cf0400e05ef8ff
2026-07-07T15:12:30.479+00:00 CAN id=101 dlc=8 data=d8cf0400e05ef8ff
2026-07-07T15:12:30.499+00:00 CAN id=101 dlc=8 data=d8cf0400e05ef8ff
2026-07-07T15:12:30.507+00:00 VCP run=1 step=0 angle=315352 target=315352 err=0 steer=0 m1=2582/127116 i1=58 t1=28 m2=-2543/-127116 i2=-160 t2=27 steerMode=0/69 iSteer=-51265 driveMode=127116/136226 iDrive=108907 scale=0 wheel=369793
2026-07-07T15:12:30.507+00:00 VCP run=1 step=0 angle=315439 target=315352 err=-87 steer=0 m1=2437/120722 i1=81 t1=28 m2=-2415/-120722 i2=-137 t2=27 steerMode=0/-380 iSteer=-27934 driveMode=120722/129780 iDrive=109427 scale=0 wheel=351192
2026-07-07T15:12:30.519+00:00 CAN id=101 dlc=8 data=d8cf0400e05ef8ff
2026-07-07T15:12:30.539+00:00 CAN id=101 dlc=8 data=d8cf0400e05ef8ff
2026-07-07T15:12:30.559+00:00 CAN id=101 dlc=8 data=d8cf0400e05ef8ff
2026-07-07T15:12:30.579+00:00 CAN id=101 dlc=8 data=d8cf0400e05ef8ff
2026-07-07T15:12:30.599+00:00 CAN id=101 dlc=8 data=d8cf0400e05ef8ff
2026-07-07T15:12:30.608+00:00 VCP run=1 step=0 angle=315264 target=315352 err=88 steer=0 m1=2308/114328 i1=77 t1=28 m2=-2323/-114328 i2=-141 t2=27 steerMode=0/-308 iSteer=-31976 driveMode=114328/123390 iDrive=109381 scale=0 wheel=332591
2026-07-07T15:12:30.608+00:00 VCP SET_TARGET_RX steer=315352 wheel=-500000
2026-07-07T15:12:30.619+00:00 CAN id=101 dlc=8 data=d8cf0400e05ef8ff
2026-07-07T15:12:30.640+00:00 CAN id=101 dlc=8 data=d8cf0400e05ef8ff
2026-07-07T15:12:30.659+00:00 CAN id=101 dlc=8 data=d8cf0400e05ef8ff
2026-07-07T15:12:30.679+00:00 CAN id=101 dlc=8 data=d8cf0400e05ef8ff
2026-07-07T15:12:30.699+00:00 CAN id=101 dlc=8 data=d8cf0400e05ef8ff
2026-07-07T15:12:30.712+00:00 VCP run=1 step=0 angle=315176 target=315352 err=176 steer=0 m1=2228/107934 i1=74 t1=28 m2=-2227/-107934 i2=-114 t2=27 steerMode=0/-519 iSteer=-19936 driveMode=107934/118566 iDrive=93684 scale=0 wheel=313990
2026-07-07T15:12:30.719+00:00 CAN id=101 dlc=8 data=d8cf0400e05ef8ff
2026-07-07T15:12:30.739+00:00 CAN id=101 dlc=8 data=d8cf0400e05ef8ff
2026-07-07T15:12:30.759+00:00 CAN id=101 dlc=8 data=d8cf0400e05ef8ff
2026-07-07T15:12:30.779+00:00 CAN id=101 dlc=8 data=d8cf0400e05ef8ff
2026-07-07T15:12:30.799+00:00 CAN id=101 dlc=8 data=d8cf0400e05ef8ff
2026-07-07T15:12:30.816+00:00 VCP run=1 step=0 angle=315000 target=315352 err=352 steer=0 m1=2107/101609 i1=11 t1=28 m2=-2062/-101609 i2=-193 t2=27 steerMode=0/883 iSteer=-90797 driveMode=101609/111398 iDrive=102111 scale=0 wheel=295589
2026-07-07T15:12:30.819+00:00 CAN id=101 dlc=8 data=d8cf0400e05ef8ff
2026-07-07T15:12:30.839+00:00 CAN id=101 dlc=8 data=d8cf0400e05ef8ff
2026-07-07T15:12:30.859+00:00 CAN id=101 dlc=8 data=d8cf0400e05ef8ff
2026-07-07T15:12:30.879+00:00 CAN id=101 dlc=8 data=d8cf0400e05ef8ff
2026-07-07T15:12:30.899+00:00 CAN id=101 dlc=8 data=d8cf0400e05ef8ff
2026-07-07T15:12:30.919+00:00 CAN id=101 dlc=8 data=d8cf0400e05ef8ff
2026-07-07T15:12:30.940+00:00 CAN id=101 dlc=8 data=d8cf0400e05ef8ff
2026-07-07T15:12:30.959+00:00 CAN id=101 dlc=8 data=d8cf0400e05ef8ff
2026-07-07T15:12:30.979+00:00 CAN id=101 dlc=8 data=d8cf0400e05ef8ff
2026-07-07T15:12:30.999+00:00 CAN id=101 dlc=8 data=d8cf0400e05ef8ff
2026-07-07T15:12:31.004+00:00 VCP run=1 step=0 angle=315088 target=315352 err=264 steer=0 m1=1969/95215 i1=95 t1=28 m2=-1986/-95215 i2=-113 t2=27 steerMode=0/-748 iSteer=-8928 driveMode=95215/104811 iDrive=104039 scale=0 wheel=276988
2026-07-07T15:12:31.004+00:00 VCP run=1 step=0 angle=315000 target=315352 err=352 steer=0 m1=1866/88821 i1=3 t1=28 m2=-1781/-88821 i2=-219 t2=27 steerMode=0/1264 iSteer=-107556 driveMode=88821/97721 iDrive=111000 scale=0 wheel=258387
2026-07-07T15:12:31.019+00:00 CAN id=101 dlc=8 data=d8cf0400e05ef8ff
2026-07-07T15:12:31.039+00:00 CAN id=101 dlc=8 data=d8cf0400e05ef8ff
2026-07-07T15:12:31.059+00:00 CAN id=101 dlc=8 data=d8cf0400e05ef8ff
2026-07-07T15:12:31.079+00:00 CAN id=101 dlc=8 data=d8cf0400e05ef8ff
2026-07-07T15:12:31.099+00:00 CAN id=101 dlc=8 data=d8cf0400e05ef8ff
2026-07-07T15:12:31.106+00:00 VCP run=1 step=0 angle=315527 target=315352 err=-175 steer=0 m1=1686/82427 i1=71 t1=28 m2=-1668/-82427 i2=-191 t2=27 steerMode=0/272 iSteer=-59753 driveMode=82427/89330 iDrive=130970 scale=0 wheel=239787
2026-07-07T15:12:31.106+00:00 VCP SET_TARGET_RX steer=315352 wheel=-500000
2026-07-07T15:12:31.119+00:00 CAN id=101 dlc=8 data=d8cf0400e05ef8ff
2026-07-07T15:12:31.139+00:00 CAN id=101 dlc=8 data=d8cf0400e05ef8ff
2026-07-07T15:12:31.159+00:00 CAN id=101 dlc=8 data=d8cf0400e05ef8ff
2026-07-07T15:12:31.179+00:00 CAN id=101 dlc=8 data=d8cf0400e05ef8ff
2026-07-07T15:12:31.199+00:00 CAN id=101 dlc=8 data=d8cf0400e05ef8ff
2026-07-07T15:12:31.209+00:00 VCP run=1 step=0 angle=315527 target=315352 err=-175 steer=0 m1=1582/76033 i1=93 t1=28 m2=-1580/-76033 i2=-157 t2=27 steerMode=0/-304 iSteer=-31745 driveMode=76033/83537 iDrive=124959 scale=0 wheel=221188
2026-07-07T15:12:31.219+00:00 CAN id=101 dlc=8 data=d8cf0400e05ef8ff
2026-07-07T15:12:31.239+00:00 CAN id=101 dlc=8 data=d8cf0400e05ef8ff
2026-07-07T15:12:31.259+00:00 CAN id=101 dlc=8 data=d8cf0400e05ef8ff
2026-07-07T15:12:31.279+00:00 CAN id=101 dlc=8 data=d8cf0400e05ef8ff
2026-07-07T15:12:31.299+00:00 CAN id=101 dlc=8 data=d8cf0400e05ef8ff
2026-07-07T15:12:31.314+00:00 VCP run=1 step=0 angle=315352 target=315352 err=0 steer=0 m1=1494/69708 i1=75 t1=28 m2=-1530/-69708 i2=-124 t2=27 steerMode=0/-408 iSteer=-24811 driveMode=69708/79776 iDrive=99324 scale=0 wheel=202788
2026-07-07T15:12:31.319+00:00 CAN id=101 dlc=8 data=d8cf0400e05ef8ff
2026-07-07T15:12:31.339+00:00 CAN id=101 dlc=8 data=d8cf0400e05ef8ff
2026-07-07T15:12:31.359+00:00 CAN id=101 dlc=8 data=d8cf0400e05ef8ff
2026-07-07T15:12:31.379+00:00 CAN id=101 dlc=8 data=d8cf0400e05ef8ff
2026-07-07T15:12:31.399+00:00 CAN id=101 dlc=8 data=d8cf0400e05ef8ff
2026-07-07T15:12:31.419+00:00 VCP run=1 step=0 angle=315176 target=315352 err=176 steer=0 m1=1404/63315 i1=53 t1=28 m2=-1365/-63315 i2=-120 t2=27 steerMode=0/-218 iSteer=-33171 driveMode=63315/74653 iDrive=86611 scale=0 wheel=184188
2026-07-07T15:12:31.419+00:00 CAN id=101 dlc=8 data=d8cf0400e05ef8ff
2026-07-07T15:12:31.439+00:00 CAN id=101 dlc=8 data=d8cf0400e05ef8ff
2026-07-07T15:12:31.459+00:00 CAN id=101 dlc=8 data=d8cf0400e05ef8ff
2026-07-07T15:12:31.479+00:00 CAN id=101 dlc=8 data=d8cf0400e05ef8ff
2026-07-07T15:12:31.499+00:00 CAN id=101 dlc=8 data=d8cf0400e05ef8ff
2026-07-07T15:12:31.519+00:00 CAN id=101 dlc=8 data=d8cf0400e05ef8ff
2026-07-07T15:12:31.539+00:00 CAN id=101 dlc=8 data=d8cf0400e05ef8ff
2026-07-07T15:12:31.559+00:00 CAN id=101 dlc=8 data=d8cf0400e05ef8ff
2026-07-07T15:12:31.579+00:00 CAN id=101 dlc=8 data=d8cf0400e05ef8ff
2026-07-07T15:12:31.599+00:00 CAN id=101 dlc=8 data=d8cf0400e05ef8ff
2026-07-07T15:12:31.605+00:00 VCP run=1 step=0 angle=315088 target=315352 err=264 steer=0 m1=1259/56921 i1=34 t1=28 m2=-1227/-56921 i2=-159 t2=27 steerMode=0/348 iSteer=-62435 driveMode=56921/67249 iDrive=96723 scale=0 wheel=165588
2026-07-07T15:12:31.605+00:00 VCP run=1 step=0 angle=315088 target=315352 err=264 steer=0 m1=1071/50527 i1=71 t1=28 m2=-1097/-50527 i2=-161 t2=27 steerMode=0/-7 iSteer=-44745 driveMode=50527/58931 iDrive=115961 scale=0 wheel=146989
2026-07-07T15:12:31.605+00:00 VCP SET_TARGET_RX steer=315352 wheel=-500000
2026-07-07T15:12:31.619+00:00 CAN id=101 dlc=8 data=d8cf0400e05ef8ff
2026-07-07T15:12:31.640+00:00 CAN id=101 dlc=8 data=d8cf0400e05ef8ff
2026-07-07T15:12:31.659+00:00 CAN id=101 dlc=8 data=d8cf0400e05ef8ff
2026-07-07T15:12:31.679+00:00 CAN id=101 dlc=8 data=d8cf0400e05ef8ff
2026-07-07T15:12:31.699+00:00 CAN id=101 dlc=8 data=d8cf0400e05ef8ff
2026-07-07T15:12:31.708+00:00 VCP run=1 step=0 angle=315088 target=315352 err=264 steer=0 m1=979/44134 i1=74 t1=28 m2=-978/-44134 i2=-158 t2=27 steerMode=0/-45 iSteer=-42088 driveMode=44134/52527 iDrive=116062 scale=0 wheel=128389
2026-07-07T15:12:31.719+00:00 CAN id=101 dlc=8 data=d8cf0400e05ef8ff
2026-07-07T15:12:31.739+00:00 CAN id=101 dlc=8 data=d8cf0400e05ef8ff
2026-07-07T15:12:31.759+00:00 CAN id=101 dlc=8 data=d8cf0400e05ef8ff
2026-07-07T15:12:31.779+00:00 CAN id=101 dlc=8 data=d8cf0400e05ef8ff
2026-07-07T15:12:31.799+00:00 CAN id=101 dlc=8 data=d8cf0400e05ef8ff
2026-07-07T15:12:31.813+00:00 VCP run=1 step=0 angle=315088 target=315352 err=264 steer=0 m1=834/37809 i1=80 t1=28 m2=-821/-37809 i2=-156 t2=27 steerMode=0/-120 iSteer=-38038 driveMode=37809/45966 iDrive=118432 scale=0 wheel=109989
2026-07-07T15:12:31.819+00:00 CAN id=101 dlc=8 data=d8cf0400e05ef8ff
2026-07-07T15:12:31.839+00:00 CAN id=101 dlc=8 data=d8cf0400e05ef8ff
2026-07-07T15:12:31.859+00:00 CAN id=101 dlc=8 data=d8cf0400e05ef8ff
2026-07-07T15:12:31.879+00:00 CAN id=101 dlc=8 data=d8cf0400e05ef8ff
2026-07-07T15:12:31.900+00:00 CAN id=101 dlc=8 data=d8cf0400e05ef8ff
2026-07-07T15:12:31.918+00:00 VCP run=1 step=0 angle=315088 target=315352 err=264 steer=0 m1=713/31415 i1=84 t1=28 m2=-789/-31415 i2=-149 t2=27 steerMode=0/-222 iSteer=-32666 driveMode=31415/39777 iDrive=116378 scale=0 wheel=91389
2026-07-07T15:12:31.919+00:00 CAN id=101 dlc=8 data=d8cf0400e05ef8ff
2026-07-07T15:12:31.939+00:00 CAN id=101 dlc=8 data=d8cf0400e05ef8ff
2026-07-07T15:12:31.959+00:00 CAN id=101 dlc=8 data=d8cf0400e05ef8ff
2026-07-07T15:12:31.979+00:00 CAN id=101 dlc=8 data=d8cf0400e05ef8ff
2026-07-07T15:12:31.999+00:00 CAN id=101 dlc=8 data=d8cf0400e05ef8ff
2026-07-07T15:12:32.019+00:00 CAN id=101 dlc=8 data=d8cf0400e05ef8ff
2026-07-07T15:12:32.039+00:00 CAN id=101 dlc=8 data=d8cf0400e05ef8ff
2026-07-07T15:12:32.059+00:00 CAN id=101 dlc=8 data=d8cf0400e05ef8ff
2026-07-07T15:12:32.079+00:00 CAN id=101 dlc=8 data=d8cf0400e05ef8ff
2026-07-07T15:12:32.099+00:00 CAN id=101 dlc=8 data=d8cf0400e05ef8ff
2026-07-07T15:12:32.104+00:00 VCP run=1 step=0 angle=315176 target=315352 err=176 steer=0 m1=604/25021 i1=50 t1=28 m2=-553/-25021 i2=-208 t2=27 steerMode=0/693 iSteer=-78854 driveMode=25021/32130 iDrive=128918 scale=0 wheel=72790
2026-07-07T15:12:32.104+00:00 VCP run=1 step=0 angle=315352 target=315352 err=0 steer=0 m1=481/18628 i1=80 t1=28 m2=-457/-18628 i2=-182 t2=27 steerMode=0/126 iSteer=-50977 driveMode=18628/25504 iDrive=131241 scale=0 wheel=54190
2026-07-07T15:12:32.104+00:00 VCP SET_TARGET_RX steer=315352 wheel=-500000
2026-07-07T15:12:32.119+00:00 CAN id=101 dlc=8 data=d8cf0400e05ef8ff
2026-07-07T15:12:32.139+00:00 CAN id=101 dlc=8 data=d8cf0400e05ef8ff
2026-07-07T15:12:32.159+00:00 CAN id=101 dlc=8 data=d8cf0400e05ef8ff
2026-07-07T15:12:32.179+00:00 CAN id=101 dlc=8 data=d8cf0400e05ef8ff
2026-07-07T15:12:32.199+00:00 CAN id=101 dlc=8 data=d8cf0400e05ef8ff
2026-07-07T15:12:32.209+00:00 VCP run=1 step=0 angle=315264 target=315352 err=88 steer=0 m1=368/12096 i1=90 t1=28 m2=-388/-12096 i2=-140 t2=27 steerMode=0/-383 iSteer=-25215 driveMode=12096/20599 iDrive=114974 scale=0 wheel=35190
2026-07-07T15:12:32.219+00:00 CAN id=101 dlc=8 data=d8cf0400e05ef8ff
2026-07-07T15:12:32.239+00:00 CAN id=101 dlc=8 data=d8cf0400e05ef8ff
2026-07-07T15:12:32.259+00:00 CAN id=101 dlc=8 data=d8cf0400e05ef8ff
2026-07-07T15:12:32.279+00:00 CAN id=101 dlc=8 data=d8cf0400e05ef8ff
2026-07-07T15:12:32.299+00:00 CAN id=101 dlc=8 data=d8cf0400e05ef8ff
2026-07-07T15:12:32.314+00:00 VCP run=1 step=0 angle=315176 target=315352 err=176 steer=0 m1=276/5703 i1=78 t1=28 m2=-279/-5703 i2=-103 t2=27 steerMode=0/-624 iSteer=-12424 driveMode=5703/16656 iDrive=90469 scale=0 wheel=16589
2026-07-07T15:12:32.319+00:00 CAN id=101 dlc=8 data=d8cf0400e05ef8ff
2026-07-07T15:12:32.339+00:00 CAN id=101 dlc=8 data=d8cf0400e05ef8ff
2026-07-07T15:12:32.359+00:00 CAN id=101 dlc=8 data=d8cf0400e05ef8ff
2026-07-07T15:12:32.379+00:00 CAN id=101 dlc=8 data=d8cf0400e05ef8ff
2026-07-07T15:12:32.399+00:00 CAN id=101 dlc=8 data=d8cf0400e05ef8ff
2026-07-07T15:12:32.419+00:00 VCP run=1 step=0 angle=315000 target=315352 err=352 steer=0 m1=146/-760 i1=-336 t1=28 m2=-216/760 i2=315 t2=27 steerMode=0/-643 iSteer=-10723 driveMode=-760/11516 iDrive=-325437 scale=0 wheel=-2211
2026-07-07T15:12:32.419+00:00 CAN id=101 dlc=8 data=d8cf0400e05ef8ff
2026-07-07T15:12:32.439+00:00 CAN id=101 dlc=8 data=d8cf0400e05ef8ff
2026-07-07T15:12:32.459+00:00 CAN id=101 dlc=8 data=d8cf0400e05ef8ff
2026-07-07T15:12:32.479+00:00 CAN id=101 dlc=8 data=d8cf0400e05ef8ff
2026-07-07T15:12:32.499+00:00 CAN id=101 dlc=8 data=d8cf0400e05ef8ff
2026-07-07T15:12:32.519+00:00 CAN id=101 dlc=8 data=d8cf0400e05ef8ff
2026-07-07T15:12:32.539+00:00 CAN id=101 dlc=8 data=d8cf0400e05ef8ff
2026-07-07T15:12:32.559+00:00 CAN id=101 dlc=8 data=d8cf0400e05ef8ff
2026-07-07T15:12:32.580+00:00 CAN id=101 dlc=8 data=d8cf0400e05ef8ff
2026-07-07T15:12:32.600+00:00 CAN id=101 dlc=8 data=d8cf0400e05ef8ff
2026-07-07T15:12:32.603+00:00 VCP run=1 step=0 angle=315088 target=315352 err=264 steer=0 m1=-5/-7222 i1=-373 t1=28 m2=69/7222 i2=170 t2=27 steerMode=0/1168 iSteer=-101745 driveMode=-7222/-1688 iDrive=-271341 scale=0 wheel=-21011
2026-07-07T15:12:32.604+00:00 VCP run=1 step=0 angle=315879 target=315352 err=-527 steer=-100 m1=-5/-14166 i1=-526 t1=28 m2=33/13066 i2=167 t2=27 steerMode=-550/2072 iSteer=-179505 driveMode=-13616/-2151 iDrive=-346492 scale=0 wheel=-39611
2026-07-07T15:12:32.619+00:00 CAN id=101 dlc=8 data=d8cf0400e05ef8ff
2026-07-07T15:12:32.640+00:00 CAN id=101 dlc=8 data=d8cf0400e05ef8ff
2026-07-07T15:12:32.659+00:00 CAN id=101 dlc=8 data=d8cf0400e05ef8ff
2026-07-07T15:12:32.679+00:00 CAN id=101 dlc=8 data=d8cf0400e05ef8ff
2026-07-07T15:12:32.699+00:00 CAN id=101 dlc=8 data=d8cf0400e05ef8ff
2026-07-07T15:12:32.707+00:00 VCP SET_TARGET_RX steer=315352 wheel=-500000
2026-07-07T15:12:32.707+00:00 VCP run=1 step=0 angle=316230 target=315352 err=-878 steer=-439 m1=0/-22426 i1=-639 t1=28 m2=20/17594 i2=283 t2=27 steerMode=-2416/-3 iSteer=-177779 driveMode=-20010/-36 iDrive=-460878 scale=0 wheel=-58211
2026-07-07T15:12:32.719+00:00 CAN id=101 dlc=8 data=d8cf0400e05ef8ff
2026-07-07T15:12:32.739+00:00 CAN id=101 dlc=8 data=d8cf0400e05ef8ff
2026-07-07T15:12:32.759+00:00 CAN id=101 dlc=8 data=d8cf0400e05ef8ff
2026-07-07T15:12:32.779+00:00 CAN id=101 dlc=8 data=d8cf0400e05ef8ff
2026-07-07T15:12:32.799+00:00 CAN id=101 dlc=8 data=d8cf0400e05ef8ff
2026-07-07T15:12:32.812+00:00 VCP run=1 step=0 angle=316230 target=315352 err=-878 steer=-439 m1=0/-28751 i1=-750 t1=28 m2=0/23919 i2=384 t2=27 steerMode=-2416/-33 iSteer=-182985 driveMode=-26335/-31 iDrive=-566854 scale=0 wheel=-76611
2026-07-07T15:12:32.819+00:00 CAN id=101 dlc=8 data=d8cf0400e05ef8ff
2026-07-07T15:12:32.839+00:00 CAN id=101 dlc=8 data=d8cf0400e05ef8ff
2026-07-07T15:12:32.859+00:00 CAN id=101 dlc=8 data=d8cf0400e05ef8ff
2026-07-07T15:12:32.879+00:00 CAN id=101 dlc=8 data=d8cf0400e05ef8ff
2026-07-07T15:12:32.899+00:00 CAN id=101 dlc=8 data=d8cf0400e05ef8ff
2026-07-07T15:12:32.917+00:00 VCP run=1 step=0 angle=316230 target=315352 err=-878 steer=-439 m1=-3/-35144 i1=-875 t1=28 m2=0/30313 i2=496 t2=27 steerMode=-2416/-41 iSteer=-189290 driveMode=-32729/-43 iDrive=-685668 scale=0 wheel=-95210
2026-07-07T15:12:32.919+00:00 CAN id=101 dlc=8 data=d8cf0400e05ef8ff
2026-07-07T15:12:32.939+00:00 CAN id=101 dlc=8 data=d8cf0400e05ef8ff
2026-07-07T15:12:32.959+00:00 CAN id=101 dlc=8 data=d8cf0400e05ef8ff
2026-07-07T15:12:32.980+00:00 CAN id=101 dlc=8 data=d8cf0400e05ef8ff
2026-07-07T15:12:32.999+00:00 CAN id=101 dlc=8 data=d8cf0400e05ef8ff
2026-07-07T15:12:33.019+00:00 CAN id=101 dlc=8 data=d8cf0400e05ef8ff
2026-07-07T15:12:33.020+00:00 VCP run=1 step=0 angle=316230 target=315352 err=-878 steer=-439 m1=-162/-41538 i1=-928 t1=28 m2=2/36706 i2=676 t2=27 steerMode=-2416/-1435 iSteer=-125830 driveMode=-39122/-1489 iDrive=-801733 scale=0 wheel=-113810
2026-07-07T15:12:33.039+00:00 CAN id=101 dlc=8 data=d8cf0400e05ef8ff
2026-07-07T15:12:33.059+00:00 CAN id=101 dlc=8 data=d8cf0400e05ef8ff
2026-07-07T15:12:33.079+00:00 CAN id=101 dlc=8 data=d8cf0400e05ef8ff
2026-07-07T15:12:33.099+00:00 CAN id=101 dlc=8 data=d8cf0400e05ef8ff
2026-07-07T15:12:33.119+00:00 CAN id=101 dlc=8 data=d8cf0400e05ef8ff
2026-07-07T15:12:33.124+00:00 VCP run=1 step=0 angle=314033 target=315352 err=1319 steer=659 m1=-505/-41820 i1=-369 t1=28 m2=558/49074 i2=975 t2=27 steerMode=3627/-3544 iSteer=302860 driveMode=-45447/-22595 iDrive=-672131 scale=0 wheel=-132210
2026-07-07T15:12:33.124+00:00 VCP run=1 step=0 angle=315439 target=315352 err=-87 steer=0 m1=-1007/-51772 i1=-622 t1=28 m2=979/51772 i2=399 t2=27 steerMode=0/1103 iSteer=-111821 driveMode=-51772/-47381 iDrive=-510360 scale=0 wheel=-150610
2026-07-07T15:12:33.139+00:00 CAN id=101 dlc=8 data=d8cf0400e05ef8ff
2026-07-07T15:12:33.159+00:00 CAN id=101 dlc=8 data=d8cf0400e05ef8ff
2026-07-07T15:12:33.179+00:00 CAN id=101 dlc=8 data=d8cf0400e05ef8ff
2026-07-07T15:12:33.200+00:00 CAN id=101 dlc=8 data=d8cf0400e05ef8ff
2026-07-07T15:12:33.219+00:00 CAN id=101 dlc=8 data=d8cf0400e05ef8ff
2026-07-07T15:12:33.239+00:00 CAN id=101 dlc=8 data=d8cf0400e05ef8ff
2026-07-07T15:12:33.259+00:00 CAN id=101 dlc=8 data=d8cf0400e05ef8ff
2026-07-07T15:12:33.279+00:00 CAN id=101 dlc=8 data=d8cf0400e05ef8ff
2026-07-07T15:12:33.299+00:00 CAN id=101 dlc=8 data=d8cf0400e05ef8ff
2026-07-07T15:12:33.307+00:00 VCP SET_TARGET_RX steer=315352 wheel=-500000
2026-07-07T15:12:33.307+00:00 VCP run=1 step=0 angle=314385 target=315352 err=967 steer=484 m1=-1227/-55506 i1=-290 t1=28 m2=1209/60826 i2=559 t2=27 steerMode=2660/-981 iSteer=134750 driveMode=-58166/-62291 iDrive=-424624 scale=0 wheel=-169209
2026-07-07T15:12:33.319+00:00 CAN id=101 dlc=8 data=d8cf0400e05ef8ff
2026-07-07T15:12:33.339+00:00 CAN id=101 dlc=8 data=d8cf0400e05ef8ff
2026-07-07T15:12:33.359+00:00 CAN id=101 dlc=8 data=d8cf0400e05ef8ff
2026-07-07T15:12:33.380+00:00 CAN id=101 dlc=8 data=d8cf0400e05ef8ff
2026-07-07T15:12:33.399+00:00 CAN id=101 dlc=8 data=d8cf0400e05ef8ff
2026-07-07T15:12:33.411+00:00 VCP run=1 step=0 angle=314561 target=315352 err=791 steer=396 m1=-1444/-62314 i1=-363 t1=28 m2=1420/66667 i2=356 t2=27 steerMode=2177/1353 iSteer=-3328 driveMode=-64491/-73788 iDrive=-359755 scale=0 wheel=-187609
2026-07-07T15:12:33.419+00:00 CAN id=101 dlc=8 data=d8cf0400e05ef8ff
2026-07-07T15:12:33.439+00:00 CAN id=101 dlc=8 data=d8cf0400e05ef8ff
2026-07-07T15:12:33.459+00:00 CAN id=101 dlc=8 data=d8cf0400e05ef8ff
2026-07-07T15:12:33.479+00:00 CAN id=101 dlc=8 data=d8cf0400e05ef8ff
2026-07-07T15:12:33.499+00:00 CAN id=101 dlc=8 data=d8cf0400e05ef8ff
2026-07-07T15:12:33.515+00:00 VCP run=1 step=0 angle=314912 target=315352 err=440 steer=0 m1=-1606/-70816 i1=-340 t1=28 m2=1594/70816 i2=295 t2=27 steerMode=0/-389 iSteer=-22264 driveMode=-70816/-82389 iDrive=-317397 scale=0 wheel=-206009
2026-07-07T15:12:33.519+00:00 CAN id=101 dlc=8 data=d8cf0400e05ef8ff
2026-07-07T15:12:33.539+00:00 CAN id=101 dlc=8 data=d8cf0400e05ef8ff
2026-07-07T15:12:33.559+00:00 CAN id=101 dlc=8 data=d8cf0400e05ef8ff
2026-07-07T15:12:33.579+00:00 CAN id=101 dlc=8 data=d8cf0400e05ef8ff
2026-07-07T15:12:33.600+00:00 CAN id=101 dlc=8 data=d8cf0400e05ef8ff
2026-07-07T15:12:33.619+00:00 VCP run=1 step=0 angle=314561 target=315352 err=791 steer=396 m1=-1687/-75033 i1=-202 t1=28 m2=1722/79386 i2=402 t2=27 steerMode=2177/-534 iSteer=99825 driveMode=-77209/-88211 iDrive=-301737 scale=0 wheel=-224609
2026-07-07T15:12:33.619+00:00 CAN id=101 dlc=8 data=d8cf0400e05ef8ff
2026-07-07T15:12:33.640+00:00 CAN id=101 dlc=8 data=d8cf0400e05ef8ff
2026-07-07T15:12:33.659+00:00 CAN id=101 dlc=8 data=d8cf0400e05ef8ff
2026-07-07T15:12:33.679+00:00 CAN id=101 dlc=8 data=d8cf0400e05ef8ff
2026-07-07T15:12:33.699+00:00 CAN id=101 dlc=8 data=d8cf0400e05ef8ff
2026-07-07T15:12:33.719+00:00 CAN id=101 dlc=8 data=d8cf0400e05ef8ff
2026-07-07T15:12:33.720+00:00 VCP run=1 step=0 angle=314912 target=315352 err=440 steer=0 m1=-1802/-83534 i1=-355 t1=28 m2=1814/83534 i2=218 t2=27 steerMode=0/710 iSteer=-68855 driveMode=-83534/-94088 iDrive=-286601 scale=0 wheel=-243008
2026-07-07T15:12:33.720+00:00 VCP SET_TARGET_RX steer=315352 wheel=-500000
2026-07-07T15:12:33.739+00:00 CAN id=101 dlc=8 data=d8cf0400e05ef8ff
2026-07-07T15:12:33.759+00:00 CAN id=101 dlc=8 data=d8cf0400e05ef8ff
2026-07-07T15:12:33.779+00:00 CAN id=101 dlc=8 data=d8cf0400e05ef8ff
2026-07-07T15:12:33.799+00:00 CAN id=101 dlc=8 data=d8cf0400e05ef8ff
2026-07-07T15:12:33.819+00:00 CAN id=101 dlc=8 data=d8cf0400e05ef8ff
2026-07-07T15:12:33.839+00:00 CAN id=101 dlc=8 data=d8cf0400e05ef8ff
2026-07-07T15:12:33.859+00:00 CAN id=101 dlc=8 data=d8cf0400e05ef8ff
2026-07-07T15:12:33.879+00:00 CAN id=101 dlc=8 data=d8cf0400e05ef8ff
2026-07-07T15:12:33.899+00:00 CAN id=101 dlc=8 data=d8cf0400e05ef8ff
2026-07-07T15:12:33.906+00:00 VCP run=1 step=0 angle=314912 target=315352 err=440 steer=0 m1=-1963/-89928 i1=-227 t1=28 m2=1883/89928 i2=307 t2=27 steerMode=0/-1422 iSteer=40094 driveMode=-89928/-100429 iDrive=-267204 scale=0 wheel=-261608
2026-07-07T15:12:33.906+00:00 VCP run=1 step=0 angle=315000 target=315352 err=352 steer=0 m1=-1997/-96322 i1=-325 t1=28 m2=2029/96322 i2=212 t2=27 steerMode=0/607 iSteer=-56462 driveMode=-96322/-104952 iDrive=-268201 scale=0 wheel=-280209
2026-07-07T15:12:33.919+00:00 CAN id=101 dlc=8 data=d8cf0400e05ef8ff
2026-07-07T15:12:33.939+00:00 CAN id=101 dlc=8 data=d8cf0400e05ef8ff
2026-07-07T15:12:33.959+00:00 CAN id=101 dlc=8 data=d8cf0400e05ef8ff
2026-07-07T15:12:33.979+00:00 CAN id=101 dlc=8 data=d8cf0400e05ef8ff
2026-07-07T15:12:33.999+00:00 CAN id=101 dlc=8 data=d8cf0400e05ef8ff
2026-07-07T15:12:34.009+00:00 VCP run=1 step=0 angle=314297 target=315352 err=1055 steer=528 m1=-2035/-99814 i1=-165 t1=28 m2=2082/105618 i2=426 t2=27 steerMode=2902/-102 iSteer=130700 driveMode=-102716/-107444 iDrive=-295380 scale=0 wheel=-298811
2026-07-07T15:12:34.019+00:00 CAN id=101 dlc=8 data=d8cf0400e05ef8ff
2026-07-07T15:12:34.040+00:00 CAN id=101 dlc=8 data=d8cf0400e05ef8ff
2026-07-07T15:12:34.059+00:00 CAN id=101 dlc=8 data=d8cf0400e05ef8ff
2026-07-07T15:12:34.079+00:00 CAN id=101 dlc=8 data=d8cf0400e05ef8ff
2026-07-07T15:12:34.099+00:00 CAN id=101 dlc=8 data=d8cf0400e05ef8ff
2026-07-07T15:12:34.113+00:00 VCP run=1 step=0 angle=314824 target=315352 err=528 steer=264 m1=-2143/-107590 i1=-342 t1=28 m2=2197/110493 i2=247 t2=27 steerMode=1451/2028 iSteer=-47343 driveMode=-109041/-113062 iDrive=-294718 scale=0 wheel=-317212
2026-07-07T15:12:34.119+00:00 CAN id=101 dlc=8 data=d8cf0400e05ef8ff
2026-07-07T15:12:34.139+00:00 CAN id=101 dlc=8 data=d8cf0400e05ef8ff
2026-07-07T15:12:34.159+00:00 CAN id=101 dlc=8 data=d8cf0400e05ef8ff
2026-07-07T15:12:34.179+00:00 CAN id=101 dlc=8 data=d8cf0400e05ef8ff
2026-07-07T15:12:34.199+00:00 CAN id=101 dlc=8 data=d8cf0400e05ef8ff
2026-07-07T15:12:34.213+00:00 VCP run=1 step=0 angle=315088 target=315352 err=264 steer=0 m1=-2325/-115367 i1=-212 t1=28 m2=2268/115367 i2=361 t2=27 steerMode=0/-1842 iSteer=74354 driveMode=-115367/-119428 iDrive=-286557 scale=0 wheel=-335613
2026-07-07T15:12:34.213+00:00 VCP SET_TARGET_RX steer=315352 wheel=-500000
2026-07-07T15:12:34.219+00:00 CAN id=101 dlc=8 data=d8cf0400e05ef8ff
2026-07-07T15:12:34.239+00:00 CAN id=101 dlc=8 data=d8cf0400e05ef8ff
2026-07-07T15:12:34.259+00:00 CAN id=101 dlc=8 data=d8cf0400e05ef8ff
2026-07-07T15:12:34.279+00:00 CAN id=101 dlc=8 data=d8cf0400e05ef8ff
2026-07-07T15:12:34.299+00:00 CAN id=101 dlc=8 data=d8cf0400e05ef8ff
2026-07-07T15:12:34.317+00:00 VCP run=1 step=0 angle=315088 target=315352 err=264 steer=0 m1=-2413/-121692 i1=-256 t1=28 m2=2360/121692 i2=318 t2=27 steerMode=0/-904 iSteer=31154 driveMode=-121692/-125047 iDrive=-286863 scale=0 wheel=-354013
2026-07-07T15:12:34.319+00:00 CAN id=101 dlc=8 data=d8cf0400e05ef8ff
2026-07-07T15:12:34.339+00:00 CAN id=101 dlc=8 data=d8cf0400e05ef8ff
2026-07-07T15:12:34.359+00:00 CAN id=101 dlc=8 data=d8cf0400e05ef8ff
2026-07-07T15:12:34.379+00:00 CAN id=101 dlc=8 data=d8cf0400e05ef8ff
2026-07-07T15:12:34.399+00:00 CAN id=101 dlc=8 data=d8cf0400e05ef8ff
2026-07-07T15:12:34.419+00:00 CAN id=101 dlc=8 data=d8cf0400e05ef8ff
2026-07-07T15:12:34.421+00:00 VCP run=1 step=0 angle=314648 target=315352 err=704 steer=352 m1=-2476/-126083 i1=-248 t1=28 m2=2546/129952 i2=322 t2=27 steerMode=1935/996 iSteer=37378 driveMode=-128017/-130977 iDrive=-285110 scale=0 wheel=-372414
2026-07-07T15:12:34.421+00:00 VCP run=1 step=0 angle=315000 target=315352 err=352 steer=0 m1=-2629/-134343 i1=-252 t1=28 m2=2569/134343 i2=340 t2=27 steerMode=0/-1075 iSteer=44104 driveMode=-134343/-135798 iDrive=-296313 scale=0 wheel=-390815
2026-07-07T15:12:34.439+00:00 CAN id=101 dlc=8 data=d8cf0400e05ef8ff
2026-07-07T15:12:34.460+00:00 CAN id=101 dlc=8 data=d8cf0400e05ef8ff
2026-07-07T15:12:34.479+00:00 CAN id=101 dlc=8 data=d8cf0400e05ef8ff
2026-07-07T15:12:34.499+00:00 CAN id=101 dlc=8 data=d8cf0400e05ef8ff
2026-07-07T15:12:34.519+00:00 CAN id=101 dlc=8 data=d8cf0400e05ef8ff
2026-07-07T15:12:34.539+00:00 CAN id=101 dlc=8 data=d8cf0400e05ef8ff
2026-07-07T15:12:34.559+00:00 CAN id=101 dlc=8 data=d8cf0400e05ef8ff
2026-07-07T15:12:34.579+00:00 CAN id=101 dlc=8 data=d8cf0400e05ef8ff
2026-07-07T15:12:34.599+00:00 CAN id=101 dlc=8 data=d8cf0400e05ef8ff
2026-07-07T15:12:34.606+00:00 VCP run=1 step=0 angle=314824 target=315352 err=528 steer=264 m1=-2692/-139217 i1=-306 t1=28 m2=2728/142120 i2=285 t2=27 steerMode=1451/1578 iSteer=-10511 driveMode=-140668/-141977 iDrive=-295378 scale=0 wheel=-409216
2026-07-07T15:12:34.619+00:00 CAN id=101 dlc=8 data=d8cf0400e05ef8ff
2026-07-07T15:12:34.639+00:00 CAN id=101 dlc=8 data=d8cf0400e05ef8ff
2026-07-07T15:12:34.659+00:00 CAN id=101 dlc=8 data=d8cf0400e05ef8ff
2026-07-07T15:12:34.680+00:00 CAN id=101 dlc=8 data=d8cf0400e05ef8ff
2026-07-07T15:12:34.699+00:00 CAN id=101 dlc=8 data=d8cf0400e05ef8ff
2026-07-07T15:12:34.707+00:00 VCP run=1 step=0 angle=315176 target=315352 err=176 steer=0 m1=-2865/-146993 i1=-249 t1=28 m2=2831/146993 i2=343 t2=27 steerMode=0/-1021 iSteer=46989 driveMode=-146993/-148057 iDrive=-295618 scale=0 wheel=-427617
2026-07-07T15:12:34.707+00:00 VCP SET_TARGET_RX steer=315352 wheel=-500000
2026-07-07T15:12:34.719+00:00 CAN id=101 dlc=8 data=d8cf0400e05ef8ff
2026-07-07T15:12:34.739+00:00 CAN id=101 dlc=8 data=d8cf0400e05ef8ff
2026-07-07T15:12:34.759+00:00 CAN id=101 dlc=8 data=d8cf0400e05ef8ff
2026-07-07T15:12:34.780+00:00 CAN id=101 dlc=8 data=d8cf0400e05ef8ff
2026-07-07T15:12:34.800+00:00 CAN id=101 dlc=8 data=d8cf0400e05ef8ff
2026-07-07T15:12:34.811+00:00 VCP run=1 step=0 angle=315088 target=315352 err=264 steer=0 m1=-2985/-153319 i1=-259 t1=28 m2=2969/153319 i2=303 t2=27 steerMode=0/-487 iSteer=21991 driveMode=-153319/-155574 iDrive=-280550 scale=0 wheel=-446018
2026-07-07T15:12:34.819+00:00 CAN id=101 dlc=8 data=d8cf0400e05ef8ff
2026-07-07T15:12:34.839+00:00 CAN id=101 dlc=8 data=d8cf0400e05ef8ff
2026-07-07T15:12:34.859+00:00 CAN id=101 dlc=8 data=d8cf0400e05ef8ff
2026-07-07T15:12:34.879+00:00 CAN id=101 dlc=8 data=d8cf0400e05ef8ff
2026-07-07T15:12:34.900+00:00 CAN id=101 dlc=8 data=d8cf0400e05ef8ff
2026-07-07T15:12:34.915+00:00 VCP run=1 step=0 angle=314912 target=315352 err=440 steer=0 m1=-3083/-159644 i1=-245 t1=28 m2=3021/159644 i2=347 t2=27 steerMode=0/-1011 iSteer=50944 driveMode=-159644/-160045 iDrive=-296396 scale=0 wheel=-464419
2026-07-07T15:12:34.919+00:00 CAN id=101 dlc=8 data=d8cf0400e05ef8ff
2026-07-07T15:12:34.939+00:00 CAN id=101 dlc=8 data=d8cf0400e05ef8ff
2026-07-07T15:12:34.959+00:00 CAN id=101 dlc=8 data=d8cf0400e05ef8ff
2026-07-07T15:12:34.980+00:00 CAN id=101 dlc=8 data=d8cf0400e05ef8ff
2026-07-07T15:12:34.999+00:00 CAN id=101 dlc=8 data=d8cf0400e05ef8ff
2026-07-07T15:12:35.018+00:00 VCP run=1 step=0 angle=314648 target=315352 err=704 steer=352 m1=-3146/-164035 i1=-300 t1=28 m2=3201/167904 i2=295 t2=27 steerMode=1935/2073 iSteer=-2265 driveMode=-165970/-166225 iDrive=-297500 scale=0 wheel=-482820
2026-07-07T15:12:35.019+00:00 CAN id=101 dlc=8 data=d8cf0400e05ef8ff
2026-07-07T15:12:35.039+00:00 CAN id=101 dlc=8 data=d8cf0400e05ef8ff
2026-07-07T15:12:35.059+00:00 CAN id=101 dlc=8 data=d8cf0400e05ef8ff
2026-07-07T15:12:35.079+00:00 CAN id=101 dlc=8 data=d8cf0400e05ef8ff
2026-07-07T15:12:35.100+00:00 CAN id=101 dlc=8 data=d8cf0400e05ef8ff
2026-07-07T15:12:35.119+00:00 CAN id=101 dlc=8 data=d8cf0400e05ef8ff
2026-07-07T15:12:35.139+00:00 CAN id=101 dlc=8 data=d8cf0400e05ef8ff
2026-07-07T15:12:35.141+00:00 VCP run=1 step=0 angle=315439 target=315352 err=-87 steer=0 m1=-3334/-171875 i1=-239 t1=28 m2=3333/171875 i2=327 t2=27 steerMode=0/-813 iSteer=44022 driveMode=-171875/-173441 iDrive=-282873 scale=0 wheel=-500000
2026-07-07T15:12:35.142+00:00 VCP run=1 step=0 angle=315352 target=315352 err=0 steer=0 m1=-3422/-171875 i1=-180 t1=28 m2=3364/171875 i2=265 t2=27 steerMode=0/-747 iSteer=42532 driveMode=-171875/-178643 iDrive=-222131 scale=0 wheel=-500000
2026-07-07T15:12:35.159+00:00 CAN id=101 dlc=8 data=d8cf0400e05ef8ff
2026-07-07T15:12:35.179+00:00 CAN id=101 dlc=8 data=d8cf0400e05ef8ff
2026-07-07T15:12:35.199+00:00 CAN id=101 dlc=8 data=d8cf0400e05ef8ff
2026-07-07T15:12:35.219+00:00 CAN id=101 dlc=8 data=d8cf0400e05ef8ff
2026-07-07T15:12:35.239+00:00 CAN id=101 dlc=8 data=d8cf0400e05ef8ff
2026-07-07T15:12:35.259+00:00 CAN id=101 dlc=8 data=d8cf0400e05ef8ff
2026-07-07T15:12:35.279+00:00 CAN id=101 dlc=8 data=d8cf0400e05ef8ff
2026-07-07T15:12:35.300+00:00 CAN id=101 dlc=8 data=d8cf0400e05ef8ff
2026-07-07T15:12:35.305+00:00 VCP SET_TARGET_RX steer=315352 wheel=-500000
2026-07-07T15:12:35.305+00:00 VCP run=1 step=0 angle=315176 target=315352 err=176 steer=0 m1=-3426/-171875 i1=-174 t1=28 m2=3433/171875 i2=215 t2=27 steerMode=0/-283 iSteer=20714 driveMode=-171875/-180015 iDrive=-194576 scale=0 wheel=-500000
2026-07-07T15:12:35.319+00:00 CAN id=101 dlc=8 data=d8cf0400e05ef8ff
2026-07-07T15:12:35.339+00:00 CAN id=101 dlc=8 data=d8cf0400e05ef8ff
2026-07-07T15:12:35.360+00:00 CAN id=101 dlc=8 data=d8cf0400e05ef8ff
2026-07-07T15:12:35.380+00:00 CAN id=101 dlc=8 data=d8cf0400e05ef8ff
2026-07-07T15:12:35.399+00:00 CAN id=101 dlc=8 data=d8cf0400e05ef8ff
2026-07-07T15:12:35.409+00:00 VCP run=1 step=0 angle=314912 target=315352 err=440 steer=0 m1=-3428/-171875 i1=-132 t1=28 m2=3377/171875 i2=223 t2=27 steerMode=0/-749 iSteer=45848 driveMode=-171875/-180178 iDrive=-177595 scale=0 wheel=-500000
2026-07-07T15:12:35.419+00:00 CAN id=101 dlc=8 data=d8cf0400e05ef8ff
2026-07-07T15:12:35.439+00:00 CAN id=101 dlc=8 data=d8cf0400e05ef8ff
2026-07-07T15:12:35.459+00:00 CAN id=101 dlc=8 data=d8cf0400e05ef8ff
2026-07-07T15:12:35.480+00:00 CAN id=101 dlc=8 data=d8cf0400e05ef8ff
2026-07-07T15:12:35.499+00:00 CAN id=101 dlc=8 data=d8cf0400e05ef8ff
2026-07-07T15:12:35.513+00:00 VCP run=1 step=0 angle=315264 target=315352 err=88 steer=0 m1=-3451/-171875 i1=-138 t1=28 m2=3438/171875 i2=173 t2=27 steerMode=0/-158 iSteer=17536 driveMode=-171875/-180811 iDrive=-155165 scale=0 wheel=-500000
2026-07-07T15:12:35.519+00:00 CAN id=101 dlc=8 data=d8cf0400e05ef8ff
2026-07-07T15:12:35.539+00:00 CAN id=101 dlc=8 data=d8cf0400e05ef8ff
2026-07-07T15:12:35.559+00:00 CAN id=101 dlc=8 data=d8cf0400e05ef8ff
2026-07-07T15:12:35.579+00:00 CAN id=101 dlc=8 data=d8cf0400e05ef8ff
2026-07-07T15:12:35.599+00:00 CAN id=101 dlc=8 data=d8cf0400e05ef8ff
2026-07-07T15:12:35.617+00:00 VCP run=1 step=0 angle=314912 target=315352 err=440 steer=0 m1=-3399/-171875 i1=-118 t1=28 m2=3375/171875 i2=207 t2=27 steerMode=0/-657 iSteer=44571 driveMode=-171875/-178584 iDrive=-162867 scale=0 wheel=-500000
2026-07-07T15:12:35.619+00:00 CAN id=101 dlc=8 data=d8cf0400e05ef8ff
2026-07-07T15:12:35.639+00:00 CAN id=101 dlc=8 data=d8cf0400e05ef8ff
2026-07-07T15:12:35.659+00:00 CAN id=101 dlc=8 data=d8cf0400e05ef8ff
2026-07-07T15:12:35.680+00:00 CAN id=101 dlc=8 data=d8cf0400e05ef8ff
2026-07-07T15:12:35.700+00:00 CAN id=101 dlc=8 data=d8cf0400e05ef8ff
2026-07-07T15:12:35.717+00:00 VCP run=1 step=0 angle=314912 target=315352 err=440 steer=0 m1=-3345/-171875 i1=-219 t1=28 m2=3402/171875 i2=114 t2=27 steerMode=0/1341 iSteer=-52420 driveMode=-171875/-177121 iDrive=-166746 scale=0 wheel=-500000
2026-07-07T15:12:35.717+00:00 VCP SET_TARGET_RX steer=315352 wheel=-500000
2026-07-07T15:12:35.719+00:00 CAN id=101 dlc=8 data=d8cf0400e05ef8ff
2026-07-07T15:12:35.739+00:00 CAN id=101 dlc=8 data=d8cf0400e05ef8ff
2026-07-07T15:12:35.759+00:00 CAN id=101 dlc=8 data=d8cf0400e05ef8ff
2026-07-07T15:12:35.780+00:00 CAN id=101 dlc=8 data=d8cf0400e05ef8ff
2026-07-07T15:12:35.799+00:00 CAN id=101 dlc=8 data=d8cf0400e05ef8ff
2026-07-07T15:12:35.819+00:00 CAN id=101 dlc=8 data=d8cf0400e05ef8ff
2026-07-07T15:12:35.839+00:00 CAN id=101 dlc=8 data=d8cf0400e05ef8ff
2026-07-07T15:12:35.859+00:00 CAN id=101 dlc=8 data=d8cf0400e05ef8ff
2026-07-07T15:12:35.880+00:00 CAN id=101 dlc=8 data=d8cf0400e05ef8ff
2026-07-07T15:12:35.899+00:00 CAN id=101 dlc=8 data=d8cf0400e05ef8ff
2026-07-07T15:12:35.904+00:00 VCP run=1 step=0 angle=315352 target=315352 err=0 steer=0 m1=-3378/-171875 i1=-112 t1=28 m2=3348/171875 i2=206 t2=27 steerMode=0/-649 iSteer=46952 driveMode=-171875/-176939 iDrive=-159130 scale=0 wheel=-500000
2026-07-07T15:12:35.904+00:00 VCP run=1 step=0 angle=315176 target=315352 err=176 steer=0 m1=-3319/-171875 i1=-119 t1=28 m2=3297/171875 i2=218 t2=27 steerMode=0/-673 iSteer=49792 driveMode=-171875/-175172 iDrive=-168611 scale=0 wheel=-500000
2026-07-07T15:12:35.919+00:00 CAN id=101 dlc=8 data=d8cf0400e05ef8ff
2026-07-07T15:12:35.939+00:00 CAN id=101 dlc=8 data=d8cf0400e05ef8ff
2026-07-07T15:12:35.959+00:00 CAN id=101 dlc=8 data=d8cf0400e05ef8ff
2026-07-07T15:12:35.979+00:00 CAN id=101 dlc=8 data=d8cf0400e05ef8ff
2026-07-07T15:12:35.999+00:00 CAN id=101 dlc=8 data=d8cf0400e05ef8ff
2026-07-07T15:12:36.007+00:00 VCP run=1 step=0 angle=314824 target=315352 err=528 steer=264 m1=-3307/-170424 i1=-84 t1=28 m2=3316/173326 i2=264 t2=27 steerMode=1451/-5 iSteer=90319 driveMode=-171875/-174482 iDrive=-173934 scale=0 wheel=-500000
2026-07-07T15:12:36.019+00:00 CAN id=101 dlc=8 data=d8cf0400e05ef8ff
2026-07-07T15:12:36.039+00:00 CAN id=101 dlc=8 data=d8cf0400e05ef8ff
2026-07-07T15:12:36.059+00:00 CAN id=101 dlc=8 data=d8cf0400e05ef8ff
2026-07-07T15:12:36.079+00:00 CAN id=101 dlc=8 data=d8cf0400e05ef8ff
2026-07-07T15:12:36.099+00:00 CAN id=101 dlc=8 data=d8cf0400e05ef8ff
2026-07-07T15:12:36.111+00:00 VCP run=1 step=0 angle=315176 target=315352 err=176 steer=0 m1=-3305/-171875 i1=-135 t1=28 m2=3310/171875 i2=219 t2=27 steerMode=0/-483 iSteer=41711 driveMode=-171875/-174164 iDrive=-177113 scale=0 wheel=-500000
2026-07-07T15:12:36.119+00:00 CAN id=101 dlc=8 data=d8cf0400e05ef8ff
2026-07-07T15:12:36.139+00:00 CAN id=101 dlc=8 data=d8cf0400e05ef8ff
2026-07-07T15:12:36.159+00:00 CAN id=101 dlc=8 data=d8cf0400e05ef8ff
2026-07-07T15:12:36.179+00:00 CAN id=101 dlc=8 data=d8cf0400e05ef8ff
2026-07-07T15:12:36.199+00:00 CAN id=101 dlc=8 data=d8cf0400e05ef8ff
2026-07-07T15:12:36.212+00:00 VCP run=1 step=0 angle=315439 target=315352 err=-87 steer=0 m1=-3336/-171875 i1=-142 t1=28 m2=3314/171875 i2=198 t2=27 steerMode=0/-196 iSteer=27756 driveMode=-171875/-174856 iDrive=-170194 scale=0 wheel=-500000
2026-07-07T15:12:36.212+00:00 VCP SET_TARGET_RX steer=315352 wheel=-500000
2026-07-07T15:12:36.219+00:00 CAN id=101 dlc=8 data=d8cf0400e05ef8ff
2026-07-07T15:12:36.239+00:00 CAN id=101 dlc=8 data=d8cf0400e05ef8ff
2026-07-07T15:12:36.259+00:00 CAN id=101 dlc=8 data=d8cf0400e05ef8ff
2026-07-07T15:12:36.279+00:00 CAN id=101 dlc=8 data=d8cf0400e05ef8ff
2026-07-07T15:12:36.300+00:00 CAN id=101 dlc=8 data=d8cf0400e05ef8ff
2026-07-07T15:12:36.316+00:00 VCP run=1 step=0 angle=315088 target=315352 err=264 steer=0 m1=-3286/-171875 i1=-147 t1=28 m2=3291/171875 i2=227 t2=27 steerMode=0/-403 iSteer=40050 driveMode=-171875/-173170 iDrive=-187053 scale=0 wheel=-500000
2026-07-07T15:12:36.319+00:00 CAN id=101 dlc=8 data=d8cf0400e05ef8ff
2026-07-07T15:12:36.339+00:00 CAN id=101 dlc=8 data=d8cf0400e05ef8ff
2026-07-07T15:12:36.359+00:00 CAN id=101 dlc=8 data=d8cf0400e05ef8ff
2026-07-07T15:12:36.380+00:00 CAN id=101 dlc=8 data=d8cf0400e05ef8ff
2026-07-07T15:12:36.399+00:00 CAN id=101 dlc=8 data=d8cf0400e05ef8ff
2026-07-07T15:12:36.419+00:00 CAN id=101 dlc=8 data=d8cf0400e05ef8ff
2026-07-07T15:12:36.420+00:00 VCP run=1 step=0 angle=315088 target=315352 err=264 steer=0 m1=-3278/-171875 i1=-225 t1=28 m2=3304/171875 i2=145 t2=27 steerMode=0/1234 iSteer=-39844 driveMode=-171875/-173377 iDrive=-184982 scale=0 wheel=-500000
2026-07-07T15:12:36.439+00:00 CAN id=101 dlc=8 data=d8cf0400e05ef8ff
2026-07-07T15:12:36.459+00:00 CAN id=101 dlc=8 data=d8cf0400e05ef8ff
2026-07-07T15:12:36.479+00:00 CAN id=101 dlc=8 data=d8cf0400e05ef8ff
2026-07-07T15:12:36.499+00:00 CAN id=101 dlc=8 data=d8cf0400e05ef8ff
2026-07-07T15:12:36.521+00:00 CAN id=101 dlc=8 data=d8cf0400e05ef8ff
2026-07-07T15:12:36.539+00:00 CAN id=101 dlc=8 data=d8cf0400e05ef8ff
2026-07-07T15:12:36.559+00:00 CAN id=101 dlc=8 data=d8cf0400e05ef8ff
2026-07-07T15:12:36.580+00:00 CAN id=101 dlc=8 data=d8cf0400e05ef8ff
2026-07-07T15:12:36.599+00:00 BENCH step t=15.000s -> steer=315352mdeg wheel=500000milli-rpm
2026-07-07T15:12:36.600+00:00 CAN id=101 dlc=8 data=d8cf040020a10700
2026-07-07T15:12:36.606+00:00 VCP run=1 step=0 angle=315527 target=315352 err=-175 steer=0 m1=-3315/-171875 i1=-145 t1=28 m2=3308/171875 i2=200 t2=27 steerMode=0/-130 iSteer=27625 driveMode=-171875/-174645 iDrive=-172303 scale=0 wheel=-500000
2026-07-07T15:12:36.606+00:00 VCP run=1 step=0 angle=315264 target=315352 err=88 steer=0 m1=-3309/-171875 i1=-130 t1=28 m2=3268/171875 i2=240 t2=27 steerMode=0/-656 iSteer=55115 driveMode=-171875/-173394 iDrive=-184814 scale=0 wheel=-500000
2026-07-07T15:12:36.619+00:00 CAN id=101 dlc=8 data=d8cf040020a10700
2026-07-07T15:12:36.639+00:00 CAN id=101 dlc=8 data=d8cf040020a10700
2026-07-07T15:12:36.659+00:00 CAN id=101 dlc=8 data=d8cf040020a10700
2026-07-07T15:12:36.680+00:00 CAN id=101 dlc=8 data=d8cf040020a10700
2026-07-07T15:12:36.700+00:00 CAN id=101 dlc=8 data=d8cf040020a10700
2026-07-07T15:12:36.706+00:00 VCP run=1 step=0 angle=315439 target=315352 err=-87 steer=0 m1=-3296/-171669 i1=-165 t1=28 m2=3310/171669 i2=200 t2=27 steerMode=0/99 iSteer=17483 driveMode=-171669/-173444 iDrive=-182248 scale=0 wheel=-499400
2026-07-07T15:12:36.707+00:00 VCP SET_TARGET_RX steer=315352 wheel=500000
2026-07-07T15:12:36.719+00:00 CAN id=101 dlc=8 data=d8cf040020a10700
2026-07-07T15:12:36.739+00:00 CAN id=101 dlc=8 data=d8cf040020a10700
2026-07-07T15:12:36.759+00:00 CAN id=101 dlc=8 data=d8cf040020a10700
2026-07-07T15:12:36.780+00:00 CAN id=101 dlc=8 data=d8cf040020a10700
2026-07-07T15:12:36.800+00:00 CAN id=101 dlc=8 data=d8cf040020a10700
2026-07-07T15:12:36.810+00:00 VCP run=1 step=0 angle=315703 target=315352 err=-351 steer=0 m1=-3255/-165275 i1=-98 t1=28 m2=3270/165275 i2=156 t2=27 steerMode=0/-117 iSteer=29360 driveMode=-165275/-172577 iDrive=-126973 scale=0 wheel=-480799
2026-07-07T15:12:36.819+00:00 CAN id=101 dlc=8 data=d8cf040020a10700
2026-07-07T15:12:36.839+00:00 CAN id=101 dlc=8 data=d8cf040020a10700
2026-07-07T15:12:36.859+00:00 CAN id=101 dlc=8 data=d8cf040020a10700
2026-07-07T15:12:36.880+00:00 CAN id=101 dlc=8 data=d8cf040020a10700
2026-07-07T15:12:36.900+00:00 CAN id=101 dlc=8 data=d8cf040020a10700
2026-07-07T15:12:36.914+00:00 VCP run=1 step=0 angle=315879 target=315352 err=-527 steer=-200 m1=-3206/-160049 i1=-121 t1=28 m2=3226/157849 i2=59 t2=27 steerMode=-1100/-15 iSteer=-31089 driveMode=-158949/-169959 iDrive=-89898 scale=0 wheel=-462398
2026-07-07T15:12:36.919+00:00 CAN id=101 dlc=8 data=d8cf040020a10700
2026-07-07T15:12:36.939+00:00 CAN id=101 dlc=8 data=d8cf040020a10700
2026-07-07T15:12:36.959+00:00 CAN id=101 dlc=8 data=d8cf040020a10700
2026-07-07T15:12:36.979+00:00 CAN id=101 dlc=8 data=d8cf040020a10700
2026-07-07T15:12:36.999+00:00 CAN id=101 dlc=8 data=d8cf040020a10700
2026-07-07T15:12:37.018+00:00 VCP run=1 step=0 angle=315439 target=315352 err=-87 steer=0 m1=-3083/-152624 i1=-46 t1=28 m2=3084/152624 i2=130 t2=27 steerMode=0/-344 iSteer=41737 driveMode=-152624/-163824 iDrive=-88002 scale=0 wheel=-443997
2026-07-07T15:12:37.019+00:00 CAN id=101 dlc=8 data=d8cf040020a10700
2026-07-07T15:12:37.039+00:00 CAN id=101 dlc=8 data=d8cf040020a10700
2026-07-07T15:12:37.059+00:00 CAN id=101 dlc=8 data=d8cf040020a10700
2026-07-07T15:12:37.079+00:00 CAN id=101 dlc=8 data=d8cf040020a10700
2026-07-07T15:12:37.099+00:00 CAN id=101 dlc=8 data=d8cf040020a10700
2026-07-07T15:12:37.119+00:00 CAN id=101 dlc=8 data=d8cf040020a10700
2026-07-07T15:12:37.139+00:00 CAN id=101 dlc=8 data=d8cf040020a10700
2026-07-07T15:12:37.142+00:00 VCP run=1 step=0 angle=315527 target=315352 err=-175 steer=0 m1=-2989/-146230 i1=-50 t1=28 m2=2933/146230 i2=124 t2=27 steerMode=0/-237 iSteer=36623 driveMode=-146230/-157536 iDrive=-86935 scale=0 wheel=-425396
2026-07-07T15:12:37.142+00:00 VCP run=1 step=0 angle=315791 target=315352 err=-439 steer=0 m1=-2884/-139905 i1=-59 t1=28 m2=2885/139905 i2=84 t2=27 steerMode=0/240 iSteer=12344 driveMode=-139905/-152750 iDrive=-71546 scale=0 wheel=-406995
2026-07-07T15:12:37.159+00:00 CAN id=101 dlc=8 data=d8cf040020a10700
2026-07-07T15:12:37.179+00:00 CAN id=101 dlc=8 data=d8cf040020a10700
2026-07-07T15:12:37.199+00:00 CAN id=101 dlc=8 data=d8cf040020a10700
2026-07-07T15:12:37.219+00:00 CAN id=101 dlc=8 data=d8cf040020a10700
2026-07-07T15:12:37.239+00:00 CAN id=101 dlc=8 data=d8cf040020a10700
2026-07-07T15:12:37.259+00:00 CAN id=101 dlc=8 data=d8cf040020a10700
2026-07-07T15:12:37.279+00:00 CAN id=101 dlc=8 data=d8cf040020a10700
2026-07-07T15:12:37.299+00:00 CAN id=101 dlc=8 data=d8cf040020a10700
2026-07-07T15:12:37.305+00:00 VCP SET_TARGET_RX steer=315352 wheel=500000
2026-07-07T15:12:37.305+00:00 VCP run=1 step=0 angle=315615 target=315352 err=-263 steer=0 m1=-2767/-133510 i1=36 t1=28 m2=2703/133510 i2=186 t2=27 steerMode=0/-1741 iSteer=110711 driveMode=-133510/-146030 iDrive=-74803 scale=0 wheel=-388394
2026-07-07T15:12:37.319+00:00 CAN id=101 dlc=8 data=d8cf040020a10700
2026-07-07T15:12:37.339+00:00 CAN id=101 dlc=8 data=d8cf040020a10700
2026-07-07T15:12:37.359+00:00 CAN id=101 dlc=8 data=d8cf040020a10700
2026-07-07T15:12:37.379+00:00 CAN id=101 dlc=8 data=d8cf040020a10700
2026-07-07T15:12:37.399+00:00 CAN id=101 dlc=8 data=d8cf040020a10700
2026-07-07T15:12:37.410+00:00 VCP run=1 step=0 angle=315176 target=315352 err=176 steer=0 m1=-2595/-127185 i1=-82 t1=28 m2=2605/127185 i2=86 t2=27 steerMode=0/451 iSteer=1749 driveMode=-127185/-138786 iDrive=-83992 scale=0 wheel=-369993
2026-07-07T15:12:37.419+00:00 CAN id=101 dlc=8 data=d8cf040020a10700
2026-07-07T15:12:37.439+00:00 CAN id=101 dlc=8 data=d8cf040020a10700
2026-07-07T15:12:37.459+00:00 CAN id=101 dlc=8 data=d8cf040020a10700
2026-07-07T15:12:37.479+00:00 CAN id=101 dlc=8 data=d8cf040020a10700
2026-07-07T15:12:37.500+00:00 CAN id=101 dlc=8 data=d8cf040020a10700
2026-07-07T15:12:37.514+00:00 VCP run=1 step=0 angle=315527 target=315352 err=-175 steer=0 m1=-2497/-120791 i1=-31 t1=28 m2=2498/120791 i2=132 t2=27 steerMode=0/-522 iSteer=50477 driveMode=-120791/-132647 iDrive=-81445 scale=0 wheel=-351392
2026-07-07T15:12:37.519+00:00 CAN id=101 dlc=8 data=d8cf040020a10700
2026-07-07T15:12:37.539+00:00 CAN id=101 dlc=8 data=d8cf040020a10700
2026-07-07T15:12:37.560+00:00 CAN id=101 dlc=8 data=d8cf040020a10700
2026-07-07T15:12:37.579+00:00 CAN id=101 dlc=8 data=d8cf040020a10700
2026-07-07T15:12:37.599+00:00 CAN id=101 dlc=8 data=d8cf040020a10700
2026-07-07T15:12:37.618+00:00 VCP run=1 step=0 angle=315615 target=315352 err=-263 steer=0 m1=-2382/-114466 i1=-47 t1=28 m2=2370/114466 i2=111 t2=27 steerMode=0/-136 iSteer=32161 driveMode=-114466/-126538 iDrive=-79274 scale=0 wheel=-332991
2026-07-07T15:12:37.619+00:00 CAN id=101 dlc=8 data=d8cf040020a10700
2026-07-07T15:12:37.640+00:00 CAN id=101 dlc=8 data=d8cf040020a10700
2026-07-07T15:12:37.659+00:00 CAN id=101 dlc=8 data=d8cf040020a10700
2026-07-07T15:12:37.679+00:00 CAN id=101 dlc=8 data=d8cf040020a10700
2026-07-07T15:12:37.700+00:00 CAN id=101 dlc=8 data=d8cf040020a10700
2026-07-07T15:12:37.719+00:00 VCP run=1 step=0 angle=315703 target=315352 err=-351 steer=0 m1=-2265/-108140 i1=-60 t1=28 m2=2264/108140 i2=90 t2=27 steerMode=0/205 iSteer=14864 driveMode=-108140/-120621 iDrive=-75194 scale=0 wheel=-314590
2026-07-07T15:12:37.719+00:00 VCP SET_TARGET_RX steer=315352 wheel=500000
2026-07-07T15:12:37.719+00:00 CAN id=101 dlc=8 data=d8cf040020a10700
2026-07-07T15:12:37.739+00:00 CAN id=101 dlc=8 data=d8cf040020a10700
2026-07-07T15:12:37.759+00:00 CAN id=101 dlc=8 data=d8cf040020a10700
2026-07-07T15:12:37.780+00:00 CAN id=101 dlc=8 data=d8cf040020a10700
2026-07-07T15:12:37.799+00:00 CAN id=101 dlc=8 data=d8cf040020a10700
2026-07-07T15:12:37.819+00:00 CAN id=101 dlc=8 data=d8cf040020a10700
2026-07-07T15:12:37.839+00:00 CAN id=101 dlc=8 data=d8cf040020a10700
2026-07-07T15:12:37.859+00:00 CAN id=101 dlc=8 data=d8cf040020a10700
2026-07-07T15:12:37.880+00:00 CAN id=101 dlc=8 data=d8cf040020a10700
2026-07-07T15:12:37.900+00:00 CAN id=101 dlc=8 data=d8cf040020a10700
2026-07-07T15:12:37.905+00:00 VCP run=1 step=0 angle=315527 target=315352 err=-175 steer=0 m1=-2135/-101746 i1=-8 t1=28 m2=2105/101746 i2=166 t2=27 steerMode=0/-1068 iSteer=78978 driveMode=-101746/-113048 iDrive=-86978 scale=0 wheel=-295989
2026-07-07T15:12:37.905+00:00 VCP run=1 step=0 angle=315352 target=315352 err=0 steer=0 m1=-2003/-95421 i1=-80 t1=28 m2=1994/95421 i2=103 t2=27 steerMode=0/275 iSteer=11862 driveMode=-95421/-106275 iDrive=-91457 scale=0 wheel=-277588
2026-07-07T15:12:37.919+00:00 CAN id=101 dlc=8 data=d8cf040020a10700
2026-07-07T15:12:37.939+00:00 CAN id=101 dlc=8 data=d8cf040020a10700
2026-07-07T15:12:37.959+00:00 CAN id=101 dlc=8 data=d8cf040020a10700
2026-07-07T15:12:37.979+00:00 CAN id=101 dlc=8 data=d8cf040020a10700
2026-07-07T15:12:37.999+00:00 CAN id=101 dlc=8 data=d8cf040020a10700
2026-07-07T15:12:38.010+00:00 VCP run=1 step=0 angle=315527 target=315352 err=-175 steer=0 m1=-1873/-89027 i1=-43 t1=28 m2=1828/89027 i2=142 t2=27 steerMode=0/-463 iSteer=49280 driveMode=-89027/-99797 iDrive=-92296 scale=0 wheel=-258987
2026-07-07T15:12:38.019+00:00 CAN id=101 dlc=8 data=d8cf040020a10700
2026-07-07T15:12:38.039+00:00 CAN id=101 dlc=8 data=d8cf040020a10700
2026-07-07T15:12:38.060+00:00 CAN id=101 dlc=8 data=d8cf040020a10700
2026-07-07T15:12:38.079+00:00 CAN id=101 dlc=8 data=d8cf040020a10700
2026-07-07T15:12:38.099+00:00 CAN id=101 dlc=8 data=d8cf040020a10700
2026-07-07T15:12:38.115+00:00 VCP run=1 step=0 angle=315352 target=315352 err=0 steer=0 m1=-1756/-82633 i1=-66 t1=28 m2=1799/82633 i2=116 t2=27 steerMode=0/44 iSteer=24926 driveMode=-82633/-93533 iDrive=-91005 scale=0 wheel=-240387
2026-07-07T15:12:38.119+00:00 CAN id=101 dlc=8 data=d8cf040020a10700
2026-07-07T15:12:38.139+00:00 CAN id=101 dlc=8 data=d8cf040020a10700
2026-07-07T15:12:38.159+00:00 CAN id=101 dlc=8 data=d8cf040020a10700
2026-07-07T15:12:38.179+00:00 CAN id=101 dlc=8 data=d8cf040020a10700
2026-07-07T15:12:38.200+00:00 CAN id=101 dlc=8 data=d8cf040020a10700
2026-07-07T15:12:38.216+00:00 VCP run=1 step=0 angle=315703 target=315352 err=-351 steer=0 m1=-1656/-76239 i1=-66 t1=28 m2=1665/76239 i2=83 t2=27 steerMode=0/368 iSteer=8388 driveMode=-76239/-88771 iDrive=-74680 scale=0 wheel=-221788
2026-07-07T15:12:38.216+00:00 VCP SET_TARGET_RX steer=315352 wheel=500000
2026-07-07T15:12:38.219+00:00 CAN id=101 dlc=8 data=d8cf040020a10700
2026-07-07T15:12:38.239+00:00 CAN id=101 dlc=8 data=d8cf040020a10700
2026-07-07T15:12:38.259+00:00 CAN id=101 dlc=8 data=d8cf040020a10700
2026-07-07T15:12:38.280+00:00 CAN id=101 dlc=8 data=d8cf040020a10700
2026-07-07T15:12:38.299+00:00 CAN id=101 dlc=8 data=d8cf040020a10700
2026-07-07T15:12:38.320+00:00 CAN id=101 dlc=8 data=d8cf040020a10700
2026-07-07T15:12:38.339+00:00 CAN id=101 dlc=8 data=d8cf040020a10700
2026-07-07T15:12:38.359+00:00 CAN id=101 dlc=8 data=d8cf040020a10700
2026-07-07T15:12:38.379+00:00 CAN id=101 dlc=8 data=d8cf040020a10700
2026-07-07T15:12:38.399+00:00 CAN id=101 dlc=8 data=d8cf040020a10700
2026-07-07T15:12:38.402+00:00 VCP run=1 step=0 angle=315879 target=315352 err=-527 steer=-100 m1=-1530/-70396 i1=-68 t1=28 m2=1559/69296 i2=74 t2=27 steerMode=-550/-82 iSteer=3029 driveMode=-69846/-82740 iDrive=-71057 scale=0 wheel=-203188
2026-07-07T15:12:38.402+00:00 VCP run=1 step=0 angle=315615 target=315352 err=-263 steer=0 m1=-1413/-63452 i1=19 t1=28 m2=1328/63452 i2=198 t2=27 steerMode=0/-1621 iSteer=108177 driveMode=-63452/-74513 iDrive=-89395 scale=0 wheel=-184588
2026-07-07T15:12:38.419+00:00 CAN id=101 dlc=8 data=d8cf040020a10700
2026-07-07T15:12:38.439+00:00 CAN id=101 dlc=8 data=d8cf040020a10700
2026-07-07T15:12:38.459+00:00 CAN id=101 dlc=8 data=d8cf040020a10700
2026-07-07T15:12:38.480+00:00 CAN id=101 dlc=8 data=d8cf040020a10700
2026-07-07T15:12:38.500+00:00 CAN id=101 dlc=8 data=d8cf040020a10700
2026-07-07T15:12:38.507+00:00 VCP run=1 step=0 angle=315352 target=315352 err=0 steer=0 m1=-1214/-57058 i1=-94 t1=28 m2=1247/57058 i2=110 t2=27 steerMode=0/395 iSteer=7977 driveMode=-57058/-66847 iDrive=-102113 scale=0 wheel=-165988
2026-07-07T15:12:38.519+00:00 CAN id=101 dlc=8 data=d8cf040020a10700
2026-07-07T15:12:38.539+00:00 CAN id=101 dlc=8 data=d8cf040020a10700
2026-07-07T15:12:38.559+00:00 CAN id=101 dlc=8 data=d8cf040020a10700
2026-07-07T15:12:38.579+00:00 CAN id=101 dlc=8 data=d8cf040020a10700
2026-07-07T15:12:38.600+00:00 CAN id=101 dlc=8 data=d8cf040020a10700
2026-07-07T15:12:38.612+00:00 VCP run=1 step=0 angle=315352 target=315352 err=0 steer=0 m1=-1120/-50665 i1=-72 t1=28 m2=1121/50665 i2=128 t2=27 steerMode=0/-21 iSteer=28257 driveMode=-50665/-60668 iDrive=-99963 scale=0 wheel=-147389
2026-07-07T15:12:38.619+00:00 CAN id=101 dlc=8 data=d8cf040020a10700
2026-07-07T15:12:38.639+00:00 CAN id=101 dlc=8 data=d8cf040020a10700
2026-07-07T15:12:38.659+00:00 CAN id=101 dlc=8 data=d8cf040020a10700
2026-07-07T15:12:38.679+00:00 CAN id=101 dlc=8 data=d8cf040020a10700
2026-07-07T15:12:38.699+00:00 CAN id=101 dlc=8 data=d8cf040020a10700
2026-07-07T15:12:38.713+00:00 VCP run=1 step=0 angle=315352 target=315352 err=0 steer=0 m1=-1036/-44271 i1=-83 t1=28 m2=1044/44271 i2=94 t2=27 steerMode=0/412 iSteer=5888 driveMode=-44271/-55431 iDrive=-88399 scale=0 wheel=-128789
2026-07-07T15:12:38.713+00:00 VCP SET_TARGET_RX steer=315352 wheel=500000
2026-07-07T15:12:38.719+00:00 CAN id=101 dlc=8 data=d8cf040020a10700
2026-07-07T15:12:38.739+00:00 CAN id=101 dlc=8 data=d8cf040020a10700
2026-07-07T15:12:38.759+00:00 CAN id=101 dlc=8 data=d8cf040020a10700
2026-07-07T15:12:38.779+00:00 CAN id=101 dlc=8 data=d8cf040020a10700
2026-07-07T15:12:38.800+00:00 CAN id=101 dlc=8 data=d8cf040020a10700
2026-07-07T15:12:38.818+00:00 VCP run=1 step=0 angle=315439 target=315352 err=-87 steer=0 m1=-911/-37877 i1=-35 t1=28 m2=880/37877 i2=135 t2=27 steerMode=0/-448 iSteer=49551 driveMode=-37877/-49381 iDrive=-84962 scale=0 wheel=-110189
2026-07-07T15:12:38.819+00:00 CAN id=101 dlc=8 data=d8cf040020a10700
2026-07-07T15:12:38.839+00:00 CAN id=101 dlc=8 data=d8cf040020a10700
2026-07-07T15:12:38.860+00:00 CAN id=101 dlc=8 data=d8cf040020a10700
2026-07-07T15:12:38.880+00:00 CAN id=101 dlc=8 data=d8cf040020a10700
2026-07-07T15:12:38.899+00:00 CAN id=101 dlc=8 data=d8cf040020a10700
2026-07-07T15:12:38.919+00:00 CAN id=101 dlc=8 data=d8cf040020a10700
2026-07-07T15:12:38.939+00:00 CAN id=101 dlc=8 data=d8cf040020a10700
2026-07-07T15:12:38.959+00:00 CAN id=101 dlc=8 data=d8cf040020a10700
2026-07-07T15:12:38.979+00:00 CAN id=101 dlc=8 data=d8cf040020a10700
2026-07-07T15:12:38.999+00:00 CAN id=101 dlc=8 data=d8cf040020a10700
2026-07-07T15:12:39.005+00:00 VCP run=1 step=0 angle=315527 target=315352 err=-175 steer=0 m1=-798/-31484 i1=-41 t1=28 m2=753/31484 i2=140 t2=27 steerMode=0/-434 iSteer=49494 driveMode=-31484/-42412 iDrive=-90713 scale=0 wheel=-91589
2026-07-07T15:12:39.006+00:00 VCP run=1 step=0 angle=315615 target=315352 err=-263 steer=0 m1=-679/-25090 i1=-62 t1=28 m2=701/25090 i2=119 t2=27 steerMode=0/-13 iSteer=28770 driveMode=-25090/-36021 iDrive=-90688 scale=0 wheel=-72990
2026-07-07T15:12:39.019+00:00 CAN id=101 dlc=8 data=d8cf040020a10700
2026-07-07T15:12:39.040+00:00 CAN id=101 dlc=8 data=d8cf040020a10700
2026-07-07T15:12:39.060+00:00 CAN id=101 dlc=8 data=d8cf040020a10700
2026-07-07T15:12:39.079+00:00 CAN id=101 dlc=8 data=d8cf040020a10700
2026-07-07T15:12:39.099+00:00 CAN id=101 dlc=8 data=d8cf040020a10700
2026-07-07T15:12:39.110+00:00 VCP run=1 step=0 angle=315703 target=315352 err=-351 steer=0 m1=-570/-18696 i1=-68 t1=28 m2=539/18696 i2=104 t2=27 steerMode=0/208 iSteer=17826 driveMode=-18696/-30104 iDrive=-85925 scale=0 wheel=-54390
2026-07-07T15:12:39.119+00:00 CAN id=101 dlc=8 data=d8cf040020a10700
2026-07-07T15:12:39.139+00:00 CAN id=101 dlc=8 data=d8cf040020a10700
2026-07-07T15:12:39.159+00:00 CAN id=101 dlc=8 data=d8cf040020a10700
2026-07-07T15:12:39.180+00:00 CAN id=101 dlc=8 data=d8cf040020a10700
2026-07-07T15:12:39.200+00:00 CAN id=101 dlc=8 data=d8cf040020a10700
2026-07-07T15:12:39.212+00:00 VCP run=1 step=0 angle=315791 target=315352 err=-439 steer=0 m1=-432/-12303 i1=-55 t1=28 m2=443/12303 i2=97 t2=27 steerMode=0/140 iSteer=21016 driveMode=-12303/-24668 iDrive=-76351 scale=0 wheel=-35790
2026-07-07T15:12:39.212+00:00 VCP SET_TARGET_RX steer=315352 wheel=500000
2026-07-07T15:12:39.219+00:00 CAN id=101 dlc=8 data=d8cf040020a10700
2026-07-07T15:12:39.239+00:00 CAN id=101 dlc=8 data=d8cf040020a10700
2026-07-07T15:12:39.259+00:00 CAN id=101 dlc=8 data=d8cf040020a10700
2026-07-07T15:12:39.280+00:00 CAN id=101 dlc=8 data=d8cf040020a10700
2026-07-07T15:12:39.300+00:00 CAN id=101 dlc=8 data=d8cf040020a10700
2026-07-07T15:12:39.317+00:00 VCP run=1 step=0 angle=315791 target=315352 err=-439 steer=0 m1=-321/-5909 i1=-53 t1=28 m2=378/5909 i2=79 t2=27 steerMode=0/303 iSteer=12822 driveMode=-5909/-19279 iDrive=-66300 scale=0 wheel=-17189
2026-07-07T15:12:39.319+00:00 CAN id=101 dlc=8 data=d8cf040020a10700
2026-07-07T15:12:39.339+00:00 CAN id=101 dlc=8 data=d8cf040020a10700
2026-07-07T15:12:39.360+00:00 CAN id=101 dlc=8 data=d8cf040020a10700
2026-07-07T15:12:39.379+00:00 CAN id=101 dlc=8 data=d8cf040020a10700
2026-07-07T15:12:39.400+00:00 CAN id=101 dlc=8 data=d8cf040020a10700
2026-07-07T15:12:39.419+00:00 CAN id=101 dlc=8 data=d8cf040020a10700
2026-07-07T15:12:39.439+00:00 CAN id=101 dlc=8 data=d8cf040020a10700
2026-07-07T15:12:39.459+00:00 CAN id=101 dlc=8 data=d8cf040020a10700
2026-07-07T15:12:39.480+00:00 CAN id=101 dlc=8 data=d8cf040020a10700
2026-07-07T15:12:39.500+00:00 CAN id=101 dlc=8 data=d8cf040020a10700
2026-07-07T15:12:39.504+00:00 VCP run=1 step=0 angle=315879 target=315352 err=-527 steer=-50 m1=-218/210 i1=362 t1=28 m2=228/-760 i2=-320 t2=27 steerMode=-275/-135 iSteer=20674 driveMode=485/-13436 iDrive=341170 scale=0 wheel=1411
2026-07-07T15:12:39.505+00:00 VCP run=1 step=0 angle=315879 target=315352 err=-527 steer=-263 m1=10/5430 i1=300 t1=28 m2=-38/-8328 i2=-262 t2=27 steerMode=-1449/-1275 iSteer=19153 driveMode=6879/574 iDrive=280873 scale=0 wheel=20011
2026-07-07T15:12:39.520+00:00 CAN id=101 dlc=8 data=d8cf040020a10700
2026-07-07T15:12:39.539+00:00 CAN id=101 dlc=8 data=d8cf040020a10700
2026-07-07T15:12:39.559+00:00 CAN id=101 dlc=8 data=d8cf040020a10700
2026-07-07T15:12:39.579+00:00 CAN id=101 dlc=8 data=d8cf040020a10700
2026-07-07T15:12:39.600+00:00 CAN id=101 dlc=8 data=d8cf040020a10700
2026-07-07T15:12:39.610+00:00 VCP run=1 step=0 angle=315176 target=315352 err=176 steer=0 m1=0/13272 i1=456 t1=28 m2=-49/-13272 i2=-250 t2=27 steerMode=0/-1428 iSteer=103014 driveMode=13272/1418 iDrive=352951 scale=0 wheel=38611
2026-07-07T15:12:39.619+00:00 CAN id=101 dlc=8 data=d8cf040020a10700
2026-07-07T15:12:39.640+00:00 CAN id=101 dlc=8 data=d8cf040020a10700
2026-07-07T15:12:39.659+00:00 CAN id=101 dlc=8 data=d8cf040020a10700
2026-07-07T15:12:39.679+00:00 CAN id=101 dlc=8 data=d8cf040020a10700
2026-07-07T15:12:39.699+00:00 CAN id=101 dlc=8 data=d8cf040020a10700
2026-07-07T15:12:39.711+00:00 VCP run=1 step=0 angle=314297 target=315352 err=1055 steer=528 m1=-3/22568 i1=688 t1=28 m2=2/-16765 i2=-208 t2=27 steerMode=2902/-1066 iSteer=239835 driveMode=19666/1095 iDrive=448042 scale=0 wheel=57211
2026-07-07T15:12:39.711+00:00 VCP SET_TARGET_RX steer=315352 wheel=500000
2026-07-07T15:12:39.720+00:00 CAN id=101 dlc=8 data=d8cf040020a10700
2026-07-07T15:12:39.740+00:00 CAN id=101 dlc=8 data=d8cf040020a10700
2026-07-07T15:12:39.759+00:00 CAN id=101 dlc=8 data=d8cf040020a10700
2026-07-07T15:12:39.780+00:00 CAN id=101 dlc=8 data=d8cf040020a10700
2026-07-07T15:12:39.799+00:00 CAN id=101 dlc=8 data=d8cf040020a10700
2026-07-07T15:12:39.816+00:00 VCP run=1 step=0 angle=314297 target=315352 err=1055 steer=528 m1=0/28962 i1=761 t1=28 m2=-7/-23158 i2=-368 t2=27 steerMode=2902/-25 iSteer=196287 driveMode=26060/75 iDrive=564527 scale=0 wheel=75811
2026-07-07T15:12:39.819+00:00 CAN id=101 dlc=8 data=d8cf040020a10700
2026-07-07T15:12:39.839+00:00 CAN id=101 dlc=8 data=d8cf040020a10700
2026-07-07T15:12:39.859+00:00 CAN id=101 dlc=8 data=d8cf040020a10700
2026-07-07T15:12:39.879+00:00 CAN id=101 dlc=8 data=d8cf040020a10700
2026-07-07T15:12:39.899+00:00 CAN id=101 dlc=8 data=d8cf040020a10700
2026-07-07T15:12:39.919+00:00 CAN id=101 dlc=8 data=d8cf040020a10700
2026-07-07T15:12:39.939+00:00 CAN id=101 dlc=8 data=d8cf040020a10700
2026-07-07T15:12:39.959+00:00 CAN id=101 dlc=8 data=d8cf040020a10700
2026-07-07T15:12:39.979+00:00 CAN id=101 dlc=8 data=d8cf040020a10700
2026-07-07T15:12:39.999+00:00 CAN id=101 dlc=8 data=d8cf040020a10700
2026-07-07T15:12:40.003+00:00 VCP run=1 step=0 angle=314297 target=315352 err=1055 steer=528 m1=113/35355 i1=826 t1=28 m2=0/-29552 i2=-520 t2=27 steerMode=2902/999 iSteer=152974 driveMode=32454/1019 iDrive=673294 scale=0 wheel=94410
2026-07-07T15:12:40.003+00:00 VCP run=1 step=0 angle=316494 target=315352 err=-1142 steer=-571 m1=447/35706 i1=325 t1=28 m2=-459/-41988 i2=-889 t2=27 steerMode=-3141/3315 iSteer=-282187 driveMode=38847/18964 iDrive=607146 scale=0 wheel=113010
2026-07-07T15:12:40.019+00:00 CAN id=101 dlc=8 data=d8cf040020a10700
2026-07-07T15:12:40.039+00:00 CAN id=101 dlc=8 data=d8cf040020a10700
2026-07-07T15:12:40.059+00:00 CAN id=101 dlc=8 data=d8cf040020a10700
2026-07-07T15:12:40.079+00:00 CAN id=101 dlc=8 data=d8cf040020a10700
2026-07-07T15:12:40.099+00:00 CAN id=101 dlc=8 data=d8cf040020a10700
2026-07-07T15:12:40.107+00:00 VCP run=1 step=0 angle=315615 target=315352 err=-263 steer=0 m1=870/45172 i1=570 t1=28 m2=-806/-45172 i2=-358 t2=27 steerMode=0/-1301 iSteer=106259 driveMode=45172/41581 iDrive=464000 scale=0 wheel=131410
2026-07-07T15:12:40.119+00:00 CAN id=101 dlc=8 data=d8cf040020a10700
2026-07-07T15:12:40.139+00:00 CAN id=101 dlc=8 data=d8cf040020a10700
2026-07-07T15:12:40.159+00:00 CAN id=101 dlc=8 data=d8cf040020a10700
2026-07-07T15:12:40.179+00:00 CAN id=101 dlc=8 data=d8cf040020a10700
2026-07-07T15:12:40.199+00:00 CAN id=101 dlc=8 data=d8cf040020a10700
2026-07-07T15:12:40.208+00:00 VCP run=1 step=0 angle=316055 target=315352 err=-703 steer=-351 m1=1104/49633 i1=232 t1=28 m2=-1091/-53498 i2=-533 t2=27 steerMode=-1932/1779 iSteer=-150525 driveMode=51566/55910 iDrive=382636 scale=0 wheel=150010
2026-07-07T15:12:40.208+00:00 VCP SET_TARGET_RX steer=315352 wheel=500000
2026-07-07T15:12:40.219+00:00 CAN id=101 dlc=8 data=d8cf040020a10700
2026-07-07T15:12:40.239+00:00 CAN id=101 dlc=8 data=d8cf040020a10700
2026-07-07T15:12:40.259+00:00 CAN id=101 dlc=8 data=d8cf040020a10700
2026-07-07T15:12:40.279+00:00 CAN id=101 dlc=8 data=d8cf040020a10700
2026-07-07T15:12:40.299+00:00 CAN id=101 dlc=8 data=d8cf040020a10700
2026-07-07T15:12:40.312+00:00 VCP run=1 step=0 angle=316055 target=315352 err=-703 steer=-351 m1=1245/55958 i1=287 t1=28 m2=-1210/-59823 i2=-428 t2=27 steerMode=-1932/69 iSteer=-70653 driveMode=57891/63717 iDrive=357523 scale=0 wheel=168409
2026-07-07T15:12:40.319+00:00 CAN id=101 dlc=8 data=d8cf040020a10700
2026-07-07T15:12:40.339+00:00 CAN id=101 dlc=8 data=d8cf040020a10700
2026-07-07T15:12:40.359+00:00 CAN id=101 dlc=8 data=d8cf040020a10700
2026-07-07T15:12:40.379+00:00 CAN id=101 dlc=8 data=d8cf040020a10700
2026-07-07T15:12:40.399+00:00 CAN id=101 dlc=8 data=d8cf040020a10700
2026-07-07T15:12:40.416+00:00 VCP run=1 step=0 angle=316055 target=315352 err=-703 steer=-351 m1=1360/62283 i1=292 t1=28 m2=-1377/-66148 i2=-378 t2=27 steerMode=-1932/-580 iSteer=-42899 driveMode=64216/71066 iDrive=335124 scale=0 wheel=186809
2026-07-07T15:12:40.419+00:00 CAN id=101 dlc=8 data=d8cf040020a10700
2026-07-07T15:12:40.439+00:00 CAN id=101 dlc=8 data=d8cf040020a10700
2026-07-07T15:12:40.459+00:00 CAN id=101 dlc=8 data=d8cf040020a10700
2026-07-07T15:12:40.479+00:00 CAN id=101 dlc=8 data=d8cf040020a10700
2026-07-07T15:12:40.499+00:00 CAN id=101 dlc=8 data=d8cf040020a10700
2026-07-07T15:12:40.519+00:00 CAN id=101 dlc=8 data=d8cf040020a10700
2026-07-07T15:12:40.539+00:00 CAN id=101 dlc=8 data=d8cf040020a10700
2026-07-07T15:12:40.559+00:00 CAN id=101 dlc=8 data=d8cf040020a10700
2026-07-07T15:12:40.579+00:00 CAN id=101 dlc=8 data=d8cf040020a10700
2026-07-07T15:12:40.600+00:00 CAN id=101 dlc=8 data=d8cf040020a10700
2026-07-07T15:12:40.602+00:00 VCP run=1 step=0 angle=315791 target=315352 err=-439 steer=0 m1=1487/70541 i1=359 t1=28 m2=-1532/-70541 i2=-273 t2=27 steerMode=0/-408 iSteer=42841 driveMode=70541/77959 iDrive=315690 scale=0 wheel=205209
2026-07-07T15:12:40.602+00:00 VCP run=1 step=0 angle=316143 target=315352 err=-791 steer=-395 m1=1611/74760 i1=177 t1=28 m2=-1589/-79108 i2=-455 t2=27 steerMode=-2174/979 iSteer=-139118 driveMode=76934/83067 iDrive=315937 scale=0 wheel=223809
2026-07-07T15:12:40.619+00:00 CAN id=101 dlc=8 data=d8cf040020a10700
2026-07-07T15:12:40.639+00:00 CAN id=101 dlc=8 data=d8cf040020a10700
2026-07-07T15:12:40.659+00:00 CAN id=101 dlc=8 data=d8cf040020a10700
2026-07-07T15:12:40.679+00:00 CAN id=101 dlc=8 data=d8cf040020a10700
2026-07-07T15:12:40.699+00:00 CAN id=101 dlc=8 data=d8cf040020a10700
2026-07-07T15:12:40.702+00:00 VCP run=1 step=0 angle=315967 target=315352 err=-615 steer=-307 m1=1672/81568 i1=300 t1=28 m2=-1631/-84950 i2=-376 t2=27 steerMode=-1691/-665 iSteer=-37937 driveMode=83259/86377 iDrive=337752 scale=0 wheel=242208
2026-07-07T15:12:40.702+00:00 VCP SET_TARGET_RX steer=315352 wheel=500000
2026-07-07T15:12:40.719+00:00 CAN id=101 dlc=8 data=d8cf040020a10700
2026-07-07T15:12:40.739+00:00 CAN id=101 dlc=8 data=d8cf040020a10700
2026-07-07T15:12:40.759+00:00 CAN id=101 dlc=8 data=d8cf040020a10700
2026-07-07T15:12:40.779+00:00 CAN id=101 dlc=8 data=d8cf040020a10700
2026-07-07T15:12:40.799+00:00 CAN id=101 dlc=8 data=d8cf040020a10700
2026-07-07T15:12:40.806+00:00 VCP run=1 step=0 angle=315967 target=315352 err=-615 steer=-307 m1=1795/87894 i1=270 t1=28 m2=-1811/-91275 i2=-384 t2=27 steerMode=-1691/-362 iSteer=-56990 driveMode=89584/93213 iDrive=326832 scale=0 wheel=260608
2026-07-07T15:12:40.819+00:00 CAN id=101 dlc=8 data=d8cf040020a10700
2026-07-07T15:12:40.839+00:00 CAN id=101 dlc=8 data=d8cf040020a10700
2026-07-07T15:12:40.859+00:00 CAN id=101 dlc=8 data=d8cf040020a10700
2026-07-07T15:12:40.879+00:00 CAN id=101 dlc=8 data=d8cf040020a10700
2026-07-07T15:12:40.899+00:00 CAN id=101 dlc=8 data=d8cf040020a10700
2026-07-07T15:12:40.911+00:00 VCP run=1 step=0 angle=315703 target=315352 err=-351 steer=0 m1=1981/95909 i1=318 t1=28 m2=-1959/-95909 i2=-279 t2=27 steerMode=0/-203 iSteer=19858 driveMode=95909/101475 iDrive=298630 scale=0 wheel=279009
2026-07-07T15:12:40.919+00:00 CAN id=101 dlc=8 data=d8cf040020a10700
2026-07-07T15:12:40.939+00:00 CAN id=101 dlc=8 data=d8cf040020a10700
2026-07-07T15:12:40.959+00:00 CAN id=101 dlc=8 data=d8cf040020a10700
2026-07-07T15:12:40.979+00:00 CAN id=101 dlc=8 data=d8cf040020a10700
2026-07-07T15:12:41.000+00:00 CAN id=101 dlc=8 data=d8cf040020a10700
2026-07-07T15:12:41.015+00:00 VCP run=1 step=0 angle=315791 target=315352 err=-439 steer=0 m1=2063/102304 i1=230 t1=28 m2=-2037/-102304 i2=-358 t2=27 steerMode=0/1404 iSteer=-63855 driveMode=102304/107266 iDrive=294292 scale=0 wheel=297610
2026-07-07T15:12:41.019+00:00 CAN id=101 dlc=8 data=d8cf040020a10700
2026-07-07T15:12:41.039+00:00 CAN id=101 dlc=8 data=d8cf040020a10700
2026-07-07T15:12:41.059+00:00 CAN id=101 dlc=8 data=d8cf040020a10700
2026-07-07T15:12:41.079+00:00 CAN id=101 dlc=8 data=d8cf040020a10700
2026-07-07T15:12:41.099+00:00 CAN id=101 dlc=8 data=d8cf040020a10700
2026-07-07T15:12:41.119+00:00 VCP run=1 step=0 angle=316055 target=315352 err=-703 steer=-351 m1=2115/106765 i1=284 t1=28 m2=-2160/-110630 i2=-341 t2=27 steerMode=-1932/-1343 iSteer=-28496 driveMode=108698/111150 iDrive=312965 scale=0 wheel=316211
2026-07-07T15:12:41.119+00:00 CAN id=101 dlc=8 data=d8cf040020a10700
2026-07-07T15:12:41.139+00:00 CAN id=101 dlc=8 data=d8cf040020a10700
2026-07-07T15:12:41.160+00:00 CAN id=101 dlc=8 data=d8cf040020a10700
2026-07-07T15:12:41.179+00:00 CAN id=101 dlc=8 data=d8cf040020a10700
2026-07-07T15:12:41.200+00:00 CAN id=101 dlc=8 data=d8cf040020a10700
2026-07-07T15:12:41.219+00:00 VCP run=1 step=0 angle=315527 target=315352 err=-175 steer=0 m1=2249/115023 i1=303 t1=28 m2=-2212/-115023 i2=-330 t2=27 steerMode=0/292 iSteer=-13567 driveMode=115023/116754 iDrive=316456 scale=0 wheel=334612
2026-07-07T15:12:41.219+00:00 VCP SET_TARGET_RX steer=315352 wheel=500000
2026-07-07T15:12:41.220+00:00 CAN id=101 dlc=8 data=d8cf040020a10700
2026-07-07T15:12:41.239+00:00 CAN id=101 dlc=8 data=d8cf040020a10700
2026-07-07T15:12:41.259+00:00 CAN id=101 dlc=8 data=d8cf040020a10700
2026-07-07T15:12:41.279+00:00 CAN id=101 dlc=8 data=d8cf040020a10700
2026-07-07T15:12:41.299+00:00 CAN id=101 dlc=8 data=d8cf040020a10700
2026-07-07T15:12:41.319+00:00 CAN id=101 dlc=8 data=d8cf040020a10700
2026-07-07T15:12:41.339+00:00 CAN id=101 dlc=8 data=d8cf040020a10700
2026-07-07T15:12:41.359+00:00 CAN id=101 dlc=8 data=d8cf040020a10700
2026-07-07T15:12:41.379+00:00 CAN id=101 dlc=8 data=d8cf040020a10700
2026-07-07T15:12:41.399+00:00 CAN id=101 dlc=8 data=d8cf040020a10700
2026-07-07T15:12:41.405+00:00 VCP run=1 step=0 angle=315879 target=315352 err=-527 steer=-263 m1=2299/119968 i1=292 t1=28 m2=-2342/-122866 i2=-361 t2=27 steerMode=-1449/-852 iSteer=-34601 driveMode=121417/121973 iDrive=326571 scale=0 wheel=353213
2026-07-07T15:12:41.405+00:00 VCP run=1 step=0 angle=315791 target=315352 err=-439 steer=0 m1=2500/127742 i1=268 t1=28 m2=-2455/-127742 i2=-354 t2=27 steerMode=0/795 iSteer=-43271 driveMode=127742/129615 iDrive=311086 scale=0 wheel=371614
2026-07-07T15:12:41.419+00:00 CAN id=101 dlc=8 data=d8cf040020a10700
2026-07-07T15:12:41.439+00:00 CAN id=101 dlc=8 data=d8cf040020a10700
2026-07-07T15:12:41.459+00:00 CAN id=101 dlc=8 data=d8cf040020a10700
2026-07-07T15:12:41.479+00:00 CAN id=101 dlc=8 data=d8cf040020a10700
2026-07-07T15:12:41.499+00:00 CAN id=101 dlc=8 data=d8cf040020a10700
2026-07-07T15:12:41.509+00:00 VCP run=1 step=0 angle=315703 target=315352 err=-351 steer=0 m1=2605/134137 i1=279 t1=28 m2=-2589/-134137 i2=-335 t2=27 steerMode=0/412 iSteer=-27577 driveMode=134137/136017 iDrive=307056 scale=0 wheel=390215
2026-07-07T15:12:41.519+00:00 CAN id=101 dlc=8 data=d8cf040020a10700
2026-07-07T15:12:41.539+00:00 CAN id=101 dlc=8 data=d8cf040020a10700
2026-07-07T15:12:41.559+00:00 CAN id=101 dlc=8 data=d8cf040020a10700
2026-07-07T15:12:41.579+00:00 CAN id=101 dlc=8 data=d8cf040020a10700
2026-07-07T15:12:41.599+00:00 CAN id=101 dlc=8 data=d8cf040020a10700
2026-07-07T15:12:41.613+00:00 VCP run=1 step=0 angle=315967 target=315352 err=-615 steer=-307 m1=2674/138840 i1=257 t1=28 m2=-2782/-142221 i2=-363 t2=27 steerMode=-1691/-847 iSteer=-52922 driveMode=140531/141833 iDrive=310007 scale=0 wheel=408816
2026-07-07T15:12:41.619+00:00 CAN id=101 dlc=8 data=d8cf040020a10700
2026-07-07T15:12:41.639+00:00 CAN id=101 dlc=8 data=d8cf040020a10700
2026-07-07T15:12:41.659+00:00 CAN id=101 dlc=8 data=d8cf040020a10700
2026-07-07T15:12:41.679+00:00 CAN id=101 dlc=8 data=d8cf040020a10700
2026-07-07T15:12:41.699+00:00 CAN id=101 dlc=8 data=d8cf040020a10700
2026-07-07T15:12:41.714+00:00 VCP run=1 step=0 angle=315791 target=315352 err=-439 steer=0 m1=2835/146856 i1=268 t1=28 m2=-2767/-146856 i2=-378 t2=27 steerMode=0/899 iSteer=-54909 driveMode=146856/146704 iDrive=322956 scale=0 wheel=427217
2026-07-07T15:12:41.714+00:00 VCP SET_TARGET_RX steer=315352 wheel=500000
2026-07-07T15:12:41.719+00:00 CAN id=101 dlc=8 data=d8cf040020a10700
2026-07-07T15:12:41.739+00:00 CAN id=101 dlc=8 data=d8cf040020a10700
2026-07-07T15:12:41.759+00:00 CAN id=101 dlc=8 data=d8cf040020a10700
2026-07-07T15:12:41.779+00:00 CAN id=101 dlc=8 data=d8cf040020a10700
2026-07-07T15:12:41.799+00:00 CAN id=101 dlc=8 data=d8cf040020a10700
2026-07-07T15:12:41.818+00:00 VCP run=1 step=0 angle=315703 target=315352 err=-351 steer=0 m1=2915/153250 i1=365 t1=28 m2=-2968/-153250 i2=-274 t2=27 steerMode=0/-1196 iSteer=45423 driveMode=153250/153510 iDrive=319232 scale=0 wheel=445818
2026-07-07T15:12:41.819+00:00 CAN id=101 dlc=8 data=d8cf040020a10700
2026-07-07T15:12:41.839+00:00 CAN id=101 dlc=8 data=d8cf040020a10700
2026-07-07T15:12:41.859+00:00 CAN id=101 dlc=8 data=d8cf040020a10700
2026-07-07T15:12:41.879+00:00 CAN id=101 dlc=8 data=d8cf040020a10700
2026-07-07T15:12:41.899+00:00 CAN id=101 dlc=8 data=d8cf040020a10700
2026-07-07T15:12:41.919+00:00 CAN id=101 dlc=8 data=d8cf040020a10700
2026-07-07T15:12:41.939+00:00 CAN id=101 dlc=8 data=d8cf040020a10700
2026-07-07T15:12:41.959+00:00 CAN id=101 dlc=8 data=d8cf040020a10700
2026-07-07T15:12:41.979+00:00 CAN id=101 dlc=8 data=d8cf040020a10700
2026-07-07T15:12:41.999+00:00 CAN id=101 dlc=8 data=d8cf040020a10700
2026-07-07T15:12:42.004+00:00 VCP run=1 step=0 angle=315527 target=315352 err=-175 steer=0 m1=3097/159644 i1=252 t1=28 m2=-3062/-159644 i2=-353 t2=27 steerMode=0/733 iSteer=-50550 driveMode=159644/161348 iDrive=302393 scale=0 wheel=464419
2026-07-07T15:12:42.004+00:00 VCP run=1 step=0 angle=315879 target=315352 err=-527 steer=-263 m1=3157/164589 i1=227 t1=28 m2=-3198/-167487 i2=-401 t2=27 steerMode=-1449/-63 iSteer=-86810 driveMode=166038/166364 iDrive=314259 scale=0 wheel=483020
2026-07-07T15:12:42.019+00:00 CAN id=101 dlc=8 data=d8cf040020a10700
2026-07-07T15:12:42.039+00:00 CAN id=101 dlc=8 data=d8cf040020a10700
2026-07-07T15:12:42.059+00:00 CAN id=101 dlc=8 data=d8cf040020a10700
2026-07-07T15:12:42.079+00:00 CAN id=101 dlc=8 data=d8cf040020a10700
2026-07-07T15:12:42.099+00:00 CAN id=101 dlc=8 data=d8cf040020a10700
2026-07-07T15:12:42.107+00:00 VCP run=1 step=0 angle=315879 target=315352 err=-527 steer=-263 m1=3291/170426 i1=236 t1=28 m2=-3298/-173324 i2=-403 t2=27 steerMode=-1449/-136 iSteer=-83539 driveMode=171875/171718 iDrive=319216 scale=0 wheel=500000
2026-07-07T15:12:42.119+00:00 CAN id=101 dlc=8 data=d8cf040020a10700
2026-07-07T15:12:42.139+00:00 CAN id=101 dlc=8 data=d8cf040020a10700
2026-07-07T15:12:42.159+00:00 CAN id=101 dlc=8 data=d8cf040020a10700
2026-07-07T15:12:42.179+00:00 CAN id=101 dlc=8 data=d8cf040020a10700
2026-07-07T15:12:42.199+00:00 CAN id=101 dlc=8 data=d8cf040020a10700
2026-07-07T15:12:42.208+00:00 VCP run=1 step=0 angle=315527 target=315352 err=-175 steer=0 m1=3419/171875 i1=221 t1=28 m2=-3380/-171875 i2=-263 t2=27 steerMode=0/89 iSteer=-21238 driveMode=171875/178752 iDrive=241909 scale=0 wheel=500000
2026-07-07T15:12:42.208+00:00 VCP SET_TARGET_RX steer=315352 wheel=500000
2026-07-07T15:12:42.219+00:00 CAN id=101 dlc=8 data=d8cf040020a10700
2026-07-07T15:12:42.239+00:00 CAN id=101 dlc=8 data=d8cf040020a10700
2026-07-07T15:12:42.259+00:00 CAN id=101 dlc=8 data=d8cf040020a10700
2026-07-07T15:12:42.279+00:00 CAN id=101 dlc=8 data=d8cf040020a10700
2026-07-07T15:12:42.299+00:00 CAN id=101 dlc=8 data=d8cf040020a10700
2026-07-07T15:12:42.312+00:00 VCP run=1 step=0 angle=315791 target=315352 err=-439 steer=0 m1=3438/171875 i1=142 t1=28 m2=-3403/-171875 i2=-291 t2=27 steerMode=0/1098 iSteer=-74156 driveMode=171875/179842 iDrive=216379 scale=0 wheel=500000
2026-07-07T15:12:42.319+00:00 CAN id=101 dlc=8 data=d8cf040020a10700
2026-07-07T15:12:42.339+00:00 CAN id=101 dlc=8 data=d8cf040020a10700
2026-07-07T15:12:42.359+00:00 CAN id=101 dlc=8 data=d8cf040020a10700
2026-07-07T15:12:42.380+00:00 CAN id=101 dlc=8 data=d8cf040020a10700
2026-07-07T15:12:42.400+00:00 CAN id=101 dlc=8 data=d8cf040020a10700
2026-07-07T15:12:42.417+00:00 VCP run=1 step=0 angle=315703 target=315352 err=-351 steer=0 m1=3410/171875 i1=203 t1=28 m2=-3393/-171875 i2=-200 t2=27 steerMode=0/-432 iSteer=1542 driveMode=171875/179851 iDrive=201177 scale=0 wheel=500000
2026-07-07T15:12:42.419+00:00 CAN id=101 dlc=8 data=d8cf040020a10700
2026-07-07T15:12:42.439+00:00 CAN id=101 dlc=8 data=d8cf040020a10700
2026-07-07T15:12:42.459+00:00 CAN id=101 dlc=8 data=d8cf040020a10700
2026-07-07T15:12:42.479+00:00 CAN id=101 dlc=8 data=d8cf040020a10700
2026-07-07T15:12:42.499+00:00 CAN id=101 dlc=8 data=d8cf040020a10700
2026-07-07T15:12:42.519+00:00 CAN id=101 dlc=8 data=d8cf040020a10700
2026-07-07T15:12:42.539+00:00 CAN id=101 dlc=8 data=d8cf040020a10700
2026-07-07T15:12:42.559+00:00 CAN id=101 dlc=8 data=d8cf040020a10700
2026-07-07T15:12:42.579+00:00 CAN id=101 dlc=8 data=d8cf040020a10700
2026-07-07T15:12:42.599+00:00 CAN id=101 dlc=8 data=d8cf040020a10700
2026-07-07T15:12:42.602+00:00 VCP run=1 step=0 angle=315879 target=315352 err=-527 steer=-263 m1=3373/170426 i1=143 t1=28 m2=-3445/-173324 i2=-238 t2=27 steerMode=-1449/-986 iSteer=-47122 driveMode=171875/179520 iDrive=190474 scale=0 wheel=500000
2026-07-07T15:12:42.602+00:00 VCP run=1 step=0 angle=315176 target=315352 err=176 steer=0 m1=3450/171875 i1=110 t1=28 m2=-3374/-171875 i2=-240 t2=27 steerMode=0/866 iSteer=-65071 driveMode=171875/179594 iDrive=175017 scale=0 wheel=500000
2026-07-07T15:12:42.620+00:00 CAN id=101 dlc=8 data=d8cf040020a10700
2026-07-07T15:12:42.639+00:00 CAN id=101 dlc=8 data=d8cf040020a10700
2026-07-07T15:12:42.659+00:00 CAN id=101 dlc=8 data=d8cf040020a10700
2026-07-07T15:12:42.680+00:00 CAN id=101 dlc=8 data=d8cf040020a10700
2026-07-07T15:12:42.699+00:00 CAN id=101 dlc=8 data=d8cf040020a10700
2026-07-07T15:12:42.703+00:00 VCP run=1 step=0 angle=315615 target=315352 err=-263 steer=0 m1=3358/171875 i1=163 t1=28 m2=-3361/-171875 i2=-207 t2=27 steerMode=0/-36 iSteer=-21630 driveMode=171875/177397 iDrive=184998 scale=0 wheel=500000
2026-07-07T15:12:42.703+00:00 VCP SET_TARGET_RX steer=315352 wheel=500000
2026-07-07T15:12:42.719+00:00 CAN id=101 dlc=8 data=d8cf040020a10700
2026-07-07T15:12:42.740+00:00 CAN id=101 dlc=8 data=d8cf040020a10700
2026-07-07T15:12:42.759+00:00 CAN id=101 dlc=8 data=d8cf040020a10700
2026-07-07T15:12:42.779+00:00 CAN id=101 dlc=8 data=d8cf040020a10700
2026-07-07T15:12:42.799+00:00 CAN id=101 dlc=8 data=d8cf040020a10700
2026-07-07T15:12:42.807+00:00 VCP run=1 step=0 angle=315967 target=315352 err=-615 steer=-307 m1=3323/170184 i1=85 t1=28 m2=-3345/-173566 i2=-304 t2=27 steerMode=-1691/-19 iSteer=-109290 driveMode=171875/175628 iDrive=194649 scale=0 wheel=500000
2026-07-07T15:12:42.819+00:00 CAN id=101 dlc=8 data=d8cf040020a10700
2026-07-07T15:12:42.839+00:00 CAN id=101 dlc=8 data=d8cf040020a10700
2026-07-07T15:12:42.859+00:00 CAN id=101 dlc=8 data=d8cf040020a10700
2026-07-07T15:12:42.880+00:00 CAN id=101 dlc=8 data=d8cf040020a10700
2026-07-07T15:12:42.900+00:00 CAN id=101 dlc=8 data=d8cf040020a10700
2026-07-07T15:12:42.911+00:00 VCP run=1 step=0 angle=315527 target=315352 err=-175 steer=0 m1=3369/171875 i1=153 t1=28 m2=-3305/-171875 i2=-207 t2=27 steerMode=0/74 iSteer=-27139 driveMode=171875/176319 iDrive=179794 scale=0 wheel=500000
2026-07-07T15:12:42.919+00:00 CAN id=101 dlc=8 data=d8cf040020a10700
2026-07-07T15:12:42.939+00:00 CAN id=101 dlc=8 data=d8cf040020a10700
2026-07-07T15:12:42.959+00:00 CAN id=101 dlc=8 data=d8cf040020a10700
2026-07-07T15:12:42.980+00:00 CAN id=101 dlc=8 data=d8cf040020a10700
2026-07-07T15:12:42.999+00:00 CAN id=101 dlc=8 data=d8cf040020a10700
2026-07-07T15:12:43.016+00:00 VCP run=1 step=0 angle=315527 target=315352 err=-175 steer=0 m1=3310/171875 i1=144 t1=28 m2=-3315/-171875 i2=-238 t2=27 steerMode=0/434 iSteer=-47331 driveMode=171875/174558 iDrive=190863 scale=0 wheel=500000
2026-07-07T15:12:43.019+00:00 CAN id=101 dlc=8 data=d8cf040020a10700
2026-07-07T15:12:43.039+00:00 CAN id=101 dlc=8 data=d8cf040020a10700
2026-07-07T15:12:43.059+00:00 CAN id=101 dlc=8 data=d8cf040020a10700
2026-07-07T15:12:43.080+00:00 CAN id=101 dlc=8 data=d8cf040020a10700
2026-07-07T15:12:43.100+00:00 CAN id=101 dlc=8 data=d8cf040020a10700
2026-07-07T15:12:43.119+00:00 CAN id=101 dlc=8 data=d8cf040020a10700
2026-07-07T15:12:43.139+00:00 CAN id=101 dlc=8 data=d8cf040020a10700
2026-07-07T15:12:43.141+00:00 VCP run=1 step=0 angle=315703 target=315352 err=-351 steer=0 m1=3297/171875 i1=143 t1=28 m2=-3284/-171875 i2=-258 t2=27 steerMode=0/626 iSteer=-57415 driveMode=171875/173171 iDrive=200730 scale=0 wheel=500000
2026-07-07T15:12:43.141+00:00 VCP run=1 step=0 angle=315615 target=315352 err=-263 steer=0 m1=3266/171875 i1=240 t1=28 m2=-3330/-171875 i2=-148 t2=27 steerMode=0/-1493 iSteer=46424 driveMode=171875/173617 iDrive=193984 scale=0 wheel=500000
2026-07-07T15:12:43.159+00:00 CAN id=101 dlc=8 data=d8cf040020a10700
2026-07-07T15:12:43.179+00:00 CAN id=101 dlc=8 data=d8cf040020a10700
2026-07-07T15:12:43.199+00:00 CAN id=101 dlc=8 data=d8cf040020a10700
2026-07-07T15:12:43.219+00:00 CAN id=101 dlc=8 data=d8cf040020a10700
2026-07-07T15:12:43.240+00:00 CAN id=101 dlc=8 data=d8cf040020a10700
2026-07-07T15:12:43.259+00:00 CAN id=101 dlc=8 data=d8cf040020a10700
2026-07-07T15:12:43.280+00:00 CAN id=101 dlc=8 data=d8cf040020a10700
2026-07-07T15:12:43.299+00:00 CAN id=101 dlc=8 data=d8cf040020a10700
2026-07-07T15:12:43.303+00:00 VCP SET_TARGET_RX steer=315352 wheel=500000
2026-07-07T15:12:43.303+00:00 VCP run=1 step=0 angle=315352 target=315352 err=0 steer=0 m1=3310/171875 i1=129 t1=28 m2=-3294/-171875 i2=-248 t2=27 steerMode=0/635 iSteer=-59443 driveMode=171875/173829 iDrive=188198 scale=0 wheel=500000
2026-07-07T15:12:43.319+00:00 CAN id=101 dlc=8 data=d8cf040020a10700
2026-07-07T15:12:43.339+00:00 CAN id=101 dlc=8 data=d8cf040020a10700
2026-07-07T15:12:43.360+00:00 CAN id=101 dlc=8 data=d8cf040020a10700
2026-07-07T15:12:43.380+00:00 CAN id=101 dlc=8 data=d8cf040020a10700
2026-07-07T15:12:43.400+00:00 CAN id=101 dlc=8 data=d8cf040020a10700
2026-07-07T15:12:43.407+00:00 VCP run=1 step=0 angle=315439 target=315352 err=-87 steer=0 m1=3281/171875 i1=174 t1=28 m2=-3257/-171875 i2=-227 t2=27 steerMode=0/-43 iSteer=-26637 driveMode=171875/172408 iDrive=200451 scale=0 wheel=500000
2026-07-07T15:12:43.419+00:00 CAN id=101 dlc=8 data=d8cf040020a10700
2026-07-07T15:12:43.440+00:00 CAN id=101 dlc=8 data=d8cf040020a10700
2026-07-07T15:12:43.459+00:00 CAN id=101 dlc=8 data=d8cf040020a10700
2026-07-07T15:12:43.480+00:00 CAN id=101 dlc=8 data=d8cf040020a10700
2026-07-07T15:12:43.499+00:00 CAN id=101 dlc=8 data=d8cf040020a10700
2026-07-07T15:12:43.512+00:00 VCP run=1 step=0 angle=315791 target=315352 err=-439 steer=0 m1=3270/171875 i1=175 t1=28 m2=-3294/-171875 i2=-237 t2=27 steerMode=0/28 iSteer=-31096 driveMode=171875/171877 iDrive=206129 scale=0 wheel=500000
2026-07-07T15:12:43.519+00:00 CAN id=101 dlc=8 data=d8cf040020a10700
2026-07-07T15:12:43.539+00:00 CAN id=101 dlc=8 data=d8cf040020a10700
2026-07-07T15:12:43.559+00:00 CAN id=101 dlc=8 data=d8cf040020a10700
2026-07-07T15:12:43.579+00:00 CAN id=101 dlc=8 data=d8cf040020a10700
2026-07-07T15:12:43.599+00:00 BENCH step t=22.000s -> steer=315352mdeg wheel=75000milli-rpm
2026-07-07T15:12:43.600+00:00 CAN id=101 dlc=8 data=d8cf0400f8240100
2026-07-07T15:12:43.616+00:00 VCP run=1 step=0 angle=315439 target=315352 err=-87 steer=0 m1=3302/171875 i1=156 t1=28 m2=-3296/-171875 i2=-226 t2=27 steerMode=0/110 iSteer=-34921 driveMode=171875/173228 iDrive=191072 scale=0 wheel=500000
2026-07-07T15:12:43.620+00:00 CAN id=101 dlc=8 data=d8cf0400f8240100
2026-07-07T15:12:43.639+00:00 CAN id=101 dlc=8 data=d8cf0400f8240100
2026-07-07T15:12:43.659+00:00 CAN id=101 dlc=8 data=d8cf0400f8240100
2026-07-07T15:12:43.680+00:00 CAN id=101 dlc=8 data=d8cf0400f8240100
2026-07-07T15:12:43.699+00:00 CAN id=101 dlc=8 data=d8cf0400f8240100
2026-07-07T15:12:43.717+00:00 VCP run=1 step=0 angle=315703 target=315352 err=-351 steer=0 m1=3256/171806 i1=151 t1=28 m2=-3269/-171806 i2=-263 t2=27 steerMode=0/493 iSteer=-56003 driveMode=171806/171465 iDrive=207297 scale=0 wheel=499800
2026-07-07T15:12:43.717+00:00 VCP SET_TARGET_RX steer=315352 wheel=75000
2026-07-07T15:12:43.719+00:00 CAN id=101 dlc=8 data=d8cf0400f8240100
2026-07-07T15:12:43.740+00:00 CAN id=101 dlc=8 data=d8cf0400f8240100
2026-07-07T15:12:43.759+00:00 CAN id=101 dlc=8 data=d8cf0400f8240100
2026-07-07T15:12:43.780+00:00 CAN id=101 dlc=8 data=d8cf0400f8240100
2026-07-07T15:12:43.799+00:00 CAN id=101 dlc=8 data=d8cf0400f8240100
2026-07-07T15:12:43.819+00:00 CAN id=101 dlc=8 data=d8cf0400f8240100
2026-07-07T15:12:43.839+00:00 CAN id=101 dlc=8 data=d8cf0400f8240100
2026-07-07T15:12:43.859+00:00 CAN id=101 dlc=8 data=d8cf0400f8240100
2026-07-07T15:12:43.880+00:00 CAN id=101 dlc=8 data=d8cf0400f8240100
2026-07-07T15:12:43.899+00:00 CAN id=101 dlc=8 data=d8cf0400f8240100
2026-07-07T15:12:43.903+00:00 VCP run=1 step=0 angle=315703 target=315352 err=-351 steer=0 m1=3226/165412 i1=105 t1=28 m2=-3221/-165412 i2=-195 t2=27 steerMode=0/274 iSteer=-45204 driveMode=165412/170390 iDrive=150218 scale=0 wheel=481199
2026-07-07T15:12:43.903+00:00 VCP run=1 step=0 angle=315527 target=315352 err=-175 steer=0 m1=3157/159018 i1=147 t1=28 m2=-3206/-159018 i2=-79 t2=27 steerMode=0/-1347 iSteer=34150 driveMode=159018/167712 iDrive=113063 scale=0 wheel=462598
2026-07-07T15:12:43.919+00:00 CAN id=101 dlc=8 data=d8cf0400f8240100
2026-07-07T15:12:43.939+00:00 CAN id=101 dlc=8 data=d8cf0400f8240100
2026-07-07T15:12:43.959+00:00 CAN id=101 dlc=8 data=d8cf0400f8240100
2026-07-07T15:12:43.979+00:00 CAN id=101 dlc=8 data=d8cf0400f8240100
2026-07-07T15:12:44.000+00:00 CAN id=101 dlc=8 data=d8cf0400f8240100
2026-07-07T15:12:44.008+00:00 VCP run=1 step=0 angle=315439 target=315352 err=-87 steer=0 m1=3099/152624 i1=32 t1=28 m2=-3095/-152624 i2=-160 t2=27 steerMode=0/626 iSteer=-63969 driveMode=152624/162998 iDrive=96263 scale=0 wheel=443997
2026-07-07T15:12:44.019+00:00 CAN id=101 dlc=8 data=d8cf0400f8240100
2026-07-07T15:12:44.039+00:00 CAN id=101 dlc=8 data=d8cf0400f8240100
2026-07-07T15:12:44.059+00:00 CAN id=101 dlc=8 data=d8cf0400f8240100
2026-07-07T15:12:44.079+00:00 CAN id=101 dlc=8 data=d8cf0400f8240100
2026-07-07T15:12:44.100+00:00 CAN id=101 dlc=8 data=d8cf0400f8240100
2026-07-07T15:12:44.112+00:00 VCP run=1 step=0 angle=315439 target=315352 err=-87 steer=0 m1=2946/146230 i1=72 t1=28 m2=-2959/-146230 i2=-124 t2=27 steerMode=0/-138 iSteer=-26107 driveMode=146230/156464 iDrive=97658 scale=0 wheel=425396
2026-07-07T15:12:44.119+00:00 CAN id=101 dlc=8 data=d8cf0400f8240100
2026-07-07T15:12:44.139+00:00 CAN id=101 dlc=8 data=d8cf0400f8240100
2026-07-07T15:12:44.159+00:00 CAN id=101 dlc=8 data=d8cf0400f8240100
2026-07-07T15:12:44.180+00:00 CAN id=101 dlc=8 data=d8cf0400f8240100
2026-07-07T15:12:44.200+00:00 CAN id=101 dlc=8 data=d8cf0400f8240100
2026-07-07T15:12:44.213+00:00 VCP run=1 step=0 angle=315791 target=315352 err=-439 steer=0 m1=2812/139836 i1=44 t1=28 m2=-2798/-139836 i2=-179 t2=27 steerMode=0/662 iSteer=-67560 driveMode=139836/148717 iDrive=111188 scale=0 wheel=406795
2026-07-07T15:12:44.213+00:00 VCP SET_TARGET_RX steer=315352 wheel=75000
2026-07-07T15:12:44.219+00:00 CAN id=101 dlc=8 data=d8cf0400f8240100
2026-07-07T15:12:44.239+00:00 CAN id=101 dlc=8 data=d8cf0400f8240100
2026-07-07T15:12:44.259+00:00 CAN id=101 dlc=8 data=d8cf0400f8240100
2026-07-07T15:12:44.279+00:00 CAN id=101 dlc=8 data=d8cf0400f8240100
2026-07-07T15:12:44.299+00:00 CAN id=101 dlc=8 data=d8cf0400f8240100
2026-07-07T15:12:44.319+00:00 CAN id=101 dlc=8 data=d8cf0400f8240100
2026-07-07T15:12:44.339+00:00 CAN id=101 dlc=8 data=d8cf0400f8240100
2026-07-07T15:12:44.359+00:00 CAN id=101 dlc=8 data=d8cf0400f8240100
2026-07-07T15:12:44.379+00:00 CAN id=101 dlc=8 data=d8cf0400f8240100
2026-07-07T15:12:44.400+00:00 CAN id=101 dlc=8 data=d8cf0400f8240100
2026-07-07T15:12:44.400+00:00 VCP run=1 step=0 angle=315439 target=315352 err=-87 steer=0 m1=2714/133442 i1=146 t1=28 m2=-2754/-133442 i2=-30 t2=27 steerMode=0/-1847 iSteer=58060 driveMode=133442/144641 iDrive=88012 scale=0 wheel=388194
2026-07-07T15:12:44.400+00:00 VCP run=1 step=0 angle=315352 target=315352 err=0 steer=0 m1=2582/127048 i1=15 t1=28 m2=-2589/-127048 i2=-181 t2=27 steerMode=0/963 iSteer=-82940 driveMode=127048/137274 iDrive=97739 scale=0 wheel=369593
2026-07-07T15:12:44.420+00:00 CAN id=101 dlc=8 data=d8cf0400f8240100
2026-07-07T15:12:44.440+00:00 CAN id=101 dlc=8 data=d8cf0400f8240100
2026-07-07T15:12:44.459+00:00 CAN id=101 dlc=8 data=d8cf0400f8240100
2026-07-07T15:12:44.480+00:00 CAN id=101 dlc=8 data=d8cf0400f8240100
2026-07-07T15:12:44.500+00:00 CAN id=101 dlc=8 data=d8cf0400f8240100
2026-07-07T15:12:44.505+00:00 VCP run=1 step=0 angle=315352 target=315352 err=0 steer=0 m1=2437/120654 i1=73 t1=28 m2=-2451/-120654 i2=-138 t2=27 steerMode=0/-70 iSteer=-32554 driveMode=120654/130145 iDrive=105087 scale=0 wheel=350992
2026-07-07T15:12:44.519+00:00 CAN id=101 dlc=8 data=d8cf0400f8240100
2026-07-07T15:12:44.539+00:00 CAN id=101 dlc=8 data=d8cf0400f8240100
2026-07-07T15:12:44.559+00:00 CAN id=101 dlc=8 data=d8cf0400f8240100
2026-07-07T15:12:44.579+00:00 CAN id=101 dlc=8 data=d8cf0400f8240100
2026-07-07T15:12:44.600+00:00 CAN id=101 dlc=8 data=d8cf0400f8240100
2026-07-07T15:12:44.610+00:00 VCP run=1 step=0 angle=315352 target=315352 err=0 steer=0 m1=2324/114259 i1=49 t1=28 m2=-2323/-114259 i2=-167 t2=27 steerMode=0/456 iSteer=-58906 driveMode=114259/123457 iDrive=108029 scale=0 wheel=332391
2026-07-07T15:12:44.619+00:00 CAN id=101 dlc=8 data=d8cf0400f8240100
2026-07-07T15:12:44.639+00:00 CAN id=101 dlc=8 data=d8cf0400f8240100
2026-07-07T15:12:44.659+00:00 CAN id=101 dlc=8 data=d8cf0400f8240100
2026-07-07T15:12:44.680+00:00 CAN id=101 dlc=8 data=d8cf0400f8240100
2026-07-07T15:12:44.700+00:00 CAN id=101 dlc=8 data=d8cf0400f8240100
2026-07-07T15:12:44.711+00:00 VCP run=1 step=0 angle=315352 target=315352 err=0 steer=0 m1=2207/107865 i1=78 t1=28 m2=-2229/-107865 i2=-122 t2=27 steerMode=0/-291 iSteer=-21815 driveMode=107865/117895 iDrive=99703 scale=0 wheel=313790
2026-07-07T15:12:44.711+00:00 VCP SET_TARGET_RX steer=315352 wheel=75000
2026-07-07T15:12:44.719+00:00 CAN id=101 dlc=8 data=d8cf0400f8240100
2026-07-07T15:12:44.739+00:00 CAN id=101 dlc=8 data=d8cf0400f8240100
2026-07-07T15:12:44.759+00:00 CAN id=101 dlc=8 data=d8cf0400f8240100
2026-07-07T15:12:44.779+00:00 CAN id=101 dlc=8 data=d8cf0400f8240100
2026-07-07T15:12:44.799+00:00 CAN id=101 dlc=8 data=d8cf0400f8240100
2026-07-07T15:12:44.815+00:00 VCP run=1 step=0 angle=315527 target=315352 err=-175 steer=0 m1=2130/101471 i1=51 t1=28 m2=-2118/-101471 i2=-124 t2=27 steerMode=0/20 iSteer=-36344 driveMode=101471/112738 iDrive=87337 scale=0 wheel=295189
2026-07-07T15:12:44.819+00:00 CAN id=101 dlc=8 data=d8cf0400f8240100
2026-07-07T15:12:44.839+00:00 CAN id=101 dlc=8 data=d8cf0400f8240100
2026-07-07T15:12:44.859+00:00 CAN id=101 dlc=8 data=d8cf0400f8240100
2026-07-07T15:12:44.879+00:00 CAN id=101 dlc=8 data=d8cf0400f8240100
2026-07-07T15:12:44.900+00:00 CAN id=101 dlc=8 data=d8cf0400f8240100
2026-07-07T15:12:44.920+00:00 CAN id=101 dlc=8 data=d8cf0400f8240100
2026-07-07T15:12:44.939+00:00 CAN id=101 dlc=8 data=d8cf0400f8240100
2026-07-07T15:12:44.959+00:00 CAN id=101 dlc=8 data=d8cf0400f8240100
2026-07-07T15:12:44.979+00:00 CAN id=101 dlc=8 data=d8cf0400f8240100
2026-07-07T15:12:44.999+00:00 CAN id=101 dlc=8 data=d8cf0400f8240100
2026-07-07T15:12:45.003+00:00 VCP run=1 step=0 angle=315439 target=315352 err=-87 steer=0 m1=1958/95077 i1=44 t1=28 m2=-1961/-95077 i2=-161 t2=27 steerMode=0/416 iSteer=-58268 driveMode=95077/104842 iDrive=102350 scale=0 wheel=276588
2026-07-07T15:12:45.003+00:00 VCP run=1 step=0 angle=315264 target=315352 err=88 steer=0 m1=1845/88683 i1=80 t1=28 m2=-1836/-88683 i2=-131 t2=27 steerMode=0/-217 iSteer=-25741 driveMode=88683/98129 iDrive=105537 scale=0 wheel=257987
2026-07-07T15:12:45.019+00:00 CAN id=101 dlc=8 data=d8cf0400f8240100
2026-07-07T15:12:45.039+00:00 CAN id=101 dlc=8 data=d8cf0400f8240100
2026-07-07T15:12:45.059+00:00 CAN id=101 dlc=8 data=d8cf0400f8240100
2026-07-07T15:12:45.079+00:00 CAN id=101 dlc=8 data=d8cf0400f8240100
2026-07-07T15:12:45.100+00:00 CAN id=101 dlc=8 data=d8cf0400f8240100
2026-07-07T15:12:45.108+00:00 VCP run=1 step=0 angle=315352 target=315352 err=0 steer=0 m1=1672/82289 i1=81 t1=28 m2=-1708/-82289 i2=-151 t2=27 steerMode=0/-41 iSteer=-34742 driveMode=82289/90674 iDrive=116153 scale=0 wheel=239387
2026-07-07T15:12:45.120+00:00 CAN id=101 dlc=8 data=d8cf0400f8240100
2026-07-07T15:12:45.140+00:00 CAN id=101 dlc=8 data=d8cf0400f8240100
2026-07-07T15:12:45.159+00:00 CAN id=101 dlc=8 data=d8cf0400f8240100
2026-07-07T15:12:45.180+00:00 CAN id=101 dlc=8 data=d8cf0400f8240100
2026-07-07T15:12:45.200+00:00 CAN id=101 dlc=8 data=d8cf0400f8240100
2026-07-07T15:12:45.209+00:00 VCP run=1 step=0 angle=315703 target=315352 err=-351 steer=0 m1=1571/75896 i1=54 t1=28 m2=-1511/-75896 i2=-214 t2=27 steerMode=0/835 iSteer=-80235 driveMode=75896/82508 iDrive=133877 scale=0 wheel=220788
2026-07-07T15:12:45.209+00:00 VCP SET_TARGET_RX steer=315352 wheel=75000
2026-07-07T15:12:45.219+00:00 CAN id=101 dlc=8 data=d8cf0400f8240100
2026-07-07T15:12:45.239+00:00 CAN id=101 dlc=8 data=d8cf0400f8240100
2026-07-07T15:12:45.259+00:00 CAN id=101 dlc=8 data=d8cf0400f8240100
2026-07-07T15:12:45.279+00:00 CAN id=101 dlc=8 data=d8cf0400f8240100
2026-07-07T15:12:45.300+00:00 CAN id=101 dlc=8 data=d8cf0400f8240100
2026-07-07T15:12:45.314+00:00 VCP run=1 step=0 angle=315791 target=315352 err=-439 steer=0 m1=1443/69502 i1=110 t1=28 m2=-1493/-69502 i2=-128 t2=27 steerMode=0/-623 iSteer=-9145 driveMode=69502/77633 iDrive=118685 scale=0 wheel=202188
2026-07-07T15:12:45.319+00:00 CAN id=101 dlc=8 data=d8cf0400f8240100
2026-07-07T15:12:45.339+00:00 CAN id=101 dlc=8 data=d8cf0400f8240100
2026-07-07T15:12:45.359+00:00 CAN id=101 dlc=8 data=d8cf0400f8240100
2026-07-07T15:12:45.380+00:00 CAN id=101 dlc=8 data=d8cf0400f8240100
2026-07-07T15:12:45.400+00:00 CAN id=101 dlc=8 data=d8cf0400f8240100
2026-07-07T15:12:45.419+00:00 CAN id=101 dlc=8 data=d8cf0400f8240100
2026-07-07T15:12:45.439+00:00 CAN id=101 dlc=8 data=d8cf0400f8240100
2026-07-07T15:12:45.460+00:00 CAN id=101 dlc=8 data=d8cf0400f8240100
2026-07-07T15:12:45.480+00:00 CAN id=101 dlc=8 data=d8cf0400f8240100
2026-07-07T15:12:45.499+00:00 CAN id=101 dlc=8 data=d8cf0400f8240100
2026-07-07T15:12:45.501+00:00 VCP run=1 step=0 angle=315703 target=315352 err=-351 steer=0 m1=1393/63108 i1=74 t1=28 m2=-1394/-63108 i2=-114 t2=27 steerMode=0/-355 iSteer=-19944 driveMode=63108/73701 iDrive=94072 scale=0 wheel=183588
2026-07-07T15:12:45.501+00:00 VCP run=1 step=0 angle=315527 target=315352 err=-175 steer=0 m1=1257/56715 i1=65 t1=28 m2=-1313/-56715 i2=-101 t2=27 steerMode=0/-386 iSteer=-17822 driveMode=56715/68425 iDrive=82896 scale=0 wheel=164988
2026-07-07T15:12:45.519+00:00 CAN id=101 dlc=8 data=d8cf0400f8240100
2026-07-07T15:12:45.539+00:00 CAN id=101 dlc=8 data=d8cf0400f8240100
2026-07-07T15:12:45.559+00:00 CAN id=101 dlc=8 data=d8cf0400f8240100
2026-07-07T15:12:45.579+00:00 CAN id=101 dlc=8 data=d8cf0400f8240100
2026-07-07T15:12:45.600+00:00 CAN id=101 dlc=8 data=d8cf0400f8240100
2026-07-07T15:12:45.606+00:00 VCP run=1 step=0 angle=315439 target=315352 err=-87 steer=0 m1=1157/50321 i1=11 t1=28 m2=-1135/-50321 i2=-176 t2=27 steerMode=0/885 iSteer=-82527 driveMode=50321/61014 iDrive=93069 scale=0 wheel=146389
2026-07-07T15:12:45.619+00:00 CAN id=101 dlc=8 data=d8cf0400f8240100
2026-07-07T15:12:45.639+00:00 CAN id=101 dlc=8 data=d8cf0400f8240100
2026-07-07T15:12:45.659+00:00 CAN id=101 dlc=8 data=d8cf0400f8240100
2026-07-07T15:12:45.680+00:00 CAN id=101 dlc=8 data=d8cf0400f8240100
2026-07-07T15:12:45.700+00:00 CAN id=101 dlc=8 data=d8cf0400f8240100
2026-07-07T15:12:45.707+00:00 VCP run=1 step=0 angle=315439 target=315352 err=-87 steer=0 m1=975/43927 i1=64 t1=28 m2=-959/-43927 i2=-160 t2=27 steerMode=0/175 iSteer=-47696 driveMode=43927/52741 iDrive=111864 scale=0 wheel=127789
2026-07-07T15:12:45.707+00:00 VCP SET_TARGET_RX steer=315352 wheel=75000
2026-07-07T15:12:45.719+00:00 CAN id=101 dlc=8 data=d8cf0400f8240100
2026-07-07T15:12:45.740+00:00 CAN id=101 dlc=8 data=d8cf0400f8240100
2026-07-07T15:12:45.759+00:00 CAN id=101 dlc=8 data=d8cf0400f8240100
2026-07-07T15:12:45.779+00:00 CAN id=101 dlc=8 data=d8cf0400f8240100
2026-07-07T15:12:45.800+00:00 CAN id=101 dlc=8 data=d8cf0400f8240100
2026-07-07T15:12:45.812+00:00 VCP run=1 step=0 angle=315527 target=315352 err=-175 steer=0 m1=857/37534 i1=76 t1=28 m2=-848/-37534 i2=-151 t2=27 steerMode=0/-23 iSteer=-37399 driveMode=37534/46144 iDrive=113895 scale=0 wheel=109189
2026-07-07T15:12:45.819+00:00 CAN id=101 dlc=8 data=d8cf0400f8240100
2026-07-07T15:12:45.839+00:00 CAN id=101 dlc=8 data=d8cf0400f8240100
2026-07-07T15:12:45.859+00:00 CAN id=101 dlc=8 data=d8cf0400f8240100
2026-07-07T15:12:45.880+00:00 CAN id=101 dlc=8 data=d8cf0400f8240100
2026-07-07T15:12:45.900+00:00 CAN id=101 dlc=8 data=d8cf0400f8240100
2026-07-07T15:12:45.919+00:00 CAN id=101 dlc=8 data=d8cf0400f8240100
2026-07-07T15:12:45.939+00:00 CAN id=101 dlc=8 data=d8cf0400f8240100
2026-07-07T15:12:45.959+00:00 CAN id=101 dlc=8 data=d8cf0400f8240100
2026-07-07T15:12:45.980+00:00 CAN id=101 dlc=8 data=d8cf0400f8240100
2026-07-07T15:12:46.000+00:00 CAN id=101 dlc=8 data=d8cf0400f8240100
2026-07-07T15:12:46.000+00:00 VCP run=1 step=0 angle=315527 target=315352 err=-175 steer=0 m1=715/31140 i1=70 t1=28 m2=-762/-31140 i2=-151 t2=27 steerMode=0/40 iSteer=-40494 driveMode=31140/40113 iDrive=110270 scale=0 wheel=90589
2026-07-07T15:12:46.000+00:00 VCP run=1 step=0 angle=315527 target=315352 err=-175 steer=0 m1=642/25781 i1=74 t1=28 m2=-632/-25781 i2=-164 t2=27 steerMode=0/131 iSteer=-44841 driveMode=25781/33859 iDrive=119227 scale=0 wheel=75000
2026-07-07T15:12:46.019+00:00 CAN id=101 dlc=8 data=d8cf0400f8240100
2026-07-07T15:12:46.040+00:00 CAN id=101 dlc=8 data=d8cf0400f8240100
2026-07-07T15:12:46.059+00:00 CAN id=101 dlc=8 data=d8cf0400f8240100
2026-07-07T15:12:46.079+00:00 CAN id=101 dlc=8 data=d8cf0400f8240100
2026-07-07T15:12:46.100+00:00 CAN id=101 dlc=8 data=d8cf0400f8240100
2026-07-07T15:12:46.105+00:00 VCP run=1 step=0 angle=315527 target=315352 err=-175 steer=0 m1=516/25781 i1=131 t1=28 m2=-553/-25781 i2=-206 t2=27 steerMode=0/-16 iSteer=-37581 driveMode=25781/28930 iDrive=168514 scale=0 wheel=75000
2026-07-07T15:12:46.119+00:00 CAN id=101 dlc=8 data=d8cf0400f8240100
2026-07-07T15:12:46.139+00:00 CAN id=101 dlc=8 data=d8cf0400f8240100
2026-07-07T15:12:46.159+00:00 CAN id=101 dlc=8 data=d8cf0400f8240100
2026-07-07T15:12:46.180+00:00 CAN id=101 dlc=8 data=d8cf0400f8240100
2026-07-07T15:12:46.199+00:00 CAN id=101 dlc=8 data=d8cf0400f8240100
2026-07-07T15:12:46.206+00:00 VCP run=1 step=0 angle=315615 target=315352 err=-263 steer=0 m1=477/25781 i1=142 t1=28 m2=-476/-25781 i2=-260 t2=27 steerMode=0/404 iSteer=-58666 driveMode=25781/25671 iDrive=201107 scale=0 wheel=75000
2026-07-07T15:12:46.206+00:00 VCP SET_TARGET_RX steer=315352 wheel=75000
2026-07-07T15:12:46.219+00:00 CAN id=101 dlc=8 data=d8cf0400f8240100
2026-07-07T15:12:46.239+00:00 CAN id=101 dlc=8 data=d8cf0400f8240100
2026-07-07T15:12:46.259+00:00 CAN id=101 dlc=8 data=d8cf0400f8240100
2026-07-07T15:12:46.279+00:00 CAN id=101 dlc=8 data=d8cf0400f8240100
2026-07-07T15:12:46.299+00:00 CAN id=101 dlc=8 data=d8cf0400f8240100
2026-07-07T15:12:46.311+00:00 VCP run=1 step=0 angle=315879 target=315352 err=-527 steer=-263 m1=435/24332 i1=114 t1=28 m2=-446/-27230 i2=-337 t2=27 steerMode=-1449/-29 iSteer=-111254 driveMode=25781/23512 iDrive=225282 scale=0 wheel=75000
2026-07-07T15:12:46.319+00:00 CAN id=101 dlc=8 data=d8cf0400f8240100
2026-07-07T15:12:46.339+00:00 CAN id=101 dlc=8 data=d8cf0400f8240100
2026-07-07T15:12:46.359+00:00 CAN id=101 dlc=8 data=d8cf0400f8240100
2026-07-07T15:12:46.379+00:00 CAN id=101 dlc=8 data=d8cf0400f8240100
2026-07-07T15:12:46.399+00:00 CAN id=101 dlc=8 data=d8cf0400f8240100
2026-07-07T15:12:46.415+00:00 VCP run=1 step=0 angle=315791 target=315352 err=-439 steer=-213 m1=420/24607 i1=156 t1=28 m2=-476/-26955 i2=-311 t2=27 steerMode=-1174/-465 iSteer=-77284 driveMode=25781/23146 iDrive=233749 scale=0 wheel=75000
2026-07-07T15:12:46.419+00:00 CAN id=101 dlc=8 data=d8cf0400f8240100
2026-07-07T15:12:46.439+00:00 CAN id=101 dlc=8 data=d8cf0400f8240100
2026-07-07T15:12:46.459+00:00 CAN id=101 dlc=8 data=d8cf0400f8240100
2026-07-07T15:12:46.479+00:00 CAN id=101 dlc=8 data=d8cf0400f8240100
2026-07-07T15:12:46.499+00:00 CAN id=101 dlc=8 data=d8cf0400f8240100
2026-07-07T15:12:46.519+00:00 CAN id=101 dlc=8 data=d8cf0400f8240100
2026-07-07T15:12:46.539+00:00 CAN id=101 dlc=8 data=d8cf0400f8240100
2026-07-07T15:12:46.559+00:00 CAN id=101 dlc=8 data=d8cf0400f8240100
2026-07-07T15:12:46.579+00:00 CAN id=101 dlc=8 data=d8cf0400f8240100
2026-07-07T15:12:46.599+00:00 CAN id=101 dlc=8 data=d8cf0400f8240100
2026-07-07T15:12:46.602+00:00 VCP run=1 step=0 angle=315703 target=315352 err=-351 steer=0 m1=481/25781 i1=195 t1=28 m2=-490/-25781 i2=-237 t2=27 steerMode=0/-389 iSteer=-20577 driveMode=25781/25252 iDrive=216001 scale=0 wheel=75000
2026-07-07T15:12:46.602+00:00 VCP run=1 step=0 angle=315439 target=315352 err=-87 steer=0 m1=533/25781 i1=176 t1=28 m2=-534/-25781 i2=-215 t2=27 steerMode=0/-389 iSteer=-19634 driveMode=25781/27271 iDrive=195160 scale=0 wheel=75000
2026-07-07T15:12:46.619+00:00 CAN id=101 dlc=8 data=d8cf0400f8240100
2026-07-07T15:12:46.639+00:00 CAN id=101 dlc=8 data=d8cf0400f8240100
2026-07-07T15:12:46.659+00:00 CAN id=101 dlc=8 data=d8cf0400f8240100
2026-07-07T15:12:46.679+00:00 CAN id=101 dlc=8 data=d8cf0400f8240100
2026-07-07T15:12:46.699+00:00 CAN id=101 dlc=8 data=d8cf0400f8240100
2026-07-07T15:12:46.704+00:00 VCP run=1 step=0 angle=315264 target=315352 err=88 steer=0 m1=510/25781 i1=155 t1=28 m2=-492/-25781 i2=-220 t2=27 steerMode=0/-117 iSteer=-32376 driveMode=25781/27674 iDrive=187665 scale=0 wheel=75000
2026-07-07T15:12:46.704+00:00 VCP SET_TARGET_RX steer=315352 wheel=75000
2026-07-07T15:12:46.719+00:00 CAN id=101 dlc=8 data=d8cf0400f8240100
2026-07-07T15:12:46.739+00:00 CAN id=101 dlc=8 data=d8cf0400f8240100
2026-07-07T15:12:46.759+00:00 CAN id=101 dlc=8 data=d8cf0400f8240100
2026-07-07T15:12:46.779+00:00 CAN id=101 dlc=8 data=d8cf0400f8240100
2026-07-07T15:12:46.799+00:00 CAN id=101 dlc=8 data=d8cf0400f8240100
2026-07-07T15:12:46.809+00:00 VCP run=1 step=0 angle=315176 target=315352 err=176 steer=0 m1=504/25781 i1=170 t1=28 m2=-549/-25781 i2=-204 t2=27 steerMode=0/-400 iSteer=-17452 driveMode=25781/27424 iDrive=187041 scale=0 wheel=75000
2026-07-07T15:12:46.819+00:00 CAN id=101 dlc=8 data=d8cf0400f8240100
2026-07-07T15:12:46.839+00:00 CAN id=101 dlc=8 data=d8cf0400f8240100
2026-07-07T15:12:46.859+00:00 CAN id=101 dlc=8 data=d8cf0400f8240100
2026-07-07T15:12:46.879+00:00 CAN id=101 dlc=8 data=d8cf0400f8240100
2026-07-07T15:12:46.899+00:00 CAN id=101 dlc=8 data=d8cf0400f8240100
2026-07-07T15:12:46.914+00:00 VCP run=1 step=0 angle=315088 target=315352 err=264 steer=0 m1=502/25781 i1=153 t1=28 m2=-501/-25781 i2=-211 t2=27 steerMode=0/-159 iSteer=-28837 driveMode=25781/27573 iDrive=182239 scale=0 wheel=75000
2026-07-07T15:12:46.919+00:00 CAN id=101 dlc=8 data=d8cf0400f8240100
2026-07-07T15:12:46.939+00:00 CAN id=101 dlc=8 data=d8cf0400f8240100
2026-07-07T15:12:46.962+00:00 CAN id=101 dlc=8 data=d8cf0400f8240100
2026-07-07T15:12:46.979+00:00 CAN id=101 dlc=8 data=d8cf0400f8240100
2026-07-07T15:12:46.999+00:00 CAN id=101 dlc=8 data=d8cf0400f8240100
2026-07-07T15:12:47.019+00:00 CAN id=101 dlc=8 data=d8cf0400f8240100
2026-07-07T15:12:47.039+00:00 CAN id=101 dlc=8 data=d8cf0400f8240100
2026-07-07T15:12:47.059+00:00 CAN id=101 dlc=8 data=d8cf0400f8240100
2026-07-07T15:12:47.079+00:00 CAN id=101 dlc=8 data=d8cf0400f8240100
2026-07-07T15:12:47.099+00:00 CAN id=101 dlc=8 data=d8cf0400f8240100
2026-07-07T15:12:47.101+00:00 VCP run=1 step=0 angle=315088 target=315352 err=264 steer=0 m1=510/25781 i1=157 t1=28 m2=-555/-25781 i2=-217 t2=27 steerMode=0/-123 iSteer=-30184 driveMode=25781/27075 iDrive=187058 scale=0 wheel=75000
2026-07-07T15:12:47.101+00:00 VCP run=1 step=0 angle=315088 target=315352 err=264 steer=0 m1=518/25781 i1=156 t1=28 m2=-538/-25781 i2=-216 t2=27 steerMode=0/-119 iSteer=-30083 driveMode=25781/27212 iDrive=185697 scale=0 wheel=75000
2026-07-07T15:12:47.119+00:00 CAN id=101 dlc=8 data=d8cf0400f8240100
2026-07-07T15:12:47.139+00:00 CAN id=101 dlc=8 data=d8cf0400f8240100
2026-07-07T15:12:47.159+00:00 CAN id=101 dlc=8 data=d8cf0400f8240100
2026-07-07T15:12:47.179+00:00 CAN id=101 dlc=8 data=d8cf0400f8240100
2026-07-07T15:12:47.199+00:00 CAN id=101 dlc=8 data=d8cf0400f8240100
2026-07-07T15:12:47.203+00:00 VCP run=1 step=0 angle=315088 target=315352 err=264 steer=0 m1=523/25781 i1=152 t1=28 m2=-517/-25781 i2=-222 t2=27 steerMode=0/-20 iSteer=-34830 driveMode=25781/27072 iDrive=187096 scale=0 wheel=75000
2026-07-07T15:12:47.203+00:00 VCP SET_TARGET_RX steer=315352 wheel=75000
2026-07-07T15:12:47.219+00:00 CAN id=101 dlc=8 data=d8cf0400f8240100
2026-07-07T15:12:47.239+00:00 CAN id=101 dlc=8 data=d8cf0400f8240100
2026-07-07T15:12:47.259+00:00 CAN id=101 dlc=8 data=d8cf0400f8240100
2026-07-07T15:12:47.279+00:00 CAN id=101 dlc=8 data=d8cf0400f8240100
2026-07-07T15:12:47.299+00:00 CAN id=101 dlc=8 data=d8cf0400f8240100
2026-07-07T15:12:47.308+00:00 VCP run=1 step=0 angle=315088 target=315352 err=264 steer=0 m1=508/25781 i1=146 t1=28 m2=-517/-25781 i2=-227 t2=27 steerMode=0/83 iSteer=-40035 driveMode=25781/27134 iDrive=186475 scale=0 wheel=75000
2026-07-07T15:12:47.319+00:00 CAN id=101 dlc=8 data=d8cf0400f8240100
2026-07-07T15:12:47.339+00:00 CAN id=101 dlc=8 data=d8cf0400f8240100
2026-07-07T15:12:47.359+00:00 CAN id=101 dlc=8 data=d8cf0400f8240100
2026-07-07T15:12:47.379+00:00 CAN id=101 dlc=8 data=d8cf0400f8240100
2026-07-07T15:12:47.399+00:00 CAN id=101 dlc=8 data=d8cf0400f8240100
2026-07-07T15:12:47.413+00:00 VCP run=1 step=0 angle=315000 target=315352 err=352 steer=0 m1=470/25781 i1=148 t1=28 m2=-519/-25781 i2=-240 t2=27 steerMode=0/193 iSteer=-45918 driveMode=25781/26413 iDrive=193678 scale=0 wheel=75000
2026-07-07T15:12:47.419+00:00 CAN id=101 dlc=8 data=d8cf0400f8240100
2026-07-07T15:12:47.439+00:00 CAN id=101 dlc=8 data=d8cf0400f8240100
2026-07-07T15:12:47.460+00:00 CAN id=101 dlc=8 data=d8cf0400f8240100
2026-07-07T15:12:47.479+00:00 CAN id=101 dlc=8 data=d8cf0400f8240100
2026-07-07T15:12:47.499+00:00 CAN id=101 dlc=8 data=d8cf0400f8240100
2026-07-07T15:12:47.519+00:00 CAN id=101 dlc=8 data=d8cf0400f8240100
2026-07-07T15:12:47.539+00:00 CAN id=101 dlc=8 data=d8cf0400f8240100
2026-07-07T15:12:47.559+00:00 CAN id=101 dlc=8 data=d8cf0400f8240100
2026-07-07T15:12:47.579+00:00 CAN id=101 dlc=8 data=d8cf0400f8240100
2026-07-07T15:12:47.599+00:00 CAN id=101 dlc=8 data=d8cf0400f8240100
2026-07-07T15:12:47.601+00:00 VCP run=1 step=0 angle=315176 target=315352 err=176 steer=0 m1=485/25781 i1=149 t1=28 m2=-488/-25781 i2=-264 t2=27 steerMode=0/421 iSteer=-57714 driveMode=25781/25164 iDrive=206359 scale=0 wheel=75000
2026-07-07T15:12:47.601+00:00 VCP run=1 step=0 angle=315176 target=315352 err=176 steer=0 m1=483/25781 i1=188 t1=28 m2=-461/-25781 i2=-244 t2=27 steerMode=0/-180 iSteer=-27760 driveMode=25781/24435 iDrive=215900 scale=0 wheel=75000
2026-07-07T15:12:47.619+00:00 CAN id=101 dlc=8 data=d8cf0400f8240100
2026-07-07T15:12:47.639+00:00 CAN id=101 dlc=8 data=d8cf0400f8240100
2026-07-07T15:12:47.659+00:00 CAN id=101 dlc=8 data=d8cf0400f8240100
2026-07-07T15:12:47.679+00:00 CAN id=101 dlc=8 data=d8cf0400f8240100
2026-07-07T15:12:47.699+00:00 CAN id=101 dlc=8 data=d8cf0400f8240100
2026-07-07T15:12:47.702+00:00 VCP run=1 step=0 angle=315264 target=315352 err=88 steer=0 m1=466/25781 i1=178 t1=28 m2=-461/-25781 i2=-257 t2=27 steerMode=0/51 iSteer=-39545 driveMode=25781/24496 iDrive=217716 scale=0 wheel=75000
2026-07-07T15:12:47.702+00:00 VCP SET_TARGET_RX steer=315352 wheel=75000
2026-07-07T15:12:47.719+00:00 CAN id=101 dlc=8 data=d8cf0400f8240100
2026-07-07T15:12:47.739+00:00 CAN id=101 dlc=8 data=d8cf0400f8240100
2026-07-07T15:12:47.759+00:00 CAN id=101 dlc=8 data=d8cf0400f8240100
2026-07-07T15:12:47.779+00:00 CAN id=101 dlc=8 data=d8cf0400f8240100
2026-07-07T15:12:47.799+00:00 CAN id=101 dlc=8 data=d8cf0400f8240100
2026-07-07T15:12:47.807+00:00 VCP run=1 step=0 angle=315264 target=315352 err=88 steer=0 m1=506/25781 i1=183 t1=28 m2=-480/-25781 i2=-233 t2=27 steerMode=0/-230 iSteer=-24874 driveMode=25781/25600 iDrive=208029 scale=0 wheel=75000
2026-07-07T15:12:47.819+00:00 CAN id=101 dlc=8 data=d8cf0400f8240100
2026-07-07T15:12:47.839+00:00 CAN id=101 dlc=8 data=d8cf0400f8240100
2026-07-07T15:12:47.859+00:00 CAN id=101 dlc=8 data=d8cf0400f8240100
2026-07-07T15:12:47.879+00:00 CAN id=101 dlc=8 data=d8cf0400f8240100
2026-07-07T15:12:47.899+00:00 CAN id=101 dlc=8 data=d8cf0400f8240100
2026-07-07T15:12:47.912+00:00 VCP run=1 step=0 angle=315176 target=315352 err=176 steer=0 m1=518/25781 i1=170 t1=28 m2=-499/-25781 i2=-235 t2=27 steerMode=0/-64 iSteer=-32712 driveMode=25781/26143 iDrive=202323 scale=0 wheel=75000
2026-07-07T15:12:47.919+00:00 CAN id=101 dlc=8 data=d8cf0400f8240100
2026-07-07T15:12:47.939+00:00 CAN id=101 dlc=8 data=d8cf0400f8240100
2026-07-07T15:12:47.959+00:00 CAN id=101 dlc=8 data=d8cf0400f8240100
2026-07-07T15:12:47.979+00:00 CAN id=101 dlc=8 data=d8cf0400f8240100
2026-07-07T15:12:47.999+00:00 CAN id=101 dlc=8 data=d8cf0400f8240100
2026-07-07T15:12:48.019+00:00 CAN id=101 dlc=8 data=d8cf0400f8240100
2026-07-07T15:12:48.039+00:00 CAN id=101 dlc=8 data=d8cf0400f8240100
2026-07-07T15:12:48.059+00:00 CAN id=101 dlc=8 data=d8cf0400f8240100
2026-07-07T15:12:48.079+00:00 CAN id=101 dlc=8 data=d8cf0400f8240100
2026-07-07T15:12:48.099+00:00 CAN id=101 dlc=8 data=d8cf0400f8240100
2026-07-07T15:12:48.100+00:00 VCP run=1 step=0 angle=315176 target=315352 err=176 steer=0 m1=493/25781 i1=189 t1=28 m2=-559/-25781 i2=-206 t2=27 steerMode=0/-536 iSteer=-8640 driveMode=25781/26519 iDrive=197501 scale=0 wheel=75000
2026-07-07T15:12:48.100+00:00 VCP run=1 step=0 angle=315176 target=315352 err=176 steer=0 m1=512/25781 i1=159 t1=28 m2=-534/-25781 i2=-233 t2=27 steerMode=0/38 iSteer=-37059 driveMode=25781/26517 iDrive=196068 scale=0 wheel=75000
2026-07-07T15:12:48.119+00:00 CAN id=101 dlc=8 data=d8cf0400f8240100
2026-07-07T15:12:48.139+00:00 CAN id=101 dlc=8 data=d8cf0400f8240100
2026-07-07T15:12:48.159+00:00 CAN id=101 dlc=8 data=d8cf0400f8240100
2026-07-07T15:12:48.179+00:00 CAN id=101 dlc=8 data=d8cf0400f8240100
2026-07-07T15:12:48.199+00:00 CAN id=101 dlc=8 data=d8cf0400f8240100
2026-07-07T15:12:48.201+00:00 VCP run=1 step=0 angle=315176 target=315352 err=176 steer=0 m1=512/25781 i1=178 t1=28 m2=-507/-25781 i2=-207 t2=27 steerMode=0/-395 iSteer=-14383 driveMode=25781/26709 iDrive=192443 scale=0 wheel=75000
2026-07-07T15:12:48.201+00:00 VCP SET_TARGET_RX steer=315352 wheel=75000
2026-07-07T15:12:48.219+00:00 CAN id=101 dlc=8 data=d8cf0400f8240100
2026-07-07T15:12:48.239+00:00 CAN id=101 dlc=8 data=d8cf0400f8240100
2026-07-07T15:12:48.259+00:00 CAN id=101 dlc=8 data=d8cf0400f8240100
2026-07-07T15:12:48.279+00:00 CAN id=101 dlc=8 data=d8cf0400f8240100
2026-07-07T15:12:48.299+00:00 CAN id=101 dlc=8 data=d8cf0400f8240100
2026-07-07T15:12:48.306+00:00 VCP run=1 step=0 angle=315088 target=315352 err=264 steer=0 m1=502/25781 i1=168 t1=28 m2=-486/-25781 i2=-216 t2=27 steerMode=0/-200 iSteer=-23615 driveMode=25781/26597 iDrive=192004 scale=0 wheel=75000
2026-07-07T15:12:48.319+00:00 CAN id=101 dlc=8 data=d8cf0400f8240100
2026-07-07T15:12:48.339+00:00 CAN id=101 dlc=8 data=d8cf0400f8240100
2026-07-07T15:12:48.359+00:00 CAN id=101 dlc=8 data=d8cf0400f8240100
2026-07-07T15:12:48.379+00:00 CAN id=101 dlc=8 data=d8cf0400f8240100
2026-07-07T15:12:48.399+00:00 CAN id=101 dlc=8 data=d8cf0400f8240100
2026-07-07T15:12:48.411+00:00 VCP run=1 step=0 angle=315000 target=315352 err=352 steer=0 m1=481/25781 i1=166 t1=28 m2=-459/-25781 i2=-239 t2=27 steerMode=0/52 iSteer=-36532 driveMode=25781/25562 iDrive=202220 scale=0 wheel=75000
2026-07-07T15:12:48.419+00:00 CAN id=101 dlc=8 data=d8cf0400f8240100
2026-07-07T15:12:48.439+00:00 CAN id=101 dlc=8 data=d8cf0400f8240100
2026-07-07T15:12:48.459+00:00 CAN id=101 dlc=8 data=d8cf0400f8240100
2026-07-07T15:12:48.479+00:00 CAN id=101 dlc=8 data=d8cf0400f8240100
2026-07-07T15:12:48.499+00:00 CAN id=101 dlc=8 data=d8cf0400f8240100
2026-07-07T15:12:48.519+00:00 CAN id=101 dlc=8 data=d8cf0400f8240100
2026-07-07T15:12:48.539+00:00 CAN id=101 dlc=8 data=d8cf0400f8240100
2026-07-07T15:12:48.559+00:00 CAN id=101 dlc=8 data=d8cf0400f8240100
2026-07-07T15:12:48.579+00:00 CAN id=101 dlc=8 data=d8cf0400f8240100
2026-07-07T15:12:48.599+00:00 VCP run=1 step=0 angle=315176 target=315352 err=176 steer=0 m1=483/25781 i1=164 t1=28 m2=-429/-25781 i2=-271 t2=27 steerMode=0/384 iSteer=-53596 driveMode=25781/24161 iDrive=217686 scale=0 wheel=75000
2026-07-07T15:12:48.599+00:00 VCP run=1 step=0 angle=315264 target=315352 err=88 steer=0 m1=412/25781 i1=187 t1=28 m2=-383/-25781 i2=-291 t2=27 steerMode=0/326 iSteer=-52056 driveMode=25781/22518 iDrive=238776 scale=0 wheel=75000
2026-07-07T15:12:48.599+00:00 BENCH step t=27.000s -> steer=315352mdeg wheel=-75000milli-rpm
2026-07-07T15:12:48.599+00:00 CAN id=101 dlc=8 data=d8cf040008dbfeff
2026-07-07T15:12:48.619+00:00 CAN id=101 dlc=8 data=d8cf040008dbfeff
2026-07-07T15:12:48.639+00:00 CAN id=101 dlc=8 data=d8cf040008dbfeff
2026-07-07T15:12:48.659+00:00 CAN id=101 dlc=8 data=d8cf040008dbfeff
2026-07-07T15:12:48.679+00:00 CAN id=101 dlc=8 data=d8cf040008dbfeff
2026-07-07T15:12:48.699+00:00 CAN id=101 dlc=8 data=d8cf040008dbfeff
2026-07-07T15:12:48.701+00:00 VCP run=1 step=0 angle=315439 target=315352 err=-87 steer=0 m1=414/25781 i1=180 t1=28 m2=-394/-25781 i2=-324 t2=27 steerMode=0/702 iSteer=-71776 driveMode=25781/21872 iDrive=251881 scale=0 wheel=75000
2026-07-07T15:12:48.701+00:00 VCP SET_TARGET_RX steer=315352 wheel=-75000
2026-07-07T15:12:48.719+00:00 CAN id=101 dlc=8 data=d8cf040008dbfeff
2026-07-07T15:12:48.739+00:00 CAN id=101 dlc=8 data=d8cf040008dbfeff
2026-07-07T15:12:48.759+00:00 CAN id=101 dlc=8 data=d8cf040008dbfeff
2026-07-07T15:12:48.779+00:00 CAN id=101 dlc=8 data=d8cf040008dbfeff
2026-07-07T15:12:48.799+00:00 CAN id=101 dlc=8 data=d8cf040008dbfeff
2026-07-07T15:12:48.805+00:00 VCP run=1 step=0 angle=315615 target=315352 err=-263 steer=0 m1=405/19388 i1=157 t1=28 m2=-396/-19388 i2=-218 t2=27 steerMode=0/-141 iSteer=-30387 driveMode=19388/22049 iDrive=187649 scale=0 wheel=56400
2026-07-07T15:12:48.819+00:00 CAN id=101 dlc=8 data=d8cf040008dbfeff
2026-07-07T15:12:48.839+00:00 CAN id=101 dlc=8 data=d8cf040008dbfeff
2026-07-07T15:12:48.859+00:00 CAN id=101 dlc=8 data=d8cf040008dbfeff
2026-07-07T15:12:48.879+00:00 CAN id=101 dlc=8 data=d8cf040008dbfeff
2026-07-07T15:12:48.899+00:00 CAN id=101 dlc=8 data=d8cf040008dbfeff
2026-07-07T15:12:48.910+00:00 VCP run=1 step=0 angle=315615 target=315352 err=-263 steer=0 m1=387/12994 i1=76 t1=28 m2=-394/-12994 i2=-191 t2=27 steerMode=0/400 iSteer=-57362 driveMode=12994/20127 iDrive=133433 scale=0 wheel=37800
2026-07-07T15:12:48.919+00:00 CAN id=101 dlc=8 data=d8cf040008dbfeff
2026-07-07T15:12:48.939+00:00 CAN id=101 dlc=8 data=d8cf040008dbfeff
2026-07-07T15:12:48.959+00:00 CAN id=101 dlc=8 data=d8cf040008dbfeff
2026-07-07T15:12:48.979+00:00 CAN id=101 dlc=8 data=d8cf040008dbfeff
2026-07-07T15:12:48.999+00:00 CAN id=101 dlc=8 data=d8cf040008dbfeff
2026-07-07T15:12:49.019+00:00 CAN id=101 dlc=8 data=d8cf040008dbfeff
2026-07-07T15:12:49.039+00:00 CAN id=101 dlc=8 data=d8cf040008dbfeff
2026-07-07T15:12:49.059+00:00 CAN id=101 dlc=8 data=d8cf040008dbfeff
2026-07-07T15:12:49.079+00:00 CAN id=101 dlc=8 data=d8cf040008dbfeff
2026-07-07T15:12:49.099+00:00 CAN id=101 dlc=8 data=d8cf040008dbfeff
2026-07-07T15:12:49.099+00:00 VCP run=1 step=0 angle=315527 target=315352 err=-175 steer=0 m1=297/6600 i1=98 t1=28 m2=-335/-6600 i2=-95 t2=27 steerMode=0/-770 iSteer=1685 driveMode=6600/16963 iDrive=96372 scale=0 wheel=19200
2026-07-07T15:12:49.100+00:00 VCP run=1 step=0 angle=315527 target=315352 err=-175 steer=0 m1=202/137 i1=20 t1=28 m2=-134/-137 i2=-150 t2=27 steerMode=0/572 iSteer=-64978 driveMode=137/11592 iDrive=85450 scale=0 wheel=400
2026-07-07T15:12:49.119+00:00 CAN id=101 dlc=8 data=d8cf040008dbfeff
2026-07-07T15:12:49.139+00:00 CAN id=101 dlc=8 data=d8cf040008dbfeff
2026-07-07T15:12:49.159+00:00 CAN id=101 dlc=8 data=d8cf040008dbfeff
2026-07-07T15:12:49.179+00:00 CAN id=101 dlc=8 data=d8cf040008dbfeff
2026-07-07T15:12:49.199+00:00 CAN id=101 dlc=8 data=d8cf040008dbfeff
2026-07-07T15:12:49.201+00:00 VCP run=1 step=0 angle=315527 target=315352 err=-175 steer=0 m1=-107/-6325 i1=-234 t1=28 m2=35/6325 i2=256 t2=27 steerMode=0/-962 iSteer=10889 driveMode=-6325/-3078 iDrive=-244773 scale=0 wheel=-18400
2026-07-07T15:12:49.201+00:00 VCP SET_TARGET_RX steer=315352 wheel=-75000
2026-07-07T15:12:49.219+00:00 CAN id=101 dlc=8 data=d8cf040008dbfeff
2026-07-07T15:12:49.239+00:00 CAN id=101 dlc=8 data=d8cf040008dbfeff
2026-07-07T15:12:49.259+00:00 CAN id=101 dlc=8 data=d8cf040008dbfeff
2026-07-07T15:12:49.279+00:00 CAN id=101 dlc=8 data=d8cf040008dbfeff
2026-07-07T15:12:49.299+00:00 CAN id=101 dlc=8 data=d8cf040008dbfeff
2026-07-07T15:12:49.305+00:00 VCP run=1 step=0 angle=315703 target=315352 err=-351 steer=0 m1=-233/-12719 i1=-190 t1=28 m2=108/12719 i2=361 t2=27 steerMode=0/-2362 iSteer=85723 driveMode=-12719/-7158 iDrive=-275408 scale=0 wheel=-37000
2026-07-07T15:12:49.319+00:00 CAN id=101 dlc=8 data=d8cf040008dbfeff
2026-07-07T15:12:49.339+00:00 CAN id=101 dlc=8 data=d8cf040008dbfeff
2026-07-07T15:12:49.359+00:00 CAN id=101 dlc=8 data=d8cf040008dbfeff
2026-07-07T15:12:49.379+00:00 CAN id=101 dlc=8 data=d8cf040008dbfeff
2026-07-07T15:12:49.399+00:00 CAN id=101 dlc=8 data=d8cf040008dbfeff
2026-07-07T15:12:49.410+00:00 VCP run=1 step=0 angle=315615 target=315352 err=-263 steer=0 m1=-319/-19113 i1=-315 t1=28 m2=221/19113 i2=269 t2=27 steerMode=0/-147 iSteer=-22595 driveMode=-19113/-12997 iDrive=-291954 scale=0 wheel=-55600
2026-07-07T15:12:49.419+00:00 CAN id=101 dlc=8 data=d8cf040008dbfeff
2026-07-07T15:12:49.439+00:00 CAN id=101 dlc=8 data=d8cf040008dbfeff
2026-07-07T15:12:49.459+00:00 CAN id=101 dlc=8 data=d8cf040008dbfeff
2026-07-07T15:12:49.479+00:00 CAN id=101 dlc=8 data=d8cf040008dbfeff
2026-07-07T15:12:49.499+00:00 CAN id=101 dlc=8 data=d8cf040008dbfeff
2026-07-07T15:12:49.515+00:00 VCP run=1 step=0 angle=315439 target=315352 err=-87 steer=0 m1=-402/-25506 i1=-295 t1=28 m2=395/25506 i2=303 t2=27 steerMode=0/-636 iSteer=3947 driveMode=-25506/-19810 iDrive=-298884 scale=0 wheel=-74200
2026-07-07T15:12:49.519+00:00 CAN id=101 dlc=8 data=d8cf040008dbfeff
2026-07-07T15:12:49.539+00:00 CAN id=101 dlc=8 data=d8cf040008dbfeff
2026-07-07T15:12:49.559+00:00 CAN id=101 dlc=8 data=d8cf040008dbfeff
2026-07-07T15:12:49.579+00:00 CAN id=101 dlc=8 data=d8cf040008dbfeff
2026-07-07T15:12:49.599+00:00 CAN id=101 dlc=8 data=d8cf040008dbfeff
2026-07-07T15:12:49.619+00:00 CAN id=101 dlc=8 data=d8cf040008dbfeff
2026-07-07T15:12:49.639+00:00 CAN id=101 dlc=8 data=d8cf040008dbfeff
2026-07-07T15:12:49.659+00:00 CAN id=101 dlc=8 data=d8cf040008dbfeff
2026-07-07T15:12:49.679+00:00 CAN id=101 dlc=8 data=d8cf040008dbfeff
2026-07-07T15:12:49.698+00:00 VCP run=1 step=0 angle=315088 target=315352 err=264 steer=0 m1=-526/-25781 i1=-223 t1=28 m2=500/25781 i2=286 t2=27 steerMode=0/-1139 iSteer=31495 driveMode=-25781/-25080 iDrive=-254463 scale=0 wheel=-75000
2026-07-07T15:12:49.698+00:00 VCP run=1 step=0 angle=314824 target=315352 err=528 steer=264 m1=-509/-24330 i1=-196 t1=28 m2=521/27233 i2=285 t2=27 steerMode=1451/160 iSteer=44411 driveMode=-25781/-26472 iDrive=-240249 scale=0 wheel=-75000
2026-07-07T15:12:49.698+00:00 VCP SET_TARGET_RX steer=315352 wheel=-75000
2026-07-07T15:12:49.699+00:00 CAN id=101 dlc=8 data=d8cf040008dbfeff
2026-07-07T15:12:49.719+00:00 CAN id=101 dlc=8 data=d8cf040008dbfeff
2026-07-07T15:12:49.739+00:00 CAN id=101 dlc=8 data=d8cf040008dbfeff
2026-07-07T15:12:49.759+00:00 CAN id=101 dlc=8 data=d8cf040008dbfeff
2026-07-07T15:12:49.779+00:00 CAN id=101 dlc=8 data=d8cf040008dbfeff
2026-07-07T15:12:49.799+00:00 CAN id=101 dlc=8 data=d8cf040008dbfeff
2026-07-07T15:12:49.802+00:00 VCP run=1 step=0 angle=314648 target=315352 err=704 steer=352 m1=-501/-23846 i1=-133 t1=28 m2=489/27716 i2=350 t2=27 steerMode=1935/-572 iSteer=108239 driveMode=-25781/-26263 iDrive=-241309 scale=0 wheel=-75000
2026-07-07T15:12:49.819+00:00 CAN id=101 dlc=8 data=d8cf040008dbfeff
2026-07-07T15:12:49.839+00:00 CAN id=101 dlc=8 data=d8cf040008dbfeff
2026-07-07T15:12:49.859+00:00 CAN id=101 dlc=8 data=d8cf040008dbfeff
2026-07-07T15:12:49.879+00:00 CAN id=101 dlc=8 data=d8cf040008dbfeff
2026-07-07T15:12:49.899+00:00 CAN id=101 dlc=8 data=d8cf040008dbfeff
2026-07-07T15:12:49.907+00:00 VCP run=1 step=0 angle=314912 target=315352 err=440 steer=0 m1=-488/-25781 i1=-279 t1=28 m2=493/25781 i2=198 t2=27 steerMode=0/529 iSteer=-40973 driveMode=-25781/-26460 iDrive=-238500 scale=0 wheel=-75000
2026-07-07T15:12:49.919+00:00 CAN id=101 dlc=8 data=d8cf040008dbfeff
2026-07-07T15:12:49.939+00:00 CAN id=101 dlc=8 data=d8cf040008dbfeff
2026-07-07T15:12:49.959+00:00 CAN id=101 dlc=8 data=d8cf040008dbfeff
2026-07-07T15:12:49.979+00:00 CAN id=101 dlc=8 data=d8cf040008dbfeff
2026-07-07T15:12:49.999+00:00 CAN id=101 dlc=8 data=d8cf040008dbfeff
2026-07-07T15:12:50.011+00:00 VCP run=1 step=0 angle=314648 target=315352 err=704 steer=352 m1=-503/-23846 i1=-165 t1=28 m2=569/27716 i2=286 t2=27 steerMode=1935/501 iSteer=60516 driveMode=-25781/-27550 iDrive=-225311 scale=0 wheel=-75000
2026-07-07T15:12:50.019+00:00 CAN id=101 dlc=8 data=d8cf040008dbfeff
2026-07-07T15:12:50.039+00:00 CAN id=101 dlc=8 data=d8cf040008dbfeff
2026-07-07T15:12:50.059+00:00 CAN id=101 dlc=8 data=d8cf040008dbfeff
2026-07-07T15:12:50.079+00:00 CAN id=101 dlc=8 data=d8cf040008dbfeff
2026-07-07T15:12:50.099+00:00 CAN id=101 dlc=8 data=d8cf040008dbfeff
2026-07-07T15:12:50.115+00:00 VCP run=1 step=0 angle=314824 target=315352 err=528 steer=264 m1=-549/-24330 i1=-198 t1=28 m2=550/27233 i2=214 t2=27 steerMode=1451/1078 iSteer=8152 driveMode=-25781/-28977 iDrive=-206190 scale=0 wheel=-75000
2026-07-07T15:12:50.119+00:00 CAN id=101 dlc=8 data=d8cf040008dbfeff
2026-07-07T15:12:50.139+00:00 CAN id=101 dlc=8 data=d8cf040008dbfeff
2026-07-07T15:12:50.159+00:00 CAN id=101 dlc=8 data=d8cf040008dbfeff
2026-07-07T15:12:50.179+00:00 CAN id=101 dlc=8 data=d8cf040008dbfeff
2026-07-07T15:12:50.199+00:00 CAN id=101 dlc=8 data=d8cf040008dbfeff
2026-07-07T15:12:50.219+00:00 CAN id=101 dlc=8 data=d8cf040008dbfeff
2026-07-07T15:12:50.239+00:00 CAN id=101 dlc=8 data=d8cf040008dbfeff
2026-07-07T15:12:50.259+00:00 CAN id=101 dlc=8 data=d8cf040008dbfeff
2026-07-07T15:12:50.279+00:00 CAN id=101 dlc=8 data=d8cf040008dbfeff
2026-07-07T15:12:50.298+00:00 VCP run=1 step=0 angle=314824 target=315352 err=528 steer=264 m1=-547/-24330 i1=-175 t1=28 m2=621/27233 i2=203 t2=27 steerMode=1451/986 iSteer=14326 driveMode=-25781/-30003 iDrive=-188924 scale=0 wheel=-75000
2026-07-07T15:12:50.299+00:00 VCP SET_TARGET_RX steer=315352 wheel=-75000
2026-07-07T15:12:50.299+00:00 VCP run=1 step=0 angle=315088 target=315352 err=264 steer=0 m1=-595/-25781 i1=-139 t1=28 m2=518/25781 i2=225 t2=27 steerMode=0/-1016 iSteer=42611 driveMode=-25781/-29905 iDrive=-181965 scale=0 wheel=-75000
2026-07-07T15:12:50.299+00:00 CAN id=101 dlc=8 data=d8cf040008dbfeff
2026-07-07T15:12:50.319+00:00 CAN id=101 dlc=8 data=d8cf040008dbfeff
2026-07-07T15:12:50.339+00:00 CAN id=101 dlc=8 data=d8cf040008dbfeff
2026-07-07T15:12:50.359+00:00 CAN id=101 dlc=8 data=d8cf040008dbfeff
2026-07-07T15:12:50.379+00:00 CAN id=101 dlc=8 data=d8cf040008dbfeff
2026-07-07T15:12:50.399+00:00 CAN id=101 dlc=8 data=d8cf040008dbfeff
2026-07-07T15:12:50.403+00:00 VCP run=1 step=0 angle=315088 target=315352 err=264 steer=0 m1=-561/-25781 i1=-162 t1=28 m2=518/25781 i2=195 t2=27 steerMode=0/-455 iSteer=16789 driveMode=-25781/-29523 iDrive=-178606 scale=0 wheel=-75000
2026-07-07T15:12:50.419+00:00 CAN id=101 dlc=8 data=d8cf040008dbfeff
2026-07-07T15:12:50.439+00:00 CAN id=101 dlc=8 data=d8cf040008dbfeff
2026-07-07T15:12:50.459+00:00 CAN id=101 dlc=8 data=d8cf040008dbfeff
2026-07-07T15:12:50.479+00:00 CAN id=101 dlc=8 data=d8cf040008dbfeff
2026-07-07T15:12:50.499+00:00 CAN id=101 dlc=8 data=d8cf040008dbfeff
2026-07-07T15:12:50.508+00:00 VCP run=1 step=0 angle=315088 target=315352 err=264 steer=0 m1=-566/-25781 i1=-157 t1=28 m2=537/25781 i2=199 t2=27 steerMode=0/-504 iSteer=20759 driveMode=-25781/-28925 iDrive=-178251 scale=0 wheel=-75000
2026-07-07T15:12:50.519+00:00 CAN id=101 dlc=8 data=d8cf040008dbfeff
2026-07-07T15:12:50.539+00:00 CAN id=101 dlc=8 data=d8cf040008dbfeff
2026-07-07T15:12:50.560+00:00 CAN id=101 dlc=8 data=d8cf040008dbfeff
2026-07-07T15:12:50.581+00:00 CAN id=101 dlc=8 data=d8cf040008dbfeff
2026-07-07T15:12:50.599+00:00 CAN id=101 dlc=8 data=d8cf040008dbfeff
2026-07-07T15:12:50.613+00:00 VCP run=1 step=0 angle=315088 target=315352 err=264 steer=0 m1=-555/-25781 i1=-151 t1=28 m2=493/25781 i2=213 t2=27 steerMode=0/-667 iSteer=30848 driveMode=-25781/-28037 iDrive=-181954 scale=0 wheel=-75000
2026-07-07T15:12:50.619+00:00 CAN id=101 dlc=8 data=d8cf040008dbfeff
2026-07-07T15:12:50.640+00:00 CAN id=101 dlc=8 data=d8cf040008dbfeff
2026-07-07T15:12:50.659+00:00 CAN id=101 dlc=8 data=d8cf040008dbfeff
2026-07-07T15:12:50.679+00:00 CAN id=101 dlc=8 data=d8cf040008dbfeff
2026-07-07T15:12:50.699+00:00 CAN id=101 dlc=8 data=d8cf040008dbfeff
2026-07-07T15:12:50.714+00:00 VCP run=1 step=0 angle=314912 target=315352 err=440 steer=0 m1=-513/-25781 i1=-161 t1=28 m2=481/25781 i2=223 t2=27 steerMode=0/-630 iSteer=31215 driveMode=-25781/-26741 iDrive=-191895 scale=0 wheel=-75000
2026-07-07T15:12:50.714+00:00 VCP SET_TARGET_RX steer=315352 wheel=-75000
2026-07-07T15:12:50.719+00:00 CAN id=101 dlc=8 data=d8cf040008dbfeff
2026-07-07T15:12:50.739+00:00 CAN id=101 dlc=8 data=d8cf040008dbfeff
2026-07-07T15:12:50.759+00:00 CAN id=101 dlc=8 data=d8cf040008dbfeff
2026-07-07T15:12:50.779+00:00 CAN id=101 dlc=8 data=d8cf040008dbfeff
2026-07-07T15:12:50.799+00:00 CAN id=101 dlc=8 data=d8cf040008dbfeff
2026-07-07T15:12:50.819+00:00 CAN id=101 dlc=8 data=d8cf040008dbfeff
2026-07-07T15:12:50.839+00:00 CAN id=101 dlc=8 data=d8cf040008dbfeff
2026-07-07T15:12:50.859+00:00 CAN id=101 dlc=8 data=d8cf040008dbfeff
2026-07-07T15:12:50.879+00:00 CAN id=101 dlc=8 data=d8cf040008dbfeff
2026-07-07T15:12:50.899+00:00 CAN id=101 dlc=8 data=d8cf040008dbfeff
2026-07-07T15:12:50.900+00:00 VCP run=1 step=0 angle=314912 target=315352 err=440 steer=0 m1=-507/-25781 i1=-187 t1=28 m2=531/25781 i2=216 t2=27 steerMode=0/-248 iSteer=14921 driveMode=-25781/-25716 iDrive=-201530 scale=0 wheel=-75000
2026-07-07T15:12:50.901+00:00 VCP run=1 step=0 angle=314824 target=315352 err=528 steer=264 m1=-455/-24330 i1=-155 t1=28 m2=477/27233 i2=255 t2=27 steerMode=1451/563 iSteer=49907 driveMode=-25781/-25430 iDrive=-204763 scale=0 wheel=-75000
2026-07-07T15:12:50.919+00:00 CAN id=101 dlc=8 data=d8cf040008dbfeff
2026-07-07T15:12:50.939+00:00 CAN id=101 dlc=8 data=d8cf040008dbfeff
2026-07-07T15:12:50.959+00:00 CAN id=101 dlc=8 data=d8cf040008dbfeff
2026-07-07T15:12:50.979+00:00 CAN id=101 dlc=8 data=d8cf040008dbfeff
2026-07-07T15:12:50.999+00:00 CAN id=101 dlc=8 data=d8cf040008dbfeff
2026-07-07T15:12:51.005+00:00 VCP run=1 step=0 angle=315000 target=315352 err=352 steer=0 m1=-515/-25781 i1=-190 t1=28 m2=468/25781 i2=206 t2=27 steerMode=0/-73 iSteer=8026 driveMode=-25781/-26110 iDrive=-197973 scale=0 wheel=-75000
2026-07-07T15:12:51.019+00:00 CAN id=101 dlc=8 data=d8cf040008dbfeff
2026-07-07T15:12:51.039+00:00 CAN id=101 dlc=8 data=d8cf040008dbfeff
2026-07-07T15:12:51.060+00:00 CAN id=101 dlc=8 data=d8cf040008dbfeff
2026-07-07T15:12:51.079+00:00 CAN id=101 dlc=8 data=d8cf040008dbfeff
2026-07-07T15:12:51.099+00:00 CAN id=101 dlc=8 data=d8cf040008dbfeff
2026-07-07T15:12:51.110+00:00 VCP run=1 step=0 angle=315088 target=315352 err=264 steer=0 m1=-530/-25781 i1=-148 t1=28 m2=468/25781 i2=231 t2=27 steerMode=0/-721 iSteer=41867 driveMode=-25781/-26832 iDrive=-189492 scale=0 wheel=-75000
2026-07-07T15:12:51.119+00:00 CAN id=101 dlc=8 data=d8cf040008dbfeff
2026-07-07T15:12:51.139+00:00 CAN id=101 dlc=8 data=d8cf040008dbfeff
2026-07-07T15:12:51.160+00:00 CAN id=101 dlc=8 data=d8cf040008dbfeff
2026-07-07T15:12:51.179+00:00 CAN id=101 dlc=8 data=d8cf040008dbfeff
2026-07-07T15:12:51.199+00:00 CAN id=101 dlc=8 data=d8cf040008dbfeff
2026-07-07T15:12:51.211+00:00 VCP run=1 step=0 angle=315088 target=315352 err=264 steer=0 m1=-517/-25781 i1=-179 t1=28 m2=523/25781 i2=201 t2=27 steerMode=0/-77 iSteer=10710 driveMode=-25781/-26796 iDrive=-189852 scale=0 wheel=-75000
2026-07-07T15:12:51.211+00:00 VCP SET_TARGET_RX steer=315352 wheel=-75000
2026-07-07T15:12:51.219+00:00 CAN id=101 dlc=8 data=d8cf040008dbfeff
2026-07-07T15:12:51.240+00:00 CAN id=101 dlc=8 data=d8cf040008dbfeff
2026-07-07T15:12:51.259+00:00 CAN id=101 dlc=8 data=d8cf040008dbfeff
2026-07-07T15:12:51.279+00:00 CAN id=101 dlc=8 data=d8cf040008dbfeff
2026-07-07T15:12:51.299+00:00 CAN id=101 dlc=8 data=d8cf040008dbfeff
2026-07-07T15:12:51.319+00:00 CAN id=101 dlc=8 data=d8cf040008dbfeff
2026-07-07T15:12:51.339+00:00 CAN id=101 dlc=8 data=d8cf040008dbfeff
2026-07-07T15:12:51.359+00:00 CAN id=101 dlc=8 data=d8cf040008dbfeff
2026-07-07T15:12:51.379+00:00 CAN id=101 dlc=8 data=d8cf040008dbfeff
2026-07-07T15:12:51.398+00:00 VCP run=1 step=0 angle=314912 target=315352 err=440 steer=0 m1=-524/-25781 i1=-171 t1=28 m2=512/25781 i2=211 t2=27 steerMode=0/-246 iSteer=19767 driveMode=-25781/-26692 iDrive=-190889 scale=0 wheel=-75000
2026-07-07T15:12:51.398+00:00 VCP run=1 step=0 angle=314912 target=315352 err=440 steer=0 m1=-511/-25781 i1=-182 t1=28 m2=491/25781 i2=205 t2=27 steerMode=0/-66 iSteer=11594 driveMode=-25781/-26470 iDrive=-193112 scale=0 wheel=-75000
2026-07-07T15:12:51.399+00:00 CAN id=101 dlc=8 data=d8cf040008dbfeff
2026-07-07T15:12:51.419+00:00 CAN id=101 dlc=8 data=d8cf040008dbfeff
2026-07-07T15:12:51.439+00:00 CAN id=101 dlc=8 data=d8cf040008dbfeff
2026-07-07T15:12:51.459+00:00 CAN id=101 dlc=8 data=d8cf040008dbfeff
2026-07-07T15:12:51.479+00:00 CAN id=101 dlc=8 data=d8cf040008dbfeff
2026-07-07T15:12:51.499+00:00 CAN id=101 dlc=8 data=d8cf040008dbfeff
2026-07-07T15:12:51.503+00:00 VCP run=1 step=0 angle=314912 target=315352 err=440 steer=0 m1=-501/-25781 i1=-188 t1=28 m2=483/25781 i2=204 t2=27 steerMode=0/18 iSteer=7738 driveMode=-25781/-26187 iDrive=-195941 scale=0 wheel=-75000
2026-07-07T15:12:51.519+00:00 CAN id=101 dlc=8 data=d8cf040008dbfeff
2026-07-07T15:12:51.540+00:00 CAN id=101 dlc=8 data=d8cf040008dbfeff
2026-07-07T15:12:51.559+00:00 CAN id=101 dlc=8 data=d8cf040008dbfeff
2026-07-07T15:12:51.579+00:00 CAN id=101 dlc=8 data=d8cf040008dbfeff
2026-07-07T15:12:51.599+00:00 CAN id=101 dlc=8 data=d8cf040008dbfeff
2026-07-07T15:12:51.608+00:00 VCP run=1 step=0 angle=314912 target=315352 err=440 steer=0 m1=-492/-25781 i1=-181 t1=28 m2=483/25781 i2=208 t2=27 steerMode=0/-81 iSteer=13253 driveMode=-25781/-26310 iDrive=-194712 scale=0 wheel=-75000
2026-07-07T15:12:51.619+00:00 CAN id=101 dlc=8 data=d8cf040008dbfeff
2026-07-07T15:12:51.639+00:00 CAN id=101 dlc=8 data=d8cf040008dbfeff
2026-07-07T15:12:51.659+00:00 CAN id=101 dlc=8 data=d8cf040008dbfeff
2026-07-07T15:12:51.679+00:00 CAN id=101 dlc=8 data=d8cf040008dbfeff
2026-07-07T15:12:51.699+00:00 CAN id=101 dlc=8 data=d8cf040008dbfeff
2026-07-07T15:12:51.709+00:00 VCP run=1 step=0 angle=314912 target=315352 err=440 steer=0 m1=-488/-25781 i1=-188 t1=28 m2=481/25781 i2=195 t2=27 steerMode=0/117 iSteer=3735 driveMode=-25781/-26644 iDrive=-191373 scale=0 wheel=-75000
2026-07-07T15:12:51.709+00:00 VCP SET_TARGET_RX steer=315352 wheel=-75000
2026-07-07T15:12:51.719+00:00 CAN id=101 dlc=8 data=d8cf040008dbfeff
2026-07-07T15:12:51.739+00:00 CAN id=101 dlc=8 data=d8cf040008dbfeff
2026-07-07T15:12:51.759+00:00 CAN id=101 dlc=8 data=d8cf040008dbfeff
2026-07-07T15:12:51.779+00:00 CAN id=101 dlc=8 data=d8cf040008dbfeff
2026-07-07T15:12:51.799+00:00 CAN id=101 dlc=8 data=d8cf040008dbfeff
2026-07-07T15:12:51.814+00:00 VCP run=1 step=0 angle=315000 target=315352 err=352 steer=0 m1=-515/-25781 i1=-163 t1=28 m2=518/25781 i2=208 t2=27 steerMode=0/-266 iSteer=22710 driveMode=-25781/-27208 iDrive=-185736 scale=0 wheel=-75000
2026-07-07T15:12:51.819+00:00 CAN id=101 dlc=8 data=d8cf040008dbfeff
2026-07-07T15:12:51.839+00:00 CAN id=101 dlc=8 data=d8cf040008dbfeff
2026-07-07T15:12:51.859+00:00 CAN id=101 dlc=8 data=d8cf040008dbfeff
2026-07-07T15:12:51.879+00:00 CAN id=101 dlc=8 data=d8cf040008dbfeff
2026-07-07T15:12:51.899+00:00 CAN id=101 dlc=8 data=d8cf040008dbfeff
2026-07-07T15:12:51.919+00:00 CAN id=101 dlc=8 data=d8cf040008dbfeff
2026-07-07T15:12:51.939+00:00 CAN id=101 dlc=8 data=d8cf040008dbfeff
2026-07-07T15:12:51.960+00:00 CAN id=101 dlc=8 data=d8cf040008dbfeff
2026-07-07T15:12:51.979+00:00 CAN id=101 dlc=8 data=d8cf040008dbfeff
2026-07-07T15:12:51.999+00:00 CAN id=101 dlc=8 data=d8cf040008dbfeff
2026-07-07T15:12:52.001+00:00 VCP run=1 step=0 angle=315000 target=315352 err=352 steer=0 m1=-499/-25781 i1=-159 t1=28 m2=464/25781 i2=225 t2=27 steerMode=0/-451 iSteer=32944 driveMode=-25781/-26584 iDrive=-191973 scale=0 wheel=-75000
2026-07-07T15:12:52.001+00:00 VCP run=1 step=0 angle=314824 target=315352 err=528 steer=264 m1=-471/-24330 i1=-149 t1=28 m2=510/27233 i2=269 t2=27 steerMode=1451/524 iSteer=60016 driveMode=-25781/-24951 iDrive=-208978 scale=0 wheel=-75000
2026-07-07T15:12:52.019+00:00 CAN id=101 dlc=8 data=d8cf040008dbfeff
2026-07-07T15:12:52.039+00:00 CAN id=101 dlc=8 data=d8cf040008dbfeff
2026-07-07T15:12:52.059+00:00 CAN id=101 dlc=8 data=d8cf040008dbfeff
2026-07-07T15:12:52.079+00:00 CAN id=101 dlc=8 data=d8cf040008dbfeff
2026-07-07T15:12:52.099+00:00 CAN id=101 dlc=8 data=d8cf040008dbfeff
2026-07-07T15:12:52.106+00:00 VCP run=1 step=0 angle=315088 target=315352 err=264 steer=0 m1=-476/-25781 i1=-181 t1=28 m2=437/25781 i2=259 t2=27 steerMode=0/-523 iSteer=38728 driveMode=-25781/-24072 iDrive=-219995 scale=0 wheel=-75000
2026-07-07T15:12:52.119+00:00 CAN id=101 dlc=8 data=d8cf040008dbfeff
2026-07-07T15:12:52.139+00:00 CAN id=101 dlc=8 data=d8cf040008dbfeff
2026-07-07T15:12:52.159+00:00 CAN id=101 dlc=8 data=d8cf040008dbfeff
2026-07-07T15:12:52.179+00:00 CAN id=101 dlc=8 data=d8cf040008dbfeff
2026-07-07T15:12:52.199+00:00 CAN id=101 dlc=8 data=d8cf040008dbfeff
2026-07-07T15:12:52.207+00:00 VCP run=1 step=0 angle=314912 target=315352 err=440 steer=0 m1=-465/-25781 i1=-202 t1=28 m2=491/25781 i2=233 t2=27 steerMode=0/-28 iSteer=15201 driveMode=-25781/-24610 iDrive=-217329 scale=0 wheel=-75000
2026-07-07T15:12:52.207+00:00 VCP SET_TARGET_RX steer=315352 wheel=-75000
2026-07-07T15:12:52.219+00:00 CAN id=101 dlc=8 data=d8cf040008dbfeff
2026-07-07T15:12:52.239+00:00 CAN id=101 dlc=8 data=d8cf040008dbfeff
2026-07-07T15:12:52.259+00:00 CAN id=101 dlc=8 data=d8cf040008dbfeff
2026-07-07T15:12:52.279+00:00 CAN id=101 dlc=8 data=d8cf040008dbfeff
2026-07-07T15:12:52.299+00:00 CAN id=101 dlc=8 data=d8cf040008dbfeff
2026-07-07T15:12:52.311+00:00 VCP run=1 step=0 angle=314824 target=315352 err=528 steer=264 m1=-446/-24330 i1=-184 t1=28 m2=487/27233 i2=237 t2=27 steerMode=1451/1228 iSteer=26732 driveMode=-25781/-25438 iDrive=-210293 scale=0 wheel=-75000
2026-07-07T15:12:52.319+00:00 CAN id=101 dlc=8 data=d8cf040008dbfeff
2026-07-07T15:12:52.339+00:00 CAN id=101 dlc=8 data=d8cf040008dbfeff
2026-07-07T15:12:52.359+00:00 CAN id=101 dlc=8 data=d8cf040008dbfeff
2026-07-07T15:12:52.379+00:00 CAN id=101 dlc=8 data=d8cf040008dbfeff
2026-07-07T15:12:52.399+00:00 CAN id=101 dlc=8 data=d8cf040008dbfeff
2026-07-07T15:12:52.419+00:00 CAN id=101 dlc=8 data=d8cf040008dbfeff
2026-07-07T15:12:52.439+00:00 CAN id=101 dlc=8 data=d8cf040008dbfeff
2026-07-07T15:12:52.459+00:00 CAN id=101 dlc=8 data=d8cf040008dbfeff
2026-07-07T15:12:52.479+00:00 CAN id=101 dlc=8 data=d8cf040008dbfeff
2026-07-07T15:12:52.498+00:00 VCP run=1 step=0 angle=314912 target=315352 err=440 steer=0 m1=-524/-25781 i1=-176 t1=28 m2=502/25781 i2=230 t2=27 steerMode=0/-252 iSteer=27050 driveMode=-25781/-26191 iDrive=-202700 scale=0 wheel=-75000
2026-07-07T15:12:52.498+00:00 VCP run=1 step=0 angle=314912 target=315352 err=440 steer=0 m1=-519/-25781 i1=-164 t1=28 m2=487/25781 i2=230 t2=27 steerMode=0/-340 iSteer=32784 driveMode=-25781/-26594 iDrive=-197091 scale=0 wheel=-75000
2026-07-07T15:12:52.499+00:00 CAN id=101 dlc=8 data=d8cf040008dbfeff
2026-07-07T15:12:52.519+00:00 CAN id=101 dlc=8 data=d8cf040008dbfeff
2026-07-07T15:12:52.539+00:00 CAN id=101 dlc=8 data=d8cf040008dbfeff
2026-07-07T15:12:52.559+00:00 CAN id=101 dlc=8 data=d8cf040008dbfeff
2026-07-07T15:12:52.579+00:00 CAN id=101 dlc=8 data=d8cf040008dbfeff
2026-07-07T15:12:52.599+00:00 CAN id=101 dlc=8 data=d8cf040008dbfeff
2026-07-07T15:12:52.603+00:00 VCP run=1 step=0 angle=314912 target=315352 err=440 steer=0 m1=-515/-25781 i1=-166 t1=28 m2=491/25781 i2=219 t2=27 steerMode=0/-192 iSteer=26069 driveMode=-25781/-26878 iDrive=-192506 scale=0 wheel=-75000
2026-07-07T15:12:52.619+00:00 CAN id=101 dlc=8 data=d8cf040008dbfeff
2026-07-07T15:12:52.639+00:00 CAN id=101 dlc=8 data=d8cf040008dbfeff
2026-07-07T15:12:52.659+00:00 CAN id=101 dlc=8 data=d8cf040008dbfeff
2026-07-07T15:12:52.680+00:00 CAN id=101 dlc=8 data=d8cf040008dbfeff
2026-07-07T15:12:52.699+00:00 CAN id=101 dlc=8 data=d8cf040008dbfeff
2026-07-07T15:12:52.704+00:00 VCP run=1 step=0 angle=314912 target=315352 err=440 steer=0 m1=-505/-25781 i1=-159 t1=28 m2=502/25781 i2=216 t2=27 steerMode=0/-227 iSteer=28451 driveMode=-25781/-27144 iDrive=-187494 scale=0 wheel=-75000
2026-07-07T15:12:52.704+00:00 VCP SET_TARGET_RX steer=315352 wheel=-75000
2026-07-07T15:12:52.719+00:00 CAN id=101 dlc=8 data=d8cf040008dbfeff
2026-07-07T15:12:52.739+00:00 CAN id=101 dlc=8 data=d8cf040008dbfeff
2026-07-07T15:12:52.759+00:00 CAN id=101 dlc=8 data=d8cf040008dbfeff
2026-07-07T15:12:52.779+00:00 CAN id=101 dlc=8 data=d8cf040008dbfeff
2026-07-07T15:12:52.799+00:00 CAN id=101 dlc=8 data=d8cf040008dbfeff
2026-07-07T15:12:52.809+00:00 VCP run=1 step=0 angle=314912 target=315352 err=440 steer=0 m1=-490/-25781 i1=-160 t1=28 m2=500/25781 i2=225 t2=27 steerMode=0/-301 iSteer=32527 driveMode=-25781/-26501 iDrive=-192800 scale=0 wheel=-75000
2026-07-07T15:12:52.819+00:00 CAN id=101 dlc=8 data=d8cf040008dbfeff
2026-07-07T15:12:52.839+00:00 CAN id=101 dlc=8 data=d8cf040008dbfeff
2026-07-07T15:12:52.859+00:00 CAN id=101 dlc=8 data=d8cf040008dbfeff
2026-07-07T15:12:52.879+00:00 CAN id=101 dlc=8 data=d8cf040008dbfeff
2026-07-07T15:12:52.899+00:00 CAN id=101 dlc=8 data=d8cf040008dbfeff
2026-07-07T15:12:52.913+00:00 VCP run=1 step=0 angle=314912 target=315352 err=440 steer=0 m1=-484/-25781 i1=-170 t1=28 m2=449/25781 i2=238 t2=27 steerMode=0/-313 iSteer=34031 driveMode=-25781/-25370 iDrive=-204275 scale=0 wheel=-75000
2026-07-07T15:12:52.919+00:00 CAN id=101 dlc=8 data=d8cf040008dbfeff
2026-07-07T15:12:52.939+00:00 CAN id=101 dlc=8 data=d8cf040008dbfeff
2026-07-07T15:12:52.959+00:00 CAN id=101 dlc=8 data=d8cf040008dbfeff
2026-07-07T15:12:52.979+00:00 CAN id=101 dlc=8 data=d8cf040008dbfeff
2026-07-07T15:12:52.999+00:00 CAN id=101 dlc=8 data=d8cf040008dbfeff
2026-07-07T15:12:53.019+00:00 CAN id=101 dlc=8 data=d8cf040008dbfeff
2026-07-07T15:12:53.039+00:00 CAN id=101 dlc=8 data=d8cf040008dbfeff
2026-07-07T15:12:53.059+00:00 CAN id=101 dlc=8 data=d8cf040008dbfeff
2026-07-07T15:12:53.079+00:00 CAN id=101 dlc=8 data=d8cf040008dbfeff
2026-07-07T15:12:53.099+00:00 CAN id=101 dlc=8 data=d8cf040008dbfeff
2026-07-07T15:12:53.100+00:00 VCP run=1 step=0 angle=314912 target=315352 err=440 steer=0 m1=-469/-25781 i1=-212 t1=28 m2=487/25781 i2=205 t2=27 steerMode=0/467 iSteer=-3240 driveMode=-25781/-25108 iDrive=-208456 scale=0 wheel=-75000
2026-07-07T15:12:53.100+00:00 VCP run=1 step=0 angle=314824 target=315352 err=528 steer=264 m1=-473/-24330 i1=-97 t1=28 m2=475/27233 i2=324 t2=27 steerMode=1451/-391 iSteer=113448 driveMode=-25781/-25015 iDrive=-210624 scale=0 wheel=-75000
2026-07-07T15:12:53.119+00:00 CAN id=101 dlc=8 data=d8cf040008dbfeff
2026-07-07T15:12:53.139+00:00 CAN id=101 dlc=8 data=d8cf040008dbfeff
2026-07-07T15:12:53.159+00:00 CAN id=101 dlc=8 data=d8cf040008dbfeff
2026-07-07T15:12:53.179+00:00 CAN id=101 dlc=8 data=d8cf040008dbfeff
2026-07-07T15:12:53.199+00:00 CAN id=101 dlc=8 data=d8cf040008dbfeff
2026-07-07T15:12:53.201+00:00 VCP run=1 step=0 angle=314912 target=315352 err=440 steer=0 m1=-488/-25781 i1=-176 t1=28 m2=495/25781 i2=233 t2=27 steerMode=0/-158 iSteer=28556 driveMode=-25781/-25703 iDrive=-204782 scale=0 wheel=-75000
2026-07-07T15:12:53.201+00:00 VCP SET_TARGET_RX steer=315352 wheel=-75000
2026-07-07T15:12:53.219+00:00 CAN id=101 dlc=8 data=d8cf040008dbfeff
2026-07-07T15:12:53.239+00:00 CAN id=101 dlc=8 data=d8cf040008dbfeff
2026-07-07T15:12:53.259+00:00 CAN id=101 dlc=8 data=d8cf040008dbfeff
2026-07-07T15:12:53.279+00:00 CAN id=101 dlc=8 data=d8cf040008dbfeff
2026-07-07T15:12:53.299+00:00 CAN id=101 dlc=8 data=d8cf040008dbfeff
2026-07-07T15:12:53.306+00:00 VCP run=1 step=0 angle=314912 target=315352 err=440 steer=0 m1=-492/-25781 i1=-185 t1=28 m2=556/25781 i2=198 t2=27 steerMode=0/300 iSteer=6253 driveMode=-25781/-26927 iDrive=-191620 scale=0 wheel=-75000
2026-07-07T15:12:53.319+00:00 CAN id=101 dlc=8 data=d8cf040008dbfeff
2026-07-07T15:12:53.339+00:00 CAN id=101 dlc=8 data=d8cf040008dbfeff
2026-07-07T15:12:53.359+00:00 CAN id=101 dlc=8 data=d8cf040008dbfeff
2026-07-07T15:12:53.379+00:00 CAN id=101 dlc=8 data=d8cf040008dbfeff
2026-07-07T15:12:53.399+00:00 CAN id=101 dlc=8 data=d8cf040008dbfeff
2026-07-07T15:12:53.411+00:00 VCP run=1 step=0 angle=315088 target=315352 err=264 steer=0 m1=-540/-25781 i1=-143 t1=28 m2=514/25781 i2=217 t2=27 steerMode=0/-318 iSteer=36627 driveMode=-25781/-27775 iDrive=-180059 scale=0 wheel=-75000
2026-07-07T15:12:53.419+00:00 CAN id=101 dlc=8 data=d8cf040008dbfeff
2026-07-07T15:12:53.439+00:00 CAN id=101 dlc=8 data=d8cf040008dbfeff
2026-07-07T15:12:53.459+00:00 CAN id=101 dlc=8 data=d8cf040008dbfeff
2026-07-07T15:12:53.479+00:00 CAN id=101 dlc=8 data=d8cf040008dbfeff
2026-07-07T15:12:53.499+00:00 CAN id=101 dlc=8 data=d8cf040008dbfeff
2026-07-07T15:12:53.519+00:00 CAN id=101 dlc=8 data=d8cf040008dbfeff
2026-07-07T15:12:53.539+00:00 CAN id=101 dlc=8 data=d8cf040008dbfeff
2026-07-07T15:12:53.559+00:00 CAN id=101 dlc=8 data=d8cf040008dbfeff
2026-07-07T15:12:53.579+00:00 CAN id=101 dlc=8 data=d8cf040008dbfeff
2026-07-07T15:12:53.599+00:00 VCP run=1 step=0 angle=315176 target=315352 err=176 steer=0 m1=-524/-25781 i1=-156 t1=28 m2=529/25781 i2=192 t2=27 steerMode=0/54 iSteer=18038 driveMode=-25781/-28424 iDrive=-173572 scale=0 wheel=-75000
2026-07-07T15:12:53.599+00:00 VCP run=1 step=0 angle=315352 target=315352 err=0 steer=0 m1=-545/-25781 i1=-154 t1=28 m2=512/25781 i2=189 t2=27 steerMode=0/62 iSteer=17526 driveMode=-25781/-28586 iDrive=-171957 scale=0 wheel=-75000
2026-07-07T15:12:53.599+00:00 CAN id=101 dlc=8 data=d8cf040008dbfeff
2026-07-07T15:12:53.619+00:00 CAN id=101 dlc=8 data=d8cf040008dbfeff
2026-07-07T15:12:53.640+00:00 CAN id=101 dlc=8 data=d8cf040008dbfeff
2026-07-07T15:12:53.659+00:00 CAN id=101 dlc=8 data=d8cf040008dbfeff
2026-07-07T15:12:53.679+00:00 CAN id=101 dlc=8 data=d8cf040008dbfeff
2026-07-07T15:12:53.699+00:00 CAN id=101 dlc=8 data=d8cf040008dbfeff
2026-07-07T15:12:53.700+00:00 VCP run=1 step=0 angle=315352 target=315352 err=0 steer=0 m1=-534/-25781 i1=-162 t1=28 m2=516/25781 i2=180 t2=27 steerMode=0/221 iSteer=9123 driveMode=-25781/-28654 iDrive=-171277 scale=0 wheel=-75000
2026-07-07T15:12:53.700+00:00 VCP SET_TARGET_RX steer=315352 wheel=-75000
2026-07-07T15:12:53.719+00:00 CAN id=101 dlc=8 data=d8cf040008dbfeff
2026-07-07T15:12:53.739+00:00 CAN id=101 dlc=8 data=d8cf040008dbfeff
2026-07-07T15:12:53.759+00:00 CAN id=101 dlc=8 data=d8cf040008dbfeff
2026-07-07T15:12:53.779+00:00 CAN id=101 dlc=8 data=d8cf040008dbfeff
2026-07-07T15:12:53.799+00:00 CAN id=101 dlc=8 data=d8cf040008dbfeff
2026-07-07T15:12:53.805+00:00 VCP run=1 step=0 angle=315439 target=315352 err=-87 steer=0 m1=-532/-25781 i1=-150 t1=28 m2=552/25781 i2=189 t2=27 steerMode=0/13 iSteer=19204 driveMode=-25781/-28831 iDrive=-169506 scale=0 wheel=-75000
2026-07-07T15:12:53.819+00:00 CAN id=101 dlc=8 data=d8cf040008dbfeff
2026-07-07T15:12:53.839+00:00 CAN id=101 dlc=8 data=d8cf040008dbfeff
2026-07-07T15:12:53.859+00:00 CAN id=101 dlc=8 data=d8cf040008dbfeff
2026-07-07T15:12:53.879+00:00 CAN id=101 dlc=8 data=d8cf040008dbfeff
2026-07-07T15:12:53.899+00:00 CAN id=101 dlc=8 data=d8cf040008dbfeff
2026-07-07T15:12:53.909+00:00 VCP run=1 step=0 angle=315527 target=315352 err=-175 steer=0 m1=-557/-25781 i1=-135 t1=28 m2=498/25781 i2=220 t2=27 steerMode=0/-443 iSteer=42213 driveMode=-25781/-28047 iDrive=-177347 scale=0 wheel=-75000
2026-07-07T15:12:53.919+00:00 CAN id=101 dlc=8 data=d8cf040008dbfeff
2026-07-07T15:12:53.939+00:00 CAN id=101 dlc=8 data=d8cf040008dbfeff
2026-07-07T15:12:53.959+00:00 CAN id=101 dlc=8 data=d8cf040008dbfeff
2026-07-07T15:12:53.979+00:00 CAN id=101 dlc=8 data=d8cf040008dbfeff
2026-07-07T15:12:53.999+00:00 CAN id=101 dlc=8 data=d8cf040008dbfeff
2026-07-07T15:12:54.014+00:00 VCP run=1 step=0 angle=315615 target=315352 err=-263 steer=0 m1=-519/-25781 i1=-160 t1=28 m2=518/25781 i2=199 t2=27 steerMode=0/17 iSteer=19531 driveMode=-25781/-27790 iDrive=-179913 scale=0 wheel=-75000
2026-07-07T15:12:54.019+00:00 CAN id=101 dlc=8 data=d8cf040008dbfeff
2026-07-07T15:12:54.039+00:00 CAN id=101 dlc=8 data=d8cf040008dbfeff
2026-07-07T15:12:54.059+00:00 CAN id=101 dlc=8 data=d8cf040008dbfeff
2026-07-07T15:12:54.079+00:00 CAN id=101 dlc=8 data=d8cf040008dbfeff
2026-07-07T15:12:54.099+00:00 CAN id=101 dlc=8 data=d8cf040008dbfeff
2026-07-07T15:12:54.119+00:00 CAN id=101 dlc=8 data=d8cf040008dbfeff
2026-07-07T15:12:54.139+00:00 CAN id=101 dlc=8 data=d8cf040008dbfeff
2026-07-07T15:12:54.159+00:00 CAN id=101 dlc=8 data=d8cf040008dbfeff
2026-07-07T15:12:54.179+00:00 CAN id=101 dlc=8 data=d8cf040008dbfeff
2026-07-07T15:12:54.198+00:00 VCP run=1 step=0 angle=315615 target=315352 err=-263 steer=0 m1=-519/-25781 i1=-149 t1=28 m2=493/25781 i2=233 t2=27 steerMode=0/-408 iSteer=41845 driveMode=-25781/-26658 iDrive=-191232 scale=0 wheel=-75000
2026-07-07T15:12:54.198+00:00 VCP run=1 step=0 angle=315527 target=315352 err=-175 steer=0 m1=-476/-25781 i1=-158 t1=28 m2=454/25781 i2=255 t2=27 steerMode=0/-517 iSteer=48523 driveMode=-25781/-25181 iDrive=-206243 scale=0 wheel=-75000
2026-07-07T15:12:54.198+00:00 VCP SET_TARGET_RX steer=315352 wheel=-75000
2026-07-07T15:12:54.199+00:00 CAN id=101 dlc=8 data=d8cf040008dbfeff
2026-07-07T15:12:54.219+00:00 CAN id=101 dlc=8 data=d8cf040008dbfeff
2026-07-07T15:12:54.239+00:00 CAN id=101 dlc=8 data=d8cf040008dbfeff
2026-07-07T15:12:54.259+00:00 CAN id=101 dlc=8 data=d8cf040008dbfeff
2026-07-07T15:12:54.279+00:00 CAN id=101 dlc=8 data=d8cf040008dbfeff
2026-07-07T15:12:54.299+00:00 CAN id=101 dlc=8 data=d8cf040008dbfeff
2026-07-07T15:12:54.302+00:00 VCP run=1 step=0 angle=315439 target=315352 err=-87 steer=0 m1=-446/-25781 i1=-188 t1=28 m2=441/25781 i2=252 t2=27 steerMode=0/-165 iSteer=32032 driveMode=-25781/-24047 iDrive=-219920 scale=0 wheel=-75000
2026-07-07T15:12:54.319+00:00 CAN id=101 dlc=8 data=d8cf040008dbfeff
2026-07-07T15:12:54.339+00:00 CAN id=101 dlc=8 data=d8cf040008dbfeff
2026-07-07T15:12:54.359+00:00 CAN id=101 dlc=8 data=d8cf040008dbfeff
2026-07-07T15:12:54.380+00:00 CAN id=101 dlc=8 data=d8cf040008dbfeff
2026-07-07T15:12:54.399+00:00 CAN id=101 dlc=8 data=d8cf040008dbfeff
2026-07-07T15:12:54.407+00:00 VCP run=1 step=0 angle=315352 target=315352 err=0 steer=0 m1=-459/-25781 i1=-181 t1=28 m2=443/25781 i2=275 t2=27 steerMode=0/-441 iSteer=46767 driveMode=-25781/-23581 iDrive=-228125 scale=0 wheel=-75000
2026-07-07T15:12:54.419+00:00 CAN id=101 dlc=8 data=d8cf040008dbfeff
2026-07-07T15:12:54.439+00:00 CAN id=101 dlc=8 data=d8cf040008dbfeff
2026-07-07T15:12:54.459+00:00 CAN id=101 dlc=8 data=d8cf040008dbfeff
2026-07-07T15:12:54.479+00:00 CAN id=101 dlc=8 data=d8cf040008dbfeff
2026-07-07T15:12:54.499+00:00 CAN id=101 dlc=8 data=d8cf040008dbfeff
2026-07-07T15:12:54.512+00:00 VCP run=1 step=0 angle=315176 target=315352 err=176 steer=0 m1=-476/-25781 i1=-200 t1=28 m2=452/25781 i2=245 t2=27 steerMode=0/40 iSteer=22565 driveMode=-25781/-24508 iDrive=-222082 scale=0 wheel=-75000
2026-07-07T15:12:54.519+00:00 CAN id=101 dlc=8 data=d8cf040008dbfeff
2026-07-07T15:12:54.539+00:00 CAN id=101 dlc=8 data=d8cf040008dbfeff
2026-07-07T15:12:54.560+00:00 CAN id=101 dlc=8 data=d8cf040008dbfeff
2026-07-07T15:12:54.579+00:00 CAN id=101 dlc=8 data=d8cf040008dbfeff
2026-07-07T15:12:54.599+00:00 BENCH step t=33.000s -> steer=315352mdeg wheel=25000milli-rpm
2026-07-07T15:12:54.599+00:00 CAN id=101 dlc=8 data=d8cf0400a8610000
2026-07-07T15:12:54.619+00:00 CAN id=101 dlc=8 data=d8cf0400a8610000
2026-07-07T15:12:54.639+00:00 CAN id=101 dlc=8 data=d8cf0400a8610000
2026-07-07T15:12:54.641+00:00 VCP run=1 step=0 angle=315176 target=315352 err=176 steer=0 m1=-478/-25781 i1=-196 t1=28 m2=502/25781 i2=224 t2=27 steerMode=0/215 iSteer=13562 driveMode=-25781/-25828 iDrive=-209997 scale=0 wheel=-75000
2026-07-07T15:12:54.641+00:00 VCP run=1 step=0 angle=315176 target=315352 err=176 steer=0 m1=-515/-25781 i1=-164 t1=28 m2=533/25781 i2=237 t2=27 steerMode=0/-245 iSteer=36330 driveMode=-25781/-26678 iDrive=-200788 scale=0 wheel=-75000
2026-07-07T15:12:54.659+00:00 CAN id=101 dlc=8 data=d8cf0400a8610000
2026-07-07T15:12:54.679+00:00 CAN id=101 dlc=8 data=d8cf0400a8610000
2026-07-07T15:12:54.699+00:00 CAN id=101 dlc=8 data=d8cf0400a8610000
2026-07-07T15:12:54.719+00:00 CAN id=101 dlc=8 data=d8cf0400a8610000
2026-07-07T15:12:54.739+00:00 CAN id=101 dlc=8 data=d8cf0400a8610000
2026-07-07T15:12:54.760+00:00 CAN id=101 dlc=8 data=d8cf0400a8610000
2026-07-07T15:12:54.780+00:00 CAN id=101 dlc=8 data=d8cf0400a8610000
2026-07-07T15:12:54.799+00:00 CAN id=101 dlc=8 data=d8cf0400a8610000
2026-07-07T15:12:54.800+00:00 VCP SET_TARGET_RX steer=315352 wheel=25000
2026-07-07T15:12:54.800+00:00 VCP run=1 step=0 angle=315176 target=315352 err=176 steer=0 m1=-507/-19388 i1=-107 t1=28 m2=500/19388 i2=167 t2=27 steerMode=0/-115 iSteer=30189 driveMode=-19388/-25956 iDrive=-136799 scale=0 wheel=-56400
2026-07-07T15:12:54.819+00:00 CAN id=101 dlc=8 data=d8cf0400a8610000
2026-07-07T15:12:54.840+00:00 CAN id=101 dlc=8 data=d8cf0400a8610000
2026-07-07T15:12:54.859+00:00 CAN id=101 dlc=8 data=d8cf0400a8610000
2026-07-07T15:12:54.879+00:00 CAN id=101 dlc=8 data=d8cf0400a8610000
2026-07-07T15:12:54.899+00:00 CAN id=101 dlc=8 data=d8cf0400a8610000
2026-07-07T15:12:54.905+00:00 VCP run=1 step=0 angle=315176 target=315352 err=176 steer=0 m1=-409/-12994 i1=-92 t1=28 m2=420/12994 i2=103 t2=27 steerMode=0/375 iSteer=5122 driveMode=-12994/-23236 iDrive=-97573 scale=0 wheel=-37800
2026-07-07T15:12:54.919+00:00 CAN id=101 dlc=8 data=d8cf0400a8610000
2026-07-07T15:12:54.939+00:00 CAN id=101 dlc=8 data=d8cf0400a8610000
2026-07-07T15:12:54.960+00:00 CAN id=101 dlc=8 data=d8cf0400a8610000
2026-07-07T15:12:54.980+00:00 CAN id=101 dlc=8 data=d8cf0400a8610000
2026-07-07T15:12:54.999+00:00 CAN id=101 dlc=8 data=d8cf0400a8610000
2026-07-07T15:12:55.011+00:00 VCP run=1 step=0 angle=315176 target=315352 err=176 steer=0 m1=-327/-6600 i1=-68 t1=28 m2=299/6600 i2=80 t2=27 steerMode=0/331 iSteer=6196 driveMode=-6600/-19228 iDrive=-73719 scale=0 wheel=-19200
2026-07-07T15:12:55.019+00:00 CAN id=101 dlc=8 data=d8cf0400a8610000
2026-07-07T15:12:55.039+00:00 CAN id=101 dlc=8 data=d8cf0400a8610000
2026-07-07T15:12:55.059+00:00 CAN id=101 dlc=8 data=d8cf0400a8610000
2026-07-07T15:12:55.079+00:00 CAN id=101 dlc=8 data=d8cf0400a8610000
2026-07-07T15:12:55.099+00:00 CAN id=101 dlc=8 data=d8cf0400a8610000
2026-07-07T15:12:55.119+00:00 CAN id=101 dlc=8 data=d8cf0400a8610000
2026-07-07T15:12:55.139+00:00 CAN id=101 dlc=8 data=d8cf0400a8610000
2026-07-07T15:12:55.142+00:00 VCP run=1 step=0 angle=315176 target=315352 err=176 steer=0 m1=-245/-137 i1=-38 t1=28 m2=198/137 i2=87 t2=27 steerMode=0/-36 iSteer=24238 driveMode=-137/-13866 iDrive=-62711 scale=0 wheel=-400
2026-07-07T15:12:55.142+00:00 VCP run=1 step=0 angle=315176 target=315352 err=176 steer=0 m1=79/6325 i1=223 t1=28 m2=0/-6325 i2=-320 t2=27 steerMode=0/1418 iSteer=-48194 driveMode=6325/789 iDrive=271341 scale=0 wheel=18400
2026-07-07T15:12:55.159+00:00 CAN id=101 dlc=8 data=d8cf0400a8610000
2026-07-07T15:12:55.179+00:00 CAN id=101 dlc=8 data=d8cf0400a8610000
2026-07-07T15:12:55.199+00:00 CAN id=101 dlc=8 data=d8cf0400a8610000
2026-07-07T15:12:55.219+00:00 CAN id=101 dlc=8 data=d8cf0400a8610000
2026-07-07T15:12:55.240+00:00 CAN id=101 dlc=8 data=d8cf0400a8610000
2026-07-07T15:12:55.259+00:00 CAN id=101 dlc=8 data=d8cf0400a8610000
2026-07-07T15:12:55.279+00:00 CAN id=101 dlc=8 data=d8cf0400a8610000
2026-07-07T15:12:55.299+00:00 CAN id=101 dlc=8 data=d8cf0400a8610000
2026-07-07T15:12:55.302+00:00 VCP SET_TARGET_RX steer=315352 wheel=25000
2026-07-07T15:12:55.302+00:00 VCP run=1 step=0 angle=315791 target=315352 err=-439 steer=0 m1=100/8594 i1=268 t1=28 m2=-137/-8594 i2=-241 t2=27 steerMode=0/89 iSteer=13262 driveMode=8594/5669 iDrive=254702 scale=0 wheel=25000
2026-07-07T15:12:55.319+00:00 CAN id=101 dlc=8 data=d8cf0400a8610000
2026-07-07T15:12:55.339+00:00 CAN id=101 dlc=8 data=d8cf0400a8610000
2026-07-07T15:12:55.359+00:00 CAN id=101 dlc=8 data=d8cf0400a8610000
2026-07-07T15:12:55.379+00:00 CAN id=101 dlc=8 data=d8cf0400a8610000
2026-07-07T15:12:55.399+00:00 CAN id=101 dlc=8 data=d8cf0400a8610000
2026-07-07T15:12:55.407+00:00 VCP run=1 step=0 angle=315879 target=315352 err=-527 steer=-50 m1=192/8319 i1=199 t1=28 m2=-147/-8869 i2=-236 t2=27 steerMode=-275/440 iSteer=-18429 driveMode=8594/9482 iDrive=217660 scale=0 wheel=25000
2026-07-07T15:12:55.419+00:00 CAN id=101 dlc=8 data=d8cf0400a8610000
2026-07-07T15:12:55.439+00:00 CAN id=101 dlc=8 data=d8cf0400a8610000
2026-07-07T15:12:55.459+00:00 CAN id=101 dlc=8 data=d8cf0400a8610000
2026-07-07T15:12:55.479+00:00 CAN id=101 dlc=8 data=d8cf0400a8610000
2026-07-07T15:12:55.499+00:00 CAN id=101 dlc=8 data=d8cf0400a8610000
2026-07-07T15:12:55.511+00:00 VCP run=1 step=0 angle=315879 target=315352 err=-527 steer=-263 m1=192/7145 i1=167 t1=28 m2=-275/-10043 i2=-220 t2=27 steerMode=-1449/-644 iSteer=-26228 driveMode=8594/11508 iDrive=193485 scale=0 wheel=25000
2026-07-07T15:12:55.519+00:00 CAN id=101 dlc=8 data=d8cf0400a8610000
2026-07-07T15:12:55.539+00:00 CAN id=101 dlc=8 data=d8cf0400a8610000
2026-07-07T15:12:55.559+00:00 CAN id=101 dlc=8 data=d8cf0400a8610000
2026-07-07T15:12:55.580+00:00 CAN id=101 dlc=8 data=d8cf0400a8610000
2026-07-07T15:12:55.599+00:00 CAN id=101 dlc=8 data=d8cf0400a8610000
2026-07-07T15:12:55.619+00:00 CAN id=101 dlc=8 data=d8cf0400a8610000
2026-07-07T15:12:55.639+00:00 CAN id=101 dlc=8 data=d8cf0400a8610000
2026-07-07T15:12:55.641+00:00 VCP run=1 step=0 angle=315791 target=315352 err=-439 steer=0 m1=236/8594 i1=168 t1=28 m2=-256/-8594 i2=-196 t2=27 steerMode=0/567 iSteer=-13846 driveMode=8594/12020 iDrive=182238 scale=0 wheel=25000
2026-07-07T15:12:55.641+00:00 VCP run=1 step=0 angle=315879 target=315352 err=-527 steer=-263 m1=221/7145 i1=125 t1=28 m2=-277/-10043 i2=-214 t2=27 steerMode=-1449/-320 iSteer=-44518 driveMode=8594/12536 iDrive=169964 scale=0 wheel=25000
2026-07-07T15:12:55.659+00:00 CAN id=101 dlc=8 data=d8cf0400a8610000
2026-07-07T15:12:55.680+00:00 CAN id=101 dlc=8 data=d8cf0400a8610000
2026-07-07T15:12:55.699+00:00 CAN id=101 dlc=8 data=d8cf0400a8610000
2026-07-07T15:12:55.719+00:00 CAN id=101 dlc=8 data=d8cf0400a8610000
2026-07-07T15:12:55.739+00:00 CAN id=101 dlc=8 data=d8cf0400a8610000
2026-07-07T15:12:55.759+00:00 CAN id=101 dlc=8 data=d8cf0400a8610000
2026-07-07T15:12:55.780+00:00 CAN id=101 dlc=8 data=d8cf0400a8610000
2026-07-07T15:12:55.799+00:00 CAN id=101 dlc=8 data=d8cf0400a8610000
2026-07-07T15:12:55.800+00:00 VCP SET_TARGET_RX steer=315352 wheel=25000
2026-07-07T15:12:55.800+00:00 VCP run=1 step=0 angle=315791 target=315352 err=-439 steer=-113 m1=207/7970 i1=180 t1=28 m2=-231/-9218 i2=-155 t2=27 steerMode=-624/-670 iSteer=12264 driveMode=8594/12085 iDrive=167497 scale=0 wheel=25000
2026-07-07T15:12:55.819+00:00 CAN id=101 dlc=8 data=d8cf0400a8610000
2026-07-07T15:12:55.839+00:00 CAN id=101 dlc=8 data=d8cf0400a8610000
2026-07-07T15:12:55.860+00:00 CAN id=101 dlc=8 data=d8cf0400a8610000
2026-07-07T15:12:55.880+00:00 CAN id=101 dlc=8 data=d8cf0400a8610000
2026-07-07T15:12:55.899+00:00 CAN id=101 dlc=8 data=d8cf0400a8610000
2026-07-07T15:12:55.905+00:00 VCP run=1 step=0 angle=315791 target=315352 err=-439 steer=0 m1=179/8594 i1=116 t1=28 m2=-224/-8594 i2=-241 t2=27 steerMode=0/1423 iSteer=-62465 driveMode=8594/10755 iDrive=178384 scale=0 wheel=25000
2026-07-07T15:12:55.919+00:00 CAN id=101 dlc=8 data=d8cf0400a8610000
2026-07-07T15:12:55.939+00:00 CAN id=101 dlc=8 data=d8cf0400a8610000
2026-07-07T15:12:55.959+00:00 CAN id=101 dlc=8 data=d8cf0400a8610000
2026-07-07T15:12:55.980+00:00 CAN id=101 dlc=8 data=d8cf0400a8610000
2026-07-07T15:12:55.999+00:00 CAN id=101 dlc=8 data=d8cf0400a8610000
2026-07-07T15:12:56.010+00:00 VCP run=1 step=0 angle=315879 target=315352 err=-527 steer=-263 m1=144/7145 i1=163 t1=28 m2=-183/-10043 i2=-230 t2=27 steerMode=-1449/-681 iSteer=-33495 driveMode=8594/8990 iDrive=196033 scale=0 wheel=25000
2026-07-07T15:12:56.019+00:00 CAN id=101 dlc=8 data=d8cf0400a8610000
2026-07-07T15:12:56.039+00:00 CAN id=101 dlc=8 data=d8cf0400a8610000
2026-07-07T15:12:56.059+00:00 CAN id=101 dlc=8 data=d8cf0400a8610000
2026-07-07T15:12:56.079+00:00 CAN id=101 dlc=8 data=d8cf0400a8610000
2026-07-07T15:12:56.099+00:00 CAN id=101 dlc=8 data=d8cf0400a8610000
2026-07-07T15:12:56.119+00:00 CAN id=101 dlc=8 data=d8cf0400a8610000
2026-07-07T15:12:56.139+00:00 CAN id=101 dlc=8 data=d8cf0400a8610000
2026-07-07T15:12:56.140+00:00 VCP run=1 step=0 angle=315879 target=315352 err=-527 steer=-150 m1=146/7769 i1=162 t1=28 m2=-220/-9419 i2=-238 t2=27 steerMode=-825/23 iSteer=-37598 driveMode=8594/8614 iDrive=199906 scale=0 wheel=25000
2026-07-07T15:12:56.140+00:00 VCP run=1 step=0 angle=315791 target=315352 err=-439 steer=0 m1=165/8594 i1=192 t1=28 m2=-208/-8594 i2=-198 t2=27 steerMode=0/148 iSteer=-3187 driveMode=8594/9089 iDrive=195044 scale=0 wheel=25000
2026-07-07T15:12:56.159+00:00 CAN id=101 dlc=8 data=d8cf0400a8610000
2026-07-07T15:12:56.179+00:00 CAN id=101 dlc=8 data=d8cf0400a8610000
2026-07-07T15:12:56.199+00:00 CAN id=101 dlc=8 data=d8cf0400a8610000
2026-07-07T15:12:56.219+00:00 CAN id=101 dlc=8 data=d8cf0400a8610000
2026-07-07T15:12:56.240+00:00 CAN id=101 dlc=8 data=d8cf0400a8610000
2026-07-07T15:12:56.259+00:00 CAN id=101 dlc=8 data=d8cf0400a8610000
2026-07-07T15:12:56.279+00:00 CAN id=101 dlc=8 data=d8cf0400a8610000
2026-07-07T15:12:56.299+00:00 VCP SET_TARGET_RX steer=315352 wheel=25000
2026-07-07T15:12:56.299+00:00 VCP run=1 step=0 angle=315879 target=315352 err=-527 steer=-263 m1=148/7145 i1=141 t1=28 m2=-256/-10043 i2=-252 t2=27 steerMode=-1449/-294 iSteer=-55536 driveMode=8594/8972 iDrive=196219 scale=0 wheel=25000
2026-07-07T15:12:56.299+00:00 CAN id=101 dlc=8 data=d8cf0400a8610000
2026-07-07T15:12:56.319+00:00 CAN id=101 dlc=8 data=d8cf0400a8610000
2026-07-07T15:12:56.339+00:00 CAN id=101 dlc=8 data=d8cf0400a8610000
2026-07-07T15:12:56.359+00:00 CAN id=101 dlc=8 data=d8cf0400a8610000
2026-07-07T15:12:56.379+00:00 CAN id=101 dlc=8 data=d8cf0400a8610000
2026-07-07T15:12:56.399+00:00 CAN id=101 dlc=8 data=d8cf0400a8610000
2026-07-07T15:12:56.404+00:00 VCP run=1 step=0 angle=315791 target=315352 err=-439 steer=0 m1=188/8594 i1=185 t1=28 m2=-164/-8594 i2=-195 t2=27 steerMode=0/149 iSteer=-4894 driveMode=8594/9590 iDrive=190038 scale=0 wheel=25000
2026-07-07T15:12:56.419+00:00 CAN id=101 dlc=8 data=d8cf0400a8610000
2026-07-07T15:12:56.439+00:00 CAN id=101 dlc=8 data=d8cf0400a8610000
2026-07-07T15:12:56.460+00:00 CAN id=101 dlc=8 data=d8cf0400a8610000
2026-07-07T15:12:56.479+00:00 CAN id=101 dlc=8 data=d8cf0400a8610000
2026-07-07T15:12:56.499+00:00 CAN id=101 dlc=8 data=d8cf0400a8610000
2026-07-07T15:12:56.509+00:00 VCP run=1 step=0 angle=315879 target=315352 err=-527 steer=-263 m1=154/7145 i1=162 t1=28 m2=-162/-10043 i2=-232 t2=27 steerMode=-1449/-769 iSteer=-34974 driveMode=8594/8877 iDrive=197163 scale=0 wheel=25000
2026-07-07T15:12:56.519+00:00 CAN id=101 dlc=8 data=d8cf0400a8610000
2026-07-07T15:12:56.539+00:00 CAN id=101 dlc=8 data=d8cf0400a8610000
2026-07-07T15:12:56.559+00:00 CAN id=101 dlc=8 data=d8cf0400a8610000
2026-07-07T15:12:56.579+00:00 CAN id=101 dlc=8 data=d8cf0400a8610000
2026-07-07T15:12:56.599+00:00 CAN id=101 dlc=8 data=d8cf0400a8610000
2026-07-07T15:12:56.614+00:00 VCP run=1 step=0 angle=315791 target=315352 err=-439 steer=0 m1=167/8594 i1=178 t1=28 m2=-132/-8594 i2=-220 t2=27 steerMode=0/395 iSteer=-20753 driveMode=8594/8718 iDrive=198761 scale=0 wheel=25000
2026-07-07T15:12:56.619+00:00 CAN id=101 dlc=8 data=d8cf0400a8610000
2026-07-07T15:12:56.639+00:00 CAN id=101 dlc=8 data=d8cf0400a8610000
2026-07-07T15:12:56.659+00:00 CAN id=101 dlc=8 data=d8cf0400a8610000
2026-07-07T15:12:56.679+00:00 CAN id=101 dlc=8 data=d8cf0400a8610000
2026-07-07T15:12:56.699+00:00 CAN id=101 dlc=8 data=d8cf0400a8610000
2026-07-07T15:12:56.719+00:00 CAN id=101 dlc=8 data=d8cf0400a8610000
2026-07-07T15:12:56.739+00:00 CAN id=101 dlc=8 data=d8cf0400a8610000
2026-07-07T15:12:56.759+00:00 CAN id=101 dlc=8 data=d8cf0400a8610000
2026-07-07T15:12:56.779+00:00 CAN id=101 dlc=8 data=d8cf0400a8610000
2026-07-07T15:12:56.798+00:00 VCP run=1 step=0 angle=315879 target=315352 err=-527 steer=-263 m1=144/7145 i1=136 t1=28 m2=-157/-10043 i2=-249 t2=27 steerMode=-1449/-398 iSteer=-56417 driveMode=8594/9357 iDrive=192369 scale=0 wheel=25000
2026-07-07T15:12:56.798+00:00 VCP SET_TARGET_RX steer=315352 wheel=25000
2026-07-07T15:12:56.798+00:00 VCP run=1 step=0 angle=315791 target=315352 err=-439 steer=0 m1=156/8594 i1=186 t1=28 m2=-105/-8594 i2=-222 t2=27 steerMode=0/283 iSteer=-17887 driveMode=8594/8185 iDrive=204303 scale=0 wheel=25000
2026-07-07T15:12:56.799+00:00 CAN id=101 dlc=8 data=d8cf0400a8610000
2026-07-07T15:12:56.819+00:00 CAN id=101 dlc=8 data=d8cf0400a8610000
2026-07-07T15:12:56.839+00:00 CAN id=101 dlc=8 data=d8cf0400a8610000
2026-07-07T15:12:56.859+00:00 CAN id=101 dlc=8 data=d8cf0400a8610000
2026-07-07T15:12:56.879+00:00 CAN id=101 dlc=8 data=d8cf0400a8610000
2026-07-07T15:12:56.899+00:00 CAN id=101 dlc=8 data=d8cf0400a8610000
2026-07-07T15:12:56.902+00:00 VCP run=1 step=0 angle=315879 target=315352 err=-527 steer=-263 m1=108/7145 i1=186 t1=28 m2=-157/-10043 i2=-243 t2=27 steerMode=-1449/-1054 iSteer=-28532 driveMode=8594/7381 iDrive=214178 scale=0 wheel=25000
2026-07-07T15:12:56.919+00:00 CAN id=101 dlc=8 data=d8cf0400a8610000
2026-07-07T15:12:56.939+00:00 CAN id=101 dlc=8 data=d8cf0400a8610000
2026-07-07T15:12:56.959+00:00 CAN id=101 dlc=8 data=d8cf0400a8610000
2026-07-07T15:12:56.979+00:00 CAN id=101 dlc=8 data=d8cf0400a8610000
2026-07-07T15:12:56.999+00:00 CAN id=101 dlc=8 data=d8cf0400a8610000
2026-07-07T15:12:57.007+00:00 VCP run=1 step=0 angle=315879 target=315352 err=-527 steer=-50 m1=140/8319 i1=156 t1=28 m2=-103/-8869 i2=-262 t2=27 steerMode=-275/628 iSteer=-53248 driveMode=8594/8048 iDrive=209201 scale=0 wheel=25000
2026-07-07T15:12:57.019+00:00 CAN id=101 dlc=8 data=d8cf0400a8610000
2026-07-07T15:12:57.039+00:00 CAN id=101 dlc=8 data=d8cf0400a8610000
2026-07-07T15:12:57.059+00:00 CAN id=101 dlc=8 data=d8cf0400a8610000
2026-07-07T15:12:57.079+00:00 CAN id=101 dlc=8 data=d8cf0400a8610000
2026-07-07T15:12:57.099+00:00 CAN id=101 dlc=8 data=d8cf0400a8610000
2026-07-07T15:12:57.112+00:00 VCP run=1 step=0 angle=315967 target=315352 err=-615 steer=-307 m1=117/6903 i1=169 t1=28 m2=-193/-10284 i2=-267 t2=27 steerMode=-1691/-989 iSteer=-48961 driveMode=8594/7408 iDrive=217973 scale=0 wheel=25000
2026-07-07T15:12:57.119+00:00 CAN id=101 dlc=8 data=d8cf0400a8610000
2026-07-07T15:12:57.139+00:00 CAN id=101 dlc=8 data=d8cf0400a8610000
2026-07-07T15:12:57.159+00:00 CAN id=101 dlc=8 data=d8cf0400a8610000
2026-07-07T15:12:57.180+00:00 CAN id=101 dlc=8 data=d8cf0400a8610000
2026-07-07T15:12:57.199+00:00 CAN id=101 dlc=8 data=d8cf0400a8610000
2026-07-07T15:12:57.213+00:00 VCP run=1 step=0 angle=315967 target=315352 err=-615 steer=-307 m1=140/6903 i1=75 t1=28 m2=-82/-10284 i2=-379 t2=27 steerMode=-1691/1084 iSteer=-151714 driveMode=8594/6723 iDrive=227194 scale=0 wheel=25000
2026-07-07T15:12:57.213+00:00 VCP SET_TARGET_RX steer=315352 wheel=25000
2026-07-07T15:12:57.219+00:00 CAN id=101 dlc=8 data=d8cf0400a8610000
2026-07-07T15:12:57.239+00:00 CAN id=101 dlc=8 data=d8cf0400a8610000
2026-07-07T15:12:57.259+00:00 CAN id=101 dlc=8 data=d8cf0400a8610000
2026-07-07T15:12:57.279+00:00 CAN id=101 dlc=8 data=d8cf0400a8610000
2026-07-07T15:12:57.299+00:00 CAN id=101 dlc=8 data=d8cf0400a8610000
2026-07-07T15:12:57.319+00:00 CAN id=101 dlc=8 data=d8cf0400a8610000
2026-07-07T15:12:57.339+00:00 CAN id=101 dlc=8 data=d8cf0400a8610000
2026-07-07T15:12:57.359+00:00 CAN id=101 dlc=8 data=d8cf0400a8610000
2026-07-07T15:12:57.379+00:00 CAN id=101 dlc=8 data=d8cf0400a8610000
2026-07-07T15:12:57.399+00:00 CAN id=101 dlc=8 data=d8cf0400a8610000
2026-07-07T15:12:57.400+00:00 VCP run=1 step=0 angle=315879 target=315352 err=-527 steer=-150 m1=115/7769 i1=172 t1=28 m2=-70/-9419 i2=-310 t2=27 steerMode=-825/228 iSteer=-69102 driveMode=8594/5718 iDrive=241398 scale=0 wheel=25000
2026-07-07T15:12:57.400+00:00 VCP run=1 step=0 angle=315967 target=315352 err=-615 steer=-307 m1=83/6903 i1=141 t1=28 m2=-78/-10284 i2=-354 t2=27 steerMode=-1691/21 iSteer=-106764 driveMode=8594/5669 iDrive=247342 scale=0 wheel=25000
2026-07-07T15:12:57.419+00:00 CAN id=101 dlc=8 data=d8cf0400a8610000
2026-07-07T15:12:57.439+00:00 CAN id=101 dlc=8 data=d8cf0400a8610000
2026-07-07T15:12:57.459+00:00 CAN id=101 dlc=8 data=d8cf0400a8610000
2026-07-07T15:12:57.479+00:00 CAN id=101 dlc=8 data=d8cf0400a8610000
2026-07-07T15:12:57.499+00:00 CAN id=101 dlc=8 data=d8cf0400a8610000
2026-07-07T15:12:57.505+00:00 VCP run=1 step=0 angle=315879 target=315352 err=-527 steer=-263 m1=52/7145 i1=182 t1=28 m2=-101/-10043 i2=-329 t2=27 steerMode=-1449/-465 iSteer=-73603 driveMode=8594/5464 iDrive=255701 scale=0 wheel=25000
2026-07-07T15:12:57.519+00:00 CAN id=101 dlc=8 data=d8cf0400a8610000
2026-07-07T15:12:57.539+00:00 CAN id=101 dlc=8 data=d8cf0400a8610000
2026-07-07T15:12:57.559+00:00 CAN id=101 dlc=8 data=d8cf0400a8610000
2026-07-07T15:12:57.579+00:00 CAN id=101 dlc=8 data=d8cf0400a8610000
2026-07-07T15:12:57.600+00:00 CAN id=101 dlc=8 data=d8cf0400a8610000
2026-07-07T15:12:57.610+00:00 VCP run=1 step=0 angle=315703 target=315352 err=-351 steer=0 m1=138/8594 i1=190 t1=28 m2=-88/-8594 i2=-316 t2=27 steerMode=0/775 iSteer=-62891 driveMode=8594/6261 iDrive=253171 scale=0 wheel=25000
2026-07-07T15:12:57.620+00:00 CAN id=101 dlc=8 data=d8cf0400a8610000
2026-07-07T15:12:57.640+00:00 CAN id=101 dlc=8 data=d8cf0400a8610000
2026-07-07T15:12:57.660+00:00 CAN id=101 dlc=8 data=d8cf0400a8610000
2026-07-07T15:12:57.680+00:00 CAN id=101 dlc=8 data=d8cf0400a8610000
2026-07-07T15:12:57.699+00:00 CAN id=101 dlc=8 data=d8cf0400a8610000
2026-07-07T15:12:57.711+00:00 VCP run=1 step=0 angle=315967 target=315352 err=-615 steer=-307 m1=129/6903 i1=207 t1=28 m2=-183/-10284 i2=-275 t2=27 steerMode=-1691/-1579 iSteer=-34416 driveMode=8594/7783 iDrive=240982 scale=0 wheel=25000
2026-07-07T15:12:57.711+00:00 VCP SET_TARGET_RX steer=315352 wheel=25000
2026-07-07T15:12:57.719+00:00 CAN id=101 dlc=8 data=d8cf0400a8610000
2026-07-07T15:12:57.739+00:00 CAN id=101 dlc=8 data=d8cf0400a8610000
2026-07-07T15:12:57.759+00:00 CAN id=101 dlc=8 data=d8cf0400a8610000
2026-07-07T15:12:57.779+00:00 CAN id=101 dlc=8 data=d8cf0400a8610000
2026-07-07T15:12:57.799+00:00 CAN id=101 dlc=8 data=d8cf0400a8610000
2026-07-07T15:12:57.819+00:00 CAN id=101 dlc=8 data=d8cf0400a8610000
2026-07-07T15:12:57.841+00:00 CAN id=101 dlc=8 data=d8cf0400a8610000
2026-07-07T15:12:57.860+00:00 CAN id=101 dlc=8 data=d8cf0400a8610000
2026-07-07T15:12:57.879+00:00 CAN id=101 dlc=8 data=d8cf0400a8610000
2026-07-07T15:12:57.899+00:00 VCP run=1 step=0 angle=315703 target=315352 err=-351 steer=0 m1=198/8594 i1=140 t1=28 m2=-124/-8594 i2=-337 t2=27 steerMode=0/1422 iSteer=-98596 driveMode=8594/8097 iDrive=238335 scale=0 wheel=25000
2026-07-07T15:12:57.899+00:00 VCP run=1 step=0 angle=315879 target=315352 err=-527 steer=-263 m1=96/7145 i1=179 t1=28 m2=-214/-10043 i2=-298 t2=27 steerMode=-1449/-924 iSteer=-59468 driveMode=8594/8159 iDrive=238618 scale=0 wheel=25000
2026-07-07T15:12:57.899+00:00 CAN id=101 dlc=8 data=d8cf0400a8610000
2026-07-07T15:12:57.919+00:00 CAN id=101 dlc=8 data=d8cf0400a8610000
2026-07-07T15:12:57.939+00:00 CAN id=101 dlc=8 data=d8cf0400a8610000
2026-07-07T15:12:57.962+00:00 CAN id=101 dlc=8 data=d8cf0400a8610000
2026-07-07T15:12:57.979+00:00 CAN id=101 dlc=8 data=d8cf0400a8610000
2026-07-07T15:12:57.999+00:00 CAN id=101 dlc=8 data=d8cf0400a8610000
2026-07-07T15:12:58.004+00:00 VCP run=1 step=0 angle=315791 target=315352 err=-439 steer=0 m1=215/8594 i1=166 t1=28 m2=-164/-8594 i2=-309 t2=27 steerMode=0/776 iSteer=-71250 driveMode=8594/8388 iDrive=237361 scale=0 wheel=25000
2026-07-07T15:12:58.019+00:00 CAN id=101 dlc=8 data=d8cf0400a8610000
2026-07-07T15:12:58.040+00:00 CAN id=101 dlc=8 data=d8cf0400a8610000
2026-07-07T15:12:58.059+00:00 CAN id=101 dlc=8 data=d8cf0400a8610000
2026-07-07T15:12:58.080+00:00 CAN id=101 dlc=8 data=d8cf0400a8610000
2026-07-07T15:12:58.099+00:00 CAN id=101 dlc=8 data=d8cf0400a8610000
2026-07-07T15:12:58.109+00:00 VCP run=1 step=0 angle=315527 target=315352 err=-175 steer=0 m1=161/8594 i1=264 t1=28 m2=-243/-8594 i2=-180 t2=27 steerMode=0/-1529 iSteer=42140 driveMode=8594/9770 iDrive=222334 scale=0 wheel=25000
2026-07-07T15:12:58.119+00:00 CAN id=101 dlc=8 data=d8cf0400a8610000
2026-07-07T15:12:58.140+00:00 CAN id=101 dlc=8 data=d8cf0400a8610000
2026-07-07T15:12:58.159+00:00 CAN id=101 dlc=8 data=d8cf0400a8610000
2026-07-07T15:12:58.179+00:00 CAN id=101 dlc=8 data=d8cf0400a8610000
2026-07-07T15:12:58.199+00:00 CAN id=101 dlc=8 data=d8cf0400a8610000
2026-07-07T15:12:58.210+00:00 VCP run=1 step=0 angle=315879 target=315352 err=-527 steer=-263 m1=211/7145 i1=73 t1=28 m2=-222/-10043 i2=-359 t2=27 steerMode=-1449/697 iSteer=-142937 driveMode=8594/10163 iDrive=215803 scale=0 wheel=25000
2026-07-07T15:12:58.211+00:00 VCP SET_TARGET_RX steer=315352 wheel=25000
2026-07-07T15:12:58.219+00:00 CAN id=101 dlc=8 data=d8cf0400a8610000
2026-07-07T15:12:58.239+00:00 CAN id=101 dlc=8 data=d8cf0400a8610000
2026-07-07T15:12:58.259+00:00 CAN id=101 dlc=8 data=d8cf0400a8610000
2026-07-07T15:12:58.279+00:00 CAN id=101 dlc=8 data=d8cf0400a8610000
2026-07-07T15:12:58.299+00:00 CAN id=101 dlc=8 data=d8cf0400a8610000
2026-07-07T15:12:58.319+00:00 CAN id=101 dlc=8 data=d8cf0400a8610000
2026-07-07T15:12:58.340+00:00 CAN id=101 dlc=8 data=d8cf0400a8610000
2026-07-07T15:12:58.359+00:00 CAN id=101 dlc=8 data=d8cf0400a8610000
2026-07-07T15:12:58.379+00:00 CAN id=101 dlc=8 data=d8cf0400a8610000
2026-07-07T15:12:58.398+00:00 VCP run=1 step=0 angle=315615 target=315352 err=-263 steer=0 m1=173/8594 i1=180 t1=28 m2=-279/-8594 i2=-226 t2=27 steerMode=0/-259 iSteer=-22640 driveMode=8594/11075 iDrive=202922 scale=0 wheel=25000
2026-07-07T15:12:58.398+00:00 VCP run=1 step=0 angle=315967 target=315352 err=-615 steer=-307 m1=188/6903 i1=55 t1=28 m2=-220/-10284 i2=-380 t2=27 steerMode=-1691/793 iSteer=-162853 driveMode=8594/9345 iDrive=217441 scale=0 wheel=25000
2026-07-07T15:12:58.399+00:00 CAN id=101 dlc=8 data=d8cf0400a8610000
2026-07-07T15:12:58.419+00:00 CAN id=101 dlc=8 data=d8cf0400a8610000
2026-07-07T15:12:58.439+00:00 CAN id=101 dlc=8 data=d8cf0400a8610000
2026-07-07T15:12:58.460+00:00 CAN id=101 dlc=8 data=d8cf0400a8610000
2026-07-07T15:12:58.479+00:00 CAN id=101 dlc=8 data=d8cf0400a8610000
2026-07-07T15:12:58.499+00:00 CAN id=101 dlc=8 data=d8cf0400a8610000
2026-07-07T15:12:58.503+00:00 VCP run=1 step=0 angle=315527 target=315352 err=-175 steer=0 m1=232/8594 i1=206 t1=28 m2=-252/-8594 i2=-195 t2=27 steerMode=0/-850 iSteer=5656 driveMode=8594/10762 iDrive=200371 scale=0 wheel=25000
2026-07-07T15:12:58.519+00:00 CAN id=101 dlc=8 data=d8cf0400a8610000
2026-07-07T15:12:58.539+00:00 CAN id=101 dlc=8 data=d8cf0400a8610000
2026-07-07T15:12:58.559+00:00 CAN id=101 dlc=8 data=d8cf0400a8610000
2026-07-07T15:12:58.579+00:00 CAN id=101 dlc=8 data=d8cf0400a8610000
2026-07-07T15:12:58.599+00:00 CAN id=101 dlc=8 data=d8cf0400a8610000
2026-07-07T15:12:58.609+00:00 VCP run=1 step=0 angle=315615 target=315352 err=-263 steer=0 m1=184/8594 i1=153 t1=28 m2=-298/-8594 i2=-219 t2=27 steerMode=0/-81 iSteer=-32955 driveMode=8594/11696 iDrive=185957 scale=0 wheel=25000
2026-07-07T15:12:58.619+00:00 CAN id=101 dlc=8 data=d8cf0400a8610000
2026-07-07T15:12:58.641+00:00 CAN id=101 dlc=8 data=d8cf0400a8610000
2026-07-07T15:12:58.659+00:00 CAN id=101 dlc=8 data=d8cf0400a8610000
2026-07-07T15:12:58.679+00:00 CAN id=101 dlc=8 data=d8cf0400a8610000
2026-07-07T15:12:58.699+00:00 CAN id=101 dlc=8 data=d8cf0400a8610000
2026-07-07T15:12:58.710+00:00 VCP run=1 step=0 angle=315791 target=315352 err=-439 steer=0 m1=173/8594 i1=140 t1=28 m2=-151/-8594 i2=-253 t2=27 steerMode=0/385 iSteer=-56607 driveMode=8594/10257 iDrive=196214 scale=0 wheel=25000
2026-07-07T15:12:58.710+00:00 VCP SET_TARGET_RX steer=315352 wheel=25000
2026-07-07T15:12:58.719+00:00 CAN id=101 dlc=8 data=d8cf0400a8610000
2026-07-07T15:12:58.740+00:00 CAN id=101 dlc=8 data=d8cf0400a8610000
2026-07-07T15:12:58.759+00:00 CAN id=101 dlc=8 data=d8cf0400a8610000
2026-07-07T15:12:58.780+00:00 CAN id=101 dlc=8 data=d8cf0400a8610000
2026-07-07T15:12:58.799+00:00 CAN id=101 dlc=8 data=d8cf0400a8610000
2026-07-07T15:12:58.820+00:00 CAN id=101 dlc=8 data=d8cf0400a8610000
2026-07-07T15:12:58.840+00:00 CAN id=101 dlc=8 data=d8cf0400a8610000
2026-07-07T15:12:58.860+00:00 CAN id=101 dlc=8 data=d8cf0400a8610000
2026-07-07T15:12:58.879+00:00 CAN id=101 dlc=8 data=d8cf0400a8610000
2026-07-07T15:12:58.898+00:00 VCP run=1 step=0 angle=315791 target=315352 err=-439 steer=0 m1=238/8594 i1=163 t1=28 m2=-185/-8594 i2=-198 t2=27 steerMode=0/-387 iSteer=-17688 driveMode=8594/11454 iDrive=180706 scale=0 wheel=25000
2026-07-07T15:12:58.898+00:00 VCP run=1 step=0 angle=315615 target=315352 err=-263 steer=0 m1=234/8594 i1=152 t1=28 m2=-262/-8594 i2=-181 t2=27 steerMode=0/-438 iSteer=-14876 driveMode=8594/12321 iDrive=166484 scale=0 wheel=25000
2026-07-07T15:12:58.899+00:00 CAN id=101 dlc=8 data=d8cf0400a8610000
2026-07-07T15:12:58.919+00:00 CAN id=101 dlc=8 data=d8cf0400a8610000
2026-07-07T15:12:58.939+00:00 CAN id=101 dlc=8 data=d8cf0400a8610000
2026-07-07T15:12:58.959+00:00 CAN id=101 dlc=8 data=d8cf0400a8610000
2026-07-07T15:12:58.979+00:00 CAN id=101 dlc=8 data=d8cf0400a8610000
2026-07-07T15:12:58.999+00:00 CAN id=101 dlc=8 data=d8cf0400a8610000
2026-07-07T15:12:59.003+00:00 VCP run=1 step=0 angle=315527 target=315352 err=-175 steer=0 m1=215/8594 i1=148 t1=28 m2=-195/-8594 i2=-181 t2=27 steerMode=0/-383 iSteer=-16531 driveMode=8594/12105 iDrive=164885 scale=0 wheel=25000
2026-07-07T15:12:59.019+00:00 CAN id=101 dlc=8 data=d8cf0400a8610000
2026-07-07T15:12:59.039+00:00 CAN id=101 dlc=8 data=d8cf0400a8610000
2026-07-07T15:12:59.059+00:00 CAN id=101 dlc=8 data=d8cf0400a8610000
2026-07-07T15:12:59.079+00:00 CAN id=101 dlc=8 data=d8cf0400a8610000
2026-07-07T15:12:59.099+00:00 CAN id=101 dlc=8 data=d8cf0400a8610000
2026-07-07T15:12:59.109+00:00 VCP run=1 step=0 angle=315527 target=315352 err=-175 steer=0 m1=265/8594 i1=144 t1=28 m2=-254/-8594 i2=-171 t2=27 steerMode=0/-418 iSteer=-13525 driveMode=8594/12828 iDrive=157658 scale=0 wheel=25000
2026-07-07T15:12:59.119+00:00 CAN id=101 dlc=8 data=d8cf0400a8610000
2026-07-07T15:12:59.139+00:00 CAN id=101 dlc=8 data=d8cf0400a8610000
2026-07-07T15:12:59.160+00:00 CAN id=101 dlc=8 data=d8cf0400a8610000
2026-07-07T15:12:59.179+00:00 CAN id=101 dlc=8 data=d8cf0400a8610000
2026-07-07T15:12:59.199+00:00 CAN id=101 dlc=8 data=d8cf0400a8610000
2026-07-07T15:12:59.210+00:00 VCP run=1 step=0 angle=315439 target=315352 err=-87 steer=0 m1=236/8594 i1=156 t1=28 m2=-258/-8594 i2=-160 t2=27 steerMode=0/-636 iSteer=-1692 driveMode=8594/12808 iDrive=157858 scale=0 wheel=25000
2026-07-07T15:12:59.210+00:00 VCP SET_TARGET_RX steer=315352 wheel=25000
2026-07-07T15:12:59.220+00:00 CAN id=101 dlc=8 data=d8cf0400a8610000
2026-07-07T15:12:59.240+00:00 CAN id=101 dlc=8 data=d8cf0400a8610000
2026-07-07T15:12:59.260+00:00 CAN id=101 dlc=8 data=d8cf0400a8610000
2026-07-07T15:12:59.279+00:00 CAN id=101 dlc=8 data=d8cf0400a8610000
2026-07-07T15:12:59.300+00:00 CAN id=101 dlc=8 data=d8cf0400a8610000
2026-07-07T15:12:59.319+00:00 CAN id=101 dlc=8 data=d8cf0400a8610000
2026-07-07T15:12:59.340+00:00 CAN id=101 dlc=8 data=d8cf0400a8610000
2026-07-07T15:12:59.360+00:00 CAN id=101 dlc=8 data=d8cf0400a8610000
2026-07-07T15:12:59.379+00:00 CAN id=101 dlc=8 data=d8cf0400a8610000
2026-07-07T15:12:59.399+00:00 VCP run=1 step=0 angle=315264 target=315352 err=88 steer=0 m1=242/8594 i1=127 t1=28 m2=-227/-8594 i2=-192 t2=27 steerMode=0/-15 iSteer=-32415 driveMode=8594/12611 iDrive=159823 scale=0 wheel=25000
2026-07-07T15:12:59.399+00:00 VCP run=1 step=0 angle=315088 target=315352 err=264 steer=0 m1=232/8594 i1=137 t1=28 m2=-283/-8594 i2=-186 t2=27 steerMode=0/-150 iSteer=-24887 driveMode=8594/12448 iDrive=161461 scale=0 wheel=25000
2026-07-07T15:12:59.399+00:00 CAN id=101 dlc=8 data=d8cf0400a8610000
2026-07-07T15:12:59.419+00:00 CAN id=101 dlc=8 data=d8cf0400a8610000
2026-07-07T15:12:59.441+00:00 CAN id=101 dlc=8 data=d8cf0400a8610000
2026-07-07T15:12:59.459+00:00 CAN id=101 dlc=8 data=d8cf0400a8610000
2026-07-07T15:12:59.479+00:00 CAN id=101 dlc=8 data=d8cf0400a8610000
2026-07-07T15:12:59.499+00:00 CAN id=101 dlc=8 data=d8cf0400a8610000
2026-07-07T15:12:59.504+00:00 VCP run=1 step=0 angle=315000 target=315352 err=352 steer=0 m1=234/8594 i1=123 t1=28 m2=-203/-8594 i2=-212 t2=27 steerMode=0/256 iSteer=-44221 driveMode=8594/11849 iDrive=167446 scale=0 wheel=25000
2026-07-07T15:12:59.519+00:00 CAN id=101 dlc=8 data=d8cf0400a8610000
2026-07-07T15:12:59.539+00:00 CAN id=101 dlc=8 data=d8cf0400a8610000
2026-07-07T15:12:59.559+00:00 CAN id=101 dlc=8 data=d8cf0400a8610000
2026-07-07T15:12:59.579+00:00 CAN id=101 dlc=8 data=d8cf0400a8610000
2026-07-07T15:12:59.601+00:00 CAN id=101 dlc=8 data=d8cf0400a8610000
2026-07-07T15:12:59.610+00:00 VCP run=1 step=0 angle=315000 target=315352 err=352 steer=0 m1=173/8594 i1=164 t1=28 m2=-218/-8594 i2=-174 t2=27 steerMode=0/-522 iSteer=-4918 driveMode=8594/11706 iDrive=168876 scale=0 wheel=25000
2026-07-07T15:12:59.619+00:00 CAN id=101 dlc=8 data=d8cf0400a8610000
2026-07-07T15:12:59.639+00:00 CAN id=101 dlc=8 data=d8cf0400a8610000
2026-07-07T15:12:59.659+00:00 CAN id=101 dlc=8 data=d8cf0400a8610000
2026-07-07T15:12:59.679+00:00 CAN id=101 dlc=8 data=d8cf0400a8610000
2026-07-07T15:12:59.699+00:00 CAN id=101 dlc=8 data=d8cf0400a8610000
2026-07-07T15:12:59.711+00:00 VCP run=1 step=0 angle=315000 target=315352 err=352 steer=0 m1=219/8594 i1=143 t1=28 m2=-283/-8594 i2=-189 t2=27 steerMode=0/-152 iSteer=-22856 driveMode=8594/11959 iDrive=166351 scale=0 wheel=25000
2026-07-07T15:12:59.711+00:00 VCP SET_TARGET_RX steer=315352 wheel=25000
2026-07-07T15:12:59.719+00:00 CAN id=101 dlc=8 data=d8cf0400a8610000
2026-07-07T15:12:59.739+00:00 CAN id=101 dlc=8 data=d8cf0400a8610000
2026-07-07T15:12:59.759+00:00 CAN id=101 dlc=8 data=d8cf0400a8610000
2026-07-07T15:12:59.779+00:00 CAN id=101 dlc=8 data=d8cf0400a8610000
2026-07-07T15:12:59.799+00:00 CAN id=101 dlc=8 data=d8cf0400a8610000
2026-07-07T15:12:59.819+00:00 CAN id=101 dlc=8 data=d8cf0400a8610000
2026-07-07T15:12:59.841+00:00 CAN id=101 dlc=8 data=d8cf0400a8610000
2026-07-07T15:12:59.859+00:00 CAN id=101 dlc=8 data=d8cf0400a8610000
2026-07-07T15:12:59.879+00:00 CAN id=101 dlc=8 data=d8cf0400a8610000
2026-07-07T15:12:59.899+00:00 VCP run=1 step=0 angle=314912 target=315352 err=440 steer=0 m1=261/8594 i1=119 t1=28 m2=-216/-8594 i2=-211 t2=27 steerMode=0/330 iSteer=-46205 driveMode=8594/12094 iDrive=165001 scale=0 wheel=25000
2026-07-07T15:12:59.899+00:00 VCP run=1 step=0 angle=314912 target=315352 err=440 steer=0 m1=192/8594 i1=132 t1=28 m2=-168/-8594 i2=-207 t2=27 steerMode=0/156 iSteer=-37360 driveMode=8594/11673 iDrive=169207 scale=0 wheel=25000
2026-07-07T15:12:59.899+00:00 CAN id=101 dlc=8 data=d8cf0400a8610000
2026-07-07T15:12:59.919+00:00 CAN id=101 dlc=8 data=d8cf0400a8610000
2026-07-07T15:12:59.941+00:00 CAN id=101 dlc=8 data=d8cf0400a8610000
2026-07-07T15:12:59.959+00:00 CAN id=101 dlc=8 data=d8cf0400a8610000
2026-07-07T15:12:59.979+00:00 CAN id=101 dlc=8 data=d8cf0400a8610000
2026-07-07T15:12:59.999+00:00 CAN id=101 dlc=8 data=d8cf0400a8610000
2026-07-07T15:13:00.005+00:00 VCP run=1 step=0 angle=314912 target=315352 err=440 steer=0 m1=223/8594 i1=159 t1=28 m2=-239/-8594 i2=-167 t2=27 steerMode=0/-492 iSteer=-4004 driveMode=8594/12284 iDrive=163099 scale=0 wheel=25000
2026-07-07T15:13:00.019+00:00 CAN id=101 dlc=8 data=d8cf0400a8610000
2026-07-07T15:13:00.040+00:00 CAN id=101 dlc=8 data=d8cf0400a8610000
2026-07-07T15:13:00.059+00:00 CAN id=101 dlc=8 data=d8cf0400a8610000
2026-07-07T15:13:00.079+00:00 CAN id=101 dlc=8 data=d8cf0400a8610000
2026-07-07T15:13:00.100+00:00 CAN id=101 dlc=8 data=d8cf0400a8610000
2026-07-07T15:13:00.110+00:00 VCP run=1 step=0 angle=314824 target=315352 err=528 steer=264 m1=211/10045 i1=191 t1=28 m2=-264/-7142 i2=-129 t2=27 steerMode=1451/272 iSteer=31136 driveMode=8594/12566 iDrive=160273 scale=0 wheel=25000
2026-07-07T15:13:00.119+00:00 CAN id=101 dlc=8 data=d8cf0400a8610000
2026-07-07T15:13:00.139+00:00 CAN id=101 dlc=8 data=d8cf0400a8610000
2026-07-07T15:13:00.159+00:00 CAN id=101 dlc=8 data=d8cf0400a8610000
2026-07-07T15:13:00.179+00:00 CAN id=101 dlc=8 data=d8cf0400a8610000
2026-07-07T15:13:00.199+00:00 CAN id=101 dlc=8 data=d8cf0400a8610000
2026-07-07T15:13:00.211+00:00 VCP run=1 step=0 angle=315176 target=315352 err=176 steer=0 m1=211/8594 i1=107 t1=28 m2=-203/-8594 i2=-224 t2=27 steerMode=0/588 iSteer=-58338 driveMode=8594/12064 iDrive=165297 scale=0 wheel=25000
2026-07-07T15:13:00.211+00:00 VCP SET_TARGET_RX steer=315352 wheel=25000
2026-07-07T15:13:00.219+00:00 CAN id=101 dlc=8 data=d8cf0400a8610000
2026-07-07T15:13:00.240+00:00 CAN id=101 dlc=8 data=d8cf0400a8610000
2026-07-07T15:13:00.259+00:00 CAN id=101 dlc=8 data=d8cf0400a8610000
2026-07-07T15:13:00.279+00:00 CAN id=101 dlc=8 data=d8cf0400a8610000
2026-07-07T15:13:00.299+00:00 CAN id=101 dlc=8 data=d8cf0400a8610000
2026-07-07T15:13:00.319+00:00 CAN id=101 dlc=8 data=d8cf0400a8610000
2026-07-07T15:13:00.341+00:00 CAN id=101 dlc=8 data=d8cf0400a8610000
2026-07-07T15:13:00.359+00:00 CAN id=101 dlc=8 data=d8cf0400a8610000
2026-07-07T15:13:00.379+00:00 CAN id=101 dlc=8 data=d8cf0400a8610000
2026-07-07T15:13:00.399+00:00 CAN id=101 dlc=8 data=d8cf0400a8610000
2026-07-07T15:13:00.400+00:00 VCP run=1 step=0 angle=315176 target=315352 err=176 steer=0 m1=209/8594 i1=129 t1=28 m2=-139/-8594 i2=-232 t2=27 steerMode=0/456 iSteer=-51542 driveMode=8594/10551 iDrive=180427 scale=0 wheel=25000
2026-07-07T15:13:00.400+00:00 VCP run=1 step=0 angle=315176 target=315352 err=176 steer=0 m1=234/8594 i1=150 t1=28 m2=-218/-8594 i2=-205 t2=27 steerMode=0/-34 iSteer=-27549 driveMode=8594/10876 iDrive=177182 scale=0 wheel=25000
2026-07-07T15:13:00.419+00:00 CAN id=101 dlc=8 data=d8cf0400a8610000
2026-07-07T15:13:00.440+00:00 CAN id=101 dlc=8 data=d8cf0400a8610000
2026-07-07T15:13:00.460+00:00 CAN id=101 dlc=8 data=d8cf0400a8610000
2026-07-07T15:13:00.479+00:00 CAN id=101 dlc=8 data=d8cf0400a8610000
2026-07-07T15:13:00.499+00:00 CAN id=101 dlc=8 data=d8cf0400a8610000
2026-07-07T15:13:00.505+00:00 VCP run=1 step=0 angle=315176 target=315352 err=176 steer=0 m1=192/8594 i1=160 t1=28 m2=-243/-8594 i2=-203 t2=27 steerMode=0/-163 iSteer=-21323 driveMode=8594/10463 iDrive=181307 scale=0 wheel=25000
2026-07-07T15:13:00.519+00:00 CAN id=101 dlc=8 data=d8cf0400a8610000
2026-07-07T15:13:00.539+00:00 CAN id=101 dlc=8 data=d8cf0400a8610000
2026-07-07T15:13:00.559+00:00 CAN id=101 dlc=8 data=d8cf0400a8610000
2026-07-07T15:13:00.579+00:00 CAN id=101 dlc=8 data=d8cf0400a8610000
2026-07-07T15:13:00.600+00:00 BENCH step t=39.000s -> steer=45352mdeg wheel=300000milli-rpm
2026-07-07T15:13:00.600+00:00 CAN id=101 dlc=8 data=28b10000e0930400
2026-07-07T15:13:00.610+00:00 VCP run=1 step=0 angle=315352 target=315352 err=0 steer=0 m1=213/8594 i1=132 t1=28 m2=-118/-8594 i2=-273 t2=27 steerMode=0/810 iSteer=-70617 driveMode=8594/8381 iDrive=202151 scale=0 wheel=25000
2026-07-07T15:13:00.619+00:00 CAN id=101 dlc=8 data=28b10000e0930400
2026-07-07T15:13:00.639+00:00 CAN id=101 dlc=8 data=28b10000e0930400
2026-07-07T15:13:00.659+00:00 CAN id=101 dlc=8 data=28b10000e0930400
2026-07-07T15:13:00.679+00:00 CAN id=101 dlc=8 data=28b10000e0930400
2026-07-07T15:13:00.699+00:00 CAN id=101 dlc=8 data=28b10000e0930400
2026-07-07T15:13:00.713+00:00 VCP run=1 step=0 angle=315352 target=315352 err=0 steer=0 m1=211/8594 i1=162 t1=28 m2=-137/-8594 i2=-225 t2=27 steerMode=0/12 iSteer=-31434 driveMode=8594/9282 iDrive=193116 scale=0 wheel=25000
2026-07-07T15:13:00.713+00:00 VCP SET_TARGET_RX steer=45352 wheel=300000
2026-07-07T15:13:00.719+00:00 CAN id=101 dlc=8 data=28b10000e0930400
2026-07-07T15:13:00.740+00:00 CAN id=101 dlc=8 data=28b10000e0930400
2026-07-07T15:13:00.759+00:00 CAN id=101 dlc=8 data=28b10000e0930400
2026-07-07T15:13:00.779+00:00 CAN id=101 dlc=8 data=28b10000e0930400
2026-07-07T15:13:00.799+00:00 CAN id=101 dlc=8 data=28b10000e0930400
2026-07-07T15:13:00.819+00:00 CAN id=101 dlc=8 data=28b10000e0930400
2026-07-07T15:13:00.839+00:00 CAN id=101 dlc=8 data=28b10000e0930400
2026-07-07T15:13:00.859+00:00 CAN id=101 dlc=8 data=28b10000e0930400
2026-07-07T15:13:00.879+00:00 CAN id=101 dlc=8 data=28b10000e0930400
2026-07-07T15:13:00.899+00:00 VCP run=1 step=0 angle=317988 target=45352 err=87364 steer=4700 m1=600/40906 i1=832 t1=28 m2=110/10794 i2=315 t2=27 steerMode=25850/14244 iSteer=573907 driveMode=15056/9735 iDrive=258534 scale=0 wheel=43800
2026-07-07T15:13:00.899+00:00 VCP run=1 step=0 angle=328887 target=45352 err=76465 steer=5000 m1=922/48950 i1=344 t1=28 m2=-21/6050 i2=-73 t2=27 steerMode=27500/24945 iSteer=135712 driveMode=21450/21609 iDrive=208410 scale=0 wheel=62400
2026-07-07T15:13:00.899+00:00 CAN id=101 dlc=8 data=28b10000e0930400
2026-07-07T15:13:00.919+00:00 CAN id=101 dlc=8 data=28b10000e0930400
2026-07-07T15:13:00.939+00:00 CAN id=101 dlc=8 data=28b10000e0930400
2026-07-07T15:13:00.959+00:00 CAN id=101 dlc=8 data=28b10000e0930400
2026-07-07T15:13:00.979+00:00 CAN id=101 dlc=8 data=28b10000e0930400
2026-07-07T15:13:00.999+00:00 CAN id=101 dlc=8 data=28b10000e0930400
2026-07-07T15:13:01.004+00:00 VCP run=1 step=0 angle=340225 target=45352 err=65127 steer=5000 m1=1033/55344 i1=300 t1=28 m2=-11/-344 i2=-149 t2=27 steerMode=27500/26270 iSteer=75808 driveMode=27844/26401 iDrive=224678 scale=0 wheel=81000
2026-07-07T15:13:01.019+00:00 CAN id=101 dlc=8 data=28b10000e0930400
2026-07-07T15:13:01.039+00:00 CAN id=101 dlc=8 data=28b10000e0930400
2026-07-07T15:13:01.059+00:00 CAN id=101 dlc=8 data=28b10000e0930400
2026-07-07T15:13:01.079+00:00 CAN id=101 dlc=8 data=28b10000e0930400
2026-07-07T15:13:01.099+00:00 CAN id=101 dlc=8 data=28b10000e0930400
2026-07-07T15:13:01.108+00:00 VCP run=1 step=0 angle=352266 target=45352 err=53086 steer=5000 m1=1042/61737 i1=302 t1=28 m2=0/-6737 i2=-266 t2=27 steerMode=27500/27452 iSteer=17909 driveMode=34237/27549 iDrive=284383 scale=0 wheel=99600
2026-07-07T15:13:01.119+00:00 CAN id=101 dlc=8 data=28b10000e0930400
2026-07-07T15:13:01.140+00:00 CAN id=101 dlc=8 data=28b10000e0930400
2026-07-07T15:13:01.159+00:00 CAN id=101 dlc=8 data=28b10000e0930400
2026-07-07T15:13:01.179+00:00 CAN id=101 dlc=8 data=28b10000e0930400
2026-07-07T15:13:01.199+00:00 CAN id=101 dlc=8 data=28b10000e0930400
2026-07-07T15:13:01.209+00:00 VCP run=1 step=0 angle=4746 target=45352 err=40606 steer=5000 m1=1111/68131 i1=307 t1=28 m2=0/-13131 i2=-400 t2=27 steerMode=27500/28707 iSteer=-46349 driveMode=40631/28779 iDrive=353523 scale=0 wheel=118199
2026-07-07T15:13:01.209+00:00 VCP SET_TARGET_RX steer=45352 wheel=300000
2026-07-07T15:13:01.219+00:00 CAN id=101 dlc=8 data=28b10000e0930400
2026-07-07T15:13:01.239+00:00 CAN id=101 dlc=8 data=28b10000e0930400
2026-07-07T15:13:01.259+00:00 CAN id=101 dlc=8 data=28b10000e0930400
2026-07-07T15:13:01.279+00:00 CAN id=101 dlc=8 data=28b10000e0930400
2026-07-07T15:13:01.299+00:00 CAN id=101 dlc=8 data=28b10000e0930400
2026-07-07T15:13:01.314+00:00 VCP run=1 step=0 angle=17842 target=45352 err=27510 steer=5000 m1=1150/74525 i1=325 t1=28 m2=0/-19525 i2=-542 t2=27 steerMode=27500/29846 iSteer=-108334 driveMode=47025/29886 iDrive=433421 scale=0 wheel=136799
2026-07-07T15:13:01.319+00:00 CAN id=101 dlc=8 data=28b10000e0930400
2026-07-07T15:13:01.339+00:00 CAN id=101 dlc=8 data=28b10000e0930400
2026-07-07T15:13:01.359+00:00 CAN id=101 dlc=8 data=28b10000e0930400
2026-07-07T15:13:01.379+00:00 CAN id=101 dlc=8 data=28b10000e0930400
2026-07-07T15:13:01.399+00:00 CAN id=101 dlc=8 data=28b10000e0930400
2026-07-07T15:13:01.419+00:00 CAN id=101 dlc=8 data=28b10000e0930400
2026-07-07T15:13:01.439+00:00 CAN id=101 dlc=8 data=28b10000e0930400
2026-07-07T15:13:01.459+00:00 CAN id=101 dlc=8 data=28b10000e0930400
2026-07-07T15:13:01.479+00:00 CAN id=101 dlc=8 data=28b10000e0930400
2026-07-07T15:13:01.499+00:00 CAN id=101 dlc=8 data=28b10000e0930400
2026-07-07T15:13:01.500+00:00 VCP run=1 step=0 angle=31729 target=45352 err=13623 steer=5000 m1=1230/80918 i1=298 t1=28 m2=0/-25918 i2=-729 t2=27 steerMode=27500/31803 iSteer=-215860 driveMode=53418/31863 iDrive=513382 scale=0 wheel=155399
2026-07-07T15:13:01.500+00:00 VCP run=1 step=0 angle=43857 target=45352 err=1495 steer=1250 m1=1060/66687 i1=-90 t1=28 m2=-616/-52937 i2=-1155 t2=27 steerMode=6875/18745 iSteer=-622400 driveMode=59812/40492 iDrive=532703 scale=0 wheel=173999
2026-07-07T15:13:01.519+00:00 CAN id=101 dlc=8 data=28b10000e0930400
2026-07-07T15:13:01.539+00:00 CAN id=101 dlc=8 data=28b10000e0930400
2026-07-07T15:13:01.559+00:00 CAN id=101 dlc=8 data=28b10000e0930400
2026-07-07T15:13:01.579+00:00 CAN id=101 dlc=8 data=28b10000e0930400
2026-07-07T15:13:01.599+00:00 CAN id=101 dlc=8 data=28b10000e0930400
2026-07-07T15:13:01.604+00:00 VCP run=1 step=0 angle=44561 target=45352 err=791 steer=396 m1=1163/68313 i1=572 t1=28 m2=-1143/-63960 i2=-319 t2=27 steerMode=2176/-1013 iSteer=126330 driveMode=66137/57963 iDrive=445550 scale=0 wheel=192398
2026-07-07T15:13:01.619+00:00 CAN id=101 dlc=8 data=28b10000e0930400
2026-07-07T15:13:01.640+00:00 CAN id=101 dlc=8 data=28b10000e0930400
2026-07-07T15:13:01.659+00:00 CAN id=101 dlc=8 data=28b10000e0930400
2026-07-07T15:13:01.679+00:00 CAN id=101 dlc=8 data=28b10000e0930400
2026-07-07T15:13:01.699+00:00 CAN id=101 dlc=8 data=28b10000e0930400
2026-07-07T15:13:01.705+00:00 VCP run=1 step=0 angle=44824 target=45352 err=528 steer=264 m1=1437/73982 i1=341 t1=28 m2=-1413/-71079 i2=-411 t2=27 steerMode=1451/1489 iSteer=-34635 driveMode=72531/72085 iDrive=375946 scale=0 wheel=210998
2026-07-07T15:13:01.705+00:00 VCP SET_TARGET_RX steer=45352 wheel=300000
2026-07-07T15:13:01.719+00:00 CAN id=101 dlc=8 data=28b10000e0930400
2026-07-07T15:13:01.739+00:00 CAN id=101 dlc=8 data=28b10000e0930400
2026-07-07T15:13:01.759+00:00 CAN id=101 dlc=8 data=28b10000e0930400
2026-07-07T15:13:01.779+00:00 CAN id=101 dlc=8 data=28b10000e0930400
2026-07-07T15:13:01.799+00:00 CAN id=101 dlc=8 data=28b10000e0930400
2026-07-07T15:13:01.810+00:00 VCP run=1 step=0 angle=44912 target=45352 err=440 steer=0 m1=1613/78924 i1=330 t1=28 m2=-1635/-78924 i2=-311 t2=27 steerMode=0/-826 iSteer=9012 driveMode=78924/83551 iDrive=320507 scale=0 wheel=229598
2026-07-07T15:13:01.819+00:00 CAN id=101 dlc=8 data=28b10000e0930400
2026-07-07T15:13:01.839+00:00 CAN id=101 dlc=8 data=28b10000e0930400
2026-07-07T15:13:01.859+00:00 CAN id=101 dlc=8 data=28b10000e0930400
2026-07-07T15:13:01.880+00:00 CAN id=101 dlc=8 data=28b10000e0930400
2026-07-07T15:13:01.899+00:00 CAN id=101 dlc=8 data=28b10000e0930400
2026-07-07T15:13:01.919+00:00 CAN id=101 dlc=8 data=28b10000e0930400
2026-07-07T15:13:01.940+00:00 CAN id=101 dlc=8 data=28b10000e0930400
2026-07-07T15:13:01.959+00:00 CAN id=101 dlc=8 data=28b10000e0930400
2026-07-07T15:13:01.979+00:00 CAN id=101 dlc=8 data=28b10000e0930400
2026-07-07T15:13:01.998+00:00 VCP run=1 step=0 angle=45000 target=45352 err=352 steer=0 m1=1774/85318 i1=261 t1=28 m2=-1786/-85318 i2=-326 t2=27 steerMode=0/8 iSteer=-32285 driveMode=85318/91596 iDrive=293405 scale=0 wheel=248198
2026-07-07T15:13:01.998+00:00 VCP run=1 step=0 angle=45000 target=45352 err=352 steer=0 m1=1887/91712 i1=276 t1=28 m2=-1861/-91712 i2=-285 t2=27 steerMode=0/-525 iSteer=-4759 driveMode=91712/98064 iDrive=280722 scale=0 wheel=266798
2026-07-07T15:13:01.999+00:00 CAN id=101 dlc=8 data=28b10000e0930400
2026-07-07T15:13:02.019+00:00 CAN id=101 dlc=8 data=28b10000e0930400
2026-07-07T15:13:02.039+00:00 CAN id=101 dlc=8 data=28b10000e0930400
2026-07-07T15:13:02.059+00:00 CAN id=101 dlc=8 data=28b10000e0930400
2026-07-07T15:13:02.079+00:00 CAN id=101 dlc=8 data=28b10000e0930400
2026-07-07T15:13:02.099+00:00 CAN id=101 dlc=8 data=28b10000e0930400
2026-07-07T15:13:02.102+00:00 VCP run=1 step=0 angle=44824 target=45352 err=528 steer=264 m1=1998/99557 i1=285 t1=28 m2=-1930/-96655 i2=-276 t2=27 steerMode=1451/776 iSteer=4504 driveMode=98106/103351 iDrive=280785 scale=0 wheel=285399
2026-07-07T15:13:02.119+00:00 CAN id=101 dlc=8 data=28b10000e0930400
2026-07-07T15:13:02.140+00:00 CAN id=101 dlc=8 data=28b10000e0930400
2026-07-07T15:13:02.159+00:00 CAN id=101 dlc=8 data=28b10000e0930400
2026-07-07T15:13:02.179+00:00 CAN id=101 dlc=8 data=28b10000e0930400
2026-07-07T15:13:02.199+00:00 CAN id=101 dlc=8 data=28b10000e0930400
2026-07-07T15:13:02.204+00:00 VCP run=1 step=0 angle=45000 target=45352 err=352 steer=0 m1=2059/103125 i1=237 t1=28 m2=-2068/-103125 i2=-316 t2=27 steerMode=0/148 iSteer=-39200 driveMode=103125/107945 iDrive=276544 scale=0 wheel=300000
2026-07-07T15:13:02.204+00:00 VCP SET_TARGET_RX steer=45352 wheel=300000
2026-07-07T15:13:02.219+00:00 CAN id=101 dlc=8 data=28b10000e0930400
2026-07-07T15:13:02.240+00:00 CAN id=101 dlc=8 data=28b10000e0930400
2026-07-07T15:13:02.259+00:00 CAN id=101 dlc=8 data=28b10000e0930400
2026-07-07T15:13:02.279+00:00 CAN id=101 dlc=8 data=28b10000e0930400
2026-07-07T15:13:02.299+00:00 CAN id=101 dlc=8 data=28b10000e0930400
2026-07-07T15:13:02.308+00:00 VCP run=1 step=0 angle=45088 target=45352 err=264 steer=0 m1=2126/103125 i1=216 t1=28 m2=-2166/-103125 i2=-227 t2=27 steerMode=0/-507 iSteer=-5572 driveMode=103125/112098 iDrive=221861 scale=0 wheel=300000
2026-07-07T15:13:02.319+00:00 CAN id=101 dlc=8 data=28b10000e0930400
2026-07-07T15:13:02.341+00:00 CAN id=101 dlc=8 data=28b10000e0930400
2026-07-07T15:13:02.359+00:00 CAN id=101 dlc=8 data=28b10000e0930400
2026-07-07T15:13:02.379+00:00 CAN id=101 dlc=8 data=28b10000e0930400
2026-07-07T15:13:02.399+00:00 CAN id=101 dlc=8 data=28b10000e0930400
2026-07-07T15:13:02.413+00:00 VCP run=1 step=0 angle=45000 target=45352 err=352 steer=0 m1=2184/103125 i1=148 t1=28 m2=-2191/-103125 i2=-202 t2=27 steerMode=0/-56 iSteer=-27299 driveMode=103125/114834 iDrive=174804 scale=0 wheel=300000
2026-07-07T15:13:02.419+00:00 CAN id=101 dlc=8 data=28b10000e0930400
2026-07-07T15:13:02.440+00:00 CAN id=101 dlc=8 data=28b10000e0930400
2026-07-07T15:13:02.459+00:00 CAN id=101 dlc=8 data=28b10000e0930400
2026-07-07T15:13:02.479+00:00 CAN id=101 dlc=8 data=28b10000e0930400
2026-07-07T15:13:02.499+00:00 CAN id=101 dlc=8 data=28b10000e0930400
2026-07-07T15:13:02.519+00:00 CAN id=101 dlc=8 data=28b10000e0930400
2026-07-07T15:13:02.539+00:00 CAN id=101 dlc=8 data=28b10000e0930400
2026-07-07T15:13:02.559+00:00 CAN id=101 dlc=8 data=28b10000e0930400
2026-07-07T15:13:02.579+00:00 CAN id=101 dlc=8 data=28b10000e0930400
2026-07-07T15:13:02.599+00:00 CAN id=101 dlc=8 data=28b10000e0930400
2026-07-07T15:13:02.600+00:00 VCP run=1 step=0 angle=45000 target=45352 err=352 steer=0 m1=2163/103125 i1=118 t1=28 m2=-2154/-103125 i2=-214 t2=27 steerMode=0/332 iSteer=-47641 driveMode=103125/113613 iDrive=165962 scale=0 wheel=300000
2026-07-07T15:13:02.600+00:00 VCP run=1 step=0 angle=45000 target=45352 err=352 steer=0 m1=2130/103125 i1=143 t1=28 m2=-2152/-103125 i2=-170 t2=27 steerMode=0/-347 iSteer=-13367 driveMode=103125/112668 iDrive=156805 scale=0 wheel=300000
2026-07-07T15:13:02.619+00:00 CAN id=101 dlc=8 data=28b10000e0930400
2026-07-07T15:13:02.639+00:00 CAN id=101 dlc=8 data=28b10000e0930400
2026-07-07T15:13:02.659+00:00 CAN id=101 dlc=8 data=28b10000e0930400
2026-07-07T15:13:02.679+00:00 CAN id=101 dlc=8 data=28b10000e0930400
2026-07-07T15:13:02.699+00:00 CAN id=101 dlc=8 data=28b10000e0930400
2026-07-07T15:13:02.701+00:00 VCP run=1 step=0 angle=45000 target=45352 err=352 steer=0 m1=2109/103125 i1=118 t1=28 m2=-2106/-103125 i2=-199 t2=27 steerMode=0/197 iSteer=-40680 driveMode=103125/110892 iDrive=158485 scale=0 wheel=300000
2026-07-07T15:13:02.701+00:00 VCP SET_TARGET_RX steer=45352 wheel=300000
2026-07-07T15:13:02.719+00:00 CAN id=101 dlc=8 data=28b10000e0930400
2026-07-07T15:13:02.740+00:00 CAN id=101 dlc=8 data=28b10000e0930400
2026-07-07T15:13:02.759+00:00 CAN id=101 dlc=8 data=28b10000e0930400
2026-07-07T15:13:02.779+00:00 CAN id=101 dlc=8 data=28b10000e0930400
2026-07-07T15:13:02.799+00:00 CAN id=101 dlc=8 data=28b10000e0930400
2026-07-07T15:13:02.805+00:00 VCP run=1 step=0 angle=45000 target=45352 err=352 steer=0 m1=2059/103125 i1=136 t1=28 m2=-2074/-103125 i2=-197 t2=27 steerMode=0/-17 iSteer=-30278 driveMode=103125/108851 iDrive=166331 scale=0 wheel=300000
2026-07-07T15:13:02.819+00:00 CAN id=101 dlc=8 data=28b10000e0930400
2026-07-07T15:13:02.840+00:00 CAN id=101 dlc=8 data=28b10000e0930400
2026-07-07T15:13:02.859+00:00 CAN id=101 dlc=8 data=28b10000e0930400
2026-07-07T15:13:02.879+00:00 CAN id=101 dlc=8 data=28b10000e0930400
2026-07-07T15:13:02.899+00:00 CAN id=101 dlc=8 data=28b10000e0930400
2026-07-07T15:13:02.910+00:00 VCP run=1 step=0 angle=44912 target=45352 err=440 steer=0 m1=2044/103125 i1=151 t1=28 m2=-2074/-103125 i2=-179 t2=27 steerMode=0/-321 iSteer=-14366 driveMode=103125/108051 iDrive=164895 scale=0 wheel=300000
2026-07-07T15:13:02.919+00:00 CAN id=101 dlc=8 data=28b10000e0930400
2026-07-07T15:13:02.939+00:00 CAN id=101 dlc=8 data=28b10000e0930400
2026-07-07T15:13:02.959+00:00 CAN id=101 dlc=8 data=28b10000e0930400
2026-07-07T15:13:02.979+00:00 CAN id=101 dlc=8 data=28b10000e0930400
2026-07-07T15:13:02.999+00:00 CAN id=101 dlc=8 data=28b10000e0930400
2026-07-07T15:13:03.015+00:00 VCP run=1 step=0 angle=45000 target=45352 err=352 steer=0 m1=2052/103125 i1=89 t1=28 m2=-2012/-103125 i2=-244 t2=27 steerMode=0/965 iSteer=-77545 driveMode=103125/106990 iDrive=166723 scale=0 wheel=300000
2026-07-07T15:13:03.019+00:00 CAN id=101 dlc=8 data=28b10000e0930400
2026-07-07T15:13:03.039+00:00 CAN id=101 dlc=8 data=28b10000e0930400
2026-07-07T15:13:03.059+00:00 CAN id=101 dlc=8 data=28b10000e0930400
2026-07-07T15:13:03.079+00:00 CAN id=101 dlc=8 data=28b10000e0930400
2026-07-07T15:13:03.099+00:00 CAN id=101 dlc=8 data=28b10000e0930400
2026-07-07T15:13:03.119+00:00 CAN id=101 dlc=8 data=28b10000e0930400
2026-07-07T15:13:03.139+00:00 CAN id=101 dlc=8 data=28b10000e0930400
2026-07-07T15:13:03.159+00:00 CAN id=101 dlc=8 data=28b10000e0930400
2026-07-07T15:13:03.179+00:00 CAN id=101 dlc=8 data=28b10000e0930400
2026-07-07T15:13:03.198+00:00 VCP run=1 step=0 angle=45088 target=45352 err=264 steer=0 m1=1994/103125 i1=172 t1=28 m2=-2028/-103125 i2=-176 t2=27 steerMode=0/-556 iSteer=-1939 driveMode=103125/105701 iDrive=174241 scale=0 wheel=300000
2026-07-07T15:13:03.198+00:00 VCP run=1 step=0 angle=45000 target=45352 err=352 steer=0 m1=1969/103125 i1=150 t1=28 m2=-1972/-103125 i2=-222 t2=27 steerMode=0/135 iSteer=-36352 driveMode=103125/104513 iDrive=186123 scale=0 wheel=300000
2026-07-07T15:13:03.198+00:00 VCP SET_TARGET_RX steer=45352 wheel=300000
2026-07-07T15:13:03.199+00:00 CAN id=101 dlc=8 data=28b10000e0930400
2026-07-07T15:13:03.219+00:00 CAN id=101 dlc=8 data=28b10000e0930400
2026-07-07T15:13:03.239+00:00 CAN id=101 dlc=8 data=28b10000e0930400
2026-07-07T15:13:03.259+00:00 CAN id=101 dlc=8 data=28b10000e0930400
2026-07-07T15:13:03.279+00:00 CAN id=101 dlc=8 data=28b10000e0930400
2026-07-07T15:13:03.299+00:00 CAN id=101 dlc=8 data=28b10000e0930400
2026-07-07T15:13:03.303+00:00 VCP run=1 step=0 angle=45088 target=45352 err=264 steer=0 m1=1969/103125 i1=131 t1=28 m2=-1945/-103125 i2=-273 t2=27 steerMode=0/808 iSteer=-70729 driveMode=103125/102937 iDrive=201894 scale=0 wheel=300000
2026-07-07T15:13:03.319+00:00 CAN id=101 dlc=8 data=28b10000e0930400
2026-07-07T15:13:03.339+00:00 CAN id=101 dlc=8 data=28b10000e0930400
2026-07-07T15:13:03.359+00:00 CAN id=101 dlc=8 data=28b10000e0930400
2026-07-07T15:13:03.379+00:00 CAN id=101 dlc=8 data=28b10000e0930400
2026-07-07T15:13:03.399+00:00 CAN id=101 dlc=8 data=28b10000e0930400
2026-07-07T15:13:03.407+00:00 VCP run=1 step=0 angle=45176 target=45352 err=176 steer=0 m1=1923/103125 i1=193 t1=28 m2=-1993/-103125 i2=-222 t2=27 steerMode=0/-342 iSteer=-14504 driveMode=103125/102482 iDrive=207895 scale=0 wheel=300000
2026-07-07T15:13:03.419+00:00 CAN id=101 dlc=8 data=28b10000e0930400
2026-07-07T15:13:03.439+00:00 CAN id=101 dlc=8 data=28b10000e0930400
2026-07-07T15:13:03.459+00:00 CAN id=101 dlc=8 data=28b10000e0930400
2026-07-07T15:13:03.479+00:00 CAN id=101 dlc=8 data=28b10000e0930400
2026-07-07T15:13:03.499+00:00 CAN id=101 dlc=8 data=28b10000e0930400
2026-07-07T15:13:03.512+00:00 VCP run=1 step=0 angle=45176 target=45352 err=176 steer=0 m1=2011/103125 i1=169 t1=28 m2=-1980/-103125 i2=-209 t2=27 steerMode=0/-187 iSteer=-20382 driveMode=103125/104307 iDrive=188992 scale=0 wheel=300000
2026-07-07T15:13:03.519+00:00 CAN id=101 dlc=8 data=28b10000e0930400
2026-07-07T15:13:03.539+00:00 CAN id=101 dlc=8 data=28b10000e0930400
2026-07-07T15:13:03.559+00:00 CAN id=101 dlc=8 data=28b10000e0930400
2026-07-07T15:13:03.579+00:00 CAN id=101 dlc=8 data=28b10000e0930400
2026-07-07T15:13:03.599+00:00 CAN id=101 dlc=8 data=28b10000e0930400
2026-07-07T15:13:03.619+00:00 CAN id=101 dlc=8 data=28b10000e0930400
2026-07-07T15:13:03.639+00:00 CAN id=101 dlc=8 data=28b10000e0930400
2026-07-07T15:13:03.659+00:00 CAN id=101 dlc=8 data=28b10000e0930400
2026-07-07T15:13:03.661+00:00 VCP run=1 step=0 angle=45088 target=45352 err=264 steer=0 m1=1985/103125 i1=143 t1=28 m2=-1942/-103125 i2=-239 t2=27 steerMode=0/346 iSteer=-47814 driveMode=103125/104001 iDrive=191237 scale=0 wheel=300000
2026-07-07T15:13:03.661+00:00 VCP run=1 step=0 angle=45264 target=45352 err=88 steer=0 m1=1975/103125 i1=193 t1=28 m2=-1974/-103125 i2=-194 t2=27 steerMode=0/-583 iSteer=-363 driveMode=103125/103786 iDrive=193388 scale=0 wheel=300000
2026-07-07T15:13:03.679+00:00 CAN id=101 dlc=8 data=28b10000e0930400
2026-07-07T15:13:03.699+00:00 CAN id=101 dlc=8 data=28b10000e0930400
2026-07-07T15:13:03.719+00:00 CAN id=101 dlc=8 data=28b10000e0930400
2026-07-07T15:13:03.740+00:00 CAN id=101 dlc=8 data=28b10000e0930400
2026-07-07T15:13:03.760+00:00 CAN id=101 dlc=8 data=28b10000e0930400
2026-07-07T15:13:03.779+00:00 CAN id=101 dlc=8 data=28b10000e0930400
2026-07-07T15:13:03.799+00:00 CAN id=101 dlc=8 data=28b10000e0930400
2026-07-07T15:13:03.800+00:00 VCP SET_TARGET_RX steer=45352 wheel=300000
2026-07-07T15:13:03.800+00:00 VCP run=1 step=0 angle=45000 target=45352 err=352 steer=0 m1=1971/103125 i1=148 t1=28 m2=-1965/-103125 i2=-236 t2=27 steerMode=0/281 iSteer=-43823 driveMode=103125/103902 iDrive=192228 scale=0 wheel=300000
2026-07-07T15:13:03.819+00:00 CAN id=101 dlc=8 data=28b10000e0930400
2026-07-07T15:13:03.840+00:00 CAN id=101 dlc=8 data=28b10000e0930400
2026-07-07T15:13:03.859+00:00 CAN id=101 dlc=8 data=28b10000e0930400
2026-07-07T15:13:03.880+00:00 CAN id=101 dlc=8 data=28b10000e0930400
2026-07-07T15:13:03.899+00:00 CAN id=101 dlc=8 data=28b10000e0930400
2026-07-07T15:13:03.905+00:00 VCP run=1 step=0 angle=45088 target=45352 err=264 steer=0 m1=1971/103125 i1=166 t1=28 m2=-1936/-103125 i2=-226 t2=27 steerMode=0/13 iSteer=-30205 driveMode=103125/103546 iDrive=195788 scale=0 wheel=300000
2026-07-07T15:13:03.920+00:00 CAN id=101 dlc=8 data=28b10000e0930400
2026-07-07T15:13:03.939+00:00 CAN id=101 dlc=8 data=28b10000e0930400
2026-07-07T15:13:03.959+00:00 CAN id=101 dlc=8 data=28b10000e0930400
2026-07-07T15:13:03.979+00:00 CAN id=101 dlc=8 data=28b10000e0930400
2026-07-07T15:13:03.999+00:00 CAN id=101 dlc=8 data=28b10000e0930400
2026-07-07T15:13:04.009+00:00 VCP run=1 step=0 angle=45000 target=45352 err=352 steer=0 m1=1960/103125 i1=161 t1=28 m2=-1978/-103125 i2=-227 t2=27 steerMode=0/61 iSteer=-33127 driveMode=103125/103746 iDrive=193791 scale=0 wheel=300000
2026-07-07T15:13:04.019+00:00 CAN id=101 dlc=8 data=28b10000e0930400
2026-07-07T15:13:04.039+00:00 CAN id=101 dlc=8 data=28b10000e0930400
2026-07-07T15:13:04.059+00:00 CAN id=101 dlc=8 data=28b10000e0930400
2026-07-07T15:13:04.079+00:00 CAN id=101 dlc=8 data=28b10000e0930400
2026-07-07T15:13:04.099+00:00 CAN id=101 dlc=8 data=28b10000e0930400
2026-07-07T15:13:04.114+00:00 VCP run=1 step=0 angle=44912 target=45352 err=440 steer=0 m1=1987/103125 i1=149 t1=28 m2=-2005/-103125 i2=-214 t2=27 steerMode=0/64 iSteer=-32451 driveMode=103125/104953 iDrive=181720 scale=0 wheel=300000
2026-07-07T15:13:04.119+00:00 CAN id=101 dlc=8 data=28b10000e0930400
2026-07-07T15:13:04.139+00:00 CAN id=101 dlc=8 data=28b10000e0930400
2026-07-07T15:13:04.159+00:00 CAN id=101 dlc=8 data=28b10000e0930400
2026-07-07T15:13:04.179+00:00 CAN id=101 dlc=8 data=28b10000e0930400
2026-07-07T15:13:04.199+00:00 CAN id=101 dlc=8 data=28b10000e0930400
2026-07-07T15:13:04.215+00:00 VCP run=1 step=0 angle=45000 target=45352 err=352 steer=0 m1=1960/103125 i1=166 t1=28 m2=-1997/-103125 i2=-213 t2=27 steerMode=0/-139 iSteer=-23693 driveMode=103125/104169 iDrive=189564 scale=0 wheel=300000
2026-07-07T15:13:04.215+00:00 VCP SET_TARGET_RX steer=45352 wheel=300000
2026-07-07T15:13:04.219+00:00 CAN id=101 dlc=8 data=28b10000e0930400
2026-07-07T15:13:04.239+00:00 CAN id=101 dlc=8 data=28b10000e0930400
2026-07-07T15:13:04.260+00:00 CAN id=101 dlc=8 data=28b10000e0930400
2026-07-07T15:13:04.280+00:00 CAN id=101 dlc=8 data=28b10000e0930400
2026-07-07T15:13:04.300+00:00 CAN id=101 dlc=8 data=28b10000e0930400
2026-07-07T15:13:04.320+00:00 CAN id=101 dlc=8 data=28b10000e0930400
2026-07-07T15:13:04.340+00:00 CAN id=101 dlc=8 data=28b10000e0930400
2026-07-07T15:13:04.360+00:00 CAN id=101 dlc=8 data=28b10000e0930400
2026-07-07T15:13:04.380+00:00 CAN id=101 dlc=8 data=28b10000e0930400
2026-07-07T15:13:04.400+00:00 CAN id=101 dlc=8 data=28b10000e0930400
2026-07-07T15:13:04.402+00:00 VCP run=1 step=0 angle=45000 target=45352 err=352 steer=0 m1=1992/103125 i1=171 t1=28 m2=-2009/-103125 i2=-198 t2=27 steerMode=0/-308 iSteer=-13463 driveMode=103125/104649 iDrive=184764 scale=0 wheel=300000
2026-07-07T15:13:04.402+00:00 VCP run=1 step=0 angle=44824 target=45352 err=528 steer=264 m1=1992/104576 i1=182 t1=28 m2=-1993/-101674 i2=-191 t2=27 steerMode=1451/967 iSteer=-4240 driveMode=103125/104461 iDrive=186638 scale=0 wheel=300000
2026-07-07T15:13:04.420+00:00 CAN id=101 dlc=8 data=28b10000e0930400
2026-07-07T15:13:04.440+00:00 CAN id=101 dlc=8 data=28b10000e0930400
2026-07-07T15:13:04.459+00:00 CAN id=101 dlc=8 data=28b10000e0930400
2026-07-07T15:13:04.479+00:00 CAN id=101 dlc=8 data=28b10000e0930400
2026-07-07T15:13:04.499+00:00 CAN id=101 dlc=8 data=28b10000e0930400
2026-07-07T15:13:04.506+00:00 VCP run=1 step=0 angle=45264 target=45352 err=88 steer=0 m1=1962/103125 i1=165 t1=28 m2=-2003/-103125 i2=-232 t2=27 steerMode=0/65 iSteer=-33679 driveMode=103125/103243 iDrive=198816 scale=0 wheel=300000
2026-07-07T15:13:04.519+00:00 CAN id=101 dlc=8 data=28b10000e0930400
2026-07-07T15:13:04.540+00:00 CAN id=101 dlc=8 data=28b10000e0930400
2026-07-07T15:13:04.560+00:00 CAN id=101 dlc=8 data=28b10000e0930400
2026-07-07T15:13:04.579+00:00 CAN id=101 dlc=8 data=28b10000e0930400
2026-07-07T15:13:04.599+00:00 CAN id=101 dlc=8 data=28b10000e0930400
2026-07-07T15:13:04.611+00:00 VCP run=1 step=0 angle=45264 target=45352 err=88 steer=0 m1=1975/103125 i1=187 t1=28 m2=-1976/-103125 i2=-199 t2=27 steerMode=0/-477 iSteer=-5717 driveMode=103125/103836 iDrive=192892 scale=0 wheel=300000
2026-07-07T15:13:04.619+00:00 CAN id=101 dlc=8 data=28b10000e0930400
2026-07-07T15:13:04.642+00:00 CAN id=101 dlc=8 data=28b10000e0930400
2026-07-07T15:13:04.660+00:00 CAN id=101 dlc=8 data=28b10000e0930400
2026-07-07T15:13:04.679+00:00 CAN id=101 dlc=8 data=28b10000e0930400
2026-07-07T15:13:04.700+00:00 CAN id=101 dlc=8 data=28b10000e0930400
2026-07-07T15:13:04.712+00:00 VCP run=1 step=0 angle=45176 target=45352 err=176 steer=0 m1=2013/103125 i1=155 t1=28 m2=-2003/-103125 i2=-205 t2=27 steerMode=0/-85 iSteer=-24558 driveMode=103125/105129 iDrive=179958 scale=0 wheel=300000
2026-07-07T15:13:04.712+00:00 VCP SET_TARGET_RX steer=45352 wheel=300000
2026-07-07T15:13:04.719+00:00 CAN id=101 dlc=8 data=28b10000e0930400
2026-07-07T15:13:04.741+00:00 CAN id=101 dlc=8 data=28b10000e0930400
2026-07-07T15:13:04.759+00:00 CAN id=101 dlc=8 data=28b10000e0930400
2026-07-07T15:13:04.780+00:00 CAN id=101 dlc=8 data=28b10000e0930400
2026-07-07T15:13:04.799+00:00 CAN id=101 dlc=8 data=28b10000e0930400
2026-07-07T15:13:04.819+00:00 CAN id=101 dlc=8 data=28b10000e0930400
2026-07-07T15:13:04.839+00:00 CAN id=101 dlc=8 data=28b10000e0930400
2026-07-07T15:13:04.859+00:00 CAN id=101 dlc=8 data=28b10000e0930400
2026-07-07T15:13:04.879+00:00 CAN id=101 dlc=8 data=28b10000e0930400
2026-07-07T15:13:04.899+00:00 VCP run=1 step=0 angle=45176 target=45352 err=176 steer=0 m1=1977/103125 i1=165 t1=28 m2=-1997/-103125 i2=-214 t2=27 steerMode=0/-101 iSteer=-24544 driveMode=103125/104216 iDrive=189089 scale=0 wheel=300000
2026-07-07T15:13:04.899+00:00 VCP run=1 step=0 angle=45176 target=45352 err=176 steer=0 m1=1977/103125 i1=152 t1=28 m2=-1965/-103125 i2=-232 t2=27 steerMode=0/215 iSteer=-39640 driveMode=103125/103933 iDrive=191919 scale=0 wheel=300000
2026-07-07T15:13:04.899+00:00 CAN id=101 dlc=8 data=28b10000e0930400
2026-07-07T15:13:04.919+00:00 CAN id=101 dlc=8 data=28b10000e0930400
2026-07-07T15:13:04.939+00:00 CAN id=101 dlc=8 data=28b10000e0930400
2026-07-07T15:13:04.959+00:00 CAN id=101 dlc=8 data=28b10000e0930400
2026-07-07T15:13:04.979+00:00 CAN id=101 dlc=8 data=28b10000e0930400
2026-07-07T15:13:04.999+00:00 CAN id=101 dlc=8 data=28b10000e0930400
2026-07-07T15:13:05.004+00:00 VCP run=1 step=0 angle=45088 target=45352 err=264 steer=0 m1=1967/103125 i1=164 t1=28 m2=-1974/-103125 i2=-223 t2=27 steerMode=0/8 iSteer=-29563 driveMode=103125/103750 iDrive=193748 scale=0 wheel=300000
2026-07-07T15:13:05.019+00:00 CAN id=101 dlc=8 data=28b10000e0930400
2026-07-07T15:13:05.039+00:00 CAN id=101 dlc=8 data=28b10000e0930400
2026-07-07T15:13:05.059+00:00 CAN id=101 dlc=8 data=28b10000e0930400
2026-07-07T15:13:05.079+00:00 CAN id=101 dlc=8 data=28b10000e0930400
2026-07-07T15:13:05.099+00:00 CAN id=101 dlc=8 data=28b10000e0930400
2026-07-07T15:13:05.108+00:00 VCP run=1 step=0 angle=45176 target=45352 err=176 steer=0 m1=1985/103125 i1=172 t1=28 m2=-2018/-103125 i2=-206 t2=27 steerMode=0/-230 iSteer=-17283 driveMode=103125/104219 iDrive=189065 scale=0 wheel=300000
2026-07-07T15:13:05.119+00:00 CAN id=101 dlc=8 data=28b10000e0930400
2026-07-07T15:13:05.140+00:00 CAN id=101 dlc=8 data=28b10000e0930400
2026-07-07T15:13:05.160+00:00 CAN id=101 dlc=8 data=28b10000e0930400
2026-07-07T15:13:05.179+00:00 CAN id=101 dlc=8 data=28b10000e0930400
2026-07-07T15:13:05.199+00:00 CAN id=101 dlc=8 data=28b10000e0930400
2026-07-07T15:13:05.210+00:00 VCP run=1 step=0 angle=45088 target=45352 err=264 steer=0 m1=2002/103125 i1=165 t1=28 m2=-1978/-103125 i2=-198 t2=27 steerMode=0/-239 iSteer=-16393 driveMode=103125/104974 iDrive=181507 scale=0 wheel=300000
2026-07-07T15:13:05.210+00:00 VCP SET_TARGET_RX steer=45352 wheel=300000
2026-07-07T15:13:05.219+00:00 CAN id=101 dlc=8 data=28b10000e0930400
2026-07-07T15:13:05.239+00:00 CAN id=101 dlc=8 data=28b10000e0930400
2026-07-07T15:13:05.259+00:00 CAN id=101 dlc=8 data=28b10000e0930400
2026-07-07T15:13:05.280+00:00 CAN id=101 dlc=8 data=28b10000e0930400
2026-07-07T15:13:05.299+00:00 CAN id=101 dlc=8 data=28b10000e0930400
2026-07-07T15:13:05.314+00:00 VCP run=1 step=0 angle=45088 target=45352 err=264 steer=0 m1=1998/103125 i1=145 t1=28 m2=-2016/-103125 i2=-210 t2=27 steerMode=0/90 iSteer=-32368 driveMode=103125/105345 iDrive=177796 scale=0 wheel=300000
2026-07-07T15:13:05.319+00:00 CAN id=101 dlc=8 data=28b10000e0930400
2026-07-07T15:13:05.339+00:00 CAN id=101 dlc=8 data=28b10000e0930400
2026-07-07T15:13:05.359+00:00 CAN id=101 dlc=8 data=28b10000e0930400
2026-07-07T15:13:05.379+00:00 CAN id=101 dlc=8 data=28b10000e0930400
2026-07-07T15:13:05.399+00:00 CAN id=101 dlc=8 data=28b10000e0930400
2026-07-07T15:13:05.419+00:00 CAN id=101 dlc=8 data=28b10000e0930400
2026-07-07T15:13:05.439+00:00 CAN id=101 dlc=8 data=28b10000e0930400
2026-07-07T15:13:05.459+00:00 CAN id=101 dlc=8 data=28b10000e0930400
2026-07-07T15:13:05.479+00:00 CAN id=101 dlc=8 data=28b10000e0930400
2026-07-07T15:13:05.499+00:00 CAN id=101 dlc=8 data=28b10000e0930400
2026-07-07T15:13:05.501+00:00 VCP run=1 step=0 angle=45176 target=45352 err=176 steer=0 m1=1981/103125 i1=168 t1=28 m2=-1999/-103125 i2=-195 t2=27 steerMode=0/-303 iSteer=-13223 driveMode=103125/104977 iDrive=181480 scale=0 wheel=300000
2026-07-07T15:13:05.501+00:00 VCP run=1 step=0 angle=45088 target=45352 err=264 steer=0 m1=2013/103125 i1=151 t1=28 m2=-1993/-103125 i2=-211 t2=27 steerMode=0/51 iSteer=-30148 driveMode=103125/105044 iDrive=180811 scale=0 wheel=300000
2026-07-07T15:13:05.519+00:00 CAN id=101 dlc=8 data=28b10000e0930400
2026-07-07T15:13:05.539+00:00 CAN id=101 dlc=8 data=28b10000e0930400
2026-07-07T15:13:05.559+00:00 CAN id=101 dlc=8 data=28b10000e0930400
2026-07-07T15:13:05.579+00:00 CAN id=101 dlc=8 data=28b10000e0930400
2026-07-07T15:13:05.599+00:00 CAN id=101 dlc=8 data=28b10000e0930400
2026-07-07T15:13:05.606+00:00 VCP run=1 step=0 angle=45088 target=45352 err=264 steer=0 m1=1969/103125 i1=139 t1=28 m2=-1951/-103125 i2=-250 t2=27 steerMode=0/538 iSteer=-55459 driveMode=103125/103694 iDrive=194315 scale=0 wheel=300000
2026-07-07T15:13:05.619+00:00 CAN id=101 dlc=8 data=28b10000e0930400
2026-07-07T15:13:05.639+00:00 CAN id=101 dlc=8 data=28b10000e0930400
2026-07-07T15:13:05.660+00:00 CAN id=101 dlc=8 data=28b10000e0930400
2026-07-07T15:13:05.680+00:00 CAN id=101 dlc=8 data=28b10000e0930400
2026-07-07T15:13:05.699+00:00 CAN id=101 dlc=8 data=28b10000e0930400
2026-07-07T15:13:05.707+00:00 VCP run=1 step=0 angle=45176 target=45352 err=176 steer=0 m1=1941/103125 i1=163 t1=28 m2=-1926/-103125 i2=-247 t2=27 steerMode=0/253 iSteer=-42329 driveMode=103125/102677 iDrive=204965 scale=0 wheel=300000
2026-07-07T15:13:05.707+00:00 VCP SET_TARGET_RX steer=45352 wheel=300000
2026-07-07T15:13:05.719+00:00 CAN id=101 dlc=8 data=28b10000e0930400
2026-07-07T15:13:05.740+00:00 CAN id=101 dlc=8 data=28b10000e0930400
2026-07-07T15:13:05.760+00:00 CAN id=101 dlc=8 data=28b10000e0930400
2026-07-07T15:13:05.780+00:00 CAN id=101 dlc=8 data=28b10000e0930400
2026-07-07T15:13:05.799+00:00 CAN id=101 dlc=8 data=28b10000e0930400
2026-07-07T15:13:05.812+00:00 VCP run=1 step=0 angle=45176 target=45352 err=176 steer=0 m1=1967/103125 i1=185 t1=28 m2=-1993/-103125 i2=-199 t2=27 steerMode=0/-448 iSteer=-7068 driveMode=103125/103975 iDrive=191790 scale=0 wheel=300000
2026-07-07T15:13:05.819+00:00 CAN id=101 dlc=8 data=28b10000e0930400
2026-07-07T15:13:05.840+00:00 CAN id=101 dlc=8 data=28b10000e0930400
2026-07-07T15:13:05.859+00:00 CAN id=101 dlc=8 data=28b10000e0930400
2026-07-07T15:13:05.880+00:00 CAN id=101 dlc=8 data=28b10000e0930400
2026-07-07T15:13:05.899+00:00 CAN id=101 dlc=8 data=28b10000e0930400
2026-07-07T15:13:05.919+00:00 CAN id=101 dlc=8 data=28b10000e0930400
2026-07-07T15:13:05.939+00:00 CAN id=101 dlc=8 data=28b10000e0930400
2026-07-07T15:13:05.959+00:00 CAN id=101 dlc=8 data=28b10000e0930400
2026-07-07T15:13:05.979+00:00 CAN id=101 dlc=8 data=28b10000e0930400
2026-07-07T15:13:05.999+00:00 VCP run=1 step=0 angle=45176 target=45352 err=176 steer=0 m1=1973/103125 i1=151 t1=28 m2=-1991/-103125 i2=-219 t2=27 steerMode=0/110 iSteer=-33990 driveMode=103125/104673 iDrive=184521 scale=0 wheel=300000
2026-07-07T15:13:05.999+00:00 VCP run=1 step=0 angle=45176 target=45352 err=176 steer=0 m1=1975/103125 i1=174 t1=28 m2=-1980/-103125 i2=-203 t2=27 steerMode=0/-276 iSteer=-14368 driveMode=103125/104296 iDrive=188288 scale=0 wheel=300000
2026-07-07T15:13:05.999+00:00 CAN id=101 dlc=8 data=28b10000e0930400
2026-07-07T15:13:06.019+00:00 CAN id=101 dlc=8 data=28b10000e0930400
2026-07-07T15:13:06.039+00:00 CAN id=101 dlc=8 data=28b10000e0930400
2026-07-07T15:13:06.059+00:00 CAN id=101 dlc=8 data=28b10000e0930400
2026-07-07T15:13:06.079+00:00 CAN id=101 dlc=8 data=28b10000e0930400
2026-07-07T15:13:06.099+00:00 CAN id=101 dlc=8 data=28b10000e0930400
2026-07-07T15:13:06.103+00:00 VCP run=1 step=0 angle=45088 target=45352 err=264 steer=0 m1=1990/103125 i1=145 t1=28 m2=-1955/-103125 i2=-234 t2=27 steerMode=0/335 iSteer=-44259 driveMode=103125/104179 iDrive=189463 scale=0 wheel=300000
2026-07-07T15:13:06.119+00:00 CAN id=101 dlc=8 data=28b10000e0930400
2026-07-07T15:13:06.139+00:00 CAN id=101 dlc=8 data=28b10000e0930400
2026-07-07T15:13:06.159+00:00 CAN id=101 dlc=8 data=28b10000e0930400
2026-07-07T15:13:06.179+00:00 CAN id=101 dlc=8 data=28b10000e0930400
2026-07-07T15:13:06.199+00:00 CAN id=101 dlc=8 data=28b10000e0930400
2026-07-07T15:13:06.204+00:00 VCP run=1 step=0 angle=45088 target=45352 err=264 steer=0 m1=1958/103125 i1=155 t1=28 m2=-1942/-103125 i2=-238 t2=27 steerMode=0/260 iSteer=-41638 driveMode=103125/103485 iDrive=196401 scale=0 wheel=300000
2026-07-07T15:13:06.204+00:00 VCP SET_TARGET_RX steer=45352 wheel=300000
2026-07-07T15:13:06.219+00:00 CAN id=101 dlc=8 data=28b10000e0930400
2026-07-07T15:13:06.239+00:00 CAN id=101 dlc=8 data=28b10000e0930400
2026-07-07T15:13:06.259+00:00 CAN id=101 dlc=8 data=28b10000e0930400
2026-07-07T15:13:06.279+00:00 CAN id=101 dlc=8 data=28b10000e0930400
2026-07-07T15:13:06.299+00:00 CAN id=101 dlc=8 data=28b10000e0930400
2026-07-07T15:13:06.309+00:00 VCP run=1 step=0 angle=45176 target=45352 err=176 steer=0 m1=1969/103125 i1=173 t1=28 m2=-1963/-103125 i2=-209 t2=27 steerMode=0/-201 iSteer=-18104 driveMode=103125/104041 iDrive=190844 scale=0 wheel=300000
2026-07-07T15:13:06.319+00:00 CAN id=101 dlc=8 data=28b10000e0930400
2026-07-07T15:13:06.339+00:00 CAN id=101 dlc=8 data=28b10000e0930400
2026-07-07T15:13:06.359+00:00 CAN id=101 dlc=8 data=28b10000e0930400
2026-07-07T15:13:06.379+00:00 CAN id=101 dlc=8 data=28b10000e0930400
2026-07-07T15:13:06.399+00:00 CAN id=101 dlc=8 data=28b10000e0930400
2026-07-07T15:13:06.413+00:00 VCP run=1 step=0 angle=45088 target=45352 err=264 steer=0 m1=1987/103125 i1=164 t1=28 m2=-2020/-103125 i2=-202 t2=27 steerMode=0/-195 iSteer=-18939 driveMode=103125/104859 iDrive=182664 scale=0 wheel=300000
2026-07-07T15:13:06.419+00:00 CAN id=101 dlc=8 data=28b10000e0930400
2026-07-07T15:13:06.439+00:00 CAN id=101 dlc=8 data=28b10000e0930400
2026-07-07T15:13:06.459+00:00 CAN id=101 dlc=8 data=28b10000e0930400
2026-07-07T15:13:06.479+00:00 CAN id=101 dlc=8 data=28b10000e0930400
2026-07-07T15:13:06.499+00:00 CAN id=101 dlc=8 data=28b10000e0930400
2026-07-07T15:13:06.519+00:00 CAN id=101 dlc=8 data=28b10000e0930400
2026-07-07T15:13:06.539+00:00 CAN id=101 dlc=8 data=28b10000e0930400
2026-07-07T15:13:06.559+00:00 CAN id=101 dlc=8 data=28b10000e0930400
2026-07-07T15:13:06.579+00:00 CAN id=101 dlc=8 data=28b10000e0930400
2026-07-07T15:13:06.599+00:00 BENCH step t=45.000s -> steer=315352mdeg wheel=-300000milli-rpm
2026-07-07T15:13:06.600+00:00 CAN id=101 dlc=8 data=d8cf0400206cfbff
2026-07-07T15:13:06.600+00:00 VCP run=1 step=0 angle=45088 target=45352 err=264 steer=0 m1=1987/103125 i1=129 t1=28 m2=-1947/-103125 i2=-266 t2=27 steerMode=0/770 iSteer=-68361 driveMode=103125/103358 iDrive=197670 scale=0 wheel=300000
2026-07-07T15:13:06.600+00:00 VCP run=1 step=0 angle=45088 target=45352 err=264 steer=0 m1=1962/103125 i1=195 t1=28 m2=-1982/-103125 i2=-192 t2=27 steerMode=0/-618 iSteer=1435 driveMode=103125/103805 iDrive=193203 scale=0 wheel=300000
2026-07-07T15:13:06.619+00:00 CAN id=101 dlc=8 data=d8cf0400206cfbff
2026-07-07T15:13:06.639+00:00 CAN id=101 dlc=8 data=d8cf0400206cfbff
2026-07-07T15:13:06.659+00:00 CAN id=101 dlc=8 data=d8cf0400206cfbff
2026-07-07T15:13:06.679+00:00 CAN id=101 dlc=8 data=d8cf0400206cfbff
2026-07-07T15:13:06.699+00:00 CAN id=101 dlc=8 data=d8cf0400206cfbff
2026-07-07T15:13:06.702+00:00 VCP run=1 step=0 angle=45088 target=45352 err=264 steer=0 m1=2006/103125 i1=150 t1=28 m2=-2014/-103125 i2=-216 t2=27 steerMode=0/91 iSteer=-33048 driveMode=103125/104859 iDrive=182658 scale=0 wheel=300000
2026-07-07T15:13:06.702+00:00 VCP SET_TARGET_RX steer=315352 wheel=-300000
2026-07-07T15:13:06.719+00:00 CAN id=101 dlc=8 data=d8cf0400206cfbff
2026-07-07T15:13:06.739+00:00 CAN id=101 dlc=8 data=d8cf0400206cfbff
2026-07-07T15:13:06.759+00:00 CAN id=101 dlc=8 data=d8cf0400206cfbff
2026-07-07T15:13:06.779+00:00 CAN id=101 dlc=8 data=d8cf0400206cfbff
2026-07-07T15:13:06.799+00:00 CAN id=101 dlc=8 data=d8cf0400206cfbff
2026-07-07T15:13:06.805+00:00 VCP run=1 step=0 angle=42979 target=315352 err=-87626 steer=-4650 m1=1563/71156 i1=-518 t1=28 m2=-2309/-122306 i2=-802 t2=27 steerMode=-25575/-13459 iSteer=-660264 driveMode=96731/102541 iDrive=141898 scale=0 wheel=281399
2026-07-07T15:13:06.819+00:00 CAN id=101 dlc=8 data=d8cf0400206cfbff
2026-07-07T15:13:06.839+00:00 CAN id=101 dlc=8 data=d8cf0400206cfbff
2026-07-07T15:13:06.859+00:00 CAN id=101 dlc=8 data=d8cf0400206cfbff
2026-07-07T15:13:06.879+00:00 CAN id=101 dlc=8 data=d8cf0400206cfbff
2026-07-07T15:13:06.899+00:00 CAN id=101 dlc=8 data=d8cf0400206cfbff
2026-07-07T15:13:06.908+00:00 VCP run=1 step=0 angle=29531 target=315352 err=-74179 steer=-5000 m1=1328/62974 i1=208 t1=28 m2=-2436/-117974 i2=-20 t2=27 steerMode=-27500/-30531 iSteer=93717 driveMode=90474/99054 iDrive=114199 scale=0 wheel=263198
2026-07-07T15:13:06.919+00:00 CAN id=101 dlc=8 data=d8cf0400206cfbff
2026-07-07T15:13:06.939+00:00 CAN id=101 dlc=8 data=d8cf0400206cfbff
2026-07-07T15:13:06.959+00:00 CAN id=101 dlc=8 data=d8cf0400206cfbff
2026-07-07T15:13:06.979+00:00 CAN id=101 dlc=8 data=d8cf0400206cfbff
2026-07-07T15:13:06.999+00:00 CAN id=101 dlc=8 data=d8cf0400206cfbff
2026-07-07T15:13:07.012+00:00 VCP run=1 step=0 angle=18018 target=315352 err=-62666 steer=-5000 m1=1257/56649 i1=-9 t1=28 m2=-2304/-111649 i2=-192 t2=27 steerMode=-27500/-26623 iSteer=-100774 driveMode=84149/94991 iDrive=91582 scale=0 wheel=244798
2026-07-07T15:13:07.019+00:00 CAN id=101 dlc=8 data=d8cf0400206cfbff
2026-07-07T15:13:07.039+00:00 CAN id=101 dlc=8 data=d8cf0400206cfbff
2026-07-07T15:13:07.059+00:00 CAN id=101 dlc=8 data=d8cf0400206cfbff
2026-07-07T15:13:07.079+00:00 CAN id=101 dlc=8 data=d8cf0400206cfbff
2026-07-07T15:13:07.099+00:00 CAN id=101 dlc=8 data=d8cf0400206cfbff
2026-07-07T15:13:07.116+00:00 VCP run=1 step=0 angle=5537 target=315352 err=-50185 steer=-5000 m1=1140/50324 i1=45 t1=28 m2=-2210/-105324 i2=-121 t2=27 steerMode=-27500/-27880 iSteer=-38150 driveMode=77824/89527 iDrive=82976 scale=0 wheel=226398
2026-07-07T15:13:07.119+00:00 CAN id=101 dlc=8 data=d8cf0400206cfbff
2026-07-07T15:13:07.139+00:00 CAN id=101 dlc=8 data=d8cf0400206cfbff
2026-07-07T15:13:07.159+00:00 CAN id=101 dlc=8 data=d8cf0400206cfbff
2026-07-07T15:13:07.179+00:00 CAN id=101 dlc=8 data=d8cf0400206cfbff
2026-07-07T15:13:07.199+00:00 CAN id=101 dlc=8 data=d8cf0400206cfbff
2026-07-07T15:13:07.216+00:00 VCP run=1 step=0 angle=353320 target=315352 err=-37968 steer=-5000 m1=1019/43999 i1=36 t1=28 m2=-2070/-98999 i2=-131 t2=27 steerMode=-27500/-27673 iSteer=-47520 driveMode=71499/83139 iDrive=83603 scale=0 wheel=207998
2026-07-07T15:13:07.216+00:00 VCP SET_TARGET_RX steer=315352 wheel=-300000
2026-07-07T15:13:07.219+00:00 CAN id=101 dlc=8 data=d8cf0400206cfbff
2026-07-07T15:13:07.239+00:00 CAN id=101 dlc=8 data=d8cf0400206cfbff
2026-07-07T15:13:07.259+00:00 CAN id=101 dlc=8 data=d8cf0400206cfbff
2026-07-07T15:13:07.279+00:00 CAN id=101 dlc=8 data=d8cf0400206cfbff
2026-07-07T15:13:07.299+00:00 CAN id=101 dlc=8 data=d8cf0400206cfbff
2026-07-07T15:13:07.319+00:00 CAN id=101 dlc=8 data=d8cf0400206cfbff
2026-07-07T15:13:07.339+00:00 CAN id=101 dlc=8 data=d8cf0400206cfbff
2026-07-07T15:13:07.359+00:00 CAN id=101 dlc=8 data=d8cf0400206cfbff
2026-07-07T15:13:07.379+00:00 CAN id=101 dlc=8 data=d8cf0400206cfbff
2026-07-07T15:13:07.399+00:00 CAN id=101 dlc=8 data=d8cf0400206cfbff
2026-07-07T15:13:07.401+00:00 VCP run=1 step=0 angle=341104 target=315352 err=-25751 steer=-5000 m1=904/37675 i1=14 t1=28 m2=-1919/-92675 i2=-185 t2=27 steerMode=-27500/-26930 iSteer=-85487 driveMode=65175/75180 iDrive=99941 scale=0 wheel=189599
2026-07-07T15:13:07.401+00:00 VCP run=1 step=0 angle=328447 target=315352 err=-13095 steer=-5000 m1=734/31350 i1=57 t1=28 m2=-1790/-86350 i2=-166 t2=27 steerMode=-27500/-27548 iSteer=-54585 driveMode=58850/67737 iDrive=111130 scale=0 wheel=171199
2026-07-07T15:13:07.419+00:00 CAN id=101 dlc=8 data=d8cf0400206cfbff
2026-07-07T15:13:07.439+00:00 CAN id=101 dlc=8 data=d8cf0400206cfbff
2026-07-07T15:13:07.459+00:00 CAN id=101 dlc=8 data=d8cf0400206cfbff
2026-07-07T15:13:07.479+00:00 CAN id=101 dlc=8 data=d8cf0400206cfbff
2026-07-07T15:13:07.499+00:00 CAN id=101 dlc=8 data=d8cf0400206cfbff
2026-07-07T15:13:07.505+00:00 VCP run=1 step=0 angle=317900 target=315352 err=-2548 steer=-1274 m1=893/45517 i1=642 t1=28 m2=-1392/-59533 i2=402 t2=27 steerMode=-7008/-18233 iSteer=521564 driveMode=52525/60530 iDrive=119951 scale=0 wheel=152799
2026-07-07T15:13:07.519+00:00 CAN id=101 dlc=8 data=d8cf0400206cfbff
2026-07-07T15:13:07.539+00:00 CAN id=101 dlc=8 data=d8cf0400206cfbff
2026-07-07T15:13:07.559+00:00 CAN id=101 dlc=8 data=d8cf0400206cfbff
2026-07-07T15:13:07.579+00:00 CAN id=101 dlc=8 data=d8cf0400206cfbff
2026-07-07T15:13:07.599+00:00 CAN id=101 dlc=8 data=d8cf0400206cfbff
2026-07-07T15:13:07.608+00:00 VCP run=1 step=0 angle=317285 target=315352 err=-1933 steer=-967 m1=962/40884 i1=-115 t1=28 m2=-1041/-51516 i2=-375 t2=27 steerMode=-5316/-1164 iSteer=-245377 driveMode=46200/53197 iDrive=130025 scale=0 wheel=134399
2026-07-07T15:13:07.619+00:00 CAN id=101 dlc=8 data=d8cf0400206cfbff
2026-07-07T15:13:07.639+00:00 CAN id=101 dlc=8 data=d8cf0400206cfbff
2026-07-07T15:13:07.660+00:00 CAN id=101 dlc=8 data=d8cf0400206cfbff
2026-07-07T15:13:07.680+00:00 CAN id=101 dlc=8 data=d8cf0400206cfbff
2026-07-07T15:13:07.699+00:00 CAN id=101 dlc=8 data=d8cf0400206cfbff
2026-07-07T15:13:07.709+00:00 VCP run=1 step=0 angle=316143 target=315352 err=-791 steer=-395 m1=851/37701 i1=153 t1=28 m2=-909/-42049 i2=-95 t2=27 steerMode=-2174/-3482 iSteer=29047 driveMode=39875/47462 iDrive=124130 scale=0 wheel=116000
2026-07-07T15:13:07.709+00:00 VCP SET_TARGET_RX steer=315352 wheel=-300000
2026-07-07T15:13:07.719+00:00 CAN id=101 dlc=8 data=d8cf0400206cfbff
2026-07-07T15:13:07.740+00:00 CAN id=101 dlc=8 data=d8cf0400206cfbff
2026-07-07T15:13:07.759+00:00 CAN id=101 dlc=8 data=d8cf0400206cfbff
2026-07-07T15:13:07.780+00:00 CAN id=101 dlc=8 data=d8cf0400206cfbff
2026-07-07T15:13:07.799+00:00 CAN id=101 dlc=8 data=d8cf0400206cfbff
2026-07-07T15:13:07.814+00:00 VCP run=1 step=0 angle=315615 target=315352 err=-263 steer=0 m1=818/33481 i1=46 t1=28 m2=-727/-33481 i2=-159 t2=27 steerMode=0/429 iSteer=-56222 driveMode=33481/43249 iDrive=102323 scale=0 wheel=97400
2026-07-07T15:13:07.819+00:00 CAN id=101 dlc=8 data=d8cf0400206cfbff
2026-07-07T15:13:07.839+00:00 CAN id=101 dlc=8 data=d8cf0400206cfbff
2026-07-07T15:13:07.859+00:00 CAN id=101 dlc=8 data=d8cf0400206cfbff
2026-07-07T15:13:07.879+00:00 CAN id=101 dlc=8 data=d8cf0400206cfbff
2026-07-07T15:13:07.899+00:00 CAN id=101 dlc=8 data=d8cf0400206cfbff
2026-07-07T15:13:07.919+00:00 CAN id=101 dlc=8 data=d8cf0400206cfbff
2026-07-07T15:13:07.939+00:00 CAN id=101 dlc=8 data=d8cf0400206cfbff
2026-07-07T15:13:07.960+00:00 CAN id=101 dlc=8 data=d8cf0400206cfbff
2026-07-07T15:13:07.979+00:00 CAN id=101 dlc=8 data=d8cf0400206cfbff
2026-07-07T15:13:07.999+00:00 CAN id=101 dlc=8 data=d8cf0400206cfbff
2026-07-07T15:13:08.002+00:00 VCP run=1 step=0 angle=315527 target=315352 err=-175 steer=0 m1=740/27088 i1=59 t1=28 m2=-687/-27088 i2=-105 t2=27 steerMode=0/-245 iSteer=-22831 driveMode=27088/38907 iDrive=81803 scale=0 wheel=78800
2026-07-07T15:13:08.002+00:00 VCP run=1 step=0 angle=315439 target=315352 err=-87 steer=0 m1=600/20694 i1=49 t1=28 m2=-614/-20694 i2=-88 t2=27 steerMode=0/-288 iSteer=-19797 driveMode=20694/33828 iDrive=68660 scale=0 wheel=60200
2026-07-07T15:13:08.019+00:00 CAN id=101 dlc=8 data=d8cf0400206cfbff
2026-07-07T15:13:08.039+00:00 CAN id=101 dlc=8 data=d8cf0400206cfbff
2026-07-07T15:13:08.059+00:00 CAN id=101 dlc=8 data=d8cf0400206cfbff
2026-07-07T15:13:08.079+00:00 CAN id=101 dlc=8 data=d8cf0400206cfbff
2026-07-07T15:13:08.099+00:00 CAN id=101 dlc=8 data=d8cf0400206cfbff
2026-07-07T15:13:08.107+00:00 VCP run=1 step=0 angle=315352 target=315352 err=0 steer=0 m1=510/14300 i1=38 t1=28 m2=-536/-14300 i2=-88 t2=27 steerMode=0/-185 iSteer=-24863 driveMode=14300/27995 iDrive=63054 scale=0 wheel=41600
2026-07-07T15:13:08.119+00:00 CAN id=101 dlc=8 data=d8cf0400206cfbff
2026-07-07T15:13:08.140+00:00 CAN id=101 dlc=8 data=d8cf0400206cfbff
2026-07-07T15:13:08.160+00:00 CAN id=101 dlc=8 data=d8cf0400206cfbff
2026-07-07T15:13:08.180+00:00 CAN id=101 dlc=8 data=d8cf0400206cfbff
2026-07-07T15:13:08.199+00:00 CAN id=101 dlc=8 data=d8cf0400206cfbff
2026-07-07T15:13:08.209+00:00 VCP run=1 step=0 angle=315264 target=315352 err=88 steer=0 m1=353/7838 i1=39 t1=28 m2=-440/-7838 i2=-75 t2=27 steerMode=0/-302 iSteer=-18449 driveMode=7838/22138 iDrive=56995 scale=0 wheel=22800
2026-07-07T15:13:08.209+00:00 VCP SET_TARGET_RX steer=315352 wheel=-300000
2026-07-07T15:13:08.219+00:00 CAN id=101 dlc=8 data=d8cf0400206cfbff
2026-07-07T15:13:08.240+00:00 CAN id=101 dlc=8 data=d8cf0400206cfbff
2026-07-07T15:13:08.259+00:00 CAN id=101 dlc=8 data=d8cf0400206cfbff
2026-07-07T15:13:08.280+00:00 CAN id=101 dlc=8 data=d8cf0400206cfbff
2026-07-07T15:13:08.299+00:00 CAN id=101 dlc=8 data=d8cf0400206cfbff
2026-07-07T15:13:08.319+00:00 CAN id=101 dlc=8 data=d8cf0400206cfbff
2026-07-07T15:13:08.340+00:00 CAN id=101 dlc=8 data=d8cf0400206cfbff
2026-07-07T15:13:08.359+00:00 CAN id=101 dlc=8 data=d8cf0400206cfbff
2026-07-07T15:13:08.379+00:00 CAN id=101 dlc=8 data=d8cf0400206cfbff
2026-07-07T15:13:08.398+00:00 VCP run=1 step=0 angle=315176 target=315352 err=176 steer=0 m1=267/1375 i1=46 t1=28 m2=-327/-1375 i2=-69 t2=27 steerMode=0/-433 iSteer=-11226 driveMode=1375/15619 iDrive=57565 scale=0 wheel=4000
2026-07-07T15:13:08.398+00:00 VCP run=1 step=0 angle=315264 target=315352 err=88 steer=0 m1=-13/-5087 i1=-348 t1=28 m2=12/5087 i2=194 t2=27 steerMode=0/891 iSteer=-76696 driveMode=-5087/464 iDrive=-270991 scale=0 wheel=-14800
2026-07-07T15:13:08.399+00:00 CAN id=101 dlc=8 data=d8cf0400206cfbff
2026-07-07T15:13:08.419+00:00 CAN id=101 dlc=8 data=d8cf0400206cfbff
2026-07-07T15:13:08.439+00:00 CAN id=101 dlc=8 data=d8cf0400206cfbff
2026-07-07T15:13:08.459+00:00 CAN id=101 dlc=8 data=d8cf0400206cfbff
2026-07-07T15:13:08.480+00:00 CAN id=101 dlc=8 data=d8cf0400206cfbff
2026-07-07T15:13:08.499+00:00 CAN id=101 dlc=8 data=d8cf0400206cfbff
2026-07-07T15:13:08.504+00:00 VCP run=1 step=0 angle=315264 target=315352 err=88 steer=0 m1=0/-11550 i1=-379 t1=28 m2=0/11550 i2=315 t2=27 steerMode=0/-9 iSteer=-32189 driveMode=-11550/-5 iDrive=-346816 scale=0 wheel=-33600
2026-07-07T15:13:08.519+00:00 CAN id=101 dlc=8 data=d8cf0400206cfbff
2026-07-07T15:13:08.539+00:00 CAN id=101 dlc=8 data=d8cf0400206cfbff
2026-07-07T15:13:08.559+00:00 CAN id=101 dlc=8 data=d8cf0400206cfbff
2026-07-07T15:13:08.579+00:00 CAN id=101 dlc=8 data=d8cf0400206cfbff
2026-07-07T15:13:08.599+00:00 CAN id=101 dlc=8 data=d8cf0400206cfbff
2026-07-07T15:13:08.608+00:00 VCP run=1 step=0 angle=315264 target=315352 err=88 steer=0 m1=-13/-18012 i1=-518 t1=28 m2=125/18012 i2=330 t2=27 steerMode=0/1218 iSteer=-93785 driveMode=-18012/-1495 iDrive=-424123 scale=0 wheel=-52400
2026-07-07T15:13:08.619+00:00 CAN id=101 dlc=8 data=d8cf0400206cfbff
2026-07-07T15:13:08.639+00:00 CAN id=101 dlc=8 data=d8cf0400206cfbff
2026-07-07T15:13:08.659+00:00 CAN id=101 dlc=8 data=d8cf0400206cfbff
2026-07-07T15:13:08.679+00:00 CAN id=101 dlc=8 data=d8cf0400206cfbff
2026-07-07T15:13:08.699+00:00 CAN id=101 dlc=8 data=d8cf0400206cfbff
2026-07-07T15:13:08.710+00:00 VCP run=1 step=0 angle=315264 target=315352 err=88 steer=0 m1=-377/-24406 i1=-355 t1=28 m2=332/24406 i2=386 t2=27 steerMode=0/-970 iSteer=15425 driveMode=-24406/-15595 iDrive=-370418 scale=0 wheel=-71000
2026-07-07T15:13:08.710+00:00 VCP SET_TARGET_RX steer=315352 wheel=-300000
2026-07-07T15:13:08.719+00:00 CAN id=101 dlc=8 data=d8cf0400206cfbff
2026-07-07T15:13:08.739+00:00 CAN id=101 dlc=8 data=d8cf0400206cfbff
2026-07-07T15:13:08.759+00:00 CAN id=101 dlc=8 data=d8cf0400206cfbff
2026-07-07T15:13:08.779+00:00 CAN id=101 dlc=8 data=d8cf0400206cfbff
2026-07-07T15:13:08.799+00:00 CAN id=101 dlc=8 data=d8cf0400206cfbff
2026-07-07T15:13:08.814+00:00 VCP run=1 step=0 angle=315264 target=315352 err=88 steer=0 m1=-589/-30800 i1=-319 t1=28 m2=533/30800 i2=334 t2=27 steerMode=0/-757 iSteer=7715 driveMode=-30800/-27450 iDrive=-326584 scale=0 wheel=-89600
2026-07-07T15:13:08.819+00:00 CAN id=101 dlc=8 data=d8cf0400206cfbff
2026-07-07T15:13:08.839+00:00 CAN id=101 dlc=8 data=d8cf0400206cfbff
2026-07-07T15:13:08.859+00:00 CAN id=101 dlc=8 data=d8cf0400206cfbff
2026-07-07T15:13:08.879+00:00 CAN id=101 dlc=8 data=d8cf0400206cfbff
2026-07-07T15:13:08.899+00:00 CAN id=101 dlc=8 data=d8cf0400206cfbff
2026-07-07T15:13:08.919+00:00 CAN id=101 dlc=8 data=d8cf0400206cfbff
2026-07-07T15:13:08.939+00:00 CAN id=101 dlc=8 data=d8cf0400206cfbff
2026-07-07T15:13:08.959+00:00 CAN id=101 dlc=8 data=d8cf0400206cfbff
2026-07-07T15:13:08.979+00:00 CAN id=101 dlc=8 data=d8cf0400206cfbff
2026-07-07T15:13:08.999+00:00 CAN id=101 dlc=8 data=d8cf0400206cfbff
2026-07-07T15:13:09.002+00:00 VCP run=1 step=0 angle=315264 target=315352 err=88 steer=0 m1=-729/-37194 i1=-300 t1=28 m2=698/37194 i2=305 t2=27 steerMode=0/-606 iSteer=2255 driveMode=-37194/-36575 iDrive=-302612 scale=0 wheel=-108199
2026-07-07T15:13:09.002+00:00 VCP run=1 step=0 angle=315176 target=315352 err=176 steer=0 m1=-869/-43587 i1=-297 t1=28 m2=918/43587 i2=278 t2=27 steerMode=0/-326 iSteer=-9732 driveMode=-43587/-44440 iDrive=-287514 scale=0 wheel=-126799
2026-07-07T15:13:09.019+00:00 CAN id=101 dlc=8 data=d8cf0400206cfbff
2026-07-07T15:13:09.039+00:00 CAN id=101 dlc=8 data=d8cf0400206cfbff
2026-07-07T15:13:09.059+00:00 CAN id=101 dlc=8 data=d8cf0400206cfbff
2026-07-07T15:13:09.079+00:00 CAN id=101 dlc=8 data=d8cf0400206cfbff
2026-07-07T15:13:09.099+00:00 CAN id=101 dlc=8 data=d8cf0400206cfbff
2026-07-07T15:13:09.106+00:00 VCP run=1 step=0 angle=314912 target=315352 err=440 steer=0 m1=-1003/-49981 i1=-268 t1=28 m2=985/49981 i2=307 t2=27 steerMode=0/-864 iSteer=19397 driveMode=-49981/-50663 iDrive=-287804 scale=0 wheel=-145399
2026-07-07T15:13:09.119+00:00 CAN id=101 dlc=8 data=d8cf0400206cfbff
2026-07-07T15:13:09.139+00:00 CAN id=101 dlc=8 data=d8cf0400206cfbff
2026-07-07T15:13:09.159+00:00 CAN id=101 dlc=8 data=d8cf0400206cfbff
2026-07-07T15:13:09.179+00:00 CAN id=101 dlc=8 data=d8cf0400206cfbff
2026-07-07T15:13:09.199+00:00 CAN id=101 dlc=8 data=d8cf0400206cfbff
2026-07-07T15:13:09.206+00:00 VCP run=1 step=0 angle=314648 target=315352 err=704 steer=352 m1=-1066/-54440 i1=-249 t1=28 m2=1111/58309 i2=334 t2=27 steerMode=1935/696 iSteer=42530 driveMode=-56375/-56584 iDrive=-291827 scale=0 wheel=-163999
2026-07-07T15:13:09.206+00:00 VCP SET_TARGET_RX steer=315352 wheel=-300000
2026-07-07T15:13:09.219+00:00 CAN id=101 dlc=8 data=d8cf0400206cfbff
2026-07-07T15:13:09.239+00:00 CAN id=101 dlc=8 data=d8cf0400206cfbff
2026-07-07T15:13:09.259+00:00 CAN id=101 dlc=8 data=d8cf0400206cfbff
2026-07-07T15:13:09.280+00:00 CAN id=101 dlc=8 data=d8cf0400206cfbff
2026-07-07T15:13:09.299+00:00 CAN id=101 dlc=8 data=d8cf0400206cfbff
2026-07-07T15:13:09.311+00:00 VCP run=1 step=0 angle=315088 target=315352 err=264 steer=0 m1=-1216/-62699 i1=-272 t1=28 m2=1125/62699 i2=344 t2=27 steerMode=0/-1086 iSteer=35641 driveMode=-62699/-61362 iDrive=-308080 scale=0 wheel=-182398
2026-07-07T15:13:09.319+00:00 CAN id=101 dlc=8 data=d8cf0400206cfbff
2026-07-07T15:13:09.339+00:00 CAN id=101 dlc=8 data=d8cf0400206cfbff
2026-07-07T15:13:09.360+00:00 CAN id=101 dlc=8 data=d8cf0400206cfbff
2026-07-07T15:13:09.379+00:00 CAN id=101 dlc=8 data=d8cf0400206cfbff
2026-07-07T15:13:09.399+00:00 CAN id=101 dlc=8 data=d8cf0400206cfbff
2026-07-07T15:13:09.415+00:00 VCP run=1 step=0 angle=314648 target=315352 err=704 steer=352 m1=-1252/-67158 i1=-302 t1=28 m2=1312/71028 i2=348 t2=27 steerMode=1935/1212 iSteer=23075 driveMode=-69093/-66524 iDrive=-324603 scale=0 wheel=-200998
2026-07-07T15:13:09.419+00:00 CAN id=101 dlc=8 data=d8cf0400206cfbff
2026-07-07T15:13:09.440+00:00 CAN id=101 dlc=8 data=d8cf0400206cfbff
2026-07-07T15:13:09.460+00:00 CAN id=101 dlc=8 data=d8cf0400206cfbff
2026-07-07T15:13:09.479+00:00 CAN id=101 dlc=8 data=d8cf0400206cfbff
2026-07-07T15:13:09.499+00:00 CAN id=101 dlc=8 data=d8cf0400206cfbff
2026-07-07T15:13:09.519+00:00 CAN id=101 dlc=8 data=d8cf0400206cfbff
2026-07-07T15:13:09.539+00:00 CAN id=101 dlc=8 data=d8cf0400206cfbff
2026-07-07T15:13:09.560+00:00 CAN id=101 dlc=8 data=d8cf0400206cfbff
2026-07-07T15:13:09.579+00:00 CAN id=101 dlc=8 data=d8cf0400206cfbff
2026-07-07T15:13:09.599+00:00 CAN id=101 dlc=8 data=d8cf0400206cfbff
2026-07-07T15:13:09.601+00:00 VCP run=1 step=0 angle=314824 target=315352 err=528 steer=264 m1=-1423/-73967 i1=-298 t1=28 m2=1418/76869 i2=345 t2=27 steerMode=1451/736 iSteer=23311 driveMode=-75418/-73548 iDrive=-321561 scale=0 wheel=-219398
2026-07-07T15:13:09.601+00:00 VCP run=1 step=0 angle=315176 target=315352 err=176 steer=0 m1=-1583/-81743 i1=-325 t1=28 m2=1573/81743 i2=285 t2=27 steerMode=0/140 iSteer=-19642 driveMode=-81743/-81697 iDrive=-304955 scale=0 wheel=-237798
2026-07-07T15:13:09.619+00:00 CAN id=101 dlc=8 data=d8cf0400206cfbff
2026-07-07T15:13:09.639+00:00 CAN id=101 dlc=8 data=d8cf0400206cfbff
2026-07-07T15:13:09.659+00:00 CAN id=101 dlc=8 data=d8cf0400206cfbff
2026-07-07T15:13:09.679+00:00 CAN id=101 dlc=8 data=d8cf0400206cfbff
2026-07-07T15:13:09.699+00:00 CAN id=101 dlc=8 data=d8cf0400206cfbff
2026-07-07T15:13:09.702+00:00 VCP run=1 step=0 angle=315176 target=315352 err=176 steer=0 m1=-1729/-88137 i1=-238 t1=28 m2=1648/88137 i2=372 t2=27 steerMode=0/-1523 iSteer=67015 driveMode=-88137/-88076 iDrive=-304880 scale=0 wheel=-256397
2026-07-07T15:13:09.702+00:00 VCP SET_TARGET_RX steer=315352 wheel=-300000
2026-07-07T15:13:09.719+00:00 CAN id=101 dlc=8 data=d8cf0400206cfbff
2026-07-07T15:13:09.739+00:00 CAN id=101 dlc=8 data=d8cf0400206cfbff
2026-07-07T15:13:09.759+00:00 CAN id=101 dlc=8 data=d8cf0400206cfbff
2026-07-07T15:13:09.779+00:00 CAN id=101 dlc=8 data=d8cf0400206cfbff
2026-07-07T15:13:09.799+00:00 CAN id=101 dlc=8 data=d8cf0400206cfbff
2026-07-07T15:13:09.806+00:00 VCP run=1 step=0 angle=315088 target=315352 err=264 steer=0 m1=-1844/-94531 i1=-285 t1=28 m2=1839/94531 i2=315 t2=27 steerMode=0/-434 iSteer=15052 driveMode=-94531/-94907 iDrive=-300406 scale=0 wheel=-274998
2026-07-07T15:13:09.819+00:00 CAN id=101 dlc=8 data=d8cf0400206cfbff
2026-07-07T15:13:09.839+00:00 CAN id=101 dlc=8 data=d8cf0400206cfbff
2026-07-07T15:13:09.859+00:00 CAN id=101 dlc=8 data=d8cf0400206cfbff
2026-07-07T15:13:09.879+00:00 CAN id=101 dlc=8 data=d8cf0400206cfbff
2026-07-07T15:13:09.899+00:00 CAN id=101 dlc=8 data=d8cf0400206cfbff
2026-07-07T15:13:09.910+00:00 VCP run=1 step=0 angle=314736 target=315352 err=616 steer=250 m1=-1957/-99550 i1=-219 t1=28 m2=1969/102300 i2=364 t2=27 steerMode=1375/-180 iSteer=72187 driveMode=-100925/-102034 iDrive=-291660 scale=0 wheel=-293599
2026-07-07T15:13:09.919+00:00 CAN id=101 dlc=8 data=d8cf0400206cfbff
2026-07-07T15:13:09.940+00:00 CAN id=101 dlc=8 data=d8cf0400206cfbff
2026-07-07T15:13:09.960+00:00 CAN id=101 dlc=8 data=d8cf0400206cfbff
2026-07-07T15:13:09.979+00:00 CAN id=101 dlc=8 data=d8cf0400206cfbff
2026-07-07T15:13:09.999+00:00 CAN id=101 dlc=8 data=d8cf0400206cfbff
2026-07-07T15:13:10.014+00:00 VCP run=1 step=0 angle=315176 target=315352 err=176 steer=0 m1=-2074/-103125 i1=-239 t1=28 m2=2011/103125 i2=269 t2=27 steerMode=0/-391 iSteer=15293 driveMode=-103125/-107579 iDrive=-254034 scale=0 wheel=-300000
2026-07-07T15:13:10.019+00:00 CAN id=101 dlc=8 data=d8cf0400206cfbff
2026-07-07T15:13:10.040+00:00 CAN id=101 dlc=8 data=d8cf0400206cfbff
2026-07-07T15:13:10.060+00:00 CAN id=101 dlc=8 data=d8cf0400206cfbff
2026-07-07T15:13:10.080+00:00 CAN id=101 dlc=8 data=d8cf0400206cfbff
2026-07-07T15:13:10.099+00:00 CAN id=101 dlc=8 data=d8cf0400206cfbff
2026-07-07T15:13:10.119+00:00 CAN id=101 dlc=8 data=d8cf0400206cfbff
2026-07-07T15:13:10.140+00:00 CAN id=101 dlc=8 data=d8cf0400206cfbff
2026-07-07T15:13:10.160+00:00 CAN id=101 dlc=8 data=d8cf0400206cfbff
2026-07-07T15:13:10.162+00:00 VCP run=1 step=0 angle=314561 target=315352 err=791 steer=396 m1=-2078/-100948 i1=-132 t1=28 m2=2124/105302 i2=301 t2=27 steerMode=2177/478 iSteer=84760 driveMode=-103125/-110241 iDrive=-216534 scale=0 wheel=-300000
2026-07-07T15:13:10.162+00:00 VCP run=1 step=0 angle=315352 target=315352 err=0 steer=0 m1=-2122/-103125 i1=-226 t1=28 m2=2107/103125 i2=150 t2=27 steerMode=0/735 iSteer=-37748 driveMode=-103125/-111597 iDrive=-188197 scale=0 wheel=-300000
2026-07-07T15:13:10.180+00:00 CAN id=101 dlc=8 data=d8cf0400206cfbff
2026-07-07T15:13:10.199+00:00 CAN id=101 dlc=8 data=d8cf0400206cfbff
2026-07-07T15:13:10.219+00:00 CAN id=101 dlc=8 data=d8cf0400206cfbff
2026-07-07T15:13:10.240+00:00 CAN id=101 dlc=8 data=d8cf0400206cfbff
2026-07-07T15:13:10.259+00:00 CAN id=101 dlc=8 data=d8cf0400206cfbff
2026-07-07T15:13:10.280+00:00 CAN id=101 dlc=8 data=d8cf0400206cfbff
2026-07-07T15:13:10.299+00:00 CAN id=101 dlc=8 data=d8cf0400206cfbff
2026-07-07T15:13:10.300+00:00 VCP SET_TARGET_RX steer=315352 wheel=-300000
2026-07-07T15:13:10.300+00:00 VCP run=1 step=0 angle=315000 target=315352 err=352 steer=0 m1=-2120/-103125 i1=-128 t1=28 m2=2098/103125 i2=232 t2=27 steerMode=0/-1013 iSteer=52308 driveMode=-103125/-110891 iDrive=-180061 scale=0 wheel=-300000
2026-07-07T15:13:10.319+00:00 CAN id=101 dlc=8 data=d8cf0400206cfbff
2026-07-07T15:13:10.340+00:00 CAN id=101 dlc=8 data=d8cf0400206cfbff
2026-07-07T15:13:10.359+00:00 CAN id=101 dlc=8 data=d8cf0400206cfbff
2026-07-07T15:13:10.379+00:00 CAN id=101 dlc=8 data=d8cf0400206cfbff
2026-07-07T15:13:10.399+00:00 CAN id=101 dlc=8 data=d8cf0400206cfbff
2026-07-07T15:13:10.404+00:00 VCP run=1 step=0 angle=315088 target=315352 err=264 steer=0 m1=-2125/-103125 i1=-147 t1=28 m2=2096/103125 i2=174 t2=27 steerMode=0/-223 iSteer=13638 driveMode=-103125/-111356 iDrive=-160810 scale=0 wheel=-300000
2026-07-07T15:13:10.419+00:00 CAN id=101 dlc=8 data=d8cf0400206cfbff
2026-07-07T15:13:10.439+00:00 CAN id=101 dlc=8 data=d8cf0400206cfbff
2026-07-07T15:13:10.459+00:00 CAN id=101 dlc=8 data=d8cf0400206cfbff
2026-07-07T15:13:10.480+00:00 CAN id=101 dlc=8 data=d8cf0400206cfbff
2026-07-07T15:13:10.499+00:00 CAN id=101 dlc=8 data=d8cf0400206cfbff
2026-07-07T15:13:10.508+00:00 VCP run=1 step=0 angle=315176 target=315352 err=176 steer=0 m1=-2089/-103125 i1=-127 t1=28 m2=2082/103125 i2=182 t2=27 steerMode=0/-471 iSteer=27460 driveMode=-103125/-110474 iDrive=-154863 scale=0 wheel=-300000
2026-07-07T15:13:10.519+00:00 CAN id=101 dlc=8 data=d8cf0400206cfbff
2026-07-07T15:13:10.539+00:00 CAN id=101 dlc=8 data=d8cf0400206cfbff
2026-07-07T15:13:10.560+00:00 CAN id=101 dlc=8 data=d8cf0400206cfbff
2026-07-07T15:13:10.579+00:00 CAN id=101 dlc=8 data=d8cf0400206cfbff
2026-07-07T15:13:10.599+00:00 CAN id=101 dlc=8 data=d8cf0400206cfbff
2026-07-07T15:13:10.612+00:00 VCP run=1 step=0 angle=314912 target=315352 err=440 steer=0 m1=-2028/-103125 i1=-143 t1=28 m2=2008/103125 i2=209 t2=27 steerMode=0/-545 iSteer=33382 driveMode=-103125/-107339 iDrive=-175938 scale=0 wheel=-300000
2026-07-07T15:13:10.619+00:00 CAN id=101 dlc=8 data=d8cf0400206cfbff
2026-07-07T15:13:10.640+00:00 CAN id=101 dlc=8 data=d8cf0400206cfbff
2026-07-07T15:13:10.660+00:00 CAN id=101 dlc=8 data=d8cf0400206cfbff
2026-07-07T15:13:10.680+00:00 CAN id=101 dlc=8 data=d8cf0400206cfbff
2026-07-07T15:13:10.699+00:00 CAN id=101 dlc=8 data=d8cf0400206cfbff
2026-07-07T15:13:10.712+00:00 VCP run=1 step=0 angle=314648 target=315352 err=704 steer=352 m1=-1972/-101190 i1=-174 t1=28 m2=2063/105060 i2=196 t2=27 steerMode=1935/1893 iSteer=11214 driveMode=-103125/-105838 iDrive=-184995 scale=0 wheel=-300000
2026-07-07T15:13:10.712+00:00 VCP SET_TARGET_RX steer=315352 wheel=-300000
2026-07-07T15:13:10.719+00:00 CAN id=101 dlc=8 data=d8cf0400206cfbff
2026-07-07T15:13:10.739+00:00 CAN id=101 dlc=8 data=d8cf0400206cfbff
2026-07-07T15:13:10.759+00:00 CAN id=101 dlc=8 data=d8cf0400206cfbff
2026-07-07T15:13:10.780+00:00 CAN id=101 dlc=8 data=d8cf0400206cfbff
2026-07-07T15:13:10.799+00:00 CAN id=101 dlc=8 data=d8cf0400206cfbff
2026-07-07T15:13:10.820+00:00 CAN id=101 dlc=8 data=d8cf0400206cfbff
2026-07-07T15:13:10.839+00:00 CAN id=101 dlc=8 data=d8cf0400206cfbff
2026-07-07T15:13:10.860+00:00 CAN id=101 dlc=8 data=d8cf0400206cfbff
2026-07-07T15:13:10.880+00:00 CAN id=101 dlc=8 data=d8cf0400206cfbff
2026-07-07T15:13:10.898+00:00 VCP run=1 step=0 angle=315615 target=315352 err=-263 steer=0 m1=-2041/-103125 i1=-140 t1=28 m2=1987/103125 i2=219 t2=27 steerMode=0/-640 iSteer=39640 driveMode=-103125/-105851 iDrive=-179795 scale=0 wheel=-300000
2026-07-07T15:13:10.898+00:00 VCP run=1 step=0 angle=315352 target=315352 err=0 steer=0 m1=-2012/-103125 i1=-147 t1=28 m2=1967/103125 i2=208 t2=27 steerMode=0/-418 iSteer=30708 driveMode=-103125/-105597 iDrive=-177557 scale=0 wheel=-300000
2026-07-07T15:13:10.899+00:00 CAN id=101 dlc=8 data=d8cf0400206cfbff
2026-07-07T15:13:10.919+00:00 CAN id=101 dlc=8 data=d8cf0400206cfbff
2026-07-07T15:13:10.940+00:00 CAN id=101 dlc=8 data=d8cf0400206cfbff
2026-07-07T15:13:10.960+00:00 CAN id=101 dlc=8 data=d8cf0400206cfbff
2026-07-07T15:13:10.979+00:00 CAN id=101 dlc=8 data=d8cf0400206cfbff
2026-07-07T15:13:10.999+00:00 CAN id=101 dlc=8 data=d8cf0400206cfbff
2026-07-07T15:13:11.002+00:00 VCP run=1 step=0 angle=315439 target=315352 err=-87 steer=0 m1=-2026/-103125 i1=-147 t1=28 m2=2015/103125 i2=202 t2=27 steerMode=0/-334 iSteer=27425 driveMode=-103125/-105684 iDrive=-174406 scale=0 wheel=-300000
2026-07-07T15:13:11.019+00:00 CAN id=101 dlc=8 data=d8cf0400206cfbff
2026-07-07T15:13:11.040+00:00 CAN id=101 dlc=8 data=d8cf0400206cfbff
2026-07-07T15:13:11.059+00:00 CAN id=101 dlc=8 data=d8cf0400206cfbff
2026-07-07T15:13:11.080+00:00 CAN id=101 dlc=8 data=d8cf0400206cfbff
2026-07-07T15:13:11.099+00:00 CAN id=101 dlc=8 data=d8cf0400206cfbff
2026-07-07T15:13:11.106+00:00 VCP run=1 step=0 angle=315352 target=315352 err=0 steer=0 m1=-1978/-103125 i1=-140 t1=29 m2=1948/103125 i2=239 t2=27 steerMode=0/-749 iSteer=49550 driveMode=-103125/-104144 iDrive=-189808 scale=0 wheel=-300000
2026-07-07T15:13:11.119+00:00 CAN id=101 dlc=8 data=d8cf0400206cfbff
2026-07-07T15:13:11.140+00:00 CAN id=101 dlc=8 data=d8cf0400206cfbff
2026-07-07T15:13:11.159+00:00 CAN id=101 dlc=8 data=d8cf0400206cfbff
2026-07-07T15:13:11.180+00:00 CAN id=101 dlc=8 data=d8cf0400206cfbff
2026-07-07T15:13:11.199+00:00 CAN id=101 dlc=8 data=d8cf0400206cfbff
2026-07-07T15:13:11.207+00:00 VCP run=1 step=0 angle=315176 target=315352 err=176 steer=0 m1=-1972/-103125 i1=-181 t1=29 m2=1987/103125 i2=209 t2=27 steerMode=0/-16 iSteer=13772 driveMode=-103125/-103637 iDrive=-194881 scale=0 wheel=-300000
2026-07-07T15:13:11.207+00:00 VCP SET_TARGET_RX steer=315352 wheel=-300000
2026-07-07T15:13:11.219+00:00 CAN id=101 dlc=8 data=d8cf0400206cfbff
2026-07-07T15:13:11.239+00:00 CAN id=101 dlc=8 data=d8cf0400206cfbff
2026-07-07T15:13:11.260+00:00 CAN id=101 dlc=8 data=d8cf0400206cfbff
2026-07-07T15:13:11.280+00:00 CAN id=101 dlc=8 data=d8cf0400206cfbff
2026-07-07T15:13:11.299+00:00 CAN id=101 dlc=8 data=d8cf0400206cfbff
2026-07-07T15:13:11.311+00:00 VCP run=1 step=0 angle=315088 target=315352 err=264 steer=0 m1=-1982/-103125 i1=-169 t1=29 m2=1979/103125 i2=215 t2=27 steerMode=0/-199 iSteer=23148 driveMode=-103125/-103960 iDrive=-191653 scale=0 wheel=-300000
2026-07-07T15:13:11.319+00:00 CAN id=101 dlc=8 data=d8cf0400206cfbff
2026-07-07T15:13:11.340+00:00 CAN id=101 dlc=8 data=d8cf0400206cfbff
2026-07-07T15:13:11.359+00:00 CAN id=101 dlc=8 data=d8cf0400206cfbff
2026-07-07T15:13:11.380+00:00 CAN id=101 dlc=8 data=d8cf0400206cfbff
2026-07-07T15:13:11.399+00:00 CAN id=101 dlc=8 data=d8cf0400206cfbff
2026-07-07T15:13:11.415+00:00 VCP run=1 step=0 angle=315264 target=315352 err=88 steer=0 m1=-1991/-103125 i1=-125 t1=29 m2=1941/103125 i2=263 t2=27 steerMode=0/-1077 iSteer=68869 driveMode=-103125/-103758 iDrive=-193669 scale=0 wheel=-300000
2026-07-07T15:13:11.419+00:00 CAN id=101 dlc=8 data=d8cf0400206cfbff
2026-07-07T15:13:11.439+00:00 CAN id=101 dlc=8 data=d8cf0400206cfbff
2026-07-07T15:13:11.460+00:00 CAN id=101 dlc=8 data=d8cf0400206cfbff
2026-07-07T15:13:11.480+00:00 CAN id=101 dlc=8 data=d8cf0400206cfbff
2026-07-07T15:13:11.499+00:00 CAN id=101 dlc=8 data=d8cf0400206cfbff
2026-07-07T15:13:11.519+00:00 CAN id=101 dlc=8 data=d8cf0400206cfbff
2026-07-07T15:13:11.540+00:00 CAN id=101 dlc=8 data=d8cf0400206cfbff
2026-07-07T15:13:11.560+00:00 CAN id=101 dlc=8 data=d8cf0400206cfbff
2026-07-07T15:13:11.580+00:00 CAN id=101 dlc=8 data=d8cf0400206cfbff
2026-07-07T15:13:11.599+00:00 CAN id=101 dlc=8 data=d8cf0400206cfbff
2026-07-07T15:13:11.600+00:00 VCP run=1 step=0 angle=314912 target=315352 err=440 steer=64 m1=-1961/-102774 i1=-215 t1=29 m2=2048/103476 i2=156 t2=27 steerMode=351/1285 iSteer=-29620 driveMode=-103125/-104568 iDrive=-185567 scale=0 wheel=-300000
2026-07-07T15:13:11.600+00:00 VCP run=1 step=0 angle=315088 target=315352 err=264 steer=0 m1=-2037/-103125 i1=-139 t1=29 m2=2011/103125 i2=209 t2=27 steerMode=0/-392 iSteer=35094 driveMode=-103125/-105695 iDrive=-174304 scale=0 wheel=-300000
2026-07-07T15:13:11.619+00:00 CAN id=101 dlc=8 data=d8cf0400206cfbff
2026-07-07T15:13:11.640+00:00 CAN id=101 dlc=8 data=d8cf0400206cfbff
2026-07-07T15:13:11.660+00:00 CAN id=101 dlc=8 data=d8cf0400206cfbff
2026-07-07T15:13:11.680+00:00 CAN id=101 dlc=8 data=d8cf0400206cfbff
2026-07-07T15:13:11.699+00:00 CAN id=101 dlc=8 data=d8cf0400206cfbff
2026-07-07T15:13:11.701+00:00 VCP run=1 step=0 angle=315264 target=315352 err=88 steer=0 m1=-2001/-103125 i1=-126 t1=29 m2=1954/103125 i2=244 t2=27 steerMode=0/-829 iSteer=58749 driveMode=-103125/-104636 iDrive=-184889 scale=0 wheel=-300000
2026-07-07T15:13:11.701+00:00 VCP SET_TARGET_RX steer=315352 wheel=-300000
2026-07-07T15:13:11.719+00:00 CAN id=101 dlc=8 data=d8cf0400206cfbff
2026-07-07T15:13:11.740+00:00 CAN id=101 dlc=8 data=d8cf0400206cfbff
2026-07-07T15:13:11.760+00:00 CAN id=101 dlc=8 data=d8cf0400206cfbff
2026-07-07T15:13:11.780+00:00 CAN id=101 dlc=8 data=d8cf0400206cfbff
2026-07-07T15:13:11.799+00:00 CAN id=101 dlc=8 data=d8cf0400206cfbff
2026-07-07T15:13:11.805+00:00 VCP run=1 step=0 angle=315176 target=315352 err=176 steer=0 m1=-1980/-103125 i1=-169 t1=29 m2=1952/103125 i2=213 t2=27 steerMode=0/-85 iSteer=21990 driveMode=-103125/-104017 iDrive=-191077 scale=0 wheel=-300000
2026-07-07T15:13:11.820+00:00 CAN id=101 dlc=8 data=d8cf0400206cfbff
2026-07-07T15:13:11.840+00:00 CAN id=101 dlc=8 data=d8cf0400206cfbff
2026-07-07T15:13:11.860+00:00 CAN id=101 dlc=8 data=d8cf0400206cfbff
2026-07-07T15:13:11.880+00:00 CAN id=101 dlc=8 data=d8cf0400206cfbff
2026-07-07T15:13:11.899+00:00 CAN id=101 dlc=8 data=d8cf0400206cfbff
2026-07-07T15:13:11.909+00:00 VCP run=1 step=0 angle=315176 target=315352 err=176 steer=0 m1=-1974/-103125 i1=-173 t1=29 m2=1964/103125 i2=207 t2=27 steerMode=0/31 iSteer=16958 driveMode=-103125/-104096 iDrive=-190286 scale=0 wheel=-300000
2026-07-07T15:13:11.919+00:00 CAN id=101 dlc=8 data=d8cf0400206cfbff
2026-07-07T15:13:11.939+00:00 CAN id=101 dlc=8 data=d8cf0400206cfbff
2026-07-07T15:13:11.959+00:00 CAN id=101 dlc=8 data=d8cf0400206cfbff
2026-07-07T15:13:11.980+00:00 CAN id=101 dlc=8 data=d8cf0400206cfbff
2026-07-07T15:13:11.999+00:00 CAN id=101 dlc=8 data=d8cf0400206cfbff
2026-07-07T15:13:12.013+00:00 VCP run=1 step=0 angle=315264 target=315352 err=88 steer=0 m1=-2001/-103125 i1=-155 t1=29 m2=1990/103125 i2=213 t2=27 steerMode=0/-192 iSteer=28731 driveMode=-103125/-104729 iDrive=-183964 scale=0 wheel=-300000
2026-07-07T15:13:12.019+00:00 CAN id=101 dlc=8 data=d8cf0400206cfbff
2026-07-07T15:13:12.040+00:00 CAN id=101 dlc=8 data=d8cf0400206cfbff
2026-07-07T15:13:12.059+00:00 CAN id=101 dlc=8 data=d8cf0400206cfbff
2026-07-07T15:13:12.080+00:00 CAN id=101 dlc=8 data=d8cf0400206cfbff
2026-07-07T15:13:12.099+00:00 CAN id=101 dlc=8 data=d8cf0400206cfbff
2026-07-07T15:13:12.119+00:00 CAN id=101 dlc=8 data=d8cf0400206cfbff
2026-07-07T15:13:12.140+00:00 CAN id=101 dlc=8 data=d8cf0400206cfbff
2026-07-07T15:13:12.160+00:00 CAN id=101 dlc=8 data=d8cf0400206cfbff
2026-07-07T15:13:12.163+00:00 VCP run=1 step=0 angle=315352 target=315352 err=0 steer=0 m1=-2005/-103125 i1=-151 t1=29 m2=2006/103125 i2=205 t2=27 steerMode=0/-154 iSteer=27091 driveMode=-103125/-105310 iDrive=-178151 scale=0 wheel=-300000
2026-07-07T15:13:12.163+00:00 VCP run=1 step=0 angle=315439 target=315352 err=-87 steer=0 m1=-2007/-103125 i1=-143 t1=29 m2=1981/103125 i2=208 t2=27 steerMode=0/-253 iSteer=32674 driveMode=-103125/-105590 iDrive=-175346 scale=0 wheel=-300000
2026-07-07T15:13:12.180+00:00 CAN id=101 dlc=8 data=d8cf0400206cfbff
2026-07-07T15:13:12.199+00:00 CAN id=101 dlc=8 data=d8cf0400206cfbff
2026-07-07T15:13:12.219+00:00 CAN id=101 dlc=8 data=d8cf0400206cfbff
2026-07-07T15:13:12.239+00:00 CAN id=101 dlc=8 data=d8cf0400206cfbff
2026-07-07T15:13:12.260+00:00 CAN id=101 dlc=8 data=d8cf0400206cfbff
2026-07-07T15:13:12.280+00:00 CAN id=101 dlc=8 data=d8cf0400206cfbff
2026-07-07T15:13:12.299+00:00 CAN id=101 dlc=8 data=d8cf0400206cfbff
2026-07-07T15:13:12.300+00:00 VCP SET_TARGET_RX steer=315352 wheel=-300000
2026-07-07T15:13:12.300+00:00 VCP run=1 step=0 angle=315264 target=315352 err=88 steer=0 m1=-1961/-103125 i1=-158 t1=29 m2=1948/103125 i2=228 t2=27 steerMode=0/-265 iSteer=34727 driveMode=-103125/-103824 iDrive=-193008 scale=0 wheel=-300000
2026-07-07T15:13:12.319+00:00 CAN id=101 dlc=8 data=d8cf0400206cfbff
2026-07-07T15:13:12.340+00:00 CAN id=101 dlc=8 data=d8cf0400206cfbff
2026-07-07T15:13:12.359+00:00 CAN id=101 dlc=8 data=d8cf0400206cfbff
2026-07-07T15:13:12.379+00:00 CAN id=101 dlc=8 data=d8cf0400206cfbff
2026-07-07T15:13:12.399+00:00 CAN id=101 dlc=8 data=d8cf0400206cfbff
2026-07-07T15:13:12.404+00:00 VCP run=1 step=0 angle=315176 target=315352 err=176 steer=0 m1=-1991/-103125 i1=-177 t1=29 m2=1979/103125 i2=198 t2=27 steerMode=0/217 iSteer=10123 driveMode=-103125/-104372 iDrive=-187526 scale=0 wheel=-300000
2026-07-07T15:13:12.419+00:00 CAN id=101 dlc=8 data=d8cf0400206cfbff
2026-07-07T15:13:12.439+00:00 CAN id=101 dlc=8 data=d8cf0400206cfbff
2026-07-07T15:13:12.460+00:00 CAN id=101 dlc=8 data=d8cf0400206cfbff
2026-07-07T15:13:12.480+00:00 CAN id=101 dlc=8 data=d8cf0400206cfbff
2026-07-07T15:13:12.499+00:00 CAN id=101 dlc=8 data=d8cf0400206cfbff
2026-07-07T15:13:12.508+00:00 VCP run=1 step=0 angle=315352 target=315352 err=0 steer=0 m1=-1997/-103125 i1=-137 t1=29 m2=1981/103125 i2=232 t2=27 steerMode=0/-528 iSteer=47369 driveMode=-103125/-104702 iDrive=-184226 scale=0 wheel=-300000
2026-07-07T15:13:12.519+00:00 CAN id=101 dlc=8 data=d8cf0400206cfbff
2026-07-07T15:13:12.539+00:00 CAN id=101 dlc=8 data=d8cf0400206cfbff
2026-07-07T15:13:12.560+00:00 CAN id=101 dlc=8 data=d8cf0400206cfbff
2026-07-07T15:13:12.580+00:00 CAN id=101 dlc=8 data=d8cf0400206cfbff
2026-07-07T15:13:12.599+00:00 BENCH step t=51.000s -> steer=315352mdeg wheel=0milli-rpm
2026-07-07T15:13:12.600+00:00 CAN id=101 dlc=8 data=d8cf040000000000
2026-07-07T15:13:12.613+00:00 VCP run=1 step=0 angle=315352 target=315352 err=0 steer=0 m1=-1991/-103125 i1=-148 t1=29 m2=1950/103125 i2=225 t2=27 steerMode=0/-317 iSteer=38162 driveMode=-103125/-104465 iDrive=-186601 scale=0 wheel=-300000
2026-07-07T15:13:12.619+00:00 CAN id=101 dlc=8 data=d8cf040000000000
2026-07-07T15:13:12.639+00:00 CAN id=101 dlc=8 data=d8cf040000000000
2026-07-07T15:13:12.660+00:00 CAN id=101 dlc=8 data=d8cf040000000000
2026-07-07T15:13:12.680+00:00 CAN id=101 dlc=8 data=d8cf040000000000
2026-07-07T15:13:12.699+00:00 CAN id=101 dlc=8 data=d8cf040000000000
2026-07-07T15:13:12.714+00:00 VCP run=1 step=0 angle=315352 target=315352 err=0 steer=0 m1=-1999/-103125 i1=-175 t1=29 m2=2019/103125 i2=178 t2=27 steerMode=0/406 iSteer=1768 driveMode=-103125/-105467 iDrive=-176576 scale=0 wheel=-300000
2026-07-07T15:13:12.714+00:00 VCP SET_TARGET_RX steer=315352 wheel=0
2026-07-07T15:13:12.719+00:00 CAN id=101 dlc=8 data=d8cf040000000000
2026-07-07T15:13:12.740+00:00 CAN id=101 dlc=8 data=d8cf040000000000
2026-07-07T15:13:12.759+00:00 CAN id=101 dlc=8 data=d8cf040000000000
2026-07-07T15:13:12.780+00:00 CAN id=101 dlc=8 data=d8cf040000000000
2026-07-07T15:13:12.799+00:00 CAN id=101 dlc=8 data=d8cf040000000000
2026-07-07T15:13:12.819+00:00 CAN id=101 dlc=8 data=d8cf040000000000
2026-07-07T15:13:12.839+00:00 CAN id=101 dlc=8 data=d8cf040000000000
2026-07-07T15:13:12.860+00:00 CAN id=101 dlc=8 data=d8cf040000000000
2026-07-07T15:13:12.879+00:00 CAN id=101 dlc=8 data=d8cf040000000000
2026-07-07T15:13:12.899+00:00 CAN id=101 dlc=8 data=d8cf040000000000
2026-07-07T15:13:12.900+00:00 VCP run=1 step=0 angle=315703 target=315352 err=-351 steer=0 m1=-1991/-96731 i1=-79 t1=29 m2=1979/96731 i2=161 t2=27 steerMode=0/-380 iSteer=41006 driveMode=-96731/-104696 iDrive=-120350 scale=0 wheel=-281399
2026-07-07T15:13:12.900+00:00 VCP run=1 step=0 angle=315439 target=315352 err=-87 steer=0 m1=-1867/-90337 i1=-76 t1=29 m2=1841/90337 i2=152 t2=27 steerMode=0/-299 iSteer=38393 driveMode=-90337/-98946 iDrive=-113911 scale=0 wheel=-262798
2026-07-07T15:13:12.919+00:00 CAN id=101 dlc=8 data=d8cf040000000000
2026-07-07T15:13:12.939+00:00 CAN id=101 dlc=8 data=d8cf040000000000
2026-07-07T15:13:12.960+00:00 CAN id=101 dlc=8 data=d8cf040000000000
2026-07-07T15:13:12.980+00:00 CAN id=101 dlc=8 data=d8cf040000000000
2026-07-07T15:13:12.999+00:00 CAN id=101 dlc=8 data=d8cf040000000000
2026-07-07T15:13:13.005+00:00 VCP run=1 step=0 angle=315352 target=315352 err=0 steer=0 m1=-1754/-83943 i1=-87 t1=29 m2=1755/83943 i2=117 t2=27 steerMode=0/170 iSteer=15031 driveMode=-83943/-93780 iDrive=-101632 scale=0 wheel=-244198
2026-07-07T15:13:13.019+00:00 CAN id=101 dlc=8 data=d8cf040000000000
2026-07-07T15:13:13.040+00:00 CAN id=101 dlc=8 data=d8cf040000000000
2026-07-07T15:13:13.060+00:00 CAN id=101 dlc=8 data=d8cf040000000000
2026-07-07T15:13:13.080+00:00 CAN id=101 dlc=8 data=d8cf040000000000
2026-07-07T15:13:13.099+00:00 CAN id=101 dlc=8 data=d8cf040000000000
2026-07-07T15:13:13.110+00:00 VCP run=1 step=0 angle=315264 target=315352 err=88 steer=0 m1=-1679/-77549 i1=-58 t1=29 m2=1648/77549 i2=125 t2=27 steerMode=0/-201 iSteer=33573 driveMode=-77549/-88389 iDrive=-91605 scale=0 wheel=-225598
2026-07-07T15:13:13.119+00:00 CAN id=101 dlc=8 data=d8cf040000000000
2026-07-07T15:13:13.140+00:00 CAN id=101 dlc=8 data=d8cf040000000000
2026-07-07T15:13:13.160+00:00 CAN id=101 dlc=8 data=d8cf040000000000
2026-07-07T15:13:13.180+00:00 CAN id=101 dlc=8 data=d8cf040000000000
2026-07-07T15:13:13.199+00:00 CAN id=101 dlc=8 data=d8cf040000000000
2026-07-07T15:13:13.211+00:00 VCP run=1 step=0 angle=315352 target=315352 err=0 steer=0 m1=-1566/-71156 i1=-48 t1=29 m2=1563/71156 i2=112 t2=27 steerMode=0/-160 iSteer=32223 driveMode=-71156/-83139 iDrive=-80170 scale=0 wheel=-206998
2026-07-07T15:13:13.211+00:00 VCP SET_TARGET_RX steer=315352 wheel=0
2026-07-07T15:13:13.219+00:00 CAN id=101 dlc=8 data=d8cf040000000000
2026-07-07T15:13:13.240+00:00 CAN id=101 dlc=8 data=d8cf040000000000
2026-07-07T15:13:13.259+00:00 CAN id=101 dlc=8 data=d8cf040000000000
2026-07-07T15:13:13.280+00:00 CAN id=101 dlc=8 data=d8cf040000000000
2026-07-07T15:13:13.299+00:00 CAN id=101 dlc=8 data=d8cf040000000000
2026-07-07T15:13:13.319+00:00 CAN id=101 dlc=8 data=d8cf040000000000
2026-07-07T15:13:13.340+00:00 CAN id=101 dlc=8 data=d8cf040000000000
2026-07-07T15:13:13.359+00:00 CAN id=101 dlc=8 data=d8cf040000000000
2026-07-07T15:13:13.380+00:00 CAN id=101 dlc=8 data=d8cf040000000000
2026-07-07T15:13:13.399+00:00 VCP run=1 step=0 angle=315439 target=315352 err=-87 steer=0 m1=-1474/-64762 i1=-51 t1=29 m2=1452/64762 i2=90 t2=27 steerMode=0/85 iSteer=19565 driveMode=-64762/-77753 iDrive=-70094 scale=0 wheel=-188399
2026-07-07T15:13:13.399+00:00 VCP run=1 step=0 angle=315527 target=315352 err=-175 steer=0 m1=-1331/-58368 i1=-44 t1=29 m2=1330/58368 i2=87 t2=27 steerMode=0/45 iSteer=21089 driveMode=-58368/-71822 iDrive=-65460 scale=0 wheel=-169799
2026-07-07T15:13:13.399+00:00 CAN id=101 dlc=8 data=d8cf040000000000
2026-07-07T15:13:13.419+00:00 CAN id=101 dlc=8 data=d8cf040000000000
2026-07-07T15:13:13.439+00:00 CAN id=101 dlc=8 data=d8cf040000000000
2026-07-07T15:13:13.460+00:00 CAN id=101 dlc=8 data=d8cf040000000000
2026-07-07T15:13:13.480+00:00 CAN id=101 dlc=8 data=d8cf040000000000
2026-07-07T15:13:13.499+00:00 CAN id=101 dlc=8 data=d8cf040000000000
2026-07-07T15:13:13.503+00:00 VCP run=1 step=0 angle=315967 target=315352 err=-615 steer=-307 m1=-1204/-53665 i1=-99 t1=29 m2=1140/50284 i2=51 t2=27 steerMode=-1691/-741 iSteer=-24439 driveMode=-51975/-64479 iDrive=-74954 scale=0 wheel=-151199
2026-07-07T15:13:13.519+00:00 CAN id=101 dlc=8 data=d8cf040000000000
2026-07-07T15:13:13.540+00:00 CAN id=101 dlc=8 data=d8cf040000000000
2026-07-07T15:13:13.560+00:00 CAN id=101 dlc=8 data=d8cf040000000000
2026-07-07T15:13:13.580+00:00 CAN id=101 dlc=8 data=d8cf040000000000
2026-07-07T15:13:13.599+00:00 CAN id=101 dlc=8 data=d8cf040000000000
2026-07-07T15:13:13.607+00:00 VCP run=1 step=0 angle=315176 target=315352 err=176 steer=0 m1=-1018/-45650 i1=-64 t1=29 m2=1014/45650 i2=133 t2=27 steerMode=0/-166 iSteer=34334 driveMode=-45650/-55789 iDrive=-98603 scale=0 wheel=-132799
2026-07-07T15:13:13.619+00:00 CAN id=101 dlc=8 data=d8cf040000000000
2026-07-07T15:13:13.639+00:00 CAN id=101 dlc=8 data=d8cf040000000000
2026-07-07T15:13:13.660+00:00 CAN id=101 dlc=8 data=d8cf040000000000
2026-07-07T15:13:13.680+00:00 CAN id=101 dlc=8 data=d8cf040000000000
2026-07-07T15:13:13.699+00:00 CAN id=101 dlc=8 data=d8cf040000000000
2026-07-07T15:13:13.709+00:00 VCP run=1 step=0 angle=315264 target=315352 err=88 steer=0 m1=-925/-39256 i1=-90 t1=29 m2=893/39256 i2=106 t2=27 steerMode=0/348 iSteer=8028 driveMode=-39256/-49467 iDrive=-97893 scale=0 wheel=-114200
2026-07-07T15:13:13.709+00:00 VCP SET_TARGET_RX steer=315352 wheel=0
2026-07-07T15:13:13.719+00:00 CAN id=101 dlc=8 data=d8cf040000000000
2026-07-07T15:13:13.740+00:00 CAN id=101 dlc=8 data=d8cf040000000000
2026-07-07T15:13:13.760+00:00 CAN id=101 dlc=8 data=d8cf040000000000
2026-07-07T15:13:13.780+00:00 CAN id=101 dlc=8 data=d8cf040000000000
2026-07-07T15:13:13.799+00:00 CAN id=101 dlc=8 data=d8cf040000000000
2026-07-07T15:13:13.819+00:00 CAN id=101 dlc=8 data=d8cf040000000000
2026-07-07T15:13:13.840+00:00 CAN id=101 dlc=8 data=d8cf040000000000
2026-07-07T15:13:13.859+00:00 CAN id=101 dlc=8 data=d8cf040000000000
2026-07-07T15:13:13.880+00:00 CAN id=101 dlc=8 data=d8cf040000000000
2026-07-07T15:13:13.897+00:00 VCP run=1 step=0 angle=315176 target=315352 err=176 steer=0 m1=-817/-32862 i1=-96 t1=29 m2=855/32862 i2=69 t2=27 steerMode=0/745 iSteer=-13371 driveMode=-32862/-44623 iDrive=-82400 scale=0 wheel=-95600
2026-07-07T15:13:13.897+00:00 VCP run=1 step=0 angle=315352 target=315352 err=0 steer=0 m1=-720/-26469 i1=-51 t1=29 m2=669/26469 i2=98 t2=27 steerMode=0/6 iSteer=23241 driveMode=-26469/-39018 iDrive=-74508 scale=0 wheel=-77000
2026-07-07T15:13:13.899+00:00 CAN id=101 dlc=8 data=d8cf040000000000
2026-07-07T15:13:13.919+00:00 CAN id=101 dlc=8 data=d8cf040000000000
2026-07-07T15:13:13.940+00:00 CAN id=101 dlc=8 data=d8cf040000000000
2026-07-07T15:13:13.960+00:00 CAN id=101 dlc=8 data=d8cf040000000000
2026-07-07T15:13:13.980+00:00 CAN id=101 dlc=8 data=d8cf040000000000
2026-07-07T15:13:13.999+00:00 CAN id=101 dlc=8 data=d8cf040000000000
2026-07-07T15:13:14.002+00:00 VCP run=1 step=0 angle=315352 target=315352 err=0 steer=0 m1=-605/-20006 i1=-35 t1=29 m2=631/20006 i2=101 t2=27 steerMode=0/-182 iSteer=32609 driveMode=-20006/-33200 iDrive=-68066 scale=0 wheel=-58200
2026-07-07T15:13:14.019+00:00 CAN id=101 dlc=8 data=d8cf040000000000
2026-07-07T15:13:14.040+00:00 CAN id=101 dlc=8 data=d8cf040000000000
2026-07-07T15:13:14.060+00:00 CAN id=101 dlc=8 data=d8cf040000000000
2026-07-07T15:13:14.080+00:00 CAN id=101 dlc=8 data=d8cf040000000000
2026-07-07T15:13:14.099+00:00 CAN id=101 dlc=8 data=d8cf040000000000
2026-07-07T15:13:14.107+00:00 VCP run=1 step=0 angle=315439 target=315352 err=-87 steer=0 m1=-486/-13613 i1=-38 t1=29 m2=508/13613 i2=102 t2=27 steerMode=0/-161 iSteer=32239 driveMode=-13613/-26588 iDrive=-70244 scale=0 wheel=-39600
2026-07-07T15:13:14.119+00:00 CAN id=101 dlc=8 data=d8cf040000000000
2026-07-07T15:13:14.140+00:00 CAN id=101 dlc=8 data=d8cf040000000000
2026-07-07T15:13:14.160+00:00 CAN id=101 dlc=8 data=d8cf040000000000
2026-07-07T15:13:14.180+00:00 CAN id=101 dlc=8 data=d8cf040000000000
2026-07-07T15:13:14.199+00:00 CAN id=101 dlc=8 data=d8cf040000000000
2026-07-07T15:13:14.209+00:00 VCP run=1 step=0 angle=315527 target=315352 err=-175 steer=0 m1=-367/-7219 i1=-30 t1=29 m2=326/7219 i2=119 t2=27 steerMode=0/-400 iSteer=44683 driveMode=-7219/-19789 iDrive=-74301 scale=0 wheel=-21000
2026-07-07T15:13:14.209+00:00 VCP SET_TARGET_RX steer=315352 wheel=0
2026-07-07T15:13:14.220+00:00 CAN id=101 dlc=8 data=d8cf040000000000
2026-07-07T15:13:14.240+00:00 CAN id=101 dlc=8 data=d8cf040000000000
2026-07-07T15:13:14.260+00:00 CAN id=101 dlc=8 data=d8cf040000000000
2026-07-07T15:13:14.280+00:00 CAN id=101 dlc=8 data=d8cf040000000000
2026-07-07T15:13:14.299+00:00 CAN id=101 dlc=8 data=d8cf040000000000
2026-07-07T15:13:14.319+00:00 CAN id=101 dlc=8 data=d8cf040000000000
2026-07-07T15:13:14.340+00:00 CAN id=101 dlc=8 data=d8cf040000000000
2026-07-07T15:13:14.360+00:00 CAN id=101 dlc=8 data=d8cf040000000000
2026-07-07T15:13:14.379+00:00 CAN id=101 dlc=8 data=d8cf040000000000
2026-07-07T15:13:14.399+00:00 VCP run=1 step=0 angle=315615 target=315352 err=-263 steer=0 m1=-220/-825 i1=-23 t1=29 m2=253/825 i2=130 t2=27 steerMode=0/-556 iSteer=53461 driveMode=-825/-13161 iDrive=-76640 scale=0 wheel=-2400
2026-07-07T15:13:14.399+00:00 VCP run=1 step=0 angle=315615 target=315352 err=-263 steer=0 m1=-132/0 i1=-82 t1=29 m2=98/0 i2=116 t2=27 steerMode=0/159 iSteer=17353 driveMode=0/-8407 iDrive=-99014 scale=0 wheel=0
2026-07-07T15:13:14.399+00:00 CAN id=101 dlc=8 data=d8cf040000000000
2026-07-07T15:13:14.419+00:00 CAN id=101 dlc=8 data=d8cf040000000000
2026-07-07T15:13:14.440+00:00 CAN id=101 dlc=8 data=d8cf040000000000
2026-07-07T15:13:14.460+00:00 CAN id=101 dlc=8 data=d8cf040000000000
2026-07-07T15:13:14.479+00:00 CAN id=101 dlc=8 data=d8cf040000000000
2026-07-07T15:13:14.499+00:00 CAN id=101 dlc=8 data=d8cf040000000000
2026-07-07T15:13:14.505+00:00 VCP run=1 step=0 angle=315352 target=315352 err=0 steer=0 m1=23/0 i1=-130 t1=29 m2=-13/0 i2=204 t2=27 steerMode=0/-171 iSteer=36888 driveMode=0/-759 iDrive=-167166 scale=0 wheel=0
2026-07-07T15:13:14.519+00:00 CAN id=101 dlc=8 data=d8cf040000000000
2026-07-07T15:13:14.540+00:00 CAN id=101 dlc=8 data=d8cf040000000000
2026-07-07T15:13:14.560+00:00 CAN id=101 dlc=8 data=d8cf040000000000
2026-07-07T15:13:14.580+00:00 CAN id=101 dlc=8 data=d8cf040000000000
2026-07-07T15:13:14.599+00:00 BENCH disable sent
2026-07-07T15:13:14.599+00:00 CAN id=121 dlc=2 data=0100
2026-07-07T15:13:14.600+00:00 CAN id=121 dlc=2 data=0100
2026-07-07T15:13:14.613+00:00 VCP run=1 step=0 angle=315352 target=315352 err=0 steer=0 m1=0/0 i1=-146 t1=29 m2=0/0 i2=203 t2=27 steerMode=0/-7 iSteer=28706 driveMode=0/-8 iDrive=-174597 scale=0 wheel=0
2026-07-07T15:13:14.613+00:00 VCP run=1 step=0 angle=315352 target=315352 err=0 steer=0 m1=0/0 i1=-146 t1=29 m2=0/0 i2=203 t2=27 steerMode=0/-2 iSteer=28476 driveMode=0/-2 iDrive=-174627 scale=0 wheel=0
2026-07-07T15:13:14.613+00:00 VCP UNIT_CTRL enable=0
2026-07-07T15:13:14.813+00:00 VCP UNIT_CTRL enable=0
2026-07-07T15:13:14.813+00:00 VCP STOP: disabled
2026-07-07T15:13:15.015+00:00 BENCH log closed
