2026-07-07T15:42:46.523+00:00 BENCH log opened: firmware/logs/rot30-noff-w0.log
2026-07-07T15:42:46.524+00:00 BENCH profile: csv=firmware/logs/rot30-noff-w0.csv rows=603 rate=50.0Hz total_duration=13.5s
2026-07-07T15:42:46.524+00:00 BENCH enable sent
2026-07-07T15:42:46.524+00:00 BENCH step t=0.000s -> steer=315352mdeg wheel=0milli-rpm
2026-07-07T15:42:46.524+00:00 CAN id=121 dlc=2 data=0101
2026-07-07T15:42:46.524+00:00 CAN id=101 dlc=8 data=d8cf040000000000
2026-07-07T15:42:46.544+00:00 BENCH step t=0.020s -> steer=315952mdeg wheel=0milli-rpm
2026-07-07T15:42:46.544+00:00 CAN id=101 dlc=8 data=30d2040000000000
2026-07-07T15:42:46.548+00:00 VCP ET_TARGET_RX steer=315352 wheel=0
2026-07-07T15:42:46.548+00:00 VCP START_CAN: angle=4307 target=315352 wheelTarget=0
2026-07-07T15:42:46.564+00:00 BENCH step t=0.040s -> steer=316552mdeg wheel=0milli-rpm
2026-07-07T15:42:46.564+00:00 CAN id=101 dlc=8 data=88d4040000000000
2026-07-07T15:42:46.584+00:00 BENCH step t=0.060s -> steer=317152mdeg wheel=0milli-rpm
2026-07-07T15:42:46.584+00:00 CAN id=101 dlc=8 data=e0d6040000000000
2026-07-07T15:42:46.604+00:00 BENCH step t=0.080s -> steer=317752mdeg wheel=0milli-rpm
2026-07-07T15:42:46.604+00:00 CAN id=101 dlc=8 data=38d9040000000000
2026-07-07T15:42:46.624+00:00 BENCH step t=0.100s -> steer=318352mdeg wheel=0milli-rpm
2026-07-07T15:42:46.624+00:00 CAN id=101 dlc=8 data=90db040000000000
2026-07-07T15:42:46.644+00:00 BENCH step t=0.120s -> steer=318952mdeg wheel=0milli-rpm
2026-07-07T15:42:46.644+00:00 CAN id=101 dlc=8 data=e8dd040000000000
2026-07-07T15:42:46.664+00:00 BENCH step t=0.140s -> steer=319552mdeg wheel=0milli-rpm
2026-07-07T15:42:46.664+00:00 CAN id=101 dlc=8 data=40e0040000000000
2026-07-07T15:42:46.684+00:00 BENCH step t=0.160s -> steer=320152mdeg wheel=0milli-rpm
2026-07-07T15:42:46.684+00:00 CAN id=101 dlc=8 data=98e2040000000000
2026-07-07T15:42:46.704+00:00 BENCH step t=0.180s -> steer=320752mdeg wheel=0milli-rpm
2026-07-07T15:42:46.704+00:00 CAN id=101 dlc=8 data=f0e4040000000000
2026-07-07T15:42:46.724+00:00 BENCH step t=0.200s -> steer=321352mdeg wheel=0milli-rpm
2026-07-07T15:42:46.724+00:00 CAN id=101 dlc=8 data=48e7040000000000
2026-07-07T15:42:46.730+00:00 VCP run=1 step=0 angle=4307 target=315352 err=-48955 steer=-750 m1=0/-4125 i1=-207 t1=29 m2=0/-4125 i2=-207 t2=28 steerMode=-4125/0 iSteer=-206869 driveMode=0/0 iDrive=0 scale=0 wheel=0 ffS=0
2026-07-07T15:42:46.730+00:00 VCP run=1 step=0 angle=358066 target=318352 err=-39714 steer=-10000 m1=-1030/-55000 i1=-939 t1=29 m2=-1020/-55000 i2=-895 t2=28 steerMode=-55000/-38137 iSteer=-917099 driveMode=0/698 iDrive=-21669 scale=0 wheel=0 ffS=0
2026-07-07T15:42:46.744+00:00 BENCH step t=0.220s -> steer=321952mdeg wheel=0milli-rpm
2026-07-07T15:42:46.744+00:00 CAN id=101 dlc=8 data=a0e9040000000000
2026-07-07T15:42:46.764+00:00 BENCH step t=0.240s -> steer=322552mdeg wheel=0milli-rpm
2026-07-07T15:42:46.764+00:00 CAN id=101 dlc=8 data=f8eb040000000000
2026-07-07T15:42:46.784+00:00 BENCH step t=0.260s -> steer=323152mdeg wheel=0milli-rpm
2026-07-07T15:42:46.784+00:00 CAN id=101 dlc=8 data=50ee040000000000
2026-07-07T15:42:46.804+00:00 BENCH step t=0.280s -> steer=323752mdeg wheel=0milli-rpm
2026-07-07T15:42:46.804+00:00 CAN id=101 dlc=8 data=a8f0040000000000
2026-07-07T15:42:46.824+00:00 BENCH step t=0.300s -> steer=324352mdeg wheel=0milli-rpm
2026-07-07T15:42:46.824+00:00 CAN id=101 dlc=8 data=00f3040000000000
2026-07-07T15:42:46.834+00:00 VCP run=1 step=0 angle=331523 target=321352 err=-10171 steer=-5225 m1=-881/-28738 i1=1227 t1=29 m2=-886/-28738 i2=1205 t2=28 steerMode=-28738/-54205 iSteer=1216140 driveMode=0/-373 iDrive=10950 scale=0 wheel=0 ffS=0
2026-07-07T15:42:46.844+00:00 BENCH step t=0.320s -> steer=324952mdeg wheel=0milli-rpm
2026-07-07T15:42:46.844+00:00 CAN id=101 dlc=8 data=58f5040000000000
2026-07-07T15:42:46.864+00:00 BENCH step t=0.340s -> steer=325552mdeg wheel=0milli-rpm
2026-07-07T15:42:46.864+00:00 CAN id=101 dlc=8 data=b0f7040000000000
2026-07-07T15:42:46.884+00:00 BENCH step t=0.360s -> steer=326152mdeg wheel=0milli-rpm
2026-07-07T15:42:46.884+00:00 CAN id=101 dlc=8 data=08fa040000000000
2026-07-07T15:42:46.904+00:00 BENCH step t=0.380s -> steer=326752mdeg wheel=0milli-rpm
2026-07-07T15:42:46.904+00:00 CAN id=101 dlc=8 data=60fc040000000000
2026-07-07T15:42:46.924+00:00 BENCH step t=0.400s -> steer=327352mdeg wheel=0milli-rpm
2026-07-07T15:42:46.924+00:00 CAN id=101 dlc=8 data=b8fe040000000000
2026-07-07T15:42:46.938+00:00 VCP run=1 step=0 angle=326162 target=324352 err=-1810 steer=-905 m1=-36/-4978 i1=-182 t1=29 m2=-32/-4978 i2=-223 t2=28 steerMode=-4978/-1474 iSteer=-202441 driveMode=0/-649 iDrive=20809 scale=0 wheel=0 ffS=0
2026-07-07T15:42:46.944+00:00 BENCH step t=0.420s -> steer=327952mdeg wheel=0milli-rpm
2026-07-07T15:42:46.944+00:00 CAN id=101 dlc=8 data=1001050000000000
2026-07-07T15:42:46.964+00:00 BENCH step t=0.440s -> steer=328552mdeg wheel=0milli-rpm
2026-07-07T15:42:46.964+00:00 CAN id=101 dlc=8 data=6803050000000000
2026-07-07T15:42:46.984+00:00 BENCH step t=0.460s -> steer=329152mdeg wheel=0milli-rpm
2026-07-07T15:42:46.984+00:00 CAN id=101 dlc=8 data=c005050000000000
2026-07-07T15:42:47.004+00:00 BENCH step t=0.480s -> steer=329752mdeg wheel=0milli-rpm
2026-07-07T15:42:47.004+00:00 CAN id=101 dlc=8 data=1808050000000000
2026-07-07T15:42:47.024+00:00 BENCH step t=0.500s -> steer=330352mdeg wheel=0milli-rpm
2026-07-07T15:42:47.024+00:00 CAN id=101 dlc=8 data=700a050000000000
2026-07-07T15:42:47.041+00:00 VCP run=1 step=0 angle=326162 target=327352 err=1190 steer=595 m1=10/3272 i1=130 t1=29 m2=6/3272 i2=128 t2=28 steerMode=3272/117 iSteer=129476 driveMode=0/14 iDrive=1007 scale=0 wheel=0 ffS=0
2026-07-07T15:42:47.041+00:00 VCP SET_TARGET_RX steer=330352 wheel=0
2026-07-07T15:42:47.044+00:00 BENCH step t=0.520s -> steer=330952mdeg wheel=0milli-rpm
2026-07-07T15:42:47.044+00:00 CAN id=101 dlc=8 data=c80c050000000000
2026-07-07T15:42:47.064+00:00 BENCH step t=0.540s -> steer=331552mdeg wheel=0milli-rpm
2026-07-07T15:42:47.064+00:00 CAN id=101 dlc=8 data=200f050000000000
2026-07-07T15:42:47.084+00:00 BENCH step t=0.560s -> steer=332152mdeg wheel=0milli-rpm
2026-07-07T15:42:47.084+00:00 CAN id=101 dlc=8 data=7811050000000000
2026-07-07T15:42:47.104+00:00 BENCH step t=0.580s -> steer=332752mdeg wheel=0milli-rpm
2026-07-07T15:42:47.104+00:00 CAN id=101 dlc=8 data=d013050000000000
2026-07-07T15:42:47.124+00:00 BENCH step t=0.600s -> steer=333352mdeg wheel=0milli-rpm
2026-07-07T15:42:47.124+00:00 CAN id=101 dlc=8 data=2816050000000000
2026-07-07T15:42:47.144+00:00 BENCH step t=0.620s -> steer=333952mdeg wheel=0milli-rpm
2026-07-07T15:42:47.144+00:00 CAN id=101 dlc=8 data=8018050000000000
2026-07-07T15:42:47.164+00:00 BENCH step t=0.640s -> steer=334552mdeg wheel=0milli-rpm
2026-07-07T15:42:47.164+00:00 CAN id=101 dlc=8 data=d81a050000000000
2026-07-07T15:42:47.184+00:00 BENCH step t=0.660s -> steer=335152mdeg wheel=0milli-rpm
2026-07-07T15:42:47.184+00:00 CAN id=101 dlc=8 data=301d050000000000
2026-07-07T15:42:47.204+00:00 BENCH step t=0.680s -> steer=335752mdeg wheel=0milli-rpm
2026-07-07T15:42:47.204+00:00 CAN id=101 dlc=8 data=881f050000000000
2026-07-07T15:42:47.224+00:00 BENCH step t=0.700s -> steer=336352mdeg wheel=0milli-rpm
2026-07-07T15:42:47.224+00:00 CAN id=101 dlc=8 data=e021050000000000
2026-07-07T15:42:47.228+00:00 VCP run=1 step=0 angle=326162 target=330352 err=4190 steer=2095 m1=2/11522 i1=512 t1=29 m2=108/11522 i2=343 t2=28 steerMode=11522/2744 iSteer=427772 driveMode=0/-2690 iDrive=84281 scale=0 wheel=0 ffS=0
2026-07-07T15:42:47.229+00:00 VCP run=1 step=0 angle=328184 target=333352 err=5168 steer=2584 m1=-3/14213 i1=615 t1=29 m2=261/14213 i2=225 t2=28 steerMode=14213/6071 iSteer=419718 driveMode=0/-6089 iDrive=195072 scale=0 wheel=0 ffS=0
2026-07-07T15:42:47.244+00:00 BENCH step t=0.720s -> steer=336952mdeg wheel=0milli-rpm
2026-07-07T15:42:47.244+00:00 CAN id=101 dlc=8 data=3824050000000000
2026-07-07T15:42:47.264+00:00 BENCH step t=0.740s -> steer=337552mdeg wheel=0milli-rpm
2026-07-07T15:42:47.264+00:00 CAN id=101 dlc=8 data=9026050000000000
2026-07-07T15:42:47.284+00:00 BENCH step t=0.760s -> steer=338152mdeg wheel=0milli-rpm
2026-07-07T15:42:47.284+00:00 CAN id=101 dlc=8 data=e828050000000000
2026-07-07T15:42:47.304+00:00 BENCH step t=0.780s -> steer=338752mdeg wheel=0milli-rpm
2026-07-07T15:42:47.304+00:00 CAN id=101 dlc=8 data=402b050000000000
2026-07-07T15:42:47.324+00:00 BENCH step t=0.800s -> steer=339352mdeg wheel=0milli-rpm
2026-07-07T15:42:47.324+00:00 CAN id=101 dlc=8 data=982d050000000000
2026-07-07T15:42:47.333+00:00 VCP run=1 step=0 angle=331084 target=336352 err=5268 steer=2634 m1=-3/14487 i1=654 t1=29 m2=274/14487 i2=219 t2=28 steerMode=14487/6429 iSteer=436207 driveMode=0/-6431 iDrive=217306 scale=0 wheel=0 ffS=0
2026-07-07T15:42:47.344+00:00 BENCH step t=0.820s -> steer=339952mdeg wheel=0milli-rpm
2026-07-07T15:42:47.344+00:00 CAN id=101 dlc=8 data=f02f050000000000
2026-07-07T15:42:47.364+00:00 BENCH step t=0.840s -> steer=340552mdeg wheel=0milli-rpm
2026-07-07T15:42:47.364+00:00 CAN id=101 dlc=8 data=4832050000000000
2026-07-07T15:42:47.384+00:00 BENCH step t=0.860s -> steer=341152mdeg wheel=0milli-rpm
2026-07-07T15:42:47.384+00:00 CAN id=101 dlc=8 data=a034050000000000
2026-07-07T15:42:47.404+00:00 BENCH step t=0.880s -> steer=341752mdeg wheel=0milli-rpm
2026-07-07T15:42:47.404+00:00 CAN id=101 dlc=8 data=f836050000000000
2026-07-07T15:42:47.424+00:00 BENCH step t=0.900s -> steer=342352mdeg wheel=0milli-rpm
2026-07-07T15:42:47.424+00:00 CAN id=101 dlc=8 data=5039050000000000
2026-07-07T15:42:47.438+00:00 VCP run=1 step=0 angle=334160 target=339352 err=5192 steer=2596 m1=0/14278 i1=674 t1=29 m2=290/14278 i2=209 t2=28 steerMode=14278/6530 iSteer=441230 driveMode=0/-6530 iDrive=232495 scale=0 wheel=0 ffS=0
2026-07-07T15:42:47.444+00:00 BENCH step t=0.920s -> steer=342952mdeg wheel=0milli-rpm
2026-07-07T15:42:47.444+00:00 CAN id=101 dlc=8 data=a83b050000000000
2026-07-07T15:42:47.464+00:00 BENCH step t=0.940s -> steer=343552mdeg wheel=0milli-rpm
2026-07-07T15:42:47.464+00:00 CAN id=101 dlc=8 data=003e050000000000
2026-07-07T15:42:47.484+00:00 BENCH step t=0.960s -> steer=344152mdeg wheel=0milli-rpm
2026-07-07T15:42:47.484+00:00 CAN id=101 dlc=8 data=5840050000000000
2026-07-07T15:42:47.504+00:00 BENCH step t=0.980s -> steer=344752mdeg wheel=0milli-rpm
2026-07-07T15:42:47.504+00:00 CAN id=101 dlc=8 data=b042050000000000
2026-07-07T15:42:47.524+00:00 BENCH step t=1.000s -> steer=345352mdeg wheel=0milli-rpm
2026-07-07T15:42:47.524+00:00 CAN id=101 dlc=8 data=0845050000000000
2026-07-07T15:42:47.540+00:00 VCP run=1 step=0 angle=337148 target=342352 err=5204 steer=2602 m1=0/14310 i1=716 t1=29 m2=184/14310 i2=249 t2=28 steerMode=14310/6146 iSteer=482449 driveMode=0/-6167 iDrive=233693 scale=0 wheel=0 ffS=0
2026-07-07T15:42:47.540+00:00 VCP SET_TARGET_RX steer=345352 wheel=0
2026-07-07T15:42:47.544+00:00 BENCH step t=1.020s -> steer=345952mdeg wheel=0milli-rpm
2026-07-07T15:42:47.544+00:00 CAN id=101 dlc=8 data=6047050000000000
2026-07-07T15:42:47.564+00:00 BENCH step t=1.040s -> steer=346552mdeg wheel=0milli-rpm
2026-07-07T15:42:47.564+00:00 CAN id=101 dlc=8 data=b849050000000000
2026-07-07T15:42:47.584+00:00 BENCH step t=1.060s -> steer=347152mdeg wheel=0milli-rpm
2026-07-07T15:42:47.584+00:00 CAN id=101 dlc=8 data=104c050000000000
2026-07-07T15:42:47.604+00:00 BENCH step t=1.080s -> steer=347752mdeg wheel=0milli-rpm
2026-07-07T15:42:47.604+00:00 CAN id=101 dlc=8 data=684e050000000000
2026-07-07T15:42:47.624+00:00 BENCH step t=1.100s -> steer=348352mdeg wheel=0milli-rpm
2026-07-07T15:42:47.624+00:00 CAN id=101 dlc=8 data=c050050000000000
2026-07-07T15:42:47.644+00:00 BENCH step t=1.120s -> steer=348952mdeg wheel=0milli-rpm
2026-07-07T15:42:47.644+00:00 CAN id=101 dlc=8 data=1853050000000000
2026-07-07T15:42:47.644+00:00 VCP run=1 step=0 angle=340049 target=345352 err=5303 steer=2652 m1=0/14584 i1=751 t1=29 m2=217/14584 i2=224 t2=28 steerMode=14584/6757 iSteer=487314 driveMode=0/-6758 iDrive=263229 scale=0 wheel=0 ffS=0
2026-07-07T15:42:47.664+00:00 BENCH step t=1.140s -> steer=349552mdeg wheel=0milli-rpm
2026-07-07T15:42:47.664+00:00 CAN id=101 dlc=8 data=7055050000000000
2026-07-07T15:42:47.684+00:00 BENCH step t=1.160s -> steer=350152mdeg wheel=0milli-rpm
2026-07-07T15:42:47.684+00:00 CAN id=101 dlc=8 data=c857050000000000
2026-07-07T15:42:47.704+00:00 BENCH step t=1.180s -> steer=350752mdeg wheel=0milli-rpm
2026-07-07T15:42:47.704+00:00 CAN id=101 dlc=8 data=205a050000000000
2026-07-07T15:42:47.724+00:00 BENCH step t=1.200s -> steer=351352mdeg wheel=0milli-rpm
2026-07-07T15:42:47.724+00:00 CAN id=101 dlc=8 data=785c050000000000
2026-07-07T15:42:47.744+00:00 BENCH step t=1.220s -> steer=351952mdeg wheel=0milli-rpm
2026-07-07T15:42:47.744+00:00 CAN id=101 dlc=8 data=d05e050000000000
2026-07-07T15:42:47.764+00:00 BENCH step t=1.240s -> steer=352552mdeg wheel=0milli-rpm
2026-07-07T15:42:47.764+00:00 CAN id=101 dlc=8 data=2861050000000000
2026-07-07T15:42:47.784+00:00 BENCH step t=1.260s -> steer=353152mdeg wheel=0milli-rpm
2026-07-07T15:42:47.784+00:00 CAN id=101 dlc=8 data=8063050000000000
2026-07-07T15:42:47.804+00:00 BENCH step t=1.280s -> steer=353752mdeg wheel=0milli-rpm
2026-07-07T15:42:47.804+00:00 CAN id=101 dlc=8 data=d865050000000000
2026-07-07T15:42:47.824+00:00 BENCH step t=1.300s -> steer=354352mdeg wheel=0milli-rpm
2026-07-07T15:42:47.824+00:00 CAN id=101 dlc=8 data=3068050000000000
2026-07-07T15:42:47.832+00:00 VCP run=1 step=0 angle=342861 target=348352 err=5491 steer=2745 m1=0/15099 i1=814 t1=29 m2=303/15099 i2=275 t2=28 steerMode=15099/6578 iSteer=544478 driveMode=0/-6581 iDrive=269578 scale=0 wheel=0 ffS=0
2026-07-07T15:42:47.832+00:00 VCP run=1 step=0 angle=345938 target=351352 err=5415 steer=2707 m1=0/14890 i1=826 t1=29 m2=267/14890 i2=224 t2=28 steerMode=14890/7172 iSteer=525260 driveMode=0/-7180 iDrive=301013 scale=0 wheel=0 ffS=0
2026-07-07T15:42:47.844+00:00 BENCH step t=1.320s -> steer=354952mdeg wheel=0milli-rpm
2026-07-07T15:42:47.844+00:00 CAN id=101 dlc=8 data=886a050000000000
2026-07-07T15:42:47.864+00:00 BENCH step t=1.340s -> steer=355552mdeg wheel=0milli-rpm
2026-07-07T15:42:47.864+00:00 CAN id=101 dlc=8 data=e06c050000000000
2026-07-07T15:42:47.884+00:00 BENCH step t=1.360s -> steer=356152mdeg wheel=0milli-rpm
2026-07-07T15:42:47.884+00:00 CAN id=101 dlc=8 data=386f050000000000
2026-07-07T15:42:47.904+00:00 BENCH step t=1.380s -> steer=356752mdeg wheel=0milli-rpm
2026-07-07T15:42:47.904+00:00 CAN id=101 dlc=8 data=9071050000000000
2026-07-07T15:42:47.924+00:00 BENCH step t=1.400s -> steer=357352mdeg wheel=0milli-rpm
2026-07-07T15:42:47.924+00:00 CAN id=101 dlc=8 data=e873050000000000
2026-07-07T15:42:47.937+00:00 VCP run=1 step=0 angle=348750 target=354352 err=5602 steer=2801 m1=0/15406 i1=885 t1=29 m2=334/15406 i2=249 t2=28 steerMode=15406/7279 iSteer=566886 driveMode=0/-7295 iDrive=317936 scale=0 wheel=0 ffS=0
2026-07-07T15:42:47.944+00:00 BENCH step t=1.420s -> steer=357952mdeg wheel=0milli-rpm
2026-07-07T15:42:47.944+00:00 CAN id=101 dlc=8 data=4076050000000000
2026-07-07T15:42:47.964+00:00 BENCH step t=1.440s -> steer=358552mdeg wheel=0milli-rpm
2026-07-07T15:42:47.964+00:00 CAN id=101 dlc=8 data=9878050000000000
2026-07-07T15:42:47.984+00:00 BENCH step t=1.460s -> steer=359152mdeg wheel=0milli-rpm
2026-07-07T15:42:47.984+00:00 CAN id=101 dlc=8 data=f07a050000000000
2026-07-07T15:42:48.004+00:00 BENCH step t=1.480s -> steer=359752mdeg wheel=0milli-rpm
2026-07-07T15:42:48.004+00:00 CAN id=101 dlc=8 data=487d050000000000
2026-07-07T15:42:48.024+00:00 BENCH step t=1.500s -> steer=352mdeg wheel=0milli-rpm
2026-07-07T15:42:48.024+00:00 CAN id=101 dlc=8 data=6001000000000000
2026-07-07T15:42:48.039+00:00 VCP run=1 step=0 angle=352002 target=357352 err=5350 steer=2675 m1=-3/14713 i1=887 t1=29 m2=267/14713 i2=234 t2=28 steerMode=14713/7103 iSteer=560436 driveMode=0/-7106 iDrive=326076 scale=0 wheel=0 ffS=0
2026-07-07T15:42:48.039+00:00 VCP SET_TARGET_RX steer=352 wheel=0
2026-07-07T15:42:48.044+00:00 BENCH step t=1.520s -> steer=952mdeg wheel=0milli-rpm
2026-07-07T15:42:48.044+00:00 CAN id=101 dlc=8 data=b803000000000000
2026-07-07T15:42:48.064+00:00 BENCH step t=1.540s -> steer=1552mdeg wheel=0milli-rpm
2026-07-07T15:42:48.064+00:00 CAN id=101 dlc=8 data=1006000000000000
2026-07-07T15:42:48.084+00:00 BENCH step t=1.560s -> steer=2152mdeg wheel=0milli-rpm
2026-07-07T15:42:48.084+00:00 CAN id=101 dlc=8 data=6808000000000000
2026-07-07T15:42:48.104+00:00 BENCH step t=1.580s -> steer=2752mdeg wheel=0milli-rpm
2026-07-07T15:42:48.104+00:00 CAN id=101 dlc=8 data=c00a000000000000
2026-07-07T15:42:48.124+00:00 BENCH step t=1.600s -> steer=3352mdeg wheel=0milli-rpm
2026-07-07T15:42:48.124+00:00 CAN id=101 dlc=8 data=180d000000000000
2026-07-07T15:42:48.144+00:00 VCP run=1 step=0 angle=355078 target=352 err=5274 steer=2637 m1=0/14503 i1=911 t1=29 m2=257/14503 i2=241 t2=28 steerMode=14503/6969 iSteer=576227 driveMode=0/-6972 iDrive=335105 scale=0 wheel=0 ffS=0
2026-07-07T15:42:48.144+00:00 BENCH step t=1.620s -> steer=3952mdeg wheel=0milli-rpm
2026-07-07T15:42:48.144+00:00 CAN id=101 dlc=8 data=700f000000000000
2026-07-07T15:42:48.164+00:00 BENCH step t=1.640s -> steer=4552mdeg wheel=0milli-rpm
2026-07-07T15:42:48.164+00:00 CAN id=101 dlc=8 data=c811000000000000
2026-07-07T15:42:48.184+00:00 BENCH step t=1.660s -> steer=5152mdeg wheel=0milli-rpm
2026-07-07T15:42:48.184+00:00 CAN id=101 dlc=8 data=2014000000000000
2026-07-07T15:42:48.204+00:00 BENCH step t=1.680s -> steer=5752mdeg wheel=0milli-rpm
2026-07-07T15:42:48.204+00:00 CAN id=101 dlc=8 data=7816000000000000
2026-07-07T15:42:48.224+00:00 BENCH step t=1.700s -> steer=6352mdeg wheel=0milli-rpm
2026-07-07T15:42:48.224+00:00 CAN id=101 dlc=8 data=d018000000000000
2026-07-07T15:42:48.244+00:00 BENCH step t=1.720s -> steer=6952mdeg wheel=0milli-rpm
2026-07-07T15:42:48.244+00:00 CAN id=101 dlc=8 data=281b000000000000
2026-07-07T15:42:48.264+00:00 BENCH step t=1.740s -> steer=7552mdeg wheel=0milli-rpm
2026-07-07T15:42:48.264+00:00 CAN id=101 dlc=8 data=801d000000000000
2026-07-07T15:42:48.284+00:00 BENCH step t=1.760s -> steer=8152mdeg wheel=0milli-rpm
2026-07-07T15:42:48.284+00:00 CAN id=101 dlc=8 data=d81f000000000000
2026-07-07T15:42:48.304+00:00 BENCH step t=1.780s -> steer=8752mdeg wheel=0milli-rpm
2026-07-07T15:42:48.304+00:00 CAN id=101 dlc=8 data=3022000000000000
2026-07-07T15:42:48.324+00:00 BENCH step t=1.800s -> steer=9352mdeg wheel=0milli-rpm
2026-07-07T15:42:48.324+00:00 CAN id=101 dlc=8 data=8824000000000000
2026-07-07T15:42:48.332+00:00 VCP run=1 step=0 angle=358330 target=3352 err=5022 steer=2511 m1=0/13810 i1=916 t1=29 m2=228/13810 i2=244 t2=28 steerMode=13810/6576 iSteer=579915 driveMode=0/-6583 iDrive=336094 scale=0 wheel=0 ffS=0
2026-07-07T15:42:48.332+00:00 VCP run=1 step=0 angle=1318 target=6352 err=5034 steer=2517 m1=0/13843 i1=950 t1=29 m2=251/13843 i2=259 t2=28 steerMode=13843/6498 iSteer=604458 driveMode=0/-6500 iDrive=345869 scale=0 wheel=0 ffS=0
2026-07-07T15:42:48.344+00:00 BENCH step t=1.820s -> steer=9952mdeg wheel=0milli-rpm
2026-07-07T15:42:48.344+00:00 CAN id=101 dlc=8 data=e026000000000000
2026-07-07T15:42:48.364+00:00 BENCH step t=1.840s -> steer=10552mdeg wheel=0milli-rpm
2026-07-07T15:42:48.364+00:00 CAN id=101 dlc=8 data=3829000000000000
2026-07-07T15:42:48.384+00:00 BENCH step t=1.860s -> steer=11152mdeg wheel=0milli-rpm
2026-07-07T15:42:48.384+00:00 CAN id=101 dlc=8 data=902b000000000000
2026-07-07T15:42:48.404+00:00 BENCH step t=1.880s -> steer=11752mdeg wheel=0milli-rpm
2026-07-07T15:42:48.404+00:00 CAN id=101 dlc=8 data=e82d000000000000
2026-07-07T15:42:48.424+00:00 BENCH step t=1.900s -> steer=12352mdeg wheel=0milli-rpm
2026-07-07T15:42:48.424+00:00 CAN id=101 dlc=8 data=4030000000000000
2026-07-07T15:42:48.437+00:00 VCP run=1 step=0 angle=4482 target=9352 err=4870 steer=2435 m1=0/13391 i1=956 t1=29 m2=228/13391 i2=234 t2=28 steerMode=13391/6578 iSteer=595064 driveMode=0/-6581 iDrive=360828 scale=0 wheel=0 ffS=0
2026-07-07T15:42:48.444+00:00 BENCH step t=1.920s -> steer=12952mdeg wheel=0milli-rpm
2026-07-07T15:42:48.444+00:00 CAN id=101 dlc=8 data=9832000000000000
2026-07-07T15:42:48.464+00:00 BENCH step t=1.940s -> steer=13552mdeg wheel=0milli-rpm
2026-07-07T15:42:48.464+00:00 CAN id=101 dlc=8 data=f034000000000000
2026-07-07T15:42:48.484+00:00 BENCH step t=1.960s -> steer=14152mdeg wheel=0milli-rpm
2026-07-07T15:42:48.484+00:00 CAN id=101 dlc=8 data=4837000000000000
2026-07-07T15:42:48.504+00:00 BENCH step t=1.980s -> steer=14752mdeg wheel=0milli-rpm
2026-07-07T15:42:48.504+00:00 CAN id=101 dlc=8 data=a039000000000000
2026-07-07T15:42:48.524+00:00 BENCH step t=2.000s -> steer=15352mdeg wheel=0milli-rpm
2026-07-07T15:42:48.524+00:00 CAN id=101 dlc=8 data=f83b000000000000
2026-07-07T15:42:48.539+00:00 VCP run=1 step=0 angle=7471 target=12352 err=4881 steer=2441 m1=280/13424 i1=727 t1=29 m2=269/13424 i2=166 t2=28 steerMode=13424/9938 iSteer=446242 driveMode=0/-3513 iDrive=280649 scale=0 wheel=0 ffS=0
2026-07-07T15:42:48.539+00:00 VCP SET_TARGET_RX steer=15352 wheel=0
2026-07-07T15:42:48.544+00:00 BENCH step t=2.020s -> steer=15952mdeg wheel=0milli-rpm
2026-07-07T15:42:48.544+00:00 CAN id=101 dlc=8 data=503e000000000000
2026-07-07T15:42:48.564+00:00 BENCH step t=2.040s -> steer=16552mdeg wheel=0milli-rpm
2026-07-07T15:42:48.564+00:00 CAN id=101 dlc=8 data=a840000000000000
2026-07-07T15:42:48.584+00:00 BENCH step t=2.060s -> steer=17152mdeg wheel=0milli-rpm
2026-07-07T15:42:48.584+00:00 CAN id=101 dlc=8 data=0043000000000000
2026-07-07T15:42:48.604+00:00 BENCH step t=2.080s -> steer=17752mdeg wheel=0milli-rpm
2026-07-07T15:42:48.604+00:00 CAN id=101 dlc=8 data=5845000000000000
2026-07-07T15:42:48.624+00:00 BENCH step t=2.100s -> steer=18352mdeg wheel=0milli-rpm
2026-07-07T15:42:48.624+00:00 CAN id=101 dlc=8 data=b047000000000000
2026-07-07T15:42:48.644+00:00 BENCH step t=2.120s -> steer=18952mdeg wheel=0milli-rpm
2026-07-07T15:42:48.644+00:00 VCP run=1 step=0 angle=13623 target=15352 err=1729 steer=864 m1=244/4755 i1=-45 t1=29 m2=-59/4755 i2=-7 t2=28 steerMode=4755/10373 iSteer=-26006 driveMode=0/6293 iDrive=-18880 scale=0 wheel=0 ffS=0
2026-07-07T15:42:48.644+00:00 CAN id=101 dlc=8 data=084a000000000000
2026-07-07T15:42:48.664+00:00 BENCH step t=2.140s -> steer=19552mdeg wheel=0milli-rpm
2026-07-07T15:42:48.664+00:00 CAN id=101 dlc=8 data=604c000000000000
2026-07-07T15:42:48.684+00:00 BENCH step t=2.160s -> steer=20152mdeg wheel=0milli-rpm
2026-07-07T15:42:48.684+00:00 CAN id=101 dlc=8 data=b84e000000000000
2026-07-07T15:42:48.704+00:00 BENCH step t=2.180s -> steer=20752mdeg wheel=0milli-rpm
2026-07-07T15:42:48.704+00:00 CAN id=101 dlc=8 data=1051000000000000
2026-07-07T15:42:48.724+00:00 BENCH step t=2.200s -> steer=21352mdeg wheel=0milli-rpm
2026-07-07T15:42:48.724+00:00 CAN id=101 dlc=8 data=6853000000000000
2026-07-07T15:42:48.744+00:00 BENCH step t=2.220s -> steer=21952mdeg wheel=0milli-rpm
2026-07-07T15:42:48.744+00:00 CAN id=101 dlc=8 data=c055000000000000
2026-07-07T15:42:48.764+00:00 BENCH step t=2.240s -> steer=22552mdeg wheel=0milli-rpm
2026-07-07T15:42:48.764+00:00 CAN id=101 dlc=8 data=1858000000000000
2026-07-07T15:42:48.784+00:00 BENCH step t=2.260s -> steer=23152mdeg wheel=0milli-rpm
2026-07-07T15:42:48.784+00:00 CAN id=101 dlc=8 data=705a000000000000
2026-07-07T15:42:48.804+00:00 BENCH step t=2.280s -> steer=23752mdeg wheel=0milli-rpm
2026-07-07T15:42:48.804+00:00 CAN id=101 dlc=8 data=c85c000000000000
2026-07-07T15:42:48.824+00:00 BENCH step t=2.300s -> steer=24352mdeg wheel=0milli-rpm
2026-07-07T15:42:48.824+00:00 CAN id=101 dlc=8 data=205f000000000000
2026-07-07T15:42:48.832+00:00 VCP run=1 step=0 angle=15996 target=18352 err=2356 steer=1178 m1=223/6479 i1=291 t1=29 m2=0/6479 i2=303 t2=28 steerMode=6479/5579 iSteer=297248 driveMode=0/5517 iDrive=-5933 scale=0 wheel=0 ffS=0
2026-07-07T15:42:48.833+00:00 VCP run=1 step=0 angle=18984 target=21352 err=2368 steer=1184 m1=251/6511 i1=155 t1=29 m2=0/6511 i2=287 t2=28 steerMode=6511/7104 iSteer=221190 driveMode=0/7103 iDrive=-65936 scale=0 wheel=0 ffS=0
2026-07-07T15:42:48.844+00:00 BENCH step t=2.320s -> steer=24952mdeg wheel=0milli-rpm
2026-07-07T15:42:48.844+00:00 CAN id=101 dlc=8 data=7861000000000000
2026-07-07T15:42:48.864+00:00 BENCH step t=2.340s -> steer=25552mdeg wheel=0milli-rpm
2026-07-07T15:42:48.864+00:00 CAN id=101 dlc=8 data=d063000000000000
2026-07-07T15:42:48.884+00:00 BENCH step t=2.360s -> steer=26152mdeg wheel=0milli-rpm
2026-07-07T15:42:48.884+00:00 CAN id=101 dlc=8 data=2866000000000000
2026-07-07T15:42:48.904+00:00 BENCH step t=2.380s -> steer=26752mdeg wheel=0milli-rpm
2026-07-07T15:42:48.904+00:00 CAN id=101 dlc=8 data=8068000000000000
2026-07-07T15:42:48.924+00:00 BENCH step t=2.400s -> steer=27352mdeg wheel=0milli-rpm
2026-07-07T15:42:48.924+00:00 CAN id=101 dlc=8 data=d86a000000000000
2026-07-07T15:42:48.938+00:00 VCP run=1 step=0 angle=21973 target=24352 err=2379 steer=1190 m1=213/6543 i1=208 t1=29 m2=0/6543 i2=316 t2=28 steerMode=6543/6275 iSteer=261928 driveMode=0/6275 iDrive=-53657 scale=0 wheel=0 ffS=0
2026-07-07T15:42:48.944+00:00 BENCH step t=2.420s -> steer=27952mdeg wheel=0milli-rpm
2026-07-07T15:42:48.944+00:00 CAN id=101 dlc=8 data=306d000000000000
2026-07-07T15:42:48.964+00:00 BENCH step t=2.440s -> steer=28552mdeg wheel=0milli-rpm
2026-07-07T15:42:48.964+00:00 CAN id=101 dlc=8 data=886f000000000000
2026-07-07T15:42:48.984+00:00 BENCH step t=2.460s -> steer=29152mdeg wheel=0milli-rpm
2026-07-07T15:42:48.984+00:00 CAN id=101 dlc=8 data=e071000000000000
2026-07-07T15:42:49.004+00:00 BENCH step t=2.480s -> steer=29752mdeg wheel=0milli-rpm
2026-07-07T15:42:49.004+00:00 CAN id=101 dlc=8 data=3874000000000000
2026-07-07T15:42:49.024+00:00 BENCH step t=2.500s -> steer=30352mdeg wheel=0milli-rpm
2026-07-07T15:42:49.024+00:00 CAN id=101 dlc=8 data=9076000000000000
2026-07-07T15:42:49.040+00:00 VCP run=1 step=0 angle=24785 target=27352 err=2567 steer=1283 m1=261/7059 i1=195 t1=29 m2=0/7059 i2=347 t2=28 steerMode=7059/6623 iSteer=271013 driveMode=0/6628 iDrive=-76119 scale=0 wheel=0 ffS=0
2026-07-07T15:42:49.040+00:00 VCP SET_TARGET_RX steer=30352 wheel=0
2026-07-07T15:42:49.044+00:00 BENCH step t=2.520s -> steer=30952mdeg wheel=0milli-rpm
2026-07-07T15:42:49.044+00:00 CAN id=101 dlc=8 data=e878000000000000
2026-07-07T15:42:49.064+00:00 BENCH step t=2.540s -> steer=31552mdeg wheel=0milli-rpm
2026-07-07T15:42:49.064+00:00 CAN id=101 dlc=8 data=407b000000000000
2026-07-07T15:42:49.084+00:00 BENCH step t=2.560s -> steer=32152mdeg wheel=0milli-rpm
2026-07-07T15:42:49.084+00:00 CAN id=101 dlc=8 data=987d000000000000
2026-07-07T15:42:49.104+00:00 BENCH step t=2.580s -> steer=32752mdeg wheel=0milli-rpm
2026-07-07T15:42:49.104+00:00 CAN id=101 dlc=8 data=f07f000000000000
2026-07-07T15:42:49.124+00:00 BENCH step t=2.600s -> steer=33352mdeg wheel=0milli-rpm
2026-07-07T15:42:49.124+00:00 CAN id=101 dlc=8 data=4882000000000000
2026-07-07T15:42:49.144+00:00 BENCH step t=2.620s -> steer=33952mdeg wheel=0milli-rpm
2026-07-07T15:42:49.144+00:00 CAN id=101 dlc=8 data=a084000000000000
2026-07-07T15:42:49.164+00:00 BENCH step t=2.640s -> steer=34552mdeg wheel=0milli-rpm
2026-07-07T15:42:49.164+00:00 CAN id=101 dlc=8 data=f886000000000000
2026-07-07T15:42:49.184+00:00 BENCH step t=2.660s -> steer=35152mdeg wheel=0milli-rpm
2026-07-07T15:42:49.184+00:00 CAN id=101 dlc=8 data=5089000000000000
2026-07-07T15:42:49.204+00:00 BENCH step t=2.680s -> steer=35752mdeg wheel=0milli-rpm
2026-07-07T15:42:49.204+00:00 CAN id=101 dlc=8 data=a88b000000000000
2026-07-07T15:42:49.224+00:00 BENCH step t=2.700s -> steer=36352mdeg wheel=0milli-rpm
2026-07-07T15:42:49.224+00:00 CAN id=101 dlc=8 data=008e000000000000
2026-07-07T15:42:49.229+00:00 VCP run=1 step=0 angle=27686 target=30352 err=2666 steer=1333 m1=267/7333 i1=211 t1=29 m2=0/7333 i2=377 t2=28 steerMode=7333/6439 iSteer=293966 driveMode=0/6440 iDrive=-82785 scale=0 wheel=0 ffS=0
2026-07-07T15:42:49.229+00:00 VCP run=1 step=0 angle=30410 target=33352 err=2942 steer=1471 m1=246/8090 i1=224 t1=29 m2=0/8090 i2=426 t2=28 steerMode=8090/6623 iSteer=325068 driveMode=0/6623 iDrive=-100593 scale=0 wheel=0 ffS=0
2026-07-07T15:42:49.244+00:00 BENCH step t=2.720s -> steer=36952mdeg wheel=0milli-rpm
2026-07-07T15:42:49.244+00:00 CAN id=101 dlc=8 data=5890000000000000
2026-07-07T15:42:49.264+00:00 BENCH step t=2.740s -> steer=37552mdeg wheel=0milli-rpm
2026-07-07T15:42:49.264+00:00 CAN id=101 dlc=8 data=b092000000000000
2026-07-07T15:42:49.284+00:00 BENCH step t=2.760s -> steer=38152mdeg wheel=0milli-rpm
2026-07-07T15:42:49.284+00:00 CAN id=101 dlc=8 data=0895000000000000
2026-07-07T15:42:49.304+00:00 BENCH step t=2.780s -> steer=38752mdeg wheel=0milli-rpm
2026-07-07T15:42:49.304+00:00 CAN id=101 dlc=8 data=6097000000000000
2026-07-07T15:42:49.324+00:00 BENCH step t=2.800s -> steer=39352mdeg wheel=0milli-rpm
2026-07-07T15:42:49.324+00:00 CAN id=101 dlc=8 data=b899000000000000
2026-07-07T15:42:49.334+00:00 VCP run=1 step=0 angle=33398 target=36352 err=2954 steer=1477 m1=242/8122 i1=226 t1=29 m2=0/8122 i2=445 t2=28 steerMode=8122/6497 iSteer=335764 driveMode=0/6498 iDrive=-109416 scale=0 wheel=0 ffS=0
2026-07-07T15:42:49.344+00:00 BENCH step t=2.820s -> steer=39952mdeg wheel=0milli-rpm
2026-07-07T15:42:49.344+00:00 CAN id=101 dlc=8 data=109c000000000000
2026-07-07T15:42:49.364+00:00 BENCH step t=2.840s -> steer=40552mdeg wheel=0milli-rpm
2026-07-07T15:42:49.364+00:00 CAN id=101 dlc=8 data=689e000000000000
2026-07-07T15:42:49.384+00:00 BENCH step t=2.860s -> steer=41152mdeg wheel=0milli-rpm
2026-07-07T15:42:49.384+00:00 CAN id=101 dlc=8 data=c0a0000000000000
2026-07-07T15:42:49.404+00:00 BENCH step t=2.880s -> steer=41752mdeg wheel=0milli-rpm
2026-07-07T15:42:49.404+00:00 CAN id=101 dlc=8 data=18a3000000000000
2026-07-07T15:42:49.424+00:00 BENCH step t=2.900s -> steer=42352mdeg wheel=0milli-rpm
2026-07-07T15:42:49.424+00:00 CAN id=101 dlc=8 data=70a5000000000000
2026-07-07T15:42:49.439+00:00 VCP run=1 step=0 angle=36299 target=39352 err=3053 steer=1527 m1=223/8396 i1=236 t1=29 m2=0/8396 i2=477 t2=28 steerMode=8396/6433 iSteer=356406 driveMode=0/6435 iDrive=-120124 scale=0 wheel=0 ffS=0
2026-07-07T15:42:49.444+00:00 BENCH step t=2.920s -> steer=42952mdeg wheel=0milli-rpm
2026-07-07T15:42:49.444+00:00 CAN id=101 dlc=8 data=c8a7000000000000
2026-07-07T15:42:49.464+00:00 BENCH step t=2.940s -> steer=43552mdeg wheel=0milli-rpm
2026-07-07T15:42:49.464+00:00 CAN id=101 dlc=8 data=20aa000000000000
2026-07-07T15:42:49.484+00:00 BENCH step t=2.960s -> steer=44152mdeg wheel=0milli-rpm
2026-07-07T15:42:49.484+00:00 CAN id=101 dlc=8 data=78ac000000000000
2026-07-07T15:42:49.504+00:00 BENCH step t=2.980s -> steer=44752mdeg wheel=0milli-rpm
2026-07-07T15:42:49.504+00:00 CAN id=101 dlc=8 data=d0ae000000000000
2026-07-07T15:42:49.524+00:00 BENCH step t=3.000s -> steer=45352mdeg wheel=0milli-rpm
2026-07-07T15:42:49.524+00:00 CAN id=101 dlc=8 data=28b1000000000000
2026-07-07T15:42:49.541+00:00 VCP run=1 step=0 angle=39287 target=42352 err=3065 steer=1532 m1=244/8428 i1=231 t1=29 m2=0/8428 i2=494 t2=28 steerMode=8428/6404 iSteer=362838 driveMode=0/6409 iDrive=-131644 scale=0 wheel=0 ffS=0
2026-07-07T15:42:49.541+00:00 VCP SET_TARGET_RX steer=45352 wheel=0
2026-07-07T15:42:49.544+00:00 BENCH step t=3.020s -> steer=45952mdeg wheel=0milli-rpm
2026-07-07T15:42:49.544+00:00 CAN id=101 dlc=8 data=80b3000000000000
2026-07-07T15:42:49.564+00:00 BENCH step t=3.040s -> steer=46552mdeg wheel=0milli-rpm
2026-07-07T15:42:49.564+00:00 CAN id=101 dlc=8 data=d8b5000000000000
2026-07-07T15:42:49.584+00:00 BENCH step t=3.060s -> steer=47152mdeg wheel=0milli-rpm
2026-07-07T15:42:49.584+00:00 CAN id=101 dlc=8 data=30b8000000000000
2026-07-07T15:42:49.604+00:00 BENCH step t=3.080s -> steer=47752mdeg wheel=0milli-rpm
2026-07-07T15:42:49.604+00:00 CAN id=101 dlc=8 data=88ba000000000000
2026-07-07T15:42:49.624+00:00 BENCH step t=3.100s -> steer=48352mdeg wheel=0milli-rpm
2026-07-07T15:42:49.624+00:00 CAN id=101 dlc=8 data=e0bc000000000000
2026-07-07T15:42:49.644+00:00 BENCH step t=3.120s -> steer=48952mdeg wheel=0milli-rpm
2026-07-07T15:42:49.644+00:00 CAN id=101 dlc=8 data=38bf000000000000
2026-07-07T15:42:49.664+00:00 BENCH step t=3.140s -> steer=49552mdeg wheel=0milli-rpm
2026-07-07T15:42:49.664+00:00 CAN id=101 dlc=8 data=90c1000000000000
2026-07-07T15:42:49.684+00:00 BENCH step t=3.160s -> steer=50152mdeg wheel=0milli-rpm
2026-07-07T15:42:49.684+00:00 CAN id=101 dlc=8 data=e8c3000000000000
2026-07-07T15:42:49.704+00:00 BENCH step t=3.180s -> steer=50752mdeg wheel=0milli-rpm
2026-07-07T15:42:49.704+00:00 CAN id=101 dlc=8 data=40c6000000000000
2026-07-07T15:42:49.724+00:00 BENCH step t=3.200s -> steer=51352mdeg wheel=0milli-rpm
2026-07-07T15:42:49.724+00:00 CAN id=101 dlc=8 data=98c8000000000000
2026-07-07T15:42:49.730+00:00 VCP run=1 step=0 angle=42012 target=45352 err=3340 steer=1670 m1=255/9186 i1=256 t1=29 m2=-3/9186 i2=548 t2=28 steerMode=9186/6502 iSteer=401792 driveMode=0/6486 iDrive=-145864 scale=0 wheel=0 ffS=0
2026-07-07T15:42:49.730+00:00 VCP run=1 step=0 angle=45176 target=48352 err=3176 steer=1588 m1=274/8735 i1=159 t1=29 m2=0/8735 i2=526 t2=28 steerMode=8735/7312 iSteer=342607 driveMode=0/7319 iDrive=-183888 scale=0 wheel=0 ffS=0
2026-07-07T15:42:49.744+00:00 BENCH step t=3.220s -> steer=51952mdeg wheel=0milli-rpm
2026-07-07T15:42:49.744+00:00 CAN id=101 dlc=8 data=f0ca000000000000
2026-07-07T15:42:49.764+00:00 BENCH step t=3.240s -> steer=52552mdeg wheel=0milli-rpm
2026-07-07T15:42:49.764+00:00 CAN id=101 dlc=8 data=48cd000000000000
2026-07-07T15:42:49.784+00:00 BENCH step t=3.260s -> steer=53152mdeg wheel=0milli-rpm
2026-07-07T15:42:49.784+00:00 CAN id=101 dlc=8 data=a0cf000000000000
2026-07-07T15:42:49.804+00:00 BENCH step t=3.280s -> steer=53752mdeg wheel=0milli-rpm
2026-07-07T15:42:49.804+00:00 CAN id=101 dlc=8 data=f8d1000000000000
2026-07-07T15:42:49.824+00:00 BENCH step t=3.300s -> steer=54352mdeg wheel=0milli-rpm
2026-07-07T15:42:49.824+00:00 CAN id=101 dlc=8 data=50d4000000000000
2026-07-07T15:42:49.835+00:00 VCP run=1 step=0 angle=47900 target=51352 err=3452 steer=1726 m1=230/9492 i1=260 t1=29 m2=0/9492 i2=599 t2=28 steerMode=9492/6414 iSteer=429537 driveMode=0/6414 iDrive=-169764 scale=0 wheel=0 ffS=0
2026-07-07T15:42:49.844+00:00 BENCH step t=3.320s -> steer=54952mdeg wheel=0milli-rpm
2026-07-07T15:42:49.844+00:00 CAN id=101 dlc=8 data=a8d6000000000000
2026-07-07T15:42:49.864+00:00 BENCH step t=3.340s -> steer=55552mdeg wheel=0milli-rpm
2026-07-07T15:42:49.864+00:00 CAN id=101 dlc=8 data=00d9000000000000
2026-07-07T15:42:49.884+00:00 BENCH step t=3.360s -> steer=56152mdeg wheel=0milli-rpm
2026-07-07T15:42:49.884+00:00 CAN id=101 dlc=8 data=58db000000000000
2026-07-07T15:42:49.904+00:00 BENCH step t=3.380s -> steer=56752mdeg wheel=0milli-rpm
2026-07-07T15:42:49.904+00:00 CAN id=101 dlc=8 data=b0dd000000000000
2026-07-07T15:42:49.924+00:00 BENCH step t=3.400s -> steer=57352mdeg wheel=0milli-rpm
2026-07-07T15:42:49.924+00:00 CAN id=101 dlc=8 data=08e0000000000000
2026-07-07T15:42:49.940+00:00 VCP run=1 step=0 angle=50977 target=54352 err=3375 steer=1688 m1=257/9282 i1=220 t1=29 m2=0/9282 i2=601 t2=28 steerMode=9282/6676 iSteer=410855 driveMode=0/6685 iDrive=-190577 scale=0 wheel=0 ffS=0
2026-07-07T15:42:49.944+00:00 BENCH step t=3.420s -> steer=57952mdeg wheel=0milli-rpm
2026-07-07T15:42:49.944+00:00 CAN id=101 dlc=8 data=60e2000000000000
2026-07-07T15:42:49.964+00:00 BENCH step t=3.440s -> steer=58552mdeg wheel=0milli-rpm
2026-07-07T15:42:49.964+00:00 CAN id=101 dlc=8 data=b8e4000000000000
2026-07-07T15:42:49.984+00:00 BENCH step t=3.460s -> steer=59152mdeg wheel=0milli-rpm
2026-07-07T15:42:49.984+00:00 CAN id=101 dlc=8 data=10e7000000000000
2026-07-07T15:42:50.004+00:00 BENCH step t=3.480s -> steer=59752mdeg wheel=0milli-rpm
2026-07-07T15:42:50.004+00:00 CAN id=101 dlc=8 data=68e9000000000000
2026-07-07T15:42:50.024+00:00 BENCH step t=3.500s -> steer=60352mdeg wheel=0milli-rpm
2026-07-07T15:42:50.024+00:00 CAN id=101 dlc=8 data=c0eb000000000000
2026-07-07T15:42:50.042+00:00 VCP run=1 step=0 angle=53701 target=57352 err=3651 steer=1825 m1=282/10040 i1=246 t1=29 m2=0/10040 i2=656 t2=28 steerMode=10040/6745 iSteer=451030 driveMode=0/6745 iDrive=-205313 scale=0 wheel=0 ffS=0
2026-07-07T15:42:50.042+00:00 VCP SET_TARGET_RX steer=60352 wheel=0
2026-07-07T15:42:50.044+00:00 BENCH step t=3.520s -> steer=60952mdeg wheel=0milli-rpm
2026-07-07T15:42:50.044+00:00 CAN id=101 dlc=8 data=18ee000000000000
2026-07-07T15:42:50.064+00:00 BENCH step t=3.540s -> steer=61552mdeg wheel=0milli-rpm
2026-07-07T15:42:50.064+00:00 CAN id=101 dlc=8 data=70f0000000000000
2026-07-07T15:42:50.084+00:00 BENCH step t=3.560s -> steer=62152mdeg wheel=0milli-rpm
2026-07-07T15:42:50.084+00:00 CAN id=101 dlc=8 data=c8f2000000000000
2026-07-07T15:42:50.104+00:00 BENCH step t=3.580s -> steer=62752mdeg wheel=0milli-rpm
2026-07-07T15:42:50.104+00:00 CAN id=101 dlc=8 data=20f5000000000000
2026-07-07T15:42:50.124+00:00 BENCH step t=3.600s -> steer=63352mdeg wheel=0milli-rpm
2026-07-07T15:42:50.124+00:00 CAN id=101 dlc=8 data=78f7000000000000
2026-07-07T15:42:50.144+00:00 BENCH step t=3.620s -> steer=63952mdeg wheel=0milli-rpm
2026-07-07T15:42:50.144+00:00 CAN id=101 dlc=8 data=d0f9000000000000
2026-07-07T15:42:50.164+00:00 BENCH step t=3.640s -> steer=64552mdeg wheel=0milli-rpm
2026-07-07T15:42:50.164+00:00 CAN id=101 dlc=8 data=28fc000000000000
2026-07-07T15:42:50.184+00:00 BENCH step t=3.660s -> steer=65152mdeg wheel=0milli-rpm
2026-07-07T15:42:50.184+00:00 CAN id=101 dlc=8 data=80fe000000000000
2026-07-07T15:42:50.204+00:00 BENCH step t=3.680s -> steer=65752mdeg wheel=0milli-rpm
2026-07-07T15:42:50.204+00:00 CAN id=101 dlc=8 data=d800010000000000
2026-07-07T15:42:50.224+00:00 BENCH step t=3.700s -> steer=66352mdeg wheel=0milli-rpm
2026-07-07T15:42:50.224+00:00 CAN id=101 dlc=8 data=3003010000000000
2026-07-07T15:42:50.230+00:00 VCP run=1 step=0 angle=56777 target=60352 err=3575 steer=1787 m1=297/9830 i1=204 t1=29 m2=0/9830 i2=659 t2=28 steerMode=9830/7059 iSteer=431827 driveMode=0/7061 iDrive=-227586 scale=0 wheel=0 ffS=0
2026-07-07T15:42:50.230+00:00 VCP run=1 step=0 angle=59766 target=63352 err=3586 steer=1793 m1=278/9863 i1=184 t1=29 m2=0/9863 i2=677 t2=28 steerMode=9863/7243 iSteer=430297 driveMode=0/7243 iDrive=-246221 scale=0 wheel=0 ffS=0
2026-07-07T15:42:50.244+00:00 BENCH step t=3.720s -> steer=66952mdeg wheel=0milli-rpm
2026-07-07T15:42:50.244+00:00 CAN id=101 dlc=8 data=8805010000000000
2026-07-07T15:42:50.264+00:00 BENCH step t=3.740s -> steer=67552mdeg wheel=0milli-rpm
2026-07-07T15:42:50.264+00:00 CAN id=101 dlc=8 data=e007010000000000
2026-07-07T15:42:50.284+00:00 BENCH step t=3.760s -> steer=68152mdeg wheel=0milli-rpm
2026-07-07T15:42:50.284+00:00 CAN id=101 dlc=8 data=380a010000000000
2026-07-07T15:42:50.304+00:00 BENCH step t=3.780s -> steer=68752mdeg wheel=0milli-rpm
2026-07-07T15:42:50.304+00:00 CAN id=101 dlc=8 data=900c010000000000
2026-07-07T15:42:50.324+00:00 BENCH step t=3.800s -> steer=69352mdeg wheel=0milli-rpm
2026-07-07T15:42:50.324+00:00 CAN id=101 dlc=8 data=e80e010000000000
2026-07-07T15:42:50.336+00:00 VCP run=1 step=0 angle=62842 target=66352 err=3510 steer=1755 m1=234/9653 i1=218 t1=29 m2=0/9653 i2=698 t2=28 steerMode=9653/6585 iSteer=457836 driveMode=0/6587 iDrive=-239713 scale=0 wheel=0 ffS=0
2026-07-07T15:42:50.344+00:00 BENCH step t=3.820s -> steer=69952mdeg wheel=0milli-rpm
2026-07-07T15:42:50.344+00:00 CAN id=101 dlc=8 data=4011010000000000
2026-07-07T15:42:50.364+00:00 BENCH step t=3.840s -> steer=70552mdeg wheel=0milli-rpm
2026-07-07T15:42:50.364+00:00 CAN id=101 dlc=8 data=9813010000000000
2026-07-07T15:42:50.384+00:00 BENCH step t=3.860s -> steer=71152mdeg wheel=0milli-rpm
2026-07-07T15:42:50.384+00:00 CAN id=101 dlc=8 data=f015010000000000
2026-07-07T15:42:50.404+00:00 BENCH step t=3.880s -> steer=71752mdeg wheel=0milli-rpm
2026-07-07T15:42:50.404+00:00 CAN id=101 dlc=8 data=4818010000000000
2026-07-07T15:42:50.424+00:00 BENCH step t=3.900s -> steer=72352mdeg wheel=0milli-rpm
2026-07-07T15:42:50.424+00:00 CAN id=101 dlc=8 data=a01a010000000000
2026-07-07T15:42:50.441+00:00 VCP run=1 step=0 angle=65654 target=69352 err=3698 steer=1849 m1=269/10169 i1=225 t1=29 m2=0/10169 i2=740 t2=28 steerMode=10169/6765 iSteer=482193 driveMode=0/6765 iDrive=-257329 scale=0 wheel=0 ffS=0
2026-07-07T15:42:50.444+00:00 BENCH step t=3.920s -> steer=72952mdeg wheel=0milli-rpm
2026-07-07T15:42:50.444+00:00 CAN id=101 dlc=8 data=f81c010000000000
2026-07-07T15:42:50.464+00:00 BENCH step t=3.940s -> steer=73552mdeg wheel=0milli-rpm
2026-07-07T15:42:50.464+00:00 CAN id=101 dlc=8 data=501f010000000000
2026-07-07T15:42:50.484+00:00 BENCH step t=3.960s -> steer=74152mdeg wheel=0milli-rpm
2026-07-07T15:42:50.484+00:00 CAN id=101 dlc=8 data=a821010000000000
2026-07-07T15:42:50.504+00:00 BENCH step t=3.980s -> steer=74752mdeg wheel=0milli-rpm
2026-07-07T15:42:50.504+00:00 CAN id=101 dlc=8 data=0024010000000000
2026-07-07T15:42:50.524+00:00 BENCH step t=4.000s -> steer=75352mdeg wheel=0milli-rpm
2026-07-07T15:42:50.524+00:00 CAN id=101 dlc=8 data=5826010000000000
2026-07-07T15:42:50.543+00:00 VCP run=1 step=0 angle=68818 target=72352 err=3534 steer=1767 m1=274/9718 i1=189 t1=29 m2=0/9718 i2=735 t2=28 steerMode=9718/6850 iSteer=462028 driveMode=0/6855 iDrive=-272853 scale=0 wheel=0 ffS=0
2026-07-07T15:42:50.543+00:00 VCP SET_TARGET_RX steer=75352 wheel=0
2026-07-07T15:42:50.544+00:00 BENCH step t=4.020s -> steer=75952mdeg wheel=0milli-rpm
2026-07-07T15:42:50.544+00:00 CAN id=101 dlc=8 data=b028010000000000
2026-07-07T15:42:50.564+00:00 BENCH step t=4.040s -> steer=76552mdeg wheel=0milli-rpm
2026-07-07T15:42:50.564+00:00 CAN id=101 dlc=8 data=082b010000000000
2026-07-07T15:42:50.584+00:00 BENCH step t=4.060s -> steer=77152mdeg wheel=0milli-rpm
2026-07-07T15:42:50.584+00:00 CAN id=101 dlc=8 data=602d010000000000
2026-07-07T15:42:50.604+00:00 BENCH step t=4.080s -> steer=77752mdeg wheel=0milli-rpm
2026-07-07T15:42:50.604+00:00 CAN id=101 dlc=8 data=b82f010000000000
2026-07-07T15:42:50.624+00:00 BENCH step t=4.100s -> steer=78352mdeg wheel=0milli-rpm
2026-07-07T15:42:50.624+00:00 CAN id=101 dlc=8 data=1032010000000000
2026-07-07T15:42:50.644+00:00 BENCH step t=4.120s -> steer=78952mdeg wheel=0milli-rpm
2026-07-07T15:42:50.644+00:00 CAN id=101 dlc=8 data=6834010000000000
2026-07-07T15:42:50.664+00:00 BENCH step t=4.140s -> steer=79552mdeg wheel=0milli-rpm
2026-07-07T15:42:50.664+00:00 CAN id=101 dlc=8 data=c036010000000000
2026-07-07T15:42:50.684+00:00 BENCH step t=4.160s -> steer=80152mdeg wheel=0milli-rpm
2026-07-07T15:42:50.684+00:00 CAN id=101 dlc=8 data=1839010000000000
2026-07-07T15:42:50.704+00:00 BENCH step t=4.180s -> steer=80752mdeg wheel=0milli-rpm
2026-07-07T15:42:50.704+00:00 CAN id=101 dlc=8 data=703b010000000000
2026-07-07T15:42:50.724+00:00 BENCH step t=4.200s -> steer=81351mdeg wheel=0milli-rpm
2026-07-07T15:42:50.724+00:00 CAN id=101 dlc=8 data=c73d010000000000
2026-07-07T15:42:50.731+00:00 VCP run=1 step=0 angle=71631 target=75352 err=3721 steer=1861 m1=263/10233 i1=234 t1=29 m2=0/10233 i2=786 t2=28 steerMode=10233/6549 iSteer=510000 driveMode=0/6549 iDrive=-276267 scale=0 wheel=0 ffS=0
2026-07-07T15:42:50.731+00:00 VCP run=1 step=0 angle=74531 target=78352 err=3821 steer=1910 m1=255/10507 i1=223 t1=29 m2=0/10507 i2=816 t2=28 steerMode=10507/6811 iSteer=519383 driveMode=0/6811 iDrive=-296523 scale=0 wheel=0 ffS=0
2026-07-07T15:42:50.744+00:00 BENCH step t=4.220s -> steer=81951mdeg wheel=0milli-rpm
2026-07-07T15:42:50.744+00:00 CAN id=101 dlc=8 data=1f40010000000000
2026-07-07T15:42:50.764+00:00 BENCH step t=4.240s -> steer=82551mdeg wheel=0milli-rpm
2026-07-07T15:42:50.764+00:00 CAN id=101 dlc=8 data=7742010000000000
2026-07-07T15:42:50.784+00:00 BENCH step t=4.260s -> steer=83151mdeg wheel=0milli-rpm
2026-07-07T15:42:50.784+00:00 CAN id=101 dlc=8 data=cf44010000000000
2026-07-07T15:42:50.804+00:00 BENCH step t=4.280s -> steer=83751mdeg wheel=0milli-rpm
2026-07-07T15:42:50.804+00:00 CAN id=101 dlc=8 data=2747010000000000
2026-07-07T15:42:50.824+00:00 BENCH step t=4.300s -> steer=84351mdeg wheel=0milli-rpm
2026-07-07T15:42:50.824+00:00 CAN id=101 dlc=8 data=7f49010000000000
2026-07-07T15:42:50.836+00:00 VCP run=1 step=0 angle=77607 target=81351 err=3744 steer=1872 m1=284/10295 i1=210 t1=29 m2=0/10295 i2=827 t2=28 steerMode=10295/6763 iSteer=518521 driveMode=0/6763 iDrive=-308052 scale=0 wheel=0 ffS=0
2026-07-07T15:42:50.844+00:00 BENCH step t=4.320s -> steer=84951mdeg wheel=0milli-rpm
2026-07-07T15:42:50.844+00:00 CAN id=101 dlc=8 data=d74b010000000000
2026-07-07T15:42:50.864+00:00 BENCH step t=4.340s -> steer=85551mdeg wheel=0milli-rpm
2026-07-07T15:42:50.864+00:00 CAN id=101 dlc=8 data=2f4e010000000000
2026-07-07T15:42:50.884+00:00 BENCH step t=4.360s -> steer=86151mdeg wheel=0milli-rpm
2026-07-07T15:42:50.884+00:00 CAN id=101 dlc=8 data=8750010000000000
2026-07-07T15:42:50.904+00:00 BENCH step t=4.380s -> steer=86751mdeg wheel=0milli-rpm
2026-07-07T15:42:50.904+00:00 CAN id=101 dlc=8 data=df52010000000000
2026-07-07T15:42:50.924+00:00 BENCH step t=4.400s -> steer=87351mdeg wheel=0milli-rpm
2026-07-07T15:42:50.924+00:00 CAN id=101 dlc=8 data=3755010000000000
2026-07-07T15:42:50.941+00:00 VCP run=1 step=0 angle=80596 target=84351 err=3755 steer=1878 m1=288/10327 i1=209 t1=29 m2=0/10327 i2=849 t2=28 steerMode=10327/6743 iSteer=528824 driveMode=0/6734 iDrive=-319862 scale=0 wheel=0 ffS=0
2026-07-07T15:42:50.944+00:00 BENCH step t=4.420s -> steer=87951mdeg wheel=0milli-rpm
2026-07-07T15:42:50.944+00:00 CAN id=101 dlc=8 data=8f57010000000000
2026-07-07T15:42:50.964+00:00 BENCH step t=4.440s -> steer=88551mdeg wheel=0milli-rpm
2026-07-07T15:42:50.964+00:00 CAN id=101 dlc=8 data=e759010000000000
2026-07-07T15:42:50.984+00:00 BENCH step t=4.460s -> steer=89151mdeg wheel=0milli-rpm
2026-07-07T15:42:50.984+00:00 CAN id=101 dlc=8 data=3f5c010000000000
2026-07-07T15:42:51.004+00:00 BENCH step t=4.480s -> steer=89751mdeg wheel=0milli-rpm
2026-07-07T15:42:51.004+00:00 CAN id=101 dlc=8 data=975e010000000000
2026-07-07T15:42:51.024+00:00 BENCH step t=4.500s -> steer=90351mdeg wheel=0milli-rpm
2026-07-07T15:42:51.024+00:00 CAN id=101 dlc=8 data=ef60010000000000
2026-07-07T15:42:51.043+00:00 VCP run=1 step=0 angle=83584 target=87351 err=3767 steer=1884 m1=267/10359 i1=226 t1=29 m2=0/10359 i2=876 t2=28 steerMode=10359/6489 iSteer=551240 driveMode=0/6491 iDrive=-325002 scale=0 wheel=0 ffS=0
2026-07-07T15:42:51.043+00:00 VCP SET_TARGET_RX steer=90351 wheel=0
2026-07-07T15:42:51.044+00:00 BENCH step t=4.520s -> steer=90951mdeg wheel=0milli-rpm
2026-07-07T15:42:51.044+00:00 CAN id=101 dlc=8 data=4763010000000000
2026-07-07T15:42:51.064+00:00 BENCH step t=4.540s -> steer=91551mdeg wheel=0milli-rpm
2026-07-07T15:42:51.064+00:00 CAN id=101 dlc=8 data=9f65010000000000
2026-07-07T15:42:51.084+00:00 BENCH step t=4.560s -> steer=92151mdeg wheel=0milli-rpm
2026-07-07T15:42:51.084+00:00 CAN id=101 dlc=8 data=f767010000000000
2026-07-07T15:42:51.104+00:00 BENCH step t=4.580s -> steer=92751mdeg wheel=0milli-rpm
2026-07-07T15:42:51.104+00:00 CAN id=101 dlc=8 data=4f6a010000000000
2026-07-07T15:42:51.124+00:00 BENCH step t=4.600s -> steer=93351mdeg wheel=0milli-rpm
2026-07-07T15:42:51.124+00:00 CAN id=101 dlc=8 data=a76c010000000000
2026-07-07T15:42:51.144+00:00 BENCH step t=4.620s -> steer=93951mdeg wheel=0milli-rpm
2026-07-07T15:42:51.144+00:00 CAN id=101 dlc=8 data=ff6e010000000000
2026-07-07T15:42:51.164+00:00 BENCH step t=4.640s -> steer=94551mdeg wheel=0milli-rpm
2026-07-07T15:42:51.164+00:00 CAN id=101 dlc=8 data=5771010000000000
2026-07-07T15:42:51.184+00:00 BENCH step t=4.660s -> steer=95151mdeg wheel=0milli-rpm
2026-07-07T15:42:51.184+00:00 CAN id=101 dlc=8 data=af73010000000000
2026-07-07T15:42:51.204+00:00 BENCH step t=4.680s -> steer=95751mdeg wheel=0milli-rpm
2026-07-07T15:42:51.204+00:00 CAN id=101 dlc=8 data=0776010000000000
2026-07-07T15:42:51.224+00:00 BENCH step t=4.700s -> steer=96351mdeg wheel=0milli-rpm
2026-07-07T15:42:51.224+00:00 CAN id=101 dlc=8 data=5f78010000000000
2026-07-07T15:42:51.230+00:00 VCP run=1 step=0 angle=86572 target=90351 err=3779 steer=1889 m1=255/10392 i1=227 t1=29 m2=0/10392 i2=900 t2=28 steerMode=10392/6449 iSteer=563542 driveMode=0/6449 iDrive=-336066 scale=0 wheel=0 ffS=0
2026-07-07T15:42:51.230+00:00 VCP run=1 step=0 angle=89297 target=93351 err=4054 steer=2027 m1=238/11149 i1=258 t1=29 m2=0/11149 i2=959 t2=28 steerMode=11149/6512 iSteer=608254 driveMode=0/6513 iDrive=-350250 scale=0 wheel=0 ffS=0
2026-07-07T15:42:51.244+00:00 BENCH step t=4.720s -> steer=96951mdeg wheel=0milli-rpm
2026-07-07T15:42:51.244+00:00 CAN id=101 dlc=8 data=b77a010000000000
2026-07-07T15:42:51.264+00:00 BENCH step t=4.740s -> steer=97551mdeg wheel=0milli-rpm
2026-07-07T15:42:51.264+00:00 CAN id=101 dlc=8 data=0f7d010000000000
2026-07-07T15:42:51.284+00:00 BENCH step t=4.760s -> steer=98151mdeg wheel=0milli-rpm
2026-07-07T15:42:51.284+00:00 CAN id=101 dlc=8 data=677f010000000000
2026-07-07T15:42:51.304+00:00 BENCH step t=4.780s -> steer=98751mdeg wheel=0milli-rpm
2026-07-07T15:42:51.304+00:00 CAN id=101 dlc=8 data=bf81010000000000
2026-07-07T15:42:51.324+00:00 BENCH step t=4.800s -> steer=99351mdeg wheel=0milli-rpm
2026-07-07T15:42:51.324+00:00 CAN id=101 dlc=8 data=1784010000000000
2026-07-07T15:42:51.335+00:00 VCP run=1 step=0 angle=92285 target=96351 err=4066 steer=2033 m1=257/11181 i1=232 t1=29 m2=0/11181 i2=976 t2=28 steerMode=11181/6837 iSteer=604037 driveMode=0/6837 iDrive=-372391 scale=0 wheel=0 ffS=0
2026-07-07T15:42:51.344+00:00 BENCH step t=4.820s -> steer=99951mdeg wheel=0milli-rpm
2026-07-07T15:42:51.344+00:00 CAN id=101 dlc=8 data=6f86010000000000
2026-07-07T15:42:51.364+00:00 BENCH step t=4.840s -> steer=100551mdeg wheel=0milli-rpm
2026-07-07T15:42:51.364+00:00 CAN id=101 dlc=8 data=c788010000000000
2026-07-07T15:42:51.384+00:00 BENCH step t=4.860s -> steer=101151mdeg wheel=0milli-rpm
2026-07-07T15:42:51.384+00:00 CAN id=101 dlc=8 data=1f8b010000000000
2026-07-07T15:42:51.404+00:00 BENCH step t=4.880s -> steer=101751mdeg wheel=0milli-rpm
2026-07-07T15:42:51.404+00:00 CAN id=101 dlc=8 data=778d010000000000
2026-07-07T15:42:51.424+00:00 BENCH step t=4.900s -> steer=102351mdeg wheel=0milli-rpm
2026-07-07T15:42:51.424+00:00 CAN id=101 dlc=8 data=cf8f010000000000
2026-07-07T15:42:51.440+00:00 VCP run=1 step=0 angle=95186 target=99351 err=4165 steer=2083 m1=307/11455 i1=229 t1=29 m2=0/11455 i2=1010 t2=28 steerMode=11455/7009 iSteer=619385 driveMode=0/7015 iDrive=-390566 scale=0 wheel=0 ffS=0
2026-07-07T15:42:51.444+00:00 BENCH step t=4.920s -> steer=102951mdeg wheel=0milli-rpm
2026-07-07T15:42:51.444+00:00 CAN id=101 dlc=8 data=2792010000000000
2026-07-07T15:42:51.464+00:00 BENCH step t=4.940s -> steer=103551mdeg wheel=0milli-rpm
2026-07-07T15:42:51.464+00:00 CAN id=101 dlc=8 data=7f94010000000000
2026-07-07T15:42:51.484+00:00 BENCH step t=4.960s -> steer=104151mdeg wheel=0milli-rpm
2026-07-07T15:42:51.484+00:00 CAN id=101 dlc=8 data=d796010000000000
2026-07-07T15:42:51.504+00:00 BENCH step t=4.980s -> steer=104751mdeg wheel=0milli-rpm
2026-07-07T15:42:51.504+00:00 CAN id=101 dlc=8 data=2f99010000000000
2026-07-07T15:42:51.524+00:00 BENCH step t=5.000s -> steer=105351mdeg wheel=0milli-rpm
2026-07-07T15:42:51.524+00:00 CAN id=101 dlc=8 data=879b010000000000
2026-07-07T15:42:51.543+00:00 VCP run=1 step=0 angle=99580 target=102351 err=2771 steer=1385 m1=223/7620 i1=-75 t1=29 m2=426/7620 i2=256 t2=28 steerMode=7620/13800 iSteer=90420 driveMode=0/-807 iDrive=-165096 scale=0 wheel=0 ffS=0
2026-07-07T15:42:51.543+00:00 VCP SET_TARGET_RX steer=105351 wheel=0
2026-07-07T15:42:51.544+00:00 BENCH step t=5.020s -> steer=105951mdeg wheel=0milli-rpm
2026-07-07T15:42:51.544+00:00 CAN id=101 dlc=8 data=df9d010000000000
2026-07-07T15:42:51.564+00:00 BENCH step t=5.040s -> steer=106551mdeg wheel=0milli-rpm
2026-07-07T15:42:51.564+00:00 CAN id=101 dlc=8 data=37a0010000000000
2026-07-07T15:42:51.584+00:00 BENCH step t=5.060s -> steer=107151mdeg wheel=0milli-rpm
2026-07-07T15:42:51.584+00:00 CAN id=101 dlc=8 data=8fa2010000000000
2026-07-07T15:42:51.604+00:00 BENCH step t=5.080s -> steer=107751mdeg wheel=0milli-rpm
2026-07-07T15:42:51.604+00:00 CAN id=101 dlc=8 data=e7a4010000000000
2026-07-07T15:42:51.624+00:00 BENCH step t=5.100s -> steer=108351mdeg wheel=0milli-rpm
2026-07-07T15:42:51.624+00:00 CAN id=101 dlc=8 data=3fa7010000000000
2026-07-07T15:42:51.644+00:00 BENCH step t=5.120s -> steer=108951mdeg wheel=0milli-rpm
2026-07-07T15:42:51.644+00:00 CAN id=101 dlc=8 data=97a9010000000000
2026-07-07T15:42:51.664+00:00 BENCH step t=5.140s -> steer=109551mdeg wheel=0milli-rpm
2026-07-07T15:42:51.664+00:00 CAN id=101 dlc=8 data=efab010000000000
2026-07-07T15:42:51.684+00:00 BENCH step t=5.160s -> steer=110151mdeg wheel=0milli-rpm
2026-07-07T15:42:51.684+00:00 CAN id=101 dlc=8 data=47ae010000000000
2026-07-07T15:42:51.704+00:00 BENCH step t=5.180s -> steer=110751mdeg wheel=0milli-rpm
2026-07-07T15:42:51.704+00:00 CAN id=101 dlc=8 data=9fb0010000000000
2026-07-07T15:42:51.724+00:00 BENCH step t=5.200s -> steer=111351mdeg wheel=0milli-rpm
2026-07-07T15:42:51.724+00:00 CAN id=101 dlc=8 data=f7b2010000000000
2026-07-07T15:42:51.730+00:00 VCP run=1 step=0 angle=104326 target=105351 err=1025 steer=512 m1=54/2818 i1=145 t1=29 m2=221/2818 i2=165 t2=28 steerMode=2818/7227 iSteer=155138 driveMode=0/-5656 iDrive=-9818 scale=0 wheel=0 ffS=0
2026-07-07T15:42:51.730+00:00 VCP run=1 step=0 angle=106963 target=108351 err=1388 steer=694 m1=0/3817 i1=274 t1=29 m2=226/3817 i2=269 t2=28 steerMode=3817/5725 iSteer=271616 driveMode=0/-5714 iDrive=2315 scale=0 wheel=0 ffS=0
2026-07-07T15:42:51.744+00:00 BENCH step t=5.220s -> steer=111951mdeg wheel=0milli-rpm
2026-07-07T15:42:51.744+00:00 CAN id=101 dlc=8 data=4fb5010000000000
2026-07-07T15:42:51.764+00:00 BENCH step t=5.240s -> steer=112551mdeg wheel=0milli-rpm
2026-07-07T15:42:51.764+00:00 CAN id=101 dlc=8 data=a7b7010000000000
2026-07-07T15:42:51.784+00:00 BENCH step t=5.260s -> steer=113151mdeg wheel=0milli-rpm
2026-07-07T15:42:51.784+00:00 CAN id=101 dlc=8 data=ffb9010000000000
2026-07-07T15:42:51.804+00:00 BENCH step t=5.280s -> steer=113751mdeg wheel=0milli-rpm
2026-07-07T15:42:51.804+00:00 CAN id=101 dlc=8 data=57bc010000000000
2026-07-07T15:42:51.824+00:00 BENCH step t=5.300s -> steer=114351mdeg wheel=0milli-rpm
2026-07-07T15:42:51.824+00:00 CAN id=101 dlc=8 data=afbe010000000000
2026-07-07T15:42:51.836+00:00 VCP run=1 step=0 angle=109863 target=111351 err=1488 steer=744 m1=0/4091 i1=274 t1=29 m2=230/4091 i2=193 t2=28 steerMode=4091/6578 iSteer=233899 driveMode=0/-6578 iDrive=40474 scale=0 wheel=0 ffS=0
2026-07-07T15:42:51.844+00:00 BENCH step t=5.320s -> steer=114951mdeg wheel=0milli-rpm
2026-07-07T15:42:51.844+00:00 CAN id=101 dlc=8 data=07c1010000000000
2026-07-07T15:42:51.864+00:00 BENCH step t=5.340s -> steer=115551mdeg wheel=0milli-rpm
2026-07-07T15:42:51.864+00:00 CAN id=101 dlc=8 data=5fc3010000000000
2026-07-07T15:42:51.884+00:00 BENCH step t=5.360s -> steer=116151mdeg wheel=0milli-rpm
2026-07-07T15:42:51.884+00:00 CAN id=101 dlc=8 data=b7c5010000000000
2026-07-07T15:42:51.904+00:00 BENCH step t=5.380s -> steer=116751mdeg wheel=0milli-rpm
2026-07-07T15:42:51.904+00:00 CAN id=101 dlc=8 data=0fc8010000000000
2026-07-07T15:42:51.924+00:00 BENCH step t=5.400s -> steer=117351mdeg wheel=0milli-rpm
2026-07-07T15:42:51.924+00:00 CAN id=101 dlc=8 data=67ca010000000000
2026-07-07T15:42:51.941+00:00 VCP run=1 step=0 angle=112764 target=114351 err=1587 steer=794 m1=0/4365 i1=295 t1=29 m2=188/4365 i2=200 t2=28 steerMode=4365/6404 iSteer=247770 driveMode=0/-6404 iDrive=47539 scale=0 wheel=0 ffS=0
2026-07-07T15:42:51.944+00:00 BENCH step t=5.420s -> steer=117951mdeg wheel=0milli-rpm
2026-07-07T15:42:51.944+00:00 CAN id=101 dlc=8 data=bfcc010000000000
2026-07-07T15:42:51.964+00:00 BENCH step t=5.440s -> steer=118551mdeg wheel=0milli-rpm
2026-07-07T15:42:51.964+00:00 CAN id=101 dlc=8 data=17cf010000000000
2026-07-07T15:42:51.984+00:00 BENCH step t=5.460s -> steer=119151mdeg wheel=0milli-rpm
2026-07-07T15:42:51.984+00:00 CAN id=101 dlc=8 data=6fd1010000000000
2026-07-07T15:42:52.004+00:00 BENCH step t=5.480s -> steer=119751mdeg wheel=0milli-rpm
2026-07-07T15:42:52.004+00:00 CAN id=101 dlc=8 data=c7d3010000000000
2026-07-07T15:42:52.024+00:00 BENCH step t=5.500s -> steer=120351mdeg wheel=0milli-rpm
2026-07-07T15:42:52.024+00:00 CAN id=101 dlc=8 data=1fd6010000000000
2026-07-07T15:42:52.044+00:00 BENCH step t=5.520s -> steer=120951mdeg wheel=0milli-rpm
2026-07-07T15:42:52.044+00:00 VCP run=1 step=0 angle=115488 target=117351 err=1863 steer=931 m1=0/5122 i1=329 t1=29 m2=324/5122 i2=182 t2=28 steerMode=5122/6887 iSteer=255440 driveMode=0/-6887 iDrive=73776 scale=0 wheel=0 ffS=0
2026-07-07T15:42:52.044+00:00 CAN id=101 dlc=8 data=77d8010000000000
2026-07-07T15:42:52.044+00:00 VCP SET_TARGET_RX steer=120351 wheel=0
2026-07-07T15:42:52.064+00:00 BENCH step t=5.540s -> steer=121551mdeg wheel=0milli-rpm
2026-07-07T15:42:52.064+00:00 CAN id=101 dlc=8 data=cfda010000000000
2026-07-07T15:42:52.084+00:00 BENCH step t=5.560s -> steer=122151mdeg wheel=0milli-rpm
2026-07-07T15:42:52.084+00:00 CAN id=101 dlc=8 data=27dd010000000000
2026-07-07T15:42:52.104+00:00 BENCH step t=5.580s -> steer=122751mdeg wheel=0milli-rpm
2026-07-07T15:42:52.104+00:00 CAN id=101 dlc=8 data=7fdf010000000000
2026-07-07T15:42:52.124+00:00 BENCH step t=5.600s -> steer=123351mdeg wheel=0milli-rpm
2026-07-07T15:42:52.124+00:00 CAN id=101 dlc=8 data=d7e1010000000000
2026-07-07T15:42:52.144+00:00 BENCH step t=5.620s -> steer=123951mdeg wheel=0milli-rpm
2026-07-07T15:42:52.144+00:00 CAN id=101 dlc=8 data=2fe4010000000000
2026-07-07T15:42:52.164+00:00 BENCH step t=5.640s -> steer=124551mdeg wheel=0milli-rpm
2026-07-07T15:42:52.164+00:00 CAN id=101 dlc=8 data=87e6010000000000
2026-07-07T15:42:52.184+00:00 BENCH step t=5.660s -> steer=125151mdeg wheel=0milli-rpm
2026-07-07T15:42:52.184+00:00 CAN id=101 dlc=8 data=dfe8010000000000
2026-07-07T15:42:52.204+00:00 BENCH step t=5.680s -> steer=125751mdeg wheel=0milli-rpm
2026-07-07T15:42:52.204+00:00 CAN id=101 dlc=8 data=37eb010000000000
2026-07-07T15:42:52.224+00:00 BENCH step t=5.700s -> steer=126351mdeg wheel=0milli-rpm
2026-07-07T15:42:52.224+00:00 CAN id=101 dlc=8 data=8fed010000000000
2026-07-07T15:42:52.231+00:00 VCP run=1 step=0 angle=118389 target=120351 err=1962 steer=981 m1=0/5396 i1=352 t1=29 m2=292/5396 i2=189 t2=28 steerMode=5396/6737 iSteer=270659 driveMode=0/-6737 iDrive=81765 scale=0 wheel=0 ffS=0
2026-07-07T15:42:52.231+00:00 VCP run=1 step=0 angle=120938 target=123351 err=2414 steer=1207 m1=-3/6637 i1=430 t1=29 m2=209/6637 i2=265 t2=28 steerMode=6637/6390 iSteer=347396 driveMode=0/-6368 iDrive=82458 scale=0 wheel=0 ffS=0
2026-07-07T15:42:52.244+00:00 BENCH step t=5.720s -> steer=126951mdeg wheel=0milli-rpm
2026-07-07T15:42:52.244+00:00 CAN id=101 dlc=8 data=e7ef010000000000
2026-07-07T15:42:52.264+00:00 BENCH step t=5.740s -> steer=127551mdeg wheel=0milli-rpm
2026-07-07T15:42:52.264+00:00 CAN id=101 dlc=8 data=3ff2010000000000
2026-07-07T15:42:52.284+00:00 BENCH step t=5.760s -> steer=128151mdeg wheel=0milli-rpm
2026-07-07T15:42:52.284+00:00 CAN id=101 dlc=8 data=97f4010000000000
2026-07-07T15:42:52.304+00:00 BENCH step t=5.780s -> steer=128751mdeg wheel=0milli-rpm
2026-07-07T15:42:52.304+00:00 CAN id=101 dlc=8 data=eff6010000000000
2026-07-07T15:42:52.324+00:00 BENCH step t=5.800s -> steer=129351mdeg wheel=0milli-rpm
2026-07-07T15:42:52.324+00:00 CAN id=101 dlc=8 data=47f9010000000000
2026-07-07T15:42:52.336+00:00 VCP run=1 step=0 angle=124102 target=126351 err=2249 steer=1125 m1=0/6186 i1=409 t1=29 m2=309/6186 i2=195 t2=28 steerMode=6186/6774 iSteer=302092 driveMode=0/-6774 iDrive=107391 scale=0 wheel=0 ffS=0
2026-07-07T15:42:52.344+00:00 BENCH step t=5.820s -> steer=129951mdeg wheel=0milli-rpm
2026-07-07T15:42:52.344+00:00 CAN id=101 dlc=8 data=9ffb010000000000
2026-07-07T15:42:52.364+00:00 BENCH step t=5.840s -> steer=130551mdeg wheel=0milli-rpm
2026-07-07T15:42:52.364+00:00 CAN id=101 dlc=8 data=f7fd010000000000
2026-07-07T15:42:52.384+00:00 BENCH step t=5.860s -> steer=131151mdeg wheel=0milli-rpm
2026-07-07T15:42:52.384+00:00 CAN id=101 dlc=8 data=4f00020000000000
2026-07-07T15:42:52.404+00:00 BENCH step t=5.880s -> steer=131751mdeg wheel=0milli-rpm
2026-07-07T15:42:52.404+00:00 CAN id=101 dlc=8 data=a702020000000000
2026-07-07T15:42:52.424+00:00 BENCH step t=5.900s -> steer=132351mdeg wheel=0milli-rpm
2026-07-07T15:42:52.424+00:00 CAN id=101 dlc=8 data=ff04020000000000
2026-07-07T15:42:52.441+00:00 VCP run=1 step=0 angle=126650 target=129351 err=2701 steer=1350 m1=0/7427 i1=489 t1=29 m2=276/7427 i2=266 t2=28 steerMode=7427/6484 iSteer=377114 driveMode=0/-6489 iDrive=111392 scale=0 wheel=0 ffS=0
2026-07-07T15:42:52.444+00:00 BENCH step t=5.920s -> steer=132951mdeg wheel=0milli-rpm
2026-07-07T15:42:52.444+00:00 CAN id=101 dlc=8 data=5707020000000000
2026-07-07T15:42:52.464+00:00 BENCH step t=5.940s -> steer=133551mdeg wheel=0milli-rpm
2026-07-07T15:42:52.464+00:00 CAN id=101 dlc=8 data=af09020000000000
2026-07-07T15:42:52.484+00:00 BENCH step t=5.960s -> steer=134151mdeg wheel=0milli-rpm
2026-07-07T15:42:52.484+00:00 CAN id=101 dlc=8 data=070c020000000000
2026-07-07T15:42:52.504+00:00 BENCH step t=5.980s -> steer=134751mdeg wheel=0milli-rpm
2026-07-07T15:42:52.504+00:00 CAN id=101 dlc=8 data=5f0e020000000000
2026-07-07T15:42:52.524+00:00 BENCH step t=6.000s -> steer=135351mdeg wheel=0milli-rpm
2026-07-07T15:42:52.524+00:00 CAN id=101 dlc=8 data=b710020000000000
2026-07-07T15:42:52.544+00:00 BENCH step t=6.020s -> steer=135951mdeg wheel=0milli-rpm
2026-07-07T15:42:52.544+00:00 CAN id=101 dlc=8 data=0f13020000000000
2026-07-07T15:42:52.545+00:00 VCP run=1 step=0 angle=129727 target=132351 err=2624 steer=1312 m1=0/7217 i1=479 t1=29 m2=263/7217 i2=195 t2=28 steerMode=7217/7048 iSteer=336988 driveMode=0/-7055 iDrive=141536 scale=0 wheel=0 ffS=0
2026-07-07T15:42:52.545+00:00 VCP SET_TARGET_RX steer=135351 wheel=0
2026-07-07T15:42:52.564+00:00 BENCH step t=6.040s -> steer=136551mdeg wheel=0milli-rpm
2026-07-07T15:42:52.564+00:00 CAN id=101 dlc=8 data=6715020000000000
2026-07-07T15:42:52.584+00:00 BENCH step t=6.060s -> steer=137151mdeg wheel=0milli-rpm
2026-07-07T15:42:52.584+00:00 CAN id=101 dlc=8 data=bf17020000000000
2026-07-07T15:42:52.604+00:00 BENCH step t=6.080s -> steer=137751mdeg wheel=0milli-rpm
2026-07-07T15:42:52.604+00:00 CAN id=101 dlc=8 data=171a020000000000
2026-07-07T15:42:52.624+00:00 BENCH step t=6.100s -> steer=138351mdeg wheel=0milli-rpm
2026-07-07T15:42:52.624+00:00 CAN id=101 dlc=8 data=6f1c020000000000
2026-07-07T15:42:52.644+00:00 BENCH step t=6.120s -> steer=138951mdeg wheel=0milli-rpm
2026-07-07T15:42:52.644+00:00 CAN id=101 dlc=8 data=c71e020000000000
2026-07-07T15:42:52.664+00:00 BENCH step t=6.140s -> steer=139551mdeg wheel=0milli-rpm
2026-07-07T15:42:52.664+00:00 CAN id=101 dlc=8 data=1f21020000000000
2026-07-07T15:42:52.684+00:00 BENCH step t=6.160s -> steer=140151mdeg wheel=0milli-rpm
2026-07-07T15:42:52.684+00:00 CAN id=101 dlc=8 data=7723020000000000
2026-07-07T15:42:52.704+00:00 BENCH step t=6.180s -> steer=140751mdeg wheel=0milli-rpm
2026-07-07T15:42:52.704+00:00 CAN id=101 dlc=8 data=cf25020000000000
2026-07-07T15:42:52.724+00:00 BENCH step t=6.200s -> steer=141351mdeg wheel=0milli-rpm
2026-07-07T15:42:52.724+00:00 CAN id=101 dlc=8 data=2728020000000000
2026-07-07T15:42:52.732+00:00 VCP run=1 step=0 angle=132715 target=135351 err=2636 steer=1318 m1=0/7249 i1=500 t1=29 m2=297/7249 i2=215 t2=28 steerMode=7249/6686 iSteer=357401 driveMode=0/-6686 iDrive=142671 scale=0 wheel=0 ffS=0
2026-07-07T15:42:52.732+00:00 VCP run=1 step=0 angle=135703 target=138351 err=2648 steer=1324 m1=0/7282 i1=511 t1=29 m2=282/7282 i2=188 t2=28 steerMode=7282/6892 iSteer=349583 driveMode=0/-6892 iDrive=161260 scale=0 wheel=0 ffS=0
2026-07-07T15:42:52.744+00:00 BENCH step t=6.220s -> steer=141951mdeg wheel=0milli-rpm
2026-07-07T15:42:52.744+00:00 CAN id=101 dlc=8 data=7f2a020000000000
2026-07-07T15:42:52.764+00:00 BENCH step t=6.240s -> steer=142551mdeg wheel=0milli-rpm
2026-07-07T15:42:52.764+00:00 CAN id=101 dlc=8 data=d72c020000000000
2026-07-07T15:42:52.784+00:00 BENCH step t=6.260s -> steer=143151mdeg wheel=0milli-rpm
2026-07-07T15:42:52.784+00:00 CAN id=101 dlc=8 data=2f2f020000000000
2026-07-07T15:42:52.804+00:00 BENCH step t=6.280s -> steer=143751mdeg wheel=0milli-rpm
2026-07-07T15:42:52.804+00:00 CAN id=101 dlc=8 data=8731020000000000
2026-07-07T15:42:52.824+00:00 BENCH step t=6.300s -> steer=144351mdeg wheel=0milli-rpm
2026-07-07T15:42:52.824+00:00 CAN id=101 dlc=8 data=df33020000000000
2026-07-07T15:42:52.837+00:00 VCP run=1 step=0 angle=138428 target=141351 err=2923 steer=1462 m1=0/8039 i1=571 t1=29 m2=261/8039 i2=247 t2=28 steerMode=8039/6501 iSteer=409167 driveMode=0/-6518 iDrive=161968 scale=0 wheel=0 ffS=0
2026-07-07T15:42:52.844+00:00 BENCH step t=6.320s -> steer=144951mdeg wheel=0milli-rpm
2026-07-07T15:42:52.844+00:00 CAN id=101 dlc=8 data=3736020000000000
2026-07-07T15:42:52.864+00:00 BENCH step t=6.340s -> steer=145551mdeg wheel=0milli-rpm
2026-07-07T15:42:52.864+00:00 CAN id=101 dlc=8 data=8f38020000000000
2026-07-07T15:42:52.884+00:00 BENCH step t=6.360s -> steer=146151mdeg wheel=0milli-rpm
2026-07-07T15:42:52.884+00:00 CAN id=101 dlc=8 data=e73a020000000000
2026-07-07T15:42:52.904+00:00 BENCH step t=6.380s -> steer=146751mdeg wheel=0milli-rpm
2026-07-07T15:42:52.904+00:00 CAN id=101 dlc=8 data=3f3d020000000000
2026-07-07T15:42:52.924+00:00 BENCH step t=6.400s -> steer=147351mdeg wheel=0milli-rpm
2026-07-07T15:42:52.924+00:00 CAN id=101 dlc=8 data=973f020000000000
2026-07-07T15:42:52.943+00:00 VCP run=1 step=0 angle=141240 target=144351 err=3111 steer=1555 m1=0/8555 i1=614 t1=29 m2=215/8555 i2=270 t2=28 steerMode=8555/6428 iSteer=441960 driveMode=0/-6430 iDrive=171556 scale=0 wheel=0 ffS=0
2026-07-07T15:42:52.944+00:00 BENCH step t=6.420s -> steer=147951mdeg wheel=0milli-rpm
2026-07-07T15:42:52.944+00:00 CAN id=101 dlc=8 data=ef41020000000000
2026-07-07T15:42:52.964+00:00 BENCH step t=6.440s -> steer=148551mdeg wheel=0milli-rpm
2026-07-07T15:42:52.964+00:00 CAN id=101 dlc=8 data=4744020000000000
2026-07-07T15:42:52.984+00:00 BENCH step t=6.460s -> steer=149151mdeg wheel=0milli-rpm
2026-07-07T15:42:52.984+00:00 CAN id=101 dlc=8 data=9f46020000000000
2026-07-07T15:42:53.004+00:00 BENCH step t=6.480s -> steer=149751mdeg wheel=0milli-rpm
2026-07-07T15:42:53.004+00:00 CAN id=101 dlc=8 data=f748020000000000
2026-07-07T15:42:53.024+00:00 BENCH step t=6.500s -> steer=150351mdeg wheel=0milli-rpm
2026-07-07T15:42:53.024+00:00 CAN id=101 dlc=8 data=4f4b020000000000
2026-07-07T15:42:53.044+00:00 BENCH step t=6.520s -> steer=150951mdeg wheel=0milli-rpm
2026-07-07T15:42:53.044+00:00 CAN id=101 dlc=8 data=a74d020000000000
2026-07-07T15:42:53.064+00:00 BENCH step t=6.540s -> steer=151551mdeg wheel=0milli-rpm
2026-07-07T15:42:53.064+00:00 CAN id=101 dlc=8 data=ff4f020000000000
2026-07-07T15:42:53.084+00:00 BENCH step t=6.560s -> steer=152151mdeg wheel=0milli-rpm
2026-07-07T15:42:53.084+00:00 CAN id=101 dlc=8 data=5752020000000000
2026-07-07T15:42:53.104+00:00 BENCH step t=6.580s -> steer=152751mdeg wheel=0milli-rpm
2026-07-07T15:42:53.104+00:00 CAN id=101 dlc=8 data=af54020000000000
2026-07-07T15:42:53.124+00:00 BENCH step t=6.600s -> steer=153351mdeg wheel=0milli-rpm
2026-07-07T15:42:53.124+00:00 CAN id=101 dlc=8 data=0757020000000000
2026-07-07T15:42:53.128+00:00 VCP run=1 step=0 angle=144053 target=147351 err=3298 steer=1649 m1=0/9070 i1=652 t1=29 m2=228/9070 i2=275 t2=28 steerMode=9070/6599 iSteer=463501 driveMode=0/-6602 iDrive=188920 scale=0 wheel=0 ffS=0
2026-07-07T15:42:53.128+00:00 VCP SET_TARGET_RX steer=150351 wheel=0
2026-07-07T15:42:53.128+00:00 VCP run=1 step=0 angle=147129 target=150351 err=3222 steer=1611 m1=0/8861 i1=662 t1=29 m2=238/8861 i2=269 t2=28 steerMode=8861/6435 iSteer=465895 driveMode=0/-6439 iDrive=196571 scale=0 wheel=0 ffS=0
2026-07-07T15:42:53.144+00:00 BENCH step t=6.620s -> steer=153951mdeg wheel=0milli-rpm
2026-07-07T15:42:53.144+00:00 CAN id=101 dlc=8 data=5f59020000000000
2026-07-07T15:42:53.164+00:00 BENCH step t=6.640s -> steer=154551mdeg wheel=0milli-rpm
2026-07-07T15:42:53.164+00:00 CAN id=101 dlc=8 data=b75b020000000000
2026-07-07T15:42:53.184+00:00 BENCH step t=6.660s -> steer=155151mdeg wheel=0milli-rpm
2026-07-07T15:42:53.184+00:00 CAN id=101 dlc=8 data=0f5e020000000000
2026-07-07T15:42:53.204+00:00 BENCH step t=6.680s -> steer=155751mdeg wheel=0milli-rpm
2026-07-07T15:42:53.204+00:00 CAN id=101 dlc=8 data=6760020000000000
2026-07-07T15:42:53.224+00:00 BENCH step t=6.700s -> steer=156351mdeg wheel=0milli-rpm
2026-07-07T15:42:53.224+00:00 CAN id=101 dlc=8 data=bf62020000000000
2026-07-07T15:42:53.232+00:00 VCP run=1 step=0 angle=149854 target=153351 err=3497 steer=1749 m1=0/9618 i1=719 t1=29 m2=246/9618 i2=302 t2=28 steerMode=9618/6421 iSteer=510335 driveMode=0/-6421 iDrive=208342 scale=0 wheel=0 ffS=0
2026-07-07T15:42:53.244+00:00 BENCH step t=6.720s -> steer=156951mdeg wheel=0milli-rpm
2026-07-07T15:42:53.244+00:00 CAN id=101 dlc=8 data=1765020000000000
2026-07-07T15:42:53.264+00:00 BENCH step t=6.740s -> steer=157551mdeg wheel=0milli-rpm
2026-07-07T15:42:53.264+00:00 CAN id=101 dlc=8 data=6f67020000000000
2026-07-07T15:42:53.284+00:00 BENCH step t=6.760s -> steer=158151mdeg wheel=0milli-rpm
2026-07-07T15:42:53.284+00:00 CAN id=101 dlc=8 data=c769020000000000
2026-07-07T15:42:53.304+00:00 BENCH step t=6.780s -> steer=158751mdeg wheel=0milli-rpm
2026-07-07T15:42:53.304+00:00 CAN id=101 dlc=8 data=1f6c020000000000
2026-07-07T15:42:53.324+00:00 BENCH step t=6.800s -> steer=159351mdeg wheel=0milli-rpm
2026-07-07T15:42:53.324+00:00 CAN id=101 dlc=8 data=776e020000000000
2026-07-07T15:42:53.337+00:00 VCP run=1 step=0 angle=152842 target=156351 err=3509 steer=1755 m1=-3/9650 i1=741 t1=29 m2=269/9650 i2=302 t2=28 steerMode=9650/6370 iSteer=521149 driveMode=0/-6387 iDrive=219581 scale=0 wheel=0 ffS=0
2026-07-07T15:42:53.344+00:00 BENCH step t=6.820s -> steer=159951mdeg wheel=0milli-rpm
2026-07-07T15:42:53.344+00:00 CAN id=101 dlc=8 data=cf70020000000000
2026-07-07T15:42:53.364+00:00 BENCH step t=6.840s -> steer=160551mdeg wheel=0milli-rpm
2026-07-07T15:42:53.364+00:00 CAN id=101 dlc=8 data=2773020000000000
2026-07-07T15:42:53.384+00:00 BENCH step t=6.860s -> steer=161151mdeg wheel=0milli-rpm
2026-07-07T15:42:53.384+00:00 CAN id=101 dlc=8 data=7f75020000000000
2026-07-07T15:42:53.404+00:00 BENCH step t=6.880s -> steer=161751mdeg wheel=0milli-rpm
2026-07-07T15:42:53.404+00:00 CAN id=101 dlc=8 data=d777020000000000
2026-07-07T15:42:53.424+00:00 BENCH step t=6.900s -> steer=162351mdeg wheel=0milli-rpm
2026-07-07T15:42:53.424+00:00 CAN id=101 dlc=8 data=2f7a020000000000
2026-07-07T15:42:53.443+00:00 VCP run=1 step=0 angle=155830 target=159351 err=3521 steer=1760 m1=0/9683 i1=764 t1=29 m2=219/9683 i2=311 t2=28 steerMode=9683/6221 iSteer=537672 driveMode=0/-6230 iDrive=226773 scale=0 wheel=0 ffS=0
2026-07-07T15:42:53.444+00:00 BENCH step t=6.920s -> steer=162951mdeg wheel=0milli-rpm
2026-07-07T15:42:53.444+00:00 CAN id=101 dlc=8 data=877c020000000000
2026-07-07T15:42:53.464+00:00 BENCH step t=6.940s -> steer=163551mdeg wheel=0milli-rpm
2026-07-07T15:42:53.464+00:00 CAN id=101 dlc=8 data=df7e020000000000
2026-07-07T15:42:53.484+00:00 BENCH step t=6.960s -> steer=164151mdeg wheel=0milli-rpm
2026-07-07T15:42:53.484+00:00 CAN id=101 dlc=8 data=3781020000000000
2026-07-07T15:42:53.504+00:00 BENCH step t=6.980s -> steer=164751mdeg wheel=0milli-rpm
2026-07-07T15:42:53.504+00:00 CAN id=101 dlc=8 data=8f83020000000000
2026-07-07T15:42:53.524+00:00 BENCH step t=7.000s -> steer=165351mdeg wheel=0milli-rpm
2026-07-07T15:42:53.524+00:00 CAN id=101 dlc=8 data=e785020000000000
2026-07-07T15:42:53.544+00:00 BENCH step t=7.020s -> steer=165951mdeg wheel=0milli-rpm
2026-07-07T15:42:53.544+00:00 CAN id=101 dlc=8 data=3f88020000000000
2026-07-07T15:42:53.545+00:00 VCP run=1 step=0 angle=158818 target=162351 err=3533 steer=1766 m1=0/9715 i1=788 t1=29 m2=165/9715 i2=323 t2=28 steerMode=9715/6013 iSteer=555756 driveMode=0/-6013 iDrive=232655 scale=0 wheel=0 ffS=0
2026-07-07T15:42:53.545+00:00 VCP SET_TARGET_RX steer=165351 wheel=0
2026-07-07T15:42:53.545+00:00 VCP run=1 step=0 angle=161631 target=165351 err=3720 steer=1860 m1=0/10230 i1=814 t1=29 m2=234/10230 i2=263 t2=28 steerMode=10230/7043 iSteer=538258 driveMode=0/-7045 iDrive=275480 scale=0 wheel=0 ffS=0
2026-07-07T15:42:53.564+00:00 BENCH step t=7.040s -> steer=166551mdeg wheel=0milli-rpm
2026-07-07T15:42:53.564+00:00 CAN id=101 dlc=8 data=978a020000000000
2026-07-07T15:42:53.584+00:00 BENCH step t=7.060s -> steer=167151mdeg wheel=0milli-rpm
2026-07-07T15:42:53.584+00:00 CAN id=101 dlc=8 data=ef8c020000000000
2026-07-07T15:42:53.604+00:00 BENCH step t=7.080s -> steer=167751mdeg wheel=0milli-rpm
2026-07-07T15:42:53.604+00:00 CAN id=101 dlc=8 data=478f020000000000
2026-07-07T15:42:53.624+00:00 BENCH step t=7.100s -> steer=168351mdeg wheel=0milli-rpm
2026-07-07T15:42:53.624+00:00 CAN id=101 dlc=8 data=9f91020000000000
2026-07-07T15:42:53.644+00:00 BENCH step t=7.120s -> steer=168951mdeg wheel=0milli-rpm
2026-07-07T15:42:53.644+00:00 CAN id=101 dlc=8 data=f793020000000000
2026-07-07T15:42:53.664+00:00 BENCH step t=7.140s -> steer=169551mdeg wheel=0milli-rpm
2026-07-07T15:42:53.664+00:00 CAN id=101 dlc=8 data=4f96020000000000
2026-07-07T15:42:53.684+00:00 BENCH step t=7.160s -> steer=170151mdeg wheel=0milli-rpm
2026-07-07T15:42:53.684+00:00 CAN id=101 dlc=8 data=a798020000000000
2026-07-07T15:42:53.704+00:00 BENCH step t=7.180s -> steer=170751mdeg wheel=0milli-rpm
2026-07-07T15:42:53.704+00:00 CAN id=101 dlc=8 data=ff9a020000000000
2026-07-07T15:42:53.724+00:00 BENCH step t=7.200s -> steer=171351mdeg wheel=0milli-rpm
2026-07-07T15:42:53.724+00:00 CAN id=101 dlc=8 data=579d020000000000
2026-07-07T15:42:53.732+00:00 VCP run=1 step=0 angle=164619 target=168351 err=3732 steer=1866 m1=-5/10263 i1=838 t1=29 m2=278/10263 i2=269 t2=28 steerMode=10263/6917 iSteer=553803 driveMode=0/-6913 iDrive=284456 scale=0 wheel=0 ffS=0
2026-07-07T15:42:53.744+00:00 BENCH step t=7.220s -> steer=171951mdeg wheel=0milli-rpm
2026-07-07T15:42:53.744+00:00 CAN id=101 dlc=8 data=af9f020000000000
2026-07-07T15:42:53.764+00:00 BENCH step t=7.240s -> steer=172551mdeg wheel=0milli-rpm
2026-07-07T15:42:53.764+00:00 CAN id=101 dlc=8 data=07a2020000000000
2026-07-07T15:42:53.784+00:00 BENCH step t=7.260s -> steer=173151mdeg wheel=0milli-rpm
2026-07-07T15:42:53.784+00:00 CAN id=101 dlc=8 data=5fa4020000000000
2026-07-07T15:42:53.804+00:00 BENCH step t=7.280s -> steer=173751mdeg wheel=0milli-rpm
2026-07-07T15:42:53.804+00:00 CAN id=101 dlc=8 data=b7a6020000000000
2026-07-07T15:42:53.824+00:00 BENCH step t=7.300s -> steer=174351mdeg wheel=0milli-rpm
2026-07-07T15:42:53.824+00:00 CAN id=101 dlc=8 data=0fa9020000000000
2026-07-07T15:42:53.837+00:00 VCP run=1 step=0 angle=167607 target=171351 err=3744 steer=1872 m1=-3/10295 i1=860 t1=29 m2=251/10295 i2=264 t2=28 steerMode=10295/6944 iSteer=562287 driveMode=0/-6949 iDrive=298060 scale=0 wheel=0 ffS=0
2026-07-07T15:42:53.844+00:00 BENCH step t=7.320s -> steer=174951mdeg wheel=0milli-rpm
2026-07-07T15:42:53.844+00:00 CAN id=101 dlc=8 data=67ab020000000000
2026-07-07T15:42:53.864+00:00 BENCH step t=7.340s -> steer=175551mdeg wheel=0milli-rpm
2026-07-07T15:42:53.864+00:00 CAN id=101 dlc=8 data=bfad020000000000
2026-07-07T15:42:53.884+00:00 BENCH step t=7.360s -> steer=176151mdeg wheel=0milli-rpm
2026-07-07T15:42:53.884+00:00 CAN id=101 dlc=8 data=17b0020000000000
2026-07-07T15:42:53.904+00:00 BENCH step t=7.380s -> steer=176751mdeg wheel=0milli-rpm
2026-07-07T15:42:53.904+00:00 CAN id=101 dlc=8 data=6fb2020000000000
2026-07-07T15:42:53.924+00:00 BENCH step t=7.400s -> steer=177351mdeg wheel=0milli-rpm
2026-07-07T15:42:53.924+00:00 CAN id=101 dlc=8 data=c7b4020000000000
2026-07-07T15:42:53.941+00:00 VCP run=1 step=0 angle=170684 target=174351 err=3667 steer=1834 m1=0/10085 i1=873 t1=29 m2=280/10085 i2=260 t2=28 steerMode=10085/6808 iSteer=566528 driveMode=0/-6812 iDrive=306721 scale=0 wheel=0 ffS=0
2026-07-07T15:42:53.944+00:00 BENCH step t=7.420s -> steer=177951mdeg wheel=0milli-rpm
2026-07-07T15:42:53.944+00:00 CAN id=101 dlc=8 data=1fb7020000000000
2026-07-07T15:42:53.964+00:00 BENCH step t=7.440s -> steer=178551mdeg wheel=0milli-rpm
2026-07-07T15:42:53.964+00:00 CAN id=101 dlc=8 data=77b9020000000000
2026-07-07T15:42:53.984+00:00 BENCH step t=7.460s -> steer=179151mdeg wheel=0milli-rpm
2026-07-07T15:42:53.984+00:00 CAN id=101 dlc=8 data=cfbb020000000000
2026-07-07T15:42:54.004+00:00 BENCH step t=7.480s -> steer=179751mdeg wheel=0milli-rpm
2026-07-07T15:42:54.004+00:00 CAN id=101 dlc=8 data=27be020000000000
2026-07-07T15:42:54.024+00:00 BENCH step t=7.500s -> steer=180351mdeg wheel=0milli-rpm
2026-07-07T15:42:54.024+00:00 CAN id=101 dlc=8 data=7fc0020000000000
2026-07-07T15:42:54.044+00:00 VCP run=1 step=0 angle=173672 target=177351 err=3679 steer=1840 m1=0/10118 i1=900 t1=29 m2=272/10118 i2=277 t2=28 steerMode=10118/6538 iSteer=588425 driveMode=0/-6541 iDrive=311499 scale=0 wheel=0 ffS=0
2026-07-07T15:42:54.044+00:00 VCP SET_TARGET_RX steer=180351 wheel=0
2026-07-07T15:42:54.044+00:00 BENCH step t=7.520s -> steer=180951mdeg wheel=0milli-rpm
2026-07-07T15:42:54.044+00:00 CAN id=101 dlc=8 data=d7c2020000000000
2026-07-07T15:42:54.064+00:00 BENCH step t=7.540s -> steer=181551mdeg wheel=0milli-rpm
2026-07-07T15:42:54.064+00:00 CAN id=101 dlc=8 data=2fc5020000000000
2026-07-07T15:42:54.084+00:00 BENCH step t=7.560s -> steer=182151mdeg wheel=0milli-rpm
2026-07-07T15:42:54.084+00:00 CAN id=101 dlc=8 data=87c7020000000000
2026-07-07T15:42:54.104+00:00 BENCH step t=7.580s -> steer=182751mdeg wheel=0milli-rpm
2026-07-07T15:42:54.104+00:00 CAN id=101 dlc=8 data=dfc9020000000000
2026-07-07T15:42:54.124+00:00 BENCH step t=7.600s -> steer=183351mdeg wheel=0milli-rpm
2026-07-07T15:42:54.124+00:00 CAN id=101 dlc=8 data=37cc020000000000
2026-07-07T15:42:54.144+00:00 BENCH step t=7.620s -> steer=183951mdeg wheel=0milli-rpm
2026-07-07T15:42:54.144+00:00 CAN id=101 dlc=8 data=8fce020000000000
2026-07-07T15:42:54.164+00:00 BENCH step t=7.640s -> steer=184551mdeg wheel=0milli-rpm
2026-07-07T15:42:54.164+00:00 CAN id=101 dlc=8 data=e7d0020000000000
2026-07-07T15:42:54.184+00:00 BENCH step t=7.660s -> steer=185151mdeg wheel=0milli-rpm
2026-07-07T15:42:54.184+00:00 CAN id=101 dlc=8 data=3fd3020000000000
2026-07-07T15:42:54.204+00:00 BENCH step t=7.680s -> steer=185751mdeg wheel=0milli-rpm
2026-07-07T15:42:54.204+00:00 CAN id=101 dlc=8 data=97d5020000000000
2026-07-07T15:42:54.224+00:00 BENCH step t=7.700s -> steer=186351mdeg wheel=0milli-rpm
2026-07-07T15:42:54.224+00:00 CAN id=101 dlc=8 data=efd7020000000000
2026-07-07T15:42:54.231+00:00 VCP run=1 step=0 angle=176660 target=180351 err=3691 steer=1845 m1=0/10150 i1=919 t1=29 m2=251/10150 i2=258 t2=28 steerMode=10150/6748 iSteer=588125 driveMode=0/-6762 iDrive=330552 scale=0 wheel=0 ffS=0
2026-07-07T15:42:54.231+00:00 VCP run=1 step=0 angle=179648 target=183351 err=3703 steer=1851 m1=0/10182 i1=935 t1=29 m2=284/10182 i2=232 t2=28 steerMode=10182/7013 iSteer=583646 driveMode=0/-7017 iDrive=351266 scale=0 wheel=0 ffS=0
2026-07-07T15:42:54.244+00:00 BENCH step t=7.720s -> steer=186951mdeg wheel=0milli-rpm
2026-07-07T15:42:54.244+00:00 CAN id=101 dlc=8 data=47da020000000000
2026-07-07T15:42:54.264+00:00 BENCH step t=7.740s -> steer=187551mdeg wheel=0milli-rpm
2026-07-07T15:42:54.264+00:00 CAN id=101 dlc=8 data=9fdc020000000000
2026-07-07T15:42:54.284+00:00 BENCH step t=7.760s -> steer=188151mdeg wheel=0milli-rpm
2026-07-07T15:42:54.284+00:00 CAN id=101 dlc=8 data=f7de020000000000
2026-07-07T15:42:54.304+00:00 BENCH step t=7.780s -> steer=188751mdeg wheel=0milli-rpm
2026-07-07T15:42:54.304+00:00 CAN id=101 dlc=8 data=4fe1020000000000
2026-07-07T15:42:54.324+00:00 BENCH step t=7.800s -> steer=189351mdeg wheel=0milli-rpm
2026-07-07T15:42:54.324+00:00 CAN id=101 dlc=8 data=a7e3020000000000
2026-07-07T15:42:54.336+00:00 VCP run=1 step=0 angle=184219 target=186351 err=2132 steer=1066 m1=345/5864 i1=130 t1=29 m2=274/5864 i2=-66 t2=28 steerMode=5864/13658 iSteer=32330 driveMode=0/1661 iDrive=98147 scale=0 wheel=0 ffS=0
2026-07-07T15:42:54.344+00:00 BENCH step t=7.820s -> steer=189951mdeg wheel=0milli-rpm
2026-07-07T15:42:54.344+00:00 CAN id=101 dlc=8 data=ffe5020000000000
2026-07-07T15:42:54.364+00:00 BENCH step t=7.840s -> steer=190551mdeg wheel=0milli-rpm
2026-07-07T15:42:54.364+00:00 CAN id=101 dlc=8 data=57e8020000000000
2026-07-07T15:42:54.384+00:00 BENCH step t=7.860s -> steer=191151mdeg wheel=0milli-rpm
2026-07-07T15:42:54.384+00:00 CAN id=101 dlc=8 data=afea020000000000
2026-07-07T15:42:54.404+00:00 BENCH step t=7.880s -> steer=191751mdeg wheel=0milli-rpm
2026-07-07T15:42:54.404+00:00 CAN id=101 dlc=8 data=07ed020000000000
2026-07-07T15:42:54.424+00:00 BENCH step t=7.900s -> steer=192351mdeg wheel=0milli-rpm
2026-07-07T15:42:54.424+00:00 CAN id=101 dlc=8 data=5fef020000000000
2026-07-07T15:42:54.441+00:00 VCP run=1 step=0 angle=188086 target=189351 err=1265 steer=633 m1=177/3479 i1=214 t1=29 m2=41/3479 i2=226 t2=28 steerMode=3479/7098 iSteer=220286 driveMode=0/4854 iDrive=-5945 scale=0 wheel=0 ffS=0
2026-07-07T15:42:54.444+00:00 BENCH step t=7.920s -> steer=192951mdeg wheel=0milli-rpm
2026-07-07T15:42:54.444+00:00 CAN id=101 dlc=8 data=b7f1020000000000
2026-07-07T15:42:54.464+00:00 BENCH step t=7.940s -> steer=193551mdeg wheel=0milli-rpm
2026-07-07T15:42:54.464+00:00 CAN id=101 dlc=8 data=0ff4020000000000
2026-07-07T15:42:54.484+00:00 BENCH step t=7.960s -> steer=194151mdeg wheel=0milli-rpm
2026-07-07T15:42:54.484+00:00 CAN id=101 dlc=8 data=67f6020000000000
2026-07-07T15:42:54.504+00:00 BENCH step t=7.980s -> steer=194751mdeg wheel=0milli-rpm
2026-07-07T15:42:54.504+00:00 CAN id=101 dlc=8 data=bff8020000000000
2026-07-07T15:42:54.524+00:00 BENCH step t=8.000s -> steer=195351mdeg wheel=0milli-rpm
2026-07-07T15:42:54.524+00:00 CAN id=101 dlc=8 data=17fb020000000000
2026-07-07T15:42:54.544+00:00 VCP run=1 step=0 angle=191250 target=192351 err=1101 steer=551 m1=209/3028 i1=194 t1=29 m2=20/3028 i2=172 t2=28 steerMode=3028/7151 iSteer=182766 driveMode=0/4035 iDrive=11164 scale=0 wheel=0 ffS=0
2026-07-07T15:42:54.544+00:00 VCP SET_TARGET_RX steer=195351 wheel=0
2026-07-07T15:42:54.544+00:00 BENCH step t=8.020s -> steer=195951mdeg wheel=0milli-rpm
2026-07-07T15:42:54.544+00:00 CAN id=101 dlc=8 data=6ffd020000000000
2026-07-07T15:42:54.564+00:00 BENCH step t=8.040s -> steer=196551mdeg wheel=0milli-rpm
2026-07-07T15:42:54.564+00:00 CAN id=101 dlc=8 data=c7ff020000000000
2026-07-07T15:42:54.584+00:00 BENCH step t=8.060s -> steer=197151mdeg wheel=0milli-rpm
2026-07-07T15:42:54.584+00:00 CAN id=101 dlc=8 data=1f02030000000000
2026-07-07T15:42:54.604+00:00 BENCH step t=8.080s -> steer=197751mdeg wheel=0milli-rpm
2026-07-07T15:42:54.604+00:00 CAN id=101 dlc=8 data=7704030000000000
2026-07-07T15:42:54.624+00:00 BENCH step t=8.100s -> steer=198351mdeg wheel=0milli-rpm
2026-07-07T15:42:54.624+00:00 CAN id=101 dlc=8 data=cf06030000000000
2026-07-07T15:42:54.644+00:00 BENCH step t=8.120s -> steer=198951mdeg wheel=0milli-rpm
2026-07-07T15:42:54.644+00:00 CAN id=101 dlc=8 data=2709030000000000
2026-07-07T15:42:54.664+00:00 BENCH step t=8.140s -> steer=199551mdeg wheel=0milli-rpm
2026-07-07T15:42:54.664+00:00 CAN id=101 dlc=8 data=7f0b030000000000
2026-07-07T15:42:54.684+00:00 BENCH step t=8.160s -> steer=200151mdeg wheel=0milli-rpm
2026-07-07T15:42:54.684+00:00 CAN id=101 dlc=8 data=d70d030000000000
2026-07-07T15:42:54.704+00:00 BENCH step t=8.180s -> steer=200751mdeg wheel=0milli-rpm
2026-07-07T15:42:54.704+00:00 CAN id=101 dlc=8 data=2f10030000000000
2026-07-07T15:42:54.724+00:00 BENCH step t=8.200s -> steer=201351mdeg wheel=0milli-rpm
2026-07-07T15:42:54.724+00:00 CAN id=101 dlc=8 data=8712030000000000
2026-07-07T15:42:54.731+00:00 VCP run=1 step=0 angle=193887 target=195351 err=1464 steer=732 m1=246/4027 i1=273 t1=29 m2=29/4027 i2=383 t2=28 steerMode=4027/5041 iSteer=328036 driveMode=0/5981 iDrive=-55452 scale=0 wheel=0 ffS=0
2026-07-07T15:42:54.731+00:00 VCP run=1 step=0 angle=196787 target=198351 err=1564 steer=782 m1=238/4301 i1=211 t1=29 m2=0/4301 i2=353 t2=28 steerMode=4301/6096 iSteer=282316 driveMode=0/6125 iDrive=-71149 scale=0 wheel=0 ffS=0
2026-07-07T15:42:54.744+00:00 BENCH step t=8.220s -> steer=201951mdeg wheel=0milli-rpm
2026-07-07T15:42:54.744+00:00 CAN id=101 dlc=8 data=df14030000000000
2026-07-07T15:42:54.764+00:00 BENCH step t=8.240s -> steer=202551mdeg wheel=0milli-rpm
2026-07-07T15:42:54.764+00:00 CAN id=101 dlc=8 data=3717030000000000
2026-07-07T15:42:54.784+00:00 BENCH step t=8.260s -> steer=203151mdeg wheel=0milli-rpm
2026-07-07T15:42:54.784+00:00 CAN id=101 dlc=8 data=8f19030000000000
2026-07-07T15:42:54.804+00:00 BENCH step t=8.280s -> steer=203751mdeg wheel=0milli-rpm
2026-07-07T15:42:54.804+00:00 CAN id=101 dlc=8 data=e71b030000000000
2026-07-07T15:42:54.824+00:00 BENCH step t=8.300s -> steer=204351mdeg wheel=0milli-rpm
2026-07-07T15:42:54.824+00:00 CAN id=101 dlc=8 data=3f1e030000000000
2026-07-07T15:42:54.836+00:00 VCP run=1 step=0 angle=199512 target=201351 err=1839 steer=920 m1=269/5058 i1=226 t1=29 m2=0/5058 i2=394 t2=28 steerMode=5058/6168 iSteer=310410 driveMode=0/6168 iDrive=-83999 scale=0 wheel=0 ffS=0
2026-07-07T15:42:54.844+00:00 BENCH step t=8.320s -> steer=204951mdeg wheel=0milli-rpm
2026-07-07T15:42:54.844+00:00 CAN id=101 dlc=8 data=9720030000000000
2026-07-07T15:42:54.864+00:00 BENCH step t=8.340s -> steer=205551mdeg wheel=0milli-rpm
2026-07-07T15:42:54.864+00:00 CAN id=101 dlc=8 data=ef22030000000000
2026-07-07T15:42:54.884+00:00 BENCH step t=8.360s -> steer=206151mdeg wheel=0milli-rpm
2026-07-07T15:42:54.884+00:00 CAN id=101 dlc=8 data=4725030000000000
2026-07-07T15:42:54.904+00:00 BENCH step t=8.380s -> steer=206751mdeg wheel=0milli-rpm
2026-07-07T15:42:54.904+00:00 CAN id=101 dlc=8 data=9f27030000000000
2026-07-07T15:42:54.924+00:00 BENCH step t=8.400s -> steer=207351mdeg wheel=0milli-rpm
2026-07-07T15:42:54.924+00:00 CAN id=101 dlc=8 data=f729030000000000
2026-07-07T15:42:54.942+00:00 VCP run=1 step=0 angle=202412 target=204351 err=1939 steer=969 m1=230/5332 i1=221 t1=29 m2=0/5332 i2=414 t2=28 steerMode=5332/6194 iSteer=317667 driveMode=0/6193 iDrive=-96647 scale=0 wheel=0 ffS=0
2026-07-07T15:42:54.944+00:00 BENCH step t=8.420s -> steer=207951mdeg wheel=0milli-rpm
2026-07-07T15:42:54.944+00:00 CAN id=101 dlc=8 data=4f2c030000000000
2026-07-07T15:42:54.964+00:00 BENCH step t=8.440s -> steer=208551mdeg wheel=0milli-rpm
2026-07-07T15:42:54.964+00:00 CAN id=101 dlc=8 data=a72e030000000000
2026-07-07T15:42:54.984+00:00 BENCH step t=8.460s -> steer=209151mdeg wheel=0milli-rpm
2026-07-07T15:42:54.984+00:00 CAN id=101 dlc=8 data=ff30030000000000
2026-07-07T15:42:55.004+00:00 BENCH step t=8.480s -> steer=209751mdeg wheel=0milli-rpm
2026-07-07T15:42:55.004+00:00 CAN id=101 dlc=8 data=5733030000000000
2026-07-07T15:42:55.024+00:00 BENCH step t=8.500s -> steer=210351mdeg wheel=0milli-rpm
2026-07-07T15:42:55.024+00:00 CAN id=101 dlc=8 data=af35030000000000
2026-07-07T15:42:55.044+00:00 BENCH step t=8.520s -> steer=210951mdeg wheel=0milli-rpm
2026-07-07T15:42:55.044+00:00 CAN id=101 dlc=8 data=0738030000000000
2026-07-07T15:42:55.045+00:00 VCP run=1 step=0 angle=205225 target=207351 err=2126 steer=1063 m1=215/5848 i1=209 t1=29 m2=0/5848 i2=443 t2=28 steerMode=5848/6461 iSteer=326141 driveMode=0/6461 iDrive=-116653 scale=0 wheel=0 ffS=0
2026-07-07T15:42:55.045+00:00 VCP SET_TARGET_RX steer=210351 wheel=0
2026-07-07T15:42:55.045+00:00 VCP run=1 step=0 angle=208301 target=210351 err=2050 steer=1025 m1=226/5638 i1=178 t1=29 m2=0/5638 i2=439 t2=28 steerMode=5638/6515 iSteer=308522 driveMode=0/6515 iDrive=-130648 scale=0 wheel=0 ffS=0
2026-07-07T15:42:55.064+00:00 BENCH step t=8.540s -> steer=211551mdeg wheel=0milli-rpm
2026-07-07T15:42:55.064+00:00 CAN id=101 dlc=8 data=5f3a030000000000
2026-07-07T15:42:55.084+00:00 BENCH step t=8.560s -> steer=212151mdeg wheel=0milli-rpm
2026-07-07T15:42:55.084+00:00 CAN id=101 dlc=8 data=b73c030000000000
2026-07-07T15:42:55.104+00:00 BENCH step t=8.580s -> steer=212751mdeg wheel=0milli-rpm
2026-07-07T15:42:55.104+00:00 CAN id=101 dlc=8 data=0f3f030000000000
2026-07-07T15:42:55.124+00:00 BENCH step t=8.600s -> steer=213351mdeg wheel=0milli-rpm
2026-07-07T15:42:55.124+00:00 CAN id=101 dlc=8 data=6741030000000000
2026-07-07T15:42:55.144+00:00 BENCH step t=8.620s -> steer=213951mdeg wheel=0milli-rpm
2026-07-07T15:42:55.144+00:00 CAN id=101 dlc=8 data=bf43030000000000
2026-07-07T15:42:55.164+00:00 BENCH step t=8.640s -> steer=214551mdeg wheel=0milli-rpm
2026-07-07T15:42:55.164+00:00 CAN id=101 dlc=8 data=1746030000000000
2026-07-07T15:42:55.184+00:00 BENCH step t=8.660s -> steer=215151mdeg wheel=0milli-rpm
2026-07-07T15:42:55.184+00:00 CAN id=101 dlc=8 data=6f48030000000000
2026-07-07T15:42:55.204+00:00 BENCH step t=8.680s -> steer=215751mdeg wheel=0milli-rpm
2026-07-07T15:42:55.204+00:00 CAN id=101 dlc=8 data=c74a030000000000
2026-07-07T15:42:55.224+00:00 BENCH step t=8.700s -> steer=216351mdeg wheel=0milli-rpm
2026-07-07T15:42:55.224+00:00 CAN id=101 dlc=8 data=1f4d030000000000
2026-07-07T15:42:55.233+00:00 VCP run=1 step=0 angle=211025 target=213351 err=2326 steer=1163 m1=272/6395 i1=215 t1=29 m2=0/6395 i2=490 t2=28 steerMode=6395/6349 iSteer=352820 driveMode=0/6350 iDrive=-137383 scale=0 wheel=0 ffS=0
2026-07-07T15:42:55.244+00:00 BENCH step t=8.720s -> steer=216951mdeg wheel=0milli-rpm
2026-07-07T15:42:55.244+00:00 CAN id=101 dlc=8 data=774f030000000000
2026-07-07T15:42:55.264+00:00 BENCH step t=8.740s -> steer=217551mdeg wheel=0milli-rpm
2026-07-07T15:42:55.264+00:00 CAN id=101 dlc=8 data=cf51030000000000
2026-07-07T15:42:55.284+00:00 BENCH step t=8.760s -> steer=218151mdeg wheel=0milli-rpm
2026-07-07T15:42:55.284+00:00 CAN id=101 dlc=8 data=2754030000000000
2026-07-07T15:42:55.304+00:00 BENCH step t=8.780s -> steer=218751mdeg wheel=0milli-rpm
2026-07-07T15:42:55.304+00:00 CAN id=101 dlc=8 data=7f56030000000000
2026-07-07T15:42:55.324+00:00 BENCH step t=8.800s -> steer=219351mdeg wheel=0milli-rpm
2026-07-07T15:42:55.324+00:00 CAN id=101 dlc=8 data=d758030000000000
2026-07-07T15:42:55.338+00:00 VCP run=1 step=0 angle=213926 target=216351 err=2425 steer=1213 m1=267/6669 i1=202 t1=29 m2=0/6669 i2=513 t2=28 steerMode=6669/6506 iSteer=357205 driveMode=0/6538 iDrive=-155305 scale=0 wheel=0 ffS=0
2026-07-07T15:42:55.344+00:00 BENCH step t=8.820s -> steer=219951mdeg wheel=0milli-rpm
2026-07-07T15:42:55.344+00:00 CAN id=101 dlc=8 data=2f5b030000000000
2026-07-07T15:42:55.364+00:00 BENCH step t=8.840s -> steer=220551mdeg wheel=0milli-rpm
2026-07-07T15:42:55.364+00:00 CAN id=101 dlc=8 data=875d030000000000
2026-07-07T15:42:55.384+00:00 BENCH step t=8.860s -> steer=221151mdeg wheel=0milli-rpm
2026-07-07T15:42:55.384+00:00 CAN id=101 dlc=8 data=df5f030000000000
2026-07-07T15:42:55.404+00:00 BENCH step t=8.880s -> steer=221751mdeg wheel=0milli-rpm
2026-07-07T15:42:55.404+00:00 CAN id=101 dlc=8 data=3762030000000000
2026-07-07T15:42:55.424+00:00 BENCH step t=8.900s -> steer=222351mdeg wheel=0milli-rpm
2026-07-07T15:42:55.424+00:00 CAN id=101 dlc=8 data=8f64030000000000
2026-07-07T15:42:55.443+00:00 VCP run=1 step=0 angle=216650 target=219351 err=2701 steer=1350 m1=263/7427 i1=220 t1=29 m2=0/7427 i2=559 t2=28 steerMode=7427/6606 iSteer=389546 driveMode=0/6607 iDrive=-169904 scale=0 wheel=0 ffS=0
2026-07-07T15:42:55.444+00:00 BENCH step t=8.920s -> steer=222951mdeg wheel=0milli-rpm
2026-07-07T15:42:55.444+00:00 CAN id=101 dlc=8 data=e766030000000000
2026-07-07T15:42:55.464+00:00 BENCH step t=8.940s -> steer=223551mdeg wheel=0milli-rpm
2026-07-07T15:42:55.464+00:00 CAN id=101 dlc=8 data=3f69030000000000
2026-07-07T15:42:55.484+00:00 BENCH step t=8.960s -> steer=224151mdeg wheel=0milli-rpm
2026-07-07T15:42:55.484+00:00 CAN id=101 dlc=8 data=976b030000000000
2026-07-07T15:42:55.504+00:00 BENCH step t=8.980s -> steer=224751mdeg wheel=0milli-rpm
2026-07-07T15:42:55.504+00:00 CAN id=101 dlc=8 data=ef6d030000000000
2026-07-07T15:42:55.524+00:00 BENCH step t=9.000s -> steer=225351mdeg wheel=0milli-rpm
2026-07-07T15:42:55.524+00:00 CAN id=101 dlc=8 data=4770030000000000
2026-07-07T15:42:55.544+00:00 BENCH step t=9.020s -> steer=225951mdeg wheel=0milli-rpm
2026-07-07T15:42:55.544+00:00 CAN id=101 dlc=8 data=9f72030000000000
2026-07-07T15:42:55.564+00:00 BENCH step t=9.040s -> steer=226551mdeg wheel=0milli-rpm
2026-07-07T15:42:55.564+00:00 CAN id=101 dlc=8 data=f774030000000000
2026-07-07T15:42:55.584+00:00 BENCH step t=9.060s -> steer=227151mdeg wheel=0milli-rpm
2026-07-07T15:42:55.584+00:00 CAN id=101 dlc=8 data=4f77030000000000
2026-07-07T15:42:55.604+00:00 BENCH step t=9.080s -> steer=227751mdeg wheel=0milli-rpm
2026-07-07T15:42:55.604+00:00 CAN id=101 dlc=8 data=a779030000000000
2026-07-07T15:42:55.624+00:00 BENCH step t=9.100s -> steer=228351mdeg wheel=0milli-rpm
2026-07-07T15:42:55.624+00:00 CAN id=101 dlc=8 data=ff7b030000000000
2026-07-07T15:42:55.628+00:00 VCP run=1 step=0 angle=219639 target=222351 err=2712 steer=1356 m1=276/7459 i1=198 t1=29 m2=0/7459 i2=571 t2=28 steerMode=7459/6748 iSteer=384467 driveMode=0/6748 iDrive=-186839 scale=0 wheel=0 ffS=0
2026-07-07T15:42:55.628+00:00 VCP SET_TARGET_RX steer=225351 wheel=0
2026-07-07T15:42:55.628+00:00 VCP run=1 step=0 angle=222539 target=225351 err=2812 steer=1406 m1=236/7733 i1=224 t1=29 m2=0/7733 i2=604 t2=28 steerMode=7733/6450 iSteer=413949 driveMode=0/6450 iDrive=-190320 scale=0 wheel=0 ffS=0
2026-07-07T15:42:55.644+00:00 BENCH step t=9.120s -> steer=228951mdeg wheel=0milli-rpm
2026-07-07T15:42:55.644+00:00 CAN id=101 dlc=8 data=577e030000000000
2026-07-07T15:42:55.664+00:00 BENCH step t=9.140s -> steer=229551mdeg wheel=0milli-rpm
2026-07-07T15:42:55.664+00:00 CAN id=101 dlc=8 data=af80030000000000
2026-07-07T15:42:55.684+00:00 BENCH step t=9.160s -> steer=230151mdeg wheel=0milli-rpm
2026-07-07T15:42:55.684+00:00 CAN id=101 dlc=8 data=0783030000000000
2026-07-07T15:42:55.704+00:00 BENCH step t=9.180s -> steer=230751mdeg wheel=0milli-rpm
2026-07-07T15:42:55.704+00:00 CAN id=101 dlc=8 data=5f85030000000000
2026-07-07T15:42:55.724+00:00 BENCH step t=9.200s -> steer=231351mdeg wheel=0milli-rpm
2026-07-07T15:42:55.724+00:00 CAN id=101 dlc=8 data=b787030000000000
2026-07-07T15:42:55.733+00:00 VCP run=1 step=0 angle=225439 target=228351 err=2912 steer=1456 m1=253/8007 i1=204 t1=29 m2=0/8007 i2=627 t2=28 steerMode=8007/6739 iSteer=415125 driveMode=0/6741 iDrive=-211497 scale=0 wheel=0 ffS=0
2026-07-07T15:42:55.744+00:00 BENCH step t=9.220s -> steer=231951mdeg wheel=0milli-rpm
2026-07-07T15:42:55.744+00:00 CAN id=101 dlc=8 data=0f8a030000000000
2026-07-07T15:42:55.764+00:00 BENCH step t=9.240s -> steer=232551mdeg wheel=0milli-rpm
2026-07-07T15:42:55.764+00:00 CAN id=101 dlc=8 data=678c030000000000
2026-07-07T15:42:55.784+00:00 BENCH step t=9.260s -> steer=233151mdeg wheel=0milli-rpm
2026-07-07T15:42:55.784+00:00 CAN id=101 dlc=8 data=bf8e030000000000
2026-07-07T15:42:55.804+00:00 BENCH step t=9.280s -> steer=233751mdeg wheel=0milli-rpm
2026-07-07T15:42:55.804+00:00 CAN id=101 dlc=8 data=1791030000000000
2026-07-07T15:42:55.824+00:00 BENCH step t=9.300s -> steer=234351mdeg wheel=0milli-rpm
2026-07-07T15:42:55.824+00:00 CAN id=101 dlc=8 data=6f93030000000000
2026-07-07T15:42:55.838+00:00 VCP run=1 step=0 angle=228340 target=231351 err=3011 steer=1506 m1=286/8281 i1=205 t1=29 m2=0/8281 i2=654 t2=28 steerMode=8281/6753 iSteer=429947 driveMode=0/6753 iDrive=-224521 scale=0 wheel=0 ffS=0
2026-07-07T15:42:55.844+00:00 BENCH step t=9.320s -> steer=234951mdeg wheel=0milli-rpm
2026-07-07T15:42:55.844+00:00 CAN id=101 dlc=8 data=c795030000000000
2026-07-07T15:42:55.864+00:00 BENCH step t=9.340s -> steer=235551mdeg wheel=0milli-rpm
2026-07-07T15:42:55.864+00:00 CAN id=101 dlc=8 data=1f98030000000000
2026-07-07T15:42:55.884+00:00 BENCH step t=9.360s -> steer=236151mdeg wheel=0milli-rpm
2026-07-07T15:42:55.884+00:00 CAN id=101 dlc=8 data=779a030000000000
2026-07-07T15:42:55.904+00:00 BENCH step t=9.380s -> steer=236751mdeg wheel=0milli-rpm
2026-07-07T15:42:55.904+00:00 CAN id=101 dlc=8 data=cf9c030000000000
2026-07-07T15:42:55.924+00:00 BENCH step t=9.400s -> steer=237351mdeg wheel=0milli-rpm
2026-07-07T15:42:55.924+00:00 CAN id=101 dlc=8 data=279f030000000000
2026-07-07T15:42:55.943+00:00 VCP run=1 step=0 angle=231240 target=234351 err=3111 steer=1555 m1=290/8555 i1=199 t1=29 m2=0/8555 i2=681 t2=28 steerMode=8555/6875 iSteer=439845 driveMode=0/6878 iDrive=-241185 scale=0 wheel=0 ffS=0
2026-07-07T15:42:55.944+00:00 BENCH step t=9.420s -> steer=237951mdeg wheel=0milli-rpm
2026-07-07T15:42:55.944+00:00 CAN id=101 dlc=8 data=7fa1030000000000
2026-07-07T15:42:55.964+00:00 BENCH step t=9.440s -> steer=238551mdeg wheel=0milli-rpm
2026-07-07T15:42:55.964+00:00 CAN id=101 dlc=8 data=d7a3030000000000
2026-07-07T15:42:55.984+00:00 BENCH step t=9.460s -> steer=239151mdeg wheel=0milli-rpm
2026-07-07T15:42:55.984+00:00 CAN id=101 dlc=8 data=2fa6030000000000
2026-07-07T15:42:56.004+00:00 BENCH step t=9.480s -> steer=239751mdeg wheel=0milli-rpm
2026-07-07T15:42:56.004+00:00 CAN id=101 dlc=8 data=87a8030000000000
2026-07-07T15:42:56.024+00:00 BENCH step t=9.500s -> steer=240351mdeg wheel=0milli-rpm
2026-07-07T15:42:56.024+00:00 CAN id=101 dlc=8 data=dfaa030000000000
2026-07-07T15:42:56.044+00:00 BENCH step t=9.520s -> steer=240951mdeg wheel=0milli-rpm
2026-07-07T15:42:56.044+00:00 CAN id=101 dlc=8 data=37ad030000000000
2026-07-07T15:42:56.064+00:00 BENCH step t=9.540s -> steer=241551mdeg wheel=0milli-rpm
2026-07-07T15:42:56.064+00:00 CAN id=101 dlc=8 data=8faf030000000000
2026-07-07T15:42:56.084+00:00 BENCH step t=9.560s -> steer=242151mdeg wheel=0milli-rpm
2026-07-07T15:42:56.084+00:00 CAN id=101 dlc=8 data=e7b1030000000000
2026-07-07T15:42:56.104+00:00 BENCH step t=9.580s -> steer=242751mdeg wheel=0milli-rpm
2026-07-07T15:42:56.104+00:00 CAN id=101 dlc=8 data=3fb4030000000000
2026-07-07T15:42:56.124+00:00 BENCH step t=9.600s -> steer=243351mdeg wheel=0milli-rpm
2026-07-07T15:42:56.124+00:00 CAN id=101 dlc=8 data=97b6030000000000
2026-07-07T15:42:56.128+00:00 VCP run=1 step=0 angle=234229 target=237351 err=3122 steer=1561 m1=223/8587 i1=185 t1=29 m2=0/8587 i2=697 t2=28 steerMode=8587/6937 iSteer=440864 driveMode=0/6937 iDrive=-255916 scale=0 wheel=0 ffS=0
2026-07-07T15:42:56.128+00:00 VCP SET_TARGET_RX steer=240351 wheel=0
2026-07-07T15:42:56.128+00:00 VCP run=1 step=0 angle=236953 target=240351 err=3398 steer=1699 m1=253/9344 i1=211 t1=29 m2=0/9344 i2=750 t2=28 steerMode=9344/6976 iSteer=480443 driveMode=0/6972 iDrive=-269810 scale=0 wheel=0 ffS=0
2026-07-07T15:42:56.144+00:00 BENCH step t=9.620s -> steer=243951mdeg wheel=0milli-rpm
2026-07-07T15:42:56.144+00:00 CAN id=101 dlc=8 data=efb8030000000000
2026-07-07T15:42:56.164+00:00 BENCH step t=9.640s -> steer=244551mdeg wheel=0milli-rpm
2026-07-07T15:42:56.164+00:00 CAN id=101 dlc=8 data=47bb030000000000
2026-07-07T15:42:56.184+00:00 BENCH step t=9.660s -> steer=245151mdeg wheel=0milli-rpm
2026-07-07T15:42:56.184+00:00 CAN id=101 dlc=8 data=9fbd030000000000
2026-07-07T15:42:56.204+00:00 BENCH step t=9.680s -> steer=245751mdeg wheel=0milli-rpm
2026-07-07T15:42:56.204+00:00 CAN id=101 dlc=8 data=f7bf030000000000
2026-07-07T15:42:56.224+00:00 BENCH step t=9.700s -> steer=246351mdeg wheel=0milli-rpm
2026-07-07T15:42:56.224+00:00 CAN id=101 dlc=8 data=4fc2030000000000
2026-07-07T15:42:56.233+00:00 VCP run=1 step=0 angle=240205 target=243351 err=3146 steer=1573 m1=292/8651 i1=159 t1=29 m2=0/8651 i2=731 t2=28 steerMode=8651/7058 iSteer=445155 driveMode=0/7063 iDrive=-285750 scale=0 wheel=0 ffS=0
2026-07-07T15:42:56.244+00:00 BENCH step t=9.720s -> steer=246951mdeg wheel=0milli-rpm
2026-07-07T15:42:56.244+00:00 CAN id=101 dlc=8 data=a7c4030000000000
2026-07-07T15:42:56.264+00:00 BENCH step t=9.740s -> steer=247551mdeg wheel=0milli-rpm
2026-07-07T15:42:56.264+00:00 CAN id=101 dlc=8 data=ffc6030000000000
2026-07-07T15:42:56.284+00:00 BENCH step t=9.760s -> steer=248151mdeg wheel=0milli-rpm
2026-07-07T15:42:56.284+00:00 CAN id=101 dlc=8 data=57c9030000000000
2026-07-07T15:42:56.304+00:00 BENCH step t=9.780s -> steer=248751mdeg wheel=0milli-rpm
2026-07-07T15:42:56.304+00:00 CAN id=101 dlc=8 data=afcb030000000000
2026-07-07T15:42:56.324+00:00 BENCH step t=9.800s -> steer=249351mdeg wheel=0milli-rpm
2026-07-07T15:42:56.324+00:00 CAN id=101 dlc=8 data=07ce030000000000
2026-07-07T15:42:56.338+00:00 VCP run=1 step=0 angle=243105 target=246351 err=3246 steer=1623 m1=234/8925 i1=217 t1=29 m2=0/8925 i2=774 t2=28 steerMode=8925/6407 iSteer=495237 driveMode=0/6407 iDrive=-278587 scale=0 wheel=0 ffS=0
2026-07-07T15:42:56.344+00:00 BENCH step t=9.820s -> steer=249951mdeg wheel=0milli-rpm
2026-07-07T15:42:56.344+00:00 CAN id=101 dlc=8 data=5fd0030000000000
2026-07-07T15:42:56.364+00:00 BENCH step t=9.840s -> steer=250551mdeg wheel=0milli-rpm
2026-07-07T15:42:56.364+00:00 CAN id=101 dlc=8 data=b7d2030000000000
2026-07-07T15:42:56.384+00:00 BENCH step t=9.860s -> steer=251151mdeg wheel=0milli-rpm
2026-07-07T15:42:56.384+00:00 CAN id=101 dlc=8 data=0fd5030000000000
2026-07-07T15:42:56.404+00:00 BENCH step t=9.880s -> steer=251751mdeg wheel=0milli-rpm
2026-07-07T15:42:56.404+00:00 CAN id=101 dlc=8 data=67d7030000000000
2026-07-07T15:42:56.424+00:00 BENCH step t=9.900s -> steer=252351mdeg wheel=0milli-rpm
2026-07-07T15:42:56.424+00:00 CAN id=101 dlc=8 data=bfd9030000000000
2026-07-07T15:42:56.443+00:00 VCP run=1 step=0 angle=246094 target=249351 err=3257 steer=1629 m1=272/8957 i1=188 t1=29 m2=0/8957 i2=787 t2=28 steerMode=8957/6684 iSteer=487395 driveMode=0/6684 iDrive=-299317 scale=0 wheel=0 ffS=0
2026-07-07T15:42:56.444+00:00 BENCH step t=9.920s -> steer=252951mdeg wheel=0milli-rpm
2026-07-07T15:42:56.444+00:00 CAN id=101 dlc=8 data=17dc030000000000
2026-07-07T15:42:56.464+00:00 BENCH step t=9.940s -> steer=253551mdeg wheel=0milli-rpm
2026-07-07T15:42:56.464+00:00 CAN id=101 dlc=8 data=6fde030000000000
2026-07-07T15:42:56.484+00:00 BENCH step t=9.960s -> steer=254151mdeg wheel=0milli-rpm
2026-07-07T15:42:56.484+00:00 CAN id=101 dlc=8 data=c7e0030000000000
2026-07-07T15:42:56.504+00:00 BENCH step t=9.980s -> steer=254751mdeg wheel=0milli-rpm
2026-07-07T15:42:56.504+00:00 CAN id=101 dlc=8 data=1fe3030000000000
2026-07-07T15:42:56.524+00:00 BENCH step t=10.000s -> steer=255351mdeg wheel=0milli-rpm
2026-07-07T15:42:56.524+00:00 CAN id=101 dlc=8 data=77e5030000000000
2026-07-07T15:42:56.544+00:00 BENCH step t=10.020s -> steer=255951mdeg wheel=0milli-rpm
2026-07-07T15:42:56.544+00:00 CAN id=101 dlc=8 data=cfe7030000000000
2026-07-07T15:42:56.564+00:00 BENCH step t=10.040s -> steer=256551mdeg wheel=0milli-rpm
2026-07-07T15:42:56.564+00:00 CAN id=101 dlc=8 data=27ea030000000000
2026-07-07T15:42:56.584+00:00 BENCH step t=10.060s -> steer=257151mdeg wheel=0milli-rpm
2026-07-07T15:42:56.584+00:00 CAN id=101 dlc=8 data=7fec030000000000
2026-07-07T15:42:56.604+00:00 BENCH step t=10.080s -> steer=257751mdeg wheel=0milli-rpm
2026-07-07T15:42:56.604+00:00 CAN id=101 dlc=8 data=d7ee030000000000
2026-07-07T15:42:56.624+00:00 BENCH step t=10.100s -> steer=258351mdeg wheel=0milli-rpm
2026-07-07T15:42:56.624+00:00 CAN id=101 dlc=8 data=2ff1030000000000
2026-07-07T15:42:56.628+00:00 VCP run=1 step=0 angle=248994 target=252351 err=3357 steer=1678 m1=253/9231 i1=202 t1=29 m2=0/9231 i2=820 t2=28 steerMode=9231/6579 iSteer=511057 driveMode=0/6574 iDrive=-308584 scale=0 wheel=0 ffS=0
2026-07-07T15:42:56.628+00:00 VCP SET_TARGET_RX steer=255351 wheel=0
2026-07-07T15:42:56.628+00:00 VCP run=1 step=0 angle=251895 target=255351 err=3456 steer=1728 m1=244/9505 i1=208 t1=29 m2=0/9505 i2=851 t2=28 steerMode=9505/6585 iSteer=529497 driveMode=0/6585 iDrive=-321538 scale=0 wheel=0 ffS=0
2026-07-07T15:42:56.644+00:00 BENCH step t=10.120s -> steer=258951mdeg wheel=0milli-rpm
2026-07-07T15:42:56.644+00:00 CAN id=101 dlc=8 data=87f3030000000000
2026-07-07T15:42:56.664+00:00 BENCH step t=10.140s -> steer=259551mdeg wheel=0milli-rpm
2026-07-07T15:42:56.664+00:00 CAN id=101 dlc=8 data=dff5030000000000
2026-07-07T15:42:56.684+00:00 BENCH step t=10.160s -> steer=260151mdeg wheel=0milli-rpm
2026-07-07T15:42:56.684+00:00 CAN id=101 dlc=8 data=37f8030000000000
2026-07-07T15:42:56.704+00:00 BENCH step t=10.180s -> steer=260751mdeg wheel=0milli-rpm
2026-07-07T15:42:56.704+00:00 CAN id=101 dlc=8 data=8ffa030000000000
2026-07-07T15:42:56.724+00:00 BENCH step t=10.200s -> steer=261351mdeg wheel=0milli-rpm
2026-07-07T15:42:56.724+00:00 CAN id=101 dlc=8 data=e7fc030000000000
2026-07-07T15:42:56.732+00:00 VCP run=1 step=0 angle=254707 target=258351 err=3644 steer=1822 m1=284/10021 i1=210 t1=29 m2=0/10021 i2=892 t2=28 steerMode=10021/6813 iSteer=550592 driveMode=0/6814 iDrive=-341071 scale=0 wheel=0 ffS=0
2026-07-07T15:42:56.744+00:00 BENCH step t=10.220s -> steer=261951mdeg wheel=0milli-rpm
2026-07-07T15:42:56.744+00:00 CAN id=101 dlc=8 data=3fff030000000000
2026-07-07T15:42:56.764+00:00 BENCH step t=10.240s -> steer=262551mdeg wheel=0milli-rpm
2026-07-07T15:42:56.764+00:00 CAN id=101 dlc=8 data=9701040000000000
2026-07-07T15:42:56.784+00:00 BENCH step t=10.260s -> steer=263151mdeg wheel=0milli-rpm
2026-07-07T15:42:56.784+00:00 CAN id=101 dlc=8 data=ef03040000000000
2026-07-07T15:42:56.804+00:00 BENCH step t=10.280s -> steer=263751mdeg wheel=0milli-rpm
2026-07-07T15:42:56.804+00:00 CAN id=101 dlc=8 data=4706040000000000
2026-07-07T15:42:56.824+00:00 BENCH step t=10.300s -> steer=264351mdeg wheel=0milli-rpm
2026-07-07T15:42:56.824+00:00 CAN id=101 dlc=8 data=9f08040000000000
2026-07-07T15:42:56.837+00:00 VCP run=1 step=0 angle=257607 target=261351 err=3744 steer=1872 m1=255/10295 i1=240 t1=29 m2=0/10295 i2=930 t2=28 steerMode=10295/6530 iSteer=585359 driveMode=0/6530 iDrive=-345006 scale=0 wheel=0 ffS=0
2026-07-07T15:42:56.844+00:00 BENCH step t=10.320s -> steer=264951mdeg wheel=0milli-rpm
2026-07-07T15:42:56.844+00:00 CAN id=101 dlc=8 data=f70a040000000000
2026-07-07T15:42:56.864+00:00 BENCH step t=10.340s -> steer=265551mdeg wheel=0milli-rpm
2026-07-07T15:42:56.864+00:00 CAN id=101 dlc=8 data=4f0d040000000000
2026-07-07T15:42:56.884+00:00 BENCH step t=10.360s -> steer=266151mdeg wheel=0milli-rpm
2026-07-07T15:42:56.884+00:00 CAN id=101 dlc=8 data=a70f040000000000
2026-07-07T15:42:56.904+00:00 BENCH step t=10.380s -> steer=266751mdeg wheel=0milli-rpm
2026-07-07T15:42:56.904+00:00 CAN id=101 dlc=8 data=ff11040000000000
2026-07-07T15:42:56.924+00:00 BENCH step t=10.400s -> steer=267351mdeg wheel=0milli-rpm
2026-07-07T15:42:56.924+00:00 CAN id=101 dlc=8 data=5714040000000000
2026-07-07T15:42:56.942+00:00 VCP run=1 step=0 angle=260684 target=264351 err=3667 steer=1834 m1=240/10085 i1=167 t1=29 m2=0/10085 i2=926 t2=28 steerMode=10085/7232 iSteer=546595 driveMode=0/7236 iDrive=-379321 scale=0 wheel=0 ffS=0
2026-07-07T15:42:56.944+00:00 BENCH step t=10.420s -> steer=267951mdeg wheel=0milli-rpm
2026-07-07T15:42:56.944+00:00 CAN id=101 dlc=8 data=af16040000000000
2026-07-07T15:42:56.964+00:00 BENCH step t=10.440s -> steer=268551mdeg wheel=0milli-rpm
2026-07-07T15:42:56.964+00:00 CAN id=101 dlc=8 data=0719040000000000
2026-07-07T15:42:56.984+00:00 BENCH step t=10.460s -> steer=269151mdeg wheel=0milli-rpm
2026-07-07T15:42:56.984+00:00 CAN id=101 dlc=8 data=5f1b040000000000
2026-07-07T15:42:57.004+00:00 BENCH step t=10.480s -> steer=269751mdeg wheel=0milli-rpm
2026-07-07T15:42:57.004+00:00 CAN id=101 dlc=8 data=b71d040000000000
2026-07-07T15:42:57.024+00:00 BENCH step t=10.500s -> steer=270351mdeg wheel=0milli-rpm
2026-07-07T15:42:57.024+00:00 CAN id=101 dlc=8 data=0f20040000000000
2026-07-07T15:42:57.044+00:00 BENCH step t=10.520s -> steer=270951mdeg wheel=0milli-rpm
2026-07-07T15:42:57.044+00:00 CAN id=101 dlc=8 data=6722040000000000
2026-07-07T15:42:57.064+00:00 BENCH step t=10.540s -> steer=271551mdeg wheel=0milli-rpm
2026-07-07T15:42:57.064+00:00 CAN id=101 dlc=8 data=bf24040000000000
2026-07-07T15:42:57.084+00:00 BENCH step t=10.560s -> steer=272151mdeg wheel=0milli-rpm
2026-07-07T15:42:57.084+00:00 CAN id=101 dlc=8 data=1727040000000000
2026-07-07T15:42:57.104+00:00 BENCH step t=10.580s -> steer=272751mdeg wheel=0milli-rpm
2026-07-07T15:42:57.104+00:00 CAN id=101 dlc=8 data=6f29040000000000
2026-07-07T15:42:57.124+00:00 BENCH step t=10.600s -> steer=273351mdeg wheel=0milli-rpm
2026-07-07T15:42:57.124+00:00 CAN id=101 dlc=8 data=c72b040000000000
2026-07-07T15:42:57.127+00:00 VCP run=1 step=0 angle=263848 target=267351 err=3503 steer=1752 m1=257/9634 i1=179 t1=29 m2=0/9634 i2=932 t2=28 steerMode=9634/6717 iSteer=555359 driveMode=0/6717 iDrive=-376744 scale=0 wheel=0 ffS=0
2026-07-07T15:42:57.127+00:00 VCP SET_TARGET_RX steer=270351 wheel=0
2026-07-07T15:42:57.127+00:00 VCP run=1 step=0 angle=266748 target=270351 err=3603 steer=1801 m1=257/9908 i1=190 t1=29 m2=0/9908 i2=966 t2=28 steerMode=9908/6676 iSteer=578094 driveMode=0/6676 iDrive=-387970 scale=0 wheel=0 ffS=0
2026-07-07T15:42:57.144+00:00 BENCH step t=10.620s -> steer=273951mdeg wheel=0milli-rpm
2026-07-07T15:42:57.144+00:00 CAN id=101 dlc=8 data=1f2e040000000000
2026-07-07T15:42:57.164+00:00 BENCH step t=10.640s -> steer=274551mdeg wheel=0milli-rpm
2026-07-07T15:42:57.164+00:00 CAN id=101 dlc=8 data=7730040000000000
2026-07-07T15:42:57.184+00:00 BENCH step t=10.660s -> steer=275151mdeg wheel=0milli-rpm
2026-07-07T15:42:57.184+00:00 CAN id=101 dlc=8 data=cf32040000000000
2026-07-07T15:42:57.204+00:00 BENCH step t=10.680s -> steer=275751mdeg wheel=0milli-rpm
2026-07-07T15:42:57.204+00:00 CAN id=101 dlc=8 data=2735040000000000
2026-07-07T15:42:57.224+00:00 BENCH step t=10.700s -> steer=276351mdeg wheel=0milli-rpm
2026-07-07T15:42:57.224+00:00 CAN id=101 dlc=8 data=7f37040000000000
2026-07-07T15:42:57.232+00:00 VCP run=1 step=0 angle=269736 target=273351 err=3615 steer=1807 m1=246/9940 i1=198 t1=29 m2=0/9940 i2=990 t2=28 steerMode=9940/6532 iSteer=594014 driveMode=0/6535 iDrive=-396308 scale=0 wheel=0 ffS=0
2026-07-07T15:42:57.244+00:00 BENCH step t=10.720s -> steer=276951mdeg wheel=0milli-rpm
2026-07-07T15:42:57.244+00:00 CAN id=101 dlc=8 data=d739040000000000
2026-07-07T15:42:57.264+00:00 BENCH step t=10.740s -> steer=277551mdeg wheel=0milli-rpm
2026-07-07T15:42:57.264+00:00 CAN id=101 dlc=8 data=2f3c040000000000
2026-07-07T15:42:57.284+00:00 BENCH step t=10.760s -> steer=278151mdeg wheel=0milli-rpm
2026-07-07T15:42:57.284+00:00 CAN id=101 dlc=8 data=873e040000000000
2026-07-07T15:42:57.304+00:00 BENCH step t=10.780s -> steer=278751mdeg wheel=0milli-rpm
2026-07-07T15:42:57.304+00:00 CAN id=101 dlc=8 data=df40040000000000
2026-07-07T15:42:57.324+00:00 BENCH step t=10.800s -> steer=279351mdeg wheel=0milli-rpm
2026-07-07T15:42:57.324+00:00 CAN id=101 dlc=8 data=3743040000000000
2026-07-07T15:42:57.337+00:00 VCP run=1 step=0 angle=273340 target=276351 err=3011 steer=1506 m1=263/8281 i1=1 t1=29 m2=320/8281 i2=547 t2=28 steerMode=8281/11384 iSteer=274069 driveMode=0/2052 iDrive=-272742 scale=0 wheel=0 ffS=0
2026-07-07T15:42:57.344+00:00 BENCH step t=10.820s -> steer=279951mdeg wheel=0milli-rpm
2026-07-07T15:42:57.344+00:00 CAN id=101 dlc=8 data=8f45040000000000
2026-07-07T15:42:57.364+00:00 BENCH step t=10.840s -> steer=280551mdeg wheel=0milli-rpm
2026-07-07T15:42:57.364+00:00 CAN id=101 dlc=8 data=e747040000000000
2026-07-07T15:42:57.384+00:00 BENCH step t=10.860s -> steer=281151mdeg wheel=0milli-rpm
2026-07-07T15:42:57.384+00:00 CAN id=101 dlc=8 data=3f4a040000000000
2026-07-07T15:42:57.404+00:00 BENCH step t=10.880s -> steer=281751mdeg wheel=0milli-rpm
2026-07-07T15:42:57.404+00:00 CAN id=101 dlc=8 data=974c040000000000
2026-07-07T15:42:57.424+00:00 BENCH step t=10.900s -> steer=282351mdeg wheel=0milli-rpm
2026-07-07T15:42:57.424+00:00 CAN id=101 dlc=8 data=ef4e040000000000
2026-07-07T15:42:57.443+00:00 VCP run=1 step=0 angle=278965 target=279351 err=386 steer=0 m1=14/0 i1=-30 t1=29 m2=213/0 i2=18 t2=28 steerMode=0/8145 iSteer=-6095 driveMode=0/-5994 iDrive=-24350 scale=0 wheel=0 ffS=0
2026-07-07T15:42:57.444+00:00 BENCH step t=10.920s -> steer=282951mdeg wheel=0milli-rpm
2026-07-07T15:42:57.444+00:00 CAN id=101 dlc=8 data=4751040000000000
2026-07-07T15:42:57.464+00:00 BENCH step t=10.940s -> steer=283551mdeg wheel=0milli-rpm
2026-07-07T15:42:57.464+00:00 CAN id=101 dlc=8 data=9f53040000000000
2026-07-07T15:42:57.484+00:00 BENCH step t=10.960s -> steer=284151mdeg wheel=0milli-rpm
2026-07-07T15:42:57.484+00:00 CAN id=101 dlc=8 data=f755040000000000
2026-07-07T15:42:57.504+00:00 BENCH step t=10.980s -> steer=284751mdeg wheel=0milli-rpm
2026-07-07T15:42:57.504+00:00 CAN id=101 dlc=8 data=4f58040000000000
2026-07-07T15:42:57.524+00:00 BENCH step t=11.000s -> steer=285351mdeg wheel=0milli-rpm
2026-07-07T15:42:57.524+00:00 CAN id=101 dlc=8 data=a75a040000000000
2026-07-07T15:42:57.544+00:00 BENCH step t=11.020s -> steer=285951mdeg wheel=0milli-rpm
2026-07-07T15:42:57.544+00:00 CAN id=101 dlc=8 data=ff5c040000000000
2026-07-07T15:42:57.564+00:00 BENCH step t=11.040s -> steer=286551mdeg wheel=0milli-rpm
2026-07-07T15:42:57.564+00:00 CAN id=101 dlc=8 data=575f040000000000
2026-07-07T15:42:57.584+00:00 BENCH step t=11.060s -> steer=287151mdeg wheel=0milli-rpm
2026-07-07T15:42:57.584+00:00 CAN id=101 dlc=8 data=af61040000000000
2026-07-07T15:42:57.604+00:00 BENCH step t=11.080s -> steer=287751mdeg wheel=0milli-rpm
2026-07-07T15:42:57.604+00:00 CAN id=101 dlc=8 data=0764040000000000
2026-07-07T15:42:57.624+00:00 BENCH step t=11.100s -> steer=288351mdeg wheel=0milli-rpm
2026-07-07T15:42:57.624+00:00 CAN id=101 dlc=8 data=5f66040000000000
2026-07-07T15:42:57.628+00:00 VCP run=1 step=0 angle=280811 target=282351 err=1540 steer=770 m1=0/4236 i1=298 t1=29 m2=267/4236 i2=368 t2=28 steerMode=4236/5370 iSteer=333280 driveMode=0/-5314 iDrive=-35104 scale=0 wheel=0 ffS=0
2026-07-07T15:42:57.628+00:00 VCP SET_TARGET_RX steer=285351 wheel=0
2026-07-07T15:42:57.628+00:00 VCP run=1 step=0 angle=284326 target=285351 err=1025 steer=512 m1=0/2818 i1=205 t1=29 m2=219/2818 i2=157 t2=28 steerMode=2818/6786 iSteer=180900 driveMode=0/-6842 iDrive=23656 scale=0 wheel=0 ffS=0
2026-07-07T15:42:57.644+00:00 BENCH step t=11.120s -> steer=288951mdeg wheel=0milli-rpm
2026-07-07T15:42:57.644+00:00 CAN id=101 dlc=8 data=b768040000000000
2026-07-07T15:42:57.664+00:00 BENCH step t=11.140s -> steer=289551mdeg wheel=0milli-rpm
2026-07-07T15:42:57.664+00:00 CAN id=101 dlc=8 data=0f6b040000000000
2026-07-07T15:42:57.684+00:00 BENCH step t=11.160s -> steer=290151mdeg wheel=0milli-rpm
2026-07-07T15:42:57.684+00:00 CAN id=101 dlc=8 data=676d040000000000
2026-07-07T15:42:57.704+00:00 BENCH step t=11.180s -> steer=290751mdeg wheel=0milli-rpm
2026-07-07T15:42:57.704+00:00 CAN id=101 dlc=8 data=bf6f040000000000
2026-07-07T15:42:57.724+00:00 BENCH step t=11.200s -> steer=291351mdeg wheel=0milli-rpm
2026-07-07T15:42:57.724+00:00 CAN id=101 dlc=8 data=1772040000000000
2026-07-07T15:42:57.734+00:00 VCP run=1 step=0 angle=287227 target=288351 err=1124 steer=562 m1=0/3092 i1=248 t1=29 m2=150/3092 i2=274 t2=28 steerMode=3092/5229 iSteer=260707 driveMode=0/-5260 iDrive=-12869 scale=0 wheel=0 ffS=0
2026-07-07T15:42:57.744+00:00 BENCH step t=11.220s -> steer=291951mdeg wheel=0milli-rpm
2026-07-07T15:42:57.744+00:00 CAN id=101 dlc=8 data=6f74040000000000
2026-07-07T15:42:57.764+00:00 BENCH step t=11.240s -> steer=292551mdeg wheel=0milli-rpm
2026-07-07T15:42:57.764+00:00 CAN id=101 dlc=8 data=c776040000000000
2026-07-07T15:42:57.784+00:00 BENCH step t=11.260s -> steer=293151mdeg wheel=0milli-rpm
2026-07-07T15:42:57.784+00:00 CAN id=101 dlc=8 data=1f79040000000000
2026-07-07T15:42:57.804+00:00 BENCH step t=11.280s -> steer=293751mdeg wheel=0milli-rpm
2026-07-07T15:42:57.804+00:00 CAN id=101 dlc=8 data=777b040000000000
2026-07-07T15:42:57.824+00:00 BENCH step t=11.300s -> steer=294351mdeg wheel=0milli-rpm
2026-07-07T15:42:57.824+00:00 CAN id=101 dlc=8 data=cf7d040000000000
2026-07-07T15:42:57.839+00:00 VCP run=1 step=0 angle=289160 target=291351 err=2191 steer=1095 m1=0/6025 i1=363 t1=29 m2=305/6025 i2=260 t2=28 steerMode=6025/7041 iSteer=311818 driveMode=0/-7044 iDrive=51511 scale=0 wheel=0 ffS=0
2026-07-07T15:42:57.844+00:00 BENCH step t=11.320s -> steer=294951mdeg wheel=0milli-rpm
2026-07-07T15:42:57.844+00:00 CAN id=101 dlc=8 data=2780040000000000
2026-07-07T15:42:57.864+00:00 BENCH step t=11.340s -> steer=295551mdeg wheel=0milli-rpm
2026-07-07T15:42:57.864+00:00 CAN id=101 dlc=8 data=7f82040000000000
2026-07-07T15:42:57.884+00:00 BENCH step t=11.360s -> steer=296151mdeg wheel=0milli-rpm
2026-07-07T15:42:57.884+00:00 CAN id=101 dlc=8 data=d784040000000000
2026-07-07T15:42:57.904+00:00 BENCH step t=11.380s -> steer=296751mdeg wheel=0milli-rpm
2026-07-07T15:42:57.904+00:00 CAN id=101 dlc=8 data=2f87040000000000
2026-07-07T15:42:57.924+00:00 BENCH step t=11.400s -> steer=297351mdeg wheel=0milli-rpm
2026-07-07T15:42:57.924+00:00 CAN id=101 dlc=8 data=8789040000000000
2026-07-07T15:42:57.944+00:00 BENCH step t=11.420s -> steer=297951mdeg wheel=0milli-rpm
2026-07-07T15:42:57.944+00:00 CAN id=101 dlc=8 data=df8b040000000000
2026-07-07T15:42:57.964+00:00 BENCH step t=11.440s -> steer=298551mdeg wheel=0milli-rpm
2026-07-07T15:42:57.964+00:00 CAN id=101 dlc=8 data=378e040000000000
2026-07-07T15:42:57.984+00:00 BENCH step t=11.460s -> steer=299151mdeg wheel=0milli-rpm
2026-07-07T15:42:57.984+00:00 CAN id=101 dlc=8 data=8f90040000000000
2026-07-07T15:42:58.004+00:00 BENCH step t=11.480s -> steer=299751mdeg wheel=0milli-rpm
2026-07-07T15:42:58.004+00:00 CAN id=101 dlc=8 data=e792040000000000
2026-07-07T15:42:58.024+00:00 BENCH step t=11.500s -> steer=300351mdeg wheel=0milli-rpm
2026-07-07T15:42:58.024+00:00 CAN id=101 dlc=8 data=3f95040000000000
2026-07-07T15:42:58.025+00:00 VCP run=1 step=0 angle=292500 target=294351 err=1851 steer=926 m1=0/5090 i1=331 t1=29 m2=219/5090 i2=222 t2=28 steerMode=5090/6664 iSteer=276236 driveMode=0/-6686 iDrive=54290 scale=0 wheel=0 ffS=0
2026-07-07T15:42:58.025+00:00 VCP run=1 step=0 angle=295752 target=297351 err=1599 steer=800 m1=154/4397 i1=83 t1=29 m2=198/4397 i2=135 t2=28 steerMode=4397/9131 iSteer=108887 driveMode=0/-3660 iDrive=-25838 scale=0 wheel=0 ffS=0
2026-07-07T15:42:58.044+00:00 BENCH step t=11.520s -> steer=300951mdeg wheel=0milli-rpm
2026-07-07T15:42:58.044+00:00 CAN id=101 dlc=8 data=9797040000000000
2026-07-07T15:42:58.064+00:00 BENCH step t=11.540s -> steer=301551mdeg wheel=0milli-rpm
2026-07-07T15:42:58.064+00:00 CAN id=101 dlc=8 data=ef99040000000000
2026-07-07T15:42:58.084+00:00 BENCH step t=11.560s -> steer=302151mdeg wheel=0milli-rpm
2026-07-07T15:42:58.084+00:00 CAN id=101 dlc=8 data=479c040000000000
2026-07-07T15:42:58.104+00:00 BENCH step t=11.580s -> steer=302751mdeg wheel=0milli-rpm
2026-07-07T15:42:58.104+00:00 CAN id=101 dlc=8 data=9f9e040000000000
2026-07-07T15:42:58.124+00:00 BENCH step t=11.600s -> steer=303351mdeg wheel=0milli-rpm
2026-07-07T15:42:58.124+00:00 CAN id=101 dlc=8 data=f7a0040000000000
2026-07-07T15:42:58.130+00:00 VCP SET_TARGET_RX steer=300351 wheel=0
2026-07-07T15:42:58.130+00:00 VCP run=1 step=0 angle=298916 target=300351 err=1435 steer=717 m1=43/3946 i1=188 t1=29 m2=198/3946 i2=237 t2=28 steerMode=3946/6351 iSteer=212476 driveMode=0/-3504 iDrive=-24350 scale=0 wheel=0 ffS=0
2026-07-07T15:42:58.144+00:00 BENCH step t=11.620s -> steer=303951mdeg wheel=0milli-rpm
2026-07-07T15:42:58.144+00:00 CAN id=101 dlc=8 data=4fa3040000000000
2026-07-07T15:42:58.164+00:00 BENCH step t=11.640s -> steer=304551mdeg wheel=0milli-rpm
2026-07-07T15:42:58.164+00:00 CAN id=101 dlc=8 data=a7a5040000000000
2026-07-07T15:42:58.184+00:00 BENCH step t=11.660s -> steer=305151mdeg wheel=0milli-rpm
2026-07-07T15:42:58.184+00:00 CAN id=101 dlc=8 data=ffa7040000000000
2026-07-07T15:42:58.204+00:00 BENCH step t=11.680s -> steer=305751mdeg wheel=0milli-rpm
2026-07-07T15:42:58.204+00:00 CAN id=101 dlc=8 data=57aa040000000000
2026-07-07T15:42:58.224+00:00 BENCH step t=11.700s -> steer=306351mdeg wheel=0milli-rpm
2026-07-07T15:42:58.224+00:00 CAN id=101 dlc=8 data=afac040000000000
2026-07-07T15:42:58.235+00:00 VCP run=1 step=0 angle=301025 target=303351 err=2326 steer=1163 m1=0/6395 i1=416 t1=29 m2=253/6395 i2=313 t2=28 steerMode=6395/5724 iSteer=364445 driveMode=0/-5735 iDrive=51475 scale=0 wheel=0 ffS=0
2026-07-07T15:42:58.244+00:00 BENCH step t=11.720s -> steer=306951mdeg wheel=0milli-rpm
2026-07-07T15:42:58.244+00:00 CAN id=101 dlc=8 data=07af040000000000
2026-07-07T15:42:58.264+00:00 BENCH step t=11.740s -> steer=307551mdeg wheel=0milli-rpm
2026-07-07T15:42:58.264+00:00 CAN id=101 dlc=8 data=5fb1040000000000
2026-07-07T15:42:58.284+00:00 BENCH step t=11.760s -> steer=308151mdeg wheel=0milli-rpm
2026-07-07T15:42:58.284+00:00 CAN id=101 dlc=8 data=b7b3040000000000
2026-07-07T15:42:58.304+00:00 BENCH step t=11.780s -> steer=308751mdeg wheel=0milli-rpm
2026-07-07T15:42:58.304+00:00 CAN id=101 dlc=8 data=0fb6040000000000
2026-07-07T15:42:58.324+00:00 BENCH step t=11.800s -> steer=309351mdeg wheel=0milli-rpm
2026-07-07T15:42:58.324+00:00 CAN id=101 dlc=8 data=67b8040000000000
2026-07-07T15:42:58.340+00:00 VCP run=1 step=0 angle=303662 target=306351 err=2689 steer=1344 m1=0/7394 i1=458 t1=29 m2=230/7394 i2=273 t2=28 steerMode=7394/6682 iSteer=365316 driveMode=0/-6689 iDrive=92222 scale=0 wheel=0 ffS=0
2026-07-07T15:42:58.344+00:00 BENCH step t=11.820s -> steer=309951mdeg wheel=0milli-rpm
2026-07-07T15:42:58.344+00:00 CAN id=101 dlc=8 data=bfba040000000000
2026-07-07T15:42:58.364+00:00 BENCH step t=11.840s -> steer=310551mdeg wheel=0milli-rpm
2026-07-07T15:42:58.364+00:00 CAN id=101 dlc=8 data=17bd040000000000
2026-07-07T15:42:58.384+00:00 BENCH step t=11.860s -> steer=311151mdeg wheel=0milli-rpm
2026-07-07T15:42:58.384+00:00 CAN id=101 dlc=8 data=6fbf040000000000
2026-07-07T15:42:58.404+00:00 BENCH step t=11.880s -> steer=311751mdeg wheel=0milli-rpm
2026-07-07T15:42:58.404+00:00 CAN id=101 dlc=8 data=c7c1040000000000
2026-07-07T15:42:58.424+00:00 BENCH step t=11.900s -> steer=312351mdeg wheel=0milli-rpm
2026-07-07T15:42:58.424+00:00 CAN id=101 dlc=8 data=1fc4040000000000
2026-07-07T15:42:58.444+00:00 BENCH step t=11.920s -> steer=312951mdeg wheel=0milli-rpm
2026-07-07T15:42:58.444+00:00 CAN id=101 dlc=8 data=77c6040000000000
2026-07-07T15:42:58.464+00:00 BENCH step t=11.940s -> steer=313551mdeg wheel=0milli-rpm
2026-07-07T15:42:58.464+00:00 CAN id=101 dlc=8 data=cfc8040000000000
2026-07-07T15:42:58.484+00:00 BENCH step t=11.960s -> steer=314151mdeg wheel=0milli-rpm
2026-07-07T15:42:58.484+00:00 CAN id=101 dlc=8 data=27cb040000000000
2026-07-07T15:42:58.504+00:00 BENCH step t=11.980s -> steer=314751mdeg wheel=0milli-rpm
2026-07-07T15:42:58.504+00:00 CAN id=101 dlc=8 data=7fcd040000000000
2026-07-07T15:42:58.524+00:00 BENCH step t=12.000s -> steer=315351mdeg wheel=0milli-rpm
2026-07-07T15:42:58.524+00:00 CAN id=101 dlc=8 data=d7cf040000000000
2026-07-07T15:42:58.525+00:00 VCP run=1 step=0 angle=306738 target=309351 err=2613 steer=1306 m1=0/7185 i1=459 t1=29 m2=286/7185 i2=248 t2=28 steerMode=7185/6697 iSteer=353596 driveMode=0/-6706 iDrive=105353 scale=0 wheel=0 ffS=0
2026-07-07T15:42:58.525+00:00 VCP run=1 step=0 angle=309551 target=312351 err=2800 steer=1400 m1=0/7701 i1=510 t1=29 m2=257/7701 i2=311 t2=28 steerMode=7701/6100 iSteer=410670 driveMode=0/-6101 iDrive=99208 scale=0 wheel=0 ffS=0
2026-07-07T15:42:58.544+00:00 CAN id=101 dlc=8 data=d7cf040000000000
2026-07-07T15:42:58.564+00:00 CAN id=101 dlc=8 data=d7cf040000000000
2026-07-07T15:42:58.584+00:00 CAN id=101 dlc=8 data=d7cf040000000000
2026-07-07T15:42:58.604+00:00 CAN id=101 dlc=8 data=d7cf040000000000
2026-07-07T15:42:58.624+00:00 CAN id=101 dlc=8 data=d7cf040000000000
2026-07-07T15:42:58.630+00:00 VCP SET_TARGET_RX steer=315351 wheel=0
2026-07-07T15:42:58.630+00:00 VCP run=1 step=0 angle=312627 target=315351 err=2724 steer=1362 m1=0/7491 i1=510 t1=29 m2=286/7491 i2=276 t2=28 steerMode=7491/6291 iSteer=392911 driveMode=0/-6295 iDrive=116734 scale=0 wheel=0 ffS=0
2026-07-07T15:42:58.644+00:00 CAN id=101 dlc=8 data=d7cf040000000000
2026-07-07T15:42:58.664+00:00 CAN id=101 dlc=8 data=d7cf040000000000
2026-07-07T15:42:58.684+00:00 CAN id=101 dlc=8 data=d7cf040000000000
2026-07-07T15:42:58.704+00:00 CAN id=101 dlc=8 data=d7cf040000000000
2026-07-07T15:42:58.724+00:00 CAN id=101 dlc=8 data=d7cf040000000000
2026-07-07T15:42:58.737+00:00 VCP run=1 step=0 angle=315088 target=315351 err=263 steer=0 m1=-3/0 i1=177 t1=29 m2=96/0 i2=19 t2=28 steerMode=0/4565 iSteer=98083 driveMode=0/-4670 iDrive=78781 scale=0 wheel=0 ffS=0
2026-07-07T15:42:58.744+00:00 CAN id=101 dlc=8 data=d7cf040000000000
2026-07-07T15:42:58.764+00:00 CAN id=101 dlc=8 data=d7cf040000000000
2026-07-07T15:42:58.784+00:00 CAN id=101 dlc=8 data=d7cf040000000000
2026-07-07T15:42:58.804+00:00 CAN id=101 dlc=8 data=d7cf040000000000
2026-07-07T15:42:58.824+00:00 CAN id=101 dlc=8 data=d7cf040000000000
2026-07-07T15:42:58.844+00:00 CAN id=101 dlc=8 data=d7cf040000000000
2026-07-07T15:42:58.864+00:00 CAN id=101 dlc=8 data=d7cf040000000000
2026-07-07T15:42:58.884+00:00 CAN id=101 dlc=8 data=d7cf040000000000
2026-07-07T15:42:58.904+00:00 CAN id=101 dlc=8 data=d7cf040000000000
2026-07-07T15:42:58.924+00:00 CAN id=101 dlc=8 data=d7cf040000000000
2026-07-07T15:42:58.927+00:00 VCP run=1 step=0 angle=315527 target=315351 err=-176 steer=0 m1=0/0 i1=256 t1=29 m2=-28/0 i2=349 t2=28 steerMode=0/375 iSteer=302510 driveMode=0/-373 iDrive=-46664 scale=0 wheel=0 ffS=0
2026-07-07T15:42:58.927+00:00 VCP run=1 step=0 angle=315527 target=315351 err=-176 steer=0 m1=0/0 i1=264 t1=29 m2=0/0 i2=380 t2=28 steerMode=0/-14 iSteer=322027 driveMode=0/-3 iDrive=-57803 scale=0 wheel=0 ffS=0
2026-07-07T15:42:58.944+00:00 CAN id=101 dlc=8 data=d7cf040000000000
2026-07-07T15:42:58.964+00:00 CAN id=101 dlc=8 data=d7cf040000000000
2026-07-07T15:42:58.984+00:00 CAN id=101 dlc=8 data=d7cf040000000000
2026-07-07T15:42:59.004+00:00 CAN id=101 dlc=8 data=d7cf040000000000
2026-07-07T15:42:59.024+00:00 BENCH step t=12.500s -> steer=315352mdeg wheel=0milli-rpm
2026-07-07T15:42:59.024+00:00 CAN id=101 dlc=8 data=d8cf040000000000
2026-07-07T15:42:59.032+00:00 VCP run=1 step=0 angle=315527 target=315351 err=-176 steer=0 m1=0/0 i1=263 t1=29 m2=0/0 i2=379 t2=28 steerMode=0/-1 iSteer=321351 driveMode=0/0 iDrive=-57862 scale=0 wheel=0 ffS=0
2026-07-07T15:42:59.032+00:00 VCP SET_TARGET_RX steer=315352 wheel=0
2026-07-07T15:42:59.044+00:00 CAN id=101 dlc=8 data=d8cf040000000000
2026-07-07T15:42:59.064+00:00 CAN id=101 dlc=8 data=d8cf040000000000
2026-07-07T15:42:59.084+00:00 CAN id=101 dlc=8 data=d8cf040000000000
2026-07-07T15:42:59.104+00:00 CAN id=101 dlc=8 data=d8cf040000000000
2026-07-07T15:42:59.124+00:00 CAN id=101 dlc=8 data=d8cf040000000000
2026-07-07T15:42:59.138+00:00 VCP run=1 step=0 angle=315527 target=315352 err=-175 steer=0 m1=0/0 i1=263 t1=29 m2=0/0 i2=379 t2=28 steerMode=0/0 iSteer=321321 driveMode=0/0 iDrive=-57876 scale=0 wheel=0 ffS=0
2026-07-07T15:42:59.144+00:00 CAN id=101 dlc=8 data=d8cf040000000000
2026-07-07T15:42:59.164+00:00 CAN id=101 dlc=8 data=d8cf040000000000
2026-07-07T15:42:59.184+00:00 CAN id=101 dlc=8 data=d8cf040000000000
2026-07-07T15:42:59.204+00:00 CAN id=101 dlc=8 data=d8cf040000000000
2026-07-07T15:42:59.224+00:00 CAN id=101 dlc=8 data=d8cf040000000000
2026-07-07T15:42:59.244+00:00 CAN id=101 dlc=8 data=d8cf040000000000
2026-07-07T15:42:59.264+00:00 CAN id=101 dlc=8 data=d8cf040000000000
2026-07-07T15:42:59.284+00:00 CAN id=101 dlc=8 data=d8cf040000000000
2026-07-07T15:42:59.304+00:00 CAN id=101 dlc=8 data=d8cf040000000000
2026-07-07T15:42:59.324+00:00 CAN id=101 dlc=8 data=d8cf040000000000
2026-07-07T15:42:59.330+00:00 VCP run=1 step=0 angle=315527 target=315352 err=-175 steer=0 m1=0/0 i1=263 t1=29 m2=0/0 i2=379 t2=28 steerMode=0/0 iSteer=321321 driveMode=0/0 iDrive=-57876 scale=0 wheel=0 ffS=0
2026-07-07T15:42:59.330+00:00 VCP run=1 step=0 angle=315527 target=315352 err=-175 steer=0 m1=0/0 i1=263 t1=29 m2=0/0 i2=379 t2=28 steerMode=0/0 iSteer=321321 driveMode=0/0 iDrive=-57876 scale=0 wheel=0 ffS=0
2026-07-07T15:42:59.344+00:00 CAN id=101 dlc=8 data=d8cf040000000000
2026-07-07T15:42:59.364+00:00 CAN id=101 dlc=8 data=d8cf040000000000
2026-07-07T15:42:59.384+00:00 CAN id=101 dlc=8 data=d8cf040000000000
2026-07-07T15:42:59.404+00:00 CAN id=101 dlc=8 data=d8cf040000000000
2026-07-07T15:42:59.424+00:00 CAN id=101 dlc=8 data=d8cf040000000000
2026-07-07T15:42:59.437+00:00 VCP run=1 step=0 angle=315527 target=315352 err=-175 steer=0 m1=0/0 i1=263 t1=29 m2=0/0 i2=379 t2=28 steerMode=0/0 iSteer=321321 driveMode=0/0 iDrive=-57876 scale=0 wheel=0 ffS=0
2026-07-07T15:42:59.444+00:00 CAN id=101 dlc=8 data=d8cf040000000000
2026-07-07T15:42:59.464+00:00 CAN id=101 dlc=8 data=d8cf040000000000
2026-07-07T15:42:59.484+00:00 CAN id=101 dlc=8 data=d8cf040000000000
2026-07-07T15:42:59.504+00:00 CAN id=101 dlc=8 data=d8cf040000000000
2026-07-07T15:42:59.524+00:00 CAN id=101 dlc=8 data=d8cf040000000000
2026-07-07T15:42:59.541+00:00 VCP run=1 step=0 angle=315527 target=315352 err=-175 steer=0 m1=0/0 i1=263 t1=29 m2=0/0 i2=379 t2=28 steerMode=0/0 iSteer=321321 driveMode=0/0 iDrive=-57876 scale=0 wheel=0 ffS=0
2026-07-07T15:42:59.541+00:00 VCP SET_TARGET_RX steer=315352 wheel=0
2026-07-07T15:42:59.544+00:00 CAN id=101 dlc=8 data=d8cf040000000000
2026-07-07T15:42:59.564+00:00 CAN id=101 dlc=8 data=d8cf040000000000
2026-07-07T15:42:59.584+00:00 CAN id=101 dlc=8 data=d8cf040000000000
2026-07-07T15:42:59.604+00:00 CAN id=101 dlc=8 data=d8cf040000000000
2026-07-07T15:42:59.624+00:00 CAN id=101 dlc=8 data=d8cf040000000000
2026-07-07T15:42:59.644+00:00 CAN id=101 dlc=8 data=d8cf040000000000
2026-07-07T15:42:59.664+00:00 CAN id=101 dlc=8 data=d8cf040000000000
2026-07-07T15:42:59.684+00:00 CAN id=101 dlc=8 data=d8cf040000000000
2026-07-07T15:42:59.704+00:00 CAN id=101 dlc=8 data=d8cf040000000000
2026-07-07T15:42:59.724+00:00 CAN id=101 dlc=8 data=d8cf040000000000
2026-07-07T15:42:59.732+00:00 VCP run=1 step=0 angle=315615 target=315352 err=-263 steer=0 m1=0/0 i1=263 t1=29 m2=0/0 i2=379 t2=28 steerMode=0/0 iSteer=321321 driveMode=0/0 iDrive=-57876 scale=0 wheel=0 ffS=0
2026-07-07T15:42:59.732+00:00 VCP run=1 step=0 angle=315527 target=315352 err=-175 steer=0 m1=0/0 i1=263 t1=29 m2=0/0 i2=379 t2=28 steerMode=0/0 iSteer=321321 driveMode=0/0 iDrive=-57876 scale=0 wheel=0 ffS=0
2026-07-07T15:42:59.744+00:00 CAN id=101 dlc=8 data=d8cf040000000000
2026-07-07T15:42:59.764+00:00 CAN id=101 dlc=8 data=d8cf040000000000
2026-07-07T15:42:59.784+00:00 CAN id=101 dlc=8 data=d8cf040000000000
2026-07-07T15:42:59.804+00:00 CAN id=101 dlc=8 data=d8cf040000000000
2026-07-07T15:42:59.824+00:00 CAN id=101 dlc=8 data=d8cf040000000000
2026-07-07T15:42:59.839+00:00 VCP run=1 step=0 angle=315527 target=315352 err=-175 steer=0 m1=0/0 i1=263 t1=29 m2=0/0 i2=379 t2=28 steerMode=0/0 iSteer=321321 driveMode=0/0 iDrive=-57876 scale=0 wheel=0 ffS=0
2026-07-07T15:42:59.844+00:00 CAN id=101 dlc=8 data=d8cf040000000000
2026-07-07T15:42:59.864+00:00 CAN id=101 dlc=8 data=d8cf040000000000
2026-07-07T15:42:59.884+00:00 CAN id=101 dlc=8 data=d8cf040000000000
2026-07-07T15:42:59.904+00:00 CAN id=101 dlc=8 data=d8cf040000000000
2026-07-07T15:42:59.924+00:00 CAN id=101 dlc=8 data=d8cf040000000000
2026-07-07T15:42:59.944+00:00 CAN id=101 dlc=8 data=d8cf040000000000
2026-07-07T15:42:59.964+00:00 CAN id=101 dlc=8 data=d8cf040000000000
2026-07-07T15:42:59.984+00:00 CAN id=101 dlc=8 data=d8cf040000000000
2026-07-07T15:43:00.004+00:00 CAN id=101 dlc=8 data=d8cf040000000000
2026-07-07T15:43:00.024+00:00 BENCH disable sent
2026-07-07T15:43:00.024+00:00 CAN id=121 dlc=2 data=0100
2026-07-07T15:43:00.024+00:00 CAN id=121 dlc=2 data=0100
2026-07-07T15:43:00.028+00:00 VCP run=1 step=0 angle=315527 target=315352 err=-175 steer=0 m1=0/0 i1=263 t1=29 m2=0/0 i2=379 t2=28 steerMode=0/0 iSteer=321321 driveMode=0/0 iDrive=-57876 scale=0 wheel=0 ffS=0
2026-07-07T15:43:00.028+00:00 VCP run=1 step=0 angle=315527 target=315352 err=-175 steer=0 m1=0/0 i1=263 t1=29 m2=0/0 i2=379 t2=28 steerMode=0/0 iSteer=321321 driveMode=0/0 iDrive=-57876 scale=0 wheel=0 ffS=0
2026-07-07T15:43:00.028+00:00 VCP UNIT_CTRL enable=0
2026-07-07T15:43:00.028+00:00 VCP UNIT_CTRL enable=0
2026-07-07T15:43:00.228+00:00 VCP STOP: disabled
2026-07-07T15:43:00.430+00:00 BENCH log closed
