2026-07-07T15:51:48.787+00:00 BENCH log opened: firmware/logs/rot30-ff-fixed.log
2026-07-07T15:51:48.788+00:00 BENCH run: steer=315.352deg (315352mdeg) wheel=300.0rpm (300000milli-rpm) rate=50.0Hz duration=12.0s steer_rate=30.0dps (30000mdeg/s)
2026-07-07T15:51:48.788+00:00 BENCH enable sent
2026-07-07T15:51:48.788+00:00 CAN id=121 dlc=2 data=0101
2026-07-07T15:51:48.788+00:00 CAN id=111 dlc=8 data=3075000000000000
2026-07-07T15:51:48.788+00:00 CAN id=101 dlc=8 data=d8cf0400e0930400
2026-07-07T15:51:48.807+00:00 VCP NIT_CTRL enable=0
2026-07-07T15:51:48.807+00:00 VCP UNIT_CTRL enable=0
2026-07-07T15:51:48.807+00:00 VCP UNIT_CTRL enable=1
2026-07-07T15:51:48.807+00:00 VCP SET_TARGET_FF_RX steerRate=30000 wheelAccel=0
2026-07-07T15:51:48.807+00:00 VCP SET_TARGET_RX steer=315352 wheel=300000
2026-07-07T15:51:48.807+00:00 VCP START_CAN: angle=315703 target=315352 wheelTarget=300000
2026-07-07T15:51:48.808+00:00 CAN id=111 dlc=8 data=3075000000000000
2026-07-07T15:51:48.808+00:00 CAN id=101 dlc=8 data=30d20400e0930400
2026-07-07T15:51:48.828+00:00 CAN id=111 dlc=8 data=3075000000000000
2026-07-07T15:51:48.828+00:00 CAN id=101 dlc=8 data=88d40400e0930400
2026-07-07T15:51:48.848+00:00 CAN id=111 dlc=8 data=3075000000000000
2026-07-07T15:51:48.848+00:00 CAN id=101 dlc=8 data=e0d60400e0930400
2026-07-07T15:51:48.868+00:00 CAN id=111 dlc=8 data=3075000000000000
2026-07-07T15:51:48.868+00:00 CAN id=101 dlc=8 data=38d90400e0930400
2026-07-07T15:51:48.888+00:00 CAN id=111 dlc=8 data=3075000000000000
2026-07-07T15:51:48.888+00:00 CAN id=101 dlc=8 data=90db0400e0930400
2026-07-07T15:51:48.906+00:00 VCP run=1 step=0 angle=315703 target=315352 err=-351 steer=5000 m1=0/19250 i1=719 t1=29 m2=0/-5500 i2=-28 t2=29 steerMode=6875/0 iSteer=345606 driveMode=12375/0 iDrive=373478 scale=0 wheel=36000 ffS=5000
2026-07-07T15:51:48.908+00:00 CAN id=111 dlc=8 data=3075000000000000
2026-07-07T15:51:48.908+00:00 CAN id=101 dlc=8 data=e8dd0400e0930400
2026-07-07T15:51:48.928+00:00 CAN id=111 dlc=8 data=3075000000000000
2026-07-07T15:51:48.928+00:00 CAN id=101 dlc=8 data=40e00400e0930400
2026-07-07T15:51:48.948+00:00 CAN id=111 dlc=8 data=3075000000000000
2026-07-07T15:51:48.948+00:00 CAN id=101 dlc=8 data=98e20400e0930400
2026-07-07T15:51:48.968+00:00 CAN id=111 dlc=8 data=3075000000000000
2026-07-07T15:51:48.968+00:00 CAN id=101 dlc=8 data=f0e40400e0930400
2026-07-07T15:51:48.988+00:00 CAN id=111 dlc=8 data=3075000000000000
2026-07-07T15:51:48.988+00:00 CAN id=101 dlc=8 data=48e70400e0930400
2026-07-07T15:51:49.008+00:00 CAN id=111 dlc=8 data=3075000000000000
2026-07-07T15:51:49.008+00:00 CAN id=101 dlc=8 data=a0e90400e0930400
2026-07-07T15:51:49.009+00:00 VCP run=1 step=0 angle=317549 target=318352 err=803 steer=6606 m1=1609/112209 i1=1772 t1=29 m2=-1193/-94041 i2=-1933 t2=29 steerMode=9084/10938 iSteer=-80689 driveMode=103125/50217 iDrive=1852524 scale=0 wheel=300000 ffS=5000
2026-07-07T15:51:49.028+00:00 CAN id=111 dlc=8 data=3075000000000000
2026-07-07T15:51:49.028+00:00 CAN id=101 dlc=8 data=f8eb0400e0930400
2026-07-07T15:51:49.048+00:00 CAN id=111 dlc=8 data=3075000000000000
2026-07-07T15:51:49.048+00:00 CAN id=101 dlc=8 data=50ee0400e0930400
2026-07-07T15:51:49.068+00:00 CAN id=111 dlc=8 data=3075000000000000
2026-07-07T15:51:49.068+00:00 CAN id=101 dlc=8 data=a8f00400e0930400
2026-07-07T15:51:49.088+00:00 CAN id=111 dlc=8 data=3075000000000000
2026-07-07T15:51:49.088+00:00 CAN id=101 dlc=8 data=00f30400e0930400
2026-07-07T15:51:49.108+00:00 CAN id=111 dlc=8 data=3075000000000000
2026-07-07T15:51:49.108+00:00 CAN id=101 dlc=8 data=58f50400e0930400
2026-07-07T15:51:49.112+00:00 VCP run=1 step=0 angle=321152 target=321352 err=200 steer=5000 m1=2260/110000 i1=41 t1=29 m2=-1993/-96250 i2=-22 t2=29 steerMode=6875/6809 iSteer=9711 driveMode=103125/111585 iDrive=31469 scale=0 wheel=300000 ffS=5000
2026-07-07T15:51:49.128+00:00 CAN id=111 dlc=8 data=3075000000000000
2026-07-07T15:51:49.128+00:00 CAN id=101 dlc=8 data=b0f70400e0930400
2026-07-07T15:51:49.148+00:00 CAN id=111 dlc=8 data=3075000000000000
2026-07-07T15:51:49.148+00:00 CAN id=101 dlc=8 data=08fa0400e0930400
2026-07-07T15:51:49.168+00:00 CAN id=111 dlc=8 data=3075000000000000
2026-07-07T15:51:49.168+00:00 CAN id=101 dlc=8 data=60fc0400e0930400
2026-07-07T15:51:49.188+00:00 CAN id=111 dlc=8 data=3075000000000000
2026-07-07T15:51:49.188+00:00 CAN id=101 dlc=8 data=b8fe0400e0930400
2026-07-07T15:51:49.208+00:00 CAN id=111 dlc=8 data=3075000000000000
2026-07-07T15:51:49.208+00:00 CAN id=101 dlc=8 data=10010500e0930400
2026-07-07T15:51:49.215+00:00 VCP run=1 step=0 angle=324053 target=324352 err=299 steer=5000 m1=2132/110000 i1=152 t1=29 m2=-1798/-96250 i2=-278 t2=29 steerMode=6875/8237 iSteer=-63078 driveMode=103125/105128 iDrive=215222 scale=0 wheel=300000 ffS=5000
2026-07-07T15:51:49.228+00:00 CAN id=111 dlc=8 data=3075000000000000
2026-07-07T15:51:49.228+00:00 CAN id=101 dlc=8 data=68030500e0930400
2026-07-07T15:51:49.248+00:00 CAN id=111 dlc=8 data=3075000000000000
2026-07-07T15:51:49.248+00:00 CAN id=101 dlc=8 data=c0050500e0930400
2026-07-07T15:51:49.268+00:00 CAN id=111 dlc=8 data=3075000000000000
2026-07-07T15:51:49.268+00:00 CAN id=101 dlc=8 data=18080500e0930400
2026-07-07T15:51:49.288+00:00 CAN id=111 dlc=8 data=3075000000000000
2026-07-07T15:51:49.288+00:00 CAN id=101 dlc=8 data=700a0500e0930400
2026-07-07T15:51:49.308+00:00 CAN id=111 dlc=8 data=3075000000000000
2026-07-07T15:51:49.308+00:00 CAN id=101 dlc=8 data=c80c0500e0930400
2026-07-07T15:51:49.311+00:00 VCP run=1 step=0 angle=327568 target=327352 err=-216 steer=5000 m1=2121/110000 i1=215 t1=29 m2=-1880/-96250 i2=-269 t2=29 steerMode=6875/7465 iSteer=-27198 driveMode=103125/104154 iDrive=242123 scale=0 wheel=300000 ffS=5000
2026-07-07T15:51:49.311+00:00 VCP SET_TARGET_FF_RX steerRate=30000 wheelAccel=0
2026-07-07T15:51:49.311+00:00 VCP SET_TARGET_RX steer=330352 wheel=300000
2026-07-07T15:51:49.328+00:00 CAN id=111 dlc=8 data=3075000000000000
2026-07-07T15:51:49.328+00:00 CAN id=101 dlc=8 data=200f0500e0930400
2026-07-07T15:51:49.348+00:00 CAN id=111 dlc=8 data=3075000000000000
2026-07-07T15:51:49.348+00:00 CAN id=101 dlc=8 data=78110500e0930400
2026-07-07T15:51:49.368+00:00 CAN id=111 dlc=8 data=3075000000000000
2026-07-07T15:51:49.368+00:00 CAN id=101 dlc=8 data=d0130500e0930400
2026-07-07T15:51:49.388+00:00 CAN id=111 dlc=8 data=3075000000000000
2026-07-07T15:51:49.388+00:00 CAN id=101 dlc=8 data=28160500e0930400
2026-07-07T15:51:49.408+00:00 CAN id=111 dlc=8 data=3075000000000000
2026-07-07T15:51:49.408+00:00 CAN id=101 dlc=8 data=80180500e0930400
2026-07-07T15:51:49.414+00:00 VCP run=1 step=0 angle=330293 target=330352 err=59 steer=5000 m1=2132/110000 i1=206 t1=29 m2=-1878/-96250 i2=-196 t2=29 steerMode=6875/6794 iSteer=5000 driveMode=103125/105420 iDrive=201333 scale=0 wheel=300000 ffS=5000
2026-07-07T15:51:49.428+00:00 CAN id=111 dlc=8 data=3075000000000000
2026-07-07T15:51:49.428+00:00 CAN id=101 dlc=8 data=d81a0500e0930400
2026-07-07T15:51:49.448+00:00 CAN id=111 dlc=8 data=3075000000000000
2026-07-07T15:51:49.448+00:00 CAN id=101 dlc=8 data=301d0500e0930400
2026-07-07T15:51:49.468+00:00 CAN id=111 dlc=8 data=3075000000000000
2026-07-07T15:51:49.468+00:00 CAN id=101 dlc=8 data=881f0500e0930400
2026-07-07T15:51:49.488+00:00 CAN id=111 dlc=8 data=3075000000000000
2026-07-07T15:51:49.488+00:00 CAN id=101 dlc=8 data=e0210500e0930400
2026-07-07T15:51:49.508+00:00 CAN id=111 dlc=8 data=3075000000000000
2026-07-07T15:51:49.508+00:00 CAN id=101 dlc=8 data=38240500e0930400
2026-07-07T15:51:49.528+00:00 CAN id=111 dlc=8 data=3075000000000000
2026-07-07T15:51:49.528+00:00 CAN id=101 dlc=8 data=90260500e0930400
2026-07-07T15:51:49.548+00:00 CAN id=111 dlc=8 data=3075000000000000
2026-07-07T15:51:49.548+00:00 CAN id=101 dlc=8 data=e8280500e0930400
2026-07-07T15:51:49.568+00:00 CAN id=111 dlc=8 data=3075000000000000
2026-07-07T15:51:49.568+00:00 CAN id=101 dlc=8 data=402b0500e0930400
2026-07-07T15:51:49.588+00:00 CAN id=111 dlc=8 data=3075000000000000
2026-07-07T15:51:49.588+00:00 CAN id=101 dlc=8 data=982d0500e0930400
2026-07-07T15:51:49.598+00:00 VCP run=1 step=0 angle=333897 target=333352 err=-544 steer=3911 m1=2119/108503 i1=138 t1=29 m2=-1842/-97747 i2=-288 t2=29 steerMode=5378/6857 iSteer=-75127 driveMode=103125/104895 iDrive=213146 scale=0 wheel=300000 ffS=5000
2026-07-07T15:51:49.598+00:00 VCP run=1 step=0 angle=336182 target=336352 err=170 steer=5000 m1=2136/110000 i1=228 t1=29 m2=-1896/-96250 i2=-141 t2=29 steerMode=6875/5995 iSteer=43407 driveMode=103125/105739 iDrive=184099 scale=0 wheel=300000 ffS=5000
2026-07-07T15:51:49.608+00:00 CAN id=111 dlc=8 data=3075000000000000
2026-07-07T15:51:49.608+00:00 CAN id=101 dlc=8 data=f02f0500e0930400
2026-07-07T15:51:49.628+00:00 CAN id=111 dlc=8 data=3075000000000000
2026-07-07T15:51:49.628+00:00 CAN id=101 dlc=8 data=48320500e0930400
2026-07-07T15:51:49.648+00:00 CAN id=111 dlc=8 data=3075000000000000
2026-07-07T15:51:49.648+00:00 CAN id=101 dlc=8 data=a0340500e0930400
2026-07-07T15:51:49.668+00:00 CAN id=111 dlc=8 data=3075000000000000
2026-07-07T15:51:49.668+00:00 CAN id=101 dlc=8 data=f8360500e0930400
2026-07-07T15:51:49.688+00:00 CAN id=111 dlc=8 data=3075000000000000
2026-07-07T15:51:49.688+00:00 CAN id=101 dlc=8 data=50390500e0930400
2026-07-07T15:51:49.701+00:00 VCP run=1 step=0 angle=339522 target=339352 err=-169 steer=5000 m1=2111/110000 i1=203 t1=29 m2=-1846/-96250 i2=-210 t2=29 steerMode=6875/6909 iSteer=-3379 driveMode=103125/104844 iDrive=206794 scale=0 wheel=300000 ffS=5000
2026-07-07T15:51:49.708+00:00 CAN id=111 dlc=8 data=3075000000000000
2026-07-07T15:51:49.708+00:00 CAN id=101 dlc=8 data=a83b0500e0930400
2026-07-07T15:51:49.728+00:00 CAN id=111 dlc=8 data=3075000000000000
2026-07-07T15:51:49.728+00:00 CAN id=101 dlc=8 data=003e0500e0930400
2026-07-07T15:51:49.748+00:00 CAN id=111 dlc=8 data=3075000000000000
2026-07-07T15:51:49.748+00:00 CAN id=101 dlc=8 data=58400500e0930400
2026-07-07T15:51:49.768+00:00 CAN id=111 dlc=8 data=3075000000000000
2026-07-07T15:51:49.768+00:00 CAN id=101 dlc=8 data=b0420500e0930400
2026-07-07T15:51:49.788+00:00 CAN id=111 dlc=8 data=3075000000000000
2026-07-07T15:51:49.788+00:00 CAN id=101 dlc=8 data=08450500e0930400
2026-07-07T15:51:49.797+00:00 VCP run=1 step=0 angle=342158 target=342352 err=194 steer=5000 m1=2119/110000 i1=200 t1=29 m2=-1834/-96250 i2=-208 t2=29 steerMode=6875/6920 iSteer=-3916 driveMode=103125/104858 iDrive=203716 scale=0 wheel=300000 ffS=5000
2026-07-07T15:51:49.797+00:00 VCP SET_TARGET_FF_RX steerRate=30000 wheelAccel=0
2026-07-07T15:51:49.797+00:00 VCP SET_TARGET_RX steer=345352 wheel=300000
2026-07-07T15:51:49.808+00:00 CAN id=111 dlc=8 data=3075000000000000
2026-07-07T15:51:49.808+00:00 CAN id=101 dlc=8 data=60470500e0930400
2026-07-07T15:51:49.828+00:00 CAN id=111 dlc=8 data=3075000000000000
2026-07-07T15:51:49.828+00:00 CAN id=101 dlc=8 data=b8490500e0930400
2026-07-07T15:51:49.848+00:00 CAN id=111 dlc=8 data=3075000000000000
2026-07-07T15:51:49.848+00:00 CAN id=101 dlc=8 data=104c0500e0930400
2026-07-07T15:51:49.868+00:00 CAN id=111 dlc=8 data=3075000000000000
2026-07-07T15:51:49.868+00:00 CAN id=101 dlc=8 data=684e0500e0930400
2026-07-07T15:51:49.888+00:00 CAN id=111 dlc=8 data=3075000000000000
2026-07-07T15:51:49.888+00:00 CAN id=101 dlc=8 data=c0500500e0930400
2026-07-07T15:51:49.900+00:00 VCP run=1 step=0 angle=345410 target=345352 err=-58 steer=5000 m1=2098/110000 i1=226 t1=29 m2=-1821/-96250 i2=-246 t2=29 steerMode=6875/7042 iSteer=-9905 driveMode=103125/103697 iDrive=235913 scale=0 wheel=300000 ffS=5000
2026-07-07T15:51:49.908+00:00 CAN id=111 dlc=8 data=3075000000000000
2026-07-07T15:51:49.908+00:00 CAN id=101 dlc=8 data=18530500e0930400
2026-07-07T15:51:49.928+00:00 CAN id=111 dlc=8 data=3075000000000000
2026-07-07T15:51:49.928+00:00 CAN id=101 dlc=8 data=70550500e0930400
2026-07-07T15:51:49.948+00:00 CAN id=111 dlc=8 data=3075000000000000
2026-07-07T15:51:49.948+00:00 CAN id=101 dlc=8 data=c8570500e0930400
2026-07-07T15:51:49.968+00:00 CAN id=111 dlc=8 data=3075000000000000
2026-07-07T15:51:49.968+00:00 CAN id=101 dlc=8 data=205a0500e0930400
2026-07-07T15:51:49.988+00:00 CAN id=111 dlc=8 data=3075000000000000
2026-07-07T15:51:49.988+00:00 CAN id=101 dlc=8 data=785c0500e0930400
2026-07-07T15:51:50.003+00:00 VCP run=1 step=0 angle=348311 target=348352 err=41 steer=5000 m1=2119/110000 i1=201 t1=29 m2=-1815/-96250 i2=-229 t2=29 steerMode=6875/7106 iSteer=-13708 driveMode=103125/104336 iDrive=215176 scale=0 wheel=300000 ffS=5000
2026-07-07T15:51:50.008+00:00 CAN id=111 dlc=8 data=3075000000000000
2026-07-07T15:51:50.008+00:00 CAN id=101 dlc=8 data=d05e0500e0930400
2026-07-07T15:51:50.028+00:00 CAN id=111 dlc=8 data=3075000000000000
2026-07-07T15:51:50.028+00:00 CAN id=101 dlc=8 data=28610500e0930400
2026-07-07T15:51:50.048+00:00 CAN id=111 dlc=8 data=3075000000000000
2026-07-07T15:51:50.048+00:00 CAN id=101 dlc=8 data=80630500e0930400
2026-07-07T15:51:50.068+00:00 CAN id=111 dlc=8 data=3075000000000000
2026-07-07T15:51:50.068+00:00 CAN id=101 dlc=8 data=d8650500e0930400
2026-07-07T15:51:50.088+00:00 CAN id=111 dlc=8 data=3075000000000000
2026-07-07T15:51:50.088+00:00 CAN id=101 dlc=8 data=30680500e0930400
2026-07-07T15:51:50.106+00:00 VCP run=1 step=0 angle=351650 target=351352 err=-298 steer=5000 m1=2090/110000 i1=215 t1=29 m2=-1838/-96250 i2=-236 t2=29 steerMode=6875/7007 iSteer=-10196 driveMode=103125/103929 iDrive=225311 scale=0 wheel=300000 ffS=5000
2026-07-07T15:51:50.108+00:00 CAN id=111 dlc=8 data=3075000000000000
2026-07-07T15:51:50.108+00:00 CAN id=101 dlc=8 data=886a0500e0930400
2026-07-07T15:51:50.128+00:00 CAN id=111 dlc=8 data=3075000000000000
2026-07-07T15:51:50.128+00:00 CAN id=101 dlc=8 data=e06c0500e0930400
2026-07-07T15:51:50.148+00:00 CAN id=111 dlc=8 data=3075000000000000
2026-07-07T15:51:50.148+00:00 CAN id=101 dlc=8 data=386f0500e0930400
2026-07-07T15:51:50.168+00:00 CAN id=111 dlc=8 data=3075000000000000
2026-07-07T15:51:50.168+00:00 CAN id=101 dlc=8 data=90710500e0930400
2026-07-07T15:51:50.188+00:00 CAN id=111 dlc=8 data=3075000000000000
2026-07-07T15:51:50.188+00:00 CAN id=101 dlc=8 data=e8730500e0930400
2026-07-07T15:51:50.208+00:00 CAN id=111 dlc=8 data=3075000000000000
2026-07-07T15:51:50.208+00:00 CAN id=101 dlc=8 data=40760500e0930400
2026-07-07T15:51:50.210+00:00 VCP run=1 step=0 angle=354287 target=354352 err=65 steer=5000 m1=2128/110000 i1=216 t1=29 m2=-1844/-96250 i2=-144 t2=29 steerMode=6875/6112 iSteer=36058 driveMode=103125/105354 iDrive=179809 scale=0 wheel=300000 ffS=5000
2026-07-07T15:51:50.228+00:00 CAN id=111 dlc=8 data=3075000000000000
2026-07-07T15:51:50.228+00:00 CAN id=101 dlc=8 data=98780500e0930400
2026-07-07T15:51:50.248+00:00 CAN id=111 dlc=8 data=3075000000000000
2026-07-07T15:51:50.248+00:00 CAN id=101 dlc=8 data=f07a0500e0930400
2026-07-07T15:51:50.268+00:00 CAN id=111 dlc=8 data=3075000000000000
2026-07-07T15:51:50.268+00:00 CAN id=101 dlc=8 data=487d0500e0930400
2026-07-07T15:51:50.288+00:00 CAN id=111 dlc=8 data=3075000000000000
2026-07-07T15:51:50.288+00:00 CAN id=101 dlc=8 data=60010000e0930400
2026-07-07T15:51:50.305+00:00 VCP run=1 step=0 angle=357715 target=357352 err=-363 steer=5000 m1=2105/110000 i1=214 t1=29 m2=-1909/-96250 i2=-163 t2=29 steerMode=6875/6318 iSteer=25894 driveMode=103125/104923 iDrive=188561 scale=0 wheel=300000 ffS=5000
2026-07-07T15:51:50.305+00:00 VCP SET_TARGET_FF_RX steerRate=30000 wheelAccel=0
2026-07-07T15:51:50.305+00:00 VCP SET_TARGET_RX steer=352 wheel=300000
2026-07-07T15:51:50.308+00:00 CAN id=111 dlc=8 data=3075000000000000
2026-07-07T15:51:50.308+00:00 CAN id=101 dlc=8 data=b8030000e0930400
2026-07-07T15:51:50.328+00:00 CAN id=111 dlc=8 data=3075000000000000
2026-07-07T15:51:50.328+00:00 CAN id=101 dlc=8 data=10060000e0930400
2026-07-07T15:51:50.348+00:00 CAN id=111 dlc=8 data=3075000000000000
2026-07-07T15:51:50.348+00:00 CAN id=101 dlc=8 data=68080000e0930400
2026-07-07T15:51:50.368+00:00 CAN id=111 dlc=8 data=3075000000000000
2026-07-07T15:51:50.368+00:00 CAN id=101 dlc=8 data=c00a0000e0930400
2026-07-07T15:51:50.388+00:00 CAN id=111 dlc=8 data=3075000000000000
2026-07-07T15:51:50.388+00:00 CAN id=101 dlc=8 data=180d0000e0930400
2026-07-07T15:51:50.408+00:00 CAN id=111 dlc=8 data=3075000000000000
2026-07-07T15:51:50.408+00:00 CAN id=101 dlc=8 data=700f0000e0930400
2026-07-07T15:51:50.409+00:00 VCP run=1 step=0 angle=264 target=352 err=88 steer=5000 m1=2115/110000 i1=194 t1=29 m2=-1850/-96250 i2=-195 t2=29 steerMode=6875/6863 iSteer=-83 driveMode=103125/104615 iDrive=194481 scale=0 wheel=300000 ffS=5000
2026-07-07T15:51:50.428+00:00 CAN id=111 dlc=8 data=3075000000000000
2026-07-07T15:51:50.428+00:00 CAN id=101 dlc=8 data=c8110000e0930400
2026-07-07T15:51:50.448+00:00 CAN id=111 dlc=8 data=3075000000000000
2026-07-07T15:51:50.448+00:00 CAN id=101 dlc=8 data=20140000e0930400
2026-07-07T15:51:50.468+00:00 CAN id=111 dlc=8 data=3075000000000000
2026-07-07T15:51:50.468+00:00 CAN id=101 dlc=8 data=78160000e0930400
2026-07-07T15:51:50.488+00:00 CAN id=111 dlc=8 data=3075000000000000
2026-07-07T15:51:50.488+00:00 CAN id=101 dlc=8 data=d0180000e0930400
2026-07-07T15:51:50.508+00:00 CAN id=111 dlc=8 data=3075000000000000
2026-07-07T15:51:50.508+00:00 CAN id=101 dlc=8 data=281b0000e0930400
2026-07-07T15:51:50.513+00:00 VCP run=1 step=0 angle=3691 target=3352 err=-339 steer=5000 m1=2092/110000 i1=229 t1=29 m2=-1882/-96250 i2=-220 t2=29 steerMode=6875/6757 iSteer=4151 driveMode=103125/103581 iDrive=224415 scale=0 wheel=300000 ffS=5000
2026-07-07T15:51:50.528+00:00 CAN id=111 dlc=8 data=3075000000000000
2026-07-07T15:51:50.528+00:00 CAN id=101 dlc=8 data=801d0000e0930400
2026-07-07T15:51:50.548+00:00 CAN id=111 dlc=8 data=3075000000000000
2026-07-07T15:51:50.548+00:00 CAN id=101 dlc=8 data=d81f0000e0930400
2026-07-07T15:51:50.568+00:00 CAN id=111 dlc=8 data=3075000000000000
2026-07-07T15:51:50.568+00:00 CAN id=101 dlc=8 data=30220000e0930400
2026-07-07T15:51:50.588+00:00 CAN id=111 dlc=8 data=3075000000000000
2026-07-07T15:51:50.588+00:00 CAN id=101 dlc=8 data=88240000e0930400
2026-07-07T15:51:50.608+00:00 CAN id=111 dlc=8 data=3075000000000000
2026-07-07T15:51:50.608+00:00 CAN id=101 dlc=8 data=e0260000e0930400
2026-07-07T15:51:50.628+00:00 CAN id=111 dlc=8 data=3075000000000000
2026-07-07T15:51:50.628+00:00 CAN id=101 dlc=8 data=38290000e0930400
2026-07-07T15:51:50.648+00:00 CAN id=111 dlc=8 data=3075000000000000
2026-07-07T15:51:50.648+00:00 CAN id=101 dlc=8 data=902b0000e0930400
2026-07-07T15:51:50.668+00:00 CAN id=111 dlc=8 data=3075000000000000
2026-07-07T15:51:50.668+00:00 CAN id=101 dlc=8 data=e82d0000e0930400
2026-07-07T15:51:50.688+00:00 CAN id=111 dlc=8 data=3075000000000000
2026-07-07T15:51:50.688+00:00 CAN id=101 dlc=8 data=40300000e0930400
2026-07-07T15:51:50.698+00:00 VCP run=1 step=0 angle=6240 target=6352 err=112 steer=5000 m1=2132/110000 i1=177 t1=29 m2=-1909/-96250 i2=-153 t2=29 steerMode=6875/6600 iSteer=12309 driveMode=103125/105474 iDrive=164955 scale=0 wheel=300000 ffS=5000
2026-07-07T15:51:50.698+00:00 VCP run=1 step=0 angle=9492 target=9352 err=-140 steer=5000 m1=2111/110000 i1=201 t1=29 m2=-1834/-96250 i2=-158 t2=29 steerMode=6875/6447 iSteer=21155 driveMode=103125/104848 iDrive=179564 scale=0 wheel=300000 ffS=5000
2026-07-07T15:51:50.708+00:00 CAN id=111 dlc=8 data=3075000000000000
2026-07-07T15:51:50.708+00:00 CAN id=101 dlc=8 data=98320000e0930400
2026-07-07T15:51:50.728+00:00 CAN id=111 dlc=8 data=3075000000000000
2026-07-07T15:51:50.728+00:00 CAN id=101 dlc=8 data=f0340000e0930400
2026-07-07T15:51:50.748+00:00 CAN id=111 dlc=8 data=3075000000000000
2026-07-07T15:51:50.748+00:00 CAN id=101 dlc=8 data=48370000e0930400
2026-07-07T15:51:50.768+00:00 CAN id=111 dlc=8 data=3075000000000000
2026-07-07T15:51:50.768+00:00 CAN id=101 dlc=8 data=a0390000e0930400
2026-07-07T15:51:50.788+00:00 CAN id=111 dlc=8 data=3075000000000000
2026-07-07T15:51:50.789+00:00 CAN id=101 dlc=8 data=f83b0000e0930400
2026-07-07T15:51:50.793+00:00 VCP run=1 step=0 angle=12041 target=12352 err=311 steer=5000 m1=2113/110000 i1=187 t1=29 m2=-1852/-96250 i2=-173 t2=29 steerMode=6875/6737 iSteer=7362 driveMode=103125/104746 iDrive=180041 scale=0 wheel=300000 ffS=5000
2026-07-07T15:51:50.794+00:00 VCP SET_TARGET_FF_RX steerRate=30000 wheelAccel=0
2026-07-07T15:51:50.808+00:00 CAN id=111 dlc=8 data=3075000000000000
2026-07-07T15:51:50.808+00:00 CAN id=101 dlc=8 data=503e0000e0930400
2026-07-07T15:51:50.828+00:00 CAN id=111 dlc=8 data=3075000000000000
2026-07-07T15:51:50.828+00:00 CAN id=101 dlc=8 data=a8400000e0930400
2026-07-07T15:51:50.848+00:00 CAN id=111 dlc=8 data=3075000000000000
2026-07-07T15:51:50.848+00:00 CAN id=101 dlc=8 data=00430000e0930400
2026-07-07T15:51:50.868+00:00 CAN id=111 dlc=8 data=3075000000000000
2026-07-07T15:51:50.868+00:00 CAN id=101 dlc=8 data=58450000e0930400
2026-07-07T15:51:50.888+00:00 CAN id=111 dlc=8 data=3075000000000000
2026-07-07T15:51:50.888+00:00 CAN id=101 dlc=8 data=b0470000e0930400
2026-07-07T15:51:50.897+00:00 VCP SET_TARGET_RX steer=15352 wheel=300000
2026-07-07T15:51:50.897+00:00 VCP run=1 step=0 angle=15293 target=15352 err=59 steer=5000 m1=2121/110000 i1=196 t1=29 m2=-1848/-96250 i2=-184 t2=29 steerMode=6875/6799 iSteer=5635 driveMode=103125/104331 iDrive=190080 scale=0 wheel=300000 ffS=5000
2026-07-07T15:51:50.908+00:00 CAN id=111 dlc=8 data=3075000000000000
2026-07-07T15:51:50.908+00:00 CAN id=101 dlc=8 data=084a0000e0930400
2026-07-07T15:51:50.928+00:00 CAN id=111 dlc=8 data=3075000000000000
2026-07-07T15:51:50.928+00:00 CAN id=101 dlc=8 data=604c0000e0930400
2026-07-07T15:51:50.948+00:00 CAN id=111 dlc=8 data=3075000000000000
2026-07-07T15:51:50.948+00:00 CAN id=101 dlc=8 data=b84e0000e0930400
2026-07-07T15:51:50.968+00:00 CAN id=111 dlc=8 data=3075000000000000
2026-07-07T15:51:50.968+00:00 CAN id=101 dlc=8 data=10510000e0930400
2026-07-07T15:51:50.988+00:00 CAN id=111 dlc=8 data=3075000000000000
2026-07-07T15:51:50.988+00:00 CAN id=101 dlc=8 data=68530000e0930400
2026-07-07T15:51:51.001+00:00 VCP run=1 step=0 angle=17842 target=18352 err=510 steer=6020 m1=2121/111403 i1=245 t1=29 m2=-1873/-94847 i2=-95 t2=29 steerMode=8278/6827 iSteer=75262 driveMode=103125/104914 iDrive=169933 scale=0 wheel=300000 ffS=5000
2026-07-07T15:51:51.008+00:00 CAN id=111 dlc=8 data=3075000000000000
2026-07-07T15:51:51.008+00:00 CAN id=101 dlc=8 data=c0550000e0930400
2026-07-07T15:51:51.028+00:00 CAN id=111 dlc=8 data=3075000000000000
2026-07-07T15:51:51.028+00:00 CAN id=101 dlc=8 data=18580000e0930400
2026-07-07T15:51:51.048+00:00 CAN id=111 dlc=8 data=3075000000000000
2026-07-07T15:51:51.048+00:00 CAN id=101 dlc=8 data=705a0000e0930400
2026-07-07T15:51:51.068+00:00 CAN id=111 dlc=8 data=3075000000000000
2026-07-07T15:51:51.068+00:00 CAN id=101 dlc=8 data=c85c0000e0930400
2026-07-07T15:51:51.088+00:00 CAN id=111 dlc=8 data=3075000000000000
2026-07-07T15:51:51.088+00:00 CAN id=101 dlc=8 data=205f0000e0930400
2026-07-07T15:51:51.104+00:00 VCP run=1 step=0 angle=21621 target=21352 err=-269 steer=5000 m1=2100/110000 i1=192 t1=29 m2=-1844/-96250 i2=-197 t2=29 steerMode=6875/6945 iSteer=-2600 driveMode=103125/104005 iDrive=194816 scale=0 wheel=300000 ffS=5000
2026-07-07T15:51:51.108+00:00 CAN id=111 dlc=8 data=3075000000000000
2026-07-07T15:51:51.108+00:00 CAN id=101 dlc=8 data=78610000e0930400
2026-07-07T15:51:51.128+00:00 CAN id=111 dlc=8 data=3075000000000000
2026-07-07T15:51:51.128+00:00 CAN id=101 dlc=8 data=d0630000e0930400
2026-07-07T15:51:51.148+00:00 CAN id=111 dlc=8 data=3075000000000000
2026-07-07T15:51:51.148+00:00 CAN id=101 dlc=8 data=28660000e0930400
2026-07-07T15:51:51.168+00:00 CAN id=111 dlc=8 data=3075000000000000
2026-07-07T15:51:51.168+00:00 CAN id=101 dlc=8 data=80680000e0930400
2026-07-07T15:51:51.188+00:00 CAN id=111 dlc=8 data=3075000000000000
2026-07-07T15:51:51.188+00:00 CAN id=101 dlc=8 data=d86a0000e0930400
2026-07-07T15:51:51.207+00:00 VCP run=1 step=0 angle=23994 target=24352 err=358 steer=5000 m1=2124/110000 i1=188 t1=29 m2=-1901/-96250 i2=-132 t2=29 steerMode=6875/6353 iSteer=28065 driveMode=103125/105067 iDrive=160185 scale=0 wheel=300000 ffS=5000
2026-07-07T15:51:51.208+00:00 CAN id=111 dlc=8 data=3075000000000000
2026-07-07T15:51:51.208+00:00 CAN id=101 dlc=8 data=306d0000e0930400
2026-07-07T15:51:51.228+00:00 CAN id=111 dlc=8 data=3075000000000000
2026-07-07T15:51:51.228+00:00 CAN id=101 dlc=8 data=886f0000e0930400
2026-07-07T15:51:51.248+00:00 CAN id=111 dlc=8 data=3075000000000000
2026-07-07T15:51:51.248+00:00 CAN id=101 dlc=8 data=e0710000e0930400
2026-07-07T15:51:51.268+00:00 CAN id=111 dlc=8 data=3075000000000000
2026-07-07T15:51:51.268+00:00 CAN id=101 dlc=8 data=38740000e0930400
2026-07-07T15:51:51.288+00:00 CAN id=111 dlc=8 data=3075000000000000
2026-07-07T15:51:51.288+00:00 CAN id=101 dlc=8 data=90760000e0930400
2026-07-07T15:51:51.303+00:00 VCP run=1 step=0 angle=27510 target=27352 err=-158 steer=5000 m1=2103/110000 i1=187 t1=29 m2=-1817/-96250 i2=-193 t2=29 steerMode=6875/6988 iSteer=-3233 driveMode=103125/103975 iDrive=190050 scale=0 wheel=300000 ffS=5000
2026-07-07T15:51:51.303+00:00 VCP SET_TARGET_FF_RX steerRate=30000 wheelAccel=0
2026-07-07T15:51:51.303+00:00 VCP SET_TARGET_RX steer=30352 wheel=300000
2026-07-07T15:51:51.308+00:00 CAN id=111 dlc=8 data=3075000000000000
2026-07-07T15:51:51.308+00:00 CAN id=101 dlc=8 data=e8780000e0930400
2026-07-07T15:51:51.328+00:00 CAN id=111 dlc=8 data=3075000000000000
2026-07-07T15:51:51.328+00:00 CAN id=101 dlc=8 data=407b0000e0930400
2026-07-07T15:51:51.348+00:00 CAN id=111 dlc=8 data=3075000000000000
2026-07-07T15:51:51.348+00:00 CAN id=101 dlc=8 data=987d0000e0930400
2026-07-07T15:51:51.368+00:00 CAN id=111 dlc=8 data=3075000000000000
2026-07-07T15:51:51.368+00:00 CAN id=101 dlc=8 data=f07f0000e0930400
2026-07-07T15:51:51.388+00:00 CAN id=111 dlc=8 data=3075000000000000
2026-07-07T15:51:51.388+00:00 CAN id=101 dlc=8 data=48820000e0930400
2026-07-07T15:51:51.406+00:00 VCP run=1 step=0 angle=30059 target=30352 err=293 steer=5000 m1=2103/110000 i1=187 t1=29 m2=-1890/-96250 i2=-150 t2=29 steerMode=6875/6546 iSteer=18737 driveMode=103125/104636 iDrive=168440 scale=0 wheel=300000 ffS=5000
2026-07-07T15:51:51.408+00:00 CAN id=111 dlc=8 data=3075000000000000
2026-07-07T15:51:51.408+00:00 CAN id=101 dlc=8 data=a0840000e0930400
2026-07-07T15:51:51.428+00:00 CAN id=111 dlc=8 data=3075000000000000
2026-07-07T15:51:51.428+00:00 CAN id=101 dlc=8 data=f8860000e0930400
2026-07-07T15:51:51.448+00:00 CAN id=111 dlc=8 data=3075000000000000
2026-07-07T15:51:51.448+00:00 CAN id=101 dlc=8 data=50890000e0930400
2026-07-07T15:51:51.468+00:00 CAN id=111 dlc=8 data=3075000000000000
2026-07-07T15:51:51.468+00:00 CAN id=101 dlc=8 data=a88b0000e0930400
2026-07-07T15:51:51.488+00:00 CAN id=111 dlc=8 data=3075000000000000
2026-07-07T15:51:51.488+00:00 CAN id=101 dlc=8 data=008e0000e0930400
2026-07-07T15:51:51.508+00:00 CAN id=111 dlc=8 data=3075000000000000
2026-07-07T15:51:51.508+00:00 CAN id=101 dlc=8 data=58900000e0930400
2026-07-07T15:51:51.510+00:00 VCP run=1 step=0 angle=33311 target=33352 err=41 steer=5000 m1=2103/110000 i1=190 t1=29 m2=-1817/-96250 i2=-167 t2=29 steerMode=6875/6699 iSteer=11455 driveMode=103125/104226 iDrive=178153 scale=0 wheel=300000 ffS=5000
2026-07-07T15:51:51.528+00:00 CAN id=111 dlc=8 data=3075000000000000
2026-07-07T15:51:51.528+00:00 CAN id=101 dlc=8 data=b0920000e0930400
2026-07-07T15:51:51.548+00:00 CAN id=111 dlc=8 data=3075000000000000
2026-07-07T15:51:51.548+00:00 CAN id=101 dlc=8 data=08950000e0930400
2026-07-07T15:51:51.568+00:00 CAN id=111 dlc=8 data=3075000000000000
2026-07-07T15:51:51.568+00:00 CAN id=101 dlc=8 data=60970000e0930400
2026-07-07T15:51:51.588+00:00 CAN id=111 dlc=8 data=3075000000000000
2026-07-07T15:51:51.588+00:00 CAN id=101 dlc=8 data=b8990000e0930400
2026-07-07T15:51:51.608+00:00 CAN id=111 dlc=8 data=3075000000000000
2026-07-07T15:51:51.608+00:00 CAN id=101 dlc=8 data=109c0000e0930400
2026-07-07T15:51:51.613+00:00 VCP run=1 step=0 angle=36035 target=36352 err=317 steer=5000 m1=2121/110000 i1=158 t1=29 m2=-1834/-96250 i2=-169 t2=29 steerMode=6875/7060 iSteer=-5827 driveMode=103125/104630 iDrive=163595 scale=0 wheel=300000 ffS=5000
2026-07-07T15:51:51.628+00:00 CAN id=111 dlc=8 data=3075000000000000
2026-07-07T15:51:51.628+00:00 CAN id=101 dlc=8 data=689e0000e0930400
2026-07-07T15:51:51.648+00:00 CAN id=111 dlc=8 data=3075000000000000
2026-07-07T15:51:51.648+00:00 CAN id=101 dlc=8 data=c0a00000e0930400
2026-07-07T15:51:51.668+00:00 CAN id=111 dlc=8 data=3075000000000000
2026-07-07T15:51:51.668+00:00 CAN id=101 dlc=8 data=18a30000e0930400
2026-07-07T15:51:51.688+00:00 CAN id=111 dlc=8 data=3075000000000000
2026-07-07T15:51:51.688+00:00 CAN id=101 dlc=8 data=70a50000e0930400
2026-07-07T15:51:51.708+00:00 CAN id=111 dlc=8 data=3075000000000000
2026-07-07T15:51:51.708+00:00 CAN id=101 dlc=8 data=c8a70000e0930400
2026-07-07T15:51:51.728+00:00 CAN id=111 dlc=8 data=3075000000000000
2026-07-07T15:51:51.728+00:00 CAN id=101 dlc=8 data=20aa0000e0930400
2026-07-07T15:51:51.748+00:00 CAN id=111 dlc=8 data=3075000000000000
2026-07-07T15:51:51.748+00:00 CAN id=101 dlc=8 data=78ac0000e0930400
2026-07-07T15:51:51.768+00:00 CAN id=111 dlc=8 data=3075000000000000
2026-07-07T15:51:51.768+00:00 CAN id=101 dlc=8 data=d0ae0000e0930400
2026-07-07T15:51:51.788+00:00 CAN id=111 dlc=8 data=3075000000000000
2026-07-07T15:51:51.788+00:00 CAN id=101 dlc=8 data=28b10000e0930400
2026-07-07T15:51:51.790+00:00 VCP run=1 step=0 angle=39551 target=39352 err=-199 steer=5000 m1=2086/110000 i1=192 t1=29 m2=-1890/-96250 i2=-190 t2=29 steerMode=6875/6893 iSteer=688 driveMode=103125/103667 iDrive=191155 scale=0 wheel=300000 ffS=5000
2026-07-07T15:51:51.790+00:00 VCP run=1 step=0 angle=42188 target=42352 err=165 steer=5000 m1=2107/110000 i1=182 t1=29 m2=-1823/-96250 i2=-152 t2=29 steerMode=6875/6609 iSteer=15204 driveMode=103125/104403 iDrive=167176 scale=0 wheel=300000 ffS=5000
2026-07-07T15:51:51.808+00:00 CAN id=111 dlc=8 data=3075000000000000
2026-07-07T15:51:51.808+00:00 CAN id=101 dlc=8 data=80b30000e0930400
2026-07-07T15:51:51.812+00:00 VCP SET_TARGET_FF_RX steerRate=30000 wheelAccel=0
2026-07-07T15:51:51.813+00:00 VCP SET_TARGET_RX steer=45352 wheel=300000
2026-07-07T15:51:51.828+00:00 CAN id=111 dlc=8 data=3075000000000000
2026-07-07T15:51:51.828+00:00 CAN id=101 dlc=8 data=d8b50000e0930400
2026-07-07T15:51:51.848+00:00 CAN id=111 dlc=8 data=3075000000000000
2026-07-07T15:51:51.848+00:00 CAN id=101 dlc=8 data=30b80000e0930400
2026-07-07T15:51:51.868+00:00 CAN id=111 dlc=8 data=3075000000000000
2026-07-07T15:51:51.868+00:00 CAN id=101 dlc=8 data=88ba0000e0930400
2026-07-07T15:51:51.888+00:00 CAN id=111 dlc=8 data=3075000000000000
2026-07-07T15:51:51.888+00:00 CAN id=101 dlc=8 data=e0bc0000e0930400
2026-07-07T15:51:51.908+00:00 CAN id=111 dlc=8 data=3075000000000000
2026-07-07T15:51:51.908+00:00 CAN id=101 dlc=8 data=38bf0000e0930400
2026-07-07T15:51:51.928+00:00 CAN id=111 dlc=8 data=3075000000000000
2026-07-07T15:51:51.928+00:00 CAN id=101 dlc=8 data=90c10000e0930400
2026-07-07T15:51:51.948+00:00 CAN id=111 dlc=8 data=3075000000000000
2026-07-07T15:51:51.948+00:00 CAN id=101 dlc=8 data=e8c30000e0930400
2026-07-07T15:51:51.968+00:00 CAN id=111 dlc=8 data=3075000000000000
2026-07-07T15:51:51.968+00:00 CAN id=101 dlc=8 data=40c60000e0930400
2026-07-07T15:51:51.988+00:00 CAN id=111 dlc=8 data=3075000000000000
2026-07-07T15:51:51.988+00:00 CAN id=101 dlc=8 data=98c80000e0930400
2026-07-07T15:51:51.997+00:00 VCP run=1 step=0 angle=45000 target=45352 err=352 steer=5000 m1=2096/110000 i1=205 t1=29 m2=-1869/-96250 i2=-146 t2=29 steerMode=6875/6350 iSteer=29214 driveMode=103125/104055 iDrive=175582 scale=0 wheel=300000 ffS=5000
2026-07-07T15:51:51.997+00:00 VCP run=1 step=0 angle=47813 target=48352 err=540 steer=6079 m1=2121/111484 i1=235 t1=29 m2=-1882/-94766 i2=-92 t2=29 steerMode=8359/7032 iSteer=71279 driveMode=103125/104382 iDrive=163695 scale=0 wheel=300000 ffS=5000
2026-07-07T15:51:52.008+00:00 CAN id=111 dlc=8 data=3075000000000000
2026-07-07T15:51:52.008+00:00 CAN id=101 dlc=8 data=f0ca0000e0930400
2026-07-07T15:51:52.028+00:00 CAN id=111 dlc=8 data=3075000000000000
2026-07-07T15:51:52.028+00:00 CAN id=101 dlc=8 data=48cd0000e0930400
2026-07-07T15:51:52.048+00:00 CAN id=111 dlc=8 data=3075000000000000
2026-07-07T15:51:52.048+00:00 CAN id=101 dlc=8 data=a0cf0000e0930400
2026-07-07T15:51:52.068+00:00 CAN id=111 dlc=8 data=3075000000000000
2026-07-07T15:51:52.068+00:00 CAN id=101 dlc=8 data=f8d10000e0930400
2026-07-07T15:51:52.088+00:00 CAN id=111 dlc=8 data=3075000000000000
2026-07-07T15:51:52.089+00:00 CAN id=101 dlc=8 data=50d40000e0930400
2026-07-07T15:51:52.100+00:00 VCP run=1 step=0 angle=50889 target=51352 err=463 steer=5502 m1=2094/110691 i1=220 t1=29 m2=-1880/-95559 i2=-125 t2=29 steerMode=7566/6731 iSteer=47026 driveMode=103125/104042 iDrive=172504 scale=0 wheel=300000 ffS=5000
2026-07-07T15:51:52.108+00:00 CAN id=111 dlc=8 data=3075000000000000
2026-07-07T15:51:52.108+00:00 CAN id=101 dlc=8 data=a8d60000e0930400
2026-07-07T15:51:52.128+00:00 CAN id=111 dlc=8 data=3075000000000000
2026-07-07T15:51:52.128+00:00 CAN id=101 dlc=8 data=00d90000e0930400
2026-07-07T15:51:52.148+00:00 CAN id=111 dlc=8 data=3075000000000000
2026-07-07T15:51:52.148+00:00 CAN id=101 dlc=8 data=58db0000e0930400
2026-07-07T15:51:52.168+00:00 CAN id=111 dlc=8 data=3075000000000000
2026-07-07T15:51:52.168+00:00 CAN id=101 dlc=8 data=b0dd0000e0930400
2026-07-07T15:51:52.188+00:00 CAN id=111 dlc=8 data=3075000000000000
2026-07-07T15:51:52.188+00:00 CAN id=101 dlc=8 data=08e00000e0930400
2026-07-07T15:51:52.204+00:00 VCP run=1 step=0 angle=54141 target=54352 err=211 steer=5000 m1=2126/110000 i1=127 t1=29 m2=-1846/-96250 i2=-225 t2=29 steerMode=6875/7978 iSteer=-49317 driveMode=103125/103924 iDrive=176017 scale=0 wheel=300000 ffS=5000
2026-07-07T15:51:52.208+00:00 CAN id=111 dlc=8 data=3075000000000000
2026-07-07T15:51:52.208+00:00 CAN id=101 dlc=8 data=60e20000e0930400
2026-07-07T15:51:52.228+00:00 CAN id=111 dlc=8 data=3075000000000000
2026-07-07T15:51:52.228+00:00 CAN id=101 dlc=8 data=b8e40000e0930400
2026-07-07T15:51:52.248+00:00 CAN id=111 dlc=8 data=3075000000000000
2026-07-07T15:51:52.248+00:00 CAN id=101 dlc=8 data=10e70000e0930400
2026-07-07T15:51:52.268+00:00 CAN id=111 dlc=8 data=3075000000000000
2026-07-07T15:51:52.268+00:00 CAN id=101 dlc=8 data=68e90000e0930400
2026-07-07T15:51:52.288+00:00 CAN id=111 dlc=8 data=3075000000000000
2026-07-07T15:51:52.288+00:00 CAN id=101 dlc=8 data=c0eb0000e0930400
2026-07-07T15:51:52.300+00:00 VCP run=1 step=0 angle=57656 target=57352 err=-304 steer=5000 m1=2059/110000 i1=242 t1=29 m2=-1806/-96250 i2=-152 t2=29 steerMode=6875/6053 iSteer=45022 driveMode=103125/103233 iDrive=196758 scale=0 wheel=300000 ffS=5000
2026-07-07T15:51:52.300+00:00 VCP SET_TARGET_FF_RX steerRate=30000 wheelAccel=0
2026-07-07T15:51:52.300+00:00 VCP SET_TARGET_RX steer=60352 wheel=300000
2026-07-07T15:51:52.308+00:00 CAN id=111 dlc=8 data=3075000000000000
2026-07-07T15:51:52.308+00:00 CAN id=101 dlc=8 data=18ee0000e0930400
2026-07-07T15:51:52.328+00:00 CAN id=111 dlc=8 data=3075000000000000
2026-07-07T15:51:52.328+00:00 CAN id=101 dlc=8 data=70f00000e0930400
2026-07-07T15:51:52.348+00:00 CAN id=111 dlc=8 data=3075000000000000
2026-07-07T15:51:52.348+00:00 CAN id=101 dlc=8 data=c8f20000e0930400
2026-07-07T15:51:52.368+00:00 CAN id=111 dlc=8 data=3075000000000000
2026-07-07T15:51:52.368+00:00 CAN id=101 dlc=8 data=20f50000e0930400
2026-07-07T15:51:52.388+00:00 CAN id=111 dlc=8 data=3075000000000000
2026-07-07T15:51:52.388+00:00 CAN id=101 dlc=8 data=78f70000e0930400
2026-07-07T15:51:52.403+00:00 VCP run=1 step=0 angle=60117 target=60352 err=235 steer=5000 m1=2142/110000 i1=123 t1=29 m2=-1815/-96250 i2=-209 t2=29 steerMode=6875/7876 iSteer=-42866 driveMode=103125/104249 iDrive=166275 scale=0 wheel=300000 ffS=5000
2026-07-07T15:51:52.408+00:00 CAN id=111 dlc=8 data=3075000000000000
2026-07-07T15:51:52.408+00:00 CAN id=101 dlc=8 data=d0f90000e0930400
2026-07-07T15:51:52.428+00:00 CAN id=111 dlc=8 data=3075000000000000
2026-07-07T15:51:52.428+00:00 CAN id=101 dlc=8 data=28fc0000e0930400
2026-07-07T15:51:52.448+00:00 CAN id=111 dlc=8 data=3075000000000000
2026-07-07T15:51:52.448+00:00 CAN id=101 dlc=8 data=80fe0000e0930400
2026-07-07T15:51:52.468+00:00 CAN id=111 dlc=8 data=3075000000000000
2026-07-07T15:51:52.468+00:00 CAN id=101 dlc=8 data=d8000100e0930400
2026-07-07T15:51:52.488+00:00 CAN id=111 dlc=8 data=3075000000000000
2026-07-07T15:51:52.488+00:00 CAN id=101 dlc=8 data=30030100e0930400
2026-07-07T15:51:52.506+00:00 VCP run=1 step=0 angle=63457 target=63352 err=-105 steer=5000 m1=2105/110000 i1=206 t1=29 m2=-1871/-96250 i2=-127 t2=29 steerMode=6875/6216 iSteer=39461 driveMode=103125/104231 iDrive=166816 scale=0 wheel=300000 ffS=5000
2026-07-07T15:51:52.508+00:00 CAN id=111 dlc=8 data=3075000000000000
2026-07-07T15:51:52.508+00:00 CAN id=101 dlc=8 data=88050100e0930400
2026-07-07T15:51:52.528+00:00 CAN id=111 dlc=8 data=3075000000000000
2026-07-07T15:51:52.528+00:00 CAN id=101 dlc=8 data=e0070100e0930400
2026-07-07T15:51:52.548+00:00 CAN id=111 dlc=8 data=3075000000000000
2026-07-07T15:51:52.548+00:00 CAN id=101 dlc=8 data=380a0100e0930400
2026-07-07T15:51:52.568+00:00 CAN id=111 dlc=8 data=3075000000000000
2026-07-07T15:51:52.568+00:00 CAN id=101 dlc=8 data=900c0100e0930400
2026-07-07T15:51:52.588+00:00 CAN id=111 dlc=8 data=3075000000000000
2026-07-07T15:51:52.588+00:00 CAN id=101 dlc=8 data=e80e0100e0930400
2026-07-07T15:51:52.608+00:00 CAN id=111 dlc=8 data=3075000000000000
2026-07-07T15:51:52.608+00:00 CAN id=101 dlc=8 data=40110100e0930400
2026-07-07T15:51:52.609+00:00 VCP run=1 step=0 angle=66270 target=66352 err=82 steer=5000 m1=2113/110000 i1=155 t1=29 m2=-1811/-96250 i2=-203 t2=29 steerMode=6875/7489 iSteer=-23996 driveMode=103125/103811 iDrive=179413 scale=0 wheel=300000 ffS=5000
2026-07-07T15:51:52.628+00:00 CAN id=111 dlc=8 data=3075000000000000
2026-07-07T15:51:52.629+00:00 CAN id=101 dlc=8 data=98130100e0930400
2026-07-07T15:51:52.648+00:00 CAN id=111 dlc=8 data=3075000000000000
2026-07-07T15:51:52.649+00:00 CAN id=101 dlc=8 data=f0150100e0930400
2026-07-07T15:51:52.668+00:00 CAN id=111 dlc=8 data=3075000000000000
2026-07-07T15:51:52.668+00:00 CAN id=101 dlc=8 data=48180100e0930400
2026-07-07T15:51:52.688+00:00 CAN id=111 dlc=8 data=3075000000000000
2026-07-07T15:51:52.688+00:00 CAN id=101 dlc=8 data=a01a0100e0930400
2026-07-07T15:51:52.708+00:00 CAN id=111 dlc=8 data=3075000000000000
2026-07-07T15:51:52.708+00:00 CAN id=101 dlc=8 data=f81c0100e0930400
2026-07-07T15:51:52.713+00:00 VCP run=1 step=0 angle=69170 target=69352 err=182 steer=5000 m1=2098/110000 i1=214 t1=29 m2=-1884/-96250 i2=-124 t2=29 steerMode=6875/6112 iSteer=44855 driveMode=103125/104157 iDrive=169035 scale=0 wheel=300000 ffS=5000
2026-07-07T15:51:52.728+00:00 CAN id=111 dlc=8 data=3075000000000000
2026-07-07T15:51:52.728+00:00 CAN id=101 dlc=8 data=501f0100e0930400
2026-07-07T15:51:52.748+00:00 CAN id=111 dlc=8 data=3075000000000000
2026-07-07T15:51:52.748+00:00 CAN id=101 dlc=8 data=a8210100e0930400
2026-07-07T15:51:52.768+00:00 CAN id=111 dlc=8 data=3075000000000000
2026-07-07T15:51:52.768+00:00 CAN id=101 dlc=8 data=00240100e0930400
2026-07-07T15:51:52.788+00:00 CAN id=111 dlc=8 data=3075000000000000
2026-07-07T15:51:52.788+00:00 CAN id=101 dlc=8 data=58260100e0930400
2026-07-07T15:51:52.808+00:00 CAN id=111 dlc=8 data=3075000000000000
2026-07-07T15:51:52.808+00:00 CAN id=101 dlc=8 data=b0280100e0930400
2026-07-07T15:51:52.809+00:00 VCP run=1 step=0 angle=72070 target=72352 err=282 steer=5000 m1=2115/110000 i1=135 t1=29 m2=-1852/-96250 i2=-186 t2=29 steerMode=6875/7533 iSteer=-25540 driveMode=103125/104455 iDrive=160105 scale=0 wheel=300000 ffS=5000
2026-07-07T15:51:52.809+00:00 VCP SET_TARGET_FF_RX steerRate=30000 wheelAccel=0
2026-07-07T15:51:52.809+00:00 VCP SET_TARGET_RX steer=75352 wheel=300000
2026-07-07T15:51:52.828+00:00 CAN id=111 dlc=8 data=3075000000000000
2026-07-07T15:51:52.828+00:00 CAN id=101 dlc=8 data=082b0100e0930400
2026-07-07T15:51:52.848+00:00 CAN id=111 dlc=8 data=3075000000000000
2026-07-07T15:51:52.848+00:00 CAN id=101 dlc=8 data=602d0100e0930400
2026-07-07T15:51:52.868+00:00 CAN id=111 dlc=8 data=3075000000000000
2026-07-07T15:51:52.868+00:00 CAN id=101 dlc=8 data=b82f0100e0930400
2026-07-07T15:51:52.888+00:00 CAN id=111 dlc=8 data=3075000000000000
2026-07-07T15:51:52.888+00:00 CAN id=101 dlc=8 data=10320100e0930400
2026-07-07T15:51:52.908+00:00 CAN id=111 dlc=8 data=3075000000000000
2026-07-07T15:51:52.908+00:00 CAN id=101 dlc=8 data=68340100e0930400
2026-07-07T15:51:52.912+00:00 VCP run=1 step=0 angle=75674 target=75352 err=-322 steer=5000 m1=2094/110000 i1=199 t1=29 m2=-1855/-96250 i2=-195 t2=29 steerMode=6875/6947 iSteer=2193 driveMode=103125/103225 iDrive=196994 scale=0 wheel=300000 ffS=5000
2026-07-07T15:51:52.928+00:00 CAN id=111 dlc=8 data=3075000000000000
2026-07-07T15:51:52.928+00:00 CAN id=101 dlc=8 data=c0360100e0930400
2026-07-07T15:51:52.948+00:00 CAN id=111 dlc=8 data=3075000000000000
2026-07-07T15:51:52.948+00:00 CAN id=101 dlc=8 data=18390100e0930400
2026-07-07T15:51:52.968+00:00 CAN id=111 dlc=8 data=3075000000000000
2026-07-07T15:51:52.968+00:00 CAN id=101 dlc=8 data=703b0100e0930400
2026-07-07T15:51:52.988+00:00 CAN id=111 dlc=8 data=3075000000000000
2026-07-07T15:51:52.988+00:00 CAN id=101 dlc=8 data=c83d0100e0930400
2026-07-07T15:51:53.008+00:00 CAN id=111 dlc=8 data=3075000000000000
2026-07-07T15:51:53.008+00:00 CAN id=101 dlc=8 data=20400100e0930400
2026-07-07T15:51:53.028+00:00 CAN id=111 dlc=8 data=3075000000000000
2026-07-07T15:51:53.028+00:00 CAN id=101 dlc=8 data=78420100e0930400
2026-07-07T15:51:53.048+00:00 CAN id=111 dlc=8 data=3075000000000000
2026-07-07T15:51:53.048+00:00 CAN id=101 dlc=8 data=d0440100e0930400
2026-07-07T15:51:53.068+00:00 CAN id=111 dlc=8 data=3075000000000000
2026-07-07T15:51:53.068+00:00 CAN id=101 dlc=8 data=28470100e0930400
2026-07-07T15:51:53.088+00:00 CAN id=111 dlc=8 data=3075000000000000
2026-07-07T15:51:53.088+00:00 CAN id=101 dlc=8 data=80490100e0930400
2026-07-07T15:51:53.097+00:00 VCP run=1 step=0 angle=78398 target=78352 err=-46 steer=5000 m1=2098/110000 i1=193 t1=29 m2=-1848/-96250 i2=-177 t2=29 steerMode=6875/6828 iSteer=8193 driveMode=103125/103630 iDrive=184838 scale=0 wheel=300000 ffS=5000
2026-07-07T15:51:53.097+00:00 VCP run=1 step=0 angle=81475 target=81352 err=-123 steer=5000 m1=2126/110000 i1=179 t1=29 m2=-1871/-96250 i2=-132 t2=29 steerMode=6875/6531 iSteer=23695 driveMode=103125/104616 iDrive=155283 scale=0 wheel=300000 ffS=5000
2026-07-07T15:51:53.108+00:00 CAN id=111 dlc=8 data=3075000000000000
2026-07-07T15:51:53.108+00:00 CAN id=101 dlc=8 data=d84b0100e0930400
2026-07-07T15:51:53.128+00:00 CAN id=111 dlc=8 data=3075000000000000
2026-07-07T15:51:53.128+00:00 CAN id=101 dlc=8 data=304e0100e0930400
2026-07-07T15:51:53.148+00:00 CAN id=111 dlc=8 data=3075000000000000
2026-07-07T15:51:53.148+00:00 CAN id=101 dlc=8 data=88500100e0930400
2026-07-07T15:51:53.168+00:00 CAN id=111 dlc=8 data=3075000000000000
2026-07-07T15:51:53.168+00:00 CAN id=101 dlc=8 data=e0520100e0930400
2026-07-07T15:51:53.188+00:00 CAN id=111 dlc=8 data=3075000000000000
2026-07-07T15:51:53.188+00:00 CAN id=101 dlc=8 data=38550100e0930400
2026-07-07T15:51:53.200+00:00 VCP run=1 step=0 angle=84111 target=84352 err=241 steer=5000 m1=2111/110000 i1=160 t1=29 m2=-1840/-96250 i2=-175 t2=29 steerMode=6875/7160 iSteer=-7764 driveMode=103125/104209 iDrive=167495 scale=0 wheel=300000 ffS=5000
2026-07-07T15:51:53.208+00:00 CAN id=111 dlc=8 data=3075000000000000
2026-07-07T15:51:53.208+00:00 CAN id=101 dlc=8 data=90570100e0930400
2026-07-07T15:51:53.228+00:00 CAN id=111 dlc=8 data=3075000000000000
2026-07-07T15:51:53.228+00:00 CAN id=101 dlc=8 data=e8590100e0930400
2026-07-07T15:51:53.248+00:00 CAN id=111 dlc=8 data=3075000000000000
2026-07-07T15:51:53.248+00:00 CAN id=101 dlc=8 data=405c0100e0930400
2026-07-07T15:51:53.268+00:00 CAN id=111 dlc=8 data=3075000000000000
2026-07-07T15:51:53.268+00:00 CAN id=101 dlc=8 data=985e0100e0930400
2026-07-07T15:51:53.288+00:00 CAN id=111 dlc=8 data=3075000000000000
2026-07-07T15:51:53.288+00:00 CAN id=101 dlc=8 data=f0600100e0930400
2026-07-07T15:51:53.296+00:00 VCP run=1 step=0 angle=87275 target=87352 err=77 steer=5000 m1=2117/110000 i1=188 t1=29 m2=-1871/-96250 i2=-162 t2=29 steerMode=6875/6745 iSteer=13108 driveMode=103125/103964 iDrive=174819 scale=0 wheel=300000 ffS=5000
2026-07-07T15:51:53.296+00:00 VCP SET_TARGET_FF_RX steerRate=30000 wheelAccel=0
2026-07-07T15:51:53.308+00:00 CAN id=111 dlc=8 data=3075000000000000
2026-07-07T15:51:53.308+00:00 CAN id=101 dlc=8 data=48630100e0930400
2026-07-07T15:51:53.328+00:00 CAN id=111 dlc=8 data=3075000000000000
2026-07-07T15:51:53.328+00:00 CAN id=101 dlc=8 data=a0650100e0930400
2026-07-07T15:51:53.348+00:00 CAN id=111 dlc=8 data=3075000000000000
2026-07-07T15:51:53.348+00:00 CAN id=101 dlc=8 data=f8670100e0930400
2026-07-07T15:51:53.368+00:00 CAN id=111 dlc=8 data=3075000000000000
2026-07-07T15:51:53.368+00:00 CAN id=101 dlc=8 data=506a0100e0930400
2026-07-07T15:51:53.388+00:00 CAN id=111 dlc=8 data=3075000000000000
2026-07-07T15:51:53.388+00:00 CAN id=101 dlc=8 data=a86c0100e0930400
2026-07-07T15:51:53.399+00:00 VCP SET_TARGET_RX steer=90352 wheel=300000
2026-07-07T15:51:53.399+00:00 VCP run=1 step=0 angle=90439 target=90352 err=-87 steer=5000 m1=2092/110000 i1=175 t1=29 m2=-1809/-96250 i2=-197 t2=29 steerMode=6875/7214 iSteer=-10984 driveMode=103125/103591 iDrive=186022 scale=0 wheel=300000 ffS=5000
2026-07-07T15:51:53.408+00:00 CAN id=111 dlc=8 data=3075000000000000
2026-07-07T15:51:53.408+00:00 CAN id=101 dlc=8 data=006f0100e0930400
2026-07-07T15:51:53.428+00:00 CAN id=111 dlc=8 data=3075000000000000
2026-07-07T15:51:53.428+00:00 CAN id=101 dlc=8 data=58710100e0930400
2026-07-07T15:51:53.448+00:00 CAN id=111 dlc=8 data=3075000000000000
2026-07-07T15:51:53.448+00:00 CAN id=101 dlc=8 data=b0730100e0930400
2026-07-07T15:51:53.468+00:00 CAN id=111 dlc=8 data=3075000000000000
2026-07-07T15:51:53.468+00:00 CAN id=101 dlc=8 data=08760100e0930400
2026-07-07T15:51:53.488+00:00 CAN id=111 dlc=8 data=3075000000000000
2026-07-07T15:51:53.488+00:00 CAN id=101 dlc=8 data=60780100e0930400
2026-07-07T15:51:53.503+00:00 VCP run=1 step=0 angle=93779 target=93352 err=-427 steer=5000 m1=2082/110000 i1=223 t1=29 m2=-1836/-96250 i2=-208 t2=29 steerMode=6875/6823 iSteer=7567 driveMode=103125/102610 iDrive=215865 scale=0 wheel=300000 ffS=5000
2026-07-07T15:51:53.508+00:00 CAN id=111 dlc=8 data=3075000000000000
2026-07-07T15:51:53.508+00:00 CAN id=101 dlc=8 data=b87a0100e0930400
2026-07-07T15:51:53.528+00:00 CAN id=111 dlc=8 data=3075000000000000
2026-07-07T15:51:53.528+00:00 CAN id=101 dlc=8 data=107d0100e0930400
2026-07-07T15:51:53.548+00:00 CAN id=111 dlc=8 data=3075000000000000
2026-07-07T15:51:53.548+00:00 CAN id=101 dlc=8 data=687f0100e0930400
2026-07-07T15:51:53.568+00:00 CAN id=111 dlc=8 data=3075000000000000
2026-07-07T15:51:53.568+00:00 CAN id=101 dlc=8 data=c0810100e0930400
2026-07-07T15:51:53.588+00:00 CAN id=111 dlc=8 data=3075000000000000
2026-07-07T15:51:53.588+00:00 CAN id=101 dlc=8 data=18840100e0930400
2026-07-07T15:51:53.606+00:00 VCP run=1 step=0 angle=96328 target=96352 err=24 steer=5000 m1=2115/110000 i1=173 t1=29 m2=-1852/-96250 i2=-163 t2=29 steerMode=6875/6876 iSteer=4839 driveMode=103125/104196 iDrive=167872 scale=0 wheel=300000 ffS=5000
2026-07-07T15:51:53.608+00:00 CAN id=111 dlc=8 data=3075000000000000
2026-07-07T15:51:53.608+00:00 CAN id=101 dlc=8 data=70860100e0930400
2026-07-07T15:51:53.628+00:00 CAN id=111 dlc=8 data=3075000000000000
2026-07-07T15:51:53.628+00:00 CAN id=101 dlc=8 data=c8880100e0930400
2026-07-07T15:51:53.648+00:00 CAN id=111 dlc=8 data=3075000000000000
2026-07-07T15:51:53.648+00:00 CAN id=101 dlc=8 data=208b0100e0930400
2026-07-07T15:51:53.668+00:00 CAN id=111 dlc=8 data=3075000000000000
2026-07-07T15:51:53.668+00:00 CAN id=101 dlc=8 data=788d0100e0930400
2026-07-07T15:51:53.688+00:00 CAN id=111 dlc=8 data=3075000000000000
2026-07-07T15:51:53.688+00:00 CAN id=101 dlc=8 data=d08f0100e0930400
2026-07-07T15:51:53.708+00:00 CAN id=111 dlc=8 data=3075000000000000
2026-07-07T15:51:53.708+00:00 CAN id=101 dlc=8 data=28920100e0930400
2026-07-07T15:51:53.710+00:00 VCP run=1 step=0 angle=99053 target=99352 err=299 steer=5000 m1=2117/110000 i1=173 t1=29 m2=-1861/-96250 i2=-157 t2=29 steerMode=6875/6815 iSteer=8198 driveMode=103125/104300 iDrive=164757 scale=0 wheel=300000 ffS=5000
2026-07-07T15:51:53.728+00:00 CAN id=111 dlc=8 data=3075000000000000
2026-07-07T15:51:53.728+00:00 CAN id=101 dlc=8 data=80940100e0930400
2026-07-07T15:51:53.748+00:00 CAN id=111 dlc=8 data=3075000000000000
2026-07-07T15:51:53.748+00:00 CAN id=101 dlc=8 data=d8960100e0930400
2026-07-07T15:51:53.768+00:00 CAN id=111 dlc=8 data=3075000000000000
2026-07-07T15:51:53.768+00:00 CAN id=101 dlc=8 data=30990100e0930400
2026-07-07T15:51:53.788+00:00 CAN id=111 dlc=8 data=3075000000000000
2026-07-07T15:51:53.788+00:00 CAN id=101 dlc=8 data=889b0100e0930400
2026-07-07T15:51:53.805+00:00 VCP run=1 step=0 angle=101426 target=102352 err=926 steer=6852 m1=2080/112547 i1=309 t1=29 m2=-1786/-93703 i2=-104 t2=29 steerMode=9422/7489 iSteer=102447 driveMode=103125/102902 iDrive=206707 scale=0 wheel=300000 ffS=5000
2026-07-07T15:51:53.805+00:00 VCP SET_TARGET_FF_RX steerRate=30000 wheelAccel=0
2026-07-07T15:51:53.805+00:00 VCP SET_TARGET_RX steer=105352 wheel=300000
2026-07-07T15:51:53.808+00:00 CAN id=111 dlc=8 data=3075000000000000
2026-07-07T15:51:53.808+00:00 CAN id=101 dlc=8 data=e09d0100e0930400
2026-07-07T15:51:53.828+00:00 CAN id=111 dlc=8 data=3075000000000000
2026-07-07T15:51:53.828+00:00 CAN id=101 dlc=8 data=38a00100e0930400
2026-07-07T15:51:53.848+00:00 CAN id=111 dlc=8 data=3075000000000000
2026-07-07T15:51:53.848+00:00 CAN id=101 dlc=8 data=90a20100e0930400
2026-07-07T15:51:53.868+00:00 CAN id=111 dlc=8 data=3075000000000000
2026-07-07T15:51:53.868+00:00 CAN id=101 dlc=8 data=e8a40100e0930400
2026-07-07T15:51:53.888+00:00 CAN id=111 dlc=8 data=3075000000000000
2026-07-07T15:51:53.888+00:00 CAN id=101 dlc=8 data=40a70100e0930400
2026-07-07T15:51:53.908+00:00 CAN id=111 dlc=8 data=3075000000000000
2026-07-07T15:51:53.908+00:00 CAN id=101 dlc=8 data=98a90100e0930400
2026-07-07T15:51:53.908+00:00 VCP run=1 step=0 angle=104854 target=105352 err=498 steer=5000 m1=2050/110000 i1=255 t1=29 m2=-1783/-96250 i2=-247 t2=29 steerMode=6875/6860 iSteer=3992 driveMode=103125/101534 iDrive=250613 scale=0 wheel=300000 ffS=5000
2026-07-07T15:51:53.928+00:00 CAN id=111 dlc=8 data=3075000000000000
2026-07-07T15:51:53.928+00:00 CAN id=101 dlc=8 data=f0ab0100e0930400
2026-07-07T15:51:53.948+00:00 CAN id=111 dlc=8 data=3075000000000000
2026-07-07T15:51:53.948+00:00 CAN id=101 dlc=8 data=48ae0100e0930400
2026-07-07T15:51:53.968+00:00 CAN id=111 dlc=8 data=3075000000000000
2026-07-07T15:51:53.968+00:00 CAN id=101 dlc=8 data=a0b00100e0930400
2026-07-07T15:51:53.988+00:00 CAN id=111 dlc=8 data=3075000000000000
2026-07-07T15:51:53.988+00:00 CAN id=101 dlc=8 data=f8b20100e0930400
2026-07-07T15:51:54.008+00:00 CAN id=111 dlc=8 data=3075000000000000
2026-07-07T15:51:54.008+00:00 CAN id=101 dlc=8 data=50b50100e0930400
2026-07-07T15:51:54.012+00:00 VCP run=1 step=0 angle=107930 target=108352 err=422 steer=5420 m1=2086/110578 i1=228 t1=29 m2=-1786/-95672 i2=-201 t2=29 steerMode=7453/7285 iSteer=13257 driveMode=103125/102829 iDrive=214474 scale=0 wheel=300000 ffS=5000
2026-07-07T15:51:54.028+00:00 CAN id=111 dlc=8 data=3075000000000000
2026-07-07T15:51:54.028+00:00 CAN id=101 dlc=8 data=a8b70100e0930400
2026-07-07T15:51:54.048+00:00 CAN id=111 dlc=8 data=3075000000000000
2026-07-07T15:51:54.048+00:00 CAN id=101 dlc=8 data=00ba0100e0930400
2026-07-07T15:51:54.068+00:00 CAN id=111 dlc=8 data=3075000000000000
2026-07-07T15:51:54.068+00:00 CAN id=101 dlc=8 data=58bc0100e0930400
2026-07-07T15:51:54.088+00:00 CAN id=111 dlc=8 data=3075000000000000
2026-07-07T15:51:54.088+00:00 CAN id=101 dlc=8 data=b0be0100e0930400
2026-07-07T15:51:54.108+00:00 CAN id=111 dlc=8 data=3075000000000000
2026-07-07T15:51:54.108+00:00 CAN id=101 dlc=8 data=08c10100e0930400
2026-07-07T15:51:54.115+00:00 VCP run=1 step=0 angle=111709 target=111352 err=-357 steer=5000 m1=2071/110000 i1=221 t1=29 m2=-1844/-96250 i2=-168 t2=29 steerMode=6875/6376 iSteer=26688 driveMode=103125/103498 iDrive=194627 scale=0 wheel=300000 ffS=5000
2026-07-07T15:51:54.128+00:00 CAN id=111 dlc=8 data=3075000000000000
2026-07-07T15:51:54.128+00:00 CAN id=101 dlc=8 data=60c30100e0930400
2026-07-07T15:51:54.148+00:00 CAN id=111 dlc=8 data=3075000000000000
2026-07-07T15:51:54.148+00:00 CAN id=101 dlc=8 data=b8c50100e0930400
2026-07-07T15:51:54.168+00:00 CAN id=111 dlc=8 data=3075000000000000
2026-07-07T15:51:54.168+00:00 CAN id=101 dlc=8 data=10c80100e0930400
2026-07-07T15:51:54.188+00:00 CAN id=111 dlc=8 data=3075000000000000
2026-07-07T15:51:54.188+00:00 CAN id=101 dlc=8 data=68ca0100e0930400
2026-07-07T15:51:54.208+00:00 CAN id=111 dlc=8 data=3075000000000000
2026-07-07T15:51:54.208+00:00 CAN id=101 dlc=8 data=c0cc0100e0930400
2026-07-07T15:51:54.228+00:00 CAN id=111 dlc=8 data=3075000000000000
2026-07-07T15:51:54.228+00:00 CAN id=101 dlc=8 data=18cf0100e0930400
2026-07-07T15:51:54.248+00:00 CAN id=111 dlc=8 data=3075000000000000
2026-07-07T15:51:54.248+00:00 CAN id=101 dlc=8 data=70d10100e0930400
2026-07-07T15:51:54.268+00:00 CAN id=111 dlc=8 data=3075000000000000
2026-07-07T15:51:54.268+00:00 CAN id=101 dlc=8 data=c8d30100e0930400
2026-07-07T15:51:54.288+00:00 CAN id=111 dlc=8 data=3075000000000000
2026-07-07T15:51:54.288+00:00 CAN id=101 dlc=8 data=20d60100e0930400
2026-07-07T15:51:54.291+00:00 VCP run=1 step=0 angle=114258 target=114352 err=94 steer=5000 m1=2100/110000 i1=172 t1=29 m2=-1838/-96250 i2=-217 t2=29 steerMode=6875/7354 iSteer=-22459 driveMode=103125/103472 iDrive=194579 scale=0 wheel=300000 ffS=5000
2026-07-07T15:51:54.291+00:00 VCP run=1 step=0 angle=117422 target=117352 err=-70 steer=5000 m1=2096/110000 i1=198 t1=29 m2=-1838/-96250 i2=-178 t2=29 steerMode=6875/6686 iSteer=9945 driveMode=103125/103663 iDrive=188129 scale=0 wheel=300000 ffS=5000
2026-07-07T15:51:54.308+00:00 CAN id=111 dlc=8 data=3075000000000000
2026-07-07T15:51:54.308+00:00 CAN id=101 dlc=8 data=78d80100e0930400
2026-07-07T15:51:54.314+00:00 VCP SET_TARGET_FF_RX steerRate=30000 wheelAccel=0
2026-07-07T15:51:54.314+00:00 VCP SET_TARGET_RX steer=120352 wheel=300000
2026-07-07T15:51:54.328+00:00 CAN id=111 dlc=8 data=3075000000000000
2026-07-07T15:51:54.328+00:00 CAN id=101 dlc=8 data=d0da0100e0930400
2026-07-07T15:51:54.348+00:00 CAN id=111 dlc=8 data=3075000000000000
2026-07-07T15:51:54.348+00:00 CAN id=101 dlc=8 data=28dd0100e0930400
2026-07-07T15:51:54.368+00:00 CAN id=111 dlc=8 data=3075000000000000
2026-07-07T15:51:54.368+00:00 CAN id=101 dlc=8 data=80df0100e0930400
2026-07-07T15:51:54.388+00:00 CAN id=111 dlc=8 data=3075000000000000
2026-07-07T15:51:54.388+00:00 CAN id=101 dlc=8 data=d8e10100e0930400
2026-07-07T15:51:54.408+00:00 CAN id=111 dlc=8 data=3075000000000000
2026-07-07T15:51:54.408+00:00 CAN id=101 dlc=8 data=30e40100e0930400
2026-07-07T15:51:54.428+00:00 CAN id=111 dlc=8 data=3075000000000000
2026-07-07T15:51:54.428+00:00 CAN id=101 dlc=8 data=88e60100e0930400
2026-07-07T15:51:54.448+00:00 CAN id=111 dlc=8 data=3075000000000000
2026-07-07T15:51:54.448+00:00 CAN id=101 dlc=8 data=e0e80100e0930400
2026-07-07T15:51:54.468+00:00 CAN id=111 dlc=8 data=3075000000000000
2026-07-07T15:51:54.468+00:00 CAN id=101 dlc=8 data=38eb0100e0930400
2026-07-07T15:51:54.488+00:00 CAN id=111 dlc=8 data=3075000000000000
2026-07-07T15:51:54.488+00:00 CAN id=101 dlc=8 data=90ed0100e0930400
2026-07-07T15:51:54.498+00:00 VCP run=1 step=0 angle=120146 target=120352 err=206 steer=5000 m1=2103/110000 i1=170 t1=29 m2=-1846/-96250 i2=-192 t2=29 steerMode=6875/7116 iSteer=-11318 driveMode=103125/103846 iDrive=180930 scale=0 wheel=300000 ffS=5000
2026-07-07T15:51:54.498+00:00 VCP run=1 step=0 angle=123750 target=123352 err=-398 steer=5000 m1=2084/110000 i1=207 t1=29 m2=-1823/-96250 i2=-195 t2=29 steerMode=6875/6733 iSteer=6485 driveMode=103125/103171 iDrive=201001 scale=0 wheel=300000 ffS=5000
2026-07-07T15:51:54.508+00:00 CAN id=111 dlc=8 data=3075000000000000
2026-07-07T15:51:54.508+00:00 CAN id=101 dlc=8 data=e8ef0100e0930400
2026-07-07T15:51:54.528+00:00 CAN id=111 dlc=8 data=3075000000000000
2026-07-07T15:51:54.528+00:00 CAN id=101 dlc=8 data=40f20100e0930400
2026-07-07T15:51:54.548+00:00 CAN id=111 dlc=8 data=3075000000000000
2026-07-07T15:51:54.548+00:00 CAN id=101 dlc=8 data=98f40100e0930400
2026-07-07T15:51:54.568+00:00 CAN id=111 dlc=8 data=3075000000000000
2026-07-07T15:51:54.568+00:00 CAN id=101 dlc=8 data=f0f60100e0930400
2026-07-07T15:51:54.588+00:00 CAN id=111 dlc=8 data=3075000000000000
2026-07-07T15:51:54.588+00:00 CAN id=101 dlc=8 data=48f90100e0930400
2026-07-07T15:51:54.601+00:00 VCP run=1 step=0 angle=126387 target=126352 err=-35 steer=5000 m1=2103/110000 i1=200 t1=29 m2=-1821/-96250 i2=-157 t2=29 steerMode=6875/6455 iSteer=21116 driveMode=103125/103899 iDrive=178602 scale=0 wheel=300000 ffS=5000
2026-07-07T15:51:54.608+00:00 CAN id=111 dlc=8 data=3075000000000000
2026-07-07T15:51:54.608+00:00 CAN id=101 dlc=8 data=a0fb0100e0930400
2026-07-07T15:51:54.628+00:00 CAN id=111 dlc=8 data=3075000000000000
2026-07-07T15:51:54.628+00:00 CAN id=101 dlc=8 data=f8fd0100e0930400
2026-07-07T15:51:54.648+00:00 CAN id=111 dlc=8 data=3075000000000000
2026-07-07T15:51:54.648+00:00 CAN id=101 dlc=8 data=50000200e0930400
2026-07-07T15:51:54.668+00:00 CAN id=111 dlc=8 data=3075000000000000
2026-07-07T15:51:54.668+00:00 CAN id=101 dlc=8 data=a8020200e0930400
2026-07-07T15:51:54.688+00:00 CAN id=111 dlc=8 data=3075000000000000
2026-07-07T15:51:54.688+00:00 CAN id=101 dlc=8 data=00050200e0930400
2026-07-07T15:51:54.704+00:00 VCP run=1 step=0 angle=129727 target=129352 err=-375 steer=5000 m1=2086/110000 i1=190 t1=29 m2=-1775/-96250 i2=-225 t2=29 steerMode=6875/7191 iSteer=-17234 driveMode=103125/102932 iDrive=207289 scale=0 wheel=300000 ffS=5000
2026-07-07T15:51:54.708+00:00 CAN id=111 dlc=8 data=3075000000000000
2026-07-07T15:51:54.708+00:00 CAN id=101 dlc=8 data=58070200e0930400
2026-07-07T15:51:54.728+00:00 CAN id=111 dlc=8 data=3075000000000000
2026-07-07T15:51:54.728+00:00 CAN id=101 dlc=8 data=b0090200e0930400
2026-07-07T15:51:54.748+00:00 CAN id=111 dlc=8 data=3075000000000000
2026-07-07T15:51:54.748+00:00 CAN id=101 dlc=8 data=080c0200e0930400
2026-07-07T15:51:54.768+00:00 CAN id=111 dlc=8 data=3075000000000000
2026-07-07T15:51:54.768+00:00 CAN id=101 dlc=8 data=600e0200e0930400
2026-07-07T15:51:54.788+00:00 CAN id=111 dlc=8 data=3075000000000000
2026-07-07T15:51:54.788+00:00 CAN id=101 dlc=8 data=b8100200e0930400
2026-07-07T15:51:54.799+00:00 VCP run=1 step=0 angle=132627 target=132352 err=-275 steer=5000 m1=2084/110000 i1=195 t1=29 m2=-1865/-96250 i2=-232 t2=29 steerMode=6875/7176 iSteer=-18240 driveMode=103125/102752 iDrive=213487 scale=0 wheel=300000 ffS=5000
2026-07-07T15:51:54.799+00:00 VCP SET_TARGET_FF_RX steerRate=30000 wheelAccel=0
2026-07-07T15:51:54.799+00:00 VCP SET_TARGET_RX steer=135352 wheel=300000
2026-07-07T15:51:54.808+00:00 CAN id=111 dlc=8 data=3075000000000000
2026-07-07T15:51:54.808+00:00 CAN id=101 dlc=8 data=10130200e0930400
2026-07-07T15:51:54.828+00:00 CAN id=111 dlc=8 data=3075000000000000
2026-07-07T15:51:54.828+00:00 CAN id=101 dlc=8 data=68150200e0930400
2026-07-07T15:51:54.848+00:00 CAN id=111 dlc=8 data=3075000000000000
2026-07-07T15:51:54.848+00:00 CAN id=101 dlc=8 data=c0170200e0930400
2026-07-07T15:51:54.868+00:00 CAN id=111 dlc=8 data=3075000000000000
2026-07-07T15:51:54.868+00:00 CAN id=101 dlc=8 data=181a0200e0930400
2026-07-07T15:51:54.888+00:00 CAN id=111 dlc=8 data=3075000000000000
2026-07-07T15:51:54.888+00:00 CAN id=101 dlc=8 data=701c0200e0930400
2026-07-07T15:51:54.902+00:00 VCP run=1 step=0 angle=135176 target=135352 err=176 steer=5000 m1=2103/110000 i1=210 t1=29 m2=-1861/-96250 i2=-122 t2=29 steerMode=6875/5954 iSteer=43717 driveMode=103125/104314 iDrive=166065 scale=0 wheel=300000 ffS=5000
2026-07-07T15:51:54.908+00:00 CAN id=111 dlc=8 data=3075000000000000
2026-07-07T15:51:54.908+00:00 CAN id=101 dlc=8 data=c81e0200e0930400
2026-07-07T15:51:54.928+00:00 CAN id=111 dlc=8 data=3075000000000000
2026-07-07T15:51:54.928+00:00 CAN id=101 dlc=8 data=20210200e0930400
2026-07-07T15:51:54.948+00:00 CAN id=111 dlc=8 data=3075000000000000
2026-07-07T15:51:54.948+00:00 CAN id=101 dlc=8 data=78230200e0930400
2026-07-07T15:51:54.968+00:00 CAN id=111 dlc=8 data=3075000000000000
2026-07-07T15:51:54.968+00:00 CAN id=101 dlc=8 data=d0250200e0930400
2026-07-07T15:51:54.988+00:00 CAN id=111 dlc=8 data=3075000000000000
2026-07-07T15:51:54.988+00:00 CAN id=101 dlc=8 data=28280200e0930400
2026-07-07T15:51:55.006+00:00 VCP run=1 step=0 angle=138340 target=138352 err=12 steer=5000 m1=2098/110000 i1=163 t1=29 m2=-1846/-96250 i2=-205 t2=29 steerMode=6875/7277 iSteer=-21403 driveMode=103125/103661 iDrive=183911 scale=0 wheel=300000 ffS=5000
2026-07-07T15:51:55.008+00:00 CAN id=111 dlc=8 data=3075000000000000
2026-07-07T15:51:55.008+00:00 CAN id=101 dlc=8 data=802a0200e0930400
2026-07-07T15:51:55.028+00:00 CAN id=111 dlc=8 data=3075000000000000
2026-07-07T15:51:55.028+00:00 CAN id=101 dlc=8 data=d82c0200e0930400
2026-07-07T15:51:55.048+00:00 CAN id=111 dlc=8 data=3075000000000000
2026-07-07T15:51:55.048+00:00 CAN id=101 dlc=8 data=302f0200e0930400
2026-07-07T15:51:55.068+00:00 CAN id=111 dlc=8 data=3075000000000000
2026-07-07T15:51:55.068+00:00 CAN id=101 dlc=8 data=88310200e0930400
2026-07-07T15:51:55.088+00:00 CAN id=111 dlc=8 data=3075000000000000
2026-07-07T15:51:55.088+00:00 CAN id=101 dlc=8 data=e0330200e0930400
2026-07-07T15:51:55.108+00:00 CAN id=111 dlc=8 data=3075000000000000
2026-07-07T15:51:55.108+00:00 CAN id=101 dlc=8 data=38360200e0930400
2026-07-07T15:51:55.109+00:00 VCP run=1 step=0 angle=141592 target=141352 err=-240 steer=5000 m1=2067/110000 i1=230 t1=29 m2=-1829/-96250 i2=-226 t2=29 steerMode=6875/6778 iSteer=2116 driveMode=103125/102218 iDrive=228266 scale=0 wheel=300000 ffS=5000
2026-07-07T15:51:55.128+00:00 CAN id=111 dlc=8 data=3075000000000000
2026-07-07T15:51:55.128+00:00 CAN id=101 dlc=8 data=90380200e0930400
2026-07-07T15:51:55.148+00:00 CAN id=111 dlc=8 data=3075000000000000
2026-07-07T15:51:55.148+00:00 CAN id=101 dlc=8 data=e83a0200e0930400
2026-07-07T15:51:55.168+00:00 CAN id=111 dlc=8 data=3075000000000000
2026-07-07T15:51:55.168+00:00 CAN id=101 dlc=8 data=403d0200e0930400
2026-07-07T15:51:55.188+00:00 CAN id=111 dlc=8 data=3075000000000000
2026-07-07T15:51:55.188+00:00 CAN id=101 dlc=8 data=983f0200e0930400
2026-07-07T15:51:55.208+00:00 CAN id=111 dlc=8 data=3075000000000000
2026-07-07T15:51:55.208+00:00 CAN id=101 dlc=8 data=f0410200e0930400
2026-07-07T15:51:55.212+00:00 VCP run=1 step=0 angle=144316 target=144352 err=36 steer=5000 m1=2094/110000 i1=204 t1=29 m2=-1884/-96250 i2=-161 t2=29 steerMode=6875/6409 iSteer=21335 driveMode=103125/103744 iDrive=182552 scale=0 wheel=300000 ffS=5000
2026-07-07T15:51:55.228+00:00 CAN id=111 dlc=8 data=3075000000000000
2026-07-07T15:51:55.228+00:00 CAN id=101 dlc=8 data=48440200e0930400
2026-07-07T15:51:55.248+00:00 CAN id=111 dlc=8 data=3075000000000000
2026-07-07T15:51:55.248+00:00 CAN id=101 dlc=8 data=a0460200e0930400
2026-07-07T15:51:55.268+00:00 CAN id=111 dlc=8 data=3075000000000000
2026-07-07T15:51:55.268+00:00 CAN id=101 dlc=8 data=f8480200e0930400
2026-07-07T15:51:55.288+00:00 CAN id=111 dlc=8 data=3075000000000000
2026-07-07T15:51:55.288+00:00 CAN id=101 dlc=8 data=504b0200e0930400
2026-07-07T15:51:55.308+00:00 VCP run=1 step=0 angle=147393 target=147352 err=-41 steer=5000 m1=2088/110000 i1=191 t1=29 m2=-1850/-96250 i2=-178 t2=29 steerMode=6875/6714 iSteer=6464 driveMode=103125/103651 iDrive=184223 scale=0 wheel=300000 ffS=5000
2026-07-07T15:51:55.308+00:00 VCP SET_TARGET_FF_RX steerRate=30000 wheelAccel=0
2026-07-07T15:51:55.308+00:00 VCP SET_TARGET_RX steer=150352 wheel=300000
2026-07-07T15:51:55.308+00:00 CAN id=111 dlc=8 data=3075000000000000
2026-07-07T15:51:55.308+00:00 CAN id=101 dlc=8 data=a84d0200e0930400
2026-07-07T15:51:55.328+00:00 CAN id=111 dlc=8 data=3075000000000000
2026-07-07T15:51:55.328+00:00 CAN id=101 dlc=8 data=00500200e0930400
2026-07-07T15:51:55.348+00:00 CAN id=111 dlc=8 data=3075000000000000
2026-07-07T15:51:55.348+00:00 CAN id=101 dlc=8 data=58520200e0930400
2026-07-07T15:51:55.368+00:00 CAN id=111 dlc=8 data=3075000000000000
2026-07-07T15:51:55.368+00:00 CAN id=101 dlc=8 data=b0540200e0930400
2026-07-07T15:51:55.388+00:00 CAN id=111 dlc=8 data=3075000000000000
2026-07-07T15:51:55.388+00:00 CAN id=101 dlc=8 data=08570200e0930400
2026-07-07T15:51:55.408+00:00 CAN id=111 dlc=8 data=3075000000000000
2026-07-07T15:51:55.408+00:00 CAN id=101 dlc=8 data=60590200e0930400
2026-07-07T15:51:55.411+00:00 VCP run=1 step=0 angle=150117 target=150352 err=235 steer=5000 m1=2105/110000 i1=168 t1=29 m2=-1834/-96250 i2=-212 t2=29 steerMode=6875/7288 iSteer=-22180 driveMode=103125/103461 iDrive=189930 scale=0 wheel=300000 ffS=5000
2026-07-07T15:51:55.428+00:00 CAN id=111 dlc=8 data=3075000000000000
2026-07-07T15:51:55.428+00:00 CAN id=101 dlc=8 data=b85b0200e0930400
2026-07-07T15:51:55.448+00:00 CAN id=111 dlc=8 data=3075000000000000
2026-07-07T15:51:55.448+00:00 CAN id=101 dlc=8 data=105e0200e0930400
2026-07-07T15:51:55.468+00:00 CAN id=111 dlc=8 data=3075000000000000
2026-07-07T15:51:55.468+00:00 CAN id=101 dlc=8 data=68600200e0930400
2026-07-07T15:51:55.488+00:00 CAN id=111 dlc=8 data=3075000000000000
2026-07-07T15:51:55.488+00:00 CAN id=101 dlc=8 data=c0620200e0930400
2026-07-07T15:51:55.508+00:00 CAN id=111 dlc=8 data=3075000000000000
2026-07-07T15:51:55.508+00:00 CAN id=101 dlc=8 data=18650200e0930400
2026-07-07T15:51:55.514+00:00 VCP run=1 step=0 angle=153281 target=153352 err=71 steer=5000 m1=2088/110000 i1=204 t1=29 m2=-1846/-96250 i2=-186 t2=29 steerMode=6875/6659 iSteer=9337 driveMode=103125/103294 iDrive=194945 scale=0 wheel=300000 ffS=5000
2026-07-07T15:51:55.528+00:00 CAN id=111 dlc=8 data=3075000000000000
2026-07-07T15:51:55.528+00:00 CAN id=101 dlc=8 data=70670200e0930400
2026-07-07T15:51:55.548+00:00 CAN id=111 dlc=8 data=3075000000000000
2026-07-07T15:51:55.548+00:00 CAN id=101 dlc=8 data=c8690200e0930400
2026-07-07T15:51:55.568+00:00 CAN id=111 dlc=8 data=3075000000000000
2026-07-07T15:51:55.568+00:00 CAN id=101 dlc=8 data=206c0200e0930400
2026-07-07T15:51:55.588+00:00 CAN id=111 dlc=8 data=3075000000000000
2026-07-07T15:51:55.588+00:00 CAN id=101 dlc=8 data=786e0200e0930400
2026-07-07T15:51:55.608+00:00 CAN id=111 dlc=8 data=3075000000000000
2026-07-07T15:51:55.608+00:00 CAN id=101 dlc=8 data=d0700200e0930400
2026-07-07T15:51:55.628+00:00 CAN id=111 dlc=8 data=3075000000000000
2026-07-07T15:51:55.628+00:00 CAN id=101 dlc=8 data=28730200e0930400
2026-07-07T15:51:55.648+00:00 CAN id=111 dlc=8 data=3075000000000000
2026-07-07T15:51:55.648+00:00 CAN id=101 dlc=8 data=80750200e0930400
2026-07-07T15:51:55.668+00:00 CAN id=111 dlc=8 data=3075000000000000
2026-07-07T15:51:55.668+00:00 CAN id=101 dlc=8 data=d8770200e0930400
2026-07-07T15:51:55.688+00:00 CAN id=111 dlc=8 data=3075000000000000
2026-07-07T15:51:55.688+00:00 CAN id=101 dlc=8 data=307a0200e0930400
2026-07-07T15:51:55.699+00:00 VCP run=1 step=0 angle=156094 target=156352 err=258 steer=5000 m1=2096/110000 i1=202 t1=29 m2=-1817/-96250 i2=-163 t2=29 steerMode=6875/6475 iSteer=19772 driveMode=103125/103711 iDrive=182423 scale=0 wheel=300000 ffS=5000
2026-07-07T15:51:55.699+00:00 VCP run=1 step=0 angle=159346 target=159352 err=6 steer=5000 m1=2084/110000 i1=220 t1=29 m2=-1838/-96250 i2=-224 t2=29 steerMode=6875/6919 iSteer=-2065 driveMode=103125/102421 iDrive=221842 scale=0 wheel=300000 ffS=5000
2026-07-07T15:51:55.708+00:00 CAN id=111 dlc=8 data=3075000000000000
2026-07-07T15:51:55.708+00:00 CAN id=101 dlc=8 data=887c0200e0930400
2026-07-07T15:51:55.728+00:00 CAN id=111 dlc=8 data=3075000000000000
2026-07-07T15:51:55.728+00:00 CAN id=101 dlc=8 data=e07e0200e0930400
2026-07-07T15:51:55.748+00:00 CAN id=111 dlc=8 data=3075000000000000
2026-07-07T15:51:55.748+00:00 CAN id=101 dlc=8 data=38810200e0930400
2026-07-07T15:51:55.768+00:00 CAN id=111 dlc=8 data=3075000000000000
2026-07-07T15:51:55.768+00:00 CAN id=101 dlc=8 data=90830200e0930400
2026-07-07T15:51:55.788+00:00 CAN id=111 dlc=8 data=3075000000000000
2026-07-07T15:51:55.788+00:00 CAN id=101 dlc=8 data=e8850200e0930400
2026-07-07T15:51:55.794+00:00 VCP run=1 step=0 angle=161982 target=162352 err=370 steer=5000 m1=2103/110000 i1=190 t1=29 m2=-1844/-96250 i2=-199 t2=29 steerMode=6875/6987 iSteer=-4589 driveMode=103125/103344 iDrive=194266 scale=0 wheel=300000 ffS=5000
2026-07-07T15:51:55.794+00:00 VCP SET_TARGET_FF_RX steerRate=30000 wheelAccel=0
2026-07-07T15:51:55.808+00:00 CAN id=111 dlc=8 data=3075000000000000
2026-07-07T15:51:55.808+00:00 CAN id=101 dlc=8 data=40880200e0930400
2026-07-07T15:51:55.828+00:00 CAN id=111 dlc=8 data=3075000000000000
2026-07-07T15:51:55.828+00:00 CAN id=101 dlc=8 data=988a0200e0930400
2026-07-07T15:51:55.848+00:00 CAN id=111 dlc=8 data=3075000000000000
2026-07-07T15:51:55.849+00:00 CAN id=101 dlc=8 data=f08c0200e0930400
2026-07-07T15:51:55.868+00:00 CAN id=111 dlc=8 data=3075000000000000
2026-07-07T15:51:55.868+00:00 CAN id=101 dlc=8 data=488f0200e0930400
2026-07-07T15:51:55.888+00:00 CAN id=111 dlc=8 data=3075000000000000
2026-07-07T15:51:55.888+00:00 CAN id=101 dlc=8 data=a0910200e0930400
2026-07-07T15:51:55.898+00:00 VCP SET_TARGET_RX steer=165352 wheel=300000
2026-07-07T15:51:55.898+00:00 VCP run=1 step=0 angle=165410 target=165352 err=-58 steer=5000 m1=2075/110000 i1=209 t1=29 m2=-1817/-96250 i2=-223 t2=29 steerMode=6875/7031 iSteer=-6678 driveMode=103125/102629 iDrive=215886 scale=0 wheel=300000 ffS=5000
2026-07-07T15:51:55.908+00:00 CAN id=111 dlc=8 data=3075000000000000
2026-07-07T15:51:55.908+00:00 CAN id=101 dlc=8 data=f8930200e0930400
2026-07-07T15:51:55.928+00:00 CAN id=111 dlc=8 data=3075000000000000
2026-07-07T15:51:55.928+00:00 CAN id=101 dlc=8 data=50960200e0930400
2026-07-07T15:51:55.948+00:00 CAN id=111 dlc=8 data=3075000000000000
2026-07-07T15:51:55.948+00:00 CAN id=101 dlc=8 data=a8980200e0930400
2026-07-07T15:51:55.968+00:00 CAN id=111 dlc=8 data=3075000000000000
2026-07-07T15:51:55.968+00:00 CAN id=101 dlc=8 data=009b0200e0930400
2026-07-07T15:51:55.988+00:00 CAN id=111 dlc=8 data=3075000000000000
2026-07-07T15:51:55.988+00:00 CAN id=101 dlc=8 data=589d0200e0930400
2026-07-07T15:51:56.001+00:00 VCP run=1 step=0 angle=168223 target=168352 err=129 steer=5000 m1=2103/110000 i1=192 t1=29 m2=-1829/-96250 i2=-217 t2=29 steerMode=6875/7134 iSteer=-12574 driveMode=103125/103027 iDrive=204485 scale=0 wheel=300000 ffS=5000
2026-07-07T15:51:56.008+00:00 CAN id=111 dlc=8 data=3075000000000000
2026-07-07T15:51:56.008+00:00 CAN id=101 dlc=8 data=b09f0200e0930400
2026-07-07T15:51:56.028+00:00 CAN id=111 dlc=8 data=3075000000000000
2026-07-07T15:51:56.028+00:00 CAN id=101 dlc=8 data=08a20200e0930400
2026-07-07T15:51:56.048+00:00 CAN id=111 dlc=8 data=3075000000000000
2026-07-07T15:51:56.048+00:00 CAN id=101 dlc=8 data=60a40200e0930400
2026-07-07T15:51:56.068+00:00 CAN id=111 dlc=8 data=3075000000000000
2026-07-07T15:51:56.068+00:00 CAN id=101 dlc=8 data=b8a60200e0930400
2026-07-07T15:51:56.088+00:00 CAN id=111 dlc=8 data=3075000000000000
2026-07-07T15:51:56.088+00:00 CAN id=101 dlc=8 data=10a90200e0930400
2026-07-07T15:51:56.104+00:00 VCP run=1 step=0 angle=171563 target=171352 err=-210 steer=5000 m1=2090/110000 i1=212 t1=29 m2=-1878/-96250 i2=-173 t2=29 steerMode=6875/6486 iSteer=19547 driveMode=103125/103428 iDrive=192203 scale=0 wheel=300000 ffS=5000
2026-07-07T15:51:56.108+00:00 CAN id=111 dlc=8 data=3075000000000000
2026-07-07T15:51:56.108+00:00 CAN id=101 dlc=8 data=68ab0200e0930400
2026-07-07T15:51:56.128+00:00 CAN id=111 dlc=8 data=3075000000000000
2026-07-07T15:51:56.128+00:00 CAN id=101 dlc=8 data=c0ad0200e0930400
2026-07-07T15:51:56.148+00:00 CAN id=111 dlc=8 data=3075000000000000
2026-07-07T15:51:56.148+00:00 CAN id=101 dlc=8 data=18b00200e0930400
2026-07-07T15:51:56.168+00:00 CAN id=111 dlc=8 data=3075000000000000
2026-07-07T15:51:56.168+00:00 CAN id=101 dlc=8 data=70b20200e0930400
2026-07-07T15:51:56.188+00:00 CAN id=111 dlc=8 data=3075000000000000
2026-07-07T15:51:56.188+00:00 CAN id=101 dlc=8 data=c8b40200e0930400
2026-07-07T15:51:56.207+00:00 VCP run=1 step=0 angle=174111 target=174352 err=241 steer=5000 m1=2086/110000 i1=211 t1=29 m2=-1792/-96250 i2=-172 t2=29 steerMode=6875/6534 iSteer=19254 driveMode=103125/103429 iDrive=191333 scale=0 wheel=300000 ffS=5000
2026-07-07T15:51:56.208+00:00 CAN id=111 dlc=8 data=3075000000000000
2026-07-07T15:51:56.208+00:00 CAN id=101 dlc=8 data=20b70200e0930400
2026-07-07T15:51:56.228+00:00 CAN id=111 dlc=8 data=3075000000000000
2026-07-07T15:51:56.228+00:00 CAN id=101 dlc=8 data=78b90200e0930400
2026-07-07T15:51:56.248+00:00 CAN id=111 dlc=8 data=3075000000000000
2026-07-07T15:51:56.248+00:00 CAN id=101 dlc=8 data=d0bb0200e0930400
2026-07-07T15:51:56.268+00:00 CAN id=111 dlc=8 data=3075000000000000
2026-07-07T15:51:56.268+00:00 CAN id=101 dlc=8 data=28be0200e0930400
2026-07-07T15:51:56.288+00:00 CAN id=111 dlc=8 data=3075000000000000
2026-07-07T15:51:56.289+00:00 CAN id=101 dlc=8 data=80c00200e0930400
2026-07-07T15:51:56.302+00:00 VCP run=1 step=0 angle=177539 target=177352 err=-187 steer=5000 m1=2090/110000 i1=204 t1=29 m2=-1783/-96250 i2=-232 t2=29 steerMode=6875/7194 iSteer=-13845 driveMode=103125/102539 iDrive=217850 scale=0 wheel=300000 ffS=5000
2026-07-07T15:51:56.302+00:00 VCP SET_TARGET_FF_RX steerRate=30000 wheelAccel=0
2026-07-07T15:51:56.303+00:00 VCP SET_TARGET_RX steer=180352 wheel=300000
2026-07-07T15:51:56.308+00:00 CAN id=111 dlc=8 data=3075000000000000
2026-07-07T15:51:56.308+00:00 CAN id=101 dlc=8 data=d8c20200e0930400
2026-07-07T15:51:56.328+00:00 CAN id=111 dlc=8 data=3075000000000000
2026-07-07T15:51:56.328+00:00 CAN id=101 dlc=8 data=30c50200e0930400
2026-07-07T15:51:56.348+00:00 CAN id=111 dlc=8 data=3075000000000000
2026-07-07T15:51:56.348+00:00 CAN id=101 dlc=8 data=88c70200e0930400
2026-07-07T15:51:56.368+00:00 CAN id=111 dlc=8 data=3075000000000000
2026-07-07T15:51:56.368+00:00 CAN id=101 dlc=8 data=e0c90200e0930400
2026-07-07T15:51:56.388+00:00 CAN id=111 dlc=8 data=3075000000000000
2026-07-07T15:51:56.388+00:00 CAN id=101 dlc=8 data=38cc0200e0930400
2026-07-07T15:51:56.406+00:00 VCP run=1 step=0 angle=180439 target=180352 err=-87 steer=5000 m1=2084/110000 i1=200 t1=29 m2=-1800/-96250 i2=-222 t2=29 steerMode=6875/7121 iSteer=-11265 driveMode=103125/102790 iDrive=211029 scale=0 wheel=300000 ffS=5000
2026-07-07T15:51:56.408+00:00 CAN id=111 dlc=8 data=3075000000000000
2026-07-07T15:51:56.408+00:00 CAN id=101 dlc=8 data=90ce0200e0930400
2026-07-07T15:51:56.428+00:00 CAN id=111 dlc=8 data=3075000000000000
2026-07-07T15:51:56.428+00:00 CAN id=101 dlc=8 data=e8d00200e0930400
2026-07-07T15:51:56.448+00:00 CAN id=111 dlc=8 data=3075000000000000
2026-07-07T15:51:56.448+00:00 CAN id=101 dlc=8 data=40d30200e0930400
2026-07-07T15:51:56.468+00:00 CAN id=111 dlc=8 data=3075000000000000
2026-07-07T15:51:56.468+00:00 CAN id=101 dlc=8 data=98d50200e0930400
2026-07-07T15:51:56.488+00:00 CAN id=111 dlc=8 data=3075000000000000
2026-07-07T15:51:56.488+00:00 CAN id=101 dlc=8 data=f0d70200e0930400
2026-07-07T15:51:56.508+00:00 CAN id=111 dlc=8 data=3075000000000000
2026-07-07T15:51:56.508+00:00 CAN id=101 dlc=8 data=48da0200e0930400
2026-07-07T15:51:56.509+00:00 VCP run=1 step=0 angle=183691 target=183352 err=-339 steer=5000 m1=2092/110000 i1=229 t1=29 m2=-1825/-96250 i2=-194 t2=29 steerMode=6875/6548 iSteer=17734 driveMode=103125/102799 iDrive=211727 scale=0 wheel=300000 ffS=5000
2026-07-07T15:51:56.528+00:00 CAN id=111 dlc=8 data=3075000000000000
2026-07-07T15:51:56.528+00:00 CAN id=101 dlc=8 data=a0dc0200e0930400
2026-07-07T15:51:56.548+00:00 CAN id=111 dlc=8 data=3075000000000000
2026-07-07T15:51:56.548+00:00 CAN id=101 dlc=8 data=f8de0200e0930400
2026-07-07T15:51:56.568+00:00 CAN id=111 dlc=8 data=3075000000000000
2026-07-07T15:51:56.568+00:00 CAN id=101 dlc=8 data=50e10200e0930400
2026-07-07T15:51:56.588+00:00 CAN id=111 dlc=8 data=3075000000000000
2026-07-07T15:51:56.588+00:00 CAN id=101 dlc=8 data=a8e30200e0930400
2026-07-07T15:51:56.608+00:00 CAN id=111 dlc=8 data=3075000000000000
2026-07-07T15:51:56.608+00:00 CAN id=101 dlc=8 data=00e60200e0930400
2026-07-07T15:51:56.612+00:00 VCP run=1 step=0 angle=186416 target=186352 err=-64 steer=5000 m1=2098/110000 i1=186 t1=29 m2=-1827/-96250 i2=-208 t2=29 steerMode=6875/7112 iSteer=-11110 driveMode=103125/103299 iDrive=196767 scale=0 wheel=300000 ffS=5000
2026-07-07T15:51:56.628+00:00 CAN id=111 dlc=8 data=3075000000000000
2026-07-07T15:51:56.628+00:00 CAN id=101 dlc=8 data=58e80200e0930400
2026-07-07T15:51:56.648+00:00 CAN id=111 dlc=8 data=3075000000000000
2026-07-07T15:51:56.648+00:00 CAN id=101 dlc=8 data=b0ea0200e0930400
2026-07-07T15:51:56.668+00:00 CAN id=111 dlc=8 data=3075000000000000
2026-07-07T15:51:56.668+00:00 CAN id=101 dlc=8 data=08ed0200e0930400
2026-07-07T15:51:56.688+00:00 CAN id=111 dlc=8 data=3075000000000000
2026-07-07T15:51:56.688+00:00 CAN id=101 dlc=8 data=60ef0200e0930400
2026-07-07T15:51:56.708+00:00 CAN id=111 dlc=8 data=3075000000000000
2026-07-07T15:51:56.708+00:00 CAN id=101 dlc=8 data=b8f10200e0930400
2026-07-07T15:51:56.715+00:00 VCP run=1 step=0 angle=189844 target=189352 err=-492 steer=5000 m1=2077/110000 i1=235 t1=29 m2=-1873/-96250 i2=-165 t2=29 steerMode=6875/6180 iSteer=35058 driveMode=103125/103192 iDrive=199995 scale=0 wheel=300000 ffS=5000
2026-07-07T15:51:56.728+00:00 CAN id=111 dlc=8 data=3075000000000000
2026-07-07T15:51:56.728+00:00 CAN id=101 dlc=8 data=10f40200e0930400
2026-07-07T15:51:56.748+00:00 CAN id=111 dlc=8 data=3075000000000000
2026-07-07T15:51:56.748+00:00 CAN id=101 dlc=8 data=68f60200e0930400
2026-07-07T15:51:56.768+00:00 CAN id=111 dlc=8 data=3075000000000000
2026-07-07T15:51:56.768+00:00 CAN id=101 dlc=8 data=c0f80200e0930400
2026-07-07T15:51:56.788+00:00 CAN id=111 dlc=8 data=3075000000000000
2026-07-07T15:51:56.788+00:00 CAN id=101 dlc=8 data=18fb0200e0930400
2026-07-07T15:51:56.808+00:00 CAN id=111 dlc=8 data=3075000000000000
2026-07-07T15:51:56.808+00:00 CAN id=101 dlc=8 data=70fd0200e0930400
2026-07-07T15:51:56.811+00:00 VCP run=1 step=0 angle=192305 target=192352 err=47 steer=5000 m1=2094/110000 i1=198 t1=29 m2=-1825/-96250 i2=-186 t2=29 steerMode=6875/6793 iSteer=5882 driveMode=103125/103442 iDrive=192129 scale=0 wheel=300000 ffS=5000
2026-07-07T15:51:56.811+00:00 VCP SET_TARGET_FF_RX steerRate=30000 wheelAccel=0
2026-07-07T15:51:56.811+00:00 VCP SET_TARGET_RX steer=195352 wheel=300000
2026-07-07T15:51:56.828+00:00 CAN id=111 dlc=8 data=3075000000000000
2026-07-07T15:51:56.828+00:00 CAN id=101 dlc=8 data=c8ff0200e0930400
2026-07-07T15:51:56.848+00:00 CAN id=111 dlc=8 data=3075000000000000
2026-07-07T15:51:56.848+00:00 CAN id=101 dlc=8 data=20020300e0930400
2026-07-07T15:51:56.868+00:00 CAN id=111 dlc=8 data=3075000000000000
2026-07-07T15:51:56.868+00:00 CAN id=101 dlc=8 data=78040300e0930400
2026-07-07T15:51:56.888+00:00 CAN id=111 dlc=8 data=3075000000000000
2026-07-07T15:51:56.888+00:00 CAN id=101 dlc=8 data=d0060300e0930400
2026-07-07T15:51:56.908+00:00 CAN id=111 dlc=8 data=3075000000000000
2026-07-07T15:51:56.908+00:00 CAN id=101 dlc=8 data=28090300e0930400
2026-07-07T15:51:56.914+00:00 VCP run=1 step=0 angle=195645 target=195352 err=-293 steer=5000 m1=2077/110000 i1=218 t1=29 m2=-1838/-96250 i2=-193 t2=29 steerMode=6875/6655 iSteer=12608 driveMode=103125/102991 iDrive=205881 scale=0 wheel=300000 ffS=5000
2026-07-07T15:51:56.928+00:00 CAN id=111 dlc=8 data=3075000000000000
2026-07-07T15:51:56.928+00:00 CAN id=101 dlc=8 data=800b0300e0930400
2026-07-07T15:51:56.948+00:00 CAN id=111 dlc=8 data=3075000000000000
2026-07-07T15:51:56.948+00:00 CAN id=101 dlc=8 data=d80d0300e0930400
2026-07-07T15:51:56.968+00:00 CAN id=111 dlc=8 data=3075000000000000
2026-07-07T15:51:56.968+00:00 CAN id=101 dlc=8 data=30100300e0930400
2026-07-07T15:51:56.988+00:00 CAN id=111 dlc=8 data=3075000000000000
2026-07-07T15:51:56.988+00:00 CAN id=101 dlc=8 data=88120300e0930400
2026-07-07T15:51:57.008+00:00 CAN id=111 dlc=8 data=3075000000000000
2026-07-07T15:51:57.008+00:00 CAN id=101 dlc=8 data=e0140300e0930400
2026-07-07T15:51:57.028+00:00 CAN id=111 dlc=8 data=3075000000000000
2026-07-07T15:51:57.028+00:00 CAN id=101 dlc=8 data=38170300e0930400
2026-07-07T15:51:57.048+00:00 CAN id=111 dlc=8 data=3075000000000000
2026-07-07T15:51:57.048+00:00 CAN id=101 dlc=8 data=90190300e0930400
2026-07-07T15:51:57.068+00:00 CAN id=111 dlc=8 data=3075000000000000
2026-07-07T15:51:57.068+00:00 CAN id=101 dlc=8 data=e81b0300e0930400
2026-07-07T15:51:57.088+00:00 CAN id=111 dlc=8 data=3075000000000000
2026-07-07T15:51:57.088+00:00 CAN id=101 dlc=8 data=401e0300e0930400
2026-07-07T15:51:57.098+00:00 VCP run=1 step=0 angle=198633 target=198352 err=-281 steer=5000 m1=2080/110000 i1=220 t1=29 m2=-1863/-96250 i2=-225 t2=29 steerMode=6875/6918 iSteer=-2455 driveMode=103125/102521 iDrive=222245 scale=0 wheel=300000 ffS=5000
2026-07-07T15:51:57.098+00:00 VCP run=1 step=0 angle=201533 target=201352 err=-181 steer=5000 m1=2088/110000 i1=194 t1=29 m2=-1850/-96250 i2=-150 t2=29 steerMode=6875/6436 iSteer=22331 driveMode=103125/104157 iDrive=172126 scale=0 wheel=300000 ffS=5000
2026-07-07T15:51:57.108+00:00 CAN id=111 dlc=8 data=3075000000000000
2026-07-07T15:51:57.108+00:00 CAN id=101 dlc=8 data=98200300e0930400
2026-07-07T15:51:57.128+00:00 CAN id=111 dlc=8 data=3075000000000000
2026-07-07T15:51:57.128+00:00 CAN id=101 dlc=8 data=f0220300e0930400
2026-07-07T15:51:57.148+00:00 CAN id=111 dlc=8 data=3075000000000000
2026-07-07T15:51:57.148+00:00 CAN id=101 dlc=8 data=48250300e0930400
2026-07-07T15:51:57.168+00:00 CAN id=111 dlc=8 data=3075000000000000
2026-07-07T15:51:57.168+00:00 CAN id=101 dlc=8 data=a0270300e0930400
2026-07-07T15:51:57.188+00:00 CAN id=111 dlc=8 data=3075000000000000
2026-07-07T15:51:57.188+00:00 CAN id=101 dlc=8 data=f8290300e0930400
2026-07-07T15:51:57.201+00:00 VCP run=1 step=0 angle=204609 target=204352 err=-257 steer=5000 m1=2100/110000 i1=182 t1=29 m2=-1844/-96250 i2=-205 t2=29 steerMode=6875/7102 iSteer=-11561 driveMode=103125/103396 iDrive=193803 scale=0 wheel=300000 ffS=5000
2026-07-07T15:51:57.208+00:00 CAN id=111 dlc=8 data=3075000000000000
2026-07-07T15:51:57.208+00:00 CAN id=101 dlc=8 data=502c0300e0930400
2026-07-07T15:51:57.228+00:00 CAN id=111 dlc=8 data=3075000000000000
2026-07-07T15:51:57.228+00:00 CAN id=101 dlc=8 data=a82e0300e0930400
2026-07-07T15:51:57.248+00:00 CAN id=111 dlc=8 data=3075000000000000
2026-07-07T15:51:57.248+00:00 CAN id=101 dlc=8 data=00310300e0930400
2026-07-07T15:51:57.268+00:00 CAN id=111 dlc=8 data=3075000000000000
2026-07-07T15:51:57.268+00:00 CAN id=101 dlc=8 data=58330300e0930400
2026-07-07T15:51:57.288+00:00 CAN id=111 dlc=8 data=3075000000000000
2026-07-07T15:51:57.288+00:00 CAN id=101 dlc=8 data=b0350300e0930400
2026-07-07T15:51:57.296+00:00 VCP run=1 step=0 angle=207773 target=207352 err=-421 steer=5000 m1=2040/110000 i1=251 t1=29 m2=-1750/-96250 i2=-278 t2=29 steerMode=6875/7128 iSteer=-13798 driveMode=103125/101115 iDrive=264389 scale=0 wheel=300000 ffS=5000
2026-07-07T15:51:57.296+00:00 VCP SET_TARGET_FF_RX steerRate=30000 wheelAccel=0
2026-07-07T15:51:57.308+00:00 CAN id=111 dlc=8 data=3075000000000000
2026-07-07T15:51:57.308+00:00 CAN id=101 dlc=8 data=08380300e0930400
2026-07-07T15:51:57.328+00:00 CAN id=111 dlc=8 data=3075000000000000
2026-07-07T15:51:57.328+00:00 CAN id=101 dlc=8 data=603a0300e0930400
2026-07-07T15:51:57.348+00:00 CAN id=111 dlc=8 data=3075000000000000
2026-07-07T15:51:57.348+00:00 CAN id=101 dlc=8 data=b83c0300e0930400
2026-07-07T15:51:57.368+00:00 CAN id=111 dlc=8 data=3075000000000000
2026-07-07T15:51:57.368+00:00 CAN id=101 dlc=8 data=103f0300e0930400
2026-07-07T15:51:57.388+00:00 CAN id=111 dlc=8 data=3075000000000000
2026-07-07T15:51:57.388+00:00 CAN id=101 dlc=8 data=68410300e0930400
2026-07-07T15:51:57.399+00:00 VCP SET_TARGET_RX steer=210352 wheel=300000
2026-07-07T15:51:57.400+00:00 VCP run=1 step=0 angle=210498 target=210352 err=-146 steer=5000 m1=2111/110000 i1=186 t1=29 m2=-1844/-96250 i2=-176 t2=29 steerMode=6875/6748 iSteer=5177 driveMode=103125/103906 iDrive=181228 scale=0 wheel=300000 ffS=5000
2026-07-07T15:51:57.408+00:00 CAN id=111 dlc=8 data=3075000000000000
2026-07-07T15:51:57.408+00:00 CAN id=101 dlc=8 data=c0430300e0930400
2026-07-07T15:51:57.428+00:00 CAN id=111 dlc=8 data=3075000000000000
2026-07-07T15:51:57.428+00:00 CAN id=101 dlc=8 data=18460300e0930400
2026-07-07T15:51:57.448+00:00 CAN id=111 dlc=8 data=3075000000000000
2026-07-07T15:51:57.448+00:00 CAN id=101 dlc=8 data=70480300e0930400
2026-07-07T15:51:57.468+00:00 CAN id=111 dlc=8 data=3075000000000000
2026-07-07T15:51:57.468+00:00 CAN id=101 dlc=8 data=c84a0300e0930400
2026-07-07T15:51:57.488+00:00 CAN id=111 dlc=8 data=3075000000000000
2026-07-07T15:51:57.488+00:00 CAN id=101 dlc=8 data=204d0300e0930400
2026-07-07T15:51:57.503+00:00 VCP run=1 step=0 angle=213574 target=213352 err=-222 steer=5000 m1=2098/110000 i1=178 t1=29 m2=-1827/-96250 i2=-187 t2=29 steerMode=6875/6940 iSteer=-4331 driveMode=103125/103807 iDrive=182613 scale=0 wheel=300000 ffS=5000
2026-07-07T15:51:57.508+00:00 CAN id=111 dlc=8 data=3075000000000000
2026-07-07T15:51:57.508+00:00 CAN id=101 dlc=8 data=784f0300e0930400
2026-07-07T15:51:57.528+00:00 CAN id=111 dlc=8 data=3075000000000000
2026-07-07T15:51:57.528+00:00 CAN id=101 dlc=8 data=d0510300e0930400
2026-07-07T15:51:57.548+00:00 CAN id=111 dlc=8 data=3075000000000000
2026-07-07T15:51:57.548+00:00 CAN id=101 dlc=8 data=28540300e0930400
2026-07-07T15:51:57.568+00:00 CAN id=111 dlc=8 data=3075000000000000
2026-07-07T15:51:57.568+00:00 CAN id=101 dlc=8 data=80560300e0930400
2026-07-07T15:51:57.588+00:00 CAN id=111 dlc=8 data=3075000000000000
2026-07-07T15:51:57.588+00:00 CAN id=101 dlc=8 data=d8580300e0930400
2026-07-07T15:51:57.606+00:00 VCP run=1 step=0 angle=216914 target=216352 err=-562 steer=3876 m1=2069/108454 i1=131 t1=29 m2=-1855/-97796 i2=-297 t2=29 steerMode=5329/6910 iSteer=-83193 driveMode=103125/102773 iDrive=213708 scale=0 wheel=300000 ffS=5000
2026-07-07T15:51:57.608+00:00 CAN id=111 dlc=8 data=3075000000000000
2026-07-07T15:51:57.608+00:00 CAN id=101 dlc=8 data=305b0300e0930400
2026-07-07T15:51:57.628+00:00 CAN id=111 dlc=8 data=3075000000000000
2026-07-07T15:51:57.628+00:00 CAN id=101 dlc=8 data=885d0300e0930400
2026-07-07T15:51:57.648+00:00 CAN id=111 dlc=8 data=3075000000000000
2026-07-07T15:51:57.648+00:00 CAN id=101 dlc=8 data=e05f0300e0930400
2026-07-07T15:51:57.668+00:00 CAN id=111 dlc=8 data=3075000000000000
2026-07-07T15:51:57.668+00:00 CAN id=101 dlc=8 data=38620300e0930400
2026-07-07T15:51:57.688+00:00 CAN id=111 dlc=8 data=3075000000000000
2026-07-07T15:51:57.688+00:00 CAN id=101 dlc=8 data=90640300e0930400
2026-07-07T15:51:57.708+00:00 CAN id=111 dlc=8 data=3075000000000000
2026-07-07T15:51:57.708+00:00 CAN id=101 dlc=8 data=e8660300e0930400
2026-07-07T15:51:57.709+00:00 VCP run=1 step=0 angle=219639 target=219352 err=-287 steer=5000 m1=2077/110000 i1=234 t1=29 m2=-1832/-96250 i2=-188 t2=29 steerMode=6875/6334 iSteer=23133 driveMode=103125/102878 iDrive=211190 scale=0 wheel=300000 ffS=5000
2026-07-07T15:51:57.728+00:00 CAN id=111 dlc=8 data=3075000000000000
2026-07-07T15:51:57.728+00:00 CAN id=101 dlc=8 data=40690300e0930400
2026-07-07T15:51:57.748+00:00 CAN id=111 dlc=8 data=3075000000000000
2026-07-07T15:51:57.748+00:00 CAN id=101 dlc=8 data=986b0300e0930400
2026-07-07T15:51:57.768+00:00 CAN id=111 dlc=8 data=3075000000000000
2026-07-07T15:51:57.768+00:00 CAN id=101 dlc=8 data=f06d0300e0930400
2026-07-07T15:51:57.788+00:00 CAN id=111 dlc=8 data=3075000000000000
2026-07-07T15:51:57.788+00:00 CAN id=101 dlc=8 data=48700300e0930400
2026-07-07T15:51:57.805+00:00 VCP run=1 step=0 angle=222363 target=222352 err=-11 steer=5000 m1=2086/110000 i1=195 t1=29 m2=-1867/-96250 i2=-197 t2=29 steerMode=6875/6829 iSteer=-1008 driveMode=103125/103359 iDrive=196266 scale=0 wheel=300000 ffS=5000
2026-07-07T15:51:57.805+00:00 VCP SET_TARGET_FF_RX steerRate=30000 wheelAccel=0
2026-07-07T15:51:57.805+00:00 VCP SET_TARGET_RX steer=225352 wheel=300000
2026-07-07T15:51:57.808+00:00 CAN id=111 dlc=8 data=3075000000000000
2026-07-07T15:51:57.808+00:00 CAN id=101 dlc=8 data=a0720300e0930400
2026-07-07T15:51:57.828+00:00 CAN id=111 dlc=8 data=3075000000000000
2026-07-07T15:51:57.828+00:00 CAN id=101 dlc=8 data=f8740300e0930400
2026-07-07T15:51:57.848+00:00 CAN id=111 dlc=8 data=3075000000000000
2026-07-07T15:51:57.848+00:00 CAN id=101 dlc=8 data=50770300e0930400
2026-07-07T15:51:57.868+00:00 CAN id=111 dlc=8 data=3075000000000000
2026-07-07T15:51:57.868+00:00 CAN id=101 dlc=8 data=a8790300e0930400
2026-07-07T15:51:57.888+00:00 CAN id=111 dlc=8 data=3075000000000000
2026-07-07T15:51:57.888+00:00 CAN id=101 dlc=8 data=007c0300e0930400
2026-07-07T15:51:57.908+00:00 VCP run=1 step=0 angle=225527 target=225352 err=-175 steer=5000 m1=2088/110000 i1=206 t1=29 m2=-1790/-96250 i2=-251 t2=29 steerMode=6875/7263 iSteer=-22449 driveMode=103125/102292 iDrive=228726 scale=0 wheel=300000 ffS=5000
2026-07-07T15:51:57.908+00:00 CAN id=111 dlc=8 data=3075000000000000
2026-07-07T15:51:57.908+00:00 CAN id=101 dlc=8 data=587e0300e0930400
2026-07-07T15:51:57.928+00:00 CAN id=111 dlc=8 data=3075000000000000
2026-07-07T15:51:57.928+00:00 CAN id=101 dlc=8 data=b0800300e0930400
2026-07-07T15:51:57.948+00:00 CAN id=111 dlc=8 data=3075000000000000
2026-07-07T15:51:57.948+00:00 CAN id=101 dlc=8 data=08830300e0930400
2026-07-07T15:51:57.968+00:00 CAN id=111 dlc=8 data=3075000000000000
2026-07-07T15:51:57.968+00:00 CAN id=101 dlc=8 data=60850300e0930400
2026-07-07T15:51:57.988+00:00 CAN id=111 dlc=8 data=3075000000000000
2026-07-07T15:51:57.988+00:00 CAN id=101 dlc=8 data=b8870300e0930400
2026-07-07T15:51:58.008+00:00 CAN id=111 dlc=8 data=3075000000000000
2026-07-07T15:51:58.008+00:00 CAN id=101 dlc=8 data=108a0300e0930400
2026-07-07T15:51:58.011+00:00 VCP run=1 step=0 angle=228076 target=228352 err=276 steer=5000 m1=2107/110000 i1=175 t1=29 m2=-1817/-96250 i2=-179 t2=29 steerMode=6875/6850 iSteer=-1874 driveMode=103125/104020 iDrive=176678 scale=0 wheel=300000 ffS=5000
2026-07-07T15:51:58.028+00:00 CAN id=111 dlc=8 data=3075000000000000
2026-07-07T15:51:58.028+00:00 CAN id=101 dlc=8 data=688c0300e0930400
2026-07-07T15:51:58.048+00:00 CAN id=111 dlc=8 data=3075000000000000
2026-07-07T15:51:58.048+00:00 CAN id=101 dlc=8 data=c08e0300e0930400
2026-07-07T15:51:58.068+00:00 CAN id=111 dlc=8 data=3075000000000000
2026-07-07T15:51:58.068+00:00 CAN id=101 dlc=8 data=18910300e0930400
2026-07-07T15:51:58.088+00:00 CAN id=111 dlc=8 data=3075000000000000
2026-07-07T15:51:58.088+00:00 CAN id=101 dlc=8 data=70930300e0930400
2026-07-07T15:51:58.108+00:00 CAN id=111 dlc=8 data=3075000000000000
2026-07-07T15:51:58.108+00:00 CAN id=101 dlc=8 data=c8950300e0930400
2026-07-07T15:51:58.114+00:00 VCP run=1 step=0 angle=231240 target=231352 err=112 steer=5000 m1=2094/110000 i1=182 t1=29 m2=-1811/-96250 i2=-214 t2=29 steerMode=6875/7123 iSteer=-16200 driveMode=103125/103288 iDrive=198061 scale=0 wheel=300000 ffS=5000
2026-07-07T15:51:58.128+00:00 CAN id=111 dlc=8 data=3075000000000000
2026-07-07T15:51:58.128+00:00 CAN id=101 dlc=8 data=20980300e0930400
2026-07-07T15:51:58.148+00:00 CAN id=111 dlc=8 data=3075000000000000
2026-07-07T15:51:58.148+00:00 CAN id=101 dlc=8 data=789a0300e0930400
2026-07-07T15:51:58.168+00:00 CAN id=111 dlc=8 data=3075000000000000
2026-07-07T15:51:58.168+00:00 CAN id=101 dlc=8 data=d09c0300e0930400
2026-07-07T15:51:58.188+00:00 CAN id=111 dlc=8 data=3075000000000000
2026-07-07T15:51:58.188+00:00 CAN id=101 dlc=8 data=289f0300e0930400
2026-07-07T15:51:58.208+00:00 CAN id=111 dlc=8 data=3075000000000000
2026-07-07T15:51:58.208+00:00 CAN id=101 dlc=8 data=80a10300e0930400
2026-07-07T15:51:58.228+00:00 CAN id=111 dlc=8 data=3075000000000000
2026-07-07T15:51:58.228+00:00 CAN id=101 dlc=8 data=d8a30300e0930400
2026-07-07T15:51:58.248+00:00 CAN id=111 dlc=8 data=3075000000000000
2026-07-07T15:51:58.248+00:00 CAN id=101 dlc=8 data=30a60300e0930400
2026-07-07T15:51:58.268+00:00 CAN id=111 dlc=8 data=3075000000000000
2026-07-07T15:51:58.268+00:00 CAN id=101 dlc=8 data=88a80300e0930400
2026-07-07T15:51:58.288+00:00 CAN id=111 dlc=8 data=3075000000000000
2026-07-07T15:51:58.288+00:00 CAN id=101 dlc=8 data=e0aa0300e0930400
2026-07-07T15:51:58.290+00:00 VCP run=1 step=0 angle=234492 target=234352 err=-140 steer=5000 m1=2086/110000 i1=165 t1=29 m2=-1769/-96250 i2=-285 t2=29 steerMode=6875/7953 iSteer=-59984 driveMode=103125/102415 iDrive=224884 scale=0 wheel=300000 ffS=5000
2026-07-07T15:51:58.290+00:00 VCP run=1 step=0 angle=237656 target=237352 err=-304 steer=5000 m1=2073/110000 i1=260 t1=29 m2=-1873/-96250 i2=-141 t2=29 steerMode=6875/5534 iSteer=59610 driveMode=103125/103246 iDrive=200774 scale=0 wheel=300000 ffS=5000
2026-07-07T15:51:58.308+00:00 CAN id=111 dlc=8 data=3075000000000000
2026-07-07T15:51:58.308+00:00 CAN id=101 dlc=8 data=38ad0300e0930400
2026-07-07T15:51:58.312+00:00 VCP SET_TARGET_FF_RX steerRate=30000 wheelAccel=0
2026-07-07T15:51:58.312+00:00 VCP SET_TARGET_RX steer=240352 wheel=300000
2026-07-07T15:51:58.328+00:00 CAN id=111 dlc=8 data=3075000000000000
2026-07-07T15:51:58.328+00:00 CAN id=101 dlc=8 data=90af0300e0930400
2026-07-07T15:51:58.348+00:00 CAN id=111 dlc=8 data=3075000000000000
2026-07-07T15:51:58.348+00:00 CAN id=101 dlc=8 data=e8b10300e0930400
2026-07-07T15:51:58.368+00:00 CAN id=111 dlc=8 data=3075000000000000
2026-07-07T15:51:58.368+00:00 CAN id=101 dlc=8 data=40b40300e0930400
2026-07-07T15:51:58.388+00:00 CAN id=111 dlc=8 data=3075000000000000
2026-07-07T15:51:58.388+00:00 CAN id=101 dlc=8 data=98b60300e0930400
2026-07-07T15:51:58.408+00:00 CAN id=111 dlc=8 data=3075000000000000
2026-07-07T15:51:58.408+00:00 CAN id=101 dlc=8 data=f0b80300e0930400
2026-07-07T15:51:58.416+00:00 VCP run=1 step=0 angle=240293 target=240352 err=59 steer=5000 m1=2088/110000 i1=189 t1=29 m2=-1811/-96250 i2=-215 t2=29 steerMode=6875/7007 iSteer=-13145 driveMode=103125/103183 iDrive=202309 scale=0 wheel=300000 ffS=5000
2026-07-07T15:51:58.416+00:00 VCP run=1 step=0 angle=243369 target=243352 err=-17 steer=5000 m1=2086/110000 i1=196 t1=29 m2=-1796/-96250 i2=-245 t2=29 steerMode=6875/7243 iSteer=-24804 driveMode=103125/102593 iDrive=220321 scale=0 wheel=300000 ffS=5000
2026-07-07T15:51:58.428+00:00 CAN id=111 dlc=8 data=3075000000000000
2026-07-07T15:51:58.428+00:00 CAN id=101 dlc=8 data=48bb0300e0930400
2026-07-07T15:51:58.448+00:00 CAN id=111 dlc=8 data=3075000000000000
2026-07-07T15:51:58.448+00:00 CAN id=101 dlc=8 data=a0bd0300e0930400
2026-07-07T15:51:58.468+00:00 CAN id=111 dlc=8 data=3075000000000000
2026-07-07T15:51:58.468+00:00 CAN id=101 dlc=8 data=f8bf0300e0930400
2026-07-07T15:51:58.488+00:00 CAN id=111 dlc=8 data=3075000000000000
2026-07-07T15:51:58.488+00:00 CAN id=101 dlc=8 data=50c20300e0930400
2026-07-07T15:51:58.508+00:00 CAN id=111 dlc=8 data=3075000000000000
2026-07-07T15:51:58.508+00:00 CAN id=101 dlc=8 data=a8c40300e0930400
2026-07-07T15:51:58.528+00:00 CAN id=111 dlc=8 data=3075000000000000
2026-07-07T15:51:58.528+00:00 CAN id=101 dlc=8 data=00c70300e0930400
2026-07-07T15:51:58.548+00:00 CAN id=111 dlc=8 data=3075000000000000
2026-07-07T15:51:58.548+00:00 CAN id=101 dlc=8 data=58c90300e0930400
2026-07-07T15:51:58.568+00:00 CAN id=111 dlc=8 data=3075000000000000
2026-07-07T15:51:58.568+00:00 CAN id=101 dlc=8 data=b0cb0300e0930400
2026-07-07T15:51:58.588+00:00 CAN id=111 dlc=8 data=3075000000000000
2026-07-07T15:51:58.588+00:00 CAN id=101 dlc=8 data=08ce0300e0930400
2026-07-07T15:51:58.600+00:00 VCP run=1 step=0 angle=246182 target=246352 err=170 steer=5000 m1=2098/110000 i1=175 t1=29 m2=-1869/-96250 i2=-222 t2=29 steerMode=6875/7198 iSteer=-23749 driveMode=103125/103330 iDrive=198349 scale=0 wheel=300000 ffS=5000
2026-07-07T15:51:58.608+00:00 CAN id=111 dlc=8 data=3075000000000000
2026-07-07T15:51:58.608+00:00 CAN id=101 dlc=8 data=60d00300e0930400
2026-07-07T15:51:58.628+00:00 CAN id=111 dlc=8 data=3075000000000000
2026-07-07T15:51:58.628+00:00 CAN id=101 dlc=8 data=b8d20300e0930400
2026-07-07T15:51:58.648+00:00 CAN id=111 dlc=8 data=3075000000000000
2026-07-07T15:51:58.648+00:00 CAN id=101 dlc=8 data=10d50300e0930400
2026-07-07T15:51:58.668+00:00 CAN id=111 dlc=8 data=3075000000000000
2026-07-07T15:51:58.668+00:00 CAN id=101 dlc=8 data=68d70300e0930400
2026-07-07T15:51:58.688+00:00 CAN id=111 dlc=8 data=3075000000000000
2026-07-07T15:51:58.688+00:00 CAN id=101 dlc=8 data=c0d90300e0930400
2026-07-07T15:51:58.703+00:00 VCP run=1 step=0 angle=249434 target=249352 err=-82 steer=5000 m1=2107/110000 i1=181 t1=29 m2=-1815/-96250 i2=-201 t2=29 steerMode=6875/6914 iSteer=-9662 driveMode=103125/103554 iDrive=190987 scale=0 wheel=300000 ffS=5000
2026-07-07T15:51:58.708+00:00 CAN id=111 dlc=8 data=3075000000000000
2026-07-07T15:51:58.708+00:00 CAN id=101 dlc=8 data=18dc0300e0930400
2026-07-07T15:51:58.728+00:00 CAN id=111 dlc=8 data=3075000000000000
2026-07-07T15:51:58.728+00:00 CAN id=101 dlc=8 data=70de0300e0930400
2026-07-07T15:51:58.748+00:00 CAN id=111 dlc=8 data=3075000000000000
2026-07-07T15:51:58.748+00:00 CAN id=101 dlc=8 data=c8e00300e0930400
2026-07-07T15:51:58.768+00:00 CAN id=111 dlc=8 data=3075000000000000
2026-07-07T15:51:58.768+00:00 CAN id=101 dlc=8 data=20e30300e0930400
2026-07-07T15:51:58.788+00:00 CAN id=111 dlc=8 data=3075000000000000
2026-07-07T15:51:58.788+00:00 CAN id=101 dlc=8 data=78e50300e0930400
2026-07-07T15:51:58.798+00:00 VCP run=1 step=0 angle=252422 target=252352 err=-70 steer=5000 m1=2094/110000 i1=161 t1=29 m2=-1848/-96250 i2=-271 t2=29 steerMode=6875/7792 iSteer=-54859 driveMode=103125/102708 iDrive=216083 scale=0 wheel=300000 ffS=5000
2026-07-07T15:51:58.798+00:00 VCP SET_TARGET_FF_RX steerRate=30000 wheelAccel=0
2026-07-07T15:51:58.798+00:00 VCP SET_TARGET_RX steer=255352 wheel=300000
2026-07-07T15:51:58.808+00:00 CAN id=111 dlc=8 data=3075000000000000
2026-07-07T15:51:58.808+00:00 CAN id=101 dlc=8 data=d0e70300e0930400
2026-07-07T15:51:58.828+00:00 CAN id=111 dlc=8 data=3075000000000000
2026-07-07T15:51:58.828+00:00 CAN id=101 dlc=8 data=28ea0300e0930400
2026-07-07T15:51:58.848+00:00 CAN id=111 dlc=8 data=3075000000000000
2026-07-07T15:51:58.848+00:00 CAN id=101 dlc=8 data=80ec0300e0930400
2026-07-07T15:51:58.868+00:00 CAN id=111 dlc=8 data=3075000000000000
2026-07-07T15:51:58.868+00:00 CAN id=101 dlc=8 data=d8ee0300e0930400
2026-07-07T15:51:58.888+00:00 CAN id=111 dlc=8 data=3075000000000000
2026-07-07T15:51:58.888+00:00 CAN id=101 dlc=8 data=30f10300e0930400
2026-07-07T15:51:58.901+00:00 VCP run=1 step=0 angle=255498 target=255352 err=-146 steer=5000 m1=2069/110000 i1=232 t1=29 m2=-1790/-96250 i2=-238 t2=29 steerMode=6875/6732 iSteer=-2965 driveMode=103125/102115 iDrive=235118 scale=0 wheel=300000 ffS=5000
2026-07-07T15:51:58.908+00:00 CAN id=111 dlc=8 data=3075000000000000
2026-07-07T15:51:58.908+00:00 CAN id=101 dlc=8 data=88f30300e0930400
2026-07-07T15:51:58.928+00:00 CAN id=111 dlc=8 data=3075000000000000
2026-07-07T15:51:58.928+00:00 CAN id=101 dlc=8 data=e0f50300e0930400
2026-07-07T15:51:58.948+00:00 CAN id=111 dlc=8 data=3075000000000000
2026-07-07T15:51:58.948+00:00 CAN id=101 dlc=8 data=38f80300e0930400
2026-07-07T15:51:58.968+00:00 CAN id=111 dlc=8 data=3075000000000000
2026-07-07T15:51:58.968+00:00 CAN id=101 dlc=8 data=90fa0300e0930400
2026-07-07T15:51:58.988+00:00 CAN id=111 dlc=8 data=3075000000000000
2026-07-07T15:51:58.988+00:00 CAN id=101 dlc=8 data=e8fc0300e0930400
2026-07-07T15:51:59.005+00:00 VCP run=1 step=0 angle=258398 target=258352 err=-46 steer=5000 m1=2103/110000 i1=187 t1=29 m2=-1848/-96250 i2=-207 t2=29 steerMode=6875/6888 iSteer=-9878 driveMode=103125/103383 iDrive=197235 scale=0 wheel=300000 ffS=5000
2026-07-07T15:51:59.008+00:00 CAN id=111 dlc=8 data=3075000000000000
2026-07-07T15:51:59.008+00:00 CAN id=101 dlc=8 data=40ff0300e0930400
2026-07-07T15:51:59.028+00:00 CAN id=111 dlc=8 data=3075000000000000
2026-07-07T15:51:59.028+00:00 CAN id=101 dlc=8 data=98010400e0930400
2026-07-07T15:51:59.048+00:00 CAN id=111 dlc=8 data=3075000000000000
2026-07-07T15:51:59.048+00:00 CAN id=101 dlc=8 data=f0030400e0930400
2026-07-07T15:51:59.068+00:00 CAN id=111 dlc=8 data=3075000000000000
2026-07-07T15:51:59.068+00:00 CAN id=101 dlc=8 data=48060400e0930400
2026-07-07T15:51:59.088+00:00 CAN id=111 dlc=8 data=3075000000000000
2026-07-07T15:51:59.088+00:00 CAN id=101 dlc=8 data=a0080400e0930400
2026-07-07T15:51:59.108+00:00 VCP run=1 step=0 angle=261475 target=261352 err=-123 steer=5000 m1=2100/110000 i1=185 t1=29 m2=-1815/-96250 i2=-246 t2=29 steerMode=6875/7290 iSteer=-30357 driveMode=103125/102754 iDrive=215713 scale=0 wheel=300000 ffS=5000
2026-07-07T15:51:59.108+00:00 CAN id=111 dlc=8 data=3075000000000000
2026-07-07T15:51:59.108+00:00 CAN id=101 dlc=8 data=f80a0400e0930400
2026-07-07T15:51:59.128+00:00 CAN id=111 dlc=8 data=3075000000000000
2026-07-07T15:51:59.128+00:00 CAN id=101 dlc=8 data=500d0400e0930400
2026-07-07T15:51:59.148+00:00 CAN id=111 dlc=8 data=3075000000000000
2026-07-07T15:51:59.148+00:00 CAN id=101 dlc=8 data=a80f0400e0930400
2026-07-07T15:51:59.168+00:00 CAN id=111 dlc=8 data=3075000000000000
2026-07-07T15:51:59.168+00:00 CAN id=101 dlc=8 data=00120400e0930400
2026-07-07T15:51:59.188+00:00 CAN id=111 dlc=8 data=3075000000000000
2026-07-07T15:51:59.188+00:00 CAN id=101 dlc=8 data=58140400e0930400
2026-07-07T15:51:59.208+00:00 CAN id=111 dlc=8 data=3075000000000000
2026-07-07T15:51:59.208+00:00 CAN id=101 dlc=8 data=b0160400e0930400
2026-07-07T15:51:59.211+00:00 VCP run=1 step=0 angle=264463 target=264352 err=-111 steer=5000 m1=2092/110000 i1=171 t1=29 m2=-1823/-96250 i2=-224 t2=29 steerMode=6875/7180 iSteer=-26248 driveMode=103125/103371 iDrive=197363 scale=0 wheel=300000 ffS=5000
2026-07-07T15:51:59.228+00:00 CAN id=111 dlc=8 data=3075000000000000
2026-07-07T15:51:59.228+00:00 CAN id=101 dlc=8 data=08190400e0930400
2026-07-07T15:51:59.248+00:00 CAN id=111 dlc=8 data=3075000000000000
2026-07-07T15:51:59.248+00:00 CAN id=101 dlc=8 data=601b0400e0930400
2026-07-07T15:51:59.268+00:00 CAN id=111 dlc=8 data=3075000000000000
2026-07-07T15:51:59.268+00:00 CAN id=101 dlc=8 data=b81d0400e0930400
2026-07-07T15:51:59.288+00:00 CAN id=111 dlc=8 data=3075000000000000
2026-07-07T15:51:59.288+00:00 CAN id=101 dlc=8 data=10200400e0930400
2026-07-07T15:51:59.306+00:00 VCP run=1 step=0 angle=267627 target=267352 err=-275 steer=5000 m1=2098/110000 i1=183 t1=29 m2=-1865/-96250 i2=-204 t2=29 steerMode=6875/6849 iSteer=-10194 driveMode=103125/103487 iDrive=193533 scale=0 wheel=300000 ffS=5000
2026-07-07T15:51:59.306+00:00 VCP SET_TARGET_FF_RX steerRate=30000 wheelAccel=0
2026-07-07T15:51:59.306+00:00 VCP SET_TARGET_RX steer=270352 wheel=300000
2026-07-07T15:51:59.308+00:00 CAN id=111 dlc=8 data=3075000000000000
2026-07-07T15:51:59.308+00:00 CAN id=101 dlc=8 data=68220400e0930400
2026-07-07T15:51:59.328+00:00 CAN id=111 dlc=8 data=3075000000000000
2026-07-07T15:51:59.328+00:00 CAN id=101 dlc=8 data=c0240400e0930400
2026-07-07T15:51:59.348+00:00 CAN id=111 dlc=8 data=3075000000000000
2026-07-07T15:51:59.348+00:00 CAN id=101 dlc=8 data=18270400e0930400
2026-07-07T15:51:59.368+00:00 CAN id=111 dlc=8 data=3075000000000000
2026-07-07T15:51:59.368+00:00 CAN id=101 dlc=8 data=70290400e0930400
2026-07-07T15:51:59.388+00:00 CAN id=111 dlc=8 data=3075000000000000
2026-07-07T15:51:59.388+00:00 CAN id=101 dlc=8 data=c82b0400e0930400
2026-07-07T15:51:59.408+00:00 CAN id=111 dlc=8 data=3075000000000000
2026-07-07T15:51:59.408+00:00 CAN id=101 dlc=8 data=202e0400e0930400
2026-07-07T15:51:59.409+00:00 VCP run=1 step=0 angle=270703 target=270352 err=-351 steer=5000 m1=2092/110000 i1=170 t1=29 m2=-1777/-96250 i2=-286 t2=29 steerMode=6875/7768 iSteer=-57938 driveMode=103125/102327 iDrive=228124 scale=0 wheel=300000 ffS=5000
2026-07-07T15:51:59.428+00:00 CAN id=111 dlc=8 data=3075000000000000
2026-07-07T15:51:59.428+00:00 CAN id=101 dlc=8 data=78300400e0930400
2026-07-07T15:51:59.448+00:00 CAN id=111 dlc=8 data=3075000000000000
2026-07-07T15:51:59.448+00:00 CAN id=101 dlc=8 data=d0320400e0930400
2026-07-07T15:51:59.468+00:00 CAN id=111 dlc=8 data=3075000000000000
2026-07-07T15:51:59.468+00:00 CAN id=101 dlc=8 data=28350400e0930400
2026-07-07T15:51:59.488+00:00 CAN id=111 dlc=8 data=3075000000000000
2026-07-07T15:51:59.488+00:00 CAN id=101 dlc=8 data=80370400e0930400
2026-07-07T15:51:59.508+00:00 CAN id=111 dlc=8 data=3075000000000000
2026-07-07T15:51:59.508+00:00 CAN id=101 dlc=8 data=d8390400e0930400
2026-07-07T15:51:59.512+00:00 VCP run=1 step=0 angle=273867 target=273352 err=-515 steer=3970 m1=2054/108583 i1=193 t1=29 m2=-1806/-97667 i2=-295 t2=29 steerMode=5458/6167 iSteer=-50883 driveMode=103125/101878 iDrive=244148 scale=0 wheel=300000 ffS=5000
2026-07-07T15:51:59.528+00:00 CAN id=111 dlc=8 data=3075000000000000
2026-07-07T15:51:59.528+00:00 CAN id=101 dlc=8 data=303c0400e0930400
2026-07-07T15:51:59.548+00:00 CAN id=111 dlc=8 data=3075000000000000
2026-07-07T15:51:59.548+00:00 CAN id=101 dlc=8 data=883e0400e0930400
2026-07-07T15:51:59.568+00:00 CAN id=111 dlc=8 data=3075000000000000
2026-07-07T15:51:59.568+00:00 CAN id=101 dlc=8 data=e0400400e0930400
2026-07-07T15:51:59.588+00:00 CAN id=111 dlc=8 data=3075000000000000
2026-07-07T15:51:59.588+00:00 CAN id=101 dlc=8 data=38430400e0930400
2026-07-07T15:51:59.608+00:00 CAN id=111 dlc=8 data=3075000000000000
2026-07-07T15:51:59.608+00:00 CAN id=101 dlc=8 data=90450400e0930400
2026-07-07T15:51:59.616+00:00 VCP run=1 step=0 angle=276240 target=276352 err=112 steer=5000 m1=2117/110000 i1=184 t1=29 m2=-1825/-96250 i2=-185 t2=29 steerMode=6875/6618 iSteer=-379 driveMode=103125/103866 iDrive=184419 scale=0 wheel=300000 ffS=5000
2026-07-07T15:51:59.628+00:00 CAN id=111 dlc=8 data=3075000000000000
2026-07-07T15:51:59.628+00:00 CAN id=101 dlc=8 data=e8470400e0930400
2026-07-07T15:51:59.648+00:00 CAN id=111 dlc=8 data=3075000000000000
2026-07-07T15:51:59.648+00:00 CAN id=101 dlc=8 data=404a0400e0930400
2026-07-07T15:51:59.668+00:00 CAN id=111 dlc=8 data=3075000000000000
2026-07-07T15:51:59.668+00:00 CAN id=101 dlc=8 data=984c0400e0930400
2026-07-07T15:51:59.688+00:00 CAN id=111 dlc=8 data=3075000000000000
2026-07-07T15:51:59.688+00:00 CAN id=101 dlc=8 data=f04e0400e0930400
2026-07-07T15:51:59.708+00:00 CAN id=111 dlc=8 data=3075000000000000
2026-07-07T15:51:59.708+00:00 CAN id=101 dlc=8 data=48510400e0930400
2026-07-07T15:51:59.728+00:00 CAN id=111 dlc=8 data=3075000000000000
2026-07-07T15:51:59.728+00:00 CAN id=101 dlc=8 data=a0530400e0930400
2026-07-07T15:51:59.748+00:00 CAN id=111 dlc=8 data=3075000000000000
2026-07-07T15:51:59.748+00:00 CAN id=101 dlc=8 data=f8550400e0930400
2026-07-07T15:51:59.768+00:00 CAN id=111 dlc=8 data=3075000000000000
2026-07-07T15:51:59.768+00:00 CAN id=101 dlc=8 data=50580400e0930400
2026-07-07T15:51:59.788+00:00 CAN id=111 dlc=8 data=3075000000000000
2026-07-07T15:51:59.788+00:00 CAN id=101 dlc=8 data=a85a0400e0930400
2026-07-07T15:51:59.792+00:00 VCP run=1 step=0 angle=279141 target=279352 err=211 steer=5000 m1=2086/110000 i1=170 t1=29 m2=-1832/-96250 i2=-228 t2=29 steerMode=6875/7181 iSteer=-29076 driveMode=103125/103351 iDrive=198783 scale=0 wheel=300000 ffS=5000
2026-07-07T15:51:59.792+00:00 VCP run=1 step=0 angle=282129 target=282352 err=223 steer=5000 m1=2111/110000 i1=134 t1=29 m2=-1775/-96250 i2=-310 t2=29 steerMode=6875/8350 iSteer=-88048 driveMode=103125/102577 iDrive=222395 scale=0 wheel=300000 ffS=5000
2026-07-07T15:51:59.808+00:00 CAN id=111 dlc=8 data=3075000000000000
2026-07-07T15:51:59.808+00:00 CAN id=101 dlc=8 data=005d0400e0930400
2026-07-07T15:51:59.814+00:00 VCP SET_TARGET_FF_RX steerRate=30000 wheelAccel=0
2026-07-07T15:51:59.814+00:00 VCP SET_TARGET_RX steer=285352 wheel=300000
2026-07-07T15:51:59.828+00:00 CAN id=111 dlc=8 data=3075000000000000
2026-07-07T15:51:59.828+00:00 CAN id=101 dlc=8 data=585f0400e0930400
2026-07-07T15:51:59.848+00:00 CAN id=111 dlc=8 data=3075000000000000
2026-07-07T15:51:59.848+00:00 CAN id=101 dlc=8 data=b0610400e0930400
2026-07-07T15:51:59.868+00:00 CAN id=111 dlc=8 data=3075000000000000
2026-07-07T15:51:59.868+00:00 CAN id=101 dlc=8 data=08640400e0930400
2026-07-07T15:51:59.888+00:00 CAN id=111 dlc=8 data=3075000000000000
2026-07-07T15:51:59.888+00:00 CAN id=101 dlc=8 data=60660400e0930400
2026-07-07T15:51:59.908+00:00 CAN id=111 dlc=8 data=3075000000000000
2026-07-07T15:51:59.908+00:00 CAN id=101 dlc=8 data=b8680400e0930400
2026-07-07T15:51:59.928+00:00 CAN id=111 dlc=8 data=3075000000000000
2026-07-07T15:51:59.928+00:00 CAN id=101 dlc=8 data=106b0400e0930400
2026-07-07T15:51:59.948+00:00 CAN id=111 dlc=8 data=3075000000000000
2026-07-07T15:51:59.948+00:00 CAN id=101 dlc=8 data=686d0400e0930400
2026-07-07T15:51:59.968+00:00 CAN id=111 dlc=8 data=3075000000000000
2026-07-07T15:51:59.968+00:00 CAN id=101 dlc=8 data=c06f0400e0930400
2026-07-07T15:51:59.988+00:00 CAN id=111 dlc=8 data=3075000000000000
2026-07-07T15:51:59.988+00:00 CAN id=101 dlc=8 data=18720400e0930400
2026-07-07T15:51:59.998+00:00 VCP run=1 step=0 angle=285469 target=285352 err=-117 steer=5000 m1=2067/110000 i1=222 t1=29 m2=-1821/-96250 i2=-264 t2=29 steerMode=6875/6939 iSteer=-21055 driveMode=103125/101961 iDrive=242880 scale=0 wheel=300000 ffS=5000
2026-07-07T15:51:59.998+00:00 VCP run=1 step=0 angle=288193 target=288352 err=159 steer=5000 m1=2100/110000 i1=180 t1=29 m2=-1806/-96250 i2=-238 t2=29 steerMode=6875/7123 iSteer=-28836 driveMode=103125/103112 iDrive=208899 scale=0 wheel=300000 ffS=5000
2026-07-07T15:52:00.008+00:00 CAN id=111 dlc=8 data=3075000000000000
2026-07-07T15:52:00.008+00:00 CAN id=101 dlc=8 data=70740400e0930400
2026-07-07T15:52:00.028+00:00 CAN id=111 dlc=8 data=3075000000000000
2026-07-07T15:52:00.028+00:00 CAN id=101 dlc=8 data=c8760400e0930400
2026-07-07T15:52:00.048+00:00 CAN id=111 dlc=8 data=3075000000000000
2026-07-07T15:52:00.048+00:00 CAN id=101 dlc=8 data=20790400e0930400
2026-07-07T15:52:00.068+00:00 CAN id=111 dlc=8 data=3075000000000000
2026-07-07T15:52:00.068+00:00 CAN id=101 dlc=8 data=787b0400e0930400
2026-07-07T15:52:00.088+00:00 CAN id=111 dlc=8 data=3075000000000000
2026-07-07T15:52:00.088+00:00 CAN id=101 dlc=8 data=d07d0400e0930400
2026-07-07T15:52:00.101+00:00 VCP run=1 step=0 angle=291797 target=291352 err=-445 steer=5000 m1=2038/110000 i1=274 t1=29 m2=-1827/-96250 i2=-226 t2=29 steerMode=6875/5987 iSteer=23977 driveMode=103125/101807 iDrive=250024 scale=0 wheel=300000 ffS=5000
2026-07-07T15:52:00.108+00:00 CAN id=111 dlc=8 data=3075000000000000
2026-07-07T15:52:00.108+00:00 CAN id=101 dlc=8 data=28800400e0930400
2026-07-07T15:52:00.128+00:00 CAN id=111 dlc=8 data=3075000000000000
2026-07-07T15:52:00.128+00:00 CAN id=101 dlc=8 data=80820400e0930400
2026-07-07T15:52:00.148+00:00 CAN id=111 dlc=8 data=3075000000000000
2026-07-07T15:52:00.148+00:00 CAN id=101 dlc=8 data=d8840400e0930400
2026-07-07T15:52:00.168+00:00 CAN id=111 dlc=8 data=3075000000000000
2026-07-07T15:52:00.168+00:00 CAN id=101 dlc=8 data=30870400e0930400
2026-07-07T15:52:00.188+00:00 CAN id=111 dlc=8 data=3075000000000000
2026-07-07T15:52:00.188+00:00 CAN id=101 dlc=8 data=88890400e0930400
2026-07-07T15:52:00.205+00:00 VCP run=1 step=0 angle=294258 target=294352 err=94 steer=5000 m1=2107/110000 i1=171 t1=29 m2=-1806/-96250 i2=-206 t2=29 steerMode=6875/6853 iSteer=-17575 driveMode=103125/103853 iDrive=188622 scale=0 wheel=300000 ffS=5000
2026-07-07T15:52:00.208+00:00 CAN id=111 dlc=8 data=3075000000000000
2026-07-07T15:52:00.208+00:00 CAN id=101 dlc=8 data=e08b0400e0930400
2026-07-07T15:52:00.228+00:00 CAN id=111 dlc=8 data=3075000000000000
2026-07-07T15:52:00.228+00:00 CAN id=101 dlc=8 data=388e0400e0930400
2026-07-07T15:52:00.248+00:00 CAN id=111 dlc=8 data=3075000000000000
2026-07-07T15:52:00.248+00:00 CAN id=101 dlc=8 data=90900400e0930400
2026-07-07T15:52:00.268+00:00 CAN id=111 dlc=8 data=3075000000000000
2026-07-07T15:52:00.268+00:00 CAN id=101 dlc=8 data=e8920400e0930400
2026-07-07T15:52:00.288+00:00 CAN id=111 dlc=8 data=3075000000000000
2026-07-07T15:52:00.288+00:00 CAN id=101 dlc=8 data=40950400e0930400
2026-07-07T15:52:00.300+00:00 VCP run=1 step=0 angle=297246 target=297352 err=106 steer=5000 m1=2088/110000 i1=178 t1=29 m2=-1798/-96250 i2=-263 t2=29 steerMode=6875/7320 iSteer=-42086 driveMode=103125/102781 iDrive=220544 scale=0 wheel=300000 ffS=5000
2026-07-07T15:52:00.300+00:00 VCP SET_TARGET_FF_RX steerRate=30000 wheelAccel=0
2026-07-07T15:52:00.300+00:00 VCP SET_TARGET_RX steer=300352 wheel=300000
2026-07-07T15:52:00.308+00:00 CAN id=111 dlc=8 data=3075000000000000
2026-07-07T15:52:00.308+00:00 CAN id=101 dlc=8 data=98970400e0930400
2026-07-07T15:52:00.328+00:00 CAN id=111 dlc=8 data=3075000000000000
2026-07-07T15:52:00.328+00:00 CAN id=101 dlc=8 data=f0990400e0930400
2026-07-07T15:52:00.348+00:00 CAN id=111 dlc=8 data=3075000000000000
2026-07-07T15:52:00.348+00:00 CAN id=101 dlc=8 data=489c0400e0930400
2026-07-07T15:52:00.368+00:00 CAN id=111 dlc=8 data=3075000000000000
2026-07-07T15:52:00.368+00:00 CAN id=101 dlc=8 data=a09e0400e0930400
2026-07-07T15:52:00.388+00:00 CAN id=111 dlc=8 data=3075000000000000
2026-07-07T15:52:00.388+00:00 CAN id=101 dlc=8 data=f8a00400e0930400
2026-07-07T15:52:00.403+00:00 VCP run=1 step=0 angle=300059 target=300352 err=293 steer=5000 m1=2094/110000 i1=167 t1=29 m2=-1840/-96250 i2=-237 t2=29 steerMode=6875/7177 iSteer=-35207 driveMode=103125/103389 iDrive=202077 scale=0 wheel=300000 ffS=5000
2026-07-07T15:52:00.408+00:00 CAN id=111 dlc=8 data=3075000000000000
2026-07-07T15:52:00.408+00:00 CAN id=101 dlc=8 data=50a30400e0930400
2026-07-07T15:52:00.428+00:00 CAN id=111 dlc=8 data=3075000000000000
2026-07-07T15:52:00.428+00:00 CAN id=101 dlc=8 data=a8a50400e0930400
2026-07-07T15:52:00.448+00:00 CAN id=111 dlc=8 data=3075000000000000
2026-07-07T15:52:00.448+00:00 CAN id=101 dlc=8 data=00a80400e0930400
2026-07-07T15:52:00.468+00:00 CAN id=111 dlc=8 data=3075000000000000
2026-07-07T15:52:00.468+00:00 CAN id=101 dlc=8 data=58aa0400e0930400
2026-07-07T15:52:00.488+00:00 CAN id=111 dlc=8 data=3075000000000000
2026-07-07T15:52:00.488+00:00 CAN id=101 dlc=8 data=b0ac0400e0930400
2026-07-07T15:52:00.506+00:00 VCP run=1 step=0 angle=303135 target=303352 err=217 steer=5000 m1=2092/110000 i1=197 t1=29 m2=-1775/-96250 i2=-259 t2=29 steerMode=6875/7076 iSteer=-30849 driveMode=103125/102528 iDrive=228143 scale=0 wheel=300000 ffS=5000
2026-07-07T15:52:00.508+00:00 CAN id=111 dlc=8 data=3075000000000000
2026-07-07T15:52:00.508+00:00 CAN id=101 dlc=8 data=08af0400e0930400
2026-07-07T15:52:00.528+00:00 CAN id=111 dlc=8 data=3075000000000000
2026-07-07T15:52:00.528+00:00 CAN id=101 dlc=8 data=60b10400e0930400
2026-07-07T15:52:00.548+00:00 CAN id=111 dlc=8 data=3075000000000000
2026-07-07T15:52:00.548+00:00 CAN id=101 dlc=8 data=b8b30400e0930400
2026-07-07T15:52:00.568+00:00 CAN id=111 dlc=8 data=3075000000000000
2026-07-07T15:52:00.568+00:00 CAN id=101 dlc=8 data=10b60400e0930400
2026-07-07T15:52:00.588+00:00 CAN id=111 dlc=8 data=3075000000000000
2026-07-07T15:52:00.588+00:00 CAN id=101 dlc=8 data=68b80400e0930400
2026-07-07T15:52:00.608+00:00 CAN id=111 dlc=8 data=3075000000000000
2026-07-07T15:52:00.608+00:00 CAN id=101 dlc=8 data=c0ba0400e0930400
2026-07-07T15:52:00.610+00:00 VCP run=1 step=0 angle=306299 target=306352 err=53 steer=5000 m1=2092/110000 i1=176 t1=29 m2=-1840/-96250 i2=-252 t2=29 steerMode=6875/7202 iSteer=-37523 driveMode=103125/103022 iDrive=214012 scale=0 wheel=300000 ffS=5000
2026-07-07T15:52:00.628+00:00 CAN id=111 dlc=8 data=3075000000000000
2026-07-07T15:52:00.628+00:00 CAN id=101 dlc=8 data=18bd0400e0930400
2026-07-07T15:52:00.648+00:00 CAN id=111 dlc=8 data=3075000000000000
2026-07-07T15:52:00.648+00:00 CAN id=101 dlc=8 data=70bf0400e0930400
2026-07-07T15:52:00.668+00:00 CAN id=111 dlc=8 data=3075000000000000
2026-07-07T15:52:00.668+00:00 CAN id=101 dlc=8 data=c8c10400e0930400
2026-07-07T15:52:00.688+00:00 CAN id=111 dlc=8 data=3075000000000000
2026-07-07T15:52:00.688+00:00 CAN id=101 dlc=8 data=20c40400e0930400
2026-07-07T15:52:00.708+00:00 CAN id=111 dlc=8 data=3075000000000000
2026-07-07T15:52:00.708+00:00 CAN id=101 dlc=8 data=78c60400e0930400
2026-07-07T15:52:00.713+00:00 VCP run=1 step=0 angle=309727 target=309352 err=-375 steer=5000 m1=2063/110000 i1=228 t1=29 m2=-1829/-96250 i2=-284 t2=29 steerMode=6875/6947 iSteer=-28046 driveMode=103125/101680 iDrive=255680 scale=0 wheel=300000 ffS=5000
2026-07-07T15:52:00.728+00:00 CAN id=111 dlc=8 data=3075000000000000
2026-07-07T15:52:00.728+00:00 CAN id=101 dlc=8 data=d0c80400e0930400
2026-07-07T15:52:00.748+00:00 CAN id=111 dlc=8 data=3075000000000000
2026-07-07T15:52:00.748+00:00 CAN id=101 dlc=8 data=28cb0400e0930400
2026-07-07T15:52:00.768+00:00 CAN id=111 dlc=8 data=3075000000000000
2026-07-07T15:52:00.768+00:00 CAN id=101 dlc=8 data=80cd0400e0930400
2026-07-07T15:52:00.788+00:00 BENCH disable sent
2026-07-07T15:52:00.789+00:00 CAN id=121 dlc=2 data=0100
2026-07-07T15:52:00.789+00:00 CAN id=121 dlc=2 data=0100
2026-07-07T15:52:00.913+00:00 VCP run=1 step=0 angle=312539 target=312352 err=-187 steer=5000 m1=2109/110000 i1=188 t1=29 m2=-1880/-96250 i2=-197 t2=29 steerMode=6875/6496 iSteer=-4291 driveMode=103125/103800 iDrive=192577 scale=0 wheel=300000 ffS=5000
2026-07-07T15:52:00.913+00:00 VCP UNIT_CTRL enable=0
2026-07-07T15:52:00.913+00:00 VCP UNIT_CTRL enable=0
2026-07-07T15:52:00.913+00:00 VCP STOP: disabled
2026-07-07T15:52:01.190+00:00 BENCH log closed
