2026-07-07T15:51:33.843+00:00 BENCH log opened: firmware/logs/rot30-noff-fixed.log
2026-07-07T15:51:33.843+00:00 BENCH profile: csv=firmware/logs/rot30-noff.csv rows=603 rate=50.0Hz total_duration=13.5s
2026-07-07T15:51:33.844+00:00 BENCH enable sent
2026-07-07T15:51:33.844+00:00 BENCH step t=0.000s -> steer=315352mdeg wheel=300000milli-rpm
2026-07-07T15:51:33.844+00:00 CAN id=121 dlc=2 data=0101
2026-07-07T15:51:33.844+00:00 CAN id=101 dlc=8 data=d8cf0400e0930400
2026-07-07T15:51:33.864+00:00 BENCH step t=0.020s -> steer=315952mdeg wheel=300000milli-rpm
2026-07-07T15:51:33.864+00:00 CAN id=101 dlc=8 data=30d20400e0930400
2026-07-07T15:51:33.868+00:00 VCP _TARGET_RX steer=315352 wheel=300000
2026-07-07T15:51:33.868+00:00 VCP START_CAN: angle=283975 target=315352 wheelTarget=300000
2026-07-07T15:51:33.884+00:00 BENCH step t=0.040s -> steer=316552mdeg wheel=300000milli-rpm
2026-07-07T15:51:33.884+00:00 CAN id=101 dlc=8 data=88d40400e0930400
2026-07-07T15:51:33.904+00:00 BENCH step t=0.060s -> steer=317152mdeg wheel=300000milli-rpm
2026-07-07T15:51:33.904+00:00 CAN id=101 dlc=8 data=e0d60400e0930400
2026-07-07T15:51:33.924+00:00 BENCH step t=0.080s -> steer=317752mdeg wheel=300000milli-rpm
2026-07-07T15:51:33.924+00:00 CAN id=101 dlc=8 data=38d90400e0930400
2026-07-07T15:51:33.944+00:00 BENCH step t=0.100s -> steer=318352mdeg wheel=300000milli-rpm
2026-07-07T15:51:33.944+00:00 CAN id=101 dlc=8 data=90db0400e0930400
2026-07-07T15:51:33.964+00:00 BENCH step t=0.120s -> steer=318952mdeg wheel=300000milli-rpm
2026-07-07T15:51:33.964+00:00 CAN id=101 dlc=8 data=e8dd0400e0930400
2026-07-07T15:51:33.967+00:00 VCP run=1 step=0 angle=283975 target=315352 err=31377 steer=3000 m1=0/11000 i1=414 t1=29 m2=0/-2750 i2=0 t2=29 steerMode=4125/0 iSteer=206869 driveMode=6875/0 iDrive=206938 scale=0 wheel=20000 ffS=0
2026-07-07T15:51:33.984+00:00 BENCH step t=0.140s -> steer=319552mdeg wheel=300000milli-rpm
2026-07-07T15:51:33.984+00:00 CAN id=101 dlc=8 data=40e00400e0930400
2026-07-07T15:51:34.004+00:00 BENCH step t=0.160s -> steer=320152mdeg wheel=300000milli-rpm
2026-07-07T15:51:34.004+00:00 CAN id=101 dlc=8 data=98e20400e0930400
2026-07-07T15:51:34.024+00:00 BENCH step t=0.180s -> steer=320752mdeg wheel=300000milli-rpm
2026-07-07T15:51:34.024+00:00 CAN id=101 dlc=8 data=f0e40400e0930400
2026-07-07T15:51:34.044+00:00 BENCH step t=0.200s -> steer=321352mdeg wheel=300000milli-rpm
2026-07-07T15:51:34.044+00:00 CAN id=101 dlc=8 data=48e70400e0930400
2026-07-07T15:51:34.064+00:00 BENCH step t=0.220s -> steer=321952mdeg wheel=300000milli-rpm
2026-07-07T15:51:34.064+00:00 CAN id=101 dlc=8 data=a0e90400e0930400
2026-07-07T15:51:34.084+00:00 BENCH step t=0.240s -> steer=322552mdeg wheel=300000milli-rpm
2026-07-07T15:51:34.084+00:00 CAN id=101 dlc=8 data=f8eb0400e0930400
2026-07-07T15:51:34.104+00:00 BENCH step t=0.260s -> steer=323152mdeg wheel=300000milli-rpm
2026-07-07T15:51:34.104+00:00 CAN id=101 dlc=8 data=50ee0400e0930400
2026-07-07T15:51:34.124+00:00 BENCH step t=0.280s -> steer=323752mdeg wheel=300000milli-rpm
2026-07-07T15:51:34.124+00:00 CAN id=101 dlc=8 data=a8f00400e0930400
2026-07-07T15:51:34.144+00:00 BENCH step t=0.300s -> steer=324352mdeg wheel=300000milli-rpm
2026-07-07T15:51:34.144+00:00 CAN id=101 dlc=8 data=00f30400e0930400
2026-07-07T15:51:34.151+00:00 VCP run=1 step=0 angle=292412 target=318352 err=25940 steer=40000 m1=2364/158125 i1=2714 t1=29 m2=-36/-48125 i2=-1349 t2=29 steerMode=55000/42300 iSteer=682647 driveMode=103125/43254 iDrive=2031748 scale=0 wheel=300000 ffS=0
2026-07-07T15:51:34.151+00:00 VCP run=1 step=0 angle=315879 target=321352 err=5473 steer=10946 m1=2494/118176 i1=-921 t1=29 m2=-1756/-88074 i2=-1067 t2=29 steerMode=15051/34762 iSteer=-993867 driveMode=103125/109567 iDrive=72651 scale=0 wheel=300000 ffS=0
2026-07-07T15:51:34.164+00:00 BENCH step t=0.320s -> steer=324952mdeg wheel=300000milli-rpm
2026-07-07T15:51:34.164+00:00 CAN id=101 dlc=8 data=58f50400e0930400
2026-07-07T15:51:34.184+00:00 BENCH step t=0.340s -> steer=325552mdeg wheel=300000milli-rpm
2026-07-07T15:51:34.184+00:00 CAN id=101 dlc=8 data=b0f70400e0930400
2026-07-07T15:51:34.204+00:00 BENCH step t=0.360s -> steer=326152mdeg wheel=300000milli-rpm
2026-07-07T15:51:34.204+00:00 CAN id=101 dlc=8 data=08fa0400e0930400
2026-07-07T15:51:34.224+00:00 BENCH step t=0.380s -> steer=326752mdeg wheel=300000milli-rpm
2026-07-07T15:51:34.224+00:00 CAN id=101 dlc=8 data=60fc0400e0930400
2026-07-07T15:51:34.244+00:00 BENCH step t=0.400s -> steer=327352mdeg wheel=300000milli-rpm
2026-07-07T15:51:34.244+00:00 CAN id=101 dlc=8 data=b8fe0400e0930400
2026-07-07T15:51:34.254+00:00 VCP run=1 step=0 angle=318076 target=324352 err=6276 steer=12552 m1=2329/120384 i1=417 t1=29 m2=-1675/-85866 i2=120 t2=29 steerMode=17259/11980 iSteer=268106 driveMode=103125/106647 iDrive=148579 scale=0 wheel=300000 ffS=0
2026-07-07T15:51:34.264+00:00 BENCH step t=0.420s -> steer=327952mdeg wheel=300000milli-rpm
2026-07-07T15:51:34.264+00:00 CAN id=101 dlc=8 data=10010500e0930400
2026-07-07T15:51:34.284+00:00 BENCH step t=0.440s -> steer=328552mdeg wheel=300000milli-rpm
2026-07-07T15:51:34.284+00:00 CAN id=101 dlc=8 data=68030500e0930400
2026-07-07T15:51:34.304+00:00 BENCH step t=0.460s -> steer=329152mdeg wheel=300000milli-rpm
2026-07-07T15:51:34.304+00:00 CAN id=101 dlc=8 data=c0050500e0930400
2026-07-07T15:51:34.324+00:00 BENCH step t=0.480s -> steer=329752mdeg wheel=300000milli-rpm
2026-07-07T15:51:34.324+00:00 CAN id=101 dlc=8 data=18080500e0930400
2026-07-07T15:51:34.344+00:00 BENCH step t=0.500s -> steer=330352mdeg wheel=300000milli-rpm
2026-07-07T15:51:34.344+00:00 CAN id=101 dlc=8 data=700a0500e0930400
2026-07-07T15:51:34.354+00:00 VCP run=1 step=0 angle=324844 target=327352 err=2508 steer=5017 m1=2084/110023 i1=54 t1=29 m2=-1899/-96227 i2=-419 t2=29 steerMode=6898/10264 iSteer=-182506 driveMode=103125/103634 iDrive=236270 scale=0 wheel=300000 ffS=0
2026-07-07T15:51:34.354+00:00 VCP SET_TARGET_RX steer=330352 wheel=300000
2026-07-07T15:51:34.364+00:00 BENCH step t=0.520s -> steer=330952mdeg wheel=300000milli-rpm
2026-07-07T15:51:34.364+00:00 CAN id=101 dlc=8 data=c80c0500e0930400
2026-07-07T15:51:34.384+00:00 BENCH step t=0.540s -> steer=331552mdeg wheel=300000milli-rpm
2026-07-07T15:51:34.384+00:00 CAN id=101 dlc=8 data=200f0500e0930400
2026-07-07T15:51:34.404+00:00 BENCH step t=0.560s -> steer=332152mdeg wheel=300000milli-rpm
2026-07-07T15:51:34.404+00:00 CAN id=101 dlc=8 data=78110500e0930400
2026-07-07T15:51:34.424+00:00 BENCH step t=0.580s -> steer=332752mdeg wheel=300000milli-rpm
2026-07-07T15:51:34.424+00:00 CAN id=101 dlc=8 data=d0130500e0930400
2026-07-07T15:51:34.444+00:00 BENCH step t=0.600s -> steer=333352mdeg wheel=300000milli-rpm
2026-07-07T15:51:34.444+00:00 CAN id=101 dlc=8 data=28160500e0930400
2026-07-07T15:51:34.457+00:00 VCP run=1 step=0 angle=327305 target=330352 err=3047 steer=6095 m1=2140/111505 i1=272 t1=29 m2=-1765/-94745 i2=-201 t2=29 steerMode=8380/7473 iSteer=35232 driveMode=103125/103587 iDrive=236685 scale=0 wheel=300000 ffS=0
2026-07-07T15:51:34.464+00:00 BENCH step t=0.620s -> steer=333952mdeg wheel=300000milli-rpm
2026-07-07T15:51:34.464+00:00 CAN id=101 dlc=8 data=80180500e0930400
2026-07-07T15:51:34.484+00:00 BENCH step t=0.640s -> steer=334552mdeg wheel=300000milli-rpm
2026-07-07T15:51:34.484+00:00 CAN id=101 dlc=8 data=d81a0500e0930400
2026-07-07T15:51:34.504+00:00 BENCH step t=0.660s -> steer=335152mdeg wheel=300000milli-rpm
2026-07-07T15:51:34.504+00:00 CAN id=101 dlc=8 data=301d0500e0930400
2026-07-07T15:51:34.524+00:00 BENCH step t=0.680s -> steer=335752mdeg wheel=300000milli-rpm
2026-07-07T15:51:34.524+00:00 CAN id=101 dlc=8 data=881f0500e0930400
2026-07-07T15:51:34.544+00:00 BENCH step t=0.700s -> steer=336352mdeg wheel=300000milli-rpm
2026-07-07T15:51:34.544+00:00 CAN id=101 dlc=8 data=e0210500e0930400
2026-07-07T15:51:34.561+00:00 VCP run=1 step=0 angle=330732 target=333352 err=2620 steer=5239 m1=2100/110329 i1=226 t1=29 m2=-1894/-95921 i2=-183 t2=29 steerMode=7204/6489 iSteer=21356 driveMode=103125/104613 iDrive=204326 scale=0 wheel=300000 ffS=0
2026-07-07T15:51:34.564+00:00 BENCH step t=0.720s -> steer=336952mdeg wheel=300000milli-rpm
2026-07-07T15:51:34.564+00:00 CAN id=101 dlc=8 data=38240500e0930400
2026-07-07T15:51:34.584+00:00 BENCH step t=0.740s -> steer=337552mdeg wheel=300000milli-rpm
2026-07-07T15:51:34.584+00:00 CAN id=101 dlc=8 data=90260500e0930400
2026-07-07T15:51:34.604+00:00 BENCH step t=0.760s -> steer=338152mdeg wheel=300000milli-rpm
2026-07-07T15:51:34.604+00:00 CAN id=101 dlc=8 data=e8280500e0930400
2026-07-07T15:51:34.624+00:00 BENCH step t=0.780s -> steer=338752mdeg wheel=300000milli-rpm
2026-07-07T15:51:34.624+00:00 CAN id=101 dlc=8 data=402b0500e0930400
2026-07-07T15:51:34.644+00:00 BENCH step t=0.800s -> steer=339352mdeg wheel=300000milli-rpm
2026-07-07T15:51:34.644+00:00 CAN id=101 dlc=8 data=982d0500e0930400
2026-07-07T15:51:34.664+00:00 BENCH step t=0.820s -> steer=339952mdeg wheel=300000milli-rpm
2026-07-07T15:51:34.664+00:00 CAN id=101 dlc=8 data=f02f0500e0930400
2026-07-07T15:51:34.664+00:00 VCP run=1 step=0 angle=333721 target=336352 err=2631 steer=5263 m1=2121/110361 i1=194 t1=29 m2=-1827/-95889 i2=-249 t2=29 steerMode=7236/7548 iSteer=-27255 driveMode=103125/103959 iDrive=221677 scale=0 wheel=300000 ffS=0
2026-07-07T15:51:34.684+00:00 BENCH step t=0.840s -> steer=340552mdeg wheel=300000milli-rpm
2026-07-07T15:51:34.684+00:00 CAN id=101 dlc=8 data=48320500e0930400
2026-07-07T15:51:34.704+00:00 BENCH step t=0.860s -> steer=341152mdeg wheel=300000milli-rpm
2026-07-07T15:51:34.704+00:00 CAN id=101 dlc=8 data=a0340500e0930400
2026-07-07T15:51:34.724+00:00 BENCH step t=0.880s -> steer=341752mdeg wheel=300000milli-rpm
2026-07-07T15:51:34.724+00:00 CAN id=101 dlc=8 data=f8360500e0930400
2026-07-07T15:51:34.744+00:00 BENCH step t=0.900s -> steer=342352mdeg wheel=300000milli-rpm
2026-07-07T15:51:34.744+00:00 CAN id=101 dlc=8 data=50390500e0930400
2026-07-07T15:51:34.764+00:00 BENCH step t=0.920s -> steer=342952mdeg wheel=300000milli-rpm
2026-07-07T15:51:34.764+00:00 CAN id=101 dlc=8 data=a83b0500e0930400
2026-07-07T15:51:34.767+00:00 VCP run=1 step=0 angle=336445 target=339352 err=2907 steer=5813 m1=2098/111118 i1=317 t1=29 m2=-1917/-95132 i2=-94 t2=29 steerMode=7993/5513 iSteer=111626 driveMode=103125/104457 iDrive=205145 scale=0 wheel=300000 ffS=0
2026-07-07T15:51:34.767+00:00 VCP run=1 step=0 angle=339785 target=342352 err=2567 steer=5134 m1=2132/110184 i1=153 t1=29 m2=-1817/-96066 i2=-222 t2=29 steerMode=7059/7502 iSteer=-34140 driveMode=103125/104932 iDrive=187544 scale=0 wheel=300000 ffS=0
2026-07-07T15:51:34.784+00:00 BENCH step t=0.940s -> steer=343552mdeg wheel=300000milli-rpm
2026-07-07T15:51:34.784+00:00 CAN id=101 dlc=8 data=003e0500e0930400
2026-07-07T15:51:34.804+00:00 BENCH step t=0.960s -> steer=344152mdeg wheel=300000milli-rpm
2026-07-07T15:51:34.804+00:00 CAN id=101 dlc=8 data=58400500e0930400
2026-07-07T15:51:34.824+00:00 BENCH step t=0.980s -> steer=344752mdeg wheel=300000milli-rpm
2026-07-07T15:51:34.824+00:00 CAN id=101 dlc=8 data=b0420500e0930400
2026-07-07T15:51:34.844+00:00 BENCH step t=1.000s -> steer=345352mdeg wheel=300000milli-rpm
2026-07-07T15:51:34.844+00:00 CAN id=101 dlc=8 data=08450500e0930400
2026-07-07T15:51:34.864+00:00 BENCH step t=1.020s -> steer=345952mdeg wheel=300000milli-rpm
2026-07-07T15:51:34.864+00:00 CAN id=101 dlc=8 data=60470500e0930400
2026-07-07T15:51:34.867+00:00 VCP SET_TARGET_RX steer=345352 wheel=300000
2026-07-07T15:51:34.884+00:00 BENCH step t=1.040s -> steer=346552mdeg wheel=300000milli-rpm
2026-07-07T15:51:34.884+00:00 CAN id=101 dlc=8 data=b8490500e0930400
2026-07-07T15:51:34.904+00:00 BENCH step t=1.060s -> steer=347152mdeg wheel=300000milli-rpm
2026-07-07T15:51:34.904+00:00 CAN id=101 dlc=8 data=104c0500e0930400
2026-07-07T15:51:34.924+00:00 BENCH step t=1.080s -> steer=347752mdeg wheel=300000milli-rpm
2026-07-07T15:51:34.924+00:00 CAN id=101 dlc=8 data=684e0500e0930400
2026-07-07T15:51:34.944+00:00 BENCH step t=1.100s -> steer=348352mdeg wheel=300000milli-rpm
2026-07-07T15:51:34.944+00:00 CAN id=101 dlc=8 data=c0500500e0930400
2026-07-07T15:51:34.964+00:00 BENCH step t=1.120s -> steer=348952mdeg wheel=300000milli-rpm
2026-07-07T15:51:34.964+00:00 CAN id=101 dlc=8 data=18530500e0930400
2026-07-07T15:51:34.984+00:00 BENCH step t=1.140s -> steer=349552mdeg wheel=300000milli-rpm
2026-07-07T15:51:34.984+00:00 CAN id=101 dlc=8 data=70550500e0930400
2026-07-07T15:51:35.004+00:00 BENCH step t=1.160s -> steer=350152mdeg wheel=300000milli-rpm
2026-07-07T15:51:35.004+00:00 CAN id=101 dlc=8 data=c8570500e0930400
2026-07-07T15:51:35.024+00:00 BENCH step t=1.180s -> steer=350752mdeg wheel=300000milli-rpm
2026-07-07T15:51:35.024+00:00 CAN id=101 dlc=8 data=205a0500e0930400
2026-07-07T15:51:35.044+00:00 BENCH step t=1.200s -> steer=351352mdeg wheel=300000milli-rpm
2026-07-07T15:51:35.044+00:00 CAN id=101 dlc=8 data=785c0500e0930400
2026-07-07T15:51:35.051+00:00 VCP run=1 step=0 angle=342422 target=345352 err=2930 steer=5860 m1=2105/111183 i1=277 t1=29 m2=-1857/-95067 i2=-164 t2=29 steerMode=8058/6691 iSteer=56425 driveMode=103125/103777 iDrive=220307 scale=0 wheel=300000 ffS=0
2026-07-07T15:51:35.051+00:00 VCP run=1 step=0 angle=345674 target=348352 err=2678 steer=5356 m1=2092/110490 i1=236 t1=29 m2=-1882/-95760 i2=-214 t2=29 steerMode=7365/6904 iSteer=11099 driveMode=103125/103597 iDrive=224846 scale=0 wheel=300000 ffS=0
2026-07-07T15:51:35.064+00:00 BENCH step t=1.220s -> steer=351952mdeg wheel=300000milli-rpm
2026-07-07T15:51:35.064+00:00 CAN id=101 dlc=8 data=d05e0500e0930400
2026-07-07T15:51:35.084+00:00 BENCH step t=1.240s -> steer=352552mdeg wheel=300000milli-rpm
2026-07-07T15:51:35.084+00:00 CAN id=101 dlc=8 data=28610500e0930400
2026-07-07T15:51:35.104+00:00 BENCH step t=1.260s -> steer=353152mdeg wheel=300000milli-rpm
2026-07-07T15:51:35.104+00:00 CAN id=101 dlc=8 data=80630500e0930400
2026-07-07T15:51:35.124+00:00 BENCH step t=1.280s -> steer=353752mdeg wheel=300000milli-rpm
2026-07-07T15:51:35.124+00:00 CAN id=101 dlc=8 data=d8650500e0930400
2026-07-07T15:51:35.144+00:00 BENCH step t=1.300s -> steer=354352mdeg wheel=300000milli-rpm
2026-07-07T15:51:35.144+00:00 CAN id=101 dlc=8 data=30680500e0930400
2026-07-07T15:51:35.155+00:00 VCP run=1 step=0 angle=348574 target=351352 err=2778 steer=5556 m1=2098/110764 i1=251 t1=29 m2=-1842/-95486 i2=-170 t2=29 steerMode=7639/6616 iSteer=40242 driveMode=103125/104021 iDrive=210714 scale=0 wheel=300000 ffS=0
2026-07-07T15:51:35.164+00:00 BENCH step t=1.320s -> steer=354952mdeg wheel=300000milli-rpm
2026-07-07T15:51:35.164+00:00 CAN id=101 dlc=8 data=886a0500e0930400
2026-07-07T15:51:35.184+00:00 BENCH step t=1.340s -> steer=355552mdeg wheel=300000milli-rpm
2026-07-07T15:51:35.184+00:00 CAN id=101 dlc=8 data=e06c0500e0930400
2026-07-07T15:51:35.204+00:00 BENCH step t=1.360s -> steer=356152mdeg wheel=300000milli-rpm
2026-07-07T15:51:35.204+00:00 CAN id=101 dlc=8 data=386f0500e0930400
2026-07-07T15:51:35.224+00:00 BENCH step t=1.380s -> steer=356752mdeg wheel=300000milli-rpm
2026-07-07T15:51:35.224+00:00 CAN id=101 dlc=8 data=90710500e0930400
2026-07-07T15:51:35.244+00:00 BENCH step t=1.400s -> steer=357352mdeg wheel=300000milli-rpm
2026-07-07T15:51:35.244+00:00 CAN id=101 dlc=8 data=e8730500e0930400
2026-07-07T15:51:35.258+00:00 VCP run=1 step=0 angle=351563 target=354352 err=2790 steer=5579 m1=2094/110796 i1=255 t1=29 m2=-1806/-95454 i2=-191 t2=29 steerMode=7671/6850 iSteer=31804 driveMode=103125/103563 iDrive=222891 scale=0 wheel=300000 ffS=0
2026-07-07T15:51:35.264+00:00 BENCH step t=1.420s -> steer=357952mdeg wheel=300000milli-rpm
2026-07-07T15:51:35.264+00:00 CAN id=101 dlc=8 data=40760500e0930400
2026-07-07T15:51:35.284+00:00 BENCH step t=1.440s -> steer=358552mdeg wheel=300000milli-rpm
2026-07-07T15:51:35.284+00:00 CAN id=101 dlc=8 data=98780500e0930400
2026-07-07T15:51:35.304+00:00 BENCH step t=1.460s -> steer=359152mdeg wheel=300000milli-rpm
2026-07-07T15:51:35.304+00:00 CAN id=101 dlc=8 data=f07a0500e0930400
2026-07-07T15:51:35.324+00:00 BENCH step t=1.480s -> steer=359752mdeg wheel=300000milli-rpm
2026-07-07T15:51:35.324+00:00 CAN id=101 dlc=8 data=487d0500e0930400
2026-07-07T15:51:35.344+00:00 BENCH step t=1.500s -> steer=352mdeg wheel=300000milli-rpm
2026-07-07T15:51:35.344+00:00 CAN id=101 dlc=8 data=60010000e0930400
2026-07-07T15:51:35.358+00:00 VCP run=1 step=0 angle=354375 target=357352 err=2977 steer=5954 m1=2109/111312 i1=282 t1=29 m2=-1867/-94938 i2=-107 t2=29 steerMode=8187/6270 iSteer=87647 driveMode=103125/104454 iDrive=194615 scale=0 wheel=300000 ffS=0
2026-07-07T15:51:35.358+00:00 VCP SET_TARGET_RX steer=352 wheel=300000
2026-07-07T15:51:35.364+00:00 BENCH step t=1.520s -> steer=952mdeg wheel=300000milli-rpm
2026-07-07T15:51:35.364+00:00 CAN id=101 dlc=8 data=b8030000e0930400
2026-07-07T15:51:35.384+00:00 BENCH step t=1.540s -> steer=1552mdeg wheel=300000milli-rpm
2026-07-07T15:51:35.384+00:00 CAN id=101 dlc=8 data=10060000e0930400
2026-07-07T15:51:35.404+00:00 BENCH step t=1.560s -> steer=2152mdeg wheel=300000milli-rpm
2026-07-07T15:51:35.404+00:00 CAN id=101 dlc=8 data=68080000e0930400
2026-07-07T15:51:35.424+00:00 BENCH step t=1.580s -> steer=2752mdeg wheel=300000milli-rpm
2026-07-07T15:51:35.424+00:00 CAN id=101 dlc=8 data=c00a0000e0930400
2026-07-07T15:51:35.444+00:00 BENCH step t=1.600s -> steer=3352mdeg wheel=300000milli-rpm
2026-07-07T15:51:35.444+00:00 CAN id=101 dlc=8 data=180d0000e0930400
2026-07-07T15:51:35.462+00:00 VCP run=1 step=0 angle=357715 target=352 err=2637 steer=5274 m1=2119/110377 i1=201 t1=29 m2=-1844/-95873 i2=-176 t2=29 steerMode=7252/6866 iSteer=12657 driveMode=103125/104567 iDrive=188263 scale=0 wheel=300000 ffS=0
2026-07-07T15:51:35.464+00:00 BENCH step t=1.620s -> steer=3952mdeg wheel=300000milli-rpm
2026-07-07T15:51:35.464+00:00 CAN id=101 dlc=8 data=700f0000e0930400
2026-07-07T15:51:35.484+00:00 BENCH step t=1.640s -> steer=4552mdeg wheel=300000milli-rpm
2026-07-07T15:51:35.484+00:00 CAN id=101 dlc=8 data=c8110000e0930400
2026-07-07T15:51:35.504+00:00 BENCH step t=1.660s -> steer=5152mdeg wheel=300000milli-rpm
2026-07-07T15:51:35.504+00:00 CAN id=101 dlc=8 data=20140000e0930400
2026-07-07T15:51:35.524+00:00 BENCH step t=1.680s -> steer=5752mdeg wheel=300000milli-rpm
2026-07-07T15:51:35.524+00:00 CAN id=101 dlc=8 data=78160000e0930400
2026-07-07T15:51:35.544+00:00 BENCH step t=1.700s -> steer=6352mdeg wheel=300000milli-rpm
2026-07-07T15:51:35.544+00:00 CAN id=101 dlc=8 data=d0180000e0930400
2026-07-07T15:51:35.564+00:00 BENCH step t=1.720s -> steer=6952mdeg wheel=300000milli-rpm
2026-07-07T15:51:35.564+00:00 CAN id=101 dlc=8 data=281b0000e0930400
2026-07-07T15:51:35.566+00:00 VCP run=1 step=0 angle=615 target=3352 err=2737 steer=5474 m1=2117/110651 i1=241 t1=29 m2=-1867/-95599 i2=-126 t2=29 steerMode=7526/6259 iSteer=57754 driveMode=103125/104639 iDrive=183261 scale=0 wheel=300000 ffS=0
2026-07-07T15:51:35.584+00:00 BENCH step t=1.740s -> steer=7552mdeg wheel=300000milli-rpm
2026-07-07T15:51:35.584+00:00 CAN id=101 dlc=8 data=801d0000e0930400
2026-07-07T15:51:35.604+00:00 BENCH step t=1.760s -> steer=8152mdeg wheel=300000milli-rpm
2026-07-07T15:51:35.604+00:00 CAN id=101 dlc=8 data=d81f0000e0930400
2026-07-07T15:51:35.624+00:00 BENCH step t=1.780s -> steer=8752mdeg wheel=300000milli-rpm
2026-07-07T15:51:35.624+00:00 CAN id=101 dlc=8 data=30220000e0930400
2026-07-07T15:51:35.644+00:00 BENCH step t=1.800s -> steer=9352mdeg wheel=300000milli-rpm
2026-07-07T15:51:35.644+00:00 CAN id=101 dlc=8 data=88240000e0930400
2026-07-07T15:51:35.664+00:00 BENCH step t=1.820s -> steer=9952mdeg wheel=300000milli-rpm
2026-07-07T15:51:35.664+00:00 CAN id=101 dlc=8 data=e0260000e0930400
2026-07-07T15:51:35.684+00:00 BENCH step t=1.840s -> steer=10552mdeg wheel=300000milli-rpm
2026-07-07T15:51:35.684+00:00 CAN id=101 dlc=8 data=38290000e0930400
2026-07-07T15:51:35.704+00:00 BENCH step t=1.860s -> steer=11152mdeg wheel=300000milli-rpm
2026-07-07T15:51:35.704+00:00 CAN id=101 dlc=8 data=902b0000e0930400
2026-07-07T15:51:35.724+00:00 BENCH step t=1.880s -> steer=11752mdeg wheel=300000milli-rpm
2026-07-07T15:51:35.724+00:00 CAN id=101 dlc=8 data=e82d0000e0930400
2026-07-07T15:51:35.744+00:00 BENCH step t=1.900s -> steer=12352mdeg wheel=300000milli-rpm
2026-07-07T15:51:35.744+00:00 CAN id=101 dlc=8 data=40300000e0930400
2026-07-07T15:51:35.751+00:00 VCP run=1 step=0 angle=3691 target=6352 err=2661 steer=5321 m1=2073/110442 i1=230 t1=29 m2=-1821/-95808 i2=-218 t2=29 steerMode=7317/7087 iSteer=5837 driveMode=103125/103241 iDrive=223730 scale=0 wheel=300000 ffS=0
2026-07-07T15:51:35.751+00:00 VCP run=1 step=0 angle=6064 target=9352 err=3288 steer=6575 m1=2105/112166 i1=326 t1=29 m2=-1884/-94084 i2=-40 t2=29 steerMode=9041/6107 iSteer=143139 driveMode=103125/104548 iDrive=183180 scale=0 wheel=300000 ffS=0
2026-07-07T15:51:35.764+00:00 BENCH step t=1.920s -> steer=12952mdeg wheel=300000milli-rpm
2026-07-07T15:51:35.764+00:00 CAN id=101 dlc=8 data=98320000e0930400
2026-07-07T15:51:35.784+00:00 BENCH step t=1.940s -> steer=13552mdeg wheel=300000milli-rpm
2026-07-07T15:51:35.784+00:00 CAN id=101 dlc=8 data=f0340000e0930400
2026-07-07T15:51:35.804+00:00 BENCH step t=1.960s -> steer=14152mdeg wheel=300000milli-rpm
2026-07-07T15:51:35.804+00:00 CAN id=101 dlc=8 data=48370000e0930400
2026-07-07T15:51:35.824+00:00 BENCH step t=1.980s -> steer=14752mdeg wheel=300000milli-rpm
2026-07-07T15:51:35.824+00:00 CAN id=101 dlc=8 data=a0390000e0930400
2026-07-07T15:51:35.844+00:00 BENCH step t=2.000s -> steer=15352mdeg wheel=300000milli-rpm
2026-07-07T15:51:35.844+00:00 CAN id=101 dlc=8 data=f83b0000e0930400
2026-07-07T15:51:35.851+00:00 VCP run=1 step=0 angle=9404 target=12352 err=2948 steer=5895 m1=2111/111231 i1=246 t1=29 m2=-1871/-95019 i2=-99 t2=29 steerMode=8106/6582 iSteer=73484 driveMode=103125/104787 iDrive=172816 scale=0 wheel=300000 ffS=0
2026-07-07T15:51:35.851+00:00 VCP SET_TARGET_RX steer=15352 wheel=300000
2026-07-07T15:51:35.864+00:00 BENCH step t=2.020s -> steer=15952mdeg wheel=300000milli-rpm
2026-07-07T15:51:35.864+00:00 CAN id=101 dlc=8 data=503e0000e0930400
2026-07-07T15:51:35.884+00:00 BENCH step t=2.040s -> steer=16552mdeg wheel=300000milli-rpm
2026-07-07T15:51:35.884+00:00 CAN id=101 dlc=8 data=a8400000e0930400
2026-07-07T15:51:35.904+00:00 BENCH step t=2.060s -> steer=17152mdeg wheel=300000milli-rpm
2026-07-07T15:51:35.904+00:00 CAN id=101 dlc=8 data=00430000e0930400
2026-07-07T15:51:35.924+00:00 BENCH step t=2.080s -> steer=17752mdeg wheel=300000milli-rpm
2026-07-07T15:51:35.924+00:00 CAN id=101 dlc=8 data=58450000e0930400
2026-07-07T15:51:35.944+00:00 BENCH step t=2.100s -> steer=18352mdeg wheel=300000milli-rpm
2026-07-07T15:51:35.944+00:00 CAN id=101 dlc=8 data=b0470000e0930400
2026-07-07T15:51:35.955+00:00 VCP run=1 step=0 angle=12129 target=15352 err=3223 steer=6446 m1=2100/111989 i1=311 t1=29 m2=-1859/-94261 i2=-66 t2=29 steerMode=8864/6424 iSteer=122684 driveMode=103125/104188 iDrive=188361 scale=0 wheel=300000 ffS=0
2026-07-07T15:51:35.964+00:00 BENCH step t=2.120s -> steer=18952mdeg wheel=300000milli-rpm
2026-07-07T15:51:35.964+00:00 CAN id=101 dlc=8 data=084a0000e0930400
2026-07-07T15:51:35.984+00:00 BENCH step t=2.140s -> steer=19552mdeg wheel=300000milli-rpm
2026-07-07T15:51:35.984+00:00 CAN id=101 dlc=8 data=604c0000e0930400
2026-07-07T15:51:36.004+00:00 BENCH step t=2.160s -> steer=20152mdeg wheel=300000milli-rpm
2026-07-07T15:51:36.004+00:00 CAN id=101 dlc=8 data=b84e0000e0930400
2026-07-07T15:51:36.024+00:00 BENCH step t=2.180s -> steer=20752mdeg wheel=300000milli-rpm
2026-07-07T15:51:36.024+00:00 CAN id=101 dlc=8 data=10510000e0930400
2026-07-07T15:51:36.044+00:00 BENCH step t=2.200s -> steer=21352mdeg wheel=300000milli-rpm
2026-07-07T15:51:36.044+00:00 CAN id=101 dlc=8 data=68530000e0930400
2026-07-07T15:51:36.058+00:00 VCP run=1 step=0 angle=15645 target=18352 err=2707 steer=5415 m1=2119/110571 i1=174 t1=29 m2=-1819/-95679 i2=-197 t2=29 steerMode=7446/7706 iSteer=-11668 driveMode=103125/104223 iDrive=185516 scale=0 wheel=300000 ffS=0
2026-07-07T15:51:36.064+00:00 BENCH step t=2.220s -> steer=21952mdeg wheel=300000milli-rpm
2026-07-07T15:51:36.064+00:00 CAN id=101 dlc=8 data=c0550000e0930400
2026-07-07T15:51:36.084+00:00 BENCH step t=2.240s -> steer=22552mdeg wheel=300000milli-rpm
2026-07-07T15:51:36.084+00:00 CAN id=101 dlc=8 data=18580000e0930400
2026-07-07T15:51:36.104+00:00 BENCH step t=2.260s -> steer=23152mdeg wheel=300000milli-rpm
2026-07-07T15:51:36.104+00:00 CAN id=101 dlc=8 data=705a0000e0930400
2026-07-07T15:51:36.124+00:00 BENCH step t=2.280s -> steer=23752mdeg wheel=300000milli-rpm
2026-07-07T15:51:36.124+00:00 CAN id=101 dlc=8 data=c85c0000e0930400
2026-07-07T15:51:36.144+00:00 BENCH step t=2.300s -> steer=24352mdeg wheel=300000milli-rpm
2026-07-07T15:51:36.144+00:00 CAN id=101 dlc=8 data=205f0000e0930400
2026-07-07T15:51:36.162+00:00 VCP run=1 step=0 angle=18457 target=21352 err=2895 steer=5790 m1=2117/111086 i1=254 t1=29 m2=-1857/-95164 i2=-104 t2=29 steerMode=7961/6497 iSteer=74830 driveMode=103125/104371 iDrive=179218 scale=0 wheel=300000 ffS=0
2026-07-07T15:51:36.164+00:00 BENCH step t=2.320s -> steer=24952mdeg wheel=300000milli-rpm
2026-07-07T15:51:36.164+00:00 CAN id=101 dlc=8 data=78610000e0930400
2026-07-07T15:51:36.184+00:00 BENCH step t=2.340s -> steer=25552mdeg wheel=300000milli-rpm
2026-07-07T15:51:36.184+00:00 CAN id=101 dlc=8 data=d0630000e0930400
2026-07-07T15:51:36.204+00:00 BENCH step t=2.360s -> steer=26152mdeg wheel=300000milli-rpm
2026-07-07T15:51:36.204+00:00 CAN id=101 dlc=8 data=28660000e0930400
2026-07-07T15:51:36.224+00:00 BENCH step t=2.380s -> steer=26752mdeg wheel=300000milli-rpm
2026-07-07T15:51:36.224+00:00 CAN id=101 dlc=8 data=80680000e0930400
2026-07-07T15:51:36.244+00:00 BENCH step t=2.400s -> steer=27352mdeg wheel=300000milli-rpm
2026-07-07T15:51:36.244+00:00 CAN id=101 dlc=8 data=d86a0000e0930400
2026-07-07T15:51:36.264+00:00 BENCH step t=2.420s -> steer=27952mdeg wheel=300000milli-rpm
2026-07-07T15:51:36.264+00:00 CAN id=101 dlc=8 data=306d0000e0930400
2026-07-07T15:51:36.265+00:00 VCP run=1 step=0 angle=22148 target=24352 err=2204 steer=4407 m1=2065/109185 i1=181 t1=29 m2=-1859/-97065 i2=-212 t2=29 steerMode=6060/6355 iSteer=-15575 driveMode=103125/103745 iDrive=196332 scale=0 wheel=300000 ffS=0
2026-07-07T15:51:36.284+00:00 BENCH step t=2.440s -> steer=28552mdeg wheel=300000milli-rpm
2026-07-07T15:51:36.284+00:00 CAN id=101 dlc=8 data=886f0000e0930400
2026-07-07T15:51:36.304+00:00 BENCH step t=2.460s -> steer=29152mdeg wheel=300000milli-rpm
2026-07-07T15:51:36.304+00:00 CAN id=101 dlc=8 data=e0710000e0930400
2026-07-07T15:51:36.324+00:00 BENCH step t=2.480s -> steer=29752mdeg wheel=300000milli-rpm
2026-07-07T15:51:36.324+00:00 CAN id=101 dlc=8 data=38740000e0930400
2026-07-07T15:51:36.344+00:00 BENCH step t=2.500s -> steer=30352mdeg wheel=300000milli-rpm
2026-07-07T15:51:36.344+00:00 CAN id=101 dlc=8 data=90760000e0930400
2026-07-07T15:51:36.364+00:00 BENCH step t=2.520s -> steer=30952mdeg wheel=300000milli-rpm
2026-07-07T15:51:36.364+00:00 CAN id=101 dlc=8 data=e8780000e0930400
2026-07-07T15:51:36.365+00:00 VCP run=1 step=0 angle=23730 target=27352 err=3622 steer=7243 m1=2142/113084 i1=343 t1=29 m2=-1875/-93166 i2=10 t2=29 steerMode=9959/6535 iSteer=176443 driveMode=103125/104676 iDrive=166756 scale=0 wheel=300000 ffS=0
2026-07-07T15:51:36.365+00:00 VCP SET_TARGET_RX steer=30352 wheel=300000
2026-07-07T15:51:36.384+00:00 BENCH step t=2.540s -> steer=31552mdeg wheel=300000milli-rpm
2026-07-07T15:51:36.384+00:00 CAN id=101 dlc=8 data=407b0000e0930400
2026-07-07T15:51:36.404+00:00 BENCH step t=2.560s -> steer=32152mdeg wheel=300000milli-rpm
2026-07-07T15:51:36.404+00:00 CAN id=101 dlc=8 data=987d0000e0930400
2026-07-07T15:51:36.424+00:00 BENCH step t=2.580s -> steer=32752mdeg wheel=300000milli-rpm
2026-07-07T15:51:36.424+00:00 CAN id=101 dlc=8 data=f07f0000e0930400
2026-07-07T15:51:36.444+00:00 BENCH step t=2.600s -> steer=33352mdeg wheel=300000milli-rpm
2026-07-07T15:51:36.444+00:00 CAN id=101 dlc=8 data=48820000e0930400
2026-07-07T15:51:36.464+00:00 BENCH step t=2.620s -> steer=33952mdeg wheel=300000milli-rpm
2026-07-07T15:51:36.464+00:00 CAN id=101 dlc=8 data=a0840000e0930400
2026-07-07T15:51:36.484+00:00 BENCH step t=2.640s -> steer=34552mdeg wheel=300000milli-rpm
2026-07-07T15:51:36.484+00:00 CAN id=101 dlc=8 data=f8860000e0930400
2026-07-07T15:51:36.504+00:00 BENCH step t=2.660s -> steer=35152mdeg wheel=300000milli-rpm
2026-07-07T15:51:36.504+00:00 CAN id=101 dlc=8 data=50890000e0930400
2026-07-07T15:51:36.524+00:00 BENCH step t=2.680s -> steer=35752mdeg wheel=300000milli-rpm
2026-07-07T15:51:36.524+00:00 CAN id=101 dlc=8 data=a88b0000e0930400
2026-07-07T15:51:36.544+00:00 BENCH step t=2.700s -> steer=36352mdeg wheel=300000milli-rpm
2026-07-07T15:51:36.544+00:00 CAN id=101 dlc=8 data=008e0000e0930400
2026-07-07T15:51:36.550+00:00 VCP run=1 step=0 angle=27949 target=30352 err=2403 steer=4806 m1=2092/109733 i1=158 t1=29 m2=-1861/-96517 i2=-176 t2=29 steerMode=6608/6856 iSteer=-9352 driveMode=103125/104559 iDrive=166947 scale=0 wheel=300000 ffS=0
2026-07-07T15:51:36.550+00:00 VCP run=1 step=0 angle=30146 target=33352 err=3206 steer=6411 m1=2134/111940 i1=249 t1=29 m2=-1827/-94310 i2=-136 t2=29 steerMode=8815/7798 iSteer=56586 driveMode=103125/103659 iDrive=192411 scale=0 wheel=300000 ffS=0
2026-07-07T15:51:36.564+00:00 BENCH step t=2.720s -> steer=36952mdeg wheel=300000milli-rpm
2026-07-07T15:51:36.564+00:00 CAN id=101 dlc=8 data=58900000e0930400
2026-07-07T15:51:36.584+00:00 BENCH step t=2.740s -> steer=37552mdeg wheel=300000milli-rpm
2026-07-07T15:51:36.584+00:00 CAN id=101 dlc=8 data=b0920000e0930400
2026-07-07T15:51:36.604+00:00 BENCH step t=2.760s -> steer=38152mdeg wheel=300000milli-rpm
2026-07-07T15:51:36.604+00:00 CAN id=101 dlc=8 data=08950000e0930400
2026-07-07T15:51:36.624+00:00 BENCH step t=2.780s -> steer=38752mdeg wheel=300000milli-rpm
2026-07-07T15:51:36.624+00:00 CAN id=101 dlc=8 data=60970000e0930400
2026-07-07T15:51:36.644+00:00 BENCH step t=2.800s -> steer=39352mdeg wheel=300000milli-rpm
2026-07-07T15:51:36.644+00:00 CAN id=101 dlc=8 data=b8990000e0930400
2026-07-07T15:51:36.654+00:00 VCP run=1 step=0 angle=34014 target=36352 err=2338 steer=4677 m1=2077/109555 i1=195 t1=29 m2=-1865/-96695 i2=-187 t2=29 steerMode=6430/6380 iSteer=3964 driveMode=103125/103665 iDrive=190787 scale=0 wheel=300000 ffS=0
2026-07-07T15:51:36.664+00:00 BENCH step t=2.820s -> steer=39952mdeg wheel=300000milli-rpm
2026-07-07T15:51:36.664+00:00 CAN id=101 dlc=8 data=109c0000e0930400
2026-07-07T15:51:36.684+00:00 BENCH step t=2.840s -> steer=40552mdeg wheel=300000milli-rpm
2026-07-07T15:51:36.684+00:00 CAN id=101 dlc=8 data=689e0000e0930400
2026-07-07T15:51:36.704+00:00 BENCH step t=2.860s -> steer=41152mdeg wheel=300000milli-rpm
2026-07-07T15:51:36.704+00:00 CAN id=101 dlc=8 data=c0a00000e0930400
2026-07-07T15:51:36.724+00:00 BENCH step t=2.880s -> steer=41752mdeg wheel=300000milli-rpm
2026-07-07T15:51:36.724+00:00 CAN id=101 dlc=8 data=18a30000e0930400
2026-07-07T15:51:36.744+00:00 BENCH step t=2.900s -> steer=42352mdeg wheel=300000milli-rpm
2026-07-07T15:51:36.744+00:00 CAN id=101 dlc=8 data=70a50000e0930400
2026-07-07T15:51:36.757+00:00 VCP run=1 step=0 angle=36826 target=39352 err=2526 steer=5052 m1=2082/110071 i1=235 t1=29 m2=-1892/-96179 i2=-121 t2=29 steerMode=6946/5855 iSteer=56997 driveMode=103125/104034 iDrive=178358 scale=0 wheel=300000 ffS=0
2026-07-07T15:51:36.764+00:00 BENCH step t=2.920s -> steer=42952mdeg wheel=300000milli-rpm
2026-07-07T15:51:36.764+00:00 CAN id=101 dlc=8 data=c8a70000e0930400
2026-07-07T15:51:36.784+00:00 BENCH step t=2.940s -> steer=43552mdeg wheel=300000milli-rpm
2026-07-07T15:51:36.784+00:00 CAN id=101 dlc=8 data=20aa0000e0930400
2026-07-07T15:51:36.804+00:00 BENCH step t=2.960s -> steer=44152mdeg wheel=300000milli-rpm
2026-07-07T15:51:36.804+00:00 CAN id=101 dlc=8 data=78ac0000e0930400
2026-07-07T15:51:36.824+00:00 BENCH step t=2.980s -> steer=44752mdeg wheel=300000milli-rpm
2026-07-07T15:51:36.824+00:00 CAN id=101 dlc=8 data=d0ae0000e0930400
2026-07-07T15:51:36.844+00:00 BENCH step t=3.000s -> steer=45352mdeg wheel=300000milli-rpm
2026-07-07T15:51:36.844+00:00 CAN id=101 dlc=8 data=28b10000e0930400
2026-07-07T15:51:36.858+00:00 VCP run=1 step=0 angle=39639 target=42352 err=2713 steer=5427 m1=2098/110587 i1=192 t1=29 m2=-1850/-95663 i2=-167 t2=29 steerMode=7462/7287 iSteer=12462 driveMode=103125/103948 iDrive=179266 scale=0 wheel=300000 ffS=0
2026-07-07T15:51:36.858+00:00 VCP SET_TARGET_RX steer=45352 wheel=300000
2026-07-07T15:51:36.864+00:00 BENCH step t=3.020s -> steer=45952mdeg wheel=300000milli-rpm
2026-07-07T15:51:36.864+00:00 CAN id=101 dlc=8 data=80b30000e0930400
2026-07-07T15:51:36.884+00:00 BENCH step t=3.040s -> steer=46552mdeg wheel=300000milli-rpm
2026-07-07T15:51:36.884+00:00 CAN id=101 dlc=8 data=d8b50000e0930400
2026-07-07T15:51:36.904+00:00 BENCH step t=3.060s -> steer=47152mdeg wheel=300000milli-rpm
2026-07-07T15:51:36.904+00:00 CAN id=101 dlc=8 data=30b80000e0930400
2026-07-07T15:51:36.924+00:00 BENCH step t=3.080s -> steer=47752mdeg wheel=300000milli-rpm
2026-07-07T15:51:36.924+00:00 CAN id=101 dlc=8 data=88ba0000e0930400
2026-07-07T15:51:36.944+00:00 BENCH step t=3.100s -> steer=48352mdeg wheel=300000milli-rpm
2026-07-07T15:51:36.944+00:00 CAN id=101 dlc=8 data=e0bc0000e0930400
2026-07-07T15:51:36.961+00:00 VCP run=1 step=0 angle=42012 target=45352 err=3340 steer=6681 m1=2096/112311 i1=331 t1=29 m2=-1840/-93939 i2=-5 t2=29 steerMode=9186/6008 iSteer=163432 driveMode=103125/104274 iDrive=167986 scale=0 wheel=300000 ffS=0
2026-07-07T15:51:36.964+00:00 BENCH step t=3.120s -> steer=48952mdeg wheel=300000milli-rpm
2026-07-07T15:51:36.964+00:00 CAN id=101 dlc=8 data=38bf0000e0930400
2026-07-07T15:51:36.984+00:00 BENCH step t=3.140s -> steer=49552mdeg wheel=300000milli-rpm
2026-07-07T15:51:36.984+00:00 CAN id=101 dlc=8 data=90c10000e0930400
2026-07-07T15:51:37.004+00:00 BENCH step t=3.160s -> steer=50152mdeg wheel=300000milli-rpm
2026-07-07T15:51:37.004+00:00 CAN id=101 dlc=8 data=e8c30000e0930400
2026-07-07T15:51:37.024+00:00 BENCH step t=3.180s -> steer=50752mdeg wheel=300000milli-rpm
2026-07-07T15:51:37.024+00:00 CAN id=101 dlc=8 data=40c60000e0930400
2026-07-07T15:51:37.044+00:00 BENCH step t=3.200s -> steer=51352mdeg wheel=300000milli-rpm
2026-07-07T15:51:37.044+00:00 CAN id=101 dlc=8 data=98c80000e0930400
2026-07-07T15:51:37.064+00:00 BENCH step t=3.220s -> steer=51952mdeg wheel=300000milli-rpm
2026-07-07T15:51:37.064+00:00 CAN id=101 dlc=8 data=f0ca0000e0930400
2026-07-07T15:51:37.065+00:00 VCP run=1 step=0 angle=45879 target=48352 err=2473 steer=4946 m1=2094/109926 i1=146 t1=29 m2=-1896/-96324 i2=-187 t2=29 steerMode=6801/7300 iSteer=-20534 driveMode=103125/104232 iDrive=166788 scale=0 wheel=300000 ffS=0
2026-07-07T15:51:37.084+00:00 BENCH step t=3.240s -> steer=52552mdeg wheel=300000milli-rpm
2026-07-07T15:51:37.084+00:00 CAN id=101 dlc=8 data=48cd0000e0930400
2026-07-07T15:51:37.104+00:00 BENCH step t=3.260s -> steer=53152mdeg wheel=300000milli-rpm
2026-07-07T15:51:37.104+00:00 CAN id=101 dlc=8 data=a0cf0000e0930400
2026-07-07T15:51:37.124+00:00 BENCH step t=3.280s -> steer=53752mdeg wheel=300000milli-rpm
2026-07-07T15:51:37.124+00:00 CAN id=101 dlc=8 data=f8d10000e0930400
2026-07-07T15:51:37.144+00:00 BENCH step t=3.300s -> steer=54352mdeg wheel=300000milli-rpm
2026-07-07T15:51:37.144+00:00 CAN id=101 dlc=8 data=50d40000e0930400
2026-07-07T15:51:37.164+00:00 BENCH step t=3.320s -> steer=54952mdeg wheel=300000milli-rpm
2026-07-07T15:51:37.164+00:00 CAN id=101 dlc=8 data=a8d60000e0930400
2026-07-07T15:51:37.184+00:00 BENCH step t=3.340s -> steer=55552mdeg wheel=300000milli-rpm
2026-07-07T15:51:37.184+00:00 CAN id=101 dlc=8 data=00d90000e0930400
2026-07-07T15:51:37.204+00:00 BENCH step t=3.360s -> steer=56152mdeg wheel=300000milli-rpm
2026-07-07T15:51:37.204+00:00 CAN id=101 dlc=8 data=58db0000e0930400
2026-07-07T15:51:37.224+00:00 BENCH step t=3.380s -> steer=56752mdeg wheel=300000milli-rpm
2026-07-07T15:51:37.224+00:00 CAN id=101 dlc=8 data=b0dd0000e0930400
2026-07-07T15:51:37.244+00:00 BENCH step t=3.400s -> steer=57352mdeg wheel=300000milli-rpm
2026-07-07T15:51:37.244+00:00 CAN id=101 dlc=8 data=08e00000e0930400
2026-07-07T15:51:37.250+00:00 VCP run=1 step=0 angle=48252 target=51352 err=3100 steer=6200 m1=2117/111650 i1=241 t1=29 m2=-1852/-94600 i2=-108 t2=29 steerMode=8525/7321 iSteer=66749 driveMode=103125/103976 iDrive=174456 scale=0 wheel=300000 ffS=0
2026-07-07T15:51:37.250+00:00 VCP run=1 step=0 angle=51768 target=54352 err=2584 steer=5169 m1=2096/110232 i1=200 t1=29 m2=-1832/-96018 i2=-143 t2=29 steerMode=7107/6628 iSteer=28811 driveMode=103125/104075 iDrive=171500 scale=0 wheel=300000 ffS=0
2026-07-07T15:51:37.264+00:00 BENCH step t=3.420s -> steer=57952mdeg wheel=300000milli-rpm
2026-07-07T15:51:37.264+00:00 CAN id=101 dlc=8 data=60e20000e0930400
2026-07-07T15:51:37.284+00:00 BENCH step t=3.440s -> steer=58552mdeg wheel=300000milli-rpm
2026-07-07T15:51:37.284+00:00 CAN id=101 dlc=8 data=b8e40000e0930400
2026-07-07T15:51:37.304+00:00 BENCH step t=3.460s -> steer=59152mdeg wheel=300000milli-rpm
2026-07-07T15:51:37.304+00:00 CAN id=101 dlc=8 data=10e70000e0930400
2026-07-07T15:51:37.324+00:00 BENCH step t=3.480s -> steer=59752mdeg wheel=300000milli-rpm
2026-07-07T15:51:37.324+00:00 CAN id=101 dlc=8 data=68e90000e0930400
2026-07-07T15:51:37.344+00:00 BENCH step t=3.500s -> steer=60352mdeg wheel=300000milli-rpm
2026-07-07T15:51:37.344+00:00 CAN id=101 dlc=8 data=c0eb0000e0930400
2026-07-07T15:51:37.350+00:00 VCP run=1 step=0 angle=54141 target=57352 err=3211 steer=6423 m1=2124/111956 i1=279 t1=29 m2=-1842/-94294 i2=-68 t2=29 steerMode=8831/6844 iSteer=105825 driveMode=103125/104008 iDrive=173525 scale=0 wheel=300000 ffS=0
2026-07-07T15:51:37.350+00:00 VCP SET_TARGET_RX steer=60352 wheel=300000
2026-07-07T15:51:37.364+00:00 BENCH step t=3.520s -> steer=60952mdeg wheel=300000milli-rpm
2026-07-07T15:51:37.364+00:00 CAN id=101 dlc=8 data=18ee0000e0930400
2026-07-07T15:51:37.384+00:00 BENCH step t=3.540s -> steer=61552mdeg wheel=300000milli-rpm
2026-07-07T15:51:37.384+00:00 CAN id=101 dlc=8 data=70f00000e0930400
2026-07-07T15:51:37.404+00:00 BENCH step t=3.560s -> steer=62152mdeg wheel=300000milli-rpm
2026-07-07T15:51:37.404+00:00 CAN id=101 dlc=8 data=c8f20000e0930400
2026-07-07T15:51:37.424+00:00 BENCH step t=3.580s -> steer=62752mdeg wheel=300000milli-rpm
2026-07-07T15:51:37.424+00:00 CAN id=101 dlc=8 data=20f50000e0930400
2026-07-07T15:51:37.444+00:00 BENCH step t=3.600s -> steer=63352mdeg wheel=300000milli-rpm
2026-07-07T15:51:37.444+00:00 CAN id=101 dlc=8 data=78f70000e0930400
2026-07-07T15:51:37.453+00:00 VCP run=1 step=0 angle=58008 target=60352 err=2344 steer=4688 m1=2048/109572 i1=215 t1=29 m2=-1859/-96678 i2=-183 t2=29 steerMode=6447/6177 iSteer=16213 driveMode=103125/103150 iDrive=199244 scale=0 wheel=300000 ffS=0
2026-07-07T15:51:37.464+00:00 BENCH step t=3.620s -> steer=63952mdeg wheel=300000milli-rpm
2026-07-07T15:51:37.464+00:00 CAN id=101 dlc=8 data=d0f90000e0930400
2026-07-07T15:51:37.484+00:00 BENCH step t=3.640s -> steer=64552mdeg wheel=300000milli-rpm
2026-07-07T15:51:37.484+00:00 CAN id=101 dlc=8 data=28fc0000e0930400
2026-07-07T15:51:37.504+00:00 BENCH step t=3.660s -> steer=65152mdeg wheel=300000milli-rpm
2026-07-07T15:51:37.504+00:00 CAN id=101 dlc=8 data=80fe0000e0930400
2026-07-07T15:51:37.524+00:00 BENCH step t=3.680s -> steer=65752mdeg wheel=300000milli-rpm
2026-07-07T15:51:37.524+00:00 CAN id=101 dlc=8 data=d8000100e0930400
2026-07-07T15:51:37.544+00:00 BENCH step t=3.700s -> steer=66352mdeg wheel=300000milli-rpm
2026-07-07T15:51:37.544+00:00 CAN id=101 dlc=8 data=30030100e0930400
2026-07-07T15:51:37.557+00:00 VCP run=1 step=0 angle=60205 target=63352 err=3147 steer=6294 m1=2159/111779 i1=213 t1=29 m2=-1857/-94471 i2=-99 t2=29 steerMode=8654/7696 iSteer=57141 driveMode=103125/104600 iDrive=155741 scale=0 wheel=300000 ffS=0
2026-07-07T15:51:37.564+00:00 BENCH step t=3.720s -> steer=66952mdeg wheel=300000milli-rpm
2026-07-07T15:51:37.564+00:00 CAN id=101 dlc=8 data=88050100e0930400
2026-07-07T15:51:37.584+00:00 BENCH step t=3.740s -> steer=67552mdeg wheel=300000milli-rpm
2026-07-07T15:51:37.584+00:00 CAN id=101 dlc=8 data=e0070100e0930400
2026-07-07T15:51:37.604+00:00 BENCH step t=3.760s -> steer=68152mdeg wheel=300000milli-rpm
2026-07-07T15:51:37.604+00:00 CAN id=101 dlc=8 data=380a0100e0930400
2026-07-07T15:51:37.624+00:00 BENCH step t=3.780s -> steer=68752mdeg wheel=300000milli-rpm
2026-07-07T15:51:37.624+00:00 CAN id=101 dlc=8 data=900c0100e0930400
2026-07-07T15:51:37.644+00:00 BENCH step t=3.800s -> steer=69352mdeg wheel=300000milli-rpm
2026-07-07T15:51:37.644+00:00 CAN id=101 dlc=8 data=e80e0100e0930400
2026-07-07T15:51:37.660+00:00 VCP run=1 step=0 angle=64336 target=66352 err=2016 steer=4032 m1=2063/108669 i1=163 t1=29 m2=-1909/-97581 i2=-159 t2=29 steerMode=5544/5604 iSteer=1864 driveMode=103125/104419 iDrive=161187 scale=0 wheel=300000 ffS=0
2026-07-07T15:51:37.664+00:00 BENCH step t=3.820s -> steer=69952mdeg wheel=300000milli-rpm
2026-07-07T15:51:37.664+00:00 CAN id=101 dlc=8 data=40110100e0930400
2026-07-07T15:51:37.684+00:00 BENCH step t=3.840s -> steer=70552mdeg wheel=300000milli-rpm
2026-07-07T15:51:37.684+00:00 CAN id=101 dlc=8 data=98130100e0930400
2026-07-07T15:51:37.704+00:00 BENCH step t=3.860s -> steer=71152mdeg wheel=300000milli-rpm
2026-07-07T15:51:37.704+00:00 CAN id=101 dlc=8 data=f0150100e0930400
2026-07-07T15:51:37.724+00:00 BENCH step t=3.880s -> steer=71752mdeg wheel=300000milli-rpm
2026-07-07T15:51:37.724+00:00 CAN id=101 dlc=8 data=48180100e0930400
2026-07-07T15:51:37.744+00:00 BENCH step t=3.900s -> steer=72352mdeg wheel=300000milli-rpm
2026-07-07T15:51:37.744+00:00 CAN id=101 dlc=8 data=a01a0100e0930400
2026-07-07T15:51:37.764+00:00 BENCH step t=3.920s -> steer=72952mdeg wheel=300000milli-rpm
2026-07-07T15:51:37.764+00:00 CAN id=101 dlc=8 data=f81c0100e0930400
2026-07-07T15:51:37.764+00:00 VCP run=1 step=0 angle=66357 target=69352 err=2995 steer=5989 m1=2128/111360 i1=203 t1=29 m2=-1838/-94890 i2=-162 t2=29 steerMode=8235/7995 iSteer=20064 driveMode=103125/103708 iDrive=182514 scale=0 wheel=300000 ffS=0
2026-07-07T15:51:37.784+00:00 BENCH step t=3.940s -> steer=73552mdeg wheel=300000milli-rpm
2026-07-07T15:51:37.784+00:00 CAN id=101 dlc=8 data=501f0100e0930400
2026-07-07T15:51:37.804+00:00 BENCH step t=3.960s -> steer=74152mdeg wheel=300000milli-rpm
2026-07-07T15:51:37.804+00:00 CAN id=101 dlc=8 data=a8210100e0930400
2026-07-07T15:51:37.824+00:00 BENCH step t=3.980s -> steer=74752mdeg wheel=300000milli-rpm
2026-07-07T15:51:37.824+00:00 CAN id=101 dlc=8 data=00240100e0930400
2026-07-07T15:51:37.844+00:00 BENCH step t=4.000s -> steer=75352mdeg wheel=300000milli-rpm
2026-07-07T15:51:37.844+00:00 CAN id=101 dlc=8 data=58260100e0930400
2026-07-07T15:51:37.864+00:00 BENCH step t=4.020s -> steer=75952mdeg wheel=300000milli-rpm
2026-07-07T15:51:37.864+00:00 CAN id=101 dlc=8 data=b0280100e0930400
2026-07-07T15:51:37.864+00:00 VCP run=1 step=0 angle=69961 target=72352 err=2391 steer=4782 m1=2077/109700 i1=183 t1=29 m2=-1827/-96550 i2=-172 t2=29 steerMode=6575/6572 iSteer=5527 driveMode=103125/103872 iDrive=177578 scale=0 wheel=300000 ffS=0
2026-07-07T15:51:37.864+00:00 VCP SET_TARGET_RX steer=75352 wheel=300000
2026-07-07T15:51:37.884+00:00 BENCH step t=4.040s -> steer=76552mdeg wheel=300000milli-rpm
2026-07-07T15:51:37.884+00:00 CAN id=101 dlc=8 data=082b0100e0930400
2026-07-07T15:51:37.904+00:00 BENCH step t=4.060s -> steer=77152mdeg wheel=300000milli-rpm
2026-07-07T15:51:37.904+00:00 CAN id=101 dlc=8 data=602d0100e0930400
2026-07-07T15:51:37.924+00:00 BENCH step t=4.080s -> steer=77752mdeg wheel=300000milli-rpm
2026-07-07T15:51:37.924+00:00 CAN id=101 dlc=8 data=b82f0100e0930400
2026-07-07T15:51:37.944+00:00 BENCH step t=4.100s -> steer=78352mdeg wheel=300000milli-rpm
2026-07-07T15:51:37.944+00:00 CAN id=101 dlc=8 data=10320100e0930400
2026-07-07T15:51:37.964+00:00 BENCH step t=4.120s -> steer=78952mdeg wheel=300000milli-rpm
2026-07-07T15:51:37.964+00:00 CAN id=101 dlc=8 data=68340100e0930400
2026-07-07T15:51:37.984+00:00 BENCH step t=4.140s -> steer=79552mdeg wheel=300000milli-rpm
2026-07-07T15:51:37.984+00:00 CAN id=101 dlc=8 data=c0360100e0930400
2026-07-07T15:51:38.004+00:00 BENCH step t=4.160s -> steer=80152mdeg wheel=300000milli-rpm
2026-07-07T15:51:38.004+00:00 CAN id=101 dlc=8 data=18390100e0930400
2026-07-07T15:51:38.024+00:00 BENCH step t=4.180s -> steer=80752mdeg wheel=300000milli-rpm
2026-07-07T15:51:38.024+00:00 CAN id=101 dlc=8 data=703b0100e0930400
2026-07-07T15:51:38.044+00:00 BENCH step t=4.200s -> steer=81351mdeg wheel=300000milli-rpm
2026-07-07T15:51:38.044+00:00 CAN id=101 dlc=8 data=c73d0100e0930400
2026-07-07T15:51:38.049+00:00 VCP run=1 step=0 angle=72158 target=75352 err=3194 steer=6388 m1=2107/111908 i1=317 t1=29 m2=-1846/-94342 i2=-26 t2=29 steerMode=8783/6018 iSteer=145452 driveMode=103125/104074 iDrive=171520 scale=0 wheel=300000 ffS=0
2026-07-07T15:51:38.049+00:00 VCP run=1 step=0 angle=76025 target=78352 err=2327 steer=4653 m1=2090/109523 i1=126 t1=29 m2=-1848/-96727 i2=-247 t2=29 steerMode=6398/7730 iSteer=-60658 driveMode=103125/103585 iDrive=186189 scale=0 wheel=300000 ffS=0
2026-07-07T15:51:38.064+00:00 BENCH step t=4.220s -> steer=81951mdeg wheel=300000milli-rpm
2026-07-07T15:51:38.064+00:00 CAN id=101 dlc=8 data=1f400100e0930400
2026-07-07T15:51:38.084+00:00 BENCH step t=4.240s -> steer=82551mdeg wheel=300000milli-rpm
2026-07-07T15:51:38.084+00:00 CAN id=101 dlc=8 data=77420100e0930400
2026-07-07T15:51:38.104+00:00 BENCH step t=4.260s -> steer=83151mdeg wheel=300000milli-rpm
2026-07-07T15:51:38.104+00:00 CAN id=101 dlc=8 data=cf440100e0930400
2026-07-07T15:51:38.124+00:00 BENCH step t=4.280s -> steer=83751mdeg wheel=300000milli-rpm
2026-07-07T15:51:38.124+00:00 CAN id=101 dlc=8 data=27470100e0930400
2026-07-07T15:51:38.144+00:00 BENCH step t=4.300s -> steer=84351mdeg wheel=300000milli-rpm
2026-07-07T15:51:38.144+00:00 CAN id=101 dlc=8 data=7f490100e0930400
2026-07-07T15:51:38.153+00:00 VCP run=1 step=0 angle=78223 target=81351 err=3128 steer=6257 m1=2124/111728 i1=273 t1=29 m2=-1832/-94522 i2=-66 t2=29 steerMode=8603/6685 iSteer=103557 driveMode=103125/104154 iDrive=169135 scale=0 wheel=300000 ffS=0
2026-07-07T15:51:38.164+00:00 BENCH step t=4.320s -> steer=84951mdeg wheel=300000milli-rpm
2026-07-07T15:51:38.164+00:00 CAN id=101 dlc=8 data=d74b0100e0930400
2026-07-07T15:51:38.184+00:00 BENCH step t=4.340s -> steer=85551mdeg wheel=300000milli-rpm
2026-07-07T15:51:38.184+00:00 CAN id=101 dlc=8 data=2f4e0100e0930400
2026-07-07T15:51:38.204+00:00 BENCH step t=4.360s -> steer=86151mdeg wheel=300000milli-rpm
2026-07-07T15:51:38.204+00:00 CAN id=101 dlc=8 data=87500100e0930400
2026-07-07T15:51:38.224+00:00 BENCH step t=4.380s -> steer=86751mdeg wheel=300000milli-rpm
2026-07-07T15:51:38.224+00:00 CAN id=101 dlc=8 data=df520100e0930400
2026-07-07T15:51:38.244+00:00 BENCH step t=4.400s -> steer=87351mdeg wheel=300000milli-rpm
2026-07-07T15:51:38.244+00:00 CAN id=101 dlc=8 data=37550100e0930400
2026-07-07T15:51:38.256+00:00 VCP run=1 step=0 angle=81914 target=84351 err=2437 steer=4874 m1=2096/109827 i1=162 t1=29 m2=-1855/-96423 i2=-177 t2=29 steerMode=6702/6965 iSteer=-7765 driveMode=103125/104145 iDrive=169389 scale=0 wheel=300000 ffS=0
2026-07-07T15:51:38.264+00:00 BENCH step t=4.420s -> steer=87951mdeg wheel=300000milli-rpm
2026-07-07T15:51:38.264+00:00 CAN id=101 dlc=8 data=8f570100e0930400
2026-07-07T15:51:38.284+00:00 BENCH step t=4.440s -> steer=88551mdeg wheel=300000milli-rpm
2026-07-07T15:51:38.284+00:00 CAN id=101 dlc=8 data=e7590100e0930400
2026-07-07T15:51:38.304+00:00 BENCH step t=4.460s -> steer=89151mdeg wheel=300000milli-rpm
2026-07-07T15:51:38.304+00:00 CAN id=101 dlc=8 data=3f5c0100e0930400
2026-07-07T15:51:38.324+00:00 BENCH step t=4.480s -> steer=89751mdeg wheel=300000milli-rpm
2026-07-07T15:51:38.324+00:00 CAN id=101 dlc=8 data=975e0100e0930400
2026-07-07T15:51:38.344+00:00 BENCH step t=4.500s -> steer=90351mdeg wheel=300000milli-rpm
2026-07-07T15:51:38.344+00:00 CAN id=101 dlc=8 data=ef600100e0930400
2026-07-07T15:51:38.356+00:00 VCP run=1 step=0 angle=84287 target=87351 err=3064 steer=6128 m1=2126/111551 i1=228 t1=29 m2=-1834/-94699 i2=-103 t2=29 steerMode=8426/7312 iSteer=62855 driveMode=103125/104279 iDrive=165375 scale=0 wheel=300000 ffS=0
2026-07-07T15:51:38.356+00:00 VCP SET_TARGET_RX steer=90351 wheel=300000
2026-07-07T15:51:38.364+00:00 BENCH step t=4.520s -> steer=90951mdeg wheel=300000milli-rpm
2026-07-07T15:51:38.364+00:00 CAN id=101 dlc=8 data=47630100e0930400
2026-07-07T15:51:38.384+00:00 BENCH step t=4.540s -> steer=91551mdeg wheel=300000milli-rpm
2026-07-07T15:51:38.384+00:00 CAN id=101 dlc=8 data=9f650100e0930400
2026-07-07T15:51:38.404+00:00 BENCH step t=4.560s -> steer=92151mdeg wheel=300000milli-rpm
2026-07-07T15:51:38.404+00:00 CAN id=101 dlc=8 data=f7670100e0930400
2026-07-07T15:51:38.424+00:00 BENCH step t=4.580s -> steer=92751mdeg wheel=300000milli-rpm
2026-07-07T15:51:38.424+00:00 CAN id=101 dlc=8 data=4f6a0100e0930400
2026-07-07T15:51:38.444+00:00 BENCH step t=4.600s -> steer=93351mdeg wheel=300000milli-rpm
2026-07-07T15:51:38.444+00:00 CAN id=101 dlc=8 data=a76c0100e0930400
2026-07-07T15:51:38.460+00:00 VCP run=1 step=0 angle=88330 target=90351 err=2021 steer=4042 m1=2080/108683 i1=143 t1=29 m2=-1886/-97567 i2=-240 t2=29 steerMode=5558/6588 iSteer=-48292 driveMode=103125/103411 iDrive=191406 scale=0 wheel=300000 ffS=0
2026-07-07T15:51:38.464+00:00 BENCH step t=4.620s -> steer=93951mdeg wheel=300000milli-rpm
2026-07-07T15:51:38.464+00:00 CAN id=101 dlc=8 data=ff6e0100e0930400
2026-07-07T15:51:38.484+00:00 BENCH step t=4.640s -> steer=94551mdeg wheel=300000milli-rpm
2026-07-07T15:51:38.484+00:00 CAN id=101 dlc=8 data=57710100e0930400
2026-07-07T15:51:38.504+00:00 BENCH step t=4.660s -> steer=95151mdeg wheel=300000milli-rpm
2026-07-07T15:51:38.504+00:00 CAN id=101 dlc=8 data=af730100e0930400
2026-07-07T15:51:38.524+00:00 BENCH step t=4.680s -> steer=95751mdeg wheel=300000milli-rpm
2026-07-07T15:51:38.524+00:00 CAN id=101 dlc=8 data=07760100e0930400
2026-07-07T15:51:38.544+00:00 BENCH step t=4.700s -> steer=96351mdeg wheel=300000milli-rpm
2026-07-07T15:51:38.544+00:00 CAN id=101 dlc=8 data=5f780100e0930400
2026-07-07T15:51:38.563+00:00 VCP run=1 step=0 angle=90352 target=93351 err=2999 steer=5999 m1=2115/111373 i1=259 t1=29 m2=-1829/-94877 i2=-104 t2=29 steerMode=8248/6828 iSteer=77595 driveMode=103125/103729 iDrive=181879 scale=0 wheel=300000 ffS=0
2026-07-07T15:51:38.564+00:00 BENCH step t=4.720s -> steer=96951mdeg wheel=300000milli-rpm
2026-07-07T15:51:38.564+00:00 CAN id=101 dlc=8 data=b77a0100e0930400
2026-07-07T15:51:38.584+00:00 BENCH step t=4.740s -> steer=97551mdeg wheel=300000milli-rpm
2026-07-07T15:51:38.584+00:00 CAN id=101 dlc=8 data=0f7d0100e0930400
2026-07-07T15:51:38.604+00:00 BENCH step t=4.760s -> steer=98151mdeg wheel=300000milli-rpm
2026-07-07T15:51:38.604+00:00 CAN id=101 dlc=8 data=677f0100e0930400
2026-07-07T15:51:38.624+00:00 BENCH step t=4.780s -> steer=98751mdeg wheel=300000milli-rpm
2026-07-07T15:51:38.624+00:00 CAN id=101 dlc=8 data=bf810100e0930400
2026-07-07T15:51:38.644+00:00 BENCH step t=4.800s -> steer=99351mdeg wheel=300000milli-rpm
2026-07-07T15:51:38.644+00:00 CAN id=101 dlc=8 data=17840100e0930400
2026-07-07T15:51:38.664+00:00 BENCH step t=4.820s -> steer=99951mdeg wheel=300000milli-rpm
2026-07-07T15:51:38.664+00:00 CAN id=101 dlc=8 data=6f860100e0930400
2026-07-07T15:51:38.684+00:00 BENCH step t=4.840s -> steer=100551mdeg wheel=300000milli-rpm
2026-07-07T15:51:38.684+00:00 CAN id=101 dlc=8 data=c7880100e0930400
2026-07-07T15:51:38.704+00:00 BENCH step t=4.860s -> steer=101151mdeg wheel=300000milli-rpm
2026-07-07T15:51:38.704+00:00 CAN id=101 dlc=8 data=1f8b0100e0930400
2026-07-07T15:51:38.724+00:00 BENCH step t=4.880s -> steer=101751mdeg wheel=300000milli-rpm
2026-07-07T15:51:38.724+00:00 CAN id=101 dlc=8 data=778d0100e0930400
2026-07-07T15:51:38.744+00:00 BENCH step t=4.900s -> steer=102351mdeg wheel=300000milli-rpm
2026-07-07T15:51:38.744+00:00 CAN id=101 dlc=8 data=cf8f0100e0930400
2026-07-07T15:51:38.748+00:00 VCP run=1 step=0 angle=93867 target=96351 err=2484 steer=4968 m1=2069/109956 i1=205 t1=29 m2=-1834/-96295 i2=-207 t2=29 steerMode=6830/6888 iSteer=-998 driveMode=103125/102932 iDrive=205804 scale=0 wheel=300000 ffS=0
2026-07-07T15:51:38.748+00:00 VCP run=1 step=0 angle=96240 target=99351 err=3111 steer=6222 m1=2117/111680 i1=255 t1=29 m2=-1840/-94570 i2=-139 t2=29 steerMode=8555/7439 iSteer=58246 driveMode=103125/103249 iDrive=196837 scale=0 wheel=300000 ffS=0
2026-07-07T15:51:38.764+00:00 BENCH step t=4.920s -> steer=102951mdeg wheel=300000milli-rpm
2026-07-07T15:51:38.764+00:00 CAN id=101 dlc=8 data=27920100e0930400
2026-07-07T15:51:38.784+00:00 BENCH step t=4.940s -> steer=103551mdeg wheel=300000milli-rpm
2026-07-07T15:51:38.784+00:00 CAN id=101 dlc=8 data=7f940100e0930400
2026-07-07T15:51:38.804+00:00 BENCH step t=4.960s -> steer=104151mdeg wheel=300000milli-rpm
2026-07-07T15:51:38.804+00:00 CAN id=101 dlc=8 data=d7960100e0930400
2026-07-07T15:51:38.824+00:00 BENCH step t=4.980s -> steer=104751mdeg wheel=300000milli-rpm
2026-07-07T15:51:38.824+00:00 CAN id=101 dlc=8 data=2f990100e0930400
2026-07-07T15:51:38.844+00:00 BENCH step t=5.000s -> steer=105351mdeg wheel=300000milli-rpm
2026-07-07T15:51:38.844+00:00 CAN id=101 dlc=8 data=879b0100e0930400
2026-07-07T15:51:38.848+00:00 VCP run=1 step=0 angle=99932 target=102351 err=2419 steer=4839 m1=2080/109778 i1=171 t1=29 m2=-1905/-96472 i2=-172 t2=29 steerMode=6653/6654 iSteer=-396 driveMode=103125/104067 iDrive=171737 scale=0 wheel=300000 ffS=0
2026-07-07T15:51:38.848+00:00 VCP SET_TARGET_RX steer=105351 wheel=300000
2026-07-07T15:51:38.864+00:00 BENCH step t=5.020s -> steer=105951mdeg wheel=300000milli-rpm
2026-07-07T15:51:38.864+00:00 CAN id=101 dlc=8 data=df9d0100e0930400
2026-07-07T15:51:38.884+00:00 BENCH step t=5.040s -> steer=106551mdeg wheel=300000milli-rpm
2026-07-07T15:51:38.884+00:00 CAN id=101 dlc=8 data=37a00100e0930400
2026-07-07T15:51:38.904+00:00 BENCH step t=5.060s -> steer=107151mdeg wheel=300000milli-rpm
2026-07-07T15:51:38.904+00:00 CAN id=101 dlc=8 data=8fa20100e0930400
2026-07-07T15:51:38.924+00:00 BENCH step t=5.080s -> steer=107751mdeg wheel=300000milli-rpm
2026-07-07T15:51:38.924+00:00 CAN id=101 dlc=8 data=e7a40100e0930400
2026-07-07T15:51:38.944+00:00 BENCH step t=5.100s -> steer=108351mdeg wheel=300000milli-rpm
2026-07-07T15:51:38.944+00:00 CAN id=101 dlc=8 data=3fa70100e0930400
2026-07-07T15:51:38.952+00:00 VCP run=1 step=0 angle=102041 target=105351 err=3310 steer=6620 m1=2113/112227 i1=310 t1=29 m2=-1767/-94023 i2=-100 t2=29 steerMode=9102/7078 iSteer=105189 driveMode=103125/102970 iDrive=204843 scale=0 wheel=300000 ffS=0
2026-07-07T15:51:38.964+00:00 BENCH step t=5.120s -> steer=108951mdeg wheel=300000milli-rpm
2026-07-07T15:51:38.964+00:00 CAN id=101 dlc=8 data=97a90100e0930400
2026-07-07T15:51:38.984+00:00 BENCH step t=5.140s -> steer=109551mdeg wheel=300000milli-rpm
2026-07-07T15:51:38.984+00:00 CAN id=101 dlc=8 data=efab0100e0930400
2026-07-07T15:51:39.004+00:00 BENCH step t=5.160s -> steer=110151mdeg wheel=300000milli-rpm
2026-07-07T15:51:39.004+00:00 CAN id=101 dlc=8 data=47ae0100e0930400
2026-07-07T15:51:39.024+00:00 BENCH step t=5.180s -> steer=110751mdeg wheel=300000milli-rpm
2026-07-07T15:51:39.024+00:00 CAN id=101 dlc=8 data=9fb00100e0930400
2026-07-07T15:51:39.044+00:00 BENCH step t=5.200s -> steer=111351mdeg wheel=300000milli-rpm
2026-07-07T15:51:39.044+00:00 CAN id=101 dlc=8 data=f7b20100e0930400
2026-07-07T15:51:39.055+00:00 VCP run=1 step=0 angle=105469 target=108351 err=2882 steer=5765 m1=2061/111051 i1=302 t1=29 m2=-1825/-95199 i2=-197 t2=29 steerMode=7926/6927 iSteer=52375 driveMode=103125/101591 iDrive=249190 scale=0 wheel=300000 ffS=0
2026-07-07T15:51:39.064+00:00 BENCH step t=5.220s -> steer=111951mdeg wheel=300000milli-rpm
2026-07-07T15:51:39.064+00:00 CAN id=101 dlc=8 data=4fb50100e0930400
2026-07-07T15:51:39.084+00:00 BENCH step t=5.240s -> steer=112551mdeg wheel=300000milli-rpm
2026-07-07T15:51:39.084+00:00 CAN id=101 dlc=8 data=a7b70100e0930400
2026-07-07T15:51:39.104+00:00 BENCH step t=5.260s -> steer=113151mdeg wheel=300000milli-rpm
2026-07-07T15:51:39.104+00:00 CAN id=101 dlc=8 data=ffb90100e0930400
2026-07-07T15:51:39.124+00:00 BENCH step t=5.280s -> steer=113751mdeg wheel=300000milli-rpm
2026-07-07T15:51:39.124+00:00 CAN id=101 dlc=8 data=57bc0100e0930400
2026-07-07T15:51:39.144+00:00 BENCH step t=5.300s -> steer=114351mdeg wheel=300000milli-rpm
2026-07-07T15:51:39.144+00:00 CAN id=101 dlc=8 data=afbe0100e0930400
2026-07-07T15:51:39.158+00:00 VCP run=1 step=0 angle=108281 target=111351 err=3070 steer=6140 m1=2119/111567 i1=252 t1=29 m2=-1792/-94683 i2=-132 t2=29 steerMode=8442/7296 iSteer=60065 driveMode=103125/103535 iDrive=192266 scale=0 wheel=300000 ffS=0
2026-07-07T15:51:39.164+00:00 BENCH step t=5.320s -> steer=114951mdeg wheel=300000milli-rpm
2026-07-07T15:51:39.164+00:00 CAN id=101 dlc=8 data=07c10100e0930400
2026-07-07T15:51:39.184+00:00 BENCH step t=5.340s -> steer=115551mdeg wheel=300000milli-rpm
2026-07-07T15:51:39.184+00:00 CAN id=101 dlc=8 data=5fc30100e0930400
2026-07-07T15:51:39.204+00:00 BENCH step t=5.360s -> steer=116151mdeg wheel=300000milli-rpm
2026-07-07T15:51:39.204+00:00 CAN id=101 dlc=8 data=b7c50100e0930400
2026-07-07T15:51:39.224+00:00 BENCH step t=5.380s -> steer=116751mdeg wheel=300000milli-rpm
2026-07-07T15:51:39.224+00:00 CAN id=101 dlc=8 data=0fc80100e0930400
2026-07-07T15:51:39.244+00:00 BENCH step t=5.400s -> steer=117351mdeg wheel=300000milli-rpm
2026-07-07T15:51:39.244+00:00 CAN id=101 dlc=8 data=67ca0100e0930400
2026-07-07T15:51:39.261+00:00 VCP run=1 step=0 angle=112236 target=114351 err=2115 steer=4229 m1=2067/108940 i1=177 t1=29 m2=-1890/-97310 i2=-231 t2=29 steerMode=5815/6332 iSteer=-27120 driveMode=103125/103142 iDrive=203864 scale=0 wheel=300000 ffS=0
2026-07-07T15:51:39.264+00:00 BENCH step t=5.420s -> steer=117951mdeg wheel=300000milli-rpm
2026-07-07T15:51:39.264+00:00 CAN id=101 dlc=8 data=bfcc0100e0930400
2026-07-07T15:51:39.284+00:00 BENCH step t=5.440s -> steer=118551mdeg wheel=300000milli-rpm
2026-07-07T15:51:39.284+00:00 CAN id=101 dlc=8 data=17cf0100e0930400
2026-07-07T15:51:39.304+00:00 BENCH step t=5.460s -> steer=119151mdeg wheel=300000milli-rpm
2026-07-07T15:51:39.304+00:00 CAN id=101 dlc=8 data=6fd10100e0930400
2026-07-07T15:51:39.324+00:00 BENCH step t=5.480s -> steer=119751mdeg wheel=300000milli-rpm
2026-07-07T15:51:39.324+00:00 CAN id=101 dlc=8 data=c7d30100e0930400
2026-07-07T15:51:39.344+00:00 BENCH step t=5.500s -> steer=120351mdeg wheel=300000milli-rpm
2026-07-07T15:51:39.344+00:00 CAN id=101 dlc=8 data=1fd60100e0930400
2026-07-07T15:51:39.361+00:00 VCP run=1 step=0 angle=114258 target=117351 err=3093 steer=6186 m1=2136/111631 i1=244 t1=29 m2=-1813/-94619 i2=-131 t2=29 steerMode=8506/7393 iSteer=56411 driveMode=103125/103679 iDrive=187744 scale=0 wheel=300000 ffS=0
2026-07-07T15:51:39.361+00:00 VCP SET_TARGET_RX steer=120351 wheel=300000
2026-07-07T15:51:39.364+00:00 BENCH step t=5.520s -> steer=120951mdeg wheel=300000milli-rpm
2026-07-07T15:51:39.364+00:00 CAN id=101 dlc=8 data=77d80100e0930400
2026-07-07T15:51:39.384+00:00 BENCH step t=5.540s -> steer=121551mdeg wheel=300000milli-rpm
2026-07-07T15:51:39.384+00:00 CAN id=101 dlc=8 data=cfda0100e0930400
2026-07-07T15:51:39.404+00:00 BENCH step t=5.560s -> steer=122151mdeg wheel=300000milli-rpm
2026-07-07T15:51:39.404+00:00 CAN id=101 dlc=8 data=27dd0100e0930400
2026-07-07T15:51:39.424+00:00 BENCH step t=5.580s -> steer=122751mdeg wheel=300000milli-rpm
2026-07-07T15:51:39.424+00:00 CAN id=101 dlc=8 data=7fdf0100e0930400
2026-07-07T15:51:39.444+00:00 BENCH step t=5.600s -> steer=123351mdeg wheel=300000milli-rpm
2026-07-07T15:51:39.444+00:00 CAN id=101 dlc=8 data=d7e10100e0930400
2026-07-07T15:51:39.464+00:00 BENCH step t=5.620s -> steer=123951mdeg wheel=300000milli-rpm
2026-07-07T15:51:39.464+00:00 CAN id=101 dlc=8 data=2fe40100e0930400
2026-07-07T15:51:39.465+00:00 VCP run=1 step=0 angle=117861 target=120351 err=2490 steer=4979 m1=2105/109972 i1=178 t1=29 m2=-1882/-96278 i2=-170 t2=29 steerMode=6847/6727 iSteer=4062 driveMode=103125/104092 iDrive=174040 scale=0 wheel=300000 ffS=0
2026-07-07T15:51:39.484+00:00 BENCH step t=5.640s -> steer=124551mdeg wheel=300000milli-rpm
2026-07-07T15:51:39.484+00:00 CAN id=101 dlc=8 data=87e60100e0930400
2026-07-07T15:51:39.504+00:00 BENCH step t=5.660s -> steer=125151mdeg wheel=300000milli-rpm
2026-07-07T15:51:39.504+00:00 CAN id=101 dlc=8 data=dfe80100e0930400
2026-07-07T15:51:39.524+00:00 BENCH step t=5.680s -> steer=125751mdeg wheel=300000milli-rpm
2026-07-07T15:51:39.524+00:00 CAN id=101 dlc=8 data=37eb0100e0930400
2026-07-07T15:51:39.544+00:00 BENCH step t=5.700s -> steer=126351mdeg wheel=300000milli-rpm
2026-07-07T15:51:39.544+00:00 CAN id=101 dlc=8 data=8fed0100e0930400
2026-07-07T15:51:39.564+00:00 BENCH step t=5.720s -> steer=126951mdeg wheel=300000milli-rpm
2026-07-07T15:51:39.564+00:00 CAN id=101 dlc=8 data=e7ef0100e0930400
2026-07-07T15:51:39.584+00:00 BENCH step t=5.740s -> steer=127551mdeg wheel=300000milli-rpm
2026-07-07T15:51:39.584+00:00 CAN id=101 dlc=8 data=3ff20100e0930400
2026-07-07T15:51:39.604+00:00 BENCH step t=5.760s -> steer=128151mdeg wheel=300000milli-rpm
2026-07-07T15:51:39.604+00:00 CAN id=101 dlc=8 data=97f40100e0930400
2026-07-07T15:51:39.624+00:00 BENCH step t=5.780s -> steer=128751mdeg wheel=300000milli-rpm
2026-07-07T15:51:39.624+00:00 CAN id=101 dlc=8 data=eff60100e0930400
2026-07-07T15:51:39.644+00:00 BENCH step t=5.800s -> steer=129351mdeg wheel=300000milli-rpm
2026-07-07T15:51:39.644+00:00 CAN id=101 dlc=8 data=47f90100e0930400
2026-07-07T15:51:39.649+00:00 VCP run=1 step=0 angle=120322 target=123351 err=3029 steer=6057 m1=2115/111454 i1=254 t1=29 m2=-1838/-94796 i2=-118 t2=29 steerMode=8329/6988 iSteer=67807 driveMode=103125/103640 iDrive=186105 scale=0 wheel=300000 ffS=0
2026-07-07T15:51:39.649+00:00 VCP run=1 step=0 angle=124014 target=126351 err=2337 steer=4675 m1=2080/109553 i1=191 t1=29 m2=-1852/-96697 i2=-208 t2=29 steerMode=6428/6544 iSteer=-8398 driveMode=103125/103186 iDrive=199721 scale=0 wheel=300000 ffS=0
2026-07-07T15:51:39.664+00:00 BENCH step t=5.820s -> steer=129951mdeg wheel=300000milli-rpm
2026-07-07T15:51:39.664+00:00 CAN id=101 dlc=8 data=9ffb0100e0930400
2026-07-07T15:51:39.684+00:00 BENCH step t=5.840s -> steer=130551mdeg wheel=300000milli-rpm
2026-07-07T15:51:39.684+00:00 CAN id=101 dlc=8 data=f7fd0100e0930400
2026-07-07T15:51:39.704+00:00 BENCH step t=5.860s -> steer=131151mdeg wheel=300000milli-rpm
2026-07-07T15:51:39.704+00:00 CAN id=101 dlc=8 data=4f000200e0930400
2026-07-07T15:51:39.724+00:00 BENCH step t=5.880s -> steer=131751mdeg wheel=300000milli-rpm
2026-07-07T15:51:39.724+00:00 CAN id=101 dlc=8 data=a7020200e0930400
2026-07-07T15:51:39.744+00:00 BENCH step t=5.900s -> steer=132351mdeg wheel=300000milli-rpm
2026-07-07T15:51:39.744+00:00 CAN id=101 dlc=8 data=ff040200e0930400
2026-07-07T15:51:39.753+00:00 VCP run=1 step=0 angle=126299 target=129351 err=3052 steer=6104 m1=2113/111519 i1=246 t1=29 m2=-1859/-94731 i2=-101 t2=29 steerMode=8394/6960 iSteer=72696 driveMode=103125/104028 iDrive=173452 scale=0 wheel=300000 ffS=0
2026-07-07T15:51:39.764+00:00 BENCH step t=5.920s -> steer=132951mdeg wheel=300000milli-rpm
2026-07-07T15:51:39.764+00:00 CAN id=101 dlc=8 data=57070200e0930400
2026-07-07T15:51:39.784+00:00 BENCH step t=5.940s -> steer=133551mdeg wheel=300000milli-rpm
2026-07-07T15:51:39.784+00:00 CAN id=101 dlc=8 data=af090200e0930400
2026-07-07T15:51:39.804+00:00 BENCH step t=5.960s -> steer=134151mdeg wheel=300000milli-rpm
2026-07-07T15:51:39.804+00:00 CAN id=101 dlc=8 data=070c0200e0930400
2026-07-07T15:51:39.824+00:00 BENCH step t=5.980s -> steer=134751mdeg wheel=300000milli-rpm
2026-07-07T15:51:39.824+00:00 CAN id=101 dlc=8 data=5f0e0200e0930400
2026-07-07T15:51:39.844+00:00 BENCH step t=6.000s -> steer=135351mdeg wheel=300000milli-rpm
2026-07-07T15:51:39.844+00:00 CAN id=101 dlc=8 data=b7100200e0930400
2026-07-07T15:51:39.852+00:00 VCP run=1 step=0 angle=129727 target=132351 err=2624 steer=5249 m1=2071/110342 i1=208 t1=29 m2=-1832/-95908 i2=-179 t2=29 steerMode=7217/6895 iSteer=14361 driveMode=103125/103344 iDrive=193423 scale=0 wheel=300000 ffS=0
2026-07-07T15:51:39.852+00:00 VCP SET_TARGET_RX steer=135351 wheel=300000
2026-07-07T15:51:39.864+00:00 BENCH step t=6.020s -> steer=135951mdeg wheel=300000milli-rpm
2026-07-07T15:51:39.864+00:00 CAN id=101 dlc=8 data=0f130200e0930400
2026-07-07T15:51:39.884+00:00 BENCH step t=6.040s -> steer=136551mdeg wheel=300000milli-rpm
2026-07-07T15:51:39.884+00:00 CAN id=101 dlc=8 data=67150200e0930400
2026-07-07T15:51:39.904+00:00 BENCH step t=6.060s -> steer=137151mdeg wheel=300000milli-rpm
2026-07-07T15:51:39.904+00:00 CAN id=101 dlc=8 data=bf170200e0930400
2026-07-07T15:51:39.924+00:00 BENCH step t=6.080s -> steer=137751mdeg wheel=300000milli-rpm
2026-07-07T15:51:39.924+00:00 CAN id=101 dlc=8 data=171a0200e0930400
2026-07-07T15:51:39.944+00:00 BENCH step t=6.100s -> steer=138351mdeg wheel=300000milli-rpm
2026-07-07T15:51:39.944+00:00 CAN id=101 dlc=8 data=6f1c0200e0930400
2026-07-07T15:51:39.956+00:00 VCP run=1 step=0 angle=132539 target=135351 err=2812 steer=5624 m1=2088/110858 i1=243 t1=29 m2=-1857/-95392 i2=-157 t2=29 steerMode=7733/6836 iSteer=42830 driveMode=103125/103141 iDrive=200151 scale=0 wheel=300000 ffS=0
2026-07-07T15:51:39.964+00:00 BENCH step t=6.120s -> steer=138951mdeg wheel=300000milli-rpm
2026-07-07T15:51:39.964+00:00 CAN id=101 dlc=8 data=c71e0200e0930400
2026-07-07T15:51:39.984+00:00 BENCH step t=6.140s -> steer=139551mdeg wheel=300000milli-rpm
2026-07-07T15:51:39.984+00:00 CAN id=101 dlc=8 data=1f210200e0930400
2026-07-07T15:51:40.004+00:00 BENCH step t=6.160s -> steer=140151mdeg wheel=300000milli-rpm
2026-07-07T15:51:40.004+00:00 CAN id=101 dlc=8 data=77230200e0930400
2026-07-07T15:51:40.024+00:00 BENCH step t=6.180s -> steer=140751mdeg wheel=300000milli-rpm
2026-07-07T15:51:40.024+00:00 CAN id=101 dlc=8 data=cf250200e0930400
2026-07-07T15:51:40.044+00:00 BENCH step t=6.200s -> steer=141351mdeg wheel=300000milli-rpm
2026-07-07T15:51:40.044+00:00 CAN id=101 dlc=8 data=27280200e0930400
2026-07-07T15:51:40.059+00:00 VCP run=1 step=0 angle=135791 target=138351 err=2560 steer=5120 m1=2077/110165 i1=234 t1=29 m2=-1871/-96085 i2=-123 t2=29 steerMode=7040/5858 iSteer=55529 driveMode=103125/103853 iDrive=178161 scale=0 wheel=300000 ffS=0
2026-07-07T15:51:40.064+00:00 BENCH step t=6.220s -> steer=141951mdeg wheel=300000milli-rpm
2026-07-07T15:51:40.064+00:00 CAN id=101 dlc=8 data=7f2a0200e0930400
2026-07-07T15:51:40.084+00:00 BENCH step t=6.240s -> steer=142551mdeg wheel=300000milli-rpm
2026-07-07T15:51:40.084+00:00 CAN id=101 dlc=8 data=d72c0200e0930400
2026-07-07T15:51:40.104+00:00 BENCH step t=6.260s -> steer=143151mdeg wheel=300000milli-rpm
2026-07-07T15:51:40.104+00:00 CAN id=101 dlc=8 data=2f2f0200e0930400
2026-07-07T15:51:40.124+00:00 BENCH step t=6.280s -> steer=143751mdeg wheel=300000milli-rpm
2026-07-07T15:51:40.124+00:00 CAN id=101 dlc=8 data=87310200e0930400
2026-07-07T15:51:40.144+00:00 BENCH step t=6.300s -> steer=144351mdeg wheel=300000milli-rpm
2026-07-07T15:51:40.144+00:00 CAN id=101 dlc=8 data=df330200e0930400
2026-07-07T15:51:40.163+00:00 VCP run=1 step=0 angle=138340 target=141351 err=3011 steer=6022 m1=2111/111406 i1=247 t1=29 m2=-1819/-94844 i2=-112 t2=29 steerMode=8281/6948 iSteer=67553 driveMode=103125/103809 iDrive=179475 scale=0 wheel=300000 ffS=0
2026-07-07T15:51:40.164+00:00 BENCH step t=6.320s -> steer=144951mdeg wheel=300000milli-rpm
2026-07-07T15:51:40.164+00:00 CAN id=101 dlc=8 data=37360200e0930400
2026-07-07T15:51:40.184+00:00 BENCH step t=6.340s -> steer=145551mdeg wheel=300000milli-rpm
2026-07-07T15:51:40.184+00:00 CAN id=101 dlc=8 data=8f380200e0930400
2026-07-07T15:51:40.204+00:00 BENCH step t=6.360s -> steer=146151mdeg wheel=300000milli-rpm
2026-07-07T15:51:40.204+00:00 CAN id=101 dlc=8 data=e73a0200e0930400
2026-07-07T15:51:40.224+00:00 BENCH step t=6.380s -> steer=146751mdeg wheel=300000milli-rpm
2026-07-07T15:51:40.224+00:00 CAN id=101 dlc=8 data=3f3d0200e0930400
2026-07-07T15:51:40.244+00:00 BENCH step t=6.400s -> steer=147351mdeg wheel=300000milli-rpm
2026-07-07T15:51:40.244+00:00 CAN id=101 dlc=8 data=973f0200e0930400
2026-07-07T15:51:40.264+00:00 BENCH step t=6.420s -> steer=147951mdeg wheel=300000milli-rpm
2026-07-07T15:51:40.264+00:00 CAN id=101 dlc=8 data=ef410200e0930400
2026-07-07T15:51:40.266+00:00 VCP run=1 step=0 angle=141680 target=144351 err=2671 steer=5343 m1=2065/110471 i1=221 t1=29 m2=-1809/-95779 i2=-196 t2=29 steerMode=7346/7064 iSteer=12839 driveMode=103125/102846 iDrive=208437 scale=0 wheel=300000 ffS=0
2026-07-07T15:51:40.284+00:00 BENCH step t=6.440s -> steer=148551mdeg wheel=300000milli-rpm
2026-07-07T15:51:40.284+00:00 CAN id=101 dlc=8 data=47440200e0930400
2026-07-07T15:51:40.304+00:00 BENCH step t=6.460s -> steer=149151mdeg wheel=300000milli-rpm
2026-07-07T15:51:40.304+00:00 CAN id=101 dlc=8 data=9f460200e0930400
2026-07-07T15:51:40.324+00:00 BENCH step t=6.480s -> steer=149751mdeg wheel=300000milli-rpm
2026-07-07T15:51:40.324+00:00 CAN id=101 dlc=8 data=f7480200e0930400
2026-07-07T15:51:40.344+00:00 BENCH step t=6.500s -> steer=150351mdeg wheel=300000milli-rpm
2026-07-07T15:51:40.344+00:00 CAN id=101 dlc=8 data=4f4b0200e0930400
2026-07-07T15:51:40.364+00:00 BENCH step t=6.520s -> steer=150951mdeg wheel=300000milli-rpm
2026-07-07T15:51:40.364+00:00 CAN id=101 dlc=8 data=a74d0200e0930400
2026-07-07T15:51:40.366+00:00 VCP run=1 step=0 angle=144229 target=147351 err=3122 steer=6245 m1=2117/111712 i1=251 t1=29 m2=-1794/-94538 i2=-118 t2=29 steerMode=8587/7281 iSteer=66111 driveMode=103125/103651 iDrive=184453 scale=0 wheel=300000 ffS=0
2026-07-07T15:51:40.366+00:00 VCP SET_TARGET_RX steer=150351 wheel=300000
2026-07-07T15:51:40.384+00:00 BENCH step t=6.540s -> steer=151551mdeg wheel=300000milli-rpm
2026-07-07T15:51:40.384+00:00 CAN id=101 dlc=8 data=ff4f0200e0930400
2026-07-07T15:51:40.404+00:00 BENCH step t=6.560s -> steer=152151mdeg wheel=300000milli-rpm
2026-07-07T15:51:40.404+00:00 CAN id=101 dlc=8 data=57520200e0930400
2026-07-07T15:51:40.424+00:00 BENCH step t=6.580s -> steer=152751mdeg wheel=300000milli-rpm
2026-07-07T15:51:40.424+00:00 CAN id=101 dlc=8 data=af540200e0930400
2026-07-07T15:51:40.444+00:00 BENCH step t=6.600s -> steer=153351mdeg wheel=300000milli-rpm
2026-07-07T15:51:40.444+00:00 CAN id=101 dlc=8 data=07570200e0930400
2026-07-07T15:51:40.464+00:00 BENCH step t=6.620s -> steer=153951mdeg wheel=300000milli-rpm
2026-07-07T15:51:40.464+00:00 CAN id=101 dlc=8 data=5f590200e0930400
2026-07-07T15:51:40.484+00:00 BENCH step t=6.640s -> steer=154551mdeg wheel=300000milli-rpm
2026-07-07T15:51:40.484+00:00 CAN id=101 dlc=8 data=b75b0200e0930400
2026-07-07T15:51:40.504+00:00 BENCH step t=6.660s -> steer=155151mdeg wheel=300000milli-rpm
2026-07-07T15:51:40.504+00:00 CAN id=101 dlc=8 data=0f5e0200e0930400
2026-07-07T15:51:40.524+00:00 BENCH step t=6.680s -> steer=155751mdeg wheel=300000milli-rpm
2026-07-07T15:51:40.524+00:00 CAN id=101 dlc=8 data=67600200e0930400
2026-07-07T15:51:40.544+00:00 BENCH step t=6.700s -> steer=156351mdeg wheel=300000milli-rpm
2026-07-07T15:51:40.544+00:00 CAN id=101 dlc=8 data=bf620200e0930400
2026-07-07T15:51:40.550+00:00 VCP run=1 step=0 angle=147744 target=150351 err=2607 steer=5214 m1=2050/110294 i1=233 t1=29 m2=-1809/-95956 i2=-200 t2=29 steerMode=7169/6808 iSteer=16298 driveMode=103125/102582 iDrive=216409 scale=0 wheel=300000 ffS=0
2026-07-07T15:51:40.550+00:00 VCP run=1 step=0 angle=150205 target=153351 err=3146 steer=6292 m1=2117/111776 i1=254 t1=29 m2=-1850/-94474 i2=-105 t2=29 steerMode=8651/7185 iSteer=74559 driveMode=103125/103803 iDrive=179671 scale=0 wheel=300000 ffS=0
2026-07-07T15:51:40.564+00:00 BENCH step t=6.720s -> steer=156951mdeg wheel=300000milli-rpm
2026-07-07T15:51:40.564+00:00 CAN id=101 dlc=8 data=17650200e0930400
2026-07-07T15:51:40.584+00:00 BENCH step t=6.740s -> steer=157551mdeg wheel=300000milli-rpm
2026-07-07T15:51:40.584+00:00 CAN id=101 dlc=8 data=6f670200e0930400
2026-07-07T15:51:40.604+00:00 BENCH step t=6.760s -> steer=158151mdeg wheel=300000milli-rpm
2026-07-07T15:51:40.604+00:00 CAN id=101 dlc=8 data=c7690200e0930400
2026-07-07T15:51:40.624+00:00 BENCH step t=6.780s -> steer=158751mdeg wheel=300000milli-rpm
2026-07-07T15:51:40.624+00:00 CAN id=101 dlc=8 data=1f6c0200e0930400
2026-07-07T15:51:40.644+00:00 BENCH step t=6.800s -> steer=159351mdeg wheel=300000milli-rpm
2026-07-07T15:51:40.644+00:00 CAN id=101 dlc=8 data=776e0200e0930400
2026-07-07T15:51:40.654+00:00 VCP run=1 step=0 angle=153809 target=156351 err=2542 steer=5085 m1=2054/110117 i1=256 t1=29 m2=-1905/-96133 i2=-144 t2=29 steerMode=6992/5856 iSteer=56159 driveMode=103125/103122 iDrive=200116 scale=0 wheel=300000 ffS=0
2026-07-07T15:51:40.664+00:00 BENCH step t=6.820s -> steer=159951mdeg wheel=300000milli-rpm
2026-07-07T15:51:40.664+00:00 CAN id=101 dlc=8 data=cf700200e0930400
2026-07-07T15:51:40.684+00:00 BENCH step t=6.840s -> steer=160551mdeg wheel=300000milli-rpm
2026-07-07T15:51:40.684+00:00 CAN id=101 dlc=8 data=27730200e0930400
2026-07-07T15:51:40.704+00:00 BENCH step t=6.860s -> steer=161151mdeg wheel=300000milli-rpm
2026-07-07T15:51:40.704+00:00 CAN id=101 dlc=8 data=7f750200e0930400
2026-07-07T15:51:40.724+00:00 BENCH step t=6.880s -> steer=161751mdeg wheel=300000milli-rpm
2026-07-07T15:51:40.724+00:00 CAN id=101 dlc=8 data=d7770200e0930400
2026-07-07T15:51:40.744+00:00 BENCH step t=6.900s -> steer=162351mdeg wheel=300000milli-rpm
2026-07-07T15:51:40.744+00:00 CAN id=101 dlc=8 data=2f7a0200e0930400
2026-07-07T15:51:40.757+00:00 VCP run=1 step=0 angle=156270 target=159351 err=3081 steer=6163 m1=2126/111599 i1=255 t1=29 m2=-1857/-94651 i2=-73 t2=29 steerMode=8474/6728 iSteer=90900 driveMode=103125/104322 iDrive=164087 scale=0 wheel=300000 ffS=0
2026-07-07T15:51:40.764+00:00 BENCH step t=6.920s -> steer=162951mdeg wheel=300000milli-rpm
2026-07-07T15:51:40.764+00:00 CAN id=101 dlc=8 data=877c0200e0930400
2026-07-07T15:51:40.784+00:00 BENCH step t=6.940s -> steer=163551mdeg wheel=300000milli-rpm
2026-07-07T15:51:40.784+00:00 CAN id=101 dlc=8 data=df7e0200e0930400
2026-07-07T15:51:40.804+00:00 BENCH step t=6.960s -> steer=164151mdeg wheel=300000milli-rpm
2026-07-07T15:51:40.804+00:00 CAN id=101 dlc=8 data=37810200e0930400
2026-07-07T15:51:40.824+00:00 BENCH step t=6.980s -> steer=164751mdeg wheel=300000milli-rpm
2026-07-07T15:51:40.824+00:00 CAN id=101 dlc=8 data=8f830200e0930400
2026-07-07T15:51:40.844+00:00 BENCH step t=7.000s -> steer=165351mdeg wheel=300000milli-rpm
2026-07-07T15:51:40.844+00:00 CAN id=101 dlc=8 data=e7850200e0930400
2026-07-07T15:51:40.857+00:00 VCP run=1 step=0 angle=159697 target=162351 err=2654 steer=5307 m1=2075/110423 i1=225 t1=29 m2=-1815/-95827 i2=-170 t2=29 steerMode=7298/6768 iSteer=27514 driveMode=103125/103192 iDrive=197982 scale=0 wheel=300000 ffS=0
2026-07-07T15:51:40.857+00:00 VCP SET_TARGET_RX steer=165351 wheel=300000
2026-07-07T15:51:40.864+00:00 BENCH step t=7.020s -> steer=165951mdeg wheel=300000milli-rpm
2026-07-07T15:51:40.864+00:00 CAN id=101 dlc=8 data=3f880200e0930400
2026-07-07T15:51:40.884+00:00 BENCH step t=7.040s -> steer=166551mdeg wheel=300000milli-rpm
2026-07-07T15:51:40.884+00:00 CAN id=101 dlc=8 data=978a0200e0930400
2026-07-07T15:51:40.904+00:00 BENCH step t=7.060s -> steer=167151mdeg wheel=300000milli-rpm
2026-07-07T15:51:40.904+00:00 CAN id=101 dlc=8 data=ef8c0200e0930400
2026-07-07T15:51:40.924+00:00 BENCH step t=7.080s -> steer=167751mdeg wheel=300000milli-rpm
2026-07-07T15:51:40.924+00:00 CAN id=101 dlc=8 data=478f0200e0930400
2026-07-07T15:51:40.944+00:00 BENCH step t=7.100s -> steer=168351mdeg wheel=300000milli-rpm
2026-07-07T15:51:40.944+00:00 CAN id=101 dlc=8 data=9f910200e0930400
2026-07-07T15:51:40.960+00:00 VCP run=1 step=0 angle=162334 target=165351 err=3017 steer=6034 m1=2117/111422 i1=254 t1=29 m2=-1806/-94828 i2=-126 t2=29 steerMode=8297/7079 iSteer=63873 driveMode=103125/103447 iDrive=190350 scale=0 wheel=300000 ffS=0
2026-07-07T15:51:40.964+00:00 BENCH step t=7.120s -> steer=168951mdeg wheel=300000milli-rpm
2026-07-07T15:51:40.964+00:00 CAN id=101 dlc=8 data=f7930200e0930400
2026-07-07T15:51:40.984+00:00 BENCH step t=7.140s -> steer=169551mdeg wheel=300000milli-rpm
2026-07-07T15:51:40.984+00:00 CAN id=101 dlc=8 data=4f960200e0930400
2026-07-07T15:51:41.004+00:00 BENCH step t=7.160s -> steer=170151mdeg wheel=300000milli-rpm
2026-07-07T15:51:41.004+00:00 CAN id=101 dlc=8 data=a7980200e0930400
2026-07-07T15:51:41.024+00:00 BENCH step t=7.180s -> steer=170751mdeg wheel=300000milli-rpm
2026-07-07T15:51:41.024+00:00 CAN id=101 dlc=8 data=ff9a0200e0930400
2026-07-07T15:51:41.044+00:00 BENCH step t=7.200s -> steer=171351mdeg wheel=300000milli-rpm
2026-07-07T15:51:41.044+00:00 CAN id=101 dlc=8 data=579d0200e0930400
2026-07-07T15:51:41.064+00:00 BENCH step t=7.220s -> steer=171951mdeg wheel=300000milli-rpm
2026-07-07T15:51:41.064+00:00 VCP run=1 step=0 angle=165674 target=168351 err=2677 steer=5354 m1=2107/110487 i1=187 t1=29 m2=-1834/-95763 i2=-191 t2=29 steerMode=7362/7459 iSteer=-1904 driveMode=103125/103498 iDrive=188800 scale=0 wheel=300000 ffS=0
2026-07-07T15:51:41.064+00:00 CAN id=101 dlc=8 data=af9f0200e0930400
2026-07-07T15:51:41.084+00:00 BENCH step t=7.240s -> steer=172551mdeg wheel=300000milli-rpm
2026-07-07T15:51:41.084+00:00 CAN id=101 dlc=8 data=07a20200e0930400
2026-07-07T15:51:41.104+00:00 BENCH step t=7.260s -> steer=173151mdeg wheel=300000milli-rpm
2026-07-07T15:51:41.104+00:00 CAN id=101 dlc=8 data=5fa40200e0930400
2026-07-07T15:51:41.124+00:00 BENCH step t=7.280s -> steer=173751mdeg wheel=300000milli-rpm
2026-07-07T15:51:41.124+00:00 CAN id=101 dlc=8 data=b7a60200e0930400
2026-07-07T15:51:41.144+00:00 BENCH step t=7.300s -> steer=174351mdeg wheel=300000milli-rpm
2026-07-07T15:51:41.144+00:00 CAN id=101 dlc=8 data=0fa90200e0930400
2026-07-07T15:51:41.164+00:00 BENCH step t=7.320s -> steer=174951mdeg wheel=300000milli-rpm
2026-07-07T15:51:41.164+00:00 CAN id=101 dlc=8 data=67ab0200e0930400
2026-07-07T15:51:41.184+00:00 BENCH step t=7.340s -> steer=175551mdeg wheel=300000milli-rpm
2026-07-07T15:51:41.184+00:00 CAN id=101 dlc=8 data=bfad0200e0930400
2026-07-07T15:51:41.204+00:00 BENCH step t=7.360s -> steer=176151mdeg wheel=300000milli-rpm
2026-07-07T15:51:41.204+00:00 CAN id=101 dlc=8 data=17b00200e0930400
2026-07-07T15:51:41.224+00:00 BENCH step t=7.380s -> steer=176751mdeg wheel=300000milli-rpm
2026-07-07T15:51:41.224+00:00 CAN id=101 dlc=8 data=6fb20200e0930400
2026-07-07T15:51:41.244+00:00 BENCH step t=7.400s -> steer=177351mdeg wheel=300000milli-rpm
2026-07-07T15:51:41.244+00:00 CAN id=101 dlc=8 data=c7b40200e0930400
2026-07-07T15:51:41.248+00:00 VCP run=1 step=0 angle=168662 target=171351 err=2689 steer=5378 m1=2071/110519 i1=256 t1=29 m2=-1842/-95731 i2=-179 t2=29 steerMode=7394/6663 iSteer=38621 driveMode=103125/102543 iDrive=217746 scale=0 wheel=300000 ffS=0
2026-07-07T15:51:41.248+00:00 VCP run=1 step=0 angle=171738 target=174351 err=2613 steer=5225 m1=2073/110310 i1=269 t1=29 m2=-1863/-95940 i2=-161 t2=29 steerMode=7185/6136 iSteer=53802 driveMode=103125/102664 iDrive=215228 scale=0 wheel=300000 ffS=0
2026-07-07T15:51:41.264+00:00 BENCH step t=7.420s -> steer=177951mdeg wheel=300000milli-rpm
2026-07-07T15:51:41.264+00:00 CAN id=101 dlc=8 data=1fb70200e0930400
2026-07-07T15:51:41.284+00:00 BENCH step t=7.440s -> steer=178551mdeg wheel=300000milli-rpm
2026-07-07T15:51:41.284+00:00 CAN id=101 dlc=8 data=77b90200e0930400
2026-07-07T15:51:41.304+00:00 BENCH step t=7.460s -> steer=179151mdeg wheel=300000milli-rpm
2026-07-07T15:51:41.304+00:00 CAN id=101 dlc=8 data=cfbb0200e0930400
2026-07-07T15:51:41.324+00:00 BENCH step t=7.480s -> steer=179751mdeg wheel=300000milli-rpm
2026-07-07T15:51:41.324+00:00 CAN id=101 dlc=8 data=27be0200e0930400
2026-07-07T15:51:41.344+00:00 BENCH step t=7.500s -> steer=180351mdeg wheel=300000milli-rpm
2026-07-07T15:51:41.344+00:00 CAN id=101 dlc=8 data=7fc00200e0930400
2026-07-07T15:51:41.348+00:00 VCP run=1 step=0 angle=174463 target=177351 err=2888 steer=5776 m1=2124/111067 i1=229 t1=29 m2=-1827/-95183 i2=-106 t2=29 steerMode=7942/6771 iSteer=61618 driveMode=103125/104248 iDrive=167310 scale=0 wheel=300000 ffS=0
2026-07-07T15:51:41.348+00:00 VCP SET_TARGET_RX steer=180351 wheel=300000
2026-07-07T15:51:41.364+00:00 BENCH step t=7.520s -> steer=180951mdeg wheel=300000milli-rpm
2026-07-07T15:51:41.364+00:00 CAN id=101 dlc=8 data=d7c20200e0930400
2026-07-07T15:51:41.384+00:00 BENCH step t=7.540s -> steer=181551mdeg wheel=300000milli-rpm
2026-07-07T15:51:41.384+00:00 CAN id=101 dlc=8 data=2fc50200e0930400
2026-07-07T15:51:41.404+00:00 BENCH step t=7.560s -> steer=182151mdeg wheel=300000milli-rpm
2026-07-07T15:51:41.404+00:00 CAN id=101 dlc=8 data=87c70200e0930400
2026-07-07T15:51:41.424+00:00 BENCH step t=7.580s -> steer=182751mdeg wheel=300000milli-rpm
2026-07-07T15:51:41.424+00:00 CAN id=101 dlc=8 data=dfc90200e0930400
2026-07-07T15:51:41.444+00:00 BENCH step t=7.600s -> steer=183351mdeg wheel=300000milli-rpm
2026-07-07T15:51:41.444+00:00 CAN id=101 dlc=8 data=37cc0200e0930400
2026-07-07T15:51:41.451+00:00 VCP run=1 step=0 angle=177891 target=180351 err=2460 steer=4921 m1=2061/109891 i1=214 t1=29 m2=-1794/-96359 i2=-211 t2=29 steerMode=6766/6764 iSteer=1397 driveMode=103125/102708 iDrive=212570 scale=0 wheel=300000 ffS=0
2026-07-07T15:51:41.464+00:00 BENCH step t=7.620s -> steer=183951mdeg wheel=300000milli-rpm
2026-07-07T15:51:41.464+00:00 CAN id=101 dlc=8 data=8fce0200e0930400
2026-07-07T15:51:41.484+00:00 BENCH step t=7.640s -> steer=184551mdeg wheel=300000milli-rpm
2026-07-07T15:51:41.484+00:00 CAN id=101 dlc=8 data=e7d00200e0930400
2026-07-07T15:51:41.504+00:00 BENCH step t=7.660s -> steer=185151mdeg wheel=300000milli-rpm
2026-07-07T15:51:41.504+00:00 CAN id=101 dlc=8 data=3fd30200e0930400
2026-07-07T15:51:41.524+00:00 BENCH step t=7.680s -> steer=185751mdeg wheel=300000milli-rpm
2026-07-07T15:51:41.524+00:00 CAN id=101 dlc=8 data=97d50200e0930400
2026-07-07T15:51:41.544+00:00 BENCH step t=7.700s -> steer=186351mdeg wheel=300000milli-rpm
2026-07-07T15:51:41.544+00:00 CAN id=101 dlc=8 data=efd70200e0930400
2026-07-07T15:51:41.555+00:00 VCP run=1 step=0 angle=180527 target=183351 err=2824 steer=5647 m1=2080/110890 i1=260 t1=29 m2=-1790/-95360 i2=-160 t2=29 steerMode=7765/6812 iSteer=49865 driveMode=103125/102812 iDrive=209956 scale=0 wheel=300000 ffS=0
2026-07-07T15:51:41.564+00:00 BENCH step t=7.720s -> steer=186951mdeg wheel=300000milli-rpm
2026-07-07T15:51:41.564+00:00 CAN id=101 dlc=8 data=47da0200e0930400
2026-07-07T15:51:41.584+00:00 BENCH step t=7.740s -> steer=187551mdeg wheel=300000milli-rpm
2026-07-07T15:51:41.584+00:00 CAN id=101 dlc=8 data=9fdc0200e0930400
2026-07-07T15:51:41.604+00:00 BENCH step t=7.760s -> steer=188151mdeg wheel=300000milli-rpm
2026-07-07T15:51:41.604+00:00 CAN id=101 dlc=8 data=f7de0200e0930400
2026-07-07T15:51:41.624+00:00 BENCH step t=7.780s -> steer=188751mdeg wheel=300000milli-rpm
2026-07-07T15:51:41.624+00:00 CAN id=101 dlc=8 data=4fe10200e0930400
2026-07-07T15:51:41.644+00:00 BENCH step t=7.800s -> steer=189351mdeg wheel=300000milli-rpm
2026-07-07T15:51:41.644+00:00 CAN id=101 dlc=8 data=a7e30200e0930400
2026-07-07T15:51:41.658+00:00 VCP run=1 step=0 angle=183779 target=186351 err=2572 steer=5143 m1=2075/110197 i1=238 t1=29 m2=-1804/-96053 i2=-155 t2=29 steerMode=7072/6268 iSteer=41447 driveMode=103125/103252 iDrive=196666 scale=0 wheel=300000 ffS=0
2026-07-07T15:51:41.664+00:00 BENCH step t=7.820s -> steer=189951mdeg wheel=300000milli-rpm
2026-07-07T15:51:41.664+00:00 CAN id=101 dlc=8 data=ffe50200e0930400
2026-07-07T15:51:41.684+00:00 BENCH step t=7.840s -> steer=190551mdeg wheel=300000milli-rpm
2026-07-07T15:51:41.684+00:00 CAN id=101 dlc=8 data=57e80200e0930400
2026-07-07T15:51:41.704+00:00 BENCH step t=7.860s -> steer=191151mdeg wheel=300000milli-rpm
2026-07-07T15:51:41.704+00:00 CAN id=101 dlc=8 data=afea0200e0930400
2026-07-07T15:51:41.724+00:00 BENCH step t=7.880s -> steer=191751mdeg wheel=300000milli-rpm
2026-07-07T15:51:41.724+00:00 CAN id=101 dlc=8 data=07ed0200e0930400
2026-07-07T15:51:41.744+00:00 BENCH step t=7.900s -> steer=192351mdeg wheel=300000milli-rpm
2026-07-07T15:51:41.744+00:00 CAN id=101 dlc=8 data=5fef0200e0930400
2026-07-07T15:51:41.762+00:00 VCP run=1 step=0 angle=186328 target=189351 err=3023 steer=6046 m1=2082/111438 i1=299 t1=29 m2=-1777/-94812 i2=-136 t2=29 steerMode=8313/6739 iSteer=81410 driveMode=103125/102581 iDrive=217544 scale=0 wheel=300000 ffS=0
2026-07-07T15:51:41.764+00:00 BENCH step t=7.920s -> steer=192951mdeg wheel=300000milli-rpm
2026-07-07T15:51:41.764+00:00 CAN id=101 dlc=8 data=b7f10200e0930400
2026-07-07T15:51:41.784+00:00 BENCH step t=7.940s -> steer=193551mdeg wheel=300000milli-rpm
2026-07-07T15:51:41.784+00:00 CAN id=101 dlc=8 data=0ff40200e0930400
2026-07-07T15:51:41.804+00:00 BENCH step t=7.960s -> steer=194151mdeg wheel=300000milli-rpm
2026-07-07T15:51:41.804+00:00 CAN id=101 dlc=8 data=67f60200e0930400
2026-07-07T15:51:41.824+00:00 BENCH step t=7.980s -> steer=194751mdeg wheel=300000milli-rpm
2026-07-07T15:51:41.824+00:00 CAN id=101 dlc=8 data=bff80200e0930400
2026-07-07T15:51:41.844+00:00 BENCH step t=8.000s -> steer=195351mdeg wheel=300000milli-rpm
2026-07-07T15:51:41.844+00:00 CAN id=101 dlc=8 data=17fb0200e0930400
2026-07-07T15:51:41.862+00:00 VCP run=1 step=0 angle=189668 target=192351 err=2683 steer=5366 m1=2082/110503 i1=235 t1=29 m2=-1896/-95747 i2=-162 t2=29 steerMode=7378/6681 iSteer=36156 driveMode=103125/103247 iDrive=198426 scale=0 wheel=300000 ffS=0
2026-07-07T15:51:41.862+00:00 VCP SET_TARGET_RX steer=195351 wheel=300000
2026-07-07T15:51:41.864+00:00 BENCH step t=8.020s -> steer=195951mdeg wheel=300000milli-rpm
2026-07-07T15:51:41.864+00:00 CAN id=101 dlc=8 data=6ffd0200e0930400
2026-07-07T15:51:41.884+00:00 BENCH step t=8.040s -> steer=196551mdeg wheel=300000milli-rpm
2026-07-07T15:51:41.884+00:00 CAN id=101 dlc=8 data=c7ff0200e0930400
2026-07-07T15:51:41.904+00:00 BENCH step t=8.060s -> steer=197151mdeg wheel=300000milli-rpm
2026-07-07T15:51:41.904+00:00 CAN id=101 dlc=8 data=1f020300e0930400
2026-07-07T15:51:41.924+00:00 BENCH step t=8.080s -> steer=197751mdeg wheel=300000milli-rpm
2026-07-07T15:51:41.924+00:00 CAN id=101 dlc=8 data=77040300e0930400
2026-07-07T15:51:41.944+00:00 BENCH step t=8.100s -> steer=198351mdeg wheel=300000milli-rpm
2026-07-07T15:51:41.944+00:00 CAN id=101 dlc=8 data=cf060300e0930400
2026-07-07T15:51:41.964+00:00 BENCH step t=8.120s -> steer=198951mdeg wheel=300000milli-rpm
2026-07-07T15:51:41.964+00:00 CAN id=101 dlc=8 data=27090300e0930400
2026-07-07T15:51:41.965+00:00 VCP run=1 step=0 angle=192393 target=195351 err=2958 steer=5917 m1=2111/111261 i1=233 t1=29 m2=-1821/-94989 i2=-126 t2=29 steerMode=8136/7128 iSteer=53509 driveMode=103125/103841 iDrive=179627 scale=0 wheel=300000 ffS=0
2026-07-07T15:51:41.984+00:00 BENCH step t=8.140s -> steer=199551mdeg wheel=300000milli-rpm
2026-07-07T15:51:41.984+00:00 CAN id=101 dlc=8 data=7f0b0300e0930400
2026-07-07T15:51:42.004+00:00 BENCH step t=8.160s -> steer=200151mdeg wheel=300000milli-rpm
2026-07-07T15:51:42.004+00:00 CAN id=101 dlc=8 data=d70d0300e0930400
2026-07-07T15:51:42.024+00:00 BENCH step t=8.180s -> steer=200751mdeg wheel=300000milli-rpm
2026-07-07T15:51:42.024+00:00 CAN id=101 dlc=8 data=2f100300e0930400
2026-07-07T15:51:42.044+00:00 BENCH step t=8.200s -> steer=201351mdeg wheel=300000milli-rpm
2026-07-07T15:51:42.044+00:00 CAN id=101 dlc=8 data=87120300e0930400
2026-07-07T15:51:42.064+00:00 BENCH step t=8.220s -> steer=201951mdeg wheel=300000milli-rpm
2026-07-07T15:51:42.064+00:00 CAN id=101 dlc=8 data=df140300e0930400
2026-07-07T15:51:42.084+00:00 BENCH step t=8.240s -> steer=202551mdeg wheel=300000milli-rpm
2026-07-07T15:51:42.084+00:00 CAN id=101 dlc=8 data=37170300e0930400
2026-07-07T15:51:42.104+00:00 BENCH step t=8.260s -> steer=203151mdeg wheel=300000milli-rpm
2026-07-07T15:51:42.104+00:00 CAN id=101 dlc=8 data=8f190300e0930400
2026-07-07T15:51:42.124+00:00 BENCH step t=8.280s -> steer=203751mdeg wheel=300000milli-rpm
2026-07-07T15:51:42.124+00:00 CAN id=101 dlc=8 data=e71b0300e0930400
2026-07-07T15:51:42.144+00:00 BENCH step t=8.300s -> steer=204351mdeg wheel=300000milli-rpm
2026-07-07T15:51:42.144+00:00 CAN id=101 dlc=8 data=3f1e0300e0930400
2026-07-07T15:51:42.149+00:00 VCP run=1 step=0 angle=195820 target=198351 err=2531 steer=5061 m1=2071/110084 i1=227 t1=29 m2=-1806/-96166 i2=-228 t2=29 steerMode=6959/7016 iSteer=-346 driveMode=103125/102247 iDrive=227697 scale=0 wheel=300000 ffS=0
2026-07-07T15:51:42.149+00:00 VCP run=1 step=0 angle=198457 target=201351 err=2894 steer=5788 m1=2082/111083 i1=303 t1=29 m2=-1832/-95167 i2=-150 t2=29 steerMode=7958/6432 iSteer=76434 driveMode=103125/102373 iDrive=226888 scale=0 wheel=300000 ffS=0
2026-07-07T15:51:42.164+00:00 BENCH step t=8.320s -> steer=204951mdeg wheel=300000milli-rpm
2026-07-07T15:51:42.164+00:00 CAN id=101 dlc=8 data=97200300e0930400
2026-07-07T15:51:42.184+00:00 BENCH step t=8.340s -> steer=205551mdeg wheel=300000milli-rpm
2026-07-07T15:51:42.184+00:00 CAN id=101 dlc=8 data=ef220300e0930400
2026-07-07T15:51:42.204+00:00 BENCH step t=8.360s -> steer=206151mdeg wheel=300000milli-rpm
2026-07-07T15:51:42.204+00:00 CAN id=101 dlc=8 data=47250300e0930400
2026-07-07T15:51:42.224+00:00 BENCH step t=8.380s -> steer=206751mdeg wheel=300000milli-rpm
2026-07-07T15:51:42.224+00:00 CAN id=101 dlc=8 data=9f270300e0930400
2026-07-07T15:51:42.244+00:00 BENCH step t=8.400s -> steer=207351mdeg wheel=300000milli-rpm
2026-07-07T15:51:42.244+00:00 CAN id=101 dlc=8 data=f7290300e0930400
2026-07-07T15:51:42.253+00:00 VCP run=1 step=0 angle=201885 target=204351 err=2466 steer=4932 m1=2071/109907 i1=225 t1=29 m2=-1867/-96343 i2=-156 t2=29 steerMode=6782/6078 iSteer=34501 driveMode=103125/103579 iDrive=190700 scale=0 wheel=300000 ffS=0
2026-07-07T15:51:42.264+00:00 BENCH step t=8.420s -> steer=207951mdeg wheel=300000milli-rpm
2026-07-07T15:51:42.264+00:00 CAN id=101 dlc=8 data=4f2c0300e0930400
2026-07-07T15:51:42.284+00:00 BENCH step t=8.440s -> steer=208551mdeg wheel=300000milli-rpm
2026-07-07T15:51:42.284+00:00 CAN id=101 dlc=8 data=a72e0300e0930400
2026-07-07T15:51:42.304+00:00 BENCH step t=8.460s -> steer=209151mdeg wheel=300000milli-rpm
2026-07-07T15:51:42.304+00:00 CAN id=101 dlc=8 data=ff300300e0930400
2026-07-07T15:51:42.324+00:00 BENCH step t=8.480s -> steer=209751mdeg wheel=300000milli-rpm
2026-07-07T15:51:42.324+00:00 CAN id=101 dlc=8 data=57330300e0930400
2026-07-07T15:51:42.344+00:00 BENCH step t=8.500s -> steer=210351mdeg wheel=300000milli-rpm
2026-07-07T15:51:42.344+00:00 CAN id=101 dlc=8 data=af350300e0930400
2026-07-07T15:51:42.353+00:00 VCP run=1 step=0 angle=204346 target=207351 err=3005 steer=6011 m1=2105/111390 i1=264 t1=29 m2=-1811/-94860 i2=-118 t2=29 steerMode=8265/6828 iSteer=73234 driveMode=103125/103552 iDrive=190955 scale=0 wheel=300000 ffS=0
2026-07-07T15:51:42.353+00:00 VCP SET_TARGET_RX steer=210351 wheel=300000
2026-07-07T15:51:42.364+00:00 BENCH step t=8.520s -> steer=210951mdeg wheel=300000milli-rpm
2026-07-07T15:51:42.364+00:00 CAN id=101 dlc=8 data=07380300e0930400
2026-07-07T15:51:42.384+00:00 BENCH step t=8.540s -> steer=211551mdeg wheel=300000milli-rpm
2026-07-07T15:51:42.384+00:00 CAN id=101 dlc=8 data=5f3a0300e0930400
2026-07-07T15:51:42.404+00:00 BENCH step t=8.560s -> steer=212151mdeg wheel=300000milli-rpm
2026-07-07T15:51:42.404+00:00 CAN id=101 dlc=8 data=b73c0300e0930400
2026-07-07T15:51:42.424+00:00 BENCH step t=8.580s -> steer=212751mdeg wheel=300000milli-rpm
2026-07-07T15:51:42.424+00:00 CAN id=101 dlc=8 data=0f3f0300e0930400
2026-07-07T15:51:42.444+00:00 BENCH step t=8.600s -> steer=213351mdeg wheel=300000milli-rpm
2026-07-07T15:51:42.444+00:00 CAN id=101 dlc=8 data=67410300e0930400
2026-07-07T15:51:42.456+00:00 VCP run=1 step=0 angle=207861 target=210351 err=2490 steer=4979 m1=2069/109972 i1=212 t1=29 m2=-1817/-96278 i2=-237 t2=29 steerMode=6847/7045 iSteer=-12156 driveMode=103125/102458 iDrive=224451 scale=0 wheel=300000 ffS=0
2026-07-07T15:51:42.464+00:00 BENCH step t=8.620s -> steer=213951mdeg wheel=300000milli-rpm
2026-07-07T15:51:42.464+00:00 CAN id=101 dlc=8 data=bf430300e0930400
2026-07-07T15:51:42.484+00:00 BENCH step t=8.640s -> steer=214551mdeg wheel=300000milli-rpm
2026-07-07T15:51:42.484+00:00 CAN id=101 dlc=8 data=17460300e0930400
2026-07-07T15:51:42.504+00:00 BENCH step t=8.660s -> steer=215151mdeg wheel=300000milli-rpm
2026-07-07T15:51:42.504+00:00 CAN id=101 dlc=8 data=6f480300e0930400
2026-07-07T15:51:42.524+00:00 BENCH step t=8.680s -> steer=215751mdeg wheel=300000milli-rpm
2026-07-07T15:51:42.524+00:00 CAN id=101 dlc=8 data=c74a0300e0930400
2026-07-07T15:51:42.544+00:00 BENCH step t=8.700s -> steer=216351mdeg wheel=300000milli-rpm
2026-07-07T15:51:42.544+00:00 CAN id=101 dlc=8 data=1f4d0300e0930400
2026-07-07T15:51:42.559+00:00 VCP run=1 step=0 angle=210410 target=213351 err=2941 steer=5882 m1=2113/111212 i1=238 t1=29 m2=-1844/-95038 i2=-141 t2=29 steerMode=8087/7090 iSteer=48881 driveMode=103125/103614 iDrive=189413 scale=0 wheel=300000 ffS=0
2026-07-07T15:51:42.564+00:00 BENCH step t=8.720s -> steer=216951mdeg wheel=300000milli-rpm
2026-07-07T15:51:42.564+00:00 CAN id=101 dlc=8 data=774f0300e0930400
2026-07-07T15:51:42.584+00:00 BENCH step t=8.740s -> steer=217551mdeg wheel=300000milli-rpm
2026-07-07T15:51:42.584+00:00 CAN id=101 dlc=8 data=cf510300e0930400
2026-07-07T15:51:42.604+00:00 BENCH step t=8.760s -> steer=218151mdeg wheel=300000milli-rpm
2026-07-07T15:51:42.604+00:00 CAN id=101 dlc=8 data=27540300e0930400
2026-07-07T15:51:42.624+00:00 BENCH step t=8.780s -> steer=218751mdeg wheel=300000milli-rpm
2026-07-07T15:51:42.624+00:00 CAN id=101 dlc=8 data=7f560300e0930400
2026-07-07T15:51:42.644+00:00 BENCH step t=8.800s -> steer=219351mdeg wheel=300000milli-rpm
2026-07-07T15:51:42.644+00:00 CAN id=101 dlc=8 data=d7580300e0930400
2026-07-07T15:51:42.663+00:00 VCP run=1 step=0 angle=213662 target=216351 err=2689 steer=5378 m1=2094/110519 i1=199 t1=29 m2=-1827/-95731 i2=-168 t2=29 steerMode=7394/7044 iSteer=15649 driveMode=103125/103748 iDrive=183771 scale=0 wheel=300000 ffS=0
2026-07-07T15:51:42.664+00:00 BENCH step t=8.820s -> steer=219951mdeg wheel=300000milli-rpm
2026-07-07T15:51:42.664+00:00 CAN id=101 dlc=8 data=2f5b0300e0930400
2026-07-07T15:51:42.684+00:00 BENCH step t=8.840s -> steer=220551mdeg wheel=300000milli-rpm
2026-07-07T15:51:42.684+00:00 CAN id=101 dlc=8 data=875d0300e0930400
2026-07-07T15:51:42.704+00:00 BENCH step t=8.860s -> steer=221151mdeg wheel=300000milli-rpm
2026-07-07T15:51:42.704+00:00 CAN id=101 dlc=8 data=df5f0300e0930400
2026-07-07T15:51:42.724+00:00 BENCH step t=8.880s -> steer=221751mdeg wheel=300000milli-rpm
2026-07-07T15:51:42.724+00:00 CAN id=101 dlc=8 data=37620300e0930400
2026-07-07T15:51:42.744+00:00 BENCH step t=8.900s -> steer=222351mdeg wheel=300000milli-rpm
2026-07-07T15:51:42.744+00:00 CAN id=101 dlc=8 data=8f640300e0930400
2026-07-07T15:51:42.764+00:00 BENCH step t=8.920s -> steer=222951mdeg wheel=300000milli-rpm
2026-07-07T15:51:42.764+00:00 CAN id=101 dlc=8 data=e7660300e0930400
2026-07-07T15:51:42.766+00:00 VCP run=1 step=0 angle=216826 target=219351 err=2525 steer=5050 m1=2088/110068 i1=216 t1=29 m2=-1806/-96182 i2=-198 t2=29 steerMode=6943/6690 iSteer=9088 driveMode=103125/102981 iDrive=206862 scale=0 wheel=300000 ffS=0
2026-07-07T15:51:42.784+00:00 BENCH step t=8.940s -> steer=223551mdeg wheel=300000milli-rpm
2026-07-07T15:51:42.784+00:00 CAN id=101 dlc=8 data=3f690300e0930400
2026-07-07T15:51:42.804+00:00 BENCH step t=8.960s -> steer=224151mdeg wheel=300000milli-rpm
2026-07-07T15:51:42.804+00:00 CAN id=101 dlc=8 data=976b0300e0930400
2026-07-07T15:51:42.824+00:00 BENCH step t=8.980s -> steer=224751mdeg wheel=300000milli-rpm
2026-07-07T15:51:42.824+00:00 CAN id=101 dlc=8 data=ef6d0300e0930400
2026-07-07T15:51:42.844+00:00 BENCH step t=9.000s -> steer=225351mdeg wheel=300000milli-rpm
2026-07-07T15:51:42.844+00:00 CAN id=101 dlc=8 data=47700300e0930400
2026-07-07T15:51:42.864+00:00 BENCH step t=9.020s -> steer=225951mdeg wheel=300000milli-rpm
2026-07-07T15:51:42.864+00:00 CAN id=101 dlc=8 data=9f720300e0930400
2026-07-07T15:51:42.869+00:00 VCP run=1 step=0 angle=219463 target=222351 err=2888 steer=5776 m1=2080/111067 i1=296 t1=29 m2=-1823/-95183 i2=-99 t2=29 steerMode=7942/5929 iSteer=98856 driveMode=103125/103288 iDrive=197436 scale=0 wheel=300000 ffS=0
2026-07-07T15:51:42.870+00:00 VCP run=1 step=0 angle=222451 target=225351 err=2900 steer=5800 m1=2111/111100 i1=227 t1=29 m2=-1842/-95150 i2=-142 t2=29 steerMode=7975/7080 iSteer=42725 driveMode=103125/103720 iDrive=184444 scale=0 wheel=300000 ffS=0
2026-07-07T15:51:42.884+00:00 BENCH step t=9.040s -> steer=226551mdeg wheel=300000milli-rpm
2026-07-07T15:51:42.884+00:00 CAN id=101 dlc=8 data=f7740300e0930400
2026-07-07T15:51:42.904+00:00 BENCH step t=9.060s -> steer=227151mdeg wheel=300000milli-rpm
2026-07-07T15:51:42.904+00:00 CAN id=101 dlc=8 data=4f770300e0930400
2026-07-07T15:51:42.924+00:00 BENCH step t=9.080s -> steer=227751mdeg wheel=300000milli-rpm
2026-07-07T15:51:42.924+00:00 CAN id=101 dlc=8 data=a7790300e0930400
2026-07-07T15:51:42.944+00:00 BENCH step t=9.100s -> steer=228351mdeg wheel=300000milli-rpm
2026-07-07T15:51:42.944+00:00 CAN id=101 dlc=8 data=ff7b0300e0930400
2026-07-07T15:51:42.964+00:00 BENCH step t=9.120s -> steer=228951mdeg wheel=300000milli-rpm
2026-07-07T15:51:42.964+00:00 CAN id=101 dlc=8 data=577e0300e0930400
2026-07-07T15:51:42.984+00:00 BENCH step t=9.140s -> steer=229551mdeg wheel=300000milli-rpm
2026-07-07T15:51:42.984+00:00 CAN id=101 dlc=8 data=af800300e0930400
2026-07-07T15:51:43.004+00:00 BENCH step t=9.160s -> steer=230151mdeg wheel=300000milli-rpm
2026-07-07T15:51:43.004+00:00 CAN id=101 dlc=8 data=07830300e0930400
2026-07-07T15:51:43.024+00:00 BENCH step t=9.180s -> steer=230751mdeg wheel=300000milli-rpm
2026-07-07T15:51:43.024+00:00 CAN id=101 dlc=8 data=5f850300e0930400
2026-07-07T15:51:43.044+00:00 BENCH step t=9.200s -> steer=231351mdeg wheel=300000milli-rpm
2026-07-07T15:51:43.044+00:00 CAN id=101 dlc=8 data=b7870300e0930400
2026-07-07T15:51:43.050+00:00 VCP SET_TARGET_RX steer=225951 wheel=300000
2026-07-07T15:51:43.051+00:00 VCP run=1 step=0 angle=225615 target=228351 err=2736 steer=5472 m1=2103/110648 i1=221 t1=29 m2=-1817/-95602 i2=-195 t2=29 steerMode=7523/7193 iSteer=12773 driveMode=103125/102929 iDrive=208032 scale=0 wheel=300000 ffS=0
2026-07-07T15:51:43.064+00:00 BENCH step t=9.220s -> steer=231951mdeg wheel=300000milli-rpm
2026-07-07T15:51:43.064+00:00 CAN id=101 dlc=8 data=0f8a0300e0930400
2026-07-07T15:51:43.084+00:00 BENCH step t=9.240s -> steer=232551mdeg wheel=300000milli-rpm
2026-07-07T15:51:43.084+00:00 CAN id=101 dlc=8 data=678c0300e0930400
2026-07-07T15:51:43.104+00:00 BENCH step t=9.260s -> steer=233151mdeg wheel=300000milli-rpm
2026-07-07T15:51:43.104+00:00 CAN id=101 dlc=8 data=bf8e0300e0930400
2026-07-07T15:51:43.124+00:00 BENCH step t=9.280s -> steer=233751mdeg wheel=300000milli-rpm
2026-07-07T15:51:43.124+00:00 CAN id=101 dlc=8 data=17910300e0930400
2026-07-07T15:51:43.144+00:00 BENCH step t=9.300s -> steer=234351mdeg wheel=300000milli-rpm
2026-07-07T15:51:43.144+00:00 CAN id=101 dlc=8 data=6f930300e0930400
2026-07-07T15:51:43.154+00:00 VCP run=1 step=0 angle=228604 target=231351 err=2747 steer=5495 m1=2105/110681 i1=223 t1=29 m2=-1884/-95569 i2=-135 t2=29 steerMode=7556/6601 iSteer=43992 driveMode=103125/103893 iDrive=178567 scale=0 wheel=300000 ffS=0
2026-07-07T15:51:43.164+00:00 BENCH step t=9.320s -> steer=234951mdeg wheel=300000milli-rpm
2026-07-07T15:51:43.164+00:00 CAN id=101 dlc=8 data=c7950300e0930400
2026-07-07T15:51:43.184+00:00 BENCH step t=9.340s -> steer=235551mdeg wheel=300000milli-rpm
2026-07-07T15:51:43.184+00:00 CAN id=101 dlc=8 data=1f980300e0930400
2026-07-07T15:51:43.204+00:00 BENCH step t=9.360s -> steer=236151mdeg wheel=300000milli-rpm
2026-07-07T15:51:43.204+00:00 CAN id=101 dlc=8 data=779a0300e0930400
2026-07-07T15:51:43.224+00:00 BENCH step t=9.380s -> steer=236751mdeg wheel=300000milli-rpm
2026-07-07T15:51:43.224+00:00 CAN id=101 dlc=8 data=cf9c0300e0930400
2026-07-07T15:51:43.244+00:00 BENCH step t=9.400s -> steer=237351mdeg wheel=300000milli-rpm
2026-07-07T15:51:43.244+00:00 CAN id=101 dlc=8 data=279f0300e0930400
2026-07-07T15:51:43.257+00:00 VCP run=1 step=0 angle=232031 target=234351 err=2320 steer=4640 m1=2086/109504 i1=153 t1=29 m2=-1815/-96746 i2=-241 t2=29 steerMode=6379/7177 iSteer=-44101 driveMode=103125/103239 iDrive=197033 scale=0 wheel=300000 ffS=0
2026-07-07T15:51:43.264+00:00 BENCH step t=9.420s -> steer=237951mdeg wheel=300000milli-rpm
2026-07-07T15:51:43.264+00:00 CAN id=101 dlc=8 data=7fa10300e0930400
2026-07-07T15:51:43.284+00:00 BENCH step t=9.440s -> steer=238551mdeg wheel=300000milli-rpm
2026-07-07T15:51:43.284+00:00 CAN id=101 dlc=8 data=d7a30300e0930400
2026-07-07T15:51:43.304+00:00 BENCH step t=9.460s -> steer=239151mdeg wheel=300000milli-rpm
2026-07-07T15:51:43.304+00:00 CAN id=101 dlc=8 data=2fa60300e0930400
2026-07-07T15:51:43.324+00:00 BENCH step t=9.480s -> steer=239751mdeg wheel=300000milli-rpm
2026-07-07T15:51:43.324+00:00 CAN id=101 dlc=8 data=87a80300e0930400
2026-07-07T15:51:43.344+00:00 BENCH step t=9.500s -> steer=240351mdeg wheel=300000milli-rpm
2026-07-07T15:51:43.344+00:00 CAN id=101 dlc=8 data=dfaa0300e0930400
2026-07-07T15:51:43.361+00:00 VCP run=1 step=0 angle=234492 target=237351 err=2859 steer=5718 m1=2092/110987 i1=262 t1=29 m2=-1802/-95263 i2=-201 t2=29 steerMode=7862/7158 iSteer=30214 driveMode=103125/102135 iDrive=231355 scale=0 wheel=300000 ffS=0
2026-07-07T15:51:43.364+00:00 BENCH step t=9.520s -> steer=240951mdeg wheel=300000milli-rpm
2026-07-07T15:51:43.364+00:00 CAN id=101 dlc=8 data=37ad0300e0930400
2026-07-07T15:51:43.384+00:00 BENCH step t=9.540s -> steer=241551mdeg wheel=300000milli-rpm
2026-07-07T15:51:43.384+00:00 CAN id=101 dlc=8 data=8faf0300e0930400
2026-07-07T15:51:43.404+00:00 BENCH step t=9.560s -> steer=242151mdeg wheel=300000milli-rpm
2026-07-07T15:51:43.404+00:00 CAN id=101 dlc=8 data=e7b10300e0930400
2026-07-07T15:51:43.424+00:00 BENCH step t=9.580s -> steer=242751mdeg wheel=300000milli-rpm
2026-07-07T15:51:43.424+00:00 CAN id=101 dlc=8 data=3fb40300e0930400
2026-07-07T15:51:43.444+00:00 BENCH step t=9.600s -> steer=243351mdeg wheel=300000milli-rpm
2026-07-07T15:51:43.444+00:00 CAN id=101 dlc=8 data=97b60300e0930400
2026-07-07T15:51:43.460+00:00 VCP run=1 step=0 angle=237920 target=240351 err=2431 steer=4862 m1=2065/109811 i1=242 t1=29 m2=-1888/-96440 i2=-145 t2=29 steerMode=6686/5580 iSteer=48586 driveMode=103125/103420 iDrive=193721 scale=0 wheel=300000 ffS=0
2026-07-07T15:51:43.460+00:00 VCP SET_TARGET_RX steer=240951 wheel=300000
2026-07-07T15:51:43.464+00:00 BENCH step t=9.620s -> steer=243951mdeg wheel=300000milli-rpm
2026-07-07T15:51:43.464+00:00 CAN id=101 dlc=8 data=efb80300e0930400
2026-07-07T15:51:43.484+00:00 BENCH step t=9.640s -> steer=244551mdeg wheel=300000milli-rpm
2026-07-07T15:51:43.484+00:00 CAN id=101 dlc=8 data=47bb0300e0930400
2026-07-07T15:51:43.504+00:00 BENCH step t=9.660s -> steer=245151mdeg wheel=300000milli-rpm
2026-07-07T15:51:43.504+00:00 CAN id=101 dlc=8 data=9fbd0300e0930400
2026-07-07T15:51:43.524+00:00 BENCH step t=9.680s -> steer=245751mdeg wheel=300000milli-rpm
2026-07-07T15:51:43.524+00:00 CAN id=101 dlc=8 data=f7bf0300e0930400
2026-07-07T15:51:43.544+00:00 BENCH step t=9.700s -> steer=246351mdeg wheel=300000milli-rpm
2026-07-07T15:51:43.544+00:00 CAN id=101 dlc=8 data=4fc20300e0930400
2026-07-07T15:51:43.564+00:00 BENCH step t=9.720s -> steer=246951mdeg wheel=300000milli-rpm
2026-07-07T15:51:43.564+00:00 VCP run=1 step=0 angle=239941 target=243351 err=3410 steer=6819 m1=2147/112501 i1=240 t1=29 m2=-1771/-93749 i2=-130 t2=29 steerMode=9376/8251 iSteer=54883 driveMode=103125/103686 iDrive=184726 scale=0 wheel=300000 ffS=0
2026-07-07T15:51:43.564+00:00 CAN id=101 dlc=8 data=a7c40300e0930400
2026-07-07T15:51:43.584+00:00 BENCH step t=9.740s -> steer=247551mdeg wheel=300000milli-rpm
2026-07-07T15:51:43.584+00:00 CAN id=101 dlc=8 data=ffc60300e0930400
2026-07-07T15:51:43.604+00:00 BENCH step t=9.760s -> steer=248151mdeg wheel=300000milli-rpm
2026-07-07T15:51:43.604+00:00 CAN id=101 dlc=8 data=57c90300e0930400
2026-07-07T15:51:43.624+00:00 BENCH step t=9.780s -> steer=248751mdeg wheel=300000milli-rpm
2026-07-07T15:51:43.624+00:00 CAN id=101 dlc=8 data=afcb0300e0930400
2026-07-07T15:51:43.644+00:00 BENCH step t=9.800s -> steer=249351mdeg wheel=300000milli-rpm
2026-07-07T15:51:43.644+00:00 CAN id=101 dlc=8 data=07ce0300e0930400
2026-07-07T15:51:43.664+00:00 BENCH step t=9.820s -> steer=249951mdeg wheel=300000milli-rpm
2026-07-07T15:51:43.664+00:00 CAN id=101 dlc=8 data=5fd00300e0930400
2026-07-07T15:51:43.684+00:00 BENCH step t=9.840s -> steer=250551mdeg wheel=300000milli-rpm
2026-07-07T15:51:43.684+00:00 CAN id=101 dlc=8 data=b7d20300e0930400
2026-07-07T15:51:43.704+00:00 BENCH step t=9.860s -> steer=251151mdeg wheel=300000milli-rpm
2026-07-07T15:51:43.704+00:00 CAN id=101 dlc=8 data=0fd50300e0930400
2026-07-07T15:51:43.724+00:00 BENCH step t=9.880s -> steer=251751mdeg wheel=300000milli-rpm
2026-07-07T15:51:43.724+00:00 CAN id=101 dlc=8 data=67d70300e0930400
2026-07-07T15:51:43.744+00:00 BENCH step t=9.900s -> steer=252351mdeg wheel=300000milli-rpm
2026-07-07T15:51:43.744+00:00 CAN id=101 dlc=8 data=bfd90300e0930400
2026-07-07T15:51:43.748+00:00 VCP run=1 step=0 angle=243809 target=246351 err=2542 steer=5085 m1=2071/110117 i1=210 t1=29 m2=-1832/-96133 i2=-226 t2=29 steerMode=6992/7035 iSteer=-8208 driveMode=103125/102563 iDrive=218253 scale=0 wheel=300000 ffS=0
2026-07-07T15:51:43.748+00:00 VCP run=1 step=0 angle=246357 target=249351 err=2994 steer=5987 m1=2103/111357 i1=257 t1=29 m2=-1798/-94893 i2=-160 t2=29 steerMode=8232/7158 iSteer=48617 driveMode=103125/102929 iDrive=208382 scale=0 wheel=300000 ffS=0
2026-07-07T15:51:43.764+00:00 BENCH step t=9.920s -> steer=252951mdeg wheel=300000milli-rpm
2026-07-07T15:51:43.764+00:00 CAN id=101 dlc=8 data=17dc0300e0930400
2026-07-07T15:51:43.784+00:00 BENCH step t=9.940s -> steer=253551mdeg wheel=300000milli-rpm
2026-07-07T15:51:43.784+00:00 CAN id=101 dlc=8 data=6fde0300e0930400
2026-07-07T15:51:43.804+00:00 BENCH step t=9.960s -> steer=254151mdeg wheel=300000milli-rpm
2026-07-07T15:51:43.804+00:00 CAN id=101 dlc=8 data=c7e00300e0930400
2026-07-07T15:51:43.824+00:00 BENCH step t=9.980s -> steer=254751mdeg wheel=300000milli-rpm
2026-07-07T15:51:43.824+00:00 CAN id=101 dlc=8 data=1fe30300e0930400
2026-07-07T15:51:43.844+00:00 BENCH step t=10.000s -> steer=255351mdeg wheel=300000milli-rpm
2026-07-07T15:51:43.844+00:00 CAN id=101 dlc=8 data=77e50300e0930400
2026-07-07T15:51:43.852+00:00 VCP run=1 step=0 angle=249785 target=252351 err=2566 steer=5132 m1=2061/110181 i1=235 t1=29 m2=-1842/-96069 i2=-183 t2=29 steerMode=7056/6413 iSteer=25869 driveMode=103125/102902 iDrive=209238 scale=0 wheel=300000 ffS=0
2026-07-07T15:51:43.864+00:00 BENCH step t=10.020s -> steer=255951mdeg wheel=300000milli-rpm
2026-07-07T15:51:43.864+00:00 CAN id=101 dlc=8 data=cfe70300e0930400
2026-07-07T15:51:43.884+00:00 BENCH step t=10.040s -> steer=256551mdeg wheel=300000milli-rpm
2026-07-07T15:51:43.884+00:00 CAN id=101 dlc=8 data=27ea0300e0930400
2026-07-07T15:51:43.904+00:00 BENCH step t=10.060s -> steer=257151mdeg wheel=300000milli-rpm
2026-07-07T15:51:43.904+00:00 CAN id=101 dlc=8 data=7fec0300e0930400
2026-07-07T15:51:43.924+00:00 BENCH step t=10.080s -> steer=257751mdeg wheel=300000milli-rpm
2026-07-07T15:51:43.924+00:00 CAN id=101 dlc=8 data=d7ee0300e0930400
2026-07-07T15:51:43.944+00:00 BENCH step t=10.100s -> steer=258351mdeg wheel=300000milli-rpm
2026-07-07T15:51:43.944+00:00 CAN id=101 dlc=8 data=2ff10300e0930400
2026-07-07T15:51:43.951+00:00 VCP run=1 step=0 angle=252686 target=255351 err=2665 steer=5331 m1=2069/110455 i1=247 t1=29 m2=-1771/-95795 i2=-212 t2=29 steerMode=7330/6845 iSteer=17770 driveMode=103125/102254 iDrive=229276 scale=0 wheel=300000 ffS=0
2026-07-07T15:51:43.951+00:00 VCP SET_TARGET_RX steer=255951 wheel=300000
2026-07-07T15:51:43.964+00:00 BENCH step t=10.120s -> steer=258951mdeg wheel=300000milli-rpm
2026-07-07T15:51:43.964+00:00 CAN id=101 dlc=8 data=87f30300e0930400
2026-07-07T15:51:43.984+00:00 BENCH step t=10.140s -> steer=259551mdeg wheel=300000milli-rpm
2026-07-07T15:51:43.984+00:00 CAN id=101 dlc=8 data=dff50300e0930400
2026-07-07T15:51:44.004+00:00 BENCH step t=10.160s -> steer=260151mdeg wheel=300000milli-rpm
2026-07-07T15:51:44.004+00:00 CAN id=101 dlc=8 data=37f80300e0930400
2026-07-07T15:51:44.024+00:00 BENCH step t=10.180s -> steer=260751mdeg wheel=300000milli-rpm
2026-07-07T15:51:44.024+00:00 CAN id=101 dlc=8 data=8ffa0300e0930400
2026-07-07T15:51:44.044+00:00 BENCH step t=10.200s -> steer=261351mdeg wheel=300000milli-rpm
2026-07-07T15:51:44.044+00:00 CAN id=101 dlc=8 data=e7fc0300e0930400
2026-07-07T15:51:44.055+00:00 VCP run=1 step=0 angle=255586 target=258351 err=2765 steer=5530 m1=2075/110729 i1=270 t1=29 m2=-1848/-95521 i2=-159 t2=29 steerMode=7604/6343 iSteer=55348 driveMode=103125/102779 iDrive=214667 scale=0 wheel=300000 ffS=0
2026-07-07T15:51:44.064+00:00 BENCH step t=10.220s -> steer=261951mdeg wheel=300000milli-rpm
2026-07-07T15:51:44.064+00:00 CAN id=101 dlc=8 data=3fff0300e0930400
2026-07-07T15:51:44.084+00:00 BENCH step t=10.240s -> steer=262551mdeg wheel=300000milli-rpm
2026-07-07T15:51:44.084+00:00 CAN id=101 dlc=8 data=97010400e0930400
2026-07-07T15:51:44.104+00:00 BENCH step t=10.260s -> steer=263151mdeg wheel=300000milli-rpm
2026-07-07T15:51:44.104+00:00 CAN id=101 dlc=8 data=ef030400e0930400
2026-07-07T15:51:44.124+00:00 BENCH step t=10.280s -> steer=263751mdeg wheel=300000milli-rpm
2026-07-07T15:51:44.124+00:00 CAN id=101 dlc=8 data=47060400e0930400
2026-07-07T15:51:44.144+00:00 BENCH step t=10.300s -> steer=264351mdeg wheel=300000milli-rpm
2026-07-07T15:51:44.144+00:00 CAN id=101 dlc=8 data=9f080400e0930400
2026-07-07T15:51:44.158+00:00 VCP run=1 step=0 angle=258223 target=261351 err=3128 steer=6257 m1=2117/111728 i1=248 t1=29 m2=-1821/-94522 i2=-104 t2=29 steerMode=8603/7059 iSteer=71756 driveMode=103125/104041 iDrive=176158 scale=0 wheel=300000 ffS=0
2026-07-07T15:51:44.164+00:00 BENCH step t=10.320s -> steer=264951mdeg wheel=300000milli-rpm
2026-07-07T15:51:44.164+00:00 CAN id=101 dlc=8 data=f70a0400e0930400
2026-07-07T15:51:44.184+00:00 BENCH step t=10.340s -> steer=265551mdeg wheel=300000milli-rpm
2026-07-07T15:51:44.184+00:00 CAN id=101 dlc=8 data=4f0d0400e0930400
2026-07-07T15:51:44.204+00:00 BENCH step t=10.360s -> steer=266151mdeg wheel=300000milli-rpm
2026-07-07T15:51:44.204+00:00 CAN id=101 dlc=8 data=a70f0400e0930400
2026-07-07T15:51:44.224+00:00 BENCH step t=10.380s -> steer=266751mdeg wheel=300000milli-rpm
2026-07-07T15:51:44.224+00:00 CAN id=101 dlc=8 data=ff110400e0930400
2026-07-07T15:51:44.244+00:00 BENCH step t=10.400s -> steer=267351mdeg wheel=300000milli-rpm
2026-07-07T15:51:44.244+00:00 CAN id=101 dlc=8 data=57140400e0930400
2026-07-07T15:51:44.262+00:00 VCP run=1 step=0 angle=262178 target=264351 err=2173 steer=4347 m1=2086/109102 i1=131 t1=29 m2=-1888/-97148 i2=-267 t2=29 steerMode=5977/7168 iSteer=-68097 driveMode=103125/103269 iDrive=198679 scale=0 wheel=300000 ffS=0
2026-07-07T15:51:44.264+00:00 BENCH step t=10.420s -> steer=267951mdeg wheel=300000milli-rpm
2026-07-07T15:51:44.264+00:00 CAN id=101 dlc=8 data=af160400e0930400
2026-07-07T15:51:44.284+00:00 BENCH step t=10.440s -> steer=268551mdeg wheel=300000milli-rpm
2026-07-07T15:51:44.284+00:00 CAN id=101 dlc=8 data=07190400e0930400
2026-07-07T15:51:44.304+00:00 BENCH step t=10.460s -> steer=269151mdeg wheel=300000milli-rpm
2026-07-07T15:51:44.304+00:00 CAN id=101 dlc=8 data=5f1b0400e0930400
2026-07-07T15:51:44.324+00:00 BENCH step t=10.480s -> steer=269751mdeg wheel=300000milli-rpm
2026-07-07T15:51:44.324+00:00 CAN id=101 dlc=8 data=b71d0400e0930400
2026-07-07T15:51:44.344+00:00 BENCH step t=10.500s -> steer=270351mdeg wheel=300000milli-rpm
2026-07-07T15:51:44.344+00:00 CAN id=101 dlc=8 data=0f200400e0930400
2026-07-07T15:51:44.364+00:00 BENCH step t=10.520s -> steer=270951mdeg wheel=300000milli-rpm
2026-07-07T15:51:44.364+00:00 CAN id=101 dlc=8 data=67220400e0930400
2026-07-07T15:51:44.365+00:00 VCP run=1 step=0 angle=264287 target=267351 err=3064 steer=6128 m1=2100/111551 i1=263 t1=29 m2=-1823/-94699 i2=-169 t2=29 steerMode=8426/7349 iSteer=47152 driveMode=103125/102701 iDrive=216244 scale=0 wheel=300000 ffS=0
2026-07-07T15:51:44.384+00:00 BENCH step t=10.540s -> steer=271551mdeg wheel=300000milli-rpm
2026-07-07T15:51:44.384+00:00 CAN id=101 dlc=8 data=bf240400e0930400
2026-07-07T15:51:44.404+00:00 BENCH step t=10.560s -> steer=272151mdeg wheel=300000milli-rpm
2026-07-07T15:51:44.404+00:00 CAN id=101 dlc=8 data=17270400e0930400
2026-07-07T15:51:44.424+00:00 BENCH step t=10.580s -> steer=272751mdeg wheel=300000milli-rpm
2026-07-07T15:51:44.424+00:00 CAN id=101 dlc=8 data=6f290400e0930400
2026-07-07T15:51:44.444+00:00 BENCH step t=10.600s -> steer=273351mdeg wheel=300000milli-rpm
2026-07-07T15:51:44.444+00:00 CAN id=101 dlc=8 data=c72b0400e0930400
2026-07-07T15:51:44.464+00:00 BENCH step t=10.620s -> steer=273951mdeg wheel=300000milli-rpm
2026-07-07T15:51:44.464+00:00 CAN id=101 dlc=8 data=1f2e0400e0930400
2026-07-07T15:51:44.465+00:00 VCP run=1 step=0 angle=267891 target=270351 err=2460 steer=4921 m1=2071/109891 i1=217 t1=29 m2=-1840/-96359 i2=-191 t2=29 steerMode=6766/6326 iSteer=12604 driveMode=103125/103112 iDrive=204069 scale=0 wheel=300000 ffS=0
2026-07-07T15:51:44.465+00:00 VCP SET_TARGET_RX steer=270951 wheel=300000
2026-07-07T15:51:44.484+00:00 BENCH step t=10.640s -> steer=274551mdeg wheel=300000milli-rpm
2026-07-07T15:51:44.484+00:00 CAN id=101 dlc=8 data=77300400e0930400
2026-07-07T15:51:44.504+00:00 BENCH step t=10.660s -> steer=275151mdeg wheel=300000milli-rpm
2026-07-07T15:51:44.504+00:00 CAN id=101 dlc=8 data=cf320400e0930400
2026-07-07T15:51:44.524+00:00 BENCH step t=10.680s -> steer=275751mdeg wheel=300000milli-rpm
2026-07-07T15:51:44.524+00:00 CAN id=101 dlc=8 data=27350400e0930400
2026-07-07T15:51:44.544+00:00 BENCH step t=10.700s -> steer=276351mdeg wheel=300000milli-rpm
2026-07-07T15:51:44.544+00:00 CAN id=101 dlc=8 data=7f370400e0930400
2026-07-07T15:51:44.564+00:00 BENCH step t=10.720s -> steer=276951mdeg wheel=300000milli-rpm
2026-07-07T15:51:44.564+00:00 CAN id=101 dlc=8 data=d7390400e0930400
2026-07-07T15:51:44.584+00:00 BENCH step t=10.740s -> steer=277551mdeg wheel=300000milli-rpm
2026-07-07T15:51:44.584+00:00 CAN id=101 dlc=8 data=2f3c0400e0930400
2026-07-07T15:51:44.604+00:00 BENCH step t=10.760s -> steer=278151mdeg wheel=300000milli-rpm
2026-07-07T15:51:44.604+00:00 CAN id=101 dlc=8 data=873e0400e0930400
2026-07-07T15:51:44.624+00:00 BENCH step t=10.780s -> steer=278751mdeg wheel=300000milli-rpm
2026-07-07T15:51:44.624+00:00 CAN id=101 dlc=8 data=df400400e0930400
2026-07-07T15:51:44.644+00:00 BENCH step t=10.800s -> steer=279351mdeg wheel=300000milli-rpm
2026-07-07T15:51:44.644+00:00 CAN id=101 dlc=8 data=37430400e0930400
2026-07-07T15:51:44.649+00:00 VCP run=1 step=0 angle=270615 target=273351 err=2736 steer=5472 m1=2096/110648 i1=218 t1=29 m2=-1827/-95602 i2=-216 t2=29 steerMode=7523/7335 iSteer=1176 driveMode=103125/102691 iDrive=217268 scale=0 wheel=300000 ffS=0
2026-07-07T15:51:44.649+00:00 VCP run=1 step=0 angle=273779 target=276351 err=2572 steer=5143 m1=2057/110197 i1=262 t1=29 m2=-1806/-96053 i2=-218 t2=29 steerMode=7072/6394 iSteer=22203 driveMode=103125/101998 iDrive=239925 scale=0 wheel=300000 ffS=0
2026-07-07T15:51:44.664+00:00 BENCH step t=10.820s -> steer=279951mdeg wheel=300000milli-rpm
2026-07-07T15:51:44.664+00:00 CAN id=101 dlc=8 data=8f450400e0930400
2026-07-07T15:51:44.684+00:00 BENCH step t=10.840s -> steer=280551mdeg wheel=300000milli-rpm
2026-07-07T15:51:44.684+00:00 CAN id=101 dlc=8 data=e7470400e0930400
2026-07-07T15:51:44.704+00:00 BENCH step t=10.860s -> steer=281151mdeg wheel=300000milli-rpm
2026-07-07T15:51:44.704+00:00 CAN id=101 dlc=8 data=3f4a0400e0930400
2026-07-07T15:51:44.724+00:00 BENCH step t=10.880s -> steer=281751mdeg wheel=300000milli-rpm
2026-07-07T15:51:44.724+00:00 CAN id=101 dlc=8 data=974c0400e0930400
2026-07-07T15:51:44.744+00:00 BENCH step t=10.900s -> steer=282351mdeg wheel=300000milli-rpm
2026-07-07T15:51:44.744+00:00 CAN id=101 dlc=8 data=ef4e0400e0930400
2026-07-07T15:51:44.753+00:00 VCP run=1 step=0 angle=276416 target=279351 err=2935 steer=5870 m1=2109/111196 i1=250 t1=29 m2=-1852/-95054 i2=-138 t2=29 steerMode=8071/6735 iSteer=56088 driveMode=103125/103584 iDrive=193597 scale=0 wheel=300000 ffS=0
2026-07-07T15:51:44.764+00:00 BENCH step t=10.920s -> steer=282951mdeg wheel=300000milli-rpm
2026-07-07T15:51:44.764+00:00 CAN id=101 dlc=8 data=47510400e0930400
2026-07-07T15:51:44.784+00:00 BENCH step t=10.940s -> steer=283551mdeg wheel=300000milli-rpm
2026-07-07T15:51:44.784+00:00 CAN id=101 dlc=8 data=9f530400e0930400
2026-07-07T15:51:44.804+00:00 BENCH step t=10.960s -> steer=284151mdeg wheel=300000milli-rpm
2026-07-07T15:51:44.804+00:00 CAN id=101 dlc=8 data=f7550400e0930400
2026-07-07T15:51:44.824+00:00 BENCH step t=10.980s -> steer=284751mdeg wheel=300000milli-rpm
2026-07-07T15:51:44.824+00:00 CAN id=101 dlc=8 data=4f580400e0930400
2026-07-07T15:51:44.844+00:00 BENCH step t=11.000s -> steer=285351mdeg wheel=300000milli-rpm
2026-07-07T15:51:44.844+00:00 CAN id=101 dlc=8 data=a75a0400e0930400
2026-07-07T15:51:44.856+00:00 VCP run=1 step=0 angle=279404 target=282351 err=2947 steer=5893 m1=2077/111228 i1=252 t1=29 m2=-1878/-95022 i2=-124 t2=29 steerMode=8103/6589 iSteer=63691 driveMode=103125/103735 iDrive=187972 scale=0 wheel=300000 ffS=0
2026-07-07T15:51:44.864+00:00 BENCH step t=11.020s -> steer=285951mdeg wheel=300000milli-rpm
2026-07-07T15:51:44.864+00:00 CAN id=101 dlc=8 data=ff5c0400e0930400
2026-07-07T15:51:44.884+00:00 BENCH step t=11.040s -> steer=286551mdeg wheel=300000milli-rpm
2026-07-07T15:51:44.884+00:00 CAN id=101 dlc=8 data=575f0400e0930400
2026-07-07T15:51:44.904+00:00 BENCH step t=11.060s -> steer=287151mdeg wheel=300000milli-rpm
2026-07-07T15:51:44.904+00:00 CAN id=101 dlc=8 data=af610400e0930400
2026-07-07T15:51:44.924+00:00 BENCH step t=11.080s -> steer=287751mdeg wheel=300000milli-rpm
2026-07-07T15:51:44.924+00:00 CAN id=101 dlc=8 data=07640400e0930400
2026-07-07T15:51:44.944+00:00 BENCH step t=11.100s -> steer=288351mdeg wheel=300000milli-rpm
2026-07-07T15:51:44.944+00:00 CAN id=101 dlc=8 data=5f660400e0930400
2026-07-07T15:51:44.956+00:00 VCP run=1 step=0 angle=282305 target=285351 err=3046 steer=6093 m1=2094/111502 i1=230 t1=29 m2=-1786/-94748 i2=-207 t2=29 steerMode=8377/7925 iSteer=11590 driveMode=103125/102719 iDrive=218185 scale=0 wheel=300000 ffS=0
2026-07-07T15:51:44.956+00:00 VCP SET_TARGET_RX steer=285951 wheel=300000
2026-07-07T15:51:44.964+00:00 BENCH step t=11.120s -> steer=288951mdeg wheel=300000milli-rpm
2026-07-07T15:51:44.964+00:00 CAN id=101 dlc=8 data=b7680400e0930400
2026-07-07T15:51:44.984+00:00 BENCH step t=11.140s -> steer=289551mdeg wheel=300000milli-rpm
2026-07-07T15:51:44.984+00:00 CAN id=101 dlc=8 data=0f6b0400e0930400
2026-07-07T15:51:45.004+00:00 BENCH step t=11.160s -> steer=290151mdeg wheel=300000milli-rpm
2026-07-07T15:51:45.004+00:00 CAN id=101 dlc=8 data=676d0400e0930400
2026-07-07T15:51:45.024+00:00 BENCH step t=11.180s -> steer=290751mdeg wheel=300000milli-rpm
2026-07-07T15:51:45.024+00:00 CAN id=101 dlc=8 data=bf6f0400e0930400
2026-07-07T15:51:45.044+00:00 BENCH step t=11.200s -> steer=291351mdeg wheel=300000milli-rpm
2026-07-07T15:51:45.044+00:00 CAN id=101 dlc=8 data=17720400e0930400
2026-07-07T15:51:45.059+00:00 VCP run=1 step=0 angle=286084 target=288351 err=2267 steer=4534 m1=2065/109359 i1=185 t1=29 m2=-1823/-96891 i2=-306 t2=29 steerMode=6234/7161 iSteer=-60457 driveMode=103125/101881 iDrive=245197 scale=0 wheel=300000 ffS=0
2026-07-07T15:51:45.064+00:00 BENCH step t=11.220s -> steer=291951mdeg wheel=300000milli-rpm
2026-07-07T15:51:45.064+00:00 CAN id=101 dlc=8 data=6f740400e0930400
2026-07-07T15:51:45.084+00:00 BENCH step t=11.240s -> steer=292551mdeg wheel=300000milli-rpm
2026-07-07T15:51:45.084+00:00 CAN id=101 dlc=8 data=c7760400e0930400
2026-07-07T15:51:45.104+00:00 BENCH step t=11.260s -> steer=293151mdeg wheel=300000milli-rpm
2026-07-07T15:51:45.104+00:00 CAN id=101 dlc=8 data=1f790400e0930400
2026-07-07T15:51:45.124+00:00 BENCH step t=11.280s -> steer=293751mdeg wheel=300000milli-rpm
2026-07-07T15:51:45.124+00:00 CAN id=101 dlc=8 data=777b0400e0930400
2026-07-07T15:51:45.144+00:00 BENCH step t=11.300s -> steer=294351mdeg wheel=300000milli-rpm
2026-07-07T15:51:45.144+00:00 CAN id=101 dlc=8 data=cf7d0400e0930400
2026-07-07T15:51:45.162+00:00 VCP run=1 step=0 angle=288457 target=291351 err=2894 steer=5788 m1=2071/111083 i1=325 t1=29 m2=-1811/-95167 i2=-115 t2=29 steerMode=7958/5569 iSteer=105111 driveMode=103125/102769 iDrive=220137 scale=0 wheel=300000 ffS=0
2026-07-07T15:51:45.164+00:00 BENCH step t=11.320s -> steer=294951mdeg wheel=300000milli-rpm
2026-07-07T15:51:45.164+00:00 CAN id=101 dlc=8 data=27800400e0930400
2026-07-07T15:51:45.184+00:00 BENCH step t=11.340s -> steer=295551mdeg wheel=300000milli-rpm
2026-07-07T15:51:45.184+00:00 CAN id=101 dlc=8 data=7f820400e0930400
2026-07-07T15:51:45.204+00:00 BENCH step t=11.360s -> steer=296151mdeg wheel=300000milli-rpm
2026-07-07T15:51:45.204+00:00 CAN id=101 dlc=8 data=d7840400e0930400
2026-07-07T15:51:45.224+00:00 BENCH step t=11.380s -> steer=296751mdeg wheel=300000milli-rpm
2026-07-07T15:51:45.224+00:00 CAN id=101 dlc=8 data=2f870400e0930400
2026-07-07T15:51:45.244+00:00 BENCH step t=11.400s -> steer=297351mdeg wheel=300000milli-rpm
2026-07-07T15:51:45.244+00:00 CAN id=101 dlc=8 data=87890400e0930400
2026-07-07T15:51:45.264+00:00 BENCH step t=11.420s -> steer=297951mdeg wheel=300000milli-rpm
2026-07-07T15:51:45.264+00:00 CAN id=101 dlc=8 data=df8b0400e0930400
2026-07-07T15:51:45.266+00:00 VCP run=1 step=0 angle=292236 target=294351 err=2115 steer=4229 m1=2069/108940 i1=140 t1=29 m2=-1865/-97310 i2=-306 t2=29 steerMode=5815/7124 iSteer=-82996 driveMode=103125/102726 iDrive=222512 scale=0 wheel=300000 ffS=0
2026-07-07T15:51:45.284+00:00 BENCH step t=11.440s -> steer=298551mdeg wheel=300000milli-rpm
2026-07-07T15:51:45.284+00:00 CAN id=101 dlc=8 data=378e0400e0930400
2026-07-07T15:51:45.304+00:00 BENCH step t=11.460s -> steer=299151mdeg wheel=300000milli-rpm
2026-07-07T15:51:45.304+00:00 CAN id=101 dlc=8 data=8f900400e0930400
2026-07-07T15:51:45.324+00:00 BENCH step t=11.480s -> steer=299751mdeg wheel=300000milli-rpm
2026-07-07T15:51:45.324+00:00 CAN id=101 dlc=8 data=e7920400e0930400
2026-07-07T15:51:45.344+00:00 BENCH step t=11.500s -> steer=300351mdeg wheel=300000milli-rpm
2026-07-07T15:51:45.344+00:00 CAN id=101 dlc=8 data=3f950400e0930400
2026-07-07T15:51:45.364+00:00 BENCH step t=11.520s -> steer=300951mdeg wheel=300000milli-rpm
2026-07-07T15:51:45.364+00:00 CAN id=101 dlc=8 data=97970400e0930400
2026-07-07T15:51:45.369+00:00 VCP run=1 step=0 angle=293994 target=297351 err=3357 steer=6714 m1=2128/112356 i1=301 t1=29 m2=-1804/-93894 i2=-71 t2=29 steerMode=9231/6644 iSteer=115045 driveMode=103125/103933 iDrive=185804 scale=0 wheel=300000 ffS=0
2026-07-07T15:51:45.369+00:00 VCP run=1 step=0 angle=297686 target=300351 err=2665 steer=5331 m1=2071/110455 i1=189 t1=29 m2=-1840/-95795 i2=-266 t2=29 steerMode=7330/7745 iSteer=-38413 driveMode=103125/102548 iDrive=227354 scale=0 wheel=300000 ffS=0
2026-07-07T15:51:45.384+00:00 BENCH step t=11.540s -> steer=301551mdeg wheel=300000milli-rpm
2026-07-07T15:51:45.384+00:00 CAN id=101 dlc=8 data=ef990400e0930400
2026-07-07T15:51:45.404+00:00 BENCH step t=11.560s -> steer=302151mdeg wheel=300000milli-rpm
2026-07-07T15:51:45.404+00:00 CAN id=101 dlc=8 data=479c0400e0930400
2026-07-07T15:51:45.424+00:00 BENCH step t=11.580s -> steer=302751mdeg wheel=300000milli-rpm
2026-07-07T15:51:45.424+00:00 CAN id=101 dlc=8 data=9f9e0400e0930400
2026-07-07T15:51:45.444+00:00 BENCH step t=11.600s -> steer=303351mdeg wheel=300000milli-rpm
2026-07-07T15:51:45.444+00:00 CAN id=101 dlc=8 data=f7a00400e0930400
2026-07-07T15:51:45.464+00:00 BENCH step t=11.620s -> steer=303951mdeg wheel=300000milli-rpm
2026-07-07T15:51:45.464+00:00 CAN id=101 dlc=8 data=4fa30400e0930400
2026-07-07T15:51:45.484+00:00 BENCH step t=11.640s -> steer=304551mdeg wheel=300000milli-rpm
2026-07-07T15:51:45.484+00:00 CAN id=101 dlc=8 data=a7a50400e0930400
2026-07-07T15:51:45.504+00:00 BENCH step t=11.660s -> steer=305151mdeg wheel=300000milli-rpm
2026-07-07T15:51:45.504+00:00 CAN id=101 dlc=8 data=ffa70400e0930400
2026-07-07T15:51:45.524+00:00 BENCH step t=11.680s -> steer=305751mdeg wheel=300000milli-rpm
2026-07-07T15:51:45.524+00:00 CAN id=101 dlc=8 data=57aa0400e0930400
2026-07-07T15:51:45.544+00:00 BENCH step t=11.700s -> steer=306351mdeg wheel=300000milli-rpm
2026-07-07T15:51:45.544+00:00 CAN id=101 dlc=8 data=afac0400e0930400
2026-07-07T15:51:45.550+00:00 VCP SET_TARGET_RX steer=300951 wheel=300000
2026-07-07T15:51:45.550+00:00 VCP run=1 step=0 angle=300410 target=303351 err=2941 steer=5882 m1=2086/111212 i1=248 t1=29 m2=-1742/-95038 i2=-250 t2=29 steerMode=8087/7768 iSteer=-1375 driveMode=103125/101871 iDrive=249039 scale=0 wheel=300000 ffS=0
2026-07-07T15:51:45.564+00:00 BENCH step t=11.720s -> steer=306951mdeg wheel=300000milli-rpm
2026-07-07T15:51:45.564+00:00 CAN id=101 dlc=8 data=07af0400e0930400
2026-07-07T15:51:45.584+00:00 BENCH step t=11.740s -> steer=307551mdeg wheel=300000milli-rpm
2026-07-07T15:51:45.584+00:00 CAN id=101 dlc=8 data=5fb10400e0930400
2026-07-07T15:51:45.604+00:00 BENCH step t=11.760s -> steer=308151mdeg wheel=300000milli-rpm
2026-07-07T15:51:45.604+00:00 CAN id=101 dlc=8 data=b7b30400e0930400
2026-07-07T15:51:45.624+00:00 BENCH step t=11.780s -> steer=308751mdeg wheel=300000milli-rpm
2026-07-07T15:51:45.624+00:00 CAN id=101 dlc=8 data=0fb60400e0930400
2026-07-07T15:51:45.644+00:00 BENCH step t=11.800s -> steer=309351mdeg wheel=300000milli-rpm
2026-07-07T15:51:45.644+00:00 CAN id=101 dlc=8 data=67b80400e0930400
2026-07-07T15:51:45.653+00:00 VCP run=1 step=0 angle=304189 target=306351 err=2162 steer=4323 m1=2061/109069 i1=182 t1=29 m2=-1884/-97181 i2=-272 t2=29 steerMode=5944/6417 iSteer=-44892 driveMode=103125/102670 iDrive=226899 scale=0 wheel=300000 ffS=0
2026-07-07T15:51:45.664+00:00 BENCH step t=11.820s -> steer=309951mdeg wheel=300000milli-rpm
2026-07-07T15:51:45.664+00:00 CAN id=101 dlc=8 data=bfba0400e0930400
2026-07-07T15:51:45.684+00:00 BENCH step t=11.840s -> steer=310551mdeg wheel=300000milli-rpm
2026-07-07T15:51:45.684+00:00 CAN id=101 dlc=8 data=17bd0400e0930400
2026-07-07T15:51:45.704+00:00 BENCH step t=11.860s -> steer=311151mdeg wheel=300000milli-rpm
2026-07-07T15:51:45.704+00:00 CAN id=101 dlc=8 data=6fbf0400e0930400
2026-07-07T15:51:45.724+00:00 BENCH step t=11.880s -> steer=311751mdeg wheel=300000milli-rpm
2026-07-07T15:51:45.724+00:00 CAN id=101 dlc=8 data=c7c10400e0930400
2026-07-07T15:51:45.744+00:00 BENCH step t=11.900s -> steer=312351mdeg wheel=300000milli-rpm
2026-07-07T15:51:45.744+00:00 CAN id=101 dlc=8 data=1fc40400e0930400
2026-07-07T15:51:45.757+00:00 VCP run=1 step=0 angle=306387 target=309351 err=2964 steer=5929 m1=2098/111277 i1=280 t1=29 m2=-1809/-94973 i2=-117 t2=29 steerMode=8152/6141 iSteer=81457 driveMode=103125/103625 iDrive=198173 scale=0 wheel=300000 ffS=0
2026-07-07T15:51:45.764+00:00 BENCH step t=11.920s -> steer=312951mdeg wheel=300000milli-rpm
2026-07-07T15:51:45.764+00:00 CAN id=101 dlc=8 data=77c60400e0930400
2026-07-07T15:51:45.784+00:00 BENCH step t=11.940s -> steer=313551mdeg wheel=300000milli-rpm
2026-07-07T15:51:45.784+00:00 CAN id=101 dlc=8 data=cfc80400e0930400
2026-07-07T15:51:45.804+00:00 BENCH step t=11.960s -> steer=314151mdeg wheel=300000milli-rpm
2026-07-07T15:51:45.804+00:00 CAN id=101 dlc=8 data=27cb0400e0930400
2026-07-07T15:51:45.824+00:00 BENCH step t=11.980s -> steer=314751mdeg wheel=300000milli-rpm
2026-07-07T15:51:45.824+00:00 CAN id=101 dlc=8 data=7fcd0400e0930400
2026-07-07T15:51:45.844+00:00 BENCH step t=12.000s -> steer=315351mdeg wheel=300000milli-rpm
2026-07-07T15:51:45.844+00:00 CAN id=101 dlc=8 data=d7cf0400e0930400
2026-07-07T15:51:45.860+00:00 VCP run=1 step=0 angle=310166 target=312351 err=2185 steer=4370 m1=2054/109134 i1=151 t1=29 m2=-1786/-97116 i2=-334 t2=29 steerMode=6009/7372 iSteer=-91209 driveMode=103125/102156 iDrive=242555 scale=0 wheel=300000 ffS=0
2026-07-07T15:51:45.864+00:00 CAN id=101 dlc=8 data=d7cf0400e0930400
2026-07-07T15:51:45.884+00:00 CAN id=101 dlc=8 data=d7cf0400e0930400
2026-07-07T15:51:45.904+00:00 CAN id=101 dlc=8 data=d7cf0400e0930400
2026-07-07T15:51:45.924+00:00 CAN id=101 dlc=8 data=d7cf0400e0930400
2026-07-07T15:51:45.944+00:00 CAN id=101 dlc=8 data=d7cf0400e0930400
2026-07-07T15:51:45.960+00:00 VCP run=1 step=0 angle=312451 target=315351 err=2900 steer=5800 m1=2096/111100 i1=286 t1=29 m2=-1867/-95150 i2=-120 t2=29 steerMode=7975/5870 iSteer=83116 driveMode=103125/103509 iDrive=203040 scale=0 wheel=300000 ffS=0
2026-07-07T15:51:45.960+00:00 VCP SET_TARGET_RX steer=315351 wheel=300000
2026-07-07T15:51:45.964+00:00 CAN id=101 dlc=8 data=d7cf0400e0930400
2026-07-07T15:51:45.984+00:00 CAN id=101 dlc=8 data=d7cf0400e0930400
2026-07-07T15:51:46.004+00:00 CAN id=101 dlc=8 data=d7cf0400e0930400
2026-07-07T15:51:46.024+00:00 CAN id=101 dlc=8 data=d7cf0400e0930400
2026-07-07T15:51:46.044+00:00 CAN id=101 dlc=8 data=d7cf0400e0930400
2026-07-07T15:51:46.063+00:00 VCP run=1 step=0 angle=315264 target=315351 err=87 steer=0 m1=1994/103125 i1=-21 t1=29 m2=-1991/-103125 i2=-371 t2=29 steerMode=0/3348 iSteer=-195851 driveMode=103125/104371 iDrive=175020 scale=0 wheel=300000 ffS=0
2026-07-07T15:51:46.064+00:00 CAN id=101 dlc=8 data=d7cf0400e0930400
2026-07-07T15:51:46.084+00:00 CAN id=101 dlc=8 data=d7cf0400e0930400
2026-07-07T15:51:46.104+00:00 CAN id=101 dlc=8 data=d7cf0400e0930400
2026-07-07T15:51:46.124+00:00 CAN id=101 dlc=8 data=d7cf0400e0930400
2026-07-07T15:51:46.144+00:00 CAN id=101 dlc=8 data=d7cf0400e0930400
2026-07-07T15:51:46.164+00:00 CAN id=101 dlc=8 data=d7cf0400e0930400
2026-07-07T15:51:46.184+00:00 CAN id=101 dlc=8 data=d7cf0400e0930400
2026-07-07T15:51:46.204+00:00 CAN id=101 dlc=8 data=d7cf0400e0930400
2026-07-07T15:51:46.224+00:00 CAN id=101 dlc=8 data=d7cf0400e0930400
2026-07-07T15:51:46.244+00:00 CAN id=101 dlc=8 data=d7cf0400e0930400
2026-07-07T15:51:46.249+00:00 VCP run=1 step=0 angle=315088 target=315351 err=263 steer=0 m1=1960/103125 i1=192 t1=29 m2=-1936/-103125 i2=-217 t2=29 steerMode=0/-323 iSteer=-12193 driveMode=103125/103345 iDrive=204493 scale=0 wheel=300000 ffS=0
2026-07-07T15:51:46.249+00:00 VCP run=1 step=0 angle=315176 target=315351 err=175 steer=0 m1=1944/103125 i1=174 t1=29 m2=-1949/-103125 i2=-309 t2=29 steerMode=0/742 iSteer=-67722 driveMode=103125/102145 iDrive=241350 scale=0 wheel=300000 ffS=0
2026-07-07T15:51:46.264+00:00 CAN id=101 dlc=8 data=d7cf0400e0930400
2026-07-07T15:51:46.284+00:00 CAN id=101 dlc=8 data=d7cf0400e0930400
2026-07-07T15:51:46.304+00:00 CAN id=101 dlc=8 data=d7cf0400e0930400
2026-07-07T15:51:46.324+00:00 CAN id=101 dlc=8 data=d7cf0400e0930400
2026-07-07T15:51:46.344+00:00 BENCH step t=12.500s -> steer=315352mdeg wheel=0milli-rpm
2026-07-07T15:51:46.344+00:00 CAN id=101 dlc=8 data=d8cf040000000000
2026-07-07T15:51:46.353+00:00 VCP run=1 step=0 angle=315264 target=315351 err=87 steer=0 m1=1973/103125 i1=165 t1=29 m2=-1978/-103125 i2=-249 t2=29 steerMode=0/227 iSteer=-42222 driveMode=103125/103318 iDrive=207095 scale=0 wheel=300000 ffS=0
2026-07-07T15:51:46.364+00:00 CAN id=101 dlc=8 data=d8cf040000000000
2026-07-07T15:51:46.384+00:00 CAN id=101 dlc=8 data=d8cf040000000000
2026-07-07T15:51:46.404+00:00 CAN id=101 dlc=8 data=d8cf040000000000
2026-07-07T15:51:46.424+00:00 CAN id=101 dlc=8 data=d8cf040000000000
2026-07-07T15:51:46.444+00:00 CAN id=101 dlc=8 data=d8cf040000000000
2026-07-07T15:51:46.453+00:00 VCP run=1 step=0 angle=315879 target=315352 err=-527 steer=-1054 m1=1931/97551 i1=-23 t1=29 m2=-1955/-100449 i2=-239 t2=29 steerMode=-1449/508 iSteer=-131168 driveMode=99000/102501 iDrive=107960 scale=0 wheel=288000 ffS=0
2026-07-07T15:51:46.453+00:00 VCP SET_TARGET_RX steer=315352 wheel=0
2026-07-07T15:51:46.464+00:00 CAN id=101 dlc=8 data=d8cf040000000000
2026-07-07T15:51:46.484+00:00 CAN id=101 dlc=8 data=d8cf040000000000
2026-07-07T15:51:46.504+00:00 CAN id=101 dlc=8 data=d8cf040000000000
2026-07-07T15:51:46.524+00:00 CAN id=101 dlc=8 data=d8cf040000000000
2026-07-07T15:51:46.544+00:00 CAN id=101 dlc=8 data=d8cf040000000000
2026-07-07T15:51:46.559+00:00 VCP run=1 step=0 angle=315791 target=315352 err=-439 steer=0 m1=625/0 i1=-1492 t1=29 m2=-586/0 i2=1403 t2=29 steerMode=0/237 iSteer=-44172 driveMode=0/54058 iDrive=-1447580 scale=0 wheel=0 ffS=0
2026-07-07T15:51:46.564+00:00 CAN id=101 dlc=8 data=d8cf040000000000
2026-07-07T15:51:46.584+00:00 CAN id=101 dlc=8 data=d8cf040000000000
2026-07-07T15:51:46.604+00:00 CAN id=101 dlc=8 data=d8cf040000000000
2026-07-07T15:51:46.624+00:00 CAN id=101 dlc=8 data=d8cf040000000000
2026-07-07T15:51:46.644+00:00 CAN id=101 dlc=8 data=d8cf040000000000
2026-07-07T15:51:46.664+00:00 CAN id=101 dlc=8 data=d8cf040000000000
2026-07-07T15:51:46.684+00:00 CAN id=101 dlc=8 data=d8cf040000000000
2026-07-07T15:51:46.704+00:00 CAN id=101 dlc=8 data=d8cf040000000000
2026-07-07T15:51:46.724+00:00 CAN id=101 dlc=8 data=d8cf040000000000
2026-07-07T15:51:46.744+00:00 CAN id=101 dlc=8 data=d8cf040000000000
2026-07-07T15:51:46.749+00:00 VCP run=1 step=0 angle=315703 target=315352 err=-351 steer=0 m1=85/0 i1=116 t1=29 m2=10/0 i2=-139 t2=29 steerMode=0/-406 iSteer=-11223 driveMode=0/567 iDrive=127569 scale=0 wheel=0 ffS=0
2026-07-07T15:51:46.749+00:00 VCP run=1 step=0 angle=315703 target=315352 err=-351 steer=0 m1=-3/0 i1=115 t1=29 m2=0/0 i2=-175 t2=29 steerMode=0/-33 iSteer=-29774 driveMode=0/-20 iDrive=144910 scale=0 wheel=0 ffS=0
2026-07-07T15:51:46.764+00:00 CAN id=101 dlc=8 data=d8cf040000000000
2026-07-07T15:51:46.784+00:00 CAN id=101 dlc=8 data=d8cf040000000000
2026-07-07T15:51:46.804+00:00 CAN id=101 dlc=8 data=d8cf040000000000
2026-07-07T15:51:46.824+00:00 CAN id=101 dlc=8 data=d8cf040000000000
2026-07-07T15:51:46.844+00:00 CAN id=101 dlc=8 data=d8cf040000000000
2026-07-07T15:51:46.856+00:00 VCP run=1 step=0 angle=315703 target=315352 err=-351 steer=0 m1=0/0 i1=113 t1=29 m2=0/0 i2=-176 t2=29 steerMode=0/-1 iSteer=-31306 driveMode=0/0 iDrive=144329 scale=0 wheel=0 ffS=0
2026-07-07T15:51:46.864+00:00 CAN id=101 dlc=8 data=d8cf040000000000
2026-07-07T15:51:46.884+00:00 CAN id=101 dlc=8 data=d8cf040000000000
2026-07-07T15:51:46.904+00:00 CAN id=101 dlc=8 data=d8cf040000000000
2026-07-07T15:51:46.924+00:00 CAN id=101 dlc=8 data=d8cf040000000000
2026-07-07T15:51:46.944+00:00 CAN id=101 dlc=8 data=d8cf040000000000
2026-07-07T15:51:46.959+00:00 VCP run=1 step=0 angle=315703 target=315352 err=-351 steer=0 m1=0/0 i1=113 t1=29 m2=0/0 i2=-176 t2=29 steerMode=0/0 iSteer=-31364 driveMode=0/0 iDrive=144319 scale=0 wheel=0 ffS=0
2026-07-07T15:51:46.959+00:00 VCP SET_TARGET_RX steer=315352 wheel=0
2026-07-07T15:51:46.964+00:00 CAN id=101 dlc=8 data=d8cf040000000000
2026-07-07T15:51:46.984+00:00 CAN id=101 dlc=8 data=d8cf040000000000
2026-07-07T15:51:47.004+00:00 CAN id=101 dlc=8 data=d8cf040000000000
2026-07-07T15:51:47.024+00:00 CAN id=101 dlc=8 data=d8cf040000000000
2026-07-07T15:51:47.044+00:00 CAN id=101 dlc=8 data=d8cf040000000000
2026-07-07T15:51:47.064+00:00 CAN id=101 dlc=8 data=d8cf040000000000
2026-07-07T15:51:47.084+00:00 CAN id=101 dlc=8 data=d8cf040000000000
2026-07-07T15:51:47.104+00:00 CAN id=101 dlc=8 data=d8cf040000000000
2026-07-07T15:51:47.124+00:00 CAN id=101 dlc=8 data=d8cf040000000000
2026-07-07T15:51:47.144+00:00 CAN id=101 dlc=8 data=d8cf040000000000
2026-07-07T15:51:47.151+00:00 VCP run=1 step=0 angle=315791 target=315352 err=-439 steer=0 m1=0/0 i1=113 t1=29 m2=0/0 i2=-176 t2=29 steerMode=0/0 iSteer=-31365 driveMode=0/0 iDrive=144319 scale=0 wheel=0 ffS=0
2026-07-07T15:51:47.151+00:00 VCP run=1 step=0 angle=315703 target=315352 err=-351 steer=0 m1=0/0 i1=113 t1=29 m2=0/0 i2=-176 t2=29 steerMode=0/0 iSteer=-31365 driveMode=0/0 iDrive=144319 scale=0 wheel=0 ffS=0
2026-07-07T15:51:47.164+00:00 CAN id=101 dlc=8 data=d8cf040000000000
2026-07-07T15:51:47.184+00:00 CAN id=101 dlc=8 data=d8cf040000000000
2026-07-07T15:51:47.204+00:00 CAN id=101 dlc=8 data=d8cf040000000000
2026-07-07T15:51:47.224+00:00 CAN id=101 dlc=8 data=d8cf040000000000
2026-07-07T15:51:47.244+00:00 CAN id=101 dlc=8 data=d8cf040000000000
2026-07-07T15:51:47.258+00:00 VCP run=1 step=0 angle=315703 target=315352 err=-351 steer=0 m1=0/0 i1=113 t1=29 m2=0/0 i2=-176 t2=29 steerMode=0/0 iSteer=-31365 driveMode=0/0 iDrive=144319 scale=0 wheel=0 ffS=0
2026-07-07T15:51:47.264+00:00 CAN id=101 dlc=8 data=d8cf040000000000
2026-07-07T15:51:47.284+00:00 CAN id=101 dlc=8 data=d8cf040000000000
2026-07-07T15:51:47.304+00:00 CAN id=101 dlc=8 data=d8cf040000000000
2026-07-07T15:51:47.324+00:00 CAN id=101 dlc=8 data=d8cf040000000000
2026-07-07T15:51:47.344+00:00 BENCH disable sent
2026-07-07T15:51:47.344+00:00 CAN id=121 dlc=2 data=0100
2026-07-07T15:51:47.344+00:00 CAN id=121 dlc=2 data=0100
2026-07-07T15:51:47.458+00:00 VCP run=1 step=0 angle=315703 target=315352 err=-351 steer=0 m1=0/0 i1=113 t1=29 m2=0/0 i2=-176 t2=29 steerMode=0/0 iSteer=-31365 driveMode=0/0 iDrive=144319 scale=0 wheel=0 ffS=0
2026-07-07T15:51:47.458+00:00 VCP UNIT_CTRL enable=0
2026-07-07T15:51:47.458+00:00 VCP UNIT_CTRL enable=0
2026-07-07T15:51:47.458+00:00 VCP STOP: disabled
2026-07-07T15:51:47.745+00:00 BENCH log closed
