2026-07-07T15:40:02.838+00:00 BENCH log opened: firmware/logs/rot30-ff.log
2026-07-07T15:40:02.839+00:00 BENCH run: steer=315.352deg (315352mdeg) wheel=300.0rpm (300000milli-rpm) rate=50.0Hz duration=12.0s steer_rate=30.0dps (30000mdeg/s)
2026-07-07T15:40:02.840+00:00 BENCH enable sent
2026-07-07T15:40:02.841+00:00 CAN id=121 dlc=2 data=0101
2026-07-07T15:40:02.841+00:00 CAN id=111 dlc=8 data=3075000000000000
2026-07-07T15:40:02.841+00:00 CAN id=101 dlc=8 data=d8cf0400e0930400
2026-07-07T15:40:02.860+00:00 CAN id=111 dlc=8 data=3075000000000000
2026-07-07T15:40:02.860+00:00 CAN id=101 dlc=8 data=30d20400e0930400
2026-07-07T15:40:02.864+00:00 VCP able=1
2026-07-07T15:40:02.864+00:00 VCP SET_TARGET_FF_RX steerRate=30000 wheelAccel=0
2026-07-07T15:40:02.864+00:00 VCP SET_TARGET_RX steer=315352 wheel=300000
2026-07-07T15:40:02.864+00:00 VCP START_CAN: angle=315791 target=315352 wheelTarget=300000
2026-07-07T15:40:02.880+00:00 CAN id=111 dlc=8 data=3075000000000000
2026-07-07T15:40:02.880+00:00 CAN id=101 dlc=8 data=88d40400e0930400
2026-07-07T15:40:02.900+00:00 CAN id=111 dlc=8 data=3075000000000000
2026-07-07T15:40:02.900+00:00 CAN id=101 dlc=8 data=e0d60400e0930400
2026-07-07T15:40:02.920+00:00 CAN id=111 dlc=8 data=3075000000000000
2026-07-07T15:40:02.920+00:00 CAN id=101 dlc=8 data=38d90400e0930400
2026-07-07T15:40:02.940+00:00 CAN id=111 dlc=8 data=3075000000000000
2026-07-07T15:40:02.940+00:00 CAN id=101 dlc=8 data=90db0400e0930400
2026-07-07T15:40:02.960+00:00 CAN id=111 dlc=8 data=3075000000000000
2026-07-07T15:40:02.960+00:00 CAN id=101 dlc=8 data=e8dd0400e0930400
2026-07-07T15:40:02.963+00:00 VCP run=1 step=0 angle=315791 target=315352 err=-439 steer=1350 m1=0/19800 i1=747 t1=29 m2=0/-4950 i2=0 t2=28 steerMode=7425/0 iSteer=373255 driveMode=12375/0 iDrive=373478 scale=0 wheel=36000 ffS=5000
2026-07-07T15:40:02.980+00:00 CAN id=111 dlc=8 data=3075000000000000
2026-07-07T15:40:02.980+00:00 CAN id=101 dlc=8 data=40e00400e0930400
2026-07-07T15:40:03.000+00:00 CAN id=111 dlc=8 data=3075000000000000
2026-07-07T15:40:03.000+00:00 CAN id=101 dlc=8 data=98e20400e0930400
2026-07-07T15:40:03.020+00:00 CAN id=111 dlc=8 data=3075000000000000
2026-07-07T15:40:03.020+00:00 CAN id=101 dlc=8 data=f0e40400e0930400
2026-07-07T15:40:03.040+00:00 CAN id=111 dlc=8 data=3075000000000000
2026-07-07T15:40:03.040+00:00 CAN id=101 dlc=8 data=48e70400e0930400
2026-07-07T15:40:03.060+00:00 CAN id=111 dlc=8 data=3075000000000000
2026-07-07T15:40:03.060+00:00 CAN id=101 dlc=8 data=a0e90400e0930400
2026-07-07T15:40:03.065+00:00 VCP run=1 step=0 angle=321943 target=318352 err=-3591 steer=3204 m1=1952/120749 i1=1362 t1=29 m2=-777/-85501 i2=-2392 t2=28 steerMode=17624/28626 iSteer=-514772 driveMode=103125/49485 iDrive=1877103 scale=0 wheel=300000 ffS=5000
2026-07-07T15:40:03.080+00:00 CAN id=111 dlc=8 data=3075000000000000
2026-07-07T15:40:03.080+00:00 CAN id=101 dlc=8 data=f8eb0400e0930400
2026-07-07T15:40:03.100+00:00 CAN id=111 dlc=8 data=3075000000000000
2026-07-07T15:40:03.100+00:00 CAN id=101 dlc=8 data=50ee0400e0930400
2026-07-07T15:40:03.120+00:00 CAN id=111 dlc=8 data=3075000000000000
2026-07-07T15:40:03.120+00:00 CAN id=101 dlc=8 data=a8f00400e0930400
2026-07-07T15:40:03.140+00:00 CAN id=111 dlc=8 data=3075000000000000
2026-07-07T15:40:03.140+00:00 CAN id=101 dlc=8 data=00f30400e0930400
2026-07-07T15:40:03.160+00:00 CAN id=111 dlc=8 data=3075000000000000
2026-07-07T15:40:03.160+00:00 CAN id=101 dlc=8 data=58f50400e0930400
2026-07-07T15:40:03.180+00:00 CAN id=111 dlc=8 data=3075000000000000
2026-07-07T15:40:03.180+00:00 CAN id=101 dlc=8 data=b0f70400e0930400
2026-07-07T15:40:03.200+00:00 CAN id=111 dlc=8 data=3075000000000000
2026-07-07T15:40:03.200+00:00 CAN id=101 dlc=8 data=08fa0400e0930400
2026-07-07T15:40:03.220+00:00 CAN id=111 dlc=8 data=3075000000000000
2026-07-07T15:40:03.220+00:00 CAN id=101 dlc=8 data=60fc0400e0930400
2026-07-07T15:40:03.240+00:00 CAN id=111 dlc=8 data=3075000000000000
2026-07-07T15:40:03.240+00:00 CAN id=101 dlc=8 data=b8fe0400e0930400
2026-07-07T15:40:03.249+00:00 VCP run=1 step=0 angle=328623 target=321352 err=-7271 steer=1364 m1=2222/110630 i1=49 t1=29 m2=-2058/-95620 i2=-12 t2=28 steerMode=7505/7242 iSteer=18513 driveMode=103125/111681 iDrive=30974 scale=0 wheel=300000 ffS=5000
2026-07-07T15:40:03.249+00:00 VCP run=1 step=0 angle=331523 target=324352 err=-7171 steer=1414 m1=2172/110904 i1=168 t1=29 m2=-1855/-95346 i2=-253 t2=28 steerMode=7779/8821 iSteer=-42605 driveMode=103125/105362 iDrive=210721 scale=0 wheel=300000 ffS=5000
2026-07-07T15:40:03.260+00:00 CAN id=111 dlc=8 data=3075000000000000
2026-07-07T15:40:03.260+00:00 CAN id=101 dlc=8 data=10010500e0930400
2026-07-07T15:40:03.280+00:00 CAN id=111 dlc=8 data=3075000000000000
2026-07-07T15:40:03.280+00:00 CAN id=101 dlc=8 data=68030500e0930400
2026-07-07T15:40:03.300+00:00 CAN id=111 dlc=8 data=3075000000000000
2026-07-07T15:40:03.300+00:00 CAN id=101 dlc=8 data=c0050500e0930400
2026-07-07T15:40:03.320+00:00 CAN id=111 dlc=8 data=3075000000000000
2026-07-07T15:40:03.320+00:00 CAN id=101 dlc=8 data=18080500e0930400
2026-07-07T15:40:03.340+00:00 CAN id=111 dlc=8 data=3075000000000000
2026-07-07T15:40:03.340+00:00 CAN id=101 dlc=8 data=700a0500e0930400
2026-07-07T15:40:03.344+00:00 VCP run=1 step=0 angle=335127 target=327352 err=-7775 steer=1113 m1=2109/109244 i1=202 t1=29 m2=-1857/-97006 i2=-212 t2=28 steerMode=6119/6311 iSteer=-5158 driveMode=103125/105354 iDrive=207106 scale=0 wheel=300000 ffS=5000
2026-07-07T15:40:03.360+00:00 CAN id=111 dlc=8 data=3075000000000000
2026-07-07T15:40:03.360+00:00 CAN id=101 dlc=8 data=c80c0500e0930400
2026-07-07T15:40:03.367+00:00 VCP SET_TARGET_FF_RX steerRate=30000 wheelAccel=0
2026-07-07T15:40:03.367+00:00 VCP SET_TARGET_RX steer=330352 wheel=300000
2026-07-07T15:40:03.380+00:00 CAN id=111 dlc=8 data=3075000000000000
2026-07-07T15:40:03.380+00:00 CAN id=101 dlc=8 data=200f0500e0930400
2026-07-07T15:40:03.400+00:00 CAN id=111 dlc=8 data=3075000000000000
2026-07-07T15:40:03.400+00:00 CAN id=101 dlc=8 data=78110500e0930400
2026-07-07T15:40:03.420+00:00 CAN id=111 dlc=8 data=3075000000000000
2026-07-07T15:40:03.420+00:00 CAN id=101 dlc=8 data=d0130500e0930400
2026-07-07T15:40:03.440+00:00 CAN id=111 dlc=8 data=3075000000000000
2026-07-07T15:40:03.440+00:00 CAN id=101 dlc=8 data=28160500e0930400
2026-07-07T15:40:03.460+00:00 CAN id=111 dlc=8 data=3075000000000000
2026-07-07T15:40:03.460+00:00 CAN id=101 dlc=8 data=80180500e0930400
2026-07-07T15:40:03.480+00:00 CAN id=111 dlc=8 data=3075000000000000
2026-07-07T15:40:03.480+00:00 CAN id=101 dlc=8 data=d81a0500e0930400
2026-07-07T15:40:03.500+00:00 CAN id=111 dlc=8 data=3075000000000000
2026-07-07T15:40:03.500+00:00 CAN id=101 dlc=8 data=301d0500e0930400
2026-07-07T15:40:03.520+00:00 CAN id=111 dlc=8 data=3075000000000000
2026-07-07T15:40:03.520+00:00 CAN id=101 dlc=8 data=881f0500e0930400
2026-07-07T15:40:03.540+00:00 CAN id=111 dlc=8 data=3075000000000000
2026-07-07T15:40:03.540+00:00 CAN id=101 dlc=8 data=e0210500e0930400
2026-07-07T15:40:03.550+00:00 VCP run=1 step=0 angle=337939 target=330352 err=-7587 steer=1206 m1=2130/109760 i1=198 t1=29 m2=-1825/-96490 i2=-267 t2=28 steerMode=6635/7409 iSteer=-34427 driveMode=103125/104414 iDrive=232112 scale=0 wheel=300000 ffS=5000
2026-07-07T15:40:03.550+00:00 VCP run=1 step=0 angle=340840 target=333352 err=-7488 steer=1256 m1=2136/110033 i1=226 t1=29 m2=-1882/-96217 i2=-159 t2=28 steerMode=6908/6296 iSteer=33965 driveMode=103125/105605 iDrive=192517 scale=0 wheel=300000 ffS=5000
2026-07-07T15:40:03.560+00:00 CAN id=111 dlc=8 data=3075000000000000
2026-07-07T15:40:03.560+00:00 CAN id=101 dlc=8 data=38240500e0930400
2026-07-07T15:40:03.580+00:00 CAN id=111 dlc=8 data=3075000000000000
2026-07-07T15:40:03.580+00:00 CAN id=101 dlc=8 data=90260500e0930400
2026-07-07T15:40:03.600+00:00 CAN id=111 dlc=8 data=3075000000000000
2026-07-07T15:40:03.600+00:00 CAN id=101 dlc=8 data=e8280500e0930400
2026-07-07T15:40:03.620+00:00 CAN id=111 dlc=8 data=3075000000000000
2026-07-07T15:40:03.620+00:00 CAN id=101 dlc=8 data=402b0500e0930400
2026-07-07T15:40:03.640+00:00 CAN id=111 dlc=8 data=3075000000000000
2026-07-07T15:40:03.640+00:00 CAN id=101 dlc=8 data=982d0500e0930400
2026-07-07T15:40:03.653+00:00 VCP run=1 step=0 angle=343740 target=336352 err=-7388 steer=1306 m1=2157/110307 i1=177 t1=29 m2=-1888/-95943 i2=-170 t2=28 steerMode=7182/7201 iSteer=3524 driveMode=103125/106079 iDrive=173164 scale=0 wheel=300000 ffS=5000
2026-07-07T15:40:03.660+00:00 CAN id=111 dlc=8 data=3075000000000000
2026-07-07T15:40:03.660+00:00 CAN id=101 dlc=8 data=f02f0500e0930400
2026-07-07T15:40:03.680+00:00 CAN id=111 dlc=8 data=3075000000000000
2026-07-07T15:40:03.680+00:00 CAN id=101 dlc=8 data=48320500e0930400
2026-07-07T15:40:03.700+00:00 CAN id=111 dlc=8 data=3075000000000000
2026-07-07T15:40:03.700+00:00 CAN id=101 dlc=8 data=a0340500e0930400
2026-07-07T15:40:03.720+00:00 CAN id=111 dlc=8 data=3075000000000000
2026-07-07T15:40:03.720+00:00 CAN id=101 dlc=8 data=f8360500e0930400
2026-07-07T15:40:03.740+00:00 CAN id=111 dlc=8 data=3075000000000000
2026-07-07T15:40:03.740+00:00 CAN id=101 dlc=8 data=50390500e0930400
2026-07-07T15:40:03.756+00:00 VCP run=1 step=0 angle=346992 target=339352 err=-7640 steer=1180 m1=2107/109615 i1=189 t1=29 m2=-1852/-96635 i2=-239 t2=28 steerMode=6490/7042 iSteer=-25089 driveMode=103125/104559 iDrive=214339 scale=0 wheel=300000 ffS=5000
2026-07-07T15:40:03.760+00:00 CAN id=111 dlc=8 data=3075000000000000
2026-07-07T15:40:03.760+00:00 CAN id=101 dlc=8 data=a83b0500e0930400
2026-07-07T15:40:03.780+00:00 CAN id=111 dlc=8 data=3075000000000000
2026-07-07T15:40:03.780+00:00 CAN id=101 dlc=8 data=003e0500e0930400
2026-07-07T15:40:03.800+00:00 CAN id=111 dlc=8 data=3075000000000000
2026-07-07T15:40:03.800+00:00 CAN id=101 dlc=8 data=58400500e0930400
2026-07-07T15:40:03.820+00:00 CAN id=111 dlc=8 data=3075000000000000
2026-07-07T15:40:03.820+00:00 CAN id=101 dlc=8 data=b0420500e0930400
2026-07-07T15:40:03.840+00:00 CAN id=111 dlc=8 data=3075000000000000
2026-07-07T15:40:03.840+00:00 CAN id=101 dlc=8 data=08450500e0930400
2026-07-07T15:40:03.852+00:00 VCP run=1 step=0 angle=350068 target=342352 err=-7716 steer=1142 m1=2105/109405 i1=205 t1=29 m2=-1875/-96845 i2=-235 t2=28 steerMode=6280/6593 iSteer=-15102 driveMode=103125/104295 iDrive=220253 scale=0 wheel=300000 ffS=5000
2026-07-07T15:40:03.852+00:00 VCP SET_TARGET_FF_RX steerRate=30000 wheelAccel=0
2026-07-07T15:40:03.852+00:00 VCP SET_TARGET_RX steer=345352 wheel=300000
2026-07-07T15:40:03.860+00:00 CAN id=111 dlc=8 data=3075000000000000
2026-07-07T15:40:03.860+00:00 CAN id=101 dlc=8 data=60470500e0930400
2026-07-07T15:40:03.880+00:00 CAN id=111 dlc=8 data=3075000000000000
2026-07-07T15:40:03.880+00:00 CAN id=101 dlc=8 data=b8490500e0930400
2026-07-07T15:40:03.900+00:00 CAN id=111 dlc=8 data=3075000000000000
2026-07-07T15:40:03.900+00:00 CAN id=101 dlc=8 data=104c0500e0930400
2026-07-07T15:40:03.920+00:00 CAN id=111 dlc=8 data=3075000000000000
2026-07-07T15:40:03.920+00:00 CAN id=101 dlc=8 data=684e0500e0930400
2026-07-07T15:40:03.940+00:00 CAN id=111 dlc=8 data=3075000000000000
2026-07-07T15:40:03.940+00:00 CAN id=101 dlc=8 data=c0500500e0930400
2026-07-07T15:40:03.955+00:00 VCP run=1 step=0 angle=352881 target=345352 err=-7529 steer=1236 m1=2100/109921 i1=243 t1=29 m2=-1855/-96329 i2=-185 t2=28 steerMode=6796/6203 iSteer=28662 driveMode=103125/104420 iDrive=214128 scale=0 wheel=300000 ffS=5000
2026-07-07T15:40:03.960+00:00 CAN id=111 dlc=8 data=3075000000000000
2026-07-07T15:40:03.960+00:00 CAN id=101 dlc=8 data=18530500e0930400
2026-07-07T15:40:03.980+00:00 CAN id=111 dlc=8 data=3075000000000000
2026-07-07T15:40:03.980+00:00 CAN id=101 dlc=8 data=70550500e0930400
2026-07-07T15:40:04.000+00:00 CAN id=111 dlc=8 data=3075000000000000
2026-07-07T15:40:04.000+00:00 CAN id=101 dlc=8 data=c8570500e0930400
2026-07-07T15:40:04.020+00:00 CAN id=111 dlc=8 data=3075000000000000
2026-07-07T15:40:04.020+00:00 CAN id=101 dlc=8 data=205a0500e0930400
2026-07-07T15:40:04.040+00:00 CAN id=111 dlc=8 data=3075000000000000
2026-07-07T15:40:04.040+00:00 CAN id=101 dlc=8 data=785c0500e0930400
2026-07-07T15:40:04.058+00:00 VCP run=1 step=0 angle=355957 target=348352 err=-7605 steer=1197 m1=2119/109711 i1=185 t1=29 m2=-1844/-96539 i2=-192 t2=28 steerMode=6586/6642 iSteer=-3691 driveMode=103125/105156 iDrive=188750 scale=0 wheel=300000 ffS=5000
2026-07-07T15:40:04.060+00:00 CAN id=111 dlc=8 data=3075000000000000
2026-07-07T15:40:04.060+00:00 CAN id=101 dlc=8 data=d05e0500e0930400
2026-07-07T15:40:04.080+00:00 CAN id=111 dlc=8 data=3075000000000000
2026-07-07T15:40:04.080+00:00 CAN id=101 dlc=8 data=28610500e0930400
2026-07-07T15:40:04.100+00:00 CAN id=111 dlc=8 data=3075000000000000
2026-07-07T15:40:04.100+00:00 CAN id=101 dlc=8 data=80630500e0930400
2026-07-07T15:40:04.120+00:00 CAN id=111 dlc=8 data=3075000000000000
2026-07-07T15:40:04.120+00:00 CAN id=101 dlc=8 data=d8650500e0930400
2026-07-07T15:40:04.140+00:00 CAN id=111 dlc=8 data=3075000000000000
2026-07-07T15:40:04.141+00:00 CAN id=101 dlc=8 data=30680500e0930400
2026-07-07T15:40:04.160+00:00 CAN id=111 dlc=8 data=3075000000000000
2026-07-07T15:40:04.160+00:00 CAN id=101 dlc=8 data=886a0500e0930400
2026-07-07T15:40:04.161+00:00 VCP run=1 step=0 angle=358857 target=351352 err=-7505 steer=1247 m1=2126/109985 i1=198 t1=29 m2=-1840/-96265 i2=-160 t2=28 steerMode=6860/6456 iSteer=18866 driveMode=103125/105350 iDrive=178885 scale=0 wheel=300000 ffS=5000
2026-07-07T15:40:04.180+00:00 CAN id=111 dlc=8 data=3075000000000000
2026-07-07T15:40:04.180+00:00 CAN id=101 dlc=8 data=e06c0500e0930400
2026-07-07T15:40:04.200+00:00 CAN id=111 dlc=8 data=3075000000000000
2026-07-07T15:40:04.200+00:00 CAN id=101 dlc=8 data=386f0500e0930400
2026-07-07T15:40:04.220+00:00 CAN id=111 dlc=8 data=3075000000000000
2026-07-07T15:40:04.220+00:00 CAN id=101 dlc=8 data=90710500e0930400
2026-07-07T15:40:04.240+00:00 CAN id=111 dlc=8 data=3075000000000000
2026-07-07T15:40:04.240+00:00 CAN id=101 dlc=8 data=e8730500e0930400
2026-07-07T15:40:04.260+00:00 CAN id=111 dlc=8 data=3075000000000000
2026-07-07T15:40:04.260+00:00 CAN id=101 dlc=8 data=40760500e0930400
2026-07-07T15:40:04.264+00:00 VCP run=1 step=0 angle=1934 target=354352 err=-7582 steer=1209 m1=2103/109776 i1=194 t1=29 m2=-1852/-96474 i2=-196 t2=28 steerMode=6651/6643 iSteer=-768 driveMode=103125/104697 iDrive=195134 scale=0 wheel=300000 ffS=5000
2026-07-07T15:40:04.280+00:00 CAN id=111 dlc=8 data=3075000000000000
2026-07-07T15:40:04.280+00:00 CAN id=101 dlc=8 data=98780500e0930400
2026-07-07T15:40:04.300+00:00 CAN id=111 dlc=8 data=3075000000000000
2026-07-07T15:40:04.300+00:00 CAN id=101 dlc=8 data=f07a0500e0930400
2026-07-07T15:40:04.320+00:00 CAN id=111 dlc=8 data=3075000000000000
2026-07-07T15:40:04.320+00:00 CAN id=101 dlc=8 data=487d0500e0930400
2026-07-07T15:40:04.340+00:00 CAN id=111 dlc=8 data=3075000000000000
2026-07-07T15:40:04.340+00:00 CAN id=101 dlc=8 data=60010000e0930400
2026-07-07T15:40:04.360+00:00 VCP run=1 step=0 angle=4658 target=357352 err=-7306 steer=1347 m1=2115/110533 i1=230 t1=29 m2=-1827/-95717 i2=-152 t2=28 steerMode=7408/6618 iSteer=39221 driveMode=103125/104715 iDrive=191202 scale=0 wheel=300000 ffS=5000
2026-07-07T15:40:04.360+00:00 VCP SET_TARGET_FF_RX steerRate=30000 wheelAccel=0
2026-07-07T15:40:04.360+00:00 VCP SET_TARGET_RX steer=352 wheel=300000
2026-07-07T15:40:04.360+00:00 CAN id=111 dlc=8 data=3075000000000000
2026-07-07T15:40:04.360+00:00 CAN id=101 dlc=8 data=b8030000e0930400
2026-07-07T15:40:04.380+00:00 CAN id=111 dlc=8 data=3075000000000000
2026-07-07T15:40:04.380+00:00 CAN id=101 dlc=8 data=10060000e0930400
2026-07-07T15:40:04.400+00:00 CAN id=111 dlc=8 data=3075000000000000
2026-07-07T15:40:04.400+00:00 CAN id=101 dlc=8 data=68080000e0930400
2026-07-07T15:40:04.420+00:00 CAN id=111 dlc=8 data=3075000000000000
2026-07-07T15:40:04.420+00:00 CAN id=101 dlc=8 data=c00a0000e0930400
2026-07-07T15:40:04.440+00:00 CAN id=111 dlc=8 data=3075000000000000
2026-07-07T15:40:04.440+00:00 CAN id=101 dlc=8 data=180d0000e0930400
2026-07-07T15:40:04.460+00:00 CAN id=111 dlc=8 data=3075000000000000
2026-07-07T15:40:04.460+00:00 CAN id=101 dlc=8 data=700f0000e0930400
2026-07-07T15:40:04.463+00:00 VCP run=1 step=0 angle=7646 target=352 err=-7294 steer=1353 m1=2121/110565 i1=198 t1=29 m2=-1850/-95685 i2=-183 t2=28 steerMode=7440/7274 iSteer=7581 driveMode=103125/104667 iDrive=190309 scale=0 wheel=300000 ffS=5000
2026-07-07T15:40:04.480+00:00 CAN id=111 dlc=8 data=3075000000000000
2026-07-07T15:40:04.480+00:00 CAN id=101 dlc=8 data=c8110000e0930400
2026-07-07T15:40:04.500+00:00 CAN id=111 dlc=8 data=3075000000000000
2026-07-07T15:40:04.500+00:00 CAN id=101 dlc=8 data=20140000e0930400
2026-07-07T15:40:04.520+00:00 CAN id=111 dlc=8 data=3075000000000000
2026-07-07T15:40:04.520+00:00 CAN id=101 dlc=8 data=78160000e0930400
2026-07-07T15:40:04.540+00:00 CAN id=111 dlc=8 data=3075000000000000
2026-07-07T15:40:04.540+00:00 CAN id=101 dlc=8 data=d0180000e0930400
2026-07-07T15:40:04.560+00:00 CAN id=111 dlc=8 data=3075000000000000
2026-07-07T15:40:04.560+00:00 CAN id=101 dlc=8 data=281b0000e0930400
2026-07-07T15:40:04.566+00:00 VCP run=1 step=0 angle=11074 target=3352 err=-7722 steer=1139 m1=2115/109389 i1=162 t1=29 m2=-1907/-96861 i2=-164 t2=28 steerMode=6264/6289 iSteer=-1339 driveMode=103125/105436 iDrive=163079 scale=0 wheel=300000 ffS=5000
2026-07-07T15:40:04.580+00:00 CAN id=111 dlc=8 data=3075000000000000
2026-07-07T15:40:04.580+00:00 CAN id=101 dlc=8 data=801d0000e0930400
2026-07-07T15:40:04.600+00:00 CAN id=111 dlc=8 data=3075000000000000
2026-07-07T15:40:04.600+00:00 CAN id=101 dlc=8 data=d81f0000e0930400
2026-07-07T15:40:04.620+00:00 CAN id=111 dlc=8 data=3075000000000000
2026-07-07T15:40:04.620+00:00 CAN id=101 dlc=8 data=30220000e0930400
2026-07-07T15:40:04.640+00:00 CAN id=111 dlc=8 data=3075000000000000
2026-07-07T15:40:04.640+00:00 CAN id=101 dlc=8 data=88240000e0930400
2026-07-07T15:40:04.660+00:00 CAN id=111 dlc=8 data=3075000000000000
2026-07-07T15:40:04.660+00:00 CAN id=101 dlc=8 data=e0260000e0930400
2026-07-07T15:40:04.680+00:00 CAN id=111 dlc=8 data=3075000000000000
2026-07-07T15:40:04.680+00:00 CAN id=101 dlc=8 data=38290000e0930400
2026-07-07T15:40:04.700+00:00 CAN id=111 dlc=8 data=3075000000000000
2026-07-07T15:40:04.700+00:00 CAN id=101 dlc=8 data=902b0000e0930400
2026-07-07T15:40:04.720+00:00 CAN id=111 dlc=8 data=3075000000000000
2026-07-07T15:40:04.720+00:00 CAN id=101 dlc=8 data=e82d0000e0930400
2026-07-07T15:40:04.740+00:00 CAN id=111 dlc=8 data=3075000000000000
2026-07-07T15:40:04.740+00:00 CAN id=101 dlc=8 data=40300000e0930400
2026-07-07T15:40:04.751+00:00 VCP run=1 step=0 angle=13711 target=6352 err=-7359 steer=1321 m1=2128/110388 i1=174 t1=29 m2=-1825/-95862 i2=-219 t2=28 steerMode=7263/7764 iSteer=-22802 driveMode=103125/104229 iDrive=196523 scale=0 wheel=300000 ffS=5000
2026-07-07T15:40:04.751+00:00 VCP run=1 step=0 angle=17139 target=9352 err=-7787 steer=1107 m1=2073/109212 i1=231 t1=29 m2=-1857/-97038 i2=-158 t2=28 steerMode=6087/5368 iSteer=36158 driveMode=103125/104238 iDrive=194636 scale=0 wheel=300000 ffS=5000
2026-07-07T15:40:04.760+00:00 CAN id=111 dlc=8 data=3075000000000000
2026-07-07T15:40:04.760+00:00 CAN id=101 dlc=8 data=98320000e0930400
2026-07-07T15:40:04.780+00:00 CAN id=111 dlc=8 data=3075000000000000
2026-07-07T15:40:04.780+00:00 CAN id=101 dlc=8 data=f0340000e0930400
2026-07-07T15:40:04.800+00:00 CAN id=111 dlc=8 data=3075000000000000
2026-07-07T15:40:04.800+00:00 CAN id=101 dlc=8 data=48370000e0930400
2026-07-07T15:40:04.820+00:00 CAN id=111 dlc=8 data=3075000000000000
2026-07-07T15:40:04.820+00:00 CAN id=101 dlc=8 data=a0390000e0930400
2026-07-07T15:40:04.840+00:00 CAN id=111 dlc=8 data=3075000000000000
2026-07-07T15:40:04.840+00:00 CAN id=101 dlc=8 data=f83b0000e0930400
2026-07-07T15:40:04.846+00:00 VCP run=1 step=0 angle=19512 target=12352 err=-7160 steer=1420 m1=2128/110936 i1=214 t1=29 m2=-1852/-95314 i2=-159 t2=28 steerMode=7811/7316 iSteer=27695 driveMode=103125/104433 iDrive=186699 scale=0 wheel=300000 ffS=5000
2026-07-07T15:40:04.846+00:00 VCP SET_TARGET_FF_RX steerRate=30000 wheelAccel=0
2026-07-07T15:40:04.860+00:00 CAN id=111 dlc=8 data=3075000000000000
2026-07-07T15:40:04.860+00:00 CAN id=101 dlc=8 data=503e0000e0930400
2026-07-07T15:40:04.880+00:00 CAN id=111 dlc=8 data=3075000000000000
2026-07-07T15:40:04.880+00:00 CAN id=101 dlc=8 data=a8400000e0930400
2026-07-07T15:40:04.900+00:00 CAN id=111 dlc=8 data=3075000000000000
2026-07-07T15:40:04.900+00:00 CAN id=101 dlc=8 data=00430000e0930400
2026-07-07T15:40:04.920+00:00 CAN id=111 dlc=8 data=3075000000000000
2026-07-07T15:40:04.920+00:00 CAN id=101 dlc=8 data=58450000e0930400
2026-07-07T15:40:04.940+00:00 CAN id=111 dlc=8 data=3075000000000000
2026-07-07T15:40:04.940+00:00 CAN id=101 dlc=8 data=b0470000e0930400
2026-07-07T15:40:04.949+00:00 VCP SET_TARGET_RX steer=15352 wheel=300000
2026-07-07T15:40:04.949+00:00 VCP run=1 step=0 angle=23203 target=15352 err=-7851 steer=1074 m1=2077/109034 i1=176 t1=29 m2=-1857/-97216 i2=-213 t2=28 steerMode=5909/6277 iSteer=-18366 driveMode=103125/104091 iDrive=194776 scale=0 wheel=300000 ffS=5000
2026-07-07T15:40:04.960+00:00 CAN id=111 dlc=8 data=3075000000000000
2026-07-07T15:40:04.960+00:00 CAN id=101 dlc=8 data=084a0000e0930400
2026-07-07T15:40:04.980+00:00 CAN id=111 dlc=8 data=3075000000000000
2026-07-07T15:40:04.980+00:00 CAN id=101 dlc=8 data=604c0000e0930400
2026-07-07T15:40:05.000+00:00 CAN id=111 dlc=8 data=3075000000000000
2026-07-07T15:40:05.000+00:00 CAN id=101 dlc=8 data=b84e0000e0930400
2026-07-07T15:40:05.020+00:00 CAN id=111 dlc=8 data=3075000000000000
2026-07-07T15:40:05.020+00:00 CAN id=101 dlc=8 data=10510000e0930400
2026-07-07T15:40:05.040+00:00 CAN id=111 dlc=8 data=3075000000000000
2026-07-07T15:40:05.040+00:00 CAN id=101 dlc=8 data=68530000e0930400
2026-07-07T15:40:05.053+00:00 VCP run=1 step=0 angle=25225 target=18352 err=-6873 steer=1564 m1=2161/111725 i1=234 t1=29 m2=-1871/-94525 i2=-99 t2=28 steerMode=8600/7330 iSteer=67625 driveMode=103125/104949 iDrive=166697 scale=0 wheel=300000 ffS=5000
2026-07-07T15:40:05.060+00:00 CAN id=111 dlc=8 data=3075000000000000
2026-07-07T15:40:05.060+00:00 CAN id=101 dlc=8 data=c0550000e0930400
2026-07-07T15:40:05.080+00:00 CAN id=111 dlc=8 data=3075000000000000
2026-07-07T15:40:05.080+00:00 CAN id=101 dlc=8 data=18580000e0930400
2026-07-07T15:40:05.100+00:00 CAN id=111 dlc=8 data=3075000000000000
2026-07-07T15:40:05.100+00:00 CAN id=101 dlc=8 data=705a0000e0930400
2026-07-07T15:40:05.120+00:00 CAN id=111 dlc=8 data=3075000000000000
2026-07-07T15:40:05.120+00:00 CAN id=101 dlc=8 data=c85c0000e0930400
2026-07-07T15:40:05.140+00:00 CAN id=111 dlc=8 data=3075000000000000
2026-07-07T15:40:05.141+00:00 CAN id=101 dlc=8 data=205f0000e0930400
2026-07-07T15:40:05.156+00:00 VCP run=1 step=0 angle=29180 target=21352 err=-7828 steer=1086 m1=2069/109099 i1=154 t1=29 m2=-1882/-97151 i2=-195 t2=28 steerMode=5974/6404 iSteer=-20582 driveMode=103125/104584 iDrive=174162 scale=0 wheel=300000 ffS=5000
2026-07-07T15:40:05.160+00:00 CAN id=111 dlc=8 data=3075000000000000
2026-07-07T15:40:05.160+00:00 CAN id=101 dlc=8 data=78610000e0930400
2026-07-07T15:40:05.180+00:00 CAN id=111 dlc=8 data=3075000000000000
2026-07-07T15:40:05.180+00:00 CAN id=101 dlc=8 data=d0630000e0930400
2026-07-07T15:40:05.200+00:00 CAN id=111 dlc=8 data=3075000000000000
2026-07-07T15:40:05.200+00:00 CAN id=101 dlc=8 data=28660000e0930400
2026-07-07T15:40:05.220+00:00 CAN id=111 dlc=8 data=3075000000000000
2026-07-07T15:40:05.220+00:00 CAN id=101 dlc=8 data=80680000e0930400
2026-07-07T15:40:05.240+00:00 CAN id=111 dlc=8 data=3075000000000000
2026-07-07T15:40:05.240+00:00 CAN id=101 dlc=8 data=d86a0000e0930400
2026-07-07T15:40:05.259+00:00 VCP run=1 step=0 angle=31729 target=24352 err=-7377 steer=1312 m1=2157/110340 i1=132 t1=29 m2=-1796/-95910 i2=-209 t2=28 steerMode=7215/8065 iSteer=-38310 driveMode=103125/104615 iDrive=170505 scale=0 wheel=300000 ffS=5000
2026-07-07T15:40:05.260+00:00 CAN id=111 dlc=8 data=3075000000000000
2026-07-07T15:40:05.260+00:00 CAN id=101 dlc=8 data=306d0000e0930400
2026-07-07T15:40:05.280+00:00 CAN id=111 dlc=8 data=3075000000000000
2026-07-07T15:40:05.280+00:00 CAN id=101 dlc=8 data=886f0000e0930400
2026-07-07T15:40:05.300+00:00 CAN id=111 dlc=8 data=3075000000000000
2026-07-07T15:40:05.300+00:00 CAN id=101 dlc=8 data=e0710000e0930400
2026-07-07T15:40:05.320+00:00 CAN id=111 dlc=8 data=3075000000000000
2026-07-07T15:40:05.320+00:00 CAN id=101 dlc=8 data=38740000e0930400
2026-07-07T15:40:05.340+00:00 CAN id=111 dlc=8 data=3075000000000000
2026-07-07T15:40:05.340+00:00 CAN id=101 dlc=8 data=90760000e0930400
2026-07-07T15:40:05.355+00:00 VCP run=1 step=0 angle=34980 target=27352 err=-7628 steer=1186 m1=2057/109647 i1=258 t1=29 m2=-1882/-96603 i2=-113 t2=28 steerMode=6522/5086 iSteer=72604 driveMode=103125/104068 iDrive=185218 scale=0 wheel=300000 ffS=5000
2026-07-07T15:40:05.355+00:00 VCP SET_TARGET_FF_RX steerRate=30000 wheelAccel=0
2026-07-07T15:40:05.355+00:00 VCP SET_TARGET_RX steer=30352 wheel=300000
2026-07-07T15:40:05.360+00:00 CAN id=111 dlc=8 data=3075000000000000
2026-07-07T15:40:05.360+00:00 CAN id=101 dlc=8 data=e8780000e0930400
2026-07-07T15:40:05.380+00:00 CAN id=111 dlc=8 data=3075000000000000
2026-07-07T15:40:05.380+00:00 CAN id=101 dlc=8 data=407b0000e0930400
2026-07-07T15:40:05.400+00:00 CAN id=111 dlc=8 data=3075000000000000
2026-07-07T15:40:05.400+00:00 CAN id=101 dlc=8 data=987d0000e0930400
2026-07-07T15:40:05.420+00:00 CAN id=111 dlc=8 data=3075000000000000
2026-07-07T15:40:05.420+00:00 CAN id=101 dlc=8 data=f07f0000e0930400
2026-07-07T15:40:05.440+00:00 CAN id=111 dlc=8 data=3075000000000000
2026-07-07T15:40:05.440+00:00 CAN id=101 dlc=8 data=48820000e0930400
2026-07-07T15:40:05.458+00:00 VCP run=1 step=0 angle=37354 target=30352 err=-7002 steer=1499 m1=2144/111371 i1=191 t1=29 m2=-1840/-94879 i2=-139 t2=28 steerMode=8246/7835 iSteer=25691 driveMode=103125/104678 iDrive=164982 scale=0 wheel=300000 ffS=5000
2026-07-07T15:40:05.460+00:00 CAN id=111 dlc=8 data=3075000000000000
2026-07-07T15:40:05.460+00:00 CAN id=101 dlc=8 data=a0840000e0930400
2026-07-07T15:40:05.480+00:00 CAN id=111 dlc=8 data=3075000000000000
2026-07-07T15:40:05.480+00:00 CAN id=101 dlc=8 data=f8860000e0930400
2026-07-07T15:40:05.500+00:00 CAN id=111 dlc=8 data=3075000000000000
2026-07-07T15:40:05.500+00:00 CAN id=101 dlc=8 data=50890000e0930400
2026-07-07T15:40:05.520+00:00 CAN id=111 dlc=8 data=3075000000000000
2026-07-07T15:40:05.520+00:00 CAN id=101 dlc=8 data=a88b0000e0930400
2026-07-07T15:40:05.540+00:00 CAN id=111 dlc=8 data=3075000000000000
2026-07-07T15:40:05.540+00:00 CAN id=101 dlc=8 data=008e0000e0930400
2026-07-07T15:40:05.560+00:00 CAN id=111 dlc=8 data=3075000000000000
2026-07-07T15:40:05.560+00:00 CAN id=101 dlc=8 data=58900000e0930400
2026-07-07T15:40:05.561+00:00 VCP run=1 step=0 angle=41133 target=33352 err=-7781 steer=1110 m1=2077/109228 i1=180 t1=29 m2=-1861/-97022 i2=-161 t2=28 steerMode=6103/5944 iSteer=9798 driveMode=103125/104405 iDrive=170362 scale=0 wheel=300000 ffS=5000
2026-07-07T15:40:05.580+00:00 CAN id=111 dlc=8 data=3075000000000000
2026-07-07T15:40:05.580+00:00 CAN id=101 dlc=8 data=b0920000e0930400
2026-07-07T15:40:05.600+00:00 CAN id=111 dlc=8 data=3075000000000000
2026-07-07T15:40:05.600+00:00 CAN id=101 dlc=8 data=08950000e0930400
2026-07-07T15:40:05.620+00:00 CAN id=111 dlc=8 data=3075000000000000
2026-07-07T15:40:05.620+00:00 CAN id=101 dlc=8 data=60970000e0930400
2026-07-07T15:40:05.640+00:00 CAN id=111 dlc=8 data=3075000000000000
2026-07-07T15:40:05.640+00:00 CAN id=101 dlc=8 data=b8990000e0930400
2026-07-07T15:40:05.660+00:00 CAN id=111 dlc=8 data=3075000000000000
2026-07-07T15:40:05.660+00:00 CAN id=101 dlc=8 data=109c0000e0930400
2026-07-07T15:40:05.664+00:00 VCP run=1 step=0 angle=44033 target=36352 err=-7681 steer=1159 m1=2115/109502 i1=119 t1=29 m2=-1811/-96748 i2=-270 t2=28 steerMode=6377/7952 iSteer=-75673 driveMode=103125/103551 iDrive=194672 scale=0 wheel=300000 ffS=5000
2026-07-07T15:40:05.680+00:00 CAN id=111 dlc=8 data=3075000000000000
2026-07-07T15:40:05.680+00:00 CAN id=101 dlc=8 data=689e0000e0930400
2026-07-07T15:40:05.700+00:00 CAN id=111 dlc=8 data=3075000000000000
2026-07-07T15:40:05.700+00:00 CAN id=101 dlc=8 data=c0a00000e0930400
2026-07-07T15:40:05.720+00:00 CAN id=111 dlc=8 data=3075000000000000
2026-07-07T15:40:05.720+00:00 CAN id=101 dlc=8 data=18a30000e0930400
2026-07-07T15:40:05.741+00:00 CAN id=111 dlc=8 data=3075000000000000
2026-07-07T15:40:05.741+00:00 CAN id=101 dlc=8 data=70a50000e0930400
2026-07-07T15:40:05.760+00:00 CAN id=111 dlc=8 data=3075000000000000
2026-07-07T15:40:05.760+00:00 CAN id=101 dlc=8 data=c8a70000e0930400
2026-07-07T15:40:05.780+00:00 CAN id=111 dlc=8 data=3075000000000000
2026-07-07T15:40:05.780+00:00 CAN id=101 dlc=8 data=20aa0000e0930400
2026-07-07T15:40:05.800+00:00 CAN id=111 dlc=8 data=3075000000000000
2026-07-07T15:40:05.800+00:00 CAN id=101 dlc=8 data=78ac0000e0930400
2026-07-07T15:40:05.820+00:00 CAN id=111 dlc=8 data=3075000000000000
2026-07-07T15:40:05.820+00:00 CAN id=101 dlc=8 data=d0ae0000e0930400
2026-07-07T15:40:05.840+00:00 CAN id=111 dlc=8 data=3075000000000000
2026-07-07T15:40:05.840+00:00 CAN id=101 dlc=8 data=28b10000e0930400
2026-07-07T15:40:05.842+00:00 VCP run=1 step=0 angle=47109 target=39352 err=-7757 steer=1121 m1=2107/109292 i1=169 t1=29 m2=-1899/-96958 i2=-135 t2=28 steerMode=6167/5894 iSteer=16866 driveMode=103125/104912 iDrive=151765 scale=0 wheel=300000 ffS=5000
2026-07-07T15:40:05.842+00:00 VCP run=1 step=0 angle=49834 target=42352 err=-7482 steer=1259 m1=2130/110050 i1=128 t1=29 m2=-1838/-96200 i2=-203 t2=28 steerMode=6925/7783 iSteer=-37411 driveMode=103125/104355 iDrive=165716 scale=0 wheel=300000 ffS=5000
2026-07-07T15:40:05.860+00:00 CAN id=111 dlc=8 data=3075000000000000
2026-07-07T15:40:05.860+00:00 CAN id=101 dlc=8 data=80b30000e0930400
2026-07-07T15:40:05.863+00:00 VCP SET_TARGET_FF_RX steerRate=30000 wheelAccel=0
2026-07-07T15:40:05.863+00:00 VCP SET_TARGET_RX steer=45352 wheel=300000
2026-07-07T15:40:05.880+00:00 CAN id=111 dlc=8 data=3075000000000000
2026-07-07T15:40:05.880+00:00 CAN id=101 dlc=8 data=d8b50000e0930400
2026-07-07T15:40:05.900+00:00 CAN id=111 dlc=8 data=3075000000000000
2026-07-07T15:40:05.900+00:00 CAN id=101 dlc=8 data=30b80000e0930400
2026-07-07T15:40:05.920+00:00 CAN id=111 dlc=8 data=3075000000000000
2026-07-07T15:40:05.920+00:00 CAN id=101 dlc=8 data=88ba0000e0930400
2026-07-07T15:40:05.940+00:00 CAN id=111 dlc=8 data=3075000000000000
2026-07-07T15:40:05.940+00:00 CAN id=101 dlc=8 data=e0bc0000e0930400
2026-07-07T15:40:05.960+00:00 CAN id=111 dlc=8 data=3075000000000000
2026-07-07T15:40:05.960+00:00 CAN id=101 dlc=8 data=38bf0000e0930400
2026-07-07T15:40:05.966+00:00 VCP run=1 step=0 angle=52734 target=45352 err=-7382 steer=1309 m1=2073/110323 i1=240 t1=29 m2=-1848/-95927 i2=-156 t2=28 steerMode=7198/6445 iSteer=41978 driveMode=103125/103242 iDrive=197841 scale=0 wheel=300000 ffS=5000
2026-07-07T15:40:05.980+00:00 CAN id=111 dlc=8 data=3075000000000000
2026-07-07T15:40:05.980+00:00 CAN id=101 dlc=8 data=90c10000e0930400
2026-07-07T15:40:06.000+00:00 CAN id=111 dlc=8 data=3075000000000000
2026-07-07T15:40:06.000+00:00 CAN id=101 dlc=8 data=e8c30000e0930400
2026-07-07T15:40:06.020+00:00 CAN id=111 dlc=8 data=3075000000000000
2026-07-07T15:40:06.022+00:00 CAN id=101 dlc=8 data=40c60000e0930400
2026-07-07T15:40:06.040+00:00 CAN id=111 dlc=8 data=3075000000000000
2026-07-07T15:40:06.040+00:00 CAN id=101 dlc=8 data=98c80000e0930400
2026-07-07T15:40:06.060+00:00 CAN id=111 dlc=8 data=3075000000000000
2026-07-07T15:40:06.060+00:00 CAN id=101 dlc=8 data=f0ca0000e0930400
2026-07-07T15:40:06.080+00:00 CAN id=111 dlc=8 data=3075000000000000
2026-07-07T15:40:06.080+00:00 CAN id=101 dlc=8 data=48cd0000e0930400
2026-07-07T15:40:06.100+00:00 CAN id=111 dlc=8 data=3075000000000000
2026-07-07T15:40:06.100+00:00 CAN id=101 dlc=8 data=a0cf0000e0930400
2026-07-07T15:40:06.120+00:00 CAN id=111 dlc=8 data=3075000000000000
2026-07-07T15:40:06.120+00:00 CAN id=101 dlc=8 data=f8d10000e0930400
2026-07-07T15:40:06.140+00:00 CAN id=111 dlc=8 data=3075000000000000
2026-07-07T15:40:06.140+00:00 CAN id=101 dlc=8 data=50d40000e0930400
2026-07-07T15:40:06.150+00:00 VCP run=1 step=0 angle=55898 target=48352 err=-7546 steer=1227 m1=2124/109872 i1=108 t1=29 m2=-1802/-96378 i2=-242 t2=28 steerMode=6747/8237 iSteer=-66933 driveMode=103125/103986 iDrive=174858 scale=0 wheel=300000 ffS=5000
2026-07-07T15:40:06.150+00:00 VCP run=1 step=0 angle=59150 target=51352 err=-7798 steer=1101 m1=2086/109179 i1=182 t1=29 m2=-1846/-97071 i2=-181 t2=28 steerMode=6054/6160 iSteer=368 driveMode=103125/103749 iDrive=181293 scale=0 wheel=300000 ffS=5000
2026-07-07T15:40:06.160+00:00 CAN id=111 dlc=8 data=3075000000000000
2026-07-07T15:40:06.160+00:00 CAN id=101 dlc=8 data=a8d60000e0930400
2026-07-07T15:40:06.180+00:00 CAN id=111 dlc=8 data=3075000000000000
2026-07-07T15:40:06.180+00:00 CAN id=101 dlc=8 data=00d90000e0930400
2026-07-07T15:40:06.200+00:00 CAN id=111 dlc=8 data=3075000000000000
2026-07-07T15:40:06.200+00:00 CAN id=101 dlc=8 data=58db0000e0930400
2026-07-07T15:40:06.220+00:00 CAN id=111 dlc=8 data=3075000000000000
2026-07-07T15:40:06.220+00:00 CAN id=101 dlc=8 data=b0dd0000e0930400
2026-07-07T15:40:06.240+00:00 CAN id=111 dlc=8 data=3075000000000000
2026-07-07T15:40:06.240+00:00 CAN id=101 dlc=8 data=08e00000e0930400
2026-07-07T15:40:06.253+00:00 VCP run=1 step=0 angle=61699 target=54352 err=-7347 steer=1326 m1=2140/110420 i1=154 t1=29 m2=-1832/-95830 i2=-191 t2=28 steerMode=7295/7815 iSteer=-18249 driveMode=103125/104041 iDrive=172531 scale=0 wheel=300000 ffS=5000
2026-07-07T15:40:06.260+00:00 CAN id=111 dlc=8 data=3075000000000000
2026-07-07T15:40:06.260+00:00 CAN id=101 dlc=8 data=60e20000e0930400
2026-07-07T15:40:06.280+00:00 CAN id=111 dlc=8 data=3075000000000000
2026-07-07T15:40:06.280+00:00 CAN id=101 dlc=8 data=b8e40000e0930400
2026-07-07T15:40:06.300+00:00 CAN id=111 dlc=8 data=3075000000000000
2026-07-07T15:40:06.300+00:00 CAN id=101 dlc=8 data=10e70000e0930400
2026-07-07T15:40:06.320+00:00 CAN id=111 dlc=8 data=3075000000000000
2026-07-07T15:40:06.320+00:00 CAN id=101 dlc=8 data=68e90000e0930400
2026-07-07T15:40:06.340+00:00 CAN id=111 dlc=8 data=3075000000000000
2026-07-07T15:40:06.340+00:00 CAN id=101 dlc=8 data=c0eb0000e0930400
2026-07-07T15:40:06.350+00:00 VCP run=1 step=0 angle=65039 target=57352 err=-7687 steer=1156 m1=2100/109486 i1=172 t1=29 m2=-1888/-96764 i2=-157 t2=28 steerMode=6361/6335 iSteer=7372 driveMode=103125/104321 iDrive=164129 scale=0 wheel=300000 ffS=5000
2026-07-07T15:40:06.350+00:00 VCP SET_TARGET_FF_RX steerRate=30000 wheelAccel=0
2026-07-07T15:40:06.350+00:00 VCP SET_TARGET_RX steer=60352 wheel=300000
2026-07-07T15:40:06.360+00:00 CAN id=111 dlc=8 data=3075000000000000
2026-07-07T15:40:06.360+00:00 CAN id=101 dlc=8 data=18ee0000e0930400
2026-07-07T15:40:06.380+00:00 CAN id=111 dlc=8 data=3075000000000000
2026-07-07T15:40:06.380+00:00 CAN id=101 dlc=8 data=70f00000e0930400
2026-07-07T15:40:06.400+00:00 CAN id=111 dlc=8 data=3075000000000000
2026-07-07T15:40:06.400+00:00 CAN id=101 dlc=8 data=c8f20000e0930400
2026-07-07T15:40:06.420+00:00 CAN id=111 dlc=8 data=3075000000000000
2026-07-07T15:40:06.420+00:00 CAN id=101 dlc=8 data=20f50000e0930400
2026-07-07T15:40:06.440+00:00 CAN id=111 dlc=8 data=3075000000000000
2026-07-07T15:40:06.440+00:00 CAN id=101 dlc=8 data=78f70000e0930400
2026-07-07T15:40:06.453+00:00 VCP run=1 step=0 angle=67676 target=60352 err=-7324 steer=1338 m1=2109/110485 i1=221 t1=29 m2=-1865/-95765 i2=-102 t2=28 steerMode=7360/6335 iSteer=59512 driveMode=103125/104395 iDrive=161901 scale=0 wheel=300000 ffS=5000
2026-07-07T15:40:06.460+00:00 CAN id=111 dlc=8 data=3075000000000000
2026-07-07T15:40:06.460+00:00 CAN id=101 dlc=8 data=d0f90000e0930400
2026-07-07T15:40:06.480+00:00 CAN id=111 dlc=8 data=3075000000000000
2026-07-07T15:40:06.480+00:00 CAN id=101 dlc=8 data=28fc0000e0930400
2026-07-07T15:40:06.500+00:00 CAN id=111 dlc=8 data=3075000000000000
2026-07-07T15:40:06.500+00:00 CAN id=101 dlc=8 data=80fe0000e0930400
2026-07-07T15:40:06.520+00:00 CAN id=111 dlc=8 data=3075000000000000
2026-07-07T15:40:06.520+00:00 CAN id=101 dlc=8 data=d8000100e0930400
2026-07-07T15:40:06.540+00:00 CAN id=111 dlc=8 data=3075000000000000
2026-07-07T15:40:06.540+00:00 CAN id=101 dlc=8 data=30030100e0930400
2026-07-07T15:40:06.556+00:00 VCP run=1 step=0 angle=70752 target=63352 err=-7400 steer=1300 m1=2100/110275 i1=191 t1=29 m2=-1836/-95975 i2=-180 t2=28 steerMode=7150/7202 iSteer=5488 driveMode=103125/103610 iDrive=185445 scale=0 wheel=300000 ffS=5000
2026-07-07T15:40:06.560+00:00 CAN id=111 dlc=8 data=3075000000000000
2026-07-07T15:40:06.560+00:00 CAN id=101 dlc=8 data=88050100e0930400
2026-07-07T15:40:06.580+00:00 CAN id=111 dlc=8 data=3075000000000000
2026-07-07T15:40:06.580+00:00 CAN id=101 dlc=8 data=e0070100e0930400
2026-07-07T15:40:06.600+00:00 CAN id=111 dlc=8 data=3075000000000000
2026-07-07T15:40:06.600+00:00 CAN id=101 dlc=8 data=380a0100e0930400
2026-07-07T15:40:06.620+00:00 CAN id=111 dlc=8 data=3075000000000000
2026-07-07T15:40:06.620+00:00 CAN id=101 dlc=8 data=900c0100e0930400
2026-07-07T15:40:06.640+00:00 CAN id=111 dlc=8 data=3075000000000000
2026-07-07T15:40:06.640+00:00 CAN id=101 dlc=8 data=e80e0100e0930400
2026-07-07T15:40:06.659+00:00 VCP run=1 step=0 angle=73740 target=66352 err=-7388 steer=1306 m1=2130/110307 i1=175 t1=29 m2=-1863/-95943 i2=-163 t2=28 steerMode=7182/7242 iSteer=5761 driveMode=103125/104151 iDrive=169212 scale=0 wheel=300000 ffS=5000
2026-07-07T15:40:06.660+00:00 CAN id=111 dlc=8 data=3075000000000000
2026-07-07T15:40:06.660+00:00 CAN id=101 dlc=8 data=40110100e0930400
2026-07-07T15:40:06.680+00:00 CAN id=111 dlc=8 data=3075000000000000
2026-07-07T15:40:06.680+00:00 CAN id=101 dlc=8 data=98130100e0930400
2026-07-07T15:40:06.700+00:00 CAN id=111 dlc=8 data=3075000000000000
2026-07-07T15:40:06.700+00:00 CAN id=101 dlc=8 data=f0150100e0930400
2026-07-07T15:40:06.720+00:00 CAN id=111 dlc=8 data=3075000000000000
2026-07-07T15:40:06.720+00:00 CAN id=101 dlc=8 data=48180100e0930400
2026-07-07T15:40:06.740+00:00 CAN id=111 dlc=8 data=3075000000000000
2026-07-07T15:40:06.740+00:00 CAN id=101 dlc=8 data=a01a0100e0930400
2026-07-07T15:40:06.760+00:00 CAN id=111 dlc=8 data=3075000000000000
2026-07-07T15:40:06.760+00:00 CAN id=101 dlc=8 data=f81c0100e0930400
2026-07-07T15:40:06.763+00:00 VCP run=1 step=0 angle=76816 target=69352 err=-7464 steer=1268 m1=2103/110098 i1=178 t1=29 m2=-1800/-96152 i2=-174 t2=28 steerMode=6973/7079 iSteer=2456 driveMode=103125/103926 iDrive=175972 scale=0 wheel=300000 ffS=5000
2026-07-07T15:40:06.780+00:00 CAN id=111 dlc=8 data=3075000000000000
2026-07-07T15:40:06.780+00:00 CAN id=101 dlc=8 data=501f0100e0930400
2026-07-07T15:40:06.800+00:00 CAN id=111 dlc=8 data=3075000000000000
2026-07-07T15:40:06.800+00:00 CAN id=101 dlc=8 data=a8210100e0930400
2026-07-07T15:40:06.820+00:00 CAN id=111 dlc=8 data=3075000000000000
2026-07-07T15:40:06.820+00:00 CAN id=101 dlc=8 data=00240100e0930400
2026-07-07T15:40:06.840+00:00 CAN id=111 dlc=8 data=3075000000000000
2026-07-07T15:40:06.840+00:00 CAN id=101 dlc=8 data=58260100e0930400
2026-07-07T15:40:06.858+00:00 VCP run=1 step=0 angle=79805 target=72352 err=-7453 steer=1274 m1=2111/110130 i1=165 t1=29 m2=-1834/-96120 i2=-215 t2=28 steerMode=7005/7656 iSteer=-24849 driveMode=103125/103457 iDrive=190026 scale=0 wheel=300000 ffS=5000
2026-07-07T15:40:06.858+00:00 VCP SET_TARGET_FF_RX steerRate=30000 wheelAccel=0
2026-07-07T15:40:06.858+00:00 VCP SET_TARGET_RX steer=75352 wheel=300000
2026-07-07T15:40:06.860+00:00 CAN id=111 dlc=8 data=3075000000000000
2026-07-07T15:40:06.860+00:00 CAN id=101 dlc=8 data=b0280100e0930400
2026-07-07T15:40:06.880+00:00 CAN id=111 dlc=8 data=3075000000000000
2026-07-07T15:40:06.880+00:00 CAN id=101 dlc=8 data=082b0100e0930400
2026-07-07T15:40:06.900+00:00 CAN id=111 dlc=8 data=3075000000000000
2026-07-07T15:40:06.900+00:00 CAN id=101 dlc=8 data=602d0100e0930400
2026-07-07T15:40:06.920+00:00 CAN id=111 dlc=8 data=3075000000000000
2026-07-07T15:40:06.920+00:00 CAN id=101 dlc=8 data=b82f0100e0930400
2026-07-07T15:40:06.940+00:00 CAN id=111 dlc=8 data=3075000000000000
2026-07-07T15:40:06.941+00:00 CAN id=101 dlc=8 data=10320100e0930400
2026-07-07T15:40:06.960+00:00 CAN id=111 dlc=8 data=3075000000000000
2026-07-07T15:40:06.960+00:00 CAN id=101 dlc=8 data=68340100e0930400
2026-07-07T15:40:06.961+00:00 VCP run=1 step=0 angle=83145 target=75352 err=-7793 steer=1104 m1=2082/109196 i1=203 t1=29 m2=-1842/-97054 i2=-173 t2=28 steerMode=6071/5877 iSteer=15227 driveMode=103125/103522 iDrive=188083 scale=0 wheel=300000 ffS=5000
2026-07-07T15:40:06.980+00:00 CAN id=111 dlc=8 data=3075000000000000
2026-07-07T15:40:06.980+00:00 CAN id=101 dlc=8 data=c0360100e0930400
2026-07-07T15:40:07.000+00:00 CAN id=111 dlc=8 data=3075000000000000
2026-07-07T15:40:07.000+00:00 CAN id=101 dlc=8 data=18390100e0930400
2026-07-07T15:40:07.020+00:00 CAN id=111 dlc=8 data=3075000000000000
2026-07-07T15:40:07.020+00:00 CAN id=101 dlc=8 data=703b0100e0930400
2026-07-07T15:40:07.040+00:00 CAN id=111 dlc=8 data=3075000000000000
2026-07-07T15:40:07.040+00:00 CAN id=101 dlc=8 data=c83d0100e0930400
2026-07-07T15:40:07.060+00:00 CAN id=111 dlc=8 data=3075000000000000
2026-07-07T15:40:07.060+00:00 CAN id=101 dlc=8 data=20400100e0930400
2026-07-07T15:40:07.064+00:00 VCP run=1 step=0 angle=85430 target=78352 err=-7078 steer=1461 m1=2142/111161 i1=201 t1=29 m2=-1861/-95089 i2=-112 t2=28 steerMode=8036/7354 iSteer=44429 driveMode=103125/104585 iDrive=156204 scale=0 wheel=300000 ffS=5000
2026-07-07T15:40:07.080+00:00 CAN id=111 dlc=8 data=3075000000000000
2026-07-07T15:40:07.080+00:00 CAN id=101 dlc=8 data=78420100e0930400
2026-07-07T15:40:07.100+00:00 CAN id=111 dlc=8 data=3075000000000000
2026-07-07T15:40:07.100+00:00 CAN id=101 dlc=8 data=d0440100e0930400
2026-07-07T15:40:07.120+00:00 CAN id=111 dlc=8 data=3075000000000000
2026-07-07T15:40:07.120+00:00 CAN id=101 dlc=8 data=28470100e0930400
2026-07-07T15:40:07.140+00:00 CAN id=111 dlc=8 data=3075000000000000
2026-07-07T15:40:07.140+00:00 CAN id=101 dlc=8 data=80490100e0930400
2026-07-07T15:40:07.160+00:00 CAN id=111 dlc=8 data=3075000000000000
2026-07-07T15:40:07.160+00:00 CAN id=101 dlc=8 data=d84b0100e0930400
2026-07-07T15:40:07.180+00:00 CAN id=111 dlc=8 data=3075000000000000
2026-07-07T15:40:07.180+00:00 CAN id=101 dlc=8 data=304e0100e0930400
2026-07-07T15:40:07.200+00:00 CAN id=111 dlc=8 data=3075000000000000
2026-07-07T15:40:07.200+00:00 CAN id=101 dlc=8 data=88500100e0930400
2026-07-07T15:40:07.220+00:00 CAN id=111 dlc=8 data=3075000000000000
2026-07-07T15:40:07.220+00:00 CAN id=101 dlc=8 data=e0520100e0930400
2026-07-07T15:40:07.240+00:00 CAN id=111 dlc=8 data=3075000000000000
2026-07-07T15:40:07.240+00:00 CAN id=101 dlc=8 data=38550100e0930400
2026-07-07T15:40:07.249+00:00 VCP run=1 step=0 angle=89121 target=81352 err=-7769 steer=1115 m1=2067/109260 i1=178 t1=29 m2=-1855/-96990 i2=-181 t2=28 steerMode=6135/6278 iSteer=-1435 driveMode=103125/103794 iDrive=179933 scale=0 wheel=300000 ffS=5000
2026-07-07T15:40:07.249+00:00 VCP run=1 step=0 angle=91758 target=84352 err=-7406 steer=1297 m1=2117/110259 i1=158 t1=29 m2=-1813/-95991 i2=-223 t2=28 steerMode=7134/7935 iSteer=-32408 driveMode=103125/103449 iDrive=190267 scale=0 wheel=300000 ffS=5000
2026-07-07T15:40:07.260+00:00 CAN id=111 dlc=8 data=3075000000000000
2026-07-07T15:40:07.260+00:00 CAN id=101 dlc=8 data=90570100e0930400
2026-07-07T15:40:07.280+00:00 CAN id=111 dlc=8 data=3075000000000000
2026-07-07T15:40:07.280+00:00 CAN id=101 dlc=8 data=e8590100e0930400
2026-07-07T15:40:07.300+00:00 CAN id=111 dlc=8 data=3075000000000000
2026-07-07T15:40:07.300+00:00 CAN id=101 dlc=8 data=405c0100e0930400
2026-07-07T15:40:07.320+00:00 CAN id=111 dlc=8 data=3075000000000000
2026-07-07T15:40:07.320+00:00 CAN id=101 dlc=8 data=985e0100e0930400
2026-07-07T15:40:07.340+00:00 CAN id=111 dlc=8 data=3075000000000000
2026-07-07T15:40:07.340+00:00 CAN id=101 dlc=8 data=f0600100e0930400
2026-07-07T15:40:07.344+00:00 VCP run=1 step=0 angle=94570 target=87352 err=-7218 steer=1391 m1=2098/110775 i1=232 t1=29 m2=-1859/-95475 i2=-150 t2=28 steerMode=7650/6955 iSteer=40824 driveMode=103125/103429 iDrive=190892 scale=0 wheel=300000 ffS=5000
2026-07-07T15:40:07.360+00:00 CAN id=111 dlc=8 data=3075000000000000
2026-07-07T15:40:07.360+00:00 CAN id=101 dlc=8 data=48630100e0930400
2026-07-07T15:40:07.367+00:00 VCP SET_TARGET_FF_RX steerRate=30000 wheelAccel=0
2026-07-07T15:40:07.367+00:00 VCP SET_TARGET_RX steer=90352 wheel=300000
2026-07-07T15:40:07.381+00:00 CAN id=111 dlc=8 data=3075000000000000
2026-07-07T15:40:07.381+00:00 CAN id=101 dlc=8 data=a0650100e0930400
2026-07-07T15:40:07.400+00:00 CAN id=111 dlc=8 data=3075000000000000
2026-07-07T15:40:07.400+00:00 CAN id=101 dlc=8 data=f8670100e0930400
2026-07-07T15:40:07.420+00:00 CAN id=111 dlc=8 data=3075000000000000
2026-07-07T15:40:07.420+00:00 CAN id=101 dlc=8 data=506a0100e0930400
2026-07-07T15:40:07.440+00:00 CAN id=111 dlc=8 data=3075000000000000
2026-07-07T15:40:07.440+00:00 CAN id=101 dlc=8 data=a86c0100e0930400
2026-07-07T15:40:07.460+00:00 CAN id=111 dlc=8 data=3075000000000000
2026-07-07T15:40:07.460+00:00 CAN id=101 dlc=8 data=006f0100e0930400
2026-07-07T15:40:07.480+00:00 CAN id=111 dlc=8 data=3075000000000000
2026-07-07T15:40:07.480+00:00 CAN id=101 dlc=8 data=58710100e0930400
2026-07-07T15:40:07.500+00:00 CAN id=111 dlc=8 data=3075000000000000
2026-07-07T15:40:07.500+00:00 CAN id=101 dlc=8 data=b0730100e0930400
2026-07-07T15:40:07.520+00:00 CAN id=111 dlc=8 data=3075000000000000
2026-07-07T15:40:07.520+00:00 CAN id=101 dlc=8 data=08760100e0930400
2026-07-07T15:40:07.540+00:00 CAN id=111 dlc=8 data=3075000000000000
2026-07-07T15:40:07.540+00:00 CAN id=101 dlc=8 data=60780100e0930400
2026-07-07T15:40:07.550+00:00 VCP run=1 step=0 angle=97822 target=90352 err=-7470 steer=1265 m1=2092/110082 i1=183 t1=29 m2=-1792/-96168 i2=-232 t2=28 steerMode=6957/7539 iSteer=-24118 driveMode=103125/102877 iDrive=207487 scale=0 wheel=300000 ffS=5000
2026-07-07T15:40:07.550+00:00 VCP run=1 step=0 angle=99932 target=93352 err=-6580 steer=1710 m1=2103/112531 i1=365 t1=29 m2=-1838/-93719 i2=-17 t2=28 steerMode=9406/6050 iSteer=174010 driveMode=103125/103423 iDrive=191262 scale=0 wheel=300000 ffS=5000
2026-07-07T15:40:07.560+00:00 CAN id=111 dlc=8 data=3075000000000000
2026-07-07T15:40:07.560+00:00 CAN id=101 dlc=8 data=b87a0100e0930400
2026-07-07T15:40:07.580+00:00 CAN id=111 dlc=8 data=3075000000000000
2026-07-07T15:40:07.580+00:00 CAN id=101 dlc=8 data=107d0100e0930400
2026-07-07T15:40:07.600+00:00 CAN id=111 dlc=8 data=3075000000000000
2026-07-07T15:40:07.600+00:00 CAN id=101 dlc=8 data=687f0100e0930400
2026-07-07T15:40:07.620+00:00 CAN id=111 dlc=8 data=3075000000000000
2026-07-07T15:40:07.620+00:00 CAN id=101 dlc=8 data=c0810100e0930400
2026-07-07T15:40:07.640+00:00 CAN id=111 dlc=8 data=3075000000000000
2026-07-07T15:40:07.640+00:00 CAN id=101 dlc=8 data=18840100e0930400
2026-07-07T15:40:07.654+00:00 VCP run=1 step=0 angle=103359 target=96352 err=-7007 steer=1496 m1=2080/111355 i1=212 t1=29 m2=-1821/-94895 i2=-174 t2=28 steerMode=8230/7970 iSteer=18972 driveMode=103125/103350 iDrive=193398 scale=0 wheel=300000 ffS=5000
2026-07-07T15:40:07.660+00:00 CAN id=111 dlc=8 data=3075000000000000
2026-07-07T15:40:07.660+00:00 CAN id=101 dlc=8 data=70860100e0930400
2026-07-07T15:40:07.680+00:00 CAN id=111 dlc=8 data=3075000000000000
2026-07-07T15:40:07.680+00:00 CAN id=101 dlc=8 data=c8880100e0930400
2026-07-07T15:40:07.700+00:00 CAN id=111 dlc=8 data=3075000000000000
2026-07-07T15:40:07.700+00:00 CAN id=101 dlc=8 data=208b0100e0930400
2026-07-07T15:40:07.720+00:00 CAN id=111 dlc=8 data=3075000000000000
2026-07-07T15:40:07.720+00:00 CAN id=101 dlc=8 data=788d0100e0930400
2026-07-07T15:40:07.740+00:00 CAN id=111 dlc=8 data=3075000000000000
2026-07-07T15:40:07.740+00:00 CAN id=101 dlc=8 data=d08f0100e0930400
2026-07-07T15:40:07.757+00:00 VCP run=1 step=0 angle=105996 target=99352 err=-6644 steer=1678 m1=2034/112354 i1=410 t1=29 m2=-1746/-93896 i2=-95 t2=28 steerMode=9229/6197 iSteer=157512 driveMode=103125/101456 iDrive=252563 scale=0 wheel=300000 ffS=5000
2026-07-07T15:40:07.760+00:00 CAN id=111 dlc=8 data=3075000000000000
2026-07-07T15:40:07.760+00:00 CAN id=101 dlc=8 data=28920100e0930400
2026-07-07T15:40:07.780+00:00 CAN id=111 dlc=8 data=3075000000000000
2026-07-07T15:40:07.780+00:00 CAN id=101 dlc=8 data=80940100e0930400
2026-07-07T15:40:07.800+00:00 CAN id=111 dlc=8 data=3075000000000000
2026-07-07T15:40:07.800+00:00 CAN id=101 dlc=8 data=d8960100e0930400
2026-07-07T15:40:07.820+00:00 CAN id=111 dlc=8 data=3075000000000000
2026-07-07T15:40:07.820+00:00 CAN id=101 dlc=8 data=30990100e0930400
2026-07-07T15:40:07.840+00:00 CAN id=111 dlc=8 data=3075000000000000
2026-07-07T15:40:07.840+00:00 CAN id=101 dlc=8 data=889b0100e0930400
2026-07-07T15:40:07.853+00:00 VCP run=1 step=0 angle=109775 target=102352 err=-7423 steer=1288 m1=2082/110211 i1=215 t1=29 m2=-1798/-96039 i2=-208 t2=28 steerMode=7086/7074 iSteer=3549 driveMode=103125/102892 iDrive=211686 scale=0 wheel=300000 ffS=5000
2026-07-07T15:40:07.853+00:00 VCP SET_TARGET_FF_RX steerRate=30000 wheelAccel=0
2026-07-07T15:40:07.853+00:00 VCP SET_TARGET_RX steer=105352 wheel=300000
2026-07-07T15:40:07.860+00:00 CAN id=111 dlc=8 data=3075000000000000
2026-07-07T15:40:07.860+00:00 CAN id=101 dlc=8 data=e09d0100e0930400
2026-07-07T15:40:07.880+00:00 CAN id=111 dlc=8 data=3075000000000000
2026-07-07T15:40:07.880+00:00 CAN id=101 dlc=8 data=38a00100e0930400
2026-07-07T15:40:07.900+00:00 CAN id=111 dlc=8 data=3075000000000000
2026-07-07T15:40:07.900+00:00 CAN id=101 dlc=8 data=90a20100e0930400
2026-07-07T15:40:07.920+00:00 CAN id=111 dlc=8 data=3075000000000000
2026-07-07T15:40:07.920+00:00 CAN id=101 dlc=8 data=e8a40100e0930400
2026-07-07T15:40:07.940+00:00 CAN id=111 dlc=8 data=3075000000000000
2026-07-07T15:40:07.940+00:00 CAN id=101 dlc=8 data=40a70100e0930400
2026-07-07T15:40:07.955+00:00 VCP run=1 step=0 angle=112852 target=105352 err=-7500 steer=1250 m1=2107/110001 i1=202 t1=29 m2=-1834/-96249 i2=-156 t2=28 steerMode=6876/6477 iSteer=23350 driveMode=103125/103956 iDrive=178924 scale=0 wheel=300000 ffS=5000
2026-07-07T15:40:07.960+00:00 CAN id=111 dlc=8 data=3075000000000000
2026-07-07T15:40:07.960+00:00 CAN id=101 dlc=8 data=98a90100e0930400
2026-07-07T15:40:07.980+00:00 CAN id=111 dlc=8 data=3075000000000000
2026-07-07T15:40:07.980+00:00 CAN id=101 dlc=8 data=f0ab0100e0930400
2026-07-07T15:40:08.000+00:00 CAN id=111 dlc=8 data=3075000000000000
2026-07-07T15:40:08.000+00:00 CAN id=101 dlc=8 data=48ae0100e0930400
2026-07-07T15:40:08.020+00:00 CAN id=111 dlc=8 data=3075000000000000
2026-07-07T15:40:08.020+00:00 CAN id=101 dlc=8 data=a0b00100e0930400
2026-07-07T15:40:08.040+00:00 CAN id=111 dlc=8 data=3075000000000000
2026-07-07T15:40:08.040+00:00 CAN id=101 dlc=8 data=f8b20100e0930400
2026-07-07T15:40:08.058+00:00 VCP run=1 step=0 angle=115928 target=108352 err=-7576 steer=1212 m1=2088/109792 i1=184 t1=29 m2=-1850/-96458 i2=-222 t2=28 steerMode=6667/7103 iSteer=-18830 driveMode=103125/103134 iDrive=202738 scale=0 wheel=300000 ffS=5000
2026-07-07T15:40:08.060+00:00 CAN id=111 dlc=8 data=3075000000000000
2026-07-07T15:40:08.060+00:00 CAN id=101 dlc=8 data=50b50100e0930400
2026-07-07T15:40:08.080+00:00 CAN id=111 dlc=8 data=3075000000000000
2026-07-07T15:40:08.080+00:00 CAN id=101 dlc=8 data=a8b70100e0930400
2026-07-07T15:40:08.100+00:00 CAN id=111 dlc=8 data=3075000000000000
2026-07-07T15:40:08.100+00:00 CAN id=101 dlc=8 data=00ba0100e0930400
2026-07-07T15:40:08.120+00:00 CAN id=111 dlc=8 data=3075000000000000
2026-07-07T15:40:08.120+00:00 CAN id=101 dlc=8 data=58bc0100e0930400
2026-07-07T15:40:08.140+00:00 CAN id=111 dlc=8 data=3075000000000000
2026-07-07T15:40:08.140+00:00 CAN id=101 dlc=8 data=b0be0100e0930400
2026-07-07T15:40:08.160+00:00 CAN id=111 dlc=8 data=3075000000000000
2026-07-07T15:40:08.160+00:00 CAN id=101 dlc=8 data=08c10100e0930400
2026-07-07T15:40:08.161+00:00 VCP run=1 step=0 angle=118740 target=111352 err=-7388 steer=1306 m1=2096/110307 i1=214 t1=29 m2=-1802/-95943 i2=-210 t2=28 steerMode=7182/7194 iSteer=1859 driveMode=103125/102843 iDrive=212015 scale=0 wheel=300000 ffS=5000
2026-07-07T15:40:08.180+00:00 CAN id=111 dlc=8 data=3075000000000000
2026-07-07T15:40:08.180+00:00 CAN id=101 dlc=8 data=60c30100e0930400
2026-07-07T15:40:08.200+00:00 CAN id=111 dlc=8 data=3075000000000000
2026-07-07T15:40:08.200+00:00 CAN id=101 dlc=8 data=b8c50100e0930400
2026-07-07T15:40:08.220+00:00 CAN id=111 dlc=8 data=3075000000000000
2026-07-07T15:40:08.220+00:00 CAN id=101 dlc=8 data=10c80100e0930400
2026-07-07T15:40:08.240+00:00 CAN id=111 dlc=8 data=3075000000000000
2026-07-07T15:40:08.240+00:00 CAN id=101 dlc=8 data=68ca0100e0930400
2026-07-07T15:40:08.260+00:00 CAN id=111 dlc=8 data=3075000000000000
2026-07-07T15:40:08.260+00:00 CAN id=101 dlc=8 data=c0cc0100e0930400
2026-07-07T15:40:08.264+00:00 VCP run=1 step=0 angle=121465 target=114352 err=-7113 steer=1444 m1=2128/111065 i1=201 t1=29 m2=-1844/-95185 i2=-115 t2=28 steerMode=7940/7141 iSteer=43051 driveMode=103125/104591 iDrive=158355 scale=0 wheel=300000 ffS=5000
2026-07-07T15:40:08.280+00:00 CAN id=111 dlc=8 data=3075000000000000
2026-07-07T15:40:08.280+00:00 CAN id=101 dlc=8 data=18cf0100e0930400
2026-07-07T15:40:08.300+00:00 CAN id=111 dlc=8 data=3075000000000000
2026-07-07T15:40:08.300+00:00 CAN id=101 dlc=8 data=70d10100e0930400
2026-07-07T15:40:08.320+00:00 CAN id=111 dlc=8 data=3075000000000000
2026-07-07T15:40:08.320+00:00 CAN id=101 dlc=8 data=c8d30100e0930400
2026-07-07T15:40:08.340+00:00 CAN id=111 dlc=8 data=3075000000000000
2026-07-07T15:40:08.340+00:00 CAN id=101 dlc=8 data=20d60100e0930400
2026-07-07T15:40:08.360+00:00 CAN id=111 dlc=8 data=3075000000000000
2026-07-07T15:40:08.360+00:00 VCP run=1 step=0 angle=124541 target=117352 err=-7189 steer=1405 m1=2115/110855 i1=209 t1=29 m2=-1811/-95395 i2=-138 t2=28 steerMode=7730/7090 iSteer=35361 driveMode=103125/104020 iDrive=173593 scale=0 wheel=300000 ffS=5000
2026-07-07T15:40:08.360+00:00 CAN id=101 dlc=8 data=78d80100e0930400
2026-07-07T15:40:08.360+00:00 VCP SET_TARGET_FF_RX steerRate=30000 wheelAccel=0
2026-07-07T15:40:08.360+00:00 VCP SET_TARGET_RX steer=120352 wheel=300000
2026-07-07T15:40:08.380+00:00 CAN id=111 dlc=8 data=3075000000000000
2026-07-07T15:40:08.380+00:00 CAN id=101 dlc=8 data=d0da0100e0930400
2026-07-07T15:40:08.400+00:00 CAN id=111 dlc=8 data=3075000000000000
2026-07-07T15:40:08.400+00:00 CAN id=101 dlc=8 data=28dd0100e0930400
2026-07-07T15:40:08.420+00:00 CAN id=111 dlc=8 data=3075000000000000
2026-07-07T15:40:08.420+00:00 CAN id=101 dlc=8 data=80df0100e0930400
2026-07-07T15:40:08.440+00:00 CAN id=111 dlc=8 data=3075000000000000
2026-07-07T15:40:08.440+00:00 CAN id=101 dlc=8 data=d8e10100e0930400
2026-07-07T15:40:08.460+00:00 CAN id=111 dlc=8 data=3075000000000000
2026-07-07T15:40:08.460+00:00 CAN id=101 dlc=8 data=30e40100e0930400
2026-07-07T15:40:08.463+00:00 VCP run=1 step=0 angle=127881 target=120352 err=-7529 steer=1236 m1=2098/109921 i1=165 t1=29 m2=-1825/-96329 i2=-236 t2=28 steerMode=6796/7557 iSteer=-35895 driveMode=103125/103107 iDrive=200571 scale=0 wheel=300000 ffS=5000
2026-07-07T15:40:08.480+00:00 CAN id=111 dlc=8 data=3075000000000000
2026-07-07T15:40:08.480+00:00 CAN id=101 dlc=8 data=88e60100e0930400
2026-07-07T15:40:08.500+00:00 CAN id=111 dlc=8 data=3075000000000000
2026-07-07T15:40:08.500+00:00 CAN id=101 dlc=8 data=e0e80100e0930400
2026-07-07T15:40:08.520+00:00 CAN id=111 dlc=8 data=3075000000000000
2026-07-07T15:40:08.520+00:00 CAN id=101 dlc=8 data=38eb0100e0930400
2026-07-07T15:40:08.540+00:00 CAN id=111 dlc=8 data=3075000000000000
2026-07-07T15:40:08.540+00:00 CAN id=101 dlc=8 data=90ed0100e0930400
2026-07-07T15:40:08.560+00:00 CAN id=111 dlc=8 data=3075000000000000
2026-07-07T15:40:08.560+00:00 CAN id=101 dlc=8 data=e8ef0100e0930400
2026-07-07T15:40:08.566+00:00 VCP run=1 step=0 angle=130957 target=123352 err=-7605 steer=1197 m1=2077/109711 i1=218 t1=29 m2=-1875/-96539 i2=-197 t2=28 steerMode=6586/6402 iSteer=10500 driveMode=103125/102897 iDrive=207296 scale=0 wheel=300000 ffS=5000
2026-07-07T15:40:08.580+00:00 CAN id=111 dlc=8 data=3075000000000000
2026-07-07T15:40:08.580+00:00 CAN id=101 dlc=8 data=40f20100e0930400
2026-07-07T15:40:08.600+00:00 CAN id=111 dlc=8 data=3075000000000000
2026-07-07T15:40:08.600+00:00 CAN id=101 dlc=8 data=98f40100e0930400
2026-07-07T15:40:08.620+00:00 CAN id=111 dlc=8 data=3075000000000000
2026-07-07T15:40:08.620+00:00 CAN id=101 dlc=8 data=f0f60100e0930400
2026-07-07T15:40:08.640+00:00 CAN id=111 dlc=8 data=3075000000000000
2026-07-07T15:40:08.640+00:00 CAN id=101 dlc=8 data=48f90100e0930400
2026-07-07T15:40:08.660+00:00 CAN id=111 dlc=8 data=3075000000000000
2026-07-07T15:40:08.660+00:00 CAN id=101 dlc=8 data=a0fb0100e0930400
2026-07-07T15:40:08.680+00:00 CAN id=111 dlc=8 data=3075000000000000
2026-07-07T15:40:08.680+00:00 CAN id=101 dlc=8 data=f8fd0100e0930400
2026-07-07T15:40:08.700+00:00 CAN id=111 dlc=8 data=3075000000000000
2026-07-07T15:40:08.700+00:00 CAN id=101 dlc=8 data=50000200e0930400
2026-07-07T15:40:08.720+00:00 CAN id=111 dlc=8 data=3075000000000000
2026-07-07T15:40:08.720+00:00 CAN id=101 dlc=8 data=a8020200e0930400
2026-07-07T15:40:08.740+00:00 CAN id=111 dlc=8 data=3075000000000000
2026-07-07T15:40:08.740+00:00 CAN id=101 dlc=8 data=00050200e0930400
2026-07-07T15:40:08.750+00:00 VCP run=1 step=0 angle=133945 target=126352 err=-7593 steer=1203 m1=2084/109743 i1=202 t1=29 m2=-1834/-96507 i2=-197 t2=28 steerMode=6618/6605 iSteer=2166 driveMode=103125/103149 iDrive=199628 scale=0 wheel=300000 ffS=5000
2026-07-07T15:40:08.750+00:00 VCP run=1 step=0 angle=136670 target=129352 err=-7318 steer=1341 m1=2094/110501 i1=244 t1=29 m2=-1884/-95749 i2=-148 t2=28 steerMode=7376/6442 iSteer=48218 driveMode=103125/103286 iDrive=195789 scale=0 wheel=300000 ffS=5000
2026-07-07T15:40:08.760+00:00 CAN id=111 dlc=8 data=3075000000000000
2026-07-07T15:40:08.760+00:00 CAN id=101 dlc=8 data=58070200e0930400
2026-07-07T15:40:08.780+00:00 CAN id=111 dlc=8 data=3075000000000000
2026-07-07T15:40:08.780+00:00 CAN id=101 dlc=8 data=b0090200e0930400
2026-07-07T15:40:08.800+00:00 CAN id=111 dlc=8 data=3075000000000000
2026-07-07T15:40:08.800+00:00 CAN id=101 dlc=8 data=080c0200e0930400
2026-07-07T15:40:08.820+00:00 CAN id=111 dlc=8 data=3075000000000000
2026-07-07T15:40:08.820+00:00 CAN id=101 dlc=8 data=600e0200e0930400
2026-07-07T15:40:08.840+00:00 CAN id=111 dlc=8 data=3075000000000000
2026-07-07T15:40:08.840+00:00 CAN id=101 dlc=8 data=b8100200e0930400
2026-07-07T15:40:08.845+00:00 VCP run=1 step=0 angle=139746 target=132352 err=-7394 steer=1303 m1=2111/110291 i1=148 t1=29 m2=-1809/-95959 i2=-188 t2=28 steerMode=7166/7622 iSteer=-19737 driveMode=103125/104199 iDrive=167771 scale=0 wheel=300000 ffS=5000
2026-07-07T15:40:08.846+00:00 VCP SET_TARGET_FF_RX steerRate=30000 wheelAccel=0
2026-07-07T15:40:08.860+00:00 CAN id=111 dlc=8 data=3075000000000000
2026-07-07T15:40:08.860+00:00 CAN id=101 dlc=8 data=10130200e0930400
2026-07-07T15:40:08.880+00:00 CAN id=111 dlc=8 data=3075000000000000
2026-07-07T15:40:08.880+00:00 CAN id=101 dlc=8 data=68150200e0930400
2026-07-07T15:40:08.900+00:00 CAN id=111 dlc=8 data=3075000000000000
2026-07-07T15:40:08.900+00:00 CAN id=101 dlc=8 data=c0170200e0930400
2026-07-07T15:40:08.920+00:00 CAN id=111 dlc=8 data=3075000000000000
2026-07-07T15:40:08.920+00:00 CAN id=101 dlc=8 data=181a0200e0930400
2026-07-07T15:40:08.940+00:00 CAN id=111 dlc=8 data=3075000000000000
2026-07-07T15:40:08.940+00:00 CAN id=101 dlc=8 data=701c0200e0930400
2026-07-07T15:40:08.948+00:00 VCP SET_TARGET_RX steer=135352 wheel=300000
2026-07-07T15:40:08.948+00:00 VCP run=1 step=0 angle=142559 target=135352 err=-7207 steer=1397 m1=2109/110807 i1=217 t1=29 m2=-1804/-95443 i2=-150 t2=28 steerMode=7682/7079 iSteer=33282 driveMode=103125/103667 iDrive=183735 scale=0 wheel=300000 ffS=5000
2026-07-07T15:40:08.960+00:00 CAN id=111 dlc=8 data=3075000000000000
2026-07-07T15:40:08.960+00:00 CAN id=101 dlc=8 data=c81e0200e0930400
2026-07-07T15:40:08.980+00:00 CAN id=111 dlc=8 data=3075000000000000
2026-07-07T15:40:08.980+00:00 CAN id=101 dlc=8 data=20210200e0930400
2026-07-07T15:40:09.000+00:00 CAN id=111 dlc=8 data=3075000000000000
2026-07-07T15:40:09.000+00:00 CAN id=101 dlc=8 data=78230200e0930400
2026-07-07T15:40:09.020+00:00 CAN id=111 dlc=8 data=3075000000000000
2026-07-07T15:40:09.020+00:00 CAN id=101 dlc=8 data=d0250200e0930400
2026-07-07T15:40:09.040+00:00 CAN id=111 dlc=8 data=3075000000000000
2026-07-07T15:40:09.040+00:00 CAN id=101 dlc=8 data=28280200e0930400
2026-07-07T15:40:09.051+00:00 VCP run=1 step=0 angle=145723 target=138352 err=-7371 steer=1315 m1=2090/110356 i1=190 t1=29 m2=-1756/-95894 i2=-270 t2=28 steerMode=7231/8074 iSteer=-39902 driveMode=103125/102144 iDrive=230361 scale=0 wheel=300000 ffS=5000
2026-07-07T15:40:09.060+00:00 CAN id=111 dlc=8 data=3075000000000000
2026-07-07T15:40:09.060+00:00 CAN id=101 dlc=8 data=802a0200e0930400
2026-07-07T15:40:09.080+00:00 CAN id=111 dlc=8 data=3075000000000000
2026-07-07T15:40:09.080+00:00 CAN id=101 dlc=8 data=d82c0200e0930400
2026-07-07T15:40:09.100+00:00 CAN id=111 dlc=8 data=3075000000000000
2026-07-07T15:40:09.100+00:00 CAN id=101 dlc=8 data=302f0200e0930400
2026-07-07T15:40:09.120+00:00 CAN id=111 dlc=8 data=3075000000000000
2026-07-07T15:40:09.120+00:00 CAN id=101 dlc=8 data=88310200e0930400
2026-07-07T15:40:09.140+00:00 CAN id=111 dlc=8 data=3075000000000000
2026-07-07T15:40:09.140+00:00 CAN id=101 dlc=8 data=e0330200e0930400
2026-07-07T15:40:09.154+00:00 VCP run=1 step=0 angle=148623 target=141352 err=-7271 steer=1364 m1=2077/110630 i1=299 t1=29 m2=-1798/-95620 i2=-131 t2=28 steerMode=7505/5867 iSteer=84218 driveMode=103125/102694 iDrive=215223 scale=0 wheel=300000 ffS=5000
2026-07-07T15:40:09.160+00:00 CAN id=111 dlc=8 data=3075000000000000
2026-07-07T15:40:09.160+00:00 CAN id=101 dlc=8 data=38360200e0930400
2026-07-07T15:40:09.180+00:00 CAN id=111 dlc=8 data=3075000000000000
2026-07-07T15:40:09.180+00:00 CAN id=101 dlc=8 data=90380200e0930400
2026-07-07T15:40:09.200+00:00 CAN id=111 dlc=8 data=3075000000000000
2026-07-07T15:40:09.200+00:00 CAN id=101 dlc=8 data=e83a0200e0930400
2026-07-07T15:40:09.220+00:00 CAN id=111 dlc=8 data=3075000000000000
2026-07-07T15:40:09.220+00:00 CAN id=101 dlc=8 data=403d0200e0930400
2026-07-07T15:40:09.240+00:00 CAN id=111 dlc=8 data=3075000000000000
2026-07-07T15:40:09.240+00:00 CAN id=101 dlc=8 data=983f0200e0930400
2026-07-07T15:40:09.257+00:00 VCP run=1 step=0 angle=151963 target=144352 err=-7611 steer=1195 m1=2103/109695 i1=151 t1=29 m2=-1781/-96555 i2=-254 t2=28 steerMode=6570/7664 iSteer=-51226 driveMode=103125/103109 iDrive=202679 scale=0 wheel=300000 ffS=5000
2026-07-07T15:40:09.260+00:00 CAN id=111 dlc=8 data=3075000000000000
2026-07-07T15:40:09.260+00:00 CAN id=101 dlc=8 data=f0410200e0930400
2026-07-07T15:40:09.280+00:00 CAN id=111 dlc=8 data=3075000000000000
2026-07-07T15:40:09.280+00:00 CAN id=101 dlc=8 data=48440200e0930400
2026-07-07T15:40:09.300+00:00 CAN id=111 dlc=8 data=3075000000000000
2026-07-07T15:40:09.300+00:00 CAN id=101 dlc=8 data=a0460200e0930400
2026-07-07T15:40:09.320+00:00 CAN id=111 dlc=8 data=3075000000000000
2026-07-07T15:40:09.320+00:00 CAN id=101 dlc=8 data=f8480200e0930400
2026-07-07T15:40:09.340+00:00 CAN id=111 dlc=8 data=3075000000000000
2026-07-07T15:40:09.340+00:00 CAN id=101 dlc=8 data=504b0200e0930400
2026-07-07T15:40:09.353+00:00 VCP run=1 step=0 angle=154951 target=147352 err=-7599 steer=1200 m1=2080/109727 i1=210 t1=29 m2=-1827/-96523 i2=-201 t2=28 steerMode=6602/6561 iSteer=4594 driveMode=103125/103019 iDrive=205147 scale=0 wheel=300000 ffS=5000
2026-07-07T15:40:09.353+00:00 VCP SET_TARGET_FF_RX steerRate=30000 wheelAccel=0
2026-07-07T15:40:09.353+00:00 VCP SET_TARGET_RX steer=150352 wheel=300000
2026-07-07T15:40:09.360+00:00 CAN id=111 dlc=8 data=3075000000000000
2026-07-07T15:40:09.360+00:00 CAN id=101 dlc=8 data=a84d0200e0930400
2026-07-07T15:40:09.380+00:00 CAN id=111 dlc=8 data=3075000000000000
2026-07-07T15:40:09.380+00:00 CAN id=101 dlc=8 data=00500200e0930400
2026-07-07T15:40:09.400+00:00 CAN id=111 dlc=8 data=3075000000000000
2026-07-07T15:40:09.401+00:00 CAN id=101 dlc=8 data=58520200e0930400
2026-07-07T15:40:09.420+00:00 CAN id=111 dlc=8 data=3075000000000000
2026-07-07T15:40:09.420+00:00 CAN id=101 dlc=8 data=b0540200e0930400
2026-07-07T15:40:09.440+00:00 CAN id=111 dlc=8 data=3075000000000000
2026-07-07T15:40:09.440+00:00 CAN id=101 dlc=8 data=08570200e0930400
2026-07-07T15:40:09.455+00:00 VCP run=1 step=0 angle=157676 target=150352 err=-7324 steer=1338 m1=2103/110485 i1=193 t1=29 m2=-1836/-95765 i2=-161 t2=28 steerMode=7360/7106 iSteer=16372 driveMode=103125/103931 iDrive=176971 scale=0 wheel=300000 ffS=5000
2026-07-07T15:40:09.460+00:00 CAN id=111 dlc=8 data=3075000000000000
2026-07-07T15:40:09.460+00:00 CAN id=101 dlc=8 data=60590200e0930400
2026-07-07T15:40:09.480+00:00 CAN id=111 dlc=8 data=3075000000000000
2026-07-07T15:40:09.480+00:00 CAN id=101 dlc=8 data=b85b0200e0930400
2026-07-07T15:40:09.500+00:00 CAN id=111 dlc=8 data=3075000000000000
2026-07-07T15:40:09.500+00:00 CAN id=101 dlc=8 data=105e0200e0930400
2026-07-07T15:40:09.520+00:00 CAN id=111 dlc=8 data=3075000000000000
2026-07-07T15:40:09.520+00:00 CAN id=101 dlc=8 data=68600200e0930400
2026-07-07T15:40:09.540+00:00 CAN id=111 dlc=8 data=3075000000000000
2026-07-07T15:40:09.540+00:00 CAN id=101 dlc=8 data=c0620200e0930400
2026-07-07T15:40:09.558+00:00 VCP run=1 step=0 angle=160664 target=153352 err=-7312 steer=1344 m1=2117/110517 i1=209 t1=29 m2=-1836/-95733 i2=-130 t2=28 steerMode=7392/6696 iSteer=39300 driveMode=103125/104148 iDrive=169305 scale=0 wheel=300000 ffS=5000
2026-07-07T15:40:09.560+00:00 CAN id=111 dlc=8 data=3075000000000000
2026-07-07T15:40:09.560+00:00 CAN id=101 dlc=8 data=18650200e0930400
2026-07-07T15:40:09.580+00:00 CAN id=111 dlc=8 data=3075000000000000
2026-07-07T15:40:09.580+00:00 CAN id=101 dlc=8 data=70670200e0930400
2026-07-07T15:40:09.600+00:00 CAN id=111 dlc=8 data=3075000000000000
2026-07-07T15:40:09.600+00:00 CAN id=101 dlc=8 data=c8690200e0930400
2026-07-07T15:40:09.620+00:00 CAN id=111 dlc=8 data=3075000000000000
2026-07-07T15:40:09.620+00:00 CAN id=101 dlc=8 data=206c0200e0930400
2026-07-07T15:40:09.640+00:00 CAN id=111 dlc=8 data=3075000000000000
2026-07-07T15:40:09.640+00:00 CAN id=101 dlc=8 data=786e0200e0930400
2026-07-07T15:40:09.660+00:00 CAN id=111 dlc=8 data=3075000000000000
2026-07-07T15:40:09.660+00:00 CAN id=101 dlc=8 data=d0700200e0930400
2026-07-07T15:40:09.661+00:00 VCP run=1 step=0 angle=163828 target=156352 err=-7476 steer=1262 m1=2088/110066 i1=203 t1=29 m2=-1846/-96184 i2=-221 t2=28 steerMode=6941/7187 iSteer=-9113 driveMode=103125/102722 iDrive=212293 scale=0 wheel=300000 ffS=5000
2026-07-07T15:40:09.680+00:00 CAN id=111 dlc=8 data=3075000000000000
2026-07-07T15:40:09.680+00:00 CAN id=101 dlc=8 data=28730200e0930400
2026-07-07T15:40:09.700+00:00 CAN id=111 dlc=8 data=3075000000000000
2026-07-07T15:40:09.700+00:00 CAN id=101 dlc=8 data=80750200e0930400
2026-07-07T15:40:09.720+00:00 CAN id=111 dlc=8 data=3075000000000000
2026-07-07T15:40:09.720+00:00 CAN id=101 dlc=8 data=d8770200e0930400
2026-07-07T15:40:09.740+00:00 CAN id=111 dlc=8 data=3075000000000000
2026-07-07T15:40:09.740+00:00 CAN id=101 dlc=8 data=307a0200e0930400
2026-07-07T15:40:09.760+00:00 CAN id=111 dlc=8 data=3075000000000000
2026-07-07T15:40:09.760+00:00 CAN id=101 dlc=8 data=887c0200e0930400
2026-07-07T15:40:09.764+00:00 VCP run=1 step=0 angle=166729 target=159352 err=-7377 steer=1312 m1=2092/110340 i1=243 t1=29 m2=-1794/-95910 i2=-183 t2=28 steerMode=7215/6704 iSteer=29913 driveMode=103125/102709 iDrive=213204 scale=0 wheel=300000 ffS=5000
2026-07-07T15:40:09.780+00:00 CAN id=111 dlc=8 data=3075000000000000
2026-07-07T15:40:09.780+00:00 CAN id=101 dlc=8 data=e07e0200e0930400
2026-07-07T15:40:09.800+00:00 CAN id=111 dlc=8 data=3075000000000000
2026-07-07T15:40:09.800+00:00 CAN id=101 dlc=8 data=38810200e0930400
2026-07-07T15:40:09.820+00:00 CAN id=111 dlc=8 data=3075000000000000
2026-07-07T15:40:09.820+00:00 CAN id=101 dlc=8 data=90830200e0930400
2026-07-07T15:40:09.840+00:00 CAN id=111 dlc=8 data=3075000000000000
2026-07-07T15:40:09.840+00:00 CAN id=101 dlc=8 data=e8850200e0930400
2026-07-07T15:40:09.860+00:00 CAN id=111 dlc=8 data=3075000000000000
2026-07-07T15:40:09.860+00:00 CAN id=101 dlc=8 data=40880200e0930400
2026-07-07T15:40:09.860+00:00 VCP run=1 step=0 angle=169629 target=162352 err=-7277 steer=1362 m1=2084/110614 i1=228 t1=29 m2=-1771/-95636 i2=-164 t2=28 steerMode=7489/6950 iSteer=31789 driveMode=103125/103270 iDrive=196259 scale=0 wheel=300000 ffS=5000
2026-07-07T15:40:09.861+00:00 VCP SET_TARGET_FF_RX steerRate=30000 wheelAccel=0
2026-07-07T15:40:09.861+00:00 VCP SET_TARGET_RX steer=165352 wheel=300000
2026-07-07T15:40:09.880+00:00 CAN id=111 dlc=8 data=3075000000000000
2026-07-07T15:40:09.880+00:00 CAN id=101 dlc=8 data=988a0200e0930400
2026-07-07T15:40:09.900+00:00 CAN id=111 dlc=8 data=3075000000000000
2026-07-07T15:40:09.900+00:00 CAN id=101 dlc=8 data=f08c0200e0930400
2026-07-07T15:40:09.920+00:00 CAN id=111 dlc=8 data=3075000000000000
2026-07-07T15:40:09.920+00:00 CAN id=101 dlc=8 data=488f0200e0930400
2026-07-07T15:40:09.940+00:00 CAN id=111 dlc=8 data=3075000000000000
2026-07-07T15:40:09.940+00:00 CAN id=101 dlc=8 data=a0910200e0930400
2026-07-07T15:40:09.960+00:00 CAN id=111 dlc=8 data=3075000000000000
2026-07-07T15:40:09.961+00:00 CAN id=101 dlc=8 data=f8930200e0930400
2026-07-07T15:40:09.963+00:00 VCP run=1 step=0 angle=172969 target=165352 err=-7617 steer=1192 m1=2077/109679 i1=206 t1=29 m2=-1815/-96571 i2=-237 t2=28 steerMode=6554/6920 iSteer=-15386 driveMode=103125/102448 iDrive=221627 scale=0 wheel=300000 ffS=5000
2026-07-07T15:40:09.980+00:00 CAN id=111 dlc=8 data=3075000000000000
2026-07-07T15:40:09.980+00:00 CAN id=101 dlc=8 data=50960200e0930400
2026-07-07T15:40:10.000+00:00 CAN id=111 dlc=8 data=3075000000000000
2026-07-07T15:40:10.000+00:00 CAN id=101 dlc=8 data=a8980200e0930400
2026-07-07T15:40:10.020+00:00 CAN id=111 dlc=8 data=3075000000000000
2026-07-07T15:40:10.020+00:00 CAN id=101 dlc=8 data=009b0200e0930400
2026-07-07T15:40:10.040+00:00 CAN id=111 dlc=8 data=3075000000000000
2026-07-07T15:40:10.040+00:00 CAN id=101 dlc=8 data=589d0200e0930400
2026-07-07T15:40:10.060+00:00 CAN id=111 dlc=8 data=3075000000000000
2026-07-07T15:40:10.060+00:00 CAN id=101 dlc=8 data=b09f0200e0930400
2026-07-07T15:40:10.066+00:00 VCP run=1 step=0 angle=175605 target=168352 err=-7253 steer=1373 m1=2117/110678 i1=231 t1=29 m2=-1827/-95572 i2=-138 t2=28 steerMode=7553/6716 iSteer=46237 driveMode=103125/103681 iDrive=184520 scale=0 wheel=300000 ffS=5000
2026-07-07T15:40:10.080+00:00 CAN id=111 dlc=8 data=3075000000000000
2026-07-07T15:40:10.080+00:00 CAN id=101 dlc=8 data=08a20200e0930400
2026-07-07T15:40:10.100+00:00 CAN id=111 dlc=8 data=3075000000000000
2026-07-07T15:40:10.100+00:00 CAN id=101 dlc=8 data=60a40200e0930400
2026-07-07T15:40:10.120+00:00 CAN id=111 dlc=8 data=3075000000000000
2026-07-07T15:40:10.120+00:00 CAN id=101 dlc=8 data=b8a60200e0930400
2026-07-07T15:40:10.140+00:00 CAN id=111 dlc=8 data=3075000000000000
2026-07-07T15:40:10.140+00:00 CAN id=101 dlc=8 data=10a90200e0930400
2026-07-07T15:40:10.160+00:00 CAN id=111 dlc=8 data=3075000000000000
2026-07-07T15:40:10.160+00:00 CAN id=101 dlc=8 data=68ab0200e0930400
2026-07-07T15:40:10.180+00:00 CAN id=111 dlc=8 data=3075000000000000
2026-07-07T15:40:10.180+00:00 CAN id=101 dlc=8 data=c0ad0200e0930400
2026-07-07T15:40:10.200+00:00 CAN id=111 dlc=8 data=3075000000000000
2026-07-07T15:40:10.200+00:00 CAN id=101 dlc=8 data=18b00200e0930400
2026-07-07T15:40:10.220+00:00 CAN id=111 dlc=8 data=3075000000000000
2026-07-07T15:40:10.220+00:00 CAN id=101 dlc=8 data=70b20200e0930400
2026-07-07T15:40:10.240+00:00 CAN id=111 dlc=8 data=3075000000000000
2026-07-07T15:40:10.240+00:00 CAN id=101 dlc=8 data=c8b40200e0930400
2026-07-07T15:40:10.250+00:00 VCP run=1 step=0 angle=178945 target=171352 err=-7593 steer=1203 m1=2094/109743 i1=187 t1=29 m2=-1911/-96507 i2=-152 t2=28 steerMode=6618/6331 iSteer=17481 driveMode=103125/104129 iDrive=169880 scale=0 wheel=300000 ffS=5000
2026-07-07T15:40:10.250+00:00 VCP run=1 step=0 angle=182021 target=174352 err=-7669 steer=1165 m1=2071/109534 i1=206 t1=29 m2=-1802/-96716 i2=-238 t2=28 steerMode=6409/6804 iSteer=-16073 driveMode=103125/102387 iDrive=222319 scale=0 wheel=300000 ffS=5000
2026-07-07T15:40:10.261+00:00 CAN id=111 dlc=8 data=3075000000000000
2026-07-07T15:40:10.261+00:00 CAN id=101 dlc=8 data=20b70200e0930400
2026-07-07T15:40:10.282+00:00 CAN id=111 dlc=8 data=3075000000000000
2026-07-07T15:40:10.282+00:00 CAN id=101 dlc=8 data=78b90200e0930400
2026-07-07T15:40:10.300+00:00 CAN id=111 dlc=8 data=3075000000000000
2026-07-07T15:40:10.300+00:00 CAN id=101 dlc=8 data=d0bb0200e0930400
2026-07-07T15:40:10.320+00:00 CAN id=111 dlc=8 data=3075000000000000
2026-07-07T15:40:10.320+00:00 CAN id=101 dlc=8 data=28be0200e0930400
2026-07-07T15:40:10.340+00:00 CAN id=111 dlc=8 data=3075000000000000
2026-07-07T15:40:10.340+00:00 CAN id=101 dlc=8 data=80c00200e0930400
2026-07-07T15:40:10.346+00:00 VCP run=1 step=0 angle=184570 target=177352 err=-7218 steer=1391 m1=2075/110775 i1=272 t1=29 m2=-1846/-95475 i2=-172 t2=28 steerMode=7650/6714 iSteer=50066 driveMode=103125/102461 iDrive=221974 scale=0 wheel=300000 ffS=5000
2026-07-07T15:40:10.346+00:00 VCP SET_TARGET_FF_RX steerRate=30000 wheelAccel=0
2026-07-07T15:40:10.360+00:00 CAN id=111 dlc=8 data=3075000000000000
2026-07-07T15:40:10.360+00:00 CAN id=101 dlc=8 data=d8c20200e0930400
2026-07-07T15:40:10.380+00:00 CAN id=111 dlc=8 data=3075000000000000
2026-07-07T15:40:10.380+00:00 CAN id=101 dlc=8 data=30c50200e0930400
2026-07-07T15:40:10.400+00:00 CAN id=111 dlc=8 data=3075000000000000
2026-07-07T15:40:10.400+00:00 CAN id=101 dlc=8 data=88c70200e0930400
2026-07-07T15:40:10.420+00:00 CAN id=111 dlc=8 data=3075000000000000
2026-07-07T15:40:10.420+00:00 CAN id=101 dlc=8 data=e0c90200e0930400
2026-07-07T15:40:10.440+00:00 CAN id=111 dlc=8 data=3075000000000000
2026-07-07T15:40:10.440+00:00 CAN id=101 dlc=8 data=38cc0200e0930400
2026-07-07T15:40:10.448+00:00 VCP SET_TARGET_RX steer=180352 wheel=300000
2026-07-07T15:40:10.448+00:00 VCP run=1 step=0 angle=187998 target=180352 err=-7646 steer=1177 m1=2107/109598 i1=143 t1=29 m2=-1823/-96652 i2=-227 t2=28 steerMode=6473/7377 iSteer=-42279 driveMode=103125/103686 iDrive=184882 scale=0 wheel=300000 ffS=5000
2026-07-07T15:40:10.460+00:00 CAN id=111 dlc=8 data=3075000000000000
2026-07-07T15:40:10.460+00:00 CAN id=101 dlc=8 data=90ce0200e0930400
2026-07-07T15:40:10.480+00:00 CAN id=111 dlc=8 data=3075000000000000
2026-07-07T15:40:10.480+00:00 CAN id=101 dlc=8 data=e8d00200e0930400
2026-07-07T15:40:10.500+00:00 CAN id=111 dlc=8 data=3075000000000000
2026-07-07T15:40:10.500+00:00 CAN id=101 dlc=8 data=40d30200e0930400
2026-07-07T15:40:10.520+00:00 CAN id=111 dlc=8 data=3075000000000000
2026-07-07T15:40:10.520+00:00 CAN id=101 dlc=8 data=98d50200e0930400
2026-07-07T15:40:10.540+00:00 CAN id=111 dlc=8 data=3075000000000000
2026-07-07T15:40:10.540+00:00 CAN id=101 dlc=8 data=f0d70200e0930400
2026-07-07T15:40:10.551+00:00 VCP run=1 step=0 angle=190898 target=183352 err=-7546 steer=1227 m1=2103/109872 i1=191 t1=29 m2=-1848/-96378 i2=-175 t2=28 steerMode=6747/6652 iSteer=8004 driveMode=103125/103714 iDrive=182787 scale=0 wheel=300000 ffS=5000
2026-07-07T15:40:10.560+00:00 CAN id=111 dlc=8 data=3075000000000000
2026-07-07T15:40:10.560+00:00 CAN id=101 dlc=8 data=48da0200e0930400
2026-07-07T15:40:10.580+00:00 CAN id=111 dlc=8 data=3075000000000000
2026-07-07T15:40:10.580+00:00 CAN id=101 dlc=8 data=a0dc0200e0930400
2026-07-07T15:40:10.600+00:00 CAN id=111 dlc=8 data=3075000000000000
2026-07-07T15:40:10.600+00:00 CAN id=101 dlc=8 data=f8de0200e0930400
2026-07-07T15:40:10.620+00:00 CAN id=111 dlc=8 data=3075000000000000
2026-07-07T15:40:10.620+00:00 CAN id=101 dlc=8 data=50e10200e0930400
2026-07-07T15:40:10.640+00:00 CAN id=111 dlc=8 data=3075000000000000
2026-07-07T15:40:10.640+00:00 CAN id=101 dlc=8 data=a8e30200e0930400
2026-07-07T15:40:10.654+00:00 VCP run=1 step=0 angle=194063 target=186352 err=-7710 steer=1145 m1=2103/109421 i1=125 t1=29 m2=-1811/-96829 i2=-281 t2=28 steerMode=6296/7905 iSteer=-77977 driveMode=103125/103034 iDrive=202812 scale=0 wheel=300000 ffS=5000
2026-07-07T15:40:10.660+00:00 CAN id=111 dlc=8 data=3075000000000000
2026-07-07T15:40:10.660+00:00 CAN id=101 dlc=8 data=00e60200e0930400
2026-07-07T15:40:10.680+00:00 CAN id=111 dlc=8 data=3075000000000000
2026-07-07T15:40:10.680+00:00 CAN id=101 dlc=8 data=58e80200e0930400
2026-07-07T15:40:10.700+00:00 CAN id=111 dlc=8 data=3075000000000000
2026-07-07T15:40:10.700+00:00 CAN id=101 dlc=8 data=b0ea0200e0930400
2026-07-07T15:40:10.720+00:00 CAN id=111 dlc=8 data=3075000000000000
2026-07-07T15:40:10.720+00:00 CAN id=101 dlc=8 data=08ed0200e0930400
2026-07-07T15:40:10.740+00:00 CAN id=111 dlc=8 data=3075000000000000
2026-07-07T15:40:10.740+00:00 CAN id=101 dlc=8 data=60ef0200e0930400
2026-07-07T15:40:10.757+00:00 VCP run=1 step=0 angle=196523 target=189352 err=-7171 steer=1414 m1=2073/110904 i1=341 t1=29 m2=-1850/-95346 i2=-63 t2=28 steerMode=7779/5046 iSteer=139188 driveMode=103125/103090 iDrive=201726 scale=0 wheel=300000 ffS=5000
2026-07-07T15:40:10.760+00:00 CAN id=111 dlc=8 data=3075000000000000
2026-07-07T15:40:10.760+00:00 CAN id=101 dlc=8 data=b8f10200e0930400
2026-07-07T15:40:10.780+00:00 CAN id=111 dlc=8 data=3075000000000000
2026-07-07T15:40:10.780+00:00 CAN id=101 dlc=8 data=10f40200e0930400
2026-07-07T15:40:10.800+00:00 CAN id=111 dlc=8 data=3075000000000000
2026-07-07T15:40:10.800+00:00 CAN id=101 dlc=8 data=68f60200e0930400
2026-07-07T15:40:10.820+00:00 CAN id=111 dlc=8 data=3075000000000000
2026-07-07T15:40:10.820+00:00 CAN id=101 dlc=8 data=c0f80200e0930400
2026-07-07T15:40:10.840+00:00 CAN id=111 dlc=8 data=3075000000000000
2026-07-07T15:40:10.840+00:00 CAN id=101 dlc=8 data=18fb0200e0930400
2026-07-07T15:40:10.853+00:00 VCP run=1 step=0 angle=199863 target=192352 err=-7511 steer=1244 m1=2111/109969 i1=144 t1=29 m2=-1838/-96281 i2=-268 t2=28 steerMode=6844/8167 iSteer=-62271 driveMode=103125/102963 iDrive=205880 scale=0 wheel=300000 ffS=5000
2026-07-07T15:40:10.853+00:00 VCP SET_TARGET_FF_RX steerRate=30000 wheelAccel=0
2026-07-07T15:40:10.853+00:00 VCP SET_TARGET_RX steer=195352 wheel=300000
2026-07-07T15:40:10.860+00:00 CAN id=111 dlc=8 data=3075000000000000
2026-07-07T15:40:10.860+00:00 CAN id=101 dlc=8 data=70fd0200e0930400
2026-07-07T15:40:10.880+00:00 CAN id=111 dlc=8 data=3075000000000000
2026-07-07T15:40:10.880+00:00 CAN id=101 dlc=8 data=c8ff0200e0930400
2026-07-07T15:40:10.900+00:00 CAN id=111 dlc=8 data=3075000000000000
2026-07-07T15:40:10.900+00:00 CAN id=101 dlc=8 data=20020300e0930400
2026-07-07T15:40:10.920+00:00 CAN id=111 dlc=8 data=3075000000000000
2026-07-07T15:40:10.920+00:00 CAN id=101 dlc=8 data=78040300e0930400
2026-07-07T15:40:10.940+00:00 CAN id=111 dlc=8 data=3075000000000000
2026-07-07T15:40:10.940+00:00 CAN id=101 dlc=8 data=d0060300e0930400
2026-07-07T15:40:10.955+00:00 VCP run=1 step=0 angle=202939 target=195352 err=-7587 steer=1206 m1=2063/109760 i1=256 t1=29 m2=-1880/-96490 i2=-138 t2=28 steerMode=6635/5485 iSteer=59055 driveMode=103125/103278 iDrive=196928 scale=0 wheel=300000 ffS=5000
2026-07-07T15:40:10.960+00:00 CAN id=111 dlc=8 data=3075000000000000
2026-07-07T15:40:10.960+00:00 CAN id=101 dlc=8 data=28090300e0930400
2026-07-07T15:40:10.980+00:00 CAN id=111 dlc=8 data=3075000000000000
2026-07-07T15:40:10.980+00:00 CAN id=101 dlc=8 data=800b0300e0930400
2026-07-07T15:40:11.000+00:00 CAN id=111 dlc=8 data=3075000000000000
2026-07-07T15:40:11.000+00:00 CAN id=101 dlc=8 data=d80d0300e0930400
2026-07-07T15:40:11.020+00:00 CAN id=111 dlc=8 data=3075000000000000
2026-07-07T15:40:11.020+00:00 CAN id=101 dlc=8 data=30100300e0930400
2026-07-07T15:40:11.040+00:00 CAN id=111 dlc=8 data=3075000000000000
2026-07-07T15:40:11.040+00:00 CAN id=101 dlc=8 data=88120300e0930400
2026-07-07T15:40:11.058+00:00 VCP run=1 step=0 angle=205752 target=198352 err=-7400 steer=1300 m1=2113/110275 i1=170 t1=29 m2=-1790/-95975 i2=-229 t2=28 steerMode=7150/7807 iSteer=-29150 driveMode=103125/103176 iDrive=199586 scale=0 wheel=300000 ffS=5000
2026-07-07T15:40:11.060+00:00 CAN id=111 dlc=8 data=3075000000000000
2026-07-07T15:40:11.060+00:00 CAN id=101 dlc=8 data=e0140300e0930400
2026-07-07T15:40:11.080+00:00 CAN id=111 dlc=8 data=3075000000000000
2026-07-07T15:40:11.080+00:00 CAN id=101 dlc=8 data=38170300e0930400
2026-07-07T15:40:11.100+00:00 CAN id=111 dlc=8 data=3075000000000000
2026-07-07T15:40:11.100+00:00 CAN id=101 dlc=8 data=90190300e0930400
2026-07-07T15:40:11.120+00:00 CAN id=111 dlc=8 data=3075000000000000
2026-07-07T15:40:11.120+00:00 CAN id=101 dlc=8 data=e81b0300e0930400
2026-07-07T15:40:11.140+00:00 CAN id=111 dlc=8 data=3075000000000000
2026-07-07T15:40:11.140+00:00 CAN id=101 dlc=8 data=401e0300e0930400
2026-07-07T15:40:11.160+00:00 CAN id=111 dlc=8 data=3075000000000000
2026-07-07T15:40:11.160+00:00 CAN id=101 dlc=8 data=98200300e0930400
2026-07-07T15:40:11.161+00:00 VCP run=1 step=0 angle=208740 target=201352 err=-7388 steer=1306 m1=2086/110307 i1=226 t1=29 m2=-1838/-95943 i2=-169 t2=28 steerMode=7182/6645 iSteer=28404 driveMode=103125/103244 iDrive=197496 scale=0 wheel=300000 ffS=5000
2026-07-07T15:40:11.180+00:00 CAN id=111 dlc=8 data=3075000000000000
2026-07-07T15:40:11.180+00:00 CAN id=101 dlc=8 data=f0220300e0930400
2026-07-07T15:40:11.200+00:00 CAN id=111 dlc=8 data=3075000000000000
2026-07-07T15:40:11.200+00:00 CAN id=101 dlc=8 data=48250300e0930400
2026-07-07T15:40:11.220+00:00 CAN id=111 dlc=8 data=3075000000000000
2026-07-07T15:40:11.220+00:00 CAN id=101 dlc=8 data=a0270300e0930400
2026-07-07T15:40:11.240+00:00 CAN id=111 dlc=8 data=3075000000000000
2026-07-07T15:40:11.240+00:00 CAN id=101 dlc=8 data=f8290300e0930400
2026-07-07T15:40:11.260+00:00 CAN id=111 dlc=8 data=3075000000000000
2026-07-07T15:40:11.260+00:00 CAN id=101 dlc=8 data=502c0300e0930400
2026-07-07T15:40:11.264+00:00 VCP run=1 step=0 angle=211904 target=204352 err=-7552 steer=1224 m1=2096/109856 i1=150 t1=29 m2=-1829/-96394 i2=-247 t2=28 steerMode=6731/7727 iSteer=-48369 driveMode=103125/103177 iDrive=198858 scale=0 wheel=300000 ffS=5000
2026-07-07T15:40:11.280+00:00 CAN id=111 dlc=8 data=3075000000000000
2026-07-07T15:40:11.280+00:00 CAN id=101 dlc=8 data=a82e0300e0930400
2026-07-07T15:40:11.300+00:00 CAN id=111 dlc=8 data=3075000000000000
2026-07-07T15:40:11.300+00:00 CAN id=101 dlc=8 data=00310300e0930400
2026-07-07T15:40:11.320+00:00 CAN id=111 dlc=8 data=3075000000000000
2026-07-07T15:40:11.320+00:00 CAN id=101 dlc=8 data=58330300e0930400
2026-07-07T15:40:11.340+00:00 CAN id=111 dlc=8 data=3075000000000000
2026-07-07T15:40:11.340+00:00 CAN id=101 dlc=8 data=b0350300e0930400
2026-07-07T15:40:11.360+00:00 CAN id=111 dlc=8 data=3075000000000000
2026-07-07T15:40:11.360+00:00 CAN id=101 dlc=8 data=08380300e0930400
2026-07-07T15:40:11.360+00:00 VCP run=1 step=0 angle=214541 target=207352 err=-7189 steer=1405 m1=2075/110855 i1=296 t1=29 m2=-1855/-95395 i2=-115 t2=28 steerMode=7730/5970 iSteer=90508 driveMode=103125/102948 iDrive=205420 scale=0 wheel=300000 ffS=5000
2026-07-07T15:40:11.360+00:00 VCP SET_TARGET_FF_RX steerRate=30000 wheelAccel=0
2026-07-07T15:40:11.360+00:00 VCP SET_TARGET_RX steer=210352 wheel=300000
2026-07-07T15:40:11.380+00:00 CAN id=111 dlc=8 data=3075000000000000
2026-07-07T15:40:11.380+00:00 CAN id=101 dlc=8 data=603a0300e0930400
2026-07-07T15:40:11.400+00:00 CAN id=111 dlc=8 data=3075000000000000
2026-07-07T15:40:11.400+00:00 CAN id=101 dlc=8 data=b83c0300e0930400
2026-07-07T15:40:11.420+00:00 CAN id=111 dlc=8 data=3075000000000000
2026-07-07T15:40:11.420+00:00 CAN id=101 dlc=8 data=103f0300e0930400
2026-07-07T15:40:11.440+00:00 CAN id=111 dlc=8 data=3075000000000000
2026-07-07T15:40:11.440+00:00 CAN id=101 dlc=8 data=68410300e0930400
2026-07-07T15:40:11.460+00:00 CAN id=111 dlc=8 data=3075000000000000
2026-07-07T15:40:11.460+00:00 CAN id=101 dlc=8 data=c0430300e0930400
2026-07-07T15:40:11.462+00:00 VCP run=1 step=0 angle=217969 target=210352 err=-7617 steer=1192 m1=2103/109679 i1=152 t1=29 m2=-1829/-96571 i2=-243 t2=28 steerMode=6554/7504 iSteer=-45545 driveMode=103125/103214 iDrive=197724 scale=0 wheel=300000 ffS=5000
2026-07-07T15:40:11.480+00:00 CAN id=111 dlc=8 data=3075000000000000
2026-07-07T15:40:11.480+00:00 CAN id=101 dlc=8 data=18460300e0930400
2026-07-07T15:40:11.500+00:00 CAN id=111 dlc=8 data=3075000000000000
2026-07-07T15:40:11.500+00:00 CAN id=101 dlc=8 data=70480300e0930400
2026-07-07T15:40:11.520+00:00 CAN id=111 dlc=8 data=3075000000000000
2026-07-07T15:40:11.520+00:00 CAN id=101 dlc=8 data=c84a0300e0930400
2026-07-07T15:40:11.540+00:00 CAN id=111 dlc=8 data=3075000000000000
2026-07-07T15:40:11.540+00:00 CAN id=101 dlc=8 data=204d0300e0930400
2026-07-07T15:40:11.560+00:00 CAN id=111 dlc=8 data=3075000000000000
2026-07-07T15:40:11.560+00:00 CAN id=101 dlc=8 data=784f0300e0930400
2026-07-07T15:40:11.565+00:00 VCP run=1 step=0 angle=221221 target=213352 err=-7869 steer=1066 m1=2050/108986 i1=174 t1=29 m2=-1809/-97264 i2=-334 t2=28 steerMode=5861/7446 iSteer=-80086 driveMode=103125/101399 iDrive=253790 scale=0 wheel=300000 ffS=5000
2026-07-07T15:40:11.580+00:00 CAN id=111 dlc=8 data=3075000000000000
2026-07-07T15:40:11.580+00:00 CAN id=101 dlc=8 data=d0510300e0930400
2026-07-07T15:40:11.600+00:00 CAN id=111 dlc=8 data=3075000000000000
2026-07-07T15:40:11.600+00:00 CAN id=101 dlc=8 data=28540300e0930400
2026-07-07T15:40:11.620+00:00 CAN id=111 dlc=8 data=3075000000000000
2026-07-07T15:40:11.620+00:00 CAN id=101 dlc=8 data=80560300e0930400
2026-07-07T15:40:11.640+00:00 CAN id=111 dlc=8 data=3075000000000000
2026-07-07T15:40:11.640+00:00 CAN id=101 dlc=8 data=d8580300e0930400
2026-07-07T15:40:11.660+00:00 CAN id=111 dlc=8 data=3075000000000000
2026-07-07T15:40:11.660+00:00 CAN id=101 dlc=8 data=305b0300e0930400
2026-07-07T15:40:11.680+00:00 CAN id=111 dlc=8 data=3075000000000000
2026-07-07T15:40:11.680+00:00 CAN id=101 dlc=8 data=885d0300e0930400
2026-07-07T15:40:11.700+00:00 CAN id=111 dlc=8 data=3075000000000000
2026-07-07T15:40:11.700+00:00 CAN id=101 dlc=8 data=e05f0300e0930400
2026-07-07T15:40:11.720+00:00 CAN id=111 dlc=8 data=3075000000000000
2026-07-07T15:40:11.720+00:00 CAN id=101 dlc=8 data=38620300e0930400
2026-07-07T15:40:11.740+00:00 CAN id=111 dlc=8 data=3075000000000000
2026-07-07T15:40:11.740+00:00 CAN id=101 dlc=8 data=90640300e0930400
2026-07-07T15:40:11.749+00:00 VCP run=1 step=0 angle=223594 target=216352 err=-7242 steer=1379 m1=2096/110710 i1=249 t1=29 m2=-1884/-95540 i2=-113 t2=28 steerMode=7585/6224 iSteer=67781 driveMode=103125/103838 iDrive=181087 scale=0 wheel=300000 ffS=5000
2026-07-07T15:40:11.749+00:00 VCP run=1 step=0 angle=226934 target=219352 err=-7582 steer=1209 m1=2103/109776 i1=169 t1=29 m2=-1840/-96474 i2=-198 t2=28 steerMode=6651/6911 iSteer=-14572 driveMode=103125/103713 iDrive=183371 scale=0 wheel=300000 ffS=5000
2026-07-07T15:40:11.760+00:00 CAN id=111 dlc=8 data=3075000000000000
2026-07-07T15:40:11.760+00:00 CAN id=101 dlc=8 data=e8660300e0930400
2026-07-07T15:40:11.780+00:00 CAN id=111 dlc=8 data=3075000000000000
2026-07-07T15:40:11.780+00:00 CAN id=101 dlc=8 data=40690300e0930400
2026-07-07T15:40:11.800+00:00 CAN id=111 dlc=8 data=3075000000000000
2026-07-07T15:40:11.800+00:00 CAN id=101 dlc=8 data=986b0300e0930400
2026-07-07T15:40:11.820+00:00 CAN id=111 dlc=8 data=3075000000000000
2026-07-07T15:40:11.820+00:00 CAN id=101 dlc=8 data=f06d0300e0930400
2026-07-07T15:40:11.840+00:00 CAN id=111 dlc=8 data=3075000000000000
2026-07-07T15:40:11.840+00:00 CAN id=101 dlc=8 data=48700300e0930400
2026-07-07T15:40:11.845+00:00 VCP run=1 step=0 angle=229922 target=222352 err=-7570 steer=1215 m1=2084/109808 i1=174 t1=29 m2=-1829/-96442 i2=-246 t2=28 steerMode=6683/7383 iSteer=-35911 driveMode=103125/102795 iDrive=210162 scale=0 wheel=300000 ffS=5000
2026-07-07T15:40:11.845+00:00 VCP SET_TARGET_FF_RX steerRate=30000 wheelAccel=0
2026-07-07T15:40:11.861+00:00 CAN id=111 dlc=8 data=3075000000000000
2026-07-07T15:40:11.861+00:00 CAN id=101 dlc=8 data=a0720300e0930400
2026-07-07T15:40:11.880+00:00 CAN id=111 dlc=8 data=3075000000000000
2026-07-07T15:40:11.880+00:00 CAN id=101 dlc=8 data=f8740300e0930400
2026-07-07T15:40:11.900+00:00 CAN id=111 dlc=8 data=3075000000000000
2026-07-07T15:40:11.900+00:00 CAN id=101 dlc=8 data=50770300e0930400
2026-07-07T15:40:11.920+00:00 CAN id=111 dlc=8 data=3075000000000000
2026-07-07T15:40:11.920+00:00 CAN id=101 dlc=8 data=a8790300e0930400
2026-07-07T15:40:11.940+00:00 CAN id=111 dlc=8 data=3075000000000000
2026-07-07T15:40:11.940+00:00 CAN id=101 dlc=8 data=007c0300e0930400
2026-07-07T15:40:11.948+00:00 VCP SET_TARGET_RX steer=225352 wheel=300000
2026-07-07T15:40:11.948+00:00 VCP run=1 step=0 angle=233086 target=225352 err=-7734 steer=1133 m1=2059/109357 i1=257 t1=29 m2=-1880/-96893 i2=-168 t2=28 steerMode=6232/5304 iSteer=44642 driveMode=103125/102755 iDrive=212540 scale=0 wheel=300000 ffS=5000
2026-07-07T15:40:11.960+00:00 CAN id=111 dlc=8 data=3075000000000000
2026-07-07T15:40:11.960+00:00 CAN id=101 dlc=8 data=587e0300e0930400
2026-07-07T15:40:11.980+00:00 CAN id=111 dlc=8 data=3075000000000000
2026-07-07T15:40:11.980+00:00 CAN id=101 dlc=8 data=b0800300e0930400
2026-07-07T15:40:12.000+00:00 CAN id=111 dlc=8 data=3075000000000000
2026-07-07T15:40:12.000+00:00 CAN id=101 dlc=8 data=08830300e0930400
2026-07-07T15:40:12.020+00:00 CAN id=111 dlc=8 data=3075000000000000
2026-07-07T15:40:12.020+00:00 CAN id=101 dlc=8 data=60850300e0930400
2026-07-07T15:40:12.040+00:00 CAN id=111 dlc=8 data=3075000000000000
2026-07-07T15:40:12.040+00:00 CAN id=101 dlc=8 data=b8870300e0930400
2026-07-07T15:40:12.050+00:00 VCP run=1 step=0 angle=235635 target=228352 err=-7283 steer=1359 m1=2132/110597 i1=120 t1=29 m2=-1790/-95653 i2=-257 t2=28 steerMode=7472/8867 iSteer=-68151 driveMode=103125/103550 iDrive=188356 scale=0 wheel=300000 ffS=5000
2026-07-07T15:40:12.060+00:00 CAN id=111 dlc=8 data=3075000000000000
2026-07-07T15:40:12.060+00:00 CAN id=101 dlc=8 data=108a0300e0930400
2026-07-07T15:40:12.080+00:00 CAN id=111 dlc=8 data=3075000000000000
2026-07-07T15:40:12.080+00:00 CAN id=101 dlc=8 data=688c0300e0930400
2026-07-07T15:40:12.100+00:00 CAN id=111 dlc=8 data=3075000000000000
2026-07-07T15:40:12.100+00:00 CAN id=101 dlc=8 data=c08e0300e0930400
2026-07-07T15:40:12.120+00:00 CAN id=111 dlc=8 data=3075000000000000
2026-07-07T15:40:12.120+00:00 CAN id=101 dlc=8 data=18910300e0930400
2026-07-07T15:40:12.140+00:00 CAN id=111 dlc=8 data=3075000000000000
2026-07-07T15:40:12.140+00:00 CAN id=101 dlc=8 data=70930300e0930400
2026-07-07T15:40:12.153+00:00 VCP run=1 step=0 angle=239150 target=231352 err=-7798 steer=1101 m1=2061/109179 i1=177 t1=29 m2=-1819/-97071 i2=-278 t2=28 steerMode=6054/7000 iSteer=-50484 driveMode=103125/102264 iDrive=227429 scale=0 wheel=300000 ffS=5000
2026-07-07T15:40:12.160+00:00 CAN id=111 dlc=8 data=3075000000000000
2026-07-07T15:40:12.160+00:00 CAN id=101 dlc=8 data=c8950300e0930400
2026-07-07T15:40:12.180+00:00 CAN id=111 dlc=8 data=3075000000000000
2026-07-07T15:40:12.180+00:00 CAN id=101 dlc=8 data=20980300e0930400
2026-07-07T15:40:12.200+00:00 CAN id=111 dlc=8 data=3075000000000000
2026-07-07T15:40:12.200+00:00 CAN id=101 dlc=8 data=789a0300e0930400
2026-07-07T15:40:12.220+00:00 CAN id=111 dlc=8 data=3075000000000000
2026-07-07T15:40:12.220+00:00 CAN id=101 dlc=8 data=d09c0300e0930400
2026-07-07T15:40:12.240+00:00 CAN id=111 dlc=8 data=3075000000000000
2026-07-07T15:40:12.240+00:00 CAN id=101 dlc=8 data=289f0300e0930400
2026-07-07T15:40:12.256+00:00 VCP run=1 step=0 angle=241699 target=234352 err=-7347 steer=1326 m1=2113/110420 i1=192 t1=29 m2=-1821/-95830 i2=-162 t2=28 steerMode=7295/6954 iSteer=15166 driveMode=103125/103946 iDrive=177075 scale=0 wheel=300000 ffS=5000
2026-07-07T15:40:12.260+00:00 CAN id=111 dlc=8 data=3075000000000000
2026-07-07T15:40:12.260+00:00 CAN id=101 dlc=8 data=80a10300e0930400
2026-07-07T15:40:12.280+00:00 CAN id=111 dlc=8 data=3075000000000000
2026-07-07T15:40:12.280+00:00 CAN id=101 dlc=8 data=d8a30300e0930400
2026-07-07T15:40:12.300+00:00 CAN id=111 dlc=8 data=3075000000000000
2026-07-07T15:40:12.300+00:00 CAN id=101 dlc=8 data=30a60300e0930400
2026-07-07T15:40:12.320+00:00 CAN id=111 dlc=8 data=3075000000000000
2026-07-07T15:40:12.320+00:00 CAN id=101 dlc=8 data=88a80300e0930400
2026-07-07T15:40:12.340+00:00 CAN id=111 dlc=8 data=3075000000000000
2026-07-07T15:40:12.340+00:00 CAN id=101 dlc=8 data=e0aa0300e0930400
2026-07-07T15:40:12.353+00:00 VCP run=1 step=0 angle=245039 target=237352 err=-7687 steer=1156 m1=2065/109486 i1=179 t1=29 m2=-1838/-96764 i2=-203 t2=28 steerMode=6361/6532 iSteer=-11913 driveMode=103125/103440 iDrive=190735 scale=0 wheel=300000 ffS=5000
2026-07-07T15:40:12.353+00:00 VCP SET_TARGET_FF_RX steerRate=30000 wheelAccel=0
2026-07-07T15:40:12.353+00:00 VCP SET_TARGET_RX steer=240352 wheel=300000
2026-07-07T15:40:12.360+00:00 CAN id=111 dlc=8 data=3075000000000000
2026-07-07T15:40:12.360+00:00 CAN id=101 dlc=8 data=38ad0300e0930400
2026-07-07T15:40:12.380+00:00 CAN id=111 dlc=8 data=3075000000000000
2026-07-07T15:40:12.380+00:00 CAN id=101 dlc=8 data=90af0300e0930400
2026-07-07T15:40:12.400+00:00 CAN id=111 dlc=8 data=3075000000000000
2026-07-07T15:40:12.400+00:00 CAN id=101 dlc=8 data=e8b10300e0930400
2026-07-07T15:40:12.420+00:00 CAN id=111 dlc=8 data=3075000000000000
2026-07-07T15:40:12.420+00:00 CAN id=101 dlc=8 data=40b40300e0930400
2026-07-07T15:40:12.440+00:00 CAN id=111 dlc=8 data=3075000000000000
2026-07-07T15:40:12.440+00:00 CAN id=101 dlc=8 data=98b60300e0930400
2026-07-07T15:40:12.455+00:00 VCP run=1 step=0 angle=247764 target=240352 err=-7412 steer=1294 m1=2075/110243 i1=225 t1=29 m2=-1821/-96007 i2=-217 t2=28 steerMode=7118/6980 iSteer=4375 driveMode=103125/102438 iDrive=221004 scale=0 wheel=300000 ffS=5000
2026-07-07T15:40:12.460+00:00 CAN id=111 dlc=8 data=3075000000000000
2026-07-07T15:40:12.460+00:00 CAN id=101 dlc=8 data=f0b80300e0930400
2026-07-07T15:40:12.480+00:00 CAN id=111 dlc=8 data=3075000000000000
2026-07-07T15:40:12.480+00:00 CAN id=101 dlc=8 data=48bb0300e0930400
2026-07-07T15:40:12.500+00:00 CAN id=111 dlc=8 data=3075000000000000
2026-07-07T15:40:12.500+00:00 CAN id=101 dlc=8 data=a0bd0300e0930400
2026-07-07T15:40:12.520+00:00 CAN id=111 dlc=8 data=3075000000000000
2026-07-07T15:40:12.520+00:00 CAN id=101 dlc=8 data=f8bf0300e0930400
2026-07-07T15:40:12.540+00:00 CAN id=111 dlc=8 data=3075000000000000
2026-07-07T15:40:12.540+00:00 CAN id=101 dlc=8 data=50c20300e0930400
2026-07-07T15:40:12.558+00:00 VCP run=1 step=0 angle=251016 target=243352 err=-7664 steer=1168 m1=2067/109550 i1=210 t1=29 m2=-1804/-96700 i2=-225 t2=28 steerMode=6425/6474 iSteer=-7089 driveMode=103125/102604 iDrive=217541 scale=0 wheel=300000 ffS=5000
2026-07-07T15:40:12.560+00:00 CAN id=111 dlc=8 data=3075000000000000
2026-07-07T15:40:12.560+00:00 CAN id=101 dlc=8 data=a8c40300e0930400
2026-07-07T15:40:12.580+00:00 CAN id=111 dlc=8 data=3075000000000000
2026-07-07T15:40:12.580+00:00 CAN id=101 dlc=8 data=00c70300e0930400
2026-07-07T15:40:12.600+00:00 CAN id=111 dlc=8 data=3075000000000000
2026-07-07T15:40:12.600+00:00 CAN id=101 dlc=8 data=58c90300e0930400
2026-07-07T15:40:12.620+00:00 CAN id=111 dlc=8 data=3075000000000000
2026-07-07T15:40:12.620+00:00 CAN id=101 dlc=8 data=b0cb0300e0930400
2026-07-07T15:40:12.640+00:00 CAN id=111 dlc=8 data=3075000000000000
2026-07-07T15:40:12.640+00:00 CAN id=101 dlc=8 data=08ce0300e0930400
2026-07-07T15:40:12.660+00:00 CAN id=111 dlc=8 data=3075000000000000
2026-07-07T15:40:12.660+00:00 CAN id=101 dlc=8 data=60d00300e0930400
2026-07-07T15:40:12.661+00:00 VCP run=1 step=0 angle=253477 target=246352 err=-7125 steer=1438 m1=2113/111032 i1=211 t1=29 m2=-1819/-95218 i2=-152 t2=28 steerMode=7907/7256 iSteer=29351 driveMode=103125/103789 iDrive=181518 scale=0 wheel=300000 ffS=5000
2026-07-07T15:40:12.680+00:00 CAN id=111 dlc=8 data=3075000000000000
2026-07-07T15:40:12.680+00:00 CAN id=101 dlc=8 data=b8d20300e0930400
2026-07-07T15:40:12.700+00:00 CAN id=111 dlc=8 data=3075000000000000
2026-07-07T15:40:12.700+00:00 CAN id=101 dlc=8 data=10d50300e0930400
2026-07-07T15:40:12.720+00:00 CAN id=111 dlc=8 data=3075000000000000
2026-07-07T15:40:12.720+00:00 CAN id=101 dlc=8 data=68d70300e0930400
2026-07-07T15:40:12.740+00:00 CAN id=111 dlc=8 data=3075000000000000
2026-07-07T15:40:12.740+00:00 CAN id=101 dlc=8 data=c0d90300e0930400
2026-07-07T15:40:12.760+00:00 CAN id=111 dlc=8 data=3075000000000000
2026-07-07T15:40:12.760+00:00 CAN id=101 dlc=8 data=18dc0300e0930400
2026-07-07T15:40:12.764+00:00 VCP run=1 step=0 angle=257168 target=249352 err=-7816 steer=1092 m1=2057/109131 i1=141 t1=29 m2=-1815/-97119 i2=-318 t2=28 steerMode=6006/7634 iSteer=-88594 driveMode=103125/102170 iDrive=229890 scale=0 wheel=300000 ffS=5000
2026-07-07T15:40:12.780+00:00 CAN id=111 dlc=8 data=3075000000000000
2026-07-07T15:40:12.780+00:00 CAN id=101 dlc=8 data=70de0300e0930400
2026-07-07T15:40:12.800+00:00 CAN id=111 dlc=8 data=3075000000000000
2026-07-07T15:40:12.800+00:00 CAN id=101 dlc=8 data=c8e00300e0930400
2026-07-07T15:40:12.820+00:00 CAN id=111 dlc=8 data=3075000000000000
2026-07-07T15:40:12.820+00:00 CAN id=101 dlc=8 data=20e30300e0930400
2026-07-07T15:40:12.840+00:00 CAN id=111 dlc=8 data=3075000000000000
2026-07-07T15:40:12.840+00:00 CAN id=101 dlc=8 data=78e50300e0930400
2026-07-07T15:40:12.860+00:00 VCP run=1 step=0 angle=259893 target=252352 err=-7541 steer=1230 m1=2080/109888 i1=196 t1=29 m2=-1804/-96362 i2=-249 t2=28 steerMode=6763/7132 iSteer=-26570 driveMode=103125/102475 iDrive=222459 scale=0 wheel=300000 ffS=5000
2026-07-07T15:40:12.860+00:00 VCP SET_TARGET_FF_RX steerRate=30000 wheelAccel=0
2026-07-07T15:40:12.860+00:00 VCP SET_TARGET_RX steer=255352 wheel=300000
2026-07-07T15:40:12.860+00:00 CAN id=111 dlc=8 data=3075000000000000
2026-07-07T15:40:12.860+00:00 CAN id=101 dlc=8 data=d0e70300e0930400
2026-07-07T15:40:12.880+00:00 CAN id=111 dlc=8 data=3075000000000000
2026-07-07T15:40:12.880+00:00 CAN id=101 dlc=8 data=28ea0300e0930400
2026-07-07T15:40:12.900+00:00 CAN id=111 dlc=8 data=3075000000000000
2026-07-07T15:40:12.900+00:00 CAN id=101 dlc=8 data=80ec0300e0930400
2026-07-07T15:40:12.920+00:00 CAN id=111 dlc=8 data=3075000000000000
2026-07-07T15:40:12.920+00:00 CAN id=101 dlc=8 data=d8ee0300e0930400
2026-07-07T15:40:12.940+00:00 CAN id=111 dlc=8 data=3075000000000000
2026-07-07T15:40:12.940+00:00 CAN id=101 dlc=8 data=30f10300e0930400
2026-07-07T15:40:12.960+00:00 CAN id=111 dlc=8 data=3075000000000000
2026-07-07T15:40:12.960+00:00 CAN id=101 dlc=8 data=88f30300e0930400
2026-07-07T15:40:12.962+00:00 VCP run=1 step=0 angle=263057 target=255352 err=-7705 steer=1148 m1=2100/109437 i1=168 t1=29 m2=-1834/-96813 i2=-205 t2=28 steerMode=6312/6531 iSteer=-18634 driveMode=103125/103653 iDrive=186602 scale=0 wheel=300000 ffS=5000
2026-07-07T15:40:12.980+00:00 CAN id=111 dlc=8 data=3075000000000000
2026-07-07T15:40:12.980+00:00 CAN id=101 dlc=8 data=e0f50300e0930400
2026-07-07T15:40:13.000+00:00 CAN id=111 dlc=8 data=3075000000000000
2026-07-07T15:40:13.000+00:00 CAN id=101 dlc=8 data=38f80300e0930400
2026-07-07T15:40:13.020+00:00 CAN id=111 dlc=8 data=3075000000000000
2026-07-07T15:40:13.020+00:00 CAN id=101 dlc=8 data=90fa0300e0930400
2026-07-07T15:40:13.040+00:00 CAN id=111 dlc=8 data=3075000000000000
2026-07-07T15:40:13.040+00:00 CAN id=101 dlc=8 data=e8fc0300e0930400
2026-07-07T15:40:13.060+00:00 CAN id=111 dlc=8 data=3075000000000000
2026-07-07T15:40:13.060+00:00 CAN id=101 dlc=8 data=40ff0300e0930400
2026-07-07T15:40:13.065+00:00 VCP run=1 step=0 angle=265781 target=258352 err=-7429 steer=1285 m1=2103/110195 i1=204 t1=29 m2=-1798/-96055 i2=-221 t2=28 steerMode=7070/7116 iSteer=-8400 driveMode=103125/102789 iDrive=212408 scale=0 wheel=300000 ffS=5000
2026-07-07T15:40:13.080+00:00 CAN id=111 dlc=8 data=3075000000000000
2026-07-07T15:40:13.080+00:00 CAN id=101 dlc=8 data=98010400e0930400
2026-07-07T15:40:13.100+00:00 CAN id=111 dlc=8 data=3075000000000000
2026-07-07T15:40:13.100+00:00 CAN id=101 dlc=8 data=f0030400e0930400
2026-07-07T15:40:13.120+00:00 CAN id=111 dlc=8 data=3075000000000000
2026-07-07T15:40:13.120+00:00 CAN id=101 dlc=8 data=48060400e0930400
2026-07-07T15:40:13.140+00:00 CAN id=111 dlc=8 data=3075000000000000
2026-07-07T15:40:13.140+00:00 CAN id=101 dlc=8 data=a0080400e0930400
2026-07-07T15:40:13.160+00:00 CAN id=111 dlc=8 data=3075000000000000
2026-07-07T15:40:13.160+00:00 CAN id=101 dlc=8 data=f80a0400e0930400
2026-07-07T15:40:13.180+00:00 CAN id=111 dlc=8 data=3075000000000000
2026-07-07T15:40:13.180+00:00 CAN id=101 dlc=8 data=500d0400e0930400
2026-07-07T15:40:13.200+00:00 CAN id=111 dlc=8 data=3075000000000000
2026-07-07T15:40:13.200+00:00 CAN id=101 dlc=8 data=a80f0400e0930400
2026-07-07T15:40:13.220+00:00 CAN id=111 dlc=8 data=3075000000000000
2026-07-07T15:40:13.220+00:00 CAN id=101 dlc=8 data=00120400e0930400
2026-07-07T15:40:13.240+00:00 CAN id=111 dlc=8 data=3075000000000000
2026-07-07T15:40:13.240+00:00 CAN id=101 dlc=8 data=58140400e0930400
2026-07-07T15:40:13.249+00:00 VCP run=1 step=0 angle=268594 target=261352 err=-7242 steer=1379 m1=2100/110710 i1=215 t1=29 m2=-1821/-95540 i2=-196 t2=28 steerMode=7585/7241 iSteer=9883 driveMode=103125/103022 iDrive=205576 scale=0 wheel=300000 ffS=5000
2026-07-07T15:40:13.249+00:00 VCP run=1 step=0 angle=272109 target=264352 err=-7757 steer=1121 m1=2088/109292 i1=141 t1=29 m2=-1861/-96958 i2=-292 t2=28 steerMode=6167/7480 iSteer=-75412 driveMode=103125/102677 iDrive=216627 scale=0 wheel=300000 ffS=5000
2026-07-07T15:40:13.260+00:00 CAN id=111 dlc=8 data=3075000000000000
2026-07-07T15:40:13.260+00:00 CAN id=101 dlc=8 data=b0160400e0930400
2026-07-07T15:40:13.280+00:00 CAN id=111 dlc=8 data=3075000000000000
2026-07-07T15:40:13.280+00:00 CAN id=101 dlc=8 data=08190400e0930400
2026-07-07T15:40:13.300+00:00 CAN id=111 dlc=8 data=3075000000000000
2026-07-07T15:40:13.300+00:00 CAN id=101 dlc=8 data=601b0400e0930400
2026-07-07T15:40:13.320+00:00 CAN id=111 dlc=8 data=3075000000000000
2026-07-07T15:40:13.320+00:00 CAN id=101 dlc=8 data=b81d0400e0930400
2026-07-07T15:40:13.340+00:00 CAN id=111 dlc=8 data=3075000000000000
2026-07-07T15:40:13.340+00:00 CAN id=101 dlc=8 data=10200400e0930400
2026-07-07T15:40:13.345+00:00 VCP run=1 step=0 angle=274922 target=267352 err=-7570 steer=1215 m1=2059/109808 i1=208 t1=29 m2=-1811/-96442 i2=-266 t2=28 steerMode=6683/7047 iSteer=-28684 driveMode=103125/102023 iDrive=237153 scale=0 wheel=300000 ffS=5000
2026-07-07T15:40:13.345+00:00 VCP SET_TARGET_FF_RX steerRate=30000 wheelAccel=0
2026-07-07T15:40:13.360+00:00 CAN id=111 dlc=8 data=3075000000000000
2026-07-07T15:40:13.360+00:00 CAN id=101 dlc=8 data=68220400e0930400
2026-07-07T15:40:13.367+00:00 VCP SET_TARGET_RX steer=270352 wheel=300000
2026-07-07T15:40:13.380+00:00 CAN id=111 dlc=8 data=3075000000000000
2026-07-07T15:40:13.380+00:00 CAN id=101 dlc=8 data=c0240400e0930400
2026-07-07T15:40:13.400+00:00 CAN id=111 dlc=8 data=3075000000000000
2026-07-07T15:40:13.400+00:00 CAN id=101 dlc=8 data=18270400e0930400
2026-07-07T15:40:13.420+00:00 CAN id=111 dlc=8 data=3075000000000000
2026-07-07T15:40:13.420+00:00 CAN id=101 dlc=8 data=70290400e0930400
2026-07-07T15:40:13.440+00:00 CAN id=111 dlc=8 data=3075000000000000
2026-07-07T15:40:13.440+00:00 CAN id=101 dlc=8 data=c82b0400e0930400
2026-07-07T15:40:13.460+00:00 CAN id=111 dlc=8 data=3075000000000000
2026-07-07T15:40:13.460+00:00 CAN id=101 dlc=8 data=202e0400e0930400
2026-07-07T15:40:13.480+00:00 CAN id=111 dlc=8 data=3075000000000000
2026-07-07T15:40:13.480+00:00 CAN id=101 dlc=8 data=78300400e0930400
2026-07-07T15:40:13.500+00:00 CAN id=111 dlc=8 data=3075000000000000
2026-07-07T15:40:13.500+00:00 CAN id=101 dlc=8 data=d0320400e0930400
2026-07-07T15:40:13.520+00:00 CAN id=111 dlc=8 data=3075000000000000
2026-07-07T15:40:13.520+00:00 CAN id=101 dlc=8 data=28350400e0930400
2026-07-07T15:40:13.540+00:00 CAN id=111 dlc=8 data=3075000000000000
2026-07-07T15:40:13.540+00:00 CAN id=101 dlc=8 data=80370400e0930400
2026-07-07T15:40:13.550+00:00 VCP run=1 step=0 angle=277998 target=270352 err=-7646 steer=1177 m1=2088/109598 i1=170 t1=29 m2=-1827/-96652 i2=-262 t2=28 steerMode=6473/7138 iSteer=-45849 driveMode=103125/102786 iDrive=216101 scale=0 wheel=300000 ffS=5000
2026-07-07T15:40:13.550+00:00 VCP run=1 step=0 angle=280723 target=273352 err=-7371 steer=1315 m1=2096/110356 i1=236 t1=29 m2=-1850/-95894 i2=-156 t2=28 steerMode=7231/6215 iSteer=39766 driveMode=103125/103433 iDrive=196224 scale=0 wheel=300000 ffS=5000
2026-07-07T15:40:13.560+00:00 CAN id=111 dlc=8 data=3075000000000000
2026-07-07T15:40:13.560+00:00 CAN id=101 dlc=8 data=d8390400e0930400
2026-07-07T15:40:13.580+00:00 CAN id=111 dlc=8 data=3075000000000000
2026-07-07T15:40:13.580+00:00 CAN id=101 dlc=8 data=303c0400e0930400
2026-07-07T15:40:13.600+00:00 CAN id=111 dlc=8 data=3075000000000000
2026-07-07T15:40:13.600+00:00 CAN id=101 dlc=8 data=883e0400e0930400
2026-07-07T15:40:13.620+00:00 CAN id=111 dlc=8 data=3075000000000000
2026-07-07T15:40:13.620+00:00 CAN id=101 dlc=8 data=e0400400e0930400
2026-07-07T15:40:13.640+00:00 CAN id=111 dlc=8 data=3075000000000000
2026-07-07T15:40:13.640+00:00 CAN id=101 dlc=8 data=38430400e0930400
2026-07-07T15:40:13.653+00:00 VCP run=1 step=0 angle=283887 target=276352 err=-7535 steer=1233 m1=2109/109905 i1=133 t1=29 m2=-1819/-96345 i2=-280 t2=28 steerMode=6780/8041 iSteer=-73309 driveMode=103125/103080 iDrive=206737 scale=0 wheel=300000 ffS=5000
2026-07-07T15:40:13.660+00:00 CAN id=111 dlc=8 data=3075000000000000
2026-07-07T15:40:13.660+00:00 CAN id=101 dlc=8 data=90450400e0930400
2026-07-07T15:40:13.681+00:00 CAN id=111 dlc=8 data=3075000000000000
2026-07-07T15:40:13.681+00:00 CAN id=101 dlc=8 data=e8470400e0930400
2026-07-07T15:40:13.700+00:00 CAN id=111 dlc=8 data=3075000000000000
2026-07-07T15:40:13.700+00:00 CAN id=101 dlc=8 data=404a0400e0930400
2026-07-07T15:40:13.720+00:00 CAN id=111 dlc=8 data=3075000000000000
2026-07-07T15:40:13.720+00:00 CAN id=101 dlc=8 data=984c0400e0930400
2026-07-07T15:40:13.740+00:00 CAN id=111 dlc=8 data=3075000000000000
2026-07-07T15:40:13.740+00:00 CAN id=101 dlc=8 data=f04e0400e0930400
2026-07-07T15:40:13.756+00:00 VCP run=1 step=0 angle=286875 target=279352 err=-7523 steer=1239 m1=2071/109937 i1=210 t1=29 m2=-1790/-96313 i2=-249 t2=28 steerMode=6812/6951 iSteer=-19526 driveMode=103125/102343 iDrive=229385 scale=0 wheel=300000 ffS=5000
2026-07-07T15:40:13.760+00:00 CAN id=111 dlc=8 data=3075000000000000
2026-07-07T15:40:13.760+00:00 CAN id=101 dlc=8 data=48510400e0930400
2026-07-07T15:40:13.780+00:00 CAN id=111 dlc=8 data=3075000000000000
2026-07-07T15:40:13.780+00:00 CAN id=101 dlc=8 data=a0530400e0930400
2026-07-07T15:40:13.800+00:00 CAN id=111 dlc=8 data=3075000000000000
2026-07-07T15:40:13.800+00:00 CAN id=101 dlc=8 data=f8550400e0930400
2026-07-07T15:40:13.820+00:00 CAN id=111 dlc=8 data=3075000000000000
2026-07-07T15:40:13.820+00:00 CAN id=101 dlc=8 data=50580400e0930400
2026-07-07T15:40:13.840+00:00 CAN id=111 dlc=8 data=3075000000000000
2026-07-07T15:40:13.840+00:00 CAN id=101 dlc=8 data=a85a0400e0930400
2026-07-07T15:40:13.852+00:00 VCP run=1 step=0 angle=289775 target=282352 err=-7423 steer=1288 m1=2109/110211 i1=165 t1=29 m2=-1823/-96039 i2=-225 t2=28 steerMode=7086/7426 iSteer=-30093 driveMode=103125/103497 iDrive=195350 scale=0 wheel=300000 ffS=5000
2026-07-07T15:40:13.853+00:00 VCP SET_TARGET_FF_RX steerRate=30000 wheelAccel=0
2026-07-07T15:40:13.853+00:00 VCP SET_TARGET_RX steer=285352 wheel=300000
2026-07-07T15:40:13.860+00:00 CAN id=111 dlc=8 data=3075000000000000
2026-07-07T15:40:13.860+00:00 CAN id=101 dlc=8 data=005d0400e0930400
2026-07-07T15:40:13.880+00:00 CAN id=111 dlc=8 data=3075000000000000
2026-07-07T15:40:13.880+00:00 CAN id=101 dlc=8 data=585f0400e0930400
2026-07-07T15:40:13.900+00:00 CAN id=111 dlc=8 data=3075000000000000
2026-07-07T15:40:13.900+00:00 CAN id=101 dlc=8 data=b0610400e0930400
2026-07-07T15:40:13.920+00:00 CAN id=111 dlc=8 data=3075000000000000
2026-07-07T15:40:13.920+00:00 CAN id=101 dlc=8 data=08640400e0930400
2026-07-07T15:40:13.940+00:00 CAN id=111 dlc=8 data=3075000000000000
2026-07-07T15:40:13.940+00:00 CAN id=101 dlc=8 data=60660400e0930400
2026-07-07T15:40:13.955+00:00 VCP run=1 step=0 angle=293027 target=285352 err=-7675 steer=1162 m1=2075/109518 i1=179 t1=29 m2=-1821/-96732 i2=-229 t2=28 steerMode=6393/6600 iSteer=-25115 driveMode=103125/103185 iDrive=203853 scale=0 wheel=300000 ffS=5000
2026-07-07T15:40:13.960+00:00 CAN id=111 dlc=8 data=3075000000000000
2026-07-07T15:40:13.960+00:00 CAN id=101 dlc=8 data=b8680400e0930400
2026-07-07T15:40:13.980+00:00 CAN id=111 dlc=8 data=3075000000000000
2026-07-07T15:40:13.980+00:00 CAN id=101 dlc=8 data=106b0400e0930400
2026-07-07T15:40:14.000+00:00 CAN id=111 dlc=8 data=3075000000000000
2026-07-07T15:40:14.000+00:00 CAN id=101 dlc=8 data=686d0400e0930400
2026-07-07T15:40:14.020+00:00 CAN id=111 dlc=8 data=3075000000000000
2026-07-07T15:40:14.021+00:00 CAN id=101 dlc=8 data=c06f0400e0930400
2026-07-07T15:40:14.040+00:00 CAN id=111 dlc=8 data=3075000000000000
2026-07-07T15:40:14.040+00:00 CAN id=101 dlc=8 data=18720400e0930400
2026-07-07T15:40:14.058+00:00 VCP run=1 step=0 angle=295840 target=288352 err=-7488 steer=1256 m1=2109/110033 i1=175 t1=29 m2=-1800/-96217 i2=-303 t2=28 steerMode=6908/7908 iSteer=-64271 driveMode=103125/102053 iDrive=239228 scale=0 wheel=300000 ffS=5000
2026-07-07T15:40:14.060+00:00 CAN id=111 dlc=8 data=3075000000000000
2026-07-07T15:40:14.060+00:00 CAN id=101 dlc=8 data=70740400e0930400
2026-07-07T15:40:14.080+00:00 CAN id=111 dlc=8 data=3075000000000000
2026-07-07T15:40:14.080+00:00 CAN id=101 dlc=8 data=c8760400e0930400
2026-07-07T15:40:14.100+00:00 CAN id=111 dlc=8 data=3075000000000000
2026-07-07T15:40:14.100+00:00 CAN id=101 dlc=8 data=20790400e0930400
2026-07-07T15:40:14.120+00:00 CAN id=111 dlc=8 data=3075000000000000
2026-07-07T15:40:14.120+00:00 CAN id=101 dlc=8 data=787b0400e0930400
2026-07-07T15:40:14.140+00:00 CAN id=111 dlc=8 data=3075000000000000
2026-07-07T15:40:14.140+00:00 CAN id=101 dlc=8 data=d07d0400e0930400
2026-07-07T15:40:14.160+00:00 CAN id=111 dlc=8 data=3075000000000000
2026-07-07T15:40:14.160+00:00 CAN id=101 dlc=8 data=28800400e0930400
2026-07-07T15:40:14.161+00:00 VCP run=1 step=0 angle=299355 target=291352 err=-8003 steer=998 m1=2029/108616 i1=208 t1=29 m2=-1894/-97634 i2=-203 t2=28 steerMode=5491/5094 iSteer=2636 driveMode=103125/103198 iDrive=205653 scale=0 wheel=300000 ffS=5000
2026-07-07T15:40:14.180+00:00 CAN id=111 dlc=8 data=3075000000000000
2026-07-07T15:40:14.180+00:00 CAN id=101 dlc=8 data=80820400e0930400
2026-07-07T15:40:14.200+00:00 CAN id=111 dlc=8 data=3075000000000000
2026-07-07T15:40:14.200+00:00 CAN id=101 dlc=8 data=d8840400e0930400
2026-07-07T15:40:14.220+00:00 CAN id=111 dlc=8 data=3075000000000000
2026-07-07T15:40:14.220+00:00 CAN id=101 dlc=8 data=30870400e0930400
2026-07-07T15:40:14.240+00:00 CAN id=111 dlc=8 data=3075000000000000
2026-07-07T15:40:14.240+00:00 CAN id=101 dlc=8 data=88890400e0930400
2026-07-07T15:40:14.260+00:00 CAN id=111 dlc=8 data=3075000000000000
2026-07-07T15:40:14.260+00:00 CAN id=101 dlc=8 data=e08b0400e0930400
2026-07-07T15:40:14.265+00:00 VCP run=1 step=0 angle=301465 target=294352 err=-7113 steer=1444 m1=2132/111065 i1=152 t1=29 m2=-1775/-95185 i2=-236 t2=28 steerMode=7940/8534 iSteer=-42363 driveMode=103125/103562 iDrive=194011 scale=0 wheel=300000 ffS=5000
2026-07-07T15:40:14.280+00:00 CAN id=111 dlc=8 data=3075000000000000
2026-07-07T15:40:14.280+00:00 CAN id=101 dlc=8 data=388e0400e0930400
2026-07-07T15:40:14.300+00:00 CAN id=111 dlc=8 data=3075000000000000
2026-07-07T15:40:14.300+00:00 CAN id=101 dlc=8 data=90900400e0930400
2026-07-07T15:40:14.320+00:00 CAN id=111 dlc=8 data=3075000000000000
2026-07-07T15:40:14.320+00:00 CAN id=101 dlc=8 data=e8920400e0930400
2026-07-07T15:40:14.340+00:00 CAN id=111 dlc=8 data=3075000000000000
2026-07-07T15:40:14.340+00:00 CAN id=101 dlc=8 data=40950400e0930400
2026-07-07T15:40:14.360+00:00 VCP run=1 step=0 angle=304980 target=297352 err=-7628 steer=1186 m1=2073/109647 i1=183 t1=29 m2=-1878/-96603 i2=-237 t2=28 steerMode=6522/6737 iSteer=-27001 driveMode=103125/103019 iDrive=209862 scale=0 wheel=300000 ffS=5000
2026-07-07T15:40:14.360+00:00 VCP SET_TARGET_FF_RX steerRate=30000 wheelAccel=0
2026-07-07T15:40:14.360+00:00 VCP SET_TARGET_RX steer=300352 wheel=300000
2026-07-07T15:40:14.360+00:00 CAN id=111 dlc=8 data=3075000000000000
2026-07-07T15:40:14.360+00:00 CAN id=101 dlc=8 data=98970400e0930400
2026-07-07T15:40:14.380+00:00 CAN id=111 dlc=8 data=3075000000000000
2026-07-07T15:40:14.380+00:00 CAN id=101 dlc=8 data=f0990400e0930400
2026-07-07T15:40:14.400+00:00 CAN id=111 dlc=8 data=3075000000000000
2026-07-07T15:40:14.400+00:00 CAN id=101 dlc=8 data=489c0400e0930400
2026-07-07T15:40:14.420+00:00 CAN id=111 dlc=8 data=3075000000000000
2026-07-07T15:40:14.420+00:00 CAN id=101 dlc=8 data=a09e0400e0930400
2026-07-07T15:40:14.440+00:00 CAN id=111 dlc=8 data=3075000000000000
2026-07-07T15:40:14.440+00:00 CAN id=101 dlc=8 data=f8a00400e0930400
2026-07-07T15:40:14.460+00:00 CAN id=111 dlc=8 data=3075000000000000
2026-07-07T15:40:14.460+00:00 CAN id=101 dlc=8 data=50a30400e0930400
2026-07-07T15:40:14.463+00:00 VCP run=1 step=0 angle=308145 target=300352 err=-7793 steer=1104 m1=2092/109196 i1=120 t1=29 m2=-1783/-97054 i2=-339 t2=28 steerMode=6071/7936 iSteer=-109724 driveMode=103125/102391 iDrive=229427 scale=0 wheel=300000 ffS=5000
2026-07-07T15:40:14.480+00:00 CAN id=111 dlc=8 data=3075000000000000
2026-07-07T15:40:14.480+00:00 CAN id=101 dlc=8 data=a8a50400e0930400
2026-07-07T15:40:14.500+00:00 CAN id=111 dlc=8 data=3075000000000000
2026-07-07T15:40:14.500+00:00 CAN id=101 dlc=8 data=00a80400e0930400
2026-07-07T15:40:14.520+00:00 CAN id=111 dlc=8 data=3075000000000000
2026-07-07T15:40:14.520+00:00 CAN id=101 dlc=8 data=58aa0400e0930400
2026-07-07T15:40:14.540+00:00 CAN id=111 dlc=8 data=3075000000000000
2026-07-07T15:40:14.540+00:00 CAN id=101 dlc=8 data=b0ac0400e0930400
2026-07-07T15:40:14.560+00:00 CAN id=111 dlc=8 data=3075000000000000
2026-07-07T15:40:14.560+00:00 CAN id=101 dlc=8 data=08af0400e0930400
2026-07-07T15:40:14.566+00:00 VCP run=1 step=0 angle=310957 target=303352 err=-7605 steer=1197 m1=2077/109711 i1=220 t1=29 m2=-1871/-96539 i2=-192 t2=28 steerMode=6586/5970 iSteer=13875 driveMode=103125/103175 iDrive=206150 scale=0 wheel=300000 ffS=5000
2026-07-07T15:40:14.580+00:00 CAN id=111 dlc=8 data=3075000000000000
2026-07-07T15:40:14.580+00:00 CAN id=101 dlc=8 data=60b10400e0930400
2026-07-07T15:40:14.600+00:00 CAN id=111 dlc=8 data=3075000000000000
2026-07-07T15:40:14.600+00:00 CAN id=101 dlc=8 data=b8b30400e0930400
2026-07-07T15:40:14.620+00:00 CAN id=111 dlc=8 data=3075000000000000
2026-07-07T15:40:14.620+00:00 CAN id=101 dlc=8 data=10b60400e0930400
2026-07-07T15:40:14.640+00:00 CAN id=111 dlc=8 data=3075000000000000
2026-07-07T15:40:14.640+00:00 CAN id=101 dlc=8 data=68b80400e0930400
2026-07-07T15:40:14.660+00:00 CAN id=111 dlc=8 data=3075000000000000
2026-07-07T15:40:14.660+00:00 CAN id=101 dlc=8 data=c0ba0400e0930400
2026-07-07T15:40:14.680+00:00 CAN id=111 dlc=8 data=3075000000000000
2026-07-07T15:40:14.680+00:00 CAN id=101 dlc=8 data=18bd0400e0930400
2026-07-07T15:40:14.700+00:00 CAN id=111 dlc=8 data=3075000000000000
2026-07-07T15:40:14.700+00:00 CAN id=101 dlc=8 data=70bf0400e0930400
2026-07-07T15:40:14.720+00:00 CAN id=111 dlc=8 data=3075000000000000
2026-07-07T15:40:14.720+00:00 CAN id=101 dlc=8 data=c8c10400e0930400
2026-07-07T15:40:14.740+00:00 CAN id=111 dlc=8 data=3075000000000000
2026-07-07T15:40:14.740+00:00 CAN id=101 dlc=8 data=20c40400e0930400
2026-07-07T15:40:14.749+00:00 VCP run=1 step=0 angle=314121 target=306352 err=-7769 steer=1115 m1=2071/109260 i1=149 t1=29 m2=-1825/-96990 i2=-309 t2=28 steerMode=6135/7358 iSteer=-79615 driveMode=103125/102439 iDrive=228991 scale=0 wheel=300000 ffS=5000
2026-07-07T15:40:14.749+00:00 VCP run=1 step=0 angle=316494 target=309352 err=-7142 steer=1429 m1=2124/110984 i1=240 t1=29 m2=-1832/-95266 i2=-130 t2=28 steerMode=7859/6415 iSteer=55419 driveMode=103125/103896 iDrive=184985 scale=0 wheel=300000 ffS=5000
2026-07-07T15:40:14.760+00:00 CAN id=111 dlc=8 data=3075000000000000
2026-07-07T15:40:14.760+00:00 CAN id=101 dlc=8 data=78c60400e0930400
2026-07-07T15:40:14.780+00:00 CAN id=111 dlc=8 data=3075000000000000
2026-07-07T15:40:14.780+00:00 CAN id=101 dlc=8 data=d0c80400e0930400
2026-07-07T15:40:14.800+00:00 CAN id=111 dlc=8 data=3075000000000000
2026-07-07T15:40:14.800+00:00 CAN id=101 dlc=8 data=28cb0400e0930400
2026-07-07T15:40:14.820+00:00 CAN id=111 dlc=8 data=3075000000000000
2026-07-07T15:40:14.820+00:00 CAN id=101 dlc=8 data=80cd0400e0930400
2026-07-07T15:40:14.840+00:00 BENCH disable sent
2026-07-07T15:40:14.840+00:00 CAN id=121 dlc=2 data=0100
2026-07-07T15:40:14.840+00:00 CAN id=121 dlc=2 data=0100
2026-07-07T15:40:14.845+00:00 VCP run=1 step=0 angle=320010 target=312352 err=-7658 steer=1171 m1=2113/109566 i1=108 t1=29 m2=-1863/-96684 i2=-261 t2=28 steerMode=6441/7622 iSteer=-76492 driveMode=103125/103849 iDrive=184835 scale=0 wheel=300000 ffS=5000
2026-07-07T15:40:14.845+00:00 VCP UNIT_CTRL enable=0
2026-07-07T15:40:14.845+00:00 VCP UNIT_CTRL enable=0
2026-07-07T15:40:15.045+00:00 VCP STOP: disabled
2026-07-07T15:40:15.247+00:00 BENCH log closed
