START: angle=163828 target=163828 wheelTarget=500 step=0 count=5
run=1 step=0 angle=163828 target=163828 err=0 steer=0 m1=0/6875 i1=41 m2=0/-6875 i2=-41 steerMode=0/0 iSteer=0 driveMode=6875/0 iDrive=41333 scale=0 wheel=20000
run=1 step=0 angle=163828 target=163828 err=0 steer=0 m1=0/13475 i1=94 m2=0/-13475 i2=-94 steerMode=0/0 iSteer=-14 driveMode=13475/0 iDrive=93993 scale=0 wheel=39200
run=1 step=0 angle=163828 target=163828 err=0 steer=0 m1=-3/20075 i1=160 m2=0/-20075 i2=-159 steerMode=0/-7 iSteer=387 driveMode=20075/16 iDrive=159222 scale=0 wheel=58400
run=1 step=0 angle=163828 target=163828 err=0 steer=0 m1=2/26606 i1=235 m2=0/-26606 i2=-238 steerMode=0/27 iSteer=-1334 driveMode=26606/32 iDrive=236234 scale=0 wheel=77400
run=1 step=0 angle=163828 target=163828 err=0 steer=0 m1=0/33137 i1=325 m2=0/-33137 i2=-326 steerMode=0/11 iSteer=-753 driveMode=33137/15 iDrive=325645 scale=0 wheel=96400
run=1 step=0 angle=163828 target=163828 err=0 steer=0 m1=0/39669 i1=428 m2=0/-39669 i2=-428 steerMode=0/-6 iSteer=92 driveMode=39669/5 iDrive=427620 scale=0 wheel=115399
run=1 step=0 angle=163828 target=163828 err=0 steer=0 m1=0/46268 i1=543 m2=-5/-46268 i2=-543 steerMode=0/-11 iSteer=374 driveMode=46268/28 iDrive=543107 scale=0 wheel=134599
run=1 step=0 angle=163828 target=163828 err=0 steer=0 m1=2/52800 i1=671 m2=-3/-52800 i2=-668 steerMode=0/-35 iSteer=1602 driveMode=52800/42 iDrive=669880 scale=0 wheel=153599
run=1 step=0 angle=163828 target=163828 err=0 steer=0 m1=2/59331 i1=814 m2=-9/-59331 i2=-803 steerMode=0/-112 iSteer=5596 driveMode=59331/127 iDrive=808644 scale=0 wheel=172599
run=1 step=0 angle=163740 target=163828 err=88 steer=0 m1=575/65862 i1=906 m2=-513/-65862 i2=-775 steerMode=0/-1159 iSteer=65812 driveMode=65862/21163 iDrive=840648 scale=0 wheel=191598
run=1 step=0 angle=163740 target=163828 err=88 steer=0 m1=1224/72324 i1=705 m2=-1258/-72324 i2=-780 steerMode=0/846 iSteer=-37162 driveMode=72324/58051 iDrive=742556 scale=0 wheel=210398
run=1 step=0 angle=163828 target=163828 err=0 steer=0 m1=1801/78787 i1=619 m2=-1813/-78787 i2=-632 steerMode=0/222 iSteer=-6788 driveMode=78787/88443 iDrive=625683 scale=0 wheel=229198
run=1 step=0 angle=164092 target=163828 err=-264 steer=0 m1=2201/85249 i1=505 m2=-2196/-85249 i2=-507 steerMode=0/83 iSteer=-1067 driveMode=85249/111852 iDrive=505698 scale=0 wheel=247998
run=1 step=0 angle=164092 target=163828 err=-264 steer=0 m1=2490/91712 i1=369 m2=-2422/-91712 i2=-432 steerMode=0/687 iSteer=-31503 driveMode=91712/127308 iDrive=400617 scale=0 wheel=266798
run=1 step=0 angle=164092 target=163828 err=-264 steer=0 m1=2661/98175 i1=301 m2=-2646/-98175 i2=-315 steerMode=0/184 iSteer=-7168 driveMode=98175/137945 iDrive=308128 scale=0 wheel=285599
run=1 step=0 angle=164092 target=163828 err=-264 steer=0 m1=2735/104638 i1=217 m2=-2702/-104638 i2=-258 steerMode=0/457 iSteer=-20572 driveMode=104638/143545 iDrive=237622 scale=0 wheel=304400
run=1 step=0 angle=164443 target=163828 err=-615 steer=-123 m1=2739/110424 i1=171 m2=-2750/-111777 i2=-223 steerMode=-677/-154 iSteer=-25883 driveMode=111100/144562 iDrive=196708 scale=0 wheel=323201
run=1 step=0 angle=164355 target=163828 err=-527 steer=-105 m1=2720/116914 i1=179 m2=-2744/-118075 i2=-174 steerMode=-580/-617 iSteer=2650 driveMode=117495/143813 iDrive=176196 scale=0 wheel=341802
run=1 step=0 angle=164180 target=163828 err=-352 steer=0 m1=2701/123889 i1=154 m2=-2675/-123889 i2=-202 steerMode=0/472 iSteer=-24077 driveMode=123889/141743 iDrive=178011 scale=0 wheel=360403
run=1 step=0 angle=164355 target=163828 err=-527 steer=-15 m1=2672/130269 i1=184 m2=-2660/-130434 i2=-196 steerMode=-83/30 iSteer=-6313 driveMode=130351/140558 iDrive=190037 scale=0 wheel=379204
run=1 step=0 angle=164092 target=163828 err=-264 steer=0 m1=2670/136746 i1=195 m2=-2673/-136746 i2=-226 steerMode=0/285 iSteer=-15766 driveMode=136746/140322 iDrive=210473 scale=0 wheel=397805
run=1 step=0 angle=164268 target=163828 err=-439 steer=0 m1=2684/143208 i1=245 m2=-2677/-143208 i2=-228 steerMode=0/-192 iSteer=8428 driveMode=143208/141269 iDrive=236849 scale=0 wheel=416606
run=1 step=0 angle=164268 target=163828 err=-439 steer=0 m1=2709/149671 i1=265 m2=-2723/-149671 i2=-285 steerMode=0/169 iSteer=-10242 driveMode=149671/142058 iDrive=275024 scale=0 wheel=435407
run=1 step=0 angle=164268 target=163828 err=-439 steer=0 m1=2827/156134 i1=298 m2=-2790/-156134 i2=-298 steerMode=0/-38 iSteer=-50 driveMode=156134/147057 iDrive=298257 scale=0 wheel=454208
run=1 step=0 angle=164268 target=163828 err=-439 steer=0 m1=2938/162597 i1=317 m2=-2926/-162597 i2=-325 steerMode=0/25 iSteer=-4244 driveMode=162597/152631 iDrive=321022 scale=0 wheel=473009
run=1 step=0 angle=164443 target=163828 err=-615 steer=-123 m1=3061/168383 i1=331 m2=-3085/-169737 i2=-337 steerMode=-677/-681 iSteer=-3232 driveMode=169060/160123 iDrive=333981 scale=0 wheel=491810
run=1 step=0 angle=164268 target=163828 err=-439 steer=0 m1=3216/171875 i1=318 m2=-3185/-171875 i2=-339 steerMode=0/152 iSteer=-10841 driveMode=171875/166913 iDrive=328361 scale=0 wheel=500000
run=1 step=0 angle=164180 target=163828 err=-352 steer=0 m1=3346/171875 i1=281 m2=-3336/-171875 i2=-308 steerMode=0/186 iSteer=-13494 driveMode=171875/174176 iDrive=294126 scale=0 wheel=500000
run=1 step=0 angle=164004 target=163828 err=-176 steer=0 m1=3440/171875 i1=251 m2=-3439/-171875 i2=-259 steerMode=0/-9 iSteer=-4114 driveMode=171875/180010 iDrive=254905 scale=0 wheel=500000
run=1 step=0 angle=164092 target=163828 err=-264 steer=0 m1=3490/171875 i1=193 m2=-3449/-171875 i2=-257 steerMode=0/543 iSteer=-31834 driveMode=171875/182395 iDrive=224809 scale=0 wheel=500000
run=1 step=0 angle=164092 target=163828 err=-264 steer=0 m1=3505/171875 i1=188 m2=-3508/-171875 i2=-201 steerMode=0/22 iSteer=-6263 driveMode=171875/184220 iDrive=194278 scale=0 wheel=500000
run=1 step=0 angle=164092 target=163828 err=-264 steer=0 m1=3490/171875 i1=153 m2=-3506/-171875 i2=-193 steerMode=0/286 iSteer=-20172 driveMode=171875/183851 iDrive=172944 scale=0 wheel=500000
run=1 step=0 angle=164268 target=163828 err=-439 steer=0 m1=3431/171875 i1=164 m2=-3468/-171875 i2=-161 steerMode=0/-144 iSteer=1678 driveMode=171875/181812 iDrive=162378 scale=0 wheel=500000
run=1 step=0 angle=164180 target=163828 err=-352 steer=0 m1=3404/171875 i1=149 m2=-3403/-171875 i2=-170 steerMode=0/83 iSteer=-10417 driveMode=171875/179276 iDrive=159173 scale=0 wheel=500000
run=1 step=0 angle=164092 target=163828 err=-264 steer=0 m1=3356/171875 i1=145 m2=-3353/-171875 i2=-173 steerMode=0/150 iSteer=-13712 driveMode=171875/176983 iDrive=158834 scale=0 wheel=500000
run=1 step=0 angle=164004 target=163828 err=-176 steer=0 m1=3314/171875 i1=169 m2=-3342/-171875 i2=-153 steerMode=0/-288 iSteer=8022 driveMode=171875/175071 iDrive=160529 scale=0 wheel=500000
run=1 step=0 angle=164180 target=163828 err=-352 steer=0 m1=3237/171875 i1=151 m2=-3229/-171875 i2=-200 steerMode=0/349 iSteer=-24397 driveMode=171875/171549 iDrive=175204 scale=0 wheel=500000
run=1 step=0 angle=164092 target=163828 err=-264 steer=0 m1=3224/171875 i1=175 m2=-3250/-171875 i2=-191 steerMode=0/35 iSteer=-8351 driveMode=171875/170380 iDrive=182988 scale=0 wheel=500000
run=1 step=0 angle=164092 target=163828 err=-264 steer=0 m1=3222/171875 i1=165 m2=-3227/-171875 i2=-215 steerMode=0/357 iSteer=-25181 driveMode=171875/169651 iDrive=190119 scale=0 wheel=500000
run=1 step=0 angle=164268 target=163828 err=-439 steer=0 m1=3193/171875 i1=207 m2=-3217/-171875 i2=-192 steerMode=0/-283 iSteer=7396 driveMode=171875/168757 iDrive=199460 scale=0 wheel=500000
run=1 step=0 angle=164180 target=163828 err=-352 steer=0 m1=3203/171875 i1=188 m2=-3223/-171875 i2=-226 steerMode=0/229 iSteer=-19075 driveMode=171875/168547 iDrive=206756 scale=0 wheel=500000
run=1 step=0 angle=164180 target=163828 err=-352 steer=0 m1=3226/171875 i1=192 m2=-3208/-171875 i2=-230 steerMode=0/216 iSteer=-18858 driveMode=171875/168860 iDrive=210853 scale=0 wheel=500000
run=1 step=0 angle=164180 target=163828 err=-352 steer=0 m1=3231/171875 i1=208 m2=-3232/-171875 i2=-211 steerMode=0/-131 iSteer=-1556 driveMode=171875/170089 iDrive=209175 scale=0 wheel=500000
run=1 step=0 angle=164180 target=163828 err=-352 steer=0 m1=3245/171875 i1=180 m2=-3225/-171875 i2=-247 steerMode=0/503 iSteer=-33451 driveMode=171875/169873 iDrive=213644 scale=0 wheel=500000
run=1 step=0 angle=164092 target=163828 err=-264 steer=0 m1=3268/171875 i1=206 m2=-3269/-171875 i2=-213 steerMode=0/-100 iSteer=-3255 driveMode=171875/171175 iDrive=209662 scale=0 wheel=500000
run=1 step=0 angle=164092 target=163828 err=-264 steer=0 m1=3266/171875 i1=183 m2=-3271/-171875 i2=-228 steerMode=0/266 iSteer=-22247 driveMode=171875/172019 iDrive=205633 scale=0 wheel=500000
run=1 step=0 angle=164180 target=163828 err=-352 steer=0 m1=3264/171875 i1=204 m2=-3255/-171875 i2=-207 steerMode=0/-142 iSteer=-1382 driveMode=171875/171859 iDrive=205716 scale=0 wheel=500000
run=1 step=0 angle=164092 target=163828 err=-264 steer=0 m1=3268/171875 i1=185 m2=-3269/-171875 i2=-227 steerMode=0/245 iSteer=-20998 driveMode=171875/171935 iDrive=205712 scale=0 wheel=500000
run=1 step=0 angle=164180 target=163828 err=-352 steer=0 m1=3291/171875 i1=185 m2=-3278/-171875 i2=-222 steerMode=0/186 iSteer=-18264 driveMode=171875/172239 iDrive=203391 scale=0 wheel=500000
run=1 step=0 angle=164092 target=163828 err=-264 steer=0 m1=3274/171875 i1=189 m2=-3271/-171875 i2=-209 steerMode=0/9 iSteer=-9893 driveMode=171875/172846 iDrive=199013 scale=0 wheel=500000
run=1 step=0 angle=164092 target=163828 err=-264 steer=0 m1=3270/171875 i1=171 m2=-3282/-171875 i2=-231 steerMode=0/412 iSteer=-30024 driveMode=171875/172181 iDrive=200881 scale=0 wheel=500000
run=1 step=0 angle=164092 target=163828 err=-264 steer=0 m1=3287/171875 i1=194 m2=-3265/-171875 i2=-208 steerMode=0/-58 iSteer=-6832 driveMode=171875/172147 iDrive=200798 scale=0 wheel=500000
run=1 step=0 angle=164180 target=163828 err=-352 steer=0 m1=3262/171875 i1=182 m2=-3301/-171875 i2=-217 steerMode=0/146 iSteer=-17435 driveMode=171875/172312 iDrive=199118 scale=0 wheel=500000
run=1 step=0 angle=164180 target=163828 err=-352 steer=0 m1=3266/171875 i1=198 m2=-3261/-171875 i2=-202 steerMode=0/-154 iSteer=-1877 driveMode=171875/171952 iDrive=199810 scale=0 wheel=500000
run=1 step=0 angle=164092 target=163828 err=-264 steer=0 m1=3266/171875 i1=174 m2=-3296/-171875 i2=-224 steerMode=0/309 iSteer=-25265 driveMode=171875/172141 iDrive=198986 scale=0 wheel=500000
run=1 step=0 angle=164004 target=163828 err=-176 steer=0 m1=3289/171875 i1=167 m2=-3252/-171875 i2=-231 steerMode=0/435 iSteer=-32071 driveMode=171875/172056 iDrive=198621 scale=0 wheel=500000
run=1 step=0 angle=164180 target=163828 err=-352 steer=0 m1=3262/171875 i1=210 m2=-3303/-171875 i2=-184 steerMode=0/-468 iSteer=13004 driveMode=171875/172362 iDrive=196710 scale=0 wheel=500000
run=1 step=0 angle=164180 target=163828 err=-352 steer=0 m1=3249/171875 i1=178 m2=-3238/-171875 i2=-227 steerMode=0/285 iSteer=-24710 driveMode=171875/171254 iDrive=202557 scale=0 wheel=500000
run=1 step=0 angle=164268 target=163828 err=-439 steer=0 m1=3266/171875 i1=195 m2=-3286/-171875 i2=-206 steerMode=0/-111 iSteer=-5377 driveMode=171875/171840 iDrive=200357 scale=0 wheel=500000
run=1 step=0 angle=163828 target=163828 err=0 steer=0 m1=3268/171875 i1=183 m2=-3267/-171875 i2=-212 steerMode=0/71 iSteer=-14597 driveMode=171875/172347 iDrive=197214 scale=0 wheel=500000
run=1 step=0 angle=163916 target=163828 err=-88 steer=0 m1=3268/171875 i1=173 m2=-3259/-171875 i2=-222 steerMode=0/281 iSteer=-24631 driveMode=171875/172115 iDrive=197308 scale=0 wheel=500000
run=1 step=0 angle=163828 target=163828 err=0 steer=0 m1=3264/171875 i1=194 m2=-3257/-171875 i2=-204 steerMode=0/-118 iSteer=-4968 driveMode=171875/171778 iDrive=199414 scale=0 wheel=500000
run=1 step=0 angle=164004 target=163828 err=-176 steer=0 m1=3272/171875 i1=174 m2=-3267/-171875 i2=-224 steerMode=0/281 iSteer=-25032 driveMode=171875/171821 iDrive=199147 scale=0 wheel=500000
run=1 step=0 angle=164092 target=163828 err=-264 steer=0 m1=3264/171875 i1=205 m2=-3280/-171875 i2=-189 steerMode=0/-389 iSteer=7916 driveMode=171875/172174 iDrive=197318 scale=0 wheel=500000
run=1 step=0 angle=163916 target=163828 err=-88 steer=0 m1=3247/171875 i1=174 m2=-3217/-171875 i2=-229 steerMode=0/316 iSteer=-27197 driveMode=171875/171352 iDrive=201476 scale=0 wheel=500000
run=1 step=0 angle=163916 target=163828 err=-88 steer=0 m1=3251/171875 i1=192 m2=-3271/-171875 i2=-213 steerMode=0/-19 iSteer=-10721 driveMode=171875/171353 iDrive=202405 scale=0 wheel=500000
run=1 step=0 angle=163916 target=163828 err=-88 steer=0 m1=3279/171875 i1=190 m2=-3286/-171875 i2=-209 steerMode=0/-57 iSteer=-9293 driveMode=171875/172032 iDrive=199680 scale=0 wheel=500000
run=1 step=0 angle=163916 target=163828 err=-88 steer=0 m1=3268/171875 i1=181 m2=-3278/-171875 i2=-214 steerMode=0/88 iSteer=-16199 driveMode=171875/172303 iDrive=197504 scale=0 wheel=500000
run=1 step=0 angle=163916 target=163828 err=-88 steer=0 m1=3287/171875 i1=184 m2=-3286/-171875 i2=-211 steerMode=0/21 iSteer=-13437 driveMode=171875/172321 iDrive=197256 scale=0 wheel=500000
run=1 step=0 angle=164004 target=163828 err=-176 steer=0 m1=3281/171875 i1=172 m2=-3252/-171875 i2=-217 steerMode=0/203 iSteer=-22726 driveMode=171875/172569 iDrive=194655 scale=0 wheel=500000
run=1 step=0 angle=164180 target=163828 err=-352 steer=0 m1=3258/171875 i1=203 m2=-3303/-171875 i2=-188 steerMode=0/-413 iSteer=7519 driveMode=171875/172276 iDrive=195185 scale=0 wheel=500000
run=1 step=0 angle=164092 target=163828 err=-264 steer=0 m1=3254/171875 i1=173 m2=-3240/-171875 i2=-225 steerMode=0/258 iSteer=-25850 driveMode=171875/171489 iDrive=199272 scale=0 wheel=500000
run=1 step=0 angle=164092 target=163828 err=-264 steer=0 m1=3272/171875 i1=178 m2=-3261/-171875 i2=-215 steerMode=0/102 iSteer=-18606 driveMode=171875/172048 iDrive=196552 scale=0 wheel=500000
run=1 step=0 angle=163916 target=163828 err=-88 steer=0 m1=3270/171875 i1=174 m2=-3278/-171875 i2=-215 steerMode=0/131 iSteer=-20367 driveMode=171875/172362 iDrive=194576 scale=0 wheel=500000
run=1 step=0 angle=163916 target=163828 err=-88 steer=0 m1=3270/171875 i1=181 m2=-3248/-171875 i2=-213 steerMode=0/55 iSteer=-16093 driveMode=171875/171746 iDrive=197140 scale=0 wheel=500000
run=1 step=0 angle=164004 target=163828 err=-176 steer=0 m1=3243/171875 i1=205 m2=-3278/-171875 i2=-198 steerMode=0/-352 iSteer=3602 driveMode=171875/171096 iDrive=201661 scale=0 wheel=500000
run=1 step=0 angle=163916 target=163828 err=-88 steer=0 m1=3277/171875 i1=172 m2=-3267/-171875 i2=-226 steerMode=0/253 iSteer=-26596 driveMode=171875/171767 iDrive=199052 scale=0 wheel=500000
run=1 step=0 angle=164004 target=163828 err=-176 steer=0 m1=3264/171875 i1=192 m2=-3275/-171875 i2=-203 steerMode=0/-181 iSteer=-5232 driveMode=171875/172040 iDrive=197515 scale=0 wheel=500000
run=1 step=0 angle=164004 target=163828 err=-176 steer=0 m1=3264/171875 i1=182 m2=-3263/-171875 i2=-223 steerMode=0/141 iSteer=-20602 driveMode=171875/171167 iDrive=202663 scale=0 wheel=500000
run=1 step=0 angle=163916 target=163828 err=-88 steer=0 m1=3258/171875 i1=180 m2=-3271/-171875 i2=-222 steerMode=0/129 iSteer=-20856 driveMode=171875/171647 iDrive=201208 scale=0 wheel=500000
run=1 step=0 angle=163828 target=163828 err=0 steer=0 m1=3283/171875 i1=179 m2=-3286/-171875 i2=-220 steerMode=0/113 iSteer=-20621 driveMode=171875/172084 iDrive=199441 scale=0 wheel=500000
run=1 step=0 angle=163828 target=163828 err=0 steer=0 m1=3266/171875 i1=189 m2=-3267/-171875 i2=-209 steerMode=0/-87 iSteer=-10019 driveMode=171875/171971 iDrive=199063 scale=0 wheel=500000
run=1 step=0 angle=163916 target=163828 err=-88 steer=0 m1=3264/171875 i1=192 m2=-3286/-171875 i2=-209 steerMode=0/-121 iSteer=-8766 driveMode=171875/171776 iDrive=200460 scale=0 wheel=500000
run=1 step=0 angle=163564 target=163828 err=264 steer=0 m1=3283/171875 i1=171 m2=-3278/-171875 i2=-222 steerMode=0/216 iSteer=-25373 driveMode=171875/172475 iDrive=196268 scale=0 wheel=500000
run=1 step=0 angle=163740 target=163828 err=88 steer=0 m1=3264/171875 i1=189 m2=-3259/-171875 i2=-201 steerMode=0/-173 iSteer=-6158 driveMode=171875/172452 iDrive=195219 scale=0 wheel=500000
run=1 step=0 angle=163740 target=163828 err=88 steer=0 m1=3260/171875 i1=186 m2=-3236/-171875 i2=-216 steerMode=0/19 iSteer=-15061 driveMode=171875/171280 iDrive=201198 scale=0 wheel=500000
run=1 step=0 angle=163652 target=163828 err=176 steer=0 m1=3279/171875 i1=179 m2=-3261/-171875 i2=-218 steerMode=0/114 iSteer=-19779 driveMode=171875/171915 iDrive=198517 scale=0 wheel=500000
run=1 step=0 angle=163652 target=163828 err=176 steer=0 m1=3258/171875 i1=179 m2=-3259/-171875 i2=-220 steerMode=0/124 iSteer=-20472 driveMode=171875/171828 iDrive=199032 scale=0 wheel=500000
run=1 step=0 angle=163564 target=163828 err=264 steer=0 m1=3262/171875 i1=191 m2=-3255/-171875 i2=-209 steerMode=0/-95 iSteer=-9010 driveMode=171875/171522 iDrive=200464 scale=0 wheel=500000
run=1 step=0 angle=163564 target=163828 err=264 steer=0 m1=3247/171875 i1=186 m2=-3267/-171875 i2=-221 steerMode=0/63 iSteer=-17344 driveMode=171875/171161 iDrive=203696 scale=0 wheel=500000
run=1 step=0 angle=163389 target=163828 err=439 steer=0 m1=3251/171875 i1=179 m2=-3257/-171875 i2=-225 steerMode=0/181 iSteer=-22716 driveMode=171875/171632 iDrive=201996 scale=0 wheel=500000
run=1 step=0 angle=163477 target=163828 err=352 steer=0 m1=3266/171875 i1=197 m2=-3265/-171875 i2=-202 steerMode=0/-216 iSteer=-2748 driveMode=171875/172103 iDrive=199549 scale=0 wheel=500000
run=1 step=0 angle=163477 target=163828 err=352 steer=0 m1=3281/171875 i1=180 m2=-3269/-171875 i2=-222 steerMode=0/150 iSteer=-20850 driveMode=171875/171800 iDrive=201137 scale=0 wheel=500000
run=1 step=0 angle=163477 target=163828 err=352 steer=0 m1=3272/171875 i1=184 m2=-3263/-171875 i2=-213 steerMode=0/20 iSteer=-14734 driveMode=171875/172241 iDrive=198397 scale=0 wheel=500000
run=1 step=0 angle=163477 target=163828 err=352 steer=0 m1=3241/171875 i1=186 m2=-3275/-171875 i2=-217 steerMode=0/17 iSteer=-15451 driveMode=171875/171587 iDrive=201780 scale=0 wheel=500000
run=1 step=0 angle=163389 target=163828 err=439 steer=0 m1=3262/171875 i1=189 m2=-3246/-171875 i2=-216 steerMode=0/3 iSteer=-13361 driveMode=171875/171485 iDrive=202274 scale=0 wheel=500000
run=1 step=0 angle=163389 target=163828 err=439 steer=0 m1=3254/171875 i1=184 m2=-3261/-171875 i2=-221 steerMode=0/94 iSteer=-18343 driveMode=171875/171624 iDrive=202558 scale=0 wheel=500000
run=1 step=0 angle=163213 target=163828 err=615 steer=123 m1=3289/172552 i1=210 m2=-3271/-171198 i2=-190 steerMode=677/220 iSteer=9649 driveMode=171875/172122 iDrive=199994 scale=0 wheel=500000
run=1 step=0 angle=163301 target=163828 err=527 steer=105 m1=3270/172455 i1=200 m2=-3267/-171295 i2=-194 steerMode=580/262 iSteer=3228 driveMode=171875/172487 iDrive=197119 scale=0 wheel=500000
run=1 step=0 angle=163389 target=163828 err=439 steer=0 m1=3272/171875 i1=177 m2=-3263/-171875 i2=-226 steerMode=0/235 iSteer=-24078 driveMode=171875/171571 iDrive=201475 scale=0 wheel=500000
run=1 step=0 angle=163389 target=163828 err=439 steer=0 m1=3266/171875 i1=200 m2=-3278/-171875 i2=-197 steerMode=0/-263 iSteer=1504 driveMode=171875/172200 iDrive=198139 scale=0 wheel=500000
run=1 step=0 angle=163389 target=163828 err=439 steer=0 m1=3266/171875 i1=181 m2=-3271/-171875 i2=-217 steerMode=0/122 iSteer=-18288 driveMode=171875/171939 iDrive=198992 scale=0 wheel=500000
run=1 step=0 angle=163301 target=163828 err=527 steer=105 m1=3283/172455 i1=213 m2=-3250/-171295 i2=-183 steerMode=580/70 iSteer=14783 driveMode=171875/172023 iDrive=197987 scale=0 wheel=500000
run=1 step=0 angle=163301 target=163828 err=527 steer=105 m1=3268/172455 i1=187 m2=-3267/-171295 i2=-214 steerMode=580/638 iSteer=-13766 driveMode=171875/171547 iDrive=200608 scale=0 wheel=500000
run=1 step=0 angle=163389 target=163828 err=439 steer=0 m1=3256/171875 i1=199 m2=-3248/-171875 i2=-206 steerMode=0/-147 iSteer=-3324 driveMode=171875/171447 iDrive=202209 scale=0 wheel=500000
run=1 step=0 angle=163477 target=163828 err=352 steer=0 m1=3274/171875 i1=207 m2=-3292/-171875 i2=-190 steerMode=0/-377 iSteer=8380 driveMode=171875/172198 iDrive=198508 scale=0 wheel=500000
run=1 step=0 angle=163564 target=163828 err=264 steer=0 m1=3274/171875 i1=177 m2=-3242/-171875 i2=-226 steerMode=0/267 iSteer=-24243 driveMode=171875/171633 iDrive=201470 scale=0 wheel=500000
run=1 step=0 angle=163389 target=163828 err=439 steer=45 m1=3264/172123 i1=203 m2=-3280/-171628 i2=-190 steerMode=248/-83 iSteer=6043 driveMode=171875/172524 iDrive=196536 scale=0 wheel=500000
run=1 step=0 angle=163389 target=163828 err=439 steer=60 m1=3279/172208 i1=177 m2=-3278/-171542 i2=-219 steerMode=333/526 iSteer=-20677 driveMode=171875/172096 iDrive=197975 scale=0 wheel=500000
run=1 step=0 angle=163477 target=163828 err=352 steer=0 m1=3243/171875 i1=204 m2=-3240/-171875 i2=-200 steerMode=0/-251 iSteer=2147 driveMode=171875/171329 iDrive=202111 scale=0 wheel=500000
run=1 step=0 angle=163389 target=163828 err=439 steer=0 m1=3274/171875 i1=188 m2=-3252/-171875 i2=-215 steerMode=0/50 iSteer=-13376 driveMode=171875/171582 iDrive=201861 scale=0 wheel=500000
run=1 step=0 angle=163477 target=163828 err=352 steer=0 m1=3254/171875 i1=187 m2=-3267/-171875 i2=-216 steerMode=0/66 iSteer=-14396 driveMode=171875/171688 iDrive=201864 scale=0 wheel=500000
run=1 step=0 angle=163389 target=163828 err=439 steer=0 m1=3283/171875 i1=187 m2=-3290/-171875 i2=-211 steerMode=0/22 iSteer=-11899 driveMode=171875/172213 iDrive=199036 scale=0 wheel=500000
run=1 step=0 angle=163389 target=163828 err=439 steer=95 m1=3249/172400 i1=189 m2=-3227/-171350 i2=-222 steerMode=525/640 iSteer=-16371 driveMode=171875/171047 iDrive=205390 scale=0 wheel=500000
run=1 step=0 angle=163389 target=163828 err=439 steer=0 m1=3270/171875 i1=207 m2=-3259/-171875 i2=-198 steerMode=0/-291 iSteer=4457 driveMode=171875/171719 iDrive=202914 scale=0 wheel=500000
run=1 step=0 angle=163389 target=163828 err=439 steer=0 m1=3264/171875 i1=188 m2=-3267/-171875 i2=-218 steerMode=0/87 iSteer=-14795 driveMode=171875/171826 iDrive=202714 scale=0 wheel=500000
run=1 step=0 angle=163389 target=163828 err=439 steer=0 m1=3268/171875 i1=200 m2=-3246/-171875 i2=-203 steerMode=0/-165 iSteer=-1528 driveMode=171875/171984 iDrive=201771 scale=0 wheel=500000
run=1 step=0 angle=163389 target=163828 err=439 steer=0 m1=3285/171875 i1=179 m2=-3263/-171875 i2=-219 steerMode=0/194 iSteer=-19821 driveMode=171875/172383 iDrive=199265 scale=0 wheel=500000
run=1 step=0 angle=163477 target=163828 err=352 steer=0 m1=3266/171875 i1=171 m2=-3244/-171875 i2=-231 steerMode=0/379 iSteer=-29785 driveMode=171875/171931 iDrive=201021 scale=0 wheel=500000
run=1 step=0 angle=163389 target=163828 err=439 steer=0 m1=3281/171875 i1=211 m2=-3284/-171875 i2=-179 steerMode=0/-528 iSteer=15954 driveMode=171875/172911 iDrive=195138 scale=0 wheel=500000
run=1 step=0 angle=163389 target=163828 err=439 steer=25 m1=3258/172015 i1=171 m2=-3269/-171735 i2=-225 steerMode=140/482 iSteer=-27108 driveMode=171875/172168 iDrive=197642 scale=0 wheel=500000
run=1 step=0 angle=163389 target=163828 err=439 steer=0 m1=3283/171875 i1=186 m2=-3286/-171875 i2=-202 steerMode=0/-25 iSteer=-8201 driveMode=171875/172757 iDrive=193750 scale=0 wheel=500000
run=1 step=0 angle=163301 target=163828 err=527 steer=105 m1=3272/172455 i1=188 m2=-3257/-171295 i2=-199 steerMode=580/512 iSteer=-5702 driveMode=171875/172544 iDrive=193572 scale=0 wheel=500000
run=1 step=0 angle=163477 target=163828 err=352 steer=0 m1=3233/171875 i1=200 m2=-3263/-171875 i2=-198 steerMode=0/-204 iSteer=1309 driveMode=171875/171292 iDrive=199189 scale=0 wheel=500000
run=1 step=0 angle=163477 target=163828 err=352 steer=0 m1=3256/171875 i1=198 m2=-3273/-171875 i2=-203 steerMode=0/-123 iSteer=-2559 driveMode=171875/171362 iDrive=200193 scale=0 wheel=500000
run=1 step=0 angle=163477 target=163828 err=352 steer=0 m1=3270/171875 i1=174 m2=-3229/-171875 i2=-230 steerMode=0/388 iSteer=-28144 driveMode=171875/171252 iDrive=201758 scale=0 wheel=500000
run=1 step=0 angle=163301 target=163828 err=527 steer=25 m1=3245/172013 i1=213 m2=-3265/-171738 i2=-186 steerMode=138/-300 iSteer=13352 driveMode=171875/171881 iDrive=199187 scale=0 wheel=500000
run=1 step=0 angle=163389 target=163828 err=439 steer=0 m1=3277/171875 i1=168 m2=-3244/-171875 i2=-239 steerMode=0/540 iSteer=-35536 driveMode=171875/171172 iDrive=203486 scale=0 wheel=500000
run=1 step=0 angle=163389 target=163828 err=439 steer=0 m1=3274/171875 i1=211 m2=-3255/-171875 i2=-195 steerMode=0/-321 iSteer=7631 driveMode=171875/171516 iDrive=203017 scale=0 wheel=500000
STEP_OK: step=0 target=500 cmd=500000 measured=500726 angleErr=352
STEP_START: step=1 target=750
run=1 step=1 angle=163477 target=163828 err=352 steer=20 m1=3295/171988 i1=168 m2=-3257/-171762 i2=-232 steerMode=113/600 iSteer=-32357 driveMode=171875/172124 iDrive=199954 scale=0 wheel=500000
run=1 step=1 angle=163477 target=163828 err=352 steer=0 m1=2534/5844 i1=-913 m2=-2505/-5844 i2=865 steerMode=0/466 iSteer=-23766 driveMode=5844/142432 iDrive=-889021 scale=0 wheel=17000
run=1 step=1 angle=163477 target=163828 err=352 steer=0 m1=1391/12306 i1=-777 m2=-1354/-12306 i2=741 steerMode=0/323 iSteer=-18163 driveMode=12306/83915 iDrive=-759334 scale=0 wheel=35800
run=1 step=1 angle=163477 target=163828 err=352 steer=0 m1=387/18769 i1=-554 m2=-406/-18769 i2=517 steerMode=0/316 iSteer=-18230 driveMode=18769/30454 iDrive=-535277 scale=0 wheel=54600
run=1 step=1 angle=163477 target=163828 err=352 steer=0 m1=-183/25231 i1=-304 m2=159/-25231 i2=293 steerMode=0/47 iSteer=-5241 driveMode=25231/-5518 iDrive=-298728 scale=0 wheel=73400
run=1 step=1 angle=163564 target=163828 err=264 steer=0 m1=-239/31694 i1=-122 m2=177/-31694 i2=202 steerMode=0/-815 iSteer=39956 driveMode=31694/-12085 iDrive=-161748 scale=0 wheel=92200
run=1 step=1 angle=163564 target=163828 err=264 steer=0 m1=-189/38156 i1=-41 m2=182/-38156 i2=57 steerMode=0/-131 iSteer=7669 driveMode=38156/-10693 iDrive=-49102 scale=0 wheel=110999
run=1 step=1 angle=163564 target=163828 err=264 steer=0 m1=66/44618 i1=87 m2=-109/-44618 i2=35 steerMode=0/-1171 iSteer=61208 driveMode=44618/-1124 iDrive=25740 scale=0 wheel=129799
run=1 step=1 angle=163564 target=163828 err=264 steer=0 m1=0/51150 i1=151 m2=-3/-51150 i2=-136 steerMode=0/-72 iSteer=7302 driveMode=51150/26 iDrive=143541 scale=0 wheel=148799
run=1 step=1 angle=163564 target=163828 err=264 steer=0 m1=0/57681 i1=285 m2=0/-57681 i2=-274 steerMode=0/-29 iSteer=5382 driveMode=57681/36 iDrive=279523 scale=0 wheel=167799
run=1 step=1 angle=163564 target=163828 err=264 steer=0 m1=0/64212 i1=434 m2=-3/-64212 i2=-422 steerMode=0/-43 iSteer=6145 driveMode=64212/54 iDrive=427946 scale=0 wheel=186798
run=1 step=1 angle=163564 target=163828 err=264 steer=0 m1=0/70743 i1=595 m2=0/-70743 i2=-583 steerMode=0/-46 iSteer=6399 driveMode=70743/37 iDrive=588934 scale=0 wheel=205798
run=1 step=1 angle=163564 target=163828 err=264 steer=0 m1=2/77274 i1=767 m2=-3/-77274 i2=-757 steerMode=0/-20 iSteer=5163 driveMode=77274/30 iDrive=762304 scale=0 wheel=224798
run=1 step=1 angle=163564 target=163828 err=264 steer=0 m1=6/83805 i1=952 m2=-5/-83805 i2=-943 steerMode=0/-6 iSteer=4562 driveMode=83805/130 iDrive=947481 scale=0 wheel=243798
run=1 step=1 angle=163564 target=163828 err=264 steer=0 m1=805/90337 i1=932 m2=-737/-90337 i2=-991 steerMode=0/612 iSteer=-29148 driveMode=90337/32117 iDrive=961512 scale=0 wheel=262798
run=1 step=1 angle=163564 target=163828 err=264 steer=0 m1=1571/96800 i1=859 m2=-1620/-96800 i2=-846 steerMode=0/-126 iSteer=6900 driveMode=96800/75020 iDrive=852413 scale=0 wheel=281599
run=1 step=1 angle=163564 target=163828 err=264 steer=0 m1=2253/103263 i1=689 m2=-2227/-103263 i2=-739 steerMode=0/512 iSteer=-25095 driveMode=103263/111355 iDrive=713973 scale=0 wheel=300400
run=1 step=1 angle=163828 target=163828 err=0 steer=0 m1=2726/109725 i1=566 m2=-2744/-109725 i2=-570 steerMode=0/26 iSteer=-2050 driveMode=109725/139602 iDrive=567845 scale=0 wheel=319201
run=1 step=1 angle=163828 target=163828 err=0 steer=0 m1=3094/116188 i1=428 m2=-3081/-116188 i2=-432 steerMode=0/40 iSteer=-1889 driveMode=116188/159422 iDrive=430170 scale=0 wheel=338002
run=1 step=1 angle=163828 target=163828 err=0 steer=0 m1=3281/122651 i1=308 m2=-3282/-122651 i2=-321 steerMode=0/110 iSteer=-6489 driveMode=122651/171601 iDrive=314229 scale=0 wheel=356803
run=1 step=1 angle=163740 target=163828 err=88 steer=0 m1=3406/129114 i1=203 m2=-3370/-129114 i2=-244 steerMode=0/394 iSteer=-20840 driveMode=129114/177690 iDrive=223385 scale=0 wheel=375604
run=1 step=1 angle=163740 target=163828 err=88 steer=0 m1=3400/135577 i1=172 m2=-3420/-135577 i2=-155 steerMode=0/-206 iSteer=8541 driveMode=135577/178866 iDrive=163109 scale=0 wheel=394405
run=1 step=1 angle=163828 target=163828 err=0 steer=0 m1=3323/142040 i1=126 m2=-3303/-142040 i2=-163 steerMode=0/328 iSteer=-18615 driveMode=142040/174825 iDrive=144190 scale=0 wheel=413206
run=1 step=1 angle=163916 target=163828 err=-88 steer=0 m1=3239/148502 i1=140 m2=-3267/-148502 i2=-138 steerMode=0/-73 iSteer=872 driveMode=148502/171865 iDrive=138639 scale=0 wheel=432007
run=1 step=1 angle=164092 target=163828 err=-264 steer=0 m1=3180/154965 i1=140 m2=-3204/-154965 i2=-170 steerMode=0/216 iSteer=-14939 driveMode=154965/168318 iDrive=154582 scale=0 wheel=450808
run=1 step=1 angle=164004 target=163828 err=-176 steer=0 m1=3170/161428 i1=172 m2=-3133/-161428 i2=-188 steerMode=0/84 iSteer=-8184 driveMode=161428/166296 iDrive=180211 scale=0 wheel=469609
run=1 step=1 angle=164092 target=163828 err=-264 steer=0 m1=3151/167891 i1=196 m2=-3146/-167891 i2=-235 steerMode=0/288 iSteer=-19526 driveMode=167891/165347 iDrive=215822 scale=0 wheel=488410
run=1 step=1 angle=164268 target=163828 err=-439 steer=-25 m1=3195/174216 i1=234 m2=-3177/-174491 i2=-267 steerMode=-138/84 iSteer=-16676 driveMode=174354/166901 iDrive=250189 scale=0 wheel=507211
run=1 step=1 angle=164268 target=163828 err=-439 steer=0 m1=3266/180748 i1=284 m2=-3263/-180748 i2=-273 steerMode=0/-227 iSteer=5546 driveMode=180748/170873 iDrive=278733 scale=0 wheel=525812
run=1 step=1 angle=164180 target=163828 err=-352 steer=0 m1=3358/187211 i1=287 m2=-3386/-187211 i2=-328 steerMode=0/280 iSteer=-20424 driveMode=187211/175676 iDrive=307435 scale=0 wheel=544613
run=1 step=1 angle=164180 target=163828 err=-352 steer=0 m1=3496/193674 i1=312 m2=-3514/-193674 i2=-333 steerMode=0/86 iSteer=-10198 driveMode=193674/183296 iDrive=322415 scale=0 wheel=563414
run=1 step=1 angle=164180 target=163828 err=-352 steer=0 m1=3672/200137 i1=326 m2=-3654/-200137 i2=-343 steerMode=0/29 iSteer=-8416 driveMode=200137/191100 iDrive=334277 scale=0 wheel=582215
run=1 step=1 angle=164180 target=163828 err=-352 steer=0 m1=3821/206599 i1=344 m2=-3794/-206599 i2=-342 steerMode=0/-162 iSteer=1134 driveMode=206599/198882 iDrive=343017 scale=0 wheel=601016
run=1 step=1 angle=164180 target=163828 err=-352 steer=0 m1=3988/213062 i1=324 m2=-3997/-213062 i2=-357 steerMode=0/187 iSteer=-16700 driveMode=213062/208193 iDrive=340624 scale=0 wheel=619817
run=1 step=1 angle=163916 target=163828 err=-88 steer=0 m1=4164/219525 i1=324 m2=-4159/-219525 i2=-343 steerMode=0/29 iSteer=-9256 driveMode=219525/217427 iDrive=333367 scale=0 wheel=638618
run=1 step=1 angle=163916 target=163828 err=-88 steer=0 m1=4317/225988 i1=304 m2=-4307/-225988 i2=-354 steerMode=0/352 iSteer=-25355 driveMode=225988/225204 iDrive=328954 scale=0 wheel=657419
run=1 step=1 angle=164004 target=163828 err=-176 steer=0 m1=4461/232451 i1=307 m2=-4466/-232451 i2=-331 steerMode=0/88 iSteer=-12227 driveMode=232451/233564 iDrive=319203 scale=0 wheel=676220
run=1 step=1 angle=164180 target=163828 err=-352 steer=0 m1=4601/238914 i1=307 m2=-4634/-238914 i2=-310 steerMode=0/-140 iSteer=-1609 driveMode=238914/241506 iDrive=308264 scale=0 wheel=695022
run=1 step=1 angle=164004 target=163828 err=-176 steer=0 m1=4756/245376 i1=273 m2=-4749/-245376 i2=-326 steerMode=0/351 iSteer=-26416 driveMode=245376/248616 iDrive=299590 scale=0 wheel=713823
run=1 step=1 angle=164004 target=163828 err=-176 steer=0 m1=4888/251839 i1=273 m2=-4906/-251839 i2=-308 steerMode=0/156 iSteer=-17420 driveMode=251839/255579 iDrive=290512 scale=0 wheel=732624
run=1 step=1 angle=164004 target=163828 err=-176 steer=0 m1=4990/257813 i1=257 m2=-4979/-257813 i2=-314 steerMode=0/378 iSteer=-28561 driveMode=257813/261247 iDrive=285445 scale=0 wheel=750000
run=1 step=1 angle=163828 target=163828 err=0 steer=0 m1=5082/257813 i1=226 m2=-5104/-257813 i2=-259 steerMode=0/127 iSteer=-16449 driveMode=257813/267253 iDrive=242801 scale=0 wheel=750000
run=1 step=1 angle=164004 target=163828 err=-176 steer=0 m1=5124/257813 i1=208 m2=-5111/-257813 i2=-212 steerMode=0/-154 iSteer=-2200 driveMode=257813/269709 iDrive=209743 scale=0 wheel=750000
run=1 step=1 angle=163828 target=163828 err=0 steer=0 m1=5164/257813 i1=150 m2=-5155/-257813 i2=-204 steerMode=0/328 iSteer=-27038 driveMode=257813/271475 iDrive=176622 scale=0 wheel=750000
run=1 step=1 angle=163828 target=163828 err=0 steer=0 m1=5145/257813 i1=149 m2=-5134/-257813 i2=-160 steerMode=0/-106 iSteer=-5723 driveMode=257813/270822 iDrive=154553 scale=0 wheel=750000
run=1 step=1 angle=163916 target=163828 err=-88 steer=0 m1=5099/257813 i1=131 m2=-5109/-257813 i2=-157 steerMode=0/40 iSteer=-13099 driveMode=257813/268479 iDrive=144322 scale=0 wheel=750000
run=1 step=1 angle=163916 target=163828 err=-88 steer=0 m1=5053/257813 i1=126 m2=-5065/-257813 i2=-149 steerMode=0/-5 iSteer=-11660 driveMode=257813/266303 iDrive=137345 scale=0 wheel=750000
run=1 step=1 angle=163828 target=163828 err=0 steer=0 m1=5009/257813 i1=111 m2=-5004/-257813 i2=-166 steerMode=0/306 iSteer=-27797 driveMode=257813/263468 iDrive=138624 scale=0 wheel=750000
run=1 step=1 angle=163916 target=163828 err=-88 steer=0 m1=4946/257813 i1=112 m2=-4933/-257813 i2=-175 steerMode=0/355 iSteer=-31333 driveMode=257813/260818 iDrive=143607 scale=0 wheel=750000
run=1 step=1 angle=164004 target=163828 err=-176 steer=0 m1=4900/257813 i1=122 m2=-4899/-257813 i2=-189 steerMode=0/395 iSteer=-33514 driveMode=257813/257776 iDrive=155813 scale=0 wheel=750000
run=1 step=1 angle=163652 target=163828 err=176 steer=0 m1=4877/257813 i1=148 m2=-4870/-257813 i2=-177 steerMode=0/12 iSteer=-14629 driveMode=257813/256647 iDrive=162798 scale=0 wheel=750000
run=1 step=1 angle=163916 target=163828 err=-88 steer=0 m1=4825/257813 i1=155 m2=-4822/-257813 i2=-196 steerMode=0/126 iSteer=-20404 driveMode=257813/254877 iDrive=175192 scale=0 wheel=750000
run=1 step=1 angle=163916 target=163828 err=-88 steer=0 m1=4800/257813 i1=167 m2=-4814/-257813 i2=-204 steerMode=0/85 iSteer=-18833 driveMode=257813/254121 iDrive=185439 scale=0 wheel=750000
run=1 step=1 angle=164004 target=163828 err=-176 steer=0 m1=4815/257813 i1=197 m2=-4845/-257813 i2=-186 steerMode=0/-403 iSteer=5435 driveMode=257813/254292 iDrive=191553 scale=0 wheel=750000
run=1 step=1 angle=163740 target=163828 err=88 steer=0 m1=4859/257813 i1=172 m2=-4834/-257813 i2=-227 steerMode=0/260 iSteer=-27268 driveMode=257813/254185 iDrive=199379 scale=0 wheel=750000
run=1 step=1 angle=163564 target=163828 err=264 steer=0 m1=4863/257813 i1=178 m2=-4883/-257813 i2=-221 steerMode=0/135 iSteer=-21572 driveMode=257813/255363 iDrive=199289 scale=0 wheel=750000
run=1 step=1 angle=163652 target=163828 err=176 steer=0 m1=4888/257813 i1=173 m2=-4870/-257813 i2=-227 steerMode=0/252 iSteer=-27107 driveMode=257813/256039 iDrive=199640 scale=0 wheel=750000
run=1 step=1 angle=163564 target=163828 err=264 steer=0 m1=4903/257813 i1=174 m2=-4885/-257813 i2=-216 steerMode=0/131 iSteer=-21074 driveMode=257813/257326 iDrive=194980 scale=0 wheel=750000
run=1 step=1 angle=163389 target=163828 err=439 steer=0 m1=4896/257813 i1=193 m2=-4893/-257813 i2=-197 steerMode=0/-253 iSteer=-1775 driveMode=257813/257445 iDrive=195128 scale=0 wheel=750000
run=1 step=1 angle=163477 target=163828 err=352 steer=0 m1=4913/257813 i1=175 m2=-4895/-257813 i2=-210 steerMode=0/57 iSteer=-17444 driveMode=257813/258093 iDrive=192262 scale=0 wheel=750000
run=1 step=1 angle=163389 target=163828 err=439 steer=100 m1=4917/258365 i1=186 m2=-4899/-257260 i2=-190 steerMode=553/306 iSteer=-1827 driveMode=257813/258752 iDrive=187813 scale=0 wheel=750000
run=1 step=1 angle=163477 target=163828 err=352 steer=0 m1=4900/257813 i1=189 m2=-4916/-257813 i2=-191 steerMode=0/-286 iSteer=-659 driveMode=257813/258127 iDrive=190095 scale=0 wheel=750000
run=1 step=1 angle=163301 target=163828 err=527 steer=60 m1=4911/258142 i1=156 m2=-4901/-257483 i2=-218 steerMode=330/648 iSteer=-30671 driveMode=257813/258508 iDrive=187170 scale=0 wheel=750000
run=1 step=1 angle=163389 target=163828 err=439 steer=0 m1=4915/257813 i1=173 m2=-4899/-257813 i2=-199 steerMode=0/-32 iSteer=-13191 driveMode=257813/258461 iDrive=186097 scale=0 wheel=750000
run=1 step=1 angle=163477 target=163828 err=352 steer=25 m1=4938/257953 i1=152 m2=-4908/-257672 i2=-215 steerMode=140/472 iSteer=-31456 driveMode=257813/258646 iDrive=183342 scale=0 wheel=750000
run=1 step=1 angle=163564 target=163828 err=264 steer=0 m1=4915/257813 i1=176 m2=-4904/-257813 i2=-190 steerMode=0/-159 iSteer=-7179 driveMode=257813/258349 iDrive=182993 scale=0 wheel=750000
run=1 step=1 angle=163301 target=163828 err=527 steer=70 m1=4896/258198 i1=189 m2=-4933/-257427 i2=-172 steerMode=385/-92 iSteer=8650 driveMode=257813/258640 iDrive=180602 scale=0 wheel=750000
run=1 step=1 angle=163477 target=163828 err=352 steer=0 m1=4900/257813 i1=155 m2=-4916/-257813 i2=-205 steerMode=0/190 iSteer=-24726 driveMode=257813/258440 iDrive=179997 scale=0 wheel=750000
run=1 step=1 angle=163301 target=163828 err=527 steer=45 m1=4928/258060 i1=173 m2=-4899/-257565 i2=-190 steerMode=248/114 iSteer=-8088 driveMode=257813/258065 iDrive=181549 scale=0 wheel=750000
run=1 step=1 angle=163389 target=163828 err=439 steer=0 m1=4926/257813 i1=146 m2=-4912/-257813 i2=-213 steerMode=0/374 iSteer=-33938 driveMode=257813/258326 iDrive=179452 scale=0 wheel=750000
run=1 step=1 angle=163389 target=163828 err=439 steer=0 m1=4888/257813 i1=161 m2=-4893/-257813 i2=-205 steerMode=0/149 iSteer=-22314 driveMode=257813/257536 iDrive=182901 scale=0 wheel=750000
run=1 step=1 angle=163389 target=163828 err=439 steer=0 m1=4888/257813 i1=161 m2=-4883/-257813 i2=-208 steerMode=0/169 iSteer=-23568 driveMode=257813/257424 iDrive=184168 scale=0 wheel=750000
run=1 step=1 angle=163389 target=163828 err=439 steer=0 m1=4892/257813 i1=176 m2=-4904/-257813 i2=-195 steerMode=0/-113 iSteer=-9547 driveMode=257813/257346 iDrive=185064 scale=0 wheel=750000
run=1 step=1 angle=163301 target=163828 err=527 steer=105 m1=4903/258393 i1=163 m2=-4874/-257232 i2=-206 steerMode=580/717 iSteer=-21595 driveMode=257813/257532 iDrive=184876 scale=0 wheel=750000
run=1 step=1 angle=163477 target=163828 err=352 steer=0 m1=4882/257813 i1=190 m2=-4899/-257813 i2=-180 steerMode=0/-420 iSteer=5004 driveMode=257813/257674 iDrive=184798 scale=0 wheel=750000
run=1 step=1 angle=163301 target=163828 err=527 steer=10 m1=4915/257868 i1=155 m2=-4874/-257758 i2=-217 steerMode=55/366 iSteer=-31151 driveMode=257813/257522 iDrive=186296 scale=0 wheel=750000
run=1 step=1 angle=163125 target=163828 err=703 steer=141 m1=4932/258586 i1=180 m2=-4904/-257039 i2=-186 steerMode=773/521 iSteer=-2731 driveMode=257813/258127 iDrive=183199 scale=0 wheel=750000
run=1 step=1 angle=163564 target=163828 err=264 steer=0 m1=4886/257813 i1=168 m2=-4901/-257813 i2=-207 steerMode=0/75 iSteer=-19429 driveMode=257813/257275 iDrive=187321 scale=0 wheel=750000
run=1 step=1 angle=163477 target=163828 err=352 steer=0 m1=4913/257813 i1=163 m2=-4891/-257813 i2=-207 steerMode=0/130 iSteer=-22038 driveMode=257813/257740 iDrive=185412 scale=0 wheel=750000
run=1 step=1 angle=163477 target=163828 err=352 steer=0 m1=4879/257813 i1=170 m2=-4885/-257813 i2=-206 steerMode=0/31 iSteer=-17578 driveMode=257813/257242 iDrive=188006 scale=0 wheel=750000
run=1 step=1 angle=163389 target=163828 err=439 steer=0 m1=4898/257813 i1=164 m2=-4883/-257813 i2=-215 steerMode=0/182 iSteer=-25572 driveMode=257813/257271 iDrive=189302 scale=0 wheel=750000
run=1 step=1 angle=163477 target=163828 err=352 steer=33 m1=4919/257994 i1=150 m2=-4883/-257631 i2=-222 steerMode=182/581 iSteer=-36108 driveMode=257813/257896 iDrive=186387 scale=0 wheel=750000
run=1 step=1 angle=163389 target=163828 err=439 steer=0 m1=4896/257813 i1=173 m2=-4897/-257813 i2=-199 steerMode=0/-77 iSteer=-12953 driveMode=257813/257954 iDrive=186227 scale=0 wheel=750000
run=1 step=1 angle=163477 target=163828 err=352 steer=15 m1=4905/257895 i1=144 m2=-4876/-257730 i2=-228 steerMode=83/589 iSteer=-41993 driveMode=257813/257918 iDrive=185794 scale=0 wheel=750000
run=1 step=1 angle=163389 target=163828 err=439 steer=0 m1=4894/257813 i1=171 m2=-4908/-257813 i2=-208 steerMode=0/44 iSteer=-18638 driveMode=257813/257353 iDrive=189208 scale=0 wheel=750000
run=1 step=1 angle=163389 target=163828 err=439 steer=0 m1=4909/257813 i1=158 m2=-4924/-257813 i2=-217 steerMode=0/247 iSteer=-29403 driveMode=257813/257747 iDrive=187508 scale=0 wheel=750000
run=1 step=1 angle=163213 target=163828 err=615 steer=70 m1=4884/258198 i1=181 m2=-4870/-257427 i2=-198 steerMode=385/224 iSteer=-8197 driveMode=257813/257400 iDrive=189378 scale=0 wheel=750000
run=1 step=1 angle=163301 target=163828 err=527 steer=105 m1=4884/258393 i1=196 m2=-4876/-257232 i2=-187 steerMode=580/173 iSteer=4293 driveMode=257813/257204 iDrive=191789 scale=0 wheel=750000
run=1 step=1 angle=163477 target=163828 err=352 steer=0 m1=4871/257813 i1=187 m2=-4891/-257813 i2=-201 steerMode=0/-202 iSteer=-7196 driveMode=257813/257028 iDrive=194172 scale=0 wheel=750000
run=1 step=1 angle=163301 target=163828 err=527 steer=105 m1=4900/258393 i1=202 m2=-4901/-257232 i2=-186 steerMode=580/96 iSteer=8138 driveMode=257813/257346 iDrive=193822 scale=0 wheel=750000
run=1 step=1 angle=163301 target=163828 err=527 steer=5 m1=4909/257840 i1=160 m2=-4897/-257785 i2=-220 steerMode=28/295 iSteer=-30114 driveMode=257813/258113 iDrive=190144 scale=0 wheel=750000
run=1 step=1 angle=163389 target=163828 err=439 steer=0 m1=4911/257813 i1=170 m2=-4918/-257813 i2=-207 steerMode=0/47 iSteer=-18627 driveMode=257813/258312 iDrive=188195 scale=0 wheel=750000
run=1 step=1 angle=163125 target=163828 err=703 steer=141 m1=4940/258586 i1=189 m2=-4912/-257039 i2=-178 steerMode=773/345 iSteer=5222 driveMode=257813/258917 iDrive=183640 scale=0 wheel=750000
run=1 step=1 angle=163564 target=163828 err=264 steer=0 m1=4898/257813 i1=172 m2=-4912/-257813 i2=-197 steerMode=0/-79 iSteer=-12345 driveMode=257813/258307 iDrive=184676 scale=0 wheel=750000
run=1 step=1 angle=163301 target=163828 err=527 steer=105 m1=4926/258393 i1=184 m2=-4899/-257232 i2=-177 steerMode=580/197 iSteer=3328 driveMode=257813/258839 iDrive=180702 scale=0 wheel=750000
run=1 step=1 angle=163301 target=163828 err=527 steer=105 m1=4923/258393 i1=187 m2=-4904/-257232 i2=-170 steerMode=580/93 iSteer=8091 driveMode=257813/258922 iDrive=178452 scale=0 wheel=750000
run=1 step=1 angle=163389 target=163828 err=439 steer=0 m1=4900/257813 i1=167 m2=-4920/-257813 i2=-201 steerMode=0/5 iSteer=-16762 driveMode=257813/257654 iDrive=184219 scale=0 wheel=750000
run=1 step=1 angle=163564 target=163828 err=264 steer=0 m1=4903/257813 i1=172 m2=-4929/-257813 i2=-193 steerMode=0/-108 iSteer=-10455 driveMode=257813/257982 iDrive=182472 scale=0 wheel=750000
run=1 step=1 angle=163389 target=163828 err=439 steer=0 m1=4905/257813 i1=170 m2=-4895/-257813 i2=-198 steerMode=0/-31 iSteer=-14050 driveMode=257813/257688 iDrive=183851 scale=0 wheel=750000
run=1 step=1 angle=163301 target=163828 err=527 steer=55 m1=4896/258115 i1=156 m2=-4887/-257510 i2=-213 steerMode=302/554 iSteer=-28372 driveMode=257813/257606 iDrive=184340 scale=0 wheel=750000
run=1 step=1 angle=163389 target=163828 err=439 steer=0 m1=4875/257813 i1=178 m2=-4891/-257813 i2=-194 steerMode=0/-156 iSteer=-7917 driveMode=257813/257358 iDrive=186156 scale=0 wheel=750000
run=1 step=1 angle=163477 target=163828 err=352 steer=0 m1=4907/257813 i1=165 m2=-4891/-257813 i2=-208 steerMode=0/112 iSteer=-21280 driveMode=257813/257438 iDrive=186506 scale=0 wheel=750000
run=1 step=1 angle=163389 target=163828 err=439 steer=75 m1=4896/258228 i1=166 m2=-4883/-257397 i2=-204 steerMode=415/480 iSteer=-18569 driveMode=257813/257805 iDrive=184980 scale=0 wheel=750000
run=1 step=1 angle=163389 target=163828 err=439 steer=0 m1=4875/257813 i1=183 m2=-4887/-257813 i2=-197 steerMode=0/-179 iSteer=-6839 driveMode=257813/257009 iDrive=190318 scale=0 wheel=750000
run=1 step=1 angle=163389 target=163828 err=439 steer=90 m1=4917/258310 i1=178 m2=-4885/-257315 i2=-203 steerMode=498/441 iSteer=-12519 driveMode=257813/257227 iDrive=190408 scale=0 wheel=750000
run=1 step=1 angle=163477 target=163828 err=352 steer=0 m1=4879/257813 i1=183 m2=-4868/-257813 i2=-205 steerMode=0/-75 iSteer=-11408 driveMode=257813/256764 iDrive=193948 scale=0 wheel=750000
run=1 step=1 angle=163213 target=163828 err=615 steer=75 m1=4913/258228 i1=165 m2=-4916/-257397 i2=-216 steerMode=415/618 iSteer=-25275 driveMode=257813/257747 iDrive=190228 scale=0 wheel=750000
run=1 step=1 angle=163389 target=163828 err=439 steer=0 m1=4890/257813 i1=166 m2=-4878/-257813 i2=-211 steerMode=0/148 iSteer=-22477 driveMode=257813/257950 iDrive=188615 scale=0 wheel=750000
run=1 step=1 angle=163301 target=163828 err=527 steer=105 m1=4926/258393 i1=189 m2=-4899/-257232 i2=-181 steerMode=580/221 iSteer=3619 driveMode=257813/258558 iDrive=184915 scale=0 wheel=750000
run=1 step=1 angle=163564 target=163828 err=264 steer=0 m1=4898/257813 i1=168 m2=-4920/-257813 i2=-199 steerMode=0/8 iSteer=-15459 driveMode=257813/258555 iDrive=183125 scale=0 wheel=750000
run=1 step=1 angle=163389 target=163828 err=439 steer=0 m1=4909/257813 i1=169 m2=-4899/-257813 i2=-198 steerMode=0/-2 iSteer=-14366 driveMode=257813/258361 iDrive=183242 scale=0 wheel=750000
run=1 step=1 angle=163301 target=163828 err=527 steer=115 m1=4900/258445 i1=180 m2=-4885/-257180 i2=-188 steerMode=633/424 iSteer=-4312 driveMode=257813/257999 iDrive=184160 scale=0 wheel=750000
run=1 step=1 angle=163389 target=163828 err=439 steer=0 m1=4884/257813 i1=156 m2=-4885/-257813 i2=-225 steerMode=0/393 iSteer=-34488 driveMode=257813/256831 iDrive=190965 scale=0 wheel=750000
run=1 step=1 angle=163477 target=163828 err=352 steer=35 m1=4907/258008 i1=142 m2=-4849/-257617 i2=-242 steerMode=195/903 iSteer=-50155 driveMode=257813/256913 iDrive=191940 scale=0 wheel=750000
run=1 step=1 angle=163652 target=163828 err=176 steer=0 m1=4888/257813 i1=199 m2=-4920/-257813 i2=-185 steerMode=0/-459 iSteer=7416 driveMode=257813/257196 iDrive=192025 scale=0 wheel=750000
run=1 step=1 angle=163389 target=163828 err=439 steer=40 m1=4905/258035 i1=164 m2=-4885/-257590 i2=-213 steerMode=223/421 iSteer=-24794 driveMode=257813/257971 iDrive=188634 scale=0 wheel=750000
run=1 step=1 angle=163389 target=163828 err=439 steer=0 m1=4926/257813 i1=173 m2=-4901/-257813 i2=-195 steerMode=0/-95 iSteer=-10686 driveMode=257813/258744 iDrive=183955 scale=0 wheel=750000
run=1 step=1 angle=163477 target=163828 err=352 steer=0 m1=4928/257813 i1=183 m2=-4939/-257813 i2=-182 steerMode=0/-317 iSteer=714 driveMode=257813/258774 iDrive=182263 scale=0 wheel=750000
run=1 step=1 angle=163213 target=163828 err=615 steer=120 m1=4936/258475 i1=150 m2=-4895/-257150 i2=-209 steerMode=663/953 iSteer=-29390 driveMode=257813/258942 iDrive=179312 scale=0 wheel=750000
run=1 step=1 angle=163301 target=163828 err=527 steer=10 m1=4898/257868 i1=175 m2=-4906/-257758 i2=-190 steerMode=55/-102 iSteer=-7360 driveMode=257813/258032 iDrive=182815 scale=0 wheel=750000
run=1 step=1 angle=163301 target=163828 err=527 steer=15 m1=4905/257895 i1=157 m2=-4895/-257730 i2=-204 steerMode=83/258 iSteer=-23531 driveMode=257813/258288 iDrive=180659 scale=0 wheel=750000
run=1 step=1 angle=163213 target=163828 err=615 steer=110 m1=4932/258420 i1=178 m2=-4876/-257205 i2=-185 steerMode=608/397 iSteer=-3346 driveMode=257813/257953 iDrive=181378 scale=0 wheel=750000
run=1 step=1 angle=163389 target=163828 err=439 steer=0 m1=4911/257813 i1=153 m2=-4876/-257813 i2=-211 steerMode=0/293 iSteer=-29015 driveMode=257813/257831 iDrive=182027 scale=0 wheel=750000
run=1 step=1 angle=163477 target=163828 err=352 steer=0 m1=4873/257813 i1=174 m2=-4887/-257813 i2=-191 steerMode=0/-105 iSteer=-8888 driveMode=257813/257749 iDrive=182479 scale=0 wheel=750000
run=1 step=1 angle=163301 target=163828 err=527 steer=50 m1=4909/258088 i1=174 m2=-4914/-257538 i2=-189 steerMode=275/148 iSteer=-7684 driveMode=257813/257965 iDrive=181693 scale=0 wheel=750000
run=1 step=1 angle=163564 target=163828 err=264 steer=25 m1=4903/257953 i1=157 m2=-4904/-257672 i2=-207 steerMode=140/350 iSteer=-24995 driveMode=257813/257856 iDrive=181957 scale=0 wheel=750000
run=1 step=1 angle=163477 target=163828 err=352 steer=0 m1=4905/257813 i1=167 m2=-4893/-257813 i2=-202 steerMode=0/58 iSteer=-17433 driveMode=257813/257469 iDrive=184198 scale=0 wheel=750000
run=1 step=1 angle=163301 target=163828 err=527 steer=70 m1=4888/258198 i1=177 m2=-4874/-257427 i2=-191 steerMode=385/241 iSteer=-7197 driveMode=257813/257634 iDrive=183718 scale=0 wheel=750000
run=1 step=1 angle=163477 target=163828 err=352 steer=0 m1=4865/257813 i1=158 m2=-4862/-257813 i2=-218 steerMode=0/303 iSteer=-30021 driveMode=257813/256917 iDrive=187868 scale=0 wheel=750000
run=1 step=1 angle=163389 target=163828 err=439 steer=0 m1=4886/257813 i1=179 m2=-4885/-257813 i2=-193 steerMode=0/-163 iSteer=-6841 driveMode=257813/257511 iDrive=186175 scale=0 wheel=750000
STEP_OK: step=1 target=750 cmd=750000 measured=750500 angleErr=352
STEP_START: step=2 target=1000
run=1 step=2 angle=163389 target=163828 err=439 steer=0 m1=4898/550 i1=-373 m2=-4910/-550 i2=382 steerMode=0/-90 iSteer=4533 driveMode=550/73744 iDrive=-377683 scale=0 wheel=1600
run=1 step=2 angle=163213 target=163828 err=615 steer=123 m1=3693/7689 i1=-1422 m2=-3608/-6336 i2=1349 steerMode=677/1447 iSteer=-36653 driveMode=7013/207282 iDrive=-1385442 scale=0 wheel=20400
run=1 step=2 angle=163740 target=163828 err=88 steer=0 m1=1964/13475 i1=-1267 m2=-1907/-13475 i2=1142 steerMode=0/1205 iSteer=-62955 driveMode=13475/120040 iDrive=-1204491 scale=0 wheel=39200
run=1 step=2 angle=163652 target=163828 err=176 steer=0 m1=443/19938 i1=-907 m2=-432/-19938 i2=850 steerMode=0/483 iSteer=-28329 driveMode=19938/38586 iDrive=-878533 scale=0 wheel=58000
run=1 step=2 angle=163652 target=163828 err=176 steer=0 m1=-285/26400 i1=-324 m2=142/-26400 i2=865 steerMode=0/-5388 iSteer=270247 driveMode=26400/-6768 iDrive=-594700 scale=0 wheel=76800
run=1 step=2 angle=163213 target=163828 err=615 steer=123 m1=-553/33539 i1=-393 m2=565/-32186 i2=347 steerMode=677/1220 iSteer=-22866 driveMode=32862/-27156 iDrive=-370092 scale=0 wheel=95600
run=1 step=2 angle=163213 target=163828 err=615 steer=123 m1=-683/40002 i1=-126 m2=690/-38648 i2=215 steerMode=677/-105 iSteer=44381 driveMode=39325/-34941 iDrive=-170626 scale=0 wheel=114399
run=1 step=2 angle=163301 target=163828 err=527 steer=105 m1=-591/46367 i1=20 m2=577/-45207 i2=35 steerMode=580/155 iSteer=27567 driveMode=45787/-32116 iDrive=-7480 scale=0 wheel=133199
run=1 step=2 angle=163389 target=163828 err=439 steer=0 m1=-354/52250 i1=150 m2=303/-52250 i2=-65 steerMode=0/-699 iSteer=42387 driveMode=52250/-20256 iDrive=107643 scale=0 wheel=151999
run=1 step=2 angle=163389 target=163828 err=439 steer=0 m1=25/58712 i1=247 m2=-5/-58712 i2=-119 steerMode=0/-1094 iSteer=64018 driveMode=58712/-3446 iDrive=182951 scale=0 wheel=170799
run=1 step=2 angle=163301 target=163828 err=527 steer=5 m1=2/65202 i1=330 m2=0/-65147 i2=-302 steerMode=28/-43 iSteer=13562 driveMode=65174/-28 iDrive=316041 scale=0 wheel=189598
run=1 step=2 angle=163389 target=163828 err=439 steer=0 m1=2/71706 i1=611 m2=-170/-71706 i2=-317 steerMode=0/-2715 iSteer=147274 driveMode=71706/2771 iDrive=463837 scale=0 wheel=208598
run=1 step=2 angle=161631 target=163828 err=2197 steer=427 m1=2/80516 i1=996 m2=-176/-75820 i2=-243 steerMode=2348/-4645 iSteer=376815 driveMode=78168/4692 iDrive=619418 scale=0 wheel=227398
run=1 step=2 angle=160664 target=163828 err=3164 steer=633 m1=608/88111 i1=668 m2=-406/-81150 i2=-739 steerMode=3480/4971 iSteer=-35722 driveMode=84630/21188 iDrive=703234 scale=0 wheel=246198
run=1 step=2 angle=162158 target=163828 err=1670 steer=334 m1=1140/92930 i1=667 m2=-1053/-89256 i2=-697 steerMode=1837/2816 iSteer=-15100 driveMode=91093/51155 iDrive=682233 scale=0 wheel=264998
run=1 step=2 angle=163037 target=163828 err=791 steer=171 m1=1625/98426 i1=637 m2=-1589/-96548 i2=-614 steerMode=939/1348 iSteer=11595 driveMode=97487/79361 iDrive=625823 scale=0 wheel=283599
run=1 step=2 angle=163564 target=163828 err=264 steer=0 m1=2075/103950 i1=561 m2=-2045/-103950 i2=-543 steerMode=0/421 iSteer=9144 driveMode=103950/103771 iDrive=552257 scale=0 wheel=302400
run=1 step=2 angle=163652 target=163828 err=176 steer=0 m1=2416/110413 i1=455 m2=-2355/-110413 i2=-504 steerMode=0/1056 iSteer=-24424 driveMode=110413/122316 iDrive=479463 scale=0 wheel=321201
run=1 step=2 angle=163916 target=163828 err=-88 steer=0 m1=2682/116876 i1=411 m2=-2662/-116876 i2=-393 steerMode=0/365 iSteer=8781 driveMode=116876/137935 iDrive=402069 scale=0 wheel=340002
run=1 step=2 angle=164443 target=163828 err=-615 steer=-35 m1=2875/123146 i1=327 m2=-2863/-123531 i2=-343 steerMode=-193/471 iSteer=-8297 driveMode=123339/148858 iDrive=334942 scale=0 wheel=358803
run=1 step=2 angle=164355 target=163828 err=-527 steer=-105 m1=2971/129153 i1=278 m2=-3003/-130313 i2=-284 steerMode=-580/-82 iSteer=-2871 driveMode=129733/156265 iDrive=280893 scale=0 wheel=377404
run=1 step=2 angle=164443 target=163828 err=-615 steer=-123 m1=3065/135450 i1=232 m2=-3045/-136804 i2=-262 steerMode=-677/47 iSteer=-15058 driveMode=136127/159971 iDrive=246697 scale=0 wheel=396005
run=1 step=2 angle=164355 target=163828 err=-527 steer=-105 m1=3107/141941 i1=209 m2=-3102/-143101 i2=-239 steerMode=-580/100 iSteer=-15129 driveMode=142521/162755 iDrive=223867 scale=0 wheel=414606
run=1 step=2 angle=164268 target=163828 err=-439 steer=-73 m1=3120/148513 i1=206 m2=-3125/-149317 i2=-225 steerMode=-402/126 iSteer=-9323 driveMode=148915/164270 iDrive=215190 scale=0 wheel=433207
run=1 step=2 angle=164180 target=163828 err=-352 steer=0 m1=3170/155309 i1=224 m2=-3154/-155309 i2=-208 steerMode=0/167 iSteer=8148 driveMode=155309/165736 iDrive=216050 scale=0 wheel=451808
run=1 step=2 angle=164443 target=163828 err=-615 steer=-120 m1=3157/161109 i1=194 m2=-3156/-162435 i2=-275 steerMode=-663/446 iSteer=-40680 driveMode=161772/165816 iDrive=234589 scale=0 wheel=470609
run=1 step=2 angle=164443 target=163828 err=-615 steer=-123 m1=3197/167489 i1=249 m2=-3217/-168843 i2=-250 steerMode=-677/-388 iSteer=-553 driveMode=168166/168467 iDrive=249729 scale=0 wheel=489210
run=1 step=2 angle=164355 target=163828 err=-527 steer=-105 m1=3270/173980 i1=238 m2=-3265/-175140 i2=-297 steerMode=-580/245 iSteer=-29387 driveMode=174560/171859 iDrive=267165 scale=0 wheel=507811
run=1 step=2 angle=164531 target=163828 err=-703 steer=-128 m1=3341/180250 i1=296 m2=-3363/-181658 i2=-274 steerMode=-704/-696 iSteer=10636 driveMode=180954/176089 iDrive=284984 scale=0 wheel=526412
run=1 step=2 angle=164268 target=163828 err=-439 steer=-40 m1=3492/187126 i1=292 m2=-3485/-187571 i2=-310 steerMode=-223/141 iSteer=-8720 driveMode=187348/181374 iDrive=301190 scale=0 wheel=545013
run=1 step=2 angle=164268 target=163828 err=-439 steer=-60 m1=3601/193412 i1=276 m2=-3581/-194072 i2=-350 steerMode=-330/567 iSteer=-36898 driveMode=193742/187562 iDrive=313198 scale=0 wheel=563614
run=1 step=2 angle=164355 target=163828 err=-527 steer=-15 m1=3722/200054 i1=329 m2=-3744/-200219 i2=-305 steerMode=-83/-172 iSteer=12200 driveMode=200137/195214 iDrive=316923 scale=0 wheel=582215
run=1 step=2 angle=164355 target=163828 err=-527 steer=-105 m1=3862/205951 i1=315 m2=-3893/-207111 i2=-331 steerMode=-580/-295 iSteer=-8318 driveMode=206531/202202 iDrive=322888 scale=0 wheel=600816
run=1 step=2 angle=164180 target=163828 err=-352 steer=0 m1=4045/212925 i1=310 m2=-4018/-212925 i2=-331 steerMode=0/327 iSteer=-10378 driveMode=212925/210364 iDrive=320380 scale=0 wheel=619417
run=1 step=2 angle=164268 target=163828 err=-439 steer=0 m1=4170/219388 i1=329 m2=-4152/-219388 i2=-310 steerMode=0/-89 iSteer=9476 driveMode=219388/217660 iDrive=319718 scale=0 wheel=638218
run=1 step=2 angle=164268 target=163828 err=-439 steer=0 m1=4302/225850 i1=313 m2=-4311/-225850 i2=-324 steerMode=0/199 iSteer=-5356 driveMode=225850/224968 iDrive=318382 scale=0 wheel=657019
run=1 step=2 angle=164443 target=163828 err=-615 steer=-100 m1=4453/231763 i1=274 m2=-4447/-232863 i2=-349 steerMode=-550/277 iSteer=-37686 driveMode=232313/232799 iDrive=311813 scale=0 wheel=675820
run=1 step=2 angle=164268 target=163828 err=-439 steer=-80 m1=4582/238267 i1=285 m2=-4588/-239147 i2=-331 steerMode=-440/83 iSteer=-22639 driveMode=238707/239563 iDrive=308131 scale=0 wheel=694421
run=1 step=2 angle=164268 target=163828 err=-439 steer=0 m1=4714/245101 i1=294 m2=-4738/-245101 i2=-308 steerMode=0/192 iSteer=-6875 driveMode=245101/246915 iDrive=301057 scale=0 wheel=713022
run=1 step=2 angle=164355 target=163828 err=-527 steer=-105 m1=4854/250984 i1=269 m2=-4841/-252144 i2=-318 steerMode=-580/-54 iSteer=-24339 driveMode=251564/254004 iDrive=293682 scale=0 wheel=731824
run=1 step=2 angle=164180 target=163828 err=-352 steer=0 m1=4999/257958 i1=289 m2=-4981/-257958 i2=-285 steerMode=0/-4 iSteer=1693 driveMode=257958/260833 iDrive=286936 scale=0 wheel=750425
run=1 step=2 angle=164355 target=163828 err=-527 steer=-95 m1=5080/263899 i1=242 m2=-5094/-264944 i2=-327 steerMode=-523/330 iSteer=-42565 driveMode=264421/266770 iDrive=284593 scale=0 wheel=769226
run=1 step=2 angle=164180 target=163828 err=-352 steer=0 m1=5231/270815 i1=269 m2=-5188/-270815 i2=-297 steerMode=0/275 iSteer=-14025 driveMode=270815/272694 iDrive=283114 scale=0 wheel=787827
run=1 step=2 angle=164004 target=163828 err=-176 steer=0 m1=5327/277278 i1=265 m2=-5339/-277278 i2=-293 steerMode=0/253 iSteer=-13978 driveMode=277278/279353 iDrive=278565 scale=0 wheel=806628
run=1 step=2 angle=164180 target=163828 err=-352 steer=0 m1=5426/283741 i1=265 m2=-5439/-283741 i2=-297 steerMode=0/293 iSteer=-16288 driveMode=283741/284725 iDrive=281003 scale=0 wheel=825429
run=1 step=2 angle=164092 target=163828 err=-264 steer=0 m1=5560/290204 i1=257 m2=-5552/-290204 i2=-301 steerMode=0/389 iSteer=-21974 driveMode=290204/291278 iDrive=278586 scale=0 wheel=844230
run=1 step=2 angle=164180 target=163828 err=-352 steer=0 m1=5681/296667 i1=279 m2=-5680/-296667 i2=-279 steerMode=0/-65 iSteer=69 driveMode=296667/297229 iDrive=279304 scale=0 wheel=863031
run=1 step=2 angle=164092 target=163828 err=-264 steer=0 m1=5809/303130 i1=255 m2=-5772/-303130 i2=-301 steerMode=0/383 iSteer=-23317 driveMode=303130/303784 iDrive=277909 scale=0 wheel=881832
run=1 step=2 angle=164268 target=163828 err=-439 steer=0 m1=5920/309592 i1=253 m2=-5893/-309592 i2=-304 steerMode=0/414 iSteer=-25512 driveMode=309592/309823 iDrive=278967 scale=0 wheel=900633
run=1 step=2 angle=164092 target=163828 err=-264 steer=0 m1=6045/316055 i1=249 m2=-6031/-316055 i2=-303 steerMode=0/428 iSteer=-27040 driveMode=316055/316605 iDrive=276452 scale=0 wheel=919434
run=1 step=2 angle=164180 target=163828 err=-352 steer=0 m1=6166/322518 i1=270 m2=-6153/-322518 i2=-287 steerMode=0/58 iSteer=-8873 driveMode=322518/322571 iDrive=278566 scale=0 wheel=938235
run=1 step=2 angle=164004 target=163828 err=-176 steer=0 m1=6279/328981 i1=257 m2=-6280/-328981 i2=-298 steerMode=0/279 iSteer=-20780 driveMode=328981/329196 iDrive=277504 scale=0 wheel=957036
run=1 step=2 angle=164004 target=163828 err=-176 steer=0 m1=6403/335444 i1=256 m2=-6389/-335444 i2=-310 steerMode=0/391 iSteer=-26757 driveMode=335444/334728 iDrive=282971 scale=0 wheel=975837
run=1 step=2 angle=164180 target=163828 err=-352 steer=0 m1=6508/341907 i1=272 m2=-6504/-341907 i2=-296 steerMode=0/73 iSteer=-11829 driveMode=341907/341221 iDrive=283858 scale=0 wheel=994638
run=1 step=2 angle=164004 target=163828 err=-176 steer=0 m1=6648/343750 i1=231 m2=-6615/-343750 i2=-291 steerMode=0/435 iSteer=-30094 driveMode=343750/347381 iDrive=260744 scale=0 wheel=1000000
run=1 step=2 angle=164180 target=163828 err=-352 steer=0 m1=6692/343750 i1=212 m2=-6682/-343750 i2=-247 steerMode=0/156 iSteer=-17285 driveMode=343750/351412 iDrive=229488 scale=0 wheel=1000000
run=1 step=2 angle=164004 target=163828 err=-176 steer=0 m1=6744/343750 i1=172 m2=-6741/-343750 i2=-218 steerMode=0/265 iSteer=-23205 driveMode=343750/354727 iDrive=195095 scale=0 wheel=1000000
run=1 step=2 angle=164092 target=163828 err=-264 steer=0 m1=6748/343750 i1=150 m2=-6751/-343750 i2=-193 steerMode=0/222 iSteer=-21419 driveMode=343750/355153 iDrive=171801 scale=0 wheel=1000000
run=1 step=2 angle=164092 target=163828 err=-264 steer=0 m1=6738/343750 i1=126 m2=-6743/-343750 i2=-177 steerMode=0/279 iSteer=-25205 driveMode=343750/354969 iDrive=151316 scale=0 wheel=1000000
run=1 step=2 angle=164092 target=163828 err=-264 steer=0 m1=6702/343750 i1=115 m2=-6693/-343750 i2=-172 steerMode=0/331 iSteer=-28324 driveMode=343750/352771 iDrive=143367 scale=0 wheel=1000000
run=1 step=2 angle=164180 target=163828 err=-352 steer=0 m1=6660/343750 i1=117 m2=-6634/-343750 i2=-156 steerMode=0/139 iSteer=-19310 driveMode=343750/351037 iDrive=136412 scale=0 wheel=1000000
run=1 step=2 angle=164004 target=163828 err=-176 steer=0 m1=6629/343750 i1=99 m2=-6592/-343750 i2=-174 steerMode=0/491 iSteer=-37679 driveMode=343750/348759 iDrive=136225 scale=0 wheel=1000000
run=1 step=2 angle=164180 target=163828 err=-352 steer=0 m1=6583/343750 i1=117 m2=-6573/-343750 i2=-167 steerMode=0/227 iSteer=-25054 driveMode=343750/346234 iDrive=141731 scale=0 wheel=1000000
run=1 step=2 angle=163916 target=163828 err=-88 steer=0 m1=6554/343750 i1=112 m2=-6542/-343750 i2=-178 steerMode=0/365 iSteer=-33021 driveMode=343750/344906 iDrive=144981 scale=0 wheel=1000000
run=1 step=2 angle=163916 target=163828 err=-88 steer=0 m1=6528/343750 i1=126 m2=-6513/-343750 i2=-182 steerMode=0/257 iSteer=-27904 driveMode=343750/343050 iDrive=154060 scale=0 wheel=1000000
run=1 step=2 angle=164180 target=163828 err=-352 steer=0 m1=6491/343750 i1=139 m2=-6506/-343750 i2=-186 steerMode=0/144 iSteer=-23264 driveMode=343750/341893 iDrive=162274 scale=0 wheel=1000000
run=1 step=2 angle=164092 target=163828 err=-264 steer=0 m1=6493/343750 i1=139 m2=-6467/-343750 i2=-206 steerMode=0/344 iSteer=-33520 driveMode=343750/340892 iDrive=172026 scale=0 wheel=1000000
run=1 step=2 angle=164004 target=163828 err=-176 steer=0 m1=6480/343750 i1=153 m2=-6469/-343750 i2=-199 steerMode=0/116 iSteer=-22950 driveMode=343750/341078 iDrive=175940 scale=0 wheel=1000000
run=1 step=2 angle=164092 target=163828 err=-264 steer=0 m1=6491/343750 i1=153 m2=-6477/-343750 i2=-203 steerMode=0/144 iSteer=-24868 driveMode=343750/341541 iDrive=178265 scale=0 wheel=1000000
run=1 step=2 angle=164092 target=163828 err=-264 steer=0 m1=6491/343750 i1=159 m2=-6479/-343750 i2=-206 steerMode=0/104 iSteer=-23209 driveMode=343750/341489 iDrive=182622 scale=0 wheel=1000000
run=1 step=2 angle=164004 target=163828 err=-176 steer=0 m1=6518/343750 i1=141 m2=-6509/-343750 i2=-218 steerMode=0/395 iSteer=-38436 driveMode=343750/342664 iDrive=179794 scale=0 wheel=1000000
run=1 step=2 angle=164092 target=163828 err=-264 steer=0 m1=6497/343750 i1=167 m2=-6513/-343750 i2=-200 steerMode=0/-54 iSteer=-16410 driveMode=343750/342370 iDrive=183685 scale=0 wheel=1000000
run=1 step=2 angle=163916 target=163828 err=-88 steer=0 m1=6520/343750 i1=150 m2=-6525/-343750 i2=-212 steerMode=0/232 iSteer=-30849 driveMode=343750/343235 iDrive=181095 scale=0 wheel=1000000
run=1 step=2 angle=163740 target=163828 err=88 steer=0 m1=6537/343750 i1=160 m2=-6525/-343750 i2=-199 steerMode=0/4 iSteer=-19193 driveMode=343750/343689 iDrive=179687 scale=0 wheel=1000000
run=1 step=2 angle=163828 target=163828 err=0 steer=0 m1=6528/343750 i1=174 m2=-6527/-343750 i2=-183 steerMode=0/-292 iSteer=-4447 driveMode=343750/343861 iDrive=178784 scale=0 wheel=1000000
run=1 step=2 angle=163477 target=163828 err=352 steer=0 m1=6545/343750 i1=144 m2=-6536/-343750 i2=-208 steerMode=0/264 iSteer=-32395 driveMode=343750/344352 iDrive=175965 scale=0 wheel=1000000
run=1 step=2 angle=163477 target=163828 err=352 steer=0 m1=6533/343750 i1=169 m2=-6534/-343750 i2=-184 steerMode=0/-227 iSteer=-7722 driveMode=343750/344073 iDrive=176416 scale=0 wheel=1000000
run=1 step=2 angle=163301 target=163828 err=527 steer=15 m1=6547/343833 i1=150 m2=-6546/-343668 i2=-196 steerMode=83/160 iSteer=-22895 driveMode=343750/344516 iDrive=173121 scale=0 wheel=1000000
run=1 step=2 angle=163301 target=163828 err=527 steer=90 m1=6537/344245 i1=169 m2=-6534/-343255 i2=-182 steerMode=495/249 iSteer=-6638 driveMode=343750/343931 iDrive=175286 scale=0 wheel=1000000
run=1 step=2 angle=163301 target=163828 err=527 steer=108 m1=6554/344344 i1=152 m2=-6536/-343156 i2=-191 steerMode=594/602 iSteer=-19294 driveMode=343750/344507 iDrive=171551 scale=0 wheel=1000000
run=1 step=2 angle=163389 target=163828 err=439 steer=40 m1=6545/343973 i1=165 m2=-6538/-343527 i2=-178 steerMode=223/-24 iSteer=-6655 driveMode=343750/344295 iDrive=171745 scale=0 wheel=1000000
run=1 step=2 angle=163389 target=163828 err=439 steer=0 m1=6533/343750 i1=149 m2=-6529/-343750 i2=-195 steerMode=0/80 iSteer=-23129 driveMode=343750/344051 iDrive=172129 scale=0 wheel=1000000
run=1 step=2 angle=163301 target=163828 err=527 steer=55 m1=6543/344053 i1=162 m2=-6529/-343448 i2=-180 steerMode=302/97 iSteer=-8662 driveMode=343750/344178 iDrive=170933 scale=0 wheel=1000000
run=1 step=2 angle=163477 target=163828 err=352 steer=0 m1=6524/343750 i1=136 m2=-6523/-343750 i2=-214 steerMode=0/399 iSteer=-38974 driveMode=343750/343320 iDrive=175112 scale=0 wheel=1000000
run=1 step=2 angle=163301 target=163828 err=527 steer=105 m1=6554/344330 i1=150 m2=-6511/-343170 i2=-198 steerMode=580/692 iSteer=-23902 driveMode=343750/343556 iDrive=174371 scale=0 wheel=1000000
run=1 step=2 angle=163389 target=163828 err=439 steer=0 m1=6520/343750 i1=165 m2=-6521/-343750 i2=-188 steerMode=0/-142 iSteer=-11377 driveMode=343750/343249 iDrive=176673 scale=0 wheel=1000000
run=1 step=2 angle=163389 target=163828 err=439 steer=60 m1=6537/344083 i1=160 m2=-6534/-343417 i2=-189 steerMode=333/256 iSteer=-14219 driveMode=343750/343811 iDrive=174477 scale=0 wheel=1000000
run=1 step=2 angle=163301 target=163828 err=527 steer=105 m1=6541/344330 i1=179 m2=-6536/-343170 i2=-167 steerMode=580/93 iSteer=6217 driveMode=343750/344071 iDrive=173253 scale=0 wheel=1000000
run=1 step=2 angle=163477 target=163828 err=352 steer=0 m1=6520/343750 i1=161 m2=-6527/-343750 i2=-185 steerMode=0/-118 iSteer=-12320 driveMode=343750/343966 iDrive=172999 scale=0 wheel=1000000
run=1 step=2 angle=163389 target=163828 err=439 steer=40 m1=6564/343973 i1=141 m2=-6517/-343527 i2=-204 steerMode=223/501 iSteer=-31953 driveMode=343750/344038 iDrive=172492 scale=0 wheel=1000000
run=1 step=2 angle=163301 target=163828 err=527 steer=105 m1=6533/344330 i1=163 m2=-6509/-343170 i2=-189 steerMode=580/477 iSteer=-12748 driveMode=343750/343335 iDrive=175901 scale=0 wheel=1000000
run=1 step=2 angle=163389 target=163828 err=439 steer=0 m1=6533/343750 i1=135 m2=-6527/-343750 i2=-214 steerMode=0/430 iSteer=-39795 driveMode=343750/343703 iDrive=174411 scale=0 wheel=1000000
run=1 step=2 angle=163301 target=163828 err=527 steer=105 m1=6547/344330 i1=188 m2=-6527/-343170 i2=-163 steerMode=580/-19 iSteer=12383 driveMode=343750/343582 iDrive=175445 scale=0 wheel=1000000
run=1 step=2 angle=163477 target=163828 err=352 steer=10 m1=6541/343808 i1=136 m2=-6540/-343692 i2=-212 steerMode=58/456 iSteer=-37822 driveMode=343750/343897 iDrive=173916 scale=0 wheel=1000000
run=1 step=2 angle=163301 target=163828 err=527 steer=5 m1=6554/343778 i1=157 m2=-6542/-343723 i2=-189 steerMode=28/-15 iSteer=-15817 driveMode=343750/344125 iDrive=172687 scale=0 wheel=1000000
run=1 step=2 angle=163477 target=163828 err=352 steer=0 m1=6518/343750 i1=154 m2=-6527/-343750 i2=-194 steerMode=0/41 iSteer=-19761 driveMode=343750/343684 iDrive=174254 scale=0 wheel=1000000
run=1 step=2 angle=163389 target=163828 err=439 steer=75 m1=6541/344165 i1=146 m2=-6519/-343335 i2=-202 steerMode=415/645 iSteer=-28381 driveMode=343750/343767 iDrive=174015 scale=0 wheel=1000000
run=1 step=2 angle=163301 target=163828 err=527 steer=5 m1=6533/343778 i1=164 m2=-6517/-343723 i2=-190 steerMode=28/-52 iSteer=-13350 driveMode=343750/343230 iDrive=176908 scale=0 wheel=1000000
run=1 step=2 angle=163301 target=163828 err=527 steer=105 m1=6549/344330 i1=151 m2=-6517/-343170 i2=-201 steerMode=580/739 iSteer=-24800 driveMode=343750/343525 iDrive=176210 scale=0 wheel=1000000
run=1 step=2 angle=163301 target=163828 err=527 steer=55 m1=6537/344053 i1=181 m2=-6542/-343448 i2=-171 steerMode=302/-144 iSteer=4989 driveMode=343750/343720 iDrive=175649 scale=0 wheel=1000000
run=1 step=2 angle=163389 target=163828 err=439 steer=0 m1=6535/343753 i1=138 m2=-6544/-343747 i2=-211 steerMode=3/386 iSteer=-36447 driveMode=343750/343961 iDrive=174287 scale=0 wheel=1000000
run=1 step=2 angle=163301 target=163828 err=527 steer=30 m1=6539/343915 i1=164 m2=-6542/-343585 i2=-184 steerMode=165/30 iSteer=-10403 driveMode=343750/343997 iDrive=173924 scale=0 wheel=1000000
run=1 step=2 angle=163389 target=163828 err=439 steer=0 m1=6543/343750 i1=131 m2=-6517/-343750 i2=-220 steerMode=0/535 iSteer=-44278 driveMode=343750/343609 iDrive=175520 scale=0 wheel=1000000
run=1 step=2 angle=163213 target=163828 err=615 steer=123 m1=6564/344427 i1=164 m2=-6515/-343073 i2=-187 steerMode=677/566 iSteer=-11348 driveMode=343750/343705 iDrive=175385 scale=0 wheel=1000000
run=1 step=2 angle=163564 target=163828 err=264 steer=0 m1=6526/343750 i1=169 m2=-6527/-343750 i2=-186 steerMode=0/-187 iSteer=-8138 driveMode=343750/343337 iDrive=177369 scale=0 wheel=1000000
run=1 step=2 angle=163477 target=163828 err=352 steer=85 m1=6541/344220 i1=166 m2=-6529/-343280 i2=-186 steerMode=470/324 iSteer=-10206 driveMode=343750/343708 iDrive=176081 scale=0 wheel=1000000
run=1 step=2 angle=163301 target=163828 err=527 steer=45 m1=6545/343998 i1=171 m2=-6555/-343503 i2=-180 steerMode=248/-21 iSteer=-4619 driveMode=343750/343823 iDrive=175776 scale=0 wheel=1000000
run=1 step=2 angle=163564 target=163828 err=264 steer=25 m1=6547/343890 i1=144 m2=-6548/-343610 i2=-205 steerMode=140/395 iSteer=-30539 driveMode=343750/343989 iDrive=174411 scale=0 wheel=1000000
run=1 step=2 angle=163301 target=163828 err=527 steer=100 m1=6549/344300 i1=181 m2=-6542/-343200 i2=-168 steerMode=550/70 iSteer=6427 driveMode=343750/343939 iDrive=174651 scale=0 wheel=1000000
run=1 step=2 angle=163301 target=163828 err=527 steer=105 m1=6537/344330 i1=168 m2=-6513/-343170 i2=-182 steerMode=580/379 iSteer=-7140 driveMode=343750/343708 iDrive=175239 scale=0 wheel=1000000
run=1 step=2 angle=163389 target=163828 err=439 steer=85 m1=6566/344220 i1=153 m2=-6536/-343280 i2=-197 steerMode=470/573 iSteer=-22257 driveMode=343750/343805 iDrive=174986 scale=0 wheel=1000000
run=1 step=2 angle=163477 target=163828 err=352 steer=0 m1=6549/343750 i1=171 m2=-6546/-343750 i2=-178 steerMode=0/-279 iSteer=-3222 driveMode=343750/343851 iDrive=174381 scale=0 wheel=1000000
run=1 step=2 angle=163301 target=163828 err=527 steer=40 m1=6558/343970 i1=141 m2=-6538/-343530 i2=-206 steerMode=220/515 iSteer=-32197 driveMode=343750/343929 iDrive=173649 scale=0 wheel=1000000
run=1 step=2 angle=163389 target=163828 err=439 steer=0 m1=6556/343750 i1=158 m2=-6540/-343750 i2=-190 steerMode=0/-34 iSteer=-15690 driveMode=343750/343835 iDrive=173963 scale=0 wheel=1000000
run=1 step=2 angle=163301 target=163828 err=527 steer=105 m1=6545/344330 i1=154 m2=-6529/-343170 i2=-190 steerMode=580/606 iSteer=-18253 driveMode=343750/344075 iDrive=172155 scale=0 wheel=1000000
run=1 step=2 angle=163389 target=163828 err=439 steer=0 m1=6539/343750 i1=158 m2=-6536/-343750 i2=-188 steerMode=0/-47 iSteer=-14887 driveMode=343750/343879 iDrive=173060 scale=0 wheel=1000000
run=1 step=2 angle=163389 target=163828 err=439 steer=0 m1=6524/343750 i1=147 m2=-6525/-343750 i2=-202 steerMode=0/212 iSteer=-27414 driveMode=343750/343544 iDrive=174407 scale=0 wheel=1000000
run=1 step=2 angle=163301 target=163828 err=527 steer=105 m1=6543/344330 i1=157 m2=-6523/-343170 i2=-192 steerMode=580/597 iSteer=-17553 driveMode=343750/343553 iDrive=174915 scale=0 wheel=1000000
run=1 step=2 angle=163389 target=163828 err=439 steer=0 m1=6537/343750 i1=160 m2=-6532/-343750 i2=-189 steerMode=0/-58 iSteer=-14587 driveMode=343750/343645 iDrive=174597 scale=0 wheel=1000000
run=1 step=2 angle=163301 target=163828 err=527 steer=95 m1=6545/344275 i1=144 m2=-6529/-343225 i2=-202 steerMode=525/767 iSteer=-29194 driveMode=343750/343863 iDrive=173248 scale=0 wheel=1000000
run=1 step=2 angle=163389 target=163828 err=439 steer=0 m1=6533/343750 i1=156 m2=-6546/-343750 i2=-190 steerMode=0/-6 iSteer=-17241 driveMode=343750/343878 iDrive=173049 scale=0 wheel=1000000
run=1 step=2 angle=163301 target=163828 err=527 steer=105 m1=6549/344330 i1=167 m2=-6542/-343170 i2=-172 steerMode=580/298 iSteer=-2623 driveMode=343750/344393 iDrive=169572 scale=0 wheel=1000000
run=1 step=2 angle=163389 target=163828 err=439 steer=0 m1=6547/343750 i1=144 m2=-6534/-343750 i2=-200 steerMode=0/215 iSteer=-27811 driveMode=343750/343822 iDrive=172058 scale=0 wheel=1000000
run=1 step=2 angle=163477 target=163828 err=352 steer=0 m1=6526/343750 i1=167 m2=-6538/-343750 i2=-180 steerMode=0/-208 iSteer=-6767 driveMode=343750/343486 iDrive=173601 scale=0 wheel=1000000
run=1 step=2 angle=163213 target=163828 err=615 steer=45 m1=6545/343998 i1=142 m2=-6527/-343503 i2=-205 steerMode=248/540 iSteer=-31688 driveMode=343750/343614 iDrive=173347 scale=0 wheel=1000000
run=1 step=2 angle=163389 target=163828 err=439 steer=0 m1=6535/343750 i1=150 m2=-6536/-343750 i2=-195 steerMode=0/103 iSteer=-22613 driveMode=343750/343773 iDrive=172456 scale=0 wheel=1000000
run=1 step=2 angle=163301 target=163828 err=527 steer=105 m1=6560/344330 i1=155 m2=-6521/-343170 i2=-186 steerMode=580/547 iSteer=-15423 driveMode=343750/344073 iDrive=170269 scale=0 wheel=1000000
run=1 step=2 angle=163301 target=163828 err=527 steer=5 m1=6537/343778 i1=158 m2=-6525/-343723 i2=-186 steerMode=28/-37 iSteer=-14006 driveMode=343750/343767 iDrive=171687 scale=0 wheel=1000000
run=1 step=2 angle=163389 target=163828 err=439 steer=40 m1=6524/343973 i1=149 m2=-6527/-343527 i2=-195 steerMode=223/331 iSteer=-22722 driveMode=343750/343654 iDrive=171992 scale=0 wheel=1000000
run=1 step=2 angle=163301 target=163828 err=527 steer=105 m1=6526/344330 i1=180 m2=-6532/-343170 i2=-168 steerMode=580/111 iSteer=6097 driveMode=343750/343377 iDrive=174225 scale=0 wheel=1000000
STEP_OK: step=2 target=1000 cmd=1000000 measured=999221 angleErr=264
STEP_START: step=3 target=1200
run=1 step=3 angle=163477 target=163828 err=352 steer=0 m1=6528/619 i1=-562 m2=-6532/-619 i2=566 steerMode=0/-34 iSteer=1691 driveMode=619/109885 iDrive=-564142 scale=0 wheel=1800
run=1 step=3 angle=163740 target=163828 err=88 steer=0 m1=4930/7150 i1=-1976 m2=-4839/-7150 i2=1770 steerMode=0/2023 iSteer=-103288 driveMode=7150/276716 iDrive=-1873196 scale=0 wheel=20800
run=1 step=3 angle=164092 target=163828 err=-264 steer=0 m1=2653/13613 i1=-1708 m2=-2643/-13613 i2=1625 steerMode=0/725 iSteer=-41844 driveMode=13613/163002 iDrive=-1666628 scale=0 wheel=39600
run=1 step=3 angle=164268 target=163828 err=-439 steer=0 m1=562/20075 i1=-1283 m2=-490/-20075 i2=1171 steerMode=0/969 iSteer=-55836 driveMode=20075/49090 iDrive=-1227132 scale=0 wheel=58400
run=1 step=3 angle=164531 target=163828 err=-703 steer=-141 m1=-708/25764 i1=-758 m2=581/-27311 i2=814 steerMode=-773/-1527 iSteer=27919 driveMode=26537/-25805 iDrive=-786007 scale=0 wheel=77200
run=1 step=3 angle=164531 target=163828 err=-703 steer=-141 m1=-1202/32158 i1=-419 m2=1138/-33705 i2=498 steerMode=-773/-1686 iSteer=39612 driveMode=32931/-57355 iDrive=-458819 scale=0 wheel=95800
run=1 step=3 angle=164268 target=163828 err=-439 steer=0 m1=-1313/39325 i1=-183 m2=1345/-39325 i2=186 steerMode=0/-127 iSteer=1631 driveMode=39325/-68484 iDrive=-184277 scale=0 wheel=114399
run=1 step=3 angle=164092 target=163828 err=-264 steer=0 m1=-1193/45787 i1=35 m2=1150/-45787 i2=-30 steerMode=0/-142 iSteer=2417 driveMode=45787/-64000 iDrive=32242 scale=0 wheel=133199
run=1 step=3 angle=164004 target=163828 err=-176 steer=0 m1=-852/52250 i1=203 m2=924/-52250 i2=-185 steerMode=0/-256 iSteer=8928 driveMode=52250/-49794 iDrive=193816 scale=0 wheel=151999
run=1 step=3 angle=164004 target=163828 err=-176 steer=0 m1=-457/58712 i1=327 m2=380/-58712 i2=-247 steerMode=0/-840 iSteer=39872 driveMode=58712/-26685 iDrive=287284 scale=0 wheel=170799
run=1 step=3 angle=163916 target=163828 err=-88 steer=0 m1=75/65174 i1=361 m2=-47/-65174 i2=-281 steerMode=0/-812 iSteer=40244 driveMode=65174/772 iDrive=321235 scale=0 wheel=189598
run=1 step=3 angle=163916 target=163828 err=-88 steer=0 m1=253/71706 i1=352 m2=-227/-71706 i2=-489 steerMode=0/1296 iSteer=-68237 driveMode=71706/11070 iDrive=420718 scale=0 wheel=208598
run=1 step=3 angle=163916 target=163828 err=-88 steer=0 m1=554/78168 i1=484 m2=-519/-78168 i2=-491 steerMode=0/-7 iSteer=-3567 driveMode=78168/25601 iDrive=487390 scale=0 wheel=227398
run=1 step=3 angle=163916 target=163828 err=-88 steer=0 m1=939/84630 i1=497 m2=-900/-84630 i2=-530 steerMode=0/244 iSteer=-16504 driveMode=84630/44239 iDrive=513561 scale=0 wheel=246198
run=1 step=3 angle=163916 target=163828 err=-88 steer=0 m1=1263/91093 i1=512 m2=-1275/-91093 i2=-511 steerMode=0/-104 iSteer=688 driveMode=91093/63755 iDrive=511484 scale=0 wheel=264998
run=1 step=3 angle=163828 target=163828 err=0 steer=0 m1=1621/97556 i1=494 m2=-1639/-97556 i2=-493 steerMode=0/-100 iSteer=504 driveMode=97556/81833 iDrive=493370 scale=0 wheel=283799
run=1 step=3 angle=163916 target=163828 err=-88 steer=0 m1=1904/104019 i1=418 m2=-1896/-104019 i2=-527 steerMode=0/985 iSteer=-54388 driveMode=104019/96735 iDrive=472307 scale=0 wheel=302600
run=1 step=3 angle=164004 target=163828 err=-176 steer=0 m1=2167/110482 i1=451 m2=-2212/-110482 i2=-418 steerMode=0/-452 iSteer=16520 driveMode=110482/111881 iDrive=434179 scale=0 wheel=321401
run=1 step=3 angle=164004 target=163828 err=-176 steer=0 m1=2429/116945 i1=360 m2=-2417/-116945 i2=-414 steerMode=0/418 iSteer=-26878 driveMode=116945/125832 iDrive=386687 scale=0 wheel=340202
run=1 step=3 angle=164092 target=163828 err=-264 steer=0 m1=2619/123407 i1=335 m2=-2616/-123407 i2=-357 steerMode=0/85 iSteer=-11078 driveMode=123407/136287 iDrive=345762 scale=0 wheel=359003
run=1 step=3 angle=164180 target=163828 err=-352 steer=0 m1=2749/129870 i1=323 m2=-2784/-129870 i2=-300 steerMode=0/-363 iSteer=11430 driveMode=129870/144362 iDrive=311361 scale=0 wheel=377804
run=1 step=3 angle=164268 target=163828 err=-439 steer=0 m1=2862/136333 i1=266 m2=-2823/-136333 i2=-324 steerMode=0/446 iSteer=-28968 driveMode=136333/149109 iDrive=294636 scale=0 wheel=396605
run=1 step=3 angle=164180 target=163828 err=-352 steer=0 m1=2971/142796 i1=266 m2=-2964/-142796 i2=-279 steerMode=0/-18 iSteer=-6254 driveMode=142796/155255 iDrive=272256 scale=0 wheel=415406
run=1 step=3 angle=164180 target=163828 err=-352 steer=0 m1=3061/149259 i1=238 m2=-3049/-149259 i2=-290 steerMode=0/363 iSteer=-26414 driveMode=149259/159137 iDrive=263960 scale=0 wheel=434207
run=1 step=3 angle=164180 target=163828 err=-352 steer=0 m1=3094/155722 i1=267 m2=-3112/-155722 i2=-251 steerMode=0/-319 iSteer=8146 driveMode=155722/163235 iDrive=259314 scale=0 wheel=453008
run=1 step=3 angle=164180 target=163828 err=-352 steer=0 m1=3174/162184 i1=246 m2=-3150/-162184 i2=-293 steerMode=0/305 iSteer=-23742 driveMode=162184/165723 iDrive=269317 scale=0 wheel=471809
run=1 step=3 angle=164180 target=163828 err=-352 steer=0 m1=3258/168647 i1=272 m2=-3255/-168647 i2=-277 steerMode=0/-127 iSteer=-2458 driveMode=168647/170261 iDrive=274388 scale=0 wheel=490610
run=1 step=3 angle=164180 target=163828 err=-352 steer=0 m1=3354/175110 i1=261 m2=-3347/-175110 i2=-300 steerMode=0/210 iSteer=-19862 driveMode=175110/175220 iDrive=280594 scale=0 wheel=509411
run=1 step=3 angle=164355 target=163828 err=-527 steer=-5 m1=3442/181546 i1=272 m2=-3428/-181601 i2=-312 steerMode=-28/191 iSteer=-19960 driveMode=181573/179733 iDrive=291648 scale=0 wheel=528212
run=1 step=3 angle=164180 target=163828 err=-352 steer=0 m1=3567/187967 i1=287 m2=-3564/-187967 i2=-303 steerMode=0/-30 iSteer=-7935 driveMode=187967/186211 iDrive=294827 scale=0 wheel=546813
run=1 step=3 angle=164180 target=163828 err=-352 steer=0 m1=3662/194430 i1=282 m2=-3681/-194430 i2=-321 steerMode=0/185 iSteer=-19571 driveMode=194430/192048 iDrive=301695 scale=0 wheel=565614
run=1 step=3 angle=164180 target=163828 err=-352 steer=0 m1=3804/200893 i1=292 m2=-3803/-200893 i2=-318 steerMode=0/62 iSteer=-12705 driveMode=200893/198655 iDrive=305002 scale=0 wheel=584415
run=1 step=3 angle=164268 target=163828 err=-439 steer=0 m1=3936/207356 i1=296 m2=-3910/-207356 i2=-318 steerMode=0/18 iSteer=-11321 driveMode=207356/205528 iDrive=306949 scale=0 wheel=603217
run=1 step=3 angle=163916 target=163828 err=-88 steer=0 m1=4072/213819 i1=287 m2=-4075/-213819 i2=-322 steerMode=0/135 iSteer=-17410 driveMode=213819/212964 iDrive=304616 scale=0 wheel=622018
run=1 step=3 angle=164092 target=163828 err=-264 steer=0 m1=4191/220281 i1=280 m2=-4167/-220281 i2=-335 steerMode=0/340 iSteer=-27277 driveMode=220281/219092 iDrive=307576 scale=0 wheel=640819
run=1 step=3 angle=164004 target=163828 err=-176 steer=0 m1=4321/226744 i1=293 m2=-4326/-226744 i2=-314 steerMode=0/-1 iSteer=-10600 driveMode=226744/226603 iDrive=303733 scale=0 wheel=659620
run=1 step=3 angle=164355 target=163828 err=-527 steer=-50 m1=4461/232932 i1=282 m2=-4464/-233482 i2=-321 steerMode=-275/-119 iSteer=-19455 driveMode=233207/233550 iDrive=301350 scale=0 wheel=678421
run=1 step=3 angle=164092 target=163828 err=-264 steer=0 m1=4584/239601 i1=295 m2=-4585/-239601 i2=-308 steerMode=0/-98 iSteer=-6538 driveMode=239601/239835 iDrive=301377 scale=0 wheel=697022
run=1 step=3 angle=163916 target=163828 err=-88 steer=0 m1=4727/246064 i1=273 m2=-4711/-246064 i2=-322 steerMode=0/250 iSteer=-24591 driveMode=246064/246852 iDrive=297784 scale=0 wheel=715823
run=1 step=3 angle=164004 target=163828 err=-176 steer=0 m1=4833/252527 i1=276 m2=-4807/-252527 i2=-316 steerMode=0/167 iSteer=-20272 driveMode=252527/253288 iDrive=295849 scale=0 wheel=734624
run=1 step=3 angle=163828 target=163828 err=0 steer=0 m1=4976/258990 i1=266 m2=-4956/-258990 i2=-315 steerMode=0/231 iSteer=-24172 driveMode=258990/260451 iDrive=290402 scale=0 wheel=753425
run=1 step=3 angle=164092 target=163828 err=-264 steer=0 m1=5078/265453 i1=294 m2=-5094/-265453 i2=-283 steerMode=0/-364 iSteer=5153 driveMode=265453/266735 iDrive=288420 scale=0 wheel=772226
run=1 step=3 angle=163916 target=163828 err=-88 steer=0 m1=5231/271915 i1=257 m2=-5205/-271915 i2=-316 steerMode=0/327 iSteer=-29383 driveMode=271915/273177 iDrive=286504 scale=0 wheel=791027
run=1 step=3 angle=163828 target=163828 err=0 steer=0 m1=5334/278378 i1=264 m2=-5345/-278378 i2=-300 steerMode=0/85 iSteer=-17841 driveMode=278378/280001 iDrive=281919 scale=0 wheel=809828
run=1 step=3 angle=163828 target=163828 err=0 steer=0 m1=5440/284841 i1=272 m2=-5460/-284841 i2=-302 steerMode=0/29 iSteer=-15099 driveMode=284841/285104 iDrive=287134 scale=0 wheel=828629
run=1 step=3 angle=163740 target=163828 err=88 steer=0 m1=5572/291304 i1=256 m2=-5569/-291304 i2=-316 steerMode=0/321 iSteer=-30055 driveMode=291304/291565 iDrive=286417 scale=0 wheel=847430
run=1 step=3 angle=163564 target=163828 err=264 steer=0 m1=5681/297767 i1=280 m2=-5690/-297767 i2=-295 steerMode=0/-116 iSteer=-7591 driveMode=297767/297838 iDrive=287145 scale=0 wheel=866231
run=1 step=3 angle=163477 target=163828 err=352 steer=0 m1=5823/304230 i1=272 m2=-5814/-304230 i2=-297 steerMode=0/-20 iSteer=-12500 driveMode=304230/304730 iDrive=284579 scale=0 wheel=885032
run=1 step=3 angle=163477 target=163828 err=352 steer=0 m1=5940/310693 i1=261 m2=-5950/-310693 i2=-309 steerMode=0/208 iSteer=-23874 driveMode=310693/311016 iDrive=284823 scale=0 wheel=903833
run=1 step=3 angle=163389 target=163828 err=439 steer=85 m1=6074/317626 i1=275 m2=-6044/-316685 i2=-286 steerMode=470/322 iSteer=-5520 driveMode=317155/318117 iDrive=280092 scale=0 wheel=922634
run=1 step=3 angle=163389 target=163828 err=439 steer=0 m1=6175/323618 i1=274 m2=-6188/-323618 i2=-288 steerMode=0/-120 iSteer=-7217 driveMode=323618/324148 iDrive=281192 scale=0 wheel=941435
run=1 step=3 angle=163389 target=163828 err=439 steer=75 m1=6294/330496 i1=285 m2=-6283/-329666 i2=-279 steerMode=415/95 iSteer=2823 driveMode=330081/330292 iDrive=282077 scale=0 wheel=960236
run=1 step=3 angle=163301 target=163828 err=527 steer=45 m1=6422/336791 i1=278 m2=-6408/-336296 i2=-292 steerMode=248/116 iSteer=-6961 driveMode=336544/336369 iDrive=284541 scale=0 wheel=979037
run=1 step=3 angle=163564 target=163828 err=264 steer=0 m1=6533/343007 i1=267 m2=-6540/-343007 i2=-302 steerMode=0/87 iSteer=-17789 driveMode=343007/342874 iDrive=284520 scale=0 wheel=997838
run=1 step=3 angle=163213 target=163828 err=615 steer=110 m1=6679/350077 i1=256 m2=-6640/-348862 i2=-311 steerMode=608/894 iSteer=-27329 driveMode=349470/349591 iDrive=283320 scale=0 wheel=1016639
run=1 step=3 angle=163477 target=163828 err=352 steer=0 m1=6784/355863 i1=277 m2=-6791/-355863 i2=-291 steerMode=0/-138 iSteer=-6943 driveMode=355863/355774 iDrive=284196 scale=0 wheel=1035237
run=1 step=3 angle=163213 target=163828 err=615 steer=123 m1=6922/363000 i1=279 m2=-6915/-361647 i2=-282 steerMode=677/448 iSteer=-1833 driveMode=362324/362822 iDrive=280624 scale=0 wheel=1054033
run=1 step=3 angle=163301 target=163828 err=527 steer=105 m1=7045/369296 i1=290 m2=-7042/-368136 i2=-275 steerMode=580/163 iSteer=7667 driveMode=368716/368859 iDrive=282234 scale=0 wheel=1072628
run=1 step=3 angle=163564 target=163828 err=264 steer=0 m1=7137/375108 i1=274 m2=-7130/-375108 i2=-295 steerMode=0/-59 iSteer=-10512 driveMode=375108/374824 iDrive=284197 scale=0 wheel=1091224
run=1 step=3 angle=163213 target=163828 err=615 steer=65 m1=7280/381927 i1=271 m2=-7266/-381212 i2=-300 steerMode=358/374 iSteer=-14671 driveMode=381569/381166 iDrive=285720 scale=0 wheel=1110020
run=1 step=3 angle=163213 target=163828 err=615 steer=110 m1=7395/388567 i1=280 m2=-7367/-387357 i2=-292 steerMode=605/448 iSteer=-6223 driveMode=387962/387568 iDrive=286174 scale=0 wheel=1128616
run=1 step=3 angle=163477 target=163828 err=352 steer=0 m1=7527/394354 i1=260 m2=-7523/-394354 i2=-312 steerMode=0/224 iSteer=-25824 driveMode=394354/394045 iDrive=286235 scale=0 wheel=1147212
run=1 step=3 angle=163389 target=163828 err=439 steer=0 m1=7633/400815 i1=261 m2=-7607/-400815 i2=-316 steerMode=0/262 iSteer=-27520 driveMode=400815/400253 iDrive=288228 scale=0 wheel=1166008
run=1 step=3 angle=163389 target=163828 err=439 steer=75 m1=7755/407691 i1=263 m2=-7733/-406861 i2=-322 steerMode=415/721 iSteer=-29490 driveMode=407276/406165 iDrive=292122 scale=0 wheel=1184804
run=1 step=3 angle=163477 target=163828 err=352 steer=0 m1=7874/412500 i1=260 m2=-7860/-412500 i2=-315 steerMode=0/261 iSteer=-27498 driveMode=412500/412589 iDrive=287684 scale=0 wheel=1200000
run=1 step=3 angle=163301 target=163828 err=527 steer=80 m1=7972/412943 i1=231 m2=-7955/-412057 i2=-278 steerMode=443/631 iSteer=-23523 driveMode=412500/418059 iDrive=254612 scale=0 wheel=1200000
run=1 step=3 angle=163389 target=163828 err=439 steer=0 m1=8027/412500 i1=213 m2=-8024/-412500 i2=-236 steerMode=0/-58 iSteer=-11582 driveMode=412500/421411 iDrive=224119 scale=0 wheel=1200000
run=1 step=3 angle=163301 target=163828 err=527 steer=5 m1=8025/412528 i1=163 m2=-8024/-412473 i2=-234 steerMode=28/439 iSteer=-35399 driveMode=412500/422758 iDrive=198696 scale=0 wheel=1200000
run=1 step=3 angle=163389 target=163828 err=439 steer=0 m1=8046/412500 i1=133 m2=-8045/-412500 i2=-221 steerMode=0/593 iSteer=-44267 driveMode=412500/423147 iDrive=176976 scale=0 wheel=1200000
run=1 step=3 angle=163213 target=163828 err=615 steer=25 m1=8016/412638 i1=147 m2=-7998/-412363 i2=-186 steerMode=138/225 iSteer=-19459 driveMode=412500/421483 iDrive=166912 scale=0 wheel=1200000
run=1 step=3 angle=163389 target=163828 err=439 steer=0 m1=7985/412500 i1=123 m2=-7963/-412500 i2=-196 steerMode=0/426 iSteer=-36572 driveMode=412500/419953 iDrive=159128 scale=0 wheel=1200000
run=1 step=3 angle=163389 target=163828 err=439 steer=0 m1=7958/412500 i1=123 m2=-7950/-412500 i2=-185 steerMode=0/299 iSteer=-30965 driveMode=412500/418377 iDrive=154329 scale=0 wheel=1200000
run=1 step=3 angle=163213 target=163828 err=615 steer=90 m1=7908/412995 i1=153 m2=-7888/-412005 i2=-156 steerMode=495/198 iSteer=-1328 driveMode=412500/416487 iDrive=154688 scale=0 wheel=1200000
run=1 step=3 angle=163301 target=163828 err=527 steer=45 m1=7866/412748 i1=133 m2=-7858/-412253 i2=-187 steerMode=248/452 iSteer=-26930 driveMode=412500/414329 iDrive=160076 scale=0 wheel=1200000
run=1 step=3 angle=163389 target=163828 err=439 steer=0 m1=7845/412500 i1=138 m2=-7854/-412500 i2=-188 steerMode=0/161 iSteer=-24971 driveMode=412500/413299 iDrive=162781 scale=0 wheel=1200000
run=1 step=3 angle=163213 target=163828 err=615 steer=123 m1=7853/413177 i1=140 m2=-7814/-411823 i2=-199 steerMode=677/928 iSteer=-29656 driveMode=412500/411959 iDrive=169468 scale=0 wheel=1200000
run=1 step=3 angle=163301 target=163828 err=527 steer=40 m1=7824/412720 i1=154 m2=-7816/-412280 i2=-198 steerMode=220/290 iSteer=-21735 driveMode=412500/411059 iDrive=175987 scale=0 wheel=1200000
run=1 step=3 angle=163389 target=163828 err=439 steer=0 m1=7801/412500 i1=167 m2=-7802/-412500 i2=-194 steerMode=0/-90 iSteer=-13757 driveMode=412500/410755 iDrive=180496 scale=0 wheel=1200000
run=1 step=3 angle=163213 target=163828 err=615 steer=95 m1=7815/413025 i1=153 m2=-7775/-411975 i2=-215 steerMode=525/788 iSteer=-31220 driveMode=412500/410770 iDrive=184066 scale=0 wheel=1200000
run=1 step=3 angle=163301 target=163828 err=527 steer=105 m1=7797/413080 i1=194 m2=-7777/-411920 i2=-188 steerMode=580/155 iSteer=3038 driveMode=412500/410239 iDrive=190735 scale=0 wheel=1200000
run=1 step=3 angle=163477 target=163828 err=352 steer=0 m1=7797/412500 i1=166 m2=-7793/-412500 i2=-220 steerMode=0/172 iSteer=-27114 driveMode=412500/410529 iDrive=193157 scale=0 wheel=1200000
run=1 step=3 angle=163301 target=163828 err=527 steer=95 m1=7826/413025 i1=173 m2=-7816/-411975 i2=-215 steerMode=525/578 iSteer=-21122 driveMode=412500/411019 iDrive=193892 scale=0 wheel=1200000
run=1 step=3 angle=163301 target=163828 err=527 steer=45 m1=7826/412748 i1=191 m2=-7833/-412253 i2=-198 steerMode=248/-52 iSteer=-3808 driveMode=412500/411374 iDrive=194574 scale=0 wheel=1200000
run=1 step=3 angle=163301 target=163828 err=527 steer=45 m1=7828/412750 i1=161 m2=-7819/-412250 i2=-230 steerMode=250/561 iSteer=-34332 driveMode=412500/411495 iDrive=195586 scale=0 wheel=1200000
run=1 step=3 angle=163389 target=163828 err=439 steer=90 m1=7851/412998 i1=167 m2=-7823/-412002 i2=-220 steerMode=498/668 iSteer=-26796 driveMode=412500/412144 iDrive=193556 scale=0 wheel=1200000
run=1 step=3 angle=163213 target=163828 err=615 steer=115 m1=7845/413133 i1=192 m2=-7804/-411868 i2=-198 steerMode=633/323 iSteer=-2836 driveMode=412500/412063 iDrive=194979 scale=0 wheel=1200000
run=1 step=3 angle=163477 target=163828 err=352 steer=0 m1=7838/412500 i1=164 m2=-7835/-412500 i2=-223 steerMode=0/217 iSteer=-29493 driveMode=412500/412408 iDrive=193702 scale=0 wheel=1200000
run=1 step=3 angle=163301 target=163828 err=527 steer=20 m1=7855/412613 i1=148 m2=-7850/-412387 i2=-234 steerMode=113/600 iSteer=-42771 driveMode=412500/412839 iDrive=191209 scale=0 wheel=1200000
run=1 step=3 angle=163389 target=163828 err=439 steer=0 m1=7853/412500 i1=169 m2=-7846/-412500 i2=-212 steerMode=0/54 iSteer=-21601 driveMode=412500/412921 iDrive=190266 scale=0 wheel=1200000
run=1 step=3 angle=163389 target=163828 err=439 steer=0 m1=7853/412500 i1=149 m2=-7833/-412500 i2=-230 steerMode=0/440 iSteer=-40902 driveMode=412500/412899 iDrive=189421 scale=0 wheel=1200000
run=1 step=3 angle=163564 target=163828 err=264 steer=0 m1=7845/412500 i1=156 m2=-7860/-412500 i2=-216 steerMode=0/212 iSteer=-29780 driveMode=412500/413368 iDrive=185806 scale=0 wheel=1200000
run=1 step=3 angle=163213 target=163828 err=615 steer=40 m1=7861/412723 i1=148 m2=-7816/-412277 i2=-226 steerMode=223/610 iSteer=-39034 driveMode=412500/412901 iDrive=187138 scale=0 wheel=1200000
run=1 step=3 angle=163301 target=163828 err=527 steer=10 m1=7859/412555 i1=161 m2=-7858/-412445 i2=-212 steerMode=55/169 iSteer=-25717 driveMode=412500/412874 iDrive=186500 scale=0 wheel=1200000
run=1 step=3 angle=163389 target=163828 err=439 steer=0 m1=7851/412500 i1=149 m2=-7852/-412500 i2=-223 steerMode=0/345 iSteer=-37375 driveMode=412500/412834 iDrive=185876 scale=0 wheel=1200000
run=1 step=3 angle=163213 target=163828 err=615 steer=60 m1=7868/412830 i1=161 m2=-7837/-412170 i2=-209 steerMode=330/410 iSteer=-23949 driveMode=412500/412961 iDrive=184744 scale=0 wheel=1200000
run=1 step=3 angle=163213 target=163828 err=615 steer=123 m1=7838/413177 i1=178 m2=-7827/-411823 i2=-197 steerMode=677/473 iSteer=-9737 driveMode=412500/412406 iDrive=187337 scale=0 wheel=1200000
run=1 step=3 angle=163564 target=163828 err=264 steer=0 m1=7843/412500 i1=159 m2=-7839/-412500 i2=-214 steerMode=0/142 iSteer=-27293 driveMode=412500/412574 iDrive=186341 scale=0 wheel=1200000
run=1 step=3 angle=163213 target=163828 err=615 steer=110 m1=7874/413108 i1=160 m2=-7844/-411892 i2=-213 steerMode=608/735 iSteer=-26526 driveMode=412500/412574 iDrive=186206 scale=0 wheel=1200000
run=1 step=3 angle=163301 target=163828 err=527 steer=25 m1=7836/412638 i1=177 m2=-7835/-412363 i2=-195 steerMode=138/-98 iSteer=-8738 driveMode=412500/412560 iDrive=186221 scale=0 wheel=1200000
run=1 step=3 angle=163301 target=163828 err=527 steer=75 m1=7843/412915 i1=157 m2=-7808/-412085 i2=-218 steerMode=415/624 iSteer=-30629 driveMode=412500/412273 iDrive=187541 scale=0 wheel=1200000
run=1 step=3 angle=163389 target=163828 err=439 steer=25 m1=7832/412640 i1=145 m2=-7833/-412360 i2=-231 steerMode=140/595 iSteer=-43083 driveMode=412500/412354 iDrive=187699 scale=0 wheel=1200000
run=1 step=3 angle=163213 target=163828 err=615 steer=85 m1=7828/412968 i1=195 m2=-7833/-412033 i2=-189 steerMode=468/3 iSteer=2865 driveMode=412500/411681 iDrive=192362 scale=0 wheel=1200000
run=1 step=3 angle=163389 target=163828 err=439 steer=0 m1=7834/412500 i1=159 m2=-7842/-412500 i2=-226 steerMode=0/257 iSteer=-33372 driveMode=412500/411859 iDrive=192698 scale=0 wheel=1200000
run=1 step=3 angle=163301 target=163828 err=527 steer=50 m1=7838/412778 i1=161 m2=-7846/-412222 i2=-221 steerMode=278/475 iSteer=-30122 driveMode=412500/412346 iDrive=190789 scale=0 wheel=1200000
run=1 step=3 angle=163301 target=163828 err=527 steer=100 m1=7861/413053 i1=174 m2=-7819/-411947 i2=-206 steerMode=553/467 iSteer=-16044 driveMode=412500/412583 iDrive=189920 scale=0 wheel=1200000
run=1 step=3 angle=163301 target=163828 err=527 steer=20 m1=7830/412610 i1=176 m2=-7835/-412390 i2=-205 steerMode=110/-10 iSteer=-14806 driveMode=412500/412452 iDrive=190317 scale=0 wheel=1200000
run=1 step=3 angle=163564 target=163828 err=264 steer=0 m1=7838/412500 i1=150 m2=-7858/-412500 i2=-227 steerMode=0/351 iSteer=-38523 driveMode=412500/412703 iDrive=188854 scale=0 wheel=1200000
run=1 step=3 angle=163301 target=163828 err=527 steer=10 m1=7859/412558 i1=144 m2=-7823/-412442 i2=-239 steerMode=58/590 iSteer=-47503 driveMode=412500/412205 iDrive=191475 scale=0 wheel=1200000
run=1 step=3 angle=163301 target=163828 err=527 steer=20 m1=7845/412610 i1=161 m2=-7837/-412390 i2=-221 steerMode=110/277 iSteer=-29771 driveMode=412500/412391 iDrive=190870 scale=0 wheel=1200000
run=1 step=3 angle=163389 target=163828 err=439 steer=0 m1=7841/412500 i1=151 m2=-7848/-412500 i2=-227 steerMode=0/338 iSteer=-38174 driveMode=412500/412714 iDrive=189021 scale=0 wheel=1200000
run=1 step=3 angle=163213 target=163828 err=615 steer=123 m1=7857/413177 i1=176 m2=-7829/-411823 i2=-202 steerMode=677/522 iSteer=-13021 driveMode=412500/412755 iDrive=188685 scale=0 wheel=1200000
run=1 step=3 angle=163213 target=163828 err=615 steer=40 m1=7843/412720 i1=167 m2=-7823/-412280 i2=-214 steerMode=220/268 iSteer=-23732 driveMode=412500/412389 iDrive=190397 scale=0 wheel=1200000
run=1 step=3 angle=163389 target=163828 err=439 steer=0 m1=7834/412500 i1=156 m2=-7831/-412500 i2=-224 steerMode=0/250 iSteer=-33811 driveMode=412500/412483 iDrive=189856 scale=0 wheel=1200000
run=1 step=3 angle=163213 target=163828 err=615 steer=65 m1=7866/412860 i1=155 m2=-7837/-412140 i2=-223 steerMode=360/612 iSteer=-33812 driveMode=412500/412674 iDrive=188882 scale=0 wheel=1200000
run=1 step=3 angle=163301 target=163828 err=527 steer=65 m1=7843/412858 i1=171 m2=-7848/-412143 i2=-205 steerMode=358/263 iSteer=-16762 driveMode=412500/412758 iDrive=188229 scale=0 wheel=1200000
run=1 step=3 angle=163389 target=163828 err=439 steer=0 m1=7836/412500 i1=149 m2=-7823/-412500 i2=-228 steerMode=0/371 iSteer=-39811 driveMode=412500/412547 iDrive=188527 scale=0 wheel=1200000
run=1 step=3 angle=163389 target=163828 err=439 steer=0 m1=7838/412500 i1=138 m2=-7827/-412500 i2=-238 steerMode=0/577 iSteer=-50035 driveMode=412500/412719 iDrive=187544 scale=0 wheel=1200000
run=1 step=3 angle=163213 target=163828 err=615 steer=123 m1=7851/413177 i1=188 m2=-7835/-411823 i2=-193 steerMode=677/299 iSteer=-2513 driveMode=412500/412284 iDrive=190179 scale=0 wheel=1200000
run=1 step=3 angle=163477 target=163828 err=352 steer=0 m1=7847/412500 i1=153 m2=-7842/-412500 i2=-229 steerMode=0/318 iSteer=-37830 driveMode=412500/412212 iDrive=190746 scale=0 wheel=1200000
run=1 step=3 angle=163301 target=163828 err=527 steer=90 m1=7853/412998 i1=169 m2=-7829/-412002 i2=-210 steerMode=498/475 iSteer=-20524 driveMode=412500/412482 iDrive=189497 scale=0 wheel=1200000
run=1 step=3 angle=163213 target=163828 err=615 steer=90 m1=7853/412995 i1=180 m2=-7816/-412005 i2=-200 steerMode=495/261 iSteer=-9964 driveMode=412500/412538 iDrive=189629 scale=0 wheel=1200000
run=1 step=3 angle=163301 target=163828 err=527 steer=10 m1=7824/412555 i1=161 m2=-7842/-412445 i2=-221 steerMode=55/212 iSteer=-29739 driveMode=412500/412222 iDrive=191202 scale=0 wheel=1200000
run=1 step=3 angle=163477 target=163828 err=352 steer=0 m1=7834/412500 i1=150 m2=-7844/-412500 i2=-230 steerMode=0/360 iSteer=-39879 driveMode=412500/412497 iDrive=189897 scale=0 wheel=1200000
run=1 step=3 angle=163213 target=163828 err=615 steer=123 m1=7855/413177 i1=172 m2=-7827/-411823 i2=-210 steerMode=677/617 iSteer=-18696 driveMode=412500/412391 iDrive=190817 scale=0 wheel=1200000
run=1 step=3 angle=163301 target=163828 err=527 steer=5 m1=7864/412528 i1=153 m2=-7856/-412473 i2=-223 steerMode=28/285 iSteer=-34921 driveMode=412500/412902 iDrive=187866 scale=0 wheel=1200000
run=1 step=3 angle=163389 target=163828 err=439 steer=0 m1=7855/412500 i1=150 m2=-7848/-412500 i2=-222 steerMode=0/287 iSteer=-36240 driveMode=412500/413064 iDrive=185950 scale=0 wheel=1200000
run=1 step=3 angle=163301 target=163828 err=527 steer=80 m1=7868/412943 i1=154 m2=-7825/-412057 i2=-216 steerMode=443/636 iSteer=-31303 driveMode=412500/413080 iDrive=184962 scale=0 wheel=1200000
run=1 step=3 angle=163213 target=163828 err=615 steer=35 m1=7847/412693 i1=163 m2=-7833/-412308 i2=-213 steerMode=193/257 iSteer=-25010 driveMode=412500/412446 iDrive=187684 scale=0 wheel=1200000
run=1 step=3 angle=163389 target=163828 err=439 steer=0 m1=7841/412500 i1=151 m2=-7837/-412500 i2=-224 steerMode=0/300 iSteer=-36687 driveMode=412500/412473 iDrive=187465 scale=0 wheel=1200000
run=1 step=3 angle=163301 target=163828 err=527 steer=40 m1=7853/412723 i1=134 m2=-7823/-412277 i2=-242 steerMode=223/869 iSteer=-54225 driveMode=412500/412327 iDrive=188266 scale=0 wheel=1200000
STEP_OK: step=3 target=1200 cmd=1200000 measured=1198985 angleErr=527
STEP_START: step=4 target=1400
run=1 step=4 angle=163213 target=163828 err=615 steer=50 m1=7847/963 i1=-731 m2=-7827/-413 i2=762 steerMode=275/-31 iSteer=15385 driveMode=688/145185 iDrive=-746761 scale=0 wheel=2000
run=1 step=4 angle=163652 target=163828 err=176 steer=0 m1=6114/7150 i1=-2000 m2=-6038/-7150 i2=1764 steerMode=0/2396 iSteer=-117851 driveMode=7150/338409 iDrive=-1882149 scale=1 wheel=20800
run=1 step=4 angle=164092 target=163828 err=-264 steer=0 m1=3798/13613 i1=-1818 m2=-3765/-13613 i2=1687 steerMode=0/1245 iSteer=-65494 driveMode=13613/224621 iDrive=-1752060 scale=0 wheel=39600
run=1 step=4 angle=164619 target=163828 err=-791 steer=-158 m1=1582/19205 i1=-1465 m2=-1576/-20945 i2=1337 steerMode=-870/251 iSteer=-63902 driveMode=20075/106024 iDrive=-1401353 scale=0 wheel=58400
run=1 step=4 angle=164619 target=163828 err=-791 steer=-158 m1=-126/25599 i1=-951 m2=75/-27339 i2=923 steerMode=-870/-791 iSteer=-13980 driveMode=26469/8417 iDrive=-936558 scale=0 wheel=77000
run=1 step=4 angle=164619 target=163828 err=-791 steer=-158 m1=-863/32061 i1=-558 m2=830/-33801 i2=599 steerMode=-870/-1454 iSteer=20660 driveMode=32931/-38494 iDrive=-578311 scale=0 wheel=95800
run=1 step=4 angle=164355 target=163828 err=-527 steer=-108 m1=-1147/38731 i1=-274 m2=1115/-39919 i2=306 steerMode=-594/-1056 iSteer=15763 driveMode=39325/-57698 iDrive=-290133 scale=0 wheel=114399
run=1 step=4 angle=164180 target=163828 err=-352 steer=0 m1=-1110/45718 i1=-28 m2=1100/-45718 i2=86 steerMode=0/-698 iSteer=29227 driveMode=45718/-59757 iDrive=-56867 scale=0 wheel=132999
run=1 step=4 angle=164004 target=163828 err=-176 steer=0 m1=-852/52181 i1=141 m2=811/-52181 i2=-82 steerMode=0/-681 iSteer=29825 driveMode=52181/-48044 iDrive=111525 scale=0 wheel=151799
run=1 step=4 angle=163740 target=163828 err=88 steer=0 m1=-480/58643 i1=236 m2=416/-58643 i2=-198 steerMode=0/-419 iSteer=18713 driveMode=58643/-27572 iDrive=216991 scale=0 wheel=170599
run=1 step=4 angle=163652 target=163828 err=176 steer=0 m1=58/65106 i1=278 m2=-42/-65106 i2=-248 steerMode=0/-301 iSteer=14567 driveMode=65106/-1489 iDrive=262962 scale=0 wheel=189398
run=1 step=4 angle=163652 target=163828 err=176 steer=0 m1=213/71568 i1=335 m2=-243/-71568 i2=-385 steerMode=0/484 iSteer=-25102 driveMode=71568/9441 iDrive=359949 scale=0 wheel=208198
run=1 step=4 angle=163564 target=163828 err=264 steer=0 m1=475/78031 i1=382 m2=-402/-78031 i2=-521 steerMode=0/1323 iSteer=-69672 driveMode=78031/20197 iDrive=451391 scale=0 wheel=226998
run=1 step=4 angle=163564 target=163828 err=264 steer=0 m1=734/84493 i1=482 m2=-731/-84493 i2=-537 steerMode=0/438 iSteer=-27113 driveMode=84493/35196 iDrive=509479 scale=0 wheel=245798
run=1 step=4 angle=163740 target=163828 err=88 steer=0 m1=1083/90956 i1=533 m2=-1084/-90956 i2=-540 steerMode=0/-49 iSteer=-3693 driveMode=90956/52652 iDrive=536585 scale=0 wheel=264598
run=1 step=4 angle=163828 target=163828 err=0 steer=0 m1=1443/97418 i1=519 m2=-1447/-97418 i2=-550 steerMode=0/161 iSteer=-15311 driveMode=97418/71549 iDrive=534631 scale=0 wheel=283399
run=1 step=4 angle=163740 target=163828 err=88 steer=0 m1=1805/103881 i1=506 m2=-1852/-103881 i2=-503 steerMode=0/-178 iSteer=1615 driveMode=103881/91219 iDrive=504361 scale=0 wheel=302200
run=1 step=4 angle=163740 target=163828 err=88 steer=0 m1=2105/110344 i1=472 m2=-2118/-110344 i2=-461 steerMode=0/-238 iSteer=5681 driveMode=110344/107894 iDrive=466331 scale=0 wheel=321001
run=1 step=4 angle=163740 target=163828 err=88 steer=0 m1=2347/116807 i1=403 m2=-2311/-116807 i2=-466 steerMode=0/479 iSteer=-31350 driveMode=116807/120548 iDrive=434160 scale=0 wheel=339802
run=1 step=4 angle=163828 target=163828 err=0 steer=0 m1=2576/123270 i1=402 m2=-2570/-123270 i2=-379 steerMode=0/-379 iSteer=11372 driveMode=123270/133170 iDrive=390299 scale=0 wheel=358603
run=1 step=4 angle=163828 target=163828 err=0 steer=0 m1=2764/129733 i1=310 m2=-2780/-129733 i2=-382 steerMode=0/555 iSteer=-36164 driveMode=129733/143795 iDrive=346233 scale=0 wheel=377404
run=1 step=4 angle=163916 target=163828 err=-88 steer=0 m1=2923/136196 i1=306 m2=-2936/-136196 i2=-309 steerMode=0/-145 iSteer=-1537 driveMode=136196/152284 iDrive=307278 scale=0 wheel=396205
run=1 step=4 angle=164092 target=163828 err=-264 steer=0 m1=3023/142658 i1=259 m2=-2991/-142658 i2=-315 steerMode=0/386 iSteer=-28100 driveMode=142658/157063 iDrive=286688 scale=0 wheel=415006
run=1 step=4 angle=164004 target=163828 err=-176 steer=0 m1=3088/149121 i1=246 m2=-3089/-149121 i2=-285 steerMode=0/190 iSteer=-19020 driveMode=149121/162474 iDrive=265508 scale=0 wheel=433807
run=1 step=4 angle=164004 target=163828 err=-176 steer=0 m1=3164/155584 i1=214 m2=-3146/-155584 i2=-307 steerMode=0/724 iSteer=-46922 driveMode=155584/165552 iDrive=260449 scale=0 wheel=452608
run=1 step=4 angle=164180 target=163828 err=-352 steer=0 m1=3239/162047 i1=261 m2=-3240/-162047 i2=-254 steerMode=0/-282 iSteer=3801 driveMode=162047/169341 iDrive=257626 scale=0 wheel=471409
run=1 step=4 angle=164268 target=163828 err=-439 steer=0 m1=3281/168510 i1=244 m2=-3278/-168510 i2=-288 steerMode=0/210 iSteer=-22018 driveMode=168510/172120 iDrive=266446 scale=0 wheel=490210
run=1 step=4 angle=164268 target=163828 err=-439 steer=-25 m1=3375/174835 i1=251 m2=-3328/-175110 i2=-294 steerMode=-138/48 iSteer=-21148 driveMode=174973/176414 iDrive=272628 scale=0 wheel=509011
run=1 step=4 angle=164092 target=163828 err=-264 steer=0 m1=3465/181367 i1=272 m2=-3445/-181367 i2=-289 steerMode=0/-72 iSteer=-8522 driveMode=181367/181108 iDrive=280147 scale=0 wheel=527612
run=1 step=4 angle=164268 target=163828 err=-439 steer=0 m1=3538/187830 i1=258 m2=-3539/-187830 i2=-334 steerMode=0/511 iSteer=-37958 driveMode=187830/184859 iDrive=296217 scale=0 wheel=546413
run=1 step=4 angle=164180 target=163828 err=-352 steer=0 m1=3641/194292 i1=301 m2=-3652/-194292 i2=-303 steerMode=0/-233 iSteer=-915 driveMode=194292/191311 iDrive=302100 scale=0 wheel=565214
run=1 step=4 angle=164268 target=163828 err=-439 steer=0 m1=3772/200755 i1=278 m2=-3784/-200755 i2=-343 steerMode=0/374 iSteer=-32135 driveMode=200755/197322 iDrive=310581 scale=0 wheel=584015
run=1 step=4 angle=164092 target=163828 err=-264 steer=0 m1=3915/207218 i1=300 m2=-3899/-207218 i2=-330 steerMode=0/39 iSteer=-14969 driveMode=207218/204010 iDrive=315333 scale=0 wheel=602816
run=1 step=4 angle=164092 target=163828 err=-264 steer=0 m1=4040/213681 i1=294 m2=-4043/-213681 i2=-343 steerMode=0/219 iSteer=-24627 driveMode=213681/210917 iDrive=318790 scale=0 wheel=621618
run=1 step=4 angle=164004 target=163828 err=-176 steer=0 m1=4187/220144 i1=309 m2=-4184/-220144 i2=-326 steerMode=0/-119 iSteer=-8409 driveMode=220144/218540 iDrive=317157 scale=0 wheel=640419
run=1 step=4 angle=164092 target=163828 err=-264 steer=0 m1=4314/226607 i1=289 m2=-4318/-226607 i2=-346 steerMode=0/276 iSteer=-28406 driveMode=226607/225378 iDrive=317612 scale=0 wheel=659220
run=1 step=4 angle=164092 target=163828 err=-264 steer=0 m1=4461/233070 i1=293 m2=-4424/-233070 i2=-330 steerMode=0/66 iSteer=-18182 driveMode=233070/233197 iDrive=311445 scale=0 wheel=678021
run=1 step=4 angle=164268 target=163828 err=-439 steer=0 m1=4582/239532 i1=311 m2=-4611/-239532 i2=-304 steerMode=0/-374 iSteer=3522 driveMode=239532/240353 iDrive=307178 scale=0 wheel=696822
run=1 step=4 angle=164092 target=163828 err=-264 steer=0 m1=4746/245995 i1=284 m2=-4740/-245995 i2=-321 steerMode=0/59 iSteer=-18086 driveMode=245995/247413 iDrive=302447 scale=0 wheel=715623
run=1 step=4 angle=163916 target=163828 err=-88 steer=0 m1=4854/252458 i1=264 m2=-4839/-252458 i2=-336 steerMode=0/401 iSteer=-35965 driveMode=252458/253882 iDrive=299706 scale=0 wheel=734424
run=1 step=4 angle=164004 target=163828 err=-176 steer=0 m1=4942/258921 i1=272 m2=-4931/-258921 i2=-337 steerMode=0/333 iSteer=-32395 driveMode=258921/259136 iDrive=304216 scale=0 wheel=753225
run=1 step=4 angle=163916 target=163828 err=-88 steer=0 m1=5091/265384 i1=276 m2=-5065/-265384 i2=-324 steerMode=0/167 iSteer=-24079 driveMode=265384/266163 iDrive=300236 scale=0 wheel=772026
run=1 step=4 angle=163916 target=163828 err=-88 steer=0 m1=5204/271847 i1=292 m2=-5219/-271847 i2=-303 steerMode=0/-215 iSteer=-5034 driveMode=271847/272816 iDrive=297472 scale=0 wheel=790827
run=1 step=4 angle=163828 target=163828 err=0 steer=0 m1=5352/278310 i1=262 m2=-5341/-278310 i2=-325 steerMode=0/310 iSteer=-31367 driveMode=278310/279659 iDrive=293473 scale=0 wheel=809628
run=1 step=4 angle=163740 target=163828 err=88 steer=0 m1=5459/284772 i1=281 m2=-5452/-284772 i2=-300 steerMode=0/-132 iSteer=-9494 driveMode=284772/286132 iDrive=290441 scale=0 wheel=828429
run=1 step=4 angle=163477 target=163828 err=352 steer=0 m1=5581/291235 i1=268 m2=-5567/-291235 i2=-306 steerMode=0/56 iSteer=-18841 driveMode=291235/292765 iDrive=287097 scale=0 wheel=847230
run=1 step=4 angle=163652 target=163828 err=176 steer=0 m1=5689/297698 i1=285 m2=-5703/-297698 i2=-289 steerMode=0/-276 iSteer=-2098 driveMode=297698/298638 iDrive=287146 scale=0 wheel=866031
run=1 step=4 angle=163389 target=163828 err=439 steer=0 m1=5817/304161 i1=263 m2=-5824/-304161 i2=-308 steerMode=0/141 iSteer=-22745 driveMode=304161/305100 iDrive=285558 scale=0 wheel=884832
run=1 step=4 angle=163564 target=163828 err=264 steer=0 m1=5922/310624 i1=283 m2=-5918/-310624 i2=-294 steerMode=0/-199 iSteer=-5739 driveMode=310624/310666 iDrive=288620 scale=0 wheel=903633
run=1 step=4 angle=163213 target=163828 err=615 steer=115 m1=6053/317722 i1=295 m2=-6036/-316452 i2=-286 steerMode=635/226 iSteer=4658 driveMode=317087/316863 iDrive=290405 scale=0 wheel=922434
run=1 step=4 angle=163652 target=163828 err=176 steer=0 m1=6160/323550 i1=270 m2=-6174/-323550 i2=-311 steerMode=0/92 iSteer=-20567 driveMode=323550/323257 iDrive=290920 scale=0 wheel=941235
run=1 step=4 angle=163301 target=163828 err=527 steer=105 m1=6319/330592 i1=262 m2=-6268/-329432 i2=-315 steerMode=580/805 iSteer=-26662 driveMode=330012/330128 iDrive=288683 scale=0 wheel=960036
run=1 step=4 angle=163389 target=163828 err=439 steer=0 m1=6413/336406 i1=281 m2=-6416/-336406 i2=-300 steerMode=0/-122 iSteer=-9849 driveMode=336406/336151 iDrive=290505 scale=0 wheel=978637
run=1 step=4 angle=163301 target=163828 err=527 steer=113 m1=6564/343491 i1=277 m2=-6538/-342248 i2=-297 steerMode=622/511 iSteer=-9977 driveMode=342869/343258 iDrive=287010 scale=0 wheel=997438
run=1 step=4 angle=163301 target=163828 err=527 steer=105 m1=6652/349843 i1=298 m2=-6668/-348683 i2=-281 steerMode=580/86 iSteer=8768 driveMode=349263/349125 iDrive=289594 scale=0 wheel=1016039
run=1 step=4 angle=163477 target=163828 err=352 steer=0 m1=6765/355725 i1=273 m2=-6797/-355725 i2=-304 steerMode=0/-19 iSteer=-15143 driveMode=355725/355832 iDrive=288509 scale=0 wheel=1034837
run=1 step=4 angle=163477 target=163828 err=352 steer=45 m1=6918/362436 i1=273 m2=-6889/-361936 i2=-311 steerMode=250/323 iSteer=-19384 driveMode=362186/361730 iDrive=291998 scale=0 wheel=1053633
run=1 step=4 angle=163564 target=163828 err=264 steer=15 m1=7033/368664 i1=256 m2=-7015/-368493 i2=-329 steerMode=85/498 iSteer=-36608 driveMode=368579/368160 iDrive=292246 scale=0 wheel=1072229
run=1 step=4 angle=163301 target=163828 err=527 steer=105 m1=7154/375551 i1=275 m2=-7130/-374391 i2=-307 steerMode=580/582 iSteer=-15959 driveMode=374971/374846 iDrive=290828 scale=0 wheel=1090825
run=1 step=4 angle=163301 target=163828 err=527 steer=50 m1=7265/381638 i1=293 m2=-7258/-381088 i2=-293 steerMode=275/-44 iSteer=61 driveMode=381363/380940 iDrive=293068 scale=0 wheel=1109420
run=1 step=4 angle=163213 target=163828 err=615 steer=123 m1=7403/388501 i1=288 m2=-7369/-387148 i2=-300 steerMode=677/484 iSteer=-5901 driveMode=387824/387311 iDrive=294125 scale=0 wheel=1128216
run=1 step=4 angle=163213 target=163828 err=615 steer=110 m1=7527/394824 i1=277 m2=-7482/-393609 i2=-316 steerMode=608/673 iSteer=-19338 driveMode=394217/393538 iDrive=296413 scale=0 wheel=1146812
run=1 step=4 angle=163301 target=163828 err=527 steer=35 m1=7629/400802 i1=290 m2=-7616/-400417 i2=-302 steerMode=193/-12 iSteer=-6254 driveMode=400609/400139 iDrive=296206 scale=0 wheel=1165408
run=1 step=4 angle=163389 target=163828 err=439 steer=30 m1=7751/407169 i1=275 m2=-7737/-406834 i2=-320 steerMode=168/293 iSteer=-22504 driveMode=407001/406487 iDrive=297234 scale=0 wheel=1184004
run=1 step=4 angle=163301 target=163828 err=527 steer=105 m1=7889/413974 i1=284 m2=-7858/-412814 i2=-310 steerMode=580/519 iSteer=-12968 driveMode=413394/413047 iDrive=297323 scale=0 wheel=1202600
run=1 step=4 angle=163477 target=163828 err=352 steer=10 m1=7985/419841 i1=282 m2=-7988/-419731 i2=-320 steerMode=55/103 iSteer=-18831 driveMode=419786/418916 iDrive=301122 scale=0 wheel=1221196
run=1 step=4 angle=163389 target=163828 err=439 steer=0 m1=8090/426179 i1=287 m2=-8097/-426179 i2=-319 steerMode=0/-15 iSteer=-16227 driveMode=426179/425149 iDrive=303261 scale=0 wheel=1239792
run=1 step=4 angle=163301 target=163828 err=527 steer=95 m1=8244/433165 i1=280 m2=-8235/-432115 i2=-328 steerMode=525/666 iSteer=-23820 driveMode=432640/431855 iDrive=304059 scale=0 wheel=1258588
run=1 step=4 angle=163301 target=163828 err=527 steer=60 m1=8372/439362 i1=293 m2=-8344/-438702 i2=-318 steerMode=330/234 iSteer=-12369 driveMode=439032/438252 iDrive=305605 scale=0 wheel=1277184
run=1 step=4 angle=163301 target=163828 err=527 steer=105 m1=8479/446004 i1=301 m2=-8455/-444844 i2=-317 steerMode=580/377 iSteer=-7674 driveMode=445424/444351 iDrive=308979 scale=0 wheel=1295780
run=1 step=4 angle=163564 target=163828 err=264 steer=0 m1=8575/451817 i1=281 m2=-8572/-451817 i2=-341 steerMode=0/229 iSteer=-29927 driveMode=451817/450604 iDrive=311334 scale=0 wheel=1314376
run=1 step=4 angle=163564 target=163828 err=264 steer=53 m1=8703/458570 i1=268 m2=-8687/-457986 i2=-370 steerMode=292/943 iSteer=-51131 driveMode=458278/456184 iDrive=318854 scale=0 wheel=1333172
run=1 step=4 angle=163389 target=163828 err=439 steer=0 m1=8797/464670 i1=299 m2=-8787/-464670 i2=-360 steerMode=0/215 iSteer=-30212 driveMode=464670/461443 iDrive=329624 scale=0 wheel=1351768
run=1 step=4 angle=163301 target=163828 err=527 steer=40 m1=8920/469000 i1=307 m2=-8900/-468560 i2=-345 steerMode=220/208 iSteer=-19095 driveMode=468780/467473 iDrive=325789 scale=0 wheel=1363724
run=1 step=4 angle=163389 target=163828 err=439 steer=0 m1=8985/469000 i1=259 m2=-8982/-469000 i2=-338 steerMode=0/387 iSteer=-39405 driveMode=469000/472502 iDrive=298537 scale=0 wheel=1364364
run=1 step=4 angle=163301 target=163828 err=527 steer=80 m1=9061/469000 i1=251 m2=-9051/-468115 i2=-286 steerMode=443/401 iSteer=-17856 driveMode=468557/475919 iDrive=268453 scale=0 wheel=1363076
run=1 step=4 angle=163301 target=163828 err=527 steer=15 m1=9094/469000 i1=201 m2=-9043/-468835 i2=-297 steerMode=83/626 iSteer=-47733 driveMode=468917/477199 iDrive=249100 scale=0 wheel=1364124
run=1 step=4 angle=163213 target=163828 err=615 steer=100 m1=9081/469000 i1=228 m2=-9066/-467900 i2=-231 steerMode=550/164 iSteer=-1546 driveMode=468450/477543 iDrive=229360 scale=0 wheel=1362764
run=1 step=4 angle=163389 target=163828 err=439 steer=0 m1=9061/469000 i1=185 m2=-9068/-469000 i2=-254 steerMode=0/257 iSteer=-34604 driveMode=469000/476902 iDrive=219609 scale=0 wheel=1364364
run=1 step=4 angle=163389 target=163828 err=439 steer=0 m1=9033/469000 i1=168 m2=-9020/-469000 i2=-254 steerMode=0/435 iSteer=-43370 driveMode=469000/475578 iDrive=211106 scale=0 wheel=1364364
run=1 step=4 angle=163389 target=163828 err=439 steer=65 m1=9025/469000 i1=167 m2=-9001/-468280 i2=-240 steerMode=360/662 iSteer=-36513 driveMode=468640/474329 iDrive=203413 scale=0 wheel=1363316
run=1 step=4 angle=163389 target=163828 err=439 steer=100 m1=8971/469000 i1=199 m2=-8942/-467895 i2=-212 steerMode=553/241 iSteer=-6353 driveMode=468447/472206 iDrive=205246 scale=0 wheel=1362756
run=1 step=4 angle=163389 target=163828 err=439 steer=40 m1=8943/469000 i1=180 m2=-8930/-468555 i2=-239 steerMode=223/358 iSteer=-29090 driveMode=468777/470715 iDrive=209432 scale=0 wheel=1363716
run=1 step=4 angle=163301 target=163828 err=527 steer=5 m1=8914/469000 i1=187 m2=-8905/-468945 i2=-248 steerMode=28/170 iSteer=-30271 driveMode=468973/468986 iDrive=217411 scale=0 wheel=1364284
run=1 step=4 angle=163301 target=163828 err=527 steer=20 m1=8899/469000 i1=190 m2=-8873/-468780 i2=-250 steerMode=110/259 iSteer=-30433 driveMode=468890/468386 iDrive=219972 scale=0 wheel=1364044
run=1 step=4 angle=163477 target=163828 err=352 steer=70 m1=8881/469000 i1=182 m2=-8869/-468225 i2=-270 steerMode=388/800 iSteer=-44220 driveMode=468612/467277 iDrive=226079 scale=0 wheel=1363236
run=1 step=4 angle=163301 target=163828 err=527 steer=105 m1=8889/469000 i1=216 m2=-8852/-467840 i2=-247 steerMode=580/409 iSteer=-15427 driveMode=468420/466777 iDrive=231252 scale=0 wheel=1362676
run=1 step=4 angle=163301 target=163828 err=527 steer=35 m1=8883/469000 i1=210 m2=-8890/-468615 i2=-261 steerMode=193/212 iSteer=-25525 driveMode=468808/466981 iDrive=235712 scale=0 wheel=1363804
run=1 step=4 angle=163301 target=163828 err=527 steer=100 m1=8883/469000 i1=228 m2=-8875/-467900 i2=-243 steerMode=550/209 iSteer=-7490 driveMode=468450/467166 iDrive=235977 scale=0 wheel=1362764
run=1 step=4 angle=163477 target=163828 err=352 steer=43 m1=8878/469000 i1=199 m2=-8890/-468527 i2=-277 steerMode=237/523 iSteer=-39006 driveMode=468763/467539 iDrive=237602 scale=0 wheel=1363675
run=1 step=4 angle=163301 target=163828 err=527 steer=30 m1=8908/469000 i1=199 m2=-8867/-468665 i2=-284 steerMode=168/520 iSteer=-42206 driveMode=468832/467354 iDrive=241421 scale=0 wheel=1363876
run=1 step=4 angle=163213 target=163828 err=615 steer=123 m1=8908/469000 i1=230 m2=-8884/-467647 i2=-248 steerMode=677/359 iSteer=-8945 driveMode=468323/467783 iDrive=239106 scale=0 wheel=1362395
run=1 step=4 angle=163389 target=163828 err=439 steer=0 m1=8891/469000 i1=218 m2=-8894/-469000 i2=-272 steerMode=0/26 iSteer=-27140 driveMode=469000/467757 iDrive=244722 scale=0 wheel=1364364
run=1 step=4 angle=163477 target=163828 err=352 steer=20 m1=8912/469000 i1=195 m2=-8892/-468775 i2=-288 steerMode=113/540 iSteer=-46803 driveMode=468887/468424 iDrive=241505 scale=0 wheel=1364036
run=1 step=4 angle=163389 target=163828 err=439 steer=0 m1=8916/469000 i1=182 m2=-8913/-469000 i2=-300 steerMode=0/661 iSteer=-59062 driveMode=469000/468631 iDrive=241061 scale=0 wheel=1364364
run=1 step=4 angle=163213 target=163828 err=615 steer=115 m1=8929/469000 i1=226 m2=-8900/-467735 i2=-249 steerMode=633/352 iSteer=-11722 driveMode=468368/468807 iDrive=237472 scale=0 wheel=1362524
run=1 step=4 angle=163301 target=163828 err=527 steer=100 m1=8918/469000 i1=229 m2=-8923/-467900 i2=-243 steerMode=550/166 iSteer=-7127 driveMode=468450/469150 iDrive=235628 scale=0 wheel=1362764
run=1 step=4 angle=163477 target=163828 err=352 steer=0 m1=8912/469000 i1=194 m2=-8921/-469000 i2=-282 steerMode=0/351 iSteer=-44178 driveMode=469000/469021 iDrive=238024 scale=0 wheel=1364364
run=1 step=4 angle=163301 target=163828 err=527 steer=45 m1=8933/469000 i1=209 m2=-8932/-468505 i2=-257 steerMode=248/198 iSteer=-23876 driveMode=468753/469494 iDrive=233354 scale=0 wheel=1363644
run=1 step=4 angle=163389 target=163828 err=439 steer=90 m1=8937/469000 i1=198 m2=-8921/-468005 i2=-265 steerMode=498/629 iSteer=-33330 driveMode=468502/469362 iDrive=231659 scale=0 wheel=1362916
run=1 step=4 angle=163301 target=163828 err=527 steer=50 m1=8927/469000 i1=199 m2=-8915/-468445 i2=-266 steerMode=278/411 iSteer=-33595 driveMode=468722/469171 iDrive=232856 scale=0 wheel=1363556
run=1 step=4 angle=163389 target=163828 err=439 steer=0 m1=8916/469000 i1=193 m2=-8926/-469000 i2=-275 steerMode=0/275 iSteer=-41255 driveMode=469000/469005 iDrive=234160 scale=0 wheel=1364364
run=1 step=4 angle=163301 target=163828 err=527 steer=45 m1=8927/469000 i1=201 m2=-8917/-468505 i2=-262 steerMode=248/309 iSteer=-30332 driveMode=468753/469053 iDrive=231754 scale=0 wheel=1363644
run=1 step=4 angle=163301 target=163828 err=527 steer=105 m1=8918/469000 i1=203 m2=-8913/-467840 i2=-255 steerMode=580/553 iSteer=-26274 driveMode=468420/469114 iDrive=229181 scale=0 wheel=1362676
run=1 step=4 angle=163389 target=163828 err=439 steer=58 m1=8916/469000 i1=193 m2=-8900/-468362 i2=-270 steerMode=319/535 iSteer=-38220 driveMode=468681/468774 iDrive=231709 scale=0 wheel=1363435
run=1 step=4 angle=163213 target=163828 err=615 steer=123 m1=8916/469000 i1=233 m2=-8903/-467647 i2=-226 steerMode=677/63 iSteer=3218 driveMode=468323/468816 iDrive=229498 scale=0 wheel=1362395
run=1 step=4 angle=163389 target=163828 err=439 steer=65 m1=8914/469000 i1=198 m2=-8903/-468280 i2=-265 steerMode=360/465 iSteer=-33447 driveMode=468640/468676 iDrive=231642 scale=0 wheel=1363316
run=1 step=4 angle=163564 target=163828 err=264 steer=0 m1=8895/469000 i1=203 m2=-8905/-469000 i2=-263 steerMode=0/37 iSteer=-30409 driveMode=469000/468780 iDrive=232951 scale=0 wheel=1364364
run=1 step=4 angle=163301 target=163828 err=527 steer=105 m1=8920/469000 i1=195 m2=-8909/-467840 i2=-266 steerMode=580/727 iSteer=-35236 driveMode=468420/468636 iDrive=230614 scale=0 wheel=1362676
run=1 step=4 angle=163213 target=163828 err=615 steer=50 m1=8916/469000 i1=201 m2=-8903/-468450 i2=-265 steerMode=275/358 iSteer=-32347 driveMode=468725/468511 iDrive=233022 scale=0 wheel=1363564
run=1 step=4 angle=163213 target=163828 err=615 steer=65 m1=8904/469000 i1=216 m2=-8898/-468285 i2=-249 steerMode=358/121 iSteer=-16461 driveMode=468643/468676 iDrive=232083 scale=0 wheel=1363324
run=1 step=4 angle=163389 target=163828 err=439 steer=45 m1=8908/469000 i1=180 m2=-8882/-468500 i2=-287 steerMode=250/747 iSteer=-53261 driveMode=468750/468354 iDrive=233713 scale=0 wheel=1363636
run=1 step=4 angle=163389 target=163828 err=439 steer=45 m1=8904/469000 i1=220 m2=-8913/-468505 i2=-245 steerMode=248/-69 iSteer=-12663 driveMode=468753/468690 iDrive=232420 scale=0 wheel=1363644
run=1 step=4 angle=163125 target=163828 err=703 steer=133 m1=8918/469000 i1=210 m2=-8886/-467537 i2=-254 steerMode=732/608 iSteer=-22022 driveMode=468268/468361 iDrive=232238 scale=0 wheel=1362235
run=1 step=4 angle=163389 target=163828 err=439 steer=85 m1=8893/469000 i1=223 m2=-8884/-468065 i2=-247 steerMode=468/133 iSteer=-11820 driveMode=468533/468216 iDrive=235303 scale=0 wheel=1363004
run=1 step=4 angle=163477 target=163828 err=352 steer=0 m1=8893/469000 i1=189 m2=-8890/-469000 i2=-286 steerMode=0/386 iSteer=-48353 driveMode=469000/468299 iDrive=237698 scale=0 wheel=1364364
run=1 step=4 angle=163301 target=163828 err=527 steer=10 m1=8902/469000 i1=202 m2=-8903/-468890 i2=-270 steerMode=55/156 iSteer=-34019 driveMode=468945/468632 iDrive=236082 scale=0 wheel=1364204
run=1 step=4 angle=163213 target=163828 err=615 steer=123 m1=8920/469000 i1=206 m2=-8911/-467647 i2=-256 steerMode=677/604 iSteer=-24912 driveMode=468323/469024 iDrive=230823 scale=0 wheel=1362395
run=1 step=4 angle=163389 target=163828 err=439 steer=90 m1=8918/469000 i1=202 m2=-8898/-468005 i2=-263 steerMode=498/535 iSteer=-30614 driveMode=468502/468807 iDrive=232280 scale=0 wheel=1362916
run=1 step=4 angle=163389 target=163828 err=439 steer=0 m1=8904/469000 i1=205 m2=-8911/-469000 i2=-264 steerMode=0/8 iSteer=-29361 driveMode=469000/468767 iDrive=234778 scale=0 wheel=1364364
run=1 step=4 angle=163301 target=163828 err=527 steer=15 m1=8908/469000 i1=188 m2=-8886/-468835 i2=-284 steerMode=83/466 iSteer=-48038 driveMode=468917/468432 iDrive=235817 scale=0 wheel=1364124
run=1 step=4 angle=163301 target=163828 err=527 steer=105 m1=8925/469000 i1=212 m2=-8903/-467840 i2=-248 steerMode=580/378 iSteer=-18470 driveMode=468420/469045 iDrive=229972 scale=0 wheel=1362676
run=1 step=4 angle=163301 target=163828 err=527 steer=105 m1=8925/469000 i1=201 m2=-8892/-467840 i2=-260 steerMode=580/598 iSteer=-29624 driveMode=468420/468914 iDrive=230179 scale=0 wheel=1362676
run=1 step=4 angle=163301 target=163828 err=527 steer=105 m1=8922/469000 i1=212 m2=-8898/-467840 i2=-252 steerMode=580/403 iSteer=-20148 driveMode=468420/468502 iDrive=231973 scale=0 wheel=1362676
run=1 step=4 angle=163301 target=163828 err=527 steer=5 m1=8918/469000 i1=188 m2=-8905/-468945 i2=-279 steerMode=28/351 iSteer=-45473 driveMode=468973/468759 iDrive=233050 scale=0 wheel=1364284
run=1 step=4 angle=163389 target=163828 err=439 steer=100 m1=8910/469000 i1=212 m2=-8896/-467895 i2=-246 steerMode=553/309 iSteer=-16904 driveMode=468447/468903 iDrive=229153 scale=0 wheel=1362756
run=1 step=4 angle=163477 target=163828 err=352 steer=58 m1=8912/469000 i1=193 m2=-8909/-468362 i2=-265 steerMode=319/460 iSteer=-36172 driveMode=468681/468999 iDrive=229159 scale=0 wheel=1363435
run=1 step=4 angle=163213 target=163828 err=615 steer=123 m1=8912/469000 i1=218 m2=-8882/-467647 i2=-243 steerMode=677/347 iSteer=-12599 driveMode=468323/468435 iDrive=230485 scale=0 wheel=1362395
run=1 step=4 angle=163213 target=163828 err=615 steer=70 m1=8908/469000 i1=214 m2=-8896/-468230 i2=-251 steerMode=385/170 iSteer=-18746 driveMode=468615/468407 iDrive=232750 scale=0 wheel=1363244
run=1 step=4 angle=163301 target=163828 err=527 steer=105 m1=8910/469000 i1=208 m2=-8892/-467840 i2=-253 steerMode=580/444 iSteer=-22527 driveMode=468420/468606 iDrive=230768 scale=0 wheel=1362676
STEP_OK: step=4 target=1400 cmd=1363195 measured=1363290 angleErr=352
STOP: 
