START: angle=321680 target=321680 wheelTarget=40 step=0 count=5
run=1 step=0 angle=321680 target=321680 err=0 steer=0 m1=0/6875 i1=41 t1=30 m2=0/-6875 i2=-41 t2=29 steerMode=0/0 iSteer=0 driveMode=6875/0 iDrive=41333 scale=0 wheel=20000
run=1 step=0 angle=321680 target=321680 err=0 steer=0 m1=0/13406 i1=94 t1=30 m2=0/-13406 i2=-93 t2=29 steerMode=0/-7 iSteer=375 driveMode=13406/8 iDrive=93330 scale=0 wheel=39000
run=1 step=0 angle=321680 target=321680 err=0 steer=0 m1=0/13750 i1=121 t1=30 m2=0/-13750 i2=-121 t2=29 steerMode=0/-2 iSteer=126 driveMode=13750/4 iDrive=121169 scale=0 wheel=40000
run=1 step=0 angle=321680 target=321680 err=0 steer=0 m1=0/13750 i1=147 t1=30 m2=0/-13750 i2=-147 t2=29 steerMode=0/0 iSteer=47 driveMode=13750/0 iDrive=147311 scale=0 wheel=40000
run=1 step=0 angle=321680 target=321680 err=0 steer=0 m1=0/13750 i1=174 t1=30 m2=0/-13750 i2=-173 t2=29 steerMode=0/-5 iSteer=333 driveMode=13750/-4 iDrive=173441 scale=0 wheel=40000
run=1 step=0 angle=321680 target=321680 err=0 steer=0 m1=2/13750 i1=200 t1=30 m2=-3/-13750 i2=-199 t2=29 steerMode=0/-7 iSteer=405 driveMode=13750/37 iDrive=199359 scale=0 wheel=40000
run=1 step=0 angle=321680 target=321680 err=0 steer=0 m1=0/13750 i1=225 t1=30 m2=0/-13750 i2=-225 t2=29 steerMode=0/0 iSteer=101 driveMode=13750/2 iDrive=225353 scale=0 wheel=40000
run=1 step=0 angle=321680 target=321680 err=0 steer=0 m1=4/13750 i1=249 t1=30 m2=0/-13750 i2=-253 t2=29 steerMode=0/37 iSteer=-1756 driveMode=13750/45 iDrive=251238 scale=0 wheel=40000
run=1 step=0 angle=322031 target=321680 err=-352 steer=0 m1=35/13750 i1=152 t1=30 m2=0/-13750 i2=-375 t2=29 steerMode=0/2145 iSteer=-111323 driveMode=13750/2167 iDrive=263600 scale=0 wheel=40000
run=1 step=0 angle=322031 target=321680 err=-352 steer=0 m1=18/13750 i1=285 t1=30 m2=0/-13750 i2=-313 t2=29 steerMode=0/183 iSteer=-13997 driveMode=13750/183 iDrive=298574 scale=0 wheel=40000
run=1 step=0 angle=322031 target=321680 err=-352 steer=0 m1=0/13750 i1=321 t1=30 m2=0/-13750 i2=-330 t2=29 steerMode=0/-11 iSteer=-4430 driveMode=13750/11 iDrive=325190 scale=0 wheel=40000
run=1 step=0 angle=322031 target=321680 err=-352 steer=0 m1=0/13750 i1=346 t1=30 m2=0/-13750 i2=-356 t2=29 steerMode=0/0 iSteer=-4980 driveMode=13750/0 iDrive=351089 scale=0 wheel=40000
run=1 step=0 angle=322031 target=321680 err=-352 steer=0 m1=0/13750 i1=372 t1=30 m2=0/-13750 i2=-382 t2=29 steerMode=0/0 iSteer=-4986 driveMode=13750/0 iDrive=376939 scale=0 wheel=40000
run=1 step=0 angle=322031 target=321680 err=-352 steer=0 m1=0/13750 i1=398 t1=30 m2=0/-13750 i2=-408 t2=29 steerMode=0/-1 iSteer=-4929 driveMode=13750/1 iDrive=402772 scale=0 wheel=40000
run=1 step=0 angle=322031 target=321680 err=-352 steer=0 m1=0/13750 i1=424 t1=30 m2=0/-13750 i2=-433 t2=29 steerMode=0/-9 iSteer=-4494 driveMode=13750/10 iDrive=428556 scale=0 wheel=40000
run=1 step=0 angle=322031 target=321680 err=-352 steer=0 m1=0/13750 i1=450 t1=30 m2=0/-13750 i2=-459 t2=29 steerMode=0/0 iSteer=-4937 driveMode=13750/0 iDrive=454452 scale=0 wheel=40000
run=1 step=0 angle=322031 target=321680 err=-352 steer=0 m1=0/13750 i1=476 t1=30 m2=0/-13750 i2=-485 t2=29 steerMode=0/-6 iSteer=-4610 driveMode=13750/6 iDrive=480256 scale=0 wheel=40000
run=1 step=0 angle=322031 target=321680 err=-352 steer=0 m1=0/13750 i1=502 t1=30 m2=-3/-13750 i2=-510 t2=29 steerMode=0/-24 iSteer=-3713 driveMode=13750/25 iDrive=506003 scale=0 wheel=40000
run=1 step=0 angle=322031 target=321680 err=-352 steer=0 m1=0/13750 i1=527 t1=30 m2=0/-13750 i2=-537 t2=29 steerMode=0/-2 iSteer=-4780 driveMode=13750/0 iDrive=531955 scale=0 wheel=40000
run=1 step=0 angle=322031 target=321680 err=-352 steer=0 m1=0/13750 i1=553 t1=30 m2=0/-13750 i2=-563 t2=29 steerMode=0/0 iSteer=-4873 driveMode=13750/0 iDrive=557803 scale=0 wheel=40000
run=1 step=0 angle=322031 target=321680 err=-352 steer=0 m1=0/13750 i1=579 t1=30 m2=0/-13750 i2=-588 t2=29 steerMode=0/0 iSteer=-4839 driveMode=13750/0 iDrive=583645 scale=0 wheel=40000
run=1 step=0 angle=322031 target=321680 err=-352 steer=0 m1=0/13750 i1=606 t1=30 m2=-3/-13750 i2=-612 t2=29 steerMode=0/-34 iSteer=-3167 driveMode=13750/35 iDrive=609315 scale=0 wheel=40000
run=1 step=0 angle=322031 target=321680 err=-352 steer=0 m1=0/13750 i1=631 t1=30 m2=0/-13750 i2=-640 t2=29 steerMode=0/-1 iSteer=-4775 driveMode=13750/1 iDrive=635306 scale=0 wheel=40000
run=1 step=0 angle=322031 target=321680 err=-352 steer=0 m1=0/13750 i1=657 t1=30 m2=0/-13750 i2=-665 t2=29 steerMode=0/-10 iSteer=-4276 driveMode=13750/11 iDrive=661089 scale=0 wheel=40000
run=1 step=0 angle=322031 target=321680 err=-352 steer=0 m1=0/13750 i1=682 t1=30 m2=0/-13750 i2=-692 t2=29 steerMode=0/1 iSteer=-4841 driveMode=13750/1 iDrive=686980 scale=0 wheel=40000
run=1 step=0 angle=322031 target=321680 err=-352 steer=0 m1=0/13750 i1=708 t1=30 m2=0/-13750 i2=-717 t2=29 steerMode=0/-3 iSteer=-4599 driveMode=13750/3 iDrive=712801 scale=0 wheel=40000
run=1 step=0 angle=322031 target=321680 err=-352 steer=0 m1=0/13750 i1=734 t1=30 m2=-5/-13750 i2=-743 t2=29 steerMode=0/-13 iSteer=-4103 driveMode=13750/14 iDrive=738587 scale=0 wheel=40000
run=1 step=0 angle=322031 target=321680 err=-352 steer=0 m1=-3/13750 i1=760 t1=30 m2=0/-13750 i2=-769 t2=29 steerMode=0/-5 iSteer=-4447 driveMode=13750/21 iDrive=764363 scale=0 wheel=40000
run=1 step=0 angle=322031 target=321680 err=-352 steer=0 m1=0/13750 i1=786 t1=30 m2=0/-13750 i2=-795 t2=29 steerMode=0/-2 iSteer=-4565 driveMode=13750/1 iDrive=790307 scale=0 wheel=40000
run=1 step=0 angle=322031 target=321680 err=-352 steer=0 m1=8/13750 i1=1048 t1=30 m2=-342/-13750 i2=-525 t2=29 steerMode=0/-5252 iSteer=261326 driveMode=13750/5445 iDrive=786632 scale=0 wheel=40000
run=1 step=0 angle=320801 target=321680 err=879 steer=439 m1=826/16167 i1=625 t1=30 m2=-689/-11333 i2=-649 t2=29 steerMode=2417/2836 iSteer=-11874 driveMode=13750/33480 iDrive=637246 scale=0 wheel=40000
run=1 step=0 angle=321855 target=321680 err=-176 steer=0 m1=1159/13750 i1=406 t1=30 m2=-1137/-13750 i2=-509 t2=29 steerMode=0/1091 iSteer=-51305 driveMode=13750/57205 iDrive=457267 scale=0 wheel=40000
run=1 step=0 angle=322207 target=321680 err=-527 steer=-264 m1=1387/12300 i1=176 t1=30 m2=-1336/-15200 i2=-425 t2=29 steerMode=-1450/1067 iSteer=-124542 driveMode=13750/69635 iDrive=300488 scale=0 wheel=40000
run=1 step=0 angle=322471 target=321680 err=-791 steer=-396 m1=1345/11575 i1=117 t1=30 m2=-1377/-15925 i2=-250 t2=29 steerMode=-2175/-949 iSteer=-66199 driveMode=13750/71895 iDrive=183413 scale=0 wheel=40000
run=1 step=0 angle=322031 target=321680 err=-352 steer=0 m1=1339/13750 i1=116 t1=30 m2=-1333/-13750 i2=-56 t2=29 steerMode=0/-701 iSteer=30190 driveMode=13750/70217 iDrive=85915 scale=0 wheel=40000
run=1 step=0 angle=321855 target=321680 err=-176 steer=0 m1=1205/13750 i1=-19 t1=30 m2=-1145/-13750 i2=-57 t2=29 steerMode=0/641 iSteer=-38072 driveMode=13750/63746 iDrive=18644 scale=0 wheel=40000
run=1 step=0 angle=321943 target=321680 err=-264 steer=0 m1=966/13750 i1=-24 t1=30 m2=-957/-13750 i2=1 t2=29 steerMode=0/96 iSteer=-11090 driveMode=13750/53272 iDrive=-12561 scale=0 wheel=40000
run=1 step=0 angle=321855 target=321680 err=-176 steer=0 m1=726/13750 i1=-47 t1=30 m2=-773/-13750 i2=-22 t2=29 steerMode=0/529 iSteer=-34109 driveMode=13750/40800 iDrive=-12553 scale=0 wheel=40000
run=1 step=0 angle=321855 target=321680 err=-176 steer=0 m1=485/13750 i1=-12 t1=30 m2=-499/-13750 i2=-40 t2=29 steerMode=0/358 iSteer=-25748 driveMode=13750/27867 iDrive=14057 scale=0 wheel=40000
run=1 step=0 angle=322119 target=321680 err=-439 steer=0 m1=242/13750 i1=21 t1=30 m2=-203/-13750 i2=-102 t2=29 steerMode=0/606 iSteer=-40380 driveMode=13750/15588 iDrive=61201 scale=0 wheel=40000
run=1 step=0 angle=322207 target=321680 err=-527 steer=-264 m1=104/12300 i1=90 t1=30 m2=-203/-15200 i2=-117 t2=29 steerMode=-1450/-1449 iSteer=-13495 driveMode=13750/7993 iDrive=103692 scale=0 wheel=40000
run=1 step=0 angle=321943 target=321680 err=-264 steer=0 m1=-9/13750 i1=150 t1=30 m2=8/-13750 i2=-152 t2=29 steerMode=0/-215 iSteer=-536 driveMode=13750/1632 iDrive=151014 scale=0 wheel=40000
run=1 step=0 angle=321943 target=321680 err=-264 steer=0 m1=0/13750 i1=174 t1=30 m2=0/-13750 i2=-195 t2=29 steerMode=0/-7 iSteer=-10732 driveMode=13750/18 iDrive=184372 scale=0 wheel=40000
run=1 step=0 angle=321943 target=321680 err=-264 steer=0 m1=0/13750 i1=200 t1=30 m2=-3/-13750 i2=-221 t2=29 steerMode=0/-14 iSteer=-10381 driveMode=13750/14 iDrive=210230 scale=0 wheel=40000
run=1 step=0 angle=321943 target=321680 err=-264 steer=0 m1=0/13750 i1=226 t1=30 m2=-3/-13750 i2=-247 t2=29 steerMode=0/-11 iSteer=-10503 driveMode=13750/11 iDrive=236094 scale=0 wheel=40000
run=1 step=0 angle=321943 target=321680 err=-264 steer=0 m1=0/13750 i1=251 t1=30 m2=0/-13750 i2=-273 t2=29 steerMode=0/-1 iSteer=-10985 driveMode=13750/0 iDrive=261976 scale=0 wheel=40000
run=1 step=0 angle=321943 target=321680 err=-264 steer=0 m1=0/13750 i1=277 t1=30 m2=0/-13750 i2=-299 t2=29 steerMode=0/-3 iSteer=-10843 driveMode=13750/4 iDrive=287792 scale=0 wheel=40000
run=1 step=0 angle=321943 target=321680 err=-264 steer=0 m1=0/13750 i1=303 t1=30 m2=0/-13750 i2=-324 t2=29 steerMode=0/-5 iSteer=-10751 driveMode=13750/11 iDrive=313576 scale=0 wheel=40000
run=1 step=0 angle=321943 target=321680 err=-264 steer=0 m1=0/13750 i1=329 t1=30 m2=0/-13750 i2=-350 t2=29 steerMode=0/-8 iSteer=-10593 driveMode=13750/32 iDrive=339297 scale=0 wheel=40000
run=1 step=0 angle=322295 target=321680 err=-615 steer=-308 m1=92/12058 i1=224 t1=30 m2=-189/-15442 i2=-437 t2=29 steerMode=-1692/115 iSteer=-106146 driveMode=13750/6122 iDrive=330438 scale=0 wheel=40000
run=1 step=0 angle=322031 target=321680 err=-352 steer=0 m1=267/13750 i1=333 t1=30 m2=-306/-13750 i2=-268 t2=29 steerMode=0/-936 iSteer=32467 driveMode=13750/13527 iDrive=300778 scale=0 wheel=40000
run=1 step=0 angle=321943 target=321680 err=-264 steer=0 m1=395/13750 i1=243 t1=30 m2=-388/-13750 i2=-291 t2=29 steerMode=0/182 iSteer=-24035 driveMode=13750/19260 iDrive=266820 scale=0 wheel=40000
run=1 step=0 angle=322119 target=321680 err=-439 steer=0 m1=433/13750 i1=195 t1=30 m2=-429/-13750 i2=-280 t2=29 steerMode=0/545 iSteer=-42589 driveMode=13750/22364 iDrive=237238 scale=0 wheel=40000
run=1 step=0 angle=322207 target=321680 err=-527 steer=-264 m1=418/12300 i1=182 t1=30 m2=-488/-15200 i2=-243 t2=29 steerMode=-1450/-1211 iSteer=-30929 driveMode=13750/23839 iDrive=212517 scale=0 wheel=40000
run=1 step=0 angle=322119 target=321680 err=-439 steer=0 m1=437/13750 i1=186 t1=30 m2=-457/-13750 i2=-200 t2=29 steerMode=0/-235 iSteer=-6979 driveMode=13750/24030 iDrive=192905 scale=0 wheel=40000
run=1 step=0 angle=322207 target=321680 err=-527 steer=-264 m1=433/12300 i1=40 t1=30 m2=-398/-15200 i2=-321 t2=29 steerMode=-1450/945 iSteer=-140623 driveMode=13750/22847 iDrive=180652 scale=0 wheel=40000
run=1 step=0 angle=322119 target=321680 err=-439 steer=0 m1=403/13750 i1=180 t1=30 m2=-390/-13750 i2=-166 t2=29 steerMode=0/-583 iSteer=7223 driveMode=13750/21302 iDrive=173141 scale=0 wheel=40000
run=1 step=0 angle=322119 target=321680 err=-439 steer=0 m1=401/13750 i1=132 t1=30 m2=-421/-13750 i2=-197 t2=29 steerMode=0/192 iSteer=-32588 driveMode=13750/20392 iDrive=164725 scale=0 wheel=40000
run=1 step=0 angle=322119 target=321680 err=-439 steer=0 m1=357/13750 i1=134 t1=30 m2=-312/-13750 i2=-187 t2=29 steerMode=0/80 iSteer=-26650 driveMode=13750/19010 iDrive=160534 scale=0 wheel=40000
run=1 step=0 angle=322295 target=321680 err=-615 steer=-308 m1=269/12058 i1=86 t1=30 m2=-312/-15442 i2=-253 t2=29 steerMode=-1692/-549 iSteer=-83253 driveMode=13750/15779 iDrive=169534 scale=0 wheel=40000
run=1 step=0 angle=322295 target=321680 err=-615 steer=-308 m1=211/12058 i1=87 t1=30 m2=-193/-15442 i2=-281 t2=29 steerMode=-1692/-321 iSteer=-96748 driveMode=13750/12704 iDrive=184058 scale=0 wheel=40000
run=1 step=0 angle=322207 target=321680 err=-527 steer=-264 m1=148/12300 i1=92 t1=30 m2=-187/-15200 i2=-308 t2=29 steerMode=-1450/75 iSteer=-108021 driveMode=13750/10246 iDrive=200355 scale=0 wheel=40000
run=1 step=0 angle=322207 target=321680 err=-527 steer=-264 m1=138/12300 i1=152 t1=30 m2=-216/-15200 i2=-270 t2=29 steerMode=-1450/-945 iSteer=-59105 driveMode=13750/9705 iDrive=210629 scale=0 wheel=40000
run=1 step=0 angle=322031 target=321680 err=-352 steer=0 m1=202/13750 i1=206 t1=30 m2=-229/-13750 i2=-220 t2=29 steerMode=0/-524 iSteer=-7035 driveMode=13750/10627 iDrive=212809 scale=0 wheel=40000
run=1 step=0 angle=321855 target=321680 err=-176 steer=0 m1=272/13750 i1=150 t1=30 m2=-197/-13750 i2=-271 t2=29 steerMode=0/528 iSteer=-60266 driveMode=13750/11902 iDrive=210711 scale=0 wheel=40000
run=1 step=0 angle=321855 target=321680 err=-176 steer=0 m1=202/13750 i1=161 t1=30 m2=-224/-13750 i2=-270 t2=29 steerMode=0/390 iSteer=-54307 driveMode=13750/11564 iDrive=215661 scale=0 wheel=40000
run=1 step=0 angle=321943 target=321680 err=-264 steer=0 m1=228/13750 i1=183 t1=30 m2=-199/-13750 i2=-249 t2=29 steerMode=0/-34 iSteer=-33431 driveMode=13750/12179 iDrive=216034 scale=0 wheel=40000
run=1 step=0 angle=322031 target=321680 err=-352 steer=0 m1=226/13750 i1=204 t1=30 m2=-233/-13750 i2=-224 t2=29 steerMode=0/-502 iSteer=-10354 driveMode=13750/13170 iDrive=213950 scale=0 wheel=40000
run=1 step=0 angle=322031 target=321680 err=-352 steer=0 m1=326/13750 i1=166 t1=30 m2=-304/-13750 i2=-235 t2=29 steerMode=0/-7 iSteer=-34554 driveMode=13750/15618 iDrive=200766 scale=0 wheel=40000
run=1 step=0 angle=322031 target=321680 err=-352 steer=0 m1=341/13750 i1=186 t1=30 m2=-325/-13750 i2=-175 t2=29 steerMode=0/-773 iSteer=5489 driveMode=13750/18378 iDrive=180321 scale=0 wheel=40000
run=1 step=0 angle=321855 target=321680 err=-176 steer=0 m1=336/13750 i1=131 t1=30 m2=-367/-13750 i2=-201 t2=29 steerMode=0/42 iSteer=-34900 driveMode=13750/19367 iDrive=165918 scale=0 wheel=40000
run=1 step=0 angle=321855 target=321680 err=-176 steer=0 m1=395/13750 i1=126 t1=30 m2=-390/-13750 i2=-182 t2=29 steerMode=0/-79 iSteer=-28086 driveMode=13750/19596 iDrive=153990 scale=0 wheel=40000
run=1 step=0 angle=321680 target=321680 err=0 steer=0 m1=320/13750 i1=132 t1=30 m2=-346/-13750 i2=-166 t2=29 steerMode=0/-303 iSteer=-17008 driveMode=13750/18640 iDrive=148787 scale=0 wheel=40000
run=1 step=0 angle=321592 target=321680 err=88 steer=0 m1=318/13750 i1=130 t1=30 m2=-306/-13750 i2=-165 t2=29 steerMode=0/-288 iSteer=-17347 driveMode=13750/17340 iDrive=147696 scale=0 wheel=40000
run=1 step=0 angle=321504 target=321680 err=176 steer=0 m1=290/13750 i1=126 t1=30 m2=-308/-13750 i2=-174 t2=29 steerMode=0/-158 iSteer=-23796 driveMode=13750/15923 iDrive=149985 scale=0 wheel=40000
run=1 step=0 angle=321416 target=321680 err=264 steer=0 m1=263/13750 i1=117 t1=30 m2=-237/-13750 i2=-188 t2=29 steerMode=0/91 iSteer=-35541 driveMode=13750/14816 iDrive=152366 scale=0 wheel=40000
run=1 step=0 angle=321416 target=321680 err=264 steer=0 m1=232/13750 i1=141 t1=30 m2=-275/-13750 i2=-176 t2=29 steerMode=0/-265 iSteer=-17418 driveMode=13750/13463 iDrive=158565 scale=0 wheel=40000
run=1 step=0 angle=321328 target=321680 err=352 steer=0 m1=259/13750 i1=135 t1=30 m2=-258/-13750 i2=-199 t2=29 steerMode=0/27 iSteer=-31866 driveMode=13750/12141 iDrive=167150 scale=0 wheel=40000
run=1 step=0 angle=321328 target=321680 err=352 steer=0 m1=209/13750 i1=147 t1=30 m2=-195/-13750 i2=-199 t2=29 steerMode=0/-81 iSteer=-25868 driveMode=13750/11588 iDrive=173149 scale=0 wheel=40000
run=1 step=0 angle=321240 target=321680 err=439 steer=0 m1=186/13750 i1=134 t1=30 m2=-162/-13750 i2=-227 t2=29 steerMode=0/330 iSteer=-46392 driveMode=13750/11040 iDrive=180859 scale=0 wheel=40000
run=1 step=0 angle=321328 target=321680 err=352 steer=0 m1=196/13750 i1=161 t1=30 m2=-128/-13750 i2=-225 t2=29 steerMode=0/36 iSteer=-32029 driveMode=13750/9917 iDrive=192974 scale=0 wheel=40000
run=1 step=0 angle=321504 target=321680 err=176 steer=0 m1=198/13750 i1=169 t1=30 m2=-176/-13750 i2=-240 t2=29 steerMode=0/87 iSteer=-35239 driveMode=13750/9257 iDrive=204611 scale=0 wheel=40000
run=1 step=0 angle=321416 target=321680 err=264 steer=0 m1=190/13750 i1=167 t1=30 m2=-153/-13750 i2=-249 t2=29 steerMode=0/216 iSteer=-41162 driveMode=13750/9938 iDrive=208173 scale=0 wheel=40000
run=1 step=0 angle=321416 target=321680 err=264 steer=0 m1=219/13750 i1=178 t1=30 m2=-243/-13750 i2=-242 t2=29 steerMode=0/35 iSteer=-32193 driveMode=13750/10839 iDrive=210288 scale=0 wheel=40000
run=1 step=0 angle=321416 target=321680 err=264 steer=0 m1=234/13750 i1=173 t1=30 m2=-222/-13750 i2=-262 t2=29 steerMode=0/279 iSteer=-44555 driveMode=13750/10513 iDrive=217868 scale=0 wheel=40000
run=1 step=0 angle=321328 target=321680 err=352 steer=0 m1=272/13750 i1=202 t1=30 m2=-285/-13750 i2=-220 t2=29 steerMode=0/-409 iSteer=-9148 driveMode=13750/12632 iDrive=210943 scale=0 wheel=40000
run=1 step=0 angle=321240 target=321680 err=439 steer=0 m1=282/13750 i1=166 t1=30 m2=-187/-13750 i2=-254 t2=29 steerMode=0/282 iSteer=-44063 driveMode=13750/13112 iDrive=210025 scale=0 wheel=40000
run=1 step=0 angle=321416 target=321680 err=264 steer=0 m1=223/13750 i1=184 t1=30 m2=-293/-13750 i2=-251 t2=29 steerMode=0/36 iSteer=-33536 driveMode=13750/12063 iDrive=217670 scale=0 wheel=40000
run=1 step=0 angle=321680 target=321680 err=0 steer=0 m1=246/13750 i1=165 t1=30 m2=-183/-13750 i2=-292 t2=29 steerMode=0/613 iSteer=-63614 driveMode=13750/10715 iDrive=228648 scale=0 wheel=40000
run=1 step=0 angle=321768 target=321680 err=-88 steer=0 m1=202/13750 i1=193 t1=30 m2=-220/-13750 i2=-282 t2=29 steerMode=0/211 iSteer=-44487 driveMode=13750/10231 iDrive=237664 scale=0 wheel=40000
run=1 step=0 angle=321855 target=321680 err=-176 steer=0 m1=213/13750 i1=190 t1=30 m2=-172/-13750 i2=-290 t2=29 steerMode=0/311 iSteer=-50100 driveMode=13750/10873 iDrive=239964 scale=0 wheel=40000
run=1 step=0 angle=321943 target=321680 err=-264 steer=0 m1=282/13750 i1=212 t1=30 m2=-277/-13750 i2=-255 t2=29 steerMode=0/-264 iSteer=-21420 driveMode=13750/12944 iDrive=233692 scale=0 wheel=40000
run=1 step=0 angle=321855 target=321680 err=-176 steer=0 m1=297/13750 i1=191 t1=30 m2=-289/-13750 i2=-251 t2=29 steerMode=0/-80 iSteer=-30047 driveMode=13750/15328 iDrive=220938 scale=0 wheel=40000
run=1 step=0 angle=321943 target=321680 err=-264 steer=0 m1=341/13750 i1=164 t1=30 m2=-365/-13750 i2=-256 t2=29 steerMode=0/236 iSteer=-45928 driveMode=13750/16523 iDrive=210052 scale=0 wheel=40000
run=1 step=0 angle=322031 target=321680 err=-352 steer=0 m1=303/13750 i1=168 t1=30 m2=-285/-13750 i2=-243 t2=29 steerMode=0/57 iSteer=-37463 driveMode=13750/16468 iDrive=205568 scale=0 wheel=40000
run=1 step=0 angle=322031 target=321680 err=-352 steer=0 m1=309/13750 i1=178 t1=30 m2=-321/-13750 i2=-218 t2=29 steerMode=0/-276 iSteer=-20228 driveMode=13750/16896 iDrive=198249 scale=0 wheel=40000
run=1 step=0 angle=322031 target=321680 err=-352 steer=0 m1=330/13750 i1=157 t1=30 m2=-293/-13750 i2=-216 t2=29 steerMode=0/-81 iSteer=-29075 driveMode=13750/17832 iDrive=186573 scale=0 wheel=40000
run=1 step=0 angle=322119 target=321680 err=-439 steer=0 m1=336/13750 i1=146 t1=30 m2=-314/-13750 i2=-212 t2=29 steerMode=0/9 iSteer=-32896 driveMode=13750/17802 iDrive=178630 scale=0 wheel=40000
run=1 step=0 angle=322119 target=321680 err=-439 steer=0 m1=313/13750 i1=141 t1=30 m2=-300/-13750 i2=-204 t2=29 steerMode=0/-17 iSteer=-31555 driveMode=13750/17563 iDrive=172270 scale=0 wheel=40000
run=1 step=0 angle=322031 target=321680 err=-352 steer=0 m1=324/13750 i1=139 t1=30 m2=-356/-13750 i2=-196 t2=29 steerMode=0/-74 iSteer=-28408 driveMode=13750/17251 iDrive=167299 scale=0 wheel=40000
run=1 step=0 angle=322031 target=321680 err=-352 steer=0 m1=295/13750 i1=144 t1=30 m2=-312/-13750 i2=-183 t2=29 steerMode=0/-253 iSteer=-19296 driveMode=13750/16859 iDrive=163376 scale=0 wheel=40000
run=1 step=0 angle=321943 target=321680 err=-264 steer=0 m1=301/13750 i1=135 t1=30 m2=-287/-13750 i2=-185 t2=29 steerMode=0/-130 iSteer=-25124 driveMode=13750/16493 iDrive=160168 scale=0 wheel=40000
run=1 step=0 angle=322031 target=321680 err=-352 steer=0 m1=307/13750 i1=112 t1=30 m2=-201/-13750 i2=-225 t2=29 steerMode=0/482 iSteer=-56262 driveMode=13750/14256 iDrive=168386 scale=0 wheel=40000
run=1 step=0 angle=322119 target=321680 err=-439 steer=0 m1=226/13750 i1=139 t1=30 m2=-166/-13750 i2=-224 t2=29 steerMode=0/189 iSteer=-42670 driveMode=13750/11897 iDrive=181638 scale=0 wheel=40000
run=1 step=0 angle=322207 target=321680 err=-527 steer=-264 m1=142/12300 i1=126 t1=30 m2=-178/-15200 i2=-264 t2=29 steerMode=-1450/-807 iSteer=-68984 driveMode=13750/10277 iDrive=195213 scale=0 wheel=40000
run=1 step=0 angle=322119 target=321680 err=-439 steer=0 m1=175/13750 i1=171 t1=30 m2=-139/-13750 i2=-242 t2=29 steerMode=0/-22 iSteer=-35699 driveMode=13750/9624 iDrive=206241 scale=0 wheel=40000
run=1 step=0 angle=322119 target=321680 err=-439 steer=0 m1=217/13750 i1=174 t1=30 m2=-176/-13750 i2=-253 t2=29 steerMode=0/25 iSteer=-39256 driveMode=13750/9813 iDrive=213294 scale=0 wheel=40000
run=1 step=0 angle=322031 target=321680 err=-352 steer=0 m1=184/13750 i1=219 t1=30 m2=-224/-13750 i2=-207 t2=29 steerMode=0/-877 iSteer=5872 driveMode=13750/11077 iDrive=212874 scale=0 wheel=40000
run=1 step=0 angle=322119 target=321680 err=-439 steer=0 m1=198/13750 i1=162 t1=30 m2=-164/-13750 i2=-271 t2=29 steerMode=0/328 iSteer=-54601 driveMode=13750/11287 iDrive=216337 scale=0 wheel=40000
run=1 step=0 angle=322207 target=321680 err=-527 steer=-264 m1=184/12300 i1=128 t1=30 m2=-241/-15200 i2=-321 t2=29 steerMode=-1450/-351 iSteer=-96567 driveMode=13750/10682 iDrive=224913 scale=0 wheel=40000
run=1 step=0 angle=322207 target=321680 err=-527 steer=-264 m1=161/12300 i1=173 t1=30 m2=-268/-15200 i2=-279 t2=29 steerMode=-1450/-1239 iSteer=-52995 driveMode=13750/11378 iDrive=226289 scale=0 wheel=40000
run=1 step=0 angle=322119 target=321680 err=-439 steer=0 m1=274/13750 i1=206 t1=30 m2=-237/-13750 i2=-244 t2=29 steerMode=0/-434 iSteer=-18597 driveMode=13750/12455 iDrive=224985 scale=0 wheel=40000
run=1 step=0 angle=322031 target=321680 err=-352 steer=0 m1=276/13750 i1=157 t1=30 m2=-293/-13750 i2=-279 t2=29 steerMode=0/384 iSteer=-61140 driveMode=13750/14116 iDrive=218004 scale=0 wheel=40000
run=1 step=0 angle=322031 target=321680 err=-352 steer=0 m1=322/13750 i1=188 t1=30 m2=-340/-13750 i2=-206 t2=29 steerMode=0/-628 iSteer=-8786 driveMode=13750/17363 iDrive=197286 scale=0 wheel=40000
run=1 step=0 angle=322031 target=321680 err=-352 steer=0 m1=345/13750 i1=142 t1=30 m2=-377/-13750 i2=-229 t2=29 steerMode=0/66 iSteer=-43687 driveMode=13750/18249 iDrive=185586 scale=0 wheel=40000
run=1 step=0 angle=321943 target=321680 err=-264 steer=0 m1=359/13750 i1=154 t1=30 m2=-340/-13750 i2=-196 t2=29 steerMode=0/-385 iSteer=-20860 driveMode=13750/18677 iDrive=174676 scale=0 wheel=40000
run=1 step=0 angle=321855 target=321680 err=-176 steer=0 m1=334/13750 i1=130 t1=30 m2=-329/-13750 i2=-198 t2=29 steerMode=0/-108 iSteer=-33928 driveMode=13750/18886 iDrive=163842 scale=0 wheel=40000
run=1 step=0 angle=321768 target=321680 err=-88 steer=0 m1=345/13750 i1=131 t1=30 m2=-363/-13750 i2=-189 t2=29 steerMode=0/-207 iSteer=-28975 driveMode=13750/17955 iDrive=159957 scale=0 wheel=40000
run=1 step=0 angle=321592 target=321680 err=88 steer=0 m1=303/13750 i1=122 t1=30 m2=-327/-13750 i2=-193 t2=29 steerMode=0/-75 iSteer=-35424 driveMode=13750/17034 iDrive=157543 scale=0 wheel=40000
run=1 step=0 angle=321504 target=321680 err=176 steer=0 m1=305/13750 i1=144 t1=30 m2=-319/-13750 i2=-171 t2=29 steerMode=0/-499 iSteer=-13648 driveMode=13750/16153 iDrive=157157 scale=0 wheel=40000
run=1 step=0 angle=321416 target=321680 err=264 steer=0 m1=257/13750 i1=134 t1=30 m2=-302/-13750 i2=-186 t2=29 steerMode=0/-247 iSteer=-26079 driveMode=13750/15013 iDrive=159615 scale=0 wheel=40000
run=1 step=0 angle=321416 target=321680 err=264 steer=0 m1=232/13750 i1=152 t1=30 m2=-268/-13750 i2=-184 t2=29 steerMode=0/-440 iSteer=-16237 driveMode=13750/13370 iDrive=167803 scale=0 wheel=40000
run=1 step=0 angle=321416 target=321680 err=264 steer=0 m1=269/13750 i1=159 t1=30 m2=-250/-13750 i2=-183 t2=29 steerMode=0/-506 iSteer=-11846 driveMode=13750/12989 iDrive=171130 scale=0 wheel=40000
run=1 step=0 angle=321328 target=321680 err=352 steer=0 m1=190/13750 i1=159 t1=30 m2=-283/-13750 i2=-200 t2=29 steerMode=0/-332 iSteer=-20496 driveMode=13750/11953 iDrive=179022 scale=0 wheel=40000
run=1 step=0 angle=321240 target=321680 err=439 steer=0 m1=215/13750 i1=144 t1=30 m2=-178/-13750 i2=-231 t2=29 steerMode=0/135 iSteer=-43348 driveMode=13750/11014 iDrive=187529 scale=0 wheel=40000
run=1 step=0 angle=321240 target=321680 err=439 steer=0 m1=182/13750 i1=182 t1=30 m2=-231/-13750 i2=-200 t2=29 steerMode=0/-536 iSteer=-8782 driveMode=13750/11308 iDrive=190870 scale=0 wheel=40000
run=1 step=0 angle=321152 target=321680 err=527 steer=264 m1=257/15200 i1=176 t1=30 m2=-212/-12300 i2=-216 t2=29 steerMode=1450/1210 iSteer=-20257 driveMode=13750/11350 iDrive=195844 scale=0 wheel=40000
run=1 step=0 angle=321328 target=321680 err=352 steer=0 m1=200/13750 i1=182 t1=30 m2=-208/-13750 i2=-223 t2=29 steerMode=0/-268 iSteer=-20443 driveMode=13750/10958 iDrive=202853 scale=0 wheel=40000
run=1 step=0 angle=321328 target=321680 err=352 steer=0 m1=190/13750 i1=221 t1=30 m2=-222/-13750 i2=-184 t2=29 steerMode=0/-1004 iSteer=18159 driveMode=13750/11833 iDrive=202507 scale=0 wheel=40000
run=1 step=0 angle=321064 target=321680 err=615 steer=308 m1=288/15442 i1=165 t1=30 m2=-187/-12058 i2=-233 t2=29 steerMode=1692/1808 iSteer=-34182 driveMode=13750/13037 iDrive=199058 scale=0 wheel=40000
run=1 step=0 angle=321416 target=321680 err=264 steer=0 m1=253/13750 i1=190 t1=30 m2=-281/-13750 i2=-212 t2=29 steerMode=0/-410 iSteer=-11064 driveMode=13750/12989 iDrive=200864 scale=0 wheel=40000
run=1 step=0 angle=321328 target=321680 err=352 steer=0 m1=221/13750 i1=174 t1=30 m2=-256/-13750 i2=-245 t2=29 steerMode=0/71 iSteer=-35370 driveMode=13750/11807 iDrive=209749 scale=0 wheel=40000
run=1 step=0 angle=321504 target=321680 err=176 steer=0 m1=186/13750 i1=178 t1=30 m2=-172/-13750 i2=-257 t2=29 steerMode=0/155 iSteer=-39677 driveMode=13750/11110 iDrive=217646 scale=0 wheel=40000
run=1 step=0 angle=321680 target=321680 err=0 steer=0 m1=213/13750 i1=180 t1=30 m2=-145/-13750 i2=-267 t2=29 steerMode=0/224 iSteer=-43501 driveMode=13750/10911 iDrive=223364 scale=0 wheel=40000
run=1 step=0 angle=321680 target=321680 err=0 steer=0 m1=213/13750 i1=215 t1=30 m2=-283/-13750 i2=-236 t2=29 steerMode=0/-459 iSteer=-10260 driveMode=13750/11583 iDrive=225592 scale=0 wheel=40000
run=1 step=0 angle=321680 target=321680 err=0 steer=0 m1=259/13750 i1=187 t1=30 m2=-335/-13750 i2=-245 t2=29 steerMode=0/-63 iSteer=-28808 driveMode=13750/13849 iDrive=216131 scale=0 wheel=40000
run=1 step=0 angle=321680 target=321680 err=0 steer=0 m1=263/13750 i1=159 t1=30 m2=-247/-13750 i2=-268 t2=29 steerMode=0/456 iSteer=-54762 driveMode=13750/14192 iDrive=213528 scale=0 wheel=40000
run=1 step=0 angle=321855 target=321680 err=-176 steer=0 m1=240/13750 i1=164 t1=30 m2=-277/-13750 i2=-263 t2=29 steerMode=0/336 iSteer=-49334 driveMode=13750/13996 iDrive=213561 scale=0 wheel=40000
run=1 step=0 angle=322119 target=321680 err=-439 steer=0 m1=265/13750 i1=170 t1=30 m2=-260/-13750 i2=-262 t2=29 steerMode=0/267 iSteer=-46405 driveMode=13750/13475 iDrive=216092 scale=0 wheel=40000
run=1 step=0 angle=322207 target=321680 err=-527 steer=-264 m1=263/12300 i1=116 t1=30 m2=-273/-15200 i2=-318 t2=29 steerMode=-1450/-112 iSteer=-101135 driveMode=13750/13393 iDrive=216951 scale=0 wheel=40000
run=1 step=0 angle=322031 target=321680 err=-352 steer=0 m1=269/13750 i1=196 t1=30 m2=-245/-13750 i2=-222 t2=29 steerMode=0/-398 iSteer=-12835 driveMode=13750/14715 iDrive=209259 scale=0 wheel=40000
run=1 step=0 angle=322119 target=321680 err=-439 steer=0 m1=324/13750 i1=163 t1=30 m2=-291/-13750 i2=-238 t2=29 steerMode=0/83 iSteer=-37210 driveMode=13750/15805 iDrive=200640 scale=0 wheel=40000
run=1 step=0 angle=322207 target=321680 err=-527 steer=-264 m1=253/12300 i1=163 t1=30 m2=-308/-15200 i2=-234 t2=29 steerMode=-1450/-1446 iSteer=-35466 driveMode=13750/15509 iDrive=198715 scale=0 wheel=40000
run=1 step=0 angle=321943 target=321680 err=-264 steer=0 m1=332/13750 i1=148 t1=30 m2=-279/-13750 i2=-234 t2=29 steerMode=0/185 iSteer=-42662 driveMode=13750/16249 iDrive=191104 scale=0 wheel=40000
run=1 step=0 angle=321943 target=321680 err=-264 steer=0 m1=364/13750 i1=165 t1=30 m2=-365/-13750 i2=-200 t2=29 steerMode=0/-323 iSteer=-17692 driveMode=13750/16973 iDrive=182414 scale=0 wheel=40000
run=1 step=0 angle=321768 target=321680 err=-88 steer=0 m1=345/13750 i1=153 t1=30 m2=-386/-13750 i2=-196 t2=29 steerMode=0/-234 iSteer=-21441 driveMode=13750/17270 iDrive=174576 scale=0 wheel=40000
run=1 step=0 angle=321855 target=321680 err=-176 steer=0 m1=297/13750 i1=111 t1=30 m2=-247/-13750 i2=-237 t2=29 steerMode=0/584 iSteer=-62660 driveMode=13750/16105 iDrive=174010 scale=0 wheel=40000
run=1 step=0 angle=322119 target=321680 err=-439 steer=0 m1=278/13750 i1=124 t1=30 m2=-178/-13750 i2=-248 t2=29 steerMode=0/536 iSteer=-62007 driveMode=13750/13328 iDrive=186350 scale=0 wheel=40000
run=1 step=0 angle=322207 target=321680 err=-527 steer=-264 m1=165/12300 i1=153 t1=30 m2=-222/-15200 i2=-257 t2=29 steerMode=-1450/-1199 iSteer=-52194 driveMode=13750/10413 iDrive=204793 scale=0 wheel=40000
run=1 step=0 angle=322119 target=321680 err=-439 steer=0 m1=163/13750 i1=178 t1=30 m2=-118/-13750 i2=-264 t2=29 steerMode=0/59 iSteer=-43360 driveMode=13750/8717 iDrive=220974 scale=0 wheel=40000
run=1 step=0 angle=322207 target=321680 err=-527 steer=-264 m1=146/12300 i1=176 t1=30 m2=-222/-15200 i2=-284 t2=29 steerMode=-1450/-1256 iSteer=-53860 driveMode=13750/8926 iDrive=229885 scale=0 wheel=40000
run=1 step=0 angle=321855 target=321680 err=-176 steer=0 m1=259/13750 i1=183 t1=30 m2=-243/-13750 i2=-267 t2=29 steerMode=0/13 iSteer=-42175 driveMode=13750/11243 iDrive=225249 scale=0 wheel=40000
run=1 step=0 angle=321855 target=321680 err=-176 steer=0 m1=238/13750 i1=185 t1=30 m2=-212/-13750 i2=-253 t2=29 steerMode=0/-149 iSteer=-33842 driveMode=13750/12995 iDrive=218930 scale=0 wheel=40000
run=1 step=0 angle=321943 target=321680 err=-264 steer=0 m1=244/13750 i1=172 t1=30 m2=-218/-13750 i2=-272 t2=29 steerMode=0/151 iSteer=-50144 driveMode=13750/12783 iDrive=222030 scale=0 wheel=40000
run=1 step=0 angle=321943 target=321680 err=-264 steer=0 m1=249/13750 i1=182 t1=30 m2=-247/-13750 i2=-259 t2=29 steerMode=0/-92 iSteer=-38091 driveMode=13750/13357 iDrive=220568 scale=0 wheel=40000
run=1 step=0 angle=321943 target=321680 err=-264 steer=0 m1=301/13750 i1=187 t1=30 m2=-241/-13750 i2=-236 t2=29 steerMode=0/-346 iSteer=-24495 driveMode=13750/15123 iDrive=211224 scale=0 wheel=40000
run=1 step=0 angle=321943 target=321680 err=-264 steer=0 m1=328/13750 i1=185 t1=30 m2=-396/-13750 i2=-198 t2=29 steerMode=0/-702 iSteer=-6071 driveMode=13750/18025 iDrive=191561 scale=0 wheel=40000
run=1 step=0 angle=321855 target=321680 err=-176 steer=0 m1=366/13750 i1=142 t1=30 m2=-327/-13750 i2=-210 t2=29 steerMode=0/-122 iSteer=-33848 driveMode=13750/19222 iDrive=176267 scale=0 wheel=40000
run=1 step=0 angle=321855 target=321680 err=-176 steer=0 m1=380/13750 i1=153 t1=30 m2=-352/-13750 i2=-168 t2=29 steerMode=0/-628 iSteer=-7840 driveMode=13750/20184 iDrive=160365 scale=0 wheel=40000
run=1 step=0 angle=321768 target=321680 err=-88 steer=0 m1=364/13750 i1=128 t1=30 m2=-446/-13750 i2=-164 t2=29 steerMode=0/-394 iSteer=-18221 driveMode=13750/20574 iDrive=146160 scale=0 wheel=40000
run=1 step=0 angle=321504 target=321680 err=176 steer=0 m1=315/13750 i1=123 t1=30 m2=-356/-13750 i2=-156 t2=29 steerMode=0/-415 iSteer=-16393 driveMode=13750/19547 iDrive=139669 scale=0 wheel=40000
run=1 step=0 angle=321328 target=321680 err=352 steer=0 m1=336/13750 i1=118 t1=30 m2=-375/-13750 i2=-157 t2=29 steerMode=0/-333 iSteer=-19814 driveMode=13750/18130 iDrive=137478 scale=0 wheel=40000
run=1 step=0 angle=321152 target=321680 err=527 steer=264 m1=343/15200 i1=186 t1=30 m2=-256/-12300 i2=-94 t2=29 steerMode=1450/-153 iSteer=45593 driveMode=13750/16391 iDrive=139963 scale=0 wheel=40000
run=1 step=0 angle=321064 target=321680 err=615 steer=308 m1=280/15442 i1=118 t1=30 m2=-241/-12058 i2=-174 t2=29 steerMode=1692/1588 iSteer=-27910 driveMode=13750/14599 iDrive=145788 scale=0 wheel=40000
run=1 step=0 angle=321328 target=321680 err=352 steer=0 m1=221/13750 i1=160 t1=30 m2=-283/-13750 i2=-147 t2=29 steerMode=0/-810 iSteer=6687 driveMode=13750/13052 iDrive=153301 scale=0 wheel=40000
run=1 step=0 angle=321240 target=321680 err=439 steer=0 m1=202/13750 i1=165 t1=30 m2=-254/-13750 i2=-158 t2=29 steerMode=0/-701 iSteer=3195 driveMode=13750/11875 iDrive=161639 scale=0 wheel=40000
run=1 step=0 angle=321240 target=321680 err=439 steer=0 m1=154/13750 i1=165 t1=30 m2=-264/-13750 i2=-186 t2=29 steerMode=0/-405 iSteer=-10777 driveMode=13750/10136 iDrive=175710 scale=0 wheel=40000
run=1 step=0 angle=321240 target=321680 err=439 steer=0 m1=207/13750 i1=131 t1=30 m2=-191/-13750 i2=-236 t2=29 steerMode=0/447 iSteer=-52461 driveMode=13750/9928 iDrive=183402 scale=0 wheel=40000
run=1 step=0 angle=321240 target=321680 err=439 steer=0 m1=205/13750 i1=192 t1=30 m2=-206/-13750 i2=-197 t2=29 steerMode=0/-556 iSteer=-2946 driveMode=13750/9302 iDrive=194541 scale=0 wheel=40000
run=1 step=0 angle=321240 target=321680 err=439 steer=0 m1=169/13750 i1=162 t1=30 m2=-176/-13750 i2=-244 t2=29 steerMode=0/201 iSteer=-40767 driveMode=13750/9231 iDrive=203079 scale=0 wheel=40000
run=1 step=0 angle=321240 target=321680 err=439 steer=0 m1=190/13750 i1=177 t1=30 m2=-130/-13750 i2=-244 t2=29 steerMode=0/65 iSteer=-33859 driveMode=13750/9405 iDrive=210460 scale=0 wheel=40000
run=1 step=0 angle=321328 target=321680 err=352 steer=0 m1=190/13750 i1=183 t1=30 m2=-164/-13750 i2=-256 t2=29 steerMode=0/92 iSteer=-36654 driveMode=13750/9230 iDrive=219655 scale=0 wheel=40000
run=1 step=0 angle=321328 target=321680 err=352 steer=0 m1=179/13750 i1=200 t1=30 m2=-227/-13750 i2=-238 t2=29 steerMode=0/-257 iSteer=-18551 driveMode=13750/10745 iDrive=218992 scale=0 wheel=40000
run=1 step=0 angle=321240 target=321680 err=439 steer=0 m1=249/13750 i1=177 t1=30 m2=-229/-13750 i2=-257 t2=29 steerMode=0/174 iSteer=-40206 driveMode=13750/12045 iDrive=216878 scale=0 wheel=40000
run=1 step=0 angle=321416 target=321680 err=264 steer=0 m1=209/13750 i1=150 t1=30 m2=-197/-13750 i2=-297 t2=29 steerMode=0/816 iSteer=-73578 driveMode=13750/11407 iDrive=223275 scale=0 wheel=40000
run=1 step=0 angle=321592 target=321680 err=88 steer=0 m1=188/13750 i1=175 t1=30 m2=-227/-13750 i2=-290 t2=29 steerMode=0/486 iSteer=-57945 driveMode=13750/10619 iDrive=232451 scale=0 wheel=40000
run=1 step=0 angle=321768 target=321680 err=-88 steer=0 m1=234/13750 i1=199 t1=30 m2=-162/-13750 i2=-284 t2=29 steerMode=0/154 iSteer=-42411 driveMode=13750/10253 iDrive=241197 scale=0 wheel=40000
run=1 step=0 angle=321855 target=321680 err=-176 steer=0 m1=226/13750 i1=202 t1=30 m2=-283/-13750 i2=-283 t2=29 steerMode=0/106 iSteer=-40824 driveMode=13750/11106 iDrive=242664 scale=0 wheel=40000
run=1 step=0 angle=321943 target=321680 err=-264 steer=0 m1=221/13750 i1=203 t1=30 m2=-229/-13750 i2=-277 t2=29 steerMode=0/25 iSteer=-37039 driveMode=13750/12272 iDrive=239944 scale=0 wheel=40000
run=1 step=0 angle=321943 target=321680 err=-264 steer=0 m1=276/13750 i1=218 t1=30 m2=-252/-13750 i2=-237 t2=29 steerMode=0/-498 iSteer=-9733 driveMode=13750/14817 iDrive=227521 scale=0 wheel=40000
run=1 step=0 angle=321943 target=321680 err=-264 steer=0 m1=311/13750 i1=170 t1=30 m2=-243/-13750 i2=-267 t2=29 steerMode=0/281 iSteer=-48411 driveMode=13750/15879 iDrive=218760 scale=0 wheel=40000
run=1 step=0 angle=322207 target=321680 err=-527 steer=-264 m1=257/12300 i1=115 t1=30 m2=-277/-15200 i2=-330 t2=29 steerMode=-1450/-53 iSteer=-107452 driveMode=13750/14476 iDrive=222817 scale=0 wheel=40000
run=1 step=0 angle=322119 target=321680 err=-439 steer=0 m1=269/13750 i1=176 t1=30 m2=-187/-13750 i2=-277 t2=29 steerMode=0/268 iSteer=-50636 driveMode=13750/13602 iDrive=226482 scale=0 wheel=40000
run=1 step=0 angle=322207 target=321680 err=-527 steer=-264 m1=263/12300 i1=162 t1=30 m2=-281/-15200 i2=-281 t2=29 steerMode=-1450/-1071 iSteer=-59310 driveMode=13750/14428 iDrive=221695 scale=0 wheel=40000
run=1 step=0 angle=322031 target=321680 err=-352 steer=0 m1=288/13750 i1=191 t1=30 m2=-250/-13750 i2=-230 t2=29 steerMode=0/-373 iSteer=-19770 driveMode=13750/16043 iDrive=210445 scale=0 wheel=40000
run=1 step=0 angle=321855 target=321680 err=-176 steer=0 m1=336/13750 i1=147 t1=30 m2=-308/-13750 i2=-249 t2=29 steerMode=0/241 iSteer=-50534 driveMode=13750/17391 iDrive=198032 scale=0 wheel=40000
run=1 step=0 angle=321768 target=321680 err=-88 steer=0 m1=362/13750 i1=162 t1=30 m2=-358/-13750 i2=-213 t2=29 steerMode=0/-248 iSteer=-25299 driveMode=13750/18007 iDrive=187550 scale=0 wheel=40000
run=1 step=0 angle=321768 target=321680 err=-88 steer=0 m1=385/13750 i1=150 t1=30 m2=-358/-13750 i2=-204 t2=29 steerMode=0/-200 iSteer=-26903 driveMode=13750/18431 iDrive=176856 scale=0 wheel=40000
run=1 step=0 angle=321680 target=321680 err=0 steer=0 m1=341/13750 i1=157 t1=30 m2=-383/-13750 i2=-179 t2=29 steerMode=0/-494 iSteer=-11127 driveMode=13750/18548 iDrive=167726 scale=0 wheel=40000
run=1 step=0 angle=321328 target=321680 err=352 steer=0 m1=332/13750 i1=121 t1=30 m2=-327/-13750 i2=-200 t2=29 steerMode=0/92 iSteer=-39446 driveMode=13750/18257 iDrive=160384 scale=0 wheel=40000
run=1 step=0 angle=321240 target=321680 err=439 steer=0 m1=311/13750 i1=135 t1=30 m2=-281/-13750 i2=-195 t2=29 steerMode=0/-99 iSteer=-30039 driveMode=13750/16043 iDrive=165313 scale=0 wheel=40000
run=1 step=0 angle=321416 target=321680 err=264 steer=0 m1=230/13750 i1=119 t1=30 m2=-197/-13750 i2=-240 t2=29 steerMode=0/494 iSteer=-60558 driveMode=13750/12902 iDrive=179640 scale=0 wheel=40000
run=1 step=0 angle=321768 target=321680 err=-88 steer=0 m1=167/13750 i1=137 t1=30 m2=-183/-13750 i2=-264 t2=29 steerMode=0/530 iSteer=-63536 driveMode=13750/9745 iDrive=200080 scale=0 wheel=40000
run=1 step=0 angle=321855 target=321680 err=-176 steer=0 m1=175/13750 i1=163 t1=30 m2=-130/-13750 i2=-263 t2=29 steerMode=0/250 iSteer=-50134 driveMode=13750/8848 iDrive=213068 scale=0 wheel=40000
run=1 step=0 angle=321855 target=321680 err=-176 steer=0 m1=171/13750 i1=190 t1=30 m2=-180/-13750 i2=-242 t2=29 steerMode=0/-230 iSteer=-25817 driveMode=13750/9874 iDrive=216081 scale=0 wheel=40000
run=1 step=0 angle=321943 target=321680 err=-264 steer=0 m1=209/13750 i1=171 t1=30 m2=-203/-13750 i2=-266 t2=29 steerMode=0/204 iSteer=-47501 driveMode=13750/10625 iDrive=218701 scale=0 wheel=40000
run=1 step=0 angle=322207 target=321680 err=-527 steer=-264 m1=177/12300 i1=96 t1=30 m2=-162/-15200 i2=-359 t2=29 steerMode=-1450/391 iSteer=-131485 driveMode=13750/10078 iDrive=227571 scale=0 wheel=40000
run=1 step=0 angle=322207 target=321680 err=-527 steer=-264 m1=184/12300 i1=181 t1=30 m2=-180/-15200 i2=-283 t2=29 steerMode=-1450/-1253 iSteer=-51293 driveMode=13750/10545 iDrive=231804 scale=0 wheel=40000
run=1 step=0 angle=322119 target=321680 err=-439 steer=-214 m1=209/12575 i1=158 t1=30 m2=-176/-14925 i2=-314 t2=29 steerMode=-1175/-478 iSteer=-77795 driveMode=13750/10891 iDrive=235803 scale=0 wheel=40000
run=1 step=0 angle=322119 target=321680 err=-439 steer=0 m1=232/13750 i1=157 t1=30 m2=-189/-13750 i2=-309 t2=29 steerMode=0/679 iSteer=-76244 driveMode=13750/12239 iDrive=232849 scale=0 wheel=40000
run=1 step=0 angle=322031 target=321680 err=-352 steer=0 m1=272/13750 i1=209 t1=30 m2=-331/-13750 i2=-231 t2=29 steerMode=0/-648 iSteer=-10872 driveMode=13750/14993 iDrive=219794 scale=0 wheel=40000
run=1 step=0 angle=321943 target=321680 err=-264 steer=0 m1=313/13750 i1=163 t1=30 m2=-356/-13750 i2=-240 t2=29 steerMode=0/-58 iSteer=-38736 driveMode=13750/17586 iDrive=201486 scale=0 wheel=40000
run=1 step=0 angle=321855 target=321680 err=-176 steer=0 m1=330/13750 i1=136 t1=30 m2=-319/-13750 i2=-251 t2=29 steerMode=0/299 iSteer=-57277 driveMode=13750/17745 iDrive=193616 scale=0 wheel=40000
run=1 step=0 angle=321855 target=321680 err=-176 steer=0 m1=330/13750 i1=165 t1=30 m2=-331/-13750 i2=-196 t2=29 steerMode=0/-517 iSteer=-15590 driveMode=13750/18672 iDrive=180588 scale=0 wheel=40000
run=1 step=0 angle=321855 target=321680 err=-176 steer=0 m1=370/13750 i1=132 t1=30 m2=-365/-13750 i2=-204 t2=29 steerMode=0/-100 iSteer=-35723 driveMode=13750/19218 iDrive=168151 scale=0 wheel=40000
run=1 step=0 angle=321680 target=321680 err=0 steer=0 m1=351/13750 i1=124 t1=30 m2=-365/-13750 i2=-192 t2=29 steerMode=0/-111 iSteer=-34237 driveMode=13750/19141 iDrive=158011 scale=0 wheel=40000
run=1 step=0 angle=321592 target=321680 err=88 steer=0 m1=318/13750 i1=118 t1=30 m2=-327/-13750 i2=-196 t2=29 steerMode=0/-21 iSteer=-38909 driveMode=13750/17606 iDrive=157312 scale=0 wheel=40000
run=1 step=0 angle=321592 target=321680 err=88 steer=0 m1=276/13750 i1=114 t1=30 m2=-231/-13750 i2=-214 t2=29 steerMode=0/190 iSteer=-49863 driveMode=13750/15263 iDrive=163813 scale=0 wheel=40000
run=1 step=0 angle=321504 target=321680 err=176 steer=0 m1=236/13750 i1=125 t1=30 m2=-212/-13750 i2=-212 t2=29 steerMode=0/66 iSteer=-43721 driveMode=13750/13999 iDrive=168290 scale=0 wheel=40000
run=1 step=0 angle=321504 target=321680 err=176 steer=0 m1=249/13750 i1=143 t1=30 m2=-268/-13750 i2=-199 t2=29 steerMode=0/-238 iSteer=-27826 driveMode=13750/13544 iDrive=170835 scale=0 wheel=40000
run=1 step=0 angle=321328 target=321680 err=352 steer=0 m1=263/13750 i1=132 t1=30 m2=-237/-13750 i2=-217 t2=29 steerMode=0/76 iSteer=-42418 driveMode=13750/12926 iDrive=174807 scale=0 wheel=40000
run=1 step=0 angle=321328 target=321680 err=352 steer=0 m1=221/13750 i1=143 t1=30 m2=-197/-13750 i2=-216 t2=29 steerMode=0/-31 iSteer=-36340 driveMode=13750/12425 iDrive=179185 scale=0 wheel=40000
run=1 step=0 angle=321328 target=321680 err=352 steer=0 m1=202/13750 i1=185 t1=30 m2=-279/-13750 i2=-189 t2=29 steerMode=0/-715 iSteer=-2175 driveMode=13750/11729 iDrive=186677 scale=0 wheel=40000
run=1 step=0 angle=321328 target=321680 err=352 steer=0 m1=234/13750 i1=150 t1=30 m2=-176/-13750 i2=-239 t2=29 steerMode=0/142 iSteer=-44467 driveMode=13750/11055 iDrive=194119 scale=0 wheel=40000
run=1 step=0 angle=321328 target=321680 err=352 steer=0 m1=211/13750 i1=173 t1=30 m2=-222/-13750 i2=-224 t2=29 steerMode=0/-232 iSteer=-25645 driveMode=13750/11066 iDrive=198465 scale=0 wheel=40000
run=1 step=0 angle=321240 target=321680 err=439 steer=0 m1=244/13750 i1=187 t1=30 m2=-199/-13750 i2=-210 t2=29 steerMode=0/-506 iSteer=-11252 driveMode=13750/11863 iDrive=198519 scale=0 wheel=40000
run=1 step=0 angle=321152 target=321680 err=527 steer=264 m1=230/15200 i1=213 t1=30 m2=-162/-12300 i2=-185 t2=29 steerMode=1450/498 iSteer=13795 driveMode=13750/12392 iDrive=198848 scale=0 wheel=40000
run=1 step=0 angle=321240 target=321680 err=439 steer=0 m1=202/13750 i1=147 t1=30 m2=-281/-13750 i2=-261 t2=29 steerMode=0/429 iSteer=-57252 driveMode=13750/11963 iDrive=204216 scale=0 wheel=40000
run=1 step=0 angle=321152 target=321680 err=527 steer=264 m1=255/15200 i1=215 t1=30 m2=-153/-12300 i2=-207 t2=29 steerMode=1450/697 iSteer=4000 driveMode=13750/11382 iDrive=210792 scale=0 wheel=40000
run=1 step=0 angle=321328 target=321680 err=352 steer=0 m1=257/13750 i1=198 t1=30 m2=-243/-13750 i2=-224 t2=29 steerMode=0/-451 iSteer=-12856 driveMode=13750/12070 iDrive=211165 scale=0 wheel=40000
run=1 step=0 angle=321240 target=321680 err=439 steer=0 m1=253/13750 i1=178 t1=30 m2=-231/-13750 i2=-241 t2=29 steerMode=0/-65 iSteer=-31281 driveMode=13750/12796 iDrive=209646 scale=0 wheel=40000
run=1 step=0 angle=321152 target=321680 err=527 steer=264 m1=286/15200 i1=213 t1=30 m2=-310/-12300 i2=-201 t2=29 steerMode=1450/682 iSteer=6087 driveMode=13750/13593 iDrive=206975 scale=0 wheel=40000
run=1 step=0 angle=321328 target=321680 err=352 steer=0 m1=286/13750 i1=189 t1=30 m2=-302/-13750 i2=-212 t2=29 steerMode=0/-417 iSteer=-11675 driveMode=13750/14631 iDrive=200744 scale=0 wheel=40000
run=1 step=0 angle=321240 target=321680 err=439 steer=0 m1=280/13750 i1=161 t1=30 m2=-260/-13750 i2=-243 t2=29 steerMode=0/189 iSteer=-40954 driveMode=13750/14147 iDrive=201644 scale=0 wheel=40000
run=1 step=0 angle=321416 target=321680 err=264 steer=0 m1=242/13750 i1=165 t1=30 m2=-279/-13750 i2=-246 t2=29 steerMode=0/186 iSteer=-40619 driveMode=13750/13266 iDrive=205610 scale=0 wheel=40000
run=1 step=0 angle=321504 target=321680 err=176 steer=0 m1=263/13750 i1=169 t1=30 m2=-214/-13750 i2=-246 t2=29 steerMode=0/161 iSteer=-38858 driveMode=13750/13051 iDrive=207395 scale=0 wheel=40000
run=1 step=0 angle=321592 target=321680 err=88 steer=0 m1=257/13750 i1=185 t1=30 m2=-310/-13750 i2=-220 t2=29 steerMode=0/-261 iSteer=-17320 driveMode=13750/13970 iDrive=202774 scale=0 wheel=40000
run=1 step=0 angle=321592 target=321680 err=88 steer=0 m1=249/13750 i1=184 t1=30 m2=-277/-13750 i2=-212 t2=29 steerMode=0/-316 iSteer=-13984 driveMode=13750/14691 iDrive=197677 scale=0 wheel=40000
run=1 step=0 angle=321680 target=321680 err=0 steer=0 m1=282/13750 i1=177 t1=30 m2=-233/-13750 i2=-214 t2=29 steerMode=0/-220 iSteer=-18418 driveMode=13750/14728 iDrive=195784 scale=0 wheel=40000
run=1 step=0 angle=321680 target=321680 err=0 steer=0 m1=276/13750 i1=165 t1=30 m2=-222/-13750 i2=-224 t2=29 steerMode=0/-10 iSteer=-29072 driveMode=13750/14605 iDrive=194444 scale=0 wheel=40000
run=1 step=0 angle=321680 target=321680 err=0 steer=0 m1=299/13750 i1=167 t1=30 m2=-314/-13750 i2=-215 t2=29 steerMode=0/-111 iSteer=-23721 driveMode=13750/14930 iDrive=190884 scale=0 wheel=40000
run=1 step=0 angle=321680 target=321680 err=0 steer=0 m1=278/13750 i1=164 t1=30 m2=-289/-13750 i2=-212 t2=29 steerMode=0/-102 iSteer=-23933 driveMode=13750/14988 iDrive=188262 scale=0 wheel=40000
run=1 step=0 angle=321680 target=321680 err=0 steer=0 m1=299/13750 i1=161 t1=30 m2=-270/-13750 i2=-204 t2=29 steerMode=0/-138 iSteer=-21082 driveMode=13750/15486 iDrive=182499 scale=0 wheel=40000
run=1 step=0 angle=321680 target=321680 err=0 steer=0 m1=276/13750 i1=143 t1=30 m2=-270/-13750 i2=-216 t2=29 steerMode=0/168 iSteer=-36536 driveMode=13750/15385 iDrive=179565 scale=0 wheel=40000
run=1 step=0 angle=321943 target=321680 err=-264 steer=0 m1=211/13750 i1=132 t1=30 m2=-245/-13750 i2=-246 t2=29 steerMode=0/549 iSteer=-56825 driveMode=13750/13229 iDrive=189189 scale=0 wheel=40000
run=1 step=0 angle=322119 target=321680 err=-439 steer=0 m1=200/13750 i1=150 t1=30 m2=-229/-13750 i2=-258 t2=29 steerMode=0/464 iSteer=-53993 driveMode=13750/11024 iDrive=203671 scale=0 wheel=40000
run=1 step=0 angle=322207 target=321680 err=-527 steer=-264 m1=182/12300 i1=122 t1=30 m2=-147/-15200 i2=-317 t2=29 steerMode=-1450/-196 iSteer=-97751 driveMode=13750/9334 iDrive=219307 scale=0 wheel=40000
run=1 step=0 angle=322119 target=321680 err=-439 steer=0 m1=167/13750 i1=204 t1=30 m2=-118/-13750 i2=-262 t2=29 steerMode=0/-143 iSteer=-29368 driveMode=13750/8442 iDrive=233023 scale=0 wheel=40000
run=1 step=0 angle=322295 target=321680 err=-615 steer=-308 m1=177/12058 i1=125 t1=30 m2=-174/-15442 i2=-343 t2=29 steerMode=-1692/-318 iSteer=-108925 driveMode=13750/9913 iDrive=234293 scale=0 wheel=40000
run=1 step=0 angle=321943 target=321680 err=-264 steer=0 m1=238/13750 i1=216 t1=30 m2=-214/-13750 i2=-245 t2=29 steerMode=0/-472 iSteer=-14184 driveMode=13750/11778 iDrive=230630 scale=0 wheel=40000
run=1 step=0 angle=322207 target=321680 err=-527 steer=-264 m1=240/12300 i1=52 t1=30 m2=-147/-15200 i2=-415 t2=29 steerMode=-1450/1367 iSteer=-181552 driveMode=13750/11697 iDrive=233788 scale=0 wheel=40000
run=1 step=0 angle=322295 target=321680 err=-615 steer=-308 m1=177/12058 i1=178 t1=30 m2=-300/-15442 i2=-306 t2=29 steerMode=-1692/-1312 iSteer=-63929 driveMode=13750/11098 iDrive=241915 scale=0 wheel=40000
run=1 step=0 angle=322119 target=321680 err=-439 steer=0 m1=253/13750 i1=197 t1=30 m2=-195/-13750 i2=-292 t2=29 steerMode=0/55 iSteer=-47545 driveMode=13750/11531 iDrive=244580 scale=0 wheel=40000
run=1 step=0 angle=322119 target=321680 err=-439 steer=0 m1=257/13750 i1=215 t1=30 m2=-356/-13750 i2=-255 t2=29 steerMode=0/-499 iSteer=-19910 driveMode=13750/13919 iDrive=234955 scale=0 wheel=40000
run=1 step=0 angle=322031 target=321680 err=-352 steer=0 m1=332/13750 i1=205 t1=30 m2=-350/-13750 i2=-226 t2=29 steerMode=0/-679 iSteer=-10617 driveMode=13750/17154 iDrive=215761 scale=0 wheel=40000
run=1 step=0 angle=322031 target=321680 err=-352 steer=0 m1=395/13750 i1=177 t1=30 m2=-419/-13750 i2=-206 t2=29 steerMode=0/-563 iSteer=-14295 driveMode=13750/20095 iDrive=191671 scale=0 wheel=40000
run=1 step=0 angle=321943 target=321680 err=-264 steer=0 m1=385/13750 i1=147 t1=30 m2=-427/-13750 i2=-200 t2=29 steerMode=0/-308 iSteer=-26317 driveMode=13750/21129 iDrive=173665 scale=0 wheel=40000
run=1 step=0 angle=321855 target=321680 err=-176 steer=0 m1=422/13750 i1=138 t1=30 m2=-444/-13750 i2=-174 t2=29 steerMode=0/-451 iSteer=-17963 driveMode=13750/21758 iDrive=156108 scale=0 wheel=40000
run=1 step=0 angle=321680 target=321680 err=0 steer=0 m1=389/13750 i1=125 t1=30 m2=-421/-13750 i2=-161 t2=29 steerMode=0/-436 iSteer=-17769 driveMode=13750/21377 iDrive=143177 scale=0 wheel=40000
run=1 step=0 angle=321328 target=321680 err=352 steer=0 m1=380/13750 i1=119 t1=30 m2=-398/-13750 i2=-149 t2=29 steerMode=0/-474 iSteer=-14841 driveMode=13750/20571 iDrive=133889 scale=0 wheel=40000
run=1 step=0 angle=320977 target=321680 err=703 steer=352 m1=372/15684 i1=133 t1=30 m2=-260/-11816 i2=-138 t2=29 steerMode=1934/1282 iSteer=-2745 driveMode=13750/18184 iDrive=135451 scale=0 wheel=40000
run=1 step=0 angle=321240 target=321680 err=439 steer=0 m1=274/13750 i1=89 t1=30 m2=-289/-13750 i2=-194 t2=29 steerMode=0/333 iSteer=-52644 driveMode=13750/15744 iDrive=141344 scale=0 wheel=40000
run=1 step=0 angle=321152 target=321680 err=527 steer=264 m1=246/15200 i1=211 t1=30 m2=-268/-12300 i2=-92 t2=29 steerMode=1450/-414 iSteer=59379 driveMode=13750/13343 iDrive=151612 scale=0 wheel=40000
run=1 step=0 angle=321416 target=321680 err=264 steer=0 m1=175/13750 i1=90 t1=30 m2=-178/-13750 i2=-238 t2=29 steerMode=0/815 iSteer=-74112 driveMode=13750/11275 iDrive=164009 scale=0 wheel=40000
run=1 step=0 angle=321416 target=321680 err=264 steer=0 m1=169/13750 i1=183 t1=30 m2=-243/-13750 i2=-167 t2=29 steerMode=0/-811 iSteer=8009 driveMode=13750/10422 iDrive=174558 scale=0 wheel=40000
run=1 step=0 angle=321504 target=321680 err=176 steer=0 m1=163/13750 i1=143 t1=30 m2=-170/-13750 i2=-246 t2=29 steerMode=0/369 iSteer=-51252 driveMode=13750/8125 iDrive=194621 scale=0 wheel=40000
run=1 step=0 angle=321416 target=321680 err=264 steer=0 m1=173/13750 i1=171 t1=30 m2=-187/-13750 i2=-234 t2=29 steerMode=0/-11 iSteer=-31317 driveMode=13750/8391 iDrive=202791 scale=0 wheel=40000
run=1 step=0 angle=321504 target=321680 err=176 steer=0 m1=133/13750 i1=180 t1=30 m2=-122/-13750 i2=-249 t2=29 steerMode=0/43 iSteer=-34448 driveMode=13750/8131 iDrive=214500 scale=0 wheel=40000
run=1 step=0 angle=321592 target=321680 err=88 steer=0 m1=198/13750 i1=169 t1=30 m2=-183/-13750 i2=-282 t2=29 steerMode=0/490 iSteer=-56325 driveMode=13750/8004 iDrive=225255 scale=0 wheel=40000
run=1 step=0 angle=321768 target=321680 err=-88 steer=0 m1=138/13750 i1=212 t1=30 m2=-208/-13750 i2=-265 t2=29 steerMode=0/-141 iSteer=-26342 driveMode=13750/7594 iDrive=238729 scale=0 wheel=40000
run=1 step=0 angle=321680 target=321680 err=0 steer=0 m1=200/13750 i1=224 t1=30 m2=-224/-13750 i2=-246 t2=29 steerMode=0/-429 iSteer=-10896 driveMode=13750/10162 iDrive=234809 scale=0 wheel=40000
run=1 step=0 angle=321680 target=321680 err=0 steer=0 m1=219/13750 i1=213 t1=30 m2=-258/-13750 i2=-246 t2=29 steerMode=0/-314 iSteer=-16502 driveMode=13750/12163 iDrive=229472 scale=0 wheel=40000
run=1 step=0 angle=321855 target=321680 err=-176 steer=0 m1=253/13750 i1=150 t1=30 m2=-160/-13750 i2=-319 t2=29 steerMode=0/1028 iSteer=-84396 driveMode=13750/11699 iDrive=234380 scale=0 wheel=40000
run=1 step=0 angle=322119 target=321680 err=-439 steer=0 m1=230/13750 i1=187 t1=30 m2=-252/-13750 i2=-291 t2=29 steerMode=0/360 iSteer=-52085 driveMode=13750/11480 iDrive=239070 scale=0 wheel=40000
run=1 step=0 angle=322207 target=321680 err=-527 steer=-264 m1=238/12300 i1=190 t1=30 m2=-279/-15200 i2=-292 t2=29 steerMode=-1450/-1172 iSteer=-51040 driveMode=13750/11888 iDrive=240866 scale=0 wheel=40000
run=1 step=0 angle=322031 target=321680 err=-352 steer=0 m1=265/13750 i1=166 t1=30 m2=-172/-13750 i2=-315 t2=29 steerMode=0/757 iSteer=-74397 driveMode=13750/12496 iDrive=240280 scale=0 wheel=40000
run=1 step=0 angle=322031 target=321680 err=-352 steer=0 m1=259/13750 i1=222 t1=30 m2=-256/-13750 i2=-245 t2=29 steerMode=0/-533 iSteer=-11213 driveMode=13750/14119 iDrive=233327 scale=0 wheel=40000
run=1 step=0 angle=321943 target=321680 err=-264 steer=0 m1=343/13750 i1=185 t1=30 m2=-369/-13750 i2=-249 t2=29 steerMode=0/-94 iSteer=-32067 driveMode=13750/16824 iDrive=216693 scale=0 wheel=40000
run=1 step=0 angle=322031 target=321680 err=-352 steer=0 m1=309/13750 i1=145 t1=30 m2=-293/-13750 i2=-274 t2=29 steerMode=0/525 iSteer=-64228 driveMode=13750/16982 iDrive=209427 scale=0 wheel=40000
run=1 step=0 angle=322119 target=321680 err=-439 steer=0 m1=326/13750 i1=164 t1=30 m2=-306/-13750 i2=-252 t2=29 steerMode=0/117 iSteer=-44156 driveMode=13750/16284 iDrive=207800 scale=0 wheel=40000
run=1 step=0 angle=322119 target=321680 err=-439 steer=0 m1=253/13750 i1=232 t1=30 m2=-363/-13750 i2=-184 t2=29 steerMode=0/-1287 iSteer=24267 driveMode=13750/15511 iDrive=208033 scale=0 wheel=40000
run=1 step=0 angle=322119 target=321680 err=-439 steer=0 m1=311/13750 i1=156 t1=30 m2=-308/-13750 i2=-250 t2=29 steerMode=0/147 iSteer=-46675 driveMode=13750/15841 iDrive=202890 scale=0 wheel=40000
run=1 step=0 angle=322119 target=321680 err=-439 steer=0 m1=341/13750 i1=171 t1=30 m2=-300/-13750 i2=-217 t2=29 steerMode=0/-306 iSteer=-23119 driveMode=13750/16648 iDrive=193832 scale=0 wheel=40000
run=1 step=0 angle=322119 target=321680 err=-439 steer=0 m1=313/13750 i1=156 t1=30 m2=-285/-13750 i2=-222 t2=29 steerMode=0/-106 iSteer=-32999 driveMode=13750/16452 iDrive=189314 scale=0 wheel=40000
run=1 step=0 angle=322119 target=321680 err=-439 steer=0 m1=351/13750 i1=156 t1=30 m2=-306/-13750 i2=-206 t2=29 steerMode=0/-250 iSteer=-25292 driveMode=13750/16973 iDrive=181085 scale=0 wheel=40000
run=1 step=0 angle=322119 target=321680 err=-439 steer=0 m1=320/13750 i1=155 t1=30 m2=-363/-13750 i2=-191 t2=29 steerMode=0/-380 iSteer=-18152 driveMode=13750/17288 iDrive=172997 scale=0 wheel=40000
run=1 step=0 angle=322119 target=321680 err=-439 steer=0 m1=322/13750 i1=145 t1=30 m2=-358/-13750 i2=-185 t2=29 steerMode=0/-327 iSteer=-19859 driveMode=13750/17513 iDrive=164976 scale=0 wheel=40000
run=1 step=0 angle=322031 target=321680 err=-352 steer=0 m1=328/13750 i1=112 t1=30 m2=-250/-13750 i2=-214 t2=29 steerMode=0/295 iSteer=-50660 driveMode=13750/16629 iDrive=162987 scale=0 wheel=40000
run=1 step=0 angle=322031 target=321680 err=-352 steer=0 m1=305/13750 i1=120 t1=30 m2=-310/-13750 i2=-217 t2=29 steerMode=0/233 iSteer=-48577 driveMode=13750/14818 iDrive=168290 scale=0 wheel=40000
run=1 step=0 angle=322119 target=321680 err=-439 steer=0 m1=255/13750 i1=116 t1=30 m2=-193/-13750 i2=-238 t2=29 steerMode=0/461 iSteer=-60788 driveMode=13750/13002 iDrive=176959 scale=0 wheel=40000
run=1 step=0 angle=322119 target=321680 err=-439 steer=0 m1=234/13750 i1=152 t1=30 m2=-199/-13750 i2=-220 t2=29 steerMode=0/-79 iSteer=-34098 driveMode=13750/11885 iDrive=185648 scale=0 wheel=40000
run=1 step=0 angle=322119 target=321680 err=-439 steer=0 m1=267/13750 i1=159 t1=30 m2=-285/-13750 i2=-215 t2=29 steerMode=0/-199 iSteer=-28092 driveMode=13750/12366 iDrive=186823 scale=0 wheel=40000
run=1 step=0 angle=322207 target=321680 err=-527 steer=-264 m1=226/12300 i1=65 t1=30 m2=-235/-15200 i2=-318 t2=29 steerMode=-1450/308 iSteer=-126394 driveMode=13750/11991 iDrive=191138 scale=0 wheel=40000
run=1 step=0 angle=322207 target=321680 err=-527 steer=-264 m1=177/12300 i1=92 t1=30 m2=-193/-15200 i2=-319 t2=29 steerMode=-1450/28 iSteer=-113468 driveMode=13750/10239 iDrive=205172 scale=0 wheel=40000
run=1 step=0 angle=322119 target=321680 err=-439 steer=0 m1=159/13750 i1=246 t1=30 m2=-180/-13750 i2=-178 t2=29 steerMode=0/-1501 iSteer=34121 driveMode=13750/10149 iDrive=212349 scale=0 wheel=40000
run=1 step=0 angle=322119 target=321680 err=-439 steer=0 m1=236/13750 i1=161 t1=30 m2=-229/-13750 i2=-273 t2=29 steerMode=0/293 iSteer=-55563 driveMode=13750/10650 iDrive=216975 scale=0 wheel=40000
run=1 step=0 angle=322119 target=321680 err=-439 steer=0 m1=238/13750 i1=171 t1=30 m2=-252/-13750 i2=-252 t2=29 steerMode=0/4 iSteer=-40495 driveMode=13750/12549 iDrive=211445 scale=0 wheel=40000
run=1 step=0 angle=322031 target=321680 err=-352 steer=0 m1=288/13750 i1=194 t1=30 m2=-264/-13750 i2=-202 t2=29 steerMode=0/-717 iSteer=-3900 driveMode=13750/15205 iDrive=197876 scale=0 wheel=40000
run=1 step=0 angle=322031 target=321680 err=-352 steer=0 m1=307/13750 i1=158 t1=30 m2=-302/-13750 i2=-215 t2=29 steerMode=0/-189 iSteer=-28915 driveMode=13750/16552 iDrive=186507 scale=0 wheel=40000
run=1 step=0 angle=322031 target=321680 err=-352 steer=0 m1=324/13750 i1=157 t1=30 m2=-346/-13750 i2=-194 t2=29 steerMode=0/-386 iSteer=-18124 driveMode=13750/17472 iDrive=175467 scale=0 wheel=40000
run=1 step=0 angle=321943 target=321680 err=-264 steer=0 m1=318/13750 i1=142 t1=30 m2=-321/-13750 i2=-191 t2=29 steerMode=0/-246 iSteer=-24596 driveMode=13750/17777 iDrive=166834 scale=0 wheel=40000
run=1 step=0 angle=321943 target=321680 err=-264 steer=0 m1=315/13750 i1=124 t1=30 m2=-300/-13750 i2=-195 t2=29 steerMode=0/-27 iSteer=-35326 driveMode=13750/17776 iDrive=159533 scale=0 wheel=40000
run=1 step=0 angle=321855 target=321680 err=-176 steer=0 m1=347/13750 i1=130 t1=30 m2=-327/-13750 i2=-177 t2=29 steerMode=0/-243 iSteer=-23567 driveMode=13750/17578 iDrive=153319 scale=0 wheel=40000
run=1 step=0 angle=321855 target=321680 err=-176 steer=0 m1=292/13750 i1=120 t1=30 m2=-369/-13750 i2=-181 t2=29 steerMode=0/-97 iSteer=-30658 driveMode=13750/16773 iDrive=150777 scale=0 wheel=40000
run=1 step=0 angle=321768 target=321680 err=-88 steer=0 m1=299/13750 i1=113 t1=30 m2=-308/-13750 i2=-191 t2=29 steerMode=0/84 iSteer=-39197 driveMode=13750/15633 iDrive=151962 scale=0 wheel=40000
run=1 step=0 angle=321680 target=321680 err=0 steer=0 m1=240/13750 i1=128 t1=30 m2=-258/-13750 i2=-189 t2=29 steerMode=0/-90 iSteer=-30683 driveMode=13750/13983 iDrive=158286 scale=0 wheel=40000
run=1 step=0 angle=321504 target=321680 err=176 steer=0 m1=255/13750 i1=129 t1=30 m2=-216/-13750 i2=-206 t2=29 steerMode=0/55 iSteer=-38165 driveMode=13750/12421 iDrive=167617 scale=0 wheel=40000
run=1 step=0 angle=321416 target=321680 err=264 steer=0 m1=194/13750 i1=127 t1=30 m2=-153/-13750 i2=-226 t2=29 steerMode=0/281 iSteer=-49627 driveMode=13750/11365 iDrive=176830 scale=0 wheel=40000
run=1 step=0 angle=321416 target=321680 err=264 steer=0 m1=228/13750 i1=145 t1=30 m2=-145/-13750 i2=-236 t2=29 steerMode=0/183 iSteer=-45401 driveMode=13750/9937 iDrive=190211 scale=0 wheel=40000
run=1 step=0 angle=321416 target=321680 err=264 steer=0 m1=184/13750 i1=146 t1=30 m2=-147/-13750 i2=-273 t2=29 steerMode=0/514 iSteer=-63151 driveMode=13750/7856 iDrive=209350 scale=0 wheel=40000
STEP_FAIL: timeout step=0 target=40 cmd=40000 measured=22942 angleErr=264
STEP_START: step=1 target=40 steerTarget=51680
run=1 step=1 angle=322998 target=51680 err=88682 steer=4150 m1=481/36575 i1=840 t1=30 m2=81/9075 i2=413 t2=29 steerMode=22825/9989 iSteer=626499 driveMode=13750/9192 iDrive=213272 scale=0 wheel=40000
run=1 step=1 angle=333545 target=51680 err=78135 steer=5000 m1=883/41250 i1=255 t1=30 m2=81/13750 i2=-79 t2=29 steerMode=27500/25797 iSteer=88176 driveMode=13750/18406 iDrive=166908 scale=0 wheel=40000
run=1 step=1 angle=344180 target=51680 err=67500 steer=5000 m1=929/41250 i1=294 t1=30 m2=0/13750 i2=48 t2=29 steerMode=27500/24311 iSteer=171093 driveMode=13750/24110 iDrive=123371 scale=0 wheel=40000
run=1 step=1 angle=355430 target=51680 err=56250 steer=5000 m1=979/41250 i1=213 t1=30 m2=-3/13750 i2=23 t2=29 steerMode=27500/25514 iSteer=117699 driveMode=13750/25587 iDrive=94904 scale=0 wheel=40000
run=1 step=1 angle=6768 target=51680 err=44912 steer=5000 m1=964/41250 i1=205 t1=30 m2=0/13750 i2=56 t2=29 steerMode=27500/25370 iSteer=130629 driveMode=13750/25372 iDrive=74145 scale=0 wheel=40000
run=1 step=1 angle=17930 target=51680 err=33750 steer=5000 m1=956/41250 i1=196 t1=30 m2=0/13750 i2=89 t2=29 steerMode=27500/25247 iSteer=142742 driveMode=13750/25222 iDrive=53315 scale=0 wheel=40000
run=1 step=1 angle=28828 target=51680 err=22852 steer=5000 m1=952/41250 i1=215 t1=30 m2=0/13750 i2=144 t2=29 steerMode=27500/24654 iSteer=179371 driveMode=13750/24654 iDrive=35236 scale=0 wheel=40000
run=1 step=1 angle=39551 target=51680 err=12129 steer=5000 m1=952/41250 i1=211 t1=30 m2=0/13750 i2=179 t2=29 steerMode=27500/24506 iSteer=194953 driveMode=13750/24429 iDrive=16256 scale=0 wheel=40000
run=1 step=1 angle=49219 target=51680 err=2461 steer=1230 m1=554/20518 i1=-535 t1=30 m2=0/-6982 i2=-588 t2=29 steerMode=6768/18617 iSteer=-561406 driveMode=13750/18929 iDrive=26154 scale=0 wheel=40000
run=1 step=1 angle=51680 target=51680 err=0 steer=0 m1=92/13750 i1=4 t1=30 m2=0/-13750 i2=-231 t2=29 steerMode=0/2469 iSteer=-113594 driveMode=13750/2413 iDrive=117364 scale=0 wheel=40000
run=1 step=1 angle=51768 target=51680 err=-88 steer=0 m1=-9/13750 i1=160 t1=30 m2=0/-13750 i2=-147 t2=29 steerMode=0/27 iSteer=6426 driveMode=13750/38 iDrive=153711 scale=0 wheel=40000
run=1 step=1 angle=51768 target=51680 err=-88 steer=0 m1=0/13750 i1=188 t1=30 m2=0/-13750 i2=-172 t2=29 steerMode=0/-1 iSteer=7853 driveMode=13750/-1 iDrive=179782 scale=0 wheel=40000
run=1 step=1 angle=51768 target=51680 err=-88 steer=0 m1=0/13750 i1=214 t1=30 m2=0/-13750 i2=-198 t2=29 steerMode=0/-3 iSteer=7961 driveMode=13750/3 iDrive=205609 scale=0 wheel=40000
run=1 step=1 angle=51768 target=51680 err=-88 steer=0 m1=0/13750 i1=240 t1=30 m2=0/-13750 i2=-224 t2=29 steerMode=0/0 iSteer=7817 driveMode=13750/0 iDrive=231747 scale=0 wheel=40000
run=1 step=1 angle=51768 target=51680 err=-88 steer=0 m1=0/13750 i1=266 t1=30 m2=0/-13750 i2=-250 t2=29 steerMode=0/-3 iSteer=8007 driveMode=13750/3 iDrive=257842 scale=0 wheel=40000
run=1 step=1 angle=51768 target=51680 err=-88 steer=0 m1=0/13750 i1=292 t1=30 m2=0/-13750 i2=-276 t2=29 steerMode=0/-10 iSteer=8327 driveMode=13750/10 iDrive=283933 scale=0 wheel=40000
run=1 step=1 angle=51768 target=51680 err=-88 steer=0 m1=0/13750 i1=318 t1=30 m2=0/-13750 i2=-302 t2=29 steerMode=0/2 iSteer=7750 driveMode=13750/2 iDrive=309816 scale=0 wheel=40000
run=1 step=1 angle=51768 target=51680 err=-88 steer=0 m1=0/13750 i1=344 t1=30 m2=0/-13750 i2=-328 t2=29 steerMode=0/0 iSteer=7840 driveMode=13750/0 iDrive=335950 scale=0 wheel=40000
run=1 step=1 angle=51768 target=51680 err=-88 steer=0 m1=0/13750 i1=371 t1=30 m2=-3/-13750 i2=-353 t2=29 steerMode=0/-30 iSteer=9366 driveMode=13750/24 iDrive=361951 scale=0 wheel=40000
run=1 step=1 angle=51768 target=51680 err=-88 steer=0 m1=0/13750 i1=396 t1=30 m2=0/-13750 i2=-380 t2=29 steerMode=0/-1 iSteer=7973 driveMode=13750/0 iDrive=387909 scale=0 wheel=40000
run=1 step=1 angle=51768 target=51680 err=-88 steer=0 m1=0/13750 i1=422 t1=30 m2=0/-13750 i2=-406 t2=29 steerMode=0/-6 iSteer=8207 driveMode=13750/12 iDrive=413960 scale=0 wheel=40000
run=1 step=1 angle=51768 target=51680 err=-88 steer=0 m1=0/13750 i1=448 t1=30 m2=0/-13750 i2=-432 t2=29 steerMode=0/0 iSteer=7935 driveMode=13750/0 iDrive=439864 scale=0 wheel=40000
run=1 step=1 angle=51768 target=51680 err=-88 steer=0 m1=0/13750 i1=474 t1=30 m2=0/-13750 i2=-458 t2=29 steerMode=0/2 iSteer=7849 driveMode=13750/3 iDrive=465967 scale=0 wheel=40000
run=1 step=1 angle=51768 target=51680 err=-88 steer=0 m1=0/13750 i1=500 t1=30 m2=0/-13750 i2=-484 t2=29 steerMode=0/0 iSteer=7986 driveMode=13750/1 iDrive=492085 scale=0 wheel=40000
run=1 step=1 angle=51768 target=51680 err=-88 steer=0 m1=0/13750 i1=527 t1=30 m2=0/-13750 i2=-509 t2=29 steerMode=0/-22 iSteer=9090 driveMode=13750/-22 iDrive=518328 scale=0 wheel=40000
run=1 step=1 angle=51768 target=51680 err=-88 steer=0 m1=0/13750 i1=552 t1=30 m2=0/-13750 i2=-536 t2=29 steerMode=0/-2 iSteer=8112 driveMode=13750/2 iDrive=544059 scale=0 wheel=40000
run=1 step=1 angle=51768 target=51680 err=-88 steer=0 m1=0/13750 i1=578 t1=30 m2=0/-13750 i2=-562 t2=29 steerMode=0/-2 iSteer=8133 driveMode=13750/3 iDrive=570158 scale=0 wheel=40000
run=1 step=1 angle=51768 target=51680 err=-88 steer=0 m1=0/13750 i1=604 t1=30 m2=0/-13750 i2=-588 t2=29 steerMode=0/0 iSteer=8021 driveMode=13750/0 iDrive=596296 scale=0 wheel=40000
run=1 step=1 angle=51768 target=51680 err=-88 steer=0 m1=0/13750 i1=631 t1=30 m2=0/-13750 i2=-614 t2=29 steerMode=0/-8 iSteer=8450 driveMode=13750/3 iDrive=622394 scale=0 wheel=40000
run=1 step=1 angle=51768 target=51680 err=-88 steer=0 m1=0/13750 i1=657 t1=30 m2=0/-13750 i2=-640 t2=29 steerMode=0/-9 iSteer=8533 driveMode=13750/7 iDrive=648482 scale=0 wheel=40000
run=1 step=1 angle=51768 target=51680 err=-88 steer=0 m1=0/13750 i1=683 t1=30 m2=0/-13750 i2=-666 t2=29 steerMode=0/-5 iSteer=8357 driveMode=13750/11 iDrive=674577 scale=0 wheel=40000
run=1 step=1 angle=51768 target=51680 err=-88 steer=0 m1=0/13750 i1=709 t1=30 m2=0/-13750 i2=-692 t2=29 steerMode=0/-3 iSteer=8279 driveMode=13750/3 iDrive=700441 scale=0 wheel=40000
run=1 step=1 angle=51768 target=51680 err=-88 steer=0 m1=0/13750 i1=735 t1=30 m2=0/-13750 i2=-718 t2=29 steerMode=0/-1 iSteer=8198 driveMode=13750/3 iDrive=726543 scale=0 wheel=40000
run=1 step=1 angle=51768 target=51680 err=-88 steer=0 m1=2/13750 i1=761 t1=30 m2=0/-13750 i2=-744 t2=29 steerMode=0/-8 iSteer=8564 driveMode=13750/17 iDrive=752576 scale=0 wheel=40000
run=1 step=1 angle=51768 target=51680 err=-88 steer=0 m1=0/13750 i1=789 t1=30 m2=-3/-13750 i2=-767 t2=29 steerMode=0/-53 iSteer=10866 driveMode=13750/54 iDrive=778193 scale=0 wheel=40000
run=1 step=1 angle=51680 target=51680 err=0 steer=0 m1=219/13750 i1=1015 t1=30 m2=-342/-13750 i2=-491 t2=29 steerMode=0/-4940 iSteer=262265 driveMode=13750/9156 iDrive=753076 scale=0 wheel=40000
run=1 step=1 angle=51592 target=51680 err=88 steer=0 m1=874/13750 i1=486 t1=30 m2=-710/-13750 i2=-692 t2=29 steerMode=0/2335 iSteer=-102843 driveMode=13750/38032 iDrive=588943 scale=0 wheel=40000
run=1 step=1 angle=51943 target=51680 err=-264 steer=0 m1=1188/13750 i1=399 t1=30 m2=-1160/-13750 i2=-444 t2=29 steerMode=0/671 iSteer=-22200 driveMode=13750/58299 iDrive=421447 scale=0 wheel=40000
run=1 step=1 angle=52207 target=51680 err=-527 steer=-264 m1=1337/12300 i1=231 t1=30 m2=-1377/-15200 i2=-308 t2=29 steerMode=-1450/-511 iSteer=-38811 driveMode=13750/69795 iDrive=269349 scale=0 wheel=40000
run=1 step=1 angle=51855 target=51680 err=-176 steer=0 m1=1370/13750 i1=186 t1=30 m2=-1415/-13750 i2=-99 t2=29 steerMode=0/-694 iSteer=43704 driveMode=13750/73374 iDrive=142621 scale=0 wheel=40000
run=1 step=1 angle=51855 target=51680 err=-176 steer=0 m1=1320/13750 i1=45 t1=30 m2=-1285/-13750 i2=-59 t2=29 steerMode=0/292 iSteer=-6636 driveMode=13750/69871 iDrive=51881 scale=0 wheel=40000
run=1 step=1 angle=52207 target=51680 err=-527 steer=-50 m1=1094/13475 i1=-54 t1=30 m2=-1064/-14025 i2=-63 t2=29 steerMode=-275/1019 iSteer=-58479 driveMode=13750/59946 iDrive=4489 scale=0 wheel=40000
run=1 step=1 angle=52207 target=51680 err=-527 steer=-264 m1=847/12300 i1=-22 t1=30 m2=-900/-15200 i2=-14 t2=29 steerMode=-1450/-1051 iSteer=-18212 driveMode=13750/46999 iDrive=-4219 scale=0 wheel=40000
run=1 step=1 angle=52119 target=51680 err=-439 steer=0 m1=619/13750 i1=25 t1=30 m2=-630/-13750 i2=19 t2=29 steerMode=0/-395 iSteer=21987 driveMode=13750/35427 iDrive=2785 scale=0 wheel=40000
run=1 step=1 angle=52119 target=51680 err=-439 steer=0 m1=452/13750 i1=2 t1=30 m2=-432/-13750 i2=-42 t2=29 steerMode=0/412 iSteer=-19739 driveMode=13750/25382 iDrive=21978 scale=0 wheel=40000
run=1 step=1 angle=52119 target=51680 err=-439 steer=-150 m1=272/12925 i1=18 t1=30 m2=-340/-14575 i2=-79 t2=29 steerMode=-825/-206 iSteer=-30773 driveMode=13750/17298 iDrive=48580 scale=0 wheel=40000
run=1 step=1 angle=52207 target=51680 err=-527 steer=-100 m1=209/13200 i1=34 t1=30 m2=-155/-14300 i2=-120 t2=29 steerMode=-550/324 iSteer=-42907 driveMode=13750/11383 iDrive=77299 scale=0 wheel=40000
run=1 step=1 angle=52119 target=51680 err=-439 steer=0 m1=127/13750 i1=118 t1=30 m2=-97/-13750 i2=-97 t2=29 steerMode=0/-198 iSteer=10285 driveMode=13750/7135 iDrive=107349 scale=0 wheel=40000
run=1 step=1 angle=52119 target=51680 err=-439 steer=0 m1=94/13750 i1=98 t1=30 m2=-24/-13750 i2=-186 t2=29 steerMode=0/886 iSteer=-44228 driveMode=13750/3445 iDrive=142120 scale=0 wheel=40000
run=1 step=1 angle=52207 target=51680 err=-527 steer=-264 m1=-11/12300 i1=111 t1=30 m2=0/-15200 i2=-256 t2=29 steerMode=-1450/-73 iSteer=-72590 driveMode=13750/28 iDrive=183410 scale=0 wheel=40000
run=1 step=1 angle=52207 target=51680 err=-527 steer=-264 m1=0/12300 i1=129 t1=30 m2=0/-15200 i2=-289 t2=29 steerMode=-1450/-5 iSteer=-79908 driveMode=13750/-3 iDrive=209190 scale=0 wheel=40000
run=1 step=1 angle=52207 target=51680 err=-527 steer=-264 m1=0/12300 i1=151 t1=30 m2=-5/-15200 i2=-319 t2=29 steerMode=-1450/-13 iSteer=-83559 driveMode=13750/13 iDrive=234958 scale=0 wheel=40000
run=1 step=1 angle=52207 target=51680 err=-527 steer=-264 m1=0/12300 i1=173 t1=30 m2=-5/-15200 i2=-348 t2=29 steerMode=-1450/-20 iSteer=-87242 driveMode=13750/20 iDrive=260465 scale=0 wheel=40000
run=1 step=1 angle=52207 target=51680 err=-527 steer=-264 m1=0/12300 i1=198 t1=30 m2=-7/-15200 i2=-373 t2=29 steerMode=-1450/-102 iSteer=-87075 driveMode=13750/100 iDrive=285569 scale=0 wheel=40000
run=1 step=1 angle=51680 target=51680 err=0 steer=0 m1=-5/13750 i1=457 t1=30 m2=-164/-13750 i2=-120 t2=29 steerMode=0/-3677 iSteer=168425 driveMode=13750/3745 iDrive=288173 scale=0 wheel=40000
run=1 step=1 angle=50713 target=51680 err=967 steer=483 m1=0/16409 i1=539 t1=30 m2=-40/-11091 i2=-97 t2=29 steerMode=2659/-1836 iSteer=221226 driveMode=13750/1840 iDrive=318033 scale=0 wheel=40000
run=1 step=1 angle=50449 target=51680 err=1230 steer=615 m1=0/17134 i1=531 t1=30 m2=6/-10366 i2=-172 t2=29 steerMode=3384/-58 iSteer=179715 driveMode=13750/52 iDrive=351341 scale=0 wheel=40000
run=1 step=1 angle=50449 target=51680 err=1230 steer=615 m1=0/17134 i1=564 t1=30 m2=0/-10366 i2=-191 t2=29 steerMode=3384/-1 iSteer=186463 driveMode=13750/1 iDrive=377430 scale=0 wheel=40000
run=1 step=1 angle=50449 target=51680 err=1230 steer=615 m1=0/17134 i1=599 t1=30 m2=0/-10366 i2=-207 t2=29 steerMode=3384/0 iSteer=195950 driveMode=13750/0 iDrive=403285 scale=0 wheel=40000
run=1 step=1 angle=50449 target=51680 err=1230 steer=615 m1=0/17134 i1=634 t1=30 m2=0/-10366 i2=-224 t2=29 steerMode=3384/10 iSteer=205046 driveMode=13750/16 iDrive=429039 scale=0 wheel=40000
run=1 step=1 angle=50449 target=51680 err=1230 steer=615 m1=0/17134 i1=670 t1=30 m2=0/-10366 i2=-240 t2=29 steerMode=3384/2 iSteer=214986 driveMode=13750/2 iDrive=454965 scale=0 wheel=40000
run=1 step=1 angle=50449 target=51680 err=1230 steer=615 m1=0/17134 i1=705 t1=30 m2=0/-10366 i2=-256 t2=29 steerMode=3384/2 iSteer=224512 driveMode=13750/2 iDrive=480812 scale=0 wheel=40000
run=1 step=1 angle=50449 target=51680 err=1230 steer=615 m1=0/17134 i1=741 t1=30 m2=0/-10366 i2=-273 t2=29 steerMode=3384/3 iSteer=234015 driveMode=13750/3 iDrive=506655 scale=0 wheel=40000
run=1 step=1 angle=50449 target=51680 err=1230 steer=615 m1=0/17134 i1=776 t1=30 m2=0/-10366 i2=-289 t2=29 steerMode=3384/2 iSteer=243612 driveMode=13750/5 iDrive=532468 scale=0 wheel=40000
run=1 step=1 angle=50449 target=51680 err=1230 steer=615 m1=0/17134 i1=812 t1=30 m2=0/-10366 i2=-305 t2=29 steerMode=3384/0 iSteer=253221 driveMode=13750/0 iDrive=558338 scale=0 wheel=40000
run=1 step=1 angle=50449 target=51680 err=1230 steer=615 m1=0/17134 i1=847 t1=30 m2=0/-10366 i2=-321 t2=29 steerMode=3384/1 iSteer=262742 driveMode=13750/1 iDrive=584183 scale=0 wheel=40000
run=1 step=1 angle=50449 target=51680 err=1230 steer=615 m1=0/17134 i1=882 t1=30 m2=0/-10366 i2=-338 t2=29 steerMode=3384/-1 iSteer=272414 driveMode=13750/3 iDrive=609992 scale=0 wheel=40000
run=1 step=1 angle=50449 target=51680 err=1230 steer=615 m1=0/17134 i1=916 t1=30 m2=0/-10366 i2=-355 t2=29 steerMode=3384/27 iSteer=280525 driveMode=13750/27 iDrive=635714 scale=0 wheel=40000
run=1 step=1 angle=50537 target=51680 err=1143 steer=571 m1=351/16892 i1=613 t1=30 m2=-5/-10608 i2=-646 t2=29 steerMode=3142/5845 iSteer=-16273 driveMode=13750/5972 iDrive=629580 scale=0 wheel=40000
run=1 step=1 angle=53525 target=51680 err=-1846 steer=-923 m1=408/8674 i1=340 t1=30 m2=-572/-18826 i2=-766 t2=29 steerMode=-5076/996 iSteer=-212979 driveMode=13750/21656 iDrive=552570 scale=0 wheel=40000
run=1 step=1 angle=52559 target=51680 err=-879 steer=-439 m1=826/11333 i1=480 t1=30 m2=-844/-16167 i2=-359 t2=29 steerMode=-2417/-1826 iSteer=60480 driveMode=13750/41343 iDrive=419626 scale=0 wheel=40000
run=1 step=1 angle=52471 target=51680 err=-791 steer=-396 m1=1063/11575 i1=222 t1=30 m2=-1057/-15925 i2=-365 t2=29 steerMode=-2175/919 iSteer=-71630 driveMode=13750/53648 iDrive=293869 scale=0 wheel=40000
run=1 step=1 angle=52471 target=51680 err=-791 steer=-396 m1=1117/11575 i1=115 t1=30 m2=-1061/-15925 i2=-278 t2=29 steerMode=-2175/979 iSteer=-81445 driveMode=13750/57225 iDrive=196676 scale=0 wheel=40000
run=1 step=1 angle=52646 target=51680 err=-967 steer=-483 m1=1017/11091 i1=92 t1=30 m2=-1053/-16409 i2=-161 t2=29 steerMode=-2659/-603 iSteer=-34563 driveMode=13750/55328 iDrive=126746 scale=0 wheel=40000
run=1 step=1 angle=52734 target=51680 err=-1055 steer=-527 m1=901/10850 i1=44 t1=30 m2=-951/-16650 i2=-122 t2=29 steerMode=-2900/-879 iSteer=-39030 driveMode=13750/49666 iDrive=82703 scale=0 wheel=40000
run=1 step=1 angle=52383 target=51680 err=-703 steer=-352 m1=767/11816 i1=61 t1=30 m2=-850/-15684 i2=-57 t2=29 steerMode=-1934/-809 iSteer=2122 driveMode=13750/42414 iDrive=59061 scale=0 wheel=40000
run=1 step=1 angle=52207 target=51680 err=-527 steer=-264 m1=652/12300 i1=30 t1=30 m2=-630/-15200 i2=-62 t2=29 steerMode=-1450/-19 iSteer=-16117 driveMode=13750/35561 iDrive=46334 scale=0 wheel=40000
run=1 step=1 angle=52207 target=51680 err=-527 steer=-264 m1=510/12300 i1=32 t1=30 m2=-505/-15200 i2=-68 t2=29 steerMode=-1450/-64 iSteer=-17794 driveMode=13750/28107 iDrive=49983 scale=0 wheel=40000
run=1 step=1 angle=52295 target=51680 err=-615 steer=-308 m1=351/12058 i1=34 t1=30 m2=-331/-15442 i2=-102 t2=29 steerMode=-1692/-58 iSteer=-34329 driveMode=13750/20538 iDrive=68105 scale=0 wheel=40000
run=1 step=1 angle=52207 target=51680 err=-527 steer=-264 m1=255/12300 i1=76 t1=30 m2=-298/-15200 i2=-99 t2=29 steerMode=-1450/-340 iSteer=-11423 driveMode=13750/15138 iDrive=87527 scale=0 wheel=40000
run=1 step=1 angle=52119 target=51680 err=-439 steer=0 m1=198/13750 i1=100 t1=30 m2=-120/-13750 i2=-121 t2=29 steerMode=0/1076 iSteer=-10792 driveMode=13750/10837 iDrive=110446 scale=0 wheel=40000
run=1 step=1 angle=52295 target=51680 err=-615 steer=-308 m1=156/12058 i1=95 t1=30 m2=-143/-15442 i2=-170 t2=29 steerMode=-1692/-206 iSteer=-37461 driveMode=13750/8242 iDrive=132045 scale=0 wheel=40000
run=1 step=1 angle=52207 target=51680 err=-527 steer=-264 m1=92/12300 i1=159 t1=30 m2=-76/-15200 i2=-155 t2=29 steerMode=-1450/-802 iSteer=2023 driveMode=13750/5744 iDrive=157078 scale=0 wheel=40000
run=1 step=1 angle=52119 target=51680 err=-439 steer=-214 m1=171/12575 i1=154 t1=30 m2=-157/-14925 i2=-185 t2=29 steerMode=-1175/-221 iSteer=-15680 driveMode=13750/6358 iDrive=169618 scale=0 wheel=40000
run=1 step=1 angle=52031 target=51680 err=-352 steer=0 m1=144/13750 i1=149 t1=30 m2=-70/-13750 i2=-211 t2=29 steerMode=0/1236 iSteer=-30865 driveMode=13750/6842 iDrive=180089 scale=0 wheel=40000
run=1 step=1 angle=52207 target=51680 err=-527 steer=-150 m1=156/12925 i1=142 t1=30 m2=-105/-14575 i2=-244 t2=29 steerMode=-825/760 iSteer=-51150 driveMode=13750/6976 iDrive=192822 scale=0 wheel=40000
run=1 step=1 angle=52207 target=51680 err=-527 steer=-264 m1=133/12300 i1=198 t1=30 m2=-155/-15200 i2=-184 t2=29 steerMode=-1450/-1079 iSteer=6601 driveMode=13750/9279 iDrive=191075 scale=0 wheel=40000
run=1 step=1 angle=52119 target=51680 err=-439 steer=0 m1=223/13750 i1=195 t1=30 m2=-176/-13750 i2=-188 t2=29 steerMode=0/425 iSteer=3415 driveMode=13750/10769 iDrive=191363 scale=0 wheel=40000
run=1 step=1 angle=52207 target=51680 err=-527 steer=-264 m1=202/12300 i1=158 t1=30 m2=-277/-15200 i2=-217 t2=29 steerMode=-1450/-437 iSteer=-29420 driveMode=13750/12285 iDrive=187912 scale=0 wheel=40000
run=1 step=1 angle=52119 target=51680 err=-439 steer=0 m1=269/13750 i1=147 t1=30 m2=-199/-13750 i2=-223 t2=29 steerMode=0/1202 iSteer=-37992 driveMode=13750/13162 iDrive=185102 scale=0 wheel=40000
run=1 step=1 angle=52207 target=51680 err=-527 steer=-264 m1=265/12300 i1=186 t1=30 m2=-270/-15200 i2=-180 t2=29 steerMode=-1450/-1165 iSteer=3178 driveMode=13750/13729 iDrive=183215 scale=0 wheel=40000
run=1 step=1 angle=52119 target=51680 err=-439 steer=0 m1=261/13750 i1=167 t1=30 m2=-235/-13750 i2=-190 t2=29 steerMode=0/598 iSteer=-11846 driveMode=13750/14435 iDrive=178606 scale=0 wheel=40000
run=1 step=1 angle=52207 target=51680 err=-527 steer=-264 m1=238/12300 i1=130 t1=30 m2=-281/-15200 i2=-219 t2=29 steerMode=-1450/-259 iSteer=-44655 driveMode=13750/14807 iDrive=174839 scale=0 wheel=40000
run=1 step=1 angle=52119 target=51680 err=-439 steer=0 m1=280/13750 i1=230 t1=30 m2=-285/-13750 i2=-115 t2=29 steerMode=0/-867 iSteer=57837 driveMode=13750/14817 iDrive=172625 scale=0 wheel=40000
run=1 step=1 angle=52119 target=51680 err=-439 steer=0 m1=278/13750 i1=149 t1=30 m2=-233/-13750 i2=-189 t2=29 steerMode=0/663 iSteer=-19914 driveMode=13750/15011 iDrive=168835 scale=0 wheel=40000
run=1 step=1 angle=52119 target=51680 err=-439 steer=-164 m1=238/12850 i1=155 t1=30 m2=-304/-14650 i2=-175 t2=29 steerMode=-900/-458 iSteer=-9974 driveMode=13750/15288 iDrive=164848 scale=0 wheel=40000
run=1 step=1 angle=52119 target=51680 err=-439 steer=0 m1=324/13750 i1=145 t1=30 m2=-229/-13750 i2=-175 t2=29 steerMode=0/557 iSteer=-15389 driveMode=13750/15608 iDrive=160079 scale=0 wheel=40000
run=1 step=1 angle=52119 target=51680 err=-439 steer=0 m1=249/13750 i1=141 t1=30 m2=-285/-13750 i2=-183 t2=29 steerMode=0/626 iSteer=-21193 driveMode=13750/14668 iDrive=162299 scale=0 wheel=40000
run=1 step=1 angle=52207 target=51680 err=-527 steer=-264 m1=230/12300 i1=110 t1=30 m2=-239/-15200 i2=-220 t2=29 steerMode=-1450/-200 iSteer=-55093 driveMode=13750/13902 iDrive=165362 scale=0 wheel=40000
run=1 step=1 angle=52207 target=51680 err=-527 steer=-264 m1=242/12300 i1=169 t1=30 m2=-298/-15200 i2=-172 t2=29 steerMode=-1450/-1283 iSteer=-1526 driveMode=13750/12935 iDrive=170624 scale=0 wheel=40000
run=1 step=1 angle=52207 target=51680 err=-527 steer=-264 m1=232/12300 i1=124 t1=30 m2=-210/-15200 i2=-224 t2=29 steerMode=-1450/-339 iSteer=-50176 driveMode=13750/12581 iDrive=174252 scale=0 wheel=40000
run=1 step=1 angle=52119 target=51680 err=-439 steer=0 m1=221/13750 i1=152 t1=30 m2=-241/-13750 i2=-202 t2=29 steerMode=0/569 iSteer=-24649 driveMode=13750/12599 iDrive=176933 scale=0 wheel=40000
run=1 step=1 angle=52207 target=51680 err=-527 steer=-264 m1=217/12300 i1=63 t1=30 m2=-195/-15200 i2=-303 t2=29 steerMode=-1450/969 iSteer=-120206 driveMode=13750/12053 iDrive=182725 scale=0 wheel=40000
run=1 step=1 angle=52207 target=51680 err=-527 steer=-264 m1=213/12300 i1=134 t1=30 m2=-168/-15200 i2=-251 t2=29 steerMode=-1450/-330 iSteer=-58086 driveMode=13750/10937 iDrive=192429 scale=0 wheel=40000
run=1 step=1 angle=52207 target=51680 err=-527 steer=-264 m1=219/12300 i1=151 t1=30 m2=-262/-15200 i2=-241 t2=29 steerMode=-1450/-641 iSteer=-45044 driveMode=13750/11232 iDrive=196067 scale=0 wheel=40000
run=1 step=1 angle=52119 target=51680 err=-439 steer=0 m1=269/13750 i1=185 t1=30 m2=-216/-13750 i2=-203 t2=29 steerMode=0/76 iSteer=-8879 driveMode=13750/12402 iDrive=193723 scale=0 wheel=40000
run=1 step=1 angle=52207 target=51680 err=-527 steer=-264 m1=267/12300 i1=64 t1=30 m2=-214/-15200 i2=-331 t2=29 steerMode=-1450/1063 iSteer=-133395 driveMode=13750/12135 iDrive=197531 scale=0 wheel=40000
run=1 step=1 angle=52207 target=51680 err=-527 steer=-264 m1=240/12300 i1=164 t1=30 m2=-216/-15200 i2=-241 t2=29 steerMode=-1450/-883 iSteer=-38417 driveMode=13750/11776 iDrive=202457 scale=0 wheel=40000
run=1 step=1 angle=52207 target=51680 err=-527 steer=-264 m1=242/12300 i1=151 t1=30 m2=-241/-15200 i2=-259 t2=29 steerMode=-1450/-635 iSteer=-53842 driveMode=13750/12066 iDrive=204817 scale=0 wheel=40000
run=1 step=1 angle=51943 target=51680 err=-264 steer=0 m1=253/13750 i1=188 t1=30 m2=-262/-13750 i2=-218 t2=29 steerMode=0/34 iSteer=-14840 driveMode=13750/12956 iDrive=202768 scale=0 wheel=40000
run=1 step=1 angle=51943 target=51680 err=-264 steer=0 m1=313/13750 i1=168 t1=30 m2=-270/-13750 i2=-222 t2=29 steerMode=0/246 iSteer=-26861 driveMode=13750/14530 iDrive=195332 scale=0 wheel=40000
run=1 step=1 angle=52031 target=51680 err=-352 steer=0 m1=339/13750 i1=169 t1=30 m2=-300/-13750 i2=-200 t2=29 steerMode=0/28 iSteer=-15791 driveMode=13750/16047 iDrive=184660 scale=0 wheel=40000
run=1 step=1 angle=52031 target=51680 err=-352 steer=0 m1=269/13750 i1=153 t1=30 m2=-319/-13750 i2=-207 t2=29 steerMode=0/230 iSteer=-26523 driveMode=13750/16050 iDrive=179989 scale=0 wheel=40000
run=1 step=1 angle=52119 target=51680 err=-439 steer=0 m1=259/13750 i1=186 t1=30 m2=-321/-13750 i2=-169 t2=29 steerMode=0/-466 iSteer=8476 driveMode=13750/15810 iDrive=177562 scale=0 wheel=40000
run=1 step=1 angle=52031 target=51680 err=-352 steer=0 m1=274/13750 i1=163 t1=30 m2=-285/-13750 i2=-182 t2=29 steerMode=0/-102 iSteer=-9164 driveMode=13750/16100 iDrive=172603 scale=0 wheel=40000
run=1 step=1 angle=52031 target=51680 err=-352 steer=0 m1=295/13750 i1=174 t1=30 m2=-358/-13750 i2=-162 t2=29 steerMode=0/-397 iSteer=5802 driveMode=13750/16121 iDrive=168048 scale=0 wheel=40000
run=1 step=1 angle=52031 target=51680 err=-352 steer=0 m1=330/13750 i1=150 t1=30 m2=-260/-13750 i2=-177 t2=29 steerMode=0/6 iSteer=-13577 driveMode=13750/16143 iDrive=163096 scale=0 wheel=40000
run=1 step=1 angle=51943 target=51680 err=-264 steer=0 m1=305/13750 i1=174 t1=30 m2=-354/-13750 i2=-146 t2=29 steerMode=0/-542 iSteer=14010 driveMode=13750/15913 iDrive=159724 scale=0 wheel=40000
run=1 step=1 angle=51943 target=51680 err=-264 steer=0 m1=330/13750 i1=148 t1=30 m2=-329/-13750 i2=-166 t2=29 steerMode=0/-71 iSteer=-8987 driveMode=13750/15572 iDrive=157473 scale=0 wheel=40000
run=1 step=1 angle=51855 target=51680 err=-176 steer=0 m1=263/13750 i1=153 t1=30 m2=-270/-13750 i2=-163 t2=29 steerMode=0/-150 iSteer=-4900 driveMode=13750/14815 iDrive=158317 scale=0 wheel=40000
run=1 step=1 angle=51855 target=51680 err=-176 steer=0 m1=251/13750 i1=153 t1=30 m2=-298/-13750 i2=-161 t2=29 steerMode=0/-150 iSteer=-4048 driveMode=13750/14625 iDrive=157361 scale=0 wheel=40000
run=1 step=1 angle=51943 target=51680 err=-264 steer=0 m1=263/13750 i1=150 t1=30 m2=-264/-13750 i2=-167 t2=29 steerMode=0/-41 iSteer=-8645 driveMode=13750/14101 iDrive=158491 scale=0 wheel=40000
run=1 step=1 angle=51855 target=51680 err=-176 steer=0 m1=246/13750 i1=146 t1=30 m2=-212/-13750 i2=-186 t2=29 steerMode=0/191 iSteer=-20020 driveMode=13750/12723 iDrive=165552 scale=0 wheel=40000
run=1 step=1 angle=51855 target=51680 err=-176 steer=0 m1=215/13750 i1=144 t1=30 m2=-185/-13750 i2=-201 t2=29 steerMode=0/351 iSteer=-28551 driveMode=13750/11693 iDrive=172892 scale=0 wheel=40000
run=1 step=1 angle=51855 target=51680 err=-176 steer=0 m1=167/13750 i1=162 t1=30 m2=-201/-13750 i2=-209 t2=29 steerMode=0/228 iSteer=-23168 driveMode=13750/10195 iDrive=185462 scale=0 wheel=40000
run=1 step=1 angle=52031 target=51680 err=-352 steer=0 m1=184/13750 i1=161 t1=30 m2=-166/-13750 i2=-236 t2=29 steerMode=0/510 iSteer=-37539 driveMode=13750/9145 iDrive=198527 scale=0 wheel=40000
run=1 step=1 angle=52207 target=51680 err=-527 steer=-264 m1=146/12300 i1=132 t1=30 m2=-187/-15200 i2=-287 t2=29 steerMode=-1450/-160 iSteer=-77379 driveMode=13750/8616 iDrive=209780 scale=0 wheel=40000
run=1 step=1 angle=52119 target=51680 err=-439 steer=0 m1=173/13750 i1=240 t1=30 m2=-264/-13750 i2=-184 t2=29 steerMode=0/-836 iSteer=28276 driveMode=13750/9874 iDrive=211991 scale=0 wheel=40000
run=1 step=1 angle=52207 target=51680 err=-527 steer=-264 m1=253/12300 i1=70 t1=30 m2=-160/-15200 i2=-356 t2=29 steerMode=-1450/1116 iSteer=-143260 driveMode=13750/10927 iDrive=212780 scale=0 wheel=40000
run=1 step=1 angle=52207 target=51680 err=-527 steer=-264 m1=184/12300 i1=198 t1=30 m2=-233/-15200 i2=-233 t2=29 steerMode=-1450/-1474 iSteer=-17393 driveMode=13750/11302 iDrive=215755 scale=0 wheel=40000
run=1 step=1 angle=52119 target=51680 err=-439 steer=-214 m1=221/12575 i1=174 t1=30 m2=-256/-14925 i2=-248 t2=29 steerMode=-1175/-822 iSteer=-37293 driveMode=13750/12929 iDrive=210898 scale=0 wheel=40000
run=1 step=1 angle=51943 target=51680 err=-264 steer=0 m1=330/13750 i1=152 t1=30 m2=-218/-13750 i2=-257 t2=29 steerMode=0/662 iSteer=-52544 driveMode=13750/14275 iDrive=204636 scale=0 wheel=40000
run=1 step=1 angle=51943 target=51680 err=-264 steer=0 m1=303/13750 i1=194 t1=30 m2=-298/-13750 i2=-193 t2=29 steerMode=0/-410 iSteer=379 driveMode=13750/15950 iDrive=193588 scale=0 wheel=40000
run=1 step=1 angle=51943 target=51680 err=-264 steer=0 m1=322/13750 i1=150 t1=30 m2=-356/-13750 i2=-217 t2=29 steerMode=0/261 iSteer=-33474 driveMode=13750/16861 iDrive=183925 scale=0 wheel=40000
run=1 step=1 angle=51943 target=51680 err=-264 steer=0 m1=322/13750 i1=158 t1=30 m2=-369/-13750 i2=-198 t2=29 steerMode=0/-21 iSteer=-20003 driveMode=13750/16992 iDrive=177517 scale=0 wheel=40000
run=1 step=1 angle=51943 target=51680 err=-264 steer=0 m1=364/13750 i1=156 t1=30 m2=-298/-13750 i2=-178 t2=29 steerMode=0/-190 iSteer=-10664 driveMode=13750/17728 iDrive=166966 scale=0 wheel=40000
run=1 step=1 angle=51943 target=51680 err=-264 steer=0 m1=343/13750 i1=146 t1=30 m2=-371/-13750 i2=-170 t2=29 steerMode=0/-152 iSteer=-11956 driveMode=13750/17931 iDrive=157884 scale=0 wheel=40000
run=1 step=1 angle=51943 target=51680 err=-264 steer=0 m1=307/13750 i1=154 t1=30 m2=-358/-13750 i2=-148 t2=29 steerMode=0/-440 iSteer=3375 driveMode=13750/17717 iDrive=151008 scale=0 wheel=40000
run=1 step=1 angle=51943 target=51680 err=-264 steer=0 m1=324/13750 i1=141 t1=30 m2=-319/-13750 i2=-154 t2=29 steerMode=0/-235 iSteer=-6447 driveMode=13750/17174 iDrive=147059 scale=0 wheel=40000
run=1 step=1 angle=51943 target=51680 err=-264 steer=0 m1=341/13750 i1=147 t1=30 m2=-329/-13750 i2=-135 t2=29 steerMode=0/-457 iSteer=5624 driveMode=13750/17089 iDrive=141073 scale=0 wheel=40000
run=1 step=1 angle=51855 target=51680 err=-176 steer=0 m1=278/13750 i1=142 t1=30 m2=-300/-13750 i2=-136 t2=29 steerMode=0/-395 iSteer=2903 driveMode=13750/16492 iDrive=138738 scale=0 wheel=40000
run=1 step=1 angle=51768 target=51680 err=-88 steer=0 m1=276/13750 i1=126 t1=30 m2=-333/-13750 i2=-150 t2=29 steerMode=0/-72 iSteer=-12309 driveMode=13750/15764 iDrive=138049 scale=0 wheel=40000
run=1 step=1 angle=51768 target=51680 err=-88 steer=0 m1=274/13750 i1=130 t1=30 m2=-250/-13750 i2=-150 t2=29 steerMode=0/-93 iSteer=-10272 driveMode=13750/14738 iDrive=139892 scale=0 wheel=40000
run=1 step=1 angle=51680 target=51680 err=0 steer=0 m1=255/13750 i1=87 t1=30 m2=-229/-13750 i2=-209 t2=29 steerMode=0/925 iSteer=-60991 driveMode=13750/13091 iDrive=147606 scale=0 wheel=40000
run=1 step=1 angle=51592 target=51680 err=88 steer=0 m1=209/13750 i1=124 t1=30 m2=-214/-13750 i2=-178 t2=29 steerMode=0/242 iSteer=-27123 driveMode=13750/12549 iDrive=151048 scale=0 wheel=40000
run=1 step=1 angle=51592 target=51680 err=88 steer=0 m1=213/13750 i1=134 t1=30 m2=-178/-13750 i2=-185 t2=29 steerMode=0/204 iSteer=-25556 driveMode=13750/11619 iDrive=159157 scale=0 wheel=40000
run=1 step=1 angle=51592 target=51680 err=88 steer=0 m1=182/13750 i1=125 t1=30 m2=-137/-13750 i2=-228 t2=29 steerMode=0/679 iSteer=-51707 driveMode=13750/9376 iDrive=176781 scale=0 wheel=40000
run=1 step=1 angle=51592 target=51680 err=88 steer=0 m1=217/13750 i1=165 t1=30 m2=-160/-13750 i2=-199 t2=29 steerMode=0/-8 iSteer=-17354 driveMode=13750/9877 iDrive=182025 scale=0 wheel=40000
run=1 step=1 angle=51680 target=51680 err=0 steer=0 m1=200/13750 i1=174 t1=30 m2=-153/-13750 i2=-198 t2=29 steerMode=0/-115 iSteer=-12129 driveMode=13750/10461 iDrive=185936 scale=0 wheel=40000
run=1 step=1 angle=51680 target=51680 err=0 steer=0 m1=171/13750 i1=157 t1=30 m2=-216/-13750 i2=-230 t2=29 steerMode=0/346 iSteer=-36274 driveMode=13750/10268 iDrive=193651 scale=0 wheel=40000
run=1 step=1 angle=51855 target=51680 err=-176 steer=0 m1=221/13750 i1=154 t1=30 m2=-178/-13750 i2=-254 t2=29 steerMode=0/616 iSteer=-50278 driveMode=13750/9614 iDrive=203812 scale=0 wheel=40000
run=1 step=1 angle=51943 target=51680 err=-264 steer=0 m1=188/13750 i1=185 t1=30 m2=-149/-13750 i2=-233 t2=29 steerMode=0/74 iSteer=-24025 driveMode=13750/9942 iDrive=209159 scale=0 wheel=40000
run=1 step=1 angle=52119 target=51680 err=-439 steer=0 m1=240/13750 i1=196 t1=30 m2=-180/-13750 i2=-232 t2=29 steerMode=0/-61 iSteer=-17803 driveMode=13750/10465 iDrive=213923 scale=0 wheel=40000
run=1 step=1 angle=52119 target=51680 err=-439 steer=0 m1=207/13750 i1=175 t1=30 m2=-199/-13750 i2=-267 t2=29 steerMode=0/493 iSteer=-45721 driveMode=13750/10249 iDrive=220913 scale=0 wheel=40000
run=1 step=1 angle=52207 target=51680 err=-527 steer=-264 m1=188/12300 i1=199 t1=30 m2=-260/-15200 i2=-231 t2=29 steerMode=-1450/-1599 iSteer=-16269 driveMode=13750/12332 iDrive=215073 scale=0 wheel=40000
run=1 step=1 angle=51943 target=51680 err=-264 steer=0 m1=276/13750 i1=252 t1=30 m2=-354/-13750 i2=-151 t2=29 steerMode=0/-1439 iSteer=50429 driveMode=13750/15087 iDrive=201423 scale=0 wheel=40000
run=1 step=1 angle=51943 target=51680 err=-264 steer=0 m1=326/13750 i1=138 t1=30 m2=-298/-13750 i2=-245 t2=29 steerMode=0/634 iSteer=-53276 driveMode=13750/16265 iDrive=191767 scale=0 wheel=40000
run=1 step=1 angle=52031 target=51680 err=-352 steer=0 m1=351/13750 i1=172 t1=30 m2=-275/-13750 i2=-195 t2=29 steerMode=0/-204 iSteer=-11603 driveMode=13750/16947 iDrive=183312 scale=0 wheel=40000
run=1 step=1 angle=52031 target=51680 err=-352 steer=0 m1=315/13750 i1=172 t1=30 m2=-365/-13750 i2=-176 t2=29 steerMode=0/-379 iSteer=-2435 driveMode=13750/17581 iDrive=174023 scale=0 wheel=40000
run=1 step=1 angle=51943 target=51680 err=-264 steer=0 m1=349/13750 i1=163 t1=30 m2=-316/-13750 i2=-164 t2=29 steerMode=0/-410 iSteer=-113 driveMode=13750/18170 iDrive=163532 scale=0 wheel=40000
run=1 step=1 angle=51855 target=51680 err=-176 steer=0 m1=322/13750 i1=148 t1=30 m2=-411/-13750 i2=-162 t2=29 steerMode=0/-257 iSteer=-7066 driveMode=13750/18119 iDrive=155416 scale=0 wheel=40000
run=1 step=1 angle=51768 target=51680 err=-88 steer=0 m1=343/13750 i1=144 t1=30 m2=-404/-13750 i2=-156 t2=29 steerMode=0/-258 iSteer=-6044 driveMode=13750/17606 iDrive=150203 scale=0 wheel=40000
run=1 step=1 angle=51680 target=51680 err=0 steer=0 m1=307/13750 i1=145 t1=30 m2=-279/-13750 i2=-152 t2=29 steerMode=0/-294 iSteer=-3537 driveMode=13750/16693 iDrive=148336 scale=0 wheel=40000
run=1 step=1 angle=51416 target=51680 err=264 steer=0 m1=263/13750 i1=152 t1=30 m2=-354/-13750 i2=-143 t2=29 steerMode=0/-444 iSteer=4513 driveMode=13750/15966 iDrive=147640 scale=0 wheel=40000
run=1 step=1 angle=51416 target=51680 err=264 steer=0 m1=301/13750 i1=142 t1=30 m2=-329/-13750 i2=-155 t2=29 steerMode=0/-208 iSteer=-6185 driveMode=13750/15128 iDrive=148378 scale=0 wheel=40000
run=1 step=1 angle=51416 target=51680 err=264 steer=0 m1=284/13750 i1=138 t1=30 m2=-289/-13750 i2=-163 t2=29 steerMode=0/-55 iSteer=-12779 driveMode=13750/14283 iDrive=150668 scale=0 wheel=40000
run=1 step=1 angle=51416 target=51680 err=264 steer=0 m1=221/13750 i1=159 t1=30 m2=-258/-13750 i2=-152 t2=29 steerMode=0/-386 iSteer=3797 driveMode=13750/13276 iDrive=155653 scale=0 wheel=40000
run=1 step=1 angle=51416 target=51680 err=264 steer=0 m1=234/13750 i1=156 t1=30 m2=-214/-13750 i2=-168 t2=29 steerMode=0/-172 iSteer=-6407 driveMode=13750/12493 iDrive=162037 scale=0 wheel=40000
run=1 step=1 angle=51416 target=51680 err=264 steer=0 m1=209/13750 i1=165 t1=30 m2=-189/-13750 i2=-177 t2=29 steerMode=0/-193 iSteer=-5758 driveMode=13750/11418 iDrive=171215 scale=0 wheel=40000
run=1 step=1 angle=51416 target=51680 err=264 steer=0 m1=211/13750 i1=171 t1=30 m2=-247/-13750 i2=-179 t2=29 steerMode=0/-224 iSteer=-3975 driveMode=13750/11475 iDrive=175221 scale=0 wheel=40000
run=1 step=1 angle=51416 target=51680 err=264 steer=0 m1=251/13750 i1=147 t1=30 m2=-201/-13750 i2=-210 t2=29 steerMode=0/331 iSteer=-31590 driveMode=13750/11640 iDrive=178421 scale=0 wheel=40000
run=1 step=1 angle=51416 target=51680 err=264 steer=0 m1=259/13750 i1=157 t1=30 m2=-187/-13750 i2=-212 t2=29 steerMode=0/233 iSteer=-27706 driveMode=13750/11362 iDrive=184316 scale=0 wheel=40000
run=1 step=1 angle=51416 target=51680 err=264 steer=0 m1=255/13750 i1=184 t1=30 m2=-176/-13750 i2=-191 t2=29 steerMode=0/-265 iSteer=-3082 driveMode=13750/11627 iDrive=187448 scale=0 wheel=40000
run=1 step=1 angle=51416 target=51680 err=264 steer=0 m1=240/13750 i1=185 t1=30 m2=-250/-13750 i2=-187 t2=29 steerMode=0/-305 iSteer=-998 driveMode=13750/12451 iDrive=186489 scale=0 wheel=40000
run=1 step=1 angle=51416 target=51680 err=264 steer=0 m1=251/13750 i1=165 t1=30 m2=-277/-13750 i2=-193 t2=29 steerMode=0/-22 iSteer=-14285 driveMode=13750/14070 iDrive=178874 scale=0 wheel=40000
run=1 step=1 angle=51416 target=51680 err=264 steer=0 m1=263/13750 i1=176 t1=30 m2=-325/-13750 i2=-165 t2=29 steerMode=0/-411 iSteer=5526 driveMode=13750/15466 iDrive=170091 scale=0 wheel=40000
run=1 step=1 angle=51328 target=51680 err=352 steer=0 m1=288/13750 i1=138 t1=30 m2=-314/-13750 i2=-189 t2=29 steerMode=0/212 iSteer=-25504 driveMode=13750/15945 iDrive=163605 scale=0 wheel=40000
run=1 step=1 angle=51328 target=51680 err=352 steer=0 m1=307/13750 i1=157 t1=30 m2=-258/-13750 i2=-164 t2=29 steerMode=0/-224 iSteer=-3621 driveMode=13750/15867 iDrive=160212 scale=0 wheel=40000
run=1 step=1 angle=51328 target=51680 err=352 steer=0 m1=284/13750 i1=143 t1=30 m2=-296/-13750 i2=-171 t2=29 steerMode=0/-16 iSteer=-13830 driveMode=13750/15744 iDrive=156687 scale=0 wheel=40000
run=1 step=1 angle=51240 target=51680 err=439 steer=0 m1=324/13750 i1=128 t1=30 m2=-310/-13750 i2=-179 t2=29 steerMode=0/214 iSteer=-25182 driveMode=13750/15580 iDrive=153403 scale=0 wheel=40000
run=1 step=1 angle=51240 target=51680 err=439 steer=0 m1=276/13750 i1=137 t1=30 m2=-235/-13750 i2=-169 t2=29 steerMode=0/33 iSteer=-15744 driveMode=13750/14968 iDrive=153029 scale=0 wheel=40000
run=1 step=1 angle=51240 target=51680 err=439 steer=0 m1=263/13750 i1=148 t1=30 m2=-260/-13750 i2=-160 t2=29 steerMode=0/-165 iSteer=-5597 driveMode=13750/14320 iDrive=154081 scale=0 wheel=40000
run=1 step=1 angle=51240 target=51680 err=439 steer=0 m1=246/13750 i1=153 t1=30 m2=-254/-13750 i2=-159 t2=29 steerMode=0/-210 iSteer=-2900 driveMode=13750/13732 iDrive=156251 scale=0 wheel=40000
run=1 step=1 angle=51240 target=51680 err=439 steer=0 m1=259/13750 i1=144 t1=30 m2=-258/-13750 i2=-175 t2=29 steerMode=0/40 iSteer=-15397 driveMode=13750/13230 iDrive=159644 scale=0 wheel=40000
run=1 step=1 angle=51240 target=51680 err=439 steer=0 m1=242/13750 i1=138 t1=30 m2=-227/-13750 i2=-192 t2=29 steerMode=0/259 iSteer=-26776 driveMode=13750/12516 iDrive=165028 scale=0 wheel=40000
run=1 step=1 angle=51328 target=51680 err=352 steer=0 m1=230/13750 i1=164 t1=30 m2=-235/-13750 i2=-183 t2=29 steerMode=0/-87 iSteer=-9959 driveMode=13750/11473 iDrive=173488 scale=0 wheel=40000
run=1 step=1 angle=51328 target=51680 err=352 steer=0 m1=238/13750 i1=171 t1=30 m2=-218/-13750 i2=-185 t2=29 steerMode=0/-141 iSteer=-7157 driveMode=13750/11382 iDrive=178062 scale=0 wheel=40000
run=1 step=1 angle=51416 target=51680 err=264 steer=0 m1=184/13750 i1=194 t1=30 m2=-245/-13750 i2=-180 t2=29 steerMode=0/-428 iSteer=6977 driveMode=13750/10737 iDrive=186653 scale=0 wheel=40000
run=1 step=1 angle=51416 target=51680 err=264 steer=0 m1=236/13750 i1=123 t1=30 m2=-168/-13750 i2=-262 t2=29 steerMode=0/1088 iSteer=-69668 driveMode=13750/10695 iDrive=192452 scale=0 wheel=40000
run=1 step=1 angle=51504 target=51680 err=176 steer=0 m1=240/13750 i1=196 t1=30 m2=-185/-13750 i2=-191 t2=29 steerMode=0/-374 iSteer=2517 driveMode=13750/11539 iDrive=193067 scale=0 wheel=40000
run=1 step=1 angle=51504 target=51680 err=176 steer=0 m1=221/13750 i1=159 t1=30 m2=-193/-13750 i2=-230 t2=29 steerMode=0/367 iSteer=-35835 driveMode=13750/12105 iDrive=194381 scale=0 wheel=40000
run=1 step=1 angle=51592 target=51680 err=88 steer=0 m1=223/13750 i1=168 t1=30 m2=-199/-13750 i2=-234 t2=29 steerMode=0/278 iSteer=-32989 driveMode=13750/11600 iDrive=201016 scale=0 wheel=40000
run=1 step=1 angle=51768 target=51680 err=-88 steer=0 m1=246/13750 i1=167 t1=30 m2=-172/-13750 i2=-242 t2=29 steerMode=0/351 iSteer=-37711 driveMode=13750/11725 iDrive=204589 scale=0 wheel=40000
run=1 step=1 angle=51855 target=51680 err=-176 steer=0 m1=230/13750 i1=174 t1=30 m2=-195/-13750 i2=-235 t2=29 steerMode=0/202 iSteer=-30817 driveMode=13750/12336 iDrive=204571 scale=0 wheel=40000
run=1 step=1 angle=52119 target=51680 err=-439 steer=0 m1=200/13750 i1=148 t1=30 m2=-254/-13750 i2=-282 t2=29 steerMode=0/886 iSteer=-67206 driveMode=13750/11156 iDrive=214767 scale=0 wheel=40000
run=1 step=1 angle=52295 target=51680 err=-615 steer=-308 m1=211/12058 i1=140 t1=30 m2=-157/-15442 i2=-307 t2=29 steerMode=-1692/-564 iSteer=-83302 driveMode=13750/10435 iDrive=223663 scale=0 wheel=40000
run=1 step=1 angle=52295 target=51680 err=-615 steer=-308 m1=175/12058 i1=190 t1=30 m2=-235/-15442 i2=-259 t2=29 steerMode=-1692/-1580 iSteer=-34460 driveMode=13750/11290 iDrive=224923 scale=0 wheel=40000
run=1 step=1 angle=52207 target=51680 err=-527 steer=-264 m1=207/12300 i1=137 t1=30 m2=-312/-15200 i2=-308 t2=29 steerMode=-1450/-351 iSteer=-85488 driveMode=13750/12400 iDrive=222726 scale=0 wheel=40000
run=1 step=1 angle=52119 target=51680 err=-439 steer=0 m1=307/13750 i1=233 t1=30 m2=-258/-13750 i2=-195 t2=29 steerMode=0/-1002 iSteer=19207 driveMode=13750/14261 iDrive=214267 scale=0 wheel=40000
run=1 step=1 angle=52031 target=51680 err=-352 steer=0 m1=320/13750 i1=161 t1=30 m2=-314/-13750 i2=-238 t2=29 steerMode=0/170 iSteer=-38798 driveMode=13750/16619 iDrive=199453 scale=0 wheel=40000
run=1 step=1 angle=51943 target=51680 err=-264 steer=0 m1=364/13750 i1=152 t1=30 m2=-319/-13750 i2=-221 t2=29 steerMode=0/83 iSteer=-34337 driveMode=13750/17845 iDrive=186753 scale=0 wheel=40000
run=1 step=1 angle=51855 target=51680 err=-176 steer=0 m1=372/13750 i1=170 t1=30 m2=-379/-13750 i2=-180 t2=29 steerMode=0/-496 iSteer=-4732 driveMode=13750/18586 iDrive=174790 scale=0 wheel=40000
run=1 step=1 angle=51768 target=51680 err=-88 steer=0 m1=368/13750 i1=165 t1=30 m2=-442/-13750 i2=-155 t2=29 steerMode=0/-668 iSteer=5319 driveMode=13750/19580 iDrive=159938 scale=0 wheel=40000
run=1 step=1 angle=51592 target=51680 err=88 steer=0 m1=366/13750 i1=120 t1=30 m2=-346/-13750 i2=-174 t2=29 steerMode=0/-1 iSteer=-26765 driveMode=13750/19847 iDrive=146974 scale=0 wheel=40000
run=1 step=1 angle=51328 target=51680 err=352 steer=0 m1=355/13750 i1=140 t1=30 m2=-344/-13750 i2=-140 t2=29 steerMode=0/-507 iSteer=-65 driveMode=13750/19126 iDrive=139787 scale=0 wheel=40000
run=1 step=1 angle=51152 target=51680 err=527 steer=264 m1=330/15200 i1=187 t1=30 m2=-346/-12300 i2=-88 t2=29 steerMode=1450/7 iSteer=49387 driveMode=13750/17726 iDrive=137725 scale=0 wheel=40000
run=1 step=1 angle=51152 target=51680 err=527 steer=264 m1=355/15200 i1=131 t1=30 m2=-289/-12300 i2=-145 t2=29 steerMode=1450/1146 iSteer=-6709 driveMode=13750/16432 iDrive=138022 scale=0 wheel=40000
run=1 step=1 angle=51240 target=51680 err=439 steer=64 m1=301/14100 i1=100 t1=30 m2=-316/-13400 i2=-182 t2=29 steerMode=350/765 iSteer=-40678 driveMode=13750/15081 iDrive=140877 scale=0 wheel=40000
run=1 step=1 angle=51328 target=51680 err=352 steer=0 m1=230/13750 i1=151 t1=30 m2=-252/-13750 i2=-141 t2=29 steerMode=0/-498 iSteer=5134 driveMode=13750/13805 iDrive=146255 scale=0 wheel=40000
run=1 step=1 angle=51416 target=51680 err=264 steer=0 m1=267/13750 i1=148 t1=30 m2=-325/-13750 i2=-162 t2=29 steerMode=0/-248 iSteer=-6712 driveMode=13750/12334 iDrive=154998 scale=0 wheel=40000
run=1 step=1 angle=51328 target=51680 err=352 steer=0 m1=217/13750 i1=143 t1=30 m2=-183/-13750 i2=-185 t2=29 steerMode=0/49 iSteer=-20903 driveMode=13750/11109 iDrive=164380 scale=0 wheel=40000
run=1 step=1 angle=51416 target=51680 err=264 steer=0 m1=188/13750 i1=140 t1=30 m2=-153/-13750 i2=-216 t2=29 steerMode=0/380 iSteer=-37734 driveMode=13750/9549 iDrive=178110 scale=0 wheel=40000
run=1 step=1 angle=51504 target=51680 err=176 steer=0 m1=146/13750 i1=170 t1=30 m2=-118/-13750 i2=-217 t2=29 steerMode=0/92 iSteer=-23440 driveMode=13750/8188 iDrive=193793 scale=0 wheel=40000
run=1 step=1 angle=51504 target=51680 err=176 steer=0 m1=154/13750 i1=190 t1=30 m2=-210/-13750 i2=-208 t2=29 steerMode=0/-212 iSteer=-9037 driveMode=13750/9169 iDrive=198875 scale=0 wheel=40000
run=1 step=1 angle=51504 target=51680 err=176 steer=0 m1=215/13750 i1=166 t1=30 m2=-191/-13750 i2=-240 t2=29 steerMode=0/347 iSteer=-36874 driveMode=13750/10023 iDrive=202773 scale=0 wheel=40000
run=1 step=1 angle=51504 target=51680 err=176 steer=0 m1=184/13750 i1=181 t1=30 m2=-180/-13750 i2=-236 t2=29 steerMode=0/165 iSteer=-27700 driveMode=13750/10076 iDrive=208522 scale=0 wheel=40000
run=1 step=1 angle=51680 target=51680 err=0 steer=0 m1=186/13750 i1=198 t1=30 m2=-157/-13750 i2=-233 t2=29 steerMode=0/-55 iSteer=-17282 driveMode=13750/10119 iDrive=215239 scale=0 wheel=40000
run=1 step=1 angle=51768 target=51680 err=-88 steer=0 m1=196/13750 i1=179 t1=30 m2=-199/-13750 i2=-249 t2=29 steerMode=0/305 iSteer=-34720 driveMode=13750/11439 iDrive=214209 scale=0 wheel=40000
run=1 step=1 angle=51768 target=51680 err=-88 steer=0 m1=269/13750 i1=172 t1=30 m2=-291/-13750 i2=-237 t2=29 steerMode=0/251 iSteer=-32308 driveMode=13750/13820 iDrive=204563 scale=0 wheel=40000
run=1 step=1 angle=51768 target=51680 err=-88 steer=0 m1=307/13750 i1=190 t1=30 m2=-296/-13750 i2=-199 t2=29 steerMode=0/-305 iSteer=-4319 driveMode=13750/15569 iDrive=194505 scale=0 wheel=40000
run=1 step=1 angle=51768 target=51680 err=-88 steer=0 m1=330/13750 i1=175 t1=30 m2=-411/-13750 i2=-182 t2=29 steerMode=0/-304 iSteer=-3588 driveMode=13750/17734 iDrive=178251 scale=0 wheel=40000
run=1 step=1 angle=51768 target=51680 err=-88 steer=0 m1=345/13750 i1=150 t1=30 m2=-417/-13750 i2=-183 t2=29 steerMode=0/-39 iSteer=-16227 driveMode=13750/18422 iDrive=166551 scale=0 wheel=40000
run=1 step=1 angle=51768 target=51680 err=-88 steer=0 m1=326/13750 i1=139 t1=30 m2=-329/-13750 i2=-178 t2=29 steerMode=0/35 iSteer=-19540 driveMode=13750/18216 iDrive=158661 scale=0 wheel=40000
run=1 step=1 angle=51768 target=51680 err=-88 steer=0 m1=332/13750 i1=134 t1=30 m2=-325/-13750 i2=-172 t2=29 steerMode=0/18 iSteer=-18873 driveMode=13750/17758 iDrive=152974 scale=0 wheel=40000
run=1 step=1 angle=51768 target=51680 err=-88 steer=0 m1=305/13750 i1=134 t1=30 m2=-293/-13750 i2=-171 t2=29 steerMode=0/-4 iSteer=-18104 driveMode=13750/16571 iDrive=152492 scale=0 wheel=40000
run=1 step=1 angle=51768 target=51680 err=-88 steer=0 m1=284/13750 i1=134 t1=30 m2=-296/-13750 i2=-167 t2=29 steerMode=0/-27 iSteer=-16725 driveMode=13750/15983 iDrive=150392 scale=0 wheel=40000
run=1 step=1 angle=51768 target=51680 err=-88 steer=0 m1=284/13750 i1=141 t1=30 m2=-319/-13750 i2=-163 t2=29 steerMode=0/-142 iSteer=-11138 driveMode=13750/15043 iDrive=151928 scale=0 wheel=40000
run=1 step=1 angle=51768 target=51680 err=-88 steer=0 m1=261/13750 i1=133 t1=30 m2=-291/-13750 i2=-173 t2=29 steerMode=0/37 iSteer=-20157 driveMode=13750/14475 iDrive=152960 scale=0 wheel=40000
run=1 step=1 angle=51768 target=51680 err=-88 steer=0 m1=238/13750 i1=142 t1=30 m2=-281/-13750 i2=-171 t2=29 steerMode=0/-69 iSteer=-14236 driveMode=13750/13690 iDrive=156441 scale=0 wheel=40000
run=1 step=1 angle=51768 target=51680 err=-88 steer=0 m1=223/13750 i1=149 t1=30 m2=-283/-13750 i2=-170 t2=29 steerMode=0/-144 iSteer=-10314 driveMode=13750/13274 iDrive=159321 scale=0 wheel=40000
run=1 step=1 angle=51768 target=51680 err=-88 steer=0 m1=192/13750 i1=175 t1=30 m2=-287/-13750 i2=-166 t2=29 steerMode=0/-417 iSteer=4682 driveMode=13750/11689 iDrive=170391 scale=0 wheel=40000
run=1 step=1 angle=51768 target=51680 err=-88 steer=0 m1=249/13750 i1=124 t1=30 m2=-176/-13750 i2=-224 t2=29 steerMode=0/689 iSteer=-49981 driveMode=13750/11763 iDrive=173832 scale=0 wheel=40000
run=1 step=1 angle=51768 target=51680 err=-88 steer=0 m1=211/13750 i1=177 t1=30 m2=-206/-13750 i2=-166 t2=29 steerMode=0/-433 iSteer=5331 driveMode=13750/12727 iDrive=171718 scale=0 wheel=40000
run=1 step=1 angle=51768 target=51680 err=-88 steer=0 m1=280/13750 i1=159 t1=30 m2=-277/-13750 i2=-181 t2=29 steerMode=0/-104 iSteer=-10783 driveMode=13750/13474 iDrive=169766 scale=0 wheel=40000
run=1 step=1 angle=51768 target=51680 err=-88 steer=0 m1=226/13750 i1=144 t1=30 m2=-256/-13750 i2=-197 t2=29 steerMode=0/192 iSteer=-26419 driveMode=13750/13473 iDrive=170802 scale=0 wheel=40000
run=1 step=1 angle=51768 target=51680 err=-88 steer=0 m1=240/13750 i1=149 t1=30 m2=-237/-13750 i2=-196 t2=29 steerMode=0/136 iSteer=-23809 driveMode=13750/13314 iDrive=172448 scale=0 wheel=40000
run=1 step=1 angle=51768 target=51680 err=-88 steer=0 m1=238/13750 i1=152 t1=30 m2=-206/-13750 i2=-195 t2=29 steerMode=0/86 iSteer=-21446 driveMode=13750/13272 iDrive=173286 scale=0 wheel=40000
run=1 step=1 angle=51855 target=51680 err=-176 steer=0 m1=211/13750 i1=163 t1=30 m2=-243/-13750 i2=-195 t2=29 steerMode=0/-48 iSteer=-15917 driveMode=13750/12495 iDrive=178833 scale=0 wheel=40000
run=1 step=1 angle=51943 target=51680 err=-264 steer=0 m1=209/13750 i1=155 t1=30 m2=-258/-13750 i2=-217 t2=29 steerMode=0/254 iSteer=-31104 driveMode=13750/11605 iDrive=186302 scale=0 wheel=40000
run=1 step=1 angle=52119 target=51680 err=-439 steer=0 m1=228/13750 i1=166 t1=30 m2=-201/-13750 i2=-205 t2=29 steerMode=0/27 iSteer=-19608 driveMode=13750/12471 iDrive=185297 scale=0 wheel=40000
run=1 step=1 angle=52119 target=51680 err=-439 steer=0 m1=238/13750 i1=150 t1=30 m2=-193/-13750 i2=-228 t2=29 steerMode=0/413 iSteer=-39032 driveMode=13750/12281 iDrive=188950 scale=0 wheel=40000
run=1 step=1 angle=52119 target=51680 err=-439 steer=0 m1=267/13750 i1=189 t1=30 m2=-222/-13750 i2=-180 t2=29 steerMode=0/-462 iSteer=4726 driveMode=13750/13467 iDrive=184639 scale=0 wheel=40000
run=1 step=1 angle=52207 target=51680 err=-527 steer=-264 m1=251/12300 i1=149 t1=30 m2=-302/-15200 i2=-211 t2=29 steerMode=-1450/-1228 iSteer=-30949 driveMode=13750/14271 iDrive=180087 scale=0 wheel=40000
run=1 step=1 angle=52119 target=51680 err=-439 steer=0 m1=280/13750 i1=135 t1=30 m2=-191/-13750 i2=-234 t2=29 steerMode=0/610 iSteer=-49387 driveMode=13750/13353 iDrive=184150 scale=0 wheel=40000
run=1 step=1 angle=52119 target=51680 err=-439 steer=0 m1=230/13750 i1=184 t1=30 m2=-203/-13750 i2=-186 t2=29 steerMode=0/-378 iSteer=-897 driveMode=13750/13263 iDrive=185318 scale=0 wheel=40000
run=1 step=1 angle=52119 target=51680 err=-439 steer=0 m1=234/13750 i1=186 t1=30 m2=-208/-13750 i2=-185 t2=29 steerMode=0/-403 iSteer=357 driveMode=13750/13459 iDrive=185344 scale=0 wheel=40000
run=1 step=1 angle=52119 target=51680 err=-439 steer=0 m1=255/13750 i1=200 t1=30 m2=-237/-13750 i2=-170 t2=29 steerMode=0/-698 iSteer=14914 driveMode=13750/13736 iDrive=185060 scale=0 wheel=40000
run=1 step=1 angle=52119 target=51680 err=-439 steer=0 m1=318/13750 i1=163 t1=30 m2=-247/-13750 i2=-194 t2=29 steerMode=0/-75 iSteer=-15413 driveMode=13750/14839 iDrive=178569 scale=0 wheel=40000
run=1 step=1 angle=52119 target=51680 err=-439 steer=-214 m1=284/12575 i1=138 t1=30 m2=-354/-14925 i2=-209 t2=29 steerMode=-1175/-868 iSteer=-35213 driveMode=13750/15432 iDrive=173290 scale=0 wheel=40000
run=1 step=1 angle=52031 target=51680 err=-352 steer=0 m1=292/13750 i1=170 t1=30 m2=-325/-13750 i2=-163 t2=29 steerMode=0/-420 iSteer=3363 driveMode=13750/16089 iDrive=166218 scale=0 wheel=40000
run=1 step=1 angle=51943 target=51680 err=-264 steer=0 m1=307/13750 i1=154 t1=30 m2=-268/-13750 i2=-170 t2=29 steerMode=0/-184 iSteer=-8201 driveMode=13750/16150 iDrive=161701 scale=0 wheel=40000
run=1 step=1 angle=51768 target=51680 err=-88 steer=0 m1=295/13750 i1=145 t1=30 m2=-342/-13750 i2=-170 t2=29 steerMode=0/-87 iSteer=-12403 driveMode=13750/16081 iDrive=157268 scale=0 wheel=40000
run=1 step=1 angle=51768 target=51680 err=-88 steer=0 m1=284/13750 i1=154 t1=30 m2=-275/-13750 i2=-156 t2=29 steerMode=0/-302 iSteer=-1044 driveMode=13750/15671 iDrive=155202 scale=0 wheel=40000
run=1 step=1 angle=51592 target=51680 err=88 steer=0 m1=276/13750 i1=126 t1=30 m2=-325/-13750 i2=-188 t2=29 steerMode=0/292 iSteer=-31000 driveMode=13750/14677 iDrive=157155 scale=0 wheel=40000
STEP_OK: step=1 target=40 cmd=40000 measured=41107 angleErr=88
STEP_START: step=2 target=40 steerTarget=141680
run=1 step=2 angle=51592 target=141680 err=90088 steer=2150 m1=318/25575 i1=652 t1=30 m2=-241/-1925 i2=328 t2=29 steerMode=11825/1846 iSteer=489926 driveMode=13750/13652 iDrive=161629 scale=0 wheel=40000
run=1 step=2 angle=59063 target=141680 err=82617 steer=5000 m1=791/41250 i1=379 t1=30 m2=150/13750 i2=74 t2=29 steerMode=27500/23310 iSteer=226431 driveMode=13750/15572 iDrive=152566 scale=0 wheel=40000
run=1 step=2 angle=70313 target=141680 err=71367 steer=5000 m1=893/41250 i1=290 t1=30 m2=-70/13750 i2=73 t2=29 steerMode=27500/24337 iSteer=181857 driveMode=13750/22438 iDrive=108482 scale=0 wheel=40000
run=1 step=2 angle=80947 target=141680 err=60732 steer=5000 m1=960/41250 i1=212 t1=30 m2=0/13750 i2=64 t2=29 steerMode=27500/25365 iSteer=138405 driveMode=13750/25377 iDrive=74004 scale=0 wheel=40000
run=1 step=2 angle=92109 target=141680 err=49570 steer=5000 m1=973/41250 i1=173 t1=30 m2=0/13750 i2=73 t2=29 steerMode=27500/25776 iSteer=123125 driveMode=13750/25777 iDrive=49940 scale=0 wheel=40000
run=1 step=2 angle=102832 target=141680 err=38848 steer=5000 m1=945/41250 i1=182 t1=30 m2=0/13750 i2=122 t2=29 steerMode=27500/25307 iSteer=151819 driveMode=13750/25307 iDrive=30208 scale=0 wheel=40000
run=1 step=2 angle=113730 target=141680 err=27949 steer=5000 m1=912/41250 i1=218 t1=30 m2=0/13750 i2=190 t2=29 steerMode=27500/24404 iSteer=204298 driveMode=13750/24391 iDrive=14098 scale=0 wheel=40000
run=1 step=2 angle=124189 target=141680 err=17490 steer=5000 m1=912/41250 i1=216 t1=30 m2=0/13750 i2=226 t2=29 steerMode=27500/24252 iSteer=220874 driveMode=13750/24255 iDrive=-4811 scale=0 wheel=40000
run=1 step=2 angle=134824 target=141680 err=6855 steer=3478 m1=876/32879 i1=-180 t1=30 m2=-7/5379 i2=-137 t2=29 steerMode=19129/23580 iSteer=-158472 driveMode=13750/23786 iDrive=-21677 scale=0 wheel=40000
run=1 step=2 angle=141240 target=141680 err=439 steer=64 m1=194/14100 i1=-403 t1=30 m2=0/-13400 i2=-481 t2=29 steerMode=350/9910 iSteer=-441987 driveMode=13750/9995 iDrive=38765 scale=0 wheel=40000
run=1 step=2 angle=141680 target=141680 err=0 steer=0 m1=-15/13750 i1=146 t1=30 m2=0/-13750 i2=-74 t2=29 steerMode=0/-143 iSteer=35836 driveMode=13750/-152 iDrive=110254 scale=0 wheel=40000
run=1 step=2 angle=141680 target=141680 err=0 steer=0 m1=0/13750 i1=164 t1=30 m2=0/-13750 i2=-106 t2=29 steerMode=0/-4 iSteer=28958 driveMode=13750/-4 iDrive=135408 scale=0 wheel=40000
run=1 step=2 angle=141680 target=141680 err=0 steer=0 m1=0/13750 i1=190 t1=30 m2=0/-13750 i2=-132 t2=29 steerMode=0/0 iSteer=28760 driveMode=13750/0 iDrive=161239 scale=0 wheel=40000
run=1 step=2 angle=141680 target=141680 err=0 steer=0 m1=0/13750 i1=216 t1=30 m2=0/-13750 i2=-158 t2=29 steerMode=0/-5 iSteer=29000 driveMode=13750/5 iDrive=187330 scale=0 wheel=40000
run=1 step=2 angle=141680 target=141680 err=0 steer=0 m1=0/13750 i1=243 t1=30 m2=-3/-13750 i2=-183 t2=29 steerMode=0/-30 iSteer=30290 driveMode=13750/30 iDrive=213044 scale=0 wheel=40000
run=1 step=2 angle=141680 target=141680 err=0 steer=0 m1=0/13750 i1=268 t1=30 m2=0/-13750 i2=-210 t2=29 steerMode=0/-1 iSteer=28878 driveMode=13750/1 iDrive=239017 scale=0 wheel=40000
run=1 step=2 angle=141680 target=141680 err=0 steer=0 m1=0/13750 i1=294 t1=30 m2=0/-13750 i2=-236 t2=29 steerMode=0/3 iSteer=28665 driveMode=13750/3 iDrive=264851 scale=0 wheel=40000
run=1 step=2 angle=141680 target=141680 err=0 steer=0 m1=0/13750 i1=320 t1=30 m2=0/-13750 i2=-262 t2=29 steerMode=0/0 iSteer=28826 driveMode=13750/0 iDrive=290991 scale=0 wheel=40000
run=1 step=2 angle=141680 target=141680 err=0 steer=0 m1=0/13750 i1=346 t1=30 m2=0/-13750 i2=-288 t2=29 steerMode=0/-11 iSteer=29396 driveMode=13750/11 iDrive=317042 scale=0 wheel=40000
run=1 step=2 angle=141680 target=141680 err=0 steer=0 m1=0/13750 i1=372 t1=30 m2=0/-13750 i2=-314 t2=29 steerMode=0/-2 iSteer=28951 driveMode=13750/-2 iDrive=342955 scale=0 wheel=40000
run=1 step=2 angle=141680 target=141680 err=0 steer=0 m1=2/13750 i1=397 t1=30 m2=0/-13750 i2=-340 t2=29 steerMode=0/7 iSteer=28506 driveMode=13750/7 iDrive=368762 scale=0 wheel=40000
run=1 step=2 angle=141680 target=141680 err=0 steer=0 m1=0/13750 i1=424 t1=30 m2=0/-13750 i2=-366 t2=29 steerMode=0/0 iSteer=28867 driveMode=13750/1 iDrive=394889 scale=0 wheel=40000
run=1 step=2 angle=141680 target=141680 err=0 steer=0 m1=0/13750 i1=450 t1=30 m2=0/-13750 i2=-392 t2=29 steerMode=0/-1 iSteer=28906 driveMode=13750/-1 iDrive=421021 scale=0 wheel=40000
run=1 step=2 angle=141680 target=141680 err=0 steer=0 m1=0/13750 i1=476 t1=30 m2=0/-13750 i2=-418 t2=29 steerMode=0/0 iSteer=28866 driveMode=13750/0 iDrive=446867 scale=0 wheel=40000
run=1 step=2 angle=141680 target=141680 err=0 steer=0 m1=0/13750 i1=502 t1=30 m2=0/-13750 i2=-444 t2=29 steerMode=0/-3 iSteer=29033 driveMode=13750/2 iDrive=472967 scale=0 wheel=40000
run=1 step=2 angle=141680 target=141680 err=0 steer=0 m1=0/13750 i1=528 t1=30 m2=0/-13750 i2=-470 t2=29 steerMode=0/1 iSteer=28857 driveMode=13750/1 iDrive=498820 scale=0 wheel=40000
run=1 step=2 angle=141680 target=141680 err=0 steer=0 m1=0/13750 i1=554 t1=30 m2=0/-13750 i2=-496 t2=29 steerMode=0/-1 iSteer=28966 driveMode=13750/5 iDrive=524906 scale=0 wheel=40000
run=1 step=2 angle=141680 target=141680 err=0 steer=0 m1=0/13750 i1=580 t1=30 m2=0/-13750 i2=-522 t2=29 steerMode=0/0 iSteer=28916 driveMode=13750/0 iDrive=550780 scale=0 wheel=40000
run=1 step=2 angle=141680 target=141680 err=0 steer=0 m1=0/13750 i1=607 t1=30 m2=0/-13750 i2=-546 t2=29 steerMode=0/-30 iSteer=30420 driveMode=13750/29 iDrive=576756 scale=0 wheel=40000
run=1 step=2 angle=141680 target=141680 err=0 steer=0 m1=0/13750 i1=632 t1=30 m2=0/-13750 i2=-574 t2=29 steerMode=0/-5 iSteer=29185 driveMode=13750/-4 iDrive=602761 scale=0 wheel=40000
run=1 step=2 angle=141680 target=141680 err=0 steer=0 m1=0/13750 i1=658 t1=30 m2=0/-13750 i2=-599 t2=29 steerMode=0/-10 iSteer=29477 driveMode=13750/10 iDrive=628538 scale=0 wheel=40000
run=1 step=2 angle=141680 target=141680 err=0 steer=0 m1=0/13750 i1=684 t1=30 m2=0/-13750 i2=-625 t2=29 steerMode=0/-10 iSteer=29461 driveMode=13750/10 iDrive=654369 scale=0 wheel=40000
run=1 step=2 angle=141680 target=141680 err=0 steer=0 m1=0/13750 i1=709 t1=30 m2=0/-13750 i2=-651 t2=29 steerMode=0/0 iSteer=28973 driveMode=13750/0 iDrive=680261 scale=0 wheel=40000
run=1 step=2 angle=141680 target=141680 err=0 steer=0 m1=0/13750 i1=736 t1=30 m2=0/-13750 i2=-677 t2=29 steerMode=0/-4 iSteer=29184 driveMode=13750/9 iDrive=706323 scale=0 wheel=40000
run=1 step=2 angle=141680 target=141680 err=0 steer=0 m1=0/13750 i1=761 t1=30 m2=0/-13750 i2=-703 t2=29 steerMode=0/2 iSteer=28894 driveMode=13750/2 iDrive=732202 scale=0 wheel=40000
run=1 step=2 angle=141680 target=141680 err=0 steer=0 m1=0/13750 i1=788 t1=30 m2=0/-13750 i2=-729 t2=29 steerMode=0/-11 iSteer=29564 driveMode=13750/15 iDrive=758258 scale=0 wheel=40000
run=1 step=2 angle=141680 target=141680 err=0 steer=0 m1=2/13750 i1=813 t1=30 m2=0/-13750 i2=-756 t2=29 steerMode=0/9 iSteer=28537 driveMode=13750/9 iDrive=784129 scale=0 wheel=40000
run=1 step=2 angle=141680 target=141680 err=0 steer=0 m1=0/13750 i1=839 t1=30 m2=0/-13750 i2=-781 t2=29 steerMode=0/0 iSteer=29020 driveMode=13750/2 iDrive=810252 scale=0 wheel=40000
run=1 step=2 angle=141680 target=141680 err=0 steer=0 m1=2/13750 i1=864 t1=30 m2=0/-13750 i2=-808 t2=29 steerMode=0/18 iSteer=28114 driveMode=13750/18 iDrive=836294 scale=0 wheel=40000
run=1 step=2 angle=142910 target=141680 err=-1230 steer=-615 m1=326/10366 i1=376 t1=30 m2=-21/-17134 i2=-1277 t2=29 steerMode=-3384/6088 iSteer=-450466 driveMode=13750/6439 iDrive=826881 scale=0 wheel=40000
run=1 step=2 angle=143262 target=141680 err=-1582 steer=-791 m1=659/9399 i1=702 t1=30 m2=-819/-18101 i2=-653 t2=29 steerMode=-4351/-4674 iSteer=24252 driveMode=13750/34037 iDrive=677543 scale=0 wheel=40000
run=1 step=2 angle=142207 target=141680 err=-527 steer=-264 m1=1159/12300 i1=472 t1=30 m2=-1181/-15200 i2=-519 t2=29 steerMode=-1450/-815 iSteer=-23436 driveMode=13750/57979 iDrive=495640 scale=0 wheel=40000
run=1 step=2 angle=141768 target=141680 err=-88 steer=0 m1=1437/13750 i1=312 t1=30 m2=-1396/-13750 i2=-338 t2=29 steerMode=0/437 iSteer=-13287 driveMode=13750/72801 iDrive=325076 scale=0 wheel=40000
run=1 step=2 angle=141855 target=141680 err=-176 steer=0 m1=1515/13750 i1=179 t1=30 m2=-1530/-13750 i2=-177 t2=29 steerMode=0/135 iSteer=1048 driveMode=13750/78898 iDrive=177640 scale=0 wheel=40000
run=1 step=2 angle=142295 target=141680 err=-615 steer=-308 m1=1408/12058 i1=-36 t1=30 m2=-1440/-15442 i2=-191 t2=29 steerMode=-1692/681 iSteer=-113378 driveMode=13750/75117 iDrive=77775 scale=0 wheel=40000
run=1 step=2 angle=142295 target=141680 err=-615 steer=-308 m1=1194/12058 i1=-33 t1=30 m2=-1214/-15442 i2=-76 t2=29 steerMode=-1692/-575 iSteer=-54532 driveMode=13750/65526 iDrive=21232 scale=0 wheel=40000
run=1 step=2 angle=142207 target=141680 err=-527 steer=-264 m1=950/12300 i1=-39 t1=30 m2=-992/-15200 i2=-37 t2=29 steerMode=-1450/-736 iSteer=-38036 driveMode=13750/53146 iDrive=-1067 scale=0 wheel=40000
run=1 step=2 angle=142207 target=141680 err=-527 steer=-264 m1=694/12300 i1=-42 t1=30 m2=-789/-15200 i2=-38 t2=29 steerMode=-1450/-731 iSteer=-40293 driveMode=13750/40973 iDrive=-2159 scale=0 wheel=40000
run=1 step=2 angle=142031 target=141680 err=-352 steer=0 m1=535/13750 i1=-23 t1=30 m2=-522/-13750 i2=-45 t2=29 steerMode=0/596 iSteer=-33785 driveMode=13750/30317 iDrive=10942 scale=0 wheel=40000
run=1 step=2 angle=142031 target=141680 err=-352 steer=0 m1=395/13750 i1=16 t1=30 m2=-394/-13750 i2=-43 t2=29 steerMode=0/169 iSteer=-13467 driveMode=13750/21989 iDrive=29960 scale=0 wheel=40000
run=1 step=2 angle=141943 target=141680 err=-264 steer=0 m1=244/13750 i1=35 t1=30 m2=-281/-13750 i2=-75 t2=29 steerMode=0/295 iSteer=-19873 driveMode=13750/15164 iDrive=55226 scale=0 wheel=40000
run=1 step=2 angle=141943 target=141680 err=-264 steer=0 m1=186/13750 i1=90 t1=30 m2=-141/-13750 i2=-75 t2=29 steerMode=0/-254 iSteer=7683 driveMode=13750/10195 iDrive=82576 scale=0 wheel=40000
run=1 step=2 angle=141943 target=141680 err=-264 steer=0 m1=89/13750 i1=114 t1=30 m2=-78/-13750 i2=-119 t2=29 steerMode=0/-72 iSteer=-2134 driveMode=13750/5647 iDrive=116596 scale=0 wheel=40000
run=1 step=2 angle=141943 target=141680 err=-264 steer=0 m1=69/13750 i1=167 t1=30 m2=-166/-13750 i2=-115 t2=29 steerMode=0/-615 iSteer=25800 driveMode=13750/4159 iDrive=141058 scale=0 wheel=40000
run=1 step=2 angle=142031 target=141680 err=-352 steer=0 m1=-11/13750 i1=159 t1=30 m2=0/-13750 i2=-201 t2=29 steerMode=0/282 iSteer=-20829 driveMode=13750/434 iDrive=179730 scale=0 wheel=40000
run=1 step=2 angle=142031 target=141680 err=-352 steer=0 m1=0/13750 i1=195 t1=30 m2=-3/-13750 i2=-220 t2=29 steerMode=0/127 iSteer=-12319 driveMode=13750/186 iDrive=207266 scale=0 wheel=40000
run=1 step=2 angle=142031 target=141680 err=-352 steer=0 m1=0/13750 i1=228 t1=30 m2=0/-13750 i2=-240 t2=29 steerMode=0/1 iSteer=-6088 driveMode=13750/2 iDrive=233972 scale=0 wheel=40000
run=1 step=2 angle=142031 target=141680 err=-352 steer=0 m1=0/13750 i1=254 t1=30 m2=0/-13750 i2=-265 t2=29 steerMode=0/-10 iSteer=-5498 driveMode=13750/12 iDrive=259754 scale=0 wheel=40000
run=1 step=2 angle=142031 target=141680 err=-352 steer=0 m1=0/13750 i1=280 t1=30 m2=0/-13750 i2=-291 t2=29 steerMode=0/-12 iSteer=-5369 driveMode=13750/12 iDrive=285584 scale=0 wheel=40000
run=1 step=2 angle=142031 target=141680 err=-352 steer=0 m1=0/13750 i1=306 t1=30 m2=0/-13750 i2=-317 t2=29 steerMode=0/-14 iSteer=-5253 driveMode=13750/14 iDrive=311411 scale=0 wheel=40000
run=1 step=2 angle=142031 target=141680 err=-352 steer=0 m1=0/13750 i1=332 t1=30 m2=0/-13750 i2=-343 t2=29 steerMode=0/-3 iSteer=-5799 driveMode=13750/3 iDrive=337304 scale=0 wheel=40000
run=1 step=2 angle=142031 target=141680 err=-352 steer=0 m1=0/13750 i1=358 t1=30 m2=0/-13750 i2=-368 t2=29 steerMode=0/-18 iSteer=-4998 driveMode=13750/18 iDrive=363043 scale=0 wheel=40000
run=1 step=2 angle=142031 target=141680 err=-352 steer=0 m1=2/13750 i1=507 t1=30 m2=-145/-13750 i2=-240 t2=29 steerMode=0/-2754 iSteer=133917 driveMode=13750/2807 iDrive=373522 scale=0 wheel=40000
run=1 step=2 angle=140889 target=141680 err=791 steer=396 m1=4/15925 i1=689 t1=30 m2=-206/-11575 i2=-87 t2=29 steerMode=2175/-3712 iSteer=301189 driveMode=13750/3769 iDrive=387719 scale=0 wheel=40000
run=1 step=2 angle=140186 target=141680 err=1494 steer=747 m1=0/17859 i1=676 t1=30 m2=-5/-9641 i2=-176 t2=29 steerMode=4109/-416 iSteer=250337 driveMode=13750/318 iDrive=425911 scale=0 wheel=40000
run=1 step=2 angle=140186 target=141680 err=1494 steer=747 m1=0/17859 i1=694 t1=30 m2=0/-9641 i2=-211 t2=29 steerMode=4109/-6 iSteer=241568 driveMode=13750/4 iDrive=452900 scale=0 wheel=40000
run=1 step=2 angle=140186 target=141680 err=1494 steer=747 m1=0/17859 i1=732 t1=30 m2=0/-9641 i2=-225 t2=29 steerMode=4109/-8 iSteer=253346 driveMode=13750/12 iDrive=478705 scale=0 wheel=40000
run=1 step=2 angle=140186 target=141680 err=1494 steer=747 m1=0/17859 i1=769 t1=30 m2=0/-9641 i2=-240 t2=29 steerMode=4109/3 iSteer=264397 driveMode=13750/3 iDrive=504593 scale=0 wheel=40000
run=1 step=2 angle=140186 target=141680 err=1494 steer=747 m1=0/17859 i1=807 t1=30 m2=0/-9641 i2=-254 t2=29 steerMode=4109/0 iSteer=276135 driveMode=13750/0 iDrive=530457 scale=0 wheel=40000
run=1 step=2 angle=140186 target=141680 err=1494 steer=747 m1=0/17859 i1=844 t1=30 m2=0/-9641 i2=-268 t2=29 steerMode=4109/-1 iSteer=287840 driveMode=13750/1 iDrive=556285 scale=0 wheel=40000
run=1 step=2 angle=140186 target=141680 err=1494 steer=747 m1=0/17859 i1=882 t1=30 m2=0/-9641 i2=-282 t2=29 steerMode=4109/-13 iSteer=300013 driveMode=13750/-13 iDrive=582194 scale=0 wheel=40000
run=1 step=2 angle=140186 target=141680 err=1494 steer=747 m1=14/17859 i1=912 t1=30 m2=0/-9641 i2=-302 t2=29 steerMode=4109/115 iSteer=305045 driveMode=13750/121 iDrive=607044 scale=0 wheel=40000
run=1 step=2 angle=141680 target=141680 err=0 steer=0 m1=456/13750 i1=338 t1=30 m2=-337/-13750 i2=-734 t2=29 steerMode=0/5935 iSteer=-198109 driveMode=13750/16711 iDrive=535911 scale=0 wheel=40000
run=1 step=2 angle=142295 target=141680 err=-615 steer=-308 m1=705/12058 i1=371 t1=30 m2=-662/-15442 i2=-478 t2=29 steerMode=-1692/1215 iSteer=-53691 driveMode=13750/34227 iDrive=424339 scale=0 wheel=40000
run=1 step=2 angle=142734 target=141680 err=-1055 steer=-527 m1=849/10850 i1=264 t1=30 m2=-827/-16650 i2=-400 t2=29 steerMode=-2900/111 iSteer=-67810 driveMode=13750/43130 iDrive=332202 scale=0 wheel=40000
run=1 step=2 angle=142734 target=141680 err=-1055 steer=-527 m1=889/10850 i1=227 t1=30 m2=-921/-16650 i2=-281 t2=29 steerMode=-2900/-852 iSteer=-27035 driveMode=13750/47008 iDrive=254215 scale=0 wheel=40000
run=1 step=2 angle=142646 target=141680 err=-967 steer=-483 m1=889/11091 i1=149 t1=30 m2=-917/-16409 i2=-220 t2=29 steerMode=-2659/-543 iSteer=-35820 driveMode=13750/48295 iDrive=184446 scale=0 wheel=40000
run=1 step=2 angle=142295 target=141680 err=-615 steer=-308 m1=851/12058 i1=111 t1=30 m2=-852/-15442 i2=-160 t2=29 steerMode=-1692/104 iSteer=-24619 driveMode=13750/45636 iDrive=135539 scale=0 wheel=40000
run=1 step=2 angle=142383 target=141680 err=-703 steer=-352 m1=732/11816 i1=83 t1=30 m2=-775/-15684 i2=-126 t2=29 steerMode=-1934/-297 iSteer=-21338 driveMode=13750/40839 iDrive=104581 scale=0 wheel=40000
run=1 step=2 angle=142383 target=141680 err=-703 steer=-352 m1=629/11816 i1=58 t1=30 m2=-635/-15684 i2=-120 t2=29 steerMode=-1934/-184 iSteer=-31018 driveMode=13750/35012 iDrive=88601 scale=0 wheel=40000
run=1 step=2 angle=142383 target=141680 err=-703 steer=-352 m1=504/11816 i1=52 t1=30 m2=-536/-15684 i2=-122 t2=29 steerMode=-1934/-215 iSteer=-34977 driveMode=13750/28590 iDrive=87327 scale=0 wheel=40000
run=1 step=2 angle=142383 target=141680 err=-703 steer=-352 m1=387/11816 i1=52 t1=30 m2=-415/-15684 i2=-141 t2=29 steerMode=-1934/-120 iSteer=-44484 driveMode=13750/22449 iDrive=96535 scale=0 wheel=40000
run=1 step=2 angle=142295 target=141680 err=-615 steer=-308 m1=311/12058 i1=71 t1=30 m2=-283/-15442 i2=-148 t2=29 steerMode=-1692/-81 iSteer=-38356 driveMode=13750/17524 iDrive=109736 scale=0 wheel=40000
run=1 step=2 angle=142207 target=141680 err=-527 steer=-264 m1=213/12300 i1=49 t1=30 m2=-237/-15200 i2=-213 t2=29 steerMode=-1450/940 iSteer=-82224 driveMode=13750/12716 iDrive=130773 scale=0 wheel=40000
run=1 step=2 angle=142207 target=141680 err=-527 steer=-264 m1=217/12300 i1=87 t1=30 m2=-143/-15200 i2=-216 t2=29 steerMode=-1450/505 iSteer=-64283 driveMode=13750/9571 iDrive=151275 scale=0 wheel=40000
run=1 step=2 angle=142207 target=141680 err=-527 steer=-264 m1=106/12300 i1=148 t1=30 m2=-114/-15200 i2=-206 t2=29 steerMode=-1450/-292 iSteer=-29117 driveMode=13750/6665 iDrive=177260 scale=0 wheel=40000
run=1 step=2 angle=142207 target=141680 err=-527 steer=-264 m1=123/12300 i1=135 t1=30 m2=-63/-15200 i2=-253 t2=29 steerMode=-1450/253 iSteer=-59140 driveMode=13750/6154 iDrive=193736 scale=0 wheel=40000
run=1 step=2 angle=142207 target=141680 err=-527 steer=-264 m1=20/12300 i1=175 t1=30 m2=-53/-15200 i2=-265 t2=29 steerMode=-1450/-152 iSteer=-44956 driveMode=13750/4136 iDrive=219875 scale=0 wheel=40000
run=1 step=2 angle=142207 target=141680 err=-527 steer=-264 m1=148/12300 i1=172 t1=30 m2=-72/-15200 i2=-293 t2=29 steerMode=-1450/86 iSteer=-60220 driveMode=13750/5219 iDrive=232422 scale=0 wheel=40000
run=1 step=2 angle=142207 target=141680 err=-527 steer=-264 m1=144/12300 i1=236 t1=30 m2=-197/-15200 i2=-229 t2=29 steerMode=-1450/-1235 iSteer=3296 driveMode=13750/7932 iDrive=232712 scale=0 wheel=40000
run=1 step=2 angle=142119 target=141680 err=-439 steer=0 m1=240/13750 i1=185 t1=30 m2=-210/-13750 i2=-264 t2=29 steerMode=0/1074 iSteer=-39711 driveMode=13750/11108 iDrive=224674 scale=0 wheel=40000
run=1 step=2 angle=142119 target=141680 err=-439 steer=0 m1=274/13750 i1=195 t1=30 m2=-302/-13750 i2=-231 t2=29 steerMode=0/599 iSteer=-17965 driveMode=13750/13908 iDrive=212660 scale=0 wheel=40000
run=1 step=2 angle=142207 target=141680 err=-527 steer=-264 m1=265/12300 i1=174 t1=30 m2=-346/-15200 i2=-230 t2=29 steerMode=-1450/-724 iSteer=-27888 driveMode=13750/15629 iDrive=201810 scale=0 wheel=40000
run=1 step=2 angle=142207 target=141680 err=-527 steer=-264 m1=311/12300 i1=140 t1=30 m2=-289/-15200 i2=-255 t2=29 steerMode=-1450/-175 iSteer=-57312 driveMode=13750/15703 iDrive=197759 scale=0 wheel=40000
run=1 step=2 angle=142207 target=141680 err=-527 steer=-264 m1=332/12300 i1=150 t1=30 m2=-296/-15200 i2=-231 t2=29 steerMode=-1450/-556 iSteer=-40286 driveMode=13750/16375 iDrive=190232 scale=0 wheel=40000
run=1 step=2 angle=142119 target=141680 err=-439 steer=0 m1=347/13750 i1=183 t1=30 m2=-316/-13750 i2=-172 t2=29 steerMode=0/-23 iSteer=5493 driveMode=13750/17588 iDrive=177911 scale=0 wheel=40000
run=1 step=2 angle=142119 target=141680 err=-439 steer=0 m1=376/13750 i1=131 t1=30 m2=-298/-13750 i2=-207 t2=29 steerMode=0/796 iSteer=-37791 driveMode=13750/17943 iDrive=168888 scale=0 wheel=40000
run=1 step=2 angle=142119 target=141680 err=-439 steer=0 m1=351/13750 i1=151 t1=30 m2=-327/-13750 i2=-166 t2=29 steerMode=0/175 iSteer=-7632 driveMode=13750/18391 iDrive=158271 scale=0 wheel=40000
run=1 step=2 angle=142119 target=141680 err=-439 steer=0 m1=355/13750 i1=131 t1=30 m2=-296/-13750 i2=-173 t2=29 steerMode=0/422 iSteer=-20864 driveMode=13750/17982 iDrive=151876 scale=0 wheel=40000
run=1 step=2 angle=142119 target=141680 err=-439 steer=0 m1=318/13750 i1=152 t1=30 m2=-304/-13750 i2=-141 t2=29 steerMode=0/-115 iSteer=5587 driveMode=13750/17538 iDrive=146650 scale=0 wheel=40000
run=1 step=2 angle=142119 target=141680 err=-439 steer=0 m1=320/13750 i1=121 t1=30 m2=-243/-13750 i2=-170 t2=29 steerMode=0/476 iSteer=-24313 driveMode=13750/16569 iDrive=145494 scale=0 wheel=40000
run=1 step=2 angle=142207 target=141680 err=-527 steer=-264 m1=286/12300 i1=77 t1=30 m2=-239/-15200 i2=-231 t2=29 steerMode=-1450/31 iSteer=-77111 driveMode=13750/14288 iDrive=154120 scale=0 wheel=40000
run=1 step=2 angle=142207 target=141680 err=-527 steer=-264 m1=182/12300 i1=127 t1=30 m2=-285/-15200 i2=-215 t2=29 steerMode=-1450/-673 iSteer=-44167 driveMode=13750/11271 iDrive=171165 scale=0 wheel=40000
run=1 step=2 angle=142207 target=141680 err=-527 steer=-214 m1=123/12575 i1=121 t1=30 m2=-141/-14925 i2=-263 t2=29 steerMode=-1175/100 iSteer=-71155 driveMode=13750/8522 iDrive=191687 scale=0 wheel=40000
run=1 step=2 angle=142119 target=141680 err=-439 steer=0 m1=140/13750 i1=240 t1=30 m2=-195/-13750 i2=-169 t2=29 steerMode=0/-890 iSteer=35493 driveMode=13750/8034 iDrive=204918 scale=0 wheel=40000
run=1 step=2 angle=142119 target=141680 err=-439 steer=0 m1=163/13750 i1=189 t1=30 m2=-172/-13750 i2=-242 t2=29 steerMode=0/324 iSteer=-26641 driveMode=13750/8153 iDrive=215594 scale=0 wheel=40000
run=1 step=2 angle=142119 target=141680 err=-439 steer=0 m1=173/13750 i1=230 t1=30 m2=-195/-13750 i2=-206 t2=29 steerMode=0/-455 iSteer=12419 driveMode=13750/9590 iDrive=218046 scale=0 wheel=40000
run=1 step=2 angle=142207 target=141680 err=-527 steer=-264 m1=194/12300 i1=147 t1=30 m2=-191/-15200 i2=-293 t2=29 steerMode=-1450/-240 iSteer=-72848 driveMode=13750/10548 iDrive=219782 scale=0 wheel=40000
run=1 step=2 angle=142207 target=141680 err=-527 steer=-264 m1=165/12300 i1=164 t1=30 m2=-162/-15200 i2=-293 t2=29 steerMode=-1450/-455 iSteer=-64075 driveMode=13750/10027 iDrive=228499 scale=0 wheel=40000
run=1 step=2 angle=142207 target=141680 err=-527 steer=-264 m1=211/12300 i1=196 t1=30 m2=-275/-15200 i2=-260 t2=29 steerMode=-1450/-1130 iSteer=-31972 driveMode=13750/11355 iDrive=227910 scale=0 wheel=40000
run=1 step=2 angle=142119 target=141680 err=-439 steer=0 m1=276/13750 i1=227 t1=30 m2=-208/-13750 i2=-218 t2=29 steerMode=0/-412 iSteer=4698 driveMode=13750/13073 iDrive=222199 scale=0 wheel=40000
run=1 step=2 angle=142031 target=141680 err=-352 steer=0 m1=276/13750 i1=189 t1=30 m2=-264/-13750 i2=-241 t2=29 steerMode=0/181 iSteer=-25791 driveMode=13750/14517 iDrive=215076 scale=0 wheel=40000
run=1 step=2 angle=142031 target=141680 err=-352 steer=0 m1=322/13750 i1=201 t1=30 m2=-373/-13750 i2=-201 t2=29 steerMode=0/-313 iSteer=-185 driveMode=13750/16587 iDrive=200957 scale=0 wheel=40000
run=1 step=2 angle=142031 target=141680 err=-352 steer=0 m1=307/13750 i1=175 t1=30 m2=-329/-13750 i2=-218 t2=29 steerMode=0/78 iSteer=-21270 driveMode=13750/16497 iDrive=196437 scale=0 wheel=40000
run=1 step=2 angle=142031 target=141680 err=-352 steer=0 m1=357/13750 i1=178 t1=30 m2=-306/-13750 i2=-195 t2=29 steerMode=0/-181 iSteer=-8425 driveMode=13750/17411 iDrive=186185 scale=0 wheel=40000
run=1 step=2 angle=142031 target=141680 err=-352 steer=0 m1=362/13750 i1=158 t1=30 m2=-369/-13750 i2=-189 t2=29 steerMode=0/-23 iSteer=-15572 driveMode=13750/18362 iDrive=173297 scale=0 wheel=40000
run=1 step=2 angle=142031 target=141680 err=-352 steer=0 m1=332/13750 i1=155 t1=30 m2=-379/-13750 i2=-179 t2=29 steerMode=0/-94 iSteer=-11963 driveMode=13750/18040 iDrive=166734 scale=0 wheel=40000
run=1 step=2 angle=142031 target=141680 err=-352 steer=0 m1=353/13750 i1=132 t1=30 m2=-252/-13750 i2=-197 t2=29 steerMode=0/313 iSteer=-32496 driveMode=13750/17163 iDrive=164277 scale=0 wheel=40000
run=1 step=2 angle=141943 target=141680 err=-264 steer=0 m1=274/13750 i1=139 t1=30 m2=-340/-13750 i2=-193 t2=29 steerMode=0/183 iSteer=-27095 driveMode=13750/15803 iDrive=166225 scale=0 wheel=40000
run=1 step=2 angle=142031 target=141680 err=-352 steer=0 m1=240/13750 i1=140 t1=30 m2=-268/-13750 i2=-200 t2=29 steerMode=0/222 iSteer=-29861 driveMode=13750/14465 iDrive=170189 scale=0 wheel=40000
run=1 step=2 angle=142031 target=141680 err=-352 steer=0 m1=263/13750 i1=146 t1=30 m2=-277/-13750 i2=-203 t2=29 steerMode=0/202 iSteer=-28491 driveMode=13750/13549 iDrive=174013 scale=0 wheel=40000
run=1 step=2 angle=142031 target=141680 err=-352 steer=0 m1=207/13750 i1=167 t1=30 m2=-218/-13750 i2=-194 t2=29 steerMode=0/-104 iSteer=-13276 driveMode=13750/12454 iDrive=180487 scale=0 wheel=40000
run=1 step=2 angle=142119 target=141680 err=-439 steer=0 m1=219/13750 i1=154 t1=30 m2=-187/-13750 i2=-222 t2=29 steerMode=0/313 iSteer=-33916 driveMode=13750/11518 iDrive=187910 scale=0 wheel=40000
run=1 step=2 angle=142119 target=141680 err=-439 steer=0 m1=200/13750 i1=180 t1=30 m2=-157/-13750 i2=-210 t2=29 steerMode=0/-69 iSteer=-14880 driveMode=13750/11045 iDrive=194907 scale=0 wheel=40000
run=1 step=2 angle=142207 target=141680 err=-527 steer=-264 m1=163/12300 i1=173 t1=30 m2=-239/-15200 i2=-236 t2=29 steerMode=-1450/-1258 iSteer=-31356 driveMode=13750/10282 iDrive=204821 scale=0 wheel=40000
run=1 step=2 angle=142207 target=141680 err=-527 steer=-264 m1=196/12300 i1=132 t1=30 m2=-220/-15200 i2=-288 t2=29 steerMode=-1450/-335 iSteer=-78295 driveMode=13750/10373 iDrive=209972 scale=0 wheel=40000
run=1 step=2 angle=142207 target=141680 err=-527 steer=-164 m1=205/12850 i1=140 t1=30 m2=-157/-14650 i2=-293 t2=29 steerMode=-900/141 iSteer=-76858 driveMode=13750/10175 iDrive=216456 scale=0 wheel=40000
run=1 step=2 angle=142119 target=141680 err=-439 steer=-214 m1=207/12575 i1=169 t1=30 m2=-264/-14925 i2=-269 t2=29 steerMode=-1175/-747 iSteer=-50017 driveMode=13750/11010 iDrive=218706 scale=0 wheel=40000
run=1 step=2 angle=142207 target=141680 err=-527 steer=-200 m1=213/12650 i1=139 t1=30 m2=-256/-14850 i2=-310 t2=29 steerMode=-1100/30 iSteer=-85890 driveMode=13750/10928 iDrive=224503 scale=0 wheel=40000
run=1 step=2 angle=142119 target=141680 err=-439 steer=0 m1=223/13750 i1=167 t1=30 m2=-183/-13750 i2=-276 t2=29 steerMode=0/482 iSteer=-54519 driveMode=13750/12234 iDrive=221356 scale=0 wheel=40000
run=1 step=2 angle=142119 target=141680 err=-439 steer=0 m1=244/13750 i1=130 t1=30 m2=-170/-13750 i2=-326 t2=29 steerMode=0/1273 iSteer=-97850 driveMode=13750/11648 iDrive=228178 scale=0 wheel=40000
run=1 step=2 angle=142207 target=141680 err=-527 steer=-264 m1=213/12300 i1=155 t1=30 m2=-247/-15200 i2=-317 t2=29 steerMode=-1450/-577 iSteer=-80992 driveMode=13750/11091 iDrive=235586 scale=0 wheel=40000
run=1 step=2 angle=142119 target=141680 err=-439 steer=0 m1=200/13750 i1=168 t1=30 m2=-268/-13750 i2=-306 t2=29 steerMode=0/646 iSteer=-69022 driveMode=13750/11553 iDrive=237431 scale=0 wheel=40000
run=1 step=2 angle=142207 target=141680 err=-527 steer=-264 m1=267/12300 i1=119 t1=30 m2=-220/-15200 i2=-351 t2=29 steerMode=-1450/95 iSteer=-116122 driveMode=13750/12591 iDrive=235315 scale=0 wheel=40000
run=1 step=2 angle=142207 target=141680 err=-527 steer=-264 m1=238/12300 i1=210 t1=30 m2=-270/-15200 i2=-242 t2=29 steerMode=-1450/-1913 iSteer=-16204 driveMode=13750/14549 iDrive=226006 scale=0 wheel=40000
run=1 step=2 angle=141943 target=141680 err=-264 steer=0 m1=297/13750 i1=155 t1=30 m2=-316/-13750 i2=-273 t2=29 steerMode=0/429 iSteer=-58859 driveMode=13750/16336 iDrive=213828 scale=0 wheel=40000
run=1 step=2 angle=141855 target=141680 err=-176 steer=0 m1=336/13750 i1=131 t1=30 m2=-252/-13750 i2=-291 t2=29 steerMode=0/797 iSteer=-79719 driveMode=13750/16036 iDrive=210795 scale=0 wheel=40000
run=1 step=2 angle=141855 target=141680 err=-176 steer=0 m1=326/13750 i1=191 t1=30 m2=-329/-13750 i2=-224 t2=29 steerMode=0/-468 iSteer=-16593 driveMode=13750/15994 iDrive=207147 scale=0 wheel=40000
run=1 step=2 angle=141855 target=141680 err=-176 steer=0 m1=322/13750 i1=161 t1=30 m2=-406/-13750 i2=-231 t2=29 steerMode=0/-69 iSteer=-35311 driveMode=13750/17180 iDrive=195838 scale=0 wheel=40000
run=1 step=2 angle=141855 target=141680 err=-176 steer=0 m1=349/13750 i1=174 t1=30 m2=-404/-13750 i2=-181 t2=29 steerMode=0/-683 iSteer=-3379 driveMode=13750/19180 iDrive=177178 scale=0 wheel=40000
run=1 step=2 angle=141855 target=141680 err=-176 steer=0 m1=343/13750 i1=161 t1=30 m2=-356/-13750 i2=-159 t2=29 steerMode=0/-733 iSteer=1008 driveMode=13750/20357 iDrive=160220 scale=0 wheel=40000
run=1 step=2 angle=141855 target=141680 err=-176 steer=0 m1=385/13750 i1=141 t1=30 m2=-400/-13750 i2=-149 t2=29 steerMode=0/-591 iSteer=-4053 driveMode=13750/20878 iDrive=145050 scale=0 wheel=40000
run=1 step=2 angle=141680 target=141680 err=0 steer=0 m1=353/13750 i1=125 t1=30 m2=-358/-13750 i2=-145 t2=29 steerMode=0/-444 iSteer=-10298 driveMode=13750/20303 iDrive=135187 scale=0 wheel=40000
run=1 step=2 angle=141504 target=141680 err=176 steer=0 m1=349/13750 i1=102 t1=30 m2=-314/-13750 i2=-167 t2=29 steerMode=0/5 iSteer=-32061 driveMode=13750/18388 iDrive=134536 scale=0 wheel=40000
run=1 step=2 angle=141416 target=141680 err=264 steer=0 m1=305/13750 i1=97 t1=30 m2=-344/-13750 i2=-176 t2=29 steerMode=0/153 iSteer=-39755 driveMode=13750/16580 iDrive=136279 scale=0 wheel=40000
run=1 step=2 angle=141416 target=141680 err=264 steer=0 m1=232/13750 i1=94 t1=30 m2=-293/-13750 i2=-198 t2=29 steerMode=0/402 iSteer=-52139 driveMode=13750/13951 iDrive=146309 scale=0 wheel=40000
run=1 step=2 angle=141328 target=141680 err=352 steer=0 m1=251/13750 i1=83 t1=30 m2=-189/-13750 i2=-246 t2=29 steerMode=0/957 iSteer=-81226 driveMode=13750/10776 iDrive=164712 scale=0 wheel=40000
run=1 step=2 angle=141328 target=141680 err=352 steer=0 m1=182/13750 i1=174 t1=30 m2=-160/-13750 i2=-193 t2=29 steerMode=0/-483 iSteer=-9617 driveMode=13750/8586 iDrive=183473 scale=0 wheel=40000
run=1 step=2 angle=141328 target=141680 err=352 steer=0 m1=144/13750 i1=185 t1=30 m2=-185/-13750 i2=-208 t2=29 steerMode=0/-445 iSteer=-11769 driveMode=13750/8056 iDrive=196531 scale=0 wheel=40000
run=1 step=2 angle=141328 target=141680 err=352 steer=0 m1=198/13750 i1=164 t1=30 m2=-147/-13750 i2=-247 t2=29 steerMode=0/173 iSteer=-41580 driveMode=13750/8310 iDrive=205620 scale=0 wheel=40000
run=1 step=2 angle=141328 target=141680 err=352 steer=0 m1=140/13750 i1=163 t1=30 m2=-95/-13750 i2=-277 t2=29 steerMode=0/471 iSteer=-57135 driveMode=13750/7380 iDrive=220217 scale=0 wheel=40000
run=1 step=2 angle=141416 target=141680 err=264 steer=0 m1=129/13750 i1=196 t1=30 m2=-153/-13750 i2=-266 t2=29 steerMode=0/23 iSteer=-35329 driveMode=13750/7635 iDrive=230988 scale=0 wheel=40000
run=1 step=2 angle=141416 target=141680 err=264 steer=0 m1=196/13750 i1=218 t1=30 m2=-210/-13750 i2=-249 t2=29 steerMode=0/-365 iSteer=-15477 driveMode=13750/9181 iDrive=233555 scale=0 wheel=40000
run=1 step=2 angle=141416 target=141680 err=264 steer=0 m1=211/13750 i1=158 t1=30 m2=-124/-13750 i2=-316 t2=29 steerMode=0/902 iSteer=-78856 driveMode=13750/9903 iDrive=236870 scale=0 wheel=40000
run=1 step=2 angle=141416 target=141680 err=264 steer=0 m1=198/13750 i1=250 t1=30 m2=-319/-13750 i2=-215 t2=29 steerMode=0/-1009 iSteer=17361 driveMode=13750/11970 iDrive=232149 scale=0 wheel=40000
run=1 step=2 angle=141504 target=141680 err=176 steer=0 m1=267/13750 i1=212 t1=30 m2=-310/-13750 i2=-245 t2=29 steerMode=0/-324 iSteer=-16785 driveMode=13750/13265 iDrive=228357 scale=0 wheel=40000
run=1 step=2 angle=141416 target=141680 err=264 steer=0 m1=276/13750 i1=217 t1=30 m2=-306/-13750 i2=-214 t2=29 steerMode=0/-653 iSteer=1560 driveMode=13750/15526 iDrive=215608 scale=0 wheel=40000
run=1 step=2 angle=141504 target=141680 err=176 steer=0 m1=313/13750 i1=157 t1=30 m2=-321/-13750 i2=-260 t2=29 steerMode=0/403 iSteer=-51471 driveMode=13750/16077 iDrive=208689 scale=0 wheel=40000
run=1 step=2 angle=141416 target=141680 err=264 steer=0 m1=343/13750 i1=188 t1=30 m2=-386/-13750 i2=-206 t2=29 steerMode=0/-435 iSteer=-9025 driveMode=13750/17289 iDrive=197078 scale=0 wheel=40000
run=1 step=2 angle=141416 target=141680 err=264 steer=0 m1=355/13750 i1=154 t1=30 m2=-358/-13750 i2=-219 t2=29 steerMode=0/47 iSteer=-32355 driveMode=13750/17968 iDrive=186405 scale=0 wheel=40000
run=1 step=2 angle=141416 target=141680 err=264 steer=0 m1=364/13750 i1=160 t1=30 m2=-396/-13750 i2=-198 t2=29 steerMode=0/-217 iSteer=-19137 driveMode=13750/17881 iDrive=179355 scale=0 wheel=40000
run=1 step=2 angle=141416 target=141680 err=264 steer=0 m1=368/13750 i1=132 t1=30 m2=-358/-13750 i2=-212 t2=29 steerMode=0/211 iSteer=-40096 driveMode=13750/17746 iDrive=172201 scale=0 wheel=40000
run=1 step=2 angle=141416 target=141680 err=264 steer=0 m1=313/13750 i1=138 t1=30 m2=-279/-13750 i2=-198 t2=29 steerMode=0/18 iSteer=-30027 driveMode=13750/17106 iDrive=168236 scale=0 wheel=40000
run=1 step=2 angle=141416 target=141680 err=264 steer=0 m1=288/13750 i1=127 t1=30 m2=-310/-13750 i2=-211 t2=29 steerMode=0/240 iSteer=-41944 driveMode=13750/15918 iDrive=169089 scale=0 wheel=40000
run=1 step=2 angle=141416 target=141680 err=264 steer=0 m1=290/13750 i1=139 t1=30 m2=-296/-13750 i2=-207 t2=29 steerMode=0/79 iSteer=-33794 driveMode=13750/14581 iDrive=172846 scale=0 wheel=40000
run=1 step=2 angle=141416 target=141680 err=264 steer=0 m1=280/13750 i1=163 t1=30 m2=-293/-13750 i2=-195 t2=29 steerMode=0/-286 iSteer=-15772 driveMode=13750/13348 iDrive=179033 scale=0 wheel=40000
run=1 step=2 angle=141416 target=141680 err=264 steer=0 m1=232/13750 i1=154 t1=30 m2=-227/-13750 i2=-211 t2=29 steerMode=0/-24 iSteer=-28747 driveMode=13750/12895 iDrive=182250 scale=0 wheel=40000
run=1 step=2 angle=141416 target=141680 err=264 steer=0 m1=230/13750 i1=127 t1=30 m2=-155/-13750 i2=-254 t2=29 steerMode=0/661 iSteer=-63306 driveMode=13750/11602 iDrive=190773 scale=0 wheel=40000
run=1 step=2 angle=141416 target=141680 err=264 steer=0 m1=226/13750 i1=172 t1=30 m2=-170/-13750 i2=-215 t2=29 steerMode=0/-164 iSteer=-21482 driveMode=13750/11804 iDrive=193361 scale=0 wheel=40000
run=1 step=2 angle=141504 target=141680 err=176 steer=0 m1=240/13750 i1=191 t1=30 m2=-239/-13750 i2=-200 t2=29 steerMode=0/-510 iSteer=-4207 driveMode=13750/12138 iDrive=195375 scale=0 wheel=40000
run=1 step=2 angle=141416 target=141680 err=264 steer=0 m1=202/13750 i1=162 t1=30 m2=-237/-13750 i2=-246 t2=29 steerMode=0/214 iSteer=-41727 driveMode=13750/11252 iDrive=204031 scale=0 wheel=40000
run=1 step=2 angle=141504 target=141680 err=176 steer=0 m1=205/13750 i1=175 t1=30 m2=-252/-13750 i2=-239 t2=29 steerMode=0/32 iSteer=-31987 driveMode=13750/11509 iDrive=207244 scale=0 wheel=40000
run=1 step=2 angle=141504 target=141680 err=176 steer=0 m1=238/13750 i1=177 t1=30 m2=-279/-13750 i2=-240 t2=29 steerMode=0/37 iSteer=-31366 driveMode=13750/11966 iDrive=208437 scale=0 wheel=40000
run=1 step=2 angle=141504 target=141680 err=176 steer=0 m1=259/13750 i1=168 t1=30 m2=-260/-13750 i2=-246 t2=29 steerMode=0/199 iSteer=-39001 driveMode=13750/12711 iDrive=206874 scale=0 wheel=40000
run=1 step=2 angle=141504 target=141680 err=176 steer=0 m1=274/13750 i1=185 t1=30 m2=-256/-13750 i2=-230 t2=29 steerMode=0/-135 iSteer=-22851 driveMode=13750/13015 iDrive=207451 scale=0 wheel=40000
run=1 step=2 angle=141504 target=141680 err=176 steer=0 m1=299/13750 i1=190 t1=30 m2=-260/-13750 i2=-216 t2=29 steerMode=0/-338 iSteer=-12936 driveMode=13750/14053 iDrive=203032 scale=0 wheel=40000
run=1 step=2 angle=141504 target=141680 err=176 steer=0 m1=297/13750 i1=190 t1=30 m2=-300/-13750 i2=-195 t2=29 steerMode=0/-535 iSteer=-2288 driveMode=13750/15693 iDrive=192551 scale=0 wheel=40000
run=1 step=2 angle=141504 target=141680 err=176 steer=0 m1=341/13750 i1=169 t1=30 m2=-293/-13750 i2=-194 t2=29 steerMode=0/-316 iSteer=-12445 driveMode=13750/16993 iDrive=181361 scale=0 wheel=40000
run=1 step=2 angle=141416 target=141680 err=264 steer=0 m1=311/13750 i1=151 t1=30 m2=-335/-13750 i2=-196 t2=29 steerMode=0/-113 iSteer=-22413 driveMode=13750/17277 iDrive=173454 scale=0 wheel=40000
run=1 step=2 angle=141416 target=141680 err=264 steer=0 m1=282/13750 i1=151 t1=30 m2=-335/-13750 i2=-188 t2=29 steerMode=0/-199 iSteer=-18264 driveMode=13750/16924 iDrive=169587 scale=0 wheel=40000
run=1 step=2 angle=141328 target=141680 err=352 steer=0 m1=290/13750 i1=175 t1=30 m2=-289/-13750 i2=-163 t2=29 steerMode=0/-655 iSteer=5930 driveMode=13750/16095 iDrive=169239 scale=0 wheel=40000
run=1 step=2 angle=141328 target=141680 err=352 steer=0 m1=288/13750 i1=141 t1=30 m2=-312/-13750 i2=-190 t2=29 steerMode=0/-57 iSteer=-24296 driveMode=13750/16084 iDrive=165522 scale=0 wheel=40000
run=1 step=2 angle=141240 target=141680 err=439 steer=0 m1=303/13750 i1=135 t1=30 m2=-237/-13750 i2=-193 t2=29 steerMode=0/44 iSteer=-28929 driveMode=13750/15587 iDrive=164085 scale=0 wheel=40000
run=1 step=2 angle=141240 target=141680 err=439 steer=0 m1=265/13750 i1=139 t1=30 m2=-256/-13750 i2=-185 t2=29 steerMode=0/-73 iSteer=-22874 driveMode=13750/15395 iDrive=161700 scale=0 wheel=40000
run=1 step=2 angle=141152 target=141680 err=527 steer=264 m1=324/15200 i1=157 t1=30 m2=-283/-12300 i2=-160 t2=29 steerMode=1450/1013 iSteer=-1805 driveMode=13750/15395 iDrive=158591 scale=0 wheel=40000
run=1 step=2 angle=141240 target=141680 err=439 steer=0 m1=280/13750 i1=117 t1=30 m2=-302/-13750 i2=-197 t2=29 steerMode=0/330 iSteer=-40210 driveMode=13750/15176 iDrive=156745 scale=0 wheel=40000
run=1 step=2 angle=141328 target=141680 err=352 steer=0 m1=269/13750 i1=166 t1=30 m2=-327/-13750 i2=-138 t2=29 steerMode=0/-715 iSteer=14174 driveMode=13750/15492 iDrive=151890 scale=0 wheel=40000
run=1 step=2 angle=141328 target=141680 err=352 steer=0 m1=318/13750 i1=136 t1=30 m2=-335/-13750 i2=-167 t2=29 steerMode=0/-107 iSteer=-15641 driveMode=13750/15108 iDrive=151184 scale=0 wheel=40000
run=1 step=2 angle=141328 target=141680 err=352 steer=0 m1=242/13750 i1=101 t1=30 m2=-291/-13750 i2=-219 t2=29 steerMode=0/752 iSteer=-58945 driveMode=13750/13151 iDrive=159766 scale=0 wheel=40000
run=1 step=2 angle=141328 target=141680 err=352 steer=0 m1=236/13750 i1=129 t1=30 m2=-178/-13750 i2=-213 t2=29 steerMode=0/402 iSteer=-41889 driveMode=13750/11427 iDrive=171117 scale=0 wheel=40000
run=1 step=2 angle=141416 target=141680 err=264 steer=0 m1=144/13750 i1=174 t1=30 m2=-132/-13750 i2=-206 t2=29 steerMode=0/-151 iSteer=-16012 driveMode=13750/9054 iDrive=189855 scale=0 wheel=40000
run=1 step=2 angle=141592 target=141680 err=88 steer=0 m1=148/13750 i1=178 t1=30 m2=-139/-13750 i2=-247 t2=29 steerMode=0/190 iSteer=-34443 driveMode=13750/6754 iDrive=212816 scale=0 wheel=40000
run=1 step=2 angle=141680 target=141680 err=0 steer=0 m1=113/13750 i1=204 t1=30 m2=-76/-13750 i2=-262 t2=29 steerMode=0/73 iSteer=-29332 driveMode=13750/5485 iDrive=233140 scale=0 wheel=40000
run=1 step=2 angle=141855 target=141680 err=-176 steer=0 m1=129/13750 i1=213 t1=30 m2=-90/-13750 i2=-278 t2=29 steerMode=0/103 iSteer=-32192 driveMode=13750/6065 iDrive=245411 scale=0 wheel=40000
run=1 step=2 angle=142031 target=141680 err=-352 steer=0 m1=133/13750 i1=241 t1=30 m2=-178/-13750 i2=-269 t2=29 steerMode=0/-266 iSteer=-13993 driveMode=13750/7031 iDrive=254602 scale=0 wheel=40000
run=1 step=2 angle=142119 target=141680 err=-439 steer=0 m1=188/13750 i1=206 t1=30 m2=-220/-13750 i2=-298 t2=29 steerMode=0/370 iSteer=-45737 driveMode=13750/9493 iDrive=252124 scale=0 wheel=40000
run=1 step=2 angle=142207 target=141680 err=-527 steer=-264 m1=207/12300 i1=178 t1=30 m2=-220/-15200 i2=-336 t2=29 steerMode=-1450/-487 iSteer=-78826 driveMode=13750/9874 iDrive=257200 scale=0 wheel=40000
run=1 step=2 angle=142207 target=141680 err=-527 steer=-264 m1=175/12300 i1=189 t1=30 m2=-197/-15200 i2=-333 t2=29 steerMode=-1450/-678 iSteer=-71675 driveMode=13750/10440 iDrive=261035 scale=0 wheel=40000
run=1 step=2 angle=142119 target=141680 err=-439 steer=0 m1=232/13750 i1=184 t1=30 m2=-212/-13750 i2=-335 t2=29 steerMode=0/848 iSteer=-75511 driveMode=13750/11756 iDrive=259455 scale=0 wheel=40000
run=1 step=2 angle=142119 target=141680 err=-439 steer=0 m1=238/13750 i1=231 t1=30 m2=-235/-13750 i2=-267 t2=29 steerMode=0/-309 iSteer=-18244 driveMode=13750/14121 iDrive=249133 scale=0 wheel=40000
run=1 step=2 angle=142119 target=141680 err=-439 steer=0 m1=307/13750 i1=239 t1=30 m2=-314/-13750 i2=-229 t2=29 steerMode=0/-762 iSteer=4964 driveMode=13750/16616 iDrive=234226 scale=0 wheel=40000
run=1 step=2 angle=142119 target=141680 err=-439 steer=0 m1=357/13750 i1=201 t1=30 m2=-323/-13750 i2=-228 t2=29 steerMode=0/-357 iSteer=-13237 driveMode=13750/19049 iDrive=214589 scale=0 wheel=40000
run=1 step=2 angle=142119 target=141680 err=-439 steer=0 m1=418/13750 i1=186 t1=30 m2=-438/-13750 i2=-206 t2=29 steerMode=0/-405 iSteer=-9740 driveMode=13750/20544 iDrive=196180 scale=0 wheel=40000
run=1 step=2 angle=142031 target=141680 err=-352 steer=0 m1=389/13750 i1=158 t1=30 m2=-419/-13750 i2=-199 t2=29 steerMode=0/-164 iSteer=-20525 driveMode=13750/21299 iDrive=178392 scale=0 wheel=40000
run=1 step=2 angle=141768 target=141680 err=-88 steer=0 m1=389/13750 i1=148 t1=30 m2=-354/-13750 i2=-190 t2=29 steerMode=0/-158 iSteer=-20717 driveMode=13750/20542 iDrive=168823 scale=0 wheel=40000
run=1 step=2 angle=141680 target=141680 err=0 steer=0 m1=372/13750 i1=161 t1=30 m2=-436/-13750 i2=-154 t2=29 steerMode=0/-625 iSteer=3640 driveMode=13750/20367 iDrive=157257 scale=0 wheel=40000
run=1 step=2 angle=141680 target=141680 err=0 steer=0 m1=345/13750 i1=132 t1=30 m2=-369/-13750 i2=-173 t2=29 steerMode=0/-134 iSteer=-20594 driveMode=13750/19135 iDrive=152235 scale=0 wheel=40000
run=1 step=2 angle=141592 target=141680 err=88 steer=0 m1=313/13750 i1=108 t1=30 m2=-270/-13750 i2=-201 t2=29 steerMode=0/389 iSteer=-46478 driveMode=13750/17003 iDrive=154289 scale=0 wheel=40000
run=1 step=2 angle=141592 target=141680 err=88 steer=0 m1=282/13750 i1=117 t1=30 m2=-258/-13750 i2=-203 t2=29 steerMode=0/308 iSteer=-42770 driveMode=13750/14929 iDrive=160121 scale=0 wheel=40000
run=1 step=2 angle=141592 target=141680 err=88 steer=0 m1=276/13750 i1=138 t1=30 m2=-224/-13750 i2=-192 t2=29 steerMode=0/8 iSteer=-26987 driveMode=13750/13704 iDrive=164699 scale=0 wheel=40000
run=1 step=2 angle=141592 target=141680 err=88 steer=0 m1=249/13750 i1=141 t1=30 m2=-206/-13750 i2=-196 t2=29 steerMode=0/17 iSteer=-27387 driveMode=13750/13007 iDrive=168797 scale=0 wheel=40000
run=1 step=2 angle=141592 target=141680 err=88 steer=0 m1=202/13750 i1=151 t1=30 m2=-187/-13750 i2=-202 t2=29 steerMode=0/-35 iSteer=-25394 driveMode=13750/11887 iDrive=176766 scale=0 wheel=40000
run=1 step=2 angle=141680 target=141680 err=0 steer=0 m1=169/13750 i1=180 t1=30 m2=-195/-13750 i2=-198 t2=29 steerMode=0/-377 iSteer=-9321 driveMode=13750/10623 iDrive=188884 scale=0 wheel=40000
run=1 step=2 angle=141943 target=141680 err=-264 steer=0 m1=154/13750 i1=125 t1=30 m2=-134/-13750 i2=-301 t2=29 steerMode=0/1161 iSteer=-88051 driveMode=13750/7519 iDrive=213339 scale=0 wheel=40000
run=1 step=2 angle=142031 target=141680 err=-352 steer=0 m1=159/13750 i1=230 t1=30 m2=-218/-13750 i2=-215 t2=29 steerMode=0/-757 iSteer=7727 driveMode=13750/8022 iDrive=222528 scale=0 wheel=40000
run=1 step=2 angle=142119 target=141680 err=-439 steer=0 m1=198/13750 i1=182 t1=30 m2=-170/-13750 i2=-276 t2=29 steerMode=0/323 iSteer=-47265 driveMode=13750/8658 iDrive=229003 scale=0 wheel=40000
run=1 step=2 angle=142119 target=141680 err=-439 steer=0 m1=244/13750 i1=219 t1=30 m2=-193/-13750 i2=-234 t2=29 steerMode=0/-477 iSteer=-7449 driveMode=13750/10760 iDrive=226110 scale=0 wheel=40000
run=1 step=2 angle=142207 target=141680 err=-527 steer=-264 m1=223/12300 i1=68 t1=30 m2=-199/-15200 i2=-392 t2=29 steerMode=-1450/1125 iSteer=-162307 driveMode=13750/10910 iDrive=230079 scale=0 wheel=40000
run=1 step=2 angle=142207 target=141680 err=-527 steer=-264 m1=200/12300 i1=163 t1=30 m2=-203/-15200 i2=-300 t2=29 steerMode=-1450/-786 iSteer=-68715 driveMode=13750/11419 iDrive=231694 scale=0 wheel=40000
run=1 step=2 angle=142207 target=141680 err=-527 steer=-264 m1=202/12300 i1=141 t1=30 m2=-250/-15200 i2=-321 t2=29 steerMode=-1450/-411 iSteer=-89639 driveMode=13750/12284 iDrive=230924 scale=0 wheel=40000
run=1 step=2 angle=142207 target=141680 err=-527 steer=-264 m1=278/12300 i1=148 t1=30 m2=-270/-15200 i2=-304 t2=29 steerMode=-1450/-682 iSteer=-77858 driveMode=13750/13476 iDrive=226246 scale=0 wheel=40000
run=1 step=2 angle=142031 target=141680 err=-352 steer=0 m1=313/13750 i1=212 t1=30 m2=-281/-13750 i2=-226 t2=29 steerMode=0/-637 iSteer=-7246 driveMode=13750/14848 iDrive=219113 scale=0 wheel=40000
run=1 step=2 angle=141943 target=141680 err=-264 steer=0 m1=322/13750 i1=168 t1=30 m2=-337/-13750 i2=-235 t2=29 steerMode=0/-105 iSteer=-33485 driveMode=13750/17413 iDrive=201428 scale=0 wheel=40000
run=1 step=2 angle=141943 target=141680 err=-264 steer=0 m1=347/13750 i1=131 t1=30 m2=-314/-13750 i2=-254 t2=29 steerMode=0/441 iSteer=-61097 driveMode=13750/17714 iDrive=192525 scale=0 wheel=40000
run=1 step=2 angle=141855 target=141680 err=-176 steer=0 m1=299/13750 i1=148 t1=30 m2=-296/-13750 i2=-234 t2=29 steerMode=0/65 iSteer=-42833 driveMode=13750/16651 iDrive=191183 scale=0 wheel=40000
run=1 step=2 angle=141768 target=141680 err=-88 steer=0 m1=343/13750 i1=145 t1=30 m2=-348/-13750 i2=-222 t2=29 steerMode=0/-5 iSteer=-38214 driveMode=13750/17027 iDrive=183444 scale=0 wheel=40000
run=1 step=2 angle=141680 target=141680 err=0 steer=0 m1=332/13750 i1=165 t1=30 m2=-352/-13750 i2=-177 t2=29 steerMode=0/-634 iSteer=-5787 driveMode=13750/18054 iDrive=170743 scale=0 wheel=40000
run=1 step=2 angle=141592 target=141680 err=88 steer=0 m1=339/13750 i1=139 t1=30 m2=-383/-13750 i2=-182 t2=29 steerMode=0/-303 iSteer=-21558 driveMode=13750/18481 iDrive=160363 scale=0 wheel=40000
run=1 step=2 angle=141504 target=141680 err=176 steer=0 m1=364/13750 i1=117 t1=30 m2=-325/-13750 i2=-187 t2=29 steerMode=0/-16 iSteer=-35220 driveMode=13750/18307 iDrive=152134 scale=0 wheel=40000
run=1 step=2 angle=141504 target=141680 err=176 steer=0 m1=357/13750 i1=133 t1=30 m2=-371/-13750 i2=-155 t2=29 steerMode=0/-484 iSteer=-10946 driveMode=13750/18132 iDrive=144402 scale=0 wheel=40000
run=1 step=2 angle=141416 target=141680 err=264 steer=0 m1=332/13750 i1=132 t1=30 m2=-306/-13750 i2=-148 t2=29 steerMode=0/-521 iSteer=-8244 driveMode=13750/17472 iDrive=139834 scale=0 wheel=40000
run=1 step=2 angle=141328 target=141680 err=352 steer=0 m1=307/13750 i1=130 t1=30 m2=-264/-13750 i2=-154 t2=29 steerMode=0/-432 iSteer=-12054 driveMode=13750/15930 iDrive=142150 scale=0 wheel=40000
run=1 step=2 angle=141240 target=141680 err=439 steer=0 m1=223/13750 i1=134 t1=30 m2=-256/-13750 i2=-166 t2=29 steerMode=0/-361 iSteer=-15970 driveMode=13750/13928 iDrive=150312 scale=0 wheel=40000
run=1 step=2 angle=141152 target=141680 err=527 steer=264 m1=230/15200 i1=147 t1=30 m2=-247/-12300 i2=-176 t2=29 steerMode=1450/1089 iSteer=-14335 driveMode=13750/12078 iDrive=161426 scale=0 wheel=40000
run=1 step=2 angle=141328 target=141680 err=352 steer=0 m1=186/13750 i1=115 t1=30 m2=-197/-13750 i2=-235 t2=29 steerMode=0/530 iSteer=-59693 driveMode=13750/10330 iDrive=174846 scale=0 wheel=40000
run=1 step=2 angle=141240 target=141680 err=439 steer=0 m1=217/13750 i1=168 t1=30 m2=-222/-13750 i2=-193 t2=29 steerMode=0/-387 iSteer=-12272 driveMode=13750/10523 iDrive=180339 scale=0 wheel=40000
run=1 step=2 angle=141240 target=141680 err=439 steer=0 m1=190/13750 i1=189 t1=30 m2=-195/-13750 i2=-188 t2=29 steerMode=0/-635 iSteer=399 driveMode=13750/10257 iDrive=188512 scale=0 wheel=40000
run=1 step=2 angle=141240 target=141680 err=439 steer=0 m1=202/13750 i1=119 t1=30 m2=-107/-13750 i2=-282 t2=29 steerMode=0/995 iSteer=-81679 driveMode=13750/9261 iDrive=200719 scale=0 wheel=40000
run=1 step=2 angle=141240 target=141680 err=439 steer=0 m1=194/13750 i1=185 t1=30 m2=-189/-13750 i2=-243 t2=29 steerMode=0/-81 iSteer=-29098 driveMode=13750/8463 iDrive=214371 scale=0 wheel=40000
run=1 step=2 angle=141240 target=141680 err=439 steer=0 m1=150/13750 i1=227 t1=30 m2=-153/-13750 i2=-219 t2=29 steerMode=0/-741 iSteer=4175 driveMode=13750/8623 iDrive=223234 scale=0 wheel=40000
run=1 step=2 angle=141240 target=141680 err=439 steer=0 m1=192/13750 i1=169 t1=30 m2=-160/-13750 i2=-286 t2=29 steerMode=0/529 iSteer=-58773 driveMode=13750/9505 iDrive=227433 scale=0 wheel=40000
run=1 step=2 angle=141240 target=141680 err=439 steer=0 m1=184/13750 i1=238 t1=30 m2=-229/-13750 i2=-214 t2=29 steerMode=0/-865 iSteer=11940 driveMode=13750/11184 iDrive=225564 scale=0 wheel=40000
run=1 step=2 angle=141240 target=141680 err=439 steer=0 m1=217/13750 i1=208 t1=30 m2=-289/-13750 i2=-239 t2=29 steerMode=0/-308 iSteer=-15894 driveMode=13750/12408 iDrive=223507 scale=0 wheel=40000
run=1 step=2 angle=141240 target=141680 err=439 steer=0 m1=253/13750 i1=221 t1=30 m2=-350/-13750 i2=-209 t2=29 steerMode=0/-709 iSteer=5925 driveMode=13750/14235 iDrive=215039 scale=0 wheel=40000
run=1 step=2 angle=141240 target=141680 err=439 steer=0 m1=236/13750 i1=159 t1=30 m2=-241/-13750 i2=-272 t2=29 steerMode=0/531 iSteer=-56695 driveMode=13750/14016 iDrive=215227 scale=0 wheel=40000
run=1 step=2 angle=141240 target=141680 err=439 steer=0 m1=269/13750 i1=191 t1=30 m2=-266/-13750 i2=-236 t2=29 steerMode=0/-160 iSteer=-22097 driveMode=13750/14286 iDrive=213410 scale=0 wheel=40000
run=1 step=2 angle=141240 target=141680 err=439 steer=0 m1=274/13750 i1=180 t1=30 m2=-258/-13750 i2=-235 t2=29 steerMode=0/-39 iSteer=-27835 driveMode=13750/15169 iDrive=207479 scale=0 wheel=40000
run=1 step=2 angle=141240 target=141680 err=439 steer=0 m1=303/13750 i1=160 t1=30 m2=-241/-13750 i2=-243 t2=29 steerMode=0/238 iSteer=-41405 driveMode=13750/15794 iDrive=201190 scale=0 wheel=40000
run=1 step=2 angle=141240 target=141680 err=439 steer=0 m1=280/13750 i1=189 t1=30 m2=-346/-13750 i2=-199 t2=29 steerMode=0/-485 iSteer=-4902 driveMode=13750/16465 iDrive=194106 scale=0 wheel=40000
run=1 step=2 angle=141240 target=141680 err=439 steer=0 m1=339/13750 i1=159 t1=30 m2=-396/-13750 i2=-211 t2=29 steerMode=0/-51 iSteer=-25958 driveMode=13750/17157 iDrive=184873 scale=0 wheel=40000
run=1 step=2 angle=141240 target=141680 err=439 steer=0 m1=322/13750 i1=157 t1=30 m2=-340/-13750 i2=-201 t2=29 steerMode=0/-137 iSteer=-22218 driveMode=13750/17100 iDrive=178961 scale=0 wheel=40000
run=1 step=2 angle=141240 target=141680 err=439 steer=0 m1=330/13750 i1=138 t1=30 m2=-264/-13750 i2=-221 t2=29 steerMode=0/234 iSteer=-41528 driveMode=13750/16030 iDrive=179241 scale=0 wheel=40000
run=1 step=2 angle=141240 target=141680 err=439 steer=0 m1=244/13750 i1=165 t1=30 m2=-275/-13750 i2=-209 t2=29 steerMode=0/-170 iSteer=-22344 driveMode=13750/14019 iDrive=187047 scale=0 wheel=40000
run=1 step=2 angle=141416 target=141680 err=264 steer=0 m1=198/13750 i1=192 t1=30 m2=-214/-13750 i2=-204 t2=29 steerMode=0/-499 iSteer=-6206 driveMode=13750/12283 iDrive=197935 scale=0 wheel=40000
run=1 step=2 angle=141504 target=141680 err=176 steer=0 m1=219/13750 i1=170 t1=30 m2=-250/-13750 i2=-240 t2=29 steerMode=0/80 iSteer=-35341 driveMode=13750/11548 iDrive=205124 scale=0 wheel=40000
run=1 step=2 angle=141592 target=141680 err=88 steer=0 m1=246/13750 i1=125 t1=30 m2=-233/-13750 i2=-299 t2=29 steerMode=0/1114 iSteer=-87069 driveMode=13750/10864 iDrive=212040 scale=0 wheel=40000
run=1 step=2 angle=141592 target=141680 err=88 steer=0 m1=257/13750 i1=185 t1=30 m2=-293/-13750 i2=-241 t2=29 steerMode=0/-67 iSteer=-27759 driveMode=13750/11637 iDrive=212791 scale=0 wheel=40000
run=1 step=2 angle=141680 target=141680 err=0 steer=0 m1=198/13750 i1=189 t1=30 m2=-201/-13750 i2=-243 t2=29 steerMode=0/-103 iSteer=-26711 driveMode=13750/11785 iDrive=215986 scale=0 wheel=40000
run=1 step=2 angle=142031 target=141680 err=-352 steer=0 m1=200/13750 i1=162 t1=30 m2=-195/-13750 i2=-287 t2=29 steerMode=0/597 iSteer=-62505 driveMode=13750/10910 iDrive=224704 scale=0 wheel=40000
run=1 step=2 angle=142031 target=141680 err=-352 steer=0 m1=238/13750 i1=211 t1=30 m2=-243/-13750 i2=-231 t2=29 steerMode=0/-440 iSteer=-10127 driveMode=13750/12495 iDrive=220888 scale=0 wheel=40000
run=1 step=2 angle=142031 target=141680 err=-352 steer=0 m1=326/13750 i1=168 t1=30 m2=-266/-13750 i2=-256 t2=29 steerMode=0/242 iSteer=-44083 driveMode=13750/14438 iDrive=211589 scale=0 wheel=40000
run=1 step=2 angle=142031 target=141680 err=-352 steer=0 m1=307/13750 i1=143 t1=30 m2=-231/-13750 i2=-275 t2=29 steerMode=0/657 iSteer=-65950 driveMode=13750/14587 iDrive=208846 scale=0 wheel=40000
run=1 step=2 angle=142031 target=141680 err=-352 steer=0 m1=278/13750 i1=171 t1=30 m2=-287/-13750 i2=-240 t2=29 steerMode=0/20 iSteer=-34415 driveMode=13750/14900 iDrive=205254 scale=0 wheel=40000
run=1 step=2 angle=142119 target=141680 err=-439 steer=0 m1=307/13750 i1=169 t1=30 m2=-321/-13750 i2=-225 t2=29 steerMode=0/-97 iSteer=-27845 driveMode=13750/15948 iDrive=196698 scale=0 wheel=40000
run=1 step=2 angle=142119 target=141680 err=-439 steer=0 m1=353/13750 i1=187 t1=30 m2=-373/-13750 i2=-184 t2=29 steerMode=0/-673 iSteer=1710 driveMode=13750/17168 iDrive=185656 scale=0 wheel=40000
run=1 step=2 angle=142031 target=141680 err=-352 steer=0 m1=353/13750 i1=155 t1=30 m2=-325/-13750 i2=-190 t2=29 steerMode=0/-258 iSteer=-17847 driveMode=13750/18278 iDrive=172621 scale=0 wheel=40000
run=1 step=2 angle=142031 target=141680 err=-352 steer=0 m1=366/13750 i1=131 t1=30 m2=-356/-13750 i2=-195 t2=29 steerMode=0/23 iSteer=-32176 driveMode=13750/18415 iDrive=163284 scale=0 wheel=40000
run=1 step=2 angle=142031 target=141680 err=-352 steer=0 m1=326/13750 i1=146 t1=30 m2=-348/-13750 i2=-179 t2=29 steerMode=0/-276 iSteer=-16404 driveMode=13750/17098 iDrive=162219 scale=0 wheel=40000
run=1 step=2 angle=141943 target=141680 err=-264 steer=0 m1=290/13750 i1=121 t1=30 m2=-279/-13750 i2=-200 t2=29 steerMode=0/187 iSteer=-39556 driveMode=13750/16370 iDrive=160266 scale=0 wheel=40000
run=1 step=2 angle=141855 target=141680 err=-176 steer=0 m1=284/13750 i1=133 t1=30 m2=-258/-13750 i2=-187 t2=29 steerMode=0/-65 iSteer=-26910 driveMode=13750/15636 iDrive=159936 scale=0 wheel=40000
run=1 step=2 angle=141855 target=141680 err=-176 steer=0 m1=263/13750 i1=150 t1=30 m2=-262/-13750 i2=-166 t2=29 steerMode=0/-437 iSteer=-8142 driveMode=13750/15425 iDrive=157746 scale=0 wheel=40000
run=1 step=2 angle=141855 target=141680 err=-176 steer=0 m1=313/13750 i1=141 t1=30 m2=-231/-13750 i2=-170 t2=29 steerMode=0/-283 iSteer=-14419 driveMode=13750/15292 iDrive=155467 scale=0 wheel=40000
run=1 step=2 angle=141855 target=141680 err=-176 steer=0 m1=263/13750 i1=147 t1=30 m2=-256/-13750 i2=-160 t2=29 steerMode=0/-434 iSteer=-6417 driveMode=13750/15158 iDrive=153545 scale=0 wheel=40000
run=1 step=2 angle=141855 target=141680 err=-176 steer=0 m1=246/13750 i1=154 t1=30 m2=-337/-13750 i2=-149 t2=29 steerMode=0/-600 iSteer=2686 driveMode=13750/15162 iDrive=151665 scale=0 wheel=40000
run=1 step=2 angle=141855 target=141680 err=-176 steer=0 m1=253/13750 i1=152 t1=30 m2=-281/-13750 i2=-152 t2=29 steerMode=0/-533 iSteer=100 driveMode=13750/14751 iDrive=152233 scale=0 wheel=40000
run=1 step=2 angle=141855 target=141680 err=-176 steer=0 m1=284/13750 i1=127 t1=30 m2=-275/-13750 i2=-182 t2=29 steerMode=0/29 iSteer=-27551 driveMode=13750/14112 iDrive=154371 scale=0 wheel=40000
run=1 step=2 angle=141855 target=141680 err=-176 steer=0 m1=276/13750 i1=132 t1=30 m2=-310/-13750 i2=-194 t2=29 steerMode=0/85 iSteer=-31274 driveMode=13750/12636 iDrive=163225 scale=0 wheel=40000
run=1 step=2 angle=141855 target=141680 err=-176 steer=0 m1=184/13750 i1=111 t1=30 m2=-162/-13750 i2=-247 t2=29 steerMode=0/794 iSteer=-67936 driveMode=13750/10241 iDrive=179258 scale=0 wheel=40000
run=1 step=2 angle=141855 target=141680 err=-176 steer=0 m1=136/13750 i1=162 t1=30 m2=-162/-13750 i2=-234 t2=29 steerMode=0/125 iSteer=-35948 driveMode=13750/8216 iDrive=197985 scale=0 wheel=40000
run=1 step=2 angle=141943 target=141680 err=-264 steer=0 m1=144/13750 i1=193 t1=30 m2=-120/-13750 i2=-232 t2=29 steerMode=0/-191 iSteer=-19863 driveMode=13750/7562 iDrive=212412 scale=0 wheel=40000
run=1 step=2 angle=141943 target=141680 err=-264 steer=0 m1=152/13750 i1=218 t1=30 m2=-149/-13750 i2=-216 t2=29 steerMode=0/-599 iSteer=878 driveMode=13750/8710 iDrive=216909 scale=0 wheel=40000
run=1 step=2 angle=141943 target=141680 err=-264 steer=0 m1=207/13750 i1=208 t1=30 m2=-220/-13750 i2=-225 t2=29 steerMode=0/-405 iSteer=-8409 driveMode=13750/10515 iDrive=216125 scale=0 wheel=40000
run=1 step=2 angle=141855 target=141680 err=-176 steer=0 m1=194/13750 i1=177 t1=30 m2=-203/-13750 i2=-270 t2=29 steerMode=0/341 iSteer=-46660 driveMode=13750/10218 iDrive=223610 scale=0 wheel=40000
run=1 step=2 angle=142031 target=141680 err=-352 steer=0 m1=196/13750 i1=196 t1=30 m2=-147/-13750 i2=-274 t2=29 steerMode=0/168 iSteer=-38905 driveMode=13750/9417 iDrive=235152 scale=0 wheel=40000
run=1 step=2 angle=142031 target=141680 err=-352 steer=0 m1=175/13750 i1=211 t1=30 m2=-252/-13750 i2=-270 t2=29 steerMode=0/-12 iSteer=-29701 driveMode=13750/9960 iDrive=240608 scale=0 wheel=40000
run=1 step=2 angle=142207 target=141680 err=-527 steer=-264 m1=198/12300 i1=164 t1=30 m2=-291/-15200 i2=-320 t2=29 steerMode=-1450/-522 iSteer=-78238 driveMode=13750/10961 iDrive=241933 scale=0 wheel=40000
run=1 step=2 angle=142119 target=141680 err=-439 steer=0 m1=249/13750 i1=262 t1=30 m2=-252/-13750 i2=-212 t2=29 steerMode=0/-1126 iSteer=25107 driveMode=13750/12564 iDrive=237063 scale=0 wheel=40000
run=1 step=2 angle=141943 target=141680 err=-264 steer=0 m1=292/13750 i1=204 t1=30 m2=-321/-13750 i2=-236 t2=29 steerMode=0/-281 iSteer=-15965 driveMode=13750/15669 iDrive=220171 scale=0 wheel=40000
run=1 step=2 angle=141943 target=141680 err=-264 steer=0 m1=374/13750 i1=174 t1=30 m2=-312/-13750 i2=-241 t2=29 steerMode=0/75 iSteer=-33692 driveMode=13750/17213 iDrive=207265 scale=0 wheel=40000
run=1 step=2 angle=141943 target=141680 err=-264 steer=0 m1=343/13750 i1=162 t1=30 m2=-321/-13750 i2=-239 t2=29 steerMode=0/162 iSteer=-38603 driveMode=13750/17158 iDrive=200633 scale=0 wheel=40000
run=1 step=2 angle=141943 target=141680 err=-264 steer=0 m1=336/13750 i1=172 t1=30 m2=-323/-13750 i2=-211 t2=29 steerMode=0/-206 iSteer=-19733 driveMode=13750/17545 iDrive=191470 scale=0 wheel=40000
run=1 step=2 angle=141943 target=141680 err=-264 steer=0 m1=347/13750 i1=153 t1=30 m2=-333/-13750 i2=-211 t2=29 steerMode=0/-9 iSteer=-29056 driveMode=13750/17952 iDrive=181708 scale=0 wheel=40000
run=1 step=2 angle=141943 target=141680 err=-264 steer=0 m1=328/13750 i1=142 t1=30 m2=-406/-13750 i2=-204 t2=29 steerMode=0/31 iSteer=-30578 driveMode=13750/18022 iDrive=172936 scale=0 wheel=40000
run=1 step=2 angle=141943 target=141680 err=-264 steer=0 m1=318/13750 i1=144 t1=30 m2=-388/-13750 i2=-193 t2=29 steerMode=0/-86 iSteer=-24595 driveMode=13750/17454 iDrive=168265 scale=0 wheel=40000
run=1 step=2 angle=141855 target=141680 err=-176 steer=0 m1=336/13750 i1=135 t1=30 m2=-304/-13750 i2=-189 t2=29 steerMode=0/-14 iSteer=-27196 driveMode=13750/17309 iDrive=161826 scale=0 wheel=40000
run=1 step=2 angle=141855 target=141680 err=-176 steer=0 m1=326/13750 i1=142 t1=30 m2=-323/-13750 i2=-170 t2=29 steerMode=0/-273 iSteer=-13741 driveMode=13750/17107 iDrive=156211 scale=0 wheel=40000
run=1 step=2 angle=141855 target=141680 err=-176 steer=0 m1=257/13750 i1=143 t1=30 m2=-270/-13750 i2=-174 t2=29 steerMode=0/-241 iSteer=-15208 driveMode=13750/15706 iDrive=158700 scale=0 wheel=40000
run=1 step=2 angle=141855 target=141680 err=-176 steer=0 m1=297/13750 i1=142 t1=30 m2=-312/-13750 i2=-180 t2=29 steerMode=0/-163 iSteer=-19165 driveMode=13750/14740 iDrive=160884 scale=0 wheel=40000
run=1 step=2 angle=141768 target=141680 err=-88 steer=0 m1=265/13750 i1=140 t1=30 m2=-252/-13750 i2=-197 t2=29 steerMode=0/15 iSteer=-28484 driveMode=13750/13183 iDrive=168863 scale=0 wheel=40000
run=1 step=2 angle=141768 target=141680 err=-88 steer=0 m1=213/13750 i1=126 t1=30 m2=-243/-13750 i2=-234 t2=29 steerMode=0/500 iSteer=-53833 driveMode=13750/11455 iDrive=180221 scale=0 wheel=40000
STEP_FAIL: timeout step=2 target=40 cmd=40000 measured=33217 angleErr=-88
STEP_START: step=3 target=40 steerTarget=231680
run=1 step=3 angle=141855 target=231680 err=89824 steer=2150 m1=330/25575 i1=641 t1=30 m2=-114/-1925 i2=266 t2=29 steerMode=11825/2341 iSteer=453468 driveMode=13750/10878 iDrive=187440 scale=0 wheel=40000
run=1 step=3 angle=149150 target=231680 err=82529 steer=5000 m1=820/41250 i1=427 t1=30 m2=121/13750 i2=93 t2=29 steerMode=27500/22448 iSteer=259582 driveMode=13750/15605 iDrive=167072 scale=0 wheel=40000
run=1 step=3 angle=160137 target=231680 err=71543 steer=5000 m1=924/41250 i1=300 t1=30 m2=12/13750 i2=69 t2=29 steerMode=27500/24113 iSteer=184486 driveMode=13750/23690 iDrive=115093 scale=0 wheel=40000
run=1 step=3 angle=171035 target=231680 err=60645 steer=5000 m1=943/41250 i1=226 t1=30 m2=0/13750 i2=52 t2=29 steerMode=27500/25176 iSteer=138889 driveMode=13750/25174 iDrive=87376 scale=0 wheel=40000
run=1 step=3 angle=182373 target=231680 err=49307 steer=5000 m1=958/41250 i1=208 t1=30 m2=0/13750 i2=77 t2=29 steerMode=27500/25232 iSteer=142574 driveMode=13750/25232 iDrive=65832 scale=0 wheel=40000
run=1 step=3 angle=193271 target=231680 err=38408 steer=5000 m1=954/41250 i1=199 t1=30 m2=0/13750 i2=109 t2=29 steerMode=27500/25126 iSteer=154310 driveMode=13750/25126 iDrive=45084 scale=0 wheel=40000
run=1 step=3 angle=204082 target=231680 err=27598 steer=5000 m1=952/41250 i1=216 t1=30 m2=0/13750 i2=162 t2=29 steerMode=27500/24581 iSteer=189110 driveMode=13750/24582 iDrive=27252 scale=0 wheel=40000
run=1 step=3 angle=214893 target=231680 err=16787 steer=5000 m1=931/41250 i1=218 t1=30 m2=0/13750 i2=201 t2=29 steerMode=27500/24338 iSteer=209720 driveMode=13750/24338 iDrive=8555 scale=0 wheel=40000
run=1 step=3 angle=225527 target=231680 err=6152 steer=3178 m1=847/31229 i1=-241 t1=30 m2=-5/3729 i2=-228 t2=29 steerMode=17479/23281 iSteer=-234890 driveMode=13750/23475 iDrive=-6598 scale=0 wheel=40000
run=1 step=3 angle=230889 target=231680 err=791 steer=396 m1=276/15925 i1=-68 t1=30 m2=-145/-11575 i2=-135 t2=29 steerMode=2175/4831 iSteer=-101081 driveMode=13750/13592 iDrive=33553 scale=0 wheel=40000
run=1 step=3 angle=231152 target=231680 err=527 steer=264 m1=-9/15200 i1=194 t1=30 m2=48/-12300 i2=-28 t2=29 steerMode=1450/456 iSteer=83414 driveMode=13750/532 iDrive=111043 scale=0 wheel=40000
run=1 step=3 angle=231152 target=231680 err=527 steer=264 m1=-3/15200 i1=253 t1=30 m2=0/-12300 i2=-26 t2=29 steerMode=1450/-55 iSteer=113466 driveMode=13750/0 iDrive=139500 scale=0 wheel=40000
run=1 step=3 angle=231152 target=231680 err=527 steer=264 m1=0/15200 i1=280 t1=30 m2=0/-12300 i2=-50 t2=29 steerMode=1450/-1 iSteer=114911 driveMode=13750/-1 iDrive=165368 scale=0 wheel=40000
run=1 step=3 angle=231152 target=231680 err=527 steer=264 m1=0/15200 i1=311 t1=30 m2=0/-12300 i2=-71 t2=29 steerMode=1450/-27 iSteer=120303 driveMode=13750/27 iDrive=191070 scale=0 wheel=40000
run=1 step=3 angle=231152 target=231680 err=527 steer=264 m1=2/15200 i1=340 t1=30 m2=0/-12300 i2=-94 t2=29 steerMode=1450/5 iSteer=122823 driveMode=13750/5 iDrive=217018 scale=0 wheel=40000
run=1 step=3 angle=231152 target=231680 err=527 steer=264 m1=0/15200 i1=371 t1=30 m2=-3/-12300 i2=-115 t2=29 steerMode=1450/-19 iSteer=128093 driveMode=13750/20 iDrive=242784 scale=0 wheel=40000
run=1 step=3 angle=231152 target=231680 err=527 steer=264 m1=0/15200 i1=400 t1=30 m2=0/-12300 i2=-137 t2=29 steerMode=1450/1 iSteer=131175 driveMode=13750/3 iDrive=268406 scale=0 wheel=40000
run=1 step=3 angle=231152 target=231680 err=527 steer=264 m1=0/15200 i1=430 t1=30 m2=0/-12300 i2=-159 t2=29 steerMode=1450/-1 iSteer=135400 driveMode=13750/1 iDrive=294246 scale=0 wheel=40000
run=1 step=3 angle=231152 target=231680 err=527 steer=264 m1=0/15200 i1=461 t1=30 m2=0/-12300 i2=-179 t2=29 steerMode=1450/-28 iSteer=140846 driveMode=13750/29 iDrive=319941 scale=0 wheel=40000
run=1 step=3 angle=231152 target=231680 err=527 steer=264 m1=0/15200 i1=491 t1=30 m2=-3/-12300 i2=-201 t2=29 steerMode=1450/-25 iSteer=144819 driveMode=13750/19 iDrive=345833 scale=0 wheel=40000
run=1 step=3 angle=231152 target=231680 err=527 steer=264 m1=2/15200 i1=519 t1=30 m2=0/-12300 i2=-224 t2=29 steerMode=1450/9 iSteer=147209 driveMode=13750/10 iDrive=371428 scale=0 wheel=40000
run=1 step=3 angle=231152 target=231680 err=527 steer=264 m1=0/15200 i1=550 t1=30 m2=0/-12300 i2=-245 t2=29 steerMode=1450/-18 iSteer=152643 driveMode=13750/19 iDrive=397204 scale=0 wheel=40000
run=1 step=3 angle=231152 target=231680 err=527 steer=264 m1=0/15200 i1=579 t1=30 m2=0/-12300 i2=-267 t2=29 steerMode=1450/-9 iSteer=156257 driveMode=13750/-8 iDrive=423181 scale=0 wheel=40000
run=1 step=3 angle=231152 target=231680 err=527 steer=264 m1=0/15200 i1=612 t1=30 m2=0/-12300 i2=-285 t2=29 steerMode=1450/-71 iSteer=163655 driveMode=13750/77 iDrive=448481 scale=0 wheel=40000
run=1 step=3 angle=231152 target=231680 err=527 steer=264 m1=0/15200 i1=640 t1=30 m2=0/-12300 i2=-309 t2=29 steerMode=1450/-30 iSteer=165757 driveMode=13750/30 iDrive=474529 scale=0 wheel=40000
run=1 step=3 angle=231152 target=231680 err=527 steer=264 m1=0/15200 i1=669 t1=30 m2=0/-12300 i2=-332 t2=29 steerMode=1450/0 iSteer=168367 driveMode=13750/0 iDrive=500517 scale=0 wheel=40000
run=1 step=3 angle=231152 target=231680 err=527 steer=264 m1=2/15200 i1=698 t1=30 m2=0/-12300 i2=-354 t2=29 steerMode=1450/7 iSteer=172084 driveMode=13750/7 iDrive=526332 scale=0 wheel=40000
run=1 step=3 angle=231152 target=231680 err=527 steer=264 m1=2/15200 i1=728 t1=30 m2=0/-12300 i2=-376 t2=29 steerMode=1450/5 iSteer=176243 driveMode=13750/5 iDrive=552177 scale=0 wheel=40000
run=1 step=3 angle=231152 target=231680 err=527 steer=264 m1=-3/15200 i1=759 t1=30 m2=0/-12300 i2=-397 t2=29 steerMode=1450/-5 iSteer=180873 driveMode=13750/-1 iDrive=578026 scale=0 wheel=40000
run=1 step=3 angle=231152 target=231680 err=527 steer=264 m1=0/15200 i1=789 t1=30 m2=0/-12300 i2=-419 t2=29 steerMode=1450/0 iSteer=184719 driveMode=13750/0 iDrive=603876 scale=0 wheel=40000
run=1 step=3 angle=231152 target=231680 err=527 steer=264 m1=0/15200 i1=819 t1=30 m2=0/-12300 i2=-441 t2=29 steerMode=1450/-7 iSteer=189161 driveMode=13750/6 iDrive=629680 scale=0 wheel=40000
run=1 step=3 angle=231152 target=231680 err=527 steer=264 m1=0/15200 i1=848 t1=30 m2=0/-12300 i2=-463 t2=29 steerMode=1450/0 iSteer=192883 driveMode=13750/1 iDrive=655550 scale=0 wheel=40000
run=1 step=3 angle=231152 target=231680 err=527 steer=264 m1=0/15200 i1=879 t1=30 m2=0/-12300 i2=-484 t2=29 steerMode=1450/-5 iSteer=197216 driveMode=13750/-5 iDrive=681422 scale=0 wheel=40000
run=1 step=3 angle=231152 target=231680 err=527 steer=264 m1=0/15200 i1=908 t1=30 m2=0/-12300 i2=-506 t2=29 steerMode=1450/3 iSteer=200940 driveMode=13750/3 iDrive=707231 scale=0 wheel=40000
run=1 step=3 angle=231152 target=231680 err=527 steer=264 m1=2/15200 i1=938 t1=30 m2=0/-12300 i2=-528 t2=29 steerMode=1450/-2 iSteer=205287 driveMode=13750/39 iDrive=732868 scale=0 wheel=40000
run=1 step=3 angle=232998 target=231680 err=-1318 steer=-659 m1=391/10125 i1=197 t1=30 m2=-128/-17375 i2=-1197 t2=29 steerMode=-3625/8820 iSteer=-500009 driveMode=13750/10695 iDrive=697482 scale=0 wheel=40000
run=1 step=3 angle=232910 target=231680 err=-1230 steer=-615 m1=717/10366 i1=649 t1=30 m2=-792/-17134 i2=-463 t2=29 steerMode=-3384/-3060 iSteer=92624 driveMode=13750/35352 iDrive=555963 scale=0 wheel=40000
run=1 step=3 angle=232822 target=231680 err=-1143 steer=-571 m1=1037/10608 i1=328 t1=30 m2=-1047/-16892 i2=-500 t2=29 steerMode=-3142/594 iSteer=-85918 driveMode=13750/52374 iDrive=413744 scale=0 wheel=40000
run=1 step=3 angle=232822 target=231680 err=-1143 steer=-571 m1=1215/10608 i1=225 t1=30 m2=-1187/-16892 i2=-340 t2=29 steerMode=-3142/-132 iSteer=-57788 driveMode=13750/62279 iDrive=282595 scale=0 wheel=40000
run=1 step=3 angle=232646 target=231680 err=-967 steer=-483 m1=1219/11091 i1=109 t1=30 m2=-1250/-16409 i2=-242 t2=29 steerMode=-2659/369 iSteer=-66260 driveMode=13750/65046 iDrive=175751 scale=0 wheel=40000
run=1 step=3 angle=232646 target=231680 err=-967 steer=-483 m1=1155/11091 i1=80 t1=30 m2=-1193/-16409 i2=-107 t2=29 steerMode=-2659/-819 iSteer=-13553 driveMode=13750/62891 iDrive=93629 scale=0 wheel=40000
run=1 step=3 angle=232822 target=231680 err=-1143 steer=-571 m1=966/10608 i1=-39 t1=30 m2=-1001/-16892 i2=-151 t2=29 steerMode=-3142/136 iSteer=-94781 driveMode=13750/53775 iDrive=56159 scale=0 wheel=40000
run=1 step=3 angle=232471 target=231680 err=-791 steer=-396 m1=809/11575 i1=-13 t1=30 m2=-727/-15925 i2=-103 t2=29 steerMode=-2175/245 iSteer=-58006 driveMode=13750/43166 iDrive=44967 scale=0 wheel=40000
run=1 step=3 angle=232471 target=231680 err=-791 steer=-396 m1=619/11575 i1=22 t1=30 m2=-622/-15925 i2=-67 t2=29 steerMode=-2175/-580 iSteer=-22499 driveMode=13750/34111 iDrive=44266 scale=0 wheel=40000
run=1 step=3 angle=232471 target=231680 err=-791 steer=-396 m1=433/11575 i1=36 t1=30 m2=-478/-15925 i2=-84 t2=29 steerMode=-2175/-667 iSteer=-24172 driveMode=13750/25190 iDrive=59854 scale=0 wheel=40000
run=1 step=3 angle=232471 target=231680 err=-791 steer=-396 m1=299/11575 i1=52 t1=30 m2=-358/-15925 i2=-116 t2=29 steerMode=-2175/-605 iSteer=-31833 driveMode=13750/17671 iDrive=83808 scale=0 wheel=40000
run=1 step=3 angle=232471 target=231680 err=-791 steer=-396 m1=184/11575 i1=87 t1=30 m2=-319/-15925 i2=-129 t2=29 steerMode=-2175/-906 iSteer=-21034 driveMode=13750/12498 iDrive=107797 scale=0 wheel=40000
run=1 step=3 angle=232295 target=231680 err=-615 steer=-308 m1=161/12058 i1=109 t1=30 m2=-118/-15442 i2=-153 t2=29 steerMode=-1692/-465 iSteer=-22092 driveMode=13750/8970 iDrive=131372 scale=0 wheel=40000
run=1 step=3 angle=232207 target=231680 err=-527 steer=-264 m1=102/12300 i1=149 t1=30 m2=-174/-15200 i2=-158 t2=29 steerMode=-1450/-660 iSteer=-4412 driveMode=13750/6870 iDrive=153242 scale=0 wheel=40000
run=1 step=3 angle=232119 target=231680 err=-439 steer=0 m1=131/13750 i1=161 t1=30 m2=-59/-13750 i2=-186 t2=29 steerMode=0/928 iSteer=-12101 driveMode=13750/5604 iDrive=173557 scale=0 wheel=40000
run=1 step=3 angle=232295 target=231680 err=-615 steer=-308 m1=75/12058 i1=154 t1=30 m2=-126/-15442 i2=-229 t2=29 steerMode=-1692/-371 iSteer=-37787 driveMode=13750/5177 iDrive=191408 scale=0 wheel=40000
run=1 step=3 angle=232119 target=231680 err=-439 steer=0 m1=127/13750 i1=232 t1=30 m2=-84/-13750 i2=-177 t2=29 steerMode=0/35 iSteer=27831 driveMode=13750/5629 iDrive=204399 scale=0 wheel=40000
run=1 step=3 angle=232383 target=231680 err=-703 steer=-352 m1=119/11816 i1=78 t1=30 m2=-162/-15684 i2=-338 t2=29 steerMode=-1934/1152 iSteer=-129939 driveMode=13750/7468 iDrive=208161 scale=0 wheel=40000
run=1 step=3 angle=232207 target=231680 err=-527 steer=-214 m1=165/12575 i1=241 t1=30 m2=-224/-14925 i2=-177 t2=29 steerMode=-1175/-1349 iSteer=31976 driveMode=13750/9339 iDrive=208634 scale=0 wheel=40000
run=1 step=3 angle=232119 target=231680 err=-439 steer=0 m1=223/13750 i1=160 t1=30 m2=-149/-13750 i2=-256 t2=29 steerMode=0/1418 iSteer=-48400 driveMode=13750/10806 iDrive=207971 scale=0 wheel=40000
run=1 step=3 angle=232119 target=231680 err=-439 steer=0 m1=228/13750 i1=202 t1=30 m2=-270/-13750 i2=-205 t2=29 steerMode=0/450 iSteer=-1818 driveMode=13750/12501 iDrive=203452 scale=0 wheel=40000
run=1 step=3 angle=232207 target=231680 err=-527 steer=-264 m1=269/12300 i1=133 t1=30 m2=-333/-15200 i2=-259 t2=29 steerMode=-1450/190 iSteer=-62868 driveMode=13750/14092 iDrive=195783 scale=0 wheel=40000
run=1 step=3 angle=232207 target=231680 err=-527 steer=-264 m1=295/12300 i1=173 t1=30 m2=-344/-15200 i2=-205 t2=29 steerMode=-1450/-773 iSteer=-15857 driveMode=13750/14970 iDrive=189337 scale=0 wheel=40000
run=1 step=3 angle=232207 target=231680 err=-527 steer=-264 m1=272/12300 i1=132 t1=30 m2=-247/-15200 i2=-242 t2=29 steerMode=-1450/-45 iSteer=-55037 driveMode=13750/14794 iDrive=187256 scale=0 wheel=40000
run=1 step=3 angle=232207 target=231680 err=-527 steer=-264 m1=282/12300 i1=142 t1=30 m2=-264/-15200 i2=-233 t2=29 steerMode=-1450/-282 iSteer=-45418 driveMode=13750/14361 iDrive=187663 scale=0 wheel=40000
run=1 step=3 angle=232119 target=231680 err=-439 steer=0 m1=272/13750 i1=203 t1=30 m2=-321/-13750 i2=-169 t2=29 steerMode=0/-122 iSteer=17252 driveMode=13750/14562 iDrive=185858 scale=0 wheel=40000
run=1 step=3 angle=232119 target=231680 err=-439 steer=0 m1=272/13750 i1=154 t1=30 m2=-222/-13750 i2=-208 t2=29 steerMode=0/733 iSteer=-27092 driveMode=13750/15048 iDrive=181275 scale=0 wheel=40000
run=1 step=3 angle=232207 target=231680 err=-527 steer=-264 m1=236/12300 i1=144 t1=30 m2=-296/-15200 i2=-225 t2=29 steerMode=-1450/-533 iSteer=-40469 driveMode=13750/14137 iDrive=184632 scale=0 wheel=40000
run=1 step=3 angle=232207 target=231680 err=-527 steer=-264 m1=207/12300 i1=155 t1=30 m2=-203/-15200 i2=-231 t2=29 steerMode=-1450/-636 iSteer=-37774 driveMode=13750/12582 iDrive=193061 scale=0 wheel=40000
run=1 step=3 angle=232207 target=231680 err=-527 steer=-264 m1=228/12300 i1=161 t1=30 m2=-201/-15200 i2=-228 t2=29 steerMode=-1450/-766 iSteer=-33458 driveMode=13750/12732 iDrive=194574 scale=0 wheel=40000
run=1 step=3 angle=232119 target=231680 err=-439 steer=-114 m1=221/13125 i1=213 t1=30 m2=-275/-14375 i2=-170 t2=29 steerMode=-625/-1078 iSteer=21660 driveMode=13750/13543 iDrive=191804 scale=0 wheel=40000
run=1 step=3 angle=232031 target=231680 err=-352 steer=0 m1=301/13750 i1=159 t1=30 m2=-293/-13750 i2=-215 t2=29 steerMode=0/551 iSteer=-28005 driveMode=13750/14453 iDrive=186948 scale=0 wheel=40000
run=1 step=3 angle=231943 target=231680 err=-264 steer=0 m1=278/13750 i1=168 t1=30 m2=-333/-13750 i2=-192 t2=29 steerMode=0/216 iSteer=-12182 driveMode=13750/15310 iDrive=180126 scale=0 wheel=40000
run=1 step=3 angle=232031 target=231680 err=-352 steer=0 m1=309/13750 i1=152 t1=30 m2=-252/-13750 i2=-199 t2=29 steerMode=0/428 iSteer=-23613 driveMode=13750/15549 iDrive=175869 scale=0 wheel=40000
run=1 step=3 angle=232031 target=231680 err=-352 steer=0 m1=336/13750 i1=168 t1=30 m2=-333/-13750 i2=-169 t2=29 steerMode=0/-48 iSteer=-187 driveMode=13750/16251 iDrive=168367 scale=0 wheel=40000
run=1 step=3 angle=232031 target=231680 err=-352 steer=0 m1=324/13750 i1=135 t1=30 m2=-304/-13750 i2=-183 t2=29 steerMode=0/410 iSteer=-23860 driveMode=13750/16918 iDrive=159210 scale=0 wheel=40000
run=1 step=3 angle=231943 target=231680 err=-264 steer=0 m1=315/13750 i1=128 t1=30 m2=-335/-13750 i2=-180 t2=29 steerMode=0/437 iSteer=-26214 driveMode=13750/16738 iDrive=154258 scale=0 wheel=40000
run=1 step=3 angle=232031 target=231680 err=-352 steer=0 m1=290/13750 i1=149 t1=30 m2=-335/-13750 i2=-164 t2=29 steerMode=0/32 iSteer=-7485 driveMode=13750/15545 iDrive=156146 scale=0 wheel=40000
run=1 step=3 angle=232119 target=231680 err=-439 steer=0 m1=257/13750 i1=145 t1=30 m2=-314/-13750 i2=-173 t2=29 steerMode=0/164 iSteer=-14122 driveMode=13750/14456 iDrive=158985 scale=0 wheel=40000
run=1 step=3 angle=232207 target=231680 err=-527 steer=-264 m1=226/12300 i1=148 t1=30 m2=-291/-15200 i2=-173 t2=29 steerMode=-1450/-1361 iSteer=-12424 driveMode=13750/14036 iDrive=160396 scale=0 wheel=40000
run=1 step=3 angle=232119 target=231680 err=-439 steer=0 m1=263/13750 i1=151 t1=30 m2=-331/-13750 i2=-171 t2=29 steerMode=0/52 iSteer=-10138 driveMode=13750/13900 iDrive=161056 scale=0 wheel=40000
run=1 step=3 angle=232119 target=231680 err=-439 steer=0 m1=267/13750 i1=122 t1=30 m2=-191/-13750 i2=-207 t2=29 steerMode=0/672 iSteer=-42700 driveMode=13750/13235 iDrive=164633 scale=0 wheel=40000
run=1 step=3 angle=232207 target=231680 err=-527 steer=-264 m1=190/12300 i1=134 t1=30 m2=-306/-15200 i2=-207 t2=29 steerMode=-1450/-944 iSteer=-36863 driveMode=13750/12445 iDrive=170397 scale=0 wheel=40000
run=1 step=3 angle=232119 target=231680 err=-439 steer=0 m1=184/13750 i1=164 t1=30 m2=-147/-13750 i2=-203 t2=29 steerMode=0/128 iSteer=-19623 driveMode=13750/10642 iDrive=183292 scale=0 wheel=40000
run=1 step=3 angle=232119 target=231680 err=-439 steer=0 m1=228/13750 i1=145 t1=30 m2=-183/-13750 i2=-242 t2=29 steerMode=0/649 iSteer=-48363 driveMode=13750/9926 iDrive=193462 scale=0 wheel=40000
run=1 step=3 angle=232207 target=231680 err=-527 steer=-264 m1=140/12300 i1=155 t1=30 m2=-170/-15200 i2=-271 t2=29 steerMode=-1450/-717 iSteer=-58296 driveMode=13750/7891 iDrive=213045 scale=0 wheel=40000
run=1 step=3 angle=232207 target=231680 err=-527 steer=-264 m1=177/12300 i1=117 t1=30 m2=-183/-15200 i2=-342 t2=29 steerMode=-1450/302 iSteer=-112597 driveMode=13750/6869 iDrive=229843 scale=0 wheel=40000
run=1 step=3 angle=232207 target=231680 err=-527 steer=-264 m1=123/12300 i1=141 t1=30 m2=-130/-15200 i2=-334 t2=29 steerMode=-1450/-80 iSteer=-96736 driveMode=13750/7700 iDrive=237246 scale=0 wheel=40000
run=1 step=3 angle=232207 target=231680 err=-527 steer=-264 m1=171/12300 i1=186 t1=30 m2=-243/-15200 i2=-292 t2=29 steerMode=-1450/-1010 iSteer=-52911 driveMode=13750/9379 iDrive=239252 scale=0 wheel=40000
run=1 step=3 angle=232119 target=231680 err=-439 steer=0 m1=196/13750 i1=216 t1=30 m2=-157/-13750 i2=-257 t2=29 steerMode=0/-224 iSteer=-20391 driveMode=13750/11187 iDrive=236131 scale=0 wheel=40000
run=1 step=3 angle=232119 target=231680 err=-439 steer=0 m1=265/13750 i1=93 t1=30 m2=-118/-13750 i2=-398 t2=29 steerMode=0/2355 iSteer=-152798 driveMode=13750/10376 iDrive=245529 scale=0 wheel=40000
run=1 step=3 angle=232383 target=231680 err=-703 steer=-352 m1=163/11816 i1=173 t1=30 m2=-203/-15684 i2=-336 t2=29 steerMode=-1934/-1145 iSteer=-81228 driveMode=13750/9940 iDrive=254417 scale=0 wheel=40000
run=1 step=3 angle=232295 target=231680 err=-615 steer=-308 m1=232/12058 i1=137 t1=30 m2=-245/-15442 i2=-368 t2=29 steerMode=-1692/-267 iSteer=-115341 driveMode=13750/11492 iDrive=252172 scale=0 wheel=40000
run=1 step=3 angle=232295 target=231680 err=-615 steer=-308 m1=240/12058 i1=168 t1=30 m2=-291/-15442 i2=-323 t2=29 steerMode=-1692/-1079 iSteer=-77773 driveMode=13750/13390 iDrive=245333 scale=0 wheel=40000
run=1 step=3 angle=232119 target=231680 err=-439 steer=-14 m1=280/13675 i1=264 t1=30 m2=-365/-13825 i2=-198 t2=29 steerMode=-75/-1702 iSteer=33369 driveMode=13750/15988 iDrive=230948 scale=0 wheel=40000
run=1 step=3 angle=231855 target=231680 err=-176 steer=0 m1=366/13750 i1=119 t1=30 m2=-306/-13750 i2=-309 t2=29 steerMode=0/964 iSteer=-94873 driveMode=13750/18074 iDrive=213876 scale=0 wheel=40000
run=1 step=3 angle=231680 target=231680 err=0 steer=0 m1=347/13750 i1=147 t1=30 m2=-348/-13750 i2=-258 t2=29 steerMode=0/133 iSteer=-55302 driveMode=13750/18621 iDrive=202797 scale=0 wheel=40000
run=1 step=3 angle=231680 target=231680 err=0 steer=0 m1=391/13750 i1=169 t1=30 m2=-352/-13750 i2=-200 t2=29 steerMode=0/-640 iSteer=-15342 driveMode=13750/20154 iDrive=184773 scale=0 wheel=40000
run=1 step=3 angle=231592 target=231680 err=88 steer=0 m1=393/13750 i1=157 t1=30 m2=-390/-13750 i2=-176 t2=29 steerMode=0/-738 iSteer=-9411 driveMode=13750/21207 iDrive=166504 scale=0 wheel=40000
run=1 step=3 angle=231592 target=231680 err=88 steer=0 m1=385/13750 i1=128 t1=30 m2=-459/-13750 i2=-176 t2=29 steerMode=0/-421 iSteer=-23900 driveMode=13750/21310 iDrive=151890 scale=0 wheel=40000
run=1 step=3 angle=231504 target=231680 err=176 steer=0 m1=355/13750 i1=122 t1=30 m2=-436/-13750 i2=-164 t2=29 steerMode=0/-460 iSteer=-21018 driveMode=13750/20442 iDrive=143126 scale=0 wheel=40000
run=1 step=3 angle=231416 target=231680 err=264 steer=0 m1=376/13750 i1=117 t1=30 m2=-314/-13750 i2=-161 t2=29 steerMode=0/-412 iSteer=-21945 driveMode=13750/19080 iDrive=138604 scale=0 wheel=40000
run=1 step=3 angle=231152 target=231680 err=527 steer=264 m1=357/15200 i1=187 t1=30 m2=-344/-12300 i2=-87 t2=29 steerMode=1450/-366 iSteer=50198 driveMode=13750/17650 iDrive=137079 scale=0 wheel=40000
run=1 step=3 angle=231152 target=231680 err=527 steer=264 m1=307/15200 i1=120 t1=30 m2=-289/-12300 i2=-165 t2=29 steerMode=1450/1128 iSteer=-22713 driveMode=13750/15522 iDrive=142259 scale=0 wheel=40000
run=1 step=3 angle=231152 target=231680 err=527 steer=264 m1=232/15200 i1=129 t1=30 m2=-197/-12300 i2=-180 t2=29 steerMode=1450/1212 iSteer=-25682 driveMode=13750/12910 iDrive=154207 scale=0 wheel=40000
run=1 step=3 angle=231328 target=231680 err=352 steer=0 m1=261/13750 i1=94 t1=30 m2=-201/-13750 i2=-235 t2=29 steerMode=0/694 iSteer=-70470 driveMode=13750/11495 iDrive=164136 scale=0 wheel=40000
run=1 step=3 angle=231328 target=231680 err=352 steer=0 m1=171/13750 i1=194 t1=30 m2=-210/-13750 i2=-157 t2=29 steerMode=0/-1065 iSteer=18342 driveMode=13750/10249 iDrive=175390 scale=0 wheel=40000
run=1 step=3 angle=231328 target=231680 err=352 steer=0 m1=140/13750 i1=152 t1=30 m2=-185/-13750 i2=-240 t2=29 steerMode=0/165 iSteer=-43827 driveMode=13750/7871 iDrive=196233 scale=0 wheel=40000
run=1 step=3 angle=231328 target=231680 err=352 steer=0 m1=198/13750 i1=194 t1=30 m2=-153/-13750 i2=-207 t2=29 steerMode=0/-538 iSteer=-6310 driveMode=13750/8929 iDrive=200588 scale=0 wheel=40000
run=1 step=3 angle=231328 target=231680 err=352 steer=0 m1=215/13750 i1=195 t1=30 m2=-168/-13750 i2=-217 t2=29 steerMode=0/-446 iSteer=-10841 driveMode=13750/9611 iDrive=206135 scale=0 wheel=40000
run=1 step=3 angle=231328 target=231680 err=352 steer=0 m1=156/13750 i1=176 t1=30 m2=-170/-13750 i2=-252 t2=29 steerMode=0/99 iSteer=-38149 driveMode=13750/9534 iDrive=214191 scale=0 wheel=40000
run=1 step=3 angle=231328 target=231680 err=352 steer=0 m1=188/13750 i1=176 t1=30 m2=-210/-13750 i2=-266 t2=29 steerMode=0/224 iSteer=-44902 driveMode=13750/9757 iDrive=220774 scale=0 wheel=40000
run=1 step=3 angle=231416 target=231680 err=264 steer=0 m1=184/13750 i1=188 t1=30 m2=-266/-13750 i2=-265 t2=29 steerMode=0/81 iSteer=-38467 driveMode=13750/10056 iDrive=226493 scale=0 wheel=40000
run=1 step=3 angle=231416 target=231680 err=264 steer=0 m1=192/13750 i1=182 t1=30 m2=-178/-13750 i2=-272 t2=29 steerMode=0/205 iSteer=-45230 driveMode=13750/11021 iDrive=227196 scale=0 wheel=40000
run=1 step=3 angle=231416 target=231680 err=264 steer=0 m1=215/13750 i1=205 t1=30 m2=-245/-13750 i2=-244 t2=29 steerMode=0/-304 iSteer=-19673 driveMode=13750/12335 iDrive=224491 scale=0 wheel=40000
run=1 step=3 angle=231416 target=231680 err=264 steer=0 m1=261/13750 i1=204 t1=30 m2=-252/-13750 i2=-241 t2=29 steerMode=0/-336 iSteer=-18417 driveMode=13750/13296 iDrive=222107 scale=0 wheel=40000
run=1 step=3 angle=231504 target=231680 err=176 steer=0 m1=345/13750 i1=196 t1=30 m2=-275/-13750 i2=-218 t2=29 steerMode=0/-453 iSteer=-11155 driveMode=13750/16013 iDrive=206754 scale=0 wheel=40000
run=1 step=3 angle=231504 target=231680 err=176 steer=0 m1=326/13750 i1=150 t1=30 m2=-381/-13750 i2=-249 t2=29 steerMode=0/307 iSteer=-49692 driveMode=13750/16417 iDrive=199652 scale=0 wheel=40000
run=1 step=3 angle=231504 target=231680 err=176 steer=0 m1=288/13750 i1=173 t1=30 m2=-352/-13750 i2=-219 t2=29 steerMode=0/-242 iSteer=-22779 driveMode=13750/16238 iDrive=195948 scale=0 wheel=40000
run=1 step=3 angle=231504 target=231680 err=176 steer=0 m1=318/13750 i1=159 t1=30 m2=-287/-13750 i2=-222 t2=29 steerMode=0/-73 iSteer=-31661 driveMode=13750/16438 iDrive=190714 scale=0 wheel=40000
run=1 step=3 angle=231504 target=231680 err=176 steer=0 m1=322/13750 i1=162 t1=30 m2=-323/-13750 i2=-204 t2=29 steerMode=0/-269 iSteer=-21305 driveMode=13750/16954 iDrive=182854 scale=0 wheel=40000
run=1 step=3 angle=231504 target=231680 err=176 steer=0 m1=290/13750 i1=145 t1=30 m2=-283/-13750 i2=-203 t2=29 steerMode=0/-95 iSteer=-28888 driveMode=13750/17425 iDrive=173704 scale=0 wheel=40000
run=1 step=3 angle=231416 target=231680 err=264 steer=0 m1=353/13750 i1=142 t1=30 m2=-319/-13750 i2=-190 t2=29 steerMode=0/-184 iSteer=-23748 driveMode=13750/17662 iDrive=165761 scale=0 wheel=40000
run=1 step=3 angle=231416 target=231680 err=264 steer=0 m1=320/13750 i1=139 t1=30 m2=-354/-13750 i2=-185 t2=29 steerMode=0/-208 iSteer=-22579 driveMode=13750/17124 iDrive=162017 scale=0 wheel=40000
run=1 step=3 angle=231416 target=231680 err=264 steer=0 m1=297/13750 i1=129 t1=30 m2=-342/-13750 i2=-187 t2=29 steerMode=0/-70 iSteer=-28934 driveMode=13750/16749 iDrive=157833 scale=0 wheel=40000
run=1 step=3 angle=231416 target=231680 err=264 steer=0 m1=315/13750 i1=130 t1=30 m2=-337/-13750 i2=-177 t2=29 steerMode=0/-160 iSteer=-23650 driveMode=13750/16514 iDrive=153615 scale=0 wheel=40000
run=1 step=3 angle=231416 target=231680 err=264 steer=0 m1=269/13750 i1=108 t1=30 m2=-216/-13750 i2=-205 t2=29 steerMode=0/345 iSteer=-48759 driveMode=13750/15017 iDrive=156573 scale=0 wheel=40000
run=1 step=3 angle=231504 target=231680 err=176 steer=0 m1=269/13750 i1=135 t1=30 m2=-212/-13750 i2=-200 t2=29 steerMode=0/4 iSteer=-32350 driveMode=13750/12863 iDrive=167251 scale=0 wheel=40000
run=1 step=3 angle=231680 target=231680 err=0 steer=0 m1=215/13750 i1=149 t1=30 m2=-283/-13750 i2=-209 t2=29 steerMode=0/-63 iSteer=-30413 driveMode=13750/11270 iDrive=179082 scale=0 wheel=40000
run=1 step=3 angle=231855 target=231680 err=-176 steer=0 m1=173/13750 i1=146 t1=30 m2=-132/-13750 i2=-243 t2=29 steerMode=0/296 iSteer=-48821 driveMode=13750/9453 iDrive=194481 scale=0 wheel=40000
run=1 step=3 angle=231855 target=231680 err=-176 steer=0 m1=215/13750 i1=162 t1=30 m2=-151/-13750 i2=-245 t2=29 steerMode=0/140 iSteer=-41906 driveMode=13750/9329 iDrive=203587 scale=0 wheel=40000
run=1 step=3 angle=231855 target=231680 err=-176 steer=0 m1=175/13750 i1=180 t1=30 m2=-155/-13750 i2=-237 t2=29 steerMode=0/-118 iSteer=-28674 driveMode=13750/9881 iDrive=208349 scale=0 wheel=40000
run=1 step=3 angle=231943 target=231680 err=-264 steer=0 m1=175/13750 i1=187 t1=30 m2=-149/-13750 i2=-244 t2=29 steerMode=0/-116 iSteer=-28235 driveMode=13750/9957 iDrive=215318 scale=0 wheel=40000
run=1 step=3 angle=232119 target=231680 err=-439 steer=0 m1=207/13750 i1=166 t1=30 m2=-203/-13750 i2=-275 t2=29 steerMode=0/389 iSteer=-54573 driveMode=13750/10396 iDrive=220266 scale=0 wheel=40000
run=1 step=3 angle=232207 target=231680 err=-527 steer=-264 m1=184/12300 i1=164 t1=30 m2=-275/-15200 i2=-277 t2=29 steerMode=-1450/-1095 iSteer=-56454 driveMode=13750/11395 iDrive=220640 scale=0 wheel=40000
run=1 step=3 angle=232207 target=231680 err=-527 steer=-264 m1=209/12300 i1=171 t1=30 m2=-268/-15200 i2=-260 t2=29 steerMode=-1450/-1336 iSteer=-44523 driveMode=13750/13004 iDrive=215520 scale=0 wheel=40000
run=1 step=3 angle=232119 target=231680 err=-439 steer=0 m1=303/13750 i1=170 t1=30 m2=-340/-13750 i2=-239 t2=29 steerMode=0/-62 iSteer=-34529 driveMode=13750/15125 iDrive=204333 scale=0 wheel=40000
run=1 step=3 angle=231943 target=231680 err=-264 steer=0 m1=343/13750 i1=156 t1=30 m2=-308/-13750 i2=-214 t2=29 steerMode=0/-163 iSteer=-28928 driveMode=13750/17840 iDrive=185388 scale=0 wheel=40000
run=1 step=3 angle=231943 target=231680 err=-264 steer=0 m1=351/13750 i1=122 t1=30 m2=-310/-13750 i2=-227 t2=29 steerMode=0/294 iSteer=-52272 driveMode=13750/18409 iDrive=174447 scale=0 wheel=40000
run=1 step=3 angle=231855 target=231680 err=-176 steer=0 m1=362/13750 i1=129 t1=30 m2=-298/-13750 i2=-201 t2=29 steerMode=0/-26 iSteer=-35788 driveMode=13750/18537 iDrive=164740 scale=0 wheel=40000
run=1 step=3 angle=231680 target=231680 err=0 steer=0 m1=330/13750 i1=135 t1=30 m2=-352/-13750 i2=-185 t2=29 steerMode=0/-243 iSteer=-25096 driveMode=13750/17842 iDrive=159846 scale=0 wheel=40000
run=1 step=3 angle=231592 target=231680 err=88 steer=0 m1=324/13750 i1=120 t1=30 m2=-296/-13750 i2=-190 t2=29 steerMode=0/-33 iSteer=-35184 driveMode=13750/17263 iDrive=155241 scale=0 wheel=40000
run=1 step=3 angle=231592 target=231680 err=88 steer=0 m1=322/13750 i1=128 t1=30 m2=-331/-13750 i2=-186 t2=29 steerMode=0/-164 iSteer=-28945 driveMode=13750/15869 iDrive=157343 scale=0 wheel=40000
run=1 step=3 angle=231504 target=231680 err=176 steer=0 m1=282/13750 i1=129 t1=30 m2=-218/-13750 i2=-191 t2=29 steerMode=0/-100 iSteer=-31325 driveMode=13750/14753 iDrive=159969 scale=0 wheel=40000
run=1 step=3 angle=231504 target=231680 err=176 steer=0 m1=286/13750 i1=144 t1=30 m2=-300/-13750 i2=-183 t2=29 steerMode=0/-337 iSteer=-19535 driveMode=13750/13869 iDrive=163630 scale=0 wheel=40000
run=1 step=3 angle=231504 target=231680 err=176 steer=0 m1=253/13750 i1=136 t1=30 m2=-279/-13750 i2=-202 t2=29 steerMode=0/-65 iSteer=-32660 driveMode=13750/12887 iDrive=169140 scale=0 wheel=40000
run=1 step=3 angle=231504 target=231680 err=176 steer=0 m1=223/13750 i1=140 t1=30 m2=-231/-13750 i2=-208 t2=29 steerMode=0/-26 iSteer=-34206 driveMode=13750/12288 iDrive=173752 scale=0 wheel=40000
run=1 step=3 angle=231504 target=231680 err=176 steer=0 m1=265/13750 i1=123 t1=30 m2=-233/-13750 i2=-228 t2=29 steerMode=0/359 iSteer=-52679 driveMode=13750/12263 iDrive=175821 scale=0 wheel=40000
run=1 step=3 angle=231504 target=231680 err=176 steer=0 m1=192/13750 i1=161 t1=30 m2=-170/-13750 i2=-201 t2=29 steerMode=0/-293 iSteer=-19902 driveMode=13750/11892 iDrive=180794 scale=0 wheel=40000
run=1 step=3 angle=231504 target=231680 err=176 steer=0 m1=182/13750 i1=152 t1=30 m2=-235/-13750 i2=-232 t2=29 steerMode=0/81 iSteer=-39763 driveMode=13750/10745 iDrive=191990 scale=0 wheel=40000
run=1 step=3 angle=231504 target=231680 err=176 steer=0 m1=240/13750 i1=158 t1=30 m2=-151/-13750 i2=-240 t2=29 steerMode=0/126 iSteer=-40888 driveMode=13750/10409 iDrive=199299 scale=0 wheel=40000
run=1 step=3 angle=231504 target=231680 err=176 steer=0 m1=228/13750 i1=177 t1=30 m2=-185/-13750 i2=-227 t2=29 steerMode=0/-195 iSteer=-24959 driveMode=13750/10890 iDrive=202457 scale=0 wheel=40000
run=1 step=3 angle=231504 target=231680 err=176 steer=0 m1=188/13750 i1=179 t1=30 m2=-170/-13750 i2=-238 t2=29 steerMode=0/-119 iSteer=-29773 driveMode=13750/10781 iDrive=208583 scale=0 wheel=40000
run=1 step=3 angle=231504 target=231680 err=176 steer=0 m1=226/13750 i1=162 t1=30 m2=-247/-13750 i2=-258 t2=29 steerMode=0/262 iSteer=-48074 driveMode=13750/11403 iDrive=210240 scale=0 wheel=40000
run=1 step=3 angle=231504 target=231680 err=176 steer=0 m1=226/13750 i1=136 t1=30 m2=-233/-13750 i2=-289 t2=29 steerMode=0/817 iSteer=-76850 driveMode=13750/11574 iDrive=212637 scale=0 wheel=40000
run=1 step=3 angle=231592 target=231680 err=88 steer=0 m1=194/13750 i1=170 t1=30 m2=-164/-13750 i2=-277 t2=29 steerMode=0/316 iSteer=-53512 driveMode=13750/10341 iDrive=223828 scale=0 wheel=40000
run=1 step=3 angle=231768 target=231680 err=-88 steer=0 m1=171/13750 i1=159 t1=30 m2=-193/-13750 i2=-304 t2=29 steerMode=0/671 iSteer=-72340 driveMode=13750/10135 iDrive=231698 scale=0 wheel=40000
run=1 step=3 angle=231943 target=231680 err=-264 steer=0 m1=211/13750 i1=184 t1=30 m2=-189/-13750 i2=-281 t2=29 steerMode=0/186 iSteer=-48342 driveMode=13750/11161 iDrive=232594 scale=0 wheel=40000
run=1 step=3 angle=231943 target=231680 err=-264 steer=0 m1=234/13750 i1=188 t1=30 m2=-256/-13750 i2=-265 t2=29 steerMode=0/4 iSteer=-38932 driveMode=13750/12951 iDrive=226513 scale=0 wheel=40000
run=1 step=3 angle=232119 target=231680 err=-439 steer=0 m1=311/13750 i1=194 t1=30 m2=-275/-13750 i2=-239 t2=29 steerMode=0/-316 iSteer=-22657 driveMode=13750/14890 iDrive=216555 scale=0 wheel=40000
run=1 step=3 angle=232119 target=231680 err=-439 steer=0 m1=345/13750 i1=194 t1=30 m2=-369/-13750 i2=-208 t2=29 steerMode=0/-593 iSteer=-6956 driveMode=13750/17197 iDrive=201018 scale=0 wheel=40000
run=1 step=3 angle=232119 target=231680 err=-439 steer=0 m1=332/13750 i1=144 t1=30 m2=-358/-13750 i2=-232 t2=29 steerMode=0/159 iSteer=-44007 driveMode=13750/18213 iDrive=188116 scale=0 wheel=40000
run=1 step=3 angle=232119 target=231680 err=-439 steer=0 m1=370/13750 i1=146 t1=30 m2=-316/-13750 i2=-208 t2=29 steerMode=0/-102 iSteer=-30829 driveMode=13750/18664 iDrive=177255 scale=0 wheel=40000
run=1 step=3 angle=232031 target=231680 err=-352 steer=0 m1=408/13750 i1=140 t1=30 m2=-427/-13750 i2=-189 t2=29 steerMode=0/-228 iSteer=-24138 driveMode=13750/19292 iDrive=164364 scale=0 wheel=40000
run=1 step=3 angle=232031 target=231680 err=-352 steer=0 m1=370/13750 i1=134 t1=30 m2=-354/-13750 i2=-171 t2=29 steerMode=0/-312 iSteer=-18401 driveMode=13750/19473 iDrive=152335 scale=0 wheel=40000
run=1 step=3 angle=231943 target=231680 err=-264 steer=0 m1=370/13750 i1=111 t1=30 m2=-346/-13750 i2=-181 t2=29 steerMode=0/31 iSteer=-35054 driveMode=13750/18626 iDrive=146411 scale=0 wheel=40000
run=1 step=3 angle=231680 target=231680 err=0 steer=0 m1=351/13750 i1=107 t1=30 m2=-306/-13750 i2=-185 t2=29 steerMode=0/115 iSteer=-38953 driveMode=13750/17216 iDrive=145565 scale=0 wheel=40000
run=1 step=3 angle=231592 target=231680 err=88 steer=0 m1=274/13750 i1=126 t1=30 m2=-319/-13750 i2=-168 t2=29 steerMode=0/-229 iSteer=-21413 driveMode=13750/15921 iDrive=147085 scale=0 wheel=40000
run=1 step=3 angle=231592 target=231680 err=88 steer=0 m1=299/13750 i1=143 t1=30 m2=-333/-13750 i2=-153 t2=29 steerMode=0/-537 iSteer=-4991 driveMode=13750/15201 iDrive=147643 scale=0 wheel=40000
run=1 step=3 angle=231592 target=231680 err=88 steer=0 m1=244/13750 i1=116 t1=30 m2=-224/-13750 i2=-193 t2=29 steerMode=0/140 iSteer=-38909 driveMode=13750/13633 iDrive=154417 scale=0 wheel=40000
run=1 step=3 angle=231768 target=231680 err=-88 steer=0 m1=198/13750 i1=108 t1=30 m2=-149/-13750 i2=-236 t2=29 steerMode=0/620 iSteer=-63747 driveMode=13750/10598 iDrive=172164 scale=0 wheel=40000
run=1 step=3 angle=231855 target=231680 err=-176 steer=0 m1=146/13750 i1=134 t1=30 m2=-197/-13750 i2=-242 t2=29 steerMode=0/418 iSteer=-54220 driveMode=13750/8784 iDrive=188247 scale=0 wheel=40000
run=1 step=3 angle=232119 target=231680 err=-439 steer=0 m1=110/13750 i1=155 t1=30 m2=-160/-13750 i2=-268 t2=29 steerMode=0/436 iSteer=-56585 driveMode=13750/6378 iDrive=211807 scale=0 wheel=40000
run=1 step=3 angle=232383 target=231680 err=-703 steer=-352 m1=37/11816 i1=70 t1=30 m2=-99/-15684 i2=-410 t2=29 steerMode=-1934/692 iSteer=-169938 driveMode=13750/3890 iDrive=239623 scale=0 wheel=40000
run=1 step=3 angle=232295 target=231680 err=-615 steer=-308 m1=4/12058 i1=211 t1=30 m2=-7/-15442 i2=-339 t2=29 steerMode=-1692/-1236 iSteer=-63926 driveMode=13750/1005 iDrive=275112 scale=0 wheel=40000
run=1 step=3 angle=232295 target=231680 err=-615 steer=-308 m1=0/12058 i1=177 t1=30 m2=0/-15442 i2=-434 t2=29 steerMode=-1692/-20 iSteer=-128637 driveMode=13750/8 iDrive=305264 scale=0 wheel=40000
run=1 step=3 angle=232295 target=231680 err=-615 steer=-308 m1=0/12058 i1=197 t1=30 m2=0/-15442 i2=-465 t2=29 steerMode=-1692/-8 iSteer=-133920 driveMode=13750/8 iDrive=330830 scale=0 wheel=40000
run=1 step=3 angle=232295 target=231680 err=-615 steer=-308 m1=0/12058 i1=218 t1=30 m2=-3/-15442 i2=-495 t2=29 steerMode=-1692/-6 iSteer=-138734 driveMode=13750/6 iDrive=356403 scale=0 wheel=40000
run=1 step=3 angle=232295 target=231680 err=-615 steer=-308 m1=-3/12058 i1=297 t1=30 m2=-61/-15442 i2=-453 t2=29 steerMode=-1692/-1297 iSteer=-78127 driveMode=13750/1306 iDrive=374940 scale=0 wheel=40000
run=1 step=3 angle=231680 target=231680 err=0 steer=0 m1=215/13750 i1=292 t1=30 m2=-143/-13750 i2=-442 t2=29 steerMode=0/412 iSteer=-74614 driveMode=13750/6714 iDrive=366951 scale=0 wheel=40000
run=1 step=3 angle=231592 target=231680 err=88 steer=0 m1=322/13750 i1=268 t1=30 m2=-333/-13750 i2=-397 t2=29 steerMode=0/161 iSteer=-64580 driveMode=13750/14741 iDrive=332292 scale=0 wheel=40000
run=1 step=3 angle=231592 target=231680 err=88 steer=0 m1=368/13750 i1=241 t1=30 m2=-386/-13750 i2=-354 t2=29 steerMode=0/10 iSteer=-56604 driveMode=13750/20054 iDrive=297856 scale=0 wheel=40000
run=1 step=3 angle=231680 target=231680 err=0 steer=0 m1=445/13750 i1=188 t1=30 m2=-425/-13750 i2=-352 t2=29 steerMode=0/483 iSteer=-82143 driveMode=13750/22718 iDrive=270195 scale=0 wheel=40000
run=1 step=3 angle=231768 target=231680 err=-88 steer=0 m1=468/13750 i1=172 t1=30 m2=-484/-13750 i2=-309 t2=29 steerMode=0/192 iSteer=-68329 driveMode=13750/24992 iDrive=240192 scale=0 wheel=40000
run=1 step=3 angle=231680 target=231680 err=0 steer=0 m1=523/13750 i1=169 t1=30 m2=-553/-13750 i2=-229 t2=29 steerMode=0/-545 iSteer=-30054 driveMode=13750/28353 iDrive=199011 scale=0 wheel=40000
run=1 step=3 angle=231680 target=231680 err=0 steer=0 m1=529/13750 i1=140 t1=30 m2=-566/-13750 i2=-195 t2=29 steerMode=0/-572 iSteer=-27533 driveMode=13750/29060 iDrive=167581 scale=0 wheel=40000
run=1 step=3 angle=231680 target=231680 err=0 steer=0 m1=552/13750 i1=111 t1=30 m2=-505/-13750 i2=-175 t2=29 steerMode=0/-448 iSteer=-31977 driveMode=13750/28408 iDrive=142836 scale=0 wheel=40000
run=1 step=3 angle=231592 target=231680 err=88 steer=0 m1=508/13750 i1=96 t1=30 m2=-524/-13750 i2=-156 t2=29 steerMode=0/-461 iSteer=-29813 driveMode=13750/26636 iDrive=125901 scale=0 wheel=40000
run=1 step=3 angle=231416 target=231680 err=264 steer=0 m1=418/13750 i1=97 t1=30 m2=-446/-13750 i2=-145 t2=29 steerMode=0/-563 iSteer=-23782 driveMode=13750/23389 iDrive=121234 scale=0 wheel=40000
run=1 step=3 angle=231152 target=231680 err=527 steer=264 m1=359/15200 i1=175 t1=30 m2=-390/-12300 i2=-71 t2=29 steerMode=1450/-578 iSteer=52201 driveMode=13750/20073 iDrive=123153 scale=0 wheel=40000
run=1 step=3 angle=231152 target=231680 err=527 steer=264 m1=305/15200 i1=94 t1=30 m2=-227/-12300 i2=-167 t2=29 steerMode=1450/1236 iSteer=-36605 driveMode=13750/16846 iDrive=130388 scale=0 wheel=40000
run=1 step=3 angle=231152 target=231680 err=527 steer=264 m1=257/15200 i1=143 t1=30 m2=-245/-12300 i2=-141 t2=29 steerMode=1450/522 iSteer=1094 driveMode=13750/13927 iDrive=141902 scale=0 wheel=40000
run=1 step=3 angle=231240 target=231680 err=439 steer=0 m1=234/13750 i1=115 t1=30 m2=-170/-13750 i2=-192 t2=29 steerMode=0/-104 iSteer=-38262 driveMode=13750/11948 iDrive=153423 scale=0 wheel=40000
run=1 step=3 angle=231240 target=231680 err=439 steer=0 m1=190/13750 i1=174 t1=30 m2=-174/-13750 i2=-150 t2=29 steerMode=0/-1067 iSteer=12189 driveMode=13750/11144 iDrive=162093 scale=0 wheel=40000
run=1 step=3 angle=231240 target=231680 err=439 steer=0 m1=173/13750 i1=167 t1=30 m2=-187/-13750 i2=-169 t2=29 steerMode=0/-781 iSteer=-1170 driveMode=13750/11074 iDrive=168076 scale=0 wheel=40000
run=1 step=3 angle=231240 target=231680 err=439 steer=0 m1=196/13750 i1=164 t1=30 m2=-197/-13750 i2=-193 t2=29 steerMode=0/-477 iSteer=-14090 driveMode=13750/10125 iDrive=178537 scale=0 wheel=40000
run=1 step=3 angle=231152 target=231680 err=527 steer=264 m1=211/15200 i1=179 t1=30 m2=-193/-12300 i2=-191 t2=29 steerMode=1450/872 iSteer=-6114 driveMode=13750/10105 iDrive=184727 scale=0 wheel=40000
run=1 step=3 angle=231152 target=231680 err=527 steer=264 m1=205/15200 i1=151 t1=30 m2=-134/-12300 i2=-241 t2=29 steerMode=1450/1653 iSteer=-44843 driveMode=13750/9304 iDrive=196216 scale=0 wheel=40000
run=1 step=3 angle=231240 target=231680 err=439 steer=0 m1=211/13750 i1=180 t1=30 m2=-199/-13750 i2=-225 t2=29 steerMode=0/-262 iSteer=-22518 driveMode=13750/9571 iDrive=202817 scale=0 wheel=40000
run=1 step=3 angle=231240 target=231680 err=439 steer=0 m1=179/13750 i1=176 t1=30 m2=-243/-13750 i2=-239 t2=29 steerMode=0/-75 iSteer=-31506 driveMode=13750/10106 iDrive=207710 scale=0 wheel=40000
run=1 step=3 angle=231240 target=231680 err=439 steer=0 m1=238/13750 i1=189 t1=30 m2=-183/-13750 i2=-229 t2=29 steerMode=0/-281 iSteer=-20084 driveMode=13750/10988 iDrive=209211 scale=0 wheel=40000
run=1 step=3 angle=231240 target=231680 err=439 steer=0 m1=207/13750 i1=175 t1=30 m2=-227/-13750 i2=-237 t2=29 steerMode=0/-63 iSteer=-30635 driveMode=13750/12304 iDrive=205928 scale=0 wheel=40000
run=1 step=3 angle=231240 target=231680 err=439 steer=0 m1=253/13750 i1=184 t1=30 m2=-273/-13750 i2=-211 t2=29 steerMode=0/-397 iSteer=-13451 driveMode=13750/14116 iDrive=197682 scale=0 wheel=40000
run=1 step=3 angle=231240 target=231680 err=439 steer=0 m1=299/13750 i1=155 t1=30 m2=-346/-13750 i2=-225 t2=29 steerMode=0/43 iSteer=-35003 driveMode=13750/15202 iDrive=190373 scale=0 wheel=40000
run=1 step=3 angle=231240 target=231680 err=439 steer=0 m1=272/13750 i1=150 t1=30 m2=-237/-13750 i2=-228 t2=29 steerMode=0/129 iSteer=-39165 driveMode=13750/14929 iDrive=189086 scale=0 wheel=40000
run=1 step=3 angle=231240 target=231680 err=439 steer=0 m1=295/13750 i1=171 t1=30 m2=-306/-13750 i2=-200 t2=29 steerMode=0/-356 iSteer=-14829 driveMode=13750/15147 iDrive=185520 scale=0 wheel=40000
run=1 step=3 angle=231240 target=231680 err=439 steer=0 m1=274/13750 i1=148 t1=30 m2=-235/-13750 i2=-216 t2=29 steerMode=0/29 iSteer=-33905 driveMode=13750/15299 iDrive=181991 scale=0 wheel=40000
run=1 step=3 angle=231240 target=231680 err=439 steer=0 m1=282/13750 i1=157 t1=30 m2=-266/-13750 i2=-195 t2=29 steerMode=0/-256 iSteer=-19036 driveMode=13750/15891 iDrive=175849 scale=0 wheel=40000
run=1 step=3 angle=231240 target=231680 err=439 steer=0 m1=303/13750 i1=127 t1=30 m2=-281/-13750 i2=-216 t2=29 steerMode=0/256 iSteer=-44886 driveMode=13750/15944 iDrive=171504 scale=0 wheel=40000
run=1 step=3 angle=231240 target=231680 err=439 steer=0 m1=307/13750 i1=138 t1=30 m2=-291/-13750 i2=-197 t2=29 steerMode=0/-47 iSteer=-29590 driveMode=13750/15937 iDrive=167409 scale=0 wheel=40000
run=1 step=3 angle=231240 target=231680 err=439 steer=0 m1=274/13750 i1=140 t1=30 m2=-270/-13750 i2=-190 t2=29 steerMode=0/-138 iSteer=-24984 driveMode=13750/15581 iDrive=165442 scale=0 wheel=40000
run=1 step=3 angle=231240 target=231680 err=439 steer=0 m1=292/13750 i1=129 t1=30 m2=-250/-13750 i2=-196 t2=29 steerMode=0/47 iSteer=-33831 driveMode=13750/15457 iDrive=162616 scale=0 wheel=40000
run=1 step=3 angle=231240 target=231680 err=439 steer=0 m1=295/13750 i1=123 t1=30 m2=-298/-13750 i2=-198 t2=29 steerMode=0/134 iSteer=-37399 driveMode=13750/15319 iDrive=160430 scale=0 wheel=40000
run=1 step=3 angle=231240 target=231680 err=439 steer=0 m1=236/13750 i1=155 t1=30 m2=-310/-13750 i2=-171 t2=29 steerMode=0/-456 iSteer=-8082 driveMode=13750/14467 iDrive=162745 scale=0 wheel=40000
run=1 step=3 angle=231416 target=231680 err=264 steer=0 m1=246/13750 i1=106 t1=30 m2=-185/-13750 i2=-256 t2=29 steerMode=0/855 iSteer=-74702 driveMode=13750/11204 iDrive=181024 scale=0 wheel=40000
run=1 step=3 angle=231592 target=231680 err=88 steer=0 m1=182/13750 i1=137 t1=30 m2=-153/-13750 i2=-260 t2=29 steerMode=0/568 iSteer=-61449 driveMode=13750/8902 iDrive=198850 scale=0 wheel=40000
run=1 step=3 angle=231855 target=231680 err=-176 steer=0 m1=125/13750 i1=148 t1=30 m2=-116/-13750 i2=-290 t2=29 steerMode=0/715 iSteer=-70613 driveMode=13750/7131 iDrive=218941 scale=0 wheel=40000
run=1 step=3 angle=232207 target=231680 err=-527 steer=-264 m1=140/12300 i1=90 t1=30 m2=-84/-15200 i2=-381 t2=29 steerMode=-1450/716 iSteer=-145306 driveMode=13750/6364 iDrive=235603 scale=0 wheel=40000
run=1 step=3 angle=232295 target=231680 err=-615 steer=-308 m1=94/12058 i1=182 t1=30 m2=-195/-15442 i2=-307 t2=29 steerMode=-1692/-1256 iSteer=-62506 driveMode=13750/7204 iDrive=244978 scale=0 wheel=40000
run=1 step=3 angle=232207 target=231680 err=-527 steer=-264 m1=163/12300 i1=171 t1=30 m2=-153/-15200 i2=-321 t2=29 steerMode=-1450/-788 iSteer=-75093 driveMode=13750/9121 iDrive=245882 scale=0 wheel=40000
run=1 step=3 angle=232119 target=231680 err=-439 steer=0 m1=255/13750 i1=212 t1=30 m2=-277/-13750 i2=-258 t2=29 steerMode=0/-367 iSteer=-22839 driveMode=13750/12465 iDrive=235034 scale=0 wheel=40000
run=1 step=3 angle=232031 target=231680 err=-352 steer=0 m1=246/13750 i1=150 t1=30 m2=-247/-13750 i2=-319 t2=29 steerMode=0/829 iSteer=-84699 driveMode=13750/12892 iDrive=234330 scale=0 wheel=40000
run=1 step=3 angle=232031 target=231680 err=-352 steer=0 m1=259/13750 i1=171 t1=30 m2=-208/-13750 i2=-303 t2=29 steerMode=0/394 iSteer=-65801 driveMode=13750/12819 iDrive=236868 scale=0 wheel=40000
run=1 step=3 angle=232295 target=231680 err=-615 steer=-308 m1=301/12058 i1=83 t1=30 m2=-224/-15442 i2=-383 t2=29 steerMode=-1692/355 iSteer=-149922 driveMode=13750/13670 iDrive=233119 scale=0 wheel=40000
run=1 step=3 angle=232207 target=231680 err=-527 steer=-264 m1=311/12300 i1=175 t1=30 m2=-323/-15200 i2=-264 t2=29 steerMode=-1450/-1529 iSteer=-44669 driveMode=13750/15955 iDrive=219646 scale=0 wheel=40000
run=1 step=3 angle=231855 target=231680 err=-176 steer=0 m1=353/13750 i1=211 t1=30 m2=-363/-13750 i2=-183 t2=29 steerMode=0/-1197 iSteer=13977 driveMode=13750/19033 iDrive=196905 scale=0 wheel=40000
run=1 step=3 angle=231592 target=231680 err=88 steer=0 m1=391/13750 i1=134 t1=30 m2=-427/-13750 i2=-220 t2=29 steerMode=0/-45 iSteer=-43412 driveMode=13750/20694 iDrive=177016 scale=0 wheel=40000
run=1 step=3 angle=231504 target=231680 err=176 steer=0 m1=382/13750 i1=142 t1=30 m2=-421/-13750 i2=-186 t2=29 steerMode=0/-459 iSteer=-22128 driveMode=13750/20727 iDrive=163848 scale=0 wheel=40000
run=1 step=3 angle=231416 target=231680 err=264 steer=0 m1=403/13750 i1=121 t1=30 m2=-383/-13750 i2=-183 t2=29 steerMode=0/-265 iSteer=-31035 driveMode=13750/20506 iDrive=151731 scale=0 wheel=40000
run=1 step=3 angle=231152 target=231680 err=527 steer=264 m1=359/15200 i1=193 t1=30 m2=-402/-12300 i2=-101 t2=29 steerMode=1450/-322 iSteer=45774 driveMode=13750/19189 iDrive=146863 scale=0 wheel=40000
run=1 step=3 angle=231152 target=231680 err=527 steer=264 m1=370/15200 i1=101 t1=30 m2=-312/-12300 i2=-191 t2=29 steerMode=1450/1535 iSteer=-44613 driveMode=13750/17569 iDrive=146017 scale=0 wheel=40000
run=1 step=3 angle=231240 target=231680 err=439 steer=0 m1=297/13750 i1=126 t1=30 m2=-243/-13750 i2=-175 t2=29 steerMode=0/-306 iSteer=-24666 driveMode=13750/15601 iDrive=150408 scale=0 wheel=40000
run=1 step=3 angle=231240 target=231680 err=439 steer=0 m1=265/13750 i1=132 t1=30 m2=-270/-13750 i2=-186 t2=29 steerMode=0/-226 iSteer=-26872 driveMode=13750/13516 iDrive=158994 scale=0 wheel=40000
run=1 step=3 angle=231240 target=231680 err=439 steer=0 m1=238/13750 i1=143 t1=30 m2=-250/-13750 i2=-187 t2=29 steerMode=0/-299 iSteer=-22242 driveMode=13750/12442 iDrive=165033 scale=0 wheel=40000
run=1 step=3 angle=231240 target=231680 err=439 steer=0 m1=207/13750 i1=153 t1=30 m2=-247/-13750 i2=-190 t2=29 steerMode=0/-347 iSteer=-18946 driveMode=13750/11725 iDrive=171465 scale=0 wheel=40000
run=1 step=3 angle=231240 target=231680 err=439 steer=0 m1=192/13750 i1=166 t1=30 m2=-268/-13750 i2=-189 t2=29 steerMode=0/-482 iSteer=-11390 driveMode=13750/11378 iDrive=177219 scale=0 wheel=40000
run=1 step=3 angle=231240 target=231680 err=439 steer=0 m1=179/13750 i1=162 t1=30 m2=-210/-13750 i2=-217 t2=29 steerMode=0/-161 iSteer=-27559 driveMode=13750/10030 iDrive=189856 scale=0 wheel=40000
run=1 step=3 angle=231240 target=231680 err=439 steer=0 m1=219/13750 i1=161 t1=30 m2=-191/-13750 i2=-233 t2=29 steerMode=0/25 iSteer=-36221 driveMode=13750/9949 iDrive=197094 scale=0 wheel=40000
run=1 step=3 angle=231240 target=231680 err=439 steer=0 m1=177/13750 i1=184 t1=30 m2=-160/-13750 i2=-220 t2=29 steerMode=0/-333 iSteer=-18284 driveMode=13750/10246 iDrive=202149 scale=0 wheel=40000
run=1 step=3 angle=231240 target=231680 err=439 steer=0 m1=175/13750 i1=170 t1=30 m2=-203/-13750 i2=-257 t2=29 steerMode=0/157 iSteer=-43428 driveMode=13750/9474 iDrive=213843 scale=0 wheel=40000
run=1 step=3 angle=231240 target=231680 err=439 steer=0 m1=205/13750 i1=202 t1=30 m2=-252/-13750 i2=-219 t2=29 steerMode=0/-518 iSteer=-8429 driveMode=13750/11210 iDrive=210792 scale=0 wheel=40000
run=1 step=3 angle=231152 target=231680 err=527 steer=264 m1=297/15200 i1=225 t1=30 m2=-250/-12300 i2=-188 t2=29 steerMode=1450/431 iSteer=18550 driveMode=13750/12668 iDrive=206499 scale=0 wheel=40000
run=1 step=3 angle=231152 target=231680 err=527 steer=264 m1=246/15200 i1=160 t1=30 m2=-270/-12300 i2=-263 t2=29 steerMode=1450/1830 iSteer=-51976 driveMode=13750/12147 iDrive=211515 scale=0 wheel=40000
run=1 step=3 angle=231328 target=231680 err=352 steer=0 m1=221/13750 i1=165 t1=30 m2=-203/-13750 i2=-259 t2=29 steerMode=0/246 iSteer=-47202 driveMode=13750/12450 iDrive=212223 scale=0 wheel=40000
run=1 step=3 angle=231504 target=231680 err=176 steer=0 m1=255/13750 i1=169 t1=30 m2=-216/-13750 i2=-263 t2=29 steerMode=0/230 iSteer=-46976 driveMode=13750/12314 iDrive=215783 scale=0 wheel=40000
run=1 step=3 angle=231504 target=231680 err=176 steer=0 m1=253/13750 i1=197 t1=30 m2=-266/-13750 i2=-226 t2=29 steerMode=0/-421 iSteer=-14494 driveMode=13750/13406 iDrive=211927 scale=0 wheel=40000
run=1 step=3 angle=231504 target=231680 err=176 steer=0 m1=297/13750 i1=210 t1=30 m2=-333/-13750 i2=-196 t2=29 steerMode=0/-838 iSteer=6771 driveMode=13750/15128 iDrive=203150 scale=0 wheel=40000
run=1 step=3 angle=231504 target=231680 err=176 steer=0 m1=347/13750 i1=172 t1=30 m2=-268/-13750 i2=-205 t2=29 steerMode=0/-346 iSteer=-16358 driveMode=13750/17164 iDrive=188324 scale=0 wheel=40000
run=1 step=3 angle=231504 target=231680 err=176 steer=0 m1=309/13750 i1=149 t1=30 m2=-314/-13750 i2=-217 t2=29 steerMode=0/5 iSteer=-33898 driveMode=13750/16920 iDrive=183106 scale=0 wheel=40000
run=1 step=3 angle=231504 target=231680 err=176 steer=0 m1=301/13750 i1=155 t1=30 m2=-344/-13750 i2=-199 t2=29 steerMode=0/-221 iSteer=-22008 driveMode=13750/16938 iDrive=176882 scale=0 wheel=40000
run=1 step=3 angle=231504 target=231680 err=176 steer=0 m1=330/13750 i1=156 t1=30 m2=-392/-13750 i2=-183 t2=29 steerMode=0/-370 iSteer=-13661 driveMode=13750/17153 iDrive=169633 scale=0 wheel=40000
run=1 step=3 angle=231504 target=231680 err=176 steer=0 m1=309/13750 i1=130 t1=30 m2=-296/-13750 i2=-197 t2=29 steerMode=0/40 iSteer=-33707 driveMode=13750/17008 iDrive=163558 scale=0 wheel=40000
run=1 step=3 angle=231416 target=231680 err=264 steer=0 m1=301/13750 i1=143 t1=30 m2=-296/-13750 i2=-174 t2=29 steerMode=0/-325 iSteer=-15410 driveMode=13750/16886 iDrive=158568 scale=0 wheel=40000
run=1 step=3 angle=231416 target=231680 err=264 steer=0 m1=301/13750 i1=127 t1=30 m2=-277/-13750 i2=-183 t2=29 steerMode=0/-60 iSteer=-27948 driveMode=13750/16567 iDrive=154634 scale=0 wheel=40000
run=1 step=3 angle=231328 target=231680 err=352 steer=0 m1=307/13750 i1=132 t1=30 m2=-298/-13750 i2=-170 t2=29 steerMode=0/-224 iSteer=-18722 driveMode=13750/16296 iDrive=150837 scale=0 wheel=40000
run=1 step=3 angle=231328 target=231680 err=352 steer=0 m1=332/13750 i1=128 t1=30 m2=-329/-13750 i2=-164 t2=29 steerMode=0/-237 iSteer=-17778 driveMode=13750/16330 iDrive=145965 scale=0 wheel=40000
run=1 step=3 angle=231328 target=231680 err=352 steer=0 m1=274/13750 i1=96 t1=30 m2=-304/-13750 i2=-196 t2=29 steerMode=0/405 iSteer=-49855 driveMode=13750/15480 iDrive=146156 scale=0 wheel=40000
run=1 step=3 angle=231328 target=231680 err=352 steer=0 m1=236/13750 i1=83 t1=30 m2=-237/-13750 i2=-232 t2=29 steerMode=0/875 iSteer=-74652 driveMode=13750/13009 iDrive=157257 scale=0 wheel=40000
run=1 step=3 angle=231328 target=231680 err=352 steer=0 m1=221/13750 i1=124 t1=30 m2=-153/-13750 i2=-226 t2=29 steerMode=0/385 iSteer=-51278 driveMode=13750/10250 iDrive=174850 scale=0 wheel=40000
run=1 step=3 angle=231592 target=231680 err=88 steer=0 m1=169/13750 i1=144 t1=30 m2=-168/-13750 i2=-249 t2=29 steerMode=0/375 iSteer=-52220 driveMode=13750/7720 iDrive=196587 scale=0 wheel=40000
run=1 step=3 angle=231680 target=231680 err=0 steer=0 m1=136/13750 i1=147 t1=30 m2=-166/-13750 i2=-274 t2=29 steerMode=0/574 iSteer=-63286 driveMode=13750/7219 iDrive=210233 scale=0 wheel=40000
run=1 step=3 angle=231855 target=231680 err=-176 steer=0 m1=133/13750 i1=195 t1=30 m2=-141/-13750 i2=-249 t2=29 steerMode=0/-161 iSteer=-27164 driveMode=13750/7368 iDrive=221919 scale=0 wheel=40000
run=1 step=3 angle=231943 target=231680 err=-264 steer=0 m1=167/13750 i1=188 t1=30 m2=-151/-13750 i2=-267 t2=29 steerMode=0/72 iSteer=-39400 driveMode=13750/8407 iDrive=227718 scale=0 wheel=40000
run=1 step=3 angle=231943 target=231680 err=-264 steer=0 m1=251/13750 i1=190 t1=30 m2=-203/-13750 i2=-257 t2=29 steerMode=0/-41 iSteer=-33435 driveMode=13750/10852 iDrive=223217 scale=0 wheel=40000
run=1 step=3 angle=232119 target=231680 err=-439 steer=0 m1=246/13750 i1=185 t1=30 m2=-245/-13750 i2=-273 t2=29 steerMode=0/159 iSteer=-43969 driveMode=13750/10662 iDrive=229243 scale=0 wheel=40000
run=1 step=3 angle=232383 target=231680 err=-703 steer=-352 m1=165/11816 i1=99 t1=30 m2=-155/-15684 i2=-380 t2=29 steerMode=-1934/86 iSteer=-140475 driveMode=13750/9884 iDrive=239281 scale=0 wheel=40000
run=1 step=3 angle=232207 target=231680 err=-527 steer=-264 m1=182/12300 i1=182 t1=30 m2=-201/-15200 i2=-306 t2=29 steerMode=-1450/-1059 iSteer=-61600 driveMode=13750/10350 iDrive=244091 scale=0 wheel=40000
run=1 step=3 angle=232207 target=231680 err=-527 steer=-264 m1=200/12300 i1=156 t1=30 m2=-201/-15200 i2=-332 t2=29 steerMode=-1450/-597 iSteer=-87835 driveMode=13750/11489 iDrive=243701 scale=0 wheel=40000
run=1 step=3 angle=232207 target=231680 err=-527 steer=-264 m1=267/12300 i1=145 t1=30 m2=-304/-15200 i2=-327 t2=29 steerMode=-1450/-573 iSteer=-90714 driveMode=13750/13465 iDrive=236165 scale=0 wheel=40000
run=1 step=3 angle=231943 target=231680 err=-264 steer=0 m1=328/13750 i1=227 t1=30 m2=-344/-13750 i2=-202 t2=29 steerMode=0/-1152 iSteer=12704 driveMode=13750/17143 iDrive=214640 scale=0 wheel=40000
run=1 step=3 angle=231943 target=231680 err=-264 steer=0 m1=353/13750 i1=106 t1=30 m2=-386/-13750 i2=-295 t2=29 steerMode=0/967 iSteer=-94484 driveMode=13750/18405 iDrive=200452 scale=0 wheel=40000
run=1 step=3 angle=231855 target=231680 err=-176 steer=0 m1=349/13750 i1=164 t1=30 m2=-383/-13750 i2=-212 t2=29 steerMode=0/-451 iSteer=-23634 driveMode=13750/19124 iDrive=187990 scale=0 wheel=40000
run=1 step=3 angle=231855 target=231680 err=-176 steer=0 m1=343/13750 i1=135 t1=30 m2=-390/-13750 i2=-216 t2=29 steerMode=0/-99 iSteer=-40885 driveMode=13750/19613 iDrive=175385 scale=0 wheel=40000
run=1 step=3 angle=231855 target=231680 err=-176 steer=0 m1=391/13750 i1=128 t1=30 m2=-417/-13750 i2=-200 t2=29 steerMode=0/-177 iSteer=-36273 driveMode=13750/19641 iDrive=164150 scale=0 wheel=40000
run=1 step=3 angle=231680 target=231680 err=0 steer=0 m1=334/13750 i1=119 t1=30 m2=-373/-13750 i2=-200 t2=29 steerMode=0/-86 iSteer=-40501 driveMode=13750/18599 iDrive=159447 scale=0 wheel=40000
run=1 step=3 angle=231504 target=231680 err=176 steer=0 m1=286/13750 i1=136 t1=30 m2=-335/-13750 i2=-179 t2=29 steerMode=0/-445 iSteer=-21809 driveMode=13750/17408 iDrive=157610 scale=0 wheel=40000
run=1 step=3 angle=231416 target=231680 err=264 steer=0 m1=292/13750 i1=125 t1=30 m2=-344/-13750 i2=-193 t2=29 steerMode=0/-187 iSteer=-34069 driveMode=13750/16095 iDrive=158750 scale=0 wheel=40000
run=1 step=3 angle=231328 target=231680 err=352 steer=0 m1=267/13750 i1=139 t1=30 m2=-340/-13750 i2=-179 t2=29 steerMode=0/-447 iSteer=-20130 driveMode=13750/15246 iDrive=159327 scale=0 wheel=40000
run=1 step=3 angle=231328 target=231680 err=352 steer=0 m1=297/13750 i1=135 t1=30 m2=-291/-13750 i2=-183 t2=29 steerMode=0/-334 iSteer=-24280 driveMode=13750/14752 iDrive=158905 scale=0 wheel=40000
run=1 step=3 angle=231328 target=231680 err=352 steer=0 m1=228/13750 i1=137 t1=30 m2=-279/-13750 i2=-186 t2=29 steerMode=0/-299 iSteer=-24408 driveMode=13750/13947 iDrive=161164 scale=0 wheel=40000
run=1 step=3 angle=231328 target=231680 err=352 steer=0 m1=242/13750 i1=137 t1=30 m2=-260/-13750 i2=-196 t2=29 steerMode=0/-179 iSteer=-29366 driveMode=13750/12966 iDrive=166639 scale=0 wheel=40000
run=1 step=3 angle=231328 target=231680 err=352 steer=0 m1=230/13750 i1=145 t1=30 m2=-176/-13750 i2=-199 t2=29 steerMode=0/-205 iSteer=-26992 driveMode=13750/12393 iDrive=171778 scale=0 wheel=40000
run=1 step=3 angle=231240 target=231680 err=439 steer=0 m1=215/13750 i1=188 t1=30 m2=-302/-13750 i2=-168 t2=29 steerMode=0/-944 iSteer=9909 driveMode=13750/11930 iDrive=177985 scale=0 wheel=40000
run=1 step=3 angle=231152 target=231680 err=527 steer=264 m1=234/15200 i1=177 t1=30 m2=-208/-12300 i2=-183 t2=29 steerMode=1450/815 iSteer=-2790 driveMode=13750/12122 iDrive=179981 scale=0 wheel=40000
run=1 step=3 angle=231152 target=231680 err=527 steer=264 m1=272/15200 i1=146 t1=30 m2=-247/-12300 i2=-217 t2=29 steerMode=1450/1503 iSteer=-35362 driveMode=13750/12197 iDrive=181662 scale=0 wheel=40000
run=1 step=3 angle=231328 target=231680 err=352 steer=0 m1=249/13750 i1=87 t1=30 m2=-235/-13750 i2=-280 t2=29 steerMode=0/1272 iSteer=-96278 driveMode=13750/12185 iDrive=183767 scale=0 wheel=40000
run=1 step=3 angle=231416 target=231680 err=264 steer=0 m1=251/13750 i1=171 t1=30 m2=-243/-13750 i2=-202 t2=29 steerMode=0/-333 iSteer=-15497 driveMode=13750/12139 iDrive=186709 scale=0 wheel=40000
run=1 step=3 angle=231416 target=231680 err=264 steer=0 m1=200/13750 i1=172 t1=30 m2=-185/-13750 i2=-209 t2=29 steerMode=0/-284 iSteer=-18139 driveMode=13750/11983 iDrive=190442 scale=0 wheel=40000
run=1 step=3 angle=231504 target=231680 err=176 steer=0 m1=179/13750 i1=179 t1=30 m2=-162/-13750 i2=-230 t2=29 steerMode=0/-127 iSteer=-25474 driveMode=13750/10088 iDrive=204968 scale=0 wheel=40000
run=1 step=3 angle=231504 target=231680 err=176 steer=0 m1=192/13750 i1=201 t1=30 m2=-235/-13750 i2=-211 t2=29 steerMode=0/-526 iSteer=-5045 driveMode=13750/11224 iDrive=205693 scale=0 wheel=40000
run=1 step=3 angle=231416 target=231680 err=264 steer=0 m1=251/13750 i1=169 t1=30 m2=-195/-13750 i2=-246 t2=29 steerMode=0/153 iSteer=-38357 driveMode=13750/11632 iDrive=207842 scale=0 wheel=40000
run=1 step=3 angle=231416 target=231680 err=264 steer=0 m1=213/13750 i1=165 t1=30 m2=-195/-13750 i2=-257 t2=29 steerMode=0/303 iSteer=-46189 driveMode=13750/11711 iDrive=210811 scale=0 wheel=40000
run=1 step=3 angle=231416 target=231680 err=264 steer=0 m1=213/13750 i1=181 t1=30 m2=-164/-13750 i2=-255 t2=29 steerMode=0/110 iSteer=-36716 driveMode=13750/11205 iDrive=217847 scale=0 wheel=40000
run=1 step=3 angle=231504 target=231680 err=176 steer=0 m1=190/13750 i1=209 t1=30 m2=-220/-13750 i2=-236 t2=29 steerMode=0/-361 iSteer=-13086 driveMode=13750/11214 iDrive=222579 scale=0 wheel=40000
run=1 step=3 angle=231592 target=231680 err=88 steer=0 m1=161/13750 i1=219 t1=30 m2=-275/-13750 i2=-246 t2=29 steerMode=0/-351 iSteer=-13611 driveMode=13750/10394 iDrive=232242 scale=0 wheel=40000
run=1 step=3 angle=231592 target=231680 err=88 steer=0 m1=190/13750 i1=203 t1=30 m2=-212/-13750 i2=-277 t2=29 steerMode=0/137 iSteer=-37267 driveMode=13750/10132 iDrive=240108 scale=0 wheel=40000
run=1 step=3 angle=231592 target=231680 err=88 steer=0 m1=223/13750 i1=216 t1=30 m2=-185/-13750 i2=-258 t2=29 steerMode=0/-162 iSteer=-21445 driveMode=13750/11725 iDrive=237028 scale=0 wheel=40000
run=1 step=3 angle=231592 target=231680 err=88 steer=0 m1=200/13750 i1=238 t1=30 m2=-241/-13750 i2=-259 t2=29 steerMode=0/-379 iSteer=-10547 driveMode=13750/10601 iDrive=248167 scale=0 wheel=40000
run=1 step=3 angle=231592 target=231680 err=88 steer=0 m1=276/13750 i1=191 t1=30 m2=-275/-13750 i2=-295 t2=29 steerMode=0/434 iSteer=-51926 driveMode=13750/12546 iDrive=242761 scale=0 wheel=40000
run=1 step=3 angle=231592 target=231680 err=88 steer=0 m1=305/13750 i1=208 t1=30 m2=-285/-13750 i2=-243 t2=29 steerMode=0/-255 iSteer=-17368 driveMode=13750/15781 iDrive=225598 scale=0 wheel=40000
run=1 step=3 angle=231592 target=231680 err=88 steer=0 m1=332/13750 i1=178 t1=30 m2=-383/-13750 i2=-238 t2=29 steerMode=0/-5 iSteer=-29602 driveMode=13750/18160 iDrive=207942 scale=0 wheel=40000
run=1 step=3 angle=231416 target=231680 err=264 steer=0 m1=420/13750 i1=162 t1=30 m2=-400/-13750 i2=-211 t2=29 steerMode=0/-98 iSteer=-24125 driveMode=13750/20363 iDrive=186531 scale=0 wheel=40000
run=1 step=3 angle=231416 target=231680 err=264 steer=0 m1=397/13750 i1=127 t1=30 m2=-383/-13750 i2=-214 t2=29 steerMode=0/287 iSteer=-43503 driveMode=13750/20862 iDrive=170693 scale=0 wheel=40000
run=1 step=3 angle=231416 target=231680 err=264 steer=0 m1=366/13750 i1=124 t1=30 m2=-331/-13750 i2=-215 t2=29 steerMode=0/298 iSteer=-45675 driveMode=13750/18869 iDrive=169309 scale=0 wheel=40000
run=1 step=3 angle=231680 target=231680 err=0 steer=0 m1=297/13750 i1=109 t1=30 m2=-233/-13750 i2=-248 t2=29 steerMode=0/742 iSteer=-69733 driveMode=13750/15771 iDrive=178532 scale=0 wheel=40000
STEP_FAIL: timeout step=3 target=40 cmd=40000 measured=42029 angleErr=-176
STEP_START: step=4 target=40 steerTarget=321680
run=1 step=4 angle=232031 target=321680 err=89648 steer=2150 m1=362/25575 i1=646 t1=30 m2=-151/-1925 i2=274 t2=29 steerMode=11825/2108 iSteer=459748 driveMode=13750/13946 iDrive=186166 scale=0 wheel=40000
run=1 step=4 angle=239150 target=321680 err=82529 steer=5000 m1=864/41250 i1=390 t1=30 m2=89/13750 i2=60 t2=29 steerMode=27500/23040 iSteer=224711 driveMode=13750/17766 iDrive=164959 scale=0 wheel=40000
run=1 step=4 angle=250664 target=321680 err=71016 steer=5000 m1=956/41250 i1=268 t1=30 m2=50/13750 i2=39 t2=29 steerMode=27500/24608 iSteer=153221 driveMode=13750/24865 iDrive=114284 scale=0 wheel=40000
run=1 step=4 angle=261914 target=321680 err=59766 steer=5000 m1=987/41250 i1=187 t1=30 m2=0/13750 i2=11 t2=29 steerMode=27500/25803 iSteer=98978 driveMode=13750/25850 iDrive=87633 scale=0 wheel=40000
run=1 step=4 angle=273076 target=321680 err=48604 steer=5000 m1=954/41250 i1=196 t1=30 m2=0/13750 i2=59 t2=29 steerMode=27500/25340 iSteer=127378 driveMode=13750/25299 iDrive=68315 scale=0 wheel=40000
run=1 step=4 angle=283535 target=321680 err=38145 steer=5000 m1=914/41250 i1=217 t1=30 m2=2/13750 i2=116 t2=29 steerMode=27500/24702 iSteer=166292 driveMode=13750/24680 iDrive=50517 scale=0 wheel=40000
run=1 step=4 angle=294082 target=321680 err=27598 steer=5000 m1=912/41250 i1=215 t1=30 m2=0/13750 i2=152 t2=29 steerMode=27500/24515 iSteer=183599 driveMode=13750/24509 iDrive=31146 scale=0 wheel=40000
run=1 step=4 angle=304189 target=321680 err=17490 steer=5000 m1=941/41250 i1=196 t1=30 m2=0/13750 i2=176 t2=29 steerMode=27500/24623 iSteer=186148 driveMode=13750/24622 iDrive=10309 scale=0 wheel=40000
run=1 step=4 angle=315176 target=321680 err=6504 steer=3416 m1=868/32537 i1=-219 t1=30 m2=-11/5037 i2=-204 t2=29 steerMode=18787/23939 iSteer=-211432 driveMode=13750/24203 iDrive=-7764 scale=0 wheel=40000
run=1 step=4 angle=321768 target=321680 err=-88 steer=0 m1=215/13750 i1=-407 t1=30 m2=0/-13750 i2=-520 t2=29 steerMode=0/9565 iSteer=-463106 driveMode=13750/9626 iDrive=56396 scale=0 wheel=40000
run=1 step=4 angle=322031 target=321680 err=-352 steer=0 m1=-40/13750 i1=139 t1=30 m2=0/-13750 i2=-114 t2=29 steerMode=0/-74 iSteer=12473 driveMode=13750/-77 iDrive=126272 scale=0 wheel=40000
run=1 step=4 angle=322031 target=321680 err=-352 steer=0 m1=0/13750 i1=162 t1=30 m2=0/-13750 i2=-142 t2=29 steerMode=0/-18 iSteer=9765 driveMode=13750/-18 iDrive=151911 scale=0 wheel=40000
run=1 step=4 angle=322031 target=321680 err=-352 steer=0 m1=0/13750 i1=187 t1=30 m2=0/-13750 i2=-169 t2=29 steerMode=0/0 iSteer=8900 driveMode=13750/0 iDrive=177680 scale=0 wheel=40000
run=1 step=4 angle=322031 target=321680 err=-352 steer=0 m1=0/13750 i1=212 t1=30 m2=0/-13750 i2=-195 t2=29 steerMode=0/-2 iSteer=8999 driveMode=13750/2 iDrive=203501 scale=0 wheel=40000
run=1 step=4 angle=322031 target=321680 err=-352 steer=0 m1=0/13750 i1=238 t1=30 m2=0/-13750 i2=-220 t2=29 steerMode=0/0 iSteer=8918 driveMode=13750/0 iDrive=229356 scale=0 wheel=40000
run=1 step=4 angle=322031 target=321680 err=-352 steer=0 m1=0/13750 i1=263 t1=30 m2=0/-13750 i2=-248 t2=29 steerMode=0/28 iSteer=7393 driveMode=13750/-45 iDrive=255535 scale=0 wheel=40000
run=1 step=4 angle=322031 target=321680 err=-352 steer=0 m1=0/13750 i1=290 t1=30 m2=0/-13750 i2=-272 t2=29 steerMode=0/0 iSteer=8751 driveMode=13750/0 iDrive=281182 scale=0 wheel=40000
run=1 step=4 angle=322031 target=321680 err=-352 steer=0 m1=0/13750 i1=316 t1=30 m2=0/-13750 i2=-298 t2=29 steerMode=0/-1 iSteer=8811 driveMode=13750/4 iDrive=306987 scale=0 wheel=40000
run=1 step=4 angle=322119 target=321680 err=-439 steer=0 m1=0/13750 i1=342 t1=30 m2=0/-13750 i2=-324 t2=29 steerMode=0/0 iSteer=8786 driveMode=13750/0 iDrive=332857 scale=0 wheel=40000
run=1 step=4 angle=322119 target=321680 err=-439 steer=0 m1=0/13750 i1=369 t1=30 m2=0/-13750 i2=-349 t2=29 steerMode=0/-23 iSteer=9972 driveMode=13750/7 iDrive=358651 scale=0 wheel=40000
run=1 step=4 angle=322031 target=321680 err=-352 steer=0 m1=0/13750 i1=393 t1=30 m2=0/-13750 i2=-376 t2=29 steerMode=0/0 iSteer=8839 driveMode=13750/0 iDrive=384533 scale=0 wheel=40000
run=1 step=4 angle=322119 target=321680 err=-439 steer=0 m1=0/13750 i1=419 t1=30 m2=0/-13750 i2=-401 t2=29 steerMode=0/-4 iSteer=9045 driveMode=13750/5 iDrive=410353 scale=0 wheel=40000
run=1 step=4 angle=322031 target=321680 err=-352 steer=0 m1=0/13750 i1=447 t1=30 m2=-3/-13750 i2=-425 t2=29 steerMode=0/-41 iSteer=10911 driveMode=13750/41 iDrive=436012 scale=0 wheel=40000
run=1 step=4 angle=322031 target=321680 err=-352 steer=0 m1=0/13750 i1=471 t1=30 m2=0/-13750 i2=-453 t2=29 steerMode=0/2 iSteer=8762 driveMode=13750/3 iDrive=462035 scale=0 wheel=40000
run=1 step=4 angle=322031 target=321680 err=-352 steer=0 m1=0/13750 i1=497 t1=30 m2=0/-13750 i2=-479 t2=29 steerMode=0/-3 iSteer=9040 driveMode=13750/3 iDrive=487867 scale=0 wheel=40000
run=1 step=4 angle=322119 target=321680 err=-439 steer=0 m1=0/13750 i1=523 t1=30 m2=0/-13750 i2=-505 t2=29 steerMode=0/-3 iSteer=9018 driveMode=13750/-2 iDrive=513746 scale=0 wheel=40000
run=1 step=4 angle=322031 target=321680 err=-352 steer=0 m1=0/13750 i1=549 t1=30 m2=0/-13750 i2=-530 t2=29 steerMode=0/-8 iSteer=9336 driveMode=13750/8 iDrive=539526 scale=0 wheel=40000
run=1 step=4 angle=322031 target=321680 err=-352 steer=0 m1=0/13750 i1=574 t1=30 m2=0/-13750 i2=-556 t2=29 steerMode=0/-1 iSteer=8957 driveMode=13750/0 iDrive=565418 scale=0 wheel=40000
run=1 step=4 angle=322031 target=321680 err=-352 steer=0 m1=2/13750 i1=600 t1=30 m2=-3/-13750 i2=-582 t2=29 steerMode=0/-4 iSteer=9107 driveMode=13750/18 iDrive=591177 scale=0 wheel=40000
run=1 step=4 angle=322031 target=321680 err=-352 steer=0 m1=0/13750 i1=626 t1=30 m2=0/-13750 i2=-608 t2=29 steerMode=0/0 iSteer=8949 driveMode=13750/1 iDrive=617076 scale=0 wheel=40000
run=1 step=4 angle=322031 target=321680 err=-352 steer=0 m1=0/13750 i1=652 t1=30 m2=0/-13750 i2=-634 t2=29 steerMode=0/-5 iSteer=9195 driveMode=13750/1 iDrive=642903 scale=0 wheel=40000
run=1 step=4 angle=322031 target=321680 err=-352 steer=0 m1=0/13750 i1=677 t1=30 m2=0/-13750 i2=-660 t2=29 steerMode=0/5 iSteer=8736 driveMode=13750/5 iDrive=668738 scale=0 wheel=40000
run=1 step=4 angle=322031 target=321680 err=-352 steer=0 m1=0/13750 i1=704 t1=30 m2=0/-13750 i2=-686 t2=29 steerMode=0/0 iSteer=8998 driveMode=13750/0 iDrive=694597 scale=0 wheel=40000
run=1 step=4 angle=322031 target=321680 err=-352 steer=0 m1=0/13750 i1=730 t1=30 m2=-5/-13750 i2=-710 t2=29 steerMode=0/-19 iSteer=9939 driveMode=13750/21 iDrive=720339 scale=0 wheel=40000
run=1 step=4 angle=322119 target=321680 err=-439 steer=0 m1=0/13750 i1=755 t1=30 m2=0/-13750 i2=-737 t2=29 steerMode=0/-3 iSteer=9171 driveMode=13750/-1 iDrive=746259 scale=0 wheel=40000
run=1 step=4 angle=322031 target=321680 err=-352 steer=0 m1=0/13750 i1=781 t1=30 m2=0/-13750 i2=-763 t2=29 steerMode=0/-4 iSteer=9243 driveMode=13750/6 iDrive=772060 scale=0 wheel=40000
run=1 step=4 angle=322119 target=321680 err=-439 steer=0 m1=0/13750 i1=807 t1=30 m2=0/-13750 i2=-789 t2=29 steerMode=0/-3 iSteer=9230 driveMode=13750/3 iDrive=797917 scale=0 wheel=40000
run=1 step=4 angle=322031 target=321680 err=-352 steer=0 m1=0/13750 i1=833 t1=30 m2=0/-13750 i2=-814 t2=29 steerMode=0/-13 iSteer=9767 driveMode=13750/13 iDrive=823693 scale=0 wheel=40000
run=1 step=4 angle=322031 target=321680 err=-352 steer=0 m1=0/13750 i1=860 t1=30 m2=-3/-13750 i2=-839 t2=29 steerMode=0/-31 iSteer=10682 driveMode=13750/33 iDrive=849413 scale=0 wheel=40000
run=1 step=4 angle=321328 target=321680 err=352 steer=0 m1=81/13750 i1=1194 t1=30 m2=-377/-13750 i2=-466 t2=29 steerMode=0/-6961 iSteer=363997 driveMode=13750/8132 iDrive=829992 scale=0 wheel=40000
run=1 step=4 angle=321768 target=321680 err=-88 steer=0 m1=910/13750 i1=447 t1=30 m2=-775/-13750 i2=-865 t2=29 steerMode=0/4585 iSteer=-208700 driveMode=13750/39191 iDrive=655833 scale=0 wheel=40000
run=1 step=4 angle=322119 target=321680 err=-439 steer=0 m1=1280/13750 i1=481 t1=30 m2=-1244/-13750 i2=-452 t2=29 steerMode=0/22 iSteer=14449 driveMode=13750/62824 iDrive=466406 scale=0 wheel=40000
run=1 step=4 angle=322031 target=321680 err=-352 steer=0 m1=1535/13750 i1=270 t1=30 m2=-1509/-13750 i2=-303 t2=29 steerMode=0/616 iSteer=-16300 driveMode=13750/77497 iDrive=286386 scale=0 wheel=40000
run=1 step=4 angle=322383 target=321680 err=-703 steer=-352 m1=1573/11816 i1=13 t1=30 m2=-1539/-15684 i2=-269 t2=29 steerMode=-1934/855 iSteer=-128012 driveMode=13750/81622 iDrive=141450 scale=0 wheel=40000
run=1 step=4 angle=322207 target=321680 err=-527 steer=-264 m1=1393/12300 i1=12 t1=30 m2=-1392/-15200 i2=-82 t2=29 steerMode=-1450/-587 iSteer=-35123 driveMode=13750/76333 iDrive=46698 scale=0 wheel=40000
run=1 step=4 angle=322119 target=321680 err=-439 steer=-214 m1=1194/12575 i1=-83 t1=30 m2=-1154/-14925 i2=-84 t2=29 steerMode=-1175/579 iSteer=-83281 driveMode=13750/64474 iDrive=582 scale=0 wheel=40000
run=1 step=4 angle=322295 target=321680 err=-615 steer=-308 m1=897/12058 i1=-77 t1=30 m2=-856/-15442 i2=-65 t2=29 steerMode=-1692/-278 iSteer=-71099 driveMode=13750/49698 iDrive=-5980 scale=0 wheel=40000
run=1 step=4 angle=322207 target=321680 err=-527 steer=-264 m1=629/12300 i1=13 t1=30 m2=-664/-15200 i2=7 t2=29 steerMode=-1450/-1667 iSteer=9831 driveMode=13750/37034 iDrive=2762 scale=0 wheel=40000
run=1 step=4 angle=322031 target=321680 err=-352 steer=0 m1=462/13750 i1=-9 t1=30 m2=-436/-13750 i2=-58 t2=29 steerMode=0/666 iSteer=-33620 driveMode=13750/26188 iDrive=24304 scale=0 wheel=40000
run=1 step=4 angle=322031 target=321680 err=-352 steer=0 m1=299/13750 i1=72 t1=30 m2=-319/-13750 i2=-34 t2=29 steerMode=0/-399 iSteer=18768 driveMode=13750/17538 iDrive=53002 scale=0 wheel=40000
run=1 step=4 angle=321943 target=321680 err=-264 steer=0 m1=196/13750 i1=64 t1=30 m2=-147/-13750 i2=-104 t2=29 steerMode=0/364 iSteer=-20229 driveMode=13750/11187 iDrive=83990 scale=0 wheel=40000
run=1 step=4 angle=321943 target=321680 err=-264 steer=0 m1=127/13750 i1=87 t1=30 m2=-67/-13750 i2=-149 t2=29 steerMode=0/540 iSteer=-30689 driveMode=13750/6308 iDrive=118048 scale=0 wheel=40000
run=1 step=4 angle=322383 target=321680 err=-703 steer=-352 m1=-34/11816 i1=30 t1=30 m2=-49/-15684 i2=-291 t2=29 steerMode=-1934/521 iSteer=-130696 driveMode=13750/1616 iDrive=160548 scale=0 wheel=40000
run=1 step=4 angle=322383 target=321680 err=-703 steer=-352 m1=0/11816 i1=84 t1=30 m2=0/-15684 i2=-303 t2=29 steerMode=-1934/-11 iSteer=-109578 driveMode=13750/28 iDrive=193094 scale=0 wheel=40000
run=1 step=4 angle=322383 target=321680 err=-703 steer=-352 m1=0/11816 i1=103 t1=30 m2=0/-15684 i2=-334 t2=29 steerMode=-1934/0 iSteer=-115650 driveMode=13750/0 iDrive=218798 scale=0 wheel=40000
run=1 step=4 angle=322383 target=321680 err=-703 steer=-352 m1=0/11816 i1=124 t1=30 m2=0/-15684 i2=-365 t2=29 steerMode=-1934/-9 iSteer=-120738 driveMode=13750/9 iDrive=244328 scale=0 wheel=40000
run=1 step=4 angle=322383 target=321680 err=-703 steer=-352 m1=0/11816 i1=143 t1=30 m2=0/-15684 i2=-397 t2=29 steerMode=-1934/0 iSteer=-126632 driveMode=13750/0 iDrive=269940 scale=0 wheel=40000
run=1 step=4 angle=322383 target=321680 err=-703 steer=-352 m1=0/11816 i1=164 t1=30 m2=0/-15684 i2=-426 t2=29 steerMode=-1934/-25 iSteer=-130892 driveMode=13750/25 iDrive=295384 scale=0 wheel=40000
run=1 step=4 angle=322383 target=321680 err=-703 steer=-352 m1=0/11816 i1=183 t1=30 m2=0/-15684 i2=-459 t2=29 steerMode=-1934/-1 iSteer=-137609 driveMode=13750/0 iDrive=321072 scale=0 wheel=40000
run=1 step=4 angle=322383 target=321680 err=-703 steer=-352 m1=0/11816 i1=205 t1=30 m2=0/-15684 i2=-488 t2=29 steerMode=-1934/-25 iSteer=-141976 driveMode=13750/25 iDrive=346505 scale=0 wheel=40000
run=1 step=4 angle=322471 target=321680 err=-791 steer=-396 m1=0/11575 i1=212 t1=30 m2=0/-15925 i2=-533 t2=29 steerMode=-2175/-9 iSteer=-160294 driveMode=13750/-9 iDrive=372240 scale=0 wheel=40000
run=1 step=4 angle=322383 target=321680 err=-703 steer=-352 m1=0/11816 i1=244 t1=30 m2=0/-15684 i2=-552 t2=29 steerMode=-1934/-3 iSteer=-153963 driveMode=13750/2 iDrive=397751 scale=0 wheel=40000
run=1 step=4 angle=322383 target=321680 err=-703 steer=-352 m1=0/11816 i1=264 t1=30 m2=0/-15684 i2=-583 t2=29 steerMode=-1934/1 iSteer=-159732 driveMode=13750/1 iDrive=423326 scale=0 wheel=40000
run=1 step=4 angle=322383 target=321680 err=-703 steer=-352 m1=0/11816 i1=284 t1=30 m2=0/-15684 i2=-613 t2=29 steerMode=-1934/-12 iSteer=-164558 driveMode=13750/12 iDrive=448832 scale=0 wheel=40000
run=1 step=4 angle=322383 target=321680 err=-703 steer=-352 m1=0/11816 i1=304 t1=30 m2=0/-15684 i2=-645 t2=29 steerMode=-1934/-1 iSteer=-170590 driveMode=13750/0 iDrive=474467 scale=0 wheel=40000
run=1 step=4 angle=322383 target=321680 err=-703 steer=-352 m1=0/11816 i1=324 t1=30 m2=0/-15684 i2=-676 t2=29 steerMode=-1934/-2 iSteer=-175958 driveMode=13750/2 iDrive=500011 scale=0 wheel=40000
run=1 step=4 angle=322383 target=321680 err=-703 steer=-352 m1=0/11816 i1=345 t1=30 m2=0/-15684 i2=-705 t2=29 steerMode=-1934/-30 iSteer=-180043 driveMode=13750/30 iDrive=525445 scale=0 wheel=40000
run=1 step=4 angle=322383 target=321680 err=-703 steer=-352 m1=-3/11816 i1=364 t1=30 m2=0/-15684 i2=-738 t2=29 steerMode=-1934/0 iSteer=-187075 driveMode=13750/0 iDrive=551153 scale=0 wheel=40000
run=1 step=4 angle=322383 target=321680 err=-703 steer=-352 m1=0/11816 i1=386 t1=30 m2=-3/-15684 i2=-768 t2=29 steerMode=-1934/-33 iSteer=-190905 driveMode=13750/31 iDrive=576596 scale=0 wheel=40000
run=1 step=4 angle=322383 target=321680 err=-703 steer=-352 m1=-5/11816 i1=405 t1=30 m2=0/-15684 i2=-800 t2=29 steerMode=-1934/-5 iSteer=-197736 driveMode=13750/-4 iDrive=602334 scale=0 wheel=40000
run=1 step=4 angle=322471 target=321680 err=-791 steer=-396 m1=0/11575 i1=412 t1=30 m2=0/-15925 i2=-843 t2=29 steerMode=-2175/-2 iSteer=-215394 driveMode=13750/1 iDrive=627885 scale=0 wheel=40000
run=1 step=4 angle=322383 target=321680 err=-703 steer=-352 m1=0/11816 i1=445 t1=30 m2=0/-15684 i2=-862 t2=29 steerMode=-1934/-9 iSteer=-208433 driveMode=13750/-9 iDrive=653513 scale=0 wheel=40000
run=1 step=4 angle=322383 target=321680 err=-703 steer=-352 m1=0/11816 i1=465 t1=30 m2=0/-15684 i2=-893 t2=29 steerMode=-1934/0 iSteer=-214306 driveMode=13750/0 iDrive=679049 scale=0 wheel=40000
run=1 step=4 angle=322383 target=321680 err=-703 steer=-352 m1=0/11816 i1=485 t1=30 m2=0/-15684 i2=-924 t2=29 steerMode=-1934/-1 iSteer=-219723 driveMode=13750/1 iDrive=704601 scale=0 wheel=40000
run=1 step=4 angle=322383 target=321680 err=-703 steer=-352 m1=0/11816 i1=505 t1=30 m2=0/-15684 i2=-956 t2=29 steerMode=-1934/0 iSteer=-225327 driveMode=13750/0 iDrive=730182 scale=0 wheel=40000
run=1 step=4 angle=322383 target=321680 err=-703 steer=-352 m1=0/11816 i1=527 t1=30 m2=0/-15684 i2=-984 t2=29 steerMode=-1934/-37 iSteer=-228919 driveMode=13750/35 iDrive=755560 scale=0 wheel=40000
run=1 step=4 angle=322207 target=321680 err=-527 steer=-264 m1=2/12300 i1=766 t1=30 m2=-291/-15200 i2=-749 t2=29 steerMode=-1450/-4367 iSteer=8538 driveMode=13750/4433 iDrive=757662 scale=0 wheel=40000
run=1 step=4 angle=319570 target=321680 err=2109 steer=1055 m1=707/19551 i1=763 t1=30 m2=-446/-7949 i2=-557 t2=29 steerMode=5801/1523 iSteer=102947 driveMode=13750/24158 iDrive=660183 scale=0 wheel=40000
run=1 step=4 angle=321592 target=321680 err=88 steer=0 m1=924/13750 i1=385 t1=30 m2=-1022/-13750 i2=-622 t2=29 steerMode=0/1 iSteer=-118318 driveMode=13750/47046 iDrive=503808 scale=0 wheel=40000
run=1 step=4 angle=321328 target=321680 err=352 steer=0 m1=1178/13750 i1=314 t1=30 m2=-1262/-13750 i2=-400 t2=29 steerMode=0/-1403 iSteer=-43371 driveMode=13750/61074 iDrive=357097 scale=0 wheel=40000
run=1 step=4 angle=320889 target=321680 err=791 steer=396 m1=1347/15925 i1=202 t1=30 m2=-1292/-11575 i2=-237 t2=29 steerMode=2175/383 iSteer=-17495 driveMode=13750/69228 iDrive=219639 scale=0 wheel=40000
run=1 step=4 angle=320801 target=321680 err=879 steer=439 m1=1328/16167 i1=81 t1=30 m2=-1298/-11333 i2=-140 t2=29 steerMode=2417/964 iSteer=-29522 driveMode=13750/70081 iDrive=110111 scale=0 wheel=40000
run=1 step=4 angle=321240 target=321680 err=439 steer=0 m1=1182/13750 i1=-65 t1=30 m2=-1216/-13750 i2=-139 t2=29 steerMode=0/45 iSteer=-102178 driveMode=13750/64660 iDrive=36903 scale=0 wheel=40000
run=1 step=4 angle=320801 target=321680 err=879 steer=439 m1=1019/16167 i1=8 t1=30 m2=-997/-11333 i2=8 t2=29 steerMode=2417/382 iSteer=8131 driveMode=13750/54756 iDrive=338 scale=0 wheel=40000
run=1 step=4 angle=321064 target=321680 err=615 steer=308 m1=788/15442 i1=-60 t1=30 m2=-773/-12058 i2=-54 t2=29 steerMode=1692/1011 iSteer=-57034 driveMode=13750/42449 iDrive=-3262 scale=0 wheel=40000
run=1 step=4 angle=321240 target=321680 err=439 steer=214 m1=527/14925 i1=-35 t1=30 m2=-496/-12575 i2=-72 t2=29 steerMode=1175/499 iSteer=-53406 driveMode=13750/29752 iDrive=18775 scale=0 wheel=40000
run=1 step=4 angle=321328 target=321680 err=352 steer=0 m1=309/13750 i1=40 t1=30 m2=-325/-13750 i2=-64 t2=29 steerMode=0/-1480 iSteer=-12158 driveMode=13750/19308 iDrive=51718 scale=0 wheel=40000
run=1 step=4 angle=321152 target=321680 err=527 steer=264 m1=175/15200 i1=145 t1=30 m2=-227/-12300 i2=-27 t2=29 steerMode=1450/-1368 iSteer=59040 driveMode=13750/11968 iDrive=85907 scale=0 wheel=40000
run=1 step=4 angle=321064 target=321680 err=615 steer=308 m1=104/15442 i1=78 t1=30 m2=-137/-12058 i2=-169 t2=29 steerMode=1692/1060 iSteer=-45547 driveMode=13750/6318 iDrive=123535 scale=0 wheel=40000
run=1 step=4 angle=321064 target=321680 err=615 steer=308 m1=23/15442 i1=190 t1=30 m2=-21/-12058 i2=-132 t2=29 steerMode=1692/-352 iSteer=29183 driveMode=13750/2127 iDrive=160792 scale=0 wheel=40000
run=1 step=4 angle=321240 target=321680 err=439 steer=0 m1=-78/13750 i1=156 t1=30 m2=0/-13750 i2=-238 t2=29 steerMode=0/-631 iSteer=-40781 driveMode=13750/-533 iDrive=197145 scale=0 wheel=40000
run=1 step=4 angle=321240 target=321680 err=439 steer=0 m1=0/13750 i1=150 t1=30 m2=0/-13750 i2=-292 t2=29 steerMode=0/-15 iSteer=-70984 driveMode=13750/-14 iDrive=220776 scale=0 wheel=40000
run=1 step=4 angle=321240 target=321680 err=439 steer=0 m1=0/13750 i1=175 t1=30 m2=0/-13750 i2=-318 t2=29 steerMode=0/-1 iSteer=-71654 driveMode=13750/1 iDrive=246555 scale=0 wheel=40000
run=1 step=4 angle=321240 target=321680 err=439 steer=0 m1=0/13750 i1=201 t1=30 m2=0/-13750 i2=-344 t2=29 steerMode=0/-1 iSteer=-71625 driveMode=13750/1 iDrive=272388 scale=0 wheel=40000
run=1 step=4 angle=321240 target=321680 err=439 steer=0 m1=0/13750 i1=227 t1=30 m2=0/-13750 i2=-369 t2=29 steerMode=0/-16 iSteer=-70860 driveMode=13750/16 iDrive=298153 scale=0 wheel=40000
run=1 step=4 angle=321240 target=321680 err=439 steer=0 m1=0/13750 i1=253 t1=30 m2=0/-13750 i2=-395 t2=29 steerMode=0/-20 iSteer=-70634 driveMode=13750/20 iDrive=323966 scale=0 wheel=40000
run=1 step=4 angle=321240 target=321680 err=439 steer=0 m1=0/13750 i1=278 t1=30 m2=0/-13750 i2=-422 t2=29 steerMode=0/0 iSteer=-71612 driveMode=13750/0 iDrive=349910 scale=0 wheel=40000
run=1 step=4 angle=321240 target=321680 err=439 steer=0 m1=2/13750 i1=304 t1=30 m2=0/-13750 i2=-448 t2=29 steerMode=0/7 iSteer=-71985 driveMode=13750/7 iDrive=375724 scale=0 wheel=40000
run=1 step=4 angle=321240 target=321680 err=439 steer=0 m1=0/13750 i1=331 t1=30 m2=-5/-13750 i2=-472 t2=29 steerMode=0/-22 iSteer=-70502 driveMode=13750/22 iDrive=401445 scale=0 wheel=40000
run=1 step=4 angle=320801 target=321680 err=879 steer=439 m1=0/16167 i1=655 t1=30 m2=-130/-11333 i2=-154 t2=29 steerMode=2417/-3899 iSteer=250396 driveMode=13750/3998 iDrive=404346 scale=0 wheel=40000
run=1 step=4 angle=319746 target=321680 err=1934 steer=967 m1=0/19067 i1=712 t1=30 m2=-36/-8433 i2=-167 t2=29 steerMode=5317/-1041 iSteer=272824 driveMode=13750/1043 iDrive=439410 scale=0 wheel=40000
run=1 step=4 angle=319482 target=321680 err=2197 steer=1099 m1=0/19792 i1=746 t1=30 m2=0/-7708 i2=-192 t2=29 steerMode=6042/-41 iSteer=277217 driveMode=13750/41 iDrive=469094 scale=0 wheel=40000
run=1 step=4 angle=319482 target=321680 err=2197 steer=1099 m1=0/19792 i1=787 t1=30 m2=0/-7708 i2=-203 t2=29 steerMode=6042/1 iSteer=291990 driveMode=13750/2 iDrive=494847 scale=0 wheel=40000
run=1 step=4 angle=319482 target=321680 err=2197 steer=1099 m1=2/19792 i1=830 t1=30 m2=-3/-7708 i2=-211 t2=29 steerMode=6042/-9 iSteer=309506 driveMode=13750/19 iDrive=520606 scale=0 wheel=40000
run=1 step=4 angle=319482 target=321680 err=2197 steer=1099 m1=0/19792 i1=872 t1=30 m2=0/-7708 i2=-220 t2=29 steerMode=6042/4 iSteer=325750 driveMode=13750/7 iDrive=546189 scale=0 wheel=40000
run=1 step=4 angle=320449 target=321680 err=1230 steer=615 m1=366/17134 i1=386 t1=30 m2=-99/-10366 i2=-663 t2=29 steerMode=3384/6810 iSteer=-138279 driveMode=13750/8603 iDrive=524315 scale=0 wheel=40000
run=1 step=4 angle=321768 target=321680 err=-88 steer=0 m1=535/13750 i1=441 t1=30 m2=-589/-13750 i2=-414 t2=29 steerMode=0/203 iSteer=13509 driveMode=13750/26343 iDrive=427588 scale=0 wheel=40000
run=1 step=4 angle=322119 target=321680 err=-439 steer=0 m1=786/13750 i1=310 t1=30 m2=-714/-13750 i2=-355 t2=29 steerMode=0/904 iSteer=-22446 driveMode=13750/38289 iDrive=332114 scale=0 wheel=40000
run=1 step=4 angle=322295 target=321680 err=-615 steer=-308 m1=834/12058 i1=172 t1=30 m2=-815/-15442 i2=-328 t2=29 steerMode=-1692/222 iSteer=-77733 driveMode=13750/44245 iDrive=249933 scale=0 wheel=40000
run=1 step=4 angle=322471 target=321680 err=-791 steer=-396 m1=828/11575 i1=134 t1=30 m2=-800/-15925 i2=-250 t2=29 steerMode=-2175/-763 iSteer=-57876 driveMode=13750/44394 iDrive=191943 scale=0 wheel=40000
run=1 step=4 angle=322471 target=321680 err=-791 steer=-396 m1=747/11575 i1=70 t1=30 m2=-800/-15925 i2=-243 t2=29 steerMode=-2175/-294 iSteer=-86351 driveMode=13750/40784 iDrive=156371 scale=0 wheel=40000
run=1 step=4 angle=322207 target=321680 err=-527 steer=-264 m1=692/12300 i1=137 t1=30 m2=-695/-15200 i2=-107 t2=29 steerMode=-1450/-1634 iSteer=15045 driveMode=13750/38133 iDrive=121686 scale=0 wheel=40000
run=1 step=4 angle=321943 target=321680 err=-264 steer=0 m1=667/13750 i1=67 t1=30 m2=-614/-13750 i2=-121 t2=29 steerMode=0/671 iSteer=-27191 driveMode=13750/35141 iDrive=94224 scale=0 wheel=40000
run=1 step=4 angle=321855 target=321680 err=-176 steer=0 m1=558/13750 i1=78 t1=30 m2=-574/-13750 i2=-80 t2=29 steerMode=0/123 iSteer=-1086 driveMode=13750/30989 iDrive=78856 scale=0 wheel=40000
run=1 step=4 angle=321680 target=321680 err=0 steer=0 m1=470/13750 i1=65 t1=30 m2=-513/-13750 i2=-88 t2=29 steerMode=0/317 iSteer=-11423 driveMode=13750/25916 iDrive=76781 scale=0 wheel=40000
run=1 step=4 angle=321768 target=321680 err=-88 steer=0 m1=366/13750 i1=80 t1=30 m2=-296/-13750 i2=-93 t2=29 steerMode=0/214 iSteer=-6354 driveMode=13750/20469 iDrive=86237 scale=0 wheel=40000
run=1 step=4 angle=322031 target=321680 err=-352 steer=0 m1=261/13750 i1=98 t1=30 m2=-245/-13750 i2=-105 t2=29 steerMode=0/135 iSteer=-3684 driveMode=13750/15903 iDrive=101197 scale=0 wheel=40000
run=1 step=4 angle=322207 target=321680 err=-527 steer=-150 m1=215/12925 i1=35 t1=30 m2=-157/-14575 i2=-211 t2=29 steerMode=-825/968 iSteer=-87884 driveMode=13750/11580 iDrive=122908 scale=0 wheel=40000
run=1 step=4 angle=322295 target=321680 err=-615 steer=-308 m1=129/12058 i1=128 t1=30 m2=-166/-15442 i2=-159 t2=29 steerMode=-1692/-1424 iSteer=-15691 driveMode=13750/8853 iDrive=143337 scale=0 wheel=40000
run=1 step=4 angle=322207 target=321680 err=-527 steer=-264 m1=66/12300 i1=130 t1=30 m2=-90/-15200 i2=-209 t2=29 steerMode=-1450/-753 iSteer=-39558 driveMode=13750/6033 iDrive=169236 scale=0 wheel=40000
run=1 step=4 angle=322031 target=321680 err=-352 steer=0 m1=177/13750 i1=164 t1=30 m2=-74/-13750 i2=-201 t2=29 steerMode=0/279 iSteer=-18332 driveMode=13750/6209 iDrive=182591 scale=0 wheel=40000
run=1 step=4 angle=322295 target=321680 err=-615 steer=-308 m1=125/12058 i1=31 t1=30 m2=-67/-15442 i2=-373 t2=29 steerMode=-1692/1552 iSteer=-170946 driveMode=13750/5233 iDrive=202444 scale=0 wheel=40000
run=1 step=4 angle=322207 target=321680 err=-527 steer=-264 m1=121/12300 i1=241 t1=30 m2=-168/-15200 i2=-187 t2=29 steerMode=-1450/-2208 iSteer=26542 driveMode=13750/6043 iDrive=213993 scale=0 wheel=40000
run=1 step=4 angle=322119 target=321680 err=-439 steer=0 m1=200/13750 i1=111 t1=30 m2=-40/-13750 i2=-342 t2=29 steerMode=0/2077 iSteer=-115241 driveMode=13750/6260 iDrive=226351 scale=0 wheel=40000
run=1 step=4 angle=322295 target=321680 err=-615 steer=-308 m1=106/12058 i1=158 t1=30 m2=-126/-15442 i2=-319 t2=29 steerMode=-1692/-442 iSteer=-80657 driveMode=13750/6655 iDrive=238255 scale=0 wheel=40000
run=1 step=4 angle=321943 target=321680 err=-264 steer=0 m1=223/13750 i1=249 t1=30 m2=-160/-13750 i2=-218 t2=29 steerMode=0/-638 iSteer=15422 driveMode=13750/9747 iDrive=233535 scale=0 wheel=40000
run=1 step=4 angle=321855 target=321680 err=-176 steer=0 m1=230/13750 i1=190 t1=30 m2=-277/-13750 i2=-265 t2=29 steerMode=0/387 iSteer=-37403 driveMode=13750/12021 iDrive=227513 scale=0 wheel=40000
run=1 step=4 angle=321943 target=321680 err=-264 steer=0 m1=276/13750 i1=152 t1=30 m2=-162/-13750 i2=-297 t2=29 steerMode=0/1083 iSteer=-72810 driveMode=13750/12850 iDrive=224673 scale=0 wheel=40000
run=1 step=4 angle=322295 target=321680 err=-615 steer=-308 m1=196/12058 i1=172 t1=30 m2=-291/-15442 i2=-283 t2=29 steerMode=-1692/-1063 iSteer=-55512 driveMode=13750/12777 iDrive=227037 scale=0 wheel=40000
run=1 step=4 angle=322119 target=321680 err=-439 steer=0 m1=240/13750 i1=231 t1=30 m2=-222/-13750 i2=-227 t2=29 steerMode=0/-539 iSteer=1918 driveMode=13750/12889 iDrive=228588 scale=0 wheel=40000
run=1 step=4 angle=322119 target=321680 err=-439 steer=0 m1=309/13750 i1=146 t1=30 m2=-210/-13750 i2=-309 t2=29 steerMode=0/1100 iSteer=-81620 driveMode=13750/13310 iDrive=227617 scale=0 wheel=40000
run=1 step=4 angle=322119 target=321680 err=-439 steer=0 m1=278/13750 i1=210 t1=30 m2=-352/-13750 i2=-229 t2=29 steerMode=0/-365 iSteer=-9258 driveMode=13750/14834 iDrive=219656 scale=0 wheel=40000
run=1 step=4 angle=322031 target=321680 err=-352 steer=0 m1=305/13750 i1=186 t1=30 m2=-312/-13750 i2=-227 t2=29 steerMode=0/-127 iSteer=-20475 driveMode=13750/16608 iDrive=206698 scale=0 wheel=40000
run=1 step=4 angle=322207 target=321680 err=-527 steer=-264 m1=269/12300 i1=85 t1=30 m2=-264/-15200 i2=-328 t2=29 steerMode=-1450/407 iSteer=-121841 driveMode=13750/15710 iDrive=206429 scale=0 wheel=40000
run=1 step=4 angle=322119 target=321680 err=-439 steer=0 m1=236/13750 i1=229 t1=30 m2=-283/-13750 i2=-197 t2=29 steerMode=0/-926 iSteer=15960 driveMode=13750/14024 iDrive=212873 scale=0 wheel=40000
run=1 step=4 angle=322207 target=321680 err=-527 steer=-264 m1=249/12300 i1=125 t1=30 m2=-273/-15200 i2=-309 t2=29 steerMode=-1450/-259 iSteer=-91967 driveMode=13750/13362 iDrive=216899 scale=0 wheel=40000
run=1 step=4 angle=322119 target=321680 err=-439 steer=0 m1=242/13750 i1=209 t1=30 m2=-298/-13750 i2=-218 t2=29 steerMode=0/-529 iSteer=-4489 driveMode=13750/14085 iDrive=213621 scale=0 wheel=40000
run=1 step=4 angle=321943 target=321680 err=-264 steer=0 m1=322/13750 i1=171 t1=30 m2=-296/-13750 i2=-237 t2=29 steerMode=0/56 iSteer=-33317 driveMode=13750/15601 iDrive=204074 scale=0 wheel=40000
run=1 step=4 angle=321943 target=321680 err=-264 steer=0 m1=290/13750 i1=173 t1=30 m2=-291/-13750 i2=-216 t2=29 steerMode=0/-168 iSteer=-21293 driveMode=13750/16574 iDrive=194735 scale=0 wheel=40000
run=1 step=4 angle=321943 target=321680 err=-264 steer=0 m1=295/13750 i1=189 t1=30 m2=-375/-13750 i2=-185 t2=29 steerMode=0/-614 iSteer=2026 driveMode=13750/17036 iDrive=186917 scale=0 wheel=40000
run=1 step=4 angle=321943 target=321680 err=-264 steer=0 m1=334/13750 i1=155 t1=30 m2=-331/-13750 i2=-199 t2=29 steerMode=0/-119 iSteer=-21536 driveMode=13750/17614 iDrive=176975 scale=0 wheel=40000
run=1 step=4 angle=321943 target=321680 err=-264 steer=0 m1=334/13750 i1=154 t1=30 m2=-363/-13750 i2=-181 t2=29 steerMode=0/-259 iSteer=-13557 driveMode=13750/17911 iDrive=167779 scale=0 wheel=40000
run=1 step=4 angle=321943 target=321680 err=-264 steer=0 m1=315/13750 i1=124 t1=30 m2=-316/-13750 i2=-202 t2=29 steerMode=0/250 iSteer=-38922 driveMode=13750/17345 iDrive=163009 scale=0 wheel=40000
run=1 step=4 angle=321855 target=321680 err=-176 steer=0 m1=290/13750 i1=122 t1=30 m2=-256/-13750 i2=-213 t2=29 steerMode=0/355 iSteer=-45191 driveMode=13750/15443 iDrive=167591 scale=0 wheel=40000
run=1 step=4 angle=321943 target=321680 err=-264 steer=0 m1=240/13750 i1=130 t1=30 m2=-245/-13750 i2=-220 t2=29 steerMode=0/328 iSteer=-44694 driveMode=13750/13666 iDrive=175161 scale=0 wheel=40000
run=1 step=4 angle=322031 target=321680 err=-352 steer=0 m1=259/13750 i1=144 t1=30 m2=-224/-13750 i2=-225 t2=29 steerMode=0/237 iSteer=-40455 driveMode=13750/12079 iDrive=184916 scale=0 wheel=40000
run=1 step=4 angle=322031 target=321680 err=-352 steer=0 m1=198/13750 i1=167 t1=30 m2=-193/-13750 i2=-207 t2=29 steerMode=0/-164 iSteer=-20204 driveMode=13750/12165 iDrive=186973 scale=0 wheel=40000
run=1 step=4 angle=322119 target=321680 err=-439 steer=0 m1=267/13750 i1=143 t1=30 m2=-237/-13750 i2=-236 t2=29 steerMode=0/352 iSteer=-46122 driveMode=13750/12169 iDrive=189568 scale=0 wheel=40000
run=1 step=4 angle=322207 target=321680 err=-527 steer=-264 m1=167/12300 i1=90 t1=30 m2=-176/-15200 i2=-310 t2=29 steerMode=-1450/118 iSteer=-110095 driveMode=13750/10796 iDrive=200223 scale=0 wheel=40000
run=1 step=4 angle=322207 target=321680 err=-527 steer=-264 m1=148/12300 i1=179 t1=30 m2=-296/-15200 i2=-235 t2=29 steerMode=-1450/-1539 iSteer=-28046 driveMode=13750/10667 iDrive=207293 scale=0 wheel=40000
run=1 step=4 angle=322119 target=321680 err=-439 steer=0 m1=207/13750 i1=150 t1=30 m2=-162/-13750 i2=-273 t2=29 steerMode=0/584 iSteer=-61498 driveMode=13750/10887 iDrive=211962 scale=0 wheel=40000
run=1 step=4 angle=322119 target=321680 err=-439 steer=0 m1=261/13750 i1=173 t1=30 m2=-291/-13750 i2=-233 t2=29 steerMode=0/-36 iSteer=-30182 driveMode=13750/13218 iDrive=203179 scale=0 wheel=40000
run=1 step=4 angle=322031 target=321680 err=-352 steer=0 m1=280/13750 i1=190 t1=30 m2=-352/-13750 i2=-187 t2=29 steerMode=0/-660 iSteer=1733 driveMode=13750/15832 iDrive=188640 scale=0 wheel=40000
run=1 step=4 angle=322031 target=321680 err=-352 steer=0 m1=324/13750 i1=131 t1=30 m2=-256/-13750 i2=-231 t2=29 steerMode=0/391 iSteer=-49950 driveMode=13750/16368 iDrive=180864 scale=0 wheel=40000
run=1 step=4 angle=322031 target=321680 err=-352 steer=0 m1=309/13750 i1=147 t1=30 m2=-291/-13750 i2=-201 t2=29 steerMode=0/-66 iSteer=-26848 driveMode=13750/16656 iDrive=173856 scale=0 wheel=40000
run=1 step=4 angle=322031 target=321680 err=-352 steer=0 m1=332/13750 i1=139 t1=30 m2=-258/-13750 i2=-198 t2=29 steerMode=0/-1 iSteer=-29546 driveMode=13750/16576 iDrive=168666 scale=0 wheel=40000
run=1 step=4 angle=322031 target=321680 err=-352 steer=0 m1=322/13750 i1=128 t1=30 m2=-268/-13750 i2=-210 t2=29 steerMode=0/219 iSteer=-41033 driveMode=13750/15579 iDrive=169107 scale=0 wheel=40000
run=1 step=4 angle=321855 target=321680 err=-176 steer=0 m1=330/13750 i1=125 t1=30 m2=-337/-13750 i2=-204 t2=29 steerMode=0/198 iSteer=-39744 driveMode=13750/15690 iDrive=164752 scale=0 wheel=40000
run=1 step=4 angle=321768 target=321680 err=-88 steer=0 m1=261/13750 i1=138 t1=30 m2=-273/-13750 i2=-193 t2=29 steerMode=0/-50 iSteer=-27533 driveMode=13750/14887 iDrive=165677 scale=0 wheel=40000
run=1 step=4 angle=321680 target=321680 err=0 steer=0 m1=284/13750 i1=148 t1=30 m2=-304/-13750 i2=-180 t2=29 steerMode=0/-277 iSteer=-15885 driveMode=13750/14811 iDrive=163801 scale=0 wheel=40000
run=1 step=4 angle=321680 target=321680 err=0 steer=0 m1=234/13750 i1=138 t1=30 m2=-216/-13750 i2=-202 t2=29 steerMode=0/49 iSteer=-32164 driveMode=13750/13367 iDrive=170099 scale=0 wheel=40000
run=1 step=4 angle=321680 target=321680 err=0 steer=0 m1=249/13750 i1=133 t1=30 m2=-218/-13750 i2=-211 t2=29 steerMode=0/179 iSteer=-39152 driveMode=13750/13150 iDrive=171853 scale=0 wheel=40000
run=1 step=4 angle=321680 target=321680 err=0 steer=0 m1=232/13750 i1=160 t1=30 m2=-256/-13750 i2=-192 t2=29 steerMode=0/-288 iSteer=-16025 driveMode=13750/12650 iDrive=176021 scale=0 wheel=40000
run=1 step=4 angle=321855 target=321680 err=-176 steer=0 m1=251/13750 i1=128 t1=30 m2=-170/-13750 i2=-239 t2=29 steerMode=0/500 iSteer=-55461 driveMode=13750/11735 iDrive=183140 scale=0 wheel=40000
run=1 step=4 angle=321855 target=321680 err=-176 steer=0 m1=177/13750 i1=140 t1=30 m2=-134/-13750 i2=-244 t2=29 steerMode=0/421 iSteer=-52159 driveMode=13750/10889 iDrive=192003 scale=0 wheel=40000
run=1 step=4 angle=322119 target=321680 err=-439 steer=0 m1=169/13750 i1=171 t1=30 m2=-151/-13750 i2=-242 t2=29 steerMode=0/57 iSteer=-35719 driveMode=13750/9545 iDrive=206424 scale=0 wheel=40000
run=1 step=4 angle=322207 target=321680 err=-527 steer=-264 m1=182/12300 i1=92 t1=30 m2=-195/-15200 i2=-330 t2=29 steerMode=-1450/259 iSteer=-118915 driveMode=13750/10072 iDrive=211156 scale=0 wheel=40000
run=1 step=4 angle=322119 target=321680 err=-439 steer=0 m1=255/13750 i1=177 t1=30 m2=-168/-13750 i2=-242 t2=29 steerMode=0/-19 iSteer=-32239 driveMode=13750/11496 iDrive=209595 scale=0 wheel=40000
run=1 step=4 angle=322207 target=321680 err=-527 steer=-264 m1=211/12300 i1=162 t1=30 m2=-241/-15200 i2=-265 t2=29 steerMode=-1450/-1152 iSteer=-51850 driveMode=13750/11672 iDrive=213429 scale=0 wheel=40000
run=1 step=4 angle=321855 target=321680 err=-176 steer=0 m1=286/13750 i1=195 t1=30 m2=-277/-13750 i2=-222 t2=29 steerMode=0/-410 iSteer=-13804 driveMode=13750/13173 iDrive=208514 scale=0 wheel=40000
run=1 step=4 angle=321768 target=321680 err=-88 steer=0 m1=272/13750 i1=134 t1=30 m2=-250/-13750 i2=-280 t2=29 steerMode=0/750 iSteer=-73169 driveMode=13750/13532 iDrive=206850 scale=0 wheel=40000
run=1 step=4 angle=321768 target=321680 err=-88 steer=0 m1=234/13750 i1=169 t1=30 m2=-256/-13750 i2=-257 t2=29 steerMode=0/142 iSteer=-44127 driveMode=13750/12531 iDrive=213023 scale=0 wheel=40000
run=1 step=4 angle=321943 target=321680 err=-264 steer=0 m1=213/13750 i1=170 t1=30 m2=-245/-13750 i2=-265 t2=29 steerMode=0/194 iSteer=-47446 driveMode=13750/12170 iDrive=217802 scale=0 wheel=40000
run=1 step=4 angle=322031 target=321680 err=-352 steer=0 m1=211/13750 i1=191 t1=30 m2=-187/-13750 i2=-249 t2=29 steerMode=0/-171 iSteer=-29042 driveMode=13750/12365 iDrive=219817 scale=0 wheel=40000
run=1 step=4 angle=321943 target=321680 err=-264 steer=0 m1=255/13750 i1=189 t1=30 m2=-239/-13750 i2=-250 t2=29 steerMode=0/-148 iSteer=-30478 driveMode=13750/13015 iDrive=219083 scale=0 wheel=40000
run=1 step=4 angle=321592 target=321680 err=88 steer=0 m1=290/13750 i1=213 t1=30 m2=-277/-13750 i2=-201 t2=29 steerMode=0/-834 iSteer=5860 driveMode=13750/15320 iDrive=206658 scale=0 wheel=40000
run=1 step=4 angle=321416 target=321680 err=264 steer=0 m1=297/13750 i1=163 t1=30 m2=-298/-13750 i2=-239 t2=29 steerMode=0/55 iSteer=-37814 driveMode=13750/15708 iDrive=201157 scale=0 wheel=40000
run=1 step=4 angle=321328 target=321680 err=352 steer=0 m1=282/13750 i1=175 t1=30 m2=-277/-13750 i2=-225 t2=29 steerMode=0/-188 iSteer=-25149 driveMode=13750/15276 iDrive=200102 scale=0 wheel=40000
run=1 step=4 angle=321416 target=321680 err=264 steer=0 m1=284/13750 i1=166 t1=30 m2=-229/-13750 i2=-244 t2=29 steerMode=0/92 iSteer=-38871 driveMode=13750/14042 iDrive=204728 scale=0 wheel=40000
run=1 step=4 angle=321416 target=321680 err=264 steer=0 m1=246/13750 i1=180 t1=30 m2=-212/-13750 i2=-240 t2=29 steerMode=0/-80 iSteer=-30070 driveMode=13750/13013 iDrive=210190 scale=0 wheel=40000
run=1 step=4 angle=321328 target=321680 err=352 steer=0 m1=257/13750 i1=183 t1=30 m2=-206/-13750 i2=-238 t2=29 steerMode=0/-109 iSteer=-27720 driveMode=13750/13134 iDrive=210687 scale=0 wheel=40000
run=1 step=4 angle=321328 target=321680 err=352 steer=0 m1=244/13750 i1=165 t1=30 m2=-252/-13750 i2=-266 t2=29 steerMode=0/337 iSteer=-50248 driveMode=13750/12492 iDrive=215492 scale=0 wheel=40000
run=1 step=4 angle=321416 target=321680 err=264 steer=0 m1=263/13750 i1=181 t1=30 m2=-220/-13750 i2=-260 t2=29 steerMode=0/119 iSteer=-39628 driveMode=13750/12021 iDrive=220274 scale=0 wheel=40000
run=1 step=4 angle=321504 target=321680 err=176 steer=0 m1=211/13750 i1=187 t1=30 m2=-195/-13750 i2=-259 t2=29 steerMode=0/54 iSteer=-36026 driveMode=13750/11898 iDrive=223353 scale=0 wheel=40000
run=1 step=4 angle=321504 target=321680 err=176 steer=0 m1=282/13750 i1=185 t1=30 m2=-277/-13750 i2=-255 t2=29 steerMode=0/42 iSteer=-35001 driveMode=13750/13079 iDrive=219818 scale=0 wheel=40000
run=1 step=4 angle=321592 target=321680 err=88 steer=0 m1=290/13750 i1=194 t1=30 m2=-210/-13750 i2=-245 t2=29 steerMode=0/-153 iSteer=-25510 driveMode=13750/13553 iDrive=219053 scale=0 wheel=40000
run=1 step=4 angle=321504 target=321680 err=176 steer=0 m1=265/13750 i1=196 t1=30 m2=-316/-13750 i2=-224 t2=29 steerMode=0/-361 iSteer=-14239 driveMode=13750/15101 iDrive=209810 scale=0 wheel=40000
run=1 step=4 angle=321680 target=321680 err=0 steer=0 m1=282/13750 i1=156 t1=30 m2=-308/-13750 i2=-255 t2=29 steerMode=0/332 iSteer=-49186 driveMode=13750/15328 iDrive=205669 scale=0 wheel=40000
run=1 step=4 angle=321943 target=321680 err=-264 steer=0 m1=288/13750 i1=142 t1=30 m2=-258/-13750 i2=-277 t2=29 steerMode=0/676 iSteer=-67315 driveMode=13750/14204 iDrive=209337 scale=0 wheel=40000
run=1 step=4 angle=322119 target=321680 err=-439 steer=0 m1=249/13750 i1=138 t1=30 m2=-275/-13750 i2=-300 t2=29 steerMode=0/918 iSteer=-81148 driveMode=13750/12553 iDrive=218809 scale=0 wheel=40000
run=1 step=4 angle=322295 target=321680 err=-615 steer=-308 m1=171/12058 i1=158 t1=30 m2=-208/-15442 i2=-300 t2=29 steerMode=-1692/-1072 iSteer=-71050 driveMode=13750/11202 iDrive=229048 scale=0 wheel=40000
run=1 step=4 angle=322031 target=321680 err=-352 steer=0 m1=244/13750 i1=233 t1=30 m2=-302/-13750 i2=-222 t2=29 steerMode=0/-908 iSteer=5675 driveMode=13750/12411 iDrive=227415 scale=0 wheel=40000
run=1 step=4 angle=321943 target=321680 err=-264 steer=0 m1=244/13750 i1=163 t1=30 m2=-206/-13750 i2=-279 t2=29 steerMode=0/379 iSteer=-57967 driveMode=13750/13915 iDrive=220752 scale=0 wheel=40000
run=1 step=4 angle=322207 target=321680 err=-527 steer=-264 m1=257/12300 i1=70 t1=30 m2=-220/-15200 i2=-384 t2=29 steerMode=-1450/855 iSteer=-156607 driveMode=13750/12813 iDrive=227069 scale=0 wheel=40000
run=1 step=4 angle=322119 target=321680 err=-439 steer=0 m1=265/13750 i1=220 t1=30 m2=-216/-13750 i2=-241 t2=29 steerMode=0/-646 iSteer=-10643 driveMode=13750/12529 iDrive=230210 scale=0 wheel=40000
run=1 step=4 angle=322207 target=321680 err=-527 steer=-264 m1=234/12300 i1=148 t1=30 m2=-273/-15200 i2=-312 t2=29 steerMode=-1450/-723 iSteer=-82278 driveMode=13750/12938 iDrive=230034 scale=0 wheel=40000
run=1 step=4 angle=322031 target=321680 err=-352 steer=0 m1=282/13750 i1=198 t1=30 m2=-308/-13750 i2=-245 t2=29 steerMode=0/-406 iSteer=-23701 driveMode=13750/14597 iDrive=221497 scale=0 wheel=40000
STEP_OK: step=4 target=40 cmd=40000 measured=45484 angleErr=-352
STOP: staircase complete
