START: angle=322295 target=322295 wheelTarget=1200 step=0 count=5
run=1 step=0 angle=322383 target=322295 err=-88 steer=0 m1=0/6875 i1=41 t1=30 m2=0/-6875 i2=-41 t2=28 steerMode=0/0 iSteer=0 driveMode=6875/0 iDrive=41333 scale=0 wheel=20000
run=1 step=0 angle=322383 target=322295 err=-88 steer=0 m1=0/13406 i1=94 t1=30 m2=-3/-13406 i2=-93 t2=28 steerMode=0/-12 iSteer=646 driveMode=13406/12 iDrive=93297 scale=0 wheel=39000
run=1 step=0 angle=322295 target=322295 err=0 steer=0 m1=0/19869 i1=158 t1=30 m2=0/-19869 i2=-156 t2=28 steerMode=0/-10 iSteer=623 driveMode=19869/12 iDrive=156969 scale=0 wheel=57800
run=1 step=0 angle=322295 target=322295 err=0 steer=0 m1=20/26331 i1=221 t1=30 m2=-3/-26331 i2=-243 t2=28 steerMode=0/220 iSteer=-10926 driveMode=26331/242 iDrive=231590 scale=0 wheel=76600
run=1 step=0 angle=322295 target=322295 err=0 steer=0 m1=0/32794 i1=321 t1=30 m2=0/-32794 i2=-320 t2=28 steerMode=0/-19 iSteer=800 driveMode=32794/28 iDrive=320440 scale=0 wheel=95400
run=1 step=0 angle=322383 target=322295 err=-88 steer=0 m1=0/39256 i1=422 t1=30 m2=-3/-39256 i2=-419 t2=28 steerMode=0/-32 iSteer=1518 driveMode=39256/35 iDrive=420513 scale=0 wheel=114199
run=1 step=0 angle=322295 target=322295 err=0 steer=0 m1=0/45718 i1=536 t1=30 m2=-3/-45718 i2=-530 t2=28 steerMode=0/-61 iSteer=3074 driveMode=45718/61 iDrive=532611 scale=0 wheel=132999
run=1 step=0 angle=321768 target=322295 err=527 steer=50 m1=8/52456 i1=921 t1=30 m2=-214/-51906 i2=-326 t2=28 steerMode=275/-5538 iSteer=297528 driveMode=52181/5766 iDrive=623871 scale=0 wheel=151799
run=1 step=0 angle=321328 target=322295 err=967 steer=483 m1=721/61233 i1=511 t1=30 m2=-471/-55916 i2=-747 t2=28 steerMode=2659/5385 iSteer=-118327 driveMode=58575/26338 iDrive=628993 scale=0 wheel=170399
run=1 step=0 angle=322383 target=322295 err=-88 steer=0 m1=1071/64968 i1=597 t1=30 m2=-1076/-64968 i2=-545 t2=28 steerMode=0/-291 iSteer=26169 driveMode=64968/52424 iDrive=571242 scale=0 wheel=188998
run=1 step=0 angle=322295 target=322295 err=0 steer=0 m1=1512/71362 i1=473 t1=30 m2=-1478/-71362 i2=-530 t2=28 steerMode=0/783 iSteer=-28563 driveMode=71362/74285 iDrive=501775 scale=0 wheel=207598
run=1 step=0 angle=322383 target=322295 err=-88 steer=0 m1=1799/77756 i1=406 t1=30 m2=-1767/-77756 i2=-458 t2=28 steerMode=0/684 iSteer=-25999 driveMode=77756/91362 iDrive=431945 scale=0 wheel=226198
run=1 step=0 angle=322822 target=322295 err=-527 steer=-264 m1=1971/82699 i1=306 t1=30 m2=-1995/-85599 i2=-459 t2=28 steerMode=-1450/154 iSteer=-76543 driveMode=84149/101725 iDrive=382745 scale=0 wheel=244798
run=1 step=0 angle=322822 target=322295 err=-527 steer=-264 m1=2117/89024 i1=244 t1=30 m2=-2099/-91924 i2=-438 t2=28 steerMode=-1450/552 iSteer=-96631 driveMode=90474/109516 iDrive=341057 scale=0 wheel=263198
run=1 step=0 angle=322734 target=322295 err=-439 steer=0 m1=2193/96800 i1=345 t1=30 m2=-2202/-96800 i2=-273 t2=28 steerMode=0/-714 iSteer=35802 driveMode=96800/115228 iDrive=308939 scale=0 wheel=281599
run=1 step=0 angle=322910 target=322295 err=-615 steer=-308 m1=2320/101502 i1=173 t1=30 m2=-2315/-104886 i2=-383 t2=28 steerMode=-1692/370 iSteer=-104914 driveMode=103194/121039 iDrive=278187 scale=0 wheel=300200
run=1 step=0 angle=322559 target=322295 err=-264 steer=0 m1=2423/109519 i1=274 t1=30 m2=-2394/-109519 i2=-230 t2=28 steerMode=0/-477 iSteer=22030 driveMode=109519/126176 iDrive=252131 scale=0 wheel=318601
run=1 step=0 angle=322822 target=322295 err=-527 steer=-264 m1=2431/114463 i1=143 t1=30 m2=-2472/-117363 i2=-350 t2=28 steerMode=-1450/516 iSteer=-103706 driveMode=115913/128276 iDrive=246675 scale=0 wheel=337202
run=1 step=0 angle=322559 target=322295 err=-264 steer=0 m1=2460/122239 i1=251 t1=30 m2=-2447/-122239 i2=-255 t2=28 steerMode=0/-50 iSteer=-2056 driveMode=122239/129656 iDrive=253377 scale=0 wheel=355603
run=1 step=0 angle=322998 target=322295 err=-703 steer=-352 m1=2467/126699 i1=197 t1=30 m2=-2524/-130566 i2=-350 t2=28 steerMode=-1934/-603 iSteer=-76298 driveMode=128633/130404 iDrive=273247 scale=0 wheel=374204
run=1 step=0 angle=322647 target=322295 err=-352 steer=0 m1=2603/134958 i1=282 t1=30 m2=-2585/-134958 i2=-283 t2=28 steerMode=0/-176 iSteer=-188 driveMode=134958/134737 iDrive=282523 scale=0 wheel=392605
run=1 step=0 angle=322383 target=322295 err=-88 steer=0 m1=2676/141352 i1=232 t1=30 m2=-2639/-141352 i2=-346 t2=28 steerMode=0/923 iSteer=-56690 driveMode=141352/139998 iDrive=288949 scale=0 wheel=411206
run=1 step=0 angle=322734 target=322295 err=-439 steer=0 m1=2755/147746 i1=282 t1=30 m2=-2736/-147746 i2=-338 t2=28 steerMode=0/306 iSteer=-28014 driveMode=147746/143253 iDrive=310356 scale=0 wheel=429807
run=1 step=0 angle=322998 target=322295 err=-703 steer=-352 m1=2816/152207 i1=240 t1=30 m2=-2849/-156074 i2=-411 t2=28 steerMode=-1934/-524 iSteer=-85631 driveMode=154140/148490 iDrive=325734 scale=0 wheel=448408
run=1 step=0 angle=322295 target=322295 err=0 steer=0 m1=2998/160466 i1=338 t1=30 m2=-2976/-160466 i2=-318 t2=28 steerMode=0/-475 iSteer=9994 driveMode=160466/156328 iDrive=327514 scale=0 wheel=466809
run=1 step=0 angle=322471 target=322295 err=-176 steer=0 m1=3168/166860 i1=257 t1=30 m2=-3108/-166860 i2=-399 t2=28 steerMode=0/1126 iSteer=-71452 driveMode=166860/163843 iDrive=328020 scale=0 wheel=485410
run=1 step=0 angle=322471 target=322295 err=-176 steer=0 m1=3251/173254 i1=324 t1=30 m2=-3252/-173254 i2=-347 t2=28 steerMode=0/-106 iSteer=-11554 driveMode=173254/169952 iDrive=335687 scale=0 wheel=504011
run=1 step=0 angle=322910 target=322295 err=-615 steer=-308 m1=3377/177956 i1=236 t1=30 m2=-3388/-181340 i2=-449 t2=28 steerMode=-1692/57 iSteer=-106881 driveMode=179648/176216 iDrive=342400 scale=0 wheel=522612
run=1 step=0 angle=322471 target=322295 err=-176 steer=0 m1=3580/185973 i1=340 t1=30 m2=-3577/-185973 i2=-319 t2=28 steerMode=0/-561 iSteer=10323 driveMode=185973/185770 iDrive=329700 scale=0 wheel=541013
run=1 step=0 angle=322383 target=322295 err=-88 steer=0 m1=3714/192367 i1=277 t1=30 m2=-3663/-192367 i2=-370 t2=28 steerMode=0/548 iSteer=-46706 driveMode=192367/193147 iDrive=323473 scale=0 wheel=559614
run=1 step=0 angle=322734 target=322295 err=-439 steer=0 m1=3816/198761 i1=269 t1=30 m2=-3771/-198761 i2=-384 t2=28 steerMode=0/738 iSteer=-57503 driveMode=198761/198794 iDrive=326048 scale=0 wheel=578215
run=1 step=0 angle=322822 target=322295 err=-527 steer=-264 m1=3950/203705 i1=228 t1=30 m2=-3937/-206606 i2=-400 t2=28 steerMode=-1450/-155 iSteer=-86023 driveMode=205156/207219 iDrive=313762 scale=0 wheel=596816
run=1 step=0 angle=322471 target=322295 err=-176 steer=0 m1=4055/211481 i1=265 t1=30 m2=-4064/-211481 i2=-357 t2=28 steerMode=0/475 iSteer=-45616 driveMode=211481/213297 iDrive=311087 scale=0 wheel=615217
run=1 step=0 angle=322822 target=322295 err=-527 steer=-264 m1=4193/216425 i1=196 t1=30 m2=-4188/-219325 i2=-430 t2=28 steerMode=-1450/435 iSteer=-117212 driveMode=217875/218842 iDrive=312750 scale=0 wheel=633818
run=1 step=0 angle=322734 target=322295 err=-439 steer=0 m1=4329/224200 i1=289 t1=30 m2=-4309/-224200 i2=-320 t2=28 steerMode=0/-151 iSteer=-15542 driveMode=224200/226226 iDrive=304747 scale=0 wheel=652219
run=1 step=0 angle=322647 target=322295 err=-352 steer=0 m1=4446/230594 i1=265 t1=30 m2=-4410/-230594 i2=-350 t2=28 steerMode=0/360 iSteer=-42669 driveMode=230594/231551 iDrive=307173 scale=0 wheel=670820
run=1 step=0 angle=322734 target=322295 err=-439 steer=-114 m1=4513/236363 i1=324 t1=30 m2=-4600/-237614 i2=-284 t2=28 steerMode=-625/-1588 iSteer=20253 driveMode=236989/238291 iDrive=304000 scale=0 wheel=689421
run=1 step=0 angle=321943 target=322295 err=352 steer=0 m1=4685/243314 i1=230 t1=29 m2=-4636/-243314 i2=-377 t2=28 steerMode=0/956 iSteer=-73798 driveMode=243314/244201 iDrive=303397 scale=0 wheel=707822
run=1 step=0 angle=322295 target=322295 err=0 steer=0 m1=4777/249708 i1=271 t1=29 m2=-4755/-249708 i2=-344 t2=28 steerMode=0/193 iSteer=-36392 driveMode=249708/249685 iDrive=307232 scale=0 wheel=726423
run=1 step=0 angle=322383 target=322295 err=-88 steer=0 m1=4903/256102 i1=273 t1=29 m2=-4904/-256102 i2=-328 t2=28 steerMode=0/8 iSteer=-27297 driveMode=256102/257253 iDrive=300490 scale=0 wheel=745024
run=1 step=0 angle=322119 target=322295 err=176 steer=0 m1=5016/262496 i1=276 t1=29 m2=-5004/-262496 i2=-328 t2=28 steerMode=0/-21 iSteer=-25896 driveMode=262496/263030 iDrive=301909 scale=0 wheel=763625
run=1 step=0 angle=322031 target=322295 err=264 steer=0 m1=5152/268890 i1=280 t1=29 m2=-5163/-268890 i2=-320 t2=28 steerMode=0/-154 iSteer=-19918 driveMode=268890/269761 iDrive=299815 scale=0 wheel=782226
run=1 step=0 angle=322031 target=322295 err=264 steer=0 m1=5242/275284 i1=265 t1=29 m2=-5261/-275284 i2=-340 t2=28 steerMode=0/180 iSteer=-37221 driveMode=275284/275380 iDrive=302588 scale=0 wheel=800827
run=1 step=0 angle=322119 target=322295 err=176 steer=0 m1=5380/281678 i1=291 t1=29 m2=-5393/-281678 i2=-309 t2=28 steerMode=0/-381 iSteer=-9049 driveMode=281678/282178 iDrive=300257 scale=0 wheel=819428
run=1 step=0 angle=321680 target=322295 err=615 steer=308 m1=5516/289764 i1=345 t1=29 m2=-5469/-286381 i2=-257 t2=28 steerMode=1692/253 iSteer=43847 driveMode=288073/288214 iDrive=301014 scale=0 wheel=838029
run=1 step=0 angle=322295 target=322295 err=0 steer=0 m1=5608/294398 i1=274 t1=29 m2=-5648/-294398 i2=-328 t2=28 steerMode=0/-50 iSteer=-27262 driveMode=294398/294596 iDrive=300914 scale=0 wheel=856430
run=1 step=0 angle=321768 target=322295 err=527 steer=250 m1=5748/302167 i1=325 t1=29 m2=-5743/-299417 i2=-269 t2=28 steerMode=1375/234 iSteer=28156 driveMode=300792/301509 iDrive=296770 scale=0 wheel=875031
run=1 step=0 angle=322207 target=322295 err=88 steer=0 m1=5865/307117 i1=277 t1=29 m2=-5879/-307117 i2=-315 t2=28 steerMode=0/-219 iSteer=-19152 driveMode=307117/307831 iDrive=295795 scale=0 wheel=893432
run=1 step=0 angle=321680 target=322295 err=615 steer=250 m1=5986/314886 i1=330 t1=29 m2=-5969/-312136 i2=-256 t2=28 steerMode=1375/42 iSteer=36991 driveMode=313511/314370 iDrive=292988 scale=0 wheel=912033
run=1 step=0 angle=322119 target=322295 err=176 steer=0 m1=6110/319837 i1=260 t1=29 m2=-6130/-319837 i2=-331 t2=28 steerMode=0/97 iSteer=-35214 driveMode=319837/320121 iDrive=295414 scale=0 wheel=930434
run=1 step=0 angle=321855 target=322295 err=439 steer=0 m1=6229/326231 i1=230 t1=29 m2=-6220/-326231 i2=-359 t2=28 steerMode=0/694 iSteer=-64449 driveMode=326231/326443 iDrive=294679 scale=0 wheel=949035
run=1 step=0 angle=321943 target=322295 err=352 steer=0 m1=6378/332625 i1=266 t1=29 m2=-6350/-332625 i2=-318 t2=28 steerMode=0/-67 iSteer=-26193 driveMode=332625/333338 iDrive=291837 scale=0 wheel=967636
run=1 step=0 angle=321943 target=322295 err=352 steer=0 m1=6462/339019 i1=243 t1=29 m2=-6412/-339019 i2=-352 t2=28 steerMode=0/502 iSteer=-54746 driveMode=339019/338483 iDrive=297680 scale=0 wheel=986237
run=1 step=0 angle=321680 target=322295 err=615 steer=200 m1=6589/346513 i1=333 t1=29 m2=-6588/-344313 i2=-254 t2=28 steerMode=1100/-281 iSteer=39226 driveMode=345413/345850 iDrive=293419 scale=0 wheel=1004838
run=1 step=0 angle=322383 target=322295 err=-88 steer=0 m1=6706/351739 i1=256 t1=29 m2=-6701/-351739 i2=-338 t2=28 steerMode=0/212 iSteer=-40792 driveMode=351739/351425 iDrive=296863 scale=0 wheel=1023239
run=1 step=0 angle=321943 target=322295 err=352 steer=164 m1=6857/359031 i1=270 t1=29 m2=-6820/-357231 i2=-319 t2=28 steerMode=900/815 iSteer=-24317 driveMode=358131/358218 iDrive=294555 scale=0 wheel=1041835
run=1 step=0 angle=321943 target=322295 err=352 steer=0 m1=6937/364454 i1=268 t1=29 m2=-6952/-364454 i2=-326 t2=28 steerMode=0/-27 iSteer=-29023 driveMode=364454/364084 iDrive=297413 scale=0 wheel=1060231
run=1 step=0 angle=322031 target=322295 err=264 steer=0 m1=7087/370847 i1=214 t1=29 m2=-7036/-370847 i2=-381 t2=28 steerMode=0/1083 iSteer=-83652 driveMode=370847/370486 iDrive=297496 scale=0 wheel=1078827
run=1 step=0 angle=321855 target=322295 err=439 steer=0 m1=7209/377239 i1=262 t1=29 m2=-7178/-377239 i2=-329 t2=28 steerMode=0/72 iSteer=-33539 driveMode=377239/377395 iDrive=295125 scale=0 wheel=1097423
run=1 step=0 angle=322119 target=322295 err=176 steer=0 m1=7303/383632 i1=255 t1=29 m2=-7287/-383632 i2=-347 t2=28 steerMode=0/325 iSteer=-45975 driveMode=383632/382782 iDrive=301004 scale=0 wheel=1116019
run=1 step=0 angle=321943 target=322295 err=352 steer=114 m1=7432/390649 i1=278 t1=29 m2=-7419/-389399 i2=-323 t2=28 steerMode=625/496 iSteer=-22230 driveMode=390024/389418 iDrive=300317 scale=0 wheel=1134615
run=1 step=0 angle=322207 target=322295 err=88 steer=0 m1=7548/396348 i1=274 t1=29 m2=-7549/-396348 i2=-327 t2=28 steerMode=0/-74 iSteer=-26592 driveMode=396348/396039 iDrive=300104 scale=0 wheel=1153011
run=1 step=0 angle=321943 target=322295 err=352 steer=0 m1=7667/402740 i1=261 t1=29 m2=-7653/-402740 i2=-347 t2=28 steerMode=0/253 iSteer=-43053 driveMode=402740/401920 iDrive=303948 scale=0 wheel=1171607
run=1 step=0 angle=321680 target=322295 err=615 steer=308 m1=7788/410824 i1=338 t1=29 m2=-7743/-407440 i2=-271 t2=28 steerMode=1692/436 iSteer=33494 driveMode=409132/408371 iDrive=304492 scale=0 wheel=1190203
run=1 step=0 angle=322207 target=322295 err=88 steer=0 m1=7908/412500 i1=266 t1=29 m2=-7915/-412500 i2=-308 t2=28 steerMode=0/-211 iSteer=-20781 driveMode=412500/415288 iDrive=286781 scale=0 wheel=1200000
run=1 step=0 angle=322119 target=322295 err=176 steer=0 m1=7985/412500 i1=220 t1=29 m2=-7988/-412500 i2=-296 t2=28 steerMode=0/131 iSteer=-38044 driveMode=412500/419242 iDrive=258159 scale=0 wheel=1200000
run=1 step=0 angle=321943 target=322295 err=352 steer=0 m1=8054/412500 i1=148 t1=29 m2=-7973/-412500 i2=-309 t2=28 steerMode=0/1007 iSteer=-80224 driveMode=412500/421981 iDrive=228427 scale=0 wheel=1200000
run=1 step=0 angle=322031 target=322295 err=264 steer=0 m1=8048/412500 i1=173 t1=29 m2=-8049/-412500 i2=-231 t2=28 steerMode=0/-48 iSteer=-28835 driveMode=412500/423461 iDrive=201983 scale=0 wheel=1200000
run=1 step=0 angle=322207 target=322295 err=88 steer=0 m1=8044/412500 i1=152 t1=29 m2=-8061/-412500 i2=-213 t2=28 steerMode=0/-22 iSteer=-30437 driveMode=412500/423402 iDrive=182321 scale=0 wheel=1200000
run=1 step=0 angle=322119 target=322295 err=176 steer=0 m1=8018/412500 i1=88 t1=29 m2=-7961/-412500 i2=-261 t2=28 steerMode=0/1111 iSteer=-86498 driveMode=412500/421237 iDrive=174494 scale=0 wheel=1200000
run=1 step=0 angle=322119 target=322295 err=176 steer=0 m1=7970/412500 i1=119 t1=29 m2=-7955/-412500 i2=-214 t2=28 steerMode=0/312 iSteer=-47497 driveMode=412500/419883 iDrive=166026 scale=0 wheel=1200000
run=1 step=0 angle=321855 target=322295 err=439 steer=0 m1=7949/412500 i1=139 t1=29 m2=-7940/-412500 i2=-193 t2=28 steerMode=0/-116 iSteer=-26858 driveMode=412500/417730 iDrive=165975 scale=0 wheel=1200000
run=1 step=0 angle=322119 target=322295 err=176 steer=0 m1=7874/412500 i1=113 t1=29 m2=-7885/-412500 i2=-232 t2=28 steerMode=0/545 iSteer=-59836 driveMode=412500/414990 iDrive=172380 scale=0 wheel=1200000
run=1 step=0 angle=321855 target=322295 err=439 steer=0 m1=7864/412500 i1=108 t1=29 m2=-7821/-412500 i2=-243 t2=28 steerMode=0/717 iSteer=-67832 driveMode=412500/413661 iDrive=175393 scale=0 wheel=1200000
run=1 step=0 angle=322031 target=322295 err=264 steer=0 m1=7841/412500 i1=155 t1=29 m2=-7839/-412500 i2=-201 t2=28 steerMode=0/-198 iSteer=-22915 driveMode=412500/413009 iDrive=177669 scale=0 wheel=1200000
run=1 step=0 angle=322119 target=322295 err=176 steer=0 m1=7822/412500 i1=142 t1=29 m2=-7819/-412500 i2=-231 t2=28 steerMode=0/222 iSteer=-44537 driveMode=412500/411352 iDrive=186758 scale=0 wheel=1200000
run=1 step=0 angle=321943 target=322295 err=352 steer=0 m1=7830/412500 i1=108 t1=29 m2=-7768/-412500 i2=-273 t2=28 steerMode=0/1015 iSteer=-82497 driveMode=412500/410914 iDrive=190770 scale=0 wheel=1200000
run=1 step=0 angle=322031 target=322295 err=264 steer=0 m1=7792/412500 i1=168 t1=29 m2=-7802/-412500 i2=-225 t2=28 steerMode=0/-97 iSteer=-28727 driveMode=412500/410578 iDrive=196316 scale=0 wheel=1200000
run=1 step=0 angle=321943 target=322295 err=352 steer=0 m1=7792/412500 i1=160 t1=29 m2=-7804/-412500 i2=-241 t2=28 steerMode=0/137 iSteer=-40516 driveMode=412500/410518 iDrive=200781 scale=0 wheel=1200000
run=1 step=0 angle=321855 target=322295 err=439 steer=0 m1=7813/412500 i1=132 t1=29 m2=-7762/-412500 i2=-277 t2=28 steerMode=0/803 iSteer=-72703 driveMode=412500/410407 iDrive=204631 scale=0 wheel=1200000
run=1 step=0 angle=322119 target=322295 err=176 steer=0 m1=7809/412500 i1=167 t1=29 m2=-7806/-412500 i2=-240 t2=28 steerMode=0/57 iSteer=-36814 driveMode=412500/411297 iDrive=203325 scale=0 wheel=1200000
run=1 step=0 angle=322295 target=322295 err=0 steer=0 m1=7809/412500 i1=173 t1=29 m2=-7810/-412500 i2=-243 t2=28 steerMode=0/25 iSteer=-34983 driveMode=412500/411035 iDrive=207521 scale=0 wheel=1200000
run=1 step=0 angle=322031 target=322295 err=264 steer=0 m1=7843/412500 i1=134 t1=29 m2=-7779/-412500 i2=-280 t2=28 steerMode=0/806 iSteer=-73088 driveMode=412500/411577 iDrive=206627 scale=0 wheel=1200000
run=1 step=0 angle=321943 target=322295 err=352 steer=0 m1=7853/412500 i1=167 t1=29 m2=-7821/-412500 i2=-239 t2=28 steerMode=0/45 iSteer=-36056 driveMode=412500/412499 iDrive=202765 scale=0 wheel=1200000
run=1 step=0 angle=321855 target=322295 err=439 steer=14 m1=7874/412575 i1=156 t1=29 m2=-7844/-412425 i2=-245 t2=28 steerMode=75/311 iSteer=-44687 driveMode=412500/412964 iDrive=200591 scale=0 wheel=1200000
run=1 step=0 angle=321943 target=322295 err=352 steer=0 m1=7832/412500 i1=166 t1=29 m2=-7831/-412500 i2=-241 t2=28 steerMode=0/66 iSteer=-37535 driveMode=412500/412388 iDrive=203047 scale=0 wheel=1200000
run=1 step=0 angle=321855 target=322295 err=439 steer=158 m1=7859/413367 i1=177 t1=29 m2=-7793/-411633 i2=-225 t2=28 steerMode=867/684 iSteer=-24024 driveMode=412500/412632 iDrive=201463 scale=0 wheel=1200000
run=1 step=0 angle=322207 target=322295 err=88 steer=0 m1=7834/412500 i1=180 t1=29 m2=-7833/-412500 i2=-224 t2=28 steerMode=0/-260 iSteer=-22005 driveMode=412500/412547 iDrive=202330 scale=0 wheel=1200000
run=1 step=0 angle=322119 target=322295 err=176 steer=0 m1=7836/412500 i1=160 t1=29 m2=-7833/-412500 i2=-245 t2=28 steerMode=0/152 iSteer=-42635 driveMode=412500/412422 iDrive=202764 scale=0 wheel=1200000
run=1 step=0 angle=321943 target=322295 err=352 steer=0 m1=7868/412500 i1=119 t1=29 m2=-7821/-412500 i2=-283 t2=28 steerMode=0/955 iSteer=-82011 driveMode=412500/412740 iDrive=200608 scale=0 wheel=1200000
run=1 step=0 angle=322119 target=322295 err=176 steer=0 m1=7841/412500 i1=177 t1=29 m2=-7846/-412500 i2=-217 t2=28 steerMode=0/-305 iSteer=-20021 driveMode=412500/413382 iDrive=196800 scale=0 wheel=1200000
run=1 step=0 angle=322207 target=322295 err=88 steer=0 m1=7830/412500 i1=143 t1=29 m2=-7819/-412500 i2=-261 t2=28 steerMode=0/462 iSteer=-59028 driveMode=412500/412278 iDrive=201985 scale=0 wheel=1200000
run=1 step=0 angle=321855 target=322295 err=439 steer=164 m1=7859/413400 i1=178 t1=29 m2=-7812/-411600 i2=-225 t2=28 steerMode=900/676 iSteer=-23443 driveMode=412500/412381 iDrive=201326 scale=0 wheel=1200000
run=1 step=0 angle=322119 target=322295 err=176 steer=0 m1=7857/412500 i1=163 t1=29 m2=-7850/-412500 i2=-237 t2=28 steerMode=0/12 iSteer=-37227 driveMode=412500/412746 iDrive=199873 scale=0 wheel=1200000
run=1 step=0 angle=322031 target=322295 err=264 steer=0 m1=7836/412500 i1=164 t1=29 m2=-7848/-412500 i2=-233 t2=28 steerMode=0/-41 iSteer=-34521 driveMode=412500/412878 iDrive=198854 scale=0 wheel=1200000
run=1 step=0 angle=321943 target=322295 err=352 steer=0 m1=7855/412500 i1=128 t1=29 m2=-7814/-412500 i2=-270 t2=28 steerMode=0/712 iSteer=-71102 driveMode=412500/412667 iDrive=198955 scale=0 wheel=1200000
run=1 step=0 angle=322031 target=322295 err=264 steer=0 m1=7843/412500 i1=154 t1=29 m2=-7823/-412500 i2=-237 t2=28 steerMode=0/93 iSteer=-41093 driveMode=412500/413202 iDrive=195567 scale=0 wheel=1200000
run=1 step=0 angle=322207 target=322295 err=88 steer=0 m1=7832/412500 i1=154 t1=29 m2=-7831/-412500 i2=-244 t2=28 steerMode=0/174 iSteer=-45296 driveMode=412500/412477 iDrive=198963 scale=0 wheel=1200000
run=1 step=0 angle=321855 target=322295 err=439 steer=14 m1=7868/412575 i1=129 t1=29 m2=-7810/-412425 i2=-266 t2=28 steerMode=75/754 iSteer=-68789 driveMode=412500/412621 iDrive=197599 scale=0 wheel=1200000
run=1 step=0 angle=321943 target=322295 err=352 steer=14 m1=7866/412575 i1=151 t1=29 m2=-7837/-412425 i2=-239 t2=28 steerMode=75/245 iSteer=-44043 driveMode=412500/413015 iDrive=195190 scale=0 wheel=1200000
run=1 step=0 angle=322119 target=322295 err=176 steer=0 m1=7847/412500 i1=172 t1=29 m2=-7862/-412500 i2=-217 t2=28 steerMode=0/-282 iSteer=-22392 driveMode=412500/413098 iDrive=194360 scale=0 wheel=1200000
run=1 step=0 angle=322119 target=322295 err=176 steer=0 m1=7849/412500 i1=119 t1=29 m2=-7800/-412500 i2=-276 t2=28 steerMode=0/852 iSteer=-78516 driveMode=412500/412375 iDrive=197252 scale=0 wheel=1200000
run=1 step=0 angle=322031 target=322295 err=264 steer=0 m1=7843/412500 i1=158 t1=29 m2=-7848/-412500 i2=-229 t2=28 steerMode=0/-20 iSteer=-35395 driveMode=412500/412982 iDrive=193717 scale=0 wheel=1200000
run=1 step=0 angle=321943 target=322295 err=352 steer=0 m1=7880/412500 i1=150 t1=29 m2=-7844/-412500 i2=-236 t2=28 steerMode=0/141 iSteer=-43313 driveMode=412500/413089 iDrive=192852 scale=0 wheel=1200000
run=1 step=0 angle=322119 target=322295 err=176 steer=0 m1=7841/412500 i1=138 t1=29 m2=-7833/-412500 i2=-252 t2=28 steerMode=0/402 iSteer=-56979 driveMode=412500/412507 iDrive=195048 scale=0 wheel=1200000
run=1 step=0 angle=321855 target=322295 err=439 steer=64 m1=7851/412850 i1=137 t1=29 m2=-7806/-412150 i2=-252 t2=28 steerMode=350/788 iSteer=-57486 driveMode=412500/412606 iDrive=194081 scale=0 wheel=1200000
run=1 step=0 angle=321943 target=322295 err=352 steer=0 m1=7845/412500 i1=163 t1=29 m2=-7842/-412500 i2=-221 t2=28 steerMode=0/-153 iSteer=-29323 driveMode=412500/413007 iDrive=192115 scale=0 wheel=1200000
run=1 step=0 angle=322031 target=322295 err=264 steer=0 m1=7824/412500 i1=140 t1=29 m2=-7812/-412500 i2=-257 t2=28 steerMode=0/425 iSteer=-58695 driveMode=412500/411787 iDrive=198251 scale=0 wheel=1200000
run=1 step=0 angle=321855 target=322295 err=439 steer=14 m1=7834/412575 i1=147 t1=29 m2=-7804/-412425 i2=-248 t2=28 steerMode=75/346 iSteer=-50067 driveMode=412500/412034 iDrive=197525 scale=0 wheel=1200000
run=1 step=0 angle=322119 target=322295 err=176 steer=0 m1=7838/412500 i1=159 t1=29 m2=-7835/-412500 i2=-235 t2=28 steerMode=0/25 iSteer=-38345 driveMode=412500/412333 iDrive=197050 scale=0 wheel=1200000
run=1 step=0 angle=322031 target=322295 err=264 steer=0 m1=7826/412500 i1=161 t1=29 m2=-7854/-412500 i2=-236 t2=28 steerMode=0/-5 iSteer=-37331 driveMode=412500/412261 iDrive=198199 scale=0 wheel=1200000
run=1 step=0 angle=321943 target=322295 err=352 steer=64 m1=7849/412850 i1=132 t1=29 m2=-7808/-412150 i2=-262 t2=28 steerMode=350/928 iSteer=-64839 driveMode=412500/412487 iDrive=196896 scale=0 wheel=1200000
run=1 step=0 angle=321943 target=322295 err=352 steer=0 m1=7841/412500 i1=154 t1=29 m2=-7831/-412500 i2=-232 t2=28 steerMode=0/32 iSteer=-39257 driveMode=412500/413183 iDrive=192964 scale=0 wheel=1200000
run=1 step=0 angle=322119 target=322295 err=176 steer=0 m1=7855/412500 i1=151 t1=29 m2=-7848/-412500 i2=-238 t2=28 steerMode=0/119 iSteer=-43472 driveMode=412500/412773 iDrive=194697 scale=0 wheel=1200000
run=1 step=0 angle=322031 target=322295 err=264 steer=0 m1=7855/412500 i1=92 t1=29 m2=-7804/-412500 i2=-299 t2=28 steerMode=0/1353 iSteer=-103669 driveMode=412500/412455 iDrive=195414 scale=0 wheel=1200000
run=1 step=0 angle=321855 target=322295 err=439 steer=0 m1=7845/412500 i1=160 t1=29 m2=-7831/-412500 i2=-228 t2=28 steerMode=0/-62 iSteer=-33980 driveMode=412500/412780 iDrive=193643 scale=0 wheel=1200000
run=1 step=0 angle=322119 target=322295 err=176 steer=0 m1=7832/412500 i1=168 t1=29 m2=-7842/-412500 i2=-219 t2=28 steerMode=0/-224 iSteer=-25548 driveMode=412500/412754 iDrive=193791 scale=0 wheel=1200000
run=1 step=0 angle=321943 target=322295 err=352 steer=0 m1=7838/412500 i1=128 t1=29 m2=-7793/-412500 i2=-271 t2=28 steerMode=0/698 iSteer=-71503 driveMode=412500/411650 iDrive=199736 scale=0 wheel=1200000
run=1 step=0 angle=321855 target=322295 err=439 steer=164 m1=7851/413400 i1=180 t1=29 m2=-7814/-411600 i2=-216 t2=28 steerMode=900/538 iSteer=-18059 driveMode=412500/412239 iDrive=197615 scale=0 wheel=1200000
run=1 step=0 angle=322031 target=322295 err=264 steer=0 m1=7834/412500 i1=169 t1=29 m2=-7865/-412500 i2=-224 t2=28 steerMode=0/-206 iSteer=-27466 driveMode=412500/412661 iDrive=196167 scale=0 wheel=1200000
run=1 step=0 angle=322207 target=322295 err=88 steer=0 m1=7834/412500 i1=140 t1=29 m2=-7823/-412500 i2=-259 t2=28 steerMode=0/437 iSteer=-59319 driveMode=412500/412073 iDrive=199213 scale=0 wheel=1200000
run=1 step=0 angle=321768 target=322295 err=527 steer=264 m1=7861/413950 i1=206 t1=29 m2=-7816/-411050 i2=-187 t2=28 steerMode=1450/539 iSteer=9637 driveMode=412500/412622 iDrive=196423 scale=0 wheel=1200000
run=1 step=0 angle=322207 target=322295 err=88 steer=0 m1=7845/412500 i1=171 t1=29 m2=-7860/-412500 i2=-217 t2=28 steerMode=0/-300 iSteer=-23003 driveMode=412500/413141 iDrive=193774 scale=0 wheel=1200000
run=1 step=0 angle=322119 target=322295 err=176 steer=0 m1=7841/412500 i1=140 t1=29 m2=-7814/-412500 i2=-258 t2=28 steerMode=0/425 iSteer=-59204 driveMode=412500/412068 iDrive=198937 scale=0 wheel=1200000
run=1 step=0 angle=321768 target=322295 err=527 steer=264 m1=7857/413950 i1=212 t1=29 m2=-7806/-411050 i2=-180 t2=28 steerMode=1450/406 iSteer=15930 driveMode=412500/412592 iDrive=195885 scale=0 wheel=1200000
run=1 step=0 angle=322295 target=322295 err=0 steer=0 m1=7847/412500 i1=152 t1=29 m2=-7842/-412500 i2=-238 t2=28 steerMode=0/105 iSteer=-43192 driveMode=412500/412806 iDrive=195169 scale=0 wheel=1200000
run=1 step=0 angle=322119 target=322295 err=176 steer=0 m1=7830/412500 i1=166 t1=29 m2=-7862/-412500 i2=-226 t2=28 steerMode=0/-172 iSteer=-29585 driveMode=412500/412638 iDrive=195985 scale=0 wheel=1200000
run=1 step=0 angle=321943 target=322295 err=352 steer=0 m1=7855/412500 i1=105 t1=29 m2=-7804/-412500 i2=-290 t2=28 steerMode=0/1107 iSteer=-92190 driveMode=412500/412301 iDrive=197336 scale=0 wheel=1200000
run=1 step=0 angle=321855 target=322295 err=439 steer=0 m1=7845/412500 i1=169 t1=29 m2=-7837/-412500 i2=-220 t2=28 steerMode=0/-236 iSteer=-25926 driveMode=412500/412890 iDrive=194460 scale=0 wheel=1200000
STEP_OK: step=0 target=1200 cmd=1200000 measured=1199837 angleErr=264
STEP_START: step=1 target=1200 steerTarget=52295
run=1 step=1 angle=322031 target=52295 err=264 steer=0 m1=7843/412500 i1=160 t1=29 m2=-7852/-412500 i2=-234 t2=28 steerMode=0/-18 iSteer=-37230 driveMode=412500/412444 iDrive=197071 scale=0 wheel=1200000
run=1 step=1 angle=323965 target=52295 err=88330 steer=4100 m1=8144/435050 i1=714 t1=29 m2=-7492/-389950 i2=316 t2=28 steerMode=22550/11889 iSteer=514808 driveMode=412500/412026 iDrive=199084 scale=0 wheel=1200000
run=1 step=1 angle=336094 target=52295 err=76201 steer=5000 m1=8355/440000 i1=113 t1=29 m2=-7287/-385000 i2=-294 t2=28 steerMode=27500/29115 iSteer=-90510 driveMode=412500/411541 iDrive=203301 scale=0 wheel=1200000
run=1 step=1 angle=347607 target=52295 err=64688 steer=5000 m1=8341/440000 i1=234 t1=29 m2=-7344/-385000 i2=-171 t2=28 steerMode=27500/26676 iSteer=31389 driveMode=412500/412017 iDrive=202856 scale=0 wheel=1200000
run=1 step=1 angle=359648 target=52295 err=52646 steer=5000 m1=8334/440000 i1=219 t1=29 m2=-7327/-385000 i2=-186 t2=28 steerMode=27500/27008 iSteer=16451 driveMode=412500/412245 iDrive=202347 scale=0 wheel=1200000
run=1 step=1 angle=10986 target=52295 err=41309 steer=5000 m1=8351/440000 i1=237 t1=29 m2=-7371/-385000 i2=-150 t2=28 steerMode=27500/26503 iSteer=43814 driveMode=412500/413815 iDrive=193476 scale=0 wheel=1200000
run=1 step=1 angle=23291 target=52295 err=29004 steer=5000 m1=8376/440000 i1=212 t1=29 m2=-7344/-385000 i2=-166 t2=28 steerMode=27500/26967 iSteer=23016 driveMode=412500/414190 iDrive=189275 scale=0 wheel=1200000
run=1 step=1 angle=34717 target=52295 err=17578 steer=5000 m1=8391/440000 i1=214 t1=29 m2=-7402/-385000 i2=-150 t2=28 steerMode=27500/26820 iSteer=32442 driveMode=412500/414874 iDrive=182004 scale=0 wheel=1200000
run=1 step=1 angle=46406 target=52295 err=5889 steer=3340 m1=8345/430870 i1=-194 t1=29 m2=-7457/-394130 i2=-538 t2=28 steerMode=18370/25607 iSteer=-365839 driveMode=412500/415851 iDrive=171703 scale=0 wheel=1200000
run=1 step=1 angle=51064 target=52295 err=1230 steer=615 m1=7939/415884 i1=91 t1=30 m2=-7888/-409116 i2=-231 t2=28 steerMode=3384/4313 iSteer=-69823 driveMode=412500/416573 iDrive=161118 scale=0 wheel=1200000
run=1 step=1 angle=51855 target=52295 err=439 steer=64 m1=7947/412850 i1=0 t1=30 m2=-7844/-412150 i2=-315 t2=28 steerMode=350/3059 iSteer=-157462 driveMode=412500/415830 iDrive=157666 scale=0 wheel=1200000
run=1 step=1 angle=51855 target=52295 err=439 steer=214 m1=7912/413675 i1=166 t1=30 m2=-7854/-411325 i2=-143 t2=28 steerMode=1175/503 iSteer=11599 driveMode=412500/415371 iDrive=154179 scale=0 wheel=1200000
run=1 step=1 angle=52031 target=52295 err=264 steer=0 m1=7870/412500 i1=125 t1=30 m2=-7885/-412500 i2=-181 t2=28 steerMode=0/92 iSteer=-28037 driveMode=412500/414716 iDrive=152914 scale=0 wheel=1200000
run=1 step=1 angle=52031 target=52295 err=264 steer=0 m1=7861/412500 i1=112 t1=30 m2=-7850/-412500 i2=-197 t2=28 steerMode=0/394 iSteer=-42213 driveMode=412500/413760 iDrive=154407 scale=0 wheel=1200000
run=1 step=1 angle=51943 target=52295 err=352 steer=0 m1=7870/412500 i1=84 t1=30 m2=-7808/-412500 i2=-230 t2=28 steerMode=0/1031 iSteer=-72894 driveMode=412500/412948 iDrive=156777 scale=0 wheel=1200000
run=1 step=1 angle=52031 target=52295 err=264 steer=0 m1=7841/412500 i1=142 t1=30 m2=-7835/-412500 i2=-176 t2=28 steerMode=0/-100 iSteer=-16845 driveMode=412500/412417 iDrive=159089 scale=0 wheel=1200000
run=1 step=1 angle=52207 target=52295 err=88 steer=0 m1=7805/412500 i1=109 t1=30 m2=-7812/-412500 i2=-223 t2=28 steerMode=0/702 iSteer=-56803 driveMode=412500/411310 iDrive=165798 scale=0 wheel=1200000
run=1 step=1 angle=51943 target=52295 err=352 steer=0 m1=7828/412500 i1=129 t1=30 m2=-7802/-412500 i2=-205 t2=29 steerMode=0/344 iSteer=-37950 driveMode=412500/411445 iDrive=167222 scale=0 wheel=1200000
run=1 step=1 angle=51943 target=52295 err=352 steer=0 m1=7815/412500 i1=138 t1=30 m2=-7823/-412500 i2=-198 t2=29 steerMode=0/181 iSteer=-30090 driveMode=412500/411702 iDrive=167832 scale=0 wheel=1200000
run=1 step=1 angle=52119 target=52295 err=176 steer=0 m1=7813/412500 i1=131 t1=30 m2=-7810/-412500 i2=-211 t2=29 steerMode=0/392 iSteer=-40439 driveMode=412500/411462 iDrive=171057 scale=0 wheel=1200000
run=1 step=1 angle=52119 target=52295 err=176 steer=0 m1=7847/412500 i1=74 t1=30 m2=-7789/-412500 i2=-272 t2=29 steerMode=0/1583 iSteer=-98758 driveMode=412500/411465 iDrive=172773 scale=0 wheel=1200000
run=1 step=1 angle=52031 target=52295 err=264 steer=0 m1=7830/412500 i1=170 t1=30 m2=-7848/-412500 i2=-171 t2=29 steerMode=0/-394 iSteer=-670 driveMode=412500/412169 iDrive=170492 scale=0 wheel=1200000
run=1 step=1 angle=51943 target=52295 err=352 steer=0 m1=7849/412500 i1=111 t1=30 m2=-7844/-412500 i2=-230 t2=29 steerMode=0/795 iSteer=-59404 driveMode=412500/412262 iDrive=170502 scale=0 wheel=1200000
run=1 step=1 angle=51943 target=52295 err=352 steer=114 m1=7843/413125 i1=146 t1=30 m2=-7802/-411875 i2=-193 t2=29 steerMode=625/724 iSteer=-23298 driveMode=412500/412383 iDrive=169749 scale=0 wheel=1200000
run=1 step=1 angle=52031 target=52295 err=264 steer=0 m1=7834/412500 i1=153 t1=30 m2=-7831/-412500 i2=-184 t2=29 steerMode=0/-83 iSteer=-15608 driveMode=412500/412642 iDrive=168653 scale=0 wheel=1200000
run=1 step=1 angle=52119 target=52295 err=176 steer=0 m1=7824/412500 i1=145 t1=30 m2=-7852/-412500 i2=-192 t2=29 steerMode=0/74 iSteer=-23478 driveMode=412500/412587 iDrive=168897 scale=0 wheel=1200000
run=1 step=1 angle=52119 target=52295 err=176 steer=0 m1=7849/412500 i1=107 t1=30 m2=-7844/-412500 i2=-234 t2=29 steerMode=0/867 iSteer=-63273 driveMode=412500/412219 iDrive=170720 scale=0 wheel=1200000
run=1 step=1 angle=51680 target=52295 err=615 steer=308 m1=7866/414192 i1=219 t1=30 m2=-7804/-410808 i2=-120 t2=29 steerMode=1692/332 iSteer=49791 driveMode=412500/412477 iDrive=169549 scale=0 wheel=1200000
run=1 step=1 angle=52295 target=52295 err=0 steer=0 m1=7836/412500 i1=129 t1=30 m2=-7848/-412500 i2=-208 t2=29 steerMode=0/378 iSteer=-39573 driveMode=412500/412662 iDrive=168479 scale=0 wheel=1200000
run=1 step=1 angle=52207 target=52295 err=88 steer=0 m1=7830/412500 i1=140 t1=30 m2=-7848/-412500 i2=-196 t2=29 steerMode=0/142 iSteer=-28123 driveMode=412500/412688 iDrive=168133 scale=0 wheel=1200000
run=1 step=1 angle=51855 target=52295 err=439 steer=0 m1=7853/412500 i1=128 t1=30 m2=-7806/-412500 i2=-207 t2=29 steerMode=0/383 iSteer=-39396 driveMode=412500/412746 iDrive=167262 scale=0 wheel=1200000
run=1 step=1 angle=51943 target=52295 err=352 steer=0 m1=7859/412500 i1=118 t1=30 m2=-7846/-412500 i2=-211 t2=29 steerMode=0/520 iSteer=-46144 driveMode=412500/413108 iDrive=164597 scale=0 wheel=1200000
run=1 step=1 angle=52207 target=52295 err=88 steer=0 m1=7847/412500 i1=125 t1=30 m2=-7858/-412500 i2=-204 t2=29 steerMode=0/380 iSteer=-39706 driveMode=412500/412950 iDrive=164289 scale=0 wheel=1200000
run=1 step=1 angle=51943 target=52295 err=352 steer=0 m1=7841/412500 i1=114 t1=30 m2=-7819/-412500 i2=-213 t2=29 steerMode=0/597 iSteer=-49395 driveMode=412500/412887 iDrive=163566 scale=0 wheel=1200000
run=1 step=1 angle=52031 target=52295 err=264 steer=0 m1=7841/412500 i1=136 t1=30 m2=-7860/-412500 i2=-191 t2=29 steerMode=0/153 iSteer=-27614 driveMode=412500/412807 iDrive=163452 scale=0 wheel=1200000
run=1 step=1 angle=52031 target=52295 err=264 steer=0 m1=7830/412500 i1=126 t1=30 m2=-7848/-412500 i2=-202 t2=29 steerMode=0/369 iSteer=-38307 driveMode=412500/412637 iDrive=164092 scale=0 wheel=1200000
run=1 step=1 angle=51855 target=52295 err=439 steer=164 m1=7872/413400 i1=131 t1=30 m2=-7779/-411600 i2=-203 t2=29 steerMode=900/1256 iSteer=-35912 driveMode=412500/412005 iDrive=167304 scale=0 wheel=1200000
run=1 step=1 angle=52031 target=52295 err=264 steer=0 m1=7820/412500 i1=156 t1=30 m2=-7831/-412500 i2=-177 t2=29 steerMode=0/-187 iSteer=-10507 driveMode=412500/412208 iDrive=166944 scale=0 wheel=1200000
run=1 step=1 angle=52119 target=52295 err=176 steer=0 m1=7832/412500 i1=130 t1=30 m2=-7833/-412500 i2=-205 t2=29 steerMode=0/361 iSteer=-37811 driveMode=412500/412209 iDrive=167668 scale=0 wheel=1200000
run=1 step=1 angle=52031 target=52295 err=264 steer=0 m1=7832/412500 i1=124 t1=30 m2=-7833/-412500 i2=-212 t2=29 steerMode=0/489 iSteer=-44182 driveMode=412500/412231 iDrive=167952 scale=0 wheel=1200000
run=1 step=1 angle=51855 target=52295 err=439 steer=214 m1=7843/413675 i1=202 t1=30 m2=-7829/-411325 i2=-132 t2=29 steerMode=1175/98 iSteer=35046 driveMode=412500/412539 iDrive=166652 scale=0 wheel=1200000
run=1 step=1 angle=52119 target=52295 err=176 steer=0 m1=7832/412500 i1=125 t1=30 m2=-7829/-412500 i2=-208 t2=29 steerMode=0/436 iSteer=-41739 driveMode=412500/412567 iDrive=166341 scale=0 wheel=1200000
run=1 step=1 angle=52119 target=52295 err=176 steer=0 m1=7843/412500 i1=125 t1=30 m2=-7825/-412500 i2=-211 t2=29 steerMode=0/462 iSteer=-43075 driveMode=412500/412191 iDrive=168117 scale=0 wheel=1200000
run=1 step=1 angle=51943 target=52295 err=352 steer=0 m1=7843/412500 i1=146 t1=30 m2=-7835/-412500 i2=-190 t2=29 steerMode=0/48 iSteer=-22009 driveMode=412500/412392 iDrive=167679 scale=0 wheel=1200000
run=1 step=1 angle=51943 target=52295 err=352 steer=0 m1=7826/412500 i1=139 t1=31 m2=-7846/-412500 i2=-194 t2=30 steerMode=0/153 iSteer=-27353 driveMode=412500/412540 iDrive=166849 scale=0 wheel=1200000
run=1 step=1 angle=52119 target=52295 err=176 steer=0 m1=7849/412500 i1=78 t1=31 m2=-7808/-412500 i2=-258 t2=30 steerMode=0/1437 iSteer=-90308 driveMode=412500/412332 iDrive=167881 scale=0 wheel=1200000
run=1 step=1 angle=51943 target=52295 err=352 steer=0 m1=7828/412500 i1=147 t1=31 m2=-7812/-412500 i2=-191 t2=30 steerMode=0/59 iSteer=-21819 driveMode=412500/412205 iDrive=168721 scale=0 wheel=1200000
run=1 step=1 angle=51943 target=52295 err=352 steer=0 m1=7853/412500 i1=122 t1=31 m2=-7833/-412500 i2=-213 t2=30 steerMode=0/547 iSteer=-45671 driveMode=412500/412468 iDrive=167713 scale=0 wheel=1200000
run=1 step=1 angle=52031 target=52295 err=264 steer=0 m1=7845/412500 i1=136 t1=31 m2=-7846/-412500 i2=-200 t2=30 steerMode=0/256 iSteer=-31840 driveMode=412500/412445 iDrive=167834 scale=0 wheel=1200000
run=1 step=1 angle=51855 target=52295 err=439 steer=164 m1=7868/413400 i1=139 t1=31 m2=-7802/-411600 i2=-196 t2=30 steerMode=900/1117 iSteer=-28396 driveMode=412500/412431 iDrive=167861 scale=0 wheel=1200000
run=1 step=1 angle=52119 target=52295 err=176 steer=0 m1=7826/412500 i1=149 t1=31 m2=-7827/-412500 i2=-188 t2=30 steerMode=0/6 iSteer=-19665 driveMode=412500/412388 iDrive=168206 scale=0 wheel=1200000
run=1 step=1 angle=52119 target=52295 err=176 steer=0 m1=7834/412500 i1=136 t1=31 m2=-7839/-412500 i2=-200 t2=30 steerMode=0/244 iSteer=-31833 driveMode=412500/412508 iDrive=167967 scale=0 wheel=1200000
run=1 step=1 angle=51943 target=52295 err=352 steer=0 m1=7853/412500 i1=121 t1=31 m2=-7819/-412500 i2=-216 t2=30 steerMode=0/569 iSteer=-47727 driveMode=412500/412374 iDrive=168499 scale=0 wheel=1200000
run=1 step=1 angle=52031 target=52295 err=264 steer=0 m1=7828/412500 i1=150 t1=31 m2=-7839/-412500 i2=-186 t2=30 steerMode=0/-29 iSteer=-18059 driveMode=412500/412503 iDrive=168025 scale=0 wheel=1200000
run=1 step=1 angle=52119 target=52295 err=176 steer=0 m1=7843/412500 i1=124 t1=31 m2=-7842/-412500 i2=-210 t2=30 steerMode=0/477 iSteer=-43058 driveMode=412500/412708 iDrive=166873 scale=0 wheel=1200000
run=1 step=1 angle=51943 target=52295 err=352 steer=0 m1=7847/412500 i1=99 t1=31 m2=-7829/-412500 i2=-237 t2=30 steerMode=0/1002 iSteer=-69126 driveMode=412500/412492 iDrive=167644 scale=0 wheel=1200000
run=1 step=1 angle=51768 target=52295 err=527 steer=214 m1=7859/413675 i1=201 t1=31 m2=-7816/-411325 i2=-132 t2=30 steerMode=1175/118 iSteer=34448 driveMode=412500/412646 iDrive=166832 scale=0 wheel=1200000
run=1 step=1 angle=52031 target=52295 err=264 steer=0 m1=7841/412500 i1=123 t1=31 m2=-7823/-412500 i2=-208 t2=30 steerMode=0/453 iSteer=-42511 driveMode=412500/412694 iDrive=165987 scale=0 wheel=1200000
run=1 step=1 angle=52119 target=52295 err=176 steer=0 m1=7847/412500 i1=118 t1=31 m2=-7827/-412500 i2=-218 t2=30 steerMode=0/596 iSteer=-50062 driveMode=412500/412164 iDrive=168436 scale=0 wheel=1200000
run=1 step=1 angle=51943 target=52295 err=352 steer=0 m1=7828/412500 i1=158 t1=30 m2=-7850/-412500 i2=-175 t2=30 steerMode=0/-240 iSteer=-8279 driveMode=412500/412574 iDrive=166644 scale=0 wheel=1200000
run=1 step=1 angle=51855 target=52295 err=439 steer=0 m1=7851/412500 i1=133 t1=30 m2=-7825/-412500 i2=-197 t2=30 steerMode=0/249 iSteer=-32209 driveMode=412500/412852 iDrive=164750 scale=0 wheel=1200000
run=1 step=1 angle=52119 target=52295 err=176 steer=0 m1=7830/412500 i1=117 t1=30 m2=-7829/-412500 i2=-212 t2=30 steerMode=0/548 iSteer=-47067 driveMode=412500/412776 iDrive=164483 scale=0 wheel=1200000
run=1 step=1 angle=51680 target=52295 err=615 steer=308 m1=7872/414192 i1=189 t1=30 m2=-7804/-410808 i2=-141 t2=30 steerMode=1692/855 iSteer=24130 driveMode=412500/412551 iDrive=165205 scale=0 wheel=1200000
run=1 step=1 angle=52295 target=52295 err=0 steer=0 m1=7815/412500 i1=140 t1=30 m2=-7854/-412500 i2=-193 t2=30 steerMode=0/133 iSteer=-26581 driveMode=412500/412329 iDrive=166399 scale=0 wheel=1200000
run=1 step=1 angle=52031 target=52295 err=264 steer=0 m1=7836/412500 i1=134 t1=30 m2=-7831/-412500 i2=-201 t2=30 steerMode=0/267 iSteer=-33209 driveMode=412500/412183 iDrive=167517 scale=0 wheel=1200000
run=1 step=1 angle=51855 target=52295 err=439 steer=114 m1=7853/413125 i1=128 t1=30 m2=-7802/-411875 i2=-210 t2=30 steerMode=625/1082 iSteer=-40854 driveMode=412500/411986 iDrive=169100 scale=0 wheel=1200000
run=1 step=1 angle=52119 target=52295 err=176 steer=0 m1=7826/412500 i1=154 t1=30 m2=-7825/-412500 i2=-184 t2=30 steerMode=0/-90 iSteer=-14965 driveMode=412500/412214 iDrive=168656 scale=0 wheel=1200000
run=1 step=1 angle=52207 target=52295 err=88 steer=0 m1=7830/412500 i1=143 t1=30 m2=-7839/-412500 i2=-194 t2=30 steerMode=0/120 iSteer=-25413 driveMode=412500/412335 iDrive=168540 scale=0 wheel=1200000
run=1 step=1 angle=51943 target=52295 err=352 steer=0 m1=7859/412500 i1=105 t1=30 m2=-7804/-412500 i2=-238 t2=30 steerMode=0/962 iSteer=-66753 driveMode=412500/411849 iDrive=171255 scale=0 wheel=1200000
run=1 step=1 angle=51943 target=52295 err=352 steer=0 m1=7845/412500 i1=163 t1=30 m2=-7837/-412500 i2=-179 t2=30 steerMode=0/-221 iSteer=-7964 driveMode=412500/412079 iDrive=171084 scale=0 wheel=1200000
run=1 step=1 angle=51855 target=52295 err=439 steer=0 m1=7838/412500 i1=121 t1=30 m2=-7823/-412500 i2=-222 t2=30 steerMode=0/639 iSteer=-50829 driveMode=412500/412176 iDrive=171341 scale=0 wheel=1200000
run=1 step=1 angle=51855 target=52295 err=439 steer=214 m1=7855/413675 i1=175 t1=30 m2=-7802/-411325 i2=-168 t2=30 steerMode=1175/747 iSteer=3772 driveMode=412500/412219 iDrive=171564 scale=0 wheel=1200000
run=1 step=1 angle=51943 target=52295 err=352 steer=0 m1=7841/412500 i1=151 t1=30 m2=-7856/-412500 i2=-187 t2=30 steerMode=0/-29 iSteer=-18034 driveMode=412500/412700 iDrive=169210 scale=0 wheel=1200000
run=1 step=1 angle=51943 target=52295 err=352 steer=0 m1=7847/412500 i1=132 t1=30 m2=-7827/-412500 i2=-205 t2=30 steerMode=0/349 iSteer=-36553 driveMode=412500/412798 iDrive=168107 scale=0 wheel=1200000
run=1 step=1 angle=51943 target=52295 err=352 steer=0 m1=7849/412500 i1=120 t1=30 m2=-7846/-412500 i2=-216 t2=30 steerMode=0/576 iSteer=-47990 driveMode=412500/412727 iDrive=167515 scale=0 wheel=1200000
run=1 step=1 angle=51768 target=52295 err=527 steer=264 m1=7864/413950 i1=189 t1=30 m2=-7814/-411050 i2=-142 t2=30 steerMode=1450/634 iSteer=23463 driveMode=412500/412920 iDrive=165902 scale=0 wheel=1200000
run=1 step=1 angle=52207 target=52295 err=88 steer=0 m1=7845/412500 i1=126 t1=30 m2=-7850/-412500 i2=-205 t2=30 steerMode=0/402 iSteer=-39385 driveMode=412500/412816 iDrive=165604 scale=0 wheel=1200000
run=1 step=1 angle=52031 target=52295 err=264 steer=0 m1=7853/412500 i1=126 t1=30 m2=-7837/-412500 i2=-205 t2=31 steerMode=0/411 iSteer=-39738 driveMode=412500/412688 iDrive=165672 scale=0 wheel=1200000
run=1 step=1 angle=51943 target=52295 err=352 steer=0 m1=7853/412500 i1=134 t1=30 m2=-7814/-412500 i2=-201 t2=31 steerMode=0/301 iSteer=-33565 driveMode=412500/412341 iDrive=167226 scale=0 wheel=1200000
run=1 step=1 angle=52031 target=52295 err=264 steer=0 m1=7830/412500 i1=130 t1=30 m2=-7848/-412500 i2=-205 t2=31 steerMode=0/372 iSteer=-37709 driveMode=412500/412297 iDrive=167647 scale=0 wheel=1200000
run=1 step=1 angle=51943 target=52295 err=352 steer=0 m1=7838/412500 i1=134 t1=31 m2=-7825/-412500 i2=-204 t2=31 steerMode=0/317 iSteer=-35198 driveMode=412500/412166 iDrive=168733 scale=0 wheel=1200000
run=1 step=1 angle=51855 target=52295 err=439 steer=0 m1=7861/412500 i1=100 t1=31 m2=-7777/-412500 i2=-238 t2=31 steerMode=0/1021 iSteer=-68635 driveMode=412500/412186 iDrive=169059 scale=0 wheel=1200000
run=1 step=1 angle=52031 target=52295 err=264 steer=0 m1=7836/412500 i1=155 t1=31 m2=-7850/-412500 i2=-182 t2=31 steerMode=0/-117 iSteer=-13439 driveMode=412500/412392 iDrive=168496 scale=0 wheel=1200000
run=1 step=1 angle=52119 target=52295 err=176 steer=0 m1=7859/412500 i1=106 t1=31 m2=-7837/-412500 i2=-232 t2=31 steerMode=0/877 iSteer=-62892 driveMode=412500/412352 iDrive=168976 scale=0 wheel=1200000
run=1 step=1 angle=51855 target=52295 err=439 steer=214 m1=7849/413675 i1=180 t1=31 m2=-7810/-411325 i2=-162 t2=31 steerMode=1175/641 iSteer=8657 driveMode=412500/411967 iDrive=171079 scale=0 wheel=1200000
run=1 step=1 angle=51943 target=52295 err=352 steer=0 m1=7841/412500 i1=150 t1=31 m2=-7846/-412500 i2=-189 t2=31 steerMode=0/-4 iSteer=-19422 driveMode=412500/412426 iDrive=169403 scale=0 wheel=1200000
run=1 step=1 angle=51855 target=52295 err=439 steer=164 m1=7836/413400 i1=175 t1=31 m2=-7825/-411600 i2=-165 t2=31 steerMode=900/417 iSteer=4990 driveMode=412500/412310 iDrive=170048 scale=0 wheel=1200000
run=1 step=1 angle=52031 target=52295 err=264 steer=0 m1=7841/412500 i1=125 t1=31 m2=-7825/-412500 i2=-217 t2=31 steerMode=0/518 iSteer=-46119 driveMode=412500/412213 iDrive=170786 scale=0 wheel=1200000
run=1 step=1 angle=51855 target=52295 err=439 steer=0 m1=7841/412500 i1=159 t1=31 m2=-7844/-412500 i2=-181 t2=31 steerMode=0/-193 iSteer=-10781 driveMode=412500/412433 iDrive=170080 scale=0 wheel=1200000
run=1 step=1 angle=51943 target=52295 err=352 steer=0 m1=7851/412500 i1=112 t1=31 m2=-7846/-412500 i2=-225 t2=31 steerMode=0/743 iSteer=-56712 driveMode=412500/412666 iDrive=168647 scale=0 wheel=1200000
run=1 step=1 angle=52031 target=52295 err=264 steer=0 m1=7872/412500 i1=105 t1=31 m2=-7814/-412500 i2=-234 t2=31 steerMode=0/913 iSteer=-64440 driveMode=412500/412331 iDrive=169933 scale=0 wheel=1200000
run=1 step=1 angle=51855 target=52295 err=439 steer=0 m1=7843/412500 i1=154 t1=31 m2=-7850/-412500 i2=-182 t2=31 steerMode=0/-102 iSteer=-13527 driveMode=412500/412718 iDrive=168009 scale=0 wheel=1200000
run=1 step=1 angle=51943 target=52295 err=352 steer=0 m1=7843/412500 i1=131 t1=31 m2=-7846/-412500 i2=-206 t2=31 steerMode=0/369 iSteer=-37560 driveMode=412500/412581 iDrive=168373 scale=0 wheel=1200000
run=1 step=1 angle=52119 target=52295 err=176 steer=0 m1=7870/412500 i1=85 t1=31 m2=-7816/-412500 i2=-250 t2=31 steerMode=0/1287 iSteer=-82952 driveMode=412500/412662 iDrive=167452 scale=0 wheel=1200000
run=1 step=1 angle=51855 target=52295 err=439 steer=164 m1=7872/413400 i1=190 t1=31 m2=-7829/-411600 i2=-141 t2=30 steerMode=900/43 iSteer=24523 driveMode=412500/412916 iDrive=165578 scale=0 wheel=1200000
run=1 step=1 angle=52119 target=52295 err=176 steer=0 m1=7847/412500 i1=146 t1=31 m2=-7862/-412500 i2=-183 t2=30 steerMode=0/-16 iSteer=-18730 driveMode=412500/412924 iDrive=164731 scale=0 wheel=1200000
run=1 step=1 angle=52119 target=52295 err=176 steer=0 m1=7838/412500 i1=115 t1=31 m2=-7844/-412500 i2=-216 t2=30 steerMode=0/624 iSteer=-50663 driveMode=412500/412590 iDrive=165814 scale=0 wheel=1200000
run=1 step=1 angle=51768 target=52295 err=527 steer=264 m1=7874/413950 i1=170 t1=31 m2=-7800/-411050 i2=-162 t2=30 steerMode=1450/1026 iSteer=3866 driveMode=412500/412487 iDrive=166058 scale=0 wheel=1200000
run=1 step=1 angle=52031 target=52295 err=264 steer=0 m1=7836/412500 i1=141 t1=31 m2=-7856/-412500 i2=-190 t2=30 steerMode=0/99 iSteer=-24699 driveMode=412500/412538 iDrive=165647 scale=0 wheel=1200000
run=1 step=1 angle=52119 target=52295 err=176 steer=0 m1=7836/412500 i1=137 t1=31 m2=-7848/-412500 i2=-198 t2=30 steerMode=0/211 iSteer=-30597 driveMode=412500/412247 iDrive=167186 scale=0 wheel=1200000
run=1 step=1 angle=51768 target=52295 err=527 steer=264 m1=7855/413950 i1=179 t1=31 m2=-7781/-411050 i2=-162 t2=30 steerMode=1450/895 iSteer=8742 driveMode=412500/411688 iDrive=170621 scale=0 wheel=1200000
run=1 step=1 angle=51943 target=52295 err=352 steer=0 m1=7824/412500 i1=153 t1=31 m2=-7833/-412500 i2=-188 t2=30 steerMode=0/-76 iSteer=-17236 driveMode=412500/411950 iDrive=170726 scale=0 wheel=1200000
run=1 step=1 angle=51943 target=52295 err=352 steer=0 m1=7813/412500 i1=150 t1=31 m2=-7812/-412500 i2=-193 t2=30 steerMode=0/14 iSteer=-21861 driveMode=412500/412004 iDrive=171392 scale=0 wheel=1200000
run=1 step=1 angle=51943 target=52295 err=352 steer=0 m1=7847/412500 i1=115 t1=31 m2=-7823/-412500 i2=-227 t2=30 steerMode=0/716 iSteer=-56347 driveMode=412500/412243 iDrive=170862 scale=0 wheel=1200000
run=1 step=1 angle=51768 target=52295 err=527 steer=264 m1=7851/413950 i1=218 t1=31 m2=-7827/-411050 i2=-120 t2=30 steerMode=1450/74 iSteer=48853 driveMode=412500/412674 iDrive=168702 scale=0 wheel=1200000
run=1 step=1 angle=52207 target=52295 err=88 steer=0 m1=7849/412500 i1=119 t1=31 m2=-7833/-412500 i2=-216 t2=30 steerMode=0/545 iSteer=-48638 driveMode=412500/412837 iDrive=167147 scale=0 wheel=1200000
run=1 step=1 angle=52031 target=52295 err=264 steer=0 m1=7841/412500 i1=114 t1=31 m2=-7846/-412500 i2=-221 t2=30 steerMode=0/642 iSteer=-53634 driveMode=412500/412565 iDrive=167790 scale=0 wheel=1200000
run=1 step=1 angle=51768 target=52295 err=527 steer=264 m1=7851/413950 i1=216 t1=31 m2=-7821/-411050 i2=-120 t2=30 steerMode=1450/74 iSteer=48334 driveMode=412500/412551 iDrive=167896 scale=0 wheel=1200000
run=1 step=1 angle=52119 target=52295 err=176 steer=0 m1=7832/412500 i1=132 t1=31 m2=-7829/-412500 i2=-205 t2=30 steerMode=0/288 iSteer=-36657 driveMode=412500/412476 iDrive=168170 scale=0 wheel=1200000
run=1 step=1 angle=51943 target=52295 err=352 steer=0 m1=7849/412500 i1=135 t1=31 m2=-7837/-412500 i2=-198 t2=30 steerMode=0/185 iSteer=-31315 driveMode=412500/412728 iDrive=166574 scale=0 wheel=1200000
run=1 step=1 angle=51943 target=52295 err=352 steer=114 m1=7857/413125 i1=147 t1=31 m2=-7825/-411875 i2=-184 t2=30 steerMode=625/592 iSteer=-18944 driveMode=412500/412809 iDrive=165479 scale=0 wheel=1200000
run=1 step=1 angle=52119 target=52295 err=176 steer=0 m1=7847/412500 i1=135 t1=31 m2=-7850/-412500 i2=-197 t2=30 steerMode=0/176 iSteer=-30986 driveMode=412500/412640 iDrive=165892 scale=0 wheel=1200000
run=1 step=1 angle=51943 target=52295 err=352 steer=0 m1=7830/412500 i1=135 t1=31 m2=-7821/-412500 i2=-201 t2=30 steerMode=0/219 iSteer=-33107 driveMode=412500/412292 iDrive=167664 scale=0 wheel=1200000
run=1 step=1 angle=51943 target=52295 err=352 steer=0 m1=7855/412500 i1=102 t1=31 m2=-7819/-412500 i2=-232 t2=30 steerMode=0/889 iSteer=-64989 driveMode=412500/412497 iDrive=166732 scale=0 wheel=1200000
run=1 step=1 angle=51943 target=52295 err=352 steer=0 m1=7841/412500 i1=131 t1=31 m2=-7850/-412500 i2=-202 t2=30 steerMode=0/283 iSteer=-35260 driveMode=412500/412533 iDrive=166313 scale=0 wheel=1200000
run=1 step=1 angle=51943 target=52295 err=352 steer=0 m1=7845/412500 i1=116 t1=31 m2=-7831/-412500 i2=-215 t2=30 steerMode=0/579 iSteer=-49670 driveMode=412500/412632 iDrive=165372 scale=0 wheel=1200000
run=1 step=1 angle=51855 target=52295 err=439 steer=214 m1=7872/413675 i1=125 t1=31 m2=-7789/-411325 i2=-208 t2=31 steerMode=1175/1632 iSteer=-41580 driveMode=412500/412295 iDrive=166668 scale=0 wheel=1200000
run=1 step=1 angle=52207 target=52295 err=88 steer=0 m1=7826/412500 i1=157 t1=31 m2=-7825/-412500 i2=-180 t2=31 steerMode=0/-197 iSteer=-11427 driveMode=412500/412129 iDrive=168166 scale=0 wheel=1200000
run=1 step=1 angle=51943 target=52295 err=352 steer=0 m1=7828/412500 i1=149 t1=31 m2=-7835/-412500 i2=-190 t2=31 steerMode=0/-16 iSteer=-20526 driveMode=412500/412056 iDrive=169408 scale=0 wheel=1200000
run=1 step=1 angle=52031 target=52295 err=264 steer=0 m1=7841/412500 i1=110 t1=31 m2=-7829/-412500 i2=-229 t2=31 steerMode=0/764 iSteer=-59345 driveMode=412500/412115 iDrive=169636 scale=0 wheel=1200000
run=1 step=1 angle=51680 target=52295 err=615 steer=308 m1=7853/414192 i1=233 t1=32 m2=-7827/-410808 i2=-102 t2=31 steerMode=1692/-21 iSteer=65572 driveMode=412500/412558 iDrive=167536 scale=0 wheel=1200000
run=1 step=1 angle=51943 target=52295 err=352 steer=0 m1=7843/412500 i1=115 t1=32 m2=-7842/-412500 i2=-218 t2=31 steerMode=0/597 iSteer=-51497 driveMode=412500/412756 iDrive=166172 scale=0 wheel=1200000
run=1 step=1 angle=51943 target=52295 err=352 steer=0 m1=7849/412500 i1=120 t1=32 m2=-7835/-412500 i2=-214 t2=31 steerMode=0/510 iSteer=-46973 driveMode=412500/412530 iDrive=166686 scale=0 wheel=1200000
run=1 step=1 angle=51855 target=52295 err=439 steer=0 m1=7843/412500 i1=148 t1=32 m2=-7823/-412500 i2=-181 t2=31 steerMode=0/-91 iSteer=-16425 driveMode=412500/412871 iDrive=164568 scale=0 wheel=1200000
run=1 step=1 angle=52031 target=52295 err=264 steer=0 m1=7845/412500 i1=118 t1=32 m2=-7831/-412500 i2=-211 t2=31 steerMode=0/511 iSteer=-46515 driveMode=412500/412697 iDrive=164967 scale=0 wheel=1200000
run=1 step=1 angle=52031 target=52295 err=264 steer=0 m1=7849/412500 i1=102 t1=32 m2=-7848/-412500 i2=-225 t2=31 steerMode=0/808 iSteer=-61228 driveMode=412500/412824 iDrive=163705 scale=0 wheel=1200000
run=1 step=1 angle=51768 target=52295 err=527 steer=214 m1=7864/413675 i1=186 t1=32 m2=-7810/-411325 i2=-140 t2=31 steerMode=1175/319 iSteer=23228 driveMode=412500/412790 iDrive=163186 scale=0 wheel=1200000
run=1 step=1 angle=52031 target=52295 err=264 steer=0 m1=7826/412500 i1=139 t1=32 m2=-7854/-412500 i2=-187 t2=31 steerMode=0/61 iSteer=-24188 driveMode=412500/412707 iDrive=163207 scale=0 wheel=1200000
run=1 step=1 angle=52031 target=52295 err=264 steer=0 m1=7845/412500 i1=103 t1=32 m2=-7827/-412500 i2=-227 t2=31 steerMode=0/827 iSteer=-61867 driveMode=412500/412351 iDrive=165039 scale=0 wheel=1200000
run=1 step=1 angle=51592 target=52295 err=703 steer=352 m1=7851/414434 i1=229 t1=32 m2=-7791/-410566 i2=-102 t2=31 steerMode=1934/281 iSteer=63314 driveMode=412500/412255 iDrive=165650 scale=0 wheel=1200000
STEP_OK: step=1 target=1200 cmd=1200000 measured=1199155 angleErr=264
STEP_START: step=2 target=1200 steerTarget=142295
run=1 step=2 angle=52119 target=142295 err=90176 steer=500 m1=7834/415250 i1=269 t1=32 m2=-7825/-409750 i2=-63 t2=31 steerMode=2750/285 iSteer=102834 driveMode=412500/412166 iDrive=166318 scale=0 wheel=1200000
run=1 step=2 angle=55986 target=142295 err=86309 steer=5000 m1=8238/440000 i1=675 t1=32 m2=-7369/-385000 i2=335 t2=31 steerMode=27500/17495 iSteer=505296 driveMode=412500/411630 iDrive=169966 scale=0 wheel=1200000
run=1 step=2 angle=69170 target=142295 err=73125 steer=5000 m1=8351/440000 i1=78 t1=32 m2=-7272/-385000 i2=-274 t2=31 steerMode=27500/29584 iSteer=-97988 driveMode=412500/410864 iDrive=176151 scale=0 wheel=1200000
run=1 step=2 angle=80508 target=142295 err=61787 steer=5000 m1=8326/440000 i1=210 t1=32 m2=-7304/-385000 i2=-146 t2=31 steerMode=27500/26978 iSteer=32306 driveMode=412500/411031 iDrive=178113 scale=0 wheel=1200000
run=1 step=2 angle=92109 target=142295 err=50186 steer=5000 m1=8324/440000 i1=188 t1=32 m2=-7293/-385000 i2=-174 t2=31 steerMode=27500/27485 iSteer=6868 driveMode=412500/410965 iDrive=181114 scale=0 wheel=1200000
run=1 step=2 angle=103799 target=142295 err=38496 steer=5000 m1=8276/440000 i1=204 t1=32 m2=-7228/-385000 i2=-178 t2=31 steerMode=27500/27375 iSteer=12942 driveMode=412500/409638 iDrive=190692 scale=0 wheel=1200000
run=1 step=2 angle=115928 target=142295 err=26367 steer=5000 m1=8284/440000 i1=199 t1=32 m2=-7245/-385000 i2=-211 t2=31 steerMode=27500/27748 iSteer=-6033 driveMode=412500/408212 iDrive=205400 scale=0 wheel=1200000
run=1 step=2 angle=127441 target=142295 err=14854 steer=5000 m1=8284/440000 i1=222 t1=32 m2=-7268/-385000 i2=-196 t2=31 steerMode=27500/27357 iSteer=13006 driveMode=412500/408947 iDrive=209155 scale=0 wheel=1200000
run=1 step=2 angle=138516 target=142295 err=3779 steer=2037 m1=8102/423703 i1=-303 t1=32 m2=-7480/-401297 i2=-718 t2=31 steerMode=11203/21298 iSteer=-510495 driveMode=412500/410299 iDrive=207835 scale=0 wheel=1200000
run=1 step=2 angle=140801 target=142295 err=1494 steer=747 m1=7895/416609 i1=213 t1=32 m2=-7743/-408391 i2=-194 t2=31 steerMode=4109/3597 iSteer=9542 driveMode=412500/411757 iDrive=203410 scale=0 wheel=1200000
run=1 step=2 angle=141680 target=142295 err=615 steer=308 m1=7878/414192 i1=176 t1=32 m2=-7814/-410808 i2=-220 t2=31 steerMode=1692/1766 iSteer=-22169 driveMode=412500/412910 iDrive=198042 scale=0 wheel=1200000
run=1 step=2 angle=142031 target=142295 err=264 steer=0 m1=7851/412500 i1=175 t1=32 m2=-7858/-412500 i2=-213 t2=31 steerMode=0/-45 iSteer=-18671 driveMode=412500/413428 iDrive=194103 scale=0 wheel=1200000
run=1 step=2 angle=142031 target=142295 err=264 steer=0 m1=7853/412500 i1=154 t1=32 m2=-7860/-412500 i2=-227 t2=31 steerMode=0/308 iSteer=-36641 driveMode=412500/413727 iDrive=190699 scale=0 wheel=1200000
run=1 step=2 angle=141855 target=142295 err=439 steer=214 m1=7880/413675 i1=207 t1=32 m2=-7860/-411325 i2=-170 t2=31 steerMode=1175/399 iSteer=18316 driveMode=412500/413742 iDrive=188712 scale=0 wheel=1200000
run=1 step=2 angle=142119 target=142295 err=176 steer=0 m1=7859/412500 i1=158 t1=32 m2=-7850/-412500 i2=-216 t2=31 steerMode=0/125 iSteer=-28844 driveMode=412500/413644 iDrive=186658 scale=0 wheel=1200000
run=1 step=2 angle=142119 target=142295 err=176 steer=0 m1=7853/412500 i1=151 t1=32 m2=-7862/-412500 i2=-215 t2=31 steerMode=0/175 iSteer=-32195 driveMode=412500/413919 iDrive=183122 scale=0 wheel=1200000
run=1 step=2 angle=142031 target=142295 err=264 steer=0 m1=7870/412500 i1=152 t1=32 m2=-7850/-412500 i2=-208 t2=31 steerMode=0/96 iSteer=-27836 driveMode=412500/414043 iDrive=179912 scale=0 wheel=1200000
run=1 step=2 angle=141855 target=142295 err=439 steer=0 m1=7845/412500 i1=158 t1=32 m2=-7848/-412500 i2=-209 t2=31 steerMode=0/30 iSteer=-25307 driveMode=412500/413011 iDrive=183363 scale=0 wheel=1200000
run=1 step=2 angle=142295 target=142295 err=0 steer=0 m1=7834/412500 i1=146 t1=32 m2=-7848/-412500 i2=-218 t2=31 steerMode=0/243 iSteer=-36268 driveMode=412500/413030 iDrive=182094 scale=0 wheel=1200000
run=1 step=2 angle=141943 target=142295 err=352 steer=0 m1=7843/412500 i1=156 t1=32 m2=-7821/-412500 i2=-215 t2=31 steerMode=0/94 iSteer=-29509 driveMode=412500/412331 iDrive=185866 scale=0 wheel=1200000
run=1 step=2 angle=141768 target=142295 err=527 steer=214 m1=7864/413675 i1=208 t1=32 m2=-7827/-411325 i2=-164 t2=31 steerMode=1175/243 iSteer=22186 driveMode=412500/412377 iDrive=185983 scale=0 wheel=1200000
run=1 step=2 angle=142119 target=142295 err=176 steer=0 m1=7826/412500 i1=155 t1=32 m2=-7850/-412500 i2=-216 t2=31 steerMode=0/92 iSteer=-30370 driveMode=412500/412462 iDrive=185603 scale=0 wheel=1200000
run=1 step=2 angle=141943 target=142295 err=352 steer=0 m1=7845/412500 i1=144 t1=32 m2=-7816/-412500 i2=-229 t2=31 steerMode=0/345 iSteer=-42588 driveMode=412500/412396 iDrive=186218 scale=0 wheel=1200000
run=1 step=2 angle=141943 target=142295 err=352 steer=0 m1=7824/412500 i1=163 t1=32 m2=-7821/-412500 i2=-215 t2=31 steerMode=0/0 iSteer=-26051 driveMode=412500/412070 iDrive=188562 scale=0 wheel=1200000
run=1 step=2 angle=142031 target=142295 err=264 steer=0 m1=7830/412500 i1=166 t1=32 m2=-7812/-412500 i2=-209 t2=31 steerMode=0/-84 iSteer=-21877 driveMode=412500/412319 iDrive=187503 scale=0 wheel=1200000
run=1 step=2 angle=142119 target=142295 err=176 steer=0 m1=7853/412500 i1=100 t1=32 m2=-7791/-412500 i2=-283 t2=31 steerMode=0/1315 iSteer=-91532 driveMode=412500/411829 iDrive=191141 scale=0 wheel=1200000
run=1 step=2 angle=141768 target=142295 err=527 steer=264 m1=7830/413950 i1=245 t1=32 m2=-7837/-411050 i2=-134 t2=32 steerMode=1450/-181 iSteer=55616 driveMode=412500/412355 iDrive=189467 scale=0 wheel=1200000
run=1 step=2 angle=142119 target=142295 err=176 steer=0 m1=7828/412500 i1=151 t1=32 m2=-7831/-412500 i2=-232 t2=32 steerMode=0/258 iSteer=-40482 driveMode=412500/412080 iDrive=191208 scale=0 wheel=1200000
run=1 step=2 angle=142031 target=142295 err=264 steer=0 m1=7822/412500 i1=161 t1=32 m2=-7846/-412500 i2=-222 t2=32 steerMode=0/49 iSteer=-30522 driveMode=412500/412148 iDrive=191830 scale=0 wheel=1200000
run=1 step=2 angle=141855 target=142295 err=439 steer=0 m1=7838/412500 i1=168 t1=32 m2=-7839/-412500 i2=-217 t2=32 steerMode=0/-67 iSteer=-24532 driveMode=412500/412249 iDrive=192081 scale=0 wheel=1200000
run=1 step=2 angle=141943 target=142295 err=352 steer=0 m1=7841/412500 i1=163 t1=32 m2=-7823/-412500 i2=-220 t2=32 steerMode=0/19 iSteer=-28430 driveMode=412500/412384 iDrive=191663 scale=0 wheel=1200000
run=1 step=2 angle=141943 target=142295 err=352 steer=0 m1=7868/412500 i1=119 t1=32 m2=-7833/-412500 i2=-260 t2=32 steerMode=0/877 iSteer=-70335 driveMode=412500/412847 iDrive=189274 scale=0 wheel=1200000
run=1 step=2 angle=141768 target=142295 err=527 steer=264 m1=7876/413950 i1=218 t1=33 m2=-7844/-411050 i2=-152 t2=32 steerMode=1450/277 iSteer=33134 driveMode=412500/413505 iDrive=184976 scale=0 wheel=1200000
run=1 step=2 angle=142119 target=142295 err=176 steer=0 m1=7836/412500 i1=156 t1=33 m2=-7852/-412500 i2=-217 t2=32 steerMode=0/70 iSteer=-30834 driveMode=412500/412993 iDrive=186369 scale=0 wheel=1200000
run=1 step=2 angle=142119 target=142295 err=176 steer=0 m1=7845/412500 i1=163 t1=33 m2=-7856/-412500 i2=-203 t2=32 steerMode=0/-145 iSteer=-19908 driveMode=412500/413337 iDrive=183279 scale=0 wheel=1200000
run=1 step=2 angle=141855 target=142295 err=439 steer=0 m1=7845/412500 i1=159 t1=33 m2=-7827/-412500 i2=-211 t2=32 steerMode=0/-32 iSteer=-25877 driveMode=412500/412814 iDrive=185227 scale=0 wheel=1200000
run=1 step=2 angle=141855 target=142295 err=439 steer=0 m1=7849/412500 i1=153 t1=33 m2=-7831/-412500 i2=-218 t2=32 steerMode=0/112 iSteer=-32835 driveMode=412500/412701 iDrive=185385 scale=0 wheel=1200000
run=1 step=2 angle=142031 target=142295 err=264 steer=0 m1=7843/412500 i1=144 t1=33 m2=-7850/-412500 i2=-224 t2=32 steerMode=0/247 iSteer=-39574 driveMode=412500/412850 iDrive=184063 scale=0 wheel=1200000
run=1 step=2 angle=141943 target=142295 err=352 steer=0 m1=7849/412500 i1=136 t1=33 m2=-7819/-412500 i2=-234 t2=32 steerMode=0/446 iSteer=-49015 driveMode=412500/412639 iDrive=184807 scale=0 wheel=1200000
run=1 step=2 angle=141680 target=142295 err=615 steer=308 m1=7855/414192 i1=240 t1=33 m2=-7808/-410808 i2=-134 t2=32 steerMode=1692/100 iSteer=53060 driveMode=412500/412323 iDrive=186572 scale=0 wheel=1200000
run=1 step=2 angle=142119 target=142295 err=176 steer=0 m1=7836/412500 i1=154 t1=33 m2=-7835/-412500 i2=-218 t2=32 steerMode=0/82 iSteer=-31896 driveMode=412500/412442 iDrive=186155 scale=0 wheel=1200000
run=1 step=2 angle=141855 target=142295 err=439 steer=0 m1=7843/412500 i1=150 t1=33 m2=-7829/-412500 i2=-227 t2=32 steerMode=0/210 iSteer=-38634 driveMode=412500/412147 iDrive=188311 scale=0 wheel=1200000
run=1 step=2 angle=141680 target=142295 err=615 steer=308 m1=7849/414192 i1=222 t1=33 m2=-7827/-410808 i2=-153 t2=32 steerMode=1692/455 iSteer=34551 driveMode=412500/412322 iDrive=187930 scale=0 wheel=1200000
run=1 step=2 angle=142207 target=142295 err=88 steer=0 m1=7811/412500 i1=165 t1=33 m2=-7839/-412500 i2=-213 t2=32 steerMode=0/-106 iSteer=-24064 driveMode=412500/412244 iDrive=188595 scale=0 wheel=1200000
run=1 step=2 angle=141943 target=142295 err=352 steer=0 m1=7843/412500 i1=159 t1=33 m2=-7839/-412500 i2=-215 t2=32 steerMode=0/-20 iSteer=-27850 driveMode=412500/412647 iDrive=186669 scale=0 wheel=1200000
run=1 step=2 angle=141855 target=142295 err=439 steer=14 m1=7864/412575 i1=138 t1=33 m2=-7819/-412425 i2=-238 t2=32 steerMode=75/517 iSteer=-49838 driveMode=412500/412460 iDrive=187843 scale=0 wheel=1200000
run=1 step=2 angle=142031 target=142295 err=264 steer=0 m1=7836/412500 i1=157 t1=33 m2=-7829/-412500 i2=-220 t2=32 steerMode=0/51 iSteer=-31500 driveMode=412500/412340 iDrive=188491 scale=0 wheel=1200000
run=1 step=2 angle=141943 target=142295 err=352 steer=0 m1=7857/412500 i1=132 t1=33 m2=-7835/-412500 i2=-243 t2=32 steerMode=0/541 iSteer=-55241 driveMode=412500/412588 iDrive=187296 scale=0 wheel=1200000
run=1 step=2 angle=141768 target=142295 err=527 steer=264 m1=7859/413950 i1=218 t1=33 m2=-7835/-411050 i2=-150 t2=32 steerMode=1450/219 iSteer=34217 driveMode=412500/413106 iDrive=184215 scale=0 wheel=1200000
run=1 step=2 angle=142207 target=142295 err=88 steer=0 m1=7826/412500 i1=158 t1=33 m2=-7846/-412500 i2=-217 t2=32 steerMode=0/0 iSteer=-29150 driveMode=412500/412397 iDrive=187504 scale=0 wheel=1200000
run=1 step=2 angle=142119 target=142295 err=176 steer=0 m1=7847/412500 i1=161 t1=33 m2=-7850/-412500 i2=-206 t2=32 steerMode=0/-140 iSteer=-22123 driveMode=412500/413078 iDrive=183561 scale=0 wheel=1200000
run=1 step=2 angle=141768 target=142295 err=527 steer=50 m1=7874/412775 i1=156 t1=33 m2=-7819/-412225 i2=-213 t2=32 steerMode=275/278 iSteer=-28405 driveMode=412500/412842 iDrive=184210 scale=0 wheel=1200000
run=1 step=2 angle=142031 target=142295 err=264 steer=0 m1=7843/412500 i1=148 t1=33 m2=-7839/-412500 i2=-224 t2=32 steerMode=0/174 iSteer=-38015 driveMode=412500/412512 iDrive=185555 scale=0 wheel=1200000
run=1 step=2 angle=142031 target=142295 err=264 steer=0 m1=7836/412500 i1=154 t1=33 m2=-7856/-412500 i2=-215 t2=32 steerMode=0/30 iSteer=-30685 driveMode=412500/412726 iDrive=184219 scale=0 wheel=1200000
run=1 step=2 angle=141768 target=142295 err=527 steer=264 m1=7864/413950 i1=193 t1=33 m2=-7808/-411050 i2=-174 t2=32 steerMode=1450/704 iSteer=9630 driveMode=412500/412739 iDrive=183843 scale=0 wheel=1200000
run=1 step=2 angle=141855 target=142295 err=439 steer=0 m1=7838/412500 i1=162 t1=33 m2=-7825/-412500 i2=-211 t2=32 steerMode=0/-102 iSteer=-24445 driveMode=412500/412316 iDrive=186197 scale=0 wheel=1200000
run=1 step=2 angle=142031 target=142295 err=264 steer=0 m1=7815/412500 i1=165 t1=33 m2=-7844/-412500 i2=-207 t2=32 steerMode=0/-165 iSteer=-21295 driveMode=412500/412388 iDrive=185923 scale=0 wheel=1200000
run=1 step=2 angle=141943 target=142295 err=352 steer=0 m1=7838/412500 i1=146 t1=33 m2=-7833/-412500 i2=-229 t2=32 steerMode=0/242 iSteer=-41512 driveMode=412500/412159 iDrive=187919 scale=0 wheel=1200000
run=1 step=2 angle=141592 target=142295 err=703 steer=352 m1=7853/414434 i1=231 t1=33 m2=-7823/-410566 i2=-145 t2=32 steerMode=1934/517 iSteer=42849 driveMode=412500/412240 iDrive=188109 scale=0 wheel=1200000
run=1 step=2 angle=142207 target=142295 err=88 steer=0 m1=7822/412500 i1=151 t1=32 m2=-7844/-412500 i2=-225 t2=32 steerMode=0/152 iSteer=-37455 driveMode=412500/412333 iDrive=187995 scale=0 wheel=1200000
run=1 step=2 angle=142119 target=142295 err=176 steer=0 m1=7841/412500 i1=155 t1=32 m2=-7819/-412500 i2=-219 t2=32 steerMode=0/46 iSteer=-31945 driveMode=412500/412575 iDrive=187009 scale=0 wheel=1200000
run=1 step=2 angle=141768 target=142295 err=527 steer=264 m1=7847/413950 i1=227 t1=32 m2=-7835/-411050 i2=-149 t2=32 steerMode=1450/89 iSteer=39355 driveMode=412500/412458 iDrive=188025 scale=0 wheel=1200000
run=1 step=2 angle=142207 target=142295 err=88 steer=0 m1=7828/412500 i1=152 t1=32 m2=-7829/-412500 i2=-226 t2=32 steerMode=0/135 iSteer=-37131 driveMode=412500/412289 iDrive=189014 scale=0 wheel=1200000
run=1 step=2 angle=141943 target=142295 err=352 steer=0 m1=7843/412500 i1=147 t1=32 m2=-7837/-412500 i2=-229 t2=32 steerMode=0/224 iSteer=-41067 driveMode=412500/412514 iDrive=188033 scale=0 wheel=1200000
run=1 step=2 angle=141768 target=142295 err=527 steer=264 m1=7857/413950 i1=222 t1=32 m2=-7846/-411050 i2=-147 t2=32 steerMode=1450/117 iSteer=37707 driveMode=412500/413132 iDrive=184637 scale=0 wheel=1200000
run=1 step=2 angle=142119 target=142295 err=176 steer=0 m1=7826/412500 i1=158 t1=32 m2=-7852/-412500 i2=-216 t2=32 steerMode=0/-20 iSteer=-29344 driveMode=412500/412542 iDrive=186858 scale=0 wheel=1200000
run=1 step=2 angle=142031 target=142295 err=264 steer=0 m1=7843/412500 i1=152 t1=32 m2=-7846/-412500 i2=-216 t2=32 steerMode=0/40 iSteer=-32177 driveMode=412500/412961 iDrive=184262 scale=0 wheel=1200000
run=1 step=2 angle=141855 target=142295 err=439 steer=0 m1=7868/412500 i1=146 t1=32 m2=-7819/-412500 i2=-221 t2=32 steerMode=0/166 iSteer=-37433 driveMode=412500/412948 iDrive=183742 scale=0 wheel=1200000
run=1 step=2 angle=141943 target=142295 err=352 steer=0 m1=7843/412500 i1=150 t1=32 m2=-7856/-412500 i2=-218 t2=32 steerMode=0/71 iSteer=-33727 driveMode=412500/412786 iDrive=184100 scale=0 wheel=1200000
run=1 step=2 angle=142119 target=142295 err=176 steer=0 m1=7826/412500 i1=123 t1=32 m2=-7858/-412500 i2=-242 t2=32 steerMode=0/601 iSteer=-59290 driveMode=412500/412984 iDrive=182307 scale=0 wheel=1200000
run=1 step=2 angle=141768 target=142295 err=527 steer=164 m1=7859/413400 i1=185 t1=32 m2=-7810/-411600 i2=-179 t2=32 steerMode=900/275 iSteer=2978 driveMode=412500/412977 iDrive=181633 scale=0 wheel=1200000
run=1 step=2 angle=141855 target=142295 err=439 steer=0 m1=7828/412500 i1=164 t1=32 m2=-7831/-412500 i2=-206 t2=33 steerMode=0/-174 iSteer=-20792 driveMode=412500/412304 iDrive=185046 scale=0 wheel=1200000
run=1 step=2 angle=141943 target=142295 err=352 steer=0 m1=7834/412500 i1=151 t1=32 m2=-7850/-412500 i2=-216 t2=33 steerMode=0/64 iSteer=-32500 driveMode=412500/412554 iDrive=183749 scale=0 wheel=1200000
run=1 step=2 angle=142031 target=142295 err=264 steer=0 m1=7849/412500 i1=120 t1=32 m2=-7819/-412500 i2=-251 t2=33 steerMode=0/743 iSteer=-65741 driveMode=412500/412281 iDrive=185463 scale=0 wheel=1200000
run=1 step=2 angle=141768 target=142295 err=527 steer=264 m1=7828/413950 i1=232 t1=32 m2=-7831/-411050 i2=-139 t2=33 steerMode=1450/-55 iSteer=46700 driveMode=412500/412364 iDrive=185478 scale=0 wheel=1200000
run=1 step=2 angle=142119 target=142295 err=176 steer=0 m1=7824/412500 i1=148 t1=32 m2=-7839/-412500 i2=-224 t2=33 steerMode=0/165 iSteer=-37805 driveMode=412500/412355 iDrive=185765 scale=0 wheel=1200000
run=1 step=2 angle=141855 target=142295 err=439 steer=0 m1=7830/412500 i1=149 t1=32 m2=-7821/-412500 i2=-226 t2=33 steerMode=0/172 iSteer=-38192 driveMode=412500/412156 iDrive=187448 scale=0 wheel=1200000
run=1 step=2 angle=141768 target=142295 err=527 steer=264 m1=7847/413950 i1=226 t1=32 m2=-7829/-411050 i2=-152 t2=33 steerMode=1450/137 iSteer=36813 driveMode=412500/412039 iDrive=189092 scale=0 wheel=1200000
run=1 step=2 angle=142031 target=142295 err=264 steer=0 m1=7820/412500 i1=156 t1=32 m2=-7829/-412500 i2=-222 t2=33 steerMode=0/62 iSteer=-33087 driveMode=412500/412110 iDrive=189401 scale=0 wheel=1200000
run=1 step=2 angle=142031 target=142295 err=264 steer=0 m1=7830/412500 i1=150 t1=32 m2=-7846/-412500 i2=-225 t2=33 steerMode=0/163 iSteer=-37712 driveMode=412500/412587 iDrive=187441 scale=0 wheel=1200000
run=1 step=2 angle=141768 target=142295 err=527 steer=264 m1=7849/413950 i1=237 t1=33 m2=-7852/-411050 i2=-131 t2=33 steerMode=1450/-187 iSteer=53006 driveMode=412500/413194 iDrive=183933 scale=0 wheel=1200000
run=1 step=2 angle=142031 target=142295 err=264 steer=0 m1=7826/412500 i1=152 t1=33 m2=-7833/-412500 i2=-225 t2=33 steerMode=0/136 iSteer=-36635 driveMode=412500/412276 iDrive=188192 scale=0 wheel=1200000
run=1 step=2 angle=142119 target=142295 err=176 steer=0 m1=7855/412500 i1=127 t1=33 m2=-7833/-412500 i2=-244 t2=33 steerMode=0/590 iSteer=-58482 driveMode=412500/412794 iDrive=185604 scale=0 wheel=1200000
run=1 step=2 angle=141855 target=142295 err=439 steer=0 m1=7845/412500 i1=151 t1=33 m2=-7808/-412500 i2=-223 t2=33 steerMode=0/141 iSteer=-36033 driveMode=412500/412474 iDrive=187333 scale=0 wheel=1200000
run=1 step=2 angle=141855 target=142295 err=439 steer=0 m1=7841/412500 i1=159 t1=33 m2=-7835/-412500 i2=-216 t2=33 steerMode=0/-21 iSteer=-28663 driveMode=412500/412521 iDrive=187165 scale=0 wheel=1200000
run=1 step=2 angle=142119 target=142295 err=176 steer=0 m1=7836/412500 i1=109 t1=33 m2=-7839/-412500 i2=-262 t2=33 steerMode=0/968 iSteer=-76755 driveMode=412500/412774 iDrive=185385 scale=0 wheel=1200000
run=1 step=2 angle=141943 target=142295 err=352 steer=0 m1=7853/412500 i1=147 t1=33 m2=-7829/-412500 i2=-224 t2=33 steerMode=0/195 iSteer=-38403 driveMode=412500/412741 iDrive=185141 scale=0 wheel=1200000
run=1 step=2 angle=141855 target=142295 err=439 steer=0 m1=7849/412500 i1=164 t1=33 m2=-7821/-412500 i2=-214 t2=33 steerMode=0/-83 iSteer=-24979 driveMode=412500/412128 iDrive=188534 scale=0 wheel=1200000
run=1 step=2 angle=141943 target=142295 err=352 steer=0 m1=7820/412500 i1=158 t1=33 m2=-7827/-412500 i2=-217 t2=33 steerMode=0/5 iSteer=-29487 driveMode=412500/412408 iDrive=187561 scale=0 wheel=1200000
run=1 step=2 angle=142119 target=142295 err=176 steer=0 m1=7855/412500 i1=89 t1=33 m2=-7798/-412500 i2=-289 t2=33 steerMode=0/1437 iSteer=-100122 driveMode=412500/412276 iDrive=188902 scale=0 wheel=1200000
run=1 step=2 angle=141855 target=142295 err=439 steer=214 m1=7828/413675 i1=226 t1=33 m2=-7852/-411325 i2=-150 t2=33 steerMode=1175/-164 iSteer=38144 driveMode=412500/412461 iDrive=188324 scale=0 wheel=1200000
run=1 step=2 angle=142119 target=142295 err=176 steer=0 m1=7830/412500 i1=147 t1=33 m2=-7852/-412500 i2=-228 t2=33 steerMode=0/212 iSteer=-40488 driveMode=412500/412587 iDrive=187493 scale=0 wheel=1200000
run=1 step=2 angle=141943 target=142295 err=352 steer=0 m1=7836/412500 i1=154 t1=33 m2=-7823/-412500 i2=-220 t2=33 steerMode=0/66 iSteer=-33063 driveMode=412500/412626 iDrive=187116 scale=0 wheel=1200000
run=1 step=2 angle=141768 target=142295 err=527 steer=264 m1=7855/413950 i1=227 t1=33 m2=-7831/-411050 i2=-148 t2=33 steerMode=1450/82 iSteer=39402 driveMode=412500/412532 iDrive=187805 scale=0 wheel=1200000
run=1 step=2 angle=142119 target=142295 err=176 steer=0 m1=7822/412500 i1=157 t1=33 m2=-7831/-412500 i2=-219 t2=33 steerMode=0/28 iSteer=-31210 driveMode=412500/412463 iDrive=187939 scale=0 wheel=1200000
run=1 step=2 angle=142031 target=142295 err=264 steer=0 m1=7843/412500 i1=141 t1=33 m2=-7844/-412500 i2=-232 t2=33 steerMode=0/328 iSteer=-45754 driveMode=412500/412730 iDrive=186681 scale=0 wheel=1200000
run=1 step=2 angle=141855 target=142295 err=439 steer=0 m1=7857/412500 i1=160 t1=33 m2=-7854/-412500 i2=-207 t2=33 steerMode=0/-115 iSteer=-23487 driveMode=412500/413267 iDrive=183379 scale=0 wheel=1200000
run=1 step=2 angle=141943 target=142295 err=352 steer=0 m1=7841/412500 i1=162 t1=33 m2=-7850/-412500 i2=-208 t2=33 steerMode=0/-136 iSteer=-23276 driveMode=412500/412761 iDrive=185213 scale=0 wheel=1200000
run=1 step=2 angle=142031 target=142295 err=264 steer=0 m1=7866/412500 i1=81 t1=33 m2=-7825/-412500 i2=-285 t2=33 steerMode=0/1473 iSteer=-102188 driveMode=412500/413006 iDrive=183226 scale=0 wheel=1200000
run=1 step=2 angle=141943 target=142295 err=352 steer=0 m1=7845/412500 i1=169 t1=33 m2=-7846/-412500 i2=-196 t2=32 steerMode=0/-316 iSteer=-13632 driveMode=412500/413030 iDrive=182496 scale=0 wheel=1200000
run=1 step=2 angle=141943 target=142295 err=352 steer=0 m1=7838/412500 i1=152 t1=33 m2=-7848/-412500 i2=-213 t2=32 steerMode=0/22 iSteer=-30569 driveMode=412500/412855 iDrive=182683 scale=0 wheel=1200000
run=1 step=2 angle=142119 target=142295 err=176 steer=0 m1=7841/412500 i1=119 t1=33 m2=-7837/-412500 i2=-242 t2=32 steerMode=0/652 iSteer=-61580 driveMode=412500/413009 iDrive=180879 scale=0 wheel=1200000
run=1 step=2 angle=141943 target=142295 err=352 steer=0 m1=7845/412500 i1=146 t1=33 m2=-7812/-412500 i2=-219 t2=32 steerMode=0/147 iSteer=-36411 driveMode=412500/412696 iDrive=182267 scale=0 wheel=1200000
run=1 step=2 angle=141855 target=142295 err=439 steer=0 m1=7830/412500 i1=171 t1=33 m2=-7831/-412500 i2=-201 t2=32 steerMode=0/-295 iSteer=-14689 driveMode=412500/412081 iDrive=185845 scale=0 wheel=1200000
run=1 step=2 angle=142119 target=142295 err=176 steer=0 m1=7845/412500 i1=100 t1=33 m2=-7821/-412500 i2=-270 t2=32 steerMode=0/1133 iSteer=-85028 driveMode=412500/412399 iDrive=184648 scale=0 wheel=1200000
run=1 step=2 angle=141855 target=142295 err=439 steer=164 m1=7830/413400 i1=202 t1=33 m2=-7829/-411600 i2=-169 t2=32 steerMode=900/2 iSteer=16412 driveMode=412500/412262 iDrive=185900 scale=0 wheel=1200000
run=1 step=2 angle=141855 target=142295 err=439 steer=0 m1=7836/412500 i1=149 t1=33 m2=-7835/-412500 i2=-221 t2=32 steerMode=0/127 iSteer=-35578 driveMode=412500/412499 iDrive=185000 scale=0 wheel=1200000
run=1 step=2 angle=141943 target=142295 err=352 steer=0 m1=7828/412500 i1=172 t1=33 m2=-7837/-412500 i2=-197 t2=32 steerMode=0/-336 iSteer=-12477 driveMode=412500/412544 iDrive=184616 scale=0 wheel=1200000
run=1 step=2 angle=141855 target=142295 err=439 steer=14 m1=7866/412575 i1=82 t1=33 m2=-7796/-412425 i2=-288 t2=32 steerMode=75/1577 iSteer=-102945 driveMode=412500/412412 iDrive=185369 scale=0 wheel=1200000
run=1 step=2 angle=141855 target=142295 err=439 steer=0 m1=7843/412500 i1=178 t1=33 m2=-7860/-412500 i2=-194 t2=32 steerMode=0/-418 iSteer=-7916 driveMode=412500/412427 iDrive=185751 scale=0 wheel=1200000
run=1 step=2 angle=141943 target=142295 err=352 steer=0 m1=7818/412500 i1=148 t1=33 m2=-7823/-412500 i2=-225 t2=32 steerMode=0/197 iSteer=-38318 driveMode=412500/412303 iDrive=186348 scale=0 wheel=1200000
run=1 step=2 angle=141855 target=142295 err=439 steer=14 m1=7859/412575 i1=115 t1=33 m2=-7808/-412425 i2=-257 t2=32 steerMode=75/958 iSteer=-71455 driveMode=412500/412465 iDrive=186011 scale=0 wheel=1200000
run=1 step=2 angle=141768 target=142295 err=527 steer=264 m1=7847/413950 i1=238 t1=33 m2=-7850/-411050 i2=-130 t2=32 steerMode=1450/-181 iSteer=53790 driveMode=412500/412839 iDrive=184199 scale=0 wheel=1200000
run=1 step=2 angle=142119 target=142295 err=176 steer=0 m1=7830/412500 i1=158 t1=33 m2=-7833/-412500 i2=-218 t2=32 steerMode=0/13 iSteer=-29841 driveMode=412500/412131 iDrive=187708 scale=0 wheel=1200000
run=1 step=2 angle=141943 target=142295 err=352 steer=0 m1=7832/412500 i1=152 t1=33 m2=-7827/-412500 i2=-220 t2=32 steerMode=0/97 iSteer=-34173 driveMode=412500/412549 iDrive=185997 scale=0 wheel=1200000
run=1 step=2 angle=141943 target=142295 err=352 steer=14 m1=7836/412575 i1=150 t1=33 m2=-7810/-412425 i2=-226 t2=32 steerMode=75/260 iSteer=-37998 driveMode=412500/412184 iDrive=188344 scale=0 wheel=1200000
run=1 step=2 angle=142031 target=142295 err=264 steer=0 m1=7836/412500 i1=156 t1=33 m2=-7837/-412500 i2=-219 t2=32 steerMode=0/38 iSteer=-31498 driveMode=412500/412391 iDrive=187874 scale=0 wheel=1200000
run=1 step=2 angle=142031 target=142295 err=264 steer=0 m1=7843/412500 i1=149 t1=33 m2=-7869/-412500 i2=-220 t2=32 steerMode=0/118 iSteer=-35240 driveMode=412500/413008 iDrive=184306 scale=0 wheel=1200000
run=1 step=2 angle=141768 target=142295 err=527 steer=264 m1=7887/413950 i1=185 t1=33 m2=-7800/-411050 i2=-182 t2=32 steerMode=1450/871 iSteer=1147 driveMode=412500/413003 iDrive=183583 scale=0 wheel=1200000
run=1 step=2 angle=141943 target=142295 err=352 steer=0 m1=7845/412500 i1=164 t1=33 m2=-7831/-412500 i2=-207 t2=32 steerMode=0/-164 iSteer=-21751 driveMode=412500/412547 iDrive=185534 scale=0 wheel=1200000
run=1 step=2 angle=142031 target=142295 err=264 steer=0 m1=7836/412500 i1=151 t1=33 m2=-7852/-412500 i2=-215 t2=32 steerMode=0/56 iSteer=-32224 driveMode=412500/412973 iDrive=182775 scale=0 wheel=1200000
run=1 step=2 angle=141855 target=142295 err=439 steer=214 m1=7838/413675 i1=198 t1=33 m2=-7816/-411325 i2=-173 t2=32 steerMode=1175/355 iSteer=12509 driveMode=412500/412504 iDrive=185011 scale=0 wheel=1200000
run=1 step=2 angle=141855 target=142295 err=439 steer=0 m1=7838/412500 i1=157 t1=33 m2=-7831/-412500 i2=-211 t2=33 steerMode=0/-43 iSteer=-27343 driveMode=412500/412693 iDrive=184004 scale=0 wheel=1200000
run=1 step=2 angle=141943 target=142295 err=352 steer=0 m1=7836/412500 i1=155 t1=33 m2=-7844/-412500 i2=-212 t2=33 steerMode=0/-21 iSteer=-28341 driveMode=412500/412786 iDrive=183200 scale=0 wheel=1200000
run=1 step=2 angle=141943 target=142295 err=352 steer=0 m1=7857/412500 i1=122 t1=33 m2=-7833/-412500 i2=-245 t2=33 steerMode=0/652 iSteer=-61466 driveMode=412500/412718 iDrive=183376 scale=0 wheel=1200000
run=1 step=2 angle=141680 target=142295 err=615 steer=308 m1=7847/414192 i1=224 t1=33 m2=-7823/-410808 i2=-144 t2=33 steerMode=1692/319 iSteer=40361 driveMode=412500/412581 iDrive=184001 scale=0 wheel=1200000
run=1 step=2 angle=142119 target=142295 err=176 steer=0 m1=7828/412500 i1=143 t1=33 m2=-7831/-412500 i2=-226 t2=33 steerMode=0/219 iSteer=-41167 driveMode=412500/412461 iDrive=184514 scale=0 wheel=1200000
run=1 step=2 angle=142031 target=142295 err=264 steer=0 m1=7828/412500 i1=156 t1=33 m2=-7846/-412500 i2=-213 t2=33 steerMode=0/-38 iSteer=-28319 driveMode=412500/412556 iDrive=184363 scale=0 wheel=1200000
run=1 step=2 angle=141592 target=142295 err=703 steer=352 m1=7859/414434 i1=245 t1=33 m2=-7842/-410566 i2=-121 t2=33 steerMode=1934/104 iSteer=62386 driveMode=412500/412842 iDrive=182921 scale=0 wheel=1200000
run=1 step=2 angle=142119 target=142295 err=176 steer=0 m1=7820/412500 i1=142 t1=33 m2=-7837/-412500 i2=-227 t2=33 steerMode=0/238 iSteer=-42590 driveMode=412500/412433 iDrive=184633 scale=0 wheel=1200000
STEP_OK: step=2 target=1200 cmd=1200000 measured=1201727 angleErr=439
STEP_START: step=3 target=1200 steerTarget=232295
run=1 step=3 angle=141943 target=232295 err=90352 steer=550 m1=7859/415525 i1=294 t1=33 m2=-7835/-409475 i2=-68 t2=33 steerMode=3025/178 iSteer=113159 driveMode=412500/413059 iDrive=181123 scale=0 wheel=1200000
run=1 step=3 angle=146074 target=232295 err=86221 steer=5000 m1=8265/440000 i1=677 t1=33 m2=-7369/-385000 i2=302 t2=33 steerMode=27500/17631 iSteer=489654 driveMode=412500/411865 iDrive=187405 scale=0 wheel=1200000
run=1 step=3 angle=158643 target=232295 err=73652 steer=5000 m1=8320/440000 i1=138 t1=33 m2=-7300/-385000 i2=-250 t2=33 steerMode=27500/28570 iSteer=-56272 driveMode=412500/411056 iDrive=193810 scale=0 wheel=1200000
run=1 step=3 angle=170068 target=232295 err=62227 steer=5000 m1=8324/440000 i1=232 t1=33 m2=-7304/-385000 i2=-156 t2=33 steerMode=27500/26716 iSteer=38005 driveMode=412500/411327 iDrive=194446 scale=0 wheel=1200000
run=1 step=3 angle=182285 target=232295 err=50010 steer=5000 m1=8345/440000 i1=195 t1=33 m2=-7297/-385000 i2=-196 t2=33 steerMode=27500/27494 iSteer=-382 driveMode=412500/411474 iDrive=195605 scale=0 wheel=1200000
run=1 step=3 angle=194502 target=232295 err=37793 steer=5000 m1=8334/440000 i1=222 t1=33 m2=-7320/-385000 i2=-175 t2=33 steerMode=27500/27022 iSteer=23801 driveMode=412500/411353 iDrive=198374 scale=0 wheel=1200000
run=1 step=3 angle=206191 target=232295 err=26104 steer=5000 m1=8332/440000 i1=205 t1=34 m2=-7308/-385000 i2=-197 t2=33 steerMode=27500/27434 iSteer=3882 driveMode=412500/411215 iDrive=201044 scale=0 wheel=1200000
run=1 step=3 angle=218057 target=232295 err=14238 steer=5000 m1=8351/440000 i1=196 t1=34 m2=-7312/-385000 i2=-201 t2=33 steerMode=27500/27571 iSteer=-2534 driveMode=412500/411916 iDrive=198837 scale=0 wheel=1200000
run=1 step=3 angle=228779 target=232295 err=3516 steer=1922 m1=8157/423070 i1=-332 t1=34 m2=-7544/-401930 i2=-724 t2=33 steerMode=10570/20910 iSteer=-528161 driveMode=412500/412612 iDrive=195945 scale=0 wheel=1200000
run=1 step=3 angle=230889 target=232295 err=1406 steer=703 m1=7926/416367 i1=170 t1=34 m2=-7779/-408633 i2=-212 t2=33 steerMode=3867/3873 iSteer=-20692 driveMode=412500/413326 iDrive=190934 scale=0 wheel=1200000
run=1 step=3 angle=231943 target=232295 err=352 steer=0 m1=7855/412500 i1=109 t1=34 m2=-7877/-412500 i2=-265 t2=33 steerMode=0/1060 iSteer=-78001 driveMode=412500/413676 iDrive=186940 scale=0 wheel=1200000
run=1 step=3 angle=231855 target=232295 err=439 steer=114 m1=7887/413125 i1=152 t1=34 m2=-7854/-411875 i2=-212 t2=33 steerMode=625/737 iSteer=-29548 driveMode=412500/414159 iDrive=181985 scale=0 wheel=1200000
run=1 step=3 angle=231943 target=232295 err=352 steer=114 m1=7880/413125 i1=156 t1=34 m2=-7833/-411875 i2=-208 t2=33 steerMode=625/666 iSteer=-26454 driveMode=412500/413656 iDrive=181984 scale=0 wheel=1200000
run=1 step=3 angle=232031 target=232295 err=264 steer=0 m1=7843/412500 i1=144 t1=34 m2=-7844/-412500 i2=-217 t2=33 steerMode=0/213 iSteer=-36299 driveMode=412500/413523 iDrive=180299 scale=0 wheel=1200000
run=1 step=3 angle=231943 target=232295 err=352 steer=0 m1=7857/412500 i1=145 t1=34 m2=-7865/-412500 i2=-210 t2=33 steerMode=0/136 iSteer=-32890 driveMode=412500/413745 iDrive=177461 scale=0 wheel=1200000
run=1 step=3 angle=232119 target=232295 err=176 steer=0 m1=7868/412500 i1=86 t1=34 m2=-7816/-412500 i2=-275 t2=33 steerMode=0/1379 iSteer=-94288 driveMode=412500/412820 iDrive=180585 scale=0 wheel=1200000
run=1 step=3 angle=231943 target=232295 err=352 steer=0 m1=7849/412500 i1=166 t1=34 m2=-7848/-412500 i2=-197 t2=33 steerMode=0/-213 iSteer=-15637 driveMode=412500/412495 iDrive=181752 scale=0 wheel=1200000
run=1 step=3 angle=231943 target=232295 err=352 steer=14 m1=7861/412575 i1=115 t1=34 m2=-7812/-412425 i2=-245 t2=33 steerMode=75/856 iSteer=-64909 driveMode=412500/412724 iDrive=180371 scale=0 wheel=1200000
run=1 step=3 angle=232031 target=232295 err=264 steer=0 m1=7847/412500 i1=136 t1=34 m2=-7825/-412500 i2=-229 t2=33 steerMode=0/384 iSteer=-46214 driveMode=412500/412342 iDrive=182292 scale=0 wheel=1200000
run=1 step=3 angle=231768 target=232295 err=527 steer=264 m1=7849/413950 i1=200 t1=34 m2=-7804/-411050 i2=-161 t2=33 steerMode=1450/548 iSteer=19267 driveMode=412500/412584 iDrive=180676 scale=0 wheel=1200000
run=1 step=3 angle=232207 target=232295 err=88 steer=0 m1=7836/412500 i1=144 t1=34 m2=-7848/-412500 i2=-218 t2=33 steerMode=0/178 iSteer=-37010 driveMode=412500/412594 iDrive=180519 scale=0 wheel=1200000
run=1 step=3 angle=232119 target=232295 err=176 steer=0 m1=7843/412500 i1=141 t1=34 m2=-7844/-412500 i2=-220 t2=33 steerMode=0/232 iSteer=-39848 driveMode=412500/412601 iDrive=180521 scale=0 wheel=1200000
run=1 step=3 angle=231943 target=232295 err=352 steer=0 m1=7849/412500 i1=147 t1=34 m2=-7808/-412500 i2=-215 t2=33 steerMode=0/118 iSteer=-34029 driveMode=412500/412404 iDrive=181355 scale=0 wheel=1200000
run=1 step=3 angle=232031 target=232295 err=264 steer=0 m1=7845/412500 i1=113 t1=34 m2=-7804/-412500 i2=-250 t2=33 steerMode=0/818 iSteer=-68779 driveMode=412500/412418 iDrive=181339 scale=0 wheel=1200000
run=1 step=3 angle=231943 target=232295 err=352 steer=214 m1=7838/413675 i1=203 t1=34 m2=-7856/-411325 i2=-157 t2=33 steerMode=1175/140 iSteer=22888 driveMode=412500/412775 iDrive=179753 scale=0 wheel=1200000
run=1 step=3 angle=231855 target=232295 err=439 steer=114 m1=7847/413125 i1=151 t1=34 m2=-7814/-411875 i2=-214 t2=33 steerMode=625/679 iSteer=-31503 driveMode=412500/412137 iDrive=182643 scale=0 wheel=1200000
run=1 step=3 angle=231943 target=232295 err=352 steer=0 m1=7830/412500 i1=147 t1=34 m2=-7814/-412500 i2=-221 t2=33 steerMode=0/142 iSteer=-37289 driveMode=412500/411909 iDrive=184169 scale=0 wheel=1200000
run=1 step=3 angle=231855 target=232295 err=439 steer=0 m1=7849/412500 i1=140 t1=34 m2=-7812/-412500 i2=-225 t2=33 steerMode=0/240 iSteer=-42219 driveMode=412500/412415 iDrive=182558 scale=0 wheel=1200000
run=1 step=3 angle=231768 target=232295 err=527 steer=264 m1=7851/413950 i1=188 t1=34 m2=-7791/-411050 i2=-182 t2=33 steerMode=1450/807 iSteer=3071 driveMode=412500/412017 iDrive=185026 scale=0 wheel=1200000
run=1 step=3 angle=232119 target=232295 err=176 steer=0 m1=7832/412500 i1=142 t1=34 m2=-7833/-412500 i2=-226 t2=33 steerMode=0/228 iSteer=-42420 driveMode=412500/412300 iDrive=184049 scale=0 wheel=1200000
run=1 step=3 angle=231943 target=232295 err=352 steer=0 m1=7838/412500 i1=149 t1=34 m2=-7848/-412500 i2=-216 t2=33 steerMode=0/40 iSteer=-33353 driveMode=412500/412681 iDrive=182360 scale=0 wheel=1200000
run=1 step=3 angle=231943 target=232295 err=352 steer=0 m1=7868/412500 i1=81 t1=34 m2=-7785/-412500 i2=-289 t2=33 steerMode=0/1472 iSteer=-103571 driveMode=412500/412153 iDrive=185009 scale=0 wheel=1200000
run=1 step=3 angle=231855 target=232295 err=439 steer=0 m1=7832/412500 i1=173 t1=34 m2=-7821/-412500 i2=-198 t2=33 steerMode=0/-365 iSteer=-12907 driveMode=412500/412106 iDrive=185563 scale=0 wheel=1200000
run=1 step=3 angle=231855 target=232295 err=439 steer=214 m1=7851/413675 i1=179 t1=34 m2=-7812/-411325 i2=-190 t2=33 steerMode=1175/680 iSteer=-5793 driveMode=412500/412423 iDrive=184550 scale=0 wheel=1200000
run=1 step=3 angle=231943 target=232295 err=352 steer=0 m1=7836/412500 i1=133 t1=34 m2=-7835/-412500 i2=-240 t2=33 steerMode=0/418 iSteer=-53235 driveMode=412500/412205 iDrive=186305 scale=0 wheel=1200000
run=1 step=3 angle=231855 target=232295 err=439 steer=214 m1=7849/413675 i1=194 t1=34 m2=-7823/-411325 i2=-174 t2=33 steerMode=1175/355 iSteer=10120 driveMode=412500/412563 iDrive=184304 scale=0 wheel=1200000
run=1 step=3 angle=232031 target=232295 err=264 steer=0 m1=7838/412500 i1=145 t1=34 m2=-7850/-412500 i2=-218 t2=33 steerMode=0/78 iSteer=-36370 driveMode=412500/413024 iDrive=181420 scale=0 wheel=1200000
run=1 step=3 angle=231943 target=232295 err=352 steer=0 m1=7851/412500 i1=138 t1=34 m2=-7860/-412500 i2=-226 t2=33 steerMode=0/238 iSteer=-44140 driveMode=412500/412780 iDrive=181975 scale=0 wheel=1200000
run=1 step=3 angle=231768 target=232295 err=527 steer=264 m1=7868/413950 i1=214 t1=34 m2=-7798/-411050 i2=-149 t2=33 steerMode=1450/178 iSteer=32620 driveMode=412500/412696 iDrive=181790 scale=0 wheel=1200000
run=1 step=3 angle=232207 target=232295 err=88 steer=0 m1=7824/412500 i1=112 t1=34 m2=-7814/-412500 i2=-252 t2=33 steerMode=0/746 iSteer=-70049 driveMode=412500/412604 iDrive=181577 scale=0 wheel=1200000
run=1 step=3 angle=231855 target=232295 err=439 steer=0 m1=7845/412500 i1=142 t1=34 m2=-7858/-412500 i2=-218 t2=33 steerMode=0/106 iSteer=-38013 driveMode=412500/412907 iDrive=179760 scale=0 wheel=1200000
run=1 step=3 angle=231855 target=232295 err=439 steer=214 m1=7851/413675 i1=172 t1=34 m2=-7808/-411325 i2=-191 t2=33 steerMode=1175/732 iSteer=-9759 driveMode=412500/412474 iDrive=181278 scale=0 wheel=1200000
run=1 step=3 angle=231943 target=232295 err=352 steer=0 m1=7834/412500 i1=156 t1=34 m2=-7827/-412500 i2=-204 t2=33 steerMode=0/-181 iSteer=-24005 driveMode=412500/412595 iDrive=180197 scale=0 wheel=1200000
run=1 step=3 angle=231943 target=232295 err=352 steer=0 m1=7851/412500 i1=126 t1=34 m2=-7833/-412500 i2=-233 t2=33 steerMode=0/416 iSteer=-53846 driveMode=412500/412737 iDrive=179545 scale=0 wheel=1200000
run=1 step=3 angle=231680 target=232295 err=615 steer=308 m1=7874/414192 i1=193 t1=34 m2=-7810/-410808 i2=-170 t2=33 steerMode=1692/824 iSteer=11525 driveMode=412500/412282 iDrive=181783 scale=0 wheel=1200000
run=1 step=3 angle=231943 target=232295 err=352 steer=0 m1=7826/412500 i1=147 t1=34 m2=-7846/-412500 i2=-217 t2=33 steerMode=0/16 iSteer=-34680 driveMode=412500/412266 iDrive=182054 scale=0 wheel=1200000
run=1 step=3 angle=231855 target=232295 err=439 steer=214 m1=7853/413675 i1=184 t1=34 m2=-7829/-411325 i2=-177 t2=33 steerMode=1175/446 iSteer=3497 driveMode=412500/412723 iDrive=180043 scale=0 wheel=1200000
run=1 step=3 angle=231943 target=232295 err=352 steer=114 m1=7851/413125 i1=147 t1=34 m2=-7808/-411875 i2=-219 t2=33 steerMode=625/682 iSteer=-35965 driveMode=412500/412142 iDrive=183088 scale=0 wheel=1200000
run=1 step=3 angle=231768 target=232295 err=527 steer=250 m1=7824/413875 i1=234 t1=34 m2=-7827/-411125 i2=-135 t2=33 steerMode=1375/-292 iSteer=49667 driveMode=412500/411946 iDrive=184598 scale=0 wheel=1200000
run=1 step=3 angle=231943 target=232295 err=352 steer=0 m1=7836/412500 i1=115 t1=34 m2=-7819/-412500 i2=-253 t2=33 steerMode=0/700 iSteer=-68942 driveMode=412500/412173 iDrive=184313 scale=0 wheel=1200000
run=1 step=3 angle=231855 target=232295 err=439 steer=164 m1=7841/413400 i1=182 t1=34 m2=-7837/-411600 i2=-189 t2=34 steerMode=900/304 iSteer=-3463 driveMode=412500/412074 iDrive=185655 scale=0 wheel=1200000
run=1 step=3 angle=231943 target=232295 err=352 steer=0 m1=7830/412500 i1=139 t1=34 m2=-7839/-412500 i2=-227 t2=34 steerMode=0/200 iSteer=-43597 driveMode=412500/412609 iDrive=183057 scale=0 wheel=1200000
run=1 step=3 angle=231855 target=232295 err=439 steer=0 m1=7845/412500 i1=148 t1=34 m2=-7848/-412500 i2=-214 t2=34 steerMode=0/-5 iSteer=-33147 driveMode=412500/412891 iDrive=181208 scale=0 wheel=1200000
run=1 step=3 angle=232031 target=232295 err=264 steer=0 m1=7882/412500 i1=61 t1=34 m2=-7814/-412500 i2=-302 t2=34 steerMode=0/1760 iSteer=-120104 driveMode=412500/412739 iDrive=181587 scale=0 wheel=1200000
run=1 step=3 angle=231768 target=232295 err=527 steer=50 m1=7849/412775 i1=175 t1=34 m2=-7810/-412225 i2=-190 t2=34 steerMode=275/-228 iSteer=-7668 driveMode=412500/412507 iDrive=182271 scale=0 wheel=1200000
run=1 step=3 angle=231943 target=232295 err=352 steer=0 m1=7832/412500 i1=108 t1=34 m2=-7827/-412500 i2=-253 t2=34 steerMode=0/794 iSteer=-72815 driveMode=412500/412742 iDrive=180609 scale=0 wheel=1200000
run=1 step=3 angle=231680 target=232295 err=615 steer=308 m1=7853/414192 i1=224 t1=34 m2=-7854/-410808 i2=-136 t2=34 steerMode=1692/148 iSteer=43992 driveMode=412500/412846 iDrive=179934 scale=0 wheel=1200000
run=1 step=3 angle=232031 target=232295 err=264 steer=0 m1=7851/412500 i1=117 t1=34 m2=-7823/-412500 i2=-244 t2=34 steerMode=0/597 iSteer=-63093 driveMode=412500/412580 iDrive=180565 scale=0 wheel=1200000
run=1 step=3 angle=231943 target=232295 err=352 steer=0 m1=7845/412500 i1=151 t1=34 m2=-7821/-412500 i2=-209 t2=34 steerMode=0/-94 iSteer=-28625 driveMode=412500/412620 iDrive=179934 scale=0 wheel=1200000
run=1 step=3 angle=231768 target=232295 err=527 steer=264 m1=7855/413950 i1=178 t1=34 m2=-7825/-411050 i2=-180 t2=34 steerMode=1450/822 iSteer=-1158 driveMode=412500/412787 iDrive=179154 scale=0 wheel=1200000
run=1 step=3 angle=231855 target=232295 err=439 steer=0 m1=7847/412500 i1=137 t1=34 m2=-7835/-412500 i2=-225 t2=34 steerMode=0/210 iSteer=-43951 driveMode=412500/412324 iDrive=181346 scale=0 wheel=1200000
run=1 step=3 angle=231768 target=232295 err=527 steer=264 m1=7836/413950 i1=198 t1=34 m2=-7839/-411050 i2=-163 t2=34 steerMode=1450/440 iSteer=17670 driveMode=412500/412450 iDrive=180612 scale=0 wheel=1200000
run=1 step=3 angle=231943 target=232295 err=352 steer=0 m1=7847/412500 i1=147 t1=34 m2=-7850/-412500 i2=-209 t2=34 steerMode=0/-72 iSteer=-30571 driveMode=412500/412966 iDrive=178030 scale=0 wheel=1200000
run=1 step=3 angle=231855 target=232295 err=439 steer=164 m1=7870/413400 i1=109 t1=34 m2=-7783/-411600 i2=-254 t2=34 steerMode=900/1696 iSteer=-72169 driveMode=412500/412247 iDrive=181451 scale=0 wheel=1200000
run=1 step=3 angle=232119 target=232295 err=176 steer=0 m1=7828/412500 i1=171 t1=34 m2=-7848/-412500 i2=-194 t2=34 steerMode=0/-455 iSteer=-11497 driveMode=412500/412162 iDrive=182134 scale=0 wheel=1200000
run=1 step=3 angle=231855 target=232295 err=439 steer=214 m1=7853/413675 i1=184 t1=34 m2=-7800/-411325 i2=-181 t2=34 steerMode=1175/477 iSteer=1556 driveMode=412500/412262 iDrive=182099 scale=0 wheel=1200000
run=1 step=3 angle=232031 target=232295 err=264 steer=0 m1=7815/412500 i1=134 t1=35 m2=-7835/-412500 i2=-236 t2=34 steerMode=0/322 iSteer=-50755 driveMode=412500/411896 iDrive=184823 scale=0 wheel=1200000
run=1 step=3 angle=231680 target=232295 err=615 steer=308 m1=7849/414192 i1=221 t1=35 m2=-7810/-410808 i2=-146 t2=34 steerMode=1692/283 iSteer=37132 driveMode=412500/412242 iDrive=183564 scale=0 wheel=1200000
run=1 step=3 angle=232031 target=232295 err=264 steer=0 m1=7826/412500 i1=142 t1=35 m2=-7814/-412500 i2=-225 t2=34 steerMode=0/122 iSteer=-41404 driveMode=412500/412330 iDrive=183600 scale=0 wheel=1200000
run=1 step=3 angle=231855 target=232295 err=439 steer=50 m1=7845/412775 i1=146 t1=35 m2=-7833/-412225 i2=-223 t2=34 steerMode=275/343 iSteer=-38431 driveMode=412500/412223 iDrive=184795 scale=0 wheel=1200000
run=1 step=3 angle=231680 target=232295 err=615 steer=308 m1=7855/414192 i1=235 t1=35 m2=-7810/-410808 i2=-134 t2=34 steerMode=1692/-1 iSteer=50496 driveMode=412500/412373 iDrive=184158 scale=0 wheel=1200000
run=1 step=3 angle=231943 target=232295 err=352 steer=0 m1=7843/412500 i1=113 t1=35 m2=-7835/-412500 i2=-253 t2=34 steerMode=0/690 iSteer=-69733 driveMode=412500/412582 iDrive=182876 scale=0 wheel=1200000
run=1 step=3 angle=231855 target=232295 err=439 steer=0 m1=7855/412500 i1=145 t1=35 m2=-7860/-412500 i2=-217 t2=34 steerMode=0/21 iSteer=-36232 driveMode=412500/412876 iDrive=181169 scale=0 wheel=1200000
run=1 step=3 angle=231680 target=232295 err=615 steer=308 m1=7857/414192 i1=210 t1=35 m2=-7821/-410808 i2=-154 t2=34 steerMode=1692/442 iSteer=28007 driveMode=412500/412533 iDrive=182185 scale=0 wheel=1200000
run=1 step=3 angle=231943 target=232295 err=352 steer=0 m1=7847/412500 i1=143 t1=35 m2=-7844/-412500 i2=-219 t2=34 steerMode=0/47 iSteer=-38276 driveMode=412500/412690 iDrive=180965 scale=0 wheel=1200000
run=1 step=3 angle=231680 target=232295 err=615 steer=300 m1=7851/414150 i1=209 t1=35 m2=-7837/-410850 i2=-150 t2=34 steerMode=1650/357 iSteer=29481 driveMode=412500/412924 iDrive=179513 scale=0 wheel=1200000
run=1 step=3 angle=231768 target=232295 err=527 steer=264 m1=7855/413950 i1=196 t1=35 m2=-7829/-411050 i2=-167 t2=34 steerMode=1450/457 iSteer=14440 driveMode=412500/412516 iDrive=181106 scale=0 wheel=1200000
run=1 step=3 angle=231855 target=232295 err=439 steer=0 m1=7824/412500 i1=138 t1=35 m2=-7858/-412500 i2=-220 t2=34 steerMode=0/90 iSteer=-40982 driveMode=412500/412768 iDrive=179291 scale=0 wheel=1200000
run=1 step=3 angle=231768 target=232295 err=527 steer=200 m1=7861/413600 i1=175 t1=35 m2=-7848/-411400 i2=-180 t2=34 steerMode=1100/439 iSteer=-2143 driveMode=412500/413054 iDrive=177382 scale=0 wheel=1200000
run=1 step=3 angle=231943 target=232295 err=352 steer=0 m1=7841/412500 i1=111 t1=35 m2=-7821/-412500 i2=-251 t2=34 steerMode=0/692 iSteer=-70259 driveMode=412500/412290 iDrive=180883 scale=0 wheel=1200000
run=1 step=3 angle=231680 target=232295 err=615 steer=200 m1=7826/413600 i1=218 t1=35 m2=-7835/-411400 i2=-148 t2=34 steerMode=1100/-309 iSteer=35067 driveMode=412500/411962 iDrive=182937 scale=0 wheel=1200000
run=1 step=3 angle=231855 target=232295 err=439 steer=114 m1=7834/413125 i1=129 t1=35 m2=-7825/-411875 i2=-234 t2=34 steerMode=625/976 iSteer=-52649 driveMode=412500/412334 iDrive=181722 scale=0 wheel=1200000
run=1 step=3 angle=231768 target=232295 err=527 steer=50 m1=7828/412775 i1=153 t1=35 m2=-7827/-412225 i2=-214 t2=34 steerMode=275/175 iSteer=-30330 driveMode=412500/412094 iDrive=183548 scale=0 wheel=1200000
run=1 step=3 angle=231855 target=232295 err=439 steer=214 m1=7861/413675 i1=158 t1=35 m2=-7819/-411325 i2=-204 t2=34 steerMode=1175/957 iSteer=-23075 driveMode=412500/412649 iDrive=180796 scale=0 wheel=1200000
run=1 step=3 angle=232031 target=232295 err=264 steer=0 m1=7843/412500 i1=146 t1=35 m2=-7842/-412500 i2=-213 t2=34 steerMode=0/-49 iSteer=-33306 driveMode=412500/412890 iDrive=179200 scale=0 wheel=1200000
run=1 step=3 angle=231943 target=232295 err=352 steer=0 m1=7861/412500 i1=134 t1=35 m2=-7829/-412500 i2=-226 t2=34 steerMode=0/214 iSteer=-46267 driveMode=412500/412678 iDrive=179942 scale=0 wheel=1200000
run=1 step=3 angle=231768 target=232295 err=527 steer=264 m1=7832/413950 i1=224 t1=35 m2=-7825/-411050 i2=-137 t2=34 steerMode=1450/-123 iSteer=43606 driveMode=412500/412489 iDrive=180454 scale=0 wheel=1200000
run=1 step=3 angle=231943 target=232295 err=352 steer=0 m1=7836/412500 i1=106 t1=35 m2=-7833/-412500 i2=-258 t2=34 steerMode=0/805 iSteer=-75779 driveMode=412500/412268 iDrive=181817 scale=0 wheel=1200000
run=1 step=3 angle=231855 target=232295 err=439 steer=0 m1=7843/412500 i1=144 t1=35 m2=-7854/-412500 i2=-219 t2=34 steerMode=0/44 iSteer=-37554 driveMode=412500/412386 iDrive=181716 scale=0 wheel=1200000
run=1 step=3 angle=231680 target=232295 err=615 steer=308 m1=7864/414192 i1=188 t1=35 m2=-7798/-410808 i2=-177 t2=34 steerMode=1692/894 iSteer=5763 driveMode=412500/412263 iDrive=182301 scale=0 wheel=1200000
run=1 step=3 angle=231943 target=232295 err=352 steer=0 m1=7826/412500 i1=154 t1=35 m2=-7816/-412500 i2=-211 t2=34 steerMode=0/-153 iSteer=-28470 driveMode=412500/412300 iDrive=182224 scale=0 wheel=1200000
run=1 step=3 angle=231768 target=232295 err=527 steer=264 m1=7878/413950 i1=180 t1=35 m2=-7825/-411050 i2=-181 t2=34 steerMode=1450/769 iSteer=-723 driveMode=412500/412762 iDrive=180279 scale=0 wheel=1200000
run=1 step=3 angle=231855 target=232295 err=439 steer=0 m1=7841/412500 i1=134 t1=35 m2=-7827/-412500 i2=-230 t2=34 steerMode=0/246 iSteer=-48169 driveMode=412500/412326 iDrive=182289 scale=0 wheel=1200000
run=1 step=3 angle=231855 target=232295 err=439 steer=214 m1=7859/413675 i1=176 t1=35 m2=-7827/-411325 i2=-186 t2=34 steerMode=1175/577 iSteer=-5222 driveMode=412500/412598 iDrive=180779 scale=0 wheel=1200000
run=1 step=3 angle=231943 target=232295 err=352 steer=0 m1=7847/412500 i1=149 t1=35 m2=-7844/-412500 i2=-207 t2=34 steerMode=0/-155 iSteer=-28700 driveMode=412500/413112 iDrive=177846 scale=0 wheel=1200000
run=1 step=3 angle=231768 target=232295 err=527 steer=264 m1=7870/413950 i1=169 t1=35 m2=-7808/-411050 i2=-192 t2=34 steerMode=1450/980 iSteer=-11591 driveMode=412500/412394 iDrive=180745 scale=0 wheel=1200000
run=1 step=3 angle=232031 target=232295 err=264 steer=0 m1=7826/412500 i1=163 t1=35 m2=-7852/-412500 i2=-199 t2=34 steerMode=0/-374 iSteer=-17890 driveMode=412500/412338 iDrive=181088 scale=0 wheel=1200000
run=1 step=3 angle=231680 target=232295 err=615 steer=308 m1=7847/414192 i1=200 t1=35 m2=-7816/-410808 i2=-158 t2=34 steerMode=1692/550 iSteer=21214 driveMode=412500/412726 iDrive=179085 scale=0 wheel=1200000
run=1 step=3 angle=231943 target=232295 err=352 steer=0 m1=7841/412500 i1=132 t1=35 m2=-7842/-412500 i2=-230 t2=34 steerMode=0/237 iSteer=-49347 driveMode=412500/412368 iDrive=180892 scale=0 wheel=1200000
run=1 step=3 angle=231592 target=232295 err=703 steer=352 m1=7857/414434 i1=228 t1=35 m2=-7831/-410566 i2=-129 t2=34 steerMode=1934/221 iSteer=49860 driveMode=412500/412773 iDrive=178476 scale=0 wheel=1200000
run=1 step=3 angle=231855 target=232295 err=439 steer=0 m1=7861/412500 i1=129 t1=35 m2=-7846/-412500 i2=-227 t2=34 steerMode=0/235 iSteer=-49105 driveMode=412500/412754 iDrive=178067 scale=0 wheel=1200000
run=1 step=3 angle=231768 target=232295 err=527 steer=50 m1=7841/412775 i1=141 t1=35 m2=-7821/-412225 i2=-217 t2=34 steerMode=275/292 iSteer=-37680 driveMode=412500/412507 iDrive=179106 scale=0 wheel=1200000
run=1 step=3 angle=231592 target=232295 err=703 steer=352 m1=7857/414434 i1=237 t1=35 m2=-7827/-410566 i2=-120 t2=34 steerMode=1934/47 iSteer=58579 driveMode=412500/412576 iDrive=178406 scale=0 wheel=1200000
run=1 step=3 angle=231943 target=232295 err=352 steer=0 m1=7838/412500 i1=95 t1=35 m2=-7846/-412500 i2=-260 t2=34 steerMode=0/904 iSteer=-82376 driveMode=412500/412694 iDrive=177451 scale=0 wheel=1200000
run=1 step=3 angle=231855 target=232295 err=439 steer=0 m1=7851/412500 i1=134 t1=35 m2=-7833/-412500 i2=-221 t2=34 steerMode=0/137 iSteer=-43698 driveMode=412500/412644 iDrive=177505 scale=0 wheel=1200000
run=1 step=3 angle=231680 target=232295 err=615 steer=308 m1=7857/414192 i1=197 t1=35 m2=-7802/-410808 i2=-159 t2=34 steerMode=1692/597 iSteer=18758 driveMode=412500/412431 iDrive=178237 scale=0 wheel=1200000
run=1 step=3 angle=231943 target=232295 err=352 steer=0 m1=7832/412500 i1=141 t1=35 m2=-7844/-412500 i2=-216 t2=35 steerMode=0/-10 iSteer=-37100 driveMode=412500/412361 iDrive=178584 scale=0 wheel=1200000
run=1 step=3 angle=231855 target=232295 err=439 steer=0 m1=7853/412500 i1=94 t1=35 m2=-7837/-412500 i2=-263 t2=35 steerMode=0/952 iSteer=-84350 driveMode=412500/412444 iDrive=178680 scale=0 wheel=1200000
run=1 step=3 angle=231680 target=232295 err=615 steer=308 m1=7851/414192 i1=206 t1=35 m2=-7800/-410808 i2=-155 t2=35 steerMode=1692/464 iSteer=25651 driveMode=412500/412074 iDrive=180806 scale=0 wheel=1200000
run=1 step=3 angle=231768 target=232295 err=527 steer=264 m1=7832/413950 i1=220 t1=35 m2=-7827/-411050 i2=-140 t2=35 steerMode=1450/-87 iSteer=39978 driveMode=412500/412373 iDrive=179663 scale=0 wheel=1200000
run=1 step=3 angle=231855 target=232295 err=439 steer=0 m1=7845/412500 i1=125 t1=35 m2=-7825/-412500 i2=-234 t2=35 steerMode=0/341 iSteer=-54842 driveMode=412500/412515 iDrive=179451 scale=0 wheel=1200000
run=1 step=3 angle=231855 target=232295 err=439 steer=214 m1=7876/413675 i1=140 t1=35 m2=-7793/-411325 i2=-224 t2=35 steerMode=1175/1302 iSteer=-42255 driveMode=412500/412060 iDrive=182141 scale=0 wheel=1200000
run=1 step=3 angle=232031 target=232295 err=264 steer=0 m1=7809/412500 i1=161 t1=35 m2=-7844/-412500 i2=-206 t2=35 steerMode=0/-307 iSteer=-22543 driveMode=412500/411920 iDrive=183392 scale=0 wheel=1200000
run=1 step=3 angle=231855 target=232295 err=439 steer=214 m1=7849/413675 i1=170 t1=35 m2=-7827/-411325 i2=-193 t2=35 steerMode=1175/666 iSteer=-11717 driveMode=412500/412478 iDrive=181275 scale=0 wheel=1200000
run=1 step=3 angle=231943 target=232295 err=352 steer=0 m1=7843/412500 i1=134 t1=35 m2=-7829/-412500 i2=-232 t2=35 steerMode=0/221 iSteer=-48853 driveMode=412500/412207 iDrive=182899 scale=0 wheel=1200000
run=1 step=3 angle=231680 target=232295 err=615 steer=308 m1=7855/414192 i1=211 t1=35 m2=-7848/-410808 i2=-148 t2=35 steerMode=1692/324 iSteer=31916 driveMode=412500/412819 iDrive=179582 scale=0 wheel=1200000
run=1 step=3 angle=231855 target=232295 err=439 steer=0 m1=7851/412500 i1=145 t1=35 m2=-7848/-412500 i2=-211 t2=35 steerMode=0/-105 iSteer=-32628 driveMode=412500/413021 iDrive=178050 scale=0 wheel=1200000
run=1 step=3 angle=231855 target=232295 err=439 steer=114 m1=7889/413125 i1=88 t1=35 m2=-7796/-411875 i2=-269 t2=35 steerMode=625/1719 iSteer=-90504 driveMode=412500/412713 iDrive=178995 scale=0 wheel=1200000
run=1 step=3 angle=231943 target=232295 err=352 steer=0 m1=7834/412500 i1=166 t1=35 m2=-7839/-412500 i2=-193 t2=35 steerMode=0/-468 iSteer=-13595 driveMode=412500/412591 iDrive=179167 scale=0 wheel=1200000
run=1 step=3 angle=231855 target=232295 err=439 steer=0 m1=7845/412500 i1=125 t1=34 m2=-7839/-412500 i2=-232 t2=35 steerMode=0/330 iSteer=-53631 driveMode=412500/412708 iDrive=178185 scale=0 wheel=1200000
run=1 step=3 angle=231855 target=232295 err=439 steer=0 m1=7851/412500 i1=137 t1=34 m2=-7850/-412500 i2=-221 t2=35 steerMode=0/93 iSteer=-41975 driveMode=412500/412567 iDrive=178903 scale=0 wheel=1200000
run=1 step=3 angle=231855 target=232295 err=439 steer=0 m1=7851/412500 i1=95 t1=34 m2=-7802/-412500 i2=-263 t2=35 steerMode=0/957 iSteer=-83881 driveMode=412500/412470 iDrive=179120 scale=0 wheel=1200000
run=1 step=3 angle=231855 target=232295 err=439 steer=0 m1=7832/412500 i1=150 t1=34 m2=-7833/-412500 i2=-210 t2=35 steerMode=0/-139 iSteer=-29614 driveMode=412500/412311 iDrive=179999 scale=0 wheel=1200000
run=1 step=3 angle=231768 target=232295 err=527 steer=264 m1=7853/413950 i1=155 t1=34 m2=-7823/-411050 i2=-204 t2=35 steerMode=1450/1238 iSteer=-24491 driveMode=412500/412431 iDrive=179872 scale=0 wheel=1200000
run=1 step=3 angle=231855 target=232295 err=439 steer=0 m1=7834/412500 i1=135 t1=34 m2=-7831/-412500 i2=-230 t2=35 steerMode=0/221 iSteer=-47194 driveMode=412500/411995 iDrive=182360 scale=0 wheel=1200000
run=1 step=3 angle=231680 target=232295 err=615 steer=308 m1=7861/414192 i1=210 t1=34 m2=-7823/-410808 i2=-151 t2=35 steerMode=1692/395 iSteer=29570 driveMode=412500/412447 iDrive=180302 scale=0 wheel=1200000
run=1 step=3 angle=231943 target=232295 err=352 steer=0 m1=7849/412500 i1=144 t1=34 m2=-7837/-412500 i2=-213 t2=35 steerMode=0/-49 iSteer=-34442 driveMode=412500/412829 iDrive=178422 scale=0 wheel=1200000
run=1 step=3 angle=231855 target=232295 err=439 steer=164 m1=7882/413400 i1=107 t1=34 m2=-7791/-411600 i2=-254 t2=35 steerMode=900/1683 iSteer=-73855 driveMode=412500/412364 iDrive=180403 scale=0 wheel=1200000
run=1 step=3 angle=232119 target=232295 err=176 steer=0 m1=7824/412500 i1=169 t1=34 m2=-7850/-412500 i2=-193 t2=35 steerMode=0/-487 iSteer=-12041 driveMode=412500/412336 iDrive=180594 scale=0 wheel=1200000
run=1 step=3 angle=231768 target=232295 err=527 steer=264 m1=7855/413950 i1=201 t1=34 m2=-7829/-411050 i2=-156 t2=35 steerMode=1450/295 iSteer=22053 driveMode=412500/412767 iDrive=178508 scale=0 wheel=1200000
STEP_OK: step=3 target=1200 cmd=1200000 measured=1198614 angleErr=352
STEP_START: step=4 target=1200 steerTarget=322295
run=1 step=4 angle=232031 target=322295 err=90264 steer=600 m1=7836/415800 i1=299 t1=34 m2=-7839/-409200 i2=-66 t2=35 steerMode=3300/246 iSteer=116597 driveMode=412500/412023 iDrive=182543 scale=0 wheel=1200000
run=1 step=4 angle=235898 target=322295 err=86396 steer=5000 m1=8278/440000 i1=658 t1=34 m2=-7392/-385000 i2=292 t2=35 steerMode=27500/17805 iSteer=475170 driveMode=412500/412009 iDrive=182913 scale=0 wheel=1200000
run=1 step=4 angle=248643 target=322295 err=73652 steer=5000 m1=8322/440000 i1=133 t1=34 m2=-7287/-385000 i2=-247 t2=35 steerMode=27500/28482 iSteer=-57439 driveMode=412500/411038 iDrive=190031 scale=0 wheel=1200000
run=1 step=4 angle=260068 target=322295 err=62227 steer=5000 m1=8320/440000 i1=199 t1=34 m2=-7287/-385000 i2=-190 t2=35 steerMode=27500/27258 iSteer=4664 driveMode=412500/410705 iDrive=194819 scale=0 wheel=1200000
run=1 step=4 angle=272022 target=322295 err=50273 steer=5000 m1=8324/440000 i1=202 t1=34 m2=-7291/-385000 i2=-194 t2=35 steerMode=27500/27296 iSteer=3754 driveMode=412500/410753 iDrive=197947 scale=0 wheel=1200000
run=1 step=4 angle=283447 target=322295 err=38848 steer=5000 m1=8322/440000 i1=213 t1=34 m2=-7316/-385000 i2=-185 t2=35 steerMode=27500/27094 iSteer=13721 driveMode=412500/411131 iDrive=199162 scale=0 wheel=1200000
run=1 step=4 angle=295225 target=322295 err=27070 steer=5000 m1=8339/440000 i1=173 t1=35 m2=-7268/-385000 i2=-236 t2=35 steerMode=27500/27988 iSteer=-31553 driveMode=412500/410792 iDrive=204060 scale=0 wheel=1200000
run=1 step=4 angle=306387 target=322295 err=15908 steer=5000 m1=8349/440000 i1=189 t1=35 m2=-7283/-385000 i2=-215 t2=35 steerMode=27500/27615 iSteer=-12871 driveMode=412500/411770 iDrive=201657 scale=0 wheel=1200000
run=1 step=4 angle=317637 target=322295 err=4658 steer=2367 m1=8188/425518 i1=-314 t1=35 m2=-7498/-399482 i2=-712 t2=35 steerMode=13018/22926 iSteer=-512663 driveMode=412500/412525 iDrive=198852 scale=0 wheel=1200000
run=1 step=4 angle=320713 target=322295 err=1582 steer=791 m1=7918/416851 i1=204 t1=35 m2=-7796/-408149 i2=-179 t2=35 steerMode=4351/3492 iSteer=12464 driveMode=412500/413804 iDrive=191050 scale=0 wheel=1200000
run=1 step=4 angle=321416 target=322295 err=879 steer=439 m1=7926/414917 i1=159 t1=35 m2=-7835/-410083 i2=-211 t2=35 steerMode=2417/2308 iSteer=-26204 driveMode=412500/414488 iDrive=184735 scale=0 wheel=1200000
run=1 step=4 angle=321855 target=322295 err=439 steer=0 m1=7876/412500 i1=165 t1=35 m2=-7900/-412500 i2=-194 t2=35 steerMode=0/-399 iSteer=-14633 driveMode=412500/414819 iDrive=179607 scale=0 wheel=1200000
run=1 step=4 angle=321943 target=322295 err=352 steer=0 m1=7868/412500 i1=118 t1=35 m2=-7862/-412500 i2=-240 t2=35 steerMode=0/533 iSteer=-61351 driveMode=412500/414194 iDrive=178926 scale=0 wheel=1200000
run=1 step=4 angle=321768 target=322295 err=527 steer=264 m1=7889/413950 i1=202 t1=35 m2=-7862/-411050 i2=-146 t2=35 steerMode=1450/220 iSteer=27614 driveMode=412500/414493 iDrive=173908 scale=0 wheel=1200000
run=1 step=4 angle=321943 target=322295 err=352 steer=0 m1=7853/412500 i1=140 t1=35 m2=-7862/-412500 i2=-211 t2=35 steerMode=0/-2 iSteer=-35525 driveMode=412500/413732 iDrive=175227 scale=0 wheel=1200000
run=1 step=4 angle=321855 target=322295 err=439 steer=0 m1=7855/412500 i1=133 t1=35 m2=-7831/-412500 i2=-221 t2=35 steerMode=0/159 iSteer=-43988 driveMode=412500/413094 iDrive=176655 scale=0 wheel=1200000
run=1 step=4 angle=321768 target=322295 err=527 steer=264 m1=7838/413950 i1=193 t1=35 m2=-7839/-411050 i2=-160 t2=35 steerMode=1450/397 iSteer=16377 driveMode=412500/412902 iDrive=176602 scale=0 wheel=1200000
run=1 step=4 angle=321768 target=322295 err=527 steer=264 m1=7847/413950 i1=213 t1=35 m2=-7831/-411050 i2=-141 t2=35 steerMode=1450/-9 iSteer=35600 driveMode=412500/412810 iDrive=176934 scale=0 wheel=1200000
run=1 step=4 angle=322031 target=322295 err=264 steer=0 m1=7836/412500 i1=138 t1=35 m2=-7831/-412500 i2=-220 t2=35 steerMode=0/57 iSteer=-41297 driveMode=412500/412357 iDrive=178910 scale=0 wheel=1200000
run=1 step=4 angle=321768 target=322295 err=527 steer=264 m1=7847/413950 i1=198 t1=35 m2=-7831/-411050 i2=-159 t2=35 steerMode=1450/319 iSteer=19186 driveMode=412500/412488 iDrive=178411 scale=0 wheel=1200000
run=1 step=4 angle=321943 target=322295 err=352 steer=0 m1=7826/412500 i1=140 t1=35 m2=-7829/-412500 i2=-221 t2=35 steerMode=0/30 iSteer=-40295 driveMode=412500/412258 iDrive=180264 scale=0 wheel=1200000
run=1 step=4 angle=321855 target=322295 err=439 steer=0 m1=7828/412500 i1=147 t1=35 m2=-7835/-412500 i2=-216 t2=35 steerMode=0/-94 iSteer=-34494 driveMode=412500/412115 iDrive=181718 scale=0 wheel=1200000
run=1 step=4 angle=321855 target=322295 err=439 steer=0 m1=7826/412500 i1=109 t1=35 m2=-7808/-412500 i2=-255 t2=35 steerMode=0/670 iSteer=-72799 driveMode=412500/412085 iDrive=182276 scale=0 wheel=1200000
run=1 step=4 angle=321680 target=322295 err=615 steer=308 m1=7843/414192 i1=222 t1=35 m2=-7819/-410808 i2=-140 t2=35 steerMode=1692/93 iSteer=41180 driveMode=412500/412458 iDrive=181033 scale=0 wheel=1200000
run=1 step=4 angle=322119 target=322295 err=176 steer=0 m1=7832/412500 i1=151 t1=35 m2=-7850/-412500 i2=-214 t2=35 steerMode=0/-176 iSteer=-31406 driveMode=412500/412300 iDrive=182426 scale=0 wheel=1200000
run=1 step=4 angle=321768 target=322295 err=527 steer=100 m1=7826/413050 i1=163 t1=35 m2=-7825/-411950 i2=-205 t2=35 steerMode=550/164 iSteer=-21007 driveMode=412500/412041 iDrive=184231 scale=0 wheel=1200000
run=1 step=4 angle=321680 target=322295 err=615 steer=308 m1=7845/414192 i1=209 t1=35 m2=-7825/-410808 i2=-158 t2=35 steerMode=1692/385 iSteer=25455 driveMode=412500/412322 iDrive=183574 scale=0 wheel=1200000
run=1 step=4 angle=321855 target=322295 err=439 steer=0 m1=7838/412500 i1=146 t1=35 m2=-7839/-412500 i2=-220 t2=35 steerMode=0/-88 iSteer=-37055 driveMode=412500/412588 iDrive=182717 scale=0 wheel=1200000
run=1 step=4 angle=321768 target=322295 err=527 steer=50 m1=7828/412775 i1=151 t1=35 m2=-7827/-412225 i2=-218 t2=35 steerMode=275/111 iSteer=-33386 driveMode=412500/412201 iDrive=184648 scale=0 wheel=1200000
run=1 step=4 angle=321680 target=322295 err=615 steer=308 m1=7893/414192 i1=155 t1=35 m2=-7827/-410808 i2=-206 t2=35 steerMode=1692/1412 iSteer=-25869 driveMode=412500/412986 iDrive=180434 scale=0 wheel=1200000
run=1 step=4 angle=322031 target=322295 err=264 steer=0 m1=7847/412500 i1=155 t1=35 m2=-7869/-412500 i2=-203 t2=35 steerMode=0/-369 iSteer=-23757 driveMode=412500/413156 iDrive=178907 scale=0 wheel=1200000
run=1 step=4 angle=321943 target=322295 err=352 steer=0 m1=7836/412500 i1=137 t1=35 m2=-7829/-412500 i2=-226 t2=35 steerMode=0/55 iSteer=-44921 driveMode=412500/412523 iDrive=181496 scale=0 wheel=1200000
run=1 step=4 angle=321768 target=322295 err=527 steer=200 m1=7838/413600 i1=169 t1=35 m2=-7831/-411400 i2=-192 t2=35 steerMode=1100/500 iSteer=-11632 driveMode=412500/412679 iDrive=180560 scale=0 wheel=1200000
run=1 step=4 angle=321768 target=322295 err=527 steer=264 m1=7853/413950 i1=220 t1=35 m2=-7848/-411050 i2=-138 t2=35 steerMode=1450/-204 iSteer=40675 driveMode=412500/412974 iDrive=179047 scale=0 wheel=1200000
run=1 step=4 angle=322031 target=322295 err=264 steer=0 m1=7847/412500 i1=119 t1=35 m2=-7871/-412500 i2=-236 t2=35 steerMode=0/321 iSteer=-58826 driveMode=412500/413061 iDrive=177658 scale=0 wheel=1200000
run=1 step=4 angle=321768 target=322295 err=527 steer=264 m1=7868/413950 i1=201 t1=35 m2=-7854/-411050 i2=-151 t2=35 steerMode=1450/104 iSteer=25148 driveMode=412500/413108 iDrive=176236 scale=0 wheel=1200000
run=1 step=4 angle=321768 target=322295 err=527 steer=250 m1=7836/413875 i1=204 t1=35 m2=-7839/-411125 i2=-152 t2=35 steerMode=1375/-6 iSteer=26136 driveMode=412500/412674 iDrive=178138 scale=0 wheel=1200000
run=1 step=4 angle=322031 target=322295 err=264 steer=0 m1=7828/412500 i1=139 t1=35 m2=-7854/-412500 i2=-221 t2=35 steerMode=0/-64 iSteer=-40767 driveMode=412500/412334 iDrive=180148 scale=0 wheel=1200000
run=1 step=4 angle=321768 target=322295 err=527 steer=200 m1=7822/413600 i1=187 t1=35 m2=-7814/-411400 i2=-177 t2=35 steerMode=1100/122 iSteer=5054 driveMode=412500/412088 iDrive=181723 scale=0 wheel=1200000
run=1 step=4 angle=321680 target=322295 err=615 steer=308 m1=7851/414192 i1=216 t1=35 m2=-7842/-410808 i2=-145 t2=35 steerMode=1692/109 iSteer=35517 driveMode=412500/412487 iDrive=180504 scale=0 wheel=1200000
run=1 step=4 angle=322031 target=322295 err=264 steer=0 m1=7843/412500 i1=150 t1=35 m2=-7862/-412500 i2=-213 t2=35 steerMode=0/-272 iSteer=-31492 driveMode=412500/412303 iDrive=181921 scale=0 wheel=1200000
run=1 step=4 angle=321680 target=322295 err=615 steer=308 m1=7849/414192 i1=207 t1=35 m2=-7819/-410808 i2=-156 t2=35 steerMode=1692/305 iSteer=25064 driveMode=412500/412416 iDrive=181506 scale=0 wheel=1200000
run=1 step=4 angle=321943 target=322295 err=352 steer=0 m1=7847/412500 i1=120 t1=35 m2=-7842/-412500 i2=-242 t2=35 steerMode=0/322 iSteer=-61208 driveMode=412500/412567 iDrive=180941 scale=0 wheel=1200000
run=1 step=4 angle=321768 target=322295 err=527 steer=264 m1=7832/413950 i1=227 t1=35 m2=-7856/-411050 i2=-130 t2=35 steerMode=1450/-412 iSteer=48283 driveMode=412500/412981 iDrive=178724 scale=0 wheel=1200000
run=1 step=4 angle=322031 target=322295 err=264 steer=0 m1=7834/412500 i1=114 t1=35 m2=-7835/-412500 i2=-248 t2=34 steerMode=0/427 iSteer=-66901 driveMode=412500/412418 iDrive=181050 scale=0 wheel=1200000
run=1 step=4 angle=321680 target=322295 err=615 steer=308 m1=7859/414192 i1=204 t1=35 m2=-7835/-410808 i2=-153 t2=34 steerMode=1692/302 iSteer=25037 driveMode=412500/412845 iDrive=178512 scale=0 wheel=1200000
run=1 step=4 angle=321943 target=322295 err=352 steer=0 m1=7836/412500 i1=146 t1=35 m2=-7850/-412500 i2=-213 t2=34 steerMode=0/-243 iSteer=-33575 driveMode=412500/412678 iDrive=179463 scale=0 wheel=1200000
run=1 step=4 angle=321855 target=322295 err=439 steer=0 m1=7826/412500 i1=138 t1=35 m2=-7844/-412500 i2=-223 t2=34 steerMode=0/-64 iSteer=-42506 driveMode=412500/412512 iDrive=180131 scale=0 wheel=1200000
run=1 step=4 angle=321680 target=322295 err=615 steer=308 m1=7851/414192 i1=170 t1=35 m2=-7835/-410808 i2=-189 t2=34 steerMode=1692/993 iSteer=-9509 driveMode=412500/412522 iDrive=179941 scale=0 wheel=1200000
run=1 step=4 angle=321855 target=322295 err=439 steer=0 m1=7830/412500 i1=153 t1=35 m2=-7852/-412500 i2=-208 t2=34 steerMode=0/-367 iSteer=-27302 driveMode=412500/412494 iDrive=180532 scale=0 wheel=1200000
run=1 step=4 angle=322031 target=322295 err=264 steer=0 m1=7836/412500 i1=124 t1=35 m2=-7839/-412500 i2=-240 t2=34 steerMode=0/261 iSteer=-58166 driveMode=412500/412265 iDrive=181743 scale=0 wheel=1200000
run=1 step=4 angle=321855 target=322295 err=439 steer=214 m1=7857/413675 i1=175 t1=35 m2=-7835/-411325 i2=-186 t2=34 steerMode=1175/405 iSteer=-5843 driveMode=412500/412529 iDrive=180437 scale=0 wheel=1200000
run=1 step=4 angle=321768 target=322295 err=527 steer=264 m1=7843/413950 i1=217 t1=35 m2=-7842/-411050 i2=-144 t2=34 steerMode=1450/-180 iSteer=36450 driveMode=412500/412600 iDrive=180531 scale=0 wheel=1200000
run=1 step=4 angle=322031 target=322295 err=264 steer=0 m1=7834/412500 i1=138 t1=35 m2=-7850/-412500 i2=-224 t2=34 steerMode=0/-47 iSteer=-43256 driveMode=412500/412553 iDrive=180868 scale=0 wheel=1200000
run=1 step=4 angle=321855 target=322295 err=439 steer=0 m1=7828/412500 i1=124 t1=35 m2=-7808/-412500 i2=-240 t2=34 steerMode=0/257 iSteer=-58450 driveMode=412500/412303 iDrive=182005 scale=0 wheel=1200000
run=1 step=4 angle=321768 target=322295 err=527 steer=50 m1=7853/412775 i1=140 t1=35 m2=-7844/-412225 i2=-220 t2=34 steerMode=275/178 iSteer=-39884 driveMode=412500/412756 iDrive=179976 scale=0 wheel=1200000
run=1 step=4 angle=321855 target=322295 err=439 steer=0 m1=7838/412500 i1=148 t1=35 m2=-7865/-412500 i2=-215 t2=34 steerMode=0/-243 iSteer=-33273 driveMode=412500/412429 iDrive=181653 scale=0 wheel=1200000
run=1 step=4 angle=321855 target=322295 err=439 steer=0 m1=7841/412500 i1=96 t1=35 m2=-7835/-412500 i2=-267 t2=34 steerMode=0/822 iSteer=-85665 driveMode=412500/412411 iDrive=181643 scale=0 wheel=1200000
run=1 step=4 angle=321592 target=322295 err=703 steer=352 m1=7859/414434 i1=202 t1=35 m2=-7810/-410566 i2=-158 t2=34 steerMode=1934/627 iSteer=21972 driveMode=412500/412679 iDrive=180271 scale=0 wheel=1200000
run=1 step=4 angle=321943 target=322295 err=352 steer=0 m1=7841/412500 i1=148 t1=35 m2=-7860/-412500 i2=-209 t2=34 steerMode=0/-291 iSteer=-30646 driveMode=412500/412949 iDrive=178843 scale=0 wheel=1200000
run=1 step=4 angle=321855 target=322295 err=439 steer=0 m1=7841/412500 i1=123 t1=35 m2=-7833/-412500 i2=-239 t2=34 steerMode=0/267 iSteer=-58291 driveMode=412500/412423 iDrive=180893 scale=0 wheel=1200000
run=1 step=4 angle=321680 target=322295 err=615 steer=308 m1=7876/414192 i1=169 t1=35 m2=-7812/-410808 i2=-189 t2=34 steerMode=1692/1035 iSteer=-10126 driveMode=412500/412690 iDrive=179268 scale=0 wheel=1200000
run=1 step=4 angle=321943 target=322295 err=352 steer=0 m1=7836/412500 i1=162 t1=35 m2=-7844/-412500 i2=-198 t2=35 steerMode=0/-543 iSteer=-17955 driveMode=412500/412630 iDrive=179798 scale=0 wheel=1200000
run=1 step=4 angle=321943 target=322295 err=352 steer=0 m1=7830/412500 i1=143 t1=35 m2=-7848/-412500 i2=-217 t2=35 steerMode=0/-159 iSteer=-36839 driveMode=412500/412568 iDrive=179988 scale=0 wheel=1200000
run=1 step=4 angle=321592 target=322295 err=703 steer=352 m1=7861/414434 i1=196 t1=35 m2=-7829/-410566 i2=-162 t2=35 steerMode=1934/722 iSteer=16989 driveMode=412500/412705 iDrive=178834 scale=0 wheel=1200000
run=1 step=4 angle=321855 target=322295 err=439 steer=0 m1=7847/412500 i1=146 t1=35 m2=-7852/-412500 i2=-209 t2=35 steerMode=0/-278 iSteer=-31436 driveMode=412500/412895 iDrive=177729 scale=0 wheel=1200000
run=1 step=4 angle=321943 target=322295 err=352 steer=0 m1=7859/412500 i1=109 t1=35 m2=-7846/-412500 i2=-248 t2=35 steerMode=0/497 iSteer=-69828 driveMode=412500/412629 iDrive=178593 scale=0 wheel=1200000
run=1 step=4 angle=321768 target=322295 err=527 steer=264 m1=7853/413950 i1=177 t1=35 m2=-7846/-411050 i2=-175 t2=35 steerMode=1450/544 iSteer=1169 driveMode=412500/412971 iDrive=176063 scale=0 wheel=1200000
run=1 step=4 angle=321855 target=322295 err=439 steer=0 m1=7847/412500 i1=135 t1=35 m2=-7842/-412500 i2=-218 t2=35 steerMode=0/-58 iSteer=-41712 driveMode=412500/412872 iDrive=176310 scale=0 wheel=1200000
run=1 step=4 angle=321768 target=322295 err=527 steer=50 m1=7836/412775 i1=138 t1=35 m2=-7844/-412225 i2=-217 t2=35 steerMode=275/185 iSteer=-39727 driveMode=412500/412600 iDrive=177481 scale=0 wheel=1200000
run=1 step=4 angle=321855 target=322295 err=439 steer=0 m1=7836/412500 i1=97 t1=35 m2=-7827/-412500 i2=-263 t2=35 steerMode=0/779 iSteer=-83129 driveMode=412500/412123 iDrive=179875 scale=0 wheel=1200000
run=1 step=4 angle=321768 target=322295 err=527 steer=150 m1=7838/413325 i1=187 t1=35 m2=-7850/-411675 i2=-170 t2=35 steerMode=825/-224 iSteer=8532 driveMode=412500/412476 iDrive=178719 scale=0 wheel=1200000
run=1 step=4 angle=321943 target=322295 err=352 steer=0 m1=7832/412500 i1=141 t1=35 m2=-7852/-412500 i2=-221 t2=35 steerMode=0/-92 iSteer=-40166 driveMode=412500/412153 iDrive=180767 scale=0 wheel=1200000
run=1 step=4 angle=321855 target=322295 err=439 steer=0 m1=7836/412500 i1=112 t1=35 m2=-7810/-412500 i2=-249 t2=35 steerMode=0/482 iSteer=-68524 driveMode=412500/412240 iDrive=180807 scale=0 wheel=1200000
run=1 step=4 angle=321680 target=322295 err=615 steer=308 m1=7849/414192 i1=188 t1=35 m2=-7819/-410808 i2=-173 t2=35 steerMode=1692/693 iSteer=7324 driveMode=412500/412400 iDrive=180594 scale=0 wheel=1200000
run=1 step=4 angle=321943 target=322295 err=352 steer=0 m1=7843/412500 i1=144 t1=36 m2=-7862/-412500 i2=-215 t2=35 steerMode=0/-192 iSteer=-35160 driveMode=412500/412686 iDrive=179540 scale=0 wheel=1200000
run=1 step=4 angle=321943 target=322295 err=352 steer=0 m1=7830/412500 i1=103 t1=36 m2=-7829/-412500 i2=-261 t2=35 steerMode=0/685 iSteer=-78939 driveMode=412500/412147 iDrive=181998 scale=0 wheel=1200000
run=1 step=4 angle=321680 target=322295 err=615 steer=308 m1=7861/414192 i1=194 t1=36 m2=-7821/-410808 i2=-166 t2=35 steerMode=1692/544 iSteer=13793 driveMode=412500/412611 iDrive=179800 scale=0 wheel=1200000
run=1 step=4 angle=321855 target=322295 err=439 steer=0 m1=7828/412500 i1=155 t1=36 m2=-7862/-412500 i2=-205 t2=35 steerMode=0/-400 iSteer=-25370 driveMode=412500/412626 iDrive=180028 scale=0 wheel=1200000
run=1 step=4 angle=321943 target=322295 err=352 steer=0 m1=7832/412500 i1=104 t1=36 m2=-7844/-412500 i2=-257 t2=35 steerMode=0/622 iSteer=-76467 driveMode=412500/412471 iDrive=180690 scale=0 wheel=1200000
run=1 step=4 angle=321768 target=322295 err=527 steer=264 m1=7841/413950 i1=190 t1=36 m2=-7825/-411050 i2=-169 t2=35 steerMode=1450/334 iSteer=10753 driveMode=412500/412630 iDrive=179516 scale=0 wheel=1200000
run=1 step=4 angle=321855 target=322295 err=439 steer=0 m1=7845/412500 i1=142 t1=36 m2=-7848/-412500 i2=-215 t2=35 steerMode=0/-182 iSteer=-36440 driveMode=412500/412792 iDrive=178816 scale=0 wheel=1200000
run=1 step=4 angle=322031 target=322295 err=264 steer=0 m1=7855/412500 i1=137 t1=36 m2=-7852/-412500 i2=-224 t2=35 steerMode=0/-34 iSteer=-43555 driveMode=412500/412437 iDrive=180300 scale=0 wheel=1200000
run=1 step=4 angle=321680 target=322295 err=615 steer=308 m1=7878/414192 i1=144 t1=36 m2=-7827/-410808 i2=-213 t2=35 steerMode=1692/1519 iSteer=-34350 driveMode=412500/412681 iDrive=178835 scale=0 wheel=1200000
run=1 step=4 angle=322031 target=322295 err=264 steer=0 m1=7834/412500 i1=154 t1=36 m2=-7848/-412500 i2=-203 t2=35 steerMode=0/-409 iSteer=-24420 driveMode=412500/412745 iDrive=178487 scale=0 wheel=1200000
run=1 step=4 angle=321943 target=322295 err=352 steer=0 m1=7832/412500 i1=137 t1=36 m2=-7852/-412500 i2=-221 t2=35 steerMode=0/-57 iSteer=-42188 driveMode=412500/412629 iDrive=178798 scale=0 wheel=1200000
run=1 step=4 angle=321855 target=322295 err=439 steer=0 m1=7857/412500 i1=100 t1=36 m2=-7835/-412500 i2=-256 t2=35 steerMode=0/659 iSteer=-77755 driveMode=412500/412677 iDrive=178002 scale=0 wheel=1200000
run=1 step=4 angle=321680 target=322295 err=615 steer=308 m1=7851/414192 i1=218 t1=36 m2=-7848/-410808 i2=-134 t2=35 steerMode=1692/-38 iSteer=42392 driveMode=412500/412983 iDrive=176028 scale=0 wheel=1200000
run=1 step=4 angle=322031 target=322295 err=264 steer=0 m1=7834/412500 i1=113 t1=36 m2=-7848/-412500 i2=-243 t2=35 steerMode=0/398 iSteer=-64804 driveMode=412500/412507 iDrive=178180 scale=0 wheel=1200000
run=1 step=4 angle=321943 target=322295 err=352 steer=0 m1=7824/412500 i1=137 t1=36 m2=-7833/-412500 i2=-219 t2=35 steerMode=0/-66 iSteer=-41232 driveMode=412500/412470 iDrive=178214 scale=0 wheel=1200000
run=1 step=4 angle=321768 target=322295 err=527 steer=50 m1=7849/412775 i1=133 t1=36 m2=-7833/-412225 i2=-224 t2=35 steerMode=275/313 iSteer=-45700 driveMode=412500/412466 iDrive=178463 scale=0 wheel=1200000
run=1 step=4 angle=321768 target=322295 err=527 steer=264 m1=7855/413950 i1=172 t1=36 m2=-7844/-411050 i2=-184 t2=35 steerMode=1450/704 iSteer=-6146 driveMode=412500/412579 iDrive=178042 scale=0 wheel=1200000
run=1 step=4 angle=322031 target=322295 err=264 steer=0 m1=7830/412500 i1=132 t1=36 m2=-7839/-412500 i2=-229 t2=35 steerMode=0/58 iSteer=-48096 driveMode=412500/412108 iDrive=180466 scale=0 wheel=1200000
run=1 step=4 angle=321592 target=322295 err=703 steer=352 m1=7859/414434 i1=214 t1=36 m2=-7837/-410566 i2=-139 t2=35 steerMode=1934/302 iSteer=37601 driveMode=412500/412885 iDrive=176540 scale=0 wheel=1200000
run=1 step=4 angle=322031 target=322295 err=264 steer=0 m1=7834/412500 i1=146 t1=36 m2=-7856/-412500 i2=-210 t2=35 steerMode=0/-284 iSteer=-31709 driveMode=412500/412656 iDrive=177798 scale=0 wheel=1200000
run=1 step=4 angle=321943 target=322295 err=352 steer=0 m1=7826/412500 i1=117 t1=36 m2=-7816/-412500 i2=-242 t2=35 steerMode=0/329 iSteer=-62208 driveMode=412500/412284 iDrive=179581 scale=0 wheel=1200000
run=1 step=4 angle=321768 target=322295 err=527 steer=200 m1=7851/413600 i1=135 t1=36 m2=-7798/-411400 i2=-224 t2=35 steerMode=1100/1097 iSteer=-44598 driveMode=412500/412273 iDrive=179693 scale=0 wheel=1200000
run=1 step=4 angle=321855 target=322295 err=439 steer=0 m1=7849/412500 i1=156 t1=36 m2=-7852/-412500 i2=-201 t2=35 steerMode=0/-464 iSteer=-22496 driveMode=412500/412673 iDrive=178192 scale=0 wheel=1200000
run=1 step=4 angle=322119 target=322295 err=176 steer=0 m1=7832/412500 i1=103 t1=36 m2=-7856/-412500 i2=-256 t2=35 steerMode=0/629 iSteer=-76485 driveMode=412500/412357 iDrive=179636 scale=0 wheel=1200000
run=1 step=4 angle=321855 target=322295 err=439 steer=0 m1=7849/412500 i1=116 t1=36 m2=-7837/-412500 i2=-240 t2=35 steerMode=0/347 iSteer=-61972 driveMode=412500/412663 iDrive=178009 scale=0 wheel=1200000
run=1 step=4 angle=321768 target=322295 err=527 steer=264 m1=7843/413950 i1=198 t1=36 m2=-7816/-411050 i2=-158 t2=35 steerMode=1450/182 iSteer=19572 driveMode=412500/412691 iDrive=177968 scale=0 wheel=1200000
run=1 step=4 angle=322119 target=322295 err=176 steer=0 m1=7834/412500 i1=136 t1=36 m2=-7854/-412500 i2=-222 t2=35 steerMode=0/-45 iSteer=-42932 driveMode=412500/412499 iDrive=178979 scale=0 wheel=1200000
run=1 step=4 angle=321768 target=322295 err=527 steer=264 m1=7841/413950 i1=187 t1=36 m2=-7839/-411050 i2=-170 t2=35 steerMode=1450/391 iSteer=8310 driveMode=412500/412579 iDrive=178255 scale=0 wheel=1200000
run=1 step=4 angle=321768 target=322295 err=527 steer=250 m1=7855/413875 i1=201 t1=36 m2=-7848/-411125 i2=-152 t2=35 steerMode=1375/-19 iSteer=24446 driveMode=412500/412916 iDrive=176253 scale=0 wheel=1200000
run=1 step=4 angle=322031 target=322295 err=264 steer=0 m1=7830/412500 i1=132 t1=36 m2=-7848/-412500 i2=-222 t2=35 steerMode=0/-29 iSteer=-44803 driveMode=412500/412718 iDrive=176860 scale=0 wheel=1200000
run=1 step=4 angle=321855 target=322295 err=439 steer=0 m1=7843/412500 i1=124 t1=36 m2=-7842/-412500 i2=-230 t2=35 steerMode=0/134 iSteer=-52984 driveMode=412500/412675 iDrive=176804 scale=0 wheel=1200000
run=1 step=4 angle=321855 target=322295 err=439 steer=0 m1=7851/412500 i1=81 t1=36 m2=-7842/-412500 i2=-273 t2=35 steerMode=0/1019 iSteer=-96076 driveMode=412500/412627 iDrive=176765 scale=0 wheel=1200000
run=1 step=4 angle=321768 target=322295 err=527 steer=150 m1=7847/413325 i1=190 t1=36 m2=-7850/-411675 i2=-164 t2=35 steerMode=825/-344 iSteer=13116 driveMode=412500/412591 iDrive=177077 scale=0 wheel=1200000
run=1 step=4 angle=322031 target=322295 err=264 steer=0 m1=7832/412500 i1=98 t1=36 m2=-7821/-412500 i2=-261 t2=35 steerMode=0/718 iSteer=-81482 driveMode=412500/412042 iDrive=179946 scale=0 wheel=1200000
run=1 step=4 angle=321768 target=322295 err=527 steer=264 m1=7855/413950 i1=198 t1=36 m2=-7844/-411050 i2=-156 t2=35 steerMode=1450/127 iSteer=21326 driveMode=412500/412717 iDrive=176880 scale=0 wheel=1200000
run=1 step=4 angle=321855 target=322295 err=439 steer=0 m1=7832/412500 i1=137 t1=36 m2=-7856/-412500 i2=-221 t2=35 steerMode=0/-78 iSteer=-42019 driveMode=412500/412334 iDrive=179280 scale=0 wheel=1200000
run=1 step=4 angle=321855 target=322295 err=439 steer=0 m1=7824/412500 i1=133 t1=36 m2=-7835/-412500 i2=-228 t2=35 steerMode=0/29 iSteer=-47338 driveMode=412500/412157 iDrive=180532 scale=0 wheel=1200000
run=1 step=4 angle=321680 target=322295 err=615 steer=300 m1=7866/414150 i1=154 t1=36 m2=-7804/-410850 i2=-205 t2=35 steerMode=1650/1265 iSteer=-25378 driveMode=412500/412422 iDrive=179219 scale=0 wheel=1200000
run=1 step=4 angle=321768 target=322295 err=527 steer=50 m1=7847/412775 i1=162 t1=36 m2=-7865/-412225 i2=-192 t2=35 steerMode=275/-354 iSteer=-14847 driveMode=412500/412936 iDrive=176750 scale=0 wheel=1200000
run=1 step=4 angle=322031 target=322295 err=264 steer=0 m1=7845/412500 i1=102 t1=36 m2=-7862/-412500 i2=-253 t2=35 steerMode=0/594 iSteer=-75484 driveMode=412500/412682 iDrive=177483 scale=0 wheel=1200000
run=1 step=4 angle=321768 target=322295 err=527 steer=200 m1=7841/413600 i1=178 t1=36 m2=-7837/-411400 i2=-171 t2=35 steerMode=1100/125 iSteer=3533 driveMode=412500/413025 iDrive=174835 scale=0 wheel=1200000
run=1 step=4 angle=321768 target=322295 err=527 steer=50 m1=7845/412775 i1=149 t1=36 m2=-7846/-412225 i2=-201 t2=35 steerMode=275/-108 iSteer=-26242 driveMode=412500/412897 iDrive=175253 scale=0 wheel=1200000
run=1 step=4 angle=321855 target=322295 err=439 steer=0 m1=7836/412500 i1=104 t1=36 m2=-7848/-412500 i2=-250 t2=35 steerMode=0/553 iSteer=-72706 driveMode=412500/412458 iDrive=177192 scale=0 wheel=1200000
run=1 step=4 angle=321943 target=322295 err=352 steer=0 m1=7845/412500 i1=107 t1=36 m2=-7837/-412500 i2=-249 t2=35 steerMode=0/528 iSteer=-71366 driveMode=412500/412292 iDrive=177874 scale=0 wheel=1200000
run=1 step=4 angle=321855 target=322295 err=439 steer=50 m1=7857/412775 i1=144 t1=36 m2=-7835/-412225 i2=-211 t2=35 steerMode=275/49 iSteer=-33697 driveMode=412500/412481 iDrive=177241 scale=0 wheel=1200000
run=1 step=4 angle=321943 target=322295 err=352 steer=0 m1=7820/412500 i1=128 t1=36 m2=-7829/-412500 i2=-233 t2=35 steerMode=0/145 iSteer=-52379 driveMode=412500/412015 iDrive=180294 scale=0 wheel=1200000
run=1 step=4 angle=321768 target=322295 err=527 steer=50 m1=7830/412775 i1=122 t1=36 m2=-7816/-412225 i2=-240 t2=35 steerMode=275/560 iSteer=-59179 driveMode=412500/412061 iDrive=181041 scale=0 wheel=1200000
run=1 step=4 angle=321768 target=322295 err=527 steer=100 m1=7841/413050 i1=137 t1=36 m2=-7829/-411950 i2=-225 t2=35 steerMode=550/539 iSteer=-43985 driveMode=412500/412174 iDrive=181285 scale=0 wheel=1200000
run=1 step=4 angle=321768 target=322295 err=527 steer=250 m1=7843/413875 i1=215 t1=36 m2=-7871/-411125 i2=-145 t2=35 steerMode=1375/-234 iSteer=35166 driveMode=412500/412505 iDrive=180188 scale=0 wheel=1200000
run=1 step=4 angle=322119 target=322295 err=176 steer=0 m1=7841/412500 i1=86 t1=36 m2=-7833/-412500 i2=-275 t2=35 steerMode=0/991 iSteer=-94757 driveMode=412500/412393 iDrive=180487 scale=0 wheel=1200000
run=1 step=4 angle=321768 target=322295 err=527 steer=150 m1=7870/413325 i1=151 t1=36 m2=-7806/-411675 i2=-206 t2=35 steerMode=825/490 iSteer=-27416 driveMode=412500/412768 iDrive=178283 scale=0 wheel=1200000
run=1 step=4 angle=321855 target=322295 err=439 steer=0 m1=7832/412500 i1=152 t1=36 m2=-7856/-412500 i2=-210 t2=35 steerMode=0/-322 iSteer=-29045 driveMode=412500/412344 iDrive=180979 scale=0 wheel=1200000
run=1 step=4 angle=321943 target=322295 err=352 steer=0 m1=7838/412500 i1=98 t1=36 m2=-7848/-412500 i2=-264 t2=35 steerMode=0/770 iSteer=-83138 driveMode=412500/412418 iDrive=180699 scale=0 wheel=1200000
run=1 step=4 angle=321768 target=322295 err=527 steer=250 m1=7857/413875 i1=190 t1=36 m2=-7833/-411125 i2=-166 t2=35 steerMode=1375/256 iSteer=11720 driveMode=412500/412832 iDrive=178024 scale=0 wheel=1200000
run=1 step=4 angle=321680 target=322295 err=615 steer=308 m1=7857/414192 i1=204 t1=36 m2=-7867/-410808 i2=-146 t2=35 steerMode=1692/219 iSteer=29098 driveMode=412500/413244 iDrive=175396 scale=0 wheel=1200000
STEP_OK: step=4 target=1200 cmd=1200000 measured=1200563 angleErr=88
STOP: staircase complete
