START: angle=162422 target=162422 wheelTarget=500 step=0 count=5
run=1 step=0 angle=162422 target=162422 err=0 steer=0 m1=0/6875 i1=41 t1=30 m2=0/-6875 i2=-41 t2=28 steerMode=0/0 iSteer=0 driveMode=6875/0 iDrive=41333 scale=0 wheel=20000
run=1 step=0 angle=162422 target=162422 err=0 steer=0 m1=0/13406 i1=94 t1=30 m2=0/-13406 i2=-93 t2=28 steerMode=0/-5 iSteer=277 driveMode=13406/5 iDrive=93344 scale=0 wheel=39000
run=1 step=0 angle=162422 target=162422 err=0 steer=0 m1=0/19938 i1=158 t1=30 m2=0/-19938 i2=-158 t2=28 steerMode=0/-2 iSteer=112 driveMode=19938/1 iDrive=157807 scale=0 wheel=58000
run=1 step=0 angle=162422 target=162422 err=0 steer=0 m1=14/26469 i1=229 t1=30 m2=-5/-26469 i2=-239 t2=28 steerMode=0/100 iSteer=-5036 driveMode=26469/147 iDrive=233884 scale=0 wheel=77000
run=1 step=0 angle=162422 target=162422 err=0 steer=0 m1=0/32931 i1=323 t1=30 m2=0/-32931 i2=-322 t2=28 steerMode=0/-11 iSteer=474 driveMode=32931/4 iDrive=322763 scale=0 wheel=95800
run=1 step=0 angle=162422 target=162422 err=0 steer=0 m1=0/39462 i1=425 t1=30 m2=0/-39462 i2=-423 t2=28 steerMode=0/-16 iSteer=785 driveMode=39462/20 iDrive=424203 scale=0 wheel=114799
run=1 step=0 angle=162422 target=162422 err=0 steer=0 m1=0/45925 i1=538 t1=30 m2=-3/-45925 i2=-536 t2=28 steerMode=0/-20 iSteer=1017 driveMode=45925/22 iDrive=536852 scale=0 wheel=133599
run=1 step=0 angle=162422 target=162422 err=0 steer=0 m1=2/52387 i1=663 t1=30 m2=0/-52387 i2=-661 t2=28 steerMode=0/-17 iSteer=960 driveMode=52387/36 iDrive=661566 scale=0 wheel=152399
run=1 step=0 angle=162422 target=162422 err=0 steer=0 m1=0/58850 i1=801 t1=30 m2=-3/-58850 i2=-796 t2=28 steerMode=0/-45 iSteer=2412 driveMode=58850/58 iDrive=798381 scale=0 wheel=171199
run=1 step=0 angle=162334 target=162422 err=88 steer=0 m1=192/65312 i1=979 t1=30 m2=-262/-65312 i2=-868 t2=28 steerMode=0/-1100 iSteer=55958 driveMode=65312/4628 iDrive=923482 scale=0 wheel=189998
run=1 step=0 angle=162422 target=162422 err=0 steer=0 m1=966/71706 i1=800 t1=30 m2=-940/-71706 i2=-902 t2=28 steerMode=0/1021 iSteer=-51076 driveMode=71706/42250 iDrive=850822 scale=0 wheel=208598
run=1 step=0 angle=163037 target=162422 err=-615 steer=-308 m1=1584/76407 i1=630 t1=30 m2=-1576/-79791 i2=-845 t2=28 steerMode=-1692/407 iSteer=-107099 driveMode=78099/76660 iDrive=737473 scale=0 wheel=227198
run=1 step=0 angle=162861 target=162422 err=-439 steer=0 m1=2103/84424 i1=630 t1=30 m2=-2108/-84424 i2=-584 t2=28 steerMode=0/-564 iSteer=23031 driveMode=84424/105261 iDrive=606567 scale=0 wheel=245598
run=1 step=0 angle=162949 target=162422 err=-527 steer=-264 m1=2463/89368 i1=403 t1=30 m2=-2522/-92268 i2=-546 t2=28 steerMode=-1450/-162 iSteer=-71376 driveMode=90818/127168 iDrive=474361 scale=0 wheel=264198
run=1 step=0 angle=162334 target=162422 err=88 steer=0 m1=2758/97143 i1=328 t1=30 m2=-2702/-97143 i2=-396 t2=28 steerMode=0/563 iSteer=-33794 driveMode=97143/140771 iDrive=362087 scale=0 wheel=282599
run=1 step=0 angle=162510 target=162422 err=-88 steer=0 m1=2816/103538 i1=247 t1=30 m2=-2784/-103538 i2=-310 t2=28 steerMode=0/480 iSteer=-31884 driveMode=103538/147443 iDrive=278454 scale=0 wheel=301200
run=1 step=0 angle=162773 target=162422 err=-352 steer=0 m1=2845/109932 i1=180 t1=30 m2=-2817/-109932 i2=-268 t2=28 steerMode=0/693 iSteer=-43784 driveMode=109932/149193 iDrive=223903 scale=0 wheel=319801
run=1 step=0 angle=162773 target=162422 err=-352 steer=0 m1=2854/116326 i1=182 t1=30 m2=-2846/-116326 i2=-187 t2=28 steerMode=0/-142 iSteer=-2762 driveMode=116326/149971 iDrive=184289 scale=0 wheel=338402
run=1 step=0 angle=162773 target=162422 err=-352 steer=0 m1=2833/122720 i1=121 t1=30 m2=-2759/-122720 i2=-224 t2=28 steerMode=0/838 iSteer=-51786 driveMode=122720/147648 iDrive=172621 scale=0 wheel=357003
run=1 step=0 angle=162686 target=162422 err=-264 steer=0 m1=2724/129114 i1=216 t1=30 m2=-2740/-129114 i2=-153 t2=28 steerMode=0/-869 iSteer=31404 driveMode=129114/144392 iDrive=184201 scale=0 wheel=375604
run=1 step=0 angle=162861 target=162422 err=-439 steer=0 m1=2695/135508 i1=162 t1=30 m2=-2673/-135508 i2=-251 t2=28 steerMode=0/636 iSteer=-44400 driveMode=135508/142277 iDrive=206440 scale=0 wheel=394205
run=1 step=0 angle=163037 target=162422 err=-615 steer=-308 m1=2678/140210 i1=163 t1=30 m2=-2713/-143594 i2=-313 t2=28 steerMode=-1692/-513 iSteer=-74614 driveMode=141902/141333 iDrive=237986 scale=0 wheel=412806
run=1 step=0 angle=162686 target=162422 err=-264 steer=0 m1=2741/148227 i1=303 t1=30 m2=-2744/-148227 i2=-225 t2=28 steerMode=0/-1050 iSteer=38929 driveMode=148227/143382 iDrive=264262 scale=0 wheel=431207
run=1 step=0 angle=162598 target=162422 err=-176 steer=0 m1=2797/154622 i1=253 t1=30 m2=-2800/-154622 i2=-338 t2=28 steerMode=0/542 iSteer=-42564 driveMode=154622/146085 iDrive=295855 scale=0 wheel=449808
run=1 step=0 angle=162686 target=162422 err=-264 steer=0 m1=2883/161016 i1=278 t1=30 m2=-2849/-161016 i2=-367 t2=28 steerMode=0/562 iSteer=-44558 driveMode=161016/150679 iDrive=322290 scale=0 wheel=468409
run=1 step=0 angle=162773 target=162422 err=-352 steer=0 m1=3011/167410 i1=325 t1=30 m2=-3049/-167410 i2=-356 t2=28 steerMode=0/-33 iSteer=-15931 driveMode=167410/157353 iDrive=340495 scale=0 wheel=487010
run=1 step=0 angle=162598 target=162422 err=-176 steer=0 m1=3191/171875 i1=302 t1=30 m2=-3150/-171875 i2=-376 t2=28 steerMode=0/409 iSteer=-37227 driveMode=171875/165316 iDrive=339151 scale=0 wheel=500000
run=1 step=0 angle=162773 target=162422 err=-352 steer=0 m1=3283/171875 i1=296 t1=30 m2=-3273/-171875 i2=-337 t2=28 steerMode=0/44 iSteer=-20567 driveMode=171875/171175 iDrive=316622 scale=0 wheel=500000
run=1 step=0 angle=162861 target=162422 err=-439 steer=0 m1=3354/171875 i1=247 t1=30 m2=-3349/-171875 i2=-325 t2=28 steerMode=0/410 iSteer=-39019 driveMode=171875/176367 iDrive=286305 scale=0 wheel=500000
run=1 step=0 angle=162949 target=162422 err=-527 steer=-264 m1=3427/170425 i1=193 t1=30 m2=-3485/-173325 i2=-307 t2=28 steerMode=-1450/-703 iSteer=-56944 driveMode=171875/181016 iDrive=250032 scale=0 wheel=500000
run=1 step=0 angle=162422 target=162422 err=0 steer=0 m1=3482/171875 i1=209 t1=30 m2=-3474/-171875 i2=-238 t2=28 steerMode=0/-82 iSteer=-14458 driveMode=171875/182574 iDrive=223526 scale=0 wheel=500000
run=1 step=0 angle=162422 target=162422 err=0 steer=0 m1=3471/171875 i1=141 t1=30 m2=-3451/-171875 i2=-269 t2=28 steerMode=0/891 iSteer=-64409 driveMode=171875/182233 iDrive=204945 scale=0 wheel=500000
run=1 step=0 angle=162510 target=162422 err=-88 steer=0 m1=3450/171875 i1=183 t1=30 m2=-3472/-171875 i2=-198 t2=28 steerMode=0/-273 iSteer=-7589 driveMode=171875/181551 iDrive=190399 scale=0 wheel=500000
run=1 step=0 angle=162510 target=162422 err=-88 steer=0 m1=3413/171875 i1=134 t1=30 m2=-3424/-171875 i2=-228 t2=28 steerMode=0/527 iSteer=-47349 driveMode=171875/179972 iDrive=180955 scale=0 wheel=500000
run=1 step=0 angle=162598 target=162422 err=-176 steer=0 m1=3377/171875 i1=164 t1=30 m2=-3355/-171875 i2=-197 t2=28 steerMode=0/-107 iSteer=-16627 driveMode=171875/177598 iDrive=180320 scale=0 wheel=500000
run=1 step=0 angle=162598 target=162422 err=-176 steer=0 m1=3331/171875 i1=147 t1=30 m2=-3309/-171875 i2=-218 t2=28 steerMode=0/249 iSteer=-35375 driveMode=171875/175462 iDrive=182488 scale=0 wheel=500000
run=1 step=0 angle=162598 target=162422 err=-176 steer=0 m1=3279/171875 i1=175 t1=30 m2=-3301/-171875 i2=-193 t2=28 steerMode=0/-262 iSteer=-9213 driveMode=171875/174004 iDrive=184205 scale=0 wheel=500000
run=1 step=0 angle=162598 target=162422 err=-176 steer=0 m1=3264/171875 i1=177 t1=30 m2=-3286/-171875 i2=-208 t2=28 steerMode=0/-157 iSteer=-15367 driveMode=171875/171965 iDrive=192819 scale=0 wheel=500000
run=1 step=0 angle=162686 target=162422 err=-264 steer=0 m1=3226/171875 i1=155 t1=30 m2=-3215/-171875 i2=-253 t2=28 steerMode=0/503 iSteer=-48904 driveMode=171875/170034 iDrive=204101 scale=0 wheel=500000
run=1 step=0 angle=162686 target=162422 err=-264 steer=0 m1=3228/171875 i1=207 t1=30 m2=-3248/-171875 i2=-207 t2=28 steerMode=0/-484 iSteer=-84 driveMode=171875/170188 iDrive=207172 scale=0 wheel=500000
run=1 step=0 angle=162598 target=162422 err=-176 steer=0 m1=3220/171875 i1=156 t1=30 m2=-3198/-171875 i2=-274 t2=28 steerMode=0/709 iSteer=-59383 driveMode=171875/169305 iDrive=215082 scale=0 wheel=500000
run=1 step=0 angle=162686 target=162422 err=-264 steer=0 m1=3218/171875 i1=207 t1=30 m2=-3219/-171875 i2=-242 t2=28 steerMode=0/-151 iSteer=-17194 driveMode=171875/168595 iDrive=224638 scale=0 wheel=500000
run=1 step=0 angle=162686 target=162422 err=-264 steer=0 m1=3222/171875 i1=195 t1=30 m2=-3211/-171875 i2=-262 t2=28 steerMode=0/160 iSteer=-33514 driveMode=171875/169077 iDrive=228330 scale=0 wheel=500000
run=1 step=0 angle=162686 target=162422 err=-264 steer=0 m1=3254/171875 i1=213 t1=30 m2=-3227/-171875 i2=-236 t2=28 steerMode=0/-264 iSteer=-11605 driveMode=171875/170582 iDrive=224352 scale=0 wheel=500000
run=1 step=0 angle=162598 target=162422 err=-176 steer=0 m1=3256/171875 i1=184 t1=30 m2=-3234/-171875 i2=-269 t2=28 steerMode=0/334 iSteer=-42435 driveMode=171875/170661 iDrive=226509 scale=0 wheel=500000
run=1 step=0 angle=162598 target=162422 err=-176 steer=0 m1=3251/171875 i1=179 t1=30 m2=-3238/-171875 i2=-279 t2=28 steerMode=0/482 iSteer=-49877 driveMode=171875/170612 iDrive=228801 scale=0 wheel=500000
run=1 step=0 angle=162861 target=162422 err=-439 steer=-14 m1=3247/171800 i1=248 t1=30 m2=-3296/-171950 i2=-208 t2=28 steerMode=-75/-1030 iSteer=19689 driveMode=171875/171276 iDrive=227998 scale=0 wheel=500000
run=1 step=0 angle=162510 target=162422 err=-88 steer=0 m1=3277/171875 i1=169 t1=30 m2=-3248/-171875 i2=-279 t2=28 steerMode=0/570 iSteer=-55139 driveMode=171875/172043 iDrive=223987 scale=0 wheel=500000
run=1 step=0 angle=162510 target=162422 err=-88 steer=0 m1=3274/171875 i1=189 t1=30 m2=-3278/-171875 i2=-252 t2=28 steerMode=0/82 iSteer=-31424 driveMode=171875/172564 iDrive=220571 scale=0 wheel=500000
run=1 step=0 angle=162510 target=162422 err=-88 steer=0 m1=3285/171875 i1=181 t1=30 m2=-3307/-171875 i2=-254 t2=28 steerMode=0/178 iSteer=-36914 driveMode=171875/172922 iDrive=217493 scale=0 wheel=500000
run=1 step=0 angle=162510 target=162422 err=-88 steer=0 m1=3314/171875 i1=190 t1=30 m2=-3267/-171875 i2=-227 t2=28 steerMode=0/-174 iSteer=-18374 driveMode=171875/174062 iDrive=208480 scale=0 wheel=500000
run=1 step=0 angle=162510 target=162422 err=-88 steer=0 m1=3293/171875 i1=181 t1=30 m2=-3284/-171875 i2=-245 t2=28 steerMode=0/70 iSteer=-31940 driveMode=171875/172677 iDrive=213333 scale=0 wheel=500000
run=1 step=0 angle=162598 target=162422 err=-176 steer=0 m1=3272/171875 i1=166 t1=30 m2=-3227/-171875 i2=-263 t2=28 steerMode=0/400 iSteer=-48224 driveMode=171875/172216 iDrive=214451 scale=0 wheel=500000
run=1 step=0 angle=162686 target=162422 err=-264 steer=0 m1=3270/171875 i1=208 t1=30 m2=-3294/-171875 i2=-217 t2=28 steerMode=0/-490 iSteer=-4390 driveMode=171875/172541 iDrive=212181 scale=0 wheel=500000
run=1 step=0 angle=162510 target=162422 err=-88 steer=0 m1=3285/171875 i1=162 t1=30 m2=-3259/-171875 i2=-262 t2=28 steerMode=0/440 iSteer=-50049 driveMode=171875/172270 iDrive=212092 scale=0 wheel=500000
run=1 step=0 angle=162510 target=162422 err=-88 steer=0 m1=3241/171875 i1=182 t1=30 m2=-3263/-171875 i2=-250 t2=28 steerMode=0/110 iSteer=-34200 driveMode=171875/171475 iDrive=215820 scale=0 wheel=500000
run=1 step=0 angle=162510 target=162422 err=-88 steer=0 m1=3258/171875 i1=176 t1=30 m2=-3267/-171875 i2=-262 t2=28 steerMode=0/269 iSteer=-43198 driveMode=171875/171097 iDrive=219265 scale=0 wheel=500000
run=1 step=0 angle=162510 target=162422 err=-88 steer=0 m1=3281/171875 i1=197 t1=30 m2=-3259/-171875 i2=-230 t2=28 steerMode=0/-240 iSteer=-16644 driveMode=171875/172323 iDrive=213267 scale=0 wheel=500000
run=1 step=0 angle=162422 target=162422 err=0 steer=0 m1=3258/171875 i1=180 t1=30 m2=-3278/-171875 i2=-255 t2=28 steerMode=0/154 iSteer=-37532 driveMode=171875/171574 iDrive=217329 scale=0 wheel=500000
run=1 step=0 angle=162510 target=162422 err=-88 steer=0 m1=3264/171875 i1=176 t1=30 m2=-3240/-171875 i2=-260 t2=28 steerMode=0/241 iSteer=-42015 driveMode=171875/171432 iDrive=218267 scale=0 wheel=500000
run=1 step=0 angle=162598 target=162422 err=-176 steer=0 m1=3254/171875 i1=198 t1=30 m2=-3263/-171875 i2=-243 t2=28 steerMode=0/-172 iSteer=-22565 driveMode=171875/171239 iDrive=220417 scale=0 wheel=500000
run=1 step=0 angle=162422 target=162422 err=0 steer=0 m1=3251/171875 i1=165 t1=30 m2=-3242/-171875 i2=-277 t2=28 steerMode=0/507 iSteer=-55593 driveMode=171875/171306 iDrive=220911 scale=0 wheel=500000
run=1 step=0 angle=162334 target=162422 err=88 steer=0 m1=3274/171875 i1=179 t1=30 m2=-3246/-171875 i2=-261 t2=28 steerMode=0/200 iSteer=-40669 driveMode=171875/171608 iDrive=220061 scale=0 wheel=500000
run=1 step=0 angle=162422 target=162422 err=0 steer=0 m1=3260/171875 i1=183 t1=30 m2=-3271/-171875 i2=-262 t2=28 steerMode=0/163 iSteer=-39642 driveMode=171875/171424 iDrive=222189 scale=0 wheel=500000
run=1 step=0 angle=162422 target=162422 err=0 steer=0 m1=3283/171875 i1=199 t1=30 m2=-3271/-171875 i2=-230 t2=28 steerMode=0/-300 iSteer=-15098 driveMode=171875/172758 iDrive=214577 scale=0 wheel=500000
run=1 step=0 angle=162510 target=162422 err=-88 steer=0 m1=3237/171875 i1=198 t1=30 m2=-3282/-171875 i2=-247 t2=28 steerMode=0/-139 iSteer=-24799 driveMode=171875/171257 iDrive=222411 scale=0 wheel=500000
run=1 step=0 angle=162334 target=162422 err=88 steer=0 m1=3264/171875 i1=177 t1=30 m2=-3246/-171875 i2=-265 t2=28 steerMode=0/251 iSteer=-43793 driveMode=171875/171574 iDrive=221256 scale=0 wheel=500000
run=1 step=0 angle=162334 target=162422 err=88 steer=0 m1=3272/171875 i1=198 t1=30 m2=-3307/-171875 i2=-236 t2=28 steerMode=0/-260 iSteer=-18932 driveMode=171875/172435 iDrive=217100 scale=0 wheel=500000
run=1 step=0 angle=162334 target=162422 err=88 steer=0 m1=3302/171875 i1=180 t1=30 m2=-3263/-171875 i2=-247 t2=28 steerMode=0/52 iSteer=-33377 driveMode=171875/172732 iDrive=213863 scale=0 wheel=500000
run=1 step=0 angle=162158 target=162422 err=264 steer=0 m1=3279/171875 i1=172 t1=30 m2=-3267/-171875 i2=-255 t2=28 steerMode=0/202 iSteer=-41336 driveMode=171875/172539 iDrive=213309 scale=0 wheel=500000
run=1 step=0 angle=162246 target=162422 err=176 steer=0 m1=3260/171875 i1=184 t1=30 m2=-3265/-171875 i2=-252 t2=28 steerMode=0/29 iSteer=-33820 driveMode=171875/171627 iDrive=217995 scale=0 wheel=500000
run=1 step=0 angle=162158 target=162422 err=264 steer=0 m1=3287/171875 i1=199 t1=30 m2=-3296/-171875 i2=-221 t2=28 steerMode=0/-399 iSteer=-10721 driveMode=171875/172974 iDrive=210051 scale=0 wheel=500000
run=1 step=0 angle=162070 target=162422 err=352 steer=0 m1=3272/171875 i1=189 t1=30 m2=-3269/-171875 i2=-235 t2=28 steerMode=0/-169 iSteer=-23098 driveMode=171875/172350 iDrive=211887 scale=0 wheel=500000
run=1 step=0 angle=161982 target=162422 err=439 steer=0 m1=3272/171875 i1=177 t1=30 m2=-3284/-171875 i2=-248 t2=28 steerMode=0/85 iSteer=-35418 driveMode=171875/172065 iDrive=212426 scale=0 wheel=500000
run=1 step=0 angle=161982 target=162422 err=439 steer=0 m1=3266/171875 i1=193 t1=30 m2=-3280/-171875 i2=-230 t2=28 steerMode=0/-259 iSteer=-18349 driveMode=171875/172200 iDrive=211413 scale=0 wheel=500000
run=1 step=0 angle=161895 target=162422 err=527 steer=264 m1=3264/173325 i1=241 t1=30 m2=-3259/-170425 i2=-189 t2=28 steerMode=1450/326 iSteer=26043 driveMode=171875/171448 iDrive=215166 scale=0 wheel=500000
run=1 step=0 angle=162070 target=162422 err=352 steer=0 m1=3256/171875 i1=185 t1=30 m2=-3271/-171875 i2=-246 t2=28 steerMode=0/1 iSteer=-30318 driveMode=171875/171482 iDrive=215812 scale=0 wheel=500000
run=1 step=0 angle=162158 target=162422 err=264 steer=0 m1=3241/171875 i1=197 t1=30 m2=-3263/-171875 i2=-245 t2=28 steerMode=0/-132 iSteer=-24154 driveMode=171875/170842 iDrive=220866 scale=0 wheel=500000
run=1 step=0 angle=161982 target=162422 err=439 steer=0 m1=3266/171875 i1=206 t1=30 m2=-3282/-171875 i2=-222 t2=28 steerMode=0/-422 iSteer=-7809 driveMode=171875/172175 iDrive=214299 scale=0 wheel=500000
run=1 step=0 angle=162158 target=162422 err=264 steer=0 m1=3260/171875 i1=123 t1=30 m2=-3244/-171875 i2=-317 t2=28 steerMode=0/1360 iSteer=-96899 driveMode=171875/171131 iDrive=220175 scale=0 wheel=500000
run=1 step=0 angle=162158 target=162422 err=264 steer=0 m1=3247/171875 i1=197 t1=30 m2=-3236/-171875 i2=-245 t2=28 steerMode=0/-103 iSteer=-23887 driveMode=171875/171232 iDrive=221257 scale=0 wheel=500000
run=1 step=0 angle=162246 target=162422 err=176 steer=0 m1=3256/171875 i1=216 t1=30 m2=-3313/-171875 i2=-216 t2=28 steerMode=0/-584 iSteer=434 driveMode=171875/172365 iDrive=215998 scale=0 wheel=500000
run=1 step=0 angle=162070 target=162422 err=352 steer=0 m1=3289/171875 i1=166 t1=30 m2=-3246/-171875 i2=-264 t2=28 steerMode=0/406 iSteer=-48794 driveMode=171875/172370 iDrive=214891 scale=0 wheel=500000
run=1 step=0 angle=162070 target=162422 err=352 steer=0 m1=3287/171875 i1=151 t1=30 m2=-3252/-171875 i2=-275 t2=28 steerMode=0/681 iSteer=-61507 driveMode=171875/172510 iDrive=212998 scale=0 wheel=500000
run=1 step=0 angle=162334 target=162422 err=88 steer=0 m1=3256/171875 i1=167 t1=30 m2=-3255/-171875 i2=-272 t2=28 steerMode=0/461 iSteer=-52813 driveMode=171875/171252 iDrive=219488 scale=0 wheel=500000
run=1 step=0 angle=162334 target=162422 err=88 steer=0 m1=3281/171875 i1=212 t1=30 m2=-3271/-171875 i2=-215 t2=28 steerMode=0/-531 iSteer=-1704 driveMode=171875/172417 iDrive=213413 scale=0 wheel=500000
run=1 step=0 angle=162158 target=162422 err=264 steer=0 m1=3262/171875 i1=169 t1=30 m2=-3252/-171875 i2=-263 t2=28 steerMode=0/356 iSteer=-46926 driveMode=171875/171845 iDrive=216060 scale=0 wheel=500000
run=1 step=0 angle=162246 target=162422 err=176 steer=0 m1=3277/171875 i1=179 t1=30 m2=-3261/-171875 i2=-257 t2=28 steerMode=0/200 iSteer=-39021 driveMode=171875/171444 iDrive=218456 scale=0 wheel=500000
run=1 step=0 angle=162070 target=162422 err=352 steer=0 m1=3268/171875 i1=217 t1=30 m2=-3298/-171875 i2=-206 t2=28 steerMode=0/-684 iSteer=5484 driveMode=171875/172753 iDrive=211712 scale=0 wheel=500000
run=1 step=0 angle=162070 target=162422 err=352 steer=0 m1=3264/171875 i1=159 t1=30 m2=-3261/-171875 i2=-275 t2=28 steerMode=0/575 iSteer=-57700 driveMode=171875/171524 iDrive=216898 scale=0 wheel=500000
run=1 step=0 angle=161982 target=162422 err=439 steer=0 m1=3281/171875 i1=151 t1=30 m2=-3250/-171875 i2=-281 t2=28 steerMode=0/754 iSteer=-65077 driveMode=171875/171744 iDrive=216037 scale=0 wheel=500000
run=1 step=0 angle=162246 target=162422 err=176 steer=0 m1=3251/171875 i1=177 t1=30 m2=-3269/-171875 i2=-261 t2=28 steerMode=0/261 iSteer=-42159 driveMode=171875/171298 iDrive=219299 scale=0 wheel=500000
run=1 step=0 angle=162158 target=162422 err=264 steer=0 m1=3287/171875 i1=210 t1=30 m2=-3286/-171875 i2=-213 t2=28 steerMode=0/-525 iSteer=-1185 driveMode=171875/172742 iDrive=211522 scale=0 wheel=500000
run=1 step=0 angle=161895 target=162422 err=527 steer=264 m1=3266/173325 i1=238 t1=30 m2=-3263/-170425 i2=-192 t2=28 steerMode=1450/430 iSteer=23035 driveMode=171875/171869 iDrive=215265 scale=0 wheel=500000
run=1 step=0 angle=162158 target=162422 err=264 steer=0 m1=3272/171875 i1=174 t1=30 m2=-3244/-171875 i2=-266 t2=28 steerMode=0/341 iSteer=-46056 driveMode=171875/171117 iDrive=219683 scale=0 wheel=500000
run=1 step=0 angle=162158 target=162422 err=264 steer=0 m1=3258/171875 i1=223 t1=30 m2=-3307/-171875 i2=-206 t2=28 steerMode=0/-744 iSteer=8493 driveMode=171875/172333 iDrive=214090 scale=0 wheel=500000
run=1 step=0 angle=162070 target=162422 err=352 steer=0 m1=3260/171875 i1=161 t1=30 m2=-3255/-171875 i2=-267 t2=28 steerMode=0/493 iSteer=-53020 driveMode=171875/172066 iDrive=214352 scale=0 wheel=500000
run=1 step=0 angle=161895 target=162422 err=527 steer=264 m1=3310/173325 i1=217 t1=30 m2=-3261/-170425 i2=-209 t2=28 steerMode=1450/831 iSteer=3962 driveMode=171875/172171 iDrive=213093 scale=0 wheel=500000
run=1 step=0 angle=162334 target=162422 err=88 steer=0 m1=3268/171875 i1=159 t1=30 m2=-3229/-171875 i2=-277 t2=28 steerMode=0/579 iSteer=-58780 driveMode=171875/171300 iDrive=217797 scale=0 wheel=500000
run=1 step=0 angle=162422 target=162422 err=0 steer=0 m1=3245/171875 i1=214 t1=30 m2=-3288/-171875 i2=-217 t2=28 steerMode=0/-544 iSteer=-1504 driveMode=171875/171831 iDrive=215444 scale=0 wheel=500000
run=1 step=0 angle=162334 target=162422 err=88 steer=0 m1=3268/171875 i1=198 t1=30 m2=-3267/-171875 i2=-234 t2=28 steerMode=0/-219 iSteer=-17841 driveMode=171875/171816 iDrive=215957 scale=0 wheel=500000
run=1 step=0 angle=162422 target=162422 err=0 steer=0 m1=3245/171875 i1=171 t1=30 m2=-3269/-171875 i2=-267 t2=28 steerMode=0/377 iSteer=-47945 driveMode=171875/171244 iDrive=218926 scale=0 wheel=500000
run=1 step=0 angle=162246 target=162422 err=176 steer=0 m1=3281/171875 i1=213 t1=30 m2=-3296/-171875 i2=-209 t2=28 steerMode=0/-605 iSteer=1713 driveMode=171875/172797 iDrive=211012 scale=0 wheel=500000
run=1 step=0 angle=162158 target=162422 err=264 steer=0 m1=3270/171875 i1=148 t1=30 m2=-3255/-171875 i2=-283 t2=28 steerMode=0/771 iSteer=-67421 driveMode=171875/171713 iDrive=215444 scale=0 wheel=500000
run=1 step=0 angle=162070 target=162422 err=352 steer=0 m1=3268/171875 i1=202 t1=30 m2=-3269/-171875 i2=-228 t2=28 steerMode=0/-315 iSteer=-13171 driveMode=171875/171860 iDrive=215327 scale=0 wheel=500000
run=1 step=0 angle=162070 target=162422 err=352 steer=0 m1=3251/171875 i1=177 t1=30 m2=-3278/-171875 i2=-259 t2=28 steerMode=0/235 iSteer=-41057 driveMode=171875/171482 iDrive=217796 scale=0 wheel=500000
run=1 step=0 angle=162158 target=162422 err=264 steer=0 m1=3285/171875 i1=209 t1=30 m2=-3278/-171875 i2=-214 t2=28 steerMode=0/-500 iSteer=-2951 driveMode=171875/172611 iDrive=211533 scale=0 wheel=500000
run=1 step=0 angle=161895 target=162422 err=527 steer=250 m1=3279/173250 i1=247 t1=30 m2=-3288/-170500 i2=-174 t2=28 steerMode=1375/80 iSteer=36632 driveMode=171875/172521 iDrive=210816 scale=0 wheel=500000
run=1 step=0 angle=162422 target=162422 err=0 steer=0 m1=3251/171875 i1=140 t1=30 m2=-3225/-171875 i2=-297 t2=28 steerMode=0/990 iSteer=-78657 driveMode=171875/170938 iDrive=218801 scale=0 wheel=500000
run=1 step=0 angle=162422 target=162422 err=0 steer=0 m1=3260/171875 i1=211 t1=30 m2=-3267/-171875 i2=-217 t2=28 steerMode=0/-525 iSteer=-2951 driveMode=171875/172104 iDrive=213960 scale=0 wheel=500000
run=1 step=0 angle=162334 target=162422 err=88 steer=0 m1=3270/171875 i1=163 t1=30 m2=-3255/-171875 i2=-273 t2=28 steerMode=0/518 iSteer=-54984 driveMode=171875/171336 iDrive=217931 scale=0 wheel=500000
run=1 step=0 angle=162246 target=162422 err=176 steer=0 m1=3256/171875 i1=194 t1=30 m2=-3271/-171875 i2=-242 t2=28 steerMode=0/-102 iSteer=-24117 driveMode=171875/171564 iDrive=217763 scale=0 wheel=500000
run=1 step=0 angle=162246 target=162422 err=176 steer=0 m1=3279/171875 i1=180 t1=30 m2=-3273/-171875 i2=-252 t2=28 steerMode=0/118 iSteer=-35945 driveMode=171875/171914 iDrive=216397 scale=0 wheel=500000
run=1 step=0 angle=162246 target=162422 err=176 steer=0 m1=3254/171875 i1=203 t1=30 m2=-3271/-171875 i2=-227 t2=28 steerMode=0/-337 iSteer=-12166 driveMode=171875/172038 iDrive=214990 scale=0 wheel=500000
run=1 step=0 angle=162070 target=162422 err=352 steer=0 m1=3266/171875 i1=200 t1=30 m2=-3280/-171875 i2=-232 t2=28 steerMode=0/-264 iSteer=-15878 driveMode=171875/171841 iDrive=216195 scale=0 wheel=500000
run=1 step=0 angle=162158 target=162422 err=264 steer=0 m1=3260/171875 i1=154 t1=30 m2=-3202/-171875 i2=-286 t2=28 steerMode=0/732 iSteer=-65927 driveMode=171875/171207 iDrive=219671 scale=0 wheel=500000
run=1 step=0 angle=162070 target=162422 err=352 steer=0 m1=3283/171875 i1=225 t1=30 m2=-3305/-171875 i2=-200 t2=28 steerMode=0/-830 iSteer=12425 driveMode=171875/172675 iDrive=212463 scale=0 wheel=500000
run=1 step=0 angle=161982 target=162422 err=439 steer=0 m1=3277/171875 i1=145 t1=30 m2=-3219/-171875 i2=-283 t2=28 steerMode=0/804 iSteer=-69070 driveMode=171875/172044 iDrive=214330 scale=0 wheel=500000
run=1 step=0 angle=161982 target=162422 err=439 steer=0 m1=3249/171875 i1=202 t1=30 m2=-3265/-171875 i2=-233 t2=28 steerMode=0/-270 iSteer=-15748 driveMode=171875/171511 iDrive=217373 scale=0 wheel=500000
run=1 step=0 angle=162158 target=162422 err=264 steer=0 m1=3258/171875 i1=168 t1=30 m2=-3269/-171875 i2=-272 t2=28 steerMode=0/450 iSteer=-51989 driveMode=171875/171210 iDrive=219885 scale=0 wheel=500000
run=1 step=0 angle=162070 target=162422 err=352 steer=0 m1=3256/171875 i1=188 t1=30 m2=-3246/-171875 i2=-249 t2=28 steerMode=0/31 iSteer=-30306 driveMode=171875/171635 iDrive=218360 scale=0 wheel=500000
run=1 step=0 angle=161895 target=162422 err=527 steer=50 m1=3268/172150 i1=197 t1=30 m2=-3242/-171600 i2=-240 t2=28 steerMode=275/117 iSteer=-21411 driveMode=171875/171736 iDrive=218199 scale=0 wheel=500000
run=1 step=0 angle=162158 target=162422 err=264 steer=0 m1=3247/171875 i1=148 t1=30 m2=-3217/-171875 i2=-297 t2=28 steerMode=0/902 iSteer=-74451 driveMode=171875/171008 iDrive=222292 scale=0 wheel=500000
run=1 step=0 angle=162246 target=162422 err=176 steer=0 m1=3237/171875 i1=237 t1=30 m2=-3278/-171875 i2=-204 t2=28 steerMode=0/-922 iSteer=16753 driveMode=171875/171681 iDrive=220404 scale=0 wheel=500000
run=1 step=0 angle=162158 target=162422 err=264 steer=0 m1=3283/171875 i1=162 t1=30 m2=-3236/-171875 i2=-280 t2=28 steerMode=0/602 iSteer=-58999 driveMode=171875/171566 iDrive=221449 scale=0 wheel=500000
run=1 step=0 angle=162070 target=162422 err=352 steer=0 m1=3256/171875 i1=191 t1=30 m2=-3259/-171875 i2=-248 t2=28 steerMode=0/-17 iSteer=-28170 driveMode=171875/171911 iDrive=219507 scale=0 wheel=500000
run=1 step=0 angle=161982 target=162422 err=439 steer=0 m1=3274/171875 i1=193 t1=30 m2=-3278/-171875 i2=-238 t2=28 steerMode=0/-144 iSteer=-22286 driveMode=171875/172606 iDrive=215596 scale=0 wheel=500000
run=1 step=0 angle=161895 target=162422 err=527 steer=264 m1=3323/173325 i1=201 t1=30 m2=-3244/-170425 i2=-218 t2=28 steerMode=1450/1085 iSteer=-8585 driveMode=171875/173208 iDrive=209821 scale=0 wheel=500000
run=1 step=0 angle=162070 target=162422 err=352 steer=0 m1=3254/171875 i1=194 t1=30 m2=-3278/-171875 i2=-234 t2=28 steerMode=0/-194 iSteer=-20121 driveMode=171875/172209 iDrive=213899 scale=0 wheel=500000
STEP_OK: step=0 target=500 cmd=500000 measured=499805 angleErr=264
STEP_START: step=1 target=500 steerTarget=252422
run=1 step=1 angle=162158 target=252422 err=264 steer=0 m1=3287/171875 i1=160 t1=30 m2=-3257/-171875 i2=-270 t2=28 steerMode=0/520 iSteer=-54940 driveMode=171875/171808 iDrive=215299 scale=0 wheel=500000
run=1 step=1 angle=163740 target=252422 err=88682 steer=4100 m1=3580/194425 i1=829 t1=30 m2=-2982/-149325 i2=408 t2=28 steerMode=22550/10019 iSteer=618282 driveMode=171875/172776 iDrive=210230 scale=0 wheel=500000
run=1 step=1 angle=176396 target=252422 err=76025 steer=5000 m1=3806/199375 i1=54 t1=30 m2=-2694/-144375 i2=-378 t2=28 steerMode=27500/30759 iSteer=-161989 driveMode=171875/171410 iDrive=216404 scale=0 wheel=500000
run=1 step=1 angle=188086 target=252422 err=64336 steer=5000 m1=3756/199375 i1=272 t1=30 m2=-2736/-144375 i2=-173 t2=28 steerMode=27500/26510 iSteer=49735 driveMode=171875/170529 iDrive=222396 scale=0 wheel=500000
run=1 step=1 angle=200479 target=252422 err=51943 steer=5000 m1=3731/199375 i1=222 t1=30 m2=-2654/-144375 i2=-257 t2=28 steerMode=27500/27853 iSteer=-17379 driveMode=171875/168044 iDrive=239421 scale=0 wheel=500000
run=1 step=1 angle=212168 target=252422 err=40254 steer=5000 m1=3760/199375 i1=270 t1=30 m2=-2727/-144375 i2=-201 t2=28 steerMode=27500/26830 iSteer=34588 driveMode=171875/169961 iDrive=235459 scale=0 wheel=500000
run=1 step=1 angle=224121 target=252422 err=28301 steer=5000 m1=3783/199375 i1=198 t1=30 m2=-2698/-144375 i2=-269 t2=28 steerMode=27500/28237 iSteer=-35845 driveMode=171875/170778 iDrive=233587 scale=0 wheel=500000
run=1 step=1 angle=235811 target=252422 err=16611 steer=5000 m1=3793/199375 i1=266 t1=30 m2=-2790/-144375 i2=-188 t2=28 steerMode=27500/26741 iSteer=39019 driveMode=171875/172357 iDrive=226537 scale=0 wheel=500000
run=1 step=1 angle=247500 target=252422 err=4922 steer=2850 m1=3720/187550 i1=-263 t1=30 m2=-2880/-156200 i2=-700 t2=28 steerMode=15675/25225 iSteer=-481795 driveMode=171875/173459 iDrive=218468 scale=0 wheel=500000
run=1 step=1 angle=251367 target=252422 err=1055 steer=527 m1=3331/174775 i1=169 t1=30 m2=-3278/-168975 i2=-262 t2=28 steerMode=2900/3359 iSteer=-46465 driveMode=171875/173570 iDrive=215059 scale=0 wheel=500000
run=1 step=1 angle=251982 target=252422 err=439 steer=164 m1=3335/172775 i1=105 t1=30 m2=-3252/-170975 i2=-316 t2=28 steerMode=900/2545 iSteer=-105317 driveMode=171875/173713 iDrive=210583 scale=0 wheel=500000
run=1 step=1 angle=252158 target=252422 err=264 steer=0 m1=3281/171875 i1=218 t1=30 m2=-3326/-171875 i2=-195 t2=28 steerMode=0/-727 iSteer=11633 driveMode=171875/173829 iDrive=206427 scale=0 wheel=500000
run=1 step=1 angle=251982 target=252422 err=439 steer=0 m1=3316/171875 i1=161 t1=30 m2=-3313/-171875 i2=-246 t2=28 steerMode=0/353 iSteer=-42210 driveMode=171875/173767 iDrive=203401 scale=0 wheel=500000
run=1 step=1 angle=251982 target=252422 err=439 steer=0 m1=3323/171875 i1=155 t1=30 m2=-3282/-171875 i2=-240 t2=28 steerMode=0/365 iSteer=-42255 driveMode=171875/174085 iDrive=197625 scale=0 wheel=500000
run=1 step=1 angle=252510 target=252422 err=-88 steer=0 m1=3277/171875 i1=186 t1=30 m2=-3282/-171875 i2=-219 t2=28 steerMode=0/-172 iSteer=-16771 driveMode=171875/172641 iDrive=202408 scale=0 wheel=500000
run=1 step=1 angle=252158 target=252422 err=264 steer=0 m1=3287/171875 i1=165 t1=30 m2=-3269/-171875 i2=-237 t2=28 steerMode=0/231 iSteer=-35898 driveMode=171875/172617 iDrive=201132 scale=0 wheel=500000
run=1 step=1 angle=252334 target=252422 err=88 steer=0 m1=3260/171875 i1=159 t1=30 m2=-3273/-171875 i2=-247 t2=28 steerMode=0/357 iSteer=-44044 driveMode=171875/172149 iDrive=202779 scale=0 wheel=500000
run=1 step=1 angle=252334 target=252422 err=88 steer=0 m1=3262/171875 i1=157 t1=30 m2=-3238/-171875 i2=-249 t2=28 steerMode=0/382 iSteer=-46268 driveMode=171875/171986 iDrive=203129 scale=0 wheel=500000
run=1 step=1 angle=252334 target=252422 err=88 steer=0 m1=3291/171875 i1=182 t1=30 m2=-3278/-171875 i2=-217 t2=28 steerMode=0/-167 iSteer=-17834 driveMode=171875/172538 iDrive=199480 scale=0 wheel=500000
run=1 step=1 angle=252510 target=252422 err=-88 steer=0 m1=3274/171875 i1=160 t1=30 m2=-3234/-171875 i2=-246 t2=28 steerMode=0/308 iSteer=-43088 driveMode=171875/171744 iDrive=203344 scale=0 wheel=500000
run=1 step=1 angle=252598 target=252422 err=-176 steer=0 m1=3264/171875 i1=151 t1=30 m2=-3248/-171875 i2=-253 t2=28 steerMode=0/475 iSteer=-51144 driveMode=171875/171908 iDrive=202029 scale=0 wheel=500000
run=1 step=1 angle=252686 target=252422 err=-264 steer=0 m1=3222/171875 i1=200 t1=30 m2=-3269/-171875 i2=-220 t2=28 steerMode=0/-396 iSteer=-9697 driveMode=171875/170644 iDrive=210070 scale=0 wheel=500000
run=1 step=1 angle=252334 target=252422 err=88 steer=0 m1=3279/171875 i1=166 t1=30 m2=-3244/-171875 i2=-250 t2=28 steerMode=0/287 iSteer=-42338 driveMode=171875/171407 iDrive=208002 scale=0 wheel=500000
run=1 step=1 angle=252510 target=252422 err=-88 steer=0 m1=3264/171875 i1=168 t1=30 m2=-3282/-171875 i2=-245 t2=28 steerMode=0/193 iSteer=-38976 driveMode=171875/171821 iDrive=206481 scale=0 wheel=500000
run=1 step=1 angle=252686 target=252422 err=-264 steer=0 m1=3260/171875 i1=169 t1=30 m2=-3236/-171875 i2=-251 t2=28 steerMode=0/209 iSteer=-40649 driveMode=171875/171259 iDrive=209995 scale=0 wheel=500000
run=1 step=1 angle=252598 target=252422 err=-176 steer=0 m1=3245/171875 i1=206 t1=30 m2=-3261/-171875 i2=-214 t2=28 steerMode=0/-492 iSteer=-4441 driveMode=171875/171429 iDrive=210038 scale=0 wheel=500000
run=1 step=1 angle=252598 target=252422 err=-176 steer=0 m1=3243/171875 i1=158 t1=30 m2=-3269/-171875 i2=-265 t2=28 steerMode=0/463 iSteer=-53444 driveMode=171875/171375 iDrive=211193 scale=0 wheel=500000
run=1 step=1 angle=252422 target=252422 err=0 steer=0 m1=3302/171875 i1=172 t1=30 m2=-3271/-171875 i2=-239 t2=28 steerMode=0/70 iSteer=-33681 driveMode=171875/172513 iDrive=205216 scale=0 wheel=500000
run=1 step=1 angle=252686 target=252422 err=-264 steer=0 m1=3254/171875 i1=189 t1=30 m2=-3288/-171875 i2=-227 t2=28 steerMode=0/-239 iSteer=-19292 driveMode=171875/171910 iDrive=207838 scale=0 wheel=500000
run=1 step=1 angle=252510 target=252422 err=-88 steer=0 m1=3291/171875 i1=175 t1=30 m2=-3269/-171875 i2=-236 t2=28 steerMode=0/6 iSteer=-30616 driveMode=171875/172280 iDrive=205872 scale=0 wheel=500000
run=1 step=1 angle=252598 target=252422 err=-176 steer=0 m1=3295/171875 i1=160 t1=30 m2=-3292/-171875 i2=-248 t2=28 steerMode=0/256 iSteer=-44239 driveMode=171875/172521 iDrive=203768 scale=0 wheel=500000
run=1 step=1 angle=252686 target=252422 err=-264 steer=0 m1=3277/171875 i1=160 t1=30 m2=-3269/-171875 i2=-253 t2=28 steerMode=0/284 iSteer=-46534 driveMode=171875/171817 iDrive=206859 scale=0 wheel=500000
run=1 step=1 angle=252686 target=252422 err=-264 steer=0 m1=3266/171875 i1=192 t1=30 m2=-3282/-171875 i2=-213 t2=28 steerMode=0/-411 iSteer=-10604 driveMode=171875/172585 iDrive=202416 scale=0 wheel=500000
run=1 step=1 angle=252598 target=252422 err=-176 steer=0 m1=3264/171875 i1=148 t1=30 m2=-3263/-171875 i2=-264 t2=28 steerMode=0/502 iSteer=-57963 driveMode=171875/171804 iDrive=205644 scale=0 wheel=500000
run=1 step=1 angle=252510 target=252422 err=-88 steer=0 m1=3302/171875 i1=159 t1=30 m2=-3259/-171875 i2=-246 t2=28 steerMode=0/218 iSteer=-43267 driveMode=171875/172356 iDrive=202412 scale=0 wheel=500000
run=1 step=1 angle=252686 target=252422 err=-264 steer=0 m1=3231/171875 i1=186 t1=30 m2=-3248/-171875 i2=-231 t2=28 steerMode=0/-219 iSteer=-22646 driveMode=171875/171278 iDrive=208199 scale=0 wheel=500000
run=1 step=1 angle=252422 target=252422 err=0 steer=0 m1=3264/171875 i1=171 t1=30 m2=-3246/-171875 i2=-244 t2=28 steerMode=0/95 iSteer=-36894 driveMode=171875/171589 iDrive=207563 scale=0 wheel=500000
run=1 step=1 angle=252510 target=252422 err=-88 steer=0 m1=3285/171875 i1=173 t1=30 m2=-3261/-171875 i2=-235 t2=28 steerMode=0/-44 iSteer=-30694 driveMode=171875/172266 iDrive=203988 scale=0 wheel=500000
run=1 step=1 angle=252686 target=252422 err=-264 steer=0 m1=3262/171875 i1=149 t1=30 m2=-3275/-171875 i2=-268 t2=28 steerMode=0/510 iSteer=-59595 driveMode=171875/171326 iDrive=208434 scale=0 wheel=500000
run=1 step=1 angle=252686 target=252422 err=-264 steer=0 m1=3270/171875 i1=194 t1=30 m2=-3246/-171875 i2=-221 t2=28 steerMode=0/-382 iSteer=-13581 driveMode=171875/171644 iDrive=207577 scale=0 wheel=500000
run=1 step=1 angle=252334 target=252422 err=88 steer=0 m1=3260/171875 i1=136 t1=30 m2=-3232/-171875 i2=-284 t2=28 steerMode=0/802 iSteer=-73847 driveMode=171875/171277 iDrive=210191 scale=0 wheel=500000
run=1 step=1 angle=252334 target=252422 err=88 steer=0 m1=3274/171875 i1=169 t1=30 m2=-3248/-171875 i2=-240 t2=28 steerMode=0/40 iSteer=-35497 driveMode=171875/172380 iDrive=204586 scale=0 wheel=500000
run=1 step=1 angle=252510 target=252422 err=-88 steer=0 m1=3264/171875 i1=191 t1=30 m2=-3296/-171875 i2=-215 t2=28 steerMode=0/-438 iSteer=-12050 driveMode=171875/172438 iDrive=203430 scale=0 wheel=500000
run=1 step=1 angle=252422 target=252422 err=0 steer=0 m1=3285/171875 i1=150 t1=30 m2=-3255/-171875 i2=-257 t2=28 steerMode=0/396 iSteer=-53619 driveMode=171875/172176 iDrive=203875 scale=0 wheel=500000
run=1 step=1 angle=252422 target=252422 err=0 steer=0 m1=3277/171875 i1=166 t1=30 m2=-3303/-171875 i2=-234 t2=28 steerMode=0/-9 iSteer=-33913 driveMode=171875/172769 iDrive=199818 scale=0 wheel=500000
run=1 step=1 angle=252510 target=252422 err=-88 steer=0 m1=3249/171875 i1=139 t1=30 m2=-3250/-171875 i2=-271 t2=28 steerMode=0/606 iSteer=-66125 driveMode=171875/171508 iDrive=205247 scale=0 wheel=500000
run=1 step=1 angle=252422 target=252422 err=0 steer=0 m1=3266/171875 i1=195 t1=30 m2=-3284/-171875 i2=-211 t2=28 steerMode=0/-525 iSteer=-7998 driveMode=171875/172063 iDrive=202662 scale=0 wheel=500000
run=1 step=1 angle=252334 target=252422 err=88 steer=0 m1=3268/171875 i1=131 t1=30 m2=-3250/-171875 i2=-276 t2=28 steerMode=0/740 iSteer=-72479 driveMode=171875/171881 iDrive=203256 scale=0 wheel=500000
run=1 step=1 angle=252334 target=252422 err=88 steer=0 m1=3291/171875 i1=158 t1=30 m2=-3263/-171875 i2=-247 t2=28 steerMode=0/187 iSteer=-44741 driveMode=171875/172028 iDrive=202300 scale=0 wheel=500000
run=1 step=1 angle=252422 target=252422 err=0 steer=0 m1=3251/171875 i1=194 t1=30 m2=-3261/-171875 i2=-220 t2=28 steerMode=0/-453 iSteer=-13179 driveMode=171875/171221 iDrive=207102 scale=0 wheel=500000
run=1 step=1 angle=252422 target=252422 err=0 steer=0 m1=3264/171875 i1=159 t1=30 m2=-3261/-171875 i2=-256 t2=28 steerMode=0/264 iSteer=-48414 driveMode=171875/171372 iDrive=207206 scale=0 wheel=500000
run=1 step=1 angle=252334 target=252422 err=88 steer=0 m1=3260/171875 i1=175 t1=30 m2=-3290/-171875 i2=-231 t2=28 steerMode=0/-148 iSteer=-28228 driveMode=171875/172272 iDrive=202804 scale=0 wheel=500000
run=1 step=1 angle=252422 target=252422 err=0 steer=0 m1=3249/171875 i1=135 t1=30 m2=-3240/-171875 i2=-278 t2=28 steerMode=0/691 iSteer=-71554 driveMode=171875/171451 iDrive=206501 scale=0 wheel=500000
run=1 step=1 angle=252334 target=252422 err=88 steer=0 m1=3249/171875 i1=212 t1=30 m2=-3252/-171875 i2=-201 t2=28 steerMode=0/-822 iSteer=5674 driveMode=171875/171650 iDrive=206290 scale=0 wheel=500000
run=1 step=1 angle=252246 target=252422 err=176 steer=0 m1=3277/171875 i1=142 t1=30 m2=-3265/-171875 i2=-272 t2=28 steerMode=0/577 iSteer=-64847 driveMode=171875/171615 iDrive=206874 scale=0 wheel=500000
run=1 step=1 angle=252246 target=252422 err=176 steer=0 m1=3266/171875 i1=169 t1=30 m2=-3255/-171875 i2=-241 t2=28 steerMode=0/1 iSteer=-36114 driveMode=171875/171979 iDrive=205170 scale=0 wheel=500000
run=1 step=1 angle=252334 target=252422 err=88 steer=0 m1=3258/171875 i1=202 t1=30 m2=-3307/-171875 i2=-205 t2=28 steerMode=0/-696 iSteer=-1472 driveMode=171875/172295 iDrive=203289 scale=0 wheel=500000
run=1 step=1 angle=251982 target=252422 err=439 steer=0 m1=3264/171875 i1=139 t1=30 m2=-3234/-171875 i2=-270 t2=28 steerMode=0/591 iSteer=-65130 driveMode=171875/171924 iDrive=204512 scale=0 wheel=500000
run=1 step=1 angle=251982 target=252422 err=439 steer=64 m1=3289/172225 i1=197 t1=30 m2=-3292/-171525 i2=-205 t2=28 steerMode=350/-275 iSteer=-3804 driveMode=171875/172572 iDrive=200737 scale=0 wheel=500000
run=1 step=1 angle=252158 target=252422 err=264 steer=0 m1=3256/171875 i1=138 t1=30 m2=-3250/-171875 i2=-274 t2=28 steerMode=0/633 iSteer=-68194 driveMode=171875/171472 iDrive=205855 scale=0 wheel=500000
run=1 step=1 angle=252158 target=252422 err=264 steer=0 m1=3266/171875 i1=219 t1=30 m2=-3290/-171875 i2=-192 t2=28 steerMode=0/-969 iSteer=13516 driveMode=171875/171779 iDrive=205278 scale=0 wheel=500000
run=1 step=1 angle=252070 target=252422 err=352 steer=0 m1=3287/171875 i1=93 t1=30 m2=-3261/-171875 i2=-314 t2=28 steerMode=0/1525 iSteer=-110596 driveMode=171875/172085 iDrive=203616 scale=0 wheel=500000
run=1 step=1 angle=252246 target=252422 err=176 steer=0 m1=3260/171875 i1=162 t1=30 m2=-3227/-171875 i2=-254 t2=28 steerMode=0/219 iSteer=-46379 driveMode=171875/171235 iDrive=208061 scale=0 wheel=500000
run=1 step=1 angle=252334 target=252422 err=88 steer=0 m1=3237/171875 i1=204 t1=30 m2=-3292/-171875 i2=-214 t2=28 steerMode=0/-611 iSteer=-4930 driveMode=171875/171286 iDrive=209375 scale=0 wheel=500000
run=1 step=1 angle=252158 target=252422 err=264 steer=0 m1=3279/171875 i1=152 t1=30 m2=-3221/-171875 i2=-269 t2=28 steerMode=0/472 iSteer=-58180 driveMode=171875/171278 iDrive=210412 scale=0 wheel=500000
run=1 step=1 angle=252070 target=252422 err=352 steer=0 m1=3272/171875 i1=176 t1=30 m2=-3267/-171875 i2=-238 t2=28 steerMode=0/-82 iSteer=-31168 driveMode=171875/172046 iDrive=207154 scale=0 wheel=500000
run=1 step=1 angle=252070 target=252422 err=352 steer=0 m1=3264/171875 i1=154 t1=30 m2=-3250/-171875 i2=-263 t2=28 steerMode=0/377 iSteer=-54449 driveMode=171875/171685 iDrive=208855 scale=0 wheel=500000
run=1 step=1 angle=252158 target=252422 err=264 steer=0 m1=3264/171875 i1=212 t1=30 m2=-3267/-171875 i2=-204 t2=28 steerMode=0/-783 iSteer=4446 driveMode=171875/171905 iDrive=208021 scale=0 wheel=500000
run=1 step=1 angle=252070 target=252422 err=352 steer=0 m1=3285/171875 i1=120 t1=30 m2=-3259/-171875 i2=-294 t2=28 steerMode=0/1065 iSteer=-87223 driveMode=171875/172114 iDrive=206756 scale=0 wheel=500000
run=1 step=1 angle=252070 target=252422 err=352 steer=0 m1=3274/171875 i1=163 t1=30 m2=-3238/-171875 i2=-249 t2=28 steerMode=0/164 iSteer=-42807 driveMode=171875/172138 iDrive=205856 scale=0 wheel=500000
run=1 step=1 angle=252158 target=252422 err=264 steer=0 m1=3256/171875 i1=200 t1=30 m2=-3294/-171875 i2=-209 t2=28 steerMode=0/-596 iSteer=-4544 driveMode=171875/172289 iDrive=204881 scale=0 wheel=500000
run=1 step=1 angle=251895 target=252422 err=527 steer=264 m1=3293/173325 i1=205 t1=30 m2=-3213/-170425 i2=-206 t2=28 steerMode=1450/803 iSteer=-589 driveMode=171875/171990 iDrive=205410 scale=0 wheel=500000
run=1 step=1 angle=252422 target=252422 err=0 steer=0 m1=3270/171875 i1=174 t1=30 m2=-3305/-171875 i2=-235 t2=28 steerMode=0/-94 iSteer=-30286 driveMode=171875/172221 iDrive=204423 scale=0 wheel=500000
run=1 step=1 angle=252334 target=252422 err=88 steer=0 m1=3256/171875 i1=152 t1=30 m2=-3244/-171875 i2=-264 t2=28 steerMode=0/414 iSteer=-56027 driveMode=171875/171479 iDrive=207828 scale=0 wheel=500000
run=1 step=1 angle=252334 target=252422 err=88 steer=0 m1=3266/171875 i1=198 t1=30 m2=-3255/-171875 i2=-217 t2=28 steerMode=0/-507 iSteer=-9375 driveMode=171875/171686 iDrive=207398 scale=0 wheel=500000
run=1 step=1 angle=252070 target=252422 err=352 steer=0 m1=3272/171875 i1=152 t1=30 m2=-3242/-171875 i2=-257 t2=28 steerMode=0/351 iSteer=-52536 driveMode=171875/172143 iDrive=204825 scale=0 wheel=500000
run=1 step=1 angle=252158 target=252422 err=264 steer=0 m1=3297/171875 i1=136 t1=30 m2=-3234/-171875 i2=-273 t2=28 steerMode=0/669 iSteer=-68625 driveMode=171875/172097 iDrive=204252 scale=0 wheel=500000
run=1 step=1 angle=252246 target=252422 err=176 steer=0 m1=3241/171875 i1=203 t1=30 m2=-3259/-171875 i2=-211 t2=28 steerMode=0/-630 iSteer=-4432 driveMode=171875/171641 iDrive=206996 scale=0 wheel=500000
run=1 step=1 angle=252070 target=252422 err=352 steer=0 m1=3279/171875 i1=158 t1=30 m2=-3255/-171875 i2=-255 t2=28 steerMode=0/276 iSteer=-48668 driveMode=171875/171766 iDrive=206487 scale=0 wheel=500000
run=1 step=1 angle=252070 target=252422 err=352 steer=0 m1=3258/171875 i1=181 t1=30 m2=-3275/-171875 i2=-230 t2=28 steerMode=0/-222 iSteer=-24544 driveMode=171875/172036 iDrive=205407 scale=0 wheel=500000
run=1 step=1 angle=252070 target=252422 err=352 steer=0 m1=3256/171875 i1=159 t1=30 m2=-3294/-171875 i2=-248 t2=28 steerMode=0/177 iSteer=-44438 driveMode=171875/172258 iDrive=203506 scale=0 wheel=500000
run=1 step=1 angle=252070 target=252422 err=352 steer=0 m1=3272/171875 i1=183 t1=30 m2=-3280/-171875 i2=-220 t2=28 steerMode=0/-315 iSteer=-18571 driveMode=171875/172392 iDrive=201515 scale=0 wheel=500000
run=1 step=1 angle=251895 target=252422 err=527 steer=264 m1=3295/173325 i1=203 t1=30 m2=-3242/-170425 i2=-201 t2=28 steerMode=1450/763 iSteer=908 driveMode=171875/172169 iDrive=202093 scale=0 wheel=500000
run=1 step=1 angle=252070 target=252422 err=352 steer=0 m1=3274/171875 i1=139 t1=30 m2=-3271/-171875 i2=-266 t2=28 steerMode=0/556 iSteer=-63371 driveMode=171875/171973 iDrive=202270 scale=0 wheel=500000
run=1 step=1 angle=252334 target=252422 err=88 steer=0 m1=3256/171875 i1=205 t1=30 m2=-3265/-171875 i2=-207 t2=28 steerMode=0/-690 iSteer=-915 driveMode=171875/171465 iDrive=205904 scale=0 wheel=500000
run=1 step=1 angle=252158 target=252422 err=264 steer=0 m1=3279/171875 i1=146 t1=30 m2=-3259/-171875 i2=-263 t2=28 steerMode=0/478 iSteer=-58411 driveMode=171875/171806 iDrive=204115 scale=0 wheel=500000
run=1 step=1 angle=252334 target=252422 err=88 steer=0 m1=3256/171875 i1=177 t1=30 m2=-3265/-171875 i2=-233 t2=28 steerMode=0/-151 iSteer=-28120 driveMode=171875/171679 iDrive=205099 scale=0 wheel=500000
run=1 step=1 angle=252246 target=252422 err=176 steer=0 m1=3251/171875 i1=167 t1=30 m2=-3248/-171875 i2=-250 t2=28 steerMode=0/108 iSteer=-41679 driveMode=171875/171132 iDrive=208520 scale=0 wheel=500000
run=1 step=1 angle=252070 target=252422 err=352 steer=0 m1=3272/171875 i1=181 t1=30 m2=-3284/-171875 i2=-232 t2=28 steerMode=0/-200 iSteer=-25307 driveMode=171875/171696 iDrive=206690 scale=0 wheel=500000
run=1 step=1 angle=251895 target=252422 err=527 steer=50 m1=3256/172150 i1=190 t1=30 m2=-3269/-171600 i2=-220 t2=28 steerMode=275/-136 iSteer=-14788 driveMode=171875/172066 iDrive=205006 scale=0 wheel=500000
run=1 step=1 angle=251982 target=252422 err=439 steer=0 m1=3295/171875 i1=129 t1=30 m2=-3265/-171875 i2=-278 t2=28 steerMode=0/799 iSteer=-74467 driveMode=171875/172249 iDrive=203065 scale=0 wheel=500000
run=1 step=1 angle=252158 target=252422 err=264 steer=0 m1=3218/171875 i1=220 t1=30 m2=-3269/-171875 i2=-199 t2=28 steerMode=0/-918 iSteer=10552 driveMode=171875/171204 iDrive=209069 scale=0 wheel=500000
run=1 step=1 angle=252070 target=252422 err=352 steer=0 m1=3277/171875 i1=139 t1=30 m2=-3223/-171875 i2=-280 t2=28 steerMode=0/749 iSteer=-70727 driveMode=171875/171262 iDrive=209489 scale=0 wheel=500000
run=1 step=1 angle=251982 target=252422 err=439 steer=0 m1=3279/171875 i1=160 t1=30 m2=-3257/-171875 i2=-256 t2=28 steerMode=0/291 iSteer=-48202 driveMode=171875/171749 iDrive=208071 scale=0 wheel=500000
run=1 step=1 angle=252070 target=252422 err=352 steer=0 m1=3254/171875 i1=175 t1=30 m2=-3292/-171875 i2=-240 t2=28 steerMode=0/-37 iSteer=-32665 driveMode=171875/171966 iDrive=207203 scale=0 wheel=500000
run=1 step=1 angle=251982 target=252422 err=439 steer=0 m1=3279/171875 i1=182 t1=30 m2=-3267/-171875 i2=-224 t2=28 steerMode=0/-242 iSteer=-21069 driveMode=171875/172562 iDrive=203209 scale=0 wheel=500000
run=1 step=1 angle=252158 target=252422 err=264 steer=0 m1=3272/171875 i1=135 t1=30 m2=-3292/-171875 i2=-275 t2=28 steerMode=0/724 iSteer=-69838 driveMode=171875/172172 iDrive=204664 scale=0 wheel=500000
run=1 step=1 angle=251982 target=252422 err=439 steer=0 m1=3285/171875 i1=155 t1=30 m2=-3248/-171875 i2=-250 t2=28 steerMode=0/279 iSteer=-47124 driveMode=171875/172352 iDrive=202501 scale=0 wheel=500000
run=1 step=1 angle=252246 target=252422 err=176 steer=0 m1=3243/171875 i1=215 t1=30 m2=-3305/-171875 i2=-200 t2=28 steerMode=0/-824 iSteer=7358 driveMode=171875/171411 iDrive=207821 scale=0 wheel=500000
run=1 step=1 angle=251895 target=252422 err=527 steer=264 m1=3285/173325 i1=230 t1=30 m2=-3240/-170425 i2=-181 t2=28 steerMode=1450/323 iSteer=24722 driveMode=171875/171939 iDrive=205560 scale=0 wheel=500000
run=1 step=1 angle=252158 target=252422 err=264 steer=0 m1=3279/171875 i1=169 t1=30 m2=-3282/-171875 i2=-238 t2=28 steerMode=0/13 iSteer=-34085 driveMode=171875/172283 iDrive=203534 scale=0 wheel=500000
run=1 step=1 angle=252158 target=252422 err=264 steer=0 m1=3247/171875 i1=167 t1=30 m2=-3271/-171875 i2=-248 t2=28 steerMode=0/123 iSteer=-40250 driveMode=171875/171516 iDrive=207650 scale=0 wheel=500000
run=1 step=1 angle=252070 target=252422 err=352 steer=0 m1=3247/171875 i1=200 t1=30 m2=-3259/-171875 i2=-214 t2=28 steerMode=0/-508 iSteer=-7118 driveMode=171875/171723 iDrive=207002 scale=0 wheel=500000
run=1 step=1 angle=252070 target=252422 err=352 steer=0 m1=3262/171875 i1=169 t1=30 m2=-3244/-171875 i2=-250 t2=28 steerMode=0/141 iSteer=-40534 driveMode=171875/171440 iDrive=209149 scale=0 wheel=500000
run=1 step=1 angle=252158 target=252422 err=264 steer=0 m1=3262/171875 i1=124 t1=30 m2=-3238/-171875 i2=-289 t2=28 steerMode=0/1013 iSteer=-82720 driveMode=171875/171919 iDrive=206756 scale=0 wheel=500000
run=1 step=1 angle=252246 target=252422 err=176 steer=0 m1=3251/171875 i1=200 t1=30 m2=-3290/-171875 i2=-220 t2=28 steerMode=0/-458 iSteer=-9973 driveMode=171875/171492 iDrive=209649 scale=0 wheel=500000
run=1 step=1 angle=252070 target=252422 err=352 steer=0 m1=3285/171875 i1=168 t1=30 m2=-3248/-171875 i2=-248 t2=28 steerMode=0/162 iSteer=-39914 driveMode=171875/171884 iDrive=208154 scale=0 wheel=500000
run=1 step=1 angle=252070 target=252422 err=352 steer=0 m1=3279/171875 i1=167 t1=30 m2=-3292/-171875 i2=-247 t2=28 steerMode=0/146 iSteer=-40126 driveMode=171875/172059 iDrive=207244 scale=0 wheel=500000
run=1 step=1 angle=252246 target=252422 err=176 steer=0 m1=3241/171875 i1=181 t1=30 m2=-3265/-171875 i2=-239 t2=28 steerMode=0/-91 iSteer=-29231 driveMode=171875/171587 iDrive=210018 scale=0 wheel=500000
run=1 step=1 angle=252158 target=252422 err=264 steer=0 m1=3281/171875 i1=194 t1=30 m2=-3298/-171875 i2=-217 t2=28 steerMode=0/-425 iSteer=-11233 driveMode=171875/172399 iDrive=205682 scale=0 wheel=500000
run=1 step=1 angle=252070 target=252422 err=352 steer=0 m1=3256/171875 i1=152 t1=30 m2=-3263/-171875 i2=-263 t2=28 steerMode=0/430 iSteer=-55295 driveMode=171875/171931 iDrive=207683 scale=0 wheel=500000
run=1 step=1 angle=251982 target=252422 err=439 steer=0 m1=3283/171875 i1=149 t1=30 m2=-3265/-171875 i2=-260 t2=28 steerMode=0/442 iSteer=-55420 driveMode=171875/172356 iDrive=204380 scale=0 wheel=500000
run=1 step=1 angle=252158 target=252422 err=264 steer=0 m1=3249/171875 i1=193 t1=30 m2=-3267/-171875 i2=-223 t2=28 steerMode=0/-384 iSteer=-15003 driveMode=171875/171684 iDrive=208114 scale=0 wheel=500000
run=1 step=1 angle=251982 target=252422 err=439 steer=0 m1=3281/171875 i1=172 t1=30 m2=-3240/-171875 i2=-238 t2=28 steerMode=0/-4 iSteer=-32844 driveMode=171875/172282 iDrive=204918 scale=0 wheel=500000
run=1 step=1 angle=251982 target=252422 err=439 steer=0 m1=3272/171875 i1=157 t1=30 m2=-3301/-171875 i2=-243 t2=28 steerMode=0/213 iSteer=-43146 driveMode=171875/172940 iDrive=200322 scale=0 wheel=500000
run=1 step=1 angle=252158 target=252422 err=264 steer=0 m1=3249/171875 i1=160 t1=30 m2=-3255/-171875 i2=-255 t2=28 steerMode=0/265 iSteer=-47363 driveMode=171875/171381 iDrive=207670 scale=0 wheel=500000
run=1 step=1 angle=252070 target=252422 err=352 steer=0 m1=3245/171875 i1=203 t1=30 m2=-3265/-171875 i2=-209 t2=28 steerMode=0/-576 iSteer=-3223 driveMode=171875/171753 iDrive=206030 scale=0 wheel=500000
run=1 step=1 angle=252070 target=252422 err=352 steer=0 m1=3264/171875 i1=128 t1=30 m2=-3267/-171875 i2=-287 t2=28 steerMode=0/925 iSteer=-79385 driveMode=171875/171479 iDrive=207875 scale=0 wheel=500000
run=1 step=1 angle=251982 target=252422 err=439 steer=214 m1=3277/173050 i1=218 t1=30 m2=-3244/-170700 i2=-189 t2=28 steerMode=1175/232 iSteer=14621 driveMode=171875/172295 iDrive=203485 scale=0 wheel=500000
run=1 step=1 angle=252246 target=252422 err=176 steer=0 m1=3268/171875 i1=182 t1=30 m2=-3296/-171875 i2=-223 t2=28 steerMode=0/-263 iSteer=-20663 driveMode=171875/172379 iDrive=202308 scale=0 wheel=500000
run=1 step=1 angle=252070 target=252422 err=352 steer=0 m1=3291/171875 i1=155 t1=30 m2=-3257/-171875 i2=-251 t2=28 steerMode=0/292 iSteer=-47986 driveMode=171875/172091 iDrive=203013 scale=0 wheel=500000
run=1 step=1 angle=252158 target=252422 err=264 steer=0 m1=3277/171875 i1=170 t1=30 m2=-3288/-171875 i2=-234 t2=28 steerMode=0/-44 iSteer=-31729 driveMode=171875/172193 iDrive=201925 scale=0 wheel=500000
run=1 step=1 angle=252422 target=252422 err=0 steer=0 m1=3224/171875 i1=167 t1=30 m2=-3259/-171875 i2=-251 t2=28 steerMode=0/132 iSteer=-42138 driveMode=171875/170944 iDrive=208772 scale=0 wheel=500000
run=1 step=1 angle=252246 target=252422 err=176 steer=0 m1=3264/171875 i1=184 t1=30 m2=-3261/-171875 i2=-229 t2=28 steerMode=0/-232 iSteer=-22394 driveMode=171875/171600 iDrive=206563 scale=0 wheel=500000
run=1 step=1 angle=252070 target=252422 err=352 steer=0 m1=3247/171875 i1=146 t1=30 m2=-3244/-171875 i2=-273 t2=28 steerMode=0/573 iSteer=-63749 driveMode=171875/171213 iDrive=209453 scale=0 wheel=500000
run=1 step=1 angle=252158 target=252422 err=264 steer=0 m1=3277/171875 i1=148 t1=30 m2=-3225/-171875 i2=-271 t2=28 steerMode=0/529 iSteer=-61737 driveMode=171875/171382 iDrive=209352 scale=0 wheel=500000
run=1 step=1 angle=252246 target=252422 err=176 steer=0 m1=3254/171875 i1=204 t1=30 m2=-3288/-171875 i2=-215 t2=28 steerMode=0/-609 iSteer=-5227 driveMode=171875/171532 iDrive=209667 scale=0 wheel=500000
run=1 step=1 angle=252158 target=252422 err=264 steer=0 m1=3258/171875 i1=165 t1=30 m2=-3259/-171875 i2=-254 t2=28 steerMode=0/184 iSteer=-44463 driveMode=171875/171586 iDrive=209858 scale=0 wheel=500000
run=1 step=1 angle=252070 target=252422 err=352 steer=0 m1=3302/171875 i1=141 t1=30 m2=-3288/-171875 i2=-266 t2=28 steerMode=0/566 iSteer=-62405 driveMode=171875/172704 iDrive=203542 scale=0 wheel=500000
run=1 step=1 angle=252246 target=252422 err=176 steer=0 m1=3254/171875 i1=157 t1=30 m2=-3255/-171875 i2=-263 t2=28 steerMode=0/333 iSteer=-52977 driveMode=171875/171259 iDrive=210417 scale=0 wheel=500000
STEP_OK: step=1 target=500 cmd=500000 measured=499364 angleErr=88
STEP_START: step=2 target=500 steerTarget=342422
run=1 step=2 angle=252246 target=342422 err=90176 steer=500 m1=3270/174625 i1=336 t1=30 m2=-3267/-169125 i2=-81 t2=28 steerMode=2750/-464 iSteer=127403 driveMode=171875/171780 iDrive=208841 scale=0 wheel=500000
run=1 step=2 angle=256025 target=342422 err=86396 steer=5000 m1=3683/199375 i1=699 t1=30 m2=-2798/-144375 i2=269 t2=28 steerMode=27500/17657 iSteer=484079 driveMode=171875/170814 iDrive=214602 scale=0 wheel=500000
run=1 step=2 angle=269209 target=342422 err=73213 steer=5000 m1=3791/199375 i1=91 t1=30 m2=-2719/-144375 i2=-342 t2=28 steerMode=27500/29834 iSteer=-125316 driveMode=171875/170848 iDrive=216411 scale=0 wheel=500000
run=1 step=2 angle=280547 target=342422 err=61875 steer=5000 m1=3766/199375 i1=272 t1=30 m2=-2746/-144375 i2=-164 t2=28 steerMode=27500/26268 iSteer=53939 driveMode=171875/170966 iDrive=218331 scale=0 wheel=500000
run=1 step=2 angle=292324 target=342422 err=50098 steer=5000 m1=3789/199375 i1=189 t1=30 m2=-2738/-144375 i2=-246 t2=28 steerMode=27500/27940 iSteer=-28653 driveMode=171875/171352 iDrive=217361 scale=0 wheel=500000
run=1 step=2 angle=304014 target=342422 err=38408 steer=5000 m1=3781/199375 i1=186 t1=30 m2=-2742/-144375 i2=-253 t2=28 steerMode=27500/27984 iSteer=-33078 driveMode=171875/171190 iDrive=219446 scale=0 wheel=500000
run=1 step=2 angle=316143 target=342422 err=26279 steer=5000 m1=3770/199375 i1=207 t1=30 m2=-2729/-144375 i2=-232 t2=28 steerMode=27500/27576 iSteer=-12353 driveMode=171875/171374 iDrive=219289 scale=0 wheel=500000
run=1 step=2 angle=328184 target=342422 err=14238 steer=5000 m1=3796/199375 i1=209 t1=30 m2=-2767/-144375 i2=-231 t2=28 steerMode=27500/27510 iSteer=-10671 driveMode=171875/171573 iDrive=219851 scale=0 wheel=500000
run=1 step=2 angle=338379 target=342422 err=4043 steer=2021 m1=3593/182993 i1=-273 t1=30 m2=-2985/-160757 i2=-684 t2=28 steerMode=11118/20251 iSteer=-478665 driveMode=171875/174034 iDrive=205746 scale=0 wheel=500000
run=1 step=2 angle=340928 target=342422 err=1494 steer=747 m1=3360/175984 i1=251 t1=30 m2=-3265/-167766 i2=-148 t2=28 steerMode=4109/2480 iSteer=51353 driveMode=171875/174338 iDrive=199500 scale=0 wheel=500000
run=1 step=2 angle=342422 target=342422 err=0 steer=0 m1=3316/171875 i1=88 t1=30 m2=-3307/-171875 i2=-306 t2=28 steerMode=0/1523 iSteer=-108810 driveMode=171875/173965 iDrive=197013 scale=0 wheel=500000
run=1 step=2 angle=342246 target=342422 err=176 steer=0 m1=3312/171875 i1=194 t1=30 m2=-3359/-171875 i2=-180 t2=28 steerMode=0/-772 iSteer=6622 driveMode=171875/175039 iDrive=186993 scale=0 wheel=500000
run=1 step=2 angle=341807 target=342422 err=615 steer=308 m1=3329/173567 i1=200 t1=30 m2=-3288/-170183 i2=-172 t2=29 steerMode=1692/806 iSteer=13681 driveMode=171875/174125 iDrive=186032 scale=0 wheel=500000
run=1 step=2 angle=342070 target=342422 err=352 steer=0 m1=3283/171875 i1=166 t1=30 m2=-3290/-171875 i2=-212 t2=29 steerMode=0/-189 iSteer=-22981 driveMode=171875/172957 iDrive=189070 scale=0 wheel=500000
run=1 step=2 angle=342334 target=342422 err=88 steer=0 m1=3287/171875 i1=149 t1=30 m2=-3263/-171875 i2=-231 t2=29 steerMode=0/183 iSteer=-41038 driveMode=171875/172436 iDrive=190212 scale=0 wheel=500000
run=1 step=2 angle=342158 target=342422 err=264 steer=0 m1=3293/171875 i1=170 t1=30 m2=-3271/-171875 i2=-198 t2=29 steerMode=0/-346 iSteer=-14013 driveMode=171875/173240 iDrive=184272 scale=0 wheel=500000
run=1 step=2 angle=342334 target=342422 err=88 steer=0 m1=3277/171875 i1=86 t1=30 m2=-3206/-171875 i2=-301 t2=29 steerMode=0/1535 iSteer=-107648 driveMode=171875/171251 iDrive=193556 scale=0 wheel=500000
run=1 step=2 angle=342422 target=342422 err=0 steer=0 m1=3228/171875 i1=177 t1=30 m2=-3215/-171875 i2=-224 t2=29 steerMode=0/-163 iSteer=-23841 driveMode=171875/170263 iDrive=200599 scale=0 wheel=500000
run=1 step=2 angle=342422 target=342422 err=0 steer=0 m1=3245/171875 i1=182 t1=30 m2=-3252/-171875 i2=-212 t2=29 steerMode=0/-339 iSteer=-14526 driveMode=171875/171397 iDrive=196982 scale=0 wheel=500000
run=1 step=2 angle=342246 target=342422 err=176 steer=0 m1=3247/171875 i1=140 t1=30 m2=-3244/-171875 i2=-255 t2=29 steerMode=0/522 iSteer=-57633 driveMode=171875/171277 iDrive=197804 scale=0 wheel=500000
run=1 step=2 angle=342070 target=342422 err=352 steer=0 m1=3258/171875 i1=183 t1=30 m2=-3273/-171875 i2=-220 t2=29 steerMode=0/-265 iSteer=-18584 driveMode=171875/170902 iDrive=201731 scale=0 wheel=500000
run=1 step=2 angle=342334 target=342422 err=88 steer=0 m1=3256/171875 i1=156 t1=30 m2=-3240/-171875 i2=-250 t2=29 steerMode=0/292 iSteer=-46752 driveMode=171875/170959 iDrive=203177 scale=0 wheel=500000
run=1 step=2 angle=342334 target=342422 err=88 steer=0 m1=3272/171875 i1=181 t1=30 m2=-3275/-171875 i2=-211 t2=29 steerMode=0/-338 iSteer=-14733 driveMode=171875/172468 iDrive=195784 scale=0 wheel=500000
run=1 step=2 angle=341982 target=342422 err=439 steer=0 m1=3266/171875 i1=154 t1=30 m2=-3236/-171875 i2=-241 t2=29 steerMode=0/247 iSteer=-43566 driveMode=171875/171933 iDrive=197503 scale=0 wheel=500000
run=1 step=2 angle=342158 target=342422 err=264 steer=0 m1=3262/171875 i1=155 t1=30 m2=-3248/-171875 i2=-245 t2=29 steerMode=0/272 iSteer=-44942 driveMode=171875/171408 iDrive=200236 scale=0 wheel=500000
run=1 step=2 angle=342070 target=342422 err=352 steer=0 m1=3274/171875 i1=184 t1=30 m2=-3298/-171875 i2=-206 t2=29 steerMode=0/-408 iSteer=-10714 driveMode=171875/172536 iDrive=194870 scale=0 wheel=500000
run=1 step=2 angle=341895 target=342422 err=527 steer=264 m1=3304/173325 i1=202 t1=30 m2=-3206/-170425 i2=-185 t2=29 steerMode=1450/687 iSteer=8539 driveMode=171875/172434 iDrive=193580 scale=0 wheel=500000
run=1 step=2 angle=342158 target=342422 err=264 steer=0 m1=3245/171875 i1=167 t1=30 m2=-3278/-171875 i2=-228 t2=29 steerMode=0/-16 iSteer=-30523 driveMode=171875/171680 iDrive=197402 scale=0 wheel=500000
run=1 step=2 angle=342334 target=342422 err=88 steer=0 m1=3262/171875 i1=173 t1=30 m2=-3296/-171875 i2=-221 t2=29 steerMode=0/-137 iSteer=-23960 driveMode=171875/171885 iDrive=196654 scale=0 wheel=500000
run=1 step=2 angle=342158 target=342422 err=264 steer=0 m1=3270/171875 i1=165 t1=30 m2=-3292/-171875 i2=-218 t2=29 steerMode=0/-83 iSteer=-26386 driveMode=171875/172710 iDrive=191524 scale=0 wheel=500000
run=1 step=2 angle=341982 target=342422 err=439 steer=164 m1=3262/172775 i1=202 t1=30 m2=-3261/-170975 i2=-197 t2=29 steerMode=900/239 iSteer=2348 driveMode=171875/171127 iDrive=199654 scale=0 wheel=500000
run=1 step=2 angle=342334 target=342422 err=88 steer=0 m1=3245/171875 i1=153 t1=30 m2=-3229/-171875 i2=-260 t2=29 steerMode=0/438 iSteer=-53917 driveMode=171875/170229 iDrive=206438 scale=0 wheel=500000
run=1 step=2 angle=342422 target=342422 err=0 steer=0 m1=3272/171875 i1=194 t1=30 m2=-3269/-171875 i2=-211 t2=29 steerMode=0/-466 iSteer=-8477 driveMode=171875/171590 iDrive=202040 scale=0 wheel=500000
run=1 step=2 angle=342158 target=342422 err=264 steer=0 m1=3272/171875 i1=156 t1=30 m2=-3259/-171875 i2=-239 t2=29 steerMode=0/212 iSteer=-41709 driveMode=171875/172309 iDrive=197504 scale=0 wheel=500000
run=1 step=2 angle=342158 target=342422 err=264 steer=0 m1=3266/171875 i1=170 t1=30 m2=-3275/-171875 i2=-232 t2=29 steerMode=0/-10 iSteer=-31354 driveMode=171875/171624 iDrive=201054 scale=0 wheel=500000
run=1 step=2 angle=342158 target=342422 err=264 steer=0 m1=3264/171875 i1=163 t1=30 m2=-3284/-171875 i2=-237 t2=29 steerMode=0/87 iSteer=-36691 driveMode=171875/171911 iDrive=200174 scale=0 wheel=500000
run=1 step=2 angle=342158 target=342422 err=264 steer=0 m1=3283/171875 i1=163 t1=30 m2=-3278/-171875 i2=-223 t2=29 steerMode=0/-26 iSteer=-30204 driveMode=171875/173081 iDrive=192848 scale=0 wheel=500000
run=1 step=2 angle=341982 target=342422 err=439 steer=0 m1=3266/171875 i1=163 t1=30 m2=-3236/-171875 i2=-231 t2=29 steerMode=0/39 iSteer=-33675 driveMode=171875/172002 iDrive=196863 scale=0 wheel=500000
run=1 step=2 angle=342070 target=342422 err=352 steer=0 m1=3270/171875 i1=160 t1=30 m2=-3244/-171875 i2=-239 t2=29 steerMode=0/155 iSteer=-39493 driveMode=171875/171458 iDrive=199985 scale=0 wheel=500000
run=1 step=2 angle=342070 target=342422 err=352 steer=0 m1=3260/171875 i1=193 t1=30 m2=-3288/-171875 i2=-201 t2=29 steerMode=0/-558 iSteer=-3870 driveMode=171875/172171 iDrive=197181 scale=0 wheel=500000
run=1 step=2 angle=342070 target=342422 err=352 steer=0 m1=3297/171875 i1=72 t1=30 m2=-3234/-171875 i2=-319 t2=29 steerMode=0/1877 iSteer=-123446 driveMode=171875/172184 iDrive=195724 scale=0 wheel=500000
run=1 step=2 angle=342246 target=342422 err=176 steer=0 m1=3249/171875 i1=203 t1=30 m2=-3294/-171875 i2=-196 t2=29 steerMode=0/-698 iSteer=3425 driveMode=171875/171569 iDrive=199302 scale=0 wheel=500000
run=1 step=2 angle=342158 target=342422 err=264 steer=0 m1=3264/171875 i1=169 t1=30 m2=-3282/-171875 i2=-225 t2=29 steerMode=0/-56 iSteer=-28149 driveMode=171875/172144 iDrive=196689 scale=0 wheel=500000
run=1 step=2 angle=341982 target=342422 err=439 steer=0 m1=3285/171875 i1=156 t1=30 m2=-3261/-171875 i2=-222 t2=29 steerMode=0/63 iSteer=-33184 driveMode=171875/173290 iDrive=188884 scale=0 wheel=500000
run=1 step=2 angle=341982 target=342422 err=439 steer=0 m1=3258/171875 i1=163 t1=30 m2=-3275/-171875 i2=-227 t2=29 steerMode=0/31 iSteer=-32024 driveMode=171875/171852 iDrive=195080 scale=0 wheel=500000
run=1 step=2 angle=342334 target=342422 err=88 steer=0 m1=3272/171875 i1=127 t1=30 m2=-3221/-171875 i2=-266 t2=29 steerMode=0/792 iSteer=-69417 driveMode=171875/171535 iDrive=196726 scale=0 wheel=500000
run=1 step=2 angle=342422 target=342422 err=0 steer=0 m1=3274/171875 i1=193 t1=30 m2=-3288/-171875 i2=-194 t2=29 steerMode=0/-590 iSteer=-564 driveMode=171875/172269 iDrive=193622 scale=0 wheel=500000
run=1 step=2 angle=341982 target=342422 err=439 steer=0 m1=3287/171875 i1=150 t1=30 m2=-3278/-171875 i2=-231 t2=29 steerMode=0/226 iSteer=-40557 driveMode=171875/172591 iDrive=190233 scale=0 wheel=500000
run=1 step=2 angle=341982 target=342422 err=439 steer=0 m1=3256/171875 i1=157 t1=30 m2=-3280/-171875 i2=-233 t2=29 steerMode=0/161 iSteer=-37719 driveMode=171875/171570 iDrive=195168 scale=0 wheel=500000
run=1 step=2 angle=342158 target=342422 err=264 steer=0 m1=3258/171875 i1=174 t1=30 m2=-3246/-171875 i2=-219 t2=29 steerMode=0/-143 iSteer=-22567 driveMode=171875/171464 iDrive=196633 scale=0 wheel=500000
run=1 step=2 angle=342070 target=342422 err=352 steer=0 m1=3270/171875 i1=165 t1=30 m2=-3288/-171875 i2=-215 t2=29 steerMode=0/-86 iSteer=-24655 driveMode=171875/172668 iDrive=190051 scale=0 wheel=500000
run=1 step=2 angle=341982 target=342422 err=439 steer=0 m1=3264/171875 i1=110 t1=30 m2=-3225/-171875 i2=-287 t2=29 steerMode=0/1192 iSteer=-88642 driveMode=171875/171055 iDrive=198161 scale=0 wheel=500000
run=1 step=2 angle=342246 target=342422 err=176 steer=0 m1=3247/171875 i1=181 t1=30 m2=-3217/-171875 i2=-225 t2=29 steerMode=0/-148 iSteer=-21881 driveMode=171875/170453 iDrive=203354 scale=0 wheel=500000
run=1 step=2 angle=342246 target=342422 err=176 steer=0 m1=3264/171875 i1=164 t1=30 m2=-3261/-171875 i2=-239 t2=29 steerMode=0/157 iSteer=-37575 driveMode=171875/171287 iDrive=201192 scale=0 wheel=500000
run=1 step=2 angle=342158 target=342422 err=264 steer=0 m1=3262/171875 i1=154 t1=30 m2=-3232/-171875 i2=-248 t2=29 steerMode=0/351 iSteer=-47252 driveMode=171875/171416 iDrive=201173 scale=0 wheel=500000
run=1 step=2 angle=342246 target=342422 err=176 steer=0 m1=3243/171875 i1=177 t1=30 m2=-3244/-171875 i2=-235 t2=29 steerMode=0/-32 iSteer=-29114 driveMode=171875/170768 iDrive=206082 scale=0 wheel=500000
run=1 step=2 angle=342422 target=342422 err=0 steer=0 m1=3256/171875 i1=180 t1=30 m2=-3246/-171875 i2=-234 t2=29 steerMode=0/-74 iSteer=-27080 driveMode=171875/171105 iDrive=206701 scale=0 wheel=500000
run=1 step=2 angle=342158 target=342422 err=264 steer=0 m1=3297/171875 i1=175 t1=30 m2=-3263/-171875 i2=-218 t2=29 steerMode=0/-170 iSteer=-21326 driveMode=171875/172983 iDrive=196658 scale=0 wheel=500000
run=1 step=2 angle=342246 target=342422 err=176 steer=0 m1=3241/171875 i1=164 t1=30 m2=-3271/-171875 i2=-241 t2=29 steerMode=0/145 iSteer=-38199 driveMode=171875/171668 iDrive=202397 scale=0 wheel=500000
run=1 step=2 angle=342246 target=342422 err=176 steer=0 m1=3279/171875 i1=166 t1=30 m2=-3246/-171875 i2=-234 t2=29 steerMode=0/67 iSteer=-34003 driveMode=171875/172132 iDrive=199671 scale=0 wheel=500000
run=1 step=2 angle=342158 target=342422 err=264 steer=0 m1=3285/171875 i1=172 t1=30 m2=-3315/-171875 i2=-216 t2=29 steerMode=0/-172 iSteer=-22008 driveMode=171875/173123 iDrive=193618 scale=0 wheel=500000
run=1 step=2 angle=341895 target=342422 err=527 steer=264 m1=3283/173325 i1=233 t1=30 m2=-3294/-170425 i2=-146 t2=29 steerMode=1450/-22 iSteer=43761 driveMode=171875/173303 iDrive=189714 scale=0 wheel=500000
run=1 step=2 angle=342158 target=342422 err=264 steer=0 m1=3283/171875 i1=138 t1=30 m2=-3269/-171875 i2=-249 t2=29 steerMode=0/499 iSteer=-55407 driveMode=171875/172311 iDrive=193455 scale=0 wheel=500000
run=1 step=2 angle=342510 target=342422 err=-88 steer=0 m1=3262/171875 i1=183 t1=30 m2=-3298/-171875 i2=-210 t2=29 steerMode=0/-339 iSteer=-13551 driveMode=171875/171762 iDrive=196345 scale=0 wheel=500000
run=1 step=2 angle=342158 target=342422 err=264 steer=0 m1=3293/171875 i1=161 t1=30 m2=-3288/-171875 i2=-218 t2=29 steerMode=0/-27 iSteer=-28617 driveMode=171875/172886 iDrive=189410 scale=0 wheel=500000
run=1 step=2 angle=342070 target=342422 err=352 steer=0 m1=3243/171875 i1=154 t1=30 m2=-3252/-171875 i2=-239 t2=29 steerMode=0/240 iSteer=-42640 driveMode=171875/171381 iDrive=196510 scale=0 wheel=500000
run=1 step=2 angle=342070 target=342422 err=352 steer=0 m1=3237/171875 i1=167 t1=30 m2=-3232/-171875 i2=-232 t2=29 steerMode=0/32 iSteer=-32426 driveMode=171875/171002 iDrive=199723 scale=0 wheel=500000
run=1 step=2 angle=342070 target=342422 err=352 steer=0 m1=3272/171875 i1=179 t1=30 m2=-3273/-171875 i2=-210 t2=29 steerMode=0/-296 iSteer=-15459 driveMode=171875/172214 iDrive=194264 scale=0 wheel=500000
run=1 step=2 angle=341982 target=342422 err=439 steer=0 m1=3268/171875 i1=144 t1=30 m2=-3229/-171875 i2=-253 t2=29 steerMode=0/473 iSteer=-54246 driveMode=171875/171315 iDrive=198599 scale=0 wheel=500000
run=1 step=2 angle=342158 target=342422 err=264 steer=0 m1=3260/171875 i1=121 t1=30 m2=-3221/-171875 i2=-283 t2=29 steerMode=0/1008 iSteer=-80642 driveMode=171875/170937 iDrive=201929 scale=0 wheel=500000
run=1 step=2 angle=342422 target=342422 err=0 steer=0 m1=3228/171875 i1=185 t1=30 m2=-3248/-171875 i2=-225 t2=29 steerMode=0/-216 iSteer=-20212 driveMode=171875/170772 iDrive=205033 scale=0 wheel=500000
run=1 step=2 angle=342158 target=342422 err=264 steer=0 m1=3279/171875 i1=178 t1=30 m2=-3269/-171875 i2=-212 t2=29 steerMode=0/-252 iSteer=-17096 driveMode=171875/172692 iDrive=195310 scale=0 wheel=500000
run=1 step=2 angle=342070 target=342422 err=352 steer=0 m1=3260/171875 i1=146 t1=30 m2=-3223/-171875 i2=-256 t2=29 steerMode=0/491 iSteer=-54991 driveMode=171875/171361 iDrive=201467 scale=0 wheel=500000
run=1 step=2 angle=342158 target=342422 err=264 steer=0 m1=3258/171875 i1=169 t1=30 m2=-3280/-171875 i2=-234 t2=29 steerMode=0/34 iSteer=-32339 driveMode=171875/171547 iDrive=201628 scale=0 wheel=500000
run=1 step=2 angle=342158 target=342422 err=264 steer=0 m1=3295/171875 i1=180 t1=30 m2=-3319/-171875 i2=-207 t2=29 steerMode=0/-331 iSteer=-13370 driveMode=171875/173065 iDrive=193415 scale=0 wheel=500000
run=1 step=2 angle=342070 target=342422 err=352 steer=0 m1=3289/171875 i1=153 t1=30 m2=-3294/-171875 i2=-230 t2=29 steerMode=0/171 iSteer=-38591 driveMode=171875/172934 iDrive=191676 scale=0 wheel=500000
run=1 step=2 angle=342246 target=342422 err=176 steer=0 m1=3272/171875 i1=113 t1=30 m2=-3261/-171875 i2=-279 t2=29 steerMode=0/1087 iSteer=-83061 driveMode=171875/171917 iDrive=196083 scale=0 wheel=500000
run=1 step=2 angle=342422 target=342422 err=0 steer=0 m1=3251/171875 i1=173 t1=30 m2=-3252/-171875 i2=-228 t2=29 steerMode=0/-55 iSteer=-27393 driveMode=171875/171173 iDrive=200737 scale=0 wheel=500000
run=1 step=2 angle=342070 target=342422 err=352 steer=0 m1=3283/171875 i1=164 t1=30 m2=-3301/-171875 i2=-221 t2=29 steerMode=0/-14 iSteer=-28256 driveMode=171875/172710 iDrive=192664 scale=0 wheel=500000
run=1 step=2 angle=342070 target=342422 err=352 steer=0 m1=3256/171875 i1=145 t1=30 m2=-3234/-171875 i2=-254 t2=29 steerMode=0/494 iSteer=-54661 driveMode=171875/171266 iDrive=199385 scale=0 wheel=500000
run=1 step=2 angle=342246 target=342422 err=176 steer=0 m1=3262/171875 i1=163 t1=30 m2=-3223/-171875 i2=-239 t2=29 steerMode=0/168 iSteer=-38225 driveMode=171875/171162 iDrive=201194 scale=0 wheel=500000
run=1 step=2 angle=342246 target=342422 err=176 steer=0 m1=3287/171875 i1=185 t1=30 m2=-3286/-171875 i2=-201 t2=29 steerMode=0/-427 iSteer=-8146 driveMode=171875/172775 iDrive=193046 scale=0 wheel=500000
run=1 step=2 angle=342158 target=342422 err=264 steer=0 m1=3247/171875 i1=141 t1=30 m2=-3242/-171875 i2=-253 t2=29 steerMode=0/517 iSteer=-55842 driveMode=171875/171713 iDrive=196958 scale=0 wheel=500000
run=1 step=2 angle=342070 target=342422 err=352 steer=0 m1=3270/171875 i1=171 t1=30 m2=-3261/-171875 i2=-222 t2=29 steerMode=0/-100 iSteer=-25313 driveMode=171875/171854 iDrive=196654 scale=0 wheel=500000
run=1 step=2 angle=342334 target=342422 err=88 steer=0 m1=3266/171875 i1=156 t1=30 m2=-3261/-171875 i2=-245 t2=29 steerMode=0/263 iSteer=-44279 driveMode=171875/171280 iDrive=200440 scale=0 wheel=500000
run=1 step=2 angle=342070 target=342422 err=352 steer=0 m1=3264/171875 i1=180 t1=30 m2=-3275/-171875 i2=-205 t2=29 steerMode=0/-351 iSteer=-12614 driveMode=171875/172800 iDrive=192317 scale=0 wheel=500000
run=1 step=2 angle=342158 target=342422 err=264 steer=0 m1=3258/171875 i1=146 t1=30 m2=-3271/-171875 i2=-245 t2=29 steerMode=0/384 iSteer=-49119 driveMode=171875/171956 iDrive=195561 scale=0 wheel=500000
run=1 step=2 angle=342246 target=342422 err=176 steer=0 m1=3270/171875 i1=160 t1=30 m2=-3246/-171875 i2=-236 t2=29 steerMode=0/152 iSteer=-38010 driveMode=171875/171479 iDrive=198261 scale=0 wheel=500000
run=1 step=2 angle=342246 target=342422 err=176 steer=0 m1=3268/171875 i1=183 t1=30 m2=-3307/-171875 i2=-197 t2=29 steerMode=0/-460 iSteer=-6647 driveMode=171875/172992 iDrive=189944 scale=0 wheel=500000
run=1 step=2 angle=342070 target=342422 err=352 steer=0 m1=3274/171875 i1=136 t1=30 m2=-3261/-171875 i2=-249 t2=29 steerMode=0/533 iSteer=-56876 driveMode=171875/172078 iDrive=192611 scale=0 wheel=500000
run=1 step=2 angle=342070 target=342422 err=352 steer=0 m1=3254/171875 i1=136 t1=30 m2=-3244/-171875 i2=-259 t2=29 steerMode=0/652 iSteer=-61776 driveMode=171875/171191 iDrive=197705 scale=0 wheel=500000
run=1 step=2 angle=342246 target=342422 err=176 steer=0 m1=3251/171875 i1=173 t1=30 m2=-3280/-171875 i2=-226 t2=29 steerMode=0/-66 iSteer=-26939 driveMode=171875/171162 iDrive=199460 scale=0 wheel=500000
run=1 step=2 angle=342158 target=342422 err=264 steer=0 m1=3274/171875 i1=172 t1=30 m2=-3257/-171875 i2=-217 t2=29 steerMode=0/-132 iSteer=-22827 driveMode=171875/172198 iDrive=194401 scale=0 wheel=500000
run=1 step=2 angle=342158 target=342422 err=264 steer=0 m1=3268/171875 i1=155 t1=30 m2=-3232/-171875 i2=-248 t2=29 steerMode=0/323 iSteer=-46127 driveMode=171875/170942 iDrive=201431 scale=0 wheel=500000
run=1 step=2 angle=342422 target=342422 err=0 steer=0 m1=3241/171875 i1=159 t1=30 m2=-3234/-171875 i2=-251 t2=29 steerMode=0/305 iSteer=-46052 driveMode=171875/170607 iDrive=205016 scale=0 wheel=500000
run=1 step=2 angle=342246 target=342422 err=176 steer=0 m1=3272/171875 i1=186 t1=30 m2=-3311/-171875 i2=-209 t2=29 steerMode=0/-391 iSteer=-11152 driveMode=171875/172319 iDrive=197564 scale=0 wheel=500000
run=1 step=2 angle=342158 target=342422 err=264 steer=0 m1=3264/171875 i1=140 t1=30 m2=-3250/-171875 i2=-259 t2=29 steerMode=0/565 iSteer=-59045 driveMode=171875/171746 iDrive=199510 scale=0 wheel=500000
run=1 step=2 angle=342070 target=342422 err=352 steer=0 m1=3262/171875 i1=177 t1=30 m2=-3263/-171875 i2=-224 t2=29 steerMode=0/-153 iSteer=-23399 driveMode=171875/171691 iDrive=200381 scale=0 wheel=500000
run=1 step=2 angle=342334 target=342422 err=88 steer=0 m1=3264/171875 i1=169 t1=30 m2=-3265/-171875 i2=-228 t2=29 steerMode=0/-41 iSteer=-29226 driveMode=171875/172054 iDrive=198723 scale=0 wheel=500000
run=1 step=2 angle=342158 target=342422 err=264 steer=0 m1=3295/171875 i1=172 t1=30 m2=-3317/-171875 i2=-211 t2=29 steerMode=0/-220 iSteer=-19609 driveMode=171875/173229 iDrive=191213 scale=0 wheel=500000
run=1 step=2 angle=342070 target=342422 err=352 steer=0 m1=3312/171875 i1=110 t1=30 m2=-3242/-171875 i2=-276 t2=29 steerMode=0/1077 iSteer=-82713 driveMode=171875/172515 iDrive=192835 scale=0 wheel=500000
run=1 step=2 angle=342334 target=342422 err=88 steer=0 m1=3262/171875 i1=150 t1=30 m2=-3275/-171875 i2=-241 t2=29 steerMode=0/299 iSteer=-45602 driveMode=171875/171801 iDrive=195703 scale=0 wheel=500000
run=1 step=2 angle=342158 target=342422 err=264 steer=0 m1=3287/171875 i1=173 t1=30 m2=-3286/-171875 i2=-207 t2=29 steerMode=0/-272 iSteer=-16517 driveMode=171875/172827 iDrive=190013 scale=0 wheel=500000
run=1 step=2 angle=342158 target=342422 err=264 steer=0 m1=3262/171875 i1=145 t1=30 m2=-3267/-171875 i2=-235 t2=29 steerMode=0/300 iSteer=-45081 driveMode=171875/172376 iDrive=190360 scale=0 wheel=500000
run=1 step=2 angle=342070 target=342422 err=352 steer=0 m1=3270/171875 i1=171 t1=30 m2=-3252/-171875 i2=-217 t2=29 steerMode=0/-141 iSteer=-23383 driveMode=171875/171656 iDrive=194073 scale=0 wheel=500000
run=1 step=2 angle=342246 target=342422 err=176 steer=0 m1=3251/171875 i1=180 t1=30 m2=-3265/-171875 i2=-206 t2=29 steerMode=0/-341 iSteer=-13284 driveMode=171875/171914 iDrive=193212 scale=0 wheel=500000
run=1 step=2 angle=342070 target=342422 err=352 steer=0 m1=3247/171875 i1=159 t1=30 m2=-3282/-171875 i2=-224 t2=29 steerMode=0/52 iSteer=-32540 driveMode=171875/172008 iDrive=191863 scale=0 wheel=500000
run=1 step=2 angle=341807 target=342422 err=615 steer=308 m1=3260/173567 i1=215 t1=31 m2=-3208/-170183 i2=-181 t2=29 steerMode=1692/781 iSteer=16894 driveMode=171875/170949 iDrive=198044 scale=0 wheel=500000
run=1 step=2 angle=342422 target=342422 err=0 steer=0 m1=3245/171875 i1=150 t1=31 m2=-3208/-171875 i2=-255 t2=29 steerMode=0/423 iSteer=-52491 driveMode=171875/170434 iDrive=202565 scale=0 wheel=500000
run=1 step=2 angle=342158 target=342422 err=264 steer=0 m1=3268/171875 i1=185 t1=31 m2=-3269/-171875 i2=-209 t2=29 steerMode=0/-375 iSteer=-11924 driveMode=171875/171880 iDrive=197126 scale=0 wheel=500000
run=1 step=2 angle=341982 target=342422 err=439 steer=0 m1=3254/171875 i1=154 t1=31 m2=-3232/-171875 i2=-241 t2=29 steerMode=0/262 iSteer=-43401 driveMode=171875/171760 iDrive=197417 scale=0 wheel=500000
run=1 step=2 angle=342158 target=342422 err=264 steer=0 m1=3251/171875 i1=178 t1=31 m2=-3252/-171875 i2=-228 t2=29 steerMode=0/-125 iSteer=-24887 driveMode=171875/170993 iDrive=202684 scale=0 wheel=500000
run=1 step=2 angle=342334 target=342422 err=88 steer=0 m1=3268/171875 i1=179 t1=31 m2=-3257/-171875 i2=-222 t2=29 steerMode=0/-188 iSteer=-21771 driveMode=171875/171686 iDrive=200494 scale=0 wheel=500000
run=1 step=2 angle=342070 target=342422 err=352 steer=0 m1=3291/171875 i1=160 t1=31 m2=-3280/-171875 i2=-227 t2=29 steerMode=0/64 iSteer=-33653 driveMode=171875/172816 iDrive=193686 scale=0 wheel=500000
run=1 step=2 angle=341895 target=342422 err=527 steer=264 m1=3272/173325 i1=229 t1=31 m2=-3267/-170425 i2=-166 t2=29 steerMode=1450/227 iSteer=31378 driveMode=171875/171828 iDrive=197795 scale=0 wheel=500000
run=1 step=2 angle=342246 target=342422 err=176 steer=0 m1=3249/171875 i1=136 t1=31 m2=-3236/-171875 i2=-267 t2=29 steerMode=0/690 iSteer=-65600 driveMode=171875/171276 iDrive=201216 scale=0 wheel=500000
run=1 step=2 angle=342334 target=342422 err=88 steer=0 m1=3279/171875 i1=196 t1=31 m2=-3313/-171875 i2=-194 t2=29 steerMode=0/-632 iSteer=903 driveMode=171875/172509 iDrive=195371 scale=0 wheel=500000
run=1 step=2 angle=342158 target=342422 err=264 steer=0 m1=3277/171875 i1=145 t1=31 m2=-3261/-171875 i2=-243 t2=29 steerMode=0/364 iSteer=-48786 driveMode=171875/172414 iDrive=194174 scale=0 wheel=500000
run=1 step=2 angle=342158 target=342422 err=264 steer=0 m1=3262/171875 i1=174 t1=31 m2=-3255/-171875 i2=-223 t2=29 steerMode=0/-135 iSteer=-24636 driveMode=171875/171601 iDrive=198347 scale=0 wheel=500000
run=1 step=2 angle=342246 target=342422 err=176 steer=0 m1=3266/171875 i1=171 t1=31 m2=-3296/-171875 i2=-220 t2=29 steerMode=0/-141 iSteer=-24242 driveMode=171875/172164 iDrive=195680 scale=0 wheel=500000
run=1 step=2 angle=342158 target=342422 err=264 steer=0 m1=3285/171875 i1=150 t1=31 m2=-3282/-171875 i2=-228 t2=30 steerMode=0/173 iSteer=-39146 driveMode=171875/173100 iDrive=189016 scale=0 wheel=500000
run=1 step=2 angle=342070 target=342422 err=352 steer=0 m1=3266/171875 i1=161 t1=31 m2=-3269/-171875 i2=-229 t2=30 steerMode=0/55 iSteer=-34176 driveMode=171875/171814 iDrive=194932 scale=0 wheel=500000
run=1 step=2 angle=342334 target=342422 err=88 steer=0 m1=3249/171875 i1=142 t1=31 m2=-3229/-171875 i2=-254 t2=30 steerMode=0/485 iSteer=-55906 driveMode=171875/171179 iDrive=198390 scale=0 wheel=500000
run=1 step=2 angle=342334 target=342422 err=88 steer=0 m1=3256/171875 i1=186 t1=31 m2=-3298/-171875 i2=-203 t2=30 steerMode=0/-467 iSteer=-8413 driveMode=171875/172160 iDrive=194333 scale=0 wheel=500000
run=1 step=2 angle=342070 target=342422 err=352 steer=0 m1=3279/171875 i1=157 t1=31 m2=-3248/-171875 i2=-230 t2=30 steerMode=0/112 iSteer=-36870 driveMode=171875/172121 iDrive=193402 scale=0 wheel=500000
run=1 step=2 angle=342158 target=342422 err=264 steer=0 m1=3231/171875 i1=159 t1=31 m2=-3246/-171875 i2=-243 t2=30 steerMode=0/205 iSteer=-42364 driveMode=171875/170825 iDrive=200901 scale=0 wheel=500000
run=1 step=2 angle=342070 target=342422 err=352 steer=0 m1=3243/171875 i1=190 t1=31 m2=-3267/-171875 i2=-209 t2=30 steerMode=0/-453 iSteer=-9244 driveMode=171875/171449 iDrive=199465 scale=0 wheel=500000
run=1 step=2 angle=341895 target=342422 err=527 steer=200 m1=3287/172975 i1=210 t1=31 m2=-3273/-170775 i2=-176 t2=30 steerMode=1100/135 iSteer=17183 driveMode=171875/172564 iDrive=193094 scale=0 wheel=500000
run=1 step=2 angle=341982 target=342422 err=439 steer=0 m1=3245/171875 i1=163 t1=31 m2=-3257/-171875 i2=-237 t2=30 steerMode=0/106 iSteer=-37067 driveMode=171875/171271 iDrive=199846 scale=0 wheel=500000
run=1 step=2 angle=342246 target=342422 err=176 steer=0 m1=3272/171875 i1=134 t1=31 m2=-3250/-171875 i2=-270 t2=30 steerMode=0/750 iSteer=-67730 driveMode=171875/171127 iDrive=201784 scale=0 wheel=500000
STEP_OK: step=2 target=500 cmd=500000 measured=501121 angleErr=176
STEP_START: step=3 target=500 steerTarget=72422
run=1 step=3 angle=342246 target=72422 err=90176 steer=550 m1=3260/174900 i1=339 t1=31 m2=-3282/-168850 i2=-50 t2=30 steerMode=3025/-454 iSteer=144422 driveMode=171875/172574 iDrive=194707 scale=0 wheel=500000
run=1 step=3 angle=345850 target=72422 err=86572 steer=5000 m1=3708/199375 i1=684 t1=31 m2=-2796/-144375 i2=289 t2=30 steerMode=27500/17725 iSteer=486253 driveMode=171875/171770 iDrive=197489 scale=0 wheel=500000
run=1 step=3 angle=359473 target=72422 err=72949 steer=5000 m1=3764/199375 i1=90 t1=31 m2=-2725/-144375 i2=-324 t2=30 steerMode=27500/29775 iSteer=-117343 driveMode=171875/170227 iDrive=207108 scale=0 wheel=500000
run=1 step=3 angle=10811 target=72422 err=61611 steer=5000 m1=3775/199375 i1=252 t1=31 m2=-2719/-144375 i2=-159 t2=30 steerMode=27500/26527 iSteer=46564 driveMode=171875/171079 iDrive=205069 scale=0 wheel=500000
run=1 step=3 angle=22764 target=72422 err=49658 steer=5000 m1=3800/199375 i1=239 t1=31 m2=-2763/-144375 i2=-158 t2=30 steerMode=27500/26699 iSteer=40715 driveMode=171875/172480 iDrive=198349 scale=0 wheel=500000
run=1 step=3 angle=34893 target=72422 err=37529 steer=5000 m1=3798/199375 i1=176 t1=31 m2=-2721/-144375 i2=-223 t2=30 steerMode=27500/28001 iSteer=-23827 driveMode=171875/171992 iDrive=199619 scale=0 wheel=500000
run=1 step=3 angle=47021 target=72422 err=25400 steer=5000 m1=3793/199375 i1=226 t1=31 m2=-2807/-144375 i2=-169 t2=30 steerMode=27500/26949 iSteer=28763 driveMode=171875/172394 iDrive=197373 scale=0 wheel=500000
run=1 step=3 angle=58535 target=72422 err=13887 steer=5000 m1=3808/199375 i1=208 t1=31 m2=-2784/-144375 i2=-174 t2=30 steerMode=27500/27210 iSteer=17305 driveMode=171875/173255 iDrive=190957 scale=0 wheel=500000
run=1 step=3 angle=69258 target=72422 err=3164 steer=1582 m1=3553/180576 i1=-328 t1=31 m2=-3049/-163174 i2=-701 t2=30 steerMode=8701/18743 iSteer=-514780 driveMode=171875/173556 iDrive=186679 scale=0 wheel=500000
run=1 step=3 angle=70752 target=72422 err=1670 steer=835 m1=3358/176467 i1=245 t1=31 m2=-3242/-167283 i2=-120 t2=30 steerMode=4592/2977 iSteer=62336 driveMode=171875/173751 iDrive=182257 scale=0 wheel=500000
run=1 step=3 angle=72158 target=72422 err=264 steer=0 m1=3314/171875 i1=119 t1=31 m2=-3315/-171875 i2=-232 t2=30 steerMode=0/678 iSteer=-56226 driveMode=171875/174364 iDrive=175378 scale=0 wheel=500000
run=1 step=3 angle=72070 target=72422 err=352 steer=0 m1=3306/171875 i1=150 t1=31 m2=-3280/-171875 i2=-207 t2=30 steerMode=0/122 iSteer=-28110 driveMode=171875/173066 iDrive=178470 scale=0 wheel=500000
run=1 step=3 angle=72158 target=72422 err=264 steer=0 m1=3306/171875 i1=121 t1=31 m2=-3292/-171875 i2=-228 t2=30 steerMode=0/644 iSteer=-53563 driveMode=171875/173277 iDrive=174829 scale=0 wheel=500000
run=1 step=3 angle=72246 target=72422 err=176 steer=0 m1=3270/171875 i1=149 t1=31 m2=-3267/-171875 i2=-210 t2=30 steerMode=0/148 iSteer=-30292 driveMode=171875/172136 iDrive=179279 scale=0 wheel=500000
run=1 step=3 angle=71895 target=72422 err=527 steer=264 m1=3287/173325 i1=220 t1=31 m2=-3242/-170425 i2=-134 t2=30 steerMode=1450/157 iSteer=43171 driveMode=171875/172323 iDrive=177176 scale=0 wheel=500000
run=1 step=3 angle=72070 target=72422 err=352 steer=0 m1=3245/171875 i1=157 t1=31 m2=-3278/-171875 i2=-205 t2=30 steerMode=0/17 iSteer=-23798 driveMode=171875/171596 iDrive=180793 scale=0 wheel=500000
run=1 step=3 angle=72158 target=72422 err=264 steer=0 m1=3247/171875 i1=143 t1=31 m2=-3252/-171875 i2=-231 t2=30 steerMode=0/407 iSteer=-43885 driveMode=171875/170624 iDrive=187279 scale=0 wheel=500000
run=1 step=3 angle=72246 target=72422 err=176 steer=0 m1=3241/171875 i1=197 t1=31 m2=-3263/-171875 i2=-177 t2=30 steerMode=0/-659 iSteer=9948 driveMode=171875/171131 iDrive=186773 scale=0 wheel=500000
run=1 step=3 angle=72422 target=72422 err=0 steer=0 m1=3258/171875 i1=133 t1=31 m2=-3250/-171875 i2=-247 t2=30 steerMode=0/682 iSteer=-57170 driveMode=171875/170805 iDrive=190043 scale=0 wheel=500000
run=1 step=3 angle=72070 target=72422 err=352 steer=0 m1=3262/171875 i1=160 t1=31 m2=-3232/-171875 i2=-216 t2=30 steerMode=0/120 iSteer=-27927 driveMode=171875/171469 iDrive=187819 scale=0 wheel=500000
run=1 step=3 angle=72246 target=72422 err=176 steer=0 m1=3249/171875 i1=144 t1=31 m2=-3259/-171875 i2=-241 t2=30 steerMode=0/501 iSteer=-48862 driveMode=171875/170843 iDrive=192429 scale=0 wheel=500000
run=1 step=3 angle=72158 target=72422 err=264 steer=0 m1=3249/171875 i1=190 t1=31 m2=-3250/-171875 i2=-190 t2=30 steerMode=0/-451 iSteer=-169 driveMode=171875/171628 iDrive=189714 scale=0 wheel=500000
run=1 step=3 angle=72070 target=72422 err=352 steer=0 m1=3262/171875 i1=170 t1=31 m2=-3292/-171875 i2=-202 t2=30 steerMode=0/-128 iSteer=-15797 driveMode=171875/172325 iDrive=186094 scale=0 wheel=500000
run=1 step=3 angle=72246 target=72422 err=176 steer=0 m1=3277/171875 i1=131 t1=31 m2=-3269/-171875 i2=-246 t2=30 steerMode=0/702 iSteer=-57596 driveMode=171875/171797 iDrive=188231 scale=0 wheel=500000
run=1 step=3 angle=72158 target=72422 err=264 steer=0 m1=3289/171875 i1=187 t1=31 m2=-3315/-171875 i2=-176 t2=30 steerMode=0/-545 iSteer=5531 driveMode=171875/172910 iDrive=181777 scale=0 wheel=500000
run=1 step=3 angle=72158 target=72422 err=264 steer=0 m1=3249/171875 i1=129 t1=31 m2=-3248/-171875 i2=-248 t2=30 steerMode=0/731 iSteer=-59539 driveMode=171875/171407 iDrive=188692 scale=0 wheel=500000
run=1 step=3 angle=71807 target=72422 err=615 steer=308 m1=3268/173567 i1=263 t1=31 m2=-3267/-170183 i2=-111 t2=30 steerMode=1692/-257 iSteer=75692 driveMode=171875/171879 iDrive=186887 scale=0 wheel=500000
run=1 step=3 angle=72422 target=72422 err=0 steer=0 m1=3272/171875 i1=131 t1=31 m2=-3263/-171875 i2=-248 t2=30 steerMode=0/694 iSteer=-58548 driveMode=171875/171530 iDrive=189291 scale=0 wheel=500000
run=1 step=3 angle=72334 target=72422 err=88 steer=0 m1=3285/171875 i1=177 t1=31 m2=-3278/-171875 i2=-197 t2=30 steerMode=0/-249 iSteer=-10039 driveMode=171875/172005 iDrive=187024 scale=0 wheel=500000
run=1 step=3 angle=72158 target=72422 err=264 steer=0 m1=3260/171875 i1=172 t1=31 m2=-3261/-171875 i2=-200 t2=30 steerMode=0/-174 iSteer=-13784 driveMode=171875/172118 iDrive=186184 scale=0 wheel=500000
run=1 step=3 angle=72422 target=72422 err=0 steer=0 m1=3239/171875 i1=127 t1=31 m2=-3206/-171875 i2=-261 t2=30 steerMode=0/865 iSteer=-66680 driveMode=171875/170675 iDrive=194069 scale=0 wheel=500000
run=1 step=3 angle=72334 target=72422 err=88 steer=0 m1=3241/171875 i1=204 t1=31 m2=-3292/-171875 i2=-176 t2=30 steerMode=0/-741 iSteer=14100 driveMode=171875/171688 iDrive=190109 scale=0 wheel=500000
run=1 step=3 angle=72158 target=72422 err=264 steer=0 m1=3272/171875 i1=152 t1=31 m2=-3282/-171875 i2=-229 t2=30 steerMode=0/308 iSteer=-38501 driveMode=171875/171661 iDrive=190814 scale=0 wheel=500000
run=1 step=3 angle=72070 target=72422 err=352 steer=0 m1=3258/171875 i1=169 t1=31 m2=-3267/-171875 i2=-209 t2=30 steerMode=0/-50 iSteer=-19957 driveMode=171875/172055 iDrive=188833 scale=0 wheel=500000
run=1 step=3 angle=72334 target=72422 err=88 steer=0 m1=3281/171875 i1=154 t1=31 m2=-3292/-171875 i2=-223 t2=30 steerMode=0/225 iSteer=-34555 driveMode=171875/172095 iDrive=188484 scale=0 wheel=500000
run=1 step=3 angle=72158 target=72422 err=264 steer=0 m1=3270/171875 i1=168 t1=31 m2=-3261/-171875 i2=-207 t2=30 steerMode=0/-71 iSteer=-19348 driveMode=171875/172203 iDrive=187245 scale=0 wheel=500000
run=1 step=3 angle=72070 target=72422 err=352 steer=0 m1=3291/171875 i1=161 t1=31 m2=-3303/-171875 i2=-206 t2=30 steerMode=0/-2 iSteer=-22598 driveMode=171875/172765 iDrive=183299 scale=0 wheel=500000
run=1 step=3 angle=71982 target=72422 err=439 steer=0 m1=3285/171875 i1=99 t1=31 m2=-3223/-171875 i2=-276 t2=30 steerMode=0/1316 iSteer=-88545 driveMode=171875/171699 iDrive=187528 scale=0 wheel=500000
run=1 step=3 angle=71982 target=72422 err=439 steer=0 m1=3283/171875 i1=189 t1=31 m2=-3311/-171875 i2=-176 t2=30 steerMode=0/-600 iSteer=6862 driveMode=171875/172641 iDrive=182413 scale=0 wheel=500000
run=1 step=3 angle=72070 target=72422 err=352 steer=0 m1=3274/171875 i1=144 t1=31 m2=-3240/-171875 i2=-226 t2=30 steerMode=0/355 iSteer=-40696 driveMode=171875/171928 iDrive=185170 scale=0 wheel=500000
run=1 step=3 angle=72158 target=72422 err=264 steer=0 m1=3254/171875 i1=167 t1=30 m2=-3282/-171875 i2=-205 t2=30 steerMode=0/-91 iSteer=-18591 driveMode=171875/171824 iDrive=185997 scale=0 wheel=500000
run=1 step=3 angle=72246 target=72422 err=176 steer=0 m1=3272/171875 i1=150 t1=30 m2=-3273/-171875 i2=-222 t2=30 steerMode=0/248 iSteer=-35957 driveMode=171875/171772 iDrive=186356 scale=0 wheel=500000
run=1 step=3 angle=72158 target=72422 err=264 steer=0 m1=3256/171875 i1=157 t1=30 m2=-3267/-171875 i2=-211 t2=30 steerMode=0/83 iSteer=-27017 driveMode=171875/172088 iDrive=184242 scale=0 wheel=500000
run=1 step=3 angle=71982 target=72422 err=439 steer=0 m1=3272/171875 i1=161 t1=30 m2=-3257/-171875 i2=-201 t2=30 steerMode=0/-55 iSteer=-19774 driveMode=171875/172596 iDrive=180822 scale=0 wheel=500000
run=1 step=3 angle=72070 target=72422 err=352 steer=0 m1=3264/171875 i1=124 t1=30 m2=-3232/-171875 i2=-250 t2=30 steerMode=0/785 iSteer=-63020 driveMode=171875/171349 iDrive=186620 scale=0 wheel=500000
run=1 step=3 angle=72158 target=72422 err=264 steer=0 m1=3237/171875 i1=201 t1=30 m2=-3284/-171875 i2=-170 t2=30 steerMode=0/-782 iSteer=15456 driveMode=171875/171779 iDrive=185336 scale=0 wheel=500000
run=1 step=3 angle=72070 target=72422 err=352 steer=0 m1=3272/171875 i1=153 t1=30 m2=-3240/-171875 i2=-220 t2=30 steerMode=0/205 iSteer=-33764 driveMode=171875/171609 iDrive=186716 scale=0 wheel=500000
run=1 step=3 angle=72070 target=72422 err=352 steer=0 m1=3264/171875 i1=155 t1=30 m2=-3271/-171875 i2=-218 t2=30 steerMode=0/156 iSteer=-31223 driveMode=171875/171701 iDrive=186513 scale=0 wheel=500000
run=1 step=3 angle=72158 target=72422 err=264 steer=0 m1=3274/171875 i1=152 t1=30 m2=-3294/-171875 i2=-220 t2=30 steerMode=0/211 iSteer=-34313 driveMode=171875/171916 iDrive=186015 scale=0 wheel=500000
run=1 step=3 angle=72158 target=72422 err=264 steer=0 m1=3268/171875 i1=119 t1=30 m2=-3227/-171875 i2=-253 t2=30 steerMode=0/888 iSteer=-67061 driveMode=171875/171731 iDrive=186280 scale=0 wheel=500000
run=1 step=3 angle=71982 target=72422 err=439 steer=0 m1=3272/171875 i1=184 t1=30 m2=-3303/-171875 i2=-183 t2=30 steerMode=0/-478 iSteer=632 driveMode=171875/172279 iDrive=183580 scale=0 wheel=500000
run=1 step=3 angle=71982 target=72422 err=439 steer=0 m1=3266/171875 i1=126 t1=30 m2=-3225/-171875 i2=-246 t2=30 steerMode=0/740 iSteer=-60354 driveMode=171875/171716 iDrive=185919 scale=0 wheel=500000
run=1 step=3 angle=72158 target=72422 err=264 steer=0 m1=3270/171875 i1=198 t1=30 m2=-3284/-171875 i2=-170 t2=30 steerMode=0/-743 iSteer=14140 driveMode=171875/172093 iDrive=184317 scale=0 wheel=500000
run=1 step=3 angle=72246 target=72422 err=176 steer=0 m1=3266/171875 i1=137 t1=30 m2=-3252/-171875 i2=-233 t2=30 steerMode=0/512 iSteer=-47976 driveMode=171875/171916 iDrive=184760 scale=0 wheel=500000
run=1 step=3 angle=72158 target=72422 err=264 steer=0 m1=3266/171875 i1=151 t1=30 m2=-3248/-171875 i2=-225 t2=30 steerMode=0/288 iSteer=-36993 driveMode=171875/171363 iDrive=187699 scale=0 wheel=500000
run=1 step=3 angle=72158 target=72422 err=264 steer=0 m1=3258/171875 i1=176 t1=30 m2=-3248/-171875 i2=-199 t2=30 steerMode=0/-228 iSteer=-11776 driveMode=171875/171636 iDrive=187457 scale=0 wheel=500000
run=1 step=3 angle=71895 target=72422 err=527 steer=264 m1=3264/173325 i1=210 t1=30 m2=-3240/-170425 i2=-164 t2=30 steerMode=1450/549 iSteer=23194 driveMode=171875/171688 iDrive=187121 scale=0 wheel=500000
run=1 step=3 angle=72158 target=72422 err=264 steer=0 m1=3247/171875 i1=188 t1=30 m2=-3263/-171875 i2=-186 t2=30 steerMode=0/-490 iSteer=1215 driveMode=171875/171789 iDrive=187268 scale=0 wheel=500000
run=1 step=3 angle=72246 target=72422 err=176 steer=0 m1=3279/171875 i1=127 t1=30 m2=-3236/-171875 i2=-257 t2=30 steerMode=0/833 iSteer=-65194 driveMode=171875/171027 iDrive=191800 scale=0 wheel=500000
run=1 step=3 angle=72334 target=72422 err=88 steer=0 m1=3251/171875 i1=205 t1=30 m2=-3280/-171875 i2=-178 t2=30 steerMode=0/-748 iSteer=13181 driveMode=171875/171433 iDrive=191421 scale=0 wheel=500000
run=1 step=3 angle=72158 target=72422 err=264 steer=0 m1=3279/171875 i1=162 t1=30 m2=-3261/-171875 i2=-215 t2=30 steerMode=0/61 iSteer=-26590 driveMode=171875/172010 iDrive=188846 scale=0 wheel=500000
run=1 step=3 angle=72070 target=72422 err=352 steer=0 m1=3268/171875 i1=151 t1=30 m2=-3259/-171875 i2=-222 t2=30 steerMode=0/245 iSteer=-35508 driveMode=171875/172240 iDrive=186748 scale=0 wheel=500000
run=1 step=3 angle=71982 target=72422 err=439 steer=0 m1=3272/171875 i1=170 t1=30 m2=-3269/-171875 i2=-201 t2=30 steerMode=0/-175 iSteer=-15461 driveMode=171875/172374 iDrive=185896 scale=0 wheel=500000
run=1 step=3 angle=71982 target=72422 err=439 steer=0 m1=3310/171875 i1=116 t1=30 m2=-3244/-171875 i2=-251 t2=30 steerMode=0/889 iSteer=-67057 driveMode=171875/172485 iDrive=183518 scale=0 wheel=500000
run=1 step=3 angle=72158 target=72422 err=264 steer=0 m1=3270/171875 i1=187 t1=30 m2=-3269/-171875 i2=-185 t2=30 steerMode=0/-496 iSteer=935 driveMode=171875/172037 iDrive=185639 scale=0 wheel=500000
run=1 step=3 angle=72070 target=72422 err=352 steer=0 m1=3268/171875 i1=138 t1=30 m2=-3246/-171875 i2=-235 t2=30 steerMode=0/494 iSteer=-48267 driveMode=171875/171774 iDrive=186580 scale=0 wheel=500000
run=1 step=3 angle=72246 target=72422 err=176 steer=0 m1=3264/171875 i1=186 t1=30 m2=-3282/-171875 i2=-181 t2=30 steerMode=0/-533 iSteer=2859 driveMode=171875/172333 iDrive=183433 scale=0 wheel=500000
run=1 step=3 angle=71982 target=72422 err=439 steer=0 m1=3281/171875 i1=147 t1=30 m2=-3240/-171875 i2=-218 t2=30 steerMode=0/253 iSteer=-35625 driveMode=171875/172317 iDrive=182562 scale=0 wheel=500000
run=1 step=3 angle=72158 target=72422 err=264 steer=0 m1=3268/171875 i1=121 t1=30 m2=-3225/-171875 i2=-252 t2=30 steerMode=0/849 iSteer=-65338 driveMode=171875/171489 iDrive=186460 scale=0 wheel=500000
run=1 step=3 angle=72334 target=72422 err=88 steer=0 m1=3249/171875 i1=177 t1=30 m2=-3267/-171875 i2=-202 t2=30 steerMode=0/-234 iSteer=-12903 driveMode=171875/171195 iDrive=189567 scale=0 wheel=500000
run=1 step=3 angle=72246 target=72422 err=176 steer=0 m1=3272/171875 i1=156 t1=30 m2=-3227/-171875 i2=-224 t2=30 steerMode=0/210 iSteer=-33984 driveMode=171875/171337 iDrive=189726 scale=0 wheel=500000
run=1 step=3 angle=72246 target=72422 err=176 steer=0 m1=3243/171875 i1=181 t1=30 m2=-3280/-171875 i2=-197 t2=30 steerMode=0/-316 iSteer=-8010 driveMode=171875/171584 iDrive=189294 scale=0 wheel=500000
run=1 step=3 angle=72158 target=72422 err=264 steer=0 m1=3287/171875 i1=132 t1=30 m2=-3255/-171875 i2=-246 t2=30 steerMode=0/668 iSteer=-56940 driveMode=171875/171742 iDrive=188786 scale=0 wheel=500000
run=1 step=3 angle=72158 target=72422 err=264 steer=0 m1=3270/171875 i1=184 t1=30 m2=-3290/-171875 i2=-187 t2=30 steerMode=0/-452 iSteer=-1228 driveMode=171875/172336 iDrive=185698 scale=0 wheel=500000
run=1 step=3 angle=72070 target=72422 err=352 steer=0 m1=3285/171875 i1=161 t1=30 m2=-3267/-171875 i2=-209 t2=30 steerMode=0/9 iSteer=-24062 driveMode=171875/172275 iDrive=185252 scale=0 wheel=500000
run=1 step=3 angle=72070 target=72422 err=352 steer=0 m1=3272/171875 i1=146 t1=30 m2=-3263/-171875 i2=-221 t2=30 steerMode=0/287 iSteer=-37721 driveMode=171875/172370 iDrive=183627 scale=0 wheel=500000
run=1 step=3 angle=72334 target=72422 err=88 steer=0 m1=3268/171875 i1=169 t1=30 m2=-3273/-171875 i2=-204 t2=30 steerMode=0/-128 iSteer=-17838 driveMode=171875/171867 iDrive=186366 scale=0 wheel=500000
run=1 step=3 angle=71982 target=72422 err=439 steer=0 m1=3281/171875 i1=155 t1=30 m2=-3263/-171875 i2=-212 t2=30 steerMode=0/114 iSteer=-28750 driveMode=171875/172219 iDrive=183681 scale=0 wheel=500000
run=1 step=3 angle=71982 target=72422 err=439 steer=0 m1=3272/171875 i1=168 t1=30 m2=-3282/-171875 i2=-201 t2=30 steerMode=0/-144 iSteer=-16479 driveMode=171875/171971 iDrive=184652 scale=0 wheel=500000
run=1 step=3 angle=71982 target=72422 err=439 steer=114 m1=3291/172500 i1=152 t1=30 m2=-3259/-171250 i2=-215 t2=30 steerMode=625/808 iSteer=-31851 driveMode=171875/172107 iDrive=183467 scale=0 wheel=500000
run=1 step=3 angle=72158 target=72422 err=264 steer=0 m1=3254/171875 i1=188 t1=30 m2=-3296/-171875 i2=-174 t2=30 steerMode=0/-620 iSteer=6937 driveMode=171875/172549 iDrive=180777 scale=0 wheel=500000
run=1 step=3 angle=72070 target=72422 err=352 steer=0 m1=3289/171875 i1=160 t1=30 m2=-3303/-171875 i2=-198 t2=30 steerMode=0/-93 iSteer=-19099 driveMode=171875/172624 iDrive=179390 scale=0 wheel=500000
run=1 step=3 angle=71982 target=72422 err=439 steer=0 m1=3285/171875 i1=139 t1=30 m2=-3238/-171875 i2=-221 t2=30 steerMode=0/348 iSteer=-40979 driveMode=171875/172319 iDrive=179591 scale=0 wheel=500000
run=1 step=3 angle=72422 target=72422 err=0 steer=0 m1=3233/171875 i1=170 t1=30 m2=-3275/-171875 i2=-204 t2=30 steerMode=0/-163 iSteer=-17026 driveMode=171875/171083 iDrive=186613 scale=0 wheel=500000
run=1 step=3 angle=72070 target=72422 err=352 steer=0 m1=3272/171875 i1=157 t1=30 m2=-3252/-171875 i2=-214 t2=30 steerMode=0/101 iSteer=-28762 driveMode=171875/171420 iDrive=185608 scale=0 wheel=500000
run=1 step=3 angle=72070 target=72422 err=352 steer=0 m1=3247/171875 i1=169 t1=30 m2=-3246/-171875 i2=-204 t2=30 steerMode=0/-137 iSteer=-17290 driveMode=171875/171455 iDrive=186368 scale=0 wheel=500000
run=1 step=3 angle=71807 target=72422 err=615 steer=308 m1=3264/173567 i1=215 t1=30 m2=-3252/-170183 i2=-162 t2=30 steerMode=1692/693 iSteer=26513 driveMode=171875/171189 iDrive=188766 scale=0 wheel=500000
run=1 step=3 angle=72158 target=72422 err=264 steer=0 m1=3262/171875 i1=187 t1=30 m2=-3275/-171875 i2=-179 t2=30 steerMode=0/-575 iSteer=4081 driveMode=171875/172377 iDrive=183054 scale=0 wheel=500000
run=1 step=3 angle=72246 target=72422 err=176 steer=0 m1=3270/171875 i1=166 t1=30 m2=-3288/-171875 i2=-207 t2=30 steerMode=0/-89 iSteer=-20374 driveMode=171875/171758 iDrive=186317 scale=0 wheel=500000
run=1 step=3 angle=72246 target=72422 err=176 steer=0 m1=3262/171875 i1=154 t1=30 m2=-3244/-171875 i2=-219 t2=30 steerMode=0/156 iSteer=-32325 driveMode=171875/171769 iDrive=186198 scale=0 wheel=500000
run=1 step=3 angle=72334 target=72422 err=88 steer=0 m1=3241/171875 i1=161 t1=30 m2=-3252/-171875 i2=-217 t2=30 steerMode=0/46 iSteer=-27972 driveMode=171875/171344 iDrive=189062 scale=0 wheel=500000
run=1 step=3 angle=71982 target=72422 err=439 steer=0 m1=3287/171875 i1=147 t1=30 m2=-3238/-171875 i2=-223 t2=30 steerMode=0/287 iSteer=-37760 driveMode=171875/172089 iDrive=185104 scale=0 wheel=500000
run=1 step=3 angle=72158 target=72422 err=264 steer=0 m1=3254/171875 i1=159 t1=30 m2=-3240/-171875 i2=-214 t2=30 steerMode=0/61 iSteer=-27346 driveMode=171875/171814 iDrive=186332 scale=0 wheel=500000
run=1 step=3 angle=72158 target=72422 err=264 steer=0 m1=3256/171875 i1=160 t1=30 m2=-3282/-171875 i2=-222 t2=30 steerMode=0/113 iSteer=-30898 driveMode=171875/171125 iDrive=190907 scale=0 wheel=500000
run=1 step=3 angle=72158 target=72422 err=264 steer=0 m1=3277/171875 i1=189 t1=30 m2=-3278/-171875 i2=-185 t2=30 steerMode=0/-525 iSteer=1818 driveMode=171875/172046 iDrive=186956 scale=0 wheel=500000
run=1 step=3 angle=72158 target=72422 err=264 steer=0 m1=3245/171875 i1=166 t1=30 m2=-3275/-171875 i2=-212 t2=30 steerMode=0/-48 iSteer=-22580 driveMode=171875/171694 iDrive=188942 scale=0 wheel=500000
run=1 step=3 angle=72070 target=72422 err=352 steer=0 m1=3297/171875 i1=126 t1=30 m2=-3227/-171875 i2=-247 t2=30 steerMode=0/737 iSteer=-60533 driveMode=171875/172172 iDrive=186080 scale=0 wheel=500000
run=1 step=3 angle=72246 target=72422 err=176 steer=0 m1=3247/171875 i1=158 t1=30 m2=-3288/-171875 i2=-222 t2=30 steerMode=0/123 iSteer=-31845 driveMode=171875/171440 iDrive=190183 scale=0 wheel=500000
run=1 step=3 angle=71982 target=72422 err=439 steer=0 m1=3283/171875 i1=170 t1=30 m2=-3259/-171875 i2=-205 t2=30 steerMode=0/-142 iSteer=-17116 driveMode=171875/171958 iDrive=187563 scale=0 wheel=500000
run=1 step=3 angle=71895 target=72422 err=527 steer=264 m1=3297/173325 i1=212 t1=30 m2=-3273/-170425 i2=-156 t2=30 steerMode=1450/429 iSteer=28237 driveMode=171875/172528 iDrive=183961 scale=0 wheel=500000
run=1 step=3 angle=72246 target=72422 err=176 steer=0 m1=3256/171875 i1=146 t1=30 m2=-3267/-171875 i2=-227 t2=30 steerMode=0/299 iSteer=-40595 driveMode=171875/171974 iDrive=186337 scale=0 wheel=500000
run=1 step=3 angle=72246 target=72422 err=176 steer=0 m1=3279/171875 i1=190 t1=30 m2=-3309/-171875 i2=-173 t2=30 steerMode=0/-671 iSteer=8904 driveMode=171875/172739 iDrive=181562 scale=0 wheel=500000
run=1 step=3 angle=72246 target=72422 err=176 steer=0 m1=3247/171875 i1=152 t1=30 m2=-3263/-171875 i2=-221 t2=30 steerMode=0/188 iSteer=-34865 driveMode=171875/171649 iDrive=186595 scale=0 wheel=500000
run=1 step=3 angle=72070 target=72422 err=352 steer=0 m1=3272/171875 i1=157 t1=30 m2=-3280/-171875 i2=-212 t2=30 steerMode=0/68 iSteer=-27744 driveMode=171875/172043 iDrive=184481 scale=0 wheel=500000
run=1 step=3 angle=72070 target=72422 err=352 steer=0 m1=3268/171875 i1=156 t1=30 m2=-3265/-171875 i2=-216 t2=30 steerMode=0/93 iSteer=-30242 driveMode=171875/171767 iDrive=186219 scale=0 wheel=500000
run=1 step=3 angle=71982 target=72422 err=439 steer=0 m1=3274/171875 i1=158 t1=30 m2=-3286/-171875 i2=-211 t2=30 steerMode=0/33 iSteer=-26480 driveMode=171875/172094 iDrive=184402 scale=0 wheel=500000
run=1 step=3 angle=72070 target=72422 err=352 steer=0 m1=3266/171875 i1=159 t1=30 m2=-3273/-171875 i2=-208 t2=30 steerMode=0/-12 iSteer=-24215 driveMode=171875/172167 iDrive=183491 scale=0 wheel=500000
run=1 step=3 angle=72246 target=72422 err=176 steer=0 m1=3249/171875 i1=141 t1=30 m2=-3265/-171875 i2=-242 t2=30 steerMode=0/489 iSteer=-50494 driveMode=171875/170744 iDrive=191630 scale=0 wheel=500000
run=1 step=3 angle=72070 target=72422 err=352 steer=0 m1=3245/171875 i1=191 t1=30 m2=-3265/-171875 i2=-183 t2=30 steerMode=0/-578 iSteer=3951 driveMode=171875/171825 iDrive=187127 scale=0 wheel=500000
run=1 step=3 angle=72070 target=72422 err=352 steer=0 m1=3245/171875 i1=153 t1=30 m2=-3269/-171875 i2=-226 t2=30 steerMode=0/218 iSteer=-36367 driveMode=171875/171508 iDrive=189348 scale=0 wheel=500000
run=1 step=3 angle=71982 target=72422 err=439 steer=0 m1=3279/171875 i1=160 t1=30 m2=-3234/-171875 i2=-217 t2=30 steerMode=0/71 iSteer=-28471 driveMode=171875/171733 iDrive=188544 scale=0 wheel=500000
run=1 step=3 angle=72070 target=72422 err=352 steer=0 m1=3247/171875 i1=163 t1=30 m2=-3263/-171875 i2=-215 t2=30 steerMode=0/8 iSteer=-26269 driveMode=171875/171727 iDrive=189099 scale=0 wheel=500000
run=1 step=3 angle=71982 target=72422 err=439 steer=0 m1=3272/171875 i1=159 t1=30 m2=-3252/-171875 i2=-216 t2=30 steerMode=0/68 iSteer=-28626 driveMode=171875/172043 iDrive=187290 scale=0 wheel=500000
run=1 step=3 angle=72070 target=72422 err=352 steer=0 m1=3289/171875 i1=105 t1=30 m2=-3255/-171875 i2=-262 t2=30 steerMode=0/1092 iSteer=-78396 driveMode=171875/172620 iDrive=183365 scale=0 wheel=500000
run=1 step=3 angle=72158 target=72422 err=264 steer=0 m1=3277/171875 i1=146 t1=30 m2=-3269/-171875 i2=-228 t2=30 steerMode=0/318 iSteer=-40942 driveMode=171875/171728 iDrive=187031 scale=0 wheel=500000
run=1 step=3 angle=72070 target=72422 err=352 steer=0 m1=3256/171875 i1=184 t1=30 m2=-3278/-171875 i2=-181 t2=30 steerMode=0/-524 iSteer=1883 driveMode=171875/172538 iDrive=182489 scale=0 wheel=500000
run=1 step=3 angle=72070 target=72422 err=352 steer=0 m1=3247/171875 i1=146 t1=30 m2=-3252/-171875 i2=-227 t2=30 steerMode=0/309 iSteer=-40220 driveMode=171875/171647 iDrive=186564 scale=0 wheel=500000
run=1 step=3 angle=71982 target=72422 err=439 steer=0 m1=3264/171875 i1=164 t1=30 m2=-3282/-171875 i2=-210 t2=30 steerMode=0/-26 iSteer=-23328 driveMode=171875/171660 iDrive=187081 scale=0 wheel=500000
run=1 step=3 angle=72246 target=72422 err=176 steer=0 m1=3270/171875 i1=161 t1=30 m2=-3248/-171875 i2=-216 t2=30 steerMode=0/48 iSteer=-27637 driveMode=171875/171538 iDrive=188392 scale=0 wheel=500000
run=1 step=3 angle=72158 target=72422 err=264 steer=0 m1=3256/171875 i1=162 t1=30 m2=-3252/-171875 i2=-215 t2=30 steerMode=0/35 iSteer=-26342 driveMode=171875/171590 iDrive=188316 scale=0 wheel=500000
run=1 step=3 angle=71982 target=72422 err=439 steer=0 m1=3268/171875 i1=157 t1=30 m2=-3244/-171875 i2=-212 t2=30 steerMode=0/58 iSteer=-27235 driveMode=171875/172256 iDrive=184576 scale=0 wheel=500000
run=1 step=3 angle=72158 target=72422 err=264 steer=0 m1=3266/171875 i1=105 t1=30 m2=-3221/-171875 i2=-279 t2=30 steerMode=0/1229 iSteer=-86924 driveMode=171875/170878 iDrive=191972 scale=0 wheel=500000
run=1 step=3 angle=71982 target=72422 err=439 steer=0 m1=3241/171875 i1=206 t1=30 m2=-3271/-171875 i2=-174 t2=30 steerMode=0/-816 iSteer=15796 driveMode=171875/171548 iDrive=189983 scale=0 wheel=500000
run=1 step=3 angle=72070 target=72422 err=352 steer=0 m1=3272/171875 i1=161 t1=30 m2=-3271/-171875 i2=-220 t2=30 steerMode=0/98 iSteer=-29860 driveMode=171875/171607 iDrive=190542 scale=0 wheel=500000
run=1 step=3 angle=71982 target=72422 err=439 steer=0 m1=3260/171875 i1=157 t1=30 m2=-3240/-171875 i2=-225 t2=30 steerMode=0/184 iSteer=-33671 driveMode=171875/171614 iDrive=190920 scale=0 wheel=500000
run=1 step=3 angle=72422 target=72422 err=0 steer=0 m1=3268/171875 i1=141 t1=30 m2=-3259/-171875 i2=-235 t2=30 steerMode=0/454 iSteer=-47373 driveMode=171875/172208 iDrive=188014 scale=0 wheel=500000
run=1 step=3 angle=71982 target=72422 err=439 steer=0 m1=3281/171875 i1=141 t1=30 m2=-3246/-171875 i2=-234 t2=30 steerMode=0/442 iSteer=-46371 driveMode=171875/172027 iDrive=187730 scale=0 wheel=500000
run=1 step=3 angle=72070 target=72422 err=352 steer=0 m1=3312/171875 i1=160 t1=30 m2=-3278/-171875 i2=-206 t2=30 steerMode=0/-9 iSteer=-22925 driveMode=171875/172777 iDrive=183109 scale=0 wheel=500000
run=1 step=3 angle=72070 target=72422 err=352 steer=0 m1=3270/171875 i1=131 t1=30 m2=-3240/-171875 i2=-240 t2=30 steerMode=0/591 iSteer=-54301 driveMode=171875/172033 iDrive=185513 scale=0 wheel=500000
run=1 step=3 angle=72070 target=72422 err=352 steer=0 m1=3268/171875 i1=195 t1=30 m2=-3286/-171875 i2=-170 t2=30 steerMode=0/-735 iSteer=12594 driveMode=171875/172499 iDrive=182702 scale=0 wheel=500000
STEP_OK: step=3 target=500 cmd=500000 measured=500555 angleErr=352
STEP_START: step=4 target=500 steerTarget=162422
run=1 step=4 angle=72158 target=162422 err=90264 steer=600 m1=3254/175175 i1=315 t1=30 m2=-3252/-168575 i2=-52 t2=30 steerMode=3300/217 iSteer=131459 driveMode=171875/172210 iDrive=183355 scale=0 wheel=500000
run=1 step=4 angle=76201 target=162422 err=86221 steer=5000 m1=3722/199375 i1=653 t1=30 m2=-2769/-144375 i2=271 t2=30 steerMode=27500/18340 iSteer=461966 driveMode=171875/170772 iDrive=191097 scale=0 wheel=500000
run=1 step=4 angle=89648 target=162422 err=72773 steer=5000 m1=3787/199375 i1=84 t1=31 m2=-2706/-144375 i2=-307 t2=30 steerMode=27500/29764 iSteer=-111551 driveMode=171875/170396 iDrive=195773 scale=0 wheel=500000
run=1 step=4 angle=100723 target=162422 err=61699 steer=5000 m1=3783/199375 i1=229 t1=31 m2=-2721/-144375 i2=-158 t2=30 steerMode=27500/26845 iSteer=35695 driveMode=171875/171214 iDrive=193244 scale=0 wheel=500000
run=1 step=4 angle=112764 target=162422 err=49658 steer=5000 m1=3743/199375 i1=196 t1=31 m2=-2679/-144375 i2=-224 t2=30 steerMode=27500/27833 iSteer=-13931 driveMode=171875/168749 iDrive=210073 scale=0 wheel=500000
run=1 step=4 angle=124453 target=162422 err=37969 steer=5000 m1=3745/199375 i1=216 t1=31 m2=-2694/-144375 i2=-209 t2=30 steerMode=27500/27478 iSteer=3816 driveMode=171875/169401 iDrive=212323 scale=0 wheel=500000
run=1 step=4 angle=136670 target=162422 err=25752 steer=5000 m1=3752/199375 i1=204 t1=31 m2=-2673/-144375 i2=-235 t2=30 steerMode=27500/27849 iSteer=-15718 driveMode=171875/169071 iDrive=219255 scale=0 wheel=500000
run=1 step=4 angle=148535 target=162422 err=13887 steer=5000 m1=3749/199375 i1=252 t1=31 m2=-2723/-144375 i2=-181 t2=30 steerMode=27500/26826 iSteer=35780 driveMode=171875/170435 iDrive=216538 scale=0 wheel=500000
run=1 step=4 angle=159346 target=162422 err=3076 steer=1816 m1=3559/181862 i1=-344 t1=31 m2=-2947/-161888 i2=-772 t2=30 steerMode=9987/20934 iSteer=-558008 driveMode=171875/171223 iDrive=214409 scale=0 wheel=500000
run=1 step=4 angle=161016 target=162422 err=1406 steer=703 m1=3320/175742 i1=319 t1=31 m2=-3261/-168008 i2=-95 t2=30 steerMode=3867/1230 iSteer=112061 driveMode=171875/172615 iDrive=207329 scale=0 wheel=500000
run=1 step=4 angle=161982 target=162422 err=439 steer=64 m1=3325/172225 i1=101 t1=31 m2=-3288/-171525 i2=-306 t2=30 steerMode=350/1973 iSteer=-102468 driveMode=171875/173193 iDrive=203084 scale=0 wheel=500000
run=1 step=4 angle=162070 target=162422 err=352 steer=0 m1=3310/171875 i1=179 t1=31 m2=-3288/-171875 i2=-213 t2=30 steerMode=0/-76 iSteer=-17338 driveMode=171875/173944 iDrive=195857 scale=0 wheel=500000
run=1 step=4 angle=162422 target=162422 err=0 steer=0 m1=3268/171875 i1=197 t1=31 m2=-3278/-171875 i2=-210 t2=30 steerMode=0/-320 iSteer=-6217 driveMode=171875/172082 iDrive=203512 scale=0 wheel=500000
run=1 step=4 angle=162246 target=162422 err=176 steer=0 m1=3274/171875 i1=162 t1=31 m2=-3275/-171875 i2=-240 t2=30 steerMode=0/353 iSteer=-39424 driveMode=171875/172367 iDrive=200946 scale=0 wheel=500000
run=1 step=4 angle=162246 target=162422 err=176 steer=0 m1=3287/171875 i1=188 t1=31 m2=-3286/-171875 i2=-203 t2=30 steerMode=0/-291 iSteer=-7204 driveMode=171875/173186 iDrive=195557 scale=0 wheel=500000
run=1 step=4 angle=162246 target=162422 err=176 steer=0 m1=3277/171875 i1=158 t1=31 m2=-3273/-171875 i2=-229 t2=30 steerMode=0/268 iSteer=-35471 driveMode=171875/172974 iDrive=193907 scale=0 wheel=500000
run=1 step=4 angle=162158 target=162422 err=264 steer=0 m1=3287/171875 i1=149 t1=31 m2=-3248/-171875 i2=-245 t2=30 steerMode=0/523 iSteer=-48329 driveMode=171875/172083 iDrive=197050 scale=0 wheel=500000
run=1 step=4 angle=162246 target=162422 err=176 steer=0 m1=3258/171875 i1=190 t1=31 m2=-3282/-171875 i2=-209 t2=30 steerMode=0/-274 iSteer=-9534 driveMode=171875/171665 iDrive=199940 scale=0 wheel=500000
run=1 step=4 angle=162158 target=162422 err=264 steer=0 m1=3302/171875 i1=157 t1=31 m2=-3257/-171875 i2=-231 t2=30 steerMode=0/288 iSteer=-36574 driveMode=171875/172616 iDrive=194002 scale=0 wheel=500000
run=1 step=4 angle=162246 target=162422 err=176 steer=0 m1=3239/171875 i1=188 t1=31 m2=-3294/-171875 i2=-208 t2=30 steerMode=0/-266 iSteer=-9759 driveMode=171875/171767 iDrive=197924 scale=0 wheel=500000
run=1 step=4 angle=162070 target=162422 err=352 steer=0 m1=3281/171875 i1=152 t1=31 m2=-3244/-171875 i2=-243 t2=30 steerMode=0/454 iSteer=-45662 driveMode=171875/171857 iDrive=197315 scale=0 wheel=500000
run=1 step=4 angle=162070 target=162422 err=352 steer=0 m1=3274/171875 i1=186 t1=31 m2=-3315/-171875 i2=-198 t2=31 steerMode=0/-339 iSteer=-5952 driveMode=171875/172725 iDrive=192258 scale=0 wheel=500000
run=1 step=4 angle=162158 target=162422 err=264 steer=0 m1=3266/171875 i1=169 t1=31 m2=-3269/-171875 i2=-220 t2=31 steerMode=0/40 iSteer=-25366 driveMode=171875/172060 iDrive=194436 scale=0 wheel=500000
run=1 step=4 angle=162070 target=162422 err=352 steer=0 m1=3260/171875 i1=169 t1=31 m2=-3273/-171875 i2=-223 t2=31 steerMode=0/85 iSteer=-26837 driveMode=171875/171724 iDrive=196123 scale=0 wheel=500000
run=1 step=4 angle=162158 target=162422 err=264 steer=0 m1=3264/171875 i1=175 t1=31 m2=-3250/-171875 i2=-222 t2=31 steerMode=0/-11 iSteer=-23254 driveMode=171875/171421 iDrive=198637 scale=0 wheel=500000
run=1 step=4 angle=162070 target=162422 err=352 steer=0 m1=3289/171875 i1=103 t1=31 m2=-3217/-171875 i2=-286 t2=31 steerMode=0/1398 iSteer=-91464 driveMode=171875/172049 iDrive=194873 scale=0 wheel=500000
run=1 step=4 angle=162246 target=162422 err=176 steer=0 m1=3235/171875 i1=211 t1=31 m2=-3232/-171875 i2=-195 t2=31 steerMode=0/-626 iSteer=7816 driveMode=171875/170662 iDrive=203182 scale=0 wheel=500000
run=1 step=4 angle=162070 target=162422 err=352 steer=0 m1=3254/171875 i1=161 t1=31 m2=-3238/-171875 i2=-248 t2=31 steerMode=0/410 iSteer=-43452 driveMode=171875/170862 iDrive=204219 scale=0 wheel=500000
run=1 step=4 angle=162158 target=162422 err=264 steer=0 m1=3281/171875 i1=194 t1=31 m2=-3305/-171875 i2=-204 t2=31 steerMode=0/-353 iSteer=-5030 driveMode=171875/172152 iDrive=198631 scale=0 wheel=500000
run=1 step=4 angle=162158 target=162422 err=264 steer=0 m1=3260/171875 i1=168 t1=31 m2=-3263/-171875 i2=-233 t2=31 steerMode=0/189 iSteer=-32763 driveMode=171875/171782 iDrive=200313 scale=0 wheel=500000
run=1 step=4 angle=162158 target=162422 err=264 steer=0 m1=3266/171875 i1=179 t1=31 m2=-3244/-171875 i2=-223 t2=31 steerMode=0/-10 iSteer=-22179 driveMode=171875/171666 iDrive=201062 scale=0 wheel=500000
run=1 step=4 angle=162246 target=162422 err=176 steer=0 m1=3228/171875 i1=182 t1=31 m2=-3280/-171875 i2=-233 t2=31 steerMode=0/15 iSteer=-25114 driveMode=171875/170703 iDrive=207567 scale=0 wheel=500000
run=1 step=4 angle=162070 target=162422 err=352 steer=0 m1=3295/171875 i1=171 t1=31 m2=-3261/-171875 i2=-229 t2=31 steerMode=0/120 iSteer=-29275 driveMode=171875/172317 iDrive=199815 scale=0 wheel=500000
run=1 step=4 angle=162070 target=162422 err=352 steer=0 m1=3258/171875 i1=180 t1=31 m2=-3284/-171875 i2=-222 t2=31 steerMode=0/-52 iSteer=-21179 driveMode=171875/171995 iDrive=200898 scale=0 wheel=500000
run=1 step=4 angle=162070 target=162422 err=352 steer=0 m1=3287/171875 i1=171 t1=31 m2=-3278/-171875 i2=-227 t2=31 steerMode=0/82 iSteer=-28053 driveMode=171875/172237 iDrive=199370 scale=0 wheel=500000
run=1 step=4 angle=162070 target=162422 err=352 steer=0 m1=3302/171875 i1=184 t1=31 m2=-3307/-171875 i2=-196 t2=31 steerMode=0/-352 iSteer=-5821 driveMode=171875/173762 iDrive=189940 scale=0 wheel=500000
run=1 step=4 angle=162158 target=162422 err=264 steer=0 m1=3266/171875 i1=157 t1=31 m2=-3282/-171875 i2=-238 t2=31 steerMode=0/313 iSteer=-40521 driveMode=171875/171857 iDrive=197623 scale=0 wheel=500000
run=1 step=4 angle=162070 target=162422 err=352 steer=0 m1=3256/171875 i1=175 t1=31 m2=-3240/-171875 i2=-222 t2=31 steerMode=0/-4 iSteer=-23464 driveMode=171875/171687 iDrive=198687 scale=0 wheel=500000
run=1 step=4 angle=162158 target=162422 err=264 steer=0 m1=3268/171875 i1=172 t1=31 m2=-3290/-171875 i2=-226 t2=31 steerMode=0/45 iSteer=-27246 driveMode=171875/171708 iDrive=199216 scale=0 wheel=500000
run=1 step=4 angle=161895 target=162422 err=527 steer=264 m1=3310/173325 i1=182 t1=31 m2=-3229/-170425 i2=-205 t2=31 steerMode=1450/1235 iSteer=-11674 driveMode=171875/172675 iDrive=193390 scale=0 wheel=500000
run=1 step=4 angle=162334 target=162422 err=88 steer=0 m1=3245/171875 i1=185 t1=31 m2=-3263/-171875 i2=-211 t2=31 steerMode=0/-237 iSteer=-12695 driveMode=171875/171717 iDrive=197912 scale=0 wheel=500000
run=1 step=4 angle=162334 target=162422 err=88 steer=0 m1=3254/171875 i1=166 t1=31 m2=-3261/-171875 i2=-240 t2=31 steerMode=0/248 iSteer=-36858 driveMode=171875/170960 iDrive=203032 scale=0 wheel=500000
run=1 step=4 angle=162334 target=162422 err=88 steer=0 m1=3285/171875 i1=191 t1=31 m2=-3280/-171875 i2=-203 t2=31 steerMode=0/-366 iSteer=-6012 driveMode=171875/172246 iDrive=197290 scale=0 wheel=500000
run=1 step=4 angle=162422 target=162422 err=0 steer=0 m1=3247/171875 i1=169 t1=31 m2=-3275/-171875 i2=-232 t2=31 steerMode=0/127 iSteer=-31477 driveMode=171875/171519 iDrive=200657 scale=0 wheel=500000
run=1 step=4 angle=162246 target=162422 err=176 steer=0 m1=3277/171875 i1=175 t1=31 m2=-3255/-171875 i2=-225 t2=31 steerMode=0/7 iSteer=-24811 driveMode=171875/171790 iDrive=199779 scale=0 wheel=500000
run=1 step=4 angle=162246 target=162422 err=176 steer=0 m1=3256/171875 i1=156 t1=31 m2=-3248/-171875 i2=-250 t2=31 steerMode=0/423 iSteer=-47104 driveMode=171875/171266 iDrive=203264 scale=0 wheel=500000
run=1 step=4 angle=162246 target=162422 err=176 steer=0 m1=3291/171875 i1=170 t1=31 m2=-3250/-171875 i2=-227 t2=31 steerMode=0/76 iSteer=-28909 driveMode=171875/172224 iDrive=198469 scale=0 wheel=500000
run=1 step=4 angle=162246 target=162422 err=176 steer=0 m1=3268/171875 i1=183 t1=31 m2=-3298/-171875 i2=-210 t2=31 steerMode=0/-237 iSteer=-13400 driveMode=171875/172483 iDrive=196285 scale=0 wheel=500000
run=1 step=4 angle=162246 target=162422 err=176 steer=0 m1=3283/171875 i1=151 t1=31 m2=-3261/-171875 i2=-244 t2=31 steerMode=0/427 iSteer=-46859 driveMode=171875/172058 iDrive=197504 scale=0 wheel=500000
run=1 step=4 angle=161982 target=162422 err=439 steer=0 m1=3279/171875 i1=186 t1=31 m2=-3303/-171875 i2=-194 t2=31 steerMode=0/-409 iSteer=-4384 driveMode=171875/173272 iDrive=190089 scale=0 wheel=500000
run=1 step=4 angle=162158 target=162422 err=264 steer=0 m1=3231/171875 i1=162 t1=31 m2=-3242/-171875 i2=-236 t2=31 steerMode=0/218 iSteer=-36846 driveMode=171875/171263 iDrive=199171 scale=0 wheel=500000
run=1 step=4 angle=161982 target=162422 err=439 steer=0 m1=3254/171875 i1=175 t1=31 m2=-3250/-171875 i2=-228 t2=31 steerMode=0/36 iSteer=-26441 driveMode=171875/171132 iDrive=201205 scale=0 wheel=500000
run=1 step=4 angle=162070 target=162422 err=352 steer=0 m1=3266/171875 i1=169 t1=31 m2=-3263/-171875 i2=-235 t2=31 steerMode=0/144 iSteer=-32973 driveMode=171875/171256 iDrive=202105 scale=0 wheel=500000
run=1 step=4 angle=161982 target=162422 err=439 steer=0 m1=3283/171875 i1=162 t1=31 m2=-3267/-171875 i2=-231 t2=31 steerMode=0/194 iSteer=-34638 driveMode=171875/172312 iDrive=196689 scale=0 wheel=500000
run=1 step=4 angle=161982 target=162422 err=439 steer=0 m1=3256/171875 i1=180 t1=31 m2=-3265/-171875 i2=-218 t2=31 steerMode=0/-120 iSteer=-19154 driveMode=171875/171829 iDrive=198880 scale=0 wheel=500000
run=1 step=4 angle=162070 target=162422 err=352 steer=0 m1=3243/171875 i1=148 t1=31 m2=-3221/-171875 i2=-265 t2=31 steerMode=0/643 iSteer=-58454 driveMode=171875/170571 iDrive=206290 scale=0 wheel=500000
run=1 step=4 angle=161895 target=162422 err=527 steer=264 m1=3264/173325 i1=268 t1=31 m2=-3269/-170425 i2=-129 t2=31 steerMode=1450/-428 iSteer=69371 driveMode=171875/172284 iDrive=198572 scale=0 wheel=500000
run=1 step=4 angle=162246 target=162422 err=176 steer=0 m1=3256/171875 i1=158 t1=31 m2=-3286/-171875 i2=-245 t2=31 steerMode=0/343 iSteer=-43630 driveMode=171875/171657 iDrive=201304 scale=0 wheel=500000
run=1 step=4 angle=162158 target=162422 err=264 steer=0 m1=3279/171875 i1=171 t1=31 m2=-3244/-171875 i2=-229 t2=31 steerMode=0/71 iSteer=-28657 driveMode=171875/171932 iDrive=200126 scale=0 wheel=500000
run=1 step=4 angle=162158 target=162422 err=264 steer=0 m1=3281/171875 i1=175 t1=31 m2=-3298/-171875 i2=-221 t2=31 steerMode=0/-58 iSteer=-23124 driveMode=171875/172325 iDrive=197930 scale=0 wheel=500000
run=1 step=4 angle=162070 target=162422 err=352 steer=0 m1=3300/171875 i1=146 t1=31 m2=-3265/-171875 i2=-244 t2=31 steerMode=0/466 iSteer=-48937 driveMode=171875/172585 iDrive=194855 scale=0 wheel=500000
run=1 step=4 angle=162070 target=162422 err=352 steer=0 m1=3258/171875 i1=193 t1=31 m2=-3292/-171875 i2=-195 t2=31 steerMode=0/-499 iSteer=-956 driveMode=171875/172506 iDrive=194114 scale=0 wheel=500000
run=1 step=4 angle=162070 target=162422 err=352 steer=0 m1=3279/171875 i1=137 t1=31 m2=-3259/-171875 i2=-256 t2=31 steerMode=0/666 iSteer=-59491 driveMode=171875/171906 iDrive=196307 scale=0 wheel=500000
run=1 step=4 angle=161895 target=162422 err=527 steer=264 m1=3297/173325 i1=245 t1=31 m2=-3307/-170425 i2=-135 t2=31 steerMode=1450/-147 iSteer=54950 driveMode=171875/172945 iDrive=189933 scale=0 wheel=500000
run=1 step=4 angle=162246 target=162422 err=176 steer=0 m1=3256/171875 i1=143 t1=31 m2=-3257/-171875 i2=-252 t2=31 steerMode=0/563 iSteer=-54835 driveMode=171875/171318 iDrive=197536 scale=0 wheel=500000
run=1 step=4 angle=162246 target=162422 err=176 steer=0 m1=3251/171875 i1=191 t1=31 m2=-3248/-171875 i2=-214 t2=31 steerMode=0/-290 iSteer=-11319 driveMode=171875/170757 iDrive=202471 scale=0 wheel=500000
run=1 step=4 angle=162334 target=162422 err=88 steer=0 m1=3256/171875 i1=181 t1=31 m2=-3257/-171875 i2=-221 t2=31 steerMode=0/-126 iSteer=-19942 driveMode=171875/171401 iDrive=200804 scale=0 wheel=500000
run=1 step=4 angle=162158 target=162422 err=264 steer=0 m1=3281/171875 i1=152 t1=31 m2=-3219/-171875 i2=-243 t2=31 steerMode=0/399 iSteer=-45633 driveMode=171875/172046 iDrive=197139 scale=0 wheel=500000
run=1 step=4 angle=162158 target=162422 err=264 steer=0 m1=3260/171875 i1=194 t1=31 m2=-3275/-171875 i2=-203 t2=31 steerMode=0/-420 iSteer=-4585 driveMode=171875/171867 iDrive=198113 scale=0 wheel=500000
run=1 step=4 angle=162158 target=162422 err=264 steer=0 m1=3249/171875 i1=143 t1=31 m2=-3257/-171875 i2=-267 t2=31 steerMode=0/700 iSteer=-61629 driveMode=171875/170694 iDrive=205090 scale=0 wheel=500000
run=1 step=4 angle=162070 target=162422 err=352 steer=0 m1=3258/171875 i1=204 t1=31 m2=-3273/-171875 i2=-196 t2=31 steerMode=0/-606 iSteer=4286 driveMode=171875/171993 iDrive=200083 scale=0 wheel=500000
run=1 step=4 angle=162070 target=162422 err=352 steer=0 m1=3256/171875 i1=167 t1=31 m2=-3263/-171875 i2=-233 t2=31 steerMode=0/130 iSteer=-33088 driveMode=171875/171991 iDrive=199747 scale=0 wheel=500000
run=1 step=4 angle=162070 target=162422 err=352 steer=0 m1=3289/171875 i1=175 t1=31 m2=-3252/-171875 i2=-224 t2=31 steerMode=0/-33 iSteer=-24497 driveMode=171875/172103 iDrive=199107 scale=0 wheel=500000
run=1 step=4 angle=162070 target=162422 err=352 steer=0 m1=3291/171875 i1=181 t1=31 m2=-3324/-171875 i2=-206 t2=31 steerMode=0/-277 iSteer=-12840 driveMode=171875/173049 iDrive=193492 scale=0 wheel=500000
run=1 step=4 angle=161982 target=162422 err=439 steer=0 m1=3285/171875 i1=120 t1=31 m2=-3259/-171875 i2=-264 t2=31 steerMode=0/918 iSteer=-72026 driveMode=171875/172733 iDrive=192113 scale=0 wheel=500000
run=1 step=4 angle=162070 target=162422 err=352 steer=0 m1=3270/171875 i1=192 t1=31 m2=-3248/-171875 i2=-198 t2=31 steerMode=0/-469 iSteer=-3276 driveMode=171875/172070 iDrive=194938 scale=0 wheel=500000
run=1 step=4 angle=162070 target=162422 err=352 steer=0 m1=3262/171875 i1=134 t1=31 m2=-3246/-171875 i2=-263 t2=31 steerMode=0/749 iSteer=-64756 driveMode=171875/171372 iDrive=198567 scale=0 wheel=500000
run=1 step=4 angle=161982 target=162422 err=439 steer=0 m1=3283/171875 i1=197 t1=31 m2=-3284/-171875 i2=-190 t2=31 steerMode=0/-598 iSteer=3103 driveMode=171875/172455 iDrive=193547 scale=0 wheel=500000
run=1 step=4 angle=162070 target=162422 err=352 steer=0 m1=3251/171875 i1=146 t1=31 m2=-3265/-171875 i2=-246 t2=31 steerMode=0/462 iSteer=-50132 driveMode=171875/171834 iDrive=195843 scale=0 wheel=500000
run=1 step=4 angle=162070 target=162422 err=352 steer=0 m1=3245/171875 i1=174 t1=31 m2=-3219/-171875 i2=-230 t2=31 steerMode=0/26 iSteer=-28344 driveMode=171875/170779 iDrive=201961 scale=0 wheel=500000
run=1 step=4 angle=161982 target=162422 err=439 steer=0 m1=3270/171875 i1=179 t1=31 m2=-3248/-171875 i2=-222 t2=31 steerMode=0/-112 iSteer=-21559 driveMode=171875/171363 iDrive=200871 scale=0 wheel=500000
run=1 step=4 angle=161982 target=162422 err=439 steer=0 m1=3262/171875 i1=141 t1=31 m2=-3238/-171875 i2=-257 t2=31 steerMode=0/616 iSteer=-58052 driveMode=171875/171715 iDrive=199247 scale=0 wheel=500000
run=1 step=4 angle=162158 target=162422 err=264 steer=0 m1=3262/171875 i1=183 t1=31 m2=-3234/-171875 i2=-222 t2=31 steerMode=0/-162 iSteer=-19441 driveMode=171875/171257 iDrive=202565 scale=0 wheel=500000
run=1 step=4 angle=162070 target=162422 err=352 steer=0 m1=3256/171875 i1=152 t1=31 m2=-3238/-171875 i2=-259 t2=31 steerMode=0/501 iSteer=-53500 driveMode=171875/171001 iDrive=205012 scale=0 wheel=500000
run=1 step=4 angle=162070 target=162422 err=352 steer=0 m1=3254/171875 i1=206 t1=31 m2=-3280/-171875 i2=-199 t2=31 steerMode=0/-642 iSteer=3619 driveMode=171875/171790 iDrive=202445 scale=0 wheel=500000
run=1 step=4 angle=161982 target=162422 err=439 steer=0 m1=3272/171875 i1=160 t1=31 m2=-3255/-171875 i2=-241 t2=31 steerMode=0/239 iSteer=-40803 driveMode=171875/172104 iDrive=200464 scale=0 wheel=500000
run=1 step=4 angle=161982 target=162422 err=439 steer=0 m1=3272/171875 i1=165 t1=31 m2=-3275/-171875 i2=-232 t2=31 steerMode=0/109 iSteer=-33466 driveMode=171875/172297 iDrive=198653 scale=0 wheel=500000
run=1 step=4 angle=161982 target=162422 err=439 steer=0 m1=3279/171875 i1=179 t1=31 m2=-3290/-171875 i2=-212 t2=31 steerMode=0/-239 iSteer=-16861 driveMode=171875/172792 iDrive=195423 scale=0 wheel=500000
run=1 step=4 angle=161895 target=162422 err=527 steer=264 m1=3314/173325 i1=159 t1=31 m2=-3219/-170425 i2=-229 t2=31 steerMode=1450/1614 iSteer=-34969 driveMode=171875/172655 iDrive=193627 scale=0 wheel=500000
run=1 step=4 angle=162246 target=162422 err=176 steer=0 m1=3233/171875 i1=206 t1=31 m2=-3269/-171875 i2=-197 t2=31 steerMode=0/-674 iSteer=4545 driveMode=171875/171153 iDrive=201765 scale=0 wheel=500000
run=1 step=4 angle=162070 target=162422 err=352 steer=0 m1=3262/171875 i1=150 t1=31 m2=-3250/-171875 i2=-253 t2=31 steerMode=0/457 iSteer=-51472 driveMode=171875/171319 iDrive=201852 scale=0 wheel=500000
run=1 step=4 angle=162070 target=162422 err=352 steer=0 m1=3289/171875 i1=190 t1=31 m2=-3298/-171875 i2=-202 t2=31 steerMode=0/-454 iSteer=-5765 driveMode=171875/172527 iDrive=195953 scale=0 wheel=500000
run=1 step=4 angle=162070 target=162422 err=352 steer=0 m1=3256/171875 i1=166 t1=31 m2=-3269/-171875 i2=-227 t2=31 steerMode=0/36 iSteer=-30456 driveMode=171875/172234 iDrive=196078 scale=0 wheel=500000
run=1 step=4 angle=161982 target=162422 err=439 steer=0 m1=3266/171875 i1=136 t1=31 m2=-3242/-171875 i2=-266 t2=31 steerMode=0/733 iSteer=-65332 driveMode=171875/171273 iDrive=200931 scale=0 wheel=500000
run=1 step=4 angle=162070 target=162422 err=352 steer=0 m1=3247/171875 i1=194 t1=31 m2=-3288/-171875 i2=-207 t2=31 steerMode=0/-455 iSteer=-6341 driveMode=171875/171578 iDrive=200811 scale=0 wheel=500000
run=1 step=4 angle=162070 target=162422 err=352 steer=0 m1=3272/171875 i1=145 t1=31 m2=-3240/-171875 i2=-252 t2=31 steerMode=0/498 iSteer=-53438 driveMode=171875/171933 iDrive=198513 scale=0 wheel=500000
run=1 step=4 angle=162158 target=162422 err=264 steer=0 m1=3256/171875 i1=196 t1=31 m2=-3267/-171875 i2=-208 t2=31 steerMode=0/-463 iSteer=-5859 driveMode=171875/171400 iDrive=201918 scale=0 wheel=500000
run=1 step=4 angle=161982 target=162422 err=439 steer=0 m1=3247/171875 i1=154 t1=31 m2=-3246/-171875 i2=-257 t2=31 steerMode=0/442 iSteer=-51238 driveMode=171875/170965 iDrive=205322 scale=0 wheel=500000
run=1 step=4 angle=161895 target=162422 err=527 steer=264 m1=3283/173325 i1=247 t1=31 m2=-3271/-170425 i2=-152 t2=31 steerMode=1450/-57 iSteer=47690 driveMode=171875/172205 iDrive=199760 scale=0 wheel=500000
run=1 step=4 angle=162070 target=162422 err=352 steer=0 m1=3231/171875 i1=185 t1=31 m2=-3294/-171875 i2=-221 t2=31 steerMode=0/-229 iSteer=-18279 driveMode=171875/171569 iDrive=203151 scale=0 wheel=500000
run=1 step=4 angle=162070 target=162422 err=352 steer=0 m1=3260/171875 i1=181 t1=31 m2=-3223/-171875 i2=-235 t2=30 steerMode=0/-20 iSteer=-27003 driveMode=171875/170724 iDrive=208406 scale=0 wheel=500000
run=1 step=4 angle=162334 target=162422 err=88 steer=0 m1=3231/171875 i1=193 t1=31 m2=-3208/-171875 i2=-239 t2=30 steerMode=0/-116 iSteer=-23021 driveMode=171875/169852 iDrive=216203 scale=0 wheel=500000
run=1 step=4 angle=162158 target=162422 err=264 steer=0 m1=3220/171875 i1=187 t1=31 m2=-3206/-171875 i2=-254 t2=30 steerMode=0/97 iSteer=-33234 driveMode=171875/169674 iDrive=220536 scale=0 wheel=500000
run=1 step=4 angle=162158 target=162422 err=264 steer=0 m1=3191/171875 i1=206 t1=31 m2=-3211/-171875 i2=-259 t2=30 steerMode=0/-50 iSteer=-26537 driveMode=171875/168459 iDrive=232260 scale=0 wheel=500000
run=1 step=4 angle=162070 target=162422 err=352 steer=0 m1=3207/171875 i1=210 t1=31 m2=-3213/-171875 i2=-268 t2=30 steerMode=0/7 iSteer=-29246 driveMode=171875/168430 iDrive=238980 scale=0 wheel=500000
run=1 step=4 angle=161982 target=162422 err=439 steer=0 m1=3218/171875 i1=232 t1=31 m2=-3206/-171875 i2=-254 t2=30 steerMode=0/-348 iSteer=-11009 driveMode=171875/168934 iDrive=242793 scale=0 wheel=500000
run=1 step=4 angle=161982 target=162422 err=439 steer=0 m1=3172/171875 i1=228 t1=31 m2=-3173/-171875 i2=-281 t2=30 steerMode=0/-31 iSteer=-26885 driveMode=171875/167888 iDrive=254392 scale=0 wheel=500000
run=1 step=4 angle=162070 target=162422 err=352 steer=0 m1=3195/171875 i1=202 t1=31 m2=-3171/-171875 i2=-330 t2=30 steerMode=0/742 iSteer=-64091 driveMode=171875/167223 iDrive=265764 scale=0 wheel=500000
run=1 step=4 angle=162334 target=162422 err=88 steer=0 m1=3153/171875 i1=256 t1=31 m2=-3194/-171875 i2=-299 t2=30 steerMode=0/-149 iSteer=-21301 driveMode=171875/166789 iDrive=277614 scale=0 wheel=500000
run=1 step=4 angle=162158 target=162422 err=264 steer=0 m1=3235/171875 i1=212 t1=31 m2=-3185/-171875 i2=-336 t2=30 steerMode=0/706 iSteer=-62149 driveMode=171875/168924 iDrive=274217 scale=0 wheel=500000
run=1 step=4 angle=162246 target=162422 err=176 steer=0 m1=3226/171875 i1=261 t1=31 m2=-3217/-171875 i2=-295 t2=30 steerMode=0/-219 iSteer=-16864 driveMode=171875/169324 iDrive=277847 scale=0 wheel=500000
run=1 step=4 angle=162158 target=162422 err=264 steer=0 m1=3260/171875 i1=225 t1=31 m2=-3215/-171875 i2=-331 t2=30 steerMode=0/513 iSteer=-53428 driveMode=171875/170061 iDrive=277966 scale=0 wheel=500000
run=1 step=4 angle=162158 target=162422 err=264 steer=0 m1=3270/171875 i1=273 t1=31 m2=-3309/-171875 i2=-262 t2=30 steerMode=0/-662 iSteer=5688 driveMode=171875/172345 iDrive=267712 scale=0 wheel=500000
run=1 step=4 angle=162422 target=162422 err=0 steer=0 m1=3266/171875 i1=227 t1=31 m2=-3257/-171875 i2=-315 t2=30 steerMode=0/322 iSteer=-44159 driveMode=171875/171537 iDrive=270972 scale=0 wheel=500000
run=1 step=4 angle=162070 target=162422 err=352 steer=0 m1=3300/171875 i1=243 t1=31 m2=-3324/-171875 i2=-281 t2=30 steerMode=0/-179 iSteer=-18854 driveMode=171875/173319 iDrive=262039 scale=0 wheel=500000
run=1 step=4 angle=162070 target=162422 err=352 steer=0 m1=3364/171875 i1=201 t1=31 m2=-3342/-171875 i2=-280 t2=30 steerMode=0/213 iSteer=-39573 driveMode=171875/176376 iDrive=240898 scale=0 wheel=500000
run=1 step=4 angle=161895 target=162422 err=527 steer=264 m1=3459/173325 i1=212 t1=31 m2=-3380/-170425 i2=-212 t2=30 steerMode=1450/933 iSteer=-218 driveMode=171875/179769 iDrive=211949 scale=0 wheel=500000
run=1 step=4 angle=162334 target=162422 err=88 steer=0 m1=3406/171875 i1=177 t1=31 m2=-3420/-171875 i2=-217 t2=30 steerMode=0/-151 iSteer=-20249 driveMode=171875/179837 iDrive=197010 scale=0 wheel=500000
run=1 step=4 angle=162334 target=162422 err=88 steer=0 m1=3400/171875 i1=157 t1=31 m2=-3414/-171875 i2=-217 t2=30 steerMode=0/50 iSteer=-29913 driveMode=171875/179021 iDrive=187120 scale=0 wheel=500000
run=1 step=4 angle=162246 target=162422 err=176 steer=0 m1=3408/171875 i1=161 t1=31 m2=-3418/-171875 i2=-183 t2=30 steerMode=0/-316 iSteer=-11155 driveMode=171875/179346 iDrive=171701 scale=0 wheel=500000
run=1 step=4 angle=162422 target=162422 err=0 steer=0 m1=3325/171875 i1=159 t1=31 m2=-3349/-171875 i2=-197 t2=30 steerMode=0/-170 iSteer=-19442 driveMode=171875/175932 iDrive=178008 scale=0 wheel=500000
run=1 step=4 angle=162246 target=162422 err=176 steer=0 m1=3266/171875 i1=150 t1=31 m2=-3227/-171875 i2=-239 t2=30 steerMode=0/342 iSteer=-44657 driveMode=171875/171871 iDrive=194803 scale=0 wheel=500000
run=1 step=4 angle=162510 target=162422 err=-88 steer=0 m1=3136/171875 i1=189 t1=31 m2=-3192/-171875 i2=-256 t2=30 steerMode=0/94 iSteer=-33105 driveMode=171875/167232 iDrive=222415 scale=0 wheel=500000
run=1 step=4 angle=162158 target=162422 err=264 steer=0 m1=3097/171875 i1=203 t1=31 m2=-3070/-171875 i2=-307 t2=30 steerMode=0/473 iSteer=-51619 driveMode=171875/163110 iDrive=255049 scale=0 wheel=500000
run=1 step=4 angle=162334 target=162422 err=88 steer=0 m1=3013/171875 i1=279 t1=31 m2=-2947/-171875 i2=-321 t2=30 steerMode=0/-136 iSteer=-21035 driveMode=171875/158340 iDrive=299836 scale=0 wheel=500000
run=1 step=4 angle=162422 target=162422 err=0 steer=0 m1=2887/171875 i1=311 t1=31 m2=-2882/-171875 i2=-407 t2=30 steerMode=0/383 iSteer=-47887 driveMode=171875/152580 iDrive=359041 scale=0 wheel=500000
run=1 step=4 angle=162246 target=162422 err=176 steer=0 m1=2816/171875 i1=409 t1=31 m2=-2903/-171875 i2=-411 t2=30 steerMode=0/-559 iSteer=-748 driveMode=171875/150144 iDrive=410159 scale=0 wheel=500000
run=1 step=4 angle=162070 target=162422 err=352 steer=0 m1=2837/171875 i1=374 t1=31 m2=-2790/-171875 i2=-552 t2=30 steerMode=0/1203 iSteer=-88774 driveMode=171875/148019 iDrive=462740 scale=0 wheel=500000
run=1 step=4 angle=162158 target=162422 err=264 steer=0 m1=2804/171875 i1=504 t1=31 m2=-2821/-171875 i2=-513 t2=30 steerMode=0/-482 iSteer=-4258 driveMode=171875/147863 iDrive=508560 scale=0 wheel=500000
run=1 step=4 angle=162246 target=162422 err=176 steer=0 m1=2877/171875 i1=498 t1=31 m2=-2867/-171875 i2=-569 t2=30 steerMode=0/130 iSteer=-35509 driveMode=171875/151351 iDrive=533039 scale=0 wheel=500000
STEP_OK: step=4 target=500 cmd=500000 measured=456589 angleErr=264
STOP: staircase complete
