2026-07-07T16:20:22.557+00:00 WEBUI log opened: /home/tirobot/Differential-Swerve-Drive/firmware/logs/webui-2026-07-07T16-20-22Z.log
2026-07-07T16:20:22.562+00:00 VCP dle angle=203555 amtOk=1
2026-07-07T16:20:22.562+00:00 VCP idle angle=203555 amtOk=1
2026-07-07T16:20:22.562+00:00 VCP idle angle=203555 amtOk=1
2026-07-07T16:20:22.562+00:00 VCP idle angle=203555 amtOk=1
2026-07-07T16:20:22.562+00:00 VCP idle angle=203555 amtOk=1
2026-07-07T16:20:22.562+00:00 VCP idle angle=203555 amtOk=1
2026-07-07T16:20:22.562+00:00 VCP idle angle=203555 amtOk=1
2026-07-07T16:20:22.562+00:00 VCP idle angle=203555 amtOk=1
2026-07-07T16:20:22.562+00:00 VCP idle angle=203555 amtOk=1
2026-07-07T16:20:22.562+00:00 VCP idle angle=203555 amtOk=1
2026-07-07T16:20:22.562+00:00 VCP idle angle=203555 amtOk=1
2026-07-07T16:20:22.562+00:00 VCP idle angle=203555 amtOk=1
2026-07-07T16:20:22.562+00:00 VCP idle angle=203555 amtOk=1
2026-07-07T16:20:22.562+00:00 VCP idle angle=203555 amtOk=1
2026-07-07T16:20:22.562+00:00 VCP idle angle=203555 amtOk=1
2026-07-07T16:20:22.562+00:00 VCP idle angle=203555 amtOk=1
2026-07-07T16:20:22.562+00:00 VCP idle angle=203555 amtOk=1
2026-07-07T16:20:22.562+00:00 VCP idle angle=203555 amtOk=1
2026-07-07T16:20:22.562+00:00 VCP idle angle=203555 amtOk=1
2026-07-07T16:20:22.573+00:00 WEBUI listening on :8080 can_iface=can0 vcp_port=/dev/ttyACM0
2026-07-07T16:20:22.762+00:00 VCP idle angle=203555 amtOk=1
2026-07-07T16:20:22.762+00:00 VCP SET_TARGET_RX steer=0 wheel=0
2026-07-07T16:20:22.963+00:00 VCP idle angle=203555 amtOk=1
2026-07-07T16:20:23.163+00:00 VCP SET_TARGET_RX steer=0 wheel=0
2026-07-07T16:20:23.564+00:00 VCP idle angle=203555 amtOk=1
2026-07-07T16:20:23.564+00:00 VCP SET_TARGET_RX steer=0 wheel=0
2026-07-07T16:20:23.964+00:00 VCP idle angle=203555 amtOk=1
2026-07-07T16:20:24.164+00:00 VCP SET_TARGET_RX steer=0 wheel=0
2026-07-07T16:20:24.565+00:00 VCP idle angle=203555 amtOk=1
2026-07-07T16:20:24.565+00:00 VCP SET_TARGET_RX steer=0 wheel=0
2026-07-07T16:20:24.965+00:00 VCP idle angle=203555 amtOk=1
2026-07-07T16:20:25.166+00:00 VCP SET_TARGET_RX steer=0 wheel=0
2026-07-07T16:20:25.566+00:00 VCP idle angle=203555 amtOk=1
2026-07-07T16:20:25.566+00:00 VCP SET_TARGET_RX steer=0 wheel=0
2026-07-07T16:20:25.967+00:00 VCP idle angle=203555 amtOk=1
2026-07-07T16:20:26.167+00:00 VCP SET_TARGET_RX steer=0 wheel=0
2026-07-07T16:20:26.567+00:00 VCP idle angle=203555 amtOk=1
2026-07-07T16:20:26.567+00:00 VCP SET_TARGET_RX steer=0 wheel=0
2026-07-07T16:20:26.968+00:00 VCP idle angle=203555 amtOk=1
2026-07-07T16:20:27.168+00:00 VCP SET_TARGET_RX steer=0 wheel=0
2026-07-07T16:20:27.569+00:00 VCP idle angle=203555 amtOk=1
2026-07-07T16:20:27.569+00:00 VCP SET_TARGET_RX steer=0 wheel=0
2026-07-07T16:20:27.969+00:00 VCP idle angle=203555 amtOk=1
2026-07-07T16:20:28.170+00:00 VCP SET_TARGET_RX steer=0 wheel=0
2026-07-07T16:20:28.570+00:00 VCP idle angle=203555 amtOk=1
2026-07-07T16:20:28.570+00:00 VCP SET_TARGET_RX steer=0 wheel=0
2026-07-07T16:20:28.971+00:00 VCP idle angle=203555 amtOk=1
2026-07-07T16:20:29.171+00:00 VCP SET_TARGET_RX steer=0 wheel=0
2026-07-07T16:20:29.572+00:00 VCP idle angle=203555 amtOk=1
2026-07-07T16:20:29.772+00:00 VCP SET_TARGET_RX steer=0 wheel=0
2026-07-07T16:20:29.972+00:00 VCP idle angle=203555 amtOk=1
2026-07-07T16:20:30.173+00:00 VCP SET_TARGET_RX steer=0 wheel=0
2026-07-07T16:20:30.573+00:00 VCP idle angle=203555 amtOk=1
2026-07-07T16:20:30.774+00:00 VCP SET_TARGET_RX steer=0 wheel=0
2026-07-07T16:20:30.974+00:00 VCP idle angle=203555 amtOk=1
2026-07-07T16:20:31.174+00:00 VCP SET_TARGET_RX steer=0 wheel=0
2026-07-07T16:20:31.575+00:00 VCP idle angle=203555 amtOk=1
2026-07-07T16:20:31.775+00:00 VCP SET_TARGET_RX steer=0 wheel=0
2026-07-07T16:20:31.975+00:00 VCP idle angle=203555 amtOk=1
2026-07-07T16:20:32.176+00:00 VCP SET_TARGET_RX steer=0 wheel=0
2026-07-07T16:20:32.576+00:00 VCP idle angle=203555 amtOk=1
2026-07-07T16:20:32.776+00:00 VCP SET_TARGET_RX steer=0 wheel=0
2026-07-07T16:20:32.977+00:00 VCP idle angle=203555 amtOk=1
2026-07-07T16:20:33.177+00:00 VCP SET_TARGET_RX steer=0 wheel=0
2026-07-07T16:20:33.577+00:00 VCP idle angle=203555 amtOk=1
2026-07-07T16:20:33.778+00:00 VCP SET_TARGET_RX steer=0 wheel=0
2026-07-07T16:20:33.978+00:00 VCP idle angle=203555 amtOk=1
2026-07-07T16:20:34.178+00:00 VCP SET_TARGET_RX steer=0 wheel=0
2026-07-07T16:20:34.578+00:00 VCP idle angle=203555 amtOk=1
2026-07-07T16:20:34.779+00:00 VCP SET_TARGET_RX steer=0 wheel=0
2026-07-07T16:20:34.979+00:00 VCP idle angle=203555 amtOk=1
2026-07-07T16:20:35.179+00:00 VCP SET_TARGET_RX steer=0 wheel=0
2026-07-07T16:20:35.580+00:00 VCP idle angle=203555 amtOk=1
2026-07-07T16:20:35.780+00:00 VCP SET_TARGET_RX steer=0 wheel=0
2026-07-07T16:20:35.980+00:00 VCP idle angle=203555 amtOk=1
2026-07-07T16:20:36.046+00:00 WEBUI enable sent (seeded steer target=203.555deg)
2026-07-07T16:20:36.080+00:00 VCP UNIT_CTRL enable=1
2026-07-07T16:20:36.080+00:00 VCP START_CAN: angle=203555 target=203555 wheelTarget=0
2026-07-07T16:20:36.080+00:00 VCP run=1 step=0 angle=203555 target=203555 err=0 steer=0 m1=0/0 i1=0 t1=36 m2=0/0 i2=0 t2=35 steerMode=0/0 iSteer=0 driveMode=0/0 iDrive=0 scale=0 wheel=0 ffS=0
2026-07-07T16:20:36.262+00:00 VCP SET_TARGET_RX steer=203555 wheel=0
2026-07-07T16:20:36.262+00:00 VCP run=1 step=0 angle=203555 target=203555 err=0 steer=0 m1=0/0 i1=0 t1=36 m2=0/0 i2=0 t2=35 steerMode=0/0 iSteer=0 driveMode=0/0 iDrive=0 scale=0 wheel=0 ffS=0
2026-07-07T16:20:36.457+00:00 VCP run=1 step=0 angle=203555 target=203555 err=0 steer=0 m1=0/0 i1=0 t1=36 m2=0/0 i2=0 t2=35 steerMode=0/0 iSteer=0 driveMode=0/0 iDrive=0 scale=0 wheel=0 ffS=0
2026-07-07T16:20:36.457+00:00 VCP run=1 step=0 angle=203555 target=203555 err=0 steer=0 m1=0/0 i1=0 t1=36 m2=0/0 i2=0 t2=35 steerMode=0/0 iSteer=0 driveMode=0/0 iDrive=0 scale=0 wheel=0 ffS=0
2026-07-07T16:20:36.565+00:00 VCP run=1 step=0 angle=203555 target=203555 err=0 steer=0 m1=0/0 i1=0 t1=36 m2=0/0 i2=0 t2=35 steerMode=0/0 iSteer=0 driveMode=0/0 iDrive=0 scale=0 wheel=0 ffS=0
2026-07-07T16:20:36.757+00:00 VCP run=1 step=0 angle=203555 target=203555 err=0 steer=0 m1=0/0 i1=0 t1=36 m2=0/0 i2=0 t2=35 steerMode=0/0 iSteer=0 driveMode=0/0 iDrive=0 scale=0 wheel=0 ffS=0
2026-07-07T16:20:36.757+00:00 VCP SET_TARGET_RX steer=203555 wheel=0
2026-07-07T16:20:36.757+00:00 VCP run=1 step=0 angle=203555 target=203555 err=0 steer=0 m1=0/0 i1=0 t1=36 m2=0/0 i2=0 t2=35 steerMode=0/0 iSteer=0 driveMode=0/0 iDrive=0 scale=0 wheel=0 ffS=0
2026-07-07T16:20:36.865+00:00 VCP run=1 step=0 angle=203555 target=203555 err=0 steer=0 m1=0/0 i1=0 t1=36 m2=0/0 i2=0 t2=35 steerMode=0/0 iSteer=0 driveMode=0/0 iDrive=0 scale=0 wheel=0 ffS=0
2026-07-07T16:20:37.060+00:00 VCP run=1 step=0 angle=203555 target=203555 err=0 steer=0 m1=0/0 i1=0 t1=36 m2=0/0 i2=0 t2=35 steerMode=0/0 iSteer=0 driveMode=0/0 iDrive=0 scale=0 wheel=0 ffS=0
2026-07-07T16:20:37.060+00:00 VCP run=1 step=0 angle=203555 target=203555 err=0 steer=0 m1=0/0 i1=0 t1=36 m2=0/0 i2=0 t2=35 steerMode=0/0 iSteer=0 driveMode=0/0 iDrive=0 scale=0 wheel=0 ffS=0
2026-07-07T16:20:37.165+00:00 VCP run=1 step=0 angle=203555 target=203555 err=0 steer=0 m1=0/0 i1=0 t1=36 m2=0/0 i2=0 t2=35 steerMode=0/0 iSteer=0 driveMode=0/0 iDrive=0 scale=0 wheel=0 ffS=0
2026-07-07T16:20:37.165+00:00 VCP SET_TARGET_RX steer=203555 wheel=0
2026-07-07T16:20:37.360+00:00 VCP run=1 step=0 angle=203555 target=203555 err=0 steer=0 m1=0/0 i1=0 t1=36 m2=0/0 i2=0 t2=35 steerMode=0/0 iSteer=0 driveMode=0/0 iDrive=0 scale=0 wheel=0 ffS=0
2026-07-07T16:20:37.360+00:00 VCP run=1 step=0 angle=203555 target=203555 err=0 steer=0 m1=0/0 i1=0 t1=36 m2=0/0 i2=0 t2=35 steerMode=0/0 iSteer=0 driveMode=0/0 iDrive=0 scale=0 wheel=0 ffS=0
2026-07-07T16:20:37.468+00:00 VCP run=1 step=0 angle=203555 target=203555 err=0 steer=0 m1=0/0 i1=0 t1=36 m2=0/0 i2=0 t2=35 steerMode=0/0 iSteer=0 driveMode=0/0 iDrive=0 scale=0 wheel=0 ffS=0
2026-07-07T16:20:37.660+00:00 VCP run=1 step=0 angle=203555 target=203555 err=0 steer=0 m1=0/0 i1=0 t1=36 m2=0/0 i2=0 t2=35 steerMode=0/0 iSteer=0 driveMode=0/0 iDrive=0 scale=0 wheel=0 ffS=0
2026-07-07T16:20:37.660+00:00 VCP run=1 step=0 angle=203555 target=203555 err=0 steer=0 m1=0/0 i1=0 t1=36 m2=0/0 i2=0 t2=35 steerMode=0/0 iSteer=0 driveMode=0/0 iDrive=0 scale=0 wheel=0 ffS=0
2026-07-07T16:20:37.660+00:00 VCP SET_TARGET_RX steer=203555 wheel=0
2026-07-07T16:20:37.768+00:00 VCP run=1 step=0 angle=203555 target=203555 err=0 steer=0 m1=0/0 i1=0 t1=36 m2=0/0 i2=0 t2=35 steerMode=0/0 iSteer=0 driveMode=0/0 iDrive=0 scale=0 wheel=0 ffS=0
2026-07-07T16:20:37.963+00:00 VCP run=1 step=0 angle=203555 target=203555 err=0 steer=0 m1=0/0 i1=0 t1=36 m2=0/0 i2=0 t2=35 steerMode=0/0 iSteer=0 driveMode=0/0 iDrive=0 scale=0 wheel=0 ffS=0
2026-07-07T16:20:37.963+00:00 VCP run=1 step=0 angle=203555 target=203555 err=0 steer=0 m1=0/0 i1=0 t1=36 m2=0/0 i2=0 t2=35 steerMode=0/0 iSteer=0 driveMode=0/0 iDrive=0 scale=0 wheel=0 ffS=0
2026-07-07T16:20:38.120+00:00 VCP run=1 step=0 angle=203555 target=203555 err=0 steer=0 m1=0/0 i1=0 t1=36 m2=0/0 i2=0 t2=35 steerMode=0/0 iSteer=0 driveMode=0/0 iDrive=0 scale=0 wheel=0 ffS=0
2026-07-07T16:20:38.120+00:00 VCP run=1 step=0 angle=203555 target=203555 err=0 steer=0 m1=0/0 i1=0 t1=36 m2=0/0 i2=0 t2=35 steerMode=0/0 iSteer=0 driveMode=0/0 iDrive=0 scale=0 wheel=0 ffS=0
2026-07-07T16:20:38.263+00:00 VCP SET_TARGET_RX steer=203555 wheel=0
2026-07-07T16:20:38.263+00:00 VCP run=1 step=0 angle=203555 target=203555 err=0 steer=0 m1=0/0 i1=0 t1=36 m2=0/0 i2=0 t2=35 steerMode=0/0 iSteer=0 driveMode=0/0 iDrive=0 scale=0 wheel=0 ffS=0
2026-07-07T16:20:38.457+00:00 VCP run=1 step=0 angle=203555 target=203555 err=0 steer=0 m1=0/0 i1=0 t1=36 m2=0/0 i2=0 t2=35 steerMode=0/0 iSteer=0 driveMode=0/0 iDrive=0 scale=0 wheel=0 ffS=0
2026-07-07T16:20:38.457+00:00 VCP run=1 step=0 angle=203555 target=203555 err=0 steer=0 m1=0/0 i1=0 t1=36 m2=0/0 i2=0 t2=35 steerMode=0/0 iSteer=0 driveMode=0/0 iDrive=0 scale=0 wheel=0 ffS=0
2026-07-07T16:20:38.566+00:00 VCP run=1 step=0 angle=203555 target=203555 err=0 steer=0 m1=0/0 i1=0 t1=36 m2=0/0 i2=0 t2=35 steerMode=0/0 iSteer=0 driveMode=0/0 iDrive=0 scale=0 wheel=0 ffS=0
2026-07-07T16:20:38.757+00:00 VCP run=1 step=0 angle=203555 target=203555 err=0 steer=0 m1=0/0 i1=0 t1=36 m2=0/0 i2=0 t2=35 steerMode=0/0 iSteer=0 driveMode=0/0 iDrive=0 scale=0 wheel=0 ffS=0
2026-07-07T16:20:38.758+00:00 VCP SET_TARGET_RX steer=203555 wheel=0
2026-07-07T16:20:38.758+00:00 VCP run=1 step=0 angle=203555 target=203555 err=0 steer=0 m1=0/0 i1=0 t1=36 m2=0/0 i2=0 t2=35 steerMode=0/0 iSteer=0 driveMode=0/0 iDrive=0 scale=0 wheel=0 ffS=0
2026-07-07T16:20:38.866+00:00 VCP run=1 step=0 angle=203555 target=203555 err=0 steer=0 m1=0/0 i1=0 t1=36 m2=0/0 i2=0 t2=35 steerMode=0/0 iSteer=0 driveMode=0/0 iDrive=0 scale=0 wheel=0 ffS=0
2026-07-07T16:20:39.060+00:00 VCP run=1 step=0 angle=203555 target=203555 err=0 steer=0 m1=0/0 i1=0 t1=36 m2=0/0 i2=0 t2=35 steerMode=0/0 iSteer=0 driveMode=0/0 iDrive=0 scale=0 wheel=0 ffS=0
2026-07-07T16:20:39.061+00:00 VCP run=1 step=0 angle=203555 target=203555 err=0 steer=0 m1=0/0 i1=0 t1=36 m2=0/0 i2=0 t2=35 steerMode=0/0 iSteer=0 driveMode=0/0 iDrive=0 scale=0 wheel=0 ffS=0
2026-07-07T16:20:39.166+00:00 VCP run=1 step=0 angle=203555 target=203555 err=0 steer=0 m1=0/0 i1=0 t1=36 m2=0/0 i2=0 t2=35 steerMode=0/0 iSteer=0 driveMode=0/0 iDrive=0 scale=0 wheel=0 ffS=0
2026-07-07T16:20:39.166+00:00 VCP SET_TARGET_RX steer=203555 wheel=0
2026-07-07T16:20:39.360+00:00 VCP run=1 step=0 angle=203555 target=203555 err=0 steer=0 m1=0/0 i1=0 t1=36 m2=0/0 i2=0 t2=35 steerMode=0/0 iSteer=0 driveMode=0/0 iDrive=0 scale=0 wheel=0 ffS=0
2026-07-07T16:20:39.360+00:00 VCP run=1 step=0 angle=203555 target=203555 err=0 steer=0 m1=0/0 i1=0 t1=36 m2=0/0 i2=0 t2=35 steerMode=0/0 iSteer=0 driveMode=0/0 iDrive=0 scale=0 wheel=0 ffS=0
2026-07-07T16:20:39.469+00:00 VCP run=1 step=0 angle=203555 target=203555 err=0 steer=0 m1=0/0 i1=0 t1=36 m2=0/0 i2=0 t2=35 steerMode=0/0 iSteer=0 driveMode=0/0 iDrive=0 scale=0 wheel=0 ffS=0
2026-07-07T16:20:39.540+00:00 WEBUI enable sent (seeded steer target=203.555deg)
2026-07-07T16:20:39.659+00:00 VCP run=1 step=0 angle=203555 target=203555 err=0 steer=0 m1=0/0 i1=0 t1=36 m2=0/0 i2=0 t2=35 steerMode=0/0 iSteer=0 driveMode=0/0 iDrive=0 scale=0 wheel=0 ffS=0
2026-07-07T16:20:39.659+00:00 VCP UNIT_CTRL enable=1
2026-07-07T16:20:39.659+00:00 VCP run=1 step=0 angle=203555 target=203555 err=0 steer=0 m1=0/0 i1=0 t1=36 m2=0/0 i2=0 t2=35 steerMode=0/0 iSteer=0 driveMode=0/0 iDrive=0 scale=0 wheel=0 ffS=0
2026-07-07T16:20:39.659+00:00 VCP SET_TARGET_RX steer=203555 wheel=0
2026-07-07T16:20:39.767+00:00 VCP run=1 step=0 angle=203555 target=203555 err=0 steer=0 m1=0/0 i1=0 t1=36 m2=0/0 i2=0 t2=35 steerMode=0/0 iSteer=0 driveMode=0/0 iDrive=0 scale=0 wheel=0 ffS=0
2026-07-07T16:20:39.962+00:00 VCP run=1 step=0 angle=203555 target=203555 err=0 steer=0 m1=0/0 i1=0 t1=36 m2=0/0 i2=0 t2=35 steerMode=0/0 iSteer=0 driveMode=0/0 iDrive=0 scale=0 wheel=0 ffS=0
2026-07-07T16:20:39.962+00:00 VCP run=1 step=0 angle=203555 target=203555 err=0 steer=0 m1=0/0 i1=0 t1=36 m2=0/0 i2=0 t2=35 steerMode=0/0 iSteer=0 driveMode=0/0 iDrive=0 scale=0 wheel=0 ffS=0
2026-07-07T16:20:40.119+00:00 VCP run=1 step=0 angle=203555 target=203555 err=0 steer=0 m1=0/0 i1=0 t1=36 m2=0/0 i2=0 t2=35 steerMode=0/0 iSteer=0 driveMode=0/0 iDrive=0 scale=0 wheel=0 ffS=0
2026-07-07T16:20:40.119+00:00 VCP run=1 step=0 angle=203555 target=203555 err=0 steer=0 m1=0/0 i1=0 t1=36 m2=0/0 i2=0 t2=35 steerMode=0/0 iSteer=0 driveMode=0/0 iDrive=0 scale=0 wheel=0 ffS=0
2026-07-07T16:20:40.262+00:00 VCP SET_TARGET_RX steer=203555 wheel=0
2026-07-07T16:20:40.262+00:00 VCP run=1 step=0 angle=203555 target=203555 err=0 steer=0 m1=0/0 i1=0 t1=36 m2=0/0 i2=0 t2=35 steerMode=0/0 iSteer=0 driveMode=0/0 iDrive=0 scale=0 wheel=0 ffS=0
2026-07-07T16:20:40.456+00:00 VCP run=1 step=0 angle=203555 target=203555 err=0 steer=0 m1=0/0 i1=0 t1=36 m2=0/0 i2=0 t2=35 steerMode=0/0 iSteer=0 driveMode=0/0 iDrive=0 scale=0 wheel=0 ffS=0
2026-07-07T16:20:40.456+00:00 VCP run=1 step=0 angle=203555 target=203555 err=0 steer=0 m1=0/0 i1=0 t1=36 m2=0/0 i2=0 t2=35 steerMode=0/0 iSteer=0 driveMode=0/0 iDrive=0 scale=0 wheel=0 ffS=0
2026-07-07T16:20:40.565+00:00 VCP run=1 step=0 angle=203555 target=203555 err=0 steer=0 m1=0/0 i1=0 t1=36 m2=0/0 i2=0 t2=35 steerMode=0/0 iSteer=0 driveMode=0/0 iDrive=0 scale=0 wheel=0 ffS=0
2026-07-07T16:20:40.756+00:00 VCP run=1 step=0 angle=203555 target=203555 err=0 steer=0 m1=0/0 i1=0 t1=36 m2=0/0 i2=0 t2=35 steerMode=0/0 iSteer=0 driveMode=0/0 iDrive=0 scale=0 wheel=0 ffS=0
2026-07-07T16:20:40.756+00:00 VCP SET_TARGET_RX steer=203555 wheel=0
2026-07-07T16:20:40.756+00:00 VCP run=1 step=0 angle=203555 target=203555 err=0 steer=0 m1=0/0 i1=0 t1=36 m2=0/0 i2=0 t2=35 steerMode=0/0 iSteer=0 driveMode=0/0 iDrive=0 scale=0 wheel=0 ffS=0
2026-07-07T16:20:40.864+00:00 VCP run=1 step=0 angle=203555 target=203555 err=0 steer=0 m1=0/0 i1=0 t1=36 m2=0/0 i2=0 t2=35 steerMode=0/0 iSteer=0 driveMode=0/0 iDrive=0 scale=0 wheel=0 ffS=0
2026-07-07T16:20:41.059+00:00 VCP run=1 step=0 angle=203555 target=203555 err=0 steer=0 m1=0/0 i1=0 t1=36 m2=0/0 i2=0 t2=35 steerMode=0/0 iSteer=0 driveMode=0/0 iDrive=0 scale=0 wheel=0 ffS=0
2026-07-07T16:20:41.059+00:00 VCP run=1 step=0 angle=203555 target=203555 err=0 steer=0 m1=0/0 i1=0 t1=36 m2=0/0 i2=0 t2=35 steerMode=0/0 iSteer=0 driveMode=0/0 iDrive=0 scale=0 wheel=0 ffS=0
2026-07-07T16:20:41.164+00:00 VCP run=1 step=0 angle=203555 target=203555 err=0 steer=0 m1=0/0 i1=0 t1=36 m2=0/0 i2=0 t2=35 steerMode=0/0 iSteer=0 driveMode=0/0 iDrive=0 scale=0 wheel=0 ffS=0
2026-07-07T16:20:41.164+00:00 VCP SET_TARGET_RX steer=203555 wheel=0
2026-07-07T16:20:41.359+00:00 VCP run=1 step=0 angle=203555 target=203555 err=0 steer=0 m1=0/0 i1=0 t1=36 m2=0/0 i2=0 t2=35 steerMode=0/0 iSteer=0 driveMode=0/0 iDrive=0 scale=0 wheel=0 ffS=0
2026-07-07T16:20:41.359+00:00 VCP run=1 step=0 angle=203555 target=203555 err=0 steer=0 m1=0/0 i1=0 t1=36 m2=0/0 i2=0 t2=35 steerMode=0/0 iSteer=0 driveMode=0/0 iDrive=0 scale=0 wheel=0 ffS=0
2026-07-07T16:20:41.467+00:00 VCP run=1 step=0 angle=203555 target=203555 err=0 steer=0 m1=0/0 i1=0 t1=36 m2=0/0 i2=0 t2=35 steerMode=0/0 iSteer=0 driveMode=0/0 iDrive=0 scale=0 wheel=0 ffS=0
2026-07-07T16:20:41.659+00:00 VCP run=1 step=0 angle=203555 target=203555 err=0 steer=0 m1=0/0 i1=0 t1=36 m2=0/0 i2=0 t2=35 steerMode=0/0 iSteer=0 driveMode=0/0 iDrive=0 scale=0 wheel=0 ffS=0
2026-07-07T16:20:41.659+00:00 VCP run=1 step=0 angle=203555 target=203555 err=0 steer=0 m1=0/0 i1=0 t1=36 m2=0/0 i2=0 t2=35 steerMode=0/0 iSteer=0 driveMode=0/0 iDrive=0 scale=0 wheel=0 ffS=0
2026-07-07T16:20:41.659+00:00 VCP SET_TARGET_RX steer=203555 wheel=0
2026-07-07T16:20:41.767+00:00 VCP run=1 step=0 angle=203555 target=203555 err=0 steer=0 m1=0/0 i1=0 t1=36 m2=0/0 i2=0 t2=35 steerMode=0/0 iSteer=0 driveMode=0/0 iDrive=0 scale=0 wheel=0 ffS=0
2026-07-07T16:20:41.871+00:00 VCP run=1 step=0 angle=203379 target=203555 err=176 steer=0 m1=-944/-107250 i1=-2574 t1=36 m2=996/107250 i2=2580 t2=35 steerMode=0/-61 iSteer=3211 driveMode=-107250/-29476 iDrive=-2577068 scale=0 wheel=-312000 ffS=0
2026-07-07T16:20:42.056+00:00 VCP run=1 step=0 angle=203203 target=203555 err=352 steer=0 m1=-3658/-233750 i1=-2455 t1=36 m2=3641/233750 i2=2485 t2=35 steerMode=0/-328 iSteer=15364 driveMode=-233750/-164121 iDrive=-2470075 scale=0 wheel=-680000 ffS=0
2026-07-07T16:20:42.056+00:00 VCP run=1 step=0 angle=203115 target=203555 err=440 steer=0 m1=-5397/-271563 i1=-356 t1=35 m2=5401/271563 i2=340 t2=35 steerMode=0/215 iSteer=-8150 driveMode=-271563/-274972 iDrive=-348313 scale=0 wheel=-790000 ffS=0
2026-07-07T16:20:42.156+00:00 VCP run=1 step=0 angle=203203 target=203555 err=352 steer=0 m1=-5381/-271563 i1=-35 t1=35 m2=5352/271563 i2=84 t2=35 steerMode=0/-416 iSteer=24508 driveMode=-271563/-283872 iDrive=-59918 scale=0 wheel=-790000 ffS=0
2026-07-07T16:20:42.156+00:00 VCP SET_TARGET_RX steer=203555 wheel=-790000
2026-07-07T16:20:42.259+00:00 VCP run=1 step=0 angle=203379 target=203555 err=176 steer=0 m1=-5318/-271563 i1=-131 t1=35 m2=5313/271563 i2=174 t2=35 steerMode=0/-338 iSteer=21732 driveMode=-271563/-280179 iDrive=-152263 scale=0 wheel=-790000 ffS=0
2026-07-07T16:20:42.363+00:00 VCP run=1 step=0 angle=203203 target=203555 err=352 steer=0 m1=-5330/-271563 i1=-132 t1=35 m2=5317/271563 i2=157 t2=35 steerMode=0/-154 iSteer=12764 driveMode=-271563/-279917 iDrive=-144608 scale=0 wheel=-790000 ffS=0
2026-07-07T16:20:42.467+00:00 VCP run=1 step=0 angle=203467 target=203555 err=88 steer=0 m1=-5301/-271563 i1=-116 t1=35 m2=5273/271563 i2=189 t2=35 steerMode=0/-595 iSteer=36403 driveMode=-271563/-279158 iDrive=-152288 scale=0 wheel=-790000 ffS=0
2026-07-07T16:20:42.570+00:00 VCP run=1 step=0 angle=203203 target=203555 err=352 steer=0 m1=-5291/-271563 i1=-141 t1=35 m2=5306/271563 i2=158 t2=35 steerMode=0/-31 iSteer=8326 driveMode=-271563/-278810 iDrive=-149322 scale=0 wheel=-790000 ffS=0
2026-07-07T16:20:42.670+00:00 VCP run=1 step=0 angle=203467 target=203555 err=88 steer=0 m1=-5303/-271563 i1=-114 t1=35 m2=5294/271563 i2=174 t2=35 steerMode=0/-450 iSteer=30108 driveMode=-271563/-278558 iDrive=-143725 scale=0 wheel=-790000 ffS=0
2026-07-07T16:20:42.670+00:00 VCP SET_TARGET_RX steer=203555 wheel=-790000
2026-07-07T16:20:42.856+00:00 VCP run=1 step=0 angle=203379 target=203555 err=176 steer=0 m1=-5276/-271563 i1=-144 t1=35 m2=5294/271563 i2=163 t2=35 steerMode=0/-29 iSteer=9756 driveMode=-271563/-277835 iDrive=-153355 scale=0 wheel=-790000 ffS=0
2026-07-07T16:20:42.856+00:00 VCP run=1 step=0 angle=203467 target=203555 err=88 steer=0 m1=-5274/-271563 i1=-112 t1=35 m2=5262/271563 i2=183 t2=35 steerMode=0/-540 iSteer=35729 driveMode=-271563/-277640 iDrive=-147667 scale=0 wheel=-790000 ffS=0
2026-07-07T16:20:42.959+00:00 VCP run=1 step=0 angle=203379 target=203555 err=176 steer=0 m1=-5268/-271563 i1=-151 t1=35 m2=5256/271563 i2=161 t2=35 steerMode=0/96 iSteer=4646 driveMode=-271563/-277014 iDrive=-155955 scale=0 wheel=-790000 ffS=0
2026-07-07T16:20:43.063+00:00 VCP run=1 step=0 angle=203555 target=203555 err=0 steer=0 m1=-5276/-271563 i1=-120 t1=35 m2=5239/271563 i2=170 t2=35 steerMode=0/-298 iSteer=25004 driveMode=-271563/-277028 iDrive=-145432 scale=0 wheel=-790000 ffS=0
2026-07-07T16:20:43.163+00:00 VCP run=1 step=0 angle=203467 target=203555 err=88 steer=0 m1=-5247/-271563 i1=-148 t1=35 m2=5250/271563 i2=158 t2=35 steerMode=0/105 iSteer=5259 driveMode=-271563/-276456 iDrive=-153056 scale=0 wheel=-790000 ffS=0
2026-07-07T16:20:43.164+00:00 VCP SET_TARGET_RX steer=203555 wheel=-790000
2026-07-07T16:20:43.267+00:00 VCP run=1 step=0 angle=203555 target=203555 err=0 steer=0 m1=-5297/-296313 i1=-850 t1=35 m2=5288/296313 i2=903 t2=35 steerMode=0/-300 iSteer=26305 driveMode=-296313/-276944 iDrive=-876711 scale=0 wheel=-862000 ffS=0
2026-07-07T16:20:43.371+00:00 VCP run=1 step=0 angle=203643 target=203555 err=-88 steer=0 m1=-5877/-304219 i1=-227 t1=35 m2=5886/304219 i2=278 t2=35 steerMode=0/-241 iSteer=25120 driveMode=-304219/-306375 iDrive=-252605 scale=0 wheel=-885000 ffS=0
2026-07-07T16:20:43.555+00:00 VCP run=1 step=0 angle=203818 target=203555 err=-263 steer=0 m1=-5906/-304219 i1=-90 t1=35 m2=5871/304219 i2=143 t2=35 steerMode=0/-265 iSteer=26242 driveMode=-304219/-310567 iDrive=-116377 scale=0 wheel=-885000 ffS=0
2026-07-07T16:20:43.556+00:00 VCP run=1 step=0 angle=203818 target=203555 err=-263 steer=0 m1=-5870/-304219 i1=-119 t1=35 m2=5863/304219 i2=179 t2=35 steerMode=0/-318 iSteer=29768 driveMode=-304219/-309137 iDrive=-149138 scale=0 wheel=-885000 ffS=0
2026-07-07T16:20:43.656+00:00 VCP run=1 step=0 angle=203643 target=203555 err=-88 steer=0 m1=-5872/-304219 i1=-127 t1=35 m2=5850/304219 i2=167 t2=35 steerMode=0/-110 iSteer=19748 driveMode=-304219/-308919 iDrive=-147012 scale=0 wheel=-885000 ffS=0
2026-07-07T16:20:43.656+00:00 VCP SET_TARGET_RX steer=203555 wheel=-885000
2026-07-07T16:20:43.759+00:00 VCP run=1 step=0 angle=203906 target=203555 err=-351 steer=0 m1=-5862/-304219 i1=-129 t1=35 m2=5848/304219 i2=170 t2=35 steerMode=0/-98 iSteer=20137 driveMode=-304219/-308556 iDrive=-149573 scale=0 wheel=-885000 ffS=0
2026-07-07T16:20:43.862+00:00 VCP run=1 step=0 angle=203994 target=203555 err=-439 steer=0 m1=-5864/-304219 i1=-100 t1=35 m2=5840/304219 i2=180 t2=35 steerMode=0/-490 iSteer=39711 driveMode=-304219/-308610 iDrive=-139959 scale=0 wheel=-885000 ffS=0
2026-07-07T16:20:43.966+00:00 VCP run=1 step=0 angle=203643 target=203555 err=-88 steer=0 m1=-5839/-304219 i1=-127 t1=35 m2=5832/304219 i2=181 t2=35 steerMode=0/-222 iSteer=26965 driveMode=-304219/-307903 iDrive=-154112 scale=0 wheel=-885000 ffS=0
2026-07-07T16:20:44.069+00:00 VCP run=1 step=0 angle=203818 target=203555 err=-263 steer=0 m1=-5856/-304219 i1=-112 t1=35 m2=5859/304219 i2=167 t2=35 steerMode=0/-227 iSteer=27557 driveMode=-304219/-308151 iDrive=-139856 scale=0 wheel=-885000 ffS=0
2026-07-07T16:20:44.169+00:00 VCP run=1 step=0 angle=203730 target=203555 err=-175 steer=0 m1=-5837/-304219 i1=-125 t1=35 m2=5842/304219 i2=186 t2=35 steerMode=0/-270 iSteer=30271 driveMode=-304219/-307409 iDrive=-155612 scale=0 wheel=-885000 ffS=0
2026-07-07T16:20:44.169+00:00 VCP SET_TARGET_RX steer=203555 wheel=-885000
2026-07-07T16:20:44.273+00:00 VCP run=1 step=0 angle=203818 target=203555 err=-263 steer=0 m1=-5843/-304219 i1=-116 t1=35 m2=5821/304219 i2=179 t2=35 steerMode=0/-297 iSteer=31689 driveMode=-304219/-307479 iDrive=-147379 scale=0 wheel=-885000 ffS=0
2026-07-07T16:20:44.458+00:00 VCP run=1 step=0 angle=203555 target=203555 err=0 steer=0 m1=-5843/-304219 i1=-110 t1=35 m2=5811/304219 i2=196 t2=35 steerMode=0/-512 iSteer=43208 driveMode=-304219/-307103 iDrive=-153122 scale=0 wheel=-885000 ffS=0
2026-07-07T16:20:44.458+00:00 VCP run=1 step=0 angle=203643 target=203555 err=-88 steer=0 m1=-5837/-304219 i1=-122 t1=35 m2=5836/304219 i2=166 t2=35 steerMode=0/-82 iSteer=22221 driveMode=-304219/-307233 iDrive=-143769 scale=0 wheel=-885000 ffS=0
2026-07-07T16:20:44.561+00:00 VCP run=1 step=0 angle=203818 target=203555 err=-263 steer=0 m1=-5824/-304219 i1=-130 t1=35 m2=5838/304219 i2=176 t2=35 steerMode=0/-88 iSteer=23206 driveMode=-304219/-306771 iDrive=-152773 scale=0 wheel=-885000 ffS=0
2026-07-07T16:20:44.660+00:00 VCP run=1 step=0 angle=204082 target=203555 err=-527 steer=-1054 m1=-5856/-305668 i1=-166 t1=35 m2=5817/302769 i2=129 t2=35 steerMode=-1449/-709 iSteer=-18696 driveMode=-304219/-306789 iDrive=-147292 scale=0 wheel=-885000 ffS=0
2026-07-07T16:20:44.660+00:00 VCP SET_TARGET_RX steer=203555 wheel=-885000
2026-07-07T16:20:44.764+00:00 VCP run=1 step=0 angle=203555 target=203555 err=0 steer=0 m1=-5803/-304219 i1=-145 t1=35 m2=5838/304219 i2=169 t2=35 steerMode=0/149 iSteer=12177 driveMode=-304219/-306335 iDrive=-156774 scale=0 wheel=-885000 ffS=0
2026-07-07T16:20:44.868+00:00 VCP run=1 step=0 angle=203818 target=203555 err=-263 steer=0 m1=-5835/-304219 i1=-111 t1=35 m2=5798/304219 i2=183 t2=35 steerMode=0/-318 iSteer=35656 driveMode=-304219/-306517 iDrive=-147131 scale=0 wheel=-885000 ffS=0
2026-07-07T16:20:44.971+00:00 VCP run=1 step=0 angle=203643 target=203555 err=-88 steer=0 m1=-5814/-304219 i1=-126 t1=35 m2=5817/304219 i2=188 t2=35 steerMode=0/-231 iSteer=31396 driveMode=-304219/-306057 iDrive=-157000 scale=0 wheel=-885000 ffS=0
2026-07-07T16:20:45.118+00:00 VCP run=1 step=0 angle=203906 target=203555 err=-351 steer=0 m1=-5833/-304219 i1=-105 t1=35 m2=5777/304219 i2=191 t2=35 steerMode=0/-466 iSteer=43220 driveMode=-304219/-306232 iDrive=-148143 scale=0 wheel=-885000 ffS=0
2026-07-07T16:20:45.118+00:00 VCP run=1 step=0 angle=204082 target=203555 err=-527 steer=-1054 m1=-5820/-305668 i1=-206 t1=35 m2=5819/302769 i2=98 t2=35 steerMode=-1449/28 iSteer=-53581 driveMode=-304219/-305985 iDrive=-152007 scale=0 wheel=-885000 ffS=0
2026-07-07T16:20:45.255+00:00 VCP SET_TARGET_RX steer=203555 wheel=-885000
2026-07-07T16:20:45.255+00:00 VCP run=1 step=0 angle=203906 target=203555 err=-351 steer=0 m1=-5812/-304219 i1=-102 t1=35 m2=5807/304219 i2=200 t2=35 steerMode=0/-555 iSteer=48788 driveMode=-304219/-305901 iDrive=-151248 scale=0 wheel=-885000 ffS=0
2026-07-07T16:20:45.359+00:00 VCP run=1 step=0 angle=203906 target=203555 err=-351 steer=0 m1=-5808/-304219 i1=-143 t1=35 m2=5804/304219 i2=170 t2=35 steerMode=0/145 iSteer=13437 driveMode=-304219/-305657 iDrive=-156848 scale=0 wheel=-885000 ffS=0
2026-07-07T16:20:45.461+00:00 VCP run=1 step=0 angle=204082 target=203555 err=-527 steer=-1054 m1=-5847/-305668 i1=-114 t1=35 m2=5748/302769 i2=191 t2=35 steerMode=-1449/-1848 iSteer=38681 driveMode=-304219/-305812 iDrive=-152212 scale=0 wheel=-885000 ffS=0
2026-07-07T16:20:45.565+00:00 VCP run=1 step=0 angle=203555 target=203555 err=0 steer=0 m1=-5799/-304219 i1=-158 t1=35 m2=5815/304219 i2=158 t2=35 steerMode=0/407 iSteer=262 driveMode=-304219/-305615 iDrive=-158112 scale=0 wheel=-885000 ffS=0
2026-07-07T16:20:45.664+00:00 VCP run=1 step=0 angle=204082 target=203555 err=-527 steer=-1054 m1=-5835/-305668 i1=-175 t1=35 m2=5804/302769 i2=123 t2=35 steerMode=-1449/-527 iSteer=-25961 driveMode=-304219/-305926 iDrive=-148788 scale=0 wheel=-885000 ffS=0
2026-07-07T16:20:45.664+00:00 VCP SET_TARGET_RX steer=203555 wheel=-885000
2026-07-07T16:20:45.768+00:00 VCP run=1 step=0 angle=203643 target=203555 err=-88 steer=0 m1=-5799/-304219 i1=-134 t1=35 m2=5819/304219 i2=179 t2=35 steerMode=0/-12 iSteer=22378 driveMode=-304219/-305679 iDrive=-156186 scale=0 wheel=-885000 ffS=0
2026-07-07T16:20:45.871+00:00 VCP run=1 step=0 angle=204082 target=203555 err=-527 steer=-600 m1=-5803/-305044 i1=-158 t1=35 m2=5802/303394 i2=148 t2=35 steerMode=-825/-291 iSteer=-5002 driveMode=-304219/-305789 iDrive=-152885 scale=0 wheel=-885000 ffS=0
2026-07-07T16:20:46.055+00:00 VCP run=1 step=0 angle=203906 target=203555 err=-351 steer=0 m1=-5812/-304219 i1=-132 t1=35 m2=5836/304219 i2=161 t2=35 steerMode=0/141 iSteer=14717 driveMode=-304219/-306009 iDrive=-146302 scale=0 wheel=-885000 ffS=0
2026-07-07T16:20:46.055+00:00 VCP run=1 step=0 angle=203906 target=203555 err=-351 steer=0 m1=-5839/-304219 i1=-54 t1=35 m2=5773/304219 i2=256 t2=35 steerMode=0/-1595 iSteer=100656 driveMode=-304219/-305720 iDrive=-154977 scale=0 wheel=-885000 ffS=0
2026-07-07T16:20:46.155+00:00 VCP run=1 step=0 angle=203730 target=203555 err=-175 steer=0 m1=-5577/-253344 i1=1246 t1=35 m2=5555/253344 i2=-1199 t2=35 steerMode=0/-47 iSteer=23601 driveMode=-253344/-300757 iDrive=1222388 scale=0 wheel=-737000 ffS=0
2026-07-07T16:20:46.155+00:00 VCP SET_TARGET_RX steer=203555 wheel=-625000
2026-07-07T16:20:46.258+00:00 VCP run=1 step=0 angle=204346 target=203555 err=-791 steer=-1581 m1=-4169/-217018 i1=172 t1=35 m2=4137/212669 i2=-332 t2=35 steerMode=-2174/-183 iSteer=-79911 driveMode=-214844/-229918 iDrive=252235 scale=0 wheel=-625000 ffS=0
2026-07-07T16:20:46.361+00:00 VCP run=1 step=0 angle=203730 target=203555 err=-175 steer=0 m1=-3989/-214844 i1=-339 t1=35 m2=4009/214844 i2=409 t2=35 steerMode=0/-281 iSteer=34820 driveMode=-214844/-209234 iDrive=-374158 scale=0 wheel=-625000 ffS=0
2026-07-07T16:20:46.465+00:00 VCP run=1 step=0 angle=203730 target=203555 err=-175 steer=0 m1=-4127/-214844 i1=-131 t1=35 m2=4105/214844 i2=167 t2=35 steerMode=0/42 iSteer=18067 driveMode=-214844/-216804 iDrive=-148722 scale=0 wheel=-625000 ffS=0
2026-07-07T16:20:46.567+00:00 VCP run=1 step=0 angle=204170 target=203555 err=-615 steer=-1230 m1=-4146/-216535 i1=-144 t1=35 m2=4084/213153 i2=175 t2=35 steerMode=-1691/-1625 iSteer=15949 driveMode=-214844/-216338 iDrive=-159534 scale=0 wheel=-625000 ffS=0
2026-07-07T16:20:46.668+00:00 VCP run=1 step=0 angle=203555 target=203555 err=0 steer=0 m1=-4098/-214844 i1=-161 t1=35 m2=4105/214844 i2=184 t2=35 steerMode=0/189 iSteer=11788 driveMode=-214844/-215826 iDrive=-172584 scale=0 wheel=-625000 ffS=0
2026-07-07T16:20:46.668+00:00 VCP SET_TARGET_RX steer=203555 wheel=-625000
2026-07-07T16:20:46.771+00:00 VCP run=1 step=0 angle=203643 target=203555 err=-88 steer=0 m1=-4115/-214844 i1=-130 t1=35 m2=4122/214844 i2=185 t2=35 steerMode=0/-126 iSteer=27736 driveMode=-214844/-216263 iDrive=-157436 scale=0 wheel=-625000 ffS=0
2026-07-07T16:20:46.956+00:00 VCP run=1 step=0 angle=203818 target=203555 err=-263 steer=0 m1=-4112/-214844 i1=-137 t1=35 m2=4097/214844 i2=191 t2=35 steerMode=0/-108 iSteer=27321 driveMode=-214844/-216048 iDrive=-163878 scale=0 wheel=-625000 ffS=0
2026-07-07T16:20:46.956+00:00 VCP run=1 step=0 angle=203906 target=203555 err=-351 steer=0 m1=-4104/-214844 i1=-153 t1=35 m2=4107/214844 i2=184 t2=35 steerMode=0/119 iSteer=15576 driveMode=-214844/-215898 iDrive=-168382 scale=0 wheel=-625000 ffS=0
2026-07-07T16:20:47.058+00:00 VCP run=1 step=0 angle=204082 target=203555 err=-527 steer=-1054 m1=-4163/-216293 i1=-122 t1=35 m2=4070/213394 i2=185 t2=35 steerMode=-1449/-1689 iSteer=31552 driveMode=-214844/-216393 iDrive=-153527 scale=0 wheel=-625000 ffS=0
2026-07-07T16:20:47.159+00:00 VCP run=1 step=0 angle=203555 target=203555 err=0 steer=0 m1=-4083/-214844 i1=-181 t1=35 m2=4114/214844 i2=177 t2=35 steerMode=0/490 iSteer=-2374 driveMode=-214844/-215546 iDrive=-178926 scale=0 wheel=-625000 ffS=0
2026-07-07T16:20:47.159+00:00 VCP SET_TARGET_RX steer=203555 wheel=-500000
2026-07-07T16:20:47.262+00:00 VCP run=1 step=0 angle=203467 target=203555 err=88 steer=0 m1=-3368/-171875 i1=236 t1=35 m2=3396/171875 i2=-191 t2=35 steerMode=0/-14 iSteer=22359 driveMode=-171875/-185651 iDrive=213276 scale=0 wheel=-500000 ffS=0
2026-07-07T16:20:47.366+00:00 VCP run=1 step=0 angle=203643 target=203555 err=-88 steer=0 m1=-3246/-171875 i1=-209 t1=35 m2=3237/171875 i2=249 t2=35 steerMode=0/36 iSteer=19711 driveMode=-171875/-170934 iDrive=-229043 scale=0 wheel=-500000 ffS=0
2026-07-07T16:20:47.469+00:00 VCP run=1 step=0 angle=203994 target=203555 err=-439 steer=0 m1=-3328/-171875 i1=-82 t1=35 m2=3249/171875 i2=255 t2=35 steerMode=0/-1312 iSteer=86391 driveMode=-171875/-172956 iDrive=-168139 scale=0 wheel=-500000 ffS=0
2026-07-07T16:20:47.618+00:00 VCP run=1 step=0 angle=203643 target=203555 err=-88 steer=0 m1=-3269/-171875 i1=-182 t1=35 m2=3266/171875 i2=179 t2=35 steerMode=0/458 iSteer=-1600 driveMode=-171875/-172522 iDrive=-180576 scale=0 wheel=-500000 ffS=0
2026-07-07T16:20:47.618+00:00 VCP run=1 step=0 angle=203818 target=203555 err=-263 steer=0 m1=-3273/-171875 i1=-145 t1=35 m2=3277/171875 i2=193 t2=35 steerMode=0/-50 iSteer=23958 driveMode=-171875/-172899 iDrive=-169265 scale=0 wheel=-500000 ffS=0
2026-07-07T16:20:47.673+00:00 VCP SET_TARGET_RX steer=203555 wheel=-500000
2026-07-07T16:20:47.857+00:00 VCP run=1 step=0 angle=204170 target=203555 err=-615 steer=-1230 m1=-3292/-173566 i1=-209 t1=35 m2=3270/170184 i2=160 t2=35 steerMode=-1691/-776 iSteer=-24744 driveMode=-171875/-172399 iDrive=-184276 scale=0 wheel=-500000 ffS=0
2026-07-07T16:20:47.857+00:00 VCP run=1 step=0 angle=203906 target=203555 err=-351 steer=0 m1=-2763/-142656 i1=54 t1=35 m2=2810/142656 i2=-67 t2=35 steerMode=0/575 iSteer=-6488 driveMode=-142656/-151344 iDrive=60644 scale=0 wheel=-415000 ffS=0
2026-07-07T16:20:47.961+00:00 VCP run=1 step=0 angle=203818 target=203555 err=-263 steer=0 m1=-2708/-142656 i1=-193 t1=35 m2=2680/142656 i2=248 t2=35 steerMode=0/-123 iSteer=27337 driveMode=-142656/-141993 iDrive=-220343 scale=0 wheel=-415000 ffS=0
2026-07-07T16:20:48.064+00:00 VCP run=1 step=0 angle=203818 target=203555 err=-263 steer=0 m1=-2733/-142656 i1=-114 t1=35 m2=2732/142656 i2=224 t2=35 steerMode=0/-669 iSteer=54946 driveMode=-142656/-143688 iDrive=-169049 scale=0 wheel=-415000 ffS=0
2026-07-07T16:20:48.163+00:00 VCP run=1 step=0 angle=204082 target=203555 err=-527 steer=-1054 m1=-2723/-144106 i1=-223 t1=35 m2=2739/141207 i2=133 t2=35 steerMode=-1449/-118 iSteer=-45114 driveMode=-142656/-143398 iDrive=-177749 scale=0 wheel=-415000 ffS=0
2026-07-07T16:20:48.163+00:00 VCP SET_TARGET_RX steer=203555 wheel=-415000
2026-07-07T16:20:48.267+00:00 VCP run=1 step=0 angle=203906 target=203555 err=-351 steer=0 m1=-2733/-142656 i1=-159 t1=35 m2=2732/142656 i2=199 t2=35 steerMode=0/48 iSteer=19972 driveMode=-142656/-143370 iDrive=-178585 scale=0 wheel=-415000 ffS=0
2026-07-07T16:20:48.370+00:00 VCP run=1 step=0 angle=203994 target=203555 err=-439 steer=0 m1=-2710/-142656 i1=-161 t1=35 m2=2739/142656 i2=211 t2=35 steerMode=0/-62 iSteer=25042 driveMode=-142656/-143137 iDrive=-185580 scale=0 wheel=-415000 ffS=0
2026-07-07T16:20:48.554+00:00 VCP run=1 step=0 angle=204082 target=203555 err=-527 steer=-1054 m1=-2137/-109731 i1=60 t1=35 m2=2126/106832 i2=-165 t2=35 steerMode=-1449/28 iSteer=-52858 driveMode=-108281/-118698 iDrive=112510 scale=0 wheel=-315000 ffS=0
2026-07-07T16:20:48.554+00:00 VCP run=1 step=0 angle=203906 target=203555 err=-351 steer=0 m1=-2047/-108281 i1=-186 t1=35 m2=2029/108281 i2=283 t2=35 steerMode=0/-527 iSteer=48583 driveMode=-108281/-107158 iDrive=-234775 scale=0 wheel=-315000 ffS=0
2026-07-07T16:20:48.654+00:00 VCP run=1 step=0 angle=203730 target=203555 err=-175 steer=0 m1=-2074/-108281 i1=-130 t1=35 m2=2077/108281 i2=237 t2=35 steerMode=0/-621 iSteer=53434 driveMode=-108281/-108890 iDrive=-183301 scale=0 wheel=-315000 ffS=0
2026-07-07T16:20:48.654+00:00 VCP SET_TARGET_RX steer=203555 wheel=-315000
2026-07-07T16:20:48.758+00:00 VCP run=1 step=0 angle=203730 target=203555 err=-175 steer=0 m1=-2049/-108281 i1=-181 t1=35 m2=2094/108281 i2=175 t2=35 steerMode=0/496 iSteer=-3220 driveMode=-108281/-109021 iDrive=-178037 scale=0 wheel=-315000 ffS=0
2026-07-07T16:20:48.861+00:00 VCP run=1 step=0 angle=203643 target=203555 err=-88 steer=0 m1=-2083/-108281 i1=-159 t1=35 m2=2086/108281 i2=191 t2=35 steerMode=0/98 iSteer=15876 driveMode=-108281/-109104 iDrive=-175320 scale=0 wheel=-315000 ffS=0
2026-07-07T16:20:48.965+00:00 VCP run=1 step=0 angle=203906 target=203555 err=-351 steer=0 m1=-1903/-79063 i1=625 t1=35 m2=1860/79063 i2=-550 t2=35 steerMode=0/-328 iSteer=37298 driveMode=-79063/-105306 iDrive=587315 scale=0 wheel=-230000 ffS=0
2026-07-07T16:20:49.069+00:00 VCP run=1 step=0 angle=203906 target=203555 err=-351 steer=0 m1=-1463/-79063 i1=-176 t1=35 m2=1485/79063 i2=259 t2=35 steerMode=0/-396 iSteer=41478 driveMode=-79063/-78487 iDrive=-217320 scale=0 wheel=-230000 ffS=0
2026-07-07T16:20:49.169+00:00 VCP run=1 step=0 angle=203994 target=203555 err=-439 steer=0 m1=-1532/-79063 i1=-147 t1=35 m2=1502/79063 i2=227 t2=35 steerMode=0/-358 iSteer=39935 driveMode=-79063/-79546 iDrive=-186761 scale=0 wheel=-230000 ffS=0
2026-07-07T16:20:49.169+00:00 VCP SET_TARGET_RX steer=203555 wheel=-230000
2026-07-07T16:20:49.354+00:00 VCP run=1 step=0 angle=204082 target=203555 err=-527 steer=-1054 m1=-1543/-80512 i1=-209 t1=35 m2=1496/77613 i2=139 t2=35 steerMode=-1449/-314 iSteer=-34609 driveMode=-79063/-79929 iDrive=-174015 scale=0 wheel=-230000 ffS=0
2026-07-07T16:20:49.354+00:00 VCP run=1 step=0 angle=203643 target=203555 err=-88 steer=0 m1=-1499/-79063 i1=-163 t1=35 m2=1531/79063 i2=195 t2=35 steerMode=0/130 iSteer=15863 driveMode=-79063/-79767 iDrive=-178850 scale=0 wheel=-230000 ffS=0
2026-07-07T16:20:49.458+00:00 VCP run=1 step=0 angle=203643 target=203555 err=-88 steer=0 m1=-1539/-79063 i1=-146 t1=35 m2=1504/79063 i2=211 t2=35 steerMode=0/-221 iSteer=32241 driveMode=-79063/-79777 iDrive=-178557 scale=0 wheel=-230000 ffS=0
2026-07-07T16:20:49.561+00:00 VCP run=1 step=0 angle=203730 target=203555 err=-175 steer=0 m1=-1518/-79063 i1=-150 t1=35 m2=1422/79063 i2=258 t2=35 steerMode=0/-646 iSteer=54108 driveMode=-79063/-78925 iDrive=-204122 scale=0 wheel=-230000 ffS=0
2026-07-07T16:20:49.662+00:00 VCP run=1 step=0 angle=203555 target=203555 err=0 steer=0 m1=-1499/-79063 i1=-185 t1=35 m2=1531/79063 i2=198 t2=35 steerMode=0/308 iSteer=6279 driveMode=-79063/-79355 iDrive=-191518 scale=0 wheel=-230000 ffS=0
2026-07-07T16:20:49.662+00:00 VCP SET_TARGET_RX steer=203555 wheel=-230000
2026-07-07T16:20:49.766+00:00 VCP run=1 step=0 angle=203643 target=203555 err=-88 steer=0 m1=-1524/-79063 i1=-149 t1=35 m2=1519/79063 i2=193 t2=35 steerMode=0/-10 iSteer=21718 driveMode=-79063/-80033 iDrive=-170875 scale=0 wheel=-230000 ffS=0
2026-07-07T16:20:49.870+00:00 VCP run=1 step=0 angle=203643 target=203555 err=-88 steer=0 m1=-1509/-79063 i1=-147 t1=35 m2=1523/79063 i2=190 t2=35 steerMode=0/-10 iSteer=21600 driveMode=-79063/-80109 iDrive=-168619 scale=0 wheel=-230000 ffS=0
2026-07-07T16:20:50.055+00:00 VCP run=1 step=0 angle=203643 target=203555 err=-88 steer=0 m1=-1511/-79063 i1=-129 t1=35 m2=1479/79063 i2=248 t2=35 steerMode=0/-752 iSteer=59345 driveMode=-79063/-79457 iDrive=-188173 scale=0 wheel=-230000 ffS=0
2026-07-07T16:20:50.055+00:00 VCP run=1 step=0 angle=203818 target=203555 err=-263 steer=0 m1=-1511/-79063 i1=-169 t1=35 m2=1527/79063 i2=192 t2=35 steerMode=0/225 iSteer=11467 driveMode=-79063/-79724 iDrive=-180145 scale=0 wheel=-230000 ffS=0
2026-07-07T16:20:50.155+00:00 VCP run=1 step=0 angle=203906 target=203555 err=-351 steer=0 m1=-1513/-79063 i1=-156 t1=35 m2=1473/79063 i2=214 t2=35 steerMode=0/-125 iSteer=29011 driveMode=-79063/-79559 iDrive=-185099 scale=0 wheel=-230000 ffS=0
2026-07-07T16:20:50.155+00:00 VCP SET_TARGET_RX steer=203555 wheel=-230000
2026-07-07T16:20:50.259+00:00 VCP run=1 step=0 angle=203906 target=203555 err=-351 steer=0 m1=-1511/-79063 i1=-167 t1=35 m2=1548/79063 i2=178 t2=35 steerMode=0/338 iSteer=5231 driveMode=-79063/-79974 iDrive=-172642 scale=0 wheel=-230000 ffS=0
2026-07-07T16:20:50.362+00:00 VCP run=1 step=0 angle=204082 target=203555 err=-527 steer=-1054 m1=-1518/-80512 i1=-219 t1=35 m2=1485/77613 i2=136 t2=35 steerMode=-1449/-210 iSteer=-41366 driveMode=-79063/-79811 iDrive=-177545 scale=0 wheel=-230000 ffS=0
2026-07-07T16:20:50.466+00:00 VCP run=1 step=0 angle=203906 target=203555 err=-351 steer=0 m1=-1513/-79063 i1=-139 t1=35 m2=1533/79063 i2=212 t2=35 steerMode=0/-290 iSteer=36202 driveMode=-79063/-79884 iDrive=-175346 scale=0 wheel=-230000 ffS=0
2026-07-07T16:20:50.570+00:00 VCP run=1 step=0 angle=203994 target=203555 err=-439 steer=0 m1=-1522/-79063 i1=-131 t1=35 m2=1504/79063 i2=207 t2=35 steerMode=0/-324 iSteer=37912 driveMode=-79063/-80095 iDrive=-169017 scale=0 wheel=-230000 ffS=0
2026-07-07T16:20:50.670+00:00 VCP run=1 step=0 angle=203730 target=203555 err=-175 steer=0 m1=-1503/-79063 i1=-135 t1=35 m2=1533/79063 i2=224 t2=35 steerMode=0/-460 iSteer=44705 driveMode=-79063/-79753 iDrive=-179289 scale=0 wheel=-230000 ffS=0
2026-07-07T16:20:50.670+00:00 VCP SET_TARGET_RX steer=203555 wheel=-230000
2026-07-07T16:20:50.774+00:00 VCP run=1 step=0 angle=203818 target=203555 err=-263 steer=0 m1=-1511/-79063 i1=-151 t1=35 m2=1498/79063 i2=241 t2=35 steerMode=0/-448 iSteer=44932 driveMode=-79063/-79208 iDrive=-195622 scale=0 wheel=-230000 ffS=0
2026-07-07T16:20:50.774+00:00 VCP run=1 step=0 angle=203906 target=203555 err=-351 steer=0 m1=-1482/-79063 i1=-190 t1=35 m2=1481/79063 i2=193 t2=35 steerMode=0/411 iSteer=1497 driveMode=-79063/-79357 iDrive=-191179 scale=0 wheel=-230000 ffS=0
2026-07-07T16:20:50.953+00:00 VCP SET_TARGET_FF_RX steerRate=-115000 wheelAccel=0
2026-07-07T16:20:50.954+00:00 VCP run=1 step=0 angle=196260 target=192039 err=-4221 steer=-27608 m1=-2432/-117024 i1=-270 t1=35 m2=650/41101 i2=69 t2=35 steerMode=-37961/-36625 iSteer=-100761 driveMode=-79063/-80074 iDrive=-169665 scale=0 wheel=-230000 ffS=-19167
2026-07-07T16:20:51.056+00:00 VCP run=1 step=0 angle=180264 target=180547 err=283 steer=-19167 m1=-1909/-105417 i1=-171 t1=35 m2=1113/52708 i2=208 t2=35 steerMode=-26354/-26785 iSteer=18592 driveMode=-79063/-79409 iDrive=-189617 scale=0 wheel=-230000 ffS=-19167
2026-07-07T16:20:51.154+00:00 VCP run=1 step=0 angle=169277 target=169039 err=-238 steer=-19167 m1=-2076/-105417 i1=-115 t1=35 m2=970/52708 i2=231 t2=35 steerMode=-26354/-27777 iSteer=57727 driveMode=-79063/-79961 iDrive=-173037 scale=0 wheel=-230000 ffS=-19167
2026-07-07T16:20:51.155+00:00 VCP SET_TARGET_RX steer=159838 wheel=-230000
2026-07-07T16:20:51.257+00:00 VCP run=1 step=0 angle=157676 target=157560 err=-116 steer=-19167 m1=-2012/-105417 i1=-196 t1=35 m2=1054/52708 i2=155 t2=35 steerMode=-26354/-26155 iSteer=-20564 driveMode=-79063/-79872 iDrive=-175708 scale=0 wheel=-230000 ffS=-19167
2026-07-07T16:20:51.355+00:00 VCP run=1 step=0 angle=145547 target=146056 err=509 steer=-18567 m1=-2032/-104592 i1=-86 t1=35 m2=1054/53533 i2=223 t2=35 steerMode=-25529/-27131 iSteer=68245 driveMode=-79063/-80584 iDrive=-154359 scale=0 wheel=-230000 ffS=-19167
2026-07-07T16:20:51.355+00:00 VCP SET_TARGET_FF_RX steerRate=-115000 wheelAccel=0
2026-07-07T16:20:51.457+00:00 VCP run=1 step=0 angle=134297 target=134555 err=258 steer=-19167 m1=-2012/-105417 i1=-241 t1=35 m2=1048/52708 i2=99 t2=35 steerMode=-26354/-25159 iSteer=-71177 driveMode=-79063/-80072 iDrive=-169704 scale=0 wheel=-230000 ffS=-19167
2026-07-07T16:20:51.559+00:00 VCP run=1 step=0 angle=122607 target=123060 err=453 steer=-19167 m1=-2012/-105417 i1=-188 t1=35 m2=1014/52708 i2=140 t2=35 steerMode=-26354/-26101 iSteer=-23698 driveMode=-79063/-80264 iDrive=-163964 scale=0 wheel=-230000 ffS=-19167
2026-07-07T16:20:51.658+00:00 VCP run=1 step=0 angle=111006 target=111555 err=549 steer=-18567 m1=-2028/-104592 i1=-143 t1=35 m2=998/53533 i2=186 t2=35 steerMode=-25529/-26185 iSteer=21460 driveMode=-79063/-80236 iDrive=-164782 scale=0 wheel=-230000 ffS=-19167
2026-07-07T16:20:51.658+00:00 VCP SET_TARGET_RX steer=100055 wheel=-230000
2026-07-07T16:20:51.760+00:00 VCP run=1 step=0 angle=99932 target=100055 err=123 steer=-19167 m1=-2001/-105417 i1=-253 t1=35 m2=1002/52708 i2=159 t2=35 steerMode=-26354/-25677 iSteer=-46749 driveMode=-79063/-78875 iDrive=-205768 scale=0 wheel=-230000 ffS=-19167
2026-07-07T16:20:51.859+00:00 VCP run=1 step=0 angle=88594 target=88554 err=-40 steer=-19167 m1=-2039/-105417 i1=-119 t1=35 m2=1017/52708 i2=245 t2=35 steerMode=-26354/-27903 iSteer=62922 driveMode=-79063/-79666 iDrive=-181893 scale=0 wheel=-230000 ffS=-19167
2026-07-07T16:20:51.859+00:00 VCP SET_TARGET_FF_RX steerRate=-115000 wheelAccel=0
2026-07-07T16:20:51.961+00:00 VCP run=1 step=0 angle=77080 target=77059 err=-21 steer=-19167 m1=-2003/-105417 i1=-214 t1=35 m2=1014/52708 i2=144 t2=35 steerMode=-26354/-25917 iSteer=-34896 driveMode=-79063/-79763 iDrive=-179000 scale=0 wheel=-230000 ffS=-19167
2026-07-07T16:20:52.063+00:00 VCP run=1 step=0 angle=65742 target=65556 err=-186 steer=-19167 m1=-2043/-105417 i1=-134 t1=35 m2=1031/52708 i2=208 t2=35 steerMode=-26354/-27386 iSteer=37022 driveMode=-79063/-80025 iDrive=-171131 scale=0 wheel=-230000 ffS=-19167
2026-07-07T16:20:52.162+00:00 VCP run=1 step=0 angle=53965 target=54056 err=91 steer=-19167 m1=-2009/-105417 i1=-200 t1=35 m2=1017/52708 i2=176 t2=35 steerMode=-26354/-26413 iSteer=-11583 driveMode=-79063/-79463 iDrive=-187980 scale=0 wheel=-230000 ffS=-19167
2026-07-07T16:20:52.162+00:00 VCP SET_TARGET_RX steer=42551 wheel=-230000
2026-07-07T16:20:52.265+00:00 VCP run=1 step=0 angle=42627 target=42551 err=-76 steer=-19167 m1=-2007/-105417 i1=-217 t1=35 m2=1008/52708 i2=161 t2=35 steerMode=-26354/-26116 iSteer=-27726 driveMode=-79063/-79430 iDrive=-188975 scale=0 wheel=-230000 ffS=-19167
2026-07-07T16:20:52.363+00:00 VCP run=1 step=0 angle=31025 target=31050 err=25 steer=-19167 m1=-2012/-105417 i1=-166 t1=35 m2=954/52708 i2=227 t2=35 steerMode=-26354/-27294 iSteer=30769 driveMode=-79063/-79182 iDrive=-196419 scale=0 wheel=-230000 ffS=-19167
2026-07-07T16:20:52.363+00:00 VCP SET_TARGET_FF_RX steerRate=-115000 wheelAccel=0
2026-07-07T16:20:52.465+00:00 VCP run=1 step=0 angle=19424 target=19557 err=133 steer=-19167 m1=-2012/-105417 i1=-237 t1=35 m2=989/52708 i2=172 t2=35 steerMode=-26354/-26022 iSteer=-32615 driveMode=-79063/-78918 iDrive=-204623 scale=0 wheel=-230000 ffS=-19167
2026-07-07T16:20:52.568+00:00 VCP run=1 step=0 angle=8174 target=8057 err=-117 steer=-19167 m1=-2049/-105417 i1=-154 t1=35 m2=979/52708 i2=177 t2=35 steerMode=-26354/-26927 iSteer=11356 driveMode=-79063/-80205 iDrive=-165717 scale=0 wheel=-230000 ffS=-19167
2026-07-07T16:20:52.667+00:00 VCP run=1 step=0 angle=356309 target=356556 err=247 steer=-19167 m1=-2037/-105417 i1=-151 t1=35 m2=998/52708 i2=177 t2=35 steerMode=-26354/-26984 iSteer=13328 driveMode=-79063/-80261 iDrive=-164040 scale=0 wheel=-230000 ffS=-19167
2026-07-07T16:20:52.667+00:00 VCP SET_TARGET_RX steer=345052 wheel=-230000
2026-07-07T16:20:52.769+00:00 VCP run=1 step=0 angle=345322 target=345052 err=-270 steer=-19167 m1=-2007/-105417 i1=-247 t1=35 m2=1023/52708 i2=92 t2=35 steerMode=-26354/-25162 iSteer=-77612 driveMode=-79063/-80077 iDrive=-169570 scale=0 wheel=-230000 ffS=-19167
2026-07-07T16:20:52.867+00:00 VCP run=1 step=0 angle=333369 target=333555 err=186 steer=-19167 m1=-2016/-105417 i1=-152 t1=35 m2=993/52708 i2=208 t2=35 steerMode=-26354/-27275 iSteer=27954 driveMode=-79063/-79731 iDrive=-179936 scale=0 wheel=-230000 ffS=-19167
2026-07-07T16:20:52.867+00:00 VCP SET_TARGET_FF_RX steerRate=-115000 wheelAccel=0
2026-07-07T16:20:52.969+00:00 VCP run=1 step=0 angle=321592 target=322056 err=464 steer=-19167 m1=-2014/-105417 i1=-237 t1=35 m2=1027/52708 i2=147 t2=35 steerMode=-26354/-25764 iSteer=-44934 driveMode=-79063/-79336 iDrive=-191782 scale=0 wheel=-230000 ffS=-19167
2026-07-07T16:20:53.138+00:00 VCP run=1 step=0 angle=310342 target=310556 err=214 steer=-19167 m1=-2022/-105417 i1=-195 t1=35 m2=1008/52708 i2=148 t2=35 steerMode=-26354/-26182 iSteer=-23834 driveMode=-79063/-80007 iDrive=-171656 scale=0 wheel=-230000 ffS=-19167
2026-07-07T16:20:53.138+00:00 VCP run=1 step=0 angle=299004 target=299055 err=51 steer=-19167 m1=-2024/-105417 i1=-187 t1=35 m2=1012/52708 i2=142 t2=35 steerMode=-26354/-26220 iSteer=-22846 driveMode=-79063/-80242 iDrive=-164611 scale=0 wheel=-230000 ffS=-19167
2026-07-07T16:20:53.170+00:00 VCP SET_TARGET_RX steer=287561 wheel=-230000
2026-07-07T16:20:53.273+00:00 VCP run=1 step=0 angle=287314 target=287561 err=247 steer=-19167 m1=-2001/-105417 i1=-207 t1=35 m2=993/52708 i2=193 t2=35 steerMode=-26354/-26511 iSteer=-7163 driveMode=-79063/-79070 iDrive=-199767 scale=0 wheel=-230000 ffS=-19167
2026-07-07T16:20:53.273+00:00 VCP run=1 step=0 angle=276152 target=276050 err=-102 steer=-19167 m1=-2020/-105417 i1=-205 t1=35 m2=1014/52708 i2=174 t2=35 steerMode=-26354/-26358 iSteer=-15703 driveMode=-79063/-79412 iDrive=-189518 scale=0 wheel=-230000 ffS=-19167
2026-07-07T16:20:53.371+00:00 VCP SET_TARGET_FF_RX steerRate=-170000 wheelAccel=0
2026-07-07T16:20:53.553+00:00 VCP run=1 step=0 angle=259893 target=259030 err=-863 steer=-30058 m1=-2438/-120393 i1=21 t1=35 m2=548/37732 i2=426 t2=35 steerMode=-41330/-46613 iSteer=223524 driveMode=-79063/-78986 iDrive=-202287 scale=0 wheel=-230000 ffS=-28333
2026-07-07T16:20:53.553+00:00 VCP run=1 step=0 angle=241963 target=242046 err=83 steer=-28333 m1=-2194/-118021 i1=-290 t1=35 m2=770/40104 i2=143 t2=35 steerMode=-38958/-38003 iSteer=-73712 driveMode=-79063/-78545 iDrive=-216714 scale=0 wheel=-230000 ffS=-28333
2026-07-07T16:20:53.652+00:00 VCP run=1 step=0 angle=225527 target=231152 err=5625 steer=-17084 m1=-2175/-102553 i1=530 t1=35 m2=855/55572 i2=917 t2=35 steerMode=-23491/-38348 iSteer=723278 driveMode=-79063/-79310 iDrive=-193732 scale=0 wheel=-230000 ffS=-28333
2026-07-07T16:20:53.652+00:00 VCP SET_TARGET_RX steer=214126 wheel=-230000
2026-07-07T16:20:53.754+00:00 VCP run=1 step=0 angle=213926 target=214126 err=200 steer=-28333 m1=-2160/-118021 i1=-701 t1=35 m2=843/40104 i2=-312 t2=35 steerMode=-38958/-29438 iSteer=-506408 driveMode=-79063/-79272 iDrive=-194325 scale=0 wheel=-230000 ffS=-28333
2026-07-07T16:20:53.852+00:00 VCP run=1 step=0 angle=196260 target=197160 err=900 steer=-26533 m1=-2240/-115546 i1=-39 t1=35 m2=738/42579 i2=351 t2=35 steerMode=-36483/-40144 iSteer=156004 driveMode=-79063/-79248 iDrive=-194791 scale=0 wheel=-230000 ffS=-28333
2026-07-07T16:20:53.852+00:00 VCP SET_TARGET_FF_RX steerRate=-170000 wheelAccel=0
2026-07-07T16:20:53.954+00:00 VCP run=1 step=0 angle=180439 target=180126 err=-313 steer=-28463 m1=-2284/-118200 i1=-256 t1=35 m2=774/39925 i2=122 t2=35 steerMode=-39137/-38427 iSteer=-66976 driveMode=-79063/-79456 iDrive=-188849 scale=0 wheel=-230000 ffS=-28333
2026-07-07T16:20:54.057+00:00 VCP run=1 step=0 angle=163037 target=163152 err=115 steer=-28333 m1=-2248/-118021 i1=-192 t1=35 m2=845/40104 i2=129 t2=35 steerMode=-38958/-38897 iSteer=-31241 driveMode=-79063/-80386 iDrive=-160286 scale=0 wheel=-230000 ffS=-28333
2026-07-07T16:20:54.155+00:00 VCP run=1 step=0 angle=145986 target=146152 err=166 steer=-28333 m1=-2279/-118021 i1=-143 t1=35 m2=780/40104 i2=178 t2=35 steerMode=-38958/-39900 iSteer=17232 driveMode=-79063/-80380 iDrive=-160473 scale=0 wheel=-230000 ffS=-28333
2026-07-07T16:20:54.155+00:00 VCP SET_TARGET_RX steer=129158 wheel=-230000
2026-07-07T16:20:54.258+00:00 VCP run=1 step=0 angle=128496 target=129158 err=662 steer=-27733 m1=-2231/-117196 i1=-199 t1=35 m2=820/40929 i2=150 t2=35 steerMode=-38133/-38191 iSteer=-24380 driveMode=-79063/-79901 iDrive=-174836 scale=0 wheel=-230000 ffS=-28333
2026-07-07T16:20:54.356+00:00 VCP run=1 step=0 angle=112061 target=112160 err=99 steer=-28333 m1=-2277/-118021 i1=-206 t1=35 m2=734/40104 i2=110 t2=35 steerMode=-38958/-38570 iSteer=-47944 driveMode=-79063/-80469 iDrive=-157792 scale=0 wheel=-230000 ffS=-28333
2026-07-07T16:20:54.356+00:00 VCP SET_TARGET_FF_RX steerRate=-170000 wheelAccel=0
2026-07-07T16:20:54.458+00:00 VCP run=1 step=0 angle=95186 target=95146 err=-40 steer=-28333 m1=-2244/-118021 i1=-246 t1=35 m2=763/40104 i2=112 t2=35 steerMode=-38958/-38192 iSteer=-67082 driveMode=-79063/-79762 iDrive=-179010 scale=0 wheel=-230000 ffS=-28333
2026-07-07T16:20:54.561+00:00 VCP run=1 step=0 angle=78135 target=78144 err=9 steer=-28333 m1=-2261/-118021 i1=-181 t1=35 m2=820/40104 i2=170 t2=35 steerMode=-38958/-39416 iSteer=-5565 driveMode=-79063/-79887 iDrive=-175273 scale=0 wheel=-230000 ffS=-28333
2026-07-07T16:20:54.660+00:00 VCP run=1 step=0 angle=61523 target=61159 err=-364 steer=-28390 m1=-2281/-118098 i1=-167 t1=35 m2=698/40027 i2=182 t2=35 steerMode=-39036/-39787 iSteer=7516 driveMode=-79063/-79910 iDrive=-174584 scale=0 wheel=-230000 ffS=-28333
2026-07-07T16:20:54.660+00:00 VCP SET_TARGET_RX steer=44159 wheel=-230000
2026-07-07T16:20:54.762+00:00 VCP run=1 step=0 angle=44385 target=44159 err=-226 steer=-28333 m1=-2231/-118021 i1=-237 t1=35 m2=791/40104 i2=175 t2=35 steerMode=-38958/-38945 iSteer=-30859 driveMode=-79063/-78876 iDrive=-205668 scale=0 wheel=-230000 ffS=-28333
2026-07-07T16:20:54.861+00:00 VCP run=1 step=0 angle=27598 target=27159 err=-439 steer=-28962 m1=-2273/-118886 i1=-238 t1=35 m2=753/39239 i2=124 t2=35 steerMode=-39823/-39321 iSteer=-56889 driveMode=-79063/-79686 iDrive=-181299 scale=0 wheel=-230000 ffS=-28333
2026-07-07T16:20:54.861+00:00 VCP SET_TARGET_FF_RX steerRate=-170000 wheelAccel=0
2026-07-07T16:20:54.963+00:00 VCP run=1 step=0 angle=10283 target=10159 err=-124 steer=-28333 m1=-2256/-118021 i1=-187 t1=35 m2=818/40104 i2=167 t2=35 steerMode=-38958/-39361 iSteer=-9844 driveMode=-79063/-79836 iDrive=-176786 scale=0 wheel=-230000 ffS=-28333
2026-07-07T16:20:55.065+00:00 VCP run=1 step=0 angle=352090 target=348937 err=-3153 steer=-40000 m1=-2537/-134063 i1=-657 t1=35 m2=541/24063 i2=-343 t2=35 steerMode=-55000/-45929 iSteer=-499984 driveMode=-79063/-80497 iDrive=-156971 scale=0 wheel=-230000 ffS=-40000
2026-07-07T16:20:55.164+00:00 VCP run=1 step=0 angle=326250 target=325283 err=-967 steer=-40000 m1=-2597/-134063 i1=-64 t1=35 m2=468/24063 i2=273 t2=35 steerMode=-55000/-57949 iSteer=104571 driveMode=-79063/-80122 iDrive=-168219 scale=0 wheel=-230000 ffS=-40000
2026-07-07T16:20:55.164+00:00 VCP SET_TARGET_RX steer=307090 wheel=-230000
2026-07-07T16:20:55.266+00:00 VCP run=1 step=0 angle=305420 target=307090 err=1670 steer=-36660 m1=-2355/-129470 i1=-524 t1=35 m2=663/28655 i2=-190 t2=35 steerMode=-50407/-43899 iSteer=-357042 driveMode=-79063/-80158 iDrive=-167136 scale=0 wheel=-230000 ffS=-40000
2026-07-07T16:20:55.363+00:00 VCP run=1 step=0 angle=286348 target=287879 err=1531 steer=-36937 m1=-2336/-129851 i1=-588 t1=35 m2=686/28274 i2=-240 t2=35 steerMode=-50789/-43054 iSteer=-413774 driveMode=-79063/-79928 iDrive=-174034 scale=0 wheel=-230000 ffS=-40000
2026-07-07T16:20:55.364+00:00 VCP SET_TARGET_FF_RX steerRate=-240000 wheelAccel=0
2026-07-07T16:20:55.466+00:00 VCP run=1 step=0 angle=263760 target=263884 err=124 steer=-40000 m1=-2581/-134063 i1=-185 t1=35 m2=441/24063 i2=175 t2=35 steerMode=-55000/-55613 iSteer=-5099 driveMode=-79063/-79737 iDrive=-179772 scale=0 wheel=-230000 ffS=-40000
2026-07-07T16:20:55.568+00:00 VCP run=1 step=0 angle=240820 target=241348 err=528 steer=-39400 m1=-2459/-133238 i1=-402 t1=35 m2=541/24888 i2=8 t2=35 steerMode=-54175/-50804 iSteer=-197417 driveMode=-79063/-78900 iDrive=-204931 scale=0 wheel=-230000 ffS=-40000
2026-07-07T16:20:55.667+00:00 VCP run=1 step=0 angle=220518 target=222145 err=1627 steer=-36745 m1=-2336/-129587 i1=-558 t1=35 m2=703/28538 i2=-168 t2=35 steerMode=-50525/-43635 iSteer=-363082 driveMode=-79063/-79238 iDrive=-194801 scale=0 wheel=-230000 ffS=-40000
2026-07-07T16:20:55.667+00:00 VCP SET_TARGET_RX steer=199554 wheel=-230000
2026-07-07T16:20:55.769+00:00 VCP run=1 step=0 angle=198984 target=199554 err=570 steer=-39400 m1=-2495/-133238 i1=-360 t1=35 m2=491/24888 i2=59 t2=35 steerMode=-54175/-51658 iSteer=-150460 driveMode=-79063/-78759 iDrive=-209377 scale=0 wheel=-230000 ffS=-40000
2026-07-07T16:20:55.867+00:00 VCP run=1 step=0 angle=176396 target=176619 err=223 steer=-40000 m1=-2499/-134063 i1=-383 t1=35 m2=556/24063 i2=1 t2=35 steerMode=-55000/-51600 iSteer=-190604 driveMode=-79063/-79347 iDrive=-191945 scale=0 wheel=-230000 ffS=-40000
2026-07-07T16:20:55.867+00:00 VCP SET_TARGET_FF_RX steerRate=-240000 wheelAccel=0
2026-07-07T16:20:55.969+00:00 VCP run=1 step=0 angle=155303 target=156314 err=1011 steer=-37977 m1=-2388/-131282 i1=-509 t1=35 m2=680/26844 i2=-166 t2=35 steerMode=-52219/-45720 iSteer=-337646 driveMode=-79063/-80007 iDrive=-171679 scale=0 wheel=-230000 ffS=-40000
2026-07-07T16:20:56.139+00:00 VCP run=1 step=0 angle=133594 target=134779 err=1185 steer=-37848 m1=-2428/-131104 i1=-355 t1=35 m2=615/27021 i2=-16 t2=35 steerMode=-52042/-48576 iSteer=-185564 driveMode=-79063/-80084 iDrive=-169345 scale=0 wheel=-230000 ffS=-40000
2026-07-07T16:20:56.139+00:00 VCP run=1 step=0 angle=111709 target=112192 err=483 steer=-40000 m1=-2474/-134063 i1=-454 t1=35 m2=569/24063 i2=-115 t2=35 steerMode=-55000/-49578 iSteer=-284345 driveMode=-79063/-80068 iDrive=-169827 scale=0 wheel=-230000 ffS=-40000
2026-07-07T16:20:56.170+00:00 VCP SET_TARGET_RX steer=110303 wheel=-230000
2026-07-07T16:20:56.280+00:00 VCP run=1 step=0 angle=94658 target=110303 err=15645 steer=-8710 m1=-1786/-91039 i1=498 t1=35 m2=1307/67086 i2=804 t2=35 steerMode=-11977/-24386 iSteer=651120 driveMode=-79063/-80638 iDrive=-152749 scale=0 wheel=-230000 ffS=-40000
2026-07-07T16:20:56.280+00:00 VCP run=1 step=0 angle=86133 target=86304 err=171 steer=-40000 m1=-2522/-134063 i1=-1004 t1=35 m2=502/24063 i2=-684 t2=35 steerMode=-55000/-38637 iSteer=-843951 driveMode=-79063/-80393 iDrive=-160094 scale=0 wheel=-230000 ffS=-40000
2026-07-07T16:20:56.451+00:00 VCP SET_TARGET_FF_RX steerRate=-240000 wheelAccel=0
2026-07-07T16:20:56.451+00:00 VCP run=1 step=0 angle=60381 target=62306 err=1925 steer=-36150 m1=-2424/-128768 i1=-13 t1=35 m2=594/29357 i2=331 t2=35 steerMode=-49706/-53102 iSteer=159124 driveMode=-79063/-79987 iDrive=-172270 scale=0 wheel=-230000 ffS=-40000
2026-07-07T16:20:56.553+00:00 VCP run=1 step=0 angle=39463 target=41133 err=1670 steer=-37000 m1=-2572/-129938 i1=-133 t1=35 m2=445/28187 i2=228 t2=35 steerMode=-50875/-52306 iSteer=47515 driveMode=-79063/-79706 iDrive=-180707 scale=0 wheel=-230000 ffS=-40000
2026-07-07T16:20:56.652+00:00 VCP run=1 step=0 angle=16963 target=17140 err=177 steer=-40000 m1=-2464/-134063 i1=-464 t1=35 m2=556/24063 i2=-76 t2=35 steerMode=-55000/-50012 iSteer=-269843 driveMode=-79063/-79258 iDrive=-194130 scale=0 wheel=-230000 ffS=-40000
2026-07-07T16:20:56.652+00:00 VCP SET_TARGET_RX steer=354463 wheel=-230000
2026-07-07T16:20:56.754+00:00 VCP run=1 step=0 angle=353496 target=354463 err=967 steer=-38200 m1=-2551/-131588 i1=-69 t1=35 m2=464/26537 i2=278 t2=35 steerMode=-52525/-55083 iSteer=104710 driveMode=-79063/-79953 iDrive=-173285 scale=0 wheel=-230000 ffS=-40000
2026-07-07T16:20:56.852+00:00 VCP run=1 step=0 angle=330381 target=331963 err=1582 steer=-37000 m1=-2507/-129938 i1=-139 t1=35 m2=508/28187 i2=186 t2=35 steerMode=-50875/-51796 iSteer=23233 driveMode=-79063/-80306 iDrive=-162695 scale=0 wheel=-230000 ffS=-40000
2026-07-07T16:20:56.852+00:00 VCP SET_TARGET_FF_RX steerRate=-240000 wheelAccel=0
2026-07-07T16:20:56.954+00:00 VCP run=1 step=0 angle=307793 target=308496 err=703 steer=-39400 m1=-2539/-133238 i1=-274 t1=35 m2=504/24888 i2=28 t2=35 steerMode=-54175/-52199 iSteer=-123048 driveMode=-79063/-80697 iDrive=-150955 scale=0 wheel=-230000 ffS=-40000
2026-07-07T16:20:57.057+00:00 VCP run=1 step=0 angle=284414 target=285381 err=967 steer=-38200 m1=-2520/-131588 i1=-156 t1=35 m2=462/26537 i2=204 t2=35 steerMode=-52525/-53477 iSteer=24013 driveMode=-79063/-79721 iDrive=-180256 scale=0 wheel=-230000 ffS=-40000
2026-07-07T16:20:57.155+00:00 VCP run=1 step=0 angle=261826 target=262793 err=967 steer=-38200 m1=-2535/-131588 i1=-236 t1=35 m2=493/26537 i2=148 t2=35 steerMode=-52525/-52151 iSteer=-43652 driveMode=-79063/-79327 iDrive=-192077 scale=0 wheel=-230000 ffS=-40000
2026-07-07T16:20:57.155+00:00 VCP SET_TARGET_RX steer=239414 wheel=-230000
2026-07-07T16:20:57.258+00:00 VCP run=1 step=0 angle=239414 target=239414 err=0 steer=-40000 m1=-2524/-134063 i1=-296 t1=35 m2=539/24063 i2=80 t2=35 steerMode=-55000/-53346 iSteer=-107882 driveMode=-79063/-79461 iDrive=-188032 scale=0 wheel=-230000 ffS=-40000
2026-07-07T16:20:57.356+00:00 VCP run=1 step=0 angle=215508 target=216826 err=1318 steer=-37600 m1=-2541/-130763 i1=-90 t1=35 m2=491/27362 i2=285 t2=35 steerMode=-51700/-54163 iSteer=97617 driveMode=-79063/-79483 iDrive=-187387 scale=0 wheel=-230000 ffS=-40000
2026-07-07T16:20:57.356+00:00 VCP SET_TARGET_FF_RX steerRate=-240000 wheelAccel=0
2026-07-07T16:20:57.458+00:00 VCP run=1 step=0 angle=196611 target=197626 err=1015 steer=-37971 m1=-2296/-131272 i1=-764 t1=35 m2=719/26853 i2=-380 t2=35 steerMode=-52210/-41054 iSteer=-572113 driveMode=-79063/-79329 iDrive=-192001 scale=0 wheel=-230000 ffS=-40000
2026-07-07T16:20:57.561+00:00 VCP run=1 step=0 angle=173408 target=173622 err=214 steer=-40000 m1=-2583/-134063 i1=-142 t1=35 m2=408/24063 i2=238 t2=35 steerMode=-55000/-56461 iSteer=48093 driveMode=-79063/-79409 iDrive=-189618 scale=0 wheel=-230000 ffS=-40000
2026-07-07T16:20:57.659+00:00 VCP run=1 step=0 angle=151348 target=151611 err=263 steer=-40000 m1=-2445/-134063 i1=-534 t1=35 m2=617/24063 i2=-181 t2=35 steerMode=-55000/-48222 iSteer=-357784 driveMode=-79063/-79841 iDrive=-176638 scale=0 wheel=-230000 ffS=-40000
2026-07-07T16:20:57.659+00:00 VCP SET_TARGET_RX steer=132406 wheel=-230000
2026-07-07T16:20:57.761+00:00 VCP run=1 step=0 angle=130430 target=132406 err=1976 steer=-36047 m1=-2323/-128628 i1=-489 t1=35 m2=661/29497 i2=-133 t2=35 steerMode=-49565/-43539 iSteer=-310740 driveMode=-79063/-79797 iDrive=-177973 scale=0 wheel=-230000 ffS=-40000
2026-07-07T16:20:57.859+00:00 VCP run=1 step=0 angle=108896 target=109205 err=309 steer=-40000 m1=-2553/-134063 i1=-309 t1=35 m2=489/24063 i2=23 t2=35 steerMode=-55000/-52508 iSteer=-143012 driveMode=-79063/-80195 iDrive=-166028 scale=0 wheel=-230000 ffS=-40000
2026-07-07T16:20:57.859+00:00 VCP SET_TARGET_FF_RX steerRate=-240000 wheelAccel=0
2026-07-07T16:20:57.961+00:00 VCP run=1 step=0 angle=86924 target=87145 err=221 steer=-40000 m1=-2440/-134063 i1=-508 t1=35 m2=558/24063 i2=-164 t2=35 steerMode=-55000/-48504 iSteer=-335779 driveMode=-79063/-79990 iDrive=-172186 scale=0 wheel=-230000 ffS=-40000
2026-07-07T16:20:58.064+00:00 VCP run=1 step=0 angle=65918 target=66227 err=309 steer=-40000 m1=-2424/-134063 i1=-542 t1=35 m2=562/24063 i2=-196 t2=35 steerMode=-55000/-47781 iSteer=-369100 driveMode=-79063/-79968 iDrive=-172822 scale=0 wheel=-230000 ffS=-40000
2026-07-07T16:20:58.162+00:00 VCP run=1 step=0 angle=44385 target=44691 err=306 steer=-40000 m1=-2436/-134063 i1=-517 t1=35 m2=608/24063 i2=-149 t2=35 steerMode=-55000/-48487 iSteer=-332821 driveMode=-79063/-79603 iDrive=-183785 scale=0 wheel=-230000 ffS=-40000
2026-07-07T16:20:58.163+00:00 VCP SET_TARGET_RX steer=22725 wheel=-230000
2026-07-07T16:20:58.265+00:00 VCP run=1 step=0 angle=22676 target=22725 err=49 steer=-40000 m1=-2468/-134063 i1=-446 t1=35 m2=550/24063 i2=-113 t2=35 steerMode=-55000/-49554 iSteer=-279325 driveMode=-79063/-80180 iDrive=-166481 scale=0 wheel=-230000 ffS=-40000
2026-07-07T16:20:58.363+00:00 VCP run=1 step=0 angle=1406 target=1714 err=308 steer=-40000 m1=-2434/-134063 i1=-559 t1=35 m2=590/24063 i2=-218 t2=35 steerMode=-55000/-47321 iSteer=-388414 driveMode=-79063/-80050 iDrive=-170366 scale=0 wheel=-230000 ffS=-40000
2026-07-07T16:20:58.363+00:00 VCP SET_TARGET_FF_RX steerRate=-240000 wheelAccel=0
2026-07-07T16:20:58.465+00:00 VCP run=1 step=0 angle=339609 target=340186 err=577 steer=-39400 m1=-2424/-133238 i1=-476 t1=35 m2=590/24888 i2=-134 t2=35 steerMode=-54175/-48126 iSteer=-305273 driveMode=-79063/-80032 iDrive=-170919 scale=0 wheel=-230000 ffS=-40000
2026-07-07T16:20:58.567+00:00 VCP run=1 step=0 angle=317725 target=318474 err=749 steer=-38619 m1=-2426/-132164 i1=-410 t1=35 m2=596/25961 i2=-73 t2=35 steerMode=-53101/-48294 iSteer=-241678 driveMode=-79063/-80113 iDrive=-168478 scale=0 wheel=-230000 ffS=-40000
2026-07-07T16:20:58.666+00:00 VCP run=1 step=0 angle=296631 target=297208 err=577 steer=-39400 m1=-2388/-133238 i1=-574 t1=35 m2=571/24888 i2=-180 t2=35 steerMode=-54175/-46623 iSteer=-376776 driveMode=-79063/-79167 iDrive=-196875 scale=0 wheel=-230000 ffS=-40000
2026-07-07T16:20:58.666+00:00 VCP SET_TARGET_RX steer=275404 wheel=-230000
2026-07-07T16:20:58.768+00:00 VCP run=1 step=0 angle=275186 target=275404 err=218 steer=-40000 m1=-2459/-134063 i1=-416 t1=35 m2=535/24063 i2=29 t2=35 steerMode=-55000/-51142 iSteer=-193624 driveMode=-79063/-78323 iDrive=-222596 scale=0 wheel=-230000 ffS=-40000
2026-07-07T16:20:58.866+00:00 VCP run=1 step=0 angle=253477 target=253523 err=46 steer=-40000 m1=-2476/-134063 i1=-446 t1=35 m2=575/24063 i2=-100 t2=35 steerMode=-55000/-49501 iSteer=-273007 driveMode=-79063/-79971 iDrive=-172866 scale=0 wheel=-230000 ffS=-40000
2026-07-07T16:20:58.866+00:00 VCP SET_TARGET_FF_RX steerRate=-240000 wheelAccel=0
2026-07-07T16:20:58.968+00:00 VCP run=1 step=0 angle=231943 target=232427 err=484 steer=-40000 m1=-2409/-134063 i1=-559 t1=35 m2=671/24063 i2=-199 t2=35 steerMode=-55000/-47316 iSteer=-379008 driveMode=-79063/-79722 iDrive=-180214 scale=0 wheel=-230000 ffS=-40000
2026-07-07T16:20:59.139+00:00 VCP run=1 step=0 angle=210410 target=210979 err=569 steer=-39400 m1=-2447/-133238 i1=-450 t1=35 m2=552/24888 i2=-58 t2=35 steerMode=-54175/-48982 iSteer=-253623 driveMode=-79063/-79198 iDrive=-195942 scale=0 wheel=-230000 ffS=-40000
2026-07-07T16:20:59.139+00:00 VCP run=1 step=0 angle=188965 target=189274 err=309 steer=-40000 m1=-2451/-134063 i1=-490 t1=35 m2=565/24063 i2=-106 t2=35 steerMode=-55000/-48924 iSteer=-297818 driveMode=-79063/-79339 iDrive=-191690 scale=0 wheel=-230000 ffS=-40000
2026-07-07T16:20:59.169+00:00 VCP SET_TARGET_RX steer=186943 wheel=-230000
2026-07-07T16:20:59.280+00:00 VCP run=1 step=0 angle=171650 target=186943 err=15293 steer=-9415 m1=-1811/-92008 i1=583 t1=35 m2=1280/66117 i2=890 t2=35 steerMode=-12945/-26743 iSteer=736572 driveMode=-79063/-80624 iDrive=-153152 scale=0 wheel=-230000 ffS=-40000
2026-07-07T16:20:59.280+00:00 VCP run=1 step=0 angle=163477 target=162938 err=-539 steer=-40000 m1=-2510/-134063 i1=-1040 t1=35 m2=516/24063 i2=-712 t2=35 steerMode=-55000/-37681 iSteer=-875672 driveMode=-79063/-80263 iDrive=-163993 scale=0 wheel=-230000 ffS=-40000
2026-07-07T16:20:59.450+00:00 VCP SET_TARGET_FF_RX steerRate=-240000 wheelAccel=0
2026-07-07T16:20:59.450+00:00 VCP run=1 step=0 angle=136670 target=138942 err=2272 steer=-35456 m1=-2392/-127814 i1=41 t1=35 m2=657/30311 i2=394 t2=35 steerMode=-48752/-52965 iSteer=217461 driveMode=-79063/-79839 iDrive=-176701 scale=0 wheel=-230000 ffS=-40000
2026-07-07T16:20:59.552+00:00 VCP run=1 step=0 angle=116104 target=118477 err=2373 steer=-35253 m1=-2566/-127535 i1=-39 t1=35 m2=487/30590 i2=258 t2=35 steerMode=-48473/-50808 iSteer=109342 driveMode=-79063/-80775 iDrive=-148628 scale=0 wheel=-230000 ffS=-40000
2026-07-07T16:20:59.650+00:00 VCP run=1 step=0 angle=94395 target=94477 err=82 steer=-40000 m1=-2417/-134063 i1=-534 t1=35 m2=575/24063 i2=-119 t2=35 steerMode=-55000/-48518 iSteer=-326649 driveMode=-79063/-78822 iDrive=-207303 scale=0 wheel=-230000 ffS=-40000
2026-07-07T16:20:59.650+00:00 VCP SET_TARGET_RX steer=71104 wheel=-230000
2026-07-07T16:20:59.753+00:00 VCP run=1 step=0 angle=70928 target=71104 err=176 steer=-40000 m1=-2541/-134063 i1=-204 t1=35 m2=514/24063 i2=161 t2=35 steerMode=-55000/-54684 iSteer=-21463 driveMode=-79063/-79663 iDrive=-182103 scale=0 wheel=-230000 ffS=-40000
2026-07-07T16:20:59.851+00:00 VCP run=1 step=0 angle=48164 target=49395 err=1231 steer=-37600 m1=-2560/-130763 i1=-112 t1=35 m2=483/27362 i2=223 t2=35 steerMode=-51700/-52955 iSteer=55414 driveMode=-79063/-80147 iDrive=-167456 scale=0 wheel=-230000 ffS=-40000
2026-07-07T16:20:59.851+00:00 VCP SET_TARGET_FF_RX steerRate=-240000 wheelAccel=0
2026-07-07T16:20:59.953+00:00 VCP run=1 step=0 angle=25664 target=25928 err=264 steer=-40000 m1=-2464/-134063 i1=-439 t1=35 m2=537/24063 i2=-65 t2=35 steerMode=-55000/-50147 iSteer=-251978 driveMode=-79063/-79491 iDrive=-187142 scale=0 wheel=-230000 ffS=-40000
2026-07-07T16:21:00.056+00:00 VCP run=1 step=0 angle=2549 target=3164 err=615 steer=-39400 m1=-2530/-133238 i1=-182 t1=35 m2=487/24888 i2=162 t2=35 steerMode=-54175/-54193 iSteer=-9671 driveMode=-79063/-79994 iDrive=-172051 scale=0 wheel=-230000 ffS=-40000
2026-07-07T16:21:00.155+00:00 VCP run=1 step=0 angle=339522 target=340664 err=1143 steer=-38200 m1=-2499/-131588 i1=-229 t1=35 m2=518/26537 i2=99 t2=35 steerMode=-52525/-51452 iSteer=-64844 driveMode=-79063/-80267 iDrive=-163857 scale=0 wheel=-230000 ffS=-40000
2026-07-07T16:21:00.155+00:00 VCP SET_TARGET_RX steer=317549 wheel=-230000
2026-07-07T16:21:00.257+00:00 VCP run=1 step=0 angle=316934 target=317549 err=615 steer=-39400 m1=-2482/-133238 i1=-365 t1=35 m2=531/24888 i2=-15 t2=35 steerMode=-54175/-50602 iSteer=-190143 driveMode=-79063/-79895 iDrive=-175013 scale=0 wheel=-230000 ffS=-40000
2026-07-07T16:21:00.355+00:00 VCP run=1 step=0 angle=294082 target=294522 err=440 steer=-40000 m1=-2512/-134063 i1=-301 t1=35 m2=544/24063 i2=24 t2=35 steerMode=-55000/-52478 iSteer=-138632 driveMode=-79063/-80306 iDrive=-162691 scale=0 wheel=-230000 ffS=-40000
2026-07-07T16:21:00.355+00:00 VCP SET_TARGET_FF_RX steerRate=-240000 wheelAccel=0
2026-07-07T16:21:00.457+00:00 VCP run=1 step=0 angle=271055 target=271934 err=879 steer=-38800 m1=-2495/-132413 i1=-251 t1=35 m2=502/25712 i2=161 t2=35 steerMode=-53350/-52733 iSteer=-44941 driveMode=-79063/-78859 iDrive=-206168 scale=0 wheel=-230000 ffS=-40000
2026-07-07T16:21:00.560+00:00 VCP run=1 step=0 angle=248643 target=249082 err=439 steer=-40000 m1=-2528/-134063 i1=-318 t1=35 m2=487/24063 i2=50 t2=35 steerMode=-55000/-52600 iSteer=-133843 driveMode=-79063/-79605 iDrive=-183735 scale=0 wheel=-230000 ffS=-40000
2026-07-07T16:21:00.658+00:00 VCP run=1 step=0 angle=228691 target=229866 err=1175 steer=-37651 m1=-2292/-130832 i1=-684 t1=35 m2=765/27293 i2=-324 t2=35 steerMode=-51770/-41688 iSteer=-503663 driveMode=-79063/-79725 iDrive=-180135 scale=0 wheel=-230000 ffS=-40000
2026-07-07T16:21:00.658+00:00 VCP SET_TARGET_RX steer=206839 wheel=-230000
2026-07-07T16:21:00.760+00:00 VCP run=1 step=0 angle=206719 target=206839 err=120 steer=-40000 m1=-2520/-134063 i1=-304 t1=35 m2=472/24063 i2=95 t2=35 steerMode=-55000/-53063 iSteer=-104517 driveMode=-79063/-79076 iDrive=-199602 scale=0 wheel=-230000 ffS=-40000
2026-07-07T16:21:00.858+00:00 VCP run=1 step=0 angle=184658 target=184440 err=-218 steer=-40000 m1=-2434/-134063 i1=-497 t1=35 m2=558/24063 i2=-95 t2=35 steerMode=-55000/-49158 iSteer=-296184 driveMode=-79063/-79037 iDrive=-201089 scale=0 wheel=-230000 ffS=-40000
2026-07-07T16:21:00.859+00:00 VCP SET_TARGET_FF_RX steerRate=-240000 wheelAccel=0
2026-07-07T16:21:00.961+00:00 VCP run=1 step=0 angle=163564 target=164456 err=892 steer=-38217 m1=-2374/-131611 i1=-533 t1=35 m2=623/26514 i2=-120 t2=35 steerMode=-52548/-45978 iSteer=-326146 driveMode=-79063/-78863 iDrive=-206488 scale=0 wheel=-230000 ffS=-40000
2026-07-07T16:21:01.063+00:00 VCP run=1 step=0 angle=142295 target=142495 err=200 steer=-40000 m1=-2464/-134063 i1=-445 t1=35 m2=567/24063 i2=-105 t2=35 steerMode=-55000/-49490 iSteer=-274836 driveMode=-79063/-80055 iDrive=-170231 scale=0 wheel=-230000 ffS=-40000
2026-07-07T16:21:01.161+00:00 VCP run=1 step=0 angle=120059 target=120438 err=379 steer=-40000 m1=-2434/-134063 i1=-466 t1=35 m2=598/24063 i2=-126 t2=35 steerMode=-55000/-49019 iSteer=-295893 driveMode=-79063/-80074 iDrive=-169651 scale=0 wheel=-230000 ffS=-40000
2026-07-07T16:21:01.161+00:00 VCP SET_TARGET_RX steer=99354 wheel=-230000
2026-07-07T16:21:01.264+00:00 VCP run=1 step=0 angle=98789 target=99354 err=565 steer=-38919 m1=-2403/-132576 i1=-504 t1=35 m2=650/25549 i2=-168 t2=35 steerMode=-53513/-46657 iSteer=-336176 driveMode=-79063/-80130 iDrive=-167966 scale=0 wheel=-230000 ffS=-40000
2026-07-07T16:21:01.362+00:00 VCP run=1 step=0 angle=77783 target=78071 err=288 steer=-40000 m1=-2428/-134063 i1=-500 t1=35 m2=596/24063 i2=-140 t2=35 steerMode=-55000/-48454 iSteer=-319961 driveMode=-79063/-79735 iDrive=-179825 scale=0 wheel=-230000 ffS=-40000
2026-07-07T16:21:01.362+00:00 VCP SET_TARGET_FF_RX steerRate=-240000 wheelAccel=0
2026-07-07T16:21:01.464+00:00 VCP run=1 step=0 angle=55898 target=55847 err=-51 steer=-40000 m1=-2489/-134063 i1=-375 t1=35 m2=558/24063 i2=-42 t2=35 steerMode=-55000/-50721 iSteer=-208553 driveMode=-79063/-80169 iDrive=-166806 scale=0 wheel=-230000 ffS=-40000
2026-07-07T16:21:01.566+00:00 VCP run=1 step=0 angle=34453 target=34577 err=124 steer=-40000 m1=-2422/-134063 i1=-548 t1=35 m2=606/24063 i2=-201 t2=35 steerMode=-55000/-47345 iSteer=-374362 driveMode=-79063/-79949 iDrive=-173398 scale=0 wheel=-230000 ffS=-40000
2026-07-07T16:21:01.665+00:00 VCP run=1 step=0 angle=13447 target=13571 err=124 steer=-40000 m1=-2436/-134063 i1=-527 t1=35 m2=619/24063 i2=-161 t2=35 steerMode=-55000/-47936 iSteer=-344029 driveMode=-79063/-79645 iDrive=-182540 scale=0 wheel=-230000 ffS=-40000
2026-07-07T16:21:01.665+00:00 VCP SET_TARGET_RX steer=351703 wheel=-230000
2026-07-07T16:21:01.767+00:00 VCP run=1 step=0 angle=351211 target=351703 err=492 steer=-40000 m1=-2443/-134063 i1=-442 t1=35 m2=590/24063 i2=-109 t2=35 steerMode=-55000/-49317 iSteer=-275403 driveMode=-79063/-80186 iDrive=-166287 scale=0 wheel=-230000 ffS=-40000
2026-07-07T16:21:01.865+00:00 VCP run=1 step=0 angle=330029 target=330226 err=197 steer=-40000 m1=-2430/-134063 i1=-543 t1=35 m2=581/24063 i2=-197 t2=35 steerMode=-55000/-47381 iSteer=-369980 driveMode=-79063/-79955 iDrive=-173222 scale=0 wheel=-230000 ffS=-40000
2026-07-07T16:21:01.865+00:00 VCP SET_TARGET_FF_RX steerRate=-240000 wheelAccel=0
2026-07-07T16:21:01.967+00:00 VCP run=1 step=0 angle=308848 target=309214 err=366 steer=-40000 m1=-2426/-134063 i1=-517 t1=35 m2=588/24063 i2=-190 t2=35 steerMode=-55000/-47658 iSteer=-353192 driveMode=-79063/-80282 iDrive=-163405 scale=0 wheel=-230000 ffS=-40000
2026-07-07T16:21:02.139+00:00 VCP run=1 step=0 angle=286963 target=287004 err=41 steer=-40000 m1=-2453/-134063 i1=-419 t1=35 m2=604/24063 i2=-68 t2=35 steerMode=-55000/-49864 iSteer=-243279 driveMode=-79063/-79879 iDrive=-175509 scale=0 wheel=-230000 ffS=-40000
2026-07-07T16:21:02.139+00:00 VCP run=1 step=0 angle=265518 target=265807 err=289 steer=-40000 m1=-2428/-134063 i1=-536 t1=35 m2=573/24063 i2=-148 t2=35 steerMode=-55000/-47854 iSteer=-341824 driveMode=-79063/-79267 iDrive=-193871 scale=0 wheel=-230000 ffS=-40000
2026-07-07T16:21:02.168+00:00 VCP SET_TARGET_RX steer=263848 wheel=-230000
2026-07-07T16:21:02.280+00:00 VCP run=1 step=0 angle=248643 target=263848 err=15205 steer=-9589 m1=-1813/-92248 i1=536 t1=35 m2=1199/65877 i2=919 t2=35 steerMode=-13185/-26650 iSteer=727554 driveMode=-79063/-79355 iDrive=-191223 scale=0 wheel=-230000 ffS=-40000
2026-07-07T16:21:02.280+00:00 VCP run=1 step=0 angle=239678 target=239851 err=173 steer=-40000 m1=-2430/-134063 i1=-1156 t1=35 m2=552/24063 i2=-724 t2=35 steerMode=-55000/-36182 iSteer=-939852 driveMode=-79063/-78545 iDrive=-216216 scale=0 wheel=-230000 ffS=-40000
2026-07-07T16:21:02.368+00:00 VCP SET_TARGET_FF_RX steerRate=-240000 wheelAccel=0
2026-07-07T16:21:02.368+00:00 VCP run=1 step=0 angle=214365 target=215818 err=1453 steer=-37094 m1=-2407/-130067 i1=-58 t1=35 m2=571/28058 i2=372 t2=35 steerMode=-51005/-53827 iSteer=156739 driveMode=-79063/-78620 iDrive=-214893 scale=0 wheel=-230000 ffS=-40000
2026-07-07T16:21:02.550+00:00 VCP run=1 step=0 angle=193623 target=191834 err=-1789 steer=-40000 m1=-2551/-134063 i1=-333 t1=35 m2=460/24063 i2=55 t2=35 steerMode=-55000/-52179 iSteer=-138740 driveMode=-79063/-79317 iDrive=-194051 scale=0 wheel=-230000 ffS=-40000
2026-07-07T16:21:02.649+00:00 VCP run=1 step=0 angle=169277 target=169365 err=88 steer=-40000 m1=-2547/-134063 i1=-176 t1=35 m2=500/24063 i2=192 t2=35 steerMode=-55000/-55084 iSteer=7629 driveMode=-79063/-79654 iDrive=-183962 scale=0 wheel=-230000 ffS=-40000
2026-07-07T16:21:02.649+00:00 VCP SET_TARGET_RX steer=148623 wheel=-230000
2026-07-07T16:21:02.751+00:00 VCP run=1 step=0 angle=145898 target=148623 err=2725 steer=-34551 m1=-2491/-126570 i1=30 t1=35 m2=504/31555 i2=407 t2=35 steerMode=-47507/-51785 iSteer=218777 driveMode=-79063/-79468 iDrive=-188450 scale=0 wheel=-230000 ffS=-40000
2026-07-07T16:21:02.849+00:00 VCP run=1 step=0 angle=124805 target=124641 err=-164 steer=-40000 m1=-2474/-134063 i1=-539 t1=35 m2=583/24063 i2=-199 t2=35 steerMode=-55000/-47568 iSteer=-369068 driveMode=-79063/-80068 iDrive=-169843 scale=0 wheel=-230000 ffS=-40000
2026-07-07T16:21:02.849+00:00 VCP SET_TARGET_FF_RX steerRate=-240000 wheelAccel=0
2026-07-07T16:21:02.952+00:00 VCP run=1 step=0 angle=101250 target=100898 err=-352 steer=-40000 m1=-2545/-134063 i1=-160 t1=35 m2=481/24063 i2=173 t2=35 steerMode=-55000/-55127 iSteer=6688 driveMode=-79063/-80179 iDrive=-166517 scale=0 wheel=-230000 ffS=-40000
2026-07-07T16:21:03.054+00:00 VCP run=1 step=0 angle=77959 target=79805 err=1846 steer=-36400 m1=-2549/-129113 i1=-26 t1=35 m2=523/29012 i2=340 t2=35 steerMode=-50050/-53207 iSteer=157221 driveMode=-79063/-79629 iDrive=-182998 scale=0 wheel=-230000 ffS=-40000
2026-07-07T16:21:03.153+00:00 VCP run=1 step=0 angle=56777 target=56250 err=-527 steer=-40000 m1=-2493/-134063 i1=-430 t1=35 m2=537/24063 i2=-94 t2=35 steerMode=-55000/-49819 iSteer=-262028 driveMode=-79063/-80121 iDrive=-168248 scale=0 wheel=-230000 ffS=-40000
2026-07-07T16:21:03.153+00:00 VCP SET_TARGET_RX steer=32959 wheel=-65000
2026-07-07T16:21:03.255+00:00 VCP run=1 step=0 angle=33311 target=32959 err=-352 steer=-40000 m1=-1832/-77344 i1=803 t1=35 m2=-120/-32656 i2=-888 t2=35 steerMode=-55000/-54270 iSteer=-42153 driveMode=-22344/-57193 iDrive=845487 scale=0 wheel=-65000 ffS=-40000
2026-07-07T16:21:03.353+00:00 VCP run=1 step=0 angle=11514 target=11777 err=263 steer=-40000 m1=-1436/-77344 i1=-410 t1=35 m2=-503/-32656 i2=-118 t2=35 steerMode=-55000/-50038 iSteer=-263930 driveMode=-22344/-24146 iDrive=-145923 scale=0 wheel=-65000 ffS=-40000
2026-07-07T16:21:03.354+00:00 VCP SET_TARGET_FF_RX steerRate=-240000 wheelAccel=0
2026-07-07T16:21:03.456+00:00 VCP run=1 step=0 angle=349014 target=348311 err=-703 steer=-40000 m1=-1520/-77344 i1=-258 t1=35 m2=-423/-32656 i2=-231 t2=35 steerMode=-55000/-50589 iSteer=-244076 driveMode=-22344/-28561 iDrive=-13495 scale=0 wheel=-65000 ffS=-40000
2026-07-07T16:21:03.558+00:00 VCP run=1 step=0 angle=326514 target=326514 err=0 steer=-40000 m1=-1539/-77344 i1=-199 t1=35 m2=-419/-32656 i2=-186 t2=35 steerMode=-55000/-51813 iSteer=-192558 driveMode=-22344/-28799 iDrive=-6356 scale=0 wheel=-65000 ffS=-40000
2026-07-07T16:21:03.657+00:00 VCP run=1 step=0 angle=304014 target=304014 err=0 steer=-40000 m1=-1528/-77344 i1=-257 t1=35 m2=-461/-32656 i2=-254 t2=35 steerMode=-55000/-50723 iSteer=-255764 driveMode=-22344/-28967 iDrive=-1298 scale=0 wheel=-65000 ffS=-40000
2026-07-07T16:21:03.657+00:00 VCP SET_TARGET_RX steer=284776 wheel=-65000
2026-07-07T16:21:03.759+00:00 VCP run=1 step=0 angle=284766 target=284776 err=10 steer=-40000 m1=-1342/-77344 i1=-737 t1=35 m2=-277/-32656 i2=-716 t2=35 steerMode=-55000/-41222 iSteer=-726804 driveMode=-22344/-28662 iDrive=-10465 scale=0 wheel=-65000 ffS=-40000
2026-07-07T16:21:03.857+00:00 VCP run=1 step=0 angle=262793 target=260783 err=-2010 steer=-40000 m1=-1547/-77344 i1=-138 t1=35 m2=-496/-32656 i2=-104 t2=35 steerMode=-55000/-53676 iSteer=-121072 driveMode=-22344/-28432 iDrive=-17365 scale=0 wheel=-65000 ffS=-40000
2026-07-07T16:21:03.857+00:00 VCP SET_TARGET_FF_RX steerRate=-240000 wheelAccel=0
2026-07-07T16:21:03.959+00:00 VCP run=1 step=0 angle=241523 target=239776 err=-1747 steer=-40000 m1=-1486/-77344 i1=-421 t1=35 m2=-396/-32656 i2=-401 t2=35 steerMode=-55000/-47992 iSteer=-411387 driveMode=-22344/-28680 iDrive=-9927 scale=0 wheel=-65000 ffS=-40000
2026-07-07T16:21:04.061+00:00 VCP run=1 step=0 angle=219199 target=217793 err=-1406 steer=-40000 m1=-1566/-77344 i1=-176 t1=35 m2=-484/-32656 i2=-226 t2=35 steerMode=-55000/-52429 iSteer=-200791 driveMode=-22344/-29842 iDrive=24947 scale=0 wheel=-65000 ffS=-40000
2026-07-07T16:21:04.160+00:00 VCP run=1 step=0 angle=199512 target=198582 err=-930 steer=-40000 m1=-1411/-77344 i1=-680 t1=35 m2=-201/-32656 i2=-747 t2=35 steerMode=-55000/-42157 iSteer=-713598 driveMode=-22344/-30127 iDrive=33500 scale=0 wheel=-65000 ffS=-40000
2026-07-07T16:21:04.160+00:00 VCP SET_TARGET_RX steer=177285 wheel=-65000
2026-07-07T16:21:04.262+00:00 VCP run=1 step=0 angle=177979 target=177285 err=-694 steer=-40000 m1=-1513/-77344 i1=-277 t1=35 m2=-448/-32656 i2=-337 t2=35 steerMode=-55000/-50468 iSteer=-307420 driveMode=-22344/-30013 iDrive=30078 scale=0 wheel=-65000 ffS=-40000
2026-07-07T16:21:04.360+00:00 VCP run=1 step=0 angle=156006 target=154986 err=-1020 steer=-40000 m1=-1505/-77344 i1=-344 t1=35 m2=-375/-32656 i2=-351 t2=35 steerMode=-55000/-49754 iSteer=-347662 driveMode=-22344/-29120 iDrive=3294 scale=0 wheel=-65000 ffS=-40000
2026-07-07T16:21:04.360+00:00 VCP SET_TARGET_FF_RX steerRate=-240000 wheelAccel=0
2026-07-07T16:21:04.463+00:00 VCP run=1 step=0 angle=135264 target=135274 err=10 steer=-40000 m1=-1331/-77344 i1=-664 t1=35 m2=-229/-32656 i2=-625 t2=35 steerMode=-55000/-43727 iSteer=-644472 driveMode=-22344/-28367 iDrive=-19301 scale=0 wheel=-65000 ffS=-40000
2026-07-07T16:21:04.565+00:00 VCP run=1 step=0 angle=113818 target=113744 err=-74 steer=-40000 m1=-1432/-77344 i1=-471 t1=35 m2=-369/-32656 i2=-430 t2=35 steerMode=-55000/-47703 iSteer=-450556 driveMode=-22344/-28329 iDrive=-20447 scale=0 wheel=-65000 ffS=-40000
2026-07-07T16:21:04.664+00:00 VCP run=1 step=0 angle=92461 target=91766 err=-695 steer=-40000 m1=-1476/-77344 i1=-403 t1=35 m2=-429/-32656 i2=-371 t2=35 steerMode=-55000/-49045 iSteer=-386856 driveMode=-22344/-28487 iDrive=-15711 scale=0 wheel=-65000 ffS=-40000
2026-07-07T16:21:04.664+00:00 VCP SET_TARGET_RX steer=71027 wheel=-65000
2026-07-07T16:21:04.766+00:00 VCP run=1 step=0 angle=71455 target=71027 err=-428 steer=-40000 m1=-1430/-77344 i1=-541 t1=35 m2=-358/-32656 i2=-509 t2=35 steerMode=-55000/-46263 iSteer=-525032 driveMode=-22344/-28483 iDrive=-15821 scale=0 wheel=-65000 ffS=-40000
2026-07-07T16:21:04.864+00:00 VCP run=1 step=0 angle=50010 target=49590 err=-420 steer=-40000 m1=-1447/-77344 i1=-420 t1=35 m2=-375/-32656 i2=-364 t2=35 steerMode=-55000/-48991 iSteer=-392062 driveMode=-22344/-28089 iDrive=-27632 scale=0 wheel=-65000 ffS=-40000
2026-07-07T16:21:04.864+00:00 VCP SET_TARGET_FF_RX steerRate=-240000 wheelAccel=0
2026-07-07T16:21:04.966+00:00 VCP run=1 step=0 angle=28828 target=28228 err=-600 steer=-40000 m1=-1449/-77344 i1=-488 t1=35 m2=-373/-32656 i2=-420 t2=35 steerMode=-55000/-47802 iSteer=-454134 driveMode=-22344/-27872 iDrive=-34154 scale=0 wheel=-65000 ffS=-40000
2026-07-07T16:21:05.141+00:00 VCP run=1 step=0 angle=7734 target=7205 err=-529 steer=-40000 m1=-1394/-77344 i1=-554 t1=35 m2=-363/-32656 i2=-451 t2=35 steerMode=-55000/-46852 iSteer=-502651 driveMode=-22344/-27285 iDrive=-51756 scale=0 wheel=-65000 ffS=-40000
2026-07-07T16:21:05.141+00:00 VCP run=1 step=0 angle=346113 target=345797 err=-316 steer=-40000 m1=-1440/-77344 i1=-432 t1=35 m2=-369/-32656 i2=-382 t2=35 steerMode=-55000/-48825 iSteer=-407157 driveMode=-22344/-28172 iDrive=-25164 scale=0 wheel=-65000 ffS=-40000
2026-07-07T16:21:05.248+00:00 VCP SET_TARGET_RX steer=343828 wheel=-65000
2026-07-07T16:21:05.248+00:00 VCP run=1 step=0 angle=328359 target=343828 err=15469 steer=-9063 m1=-875/-34805 i1=678 t1=35 m2=259/9882 i2=693 t2=35 steerMode=-12461/-27405 iSteer=685772 driveMode=-22344/-28763 iDrive=-7432 scale=0 wheel=-65000 ffS=-40000
2026-07-07T16:21:05.281+00:00 VCP run=1 step=0 angle=320098 target=319804 err=-294 steer=-39861 m1=-1359/-77152 i1=-1294 t1=35 m2=-363/-32465 i2=-1087 t2=35 steerMode=-54809/-33170 iSteer=-1190414 driveMode=-22344/-25554 iDrive=-103689 scale=0 wheel=-65000 ffS=-40000
2026-07-07T16:21:05.448+00:00 VCP SET_TARGET_FF_RX steerRate=-240000 wheelAccel=0
2026-07-07T16:21:05.448+00:00 VCP run=1 step=0 angle=295313 target=295799 err=487 steer=-38550 m1=-1488/-75351 i1=-89 t1=35 m2=-316/-30663 i2=-109 t2=35 steerMode=-53007/-53120 iSteer=-98745 driveMode=-22344/-29352 iDrive=10238 scale=0 wheel=-65000 ffS=-40000
2026-07-07T16:21:05.550+00:00 VCP run=1 step=0 angle=273252 target=275098 err=1846 steer=-36400 m1=-2901/-192706 i1=-2221 t1=35 m2=749/92606 i2=2520 t2=35 steerMode=-50050/-55354 iSteer=149447 driveMode=-142656/-73009 iDrive=-2370449 scale=0 wheel=-415000 ffS=-40000
2026-07-07T16:21:05.652+00:00 VCP run=1 step=0 angle=251191 target=251122 err=-69 steer=-39822 m1=-3884/-197411 i1=-407 t1=35 m2=1979/87901 i2=-336 t2=35 steerMode=-54755/-49420 iSteer=-371152 driveMode=-142656/-151954 iDrive=-35539 scale=0 wheel=-415000 ffS=-40000
2026-07-07T16:21:05.750+00:00 VCP run=1 step=0 angle=227461 target=228252 err=791 steer=-38418 m1=-3824/-195481 i1=-131 t1=35 m2=1747/89832 i2=156 t2=35 steerMode=-52825/-55093 iSteer=12608 driveMode=-142656/-147886 iDrive=-143202 scale=0 wheel=-415000 ffS=-40000
2026-07-07T16:21:05.750+00:00 VCP SET_TARGET_RX steer=223459 wheel=-415000
2026-07-07T16:21:05.848+00:00 VCP run=1 step=0 angle=204609 target=206191 err=1582 steer=-36837 m1=-3755/-193307 i1=-228 t1=35 m2=1722/92006 i2=205 t2=35 steerMode=-50651/-52302 iSteer=-11428 driveMode=-142656/-145223 iDrive=-216709 scale=0 wheel=-415000 ffS=-40000
2026-07-07T16:21:05.848+00:00 VCP SET_TARGET_FF_RX steerRate=-240000 wheelAccel=0
2026-07-07T16:21:05.950+00:00 VCP run=1 step=0 angle=182637 target=182461 err=-176 steer=-40000 m1=-3761/-197656 i1=-452 t1=35 m2=1780/87656 i2=-85 t2=35 steerMode=-55000/-51453 iSteer=-268401 driveMode=-142656/-146160 iDrive=-183373 scale=0 wheel=-415000 ffS=-40000
2026-07-07T16:21:06.052+00:00 VCP run=1 step=0 angle=158906 target=159609 err=703 steer=-39400 m1=-3786/-196831 i1=-244 t1=35 m2=1759/88481 i2=72 t2=35 steerMode=-54175/-54170 iSteer=-86016 driveMode=-142656/-146779 iDrive=-157657 scale=0 wheel=-415000 ffS=-40000
2026-07-07T16:21:06.154+00:00 VCP run=1 step=0 angle=135527 target=137637 err=2110 steer=-35781 m1=-3738/-191855 i1=-151 t1=35 m2=1824/93458 i2=191 t2=35 steerMode=-49198/-51191 iSteer=19889 driveMode=-142656/-146103 iDrive=-170922 scale=0 wheel=-415000 ffS=-40000
2026-07-07T16:21:06.252+00:00 VCP run=1 step=0 angle=113818 target=113906 err=88 steer=-40000 m1=-3730/-197656 i1=-503 t1=35 m2=1845/87656 i2=-175 t2=35 steerMode=-55000/-49767 iSteer=-338857 driveMode=-142656/-146138 iDrive=-164166 scale=0 wheel=-415000 ffS=-40000
2026-07-07T16:21:06.252+00:00 VCP SET_TARGET_RX steer=109156 wheel=-415000
2026-07-07T16:21:06.350+00:00 VCP run=1 step=0 angle=90615 target=90527 err=-88 steer=-40000 m1=-3786/-197656 i1=-284 t1=35 m2=1812/87656 i2=41 t2=35 steerMode=-55000/-54024 iSteer=-121016 driveMode=-142656/-146000 iDrive=-162498 scale=0 wheel=-415000 ffS=-40000
2026-07-07T16:21:06.350+00:00 VCP SET_TARGET_FF_RX steerRate=-240000 wheelAccel=0
2026-07-07T16:21:06.453+00:00 VCP run=1 step=0 angle=67324 target=68818 err=1494 steer=-37012 m1=-3765/-193548 i1=-164 t1=35 m2=1770/91764 i2=168 t2=35 steerMode=-50892/-52309 iSteer=2207 driveMode=-142656/-145684 iDrive=-166269 scale=0 wheel=-415000 ffS=-40000
2026-07-07T16:21:06.555+00:00 VCP run=1 step=0 angle=45176 target=45615 err=439 steer=-40000 m1=-3732/-197656 i1=-465 t1=35 m2=1766/87656 i2=-88 t2=35 steerMode=-55000/-50779 iSteer=-276611 driveMode=-142656/-144791 iDrive=-188653 scale=0 wheel=-415000 ffS=-40000
2026-07-07T16:21:06.657+00:00 VCP run=1 step=0 angle=22148 target=22324 err=176 steer=-40000 m1=-3755/-197656 i1=-321 t1=35 m2=1780/87656 i2=18 t2=35 steerMode=-55000/-53235 iSteer=-151672 driveMode=-142656/-145280 iDrive=-169585 scale=0 wheel=-415000 ffS=-40000
2026-07-07T16:21:06.755+00:00 VCP run=1 step=0 angle=359121 target=176 err=1055 steer=-37890 m1=-3746/-194755 i1=-226 t1=35 m2=1801/90557 i2=115 t2=35 steerMode=-52099/-52201 iSteer=-55500 driveMode=-142656/-145073 iDrive=-170870 scale=0 wheel=-415000 ffS=-40000
2026-07-07T16:21:06.755+00:00 VCP SET_TARGET_RX steer=350603 wheel=-415000
2026-07-07T16:21:06.853+00:00 VCP run=1 step=0 angle=336533 target=337148 err=615 steer=-38830 m1=-3704/-196047 i1=-385 t1=35 m2=1797/89265 i2=-19 t2=35 steerMode=-53391/-50509 iSteer=-201781 driveMode=-142656/-144535 iDrive=-183069 scale=0 wheel=-415000 ffS=-40000
2026-07-07T16:21:06.853+00:00 VCP SET_TARGET_FF_RX steerRate=-240000 wheelAccel=0
2026-07-07T16:21:06.955+00:00 VCP run=1 step=0 angle=313594 target=314121 err=527 steer=-39400 m1=-3740/-196831 i1=-329 t1=35 m2=1759/88481 i2=4 t2=35 steerMode=-54175/-52049 iSteer=-162378 driveMode=-142656/-144964 iDrive=-166675 scale=0 wheel=-415000 ffS=-40000
2026-07-07T16:21:07.057+00:00 VCP run=1 step=0 angle=290742 target=291533 err=791 steer=-38671 m1=-3717/-195829 i1=-322 t1=35 m2=1768/89483 i2=27 t2=35 steerMode=-53173/-51251 iSteer=-147716 driveMode=-142656/-144583 iDrive=-174326 scale=0 wheel=-415000 ffS=-40000
2026-07-07T16:21:07.159+00:00 VCP run=1 step=0 angle=268154 target=268594 err=440 steer=-40000 m1=-3746/-197656 i1=-353 t1=35 m2=1730/87656 i2=58 t2=35 steerMode=-55000/-53041 iSteer=-147087 driveMode=-142656/-143460 iDrive=-205574 scale=0 wheel=-415000 ffS=-40000
2026-07-07T16:21:07.258+00:00 VCP run=1 step=0 angle=248379 target=249394 err=1015 steer=-36806 m1=-3533/-193265 i1=-665 t1=35 m2=1990/92048 i2=-334 t2=35 steerMode=-50608/-41288 iSteer=-499081 driveMode=-142656/-144715 iDrive=-165438 scale=0 wheel=-415000 ffS=-40000
2026-07-07T16:21:07.258+00:00 VCP SET_TARGET_RX steer=240933 wheel=-415000
2026-07-07T16:21:07.355+00:00 VCP run=1 step=0 angle=226758 target=226516 err=-242 steer=-40000 m1=-3730/-197656 i1=-362 t1=35 m2=1764/87656 i2=-30 t2=35 steerMode=-55000/-51898 iSteer=-196299 driveMode=-142656/-144557 iDrive=-166162 scale=0 wheel=-415000 ffS=-40000
2026-07-07T16:21:07.355+00:00 VCP SET_TARGET_FF_RX steerRate=-240000 wheelAccel=0
2026-07-07T16:21:07.457+00:00 VCP run=1 step=0 angle=204609 target=203930 err=-679 steer=-40000 m1=-3677/-197656 i1=-461 t1=35 m2=1726/87656 i2=-87 t2=35 steerMode=-55000/-50260 iSteer=-273751 driveMode=-142656/-143783 iDrive=-187151 scale=0 wheel=-415000 ffS=-40000
2026-07-07T16:21:07.559+00:00 VCP run=1 step=0 angle=180879 target=181758 err=879 steer=-38800 m1=-3786/-196006 i1=-96 t1=35 m2=1726/89306 i2=248 t2=35 steerMode=-53350/-55621 iSteer=76246 driveMode=-142656/-144220 iDrive=-171935 scale=0 wheel=-415000 ffS=-40000
2026-07-07T16:21:07.661+00:00 VCP run=1 step=0 angle=158906 target=159609 err=703 steer=-38664 m1=-3711/-195819 i1=-323 t1=35 m2=1785/89493 i2=-17 t2=35 steerMode=-53163/-50456 iSteer=-169971 driveMode=-142656/-144725 iDrive=-153315 scale=0 wheel=-415000 ffS=-40000
2026-07-07T16:21:07.759+00:00 VCP run=1 step=0 angle=139043 target=140385 err=1342 steer=-34967 m1=-3439/-190736 i1=-681 t1=35 m2=2023/94577 i2=-330 t2=35 steerMode=-48079/-38324 iSteer=-505732 driveMode=-142656/-143899 iDrive=-175713 scale=0 wheel=-415000 ffS=-40000
2026-07-07T16:21:07.760+00:00 VCP SET_TARGET_RX steer=131059 wheel=-415000
2026-07-07T16:21:07.857+00:00 VCP run=1 step=0 angle=116631 target=116648 err=17 steer=-38893 m1=-3763/-196134 i1=-157 t1=35 m2=1680/89178 i2=184 t2=35 steerMode=-53478/-54383 iSteer=13650 driveMode=-142656/-143981 iDrive=-170618 scale=0 wheel=-415000 ffS=-40000
2026-07-07T16:21:07.857+00:00 VCP SET_TARGET_FF_RX steerRate=-240000 wheelAccel=0
2026-07-07T16:21:07.959+00:00 VCP run=1 step=0 angle=95273 target=94660 err=-613 steer=-39677 m1=-3637/-197212 i1=-542 t1=35 m2=1797/88101 i2=-194 t2=35 steerMode=-54555/-47699 iSteer=-368059 driveMode=-142656/-143805 iDrive=-174020 scale=0 wheel=-415000 ffS=-40000
2026-07-07T16:21:08.062+00:00 VCP run=1 step=0 angle=74531 target=74795 err=264 steer=-37809 m1=-3579/-194643 i1=-518 t1=35 m2=1927/90669 i2=-184 t2=35 steerMode=-51987/-45308 iSteer=-350758 driveMode=-142656/-143956 iDrive=-167195 scale=0 wheel=-415000 ffS=-40000
2026-07-07T16:21:08.164+00:00 VCP run=1 step=0 angle=52998 target=52390 err=-608 steer=-39690 m1=-3702/-197230 i1=-387 t1=35 m2=1732/88083 i2=-45 t2=35 steerMode=-54574/-50673 iSteer=-215624 driveMode=-142656/-143749 iDrive=-170901 scale=0 wheel=-415000 ffS=-40000
2026-07-07T16:21:08.262+00:00 VCP run=1 step=0 angle=31641 target=31067 err=-574 steer=-39757 m1=-3667/-197322 i1=-503 t1=35 m2=1778/87990 i2=-166 t2=35 steerMode=-54666/-48344 iSteer=-334551 driveMode=-142656/-143783 iDrive=-168202 scale=0 wheel=-415000 ffS=-40000
2026-07-07T16:21:08.262+00:00 VCP SET_TARGET_RX steer=24724 wheel=-415000
2026-07-07T16:21:08.360+00:00 VCP run=1 step=0 angle=10459 target=10302 err=-157 steer=-38988 m1=-3625/-196264 i1=-522 t1=35 m2=1858/89048 i2=-203 t2=35 steerMode=-53608/-46643 iSteer=-362550 driveMode=-142656/-143999 iDrive=-159711 scale=0 wheel=-415000 ffS=-40000
2026-07-07T16:21:08.360+00:00 VCP SET_TARGET_FF_RX steerRate=-240000 wheelAccel=0
2026-07-07T16:21:08.462+00:00 VCP run=1 step=0 angle=348662 target=348773 err=111 steer=-38120 m1=-3652/-195072 i1=-373 t1=35 m2=1828/90241 i2=-43 t2=35 steerMode=-52415/-48494 iSteer=-207878 driveMode=-142656/-143820 iDrive=-165094 scale=0 wheel=-415000 ffS=-40000
2026-07-07T16:21:08.564+00:00 VCP run=1 step=0 angle=327393 target=327374 err=-19 steer=-38802 m1=-3627/-196010 i1=-465 t1=35 m2=1812/89303 i2=-137 t2=35 steerMode=-53353/-47572 iSteer=-300872 driveMode=-142656/-143855 iDrive=-164044 scale=0 wheel=-415000 ffS=-40000
2026-07-07T16:21:08.665+00:00 VCP run=1 step=0 angle=306738 target=306246 err=-492 steer=-39451 m1=-3614/-196901 i1=-572 t1=35 m2=1881/88412 i2=-215 t2=35 steerMode=-54245/-46536 iSteer=-393313 driveMode=-142656/-143375 iDrive=-178424 scale=0 wheel=-415000 ffS=-40000
2026-07-07T16:21:08.763+00:00 VCP run=1 step=0 angle=284854 target=284414 err=-440 steer=-39547 m1=-3690/-197033 i1=-388 t1=35 m2=1736/88280 i2=-29 t2=35 steerMode=-54377/-50374 iSteer=-208303 driveMode=-142656/-143338 iDrive=-179538 scale=0 wheel=-415000 ffS=-40000
2026-07-07T16:21:08.764+00:00 VCP SET_TARGET_RX steer=277589 wheel=-415000
2026-07-07T16:21:08.861+00:00 VCP run=1 step=0 angle=263232 target=263180 err=-52 steer=-38892 m1=-3623/-196133 i1=-475 t1=35 m2=1814/89179 i2=-92 t2=35 steerMode=-53477/-47889 iSteer=-283638 driveMode=-142656/-142930 iDrive=-191797 scale=0 wheel=-415000 ffS=-40000
2026-07-07T16:21:08.861+00:00 VCP SET_TARGET_FF_RX steerRate=-240000 wheelAccel=0
2026-07-07T16:21:08.963+00:00 VCP run=1 step=0 angle=242754 target=242527 err=-227 steer=-38996 m1=-3614/-196275 i1=-513 t1=35 m2=1824/89037 i2=-113 t2=35 steerMode=-53619/-47396 iSteer=-312830 driveMode=-142656/-142661 iDrive=-199856 scale=0 wheel=-415000 ffS=-40000
2026-07-07T16:21:09.065+00:00 VCP run=1 step=0 angle=221309 target=220630 err=-679 steer=-39873 m1=-3642/-197482 i1=-470 t1=35 m2=1770/87831 i2=-82 t2=35 steerMode=-54825/-49307 iSteer=-276051 driveMode=-142656/-142847 iDrive=-194387 scale=0 wheel=-415000 ffS=-40000
2026-07-07T16:21:09.179+00:00 VCP run=1 step=0 angle=199688 target=199019 err=-668 steer=-39701 m1=-3635/-197245 i1=-477 t1=35 m2=1826/88067 i2=-96 t2=35 steerMode=-54589/-48797 iSteer=-286616 driveMode=-142656/-142964 iDrive=-190766 scale=0 wheel=-415000 ffS=-40000
2026-07-07T16:21:09.179+00:00 VCP run=1 step=0 angle=179121 target=178537 err=-584 steer=-39728 m1=-3604/-197282 i1=-604 t1=35 m2=1791/88030 i2=-229 t2=35 steerMode=-54626/-46199 iSteer=-416246 driveMode=-142656/-143078 iDrive=-187346 scale=0 wheel=-415000 ffS=-40000
2026-07-07T16:21:09.265+00:00 VCP SET_TARGET_RX steer=176309 wheel=-415000
2026-07-07T16:21:09.362+00:00 VCP run=1 step=0 angle=159961 target=161897 err=1936 steer=-33961 m1=-3422/-189352 i1=-573 t1=35 m2=2071/95960 i2=-265 t2=35 steerMode=-46696/-37952 iSteer=-419208 driveMode=-142656/-144185 iDrive=-154133 scale=0 wheel=-415000 ffS=-40000
2026-07-07T16:21:09.363+00:00 VCP SET_TARGET_FF_RX steerRate=-240000 wheelAccel=0
2026-07-07T16:21:09.464+00:00 VCP run=1 step=0 angle=138779 target=137900 err=-879 steer=-40000 m1=-3769/-197656 i1=-226 t1=35 m2=1690/87656 i2=115 t2=35 steerMode=-55000/-53927 iSteer=-55501 driveMode=-142656/-143648 iDrive=-170243 scale=0 wheel=-415000 ffS=-40000
2026-07-07T16:21:09.646+00:00 VCP run=1 step=0 angle=115400 target=114961 err=-439 steer=-39732 m1=-3665/-197288 i1=-454 t1=35 m2=1797/88024 i2=-122 t2=35 steerMode=-54632/-48804 iSteer=-287804 driveMode=-142656/-143794 iDrive=-165869 scale=0 wheel=-415000 ffS=-40000
2026-07-07T16:21:09.646+00:00 VCP run=1 step=0 angle=95889 target=95751 err=-138 steer=-38462 m1=-3566/-195541 i1=-623 t1=35 m2=1870/89772 i2=-281 t2=35 steerMode=-52885/-43636 iSteer=-451796 driveMode=-142656/-143616 iDrive=-171203 scale=0 wheel=-415000 ffS=-40000
2026-07-07T16:21:09.680+00:00 VCP run=1 step=0 angle=78486 target=93779 err=15293 steer=-9415 m1=-3022/-155601 i1=592 t1=35 m2=2375/129711 i2=1008 t2=35 steerMode=-12945/-28034 iSteer=800318 driveMode=-142656/-142402 iDrive=-207821 scale=0 wheel=-415000 ffS=-40000
2026-07-07T16:21:09.779+00:00 VCP SET_TARGET_RX steer=84197 wheel=-415000
2026-07-07T16:21:09.779+00:00 VCP run=1 step=0 angle=70400 target=69796 err=-604 steer=-39924 m1=-3640/-197552 i1=-1189 t1=35 m2=1837/87760 i2=-876 t2=35 steerMode=-54896/-34319 iSteer=-1032594 driveMode=-142656/-144108 iDrive=-156438 scale=0 wheel=-415000 ffS=-40000
2026-07-07T16:21:09.864+00:00 VCP SET_TARGET_FF_RX steerRate=-240000 wheelAccel=0
2026-07-07T16:21:10.046+00:00 VCP run=1 step=0 angle=45000 target=45759 err=759 steer=-36952 m1=-3621/-193465 i1=-28 t1=35 m2=1854/91847 i2=331 t2=35 steerMode=-50809/-53693 iSteer=151825 driveMode=-142656/-143334 iDrive=-179665 scale=0 wheel=-415000 ffS=-40000
2026-07-07T16:21:10.047+00:00 VCP run=1 step=0 angle=24170 target=25400 err=1230 steer=-38200 m1=-3763/-195181 i1=-212 t1=35 m2=1682/90131 i2=143 t2=35 steerMode=-52525/-51951 iSteer=-34514 driveMode=-142656/-143408 iDrive=-177455 scale=0 wheel=-415000 ffS=-40000
2026-07-07T16:21:10.149+00:00 VCP run=1 step=0 angle=7646 target=25400 err=17754 steer=-4493 m1=-2788/-148834 i1=390 t1=35 m2=2632/136478 i2=716 t2=35 steerMode=-6178/-16277 iSteer=553208 driveMode=-142656/-143894 iDrive=-162869 scale=0 wheel=-415000 ffS=-40000
2026-07-07T16:21:10.247+00:00 VCP run=1 step=0 angle=2725 target=1423 err=-1302 steer=-40000 m1=-3681/-197656 i1=-1209 t1=35 m2=1793/87656 i2=-875 t2=35 steerMode=-55000/-34449 iSteer=-1042050 driveMode=-142656/-143768 iDrive=-166659 scale=0 wheel=-415000 ffS=-40000
2026-07-07T16:21:10.247+00:00 VCP SET_TARGET_RX steer=351836 wheel=-415000
2026-07-07T16:21:10.282+00:00 VCP run=1 step=0 angle=336182 target=337445 err=1263 steer=-35677 m1=-3598/-191713 i1=1 t1=35 m2=1828/93600 i2=383 t2=35 steerMode=-49057/-52832 iSteer=191881 driveMode=-142656/-142966 iDrive=-190721 scale=0 wheel=-415000 ffS=-40000
2026-07-07T16:21:10.447+00:00 VCP SET_TARGET_FF_RX steerRate=-240000 wheelAccel=0
2026-07-07T16:21:10.447+00:00 VCP run=1 step=0 angle=315527 target=313416 err=-2111 steer=-40000 m1=-3786/-197656 i1=-297 t1=35 m2=1703/87656 i2=17 t2=35 steerMode=-55000/-52482 iSteer=-140040 driveMode=-142656/-144101 iDrive=-156645 scale=0 wheel=-415000 ffS=-40000
2026-07-07T16:21:10.549+00:00 VCP run=1 step=0 angle=290918 target=291182 err=264 steer=-40000 m1=-3730/-197656 i1=-214 t1=35 m2=1678/87656 i2=186 t2=35 steerMode=-55000/-54921 iSteer=-13759 driveMode=-142656/-142653 iDrive=-200096 scale=0 wheel=-415000 ffS=-40000
2026-07-07T16:21:10.651+00:00 VCP run=1 step=0 angle=268945 target=270527 err=1582 steer=-36837 m1=-3727/-193307 i1=-155 t1=35 m2=1709/92006 i2=223 t2=35 steerMode=-50650/-51510 iSteer=34150 driveMode=-142656/-143031 iDrive=-189168 scale=0 wheel=-415000 ffS=-40000
2026-07-07T16:21:10.749+00:00 VCP run=1 step=0 angle=247324 target=246503 err=-821 steer=-39017 m1=-3658/-196305 i1=-427 t1=35 m2=1757/89008 i2=-73 t2=35 steerMode=-53648/-48779 iSteer=-250017 driveMode=-142656/-143409 iDrive=-177420 scale=0 wheel=-415000 ffS=-40000
2026-07-07T16:21:10.749+00:00 VCP SET_TARGET_RX steer=236949 wheel=-415000
2026-07-07T16:21:10.847+00:00 VCP run=1 step=0 angle=223857 target=223945 err=88 steer=-40000 m1=-3744/-197656 i1=-243 t1=35 m2=1688/87656 i2=170 t2=35 steerMode=-55000/-54477 iSteer=-36504 driveMode=-142656/-142455 iDrive=-206070 scale=0 wheel=-415000 ffS=-40000
2026-07-07T16:21:10.847+00:00 VCP SET_TARGET_FF_RX steerRate=-240000 wheelAccel=0
2026-07-07T16:21:10.949+00:00 VCP run=1 step=0 angle=201797 target=202324 err=527 steer=-39400 m1=-3730/-196831 i1=-282 t1=35 m2=1738/88481 i2=71 t2=35 steerMode=-54175/-52277 iSteer=-105294 driveMode=-142656/-143449 iDrive=-176217 scale=0 wheel=-415000 ffS=-40000
2026-07-07T16:21:11.051+00:00 VCP run=1 step=0 angle=179561 target=178857 err=-704 steer=-39850 m1=-3667/-197449 i1=-443 t1=35 m2=1745/87863 i2=-88 t2=35 steerMode=-54793/-49626 iSteer=-265530 driveMode=-142656/-143408 iDrive=-177453 scale=0 wheel=-415000 ffS=-40000
2026-07-07T16:21:11.153+00:00 VCP run=1 step=0 angle=156270 target=156797 err=527 steer=-39400 m1=-3736/-196831 i1=-203 t1=35 m2=1728/88481 i2=127 t2=35 steerMode=-54175/-53612 iSteer=-38037 driveMode=-142656/-143835 iDrive=-164626 scale=0 wheel=-415000 ffS=-40000
2026-07-07T16:21:11.251+00:00 VCP run=1 step=0 angle=134121 target=134561 err=440 steer=-40000 m1=-3677/-197656 i1=-432 t1=35 m2=1730/87656 i2=-87 t2=35 steerMode=-55000/-49977 iSteer=-259371 driveMode=-142656/-143566 iDrive=-172696 scale=0 wheel=-415000 ffS=-40000
2026-07-07T16:21:11.251+00:00 VCP SET_TARGET_RX steer=124979 wheel=-415000
2026-07-07T16:21:11.349+00:00 VCP run=1 step=0 angle=111182 target=111270 err=88 steer=-38804 m1=-3679/-196011 i1=-369 t1=35 m2=1793/89301 i2=-49 t2=35 steerMode=-53355/-49277 iSteer=-208605 driveMode=-142656/-143986 iDrive=-160104 scale=0 wheel=-415000 ffS=-40000
2026-07-07T16:21:11.349+00:00 VCP SET_TARGET_FF_RX steerRate=-240000 wheelAccel=0
2026-07-07T16:21:11.451+00:00 VCP run=1 step=0 angle=89033 target=89121 err=88 steer=-40000 m1=-3746/-197656 i1=-280 t1=35 m2=1688/87656 i2=55 t2=35 steerMode=-55000/-52932 iSteer=-112765 driveMode=-142656/-143737 iDrive=-167567 scale=0 wheel=-415000 ffS=-40000
2026-07-07T16:21:11.553+00:00 VCP run=1 step=0 angle=66357 target=66182 err=-175 steer=-40000 m1=-3677/-197656 i1=-384 t1=35 m2=1732/87656 i2=-28 t2=35 steerMode=-55000/-51010 iSteer=-206023 driveMode=-142656/-143379 iDrive=-178329 scale=0 wheel=-415000 ffS=-40000
2026-07-07T16:21:11.656+00:00 VCP run=1 step=0 angle=43682 target=44033 err=351 steer=-40000 m1=-3694/-197656 i1=-347 t1=35 m2=1753/87656 i2=50 t2=35 steerMode=-55000/-52184 iSteer=-148607 driveMode=-142656/-142709 iDrive=-198406 scale=0 wheel=-415000 ffS=-40000
2026-07-07T16:21:11.754+00:00 VCP run=1 step=0 angle=21270 target=21357 err=87 steer=-39864 m1=-3681/-197469 i1=-427 t1=35 m2=1768/87844 i2=-44 t2=35 steerMode=-54812/-50236 iSteer=-235673 driveMode=-142656/-142933 iDrive=-191685 scale=0 wheel=-415000 ffS=-40000
2026-07-07T16:21:11.754+00:00 VCP SET_TARGET_RX steer=11757 wheel=-415000
2026-07-07T16:21:11.852+00:00 VCP run=1 step=0 angle=358594 target=358682 err=88 steer=-40000 m1=-3715/-197656 i1=-342 t1=35 m2=1745/87656 i2=-27 t2=35 steerMode=-55000/-51474 iSteer=-184509 driveMode=-142656/-144079 iDrive=-157305 scale=0 wheel=-415000 ffS=-40000
2026-07-07T16:21:11.852+00:00 VCP SET_TARGET_FF_RX steerRate=-240000 wheelAccel=0
2026-07-07T16:21:11.954+00:00 VCP run=1 step=0 angle=336006 target=336270 err=264 steer=-40000 m1=-3684/-197656 i1=-394 t1=35 m2=1718/87656 i2=27 t2=35 steerMode=-55000/-51503 iSteer=-183355 driveMode=-142656/-142311 iDrive=-210472 scale=0 wheel=-415000 ffS=-40000
2026-07-07T16:21:12.056+00:00 VCP run=1 step=0 angle=312363 target=313594 err=1231 steer=-37539 m1=-3621/-194272 i1=-328 t1=35 m2=1791/91041 i2=100 t2=35 steerMode=-51615/-49420 iSteer=-114142 driveMode=-142656/-142219 iDrive=-213732 scale=0 wheel=-415000 ffS=-40000
2026-07-07T16:21:12.158+00:00 VCP run=1 step=0 angle=291621 target=291006 err=-615 steer=-40000 m1=-3740/-197656 i1=-329 t1=35 m2=1726/87656 i2=24 t2=35 steerMode=-55000/-52160 iSteer=-152427 driveMode=-142656/-143458 iDrive=-176189 scale=0 wheel=-415000 ffS=-40000
2026-07-07T16:21:12.256+00:00 VCP run=1 step=0 angle=268506 target=267363 err=-1143 steer=-40000 m1=-3715/-197656 i1=-311 t1=35 m2=1738/87656 i2=58 t2=35 steerMode=-55000/-52607 iSteer=-126350 driveMode=-142656/-143184 iDrive=-184165 scale=0 wheel=-415000 ffS=-40000
2026-07-07T16:21:12.256+00:00 VCP SET_TARGET_RX steer=262513 wheel=-415000
2026-07-07T16:21:12.354+00:00 VCP run=1 step=0 angle=248379 target=248134 err=-245 steer=-37765 m1=-3535/-194582 i1=-658 t1=35 m2=1927/90730 i2=-279 t2=35 steerMode=-51926/-42499 iSteer=-468166 driveMode=-142656/-143005 iDrive=-189545 scale=0 wheel=-415000 ffS=-40000
2026-07-07T16:21:12.354+00:00 VCP SET_TARGET_FF_RX steerRate=-240000 wheelAccel=0
2026-07-07T16:21:12.456+00:00 VCP run=1 step=0 angle=225352 target=224138 err=-1214 steer=-40000 m1=-3744/-197656 i1=-176 t1=35 m2=1672/87656 i2=231 t2=35 steerMode=-55000/-55692 iSteer=27639 driveMode=-142656/-142548 iDrive=-203302 scale=0 wheel=-415000 ffS=-40000
2026-07-07T16:21:12.558+00:00 VCP run=1 step=0 angle=202500 target=203379 err=879 steer=-38800 m1=-3750/-196006 i1=-184 t1=35 m2=1699/89306 i2=229 t2=35 steerMode=-53350/-53961 iSteer=22749 driveMode=-142656/-142470 iDrive=-206362 scale=0 wheel=-415000 ffS=-40000
2026-07-07T16:21:12.660+00:00 VCP run=1 step=0 angle=180967 target=180352 err=-615 steer=-40000 m1=-3677/-197656 i1=-495 t1=35 m2=1766/87656 i2=-162 t2=35 steerMode=-55000/-48523 iSteer=-328154 driveMode=-142656/-143774 iDrive=-166473 scale=0 wheel=-415000 ffS=-40000
2026-07-07T16:21:12.758+00:00 VCP run=1 step=0 angle=160488 target=161121 err=633 steer=-35759 m1=-3522/-191826 i1=-533 t1=35 m2=1971/93487 i2=-204 t2=35 steerMode=-49169/-41685 iSteer=-368378 driveMode=-142656/-143844 iDrive=-164375 scale=0 wheel=-415000 ffS=-40000
2026-07-07T16:21:12.758+00:00 VCP SET_TARGET_RX steer=152691 wheel=-415000
2026-07-07T16:21:12.856+00:00 VCP run=1 step=0 angle=139131 target=138286 err=-845 steer=-39454 m1=-3740/-196905 i1=-269 t1=35 m2=1732/88407 i2=59 t2=35 steerMode=-54249/-52265 iSteer=-104714 driveMode=-142656/-143854 iDrive=-164054 scale=0 wheel=-415000 ffS=-40000
2026-07-07T16:21:12.856+00:00 VCP SET_TARGET_FF_RX steerRate=-240000 wheelAccel=0
2026-07-07T16:21:12.957+00:00 VCP run=1 step=0 angle=117246 target=116744 err=-502 steer=-38203 m1=-3617/-195185 i1=-476 t1=35 m2=1822/90127 i2=-144 t2=35 steerMode=-52529/-46312 iSteer=-309936 driveMode=-142656/-143781 iDrive=-166250 scale=0 wheel=-415000 ffS=-40000
2026-07-07T16:21:13.059+00:00 VCP run=1 step=0 angle=94395 target=94131 err=-264 steer=-40000 m1=-3786/-197656 i1=-170 t1=35 m2=1642/87656 i2=149 t2=35 steerMode=-55000/-54916 iSteer=-10439 driveMode=-142656/-144002 iDrive=-159643 scale=0 wheel=-415000 ffS=-40000
2026-07-07T16:21:13.162+00:00 VCP run=1 step=0 angle=71543 target=72246 err=703 steer=-38594 m1=-3702/-195723 i1=-240 t1=35 m2=1734/89590 i2=131 t2=35 steerMode=-53067/-52035 iSteer=-54490 driveMode=-142656/-143135 iDrive=-185648 scale=0 wheel=-415000 ffS=-40000
2026-07-07T16:21:13.260+00:00 VCP run=1 step=0 angle=52734 target=53023 err=289 steer=-36276 m1=-3474/-192536 i1=-730 t1=35 m2=1969/92777 i2=-363 t2=35 steerMode=-49879/-38772 iSteer=-546323 driveMode=-142656/-143216 iDrive=-183202 scale=0 wheel=-415000 ffS=-40000
2026-07-07T16:21:13.260+00:00 VCP SET_TARGET_RX steer=44545 wheel=-415000
2026-07-07T16:21:13.358+00:00 VCP run=1 step=0 angle=30938 target=30144 err=-793 steer=-38351 m1=-3740/-195390 i1=-141 t1=35 m2=1722/89923 i2=203 t2=35 steerMode=-52733/-53425 iSteer=30992 driveMode=-142656/-143585 iDrive=-172129 scale=0 wheel=-415000 ffS=-40000
2026-07-07T16:21:13.358+00:00 VCP SET_TARGET_FF_RX steerRate=-240000 wheelAccel=0
2026-07-07T16:21:13.460+00:00 VCP run=1 step=0 angle=8438 target=7734 err=-703 steer=-40000 m1=-3717/-197656 i1=-383 t1=35 m2=1705/87656 i2=-51 t2=35 steerMode=-55000/-50765 iSteer=-216838 driveMode=-142656/-143785 iDrive=-166152 scale=0 wheel=-415000 ffS=-40000
2026-07-07T16:21:13.562+00:00 VCP run=1 step=0 angle=348750 target=348486 err=-264 steer=-36743 m1=-3550/-193178 i1=-555 t1=35 m2=1914/92134 i2=-226 t2=35 steerMode=-50522/-42612 iSteer=-390484 driveMode=-142656/-143840 iDrive=-164487 scale=0 wheel=-415000 ffS=-40000
2026-07-07T16:21:13.664+00:00 VCP run=1 step=0 angle=327217 target=326717 err=-500 steer=-37598 m1=-3648/-194354 i1=-315 t1=35 m2=1776/90959 i2=36 t2=35 steerMode=-51698/-48908 iSteer=-139394 driveMode=-142656/-143470 iDrive=-175603 scale=0 wheel=-415000 ffS=-40000
2026-07-07T16:21:13.762+00:00 VCP run=1 step=0 angle=305068 target=304247 err=-821 steer=-39431 m1=-3686/-196874 i1=-387 t1=35 m2=1766/88439 i2=-31 t2=35 steerMode=-54217/-50053 iSteer=-208888 driveMode=-142656/-143380 iDrive=-178295 scale=0 wheel=-415000 ffS=-40000
2026-07-07T16:21:13.762+00:00 VCP SET_TARGET_RX steer=298910 wheel=-415000
2026-07-07T16:21:13.860+00:00 VCP run=1 step=0 angle=285205 target=284527 err=-678 steer=-37691 m1=-3587/-194482 i1=-510 t1=35 m2=1831/90831 i2=-155 t2=35 steerMode=-51826/-45062 iSteer=-332741 driveMode=-142656/-143405 iDrive=-177551 scale=0 wheel=-415000 ffS=-40000
2026-07-07T16:21:13.860+00:00 VCP SET_TARGET_FF_RX steerRate=-240000 wheelAccel=0
2026-07-07T16:21:13.962+00:00 VCP run=1 step=0 angle=263760 target=263004 err=-756 steer=-37956 m1=-3644/-194846 i1=-377 t1=35 m2=1787/90466 i2=4 t2=35 steerMode=-52190/-48392 iSteer=-186148 driveMode=-142656/-142971 iDrive=-190558 scale=0 wheel=-415000 ffS=-40000
2026-07-07T16:21:14.064+00:00 VCP run=1 step=0 angle=242051 target=240843 err=-1208 steer=-39222 m1=-3690/-196587 i1=-329 t1=35 m2=1766/88726 i2=48 t2=35 steerMode=-53930/-51096 iSteer=-140419 driveMode=-142656/-143027 iDrive=-188872 scale=0 wheel=-415000 ffS=-40000
2026-07-07T16:21:14.179+00:00 VCP run=1 step=0 angle=221396 target=220987 err=-409 steer=-37446 m1=-3585/-194144 i1=-489 t1=35 m2=1860/91168 i2=-112 t2=35 steerMode=-51488/-45296 iSteer=-300355 driveMode=-142656/-143039 iDrive=-188506 scale=0 wheel=-415000 ffS=-40000
2026-07-07T16:21:14.179+00:00 VCP run=1 step=0 angle=200566 target=199532 err=-1034 steer=-38670 m1=-3646/-195827 i1=-435 t1=35 m2=1741/89486 i2=-24 t2=35 steerMode=-53171/-48431 iSteer=-229665 driveMode=-142656/-142488 iDrive=-205261 scale=0 wheel=-415000 ffS=-40000
2026-07-07T16:21:14.264+00:00 VCP SET_TARGET_RX steer=197051 wheel=-415000
2026-07-07T16:21:14.361+00:00 VCP run=1 step=0 angle=181318 target=182652 err=1334 steer=-33266 m1=-3432/-188397 i1=-504 t1=35 m2=2031/96915 i2=-157 t2=35 steerMode=-45741/-38730 iSteer=-330491 driveMode=-142656/-143535 iDrive=-173632 scale=0 wheel=-415000 ffS=-40000
2026-07-07T16:21:14.361+00:00 VCP SET_TARGET_FF_RX steerRate=-240000 wheelAccel=0
2026-07-07T16:21:14.463+00:00 VCP run=1 step=0 angle=160488 target=158652 err=-1836 steer=-40000 m1=-3815/-197656 i1=-181 t1=35 m2=1655/87656 i2=142 t2=35 steerMode=-55000/-54647 iSteer=-19593 driveMode=-142656/-143941 iDrive=-161469 scale=0 wheel=-415000 ffS=-40000
2026-07-07T16:21:14.644+00:00 VCP run=1 step=0 angle=137373 target=136363 err=-1010 steer=-38477 m1=-3658/-195562 i1=-348 t1=35 m2=1793/89750 i2=-36 t2=35 steerMode=-52906/-48963 iSteer=-191569 driveMode=-142656/-144124 iDrive=-155954 scale=0 wheel=-415000 ffS=-40000
2026-07-07T16:21:14.645+00:00 VCP run=1 step=0 angle=122080 target=146362 err=24282 steer=15523 m1=-2600/-121312 i1=1538 t1=35 m2=2868/164000 i2=1890 t2=35 steerMode=21344/-11535 iSteer=1714202 driveMode=-142656/-143456 iDrive=-176013 scale=0 wheel=-415000 ffS=16667
2026-07-07T16:21:14.681+00:00 VCP run=1 step=0 angle=142910 target=156363 err=13453 steer=40000 m1=-1493/-87656 i1=-432 t1=35 m2=3946/197656 i2=-54 t2=35 steerMode=55000/62057 iSteer=-242921 driveMode=-142656/-143032 iDrive=-188717 scale=0 wheel=-415000 ffS=16667
2026-07-07T16:21:14.779+00:00 VCP SET_TARGET_RX steer=160364 wheel=-415000
2026-07-07T16:21:14.779+00:00 VCP run=1 step=0 angle=163301 target=166362 err=3061 steer=22789 m1=-2217/-111321 i1=-218 t1=35 m2=3222/173991 i2=167 t2=35 steerMode=31335/33263 iSteer=-25816 driveMode=-142656/-142907 iDrive=-192485 scale=0 wheel=-415000 ffS=16667
2026-07-07T16:21:14.863+00:00 VCP SET_TARGET_FF_RX steerRate=100000 wheelAccel=0
2026-07-07T16:21:15.046+00:00 VCP run=1 step=0 angle=175078 target=176364 err=1286 steer=19238 m1=-2219/-116203 i1=-128 t1=35 m2=3270/169109 i2=182 t2=35 steerMode=26453/27396 iSteer=26841 driveMode=-142656/-144155 iDrive=-155033 scale=0 wheel=-415000 ffS=16667
2026-07-07T16:21:15.046+00:00 VCP run=1 step=0 angle=185977 target=186363 err=386 steer=17191 m1=-2313/-119018 i1=-53 t1=35 m2=3151/166294 i2=290 t2=35 steerMode=23638/22621 iSteer=118415 driveMode=-142656/-143616 iDrive=-171206 scale=0 wheel=-415000 ffS=16667
2026-07-07T16:21:15.148+00:00 VCP run=1 step=0 angle=197314 target=196364 err=-950 steer=14766 m1=-2313/-122353 i1=-218 t1=35 m2=3155/162959 i2=126 t2=35 steerMode=20303/22544 iSteer=-45860 driveMode=-142656/-143588 iDrive=-172033 scale=0 wheel=-415000 ffS=16667
2026-07-07T16:21:15.247+00:00 VCP run=1 step=0 angle=206367 target=206361 err=-6 steer=16667 m1=-2279/-119740 i1=-97 t1=35 m2=3145/165573 i2=285 t2=35 steerMode=22917/22399 iSteer=93891 driveMode=-142656/-142953 iDrive=-191108 scale=0 wheel=-415000 ffS=16667
2026-07-07T16:21:15.247+00:00 VCP SET_TARGET_RX steer=210364 wheel=-415000
2026-07-07T16:21:15.345+00:00 VCP run=1 step=0 angle=215859 target=216364 err=505 steer=17676 m1=-2327/-118352 i1=54 t1=35 m2=3132/166961 i2=407 t2=35 steerMode=24304/21000 iSteer=230143 driveMode=-142656/-143435 iDrive=-176642 scale=0 wheel=-415000 ffS=16667
2026-07-07T16:21:15.345+00:00 VCP SET_TARGET_FF_RX steerRate=100000 wheelAccel=0
2026-07-07T16:21:15.448+00:00 VCP run=1 step=0 angle=226143 target=226365 err=222 steer=16667 m1=-2281/-119740 i1=-171 t1=35 m2=3159/165573 i2=176 t2=35 steerMode=22917/24165 iSteer=2942 driveMode=-142656/-143538 iDrive=-173537 scale=0 wheel=-415000 ffS=16667
2026-07-07T16:21:15.550+00:00 VCP run=1 step=0 angle=235986 target=236364 err=378 steer=17057 m1=-2294/-119204 i1=-52 t1=35 m2=3168/166109 i2=268 t2=35 steerMode=23453/22598 iSteer=108067 driveMode=-142656/-143989 iDrive=-160024 scale=0 wheel=-415000 ffS=16667
2026-07-07T16:21:15.653+00:00 VCP run=1 step=0 angle=245742 target=246361 err=619 steer=17904 m1=-2288/-118038 i1=-58 t1=35 m2=3170/167275 i2=318 t2=35 steerMode=24618/23332 iSteer=129630 driveMode=-142656/-143059 iDrive=-187908 scale=0 wheel=-415000 ffS=16667
2026-07-07T16:21:15.751+00:00 VCP run=1 step=0 angle=255850 target=256364 err=514 steer=17695 m1=-2296/-118325 i1=-14 t1=35 m2=3134/166988 i2=341 t2=35 steerMode=24331/22328 iSteer=163324 driveMode=-142656/-143403 iDrive=-177589 scale=0 wheel=-415000 ffS=16667
2026-07-07T16:21:15.751+00:00 VCP SET_TARGET_RX steer=260361 wheel=-415000
2026-07-07T16:21:15.850+00:00 VCP run=1 step=0 angle=265693 target=266361 err=668 steer=18002 m1=-2302/-117904 i1=11 t1=35 m2=3113/167409 i2=375 t2=35 steerMode=24753/22133 iSteer=192833 driveMode=-142656/-143267 iDrive=-181668 scale=0 wheel=-415000 ffS=16667
2026-07-07T16:21:15.850+00:00 VCP SET_TARGET_FF_RX steerRate=100000 wheelAccel=0
2026-07-07T16:21:15.952+00:00 VCP run=1 step=0 angle=275537 target=276361 err=824 steer=18314 m1=-2286/-117474 i1=16 t1=35 m2=3122/167839 i2=374 t2=35 steerMode=25182/22520 iSteer=194788 driveMode=-142656/-143352 iDrive=-179140 scale=0 wheel=-415000 ffS=16667
2026-07-07T16:21:16.055+00:00 VCP run=1 step=0 angle=285732 target=286363 err=631 steer=17928 m1=-2271/-118005 i1=-90 t1=35 m2=3130/167307 i2=314 t2=35 steerMode=24651/23620 iSteer=112223 driveMode=-142656/-142590 iDrive=-202032 scale=0 wheel=-415000 ffS=16667
2026-07-07T16:21:16.157+00:00 VCP run=1 step=0 angle=295488 target=296361 err=873 steer=18412 m1=-2317/-117340 i1=-6 t1=35 m2=3159/167973 i2=372 t2=35 steerMode=25317/22851 iSteer=183224 driveMode=-142656/-143025 iDrive=-189004 scale=0 wheel=-415000 ffS=16667
2026-07-07T16:21:16.256+00:00 VCP run=1 step=0 angle=306035 target=306361 err=326 steer=16667 m1=-2290/-119740 i1=-139 t1=35 m2=3153/165573 i2=198 t2=35 steerMode=22917/23481 iSteer=29811 driveMode=-142656/-143704 iDrive=-168570 scale=0 wheel=-415000 ffS=16667
2026-07-07T16:21:16.256+00:00 VCP SET_TARGET_RX steer=310364 wheel=-415000
2026-07-07T16:21:16.354+00:00 VCP run=1 step=0 angle=315088 target=316361 err=1273 steer=19213 m1=-2288/-116238 i1=96 t1=35 m2=3147/169074 i2=497 t2=35 steerMode=26418/21681 iSteer=296688 driveMode=-142656/-142632 iDrive=-200762 scale=0 wheel=-415000 ffS=16667
2026-07-07T16:21:16.354+00:00 VCP SET_TARGET_FF_RX steerRate=100000 wheelAccel=0
2026-07-07T16:21:16.456+00:00 VCP run=1 step=0 angle=325898 target=326363 err=465 steer=17053 m1=-2309/-119209 i1=-119 t1=35 m2=3145/166103 i2=208 t2=35 steerMode=23447/23705 iSteer=44095 driveMode=-142656/-143874 iDrive=-163470 scale=0 wheel=-415000 ffS=16667
2026-07-07T16:21:16.559+00:00 VCP run=1 step=0 angle=336006 target=336368 err=362 steer=16667 m1=-2273/-119740 i1=-116 t1=35 m2=3157/165573 i2=248 t2=35 steerMode=22917/22749 iSteer=66394 driveMode=-142656/-143257 iDrive=-181964 scale=0 wheel=-415000 ffS=16667
2026-07-07T16:21:16.661+00:00 VCP run=1 step=0 angle=345762 target=346362 err=600 steer=17867 m1=-2292/-118089 i1=-21 t1=35 m2=3155/167224 i2=332 t2=35 steerMode=24568/22606 iSteer=155751 driveMode=-142656/-143444 iDrive=-176381 scale=0 wheel=-415000 ffS=16667
2026-07-07T16:21:16.760+00:00 VCP run=1 step=0 angle=355957 target=356362 err=405 steer=16667 m1=-2304/-119740 i1=-91 t1=35 m2=3168/165573 i2=244 t2=35 steerMode=22917/22518 iSteer=76398 driveMode=-142656/-143740 iDrive=-167484 scale=0 wheel=-415000 ffS=16667
2026-07-07T16:21:16.760+00:00 VCP SET_TARGET_RX steer=362 wheel=-415000
2026-07-07T16:21:16.859+00:00 VCP run=1 step=0 angle=6064 target=6361 err=297 steer=16667 m1=-2311/-119740 i1=-59 t1=35 m2=3134/165573 i2=269 t2=35 steerMode=22917/21947 iSteer=105272 driveMode=-142656/-143849 iDrive=-164225 scale=0 wheel=-415000 ffS=16667
2026-07-07T16:21:16.859+00:00 VCP SET_TARGET_FF_RX steerRate=100000 wheelAccel=0
2026-07-07T16:21:16.961+00:00 VCP run=1 step=0 angle=17314 target=16366 err=-948 steer=14958 m1=-2304/-122089 i1=-201 t1=35 m2=3157/163224 i2=131 t2=35 steerMode=20567/22390 iSteer=-34868 driveMode=-142656/-143794 iDrive=-165865 scale=0 wheel=-415000 ffS=16667
2026-07-07T16:21:17.144+00:00 VCP run=1 step=0 angle=26016 target=26363 err=347 steer=16667 m1=-2321/-119740 i1=-28 t1=35 m2=3134/165573 i2=313 t2=35 steerMode=22917/21157 iSteer=142336 driveMode=-142656/-143634 iDrive=-170653 scale=0 wheel=-415000 ffS=16667
2026-07-07T16:21:17.144+00:00 VCP run=1 step=0 angle=35947 target=36365 err=418 steer=16783 m1=-2302/-119580 i1=-131 t1=35 m2=3147/165733 i2=211 t2=35 steerMode=23077/23375 iSteer=39727 driveMode=-142656/-143624 iDrive=-170966 scale=0 wheel=-415000 ffS=16667
2026-07-07T16:21:17.243+00:00 VCP run=1 step=0 angle=45879 target=46366 err=487 steer=17273 m1=-2309/-118905 i1=-29 t1=35 m2=3168/166407 i2=327 t2=35 steerMode=23751/21883 iSteer=149090 driveMode=-142656/-143400 iDrive=-177699 scale=0 wheel=-415000 ffS=16667
2026-07-07T16:21:17.243+00:00 VCP SET_TARGET_RX steer=50364 wheel=-415000
2026-07-07T16:21:17.281+00:00 VCP run=1 step=0 angle=55635 target=56365 err=730 steer=18127 m1=-2319/-117731 i1=18 t1=35 m2=3159/167581 i2=337 t2=35 steerMode=24925/22474 iSteer=177398 driveMode=-142656/-143994 iDrive=-159872 scale=0 wheel=-415000 ffS=16667
2026-07-07T16:21:17.445+00:00 VCP SET_TARGET_FF_RX steerRate=100000 wheelAccel=0
2026-07-07T16:21:17.445+00:00 VCP run=1 step=0 angle=66094 target=66366 err=272 steer=16667 m1=-2311/-119740 i1=-84 t1=35 m2=3184/165573 i2=228 t2=35 steerMode=22917/22539 iSteer=72011 driveMode=-142656/-144122 iDrive=-156024 scale=0 wheel=-415000 ffS=16667
2026-07-07T16:21:17.547+00:00 VCP run=1 step=0 angle=75762 target=76367 err=605 steer=17877 m1=-2296/-118075 i1=-4 t1=35 m2=3180/167237 i2=316 t2=35 steerMode=24581/22529 iSteer=156199 driveMode=-142656/-143994 iDrive=-159869 scale=0 wheel=-415000 ffS=16667
2026-07-07T16:21:17.650+00:00 VCP run=1 step=0 angle=85693 target=86368 err=675 steer=17893 m1=-2319/-118054 i1=8 t1=35 m2=3143/167259 i2=346 t2=35 steerMode=24603/22096 iSteer=176792 driveMode=-142656/-143696 iDrive=-168794 scale=0 wheel=-415000 ffS=16667
2026-07-07T16:21:17.749+00:00 VCP run=1 step=0 angle=96416 target=96364 err=-52 steer=16667 m1=-2332/-119740 i1=-90 t1=35 m2=3124/165573 i2=264 t2=35 steerMode=22917/22172 iSteer=87021 driveMode=-142656/-143415 iDrive=-177229 scale=0 wheel=-415000 ffS=16667
2026-07-07T16:21:17.749+00:00 VCP SET_TARGET_RX steer=100368 wheel=-415000
2026-07-07T16:21:17.847+00:00 VCP run=1 step=0 angle=106875 target=106362 err=-513 steer=16067 m1=-2302/-120565 i1=-137 t1=35 m2=3130/164748 i2=219 t2=35 steerMode=22092/22294 iSteer=41072 driveMode=-142656/-143394 iDrive=-177877 scale=0 wheel=-415000 ffS=16667
2026-07-07T16:21:17.847+00:00 VCP SET_TARGET_FF_RX steerRate=100000 wheelAccel=0
2026-07-07T16:21:17.950+00:00 VCP run=1 step=0 angle=115664 target=116362 err=698 steer=18063 m1=-2288/-117820 i1=-45 t1=35 m2=3145/167492 i2=326 t2=35 steerMode=24836/23029 iSteer=140536 driveMode=-142656/-143139 iDrive=-185532 scale=0 wheel=-415000 ffS=16667
2026-07-07T16:21:18.052+00:00 VCP run=1 step=0 angle=125596 target=127364 err=1768 steer=18868 m1=-2271/-116713 i1=10 t1=35 m2=3147/168600 i2=379 t2=35 steerMode=25943/23075 iSteer=194257 driveMode=-142656/-143166 iDrive=-184713 scale=0 wheel=-415000 ffS=25000
2026-07-07T16:21:18.154+00:00 VCP run=1 step=0 angle=140801 target=142363 err=1562 steer=27400 m1=-1922/-104981 i1=-271 t1=35 m2=3515/180331 i2=87 t2=35 steerMode=37675/40924 iSteer=-92213 driveMode=-142656/-143356 iDrive=-178993 scale=0 wheel=-415000 ffS=25000
2026-07-07T16:21:18.253+00:00 VCP run=1 step=0 angle=156621 target=157364 err=743 steer=25242 m1=-2127/-107949 i1=-20 t1=35 m2=3333/177364 i2=304 t2=35 steerMode=34707/33117 iSteer=142103 driveMode=-142656/-143916 iDrive=-162223 scale=0 wheel=-415000 ffS=25000
2026-07-07T16:21:18.253+00:00 VCP SET_TARGET_RX steer=163373 wheel=-415000
2026-07-07T16:21:18.351+00:00 VCP run=1 step=0 angle=170859 target=172375 err=1516 steer=26800 m1=-2047/-105806 i1=-22 t1=35 m2=3387/179506 i2=353 t2=35 steerMode=36850/34900 iSteer=165796 driveMode=-142656/-143072 iDrive=-187529 scale=0 wheel=-415000 ffS=25000
2026-07-07T16:21:18.351+00:00 VCP SET_TARGET_FF_RX steerRate=150000 wheelAccel=0
2026-07-07T16:21:18.454+00:00 VCP run=1 step=0 angle=186680 target=187361 err=681 steer=24779 m1=-2125/-108585 i1=-39 t1=35 m2=3346/176727 i2=304 t2=35 steerMode=34071/32712 iSteer=132126 driveMode=-142656/-143609 iDrive=-171417 scale=0 wheel=-415000 ffS=25000
2026-07-07T16:21:18.556+00:00 VCP run=1 step=0 angle=201357 target=202374 err=1017 steer=25593 m1=-2068/-107466 i1=-37 t1=35 m2=3398/177847 i2=302 t2=35 steerMode=35191/33886 iSteer=132414 driveMode=-142656/-143666 iDrive=-169713 scale=0 wheel=-415000 ffS=25000
2026-07-07T16:21:18.659+00:00 VCP run=1 step=0 angle=216563 target=217363 err=801 steer=24835 m1=-2085/-108507 i1=-86 t1=35 m2=3369/176805 i2=276 t2=35 steerMode=34149/33542 iSteer=94965 driveMode=-142656/-143298 iDrive=-180759 scale=0 wheel=-415000 ffS=25000
2026-07-07T16:21:18.757+00:00 VCP run=1 step=0 angle=231416 target=232358 err=942 steer=25296 m1=-2089/-107874 i1=-52 t1=35 m2=3379/177439 i2=285 t2=35 steerMode=34782/33758 iSteer=116416 driveMode=-142656/-143696 iDrive=-168802 scale=0 wheel=-415000 ffS=25000
2026-07-07T16:21:18.758+00:00 VCP SET_TARGET_RX steer=238364 wheel=-415000
2026-07-07T16:21:18.856+00:00 VCP run=1 step=0 angle=246533 target=247365 err=832 steer=25425 m1=-2072/-107696 i1=-103 t1=35 m2=3381/177616 i2=231 t2=35 steerMode=34960/35039 iSteer=64201 driveMode=-142656/-143751 iDrive=-167150 scale=0 wheel=-415000 ffS=25000
2026-07-07T16:21:18.856+00:00 VCP SET_TARGET_FF_RX steerRate=150000 wheelAccel=0
2026-07-07T16:21:18.958+00:00 VCP run=1 step=0 angle=261211 target=262362 err=1151 steer=25712 m1=-2083/-107302 i1=-51 t1=35 m2=3333/178011 i2=326 t2=35 steerMode=35355/33941 iSteer=137578 driveMode=-142656/-143051 iDrive=-188149 scale=0 wheel=-415000 ffS=25000
2026-07-07T16:21:19.060+00:00 VCP run=1 step=0 angle=276152 target=277369 err=1217 steer=25834 m1=-2078/-107135 i1=-61 t1=35 m2=3377/178177 i2=287 t2=35 steerMode=35521/34584 iSteer=112924 driveMode=-142656/-143524 iDrive=-173965 scale=0 wheel=-415000 ffS=25000
2026-07-07T16:21:19.163+00:00 VCP run=1 step=0 angle=291006 target=292375 err=1369 steer=25761 m1=-2097/-107235 i1=-25 t1=35 m2=3325/178078 i2=403 t2=35 steerMode=35421/32922 iSteer=188614 driveMode=-142656/-142196 iDrive=-213964 scale=0 wheel=-415000 ffS=25000
2026-07-07T16:21:19.261+00:00 VCP run=1 step=0 angle=305947 target=307367 err=1420 steer=27400 m1=-2012/-104981 i1=-76 t1=35 m2=3433/180331 i2=309 t2=35 steerMode=37675/36709 iSteer=116219 driveMode=-142656/-142922 iDrive=-192415 scale=0 wheel=-415000 ffS=25000
2026-07-07T16:21:19.261+00:00 VCP SET_TARGET_RX steer=313375 wheel=-415000
2026-07-07T16:21:19.359+00:00 VCP run=1 step=0 angle=321328 target=322373 err=1045 steer=25476 m1=-2108/-107627 i1=-41 t1=35 m2=3387/177686 i2=273 t2=35 steerMode=35030/33960 iSteer=115990 driveMode=-142656/-144093 iDrive=-156903 scale=0 wheel=-415000 ffS=25000
2026-07-07T16:21:19.360+00:00 VCP SET_TARGET_FF_RX steerRate=150000 wheelAccel=0
2026-07-07T16:21:19.462+00:00 VCP run=1 step=0 angle=336270 target=337365 err=1095 steer=25445 m1=-2078/-107669 i1=-83 t1=35 m2=3360/177644 i2=274 t2=35 steerMode=34987/34336 iSteer=95856 driveMode=-142656/-143369 iDrive=-178606 scale=0 wheel=-415000 ffS=25000
2026-07-07T16:21:19.645+00:00 VCP run=1 step=0 angle=350859 target=352362 err=1503 steer=26800 m1=-2051/-105806 i1=-38 t1=35 m2=3390/179506 i2=338 t2=35 steerMode=36850/35194 iSteer=150067 driveMode=-142656/-143067 iDrive=-187874 scale=0 wheel=-415000 ffS=25000
2026-07-07T16:21:19.645+00:00 VCP run=1 step=0 angle=6592 target=7368 err=776 steer=24781 m1=-2127/-108583 i1=-42 t1=35 m2=3318/176730 i2=298 t2=35 steerMode=34074/32738 iSteer=128270 driveMode=-142656/-143652 iDrive=-170133 scale=0 wheel=-415000 ffS=25000
2026-07-07T16:21:19.744+00:00 VCP run=1 step=0 angle=21621 target=21270 err=-351 steer=24888 m1=-2078/-108435 i1=-116 t1=35 m2=3346/176877 i2=247 t2=35 steerMode=34221/34153 iSteer=65557 driveMode=-142656/-143285 iDrive=-181141 scale=0 wheel=-415000 ffS=25000
2026-07-07T16:21:19.744+00:00 VCP SET_TARGET_RX steer=27285 wheel=-415000
2026-07-07T16:21:19.781+00:00 VCP run=1 step=0 angle=35596 target=36275 err=679 steer=24949 m1=-2156/-108352 i1=97 t1=35 m2=3318/176961 i2=400 t2=35 steerMode=34304/30543 iSteer=248472 driveMode=-142656/-144285 iDrive=-151151 scale=0 wheel=-415000 ffS=25000
2026-07-07T16:21:19.945+00:00 VCP SET_TARGET_FF_RX steerRate=150000 wheelAccel=0
2026-07-07T16:21:19.945+00:00 VCP run=1 step=0 angle=50449 target=51277 err=828 steer=25234 m1=-2101/-107960 i1=-24 t1=35 m2=3339/177352 i2=287 t2=35 steerMode=34696/33268 iSteer=131340 driveMode=-142656/-144129 iDrive=-155824 scale=0 wheel=-415000 ffS=25000
2026-07-07T16:21:20.047+00:00 VCP run=1 step=0 angle=65391 target=66280 err=889 steer=25531 m1=-2089/-107552 i1=-55 t1=35 m2=3375/177761 i2=281 t2=35 steerMode=35105/34058 iSteer=113214 driveMode=-142656/-143723 iDrive=-167985 scale=0 wheel=-415000 ffS=25000
2026-07-07T16:21:20.150+00:00 VCP run=1 step=0 angle=80508 target=81290 err=782 steer=25106 m1=-2104/-108135 i1=-72 t1=35 m2=3333/177178 i2=267 t2=35 steerMode=34521/33787 iSteer=97217 driveMode=-142656/-143679 iDrive=-169325 scale=0 wheel=-415000 ffS=25000
2026-07-07T16:21:20.249+00:00 VCP run=1 step=0 angle=95098 target=96276 err=1178 steer=25933 m1=-2085/-106999 i1=-29 t1=35 m2=3367/178314 i2=288 t2=35 steerMode=35657/34276 iSteer=129373 driveMode=-142656/-144036 iDrive=-158616 scale=0 wheel=-415000 ffS=25000
2026-07-07T16:21:20.249+00:00 VCP SET_TARGET_RX steer=102291 wheel=-415000
2026-07-07T16:21:20.347+00:00 VCP run=1 step=0 angle=111797 target=111289 err=-508 steer=23200 m1=-2081/-110756 i1=-179 t1=35 m2=3323/174556 i2=215 t2=35 steerMode=31900/32699 iSteer=17985 driveMode=-142656/-142742 iDrive=-197432 scale=0 wheel=-415000 ffS=25000
2026-07-07T16:21:20.347+00:00 VCP SET_TARGET_FF_RX steerRate=150000 wheelAccel=0
2026-07-07T16:21:20.449+00:00 VCP run=1 step=0 angle=125156 target=126277 err=1121 steer=26200 m1=-2035/-106631 i1=-103 t1=35 m2=3425/178681 i2=259 t2=35 steerMode=36025/35749 iSteer=77678 driveMode=-142656/-143294 iDrive=-180855 scale=0 wheel=-415000 ffS=25000
2026-07-07T16:21:20.552+00:00 VCP run=1 step=0 angle=140186 target=141291 err=1105 steer=25403 m1=-2106/-107727 i1=-55 t1=35 m2=3356/177586 i2=274 t2=35 steerMode=34930/33950 iSteer=109908 driveMode=-142656/-143838 iDrive=-164562 scale=0 wheel=-415000 ffS=25000
2026-07-07T16:21:20.654+00:00 VCP run=1 step=0 angle=155127 target=156268 err=1141 steer=25884 m1=-2072/-107066 i1=-76 t1=35 m2=3410/178247 i2=275 t2=35 steerMode=35591/34893 iSteer=99275 driveMode=-142656/-143466 iDrive=-175715 scale=0 wheel=-415000 ffS=25000
2026-07-07T16:21:20.753+00:00 VCP run=1 step=0 angle=170596 target=171268 err=672 steer=24933 m1=-2074/-108374 i1=-112 t1=35 m2=3344/176939 i2=267 t2=35 steerMode=34282/34014 iSteer=77200 driveMode=-142656/-143002 iDrive=-189632 scale=0 wheel=-415000 ffS=25000
2026-07-07T16:21:20.753+00:00 VCP SET_TARGET_RX steer=177293 wheel=-415000
2026-07-07T16:21:20.851+00:00 VCP run=1 step=0 angle=185186 target=186268 err=1082 steer=25957 m1=-2087/-106966 i1=-16 t1=35 m2=3354/178347 i2=347 t2=35 steerMode=35691/33708 iSteer=165508 driveMode=-142656/-143277 iDrive=-181383 scale=0 wheel=-415000 ffS=25000
2026-07-07T16:21:20.851+00:00 VCP SET_TARGET_FF_RX steerRate=150000 wheelAccel=0
2026-07-07T16:21:20.953+00:00 VCP run=1 step=0 angle=200215 target=201269 err=1054 steer=25157 m1=-2150/-108065 i1=39 t1=35 m2=3320/177247 i2=398 t2=35 steerMode=34591/31447 iSteer=218521 driveMode=-142656/-143355 iDrive=-179026 scale=0 wheel=-415000 ffS=25000
2026-07-07T16:21:21.056+00:00 VCP run=1 step=0 angle=214805 target=216271 err=1466 steer=26341 m1=-2070/-106438 i1=-50 t1=35 m2=3398/178875 i2=311 t2=35 steerMode=36219/34916 iSteer=130856 driveMode=-142656/-143305 iDrive=-180541 scale=0 wheel=-415000 ffS=25000
2026-07-07T16:21:21.158+00:00 VCP run=1 step=0 angle=230713 target=231268 err=555 steer=24700 m1=-2110/-108693 i1=-104 t1=35 m2=3350/176619 i2=258 t2=35 steerMode=33963/33689 iSteer=76760 driveMode=-142656/-143294 iDrive=-180871 scale=0 wheel=-415000 ffS=25000
2026-07-07T16:21:21.257+00:00 VCP run=1 step=0 angle=245127 target=246276 err=1149 steer=25856 m1=-2049/-107104 i1=-90 t1=35 m2=3373/178208 i2=286 t2=35 steerMode=35552/34897 iSteer=97655 driveMode=-142656/-143057 iDrive=-187982 scale=0 wheel=-415000 ffS=25000
2026-07-07T16:21:21.257+00:00 VCP SET_TARGET_RX steer=252269 wheel=-415000
2026-07-07T16:21:21.355+00:00 VCP run=1 step=0 angle=260332 target=262063 err=1731 steer=25448 m1=-2066/-107665 i1=-91 t1=35 m2=3375/177647 i2=311 t2=35 steerMode=34991/34067 iSteer=110181 driveMode=-142656/-142629 iDrive=-201063 scale=0 wheel=-415000 ffS=31667
2026-07-07T16:21:21.355+00:00 VCP SET_TARGET_FF_RX steerRate=190000 wheelAccel=0
2026-07-07T16:21:21.457+00:00 VCP run=1 step=0 angle=279053 target=281090 err=2037 steer=34067 m1=-1727/-95815 i1=-263 t1=35 m2=3687/189498 i2=106 t2=35 steerMode=46842/50041 iSteer=-78813 driveMode=-142656/-143176 iDrive=-184416 scale=0 wheel=-415000 ffS=31667
2026-07-07T16:21:21.560+00:00 VCP run=1 step=0 angle=297686 target=300079 err=2393 steer=33092 m1=-1930/-97155 i1=45 t1=35 m2=3517/188158 i2=442 t2=35 steerMode=45502/42092 iSteer=243827 driveMode=-142656/-142728 iDrive=-198389 scale=0 wheel=-415000 ffS=31667
2026-07-07T16:21:21.678+00:00 VCP run=1 step=0 angle=317725 target=319079 err=1354 steer=31731 m1=-1905/-99026 i1=-179 t1=35 m2=3595/186286 i2=155 t2=35 steerMode=43630/45362 iSteer=-12107 driveMode=-142656/-143764 iDrive=-166780 scale=0 wheel=-415000 ffS=31667
2026-07-07T16:21:21.678+00:00 VCP run=1 step=0 angle=337061 target=338064 err=1003 steer=31067 m1=-1888/-99940 i1=-154 t1=35 m2=3576/185373 i2=193 t2=35 steerMode=42717/43819 iSteer=19486 driveMode=-142656/-143536 iDrive=-173601 scale=0 wheel=-415000 ffS=31667
2026-07-07T16:21:21.761+00:00 VCP SET_TARGET_RX steer=342686 wheel=-415000
2026-07-07T16:21:21.859+00:00 VCP run=1 step=0 angle=354199 target=354073 err=-126 steer=28424 m1=-2039/-103573 i1=-13 t1=35 m2=3394/181740 i2=359 t2=35 steerMode=39083/36979 iSteer=173111 driveMode=-142656/-143119 iDrive=-186122 scale=0 wheel=-415000 ffS=31667
2026-07-07T16:21:21.859+00:00 VCP SET_TARGET_FF_RX steerRate=190000 wheelAccel=0
2026-07-07T16:21:21.962+00:00 VCP run=1 step=0 angle=12129 target=13052 err=923 steer=30681 m1=-1892/-100470 i1=-125 t1=35 m2=3542/184842 i2=221 t2=35 steerMode=42186/42717 iSteer=48234 driveMode=-142656/-143560 iDrive=-172901 scale=0 wheel=-415000 ffS=31667
2026-07-07T16:21:22.145+00:00 VCP run=1 step=0 angle=30850 target=32057 err=1207 steer=31235 m1=-1936/-99708 i1=-46 t1=35 m2=3505/185605 i2=310 t2=35 steerMode=42948/41762 iSteer=132120 driveMode=-142656/-143381 iDrive=-178245 scale=0 wheel=-415000 ffS=31667
2026-07-07T16:21:22.145+00:00 VCP run=1 step=0 angle=50010 target=51053 err=1043 steer=31093 m1=-1934/-99904 i1=-76 t1=35 m2=3549/185409 i2=231 t2=35 steerMode=42753/42687 iSteer=77542 driveMode=-142656/-144219 iDrive=-153114 scale=0 wheel=-415000 ffS=31667
2026-07-07T16:21:22.243+00:00 VCP run=1 step=0 angle=67324 target=57129 err=-10195 steer=11276 m1=-2275/-127151 i1=-984 t1=35 m2=3193/158161 i2=-649 t2=35 steerMode=15505/32858 iSteer=-816411 driveMode=-142656/-143731 iDrive=-167764 scale=0 wheel=-415000 ffS=31667
2026-07-07T16:21:22.243+00:00 VCP SET_TARGET_RX steer=64716 wheel=-415000
2026-07-07T16:21:22.281+00:00 VCP run=1 step=0 angle=75322 target=76118 err=796 steer=30244 m1=-2043/-101071 i1=673 t1=35 m2=3433/184242 i2=991 t2=35 steerMode=41586/26499 iSteer=831994 driveMode=-142656/-144017 iDrive=-159170 scale=0 wheel=-415000 ffS=31667
2026-07-07T16:21:22.444+00:00 VCP SET_TARGET_FF_RX steerRate=190000 wheelAccel=0
2026-07-07T16:21:22.444+00:00 VCP run=1 step=0 angle=95625 target=95148 err=-477 steer=28044 m1=-1980/-104095 i1=-366 t1=35 m2=3463/181217 i2=17 t2=35 steerMode=38561/43505 iSteer=-174504 driveMode=-142656/-142947 iDrive=-191265 scale=0 wheel=-415000 ffS=31667
2026-07-07T16:21:22.547+00:00 VCP run=1 step=0 angle=111885 target=114125 err=2240 steer=34067 m1=-1857/-95815 i1=146 t1=35 m2=3559/189498 i2=534 t2=35 steerMode=46842/41708 iSteer=339806 driveMode=-142656/-142863 iDrive=-193790 scale=0 wheel=-415000 ffS=31667
2026-07-07T16:21:22.649+00:00 VCP run=1 step=0 angle=132188 target=133126 err=939 steer=30683 m1=-1936/-100466 i1=-188 t1=35 m2=3513/184846 i2=187 t2=35 steerMode=42190/43706 iSteer=-407 driveMode=-142656/-143062 iDrive=-187820 scale=0 wheel=-415000 ffS=31667
2026-07-07T16:21:22.748+00:00 VCP run=1 step=0 angle=150732 target=152126 err=1394 steer=31795 m1=-1886/-98938 i1=-112 t1=35 m2=3565/186375 i2=209 t2=35 steerMode=43719/44378 iSteer=48530 driveMode=-142656/-143977 iDrive=-160385 scale=0 wheel=-415000 ffS=31667
2026-07-07T16:21:22.748+00:00 VCP SET_TARGET_RX steer=159712 wheel=-415000
2026-07-07T16:21:22.846+00:00 VCP run=1 step=0 angle=169629 target=171121 err=1492 steer=31984 m1=-1922/-98678 i1=-8 t1=35 m2=3515/186635 i2=327 t2=35 steerMode=43979/42391 iSteer=159506 driveMode=-142656/-143754 iDrive=-167078 scale=0 wheel=-415000 ffS=31667
2026-07-07T16:21:22.846+00:00 VCP SET_TARGET_FF_RX steerRate=190000 wheelAccel=0
2026-07-07T16:21:22.949+00:00 VCP run=1 step=0 angle=188965 target=190124 err=1159 steer=31309 m1=-1930/-99607 i1=-77 t1=35 m2=3523/185706 i2=269 t2=35 steerMode=43049/42740 iSteer=95855 driveMode=-142656/-143555 iDrive=-173032 scale=0 wheel=-415000 ffS=31667
2026-07-07T16:21:23.051+00:00 VCP run=1 step=0 angle=207861 target=209120 err=1259 steer=31540 m1=-1930/-99289 i1=-23 t1=35 m2=3549/186023 i2=342 t2=35 steerMode=43367/41764 iSteer=159418 driveMode=-142656/-143253 iDrive=-182101 scale=0 wheel=-415000 ffS=31667
2026-07-07T16:21:23.153+00:00 VCP run=1 step=0 angle=226846 target=228115 err=1269 steer=31547 m1=-1903/-99279 i1=-108 t1=35 m2=3534/186033 i2=260 t2=35 steerMode=43377/43440 iSteer=75950 driveMode=-142656/-143192 iDrive=-183926 scale=0 wheel=-415000 ffS=31667
2026-07-07T16:21:23.252+00:00 VCP run=1 step=0 angle=246357 target=252861 err=6504 steer=40000 m1=-1723/-87656 i1=277 t1=35 m2=3720/197656 i2=627 t2=35 steerMode=55000/47758 iSteer=451945 driveMode=-142656/-143487 iDrive=-175063 scale=0 wheel=-415000 ffS=31667
2026-07-07T16:21:23.252+00:00 VCP SET_TARGET_RX steer=260447 wheel=-415000
2026-07-07T16:21:23.350+00:00 VCP run=1 step=0 angle=270791 target=271846 err=1055 steer=30940 m1=-1871/-100113 i1=-507 t1=35 m2=3601/185199 i2=-126 t2=35 steerMode=42543/50376 iSteer=-316570 driveMode=-142656/-142974 iDrive=-190456 scale=0 wheel=-415000 ffS=31667
2026-07-07T16:21:23.350+00:00 VCP SET_TARGET_FF_RX steerRate=190000 wheelAccel=0
2026-07-07T16:21:23.453+00:00 VCP run=1 step=0 angle=288018 target=290840 err=2822 steer=34667 m1=-1842/-94990 i1=79 t1=35 m2=3607/190323 i2=439 t2=35 steerMode=47667/44153 iSteer=259118 driveMode=-142656/-143325 iDrive=-179926 scale=0 wheel=-415000 ffS=31667
2026-07-07T16:21:23.555+00:00 VCP run=1 step=0 angle=308232 target=309855 err=1623 steer=32267 m1=-1861/-98290 i1=-243 t1=35 m2=3582/187023 i2=186 t2=35 steerMode=44367/46535 iSteer=-28275 driveMode=-142656/-142203 iDrive=-214238 scale=0 wheel=-415000 ffS=31667
2026-07-07T16:21:23.658+00:00 VCP run=1 step=0 angle=326865 target=328844 err=1979 steer=33000 m1=-1886/-97282 i1=-6 t1=35 m2=3557/188031 i2=360 t2=35 steerMode=45375/43442 iSteer=176973 driveMode=-142656/-143238 iDrive=-183063 scale=0 wheel=-415000 ffS=31667
2026-07-07T16:21:23.756+00:00 VCP run=1 step=0 angle=346553 target=347841 err=1288 steer=31615 m1=-1924/-99186 i1=-112 t1=35 m2=3517/186127 i2=279 t2=35 steerMode=43470/43387 iSteer=83412 driveMode=-142656/-142797 iDrive=-195779 scale=0 wheel=-415000 ffS=31667
2026-07-07T16:21:23.756+00:00 VCP SET_TARGET_RX steer=355467 wheel=-415000
2026-07-07T16:21:23.855+00:00 VCP run=1 step=0 angle=5273 target=6866 err=1593 steer=31236 m1=-1894/-99707 i1=-148 t1=35 m2=3595/185606 i2=180 t2=35 steerMode=42949/44244 iSteer=16142 driveMode=-142656/-143861 iDrive=-163857 scale=0 wheel=-415000 ffS=31667
2026-07-07T16:21:23.855+00:00 VCP SET_TARGET_FF_RX steerRate=190000 wheelAccel=0
2026-07-07T16:21:23.958+00:00 VCP run=1 step=0 angle=25049 target=25849 err=800 steer=30780 m1=-1936/-100333 i1=-50 t1=35 m2=3509/184979 i2=251 t2=35 steerMode=42323/41893 iSteer=100571 driveMode=-142656/-144317 iDrive=-150168 scale=0 wheel=-415000 ffS=31667
2026-07-07T16:21:24.060+00:00 VCP run=1 step=0 angle=44121 target=44849 err=728 steer=30452 m1=-1936/-100785 i1=-138 t1=35 m2=3532/184528 i2=197 t2=35 steerMode=41872/42858 iSteer=29110 driveMode=-142656/-143737 iDrive=-167564 scale=0 wheel=-415000 ffS=31667
2026-07-07T16:21:24.199+00:00 VCP run=1 step=0 angle=62666 target=63849 err=1183 steer=31192 m1=-1901/-99767 i1=-92 t1=35 m2=3542/185546 i2=222 t2=35 steerMode=42890/43161 iSteer=65231 driveMode=-142656/-144094 iDrive=-156882 scale=0 wheel=-415000 ffS=31667
2026-07-07T16:21:24.199+00:00 VCP run=1 step=0 angle=81387 target=82841 err=1454 steer=31925 m1=-1919/-98760 i1=-38 t1=35 m2=3540/186553 i2=298 t2=35 steerMode=43897/42864 iSteer=130116 driveMode=-142656/-143715 iDrive=-168225 scale=0 wheel=-415000 ffS=31667
2026-07-07T16:21:24.262+00:00 VCP SET_TARGET_RX steer=89121 wheel=-415000
2026-07-07T16:21:24.262+00:00 VCP run=1 step=0 angle=99141 target=96712 err=-2429 steer=23454 m1=-2162/-110407 i1=-275 t1=35 m2=3285/174905 i2=98 t2=35 steerMode=32249/35289 iSteer=-88810 driveMode=-142656/-143108 iDrive=-186454 scale=0 wheel=-415000 ffS=31667
2026-07-07T16:21:24.360+00:00 VCP SET_TARGET_FF_RX steerRate=190000 wheelAccel=0
2026-07-07T16:21:24.542+00:00 VCP run=1 step=0 angle=114521 target=115736 err=1215 steer=30264 m1=-1890/-101043 i1=-47 t1=35 m2=3570/184269 i2=286 t2=35 steerMode=41613/40867 iSteer=119555 driveMode=-142656/-143777 iDrive=-166390 scale=0 wheel=-415000 ffS=31667
2026-07-07T16:21:24.542+00:00 VCP run=1 step=0 angle=133682 target=134718 err=1036 steer=29948 m1=-1945/-101478 i1=-205 t1=35 m2=3536/183834 i2=153 t2=35 steerMode=41178/43252 iSteer=-26300 driveMode=-142656/-143355 iDrive=-179031 scale=0 wheel=-415000 ffS=31667
2026-07-07T16:21:24.644+00:00 VCP run=1 step=0 angle=151260 target=144141 err=-7119 steer=17429 m1=-2035/-118691 i1=-904 t1=35 m2=3381/166621 i2=-513 t2=35 steerMode=23965/39575 iSteer=-708480 driveMode=-142656/-142807 iDrive=-195466 scale=0 wheel=-415000 ffS=31667
2026-07-07T16:21:24.743+00:00 VCP run=1 step=0 angle=162598 target=163142 err=544 steer=29139 m1=-2074/-102590 i1=496 t1=35 m2=3369/182723 i2=844 t2=35 steerMode=40067/28304 iSteer=670396 driveMode=-142656/-143526 iDrive=-173922 scale=0 wheel=-415000 ffS=31667
2026-07-07T16:21:24.743+00:00 VCP SET_TARGET_RX steer=174541 wheel=-415000
2026-07-07T16:21:24.781+00:00 VCP run=1 step=0 angle=182109 target=182141 err=32 steer=27948 m1=-1949/-104227 i1=-357 t1=35 m2=3469/181085 i2=-4 t2=35 steerMode=38429/43651 iSteer=-180416 driveMode=-142656/-143447 iDrive=-176286 scale=0 wheel=-415000 ffS=31667
2026-07-07T16:21:24.944+00:00 VCP SET_TARGET_FF_RX steerRate=190000 wheelAccel=0
2026-07-07T16:21:24.944+00:00 VCP run=1 step=0 angle=199512 target=201141 err=1629 steer=31131 m1=-1913/-99850 i1=6 t1=35 m2=3526/185462 i2=388 t2=35 steerMode=42806/40622 iSteer=196619 driveMode=-142656/-142960 iDrive=-190897 scale=0 wheel=-415000 ffS=31667
2026-07-07T16:21:25.046+00:00 VCP run=1 step=0 angle=219111 target=220141 err=1030 steer=29928 m1=-1899/-101505 i1=-223 t1=35 m2=3500/183808 i2=138 t2=35 steerMode=41151/43721 iSteer=-42544 driveMode=-142656/-143298 iDrive=-180744 scale=0 wheel=-415000 ffS=31667
2026-07-07T16:21:25.149+00:00 VCP run=1 step=0 angle=237217 target=239142 err=1925 steer=31919 m1=-1890/-98767 i1=-56 t1=35 m2=3584/186545 i2=283 t2=35 steerMode=43889/43387 iSteer=113263 driveMode=-142656/-143677 iDrive=-169370 scale=0 wheel=-415000 ffS=31667
2026-07-07T16:21:25.248+00:00 VCP run=1 step=0 angle=256465 target=258140 err=1675 steer=31223 m1=-1930/-99724 i1=-91 t1=35 m2=3565/185588 i2=231 t2=35 steerMode=42932/43241 iSteer=70103 driveMode=-142656/-143950 iDrive=-161189 scale=0 wheel=-415000 ffS=31667
2026-07-07T16:21:25.248+00:00 VCP SET_TARGET_RX steer=269540 wheel=-415000
2026-07-07T16:21:25.346+00:00 VCP run=1 step=0 angle=275625 target=277141 err=1516 steer=30729 m1=-1905/-100404 i1=-149 t1=35 m2=3515/184909 i2=227 t2=35 steerMode=42253/43169 iSteer=39117 driveMode=-142656/-143060 iDrive=-187894 scale=0 wheel=-415000 ffS=31667
2026-07-07T16:21:25.346+00:00 VCP SET_TARGET_FF_RX steerRate=190000 wheelAccel=0
2026-07-07T16:21:25.448+00:00 VCP run=1 step=0 angle=293730 target=296133 err=2403 steer=33467 m1=-1888/-96640 i1=14 t1=35 m2=3544/188673 i2=396 t2=35 steerMode=46017/43654 iSteer=205228 driveMode=-142656/-142948 iDrive=-191247 scale=0 wheel=-415000 ffS=31667
2026-07-07T16:21:25.551+00:00 VCP run=1 step=0 angle=313506 target=315140 err=1634 steer=31317 m1=-1882/-99595 i1=-207 t1=35 m2=3565/185717 i2=178 t2=35 steerMode=43061/45040 iSteer=-14341 driveMode=-142656/-142904 iDrive=-192553 scale=0 wheel=-415000 ffS=31667
2026-07-07T16:21:25.653+00:00 VCP run=1 step=0 angle=332578 target=334135 err=1557 steer=31364 m1=-1899/-99530 i1=-163 t1=35 m2=3590/185782 i2=148 t2=35 steerMode=43126/44977 iSteer=-7237 driveMode=-142656/-144142 iDrive=-155443 scale=0 wheel=-415000 ffS=31667
2026-07-07T16:21:25.752+00:00 VCP run=1 step=0 angle=351123 target=353148 err=2025 steer=31907 m1=-1938/-98784 i1=-10 t1=35 m2=3582/186528 i2=317 t2=35 steerMode=43872/42492 iSteer=153425 driveMode=-142656/-143871 iDrive=-163553 scale=0 wheel=-415000 ffS=31667
2026-07-07T16:21:25.752+00:00 VCP SET_TARGET_RX steer=4542 wheel=-415000
2026-07-07T16:21:25.850+00:00 VCP run=1 step=0 angle=10723 target=12157 err=1434 steer=30887 m1=-1926/-100186 i1=-113 t1=35 m2=3538/185126 i2=205 t2=35 steerMode=42470/43201 iSteer=45810 driveMode=-142656/-144026 iDrive=-158918 scale=0 wheel=-415000 ffS=31667
2026-07-07T16:21:25.850+00:00 VCP SET_TARGET_FF_RX steerRate=190000 wheelAccel=0
2026-07-07T16:21:25.952+00:00 VCP run=1 step=0 angle=29531 target=22934 err=-6597 steer=13712 m1=-2055/-123803 i1=-1117 t1=35 m2=3431/161510 i2=-758 t2=35 steerMode=18854/39048 iSteer=-937097 driveMode=-142656/-143337 iDrive=-179571 scale=0 wheel=-415000 ffS=-2500
2026-07-07T16:21:26.054+00:00 VCP run=1 step=0 angle=30498 target=21433 err=-9065 steer=-20630 m1=-3455/-171023 i1=-360 t1=35 m2=2023/114290 i2=-42 t2=35 steerMode=-28366/-24316 iSteer=-201092 driveMode=-142656/-144033 iDrive=-158696 scale=0 wheel=-415000 ffS=-2500
2026-07-07T16:21:26.157+00:00 VCP run=1 step=0 angle=18896 target=19934 err=1038 steer=-425 m1=-2635/-143241 i1=126 t1=35 m2=2808/142072 i2=484 t2=35 steerMode=-584/-5684 iSteer=305044 driveMode=-142656/-143358 iDrive=-178957 scale=0 wheel=-415000 ffS=-2500
2026-07-07T16:21:26.256+00:00 VCP run=1 step=0 angle=20830 target=18433 err=-2397 steer=-7294 m1=-2949/-152686 i1=-308 t1=35 m2=2552/132627 i2=17 t2=35 steerMode=-10029/-6580 iSteer=-145487 driveMode=-142656/-143918 iDrive=-162143 scale=0 wheel=-415000 ffS=-2500
2026-07-07T16:21:26.256+00:00 VCP SET_TARGET_RX steer=17534 wheel=-415000
2026-07-07T16:21:26.354+00:00 VCP run=1 step=0 angle=16172 target=16934 err=762 steer=-976 m1=-2761/-143998 i1=13 t1=35 m2=2701/141315 i2=336 t2=35 steerMode=-1342/-4088 iSteer=174540 driveMode=-142656/-143937 iDrive=-161585 scale=0 wheel=-415000 ffS=-2500
2026-07-07T16:21:26.354+00:00 VCP SET_TARGET_FF_RX steerRate=-15000 wheelAccel=0
2026-07-07T16:21:26.457+00:00 VCP run=1 step=0 angle=15820 target=15433 err=-387 steer=-2500 m1=-2786/-146094 i1=-176 t1=35 m2=2663/139219 i2=202 t2=35 steerMode=-3438/-3069 iSteer=12950 driveMode=-142656/-143017 iDrive=-189167 scale=0 wheel=-415000 ffS=-2500
2026-07-07T16:21:26.559+00:00 VCP run=1 step=0 angle=14854 target=13934 err=-920 steer=-4339 m1=-2855/-148622 i1=-207 t1=35 m2=2617/136690 i2=134 t2=35 steerMode=-5966/-4701 iSteer=-36561 driveMode=-142656/-143640 iDrive=-170496 scale=0 wheel=-415000 ffS=-2500
2026-07-07T16:21:26.698+00:00 VCP run=1 step=0 angle=12568 target=12434 err=-134 steer=-2500 m1=-2780/-146094 i1=-157 t1=35 m2=2686/139219 i2=180 t2=35 steerMode=-3438/-3089 iSteer=11448 driveMode=-142656/-143706 iDrive=-168508 scale=0 wheel=-415000 ffS=-2500
2026-07-07T16:21:26.698+00:00 VCP run=1 step=0 angle=12129 target=10934 err=-1195 steer=-4890 m1=-2819/-149380 i1=-280 t1=35 m2=2636/135933 i2=71 t2=35 steerMode=-6723/-4169 iSteer=-104221 driveMode=-142656/-143478 iDrive=-175345 scale=0 wheel=-415000 ffS=-2500
2026-07-07T16:21:26.761+00:00 VCP SET_TARGET_RX steer=10034 wheel=-415000
2026-07-07T16:21:26.859+00:00 VCP run=1 step=0 angle=8789 target=9434 err=645 steer=-1210 m1=-2750/-144320 i1=-53 t1=35 m2=2703/140992 i2=289 t2=35 steerMode=-1664/-3475 iSteer=117691 driveMode=-142656/-143621 iDrive=-171053 scale=0 wheel=-415000 ffS=-2500
2026-07-07T16:21:26.859+00:00 VCP SET_TARGET_FF_RX steerRate=-15000 wheelAccel=0
2026-07-07T16:21:27.042+00:00 VCP run=1 step=0 angle=8174 target=7933 err=-241 steer=-2500 m1=-2777/-146094 i1=-219 t1=35 m2=2653/139219 i2=147 t2=35 steerMode=-3438/-2240 iSteer=-35649 driveMode=-142656/-143225 iDrive=-182937 scale=0 wheel=-415000 ffS=-2500
2026-07-07T16:21:27.042+00:00 VCP run=1 step=0 angle=7119 target=6733 err=-386 steer=-1667 m1=-2790/-144948 i1=-65 t1=35 m2=2668/140365 i2=269 t2=35 steerMode=-2292/-3874 iSteer=102119 driveMode=-142656/-143744 iDrive=-167368 scale=0 wheel=-415000 ffS=-1667
2026-07-07T16:21:27.145+00:00 VCP run=1 step=0 angle=6152 target=5732 err=-420 steer=-2083 m1=-2767/-145521 i1=-211 t1=35 m2=2680/139792 i2=127 t2=35 steerMode=-2864/-1575 iSteer=-42241 driveMode=-142656/-143689 iDrive=-169019 scale=0 wheel=-415000 ffS=-1667
2026-07-07T16:21:27.244+00:00 VCP run=1 step=0 angle=5273 target=4733 err=-540 steer=-2748 m1=-2788/-146434 i1=-184 t1=35 m2=2682/138878 i2=139 t2=35 steerMode=-3778/-2939 iSteer=-22898 driveMode=-142656/-143937 iDrive=-161575 scale=0 wheel=-415000 ffS=-1667
2026-07-07T16:21:27.244+00:00 VCP SET_TARGET_RX steer=4134 wheel=-415000
2026-07-07T16:21:27.342+00:00 VCP run=1 step=0 angle=4570 target=3734 err=-836 steer=-3339 m1=-2786/-147248 i1=-252 t1=35 m2=2670/138065 i2=66 t2=35 steerMode=-4592/-2370 iSteer=-92889 driveMode=-142656/-144018 iDrive=-159140 scale=0 wheel=-415000 ffS=-1667
2026-07-07T16:21:27.343+00:00 VCP SET_TARGET_FF_RX steerRate=-10000 wheelAccel=0
2026-07-07T16:21:27.446+00:00 VCP run=1 step=0 angle=2725 target=2733 err=8 steer=-1667 m1=-2790/-144948 i1=-55 t1=35 m2=2693/140365 i2=248 t2=35 steerMode=-2292/-3873 iSteer=96111 driveMode=-142656/-144275 iDrive=-151451 scale=0 wheel=-415000 ffS=-1667
2026-07-07T16:21:27.548+00:00 VCP run=1 step=0 angle=1934 target=1733 err=-201 steer=-1667 m1=-2773/-144948 i1=-187 t1=35 m2=2709/140365 i2=151 t2=35 steerMode=-2292/-1606 iSteer=-18015 driveMode=-142656/-143696 iDrive=-168800 scale=0 wheel=-415000 ffS=-1667
2026-07-07T16:21:27.651+00:00 VCP run=1 step=0 angle=1318 target=734 err=-584 steer=-2835 m1=-2761/-146555 i1=-241 t1=35 m2=2693/138758 i2=84 t2=35 steerMode=-3899/-2029 iSteer=-78772 driveMode=-142656/-143912 iDrive=-162325 scale=0 wheel=-415000 ffS=-1667
2026-07-07T16:21:27.750+00:00 VCP run=1 step=0 angle=264 target=359734 err=-530 steer=-2726 m1=-2771/-146405 i1=-233 t1=35 m2=2689/138908 i2=118 t2=35 steerMode=-3748/-2318 iSteer=-57611 driveMode=-142656/-143471 iDrive=-175556 scale=0 wheel=-415000 ffS=-1667
2026-07-07T16:21:27.750+00:00 VCP SET_TARGET_RX steer=359133 wheel=-415000
2026-07-07T16:21:27.848+00:00 VCP run=1 step=0 angle=359297 target=358732 err=-565 steer=-2796 m1=-2817/-146501 i1=-154 t1=35 m2=2653/138811 i2=178 t2=35 steerMode=-3845/-3874 iSteer=11961 driveMode=-142656/-143805 iDrive=-165540 scale=0 wheel=-415000 ffS=-1667
2026-07-07T16:21:27.848+00:00 VCP SET_TARGET_FF_RX steerRate=-10000 wheelAccel=0
2026-07-07T16:21:27.950+00:00 VCP run=1 step=0 angle=358682 target=357734 err=-948 steer=-3562 m1=-2796/-147554 i1=-216 t1=35 m2=2674/137759 i2=86 t2=35 steerMode=-4898/-3411 iSteer=-65017 driveMode=-142656/-144284 iDrive=-151169 scale=0 wheel=-415000 ffS=-1667
2026-07-07T16:21:28.053+00:00 VCP run=1 step=0 angle=355957 target=356733 err=776 steer=-115 m1=-2748/-142814 i1=-56 t1=35 m2=2737/142499 i2=250 t2=35 steerMode=-158/-1869 iSteer=97318 driveMode=-142656/-144217 iDrive=-153163 scale=0 wheel=-415000 ffS=-1667
2026-07-07T16:21:28.155+00:00 VCP run=1 step=0 angle=355781 target=355732 err=-49 steer=-1667 m1=-2777/-144948 i1=-196 t1=35 m2=2701/140365 i2=148 t2=35 steerMode=-2292/-1636 iSteer=-24081 driveMode=-142656/-143597 iDrive=-171786 scale=0 wheel=-415000 ffS=-1667
2026-07-07T16:21:28.254+00:00 VCP run=1 step=0 angle=355254 target=354734 err=-520 steer=-2706 m1=-2748/-146378 i1=-233 t1=35 m2=2682/138935 i2=105 t2=35 steerMode=-3721/-2270 iSteer=-63599 driveMode=-142656/-143687 iDrive=-169083 scale=0 wheel=-415000 ffS=-1667
2026-07-07T16:21:28.254+00:00 VCP SET_TARGET_RX steer=354134 wheel=-415000
2026-07-07T16:21:28.352+00:00 VCP run=1 step=0 angle=354375 target=353734 err=-641 steer=-2949 m1=-2828/-146711 i1=-163 t1=35 m2=2693/138602 i2=154 t2=35 steerMode=-4054/-3848 iSteer=-4447 driveMode=-142656/-144039 iDrive=-158520 scale=0 wheel=-415000 ffS=-1667
2026-07-07T16:21:28.352+00:00 VCP SET_TARGET_FF_RX steerRate=-10000 wheelAccel=0
2026-07-07T16:21:28.455+00:00 VCP run=1 step=0 angle=352705 target=352734 err=29 steer=-1667 m1=-2767/-144948 i1=-201 t1=35 m2=2712/140365 i2=123 t2=35 steerMode=-2292/-1368 iSteer=-38903 driveMode=-142656/-143925 iDrive=-161933 scale=0 wheel=-415000 ffS=-1667
2026-07-07T16:21:28.557+00:00 VCP run=1 step=0 angle=352178 target=351734 err=-444 steer=-1667 m1=-2756/-144948 i1=-163 t1=35 m2=2699/140365 i2=146 t2=35 steerMode=-2292/-2004 iSteer=-8551 driveMode=-142656/-144164 iDrive=-154766 scale=0 wheel=-415000 ffS=-1667
2026-07-07T16:21:28.659+00:00 VCP run=1 step=0 angle=351387 target=350734 err=-653 steer=-2972 m1=-2792/-146743 i1=-260 t1=35 m2=2691/138570 i2=72 t2=35 steerMode=-4087/-2110 iSteer=-93904 driveMode=-142656/-143781 iDrive=-166266 scale=0 wheel=-415000 ffS=-1667
2026-07-07T16:21:28.758+00:00 VCP run=1 step=0 angle=350332 target=349734 err=-598 steer=-2863 m1=-2775/-146592 i1=-234 t1=35 m2=2689/138720 i2=114 t2=35 steerMode=-3936/-2664 iSteer=-59684 driveMode=-142656/-143529 iDrive=-173827 scale=0 wheel=-415000 ffS=-1667
2026-07-07T16:21:28.758+00:00 VCP SET_TARGET_RX steer=349334 wheel=-415000
2026-07-07T16:21:28.856+00:00 VCP run=1 step=0 angle=349453 target=349133 err=-320 steer=-833 m1=-2733/-143802 i1=-146 t1=35 m2=2705/141510 i2=176 t2=35 steerMode=-1146/-1330 iSteer=14825 driveMode=-142656/-143954 iDrive=-161055 scale=0 wheel=-415000 ffS=-833
2026-07-07T16:21:28.856+00:00 VCP SET_TARGET_FF_RX steerRate=-5000 wheelAccel=0
2026-07-07T16:21:28.959+00:00 VCP run=1 step=0 angle=348662 target=348634 err=-28 steer=-833 m1=-2733/-143802 i1=-181 t1=35 m2=2714/141510 i2=166 t2=35 steerMode=-1146/-912 iSteer=-7705 driveMode=-142656/-143548 iDrive=-173242 scale=0 wheel=-415000 ffS=-833
2026-07-07T16:21:29.142+00:00 VCP run=1 step=0 angle=348223 target=348134 err=-89 steer=-833 m1=-2765/-143802 i1=-162 t1=35 m2=2724/141510 i2=171 t2=35 steerMode=-1146/-1166 iSteer=4719 driveMode=-142656/-143771 iDrive=-166554 scale=0 wheel=-415000 ffS=-833
2026-07-07T16:21:29.142+00:00 VCP run=1 step=0 angle=348223 target=347634 err=-589 steer=-2011 m1=-2756/-145421 i1=-235 t1=35 m2=2722/139892 i2=62 t2=35 steerMode=-2765/-969 iSteer=-86259 driveMode=-142656/-144380 iDrive=-148292 scale=0 wheel=-415000 ffS=-833
2026-07-07T16:21:29.201+00:00 VCP run=1 step=0 angle=347695 target=347133 err=-562 steer=-1958 m1=-2790/-145348 i1=-163 t1=35 m2=2674/139964 i2=164 t2=35 steerMode=-2692/-2672 iSteer=409 driveMode=-142656/-143870 iDrive=-163579 scale=0 wheel=-415000 ffS=-833
2026-07-07T16:21:29.344+00:00 VCP SET_TARGET_RX steer=346834 wheel=-415000
2026-07-07T16:21:29.344+00:00 VCP run=1 step=0 angle=346465 target=346734 err=269 steer=-833 m1=-2723/-143802 i1=-198 t1=35 m2=2691/141510 i2=151 t2=35 steerMode=-1146/-630 iSteer=-23783 driveMode=-142656/-143501 iDrive=-174650 scale=0 wheel=-415000 ffS=-833
2026-07-07T16:21:29.446+00:00 VCP run=1 step=0 angle=346289 target=346734 err=445 steer=-833 m1=-2767/-143802 i1=-148 t1=35 m2=2689/141510 i2=200 t2=35 steerMode=-1146/-1637 iSteer=26131 driveMode=-142656/-143521 iDrive=-174063 scale=0 wheel=-415000 ffS=-833
2026-07-07T16:21:29.550+00:00 VCP run=1 step=0 angle=346289 target=346734 err=445 steer=0 m1=-2746/-142656 i1=-133 t1=35 m2=2737/142656 i2=189 t2=35 steerMode=0/-518 iSteer=28141 driveMode=-142656/-143947 iDrive=-161271 scale=0 wheel=-415000 ffS=0
2026-07-07T16:21:29.653+00:00 VCP run=1 step=0 angle=346377 target=346734 err=357 steer=0 m1=-2719/-142656 i1=-228 t1=35 m2=2781/142656 i2=68 t2=35 steerMode=0/1673 iSteer=-80337 driveMode=-142656/-144388 iDrive=-148046 scale=0 wheel=-415000 ffS=0
2026-07-07T16:21:29.753+00:00 VCP run=1 step=0 angle=346289 target=346734 err=445 steer=0 m1=-2738/-142656 i1=-150 t1=35 m2=2712/142656 i2=179 t2=35 steerMode=0/-240 iSteer=14711 driveMode=-142656/-143845 iDrive=-164340 scale=0 wheel=-415000 ffS=0
2026-07-07T16:21:29.753+00:00 VCP SET_TARGET_RX steer=346734 wheel=-415000
2026-07-07T16:21:29.857+00:00 VCP run=1 step=0 angle=346377 target=346734 err=357 steer=0 m1=-2740/-142656 i1=-159 t1=35 m2=2718/142656 i2=191 t2=35 steerMode=0/-253 iSteer=15874 driveMode=-142656/-143483 iDrive=-175198 scale=0 wheel=-415000 ffS=0
2026-07-07T16:21:29.960+00:00 VCP run=1 step=0 angle=346465 target=346734 err=269 steer=0 m1=-2756/-142656 i1=-145 t1=35 m2=2732/142656 i2=167 t2=35 steerMode=0/-152 iSteer=11066 driveMode=-142656/-144111 iDrive=-156353 scale=0 wheel=-415000 ffS=0
2026-07-07T16:21:30.145+00:00 VCP run=1 step=0 angle=346465 target=346734 err=269 steer=0 m1=-2740/-142656 i1=-148 t1=35 m2=2714/142656 i2=171 t2=35 steerMode=0/-157 iSteer=11585 driveMode=-142656/-143995 iDrive=-159828 scale=0 wheel=-415000 ffS=0
2026-07-07T16:21:30.145+00:00 VCP run=1 step=0 angle=346377 target=346734 err=357 steer=0 m1=-2736/-142656 i1=-172 t1=35 m2=2753/142656 i2=154 t2=35 steerMode=0/266 iSteer=-9201 driveMode=-142656/-143884 iDrive=-163181 scale=0 wheel=-415000 ffS=0
2026-07-07T16:21:30.245+00:00 VCP run=1 step=0 angle=346553 target=346734 err=181 steer=0 m1=-2750/-142656 i1=-132 t1=35 m2=2722/142656 i2=178 t2=35 steerMode=0/-383 iSteer=23062 driveMode=-142656/-144170 iDrive=-154598 scale=0 wheel=-415000 ffS=0
2026-07-07T16:21:30.245+00:00 VCP SET_TARGET_RX steer=346734 wheel=-415000
2026-07-07T16:21:30.349+00:00 VCP run=1 step=0 angle=346553 target=346734 err=181 steer=0 m1=-2736/-142656 i1=-157 t1=35 m2=2707/142656 i2=165 t2=35 steerMode=0/11 iSteer=4033 driveMode=-142656/-143958 iDrive=-160955 scale=0 wheel=-415000 ffS=0
2026-07-07T16:21:30.453+00:00 VCP run=1 step=0 angle=346641 target=346734 err=93 steer=0 m1=-2733/-142656 i1=-154 t1=35 m2=2728/142656 i2=170 t2=35 steerMode=0/-63 iSteer=7859 driveMode=-142656/-143920 iDrive=-162077 scale=0 wheel=-415000 ffS=0
2026-07-07T16:21:30.556+00:00 VCP run=1 step=0 angle=346729 target=346734 err=5 steer=0 m1=-2740/-142656 i1=-166 t1=35 m2=2739/142656 i2=158 t2=35 steerMode=0/176 iSteer=-4035 driveMode=-142656/-143917 iDrive=-162169 scale=0 wheel=-415000 ffS=0
2026-07-07T16:21:30.698+00:00 VCP run=1 step=0 angle=346816 target=346734 err=-82 steer=0 m1=-2731/-142656 i1=-152 t1=35 m2=2718/142656 i2=174 t2=35 steerMode=0/-128 iSteer=10959 driveMode=-142656/-143875 iDrive=-163426 scale=0 wheel=-415000 ffS=0
2026-07-07T16:21:30.698+00:00 VCP run=1 step=0 angle=346729 target=346734 err=5 steer=0 m1=-2740/-142656 i1=-163 t1=35 m2=2732/142656 i2=164 t2=35 steerMode=0/96 iSteer=69 driveMode=-142656/-143874 iDrive=-163457 scale=0 wheel=-415000 ffS=0
2026-07-07T16:21:30.842+00:00 VCP SET_TARGET_RX steer=346734 wheel=-415000
2026-07-07T16:21:30.842+00:00 VCP run=1 step=0 angle=346904 target=346734 err=-170 steer=0 m1=-2746/-142656 i1=-132 t1=35 m2=2745/142656 i2=168 t2=35 steerMode=0/-259 iSteer=17994 driveMode=-142656/-144319 iDrive=-150113 scale=0 wheel=-415000 ffS=0
2026-07-07T16:21:30.945+00:00 VCP run=1 step=0 angle=346992 target=346734 err=-258 steer=0 m1=-2725/-142656 i1=-150 t1=35 m2=2749/142656 i2=174 t2=35 steerMode=0/-133 iSteer=11887 driveMode=-142656/-143924 iDrive=-161956 scale=0 wheel=-415000 ffS=0
2026-07-07T16:21:31.049+00:00 VCP run=1 step=0 angle=346904 target=346734 err=-170 steer=0 m1=-2740/-142656 i1=-166 t1=35 m2=2709/142656 i2=170 t2=35 steerMode=0/64 iSteer=1622 driveMode=-142656/-143724 iDrive=-167969 scale=0 wheel=-415000 ffS=0
2026-07-07T16:21:31.152+00:00 VCP run=1 step=0 angle=347168 target=346734 err=-434 steer=0 m1=-2744/-142656 i1=-140 t1=35 m2=2697/142656 i2=211 t2=35 steerMode=0/-582 iSteer=35361 driveMode=-142656/-143482 iDrive=-175222 scale=0 wheel=-415000 ffS=0
2026-07-07T16:21:31.252+00:00 VCP run=1 step=0 angle=347344 target=346734 err=-610 steer=-1219 m1=-2752/-144333 i1=-233 t1=35 m2=2697/140979 i2=130 t2=35 steerMode=-1677/-535 iSteer=-51630 driveMode=-142656/-143276 iDrive=-181411 scale=0 wheel=-415000 ffS=0
2026-07-07T16:21:31.252+00:00 VCP SET_TARGET_RX steer=346734 wheel=-415000
2026-07-07T16:21:31.355+00:00 VCP run=1 step=0 angle=347080 target=346734 err=-346 steer=0 m1=-2717/-142656 i1=-156 t1=35 m2=2749/142656 i2=155 t2=35 steerMode=0/143 iSteer=-515 driveMode=-142656/-144147 iDrive=-155269 scale=0 wheel=-415000 ffS=0
2026-07-07T16:21:31.459+00:00 VCP run=1 step=0 angle=346992 target=346734 err=-258 steer=0 m1=-2731/-142656 i1=-165 t1=35 m2=2749/142656 i2=150 t2=35 steerMode=0/250 iSteer=-7244 driveMode=-142656/-144076 iDrive=-157404 scale=0 wheel=-415000 ffS=0
2026-07-07T16:21:31.644+00:00 VCP run=1 step=0 angle=347080 target=346734 err=-346 steer=0 m1=-2725/-142656 i1=-151 t1=35 m2=2707/142656 i2=202 t2=35 steerMode=0/-391 iSteer=25553 driveMode=-142656/-143435 iDrive=-176644 scale=0 wheel=-415000 ffS=0
2026-07-07T16:21:31.644+00:00 VCP run=1 step=0 angle=347168 target=346734 err=-434 steer=0 m1=-2738/-142656 i1=-149 t1=35 m2=2707/142656 i2=164 t2=35 steerMode=0/-34 iSteer=7485 driveMode=-142656/-144114 iDrive=-156273 scale=0 wheel=-415000 ffS=0
2026-07-07T16:21:31.743+00:00 VCP run=1 step=0 angle=347256 target=346734 err=-522 steer=-1044 m1=-2765/-144091 i1=-157 t1=35 m2=2684/141221 i2=192 t2=35 steerMode=-1435/-1694 iSteer=17611 driveMode=-142656/-143503 iDrive=-174593 scale=0 wheel=-415000 ffS=0
2026-07-07T16:21:31.743+00:00 VCP SET_TARGET_RX steer=346734 wheel=-415000
2026-07-07T16:21:31.846+00:00 VCP run=1 step=0 angle=346729 target=346734 err=5 steer=0 m1=-2719/-142656 i1=-211 t1=35 m2=2741/142656 i2=154 t2=35 steerMode=0/691 iSteer=-28778 driveMode=-142656/-143239 iDrive=-182505 scale=0 wheel=-415000 ffS=0
2026-07-07T16:21:31.950+00:00 VCP run=1 step=0 angle=346992 target=346734 err=-258 steer=0 m1=-2752/-142656 i1=-122 t1=35 m2=2720/142656 i2=201 t2=35 steerMode=0/-690 iSteer=39490 driveMode=-142656/-143934 iDrive=-161657 scale=0 wheel=-415000 ffS=0
2026-07-07T16:21:32.053+00:00 VCP run=1 step=0 angle=355605 target=51500 err=55895 steer=40000 m1=-1664/-87656 i1=577 t1=35 m2=3814/197656 i2=897 t2=35 steerMode=55000/41656 iSteer=736835 driveMode=-142656/-143994 iDrive=-159878 scale=0 wheel=-415000 ffS=0
2026-07-07T16:21:32.156+00:00 VCP run=1 step=0 angle=23818 target=51500 err=27682 steer=40000 m1=-1656/-87656 i1=-354 t1=35 m2=3787/197656 i2=35 t2=35 steerMode=55000/59346 iSteer=-159225 driveMode=-142656/-142843 iDrive=-194400 scale=0 wheel=-415000 ffS=0
2026-07-07T16:21:32.254+00:00 VCP run=1 step=0 angle=44561 target=51500 err=6939 steer=13879 m1=-2219/-123573 i1=-1076 t1=35 m2=3228/161740 i2=-706 t2=35 steerMode=19084/37441 iSteer=-890892 driveMode=-142656/-143155 iDrive=-185031 scale=0 wheel=-415000 ffS=0
2026-07-07T16:21:32.255+00:00 VCP SET_TARGET_RX steer=51500 wheel=-415000
2026-07-07T16:21:32.358+00:00 VCP run=1 step=0 angle=48428 target=51500 err=3072 steer=6145 m1=-2629/-134208 i1=-10 t1=35 m2=2873/151105 i2=288 t2=35 steerMode=8449/5959 iSteer=138814 driveMode=-142656/-144352 iDrive=-149142 scale=0 wheel=-415000 ffS=0
2026-07-07T16:21:32.542+00:00 VCP run=1 step=0 angle=50977 target=51500 err=523 steer=1047 m1=-2685/-141217 i1=-259 t1=35 m2=2760/144096 i2=79 t2=35 steerMode=1439/3404 iSteer=-90016 driveMode=-142656/-143677 iDrive=-169369 scale=0 wheel=-415000 ffS=0
2026-07-07T16:21:32.543+00:00 VCP run=1 step=0 angle=51416 target=51500 err=84 steer=0 m1=-2729/-142656 i1=-108 t1=35 m2=2732/142656 i2=197 t2=35 steerMode=0/-741 iSteer=44705 driveMode=-142656/-144237 iDrive=-152592 scale=0 wheel=-415000 ffS=0
2026-07-07T16:21:32.646+00:00 VCP run=1 step=0 angle=51504 target=51500 err=-4 steer=0 m1=-2731/-142656 i1=-169 t1=35 m2=2764/142656 i2=148 t2=35 steerMode=0/357 iSteer=-10545 driveMode=-142656/-144033 iDrive=-158700 scale=0 wheel=-415000 ffS=0
2026-07-07T16:21:32.746+00:00 VCP run=1 step=0 angle=51592 target=51500 err=-92 steer=0 m1=-2713/-142656 i1=-172 t1=35 m2=2739/142656 i2=151 t2=35 steerMode=0/342 iSteer=-10217 driveMode=-142656/-143933 iDrive=-161687 scale=0 wheel=-415000 ffS=0
2026-07-07T16:21:32.747+00:00 VCP SET_TARGET_RX steer=51500 wheel=-415000
2026-07-07T16:21:32.850+00:00 VCP run=1 step=0 angle=51592 target=51500 err=-92 steer=0 m1=-2744/-142656 i1=-146 t1=35 m2=2730/142656 i2=189 t2=35 steerMode=0/-292 iSteer=21569 driveMode=-142656/-143728 iDrive=-167838 scale=0 wheel=-415000 ffS=0
2026-07-07T16:21:32.954+00:00 VCP run=1 step=0 angle=51768 target=51500 err=-268 steer=0 m1=-2727/-142656 i1=-149 t1=35 m2=2703/142656 i2=179 t2=35 steerMode=0/-160 iSteer=15115 driveMode=-142656/-143864 iDrive=-163775 scale=0 wheel=-415000 ffS=0
2026-07-07T16:21:33.058+00:00 VCP run=1 step=0 angle=51680 target=51500 err=-180 steer=0 m1=-2719/-142656 i1=-158 t1=35 m2=2735/142656 i2=152 t2=35 steerMode=0/201 iSteer=-3187 driveMode=-142656/-144164 iDrive=-154756 scale=0 wheel=-415000 ffS=0
2026-07-07T16:21:33.198+00:00 VCP run=1 step=0 angle=52119 target=51500 err=-619 steer=-1238 m1=-2777/-144359 i1=-150 t1=35 m2=2697/140954 i2=166 t2=35 steerMode=-1703/-1763 iSteer=7794 driveMode=-142656/-144066 iDrive=-157710 scale=0 wheel=-415000 ffS=0
2026-07-07T16:21:33.198+00:00 VCP run=1 step=0 angle=51328 target=51500 err=172 steer=0 m1=-2736/-142656 i1=-164 t1=35 m2=2714/142656 i2=167 t2=35 steerMode=0/97 iSteer=1550 driveMode=-142656/-143797 iDrive=-165773 scale=0 wheel=-415000 ffS=0
2026-07-07T16:21:33.343+00:00 VCP SET_TARGET_RX steer=51500 wheel=-415000
2026-07-07T16:21:33.343+00:00 VCP run=1 step=0 angle=51328 target=51500 err=172 steer=0 m1=-2744/-142656 i1=-150 t1=35 m2=2732/142656 i2=175 t2=35 steerMode=0/-113 iSteer=12126 driveMode=-142656/-143910 iDrive=-162381 scale=0 wheel=-415000 ffS=0
2026-07-07T16:21:33.446+00:00 VCP run=1 step=0 angle=51680 target=51500 err=-180 steer=0 m1=-2729/-142656 i1=-159 t1=35 m2=2755/142656 i2=168 t2=35 steerMode=0/43 iSteer=4253 driveMode=-142656/-143876 iDrive=-163397 scale=0 wheel=-415000 ffS=0
2026-07-07T16:21:33.550+00:00 VCP run=1 step=0 angle=51855 target=51500 err=-355 steer=0 m1=-2721/-142656 i1=-171 t1=35 m2=2755/142656 i2=146 t2=35 steerMode=0/365 iSteer=-12346 driveMode=-142656/-144029 iDrive=-158805 scale=0 wheel=-415000 ffS=0
2026-07-07T16:21:33.654+00:00 VCP run=1 step=0 angle=51855 target=51500 err=-355 steer=0 m1=-2744/-142656 i1=-151 t1=35 m2=2745/142656 i2=149 t2=35 steerMode=0/123 iSteer=-627 driveMode=-142656/-144321 iDrive=-150063 scale=0 wheel=-415000 ffS=0
2026-07-07T16:21:33.753+00:00 VCP run=1 step=0 angle=54668 target=141600 err=86932 steer=38400 m1=-2131/-89856 i1=1624 t1=35 m2=3379/195456 i2=1911 t2=35 steerMode=52800/18398 iSteer=1767648 driveMode=-142656/-144546 iDrive=-143311 scale=0 wheel=-415000 ffS=0
2026-07-07T16:21:33.753+00:00 VCP SET_TARGET_RX steer=141600 wheel=-415000
2026-07-07T16:21:33.855+00:00 VCP run=1 step=0 angle=82441 target=141600 err=59159 steer=40000 m1=-1570/-87656 i1=-586 t1=35 m2=3867/197656 i2=-210 t2=35 steerMode=55000/64052 iSteer=-397538 driveMode=-142656/-143056 iDrive=-188001 scale=0 wheel=-415000 ffS=0
2026-07-07T16:21:33.958+00:00 VCP run=1 step=0 angle=107051 target=141600 err=34549 steer=40000 m1=-1725/-87656 i1=13 t1=35 m2=3739/197656 i2=330 t2=35 steerMode=55000/52651 iSteer=171513 driveMode=-142656/-144033 iDrive=-158702 scale=0 wheel=-415000 ffS=0
2026-07-07T16:21:34.060+00:00 VCP run=1 step=0 angle=128936 target=141600 err=12664 steer=25329 m1=-1823/-107829 i1=-1066 t1=35 m2=3616/177484 i2=-670 t2=35 steerMode=34827/53055 iSteer=-868269 driveMode=-142656/-142721 iDrive=-198060 scale=0 wheel=-415000 ffS=0
2026-07-07T16:21:34.200+00:00 VCP run=1 step=0 angle=138076 target=141600 err=3524 steer=7048 m1=-2660/-132966 i1=-71 t1=35 m2=2810/152347 i2=270 t2=35 steerMode=9691/7837 iSteer=99522 driveMode=-142656/-143633 iDrive=-170706 scale=0 wheel=-415000 ffS=0
2026-07-07T16:21:34.200+00:00 VCP run=1 step=0 angle=140625 target=141600 err=975 steer=1950 m1=-2635/-139975 i1=-325 t1=35 m2=2833/145338 i2=22 t2=35 steerMode=2681/5868 iSteer=-151082 driveMode=-142656/-143541 iDrive=-173443 scale=0 wheel=-415000 ffS=0
2026-07-07T16:21:34.344+00:00 VCP SET_TARGET_RX steer=141600 wheel=-415000
2026-07-07T16:21:34.344+00:00 VCP run=1 step=0 angle=141064 target=141600 err=536 steer=1071 m1=-2750/-141183 i1=-92 t1=35 m2=2732/144129 i2=213 t2=35 steerMode=1473/412 iSteer=60161 driveMode=-142656/-144235 iDrive=-152626 scale=0 wheel=-415000 ffS=0
2026-07-07T16:21:34.447+00:00 VCP run=1 step=0 angle=141416 target=141600 err=184 steer=0 m1=-2746/-142656 i1=-134 t1=35 m2=2712/142656 i2=220 t2=35 steerMode=0/-706 iSteer=43054 driveMode=-142656/-143417 iDrive=-177165 scale=0 wheel=-415000 ffS=0
2026-07-07T16:21:34.551+00:00 VCP run=1 step=0 angle=141416 target=141600 err=184 steer=0 m1=-2752/-142656 i1=-143 t1=35 m2=2745/142656 i2=179 t2=35 steerMode=0/-181 iSteer=18031 driveMode=-142656/-143944 iDrive=-161359 scale=0 wheel=-415000 ffS=0
2026-07-07T16:21:34.654+00:00 VCP run=1 step=0 angle=141504 target=141600 err=96 steer=0 m1=-2750/-142656 i1=-135 t1=35 m2=2716/142656 i2=188 t2=35 steerMode=0/-333 iSteer=26192 driveMode=-142656/-143936 iDrive=-161608 scale=0 wheel=-415000 ffS=0
2026-07-07T16:21:34.754+00:00 VCP run=1 step=0 angle=141504 target=141600 err=96 steer=0 m1=-2752/-142656 i1=-137 t1=35 m2=2726/142656 i2=177 t2=35 steerMode=0/-202 iSteer=20025 driveMode=-142656/-144077 iDrive=-157384 scale=0 wheel=-415000 ffS=0
2026-07-07T16:21:34.755+00:00 VCP SET_TARGET_RX steer=141600 wheel=-415000
2026-07-07T16:21:34.858+00:00 VCP run=1 step=0 angle=141592 target=141600 err=8 steer=0 m1=-2727/-142656 i1=-120 t1=35 m2=2726/142656 i2=205 t2=35 steerMode=0/-635 iSteer=42488 driveMode=-142656/-143914 iDrive=-162281 scale=0 wheel=-415000 ffS=0
2026-07-07T16:21:35.043+00:00 VCP run=1 step=0 angle=141592 target=141600 err=8 steer=0 m1=-2731/-142656 i1=-155 t1=35 m2=2697/142656 i2=200 t2=35 steerMode=0/-216 iSteer=22784 driveMode=-142656/-143404 iDrive=-177555 scale=0 wheel=-415000 ffS=0
2026-07-07T16:21:35.044+00:00 VCP run=1 step=0 angle=141592 target=141600 err=8 steer=0 m1=-2721/-142656 i1=-155 t1=35 m2=2720/142656 i2=194 t2=35 steerMode=0/-146 iSteer=19442 driveMode=-142656/-143513 iDrive=-174311 scale=0 wheel=-415000 ffS=0
2026-07-07T16:21:35.147+00:00 VCP run=1 step=0 angle=141504 target=141600 err=96 steer=0 m1=-2746/-142656 i1=-133 t1=35 m2=2718/142656 i2=163 t2=35 steerMode=0/-57 iSteer=15070 driveMode=-142656/-144384 iDrive=-148167 scale=0 wheel=-415000 ffS=0
2026-07-07T16:21:35.247+00:00 VCP run=1 step=0 angle=141504 target=141600 err=96 steer=0 m1=-2727/-142656 i1=-138 t1=35 m2=2728/142656 i2=198 t2=35 steerMode=0/-334 iSteer=30056 driveMode=-142656/-143718 iDrive=-168145 scale=0 wheel=-415000 ffS=0
2026-07-07T16:21:35.247+00:00 VCP SET_TARGET_RX steer=141600 wheel=-415000
2026-07-07T16:21:35.351+00:00 VCP run=1 step=0 angle=141680 target=141600 err=-80 steer=0 m1=-2748/-142656 i1=-151 t1=35 m2=2745/142656 i2=195 t2=35 steerMode=0/-149 iSteer=21762 driveMode=-142656/-143557 iDrive=-172983 scale=0 wheel=-415000 ffS=0
2026-07-07T16:21:35.454+00:00 VCP run=1 step=0 angle=141680 target=141600 err=-80 steer=0 m1=-4161/-269156 i1=-2546 t1=35 m2=4139/269156 i2=2571 t2=35 steerMode=0/18 iSteer=12545 driveMode=-269156/-193573 iDrive=-2558195 scale=0 wheel=-783000 ffS=0
2026-07-07T16:21:35.558+00:00 VCP run=1 step=0 angle=141504 target=141600 err=96 steer=0 m1=-6787/-395656 i1=-2366 t1=35 m2=6769/395656 i2=2433 t2=35 steerMode=0/-372 iSteer=33232 driveMode=-395656/-329667 iDrive=-2399576 scale=0 wheel=-1151000 ffS=0
2026-07-07T16:21:35.718+00:00 VCP run=1 step=0 angle=141416 target=141600 err=184 steer=0 m1=-8488/-434844 i1=-347 t1=35 m2=8464/434844 i2=452 t2=35 steerMode=0/-705 iSteer=52653 driveMode=-434844/-437714 iDrive=-399583 scale=0 wheel=-1265000 ffS=0
2026-07-07T16:21:35.718+00:00 VCP run=1 step=0 angle=141328 target=141600 err=272 steer=0 m1=-8474/-434844 i1=-70 t1=35 m2=8473/434844 i2=126 t2=35 steerMode=0/-182 iSteer=28112 driveMode=-434844/-447083 iDrive=-98081 scale=0 wheel=-1265000 ffS=0
2026-07-07T16:21:35.842+00:00 VCP SET_TARGET_RX steer=141600 wheel=-1265000
2026-07-07T16:21:35.842+00:00 VCP run=1 step=0 angle=141504 target=141600 err=96 steer=0 m1=-8455/-434844 i1=-117 t1=35 m2=8437/434844 i2=186 t2=35 steerMode=0/-306 iSteer=34700 driveMode=-434844/-444649 iDrive=-151420 scale=0 wheel=-1265000 ffS=0
2026-07-07T16:21:35.946+00:00 VCP run=1 step=0 angle=141504 target=141600 err=96 steer=0 m1=-8444/-434844 i1=-120 t1=35 m2=8441/434844 i2=176 t2=35 steerMode=0/-156 iSteer=27569 driveMode=-434844/-444186 iDrive=-147951 scale=0 wheel=-1265000 ffS=0
2026-07-07T16:21:36.049+00:00 VCP run=1 step=0 angle=141768 target=141600 err=-168 steer=0 m1=-8427/-434844 i1=-128 t1=35 m2=8420/434844 i2=189 t2=35 steerMode=0/-189 iSteer=30217 driveMode=-434844/-443294 iDrive=-158355 scale=0 wheel=-1265000 ffS=0
2026-07-07T16:21:36.153+00:00 VCP run=1 step=0 angle=141768 target=141600 err=-168 steer=0 m1=-8413/-434844 i1=-126 t1=35 m2=8399/434844 i2=191 t2=35 steerMode=0/-227 iSteer=32770 driveMode=-434844/-442783 iDrive=-158409 scale=0 wheel=-1265000 ffS=0
2026-07-07T16:21:36.252+00:00 VCP run=1 step=0 angle=141943 target=141600 err=-343 steer=0 m1=-8413/-434844 i1=-104 t1=35 m2=8389/434844 i2=197 t2=35 steerMode=0/-484 iSteer=46369 driveMode=-434844/-442576 iDrive=-150237 scale=0 wheel=-1265000 ffS=0
2026-07-07T16:21:36.252+00:00 VCP SET_TARGET_RX steer=141600 wheel=-1265000
2026-07-07T16:21:36.356+00:00 VCP run=1 step=0 angle=141943 target=141600 err=-343 steer=0 m1=-8392/-434844 i1=-116 t1=35 m2=8397/434844 i2=185 t2=35 steerMode=0/-223 iSteer=34234 driveMode=-434844/-442113 iDrive=-150619 scale=0 wheel=-1265000 ffS=0
2026-07-07T16:21:36.459+00:00 VCP run=1 step=0 angle=141943 target=141600 err=-343 steer=0 m1=-8375/-434844 i1=-129 t1=35 m2=8395/434844 i2=184 t2=35 steerMode=0/-85 iSteer=27865 driveMode=-434844/-441487 iDrive=-156492 scale=0 wheel=-1265000 ffS=0
2026-07-07T16:21:36.643+00:00 VCP run=1 step=0 angle=142119 target=141600 err=-519 steer=-1038 m1=-8413/-436271 i1=-131 t1=35 m2=8366/433416 i2=165 t2=35 steerMode=-1428/-1320 iSteer=17132 driveMode=-434844/-441373 iDrive=-147806 scale=0 wheel=-1265000 ffS=0
2026-07-07T16:21:36.643+00:00 VCP run=1 step=0 angle=141855 target=141600 err=-255 steer=0 m1=-8371/-434844 i1=-125 t1=35 m2=8374/434844 i2=188 t2=35 steerMode=0/-130 iSteer=31625 driveMode=-434844/-440708 iDrive=-156381 scale=0 wheel=-1265000 ffS=0
2026-07-07T16:21:36.743+00:00 VCP run=1 step=0 angle=142031 target=141600 err=-431 steer=0 m1=-8384/-434844 i1=-111 t1=35 m2=8368/434844 i2=187 t2=35 steerMode=0/-250 iSteer=38057 driveMode=-434844/-440606 iDrive=-148869 scale=0 wheel=-1265000 ffS=0
2026-07-07T16:21:36.743+00:00 VCP SET_TARGET_RX steer=141600 wheel=-1265000
2026-07-07T16:21:36.846+00:00 VCP run=1 step=0 angle=141943 target=141600 err=-343 steer=0 m1=-8384/-434844 i1=-59 t1=35 m2=8330/434844 i2=257 t2=35 steerMode=0/-1470 iSteer=98946 driveMode=-434844/-439963 iDrive=-158058 scale=0 wheel=-1265000 ffS=0
2026-07-07T16:21:36.949+00:00 VCP run=1 step=0 angle=142031 target=141600 err=-431 steer=0 m1=-8365/-434844 i1=-121 t1=35 m2=8355/434844 i2=181 t2=35 steerMode=0/-71 iSteer=29922 driveMode=-434844/-439882 iDrive=-151129 scale=0 wheel=-1265000 ffS=0
2026-07-07T16:21:37.052+00:00 VCP run=1 step=0 angle=150645 target=161600 err=10955 steer=21911 m1=-7352/-404716 i1=-642 t1=35 m2=9081/464971 i2=-33 t2=35 steerMode=30128/38353 iSteer=-337353 driveMode=-434844/-434318 iDrive=-304589 scale=0 wheel=-1265000 ffS=0
2026-07-07T16:21:37.155+00:00 VCP run=1 step=0 angle=159961 target=161600 err=1639 steer=3278 m1=-8331/-430336 i1=-224 t1=35 m2=8378/439351 i2=121 t2=35 steerMode=4507/6177 iSteer=-51686 driveMode=-434844/-438666 iDrive=-172719 scale=0 wheel=-1265000 ffS=0
2026-07-07T16:21:37.254+00:00 VCP run=1 step=0 angle=160752 target=161600 err=848 steer=1696 m1=-8268/-432512 i1=-146 t1=35 m2=8389/437176 i2=167 t2=35 steerMode=2332/2842 iSteer=10157 driveMode=-434844/-438937 iDrive=-156544 scale=0 wheel=-1265000 ffS=0
2026-07-07T16:21:37.254+00:00 VCP SET_TARGET_RX steer=161600 wheel=-1265000
2026-07-07T16:21:37.357+00:00 VCP run=1 step=0 angle=161631 target=161600 err=-31 steer=0 m1=-8352/-434844 i1=-94 t1=35 m2=8324/434844 i2=208 t2=35 steerMode=0/-486 iSteer=56898 driveMode=-434844/-438883 iDrive=-150797 scale=0 wheel=-1265000 ffS=0
2026-07-07T16:21:37.542+00:00 VCP run=1 step=0 angle=161543 target=161600 err=57 steer=0 m1=-8329/-434844 i1=-131 t1=35 m2=8337/434844 i2=187 t2=35 steerMode=0/108 iSteer=28058 driveMode=-434844/-438397 iDrive=-158608 scale=0 wheel=-1265000 ffS=0
2026-07-07T16:21:37.543+00:00 VCP run=1 step=0 angle=161895 target=161600 err=-295 steer=0 m1=-8323/-434844 i1=-127 t1=35 m2=8345/434844 i2=190 t2=35 steerMode=0/43 iSteer=31585 driveMode=-434844/-438179 iDrive=-158686 scale=0 wheel=-1265000 ffS=0
2026-07-07T16:21:37.645+00:00 VCP run=1 step=0 angle=162246 target=161600 err=-646 steer=-1292 m1=-8340/-436620 i1=-193 t1=35 m2=8313/433067 i2=127 t2=35 steerMode=-1777/-458 iSteer=-33292 driveMode=-434844/-437938 iDrive=-160008 scale=0 wheel=-1265000 ffS=0
2026-07-07T16:21:37.744+00:00 VCP run=1 step=0 angle=162158 target=161600 err=-558 steer=-1116 m1=-8344/-436379 i1=-96 t1=35 m2=8284/433309 i2=207 t2=35 steerMode=-1535/-2005 iSteer=55644 driveMode=-434844/-438033 iDrive=-151218 scale=0 wheel=-1265000 ffS=0
2026-07-07T16:21:37.744+00:00 VCP SET_TARGET_RX steer=161600 wheel=-1265000
2026-07-07T16:21:37.848+00:00 VCP run=1 step=0 angle=161543 target=161600 err=57 steer=0 m1=-8312/-434844 i1=-137 t1=35 m2=8322/434844 i2=171 t2=35 steerMode=0/333 iSteer=16902 driveMode=-434844/-437773 iDrive=-153807 scale=0 wheel=-1265000 ffS=0
2026-07-07T16:21:37.951+00:00 VCP run=1 step=0 angle=161895 target=161600 err=-295 steer=0 m1=-8302/-434844 i1=-125 t1=35 m2=8322/434844 i2=205 t2=35 steerMode=0/-123 iSteer=40126 driveMode=-434844/-437234 iDrive=-165015 scale=0 wheel=-1265000 ffS=0
2026-07-07T16:21:38.054+00:00 VCP run=1 step=0 angle=162158 target=161600 err=-558 steer=-1116 m1=-8329/-436379 i1=-156 t1=35 m2=8284/433309 i2=159 t2=35 steerMode=-1535/-914 iSteer=1322 driveMode=-434844/-437335 iDrive=-157295 scale=0 wheel=-1265000 ffS=0
2026-07-07T16:21:38.156+00:00 VCP run=1 step=0 angle=161807 target=178200 err=16393 steer=3000 m1=-8304/-430719 i1=117 t1=35 m2=8313/438969 i2=440 t2=35 steerMode=4125/-769 iSteer=278565 driveMode=-434844/-437039 iDrive=-161815 scale=0 wheel=-1265000 ffS=0
2026-07-07T16:21:38.255+00:00 VCP run=1 step=0 angle=170771 target=178200 err=7429 steer=14857 m1=-7540/-414415 i1=-925 t1=35 m2=8925/455272 i2=-403 t2=35 steerMode=20428/35106 iSteer=-664166 driveMode=-434844/-433566 iDrive=-260896 scale=0 wheel=-1265000 ffS=0
2026-07-07T16:21:38.255+00:00 VCP SET_TARGET_RX steer=178200 wheel=-1265000
2026-07-07T16:21:38.358+00:00 VCP run=1 step=0 angle=176484 target=178200 err=1716 steer=3431 m1=-8279/-430126 i1=-55 t1=35 m2=8345/439562 i2=263 t2=35 steerMode=4718/3445 iSteer=103788 driveMode=-434844/-436939 iDrive=-158990 scale=0 wheel=-1265000 ffS=0
2026-07-07T16:21:38.543+00:00 VCP run=1 step=0 angle=177979 target=178200 err=221 steer=0 m1=-8296/-434844 i1=-185 t1=35 m2=8311/434844 i2=133 t2=35 steerMode=0/1299 iSteer=-26168 driveMode=-434844/-436804 iDrive=-158902 scale=0 wheel=-1265000 ffS=0
2026-07-07T16:21:38.543+00:00 VCP run=1 step=0 angle=178154 target=178200 err=46 steer=0 m1=-8294/-434844 i1=-122 t1=35 m2=8303/434844 i2=206 t2=35 steerMode=0/-71 iSteer=42124 driveMode=-434844/-436512 iDrive=-164273 scale=0 wheel=-1265000 ffS=0
2026-07-07T16:21:38.646+00:00 VCP run=1 step=0 angle=178594 target=178200 err=-394 steer=0 m1=-8306/-434844 i1=-102 t1=35 m2=8305/434844 i2=213 t2=35 steerMode=0/-364 iSteer=55802 driveMode=-434844/-436627 iDrive=-157514 scale=0 wheel=-1265000 ffS=0
2026-07-07T16:21:38.746+00:00 VCP run=1 step=0 angle=178506 target=178200 err=-306 steer=0 m1=-8298/-434844 i1=-75 t1=35 m2=8270/434844 i2=249 t2=35 steerMode=0/-1006 iSteer=86971 driveMode=-434844/-436370 iDrive=-162105 scale=0 wheel=-1265000 ffS=0
2026-07-07T16:21:38.746+00:00 VCP SET_TARGET_RX steer=178200 wheel=-1265000
2026-07-07T16:21:38.848+00:00 VCP run=1 step=0 angle=178857 target=178200 err=-657 steer=-1315 m1=-8317/-436652 i1=-202 t1=35 m2=8278/433036 i2=109 t2=35 steerMode=-1808/-172 iSteer=-46423 driveMode=-434844/-436481 iDrive=-155891 scale=0 wheel=-1265000 ffS=0
2026-07-07T16:21:38.952+00:00 VCP run=1 step=0 angle=178242 target=178200 err=-42 steer=0 m1=-8279/-434844 i1=-103 t1=35 m2=8284/434844 i2=223 t2=35 steerMode=0/-470 iSteer=59715 driveMode=-434844/-436145 iDrive=-163181 scale=0 wheel=-1265000 ffS=0
2026-07-07T16:21:39.055+00:00 VCP run=1 step=0 angle=178857 target=178200 err=-657 steer=-1315 m1=-8312/-436652 i1=-193 t1=35 m2=8267/433036 i2=115 t2=35 steerMode=-1808/-338 iSteer=-38971 driveMode=-434844/-436386 iDrive=-153738 scale=0 wheel=-1265000 ffS=0
2026-07-07T16:21:39.157+00:00 VCP run=1 step=0 angle=178770 target=178200 err=-570 steer=-1139 m1=-8289/-436410 i1=-201 t1=35 m2=8288/433278 i2=121 t2=35 steerMode=-1566/-52 iSteer=-40147 driveMode=-434844/-436153 iDrive=-160737 scale=0 wheel=-1265000 ffS=0
2026-07-07T16:21:39.257+00:00 VCP run=1 step=0 angle=178682 target=178200 err=-482 steer=0 m1=-8296/-434844 i1=-104 t1=35 m2=8282/434844 i2=210 t2=35 steerMode=0/-351 iSteer=52776 driveMode=-434844/-436278 iDrive=-156978 scale=0 wheel=-1265000 ffS=0
2026-07-07T16:21:39.257+00:00 VCP SET_TARGET_RX steer=178200 wheel=-1265000
2026-07-07T16:21:39.360+00:00 VCP run=1 step=0 angle=178682 target=178200 err=-482 steer=0 m1=-8285/-434844 i1=-136 t1=35 m2=8286/434844 i2=182 t2=35 steerMode=0/233 iSteer=23002 driveMode=-434844/-436211 iDrive=-158997 scale=0 wheel=-1265000 ffS=0
2026-07-07T16:21:39.543+00:00 VCP run=1 step=0 angle=187383 target=212100 err=24717 steer=40000 m1=-6952/-359000 i1=939 t1=35 m2=9109/469000 i2=470 t2=35 steerMode=55000/42820 iSteer=704668 driveMode=-414000/-428484 iDrive=234520 scale=0 wheel=-1204364 ffS=0
2026-07-07T16:21:39.543+00:00 VCP run=1 step=0 angle=208213 target=212100 err=3887 steer=7774 m1=-7994/-424154 i1=-1166 t1=35 m2=8437/445533 i2=-270 t2=35 steerMode=10690/25943 iSteer=-718275 driveMode=-434844/-427176 iDrive=-447888 scale=0 wheel=-1265000 ffS=0
2026-07-07T16:21:39.646+00:00 VCP run=1 step=0 angle=209443 target=212100 err=2657 steer=5313 m1=-8176/-427538 i1=16 t1=35 m2=8456/442150 i2=289 t2=35 steerMode=7306/5160 iSteer=152482 driveMode=-434844/-437558 iDrive=-136179 scale=0 wheel=-1265000 ffS=0
2026-07-07T16:21:39.746+00:00 VCP run=1 step=0 angle=212256 target=212100 err=-156 steer=0 m1=-8294/-434844 i1=-220 t1=35 m2=8286/434844 i2=119 t2=35 steerMode=0/1756 iSteer=-50838 driveMode=-434844/-436332 iDrive=-169488 scale=0 wheel=-1265000 ffS=0
2026-07-07T16:21:39.746+00:00 VCP SET_TARGET_RX steer=212100 wheel=-1265000
2026-07-07T16:21:39.849+00:00 VCP run=1 step=0 angle=212256 target=212100 err=-156 steer=0 m1=-8279/-434844 i1=-114 t1=35 m2=8288/434844 i2=217 t2=35 steerMode=0/-282 iSteer=51655 driveMode=-434844/-436368 iDrive=-165497 scale=0 wheel=-1265000 ffS=0
2026-07-07T16:21:39.952+00:00 VCP run=1 step=0 angle=212607 target=212100 err=-507 steer=-1015 m1=-8304/-436239 i1=-201 t1=35 m2=8282/433448 i2=136 t2=35 steerMode=-1395/-32 iSteer=-32130 driveMode=-434844/-436186 iDrive=-168505 scale=0 wheel=-1265000 ffS=0
2026-07-07T16:21:40.054+00:00 VCP run=1 step=0 angle=203203 target=157800 err=-45403 steer=-40000 m1=-9137/-469000 i1=-351 t1=35 m2=7018/359000 i2=-935 t2=35 steerMode=-55000/-42616 iSteer=-643345 driveMode=-414000/-430398 iDrive=291946 scale=0 wheel=-1204364 ffS=0
2026-07-07T16:21:40.156+00:00 VCP run=1 step=0 angle=177188 target=157800 err=-19387 steer=-38775 m1=-8896/-469000 i1=-89 t1=35 m2=6796/362369 i2=452 t2=35 steerMode=-53316/-57332 iSteer=181526 driveMode=-415684/-413348 iDrive=-270306 scale=0 wheel=-1209264 ffS=0
2026-07-07T16:21:40.254+00:00 VCP run=1 step=0 angle=161982 target=157800 err=-4182 steer=-8365 m1=-8465/-446345 i1=63 t1=35 m2=8058/423342 i2=754 t2=35 steerMode=-11502/-19164 iSteer=408372 driveMode=-434844/-430749 iDrive=-345339 scale=0 wheel=-1265000 ffS=0
2026-07-07T16:21:40.255+00:00 VCP SET_TARGET_RX steer=157800 wheel=-1265000
2026-07-07T16:21:40.357+00:00 VCP run=1 step=0 angle=159961 target=157800 err=-2161 steer=-4322 m1=-8438/-440786 i1=-106 t1=35 m2=8198/428901 i2=171 t2=35 steerMode=-5943/-6060 iSteer=32210 driveMode=-434844/-437598 iDrive=-138363 scale=0 wheel=-1265000 ffS=0
2026-07-07T16:21:40.460+00:00 VCP run=1 step=0 angle=158115 target=157800 err=-315 steer=0 m1=-8302/-434844 i1=-56 t1=35 m2=8299/434844 i2=254 t2=35 steerMode=0/-1354 iSteer=99191 driveMode=-434844/-436893 iDrive=-155145 scale=0 wheel=-1265000 ffS=0
2026-07-07T16:21:40.644+00:00 VCP run=1 step=0 angle=158379 target=157800 err=-579 steer=-1158 m1=-8333/-436436 i1=-172 t1=35 m2=8265/433252 i2=133 t2=35 steerMode=-1592/-612 iSteer=-19595 driveMode=-434844/-436849 iDrive=-152736 scale=0 wheel=-1265000 ffS=0
2026-07-07T16:21:40.644+00:00 VCP run=1 step=0 angle=158115 target=157800 err=-315 steer=0 m1=-8306/-434844 i1=-112 t1=35 m2=8299/434844 i2=196 t2=35 steerMode=0/-221 iSteer=41770 driveMode=-434844/-436682 iDrive=-154198 scale=0 wheel=-1265000 ffS=0
2026-07-07T16:21:40.743+00:00 VCP run=1 step=0 angle=158379 target=157800 err=-579 steer=-1158 m1=-8327/-436436 i1=-180 t1=35 m2=8272/433252 i2=117 t2=35 steerMode=-1592/-376 iSteer=-31500 driveMode=-434844/-436758 iDrive=-148519 scale=0 wheel=-1265000 ffS=0
2026-07-07T16:21:40.743+00:00 VCP SET_TARGET_RX steer=118400 wheel=-1265000
2026-07-07T16:21:40.845+00:00 VCP run=1 step=0 angle=154863 target=118400 err=-36463 steer=-39558 m1=-8972/-469000 i1=-1171 t1=35 m2=7518/360216 i2=-2044 t2=35 steerMode=-54392/-22461 iSteer=-1607934 driveMode=-414608/-435826 iDrive=436552 scale=0 wheel=-1206133 ffS=0
2026-07-07T16:21:40.947+00:00 VCP run=1 step=0 angle=128496 target=118400 err=-10096 steer=-20192 m1=-8840/-462608 i1=645 t1=35 m2=7188/407080 i2=2015 t2=35 steerMode=-27764/-54447 iSteer=1329886 driveMode=-434844/-418909 iDrive=-685253 scale=0 wheel=-1265000 ffS=0
2026-07-07T16:21:41.049+00:00 VCP run=1 step=0 angle=122607 target=118400 err=-4207 steer=-8415 m1=-8476/-446414 i1=-304 t1=35 m2=8138/423273 i2=50 t2=35 steerMode=-11570/-8574 iSteer=-127280 driveMode=-434844/-436183 iDrive=-176868 scale=0 wheel=-1265000 ffS=0
2026-07-07T16:21:41.152+00:00 VCP run=1 step=0 angle=119355 target=118400 err=-955 steer=-1911 m1=-8342/-437471 i1=-45 t1=35 m2=8267/432216 i2=251 t2=35 steerMode=-2628/-4078 iSteer=103179 driveMode=-434844/-437015 iDrive=-147824 scale=0 wheel=-1265000 ffS=0
2026-07-07T16:21:41.251+00:00 VCP run=1 step=0 angle=119092 target=118400 err=-692 steer=-1384 m1=-8317/-436746 i1=-158 t1=35 m2=8282/432941 i2=163 t2=35 steerMode=-1902/-1337 iSteer=2494 driveMode=-434844/-436489 iDrive=-160190 scale=0 wheel=-1265000 ffS=0
2026-07-07T16:21:41.251+00:00 VCP SET_TARGET_RX steer=118400 wheel=-1265000
2026-07-07T16:21:41.354+00:00 VCP run=1 step=0 angle=118740 target=118400 err=-340 steer=0 m1=-8302/-434844 i1=-98 t1=35 m2=8303/434844 i2=207 t2=35 steerMode=0/-450 iSteer=54459 driveMode=-434844/-436650 iDrive=-152175 scale=0 wheel=-1265000 ffS=0
2026-07-07T16:21:41.457+00:00 VCP run=1 step=0 angle=118916 target=118400 err=-516 steer=-1032 m1=-8310/-436263 i1=-169 t1=35 m2=8288/433425 i2=143 t2=35 steerMode=-1419/-554 iSteer=-12683 driveMode=-434844/-436426 iDrive=-155988 scale=0 wheel=-1265000 ffS=0
2026-07-07T16:21:41.560+00:00 VCP run=1 step=0 angle=118477 target=118400 err=-77 steer=0 m1=-8296/-434844 i1=-99 t1=35 m2=8299/434844 i2=208 t2=35 steerMode=0/-451 iSteer=54326 driveMode=-434844/-436416 iDrive=-153472 scale=0 wheel=-1265000 ffS=0
2026-07-07T16:21:41.720+00:00 VCP run=1 step=0 angle=118828 target=118400 err=-428 steer=0 m1=-8308/-434844 i1=-103 t1=35 m2=8278/434844 i2=214 t2=35 steerMode=0/-493 iSteer=55490 driveMode=-434844/-436213 iDrive=-158932 scale=0 wheel=-1265000 ffS=0
2026-07-07T16:21:41.720+00:00 VCP run=1 step=0 angle=119092 target=118400 err=-692 steer=-1384 m1=-8302/-436746 i1=-193 t1=35 m2=8280/432941 i2=117 t2=35 steerMode=-1902/-548 iSteer=-38288 driveMode=-434844/-436338 iDrive=-155181 scale=0 wheel=-1265000 ffS=0
2026-07-07T16:21:41.844+00:00 VCP SET_TARGET_RX steer=118400 wheel=-1265000
2026-07-07T16:21:41.844+00:00 VCP run=1 step=0 angle=118828 target=118400 err=-428 steer=0 m1=-8296/-434844 i1=-106 t1=35 m2=8290/434844 i2=206 t2=35 steerMode=0/-375 iSteer=50049 driveMode=-434844/-436321 iDrive=-155670 scale=0 wheel=-1265000 ffS=0
2026-07-07T16:21:41.946+00:00 VCP run=1 step=0 angle=119180 target=118400 err=-780 steer=-1559 m1=-8296/-436988 i1=-215 t1=35 m2=8274/432700 i2=105 t2=35 steerMode=-2144/-431 iSteer=-55343 driveMode=-434844/-436173 iDrive=-160114 scale=0 wheel=-1265000 ffS=0
2026-07-07T16:21:42.048+00:00 VCP run=1 step=0 angle=115313 target=97400 err=-17912 steer=-35825 m1=-8959/-469000 i1=-1050 t1=35 m2=7529/370481 i2=-1626 t2=35 steerMode=-49259/-22677 iSteer=-1338164 driveMode=-419741/-436012 iDrive=288132 scale=0 wheel=-1221064 ffS=0
2026-07-07T16:21:42.151+00:00 VCP run=1 step=0 angle=99316 target=97400 err=-1916 steer=-3833 m1=-8314/-440114 i1=335 t1=35 m2=8142/429574 i2=957 t2=35 steerMode=-5270/-17454 iSteer=645851 driveMode=-434844/-431382 iDrive=-310958 scale=0 wheel=-1265000 ffS=0
2026-07-07T16:21:42.250+00:00 VCP run=1 step=0 angle=99053 target=97400 err=-1653 steer=-3305 m1=-8413/-439389 i1=-143 t1=35 m2=8175/430299 i2=184 t2=35 steerMode=-4545/-4345 iSteer=20508 driveMode=-434844/-436315 iDrive=-163296 scale=0 wheel=-1265000 ffS=0
2026-07-07T16:21:42.250+00:00 VCP SET_TARGET_RX steer=97400 wheel=-1265000
2026-07-07T16:21:42.352+00:00 VCP run=1 step=0 angle=97998 target=97400 err=-598 steer=-1196 m1=-8294/-436488 i1=-135 t1=35 m2=8282/433199 i2=183 t2=35 steerMode=-1645/-1403 iSteer=23972 driveMode=-434844/-436350 iDrive=-159011 scale=0 wheel=-1265000 ffS=0
2026-07-07T16:21:42.456+00:00 VCP run=1 step=0 angle=97295 target=97400 err=105 steer=0 m1=-8304/-434844 i1=-57 t1=35 m2=8274/434844 i2=251 t2=35 steerMode=0/-1242 iSteer=97122 driveMode=-434844/-436433 iDrive=-153734 scale=0 wheel=-1265000 ffS=0
2026-07-07T16:21:42.560+00:00 VCP run=1 step=0 angle=97734 target=97400 err=-334 steer=0 m1=-8319/-434844 i1=-69 t1=35 m2=8259/434844 i2=234 t2=35 steerMode=0/-979 iSteer=82855 driveMode=-434844/-436465 iDrive=-151375 scale=0 wheel=-1265000 ffS=0
2026-07-07T16:21:42.719+00:00 VCP run=1 step=0 angle=97910 target=97400 err=-510 steer=-1020 m1=-8306/-436247 i1=-178 t1=35 m2=8278/433441 i2=136 t2=35 steerMode=-1403/-326 iSteer=-20744 driveMode=-434844/-436270 iDrive=-157210 scale=0 wheel=-1265000 ffS=0
2026-07-07T16:21:42.720+00:00 VCP run=1 step=0 angle=97910 target=97400 err=-510 steer=-600 m1=-8281/-435669 i1=-166 t1=35 m2=8280/434019 i2=155 t2=35 steerMode=-825/-43 iSteer=-5326 driveMode=-434844/-436153 iDrive=-160715 scale=0 wheel=-1265000 ffS=0
2026-07-07T16:21:42.843+00:00 VCP SET_TARGET_RX steer=97400 wheel=-1265000
2026-07-07T16:21:42.843+00:00 VCP run=1 step=0 angle=97998 target=97400 err=-598 steer=-600 m1=-8308/-435669 i1=-117 t1=35 m2=8278/434019 i2=183 t2=35 steerMode=-825/-836 iSteer=33254 driveMode=-434844/-436516 iDrive=-149832 scale=0 wheel=-1265000 ffS=0
2026-07-07T16:21:42.946+00:00 VCP run=1 step=0 angle=98174 target=170700 err=72526 steer=2400 m1=-8291/-431544 i1=39 t1=35 m2=8276/438144 i2=356 t2=35 steerMode=3300/16 iSteer=197515 driveMode=-434844/-436227 iDrive=-158497 scale=0 wheel=-1265000 ffS=0
2026-07-07T16:21:43.049+00:00 VCP run=1 step=0 angle=108896 target=170700 err=61804 steer=40000 m1=-6889/-359000 i1=794 t1=35 m2=9102/469000 i2=381 t2=35 steerMode=55000/45123 iSteer=587699 driveMode=-414000/-427541 iDrive=206236 scale=0 wheel=-1204364 ffS=0
2026-07-07T16:21:43.151+00:00 VCP run=1 step=0 angle=135000 target=170700 err=35700 steer=40000 m1=-6816/-359000 i1=-240 t1=35 m2=8910/469000 i2=213 t2=35 steerMode=55000/57011 iSteer=-13547 driveMode=-414000/-413131 iDrive=-226584 scale=0 wheel=-1204364 ffS=0
2026-07-07T16:21:43.249+00:00 VCP run=1 step=0 angle=157852 target=170700 err=12848 steer=25697 m1=-7030/-398334 i1=-1495 t1=35 m2=8858/469000 i2=-17 t2=35 steerMode=35333/52057 iSteer=-756186 driveMode=-433667/-415910 iDrive=-738895 scale=0 wheel=-1261576 ffS=0
2026-07-07T16:21:43.250+00:00 VCP SET_TARGET_RX steer=170700 wheel=-1265000
2026-07-07T16:21:43.352+00:00 VCP run=1 step=0 angle=167695 target=170700 err=3005 steer=6009 m1=-8201/-426581 i1=-229 t1=35 m2=8447/443107 i2=115 t2=35 steerMode=8263/10271 iSteer=-56899 driveMode=-434844/-436401 iDrive=-172297 scale=0 wheel=-1265000 ffS=0
2026-07-07T16:21:43.455+00:00 VCP run=1 step=0 angle=169893 target=170700 err=807 steer=1615 m1=-8237/-432623 i1=-200 t1=35 m2=8372/437064 i2=74 t2=35 steerMode=2220/4324 iSteer=-63271 driveMode=-434844/-437402 iDrive=-137228 scale=0 wheel=-1265000 ffS=0
2026-07-07T16:21:43.559+00:00 VCP run=1 step=0 angle=170771 target=170700 err=-71 steer=0 m1=-8302/-434844 i1=-96 t1=35 m2=8301/434844 i2=209 t2=35 steerMode=0/-364 iSteer=56299 driveMode=-434844/-436760 iDrive=-152713 scale=0 wheel=-1265000 ffS=0
2026-07-07T16:21:43.661+00:00 VCP run=1 step=0 angle=180000 target=196700 err=16700 steer=33400 m1=-6954/-377150 i1=230 t1=35 m2=9086/469000 i2=268 t2=35 steerMode=45925/42889 iSteer=248710 driveMode=-423075/-429112 iDrive=-18885 scale=0 wheel=-1230764 ffS=0
2026-07-07T16:21:43.760+00:00 VCP run=1 step=0 angle=195732 target=196700 err=968 steer=1935 m1=-8266/-432183 i1=-662 t1=35 m2=8249/437505 i2=-31 t2=35 steerMode=2661/10318 iSteer=-346320 driveMode=-434844/-431485 iDrive=-315708 scale=0 wheel=-1265000 ffS=0
2026-07-07T16:21:43.760+00:00 VCP SET_TARGET_RX steer=196700 wheel=-1265000
2026-07-07T16:21:43.944+00:00 VCP run=1 step=0 angle=195381 target=196700 err=1319 steer=2638 m1=-8214/-431216 i1=-87 t1=35 m2=8401/438471 i2=198 t2=35 steerMode=3628/3417 iSteer=55260 driveMode=-434844/-437201 iDrive=-142334 scale=0 wheel=-1265000 ffS=0
2026-07-07T16:21:43.945+00:00 VCP run=1 step=0 angle=196787 target=196700 err=-87 steer=0 m1=-8306/-434844 i1=-134 t1=35 m2=8284/434844 i2=195 t2=35 steerMode=0/167 iSteer=30254 driveMode=-434844/-436352 iDrive=-164699 scale=0 wheel=-1265000 ffS=0
2026-07-07T16:21:44.048+00:00 VCP run=1 step=0 angle=196699 target=196700 err=1 steer=0 m1=-8285/-434844 i1=-140 t1=35 m2=8307/434844 i2=189 t2=35 steerMode=0/296 iSteer=24372 driveMode=-434844/-436271 iDrive=-164238 scale=0 wheel=-1265000 ffS=0
2026-07-07T16:21:44.151+00:00 VCP run=1 step=0 angle=197227 target=196700 err=-527 steer=-1053 m1=-8327/-436292 i1=-142 t1=35 m2=8265/433396 i2=171 t2=35 steerMode=-1448/-1005 iSteer=14688 driveMode=-434844/-436426 iDrive=-156795 scale=0 wheel=-1265000 ffS=0
2026-07-07T16:21:44.250+00:00 VCP run=1 step=0 angle=196963 target=196700 err=-263 steer=0 m1=-8279/-434844 i1=-138 t1=35 m2=8293/434844 i2=195 t2=35 steerMode=0/207 iSteer=28388 driveMode=-434844/-436022 iDrive=-166564 scale=0 wheel=-1265000 ffS=0
2026-07-07T16:21:44.251+00:00 VCP SET_TARGET_RX steer=196700 wheel=-1265000
2026-07-07T16:21:44.354+00:00 VCP run=1 step=0 angle=196963 target=196700 err=-263 steer=0 m1=-8283/-434844 i1=-115 t1=35 m2=8297/434844 i2=215 t2=35 steerMode=0/-240 iSteer=50145 driveMode=-434844/-436017 iDrive=-164809 scale=0 wheel=-1265000 ffS=0
2026-07-07T16:21:44.457+00:00 VCP run=1 step=0 angle=196787 target=196700 err=-87 steer=0 m1=-8287/-434844 i1=-91 t1=35 m2=8286/434844 i2=239 t2=35 steerMode=0/-736 iSteer=73762 driveMode=-434844/-436015 iDrive=-164866 scale=0 wheel=-1265000 ffS=0
2026-07-07T16:21:44.560+00:00 VCP run=1 step=0 angle=197490 target=196700 err=-790 steer=-1580 m1=-8308/-437017 i1=-190 t1=35 m2=8259/432671 i2=135 t2=35 steerMode=-2173/-915 iSteer=-27622 driveMode=-434844/-436093 iDrive=-162522 scale=0 wheel=-1265000 ffS=0
2026-07-07T16:21:44.721+00:00 VCP run=1 step=0 angle=196963 target=196700 err=-263 steer=0 m1=-8273/-434844 i1=-129 t1=35 m2=8286/434844 i2=197 t2=35 steerMode=0/67 iSteer=33697 driveMode=-434844/-436077 iDrive=-163001 scale=0 wheel=-1265000 ffS=0
2026-07-07T16:21:44.721+00:00 VCP run=1 step=0 angle=196875 target=196700 err=-175 steer=0 m1=-8281/-434844 i1=-105 t1=35 m2=8282/434844 i2=230 t2=35 steerMode=0/-523 iSteer=62350 driveMode=-434844/-435936 iDrive=-167248 scale=0 wheel=-1265000 ffS=0
2026-07-07T16:21:44.844+00:00 VCP SET_TARGET_RX steer=196700 wheel=-1265000
2026-07-07T16:21:44.844+00:00 VCP run=1 step=0 angle=197314 target=196700 err=-614 steer=-1229 m1=-8310/-436533 i1=-188 t1=35 m2=8261/433154 i2=137 t2=35 steerMode=-1690/-477 iSteer=-25738 driveMode=-434844/-436102 iDrive=-162259 scale=0 wheel=-1265000 ffS=0
2026-07-07T16:21:44.946+00:00 VCP run=1 step=0 angle=197314 target=196700 err=-614 steer=-1229 m1=-8289/-436533 i1=-207 t1=35 m2=8282/433154 i2=108 t2=35 steerMode=-1690/27 iSteer=-49953 driveMode=-434844/-436262 iDrive=-157455 scale=0 wheel=-1265000 ffS=0
2026-07-07T16:21:45.049+00:00 VCP run=1 step=0 angle=196875 target=221200 err=24325 steer=14400 m1=-8185/-415044 i1=795 t1=35 m2=8355/454644 i2=1145 t2=35 steerMode=19800/1278 iSteer=970022 driveMode=-434844/-435684 iDrive=-174800 scale=0 wheel=-1265000 ffS=0
2026-07-07T16:21:45.151+00:00 VCP run=1 step=0 angle=212695 target=221200 err=8505 steer=17009 m1=-7327/-411456 i1=-1505 t1=35 m2=8925/458232 i2=-636 t2=35 steerMode=23388/46314 iSteer=-1070626 driveMode=-434844/-427125 iDrive=-434810 scale=0 wheel=-1265000 ffS=0
2026-07-07T16:21:45.250+00:00 VCP run=1 step=0 angle=218848 target=221200 err=2352 steer=4705 m1=-8237/-428375 i1=-31 t1=35 m2=8351/441313 i2=313 t2=35 steerMode=6469/4509 iSteer=141179 driveMode=-434844/-436038 iDrive=-172030 scale=0 wheel=-1265000 ffS=0
2026-07-07T16:21:45.250+00:00 VCP SET_TARGET_RX steer=221200 wheel=-1265000
2026-07-07T16:21:45.354+00:00 VCP run=1 step=0 angle=221045 target=221200 err=155 steer=0 m1=-8262/-434844 i1=-290 t1=35 m2=8326/434844 i2=30 t2=35 steerMode=0/3410 iSteer=-129756 driveMode=-434844/-436342 iDrive=-160102 scale=0 wheel=-1265000 ffS=0
2026-07-07T16:21:45.457+00:00 VCP run=1 step=0 angle=221133 target=221200 err=67 steer=0 m1=-8285/-434844 i1=-118 t1=35 m2=8284/434844 i2=216 t2=35 steerMode=0/-192 iSteer=49185 driveMode=-434844/-436034 iDrive=-166894 scale=0 wheel=-1265000 ffS=0
2026-07-07T16:21:45.561+00:00 VCP run=1 step=0 angle=220869 target=221200 err=331 steer=0 m1=-8283/-434844 i1=-140 t1=35 m2=8299/434844 i2=196 t2=35 steerMode=0/220 iSteer=28340 driveMode=-434844/-435916 iDrive=-168146 scale=0 wheel=-1265000 ffS=0
2026-07-07T16:21:45.721+00:00 VCP run=1 step=0 angle=221924 target=221200 err=-724 steer=-1448 m1=-8304/-436834 i1=-215 t1=35 m2=8276/432853 i2=116 t2=35 steerMode=-1990/-238 iSteer=-49534 driveMode=-434844/-435988 iDrive=-165687 scale=0 wheel=-1265000 ffS=0
2026-07-07T16:21:45.721+00:00 VCP run=1 step=0 angle=221396 target=221200 err=-196 steer=0 m1=-8283/-434844 i1=-130 t1=35 m2=8282/434844 i2=197 t2=35 steerMode=0/124 iSteer=33691 driveMode=-434844/-436056 iDrive=-163621 scale=0 wheel=-1265000 ffS=0
2026-07-07T16:21:45.844+00:00 VCP SET_TARGET_RX steer=221200 wheel=-1265000
2026-07-07T16:21:45.844+00:00 VCP run=1 step=0 angle=221484 target=221200 err=-284 steer=0 m1=-8287/-434844 i1=-95 t1=35 m2=8280/434844 i2=239 t2=35 steerMode=0/-647 iSteer=71592 driveMode=-434844/-435943 iDrive=-167033 scale=0 wheel=-1265000 ffS=0
2026-07-07T16:21:45.948+00:00 VCP run=1 step=0 angle=221660 target=221200 err=-460 steer=0 m1=-8281/-434844 i1=-125 t1=35 m2=8280/434844 i2=212 t2=35 steerMode=0/-85 iSteer=43504 driveMode=-434844/-435906 iDrive=-168126 scale=0 wheel=-1265000 ffS=0
2026-07-07T16:21:46.050+00:00 VCP run=1 step=0 angle=221836 target=221200 err=-636 steer=-1272 m1=-8327/-436593 i1=-142 t1=35 m2=8251/433095 i2=178 t2=35 steerMode=-1749/-1381 iSteer=18235 driveMode=-434844/-436182 iDrive=-159844 scale=0 wheel=-1265000 ffS=0
2026-07-07T16:21:46.154+00:00 VCP run=1 step=0 angle=221484 target=221200 err=-284 steer=0 m1=-8273/-434844 i1=-137 t1=35 m2=8280/434844 i2=207 t2=35 steerMode=0/70 iSteer=34862 driveMode=-434844/-435767 iDrive=-172305 scale=0 wheel=-1265000 ffS=0
2026-07-07T16:21:46.253+00:00 VCP run=1 step=0 angle=221309 target=221200 err=-109 steer=0 m1=-8296/-434844 i1=-60 t1=35 m2=8263/434844 i2=266 t2=35 steerMode=0/-1325 iSteer=103189 driveMode=-434844/-436076 iDrive=-163037 scale=0 wheel=-1265000 ffS=0
2026-07-07T16:21:46.253+00:00 VCP SET_TARGET_RX steer=221200 wheel=-1265000
2026-07-07T16:21:46.356+00:00 VCP run=1 step=0 angle=221748 target=246400 err=24652 steer=1304 m1=-8283/-433051 i1=-43 t1=35 m2=8270/436637 i2=293 t2=35 steerMode=1793/42 iSteer=124990 driveMode=-434844/-435896 iDrive=-168445 scale=0 wheel=-1265000 ffS=0
2026-07-07T16:21:46.459+00:00 VCP run=1 step=0 angle=230713 target=246400 err=15687 steer=31477 m1=-6973/-382437 i1=-42 t1=35 m2=9094/469000 i2=196 t2=35 steerMode=43281/43646 iSteer=76903 driveMode=-425719/-428412 iDrive=-119193 scale=0 wheel=-1238454 ffS=0
2026-07-07T16:21:46.642+00:00 VCP run=1 step=0 angle=244775 target=246400 err=1625 steer=3249 m1=-8266/-430376 i1=-525 t1=35 m2=8282/439311 i2=46 t2=35 steerMode=4468/10014 iSteer=-239907 driveMode=-434844/-432465 iDrive=-285547 scale=0 wheel=-1265000 ffS=0
2026-07-07T16:21:46.642+00:00 VCP run=1 step=0 angle=245039 target=246400 err=1361 steer=2722 m1=-8214/-431101 i1=-67 t1=35 m2=8380/438586 i2=231 t2=35 steerMode=3743/2969 iSteer=82123 driveMode=-434844/-436938 iDrive=-149102 scale=0 wheel=-1265000 ffS=0
2026-07-07T16:21:46.742+00:00 VCP run=1 step=0 angle=246885 target=246400 err=-485 steer=0 m1=-8312/-434844 i1=-132 t1=35 m2=8257/434844 i2=206 t2=35 steerMode=0/6 iSteer=37178 driveMode=-434844/-436186 iDrive=-168785 scale=0 wheel=-1265000 ffS=0
2026-07-07T16:21:46.742+00:00 VCP SET_TARGET_RX steer=246400 wheel=-1265000
2026-07-07T16:21:46.846+00:00 VCP run=1 step=0 angle=246797 target=246400 err=-397 steer=0 m1=-8289/-434844 i1=-143 t1=35 m2=8290/434844 i2=203 t2=35 steerMode=0/158 iSteer=30003 driveMode=-434844/-435949 iDrive=-173453 scale=0 wheel=-1265000 ffS=0
2026-07-07T16:21:46.948+00:00 VCP run=1 step=0 angle=246973 target=246400 err=-573 steer=-1145 m1=-8312/-436419 i1=-167 t1=35 m2=8247/433269 i2=171 t2=35 steerMode=-1575/-878 iSteer=1624 driveMode=-434844/-436026 iDrive=-168910 scale=0 wheel=-1265000 ffS=0
2026-07-07T16:21:47.052+00:00 VCP run=1 step=0 angle=246533 target=246400 err=-133 steer=0 m1=-8298/-434844 i1=-104 t1=35 m2=8267/434844 i2=234 t2=35 steerMode=0/-556 iSteer=65432 driveMode=-434844/-435953 iDrive=-168969 scale=0 wheel=-1265000 ffS=0
2026-07-07T16:21:47.154+00:00 VCP run=1 step=0 angle=247061 target=246400 err=-661 steer=-1321 m1=-8300/-436660 i1=-214 t1=35 m2=8265/433027 i2=117 t2=35 steerMode=-1816/-95 iSteer=-48588 driveMode=-434844/-435992 iDrive=-165731 scale=0 wheel=-1265000 ffS=0
2026-07-07T16:21:47.254+00:00 VCP run=1 step=0 angle=246533 target=246400 err=-133 steer=0 m1=-8268/-434844 i1=-129 t1=35 m2=8299/434844 i2=208 t2=35 steerMode=0/1 iSteer=39206 driveMode=-434844/-435894 iDrive=-168504 scale=0 wheel=-1265000 ffS=0
2026-07-07T16:21:47.254+00:00 VCP SET_TARGET_RX steer=246400 wheel=-1265000
2026-07-07T16:21:47.357+00:00 VCP run=1 step=0 angle=246973 target=246400 err=-573 steer=-1145 m1=-8308/-436419 i1=-156 t1=35 m2=8257/433269 i2=177 t2=35 steerMode=-1575/-1029 iSteer=10485 driveMode=-434844/-435963 iDrive=-166437 scale=0 wheel=-1265000 ffS=0
2026-07-07T16:21:47.460+00:00 VCP run=1 step=0 angle=246885 target=246400 err=-485 steer=0 m1=-8291/-434844 i1=-102 t1=35 m2=8278/434844 i2=238 t2=35 steerMode=0/-592 iSteer=68238 driveMode=-434844/-435847 iDrive=-169895 scale=0 wheel=-1265000 ffS=0
2026-07-07T16:21:47.644+00:00 VCP run=1 step=0 angle=246973 target=246400 err=-573 steer=-1145 m1=-8271/-436419 i1=-216 t1=35 m2=8282/433269 i2=119 t2=35 steerMode=-1575/162 iSteer=-48414 driveMode=-434844/-435939 iDrive=-167143 scale=0 wheel=-1265000 ffS=0
2026-07-07T16:21:47.644+00:00 VCP run=1 step=0 angle=246709 target=246400 err=-309 steer=0 m1=-8266/-434844 i1=-100 t1=35 m2=8303/434844 i2=230 t2=35 steerMode=0/-516 iSteer=64922 driveMode=-434844/-436019 iDrive=-164743 scale=0 wheel=-1265000 ffS=0
2026-07-07T16:21:47.743+00:00 VCP run=1 step=0 angle=246973 target=305500 err=58527 steer=14400 m1=-8197/-415044 i1=841 t1=35 m2=8372/454644 i2=1166 t2=35 steerMode=19800/638 iSteer=1003644 driveMode=-434844/-436094 iDrive=-162507 scale=0 wheel=-1265000 ffS=0
2026-07-07T16:21:47.743+00:00 VCP SET_TARGET_RX steer=305500 wheel=-1265000
2026-07-07T16:21:47.846+00:00 VCP run=1 step=0 angle=263496 target=305500 err=42004 steer=40000 m1=-6749/-359000 i1=109 t1=35 m2=9081/469000 i2=58 t2=35 steerMode=55000/55292 iSteer=83363 driveMode=-414000/-421517 iDrive=25496 scale=0 wheel=-1204364 ffS=0
2026-07-07T16:21:47.948+00:00 VCP run=1 step=0 angle=287930 target=305500 err=17570 steer=35141 m1=-6829/-372363 i1=-685 t1=35 m2=8893/469000 i2=156 t2=35 steerMode=48318/55408 iSteer=-264494 driveMode=-420682/-413380 iDrive=-420499 scale=0 wheel=-1223801 ffS=0
2026-07-07T16:21:48.051+00:00 VCP run=1 step=0 angle=301641 target=305500 err=3859 steer=7719 m1=-8116/-424230 i1=-510 t1=35 m2=8458/445457 i2=56 t2=35 steerMode=10613/16059 iSteer=-227377 driveMode=-434844/-432854 iDrive=-283042 scale=0 wheel=-1265000 ffS=0
2026-07-07T16:21:48.154+00:00 VCP run=1 step=0 angle=303574 target=305500 err=1926 steer=3852 m1=-8197/-429548 i1=-106 t1=35 m2=8422/440140 i2=181 t2=35 steerMode=5296/5412 iSteer=37730 driveMode=-434844/-437394 iDrive=-143554 scale=0 wheel=-1265000 ffS=0
2026-07-07T16:21:48.253+00:00 VCP run=1 step=0 angle=305244 target=305500 err=256 steer=0 m1=-8306/-434844 i1=-124 t1=35 m2=8286/434844 i2=193 t2=35 steerMode=0/48 iSteer=34074 driveMode=-434844/-436751 iDrive=-158489 scale=0 wheel=-1265000 ffS=0
2026-07-07T16:21:48.254+00:00 VCP SET_TARGET_RX steer=305500 wheel=-1265000
2026-07-07T16:21:48.357+00:00 VCP run=1 step=0 angle=305508 target=305500 err=-8 steer=0 m1=-8291/-434844 i1=-119 t1=35 m2=8309/434844 i2=191 t2=35 steerMode=0/21 iSteer=36065 driveMode=-434844/-436746 iDrive=-155294 scale=0 wheel=-1265000 ffS=0
2026-07-07T16:21:48.542+00:00 VCP run=1 step=0 angle=305508 target=305500 err=-8 steer=0 m1=-8296/-434844 i1=-119 t1=35 m2=8303/434844 i2=197 t2=35 steerMode=0/-35 iSteer=38856 driveMode=-434844/-436553 iDrive=-157800 scale=0 wheel=-1265000 ffS=0
2026-07-07T16:21:48.542+00:00 VCP run=1 step=0 angle=305508 target=305500 err=-8 steer=0 m1=-8287/-434844 i1=-104 t1=35 m2=8299/434844 i2=219 t2=35 steerMode=0/-407 iSteer=57473 driveMode=-434844/-436328 iDrive=-161507 scale=0 wheel=-1265000 ffS=0
2026-07-07T16:21:48.646+00:00 VCP run=1 step=0 angle=305947 target=305500 err=-447 steer=0 m1=-8291/-434844 i1=-120 t1=35 m2=8284/434844 i2=193 t2=35 steerMode=0/12 iSteer=36422 driveMode=-434844/-436388 iDrive=-156635 scale=0 wheel=-1265000 ffS=0
2026-07-07T16:21:48.745+00:00 VCP run=1 step=0 angle=306387 target=305500 err=-887 steer=-1773 m1=-8329/-437282 i1=-203 t1=35 m2=8259/432405 i2=89 t2=35 steerMode=-2438/-606 iSteer=-56830 driveMode=-434844/-436646 iDrive=-146088 scale=0 wheel=-1265000 ffS=0
2026-07-07T16:21:48.745+00:00 VCP SET_TARGET_RX steer=305500 wheel=-1265000
2026-07-07T16:21:48.848+00:00 VCP run=1 step=0 angle=305244 target=305500 err=256 steer=0 m1=-8289/-434844 i1=-90 t1=35 m2=8295/434844 i2=223 t2=35 steerMode=0/-603 iSteer=66604 driveMode=-434844/-436289 iDrive=-156648 scale=0 wheel=-1265000 ffS=0
2026-07-07T16:21:48.950+00:00 VCP run=1 step=0 angle=306563 target=329200 err=22638 steer=25330 m1=-7963/-399343 i1=1299 t1=35 m2=8602/469000 i2=1583 t2=35 steerMode=34828/7138 iSteer=1440691 driveMode=-434172/-436100 iDrive=-142155 scale=0 wheel=-1263045 ffS=0
2026-07-07T16:21:49.053+00:00 VCP run=1 step=0 angle=324932 target=329200 err=4268 steer=8537 m1=-7777/-423106 i1=-1478 t1=35 m2=8646/446582 i2=-805 t2=35 steerMode=11738/35599 iSteer=-1141690 driveMode=-434844/-430449 iDrive=-336807 scale=0 wheel=-1265000 ffS=0
2026-07-07T16:21:49.156+00:00 VCP run=1 step=0 angle=326865 target=329200 err=2335 steer=4670 m1=-8204/-428423 i1=-14 t1=36 m2=8431/441264 i2=239 t2=35 steerMode=6421/5008 iSteer=112478 driveMode=-434844/-437445 iDrive=-126369 scale=0 wheel=-1265000 ffS=0
2026-07-07T16:21:49.255+00:00 VCP run=1 step=0 angle=328887 target=329200 err=313 steer=0 m1=-8275/-434844 i1=-239 t1=36 m2=8326/434844 i2=55 t2=35 steerMode=0/2543 iSteer=-91587 driveMode=-434844/-436624 iDrive=-146980 scale=0 wheel=-1265000 ffS=0
2026-07-07T16:21:49.255+00:00 VCP SET_TARGET_RX steer=329200 wheel=-1265000
2026-07-07T16:21:49.359+00:00 VCP run=1 step=0 angle=329150 target=329200 err=50 steer=0 m1=-8289/-434844 i1=-105 t1=36 m2=8311/434844 i2=178 t2=35 steerMode=0/-42 iSteer=36613 driveMode=-434844/-436806 iDrive=-141121 scale=0 wheel=-1265000 ffS=0
2026-07-07T16:21:49.542+00:00 VCP run=1 step=0 angle=329766 target=329200 err=-566 steer=-1131 m1=-8306/-436399 i1=-194 t1=36 m2=8309/433288 i2=86 t2=35 steerMode=-1555/186 iSteer=-53799 driveMode=-434844/-436836 iDrive=-140234 scale=0 wheel=-1265000 ffS=0
2026-07-07T16:21:49.542+00:00 VCP run=1 step=0 angle=329854 target=329200 err=-654 steer=-1307 m1=-8304/-436641 i1=-196 t1=36 m2=8295/433047 i2=86 t2=35 steerMode=-1797/-24 iSteer=-55361 driveMode=-434844/-436808 iDrive=-141083 scale=0 wheel=-1265000 ffS=0
2026-07-07T16:21:49.646+00:00 VCP run=1 step=0 angle=329414 target=329200 err=-214 steer=0 m1=-8287/-434844 i1=-88 t1=36 m2=8295/434844 i2=212 t2=35 steerMode=0/-578 iSteer=62347 driveMode=-434844/-436505 iDrive=-150150 scale=0 wheel=-1265000 ffS=0
2026-07-07T16:21:49.744+00:00 VCP run=1 step=0 angle=329854 target=329200 err=-654 steer=-1307 m1=-8331/-436641 i1=-127 t1=36 m2=8263/433047 i2=157 t2=35 steerMode=-1797/-1477 iSteer=14964 driveMode=-434844/-436784 iDrive=-141806 scale=0 wheel=-1265000 ffS=0
2026-07-07T16:21:49.745+00:00 VCP SET_TARGET_RX steer=329200 wheel=-1265000
2026-07-07T16:21:49.848+00:00 VCP run=1 step=0 angle=329590 target=329200 err=-390 steer=0 m1=-8296/-434844 i1=-131 t1=36 m2=8303/434844 i2=159 t2=35 steerMode=0/379 iSteer=13942 driveMode=-434844/-436666 iDrive=-145324 scale=0 wheel=-1265000 ffS=0
2026-07-07T16:21:49.951+00:00 VCP run=1 step=0 angle=329502 target=329200 err=-302 steer=0 m1=-8298/-434844 i1=-98 t1=36 m2=8303/434844 i2=196 t2=35 steerMode=0/-349 iSteer=48996 driveMode=-434844/-436623 iDrive=-146613 scale=0 wheel=-1265000 ffS=0
2026-07-07T16:21:50.054+00:00 VCP run=1 step=0 angle=329766 target=329200 err=-566 steer=-1131 m1=-8331/-436399 i1=-121 t1=36 m2=8276/433288 i2=168 t2=35 steerMode=-1555/-1441 iSteer=23480 driveMode=-434844/-436685 iDrive=-144754 scale=0 wheel=-1265000 ffS=0
2026-07-07T16:21:50.158+00:00 VCP run=1 step=0 angle=329678 target=329200 err=-478 steer=0 m1=-8296/-434844 i1=-120 t1=36 m2=8318/434844 i2=163 t2=35 steerMode=0/166 iSteer=21901 driveMode=-434844/-436790 iDrive=-141599 scale=0 wheel=-1265000 ffS=0
2026-07-07T16:21:50.257+00:00 VCP run=1 step=0 angle=329766 target=329200 err=-566 steer=-1131 m1=-8333/-436399 i1=-137 t1=36 m2=8259/433288 i2=150 t2=35 steerMode=-1555/-1125 iSteer=6099 driveMode=-434844/-436727 iDrive=-143499 scale=0 wheel=-1265000 ffS=0
2026-07-07T16:21:50.257+00:00 VCP SET_TARGET_RX steer=329200 wheel=-1265000
2026-07-07T16:21:50.360+00:00 VCP run=1 step=0 angle=329238 target=329200 err=-38 steer=0 m1=-8279/-434844 i1=-123 t1=36 m2=8311/434844 i2=173 t2=35 steerMode=0/79 iSteer=24900 driveMode=-434844/-436576 iDrive=-148033 scale=0 wheel=-1265000 ffS=0
2026-07-07T16:21:50.543+00:00 VCP run=1 step=0 angle=332666 target=350400 err=17734 steer=35468 m1=-7582/-371463 i1=1774 t1=36 m2=8950/469000 i2=1166 t2=35 steerMode=48769/20728 iSteer=1470182 driveMode=-420231/-437037 iDrive=304172 scale=0 wheel=-1222492 ffS=0
2026-07-07T16:21:50.543+00:00 VCP run=1 step=0 angle=349453 target=350400 err=947 steer=1894 m1=-8183/-432240 i1=-989 t1=36 m2=8345/437448 i2=-419 t2=34 steerMode=2604/17140 iSteer=-703648 driveMode=-434844/-432247 iDrive=-285135 scale=0 wheel=-1265000 ffS=0
2026-07-07T16:21:50.646+00:00 VCP run=1 step=0 angle=348574 target=350400 err=1826 steer=3652 m1=-8210/-429823 i1=-9 t1=36 m2=8418/439865 i2=235 t2=34 steerMode=5021/3347 iSteer=113214 driveMode=-434844/-437590 iDrive=-122165 scale=0 wheel=-1265000 ffS=0
2026-07-07T16:21:50.746+00:00 VCP run=1 step=0 angle=350420 target=350400 err=-20 steer=0 m1=-8308/-434844 i1=-141 t1=36 m2=8284/434844 i2=152 t2=34 steerMode=0/327 iSteer=5574 driveMode=-434844/-436648 iDrive=-146566 scale=0 wheel=-1265000 ffS=0
2026-07-07T16:21:50.746+00:00 VCP SET_TARGET_RX steer=350400 wheel=-1265000
2026-07-07T16:21:50.849+00:00 VCP run=1 step=0 angle=350508 target=350400 err=-108 steer=0 m1=-8294/-434844 i1=-111 t1=36 m2=8311/434844 i2=169 t2=34 steerMode=0/-128 iSteer=28907 driveMode=-434844/-436847 iDrive=-139918 scale=0 wheel=-1265000 ffS=0
2026-07-07T16:21:50.953+00:00 VCP run=1 step=0 angle=350859 target=350400 err=-459 steer=0 m1=-8314/-434844 i1=-98 t1=36 m2=8276/434844 i2=199 t2=34 steerMode=0/-599 iSteer=50403 driveMode=-434844/-436549 iDrive=-148855 scale=0 wheel=-1265000 ffS=0
2026-07-07T16:21:51.056+00:00 VCP run=1 step=0 angle=350684 target=350400 err=-284 steer=0 m1=-8294/-434844 i1=-135 t1=36 m2=8282/434844 i2=150 t2=34 steerMode=0/261 iSteer=7469 driveMode=-434844/-436747 iDrive=-142899 scale=0 wheel=-1265000 ffS=0
2026-07-07T16:21:51.159+00:00 VCP run=1 step=0 angle=350684 target=350400 err=-284 steer=0 m1=-8304/-434844 i1=-76 t1=36 m2=8282/434844 i2=216 t2=34 steerMode=0/-1024 iSteer=70108 driveMode=-434844/-436635 iDrive=-146275 scale=0 wheel=-1265000 ffS=0
2026-07-07T16:21:51.258+00:00 VCP run=1 step=0 angle=351035 target=350400 err=-635 steer=-1270 m1=-8325/-436590 i1=-164 t1=36 m2=8259/433097 i2=127 t2=34 steerMode=-1747/-1032 iSteer=-18549 driveMode=-434844/-436661 iDrive=-145486 scale=0 wheel=-1265000 ffS=0
2026-07-07T16:21:51.258+00:00 VCP SET_TARGET_RX steer=350400 wheel=-1265000
2026-07-07T16:21:51.443+00:00 VCP run=1 step=0 angle=350772 target=350400 err=-371 steer=0 m1=-8281/-434844 i1=-137 t1=36 m2=8295/434844 i2=168 t2=34 steerMode=0/72 iSteer=15741 driveMode=-434844/-436420 iDrive=-152705 scale=0 wheel=-1265000 ffS=0
2026-07-07T16:21:51.443+00:00 VCP run=1 step=0 angle=350772 target=350400 err=-371 steer=0 m1=-8291/-434844 i1=-100 t1=36 m2=8293/434844 i2=187 t2=34 steerMode=0/-515 iSteer=43947 driveMode=-434844/-436727 iDrive=-143506 scale=0 wheel=-1265000 ffS=0
2026-07-07T16:21:51.546+00:00 VCP run=1 step=0 angle=350684 target=350400 err=-284 steer=0 m1=-8306/-434844 i1=-57 t1=36 m2=8276/434844 i2=232 t2=34 steerMode=0/-1415 iSteer=87543 driveMode=-434844/-436705 iDrive=-144176 scale=0 wheel=-1265000 ffS=0
2026-07-07T16:21:51.649+00:00 VCP run=1 step=0 angle=351035 target=350400 err=-635 steer=-1270 m1=-8312/-436590 i1=-197 t1=36 m2=8259/433097 i2=97 t2=35 steerMode=-1747/-429 iSteer=-50110 driveMode=-434844/-436604 iDrive=-147198 scale=0 wheel=-1265000 ffS=0
2026-07-07T16:21:51.749+00:00 VCP run=1 step=0 angle=350420 target=350400 err=-20 steer=0 m1=-8283/-434844 i1=-122 t1=36 m2=8293/434844 i2=176 t2=35 steerMode=0/-207 iSteer=27094 driveMode=-434844/-436537 iDrive=-149192 scale=0 wheel=-1265000 ffS=0
2026-07-07T16:21:51.749+00:00 VCP SET_TARGET_RX steer=350400 wheel=-1265000
2026-07-07T16:21:51.852+00:00 VCP run=1 step=0 angle=350508 target=350400 err=-108 steer=0 m1=-8302/-434844 i1=-110 t1=36 m2=8284/434844 i2=182 t2=35 steerMode=0/-390 iSteer=35715 driveMode=-434844/-436648 iDrive=-145888 scale=0 wheel=-1265000 ffS=0
2026-07-07T16:21:51.956+00:00 VCP run=1 step=0 angle=350859 target=350400 err=-459 steer=0 m1=-8312/-434844 i1=-86 t1=36 m2=8276/434844 i2=209 t2=35 steerMode=0/-930 iSteer=61668 driveMode=-434844/-436589 iDrive=-147630 scale=0 wheel=-1265000 ffS=0
2026-07-07T16:21:52.058+00:00 VCP run=1 step=0 angle=351387 target=350400 err=-987 steer=-1973 m1=-8317/-437557 i1=-242 t1=36 m2=8276/432130 i2=48 t2=35 steerMode=-2713/-491 iSteer=-97070 driveMode=-434844/-436681 iDrive=-144872 scale=0 wheel=-1265000 ffS=0
2026-07-07T16:21:52.219+00:00 VCP run=1 step=0 angle=350684 target=350400 err=-284 steer=0 m1=-8294/-434844 i1=-108 t1=36 m2=8293/434844 i2=180 t2=35 steerMode=0/-422 iSteer=36264 driveMode=-434844/-436707 iDrive=-144090 scale=0 wheel=-1265000 ffS=0
2026-07-07T16:21:52.219+00:00 VCP run=1 step=0 angle=350859 target=28300 err=37441 steer=13800 m1=-8218/-415869 i1=790 t1=36 m2=8374/453819 i2=1085 t2=35 steerMode=18975/658 iSteer=937238 driveMode=-434844/-436599 iDrive=-147343 scale=0 wheel=-1265000 ffS=0
2026-07-07T16:21:52.342+00:00 VCP SET_TARGET_RX steer=28300 wheel=-1265000
2026-07-07T16:21:52.342+00:00 VCP run=1 step=0 angle=7471 target=28300 err=20829 steer=40000 m1=-6795/-359000 i1=171 t1=36 m2=9088/469000 i2=25 t2=35 steerMode=55000/54535 iSteer=98324 driveMode=-414000/-423095 iDrive=72859 scale=0 wheel=-1204364 ffS=0
2026-07-07T16:21:52.444+00:00 VCP run=1 step=0 angle=24873 target=28300 err=3427 steer=6854 m1=-8107/-425420 i1=-822 t1=36 m2=8397/444268 i2=-83 t2=35 steerMode=9424/18846 iSteer=-452370 driveMode=-434844/-429836 iDrive=-369810 scale=0 wheel=-1265000 ffS=0
2026-07-07T16:21:52.547+00:00 VCP run=1 step=0 angle=26543 target=28300 err=1757 steer=3514 m1=-8237/-430012 i1=-79 t1=36 m2=8424/439676 i2=147 t2=35 steerMode=4832/4532 iSteer=34053 driveMode=-434844/-438327 iDrive=-112635 scale=0 wheel=-1265000 ffS=0
2026-07-07T16:21:52.651+00:00 VCP run=1 step=0 angle=28037 target=28300 err=263 steer=0 m1=-8310/-434844 i1=-172 t1=36 m2=8305/434844 i2=104 t2=35 steerMode=0/952 iSteer=-33965 driveMode=-434844/-437304 iDrive=-138167 scale=0 wheel=-1265000 ffS=0
2026-07-07T16:21:52.751+00:00 VCP run=1 step=0 angle=27949 target=28300 err=351 steer=0 m1=-8310/-434844 i1=-111 t1=36 m2=8305/434844 i2=159 t2=35 steerMode=0/-188 iSteer=23581 driveMode=-434844/-437265 iDrive=-134957 scale=0 wheel=-1265000 ffS=0
2026-07-07T16:21:52.751+00:00 VCP SET_TARGET_RX steer=28300 wheel=-1265000
2026-07-07T16:21:52.855+00:00 VCP run=1 step=0 angle=28301 target=28300 err=-1 steer=0 m1=-8296/-434844 i1=-144 t1=36 m2=8293/434844 i2=146 t2=35 steerMode=0/261 iSteer=880 driveMode=-434844/-436805 iDrive=-144645 scale=0 wheel=-1265000 ffS=0
2026-07-07T16:21:52.959+00:00 VCP run=1 step=0 angle=28652 target=28300 err=-352 steer=0 m1=-8306/-434844 i1=-98 t1=36 m2=8299/434844 i2=171 t2=35 steerMode=0/-468 iSteer=36530 driveMode=-434844/-437016 iDrive=-134829 scale=0 wheel=-1265000 ffS=0
2026-07-07T16:21:53.143+00:00 VCP run=1 step=0 angle=28389 target=28300 err=-89 steer=0 m1=-8317/-434844 i1=-53 t1=36 m2=8276/434844 i2=227 t2=35 steerMode=0/-1497 iSteer=86557 driveMode=-434844/-436843 iDrive=-140032 scale=0 wheel=-1265000 ffS=0
2026-07-07T16:21:53.143+00:00 VCP run=1 step=0 angle=29004 target=28300 err=-704 steer=-1408 m1=-8304/-436779 i1=-232 t1=36 m2=8288/432908 i2=51 t2=35 steerMode=-1936/107 iSteer=-90510 driveMode=-434844/-436796 iDrive=-141418 scale=0 wheel=-1265000 ffS=0
2026-07-07T16:21:53.243+00:00 VCP run=1 step=0 angle=28389 target=28300 err=-89 steer=0 m1=-8285/-434844 i1=-125 t1=36 m2=8313/434844 i2=164 t2=35 steerMode=0/-143 iSteer=19889 driveMode=-434844/-436697 iDrive=-144408 scale=0 wheel=-1265000 ffS=0
2026-07-07T16:21:53.243+00:00 VCP SET_TARGET_RX steer=28300 wheel=-1265000
2026-07-07T16:21:53.347+00:00 VCP run=1 step=0 angle=28740 target=28300 err=-440 steer=0 m1=-8317/-434844 i1=-88 t1=36 m2=8290/434844 i2=186 t2=35 steerMode=0/-752 iSteer=48822 driveMode=-434844/-436944 iDrive=-136987 scale=0 wheel=-1265000 ffS=0
2026-07-07T16:21:53.450+00:00 VCP run=1 step=0 angle=28564 target=28300 err=-264 steer=0 m1=-8287/-434844 i1=-128 t1=36 m2=8316/434844 i2=157 t2=35 steerMode=0/-52 iSteer=14348 driveMode=-434844/-436753 iDrive=-142730 scale=0 wheel=-1265000 ffS=0
2026-07-07T16:21:53.554+00:00 VCP run=1 step=0 angle=28652 target=28300 err=-352 steer=0 m1=-8287/-434844 i1=-128 t1=36 m2=8301/434844 i2=157 t2=35 steerMode=0/-58 iSteer=14288 driveMode=-434844/-436758 iDrive=-142565 scale=0 wheel=-1265000 ffS=0
2026-07-07T16:21:53.657+00:00 VCP run=1 step=0 angle=28740 target=28300 err=-440 steer=0 m1=-8323/-434844 i1=-60 t1=36 m2=8276/434844 i2=225 t2=35 steerMode=0/-1458 iSteer=82486 driveMode=-434844/-436754 iDrive=-142690 scale=0 wheel=-1265000 ffS=0
2026-07-07T16:21:53.757+00:00 VCP run=1 step=0 angle=28828 target=28300 err=-528 steer=-1056 m1=-8300/-436296 i1=-207 t1=36 m2=8303/433391 i2=80 t2=35 steerMode=-1452/23 iSteer=-63247 driveMode=-434844/-436730 iDrive=-143408 scale=0 wheel=-1265000 ffS=0
2026-07-07T16:21:53.757+00:00 VCP SET_TARGET_RX steer=55500 wheel=-1265000
2026-07-07T16:21:53.860+00:00 VCP run=1 step=0 angle=37881 target=55500 err=17619 steer=35238 m1=-7015/-372095 i1=569 t1=36 m2=9111/469000 i2=375 t2=35 steerMode=48453/40407 iSteer=472355 driveMode=-420547/-430447 iDrive=96974 scale=0 wheel=-1223411 ffS=0
2026-07-07T16:21:54.043+00:00 VCP run=1 step=0 angle=53613 target=55500 err=1887 steer=3773 m1=-8237/-429655 i1=-730 t1=36 m2=8326/440032 i2=-130 t2=35 steerMode=5188/14007 iSteer=-429772 driveMode=-434844/-431956 iDrive=-299977 scale=0 wheel=-1265000 ffS=0
2026-07-07T16:21:54.043+00:00 VCP run=1 step=0 angle=54229 target=55500 err=1271 steer=2543 m1=-8212/-431347 i1=-128 t1=36 m2=8412/438340 i2=105 t2=35 steerMode=3497/4082 iSteer=-11561 driveMode=-434844/-437971 iDrive=-116289 scale=0 wheel=-1265000 ffS=0
2026-07-07T16:21:54.147+00:00 VCP run=1 step=0 angle=55547 target=55500 err=-47 steer=0 m1=-8325/-434844 i1=-127 t1=36 m2=8278/434844 i2=145 t2=35 steerMode=0/67 iSteer=8626 driveMode=-434844/-437160 iDrive=-136105 scale=0 wheel=-1265000 ffS=0
2026-07-07T16:21:54.247+00:00 VCP run=1 step=0 angle=55459 target=55500 err=41 steer=0 m1=-8308/-434844 i1=-121 t1=36 m2=8290/434844 i2=156 t2=35 steerMode=0/-87 iSteer=17354 driveMode=-434844/-436942 iDrive=-138590 scale=0 wheel=-1265000 ffS=0
2026-07-07T16:21:54.247+00:00 VCP SET_TARGET_RX steer=55500 wheel=-1265000
2026-07-07T16:21:54.351+00:00 VCP run=1 step=0 angle=55723 target=55500 err=-223 steer=0 m1=-8312/-434844 i1=-111 t1=36 m2=8286/434844 i2=165 t2=35 steerMode=0/-274 iSteer=26982 driveMode=-434844/-436917 iDrive=-137802 scale=0 wheel=-1265000 ffS=0
2026-07-07T16:21:54.453+00:00 VCP run=1 step=0 angle=56426 target=81300 err=24874 steer=25800 m1=-7969/-398050 i1=1314 t1=36 m2=8634/469000 i2=1505 t2=35 steerMode=35475/7964 iSteer=1409548 driveMode=-433525/-437005 iDrive=-95600 scale=0 wheel=-1261164 ffS=0
2026-07-07T16:21:54.556+00:00 VCP run=1 step=0 angle=75410 target=81300 err=5890 steer=11780 m1=-7674/-418647 i1=-1503 t1=36 m2=8715/451041 i2=-746 t2=35 steerMode=16197/39400 iSteer=-1124530 driveMode=-434844/-429083 iDrive=-378122 scale=0 wheel=-1265000 ffS=0
2026-07-07T16:21:54.659+00:00 VCP run=1 step=0 angle=78486 target=81300 err=2814 steer=5627 m1=-8210/-427106 i1=65 t1=36 m2=8445/442581 i2=292 t2=35 steerMode=7738/4597 iSteer=178398 driveMode=-434844/-437897 iDrive=-113618 scale=0 wheel=-1265000 ffS=0
2026-07-07T16:21:54.759+00:00 VCP run=1 step=0 angle=80947 target=81300 err=353 steer=0 m1=-8310/-434844 i1=-208 t1=36 m2=8301/434844 i2=65 t2=35 steerMode=0/1721 iSteer=-71562 driveMode=-434844/-436970 iDrive=-136883 scale=0 wheel=-1265000 ffS=0
2026-07-07T16:21:54.759+00:00 VCP SET_TARGET_RX steer=81300 wheel=-1265000
2026-07-07T16:21:54.944+00:00 VCP run=1 step=0 angle=80947 target=81300 err=353 steer=0 m1=-8314/-434844 i1=-100 t1=36 m2=8311/434844 i2=166 t2=35 steerMode=0/-352 iSteer=32978 driveMode=-434844/-437087 iDrive=-132701 scale=0 wheel=-1265000 ffS=0
2026-07-07T16:21:54.944+00:00 VCP run=1 step=0 angle=81211 target=81300 err=89 steer=0 m1=-8294/-434844 i1=-135 t1=36 m2=8305/434844 i2=145 t2=35 steerMode=0/223 iSteer=4628 driveMode=-434844/-436846 iDrive=-139927 scale=0 wheel=-1265000 ffS=0
2026-07-07T16:21:55.048+00:00 VCP run=1 step=0 angle=81299 target=81300 err=1 steer=0 m1=-8281/-434844 i1=-134 t1=37 m2=8303/434844 i2=166 t2=35 steerMode=0/0 iSteer=15920 driveMode=-434844/-436517 iDrive=-149792 scale=0 wheel=-1265000 ffS=0
2026-07-07T16:21:55.151+00:00 VCP run=1 step=0 angle=81563 target=101700 err=20138 steer=1800 m1=-8294/-432369 i1=10 t1=37 m2=8305/437319 i2=296 t2=35 steerMode=2475/-259 iSteer=152942 driveMode=-434844/-436749 iDrive=-142843 scale=0 wheel=-1265000 ffS=0
2026-07-07T16:21:55.250+00:00 VCP run=1 step=0 angle=91318 target=101700 err=10382 steer=20763 m1=-7316/-406294 i1=-770 t1=37 m2=9002/463393 i2=-159 t2=35 steerMode=28550/39076 iSteer=-464437 driveMode=-434844/-431339 iDrive=-305812 scale=0 wheel=-1265000 ffS=0
2026-07-07T16:21:55.250+00:00 VCP SET_TARGET_RX steer=101700 wheel=-1265000
2026-07-07T16:21:55.353+00:00 VCP run=1 step=0 angle=99756 target=101700 err=1944 steer=3888 m1=-8271/-429497 i1=-162 t1=37 m2=8332/440190 i2=193 t2=35 steerMode=5346/5475 iSteer=15231 driveMode=-434844/-435736 iDrive=-177273 scale=0 wheel=-1265000 ffS=0
2026-07-07T16:21:55.456+00:00 VCP run=1 step=0 angle=100635 target=101700 err=1065 steer=2130 m1=-8243/-431914 i1=-127 t1=37 m2=8341/437773 i2=200 t2=35 steerMode=2929/2683 iSteer=36409 driveMode=-434844/-436116 iDrive=-163417 scale=0 wheel=-1265000 ffS=0
2026-07-07T16:21:55.559+00:00 VCP run=1 step=0 angle=101689 target=101700 err=11 steer=0 m1=-8294/-434844 i1=-143 t1=37 m2=8265/434844 i2=201 t2=35 steerMode=0/-162 iSteer=29013 driveMode=-434844/-435763 iDrive=-172423 scale=0 wheel=-1265000 ffS=0
2026-07-07T16:21:55.720+00:00 VCP run=1 step=0 angle=101602 target=101700 err=98 steer=0 m1=-8281/-434844 i1=-144 t1=37 m2=8293/434844 i2=195 t2=35 steerMode=0/-67 iSteer=25881 driveMode=-434844/-435857 iDrive=-169596 scale=0 wheel=-1265000 ffS=0
2026-07-07T16:21:55.720+00:00 VCP run=1 step=0 angle=102041 target=124500 err=22459 steer=25800 m1=-7936/-398050 i1=1308 t1=37 m2=8621/469000 i2=1580 t2=35 steerMode=35475/7477 iSteer=1443966 driveMode=-433525/-435645 iDrive=-136394 scale=0 wheel=-1261164 ffS=0
2026-07-07T16:21:55.841+00:00 VCP SET_TARGET_RX steer=124500 wheel=-1265000
2026-07-07T16:21:55.841+00:00 VCP run=1 step=0 angle=120498 target=124500 err=4002 steer=8004 m1=-7812/-423838 i1=-1450 t1=37 m2=8650/445849 i2=-796 t2=35 steerMode=11005/34268 iSteer=-1123258 driveMode=-434844/-430776 iDrive=-326998 scale=0 wheel=-1265000 ffS=0
2026-07-07T16:21:55.944+00:00 VCP run=1 step=0 angle=121729 target=124500 err=2771 steer=5543 m1=-8172/-427222 i1=53 t1=37 m2=8437/442465 i2=331 t2=35 steerMode=7622/4445 iSteer=191891 driveMode=-434844/-437030 iDrive=-138725 scale=0 wheel=-1265000 ffS=0
2026-07-07T16:21:56.048+00:00 VCP run=1 step=0 angle=124277 target=124500 err=223 steer=0 m1=-8296/-434844 i1=-192 t1=37 m2=8297/434844 i2=116 t2=35 steerMode=0/1267 iSteer=-38250 driveMode=-434844/-436421 iDrive=-153773 scale=0 wheel=-1265000 ffS=0
2026-07-07T16:21:56.151+00:00 VCP run=1 step=0 angle=124277 target=124500 err=223 steer=0 m1=-8294/-434844 i1=-107 t1=37 m2=8299/434844 i2=188 t2=35 steerMode=0/-286 iSteer=40488 driveMode=-434844/-436578 iDrive=-147968 scale=0 wheel=-1265000 ffS=0
2026-07-07T16:21:56.250+00:00 VCP run=1 step=0 angle=124277 target=142900 err=18623 steer=1800 m1=-8289/-432369 i1=1 t1=37 m2=8290/437319 i2=319 t2=35 steerMode=2475/-198 iSteer=160080 driveMode=-434844/-436212 iDrive=-158961 scale=0 wheel=-1265000 ffS=0
2026-07-07T16:21:56.250+00:00 VCP SET_TARGET_RX steer=142900 wheel=-1265000
2026-07-07T16:21:56.353+00:00 VCP run=1 step=0 angle=133242 target=142900 err=9658 steer=19316 m1=-7387/-408285 i1=-746 t1=37 m2=8979/461403 i2=-189 t2=35 steerMode=26559/37312 iSteer=-467281 driveMode=-434844/-432238 iDrive=-278757 scale=0 wheel=-1265000 ffS=0
2026-07-07T16:21:56.455+00:00 VCP run=1 step=0 angle=141416 target=142900 err=1484 steer=2968 m1=-8298/-430763 i1=-181 t1=37 m2=8309/438925 i2=151 t2=35 steerMode=4081/5028 iSteer=-15390 driveMode=-434844/-436074 iDrive=-165997 scale=0 wheel=-1265000 ffS=0
2026-07-07T16:21:56.558+00:00 VCP run=1 step=0 angle=141855 target=142900 err=1045 steer=2089 m1=-8243/-431971 i1=-111 t1=37 m2=8357/437716 i2=176 t2=36 steerMode=2872/2924 iSteer=32550 driveMode=-434844/-436716 iDrive=-143840 scale=0 wheel=-1265000 ffS=0
2026-07-07T16:21:56.719+00:00 VCP run=1 step=0 angle=143174 target=142900 err=-274 steer=0 m1=-8302/-434844 i1=-124 t1=37 m2=8282/434844 i2=186 t2=36 steerMode=0/24 iSteer=30917 driveMode=-434844/-436352 iDrive=-154756 scale=0 wheel=-1265000 ffS=0
2026-07-07T16:21:56.719+00:00 VCP run=1 step=0 angle=151611 target=162800 err=11189 steer=22377 m1=-7270/-404075 i1=-610 t1=37 m2=9000/465613 i2=23 t2=36 steerMode=30769/38257 iSteer=-293324 driveMode=-434844/-430983 iDrive=-316429 scale=0 wheel=-1265000 ffS=0
2026-07-07T16:21:56.841+00:00 VCP SET_TARGET_RX steer=162800 wheel=-1265000
2026-07-07T16:21:56.841+00:00 VCP run=1 step=0 angle=161104 target=162800 err=1696 steer=3393 m1=-8298/-430178 i1=-187 t1=37 m2=8303/439509 i2=163 t2=36 steerMode=4665/5663 iSteer=-12065 driveMode=-434844/-435841 iDrive=-175066 scale=0 wheel=-1265000 ffS=0
2026-07-07T16:21:56.944+00:00 VCP run=1 step=0 angle=161807 target=162800 err=993 steer=1987 m1=-8233/-432112 i1=-117 t1=37 m2=8357/437576 i2=186 t2=36 steerMode=2732/2870 iSteer=34449 driveMode=-434844/-436522 iDrive=-151150 scale=0 wheel=-1265000 ffS=0
2026-07-07T16:21:57.047+00:00 VCP run=1 step=0 angle=163037 target=162800 err=-237 steer=0 m1=-8302/-434844 i1=-110 t1=37 m2=8293/434844 i2=188 t2=36 steerMode=0/-14 iSteer=38814 driveMode=-434844/-436537 iDrive=-149216 scale=0 wheel=-1265000 ffS=0
2026-07-07T16:21:57.150+00:00 VCP run=1 step=0 angle=171563 target=188100 err=16538 steer=33075 m1=-6979/-378044 i1=203 t1=37 m2=9102/469000 i2=281 t2=36 steerMode=45478/42591 iSteer=241951 driveMode=-423522/-428883 iDrive=-39159 scale=0 wheel=-1232064 ffS=0
2026-07-07T16:21:57.249+00:00 VCP run=1 step=0 angle=187207 target=188100 err=893 steer=1786 m1=-8277/-432388 i1=-661 t1=37 m2=8257/437299 i2=-90 t2=36 steerMode=2456/10728 iSteer=-375616 driveMode=-434844/-432449 iDrive=-285351 scale=0 wheel=-1265000 ffS=0
2026-07-07T16:21:57.249+00:00 VCP SET_TARGET_RX steer=188100 wheel=-1265000
2026-07-07T16:21:57.352+00:00 VCP run=1 step=0 angle=186504 target=188100 err=1596 steer=3192 m1=-8195/-430454 i1=-35 t1=37 m2=8401/439233 i2=260 t2=36 steerMode=4389/3057 iSteer=112681 driveMode=-434844/-436964 iDrive=-147484 scale=0 wheel=-1265000 ffS=0
2026-07-07T16:21:57.455+00:00 VCP run=1 step=0 angle=188262 target=188100 err=-162 steer=0 m1=-8308/-434844 i1=-126 t1=37 m2=8282/434844 i2=180 t2=36 steerMode=0/251 iSteer=27364 driveMode=-434844/-436669 iDrive=-152961 scale=0 wheel=-1265000 ffS=0
2026-07-07T16:21:57.559+00:00 VCP run=1 step=0 angle=188438 target=188100 err=-337 steer=0 m1=-8283/-434844 i1=-124 t1=37 m2=8293/434844 i2=193 t2=36 steerMode=0/114 iSteer=34683 driveMode=-434844/-436381 iDrive=-158515 scale=0 wheel=-1265000 ffS=0
2026-07-07T16:21:57.718+00:00 VCP run=1 step=0 angle=185977 target=137600 err=-48377 steer=-37800 m1=-8942/-469000 i1=-1213 t1=37 m2=7625/365050 i2=-1973 t2=36 steerMode=-51975/-20085 iSteer=-1593372 driveMode=-417025/-436360 iDrive=380037 scale=0 wheel=-1213164 ffS=0
2026-07-07T16:21:57.718+00:00 VCP run=1 step=0 angle=160313 target=137600 err=-22712 steer=-40000 m1=-8961/-469000 i1=76 t1=37 m2=6824/359000 i2=331 t2=36 steerMode=-55000/-59288 iSteer=203332 driveMode=-414000/-416427 iDrive=-127178 scale=0 wheel=-1204364 ffS=0
2026-07-07T16:21:57.759+00:00 VCP SET_TARGET_RX steer=137600 wheel=-1265000
2026-07-07T16:21:57.942+00:00 VCP run=1 step=0 angle=142910 target=137600 err=-5310 steer=-10620 m1=-8530/-449447 i1=156 t1=37 m2=7943/420241 i2=926 t2=36 steerMode=-14603/-24825 iSteer=540897 driveMode=-434844/-429363 iDrive=-384644 scale=0 wheel=-1265000 ffS=0
2026-07-07T16:21:57.942+00:00 VCP run=1 step=0 angle=140186 target=137600 err=-2586 steer=-5171 m1=-8461/-441954 i1=-140 t1=37 m2=8203/427734 i2=131 t2=36 steerMode=-7110/-6325 iSteer=-4587 driveMode=-434844/-437643 iDrive=-135594 scale=0 wheel=-1265000 ffS=0
2026-07-07T16:21:58.044+00:00 VCP run=1 step=0 angle=138252 target=137600 err=-652 steer=-1304 m1=-8323/-436637 i1=-101 t1=37 m2=8278/433051 i2=197 t2=36 steerMode=-1793/-1933 iSteer=47642 driveMode=-434844/-437041 iDrive=-148962 scale=0 wheel=-1265000 ffS=0
2026-07-07T16:21:58.146+00:00 VCP run=1 step=0 angle=138076 target=112100 err=-25976 steer=-13800 m1=-8373/-453819 i1=-1016 t1=37 m2=8234/415869 i2=-715 t2=36 steerMode=-18975/-978 iSteer=-865584 driveMode=-434844/-436876 iDrive=-150109 scale=0 wheel=-1265000 ffS=0
2026-07-07T16:21:58.244+00:00 VCP run=1 step=0 angle=121904 target=112100 err=-9804 steer=-19609 m1=-9026/-461806 i1=693 t1=37 m2=7152/407882 i2=1542 t2=36 steerMode=-26962/-49393 iSteer=1117336 driveMode=-434844/-427421 iDrive=-424505 scale=0 wheel=-1265000 ffS=0
2026-07-07T16:21:58.245+00:00 VCP SET_TARGET_RX steer=112100 wheel=-1265000
2026-07-07T16:21:58.347+00:00 VCP run=1 step=0 angle=115664 target=112100 err=-3564 steer=-7128 m1=-8398/-444645 i1=-268 t1=37 m2=8163/425043 i2=147 t2=36 steerMode=-9801/-7968 iSteer=-60586 driveMode=-434844/-434896 iDrive=-207152 scale=0 wheel=-1265000 ffS=0
2026-07-07T16:21:58.449+00:00 VCP run=1 step=0 angle=113115 target=112100 err=-1015 steer=-2030 m1=-8352/-437636 i1=-56 t1=37 m2=8228/432052 i2=238 t2=36 steerMode=-2792/-3919 iSteer=90915 driveMode=-434844/-436800 iDrive=-147003 scale=0 wheel=-1265000 ffS=0
2026-07-07T16:21:58.553+00:00 VCP run=1 step=0 angle=112500 target=112100 err=-400 steer=0 m1=-8279/-434844 i1=-94 t1=37 m2=8290/434844 i2=213 t2=36 steerMode=0/-449 iSteer=59588 driveMode=-434844/-436477 iDrive=-153383 scale=0 wheel=-1265000 ffS=0
2026-07-07T16:21:58.655+00:00 VCP run=1 step=0 angle=103535 target=83300 err=-20235 steer=-40000 m1=-9166/-469000 i1=-343 t1=37 m2=7016/359000 i2=-947 t2=36 steerMode=-55000/-42587 iSteer=-644614 driveMode=-414000/-430735 iDrive=302039 scale=0 wheel=-1204364 ffS=0
2026-07-07T16:21:58.754+00:00 VCP run=1 step=0 angle=85430 target=83300 err=-2130 steer=-4259 m1=-8350/-440700 i1=355 t1=37 m2=8108/428987 i2=1094 t2=36 steerMode=-5857/-19679 iSteer=724528 driveMode=-434844/-429652 iDrive=-369683 scale=0 wheel=-1265000 ffS=0
2026-07-07T16:21:58.754+00:00 VCP SET_TARGET_RX steer=83300 wheel=-1265000
2026-07-07T16:21:58.856+00:00 VCP run=1 step=0 angle=85781 target=83300 err=-2481 steer=-4962 m1=-8478/-441667 i1=-177 t1=37 m2=8182/428020 i2=93 t2=36 steerMode=-6823/-5449 iSteer=-42066 driveMode=-434844/-437460 iDrive=-135201 scale=0 wheel=-1265000 ffS=0
2026-07-07T16:21:58.960+00:00 VCP run=1 step=0 angle=83584 target=83300 err=-284 steer=0 m1=-8298/-434844 i1=-46 t1=37 m2=8322/434844 i2=238 t2=36 steerMode=0/-1216 iSteer=95864 driveMode=-434844/-437084 iDrive=-141854 scale=0 wheel=-1265000 ffS=0
2026-07-07T16:21:58.960+00:00 VCP run=1 step=0 angle=75322 target=64100 err=-11222 steer=-22445 m1=-9078/-465705 i1=122 t1=37 m2=7326/403983 i2=616 t2=36 steerMode=-30861/-38528 iSteer=368945 driveMode=-434844/-433288 iDrive=-246846 scale=0 wheel=-1265000 ffS=0
2026-07-07T16:21:59.143+00:00 VCP run=1 step=0 angle=66357 target=64100 err=-2257 steer=-4515 m1=-8331/-441052 i1=-80 t1=37 m2=8238/428636 i2=291 t2=36 steerMode=-6208/-7765 iSteer=105663 driveMode=-434844/-435387 iDrive=-185547 scale=0 wheel=-1265000 ffS=0
2026-07-07T16:21:59.242+00:00 VCP run=1 step=0 angle=65391 target=64100 err=-1291 steer=-2581 m1=-8373/-438393 i1=-106 t1=37 m2=8221/431295 i2=187 t2=36 steerMode=-3549/-3865 iSteer=40464 driveMode=-434844/-436625 iDrive=-146550 scale=0 wheel=-1265000 ffS=0
2026-07-07T16:21:59.242+00:00 VCP SET_TARGET_RX steer=64100 wheel=-1265000
2026-07-07T16:21:59.345+00:00 VCP run=1 step=0 angle=64424 target=64100 err=-324 steer=0 m1=-8281/-434844 i1=-119 t1=37 m2=8322/434844 i2=183 t2=36 steerMode=0/-76 iSteer=32331 driveMode=-434844/-436483 iDrive=-150837 scale=0 wheel=-1265000 ffS=0
2026-07-07T16:21:59.448+00:00 VCP run=1 step=0 angle=64775 target=64100 err=-675 steer=-1351 m1=-8302/-436701 i1=-215 t1=37 m2=8299/432986 i2=77 t2=36 steerMode=-1857/72 iSteer=-69032 driveMode=-434844/-436647 iDrive=-145891 scale=0 wheel=-1265000 ffS=0
2026-07-07T16:21:59.552+00:00 VCP run=1 step=0 angle=64512 target=64100 err=-412 steer=0 m1=-8306/-434844 i1=-76 t1=37 m2=8303/434844 i2=213 t2=36 steerMode=0/-821 iSteer=68414 driveMode=-434844/-436706 iDrive=-144129 scale=0 wheel=-1265000 ffS=0
2026-07-07T16:21:59.655+00:00 VCP run=1 step=0 angle=64688 target=64100 err=-587 steer=-1175 m1=-8306/-436459 i1=-209 t1=37 m2=8305/433228 i2=70 t2=36 steerMode=-1616/291 iSteer=-69248 driveMode=-434844/-436866 iDrive=-139347 scale=0 wheel=-1265000 ffS=0
2026-07-07T16:21:59.755+00:00 VCP run=1 step=0 angle=64600 target=64100 err=-500 steer=0 m1=-8317/-434844 i1=-56 t1=37 m2=8301/434844 i2=214 t2=36 steerMode=0/-1057 iSteer=79071 driveMode=-434844/-437000 iDrive=-135309 scale=0 wheel=-1265000 ffS=0
2026-07-07T16:21:59.755+00:00 VCP SET_TARGET_RX steer=64100 wheel=-1265000
2026-07-07T16:21:59.858+00:00 VCP run=1 step=0 angle=64951 target=64100 err=-851 steer=-1702 m1=-8331/-437184 i1=-215 t1=37 m2=8280/432503 i2=72 t2=36 steerMode=-2341/-427 iSteer=-71352 driveMode=-434844/-436738 iDrive=-143171 scale=0 wheel=-1265000 ffS=0
2026-07-07T16:22:00.042+00:00 VCP run=1 step=0 angle=64424 target=64100 err=-324 steer=0 m1=-8298/-434844 i1=-97 t1=37 m2=8297/434844 i2=186 t2=36 steerMode=0/-375 iSteer=44870 driveMode=-434844/-436795 iDrive=-141478 scale=0 wheel=-1265000 ffS=0
2026-07-07T16:22:00.042+00:00 VCP run=1 step=0 angle=64688 target=64100 err=-587 steer=-1175 m1=-8319/-436459 i1=-187 t1=37 m2=8282/433228 i2=107 t2=36 steerMode=-1616/-331 iSteer=-39990 driveMode=-434844/-436612 iDrive=-146964 scale=0 wheel=-1265000 ffS=0
2026-07-07T16:22:00.145+00:00 VCP run=1 step=0 angle=64424 target=64100 err=-324 steer=0 m1=-8287/-434844 i1=-122 t1=37 m2=8307/434844 i2=166 t2=36 steerMode=0/87 iSteer=21733 driveMode=-434844/-436715 iDrive=-143875 scale=0 wheel=-1265000 ffS=0
2026-07-07T16:22:00.245+00:00 VCP run=1 step=0 angle=64688 target=64100 err=-587 steer=-1175 m1=-8338/-436459 i1=-142 t1=37 m2=8251/433228 i2=145 t2=36 steerMode=-1616/-1175 iSteer=1660 driveMode=-434844/-436716 iDrive=-143828 scale=0 wheel=-1265000 ffS=0
2026-07-07T16:22:00.245+00:00 VCP SET_TARGET_RX steer=64100 wheel=-1265000
2026-07-07T16:22:00.348+00:00 VCP run=1 step=0 angle=64512 target=64100 err=-412 steer=0 m1=-8304/-434844 i1=-125 t1=37 m2=8318/434844 i2=146 t2=36 steerMode=0/295 iSteer=10615 driveMode=-434844/-437006 iDrive=-135141 scale=0 wheel=-1265000 ffS=0
2026-07-07T16:22:00.451+00:00 VCP run=1 step=0 angle=64775 target=64100 err=-675 steer=-1351 m1=-7944/-409201 i1=293 t1=37 m2=7868/405486 i2=-245 t2=36 steerMode=-1857/-1889 iSteer=23720 driveMode=-407344/-422976 iDrive=268979 scale=0 wheel=-1185000 ffS=0
2026-07-07T16:22:00.555+00:00 VCP run=1 step=0 angle=64600 target=64100 err=-500 steer=0 m1=-7752/-407344 i1=-142 t1=37 m2=7774/407344 i2=171 t2=36 steerMode=0/185 iSteer=14574 driveMode=-407344/-408806 iDrive=-156135 scale=0 wheel=-1185000 ffS=0
2026-07-07T16:22:00.657+00:00 VCP run=1 step=0 angle=64775 target=64100 err=-675 steer=-1351 m1=-7808/-409201 i1=-143 t1=37 m2=7757/405486 i2=125 t2=36 steerMode=-1857/-1244 iSteer=-9016 driveMode=-407344/-409530 iDrive=-134404 scale=0 wheel=-1185000 ffS=0
2026-07-07T16:22:00.757+00:00 VCP run=1 step=0 angle=64512 target=64100 err=-412 steer=0 m1=-7785/-407344 i1=-122 t1=37 m2=7782/407344 i2=148 t2=36 steerMode=0/220 iSteer=12824 driveMode=-407344/-409517 iDrive=-134814 scale=0 wheel=-1185000 ffS=0
2026-07-07T16:22:00.758+00:00 VCP SET_TARGET_RX steer=64100 wheel=-1185000
2026-07-07T16:22:00.942+00:00 VCP run=1 step=0 angle=64688 target=64100 err=-587 steer=-1175 m1=-7829/-408959 i1=-117 t1=37 m2=7753/405728 i2=151 t2=36 steerMode=-1616/-1522 iSteer=16823 driveMode=-407344/-409541 iDrive=-134073 scale=0 wheel=-1185000 ffS=0
2026-07-07T16:22:00.942+00:00 VCP run=1 step=0 angle=64424 target=64100 err=-324 steer=0 m1=-7796/-407344 i1=-116 t1=37 m2=7784/407344 i2=143 t2=36 steerMode=0/192 iSteer=13468 driveMode=-407344/-409680 iDrive=-129926 scale=0 wheel=-1185000 ffS=0
2026-07-07T16:22:01.045+00:00 VCP run=1 step=0 angle=64512 target=64100 err=-412 steer=0 m1=-7793/-407344 i1=-74 t1=37 m2=7786/407344 i2=196 t2=36 steerMode=0/-784 iSteer=61232 driveMode=-407344/-409502 iDrive=-135244 scale=0 wheel=-1185000 ffS=0
2026-07-07T16:22:01.149+00:00 VCP run=1 step=0 angle=64512 target=64100 err=-412 steer=0 m1=-7821/-407344 i1=-54 t1=37 m2=7767/407344 i2=205 t2=36 steerMode=0/-1101 iSteer=75515 driveMode=-407344/-409696 iDrive=-129422 scale=0 wheel=-1185000 ffS=0
2026-07-07T16:22:01.248+00:00 VCP run=1 step=0 angle=64775 target=64100 err=-675 steer=-1351 m1=-7793/-409201 i1=-200 t1=37 m2=7774/405486 i2=68 t2=36 steerMode=-1857/-109 iSteer=-66443 driveMode=-407344/-409542 iDrive=-134040 scale=0 wheel=-1185000 ffS=0
2026-07-07T16:22:01.248+00:00 VCP SET_TARGET_RX steer=64100 wheel=-1185000
2026-07-07T16:22:01.352+00:00 VCP run=1 step=0 angle=64336 target=64100 err=-236 steer=0 m1=-7781/-407344 i1=-71 t1=37 m2=7788/407344 i2=205 t2=36 steerMode=0/-898 iSteer=67099 driveMode=-407344/-409411 iDrive=-137990 scale=0 wheel=-1185000 ffS=0
2026-07-07T16:22:01.455+00:00 VCP run=1 step=0 angle=64600 target=64100 err=-500 steer=0 m1=-7766/-407344 i1=-124 t1=37 m2=7778/407344 i2=150 t2=36 steerMode=0/186 iSteer=12834 driveMode=-407344/-409452 iDrive=-136743 scale=0 wheel=-1185000 ffS=0
2026-07-07T16:22:01.559+00:00 VCP run=1 step=0 angle=64600 target=64100 err=-500 steer=0 m1=-7787/-407344 i1=-102 t1=37 m2=7784/407344 i2=160 t2=36 steerMode=0/-151 iSteer=29084 driveMode=-407344/-409645 iDrive=-130956 scale=0 wheel=-1185000 ffS=0
2026-07-07T16:22:01.559+00:00 VCP run=1 step=0 angle=64775 target=64100 err=-675 steer=-1351 m1=-7827/-409201 i1=-134 t1=37 m2=7732/405486 i2=140 t2=36 steerMode=-1857/-1533 iSteer=2596 driveMode=-407344/-409443 iDrive=-137025 scale=0 wheel=-1185000 ffS=0
2026-07-07T16:22:01.721+00:00 VCP run=1 step=0 angle=64424 target=64100 err=-324 steer=0 m1=-7781/-407344 i1=-117 t1=37 m2=7780/407344 i2=144 t2=36 steerMode=0/168 iSteer=13283 driveMode=-407344/-409664 iDrive=-130404 scale=0 wheel=-1185000 ffS=0
2026-07-07T16:22:01.721+00:00 VCP SET_TARGET_RX steer=64100 wheel=-1185000
2026-07-07T16:22:01.842+00:00 VCP run=1 step=0 angle=64775 target=64100 err=-675 steer=-1351 m1=-7827/-409201 i1=-142 t1=37 m2=7751/405486 i2=126 t2=36 steerMode=-1857/-1319 iSteer=-7950 driveMode=-407344/-409537 iDrive=-134200 scale=0 wheel=-1185000 ffS=0
2026-07-07T16:22:01.946+00:00 VCP run=1 step=0 angle=64336 target=64100 err=-236 steer=0 m1=-8348/-452031 i1=-935 t1=37 m2=8362/452031 i2=966 t2=36 steerMode=0/119 iSteer=15101 driveMode=-452031/-428073 iDrive=-950558 scale=0 wheel=-1315000 ffS=0
2026-07-07T16:22:02.049+00:00 VCP run=1 step=0 angle=64512 target=64100 err=-412 steer=0 m1=-8672/-452031 i1=-86 t1=38 m2=8663/452031 i2=172 t2=36 steerMode=0/-420 iSteer=43177 driveMode=-452031/-455749 iDrive=-129052 scale=0 wheel=-1315000 ffS=0
2026-07-07T16:22:02.153+00:00 VCP run=1 step=0 angle=64512 target=64100 err=-412 steer=0 m1=-8662/-452031 i1=-78 t1=38 m2=8619/452031 i2=209 t2=36 steerMode=0/-876 iSteer=65473 driveMode=-452031/-455044 iDrive=-143879 scale=0 wheel=-1315000 ffS=0
2026-07-07T16:22:02.253+00:00 VCP run=1 step=0 angle=64512 target=64100 err=-412 steer=0 m1=-8635/-452031 i1=-117 t1=38 m2=8621/452031 i2=202 t2=36 steerMode=0/-396 iSteer=42285 driveMode=-452031/-454380 iDrive=-159252 scale=0 wheel=-1315000 ffS=0
2026-07-07T16:22:02.253+00:00 VCP SET_TARGET_RX steer=64100 wheel=-1315000
2026-07-07T16:22:02.357+00:00 VCP run=1 step=0 angle=64336 target=64100 err=-236 steer=0 m1=-8633/-452031 i1=-139 t1=38 m2=8644/452031 i2=168 t2=36 steerMode=0/158 iSteer=14525 driveMode=-452031/-454423 iDrive=-153596 scale=0 wheel=-1315000 ffS=0
2026-07-07T16:22:02.541+00:00 VCP run=1 step=0 angle=64424 target=64100 err=-324 steer=0 m1=-8630/-452031 i1=-88 t1=38 m2=8617/452031 i2=228 t2=36 steerMode=0/-962 iSteer=70021 driveMode=-452031/-454130 iDrive=-158215 scale=0 wheel=-1315000 ffS=0
2026-07-07T16:22:02.541+00:00 VCP run=1 step=0 angle=64863 target=64100 err=-763 steer=-1527 m1=-8624/-454130 i1=-233 t1=38 m2=8615/449932 i2=75 t2=36 steerMode=-2099/-82 iSteer=-79044 driveMode=-452031/-454146 iDrive=-153706 scale=0 wheel=-1315000 ffS=0
2026-07-07T16:22:02.645+00:00 VCP run=1 step=0 angle=64600 target=64100 err=-500 steer=0 m1=-8842/-464063 i1=-204 t1=38 m2=8847/464063 i2=297 t2=36 steerMode=0/-478 iSteer=46444 driveMode=-464063/-463326 iDrive=-250571 scale=0 wheel=-1350000 ffS=0
2026-07-07T16:22:02.744+00:00 VCP run=1 step=0 angle=64775 target=64100 err=-675 steer=-1351 m1=-8886/-465920 i1=-203 t1=38 m2=8830/462205 i2=119 t2=36 steerMode=-1857/-604 iSteer=-41842 driveMode=-464063/-466218 iDrive=-161160 scale=0 wheel=-1350000 ffS=0
2026-07-07T16:22:02.744+00:00 VCP SET_TARGET_RX steer=64100 wheel=-1350000
2026-07-07T16:22:02.847+00:00 VCP run=1 step=0 angle=64248 target=64100 err=-148 steer=0 m1=-8846/-464063 i1=-135 t1=38 m2=8855/464063 i2=203 t2=37 steerMode=0/-222 iSteer=33739 driveMode=-464063/-465835 iDrive=-168932 scale=0 wheel=-1350000 ffS=0
2026-07-07T16:22:02.951+00:00 VCP run=1 step=0 angle=64512 target=64100 err=-412 steer=0 m1=-8840/-464063 i1=-142 t1=38 m2=8839/464063 i2=199 t2=37 steerMode=0/-117 iSteer=28205 driveMode=-464063/-465679 iDrive=-170332 scale=0 wheel=-1350000 ffS=0
2026-07-07T16:22:03.053+00:00 VCP run=1 step=0 angle=64775 target=64100 err=-675 steer=-1351 m1=-8873/-465920 i1=-200 t1=38 m2=8799/462205 i2=152 t2=37 steerMode=-1857/-966 iSteer=-24240 driveMode=-464063/-465403 iDrive=-175811 scale=0 wheel=-1350000 ffS=0
2026-07-07T16:22:03.157+00:00 VCP run=1 step=0 angle=64424 target=64100 err=-324 steer=0 m1=-8838/-464063 i1=-133 t1=38 m2=8843/464063 i2=202 t2=37 steerMode=0/-235 iSteer=34136 driveMode=-464063/-465593 iDrive=-167476 scale=0 wheel=-1350000 ffS=0
2026-07-07T16:22:03.257+00:00 VCP run=1 step=0 angle=64600 target=64100 err=-500 steer=0 m1=-8852/-464063 i1=-122 t1=38 m2=8835/464063 i2=214 t2=37 steerMode=0/-499 iSteer=46020 driveMode=-464063/-465492 iDrive=-167883 scale=0 wheel=-1350000 ffS=0
2026-07-07T16:22:03.257+00:00 VCP SET_TARGET_RX steer=64100 wheel=-1350000
2026-07-07T16:22:03.441+00:00 VCP run=1 step=0 angle=64512 target=64100 err=-412 steer=0 m1=-8842/-464063 i1=-108 t1=38 m2=8849/464063 i2=230 t2=37 steerMode=0/-806 iSteer=61013 driveMode=-464063/-465375 iDrive=-168858 scale=0 wheel=-1350000 ffS=0
2026-07-07T16:22:03.441+00:00 VCP run=1 step=0 angle=64775 target=64100 err=-675 steer=-1351 m1=-8875/-465920 i1=-194 t1=38 m2=8807/462205 i2=145 t2=37 steerMode=-1857/-997 iSteer=-24111 driveMode=-464063/-465278 iDrive=-169485 scale=0 wheel=-1350000 ffS=0
2026-07-07T16:22:03.545+00:00 VCP run=1 step=0 angle=64336 target=64100 err=-236 steer=0 m1=-8846/-464063 i1=-131 t1=38 m2=8851/464063 i2=197 t2=37 steerMode=0/-241 iSteer=33005 driveMode=-464063/-465380 iDrive=-164199 scale=0 wheel=-1350000 ffS=0
2026-07-07T16:22:03.647+00:00 VCP run=1 step=0 angle=64688 target=64100 err=-587 steer=-1175 m1=-8869/-465678 i1=-193 t1=38 m2=8818/462447 i2=138 t2=37 steerMode=-1616/-683 iSteer=-27668 driveMode=-464063/-465255 iDrive=-165653 scale=0 wheel=-1350000 ffS=0
2026-07-07T16:22:03.747+00:00 VCP run=1 step=0 angle=64336 target=64100 err=-236 steer=0 m1=-8829/-464063 i1=-157 t1=38 m2=8843/464063 i2=186 t2=37 steerMode=0/130 iSteer=14613 driveMode=-464063/-465021 iDrive=-171233 scale=0 wheel=-1350000 ffS=0
2026-07-07T16:22:03.747+00:00 VCP SET_TARGET_RX steer=64100 wheel=-1350000
2026-07-07T16:22:03.851+00:00 VCP run=1 step=0 angle=64600 target=64100 err=-500 steer=0 m1=-8838/-464063 i1=-103 t1=38 m2=8820/464063 i2=225 t2=37 steerMode=0/-811 iSteer=60944 driveMode=-464063/-465262 iDrive=-164029 scale=0 wheel=-1350000 ffS=0
2026-07-07T16:22:03.955+00:00 VCP run=1 step=0 angle=64600 target=64100 err=-500 steer=0 m1=-8846/-464063 i1=-101 t1=38 m2=8818/464063 i2=228 t2=37 steerMode=0/-880 iSteer=63432 driveMode=-464063/-465253 iDrive=-164281 scale=0 wheel=-1350000 ffS=0
2026-07-07T16:22:04.139+00:00 VCP run=1 step=0 angle=64512 target=64100 err=-412 steer=0 m1=-8838/-464063 i1=-128 t1=38 m2=8843/464063 i2=212 t2=37 steerMode=0/-449 iSteer=41694 driveMode=-464063/-465068 iDrive=-169833 scale=0 wheel=-1350000 ffS=0
2026-07-07T16:22:04.140+00:00 VCP run=1 step=0 angle=64512 target=64100 err=-412 steer=0 m1=-8838/-464063 i1=-148 t1=38 m2=8835/464063 i2=196 t2=37 steerMode=0/-116 iSteer=24383 driveMode=-464063/-464996 iDrive=-171990 scale=0 wheel=-1350000 ffS=0
2026-07-07T16:22:04.240+00:00 VCP run=1 step=0 angle=64600 target=64100 err=-500 steer=0 m1=-8879/-464063 i1=-80 t1=38 m2=8814/464063 i2=250 t2=37 steerMode=0/-1366 iSteer=85444 driveMode=-464063/-465231 iDrive=-164958 scale=0 wheel=-1350000 ffS=0
2026-07-07T16:22:04.240+00:00 VCP SET_TARGET_RX steer=64100 wheel=-1350000
2026-07-07T16:22:04.342+00:00 VCP run=1 step=0 angle=64688 target=64100 err=-587 steer=-1175 m1=-8871/-465678 i1=-191 t1=38 m2=8799/462447 i2=144 t2=37 steerMode=-1616/-812 iSteer=-23237 driveMode=-464063/-465139 iDrive=-167693 scale=0 wheel=-1350000 ffS=0
2026-07-07T16:22:04.446+00:00 VCP run=1 step=0 angle=64424 target=64100 err=-324 steer=0 m1=-8840/-464063 i1=-142 t1=38 m2=8837/464063 i2=187 t2=37 steerMode=0/-67 iSteer=22379 driveMode=-464063/-465238 iDrive=-164737 scale=0 wheel=-1350000 ffS=0
2026-07-07T16:22:04.548+00:00 VCP run=1 step=0 angle=64775 target=64100 err=-675 steer=-1351 m1=-8882/-465920 i1=-168 t1=38 m2=8803/462205 i2=170 t2=37 steerMode=-1857/-1547 iSteer=1159 driveMode=-464063/-465096 iDrive=-168983 scale=0 wheel=-1350000 ffS=0
2026-07-07T16:22:04.652+00:00 VCP run=1 step=0 angle=64248 target=64100 err=-148 steer=0 m1=-8819/-464063 i1=-160 t1=38 m2=8837/464063 i2=185 t2=37 steerMode=0/141 iSteer=12465 driveMode=-464063/-464968 iDrive=-172845 scale=0 wheel=-1350000 ffS=0
2026-07-07T16:22:04.752+00:00 VCP run=1 step=0 angle=64512 target=64100 err=-412 steer=0 m1=-8829/-464063 i1=-147 t1=38 m2=8835/464063 i2=185 t2=37 steerMode=0/10 iSteer=18937 driveMode=-464063/-465197 iDrive=-165953 scale=0 wheel=-1350000 ffS=0
2026-07-07T16:22:04.752+00:00 VCP SET_TARGET_RX steer=114600 wheel=-1350000
2026-07-07T16:22:04.855+00:00 VCP run=1 step=0 angle=65654 target=114600 err=48946 steer=25200 m1=-8388/-399700 i1=2060 t1=38 m2=9002/469000 i2=770 t2=37 steerMode=34650/7121 iSteer=1415185 driveMode=-434350/-462506 iDrive=644687 scale=0 wheel=-1263564 ffS=0
2026-07-07T16:22:04.957+00:00 VCP run=1 step=0 angle=88242 target=114600 err=26358 steer=40000 m1=-6737/-359000 i1=-207 t1=38 m2=9021/469000 i2=-128 t2=37 steerMode=55000/59839 iSteer=-167511 driveMode=-414000/-419336 iDrive=-39933 scale=0 wheel=-1204364 ffS=0
2026-07-07T16:22:05.140+00:00 VCP run=1 step=0 angle=108018 target=114600 err=6582 steer=13165 m1=-7911/-432797 i1=-1556 t1=38 m2=8707/469000 i2=249 t2=37 steerMode=18102/31883 iSteer=-653350 driveMode=-450898/-428378 iDrive=-902656 scale=0 wheel=-1311704 ffS=0
2026-07-07T16:22:05.140+00:00 VCP run=1 step=0 angle=112061 target=114600 err=2539 steer=5079 m1=-8660/-455033 i1=-254 t1=37 m2=8925/469000 i2=342 t2=37 steerMode=6984/6663 iSteer=44359 driveMode=-462016/-460258 iDrive=-297878 scale=0 wheel=-1344048 ffS=0
2026-07-07T16:22:05.240+00:00 VCP run=1 step=0 angle=114258 target=114600 err=342 steer=0 m1=-8840/-464063 i1=-295 t1=37 m2=8885/464063 i2=80 t2=37 steerMode=0/2629 iSteer=-107872 driveMode=-464063/-465971 iDrive=-187538 scale=0 wheel=-1350000 ffS=0
2026-07-07T16:22:05.240+00:00 VCP SET_TARGET_RX steer=114600 wheel=-1350000
2026-07-07T16:22:05.343+00:00 VCP run=1 step=0 angle=114170 target=114600 err=430 steer=436 m1=-8840/-463463 i1=-132 t1=37 m2=8864/464662 i2=218 t2=37 steerMode=599/228 iSteer=43276 driveMode=-464063/-466253 iDrive=-174974 scale=0 wheel=-1350000 ffS=0
2026-07-07T16:22:05.446+00:00 VCP run=1 step=0 angle=114697 target=114600 err=-97 steer=0 m1=-8863/-464063 i1=-150 t1=37 m2=8868/464063 i2=200 t2=37 steerMode=0/-12 iSteer=24821 driveMode=-464063/-466131 iDrive=-175129 scale=0 wheel=-1350000 ffS=0
2026-07-07T16:22:05.550+00:00 VCP run=1 step=0 angle=114961 target=114600 err=-361 steer=0 m1=-8873/-464063 i1=-119 t1=37 m2=8837/464063 i2=239 t2=37 steerMode=0/-725 iSteer=60228 driveMode=-464063/-465890 iDrive=-178996 scale=0 wheel=-1350000 ffS=0
2026-07-07T16:22:05.652+00:00 VCP run=1 step=0 angle=115225 target=114600 err=-625 steer=-1249 m1=-8882/-465780 i1=-205 t1=37 m2=8830/462345 i2=156 t2=37 steerMode=-1718/-761 iSteer=-24412 driveMode=-464063/-465738 iDrive=-180515 scale=0 wheel=-1350000 ffS=0
2026-07-07T16:22:05.751+00:00 VCP run=1 step=0 angle=115049 target=141600 err=26551 steer=24600 m1=-8379/-401350 i1=1999 t1=37 m2=9027/469000 i2=778 t2=37 steerMode=33825/6953 iSteer=1388504 driveMode=-435175/-462784 iDrive=610478 scale=0 wheel=-1265964 ffS=0
2026-07-07T16:22:05.751+00:00 VCP SET_TARGET_RX steer=141600 wheel=-1350000
2026-07-07T16:22:05.853+00:00 VCP run=1 step=0 angle=135264 target=141600 err=6336 steer=12673 m1=-7536/-434150 i1=-2309 t1=37 m2=8843/469000 i2=-446 t2=37 steerMode=17425/46008 iSteer=-1377387 driveMode=-451575/-427518 iDrive=-931777 scale=0 wheel=-1313673 ffS=0
2026-07-07T16:22:05.956+00:00 VCP run=1 step=0 angle=138252 target=141600 err=3348 steer=6696 m1=-8660/-450586 i1=16 t1=37 m2=8908/469000 i2=523 t2=37 steerMode=9207/4519 iSteer=269935 driveMode=-459793/-459139 iDrive=-253495 scale=0 wheel=-1337579 ffS=0
2026-07-07T16:22:06.141+00:00 VCP run=1 step=0 angle=141152 target=141600 err=448 steer=0 m1=-8827/-464063 i1=-324 t1=37 m2=8881/464063 i2=78 t2=37 steerMode=0/3070 iSteer=-123214 driveMode=-464063/-465194 iDrive=-201257 scale=0 wheel=-1350000 ffS=0
2026-07-07T16:22:06.141+00:00 VCP run=1 step=0 angle=141416 target=141600 err=184 steer=0 m1=-8848/-464063 i1=-121 t1=37 m2=8849/464063 i2=235 t2=37 steerMode=0/-535 iSteer=56945 driveMode=-464063/-465856 iDrive=-177907 scale=0 wheel=-1350000 ffS=0
2026-07-07T16:22:06.241+00:00 VCP run=1 step=0 angle=141592 target=141600 err=8 steer=0 m1=-8844/-464063 i1=-145 t1=37 m2=8828/464063 i2=220 t2=37 steerMode=0/-128 iSteer=37189 driveMode=-464063/-465593 iDrive=-182626 scale=0 wheel=-1350000 ffS=0
2026-07-07T16:22:06.241+00:00 VCP SET_TARGET_RX steer=141600 wheel=-1350000
2026-07-07T16:22:06.344+00:00 VCP run=1 step=0 angle=141680 target=141600 err=-80 steer=0 m1=-8848/-464063 i1=-141 t1=37 m2=8847/464063 i2=213 t2=37 steerMode=0/-102 iSteer=36178 driveMode=-464063/-465687 iDrive=-177047 scale=0 wheel=-1350000 ffS=0
2026-07-07T16:22:06.448+00:00 VCP run=1 step=0 angle=141768 target=141600 err=-168 steer=0 m1=-8827/-464063 i1=-147 t1=37 m2=8835/464063 i2=219 t2=37 steerMode=0/-89 iSteer=35967 driveMode=-464063/-465395 iDrive=-183093 scale=0 wheel=-1350000 ffS=0
2026-07-07T16:22:06.551+00:00 VCP run=1 step=0 angle=141943 target=141600 err=-343 steer=0 m1=-8846/-464063 i1=-142 t1=37 m2=8824/464063 i2=220 t2=37 steerMode=0/-148 iSteer=38946 driveMode=-464063/-465371 iDrive=-181198 scale=0 wheel=-1350000 ffS=0
2026-07-07T16:22:06.653+00:00 VCP run=1 step=0 angle=142119 target=167600 err=25481 steer=24600 m1=-8411/-401350 i1=2045 t1=37 m2=9008/469000 i2=793 t2=37 steerMode=33825/6481 iSteer=1418790 driveMode=-435175/-462976 iDrive=626164 scale=0 wheel=-1265964 ffS=0
2026-07-07T16:22:06.752+00:00 VCP run=1 step=0 angle=161631 target=167600 err=5969 steer=11938 m1=-7666/-436170 i1=-2092 t1=37 m2=8820/469000 i2=-330 t2=37 steerMode=16415/41786 iSteer=-1211004 driveMode=-452585/-430197 iDrive=-881461 scale=0 wheel=-1316611 ffS=0
2026-07-07T16:22:06.752+00:00 VCP SET_TARGET_RX steer=167600 wheel=-1350000
2026-07-07T16:22:06.855+00:00 VCP run=1 step=0 angle=164531 target=167600 err=3069 steer=6138 m1=-8681/-452122 i1=22 t1=37 m2=8883/469000 i2=515 t2=37 steerMode=8439/3920 iSteer=268787 driveMode=-460561/-460096 iDrive=-246302 scale=0 wheel=-1339814 ffS=0
2026-07-07T16:22:07.039+00:00 VCP run=1 step=0 angle=167432 target=167600 err=168 steer=0 m1=-8848/-464063 i1=-258 t1=37 m2=8837/464063 i2=142 t2=37 steerMode=0/1890 iSteer=-57945 driveMode=-464063/-465171 iDrive=-199567 scale=0 wheel=-1350000 ffS=0
2026-07-07T16:22:07.039+00:00 VCP run=1 step=0 angle=167607 target=167600 err=-7 steer=0 m1=-8846/-464063 i1=-116 t1=37 m2=8853/464063 i2=230 t2=37 steerMode=0/-387 iSteer=57060 driveMode=-464063/-465949 iDrive=-172828 scale=0 wheel=-1350000 ffS=0
2026-07-07T16:22:07.143+00:00 VCP run=1 step=0 angle=167783 target=167600 err=-183 steer=0 m1=-8852/-464063 i1=-131 t1=37 m2=8828/464063 i2=230 t2=37 steerMode=0/-234 iSteer=49605 driveMode=-464063/-465584 iDrive=-180884 scale=0 wheel=-1350000 ffS=0
2026-07-07T16:22:07.242+00:00 VCP run=1 step=0 angle=167871 target=167600 err=-271 steer=0 m1=-8854/-464063 i1=-139 t1=37 m2=8855/464063 i2=212 t2=37 steerMode=0/38 iSteer=36417 driveMode=-464063/-465685 iDrive=-175412 scale=0 wheel=-1350000 ffS=0
2026-07-07T16:22:07.243+00:00 VCP SET_TARGET_RX steer=187800 wheel=-1350000
2026-07-07T16:22:07.345+00:00 VCP run=1 step=0 angle=174111 target=187800 err=13689 steer=27377 m1=-7390/-393712 i1=518 t1=37 m2=9153/469000 i2=61 t2=37 steerMode=37644/33560 iSteer=289151 driveMode=-431356/-445642 iDrive=228584 scale=0 wheel=-1254854 ffS=0
2026-07-07T16:22:07.448+00:00 VCP run=1 step=0 angle=186592 target=187800 err=1208 steer=2416 m1=-8743/-460740 i1=-715 t1=37 m2=8726/467385 i2=415 t2=37 steerMode=3323/7036 iSteer=-149979 driveMode=-464063/-452881 iDrive=-564916 scale=0 wheel=-1350000 ffS=0
2026-07-07T16:22:07.551+00:00 VCP run=1 step=0 angle=186504 target=187800 err=1296 steer=2592 m1=-8787/-460498 i1=-62 t1=37 m2=8943/467627 i2=245 t2=37 steerMode=3564/2579 iSteer=91223 driveMode=-464063/-466660 iDrive=-153694 scale=0 wheel=-1350000 ffS=0
2026-07-07T16:22:07.654+00:00 VCP run=1 step=0 angle=188174 target=187800 err=-374 steer=0 m1=-8861/-464063 i1=-165 t1=37 m2=8847/464063 i2=187 t2=37 steerMode=0/526 iSteer=11246 driveMode=-464063/-465795 iDrive=-176089 scale=0 wheel=-1350000 ffS=0
2026-07-07T16:22:07.754+00:00 VCP run=1 step=0 angle=187998 target=187800 err=-198 steer=0 m1=-8840/-464063 i1=-140 t1=37 m2=8853/464063 i2=230 t2=37 steerMode=0/-151 iSteer=44760 driveMode=-464063/-465406 iDrive=-185087 scale=0 wheel=-1350000 ffS=0
2026-07-07T16:22:07.754+00:00 VCP SET_TARGET_RX steer=187800 wheel=-1350000
2026-07-07T16:22:07.856+00:00 VCP run=1 step=0 angle=188438 target=187800 err=-637 steer=-1275 m1=-8877/-465816 i1=-170 t1=37 m2=8807/462309 i2=201 t2=37 steerMode=-1753/-1362 iSteer=15588 driveMode=-464063/-465301 iDrive=-185883 scale=0 wheel=-1350000 ffS=0
2026-07-07T16:22:08.040+00:00 VCP run=1 step=0 angle=188086 target=187800 err=-286 steer=0 m1=-8833/-464063 i1=-155 t1=37 m2=8837/464063 i2=232 t2=37 steerMode=0/-13 iSteer=38367 driveMode=-464063/-464982 iDrive=-193542 scale=0 wheel=-1350000 ffS=0
2026-07-07T16:22:08.040+00:00 VCP run=1 step=0 angle=188350 target=187800 err=-550 steer=-1099 m1=-8867/-465574 i1=-165 t1=37 m2=8795/462551 i2=212 t2=37 steerMode=-1511/-1266 iSteer=23246 driveMode=-464063/-465081 iDrive=-188731 scale=0 wheel=-1350000 ffS=0
2026-07-07T16:22:08.144+00:00 VCP run=1 step=0 angle=188086 target=187800 err=-286 steer=0 m1=-8827/-464063 i1=-160 t1=37 m2=8839/464063 i2=217 t2=37 steerMode=0/177 iSteer=28707 driveMode=-464063/-465029 iDrive=-188427 scale=0 wheel=-1350000 ffS=0
2026-07-07T16:22:08.243+00:00 VCP run=1 step=0 angle=188174 target=187800 err=-374 steer=0 m1=-8825/-464063 i1=-131 t1=37 m2=8814/464063 i2=252 t2=37 steerMode=0/-480 iSteer=60607 driveMode=-464063/-464861 iDrive=-191630 scale=0 wheel=-1350000 ffS=0
2026-07-07T16:22:08.243+00:00 VCP SET_TARGET_RX steer=187800 wheel=-1350000
2026-07-07T16:22:08.346+00:00 VCP run=1 step=0 angle=188350 target=187800 err=-550 steer=-1099 m1=-8861/-465574 i1=-157 t1=37 m2=8812/462551 i2=210 t2=37 steerMode=-1511/-1334 iSteer=26567 driveMode=-464063/-465073 iDrive=-183724 scale=0 wheel=-1350000 ffS=0
2026-07-07T16:22:08.449+00:00 VCP run=1 step=0 angle=187998 target=187800 err=-198 steer=0 m1=-8831/-464063 i1=-151 t1=37 m2=8843/464063 i2=221 t2=37 steerMode=0/35 iSteer=35017 driveMode=-464063/-464936 iDrive=-186229 scale=0 wheel=-1350000 ffS=0
2026-07-07T16:22:08.551+00:00 VCP run=1 step=0 angle=182021 target=142100 err=-39921 steer=-40000 m1=-9208/-469000 i1=-299 t1=37 m2=7315/359000 i2=-1798 t2=37 steerMode=-55000/-34366 iSteer=-1048274 driveMode=-414000/-445654 iDrive=749630 scale=0 wheel=-1204364 ffS=0
2026-07-07T16:22:08.653+00:00 VCP run=1 step=0 angle=156006 target=142100 err=-13906 steer=-27812 m1=-8861/-469000 i1=218 t1=37 m2=6953/392518 i2=1587 t2=37 steerMode=-38241/-56478 iSteer=902347 driveMode=-430759/-414752 iDrive=-684553 scale=0 wheel=-1253117 ffS=0
2026-07-07T16:22:08.752+00:00 VCP run=1 step=0 angle=145635 target=142100 err=-3535 steer=-7070 m1=-8785/-469000 i1=-479 t1=37 m2=8535/449559 i2=630 t2=37 steerMode=-9721/-10667 iSteer=75768 driveMode=-459279/-448900 iDrive=-554406 scale=0 wheel=-1336086 ffS=0
2026-07-07T16:22:08.752+00:00 VCP SET_TARGET_RX steer=142100 wheel=-1350000
2026-07-07T16:22:08.854+00:00 VCP run=1 step=0 angle=143525 target=142100 err=-1425 steer=-2851 m1=-8936/-467982 i1=-137 t1=37 m2=8780/460143 i2=279 t2=37 steerMode=-3920/-4714 iSteer=70911 driveMode=-464063/-465407 iDrive=-208302 scale=0 wheel=-1350000 ffS=0
2026-07-07T16:22:09.039+00:00 VCP run=1 step=0 angle=142559 target=142100 err=-459 steer=0 m1=-8890/-464063 i1=-50 t1=37 m2=8841/464063 i2=270 t2=37 steerMode=0/-1534 iSteer=109756 driveMode=-464063/-466872 iDrive=-159943 scale=0 wheel=-1350000 ffS=0
2026-07-07T16:22:09.039+00:00 VCP run=1 step=0 angle=142471 target=142100 err=-371 steer=0 m1=-8854/-464063 i1=-156 t1=37 m2=8855/464063 i2=202 t2=37 steerMode=0/217 iSteer=22943 driveMode=-464063/-466090 iDrive=-179156 scale=0 wheel=-1350000 ffS=0
2026-07-07T16:22:09.142+00:00 VCP run=1 step=0 angle=142646 target=142100 err=-546 steer=-1093 m1=-8892/-465565 i1=-159 t1=37 m2=8824/462560 i2=188 t2=37 steerMode=-1503/-1156 iSteer=14628 driveMode=-464063/-466155 iDrive=-173278 scale=0 wheel=-1350000 ffS=0
2026-07-07T16:22:09.240+00:00 VCP run=1 step=0 angle=141943 target=102700 err=-39243 steer=-24000 m1=-9020/-469000 i1=-714 t1=37 m2=8462/403000 i2=-1934 t2=37 steerMode=-33000/-6210 iSteer=-1323639 driveMode=-436000/-463767 iDrive=610113 scale=0 wheel=-1268364 ffS=0
2026-07-07T16:22:09.240+00:00 VCP SET_TARGET_RX steer=102700 wheel=-1350000
2026-07-07T16:22:09.342+00:00 VCP run=1 step=0 angle=120322 target=102700 err=-17622 steer=-35348 m1=-9043/-469000 i1=309 t1=37 m2=6788/371794 i2=597 t2=37 steerMode=-48603/-58105 iSteer=452998 driveMode=-420397/-422256 iDrive=-144216 scale=0 wheel=-1222973 ffS=0
2026-07-07T16:22:09.444+00:00 VCP run=1 step=0 angle=107139 target=102700 err=-4439 steer=-8877 m1=-8718/-469000 i1=-444 t1=37 m2=8366/444587 i2=954 t2=37 steerMode=-12206/-16761 iSteer=254564 driveMode=-456794/-441387 iDrive=-699042 scale=0 wheel=-1328854 ffS=0
2026-07-07T16:22:09.546+00:00 VCP run=1 step=0 angle=105117 target=102700 err=-2417 steer=-4731 m1=-8936/-469000 i1=-234 t1=38 m2=8709/455989 i2=224 t2=37 steerMode=-6505/-5846 iSteer=-4995 driveMode=-462495/-463091 iDrive=-229455 scale=0 wheel=-1345439 ffS=0
2026-07-07T16:22:09.649+00:00 VCP run=1 step=0 angle=103359 target=102700 err=-659 steer=-1319 m1=-8850/-465876 i1=-203 t1=38 m2=8858/462249 i2=199 t2=37 steerMode=-1813/-1094 iSteer=-1738 driveMode=-464063/-465569 iDrive=-201076 scale=0 wheel=-1350000 ffS=0
2026-07-07T16:22:09.749+00:00 VCP run=1 step=0 angle=103096 target=102700 err=-396 steer=0 m1=-8848/-464063 i1=-121 t1=38 m2=8835/464063 i2=288 t2=37 steerMode=0/-1006 iSteer=83927 driveMode=-464063/-465368 iDrive=-204467 scale=0 wheel=-1350000 ffS=0
2026-07-07T16:22:09.749+00:00 VCP SET_TARGET_RX steer=75200 wheel=-1350000
2026-07-07T16:22:09.851+00:00 VCP run=1 step=0 angle=96416 target=75200 err=-21216 steer=-40000 m1=-9225/-469000 i1=-275 t1=38 m2=7301/359000 i2=-1773 t2=38 steerMode=-55000/-34921 iSteer=-1023944 driveMode=-414000/-445760 iDrive=748672 scale=0 wheel=-1204364 ffS=0
2026-07-07T16:22:09.953+00:00 VCP run=1 step=0 angle=78223 target=75200 err=-3023 steer=-6045 m1=-8674/-469000 i1=-193 t1=38 m2=8366/452375 i2=1535 t2=38 steerMode=-8312/-21082 iSteer=670891 driveMode=-460688/-439532 iDrive=-864337 scale=0 wheel=-1340183 ffS=0
2026-07-07T16:22:10.056+00:00 VCP run=1 step=0 angle=77256 target=75200 err=-2056 steer=-4112 m1=-8959/-469000 i1=-218 t1=38 m2=8707/457693 i2=225 t2=38 steerMode=-5654/-5142 iSteer=3569 driveMode=-463346/-463975 iDrive=-221080 scale=0 wheel=-1347917 ffS=0
2026-07-07T16:22:10.220+00:00 VCP run=1 step=0 angle=75762 target=75200 err=-562 steer=-1123 m1=-8869/-465607 i1=-108 t1=38 m2=8849/462518 i2=230 t2=38 steerMode=-1545/-2069 iSteer=60698 driveMode=-464063/-466329 iDrive=-169055 scale=0 wheel=-1350000 ffS=0
2026-07-07T16:22:10.220+00:00 VCP run=1 step=0 angle=75674 target=75200 err=-474 steer=0 m1=-8850/-464063 i1=-148 t1=38 m2=8870/464063 i2=184 t2=38 steerMode=0/332 iSteer=18099 driveMode=-464063/-466289 iDrive=-166086 scale=0 wheel=-1350000 ffS=0
2026-07-07T16:22:10.339+00:00 VCP SET_TARGET_RX steer=75200 wheel=-1350000
2026-07-07T16:22:10.339+00:00 VCP run=1 step=0 angle=75762 target=75200 err=-562 steer=-600 m1=-8861/-464888 i1=-112 t1=38 m2=8845/463238 i2=222 t2=38 steerMode=-825/-1275 iSteer=55215 driveMode=-464063/-466131 iDrive=-166944 scale=0 wheel=-1350000 ffS=0
2026-07-07T16:22:10.443+00:00 VCP run=1 step=0 angle=75586 target=75200 err=-386 steer=0 m1=-8848/-464063 i1=-150 t1=38 m2=8853/464063 i2=187 t2=38 steerMode=0/271 iSteer=18735 driveMode=-464063/-465951 iDrive=-168622 scale=0 wheel=-1350000 ffS=0
2026-07-07T16:22:10.546+00:00 VCP run=1 step=0 angle=75674 target=75200 err=-474 steer=0 m1=-8863/-464063 i1=-88 t1=38 m2=8858/464063 i2=243 t2=38 steerMode=0/-936 iSteer=77661 driveMode=-464063/-465951 iDrive=-165177 scale=0 wheel=-1350000 ffS=0
2026-07-07T16:22:10.649+00:00 VCP run=1 step=0 angle=75850 target=75200 err=-650 steer=-1299 m1=-8882/-465849 i1=-189 t1=38 m2=8812/462276 i2=147 t2=38 steerMode=-1786/-783 iSteer=-21186 driveMode=-464063/-465745 iDrive=-167872 scale=0 wheel=-1350000 ffS=0
2026-07-07T16:22:10.749+00:00 VCP run=1 step=0 angle=75586 target=75200 err=-386 steer=0 m1=-8877/-464063 i1=-63 t1=38 m2=8826/464063 i2=259 t2=38 steerMode=0/-1359 iSteer=97708 driveMode=-464063/-465862 iDrive=-161167 scale=0 wheel=-1350000 ffS=0
2026-07-07T16:22:10.749+00:00 VCP SET_TARGET_RX steer=161800 wheel=-1350000
2026-07-07T16:22:10.851+00:00 VCP run=1 step=0 angle=78838 target=161800 err=82962 steer=36000 m1=-7862/-370000 i1=2510 t1=38 m2=9117/469000 i2=701 t2=38 steerMode=49500/18713 iSteer=1605184 driveMode=-419500/-456323 iDrive=904675 scale=0 wheel=-1220364 ffS=0
2026-07-07T16:22:10.954+00:00 VCP run=1 step=0 angle=104590 target=161800 err=57210 steer=40000 m1=-6741/-359000 i1=-379 t1=38 m2=8966/469000 i2=-26 t2=38 steerMode=55000/60647 iSteer=-202448 driveMode=-414000/-414780 iDrive=-176613 scale=0 wheel=-1204364 ffS=0
2026-07-07T16:22:11.056+00:00 VCP run=1 step=0 angle=128057 target=161800 err=33743 steer=40000 m1=-6860/-359000 i1=-26 t1=38 m2=8910/469000 i2=341 t2=38 steerMode=55000/53432 iSteer=157431 driveMode=-414000/-414570 iDrive=-183149 scale=0 wheel=-1204364 ffS=0
2026-07-07T16:22:11.220+00:00 VCP run=1 step=0 angle=150908 target=161800 err=10892 steer=21784 m1=-7216/-409095 i1=-1746 t1=38 m2=8828/469000 i2=-56 t2=38 steerMode=29952/49291 iSteer=-901328 driveMode=-439048/-417863 iDrive=-845035 scale=0 wheel=-1277229 ffS=0
2026-07-07T16:22:11.220+00:00 VCP run=1 step=0 angle=158291 target=161800 err=3509 steer=7018 m1=-8628/-449701 i1=-232 t1=38 m2=8837/469000 i2=534 t2=38 steerMode=9650/7377 iSteer=150906 driveMode=-459350/-454655 iDrive=-383143 scale=0 wheel=-1336292 ffS=0
2026-07-07T16:22:11.338+00:00 VCP SET_TARGET_RX steer=161800 wheel=-1350000
2026-07-07T16:22:11.338+00:00 VCP run=1 step=0 angle=160752 target=161800 err=1048 steer=2096 m1=-8802/-461180 i1=-232 t1=38 m2=8916/466945 i2=173 t2=38 steerMode=2882/4178 iSteer=-29208 driveMode=-464063/-465465 iDrive=-202458 scale=0 wheel=-1350000 ffS=0
2026-07-07T16:22:11.441+00:00 VCP run=1 step=0 angle=161807 target=161800 err=-7 steer=0 m1=-8867/-464063 i1=-107 t1=38 m2=8851/464063 i2=233 t2=38 steerMode=0/-604 iSteer=63304 driveMode=-464063/-466409 iDrive=-170076 scale=0 wheel=-1350000 ffS=0
2026-07-07T16:22:11.543+00:00 VCP run=1 step=0 angle=155742 target=128500 err=-27242 steer=-40000 m1=-9216/-469000 i1=-291 t1=38 m2=7363/359000 i2=-1872 t2=38 steerMode=-55000/-33745 iSteer=-1081370 driveMode=-414000/-447021 iDrive=790280 scale=0 wheel=-1204364 ffS=0
2026-07-07T16:22:11.645+00:00 VCP run=1 step=0 angle=133242 target=128500 err=-4742 steer=-9484 m1=-8685/-469000 i1=78 t1=38 m2=7968/442918 i2=2092 t2=38 steerMode=-13041/-34349 iSteer=1084962 driveMode=-455959/-429809 iDrive=-1007311 scale=0 wheel=-1326426 ffS=0
2026-07-07T16:22:11.744+00:00 VCP run=1 step=0 angle=131660 target=128500 err=-3160 steer=-6320 m1=-8946/-469000 i1=-319 t1=38 m2=8621/451619 i2=155 t2=38 steerMode=-8690/-6593 iSteer=-81956 driveMode=-460310/-460418 iDrive=-236690 scale=0 wheel=-1339082 ffS=0
2026-07-07T16:22:11.744+00:00 VCP SET_TARGET_RX steer=128500 wheel=-1350000
2026-07-07T16:22:11.847+00:00 VCP run=1 step=0 angle=129199 target=128500 err=-699 steer=-1398 m1=-8867/-465985 i1=-132 t1=38 m2=8843/462140 i2=255 t2=38 steerMode=-1923/-2522 iSteer=61576 driveMode=-464063/-465646 iDrive=-193225 scale=0 wheel=-1350000 ffS=0
2026-07-07T16:22:11.949+00:00 VCP run=1 step=0 angle=129111 target=128500 err=-611 steer=-1223 m1=-8861/-465744 i1=-219 t1=38 m2=8845/462381 i2=131 t2=38 steerMode=-1681/-176 iSteer=-43878 driveMode=-464063/-466131 iDrive=-174831 scale=0 wheel=-1350000 ffS=0
2026-07-07T16:22:12.053+00:00 VCP run=1 step=0 angle=128584 target=128500 err=-84 steer=0 m1=-8856/-464063 i1=-100 t1=38 m2=8843/464063 i2=255 t2=38 steerMode=0/-908 iSteer=77540 driveMode=-464063/-465912 iDrive=-177627 scale=0 wheel=-1350000 ffS=0
2026-07-07T16:22:12.155+00:00 VCP run=1 step=0 angle=129023 target=93400 err=-35623 steer=-12000 m1=-8875/-469000 i1=-611 t1=38 m2=8789/436000 i2=-949 t2=38 steerMode=-16500/-363 iSteer=-779757 driveMode=-452500/-465737 iDrive=168830 scale=0 wheel=-1316364 ffS=0
2026-07-07T16:22:12.253+00:00 VCP run=1 step=0 angle=113994 target=93400 err=-20594 steer=-40000 m1=-9149/-469000 i1=170 t1=38 m2=6872/359000 i2=-426 t2=38 steerMode=-55000/-53018 iSteer=-128312 driveMode=-414000/-430599 iDrive=297970 scale=0 wheel=-1204364 ffS=0
2026-07-07T16:22:12.253+00:00 VCP SET_TARGET_RX steer=93400 wheel=-1350000
2026-07-07T16:22:12.356+00:00 VCP run=1 step=0 angle=97295 target=93400 err=-3895 steer=-7790 m1=-8666/-469000 i1=-361 t1=38 m2=8364/447578 i2=1285 t2=38 steerMode=-10711/-19422 iSteer=462024 driveMode=-458289/-438696 iDrive=-823111 scale=0 wheel=-1333204 ffS=0
2026-07-07T16:22:12.539+00:00 VCP run=1 step=0 angle=95625 target=93400 err=-2225 steer=-4450 m1=-8959/-469000 i1=-193 t1=38 m2=8676/456763 i2=269 t2=38 steerMode=-6119/-6399 iSteer=38033 driveMode=-462881/-463334 iDrive=-231204 scale=0 wheel=-1346564 ffS=0
2026-07-07T16:22:12.539+00:00 VCP run=1 step=0 angle=94043 target=93400 err=-643 steer=-1286 m1=-8859/-465831 i1=-178 t1=38 m2=8855/462294 i2=174 t2=38 steerMode=-1768/-1119 iSteer=-2138 driveMode=-464063/-466288 iDrive=-175940 scale=0 wheel=-1350000 ffS=0
2026-07-07T16:22:12.642+00:00 VCP run=1 step=0 angle=93691 target=93400 err=-291 steer=0 m1=-8890/-464063 i1=-50 t1=38 m2=8830/464063 i2=297 t2=38 steerMode=0/-1886 iSteer=123606 driveMode=-464063/-466250 iDrive=-173186 scale=0 wheel=-1350000 ffS=0
2026-07-07T16:22:12.741+00:00 VCP run=1 step=0 angle=93340 target=73700 err=-19640 steer=-23400 m1=-9022/-469000 i1=-710 t1=38 m2=8470/404650 i2=-1885 t2=38 steerMode=-32175/-5979 iSteer=-1297232 driveMode=-436825/-463938 iDrive=587499 scale=0 wheel=-1270764 ffS=0
2026-07-07T16:22:12.741+00:00 VCP SET_TARGET_RX steer=73700 wheel=-1350000
2026-07-07T16:22:12.843+00:00 VCP run=1 step=0 angle=77783 target=73700 err=-4083 steer=-8166 m1=-8829/-469000 i1=286 t1=38 m2=8054/446542 i2=1709 t2=38 steerMode=-11229/-30892 iSteer=997210 driveMode=-457771/-441094 iDrive=-711310 scale=0 wheel=-1331698 ffS=0
2026-07-07T16:22:12.946+00:00 VCP run=1 step=0 angle=76201 target=73700 err=-2501 steer=-5002 m1=-8926/-469000 i1=-335 t1=38 m2=8709/455244 i2=123 t2=38 steerMode=-6878/-4294 iSteer=-106391 driveMode=-462122/-462022 iDrive=-229086 scale=0 wheel=-1344354 ffS=0
2026-07-07T16:22:13.048+00:00 VCP run=1 step=0 angle=74268 target=73700 err=-568 steer=-1135 m1=-8890/-465623 i1=-74 t1=38 m2=8828/462502 i2=251 t2=38 steerMode=-1561/-2782 iSteer=88588 driveMode=-464063/-466146 iDrive=-162299 scale=0 wheel=-1350000 ffS=0
2026-07-07T16:22:13.152+00:00 VCP run=1 step=0 angle=74180 target=73700 err=-480 steer=0 m1=-8850/-464063 i1=-149 t1=38 m2=8858/464063 i2=169 t2=38 steerMode=0/378 iSteer=9894 driveMode=-464063/-466132 iDrive=-158980 scale=0 wheel=-1350000 ffS=0
2026-07-07T16:22:13.252+00:00 VCP run=1 step=0 angle=74268 target=73700 err=-568 steer=-600 m1=-8865/-464888 i1=-119 t1=38 m2=8849/463238 i2=202 t2=38 steerMode=-825/-1096 iSteer=41069 driveMode=-464063/-465962 iDrive=-160552 scale=0 wheel=-1350000 ffS=0
2026-07-07T16:22:13.252+00:00 VCP SET_TARGET_RX steer=73700 wheel=-1350000
2026-07-07T16:22:13.355+00:00 VCP run=1 step=0 angle=74092 target=73700 err=-392 steer=0 m1=-8846/-464063 i1=-138 t1=38 m2=8858/464063 i2=199 t2=37 steerMode=0/-70 iSteer=30592 driveMode=-464063/-465603 iDrive=-168414 scale=0 wheel=-1350000 ffS=0
2026-07-07T16:22:13.539+00:00 VCP run=1 step=0 angle=74004 target=73700 err=-304 steer=0 m1=-8850/-464063 i1=-106 t1=38 m2=8853/464063 i2=221 t2=37 steerMode=0/-631 iSteer=57597 driveMode=-464063/-465658 iDrive=-163886 scale=0 wheel=-1350000 ffS=0
2026-07-07T16:22:13.539+00:00 VCP run=1 step=0 angle=74619 target=73700 err=-919 steer=-1838 m1=-8867/-466590 i1=-232 t1=38 m2=8809/461535 i2=99 t2=37 steerMode=-2528/-713 iSteer=-66559 driveMode=-464063/-465502 iDrive=-165508 scale=0 wheel=-1350000 ffS=0
2026-07-07T16:22:13.643+00:00 VCP run=1 step=0 angle=74092 target=73700 err=-392 steer=0 m1=-8836/-464063 i1=-123 t1=38 m2=8849/464063 i2=211 t2=37 steerMode=0/-353 iSteer=44038 driveMode=-464063/-465377 iDrive=-166647 scale=0 wheel=-1350000 ffS=0
2026-07-07T16:22:13.743+00:00 VCP run=1 step=0 angle=74180 target=73700 err=-480 steer=0 m1=-8846/-464063 i1=-142 t1=38 m2=8824/464063 i2=202 t2=37 steerMode=0/-85 iSteer=30047 driveMode=-464063/-465134 iDrive=-171976 scale=0 wheel=-1350000 ffS=0
2026-07-07T16:22:13.743+00:00 VCP SET_TARGET_RX steer=73700 wheel=-1350000
2026-07-07T16:22:13.847+00:00 VCP run=1 step=0 angle=74092 target=73700 err=-392 steer=0 m1=-8856/-464063 i1=-95 t1=38 m2=8839/464063 i2=225 t2=37 steerMode=0/-809 iSteer=65263 driveMode=-464063/-465451 iDrive=-160015 scale=0 wheel=-1350000 ffS=0
2026-07-07T16:22:13.950+00:00 VCP run=1 step=0 angle=74180 target=73700 err=-480 steer=0 m1=-8859/-464063 i1=-77 t1=38 m2=8812/464063 i2=257 t2=37 steerMode=0/-1312 iSteer=89812 driveMode=-464063/-465161 iDrive=-167054 scale=0 wheel=-1350000 ffS=0
2026-07-07T16:22:14.054+00:00 VCP run=1 step=0 angle=74180 target=73700 err=-480 steer=0 m1=-8852/-464063 i1=-132 t1=38 m2=8839/464063 i2=199 t2=37 steerMode=0/-190 iSteer=33620 driveMode=-464063/-465218 iDrive=-165345 scale=0 wheel=-1350000 ffS=0
2026-07-07T16:22:14.219+00:00 VCP run=1 step=0 angle=74180 target=73700 err=-480 steer=0 m1=-8863/-464063 i1=-72 t1=38 m2=8820/464063 i2=260 t2=37 steerMode=0/-1435 iSteer=94398 driveMode=-464063/-465198 iDrive=-165941 scale=0 wheel=-1350000 ffS=0
2026-07-07T16:22:14.219+00:00 VCP run=1 step=0 angle=77080 target=167900 err=90820 steer=35400 m1=-7873/-371650 i1=2494 t1=38 m2=9115/469000 i2=713 t2=37 steerMode=48675/17764 iSteer=1603897 driveMode=-420325/-456678 iDrive=890598 scale=0 wheel=-1222764 ffS=0
2026-07-07T16:22:14.256+00:00 VCP SET_TARGET_RX steer=167900 wheel=-1350000
2026-07-07T16:22:14.438+00:00 VCP run=1 step=0 angle=102568 target=167900 err=65332 steer=40000 m1=-6741/-359000 i1=-379 t1=38 m2=8943/469000 i2=-27 t2=37 steerMode=55000/60537 iSteer=-202844 driveMode=-414000/-414805 iDrive=-175850 scale=0 wheel=-1204364 ffS=0
2026-07-07T16:22:14.439+00:00 VCP run=1 step=0 angle=126123 target=167900 err=41777 steer=40000 m1=-6852/-359000 i1=-40 t1=38 m2=8910/469000 i2=338 t2=37 steerMode=55000/53486 iSteer=148986 driveMode=-414000/-414372 iDrive=-189290 scale=0 wheel=-1204364 ffS=0
2026-07-07T16:22:14.541+00:00 VCP run=1 step=0 angle=149854 target=167900 err=18046 steer=36093 m1=-6856/-369744 i1=-493 t1=38 m2=8912/469000 i2=160 t2=37 steerMode=49628/54453 iSteer=-166584 driveMode=-419372/-415167 iDrive=-326459 scale=0 wheel=-1219992 ffS=0
2026-07-07T16:22:14.643+00:00 VCP run=1 step=0 angle=164268 target=167900 err=3632 steer=7265 m1=-8432/-449022 i1=-976 t1=38 m2=8738/469000 i2=434 t2=37 steerMode=9989/16015 iSteer=-271011 driveMode=-459011/-443468 iDrive=-705028 scale=0 wheel=-1335304 ffS=0
2026-07-07T16:22:14.742+00:00 VCP run=1 step=0 angle=166113 target=167900 err=1787 steer=3573 m1=-8746/-459149 i1=-174 t1=38 m2=8941/468976 i2=271 t2=37 steerMode=4914/4578 iSteer=48387 driveMode=-464063/-464869 iDrive=-222340 scale=0 wheel=-1350000 ffS=0
2026-07-07T16:22:14.743+00:00 VCP SET_TARGET_RX steer=167900 wheel=-1350000
2026-07-07T16:22:14.846+00:00 VCP run=1 step=0 angle=168047 target=167900 err=-147 steer=0 m1=-8869/-464063 i1=-180 t1=38 m2=8847/464063 i2=167 t2=37 steerMode=0/683 iSteer=-6445 driveMode=-464063/-466370 iDrive=-173762 scale=0 wheel=-1350000 ffS=0
2026-07-07T16:22:14.949+00:00 VCP run=1 step=0 angle=168135 target=167900 err=-235 steer=0 m1=-8863/-464063 i1=-125 t1=38 m2=8855/464063 i2=223 t2=37 steerMode=0/-397 iSteer=48721 driveMode=-464063/-466222 iDrive=-174051 scale=0 wheel=-1350000 ffS=0
2026-07-07T16:22:15.052+00:00 VCP run=1 step=0 angle=174375 target=217100 err=42725 steer=40000 m1=-7323/-359000 i1=1964 t1=38 m2=9188/469000 i2=399 t2=37 steerMode=55000/32982 iSteer=1181806 driveMode=-414000/-446751 iDrive=782407 scale=0 wheel=-1204364 ffS=0
2026-07-07T16:22:15.154+00:00 VCP run=1 step=0 angle=201973 target=217100 err=15127 steer=30255 m1=-6814/-385800 i1=-1442 t1=38 m2=8866/469000 i2=-100 t2=37 steerMode=41600/58513 iSteer=-770756 driveMode=-427400/-411827 iDrive=-671001 scale=0 wheel=-1243345 ffS=0
2026-07-07T16:22:15.253+00:00 VCP run=1 step=0 angle=213047 target=217100 err=4053 steer=8106 m1=-8476/-446708 i1=-552 t1=38 m2=8780/469000 i2=553 t2=37 steerMode=11146/11850 iSteer=184 driveMode=-457854/-447559 iDrive=-552347 scale=0 wheel=-1331939 ffS=0
2026-07-07T16:22:15.253+00:00 VCP SET_TARGET_RX steer=217100 wheel=-1350000
2026-07-07T16:22:15.438+00:00 VCP run=1 step=0 angle=215596 target=217100 err=1504 steer=3009 m1=-8783/-459926 i1=-212 t1=38 m2=8939/468199 i2=229 t2=37 steerMode=4137/4621 iSteer=8694 driveMode=-464063/-465065 iDrive=-220562 scale=0 wheel=-1350000 ffS=0
2026-07-07T16:22:15.438+00:00 VCP run=1 step=0 angle=217090 target=217100 err=10 steer=0 m1=-8875/-464063 i1=-158 t1=38 m2=8847/464063 i2=207 t2=37 steerMode=0/82 iSteer=24769 driveMode=-464063/-466211 iDrive=-182665 scale=0 wheel=-1350000 ffS=0
2026-07-07T16:22:15.541+00:00 VCP run=1 step=0 angle=217178 target=217100 err=-78 steer=0 m1=-8865/-464063 i1=-149 t1=38 m2=8860/464063 i2=226 t2=37 steerMode=0/-183 iSteer=38848 driveMode=-464063/-465929 iDrive=-187526 scale=0 wheel=-1350000 ffS=0
2026-07-07T16:22:15.644+00:00 VCP run=1 step=0 angle=217266 target=217100 err=-166 steer=0 m1=-8859/-464063 i1=-152 t1=38 m2=8855/464063 i2=226 t2=37 steerMode=0/-130 iSteer=36782 driveMode=-464063/-465763 iDrive=-189154 scale=0 wheel=-1350000 ffS=0
2026-07-07T16:22:15.744+00:00 VCP run=1 step=0 angle=217441 target=217100 err=-341 steer=0 m1=-8842/-464063 i1=-151 t1=38 m2=8841/464063 i2=239 t2=37 steerMode=0/-269 iSteer=43905 driveMode=-464063/-465478 iDrive=-194744 scale=0 wheel=-1350000 ffS=0
2026-07-07T16:22:15.744+00:00 VCP SET_TARGET_RX steer=217100 wheel=-1350000
2026-07-07T16:22:15.847+00:00 VCP run=1 step=0 angle=217617 target=217100 err=-517 steer=-1034 m1=-8873/-465485 i1=-177 t1=38 m2=8820/462640 i2=208 t2=37 steerMode=-1422/-1150 iSteer=15334 driveMode=-464063/-465459 iDrive=-192763 scale=0 wheel=-1350000 ffS=0
2026-07-07T16:22:15.950+00:00 VCP run=1 step=0 angle=217529 target=217100 err=-429 steer=0 m1=-8840/-464063 i1=-161 t1=38 m2=8835/464063 i2=220 t2=37 steerMode=0/22 iSteer=29569 driveMode=-464063/-465449 iDrive=-190554 scale=0 wheel=-1350000 ffS=0
2026-07-07T16:22:16.054+00:00 VCP run=1 step=0 angle=217178 target=217100 err=-78 steer=0 m1=-8844/-464063 i1=-126 t1=38 m2=8843/464063 i2=253 t2=37 steerMode=0/-660 iSteer=63063 driveMode=-464063/-465397 iDrive=-189536 scale=0 wheel=-1350000 ffS=0
2026-07-07T16:22:16.218+00:00 VCP run=1 step=0 angle=217617 target=217100 err=-517 steer=-1034 m1=-8873/-465485 i1=-186 t1=38 m2=8809/462640 i2=190 t2=37 steerMode=-1422/-883 iSteer=1739 driveMode=-464063/-465377 iDrive=-187836 scale=0 wheel=-1350000 ffS=0
2026-07-07T16:22:16.218+00:00 VCP run=1 step=0 angle=217617 target=244900 err=27283 steer=23400 m1=-8438/-404650 i1=1956 t1=38 m2=9000/469000 i2=794 t2=37 steerMode=32175/5640 iSteer=1375117 driveMode=-436825/-463392 iDrive=580979 scale=0 wheel=-1270764 ffS=0
2026-07-07T16:22:16.255+00:00 VCP SET_TARGET_RX steer=244900 wheel=-1350000
2026-07-07T16:22:16.438+00:00 VCP run=1 step=0 angle=237920 target=244900 err=6980 steer=13960 m1=-7440/-430610 i1=-2275 t1=38 m2=8862/469000 i2=-477 t2=37 steerMode=19195/47936 iSteer=-1375745 driveMode=-449805/-426772 iDrive=-899122 scale=0 wheel=-1308523 ffS=0
2026-07-07T16:22:16.438+00:00 VCP run=1 step=0 angle=241875 target=244900 err=3025 steer=6050 m1=-8630/-452362 i1=-94 t1=38 m2=8864/469000 i2=532 t2=37 steerMode=8319/4744 iSteer=218819 driveMode=-460681/-458090 iDrive=-312733 scale=0 wheel=-1340164 ffS=0
2026-07-07T16:22:16.541+00:00 VCP run=1 step=0 angle=244863 target=244900 err=37 steer=0 m1=-8838/-464063 i1=-307 t1=38 m2=8862/464063 i2=99 t2=37 steerMode=0/2753 iSteer=-103872 driveMode=-464063/-465210 iDrive=-202831 scale=0 wheel=-1350000 ffS=0
2026-07-07T16:22:16.645+00:00 VCP run=1 step=0 angle=244775 target=244900 err=125 steer=0 m1=-8854/-464063 i1=-132 t1=38 m2=8835/464063 i2=248 t2=37 steerMode=0/-490 iSteer=58114 driveMode=-464063/-465540 iDrive=-190151 scale=0 wheel=-1350000 ffS=0
2026-07-07T16:22:16.745+00:00 VCP run=1 step=0 angle=244951 target=244900 err=-51 steer=0 m1=-8848/-464063 i1=-163 t1=38 m2=8855/464063 i2=219 t2=37 steerMode=0/113 iSteer=28080 driveMode=-464063/-465427 iDrive=-191102 scale=0 wheel=-1350000 ffS=0
2026-07-07T16:22:16.745+00:00 VCP SET_TARGET_RX steer=244900 wheel=-1350000
2026-07-07T16:22:16.848+00:00 VCP run=1 step=0 angle=245303 target=244900 err=-403 steer=0 m1=-8848/-464063 i1=-158 t1=38 m2=8855/464063 i2=225 t2=37 steerMode=0/10 iSteer=33590 driveMode=-464063/-465348 iDrive=-191124 scale=0 wheel=-1350000 ffS=0
2026-07-07T16:22:16.951+00:00 VCP run=1 step=0 angle=246709 target=263600 err=16891 steer=33782 m1=-7942/-376099 i1=2407 t1=38 m2=9111/469000 i2=735 t2=37 steerMode=46450/16375 iSteer=1571165 driveMode=-422550/-457328 iDrive=835766 scale=0 wheel=-1229236 ffS=0
2026-07-07T16:22:17.053+00:00 VCP run=1 step=0 angle=262529 target=263600 err=1071 steer=2141 m1=-8576/-461118 i1=-1364 t1=38 m2=8699/467007 i2=123 t2=37 steerMode=2944/15877 iSteer=-620251 driveMode=-464063/-446797 iDrive=-743272 scale=0 wheel=-1350000 ffS=0
2026-07-07T16:22:17.219+00:00 VCP run=1 step=0 angle=261650 target=263600 err=1950 steer=3899 m1=-8708/-458277 i1=-100 t1=38 m2=8937/469000 i2=283 t2=37 steerMode=5361/4233 iSteer=91527 driveMode=-463639/-464921 iDrive=-191482 scale=0 wheel=-1348767 ffS=0
2026-07-07T16:22:17.219+00:00 VCP run=1 step=0 angle=263672 target=263600 err=-72 steer=0 m1=-8863/-464063 i1=-170 t1=38 m2=8820/464063 i2=234 t2=37 steerMode=0/-98 iSteer=32183 driveMode=-464063/-464948 iDrive=-201990 scale=0 wheel=-1350000 ffS=0
2026-07-07T16:22:17.337+00:00 VCP SET_TARGET_RX steer=263600 wheel=-1350000
2026-07-07T16:22:17.337+00:00 VCP run=1 step=0 angle=263848 target=263600 err=-248 steer=0 m1=-8840/-464063 i1=-153 t1=38 m2=8839/464063 i2=238 t2=37 steerMode=0/-275 iSteer=42440 driveMode=-464063/-465092 iDrive=-195817 scale=0 wheel=-1350000 ffS=0
2026-07-07T16:22:17.440+00:00 VCP run=1 step=0 angle=264023 target=263600 err=-423 steer=0 m1=-8854/-464063 i1=-140 t1=38 m2=8824/464063 i2=258 t2=37 steerMode=0/-609 iSteer=58795 driveMode=-464063/-464920 iDrive=-199088 scale=0 wheel=-1350000 ffS=0
2026-07-07T16:22:17.543+00:00 VCP run=1 step=0 angle=264111 target=263600 err=-511 steer=-600 m1=-8836/-464888 i1=-200 t1=38 m2=8816/463238 i2=191 t2=37 steerMode=-825/-153 iSteer=-4735 driveMode=-464063/-464977 iDrive=-195605 scale=0 wheel=-1350000 ffS=0
2026-07-07T16:22:17.647+00:00 VCP run=1 step=0 angle=263672 target=263600 err=-72 steer=0 m1=-8833/-464063 i1=-145 t1=38 m2=8828/464063 i2=252 t2=37 steerMode=0/-479 iSteer=53371 driveMode=-464063/-464834 iDrive=-198426 scale=0 wheel=-1350000 ffS=0
2026-07-07T16:22:17.746+00:00 VCP run=1 step=0 angle=263936 target=263600 err=-336 steer=0 m1=-8829/-464063 i1=-166 t1=38 m2=8830/464063 i2=223 t2=37 steerMode=0/30 iSteer=28249 driveMode=-464063/-464920 iDrive=-194263 scale=0 wheel=-1350000 ffS=0
2026-07-07T16:22:17.747+00:00 VCP SET_TARGET_RX steer=263600 wheel=-1350000
2026-07-07T16:22:17.850+00:00 VCP run=1 step=0 angle=263936 target=263600 err=-336 steer=0 m1=-8840/-464063 i1=-137 t1=39 m2=8824/464063 i2=248 t2=37 steerMode=0/-509 iSteer=55334 driveMode=-464063/-464930 iDrive=-192461 scale=0 wheel=-1350000 ffS=0
2026-07-07T16:22:17.952+00:00 VCP run=1 step=0 angle=264199 target=263600 err=-599 steer=-1198 m1=-8873/-465710 i1=-171 t1=39 m2=8799/462415 i2=217 t2=38 steerMode=-1648/-1542 iSteer=23088 driveMode=-464063/-464822 iDrive=-194339 scale=0 wheel=-1350000 ffS=0
2026-07-07T16:22:18.136+00:00 VCP run=1 step=0 angle=263760 target=263600 err=-160 steer=0 m1=-8836/-464063 i1=-170 t1=39 m2=8832/464063 i2=222 t2=38 steerMode=0/88 iSteer=26030 driveMode=-464063/-464729 iDrive=-195883 scale=0 wheel=-1350000 ffS=0
2026-07-07T16:22:18.137+00:00 VCP run=1 step=0 angle=264111 target=263600 err=-511 steer=-1023 m1=-8829/-465469 i1=-234 t1=39 m2=8824/462656 i2=171 t2=38 steerMode=-1406/-169 iSteer=-31338 driveMode=-464063/-464471 iDrive=-202568 scale=0 wheel=-1350000 ffS=0
2026-07-07T16:22:18.189+00:00 WEBUI STOP sequence start (manual STOP): coasting 1.0s before disable
2026-07-07T16:22:18.237+00:00 VCP run=1 step=0 angle=263760 target=263600 err=-160 steer=0 m1=-8833/-464063 i1=-121 t1=39 m2=8818/464063 i2=265 t2=38 steerMode=0/-818 iSteer=72187 driveMode=-464063/-464744 iDrive=-193267 scale=0 wheel=-1350000 ffS=0
2026-07-07T16:22:18.237+00:00 VCP SET_TARGET_RX steer=263600 wheel=0
2026-07-07T16:22:18.339+00:00 VCP run=1 step=0 angle=264199 target=263600 err=-599 steer=-1198 m1=-8580/-412085 i1=1255 t1=39 m2=8533/408790 i2=-1272 t2=38 steerMode=-1648/-859 iSteer=-8779 driveMode=-410438/-459226 iDrive=1263644 scale=0 wheel=-1194000 ffS=0
2026-07-07T16:22:18.442+00:00 VCP run=1 step=0 angle=264023 target=263600 err=-423 steer=0 m1=-6609/-285313 i1=2411 t1=39 m2=6654/285313 i2=-2528 t2=38 steerMode=0/1765 iSteer=-58649 driveMode=-285313/-374307 iDrive=2469834 scale=0 wheel=-830000 ffS=0
2026-07-07T16:22:18.545+00:00 VCP run=1 step=0 angle=264287 target=263600 err=-687 steer=-1374 m1=-3956/-162077 i1=2052 t1=39 m2=3883/158298 i2=-2053 t2=38 steerMode=-1890/-1368 iSteer=-556 driveMode=-160188/-235256 iDrive=2052059 scale=0 wheel=-466000 ffS=0
2026-07-07T16:22:18.648+00:00 VCP run=1 step=0 angle=263848 target=263600 err=-248 steer=0 m1=-1367/-35063 i1=1732 t1=39 m2=1435/35063 i2=-1824 t2=38 steerMode=0/1448 iSteer=-45668 driveMode=-35063/-100992 iDrive=1777899 scale=0 wheel=-102000 ffS=0
2026-07-07T16:22:18.751+00:00 VCP run=1 step=0 angle=263936 target=263600 err=-336 steer=0 m1=-40/0 i1=-10 t1=39 m2=-34/0 i2=152 t2=38 steerMode=0/-883 iSteer=70839 driveMode=0/-2882 iDrive=-80687 scale=0 wheel=0 ffS=0
2026-07-07T16:22:18.751+00:00 VCP SET_TARGET_RX steer=263600 wheel=0
2026-07-07T16:22:18.942+00:00 VCP run=1 step=0 angle=263848 target=263600 err=-248 steer=0 m1=0/0 i1=-134 t1=39 m2=-9/0 i2=198 t2=38 steerMode=0/-86 iSteer=32201 driveMode=0/-2 iDrive=-165789 scale=0 wheel=0 ffS=0
2026-07-07T16:22:18.942+00:00 VCP run=1 step=0 angle=263848 target=263600 err=-248 steer=0 m1=0/0 i1=-138 t1=39 m2=0/0 i2=194 t2=38 steerMode=0/-3 iSteer=28187 driveMode=0/2 iDrive=-165978 scale=0 wheel=0 ffS=0
2026-07-07T16:22:19.049+00:00 VCP run=1 step=0 angle=263848 target=263600 err=-248 steer=0 m1=0/0 i1=-138 t1=39 m2=0/0 i2=194 t2=38 steerMode=0/0 iSteer=28046 driveMode=0/0 iDrive=-165921 scale=0 wheel=0 ffS=0
2026-07-07T16:22:19.190+00:00 WEBUI STOP sequence complete (manual STOP)
2026-07-07T16:22:19.195+00:00 VCP run=1 step=0 angle=263848 target=263600 err=-248 steer=0 m1=0/0 i1=-138 t1=39 m2=0/0 i2=194 t2=38 steerMode=0/0 iSteer=28045 driveMode=0/0 iDrive=-165920 scale=0 wheel=0 ffS=0
2026-07-07T16:22:19.195+00:00 VCP run=1 step=0 angle=263848 target=263600 err=-248 steer=0 m1=0/0 i1=-138 t1=39 m2=0/0 i2=194 t2=38 steerMode=0/0 iSteer=28045 driveMode=0/0 iDrive=-165920 scale=0 wheel=0 ffS=0
2026-07-07T16:22:19.195+00:00 VCP UNIT_CTRL enable=0
2026-07-07T16:22:19.195+00:00 VCP UNIT_CTRL enable=0
2026-07-07T16:22:19.395+00:00 VCP STOP: disabled
2026-07-07T16:22:19.395+00:00 VCP SET_TARGET_RX steer=263600 wheel=0
2026-07-07T16:22:19.796+00:00 VCP idle angle=263848 amtOk=1
2026-07-07T16:22:19.796+00:00 VCP SET_TARGET_RX steer=263600 wheel=0
2026-07-07T16:22:20.196+00:00 VCP idle angle=263848 amtOk=1
2026-07-07T16:22:20.396+00:00 VCP SET_TARGET_RX steer=263600 wheel=0
2026-07-07T16:22:20.797+00:00 VCP idle angle=263848 amtOk=1
2026-07-07T16:22:20.797+00:00 VCP SET_TARGET_RX steer=263600 wheel=0
2026-07-07T16:22:21.197+00:00 VCP idle angle=263848 amtOk=1
2026-07-07T16:22:21.398+00:00 VCP SET_TARGET_RX steer=263600 wheel=0
2026-07-07T16:22:21.798+00:00 VCP idle angle=263848 amtOk=1
2026-07-07T16:22:21.798+00:00 VCP SET_TARGET_RX steer=263600 wheel=0
2026-07-07T16:22:22.199+00:00 VCP idle angle=263760 amtOk=1
2026-07-07T16:22:22.399+00:00 VCP SET_TARGET_RX steer=263600 wheel=0
2026-07-07T16:22:22.800+00:00 VCP idle angle=263672 amtOk=1
2026-07-07T16:22:22.800+00:00 VCP SET_TARGET_RX steer=263600 wheel=0
2026-07-07T16:22:23.200+00:00 VCP idle angle=263672 amtOk=1
2026-07-07T16:22:23.400+00:00 VCP SET_TARGET_RX steer=263600 wheel=0
2026-07-07T16:22:23.572+00:00 WEBUI enable sent (seeded steer target=263.672deg)
2026-07-07T16:22:23.601+00:00 VCP UNIT_CTRL enable=1
2026-07-07T16:22:23.801+00:00 VCP SET_TARGET_FF_RX steerRate=120000 wheelAccel=0
2026-07-07T16:22:23.801+00:00 VCP idle angle=263672 amtOk=1
2026-07-07T16:22:23.801+00:00 VCP SET_TARGET_RX steer=280476 wheel=1300000
2026-07-07T16:22:24.201+00:00 VCP SET_TARGET_FF_RX steerRate=120000 wheelAccel=0
2026-07-07T16:22:24.201+00:00 VCP idle angle=263584 amtOk=1
2026-07-07T16:22:24.402+00:00 VCP SET_TARGET_RX steer=308584 wheel=1300000
2026-07-07T16:22:24.802+00:00 VCP SET_TARGET_FF_RX steerRate=120000 wheelAccel=0
2026-07-07T16:22:24.802+00:00 VCP idle angle=263672 amtOk=1
2026-07-07T16:22:24.802+00:00 VCP SET_TARGET_RX steer=310972 wheel=1300000
2026-07-07T16:22:25.202+00:00 VCP SET_TARGET_FF_RX steerRate=120000 wheelAccel=0
2026-07-07T16:22:25.203+00:00 VCP idle angle=263672 amtOk=1
2026-07-07T16:22:25.403+00:00 VCP SET_TARGET_RX steer=308672 wheel=1300000
2026-07-07T16:22:25.603+00:00 VCP SET_TARGET_FF_RX steerRate=120000 wheelAccel=0
2026-07-07T16:22:25.803+00:00 VCP idle angle=263584 amtOk=1
2026-07-07T16:22:25.803+00:00 VCP SET_TARGET_RX steer=311088 wheel=1300000
2026-07-07T16:22:26.204+00:00 VCP SET_TARGET_FF_RX steerRate=120000 wheelAccel=0
2026-07-07T16:22:26.204+00:00 VCP idle angle=263672 amtOk=1
2026-07-07T16:22:26.404+00:00 VCP SET_TARGET_RX steer=308672 wheel=1300000
2026-07-07T16:22:26.604+00:00 VCP SET_TARGET_FF_RX steerRate=120000 wheelAccel=0
2026-07-07T16:22:26.804+00:00 VCP idle angle=263672 amtOk=1
2026-07-07T16:22:26.805+00:00 VCP SET_TARGET_RX steer=311067 wheel=1300000
2026-07-07T16:22:27.205+00:00 VCP SET_TARGET_FF_RX steerRate=120000 wheelAccel=0
2026-07-07T16:22:27.205+00:00 VCP idle angle=263672 amtOk=1
2026-07-07T16:22:27.405+00:00 VCP SET_TARGET_RX steer=308672 wheel=1300000
2026-07-07T16:22:27.806+00:00 VCP SET_TARGET_FF_RX steerRate=120000 wheelAccel=0
2026-07-07T16:22:27.806+00:00 VCP idle angle=263672 amtOk=1
2026-07-07T16:22:27.806+00:00 VCP SET_TARGET_RX steer=311072 wheel=1300000
2026-07-07T16:22:28.206+00:00 VCP SET_TARGET_FF_RX steerRate=120000 wheelAccel=0
2026-07-07T16:22:28.206+00:00 VCP idle angle=263584 amtOk=1
2026-07-07T16:22:28.407+00:00 VCP SET_TARGET_RX steer=308584 wheel=1300000
2026-07-07T16:22:28.807+00:00 VCP SET_TARGET_FF_RX steerRate=120000 wheelAccel=0
2026-07-07T16:22:28.807+00:00 VCP idle angle=263672 amtOk=1
2026-07-07T16:22:28.807+00:00 VCP SET_TARGET_RX steer=310990 wheel=1300000
2026-07-07T16:22:29.208+00:00 VCP SET_TARGET_FF_RX steerRate=120000 wheelAccel=0
2026-07-07T16:22:29.208+00:00 VCP idle angle=263672 amtOk=1
2026-07-07T16:22:29.408+00:00 VCP SET_TARGET_RX steer=308672 wheel=1300000
2026-07-07T16:22:29.746+00:00 WEBUI STOP sequence start (manual STOP): coasting 1.0s before disable
2026-07-07T16:22:29.809+00:00 VCP SET_TARGET_FF_RX steerRate=120000 wheelAccel=0
2026-07-07T16:22:29.809+00:00 VCP idle angle=263584 amtOk=1
2026-07-07T16:22:29.809+00:00 VCP SET_TARGET_RX steer=311073 wheel=1300000
2026-07-07T16:22:30.209+00:00 VCP idle angle=263584 amtOk=1
2026-07-07T16:22:30.410+00:00 VCP SET_TARGET_RX steer=313470 wheel=0
2026-07-07T16:22:30.747+00:00 WEBUI STOP sequence complete (manual STOP)
2026-07-07T16:22:30.810+00:00 VCP idle angle=263672 amtOk=1
2026-07-07T16:22:30.810+00:00 VCP SET_TARGET_RX steer=313470 wheel=0
2026-07-07T16:22:30.810+00:00 VCP UNIT_CTRL enable=0
2026-07-07T16:22:30.810+00:00 VCP UNIT_CTRL enable=0
2026-07-07T16:22:31.211+00:00 VCP idle angle=263672 amtOk=1
2026-07-07T16:22:31.411+00:00 VCP SET_TARGET_RX steer=313470 wheel=0
2026-07-07T16:22:31.812+00:00 VCP idle angle=263672 amtOk=1
2026-07-07T16:22:31.812+00:00 VCP SET_TARGET_RX steer=313470 wheel=0
2026-07-07T16:22:32.212+00:00 VCP idle angle=263672 amtOk=1
2026-07-07T16:22:32.412+00:00 VCP SET_TARGET_RX steer=313470 wheel=0
2026-07-07T16:22:32.813+00:00 VCP idle angle=263672 amtOk=1
2026-07-07T16:22:32.813+00:00 VCP SET_TARGET_RX steer=313470 wheel=0
2026-07-07T16:22:33.213+00:00 VCP idle angle=263672 amtOk=1
2026-07-07T16:22:33.414+00:00 VCP SET_TARGET_RX steer=313470 wheel=0
2026-07-07T16:22:33.814+00:00 VCP idle angle=263672 amtOk=1
2026-07-07T16:22:33.814+00:00 VCP SET_TARGET_RX steer=313470 wheel=0
2026-07-07T16:22:34.215+00:00 VCP idle angle=263672 amtOk=1
2026-07-07T16:22:34.415+00:00 VCP SET_TARGET_RX steer=313470 wheel=0
2026-07-07T16:22:34.816+00:00 VCP idle angle=263672 amtOk=1
2026-07-07T16:22:34.816+00:00 VCP SET_TARGET_RX steer=313470 wheel=0
2026-07-07T16:22:35.216+00:00 VCP idle angle=263672 amtOk=1
2026-07-07T16:22:35.417+00:00 VCP SET_TARGET_RX steer=313470 wheel=0
2026-07-07T16:22:35.817+00:00 VCP idle angle=263672 amtOk=1
2026-07-07T16:22:35.817+00:00 VCP SET_TARGET_RX steer=313470 wheel=0
2026-07-07T16:22:36.218+00:00 VCP idle angle=263672 amtOk=1
2026-07-07T16:22:36.418+00:00 VCP SET_TARGET_RX steer=313470 wheel=0
2026-07-07T16:22:36.818+00:00 VCP idle angle=263672 amtOk=1
2026-07-07T16:22:36.818+00:00 VCP SET_TARGET_RX steer=313470 wheel=0
2026-07-07T16:22:37.219+00:00 VCP idle angle=263672 amtOk=1
2026-07-07T16:22:37.419+00:00 VCP SET_TARGET_RX steer=313470 wheel=0
2026-07-07T16:22:37.820+00:00 VCP idle angle=263672 amtOk=1
2026-07-07T16:22:37.820+00:00 VCP SET_TARGET_RX steer=313470 wheel=0
2026-07-07T16:22:38.086+00:00 WEBUI enable sent (seeded steer target=263.672deg)
2026-07-07T16:22:38.220+00:00 VCP UNIT_CTRL enable=1
2026-07-07T16:22:38.220+00:00 VCP idle angle=263672 amtOk=1
2026-07-07T16:22:38.421+00:00 VCP SET_TARGET_RX steer=263672 wheel=0
2026-07-07T16:22:38.821+00:00 VCP idle angle=263672 amtOk=1
2026-07-07T16:22:38.821+00:00 VCP SET_TARGET_RX steer=263672 wheel=0
2026-07-07T16:22:39.222+00:00 VCP idle angle=263672 amtOk=1
2026-07-07T16:22:39.222+00:00 VCP SET_TARGET_RX steer=263672 wheel=0
2026-07-07T16:22:39.823+00:00 VCP idle angle=263672 amtOk=1
2026-07-07T16:22:39.823+00:00 VCP SET_TARGET_RX steer=263672 wheel=0
2026-07-07T16:22:40.223+00:00 VCP idle angle=263672 amtOk=1
2026-07-07T16:22:40.223+00:00 VCP SET_TARGET_RX steer=263672 wheel=0
2026-07-07T16:22:40.824+00:00 VCP idle angle=263672 amtOk=1
2026-07-07T16:22:40.824+00:00 VCP SET_TARGET_RX steer=263672 wheel=0
2026-07-07T16:22:41.224+00:00 VCP idle angle=263672 amtOk=1
2026-07-07T16:22:41.225+00:00 VCP SET_TARGET_RX steer=263672 wheel=0
2026-07-07T16:22:41.825+00:00 VCP idle angle=263672 amtOk=1
2026-07-07T16:22:41.825+00:00 VCP SET_TARGET_RX steer=263672 wheel=-105000
2026-07-07T16:22:42.226+00:00 VCP idle angle=263672 amtOk=1
2026-07-07T16:22:42.226+00:00 VCP SET_TARGET_RX steer=263672 wheel=-105000
2026-07-07T16:22:42.827+00:00 VCP idle angle=263672 amtOk=1
2026-07-07T16:22:42.827+00:00 VCP SET_TARGET_RX steer=263672 wheel=-105000
2026-07-07T16:22:42.875+00:00 WEBUI enable sent (seeded steer target=263.672deg)
2026-07-07T16:22:43.027+00:00 VCP UNIT_CTRL enable=1
2026-07-07T16:22:43.227+00:00 VCP idle angle=263672 amtOk=1
2026-07-07T16:22:43.227+00:00 VCP SET_TARGET_RX steer=263672 wheel=-105000
2026-07-07T16:22:43.828+00:00 VCP idle angle=263672 amtOk=1
2026-07-07T16:22:43.828+00:00 VCP SET_TARGET_RX steer=263672 wheel=-105000
2026-07-07T16:22:44.228+00:00 VCP idle angle=263672 amtOk=1
2026-07-07T16:22:44.228+00:00 VCP SET_TARGET_FF_RX steerRate=-5000 wheelAccel=0
2026-07-07T16:22:44.228+00:00 VCP SET_TARGET_RX steer=263372 wheel=-105000
2026-07-07T16:22:44.829+00:00 VCP idle angle=263672 amtOk=1
2026-07-07T16:22:44.829+00:00 VCP SET_TARGET_FF_RX steerRate=-15000 wheelAccel=0
2026-07-07T16:22:44.829+00:00 VCP SET_TARGET_RX steer=256973 wheel=-105000
2026-07-07T16:22:45.230+00:00 VCP idle angle=263672 amtOk=1
2026-07-07T16:22:45.230+00:00 VCP SET_TARGET_FF_RX steerRate=-15000 wheelAccel=0
2026-07-07T16:22:45.230+00:00 VCP SET_TARGET_RX steer=249473 wheel=-105000
2026-07-07T16:22:45.831+00:00 VCP idle angle=263672 amtOk=1
2026-07-07T16:22:45.831+00:00 VCP SET_TARGET_FF_RX steerRate=-15000 wheelAccel=0
2026-07-07T16:22:45.831+00:00 VCP SET_TARGET_RX steer=241973 wheel=-105000
2026-07-07T16:22:46.231+00:00 VCP idle angle=263672 amtOk=1
2026-07-07T16:22:46.231+00:00 VCP SET_TARGET_FF_RX steerRate=-15000 wheelAccel=0
2026-07-07T16:22:46.231+00:00 VCP SET_TARGET_RX steer=228602 wheel=-105000
2026-07-07T16:22:46.832+00:00 VCP idle angle=263672 amtOk=1
2026-07-07T16:22:46.832+00:00 VCP SET_TARGET_FF_RX steerRate=-15000 wheelAccel=0
2026-07-07T16:22:46.832+00:00 VCP SET_TARGET_RX steer=221100 wheel=-105000
2026-07-07T16:22:47.232+00:00 VCP idle angle=263672 amtOk=1
2026-07-07T16:22:47.232+00:00 VCP SET_TARGET_FF_RX steerRate=-15000 wheelAccel=0
2026-07-07T16:22:47.232+00:00 VCP SET_TARGET_RX steer=218672 wheel=-105000
2026-07-07T16:22:47.833+00:00 VCP idle angle=263584 amtOk=1
2026-07-07T16:22:47.833+00:00 VCP SET_TARGET_FF_RX steerRate=-15000 wheelAccel=0
2026-07-07T16:22:47.833+00:00 VCP SET_TARGET_RX steer=218672 wheel=-70000
2026-07-07T16:22:48.234+00:00 VCP idle angle=263672 amtOk=1
2026-07-07T16:22:48.234+00:00 VCP SET_TARGET_FF_RX steerRate=-15000 wheelAccel=0
2026-07-07T16:22:48.234+00:00 VCP SET_TARGET_RX steer=218584 wheel=-70000
2026-07-07T16:22:48.634+00:00 VCP idle angle=263672 amtOk=1
2026-07-07T16:22:48.834+00:00 VCP SET_TARGET_FF_RX steerRate=-15000 wheelAccel=0
2026-07-07T16:22:48.834+00:00 VCP SET_TARGET_RX steer=218672 wheel=15000
2026-07-07T16:22:49.235+00:00 VCP idle angle=263672 amtOk=1
2026-07-07T16:22:49.235+00:00 VCP SET_TARGET_FF_RX steerRate=-15000 wheelAccel=0
2026-07-07T16:22:49.235+00:00 VCP SET_TARGET_RX steer=217172 wheel=160000
2026-07-07T16:22:49.635+00:00 VCP idle angle=263672 amtOk=1
2026-07-07T16:22:49.836+00:00 VCP SET_TARGET_FF_RX steerRate=-15000 wheelAccel=0
2026-07-07T16:22:49.836+00:00 VCP SET_TARGET_RX steer=218672 wheel=160000
2026-07-07T16:22:50.207+00:00 WEBUI enable sent (seeded steer target=263.672deg)
2026-07-07T16:22:50.236+00:00 VCP idle angle=263672 amtOk=1
2026-07-07T16:22:50.236+00:00 VCP SET_TARGET_FF_RX steerRate=-15000 wheelAccel=0
2026-07-07T16:22:50.236+00:00 VCP UNIT_CTRL enable=1
2026-07-07T16:22:50.236+00:00 VCP SET_TARGET_RX steer=262472 wheel=160000
2026-07-07T16:22:50.637+00:00 VCP idle angle=263672 amtOk=1
2026-07-07T16:22:50.837+00:00 VCP SET_TARGET_FF_RX steerRate=-15000 wheelAccel=0
2026-07-07T16:22:50.837+00:00 VCP SET_TARGET_RX steer=254972 wheel=160000
2026-07-07T16:22:51.087+00:00 WEBUI emergency disable sent
2026-07-07T16:22:51.237+00:00 VCP UNIT_CTRL enable=0
2026-07-07T16:22:51.238+00:00 VCP UNIT_CTRL enable=0
2026-07-07T16:22:51.238+00:00 VCP idle angle=263672 amtOk=1
2026-07-07T16:22:51.238+00:00 VCP SET_TARGET_RX steer=249571 wheel=0
2026-07-07T16:22:51.638+00:00 VCP idle angle=263672 amtOk=1
2026-07-07T16:22:51.838+00:00 VCP SET_TARGET_RX steer=249571 wheel=0
2026-07-07T16:22:52.238+00:00 VCP idle angle=263672 amtOk=1
2026-07-07T16:22:52.239+00:00 VCP SET_TARGET_RX steer=249571 wheel=0
2026-07-07T16:22:52.639+00:00 VCP idle angle=263672 amtOk=1
2026-07-07T16:22:52.673+00:00 WEBUI enable sent (seeded steer target=263.672deg)
2026-07-07T16:22:52.839+00:00 VCP UNIT_CTRL enable=1
2026-07-07T16:22:52.839+00:00 VCP SET_TARGET_RX steer=263672 wheel=0
2026-07-07T16:22:53.240+00:00 VCP idle angle=263584 amtOk=1
2026-07-07T16:22:53.240+00:00 VCP SET_TARGET_RX steer=263672 wheel=0
2026-07-07T16:22:53.640+00:00 VCP idle angle=263672 amtOk=1
2026-07-07T16:22:53.840+00:00 VCP SET_TARGET_RX steer=263672 wheel=0
2026-07-07T16:22:54.241+00:00 VCP idle angle=263584 amtOk=1
2026-07-07T16:22:54.241+00:00 VCP SET_TARGET_RX steer=263672 wheel=0
2026-07-07T16:22:54.641+00:00 VCP idle angle=263672 amtOk=1
2026-07-07T16:22:54.842+00:00 VCP SET_TARGET_RX steer=263672 wheel=45000
2026-07-07T16:22:55.242+00:00 VCP idle angle=263584 amtOk=1
2026-07-07T16:22:55.242+00:00 VCP SET_TARGET_RX steer=263672 wheel=45000
2026-07-07T16:22:55.643+00:00 VCP idle angle=263672 amtOk=1
2026-07-07T16:22:55.843+00:00 VCP SET_TARGET_RX steer=200200 wheel=45000
2026-07-07T16:22:56.244+00:00 VCP idle angle=263672 amtOk=1
2026-07-07T16:22:56.244+00:00 VCP SET_TARGET_RX steer=165900 wheel=45000
2026-07-07T16:22:56.644+00:00 VCP idle angle=263672 amtOk=1
2026-07-07T16:22:56.844+00:00 VCP SET_TARGET_RX steer=156000 wheel=45000
2026-07-07T16:22:57.245+00:00 VCP idle angle=263672 amtOk=1
2026-07-07T16:22:57.245+00:00 VCP SET_TARGET_RX steer=156000 wheel=45000
2026-07-07T16:22:57.645+00:00 VCP idle angle=263672 amtOk=1
2026-07-07T16:22:57.846+00:00 VCP SET_TARGET_RX steer=156000 wheel=45000
2026-07-07T16:22:58.246+00:00 VCP idle angle=263672 amtOk=1
2026-07-07T16:22:58.246+00:00 VCP SET_TARGET_RX steer=156000 wheel=45000
2026-07-07T16:22:58.647+00:00 VCP idle angle=263672 amtOk=1
2026-07-07T16:22:58.847+00:00 VCP SET_TARGET_RX steer=156000 wheel=45000
2026-07-07T16:22:59.247+00:00 VCP idle angle=263672 amtOk=1
2026-07-07T16:22:59.247+00:00 VCP SET_TARGET_RX steer=156000 wheel=45000
2026-07-07T16:22:59.648+00:00 VCP idle angle=263672 amtOk=1
2026-07-07T16:22:59.848+00:00 VCP SET_TARGET_RX steer=156000 wheel=45000
2026-07-07T16:23:00.248+00:00 VCP idle angle=263584 amtOk=1
2026-07-07T16:23:00.249+00:00 VCP SET_TARGET_RX steer=156000 wheel=45000
2026-07-07T16:23:00.649+00:00 VCP idle angle=263672 amtOk=1
2026-07-07T16:23:00.849+00:00 VCP SET_TARGET_RX steer=156000 wheel=45000
2026-07-07T16:23:01.250+00:00 VCP idle angle=263672 amtOk=1
2026-07-07T16:23:01.250+00:00 VCP SET_TARGET_RX steer=156000 wheel=45000
2026-07-07T16:23:01.650+00:00 VCP idle angle=263672 amtOk=1
2026-07-07T16:23:01.850+00:00 VCP SET_TARGET_RX steer=156000 wheel=45000
2026-07-07T16:23:02.251+00:00 VCP idle angle=263672 amtOk=1
2026-07-07T16:23:02.251+00:00 VCP SET_TARGET_RX steer=156000 wheel=45000
2026-07-07T16:23:02.651+00:00 VCP idle angle=263672 amtOk=1
2026-07-07T16:23:02.852+00:00 VCP SET_TARGET_RX steer=156000 wheel=45000
2026-07-07T16:23:03.252+00:00 VCP idle angle=263672 amtOk=1
2026-07-07T16:23:03.252+00:00 VCP SET_TARGET_RX steer=156000 wheel=45000
2026-07-07T16:23:03.653+00:00 VCP idle angle=263672 amtOk=1
2026-07-07T16:23:03.853+00:00 VCP SET_TARGET_RX steer=156000 wheel=45000
2026-07-07T16:23:04.254+00:00 VCP idle angle=263672 amtOk=1
2026-07-07T16:23:04.254+00:00 VCP SET_TARGET_RX steer=156000 wheel=45000
2026-07-07T16:23:04.654+00:00 VCP idle angle=263672 amtOk=1
2026-07-07T16:23:04.854+00:00 VCP SET_TARGET_RX steer=156000 wheel=45000
2026-07-07T16:23:05.255+00:00 VCP idle angle=263672 amtOk=1
2026-07-07T16:23:05.255+00:00 VCP SET_TARGET_RX steer=156000 wheel=45000
2026-07-07T16:23:05.656+00:00 VCP idle angle=263672 amtOk=1
2026-07-07T16:23:05.856+00:00 VCP SET_TARGET_RX steer=156000 wheel=45000
2026-07-07T16:23:06.257+00:00 VCP idle angle=263320 amtOk=1
2026-07-07T16:23:06.257+00:00 VCP SET_TARGET_RX steer=156000 wheel=45000
2026-07-07T16:23:06.657+00:00 VCP idle angle=240996 amtOk=1
2026-07-07T16:23:06.858+00:00 VCP SET_TARGET_RX steer=156000 wheel=45000
2026-07-07T16:23:07.258+00:00 VCP idle angle=240293 amtOk=1
2026-07-07T16:23:07.258+00:00 VCP SET_TARGET_RX steer=156000 wheel=45000
2026-07-07T16:23:07.659+00:00 VCP idle angle=240293 amtOk=1
2026-07-07T16:23:07.859+00:00 VCP SET_TARGET_RX steer=156000 wheel=45000
2026-07-07T16:23:08.260+00:00 VCP idle angle=260068 amtOk=1
2026-07-07T16:23:08.260+00:00 VCP SET_TARGET_RX steer=156000 wheel=45000
2026-07-07T16:23:08.660+00:00 VCP idle angle=260332 amtOk=1
2026-07-07T16:23:08.861+00:00 VCP SET_TARGET_RX steer=156000 wheel=45000
2026-07-07T16:23:09.261+00:00 VCP idle angle=282656 amtOk=1
2026-07-07T16:23:09.261+00:00 VCP SET_TARGET_RX steer=156000 wheel=45000
2026-07-07T16:23:09.662+00:00 VCP idle angle=277383 amtOk=1
2026-07-07T16:23:09.862+00:00 VCP SET_TARGET_RX steer=156000 wheel=45000
2026-07-07T16:23:10.263+00:00 VCP idle angle=277295 amtOk=1
2026-07-07T16:23:10.263+00:00 VCP SET_TARGET_RX steer=156000 wheel=45000
2026-07-07T16:23:10.663+00:00 VCP idle angle=277383 amtOk=1
2026-07-07T16:23:10.864+00:00 VCP SET_TARGET_RX steer=156000 wheel=45000
2026-07-07T16:23:11.264+00:00 VCP idle angle=277383 amtOk=1
2026-07-07T16:23:11.265+00:00 VCP SET_TARGET_RX steer=156000 wheel=45000
2026-07-07T16:23:11.665+00:00 VCP idle angle=287842 amtOk=1
2026-07-07T16:23:11.866+00:00 VCP SET_TARGET_RX steer=156000 wheel=45000
2026-07-07T16:23:12.266+00:00 VCP idle angle=287842 amtOk=1
2026-07-07T16:23:12.266+00:00 VCP SET_TARGET_RX steer=156000 wheel=45000
2026-07-07T16:23:12.667+00:00 VCP idle angle=287842 amtOk=1
2026-07-07T16:23:12.867+00:00 VCP SET_TARGET_RX steer=156000 wheel=45000
2026-07-07T16:23:13.267+00:00 VCP idle angle=287842 amtOk=1
2026-07-07T16:23:13.267+00:00 VCP SET_TARGET_RX steer=156000 wheel=45000
2026-07-07T16:23:13.668+00:00 VCP idle angle=287842 amtOk=1
2026-07-07T16:23:13.868+00:00 VCP SET_TARGET_RX steer=156000 wheel=45000
2026-07-07T16:23:14.269+00:00 VCP idle angle=287842 amtOk=1
2026-07-07T16:23:14.269+00:00 VCP SET_TARGET_RX steer=156000 wheel=45000
2026-07-07T16:23:14.670+00:00 VCP idle angle=287842 amtOk=1
2026-07-07T16:23:14.870+00:00 VCP SET_TARGET_RX steer=156000 wheel=45000
2026-07-07T16:23:15.271+00:00 VCP idle angle=287842 amtOk=1
2026-07-07T16:23:15.271+00:00 VCP SET_TARGET_RX steer=156000 wheel=45000
2026-07-07T16:23:15.671+00:00 VCP idle angle=287842 amtOk=1
2026-07-07T16:23:15.872+00:00 VCP SET_TARGET_RX steer=156000 wheel=45000
2026-07-07T16:23:16.272+00:00 VCP idle angle=287842 amtOk=1
2026-07-07T16:23:16.272+00:00 VCP SET_TARGET_RX steer=156000 wheel=45000
2026-07-07T16:23:16.673+00:00 VCP idle angle=287842 amtOk=1
2026-07-07T16:23:16.873+00:00 VCP SET_TARGET_RX steer=156000 wheel=45000
2026-07-07T16:23:17.274+00:00 VCP idle angle=287842 amtOk=1
2026-07-07T16:23:17.274+00:00 VCP SET_TARGET_RX steer=156000 wheel=45000
2026-07-07T16:23:17.674+00:00 VCP idle angle=287842 amtOk=1
2026-07-07T16:23:17.874+00:00 VCP SET_TARGET_RX steer=156000 wheel=45000
2026-07-07T16:23:18.275+00:00 VCP idle angle=287842 amtOk=1
2026-07-07T16:23:18.275+00:00 VCP SET_TARGET_RX steer=156000 wheel=45000
2026-07-07T16:23:18.675+00:00 VCP idle angle=287842 amtOk=1
2026-07-07T16:23:18.876+00:00 VCP SET_TARGET_RX steer=156000 wheel=45000
2026-07-07T16:23:19.276+00:00 VCP idle angle=287842 amtOk=1
2026-07-07T16:23:19.277+00:00 VCP SET_TARGET_RX steer=156000 wheel=45000
2026-07-07T16:23:19.677+00:00 VCP idle angle=287842 amtOk=1
2026-07-07T16:23:19.877+00:00 VCP SET_TARGET_RX steer=156000 wheel=45000
2026-07-07T16:23:20.278+00:00 VCP idle angle=287842 amtOk=1
2026-07-07T16:23:20.278+00:00 VCP SET_TARGET_RX steer=156000 wheel=45000
2026-07-07T16:23:20.678+00:00 VCP idle angle=287842 amtOk=1
2026-07-07T16:23:20.878+00:00 VCP SET_TARGET_RX steer=156000 wheel=45000
2026-07-07T16:23:21.279+00:00 VCP idle angle=287842 amtOk=1
2026-07-07T16:23:21.279+00:00 VCP SET_TARGET_RX steer=156000 wheel=45000
2026-07-07T16:23:21.679+00:00 VCP idle angle=287842 amtOk=1
2026-07-07T16:23:21.880+00:00 VCP SET_TARGET_RX steer=156000 wheel=45000
2026-07-07T16:23:22.280+00:00 VCP idle angle=287842 amtOk=1
2026-07-07T16:23:22.280+00:00 VCP SET_TARGET_RX steer=156000 wheel=45000
2026-07-07T16:23:22.681+00:00 VCP idle angle=287842 amtOk=1
2026-07-07T16:23:22.881+00:00 VCP SET_TARGET_RX steer=156000 wheel=45000
2026-07-07T16:23:23.282+00:00 VCP idle angle=287842 amtOk=1
2026-07-07T16:23:23.282+00:00 VCP SET_TARGET_RX steer=156000 wheel=45000
2026-07-07T16:23:23.682+00:00 VCP idle angle=287842 amtOk=1
2026-07-07T16:23:23.882+00:00 VCP SET_TARGET_RX steer=156000 wheel=45000
2026-07-07T16:23:24.283+00:00 VCP idle angle=287842 amtOk=1
2026-07-07T16:23:24.283+00:00 VCP SET_TARGET_RX steer=156000 wheel=45000
2026-07-07T16:23:24.684+00:00 VCP idle angle=287842 amtOk=1
2026-07-07T16:23:24.884+00:00 VCP SET_TARGET_RX steer=156000 wheel=45000
2026-07-07T16:23:25.284+00:00 VCP idle angle=287842 amtOk=1
2026-07-07T16:23:25.284+00:00 VCP SET_TARGET_RX steer=156000 wheel=45000
2026-07-07T16:23:25.685+00:00 VCP idle angle=287842 amtOk=1
2026-07-07T16:23:25.885+00:00 VCP SET_TARGET_RX steer=156000 wheel=45000
2026-07-07T16:23:26.286+00:00 VCP idle angle=287842 amtOk=1
2026-07-07T16:23:26.286+00:00 VCP SET_TARGET_RX steer=156000 wheel=45000
2026-07-07T16:23:26.686+00:00 VCP idle angle=287842 amtOk=1
2026-07-07T16:23:26.887+00:00 VCP SET_TARGET_RX steer=156000 wheel=45000
2026-07-07T16:23:27.287+00:00 VCP idle angle=287842 amtOk=1
2026-07-07T16:23:27.287+00:00 VCP SET_TARGET_RX steer=156000 wheel=45000
2026-07-07T16:23:27.687+00:00 VCP idle angle=287842 amtOk=1
2026-07-07T16:23:27.888+00:00 VCP SET_TARGET_RX steer=156000 wheel=45000
2026-07-07T16:23:28.288+00:00 VCP idle angle=287842 amtOk=1
2026-07-07T16:23:28.288+00:00 VCP SET_TARGET_RX steer=156000 wheel=45000
2026-07-07T16:23:28.689+00:00 VCP idle angle=287842 amtOk=1
2026-07-07T16:23:28.889+00:00 VCP SET_TARGET_RX steer=156000 wheel=45000
2026-07-07T16:23:29.290+00:00 VCP idle angle=287842 amtOk=1
2026-07-07T16:23:29.290+00:00 VCP SET_TARGET_RX steer=156000 wheel=45000
2026-07-07T16:23:29.690+00:00 VCP idle angle=287842 amtOk=1
2026-07-07T16:23:29.891+00:00 VCP SET_TARGET_RX steer=156000 wheel=45000
2026-07-07T16:23:30.291+00:00 VCP idle angle=287842 amtOk=1
2026-07-07T16:23:30.491+00:00 VCP SET_TARGET_RX steer=156000 wheel=45000
2026-07-07T16:23:30.692+00:00 VCP idle angle=287842 amtOk=1
2026-07-07T16:23:30.892+00:00 VCP SET_TARGET_RX steer=156000 wheel=45000
2026-07-07T16:23:31.293+00:00 VCP idle angle=287842 amtOk=1
2026-07-07T16:23:31.493+00:00 VCP SET_TARGET_RX steer=156000 wheel=45000
2026-07-07T16:23:31.694+00:00 VCP idle angle=287842 amtOk=1
2026-07-07T16:23:31.894+00:00 VCP SET_TARGET_RX steer=156000 wheel=45000
2026-07-07T16:23:32.294+00:00 VCP idle angle=287842 amtOk=1
2026-07-07T16:23:32.495+00:00 VCP SET_TARGET_RX steer=156000 wheel=45000
2026-07-07T16:23:32.695+00:00 VCP idle angle=287842 amtOk=1
2026-07-07T16:23:32.895+00:00 VCP SET_TARGET_RX steer=156000 wheel=45000
2026-07-07T16:23:33.296+00:00 VCP idle angle=287842 amtOk=1
2026-07-07T16:23:33.496+00:00 VCP SET_TARGET_RX steer=156000 wheel=45000
2026-07-07T16:23:33.696+00:00 VCP idle angle=287842 amtOk=1
2026-07-07T16:23:33.897+00:00 VCP SET_TARGET_RX steer=156000 wheel=45000
2026-07-07T16:23:34.297+00:00 VCP idle angle=287842 amtOk=1
2026-07-07T16:23:34.497+00:00 VCP SET_TARGET_RX steer=156000 wheel=45000
2026-07-07T16:23:34.698+00:00 VCP idle angle=287842 amtOk=1
2026-07-07T16:23:34.898+00:00 VCP SET_TARGET_RX steer=156000 wheel=45000
2026-07-07T16:23:35.298+00:00 VCP idle angle=287842 amtOk=1
2026-07-07T16:23:35.499+00:00 VCP SET_TARGET_RX steer=156000 wheel=45000
2026-07-07T16:23:35.699+00:00 VCP idle angle=287842 amtOk=1
2026-07-07T16:23:35.899+00:00 VCP SET_TARGET_RX steer=156000 wheel=45000
2026-07-07T16:23:36.300+00:00 VCP idle angle=287842 amtOk=1
2026-07-07T16:23:36.500+00:00 VCP SET_TARGET_RX steer=156000 wheel=45000
2026-07-07T16:23:36.700+00:00 VCP idle angle=287842 amtOk=1
2026-07-07T16:23:36.901+00:00 VCP SET_TARGET_RX steer=156000 wheel=45000
2026-07-07T16:23:37.301+00:00 VCP idle angle=287842 amtOk=1
2026-07-07T16:23:37.502+00:00 VCP SET_TARGET_RX steer=156000 wheel=45000
2026-07-07T16:23:37.702+00:00 VCP idle angle=287842 amtOk=1
2026-07-07T16:23:37.902+00:00 VCP SET_TARGET_RX steer=156000 wheel=45000
2026-07-07T16:23:38.303+00:00 VCP idle angle=287842 amtOk=1
2026-07-07T16:23:38.503+00:00 VCP SET_TARGET_RX steer=156000 wheel=45000
2026-07-07T16:23:38.704+00:00 VCP idle angle=287842 amtOk=1
2026-07-07T16:23:38.904+00:00 VCP SET_TARGET_RX steer=156000 wheel=45000
2026-07-07T16:23:39.305+00:00 VCP idle angle=287842 amtOk=1
2026-07-07T16:23:39.505+00:00 VCP SET_TARGET_RX steer=156000 wheel=45000
2026-07-07T16:23:39.705+00:00 VCP idle angle=287842 amtOk=1
2026-07-07T16:23:39.906+00:00 VCP SET_TARGET_RX steer=156000 wheel=45000
2026-07-07T16:23:40.306+00:00 VCP idle angle=287842 amtOk=1
2026-07-07T16:23:40.507+00:00 VCP SET_TARGET_RX steer=156000 wheel=45000
2026-07-07T16:23:40.707+00:00 VCP idle angle=287842 amtOk=1
2026-07-07T16:23:40.907+00:00 VCP SET_TARGET_RX steer=156000 wheel=45000
2026-07-07T16:23:41.308+00:00 VCP idle angle=287842 amtOk=1
2026-07-07T16:23:41.508+00:00 VCP SET_TARGET_RX steer=156000 wheel=45000
2026-07-07T16:23:41.708+00:00 VCP idle angle=287842 amtOk=1
2026-07-07T16:23:41.909+00:00 VCP SET_TARGET_RX steer=156000 wheel=45000
2026-07-07T16:23:42.309+00:00 VCP idle angle=287842 amtOk=1
2026-07-07T16:23:42.510+00:00 VCP SET_TARGET_RX steer=156000 wheel=45000
2026-07-07T16:23:42.710+00:00 VCP idle angle=287842 amtOk=1
2026-07-07T16:23:42.910+00:00 VCP SET_TARGET_RX steer=156000 wheel=45000
2026-07-07T16:23:43.311+00:00 VCP idle angle=287842 amtOk=1
2026-07-07T16:23:43.511+00:00 VCP SET_TARGET_RX steer=156000 wheel=45000
2026-07-07T16:23:43.711+00:00 VCP idle angle=287842 amtOk=1
2026-07-07T16:23:43.911+00:00 VCP SET_TARGET_RX steer=156000 wheel=45000
2026-07-07T16:23:44.312+00:00 VCP idle angle=287842 amtOk=1
2026-07-07T16:23:44.512+00:00 VCP SET_TARGET_RX steer=156000 wheel=45000
2026-07-07T16:23:44.712+00:00 VCP idle angle=287842 amtOk=1
2026-07-07T16:23:44.913+00:00 VCP SET_TARGET_RX steer=156000 wheel=45000
2026-07-07T16:23:45.313+00:00 VCP idle angle=287842 amtOk=1
2026-07-07T16:23:45.514+00:00 VCP SET_TARGET_RX steer=156000 wheel=45000
2026-07-07T16:23:45.714+00:00 VCP idle angle=287842 amtOk=1
2026-07-07T16:23:45.914+00:00 VCP SET_TARGET_RX steer=156000 wheel=45000
2026-07-07T16:23:46.315+00:00 VCP idle angle=287842 amtOk=1
2026-07-07T16:23:46.515+00:00 VCP SET_TARGET_RX steer=156000 wheel=45000
2026-07-07T16:23:46.715+00:00 VCP idle angle=287842 amtOk=1
2026-07-07T16:23:46.916+00:00 VCP SET_TARGET_RX steer=156000 wheel=45000
2026-07-07T16:23:47.316+00:00 VCP idle angle=287842 amtOk=1
2026-07-07T16:23:47.517+00:00 VCP SET_TARGET_RX steer=156000 wheel=45000
2026-07-07T16:23:47.717+00:00 VCP idle angle=287842 amtOk=1
2026-07-07T16:23:47.917+00:00 VCP SET_TARGET_RX steer=156000 wheel=45000
2026-07-07T16:23:48.318+00:00 VCP idle angle=287842 amtOk=1
2026-07-07T16:23:48.518+00:00 VCP SET_TARGET_RX steer=156000 wheel=45000
2026-07-07T16:23:48.718+00:00 VCP idle angle=287842 amtOk=1
2026-07-07T16:23:48.918+00:00 VCP SET_TARGET_RX steer=156000 wheel=45000
2026-07-07T16:23:49.319+00:00 VCP idle angle=287842 amtOk=1
2026-07-07T16:23:49.519+00:00 VCP SET_TARGET_RX steer=156000 wheel=45000
2026-07-07T16:23:49.719+00:00 VCP idle angle=287842 amtOk=1
2026-07-07T16:23:49.920+00:00 VCP SET_TARGET_RX steer=156000 wheel=45000
2026-07-07T16:23:50.320+00:00 VCP idle angle=287842 amtOk=1
2026-07-07T16:23:50.521+00:00 VCP SET_TARGET_RX steer=156000 wheel=45000
2026-07-07T16:23:50.721+00:00 VCP idle angle=287842 amtOk=1
2026-07-07T16:23:50.921+00:00 VCP SET_TARGET_RX steer=156000 wheel=45000
2026-07-07T16:23:51.321+00:00 VCP idle angle=287842 amtOk=1
2026-07-07T16:23:51.322+00:00 VCP SET_TARGET_RX steer=156000 wheel=45000
2026-07-07T16:23:51.722+00:00 VCP idle angle=287842 amtOk=1
2026-07-07T16:23:51.922+00:00 VCP SET_TARGET_RX steer=156000 wheel=45000
2026-07-07T16:23:52.323+00:00 VCP idle angle=287842 amtOk=1
2026-07-07T16:23:52.323+00:00 VCP SET_TARGET_RX steer=156000 wheel=45000
2026-07-07T16:23:52.723+00:00 VCP idle angle=287842 amtOk=1
2026-07-07T16:23:52.924+00:00 VCP SET_TARGET_RX steer=156000 wheel=45000
2026-07-07T16:23:53.324+00:00 VCP idle angle=287842 amtOk=1
2026-07-07T16:23:53.324+00:00 VCP SET_TARGET_RX steer=156000 wheel=45000
2026-07-07T16:23:53.725+00:00 VCP idle angle=287842 amtOk=1
2026-07-07T16:23:53.925+00:00 VCP SET_TARGET_RX steer=156000 wheel=45000
2026-07-07T16:23:54.325+00:00 VCP idle angle=287842 amtOk=1
2026-07-07T16:23:54.325+00:00 VCP SET_TARGET_RX steer=156000 wheel=45000
2026-07-07T16:23:54.726+00:00 VCP idle angle=287842 amtOk=1
2026-07-07T16:23:54.926+00:00 VCP SET_TARGET_RX steer=156000 wheel=45000
2026-07-07T16:23:55.327+00:00 VCP idle angle=287842 amtOk=1
2026-07-07T16:23:55.327+00:00 VCP SET_TARGET_RX steer=156000 wheel=45000
2026-07-07T16:23:55.727+00:00 VCP idle angle=287842 amtOk=1
2026-07-07T16:23:55.928+00:00 VCP SET_TARGET_RX steer=156000 wheel=45000
2026-07-07T16:23:56.328+00:00 VCP idle angle=287842 amtOk=1
2026-07-07T16:23:56.329+00:00 VCP SET_TARGET_RX steer=156000 wheel=45000
2026-07-07T16:23:56.729+00:00 VCP idle angle=287842 amtOk=1
2026-07-07T16:23:56.929+00:00 VCP SET_TARGET_RX steer=156000 wheel=45000
2026-07-07T16:23:57.330+00:00 VCP idle angle=287842 amtOk=1
2026-07-07T16:23:57.330+00:00 VCP SET_TARGET_RX steer=156000 wheel=45000
2026-07-07T16:23:57.730+00:00 VCP idle angle=287842 amtOk=1
2026-07-07T16:23:57.931+00:00 VCP SET_TARGET_RX steer=156000 wheel=45000
2026-07-07T16:23:58.331+00:00 VCP idle angle=287842 amtOk=1
2026-07-07T16:23:58.331+00:00 VCP SET_TARGET_RX steer=156000 wheel=45000
2026-07-07T16:23:58.731+00:00 VCP idle angle=287842 amtOk=1
2026-07-07T16:23:58.932+00:00 VCP SET_TARGET_RX steer=156000 wheel=45000
2026-07-07T16:23:59.132+00:00 VCP idle angle=287930 amtOk=1
2026-07-07T16:23:59.332+00:00 VCP SET_TARGET_RX steer=156000 wheel=45000
2026-07-07T16:23:59.732+00:00 VCP idle angle=287842 amtOk=1
2026-07-07T16:23:59.933+00:00 VCP SET_TARGET_RX steer=156000 wheel=45000
2026-07-07T16:24:00.133+00:00 VCP idle angle=287842 amtOk=1
2026-07-07T16:24:00.333+00:00 VCP SET_TARGET_RX steer=156000 wheel=45000
2026-07-07T16:24:00.733+00:00 VCP idle angle=287930 amtOk=1
2026-07-07T16:24:00.934+00:00 VCP SET_TARGET_RX steer=156000 wheel=45000
2026-07-07T16:24:01.134+00:00 VCP idle angle=287842 amtOk=1
2026-07-07T16:24:01.334+00:00 VCP SET_TARGET_RX steer=156000 wheel=45000
2026-07-07T16:24:01.735+00:00 VCP idle angle=287842 amtOk=1
2026-07-07T16:24:01.935+00:00 VCP SET_TARGET_RX steer=156000 wheel=45000
2026-07-07T16:24:02.135+00:00 VCP idle angle=287842 amtOk=1
2026-07-07T16:24:02.335+00:00 VCP SET_TARGET_RX steer=156000 wheel=45000
2026-07-07T16:24:02.736+00:00 VCP idle angle=287842 amtOk=1
2026-07-07T16:24:02.936+00:00 VCP SET_TARGET_RX steer=156000 wheel=45000
2026-07-07T16:24:03.136+00:00 VCP idle angle=287842 amtOk=1
2026-07-07T16:24:03.337+00:00 VCP SET_TARGET_RX steer=156000 wheel=45000
2026-07-07T16:24:03.738+00:00 VCP idle angle=287842 amtOk=1
2026-07-07T16:24:03.938+00:00 VCP SET_TARGET_RX steer=156000 wheel=45000
2026-07-07T16:24:04.138+00:00 VCP idle angle=287842 amtOk=1
2026-07-07T16:24:04.338+00:00 VCP SET_TARGET_RX steer=156000 wheel=45000
2026-07-07T16:24:04.739+00:00 VCP idle angle=287842 amtOk=1
2026-07-07T16:24:04.939+00:00 VCP SET_TARGET_RX steer=156000 wheel=45000
2026-07-07T16:24:05.139+00:00 VCP idle angle=287314 amtOk=1
2026-07-07T16:24:05.339+00:00 VCP SET_TARGET_RX steer=156000 wheel=45000
2026-07-07T16:24:05.740+00:00 VCP idle angle=267891 amtOk=1
2026-07-07T16:24:05.940+00:00 VCP SET_TARGET_RX steer=156000 wheel=45000
2026-07-07T16:24:06.140+00:00 VCP idle angle=278086 amtOk=1
2026-07-07T16:24:06.341+00:00 VCP SET_TARGET_RX steer=156000 wheel=45000
2026-07-07T16:24:06.741+00:00 VCP idle angle=279053 amtOk=1
2026-07-07T16:24:06.941+00:00 VCP SET_TARGET_RX steer=156000 wheel=45000
2026-07-07T16:24:07.142+00:00 VCP idle angle=277471 amtOk=1
2026-07-07T16:24:07.342+00:00 VCP SET_TARGET_RX steer=156000 wheel=45000
2026-07-07T16:24:07.743+00:00 VCP idle angle=277822 amtOk=1
2026-07-07T16:24:07.943+00:00 VCP SET_TARGET_RX steer=156000 wheel=45000
2026-07-07T16:24:08.143+00:00 VCP idle angle=277910 amtOk=1
2026-07-07T16:24:08.344+00:00 VCP SET_TARGET_RX steer=156000 wheel=45000
2026-07-07T16:24:08.744+00:00 VCP idle angle=278086 amtOk=1
2026-07-07T16:24:08.945+00:00 VCP SET_TARGET_RX steer=156000 wheel=45000
2026-07-07T16:24:09.145+00:00 VCP idle angle=277998 amtOk=1
2026-07-07T16:24:09.345+00:00 VCP SET_TARGET_RX steer=156000 wheel=45000
2026-07-07T16:24:09.746+00:00 VCP idle angle=277998 amtOk=1
2026-07-07T16:24:09.946+00:00 VCP SET_TARGET_RX steer=156000 wheel=45000
2026-07-07T16:24:10.146+00:00 VCP idle angle=277998 amtOk=1
2026-07-07T16:24:10.346+00:00 VCP SET_TARGET_RX steer=156000 wheel=45000
2026-07-07T16:24:10.747+00:00 VCP idle angle=277998 amtOk=1
2026-07-07T16:24:10.947+00:00 VCP SET_TARGET_RX steer=156000 wheel=45000
2026-07-07T16:24:11.148+00:00 VCP idle angle=277998 amtOk=1
2026-07-07T16:24:11.348+00:00 VCP SET_TARGET_RX steer=156000 wheel=45000
2026-07-07T16:24:11.749+00:00 VCP idle angle=277998 amtOk=1
2026-07-07T16:24:11.949+00:00 VCP SET_TARGET_RX steer=156000 wheel=45000
2026-07-07T16:24:12.150+00:00 VCP idle angle=277998 amtOk=1
2026-07-07T16:24:12.350+00:00 VCP SET_TARGET_RX steer=156000 wheel=45000
2026-07-07T16:24:12.750+00:00 VCP idle angle=277998 amtOk=1
2026-07-07T16:24:12.951+00:00 VCP SET_TARGET_RX steer=156000 wheel=45000
2026-07-07T16:24:13.151+00:00 VCP idle angle=277998 amtOk=1
2026-07-07T16:24:13.351+00:00 VCP SET_TARGET_RX steer=156000 wheel=45000
2026-07-07T16:24:13.752+00:00 VCP idle angle=277998 amtOk=1
2026-07-07T16:24:13.952+00:00 VCP SET_TARGET_RX steer=156000 wheel=45000
2026-07-07T16:24:14.152+00:00 VCP idle angle=277998 amtOk=1
2026-07-07T16:24:14.353+00:00 VCP SET_TARGET_RX steer=156000 wheel=45000
2026-07-07T16:24:14.753+00:00 VCP idle angle=277998 amtOk=1
2026-07-07T16:24:14.953+00:00 VCP SET_TARGET_RX steer=156000 wheel=45000
2026-07-07T16:24:15.154+00:00 VCP idle angle=277998 amtOk=1
2026-07-07T16:24:15.354+00:00 VCP SET_TARGET_RX steer=156000 wheel=45000
2026-07-07T16:24:15.755+00:00 VCP idle angle=277998 amtOk=1
2026-07-07T16:24:15.955+00:00 VCP SET_TARGET_RX steer=156000 wheel=45000
2026-07-07T16:24:16.155+00:00 VCP idle angle=277998 amtOk=1
2026-07-07T16:24:16.355+00:00 VCP SET_TARGET_RX steer=156000 wheel=45000
2026-07-07T16:24:16.756+00:00 VCP idle angle=277998 amtOk=1
2026-07-07T16:24:16.957+00:00 VCP SET_TARGET_RX steer=156000 wheel=45000
2026-07-07T16:24:17.157+00:00 VCP idle angle=277998 amtOk=1
2026-07-07T16:24:17.357+00:00 VCP SET_TARGET_RX steer=156000 wheel=45000
2026-07-07T16:24:17.758+00:00 VCP idle angle=277998 amtOk=1
2026-07-07T16:24:17.958+00:00 VCP SET_TARGET_RX steer=156000 wheel=45000
2026-07-07T16:24:18.158+00:00 VCP idle angle=277998 amtOk=1
2026-07-07T16:24:18.358+00:00 VCP SET_TARGET_RX steer=156000 wheel=45000
2026-07-07T16:24:18.759+00:00 VCP idle angle=277998 amtOk=1
2026-07-07T16:24:18.959+00:00 VCP SET_TARGET_RX steer=156000 wheel=45000
2026-07-07T16:24:19.159+00:00 VCP idle angle=277998 amtOk=1
2026-07-07T16:24:19.360+00:00 VCP SET_TARGET_RX steer=156000 wheel=45000
2026-07-07T16:24:19.760+00:00 VCP idle angle=277998 amtOk=1
2026-07-07T16:24:19.960+00:00 VCP SET_TARGET_RX steer=156000 wheel=45000
2026-07-07T16:24:20.161+00:00 VCP idle angle=277998 amtOk=1
2026-07-07T16:24:20.361+00:00 VCP SET_TARGET_RX steer=156000 wheel=45000
2026-07-07T16:24:20.762+00:00 VCP idle angle=277998 amtOk=1
2026-07-07T16:24:20.962+00:00 VCP SET_TARGET_RX steer=156000 wheel=45000
2026-07-07T16:24:21.163+00:00 VCP idle angle=277998 amtOk=1
2026-07-07T16:24:21.363+00:00 VCP SET_TARGET_RX steer=156000 wheel=45000
2026-07-07T16:24:21.764+00:00 VCP idle angle=277998 amtOk=1
2026-07-07T16:24:21.964+00:00 VCP SET_TARGET_RX steer=156000 wheel=45000
2026-07-07T16:24:22.164+00:00 VCP idle angle=277998 amtOk=1
2026-07-07T16:24:22.365+00:00 VCP SET_TARGET_RX steer=156000 wheel=45000
2026-07-07T16:24:22.765+00:00 VCP idle angle=277998 amtOk=1
2026-07-07T16:24:22.966+00:00 VCP SET_TARGET_RX steer=156000 wheel=45000
2026-07-07T16:24:23.166+00:00 VCP idle angle=277998 amtOk=1
2026-07-07T16:24:23.366+00:00 VCP SET_TARGET_RX steer=156000 wheel=45000
2026-07-07T16:24:23.767+00:00 VCP idle angle=277998 amtOk=1
2026-07-07T16:24:23.967+00:00 VCP SET_TARGET_RX steer=156000 wheel=45000
2026-07-07T16:24:24.167+00:00 VCP idle angle=277998 amtOk=1
2026-07-07T16:24:24.367+00:00 VCP SET_TARGET_RX steer=156000 wheel=45000
2026-07-07T16:24:24.768+00:00 VCP idle angle=277998 amtOk=1
2026-07-07T16:24:24.968+00:00 VCP SET_TARGET_RX steer=156000 wheel=45000
2026-07-07T16:24:25.168+00:00 VCP idle angle=277998 amtOk=1
2026-07-07T16:24:25.369+00:00 VCP SET_TARGET_RX steer=156000 wheel=45000
2026-07-07T16:24:25.769+00:00 VCP idle angle=277998 amtOk=1
2026-07-07T16:24:25.970+00:00 VCP SET_TARGET_RX steer=156000 wheel=45000
2026-07-07T16:24:26.170+00:00 VCP idle angle=277998 amtOk=1
2026-07-07T16:24:26.370+00:00 VCP SET_TARGET_RX steer=156000 wheel=45000
2026-07-07T16:24:26.771+00:00 VCP idle angle=277998 amtOk=1
2026-07-07T16:24:26.971+00:00 VCP SET_TARGET_RX steer=156000 wheel=45000
2026-07-07T16:24:27.172+00:00 VCP idle angle=277998 amtOk=1
2026-07-07T16:24:27.372+00:00 VCP SET_TARGET_RX steer=156000 wheel=45000
2026-07-07T16:24:27.772+00:00 VCP idle angle=277998 amtOk=1
2026-07-07T16:24:27.973+00:00 VCP SET_TARGET_RX steer=156000 wheel=45000
2026-07-07T16:24:28.173+00:00 VCP idle angle=277998 amtOk=1
2026-07-07T16:24:28.373+00:00 VCP SET_TARGET_RX steer=156000 wheel=45000
2026-07-07T16:24:28.774+00:00 VCP idle angle=277998 amtOk=1
2026-07-07T16:24:28.974+00:00 VCP SET_TARGET_RX steer=156000 wheel=45000
2026-07-07T16:24:29.175+00:00 VCP idle angle=277998 amtOk=1
2026-07-07T16:24:29.375+00:00 VCP SET_TARGET_RX steer=156000 wheel=45000
2026-07-07T16:24:29.775+00:00 VCP idle angle=277998 amtOk=1
2026-07-07T16:24:29.976+00:00 VCP SET_TARGET_RX steer=156000 wheel=45000
2026-07-07T16:24:30.176+00:00 VCP idle angle=277998 amtOk=1
2026-07-07T16:24:30.376+00:00 VCP SET_TARGET_RX steer=156000 wheel=45000
2026-07-07T16:24:30.777+00:00 VCP idle angle=277998 amtOk=1
2026-07-07T16:24:30.978+00:00 VCP SET_TARGET_RX steer=156000 wheel=45000
2026-07-07T16:24:31.178+00:00 VCP idle angle=277998 amtOk=1
2026-07-07T16:24:31.378+00:00 VCP SET_TARGET_RX steer=156000 wheel=45000
2026-07-07T16:24:31.778+00:00 VCP idle angle=277998 amtOk=1
