2026-07-07T16:26:30.920+00:00 WEBUI log opened: /home/tirobot/Differential-Swerve-Drive/firmware/logs/webui-2026-07-07T16-26-30Z.log
2026-07-07T16:26:30.924+00:00 VCP dle angle=277998 amtOk=1 fdbkOk=0 en=0 tgtOk=1
2026-07-07T16:26:30.924+00:00 VCP idle angle=277998 amtOk=1 fdbkOk=0 en=0 tgtOk=1
2026-07-07T16:26:30.924+00:00 VCP idle angle=277998 amtOk=1 fdbkOk=0 en=0 tgtOk=0
2026-07-07T16:26:30.924+00:00 VCP idle angle=277998 amtOk=1 fdbkOk=0 en=0 tgtOk=0
2026-07-07T16:26:30.924+00:00 VCP idle angle=277998 amtOk=1 fdbkOk=0 en=0 tgtOk=0
2026-07-07T16:26:30.924+00:00 VCP idle angle=277998 amtOk=1 fdbkOk=0 en=0 tgtOk=0
2026-07-07T16:26:30.924+00:00 VCP idle angle=277998 amtOk=1 fdbkOk=0 en=0 tgtOk=0
2026-07-07T16:26:30.924+00:00 VCP idle angle=277998 amtOk=1 fdbkOk=0 en=0 tgtOk=0
2026-07-07T16:26:30.924+00:00 VCP idle angle=277998 amtOk=1 fdbkOk=0 en=0 tgtOk=0
2026-07-07T16:26:30.924+00:00 VCP idle angle=277998 amtOk=1 fdbkOk=0 en=0 tgtOk=0
2026-07-07T16:26:30.934+00:00 WEBUI listening on :8080 can_iface=can0 vcp_port=/dev/ttyACM0
2026-07-07T16:26:31.124+00:00 VCP idle angle=277998 amtOk=1 fdbkOk=0 en=0 tgtOk=0
2026-07-07T16:26:31.124+00:00 VCP idle angle=277998 amtOk=1 fdbkOk=0 en=0 tgtOk=0
2026-07-07T16:26:31.124+00:00 VCP SET_TARGET_RX steer=0 wheel=0
2026-07-07T16:26:31.124+00:00 VCP idle angle=277998 amtOk=1 fdbkOk=0 en=0 tgtOk=1
2026-07-07T16:26:31.525+00:00 VCP SET_TARGET_RX steer=0 wheel=0
2026-07-07T16:26:31.725+00:00 VCP idle angle=277998 amtOk=1 fdbkOk=0 en=0 tgtOk=1
2026-07-07T16:26:31.925+00:00 VCP SET_TARGET_RX steer=0 wheel=0
2026-07-07T16:26:32.126+00:00 VCP idle angle=277998 amtOk=1 fdbkOk=0 en=0 tgtOk=1
2026-07-07T16:26:32.526+00:00 VCP SET_TARGET_RX steer=0 wheel=0
2026-07-07T16:26:32.727+00:00 VCP idle angle=277998 amtOk=1 fdbkOk=0 en=0 tgtOk=1
2026-07-07T16:26:32.927+00:00 VCP SET_TARGET_RX steer=0 wheel=0
2026-07-07T16:26:33.127+00:00 VCP idle angle=277998 amtOk=1 fdbkOk=0 en=0 tgtOk=1
2026-07-07T16:26:33.528+00:00 VCP SET_TARGET_RX steer=0 wheel=0
2026-07-07T16:26:33.728+00:00 VCP idle angle=277998 amtOk=1 fdbkOk=0 en=0 tgtOk=1
2026-07-07T16:26:33.928+00:00 VCP SET_TARGET_RX steer=0 wheel=0
2026-07-07T16:26:34.128+00:00 VCP idle angle=277998 amtOk=1 fdbkOk=0 en=0 tgtOk=1
2026-07-07T16:26:34.529+00:00 VCP SET_TARGET_RX steer=0 wheel=0
2026-07-07T16:26:34.729+00:00 VCP idle angle=277998 amtOk=1 fdbkOk=0 en=0 tgtOk=1
2026-07-07T16:26:34.929+00:00 VCP SET_TARGET_RX steer=0 wheel=0
2026-07-07T16:26:35.130+00:00 VCP idle angle=277998 amtOk=1 fdbkOk=0 en=0 tgtOk=1
2026-07-07T16:26:35.531+00:00 VCP SET_TARGET_RX steer=0 wheel=0
2026-07-07T16:26:35.731+00:00 VCP idle angle=277998 amtOk=1 fdbkOk=0 en=0 tgtOk=1
2026-07-07T16:26:35.931+00:00 VCP SET_TARGET_RX steer=0 wheel=0
2026-07-07T16:26:36.131+00:00 VCP idle angle=277998 amtOk=1 fdbkOk=0 en=0 tgtOk=1
2026-07-07T16:26:36.532+00:00 VCP SET_TARGET_RX steer=0 wheel=0
2026-07-07T16:26:36.732+00:00 VCP idle angle=277998 amtOk=1 fdbkOk=0 en=0 tgtOk=1
2026-07-07T16:26:36.933+00:00 VCP SET_TARGET_RX steer=0 wheel=0
2026-07-07T16:26:37.133+00:00 VCP idle angle=277998 amtOk=1 fdbkOk=0 en=0 tgtOk=1
2026-07-07T16:26:37.534+00:00 VCP SET_TARGET_RX steer=0 wheel=0
2026-07-07T16:26:37.734+00:00 VCP idle angle=277998 amtOk=1 fdbkOk=0 en=0 tgtOk=1
2026-07-07T16:26:37.934+00:00 VCP SET_TARGET_RX steer=0 wheel=0
2026-07-07T16:26:38.135+00:00 VCP idle angle=277998 amtOk=1 fdbkOk=0 en=0 tgtOk=1
2026-07-07T16:26:38.535+00:00 VCP SET_TARGET_RX steer=0 wheel=0
2026-07-07T16:26:38.736+00:00 VCP idle angle=277998 amtOk=1 fdbkOk=0 en=0 tgtOk=1
2026-07-07T16:26:38.936+00:00 VCP SET_TARGET_RX steer=0 wheel=0
2026-07-07T16:26:39.136+00:00 VCP idle angle=277998 amtOk=1 fdbkOk=0 en=0 tgtOk=1
2026-07-07T16:26:39.537+00:00 VCP SET_TARGET_RX steer=0 wheel=0
2026-07-07T16:26:39.737+00:00 VCP idle angle=277998 amtOk=1 fdbkOk=0 en=0 tgtOk=1
2026-07-07T16:26:39.937+00:00 VCP SET_TARGET_RX steer=0 wheel=0
2026-07-07T16:26:40.138+00:00 VCP idle angle=277998 amtOk=1 fdbkOk=0 en=0 tgtOk=1
2026-07-07T16:26:40.538+00:00 VCP SET_TARGET_RX steer=0 wheel=0
2026-07-07T16:26:40.739+00:00 VCP idle angle=277998 amtOk=1 fdbkOk=0 en=0 tgtOk=1
2026-07-07T16:26:40.939+00:00 VCP SET_TARGET_RX steer=0 wheel=0
2026-07-07T16:26:41.139+00:00 VCP idle angle=277998 amtOk=1 fdbkOk=0 en=0 tgtOk=1
2026-07-07T16:26:41.540+00:00 VCP SET_TARGET_RX steer=0 wheel=0
2026-07-07T16:26:41.740+00:00 VCP idle angle=277998 amtOk=1 fdbkOk=0 en=0 tgtOk=1
2026-07-07T16:26:41.940+00:00 VCP SET_TARGET_RX steer=0 wheel=0
2026-07-07T16:26:42.141+00:00 VCP idle angle=277998 amtOk=1 fdbkOk=0 en=0 tgtOk=1
2026-07-07T16:26:42.541+00:00 VCP SET_TARGET_RX steer=0 wheel=0
2026-07-07T16:26:42.742+00:00 VCP idle angle=277998 amtOk=1 fdbkOk=0 en=0 tgtOk=1
2026-07-07T16:26:42.942+00:00 VCP SET_TARGET_RX steer=0 wheel=0
2026-07-07T16:26:43.142+00:00 VCP idle angle=277998 amtOk=1 fdbkOk=0 en=0 tgtOk=1
2026-07-07T16:26:43.543+00:00 VCP SET_TARGET_RX steer=0 wheel=0
2026-07-07T16:26:43.743+00:00 VCP idle angle=277998 amtOk=1 fdbkOk=0 en=0 tgtOk=1
2026-07-07T16:26:43.943+00:00 VCP SET_TARGET_RX steer=0 wheel=0
2026-07-07T16:26:44.144+00:00 VCP idle angle=277998 amtOk=1 fdbkOk=0 en=0 tgtOk=1
2026-07-07T16:26:44.544+00:00 VCP SET_TARGET_RX steer=0 wheel=0
2026-07-07T16:26:44.744+00:00 VCP idle angle=277998 amtOk=1 fdbkOk=0 en=0 tgtOk=1
2026-07-07T16:26:44.945+00:00 VCP SET_TARGET_RX steer=0 wheel=0
2026-07-07T16:26:45.145+00:00 VCP idle angle=277998 amtOk=1 fdbkOk=0 en=0 tgtOk=1
2026-07-07T16:26:45.545+00:00 VCP SET_TARGET_RX steer=0 wheel=0
2026-07-07T16:26:45.746+00:00 VCP idle angle=277998 amtOk=1 fdbkOk=0 en=0 tgtOk=1
2026-07-07T16:26:45.946+00:00 VCP SET_TARGET_RX steer=0 wheel=0
2026-07-07T16:26:46.146+00:00 VCP idle angle=277998 amtOk=1 fdbkOk=0 en=0 tgtOk=1
2026-07-07T16:26:46.547+00:00 VCP SET_TARGET_RX steer=0 wheel=0
2026-07-07T16:26:46.747+00:00 VCP idle angle=277998 amtOk=1 fdbkOk=0 en=0 tgtOk=1
2026-07-07T16:26:46.947+00:00 VCP SET_TARGET_RX steer=0 wheel=0
2026-07-07T16:26:47.148+00:00 VCP idle angle=277998 amtOk=1 fdbkOk=0 en=0 tgtOk=1
2026-07-07T16:26:47.548+00:00 VCP SET_TARGET_RX steer=0 wheel=0
2026-07-07T16:26:47.748+00:00 VCP idle angle=277998 amtOk=1 fdbkOk=0 en=0 tgtOk=1
2026-07-07T16:26:47.949+00:00 VCP SET_TARGET_RX steer=0 wheel=0
2026-07-07T16:26:48.149+00:00 VCP idle angle=277998 amtOk=1 fdbkOk=0 en=0 tgtOk=1
2026-07-07T16:26:48.550+00:00 VCP SET_TARGET_RX steer=0 wheel=0
2026-07-07T16:26:48.750+00:00 VCP idle angle=277998 amtOk=1 fdbkOk=0 en=0 tgtOk=1
2026-07-07T16:26:48.950+00:00 VCP SET_TARGET_RX steer=0 wheel=0
2026-07-07T16:26:49.151+00:00 VCP idle angle=277998 amtOk=1 fdbkOk=0 en=0 tgtOk=1
2026-07-07T16:26:49.551+00:00 VCP SET_TARGET_RX steer=0 wheel=0
2026-07-07T16:26:49.752+00:00 VCP idle angle=277998 amtOk=1 fdbkOk=0 en=0 tgtOk=1
2026-07-07T16:26:49.952+00:00 VCP SET_TARGET_RX steer=0 wheel=0
2026-07-07T16:26:50.152+00:00 VCP idle angle=277998 amtOk=1 fdbkOk=0 en=0 tgtOk=1
2026-07-07T16:26:50.553+00:00 VCP SET_TARGET_RX steer=0 wheel=0
2026-07-07T16:26:50.753+00:00 VCP idle angle=277998 amtOk=1 fdbkOk=0 en=0 tgtOk=1
2026-07-07T16:26:50.954+00:00 VCP SET_TARGET_RX steer=0 wheel=0
2026-07-07T16:26:51.154+00:00 VCP idle angle=277998 amtOk=1 fdbkOk=0 en=0 tgtOk=1
2026-07-07T16:26:51.554+00:00 VCP SET_TARGET_RX steer=0 wheel=0
2026-07-07T16:26:51.755+00:00 VCP idle angle=277998 amtOk=1 fdbkOk=0 en=0 tgtOk=1
2026-07-07T16:26:51.955+00:00 VCP SET_TARGET_RX steer=0 wheel=0
2026-07-07T16:26:52.155+00:00 VCP idle angle=277998 amtOk=1 fdbkOk=0 en=0 tgtOk=1
2026-07-07T16:26:52.556+00:00 VCP SET_TARGET_RX steer=0 wheel=0
2026-07-07T16:26:52.756+00:00 VCP idle angle=277998 amtOk=1 fdbkOk=0 en=0 tgtOk=1
2026-07-07T16:26:52.956+00:00 VCP SET_TARGET_RX steer=0 wheel=0
2026-07-07T16:26:53.157+00:00 VCP idle angle=277998 amtOk=1 fdbkOk=0 en=0 tgtOk=1
2026-07-07T16:26:53.557+00:00 VCP SET_TARGET_RX steer=0 wheel=0
2026-07-07T16:26:53.758+00:00 VCP idle angle=277998 amtOk=1 fdbkOk=0 en=0 tgtOk=1
2026-07-07T16:26:53.958+00:00 VCP SET_TARGET_RX steer=0 wheel=0
2026-07-07T16:26:54.158+00:00 VCP idle angle=277998 amtOk=1 fdbkOk=0 en=0 tgtOk=1
2026-07-07T16:26:54.559+00:00 VCP SET_TARGET_RX steer=0 wheel=0
2026-07-07T16:26:54.759+00:00 VCP idle angle=277998 amtOk=1 fdbkOk=0 en=0 tgtOk=1
2026-07-07T16:26:54.959+00:00 VCP SET_TARGET_RX steer=0 wheel=0
2026-07-07T16:26:55.160+00:00 VCP idle angle=277998 amtOk=1 fdbkOk=0 en=0 tgtOk=1
2026-07-07T16:26:55.560+00:00 VCP SET_TARGET_RX steer=0 wheel=0
2026-07-07T16:26:55.760+00:00 VCP idle angle=277998 amtOk=1 fdbkOk=0 en=0 tgtOk=1
2026-07-07T16:26:55.961+00:00 VCP SET_TARGET_RX steer=0 wheel=0
2026-07-07T16:26:56.161+00:00 VCP idle angle=277998 amtOk=1 fdbkOk=0 en=0 tgtOk=1
2026-07-07T16:26:56.561+00:00 VCP SET_TARGET_RX steer=0 wheel=0
2026-07-07T16:26:56.762+00:00 VCP idle angle=277998 amtOk=1 fdbkOk=0 en=0 tgtOk=1
2026-07-07T16:26:56.962+00:00 VCP SET_TARGET_RX steer=0 wheel=0
2026-07-07T16:26:57.162+00:00 VCP idle angle=277998 amtOk=1 fdbkOk=0 en=0 tgtOk=1
2026-07-07T16:26:57.563+00:00 VCP SET_TARGET_RX steer=0 wheel=0
2026-07-07T16:26:57.763+00:00 VCP idle angle=277998 amtOk=1 fdbkOk=0 en=0 tgtOk=1
2026-07-07T16:26:57.963+00:00 VCP SET_TARGET_RX steer=0 wheel=0
2026-07-07T16:26:58.164+00:00 VCP idle angle=277998 amtOk=1 fdbkOk=0 en=0 tgtOk=1
2026-07-07T16:26:58.564+00:00 VCP SET_TARGET_RX steer=0 wheel=0
2026-07-07T16:26:58.764+00:00 VCP idle angle=277998 amtOk=1 fdbkOk=0 en=0 tgtOk=1
2026-07-07T16:26:58.964+00:00 VCP SET_TARGET_RX steer=0 wheel=0
2026-07-07T16:26:59.165+00:00 VCP idle angle=277998 amtOk=1 fdbkOk=0 en=0 tgtOk=1
2026-07-07T16:26:59.565+00:00 VCP SET_TARGET_RX steer=0 wheel=0
2026-07-07T16:26:59.766+00:00 VCP idle angle=277998 amtOk=1 fdbkOk=0 en=0 tgtOk=1
2026-07-07T16:26:59.966+00:00 VCP SET_TARGET_RX steer=0 wheel=0
2026-07-07T16:27:00.166+00:00 VCP idle angle=277998 amtOk=1 fdbkOk=0 en=0 tgtOk=1
2026-07-07T16:27:00.567+00:00 VCP SET_TARGET_RX steer=0 wheel=0
2026-07-07T16:27:00.767+00:00 VCP idle angle=277998 amtOk=1 fdbkOk=0 en=0 tgtOk=1
2026-07-07T16:27:00.968+00:00 VCP SET_TARGET_RX steer=0 wheel=0
2026-07-07T16:27:01.168+00:00 VCP idle angle=277998 amtOk=1 fdbkOk=0 en=0 tgtOk=1
2026-07-07T16:27:01.568+00:00 VCP SET_TARGET_RX steer=0 wheel=0
2026-07-07T16:27:01.769+00:00 VCP idle angle=277998 amtOk=1 fdbkOk=0 en=0 tgtOk=1
2026-07-07T16:27:01.969+00:00 VCP SET_TARGET_RX steer=0 wheel=0
2026-07-07T16:27:02.169+00:00 VCP idle angle=277998 amtOk=1 fdbkOk=0 en=0 tgtOk=1
2026-07-07T16:27:02.570+00:00 VCP SET_TARGET_RX steer=0 wheel=0
2026-07-07T16:27:02.770+00:00 VCP idle angle=277998 amtOk=1 fdbkOk=0 en=0 tgtOk=1
2026-07-07T16:27:02.970+00:00 VCP SET_TARGET_RX steer=0 wheel=0
2026-07-07T16:27:03.171+00:00 VCP idle angle=277998 amtOk=1 fdbkOk=0 en=0 tgtOk=1
2026-07-07T16:27:03.571+00:00 VCP SET_TARGET_RX steer=0 wheel=0
2026-07-07T16:27:03.771+00:00 VCP idle angle=277998 amtOk=1 fdbkOk=0 en=0 tgtOk=1
2026-07-07T16:27:03.972+00:00 VCP SET_TARGET_RX steer=0 wheel=0
2026-07-07T16:27:04.172+00:00 VCP idle angle=277998 amtOk=1 fdbkOk=0 en=0 tgtOk=1
2026-07-07T16:27:04.572+00:00 VCP SET_TARGET_RX steer=0 wheel=0
2026-07-07T16:27:04.773+00:00 VCP idle angle=277998 amtOk=1 fdbkOk=0 en=0 tgtOk=1
2026-07-07T16:27:04.973+00:00 VCP SET_TARGET_RX steer=0 wheel=0
2026-07-07T16:27:05.173+00:00 VCP idle angle=278613 amtOk=1 fdbkOk=0 en=0 tgtOk=1
2026-07-07T16:27:05.574+00:00 VCP SET_TARGET_RX steer=0 wheel=0
2026-07-07T16:27:05.774+00:00 VCP idle angle=278965 amtOk=1 fdbkOk=0 en=0 tgtOk=1
2026-07-07T16:27:05.975+00:00 VCP SET_TARGET_RX steer=0 wheel=0
2026-07-07T16:27:06.175+00:00 VCP idle angle=277910 amtOk=1 fdbkOk=0 en=0 tgtOk=1
2026-07-07T16:27:06.576+00:00 VCP SET_TARGET_RX steer=0 wheel=0
2026-07-07T16:27:06.776+00:00 VCP idle angle=277822 amtOk=1 fdbkOk=0 en=0 tgtOk=1
2026-07-07T16:27:06.976+00:00 VCP SET_TARGET_RX steer=0 wheel=0
2026-07-07T16:27:07.176+00:00 VCP idle angle=277734 amtOk=1 fdbkOk=0 en=0 tgtOk=1
2026-07-07T16:27:07.577+00:00 VCP SET_TARGET_RX steer=0 wheel=0
2026-07-07T16:27:07.777+00:00 VCP idle angle=277647 amtOk=1 fdbkOk=0 en=0 tgtOk=1
2026-07-07T16:27:07.977+00:00 VCP SET_TARGET_RX steer=0 wheel=0
2026-07-07T16:27:08.178+00:00 VCP idle angle=277647 amtOk=1 fdbkOk=0 en=0 tgtOk=1
2026-07-07T16:27:08.578+00:00 VCP SET_TARGET_RX steer=0 wheel=0
2026-07-07T16:27:08.779+00:00 VCP idle angle=277734 amtOk=1 fdbkOk=0 en=0 tgtOk=1
2026-07-07T16:27:08.979+00:00 VCP SET_TARGET_RX steer=0 wheel=0
2026-07-07T16:27:09.179+00:00 VCP idle angle=277734 amtOk=1 fdbkOk=0 en=0 tgtOk=1
2026-07-07T16:27:09.580+00:00 VCP SET_TARGET_RX steer=0 wheel=0
2026-07-07T16:27:09.781+00:00 VCP idle angle=277734 amtOk=1 fdbkOk=0 en=0 tgtOk=1
2026-07-07T16:27:09.981+00:00 VCP SET_TARGET_RX steer=0 wheel=0
2026-07-07T16:27:10.181+00:00 VCP idle angle=277734 amtOk=1 fdbkOk=0 en=0 tgtOk=1
2026-07-07T16:27:10.582+00:00 VCP SET_TARGET_RX steer=0 wheel=0
2026-07-07T16:27:10.782+00:00 VCP idle angle=277734 amtOk=1 fdbkOk=0 en=0 tgtOk=1
2026-07-07T16:27:10.982+00:00 VCP SET_TARGET_RX steer=0 wheel=0
2026-07-07T16:27:11.182+00:00 VCP idle angle=277734 amtOk=1 fdbkOk=0 en=0 tgtOk=1
2026-07-07T16:27:11.583+00:00 VCP SET_TARGET_RX steer=0 wheel=0
2026-07-07T16:27:11.783+00:00 VCP idle angle=277647 amtOk=1 fdbkOk=0 en=0 tgtOk=1
2026-07-07T16:27:11.983+00:00 VCP SET_TARGET_RX steer=0 wheel=0
2026-07-07T16:27:12.183+00:00 VCP idle angle=277734 amtOk=1 fdbkOk=0 en=0 tgtOk=1
2026-07-07T16:27:12.584+00:00 VCP SET_TARGET_RX steer=0 wheel=0
2026-07-07T16:27:12.784+00:00 VCP idle angle=277734 amtOk=1 fdbkOk=0 en=0 tgtOk=1
2026-07-07T16:27:12.984+00:00 VCP SET_TARGET_RX steer=0 wheel=0
2026-07-07T16:27:13.185+00:00 VCP idle angle=277734 amtOk=1 fdbkOk=0 en=0 tgtOk=1
2026-07-07T16:27:13.585+00:00 VCP SET_TARGET_RX steer=0 wheel=0
2026-07-07T16:27:13.785+00:00 VCP idle angle=277734 amtOk=1 fdbkOk=0 en=0 tgtOk=1
2026-07-07T16:27:13.986+00:00 VCP SET_TARGET_RX steer=0 wheel=0
2026-07-07T16:27:14.186+00:00 VCP idle angle=277734 amtOk=1 fdbkOk=0 en=0 tgtOk=1
2026-07-07T16:27:14.586+00:00 VCP SET_TARGET_RX steer=0 wheel=0
2026-07-07T16:27:14.587+00:00 VCP idle angle=277734 amtOk=1 fdbkOk=0 en=0 tgtOk=1
2026-07-07T16:27:14.987+00:00 VCP SET_TARGET_RX steer=0 wheel=0
2026-07-07T16:27:15.187+00:00 VCP idle angle=277734 amtOk=1 fdbkOk=0 en=0 tgtOk=1
2026-07-07T16:27:15.588+00:00 VCP SET_TARGET_RX steer=0 wheel=0
2026-07-07T16:27:15.588+00:00 VCP idle angle=277734 amtOk=1 fdbkOk=0 en=0 tgtOk=1
2026-07-07T16:27:15.988+00:00 VCP SET_TARGET_RX steer=0 wheel=0
2026-07-07T16:27:16.189+00:00 VCP idle angle=277734 amtOk=1 fdbkOk=0 en=0 tgtOk=1
2026-07-07T16:27:16.589+00:00 VCP SET_TARGET_RX steer=0 wheel=0
2026-07-07T16:27:16.589+00:00 VCP idle angle=277734 amtOk=1 fdbkOk=0 en=0 tgtOk=1
2026-07-07T16:27:16.990+00:00 VCP SET_TARGET_RX steer=0 wheel=0
2026-07-07T16:27:17.190+00:00 VCP idle angle=277734 amtOk=1 fdbkOk=0 en=0 tgtOk=1
2026-07-07T16:27:17.590+00:00 VCP SET_TARGET_RX steer=0 wheel=0
2026-07-07T16:27:17.591+00:00 VCP idle angle=277734 amtOk=1 fdbkOk=0 en=0 tgtOk=1
2026-07-07T16:27:17.991+00:00 VCP SET_TARGET_RX steer=0 wheel=0
2026-07-07T16:27:18.191+00:00 VCP idle angle=277734 amtOk=1 fdbkOk=0 en=0 tgtOk=1
2026-07-07T16:27:18.592+00:00 VCP SET_TARGET_RX steer=0 wheel=0
2026-07-07T16:27:18.592+00:00 VCP idle angle=277734 amtOk=1 fdbkOk=0 en=0 tgtOk=1
2026-07-07T16:27:18.992+00:00 VCP SET_TARGET_RX steer=0 wheel=0
2026-07-07T16:27:19.192+00:00 VCP idle angle=277734 amtOk=1 fdbkOk=0 en=0 tgtOk=1
2026-07-07T16:27:19.593+00:00 VCP SET_TARGET_RX steer=0 wheel=0
2026-07-07T16:27:19.593+00:00 VCP idle angle=277647 amtOk=1 fdbkOk=0 en=0 tgtOk=1
2026-07-07T16:27:19.993+00:00 VCP SET_TARGET_RX steer=0 wheel=0
2026-07-07T16:27:20.194+00:00 VCP idle angle=277734 amtOk=1 fdbkOk=0 en=0 tgtOk=1
2026-07-07T16:27:20.594+00:00 VCP SET_TARGET_RX steer=0 wheel=0
2026-07-07T16:27:20.594+00:00 VCP idle angle=277734 amtOk=1 fdbkOk=0 en=0 tgtOk=1
2026-07-07T16:27:20.994+00:00 VCP SET_TARGET_RX steer=0 wheel=0
2026-07-07T16:27:21.194+00:00 VCP idle angle=277734 amtOk=1 fdbkOk=0 en=0 tgtOk=1
2026-07-07T16:27:21.595+00:00 VCP SET_TARGET_RX steer=0 wheel=0
2026-07-07T16:27:21.595+00:00 VCP idle angle=277734 amtOk=1 fdbkOk=0 en=0 tgtOk=1
2026-07-07T16:27:21.995+00:00 VCP SET_TARGET_RX steer=0 wheel=0
2026-07-07T16:27:22.196+00:00 VCP idle angle=277734 amtOk=1 fdbkOk=0 en=0 tgtOk=1
2026-07-07T16:27:22.596+00:00 VCP SET_TARGET_RX steer=0 wheel=0
2026-07-07T16:27:22.596+00:00 VCP idle angle=277734 amtOk=1 fdbkOk=0 en=0 tgtOk=1
2026-07-07T16:27:22.996+00:00 VCP SET_TARGET_RX steer=0 wheel=0
2026-07-07T16:27:23.197+00:00 VCP idle angle=277734 amtOk=1 fdbkOk=0 en=0 tgtOk=1
2026-07-07T16:27:23.597+00:00 VCP SET_TARGET_RX steer=0 wheel=0
2026-07-07T16:27:23.597+00:00 VCP idle angle=277734 amtOk=1 fdbkOk=0 en=0 tgtOk=1
2026-07-07T16:27:23.998+00:00 VCP SET_TARGET_RX steer=0 wheel=0
2026-07-07T16:27:24.198+00:00 VCP idle angle=277734 amtOk=1 fdbkOk=0 en=0 tgtOk=1
2026-07-07T16:27:24.598+00:00 VCP SET_TARGET_RX steer=0 wheel=0
2026-07-07T16:27:24.598+00:00 VCP idle angle=277734 amtOk=1 fdbkOk=0 en=0 tgtOk=1
2026-07-07T16:27:24.999+00:00 VCP SET_TARGET_RX steer=0 wheel=0
2026-07-07T16:27:25.199+00:00 VCP idle angle=277734 amtOk=1 fdbkOk=0 en=0 tgtOk=1
2026-07-07T16:27:25.600+00:00 VCP SET_TARGET_RX steer=0 wheel=0
2026-07-07T16:27:25.600+00:00 VCP idle angle=277647 amtOk=1 fdbkOk=0 en=0 tgtOk=1
2026-07-07T16:27:26.000+00:00 VCP SET_TARGET_RX steer=0 wheel=0
2026-07-07T16:27:26.200+00:00 VCP idle angle=277647 amtOk=1 fdbkOk=0 en=0 tgtOk=1
2026-07-07T16:27:26.601+00:00 VCP SET_TARGET_RX steer=0 wheel=0
2026-07-07T16:27:26.601+00:00 VCP idle angle=277647 amtOk=1 fdbkOk=0 en=0 tgtOk=1
2026-07-07T16:27:27.001+00:00 VCP SET_TARGET_RX steer=0 wheel=0
2026-07-07T16:27:27.201+00:00 VCP idle angle=277734 amtOk=1 fdbkOk=0 en=0 tgtOk=1
2026-07-07T16:27:27.602+00:00 VCP SET_TARGET_RX steer=0 wheel=0
2026-07-07T16:27:27.602+00:00 VCP idle angle=277734 amtOk=1 fdbkOk=0 en=0 tgtOk=1
2026-07-07T16:27:28.002+00:00 VCP SET_TARGET_RX steer=0 wheel=0
2026-07-07T16:27:28.203+00:00 VCP idle angle=277734 amtOk=1 fdbkOk=0 en=0 tgtOk=1
2026-07-07T16:27:28.603+00:00 VCP SET_TARGET_RX steer=0 wheel=0
2026-07-07T16:27:28.603+00:00 VCP idle angle=277647 amtOk=1 fdbkOk=1 en=0 tgtOk=1
2026-07-07T16:27:29.004+00:00 VCP SET_TARGET_RX steer=0 wheel=0
2026-07-07T16:27:29.204+00:00 VCP idle angle=277734 amtOk=1 fdbkOk=1 en=0 tgtOk=1
2026-07-07T16:27:29.604+00:00 VCP SET_TARGET_RX steer=0 wheel=0
2026-07-07T16:27:29.605+00:00 VCP idle angle=277647 amtOk=1 fdbkOk=1 en=0 tgtOk=1
2026-07-07T16:27:30.005+00:00 VCP SET_TARGET_RX steer=0 wheel=0
2026-07-07T16:27:30.205+00:00 VCP idle angle=277734 amtOk=1 fdbkOk=1 en=0 tgtOk=1
2026-07-07T16:27:30.606+00:00 VCP SET_TARGET_RX steer=0 wheel=0
2026-07-07T16:27:30.606+00:00 VCP idle angle=277734 amtOk=1 fdbkOk=1 en=0 tgtOk=1
2026-07-07T16:27:31.006+00:00 VCP SET_TARGET_RX steer=0 wheel=0
2026-07-07T16:27:31.207+00:00 VCP idle angle=277734 amtOk=1 fdbkOk=1 en=0 tgtOk=1
2026-07-07T16:27:31.607+00:00 VCP SET_TARGET_RX steer=0 wheel=0
2026-07-07T16:27:31.607+00:00 VCP idle angle=277734 amtOk=1 fdbkOk=1 en=0 tgtOk=1
2026-07-07T16:27:32.008+00:00 VCP SET_TARGET_RX steer=0 wheel=0
2026-07-07T16:27:32.208+00:00 VCP idle angle=277734 amtOk=1 fdbkOk=1 en=0 tgtOk=1
2026-07-07T16:27:32.608+00:00 VCP SET_TARGET_RX steer=0 wheel=0
2026-07-07T16:27:32.609+00:00 VCP idle angle=277734 amtOk=1 fdbkOk=1 en=0 tgtOk=1
2026-07-07T16:27:33.009+00:00 VCP SET_TARGET_RX steer=0 wheel=0
2026-07-07T16:27:33.209+00:00 VCP idle angle=277734 amtOk=1 fdbkOk=1 en=0 tgtOk=1
2026-07-07T16:27:33.610+00:00 VCP SET_TARGET_RX steer=0 wheel=0
2026-07-07T16:27:33.610+00:00 VCP idle angle=277734 amtOk=1 fdbkOk=1 en=0 tgtOk=1
2026-07-07T16:27:34.010+00:00 VCP SET_TARGET_RX steer=0 wheel=0
2026-07-07T16:27:34.211+00:00 VCP idle angle=277734 amtOk=1 fdbkOk=1 en=0 tgtOk=1
2026-07-07T16:27:34.611+00:00 VCP SET_TARGET_RX steer=0 wheel=0
2026-07-07T16:27:34.611+00:00 VCP idle angle=277734 amtOk=1 fdbkOk=1 en=0 tgtOk=1
2026-07-07T16:27:35.012+00:00 VCP SET_TARGET_RX steer=0 wheel=0
2026-07-07T16:27:35.212+00:00 VCP idle angle=277734 amtOk=1 fdbkOk=1 en=0 tgtOk=1
2026-07-07T16:27:35.612+00:00 VCP SET_TARGET_RX steer=0 wheel=0
2026-07-07T16:27:35.612+00:00 VCP idle angle=277734 amtOk=1 fdbkOk=1 en=0 tgtOk=1
2026-07-07T16:27:36.013+00:00 VCP SET_TARGET_RX steer=0 wheel=0
2026-07-07T16:27:36.213+00:00 VCP idle angle=277734 amtOk=1 fdbkOk=1 en=0 tgtOk=1
2026-07-07T16:27:36.613+00:00 VCP SET_TARGET_RX steer=0 wheel=0
2026-07-07T16:27:36.614+00:00 VCP idle angle=277734 amtOk=1 fdbkOk=1 en=0 tgtOk=1
2026-07-07T16:27:37.014+00:00 VCP SET_TARGET_RX steer=0 wheel=0
2026-07-07T16:27:37.214+00:00 VCP idle angle=277734 amtOk=1 fdbkOk=1 en=0 tgtOk=1
2026-07-07T16:27:37.615+00:00 VCP SET_TARGET_RX steer=0 wheel=0
2026-07-07T16:27:37.615+00:00 VCP idle angle=277734 amtOk=1 fdbkOk=1 en=0 tgtOk=1
2026-07-07T16:27:38.015+00:00 VCP SET_TARGET_RX steer=0 wheel=0
2026-07-07T16:27:38.215+00:00 VCP idle angle=277647 amtOk=1 fdbkOk=1 en=0 tgtOk=1
2026-07-07T16:27:38.616+00:00 VCP SET_TARGET_RX steer=0 wheel=0
2026-07-07T16:27:38.616+00:00 VCP idle angle=277647 amtOk=1 fdbkOk=1 en=0 tgtOk=1
2026-07-07T16:27:39.016+00:00 VCP SET_TARGET_RX steer=0 wheel=0
2026-07-07T16:27:39.217+00:00 VCP idle angle=277734 amtOk=1 fdbkOk=1 en=0 tgtOk=1
2026-07-07T16:27:39.617+00:00 VCP SET_TARGET_RX steer=0 wheel=0
2026-07-07T16:27:39.617+00:00 VCP idle angle=277734 amtOk=1 fdbkOk=1 en=0 tgtOk=1
2026-07-07T16:27:40.018+00:00 VCP SET_TARGET_RX steer=0 wheel=0
2026-07-07T16:27:40.218+00:00 VCP idle angle=277734 amtOk=1 fdbkOk=1 en=0 tgtOk=1
2026-07-07T16:27:40.618+00:00 VCP SET_TARGET_RX steer=0 wheel=0
2026-07-07T16:27:40.618+00:00 VCP idle angle=277734 amtOk=1 fdbkOk=1 en=0 tgtOk=1
2026-07-07T16:27:41.019+00:00 VCP SET_TARGET_RX steer=0 wheel=0
2026-07-07T16:27:41.219+00:00 VCP idle angle=277734 amtOk=1 fdbkOk=1 en=0 tgtOk=1
2026-07-07T16:27:41.620+00:00 VCP SET_TARGET_RX steer=0 wheel=0
2026-07-07T16:27:41.620+00:00 VCP idle angle=277734 amtOk=1 fdbkOk=1 en=0 tgtOk=1
2026-07-07T16:27:42.020+00:00 VCP SET_TARGET_RX steer=0 wheel=0
2026-07-07T16:27:42.221+00:00 VCP idle angle=277734 amtOk=1 fdbkOk=1 en=0 tgtOk=1
2026-07-07T16:27:42.621+00:00 VCP SET_TARGET_RX steer=0 wheel=0
2026-07-07T16:27:42.621+00:00 VCP idle angle=277734 amtOk=1 fdbkOk=1 en=0 tgtOk=1
2026-07-07T16:27:43.021+00:00 VCP SET_TARGET_RX steer=0 wheel=0
2026-07-07T16:27:43.222+00:00 VCP idle angle=277734 amtOk=1 fdbkOk=1 en=0 tgtOk=1
2026-07-07T16:27:43.622+00:00 VCP SET_TARGET_RX steer=0 wheel=0
2026-07-07T16:27:43.622+00:00 VCP idle angle=277734 amtOk=1 fdbkOk=1 en=0 tgtOk=1
2026-07-07T16:27:44.022+00:00 VCP SET_TARGET_RX steer=0 wheel=0
2026-07-07T16:27:44.223+00:00 VCP idle angle=277734 amtOk=1 fdbkOk=1 en=0 tgtOk=1
2026-07-07T16:27:44.623+00:00 VCP SET_TARGET_RX steer=0 wheel=0
2026-07-07T16:27:44.623+00:00 VCP idle angle=277734 amtOk=1 fdbkOk=1 en=0 tgtOk=1
2026-07-07T16:27:45.023+00:00 VCP SET_TARGET_RX steer=0 wheel=0
2026-07-07T16:27:45.224+00:00 VCP idle angle=277734 amtOk=1 fdbkOk=1 en=0 tgtOk=1
2026-07-07T16:27:45.424+00:00 VCP SET_TARGET_RX steer=0 wheel=0
2026-07-07T16:27:45.624+00:00 VCP idle angle=277734 amtOk=1 fdbkOk=1 en=0 tgtOk=1
2026-07-07T16:27:46.025+00:00 VCP SET_TARGET_RX steer=0 wheel=0
2026-07-07T16:27:46.225+00:00 VCP idle angle=277734 amtOk=1 fdbkOk=1 en=0 tgtOk=1
2026-07-07T16:27:46.425+00:00 VCP SET_TARGET_RX steer=0 wheel=0
2026-07-07T16:27:46.625+00:00 VCP idle angle=277647 amtOk=1 fdbkOk=1 en=0 tgtOk=1
2026-07-07T16:27:47.026+00:00 VCP SET_TARGET_RX steer=0 wheel=0
2026-07-07T16:27:47.226+00:00 VCP idle angle=277734 amtOk=1 fdbkOk=1 en=0 tgtOk=1
2026-07-07T16:27:47.627+00:00 VCP SET_TARGET_RX steer=0 wheel=0
2026-07-07T16:27:47.627+00:00 VCP idle angle=277734 amtOk=1 fdbkOk=1 en=0 tgtOk=1
2026-07-07T16:27:48.027+00:00 VCP SET_TARGET_RX steer=0 wheel=0
2026-07-07T16:27:48.228+00:00 VCP idle angle=277734 amtOk=1 fdbkOk=1 en=0 tgtOk=1
2026-07-07T16:27:48.628+00:00 VCP SET_TARGET_RX steer=0 wheel=0
2026-07-07T16:27:48.628+00:00 VCP idle angle=277734 amtOk=1 fdbkOk=1 en=0 tgtOk=1
2026-07-07T16:27:49.028+00:00 VCP SET_TARGET_RX steer=0 wheel=0
2026-07-07T16:27:49.229+00:00 VCP idle angle=277734 amtOk=1 fdbkOk=1 en=0 tgtOk=1
2026-07-07T16:27:49.629+00:00 VCP SET_TARGET_RX steer=0 wheel=0
2026-07-07T16:27:49.629+00:00 VCP idle angle=277734 amtOk=1 fdbkOk=1 en=0 tgtOk=1
2026-07-07T16:27:50.030+00:00 VCP SET_TARGET_RX steer=0 wheel=0
2026-07-07T16:27:50.230+00:00 VCP idle angle=277647 amtOk=1 fdbkOk=1 en=0 tgtOk=1
2026-07-07T16:27:50.630+00:00 VCP SET_TARGET_RX steer=0 wheel=0
2026-07-07T16:27:50.630+00:00 VCP idle angle=277734 amtOk=1 fdbkOk=1 en=0 tgtOk=1
2026-07-07T16:27:51.031+00:00 VCP SET_TARGET_RX steer=0 wheel=0
2026-07-07T16:27:51.231+00:00 VCP idle angle=277734 amtOk=1 fdbkOk=1 en=0 tgtOk=1
2026-07-07T16:27:51.632+00:00 VCP SET_TARGET_RX steer=0 wheel=0
2026-07-07T16:27:51.632+00:00 VCP idle angle=277647 amtOk=1 fdbkOk=1 en=0 tgtOk=1
2026-07-07T16:27:52.032+00:00 VCP SET_TARGET_RX steer=0 wheel=0
2026-07-07T16:27:52.233+00:00 VCP idle angle=277734 amtOk=1 fdbkOk=1 en=0 tgtOk=1
2026-07-07T16:27:52.633+00:00 VCP SET_TARGET_RX steer=0 wheel=0
2026-07-07T16:27:52.633+00:00 VCP idle angle=277734 amtOk=1 fdbkOk=1 en=0 tgtOk=1
2026-07-07T16:27:53.034+00:00 VCP SET_TARGET_RX steer=0 wheel=0
2026-07-07T16:27:53.234+00:00 VCP idle angle=277734 amtOk=1 fdbkOk=1 en=0 tgtOk=1
2026-07-07T16:27:53.634+00:00 VCP SET_TARGET_RX steer=0 wheel=0
2026-07-07T16:27:53.634+00:00 VCP idle angle=277734 amtOk=1 fdbkOk=1 en=0 tgtOk=1
2026-07-07T16:27:54.035+00:00 VCP SET_TARGET_RX steer=0 wheel=0
2026-07-07T16:27:54.235+00:00 VCP idle angle=277734 amtOk=1 fdbkOk=1 en=0 tgtOk=1
2026-07-07T16:27:54.635+00:00 VCP SET_TARGET_RX steer=0 wheel=0
2026-07-07T16:27:54.636+00:00 VCP idle angle=277734 amtOk=1 fdbkOk=1 en=0 tgtOk=1
2026-07-07T16:27:55.036+00:00 VCP SET_TARGET_RX steer=0 wheel=0
2026-07-07T16:27:55.236+00:00 VCP idle angle=277734 amtOk=1 fdbkOk=1 en=0 tgtOk=1
2026-07-07T16:27:55.637+00:00 VCP SET_TARGET_RX steer=0 wheel=0
2026-07-07T16:27:55.637+00:00 VCP idle angle=277734 amtOk=1 fdbkOk=1 en=0 tgtOk=1
2026-07-07T16:27:56.037+00:00 VCP SET_TARGET_RX steer=0 wheel=0
2026-07-07T16:27:56.238+00:00 VCP idle angle=277734 amtOk=1 fdbkOk=1 en=0 tgtOk=1
2026-07-07T16:27:56.638+00:00 VCP SET_TARGET_RX steer=0 wheel=0
2026-07-07T16:27:56.638+00:00 VCP idle angle=277734 amtOk=1 fdbkOk=1 en=0 tgtOk=1
2026-07-07T16:27:57.039+00:00 VCP SET_TARGET_RX steer=0 wheel=0
2026-07-07T16:27:57.239+00:00 VCP idle angle=277734 amtOk=1 fdbkOk=1 en=0 tgtOk=1
2026-07-07T16:27:57.640+00:00 VCP SET_TARGET_RX steer=0 wheel=0
2026-07-07T16:27:57.640+00:00 VCP idle angle=277734 amtOk=1 fdbkOk=1 en=0 tgtOk=1
2026-07-07T16:27:58.040+00:00 VCP SET_TARGET_RX steer=0 wheel=0
2026-07-07T16:27:58.240+00:00 VCP idle angle=277734 amtOk=1 fdbkOk=1 en=0 tgtOk=1
2026-07-07T16:27:58.641+00:00 VCP SET_TARGET_RX steer=0 wheel=0
2026-07-07T16:27:58.641+00:00 VCP idle angle=277734 amtOk=1 fdbkOk=1 en=0 tgtOk=1
2026-07-07T16:27:59.041+00:00 VCP SET_TARGET_RX steer=0 wheel=0
2026-07-07T16:27:59.242+00:00 VCP idle angle=277734 amtOk=1 fdbkOk=1 en=0 tgtOk=1
2026-07-07T16:27:59.642+00:00 VCP SET_TARGET_RX steer=0 wheel=0
2026-07-07T16:27:59.642+00:00 VCP idle angle=277734 amtOk=1 fdbkOk=1 en=0 tgtOk=1
2026-07-07T16:28:00.042+00:00 VCP SET_TARGET_RX steer=0 wheel=0
2026-07-07T16:28:00.243+00:00 VCP idle angle=277734 amtOk=1 fdbkOk=1 en=0 tgtOk=1
2026-07-07T16:28:00.643+00:00 VCP SET_TARGET_RX steer=0 wheel=0
2026-07-07T16:28:00.643+00:00 VCP idle angle=277734 amtOk=1 fdbkOk=1 en=0 tgtOk=1
2026-07-07T16:28:01.044+00:00 VCP SET_TARGET_RX steer=0 wheel=0
2026-07-07T16:28:01.244+00:00 VCP idle angle=277734 amtOk=1 fdbkOk=1 en=0 tgtOk=1
2026-07-07T16:28:01.444+00:00 VCP SET_TARGET_RX steer=0 wheel=0
2026-07-07T16:28:01.644+00:00 VCP idle angle=277734 amtOk=1 fdbkOk=1 en=0 tgtOk=1
2026-07-07T16:28:02.045+00:00 VCP SET_TARGET_RX steer=0 wheel=0
2026-07-07T16:28:02.245+00:00 VCP idle angle=277734 amtOk=1 fdbkOk=1 en=0 tgtOk=1
2026-07-07T16:28:02.445+00:00 VCP SET_TARGET_RX steer=0 wheel=0
2026-07-07T16:28:02.646+00:00 VCP idle angle=277734 amtOk=1 fdbkOk=1 en=0 tgtOk=1
2026-07-07T16:28:02.790+00:00 WEBUI enable sent (seeded steer target=277.734deg)
2026-07-07T16:28:02.846+00:00 VCP UNIT_CTRL enable=1
2026-07-07T16:28:02.846+00:00 VCP START_CAN: angle=277734 target=277734 wheelTarget=0
2026-07-07T16:28:02.846+00:00 VCP run=1 step=0 angle=277734 target=277734 err=0 steer=0 m1=0/0 i1=0 t1=33 m2=0/0 i2=0 t2=32 steerMode=0/0 iSteer=0 driveMode=0/0 iDrive=0 scale=0 wheel=0 ffS=0
2026-07-07T16:28:02.996+00:00 VCP run=1 step=0 angle=277734 target=277734 err=0 steer=0 m1=0/0 i1=0 t1=33 m2=0/0 i2=0 t2=32 steerMode=0/0 iSteer=0 driveMode=0/0 iDrive=0 scale=0 wheel=0 ffS=0
2026-07-07T16:28:02.996+00:00 VCP SET_TARGET_RX steer=277734 wheel=0
2026-07-07T16:28:03.105+00:00 VCP run=1 step=0 angle=277734 target=277734 err=0 steer=0 m1=0/0 i1=0 t1=33 m2=0/0 i2=0 t2=32 steerMode=0/0 iSteer=0 driveMode=0/0 iDrive=0 scale=0 wheel=0 ffS=0
2026-07-07T16:28:03.299+00:00 VCP run=1 step=0 angle=277734 target=277734 err=0 steer=0 m1=0/0 i1=0 t1=33 m2=0/0 i2=0 t2=32 steerMode=0/0 iSteer=0 driveMode=0/0 iDrive=0 scale=0 wheel=0 ffS=0
2026-07-07T16:28:03.299+00:00 VCP run=1 step=0 angle=277734 target=277734 err=0 steer=0 m1=0/0 i1=0 t1=33 m2=0/0 i2=0 t2=32 steerMode=0/0 iSteer=0 driveMode=0/0 iDrive=0 scale=0 wheel=0 ffS=0
2026-07-07T16:28:03.444+00:00 VCP run=1 step=0 angle=277734 target=277734 err=0 steer=0 m1=0/0 i1=0 t1=33 m2=0/0 i2=0 t2=32 steerMode=0/0 iSteer=0 driveMode=0/0 iDrive=0 scale=0 wheel=0 ffS=0
2026-07-07T16:28:03.444+00:00 VCP run=1 step=0 angle=277734 target=277734 err=0 steer=0 m1=0/0 i1=0 t1=33 m2=0/0 i2=0 t2=32 steerMode=0/0 iSteer=0 driveMode=0/0 iDrive=0 scale=0 wheel=0 ffS=0
2026-07-07T16:28:03.599+00:00 VCP SET_TARGET_RX steer=277734 wheel=0
2026-07-07T16:28:03.599+00:00 VCP run=1 step=0 angle=277734 target=277734 err=0 steer=0 m1=0/0 i1=0 t1=33 m2=0/0 i2=0 t2=32 steerMode=0/0 iSteer=0 driveMode=0/0 iDrive=0 scale=0 wheel=0 ffS=0
2026-07-07T16:28:03.794+00:00 VCP run=1 step=0 angle=277734 target=277734 err=0 steer=0 m1=0/0 i1=0 t1=33 m2=0/0 i2=0 t2=32 steerMode=0/0 iSteer=0 driveMode=0/0 iDrive=0 scale=0 wheel=0 ffS=0
2026-07-07T16:28:03.794+00:00 VCP run=1 step=0 angle=277734 target=277734 err=0 steer=0 m1=0/0 i1=0 t1=33 m2=0/0 i2=0 t2=32 steerMode=0/0 iSteer=0 driveMode=0/0 iDrive=0 scale=0 wheel=0 ffS=0
2026-07-07T16:28:03.902+00:00 VCP run=1 step=0 angle=277734 target=277734 err=0 steer=0 m1=0/0 i1=0 t1=33 m2=0/0 i2=0 t2=32 steerMode=0/0 iSteer=0 driveMode=0/0 iDrive=0 scale=0 wheel=0 ffS=0
2026-07-07T16:28:04.094+00:00 VCP run=1 step=0 angle=277734 target=277734 err=0 steer=0 m1=0/0 i1=0 t1=33 m2=0/0 i2=0 t2=32 steerMode=0/0 iSteer=0 driveMode=0/0 iDrive=0 scale=0 wheel=0 ffS=0
2026-07-07T16:28:04.094+00:00 VCP SET_TARGET_RX steer=277734 wheel=0
2026-07-07T16:28:04.094+00:00 VCP run=1 step=0 angle=277734 target=277734 err=0 steer=0 m1=0/0 i1=0 t1=33 m2=0/0 i2=0 t2=32 steerMode=0/0 iSteer=0 driveMode=0/0 iDrive=0 scale=0 wheel=0 ffS=0
2026-07-07T16:28:04.202+00:00 VCP run=1 step=0 angle=277734 target=277734 err=0 steer=0 m1=0/0 i1=0 t1=33 m2=0/0 i2=0 t2=32 steerMode=0/0 iSteer=0 driveMode=0/0 iDrive=0 scale=0 wheel=0 ffS=0
2026-07-07T16:28:04.397+00:00 VCP run=1 step=0 angle=277734 target=277734 err=0 steer=0 m1=0/0 i1=0 t1=33 m2=0/0 i2=0 t2=32 steerMode=0/0 iSteer=0 driveMode=0/0 iDrive=0 scale=0 wheel=0 ffS=0
2026-07-07T16:28:04.397+00:00 VCP run=1 step=0 angle=277734 target=277734 err=0 steer=0 m1=0/0 i1=0 t1=33 m2=0/0 i2=0 t2=32 steerMode=0/0 iSteer=0 driveMode=0/0 iDrive=0 scale=0 wheel=0 ffS=0
2026-07-07T16:28:04.502+00:00 VCP run=1 step=0 angle=277647 target=277734 err=88 steer=0 m1=0/0 i1=0 t1=33 m2=0/0 i2=0 t2=32 steerMode=0/0 iSteer=0 driveMode=0/0 iDrive=0 scale=0 wheel=0 ffS=0
2026-07-07T16:28:04.502+00:00 VCP SET_TARGET_RX steer=277734 wheel=0
2026-07-07T16:28:04.697+00:00 VCP run=1 step=0 angle=277734 target=277734 err=0 steer=0 m1=0/0 i1=0 t1=33 m2=0/0 i2=0 t2=32 steerMode=0/0 iSteer=0 driveMode=0/0 iDrive=0 scale=0 wheel=0 ffS=0
2026-07-07T16:28:04.697+00:00 VCP run=1 step=0 angle=277734 target=277734 err=0 steer=0 m1=0/0 i1=0 t1=33 m2=0/0 i2=0 t2=32 steerMode=0/0 iSteer=0 driveMode=0/0 iDrive=0 scale=0 wheel=0 ffS=0
2026-07-07T16:28:04.891+00:00 VCP run=1 step=0 angle=277734 target=277734 err=0 steer=0 m1=0/0 i1=0 t1=33 m2=0/0 i2=0 t2=32 steerMode=0/0 iSteer=0 driveMode=0/0 iDrive=0 scale=0 wheel=0 ffS=0
2026-07-07T16:28:04.891+00:00 VCP run=1 step=0 angle=277734 target=277734 err=0 steer=0 m1=0/0 i1=0 t1=33 m2=0/0 i2=0 t2=32 steerMode=0/0 iSteer=0 driveMode=0/0 iDrive=0 scale=0 wheel=0 ffS=0
2026-07-07T16:28:04.997+00:00 VCP run=1 step=0 angle=277734 target=277734 err=0 steer=0 m1=0/0 i1=0 t1=33 m2=0/0 i2=0 t2=32 steerMode=0/0 iSteer=0 driveMode=0/0 iDrive=0 scale=0 wheel=0 ffS=0
2026-07-07T16:28:04.997+00:00 VCP SET_TARGET_RX steer=277734 wheel=0
2026-07-07T16:28:05.191+00:00 VCP run=1 step=0 angle=277734 target=277734 err=0 steer=0 m1=0/0 i1=0 t1=33 m2=0/0 i2=0 t2=32 steerMode=0/0 iSteer=0 driveMode=0/0 iDrive=0 scale=0 wheel=0 ffS=0
2026-07-07T16:28:05.191+00:00 VCP run=1 step=0 angle=277734 target=277734 err=0 steer=0 m1=0/0 i1=0 t1=33 m2=0/0 i2=0 t2=32 steerMode=0/0 iSteer=0 driveMode=0/0 iDrive=0 scale=0 wheel=0 ffS=0
2026-07-07T16:28:05.300+00:00 VCP run=1 step=0 angle=277734 target=277734 err=0 steer=0 m1=0/0 i1=0 t1=33 m2=0/0 i2=0 t2=32 steerMode=0/0 iSteer=0 driveMode=0/0 iDrive=0 scale=0 wheel=0 ffS=0
2026-07-07T16:28:05.491+00:00 VCP run=1 step=0 angle=277734 target=277734 err=0 steer=0 m1=0/0 i1=0 t1=33 m2=0/0 i2=0 t2=32 steerMode=0/0 iSteer=0 driveMode=0/0 iDrive=0 scale=0 wheel=0 ffS=0
2026-07-07T16:28:05.491+00:00 VCP run=1 step=0 angle=277734 target=277734 err=0 steer=0 m1=0/0 i1=0 t1=33 m2=0/0 i2=0 t2=32 steerMode=0/0 iSteer=0 driveMode=0/0 iDrive=0 scale=0 wheel=0 ffS=0
2026-07-07T16:28:05.491+00:00 VCP SET_TARGET_RX steer=277734 wheel=0
2026-07-07T16:28:05.600+00:00 VCP run=1 step=0 angle=277734 target=277734 err=0 steer=0 m1=0/0 i1=0 t1=33 m2=0/0 i2=0 t2=32 steerMode=0/0 iSteer=0 driveMode=0/0 iDrive=0 scale=0 wheel=0 ffS=0
2026-07-07T16:28:05.794+00:00 VCP run=1 step=0 angle=277734 target=277734 err=0 steer=0 m1=0/0 i1=0 t1=33 m2=0/0 i2=0 t2=32 steerMode=0/0 iSteer=0 driveMode=0/0 iDrive=0 scale=0 wheel=0 ffS=0
2026-07-07T16:28:05.794+00:00 VCP run=1 step=0 angle=277734 target=277734 err=0 steer=0 m1=0/0 i1=0 t1=33 m2=0/0 i2=0 t2=32 steerMode=0/0 iSteer=0 driveMode=0/0 iDrive=0 scale=0 wheel=0 ffS=0
2026-07-07T16:28:05.903+00:00 VCP run=1 step=0 angle=277734 target=277734 err=0 steer=0 m1=0/0 i1=0 t1=33 m2=0/0 i2=0 t2=32 steerMode=0/0 iSteer=0 driveMode=0/0 iDrive=0 scale=0 wheel=0 ffS=0
2026-07-07T16:28:06.094+00:00 VCP run=1 step=0 angle=277734 target=277734 err=0 steer=0 m1=0/0 i1=0 t1=33 m2=0/0 i2=0 t2=32 steerMode=0/0 iSteer=0 driveMode=0/0 iDrive=0 scale=0 wheel=0 ffS=0
2026-07-07T16:28:06.094+00:00 VCP SET_TARGET_RX steer=277734 wheel=0
2026-07-07T16:28:06.094+00:00 VCP run=1 step=0 angle=277734 target=277734 err=0 steer=0 m1=0/0 i1=0 t1=33 m2=0/0 i2=0 t2=32 steerMode=0/0 iSteer=0 driveMode=0/0 iDrive=0 scale=0 wheel=0 ffS=0
2026-07-07T16:28:06.203+00:00 VCP run=1 step=0 angle=277734 target=277734 err=0 steer=0 m1=0/0 i1=0 t1=33 m2=0/0 i2=0 t2=32 steerMode=0/0 iSteer=0 driveMode=0/0 iDrive=0 scale=0 wheel=0 ffS=0
2026-07-07T16:28:06.397+00:00 VCP run=1 step=0 angle=277734 target=277734 err=0 steer=0 m1=0/0 i1=0 t1=33 m2=0/0 i2=0 t2=32 steerMode=0/0 iSteer=0 driveMode=0/0 iDrive=0 scale=0 wheel=0 ffS=0
2026-07-07T16:28:06.397+00:00 VCP run=1 step=0 angle=277734 target=277734 err=0 steer=0 m1=0/0 i1=0 t1=33 m2=0/0 i2=0 t2=32 steerMode=0/0 iSteer=0 driveMode=0/0 iDrive=0 scale=0 wheel=0 ffS=0
2026-07-07T16:28:06.503+00:00 VCP run=1 step=0 angle=277734 target=277734 err=0 steer=0 m1=0/0 i1=0 t1=33 m2=0/0 i2=0 t2=32 steerMode=0/0 iSteer=0 driveMode=0/0 iDrive=0 scale=0 wheel=0 ffS=0
2026-07-07T16:28:06.503+00:00 VCP SET_TARGET_RX steer=277734 wheel=0
2026-07-07T16:28:06.697+00:00 VCP run=1 step=0 angle=277734 target=277734 err=0 steer=0 m1=0/0 i1=0 t1=33 m2=0/0 i2=0 t2=32 steerMode=0/0 iSteer=0 driveMode=0/0 iDrive=0 scale=0 wheel=0 ffS=0
2026-07-07T16:28:06.697+00:00 VCP run=1 step=0 angle=277734 target=277734 err=0 steer=0 m1=0/0 i1=0 t1=33 m2=0/0 i2=0 t2=32 steerMode=0/0 iSteer=0 driveMode=0/0 iDrive=0 scale=0 wheel=0 ffS=0
2026-07-07T16:28:06.892+00:00 VCP run=1 step=0 angle=277734 target=277734 err=0 steer=0 m1=0/0 i1=0 t1=33 m2=0/0 i2=0 t2=32 steerMode=0/0 iSteer=0 driveMode=0/0 iDrive=0 scale=0 wheel=0 ffS=0
2026-07-07T16:28:06.892+00:00 VCP run=1 step=0 angle=277734 target=277734 err=0 steer=0 m1=0/0 i1=0 t1=33 m2=0/0 i2=0 t2=32 steerMode=0/0 iSteer=0 driveMode=0/0 iDrive=0 scale=0 wheel=0 ffS=0
2026-07-07T16:28:06.997+00:00 VCP run=1 step=0 angle=277734 target=277734 err=0 steer=0 m1=0/0 i1=0 t1=33 m2=0/0 i2=0 t2=32 steerMode=0/0 iSteer=0 driveMode=0/0 iDrive=0 scale=0 wheel=0 ffS=0
2026-07-07T16:28:06.997+00:00 VCP SET_TARGET_RX steer=277734 wheel=0
2026-07-07T16:28:07.192+00:00 VCP run=1 step=0 angle=277734 target=277734 err=0 steer=0 m1=0/0 i1=0 t1=33 m2=0/0 i2=0 t2=32 steerMode=0/0 iSteer=0 driveMode=0/0 iDrive=0 scale=0 wheel=0 ffS=0
2026-07-07T16:28:07.192+00:00 VCP run=1 step=0 angle=277734 target=277734 err=0 steer=0 m1=0/0 i1=0 t1=33 m2=0/0 i2=0 t2=32 steerMode=0/0 iSteer=0 driveMode=0/0 iDrive=0 scale=0 wheel=0 ffS=0
2026-07-07T16:28:07.300+00:00 VCP run=1 step=0 angle=277734 target=277734 err=0 steer=0 m1=0/0 i1=0 t1=33 m2=0/0 i2=0 t2=32 steerMode=0/0 iSteer=0 driveMode=0/0 iDrive=0 scale=0 wheel=0 ffS=0
2026-07-07T16:28:07.492+00:00 VCP run=1 step=0 angle=277734 target=277734 err=0 steer=0 m1=0/0 i1=0 t1=33 m2=0/0 i2=0 t2=32 steerMode=0/0 iSteer=0 driveMode=0/0 iDrive=0 scale=0 wheel=0 ffS=0
2026-07-07T16:28:07.492+00:00 VCP run=1 step=0 angle=277734 target=277734 err=0 steer=0 m1=0/0 i1=0 t1=33 m2=0/0 i2=0 t2=32 steerMode=0/0 iSteer=0 driveMode=0/0 iDrive=0 scale=0 wheel=0 ffS=0
2026-07-07T16:28:07.492+00:00 VCP SET_TARGET_RX steer=277734 wheel=0
2026-07-07T16:28:07.600+00:00 VCP run=1 step=0 angle=277734 target=277734 err=0 steer=0 m1=0/0 i1=0 t1=33 m2=0/0 i2=0 t2=32 steerMode=0/0 iSteer=0 driveMode=0/0 iDrive=0 scale=0 wheel=0 ffS=0
2026-07-07T16:28:07.795+00:00 VCP run=1 step=0 angle=277734 target=277734 err=0 steer=0 m1=0/0 i1=0 t1=33 m2=0/0 i2=0 t2=32 steerMode=0/0 iSteer=0 driveMode=0/0 iDrive=0 scale=0 wheel=0 ffS=0
2026-07-07T16:28:07.795+00:00 VCP run=1 step=0 angle=277734 target=277734 err=0 steer=0 m1=0/0 i1=0 t1=33 m2=0/0 i2=0 t2=32 steerMode=0/0 iSteer=0 driveMode=0/0 iDrive=0 scale=0 wheel=0 ffS=0
2026-07-07T16:28:07.903+00:00 VCP run=1 step=0 angle=277647 target=277734 err=88 steer=0 m1=0/0 i1=0 t1=33 m2=0/0 i2=0 t2=32 steerMode=0/0 iSteer=0 driveMode=0/0 iDrive=0 scale=0 wheel=0 ffS=0
2026-07-07T16:28:08.095+00:00 VCP run=1 step=0 angle=277734 target=277734 err=0 steer=0 m1=0/0 i1=0 t1=33 m2=0/0 i2=0 t2=32 steerMode=0/0 iSteer=0 driveMode=0/0 iDrive=0 scale=0 wheel=0 ffS=0
2026-07-07T16:28:08.095+00:00 VCP SET_TARGET_RX steer=277734 wheel=0
2026-07-07T16:28:08.095+00:00 VCP run=1 step=0 angle=277734 target=277734 err=0 steer=0 m1=0/0 i1=0 t1=33 m2=0/0 i2=0 t2=32 steerMode=0/0 iSteer=0 driveMode=0/0 iDrive=0 scale=0 wheel=0 ffS=0
2026-07-07T16:28:08.203+00:00 VCP run=1 step=0 angle=277734 target=277734 err=0 steer=0 m1=0/0 i1=0 t1=33 m2=0/0 i2=0 t2=32 steerMode=0/0 iSteer=0 driveMode=0/0 iDrive=0 scale=0 wheel=0 ffS=0
2026-07-07T16:28:08.394+00:00 VCP run=1 step=0 angle=277734 target=277734 err=0 steer=0 m1=0/0 i1=0 t1=33 m2=0/0 i2=0 t2=32 steerMode=0/0 iSteer=0 driveMode=0/0 iDrive=0 scale=0 wheel=0 ffS=0
2026-07-07T16:28:08.394+00:00 VCP run=1 step=0 angle=277734 target=277734 err=0 steer=0 m1=-429/-36094 i1=-869 t1=33 m2=408/36094 i2=887 t2=32 steerMode=0/-168 iSteer=8831 driveMode=-36094/-13876 iDrive=-877694 scale=0 wheel=-105000 ffS=0
2026-07-07T16:28:08.494+00:00 VCP run=1 step=0 angle=277734 target=277734 err=0 steer=0 m1=-773/-36094 i1=-118 t1=33 m2=784/36094 i2=127 t2=32 steerMode=0/-83 iSteer=4618 driveMode=-36094/-39388 iDrive=-122533 scale=0 wheel=-105000 ffS=0
2026-07-07T16:28:08.494+00:00 VCP SET_TARGET_RX steer=277734 wheel=-105000
2026-07-07T16:28:08.599+00:00 VCP run=1 step=0 angle=277647 target=277734 err=88 steer=0 m1=-716/-36094 i1=-154 t1=33 m2=667/36094 i2=170 t2=32 steerMode=0/-138 iSteer=8245 driveMode=-36094/-37916 iDrive=-161995 scale=0 wheel=-105000 ffS=0
2026-07-07T16:28:08.703+00:00 VCP run=1 step=0 angle=277734 target=277734 err=0 steer=0 m1=-712/-36094 i1=-165 t1=33 m2=661/36094 i2=230 t2=32 steerMode=0/-612 iSteer=32631 driveMode=-36094/-36666 iDrive=-197391 scale=0 wheel=-105000 ffS=0
2026-07-07T16:28:08.807+00:00 VCP run=1 step=0 angle=277647 target=277734 err=88 steer=0 m1=-704/-36094 i1=-167 t1=33 m2=709/36094 i2=250 t2=32 steerMode=0/-752 iSteer=41377 driveMode=-36094/-36275 iDrive=-208399 scale=0 wheel=-105000 ffS=0
2026-07-07T16:28:08.982+00:00 VCP run=1 step=0 angle=277559 target=277734 err=175 steer=0 m1=-704/-36094 i1=-180 t1=33 m2=663/36094 i2=276 t2=32 steerMode=0/-837 iSteer=47870 driveMode=-36094/-35644 iDrive=-227819 scale=0 wheel=-105000 ffS=0
2026-07-07T16:28:08.982+00:00 VCP run=1 step=0 angle=277559 target=277734 err=175 steer=0 m1=-685/-36094 i1=-176 t1=33 m2=638/36094 i2=255 t2=32 steerMode=0/-645 iSteer=39831 driveMode=-36094/-36062 iDrive=-215491 scale=0 wheel=-105000 ffS=0
2026-07-07T16:28:09.093+00:00 VCP SET_TARGET_RX steer=277734 wheel=-105000
2026-07-07T16:28:09.093+00:00 VCP run=1 step=0 angle=277383 target=277734 err=351 steer=0 m1=-693/-36094 i1=-187 t1=33 m2=642/36094 i2=213 t2=32 steerMode=0/-86 iSteer=13024 driveMode=-36094/-36551 iDrive=-200231 scale=0 wheel=-105000 ffS=0
2026-07-07T16:28:09.197+00:00 VCP run=1 step=0 angle=277383 target=277734 err=351 steer=0 m1=-708/-36094 i1=-161 t1=33 m2=678/36094 i2=206 t2=32 steerMode=0/-267 iSteer=22368 driveMode=-36094/-37052 iDrive=-183677 scale=0 wheel=-105000 ffS=0
2026-07-07T16:28:09.301+00:00 VCP run=1 step=0 angle=277207 target=277734 err=527 steer=1054 m1=-668/-34645 i1=-143 t1=33 m2=724/37543 i2=237 t2=32 steerMode=1449/739 iSteer=46682 driveMode=-36094/-36778 iDrive=-189986 scale=0 wheel=-105000 ffS=0
2026-07-07T16:28:09.405+00:00 VCP run=1 step=0 angle=277383 target=277734 err=351 steer=0 m1=-702/-36094 i1=-172 t1=33 m2=701/36094 i2=197 t2=32 steerMode=0/-58 iSteer=12368 driveMode=-36094/-36940 iDrive=-184206 scale=0 wheel=-105000 ffS=0
2026-07-07T16:28:09.506+00:00 VCP run=1 step=0 angle=277295 target=277734 err=439 steer=0 m1=-708/-36094 i1=-156 t1=33 m2=726/36094 i2=208 t2=32 steerMode=0/-320 iSteer=25952 driveMode=-36094/-36955 iDrive=-181588 scale=0 wheel=-105000 ffS=0
2026-07-07T16:28:09.506+00:00 VCP SET_TARGET_RX steer=277734 wheel=-105000
2026-07-07T16:28:09.692+00:00 VCP run=1 step=0 angle=277295 target=277734 err=439 steer=0 m1=-725/-36094 i1=-178 t1=33 m2=629/36094 i2=209 t2=32 steerMode=0/-117 iSteer=15844 driveMode=-36094/-36516 iDrive=-193507 scale=0 wheel=-105000 ffS=0
2026-07-07T16:28:09.692+00:00 VCP run=1 step=0 angle=277295 target=277734 err=439 steer=0 m1=-697/-36094 i1=-160 t1=33 m2=636/36094 i2=252 t2=32 steerMode=0/-697 iSteer=46201 driveMode=-36094/-36085 iDrive=-205905 scale=0 wheel=-105000 ffS=0
2026-07-07T16:28:09.795+00:00 VCP run=1 step=0 angle=277207 target=277734 err=527 steer=1054 m1=-683/-34645 i1=-153 t1=33 m2=726/37543 i2=254 t2=32 steerMode=1449/710 iSteer=50680 driveMode=-36094/-36166 iDrive=-203316 scale=0 wheel=-105000 ffS=0
2026-07-07T16:28:09.899+00:00 VCP run=1 step=0 angle=277383 target=277734 err=351 steer=0 m1=-699/-36094 i1=-221 t1=33 m2=673/36094 i2=175 t2=32 steerMode=0/702 iSteer=-23359 driveMode=-36094/-36332 iDrive=-198084 scale=0 wheel=-105000 ffS=0
2026-07-07T16:28:10.000+00:00 VCP run=1 step=0 angle=277383 target=277734 err=351 steer=0 m1=-697/-36094 i1=-175 t1=33 m2=761/36094 i2=211 t2=32 steerMode=0/-118 iSteer=17938 driveMode=-36094/-36489 iDrive=-192784 scale=0 wheel=-105000 ffS=0
2026-07-07T16:28:10.000+00:00 VCP SET_TARGET_RX steer=277734 wheel=-105000
2026-07-07T16:28:10.104+00:00 VCP run=1 step=0 angle=277471 target=277734 err=263 steer=0 m1=-710/-36094 i1=-164 t1=33 m2=696/36094 i2=207 t2=32 steerMode=0/-184 iSteer=21432 driveMode=-36094/-36711 iDrive=-185187 scale=0 wheel=-105000 ffS=0
2026-07-07T16:28:10.208+00:00 VCP run=1 step=0 angle=277559 target=277734 err=175 steer=0 m1=-702/-36094 i1=-155 t1=33 m2=709/36094 i2=202 t2=32 steerMode=0/-207 iSteer=23568 driveMode=-36094/-36901 iDrive=-178271 scale=0 wheel=-105000 ffS=0
2026-07-07T16:28:10.394+00:00 VCP run=1 step=0 angle=277734 target=277734 err=0 steer=0 m1=-697/-36094 i1=-164 t1=33 m2=692/36094 i2=205 t2=32 steerMode=0/-132 iSteer=20444 driveMode=-36094/-36645 iDrive=-184704 scale=0 wheel=-105000 ffS=0
2026-07-07T16:28:10.394+00:00 VCP run=1 step=0 angle=277647 target=277734 err=88 steer=0 m1=-691/-36094 i1=-168 t1=33 m2=652/36094 i2=211 t2=32 steerMode=0/-144 iSteer=21361 driveMode=-36094/-36459 iDrive=-189267 scale=0 wheel=-105000 ffS=0
2026-07-07T16:28:10.494+00:00 VCP run=1 step=0 angle=277647 target=277734 err=88 steer=0 m1=-699/-36094 i1=-164 t1=33 m2=698/36094 i2=229 t2=32 steerMode=0/-349 iSteer=32104 driveMode=-36094/-36212 iDrive=-196459 scale=0 wheel=-105000 ffS=0
2026-07-07T16:28:10.495+00:00 VCP SET_TARGET_RX steer=277734 wheel=-105000
2026-07-07T16:28:10.599+00:00 VCP run=1 step=0 angle=277647 target=277734 err=88 steer=0 m1=-679/-36094 i1=-163 t1=33 m2=680/36094 i2=255 t2=32 steerMode=0/-592 iSteer=45689 driveMode=-36094/-35805 iDrive=-208908 scale=0 wheel=-105000 ffS=0
2026-07-07T16:28:10.703+00:00 VCP run=1 step=0 angle=277647 target=277734 err=88 steer=0 m1=-687/-36094 i1=-168 t1=33 m2=742/36094 i2=235 t2=32 steerMode=0/-336 iSteer=33252 driveMode=-36094/-36046 iDrive=-201568 scale=0 wheel=-105000 ffS=0
2026-07-07T16:28:10.807+00:00 VCP run=1 step=0 angle=277559 target=277734 err=175 steer=0 m1=-681/-36094 i1=-182 t1=33 m2=701/36094 i2=202 t2=32 steerMode=0/123 iSteer=10124 driveMode=-36094/-36375 iDrive=-191754 scale=0 wheel=-105000 ffS=0
2026-07-07T16:28:10.983+00:00 VCP run=1 step=0 angle=277647 target=277734 err=88 steer=0 m1=-697/-36094 i1=-165 t1=33 m2=657/36094 i2=205 t2=32 steerMode=0/-62 iSteer=19743 driveMode=-36094/-36597 iDrive=-184917 scale=0 wheel=-105000 ffS=0
2026-07-07T16:28:10.983+00:00 VCP run=1 step=0 angle=277559 target=277734 err=175 steer=0 m1=-681/-36094 i1=-174 t1=33 m2=705/36094 i2=224 t2=32 steerMode=0/-156 iSteer=24905 driveMode=-36094/-36137 iDrive=-198717 scale=0 wheel=-105000 ffS=0
2026-07-07T16:28:11.094+00:00 VCP SET_TARGET_RX steer=277734 wheel=-105000
2026-07-07T16:28:11.094+00:00 VCP run=1 step=0 angle=277647 target=277734 err=88 steer=0 m1=-708/-36094 i1=-174 t1=33 m2=690/36094 i2=230 t2=32 steerMode=0/-215 iSteer=28276 driveMode=-36094/-36034 iDrive=-201938 scale=0 wheel=-105000 ffS=0
2026-07-07T16:28:11.198+00:00 VCP run=1 step=0 angle=277647 target=277734 err=88 steer=0 m1=-672/-36094 i1=-167 t1=33 m2=703/36094 i2=208 t2=32 steerMode=0/-58 iSteer=20600 driveMode=-36094/-36510 iDrive=-187509 scale=0 wheel=-105000 ffS=0
2026-07-07T16:28:11.302+00:00 VCP run=1 step=0 angle=277559 target=277734 err=175 steer=0 m1=-687/-36094 i1=-175 t1=33 m2=684/36094 i2=222 t2=32 steerMode=0/-119 iSteer=23597 driveMode=-36094/-36139 iDrive=-198638 scale=0 wheel=-105000 ffS=0
2026-07-07T16:28:11.406+00:00 VCP run=1 step=0 angle=277647 target=277734 err=88 steer=0 m1=-683/-36094 i1=-173 t1=33 m2=680/36094 i2=228 t2=32 steerMode=0/-194 iSteer=27924 driveMode=-36094/-36084 iDrive=-200539 scale=0 wheel=-105000 ffS=0
2026-07-07T16:28:11.507+00:00 VCP run=1 step=0 angle=277559 target=277734 err=175 steer=0 m1=-672/-36094 i1=-188 t1=33 m2=751/36094 i2=179 t2=32 steerMode=0/436 iSteer=-4552 driveMode=-36094/-36648 iDrive=-183369 scale=0 wheel=-105000 ffS=0
2026-07-07T16:28:11.507+00:00 VCP SET_TARGET_RX steer=277734 wheel=-105000
2026-07-07T16:28:11.693+00:00 VCP run=1 step=0 angle=277734 target=277734 err=0 steer=0 m1=-693/-36094 i1=-186 t1=33 m2=686/36094 i2=194 t2=32 steerMode=0/262 iSteer=3914 driveMode=-36094/-36426 iDrive=-190024 scale=0 wheel=-105000 ffS=0
2026-07-07T16:28:11.693+00:00 VCP run=1 step=0 angle=277734 target=277734 err=0 steer=0 m1=-718/-36094 i1=-165 t1=33 m2=673/36094 i2=175 t2=32 steerMode=0/217 iSteer=5210 driveMode=-36094/-37098 iDrive=-169862 scale=0 wheel=-105000 ffS=0
2026-07-07T16:28:11.797+00:00 VCP run=1 step=0 angle=277559 target=277734 err=175 steer=0 m1=-699/-36094 i1=-202 t1=33 m2=698/36094 i2=168 t2=32 steerMode=0/634 iSteer=-16939 driveMode=-36094/-36595 iDrive=-184962 scale=0 wheel=-105000 ffS=0
2026-07-07T16:28:11.901+00:00 VCP run=1 step=0 angle=277559 target=277734 err=175 steer=0 m1=-702/-36094 i1=-178 t1=33 m2=671/36094 i2=230 t2=32 steerMode=0/-229 iSteer=26026 driveMode=-36094/-35947 iDrive=-204452 scale=0 wheel=-105000 ffS=0
2026-07-07T16:28:12.002+00:00 VCP run=1 step=0 angle=277647 target=277734 err=88 steer=0 m1=-676/-36094 i1=-200 t1=33 m2=707/36094 i2=243 t2=32 steerMode=0/-109 iSteer=21074 driveMode=-36094/-35417 iDrive=-221568 scale=0 wheel=-105000 ffS=0
2026-07-07T16:28:12.002+00:00 VCP SET_TARGET_RX steer=277734 wheel=-105000
2026-07-07T16:28:12.106+00:00 VCP run=1 step=0 angle=277822 target=277734 err=-88 steer=0 m1=-676/-36094 i1=-186 t1=33 m2=688/36094 i2=284 t2=32 steerMode=0/-658 iSteer=49228 driveMode=-36094/-35001 iDrive=-235137 scale=0 wheel=-105000 ffS=0
2026-07-07T16:28:12.292+00:00 VCP run=1 step=0 angle=277822 target=277734 err=-88 steer=0 m1=-664/-36094 i1=-197 t1=33 m2=615/36094 i2=316 t2=32 steerMode=0/-819 iSteer=59182 driveMode=-36094/-34366 iDrive=-256657 scale=0 wheel=-105000 ffS=0
2026-07-07T16:28:12.292+00:00 VCP run=1 step=0 angle=277822 target=277734 err=-88 steer=0 m1=-668/-36094 i1=-190 t1=33 m2=667/36094 i2=288 t2=32 steerMode=0/-570 iSteer=48806 driveMode=-36094/-35054 iDrive=-238706 scale=0 wheel=-105000 ffS=0
2026-07-07T16:28:12.396+00:00 VCP run=1 step=0 angle=277822 target=277734 err=-88 steer=0 m1=-658/-36094 i1=-200 t1=33 m2=713/36094 i2=221 t2=32 steerMode=0/220 iSteer=10305 driveMode=-36094/-36041 iDrive=-210450 scale=0 wheel=-105000 ffS=0
2026-07-07T16:28:12.497+00:00 VCP run=1 step=0 angle=277734 target=277734 err=0 steer=0 m1=-674/-36094 i1=-178 t1=33 m2=680/36094 i2=212 t2=32 steerMode=0/77 iSteer=16740 driveMode=-36094/-36552 iDrive=-194813 scale=0 wheel=-105000 ffS=0
2026-07-07T16:28:12.497+00:00 VCP SET_TARGET_RX steer=277734 wheel=-105000
2026-07-07T16:28:12.601+00:00 VCP run=1 step=0 angle=277647 target=277734 err=88 steer=0 m1=-704/-36094 i1=-192 t1=33 m2=717/36094 i2=223 t2=32 steerMode=0/107 iSteer=15475 driveMode=-36094/-36090 iDrive=-207785 scale=0 wheel=-105000 ffS=0
2026-07-07T16:28:12.705+00:00 VCP run=1 step=0 angle=277647 target=277734 err=88 steer=0 m1=-693/-36094 i1=-186 t1=33 m2=709/36094 i2=225 t2=32 steerMode=0/33 iSteer=19310 driveMode=-36094/-36162 iDrive=-205652 scale=0 wheel=-105000 ffS=0
2026-07-07T16:28:12.891+00:00 VCP run=1 step=0 angle=277647 target=277734 err=88 steer=0 m1=-714/-36094 i1=-182 t1=33 m2=684/36094 i2=213 t2=32 steerMode=0/113 iSteer=15543 driveMode=-36094/-36402 iDrive=-197912 scale=0 wheel=-105000 ffS=0
2026-07-07T16:28:12.891+00:00 VCP run=1 step=0 angle=277559 target=277734 err=175 steer=0 m1=-689/-36094 i1=-170 t1=33 m2=671/36094 i2=226 t2=32 steerMode=0/-137 iSteer=28009 driveMode=-36094/-36370 iDrive=-198259 scale=0 wheel=-105000 ffS=0
2026-07-07T16:28:12.991+00:00 VCP run=1 step=0 angle=285557 target=28500 err=102943 steer=40000 m1=320/18906 i1=648 t1=33 m2=1688/91094 i2=1004 t2=32 steerMode=55000/40200 iSteer=826102 driveMode=-36094/-37006 iDrive=-177748 scale=0 wheel=-105000 ffS=0
2026-07-07T16:28:12.991+00:00 VCP SET_TARGET_RX steer=28500 wheel=-105000
2026-07-07T16:28:13.094+00:00 VCP run=1 step=0 angle=312100 target=28500 err=76400 steer=40000 m1=261/18906 i1=-129 t1=33 m2=1780/91094 i2=64 t2=32 steerMode=55000/57304 iSteer=-32804 driveMode=-36094/-39562 iDrive=-96521 scale=0 wheel=-105000 ffS=0
2026-07-07T16:28:13.197+00:00 VCP run=1 step=0 angle=333369 target=28500 err=55131 steer=40000 m1=259/18906 i1=198 t1=33 m2=1764/91094 i2=354 t2=32 steerMode=55000/51286 iSteer=276292 driveMode=-36094/-40163 iDrive=-77931 scale=0 wheel=-105000 ffS=0
2026-07-07T16:28:13.301+00:00 VCP run=1 step=0 angle=356572 target=28500 err=31928 steer=40000 m1=221/18906 i1=131 t1=33 m2=1730/91094 i2=279 t2=32 steerMode=55000/52827 iSteer=205048 driveMode=-36094/-40280 iDrive=-74427 scale=0 wheel=-105000 ffS=0
2026-07-07T16:28:13.404+00:00 VCP run=1 step=0 angle=18633 target=28500 err=9867 steer=19734 m1=-5/-8959 i1=-968 t1=33 m2=1504/63229 i2=-765 t2=32 steerMode=27135/46163 iSteer=-866517 driveMode=-36094/-39390 iDrive=-101106 scale=0 wheel=-105000 ffS=0
2026-07-07T16:28:13.504+00:00 VCP run=1 step=0 angle=25840 target=28500 err=2660 steer=5320 m1=-618/-28778 i1=-69 t1=33 m2=749/43409 i2=315 t2=32 steerMode=7315/5918 iSteer=123278 driveMode=-36094/-36360 iDrive=-192001 scale=0 wheel=-105000 ffS=0
2026-07-07T16:28:13.504+00:00 VCP SET_TARGET_RX steer=28500 wheel=-105000
2026-07-07T16:28:13.608+00:00 VCP run=1 step=0 angle=27773 target=28500 err=727 steer=1453 m1=-616/-34096 i1=-272 t1=33 m2=719/38092 i2=125 t2=32 steerMode=1998/4505 iSteer=-73376 driveMode=-36094/-36161 iDrive=-198274 scale=0 wheel=-105000 ffS=0
2026-07-07T16:28:13.794+00:00 VCP run=1 step=0 angle=28389 target=28500 err=111 steer=0 m1=-708/-36094 i1=-121 t1=33 m2=711/36094 i2=231 t2=32 steerMode=0/-154 iSteer=54545 driveMode=-36094/-36893 iDrive=-176023 scale=0 wheel=-105000 ffS=0
2026-07-07T16:28:13.794+00:00 VCP run=1 step=0 angle=28389 target=28500 err=111 steer=0 m1=-666/-36094 i1=-174 t1=33 m2=711/36094 i2=207 t2=32 steerMode=0/589 iSteer=16643 driveMode=-36094/-36403 iDrive=-190734 scale=0 wheel=-105000 ffS=0
2026-07-07T16:28:13.898+00:00 VCP run=1 step=0 angle=28564 target=28500 err=-64 steer=0 m1=-691/-36094 i1=-154 t1=33 m2=692/36094 i2=194 t2=32 steerMode=0/479 iSteer=19952 driveMode=-36094/-36969 iDrive=-173745 scale=0 wheel=-105000 ffS=0
2026-07-07T16:28:13.999+00:00 VCP run=1 step=0 angle=28916 target=28500 err=-416 steer=0 m1=-683/-36094 i1=-170 t1=33 m2=740/36094 i2=189 t2=32 steerMode=0/651 iSteer=9559 driveMode=-36094/-36788 iDrive=-179160 scale=0 wheel=-105000 ffS=0
2026-07-07T16:28:13.999+00:00 VCP SET_TARGET_RX steer=28500 wheel=-105000
2026-07-07T16:28:14.103+00:00 VCP run=1 step=0 angle=29092 target=28500 err=-592 steer=-1184 m1=-745/-37721 i1=-175 t1=33 m2=690/34466 i2=166 t2=32 steerMode=-1627/-774 iSteer=-4617 driveMode=-36094/-37066 iDrive=-170823 scale=0 wheel=-105000 ffS=0
2026-07-07T16:28:14.207+00:00 VCP run=1 step=0 angle=28828 target=28500 err=-328 steer=0 m1=-689/-36094 i1=-161 t1=33 m2=698/36094 i2=189 t2=32 steerMode=0/486 iSteer=14085 driveMode=-36094/-36934 iDrive=-174788 scale=0 wheel=-105000 ffS=0
2026-07-07T16:28:14.391+00:00 VCP run=1 step=0 angle=29092 target=28500 err=-592 steer=-1184 m1=-731/-37721 i1=-202 t1=33 m2=654/34466 i2=139 t2=32 steerMode=-1627/-289 iSteer=-31535 driveMode=-36094/-37069 iDrive=-170756 scale=0 wheel=-105000 ffS=0
2026-07-07T16:28:14.391+00:00 VCP run=1 step=0 angle=29004 target=28500 err=-504 steer=-1008 m1=-741/-37479 i1=-153 t1=33 m2=659/34708 i2=197 t2=32 steerMode=-1386/-1141 iSteer=22021 driveMode=-36094/-36916 iDrive=-175339 scale=0 wheel=-105000 ffS=0
2026-07-07T16:28:14.492+00:00 VCP run=1 step=0 angle=28916 target=28500 err=-416 steer=0 m1=-676/-36094 i1=-176 t1=33 m2=709/36094 i2=195 t2=32 steerMode=0/488 iSteer=9198 driveMode=-36094/-36581 iDrive=-185372 scale=0 wheel=-105000 ffS=0
2026-07-07T16:28:14.492+00:00 VCP SET_TARGET_RX steer=28500 wheel=-105000
2026-07-07T16:28:14.595+00:00 VCP run=1 step=0 angle=29004 target=28500 err=-504 steer=-1008 m1=-727/-37479 i1=-211 t1=33 m2=667/34708 i2=145 t2=32 steerMode=-1386/-101 iSteer=-33133 driveMode=-36094/-36839 iDrive=-177650 scale=0 wheel=-105000 ffS=0
2026-07-07T16:28:14.699+00:00 VCP run=1 step=0 angle=28916 target=28500 err=-416 steer=-408 m1=-727/-36654 i1=-116 t1=33 m2=642/35533 i2=209 t2=32 steerMode=-561/-889 iSteer=46477 driveMode=-36094/-37331 iDrive=-162895 scale=0 wheel=-105000 ffS=0
2026-07-07T16:28:14.803+00:00 VCP run=1 step=0 angle=28828 target=28500 err=-328 steer=0 m1=-681/-36094 i1=-184 t1=33 m2=742/36094 i2=173 t2=32 steerMode=0/696 iSteer=-5311 driveMode=-36094/-36813 iDrive=-178413 scale=0 wheel=-105000 ffS=0
2026-07-07T16:28:14.907+00:00 VCP run=1 step=0 angle=29004 target=28500 err=-504 steer=-1008 m1=-704/-37479 i1=-218 t1=33 m2=707/34708 i2=114 t2=32 steerMode=-1386/204 iSteer=-51932 driveMode=-36094/-37236 iDrive=-165734 scale=0 wheel=-105000 ffS=0
2026-07-07T16:28:15.007+00:00 VCP run=1 step=0 angle=29004 target=70900 err=41896 steer=4992 m1=-714/-29229 i1=250 t1=33 m2=728/42958 i2=587 t2=32 steerMode=6864/-963 iSteer=418370 driveMode=-36094/-37154 iDrive=-168178 scale=0 wheel=-105000 ffS=0
2026-07-07T16:28:15.007+00:00 VCP SET_TARGET_RX steer=70900 wheel=-105000
2026-07-07T16:28:15.191+00:00 VCP run=1 step=0 angle=40078 target=70900 err=30822 steer=40000 m1=351/18906 i1=341 t1=33 m2=1847/91094 i2=606 t2=32 steerMode=55000/47336 iSteer=473561 driveMode=-36094/-38355 iDrive=-132167 scale=0 wheel=-105000 ffS=0
2026-07-07T16:28:15.191+00:00 VCP run=1 step=0 angle=64160 target=70900 err=6740 steer=13480 m1=-183/-17559 i1=-1236 t1=33 m2=1316/54628 i2=-1091 t2=32 steerMode=18535/42908 iSteer=-1163729 driveMode=-36094/-40350 iDrive=-72320 scale=0 wheel=-105000 ffS=0
2026-07-07T16:28:15.294+00:00 VCP run=1 step=0 angle=67236 target=70900 err=3664 steer=7327 m1=-566/-26019 i1=131 t1=33 m2=747/46169 i2=535 t2=32 steerMode=10075/4292 iSteer=332999 driveMode=-36094/-36020 iDrive=-202241 scale=0 wheel=-105000 ffS=0
2026-07-07T16:28:15.399+00:00 VCP run=1 step=0 angle=70840 target=70900 err=60 steer=0 m1=-658/-36094 i1=-381 t1=33 m2=701/36094 i2=-27 t2=32 steerMode=0/4751 iSteer=-203986 driveMode=-36094/-36854 iDrive=-177181 scale=0 wheel=-105000 ffS=0
2026-07-07T16:28:15.499+00:00 VCP run=1 step=0 angle=70840 target=70900 err=60 steer=0 m1=-699/-36094 i1=-83 t1=33 m2=711/36094 i2=271 t2=32 steerMode=0/-1181 iSteer=93823 driveMode=-36094/-36860 iDrive=-177023 scale=0 wheel=-105000 ffS=0
2026-07-07T16:28:15.499+00:00 VCP SET_TARGET_RX steer=70900 wheel=-105000
2026-07-07T16:28:15.604+00:00 VCP run=1 step=0 angle=70840 target=70900 err=60 steer=0 m1=-695/-36094 i1=-186 t1=33 m2=696/36094 i2=178 t2=32 steerMode=0/741 iSteer=-3926 driveMode=-36094/-36707 iDrive=-181590 scale=0 wheel=-105000 ffS=0
2026-07-07T16:28:15.790+00:00 VCP run=1 step=0 angle=70840 target=70900 err=60 steer=0 m1=-712/-36094 i1=-157 t1=33 m2=690/36094 i2=186 t2=32 steerMode=0/357 iSteer=14539 driveMode=-36094/-37042 iDrive=-171554 scale=0 wheel=-105000 ffS=0
2026-07-07T16:28:15.790+00:00 VCP run=1 step=0 angle=71016 target=70900 err=-116 steer=0 m1=-679/-36094 i1=-154 t1=33 m2=705/36094 i2=209 t2=32 steerMode=0/82 iSteer=27452 driveMode=-36094/-36705 iDrive=-181667 scale=0 wheel=-105000 ffS=0
2026-07-07T16:28:15.894+00:00 VCP run=1 step=0 angle=71104 target=70900 err=-204 steer=0 m1=-685/-36094 i1=-154 t1=33 m2=705/36094 i2=221 t2=32 steerMode=0/-41 iSteer=33306 driveMode=-36094/-36513 iDrive=-187411 scale=0 wheel=-105000 ffS=0
2026-07-07T16:28:15.995+00:00 VCP run=1 step=0 angle=71191 target=70900 err=-291 steer=0 m1=-718/-36094 i1=-158 t1=33 m2=680/36094 i2=198 t2=32 steerMode=0/210 iSteer=20069 driveMode=-36094/-36836 iDrive=-177745 scale=0 wheel=-105000 ffS=0
2026-07-07T16:28:15.995+00:00 VCP SET_TARGET_RX steer=70900 wheel=-105000
2026-07-07T16:28:16.099+00:00 VCP run=1 step=0 angle=71279 target=70900 err=-379 steer=0 m1=-697/-36094 i1=-148 t1=33 m2=724/36094 i2=191 t2=32 steerMode=0/166 iSteer=21787 driveMode=-36094/-37106 iDrive=-169644 scale=0 wheel=-105000 ffS=0
2026-07-07T16:28:16.204+00:00 VCP run=1 step=0 angle=71279 target=70900 err=-379 steer=0 m1=-695/-36094 i1=-159 t1=33 m2=719/36094 i2=181 t2=32 steerMode=0/363 iSteer=11235 driveMode=-36094/-37101 iDrive=-169780 scale=0 wheel=-105000 ffS=0
2026-07-07T16:28:16.308+00:00 VCP run=1 step=0 angle=71367 target=70900 err=-467 steer=0 m1=-695/-36094 i1=-147 t1=33 m2=698/36094 i2=176 t2=32 steerMode=0/276 iSteer=14588 driveMode=-36094/-37383 iDrive=-161308 scale=0 wheel=-105000 ffS=0
2026-07-07T16:28:16.483+00:00 VCP run=1 step=0 angle=71455 target=70900 err=-555 steer=-1110 m1=-739/-37620 i1=-144 t1=33 m2=659/34567 i2=175 t2=32 steerMode=-1526/-1334 iSteer=15652 driveMode=-36094/-37442 iDrive=-159553 scale=0 wheel=-105000 ffS=0
2026-07-07T16:28:16.483+00:00 VCP run=1 step=0 angle=71455 target=70900 err=-555 steer=-1110 m1=-725/-37620 i1=-160 t1=33 m2=707/34567 i2=131 t2=32 steerMode=-1526/-735 iSteer=-14971 driveMode=-36094/-37911 iDrive=-145485 scale=0 wheel=-105000 ffS=0
2026-07-07T16:28:16.592+00:00 VCP SET_TARGET_RX steer=70900 wheel=-105000
2026-07-07T16:28:16.592+00:00 VCP run=1 step=0 angle=71455 target=70900 err=-555 steer=-1110 m1=-710/-37620 i1=-192 t1=33 m2=682/34567 i2=150 t2=32 steerMode=-1526/-644 iSteer=-21062 driveMode=-36094/-37053 iDrive=-171209 scale=0 wheel=-105000 ffS=0
2026-07-07T16:28:16.696+00:00 VCP run=1 step=0 angle=71279 target=70900 err=-379 steer=0 m1=-712/-36094 i1=-140 t1=33 m2=696/36094 i2=175 t2=32 steerMode=0/94 iSteer=17755 driveMode=-36094/-37516 iDrive=-157328 scale=0 wheel=-105000 ffS=0
2026-07-07T16:28:16.801+00:00 VCP run=1 step=0 angle=71191 target=70900 err=-291 steer=0 m1=-695/-36094 i1=-175 t1=33 m2=707/36094 i2=160 t2=32 steerMode=0/559 iSteer=-7462 driveMode=-36094/-37162 iDrive=-167948 scale=0 wheel=-105000 ffS=0
2026-07-07T16:28:16.905+00:00 VCP run=1 step=0 angle=71191 target=70900 err=-291 steer=0 m1=-685/-36094 i1=-159 t1=33 m2=665/36094 i2=216 t2=32 steerMode=0/-182 iSteer=28912 driveMode=-36094/-36508 iDrive=-187574 scale=0 wheel=-105000 ffS=0
2026-07-07T16:28:17.006+00:00 VCP run=1 step=0 angle=71191 target=70900 err=-291 steer=0 m1=-699/-36094 i1=-177 t1=33 m2=721/36094 i2=180 t2=32 steerMode=0/366 iSteer=1544 driveMode=-36094/-36817 iDrive=-178306 scale=0 wheel=-105000 ffS=0
2026-07-07T16:28:17.006+00:00 VCP SET_TARGET_RX steer=70900 wheel=-105000
2026-07-07T16:28:17.192+00:00 VCP run=1 step=0 angle=71279 target=70900 err=-379 steer=0 m1=-702/-36094 i1=-145 t1=33 m2=747/36094 i2=178 t2=32 steerMode=0/64 iSteer=16304 driveMode=-36094/-37385 iDrive=-161250 scale=0 wheel=-105000 ffS=0
2026-07-07T16:28:17.192+00:00 VCP run=1 step=0 angle=71367 target=70900 err=-467 steer=0 m1=-716/-36094 i1=-134 t1=33 m2=657/36094 i2=181 t2=32 steerMode=0/-90 iSteer=23646 driveMode=-36094/-37499 iDrive=-157832 scale=0 wheel=-105000 ffS=0
2026-07-07T16:28:17.295+00:00 VCP run=1 step=0 angle=71279 target=124200 err=52921 steer=5400 m1=-710/-28669 i1=217 t1=33 m2=734/43519 i2=541 t2=32 steerMode=7425/240 iSteer=379200 driveMode=-36094/-37351 iDrive=-162295 scale=0 wheel=-105000 ffS=0
2026-07-07T16:28:17.399+00:00 VCP run=1 step=0 angle=82705 target=124200 err=41495 steer=40000 m1=372/18906 i1=321 t1=33 m2=1877/91094 i2=586 t2=32 steerMode=55000/47599 iSteer=453589 driveMode=-36094/-38353 iDrive=-132210 scale=0 wheel=-105000 ffS=0
2026-07-07T16:28:17.498+00:00 VCP run=1 step=0 angle=108896 target=124200 err=15304 steer=30607 m1=230/5991 i1=-609 t1=33 m2=1718/78178 i2=-440 t2=32 steerMode=42085/54059 iSteer=-524448 driveMode=-36094/-39929 iDrive=-84942 scale=0 wheel=-105000 ffS=0
2026-07-07T16:28:17.498+00:00 VCP SET_TARGET_RX steer=124200 wheel=-105000
2026-07-07T16:28:17.602+00:00 VCP run=1 step=0 angle=120498 target=124200 err=3702 steer=7404 m1=-532/-25913 i1=-324 t1=33 m2=891/46274 i2=3 t2=32 steerMode=10180/14101 iSteer=-160159 driveMode=-36094/-37315 iDrive=-163377 scale=0 wheel=-105000 ffS=0
2026-07-07T16:28:17.705+00:00 VCP run=1 step=0 angle=122256 target=124200 err=1944 steer=3888 m1=-553/-30747 i1=-214 t1=33 m2=809/41440 i2=213 t2=32 steerMode=5346/6093 iSteer=-913 driveMode=-36094/-35667 iDrive=-213532 scale=0 wheel=-105000 ffS=0
2026-07-07T16:28:17.891+00:00 VCP run=1 step=0 angle=123750 target=124200 err=450 steer=0 m1=-712/-36094 i1=-245 t1=33 m2=713/36094 i2=152 t2=32 steerMode=0/1496 iSteer=-46205 driveMode=-36094/-36168 iDrive=-198697 scale=0 wheel=-105000 ffS=0
2026-07-07T16:28:17.891+00:00 VCP run=1 step=0 angle=123750 target=124200 err=450 steer=0 m1=-670/-36094 i1=-145 t1=33 m2=747/36094 i2=212 t2=32 steerMode=0/-86 iSteer=33164 driveMode=-36094/-36808 iDrive=-178582 scale=0 wheel=-105000 ffS=0
2026-07-07T16:28:17.992+00:00 VCP run=1 step=0 angle=123750 target=124200 err=450 steer=0 m1=-697/-36094 i1=-166 t1=33 m2=744/36094 i2=167 t2=32 steerMode=0/542 iSteer=761 driveMode=-36094/-37214 iDrive=-166405 scale=0 wheel=-105000 ffS=0
2026-07-07T16:28:17.992+00:00 VCP SET_TARGET_RX steer=124200 wheel=-105000
2026-07-07T16:28:18.096+00:00 VCP run=1 step=0 angle=123838 target=124200 err=362 steer=0 m1=-720/-36094 i1=-143 t1=33 m2=678/36094 i2=205 t2=32 steerMode=0/-71 iSteer=30769 driveMode=-36094/-36967 iDrive=-173813 scale=0 wheel=-105000 ffS=0
2026-07-07T16:28:18.200+00:00 VCP run=1 step=0 angle=124277 target=124200 err=-77 steer=0 m1=-687/-36094 i1=-160 t1=33 m2=629/36094 i2=247 t2=32 steerMode=0/-308 iSteer=43261 driveMode=-36094/-35981 iDrive=-203456 scale=0 wheel=-105000 ffS=0
2026-07-07T16:28:18.304+00:00 VCP run=1 step=0 angle=124277 target=124200 err=-77 steer=0 m1=-716/-36094 i1=-140 t1=33 m2=694/36094 i2=221 t2=32 steerMode=0/-229 iSteer=40279 driveMode=-36094/-36738 iDrive=-180660 scale=0 wheel=-105000 ffS=0
2026-07-07T16:28:18.481+00:00 VCP run=1 step=0 angle=124189 target=124200 err=11 steer=0 m1=-699/-36094 i1=-171 t1=33 m2=671/36094 i2=208 t2=32 steerMode=0/200 iSteer=18226 driveMode=-36094/-36450 iDrive=-189321 scale=0 wheel=-105000 ffS=0
2026-07-07T16:28:18.482+00:00 VCP run=1 step=0 angle=124189 target=124200 err=11 steer=0 m1=-674/-36094 i1=-157 t1=33 m2=736/36094 i2=209 t2=32 steerMode=0/46 iSteer=26093 driveMode=-36094/-36660 iDrive=-183006 scale=0 wheel=-105000 ffS=0
2026-07-07T16:28:18.591+00:00 VCP SET_TARGET_RX steer=124200 wheel=-105000
2026-07-07T16:28:18.591+00:00 VCP run=1 step=0 angle=124277 target=124200 err=-77 steer=0 m1=-687/-36094 i1=-167 t1=33 m2=730/36094 i2=208 t2=32 steerMode=0/134 iSteer=20827 driveMode=-36094/-36508 iDrive=-187561 scale=0 wheel=-105000 ffS=0
2026-07-07T16:28:18.695+00:00 VCP run=1 step=0 angle=124365 target=124200 err=-165 steer=0 m1=-666/-36094 i1=-173 t1=33 m2=711/36094 i2=245 t2=32 steerMode=0/-160 iSteer=36433 driveMode=-36094/-35806 iDrive=-208944 scale=0 wheel=-105000 ffS=0
2026-07-07T16:28:18.799+00:00 VCP run=1 step=0 angle=124365 target=124200 err=-165 steer=0 m1=-704/-36094 i1=-160 t1=33 m2=659/36094 i2=228 t2=32 steerMode=0/-120 iSteer=34190 driveMode=-36094/-36289 iDrive=-194208 scale=0 wheel=-105000 ffS=0
2026-07-07T16:28:18.902+00:00 VCP run=1 step=0 angle=127529 target=161100 err=33571 steer=40000 m1=-7/18906 i1=1555 t1=33 m2=1443/91094 i2=1810 t2=32 steerMode=55000/22848 iSteer=1682497 driveMode=-36094/-38503 iDrive=-127723 scale=0 wheel=-105000 ffS=0
2026-07-07T16:28:19.001+00:00 VCP run=1 step=0 angle=152842 target=161100 err=8258 steer=16516 m1=-32/-13384 i1=-1460 t1=33 m2=1535/58804 i2=-1340 t2=32 steerMode=22710/51936 iSteer=-1399760 driveMode=-36094/-40762 iDrive=-59946 scale=0 wheel=-105000 ffS=0
2026-07-07T16:28:19.001+00:00 VCP SET_TARGET_RX steer=161100 wheel=-105000
2026-07-07T16:28:19.104+00:00 VCP run=1 step=0 angle=157500 target=161100 err=3600 steer=7200 m1=-618/-26194 i1=224 t1=33 m2=738/45994 i2=564 t2=32 steerMode=9900/2822 iSteer=393935 driveMode=-36094/-37103 iDrive=-169733 scale=0 wheel=-105000 ffS=0
2026-07-07T16:28:19.290+00:00 VCP run=1 step=0 angle=160576 target=161100 err=524 steer=1048 m1=-635/-34653 i1=-439 t1=33 m2=730/37534 i2=-84 t2=32 steerMode=1441/7390 iSteer=-261830 driveMode=-36094/-36849 iDrive=-177347 scale=0 wheel=-105000 ffS=0
2026-07-07T16:28:19.290+00:00 VCP run=1 step=0 angle=161016 target=161100 err=84 steer=0 m1=-710/-36094 i1=-52 t1=33 m2=627/36094 i2=307 t2=32 steerMode=0/-1865 iSteer=127233 driveMode=-36094/-36775 iDrive=-179558 scale=0 wheel=-105000 ffS=0
2026-07-07T16:28:19.394+00:00 VCP run=1 step=0 angle=161016 target=161100 err=84 steer=0 m1=-693/-36094 i1=-178 t1=33 m2=673/36094 i2=196 t2=32 steerMode=0/503 iSteer=8757 driveMode=-36094/-36522 iDrive=-187159 scale=0 wheel=-105000 ffS=0
2026-07-07T16:28:19.495+00:00 VCP run=1 step=0 angle=161016 target=161100 err=84 steer=0 m1=-710/-36094 i1=-150 t1=33 m2=669/36094 i2=240 t2=32 steerMode=0/-218 iSteer=44830 driveMode=-36094/-36263 iDrive=-194930 scale=0 wheel=-105000 ffS=0
2026-07-07T16:28:19.495+00:00 VCP SET_TARGET_RX steer=161100 wheel=-105000
2026-07-07T16:28:19.599+00:00 VCP run=1 step=0 angle=161016 target=161100 err=84 steer=0 m1=-689/-36094 i1=-140 t1=33 m2=623/36094 i2=266 t2=32 steerMode=0/-567 iSteer=63009 driveMode=-36094/-35985 iDrive=-203272 scale=0 wheel=-105000 ffS=0
2026-07-07T16:28:19.703+00:00 VCP run=1 step=0 angle=161016 target=161100 err=84 steer=0 m1=-679/-36094 i1=-174 t1=33 m2=671/36094 i2=250 t2=32 steerMode=0/-51 iSteer=37947 driveMode=-36094/-35716 iDrive=-211824 scale=0 wheel=-105000 ffS=0
2026-07-07T16:28:19.807+00:00 VCP run=1 step=0 angle=161016 target=161100 err=84 steer=0 m1=-681/-36094 i1=-183 t1=33 m2=663/36094 i2=262 t2=32 steerMode=0/-74 iSteer=39084 driveMode=-36094/-35386 iDrive=-222428 scale=0 wheel=-105000 ffS=0
2026-07-07T16:28:19.990+00:00 VCP run=1 step=0 angle=161016 target=161100 err=84 steer=0 m1=-683/-36094 i1=-189 t1=33 m2=709/36094 i2=229 t2=32 steerMode=0/306 iSteer=19610 driveMode=-36094/-35855 iDrive=-209006 scale=0 wheel=-105000 ffS=0
2026-07-07T16:28:19.990+00:00 VCP run=1 step=0 angle=161016 target=161100 err=84 steer=0 m1=-712/-36094 i1=-162 t1=33 m2=688/36094 i2=225 t2=32 steerMode=0/51 iSteer=31600 driveMode=-36094/-36345 iDrive=-193698 scale=0 wheel=-105000 ffS=0
2026-07-07T16:28:19.990+00:00 VCP SET_TARGET_RX steer=161100 wheel=-105000
2026-07-07T16:28:20.090+00:00 VCP run=1 step=0 angle=161016 target=161100 err=84 steer=0 m1=-695/-36094 i1=-154 t1=33 m2=684/36094 i2=255 t2=32 steerMode=0/-303 iSteer=50203 driveMode=-36094/-35986 iDrive=-204411 scale=0 wheel=-105000 ffS=0
2026-07-07T16:28:20.090+00:00 VCP SET_TARGET_FF_RX steerRate=50000 wheelAccel=0
2026-07-07T16:28:20.193+00:00 VCP run=1 step=0 angle=163037 target=165100 err=2063 steer=12459 m1=-354/-18962 i1=86 t1=33 m2=1052/53225 i2=409 t2=32 steerMode=17131/13330 iSteer=247555 driveMode=-36094/-37364 iDrive=-161891 scale=0 wheel=-105000 ffS=8333
2026-07-07T16:28:20.296+00:00 VCP run=1 step=0 angle=170508 target=170104 err=-404 steer=8333 m1=-511/-24635 i1=-195 t1=33 m2=872/47552 i2=224 t2=32 steerMode=11458/12035 iSteer=14566 driveMode=-36094/-35788 iDrive=-209334 scale=0 wheel=-105000 ffS=8333
2026-07-07T16:28:20.399+00:00 VCP run=1 step=0 angle=174814 target=175104 err=290 steer=8333 m1=-465/-24635 i1=-103 t1=33 m2=927/47552 i2=278 t2=32 steerMode=11458/10707 iSteer=87187 driveMode=-36094/-36425 iDrive=-190386 scale=0 wheel=-105000 ffS=8333
2026-07-07T16:28:20.499+00:00 VCP run=1 step=0 angle=180439 target=180104 err=-335 steer=8333 m1=-515/-24635 i1=-85 t1=33 m2=883/47552 i2=310 t2=32 steerMode=11458/10148 iSteer=112327 driveMode=-36094/-36169 iDrive=-197771 scale=0 wheel=-105000 ffS=8333
2026-07-07T16:28:20.499+00:00 VCP SET_TARGET_RX steer=185103 wheel=-105000
2026-07-07T16:28:20.598+00:00 VCP run=1 step=0 angle=185098 target=185103 err=5 steer=8333 m1=-480/-24635 i1=-147 t1=33 m2=889/47552 i2=196 t2=32 steerMode=11458/11940 iSteer=24658 driveMode=-36094/-37044 iDrive=-171499 scale=0 wheel=-105000 ffS=8333
2026-07-07T16:28:20.598+00:00 VCP SET_TARGET_FF_RX steerRate=50000 wheelAccel=0
2026-07-07T16:28:20.701+00:00 VCP run=1 step=0 angle=190195 target=190102 err=-93 steer=8333 m1=-501/-24635 i1=-108 t1=33 m2=916/47552 i2=222 t2=32 steerMode=11458/11283 iSteer=57065 driveMode=-36094/-37263 iDrive=-164917 scale=0 wheel=-105000 ffS=8333
2026-07-07T16:28:20.804+00:00 VCP run=1 step=0 angle=194766 target=195100 err=334 steer=8333 m1=-496/-24635 i1=-16 t1=33 m2=855/47552 i2=354 t2=32 steerMode=11458/8997 iSteer=168763 driveMode=-36094/-36592 iDrive=-185059 scale=0 wheel=-105000 ffS=8333
2026-07-07T16:28:20.907+00:00 VCP run=1 step=0 angle=200654 target=200102 err=-552 steer=7229 m1=-457/-26154 i1=-244 t1=33 m2=864/46033 i2=140 t2=32 steerMode=9940/11879 iSteer=-51838 driveMode=-36094/-36360 iDrive=-192018 scale=0 wheel=-105000 ffS=8333
2026-07-07T16:28:21.007+00:00 VCP run=1 step=0 angle=204434 target=205102 err=668 steer=9670 m1=-480/-22797 i1=-16 t1=33 m2=962/49390 i2=374 t2=32 steerMode=13296/10659 iSteer=178992 driveMode=-36094/-36250 iDrive=-195360 scale=0 wheel=-105000 ffS=8333
2026-07-07T16:28:21.007+00:00 VCP SET_TARGET_RX steer=210100 wheel=-105000
2026-07-07T16:28:21.106+00:00 VCP run=1 step=0 angle=210234 target=210100 err=-134 steer=8333 m1=-469/-24635 i1=-177 t1=33 m2=922/47552 i2=170 t2=32 steerMode=11458/12429 iSteer=-3816 driveMode=-36094/-36978 iDrive=-173479 scale=0 wheel=-105000 ffS=8333
2026-07-07T16:28:21.106+00:00 VCP SET_TARGET_FF_RX steerRate=50000 wheelAccel=0
2026-07-07T16:28:21.209+00:00 VCP run=1 step=0 angle=214980 target=215102 err=122 steer=8333 m1=-488/-24635 i1=-122 t1=33 m2=914/47552 i2=228 t2=32 steerMode=11458/11304 iSteer=52897 driveMode=-36094/-36933 iDrive=-174813 scale=0 wheel=-105000 ffS=8333
2026-07-07T16:28:21.392+00:00 VCP run=1 step=0 angle=220254 target=220100 err=-154 steer=8333 m1=-463/-24635 i1=-134 t1=33 m2=933/47552 i2=218 t2=32 steerMode=11458/11508 iSteer=41521 driveMode=-36094/-36893 iDrive=-176016 scale=0 wheel=-105000 ffS=8333
2026-07-07T16:28:21.393+00:00 VCP run=1 step=0 angle=225352 target=225106 err=-246 steer=8333 m1=-501/-24635 i1=-107 t1=33 m2=937/47552 i2=284 t2=32 steerMode=11458/10562 iSteer=88529 driveMode=-36094/-36250 iDrive=-195299 scale=0 wheel=-105000 ffS=8333
2026-07-07T16:28:21.492+00:00 VCP run=1 step=0 angle=230186 target=230109 err=-77 steer=8333 m1=-473/-24635 i1=-151 t1=33 m2=870/47552 i2=248 t2=32 steerMode=11458/11354 iSteer=48629 driveMode=-36094/-36120 iDrive=-199200 scale=0 wheel=-105000 ffS=8333
2026-07-07T16:28:21.492+00:00 VCP SET_TARGET_RX steer=235100 wheel=-105000
2026-07-07T16:28:21.591+00:00 VCP run=1 step=0 angle=235020 target=235100 err=80 steer=8333 m1=-478/-24635 i1=-154 t1=33 m2=876/47552 i2=273 t2=32 steerMode=11458/11158 iSteer=59338 driveMode=-36094/-35660 iDrive=-213348 scale=0 wheel=-105000 ffS=8333
2026-07-07T16:28:21.591+00:00 VCP SET_TARGET_FF_RX steerRate=50000 wheelAccel=0
2026-07-07T16:28:21.694+00:00 VCP run=1 step=0 angle=239766 target=240100 err=334 steer=8333 m1=-440/-24635 i1=-194 t1=33 m2=952/47552 i2=227 t2=32 steerMode=11458/12056 iSteer=16227 driveMode=-36094/-35797 iDrive=-210430 scale=0 wheel=-105000 ffS=8333
2026-07-07T16:28:21.797+00:00 VCP run=1 step=0 angle=245215 target=245100 err=-115 steer=8333 m1=-465/-24635 i1=-161 t1=33 m2=962/47552 i2=228 t2=32 steerMode=11458/11666 iSteer=33461 driveMode=-36094/-36300 iDrive=-194746 scale=0 wheel=-105000 ffS=8333
2026-07-07T16:28:21.900+00:00 VCP run=1 step=0 angle=249961 target=250102 err=141 steer=8333 m1=-459/-24635 i1=-173 t1=33 m2=874/47552 i2=241 t2=32 steerMode=11458/11647 iSteer=33946 driveMode=-36094/-35893 iDrive=-206822 scale=0 wheel=-105000 ffS=8333
2026-07-07T16:28:22.000+00:00 VCP run=1 step=0 angle=255146 target=255100 err=-46 steer=8333 m1=-478/-24635 i1=-154 t1=33 m2=901/47552 i2=256 t2=32 steerMode=11458/11276 iSteer=51095 driveMode=-36094/-35982 iDrive=-204659 scale=0 wheel=-105000 ffS=8333
2026-07-07T16:28:22.000+00:00 VCP SET_TARGET_RX steer=260103 wheel=-105000
2026-07-07T16:28:22.099+00:00 VCP run=1 step=0 angle=259717 target=260103 err=386 steer=8333 m1=-465/-24635 i1=-159 t1=33 m2=897/47552 i2=268 t2=32 steerMode=11458/11220 iSteer=54530 driveMode=-36094/-35712 iDrive=-213200 scale=0 wheel=-105000 ffS=8333
2026-07-07T16:28:22.099+00:00 VCP SET_TARGET_FF_RX steerRate=50000 wheelAccel=0
2026-07-07T16:28:22.202+00:00 VCP run=1 step=0 angle=264902 target=265101 err=199 steer=8333 m1=-455/-24635 i1=-166 t1=33 m2=933/47552 i2=244 t2=32 steerMode=11458/11521 iSteer=39147 driveMode=-36094/-35983 iDrive=-205286 scale=0 wheel=-105000 ffS=8333
2026-07-07T16:28:22.305+00:00 VCP run=1 step=0 angle=270088 target=268811 err=-1277 steer=2333 m1=-476/-32885 i1=-565 t1=33 m2=880/39302 i2=-164 t2=32 steerMode=3208/11323 iSteer=-364659 driveMode=-36094/-36141 iDrive=-200543 scale=0 wheel=-105000 ffS=-2500
2026-07-07T16:28:22.407+00:00 VCP run=1 step=0 angle=268770 target=267312 err=-1458 steer=-5415 m1=-971/-43539 i1=108 t1=33 m2=385/28648 i2=530 t2=32 steerMode=-7446/-13511 iSteer=318845 driveMode=-36094/-35786 iDrive=-211061 scale=0 wheel=-105000 ffS=-2500
2026-07-07T16:28:22.506+00:00 VCP run=1 step=0 angle=266045 target=265811 err=-234 steer=-2500 m1=-712/-39531 i1=-286 t1=33 m2=742/32656 i2=107 t2=32 steerMode=-3438/-1102 iSteer=-89238 driveMode=-36094/-36275 iDrive=-196605 scale=0 wheel=-105000 ffS=-2500
2026-07-07T16:28:22.506+00:00 VCP SET_TARGET_RX steer=264310 wheel=-105000
2026-07-07T16:28:22.605+00:00 VCP run=1 step=0 angle=265430 target=264310 err=-1120 steer=-4739 m1=-829/-42610 i1=-187 t1=33 m2=583/29577 i2=148 t2=32 steerMode=-6517/-5741 iSteer=-19241 driveMode=-36094/-37201 iDrive=-167704 scale=0 wheel=-105000 ffS=-2500
2026-07-07T16:28:22.605+00:00 VCP SET_TARGET_FF_RX steerRate=-15000 wheelAccel=0
2026-07-07T16:28:22.708+00:00 VCP run=1 step=0 angle=262969 target=262811 err=-158 steer=-2500 m1=-758/-39531 i1=-190 t1=33 m2=652/32656 i2=168 t2=32 steerMode=-3438/-2745 iSteer=-10981 driveMode=-36094/-36802 iDrive=-178765 scale=0 wheel=-105000 ffS=-2500
2026-07-07T16:28:22.891+00:00 VCP run=1 step=0 angle=261826 target=261311 err=-515 steer=-3530 m1=-758/-40948 i1=-231 t1=33 m2=592/31240 i2=144 t2=32 steerMode=-4854/-3600 iSteer=-43326 driveMode=-36094/-36516 iDrive=-187323 scale=0 wheel=-105000 ffS=-2500
2026-07-07T16:28:22.891+00:00 VCP run=1 step=0 angle=260156 target=259811 err=-345 steer=-2500 m1=-748/-39531 i1=-189 t1=33 m2=652/32656 i2=191 t2=32 steerMode=-3438/-3069 iSteer=1034 driveMode=-36094/-36413 iDrive=-190433 scale=0 wheel=-105000 ffS=-2500
2026-07-07T16:28:22.990+00:00 VCP run=1 step=0 angle=258662 target=258313 err=-349 steer=-2500 m1=-748/-39531 i1=-162 t1=33 m2=621/32656 i2=213 t2=32 steerMode=-3438/-3613 iSteer=25556 driveMode=-36094/-36516 iDrive=-187332 scale=0 wheel=-105000 ffS=-2500
2026-07-07T16:28:22.991+00:00 VCP SET_TARGET_RX steer=256812 wheel=-105000
2026-07-07T16:28:23.025+00:00 VCP run=1 step=0 angle=256992 target=256812 err=-180 steer=-2500 m1=-741/-39531 i1=-184 t1=33 m2=598/32656 i2=259 t2=32 steerMode=-3438/-3830 iSteer=37523 driveMode=-36094/-35390 iDrive=-221719 scale=0 wheel=-105000 ffS=-2500
2026-07-07T16:28:23.192+00:00 VCP SET_TARGET_FF_RX steerRate=-15000 wheelAccel=0
2026-07-07T16:28:23.192+00:00 VCP run=1 step=0 angle=255938 target=255313 err=-624 steer=-3749 m1=-794/-41249 i1=-230 t1=33 m2=585/30939 i2=208 t2=32 steerMode=-5155/-4609 iSteer=-11061 driveMode=-36094/-35535 iDrive=-218789 scale=0 wheel=-105000 ffS=-2500
2026-07-07T16:28:23.295+00:00 VCP run=1 step=0 angle=254004 target=253811 err=-193 steer=-2500 m1=-752/-39531 i1=-196 t1=33 m2=631/32656 i2=234 t2=32 steerMode=-3438/-3428 iSteer=19112 driveMode=-36094/-35699 iDrive=-215113 scale=0 wheel=-105000 ffS=-2500
2026-07-07T16:28:23.397+00:00 VCP run=1 step=0 angle=252686 target=252312 err=-374 steer=-2500 m1=-722/-39531 i1=-221 t1=33 m2=682/32656 i2=189 t2=32 steerMode=-3438/-2760 iSteer=-15877 driveMode=-36094/-36035 iDrive=-205375 scale=0 wheel=-105000 ffS=-2500
2026-07-07T16:28:23.497+00:00 VCP run=1 step=0 angle=251191 target=251312 err=121 steer=-1667 m1=-699/-38385 i1=-202 t1=33 m2=621/33802 i2=236 t2=32 steerMode=-2292/-2251 iSteer=16689 driveMode=-36094/-35593 iDrive=-218936 scale=0 wheel=-105000 ffS=-1667
2026-07-07T16:28:23.497+00:00 VCP SET_TARGET_RX steer=250312 wheel=-105000
2026-07-07T16:28:23.595+00:00 VCP run=1 step=0 angle=250488 target=250312 err=-176 steer=-1667 m1=-722/-38385 i1=-204 t1=33 m2=707/33802 i2=183 t2=32 steerMode=-2292/-1726 iSteer=-10566 driveMode=-36094/-36432 iDrive=-193886 scale=0 wheel=-105000 ffS=-1667
2026-07-07T16:28:23.595+00:00 VCP SET_TARGET_FF_RX steerRate=-10000 wheelAccel=0
2026-07-07T16:28:23.698+00:00 VCP run=1 step=0 angle=249961 target=249310 err=-651 steer=-2969 m1=-771/-40175 i1=-223 t1=33 m2=613/32012 i2=170 t2=32 steerMode=-4082/-3259 iSteer=-26423 driveMode=-36094/-36347 iDrive=-196220 scale=0 wheel=-105000 ffS=-1667
2026-07-07T16:28:23.801+00:00 VCP run=1 step=0 angle=248643 target=248312 err=-331 steer=-1667 m1=-712/-38385 i1=-175 t1=33 m2=661/33802 i2=220 t2=32 steerMode=-2292/-2416 iSteer=22619 driveMode=-36094/-36294 iDrive=-197378 scale=0 wheel=-105000 ffS=-1667
2026-07-07T16:28:23.904+00:00 VCP run=1 step=0 angle=247676 target=247312 err=-364 steer=-1667 m1=-712/-38385 i1=-198 t1=33 m2=657/33802 i2=210 t2=32 steerMode=-2292/-2110 iSteer=5921 driveMode=-36094/-36081 iDrive=-203666 scale=0 wheel=-105000 ffS=-1667
2026-07-07T16:28:24.003+00:00 VCP run=1 step=0 angle=246797 target=246312 err=-485 steer=-1667 m1=-739/-38385 i1=-165 t1=33 m2=669/33802 i2=194 t2=32 steerMode=-2292/-2292 iSteer=14242 driveMode=-36094/-36866 iDrive=-179582 scale=0 wheel=-105000 ffS=-1667
2026-07-07T16:28:24.003+00:00 VCP SET_TARGET_RX steer=245312 wheel=-105000
2026-07-07T16:28:24.102+00:00 VCP run=1 step=0 angle=245918 target=245312 err=-606 steer=-2879 m1=-762/-40052 i1=-257 t1=33 m2=669/32136 i2=99 t2=32 steerMode=-3958/-2125 iSteer=-79152 driveMode=-36094/-36858 iDrive=-178328 scale=0 wheel=-105000 ffS=-1667
2026-07-07T16:28:24.102+00:00 VCP SET_TARGET_FF_RX steerRate=-10000 wheelAccel=0
2026-07-07T16:28:24.205+00:00 VCP run=1 step=0 angle=244600 target=244313 err=-287 steer=-1667 m1=-739/-38385 i1=-167 t1=33 m2=644/33802 i2=204 t2=32 steerMode=-2292/-2401 iSteer=18610 driveMode=-36094/-36589 iDrive=-185504 scale=0 wheel=-105000 ffS=-1667
2026-07-07T16:28:24.307+00:00 VCP run=1 step=0 angle=243896 target=243313 err=-583 steer=-2834 m1=-750/-39990 i1=-240 t1=33 m2=617/32198 i2=129 t2=32 steerMode=-3896/-2591 iSteer=-55482 driveMode=-36094/-36616 iDrive=-184322 scale=0 wheel=-105000 ffS=-1667
2026-07-07T16:28:24.483+00:00 VCP run=1 step=0 angle=242314 target=242312 err=-2 steer=-1667 m1=-722/-38385 i1=-177 t1=33 m2=652/33802 i2=182 t2=32 steerMode=-2292/-2108 iSteer=2128 driveMode=-36094/-36776 iDrive=-179520 scale=0 wheel=-105000 ffS=-1667
2026-07-07T16:28:24.483+00:00 VCP run=1 step=0 angle=241699 target=241313 err=-386 steer=-1667 m1=-733/-38385 i1=-196 t1=33 m2=661/33802 i2=180 t2=32 steerMode=-2292/-1933 iSteer=-8042 driveMode=-36094/-36501 iDrive=-187772 scale=0 wheel=-105000 ffS=-1667
2026-07-07T16:28:24.522+00:00 VCP SET_TARGET_RX steer=240312 wheel=-105000
2026-07-07T16:28:24.522+00:00 VCP run=1 step=0 angle=240732 target=240312 err=-420 steer=-1667 m1=-727/-38385 i1=-162 t1=33 m2=621/33802 i2=244 t2=32 steerMode=-2292/-2932 iSteer=41096 driveMode=-36094/-36005 iDrive=-202679 scale=0 wheel=-105000 ffS=-1667
2026-07-07T16:28:24.608+00:00 VCP SET_TARGET_FF_RX steerRate=-10000 wheelAccel=0
2026-07-07T16:28:24.792+00:00 VCP run=1 step=0 angle=239854 target=239312 err=-542 steer=-2750 m1=-735/-39875 i1=-259 t1=33 m2=671/32313 i2=112 t2=32 steerMode=-3781/-2166 iSteer=-73523 driveMode=-36094/-36585 iDrive=-185255 scale=0 wheel=-105000 ffS=-1667
2026-07-07T16:28:24.792+00:00 VCP run=1 step=0 angle=238359 target=238311 err=-48 steer=-1667 m1=-745/-38385 i1=-169 t1=33 m2=646/33802 i2=249 t2=32 steerMode=-2292/-2917 iSteer=40213 driveMode=-36094/-35787 iDrive=-209264 scale=0 wheel=-105000 ffS=-1667
2026-07-07T16:28:24.895+00:00 VCP run=1 step=0 angle=237744 target=237311 err=-433 steer=-1667 m1=-699/-38385 i1=-207 t1=33 m2=596/33802 i2=258 t2=32 steerMode=-2292/-2609 iSteer=25599 driveMode=-36094/-35036 iDrive=-232770 scale=0 wheel=-105000 ffS=-1667
2026-07-07T16:28:24.994+00:00 VCP run=1 step=0 angle=236162 target=235811 err=-351 steer=-2500 m1=-756/-39531 i1=-210 t1=33 m2=627/32656 i2=228 t2=32 steerMode=-3438/-3454 iSteer=9027 driveMode=-36094/-35529 iDrive=-219090 scale=0 wheel=-105000 ffS=-2500
2026-07-07T16:28:24.994+00:00 VCP SET_TARGET_RX steer=234313 wheel=-105000
2026-07-07T16:28:25.093+00:00 VCP run=1 step=0 angle=234844 target=234313 err=-531 steer=-3561 m1=-735/-40991 i1=-297 t1=33 m2=583/31197 i2=145 t2=32 steerMode=-4897/-3233 iSteer=-75962 driveMode=-36094/-35516 iDrive=-220591 scale=0 wheel=-105000 ffS=-2500
2026-07-07T16:28:25.093+00:00 VCP SET_TARGET_FF_RX steerRate=-15000 wheelAccel=0
2026-07-07T16:28:25.196+00:00 VCP run=1 step=0 angle=233350 target=232812 err=-538 steer=-3575 m1=-771/-41010 i1=-260 t1=33 m2=604/31178 i2=120 t2=32 steerMode=-4916/-3398 iSteer=-70088 driveMode=-36094/-36529 iDrive=-189676 scale=0 wheel=-105000 ffS=-2500
2026-07-07T16:28:25.298+00:00 VCP run=1 step=0 angle=231855 target=231312 err=-543 steer=-3587 m1=-792/-41026 i1=-245 t1=33 m2=657/31162 i2=97 t2=32 steerMode=-4932/-3349 iSteer=-74028 driveMode=-36094/-37113 iDrive=-171003 scale=0 wheel=-105000 ffS=-2500
2026-07-07T16:28:25.401+00:00 VCP run=1 step=0 angle=230273 target=229813 err=-460 steer=-2500 m1=-781/-39531 i1=-140 t1=33 m2=627/32656 i2=216 t2=32 steerMode=-3438/-4114 iSteer=37920 driveMode=-36094/-36818 iDrive=-178259 scale=0 wheel=-105000 ffS=-2500
2026-07-07T16:28:25.500+00:00 VCP run=1 step=0 angle=228867 target=228313 err=-554 steer=-3608 m1=-739/-41055 i1=-270 t1=33 m2=611/31132 i2=111 t2=32 steerMode=-4962/-3302 iSteer=-79639 driveMode=-36094/-36421 iDrive=-190189 scale=0 wheel=-105000 ffS=-2500
2026-07-07T16:28:25.500+00:00 VCP SET_TARGET_RX steer=226813 wheel=-105000
2026-07-07T16:28:25.599+00:00 VCP run=1 step=0 angle=226934 target=226813 err=-121 steer=-2500 m1=-739/-39531 i1=-172 t1=33 m2=592/32656 i2=218 t2=32 steerMode=-3438/-3795 iSteer=22666 driveMode=-36094/-36255 iDrive=-195151 scale=0 wheel=-105000 ffS=-2500
2026-07-07T16:28:25.599+00:00 VCP SET_TARGET_FF_RX steerRate=-15000 wheelAccel=0
2026-07-07T16:28:25.702+00:00 VCP run=1 step=0 angle=225703 target=225313 err=-390 steer=-2500 m1=-731/-39531 i1=-201 t1=33 m2=617/32656 i2=214 t2=32 steerMode=-3438/-3482 iSteer=6494 driveMode=-36094/-35840 iDrive=-207671 scale=0 wheel=-105000 ffS=-2500
2026-07-07T16:28:25.805+00:00 VCP run=1 step=0 angle=224297 target=223813 err=-484 steer=-2500 m1=-758/-39531 i1=-188 t1=33 m2=579/32656 i2=255 t2=32 steerMode=-3438/-4001 iSteer=33526 driveMode=-36094/-35430 iDrive=-221230 scale=0 wheel=-105000 ffS=-2500
2026-07-07T16:28:25.908+00:00 VCP run=1 step=0 angle=222539 target=222313 err=-226 steer=-2500 m1=-762/-39531 i1=-155 t1=33 m2=644/32656 i2=213 t2=32 steerMode=-3438/-3902 iSteer=28933 driveMode=-36094/-36659 iDrive=-184431 scale=0 wheel=-105000 ffS=-2500
2026-07-07T16:28:26.007+00:00 VCP run=1 step=0 angle=221221 target=220814 err=-407 steer=-2500 m1=-737/-39531 i1=-183 t1=33 m2=619/32656 i2=187 t2=32 steerMode=-3438/-3366 iSteer=2317 driveMode=-36094/-36606 iDrive=-185093 scale=0 wheel=-105000 ffS=-2500
2026-07-07T16:28:26.007+00:00 VCP SET_TARGET_RX steer=219313 wheel=-105000
2026-07-07T16:28:26.106+00:00 VCP run=1 step=0 angle=219551 target=219313 err=-238 steer=-2500 m1=-764/-39531 i1=-187 t1=33 m2=659/32656 i2=193 t2=32 steerMode=-3438/-3395 iSteer=3096 driveMode=-36094/-36436 iDrive=-189731 scale=0 wheel=-105000 ffS=-2500
2026-07-07T16:28:26.106+00:00 VCP SET_TARGET_FF_RX steerRate=-15000 wheelAccel=0
2026-07-07T16:28:26.289+00:00 VCP run=1 step=0 angle=218057 target=217913 err=-144 steer=-1667 m1=-762/-38385 i1=-142 t1=33 m2=650/33802 i2=231 t2=32 steerMode=-2292/-3088 iSteer=44508 driveMode=-36094/-36555 iDrive=-186154 scale=0 wheel=-105000 ffS=-1667
2026-07-07T16:28:26.289+00:00 VCP run=1 step=0 angle=217090 target=216913 err=-177 steer=-1667 m1=-727/-38385 i1=-210 t1=33 m2=665/33802 i2=159 t2=32 steerMode=-2292/-1682 iSteer=-25398 driveMode=-36094/-36607 iDrive=-184616 scale=0 wheel=-105000 ffS=-1667
2026-07-07T16:28:26.392+00:00 VCP run=1 step=0 angle=216299 target=215913 err=-386 steer=-1667 m1=-762/-38385 i1=-178 t1=33 m2=667/33802 i2=203 t2=32 steerMode=-2292/-2450 iSteer=12500 driveMode=-36094/-36395 iDrive=-190956 scale=0 wheel=-105000 ffS=-1667
2026-07-07T16:28:26.491+00:00 VCP run=1 step=0 angle=215420 target=214913 err=-507 steer=-2680 m1=-720/-39779 i1=-275 t1=33 m2=642/32408 i2=151 t2=32 steerMode=-3686/-2369 iSteer=-62255 driveMode=-36094/-35669 iDrive=-212979 scale=0 wheel=-105000 ffS=-1667
2026-07-07T16:28:26.491+00:00 VCP SET_TARGET_RX steer=213913 wheel=-105000
2026-07-07T16:28:26.590+00:00 VCP run=1 step=0 angle=214365 target=213913 err=-452 steer=-1667 m1=-706/-38385 i1=-206 t1=33 m2=592/33802 i2=230 t2=32 steerMode=-2292/-2466 iSteer=12010 driveMode=-36094/-35518 iDrive=-217970 scale=0 wheel=-105000 ffS=-1667
2026-07-07T16:28:26.590+00:00 VCP SET_TARGET_FF_RX steerRate=-10000 wheelAccel=0
2026-07-07T16:28:26.693+00:00 VCP run=1 step=0 angle=213311 target=212913 err=-398 steer=-1667 m1=-697/-38385 i1=-209 t1=33 m2=588/33802 i2=234 t2=32 steerMode=-2292/-2483 iSteer=12442 driveMode=-36094/-35413 iDrive=-221795 scale=0 wheel=-105000 ffS=-1667
2026-07-07T16:28:26.796+00:00 VCP run=1 step=0 angle=212168 target=211913 err=-255 steer=-1667 m1=-710/-38385 i1=-198 t1=33 m2=581/33802 i2=229 t2=32 steerMode=-2292/-2536 iSteer=15324 driveMode=-36094/-35721 iDrive=-213308 scale=0 wheel=-105000 ffS=-1667
2026-07-07T16:28:26.899+00:00 VCP run=1 step=0 angle=211377 target=210913 err=-464 steer=-1667 m1=-722/-38385 i1=-209 t1=33 m2=625/33802 i2=202 t2=32 steerMode=-2292/-2163 iSteer=-3399 driveMode=-36094/-35989 iDrive=-205511 scale=0 wheel=-105000 ffS=-1667
2026-07-07T16:28:26.998+00:00 VCP run=1 step=0 angle=210410 target=209913 err=-497 steer=-1667 m1=-754/-38385 i1=-158 t1=33 m2=654/33802 i2=214 t2=32 steerMode=-2292/-2838 iSteer=28237 driveMode=-36094/-36625 iDrive=-185995 scale=0 wheel=-105000 ffS=-1667
2026-07-07T16:28:26.998+00:00 VCP SET_TARGET_RX steer=208912 wheel=-105000
2026-07-07T16:28:27.096+00:00 VCP run=1 step=0 angle=209531 target=208912 err=-619 steer=-2905 m1=-739/-40088 i1=-246 t1=33 m2=654/32099 i2=102 t2=32 steerMode=-3995/-2564 iSteer=-72039 driveMode=-36094/-36998 iDrive=-173685 scale=0 wheel=-105000 ffS=-1667
2026-07-07T16:28:27.096+00:00 VCP SET_TARGET_FF_RX steerRate=-10000 wheelAccel=0
2026-07-07T16:28:27.199+00:00 VCP run=1 step=0 angle=208213 target=207912 err=-301 steer=-1667 m1=-739/-38385 i1=-143 t1=33 m2=627/33802 i2=181 t2=32 steerMode=-2292/-2638 iSteer=18966 driveMode=-36094/-37368 iDrive=-161767 scale=0 wheel=-105000 ffS=-1667
2026-07-07T16:28:27.302+00:00 VCP run=1 step=0 angle=207158 target=206913 err=-245 steer=-1667 m1=-758/-38385 i1=-182 t1=33 m2=646/33802 i2=177 t2=32 steerMode=-2292/-2216 iSteer=-2906 driveMode=-36094/-36774 iDrive=-179590 scale=0 wheel=-105000 ffS=-1667
2026-07-07T16:28:27.405+00:00 VCP run=1 step=0 angle=206279 target=206013 err=-266 steer=-833 m1=-735/-37240 i1=-123 t1=33 m2=667/34948 i2=241 t2=32 steerMode=-1146/-2290 iSteer=58718 driveMode=-36094/-36688 iDrive=-182164 scale=0 wheel=-105000 ffS=-833
2026-07-07T16:28:27.505+00:00 VCP run=1 step=0 angle=205752 target=205513 err=-239 steer=-833 m1=-693/-37240 i1=-181 t1=33 m2=663/34948 i2=179 t2=32 steerMode=-1146/-1091 iSteer=-688 driveMode=-36094/-36760 iDrive=-180012 scale=0 wheel=-105000 ffS=-833
2026-07-07T16:28:27.505+00:00 VCP SET_TARGET_RX steer=205013 wheel=-105000
2026-07-07T16:28:27.604+00:00 VCP run=1 step=0 angle=205313 target=205013 err=-299 steer=-833 m1=-720/-37240 i1=-184 t1=33 m2=669/34948 i2=209 t2=32 steerMode=-1146/-1355 iSteer=12444 driveMode=-36094/-36208 iDrive=-196571 scale=0 wheel=-105000 ffS=-833
2026-07-07T16:28:27.604+00:00 VCP SET_TARGET_FF_RX steerRate=-5000 wheelAccel=0
2026-07-07T16:28:27.707+00:00 VCP run=1 step=0 angle=204961 target=204513 err=-448 steer=-833 m1=-741/-37240 i1=-171 t1=33 m2=698/34948 i2=175 t2=32 steerMode=-1146/-1152 iSteer=2191 driveMode=-36094/-36997 iDrive=-172892 scale=0 wheel=-105000 ffS=-833
2026-07-07T16:28:27.891+00:00 VCP run=1 step=0 angle=204434 target=204013 err=-421 steer=-833 m1=-727/-37240 i1=-178 t1=33 m2=665/34948 i2=160 t2=32 steerMode=-1146/-953 iSteer=-8669 driveMode=-36094/-37127 iDrive=-168991 scale=0 wheel=-105000 ffS=-833
2026-07-07T16:28:27.891+00:00 VCP run=1 step=0 angle=203818 target=203513 err=-305 steer=-833 m1=-714/-37240 i1=-164 t1=33 m2=650/34948 i2=185 t2=32 steerMode=-1146/-1346 iSteer=10102 driveMode=-36094/-36941 iDrive=-174575 scale=0 wheel=-105000 ffS=-833
2026-07-07T16:28:27.990+00:00 VCP run=1 step=0 angle=203379 target=203013 err=-366 steer=-833 m1=-716/-37240 i1=-189 t1=33 m2=703/34948 i2=168 t2=32 steerMode=-1146/-945 iSteer=-10431 driveMode=-36094/-36808 iDrive=-178575 scale=0 wheel=-105000 ffS=-833
2026-07-07T16:28:27.990+00:00 VCP SET_TARGET_RX steer=202513 wheel=-105000
2026-07-07T16:28:28.025+00:00 VCP run=1 step=0 angle=202939 target=202513 err=-426 steer=-833 m1=-750/-37240 i1=-164 t1=33 m2=690/34948 i2=202 t2=32 steerMode=-1146/-1541 iSteer=19040 driveMode=-36094/-36671 iDrive=-182676 scale=0 wheel=-105000 ffS=-833
2026-07-07T16:28:28.192+00:00 VCP SET_TARGET_FF_RX steerRate=-5000 wheelAccel=0
2026-07-07T16:28:28.192+00:00 VCP run=1 step=0 angle=202412 target=202013 err=-399 steer=-833 m1=-699/-37240 i1=-194 t1=33 m2=663/34948 i2=200 t2=32 steerMode=-1146/-1223 iSteer=2848 driveMode=-36094/-36191 iDrive=-197076 scale=0 wheel=-105000 ffS=-833
2026-07-07T16:28:28.295+00:00 VCP run=1 step=0 angle=202061 target=201513 err=-548 steer=-1928 m1=-733/-38745 i1=-227 t1=33 m2=663/33442 i2=155 t2=32 steerMode=-2652/-1978 iSteer=-36088 driveMode=-36094/-36391 iDrive=-191088 scale=0 wheel=-105000 ffS=-833
2026-07-07T16:28:28.398+00:00 VCP run=1 step=0 angle=201006 target=201013 err=7 steer=-833 m1=-695/-37240 i1=-183 t1=33 m2=661/34948 i2=230 t2=32 steerMode=-1146/-1605 iSteer=23514 driveMode=-36094/-35867 iDrive=-206952 scale=0 wheel=-105000 ffS=-833
2026-07-07T16:28:28.497+00:00 VCP run=1 step=0 angle=200391 target=200513 err=122 steer=-833 m1=-697/-37240 i1=-200 t1=33 m2=665/34948 i2=243 t2=32 steerMode=-1146/-1547 iSteer=21535 driveMode=-36094/-35410 iDrive=-221745 scale=0 wheel=-105000 ffS=-833
2026-07-07T16:28:28.498+00:00 VCP SET_TARGET_RX steer=200013 wheel=-105000
2026-07-07T16:28:28.601+00:00 VCP run=1 step=0 angle=199951 target=200013 err=62 steer=-833 m1=-743/-37240 i1=-179 t1=33 m2=652/34948 i2=202 t2=32 steerMode=-1146/-1330 iSteer=11852 driveMode=-36094/-36463 iDrive=-190465 scale=0 wheel=-105000 ffS=-833
2026-07-07T16:28:28.704+00:00 VCP run=1 step=0 angle=199512 target=200013 err=501 steer=169 m1=-693/-35861 i1=-126 t1=33 m2=657/36326 i2=253 t2=32 steerMode=233/-985 iSteer=63399 driveMode=-36094/-36451 iDrive=-189689 scale=0 wheel=-105000 ffS=-833
2026-07-07T16:28:28.889+00:00 VCP run=1 step=0 angle=199424 target=200013 err=589 steer=1178 m1=-681/-34473 i1=-131 t1=33 m2=713/37714 i2=253 t2=32 steerMode=1620/498 iSteer=60725 driveMode=-36094/-36367 iDrive=-191814 scale=0 wheel=-105000 ffS=0
2026-07-07T16:28:28.889+00:00 VCP run=1 step=0 angle=199424 target=200013 err=589 steer=1178 m1=-662/-34473 i1=-177 t1=33 m2=694/37714 i2=194 t2=32 steerMode=1620/1554 iSteer=8469 driveMode=-36094/-36586 iDrive=-185219 scale=0 wheel=-105000 ffS=0
2026-07-07T16:28:28.990+00:00 VCP run=1 step=0 angle=199775 target=200013 err=238 steer=0 m1=-710/-36094 i1=-149 t1=33 m2=669/36094 i2=216 t2=32 steerMode=0/-589 iSteer=33618 driveMode=-36094/-36670 iDrive=-182727 scale=0 wheel=-105000 ffS=0
2026-07-07T16:28:28.990+00:00 VCP SET_TARGET_RX steer=200013 wheel=-105000
2026-07-07T16:28:29.094+00:00 VCP run=1 step=0 angle=199775 target=200013 err=238 steer=0 m1=-720/-36094 i1=-163 t1=33 m2=698/36094 i2=195 t2=32 steerMode=0/-196 iSteer=15715 driveMode=-36094/-36796 iDrive=-178947 scale=0 wheel=-105000 ffS=0
2026-07-07T16:28:29.198+00:00 VCP run=1 step=0 angle=199863 target=200013 err=150 steer=0 m1=-681/-36094 i1=-194 t1=33 m2=690/36094 i2=239 t2=32 steerMode=0/-298 iSteer=22383 driveMode=-36094/-35554 iDrive=-216553 scale=0 wheel=-105000 ffS=0
2026-07-07T16:28:29.302+00:00 VCP run=1 step=0 angle=199688 target=200013 err=326 steer=0 m1=-679/-36094 i1=-205 t1=33 m2=709/36094 i2=214 t2=32 steerMode=0/71 iSteer=4266 driveMode=-36094/-35818 iDrive=-209469 scale=0 wheel=-105000 ffS=0
2026-07-07T16:28:29.406+00:00 VCP run=1 step=0 angle=199775 target=200013 err=238 steer=0 m1=-712/-36094 i1=-171 t1=33 m2=657/36094 i2=202 t2=32 steerMode=0/-145 iSteer=15687 driveMode=-36094/-36585 iDrive=-186368 scale=0 wheel=-105000 ffS=0
2026-07-07T16:28:29.507+00:00 VCP run=1 step=0 angle=199775 target=200013 err=238 steer=0 m1=-695/-36094 i1=-166 t1=33 m2=753/36094 i2=216 t2=32 steerMode=0/-316 iSteer=24762 driveMode=-36094/-36390 iDrive=-191108 scale=0 wheel=-105000 ffS=0
2026-07-07T16:28:29.507+00:00 VCP SET_TARGET_RX steer=200013 wheel=-105000
2026-07-07T16:28:29.693+00:00 VCP run=1 step=0 angle=199775 target=200013 err=238 steer=0 m1=-697/-36094 i1=-190 t1=33 m2=705/36094 i2=184 t2=32 steerMode=0/256 iSteer=-2810 driveMode=-36094/-36520 iDrive=-187210 scale=0 wheel=-105000 ffS=0
2026-07-07T16:28:29.693+00:00 VCP run=1 step=0 angle=199688 target=200013 err=326 steer=0 m1=-691/-36094 i1=-189 t1=33 m2=734/36094 i2=187 t2=32 steerMode=0/218 iSteer=-1015 driveMode=-36094/-36493 iDrive=-188028 scale=0 wheel=-105000 ffS=0
2026-07-07T16:28:29.797+00:00 VCP run=1 step=0 angle=199688 target=200013 err=326 steer=0 m1=-708/-36094 i1=-169 t1=33 m2=721/36094 i2=196 t2=32 steerMode=0/-81 iSteer=13480 driveMode=-36094/-36673 iDrive=-182618 scale=0 wheel=-105000 ffS=0
2026-07-07T16:28:29.901+00:00 VCP run=1 step=0 angle=199688 target=200013 err=326 steer=0 m1=-704/-36094 i1=-169 t1=33 m2=709/36094 i2=181 t2=32 steerMode=0/68 iSteer=5979 driveMode=-36094/-36912 iDrive=-175458 scale=0 wheel=-105000 ffS=0
2026-07-07T16:28:30.002+00:00 VCP run=1 step=0 angle=199688 target=200013 err=326 steer=0 m1=-708/-36094 i1=-184 t1=33 m2=682/36094 i2=169 t2=32 steerMode=0/332 iSteer=-7419 driveMode=-36094/-36881 iDrive=-176384 scale=0 wheel=-105000 ffS=0
2026-07-07T16:28:30.002+00:00 VCP SET_TARGET_RX steer=200013 wheel=-105000
2026-07-07T16:28:30.106+00:00 VCP run=1 step=0 angle=199775 target=200013 err=238 steer=0 m1=-714/-36094 i1=-146 t1=33 m2=621/36094 i2=261 t2=32 steerMode=0/-943 iSteer=57668 driveMode=-36094/-35977 iDrive=-203542 scale=0 wheel=-105000 ffS=0
2026-07-07T16:28:30.292+00:00 VCP run=1 step=0 angle=199775 target=200013 err=238 steer=0 m1=-695/-36094 i1=-184 t1=33 m2=680/36094 i2=206 t2=32 steerMode=0/11 iSteer=11169 driveMode=-36094/-36261 iDrive=-194972 scale=0 wheel=-105000 ffS=0
2026-07-07T16:28:30.292+00:00 VCP run=1 step=0 angle=199863 target=200013 err=150 steer=0 m1=-687/-36094 i1=-177 t1=33 m2=650/36094 i2=190 t2=32 steerMode=0/102 iSteer=6672 driveMode=-36094/-36654 iDrive=-183196 scale=0 wheel=-105000 ffS=0
2026-07-07T16:28:30.396+00:00 VCP run=1 step=0 angle=199863 target=200013 err=150 steer=0 m1=-685/-36094 i1=-153 t1=33 m2=665/36094 i2=207 t2=32 steerMode=0/-299 iSteer=26975 driveMode=-36094/-36770 iDrive=-179708 scale=0 wheel=-105000 ffS=0
2026-07-07T16:28:30.497+00:00 VCP run=1 step=0 angle=199951 target=200013 err=62 steer=0 m1=-716/-36094 i1=-153 t1=33 m2=709/36094 i2=219 t2=32 steerMode=0/-395 iSteer=32560 driveMode=-36094/-36561 iDrive=-185996 scale=0 wheel=-105000 ffS=0
2026-07-07T16:28:30.497+00:00 VCP SET_TARGET_RX steer=200013 wheel=-105000
2026-07-07T16:28:30.601+00:00 VCP run=1 step=0 angle=200039 target=200013 err=-26 steer=0 m1=-704/-36094 i1=-174 t1=33 m2=654/36094 i2=208 t2=32 steerMode=0/-66 iSteer=17043 driveMode=-36094/-36396 iDrive=-190920 scale=0 wheel=-105000 ffS=0
2026-07-07T16:28:30.705+00:00 VCP run=1 step=0 angle=199951 target=200013 err=62 steer=0 m1=-695/-36094 i1=-170 t1=33 m2=744/36094 i2=222 t2=32 steerMode=0/-231 iSteer=26001 driveMode=-36094/-36231 iDrive=-195869 scale=0 wheel=-105000 ffS=0
2026-07-07T16:28:30.891+00:00 VCP run=1 step=0 angle=199863 target=200013 err=150 steer=0 m1=-699/-36094 i1=-172 t1=33 m2=673/36094 i2=239 t2=32 steerMode=0/-382 iSteer=33684 driveMode=-36094/-35923 iDrive=-205455 scale=0 wheel=-105000 ffS=0
2026-07-07T16:28:30.891+00:00 VCP run=1 step=0 angle=199775 target=200013 err=238 steer=0 m1=-679/-36094 i1=-194 t1=33 m2=703/36094 i2=212 t2=32 steerMode=0/116 iSteer=9147 driveMode=-36094/-36014 iDrive=-202958 scale=0 wheel=-105000 ffS=0
2026-07-07T16:28:30.991+00:00 VCP run=1 step=0 angle=199775 target=200013 err=238 steer=0 m1=-693/-36094 i1=-182 t1=33 m2=717/36094 i2=212 t2=32 steerMode=0/-5 iSteer=15100 driveMode=-36094/-36197 iDrive=-197083 scale=0 wheel=-105000 ffS=0
2026-07-07T16:28:30.992+00:00 VCP SET_TARGET_RX steer=200013 wheel=-105000
2026-07-07T16:28:31.096+00:00 VCP run=1 step=0 angle=199775 target=200013 err=238 steer=0 m1=-714/-36094 i1=-185 t1=33 m2=692/36094 i2=178 t2=32 steerMode=0/343 iSteer=-3137 driveMode=-36094/-36711 iDrive=-181485 scale=0 wheel=-105000 ffS=0
2026-07-07T16:28:31.200+00:00 VCP run=1 step=0 angle=199775 target=200013 err=238 steer=0 m1=-697/-36094 i1=-164 t1=33 m2=734/36094 i2=181 t2=32 steerMode=0/112 iSteer=8409 driveMode=-36094/-37001 iDrive=-172789 scale=0 wheel=-105000 ffS=0
2026-07-07T16:28:31.304+00:00 VCP run=1 step=0 angle=199775 target=200013 err=238 steer=0 m1=-687/-36094 i1=-180 t1=33 m2=767/36094 i2=190 t2=32 steerMode=0/171 iSteer=5312 driveMode=-36094/-36600 iDrive=-184816 scale=0 wheel=-105000 ffS=0
2026-07-07T16:28:31.482+00:00 VCP run=1 step=0 angle=199775 target=200013 err=238 steer=0 m1=-702/-36094 i1=-179 t1=33 m2=654/36094 i2=211 t2=32 steerMode=0/-57 iSteer=16147 driveMode=-36094/-36255 iDrive=-195176 scale=0 wheel=-105000 ffS=0
2026-07-07T16:28:31.482+00:00 VCP run=1 step=0 angle=199863 target=200013 err=150 steer=0 m1=-695/-36094 i1=-213 t1=33 m2=703/36094 i2=267 t2=32 steerMode=0/-261 iSteer=27343 driveMode=-36094/-34804 iDrive=-240029 scale=0 wheel=-105000 ffS=0
2026-07-07T16:28:31.591+00:00 VCP SET_TARGET_RX steer=200013 wheel=-105000
2026-07-07T16:28:31.591+00:00 VCP run=1 step=0 angle=199863 target=200013 err=150 steer=0 m1=-674/-36094 i1=-219 t1=33 m2=642/36094 i2=253 t2=32 steerMode=0/-43 iSteer=17143 driveMode=-36094/-35006 iDrive=-235892 scale=0 wheel=-105000 ffS=0
2026-07-07T16:28:31.695+00:00 VCP run=1 step=0 angle=199863 target=200013 err=150 steer=0 m1=-662/-36094 i1=-213 t1=33 m2=627/36094 i2=285 t2=32 steerMode=0/-411 iSteer=35846 driveMode=-36094/-34616 iDrive=-249324 scale=0 wheel=-105000 ffS=0
2026-07-07T16:28:31.799+00:00 VCP run=1 step=0 angle=199775 target=200013 err=238 steer=0 m1=-685/-36094 i1=-189 t1=33 m2=636/36094 i2=267 t2=32 steerMode=0/-446 iSteer=38940 driveMode=-36094/-35407 iDrive=-228103 scale=0 wheel=-105000 ffS=0
2026-07-07T16:28:31.903+00:00 VCP run=1 step=0 angle=199775 target=200013 err=238 steer=0 m1=-714/-36094 i1=-187 t1=33 m2=667/36094 i2=241 t2=32 steerMode=0/-193 iSteer=26876 driveMode=-36094/-35892 iDrive=-214132 scale=0 wheel=-105000 ffS=0
2026-07-07T16:28:32.003+00:00 VCP run=1 step=0 angle=199775 target=200013 err=238 steer=0 m1=-681/-36094 i1=-195 t1=33 m2=646/36094 i2=202 t2=32 steerMode=0/263 iSteer=3523 driveMode=-36094/-36410 iDrive=-198330 scale=0 wheel=-105000 ffS=0
2026-07-07T16:28:32.003+00:00 VCP SET_TARGET_RX steer=200013 wheel=-105000
2026-07-07T16:28:32.113+00:00 WEBUI enable sent (seeded steer target=199.775deg)
2026-07-07T16:28:32.117+00:00 VCP run=1 step=0 angle=199863 target=200013 err=150 steer=0 m1=-712/-36094 i1=-168 t1=33 m2=669/36094 i2=232 t2=32 steerMode=0/-317 iSteer=32191 driveMode=-36094/-36329 iDrive=-200044 scale=0 wheel=-105000 ffS=0
2026-07-07T16:28:32.117+00:00 VCP run=1 step=0 angle=199951 target=199775 err=-176 steer=0 m1=-706/-36094 i1=-172 t1=33 m2=721/36094 i2=207 t2=32 steerMode=0/-26 iSteer=17648 driveMode=-36094/-36634 iDrive=-189699 scale=0 wheel=-105000 ffS=0
2026-07-07T16:28:32.206+00:00 VCP UNIT_CTRL enable=1
2026-07-07T16:28:32.206+00:00 VCP SET_TARGET_FF_RX steerRate=120000 wheelAccel=0
2026-07-07T16:28:32.389+00:00 VCP run=1 step=0 angle=200391 target=206991 err=6600 steer=28800 m1=64/69506 i1=3555 t1=33 m2=625/9694 i2=-294 t2=32 steerMode=39600/7838 iSteer=1630614 driveMode=29906/-26900 iDrive=1924330 scale=0 wheel=87000 ffS=20000
2026-07-07T16:28:32.389+00:00 VCP run=1 step=0 angle=218584 target=218991 err=407 steer=20566 m1=2709/184684 i1=1983 t1=33 m2=-1419/-128129 i2=-3011 t2=32 steerMode=28278/39537 iSteer=-513802 driveMode=156406/84608 iDrive=2497245 scale=0 wheel=455000 ffS=20000
2026-07-07T16:28:32.484+00:00 VCP run=1 step=0 angle=229746 target=230978 err=1232 steer=22464 m1=5162/312419 i1=2669 t1=33 m2=-4087/-250643 i2=-2164 t2=32 steerMode=30888/26795 iSteer=252615 driveMode=281531/216528 iDrive=2416445 scale=0 wheel=819000 ffS=20000
2026-07-07T16:28:32.590+00:00 VCP SET_TARGET_RX steer=242992 wheel=1300000
2026-07-07T16:28:32.590+00:00 VCP run=1 step=0 angle=242402 target=242992 err=590 steer=21179 m1=7600/435778 i1=2460 t1=33 m2=-6626/-377535 i2=-2277 t2=32 steerMode=29122/28152 iSteer=91546 driveMode=406656/346970 iDrive=2368862 scale=0 wheel=1183000 ffS=20000
2026-07-07T16:28:32.688+00:00 VCP run=1 step=0 angle=253828 target=254978 err=1150 steer=22300 m1=9217/469000 i1=461 t1=33 m2=-8135/-407676 i2=-104 t2=32 steerMode=30662/28048 iSteer=178123 driveMode=438338/449856 iDrive=282518 scale=0 wheel=1275165 ffS=20000
2026-07-07T16:28:32.689+00:00 VCP SET_TARGET_FF_RX steerRate=120000 wheelAccel=0
2026-07-07T16:28:32.791+00:00 VCP run=1 step=0 angle=266221 target=266986 err=765 steer=21531 m1=9194/469000 i1=210 t1=33 m2=-8145/-409791 i2=43 t2=32 steerMode=29605/27933 iSteer=126486 driveMode=439395/456689 iDrive=83699 scale=0 wheel=1278241 ffS=20000
2026-07-07T16:28:32.894+00:00 VCP run=1 step=0 angle=278262 target=278998 err=736 steer=21473 m1=9142/469000 i1=264 t1=33 m2=-8135/-409950 i2=15 t2=32 steerMode=29525/27523 iSteer=139111 driveMode=439475/454627 iDrive=124563 scale=0 wheel=1278473 ffS=20000
2026-07-07T16:28:32.993+00:00 VCP run=1 step=0 angle=290742 target=290974 err=232 steer=20000 m1=9136/469000 i1=212 t1=33 m2=-8120/-414000 i2=-171 t2=32 steerMode=27500/27800 iSteer=20458 driveMode=441500/453702 iDrive=191650 scale=0 wheel=1284364 ffS=20000
2026-07-07T16:28:32.993+00:00 VCP SET_TARGET_RX steer=302975 wheel=1300000
2026-07-07T16:28:33.096+00:00 VCP run=1 step=0 angle=302607 target=302975 err=368 steer=20487 m1=9142/469000 i1=178 t1=33 m2=-8036/-412662 i2=-201 t2=32 steerMode=28169/29115 iSteer=-11353 driveMode=440831/452329 iDrive=189671 scale=0 wheel=1282417 ffS=20000
2026-07-07T16:28:33.194+00:00 VCP run=1 step=0 angle=314209 target=314980 err=771 steer=21542 m1=9134/469000 i1=244 t1=33 m2=-8093/-409759 i2=16 t2=32 steerMode=29620/27681 iSteer=129987 driveMode=439380/452761 iDrive=113649 scale=0 wheel=1278195 ffS=20000
2026-07-07T16:28:33.194+00:00 VCP SET_TARGET_FF_RX steerRate=120000 wheelAccel=0
2026-07-07T16:28:33.297+00:00 VCP run=1 step=0 angle=326514 target=326975 err=461 steer=20498 m1=9111/469000 i1=222 t1=33 m2=-8074/-412629 i2=-113 t2=32 steerMode=28185/27710 iSteer=54503 driveMode=440815/451769 iDrive=167593 scale=0 wheel=1282370 ffS=20000
2026-07-07T16:28:33.400+00:00 VCP run=1 step=0 angle=339082 target=338976 err=-106 steer=20000 m1=9098/469000 i1=208 t1=33 m2=-8068/-414000 i2=-156 t2=32 steerMode=27500/27566 iSteer=25943 driveMode=441500/451389 iDrive=181742 scale=0 wheel=1284364 ffS=20000
2026-07-07T16:28:33.499+00:00 VCP run=1 step=0 angle=350596 target=350979 err=383 steer=20518 m1=9098/469000 i1=205 t1=33 m2=-8063/-412575 i2=-40 t2=32 steerMode=28212/27160 iSteer=82308 driveMode=440788/452038 iDrive=122641 scale=0 wheel=1282291 ffS=20000
2026-07-07T16:28:33.499+00:00 VCP SET_TARGET_RX steer=2985 wheel=1300000
2026-07-07T16:28:33.602+00:00 VCP run=1 step=0 angle=2900 target=2985 err=85 steer=20000 m1=9067/469000 i1=229 t1=33 m2=-8088/-414000 i2=-43 t2=32 steerMode=27500/26179 iSteer=93054 driveMode=441500/451779 iDrive=135767 scale=0 wheel=1284364 ffS=20000
2026-07-07T16:28:33.701+00:00 VCP run=1 step=0 angle=14854 target=14979 err=125 steer=20000 m1=9073/469000 i1=210 t1=33 m2=-8065/-414000 i2=-89 t2=32 steerMode=27500/26847 iSteer=60227 driveMode=441500/450760 iDrive=149604 scale=0 wheel=1284364 ffS=20000
2026-07-07T16:28:33.701+00:00 VCP SET_TARGET_FF_RX steerRate=120000 wheelAccel=0
2026-07-07T16:28:33.804+00:00 VCP run=1 step=0 angle=26807 target=26979 err=172 steer=20000 m1=9071/469000 i1=197 t1=33 m2=-8057/-414000 i2=-57 t2=32 steerMode=27500/26665 iSteer=69761 driveMode=441500/450978 iDrive=127215 scale=0 wheel=1284364 ffS=20000
2026-07-07T16:28:33.907+00:00 VCP run=1 step=0 angle=38232 target=38980 err=748 steer=21495 m1=9077/469000 i1=180 t1=33 m2=-7994/-409888 i2=-8 t2=32 steerMode=29556/28447 iSteer=85898 driveMode=439444/449465 iDrive=93668 scale=0 wheel=1278383 ffS=20000
2026-07-07T16:28:34.007+00:00 VCP run=1 step=0 angle=50186 target=50997 err=811 steer=21623 m1=9054/469000 i1=248 t1=33 m2=-8009/-409537 i2=79 t2=32 steerMode=29732/27037 iSteer=163785 driveMode=439269/449151 iDrive=84311 scale=0 wheel=1277872 ffS=20000
2026-07-07T16:28:34.008+00:00 VCP SET_TARGET_RX steer=62976 wheel=1300000
2026-07-07T16:28:34.143+00:00 VCP run=1 step=0 angle=62227 target=62976 err=749 steer=21499 m1=9044/469000 i1=244 t1=33 m2=-8034/-409878 i2=85 t2=32 steerMode=29561/26841 iSteer=164393 driveMode=439439/449062 iDrive=79218 scale=0 wheel=1278368 ffS=20000
2026-07-07T16:28:34.143+00:00 VCP run=1 step=0 angle=74707 target=74976 err=269 steer=20000 m1=9025/469000 i1=194 t1=33 m2=-8011/-414000 i2=-107 t2=32 steerMode=27500/27165 iSteer=43989 driveMode=441500/448334 iDrive=150495 scale=0 wheel=1284364 ffS=20000
2026-07-07T16:28:34.289+00:00 VCP SET_TARGET_FF_RX steerRate=120000 wheelAccel=0
2026-07-07T16:28:34.289+00:00 VCP run=1 step=0 angle=86133 target=86975 err=842 steer=21684 m1=9025/469000 i1=208 t1=33 m2=-7978/-409368 i2=38 t2=32 steerMode=29816/27942 iSteer=123141 driveMode=439184/447738 iDrive=85266 scale=0 wheel=1277626 ffS=20000
2026-07-07T16:28:34.392+00:00 VCP run=1 step=0 angle=98262 target=98975 err=713 steer=21427 m1=9002/469000 i1=232 t1=33 m2=-7955/-410077 i2=10 t2=32 steerMode=29462/27575 iSteer=121264 driveMode=439538/446922 iDrive=110894 scale=0 wheel=1278657 ffS=20000
2026-07-07T16:28:34.491+00:00 VCP run=1 step=0 angle=110479 target=110975 err=496 steer=20745 m1=8996/469000 i1=240 t1=33 m2=-7927/-411953 i2=-144 t2=32 steerMode=28524/28102 iSteer=47816 driveMode=440476/444884 iDrive=192041 scale=0 wheel=1281386 ffS=20000
2026-07-07T16:28:34.491+00:00 VCP SET_TARGET_RX steer=123003 wheel=1300000
2026-07-07T16:28:34.594+00:00 VCP run=1 step=0 angle=122432 target=123003 err=571 steer=21143 m1=9008/469000 i1=253 t1=33 m2=-7971/-410857 i2=5 t2=32 steerMode=29071/26984 iSteer=129122 driveMode=439929/446388 iDrive=123787 scale=0 wheel=1279793 ffS=20000
2026-07-07T16:28:34.692+00:00 VCP run=1 step=0 angle=134385 target=134975 err=590 steer=21180 m1=8994/469000 i1=249 t1=33 m2=-7942/-410754 i2=-49 t2=32 steerMode=29123/27594 iSteer=99837 driveMode=439877/445254 iDrive=148813 scale=0 wheel=1279642 ffS=20000
2026-07-07T16:28:34.692+00:00 VCP SET_TARGET_FF_RX steerRate=120000 wheelAccel=0
2026-07-07T16:28:34.795+00:00 VCP run=1 step=0 angle=145898 target=146979 err=1081 steer=22161 m1=8989/469000 i1=277 t1=33 m2=-7944/-408057 i2=79 t2=32 steerMode=30472/27415 iSteer=177769 driveMode=438528/445294 iDrive=99188 scale=0 wheel=1275719 ffS=20000
2026-07-07T16:28:34.898+00:00 VCP run=1 step=0 angle=158203 target=158992 err=789 steer=21578 m1=8956/469000 i1=258 t1=33 m2=-7917/-409661 i2=-42 t2=32 steerMode=29669/27990 iSteer=108048 driveMode=439331/444210 iDrive=149610 scale=0 wheel=1278053 ffS=20000
2026-07-07T16:28:34.997+00:00 VCP run=1 step=0 angle=170332 target=170998 err=666 steer=21332 m1=8966/469000 i1=256 t1=33 m2=-7909/-410337 i2=-38 t2=32 steerMode=29331/27615 iSteer=109099 driveMode=439669/444478 iDrive=146782 scale=0 wheel=1279036 ffS=20000
2026-07-07T16:28:34.997+00:00 VCP SET_TARGET_RX steer=182990 wheel=1300000
2026-07-07T16:28:35.099+00:00 VCP run=1 step=0 angle=182725 target=182990 err=265 steer=20000 m1=8954/469000 i1=253 t1=33 m2=-7980/-414000 i2=-85 t2=32 steerMode=27500/26248 iSteer=83703 driveMode=441500/445440 iDrive=168805 scale=0 wheel=1284364 ffS=20000
2026-07-07T16:28:35.198+00:00 VCP run=1 step=0 angle=194766 target=194982 err=216 steer=20000 m1=8943/469000 i1=240 t1=33 m2=-7929/-414000 i2=-153 t2=32 steerMode=27500/27064 iSteer=43493 driveMode=441500/444320 iDrive=196650 scale=0 wheel=1284364 ffS=20000
2026-07-07T16:28:35.198+00:00 VCP SET_TARGET_FF_RX steerRate=120000 wheelAccel=0
2026-07-07T16:28:35.301+00:00 VCP run=1 step=0 angle=207158 target=206990 err=-168 steer=20000 m1=8941/469000 i1=243 t1=33 m2=-7936/-414000 i2=-156 t2=32 steerMode=27500/27066 iSteer=43476 driveMode=441500/444068 iDrive=199549 scale=0 wheel=1284364 ffS=20000
2026-07-07T16:28:35.403+00:00 VCP run=1 step=0 angle=218145 target=218976 err=831 steer=21663 m1=8977/469000 i1=233 t1=33 m2=-7892/-409427 i2=-47 t2=32 steerMode=29787/28387 iSteer=93055 driveMode=439213/443579 iDrive=140365 scale=0 wheel=1277712 ffS=20000
2026-07-07T16:28:35.502+00:00 VCP run=1 step=0 angle=230273 target=230975 err=702 steer=21403 m1=8954/469000 i1=287 t1=33 m2=-7942/-410141 i2=7 t2=32 steerMode=29429/26882 iSteer=146967 driveMode=439571/443885 iDrive=139913 scale=0 wheel=1278751 ffS=20000
2026-07-07T16:28:35.503+00:00 VCP SET_TARGET_RX steer=242997 wheel=1300000
2026-07-07T16:28:35.605+00:00 VCP run=1 step=0 angle=241963 target=242997 err=1034 steer=22068 m1=8966/469000 i1=265 t1=33 m2=-7917/-408312 i2=27 t2=32 steerMode=30344/27801 iSteer=146130 driveMode=438656/443530 iDrive=119013 scale=0 wheel=1276091 ffS=20000
2026-07-07T16:28:35.704+00:00 VCP run=1 step=0 angle=254268 target=254997 err=729 steer=21459 m1=8950/469000 i1=265 t1=33 m2=-7921/-409988 i2=-25 t2=32 steerMode=29506/27424 iSteer=120209 driveMode=439494/443414 iDrive=145228 scale=0 wheel=1278528 ffS=20000
2026-07-07T16:28:35.704+00:00 VCP SET_TARGET_FF_RX steerRate=120000 wheelAccel=0
2026-07-07T16:28:35.806+00:00 VCP run=1 step=0 angle=266309 target=266998 err=689 steer=21379 m1=8962/469000 i1=229 t1=33 m2=-7892/-410208 i2=-71 t2=32 steerMode=29396/28149 iSteer=78735 driveMode=439604/443234 iDrive=149881 scale=0 wheel=1278848 ffS=20000
2026-07-07T16:28:35.983+00:00 VCP run=1 step=0 angle=278350 target=278997 err=647 steer=21295 m1=8941/469000 i1=273 t1=33 m2=-7917/-410439 i2=1 t2=32 steerMode=29280/26814 iSteer=136718 driveMode=439720/443760 iDrive=135793 scale=0 wheel=1279185 ffS=20000
2026-07-07T16:28:35.983+00:00 VCP run=1 step=0 angle=291006 target=290998 err=-8 steer=20000 m1=8939/469000 i1=200 t1=33 m2=-7875/-414000 i2=-254 t2=32 steerMode=27500/28259 iSteer=-26617 driveMode=441500/442420 iDrive=226889 scale=0 wheel=1284364 ffS=20000
2026-07-07T16:28:36.089+00:00 VCP SET_TARGET_RX steer=302979 wheel=1300000
2026-07-07T16:28:36.089+00:00 VCP run=1 step=0 angle=302344 target=302979 err=635 steer=21271 m1=8958/469000 i1=202 t1=33 m2=-7833/-410506 i2=-112 t2=32 steerMode=29247/28614 iSteer=44677 driveMode=439753/442845 iDrive=157013 scale=0 wheel=1279282 ffS=20000
2026-07-07T16:28:36.145+00:00 VCP run=1 step=0 angle=314824 target=314980 err=156 steer=20000 m1=8950/469000 i1=196 t1=33 m2=-7936/-414000 i2=-206 t2=32 steerMode=27500/27780 iSteer=-5158 driveMode=441500/443074 iDrive=200693 scale=0 wheel=1284364 ffS=20000
2026-07-07T16:28:36.290+00:00 VCP SET_TARGET_FF_RX steerRate=120000 wheelAccel=0
2026-07-07T16:28:36.290+00:00 VCP run=1 step=0 angle=325986 target=326975 err=989 steer=21977 m1=8958/469000 i1=223 t1=33 m2=-7865/-408562 i2=-34 t2=32 steerMode=30219/28562 iSteer=94878 driveMode=438781/442613 iDrive=128551 scale=0 wheel=1276454 ffS=20000
2026-07-07T16:28:36.393+00:00 VCP run=1 step=0 angle=338115 target=338975 err=860 steer=21720 m1=8927/469000 i1=260 t1=33 m2=-7902/-409271 i2=-6 t2=32 steerMode=29864/27516 iSteer=127259 driveMode=439136/442739 iDrive=133110 scale=0 wheel=1277486 ffS=20000
2026-07-07T16:28:36.492+00:00 VCP run=1 step=0 angle=349805 target=350975 err=1170 steer=22341 m1=8943/469000 i1=275 t1=33 m2=-7925/-407563 i2=137 t2=32 steerMode=30718/26784 iSteer=206337 driveMode=438282/443943 iDrive=69037 scale=0 wheel=1275001 ffS=20000
2026-07-07T16:28:36.492+00:00 VCP SET_TARGET_RX steer=2992 wheel=1300000
2026-07-07T16:28:36.595+00:00 VCP run=1 step=0 angle=2549 target=2992 err=443 steer=20638 m1=8935/469000 i1=247 t1=33 m2=-8003/-412246 i2=36 t2=32 steerMode=28377/25691 iSteer=141657 driveMode=440623/444993 iDrive=105307 scale=0 wheel=1281812 ffS=20000
2026-07-07T16:28:36.694+00:00 VCP run=1 step=0 angle=14766 target=14998 err=232 steer=20000 m1=8939/469000 i1=187 t1=33 m2=-7883/-414000 i2=-152 t2=32 steerMode=27500/27360 iSteer=17077 driveMode=441500/443545 iDrive=169468 scale=0 wheel=1284364 ffS=20000
2026-07-07T16:28:36.694+00:00 VCP SET_TARGET_FF_RX steerRate=120000 wheelAccel=0
2026-07-07T16:28:36.797+00:00 VCP run=1 step=0 angle=26719 target=26997 err=278 steer=20000 m1=8943/469000 i1=201 t1=33 m2=-7913/-414000 i2=-123 t2=32 steerMode=27500/26948 iSteer=39246 driveMode=441500/443668 iDrive=161885 scale=0 wheel=1284364 ffS=20000
2026-07-07T16:28:36.900+00:00 VCP run=1 step=0 angle=37969 target=38979 err=1010 steer=22021 m1=8943/469000 i1=240 t1=33 m2=-7911/-408444 i2=78 t2=32 steerMode=30278/27379 iSteer=158766 driveMode=438722/443426 iDrive=81136 scale=0 wheel=1276282 ffS=20000
2026-07-07T16:28:36.999+00:00 VCP run=1 step=0 angle=50537 target=50976 err=439 steer=20312 m1=8927/469000 i1=228 t1=33 m2=-7959/-413141 i2=-49 t2=32 steerMode=27929/26383 iSteer=89073 driveMode=441071/443789 iDrive=138487 scale=0 wheel=1283115 ffS=20000
2026-07-07T16:28:36.999+00:00 VCP SET_TARGET_RX steer=62976 wheel=1300000
2026-07-07T16:28:37.102+00:00 VCP run=1 step=0 angle=61963 target=62976 err=1013 steer=22026 m1=8929/469000 i1=205 t1=33 m2=-7873/-408428 i2=-3 t2=32 steerMode=30286/28559 iSteer=101204 driveMode=438714/442389 iDrive=104284 scale=0 wheel=1276259 ffS=20000
2026-07-07T16:28:37.201+00:00 VCP run=1 step=0 angle=74092 target=74980 err=888 steer=21776 m1=8935/469000 i1=235 t1=33 m2=-7911/-409115 i2=60 t2=32 steerMode=29943/27296 iSteer=147190 driveMode=439057/443195 iDrive=87626 scale=0 wheel=1277258 ffS=20000
2026-07-07T16:28:37.201+00:00 VCP SET_TARGET_FF_RX steerRate=120000 wheelAccel=0
2026-07-07T16:28:37.304+00:00 VCP run=1 step=0 angle=86309 target=86976 err=667 steer=21335 m1=8935/469000 i1=220 t1=33 m2=-7888/-410329 i2=-14 t2=32 steerMode=29335/27577 iSteer=102705 driveMode=439665/442720 iDrive=117191 scale=0 wheel=1279024 ffS=20000
2026-07-07T16:28:37.407+00:00 VCP run=1 step=0 angle=98086 target=98975 err=889 steer=21778 m1=8929/469000 i1=246 t1=33 m2=-7881/-409110 i2=61 t2=32 steerMode=29945/27165 iSteer=153423 driveMode=439055/442858 iDrive=92520 scale=0 wheel=1277251 ffS=20000
2026-07-07T16:28:37.505+00:00 VCP run=1 step=0 angle=110566 target=110979 err=413 steer=20401 m1=8912/469000 i1=215 t1=33 m2=-7837/-412897 i2=-236 t2=32 steerMode=28051/28552 iSteer=-10553 driveMode=440949/440271 iDrive=225576 scale=0 wheel=1282760 ffS=20000
2026-07-07T16:28:37.506+00:00 VCP SET_TARGET_RX steer=122984 wheel=1300000
2026-07-07T16:28:37.642+00:00 VCP run=1 step=0 angle=121992 target=122984 err=992 steer=21984 m1=8929/469000 i1=238 t1=33 m2=-7873/-408545 i2=7 t2=32 steerMode=30228/28077 iSteer=122308 driveMode=438773/441733 iDrive=115374 scale=0 wheel=1276429 ffS=20000
2026-07-07T16:28:37.642+00:00 VCP run=1 step=0 angle=134297 target=134980 err=683 steer=21366 m1=8914/469000 i1=241 t1=33 m2=-7890/-410243 i2=-30 t2=32 steerMode=29379/27544 iSteer=105735 driveMode=439621/441892 iDrive=135257 scale=0 wheel=1278899 ffS=20000
2026-07-07T16:28:37.707+00:00 VCP SET_TARGET_FF_RX steerRate=120000 wheelAccel=0
2026-07-07T16:28:37.707+00:00 VCP run=1 step=0 angle=145986 target=146990 err=1004 steer=22007 m1=8916/469000 i1=245 t1=33 m2=-7821/-408480 i2=8 t2=32 steerMode=30260/28057 iSteer=126409 driveMode=438740/441480 iDrive=118837 scale=0 wheel=1276334 ffS=20000
2026-07-07T16:28:37.890+00:00 VCP run=1 step=0 angle=158555 target=158998 err=443 steer=20462 m1=8899/469000 i1=265 t1=33 m2=-7913/-412728 i2=-97 t2=32 steerMode=28136/26723 iSteer=84118 driveMode=440864/441587 iDrive=180710 scale=0 wheel=1282514 ffS=20000
2026-07-07T16:28:37.989+00:00 VCP run=1 step=0 angle=170244 target=170979 err=735 steer=21470 m1=8918/469000 i1=243 t1=33 m2=-7862/-409958 i2=-51 t2=32 steerMode=29521/27908 iSteer=95965 driveMode=439479/441277 iDrive=147163 scale=0 wheel=1278485 ffS=20000
2026-07-07T16:28:37.989+00:00 VCP SET_TARGET_RX steer=182980 wheel=1300000
2026-07-07T16:28:38.092+00:00 VCP run=1 step=0 angle=182549 target=182980 err=431 steer=20438 m1=8904/469000 i1=251 t1=33 m2=-7906/-412795 i2=-67 t2=32 steerMode=28102/26540 iSteer=92012 driveMode=440898/442331 iDrive=158697 scale=0 wheel=1282611 ffS=20000
2026-07-07T16:28:38.191+00:00 VCP run=1 step=0 angle=194150 target=194976 err=826 steer=21651 m1=8914/469000 i1=253 t1=33 m2=-7860/-409459 i2=-12 t2=32 steerMode=29770/27667 iSteer=120341 driveMode=439230/441513 iDrive=132503 scale=0 wheel=1277759 ffS=20000
2026-07-07T16:28:38.191+00:00 VCP SET_TARGET_FF_RX steerRate=120000 wheelAccel=0
2026-07-07T16:28:38.293+00:00 VCP run=1 step=0 angle=206104 target=206974 err=870 steer=21741 m1=8908/469000 i1=293 t1=33 m2=-7890/-409212 i2=48 t2=32 steerMode=29894/26779 iSteer=170410 driveMode=439106/441749 iDrive=122312 scale=0 wheel=1277400 ffS=20000
2026-07-07T16:28:38.396+00:00 VCP run=1 step=0 angle=218320 target=218975 err=655 steer=21309 m1=8889/469000 i1=261 t1=33 m2=-7875/-410399 i2=-74 t2=32 steerMode=29300/27708 iSteer=93775 driveMode=439700/440847 iDrive=167285 scale=0 wheel=1279126 ffS=20000
2026-07-07T16:28:38.495+00:00 VCP run=1 step=0 angle=230273 target=230984 err=711 steer=21421 m1=8902/469000 i1=274 t1=33 m2=-7927/-410092 i2=31 t2=32 steerMode=29454/26645 iSteer=152318 driveMode=439546/442272 iDrive=121560 scale=0 wheel=1278679 ffS=20000
2026-07-07T16:28:38.495+00:00 VCP SET_TARGET_RX steer=242975 wheel=1300000
2026-07-07T16:28:38.598+00:00 VCP run=1 step=0 angle=242402 target=242975 err=573 steer=21145 m1=8897/469000 i1=221 t1=33 m2=-7848/-410850 i2=-122 t2=32 steerMode=29075/28317 iSteer=49464 driveMode=439925/440969 iDrive=171604 scale=0 wheel=1279782 ffS=20000
2026-07-07T16:28:38.696+00:00 VCP run=1 step=0 angle=254180 target=254975 err=795 steer=21591 m1=8899/469000 i1=260 t1=33 m2=-7860/-409626 i2=-15 t2=32 steerMode=29687/27447 iSteer=122470 driveMode=439313/441540 iDrive=137043 scale=0 wheel=1278001 ffS=20000
2026-07-07T16:28:38.696+00:00 VCP SET_TARGET_FF_RX steerRate=120000 wheelAccel=0
2026-07-07T16:28:38.799+00:00 VCP run=1 step=0 angle=266660 target=266983 err=323 steer=20000 m1=8885/469000 i1=226 t1=33 m2=-7881/-414000 i2=-201 t2=32 steerMode=27500/27424 iSteer=12653 driveMode=441500/441186 iDrive=213779 scale=0 wheel=1284364 ffS=20000
2026-07-07T16:28:38.902+00:00 VCP run=1 step=0 angle=278438 target=278974 err=536 steer=21073 m1=8910/469000 i1=220 t1=33 m2=-7831/-411049 i2=-147 t2=32 steerMode=28975/28453 iSteer=36326 driveMode=440025/440692 iDrive=183333 scale=0 wheel=1280072 ffS=20000
2026-07-07T16:28:38.945+00:00 WEBUI emergency disable sent
2026-07-07T16:28:39.102+00:00 VCP run=1 step=0 angle=289775 target=290980 err=1205 steer=22409 m1=8929/469000 i1=238 t1=33 m2=-7823/-407375 i2=-15 t2=32 steerMode=30813/28781 iSteer=111560 driveMode=438187/440721 iDrive=126625 scale=0 wheel=1274727 ffS=20000
2026-07-07T16:28:39.102+00:00 VCP UNIT_CTRL enable=0
2026-07-07T16:28:39.102+00:00 VCP UNIT_CTRL enable=0
2026-07-07T16:28:39.102+00:00 VCP STOP: disabled
2026-07-07T16:28:39.102+00:00 VCP SET_TARGET_RX steer=298175 wheel=0
2026-07-07T16:28:39.503+00:00 VCP idle angle=351738 amtOk=1 fdbkOk=1 en=0 tgtOk=1
2026-07-07T16:28:39.503+00:00 VCP SET_TARGET_RX steer=298175 wheel=0
2026-07-07T16:28:39.903+00:00 VCP idle angle=53174 amtOk=1 fdbkOk=1 en=0 tgtOk=1
2026-07-07T16:28:40.103+00:00 VCP SET_TARGET_RX steer=298175 wheel=0
2026-07-07T16:28:40.343+00:00 WEBUI STOP sequence start (manual STOP): coasting 1.0s before disable
2026-07-07T16:28:40.504+00:00 VCP idle angle=112148 amtOk=1 fdbkOk=1 en=0 tgtOk=1
2026-07-07T16:28:40.504+00:00 VCP SET_TARGET_RX steer=298175 wheel=0
2026-07-07T16:28:40.905+00:00 VCP idle angle=175869 amtOk=1 fdbkOk=1 en=0 tgtOk=1
2026-07-07T16:28:41.105+00:00 VCP SET_TARGET_RX steer=298175 wheel=0
2026-07-07T16:28:41.344+00:00 WEBUI STOP sequence complete (manual STOP)
2026-07-07T16:28:41.506+00:00 VCP UNIT_CTRL enable=0
2026-07-07T16:28:41.506+00:00 VCP UNIT_CTRL enable=0
2026-07-07T16:28:41.506+00:00 VCP idle angle=240293 amtOk=1 fdbkOk=1 en=0 tgtOk=1
2026-07-07T16:28:41.506+00:00 VCP SET_TARGET_RX steer=298175 wheel=0
2026-07-07T16:28:41.906+00:00 VCP idle angle=310342 amtOk=1 fdbkOk=1 en=0 tgtOk=1
2026-07-07T16:28:42.106+00:00 VCP SET_TARGET_RX steer=298175 wheel=0
2026-07-07T16:28:42.507+00:00 VCP idle angle=30146 amtOk=1 fdbkOk=1 en=0 tgtOk=1
2026-07-07T16:28:42.507+00:00 VCP SET_TARGET_RX steer=298175 wheel=0
2026-07-07T16:28:42.907+00:00 VCP idle angle=96504 amtOk=1 fdbkOk=1 en=0 tgtOk=1
2026-07-07T16:28:43.107+00:00 VCP SET_TARGET_RX steer=298175 wheel=0
2026-07-07T16:28:43.508+00:00 VCP idle angle=129287 amtOk=1 fdbkOk=1 en=0 tgtOk=1
2026-07-07T16:28:43.508+00:00 VCP SET_TARGET_RX steer=298175 wheel=0
2026-07-07T16:28:43.908+00:00 VCP idle angle=129375 amtOk=1 fdbkOk=1 en=0 tgtOk=1
2026-07-07T16:28:44.109+00:00 VCP SET_TARGET_RX steer=298175 wheel=0
2026-07-07T16:28:44.509+00:00 VCP idle angle=129287 amtOk=1 fdbkOk=1 en=0 tgtOk=1
2026-07-07T16:28:44.509+00:00 VCP SET_TARGET_RX steer=298175 wheel=0
2026-07-07T16:28:44.910+00:00 VCP idle angle=129287 amtOk=1 fdbkOk=1 en=0 tgtOk=1
2026-07-07T16:28:45.110+00:00 VCP SET_TARGET_RX steer=298175 wheel=0
2026-07-07T16:28:45.511+00:00 VCP idle angle=129375 amtOk=1 fdbkOk=1 en=0 tgtOk=1
2026-07-07T16:28:45.511+00:00 VCP SET_TARGET_RX steer=298175 wheel=0
2026-07-07T16:28:45.911+00:00 VCP idle angle=129287 amtOk=1 fdbkOk=1 en=0 tgtOk=1
2026-07-07T16:28:46.111+00:00 VCP SET_TARGET_RX steer=298175 wheel=0
2026-07-07T16:28:46.512+00:00 VCP idle angle=129287 amtOk=1 fdbkOk=1 en=0 tgtOk=1
2026-07-07T16:28:46.512+00:00 VCP SET_TARGET_RX steer=298175 wheel=0
2026-07-07T16:28:46.912+00:00 VCP idle angle=129375 amtOk=1 fdbkOk=1 en=0 tgtOk=1
2026-07-07T16:28:47.113+00:00 VCP SET_TARGET_RX steer=298175 wheel=0
2026-07-07T16:28:47.513+00:00 VCP idle angle=129375 amtOk=1 fdbkOk=1 en=0 tgtOk=1
2026-07-07T16:28:47.514+00:00 VCP SET_TARGET_RX steer=298175 wheel=0
2026-07-07T16:28:47.914+00:00 VCP idle angle=129287 amtOk=1 fdbkOk=1 en=0 tgtOk=1
2026-07-07T16:28:48.114+00:00 VCP SET_TARGET_RX steer=298175 wheel=0
2026-07-07T16:28:48.515+00:00 VCP idle angle=129287 amtOk=1 fdbkOk=1 en=0 tgtOk=1
2026-07-07T16:28:48.515+00:00 VCP SET_TARGET_RX steer=298175 wheel=0
2026-07-07T16:28:48.915+00:00 VCP idle angle=129287 amtOk=1 fdbkOk=1 en=0 tgtOk=1
2026-07-07T16:28:49.116+00:00 VCP SET_TARGET_RX steer=298175 wheel=0
2026-07-07T16:28:49.516+00:00 VCP idle angle=129375 amtOk=1 fdbkOk=1 en=0 tgtOk=1
2026-07-07T16:28:49.516+00:00 VCP SET_TARGET_RX steer=298175 wheel=0
2026-07-07T16:28:49.917+00:00 VCP idle angle=129287 amtOk=1 fdbkOk=1 en=0 tgtOk=1
2026-07-07T16:28:50.117+00:00 VCP SET_TARGET_RX steer=298175 wheel=0
2026-07-07T16:28:50.518+00:00 VCP idle angle=129375 amtOk=1 fdbkOk=1 en=0 tgtOk=1
2026-07-07T16:28:50.518+00:00 VCP SET_TARGET_RX steer=298175 wheel=0
2026-07-07T16:28:50.918+00:00 VCP idle angle=129287 amtOk=1 fdbkOk=1 en=0 tgtOk=1
2026-07-07T16:28:51.119+00:00 VCP SET_TARGET_RX steer=298175 wheel=0
2026-07-07T16:28:51.519+00:00 VCP idle angle=129287 amtOk=1 fdbkOk=1 en=0 tgtOk=1
2026-07-07T16:28:51.519+00:00 VCP SET_TARGET_RX steer=298175 wheel=0
2026-07-07T16:28:51.920+00:00 VCP idle angle=129375 amtOk=1 fdbkOk=1 en=0 tgtOk=1
2026-07-07T16:28:52.120+00:00 VCP SET_TARGET_RX steer=298175 wheel=0
2026-07-07T16:28:52.520+00:00 VCP idle angle=129287 amtOk=1 fdbkOk=1 en=0 tgtOk=1
2026-07-07T16:28:52.520+00:00 VCP SET_TARGET_RX steer=298175 wheel=0
2026-07-07T16:28:52.921+00:00 VCP idle angle=129375 amtOk=1 fdbkOk=1 en=0 tgtOk=1
2026-07-07T16:28:53.121+00:00 VCP SET_TARGET_RX steer=298175 wheel=0
2026-07-07T16:28:53.522+00:00 VCP idle angle=129375 amtOk=1 fdbkOk=1 en=0 tgtOk=1
2026-07-07T16:28:53.522+00:00 VCP SET_TARGET_RX steer=298175 wheel=0
2026-07-07T16:28:53.922+00:00 VCP idle angle=129287 amtOk=1 fdbkOk=1 en=0 tgtOk=1
2026-07-07T16:28:54.122+00:00 VCP SET_TARGET_RX steer=298175 wheel=0
2026-07-07T16:28:54.523+00:00 VCP idle angle=129375 amtOk=1 fdbkOk=1 en=0 tgtOk=1
2026-07-07T16:28:54.523+00:00 VCP SET_TARGET_RX steer=298175 wheel=0
2026-07-07T16:28:54.923+00:00 VCP idle angle=129375 amtOk=1 fdbkOk=1 en=0 tgtOk=1
2026-07-07T16:28:55.124+00:00 VCP SET_TARGET_RX steer=298175 wheel=0
2026-07-07T16:28:55.524+00:00 VCP idle angle=129287 amtOk=1 fdbkOk=1 en=0 tgtOk=1
2026-07-07T16:28:55.524+00:00 VCP SET_TARGET_RX steer=298175 wheel=0
2026-07-07T16:28:55.925+00:00 VCP idle angle=129375 amtOk=1 fdbkOk=1 en=0 tgtOk=1
2026-07-07T16:28:56.125+00:00 VCP SET_TARGET_RX steer=298175 wheel=0
2026-07-07T16:28:56.525+00:00 VCP idle angle=129287 amtOk=1 fdbkOk=1 en=0 tgtOk=1
2026-07-07T16:28:56.525+00:00 VCP SET_TARGET_RX steer=298175 wheel=0
2026-07-07T16:28:56.926+00:00 VCP idle angle=129287 amtOk=1 fdbkOk=1 en=0 tgtOk=1
2026-07-07T16:28:57.126+00:00 VCP SET_TARGET_RX steer=298175 wheel=0
2026-07-07T16:28:57.527+00:00 VCP idle angle=129375 amtOk=1 fdbkOk=1 en=0 tgtOk=1
2026-07-07T16:28:57.527+00:00 VCP SET_TARGET_RX steer=298175 wheel=0
2026-07-07T16:28:57.928+00:00 VCP idle angle=129287 amtOk=1 fdbkOk=1 en=0 tgtOk=1
2026-07-07T16:28:58.128+00:00 VCP SET_TARGET_RX steer=298175 wheel=0
2026-07-07T16:28:58.529+00:00 VCP idle angle=129375 amtOk=1 fdbkOk=1 en=0 tgtOk=1
2026-07-07T16:28:58.529+00:00 VCP SET_TARGET_RX steer=298175 wheel=0
2026-07-07T16:28:58.929+00:00 VCP idle angle=129287 amtOk=1 fdbkOk=1 en=0 tgtOk=1
2026-07-07T16:28:59.129+00:00 VCP SET_TARGET_RX steer=298175 wheel=0
2026-07-07T16:28:59.530+00:00 VCP idle angle=129287 amtOk=1 fdbkOk=1 en=0 tgtOk=1
2026-07-07T16:28:59.530+00:00 VCP SET_TARGET_RX steer=298175 wheel=0
2026-07-07T16:28:59.931+00:00 VCP idle angle=129375 amtOk=1 fdbkOk=1 en=0 tgtOk=1
2026-07-07T16:29:00.131+00:00 VCP SET_TARGET_RX steer=298175 wheel=0
2026-07-07T16:29:00.531+00:00 VCP idle angle=129287 amtOk=1 fdbkOk=1 en=0 tgtOk=1
2026-07-07T16:29:00.532+00:00 VCP SET_TARGET_RX steer=298175 wheel=0
2026-07-07T16:29:00.932+00:00 VCP idle angle=129287 amtOk=1 fdbkOk=1 en=0 tgtOk=1
2026-07-07T16:29:01.132+00:00 VCP SET_TARGET_RX steer=298175 wheel=0
2026-07-07T16:29:01.533+00:00 VCP idle angle=129287 amtOk=1 fdbkOk=1 en=0 tgtOk=1
2026-07-07T16:29:01.533+00:00 VCP SET_TARGET_RX steer=298175 wheel=0
2026-07-07T16:29:01.933+00:00 VCP idle angle=129287 amtOk=1 fdbkOk=1 en=0 tgtOk=1
2026-07-07T16:29:02.134+00:00 VCP SET_TARGET_RX steer=298175 wheel=0
2026-07-07T16:29:02.534+00:00 VCP idle angle=129375 amtOk=1 fdbkOk=1 en=0 tgtOk=1
2026-07-07T16:29:02.534+00:00 VCP SET_TARGET_RX steer=298175 wheel=0
2026-07-07T16:29:02.935+00:00 VCP idle angle=129375 amtOk=1 fdbkOk=1 en=0 tgtOk=1
2026-07-07T16:29:03.135+00:00 VCP SET_TARGET_RX steer=298175 wheel=0
2026-07-07T16:29:03.536+00:00 VCP idle angle=129287 amtOk=1 fdbkOk=1 en=0 tgtOk=1
2026-07-07T16:29:03.536+00:00 VCP SET_TARGET_RX steer=298175 wheel=0
2026-07-07T16:29:03.936+00:00 VCP idle angle=129287 amtOk=1 fdbkOk=1 en=0 tgtOk=1
2026-07-07T16:29:04.136+00:00 VCP SET_TARGET_RX steer=298175 wheel=0
2026-07-07T16:29:04.537+00:00 VCP idle angle=129375 amtOk=1 fdbkOk=1 en=0 tgtOk=1
2026-07-07T16:29:04.537+00:00 VCP SET_TARGET_RX steer=298175 wheel=0
2026-07-07T16:29:04.938+00:00 VCP idle angle=129287 amtOk=1 fdbkOk=1 en=0 tgtOk=1
2026-07-07T16:29:05.138+00:00 VCP SET_TARGET_RX steer=298175 wheel=0
2026-07-07T16:29:05.538+00:00 VCP idle angle=129287 amtOk=1 fdbkOk=1 en=0 tgtOk=1
2026-07-07T16:29:05.538+00:00 VCP SET_TARGET_RX steer=298175 wheel=0
2026-07-07T16:29:05.939+00:00 VCP idle angle=129287 amtOk=1 fdbkOk=1 en=0 tgtOk=1
2026-07-07T16:29:06.139+00:00 VCP SET_TARGET_RX steer=298175 wheel=0
2026-07-07T16:29:06.540+00:00 VCP idle angle=129287 amtOk=1 fdbkOk=1 en=0 tgtOk=1
2026-07-07T16:29:06.540+00:00 VCP SET_TARGET_RX steer=298175 wheel=0
2026-07-07T16:29:06.940+00:00 VCP idle angle=129375 amtOk=1 fdbkOk=1 en=0 tgtOk=1
2026-07-07T16:29:07.140+00:00 VCP SET_TARGET_RX steer=298175 wheel=0
2026-07-07T16:29:07.541+00:00 VCP idle angle=129375 amtOk=1 fdbkOk=1 en=0 tgtOk=1
2026-07-07T16:29:07.541+00:00 VCP SET_TARGET_RX steer=298175 wheel=0
2026-07-07T16:29:07.942+00:00 VCP idle angle=129287 amtOk=1 fdbkOk=1 en=0 tgtOk=1
2026-07-07T16:29:08.142+00:00 VCP SET_TARGET_RX steer=298175 wheel=0
2026-07-07T16:29:08.543+00:00 VCP idle angle=129287 amtOk=1 fdbkOk=1 en=0 tgtOk=1
2026-07-07T16:29:08.543+00:00 VCP SET_TARGET_RX steer=298175 wheel=0
2026-07-07T16:29:08.943+00:00 VCP idle angle=129287 amtOk=1 fdbkOk=1 en=0 tgtOk=1
2026-07-07T16:29:09.143+00:00 VCP SET_TARGET_RX steer=298175 wheel=0
2026-07-07T16:29:09.544+00:00 VCP idle angle=129375 amtOk=1 fdbkOk=1 en=0 tgtOk=1
2026-07-07T16:29:09.544+00:00 VCP SET_TARGET_RX steer=298175 wheel=0
2026-07-07T16:29:09.944+00:00 VCP idle angle=129375 amtOk=1 fdbkOk=1 en=0 tgtOk=1
2026-07-07T16:29:10.145+00:00 VCP SET_TARGET_RX steer=298175 wheel=0
2026-07-07T16:29:10.545+00:00 VCP idle angle=129375 amtOk=1 fdbkOk=1 en=0 tgtOk=1
2026-07-07T16:29:10.545+00:00 VCP SET_TARGET_RX steer=298175 wheel=0
2026-07-07T16:29:10.946+00:00 VCP idle angle=129375 amtOk=1 fdbkOk=1 en=0 tgtOk=1
2026-07-07T16:29:11.146+00:00 VCP SET_TARGET_RX steer=298175 wheel=0
2026-07-07T16:29:11.547+00:00 VCP idle angle=129287 amtOk=1 fdbkOk=1 en=0 tgtOk=1
2026-07-07T16:29:11.547+00:00 VCP SET_TARGET_RX steer=298175 wheel=0
2026-07-07T16:29:11.947+00:00 VCP idle angle=129375 amtOk=1 fdbkOk=1 en=0 tgtOk=1
2026-07-07T16:29:12.148+00:00 VCP SET_TARGET_RX steer=298175 wheel=0
2026-07-07T16:29:12.548+00:00 VCP idle angle=129375 amtOk=1 fdbkOk=1 en=0 tgtOk=1
2026-07-07T16:29:12.548+00:00 VCP SET_TARGET_RX steer=298175 wheel=0
2026-07-07T16:29:12.949+00:00 VCP idle angle=129287 amtOk=1 fdbkOk=1 en=0 tgtOk=1
2026-07-07T16:29:13.149+00:00 VCP SET_TARGET_RX steer=298175 wheel=0
2026-07-07T16:29:13.550+00:00 VCP idle angle=129287 amtOk=1 fdbkOk=1 en=0 tgtOk=1
2026-07-07T16:29:13.550+00:00 VCP SET_TARGET_RX steer=298175 wheel=0
2026-07-07T16:29:13.950+00:00 VCP idle angle=129287 amtOk=1 fdbkOk=1 en=0 tgtOk=1
2026-07-07T16:29:14.151+00:00 VCP SET_TARGET_RX steer=298175 wheel=0
2026-07-07T16:29:14.551+00:00 VCP idle angle=129287 amtOk=1 fdbkOk=1 en=0 tgtOk=1
2026-07-07T16:29:14.551+00:00 VCP SET_TARGET_RX steer=298175 wheel=0
2026-07-07T16:29:14.952+00:00 VCP idle angle=129287 amtOk=1 fdbkOk=1 en=0 tgtOk=1
2026-07-07T16:29:15.152+00:00 VCP SET_TARGET_RX steer=298175 wheel=0
2026-07-07T16:29:15.553+00:00 VCP idle angle=129287 amtOk=1 fdbkOk=1 en=0 tgtOk=1
2026-07-07T16:29:15.553+00:00 VCP SET_TARGET_RX steer=298175 wheel=0
2026-07-07T16:29:15.953+00:00 VCP idle angle=129287 amtOk=1 fdbkOk=1 en=0 tgtOk=1
2026-07-07T16:29:16.154+00:00 VCP SET_TARGET_RX steer=298175 wheel=0
2026-07-07T16:29:16.554+00:00 VCP idle angle=129287 amtOk=1 fdbkOk=1 en=0 tgtOk=1
2026-07-07T16:29:16.555+00:00 VCP SET_TARGET_RX steer=298175 wheel=0
2026-07-07T16:29:16.955+00:00 VCP idle angle=129375 amtOk=1 fdbkOk=1 en=0 tgtOk=1
2026-07-07T16:29:17.155+00:00 VCP SET_TARGET_RX steer=298175 wheel=0
2026-07-07T16:29:17.556+00:00 VCP idle angle=129375 amtOk=1 fdbkOk=1 en=0 tgtOk=1
2026-07-07T16:29:17.556+00:00 VCP SET_TARGET_RX steer=298175 wheel=0
2026-07-07T16:29:17.957+00:00 VCP idle angle=129287 amtOk=1 fdbkOk=1 en=0 tgtOk=1
2026-07-07T16:29:18.157+00:00 VCP SET_TARGET_RX steer=298175 wheel=0
2026-07-07T16:29:18.558+00:00 VCP idle angle=129287 amtOk=1 fdbkOk=1 en=0 tgtOk=1
2026-07-07T16:29:18.558+00:00 VCP SET_TARGET_RX steer=298175 wheel=0
2026-07-07T16:29:18.958+00:00 VCP idle angle=129287 amtOk=1 fdbkOk=1 en=0 tgtOk=1
2026-07-07T16:29:19.159+00:00 VCP SET_TARGET_RX steer=298175 wheel=0
2026-07-07T16:29:19.559+00:00 VCP idle angle=129375 amtOk=1 fdbkOk=1 en=0 tgtOk=1
2026-07-07T16:29:19.559+00:00 VCP SET_TARGET_RX steer=298175 wheel=0
2026-07-07T16:29:19.960+00:00 VCP idle angle=129287 amtOk=1 fdbkOk=1 en=0 tgtOk=1
2026-07-07T16:29:20.160+00:00 VCP SET_TARGET_RX steer=298175 wheel=0
2026-07-07T16:29:20.561+00:00 VCP idle angle=129287 amtOk=1 fdbkOk=1 en=0 tgtOk=1
2026-07-07T16:29:20.561+00:00 VCP SET_TARGET_RX steer=298175 wheel=0
2026-07-07T16:29:20.961+00:00 VCP idle angle=129287 amtOk=1 fdbkOk=1 en=0 tgtOk=1
2026-07-07T16:29:21.162+00:00 VCP SET_TARGET_RX steer=298175 wheel=0
2026-07-07T16:29:21.562+00:00 VCP idle angle=129375 amtOk=1 fdbkOk=1 en=0 tgtOk=1
2026-07-07T16:29:21.562+00:00 VCP SET_TARGET_RX steer=298175 wheel=0
2026-07-07T16:29:21.963+00:00 VCP idle angle=129287 amtOk=1 fdbkOk=1 en=0 tgtOk=1
2026-07-07T16:29:22.163+00:00 VCP SET_TARGET_RX steer=298175 wheel=0
2026-07-07T16:29:22.564+00:00 VCP idle angle=129287 amtOk=1 fdbkOk=1 en=0 tgtOk=1
2026-07-07T16:29:22.564+00:00 VCP SET_TARGET_RX steer=298175 wheel=0
2026-07-07T16:29:22.965+00:00 VCP idle angle=129287 amtOk=1 fdbkOk=1 en=0 tgtOk=1
2026-07-07T16:29:23.165+00:00 VCP SET_TARGET_RX steer=298175 wheel=0
2026-07-07T16:29:23.566+00:00 VCP idle angle=129375 amtOk=1 fdbkOk=1 en=0 tgtOk=1
2026-07-07T16:29:23.566+00:00 VCP SET_TARGET_RX steer=298175 wheel=0
2026-07-07T16:29:23.966+00:00 VCP idle angle=129375 amtOk=1 fdbkOk=1 en=0 tgtOk=1
2026-07-07T16:29:24.167+00:00 VCP SET_TARGET_RX steer=298175 wheel=0
2026-07-07T16:29:24.567+00:00 VCP idle angle=129287 amtOk=1 fdbkOk=1 en=0 tgtOk=1
2026-07-07T16:29:24.567+00:00 VCP SET_TARGET_RX steer=298175 wheel=0
2026-07-07T16:29:24.968+00:00 VCP idle angle=129287 amtOk=1 fdbkOk=1 en=0 tgtOk=1
2026-07-07T16:29:25.168+00:00 VCP SET_TARGET_RX steer=298175 wheel=0
2026-07-07T16:29:25.569+00:00 VCP idle angle=129375 amtOk=1 fdbkOk=1 en=0 tgtOk=1
2026-07-07T16:29:25.569+00:00 VCP SET_TARGET_RX steer=298175 wheel=0
2026-07-07T16:29:25.970+00:00 VCP idle angle=129287 amtOk=1 fdbkOk=1 en=0 tgtOk=1
2026-07-07T16:29:26.170+00:00 VCP SET_TARGET_RX steer=298175 wheel=0
2026-07-07T16:29:26.571+00:00 VCP idle angle=129375 amtOk=1 fdbkOk=1 en=0 tgtOk=1
2026-07-07T16:29:26.571+00:00 VCP SET_TARGET_RX steer=298175 wheel=0
2026-07-07T16:29:26.971+00:00 VCP idle angle=129375 amtOk=1 fdbkOk=1 en=0 tgtOk=1
2026-07-07T16:29:27.172+00:00 VCP SET_TARGET_RX steer=298175 wheel=0
2026-07-07T16:29:27.572+00:00 VCP idle angle=129375 amtOk=1 fdbkOk=1 en=0 tgtOk=1
2026-07-07T16:29:27.572+00:00 VCP SET_TARGET_RX steer=298175 wheel=0
2026-07-07T16:29:27.973+00:00 VCP idle angle=129375 amtOk=1 fdbkOk=1 en=0 tgtOk=1
2026-07-07T16:29:28.174+00:00 VCP SET_TARGET_RX steer=298175 wheel=0
2026-07-07T16:29:28.574+00:00 VCP idle angle=129375 amtOk=1 fdbkOk=1 en=0 tgtOk=1
2026-07-07T16:29:28.574+00:00 VCP SET_TARGET_RX steer=298175 wheel=0
2026-07-07T16:29:28.975+00:00 VCP idle angle=129375 amtOk=1 fdbkOk=1 en=0 tgtOk=1
2026-07-07T16:29:29.175+00:00 VCP SET_TARGET_RX steer=298175 wheel=0
2026-07-07T16:29:29.576+00:00 VCP idle angle=129375 amtOk=1 fdbkOk=1 en=0 tgtOk=1
2026-07-07T16:29:29.576+00:00 VCP SET_TARGET_RX steer=298175 wheel=0
2026-07-07T16:29:29.976+00:00 VCP idle angle=129287 amtOk=1 fdbkOk=1 en=0 tgtOk=1
2026-07-07T16:29:30.177+00:00 VCP SET_TARGET_RX steer=298175 wheel=0
2026-07-07T16:29:30.577+00:00 VCP idle angle=129287 amtOk=1 fdbkOk=1 en=0 tgtOk=1
2026-07-07T16:29:30.577+00:00 VCP SET_TARGET_RX steer=298175 wheel=0
2026-07-07T16:29:30.978+00:00 VCP idle angle=129375 amtOk=1 fdbkOk=1 en=0 tgtOk=1
2026-07-07T16:29:31.178+00:00 VCP SET_TARGET_RX steer=298175 wheel=0
2026-07-07T16:29:31.579+00:00 VCP idle angle=129375 amtOk=1 fdbkOk=1 en=0 tgtOk=1
2026-07-07T16:29:31.579+00:00 VCP SET_TARGET_RX steer=298175 wheel=0
2026-07-07T16:29:31.980+00:00 VCP idle angle=129375 amtOk=1 fdbkOk=1 en=0 tgtOk=1
2026-07-07T16:29:32.180+00:00 VCP SET_TARGET_RX steer=298175 wheel=0
2026-07-07T16:29:32.580+00:00 VCP idle angle=129375 amtOk=1 fdbkOk=1 en=0 tgtOk=1
2026-07-07T16:29:32.580+00:00 VCP SET_TARGET_RX steer=298175 wheel=0
2026-07-07T16:29:32.981+00:00 VCP idle angle=129375 amtOk=1 fdbkOk=1 en=0 tgtOk=1
2026-07-07T16:29:33.181+00:00 VCP SET_TARGET_RX steer=298175 wheel=0
2026-07-07T16:29:33.582+00:00 VCP idle angle=129287 amtOk=1 fdbkOk=1 en=0 tgtOk=1
2026-07-07T16:29:33.582+00:00 VCP SET_TARGET_RX steer=298175 wheel=0
2026-07-07T16:29:33.982+00:00 VCP idle angle=129287 amtOk=1 fdbkOk=1 en=0 tgtOk=1
2026-07-07T16:29:34.183+00:00 VCP SET_TARGET_RX steer=298175 wheel=0
2026-07-07T16:29:34.583+00:00 VCP idle angle=129287 amtOk=1 fdbkOk=1 en=0 tgtOk=1
2026-07-07T16:29:34.583+00:00 VCP SET_TARGET_RX steer=298175 wheel=0
2026-07-07T16:29:34.984+00:00 VCP idle angle=129287 amtOk=1 fdbkOk=1 en=0 tgtOk=1
2026-07-07T16:29:35.184+00:00 VCP SET_TARGET_RX steer=298175 wheel=0
2026-07-07T16:29:35.384+00:00 VCP idle angle=129375 amtOk=1 fdbkOk=1 en=0 tgtOk=1
2026-07-07T16:29:35.585+00:00 VCP SET_TARGET_RX steer=298175 wheel=0
2026-07-07T16:29:35.985+00:00 VCP idle angle=129375 amtOk=1 fdbkOk=1 en=0 tgtOk=1
2026-07-07T16:29:36.186+00:00 VCP SET_TARGET_RX steer=298175 wheel=0
2026-07-07T16:29:36.386+00:00 VCP idle angle=129375 amtOk=1 fdbkOk=1 en=0 tgtOk=1
2026-07-07T16:29:36.586+00:00 VCP SET_TARGET_RX steer=298175 wheel=0
2026-07-07T16:29:36.986+00:00 VCP idle angle=129287 amtOk=1 fdbkOk=1 en=0 tgtOk=1
2026-07-07T16:29:37.187+00:00 VCP SET_TARGET_RX steer=298175 wheel=0
2026-07-07T16:29:37.387+00:00 VCP idle angle=129287 amtOk=1 fdbkOk=1 en=0 tgtOk=1
2026-07-07T16:29:37.587+00:00 VCP SET_TARGET_RX steer=298175 wheel=0
2026-07-07T16:29:37.988+00:00 VCP idle angle=129287 amtOk=1 fdbkOk=1 en=0 tgtOk=1
2026-07-07T16:29:38.188+00:00 VCP SET_TARGET_RX steer=298175 wheel=0
2026-07-07T16:29:38.388+00:00 VCP idle angle=129287 amtOk=1 fdbkOk=1 en=0 tgtOk=1
2026-07-07T16:29:38.588+00:00 VCP SET_TARGET_RX steer=298175 wheel=0
2026-07-07T16:29:38.989+00:00 VCP idle angle=129375 amtOk=1 fdbkOk=1 en=0 tgtOk=1
2026-07-07T16:29:39.189+00:00 VCP SET_TARGET_RX steer=298175 wheel=0
2026-07-07T16:29:39.389+00:00 VCP idle angle=129375 amtOk=1 fdbkOk=1 en=0 tgtOk=1
2026-07-07T16:29:39.590+00:00 VCP SET_TARGET_RX steer=298175 wheel=0
2026-07-07T16:29:39.990+00:00 VCP idle angle=129287 amtOk=1 fdbkOk=1 en=0 tgtOk=1
2026-07-07T16:29:40.190+00:00 VCP SET_TARGET_RX steer=298175 wheel=0
2026-07-07T16:29:40.390+00:00 VCP idle angle=129287 amtOk=1 fdbkOk=1 en=0 tgtOk=1
2026-07-07T16:29:40.591+00:00 VCP SET_TARGET_RX steer=298175 wheel=0
2026-07-07T16:29:40.991+00:00 VCP idle angle=129375 amtOk=1 fdbkOk=1 en=0 tgtOk=1
2026-07-07T16:29:41.191+00:00 VCP SET_TARGET_RX steer=298175 wheel=0
2026-07-07T16:29:41.392+00:00 VCP idle angle=129287 amtOk=1 fdbkOk=1 en=0 tgtOk=1
2026-07-07T16:29:41.592+00:00 VCP SET_TARGET_RX steer=298175 wheel=0
2026-07-07T16:29:41.992+00:00 VCP idle angle=129287 amtOk=1 fdbkOk=1 en=0 tgtOk=1
2026-07-07T16:29:42.193+00:00 VCP SET_TARGET_RX steer=298175 wheel=0
2026-07-07T16:29:42.393+00:00 VCP idle angle=129287 amtOk=1 fdbkOk=1 en=0 tgtOk=1
2026-07-07T16:29:42.593+00:00 VCP SET_TARGET_RX steer=298175 wheel=0
2026-07-07T16:29:42.994+00:00 VCP idle angle=129375 amtOk=1 fdbkOk=1 en=0 tgtOk=1
2026-07-07T16:29:43.194+00:00 VCP SET_TARGET_RX steer=298175 wheel=0
2026-07-07T16:29:43.394+00:00 VCP idle angle=129375 amtOk=1 fdbkOk=1 en=0 tgtOk=1
2026-07-07T16:29:43.595+00:00 VCP SET_TARGET_RX steer=298175 wheel=0
2026-07-07T16:29:43.995+00:00 VCP idle angle=129375 amtOk=1 fdbkOk=1 en=0 tgtOk=1
2026-07-07T16:29:44.195+00:00 VCP SET_TARGET_RX steer=298175 wheel=0
2026-07-07T16:29:44.396+00:00 VCP idle angle=129375 amtOk=1 fdbkOk=1 en=0 tgtOk=1
2026-07-07T16:29:44.596+00:00 VCP SET_TARGET_RX steer=298175 wheel=0
2026-07-07T16:29:44.996+00:00 VCP idle angle=129287 amtOk=1 fdbkOk=1 en=0 tgtOk=1
2026-07-07T16:29:45.197+00:00 VCP SET_TARGET_RX steer=298175 wheel=0
2026-07-07T16:29:45.397+00:00 VCP idle angle=129375 amtOk=1 fdbkOk=1 en=0 tgtOk=1
2026-07-07T16:29:45.597+00:00 VCP SET_TARGET_RX steer=298175 wheel=0
2026-07-07T16:29:45.998+00:00 VCP idle angle=129375 amtOk=1 fdbkOk=1 en=0 tgtOk=1
2026-07-07T16:29:46.198+00:00 VCP SET_TARGET_RX steer=298175 wheel=0
2026-07-07T16:29:46.398+00:00 VCP idle angle=129287 amtOk=1 fdbkOk=1 en=0 tgtOk=1
2026-07-07T16:29:46.599+00:00 VCP SET_TARGET_RX steer=298175 wheel=0
2026-07-07T16:29:46.999+00:00 VCP idle angle=129287 amtOk=1 fdbkOk=1 en=0 tgtOk=1
2026-07-07T16:29:47.200+00:00 VCP SET_TARGET_RX steer=298175 wheel=0
2026-07-07T16:29:47.400+00:00 VCP idle angle=129287 amtOk=1 fdbkOk=1 en=0 tgtOk=1
2026-07-07T16:29:47.600+00:00 VCP SET_TARGET_RX steer=298175 wheel=0
2026-07-07T16:29:48.001+00:00 VCP idle angle=129287 amtOk=1 fdbkOk=1 en=0 tgtOk=1
2026-07-07T16:29:48.201+00:00 VCP SET_TARGET_RX steer=298175 wheel=0
2026-07-07T16:29:48.401+00:00 VCP idle angle=129375 amtOk=1 fdbkOk=1 en=0 tgtOk=1
2026-07-07T16:29:48.601+00:00 VCP SET_TARGET_RX steer=298175 wheel=0
2026-07-07T16:29:49.002+00:00 VCP idle angle=129375 amtOk=1 fdbkOk=1 en=0 tgtOk=1
2026-07-07T16:29:49.202+00:00 VCP SET_TARGET_RX steer=298175 wheel=0
2026-07-07T16:29:49.402+00:00 VCP idle angle=129375 amtOk=1 fdbkOk=1 en=0 tgtOk=1
2026-07-07T16:29:49.602+00:00 VCP SET_TARGET_RX steer=298175 wheel=0
2026-07-07T16:29:50.003+00:00 VCP idle angle=129287 amtOk=1 fdbkOk=1 en=0 tgtOk=1
2026-07-07T16:29:50.203+00:00 VCP SET_TARGET_RX steer=298175 wheel=0
2026-07-07T16:29:50.403+00:00 VCP idle angle=129287 amtOk=1 fdbkOk=1 en=0 tgtOk=1
2026-07-07T16:29:50.603+00:00 VCP SET_TARGET_RX steer=298175 wheel=0
2026-07-07T16:29:51.004+00:00 VCP idle angle=129287 amtOk=1 fdbkOk=1 en=0 tgtOk=1
2026-07-07T16:29:51.204+00:00 VCP SET_TARGET_RX steer=298175 wheel=0
2026-07-07T16:29:51.404+00:00 VCP idle angle=129375 amtOk=1 fdbkOk=1 en=0 tgtOk=1
2026-07-07T16:29:51.604+00:00 VCP SET_TARGET_RX steer=298175 wheel=0
2026-07-07T16:29:52.005+00:00 VCP idle angle=129287 amtOk=1 fdbkOk=1 en=0 tgtOk=1
2026-07-07T16:29:52.005+00:00 VCP SET_TARGET_RX steer=298175 wheel=0
2026-07-07T16:29:52.405+00:00 VCP idle angle=129287 amtOk=1 fdbkOk=1 en=0 tgtOk=1
2026-07-07T16:29:52.605+00:00 VCP SET_TARGET_RX steer=298175 wheel=0
2026-07-07T16:29:53.006+00:00 VCP idle angle=129287 amtOk=1 fdbkOk=1 en=0 tgtOk=1
2026-07-07T16:29:53.006+00:00 VCP SET_TARGET_RX steer=298175 wheel=0
2026-07-07T16:29:53.406+00:00 VCP idle angle=129287 amtOk=1 fdbkOk=1 en=0 tgtOk=1
2026-07-07T16:29:53.607+00:00 VCP SET_TARGET_RX steer=298175 wheel=0
2026-07-07T16:29:54.007+00:00 VCP idle angle=129287 amtOk=1 fdbkOk=1 en=0 tgtOk=1
2026-07-07T16:29:54.007+00:00 VCP SET_TARGET_RX steer=298175 wheel=0
2026-07-07T16:29:54.407+00:00 VCP idle angle=129287 amtOk=1 fdbkOk=1 en=0 tgtOk=1
2026-07-07T16:29:54.608+00:00 VCP SET_TARGET_RX steer=298175 wheel=0
2026-07-07T16:29:55.008+00:00 VCP idle angle=129375 amtOk=1 fdbkOk=1 en=0 tgtOk=1
2026-07-07T16:29:55.008+00:00 VCP SET_TARGET_RX steer=298175 wheel=0
2026-07-07T16:29:55.408+00:00 VCP idle angle=129287 amtOk=1 fdbkOk=1 en=0 tgtOk=1
2026-07-07T16:29:55.609+00:00 VCP SET_TARGET_RX steer=298175 wheel=0
2026-07-07T16:29:56.009+00:00 VCP idle angle=129287 amtOk=1 fdbkOk=1 en=0 tgtOk=1
2026-07-07T16:29:56.009+00:00 VCP SET_TARGET_RX steer=298175 wheel=0
2026-07-07T16:29:56.410+00:00 VCP idle angle=129287 amtOk=1 fdbkOk=1 en=0 tgtOk=1
2026-07-07T16:29:56.610+00:00 VCP SET_TARGET_RX steer=298175 wheel=0
2026-07-07T16:29:57.010+00:00 VCP idle angle=129287 amtOk=1 fdbkOk=1 en=0 tgtOk=1
2026-07-07T16:29:57.010+00:00 VCP SET_TARGET_RX steer=298175 wheel=0
2026-07-07T16:29:57.411+00:00 VCP idle angle=138779 amtOk=1 fdbkOk=1 en=0 tgtOk=1
2026-07-07T16:29:57.611+00:00 VCP SET_TARGET_RX steer=298175 wheel=0
2026-07-07T16:29:58.012+00:00 VCP idle angle=117422 amtOk=1 fdbkOk=1 en=0 tgtOk=1
2026-07-07T16:29:58.012+00:00 VCP SET_TARGET_RX steer=298175 wheel=0
2026-07-07T16:29:58.412+00:00 VCP idle angle=152842 amtOk=1 fdbkOk=1 en=0 tgtOk=1
2026-07-07T16:29:58.612+00:00 VCP SET_TARGET_RX steer=298175 wheel=0
2026-07-07T16:29:59.013+00:00 VCP idle angle=182109 amtOk=1 fdbkOk=1 en=0 tgtOk=1
2026-07-07T16:29:59.213+00:00 VCP SET_TARGET_RX steer=298175 wheel=0
2026-07-07T16:29:59.414+00:00 VCP idle angle=105996 amtOk=1 fdbkOk=1 en=0 tgtOk=1
2026-07-07T16:29:59.614+00:00 VCP SET_TARGET_RX steer=298175 wheel=0
2026-07-07T16:30:00.014+00:00 VCP idle angle=55107 amtOk=1 fdbkOk=1 en=0 tgtOk=1
2026-07-07T16:30:00.215+00:00 VCP SET_TARGET_RX steer=298175 wheel=0
2026-07-07T16:30:00.415+00:00 VCP idle angle=310342 amtOk=1 fdbkOk=1 en=0 tgtOk=1
2026-07-07T16:30:00.615+00:00 VCP SET_TARGET_RX steer=298175 wheel=0
2026-07-07T16:30:01.016+00:00 VCP idle angle=236338 amtOk=1 fdbkOk=1 en=0 tgtOk=1
2026-07-07T16:30:01.216+00:00 VCP SET_TARGET_RX steer=298175 wheel=0
2026-07-07T16:30:01.416+00:00 VCP idle angle=226055 amtOk=1 fdbkOk=1 en=0 tgtOk=1
2026-07-07T16:30:01.617+00:00 VCP SET_TARGET_RX steer=298175 wheel=0
2026-07-07T16:30:02.017+00:00 VCP idle angle=193799 amtOk=1 fdbkOk=1 en=0 tgtOk=1
2026-07-07T16:30:02.218+00:00 VCP SET_TARGET_RX steer=298175 wheel=0
2026-07-07T16:30:02.418+00:00 VCP idle angle=94922 amtOk=1 fdbkOk=1 en=0 tgtOk=1
2026-07-07T16:30:02.618+00:00 VCP SET_TARGET_RX steer=298175 wheel=0
2026-07-07T16:30:03.019+00:00 VCP idle angle=62402 amtOk=1 fdbkOk=1 en=0 tgtOk=1
2026-07-07T16:30:03.219+00:00 VCP SET_TARGET_RX steer=298175 wheel=0
2026-07-07T16:30:03.419+00:00 VCP idle angle=62402 amtOk=1 fdbkOk=1 en=0 tgtOk=1
2026-07-07T16:30:03.620+00:00 VCP SET_TARGET_RX steer=298175 wheel=0
2026-07-07T16:30:04.020+00:00 VCP idle angle=62402 amtOk=1 fdbkOk=1 en=0 tgtOk=1
2026-07-07T16:30:04.221+00:00 VCP SET_TARGET_RX steer=298175 wheel=0
2026-07-07T16:30:04.421+00:00 VCP idle angle=62402 amtOk=1 fdbkOk=1 en=0 tgtOk=1
2026-07-07T16:30:04.621+00:00 VCP SET_TARGET_RX steer=298175 wheel=0
2026-07-07T16:30:05.021+00:00 VCP idle angle=62402 amtOk=1 fdbkOk=1 en=0 tgtOk=1
2026-07-07T16:30:05.222+00:00 VCP SET_TARGET_RX steer=298175 wheel=0
2026-07-07T16:30:05.422+00:00 VCP idle angle=50361 amtOk=1 fdbkOk=1 en=0 tgtOk=1
2026-07-07T16:30:05.622+00:00 VCP SET_TARGET_RX steer=298175 wheel=0
2026-07-07T16:30:06.023+00:00 VCP idle angle=340840 amtOk=1 fdbkOk=1 en=0 tgtOk=1
2026-07-07T16:30:06.223+00:00 VCP SET_TARGET_RX steer=298175 wheel=0
2026-07-07T16:30:06.423+00:00 VCP idle angle=329063 amtOk=1 fdbkOk=1 en=0 tgtOk=1
2026-07-07T16:30:06.623+00:00 VCP SET_TARGET_RX steer=298175 wheel=0
2026-07-07T16:30:07.024+00:00 VCP idle angle=329063 amtOk=1 fdbkOk=1 en=0 tgtOk=1
2026-07-07T16:30:07.224+00:00 VCP SET_TARGET_RX steer=298175 wheel=0
2026-07-07T16:30:07.424+00:00 VCP idle angle=329150 amtOk=1 fdbkOk=1 en=0 tgtOk=1
2026-07-07T16:30:07.625+00:00 VCP SET_TARGET_RX steer=298175 wheel=0
2026-07-07T16:30:08.025+00:00 VCP idle angle=329063 amtOk=1 fdbkOk=1 en=0 tgtOk=1
2026-07-07T16:30:08.226+00:00 VCP SET_TARGET_RX steer=298175 wheel=0
2026-07-07T16:30:08.426+00:00 VCP idle angle=277910 amtOk=1 fdbkOk=1 en=0 tgtOk=1
2026-07-07T16:30:08.626+00:00 VCP SET_TARGET_RX steer=298175 wheel=0
2026-07-07T16:30:09.027+00:00 VCP idle angle=199072 amtOk=1 fdbkOk=1 en=0 tgtOk=1
2026-07-07T16:30:09.227+00:00 VCP SET_TARGET_RX steer=298175 wheel=0
2026-07-07T16:30:09.428+00:00 VCP idle angle=181846 amtOk=1 fdbkOk=1 en=0 tgtOk=1
2026-07-07T16:30:09.628+00:00 VCP SET_TARGET_RX steer=298175 wheel=0
2026-07-07T16:30:10.029+00:00 VCP idle angle=76816 amtOk=1 fdbkOk=1 en=0 tgtOk=1
2026-07-07T16:30:10.229+00:00 VCP SET_TARGET_RX steer=298175 wheel=0
2026-07-07T16:30:10.429+00:00 VCP idle angle=18545 amtOk=1 fdbkOk=1 en=0 tgtOk=1
2026-07-07T16:30:10.629+00:00 VCP SET_TARGET_RX steer=298175 wheel=0
2026-07-07T16:30:11.030+00:00 VCP idle angle=12920 amtOk=1 fdbkOk=1 en=0 tgtOk=1
2026-07-07T16:30:11.230+00:00 VCP SET_TARGET_RX steer=298175 wheel=0
2026-07-07T16:30:11.430+00:00 VCP idle angle=12920 amtOk=1 fdbkOk=1 en=0 tgtOk=1
2026-07-07T16:30:11.631+00:00 VCP SET_TARGET_RX steer=298175 wheel=0
2026-07-07T16:30:12.031+00:00 VCP idle angle=12920 amtOk=1 fdbkOk=1 en=0 tgtOk=1
2026-07-07T16:30:12.231+00:00 VCP SET_TARGET_RX steer=298175 wheel=0
2026-07-07T16:30:12.432+00:00 VCP idle angle=12920 amtOk=1 fdbkOk=1 en=0 tgtOk=1
2026-07-07T16:30:12.632+00:00 VCP SET_TARGET_RX steer=298175 wheel=0
2026-07-07T16:30:13.033+00:00 VCP idle angle=12920 amtOk=1 fdbkOk=1 en=0 tgtOk=1
2026-07-07T16:30:13.233+00:00 VCP SET_TARGET_RX steer=298175 wheel=0
2026-07-07T16:30:13.433+00:00 VCP idle angle=12920 amtOk=1 fdbkOk=1 en=0 tgtOk=1
2026-07-07T16:30:13.633+00:00 VCP SET_TARGET_RX steer=298175 wheel=0
2026-07-07T16:30:14.034+00:00 VCP idle angle=12920 amtOk=1 fdbkOk=1 en=0 tgtOk=1
2026-07-07T16:30:14.235+00:00 VCP SET_TARGET_RX steer=298175 wheel=0
2026-07-07T16:30:14.435+00:00 VCP idle angle=12920 amtOk=1 fdbkOk=1 en=0 tgtOk=1
2026-07-07T16:30:14.635+00:00 VCP SET_TARGET_RX steer=298175 wheel=0
2026-07-07T16:30:15.036+00:00 VCP idle angle=12920 amtOk=1 fdbkOk=1 en=0 tgtOk=1
2026-07-07T16:30:15.236+00:00 VCP SET_TARGET_RX steer=298175 wheel=0
2026-07-07T16:30:15.436+00:00 VCP idle angle=12920 amtOk=1 fdbkOk=1 en=0 tgtOk=1
2026-07-07T16:30:15.637+00:00 VCP SET_TARGET_RX steer=298175 wheel=0
2026-07-07T16:30:16.037+00:00 VCP idle angle=12920 amtOk=1 fdbkOk=1 en=0 tgtOk=1
2026-07-07T16:30:16.238+00:00 VCP SET_TARGET_RX steer=298175 wheel=0
2026-07-07T16:30:16.438+00:00 VCP idle angle=12920 amtOk=1 fdbkOk=1 en=0 tgtOk=1
2026-07-07T16:30:16.638+00:00 VCP SET_TARGET_RX steer=298175 wheel=0
2026-07-07T16:30:17.039+00:00 VCP idle angle=12920 amtOk=1 fdbkOk=1 en=0 tgtOk=1
2026-07-07T16:30:17.239+00:00 VCP SET_TARGET_RX steer=298175 wheel=0
2026-07-07T16:30:17.439+00:00 VCP idle angle=12920 amtOk=1 fdbkOk=1 en=0 tgtOk=1
2026-07-07T16:30:17.640+00:00 VCP SET_TARGET_RX steer=298175 wheel=0
2026-07-07T16:30:18.040+00:00 VCP idle angle=12920 amtOk=1 fdbkOk=1 en=0 tgtOk=1
2026-07-07T16:30:18.241+00:00 VCP SET_TARGET_RX steer=298175 wheel=0
2026-07-07T16:30:18.441+00:00 VCP idle angle=11162 amtOk=1 fdbkOk=1 en=0 tgtOk=1
2026-07-07T16:30:18.641+00:00 VCP SET_TARGET_RX steer=298175 wheel=0
2026-07-07T16:30:19.042+00:00 VCP idle angle=11162 amtOk=1 fdbkOk=1 en=0 tgtOk=1
2026-07-07T16:30:19.242+00:00 VCP SET_TARGET_RX steer=298175 wheel=0
2026-07-07T16:30:19.442+00:00 VCP idle angle=12744 amtOk=1 fdbkOk=1 en=0 tgtOk=1
2026-07-07T16:30:19.642+00:00 VCP SET_TARGET_RX steer=298175 wheel=0
2026-07-07T16:30:20.043+00:00 VCP idle angle=12744 amtOk=1 fdbkOk=1 en=0 tgtOk=1
2026-07-07T16:30:20.243+00:00 VCP SET_TARGET_RX steer=298175 wheel=0
2026-07-07T16:30:20.443+00:00 VCP idle angle=12041 amtOk=1 fdbkOk=1 en=0 tgtOk=1
2026-07-07T16:30:20.644+00:00 VCP SET_TARGET_RX steer=298175 wheel=0
2026-07-07T16:30:21.044+00:00 VCP idle angle=11689 amtOk=1 fdbkOk=1 en=0 tgtOk=1
2026-07-07T16:30:21.044+00:00 VCP SET_TARGET_RX steer=298175 wheel=0
2026-07-07T16:30:21.445+00:00 VCP idle angle=11689 amtOk=1 fdbkOk=1 en=0 tgtOk=1
2026-07-07T16:30:21.645+00:00 VCP SET_TARGET_RX steer=298175 wheel=0
2026-07-07T16:30:22.046+00:00 VCP idle angle=10811 amtOk=1 fdbkOk=1 en=0 tgtOk=1
2026-07-07T16:30:22.046+00:00 VCP SET_TARGET_RX steer=298175 wheel=0
2026-07-07T16:30:22.447+00:00 VCP idle angle=9053 amtOk=1 fdbkOk=1 en=0 tgtOk=1
2026-07-07T16:30:22.647+00:00 VCP SET_TARGET_RX steer=298175 wheel=0
2026-07-07T16:30:23.047+00:00 VCP idle angle=319746 amtOk=1 fdbkOk=1 en=0 tgtOk=1
2026-07-07T16:30:23.047+00:00 VCP SET_TARGET_RX steer=298175 wheel=0
2026-07-07T16:30:23.448+00:00 VCP idle angle=248643 amtOk=1 fdbkOk=1 en=0 tgtOk=1
2026-07-07T16:30:23.648+00:00 VCP SET_TARGET_RX steer=298175 wheel=0
2026-07-07T16:30:24.049+00:00 VCP idle angle=233086 amtOk=1 fdbkOk=1 en=0 tgtOk=1
2026-07-07T16:30:24.049+00:00 VCP SET_TARGET_RX steer=298175 wheel=0
2026-07-07T16:30:24.450+00:00 VCP idle angle=233086 amtOk=1 fdbkOk=1 en=0 tgtOk=1
2026-07-07T16:30:24.650+00:00 VCP SET_TARGET_RX steer=298175 wheel=0
2026-07-07T16:30:25.051+00:00 VCP idle angle=233086 amtOk=1 fdbkOk=1 en=0 tgtOk=1
2026-07-07T16:30:25.051+00:00 VCP SET_TARGET_RX steer=298175 wheel=0
2026-07-07T16:30:25.451+00:00 VCP idle angle=233086 amtOk=1 fdbkOk=1 en=0 tgtOk=1
2026-07-07T16:30:25.652+00:00 VCP SET_TARGET_RX steer=298175 wheel=0
2026-07-07T16:30:26.052+00:00 VCP idle angle=233086 amtOk=1 fdbkOk=1 en=0 tgtOk=1
2026-07-07T16:30:26.052+00:00 VCP SET_TARGET_RX steer=298175 wheel=0
2026-07-07T16:30:26.453+00:00 VCP idle angle=233086 amtOk=1 fdbkOk=1 en=0 tgtOk=1
2026-07-07T16:30:26.653+00:00 VCP SET_TARGET_RX steer=298175 wheel=0
2026-07-07T16:30:27.054+00:00 VCP idle angle=233086 amtOk=1 fdbkOk=1 en=0 tgtOk=1
2026-07-07T16:30:27.054+00:00 VCP SET_TARGET_RX steer=298175 wheel=0
2026-07-07T16:30:27.454+00:00 VCP idle angle=233086 amtOk=1 fdbkOk=1 en=0 tgtOk=1
2026-07-07T16:30:27.655+00:00 VCP SET_TARGET_RX steer=298175 wheel=0
2026-07-07T16:30:28.055+00:00 VCP idle angle=233086 amtOk=1 fdbkOk=1 en=0 tgtOk=1
2026-07-07T16:30:28.055+00:00 VCP SET_TARGET_RX steer=298175 wheel=0
2026-07-07T16:30:28.456+00:00 VCP idle angle=233086 amtOk=1 fdbkOk=1 en=0 tgtOk=1
2026-07-07T16:30:28.656+00:00 VCP SET_TARGET_RX steer=298175 wheel=0
2026-07-07T16:30:29.057+00:00 VCP idle angle=233086 amtOk=1 fdbkOk=1 en=0 tgtOk=1
2026-07-07T16:30:29.057+00:00 VCP SET_TARGET_RX steer=298175 wheel=0
2026-07-07T16:30:29.457+00:00 VCP idle angle=233086 amtOk=1 fdbkOk=1 en=0 tgtOk=1
2026-07-07T16:30:29.658+00:00 VCP SET_TARGET_RX steer=298175 wheel=0
2026-07-07T16:30:30.058+00:00 VCP idle angle=233086 amtOk=1 fdbkOk=1 en=0 tgtOk=1
2026-07-07T16:30:30.058+00:00 VCP SET_TARGET_RX steer=298175 wheel=0
2026-07-07T16:30:30.459+00:00 VCP idle angle=233086 amtOk=1 fdbkOk=1 en=0 tgtOk=1
2026-07-07T16:30:30.659+00:00 VCP SET_TARGET_RX steer=298175 wheel=0
2026-07-07T16:30:31.060+00:00 VCP idle angle=233086 amtOk=1 fdbkOk=1 en=0 tgtOk=1
2026-07-07T16:30:31.060+00:00 VCP SET_TARGET_RX steer=298175 wheel=0
2026-07-07T16:30:31.460+00:00 VCP idle angle=233086 amtOk=1 fdbkOk=1 en=0 tgtOk=1
2026-07-07T16:30:31.660+00:00 VCP SET_TARGET_RX steer=298175 wheel=0
2026-07-07T16:30:32.061+00:00 VCP idle angle=233086 amtOk=1 fdbkOk=1 en=0 tgtOk=1
2026-07-07T16:30:32.061+00:00 VCP SET_TARGET_RX steer=298175 wheel=0
2026-07-07T16:30:32.461+00:00 VCP idle angle=233086 amtOk=1 fdbkOk=1 en=0 tgtOk=1
2026-07-07T16:30:32.661+00:00 VCP SET_TARGET_RX steer=298175 wheel=0
2026-07-07T16:30:33.062+00:00 VCP idle angle=233086 amtOk=1 fdbkOk=1 en=0 tgtOk=1
2026-07-07T16:30:33.062+00:00 VCP SET_TARGET_RX steer=298175 wheel=0
2026-07-07T16:30:33.462+00:00 VCP idle angle=233086 amtOk=1 fdbkOk=1 en=0 tgtOk=1
2026-07-07T16:30:33.663+00:00 VCP SET_TARGET_RX steer=298175 wheel=0
2026-07-07T16:30:34.063+00:00 VCP idle angle=233086 amtOk=1 fdbkOk=1 en=0 tgtOk=1
2026-07-07T16:30:34.063+00:00 VCP SET_TARGET_RX steer=298175 wheel=0
2026-07-07T16:30:34.464+00:00 VCP idle angle=233086 amtOk=1 fdbkOk=1 en=0 tgtOk=1
2026-07-07T16:30:34.664+00:00 VCP SET_TARGET_RX steer=298175 wheel=0
2026-07-07T16:30:35.065+00:00 VCP idle angle=233086 amtOk=1 fdbkOk=1 en=0 tgtOk=1
2026-07-07T16:30:35.065+00:00 VCP SET_TARGET_RX steer=298175 wheel=0
2026-07-07T16:30:35.466+00:00 VCP idle angle=233086 amtOk=1 fdbkOk=1 en=0 tgtOk=1
2026-07-07T16:30:35.666+00:00 VCP SET_TARGET_RX steer=298175 wheel=0
2026-07-07T16:30:36.066+00:00 VCP idle angle=233086 amtOk=1 fdbkOk=1 en=0 tgtOk=1
2026-07-07T16:30:36.067+00:00 VCP SET_TARGET_RX steer=298175 wheel=0
2026-07-07T16:30:36.467+00:00 VCP idle angle=233086 amtOk=1 fdbkOk=1 en=0 tgtOk=1
2026-07-07T16:30:36.667+00:00 VCP SET_TARGET_RX steer=298175 wheel=0
2026-07-07T16:30:37.068+00:00 VCP idle angle=233086 amtOk=1 fdbkOk=1 en=0 tgtOk=1
2026-07-07T16:30:37.068+00:00 VCP SET_TARGET_RX steer=298175 wheel=0
2026-07-07T16:30:37.469+00:00 VCP idle angle=233086 amtOk=1 fdbkOk=1 en=0 tgtOk=1
2026-07-07T16:30:37.669+00:00 VCP SET_TARGET_RX steer=298175 wheel=0
2026-07-07T16:30:38.070+00:00 VCP idle angle=233086 amtOk=1 fdbkOk=1 en=0 tgtOk=1
2026-07-07T16:30:38.070+00:00 VCP SET_TARGET_RX steer=298175 wheel=0
2026-07-07T16:30:38.471+00:00 VCP idle angle=233086 amtOk=1 fdbkOk=1 en=0 tgtOk=1
2026-07-07T16:30:38.671+00:00 VCP SET_TARGET_RX steer=298175 wheel=0
2026-07-07T16:30:39.071+00:00 VCP idle angle=233086 amtOk=1 fdbkOk=1 en=0 tgtOk=1
2026-07-07T16:30:39.071+00:00 VCP SET_TARGET_RX steer=298175 wheel=0
2026-07-07T16:30:39.472+00:00 VCP idle angle=233086 amtOk=1 fdbkOk=1 en=0 tgtOk=1
2026-07-07T16:30:39.672+00:00 VCP SET_TARGET_RX steer=298175 wheel=0
2026-07-07T16:30:40.073+00:00 VCP idle angle=233086 amtOk=1 fdbkOk=1 en=0 tgtOk=1
2026-07-07T16:30:40.073+00:00 VCP SET_TARGET_RX steer=298175 wheel=0
2026-07-07T16:30:40.473+00:00 VCP idle angle=233086 amtOk=1 fdbkOk=1 en=0 tgtOk=1
2026-07-07T16:30:40.673+00:00 VCP SET_TARGET_RX steer=298175 wheel=0
2026-07-07T16:30:41.074+00:00 VCP idle angle=233086 amtOk=1 fdbkOk=1 en=0 tgtOk=1
2026-07-07T16:30:41.074+00:00 VCP SET_TARGET_RX steer=298175 wheel=0
2026-07-07T16:30:41.474+00:00 VCP idle angle=233086 amtOk=1 fdbkOk=1 en=0 tgtOk=1
2026-07-07T16:30:41.675+00:00 VCP SET_TARGET_RX steer=298175 wheel=0
2026-07-07T16:30:41.875+00:00 VCP idle angle=233086 amtOk=1 fdbkOk=1 en=0 tgtOk=1
2026-07-07T16:30:42.075+00:00 VCP SET_TARGET_RX steer=298175 wheel=0
2026-07-07T16:30:42.476+00:00 VCP idle angle=233086 amtOk=1 fdbkOk=1 en=0 tgtOk=1
2026-07-07T16:30:42.676+00:00 VCP SET_TARGET_RX steer=298175 wheel=0
2026-07-07T16:30:42.876+00:00 VCP idle angle=233086 amtOk=1 fdbkOk=1 en=0 tgtOk=1
2026-07-07T16:30:43.077+00:00 VCP SET_TARGET_RX steer=298175 wheel=0
2026-07-07T16:30:43.477+00:00 VCP idle angle=233086 amtOk=1 fdbkOk=1 en=0 tgtOk=1
2026-07-07T16:30:43.677+00:00 VCP SET_TARGET_RX steer=298175 wheel=0
2026-07-07T16:30:43.877+00:00 VCP idle angle=233086 amtOk=1 fdbkOk=1 en=0 tgtOk=1
2026-07-07T16:30:44.078+00:00 VCP SET_TARGET_RX steer=298175 wheel=0
2026-07-07T16:30:44.478+00:00 VCP idle angle=233086 amtOk=1 fdbkOk=1 en=0 tgtOk=1
2026-07-07T16:30:44.679+00:00 VCP SET_TARGET_RX steer=298175 wheel=0
2026-07-07T16:30:44.879+00:00 VCP idle angle=233086 amtOk=1 fdbkOk=1 en=0 tgtOk=1
2026-07-07T16:30:45.079+00:00 VCP SET_TARGET_RX steer=298175 wheel=0
2026-07-07T16:30:45.480+00:00 VCP idle angle=233086 amtOk=1 fdbkOk=1 en=0 tgtOk=1
2026-07-07T16:30:45.680+00:00 VCP SET_TARGET_RX steer=298175 wheel=0
2026-07-07T16:30:45.880+00:00 VCP idle angle=233086 amtOk=1 fdbkOk=1 en=0 tgtOk=1
2026-07-07T16:30:46.081+00:00 VCP SET_TARGET_RX steer=298175 wheel=0
2026-07-07T16:30:46.481+00:00 VCP idle angle=233086 amtOk=1 fdbkOk=1 en=0 tgtOk=1
2026-07-07T16:30:46.682+00:00 VCP SET_TARGET_RX steer=298175 wheel=0
2026-07-07T16:30:46.882+00:00 VCP idle angle=233086 amtOk=1 fdbkOk=1 en=0 tgtOk=1
2026-07-07T16:30:47.082+00:00 VCP SET_TARGET_RX steer=298175 wheel=0
2026-07-07T16:30:47.483+00:00 VCP idle angle=233086 amtOk=1 fdbkOk=1 en=0 tgtOk=1
2026-07-07T16:30:47.683+00:00 VCP SET_TARGET_RX steer=298175 wheel=0
2026-07-07T16:30:47.883+00:00 VCP idle angle=233086 amtOk=1 fdbkOk=1 en=0 tgtOk=1
2026-07-07T16:30:48.084+00:00 VCP SET_TARGET_RX steer=298175 wheel=0
2026-07-07T16:30:48.484+00:00 VCP idle angle=233086 amtOk=1 fdbkOk=1 en=0 tgtOk=1
2026-07-07T16:30:48.685+00:00 VCP SET_TARGET_RX steer=298175 wheel=0
2026-07-07T16:30:48.885+00:00 VCP idle angle=233086 amtOk=1 fdbkOk=1 en=0 tgtOk=1
2026-07-07T16:30:49.085+00:00 VCP SET_TARGET_RX steer=298175 wheel=0
2026-07-07T16:30:49.486+00:00 VCP idle angle=233086 amtOk=1 fdbkOk=1 en=0 tgtOk=1
2026-07-07T16:30:49.686+00:00 VCP SET_TARGET_RX steer=298175 wheel=0
2026-07-07T16:30:49.886+00:00 VCP idle angle=233086 amtOk=1 fdbkOk=1 en=0 tgtOk=1
2026-07-07T16:30:50.086+00:00 VCP SET_TARGET_RX steer=298175 wheel=0
2026-07-07T16:30:50.487+00:00 VCP idle angle=233086 amtOk=1 fdbkOk=1 en=0 tgtOk=1
2026-07-07T16:30:50.687+00:00 VCP SET_TARGET_RX steer=298175 wheel=0
2026-07-07T16:30:50.887+00:00 VCP idle angle=233086 amtOk=1 fdbkOk=1 en=0 tgtOk=1
2026-07-07T16:30:51.088+00:00 VCP SET_TARGET_RX steer=298175 wheel=0
2026-07-07T16:30:51.488+00:00 VCP idle angle=233086 amtOk=1 fdbkOk=1 en=0 tgtOk=1
2026-07-07T16:30:51.689+00:00 VCP SET_TARGET_RX steer=298175 wheel=0
2026-07-07T16:30:51.889+00:00 VCP idle angle=233086 amtOk=1 fdbkOk=1 en=0 tgtOk=1
2026-07-07T16:30:52.089+00:00 VCP SET_TARGET_RX steer=298175 wheel=0
2026-07-07T16:30:52.490+00:00 VCP idle angle=233086 amtOk=1 fdbkOk=1 en=0 tgtOk=1
2026-07-07T16:30:52.690+00:00 VCP SET_TARGET_RX steer=298175 wheel=0
2026-07-07T16:30:52.890+00:00 VCP idle angle=233086 amtOk=1 fdbkOk=1 en=0 tgtOk=1
2026-07-07T16:30:53.090+00:00 VCP SET_TARGET_RX steer=298175 wheel=0
2026-07-07T16:30:53.491+00:00 VCP idle angle=233086 amtOk=1 fdbkOk=1 en=0 tgtOk=1
2026-07-07T16:30:53.691+00:00 VCP SET_TARGET_RX steer=298175 wheel=0
2026-07-07T16:30:53.892+00:00 VCP idle angle=233086 amtOk=1 fdbkOk=1 en=0 tgtOk=1
2026-07-07T16:30:54.092+00:00 VCP SET_TARGET_RX steer=298175 wheel=0
2026-07-07T16:30:54.492+00:00 VCP idle angle=233086 amtOk=1 fdbkOk=1 en=0 tgtOk=1
2026-07-07T16:30:54.693+00:00 VCP SET_TARGET_RX steer=298175 wheel=0
2026-07-07T16:30:54.893+00:00 VCP idle angle=233086 amtOk=1 fdbkOk=1 en=0 tgtOk=1
2026-07-07T16:30:55.093+00:00 VCP SET_TARGET_RX steer=298175 wheel=0
2026-07-07T16:30:55.494+00:00 VCP idle angle=233086 amtOk=1 fdbkOk=1 en=0 tgtOk=1
2026-07-07T16:30:55.694+00:00 VCP SET_TARGET_RX steer=298175 wheel=0
2026-07-07T16:30:55.895+00:00 VCP idle angle=233086 amtOk=1 fdbkOk=1 en=0 tgtOk=1
2026-07-07T16:30:56.095+00:00 VCP SET_TARGET_RX steer=298175 wheel=0
2026-07-07T16:30:56.496+00:00 VCP idle angle=233086 amtOk=1 fdbkOk=1 en=0 tgtOk=1
2026-07-07T16:30:56.696+00:00 VCP SET_TARGET_RX steer=298175 wheel=0
2026-07-07T16:30:56.896+00:00 VCP idle angle=233086 amtOk=1 fdbkOk=1 en=0 tgtOk=1
2026-07-07T16:30:57.097+00:00 VCP SET_TARGET_RX steer=298175 wheel=0
2026-07-07T16:30:57.497+00:00 VCP idle angle=233086 amtOk=1 fdbkOk=1 en=0 tgtOk=1
2026-07-07T16:30:57.697+00:00 VCP SET_TARGET_RX steer=298175 wheel=0
2026-07-07T16:30:57.898+00:00 VCP idle angle=233086 amtOk=1 fdbkOk=1 en=0 tgtOk=1
2026-07-07T16:30:58.098+00:00 VCP SET_TARGET_RX steer=298175 wheel=0
2026-07-07T16:30:58.499+00:00 VCP idle angle=233086 amtOk=1 fdbkOk=1 en=0 tgtOk=1
2026-07-07T16:30:58.699+00:00 VCP SET_TARGET_RX steer=298175 wheel=0
2026-07-07T16:30:58.899+00:00 VCP idle angle=233086 amtOk=1 fdbkOk=1 en=0 tgtOk=1
2026-07-07T16:30:59.099+00:00 VCP SET_TARGET_RX steer=298175 wheel=0
2026-07-07T16:30:59.500+00:00 VCP idle angle=233086 amtOk=1 fdbkOk=1 en=0 tgtOk=1
2026-07-07T16:30:59.700+00:00 VCP SET_TARGET_RX steer=298175 wheel=0
2026-07-07T16:30:59.901+00:00 VCP idle angle=233086 amtOk=1 fdbkOk=1 en=0 tgtOk=1
2026-07-07T16:31:00.101+00:00 VCP SET_TARGET_RX steer=298175 wheel=0
2026-07-07T16:31:00.501+00:00 VCP idle angle=233086 amtOk=1 fdbkOk=1 en=0 tgtOk=1
2026-07-07T16:31:00.702+00:00 VCP SET_TARGET_RX steer=298175 wheel=0
2026-07-07T16:31:00.902+00:00 VCP idle angle=233086 amtOk=1 fdbkOk=1 en=0 tgtOk=1
2026-07-07T16:31:01.302+00:00 VCP SET_TARGET_RX steer=298175 wheel=0
2026-07-07T16:31:01.503+00:00 VCP idle angle=233086 amtOk=1 fdbkOk=1 en=0 tgtOk=1
2026-07-07T16:31:01.703+00:00 VCP SET_TARGET_RX steer=298175 wheel=0
2026-07-07T16:31:01.903+00:00 VCP idle angle=233086 amtOk=1 fdbkOk=1 en=0 tgtOk=1
2026-07-07T16:31:02.303+00:00 VCP SET_TARGET_RX steer=298175 wheel=0
2026-07-07T16:31:02.504+00:00 VCP idle angle=233086 amtOk=1 fdbkOk=1 en=0 tgtOk=1
2026-07-07T16:31:02.704+00:00 VCP SET_TARGET_RX steer=298175 wheel=0
2026-07-07T16:31:02.904+00:00 VCP idle angle=233086 amtOk=1 fdbkOk=1 en=0 tgtOk=1
2026-07-07T16:31:03.104+00:00 VCP SET_TARGET_RX steer=298175 wheel=0
2026-07-07T16:31:03.505+00:00 VCP idle angle=233086 amtOk=1 fdbkOk=1 en=0 tgtOk=1
2026-07-07T16:31:03.705+00:00 VCP SET_TARGET_RX steer=298175 wheel=0
2026-07-07T16:31:03.905+00:00 VCP idle angle=233086 amtOk=1 fdbkOk=1 en=0 tgtOk=1
2026-07-07T16:31:04.106+00:00 VCP SET_TARGET_RX steer=298175 wheel=0
2026-07-07T16:31:04.506+00:00 VCP idle angle=233086 amtOk=1 fdbkOk=1 en=0 tgtOk=1
2026-07-07T16:31:04.707+00:00 VCP SET_TARGET_RX steer=298175 wheel=0
2026-07-07T16:31:04.907+00:00 VCP idle angle=233086 amtOk=1 fdbkOk=1 en=0 tgtOk=1
2026-07-07T16:31:05.107+00:00 VCP SET_TARGET_RX steer=298175 wheel=0
2026-07-07T16:31:05.507+00:00 VCP idle angle=233086 amtOk=1 fdbkOk=1 en=0 tgtOk=1
2026-07-07T16:31:05.708+00:00 VCP SET_TARGET_RX steer=298175 wheel=0
2026-07-07T16:31:05.908+00:00 VCP idle angle=233086 amtOk=1 fdbkOk=1 en=0 tgtOk=1
2026-07-07T16:31:06.108+00:00 VCP SET_TARGET_RX steer=298175 wheel=0
2026-07-07T16:31:06.509+00:00 VCP idle angle=233086 amtOk=1 fdbkOk=1 en=0 tgtOk=1
2026-07-07T16:31:06.709+00:00 VCP SET_TARGET_RX steer=298175 wheel=0
2026-07-07T16:31:06.909+00:00 VCP idle angle=233086 amtOk=1 fdbkOk=1 en=0 tgtOk=1
2026-07-07T16:31:07.109+00:00 VCP SET_TARGET_RX steer=298175 wheel=0
2026-07-07T16:31:07.510+00:00 VCP idle angle=233086 amtOk=1 fdbkOk=1 en=0 tgtOk=1
2026-07-07T16:31:07.710+00:00 VCP SET_TARGET_RX steer=298175 wheel=0
2026-07-07T16:31:07.910+00:00 VCP idle angle=233086 amtOk=1 fdbkOk=1 en=0 tgtOk=1
2026-07-07T16:31:08.110+00:00 VCP SET_TARGET_RX steer=298175 wheel=0
2026-07-07T16:31:08.511+00:00 VCP idle angle=233086 amtOk=1 fdbkOk=1 en=0 tgtOk=1
2026-07-07T16:31:08.711+00:00 VCP SET_TARGET_RX steer=298175 wheel=0
2026-07-07T16:31:08.911+00:00 VCP idle angle=233086 amtOk=1 fdbkOk=1 en=0 tgtOk=1
2026-07-07T16:31:09.112+00:00 VCP SET_TARGET_RX steer=298175 wheel=0
2026-07-07T16:31:09.512+00:00 VCP idle angle=233086 amtOk=1 fdbkOk=1 en=0 tgtOk=1
2026-07-07T16:31:09.713+00:00 VCP SET_TARGET_RX steer=298175 wheel=0
2026-07-07T16:31:09.913+00:00 VCP idle angle=233086 amtOk=1 fdbkOk=1 en=0 tgtOk=1
2026-07-07T16:31:10.314+00:00 VCP SET_TARGET_RX steer=298175 wheel=0
2026-07-07T16:31:10.514+00:00 VCP idle angle=233086 amtOk=1 fdbkOk=1 en=0 tgtOk=1
2026-07-07T16:31:10.714+00:00 VCP SET_TARGET_RX steer=298175 wheel=0
2026-07-07T16:31:10.915+00:00 VCP idle angle=233086 amtOk=1 fdbkOk=1 en=0 tgtOk=1
2026-07-07T16:31:11.315+00:00 VCP SET_TARGET_RX steer=298175 wheel=0
2026-07-07T16:31:11.516+00:00 VCP idle angle=233086 amtOk=1 fdbkOk=1 en=0 tgtOk=1
2026-07-07T16:31:11.716+00:00 VCP SET_TARGET_RX steer=298175 wheel=0
2026-07-07T16:31:11.916+00:00 VCP idle angle=233086 amtOk=1 fdbkOk=1 en=0 tgtOk=1
2026-07-07T16:31:12.317+00:00 VCP SET_TARGET_RX steer=298175 wheel=0
2026-07-07T16:31:12.517+00:00 VCP idle angle=233086 amtOk=1 fdbkOk=1 en=0 tgtOk=1
2026-07-07T16:31:12.717+00:00 VCP SET_TARGET_RX steer=298175 wheel=0
2026-07-07T16:31:12.918+00:00 VCP idle angle=233086 amtOk=1 fdbkOk=1 en=0 tgtOk=1
2026-07-07T16:31:13.318+00:00 VCP SET_TARGET_RX steer=298175 wheel=0
2026-07-07T16:31:13.519+00:00 VCP idle angle=233086 amtOk=1 fdbkOk=1 en=0 tgtOk=1
2026-07-07T16:31:13.719+00:00 VCP SET_TARGET_RX steer=298175 wheel=0
2026-07-07T16:31:13.919+00:00 VCP idle angle=233086 amtOk=1 fdbkOk=1 en=0 tgtOk=1
2026-07-07T16:31:14.320+00:00 VCP SET_TARGET_RX steer=298175 wheel=0
2026-07-07T16:31:14.520+00:00 VCP idle angle=233086 amtOk=1 fdbkOk=1 en=0 tgtOk=1
2026-07-07T16:31:14.721+00:00 VCP SET_TARGET_RX steer=298175 wheel=0
2026-07-07T16:31:14.921+00:00 VCP idle angle=233086 amtOk=1 fdbkOk=1 en=0 tgtOk=1
2026-07-07T16:31:15.321+00:00 VCP SET_TARGET_RX steer=298175 wheel=0
2026-07-07T16:31:15.522+00:00 VCP idle angle=233086 amtOk=1 fdbkOk=1 en=0 tgtOk=1
2026-07-07T16:31:15.722+00:00 VCP SET_TARGET_RX steer=298175 wheel=0
2026-07-07T16:31:15.922+00:00 VCP idle angle=233086 amtOk=1 fdbkOk=1 en=0 tgtOk=1
2026-07-07T16:31:16.323+00:00 VCP SET_TARGET_RX steer=298175 wheel=0
2026-07-07T16:31:16.523+00:00 VCP idle angle=233086 amtOk=1 fdbkOk=1 en=0 tgtOk=1
2026-07-07T16:31:16.723+00:00 VCP SET_TARGET_RX steer=298175 wheel=0
2026-07-07T16:31:16.923+00:00 VCP idle angle=233086 amtOk=1 fdbkOk=1 en=0 tgtOk=1
2026-07-07T16:31:17.324+00:00 VCP SET_TARGET_RX steer=298175 wheel=0
2026-07-07T16:31:17.524+00:00 VCP idle angle=233086 amtOk=1 fdbkOk=1 en=0 tgtOk=1
2026-07-07T16:31:17.725+00:00 VCP SET_TARGET_RX steer=298175 wheel=0
2026-07-07T16:31:17.925+00:00 VCP idle angle=233086 amtOk=1 fdbkOk=1 en=0 tgtOk=1
2026-07-07T16:31:18.325+00:00 VCP SET_TARGET_RX steer=298175 wheel=0
2026-07-07T16:31:18.526+00:00 VCP idle angle=233086 amtOk=1 fdbkOk=1 en=0 tgtOk=1
2026-07-07T16:31:18.726+00:00 VCP SET_TARGET_RX steer=298175 wheel=0
2026-07-07T16:31:18.927+00:00 VCP idle angle=233877 amtOk=1 fdbkOk=1 en=0 tgtOk=1
2026-07-07T16:31:19.327+00:00 VCP SET_TARGET_RX steer=298175 wheel=0
2026-07-07T16:31:19.528+00:00 VCP idle angle=280283 amtOk=1 fdbkOk=1 en=0 tgtOk=1
2026-07-07T16:31:19.728+00:00 VCP SET_TARGET_RX steer=298175 wheel=0
2026-07-07T16:31:19.928+00:00 VCP idle angle=16875 amtOk=1 fdbkOk=1 en=0 tgtOk=1
2026-07-07T16:31:20.329+00:00 VCP SET_TARGET_RX steer=298175 wheel=0
2026-07-07T16:31:20.529+00:00 VCP idle angle=25137 amtOk=1 fdbkOk=1 en=0 tgtOk=1
2026-07-07T16:31:20.729+00:00 VCP SET_TARGET_RX steer=298175 wheel=0
2026-07-07T16:31:20.929+00:00 VCP idle angle=25137 amtOk=1 fdbkOk=1 en=0 tgtOk=1
2026-07-07T16:31:21.330+00:00 VCP SET_TARGET_RX steer=298175 wheel=0
2026-07-07T16:31:21.530+00:00 VCP idle angle=25137 amtOk=1 fdbkOk=1 en=0 tgtOk=1
2026-07-07T16:31:21.731+00:00 VCP SET_TARGET_RX steer=298175 wheel=0
2026-07-07T16:31:21.931+00:00 VCP idle angle=25840 amtOk=1 fdbkOk=1 en=0 tgtOk=1
2026-07-07T16:31:22.332+00:00 VCP SET_TARGET_RX steer=298175 wheel=0
2026-07-07T16:31:22.532+00:00 VCP idle angle=25928 amtOk=1 fdbkOk=1 en=0 tgtOk=1
2026-07-07T16:31:22.732+00:00 VCP SET_TARGET_RX steer=298175 wheel=0
2026-07-07T16:31:22.932+00:00 VCP idle angle=25928 amtOk=1 fdbkOk=1 en=0 tgtOk=1
2026-07-07T16:31:23.333+00:00 VCP SET_TARGET_RX steer=298175 wheel=0
2026-07-07T16:31:23.533+00:00 VCP idle angle=25752 amtOk=1 fdbkOk=1 en=0 tgtOk=1
2026-07-07T16:31:23.734+00:00 VCP SET_TARGET_RX steer=298175 wheel=0
2026-07-07T16:31:23.934+00:00 VCP idle angle=25752 amtOk=1 fdbkOk=1 en=0 tgtOk=1
2026-07-07T16:31:24.335+00:00 VCP SET_TARGET_RX steer=298175 wheel=0
2026-07-07T16:31:24.535+00:00 VCP idle angle=25752 amtOk=1 fdbkOk=1 en=0 tgtOk=1
2026-07-07T16:31:24.735+00:00 VCP SET_TARGET_RX steer=298175 wheel=0
2026-07-07T16:31:24.936+00:00 VCP idle angle=25752 amtOk=1 fdbkOk=1 en=0 tgtOk=1
2026-07-07T16:31:25.337+00:00 VCP SET_TARGET_RX steer=298175 wheel=0
2026-07-07T16:31:25.537+00:00 VCP idle angle=25752 amtOk=1 fdbkOk=1 en=0 tgtOk=1
2026-07-07T16:31:25.737+00:00 VCP SET_TARGET_RX steer=298175 wheel=0
2026-07-07T16:31:25.937+00:00 VCP idle angle=25752 amtOk=1 fdbkOk=1 en=0 tgtOk=1
2026-07-07T16:31:26.338+00:00 VCP SET_TARGET_RX steer=298175 wheel=0
2026-07-07T16:31:26.538+00:00 VCP idle angle=25752 amtOk=1 fdbkOk=1 en=0 tgtOk=1
2026-07-07T16:31:26.739+00:00 VCP SET_TARGET_RX steer=298175 wheel=0
2026-07-07T16:31:26.939+00:00 VCP idle angle=25752 amtOk=1 fdbkOk=1 en=0 tgtOk=1
2026-07-07T16:31:27.340+00:00 VCP SET_TARGET_RX steer=298175 wheel=0
2026-07-07T16:31:27.540+00:00 VCP idle angle=25752 amtOk=1 fdbkOk=1 en=0 tgtOk=1
2026-07-07T16:31:27.740+00:00 VCP SET_TARGET_RX steer=298175 wheel=0
2026-07-07T16:31:27.941+00:00 VCP idle angle=25752 amtOk=1 fdbkOk=1 en=0 tgtOk=1
2026-07-07T16:31:28.341+00:00 VCP SET_TARGET_RX steer=298175 wheel=0
2026-07-07T16:31:28.542+00:00 VCP idle angle=25752 amtOk=1 fdbkOk=1 en=0 tgtOk=1
2026-07-07T16:31:28.742+00:00 VCP SET_TARGET_RX steer=298175 wheel=0
2026-07-07T16:31:28.942+00:00 VCP idle angle=25752 amtOk=1 fdbkOk=1 en=0 tgtOk=1
2026-07-07T16:31:29.343+00:00 VCP SET_TARGET_RX steer=298175 wheel=0
2026-07-07T16:31:29.543+00:00 VCP idle angle=25752 amtOk=1 fdbkOk=1 en=0 tgtOk=1
2026-07-07T16:31:29.744+00:00 VCP SET_TARGET_RX steer=298175 wheel=0
2026-07-07T16:31:29.944+00:00 VCP idle angle=25752 amtOk=1 fdbkOk=1 en=0 tgtOk=1
2026-07-07T16:31:30.345+00:00 VCP SET_TARGET_RX steer=298175 wheel=0
2026-07-07T16:31:30.545+00:00 VCP idle angle=25752 amtOk=1 fdbkOk=1 en=0 tgtOk=1
2026-07-07T16:31:30.745+00:00 VCP SET_TARGET_RX steer=298175 wheel=0
2026-07-07T16:31:30.945+00:00 VCP idle angle=25752 amtOk=1 fdbkOk=1 en=0 tgtOk=1
2026-07-07T16:31:31.346+00:00 VCP SET_TARGET_RX steer=298175 wheel=0
2026-07-07T16:31:31.546+00:00 VCP idle angle=25752 amtOk=1 fdbkOk=1 en=0 tgtOk=1
2026-07-07T16:31:31.747+00:00 VCP SET_TARGET_RX steer=298175 wheel=0
2026-07-07T16:31:31.947+00:00 VCP idle angle=25752 amtOk=1 fdbkOk=1 en=0 tgtOk=1
2026-07-07T16:31:32.348+00:00 VCP SET_TARGET_RX steer=298175 wheel=0
2026-07-07T16:31:32.548+00:00 VCP idle angle=25752 amtOk=1 fdbkOk=1 en=0 tgtOk=1
2026-07-07T16:31:32.748+00:00 VCP SET_TARGET_RX steer=298175 wheel=0
2026-07-07T16:31:32.949+00:00 VCP idle angle=25752 amtOk=1 fdbkOk=1 en=0 tgtOk=1
2026-07-07T16:31:33.349+00:00 VCP SET_TARGET_RX steer=298175 wheel=0
2026-07-07T16:31:33.550+00:00 VCP idle angle=25752 amtOk=1 fdbkOk=1 en=0 tgtOk=1
2026-07-07T16:31:33.750+00:00 VCP SET_TARGET_RX steer=298175 wheel=0
2026-07-07T16:31:33.950+00:00 VCP idle angle=25752 amtOk=1 fdbkOk=1 en=0 tgtOk=1
2026-07-07T16:31:34.351+00:00 VCP SET_TARGET_RX steer=298175 wheel=0
2026-07-07T16:31:34.551+00:00 VCP idle angle=25752 amtOk=1 fdbkOk=1 en=0 tgtOk=1
2026-07-07T16:31:34.751+00:00 VCP SET_TARGET_RX steer=298175 wheel=0
2026-07-07T16:31:34.952+00:00 VCP idle angle=25752 amtOk=1 fdbkOk=1 en=0 tgtOk=1
2026-07-07T16:31:35.352+00:00 VCP SET_TARGET_RX steer=298175 wheel=0
2026-07-07T16:31:35.553+00:00 VCP idle angle=25752 amtOk=1 fdbkOk=1 en=0 tgtOk=1
2026-07-07T16:31:35.753+00:00 VCP SET_TARGET_RX steer=298175 wheel=0
2026-07-07T16:31:35.953+00:00 VCP idle angle=25752 amtOk=1 fdbkOk=1 en=0 tgtOk=1
2026-07-07T16:31:36.354+00:00 VCP SET_TARGET_RX steer=298175 wheel=0
2026-07-07T16:31:36.554+00:00 VCP idle angle=25752 amtOk=1 fdbkOk=1 en=0 tgtOk=1
2026-07-07T16:31:36.755+00:00 VCP SET_TARGET_RX steer=298175 wheel=0
2026-07-07T16:31:36.955+00:00 VCP idle angle=25752 amtOk=1 fdbkOk=1 en=0 tgtOk=1
2026-07-07T16:31:37.356+00:00 VCP SET_TARGET_RX steer=298175 wheel=0
2026-07-07T16:31:37.556+00:00 VCP idle angle=25752 amtOk=1 fdbkOk=1 en=0 tgtOk=1
2026-07-07T16:31:37.756+00:00 VCP SET_TARGET_RX steer=298175 wheel=0
2026-07-07T16:31:37.957+00:00 VCP idle angle=25752 amtOk=1 fdbkOk=1 en=0 tgtOk=1
2026-07-07T16:31:38.357+00:00 VCP SET_TARGET_RX steer=298175 wheel=0
2026-07-07T16:31:38.558+00:00 VCP idle angle=25752 amtOk=1 fdbkOk=1 en=0 tgtOk=1
2026-07-07T16:31:38.758+00:00 VCP SET_TARGET_RX steer=298175 wheel=0
2026-07-07T16:31:38.958+00:00 VCP idle angle=25752 amtOk=1 fdbkOk=1 en=0 tgtOk=1
2026-07-07T16:31:39.359+00:00 VCP SET_TARGET_RX steer=298175 wheel=0
2026-07-07T16:31:39.559+00:00 VCP idle angle=25752 amtOk=1 fdbkOk=1 en=0 tgtOk=1
2026-07-07T16:31:39.760+00:00 VCP SET_TARGET_RX steer=298175 wheel=0
2026-07-07T16:31:39.960+00:00 VCP idle angle=25752 amtOk=1 fdbkOk=1 en=0 tgtOk=1
2026-07-07T16:31:40.360+00:00 VCP SET_TARGET_RX steer=298175 wheel=0
2026-07-07T16:31:40.561+00:00 VCP idle angle=25752 amtOk=1 fdbkOk=1 en=0 tgtOk=1
2026-07-07T16:31:40.761+00:00 VCP SET_TARGET_RX steer=298175 wheel=0
2026-07-07T16:31:40.961+00:00 VCP idle angle=25752 amtOk=1 fdbkOk=1 en=0 tgtOk=1
2026-07-07T16:31:41.362+00:00 VCP SET_TARGET_RX steer=298175 wheel=0
2026-07-07T16:31:41.562+00:00 VCP idle angle=25752 amtOk=1 fdbkOk=1 en=0 tgtOk=1
2026-07-07T16:31:41.762+00:00 VCP SET_TARGET_RX steer=298175 wheel=0
2026-07-07T16:31:41.962+00:00 VCP idle angle=25752 amtOk=1 fdbkOk=1 en=0 tgtOk=1
2026-07-07T16:31:42.363+00:00 VCP SET_TARGET_RX steer=298175 wheel=0
2026-07-07T16:31:42.563+00:00 VCP idle angle=25752 amtOk=1 fdbkOk=1 en=0 tgtOk=1
2026-07-07T16:31:42.763+00:00 VCP SET_TARGET_RX steer=298175 wheel=0
2026-07-07T16:31:42.964+00:00 VCP idle angle=25752 amtOk=1 fdbkOk=1 en=0 tgtOk=1
2026-07-07T16:31:43.364+00:00 VCP SET_TARGET_RX steer=298175 wheel=0
2026-07-07T16:31:43.565+00:00 VCP idle angle=25752 amtOk=1 fdbkOk=1 en=0 tgtOk=1
2026-07-07T16:31:43.765+00:00 VCP SET_TARGET_RX steer=298175 wheel=0
2026-07-07T16:31:43.965+00:00 VCP idle angle=25752 amtOk=1 fdbkOk=1 en=0 tgtOk=1
2026-07-07T16:31:44.366+00:00 VCP SET_TARGET_RX steer=298175 wheel=0
2026-07-07T16:31:44.566+00:00 VCP idle angle=25752 amtOk=1 fdbkOk=1 en=0 tgtOk=1
2026-07-07T16:31:44.767+00:00 VCP SET_TARGET_RX steer=298175 wheel=0
2026-07-07T16:31:44.967+00:00 VCP idle angle=25752 amtOk=1 fdbkOk=1 en=0 tgtOk=1
2026-07-07T16:31:45.368+00:00 VCP SET_TARGET_RX steer=298175 wheel=0
2026-07-07T16:31:45.568+00:00 VCP idle angle=25752 amtOk=1 fdbkOk=1 en=0 tgtOk=1
2026-07-07T16:31:45.768+00:00 VCP SET_TARGET_RX steer=298175 wheel=0
2026-07-07T16:31:45.969+00:00 VCP idle angle=25752 amtOk=1 fdbkOk=1 en=0 tgtOk=1
2026-07-07T16:31:46.369+00:00 VCP SET_TARGET_RX steer=298175 wheel=0
2026-07-07T16:31:46.569+00:00 VCP idle angle=25752 amtOk=1 fdbkOk=1 en=0 tgtOk=1
2026-07-07T16:31:46.770+00:00 VCP SET_TARGET_RX steer=298175 wheel=0
2026-07-07T16:31:46.970+00:00 VCP idle angle=25752 amtOk=1 fdbkOk=1 en=0 tgtOk=1
2026-07-07T16:31:47.370+00:00 VCP SET_TARGET_RX steer=298175 wheel=0
2026-07-07T16:31:47.571+00:00 VCP idle angle=25752 amtOk=1 fdbkOk=1 en=0 tgtOk=1
2026-07-07T16:31:47.771+00:00 VCP SET_TARGET_RX steer=298175 wheel=0
2026-07-07T16:31:47.971+00:00 VCP idle angle=25752 amtOk=1 fdbkOk=1 en=0 tgtOk=1
2026-07-07T16:31:48.372+00:00 VCP SET_TARGET_RX steer=298175 wheel=0
2026-07-07T16:31:48.573+00:00 VCP idle angle=25752 amtOk=1 fdbkOk=1 en=0 tgtOk=1
2026-07-07T16:31:48.773+00:00 VCP SET_TARGET_RX steer=298175 wheel=0
2026-07-07T16:31:48.973+00:00 VCP idle angle=25752 amtOk=1 fdbkOk=1 en=0 tgtOk=1
2026-07-07T16:31:49.374+00:00 VCP SET_TARGET_RX steer=298175 wheel=0
2026-07-07T16:31:49.574+00:00 VCP idle angle=25752 amtOk=1 fdbkOk=1 en=0 tgtOk=1
2026-07-07T16:31:49.774+00:00 VCP SET_TARGET_RX steer=298175 wheel=0
2026-07-07T16:31:49.975+00:00 VCP idle angle=25752 amtOk=1 fdbkOk=1 en=0 tgtOk=1
2026-07-07T16:31:50.375+00:00 VCP SET_TARGET_RX steer=298175 wheel=0
2026-07-07T16:31:50.576+00:00 VCP idle angle=25752 amtOk=1 fdbkOk=1 en=0 tgtOk=1
2026-07-07T16:31:50.776+00:00 VCP SET_TARGET_RX steer=298175 wheel=0
2026-07-07T16:31:50.976+00:00 VCP idle angle=25752 amtOk=1 fdbkOk=1 en=0 tgtOk=1
2026-07-07T16:31:51.377+00:00 VCP SET_TARGET_RX steer=298175 wheel=0
2026-07-07T16:31:51.577+00:00 VCP idle angle=25752 amtOk=1 fdbkOk=1 en=0 tgtOk=1
2026-07-07T16:31:51.777+00:00 VCP SET_TARGET_RX steer=298175 wheel=0
2026-07-07T16:31:51.978+00:00 VCP idle angle=25752 amtOk=1 fdbkOk=1 en=0 tgtOk=1
2026-07-07T16:31:52.378+00:00 VCP SET_TARGET_RX steer=298175 wheel=0
2026-07-07T16:31:52.579+00:00 VCP idle angle=25752 amtOk=1 fdbkOk=1 en=0 tgtOk=1
2026-07-07T16:31:52.779+00:00 VCP SET_TARGET_RX steer=298175 wheel=0
2026-07-07T16:31:52.979+00:00 VCP idle angle=25752 amtOk=1 fdbkOk=1 en=0 tgtOk=1
2026-07-07T16:31:53.380+00:00 VCP SET_TARGET_RX steer=298175 wheel=0
2026-07-07T16:31:53.580+00:00 VCP idle angle=25752 amtOk=1 fdbkOk=1 en=0 tgtOk=1
2026-07-07T16:31:53.780+00:00 VCP SET_TARGET_RX steer=298175 wheel=0
2026-07-07T16:31:53.981+00:00 VCP idle angle=25752 amtOk=1 fdbkOk=1 en=0 tgtOk=1
2026-07-07T16:31:54.381+00:00 VCP SET_TARGET_RX steer=298175 wheel=0
2026-07-07T16:31:54.582+00:00 VCP idle angle=25752 amtOk=1 fdbkOk=1 en=0 tgtOk=1
2026-07-07T16:31:54.782+00:00 VCP SET_TARGET_RX steer=298175 wheel=0
2026-07-07T16:31:54.982+00:00 VCP idle angle=25752 amtOk=1 fdbkOk=1 en=0 tgtOk=1
2026-07-07T16:31:55.383+00:00 VCP SET_TARGET_RX steer=298175 wheel=0
2026-07-07T16:31:55.383+00:00 VCP idle angle=25752 amtOk=1 fdbkOk=1 en=0 tgtOk=1
2026-07-07T16:31:55.783+00:00 VCP SET_TARGET_RX steer=298175 wheel=0
2026-07-07T16:31:55.984+00:00 VCP idle angle=25752 amtOk=1 fdbkOk=1 en=0 tgtOk=1
2026-07-07T16:31:56.384+00:00 VCP SET_TARGET_RX steer=298175 wheel=0
2026-07-07T16:31:56.384+00:00 VCP idle angle=25752 amtOk=1 fdbkOk=1 en=0 tgtOk=1
2026-07-07T16:31:56.785+00:00 VCP SET_TARGET_RX steer=298175 wheel=0
2026-07-07T16:31:56.985+00:00 VCP idle angle=25752 amtOk=1 fdbkOk=1 en=0 tgtOk=1
2026-07-07T16:31:57.386+00:00 VCP SET_TARGET_RX steer=298175 wheel=0
2026-07-07T16:31:57.386+00:00 VCP idle angle=25752 amtOk=1 fdbkOk=1 en=0 tgtOk=1
2026-07-07T16:31:57.786+00:00 VCP SET_TARGET_RX steer=298175 wheel=0
2026-07-07T16:31:57.986+00:00 VCP idle angle=25752 amtOk=1 fdbkOk=1 en=0 tgtOk=1
2026-07-07T16:31:58.387+00:00 VCP SET_TARGET_RX steer=298175 wheel=0
2026-07-07T16:31:58.387+00:00 VCP idle angle=25752 amtOk=1 fdbkOk=1 en=0 tgtOk=1
2026-07-07T16:31:58.787+00:00 VCP SET_TARGET_RX steer=298175 wheel=0
2026-07-07T16:31:58.988+00:00 VCP idle angle=25752 amtOk=1 fdbkOk=1 en=0 tgtOk=1
2026-07-07T16:31:59.388+00:00 VCP SET_TARGET_RX steer=298175 wheel=0
2026-07-07T16:31:59.388+00:00 VCP idle angle=25752 amtOk=1 fdbkOk=1 en=0 tgtOk=1
2026-07-07T16:31:59.788+00:00 VCP SET_TARGET_RX steer=298175 wheel=0
2026-07-07T16:31:59.989+00:00 VCP idle angle=25752 amtOk=1 fdbkOk=1 en=0 tgtOk=1
2026-07-07T16:32:00.389+00:00 VCP SET_TARGET_RX steer=298175 wheel=0
2026-07-07T16:32:00.389+00:00 VCP idle angle=25752 amtOk=1 fdbkOk=1 en=0 tgtOk=1
2026-07-07T16:32:00.789+00:00 VCP SET_TARGET_RX steer=298175 wheel=0
2026-07-07T16:32:00.989+00:00 VCP idle angle=25752 amtOk=1 fdbkOk=1 en=0 tgtOk=1
2026-07-07T16:32:01.390+00:00 VCP SET_TARGET_RX steer=298175 wheel=0
2026-07-07T16:32:01.390+00:00 VCP UNIT_CTRL enable=0
2026-07-07T16:32:01.390+00:00 VCP UNIT_CTRL enable=0
2026-07-07T16:32:01.390+00:00 VCP idle angle=25752 amtOk=1 fdbkOk=1 en=0 tgtOk=1
2026-07-07T16:32:01.790+00:00 VCP SET_TARGET_RX steer=298175 wheel=0
2026-07-07T16:32:01.991+00:00 VCP idle angle=25752 amtOk=1 fdbkOk=1 en=0 tgtOk=1
2026-07-07T16:32:02.391+00:00 VCP SET_TARGET_RX steer=298175 wheel=0
2026-07-07T16:32:02.391+00:00 VCP idle angle=25752 amtOk=1 fdbkOk=1 en=0 tgtOk=1
2026-07-07T16:32:02.792+00:00 VCP SET_TARGET_RX steer=298175 wheel=0
2026-07-07T16:32:02.992+00:00 VCP idle angle=25752 amtOk=1 fdbkOk=1 en=0 tgtOk=1
2026-07-07T16:32:03.392+00:00 VCP SET_TARGET_RX steer=298175 wheel=0
2026-07-07T16:32:03.392+00:00 VCP idle angle=25752 amtOk=1 fdbkOk=1 en=0 tgtOk=1
2026-07-07T16:32:03.793+00:00 VCP SET_TARGET_RX steer=298175 wheel=0
2026-07-07T16:32:03.993+00:00 VCP idle angle=25752 amtOk=1 fdbkOk=1 en=0 tgtOk=1
2026-07-07T16:32:04.394+00:00 VCP SET_TARGET_RX steer=298175 wheel=0
2026-07-07T16:32:04.394+00:00 VCP idle angle=25752 amtOk=1 fdbkOk=1 en=0 tgtOk=1
2026-07-07T16:32:04.794+00:00 VCP SET_TARGET_RX steer=298175 wheel=0
2026-07-07T16:32:04.994+00:00 VCP idle angle=25752 amtOk=1 fdbkOk=1 en=0 tgtOk=1
2026-07-07T16:32:05.395+00:00 VCP SET_TARGET_RX steer=298175 wheel=0
2026-07-07T16:32:05.395+00:00 VCP idle angle=25752 amtOk=1 fdbkOk=1 en=0 tgtOk=1
2026-07-07T16:32:05.795+00:00 VCP SET_TARGET_RX steer=298175 wheel=0
2026-07-07T16:32:05.996+00:00 VCP idle angle=25752 amtOk=1 fdbkOk=1 en=0 tgtOk=1
2026-07-07T16:32:06.396+00:00 VCP SET_TARGET_RX steer=298175 wheel=0
2026-07-07T16:32:06.396+00:00 VCP idle angle=25752 amtOk=1 fdbkOk=1 en=0 tgtOk=1
2026-07-07T16:32:06.797+00:00 VCP SET_TARGET_RX steer=298175 wheel=0
2026-07-07T16:32:06.997+00:00 VCP idle angle=25752 amtOk=1 fdbkOk=1 en=0 tgtOk=1
2026-07-07T16:32:07.397+00:00 VCP SET_TARGET_RX steer=298175 wheel=0
2026-07-07T16:32:07.398+00:00 VCP idle angle=25840 amtOk=1 fdbkOk=1 en=0 tgtOk=1
2026-07-07T16:32:07.798+00:00 VCP SET_TARGET_RX steer=298175 wheel=0
2026-07-07T16:32:07.998+00:00 VCP idle angle=25840 amtOk=1 fdbkOk=1 en=0 tgtOk=1
2026-07-07T16:32:08.399+00:00 VCP SET_TARGET_RX steer=298175 wheel=0
2026-07-07T16:32:08.399+00:00 VCP idle angle=25840 amtOk=1 fdbkOk=1 en=0 tgtOk=1
2026-07-07T16:32:08.799+00:00 VCP SET_TARGET_RX steer=298175 wheel=0
2026-07-07T16:32:09.000+00:00 VCP idle angle=25840 amtOk=1 fdbkOk=1 en=0 tgtOk=1
2026-07-07T16:32:09.400+00:00 VCP SET_TARGET_RX steer=298175 wheel=0
2026-07-07T16:32:09.400+00:00 VCP idle angle=25840 amtOk=1 fdbkOk=1 en=0 tgtOk=1
2026-07-07T16:32:09.800+00:00 VCP SET_TARGET_RX steer=298175 wheel=0
2026-07-07T16:32:10.001+00:00 VCP idle angle=25840 amtOk=1 fdbkOk=1 en=0 tgtOk=1
2026-07-07T16:32:10.401+00:00 VCP SET_TARGET_RX steer=298175 wheel=0
2026-07-07T16:32:10.401+00:00 VCP idle angle=27598 amtOk=1 fdbkOk=1 en=0 tgtOk=1
2026-07-07T16:32:10.802+00:00 VCP SET_TARGET_RX steer=298175 wheel=0
2026-07-07T16:32:11.002+00:00 VCP idle angle=26016 amtOk=1 fdbkOk=1 en=0 tgtOk=1
2026-07-07T16:32:11.402+00:00 VCP SET_TARGET_RX steer=298175 wheel=0
2026-07-07T16:32:11.402+00:00 VCP idle angle=27246 amtOk=1 fdbkOk=1 en=0 tgtOk=1
2026-07-07T16:32:11.803+00:00 VCP SET_TARGET_RX steer=298175 wheel=0
2026-07-07T16:32:12.003+00:00 VCP idle angle=26807 amtOk=1 fdbkOk=1 en=0 tgtOk=1
2026-07-07T16:32:12.404+00:00 VCP SET_TARGET_RX steer=298175 wheel=0
2026-07-07T16:32:12.404+00:00 VCP idle angle=26719 amtOk=1 fdbkOk=1 en=0 tgtOk=1
2026-07-07T16:32:12.804+00:00 VCP SET_TARGET_RX steer=298175 wheel=0
2026-07-07T16:32:13.004+00:00 VCP idle angle=26719 amtOk=1 fdbkOk=1 en=0 tgtOk=1
2026-07-07T16:32:13.405+00:00 VCP SET_TARGET_RX steer=298175 wheel=0
2026-07-07T16:32:13.405+00:00 VCP idle angle=26719 amtOk=1 fdbkOk=1 en=0 tgtOk=1
2026-07-07T16:32:13.805+00:00 VCP SET_TARGET_RX steer=298175 wheel=0
2026-07-07T16:32:14.006+00:00 VCP idle angle=26719 amtOk=1 fdbkOk=1 en=0 tgtOk=1
2026-07-07T16:32:14.406+00:00 VCP SET_TARGET_RX steer=298175 wheel=0
2026-07-07T16:32:14.406+00:00 VCP idle angle=26719 amtOk=1 fdbkOk=1 en=0 tgtOk=1
2026-07-07T16:32:14.807+00:00 VCP SET_TARGET_RX steer=298175 wheel=0
2026-07-07T16:32:15.007+00:00 VCP idle angle=26719 amtOk=1 fdbkOk=1 en=0 tgtOk=1
2026-07-07T16:32:15.407+00:00 VCP SET_TARGET_RX steer=298175 wheel=0
2026-07-07T16:32:15.407+00:00 VCP idle angle=26719 amtOk=1 fdbkOk=1 en=0 tgtOk=1
2026-07-07T16:32:15.808+00:00 VCP SET_TARGET_RX steer=298175 wheel=0
2026-07-07T16:32:16.008+00:00 VCP idle angle=26719 amtOk=1 fdbkOk=1 en=0 tgtOk=1
2026-07-07T16:32:16.409+00:00 VCP SET_TARGET_RX steer=298175 wheel=0
2026-07-07T16:32:16.409+00:00 VCP idle angle=26719 amtOk=1 fdbkOk=1 en=0 tgtOk=1
2026-07-07T16:32:16.809+00:00 VCP SET_TARGET_RX steer=298175 wheel=0
2026-07-07T16:32:17.009+00:00 VCP idle angle=26719 amtOk=1 fdbkOk=1 en=0 tgtOk=1
2026-07-07T16:32:17.410+00:00 VCP SET_TARGET_RX steer=298175 wheel=0
2026-07-07T16:32:17.410+00:00 VCP idle angle=26719 amtOk=1 fdbkOk=1 en=0 tgtOk=1
2026-07-07T16:32:17.810+00:00 VCP SET_TARGET_RX steer=298175 wheel=0
2026-07-07T16:32:18.011+00:00 VCP idle angle=26719 amtOk=1 fdbkOk=1 en=0 tgtOk=1
2026-07-07T16:32:18.411+00:00 VCP SET_TARGET_RX steer=298175 wheel=0
2026-07-07T16:32:18.411+00:00 VCP idle angle=26719 amtOk=1 fdbkOk=1 en=0 tgtOk=1
2026-07-07T16:32:18.812+00:00 VCP SET_TARGET_RX steer=298175 wheel=0
2026-07-07T16:32:19.012+00:00 VCP idle angle=26719 amtOk=1 fdbkOk=1 en=0 tgtOk=1
2026-07-07T16:32:19.412+00:00 VCP SET_TARGET_RX steer=298175 wheel=0
2026-07-07T16:32:19.412+00:00 VCP idle angle=26719 amtOk=1 fdbkOk=1 en=0 tgtOk=1
2026-07-07T16:32:19.813+00:00 VCP SET_TARGET_RX steer=298175 wheel=0
2026-07-07T16:32:20.013+00:00 VCP idle angle=26719 amtOk=1 fdbkOk=1 en=0 tgtOk=1
2026-07-07T16:32:20.414+00:00 VCP SET_TARGET_RX steer=298175 wheel=0
2026-07-07T16:32:20.414+00:00 VCP idle angle=26719 amtOk=1 fdbkOk=1 en=0 tgtOk=1
2026-07-07T16:32:20.814+00:00 VCP SET_TARGET_RX steer=298175 wheel=0
2026-07-07T16:32:21.015+00:00 VCP idle angle=26719 amtOk=1 fdbkOk=1 en=0 tgtOk=1
2026-07-07T16:32:21.415+00:00 VCP SET_TARGET_RX steer=298175 wheel=0
2026-07-07T16:32:21.415+00:00 VCP idle angle=26719 amtOk=1 fdbkOk=1 en=0 tgtOk=1
2026-07-07T16:32:21.815+00:00 VCP SET_TARGET_RX steer=298175 wheel=0
2026-07-07T16:32:22.016+00:00 VCP idle angle=26719 amtOk=1 fdbkOk=1 en=0 tgtOk=1
2026-07-07T16:32:22.416+00:00 VCP SET_TARGET_RX steer=298175 wheel=0
2026-07-07T16:32:22.416+00:00 VCP idle angle=26719 amtOk=1 fdbkOk=1 en=0 tgtOk=1
2026-07-07T16:32:22.817+00:00 VCP SET_TARGET_RX steer=298175 wheel=0
2026-07-07T16:32:23.017+00:00 VCP idle angle=26719 amtOk=1 fdbkOk=1 en=0 tgtOk=1
2026-07-07T16:32:23.418+00:00 VCP SET_TARGET_RX steer=298175 wheel=0
2026-07-07T16:32:23.418+00:00 VCP idle angle=26719 amtOk=1 fdbkOk=1 en=0 tgtOk=1
2026-07-07T16:32:23.818+00:00 VCP SET_TARGET_RX steer=298175 wheel=0
2026-07-07T16:32:24.019+00:00 VCP idle angle=26719 amtOk=1 fdbkOk=1 en=0 tgtOk=1
2026-07-07T16:32:24.419+00:00 VCP SET_TARGET_RX steer=298175 wheel=0
2026-07-07T16:32:24.419+00:00 VCP idle angle=26719 amtOk=1 fdbkOk=1 en=0 tgtOk=1
2026-07-07T16:32:24.820+00:00 VCP SET_TARGET_RX steer=298175 wheel=0
2026-07-07T16:32:25.020+00:00 VCP idle angle=26719 amtOk=1 fdbkOk=1 en=0 tgtOk=1
2026-07-07T16:32:25.420+00:00 VCP SET_TARGET_RX steer=298175 wheel=0
2026-07-07T16:32:25.421+00:00 VCP idle angle=26719 amtOk=1 fdbkOk=1 en=0 tgtOk=1
2026-07-07T16:32:25.821+00:00 VCP SET_TARGET_RX steer=298175 wheel=0
2026-07-07T16:32:26.021+00:00 VCP idle angle=26719 amtOk=1 fdbkOk=1 en=0 tgtOk=1
2026-07-07T16:32:26.422+00:00 VCP SET_TARGET_RX steer=298175 wheel=0
2026-07-07T16:32:26.422+00:00 VCP idle angle=26719 amtOk=1 fdbkOk=1 en=0 tgtOk=1
2026-07-07T16:32:26.822+00:00 VCP SET_TARGET_RX steer=298175 wheel=0
2026-07-07T16:32:27.023+00:00 VCP idle angle=26719 amtOk=1 fdbkOk=1 en=0 tgtOk=1
2026-07-07T16:32:27.423+00:00 VCP SET_TARGET_RX steer=298175 wheel=0
2026-07-07T16:32:27.423+00:00 VCP idle angle=26719 amtOk=1 fdbkOk=1 en=0 tgtOk=1
2026-07-07T16:32:27.824+00:00 VCP SET_TARGET_RX steer=298175 wheel=0
2026-07-07T16:32:28.024+00:00 VCP idle angle=26719 amtOk=1 fdbkOk=1 en=0 tgtOk=1
2026-07-07T16:32:28.425+00:00 VCP SET_TARGET_RX steer=298175 wheel=0
2026-07-07T16:32:28.425+00:00 VCP idle angle=26719 amtOk=1 fdbkOk=1 en=0 tgtOk=1
2026-07-07T16:32:28.825+00:00 VCP SET_TARGET_RX steer=298175 wheel=0
2026-07-07T16:32:29.026+00:00 VCP idle angle=26719 amtOk=1 fdbkOk=1 en=0 tgtOk=1
2026-07-07T16:32:29.426+00:00 VCP SET_TARGET_RX steer=298175 wheel=0
2026-07-07T16:32:29.426+00:00 VCP idle angle=26719 amtOk=1 fdbkOk=1 en=0 tgtOk=1
2026-07-07T16:32:29.827+00:00 VCP SET_TARGET_RX steer=298175 wheel=0
2026-07-07T16:32:30.027+00:00 VCP idle angle=26719 amtOk=1 fdbkOk=1 en=0 tgtOk=1
2026-07-07T16:32:30.428+00:00 VCP SET_TARGET_RX steer=298175 wheel=0
2026-07-07T16:32:30.428+00:00 VCP idle angle=26719 amtOk=1 fdbkOk=1 en=0 tgtOk=1
2026-07-07T16:32:30.828+00:00 VCP SET_TARGET_RX steer=298175 wheel=0
2026-07-07T16:32:31.029+00:00 VCP idle angle=26719 amtOk=1 fdbkOk=1 en=0 tgtOk=1
2026-07-07T16:32:31.429+00:00 VCP SET_TARGET_RX steer=298175 wheel=0
2026-07-07T16:32:31.429+00:00 VCP idle angle=26719 amtOk=1 fdbkOk=1 en=0 tgtOk=1
2026-07-07T16:32:31.829+00:00 VCP SET_TARGET_RX steer=298175 wheel=0
2026-07-07T16:32:32.030+00:00 VCP idle angle=26719 amtOk=1 fdbkOk=1 en=0 tgtOk=1
2026-07-07T16:32:32.430+00:00 VCP SET_TARGET_RX steer=298175 wheel=0
2026-07-07T16:32:32.430+00:00 VCP idle angle=26719 amtOk=1 fdbkOk=1 en=0 tgtOk=1
2026-07-07T16:32:32.831+00:00 VCP SET_TARGET_RX steer=298175 wheel=0
2026-07-07T16:32:33.031+00:00 VCP idle angle=26719 amtOk=1 fdbkOk=1 en=0 tgtOk=1
2026-07-07T16:32:33.432+00:00 VCP SET_TARGET_RX steer=298175 wheel=0
2026-07-07T16:32:33.432+00:00 VCP idle angle=26719 amtOk=1 fdbkOk=1 en=0 tgtOk=1
2026-07-07T16:32:33.832+00:00 VCP SET_TARGET_RX steer=298175 wheel=0
2026-07-07T16:32:34.033+00:00 VCP idle angle=26719 amtOk=1 fdbkOk=1 en=0 tgtOk=1
2026-07-07T16:32:34.433+00:00 VCP SET_TARGET_RX steer=298175 wheel=0
2026-07-07T16:32:34.433+00:00 VCP idle angle=26719 amtOk=1 fdbkOk=1 en=0 tgtOk=1
2026-07-07T16:32:34.834+00:00 VCP SET_TARGET_RX steer=298175 wheel=0
2026-07-07T16:32:35.034+00:00 VCP idle angle=26719 amtOk=1 fdbkOk=1 en=0 tgtOk=1
2026-07-07T16:32:35.346+00:00 WEBUI enable sent (seeded steer target=26.719deg)
2026-07-07T16:32:35.366+00:00 VCP SET_TARGET_RX steer=26719 wheel=0
2026-07-07T16:32:35.366+00:00 VCP UNIT_CTRL enable=1
2026-07-07T16:32:35.366+00:00 VCP START_CAN: angle=26895 target=26719 wheelTarget=0
2026-07-07T16:32:35.465+00:00 VCP run=1 step=0 angle=26895 target=26719 err=-176 steer=0 m1=0/0 i1=0 t1=32 m2=0/0 i2=0 t2=31 steerMode=0/0 iSteer=0 driveMode=0/0 iDrive=0 scale=0 wheel=0 ffS=0
2026-07-07T16:32:35.465+00:00 VCP SET_TARGET_FF_RX steerRate=30000 wheelAccel=0
2026-07-07T16:32:35.649+00:00 VCP run=1 step=0 angle=34805 target=71895 err=37090 steer=40000 m1=1983/123750 i1=2003 t1=32 m2=-3/-13750 i2=-280 t2=31 steerMode=55000/39099 iSteer=861690 driveMode=68750/38832 iDrive=1141485 scale=0 wheel=200000 ffS=5000
2026-07-07T16:32:35.649+00:00 VCP run=1 step=0 angle=59502 target=71895 err=12393 steer=29786 m1=2226/109706 i1=-263 t1=32 m2=-19/-27794 i2=-1355 t2=31 steerMode=40956/58448 iSteer=-809128 driveMode=68750/59555 iDrive=545939 scale=0 wheel=200000 ffS=5000
2026-07-07T16:32:35.753+00:00 VCP run=1 step=0 angle=71016 target=71895 err=879 steer=6759 m1=1471/78043 i1=126 t1=32 m2=-1254/-59457 i2=-315 t2=31 steerMode=9293/11466 iSteer=-94417 driveMode=68750/70608 iDrive=220587 scale=0 wheel=200000 ffS=5000
2026-07-07T16:32:35.853+00:00 VCP run=1 step=0 angle=73828 target=74893 err=1065 steer=7130 m1=1592/78553 i1=166 t1=32 m2=-1151/-58947 i2=-139 t2=31 steerMode=9803/10005 iSteer=13652 driveMode=68750/72663 iDrive=152210 scale=0 wheel=200000 ffS=5000
2026-07-07T16:32:35.853+00:00 VCP SET_TARGET_RX steer=76691 wheel=200000
2026-07-07T16:32:35.952+00:00 VCP run=1 step=0 angle=77783 target=77895 err=112 steer=5000 m1=1469/75625 i1=164 t1=32 m2=-1256/-61875 i2=-171 t2=31 steerMode=6875/7260 iSteer=-3470 driveMode=68750/71946 iDrive=167604 scale=0 wheel=200000 ffS=5000
2026-07-07T16:32:35.952+00:00 VCP SET_TARGET_FF_RX steerRate=30000 wheelAccel=0
2026-07-07T16:32:36.056+00:00 VCP run=1 step=0 angle=80684 target=80892 err=208 steer=5000 m1=1512/75625 i1=179 t1=32 m2=-1246/-61875 i2=-172 t2=31 steerMode=6875/7133 iSteer=3492 driveMode=68750/71489 iDrive=175384 scale=0 wheel=200000 ffS=5000
2026-07-07T16:32:36.160+00:00 VCP run=1 step=0 angle=84287 target=83892 err=-395 steer=5000 m1=1515/75625 i1=179 t1=32 m2=-1223/-61875 i2=-170 t2=31 steerMode=6875/7064 iSteer=4583 driveMode=68750/71373 iDrive=174300 scale=0 wheel=200000 ffS=5000
2026-07-07T16:32:36.263+00:00 VCP run=1 step=0 angle=86924 target=86893 err=-31 steer=5000 m1=1502/75625 i1=196 t1=32 m2=-1267/-61875 i2=-133 t2=31 steerMode=6875/6523 iSteer=31288 driveMode=68750/71532 iDrive=164548 scale=0 wheel=200000 ffS=5000
2026-07-07T16:32:36.363+00:00 VCP run=1 step=0 angle=90176 target=89892 err=-284 steer=5000 m1=1475/75625 i1=174 t1=32 m2=-1216/-61875 i2=-154 t2=31 steerMode=6875/6942 iSteer=9880 driveMode=68750/71382 iDrive=164146 scale=0 wheel=200000 ffS=5000
2026-07-07T16:32:36.364+00:00 VCP SET_TARGET_RX steer=91690 wheel=200000
2026-07-07T16:32:36.463+00:00 VCP run=1 step=0 angle=93252 target=92890 err=-362 steer=5000 m1=1481/75625 i1=203 t1=32 m2=-1218/-61875 i2=-137 t2=31 steerMode=6875/6458 iSteer=33266 driveMode=68750/71032 iDrive=169832 scale=0 wheel=200000 ffS=5000
2026-07-07T16:32:36.463+00:00 VCP SET_TARGET_FF_RX steerRate=30000 wheelAccel=0
2026-07-07T16:32:36.649+00:00 VCP run=1 step=0 angle=95713 target=95892 err=179 steer=5000 m1=1483/75625 i1=170 t1=32 m2=-1225/-61875 i2=-180 t2=31 steerMode=6875/7216 iSteer=-4886 driveMode=68750/70735 iDrive=174843 scale=0 wheel=200000 ffS=5000
2026-07-07T16:32:36.649+00:00 VCP run=1 step=0 angle=98877 target=98893 err=16 steer=5000 m1=1485/75625 i1=185 t1=32 m2=-1218/-61875 i2=-169 t2=31 steerMode=6875/6939 iSteer=7935 driveMode=68750/70557 iDrive=176732 scale=0 wheel=200000 ffS=5000
2026-07-07T16:32:36.752+00:00 VCP run=1 step=0 angle=101865 target=101890 err=25 steer=5000 m1=1462/75625 i1=226 t1=32 m2=-1183/-61875 i2=-175 t2=31 steerMode=6875/6600 iSteer=25744 driveMode=68750/69700 iDrive=200511 scale=0 wheel=200000 ffS=5000
2026-07-07T16:32:36.852+00:00 VCP run=1 step=0 angle=104678 target=104895 err=217 steer=5000 m1=1416/75625 i1=270 t1=32 m2=-1139/-61875 i2=-217 t2=31 steerMode=6875/6585 iSteer=26266 driveMode=68750/68204 iDrive=243509 scale=0 wheel=200000 ffS=5000
2026-07-07T16:32:36.852+00:00 VCP SET_TARGET_RX steer=106691 wheel=200000
2026-07-07T16:32:36.951+00:00 VCP run=1 step=0 angle=108193 target=107895 err=-298 steer=5000 m1=1456/75625 i1=208 t1=32 m2=-1189/-61875 i2=-217 t2=31 steerMode=6875/7174 iSteer=-4613 driveMode=68750/69266 iDrive=212509 scale=0 wheel=200000 ffS=5000
2026-07-07T16:32:36.951+00:00 VCP SET_TARGET_FF_RX steerRate=30000 wheelAccel=0
2026-07-07T16:32:37.054+00:00 VCP run=1 step=0 angle=111094 target=110895 err=-199 steer=5000 m1=1446/75625 i1=184 t1=32 m2=-1185/-61875 i2=-246 t2=31 steerMode=6875/7658 iSteer=-31104 driveMode=68750/69164 iDrive=214805 scale=0 wheel=200000 ffS=5000
2026-07-07T16:32:37.158+00:00 VCP run=1 step=0 angle=113994 target=113891 err=-103 steer=5000 m1=1458/75625 i1=188 t1=32 m2=-1208/-61875 i2=-173 t2=31 steerMode=6875/6853 iSteer=7394 driveMode=68750/70248 iDrive=180190 scale=0 wheel=200000 ffS=5000
2026-07-07T16:32:37.261+00:00 VCP run=1 step=0 angle=117070 target=116895 err=-175 steer=5000 m1=1492/75625 i1=190 t1=32 m2=-1225/-61875 i2=-135 t2=31 steerMode=6875/6450 iSteer=27521 driveMode=68750/70735 iDrive=162287 scale=0 wheel=200000 ffS=5000
2026-07-07T16:32:37.361+00:00 VCP run=1 step=0 angle=120059 target=119891 err=-168 steer=5000 m1=1462/75625 i1=184 t1=32 m2=-1212/-61875 i2=-158 t2=31 steerMode=6875/6743 iSteer=12978 driveMode=68750/70344 iDrive=170753 scale=0 wheel=200000 ffS=5000
2026-07-07T16:32:37.361+00:00 VCP SET_TARGET_RX steer=121691 wheel=200000
2026-07-07T16:32:37.460+00:00 VCP run=1 step=0 angle=122783 target=122891 err=108 steer=5000 m1=1456/75625 i1=163 t1=32 m2=-1179/-61875 i2=-194 t2=31 steerMode=6875/7300 iSteer=-15368 driveMode=68750/70002 iDrive=178666 scale=0 wheel=200000 ffS=5000
2026-07-07T16:32:37.460+00:00 VCP SET_TARGET_FF_RX steerRate=30000 wheelAccel=0
2026-07-07T16:32:37.564+00:00 VCP run=1 step=0 angle=126035 target=125891 err=-144 steer=5000 m1=1439/75625 i1=202 t1=32 m2=-1179/-61875 i2=-206 t2=31 steerMode=6875/7014 iSteer=-1958 driveMode=68750/69112 iDrive=204100 scale=0 wheel=200000 ffS=5000
2026-07-07T16:32:37.667+00:00 VCP run=1 step=0 angle=129199 target=128892 err=-307 steer=5000 m1=1422/75625 i1=230 t1=32 m2=-1164/-61875 i2=-178 t2=31 steerMode=6875/6442 iSteer=26083 driveMode=68750/69083 iDrive=204158 scale=0 wheel=200000 ffS=5000
2026-07-07T16:32:37.667+00:00 VCP run=1 step=0 angle=132363 target=131890 err=-473 steer=5000 m1=1443/75625 i1=189 t1=32 m2=-1141/-61875 i2=-266 t2=31 steerMode=6875/7708 iSteer=-38505 driveMode=68750/68304 iDrive=227466 scale=0 wheel=200000 ffS=5000
2026-07-07T16:32:37.804+00:00 VCP run=1 step=0 angle=135264 target=134891 err=-373 steer=5000 m1=1404/75625 i1=258 t1=32 m2=-1229/-61875 i2=-145 t2=31 steerMode=6875/5769 iSteer=56666 driveMode=68750/69182 iDrive=201377 scale=0 wheel=200000 ffS=5000
2026-07-07T16:32:37.870+00:00 VCP SET_TARGET_RX steer=136690 wheel=200000
2026-07-07T16:32:37.870+00:00 VCP run=1 step=0 angle=138164 target=137892 err=-272 steer=5000 m1=1435/75625 i1=209 t1=32 m2=-1164/-61875 i2=-169 t2=31 steerMode=6875/6504 iSteer=20169 driveMode=68750/69554 iDrive=189015 scale=0 wheel=200000 ffS=5000
2026-07-07T16:32:38.051+00:00 VCP SET_TARGET_FF_RX steerRate=30000 wheelAccel=0
2026-07-07T16:32:38.051+00:00 VCP run=1 step=0 angle=140449 target=140893 err=444 steer=5000 m1=1446/75625 i1=192 t1=32 m2=-1206/-61875 i2=-154 t2=31 steerMode=6875/6542 iSteer=18825 driveMode=68750/70024 iDrive=173230 scale=0 wheel=200000 ffS=5000
2026-07-07T16:32:38.154+00:00 VCP run=1 step=0 angle=143438 target=143891 err=454 steer=5000 m1=1456/75625 i1=187 t1=32 m2=-1202/-61875 i2=-158 t2=31 steerMode=6875/6643 iSteer=14811 driveMode=68750/69985 iDrive=172326 scale=0 wheel=200000 ffS=5000
2026-07-07T16:32:38.258+00:00 VCP run=1 step=0 angle=146602 target=146889 err=287 steer=5000 m1=1454/75625 i1=168 t1=32 m2=-1193/-61875 i2=-178 t2=31 steerMode=6875/7056 iSteer=-5113 driveMode=68750/69890 iDrive=172647 scale=0 wheel=200000 ffS=5000
2026-07-07T16:32:38.358+00:00 VCP run=1 step=0 angle=149678 target=149889 err=211 steer=5000 m1=1446/75625 i1=192 t1=32 m2=-1166/-61875 i2=-190 t2=31 steerMode=6875/6940 iSteer=778 driveMode=68750/69226 iDrive=191064 scale=0 wheel=200000 ffS=5000
2026-07-07T16:32:38.358+00:00 VCP SET_TARGET_RX steer=151689 wheel=200000
2026-07-07T16:32:38.457+00:00 VCP run=1 step=0 angle=152842 target=152890 err=48 steer=5000 m1=1433/75625 i1=198 t1=32 m2=-1128/-61875 i2=-235 t2=31 steerMode=6875/7313 iSteer=-18304 driveMode=68750/68366 iDrive=216362 scale=0 wheel=200000 ffS=5000
2026-07-07T16:32:38.457+00:00 VCP SET_TARGET_FF_RX steerRate=30000 wheelAccel=0
2026-07-07T16:32:38.561+00:00 VCP run=1 step=0 angle=155918 target=155891 err=-27 steer=5000 m1=1450/75625 i1=231 t1=32 m2=-1187/-61875 i2=-170 t2=31 steerMode=6875/6339 iSteer=30613 driveMode=68750/68911 iDrive=200215 scale=0 wheel=200000 ffS=5000
2026-07-07T16:32:38.664+00:00 VCP run=1 step=0 angle=158555 target=158890 err=335 steer=5000 m1=1431/75625 i1=199 t1=32 m2=-1170/-61875 i2=-173 t2=31 steerMode=6875/6703 iSteer=13293 driveMode=68750/69357 iDrive=185941 scale=0 wheel=200000 ffS=5000
2026-07-07T16:32:38.802+00:00 VCP run=1 step=0 angle=161543 target=161889 err=346 steer=5000 m1=1450/75625 i1=203 t1=32 m2=-1158/-61875 i2=-197 t2=31 steerMode=6875/6911 iSteer=3051 driveMode=68750/68862 iDrive=200330 scale=0 wheel=200000 ffS=5000
2026-07-07T16:32:38.802+00:00 VCP run=1 step=0 angle=164795 target=164891 err=96 steer=5000 m1=1462/75625 i1=207 t1=32 m2=-1185/-61875 i2=-191 t2=31 steerMode=6875/6804 iSteer=8220 driveMode=68750/68904 iDrive=198947 scale=0 wheel=200000 ffS=5000
2026-07-07T16:32:38.868+00:00 VCP SET_TARGET_RX steer=166690 wheel=200000
2026-07-07T16:32:38.868+00:00 VCP run=1 step=0 angle=167959 target=167890 err=-69 steer=5000 m1=1446/75625 i1=192 t1=32 m2=-1147/-61875 i2=-272 t2=31 steerMode=6875/7742 iSteer=-40344 driveMode=68750/67828 iDrive=232138 scale=0 wheel=200000 ffS=5000
2026-07-07T16:32:39.049+00:00 VCP SET_TARGET_FF_RX steerRate=30000 wheelAccel=0
2026-07-07T16:32:39.049+00:00 VCP run=1 step=0 angle=171035 target=170890 err=-145 steer=5000 m1=1420/75625 i1=222 t1=32 m2=-1164/-61875 i2=-197 t2=31 steerMode=6875/6673 iSteer=12578 driveMode=68750/68616 iDrive=209453 scale=0 wheel=200000 ffS=5000
2026-07-07T16:32:39.152+00:00 VCP run=1 step=0 angle=173936 target=173895 err=-41 steer=5000 m1=1452/75625 i1=199 t1=32 m2=-1191/-61875 i2=-140 t2=31 steerMode=6875/6351 iSteer=29575 driveMode=68750/69889 iDrive=169907 scale=0 wheel=200000 ffS=5000
2026-07-07T16:32:39.255+00:00 VCP run=1 step=0 angle=177012 target=176896 err=-116 steer=5000 m1=1418/75625 i1=198 t1=32 m2=-1223/-61875 i2=-159 t2=31 steerMode=6875/6587 iSteer=19067 driveMode=68750/69540 iDrive=178541 scale=0 wheel=200000 ffS=5000
2026-07-07T16:32:39.355+00:00 VCP run=1 step=0 angle=180176 target=179893 err=-283 steer=5000 m1=1437/75625 i1=206 t1=32 m2=-1227/-61875 i2=-170 t2=31 steerMode=6875/6593 iSteer=18140 driveMode=68750/69185 iDrive=187809 scale=0 wheel=200000 ffS=5000
2026-07-07T16:32:39.355+00:00 VCP SET_TARGET_RX steer=181689 wheel=200000
2026-07-07T16:32:39.454+00:00 VCP run=1 step=0 angle=183164 target=182890 err=-274 steer=5000 m1=1408/75625 i1=237 t1=32 m2=-1212/-61875 i2=-194 t2=31 steerMode=6875/6492 iSteer=21566 driveMode=68750/68282 iDrive=215317 scale=0 wheel=200000 ffS=5000
2026-07-07T16:32:39.454+00:00 VCP SET_TARGET_FF_RX steerRate=30000 wheelAccel=0
2026-07-07T16:32:39.558+00:00 VCP run=1 step=0 angle=185889 target=185889 err=0 steer=5000 m1=1462/75625 i1=183 t1=32 m2=-1187/-61875 i2=-201 t2=31 steerMode=6875/7142 iSteer=-9227 driveMode=68750/69049 iDrive=192020 scale=0 wheel=200000 ffS=5000
2026-07-07T16:32:39.662+00:00 VCP run=1 step=0 angle=189229 target=188892 err=-337 steer=5000 m1=1402/75625 i1=208 t1=32 m2=-1168/-61875 i2=-198 t2=31 steerMode=6875/6827 iSteer=5331 driveMode=68750/68670 iDrive=203082 scale=0 wheel=200000 ffS=5000
2026-07-07T16:32:39.765+00:00 VCP run=1 step=0 angle=192129 target=191892 err=-237 steer=5000 m1=1454/75625 i1=232 t1=32 m2=-1177/-61875 i2=-179 t2=31 steerMode=6875/6415 iSteer=26293 driveMode=68750/68590 iDrive=205352 scale=0 wheel=200000 ffS=5000
2026-07-07T16:32:39.865+00:00 VCP run=1 step=0 angle=194941 target=194895 err=-46 steer=5000 m1=1433/75625 i1=169 t1=32 m2=-1172/-61875 i2=-181 t2=31 steerMode=6875/7065 iSteer=-6271 driveMode=68750/69597 iDrive=174817 scale=0 wheel=200000 ffS=5000
2026-07-07T16:32:39.865+00:00 VCP SET_TARGET_RX steer=197295 wheel=200000
2026-07-07T16:32:39.964+00:00 VCP run=1 step=0 angle=197842 target=197890 err=48 steer=5000 m1=1420/75625 i1=245 t1=32 m2=-1216/-61875 i2=-185 t2=31 steerMode=6875/6315 iSteer=30050 driveMode=68750/68260 iDrive=215392 scale=0 wheel=200000 ffS=5000
2026-07-07T16:32:39.964+00:00 VCP SET_TARGET_FF_RX steerRate=30000 wheelAccel=0
2026-07-07T16:32:40.149+00:00 VCP run=1 step=0 angle=201357 target=200889 err=-468 steer=5000 m1=1439/75625 i1=207 t1=32 m2=-1225/-61875 i2=-164 t2=31 steerMode=6875/6504 iSteer=21499 driveMode=68750/69259 iDrive=185610 scale=0 wheel=200000 ffS=5000
2026-07-07T16:32:40.149+00:00 VCP run=1 step=0 angle=203643 target=203890 err=247 steer=5000 m1=1439/75625 i1=189 t1=32 m2=-1162/-61875 i2=-180 t2=31 steerMode=6875/6855 iSteer=4533 driveMode=68750/69267 iDrive=184495 scale=0 wheel=200000 ffS=5000
2026-07-07T16:32:40.252+00:00 VCP run=1 step=0 angle=206631 target=206889 err=258 steer=5000 m1=1456/75625 i1=182 t1=32 m2=-1212/-61875 i2=-184 t2=31 steerMode=6875/6971 iSteer=-1031 driveMode=68750/69327 iDrive=182702 scale=0 wheel=200000 ffS=5000
2026-07-07T16:32:40.323+00:00 WEBUI STOP sequence start (manual STOP): coasting 1.0s before disable
2026-07-07T16:32:40.353+00:00 VCP run=1 step=0 angle=209971 target=209890 err=-81 steer=5000 m1=1452/75625 i1=177 t1=32 m2=-1151/-61875 i2=-258 t2=31 steerMode=6875/7729 iSteer=-40739 driveMode=68750/68178 iDrive=217457 scale=0 wheel=200000 ffS=5000
2026-07-07T16:32:40.353+00:00 VCP SET_TARGET_RX steer=212289 wheel=0
2026-07-07T16:32:40.456+00:00 VCP run=1 step=0 angle=213135 target=212289 err=-846 steer=3309 m1=1452/62299 i1=-231 t1=32 m2=-1181/-53201 i2=0 t2=31 steerMode=4549/6850 iSteer=-115323 driveMode=57750/68278 iDrive=-115411 scale=0 wheel=168000 ffS=5000
2026-07-07T16:32:40.561+00:00 VCP run=1 step=0 angle=214541 target=212289 err=-2252 steer=496 m1=215/682 i1=-553 t1=32 m2=-124/682 i2=455 t2=31 steerMode=682/1515 iSteer=-48935 driveMode=0/22142 iDrive=-504378 scale=0 wheel=0 ffS=5000
2026-07-07T16:32:40.665+00:00 VCP run=1 step=0 angle=214629 target=212289 err=-2340 steer=-4680 m1=-57/-6435 i1=-158 t1=32 m2=-61/-6435 i2=-426 t2=31 steerMode=-6435/-831 iSteer=-291959 driveMode=0/562 iDrive=133605 scale=0 wheel=0 ffS=0
2026-07-07T16:32:40.849+00:00 VCP run=1 step=0 angle=214014 target=212289 err=-1725 steer=-3449 m1=0/-4743 i1=-25 t1=32 m2=-180/-4743 i2=-66 t2=31 steerMode=-4743/-4207 iSteer=-45424 driveMode=0/4135 iDrive=20593 scale=0 wheel=0 ffS=0
2026-07-07T16:32:40.849+00:00 VCP run=1 step=0 angle=213311 target=212289 err=-1022 steer=-2043 m1=0/-2809 i1=-1 t1=32 m2=-36/-2809 i2=-220 t2=31 steerMode=-2809/-1016 iSteer=-110783 driveMode=0/1016 iDrive=109638 scale=0 wheel=0 ffS=0
2026-07-07T16:32:40.849+00:00 VCP SET_TARGET_RX steer=212289 wheel=0
2026-07-07T16:32:40.954+00:00 VCP run=1 step=0 angle=212959 target=212289 err=-670 steer=-1340 m1=0/-1842 i1=27 t1=32 m2=0/-1842 i2=-237 t2=31 steerMode=-1842/-226 iSteer=-105081 driveMode=0/201 iDrive=132299 scale=0 wheel=0 ffS=0
2026-07-07T16:32:41.059+00:00 VCP run=1 step=0 angle=212959 target=212289 err=-670 steer=-1340 m1=0/-1842 i1=17 t1=32 m2=0/-1842 i2=-259 t2=31 steerMode=-1842/-8 iSteer=-120962 driveMode=0/-2 iDrive=138289 scale=0 wheel=0 ffS=0
2026-07-07T16:32:41.165+00:00 VCP run=1 step=0 angle=212959 target=212289 err=-670 steer=-1340 m1=0/-1842 i1=12 t1=32 m2=0/-1842 i2=-265 t2=31 steerMode=-1842/0 iSteer=-126549 driveMode=0/0 iDrive=138231 scale=0 wheel=0 ffS=0
2026-07-07T16:32:41.324+00:00 WEBUI STOP sequence complete (manual STOP)
2026-07-07T16:32:41.341+00:00 VCP run=1 step=0 angle=212959 target=212289 err=-670 steer=-1340 m1=0/-1842 i1=6 t1=32 m2=0/-1842 i2=-270 t2=31 steerMode=-1842/0 iSteer=-131749 driveMode=0/0 iDrive=138230 scale=0 wheel=0 ffS=0
2026-07-07T16:32:41.341+00:00 VCP run=1 step=0 angle=212959 target=212289 err=-670 steer=-1340 m1=0/-1842 i1=1 t1=32 m2=0/-1842 i2=-275 t2=31 steerMode=-1842/0 iSteer=-136944 driveMode=0/0 iDrive=138230 scale=0 wheel=0 ffS=0
2026-07-07T16:32:41.342+00:00 VCP UNIT_CTRL enable=0
2026-07-07T16:32:41.342+00:00 VCP UNIT_CTRL enable=0
2026-07-07T16:32:41.342+00:00 VCP STOP: disabled
2026-07-07T16:32:41.542+00:00 VCP SET_TARGET_RX steer=212289 wheel=0
2026-07-07T16:32:41.943+00:00 VCP idle angle=212959 amtOk=1 fdbkOk=1 en=0 tgtOk=1
2026-07-07T16:32:41.943+00:00 VCP SET_TARGET_RX steer=212289 wheel=0
2026-07-07T16:32:42.343+00:00 VCP idle angle=212959 amtOk=1 fdbkOk=1 en=0 tgtOk=1
2026-07-07T16:32:42.544+00:00 VCP SET_TARGET_RX steer=212289 wheel=0
2026-07-07T16:32:42.944+00:00 VCP idle angle=212959 amtOk=1 fdbkOk=1 en=0 tgtOk=1
2026-07-07T16:32:42.944+00:00 VCP SET_TARGET_RX steer=212289 wheel=0
2026-07-07T16:32:43.345+00:00 VCP idle angle=212959 amtOk=1 fdbkOk=1 en=0 tgtOk=1
2026-07-07T16:32:43.345+00:00 VCP SET_TARGET_FF_RX steerRate=15000 wheelAccel=0
2026-07-07T16:32:43.345+00:00 VCP SET_TARGET_RX steer=213490 wheel=0
2026-07-07T16:32:43.945+00:00 VCP idle angle=212959 amtOk=1 fdbkOk=1 en=0 tgtOk=1
2026-07-07T16:32:43.945+00:00 VCP SET_TARGET_FF_RX steerRate=15000 wheelAccel=0
2026-07-07T16:32:43.945+00:00 VCP SET_TARGET_RX steer=220989 wheel=0
2026-07-07T16:32:44.346+00:00 VCP idle angle=212959 amtOk=1 fdbkOk=1 en=0 tgtOk=1
2026-07-07T16:32:44.346+00:00 VCP SET_TARGET_FF_RX steerRate=15000 wheelAccel=0
2026-07-07T16:32:44.346+00:00 VCP SET_TARGET_RX steer=228490 wheel=0
2026-07-07T16:32:44.947+00:00 VCP idle angle=212959 amtOk=1 fdbkOk=1 en=0 tgtOk=1
2026-07-07T16:32:44.947+00:00 VCP SET_TARGET_FF_RX steerRate=15000 wheelAccel=0
2026-07-07T16:32:44.947+00:00 VCP SET_TARGET_RX steer=235991 wheel=0
2026-07-07T16:32:45.347+00:00 VCP idle angle=212959 amtOk=1 fdbkOk=1 en=0 tgtOk=1
2026-07-07T16:32:45.347+00:00 VCP SET_TARGET_FF_RX steerRate=15000 wheelAccel=0
2026-07-07T16:32:45.347+00:00 VCP SET_TARGET_RX steer=243489 wheel=90000
2026-07-07T16:32:45.948+00:00 VCP idle angle=212959 amtOk=1 fdbkOk=1 en=0 tgtOk=1
2026-07-07T16:32:45.948+00:00 VCP SET_TARGET_FF_RX steerRate=15000 wheelAccel=0
2026-07-07T16:32:45.948+00:00 VCP SET_TARGET_RX steer=250989 wheel=105000
2026-07-07T16:32:46.349+00:00 VCP idle angle=212959 amtOk=1 fdbkOk=1 en=0 tgtOk=1
2026-07-07T16:32:46.349+00:00 VCP SET_TARGET_FF_RX steerRate=15000 wheelAccel=0
2026-07-07T16:32:46.349+00:00 VCP SET_TARGET_RX steer=257959 wheel=105000
2026-07-07T16:32:46.437+00:00 WEBUI enable sent (seeded steer target=212.959deg)
2026-07-07T16:32:46.460+00:00 VCP UNIT_CTRL enable=1
2026-07-07T16:32:46.460+00:00 VCP START_CAN: angle=212959 target=213560 wheelTarget=105000
2026-07-07T16:32:46.641+00:00 VCP run=1 step=0 angle=212959 target=213560 err=601 steer=600 m1=0/2200 i1=83 t1=32 m2=0/-550 i2=0 t2=31 steerMode=825/0 iSteer=41275 driveMode=1375/0 iDrive=41278 scale=0 wheel=4000 ffS=2500
2026-07-07T16:32:46.641+00:00 VCP run=1 step=0 angle=214102 target=215059 err=957 steer=4415 m1=730/42164 i1=530 t1=32 m2=-327/-30023 i2=-891 t2=31 steerMode=6070/9844 iSteer=-180137 driveMode=36094/19688 iDrive=710545 scale=0 wheel=105000 ffS=2500
2026-07-07T16:32:46.745+00:00 VCP run=1 step=0 angle=216299 target=216559 err=260 steer=2500 m1=814/39531 i1=147 t1=32 m2=-712/-32656 i2=-49 t2=31 steerMode=3438/2469 iSteer=49363 driveMode=36094/40246 iDrive=98042 scale=0 wheel=105000 ffS=2500
2026-07-07T16:32:46.844+00:00 VCP run=1 step=0 angle=217969 target=218059 err=90 steer=2500 m1=780/39531 i1=146 t1=32 m2=-605/-32656 i2=-199 t2=31 steerMode=3438/4022 iSteer=-26570 driveMode=36094/37581 iDrive=172745 scale=0 wheel=105000 ffS=2500
2026-07-07T16:32:46.844+00:00 VCP SET_TARGET_FF_RX steerRate=15000 wheelAccel=0
2026-07-07T16:32:46.944+00:00 VCP run=1 step=0 angle=219199 target=219558 err=359 steer=2500 m1=778/39531 i1=206 t1=32 m2=-666/-32656 i2=-158 t2=31 steerMode=3438/3023 iSteer=23987 driveMode=36094/37180 iDrive=182467 scale=0 wheel=105000 ffS=2500
2026-07-07T16:32:46.944+00:00 VCP SET_TARGET_RX steer=219858 wheel=105000
2026-07-07T16:32:47.048+00:00 VCP run=1 step=0 angle=220781 target=221059 err=278 steer=2500 m1=793/39531 i1=148 t1=32 m2=-618/-32656 i2=-199 t2=31 steerMode=3438/4034 iSteer=-25564 driveMode=36094/37418 iDrive=173180 scale=0 wheel=105000 ffS=2500
2026-07-07T16:32:47.151+00:00 VCP run=1 step=0 angle=222363 target=222558 err=195 steer=2500 m1=765/39531 i1=196 t1=32 m2=-620/-32656 i2=-149 t2=31 steerMode=3438/3043 iSteer=23196 driveMode=36094/37363 iDrive=172632 scale=0 wheel=105000 ffS=2500
2026-07-07T16:32:47.255+00:00 VCP run=1 step=0 angle=224121 target=224059 err=-62 steer=2500 m1=778/39531 i1=182 t1=32 m2=-624/-32656 i2=-218 t2=31 steerMode=3438/3868 iSteer=-18109 driveMode=36094/36404 iDrive=200161 scale=0 wheel=105000 ffS=2500
2026-07-07T16:32:47.355+00:00 VCP run=1 step=0 angle=225352 target=225559 err=207 steer=2500 m1=780/39531 i1=194 t1=32 m2=-660/-32656 i2=-174 t2=31 steerMode=3438/3309 iSteer=10027 driveMode=36094/36935 iDrive=183554 scale=0 wheel=105000 ffS=2500
2026-07-07T16:32:47.355+00:00 VCP SET_TARGET_FF_RX steerRate=15000 wheelAccel=0
2026-07-07T16:32:47.455+00:00 VCP run=1 step=0 angle=226846 target=227059 err=213 steer=2500 m1=770/39531 i1=191 t1=32 m2=-616/-32656 i2=-180 t2=31 steerMode=3438/3398 iSteer=5825 driveMode=36094/36825 iDrive=185482 scale=0 wheel=105000 ffS=2500
2026-07-07T16:32:47.455+00:00 VCP SET_TARGET_RX steer=227358 wheel=105000
2026-07-07T16:32:47.640+00:00 VCP run=1 step=0 angle=228252 target=228559 err=307 steer=2500 m1=778/39531 i1=166 t1=32 m2=-658/-32656 i2=-170 t2=31 steerMode=3438/3554 iSteer=-1983 driveMode=36094/37371 iDrive=167587 scale=0 wheel=105000 ffS=2500
2026-07-07T16:32:47.640+00:00 VCP run=1 step=0 angle=230010 target=230059 err=49 steer=2500 m1=751/39531 i1=171 t1=32 m2=-658/-32656 i2=-162 t2=31 steerMode=3438/3417 iSteer=4666 driveMode=36094/37337 iDrive=166520 scale=0 wheel=105000 ffS=2500
2026-07-07T16:32:47.744+00:00 VCP run=1 step=0 angle=231416 target=231558 err=142 steer=2500 m1=757/39531 i1=184 t1=32 m2=-612/-32656 i2=-144 t2=31 steerMode=3438/3115 iSteer=19819 driveMode=36094/37361 iDrive=163775 scale=0 wheel=105000 ffS=2500
2026-07-07T16:32:47.843+00:00 VCP run=1 step=0 angle=232822 target=233059 err=237 steer=2500 m1=761/39531 i1=170 t1=32 m2=-595/-32656 i2=-180 t2=31 steerMode=3438/3613 iSteer=-4770 driveMode=36094/36928 iDrive=174958 scale=0 wheel=105000 ffS=2500
2026-07-07T16:32:47.843+00:00 VCP SET_TARGET_FF_RX steerRate=15000 wheelAccel=0
2026-07-07T16:32:47.943+00:00 VCP run=1 step=0 angle=234668 target=234558 err=-110 steer=2500 m1=761/39531 i1=178 t1=32 m2=-683/-32656 i2=-188 t2=31 steerMode=3438/3611 iSteer=-4971 driveMode=36094/36649 iDrive=183350 scale=0 wheel=105000 ffS=2500
2026-07-07T16:32:47.943+00:00 VCP SET_TARGET_RX steer=234859 wheel=105000
2026-07-07T16:32:48.047+00:00 VCP run=1 step=0 angle=236162 target=236061 err=-101 steer=2500 m1=782/39531 i1=154 t1=32 m2=-620/-32656 i2=-216 t2=31 steerMode=3438/4118 iSteer=-31273 driveMode=36094/36588 iDrive=185175 scale=0 wheel=105000 ffS=2500
2026-07-07T16:32:48.150+00:00 VCP run=1 step=0 angle=237480 target=237558 err=78 steer=2500 m1=728/39531 i1=216 t1=32 m2=-622/-32656 i2=-164 t2=31 steerMode=3438/2968 iSteer=26086 driveMode=36094/36429 iDrive=189945 scale=0 wheel=105000 ffS=2500
2026-07-07T16:32:48.254+00:00 VCP run=1 step=0 angle=239150 target=239059 err=-91 steer=2500 m1=763/39531 i1=181 t1=32 m2=-637/-32656 i2=-179 t2=31 steerMode=3438/3475 iSteer=1060 driveMode=36094/36762 iDrive=179965 scale=0 wheel=105000 ffS=2500
2026-07-07T16:32:48.354+00:00 VCP run=1 step=0 angle=240645 target=240558 err=-87 steer=2500 m1=742/39531 i1=194 t1=32 m2=-624/-32656 i2=-172 t2=31 steerMode=3438/3280 iSteer=10858 driveMode=36094/36670 iDrive=182713 scale=0 wheel=105000 ffS=2500
2026-07-07T16:32:48.354+00:00 VCP SET_TARGET_FF_RX steerRate=15000 wheelAccel=0
2026-07-07T16:32:48.454+00:00 VCP run=1 step=0 angle=242139 target=242059 err=-80 steer=2500 m1=765/39531 i1=204 t1=32 m2=-614/-32656 i2=-168 t2=31 steerMode=3438/3151 iSteer=18099 driveMode=36094/36549 iDrive=186329 scale=0 wheel=105000 ffS=2500
2026-07-07T16:32:48.454+00:00 VCP SET_TARGET_RX steer=242358 wheel=105000
2026-07-07T16:32:48.639+00:00 VCP run=1 step=0 angle=243633 target=243559 err=-74 steer=2500 m1=788/39531 i1=176 t1=32 m2=-601/-32656 i2=-170 t2=31 steerMode=3438/3463 iSteer=2921 driveMode=36094/36995 iDrive=172977 scale=0 wheel=105000 ffS=2500
2026-07-07T16:32:48.639+00:00 VCP run=1 step=0 angle=245039 target=245059 err=20 steer=2500 m1=765/39531 i1=188 t1=32 m2=-599/-32656 i2=-171 t2=31 steerMode=3438/3361 iSteer=8404 driveMode=36094/36790 iDrive=179124 scale=0 wheel=105000 ffS=2500
2026-07-07T16:32:48.743+00:00 VCP run=1 step=0 angle=246621 target=246559 err=-62 steer=2500 m1=747/39531 i1=201 t1=32 m2=-607/-32656 i2=-209 t2=31 steerMode=3438/3590 iSteer=-3658 driveMode=36094/35929 iDrive=205005 scale=0 wheel=105000 ffS=2500
2026-07-07T16:32:48.842+00:00 VCP run=1 step=0 angle=247588 target=248059 err=471 steer=2500 m1=751/39531 i1=233 t1=32 m2=-637/-32656 i2=-131 t2=31 steerMode=3438/2535 iSteer=51067 driveMode=36094/36694 iDrive=181982 scale=0 wheel=105000 ffS=2500
2026-07-07T16:32:48.842+00:00 VCP SET_TARGET_FF_RX steerRate=15000 wheelAccel=0
2026-07-07T16:32:48.942+00:00 VCP run=1 step=0 angle=249258 target=249558 err=300 steer=2500 m1=763/39531 i1=189 t1=32 m2=-639/-32656 i2=-183 t2=31 steerMode=3438/3527 iSteer=3274 driveMode=36094/36559 iDrive=186032 scale=0 wheel=105000 ffS=2500
2026-07-07T16:32:48.942+00:00 VCP SET_TARGET_RX steer=249859 wheel=105000
2026-07-07T16:32:49.046+00:00 VCP run=1 step=0 angle=251104 target=251059 err=-45 steer=2500 m1=784/39531 i1=198 t1=32 m2=-605/-32656 i2=-193 t2=31 steerMode=3438/3536 iSteer=2408 driveMode=36094/36252 iDrive=195258 scale=0 wheel=105000 ffS=2500
2026-07-07T16:32:49.150+00:00 VCP run=1 step=0 angle=252334 target=252559 err=225 steer=2500 m1=765/39531 i1=196 t1=32 m2=-616/-32656 i2=-134 t2=31 steerMode=3438/2979 iSteer=30757 driveMode=36094/37256 iDrive=165146 scale=0 wheel=105000 ffS=2500
2026-07-07T16:32:49.253+00:00 VCP run=1 step=0 angle=253828 target=254059 err=231 steer=2500 m1=772/39531 i1=123 t1=32 m2=-607/-32656 i2=-220 t2=31 steerMode=3438/4605 iSteer=-48505 driveMode=36094/37030 iDrive=171914 scale=0 wheel=105000 ffS=2500
2026-07-07T16:32:49.353+00:00 VCP run=1 step=0 angle=255234 target=255559 err=325 steer=2500 m1=744/39531 i1=200 t1=32 m2=-601/-32656 i2=-131 t2=31 steerMode=3438/2946 iSteer=34427 driveMode=36094/37233 iDrive=165817 scale=0 wheel=105000 ffS=2500
2026-07-07T16:32:49.353+00:00 VCP SET_TARGET_FF_RX steerRate=15000 wheelAccel=0
2026-07-07T16:32:49.453+00:00 VCP run=1 step=0 angle=256992 target=257059 err=67 steer=2500 m1=770/39531 i1=169 t1=32 m2=-601/-32656 i2=-166 t2=31 steerMode=3438/3592 iSteer=1763 driveMode=36094/37175 iDrive=167573 scale=0 wheel=105000 ffS=2500
2026-07-07T16:32:49.453+00:00 VCP SET_TARGET_RX steer=257358 wheel=105000
2026-07-07T16:32:49.557+00:00 VCP run=1 step=0 angle=258574 target=258558 err=-16 steer=2500 m1=759/39531 i1=172 t1=32 m2=-616/-32656 i2=-178 t2=31 steerMode=3438/3689 iSteer=-3068 driveMode=36094/36919 iDrive=175254 scale=0 wheel=105000 ffS=2500
2026-07-07T16:32:49.741+00:00 VCP run=1 step=0 angle=260244 target=260059 err=-185 steer=2500 m1=770/39531 i1=165 t1=32 m2=-641/-32656 i2=-192 t2=31 steerMode=3438/3874 iSteer=-13436 driveMode=36094/36804 iDrive=178698 scale=0 wheel=105000 ffS=2500
2026-07-07T16:32:49.741+00:00 VCP run=1 step=0 angle=261826 target=261558 err=-268 steer=2500 m1=770/39531 i1=178 t1=32 m2=-612/-32656 i2=-217 t2=31 steerMode=3438/3968 iSteer=-19461 driveMode=36094/36192 iDrive=197055 scale=0 wheel=105000 ffS=2500
2026-07-07T16:32:49.840+00:00 VCP run=1 step=0 angle=263320 target=188400 err=-74920 steer=-7700 m1=707/25506 i1=-483 t1=32 m2=-614/-46681 i2=-926 t2=31 steerMode=-10587/3538 iSteer=-704765 driveMode=36094/35407 iDrive=221600 scale=0 wheel=105000 ffS=2500
2026-07-07T16:32:49.840+00:00 VCP SET_TARGET_FF_RX steerRate=15000 wheelAccel=0
2026-07-07T16:32:49.939+00:00 VCP run=1 step=0 angle=252422 target=189900 err=-62522 steer=-40000 m1=-356/-18906 i1=-230 t1=32 m2=-1848/-91094 i2=-571 t2=31 steerMode=-55000/-48277 iSteer=-400431 driveMode=36094/37081 iDrive=170799 scale=0 wheel=105000 ffS=2500
2026-07-07T16:32:49.939+00:00 VCP SET_TARGET_RX steer=190200 wheel=105000
2026-07-07T16:32:50.041+00:00 VCP run=1 step=0 angle=227461 target=191401 err=-36060 steer=-40000 m1=-206/-18906 i1=-26 t1=32 m2=-1765/-91094 i2=-131 t2=31 steerMode=-55000/-54641 iSteer=-78369 driveMode=36094/40999 iDrive=52848 scale=0 wheel=105000 ffS=2500
2026-07-07T16:32:50.144+00:00 VCP run=1 step=0 angle=205928 target=192900 err=-13028 steer=-23555 m1=-86/3705 i1=816 t1=32 m2=-1614/-68483 i2=698 t2=31 steerMode=-32389/-48679 iSteer=756902 driveMode=36094/40789 iDrive=59145 scale=0 wheel=105000 ffS=2500
2026-07-07T16:32:50.247+00:00 VCP run=1 step=0 angle=197578 target=194400 err=-3178 steer=-3856 m1=659/30791 i1=163 t1=32 m2=-668/-41396 i2=-243 t2=31 steerMode=-5302/-4875 iSteer=-40180 driveMode=36094/35990 iDrive=203112 scale=0 wheel=105000 ffS=2500
2026-07-07T16:32:50.347+00:00 VCP run=1 step=0 angle=197402 target=195900 err=-1502 steer=-505 m1=684/35400 i1=237 t1=32 m2=-748/-36788 i2=-162 t2=31 steerMode=-694/-1880 iSteer=37376 driveMode=36094/36138 iDrive=199580 scale=0 wheel=105000 ffS=2500
2026-07-07T16:32:50.347+00:00 VCP SET_TARGET_FF_RX steerRate=15000 wheelAccel=0
2026-07-07T16:32:50.447+00:00 VCP run=1 step=0 angle=197314 target=197400 err=86 steer=2500 m1=770/39531 i1=210 t1=32 m2=-641/-32656 i2=-151 t2=31 steerMode=3438/2525 iSteer=29228 driveMode=36094/36750 iDrive=180534 scale=0 wheel=105000 ffS=2500
2026-07-07T16:32:50.447+00:00 VCP SET_TARGET_RX steer=198000 wheel=105000
2026-07-07T16:32:50.550+00:00 VCP run=1 step=0 angle=198721 target=198900 err=179 steer=2500 m1=774/39531 i1=179 t1=32 m2=-597/-32656 i2=-203 t2=31 steerMode=3438/3346 iSteer=-11791 driveMode=36094/36385 iDrive=191264 scale=0 wheel=105000 ffS=2500
2026-07-07T16:32:50.654+00:00 VCP run=1 step=0 angle=200039 target=200401 err=362 steer=2500 m1=755/39531 i1=185 t1=32 m2=-609/-32656 i2=-174 t2=31 steerMode=3438/3043 iSteer=5576 driveMode=36094/36791 iDrive=179081 scale=0 wheel=105000 ffS=2500
2026-07-07T16:32:50.782+00:00 VCP run=1 step=0 angle=201621 target=201901 err=280 steer=2500 m1=778/39531 i1=153 t1=32 m2=-614/-32656 i2=-178 t2=31 steerMode=3438/3422 iSteer=-12657 driveMode=36094/37240 iDrive=165624 scale=0 wheel=105000 ffS=2500
2026-07-07T16:32:50.782+00:00 VCP run=1 step=0 angle=203027 target=203400 err=373 steer=2500 m1=791/39531 i1=110 t1=32 m2=-622/-32656 i2=-206 t2=31 steerMode=3438/4189 iSteer=-48215 driveMode=36094/37489 iDrive=158156 scale=0 wheel=105000 ffS=2500
2026-07-07T16:32:50.862+00:00 VCP SET_TARGET_FF_RX steerRate=15000 wheelAccel=0
2026-07-07T16:32:50.862+00:00 VCP run=1 step=0 angle=204785 target=204901 err=116 steer=2500 m1=751/39531 i1=164 t1=32 m2=-601/-32656 i2=-204 t2=31 steerMode=3438/3631 iSteer=-19950 driveMode=36094/36640 iDrive=183621 scale=0 wheel=105000 ffS=2500
2026-07-07T16:32:51.039+00:00 VCP SET_TARGET_RX steer=205500 wheel=105000
2026-07-07T16:32:51.039+00:00 VCP run=1 step=0 angle=206016 target=206402 err=386 steer=2500 m1=765/39531 i1=176 t1=32 m2=-578/-32656 i2=-190 t2=31 steerMode=3438/3391 iSteer=-7223 driveMode=36094/36652 iDrive=183246 scale=0 wheel=105000 ffS=2500
2026-07-07T16:32:51.142+00:00 VCP run=1 step=0 angle=207773 target=207903 err=130 steer=2500 m1=774/39531 i1=174 t1=32 m2=-616/-32656 i2=-216 t2=31 steerMode=3438/3648 iSteer=-20779 driveMode=36094/36252 iDrive=195255 scale=0 wheel=105000 ffS=2500
2026-07-07T16:32:51.246+00:00 VCP run=1 step=0 angle=209355 target=209403 err=48 steer=2500 m1=734/39531 i1=174 t1=32 m2=-616/-32656 i2=-199 t2=31 steerMode=3438/3480 iSteer=-12626 driveMode=36094/36535 iDrive=186766 scale=0 wheel=105000 ffS=2500
2026-07-07T16:32:51.345+00:00 VCP run=1 step=0 angle=210762 target=210901 err=139 steer=2500 m1=742/39531 i1=177 t1=32 m2=-643/-32656 i2=-154 t2=31 steerMode=3438/3020 iSteer=11286 driveMode=36094/37235 iDrive=165769 scale=0 wheel=105000 ffS=2500
2026-07-07T16:32:51.345+00:00 VCP SET_TARGET_FF_RX steerRate=15000 wheelAccel=0
2026-07-07T16:32:51.445+00:00 VCP run=1 step=0 angle=212080 target=212400 err=320 steer=2500 m1=786/39531 i1=152 t1=32 m2=-620/-32656 i2=-198 t2=31 steerMode=3438/3752 iSteer=-23208 driveMode=36094/36935 iDrive=174764 scale=0 wheel=105000 ffS=2500
2026-07-07T16:32:51.445+00:00 VCP SET_TARGET_RX steer=213000 wheel=105000
2026-07-07T16:32:51.549+00:00 VCP run=1 step=0 angle=213750 target=213901 err=151 steer=2500 m1=761/39531 i1=135 t1=32 m2=-612/-32656 i2=-228 t2=31 steerMode=3438/4241 iSteer=-46531 driveMode=36094/36699 iDrive=181847 scale=0 wheel=105000 ffS=2500
2026-07-07T16:32:51.653+00:00 VCP run=1 step=0 angle=215332 target=215400 err=68 steer=2500 m1=759/39531 i1=181 t1=32 m2=-630/-32656 i2=-173 t2=31 steerMode=3438/3230 iSteer=3558 driveMode=36094/36859 iDrive=177035 scale=0 wheel=105000 ffS=2500
2026-07-07T16:32:51.756+00:00 VCP run=1 step=0 angle=217002 target=216900 err=-102 steer=2500 m1=736/39531 i1=192 t1=32 m2=-655/-32656 i2=-167 t2=31 steerMode=3438/3058 iSteer=12603 driveMode=36094/36775 iDrive=179573 scale=0 wheel=105000 ffS=2500
2026-07-07T16:32:51.756+00:00 VCP run=1 step=0 angle=218584 target=218402 err=-182 steer=2500 m1=757/39531 i1=177 t1=32 m2=-632/-32656 i2=-175 t2=31 steerMode=3438/3307 iSteer=1044 driveMode=36094/36907 iDrive=175613 scale=0 wheel=105000 ffS=2500
2026-07-07T16:32:51.856+00:00 VCP SET_TARGET_FF_RX steerRate=15000 wheelAccel=0
2026-07-07T16:32:51.956+00:00 VCP run=1 step=0 angle=219463 target=219900 err=437 steer=2500 m1=749/39531 i1=189 t1=32 m2=-632/-32656 i2=-174 t2=31 steerMode=3438/3192 iSteer=7809 driveMode=36094/36714 iDrive=181390 scale=0 wheel=105000 ffS=2500
2026-07-07T16:32:51.956+00:00 VCP SET_TARGET_RX steer=220500 wheel=105000
2026-07-07T16:32:52.141+00:00 VCP run=1 step=0 angle=221133 target=221402 err=269 steer=2500 m1=774/39531 i1=147 t1=32 m2=-622/-32656 i2=-227 t2=31 steerMode=3438/4166 iSteer=-40429 driveMode=36094/36525 iDrive=187056 scale=0 wheel=105000 ffS=2500
2026-07-07T16:32:52.141+00:00 VCP run=1 step=0 angle=222715 target=222901 err=186 steer=2500 m1=772/39531 i1=202 t1=32 m2=-637/-32656 i2=-185 t2=31 steerMode=3438/3189 iSteer=8338 driveMode=36094/36319 iDrive=193245 scale=0 wheel=105000 ffS=2500
2026-07-07T16:32:52.245+00:00 VCP run=1 step=0 angle=224297 target=224401 err=104 steer=2500 m1=759/39531 i1=179 t1=32 m2=-639/-32656 i2=-192 t2=31 steerMode=3438/3486 iSteer=-6370 driveMode=36094/36573 iDrive=185615 scale=0 wheel=105000 ffS=2500
2026-07-07T16:32:52.344+00:00 VCP run=1 step=0 angle=225791 target=225901 err=110 steer=2500 m1=744/39531 i1=197 t1=32 m2=-630/-32656 i2=-151 t2=31 steerMode=3438/2917 iSteer=22961 driveMode=36094/36956 iDrive=174119 scale=0 wheel=105000 ffS=2500
2026-07-07T16:32:52.344+00:00 VCP SET_TARGET_FF_RX steerRate=15000 wheelAccel=0
2026-07-07T16:32:52.444+00:00 VCP run=1 step=0 angle=227285 target=227401 err=116 steer=2500 m1=786/39531 i1=179 t1=32 m2=-620/-32656 i2=-173 t2=31 steerMode=3438/3328 iSteer=3356 driveMode=36094/36895 iDrive=175948 scale=0 wheel=105000 ffS=2500
2026-07-07T16:32:52.444+00:00 VCP SET_TARGET_RX steer=228001 wheel=105000
2026-07-07T16:32:52.548+00:00 VCP run=1 step=0 angle=228516 target=228900 err=384 steer=2500 m1=791/39531 i1=161 t1=32 m2=-681/-32656 i2=-148 t2=31 steerMode=3438/3275 iSteer=6673 driveMode=36094/37614 iDrive=154406 scale=0 wheel=105000 ffS=2500
2026-07-07T16:32:52.651+00:00 VCP run=1 step=0 angle=230186 target=230401 err=215 steer=2500 m1=797/39531 i1=118 t1=32 m2=-641/-32656 i2=-196 t2=31 steerMode=3438/4197 iSteer=-38664 driveMode=36094/37531 iDrive=156871 scale=0 wheel=105000 ffS=2500
2026-07-07T16:32:52.755+00:00 VCP run=1 step=0 angle=231680 target=231902 err=222 steer=2500 m1=759/39531 i1=194 t1=32 m2=-658/-32656 i2=-181 t2=31 steerMode=3438/3283 iSteer=6440 driveMode=36094/36504 iDrive=187688 scale=0 wheel=105000 ffS=2500
2026-07-07T16:32:52.855+00:00 VCP run=1 step=0 angle=233262 target=233402 err=140 steer=2500 m1=730/39531 i1=183 t1=32 m2=-591/-32656 i2=-232 t2=31 steerMode=3438/3902 iSteer=-24809 driveMode=36094/35848 iDrive=207401 scale=0 wheel=105000 ffS=2500
2026-07-07T16:32:52.855+00:00 VCP SET_TARGET_FF_RX steerRate=15000 wheelAccel=0
2026-07-07T16:32:52.955+00:00 VCP run=1 step=0 angle=234756 target=234900 err=144 steer=2500 m1=740/39531 i1=209 t1=32 m2=-601/-32656 i2=-221 t2=31 steerMode=3438/3504 iSteer=-5896 driveMode=36094/35628 iDrive=214758 scale=0 wheel=105000 ffS=2500
2026-07-07T16:32:52.955+00:00 VCP SET_TARGET_RX steer=235500 wheel=105000
2026-07-07T16:32:53.140+00:00 VCP run=1 step=0 angle=236514 target=236401 err=-113 steer=2500 m1=757/39531 i1=172 t1=32 m2=-605/-32656 i2=-243 t2=31 steerMode=3438/4058 iSteer=-35235 driveMode=36094/35895 iDrive=207483 scale=0 wheel=105000 ffS=2500
2026-07-07T16:32:53.140+00:00 VCP run=1 step=0 angle=238008 target=237901 err=-107 steer=2500 m1=755/39531 i1=200 t1=32 m2=-597/-32656 i2=-201 t2=31 steerMode=3438/3351 iSteer=-655 driveMode=36094/36123 iDrive=200668 scale=0 wheel=105000 ffS=2500
2026-07-07T16:32:53.243+00:00 VCP run=1 step=0 angle=239590 target=239401 err=-189 steer=2500 m1=757/39531 i1=195 t1=32 m2=-628/-32656 i2=-174 t2=31 steerMode=3438/3154 iSteer=10611 driveMode=36094/36622 iDrive=184710 scale=0 wheel=105000 ffS=2500
2026-07-07T16:32:53.343+00:00 VCP run=1 step=0 angle=241172 target=240902 err=-270 steer=2500 m1=788/39531 i1=194 t1=32 m2=-637/-32656 i2=-169 t2=31 steerMode=3438/3119 iSteer=12941 driveMode=36094/36712 iDrive=181454 scale=0 wheel=105000 ffS=2500
2026-07-07T16:32:53.343+00:00 VCP SET_TARGET_FF_RX steerRate=15000 wheelAccel=0
2026-07-07T16:32:53.443+00:00 VCP run=1 step=0 angle=242490 target=242401 err=-89 steer=2500 m1=767/39531 i1=188 t1=32 m2=-630/-32656 i2=-166 t2=31 steerMode=3438/3172 iSteer=10938 driveMode=36094/36854 iDrive=177204 scale=0 wheel=105000 ffS=2500
2026-07-07T16:32:53.443+00:00 VCP SET_TARGET_RX steer=243000 wheel=105000
2026-07-07T16:32:53.546+00:00 VCP run=1 step=0 angle=244072 target=243901 err=-171 steer=2500 m1=797/39531 i1=188 t1=32 m2=-660/-32656 i2=-155 t2=31 steerMode=3438/3063 iSteer=16613 driveMode=36094/37037 iDrive=171717 scale=0 wheel=105000 ffS=2500
2026-07-07T16:32:53.650+00:00 VCP run=1 step=0 angle=245303 target=245401 err=98 steer=2500 m1=784/39531 i1=181 t1=32 m2=-618/-32656 i2=-167 t2=31 steerMode=3438/3267 iSteer=7035 driveMode=36094/36958 iDrive=174058 scale=0 wheel=105000 ffS=2500
2026-07-07T16:32:53.754+00:00 VCP run=1 step=0 angle=246709 target=246901 err=192 steer=2500 m1=784/39531 i1=192 t1=32 m2=-651/-32656 i2=-182 t2=31 steerMode=3438/3328 iSteer=5296 driveMode=36094/36532 iDrive=186841 scale=0 wheel=105000 ffS=2500
2026-07-07T16:32:53.854+00:00 VCP run=1 step=0 angle=248291 target=248403 err=112 steer=2500 m1=782/39531 i1=186 t1=32 m2=-599/-32656 i2=-191 t2=31 steerMode=3438/3495 iSteer=-2402 driveMode=36094/36478 iDrive=188472 scale=0 wheel=105000 ffS=2500
2026-07-07T16:32:53.854+00:00 VCP SET_TARGET_FF_RX steerRate=15000 wheelAccel=0
2026-07-07T16:32:53.954+00:00 VCP run=1 step=0 angle=249785 target=249900 err=115 steer=2500 m1=784/39531 i1=182 t1=32 m2=-643/-32656 i2=-189 t2=31 steerMode=3438/3516 iSteer=-3618 driveMode=36094/36584 iDrive=185295 scale=0 wheel=105000 ffS=2500
2026-07-07T16:32:53.954+00:00 VCP SET_TARGET_RX steer=250500 wheel=105000
2026-07-07T16:32:54.139+00:00 VCP run=1 step=0 angle=251279 target=251401 err=122 steer=2500 m1=788/39531 i1=175 t1=32 m2=-679/-32656 i2=-175 t2=31 steerMode=3438/3444 iSteer=-257 driveMode=36094/36934 iDrive=174802 scale=0 wheel=105000 ffS=2500
2026-07-07T16:32:54.139+00:00 VCP run=1 step=0 angle=252773 target=252901 err=128 steer=2500 m1=780/39531 i1=171 t1=32 m2=-618/-32656 i2=-202 t2=31 steerMode=3438/3729 iSteer=-15133 driveMode=36094/36547 iDrive=186404 scale=0 wheel=105000 ffS=2500
2026-07-07T16:32:54.242+00:00 VCP run=1 step=0 angle=254004 target=254400 err=396 steer=2500 m1=759/39531 i1=202 t1=32 m2=-676/-32656 i2=-162 t2=31 steerMode=3438/3037 iSteer=20379 driveMode=36094/36691 iDrive=182084 scale=0 wheel=105000 ffS=2500
2026-07-07T16:32:54.342+00:00 VCP run=1 step=0 angle=255586 target=255900 err=314 steer=2500 m1=788/39531 i1=148 t1=32 m2=-563/-32656 i2=-234 t2=31 steerMode=3438/4363 iSteer=-43198 driveMode=36094/36391 iDrive=191075 scale=0 wheel=105000 ffS=2500
2026-07-07T16:32:54.342+00:00 VCP SET_TARGET_FF_RX steerRate=15000 wheelAccel=0
2026-07-07T16:32:54.442+00:00 VCP run=1 step=0 angle=257432 target=257400 err=-32 steer=2500 m1=765/39531 i1=195 t1=32 m2=-609/-32656 i2=-177 t2=31 steerMode=3438/3323 iSteer=9016 driveMode=36094/36554 iDrive=186194 scale=0 wheel=105000 ffS=2500
2026-07-07T16:32:54.442+00:00 VCP SET_TARGET_RX steer=258001 wheel=105000
2026-07-07T16:32:54.546+00:00 VCP run=1 step=0 angle=259102 target=258901 err=-201 steer=2500 m1=780/39531 i1=164 t1=32 m2=-670/-32656 i2=-187 t2=31 steerMode=3438/3718 iSteer=-11728 driveMode=36094/36919 iDrive=175241 scale=0 wheel=105000 ffS=2500
2026-07-07T16:32:54.649+00:00 VCP run=1 step=0 angle=260771 target=260401 err=-370 steer=2500 m1=763/39531 i1=190 t1=32 m2=-584/-32656 i2=-212 t2=31 steerMode=3438/3698 iSteer=-11454 driveMode=36094/36061 iDrive=200982 scale=0 wheel=105000 ffS=2500
2026-07-07T16:32:54.752+00:00 VCP run=1 step=0 angle=262266 target=261901 err=-365 steer=2500 m1=736/39531 i1=199 t1=32 m2=-622/-32656 i2=-217 t2=31 steerMode=3438/3619 iSteer=-9296 driveMode=36094/35844 iDrive=207904 scale=0 wheel=105000 ffS=2500
2026-07-07T16:32:54.852+00:00 VCP run=1 step=0 angle=263496 target=263402 err=-94 steer=2500 m1=770/39531 i1=208 t1=32 m2=-607/-32656 i2=-187 t2=31 steerMode=3438/3226 iSteer=10612 driveMode=36094/36189 iDrive=197831 scale=0 wheel=105000 ffS=2500
2026-07-07T16:32:54.852+00:00 VCP SET_TARGET_FF_RX steerRate=15000 wheelAccel=0
2026-07-07T16:32:54.950+00:00 VCP run=1 step=0 angle=260859 target=233001 err=-27858 steer=-40000 m1=-97/-18906 i1=-1358 t1=32 m2=-1501/-91094 i2=-1690 t2=31 steerMode=-55000/-25602 iSteer=-1523936 driveMode=36094/37215 iDrive=166349 scale=0 wheel=105000 ffS=2500
2026-07-07T16:32:54.951+00:00 VCP SET_TARGET_RX steer=233600 wheel=105000
2026-07-07T16:32:55.053+00:00 VCP run=1 step=0 angle=238184 target=234503 err=-3681 steer=-4861 m1=439/29410 i1=1448 t1=32 m2=-1095/-42778 i2=1339 t2=31 steerMode=-6684/-34802 iSteer=1393154 driveMode=36094/40944 iDrive=54505 scale=0 wheel=105000 ffS=2500
2026-07-07T16:32:55.238+00:00 VCP run=1 step=0 angle=239941 target=236002 err=-3939 steer=-5379 m1=613/28698 i1=-249 t1=32 m2=-737/-43490 i2=-673 t2=31 steerMode=-7396/1463 iSteer=-461345 driveMode=36094/35701 iDrive=212037 scale=0 wheel=105000 ffS=2500
2026-07-07T16:32:55.238+00:00 VCP run=1 step=0 angle=237393 target=237501 err=108 steer=2500 m1=770/39531 i1=483 t1=32 m2=-672/-32656 i2=96 t2=31 steerMode=3438/-2462 iSteer=289463 driveMode=36094/36350 iDrive=193171 scale=0 wheel=105000 ffS=2500
2026-07-07T16:32:55.285+00:00 VCP run=1 step=0 angle=239502 target=239000 err=-502 steer=1496 m1=772/38151 i1=-2 t1=32 m2=-586/-34037 i2=-358 t2=31 steerMode=2057/5490 iSteer=-180022 driveMode=36094/36839 iDrive=177653 scale=0 wheel=105000 ffS=2500
2026-07-07T16:32:55.437+00:00 VCP SET_TARGET_FF_RX steerRate=15000 wheelAccel=0
2026-07-07T16:32:55.437+00:00 VCP run=1 step=0 angle=240469 target=240500 err=31 steer=2500 m1=747/39531 i1=222 t1=32 m2=-647/-32656 i2=-168 t2=31 steerMode=3438/2764 iSteer=26698 driveMode=36094/36264 iDrive=194902 scale=0 wheel=105000 ffS=2500
2026-07-07T16:32:55.437+00:00 VCP SET_TARGET_RX steer=241101 wheel=105000
2026-07-07T16:32:55.541+00:00 VCP run=1 step=0 angle=242402 target=242002 err=-400 steer=2500 m1=759/39531 i1=161 t1=32 m2=-620/-32656 i2=-266 t2=31 steerMode=3438/4316 iSteer=-52364 driveMode=36094/35660 iDrive=213508 scale=0 wheel=105000 ffS=2500
2026-07-07T16:32:55.644+00:00 VCP run=1 step=0 angle=243896 target=243501 err=-395 steer=2500 m1=724/39531 i1=192 t1=32 m2=-607/-32656 i2=-181 t2=31 steerMode=3438/3163 iSteer=5086 driveMode=36094/36557 iDrive=186427 scale=0 wheel=105000 ffS=2500
2026-07-07T16:32:55.748+00:00 VCP run=1 step=0 angle=245215 target=245001 err=-214 steer=2500 m1=784/39531 i1=166 t1=32 m2=-620/-32656 i2=-162 t2=31 steerMode=3438/3240 iSteer=1703 driveMode=36094/37298 iDrive=163878 scale=0 wheel=105000 ffS=2500
2026-07-07T16:32:55.848+00:00 VCP run=1 step=0 angle=246621 target=246501 err=-120 steer=2500 m1=774/39531 i1=168 t1=32 m2=-624/-32656 i2=-147 t2=31 steerMode=3438/3084 iSteer=10384 driveMode=36094/37513 iDrive=157417 scale=0 wheel=105000 ffS=2500
2026-07-07T16:32:55.848+00:00 VCP SET_TARGET_FF_RX steerRate=15000 wheelAccel=0
2026-07-07T16:32:55.948+00:00 VCP run=1 step=0 angle=248027 target=248001 err=-26 steer=2500 m1=774/39531 i1=163 t1=32 m2=-716/-32656 i2=-161 t2=31 steerMode=3438/3276 iSteer=1153 driveMode=36094/37363 iDrive=161930 scale=0 wheel=105000 ffS=2500
2026-07-07T16:32:55.948+00:00 VCP SET_TARGET_RX steer=248601 wheel=105000
2026-07-07T16:32:56.051+00:00 VCP run=1 step=0 angle=249258 target=249501 err=243 steer=2500 m1=761/39531 i1=181 t1=32 m2=-632/-32656 i2=-180 t2=31 steerMode=3438/3310 iSteer=434 driveMode=36094/36741 iDrive=180572 scale=0 wheel=105000 ffS=2500
2026-07-07T16:32:56.155+00:00 VCP run=1 step=0 angle=251016 target=251001 err=-15 steer=2500 m1=765/39531 i1=167 t1=32 m2=-647/-32656 i2=-188 t2=31 steerMode=3438/3536 iSteer=-10666 driveMode=36094/36836 iDrive=177720 scale=0 wheel=105000 ffS=2500
2026-07-07T16:32:56.283+00:00 VCP run=1 step=0 angle=252686 target=252501 err=-185 steer=2500 m1=730/39531 i1=160 t1=32 m2=-593/-32656 i2=-226 t2=31 steerMode=3438/3969 iSteer=-33214 driveMode=36094/36335 iDrive=192769 scale=0 wheel=105000 ffS=2500
2026-07-07T16:32:56.283+00:00 VCP run=1 step=0 angle=254707 target=254001 err=-706 steer=1088 m1=740/37590 i1=91 t1=32 m2=-597/-34598 i2=-352 t2=31 steerMode=1496/3918 iSteer=-130359 driveMode=36094/35410 iDrive=221340 scale=0 wheel=105000 ffS=2500
2026-07-07T16:32:56.363+00:00 VCP SET_TARGET_FF_RX steerRate=15000 wheelAccel=0
2026-07-07T16:32:56.363+00:00 VCP run=1 step=0 angle=255674 target=255501 err=-173 steer=2500 m1=749/39531 i1=215 t1=32 m2=-628/-32656 i2=-222 t2=31 steerMode=3438/3308 iSteer=-3654 driveMode=36094/35553 iDrive=218408 scale=0 wheel=105000 ffS=2500
2026-07-07T16:32:56.539+00:00 VCP SET_TARGET_RX steer=256101 wheel=105000
2026-07-07T16:32:56.539+00:00 VCP run=1 step=0 angle=257168 target=257001 err=-167 steer=2500 m1=749/39531 i1=188 t1=32 m2=-637/-32656 i2=-227 t2=31 steerMode=3438/3606 iSteer=-19373 driveMode=36094/35921 iDrive=207803 scale=0 wheel=105000 ffS=2500
2026-07-07T16:32:56.643+00:00 VCP run=1 step=0 angle=258838 target=258503 err=-335 steer=2500 m1=780/39531 i1=180 t1=32 m2=-649/-32656 i2=-195 t2=31 steerMode=3438/3375 iSteer=-7308 driveMode=36094/36588 iDrive=187365 scale=0 wheel=105000 ffS=2500
2026-07-07T16:32:56.746+00:00 VCP run=1 step=0 angle=260068 target=260001 err=-67 steer=2500 m1=776/39531 i1=189 t1=32 m2=-641/-32656 i2=-155 t2=31 steerMode=3438/2899 iSteer=17324 driveMode=36094/37051 iDrive=171921 scale=0 wheel=105000 ffS=2500
2026-07-07T16:32:56.846+00:00 VCP run=1 step=0 angle=261563 target=261502 err=-60 steer=2500 m1=793/39531 i1=173 t1=32 m2=-605/-32656 i2=-194 t2=31 steerMode=3438/3472 iSteer=-10373 driveMode=36094/36649 iDrive=183346 scale=0 wheel=105000 ffS=2500
2026-07-07T16:32:56.846+00:00 VCP SET_TARGET_FF_RX steerRate=15000 wheelAccel=0
2026-07-07T16:32:56.946+00:00 VCP run=1 step=0 angle=263145 target=263001 err=-144 steer=2500 m1=761/39531 i1=193 t1=32 m2=-666/-32656 i2=-180 t2=31 steerMode=3438/3146 iSteer=6399 driveMode=36094/36541 iDrive=186575 scale=0 wheel=105000 ffS=2500
2026-07-07T16:32:56.946+00:00 VCP SET_TARGET_RX steer=263900 wheel=105000
2026-07-07T16:32:57.050+00:00 VCP run=1 step=0 angle=264375 target=264503 err=128 steer=2500 m1=784/39531 i1=174 t1=32 m2=-632/-32656 i2=-161 t2=31 steerMode=3438/3151 iSteer=6788 driveMode=36094/37175 iDrive=167554 scale=0 wheel=105000 ffS=2500
2026-07-07T16:32:57.153+00:00 VCP run=1 step=0 angle=265693 target=266000 err=307 steer=2500 m1=772/39531 i1=147 t1=32 m2=-637/-32656 i2=-187 t2=31 steerMode=3438/3698 iSteer=-19686 driveMode=36094/37198 iDrive=166885 scale=0 wheel=105000 ffS=2500
2026-07-07T16:32:57.282+00:00 VCP run=1 step=0 angle=267188 target=267501 err=314 steer=2500 m1=776/39531 i1=175 t1=32 m2=-605/-32656 i2=-212 t2=31 steerMode=3438/3674 iSteer=-18829 driveMode=36094/36306 iDrive=193640 scale=0 wheel=105000 ffS=2500
2026-07-07T16:32:57.282+00:00 VCP run=1 step=0 angle=268770 target=269000 err=230 steer=2500 m1=726/39531 i1=196 t1=32 m2=-647/-32656 i2=-208 t2=31 steerMode=3438/3419 iSteer=-6098 driveMode=36094/36032 iDrive=202186 scale=0 wheel=105000 ffS=2500
2026-07-07T16:32:57.382+00:00 VCP SET_TARGET_FF_RX steerRate=15000 wheelAccel=0
2026-07-07T16:32:57.382+00:00 VCP run=1 step=0 angle=270264 target=270501 err=237 steer=2500 m1=761/39531 i1=181 t1=32 m2=-635/-32656 i2=-194 t2=31 steerMode=3438/3442 iSteer=-6444 driveMode=36094/36517 iDrive=187293 scale=0 wheel=105000 ffS=2500
2026-07-07T16:32:57.538+00:00 VCP SET_TARGET_RX steer=271401 wheel=105000
2026-07-07T16:32:57.538+00:00 VCP run=1 step=0 angle=271494 target=272001 err=507 steer=3514 m1=740/40925 i1=254 t1=32 m2=-607/-31262 i2=-101 t2=31 steerMode=4831/3205 iSteer=76306 driveMode=36094/36836 iDrive=177724 scale=0 wheel=105000 ffS=2500
2026-07-07T16:32:57.641+00:00 VCP run=1 step=0 angle=273428 target=273501 err=73 steer=2500 m1=742/39531 i1=161 t1=32 m2=-614/-32656 i2=-210 t2=31 steerMode=3438/3814 iSteer=-24720 driveMode=36094/36580 iDrive=185420 scale=0 wheel=105000 ffS=2500
2026-07-07T16:32:57.745+00:00 VCP run=1 step=0 angle=274834 target=275001 err=167 steer=2500 m1=761/39531 i1=190 t1=32 m2=-645/-32656 i2=-233 t2=31 steerMode=3438/3740 iSteer=-21444 driveMode=36094/35729 iDrive=211098 scale=0 wheel=105000 ffS=2500
2026-07-07T16:32:57.844+00:00 VCP run=1 step=0 angle=276328 target=276501 err=173 steer=2500 m1=747/39531 i1=190 t1=32 m2=-624/-32656 i2=-202 t2=31 steerMode=3438/3431 iSteer=-6096 driveMode=36094/36242 iDrive=195790 scale=0 wheel=105000 ffS=2500
2026-07-07T16:32:57.844+00:00 VCP SET_TARGET_FF_RX steerRate=15000 wheelAccel=0
2026-07-07T16:32:57.944+00:00 VCP run=1 step=0 angle=277734 target=278001 err=267 steer=2500 m1=742/39531 i1=213 t1=32 m2=-618/-32656 i2=-182 t2=31 steerMode=3438/3001 iSteer=15663 driveMode=36094/36187 iDrive=197430 scale=0 wheel=105000 ffS=2500
2026-07-07T16:32:57.944+00:00 VCP SET_TARGET_RX steer=278901 wheel=105000
2026-07-07T16:32:58.048+00:00 VCP run=1 step=0 angle=279492 target=279501 err=9 steer=2500 m1=717/39531 i1=196 t1=32 m2=-603/-32656 i2=-223 t2=31 steerMode=3438/3603 iSteer=-13280 driveMode=36094/35790 iDrive=209393 scale=0 wheel=105000 ffS=2500
2026-07-07T16:32:58.152+00:00 VCP run=1 step=0 angle=280898 target=281001 err=103 steer=2500 m1=753/39531 i1=220 t1=32 m2=-607/-32656 i2=-242 t2=31 steerMode=3438/3549 iSteer=-11248 driveMode=36094/35117 iDrive=231002 scale=0 wheel=105000 ffS=2500
2026-07-07T16:32:58.255+00:00 VCP run=1 step=0 angle=282568 target=282502 err=-66 steer=2500 m1=744/39531 i1=197 t1=32 m2=-614/-32656 i2=-253 t2=31 steerMode=3438/3871 iSteer=-28040 driveMode=36094/35359 iDrive=225229 scale=0 wheel=105000 ffS=2500
2026-07-07T16:32:58.355+00:00 VCP run=1 step=0 angle=284238 target=284001 err=-237 steer=2500 m1=740/39531 i1=197 t1=32 m2=-614/-32656 i2=-215 t2=31 steerMode=3438/3483 iSteer=-9111 driveMode=36094/36001 iDrive=206371 scale=0 wheel=105000 ffS=2500
2026-07-07T16:32:58.355+00:00 VCP SET_TARGET_FF_RX steerRate=15000 wheelAccel=0
2026-07-07T16:32:58.455+00:00 VCP run=1 step=0 angle=285820 target=285501 err=-319 steer=2500 m1=767/39531 i1=179 t1=32 m2=-599/-32656 i2=-195 t2=31 steerMode=3438/3458 iSteer=-7763 driveMode=36094/36630 iDrive=187114 scale=0 wheel=105000 ffS=2500
2026-07-07T16:32:58.455+00:00 VCP SET_TARGET_RX steer=286401 wheel=105000
2026-07-07T16:32:58.640+00:00 VCP run=1 step=0 angle=287314 target=287000 err=-314 steer=2500 m1=763/39531 i1=179 t1=32 m2=-643/-32656 i2=-153 t2=31 steerMode=3438/3052 iSteer=12889 driveMode=36094/37290 iDrive=165680 scale=0 wheel=105000 ffS=2500
2026-07-07T16:32:58.640+00:00 VCP run=1 step=0 angle=288897 target=288500 err=-396 steer=2500 m1=751/39531 i1=172 t1=32 m2=-653/-32656 i2=-172 t2=31 steerMode=3438/3325 iSteer=-236 driveMode=36094/37032 iDrive=171860 scale=0 wheel=105000 ffS=2500
2026-07-07T16:32:58.743+00:00 VCP run=1 step=0 angle=290303 target=290002 err=-301 steer=2500 m1=757/39531 i1=168 t1=32 m2=-599/-32656 i2=-212 t2=31 steerMode=3438/3756 iSteer=-22082 driveMode=36094/36432 iDrive=189851 scale=0 wheel=105000 ffS=2500
2026-07-07T16:32:58.842+00:00 VCP run=1 step=0 angle=291709 target=291500 err=-209 steer=2500 m1=753/39531 i1=186 t1=32 m2=-624/-32656 i2=-192 t2=31 steerMode=3438/3359 iSteer=-2967 driveMode=36094/36462 iDrive=188949 scale=0 wheel=105000 ffS=2500
2026-07-07T16:32:58.843+00:00 VCP SET_TARGET_FF_RX steerRate=15000 wheelAccel=0
2026-07-07T16:32:58.942+00:00 VCP run=1 step=0 angle=293027 target=293001 err=-26 steer=2500 m1=753/39531 i1=171 t1=32 m2=-660/-32656 i2=-207 t2=31 steerMode=3438/3659 iSteer=-18181 driveMode=36094/36463 iDrive=188925 scale=0 wheel=105000 ffS=2500
2026-07-07T16:32:58.943+00:00 VCP SET_TARGET_RX steer=293901 wheel=105000
2026-07-07T16:32:59.046+00:00 VCP run=1 step=0 angle=294522 target=294501 err=-20 steer=2500 m1=770/39531 i1=188 t1=32 m2=-572/-32656 i2=-207 t2=31 steerMode=3438/3476 iSteer=-9382 driveMode=36094/36180 iDrive=197426 scale=0 wheel=105000 ffS=2500
2026-07-07T16:32:59.150+00:00 VCP run=1 step=0 angle=296016 target=296001 err=-15 steer=2500 m1=724/39531 i1=190 t1=32 m2=-620/-32656 i2=-229 t2=31 steerMode=3438/3675 iSteer=-19493 driveMode=36094/35795 iDrive=209457 scale=0 wheel=105000 ffS=2500
2026-07-07T16:32:59.253+00:00 VCP run=1 step=0 angle=297422 target=297500 err=78 steer=2500 m1=778/39531 i1=167 t1=32 m2=-584/-32656 i2=-205 t2=31 steerMode=3438/3658 iSteer=-18929 driveMode=36094/36558 iDrive=186320 scale=0 wheel=105000 ffS=2500
2026-07-07T16:32:59.353+00:00 VCP run=1 step=0 angle=298916 target=299001 err=85 steer=2500 m1=759/39531 i1=164 t1=32 m2=-643/-32656 i2=-227 t2=31 steerMode=3438/3895 iSteer=-31494 driveMode=36094/36233 iDrive=195835 scale=0 wheel=105000 ffS=2500
2026-07-07T16:32:59.353+00:00 VCP SET_TARGET_FF_RX steerRate=15000 wheelAccel=0
2026-07-07T16:32:59.453+00:00 VCP run=1 step=0 angle=300498 target=300500 err=2 steer=2500 m1=753/39531 i1=184 t1=32 m2=-628/-32656 i2=-206 t2=31 steerMode=3438/3468 iSteer=-10936 driveMode=36094/36261 iDrive=194994 scale=0 wheel=105000 ffS=2500
2026-07-07T16:32:59.453+00:00 VCP SET_TARGET_RX steer=301402 wheel=105000
2026-07-07T16:32:59.638+00:00 VCP run=1 step=0 angle=301816 target=302003 err=187 steer=2500 m1=782/39531 i1=183 t1=32 m2=-595/-32656 i2=-198 t2=31 steerMode=3438/3396 iSteer=-7414 driveMode=36094/36406 iDrive=190629 scale=0 wheel=105000 ffS=2500
2026-07-07T16:32:59.638+00:00 VCP run=1 step=0 angle=303486 target=303501 err=15 steer=2500 m1=740/39531 i1=196 t1=32 m2=-683/-32656 i2=-178 t2=31 steerMode=3438/3074 iSteer=8919 driveMode=36094/36513 iDrive=187408 scale=0 wheel=105000 ffS=2500
2026-07-07T16:32:59.742+00:00 VCP run=1 step=0 angle=305068 target=305001 err=-67 steer=2500 m1=740/39531 i1=169 t1=32 m2=-624/-32656 i2=-200 t2=31 steerMode=3438/3566 iSteer=-15539 driveMode=36094/36605 iDrive=184677 scale=0 wheel=105000 ffS=2500
2026-07-07T16:32:59.841+00:00 VCP run=1 step=0 angle=306650 target=306501 err=-149 steer=2500 m1=734/39531 i1=179 t1=32 m2=-603/-32656 i2=-228 t2=31 steerMode=3438/3733 iSteer=-24706 driveMode=36094/35973 iDrive=203665 scale=0 wheel=105000 ffS=2500
2026-07-07T16:32:59.841+00:00 VCP SET_TARGET_FF_RX steerRate=15000 wheelAccel=0
2026-07-07T16:32:59.941+00:00 VCP run=1 step=0 angle=308320 target=308000 err=-320 steer=2500 m1=738/39531 i1=181 t1=32 m2=-572/-32656 i2=-243 t2=31 steerMode=3438/3840 iSteer=-31254 driveMode=36094/35716 iDrive=211828 scale=0 wheel=105000 ffS=2500
2026-07-07T16:32:59.941+00:00 VCP SET_TARGET_RX steer=308901 wheel=105000
2026-07-07T16:33:00.044+00:00 VCP run=1 step=0 angle=310078 target=309501 err=-577 steer=1346 m1=728/37944 i1=115 t1=32 m2=-645/-34243 i2=-324 t2=31 steerMode=1850/3702 iSteer=-104544 driveMode=36094/35471 iDrive=219821 scale=0 wheel=105000 ffS=2500
2026-07-07T16:33:00.148+00:00 VCP run=1 step=0 angle=311397 target=311000 err=-396 steer=2500 m1=755/39531 i1=205 t1=32 m2=-570/-32656 i2=-202 t2=31 steerMode=3438/3176 iSteer=1690 driveMode=36094/36020 iDrive=203707 scale=0 wheel=105000 ffS=2500
2026-07-07T16:33:00.252+00:00 VCP run=1 step=0 angle=312979 target=312501 err=-478 steer=2500 m1=776/39531 i1=185 t1=32 m2=-647/-32656 i2=-169 t2=31 steerMode=3438/3039 iSteer=8479 driveMode=36094/36890 iDrive=176999 scale=0 wheel=105000 ffS=2500
2026-07-07T16:33:00.351+00:00 VCP run=1 step=0 angle=314561 target=314002 err=-559 steer=1383 m1=761/37995 i1=113 t1=32 m2=-624/-34192 i2=-246 t2=31 steerMode=1902/2987 iSteer=-66380 driveMode=36094/36790 iDrive=179127 scale=0 wheel=105000 ffS=2500
2026-07-07T16:33:00.351+00:00 VCP SET_TARGET_FF_RX steerRate=15000 wheelAccel=0
2026-07-07T16:33:00.451+00:00 VCP run=1 step=0 angle=315527 target=315500 err=-27 steer=2500 m1=788/39531 i1=188 t1=32 m2=-668/-32656 i2=-159 t2=31 steerMode=3438/2945 iSteer=14623 driveMode=36094/36987 iDrive=173191 scale=0 wheel=105000 ffS=2500
2026-07-07T16:33:00.451+00:00 VCP SET_TARGET_RX steer=316400 wheel=105000
2026-07-07T16:33:00.555+00:00 VCP run=1 step=0 angle=316758 target=317001 err=243 steer=2500 m1=761/39531 i1=180 t1=32 m2=-658/-32656 i2=-172 t2=31 steerMode=3438/3166 iSteer=3902 driveMode=36094/36883 iDrive=176335 scale=0 wheel=105000 ffS=2500
2026-07-07T16:33:00.740+00:00 VCP run=1 step=0 angle=318164 target=318501 err=337 steer=2500 m1=738/39531 i1=178 t1=32 m2=-616/-32656 i2=-210 t2=31 steerMode=3438/3568 iSteer=-16210 driveMode=36094/36301 iDrive=193769 scale=0 wheel=105000 ffS=2500
2026-07-07T16:33:00.740+00:00 VCP run=1 step=0 angle=319746 target=320001 err=255 steer=2500 m1=747/39531 i1=187 t1=32 m2=-639/-32656 i2=-192 t2=31 steerMode=3438/3301 iSteer=-2572 driveMode=36094/36455 iDrive=189166 scale=0 wheel=105000 ffS=2500
2026-07-07T16:33:00.839+00:00 VCP run=1 step=0 angle=321240 target=321501 err=261 steer=2500 m1=719/39531 i1=192 t1=32 m2=-589/-32656 i2=-213 t2=31 steerMode=3438/3466 iSteer=-10401 driveMode=36094/36014 iDrive=202405 scale=0 wheel=105000 ffS=2500
2026-07-07T16:33:00.839+00:00 VCP SET_TARGET_FF_RX steerRate=15000 wheelAccel=0
2026-07-07T16:33:00.939+00:00 VCP run=1 step=0 angle=322559 target=323000 err=441 steer=2500 m1=767/39531 i1=178 t1=32 m2=-620/-32656 i2=-220 t2=31 steerMode=3438/3705 iSteer=-21079 driveMode=36094/36153 iDrive=198599 scale=0 wheel=105000 ffS=2500
2026-07-07T16:33:00.939+00:00 VCP SET_TARGET_RX steer=323903 wheel=105000
2026-07-07T16:33:01.043+00:00 VCP run=1 step=0 angle=324053 target=324502 err=449 steer=2500 m1=742/39531 i1=176 t1=32 m2=-574/-32656 i2=-216 t2=31 steerMode=3438/3694 iSteer=-20130 driveMode=36094/36225 iDrive=196061 scale=0 wheel=105000 ffS=2500
2026-07-07T16:33:01.146+00:00 VCP run=1 step=0 angle=325723 target=326001 err=278 steer=2500 m1=759/39531 i1=181 t1=32 m2=-607/-32656 i2=-238 t2=31 steerMode=3438/3883 iSteer=-28330 driveMode=36094/35779 iDrive=209612 scale=0 wheel=105000 ffS=2500
2026-07-07T16:33:01.250+00:00 VCP run=1 step=0 angle=327217 target=327500 err=283 steer=2500 m1=728/39531 i1=237 t1=32 m2=-643/-32656 i2=-200 t2=31 steerMode=3438/2947 iSteer=18149 driveMode=36094/35529 iDrive=218357 scale=0 wheel=105000 ffS=2500
2026-07-07T16:33:01.349+00:00 VCP run=1 step=0 angle=328711 target=329001 err=290 steer=2500 m1=774/39531 i1=189 t1=32 m2=-664/-32656 i2=-195 t2=31 steerMode=3438/3406 iSteer=-3146 driveMode=36094/36410 iDrive=192055 scale=0 wheel=105000 ffS=2500
2026-07-07T16:33:01.349+00:00 VCP SET_TARGET_FF_RX steerRate=15000 wheelAccel=0
2026-07-07T16:33:01.449+00:00 VCP run=1 step=0 angle=330381 target=330501 err=120 steer=2500 m1=747/39531 i1=221 t1=32 m2=-630/-32656 i2=-188 t2=31 steerMode=3438/3033 iSteer=16341 driveMode=36094/35969 iDrive=204822 scale=0 wheel=105000 ffS=2500
2026-07-07T16:33:01.450+00:00 VCP SET_TARGET_RX steer=331401 wheel=105000
2026-07-07T16:33:01.553+00:00 VCP run=1 step=0 angle=331875 target=332001 err=126 steer=2500 m1=744/39531 i1=190 t1=32 m2=-582/-32656 i2=-209 t2=31 steerMode=3438/3569 iSteer=-9645 driveMode=36094/36144 iDrive=199558 scale=0 wheel=105000 ffS=2500
2026-07-07T16:33:01.738+00:00 VCP run=1 step=0 angle=333193 target=333500 err=307 steer=2500 m1=767/39531 i1=197 t1=32 m2=-614/-32656 i2=-205 t2=31 steerMode=3438/3442 iSteer=-3740 driveMode=36094/36092 iDrive=201062 scale=0 wheel=105000 ffS=2500
2026-07-07T16:33:01.738+00:00 VCP run=1 step=0 angle=334775 target=335001 err=226 steer=2500 m1=761/39531 i1=201 t1=32 m2=-595/-32656 i2=-227 t2=31 steerMode=3438/3650 iSteer=-12942 driveMode=36094/35659 iDrive=214038 scale=0 wheel=105000 ffS=2500
2026-07-07T16:33:01.837+00:00 VCP run=1 step=0 angle=336357 target=336501 err=144 steer=2500 m1=757/39531 i1=207 t1=32 m2=-576/-32656 i2=-217 t2=31 steerMode=3438/3498 iSteer=-5092 driveMode=36094/35754 iDrive=212196 scale=0 wheel=105000 ffS=2500
2026-07-07T16:33:01.838+00:00 VCP SET_TARGET_FF_RX steerRate=15000 wheelAccel=0
2026-07-07T16:33:01.938+00:00 VCP run=1 step=0 angle=337676 target=338000 err=324 steer=2500 m1=759/39531 i1=208 t1=32 m2=-612/-32656 i2=-196 t2=31 steerMode=3438/3292 iSteer=5818 driveMode=36094/36084 iDrive=202186 scale=0 wheel=105000 ffS=2500
2026-07-07T16:33:01.938+00:00 VCP SET_TARGET_RX steer=338903 wheel=105000
2026-07-07T16:33:02.041+00:00 VCP run=1 step=0 angle=339434 target=339500 err=66 steer=2500 m1=742/39531 i1=198 t1=32 m2=-655/-32656 i2=-147 t2=31 steerMode=3438/2901 iSteer=25551 driveMode=36094/37057 iDrive=172209 scale=0 wheel=105000 ffS=2500
2026-07-07T16:33:02.145+00:00 VCP run=1 step=0 angle=340664 target=341000 err=336 steer=2500 m1=759/39531 i1=169 t1=32 m2=-662/-32656 i2=-151 t2=31 steerMode=3438/3243 iSteer=8836 driveMode=36094/37427 iDrive=160007 scale=0 wheel=105000 ffS=2500
2026-07-07T16:33:02.249+00:00 VCP run=1 step=0 angle=342246 target=342500 err=254 steer=2500 m1=774/39531 i1=166 t1=32 m2=-620/-32656 i2=-198 t2=31 steerMode=3438/3732 iSteer=-16118 driveMode=36094/36684 iDrive=182301 scale=0 wheel=105000 ffS=2500
2026-07-07T16:33:02.348+00:00 VCP run=1 step=0 angle=343828 target=344001 err=173 steer=2500 m1=793/39531 i1=192 t1=32 m2=-679/-32656 i2=-156 t2=31 steerMode=3438/3065 iSteer=17905 driveMode=36094/36965 iDrive=173857 scale=0 wheel=105000 ffS=2500
2026-07-07T16:33:02.348+00:00 VCP SET_TARGET_FF_RX steerRate=15000 wheelAccel=0
2026-07-07T16:33:02.448+00:00 VCP run=1 step=0 angle=345234 target=345501 err=267 steer=2500 m1=793/39531 i1=163 t1=32 m2=-616/-32656 i2=-166 t2=31 steerMode=3438/3473 iSteer=-1344 driveMode=36094/37284 iDrive=164293 scale=0 wheel=105000 ffS=2500
2026-07-07T16:33:02.448+00:00 VCP SET_TARGET_RX steer=346400 wheel=105000
2026-07-07T16:33:02.552+00:00 VCP run=1 step=0 angle=346641 target=347002 err=361 steer=2500 m1=780/39531 i1=176 t1=32 m2=-622/-32656 i2=-187 t2=31 steerMode=3438/3559 iSteer=-5409 driveMode=36094/36723 iDrive=181118 scale=0 wheel=105000 ffS=2500
2026-07-07T16:33:02.737+00:00 VCP run=1 step=0 angle=348223 target=348500 err=277 steer=2500 m1=786/39531 i1=181 t1=32 m2=-624/-32656 i2=-208 t2=31 steerMode=3438/3722 iSteer=-13560 driveMode=36094/36285 iDrive=194263 scale=0 wheel=105000 ffS=2500
2026-07-07T16:33:02.737+00:00 VCP run=1 step=0 angle=349805 target=350001 err=196 steer=2500 m1=759/39531 i1=191 t1=32 m2=-591/-32656 i2=-221 t2=31 steerMode=3438/3725 iSteer=-14770 driveMode=36094/35907 iDrive=205862 scale=0 wheel=105000 ffS=2500
2026-07-07T16:33:02.836+00:00 VCP run=1 step=0 angle=351563 target=351501 err=-61 steer=2500 m1=736/39531 i1=199 t1=32 m2=-620/-32656 i2=-219 t2=31 steerMode=3438/3617 iSteer=-10358 driveMode=36094/35822 iDrive=208974 scale=0 wheel=105000 ffS=2500
2026-07-07T16:33:02.836+00:00 VCP SET_TARGET_FF_RX steerRate=15000 wheelAccel=0
2026-07-07T16:33:02.936+00:00 VCP run=1 step=0 angle=353408 target=353001 err=-407 steer=2500 m1=778/39531 i1=185 t1=32 m2=-655/-32656 i2=-214 t2=31 steerMode=3438/3677 iSteer=-14172 driveMode=36094/36157 iDrive=199450 scale=0 wheel=105000 ffS=2500
2026-07-07T16:33:02.936+00:00 VCP SET_TARGET_RX steer=353903 wheel=105000
2026-07-07T16:33:03.040+00:00 VCP run=1 step=0 angle=355078 target=354500 err=-578 steer=1344 m1=755/37941 i1=162 t1=32 m2=-612/-34246 i2=-243 t2=31 steerMode=1848/2565 iSteer=-40263 driveMode=36094/36067 iDrive=202242 scale=0 wheel=105000 ffS=2500
2026-07-07T16:33:03.143+00:00 VCP run=1 step=0 angle=356309 target=356000 err=-309 steer=2500 m1=774/39531 i1=198 t1=32 m2=-628/-32656 i2=-172 t2=31 steerMode=3438/3128 iSteer=13173 driveMode=36094/36626 iDrive=185324 scale=0 wheel=105000 ffS=2500
2026-07-07T16:33:03.247+00:00 VCP run=1 step=0 angle=357891 target=357501 err=-390 steer=2500 m1=788/39531 i1=175 t1=32 m2=-597/-32656 i2=-181 t2=31 steerMode=3438/3434 iSteer=-2701 driveMode=36094/36830 iDrive=177916 scale=0 wheel=105000 ffS=2500
2026-07-07T16:33:03.346+00:00 VCP run=1 step=0 angle=358857 target=359001 err=144 steer=2500 m1=770/39531 i1=178 t1=32 m2=-599/-32656 i2=-167 t2=31 steerMode=3438/3286 iSteer=5555 driveMode=36094/36998 iDrive=172858 scale=0 wheel=105000 ffS=2500
2026-07-07T16:33:03.346+00:00 VCP SET_TARGET_FF_RX steerRate=15000 wheelAccel=0
2026-07-07T16:33:03.447+00:00 VCP run=1 step=0 angle=439 target=500 err=61 steer=2500 m1=759/39531 i1=198 t1=32 m2=-612/-32656 i2=-138 t2=31 steerMode=3438/2822 iSteer=29970 driveMode=36094/37146 iDrive=168434 scale=0 wheel=105000 ffS=2500
2026-07-07T16:33:03.447+00:00 VCP SET_TARGET_RX steer=1401 wheel=105000
2026-07-07T16:33:03.551+00:00 VCP run=1 step=0 angle=2109 target=2002 err=-107 steer=2500 m1=791/39531 i1=165 t1=32 m2=-664/-32656 i2=-171 t2=31 steerMode=3438/3512 iSteer=-3070 driveMode=36094/37155 iDrive=168162 scale=0 wheel=105000 ffS=2500
2026-07-07T16:33:03.737+00:00 VCP run=1 step=0 angle=3867 target=3500 err=-367 steer=2500 m1=751/39531 i1=169 t1=32 m2=-620/-32656 i2=-182 t2=31 steerMode=3438/3587 iSteer=-6378 driveMode=36094/36908 iDrive=175560 scale=0 wheel=105000 ffS=2500
2026-07-07T16:33:03.737+00:00 VCP run=1 step=0 angle=5361 target=5001 err=-360 steer=2500 m1=767/39531 i1=183 t1=32 m2=-689/-32656 i2=-143 t2=31 steerMode=3438/3063 iSteer=19948 driveMode=36094/37331 iDrive=162873 scale=0 wheel=105000 ffS=2500
2026-07-07T16:33:03.837+00:00 VCP run=1 step=0 angle=5977 target=6502 err=525 steer=3551 m1=749/40976 i1=257 t1=32 m2=-672/-31211 i2=-59 t2=31 steerMode=4882/2960 iSteer=99029 driveMode=36094/37486 iDrive=158229 scale=0 wheel=105000 ffS=2500
2026-07-07T16:33:03.837+00:00 VCP SET_TARGET_FF_RX steerRate=15000 wheelAccel=0
2026-07-07T16:33:03.937+00:00 VCP run=1 step=0 angle=7910 target=8001 err=91 steer=2500 m1=767/39531 i1=118 t1=32 m2=-614/-32656 i2=-194 t2=31 steerMode=3438/4272 iSteer=-37753 driveMode=36094/37564 iDrive=155902 scale=0 wheel=105000 ffS=2500
2026-07-07T16:33:03.937+00:00 VCP SET_TARGET_RX steer=8903 wheel=105000
2026-07-07T16:33:04.041+00:00 VCP run=1 step=0 angle=9229 target=9500 err=271 steer=2500 m1=751/39531 i1=227 t1=32 m2=-637/-32656 i2=-122 t2=31 steerMode=3438/2493 iSteer=52485 driveMode=36094/36943 iDrive=174534 scale=0 wheel=105000 ffS=2500
2026-07-07T16:33:04.145+00:00 VCP run=1 step=0 angle=10811 target=11002 err=191 steer=2500 m1=765/39531 i1=147 t1=32 m2=-616/-32656 i2=-171 t2=31 steerMode=3438/3822 iSteer=-11853 driveMode=36094/37456 iDrive=159146 scale=0 wheel=105000 ffS=2500
2026-07-07T16:33:04.249+00:00 VCP run=1 step=0 angle=12129 target=12500 err=371 steer=2500 m1=784/39531 i1=197 t1=32 m2=-601/-32656 i2=-119 t2=31 steerMode=3438/2824 iSteer=38703 driveMode=36094/37493 iDrive=158031 scale=0 wheel=105000 ffS=2500
2026-07-07T16:33:04.348+00:00 VCP run=1 step=0 angle=13535 target=14003 err=468 steer=2500 m1=761/39531 i1=223 t1=32 m2=-641/-32656 i2=-171 t2=31 steerMode=3438/3123 iSteer=26007 driveMode=36094/36221 iDrive=196676 scale=0 wheel=105000 ffS=2500
2026-07-07T16:33:04.348+00:00 VCP SET_TARGET_FF_RX steerRate=15000 wheelAccel=0
2026-07-07T16:33:04.449+00:00 VCP run=1 step=0 angle=15117 target=15501 err=384 steer=2500 m1=826/39531 i1=125 t1=32 m2=-620/-32656 i2=-161 t2=31 steerMode=3438/4013 iSteer=-17914 driveMode=36094/37992 iDrive=143055 scale=0 wheel=105000 ffS=2500
2026-07-07T16:33:04.449+00:00 VCP SET_TARGET_RX steer=16401 wheel=105000
2026-07-07T16:33:04.552+00:00 VCP run=1 step=0 angle=16699 target=17001 err=302 steer=2500 m1=767/39531 i1=213 t1=32 m2=-609/-32656 i2=-152 t2=31 steerMode=3438/3054 iSteer=30374 driveMode=36094/36677 iDrive=182509 scale=0 wheel=105000 ffS=2500
2026-07-07T16:33:04.738+00:00 VCP run=1 step=0 angle=18369 target=18501 err=132 steer=2500 m1=780/39531 i1=188 t1=32 m2=-637/-32656 i2=-162 t2=31 steerMode=3438/3404 iSteer=13035 driveMode=36094/36933 iDrive=174809 scale=0 wheel=105000 ffS=2500
2026-07-07T16:33:04.738+00:00 VCP run=1 step=0 angle=19863 target=20001 err=138 steer=2500 m1=795/39531 i1=184 t1=32 m2=-632/-32656 i2=-137 t2=31 steerMode=3438/3212 iSteer=23506 driveMode=36094/37396 iDrive=160921 scale=0 wheel=105000 ffS=2500
2026-07-07T16:33:04.838+00:00 VCP run=1 step=0 angle=21270 target=21503 err=233 steer=2500 m1=774/39531 i1=191 t1=32 m2=-679/-32656 i2=-118 t2=31 steerMode=3438/2968 iSteer=36510 driveMode=36094/37598 iDrive=154858 scale=0 wheel=105000 ffS=2500
2026-07-07T16:33:04.838+00:00 VCP SET_TARGET_FF_RX steerRate=15000 wheelAccel=0
2026-07-07T16:33:04.938+00:00 VCP run=1 step=0 angle=22764 target=23001 err=237 steer=2500 m1=797/39531 i1=110 t1=32 m2=-626/-32656 i2=-195 t2=31 steerMode=3438/4611 iSteer=-42521 driveMode=36094/37684 iDrive=152294 scale=0 wheel=105000 ffS=2500
2026-07-07T16:33:04.938+00:00 VCP SET_TARGET_RX steer=23900 wheel=105000
2026-07-07T16:33:05.042+00:00 VCP run=1 step=0 angle=24082 target=24500 err=418 steer=2500 m1=753/39531 i1=204 t1=32 m2=-639/-32656 i2=-114 t2=31 steerMode=3438/2854 iSteer=44847 driveMode=36094/37471 iDrive=158670 scale=0 wheel=105000 ffS=2500
2026-07-07T16:33:05.145+00:00 VCP run=1 step=0 angle=26104 target=26003 err=-101 steer=2500 m1=763/39531 i1=170 t1=32 m2=-622/-32656 i2=-159 t2=31 steerMode=3438/3674 iSteer=5051 driveMode=36094/37275 iDrive=164549 scale=0 wheel=105000 ffS=2500
2026-07-07T16:33:05.249+00:00 VCP run=1 step=0 angle=27598 target=27501 err=-97 steer=2500 m1=793/39531 i1=176 t1=32 m2=-653/-32656 i2=-151 t2=31 steerMode=3438/3509 iSteer=12858 driveMode=36094/37311 iDrive=163490 scale=0 wheel=105000 ffS=2500
2026-07-07T16:33:05.349+00:00 VCP run=1 step=0 angle=28740 target=29001 err=261 steer=2500 m1=740/39531 i1=233 t1=32 m2=-628/-32656 i2=-116 t2=31 steerMode=3438/2623 iSteer=58473 driveMode=36094/36951 iDrive=174271 scale=0 wheel=105000 ffS=2500
2026-07-07T16:33:05.349+00:00 VCP SET_TARGET_FF_RX steerRate=15000 wheelAccel=0
2026-07-07T16:33:05.449+00:00 VCP run=1 step=0 angle=30059 target=30503 err=444 steer=2500 m1=747/39531 i1=197 t1=32 m2=-643/-32656 i2=-167 t2=31 steerMode=3438/3523 iSteer=14738 driveMode=36094/36690 iDrive=182105 scale=0 wheel=105000 ffS=2500
2026-07-07T16:33:05.449+00:00 VCP SET_TARGET_RX steer=31401 wheel=105000
2026-07-07T16:33:05.553+00:00 VCP run=1 step=0 angle=31553 target=32001 err=448 steer=2500 m1=780/39531 i1=187 t1=32 m2=-630/-32656 i2=-157 t2=31 steerMode=3438/3517 iSteer=15326 driveMode=36094/37025 iDrive=172053 scale=0 wheel=105000 ffS=2500
2026-07-07T16:33:05.738+00:00 VCP run=1 step=0 angle=33311 target=33501 err=190 steer=2500 m1=788/39531 i1=156 t1=32 m2=-649/-32656 i2=-168 t2=31 steerMode=3438/3948 iSteer=-5989 driveMode=36094/37352 iDrive=162240 scale=0 wheel=105000 ffS=2500
2026-07-07T16:33:05.738+00:00 VCP run=1 step=0 angle=34717 target=35000 err=283 steer=2500 m1=767/39531 i1=187 t1=32 m2=-641/-32656 i2=-139 t2=31 steerMode=3438/3350 iSteer=23658 driveMode=36094/37328 iDrive=162959 scale=0 wheel=105000 ffS=2500
2026-07-07T16:33:05.838+00:00 VCP run=1 step=0 angle=36035 target=36501 err=466 steer=2500 m1=763/39531 i1=166 t1=32 m2=-683/-32656 i2=-158 t2=31 steerMode=3438/3807 iSteer=3690 driveMode=36094/37362 iDrive=161965 scale=0 wheel=105000 ffS=2500
2026-07-07T16:33:05.838+00:00 VCP SET_TARGET_FF_RX steerRate=15000 wheelAccel=0
2026-07-07T16:33:05.938+00:00 VCP run=1 step=0 angle=37705 target=38000 err=295 steer=2500 m1=761/39531 i1=201 t1=32 m2=-676/-32656 i2=-133 t2=31 steerMode=3438/3225 iSteer=33750 driveMode=36094/37187 iDrive=167205 scale=0 wheel=105000 ffS=2500
2026-07-07T16:33:05.939+00:00 VCP SET_TARGET_RX steer=38900 wheel=105000
2026-07-07T16:33:06.042+00:00 VCP run=1 step=0 angle=39199 target=39501 err=302 steer=2500 m1=786/39531 i1=149 t1=32 m2=-655/-32656 i2=-159 t2=31 steerMode=3438/4033 iSteer=-5097 driveMode=36094/37621 iDrive=154188 scale=0 wheel=105000 ffS=2500
2026-07-07T16:33:06.146+00:00 VCP run=1 step=0 angle=41133 target=41001 err=-132 steer=2500 m1=778/39531 i1=181 t1=32 m2=-664/-32656 i2=-138 t2=31 steerMode=3438/3493 iSteer=21536 driveMode=36094/37446 iDrive=159427 scale=0 wheel=105000 ffS=2500
2026-07-07T16:33:06.250+00:00 VCP run=1 step=0 angle=42891 target=42501 err=-390 steer=2500 m1=786/39531 i1=189 t1=32 m2=-658/-32656 i2=-137 t2=31 steerMode=3438/3395 iSteer=25718 driveMode=36094/37329 iDrive=162940 scale=0 wheel=105000 ffS=2500
2026-07-07T16:33:06.349+00:00 VCP run=1 step=0 angle=44297 target=44001 err=-296 steer=2500 m1=751/39531 i1=209 t1=32 m2=-672/-32656 i2=-146 t2=31 steerMode=3438/3278 iSteer=31491 driveMode=36094/36860 iDrive=177010 scale=0 wheel=105000 ffS=2500
2026-07-07T16:33:06.349+00:00 VCP SET_TARGET_FF_RX steerRate=15000 wheelAccel=0
2026-07-07T16:33:06.450+00:00 VCP run=1 step=0 angle=45527 target=45501 err=-26 steer=2500 m1=786/39531 i1=218 t1=32 m2=-660/-32656 i2=-120 t2=31 steerMode=3438/2958 iSteer=49014 driveMode=36094/37115 iDrive=169367 scale=0 wheel=105000 ffS=2500
2026-07-07T16:33:06.450+00:00 VCP SET_TARGET_RX steer=46400 wheel=105000
2026-07-07T16:33:06.553+00:00 VCP run=1 step=0 angle=46670 target=47000 err=330 steer=2500 m1=788/39531 i1=198 t1=32 m2=-635/-32656 i2=-115 t2=31 steerMode=3438/3113 iSteer=41768 driveMode=36094/37550 iDrive=156300 scale=0 wheel=105000 ffS=2500
2026-07-07T16:33:06.739+00:00 VCP run=1 step=0 angle=48164 target=48502 err=338 steer=2500 m1=753/39531 i1=157 t1=32 m2=-632/-32656 i2=-161 t2=31 steerMode=3438/3997 iSteer=-1966 driveMode=36094/37474 iDrive=158598 scale=0 wheel=105000 ffS=2500
2026-07-07T16:33:06.739+00:00 VCP run=1 step=0 angle=49922 target=50000 err=78 steer=2500 m1=797/39531 i1=181 t1=32 m2=-664/-32656 i2=-134 t2=31 steerMode=3438/3487 iSteer=23609 driveMode=36094/37510 iDrive=157514 scale=0 wheel=105000 ffS=2500
2026-07-07T16:33:06.839+00:00 VCP run=1 step=0 angle=51416 target=51501 err=85 steer=2500 m1=784/39531 i1=177 t1=32 m2=-660/-32656 i2=-127 t2=31 steerMode=3438/3458 iSteer=24812 driveMode=36094/37684 iDrive=152305 scale=0 wheel=105000 ffS=2500
2026-07-07T16:33:06.839+00:00 VCP SET_TARGET_FF_RX steerRate=15000 wheelAccel=0
2026-07-07T16:33:06.939+00:00 VCP run=1 step=0 angle=52910 target=53000 err=90 steer=2500 m1=755/39531 i1=192 t1=32 m2=-641/-32656 i2=-138 t2=31 steerMode=3438/3415 iSteer=27453 driveMode=36094/37260 iDrive=165021 scale=0 wheel=105000 ffS=2500
2026-07-07T16:33:06.939+00:00 VCP SET_TARGET_RX steer=53901 wheel=105000
2026-07-07T16:33:07.043+00:00 VCP run=1 step=0 angle=54229 target=54501 err=272 steer=2500 m1=757/39531 i1=231 t1=32 m2=-685/-32656 i2=-103 t2=31 steerMode=3438/2698 iSteer=64269 driveMode=36094/37196 iDrive=166931 scale=0 wheel=105000 ffS=2500
2026-07-07T16:33:07.147+00:00 VCP run=1 step=0 angle=55723 target=56002 err=279 steer=2500 m1=807/39531 i1=180 t1=32 m2=-635/-32656 i2=-161 t2=31 steerMode=3438/3810 iSteer=9627 driveMode=36094/37080 iDrive=170401 scale=0 wheel=105000 ffS=2500
2026-07-07T16:33:07.251+00:00 VCP run=1 step=0 angle=57129 target=57501 err=372 steer=2500 m1=803/39531 i1=180 t1=32 m2=-681/-32656 i2=-147 t2=31 steerMode=3438/3663 iSteer=16187 driveMode=36094/37311 iDrive=163484 scale=0 wheel=105000 ffS=2500
2026-07-07T16:33:07.350+00:00 VCP run=1 step=0 angle=59063 target=59001 err=-61 steer=2500 m1=786/39531 i1=186 t1=32 m2=-628/-32656 i2=-139 t2=31 steerMode=3438/3510 iSteer=23532 driveMode=36094/37355 iDrive=162154 scale=0 wheel=105000 ffS=2500
2026-07-07T16:33:07.350+00:00 VCP SET_TARGET_FF_RX steerRate=15000 wheelAccel=0
2026-07-07T16:33:07.451+00:00 VCP run=1 step=0 angle=60820 target=60501 err=-319 steer=2500 m1=793/39531 i1=173 t1=32 m2=-655/-32656 i2=-148 t2=31 steerMode=3438/3710 iSteer=12649 driveMode=36094/37410 iDrive=160500 scale=0 wheel=105000 ffS=2500
2026-07-07T16:33:07.451+00:00 VCP SET_TARGET_RX steer=61400 wheel=105000
2026-07-07T16:33:07.636+00:00 VCP run=1 step=0 angle=62314 target=62000 err=-314 steer=2500 m1=763/39531 i1=206 t1=32 m2=-655/-32656 i2=-115 t2=31 steerMode=3438/3070 iSteer=45363 driveMode=36094/37399 iDrive=160847 scale=0 wheel=105000 ffS=2500
2026-07-07T16:33:07.636+00:00 VCP run=1 step=0 angle=63984 target=63501 err=-483 steer=2500 m1=805/39531 i1=176 t1=32 m2=-618/-32656 i2=-152 t2=31 steerMode=3438/3742 iSteer=11742 driveMode=36094/37295 iDrive=163970 scale=0 wheel=105000 ffS=2500
2026-07-07T16:33:07.739+00:00 VCP run=1 step=0 angle=65303 target=65000 err=-303 steer=2500 m1=757/39531 i1=178 t1=32 m2=-653/-32656 i2=-137 t2=31 steerMode=3438/3555 iSteer=20500 driveMode=36094/37498 iDrive=157864 scale=0 wheel=105000 ffS=2500
2026-07-07T16:33:07.839+00:00 VCP run=1 step=0 angle=66973 target=66502 err=-471 steer=2500 m1=793/39531 i1=187 t1=32 m2=-635/-32656 i2=-150 t2=31 steerMode=3438/3586 iSteer=18432 driveMode=36094/37143 iDrive=168517 scale=0 wheel=105000 ffS=2500
2026-07-07T16:33:07.839+00:00 VCP SET_TARGET_FF_RX steerRate=15000 wheelAccel=0
2026-07-07T16:33:07.939+00:00 VCP run=1 step=0 angle=68467 target=68000 err=-467 steer=2500 m1=784/39531 i1=219 t1=32 m2=-655/-32656 i2=-142 t2=31 steerMode=3438/3154 iSteer=38681 driveMode=36094/36744 iDrive=180479 scale=0 wheel=105000 ffS=2500
2026-07-07T16:33:07.939+00:00 VCP SET_TARGET_RX steer=68900 wheel=105000
2026-07-07T16:33:08.043+00:00 VCP run=1 step=0 angle=69873 target=69502 err=-371 steer=2500 m1=772/39531 i1=243 t1=32 m2=-630/-32656 i2=-140 t2=31 steerMode=3438/2860 iSteer=51537 driveMode=36094/36384 iDrive=191290 scale=0 wheel=105000 ffS=2500
2026-07-07T16:33:08.147+00:00 VCP run=1 step=0 angle=71543 target=71001 err=-542 steer=1416 m1=799/38041 i1=100 t1=32 m2=-637/-34147 i2=-256 t2=31 steerMode=1947/3944 iSteer=-78097 driveMode=36094/36820 iDrive=178203 scale=0 wheel=105000 ffS=2500
2026-07-07T16:33:08.251+00:00 VCP run=1 step=0 angle=72510 target=72502 err=-8 steer=2500 m1=805/39531 i1=193 t1=32 m2=-639/-32656 i2=-116 t2=31 steerMode=3438/3106 iSteer=38329 driveMode=36094/37608 iDrive=154560 scale=0 wheel=105000 ffS=2500
2026-07-07T16:33:08.350+00:00 VCP run=1 step=0 angle=74092 target=74001 err=-91 steer=2500 m1=767/39531 i1=166 t1=32 m2=-704/-32656 i2=-139 t2=31 steerMode=3438/3591 iSteer=13593 driveMode=36094/37664 iDrive=152906 scale=0 wheel=105000 ffS=2500
2026-07-07T16:33:08.350+00:00 VCP SET_TARGET_FF_RX steerRate=15000 wheelAccel=0
2026-07-07T16:33:08.451+00:00 VCP run=1 step=0 angle=75762 target=75500 err=-262 steer=2500 m1=799/39531 i1=167 t1=32 m2=-630/-32656 i2=-159 t2=31 steerMode=3438/3783 iSteer=3858 driveMode=36094/37331 iDrive=162870 scale=0 wheel=105000 ffS=2500
2026-07-07T16:33:08.451+00:00 VCP SET_TARGET_RX steer=76401 wheel=105000
2026-07-07T16:33:08.636+00:00 VCP run=1 step=0 angle=77432 target=77000 err=-432 steer=2500 m1=767/39531 i1=193 t1=32 m2=-670/-32656 i2=-113 t2=31 steerMode=3438/3047 iSteer=40006 driveMode=36094/37647 iDrive=153403 scale=0 wheel=105000 ffS=2500
2026-07-07T16:33:08.636+00:00 VCP run=1 step=0 angle=79014 target=78501 err=-513 steer=1475 m1=803/38121 i1=104 t1=32 m2=-653/-34066 i2=-205 t2=31 steerMode=2028/3445 iSteer=-50350 driveMode=36094/37604 iDrive=154702 scale=0 wheel=105000 ffS=2500
2026-07-07T16:33:08.739+00:00 VCP run=1 step=0 angle=80508 target=80001 err=-507 steer=1486 m1=778/38138 i1=107 t1=32 m2=-616/-34050 i2=-228 t2=31 steerMode=2044/3648 iSteer=-60424 driveMode=36094/37165 iDrive=167849 scale=0 wheel=105000 ffS=2500
2026-07-07T16:33:08.839+00:00 VCP run=1 step=0 angle=81826 target=81500 err=-326 steer=2500 m1=793/39531 i1=192 t1=32 m2=-672/-32656 i2=-141 t2=31 steerMode=3438/3319 iSteer=25403 driveMode=36094/37202 iDrive=166746 scale=0 wheel=105000 ffS=2500
2026-07-07T16:33:08.839+00:00 VCP SET_TARGET_FF_RX steerRate=15000 wheelAccel=0
2026-07-07T16:33:08.939+00:00 VCP run=1 step=0 angle=83584 target=83000 err=-584 steer=1332 m1=788/37925 i1=102 t1=32 m2=-614/-34262 i2=-242 t2=31 steerMode=1832/3580 iSteer=-70157 driveMode=36094/37025 iDrive=172070 scale=0 wheel=105000 ffS=2500
2026-07-07T16:33:08.939+00:00 VCP SET_TARGET_RX steer=83900 wheel=105000
2026-07-07T16:33:09.043+00:00 VCP run=1 step=0 angle=84902 target=84501 err=-401 steer=2500 m1=786/39531 i1=217 t1=32 m2=-653/-32656 i2=-155 t2=31 steerMode=3438/3164 iSteer=30751 driveMode=36094/36567 iDrive=185791 scale=0 wheel=105000 ffS=2500
2026-07-07T16:33:09.146+00:00 VCP run=1 step=0 angle=86572 target=86001 err=-571 steer=1357 m1=765/37960 i1=138 t1=32 m2=-653/-34227 i2=-226 t2=31 steerMode=1867/3010 iSteer=-44233 driveMode=36094/36701 iDrive=181781 scale=0 wheel=105000 ffS=2500
2026-07-07T16:33:09.250+00:00 VCP run=1 step=0 angle=87891 target=87503 err=-388 steer=2500 m1=776/39531 i1=177 t1=32 m2=-653/-32656 i2=-177 t2=31 steerMode=3438/3727 iSteer=-66 driveMode=36094/36852 iDrive=177256 scale=0 wheel=105000 ffS=2500
2026-07-07T16:33:09.350+00:00 VCP run=1 step=0 angle=89209 target=89002 err=-207 steer=2500 m1=749/39531 i1=233 t1=32 m2=-666/-32656 i2=-87 t2=31 steerMode=3438/2230 iSteer=72778 driveMode=36094/37435 iDrive=159755 scale=0 wheel=105000 ffS=2500
2026-07-07T16:33:09.350+00:00 VCP SET_TARGET_FF_RX steerRate=15000 wheelAccel=0
2026-07-07T16:33:09.451+00:00 VCP run=1 step=0 angle=90527 target=90500 err=-27 steer=2500 m1=793/39531 i1=158 t1=32 m2=-622/-32656 i2=-157 t2=31 steerMode=3438/3673 iSteer=868 driveMode=36094/37514 iDrive=157395 scale=0 wheel=105000 ffS=2500
2026-07-07T16:33:09.451+00:00 VCP SET_TARGET_RX steer=91401 wheel=105000
2026-07-07T16:33:09.636+00:00 VCP run=1 step=0 angle=92197 target=92000 err=-197 steer=2500 m1=797/39531 i1=164 t1=32 m2=-612/-32656 i2=-175 t2=31 steerMode=3438/3793 iSteer=-5504 driveMode=36094/37098 iDrive=169858 scale=0 wheel=105000 ffS=2500
2026-07-07T16:33:09.636+00:00 VCP run=1 step=0 angle=93955 target=93500 err=-455 steer=2500 m1=744/39531 i1=176 t1=32 m2=-645/-32656 i2=-153 t2=31 steerMode=3438/3440 iSteer=11594 driveMode=36094/37272 iDrive=164650 scale=0 wheel=105000 ffS=2500
2026-07-07T16:33:09.740+00:00 VCP run=1 step=0 angle=95449 target=95002 err=-447 steer=2500 m1=774/39531 i1=178 t1=32 m2=-639/-32656 i2=-159 t2=31 steerMode=3438/3459 iSteer=9644 driveMode=36094/37142 iDrive=168549 scale=0 wheel=105000 ffS=2500
2026-07-07T16:33:09.839+00:00 VCP run=1 step=0 angle=96943 target=96501 err=-442 steer=2500 m1=782/39531 i1=181 t1=32 m2=-630/-32656 i2=-176 t2=31 steerMode=3438/3577 iSteer=2484 driveMode=36094/36825 iDrive=178074 scale=0 wheel=105000 ffS=2500
2026-07-07T16:33:09.839+00:00 VCP SET_TARGET_FF_RX steerRate=15000 wheelAccel=0
2026-07-07T16:33:09.939+00:00 VCP run=1 step=0 angle=98262 target=98001 err=-261 steer=2500 m1=736/39531 i1=177 t1=32 m2=-639/-32656 i2=-197 t2=31 steerMode=3438/3808 iSteer=-10446 driveMode=36094/36528 iDrive=186986 scale=0 wheel=105000 ffS=2500
2026-07-07T16:33:09.940+00:00 VCP SET_TARGET_RX steer=98902 wheel=105000
2026-07-07T16:33:10.043+00:00 VCP run=1 step=0 angle=99844 target=99500 err=-344 steer=2500 m1=759/39531 i1=198 t1=32 m2=-614/-32656 i2=-191 t2=31 steerMode=3438/3525 iSteer=3290 driveMode=36094/36280 iDrive=194422 scale=0 wheel=105000 ffS=2500
2026-07-07T16:33:10.147+00:00 VCP run=1 step=0 angle=101602 target=101002 err=-600 steer=1301 m1=744/37882 i1=125 t1=32 m2=-637/-34305 i2=-277 t2=31 steerMode=1789/3415 iSteer=-75861 driveMode=36094/36071 iDrive=200707 scale=0 wheel=105000 ffS=2500
2026-07-07T16:33:10.250+00:00 VCP run=1 step=0 angle=102129 target=102501 err=372 steer=2500 m1=650/39531 i1=403 t1=32 m2=-570/-32656 i2=-205 t2=31 steerMode=3438/1627 iSteer=98683 driveMode=36094/32682 iDrive=304012 scale=0 wheel=105000 ffS=2500
2026-07-07T16:33:10.350+00:00 VCP run=1 step=0 angle=103887 target=104000 err=113 steer=2500 m1=765/39531 i1=165 t1=32 m2=-647/-32656 i2=-208 t2=31 steerMode=3438/4039 iSteer=-21372 driveMode=36094/36689 iDrive=186791 scale=0 wheel=105000 ffS=2500
2026-07-07T16:33:10.350+00:00 VCP SET_TARGET_FF_RX steerRate=15000 wheelAccel=0
2026-07-07T16:33:10.450+00:00 VCP run=1 step=0 angle=105469 target=105500 err=31 steer=2500 m1=786/39531 i1=163 t1=32 m2=-679/-32656 i2=-113 t2=31 steerMode=3438/3113 iSteer=25123 driveMode=36094/38223 iDrive=137837 scale=0 wheel=105000 ffS=2500
2026-07-07T16:33:10.450+00:00 VCP SET_TARGET_RX steer=106401 wheel=105000
2026-07-07T16:33:10.635+00:00 VCP run=1 step=0 angle=106787 target=107001 err=214 steer=2500 m1=724/39531 i1=253 t1=32 m2=-578/-32656 i2=-261 t2=31 steerMode=3438/3720 iSteer=-4120 driveMode=36094/34278 iDrive=256658 scale=0 wheel=105000 ffS=2500
2026-07-07T16:33:10.635+00:00 VCP run=1 step=0 angle=108809 target=108501 err=-308 steer=2500 m1=749/39531 i1=174 t1=32 m2=-614/-32656 i2=-160 t2=31 steerMode=3438/3486 iSteer=6981 driveMode=36094/37269 iDrive=166587 scale=0 wheel=105000 ffS=2500
2026-07-07T16:33:10.738+00:00 VCP run=1 step=0 angle=110479 target=110001 err=-478 steer=2500 m1=721/39531 i1=215 t1=32 m2=-630/-32656 i2=-144 t2=31 steerMode=3438/2896 iSteer=35451 driveMode=36094/36794 iDrive=179130 scale=0 wheel=105000 ffS=2500
2026-07-07T16:33:10.838+00:00 VCP run=1 step=0 angle=111973 target=111500 err=-473 steer=2500 m1=744/39531 i1=231 t1=32 m2=-620/-32656 i2=-137 t2=31 steerMode=3438/2638 iSteer=46738 driveMode=36094/36626 iDrive=184045 scale=0 wheel=105000 ffS=2500
2026-07-07T16:33:10.838+00:00 VCP SET_TARGET_FF_RX steerRate=15000 wheelAccel=0
2026-07-07T16:33:10.938+00:00 VCP run=1 step=0 angle=113379 target=113001 err=-378 steer=2500 m1=791/39531 i1=146 t1=32 m2=-599/-32656 i2=-179 t2=31 steerMode=3438/3930 iSteer=-16507 driveMode=36094/37332 iDrive=162842 scale=0 wheel=105000 ffS=2500
2026-07-07T16:33:10.938+00:00 VCP SET_TARGET_RX steer=113901 wheel=105000
2026-07-07T16:33:11.041+00:00 VCP run=1 step=0 angle=114521 target=114502 err=-19 steer=2500 m1=763/39531 i1=167 t1=32 m2=-601/-32656 i2=-186 t2=31 steerMode=3438/3768 iSteer=-9119 driveMode=36094/36874 iDrive=176597 scale=0 wheel=105000 ffS=2500
2026-07-07T16:33:11.145+00:00 VCP run=1 step=0 angle=116104 target=116002 err=-102 steer=2500 m1=765/39531 i1=188 t1=32 m2=-630/-32656 i2=-174 t2=31 steerMode=3438/3446 iSteer=6912 driveMode=36094/36725 iDrive=181054 scale=0 wheel=105000 ffS=2500
2026-07-07T16:33:11.248+00:00 VCP run=1 step=0 angle=117773 target=117500 err=-273 steer=2500 m1=759/39531 i1=181 t1=32 m2=-618/-32656 i2=-197 t2=31 steerMode=3438/3744 iSteer=-8481 driveMode=36094/36460 iDrive=189006 scale=0 wheel=105000 ffS=2500
2026-07-07T16:33:11.348+00:00 VCP run=1 step=0 angle=119531 target=119001 err=-530 steer=1440 m1=763/38073 i1=116 t1=32 m2=-618/-34114 i2=-253 t2=31 steerMode=1979/3465 iSteer=-68926 driveMode=36094/36613 iDrive=184433 scale=0 wheel=105000 ffS=2500
2026-07-07T16:33:11.348+00:00 VCP SET_TARGET_FF_RX steerRate=15000 wheelAccel=0
2026-07-07T16:33:11.448+00:00 VCP run=1 step=0 angle=120850 target=120501 err=-349 steer=2500 m1=763/39531 i1=190 t1=32 m2=-626/-32656 i2=-172 t2=31 steerMode=3438/3370 iSteer=8837 driveMode=36094/36732 iDrive=180848 scale=0 wheel=105000 ffS=2500
2026-07-07T16:33:11.448+00:00 VCP SET_TARGET_RX steer=121401 wheel=105000
2026-07-07T16:33:11.551+00:00 VCP run=1 step=0 angle=122520 target=122001 err=-519 steer=1463 m1=776/38105 i1=124 t1=32 m2=-658/-34082 i2=-252 t2=31 steerMode=2012/3357 iSteer=-64129 driveMode=36094/36504 iDrive=187693 scale=0 wheel=105000 ffS=2500
2026-07-07T16:33:11.736+00:00 VCP run=1 step=0 angle=123574 target=123500 err=-74 steer=2500 m1=744/39531 i1=188 t1=32 m2=-635/-32656 i2=-163 t2=31 steerMode=3438/3291 iSteer=12500 driveMode=36094/36921 iDrive=175181 scale=0 wheel=105000 ffS=2500
2026-07-07T16:33:11.736+00:00 VCP run=1 step=0 angle=125156 target=125001 err=-155 steer=2500 m1=759/39531 i1=185 t1=32 m2=-639/-32656 i2=-210 t2=31 steerMode=3438/3764 iSteer=-12546 driveMode=36094/36175 iDrive=197567 scale=0 wheel=105000 ffS=2500
2026-07-07T16:33:11.836+00:00 VCP run=1 step=0 angle=126826 target=126501 err=-325 steer=2500 m1=772/39531 i1=189 t1=32 m2=-679/-32656 i2=-153 t2=31 steerMode=3438/3158 iSteer=18164 driveMode=36094/37061 iDrive=170997 scale=0 wheel=105000 ffS=2500
2026-07-07T16:33:11.836+00:00 VCP SET_TARGET_FF_RX steerRate=15000 wheelAccel=0
2026-07-07T16:33:11.936+00:00 VCP run=1 step=0 angle=128320 target=128000 err=-320 steer=2500 m1=755/39531 i1=175 t1=32 m2=-612/-32656 i2=-148 t2=31 steerMode=3438/3260 iSteer=13485 driveMode=36094/37373 iDrive=161626 scale=0 wheel=105000 ffS=2500
2026-07-07T16:33:11.936+00:00 VCP SET_TARGET_RX steer=128902 wheel=105000
2026-07-07T16:33:12.039+00:00 VCP run=1 step=0 angle=129463 target=129501 err=38 steer=2500 m1=767/39531 i1=177 t1=32 m2=-662/-32656 i2=-132 t2=31 steerMode=3438/3100 iSteer=22028 driveMode=36094/37611 iDrive=154493 scale=0 wheel=105000 ffS=2500
2026-07-07T16:33:12.143+00:00 VCP run=1 step=0 angle=130693 target=131002 err=309 steer=2500 m1=782/39531 i1=165 t1=32 m2=-702/-32656 i2=-123 t2=31 steerMode=3438/3143 iSteer=20655 driveMode=36094/37960 iDrive=144016 scale=0 wheel=105000 ffS=2500
2026-07-07T16:33:12.247+00:00 VCP run=1 step=0 angle=132188 target=132501 err=314 steer=2500 m1=757/39531 i1=171 t1=32 m2=-683/-32656 i2=-125 t2=31 steerMode=3438/3107 iSteer=23303 driveMode=36094/37821 iDrive=148195 scale=0 wheel=105000 ffS=2500
2026-07-07T16:33:12.346+00:00 VCP run=1 step=0 angle=133857 target=134001 err=144 steer=2500 m1=767/39531 i1=190 t1=32 m2=-645/-32656 i2=-161 t2=31 steerMode=3438/3293 iSteer=14691 driveMode=36094/36916 iDrive=175320 scale=0 wheel=105000 ffS=2500
2026-07-07T16:33:12.346+00:00 VCP SET_TARGET_FF_RX steerRate=15000 wheelAccel=0
2026-07-07T16:33:12.446+00:00 VCP run=1 step=0 angle=135264 target=135501 err=237 steer=2500 m1=780/39531 i1=187 t1=32 m2=-660/-32656 i2=-178 t2=31 steerMode=3438/3499 iSteer=4514 driveMode=36094/36690 iDrive=182110 scale=0 wheel=105000 ffS=2500
2026-07-07T16:33:12.446+00:00 VCP SET_TARGET_RX steer=136402 wheel=105000
2026-07-07T16:33:12.550+00:00 VCP run=1 step=0 angle=136934 target=137000 err=66 steer=2500 m1=753/39531 i1=183 t1=32 m2=-597/-32656 i2=-215 t2=31 steerMode=3438/3895 iSteer=-16128 driveMode=36094/36126 iDrive=199047 scale=0 wheel=105000 ffS=2500
2026-07-07T16:33:12.735+00:00 VCP run=1 step=0 angle=138691 target=138501 err=-190 steer=2500 m1=749/39531 i1=198 t1=32 m2=-580/-32656 i2=-226 t2=31 steerMode=3438/3811 iSteer=-13732 driveMode=36094/35713 iDrive=211934 scale=0 wheel=105000 ffS=2500
2026-07-07T16:33:12.735+00:00 VCP run=1 step=0 angle=139922 target=140001 err=79 steer=2500 m1=767/39531 i1=186 t1=32 m2=-641/-32656 i2=-192 t2=31 steerMode=3438/3586 iSteer=-2894 driveMode=36094/36478 iDrive=189001 scale=0 wheel=105000 ffS=2500
