2026-07-07T16:34:53.941+00:00 WEBUI log opened: /home/tirobot/Differential-Swerve-Drive/firmware/logs/webui-2026-07-07T16-34-53Z.log
2026-07-07T16:34:53.945+00:00 VCP dle angle=234404 amtOk=1 fdbkOk=1 en=0 tgtOk=1
2026-07-07T16:34:53.945+00:00 VCP idle angle=234404 amtOk=1 fdbkOk=1 en=0 tgtOk=1
2026-07-07T16:34:53.945+00:00 VCP idle angle=234404 amtOk=1 fdbkOk=1 en=0 tgtOk=0
2026-07-07T16:34:53.945+00:00 VCP idle angle=234404 amtOk=1 fdbkOk=1 en=0 tgtOk=0
2026-07-07T16:34:53.945+00:00 VCP idle angle=234404 amtOk=1 fdbkOk=1 en=0 tgtOk=0
2026-07-07T16:34:53.945+00:00 VCP idle angle=234404 amtOk=1 fdbkOk=1 en=0 tgtOk=0
2026-07-07T16:34:53.945+00:00 VCP idle angle=234404 amtOk=1 fdbkOk=1 en=0 tgtOk=0
2026-07-07T16:34:53.945+00:00 VCP idle angle=234404 amtOk=1 fdbkOk=1 en=0 tgtOk=0
2026-07-07T16:34:53.945+00:00 VCP idle angle=234404 amtOk=1 fdbkOk=1 en=0 tgtOk=0
2026-07-07T16:34:53.945+00:00 VCP idle angle=234404 amtOk=1 fdbkOk=1 en=0 tgtOk=0
2026-07-07T16:34:53.945+00:00 VCP idle angle=234404 amtOk=1 fdbkOk=1 en=0 tgtOk=0
2026-07-07T16:34:53.945+00:00 VCP idle angle=234404 amtOk=1 fdbkOk=1 en=0 tgtOk=0
2026-07-07T16:34:53.945+00:00 VCP idle angle=234404 amtOk=1 fdbkOk=1 en=0 tgtOk=0
2026-07-07T16:34:53.946+00:00 VCP idle angle=234404 amtOk=1 fdbkOk=1 en=0 tgtOk=0
2026-07-07T16:34:53.946+00:00 VCP idle angle=234404 amtOk=1 fdbkOk=1 en=0 tgtOk=0
2026-07-07T16:34:54.036+00:00 WEBUI listening on :8080 can_iface=can0 vcp_port=/dev/ttyACM0
2026-07-07T16:34:54.146+00:00 VCP idle angle=234404 amtOk=1 fdbkOk=1 en=0 tgtOk=0
2026-07-07T16:34:54.146+00:00 VCP idle angle=234404 amtOk=1 fdbkOk=1 en=0 tgtOk=0
2026-07-07T16:34:54.146+00:00 VCP SET_TARGET_RX steer=0 wheel=0
2026-07-07T16:34:54.346+00:00 VCP idle angle=234404 amtOk=1 fdbkOk=1 en=0 tgtOk=1
2026-07-07T16:34:54.546+00:00 VCP SET_TARGET_RX steer=0 wheel=0
2026-07-07T16:34:54.947+00:00 VCP idle angle=234404 amtOk=1 fdbkOk=1 en=0 tgtOk=1
2026-07-07T16:34:54.947+00:00 VCP SET_TARGET_RX steer=0 wheel=0
2026-07-07T16:34:55.347+00:00 VCP idle angle=234404 amtOk=1 fdbkOk=1 en=0 tgtOk=1
2026-07-07T16:34:55.548+00:00 VCP SET_TARGET_RX steer=0 wheel=0
2026-07-07T16:34:55.948+00:00 VCP idle angle=234404 amtOk=1 fdbkOk=1 en=0 tgtOk=1
2026-07-07T16:34:55.948+00:00 VCP SET_TARGET_RX steer=0 wheel=0
2026-07-07T16:34:56.349+00:00 VCP idle angle=234492 amtOk=1 fdbkOk=1 en=0 tgtOk=1
2026-07-07T16:34:56.549+00:00 VCP SET_TARGET_RX steer=0 wheel=0
2026-07-07T16:34:56.749+00:00 VCP idle angle=234580 amtOk=1 fdbkOk=1 en=0 tgtOk=1
2026-07-07T16:34:56.949+00:00 VCP SET_TARGET_RX steer=0 wheel=0
2026-07-07T16:34:57.350+00:00 VCP idle angle=234580 amtOk=1 fdbkOk=1 en=0 tgtOk=1
2026-07-07T16:34:57.550+00:00 VCP SET_TARGET_RX steer=0 wheel=0
2026-07-07T16:34:57.751+00:00 VCP idle angle=234580 amtOk=1 fdbkOk=1 en=0 tgtOk=1
2026-07-07T16:34:57.951+00:00 VCP SET_TARGET_RX steer=0 wheel=0
2026-07-07T16:34:58.351+00:00 VCP idle angle=234668 amtOk=1 fdbkOk=1 en=0 tgtOk=1
2026-07-07T16:34:58.552+00:00 VCP SET_TARGET_RX steer=0 wheel=0
2026-07-07T16:34:58.752+00:00 VCP idle angle=234668 amtOk=1 fdbkOk=1 en=0 tgtOk=1
2026-07-07T16:34:58.952+00:00 VCP SET_TARGET_RX steer=0 wheel=0
2026-07-07T16:34:59.353+00:00 VCP idle angle=234668 amtOk=1 fdbkOk=1 en=0 tgtOk=1
2026-07-07T16:34:59.553+00:00 VCP SET_TARGET_RX steer=0 wheel=0
2026-07-07T16:34:59.753+00:00 VCP idle angle=234668 amtOk=1 fdbkOk=1 en=0 tgtOk=1
2026-07-07T16:34:59.953+00:00 VCP SET_TARGET_RX steer=0 wheel=0
2026-07-07T16:35:00.354+00:00 VCP idle angle=234668 amtOk=1 fdbkOk=1 en=0 tgtOk=1
2026-07-07T16:35:00.554+00:00 VCP SET_TARGET_RX steer=0 wheel=0
2026-07-07T16:35:00.755+00:00 VCP idle angle=234668 amtOk=1 fdbkOk=1 en=0 tgtOk=1
2026-07-07T16:35:00.955+00:00 VCP SET_TARGET_RX steer=0 wheel=0
2026-07-07T16:35:01.355+00:00 VCP idle angle=234668 amtOk=1 fdbkOk=1 en=0 tgtOk=1
2026-07-07T16:35:01.556+00:00 VCP SET_TARGET_RX steer=0 wheel=0
2026-07-07T16:35:01.756+00:00 VCP idle angle=234668 amtOk=1 fdbkOk=1 en=0 tgtOk=1
2026-07-07T16:35:01.956+00:00 VCP SET_TARGET_RX steer=0 wheel=0
2026-07-07T16:35:02.357+00:00 VCP idle angle=234668 amtOk=1 fdbkOk=1 en=0 tgtOk=1
2026-07-07T16:35:02.557+00:00 VCP SET_TARGET_RX steer=0 wheel=0
2026-07-07T16:35:02.757+00:00 VCP idle angle=234668 amtOk=1 fdbkOk=1 en=0 tgtOk=1
2026-07-07T16:35:02.957+00:00 VCP SET_TARGET_RX steer=0 wheel=0
2026-07-07T16:35:03.358+00:00 VCP idle angle=234668 amtOk=1 fdbkOk=1 en=0 tgtOk=1
2026-07-07T16:35:03.558+00:00 VCP SET_TARGET_RX steer=0 wheel=0
2026-07-07T16:35:03.759+00:00 VCP idle angle=234668 amtOk=1 fdbkOk=1 en=0 tgtOk=1
2026-07-07T16:35:03.959+00:00 VCP SET_TARGET_RX steer=0 wheel=0
2026-07-07T16:35:04.360+00:00 VCP idle angle=234668 amtOk=1 fdbkOk=1 en=0 tgtOk=1
2026-07-07T16:35:04.560+00:00 VCP SET_TARGET_RX steer=0 wheel=0
2026-07-07T16:35:04.760+00:00 VCP idle angle=234668 amtOk=1 fdbkOk=1 en=0 tgtOk=1
2026-07-07T16:35:04.960+00:00 VCP SET_TARGET_RX steer=0 wheel=0
2026-07-07T16:35:05.361+00:00 VCP idle angle=234668 amtOk=1 fdbkOk=1 en=0 tgtOk=1
2026-07-07T16:35:05.561+00:00 VCP SET_TARGET_RX steer=0 wheel=0
2026-07-07T16:35:05.762+00:00 VCP idle angle=234668 amtOk=1 fdbkOk=1 en=0 tgtOk=1
2026-07-07T16:35:05.962+00:00 VCP SET_TARGET_RX steer=0 wheel=0
2026-07-07T16:35:06.363+00:00 VCP idle angle=234668 amtOk=1 fdbkOk=1 en=0 tgtOk=1
2026-07-07T16:35:06.563+00:00 VCP SET_TARGET_RX steer=0 wheel=0
2026-07-07T16:35:06.763+00:00 VCP idle angle=234668 amtOk=1 fdbkOk=1 en=0 tgtOk=1
2026-07-07T16:35:06.963+00:00 VCP SET_TARGET_RX steer=0 wheel=0
2026-07-07T16:35:07.364+00:00 VCP idle angle=234668 amtOk=1 fdbkOk=1 en=0 tgtOk=1
2026-07-07T16:35:07.564+00:00 VCP SET_TARGET_RX steer=0 wheel=0
2026-07-07T16:35:07.765+00:00 VCP idle angle=234668 amtOk=1 fdbkOk=1 en=0 tgtOk=1
2026-07-07T16:35:08.165+00:00 VCP SET_TARGET_RX steer=0 wheel=0
2026-07-07T16:35:08.250+00:00 WEBUI enable sent (seeded steer target=234.668deg)
2026-07-07T16:35:08.350+00:00 VCP idle angle=234668 amtOk=1 fdbkOk=1 en=0 tgtOk=1
2026-07-07T16:35:08.350+00:00 VCP UNIT_CTRL enable=1
2026-07-07T16:35:08.350+00:00 VCP START_CAN: angle=234668 target=234668 wheelTarget=0
2026-07-07T16:35:08.350+00:00 VCP SET_TARGET_FF_RX steerRate=30000 wheelAccel=0
2026-07-07T16:35:08.453+00:00 VCP run=1 step=0 angle=236074 target=237070 err=996 steer=6992 m1=1113/78363 i1=1374 t1=31 m2=-572/-59137 i2=-1570 t2=31 steerMode=9613/11867 iSteer=-98369 driveMode=68750/27485 iDrive=1472042 scale=0 wheel=200000 ffS=5000
2026-07-07T16:35:08.553+00:00 VCP run=1 step=0 angle=240381 target=240068 err=-313 steer=5000 m1=1575/75625 i1=60 t1=31 m2=-1396/-61875 i2=-37 t2=31 steerMode=6875/6766 iSteer=11503 driveMode=68750/75490 iDrive=48160 scale=0 wheel=200000 ffS=5000
2026-07-07T16:35:08.553+00:00 VCP SET_TARGET_RX steer=241870 wheel=200000
2026-07-07T16:35:08.657+00:00 VCP run=1 step=0 angle=243369 target=243668 err=299 steer=5000 m1=1475/75625 i1=171 t1=31 m2=-1206/-61875 i2=-185 t2=31 steerMode=6875/7154 iSteer=-6847 driveMode=68750/70866 iDrive=178195 scale=0 wheel=200000 ffS=5000
2026-07-07T16:35:08.760+00:00 VCP run=1 step=0 angle=246445 target=246667 err=222 steer=5000 m1=1481/75625 i1=198 t1=31 m2=-1210/-61875 i2=-220 t2=31 steerMode=6875/7204 iSteer=-11091 driveMode=68750/69774 iDrive=209015 scale=0 wheel=200000 ffS=5000
2026-07-07T16:35:08.859+00:00 VCP run=1 step=0 angle=249521 target=249067 err=-454 steer=5000 m1=1462/75625 i1=177 t1=31 m2=-1204/-61875 i2=-210 t2=31 steerMode=6875/7300 iSteer=-16453 driveMode=68750/70203 iDrive=193670 scale=0 wheel=200000 ffS=5000
2026-07-07T16:35:08.859+00:00 VCP SET_TARGET_FF_RX steerRate=30000 wheelAccel=0
2026-07-07T16:35:08.984+00:00 VCP run=1 step=0 angle=252686 target=252067 err=-619 steer=3763 m1=1471/73924 i1=123 t1=31 m2=-1225/-63576 i2=-262 t2=31 steerMode=5174/6656 iSteer=-69907 driveMode=68750/70154 iDrive=192519 scale=0 wheel=200000 ffS=5000
2026-07-07T16:35:08.984+00:00 VCP run=1 step=0 angle=255498 target=255668 err=170 steer=5000 m1=1489/75625 i1=163 t1=31 m2=-1168/-61875 i2=-187 t2=31 steerMode=6875/7213 iSteer=-12308 driveMode=68750/70628 iDrive=174950 scale=0 wheel=200000 ffS=5000
2026-07-07T16:35:09.143+00:00 VCP SET_TARGET_RX steer=256868 wheel=200000
2026-07-07T16:35:09.143+00:00 VCP run=1 step=0 angle=258574 target=258066 err=-508 steer=4400 m1=1439/74800 i1=144 t1=31 m2=-1177/-62700 i2=-286 t2=31 steerMode=6050/7514 iSteer=-71294 driveMode=68750/69230 iDrive=215140 scale=0 wheel=200000 ffS=5000
2026-07-07T16:35:09.247+00:00 VCP run=1 step=0 angle=261299 target=261667 err=368 steer=5000 m1=1458/75625 i1=171 t1=31 m2=-1233/-61875 i2=-189 t2=31 steerMode=6875/7083 iSteer=-8983 driveMode=68750/70325 iDrive=180431 scale=0 wheel=200000 ffS=5000
2026-07-07T16:35:09.346+00:00 VCP run=1 step=0 angle=264287 target=264068 err=-219 steer=5000 m1=1473/75625 i1=184 t1=31 m2=-1204/-61875 i2=-169 t2=31 steerMode=6875/6740 iSteer=7338 driveMode=68750/70352 iDrive=176662 scale=0 wheel=200000 ffS=5000
2026-07-07T16:35:09.346+00:00 VCP SET_TARGET_FF_RX steerRate=30000 wheelAccel=0
2026-07-07T16:35:09.450+00:00 VCP run=1 step=0 angle=267539 target=267669 err=130 steer=5000 m1=1450/75625 i1=205 t1=31 m2=-1172/-61875 i2=-172 t2=31 steerMode=6875/6549 iSteer=16885 driveMode=68750/69882 iDrive=188460 scale=0 wheel=200000 ffS=5000
2026-07-07T16:35:09.549+00:00 VCP run=1 step=0 angle=270615 target=270067 err=-548 steer=3904 m1=1469/74117 i1=117 t1=31 m2=-1200/-63383 i2=-260 t2=31 steerMode=5367/6821 iSteer=-71708 driveMode=68750/69802 iDrive=188513 scale=0 wheel=200000 ffS=5000
2026-07-07T16:35:09.549+00:00 VCP SET_TARGET_RX steer=272470 wheel=200000
2026-07-07T16:35:09.653+00:00 VCP run=1 step=0 angle=273340 target=273069 err=-271 steer=5000 m1=1448/75625 i1=198 t1=31 m2=-1168/-61875 i2=-221 t2=31 steerMode=6875/7116 iSteer=-11561 driveMode=68750/69075 iDrive=209401 scale=0 wheel=200000 ffS=5000
2026-07-07T16:35:09.756+00:00 VCP run=1 step=0 angle=276504 target=276067 err=-437 steer=5000 m1=1452/75625 i1=164 t1=31 m2=-1206/-61875 i2=-216 t2=31 steerMode=6875/7391 iSteer=-25879 driveMode=68750/69684 iDrive=189710 scale=0 wheel=200000 ffS=5000
2026-07-07T16:35:09.855+00:00 VCP run=1 step=0 angle=279580 target=279069 err=-511 steer=3978 m1=1448/74220 i1=110 t1=31 m2=-1195/-63280 i2=-255 t2=31 steerMode=5470/6905 iSteer=-72733 driveMode=68750/69850 iDrive=182668 scale=0 wheel=200000 ffS=5000
2026-07-07T16:35:09.855+00:00 VCP SET_TARGET_FF_RX steerRate=30000 wheelAccel=0
2026-07-07T16:35:09.959+00:00 VCP run=1 step=0 angle=282041 target=282067 err=26 steer=5000 m1=1464/75625 i1=178 t1=31 m2=-1183/-61875 i2=-200 t2=31 steerMode=6875/7087 iSteer=-11238 driveMode=68750/69574 iDrive=188858 scale=0 wheel=200000 ffS=5000
2026-07-07T16:35:10.058+00:00 VCP run=1 step=0 angle=285908 target=285069 err=-839 steer=3322 m1=1437/73317 i1=58 t1=31 m2=-1135/-64183 i2=-382 t2=31 steerMode=4567/7750 iSteer=-162010 driveMode=68750/68506 iDrive=220342 scale=0 wheel=200000 ffS=5000
2026-07-07T16:35:10.059+00:00 VCP SET_TARGET_RX steer=288068 wheel=200000
2026-07-07T16:35:10.243+00:00 VCP run=1 step=0 angle=288545 target=288068 err=-477 steer=5000 m1=1414/75625 i1=245 t1=31 m2=-1174/-61875 i2=-208 t2=31 steerMode=6875/6427 iSteer=18659 driveMode=68750/68335 iDrive=226306 scale=0 wheel=200000 ffS=5000
2026-07-07T16:35:10.243+00:00 VCP run=1 step=0 angle=291357 target=291669 err=312 steer=5000 m1=1446/75625 i1=186 t1=31 m2=-1197/-61875 i2=-183 t2=31 steerMode=6875/6744 iSteer=1446 driveMode=68750/69698 iDrive=184678 scale=0 wheel=200000 ffS=5000
2026-07-07T16:35:10.343+00:00 VCP run=1 step=0 angle=294082 target=294666 err=584 steer=5600 m1=1454/76450 i1=214 t1=31 m2=-1170/-61050 i2=-140 t2=31 steerMode=7700/6867 iSteer=37268 driveMode=68750/69874 iDrive=177210 scale=0 wheel=200000 ffS=5000
2026-07-07T16:35:10.343+00:00 VCP SET_TARGET_FF_RX steerRate=30000 wheelAccel=0
2026-07-07T16:35:10.446+00:00 VCP run=1 step=0 angle=297158 target=297668 err=510 steer=5600 m1=1471/76450 i1=209 t1=31 m2=-1185/-61050 i2=-167 t2=31 steerMode=7700/7162 iSteer=21373 driveMode=68750/69472 iDrive=188007 scale=0 wheel=200000 ffS=5000
2026-07-07T16:35:10.546+00:00 VCP run=1 step=0 angle=299971 target=300667 err=696 steer=5600 m1=1456/76450 i1=196 t1=31 m2=-1179/-61050 i2=-175 t2=31 steerMode=7700/7361 iSteer=10918 driveMode=68750/69501 iDrive=185461 scale=0 wheel=200000 ffS=5000
2026-07-07T16:35:10.546+00:00 VCP SET_TARGET_RX steer=303067 wheel=200000
2026-07-07T16:35:10.649+00:00 VCP run=1 step=0 angle=303223 target=303067 err=-156 steer=5000 m1=1454/75625 i1=175 t1=31 m2=-1154/-61875 i2=-235 t2=31 steerMode=6875/7323 iSteer=-29949 driveMode=68750/68841 iDrive=204977 scale=0 wheel=200000 ffS=5000
2026-07-07T16:35:10.753+00:00 VCP run=1 step=0 angle=306563 target=306667 err=105 steer=5000 m1=1458/75625 i1=181 t1=31 m2=-1154/-61875 i2=-232 t2=31 steerMode=6875/7214 iSteer=-25555 driveMode=68750/68801 iDrive=206145 scale=0 wheel=200000 ffS=5000
2026-07-07T16:35:10.852+00:00 VCP run=1 step=0 angle=309375 target=309668 err=293 steer=5000 m1=1458/75625 i1=195 t1=31 m2=-1216/-61875 i2=-192 t2=31 steerMode=6875/6649 iSteer=1598 driveMode=68750/69221 iDrive=193119 scale=0 wheel=200000 ffS=5000
2026-07-07T16:35:10.852+00:00 VCP SET_TARGET_FF_RX steerRate=30000 wheelAccel=0
2026-07-07T16:35:10.955+00:00 VCP run=1 step=0 angle=312539 target=312667 err=128 steer=5000 m1=1458/75625 i1=168 t1=31 m2=-1179/-61875 i2=-235 t2=31 steerMode=6875/7342 iSteer=-33380 driveMode=68750/68921 iDrive=201207 scale=0 wheel=200000 ffS=5000
2026-07-07T16:35:11.055+00:00 VCP run=1 step=0 angle=315703 target=315667 err=-36 steer=4504 m1=1427/74942 i1=171 t1=31 m2=-1135/-62558 i2=-253 t2=31 steerMode=6192/6786 iSteer=-41212 driveMode=68750/68562 iDrive=212060 scale=0 wheel=200000 ffS=5000
2026-07-07T16:35:11.055+00:00 VCP SET_TARGET_RX steer=318067 wheel=200000
2026-07-07T16:35:11.159+00:00 VCP run=1 step=0 angle=318164 target=318666 err=502 steer=5600 m1=1460/76450 i1=241 t1=31 m2=-1208/-61050 i2=-133 t2=31 steerMode=7700/6384 iSteer=53904 driveMode=68750/69387 iDrive=187081 scale=0 wheel=200000 ffS=5000
2026-07-07T16:35:11.343+00:00 VCP run=1 step=0 angle=321240 target=321668 err=428 steer=5000 m1=1456/75625 i1=175 t1=31 m2=-1174/-61875 i2=-186 t2=31 steerMode=6875/6756 iSteer=-5483 driveMode=68750/69567 iDrive=180078 scale=0 wheel=200000 ffS=5000
2026-07-07T16:35:11.343+00:00 VCP run=1 step=0 angle=324053 target=324668 err=615 steer=5600 m1=1458/76450 i1=222 t1=31 m2=-1179/-61050 i2=-131 t2=31 steerMode=7700/6579 iSteer=45718 driveMode=68750/69636 iDrive=176392 scale=0 wheel=200000 ffS=5000
2026-07-07T16:35:11.447+00:00 VCP run=1 step=0 angle=326426 target=324700 err=-1726 steer=1548 m1=1381/70879 i1=47 t1=31 m2=-1256/-66621 i2=-315 t2=31 steerMode=2129/4515 iSteer=-134360 driveMode=68750/69433 iDrive=180874 scale=0 wheel=200000 ffS=5000
2026-07-07T16:35:11.547+00:00 VCP run=1 step=0 angle=327041 target=324700 err=-2341 steer=-882 m1=1330/67537 i1=108 t1=31 m2=-1283/-69963 i2=-304 t2=31 steerMode=-1213/410 iSteer=-97934 driveMode=68750/68576 iDrive=205801 scale=0 wheel=200000 ffS=0
2026-07-07T16:35:11.547+00:00 VCP SET_TARGET_RX steer=324700 wheel=200000
2026-07-07T16:35:11.650+00:00 VCP run=1 step=0 angle=326689 target=324700 err=-1989 steer=-3979 m1=1173/63279 i1=234 t1=31 m2=-1432/-74221 i2=-188 t2=31 steerMode=-5471/-6481 iSteer=22673 driveMode=68750/68443 iDrive=210857 scale=0 wheel=200000 ffS=0
2026-07-07T16:35:11.754+00:00 VCP run=1 step=0 angle=324141 target=324700 err=559 steer=1119 m1=1356/70288 i1=272 t1=31 m2=-1260/-67212 i2=-96 t2=31 steerMode=1538/-612 iSteer=87743 driveMode=68750/69320 iDrive=183948 scale=0 wheel=200000 ffS=0
2026-07-07T16:35:11.858+00:00 VCP run=1 step=0 angle=324756 target=324700 err=-56 steer=0 m1=1320/68750 i1=137 t1=31 m2=-1254/-68750 i2=-262 t2=31 steerMode=0/801 iSteer=-62540 driveMode=68750/68774 iDrive=199604 scale=0 wheel=200000 ffS=0
2026-07-07T16:35:12.024+00:00 VCP run=1 step=0 angle=325020 target=324700 err=-320 steer=0 m1=1297/68750 i1=202 t1=31 m2=-1329/-68750 i2=-237 t2=31 steerMode=0/-87 iSteer=-17517 driveMode=68750/68140 iDrive=219042 scale=0 wheel=200000 ffS=0
2026-07-07T16:35:12.024+00:00 VCP run=1 step=0 angle=325195 target=324700 err=-495 steer=0 m1=1293/68750 i1=168 t1=31 m2=-1367/-68750 i2=-225 t2=31 steerMode=0/115 iSteer=-28457 driveMode=68750/68896 iDrive=196926 scale=0 wheel=200000 ffS=0
2026-07-07T16:35:12.145+00:00 VCP SET_TARGET_RX steer=324700 wheel=200000
2026-07-07T16:35:12.145+00:00 VCP run=1 step=0 angle=325195 target=324700 err=-495 steer=0 m1=1318/68750 i1=157 t1=31 m2=-1333/-68750 i2=-208 t2=31 steerMode=0/53 iSteer=-25409 driveMode=68750/69347 iDrive=182469 scale=0 wheel=200000 ffS=0
2026-07-07T16:35:12.249+00:00 VCP run=1 step=0 angle=325195 target=324700 err=-495 steer=0 m1=1330/68750 i1=168 t1=31 m2=-1365/-68750 i2=-172 t2=31 steerMode=0/-399 iSteer=-2067 driveMode=68750/69736 iDrive=170418 scale=0 wheel=200000 ffS=0
2026-07-07T16:35:12.353+00:00 VCP run=1 step=0 angle=325107 target=324700 err=-407 steer=0 m1=1318/68750 i1=158 t1=31 m2=-1327/-68750 i2=-196 t2=31 steerMode=0/-68 iSteer=-19410 driveMode=68750/69517 iDrive=177004 scale=0 wheel=200000 ffS=0
2026-07-07T16:35:12.457+00:00 VCP run=1 step=0 angle=325020 target=324700 err=-320 steer=0 m1=1307/68750 i1=148 t1=31 m2=-1321/-68750 i2=-276 t2=31 steerMode=0/806 iSteer=-64358 driveMode=68750/68353 iDrive=212111 scale=0 wheel=200000 ffS=0
2026-07-07T16:35:12.558+00:00 VCP run=1 step=0 angle=325107 target=324700 err=-407 steer=0 m1=1314/68750 i1=174 t1=31 m2=-1321/-68750 i2=-222 t2=31 steerMode=0/-20 iSteer=-24336 driveMode=68750/68848 iDrive=198024 scale=0 wheel=200000 ffS=0
2026-07-07T16:35:12.558+00:00 VCP SET_TARGET_RX steer=324700 wheel=200000
2026-07-07T16:35:12.744+00:00 VCP run=1 step=0 angle=325107 target=324700 err=-407 steer=0 m1=1301/68750 i1=159 t1=31 m2=-1292/-68750 i2=-222 t2=31 steerMode=0/124 iSteer=-31490 driveMode=68750/69083 iDrive=190572 scale=0 wheel=200000 ffS=0
2026-07-07T16:35:12.744+00:00 VCP run=1 step=0 angle=325107 target=324700 err=-407 steer=0 m1=1330/68750 i1=165 t1=31 m2=-1269/-68750 i2=-215 t2=31 steerMode=0/-7 iSteer=-24965 driveMode=68750/69075 iDrive=190259 scale=0 wheel=200000 ffS=0
2026-07-07T16:35:12.848+00:00 VCP run=1 step=0 angle=325195 target=324700 err=-495 steer=0 m1=1328/68750 i1=155 t1=31 m2=-1290/-68750 i2=-250 t2=31 steerMode=0/429 iSteer=-47314 driveMode=68750/68667 iDrive=202659 scale=0 wheel=200000 ffS=0
2026-07-07T16:35:12.952+00:00 VCP run=1 step=0 angle=325283 target=324700 err=-583 steer=-1166 m1=1284/67146 i1=138 t1=31 m2=-1352/-70354 i2=-214 t2=31 steerMode=-1604/-1394 iSteer=-37658 driveMode=68750/69545 iDrive=176158 scale=0 wheel=200000 ffS=0
2026-07-07T16:35:13.052+00:00 VCP run=1 step=0 angle=325195 target=324700 err=-495 steer=0 m1=1324/68750 i1=174 t1=31 m2=-1359/-68750 i2=-187 t2=31 steerMode=0/-355 iSteer=-6535 driveMode=68750/69388 iDrive=180866 scale=0 wheel=200000 ffS=0
2026-07-07T16:35:13.052+00:00 VCP SET_TARGET_RX steer=324700 wheel=200000
2026-07-07T16:35:13.156+00:00 VCP run=1 step=0 angle=325195 target=324700 err=-495 steer=0 m1=1293/68750 i1=159 t1=31 m2=-1319/-68750 i2=-209 t2=31 steerMode=0/13 iSteer=-24837 driveMode=68750/69274 iDrive=184285 scale=0 wheel=200000 ffS=0
2026-07-07T16:35:13.343+00:00 VCP run=1 step=0 angle=325195 target=324700 err=-495 steer=0 m1=1318/68750 i1=167 t1=31 m2=-1302/-68750 i2=-219 t2=31 steerMode=0/35 iSteer=-25990 driveMode=68750/68970 iDrive=193395 scale=0 wheel=200000 ffS=0
2026-07-07T16:35:13.343+00:00 VCP run=1 step=0 angle=325195 target=324700 err=-495 steer=0 m1=1291/68750 i1=141 t1=31 m2=-1313/-68750 i2=-292 t2=31 steerMode=0/971 iSteer=-75092 driveMode=68750/68229 iDrive=216475 scale=0 wheel=200000 ffS=0
2026-07-07T16:35:13.446+00:00 VCP run=1 step=0 angle=325283 target=324700 err=-583 steer=-600 m1=1286/67925 i1=138 t1=31 m2=-1271/-69575 i2=-259 t2=31 steerMode=-825/-161 iSteer=-60593 driveMode=68750/68846 iDrive=198315 scale=0 wheel=200000 ffS=0
2026-07-07T16:35:13.546+00:00 VCP run=1 step=0 angle=325283 target=324700 err=-583 steer=-1166 m1=1272/67146 i1=183 t1=31 m2=-1359/-70354 i2=-200 t2=31 steerMode=-1604/-2031 iSteer=-8139 driveMode=68750/69064 iDrive=191632 scale=0 wheel=200000 ffS=0
2026-07-07T16:35:13.546+00:00 VCP SET_TARGET_RX steer=324700 wheel=200000
2026-07-07T16:35:13.650+00:00 VCP run=1 step=0 angle=324932 target=324700 err=-232 steer=0 m1=1351/68750 i1=139 t1=31 m2=-1246/-68750 i2=-256 t2=31 steerMode=0/629 iSteer=-58821 driveMode=68750/68854 iDrive=197366 scale=0 wheel=200000 ffS=0
2026-07-07T16:35:13.754+00:00 VCP run=1 step=0 angle=324932 target=324700 err=-232 steer=0 m1=1305/68750 i1=175 t1=31 m2=-1333/-68750 i2=-265 t2=31 steerMode=0/304 iSteer=-44722 driveMode=68750/68132 iDrive=219933 scale=0 wheel=200000 ffS=0
2026-07-07T16:35:13.858+00:00 VCP run=1 step=0 angle=325020 target=324700 err=-320 steer=0 m1=1330/68750 i1=169 t1=31 m2=-1340/-68750 i2=-190 t2=31 steerMode=0/-351 iSteer=-10925 driveMode=68750/69470 iDrive=179520 scale=0 wheel=200000 ffS=0
2026-07-07T16:35:14.024+00:00 VCP run=1 step=0 angle=324844 target=324700 err=-144 steer=0 m1=1322/68750 i1=139 t1=31 m2=-1308/-68750 i2=-214 t2=31 steerMode=0/192 iSteer=-37610 driveMode=68750/69527 iDrive=176679 scale=0 wheel=200000 ffS=0
2026-07-07T16:35:14.025+00:00 VCP run=1 step=0 angle=324756 target=324700 err=-56 steer=0 m1=1320/68750 i1=161 t1=31 m2=-1323/-68750 i2=-221 t2=31 steerMode=0/24 iSteer=-29954 driveMode=68750/69054 iDrive=190894 scale=0 wheel=200000 ffS=0
2026-07-07T16:35:14.051+00:00 WEBUI STOP sequence start (manual STOP): coasting 1.0s before disable
2026-07-07T16:35:14.145+00:00 VCP SET_TARGET_RX steer=324700 wheel=200000
2026-07-07T16:35:14.145+00:00 VCP run=1 step=0 angle=324668 target=324700 err=32 steer=0 m1=1303/68750 i1=148 t1=31 m2=-1338/-68750 i2=-234 t2=31 steerMode=0/292 iSteer=-43245 driveMode=68750/69053 iDrive=190924 scale=0 wheel=200000 ffS=0
2026-07-07T16:35:14.251+00:00 VCP run=1 step=0 angle=324756 target=324700 err=-56 steer=0 m1=372/0 i1=-924 t1=31 m2=-373/0 i2=879 t2=31 steerMode=0/-140 iSteer=-22344 driveMode=0/35740 iDrive=-901773 scale=0 wheel=0 ffS=0
2026-07-07T16:35:14.358+00:00 VCP run=1 step=0 angle=324756 target=324700 err=-56 steer=0 m1=6/0 i1=133 t1=31 m2=-5/0 i2=-140 t2=31 steerMode=0/-468 iSteer=-3752 driveMode=0/520 iDrive=136602 scale=0 wheel=0 ffS=0
2026-07-07T16:35:14.558+00:00 VCP run=1 step=0 angle=324756 target=324700 err=-56 steer=0 m1=0/0 i1=128 t1=31 m2=0/0 i2=-168 t2=31 steerMode=0/-129 iSteer=-20217 driveMode=0/130 iDrive=147886 scale=0 wheel=0 ffS=0
2026-07-07T16:35:14.558+00:00 VCP run=1 step=0 angle=324756 target=324700 err=-56 steer=0 m1=0/0 i1=125 t1=31 m2=0/0 i2=-178 t2=31 steerMode=0/-1 iSteer=-26507 driveMode=0/1 iDrive=151703 scale=0 wheel=0 ffS=0
2026-07-07T16:35:14.558+00:00 VCP SET_TARGET_RX steer=145700 wheel=0
2026-07-07T16:35:14.558+00:00 VCP STOP: angle diverged err=-179056
2026-07-07T16:35:14.959+00:00 VCP idle angle=324756 amtOk=1 fdbkOk=1 en=0 tgtOk=1
2026-07-07T16:35:15.052+00:00 WEBUI STOP sequence complete (manual STOP)
2026-07-07T16:35:15.159+00:00 VCP SET_TARGET_RX steer=145700 wheel=0
2026-07-07T16:35:15.159+00:00 VCP UNIT_CTRL enable=0
2026-07-07T16:35:15.159+00:00 VCP UNIT_CTRL enable=0
2026-07-07T16:35:15.559+00:00 VCP idle angle=324756 amtOk=1 fdbkOk=1 en=0 tgtOk=1
2026-07-07T16:35:15.560+00:00 VCP SET_TARGET_RX steer=145700 wheel=0
2026-07-07T16:35:15.960+00:00 VCP idle angle=324756 amtOk=1 fdbkOk=1 en=0 tgtOk=1
2026-07-07T16:35:16.160+00:00 VCP SET_TARGET_RX steer=145700 wheel=0
2026-07-07T16:35:16.258+00:00 WEBUI enable sent (seeded steer target=324.756deg)
2026-07-07T16:35:16.360+00:00 VCP UNIT_CTRL enable=1
2026-07-07T16:35:16.360+00:00 VCP START_CAN: angle=324756 target=324756 wheelTarget=0
2026-07-07T16:35:16.360+00:00 VCP run=1 step=0 angle=324756 target=324756 err=0 steer=0 m1=0/0 i1=0 t1=31 m2=0/0 i2=0 t2=31 steerMode=0/0 iSteer=0 driveMode=0/0 iDrive=0 scale=0 wheel=0 ffS=0
2026-07-07T16:35:16.469+00:00 VCP run=1 step=0 angle=324756 target=324756 err=0 steer=0 m1=0/0 i1=0 t1=31 m2=0/0 i2=0 t2=31 steerMode=0/0 iSteer=0 driveMode=0/0 iDrive=0 scale=0 wheel=0 ffS=0
2026-07-07T16:35:16.660+00:00 VCP run=1 step=0 angle=324756 target=324756 err=0 steer=0 m1=0/0 i1=0 t1=31 m2=0/0 i2=0 t2=31 steerMode=0/0 iSteer=0 driveMode=0/0 iDrive=0 scale=0 wheel=0 ffS=0
2026-07-07T16:35:16.660+00:00 VCP SET_TARGET_RX steer=324756 wheel=0
2026-07-07T16:35:16.660+00:00 VCP run=1 step=0 angle=324756 target=324756 err=0 steer=0 m1=0/0 i1=0 t1=31 m2=0/0 i2=0 t2=31 steerMode=0/0 iSteer=0 driveMode=0/0 iDrive=0 scale=0 wheel=0 ffS=0
2026-07-07T16:35:16.769+00:00 VCP run=1 step=0 angle=324756 target=324756 err=0 steer=0 m1=0/0 i1=0 t1=31 m2=0/0 i2=0 t2=31 steerMode=0/0 iSteer=0 driveMode=0/0 iDrive=0 scale=0 wheel=0 ffS=0
2026-07-07T16:35:16.963+00:00 VCP run=1 step=0 angle=324756 target=324756 err=0 steer=0 m1=0/0 i1=0 t1=31 m2=0/0 i2=0 t2=31 steerMode=0/0 iSteer=0 driveMode=0/0 iDrive=0 scale=0 wheel=0 ffS=0
2026-07-07T16:35:16.963+00:00 VCP run=1 step=0 angle=324756 target=324756 err=0 steer=0 m1=0/0 i1=0 t1=31 m2=0/0 i2=0 t2=31 steerMode=0/0 iSteer=0 driveMode=0/0 iDrive=0 scale=0 wheel=0 ffS=0
2026-07-07T16:35:17.068+00:00 VCP run=1 step=0 angle=324756 target=324756 err=0 steer=0 m1=0/0 i1=0 t1=31 m2=0/0 i2=0 t2=31 steerMode=0/0 iSteer=0 driveMode=0/0 iDrive=0 scale=0 wheel=0 ffS=0
2026-07-07T16:35:17.069+00:00 VCP SET_TARGET_RX steer=324756 wheel=0
2026-07-07T16:35:17.263+00:00 VCP run=1 step=0 angle=324756 target=324756 err=0 steer=0 m1=0/0 i1=0 t1=31 m2=0/0 i2=0 t2=31 steerMode=0/0 iSteer=0 driveMode=0/0 iDrive=0 scale=0 wheel=0 ffS=0
2026-07-07T16:35:17.263+00:00 VCP run=1 step=0 angle=324756 target=324756 err=0 steer=0 m1=0/0 i1=0 t1=31 m2=0/0 i2=0 t2=31 steerMode=0/0 iSteer=0 driveMode=0/0 iDrive=0 scale=0 wheel=0 ffS=0
2026-07-07T16:35:17.372+00:00 VCP run=1 step=0 angle=324756 target=324756 err=0 steer=0 m1=0/0 i1=0 t1=31 m2=0/0 i2=0 t2=31 steerMode=0/0 iSteer=0 driveMode=0/0 iDrive=0 scale=0 wheel=0 ffS=0
2026-07-07T16:35:17.564+00:00 VCP run=1 step=0 angle=324756 target=324756 err=0 steer=0 m1=0/0 i1=0 t1=31 m2=0/0 i2=0 t2=31 steerMode=0/0 iSteer=0 driveMode=0/0 iDrive=0 scale=0 wheel=0 ffS=0
2026-07-07T16:35:17.564+00:00 VCP run=1 step=0 angle=324756 target=324756 err=0 steer=0 m1=0/0 i1=0 t1=31 m2=0/0 i2=0 t2=31 steerMode=0/0 iSteer=0 driveMode=0/0 iDrive=0 scale=0 wheel=0 ffS=0
2026-07-07T16:35:17.564+00:00 VCP SET_TARGET_RX steer=324756 wheel=0
2026-07-07T16:35:17.671+00:00 VCP run=1 step=0 angle=324756 target=324756 err=0 steer=0 m1=0/0 i1=0 t1=31 m2=0/0 i2=0 t2=31 steerMode=0/0 iSteer=0 driveMode=0/0 iDrive=0 scale=0 wheel=0 ffS=0
2026-07-07T16:35:17.866+00:00 VCP run=1 step=0 angle=324756 target=324756 err=0 steer=0 m1=0/0 i1=0 t1=31 m2=0/0 i2=0 t2=31 steerMode=0/0 iSteer=0 driveMode=0/0 iDrive=0 scale=0 wheel=0 ffS=0
2026-07-07T16:35:17.866+00:00 VCP run=1 step=0 angle=324756 target=324756 err=0 steer=0 m1=0/0 i1=0 t1=31 m2=0/0 i2=0 t2=31 steerMode=0/0 iSteer=0 driveMode=0/0 iDrive=0 scale=0 wheel=0 ffS=0
2026-07-07T16:35:18.023+00:00 VCP run=1 step=0 angle=324756 target=324756 err=0 steer=0 m1=0/0 i1=0 t1=31 m2=0/0 i2=0 t2=31 steerMode=0/0 iSteer=0 driveMode=0/0 iDrive=0 scale=0 wheel=0 ffS=0
2026-07-07T16:35:18.023+00:00 VCP run=1 step=0 angle=324756 target=324756 err=0 steer=0 m1=0/0 i1=0 t1=31 m2=0/0 i2=0 t2=31 steerMode=0/0 iSteer=0 driveMode=0/0 iDrive=0 scale=0 wheel=0 ffS=0
2026-07-07T16:35:18.166+00:00 VCP SET_TARGET_RX steer=324756 wheel=0
2026-07-07T16:35:18.166+00:00 VCP run=1 step=0 angle=324756 target=324756 err=0 steer=0 m1=0/0 i1=0 t1=31 m2=0/0 i2=0 t2=31 steerMode=0/0 iSteer=0 driveMode=0/0 iDrive=0 scale=0 wheel=0 ffS=0
2026-07-07T16:35:18.361+00:00 VCP run=1 step=0 angle=324756 target=324756 err=0 steer=0 m1=0/0 i1=0 t1=31 m2=0/0 i2=0 t2=31 steerMode=0/0 iSteer=0 driveMode=0/0 iDrive=0 scale=0 wheel=0 ffS=0
2026-07-07T16:35:18.361+00:00 VCP run=1 step=0 angle=324756 target=324756 err=0 steer=0 m1=0/0 i1=0 t1=31 m2=0/0 i2=0 t2=31 steerMode=0/0 iSteer=0 driveMode=0/0 iDrive=0 scale=0 wheel=0 ffS=0
2026-07-07T16:35:18.469+00:00 VCP run=1 step=0 angle=324756 target=324756 err=0 steer=0 m1=0/0 i1=0 t1=31 m2=0/0 i2=0 t2=31 steerMode=0/0 iSteer=0 driveMode=0/0 iDrive=0 scale=0 wheel=0 ffS=0
2026-07-07T16:35:18.660+00:00 VCP run=1 step=0 angle=324756 target=324756 err=0 steer=0 m1=0/0 i1=0 t1=31 m2=0/0 i2=0 t2=31 steerMode=0/0 iSteer=0 driveMode=0/0 iDrive=0 scale=0 wheel=0 ffS=0
2026-07-07T16:35:18.661+00:00 VCP SET_TARGET_RX steer=324756 wheel=0
2026-07-07T16:35:18.661+00:00 VCP run=1 step=0 angle=324756 target=324756 err=0 steer=0 m1=0/0 i1=0 t1=31 m2=0/0 i2=0 t2=31 steerMode=0/0 iSteer=0 driveMode=0/0 iDrive=0 scale=0 wheel=0 ffS=0
2026-07-07T16:35:18.769+00:00 VCP run=1 step=0 angle=324756 target=324756 err=0 steer=0 m1=0/0 i1=0 t1=31 m2=0/0 i2=0 t2=31 steerMode=0/0 iSteer=0 driveMode=0/0 iDrive=0 scale=0 wheel=0 ffS=0
2026-07-07T16:35:18.963+00:00 VCP run=1 step=0 angle=324756 target=324756 err=0 steer=0 m1=0/0 i1=0 t1=31 m2=0/0 i2=0 t2=31 steerMode=0/0 iSteer=0 driveMode=0/0 iDrive=0 scale=0 wheel=0 ffS=0
2026-07-07T16:35:18.963+00:00 VCP run=1 step=0 angle=324756 target=324756 err=0 steer=0 m1=0/0 i1=0 t1=31 m2=0/0 i2=0 t2=31 steerMode=0/0 iSteer=0 driveMode=0/0 iDrive=0 scale=0 wheel=0 ffS=0
2026-07-07T16:35:19.069+00:00 VCP run=1 step=0 angle=324756 target=324756 err=0 steer=0 m1=0/0 i1=0 t1=31 m2=0/0 i2=0 t2=31 steerMode=0/0 iSteer=0 driveMode=0/0 iDrive=0 scale=0 wheel=0 ffS=0
2026-07-07T16:35:19.069+00:00 VCP SET_TARGET_RX steer=324756 wheel=0
2026-07-07T16:35:19.263+00:00 VCP run=1 step=0 angle=324756 target=324756 err=0 steer=0 m1=0/0 i1=0 t1=31 m2=0/0 i2=0 t2=31 steerMode=0/0 iSteer=0 driveMode=0/0 iDrive=0 scale=0 wheel=0 ffS=0
2026-07-07T16:35:19.263+00:00 VCP run=1 step=0 angle=324756 target=324756 err=0 steer=0 m1=0/0 i1=0 t1=31 m2=0/0 i2=0 t2=31 steerMode=0/0 iSteer=0 driveMode=0/0 iDrive=0 scale=0 wheel=0 ffS=0
2026-07-07T16:35:19.372+00:00 VCP run=1 step=0 angle=324756 target=324756 err=0 steer=0 m1=0/0 i1=0 t1=31 m2=0/0 i2=0 t2=31 steerMode=0/0 iSteer=0 driveMode=0/0 iDrive=0 scale=0 wheel=0 ffS=0
2026-07-07T16:35:19.563+00:00 VCP run=1 step=0 angle=324756 target=324756 err=0 steer=0 m1=0/0 i1=0 t1=31 m2=0/0 i2=0 t2=31 steerMode=0/0 iSteer=0 driveMode=0/0 iDrive=0 scale=0 wheel=0 ffS=0
2026-07-07T16:35:19.563+00:00 VCP run=1 step=0 angle=324756 target=324756 err=0 steer=0 m1=0/0 i1=0 t1=31 m2=0/0 i2=0 t2=31 steerMode=0/0 iSteer=0 driveMode=0/0 iDrive=0 scale=0 wheel=0 ffS=0
2026-07-07T16:35:19.563+00:00 VCP SET_TARGET_RX steer=324756 wheel=0
2026-07-07T16:35:19.671+00:00 VCP run=1 step=0 angle=324756 target=324756 err=0 steer=0 m1=0/0 i1=0 t1=31 m2=0/0 i2=0 t2=31 steerMode=0/0 iSteer=0 driveMode=0/0 iDrive=0 scale=0 wheel=0 ffS=0
2026-07-07T16:35:19.863+00:00 VCP run=1 step=0 angle=324756 target=324756 err=0 steer=0 m1=0/0 i1=0 t1=31 m2=0/0 i2=0 t2=31 steerMode=0/0 iSteer=0 driveMode=0/0 iDrive=0 scale=0 wheel=0 ffS=0
2026-07-07T16:35:19.863+00:00 VCP run=1 step=0 angle=324756 target=324756 err=0 steer=0 m1=10/23375 i1=704 t1=31 m2=-17/-23375 i2=-698 t2=31 steerMode=0/-53 iSteer=2643 driveMode=23375/149 iDrive=700985 scale=0 wheel=68000 ffS=0
2026-07-07T16:35:19.967+00:00 VCP run=1 step=0 angle=325195 target=324756 err=-439 steer=0 m1=761/42969 i1=456 t1=31 m2=-758/-42969 i2=-611 t2=31 steerMode=0/1396 iSteer=-77298 driveMode=42969/32813 iDrive=533403 scale=0 wheel=125000 ffS=0
2026-07-07T16:35:20.067+00:00 VCP run=1 step=0 angle=325195 target=324756 err=-439 steer=-454 m1=899/44063 i1=115 t1=31 m2=-944/-45312 i2=-176 t2=31 steerMode=-625/-182 iSteer=-30481 driveMode=44688/47554 iDrive=145805 scale=0 wheel=130000 ffS=0
2026-07-07T16:35:20.067+00:00 VCP SET_TARGET_RX steer=324756 wheel=130000
2026-07-07T16:35:20.171+00:00 VCP run=1 step=0 angle=325283 target=324756 err=-527 steer=-1054 m1=826/43238 i1=162 t1=31 m2=-879/-46137 i2=-217 t2=31 steerMode=-1450/-1110 iSteer=-27614 driveMode=44688/45988 iDrive=189147 scale=0 wheel=130000 ffS=0
2026-07-07T16:35:20.274+00:00 VCP run=1 step=0 angle=325283 target=324756 err=-527 steer=-1054 m1=847/43238 i1=171 t1=31 m2=-934/-46137 i2=-195 t2=31 steerMode=-1450/-1415 iSteer=-11856 driveMode=44688/46108 iDrive=183194 scale=0 wheel=130000 ffS=0
2026-07-07T16:35:20.460+00:00 VCP run=1 step=0 angle=325195 target=324756 err=-439 steer=0 m1=872/44688 i1=176 t1=31 m2=-794/-44688 i2=-265 t2=31 steerMode=0/646 iSteer=-44228 driveMode=44688/44829 iDrive=220364 scale=0 wheel=130000 ffS=0
2026-07-07T16:35:20.460+00:00 VCP run=1 step=0 angle=325195 target=324756 err=-439 steer=0 m1=880/44688 i1=167 t1=31 m2=-867/-44688 i2=-250 t2=31 steerMode=0/546 iSteer=-41747 driveMode=44688/45205 iDrive=208735 scale=0 wheel=130000 ffS=0
2026-07-07T16:35:20.561+00:00 VCP run=1 step=0 angle=325195 target=324756 err=-439 steer=0 m1=857/44688 i1=193 t1=31 m2=-917/-44688 i2=-163 t2=31 steerMode=0/-598 iSteer=15106 driveMode=44688/46164 iDrive=178388 scale=0 wheel=130000 ffS=0
2026-07-07T16:35:20.561+00:00 VCP SET_TARGET_RX steer=324756 wheel=130000
2026-07-07T16:35:20.665+00:00 VCP run=1 step=0 angle=325195 target=324756 err=-439 steer=0 m1=883/44688 i1=156 t1=31 m2=-888/-44688 i2=-149 t2=31 steerMode=0/-354 iSteer=3245 driveMode=44688/46903 iDrive=152655 scale=0 wheel=130000 ffS=0
2026-07-07T16:35:20.770+00:00 VCP run=1 step=0 angle=325195 target=324756 err=-439 steer=0 m1=872/44688 i1=146 t1=31 m2=-892/-44688 i2=-195 t2=31 steerMode=0/214 iSteer=-24570 driveMode=44688/46195 iDrive=170240 scale=0 wheel=130000 ffS=0
2026-07-07T16:35:20.874+00:00 VCP run=1 step=0 angle=325107 target=324756 err=-351 steer=0 m1=855/44688 i1=172 t1=31 m2=-896/-44688 i2=-179 t2=31 steerMode=0/-220 iSteer=-3475 driveMode=44688/45941 iDrive=175826 scale=0 wheel=130000 ffS=0
2026-07-07T16:35:21.024+00:00 VCP run=1 step=0 angle=325107 target=324756 err=-351 steer=0 m1=874/44688 i1=155 t1=31 m2=-815/-44688 i2=-233 t2=31 steerMode=0/489 iSteer=-39111 driveMode=44688/45255 iDrive=194345 scale=0 wheel=130000 ffS=0
2026-07-07T16:35:21.024+00:00 VCP run=1 step=0 angle=325107 target=324756 err=-351 steer=0 m1=866/44688 i1=155 t1=31 m2=-852/-44688 i2=-236 t2=31 steerMode=0/499 iSteer=-40571 driveMode=44688/45187 iDrive=195422 scale=0 wheel=130000 ffS=0
2026-07-07T16:35:21.161+00:00 VCP SET_TARGET_RX steer=324756 wheel=130000
2026-07-07T16:35:21.161+00:00 VCP run=1 step=0 angle=325107 target=324756 err=-351 steer=0 m1=878/44688 i1=162 t1=31 m2=-858/-44688 i2=-267 t2=31 steerMode=0/687 iSteer=-52496 driveMode=44688/44551 iDrive=214186 scale=0 wheel=130000 ffS=0
2026-07-07T16:35:21.265+00:00 VCP run=1 step=0 angle=325195 target=324756 err=-439 steer=0 m1=872/44688 i1=179 t1=31 m2=-796/-44688 i2=-250 t2=31 steerMode=0/332 iSteer=-35805 driveMode=44688/44538 iDrive=214682 scale=0 wheel=130000 ffS=0
2026-07-07T16:35:21.369+00:00 VCP run=1 step=0 angle=325283 target=324756 err=-527 steer=-1054 m1=868/43238 i1=119 t1=31 m2=-894/-46137 i2=-262 t2=31 steerMode=-1450/-434 iSteer=-71748 driveMode=44688/45332 iDrive=190628 scale=0 wheel=130000 ffS=0
2026-07-07T16:35:21.472+00:00 VCP run=1 step=0 angle=325283 target=324756 err=-527 steer=-1054 m1=862/43238 i1=152 t1=31 m2=-881/-46137 i2=-199 t2=31 steerMode=-1450/-1407 iSteer=-23390 driveMode=44688/45762 iDrive=175779 scale=0 wheel=130000 ffS=0
2026-07-07T16:35:21.573+00:00 VCP run=1 step=0 angle=325107 target=324756 err=-351 steer=0 m1=885/44688 i1=155 t1=31 m2=-869/-44688 i2=-195 t2=31 steerMode=0/15 iSteer=-20404 driveMode=44688/45718 iDrive=175062 scale=0 wheel=130000 ffS=0
2026-07-07T16:35:21.573+00:00 VCP SET_TARGET_RX steer=324756 wheel=130000
2026-07-07T16:35:21.760+00:00 VCP run=1 step=0 angle=324932 target=324756 err=-176 steer=0 m1=839/44688 i1=173 t1=31 m2=-838/-44688 i2=-216 t2=31 steerMode=0/19 iSteer=-21222 driveMode=44688/45025 iDrive=194503 scale=0 wheel=130000 ffS=0
2026-07-07T16:35:21.760+00:00 VCP run=1 step=0 angle=324932 target=324756 err=-176 steer=0 m1=824/44688 i1=175 t1=31 m2=-873/-44688 i2=-241 t2=31 steerMode=0/238 iSteer=-33063 driveMode=44688/44568 iDrive=208236 scale=0 wheel=130000 ffS=0
2026-07-07T16:35:21.864+00:00 VCP run=1 step=0 angle=325020 target=324756 err=-264 steer=0 m1=820/44688 i1=179 t1=31 m2=-833/-44688 i2=-248 t2=31 steerMode=0/244 iSteer=-34459 driveMode=44688/44411 iDrive=213559 scale=0 wheel=130000 ffS=0
2026-07-07T16:35:21.968+00:00 VCP run=1 step=0 angle=325195 target=324756 err=-439 steer=0 m1=885/44688 i1=164 t1=31 m2=-896/-44688 i2=-185 t2=31 steerMode=0/-227 iSteer=-10522 driveMode=44688/45686 iDrive=174492 scale=0 wheel=130000 ffS=0
2026-07-07T16:35:22.069+00:00 VCP run=1 step=0 angle=325195 target=324756 err=-439 steer=0 m1=872/44688 i1=157 t1=31 m2=-829/-44688 i2=-183 t2=31 steerMode=0/-152 iSteer=-13215 driveMode=44688/45763 iDrive=169987 scale=0 wheel=130000 ffS=0
2026-07-07T16:35:22.069+00:00 VCP SET_TARGET_RX steer=324756 wheel=130000
2026-07-07T16:35:22.173+00:00 VCP run=1 step=0 angle=325195 target=324756 err=-439 steer=0 m1=847/44688 i1=158 t1=31 m2=-869/-44688 i2=-217 t2=31 steerMode=0/177 iSteer=-29819 driveMode=44688/45137 iDrive=187379 scale=0 wheel=130000 ffS=0
2026-07-07T16:35:22.360+00:00 VCP run=1 step=0 angle=325195 target=324756 err=-439 steer=0 m1=839/44688 i1=174 t1=31 m2=-873/-44688 i2=-209 t2=31 steerMode=0/-70 iSteer=-17393 driveMode=44688/44981 iDrive=191192 scale=0 wheel=130000 ffS=0
2026-07-07T16:35:22.360+00:00 VCP run=1 step=0 angle=325195 target=324756 err=-439 steer=0 m1=880/44688 i1=166 t1=31 m2=-865/-44688 i2=-202 t2=31 steerMode=0/-52 iSteer=-17987 driveMode=44688/45225 iDrive=183875 scale=0 wheel=130000 ffS=0
2026-07-07T16:35:22.464+00:00 VCP run=1 step=0 angle=325195 target=324756 err=-439 steer=0 m1=872/44688 i1=151 t1=31 m2=-881/-44688 i2=-220 t2=31 steerMode=0/271 iSteer=-34523 driveMode=44688/45177 iDrive=185324 scale=0 wheel=130000 ffS=0
2026-07-07T16:35:22.664+00:00 VCP run=1 step=0 angle=325195 target=324756 err=-439 steer=0 m1=841/44688 i1=157 t1=31 m2=-900/-44688 i2=-229 t2=31 steerMode=0/285 iSteer=-36094 driveMode=44688/44911 iDrive=193282 scale=0 wheel=130000 ffS=0
2026-07-07T16:35:22.664+00:00 VCP STOP: angle diverged err=167805
2026-07-07T16:35:22.664+00:00 VCP SET_TARGET_RX steer=133000 wheel=130000
2026-07-07T16:35:23.065+00:00 VCP idle angle=328975 amtOk=1 fdbkOk=1 en=0 tgtOk=1
2026-07-07T16:35:23.065+00:00 VCP SET_TARGET_RX steer=133000 wheel=130000
2026-07-07T16:35:23.465+00:00 VCP idle angle=328975 amtOk=1 fdbkOk=1 en=0 tgtOk=1
2026-07-07T16:35:23.666+00:00 VCP SET_TARGET_RX steer=133000 wheel=130000
2026-07-07T16:35:24.066+00:00 VCP idle angle=328975 amtOk=1 fdbkOk=1 en=0 tgtOk=1
2026-07-07T16:35:24.066+00:00 VCP SET_TARGET_RX steer=133000 wheel=130000
2026-07-07T16:35:24.466+00:00 VCP idle angle=328975 amtOk=1 fdbkOk=1 en=0 tgtOk=1
2026-07-07T16:35:24.667+00:00 VCP SET_TARGET_RX steer=133000 wheel=130000
2026-07-07T16:35:25.067+00:00 VCP idle angle=328975 amtOk=1 fdbkOk=1 en=0 tgtOk=1
2026-07-07T16:35:25.067+00:00 VCP SET_TARGET_RX steer=133000 wheel=130000
2026-07-07T16:35:25.467+00:00 VCP idle angle=328975 amtOk=1 fdbkOk=1 en=0 tgtOk=1
2026-07-07T16:35:25.668+00:00 VCP SET_TARGET_RX steer=133000 wheel=130000
2026-07-07T16:35:26.068+00:00 VCP idle angle=328975 amtOk=1 fdbkOk=1 en=0 tgtOk=1
2026-07-07T16:35:26.068+00:00 VCP SET_TARGET_RX steer=133000 wheel=170000
2026-07-07T16:35:26.468+00:00 VCP idle angle=328887 amtOk=1 fdbkOk=1 en=0 tgtOk=1
2026-07-07T16:35:26.669+00:00 VCP SET_TARGET_RX steer=133000 wheel=170000
2026-07-07T16:35:27.069+00:00 VCP idle angle=328975 amtOk=1 fdbkOk=1 en=0 tgtOk=1
2026-07-07T16:35:27.069+00:00 VCP SET_TARGET_RX steer=133000 wheel=170000
2026-07-07T16:35:27.116+00:00 WEBUI enable sent (seeded steer target=328.887deg)
2026-07-07T16:35:27.138+00:00 VCP UNIT_CTRL enable=1
2026-07-07T16:35:27.138+00:00 VCP START_CAN: angle=328975 target=328887 wheelTarget=170000
2026-07-07T16:35:27.321+00:00 VCP run=1 step=0 angle=328975 target=328887 err=-88 steer=0 m1=0/2750 i1=83 t1=31 m2=0/-2750 i2=-83 t2=31 steerMode=0/0 iSteer=0 driveMode=2750/0 iDrive=82610 scale=0 wheel=8000 ffS=0
2026-07-07T16:35:27.321+00:00 VCP run=1 step=0 angle=329063 target=328887 err=-175 steer=0 m1=866/58438 i1=1056 t1=31 m2=-877/-58438 i2=-961 t2=31 steerMode=0/-891 iSteer=47133 driveMode=58438/32603 iDrive=1008431 scale=0 wheel=170000 ffS=0
2026-07-07T16:35:27.426+00:00 VCP run=1 step=0 angle=328975 target=328887 err=-88 steer=0 m1=1232/58438 i1=27 t1=31 m2=-1202/-58438 i2=-140 t2=31 steerMode=0/1135 iSteer=-56507 driveMode=58438/63697 iDrive=83548 scale=0 wheel=170000 ffS=0
2026-07-07T16:35:27.530+00:00 VCP run=1 step=0 angle=329238 target=328887 err=-351 steer=0 m1=1134/58438 i1=194 t1=31 m2=-1089/-58438 i2=-246 t2=31 steerMode=0/491 iSteer=-26071 driveMode=58438/58969 iDrive=220022 scale=0 wheel=170000 ffS=0
2026-07-07T16:35:27.630+00:00 VCP run=1 step=0 angle=329502 target=328887 err=-615 steer=-1230 m1=1125/56746 i1=157 t1=31 m2=-1158/-60129 i2=-221 t2=31 steerMode=-1691/-1138 iSteer=-32136 driveMode=58438/59952 iDrive=189326 scale=0 wheel=170000 ffS=0
2026-07-07T16:35:27.630+00:00 VCP SET_TARGET_RX steer=328887 wheel=170000
2026-07-07T16:35:27.733+00:00 VCP run=1 step=0 angle=329414 target=328887 err=-527 steer=-1054 m1=1127/56988 i1=137 t1=31 m2=-1137/-59887 i2=-212 t2=31 steerMode=-1449/-784 iSteer=-37890 driveMode=58438/60329 iDrive=174437 scale=0 wheel=170000 ffS=0
2026-07-07T16:35:27.919+00:00 VCP run=1 step=0 angle=329150 target=328887 err=-263 steer=0 m1=1150/58438 i1=158 t1=31 m2=-1112/-58438 i2=-219 t2=31 steerMode=0/515 iSteer=-30270 driveMode=58438/59765 iDrive=188700 scale=0 wheel=170000 ffS=0
2026-07-07T16:35:27.919+00:00 VCP run=1 step=0 angle=329150 target=328887 err=-263 steer=0 m1=1132/58438 i1=156 t1=31 m2=-1141/-58438 i2=-224 t2=31 steerMode=0/551 iSteer=-33540 driveMode=58438/59636 iDrive=189990 scale=0 wheel=170000 ffS=0
2026-07-07T16:35:28.022+00:00 VCP run=1 step=0 angle=329414 target=328887 err=-527 steer=-1054 m1=1125/56988 i1=112 t1=31 m2=-1124/-59887 i2=-303 t2=31 steerMode=-1449/303 iSteer=-95442 driveMode=58438/58985 iDrive=207778 scale=0 wheel=170000 ffS=0
2026-07-07T16:35:28.122+00:00 VCP run=1 step=0 angle=329414 target=328887 err=-527 steer=-1054 m1=1094/56988 i1=175 t1=31 m2=-1131/-59887 i2=-258 t2=31 steerMode=-1449/-836 iSteer=-41507 driveMode=58438/58670 iDrive=216779 scale=0 wheel=170000 ffS=0
2026-07-07T16:35:28.122+00:00 VCP SET_TARGET_RX steer=328887 wheel=170000
2026-07-07T16:35:28.226+00:00 VCP run=1 step=0 angle=329150 target=328887 err=-263 steer=0 m1=1144/58438 i1=160 t1=31 m2=-1091/-58438 i2=-274 t2=31 steerMode=0/906 iSteer=-56938 driveMode=58438/58656 iDrive=216903 scale=0 wheel=170000 ffS=0
2026-07-07T16:35:28.330+00:00 VCP run=1 step=0 angle=329414 target=328887 err=-527 steer=-1054 m1=1119/56988 i1=128 t1=31 m2=-1131/-59887 i2=-270 t2=31 steerMode=-1449/-305 iSteer=-70660 driveMode=58438/59221 iDrive=198990 scale=0 wheel=170000 ffS=0
2026-07-07T16:35:28.433+00:00 VCP run=1 step=0 angle=329414 target=328887 err=-527 steer=-1054 m1=1117/56988 i1=193 t1=31 m2=-1147/-59887 i2=-157 t2=31 steerMode=-1449/-2082 iSteer=17911 driveMode=58438/59947 iDrive=175024 scale=0 wheel=170000 ffS=0
2026-07-07T16:35:28.537+00:00 VCP run=1 step=0 angle=328975 target=328887 err=-88 steer=0 m1=1132/58438 i1=135 t1=31 m2=-1070/-58438 i2=-293 t2=31 steerMode=0/1315 iSteer=-79090 driveMode=58438/58595 iDrive=214207 scale=0 wheel=170000 ffS=0
2026-07-07T16:35:28.537+00:00 VCP run=1 step=0 angle=329063 target=328887 err=-175 steer=0 m1=1134/58438 i1=181 t1=31 m2=-1116/-58438 i2=-191 t2=31 steerMode=0/-193 iSteer=-5366 driveMode=58438/59505 iDrive=186128 scale=0 wheel=170000 ffS=0
2026-07-07T16:35:28.720+00:00 VCP SET_TARGET_RX steer=328887 wheel=170000
2026-07-07T16:35:28.720+00:00 VCP run=1 step=0 angle=329150 target=328887 err=-263 steer=0 m1=1130/58438 i1=172 t1=31 m2=-1156/-58438 i2=-190 t2=31 steerMode=0/-114 iSteer=-8666 driveMode=58438/59596 iDrive=181012 scale=0 wheel=170000 ffS=0
2026-07-07T16:35:28.824+00:00 VCP run=1 step=0 angle=329063 target=328887 err=-175 steer=0 m1=1130/58438 i1=153 t1=31 m2=-1133/-58438 i2=-183 t2=31 steerMode=0/16 iSteer=-14988 driveMode=58438/59935 iDrive=168350 scale=0 wheel=170000 ffS=0
2026-07-07T16:35:28.928+00:00 VCP run=1 step=0 angle=328975 target=328887 err=-88 steer=0 m1=1146/58438 i1=143 t1=31 m2=-1091/-58438 i2=-255 t2=31 steerMode=0/810 iSteer=-55695 driveMode=58438/58853 iDrive=198828 scale=0 wheel=170000 ffS=0
2026-07-07T16:35:29.032+00:00 VCP run=1 step=0 angle=328975 target=328887 err=-88 steer=0 m1=1130/58438 i1=166 t1=31 m2=-1116/-58438 i2=-235 t2=31 steerMode=0/352 iSteer=-34372 driveMode=58438/58783 iDrive=200142 scale=0 wheel=170000 ffS=0
2026-07-07T16:35:29.133+00:00 VCP run=1 step=0 angle=329063 target=328887 err=-175 steer=0 m1=1138/58438 i1=143 t1=31 m2=-1097/-58438 i2=-250 t2=31 steerMode=0/712 iSteer=-53438 driveMode=58438/58870 iDrive=196590 scale=0 wheel=170000 ffS=0
2026-07-07T16:35:29.133+00:00 VCP SET_TARGET_RX steer=328887 wheel=170000
2026-07-07T16:35:29.319+00:00 VCP run=1 step=0 angle=329063 target=328887 err=-175 steer=0 m1=1111/58438 i1=188 t1=31 m2=-1112/-58438 i2=-213 t2=31 steerMode=0/-119 iSteer=-12757 driveMode=58438/58719 iDrive=200416 scale=0 wheel=170000 ffS=0
2026-07-07T16:35:29.319+00:00 VCP run=1 step=0 angle=329238 target=328887 err=-351 steer=0 m1=1104/58438 i1=177 t1=31 m2=-1126/-58438 i2=-244 t2=31 steerMode=0/292 iSteer=-33710 driveMode=58438/58371 iDrive=210718 scale=0 wheel=170000 ffS=0
2026-07-07T16:35:29.422+00:00 VCP run=1 step=0 angle=329414 target=328887 err=-527 steer=-1054 m1=1098/56988 i1=134 t1=31 m2=-1160/-59887 i2=-238 t2=31 steerMode=-1449/-797 iSteer=-51828 driveMode=58438/59176 iDrive=185780 scale=0 wheel=170000 ffS=0
2026-07-07T16:35:29.526+00:00 VCP run=1 step=0 angle=329414 target=328887 err=-527 steer=-1054 m1=1090/56988 i1=163 t1=31 m2=-1095/-59887 i2=-264 t2=31 steerMode=-1449/-847 iSteer=-50544 driveMode=58438/58247 iDrive=213180 scale=0 wheel=170000 ffS=0
2026-07-07T16:35:29.626+00:00 VCP run=1 step=0 angle=329238 target=328887 err=-351 steer=0 m1=1121/58438 i1=183 t1=31 m2=-1103/-58438 i2=-234 t2=31 steerMode=0/87 iSteer=-25261 driveMode=58438/58421 iDrive=208518 scale=0 wheel=170000 ffS=0
2026-07-07T16:35:29.626+00:00 VCP SET_TARGET_RX steer=328887 wheel=170000
2026-07-07T16:35:29.731+00:00 VCP run=1 step=0 angle=329238 target=328887 err=-351 steer=0 m1=1136/58438 i1=170 t1=31 m2=-1149/-58438 i2=-169 t2=31 steerMode=0/-425 iSteer=491 driveMode=58438/59677 iDrive=169350 scale=0 wheel=170000 ffS=0
2026-07-07T16:35:29.835+00:00 VCP run=1 step=0 angle=329238 target=328887 err=-351 steer=0 m1=1140/58438 i1=159 t1=31 m2=-1122/-58438 i2=-170 t2=31 steerMode=0/-275 iSteer=-5597 driveMode=58438/59751 iDrive=164547 scale=0 wheel=170000 ffS=0
2026-07-07T16:35:30.021+00:00 VCP run=1 step=0 angle=329150 target=328887 err=-263 steer=0 m1=1106/58438 i1=162 t1=31 m2=-1107/-58438 i2=-196 t2=31 steerMode=0/-45 iSteer=-17252 driveMode=58438/59212 iDrive=179094 scale=0 wheel=170000 ffS=0
2026-07-07T16:35:30.021+00:00 VCP run=1 step=0 angle=329063 target=328887 err=-175 steer=0 m1=1111/58438 i1=155 t1=31 m2=-1097/-58438 i2=-227 t2=31 steerMode=0/329 iSteer=-35925 driveMode=58438/58763 iDrive=191349 scale=0 wheel=170000 ffS=0
2026-07-07T16:35:30.121+00:00 VCP run=1 step=0 angle=329063 target=328887 err=-175 steer=0 m1=1115/58438 i1=164 t1=31 m2=-1082/-58438 i2=-250 t2=31 steerMode=0/440 iSteer=-42798 driveMode=58438/58242 iDrive=206955 scale=0 wheel=170000 ffS=0
2026-07-07T16:35:30.121+00:00 VCP SET_TARGET_RX steer=328887 wheel=170000
2026-07-07T16:35:30.225+00:00 VCP run=1 step=0 angle=329063 target=328887 err=-175 steer=0 m1=1130/58438 i1=153 t1=31 m2=-1103/-58438 i2=-247 t2=31 steerMode=0/495 iSteer=-47111 driveMode=58438/58476 iDrive=199941 scale=0 wheel=170000 ffS=0
2026-07-07T16:35:30.330+00:00 VCP run=1 step=0 angle=329150 target=328887 err=-263 steer=0 m1=1113/58438 i1=177 t1=31 m2=-1082/-58438 i2=-249 t2=31 steerMode=0/262 iSteer=-36208 driveMode=58438/58056 iDrive=212755 scale=0 wheel=170000 ffS=0
2026-07-07T16:35:30.434+00:00 VCP run=1 step=0 angle=329150 target=328887 err=-263 steer=0 m1=1125/58438 i1=168 t1=31 m2=-1133/-58438 i2=-180 t2=31 steerMode=0/-342 iSteer=-5737 driveMode=58438/59321 iDrive=174128 scale=0 wheel=170000 ffS=0
2026-07-07T16:35:30.545+00:00 VCP run=1 step=0 angle=329150 target=328887 err=-263 steer=0 m1=1111/58438 i1=146 t1=31 m2=-1124/-58438 i2=-241 t2=31 steerMode=0/498 iSteer=-47823 driveMode=58438/58650 iDrive=193621 scale=0 wheel=170000 ffS=0
2026-07-07T16:35:30.545+00:00 VCP run=1 step=0 angle=329150 target=328887 err=-263 steer=0 m1=1106/58438 i1=189 t1=31 m2=-1116/-58438 i2=-205 t2=31 steerMode=0/-310 iSteer=-7946 driveMode=58438/58523 iDrive=197445 scale=0 wheel=170000 ffS=0
2026-07-07T16:35:30.720+00:00 VCP SET_TARGET_RX steer=328887 wheel=170000
2026-07-07T16:35:30.720+00:00 VCP run=1 step=0 angle=329326 target=328887 err=-439 steer=0 m1=1117/58438 i1=176 t1=31 m2=-1147/-58438 i2=-206 t2=31 steerMode=0/-157 iSteer=-15117 driveMode=58438/58748 iDrive=190682 scale=0 wheel=170000 ffS=0
2026-07-07T16:35:30.824+00:00 VCP run=1 step=0 angle=329414 target=328887 err=-527 steer=-1054 m1=1096/56988 i1=161 t1=31 m2=-1154/-59887 i2=-195 t2=31 steerMode=-1449/-1588 iSteer=-17153 driveMode=58438/59170 iDrive=178018 scale=0 wheel=170000 ffS=0
2026-07-07T16:35:30.928+00:00 VCP run=1 step=0 angle=329238 target=328887 err=-351 steer=0 m1=1109/58438 i1=194 t1=31 m2=-1126/-58438 i2=-197 t2=31 steerMode=0/-420 iSteer=-1527 driveMode=58438/58602 iDrive=195052 scale=0 wheel=170000 ffS=0
2026-07-07T16:35:31.032+00:00 VCP run=1 step=0 angle=328975 target=328887 err=-88 steer=0 m1=1130/58438 i1=139 t1=31 m2=-1118/-58438 i2=-252 t2=31 steerMode=0/650 iSteer=-56366 driveMode=58438/58578 iDrive=195789 scale=0 wheel=170000 ffS=0
2026-07-07T16:35:31.132+00:00 VCP run=1 step=0 angle=329063 target=328887 err=-175 steer=0 m1=1119/58438 i1=170 t1=31 m2=-1118/-58438 i2=-234 t2=31 steerMode=0/138 iSteer=-31685 driveMode=58438/58376 iDrive=201967 scale=0 wheel=170000 ffS=0
2026-07-07T16:35:31.133+00:00 VCP SET_TARGET_RX steer=328887 wheel=170000
2026-07-07T16:35:31.318+00:00 VCP run=1 step=0 angle=329063 target=328887 err=-175 steer=0 m1=1123/58438 i1=152 t1=31 m2=-1122/-58438 i2=-223 t2=31 steerMode=0/203 iSteer=-35560 driveMode=58438/58855 iDrive=187481 scale=0 wheel=170000 ffS=0
2026-07-07T16:35:31.319+00:00 VCP run=1 step=0 angle=329063 target=328887 err=-175 steer=0 m1=1109/58438 i1=159 t1=31 m2=-1120/-58438 i2=-234 t2=31 steerMode=0/231 iSteer=-37311 driveMode=58438/58546 iDrive=196742 scale=0 wheel=170000 ffS=0
2026-07-07T16:35:31.423+00:00 VCP run=1 step=0 angle=329238 target=328887 err=-351 steer=0 m1=1090/58438 i1=185 t1=31 m2=-1149/-58438 i2=-185 t2=31 steerMode=0/-515 iSteer=-120 driveMode=58438/58936 iDrive=185048 scale=0 wheel=170000 ffS=0
2026-07-07T16:35:31.527+00:00 VCP run=1 step=0 angle=329238 target=328887 err=-351 steer=0 m1=1096/58438 i1=165 t1=31 m2=-1082/-58438 i2=-249 t2=31 steerMode=0/327 iSteer=-41839 driveMode=58438/58197 iDrive=207257 scale=0 wheel=170000 ffS=0
2026-07-07T16:35:31.627+00:00 VCP run=1 step=0 angle=329238 target=328887 err=-351 steer=0 m1=1106/58438 i1=173 t1=31 m2=-1118/-58438 i2=-252 t2=31 steerMode=0/253 iSteer=-39531 driveMode=58438/58055 iDrive=212578 scale=0 wheel=170000 ffS=0
2026-07-07T16:35:31.627+00:00 VCP SET_TARGET_RX steer=328887 wheel=170000
2026-07-07T16:35:31.732+00:00 VCP run=1 step=0 angle=329238 target=328887 err=-351 steer=0 m1=1123/58438 i1=178 t1=31 m2=-1116/-58438 i2=-188 t2=31 steerMode=0/-430 iSteer=-5164 driveMode=58438/59042 iDrive=182813 scale=0 wheel=170000 ffS=0
2026-07-07T16:35:31.918+00:00 VCP run=1 step=0 angle=329238 target=328887 err=-351 steer=0 m1=1140/58438 i1=155 t1=31 m2=-1141/-58438 i2=-178 t2=31 steerMode=0/-285 iSteer=-11433 driveMode=58438/59544 iDrive=166820 scale=0 wheel=170000 ffS=0
2026-07-07T16:35:31.918+00:00 VCP run=1 step=0 angle=329238 target=328887 err=-351 steer=0 m1=1121/58438 i1=146 t1=31 m2=-1120/-58438 i2=-198 t2=31 steerMode=0/3 iSteer=-25859 driveMode=58438/59371 iDrive=171988 scale=0 wheel=170000 ffS=0
2026-07-07T16:35:32.022+00:00 VCP run=1 step=0 angle=329238 target=328887 err=-351 steer=0 m1=1115/58438 i1=154 t1=31 m2=-1120/-58438 i2=-209 t2=31 steerMode=0/25 iSteer=-27304 driveMode=58438/59061 iDrive=181296 scale=0 wheel=170000 ffS=0
2026-07-07T16:35:32.122+00:00 VCP run=1 step=0 angle=329238 target=328887 err=-351 steer=0 m1=1117/58438 i1=164 t1=31 m2=-1099/-58438 i2=-237 t2=31 steerMode=0/192 iSteer=-36533 driveMode=58438/58435 iDrive=200096 scale=0 wheel=170000 ffS=0
2026-07-07T16:35:32.123+00:00 VCP SET_TARGET_RX steer=328887 wheel=170000
2026-07-07T16:35:32.226+00:00 VCP run=1 step=0 angle=329414 target=328887 err=-527 steer=-1054 m1=1113/56988 i1=106 t1=31 m2=-1116/-59887 i2=-310 t2=31 steerMode=-1449/36 iSteer=-102286 driveMode=58438/58183 iDrive=207940 scale=0 wheel=170000 ffS=0
2026-07-07T16:35:32.329+00:00 VCP run=1 step=0 angle=329414 target=328887 err=-527 steer=-1054 m1=1073/56988 i1=177 t1=31 m2=-1137/-59887 i2=-230 t2=31 steerMode=-1449/-1518 iSteer=-26278 driveMode=58438/58337 iDrive=203745 scale=0 wheel=170000 ffS=0
2026-07-07T16:35:32.433+00:00 VCP run=1 step=0 angle=329150 target=328887 err=-263 steer=0 m1=1117/58438 i1=158 t1=31 m2=-1093/-58438 i2=-242 t2=31 steerMode=0/278 iSteer=-42180 driveMode=58438/58473 iDrive=199692 scale=0 wheel=170000 ffS=0
2026-07-07T16:35:32.545+00:00 VCP run=1 step=0 angle=329150 target=328887 err=-263 steer=0 m1=1100/58438 i1=175 t1=31 m2=-1091/-58438 i2=-212 t2=31 steerMode=0/-195 iSteer=-18407 driveMode=58438/58663 iDrive=193450 scale=0 wheel=170000 ffS=0
2026-07-07T16:35:32.545+00:00 VCP run=1 step=0 angle=329150 target=328887 err=-263 steer=0 m1=1098/58438 i1=181 t1=31 m2=-1110/-58438 i2=-233 t2=31 steerMode=0/-41 iSteer=-25918 driveMode=58438/58202 iDrive=207340 scale=0 wheel=170000 ffS=0
2026-07-07T16:35:32.720+00:00 VCP SET_TARGET_RX steer=328887 wheel=170000
2026-07-07T16:35:32.720+00:00 VCP run=1 step=0 angle=329063 target=328887 err=-175 steer=0 m1=1127/58438 i1=170 t1=31 m2=-1139/-58438 i2=-184 t2=31 steerMode=0/-415 iSteer=-6632 driveMode=58438/59206 iDrive=176977 scale=0 wheel=170000 ffS=0
2026-07-07T16:35:32.824+00:00 VCP run=1 step=0 angle=329063 target=328887 err=-175 steer=0 m1=1117/58438 i1=163 t1=31 m2=-1126/-58438 i2=-184 t2=31 steerMode=0/-332 iSteer=-10305 driveMode=58438/59319 iDrive=173556 scale=0 wheel=170000 ffS=0
2026-07-07T16:35:32.928+00:00 VCP run=1 step=0 angle=329063 target=328887 err=-175 steer=0 m1=1117/58438 i1=170 t1=31 m2=-1126/-58438 i2=-191 t2=31 steerMode=0/-321 iSteer=-10127 driveMode=58438/59090 iDrive=180422 scale=0 wheel=170000 ffS=0
2026-07-07T16:35:33.032+00:00 VCP run=1 step=0 angle=328975 target=328887 err=-88 steer=0 m1=1119/58438 i1=129 t1=31 m2=-1124/-58438 i2=-235 t2=31 steerMode=0/535 iSteer=-53008 driveMode=58438/59044 iDrive=181812 scale=0 wheel=170000 ffS=0
2026-07-07T16:35:33.133+00:00 VCP run=1 step=0 angle=328799 target=328887 err=88 steer=0 m1=1096/58438 i1=155 t1=31 m2=-1110/-58438 i2=-256 t2=31 steerMode=0/464 iSteer=-50632 driveMode=58438/58257 iDrive=205442 scale=0 wheel=170000 ffS=0
2026-07-07T16:35:33.133+00:00 VCP SET_TARGET_RX steer=328887 wheel=170000
2026-07-07T16:35:33.319+00:00 VCP run=1 step=0 angle=328799 target=328887 err=88 steer=0 m1=1117/58438 i1=166 t1=31 m2=-1105/-58438 i2=-235 t2=31 steerMode=0/129 iSteer=-34721 driveMode=58438/58432 iDrive=200386 scale=0 wheel=170000 ffS=0
2026-07-07T16:35:33.319+00:00 VCP run=1 step=0 angle=328799 target=328887 err=88 steer=0 m1=1106/58438 i1=158 t1=31 m2=-1093/-58438 i2=-262 t2=31 steerMode=0/451 iSteer=-52152 driveMode=58438/58128 iDrive=209714 scale=0 wheel=170000 ffS=0
2026-07-07T16:35:33.423+00:00 VCP run=1 step=0 angle=328799 target=328887 err=88 steer=0 m1=1111/58438 i1=179 t1=31 m2=-1122/-58438 i2=-203 t2=31 steerMode=0/-337 iSteer=-12324 driveMode=58438/58741 iDrive=190991 scale=0 wheel=170000 ffS=0
2026-07-07T16:35:33.528+00:00 VCP run=1 step=0 angle=328799 target=328887 err=88 steer=0 m1=1121/58438 i1=171 t1=31 m2=-1112/-58438 i2=-204 t2=31 steerMode=0/-236 iSteer=-16304 driveMode=58438/58856 iDrive=187449 scale=0 wheel=170000 ffS=0
2026-07-07T16:35:33.628+00:00 VCP run=1 step=0 angle=328887 target=328887 err=0 steer=0 m1=1104/58438 i1=177 t1=31 m2=-1101/-58438 i2=-252 t2=31 steerMode=0/181 iSteer=-37422 driveMode=58438/57960 iDrive=214641 scale=0 wheel=170000 ffS=0
2026-07-07T16:35:33.628+00:00 VCP SET_TARGET_RX steer=328887 wheel=170000
2026-07-07T16:35:33.733+00:00 VCP run=1 step=0 angle=329063 target=328887 err=-175 steer=0 m1=1104/58438 i1=176 t1=31 m2=-1145/-58438 i2=-235 t2=31 steerMode=0/17 iSteer=-29665 driveMode=58438/58291 iDrive=205720 scale=0 wheel=170000 ffS=0
2026-07-07T16:35:33.919+00:00 VCP run=1 step=0 angle=328975 target=328887 err=-88 steer=0 m1=1127/58438 i1=153 t1=31 m2=-1103/-58438 i2=-213 t2=31 steerMode=0/41 iSteer=-30072 driveMode=58438/59029 iDrive=182661 scale=0 wheel=170000 ffS=0
2026-07-07T16:35:33.919+00:00 VCP run=1 step=0 angle=329063 target=328887 err=-175 steer=0 m1=1100/58438 i1=182 t1=31 m2=-1128/-58438 i2=-174 t2=31 steerMode=0/-623 iSteer=3850 driveMode=58438/59181 iDrive=177699 scale=0 wheel=170000 ffS=0
2026-07-07T16:35:34.023+00:00 VCP run=1 step=0 angle=329063 target=328887 err=-175 steer=0 m1=1117/58438 i1=151 t1=31 m2=-1139/-58438 i2=-196 t2=31 steerMode=0/-67 iSteer=-22531 driveMode=58438/59312 iDrive=173779 scale=0 wheel=170000 ffS=0
2026-07-07T16:35:34.124+00:00 VCP run=1 step=0 angle=328887 target=328887 err=0 steer=0 m1=1119/58438 i1=148 t1=31 m2=-1118/-58438 i2=-207 t2=31 steerMode=0/66 iSteer=-29232 driveMode=58438/59181 iDrive=177702 scale=0 wheel=170000 ffS=0
2026-07-07T16:35:34.124+00:00 VCP SET_TARGET_RX steer=328887 wheel=170000
2026-07-07T16:35:34.228+00:00 VCP run=1 step=0 angle=328799 target=328887 err=88 steer=0 m1=1123/58438 i1=163 t1=31 m2=-1114/-58438 i2=-245 t2=31 steerMode=0/277 iSteer=-40918 driveMode=58438/58317 iDrive=203766 scale=0 wheel=170000 ffS=0
2026-07-07T16:35:34.333+00:00 VCP run=1 step=0 angle=328887 target=328887 err=0 steer=0 m1=1106/58438 i1=176 t1=31 m2=-1101/-58438 i2=-237 t2=31 steerMode=0/56 iSteer=-30255 driveMode=58438/58233 iDrive=206587 scale=0 wheel=170000 ffS=0
2026-07-07T16:35:34.519+00:00 VCP run=1 step=0 angle=328887 target=328887 err=0 steer=0 m1=1117/58438 i1=164 t1=31 m2=-1110/-58438 i2=-248 t2=31 steerMode=0/278 iSteer=-41819 driveMode=58438/58271 iDrive=205921 scale=0 wheel=170000 ffS=0
2026-07-07T16:35:34.519+00:00 VCP run=1 step=0 angle=328887 target=328887 err=0 steer=0 m1=1109/58438 i1=180 t1=31 m2=-1133/-58438 i2=-206 t2=31 steerMode=0/-297 iSteer=-12717 driveMode=58438/58699 iDrive=193174 scale=0 wheel=170000 ffS=0
2026-07-07T16:35:34.620+00:00 VCP run=1 step=0 angle=328887 target=328887 err=0 steer=0 m1=1098/58438 i1=161 t1=31 m2=-1099/-58438 i2=-238 t2=31 steerMode=0/214 iSteer=-38354 driveMode=58438/58475 iDrive=199531 scale=0 wheel=170000 ffS=0
2026-07-07T16:35:34.620+00:00 VCP SET_TARGET_RX steer=328887 wheel=170000
2026-07-07T16:35:34.724+00:00 VCP run=1 step=0 angle=328887 target=328887 err=0 steer=0 m1=1098/58438 i1=172 t1=31 m2=-1124/-58438 i2=-206 t2=31 steerMode=0/-224 iSteer=-16712 driveMode=58438/58826 iDrive=188924 scale=0 wheel=170000 ffS=0
2026-07-07T16:35:34.829+00:00 VCP run=1 step=0 angle=328887 target=328887 err=0 steer=0 m1=1117/58438 i1=161 t1=31 m2=-1120/-58438 i2=-192 t2=31 steerMode=0/-232 iSteer=-15459 driveMode=58438/59229 iDrive=176254 scale=0 wheel=170000 ffS=0
2026-07-07T16:35:35.015+00:00 VCP run=1 step=0 angle=328887 target=328887 err=0 steer=0 m1=1115/58438 i1=175 t1=31 m2=-1137/-58438 i2=-195 t2=31 steerMode=0/-332 iSteer=-9683 driveMode=58438/58935 iDrive=185085 scale=0 wheel=170000 ffS=0
2026-07-07T16:35:35.015+00:00 VCP run=1 step=0 angle=328887 target=328887 err=0 steer=0 m1=1130/58438 i1=160 t1=31 m2=-1099/-58438 i2=-213 t2=31 steerMode=0/10 iSteer=-26548 driveMode=58438/58884 iDrive=186615 scale=0 wheel=170000 ffS=0
2026-07-07T16:35:35.116+00:00 VCP run=1 step=0 angle=328887 target=328887 err=0 steer=0 m1=1130/58438 i1=162 t1=31 m2=-1097/-58438 i2=-219 t2=31 steerMode=0/52 iSteer=-28864 driveMode=58438/58756 iDrive=190444 scale=0 wheel=170000 ffS=0
2026-07-07T16:35:35.116+00:00 VCP SET_TARGET_RX steer=328887 wheel=170000
2026-07-07T16:35:35.220+00:00 VCP run=1 step=0 angle=328887 target=328887 err=0 steer=0 m1=1109/58438 i1=151 t1=31 m2=-1089/-58438 i2=-300 t2=31 steerMode=0/940 iSteer=-74656 driveMode=58438/57600 iDrive=225794 scale=0 wheel=170000 ffS=0
2026-07-07T16:35:35.325+00:00 VCP run=1 step=0 angle=328975 target=328887 err=-88 steer=0 m1=1098/58438 i1=181 t1=31 m2=-1124/-58438 i2=-241 t2=31 steerMode=0/15 iSteer=-29803 driveMode=58438/58142 iDrive=210859 scale=0 wheel=170000 ffS=0
2026-07-07T16:35:35.429+00:00 VCP run=1 step=0 angle=329063 target=328887 err=-175 steer=0 m1=1100/58438 i1=172 t1=31 m2=-1135/-58438 i2=-217 t2=31 steerMode=0/-124 iSteer=-22290 driveMode=58438/58674 iDrive=194778 scale=0 wheel=170000 ffS=0
2026-07-07T16:35:35.542+00:00 VCP run=1 step=0 angle=329063 target=328887 err=-175 steer=0 m1=1106/58438 i1=175 t1=31 m2=-1131/-58438 i2=-187 t2=31 steerMode=0/-444 iSteer=-5759 driveMode=58438/59106 iDrive=181063 scale=0 wheel=170000 ffS=0
2026-07-07T16:35:35.542+00:00 VCP run=1 step=0 angle=329063 target=328887 err=-175 steer=0 m1=1104/58438 i1=144 t1=31 m2=-1070/-58438 i2=-279 t2=31 steerMode=0/790 iSteer=-67371 driveMode=58438/58067 iDrive=211605 scale=0 wheel=170000 ffS=0
2026-07-07T16:35:35.715+00:00 VCP SET_TARGET_RX steer=328887 wheel=170000
2026-07-07T16:35:35.716+00:00 VCP run=1 step=0 angle=329150 target=328887 err=-263 steer=0 m1=1102/58438 i1=191 t1=31 m2=-1097/-58438 i2=-259 t2=31 steerMode=0/90 iSteer=-34016 driveMode=58438/57667 iDrive=225085 scale=0 wheel=170000 ffS=0
2026-07-07T16:35:35.820+00:00 VCP run=1 step=0 angle=329326 target=328887 err=-439 steer=0 m1=1113/58438 i1=171 t1=31 m2=-1099/-58438 i2=-204 t2=31 steerMode=0/-253 iSteer=-16383 driveMode=58438/58929 iDrive=187283 scale=0 wheel=170000 ffS=0
2026-07-07T16:35:35.924+00:00 VCP run=1 step=0 angle=329326 target=328887 err=-439 steer=0 m1=1123/58438 i1=159 t1=31 m2=-1145/-58438 i2=-182 t2=31 steerMode=0/-336 iSteer=-11654 driveMode=58438/59429 iDrive=170770 scale=0 wheel=170000 ffS=0
2026-07-07T16:35:36.028+00:00 VCP run=1 step=0 angle=329238 target=328887 err=-351 steer=0 m1=1119/58438 i1=159 t1=31 m2=-1141/-58438 i2=-200 t2=31 steerMode=0/-145 iSteer=-20836 driveMode=58438/59117 iDrive=179618 scale=0 wheel=170000 ffS=0
2026-07-07T16:35:36.128+00:00 VCP run=1 step=0 angle=329150 target=328887 err=-263 steer=0 m1=1115/58438 i1=150 t1=31 m2=-1116/-58438 i2=-204 t2=31 steerMode=0/-19 iSteer=-26687 driveMode=58438/59203 iDrive=177031 scale=0 wheel=170000 ffS=0
2026-07-07T16:35:36.128+00:00 VCP SET_TARGET_RX steer=328887 wheel=170000
2026-07-07T16:35:36.232+00:00 VCP run=1 step=0 angle=329150 target=328887 err=-263 steer=0 m1=1117/58438 i1=146 t1=31 m2=-1105/-58438 i2=-266 t2=31 steerMode=0/628 iSteer=-60302 driveMode=58438/58234 iDrive=206153 scale=0 wheel=170000 ffS=0
2026-07-07T16:35:36.232+00:00 VCP run=1 step=0 angle=329150 target=328887 err=-263 steer=0 m1=1090/58438 i1=184 t1=31 m2=-1107/-58438 i2=-214 t2=31 steerMode=0/-284 iSteer=-14913 driveMode=58438/58477 iDrive=199060 scale=0 wheel=170000 ffS=0
2026-07-07T16:35:36.418+00:00 VCP run=1 step=0 angle=329150 target=328887 err=-263 steer=0 m1=1104/58438 i1=168 t1=31 m2=-1105/-58438 i2=-268 t2=31 steerMode=0/396 iSteer=-49830 driveMode=58438/57856 iDrive=218184 scale=0 wheel=170000 ffS=0
2026-07-07T16:35:36.522+00:00 VCP run=1 step=0 angle=329414 target=328887 err=-527 steer=-1054 m1=1090/56988 i1=143 t1=31 m2=-1139/-59887 i2=-243 t2=31 steerMode=-1449/-1080 iSteer=-49742 driveMode=58438/58715 iDrive=192760 scale=0 wheel=170000 ffS=0
2026-07-07T16:35:36.622+00:00 VCP run=1 step=0 angle=329326 target=328887 err=-439 steer=0 m1=1106/58438 i1=195 t1=31 m2=-1101/-58438 i2=-207 t2=31 steerMode=0/-461 iSteer=-6209 driveMode=58438/58417 iDrive=201210 scale=0 wheel=170000 ffS=0
2026-07-07T16:35:36.622+00:00 VCP SET_TARGET_RX steer=328887 wheel=170000
2026-07-07T16:35:36.726+00:00 VCP run=1 step=0 angle=329326 target=328887 err=-439 steer=0 m1=1113/58438 i1=157 t1=31 m2=-1078/-58438 i2=-276 t2=31 steerMode=0/562 iSteer=-59234 driveMode=58438/57938 iDrive=216325 scale=0 wheel=170000 ffS=0
2026-07-07T16:35:36.830+00:00 VCP run=1 step=0 angle=329326 target=328887 err=-439 steer=0 m1=1127/58438 i1=179 t1=31 m2=-1124/-58438 i2=-187 t2=31 steerMode=0/-532 iSteer=-3895 driveMode=58438/59056 iDrive=182686 scale=0 wheel=170000 ffS=0
2026-07-07T16:35:37.016+00:00 VCP run=1 step=0 angle=329326 target=328887 err=-439 steer=0 m1=1127/58438 i1=159 t1=31 m2=-1116/-58438 i2=-174 t2=31 steerMode=0/-428 iSteer=-7653 driveMode=58438/59558 iDrive=166377 scale=0 wheel=170000 ffS=0
2026-07-07T16:35:37.017+00:00 VCP run=1 step=0 angle=329238 target=328887 err=-351 steer=0 m1=1127/58438 i1=154 t1=31 m2=-1112/-58438 i2=-210 t2=31 steerMode=0/-3 iSteer=-28181 driveMode=58438/59027 iDrive=182309 scale=0 wheel=170000 ffS=0
2026-07-07T16:35:37.117+00:00 VCP run=1 step=0 angle=329150 target=328887 err=-263 steer=0 m1=1109/58438 i1=160 t1=31 m2=-1091/-58438 i2=-227 t2=31 steerMode=0/104 iSteer=-33356 driveMode=58438/58646 iDrive=193754 scale=0 wheel=170000 ffS=0
2026-07-07T16:35:37.117+00:00 VCP SET_TARGET_RX steer=328887 wheel=170000
2026-07-07T16:35:37.221+00:00 VCP run=1 step=0 angle=329150 target=328887 err=-263 steer=0 m1=1113/58438 i1=147 t1=31 m2=-1080/-58438 i2=-256 t2=31 steerMode=0/523 iSteer=-54844 driveMode=58438/58387 iDrive=201508 scale=0 wheel=170000 ffS=0
2026-07-07T16:35:37.325+00:00 VCP run=1 step=0 angle=329063 target=328887 err=-175 steer=0 m1=1102/58438 i1=158 t1=31 m2=-1089/-58438 i2=-282 t2=31 steerMode=0/624 iSteer=-61589 driveMode=58438/57796 iDrive=220066 scale=0 wheel=170000 ffS=0
2026-07-07T16:35:37.429+00:00 VCP run=1 step=0 angle=329063 target=328887 err=-175 steer=0 m1=1100/58438 i1=164 t1=31 m2=-1089/-58438 i2=-247 t2=31 steerMode=0/198 iSteer=-41554 driveMode=58438/58324 iDrive=205058 scale=0 wheel=170000 ffS=0
2026-07-07T16:35:37.544+00:00 VCP run=1 step=0 angle=329063 target=328887 err=-175 steer=0 m1=1121/58438 i1=159 t1=31 m2=-1099/-58438 i2=-212 t2=31 steerMode=0/-99 iSteer=-26788 driveMode=58438/58957 iDrive=185489 scale=0 wheel=170000 ffS=0
2026-07-07T16:35:37.544+00:00 VCP run=1 step=0 angle=329063 target=328887 err=-175 steer=0 m1=1117/58438 i1=151 t1=31 m2=-1112/-58438 i2=-208 t2=31 steerMode=0/-57 iSteer=-28356 driveMode=58438/59118 iDrive=179588 scale=0 wheel=170000 ffS=0
2026-07-07T16:35:37.716+00:00 VCP SET_TARGET_RX steer=328887 wheel=170000
2026-07-07T16:35:37.716+00:00 VCP run=1 step=0 angle=329063 target=328887 err=-175 steer=0 m1=1106/58438 i1=167 t1=31 m2=-1116/-58438 i2=-244 t2=31 steerMode=0/147 iSteer=-38607 driveMode=58438/58255 iDrive=205579 scale=0 wheel=170000 ffS=0
2026-07-07T16:35:37.820+00:00 VCP run=1 step=0 angle=329150 target=328887 err=-263 steer=0 m1=1121/58438 i1=173 t1=31 m2=-1139/-58438 i2=-222 t2=31 steerMode=0/-137 iSteer=-24300 driveMode=58438/58532 iDrive=197479 scale=0 wheel=170000 ffS=0
2026-07-07T16:35:37.924+00:00 VCP run=1 step=0 angle=329238 target=328887 err=-351 steer=0 m1=1102/58438 i1=169 t1=31 m2=-1126/-58438 i2=-182 t2=31 steerMode=0/-472 iSteer=-6530 driveMode=58438/59254 iDrive=175501 scale=0 wheel=170000 ffS=0
2026-07-07T16:35:38.028+00:00 VCP run=1 step=0 angle=329238 target=328887 err=-351 steer=0 m1=1123/58438 i1=155 t1=31 m2=-1116/-58438 i2=-201 t2=31 steerMode=0/-134 iSteer=-22583 driveMode=58438/59173 iDrive=177930 scale=0 wheel=170000 ffS=0
2026-07-07T16:35:38.129+00:00 VCP run=1 step=0 angle=329150 target=328887 err=-263 steer=0 m1=1117/58438 i1=165 t1=31 m2=-1118/-58438 i2=-211 t2=31 steerMode=0/-113 iSteer=-23047 driveMode=58438/58844 iDrive=187794 scale=0 wheel=170000 ffS=0
2026-07-07T16:35:38.129+00:00 VCP SET_TARGET_RX steer=328887 wheel=170000
2026-07-07T16:35:38.315+00:00 VCP run=1 step=0 angle=329150 target=328887 err=-263 steer=0 m1=1123/58438 i1=164 t1=31 m2=-1154/-58438 i2=-202 t2=31 steerMode=0/-193 iSteer=-19143 driveMode=58438/58994 iDrive=183311 scale=0 wheel=170000 ffS=0
2026-07-07T16:35:38.315+00:00 VCP run=1 step=0 angle=329063 target=328887 err=-175 steer=0 m1=1117/58438 i1=155 t1=31 m2=-1110/-58438 i2=-221 t2=31 steerMode=0/77 iSteer=-32824 driveMode=58438/58834 iDrive=188105 scale=0 wheel=170000 ffS=0
2026-07-07T16:35:38.419+00:00 VCP run=1 step=0 angle=329063 target=328887 err=-175 steer=0 m1=1115/58438 i1=164 t1=31 m2=-1143/-58438 i2=-222 t2=31 steerMode=0/-5 iSteer=-29102 driveMode=58438/58678 iDrive=192794 scale=0 wheel=170000 ffS=0
2026-07-07T16:35:38.523+00:00 VCP run=1 step=0 angle=329150 target=328887 err=-263 steer=0 m1=1100/58438 i1=176 t1=31 m2=-1114/-58438 i2=-235 t2=31 steerMode=0/6 iSteer=-29632 driveMode=58438/58248 iDrive=205780 scale=0 wheel=170000 ffS=0
2026-07-07T16:35:38.624+00:00 VCP run=1 step=0 angle=329063 target=328887 err=-175 steer=0 m1=1115/58438 i1=168 t1=31 m2=-1112/-58438 i2=-233 t2=31 steerMode=0/65 iSteer=-32390 driveMode=58438/58442 iDrive=200388 scale=0 wheel=170000 ffS=0
2026-07-07T16:35:38.624+00:00 VCP SET_TARGET_RX steer=328887 wheel=170000
2026-07-07T16:35:38.728+00:00 VCP run=1 step=0 angle=329063 target=328887 err=-175 steer=0 m1=1100/58438 i1=162 t1=31 m2=-1091/-58438 i2=-237 t2=31 steerMode=0/162 iSteer=-37316 driveMode=58438/58468 iDrive=199601 scale=0 wheel=170000 ffS=0
2026-07-07T16:35:38.914+00:00 VCP run=1 step=0 angle=328975 target=328887 err=-88 steer=0 m1=1102/58438 i1=168 t1=31 m2=-1131/-58438 i2=-226 t2=31 steerMode=0/-22 iSteer=-29231 driveMode=58438/58571 iDrive=196955 scale=0 wheel=170000 ffS=0
2026-07-07T16:35:38.914+00:00 VCP run=1 step=0 angle=329063 target=328887 err=-175 steer=0 m1=1132/58438 i1=163 t1=31 m2=-1145/-58438 i2=-165 t2=31 steerMode=0/-554 iSteer=-1121 driveMode=58438/59642 iDrive=163873 scale=0 wheel=170000 ffS=0
2026-07-07T16:35:39.018+00:00 VCP run=1 step=0 angle=328975 target=328887 err=-88 steer=0 m1=1130/58438 i1=152 t1=31 m2=-1131/-58438 i2=-184 t2=31 steerMode=0/-238 iSteer=-16150 driveMode=58438/59512 iDrive=167779 scale=0 wheel=170000 ffS=0
2026-07-07T16:35:39.119+00:00 VCP run=1 step=0 angle=328887 target=328887 err=0 steer=0 m1=1123/58438 i1=167 t1=31 m2=-1110/-58438 i2=-198 t2=31 steerMode=0/-230 iSteer=-15874 driveMode=58438/59018 iDrive=182576 scale=0 wheel=170000 ffS=0
2026-07-07T16:35:39.119+00:00 VCP SET_TARGET_RX steer=328887 wheel=170000
2026-07-07T16:35:39.223+00:00 VCP run=1 step=0 angle=328887 target=328887 err=0 steer=0 m1=1100/58438 i1=162 t1=31 m2=-1091/-58438 i2=-238 t2=31 steerMode=0/203 iSteer=-37892 driveMode=58438/58427 iDrive=200309 scale=0 wheel=170000 ffS=0
2026-07-07T16:35:39.327+00:00 VCP run=1 step=0 angle=328887 target=328887 err=0 steer=0 m1=1098/58438 i1=162 t1=31 m2=-1070/-58438 i2=-286 t2=31 steerMode=0/667 iSteer=-61988 driveMode=58438/57662 iDrive=224055 scale=0 wheel=170000 ffS=0
2026-07-07T16:35:39.514+00:00 VCP run=1 step=0 angle=328975 target=328887 err=-88 steer=0 m1=1090/58438 i1=165 t1=31 m2=-1116/-58438 i2=-253 t2=31 steerMode=0/269 iSteer=-43979 driveMode=58438/58206 iDrive=208927 scale=0 wheel=170000 ffS=0
2026-07-07T16:35:39.514+00:00 VCP run=1 step=0 angle=329063 target=328887 err=-175 steer=0 m1=1092/58438 i1=178 t1=31 m2=-1120/-58438 i2=-245 t2=31 steerMode=0/49 iSteer=-33234 driveMode=58438/58122 iDrive=211700 scale=0 wheel=170000 ffS=0
2026-07-07T16:35:39.614+00:00 VCP run=1 step=0 angle=329238 target=328887 err=-351 steer=0 m1=1111/58438 i1=185 t1=31 m2=-1126/-58438 i2=-187 t2=31 steerMode=0/-584 iSteer=-740 driveMode=58438/58977 iDrive=186131 scale=0 wheel=170000 ffS=0
2026-07-07T16:35:39.614+00:00 VCP SET_TARGET_RX steer=328887 wheel=170000
2026-07-07T16:35:39.718+00:00 VCP run=1 step=0 angle=329238 target=328887 err=-351 steer=0 m1=1115/58438 i1=152 t1=31 m2=-1095/-58438 i2=-222 t2=31 steerMode=0/109 iSteer=-34826 driveMode=58438/58913 iDrive=186821 scale=0 wheel=170000 ffS=0
2026-07-07T16:35:39.822+00:00 VCP run=1 step=0 angle=329238 target=328887 err=-351 steer=0 m1=1119/58438 i1=164 t1=31 m2=-1105/-58438 i2=-251 t2=31 steerMode=0/270 iSteer=-43530 driveMode=58438/58230 iDrive=207446 scale=0 wheel=170000 ffS=0
2026-07-07T16:35:39.927+00:00 VCP run=1 step=0 angle=329238 target=328887 err=-351 steer=0 m1=1119/58438 i1=165 t1=31 m2=-1141/-58438 i2=-192 t2=31 steerMode=0/-333 iSteer=-13149 driveMode=58438/59168 iDrive=178588 scale=0 wheel=170000 ffS=0
2026-07-07T16:35:40.042+00:00 VCP run=1 step=0 angle=329326 target=328887 err=-439 steer=0 m1=1123/58438 i1=169 t1=31 m2=-1166/-58438 i2=-179 t2=31 steerMode=0/-478 iSteer=-4858 driveMode=58438/59297 iDrive=174207 scale=0 wheel=170000 ffS=0
2026-07-07T16:35:40.042+00:00 VCP run=1 step=0 angle=329326 target=328887 err=-439 steer=0 m1=1109/58438 i1=157 t1=31 m2=-1107/-58438 i2=-197 t2=31 steerMode=0/-158 iSteer=-19925 driveMode=58438/59204 iDrive=176992 scale=0 wheel=170000 ffS=0
2026-07-07T16:35:40.213+00:00 VCP SET_TARGET_RX steer=328887 wheel=170000
2026-07-07T16:35:40.213+00:00 VCP run=1 step=0 angle=329150 target=328887 err=-263 steer=0 m1=1113/58438 i1=153 t1=31 m2=-1128/-58438 i2=-210 t2=31 steerMode=0/10 iSteer=-28714 driveMode=58438/59060 iDrive=181326 scale=0 wheel=170000 ffS=0
2026-07-07T16:35:40.317+00:00 VCP run=1 step=0 angle=329063 target=328887 err=-175 steer=0 m1=1127/58438 i1=156 t1=31 m2=-1103/-58438 i2=-239 t2=31 steerMode=0/260 iSteer=-41403 driveMode=58438/58524 iDrive=197415 scale=0 wheel=170000 ffS=0
2026-07-07T16:35:40.421+00:00 VCP run=1 step=0 angle=329063 target=328887 err=-175 steer=0 m1=1132/58438 i1=132 t1=31 m2=-1103/-58438 i2=-239 t2=31 steerMode=0/487 iSteer=-53917 driveMode=58438/58920 iDrive=185522 scale=0 wheel=170000 ffS=0
2026-07-07T16:35:40.525+00:00 VCP run=1 step=0 angle=329063 target=328887 err=-175 steer=0 m1=1109/58438 i1=171 t1=31 m2=-1087/-58438 i2=-237 t2=31 steerMode=0/66 iSteer=-33102 driveMode=58438/58317 iDrive=203620 scale=0 wheel=170000 ffS=0
2026-07-07T16:35:40.626+00:00 VCP run=1 step=0 angle=329150 target=328887 err=-263 steer=0 m1=1098/58438 i1=189 t1=31 m2=-1124/-58438 i2=-220 t2=31 steerMode=0/-286 iSteer=-15806 driveMode=58438/58303 iDrive=204606 scale=0 wheel=170000 ffS=0
2026-07-07T16:35:40.626+00:00 VCP SET_TARGET_RX steer=328887 wheel=170000
2026-07-07T16:35:40.812+00:00 VCP run=1 step=0 angle=329150 target=328887 err=-263 steer=0 m1=1134/58438 i1=161 t1=31 m2=-1095/-58438 i2=-220 t2=31 steerMode=0/24 iSteer=-29904 driveMode=58438/58757 iDrive=190505 scale=0 wheel=170000 ffS=0
2026-07-07T16:35:40.812+00:00 VCP run=1 step=0 angle=329150 target=328887 err=-263 steer=0 m1=1088/58438 i1=163 t1=31 m2=-1101/-58438 i2=-286 t2=31 steerMode=0/615 iSteer=-61437 driveMode=58438/57670 iDrive=224079 scale=0 wheel=170000 ffS=0
2026-07-07T16:35:40.916+00:00 VCP run=1 step=0 angle=329326 target=328887 err=-439 steer=0 m1=1092/58438 i1=191 t1=31 m2=-1158/-58438 i2=-208 t2=31 steerMode=0/-444 iSteer=-8293 driveMode=58438/58522 iDrive=199419 scale=0 wheel=170000 ffS=0
2026-07-07T16:35:41.020+00:00 VCP run=1 step=0 angle=329502 target=328887 err=-615 steer=-1230 m1=1083/56746 i1=109 t1=31 m2=-1149/-60129 i2=-236 t2=31 steerMode=-1691/-1042 iSteer=-63114 driveMode=58438/59389 iDrive=172412 scale=0 wheel=170000 ffS=0
2026-07-07T16:35:41.120+00:00 VCP run=1 step=0 angle=328887 target=328887 err=0 steer=0 m1=1113/58438 i1=192 t1=31 m2=-1133/-58438 i2=-139 t2=31 steerMode=0/-1090 iSteer=26737 driveMode=58438/59590 iDrive=165421 scale=0 wheel=170000 ffS=0
2026-07-07T16:35:41.120+00:00 VCP SET_TARGET_RX steer=328887 wheel=170000
2026-07-07T16:35:41.225+00:00 VCP run=1 step=0 angle=328887 target=328887 err=0 steer=0 m1=1106/58438 i1=145 t1=31 m2=-1143/-58438 i2=-229 t2=31 steerMode=0/275 iSteer=-42226 driveMode=58438/58877 iDrive=186821 scale=0 wheel=170000 ffS=0
2026-07-07T16:35:41.329+00:00 VCP run=1 step=0 angle=328799 target=328887 err=88 steer=0 m1=1117/58438 i1=154 t1=31 m2=-1084/-58438 i2=-244 t2=31 steerMode=0/322 iSteer=-44759 driveMode=58438/58466 iDrive=199141 scale=0 wheel=170000 ffS=0
2026-07-07T16:35:41.516+00:00 VCP run=1 step=0 angle=328887 target=328887 err=0 steer=0 m1=1123/58438 i1=161 t1=31 m2=-1105/-58438 i2=-245 t2=31 steerMode=0/243 iSteer=-42009 driveMode=58438/58357 iDrive=202746 scale=0 wheel=170000 ffS=0
2026-07-07T16:35:41.516+00:00 VCP run=1 step=0 angle=328887 target=328887 err=0 steer=0 m1=1109/58438 i1=175 t1=31 m2=-1101/-58438 i2=-239 t2=31 steerMode=0/39 iSteer=-32323 driveMode=58438/58225 iDrive=207059 scale=0 wheel=170000 ffS=0
2026-07-07T16:35:41.616+00:00 VCP run=1 step=0 angle=328799 target=328887 err=88 steer=0 m1=1106/58438 i1=169 t1=31 m2=-1128/-58438 i2=-233 t2=31 steerMode=0/16 iSteer=-32120 driveMode=58438/58438 iDrive=201374 scale=0 wheel=170000 ffS=0
2026-07-07T16:35:41.617+00:00 VCP SET_TARGET_RX steer=328887 wheel=170000
2026-07-07T16:35:41.721+00:00 VCP run=1 step=0 angle=328799 target=328887 err=88 steer=0 m1=1117/58438 i1=167 t1=31 m2=-1122/-58438 i2=-175 t2=31 steerMode=0/-506 iSteer=-4302 driveMode=58438/59406 iDrive=171010 scale=0 wheel=170000 ffS=0
2026-07-07T16:35:41.825+00:00 VCP run=1 step=0 angle=328799 target=328887 err=88 steer=0 m1=1109/58438 i1=145 t1=31 m2=-1097/-58438 i2=-242 t2=31 steerMode=0/362 iSteer=-48481 driveMode=58438/58646 iDrive=193742 scale=0 wheel=170000 ffS=0
2026-07-07T16:35:41.930+00:00 VCP run=1 step=0 angle=328799 target=328887 err=88 steer=0 m1=1104/58438 i1=181 t1=31 m2=-1139/-58438 i2=-196 t2=31 steerMode=0/-442 iSteer=-7485 driveMode=58438/58810 iDrive=188836 scale=0 wheel=170000 ffS=0
2026-07-07T16:35:41.930+00:00 VCP run=1 step=0 angle=328799 target=328887 err=88 steer=0 m1=1102/58438 i1=177 t1=31 m2=-1151/-58438 i2=-188 t2=31 steerMode=0/-469 iSteer=-5243 driveMode=58438/59021 iDrive=182502 scale=0 wheel=170000 ffS=0
2026-07-07T16:35:42.112+00:00 VCP run=1 step=0 angle=328799 target=328887 err=88 steer=0 m1=1117/58438 i1=154 t1=31 m2=-1110/-58438 i2=-212 t2=31 steerMode=0/22 iSteer=-28933 driveMode=58438/59004 iDrive=183003 scale=0 wheel=170000 ffS=0
2026-07-07T16:35:42.112+00:00 VCP SET_TARGET_RX steer=328887 wheel=170000
2026-07-07T16:35:42.216+00:00 VCP run=1 step=0 angle=328799 target=328887 err=88 steer=0 m1=1117/58438 i1=167 t1=31 m2=-1097/-58438 i2=-241 t2=31 steerMode=0/156 iSteer=-36863 driveMode=58438/58318 iDrive=203728 scale=0 wheel=170000 ffS=0
2026-07-07T16:35:42.321+00:00 VCP run=1 step=0 angle=328799 target=328887 err=88 steer=0 m1=1115/58438 i1=156 t1=31 m2=-1084/-58438 i2=-248 t2=31 steerMode=0/325 iSteer=-45804 driveMode=58438/58372 iDrive=202162 scale=0 wheel=170000 ffS=0
2026-07-07T16:35:42.425+00:00 VCP run=1 step=0 angle=328887 target=328887 err=0 steer=0 m1=1096/58438 i1=185 t1=31 m2=-1107/-58438 i2=-224 t2=31 steerMode=0/-203 iSteer=-19791 driveMode=58438/58309 iDrive=204341 scale=0 wheel=170000 ffS=0
2026-07-07T16:35:42.542+00:00 VCP run=1 step=0 angle=328799 target=328887 err=88 steer=0 m1=1113/58438 i1=153 t1=31 m2=-1097/-58438 i2=-218 t2=31 steerMode=0/59 iSteer=-32647 driveMode=58438/58925 iDrive=185636 scale=0 wheel=170000 ffS=0
2026-07-07T16:35:42.542+00:00 VCP run=1 step=0 angle=328799 target=328887 err=88 steer=0 m1=1104/58438 i1=159 t1=31 m2=-1110/-58438 i2=-238 t2=31 steerMode=0/188 iSteer=-39170 driveMode=58438/58482 iDrive=198665 scale=0 wheel=170000 ffS=0
2026-07-07T16:35:42.712+00:00 VCP SET_TARGET_RX steer=328887 wheel=170000
2026-07-07T16:35:42.712+00:00 VCP run=1 step=0 angle=328799 target=328887 err=88 steer=0 m1=1100/58438 i1=173 t1=31 m2=-1135/-58438 i2=-199 t2=31 steerMode=0/-324 iSteer=-12614 driveMode=58438/58903 iDrive=186039 scale=0 wheel=170000 ffS=0
2026-07-07T16:35:42.817+00:00 VCP run=1 step=0 angle=328887 target=328887 err=0 steer=0 m1=1102/58438 i1=161 t1=31 m2=-1080/-58438 i2=-276 t2=31 steerMode=0/562 iSteer=-57419 driveMode=58438/57829 iDrive=218681 scale=0 wheel=170000 ffS=0
2026-07-07T16:35:42.921+00:00 VCP run=1 step=0 angle=328887 target=328887 err=0 steer=0 m1=1104/58438 i1=186 t1=31 m2=-1095/-58438 i2=-229 t2=31 steerMode=0/-158 iSteer=-21687 driveMode=58438/58229 iDrive=207444 scale=0 wheel=170000 ffS=0
2026-07-07T16:35:43.025+00:00 VCP run=1 step=0 angle=328799 target=328887 err=88 steer=0 m1=1125/58438 i1=154 t1=31 m2=-1147/-58438 i2=-183 t2=31 steerMode=0/-289 iSteer=-14392 driveMode=58438/59505 iDrive=168238 scale=0 wheel=170000 ffS=0
2026-07-07T16:35:43.126+00:00 VCP run=1 step=0 angle=328799 target=328887 err=88 steer=0 m1=1134/58438 i1=144 t1=31 m2=-1110/-58438 i2=-190 t2=31 steerMode=0/-91 iSteer=-23203 driveMode=58438/59541 iDrive=166891 scale=0 wheel=170000 ffS=0
2026-07-07T16:35:43.126+00:00 VCP SET_TARGET_RX steer=328887 wheel=170000
2026-07-07T16:35:43.312+00:00 VCP run=1 step=0 angle=328711 target=328887 err=176 steer=0 m1=1113/58438 i1=147 t1=31 m2=-1141/-58438 i2=-187 t2=31 steerMode=0/-154 iSteer=-19872 driveMode=58438/59533 iDrive=167139 scale=0 wheel=170000 ffS=0
2026-07-07T16:35:43.312+00:00 VCP run=1 step=0 angle=328623 target=328887 err=264 steer=0 m1=1125/58438 i1=146 t1=31 m2=-1114/-58438 i2=-232 t2=31 steerMode=0/314 iSteer=-43456 driveMode=58438/58805 iDrive=188989 scale=0 wheel=170000 ffS=0
2026-07-07T16:35:43.416+00:00 VCP run=1 step=0 angle=328623 target=328887 err=264 steer=0 m1=1098/58438 i1=181 t1=31 m2=-1124/-58438 i2=-237 t2=31 steerMode=0/-10 iSteer=-28017 driveMode=58438/58150 iDrive=208840 scale=0 wheel=170000 ffS=0
2026-07-07T16:35:43.521+00:00 VCP run=1 step=0 angle=328711 target=328887 err=176 steer=0 m1=1090/58438 i1=174 t1=31 m2=-1099/-58438 i2=-256 t2=31 steerMode=0/248 iSteer=-40960 driveMode=58438/57950 iDrive=215333 scale=0 wheel=170000 ffS=0
2026-07-07T16:35:43.621+00:00 VCP run=1 step=0 angle=328711 target=328887 err=176 steer=0 m1=1109/58438 i1=177 t1=31 m2=-1131/-58438 i2=-224 t2=31 steerMode=0/-108 iSteer=-23738 driveMode=58438/58453 iDrive=200632 scale=0 wheel=170000 ffS=0
2026-07-07T16:35:43.621+00:00 VCP SET_TARGET_RX steer=328887 wheel=170000
2026-07-07T16:35:43.725+00:00 VCP run=1 step=0 angle=328711 target=328887 err=176 steer=0 m1=1117/58438 i1=176 t1=31 m2=-1131/-58438 i2=-214 t2=31 steerMode=0/-198 iSteer=-18835 driveMode=58438/58634 iDrive=195074 scale=0 wheel=170000 ffS=0
2026-07-07T16:35:43.912+00:00 VCP run=1 step=0 angle=328799 target=328887 err=88 steer=0 m1=1123/58438 i1=167 t1=31 m2=-1091/-58438 i2=-221 t2=31 steerMode=0/-14 iSteer=-27287 driveMode=58438/58637 iDrive=194171 scale=0 wheel=170000 ffS=0
2026-07-07T16:35:43.912+00:00 VCP run=1 step=0 angle=328799 target=328887 err=88 steer=0 m1=1113/58438 i1=164 t1=31 m2=-1080/-58438 i2=-257 t2=31 steerMode=0/366 iSteer=-46812 driveMode=58438/58095 iDrive=210633 scale=0 wheel=170000 ffS=0
2026-07-07T16:35:44.016+00:00 VCP run=1 step=0 angle=328799 target=328887 err=88 steer=0 m1=1121/58438 i1=171 t1=31 m2=-1105/-58438 i2=-197 t2=31 steerMode=0/-304 iSteer=-13142 driveMode=58438/58978 iDrive=184139 scale=0 wheel=170000 ffS=0
2026-07-07T16:35:44.117+00:00 VCP run=1 step=0 angle=328799 target=328887 err=88 steer=0 m1=1115/58438 i1=154 t1=31 m2=-1154/-58438 i2=-184 t2=31 steerMode=0/-244 iSteer=-14929 driveMode=58438/59468 iDrive=169098 scale=0 wheel=170000 ffS=0
2026-07-07T16:35:44.117+00:00 VCP SET_TARGET_RX steer=328887 wheel=170000
2026-07-07T16:35:44.221+00:00 VCP run=1 step=0 angle=328799 target=328887 err=88 steer=0 m1=1109/58438 i1=171 t1=31 m2=-1147/-58438 i2=-193 t2=31 steerMode=0/-310 iSteer=-11235 driveMode=58438/59045 iDrive=181779 scale=0 wheel=170000 ffS=0
2026-07-07T16:35:44.325+00:00 VCP run=1 step=0 angle=328799 target=328887 err=88 steer=0 m1=1127/58438 i1=155 t1=31 m2=-1105/-58438 i2=-219 t2=31 steerMode=0/103 iSteer=-32016 driveMode=58438/58887 iDrive=186522 scale=0 wheel=170000 ffS=0
2026-07-07T16:35:44.511+00:00 VCP run=1 step=0 angle=328623 target=328887 err=264 steer=0 m1=1125/58438 i1=143 t1=31 m2=-1110/-58438 i2=-276 t2=31 steerMode=0/761 iSteer=-66595 driveMode=58438/58113 iDrive=209856 scale=0 wheel=170000 ffS=0
2026-07-07T16:35:44.511+00:00 VCP run=1 step=0 angle=328623 target=328887 err=264 steer=0 m1=1111/58438 i1=181 t1=31 m2=-1131/-58438 i2=-213 t2=31 steerMode=0/-264 iSteer=-15855 driveMode=58438/58551 iDrive=197128 scale=0 wheel=170000 ffS=0
2026-07-07T16:35:44.612+00:00 VCP run=1 step=0 angle=328623 target=328887 err=264 steer=0 m1=1115/58438 i1=167 t1=31 m2=-1103/-58438 i2=-215 t2=31 steerMode=0/-102 iSteer=-24021 driveMode=58438/58744 iDrive=190833 scale=0 wheel=170000 ffS=0
2026-07-07T16:35:44.612+00:00 VCP SET_TARGET_RX steer=328887 wheel=170000
2026-07-07T16:35:44.716+00:00 VCP run=1 step=0 angle=328623 target=328887 err=264 steer=0 m1=1115/58438 i1=182 t1=31 m2=-1105/-58438 i2=-218 t2=31 steerMode=0/-213 iSteer=-18000 driveMode=58438/58447 iDrive=199705 scale=0 wheel=170000 ffS=0
2026-07-07T16:35:44.820+00:00 VCP run=1 step=0 angle=328623 target=328887 err=264 steer=0 m1=1106/58438 i1=171 t1=31 m2=-1093/-58438 i2=-222 t2=31 steerMode=0/-51 iSteer=-25641 driveMode=58438/58544 iDrive=196798 scale=0 wheel=170000 ffS=0
2026-07-07T16:35:44.924+00:00 VCP run=1 step=0 angle=328711 target=328887 err=176 steer=0 m1=1094/58438 i1=170 t1=31 m2=-1087/-58438 i2=-271 t2=31 steerMode=0/442 iSteer=-50670 driveMode=58438/57780 iDrive=220420 scale=0 wheel=170000 ffS=0
2026-07-07T16:35:45.042+00:00 VCP run=1 step=0 angle=328711 target=328887 err=176 steer=0 m1=1092/58438 i1=187 t1=31 m2=-1139/-58438 i2=-182 t2=31 steerMode=0/-613 iSteer=2368 driveMode=58438/58983 iDrive=184594 scale=0 wheel=170000 ffS=0
2026-07-07T16:35:45.042+00:00 VCP run=1 step=0 angle=328711 target=328887 err=176 steer=0 m1=1098/58438 i1=162 t1=31 m2=-1124/-58438 i2=-223 t2=31 steerMode=0/58 iSteer=-30500 driveMode=58438/58704 iDrive=192072 scale=0 wheel=170000 ffS=0
2026-07-07T16:35:45.211+00:00 VCP SET_TARGET_RX steer=328887 wheel=170000
2026-07-07T16:35:45.212+00:00 VCP run=1 step=0 angle=328799 target=328887 err=88 steer=0 m1=1111/58438 i1=168 t1=31 m2=-1133/-58438 i2=-174 t2=31 steerMode=0/-470 iSteer=-3105 driveMode=58438/59402 iDrive=171070 scale=0 wheel=170000 ffS=0
2026-07-07T16:35:45.316+00:00 VCP run=1 step=0 angle=328799 target=328887 err=88 steer=0 m1=1130/58438 i1=145 t1=31 m2=-1118/-58438 i2=-193 t2=31 steerMode=0/-50 iSteer=-23621 driveMode=58438/59467 iDrive=169107 scale=0 wheel=170000 ffS=0
2026-07-07T16:35:45.420+00:00 VCP run=1 step=0 angle=328623 target=328887 err=264 steer=0 m1=1121/58438 i1=145 t1=31 m2=-1072/-58438 i2=-250 t2=31 steerMode=0/521 iSteer=-52355 driveMode=58438/58511 iDrive=197782 scale=0 wheel=170000 ffS=0
2026-07-07T16:35:45.479+00:00 WEBUI enable sent (seeded steer target=328.623deg)
2026-07-07T16:35:45.523+00:00 VCP run=1 step=0 angle=328623 target=328887 err=264 steer=0 m1=1098/58438 i1=168 t1=31 m2=-1116/-58438 i2=-228 t2=31 steerMode=0/52 iSteer=-30058 driveMode=58438/58505 iDrive=198048 scale=0 wheel=170000 ffS=0
2026-07-07T16:35:45.523+00:00 VCP UNIT_CTRL enable=1
2026-07-07T16:35:45.623+00:00 VCP run=1 step=0 angle=328623 target=328623 err=0 steer=0 m1=1102/58438 i1=166 t1=31 m2=-1114/-58438 i2=-247 t2=31 steerMode=0/255 iSteer=-40386 driveMode=58438/58229 iDrive=206423 scale=0 wheel=170000 ffS=0
2026-07-07T16:35:45.624+00:00 VCP SET_TARGET_RX steer=328623 wheel=170000
2026-07-07T16:35:45.728+00:00 VCP run=1 step=0 angle=328711 target=328623 err=-88 steer=0 m1=1090/58438 i1=184 t1=31 m2=-1105/-58438 i2=-235 t2=31 steerMode=0/-52 iSteer=-25553 driveMode=58438/58153 iDrive=209264 scale=0 wheel=170000 ffS=0
2026-07-07T16:35:45.914+00:00 VCP run=1 step=0 angle=328623 target=328623 err=0 steer=0 m1=1117/58438 i1=163 t1=31 m2=-1137/-58438 i2=-216 t2=31 steerMode=0/-31 iSteer=-26195 driveMode=58438/58800 iDrive=189669 scale=0 wheel=170000 ffS=0
2026-07-07T16:35:45.914+00:00 VCP run=1 step=0 angle=328711 target=328623 err=-88 steer=0 m1=1127/58438 i1=154 t1=31 m2=-1114/-58438 i2=-247 t2=31 steerMode=0/372 iSteer=-46536 driveMode=58438/58417 iDrive=200607 scale=0 wheel=170000 ffS=0
2026-07-07T16:35:46.018+00:00 VCP run=1 step=0 angle=328711 target=328623 err=-88 steer=0 m1=1127/58438 i1=174 t1=31 m2=-1162/-58438 i2=-178 t2=31 steerMode=0/-510 iSteer=-2141 driveMode=58438/59237 iDrive=176001 scale=0 wheel=170000 ffS=0
2026-07-07T16:35:46.119+00:00 VCP run=1 step=0 angle=328623 target=328623 err=0 steer=0 m1=1123/58438 i1=163 t1=31 m2=-1110/-58438 i2=-187 t2=31 steerMode=0/-298 iSteer=-11851 driveMode=58438/59276 iDrive=174848 scale=0 wheel=170000 ffS=0
2026-07-07T16:35:46.119+00:00 VCP SET_TARGET_RX steer=328623 wheel=170000
2026-07-07T16:35:46.224+00:00 VCP run=1 step=0 angle=328623 target=328623 err=0 steer=0 m1=1121/58438 i1=154 t1=31 m2=-1105/-58438 i2=-205 t2=31 steerMode=0/-16 iSteer=-25461 driveMode=58438/59106 iDrive=179939 scale=0 wheel=170000 ffS=0
2026-07-07T16:35:46.328+00:00 VCP run=1 step=0 angle=328623 target=328623 err=0 steer=0 m1=1111/58438 i1=160 t1=31 m2=-1133/-58438 i2=-235 t2=31 steerMode=0/222 iSteer=-37468 driveMode=58438/58512 iDrive=197763 scale=0 wheel=170000 ffS=0
2026-07-07T16:35:46.328+00:00 VCP run=1 step=0 angle=328623 target=328623 err=0 steer=0 m1=1117/58438 i1=153 t1=31 m2=-1103/-58438 i2=-244 t2=31 steerMode=0/370 iSteer=-45378 driveMode=58438/58493 iDrive=198320 scale=0 wheel=170000 ffS=0
2026-07-07T16:35:46.496+00:00 WEBUI STOP sequence start (manual STOP): coasting 1.0s before disable
2026-07-07T16:35:46.514+00:00 VCP run=1 step=0 angle=328711 target=328623 err=-88 steer=0 m1=1102/58438 i1=174 t1=31 m2=-1064/-58438 i2=-310 t2=31 steerMode=0/769 iSteer=-67708 driveMode=58438/57092 iDrive=241995 scale=0 wheel=170000 ffS=0
2026-07-07T16:35:46.615+00:00 VCP run=1 step=0 angle=328799 target=328623 err=-176 steer=0 m1=1102/46063 i1=-180 t1=31 m2=-1112/-46063 i2=165 t2=31 steerMode=0/-431 iSteer=-7733 driveMode=46063/58524 iDrive=-172532 scale=0 wheel=134000 ffS=0
2026-07-07T16:35:46.615+00:00 VCP SET_TARGET_RX steer=328623 wheel=0
2026-07-07T16:35:46.721+00:00 VCP run=1 step=0 angle=328887 target=328623 err=-264 steer=0 m1=94/0 i1=-378 t1=31 m2=-74/0 i2=293 t2=31 steerMode=0/290 iSteer=-42446 driveMode=0/16463 iDrive=-335408 scale=0 wheel=0 ffS=0
2026-07-07T16:35:46.912+00:00 VCP run=1 step=0 angle=328887 target=328623 err=-264 steer=0 m1=-3/0 i1=129 t1=31 m2=-5/0 i2=-162 t2=31 steerMode=0/-231 iSteer=-16557 driveMode=0/202 iDrive=145227 scale=0 wheel=0 ffS=0
2026-07-07T16:35:46.912+00:00 VCP run=1 step=0 angle=328887 target=328623 err=-264 steer=0 m1=0/0 i1=124 t1=31 m2=0/0 i2=-178 t2=31 steerMode=0/-14 iSteer=-27171 driveMode=0/13 iDrive=150810 scale=0 wheel=0 ffS=0
2026-07-07T16:35:47.019+00:00 VCP run=1 step=0 angle=328887 target=328623 err=-264 steer=0 m1=0/0 i1=123 t1=31 m2=0/0 i2=-179 t2=31 steerMode=0/0 iSteer=-27862 driveMode=0/0 iDrive=151188 scale=0 wheel=0 ffS=0
2026-07-07T16:35:47.122+00:00 VCP run=1 step=0 angle=328887 target=328623 err=-264 steer=0 m1=0/0 i1=123 t1=31 m2=0/0 i2=-179 t2=31 steerMode=0/0 iSteer=-27870 driveMode=0/0 iDrive=151192 scale=0 wheel=0 ffS=0
2026-07-07T16:35:47.123+00:00 VCP SET_TARGET_RX steer=328623 wheel=0
2026-07-07T16:35:47.314+00:00 VCP run=1 step=0 angle=328887 target=328623 err=-264 steer=0 m1=0/0 i1=124 t1=31 m2=0/0 i2=-179 t2=31 steerMode=0/-11 iSteer=-27319 driveMode=0/-11 iDrive=151523 scale=0 wheel=0 ffS=0
2026-07-07T16:35:47.314+00:00 VCP run=1 step=0 angle=328887 target=328623 err=-264 steer=0 m1=0/0 i1=123 t1=31 m2=0/0 i2=-179 t2=31 steerMode=0/0 iSteer=-27855 driveMode=0/0 iDrive=151202 scale=0 wheel=0 ffS=0
2026-07-07T16:35:47.420+00:00 VCP run=1 step=0 angle=328887 target=328623 err=-264 steer=0 m1=0/0 i1=123 t1=31 m2=0/0 i2=-179 t2=31 steerMode=0/0 iSteer=-27860 driveMode=0/0 iDrive=151198 scale=0 wheel=0 ffS=0
2026-07-07T16:35:47.498+00:00 WEBUI STOP sequence complete (manual STOP)
2026-07-07T16:35:47.621+00:00 VCP run=1 step=0 angle=328887 target=328623 err=-264 steer=0 m1=0/0 i1=123 t1=31 m2=0/0 i2=-179 t2=31 steerMode=0/0 iSteer=-27860 driveMode=0/0 iDrive=151198 scale=0 wheel=0 ffS=0
2026-07-07T16:35:47.621+00:00 VCP UNIT_CTRL enable=0
2026-07-07T16:35:47.621+00:00 VCP UNIT_CTRL enable=0
2026-07-07T16:35:47.621+00:00 VCP STOP: disabled
2026-07-07T16:35:47.621+00:00 VCP SET_TARGET_RX steer=328623 wheel=0
2026-07-07T16:35:47.677+00:00 WEBUI enable sent (seeded steer target=328.887deg)
2026-07-07T16:35:47.780+00:00 VCP UNIT_CTRL enable=1
2026-07-07T16:35:47.780+00:00 VCP START_CAN: angle=328887 target=328887 wheelTarget=0
2026-07-07T16:35:47.780+00:00 VCP run=1 step=0 angle=328887 target=328887 err=0 steer=0 m1=0/0 i1=0 t1=31 m2=0/0 i2=0 t2=31 steerMode=0/0 iSteer=0 driveMode=0/0 iDrive=0 scale=0 wheel=0 ffS=0
2026-07-07T16:35:47.888+00:00 VCP run=1 step=0 angle=328887 target=328887 err=0 steer=0 m1=0/0 i1=0 t1=31 m2=0/0 i2=0 t2=31 steerMode=0/0 iSteer=0 driveMode=0/0 iDrive=0 scale=0 wheel=0 ffS=0
2026-07-07T16:35:48.080+00:00 VCP run=1 step=0 angle=328887 target=328887 err=0 steer=0 m1=0/0 i1=0 t1=31 m2=0/0 i2=0 t2=31 steerMode=0/0 iSteer=0 driveMode=0/0 iDrive=0 scale=0 wheel=0 ffS=0
2026-07-07T16:35:48.080+00:00 VCP run=1 step=0 angle=328887 target=328887 err=0 steer=0 m1=0/0 i1=0 t1=31 m2=0/0 i2=0 t2=31 steerMode=0/0 iSteer=0 driveMode=0/0 iDrive=0 scale=0 wheel=0 ffS=0
2026-07-07T16:35:48.080+00:00 VCP SET_TARGET_RX steer=328887 wheel=0
2026-07-07T16:35:48.188+00:00 VCP run=1 step=0 angle=328887 target=328887 err=0 steer=0 m1=0/0 i1=0 t1=31 m2=0/0 i2=0 t2=31 steerMode=0/0 iSteer=0 driveMode=0/0 iDrive=0 scale=0 wheel=0 ffS=0
2026-07-07T16:35:48.383+00:00 VCP run=1 step=0 angle=328887 target=328887 err=0 steer=0 m1=0/0 i1=0 t1=31 m2=0/0 i2=0 t2=31 steerMode=0/0 iSteer=0 driveMode=0/0 iDrive=0 scale=0 wheel=0 ffS=0
2026-07-07T16:35:48.383+00:00 VCP run=1 step=0 angle=328887 target=328887 err=0 steer=0 m1=0/0 i1=0 t1=31 m2=0/0 i2=0 t2=31 steerMode=0/0 iSteer=0 driveMode=0/0 iDrive=0 scale=0 wheel=0 ffS=0
2026-07-07T16:35:48.491+00:00 VCP run=1 step=0 angle=328887 target=328887 err=0 steer=0 m1=0/0 i1=0 t1=31 m2=0/0 i2=0 t2=31 steerMode=0/0 iSteer=0 driveMode=0/0 iDrive=0 scale=0 wheel=0 ffS=0
2026-07-07T16:35:48.683+00:00 VCP run=1 step=0 angle=328887 target=328887 err=0 steer=0 m1=0/0 i1=0 t1=31 m2=0/0 i2=0 t2=31 steerMode=0/0 iSteer=0 driveMode=0/0 iDrive=0 scale=0 wheel=0 ffS=0
2026-07-07T16:35:48.683+00:00 VCP SET_TARGET_RX steer=328887 wheel=0
2026-07-07T16:35:48.683+00:00 VCP run=1 step=0 angle=328887 target=328887 err=0 steer=0 m1=0/0 i1=0 t1=31 m2=0/0 i2=0 t2=31 steerMode=0/0 iSteer=0 driveMode=0/0 iDrive=0 scale=0 wheel=0 ffS=0
2026-07-07T16:35:48.791+00:00 VCP run=1 step=0 angle=328887 target=328887 err=0 steer=0 m1=0/0 i1=0 t1=31 m2=0/0 i2=0 t2=31 steerMode=0/-1 iSteer=82 driveMode=0/1 iDrive=-51 scale=0 wheel=0 ffS=0
2026-07-07T16:35:48.985+00:00 VCP run=1 step=0 angle=328887 target=328887 err=0 steer=0 m1=0/0 i1=0 t1=31 m2=0/0 i2=0 t2=31 steerMode=0/0 iSteer=20 driveMode=0/0 iDrive=-13 scale=0 wheel=0 ffS=0
2026-07-07T16:35:48.985+00:00 VCP run=1 step=0 angle=328887 target=328887 err=0 steer=0 m1=0/0 i1=0 t1=31 m2=0/0 i2=0 t2=31 steerMode=0/0 iSteer=19 driveMode=0/0 iDrive=-13 scale=0 wheel=0 ffS=0
2026-07-07T16:35:49.090+00:00 VCP run=1 step=0 angle=328887 target=328887 err=0 steer=0 m1=0/0 i1=0 t1=31 m2=0/0 i2=0 t2=31 steerMode=0/0 iSteer=19 driveMode=0/0 iDrive=-13 scale=0 wheel=0 ffS=0
2026-07-07T16:35:49.090+00:00 VCP SET_TARGET_RX steer=328887 wheel=0
2026-07-07T16:35:49.284+00:00 VCP run=1 step=0 angle=328887 target=328887 err=0 steer=0 m1=0/0 i1=0 t1=31 m2=0/0 i2=0 t2=31 steerMode=0/0 iSteer=19 driveMode=0/0 iDrive=-13 scale=0 wheel=0 ffS=0
2026-07-07T16:35:49.284+00:00 VCP run=1 step=0 angle=328887 target=328887 err=0 steer=0 m1=0/0 i1=0 t1=31 m2=0/0 i2=0 t2=31 steerMode=0/0 iSteer=19 driveMode=0/0 iDrive=-13 scale=0 wheel=0 ffS=0
2026-07-07T16:35:49.478+00:00 VCP run=1 step=0 angle=328887 target=328887 err=0 steer=0 m1=0/0 i1=0 t1=31 m2=0/0 i2=0 t2=31 steerMode=0/0 iSteer=19 driveMode=0/0 iDrive=-13 scale=0 wheel=0 ffS=0
2026-07-07T16:35:49.478+00:00 VCP run=1 step=0 angle=328887 target=328887 err=0 steer=0 m1=0/0 i1=0 t1=31 m2=0/0 i2=0 t2=31 steerMode=0/0 iSteer=19 driveMode=0/0 iDrive=-13 scale=0 wheel=0 ffS=0
2026-07-07T16:35:49.583+00:00 VCP run=1 step=0 angle=328887 target=328887 err=0 steer=0 m1=0/0 i1=0 t1=31 m2=0/0 i2=0 t2=31 steerMode=0/0 iSteer=19 driveMode=0/0 iDrive=-13 scale=0 wheel=0 ffS=0
2026-07-07T16:35:49.583+00:00 VCP SET_TARGET_RX steer=328887 wheel=0
2026-07-07T16:35:49.691+00:00 VCP run=1 step=0 angle=328887 target=328887 err=0 steer=0 m1=0/0 i1=0 t1=31 m2=0/0 i2=0 t2=31 steerMode=0/0 iSteer=19 driveMode=0/0 iDrive=-13 scale=0 wheel=0 ffS=0
2026-07-07T16:35:49.885+00:00 VCP run=1 step=0 angle=328887 target=328887 err=0 steer=0 m1=0/0 i1=0 t1=31 m2=0/0 i2=0 t2=31 steerMode=0/0 iSteer=19 driveMode=0/0 iDrive=-13 scale=0 wheel=0 ffS=0
2026-07-07T16:35:49.885+00:00 VCP run=1 step=0 angle=328887 target=328887 err=0 steer=0 m1=0/0 i1=0 t1=31 m2=0/0 i2=0 t2=31 steerMode=0/0 iSteer=19 driveMode=0/0 iDrive=-13 scale=0 wheel=0 ffS=0
2026-07-07T16:35:50.044+00:00 VCP run=1 step=0 angle=328887 target=328887 err=0 steer=0 m1=0/0 i1=0 t1=31 m2=0/0 i2=0 t2=31 steerMode=0/0 iSteer=19 driveMode=0/0 iDrive=-13 scale=0 wheel=0 ffS=0
2026-07-07T16:35:50.044+00:00 VCP run=1 step=0 angle=328887 target=328887 err=0 steer=0 m1=0/0 i1=0 t1=31 m2=0/0 i2=0 t2=31 steerMode=0/0 iSteer=19 driveMode=0/0 iDrive=-13 scale=0 wheel=0 ffS=0
2026-07-07T16:35:50.184+00:00 VCP SET_TARGET_RX steer=328887 wheel=0
2026-07-07T16:35:50.184+00:00 VCP run=1 step=0 angle=328887 target=328887 err=0 steer=0 m1=0/0 i1=0 t1=31 m2=0/0 i2=0 t2=31 steerMode=0/0 iSteer=19 driveMode=0/0 iDrive=-13 scale=0 wheel=0 ffS=0
2026-07-07T16:35:50.378+00:00 VCP run=1 step=0 angle=328887 target=328887 err=0 steer=0 m1=0/0 i1=0 t1=31 m2=0/0 i2=0 t2=31 steerMode=0/0 iSteer=19 driveMode=0/0 iDrive=-13 scale=0 wheel=0 ffS=0
2026-07-07T16:35:50.378+00:00 VCP run=1 step=0 angle=328887 target=328887 err=0 steer=0 m1=0/0 i1=0 t1=31 m2=0/0 i2=0 t2=31 steerMode=0/0 iSteer=19 driveMode=0/0 iDrive=-13 scale=0 wheel=0 ffS=0
2026-07-07T16:35:50.487+00:00 VCP run=1 step=0 angle=328887 target=328887 err=0 steer=0 m1=0/0 i1=0 t1=31 m2=0/0 i2=0 t2=31 steerMode=0/0 iSteer=19 driveMode=0/0 iDrive=-13 scale=0 wheel=0 ffS=0
2026-07-07T16:35:50.592+00:00 VCP run=1 step=0 angle=328887 target=328887 err=0 steer=0 m1=0/0 i1=0 t1=31 m2=0/0 i2=0 t2=31 steerMode=0/0 iSteer=19 driveMode=0/0 iDrive=-13 scale=0 wheel=0 ffS=0
2026-07-07T16:35:50.592+00:00 VCP SET_TARGET_RX steer=328887 wheel=0
2026-07-07T16:35:50.592+00:00 VCP run=1 step=0 angle=328887 target=328887 err=0 steer=0 m1=0/0 i1=0 t1=31 m2=0/0 i2=0 t2=31 steerMode=0/0 iSteer=19 driveMode=0/0 iDrive=-13 scale=0 wheel=0 ffS=0
2026-07-07T16:35:50.786+00:00 VCP run=1 step=0 angle=328887 target=328887 err=0 steer=0 m1=0/0 i1=0 t1=31 m2=0/0 i2=0 t2=31 steerMode=0/0 iSteer=19 driveMode=0/0 iDrive=-13 scale=0 wheel=0 ffS=0
2026-07-07T16:35:50.894+00:00 VCP run=1 step=0 angle=328887 target=328887 err=0 steer=0 m1=0/0 i1=0 t1=31 m2=0/0 i2=0 t2=31 steerMode=0/0 iSteer=19 driveMode=0/0 iDrive=-13 scale=0 wheel=0 ffS=0
2026-07-07T16:35:51.045+00:00 VCP run=1 step=0 angle=328887 target=328887 err=0 steer=0 m1=313/37813 i1=1012 t1=31 m2=-145/-37813 i2=-1335 t2=31 steerMode=0/3208 iSteer=-161663 driveMode=37813/5390 iDrive=1173322 scale=0 wheel=110000 ffS=0
2026-07-07T16:35:51.045+00:00 VCP run=1 step=0 angle=329063 target=328887 err=-175 steer=0 m1=765/37813 i1=205 t1=31 m2=-794/-37813 i2=-159 t2=31 steerMode=0/-555 iSteer=22975 driveMode=37813/39178 iDrive=181767 scale=0 wheel=110000 ffS=0
2026-07-07T16:35:51.181+00:00 VCP SET_TARGET_RX steer=328887 wheel=110000
2026-07-07T16:35:51.181+00:00 VCP run=1 step=0 angle=329150 target=328887 err=-263 steer=0 m1=742/37813 i1=142 t1=31 m2=-710/-37813 i2=-189 t2=31 steerMode=0/377 iSteer=-23233 driveMode=37813/39564 iDrive=165594 scale=0 wheel=110000 ffS=0
2026-07-07T16:35:51.285+00:00 VCP run=1 step=0 angle=329238 target=328887 err=-351 steer=0 m1=728/37813 i1=187 t1=31 m2=-702/-37813 i2=-218 t2=31 steerMode=0/220 iSteer=-15631 driveMode=37813/38257 iDrive=202796 scale=0 wheel=110000 ffS=0
2026-07-07T16:35:51.389+00:00 VCP run=1 step=0 angle=329502 target=328887 err=-615 steer=-1230 m1=713/36121 i1=154 t1=31 m2=-712/-39504 i2=-287 t2=31 steerMode=-1691/-523 iSteer=-66548 driveMode=37813/37660 iDrive=220449 scale=0 wheel=110000 ffS=0
2026-07-07T16:35:51.492+00:00 VCP run=1 step=0 angle=329502 target=328887 err=-615 steer=-1230 m1=701/36121 i1=181 t1=31 m2=-756/-39504 i2=-234 t2=31 steerMode=-1691/-1356 iSteer=-26464 driveMode=37813/38084 iDrive=207637 scale=0 wheel=110000 ffS=0
2026-07-07T16:35:51.592+00:00 VCP run=1 step=0 angle=329502 target=328887 err=-615 steer=-1230 m1=724/36121 i1=144 t1=31 m2=-815/-39504 i2=-212 t2=31 steerMode=-1691/-1216 iSteer=-34297 driveMode=37813/39016 iDrive=177922 scale=0 wheel=110000 ffS=0
2026-07-07T16:35:51.592+00:00 VCP SET_TARGET_RX steer=328887 wheel=110000
2026-07-07T16:35:51.778+00:00 VCP run=1 step=0 angle=329150 target=328887 err=-263 steer=0 m1=755/37813 i1=143 t1=31 m2=-771/-37813 i2=-198 t2=31 steerMode=0/362 iSteer=-27148 driveMode=37813/39194 iDrive=170363 scale=0 wheel=110000 ffS=0
2026-07-07T16:35:51.779+00:00 VCP run=1 step=0 angle=328975 target=328887 err=-88 steer=0 m1=770/37813 i1=149 t1=31 m2=-760/-37813 i2=-180 t2=31 steerMode=0/114 iSteer=-15355 driveMode=37813/39305 iDrive=164541 scale=0 wheel=110000 ffS=0
2026-07-07T16:35:51.883+00:00 VCP run=1 step=0 angle=328887 target=328887 err=0 steer=0 m1=738/37813 i1=165 t1=31 m2=-804/-37813 i2=-170 t2=31 steerMode=0/-159 iSteer=-2603 driveMode=37813/39117 iDrive=167700 scale=0 wheel=110000 ffS=0
2026-07-07T16:35:51.988+00:00 VCP run=1 step=0 angle=328799 target=328887 err=88 steer=0 m1=719/37813 i1=157 t1=31 m2=-785/-37813 i2=-179 t2=31 steerMode=0/20 iSteer=-11166 driveMode=37813/39025 iDrive=168088 scale=0 wheel=110000 ffS=0
2026-07-07T16:35:52.089+00:00 VCP run=1 step=0 angle=328799 target=328887 err=88 steer=0 m1=719/37813 i1=137 t1=31 m2=-729/-37813 i2=-208 t2=31 steerMode=0/500 iSteer=-35626 driveMode=37813/38799 iDrive=172716 scale=0 wheel=110000 ffS=0
2026-07-07T16:35:52.089+00:00 VCP SET_TARGET_RX steer=328887 wheel=110000
2026-07-07T16:35:52.193+00:00 VCP run=1 step=0 angle=328711 target=328887 err=176 steer=0 m1=747/37813 i1=153 t1=31 m2=-691/-37813 i2=-239 t2=31 steerMode=0/620 iSteer=-42922 driveMode=37813/37981 iDrive=195730 scale=0 wheel=110000 ffS=0
2026-07-07T16:35:52.380+00:00 VCP run=1 step=0 angle=328799 target=328887 err=88 steer=0 m1=730/37813 i1=172 t1=31 m2=-735/-37813 i2=-228 t2=31 steerMode=0/299 iSteer=-28025 driveMode=37813/37821 iDrive=199908 scale=0 wheel=110000 ffS=0
2026-07-07T16:35:52.380+00:00 VCP run=1 step=0 angle=328887 target=328887 err=0 steer=0 m1=717/37813 i1=169 t1=31 m2=-773/-37813 i2=-206 t2=31 steerMode=0/102 iSteer=-18705 driveMode=37813/38228 iDrive=187687 scale=0 wheel=110000 ffS=0
2026-07-07T16:35:52.484+00:00 VCP run=1 step=0 angle=329150 target=328887 err=-263 steer=0 m1=709/37813 i1=174 t1=31 m2=-666/-37813 i2=-239 t2=31 steerMode=0/356 iSteer=-32370 driveMode=37813/37610 iDrive=206175 scale=0 wheel=110000 ffS=0
2026-07-07T16:35:52.584+00:00 VCP run=1 step=0 angle=329502 target=328887 err=-615 steer=-1230 m1=717/36121 i1=126 t1=31 m2=-745/-39504 i2=-278 t2=31 steerMode=-1691/-503 iSteer=-76215 driveMode=37813/37772 iDrive=202025 scale=0 wheel=110000 ffS=0
2026-07-07T16:35:52.584+00:00 VCP SET_TARGET_RX steer=328887 wheel=110000
2026-07-07T16:35:52.688+00:00 VCP run=1 step=0 angle=329414 target=328887 err=-527 steer=-1054 m1=688/36363 i1=173 t1=31 m2=-720/-39262 i2=-186 t2=31 steerMode=-1449/-1660 iSteer=-6538 driveMode=37813/38483 iDrive=179877 scale=0 wheel=110000 ffS=0
2026-07-07T16:35:52.792+00:00 VCP run=1 step=0 angle=329150 target=328887 err=-263 steer=0 m1=740/37813 i1=131 t1=31 m2=-733/-37813 i2=-249 t2=31 steerMode=0/858 iSteer=-58768 driveMode=37813/38151 iDrive=189857 scale=0 wheel=110000 ffS=0
2026-07-07T16:35:52.978+00:00 VCP run=1 step=0 angle=329150 target=328887 err=-263 steer=0 m1=747/37813 i1=164 t1=31 m2=-722/-37813 i2=-258 t2=31 steerMode=0/586 iSteer=-47206 driveMode=37813/37453 iDrive=210897 scale=0 wheel=110000 ffS=0
2026-07-07T16:35:52.978+00:00 VCP run=1 step=0 angle=329150 target=328887 err=-263 steer=0 m1=753/37813 i1=172 t1=31 m2=-718/-37813 i2=-241 t2=31 steerMode=0/314 iSteer=-34774 driveMode=37813/37629 iDrive=206369 scale=0 wheel=110000 ffS=0
2026-07-07T16:35:53.079+00:00 VCP run=1 step=0 angle=329326 target=328887 err=-439 steer=0 m1=726/37813 i1=176 t1=31 m2=-752/-37813 i2=-185 t2=31 steerMode=0/-291 iSteer=-4410 driveMode=37813/38474 iDrive=180534 scale=0 wheel=110000 ffS=0
2026-07-07T16:35:53.079+00:00 VCP SET_TARGET_RX steer=328887 wheel=110000
2026-07-07T16:35:53.184+00:00 VCP run=1 step=0 angle=329326 target=328887 err=-439 steer=0 m1=751/37813 i1=145 t1=31 m2=-743/-37813 i2=-181 t2=31 steerMode=0/-16 iSteer=-18167 driveMode=37813/39054 iDrive=162764 scale=0 wheel=110000 ffS=0
2026-07-07T16:35:53.287+00:00 VCP run=1 step=0 angle=333369 target=31600 err=58231 steer=40000 m1=1569/92813 i1=1566 t1=31 m2=54/17188 i2=1253 t2=31 steerMode=55000/27477 iSteer=1409272 driveMode=37813/39257 iDrive=156670 scale=0 wheel=110000 ffS=0
2026-07-07T16:35:53.391+00:00 VCP run=1 step=0 angle=0 target=31600 err=31600 steer=40000 m1=1856/92813 i1=-86 t1=31 m2=215/17188 i2=-203 t2=31 steerMode=55000/58641 iSteer=-144197 driveMode=37813/42533 iDrive=58390 scale=0 wheel=110000 ffS=0
2026-07-07T16:35:53.494+00:00 VCP run=1 step=0 angle=22061 target=31600 err=9539 steer=19079 m1=1550/64046 i1=-859 t1=31 m2=-40/-11579 i2=-937 t2=31 steerMode=26234/44752 iSteer=-897947 driveMode=37813/43177 iDrive=39078 scale=0 wheel=110000 ffS=0
2026-07-07T16:35:53.595+00:00 VCP run=1 step=0 angle=29004 target=31600 err=2596 steer=5192 m1=776/44952 i1=306 t1=31 m2=-670/-30673 i2=-68 t2=31 steerMode=7139/4683 iSteer=119316 driveMode=37813/38251 iDrive=186838 scale=0 wheel=110000 ffS=0
2026-07-07T16:35:53.595+00:00 VCP SET_TARGET_RX steer=31600 wheel=110000
2026-07-07T16:35:53.781+00:00 VCP run=1 step=0 angle=30234 target=31600 err=1366 steer=2731 m1=834/41568 i1=72 t1=31 m2=-668/-34057 i2=-265 t2=31 steerMode=3755/5686 iSteer=-96213 driveMode=37813/38859 iDrive=168611 scale=0 wheel=110000 ffS=0
2026-07-07T16:35:53.782+00:00 VCP run=1 step=0 angle=31553 target=31600 err=47 steer=0 m1=711/37813 i1=165 t1=31 m2=-792/-37813 i2=-168 t2=31 steerMode=0/-79 iSteer=-1365 driveMode=37813/38937 iDrive=166254 scale=0 wheel=110000 ffS=0
2026-07-07T16:35:53.886+00:00 VCP run=1 step=0 angle=31641 target=31600 err=-41 steer=0 m1=761/37813 i1=180 t1=31 m2=-727/-37813 i2=-166 t2=31 steerMode=0/-221 iSteer=7313 driveMode=37813/38717 iDrive=172866 scale=0 wheel=110000 ffS=0
2026-07-07T16:35:53.991+00:00 VCP run=1 step=0 angle=31553 target=31600 err=47 steer=0 m1=749/37813 i1=157 t1=31 m2=-708/-37813 i2=-196 t2=31 steerMode=0/297 iSteer=-19230 driveMode=37813/38599 iDrive=176409 scale=0 wheel=110000 ffS=0
2026-07-07T16:35:54.092+00:00 VCP run=1 step=0 angle=31641 target=31600 err=-41 steer=0 m1=740/37813 i1=183 t1=31 m2=-743/-37813 i2=-203 t2=31 steerMode=0/103 iSteer=-9981 driveMode=37813/38046 iDrive=192985 scale=0 wheel=110000 ffS=0
2026-07-07T16:35:54.092+00:00 VCP SET_TARGET_RX steer=31600 wheel=110000
2026-07-07T16:35:54.279+00:00 VCP run=1 step=0 angle=31641 target=31600 err=-41 steer=0 m1=715/37813 i1=162 t1=31 m2=-699/-37813 i2=-215 t2=31 steerMode=0/418 iSteer=-26463 driveMode=37813/38204 iDrive=188267 scale=0 wheel=110000 ffS=0
2026-07-07T16:35:54.279+00:00 VCP run=1 step=0 angle=31641 target=31600 err=-41 steer=0 m1=763/37813 i1=168 t1=31 m2=-758/-37813 i2=-191 t2=31 steerMode=0/120 iSteer=-11753 driveMode=37813/38491 iDrive=179630 scale=0 wheel=110000 ffS=0
2026-07-07T16:35:54.383+00:00 VCP run=1 step=0 angle=31729 target=31600 err=-129 steer=0 m1=744/37813 i1=185 t1=31 m2=-725/-37813 i2=-162 t2=31 steerMode=0/-346 iSteer=11537 driveMode=37813/38681 iDrive=173946 scale=0 wheel=110000 ffS=0
2026-07-07T16:35:54.488+00:00 VCP run=1 step=0 angle=31816 target=31600 err=-216 steer=0 m1=765/37813 i1=174 t1=31 m2=-741/-37813 i2=-156 t2=31 steerMode=0/-260 iSteer=8693 driveMode=37813/38978 iDrive=165048 scale=0 wheel=110000 ffS=0
2026-07-07T16:35:54.589+00:00 VCP run=1 step=0 angle=31816 target=31600 err=-216 steer=0 m1=724/37813 i1=175 t1=31 m2=-718/-37813 i2=-165 t2=31 steerMode=0/-165 iSteer=5061 driveMode=37813/38811 iDrive=170057 scale=0 wheel=110000 ffS=0
2026-07-07T16:35:54.589+00:00 VCP SET_TARGET_RX steer=31600 wheel=110000
2026-07-07T16:35:54.694+00:00 VCP run=1 step=0 angle=31992 target=31600 err=-392 steer=0 m1=763/37813 i1=185 t1=31 m2=-779/-37813 i2=-153 t2=31 steerMode=0/-373 iSteer=16053 driveMode=37813/38846 iDrive=169006 scale=0 wheel=110000 ffS=0
2026-07-07T16:35:54.881+00:00 VCP run=1 step=0 angle=31904 target=31600 err=-304 steer=0 m1=749/37813 i1=146 t1=31 m2=-725/-37813 i2=-166 t2=31 steerMode=0/152 iSteer=-9788 driveMode=37813/39271 iDrive=156256 scale=0 wheel=110000 ffS=0
2026-07-07T16:35:54.881+00:00 VCP run=1 step=0 angle=31904 target=31600 err=-304 steer=0 m1=740/37813 i1=162 t1=31 m2=-762/-37813 i2=-175 t2=31 steerMode=0/77 iSteer=-6274 driveMode=37813/38859 iDrive=168599 scale=0 wheel=110000 ffS=0
2026-07-07T16:35:54.985+00:00 VCP run=1 step=0 angle=31816 target=31600 err=-216 steer=0 m1=736/37813 i1=152 t1=31 m2=-695/-37813 i2=-180 t2=31 steerMode=0/215 iSteer=-14016 driveMode=37813/38939 iDrive=166209 scale=0 wheel=110000 ffS=0
2026-07-07T16:35:55.086+00:00 VCP run=1 step=0 angle=31816 target=31600 err=-216 steer=0 m1=734/37813 i1=160 t1=31 m2=-743/-37813 i2=-163 t2=31 steerMode=0/-40 iSteer=-1532 driveMode=37813/39106 iDrive=161210 scale=0 wheel=110000 ffS=0
2026-07-07T16:35:55.086+00:00 VCP SET_TARGET_RX steer=31600 wheel=110000
2026-07-07T16:35:55.191+00:00 VCP run=1 step=0 angle=31904 target=31600 err=-304 steer=0 m1=736/37813 i1=151 t1=31 m2=-745/-37813 i2=-159 t2=31 steerMode=0/14 iSteer=-4128 driveMode=37813/39307 iDrive=155171 scale=0 wheel=110000 ffS=0
2026-07-07T16:35:55.378+00:00 VCP run=1 step=0 angle=31904 target=31600 err=-304 steer=0 m1=765/37813 i1=163 t1=31 m2=-768/-37813 i2=-154 t2=31 steerMode=0/-157 iSteer=4548 driveMode=37813/39198 iDrive=158435 scale=0 wheel=110000 ffS=0
2026-07-07T16:35:55.378+00:00 VCP run=1 step=0 angle=31904 target=31600 err=-304 steer=0 m1=753/37813 i1=176 t1=31 m2=-727/-37813 i2=-148 t2=31 steerMode=0/-347 iSteer=14112 driveMode=37813/39070 iDrive=162261 scale=0 wheel=110000 ffS=0
2026-07-07T16:35:55.482+00:00 VCP run=1 step=0 angle=31992 target=31600 err=-392 steer=0 m1=749/37813 i1=156 t1=31 m2=-743/-37813 i2=-189 t2=31 steerMode=0/262 iSteer=-16466 driveMode=37813/38726 iDrive=172603 scale=0 wheel=110000 ffS=0
2026-07-07T16:35:55.584+00:00 VCP run=1 step=0 angle=31992 target=31600 err=-392 steer=0 m1=744/37813 i1=166 t1=31 m2=-687/-37813 i2=-169 t2=31 steerMode=0/-38 iSteer=-1627 driveMode=37813/38900 iDrive=167365 scale=0 wheel=110000 ffS=0
2026-07-07T16:35:55.584+00:00 VCP SET_TARGET_RX steer=31600 wheel=110000
2026-07-07T16:35:55.688+00:00 VCP run=1 step=0 angle=31992 target=31600 err=-392 steer=0 m1=703/37813 i1=178 t1=31 m2=-668/-37813 i2=-161 t2=31 steerMode=0/-227 iSteer=8129 driveMode=37813/38833 iDrive=169382 scale=0 wheel=110000 ffS=0
2026-07-07T16:35:55.793+00:00 VCP run=1 step=0 angle=31992 target=31600 err=-392 steer=0 m1=742/37813 i1=170 t1=31 m2=-712/-37813 i2=-150 t2=31 steerMode=0/-262 iSteer=10143 driveMode=37813/39143 iDrive=160098 scale=0 wheel=110000 ffS=0
2026-07-07T16:35:55.979+00:00 VCP run=1 step=0 angle=31992 target=31600 err=-392 steer=0 m1=736/37813 i1=158 t1=31 m2=-733/-37813 i2=-163 t2=31 steerMode=0/-9 iSteer=-2489 driveMode=37813/39142 iDrive=160113 scale=0 wheel=110000 ffS=0
2026-07-07T16:35:55.979+00:00 VCP run=1 step=0 angle=36035 target=90400 err=54365 steer=40000 m1=1615/92813 i1=1564 t1=31 m2=121/17188 i2=1251 t2=31 steerMode=55000/27827 iSteer=1407508 driveMode=37813/39273 iDrive=156189 scale=0 wheel=110000 ffS=0
2026-07-07T16:35:56.079+00:00 VCP run=1 step=0 angle=62842 target=90400 err=27558 steer=40000 m1=1862/92813 i1=-79 t1=31 m2=188/17188 i2=-199 t2=31 steerMode=55000/58800 iSteer=-138893 driveMode=37813/42487 iDrive=59752 scale=0 wheel=110000 ffS=0
2026-07-07T16:35:56.079+00:00 VCP SET_TARGET_RX steer=90400 wheel=110000
2026-07-07T16:35:56.182+00:00 VCP run=1 step=0 angle=82793 target=90400 err=7607 steer=15214 m1=1383/58732 i1=-795 t1=31 m2=-233/-16893 i2=-867 t2=31 steerMode=20919/38137 iSteer=-830585 driveMode=37813/43280 iDrive=35977 scale=0 wheel=110000 ffS=0
2026-07-07T16:35:56.286+00:00 VCP run=1 step=0 angle=87363 target=90400 err=3037 steer=6073 m1=834/46163 i1=343 t1=31 m2=-607/-29462 i2=-4 t2=31 steerMode=8351/5180 iSteer=169235 driveMode=37813/38703 iDrive=173273 scale=0 wheel=110000 ffS=0
2026-07-07T16:35:56.391+00:00 VCP run=1 step=0 angle=89912 target=90400 err=488 steer=0 m1=816/37813 i1=-58 t1=31 m2=-647/-37813 i2=-364 t2=31 steerMode=0/4354 iSteer=-211143 driveMode=37813/39370 iDrive=153281 scale=0 wheel=110000 ffS=0
2026-07-07T16:35:56.542+00:00 VCP run=1 step=0 angle=89824 target=90400 err=576 steer=1152 m1=749/39396 i1=288 t1=31 m2=-768/-36229 i2=-58 t2=31 steerMode=1583/-591 iSteer=115112 driveMode=37813/38716 iDrive=172902 scale=0 wheel=110000 ffS=0
2026-07-07T16:35:56.543+00:00 VCP run=1 step=0 angle=90439 target=90400 err=-39 steer=0 m1=751/37813 i1=146 t1=31 m2=-760/-37813 i2=-208 t2=31 steerMode=0/704 iSteer=-30943 driveMode=37813/38569 iDrive=177320 scale=0 wheel=110000 ffS=0
2026-07-07T16:35:56.678+00:00 VCP SET_TARGET_RX steer=90400 wheel=110000
2026-07-07T16:35:56.678+00:00 VCP run=1 step=0 angle=90527 target=90400 err=-127 steer=0 m1=753/37813 i1=172 t1=31 m2=-716/-37813 i2=-203 t2=31 steerMode=0/380 iSteer=-15426 driveMode=37813/38223 iDrive=187683 scale=0 wheel=110000 ffS=0
2026-07-07T16:35:56.782+00:00 VCP run=1 step=0 angle=91143 target=90400 err=-743 steer=-1485 m1=736/35770 i1=80 t1=31 m2=-758/-39855 i2=-310 t2=31 steerMode=-2042/259 iSteer=-115053 driveMode=37813/37991 iDrive=194632 scale=0 wheel=110000 ffS=0
2026-07-07T16:35:56.886+00:00 VCP run=1 step=0 angle=90967 target=90400 err=-567 steer=-1134 m1=740/36254 i1=179 t1=31 m2=-764/-39371 i2=-140 t2=31 steerMode=-1559/-1968 iSteer=19458 driveMode=37813/39165 iDrive=159428 scale=0 wheel=110000 ffS=0
2026-07-07T16:35:56.990+00:00 VCP run=1 step=0 angle=90439 target=90400 err=-39 steer=0 m1=732/37813 i1=134 t1=31 m2=-729/-37813 i2=-187 t2=31 steerMode=0/541 iSteer=-26581 driveMode=37813/39126 iDrive=160598 scale=0 wheel=110000 ffS=0
2026-07-07T16:35:57.091+00:00 VCP run=1 step=0 angle=90439 target=90400 err=-39 steer=0 m1=726/37813 i1=164 t1=31 m2=-687/-37813 i2=-178 t2=31 steerMode=0/129 iSteer=-7182 driveMode=37813/38785 iDrive=170815 scale=0 wheel=110000 ffS=0
2026-07-07T16:35:57.091+00:00 VCP SET_TARGET_RX steer=90400 wheel=110000
2026-07-07T16:35:57.278+00:00 VCP run=1 step=0 angle=90615 target=90400 err=-215 steer=0 m1=713/37813 i1=167 t1=31 m2=-718/-37813 i2=-152 t2=31 steerMode=0/-160 iSteer=7482 driveMode=37813/39156 iDrive=159690 scale=0 wheel=110000 ffS=0
2026-07-07T16:35:57.278+00:00 VCP run=1 step=0 angle=90615 target=90400 err=-215 steer=0 m1=763/37813 i1=150 t1=31 m2=-789/-37813 i2=-191 t2=31 steerMode=0/393 iSteer=-20523 driveMode=37813/38794 iDrive=170546 scale=0 wheel=110000 ffS=0
2026-07-07T16:35:57.383+00:00 VCP run=1 step=0 angle=90615 target=90400 err=-215 steer=0 m1=719/37813 i1=154 t1=31 m2=-743/-37813 i2=-202 t2=31 steerMode=0/434 iSteer=-23942 driveMode=37813/38544 iDrive=178062 scale=0 wheel=110000 ffS=0
2026-07-07T16:35:57.487+00:00 VCP run=1 step=0 angle=90703 target=90400 err=-303 steer=0 m1=734/37813 i1=152 t1=31 m2=-706/-37813 i2=-245 t2=31 steerMode=0/857 iSteer=-46680 driveMode=37813/37866 iDrive=198399 scale=0 wheel=110000 ffS=0
2026-07-07T16:35:57.587+00:00 VCP run=1 step=0 angle=91143 target=90400 err=-743 steer=-1485 m1=675/35770 i1=132 t1=31 m2=-712/-39855 i2=-310 t2=31 steerMode=-2042/-405 iSteer=-89230 driveMode=37813/37136 iDrive=221055 scale=0 wheel=110000 ffS=0
2026-07-07T16:35:57.587+00:00 VCP SET_TARGET_RX steer=90400 wheel=110000
2026-07-07T16:35:57.692+00:00 VCP run=1 step=0 angle=90791 target=90400 err=-391 steer=0 m1=730/37813 i1=217 t1=31 m2=-722/-37813 i2=-182 t2=31 steerMode=0/-493 iSteer=17769 driveMode=37813/37860 iDrive=199569 scale=0 wheel=110000 ffS=0
2026-07-07T16:35:57.877+00:00 VCP run=1 step=0 angle=90967 target=171200 err=80233 steer=21000 m1=941/66688 i1=1462 t1=31 m2=-570/-8937 i2=1123 t2=31 steerMode=28875/3130 iSteer=1292544 driveMode=37813/38824 iDrive=169751 scale=0 wheel=110000 ffS=0
2026-07-07T16:35:57.877+00:00 VCP run=1 step=0 angle=109775 target=171200 err=61425 steer=40000 m1=1885/92813 i1=113 t1=31 m2=320/17188 i2=-174 t2=31 steerMode=55000/56676 iSteer=-30824 driveMode=37813/39698 iDrive=143433 scale=0 wheel=110000 ffS=0
2026-07-07T16:35:57.980+00:00 VCP run=1 step=0 angle=132803 target=171200 err=38397 steer=40000 m1=1803/92813 i1=260 t1=31 m2=92/17188 i2=209 t2=31 steerMode=55000/51387 iSteer=234655 driveMode=37813/43639 iDrive=25201 scale=0 wheel=110000 ffS=0
2026-07-07T16:35:58.080+00:00 VCP run=1 step=0 angle=155566 target=171200 err=15634 steer=31267 m1=1795/80805 i1=-370 t1=31 m2=138/5180 i2=-403 t2=31 steerMode=42992/51922 iSteer=-386519 driveMode=37813/43924 iDrive=16657 scale=0 wheel=110000 ffS=0
2026-07-07T16:35:58.080+00:00 VCP SET_TARGET_RX steer=171200 wheel=110000
2026-07-07T16:35:58.184+00:00 VCP run=1 step=0 angle=167783 target=171200 err=3417 steer=6834 m1=847/47209 i1=-74 t1=31 m2=-555/-28416 i2=-350 t2=31 steerMode=9396/13990 iSteer=-211896 driveMode=37813/39883 iDrive=137888 scale=0 wheel=110000 ffS=0
2026-07-07T16:35:58.287+00:00 VCP run=1 step=0 angle=169629 target=171200 err=1571 steer=3142 m1=803/42133 i1=212 t1=31 m2=-616/-33492 i2=-244 t2=31 steerMode=4321/5022 iSteer=-15998 driveMode=37813/36915 iDrive=228239 scale=0 wheel=110000 ffS=0
2026-07-07T16:35:58.392+00:00 VCP run=1 step=0 angle=170947 target=171200 err=253 steer=0 m1=742/37813 i1=144 t1=31 m2=-733/-37813 i2=-173 t2=31 steerMode=0/546 iSteer=-14429 driveMode=37813/39206 iDrive=158631 scale=0 wheel=110000 ffS=0
2026-07-07T16:35:58.545+00:00 VCP run=1 step=0 angle=170947 target=171200 err=253 steer=0 m1=740/37813 i1=151 t1=31 m2=-739/-37813 i2=-157 t2=31 steerMode=0/328 iSteer=-2965 driveMode=37813/39340 iDrive=154173 scale=0 wheel=110000 ffS=0
2026-07-07T16:35:58.545+00:00 VCP run=1 step=0 angle=171035 target=171200 err=165 steer=0 m1=742/37813 i1=176 t1=31 m2=-739/-37813 i2=-147 t2=31 steerMode=0/-42 iSteer=14465 driveMode=37813/39111 iDrive=161048 scale=0 wheel=110000 ffS=0
2026-07-07T16:35:58.679+00:00 VCP SET_TARGET_RX steer=171200 wheel=110000
2026-07-07T16:35:58.679+00:00 VCP run=1 step=0 angle=171211 target=171200 err=-11 steer=0 m1=751/37813 i1=186 t1=31 m2=-672/-37813 i2=-216 t2=31 steerMode=0/539 iSteer=-15150 driveMode=37813/37771 iDrive=201255 scale=0 wheel=110000 ffS=0
2026-07-07T16:35:58.784+00:00 VCP run=1 step=0 angle=171387 target=171200 err=-187 steer=0 m1=715/37813 i1=202 t1=31 m2=-710/-37813 i2=-220 t2=31 steerMode=0/396 iSteer=-9108 driveMode=37813/37445 iDrive=211254 scale=0 wheel=110000 ffS=0
2026-07-07T16:35:58.888+00:00 VCP run=1 step=0 angle=171563 target=171200 err=-362 steer=0 m1=721/37813 i1=221 t1=31 m2=-716/-37813 i2=-173 t2=31 steerMode=0/-259 iSteer=23921 driveMode=37813/37913 iDrive=197413 scale=0 wheel=110000 ffS=0
2026-07-07T16:35:58.992+00:00 VCP run=1 step=0 angle=171650 target=171200 err=-450 steer=0 m1=728/37813 i1=158 t1=31 m2=-699/-37813 i2=-232 t2=31 steerMode=0/935 iSteer=-36785 driveMode=37813/37983 iDrive=194877 scale=0 wheel=110000 ffS=0
2026-07-07T16:35:59.093+00:00 VCP run=1 step=0 angle=171650 target=171200 err=-450 steer=0 m1=730/37813 i1=202 t1=31 m2=-733/-37813 i2=-210 t2=31 steerMode=0/260 iSteer=-3857 driveMode=37813/37614 iDrive=206062 scale=0 wheel=110000 ffS=0
2026-07-07T16:35:59.093+00:00 VCP SET_TARGET_RX steer=171200 wheel=110000
2026-07-07T16:35:59.278+00:00 VCP run=1 step=0 angle=171738 target=171200 err=-538 steer=-1077 m1=663/36332 i1=209 t1=31 m2=-691/-39293 i2=-206 t2=31 steerMode=-1480/-1374 iSteer=1826 driveMode=37813/37588 iDrive=207670 scale=0 wheel=110000 ffS=0
2026-07-07T16:35:59.278+00:00 VCP run=1 step=0 angle=171738 target=171200 err=-538 steer=-1077 m1=724/36332 i1=167 t1=31 m2=-722/-39293 i2=-207 t2=31 steerMode=-1480/-955 iSteer=-19915 driveMode=37813/38253 iDrive=187111 scale=0 wheel=110000 ffS=0
2026-07-07T16:35:59.382+00:00 VCP run=1 step=0 angle=171738 target=171200 err=-538 steer=-1077 m1=724/36332 i1=181 t1=31 m2=-779/-39293 i2=-178 t2=31 steerMode=-1480/-1401 iSteer=1641 driveMode=37813/38507 iDrive=179154 scale=0 wheel=110000 ffS=0
2026-07-07T16:35:59.486+00:00 VCP run=1 step=0 angle=171563 target=171200 err=-362 steer=0 m1=778/37813 i1=162 t1=31 m2=-718/-37813 i2=-163 t2=31 steerMode=0/125 iSteer=-464 driveMode=37813/39074 iDrive=162166 scale=0 wheel=110000 ffS=0
2026-07-07T16:35:59.587+00:00 VCP run=1 step=0 angle=171563 target=171200 err=-362 steer=0 m1=719/37813 i1=150 t1=31 m2=-718/-37813 i2=-195 t2=31 steerMode=0/519 iSteer=-22447 driveMode=37813/38721 iDrive=172758 scale=0 wheel=110000 ffS=0
2026-07-07T16:35:59.587+00:00 VCP SET_TARGET_RX steer=171200 wheel=110000
2026-07-07T16:35:59.692+00:00 VCP run=1 step=0 angle=171475 target=171200 err=-275 steer=0 m1=755/37813 i1=175 t1=31 m2=-720/-37813 i2=-173 t2=31 steerMode=0/40 iSteer=729 driveMode=37813/38679 iDrive=174005 scale=0 wheel=110000 ffS=0
2026-07-07T16:35:59.878+00:00 VCP run=1 step=0 angle=171387 target=171200 err=-187 steer=0 m1=747/37813 i1=163 t1=31 m2=-752/-37813 i2=-166 t2=31 steerMode=0/85 iSteer=-1890 driveMode=37813/38993 iDrive=164580 scale=0 wheel=110000 ffS=0
2026-07-07T16:35:59.878+00:00 VCP run=1 step=0 angle=171387 target=171200 err=-187 steer=0 m1=763/37813 i1=173 t1=31 m2=-750/-37813 i2=-147 t2=31 steerMode=0/-209 iSteer=12997 driveMode=37813/39145 iDrive=160020 scale=0 wheel=110000 ffS=0
2026-07-07T16:35:59.983+00:00 VCP run=1 step=0 angle=171387 target=171200 err=-187 steer=0 m1=719/37813 i1=160 t1=31 m2=-766/-37813 i2=-158 t2=31 steerMode=0/30 iSteer=986 driveMode=37813/39179 iDrive=159002 scale=0 wheel=110000 ffS=0
2026-07-07T16:36:00.084+00:00 VCP run=1 step=0 angle=171387 target=171200 err=-187 steer=0 m1=761/37813 i1=160 t1=31 m2=-693/-37813 i2=-119 t2=31 steerMode=0/-359 iSteer=20400 driveMode=37813/39833 iDrive=139395 scale=0 wheel=110000 ffS=0
2026-07-07T16:36:00.084+00:00 VCP SET_TARGET_RX steer=171200 wheel=110000
2026-07-07T16:36:00.188+00:00 VCP run=1 step=0 angle=171387 target=171200 err=-187 steer=0 m1=721/37813 i1=164 t1=31 m2=-758/-37813 i2=-226 t2=31 steerMode=0/641 iSteer=-31109 driveMode=37813/37982 iDrive=194921 scale=0 wheel=110000 ffS=0
2026-07-07T16:36:00.292+00:00 VCP run=1 step=0 angle=171563 target=171200 err=-362 steer=0 m1=740/37813 i1=174 t1=31 m2=-691/-37813 i2=-227 t2=31 steerMode=0/522 iSteer=-26667 driveMode=37813/37794 iDrive=200602 scale=0 wheel=110000 ffS=0
2026-07-07T16:36:00.477+00:00 VCP run=1 step=0 angle=171826 target=171200 err=-626 steer=-1252 m1=663/36091 i1=168 t1=31 m2=-754/-39534 i2=-250 t2=31 steerMode=-1722/-988 iSteer=-41070 driveMode=37813/37529 iDrive=208866 scale=0 wheel=110000 ffS=0
2026-07-07T16:36:00.477+00:00 VCP run=1 step=0 angle=171826 target=171200 err=-626 steer=-1252 m1=721/36091 i1=161 t1=31 m2=-783/-39534 i2=-211 t2=31 steerMode=-1722/-1330 iSteer=-25375 driveMode=37813/38293 iDrive=185949 scale=0 wheel=110000 ffS=0
2026-07-07T16:36:00.577+00:00 VCP run=1 step=0 angle=171738 target=171200 err=-538 steer=-1077 m1=688/36332 i1=152 t1=31 m2=-737/-39293 i2=-204 t2=31 steerMode=-1480/-1093 iSteer=-26279 driveMode=37813/38550 iDrive=177878 scale=0 wheel=110000 ffS=0
2026-07-07T16:36:00.577+00:00 VCP SET_TARGET_RX steer=209800 wheel=110000
2026-07-07T16:36:00.680+00:00 VCP run=1 step=0 angle=171563 target=209800 err=38238 steer=20400 m1=922/65863 i1=1410 t1=31 m2=-582/-9762 i2=1084 t2=31 steerMode=28050/3274 iSteer=1247130 driveMode=37813/39050 iDrive=162863 scale=0 wheel=110000 ffS=0
2026-07-07T16:36:00.784+00:00 VCP run=1 step=0 angle=189141 target=209800 err=20659 steer=40000 m1=1954/92813 i1=75 t1=31 m2=284/17188 i2=-40 t2=31 steerMode=55000/55845 iSteer=17706 driveMode=37813/42555 iDrive=57713 scale=0 wheel=110000 ffS=0
2026-07-07T16:36:00.887+00:00 VCP run=1 step=0 angle=206367 target=209800 err=3433 steer=6866 m1=927/47253 i1=-419 t1=31 m2=-605/-28372 i2=-599 t2=31 steerMode=9440/19716 iSteer=-509222 driveMode=37813/41484 iDrive=89866 scale=0 wheel=110000 ffS=0
2026-07-07T16:36:00.991+00:00 VCP run=1 step=0 angle=207334 target=209800 err=2466 steer=4932 m1=887/44594 i1=294 t1=31 m2=-555/-31031 i2=-128 t2=31 steerMode=6782/5363 iSteer=83094 driveMode=37813/37457 iDrive=210925 scale=0 wheel=110000 ffS=0
2026-07-07T16:36:01.092+00:00 VCP run=1 step=0 angle=209707 target=209800 err=93 steer=0 m1=719/37813 i1=83 t1=31 m2=-768/-37813 i2=-268 t2=31 steerMode=0/1852 iSteer=-92480 driveMode=37813/38618 iDrive=175825 scale=0 wheel=110000 ffS=0
2026-07-07T16:36:01.092+00:00 VCP SET_TARGET_RX steer=209800 wheel=110000
2026-07-07T16:36:01.279+00:00 VCP run=1 step=0 angle=209707 target=209800 err=93 steer=0 m1=732/37813 i1=185 t1=31 m2=-748/-37813 i2=-139 t2=31 steerMode=0/-433 iSteer=23073 driveMode=37813/39074 iDrive=162141 scale=0 wheel=110000 ffS=0
2026-07-07T16:36:01.279+00:00 VCP run=1 step=0 angle=209707 target=209800 err=93 steer=0 m1=759/37813 i1=138 t1=31 m2=-718/-37813 i2=-225 t2=31 steerMode=0/860 iSteer=-43469 driveMode=37813/38436 iDrive=181283 scale=0 wheel=110000 ffS=0
2026-07-07T16:36:01.383+00:00 VCP run=1 step=0 angle=209971 target=209800 err=-171 steer=0 m1=734/37813 i1=172 t1=31 m2=-764/-37813 i2=-215 t2=31 steerMode=0/388 iSteer=-21523 driveMode=37813/38014 iDrive=193968 scale=0 wheel=110000 ffS=0
2026-07-07T16:36:01.488+00:00 VCP run=1 step=0 angle=210234 target=209800 err=-434 steer=0 m1=724/37813 i1=171 t1=31 m2=-735/-37813 i2=-203 t2=31 steerMode=0/268 iSteer=-16138 driveMode=37813/38248 iDrive=186935 scale=0 wheel=110000 ffS=0
2026-07-07T16:36:01.588+00:00 VCP run=1 step=0 angle=218760 target=278500 err=59740 steer=40000 m1=1847/92813 i1=894 t1=31 m2=217/17188 i2=742 t2=31 steerMode=55000/39886 iSteer=818202 driveMode=37813/41953 iDrive=75784 scale=0 wheel=110000 ffS=0
2026-07-07T16:36:01.588+00:00 VCP SET_TARGET_RX steer=278500 wheel=110000
2026-07-07T16:36:01.691+00:00 VCP run=1 step=0 angle=244951 target=278500 err=33549 steer=40000 m1=1858/92813 i1=-22 t1=31 m2=136/17188 i2=-34 t2=31 steerMode=55000/56735 iSteer=-28114 driveMode=37813/44272 iDrive=6212 scale=0 wheel=110000 ffS=0
2026-07-07T16:36:01.876+00:00 VCP run=1 step=0 angle=266045 target=278500 err=12455 steer=24910 m1=1688/72064 i1=-627 t1=31 m2=-24/-3561 i2=-636 t2=31 steerMode=34251/48014 iSteer=-631468 driveMode=37813/44319 iDrive=4809 scale=0 wheel=110000 ffS=0
2026-07-07T16:36:01.876+00:00 VCP run=1 step=0 angle=275273 target=278500 err=3227 steer=6453 m1=845/46686 i1=123 t1=31 m2=-574/-28939 i2=-230 t2=31 steerMode=8873/10344 iSteer=-53444 driveMode=37813/38593 iDrive=176586 scale=0 wheel=110000 ffS=0
2026-07-07T16:36:01.980+00:00 VCP run=1 step=0 angle=277559 target=278500 err=941 steer=1883 m1=811/40401 i1=85 t1=31 m2=-612/-35224 i2=-332 t2=31 steerMode=2589/5419 iSteer=-123345 driveMode=37813/37556 iDrive=208338 scale=0 wheel=110000 ffS=0
2026-07-07T16:36:02.081+00:00 VCP run=1 step=0 angle=278701 target=278500 err=-201 steer=0 m1=713/37813 i1=182 t1=31 m2=-731/-37813 i2=-200 t2=31 steerMode=0/413 iSteer=-9183 driveMode=37813/38121 iDrive=190901 scale=0 wheel=110000 ffS=0
2026-07-07T16:36:02.081+00:00 VCP SET_TARGET_RX steer=278500 wheel=110000
2026-07-07T16:36:02.185+00:00 VCP run=1 step=0 angle=278701 target=278500 err=-201 steer=0 m1=749/37813 i1=144 t1=31 m2=-702/-37813 i2=-222 t2=31 steerMode=0/990 iSteer=-39265 driveMode=37813/38379 iDrive=183003 scale=0 wheel=110000 ffS=0
2026-07-07T16:36:02.289+00:00 VCP run=1 step=0 angle=278877 target=278500 err=-377 steer=0 m1=755/37813 i1=168 t1=31 m2=-725/-37813 i2=-208 t2=31 steerMode=0/574 iSteer=-19793 driveMode=37813/38204 iDrive=188244 scale=0 wheel=110000 ffS=0
2026-07-07T16:36:02.393+00:00 VCP run=1 step=0 angle=279141 target=278500 err=-641 steer=-1281 m1=690/36051 i1=110 t1=31 m2=-727/-39574 i2=-355 t2=31 steerMode=-1762/766 iSteer=-122480 driveMode=37813/36740 iDrive=232955 scale=0 wheel=110000 ffS=0
2026-07-07T16:36:02.544+00:00 VCP run=1 step=0 angle=271582 target=193100 err=-78482 steer=-40000 m1=-308/-17188 i1=-586 t1=31 m2=-1815/-92813 i2=-891 t2=31 steerMode=-55000/-41481 iSteer=-738238 driveMode=37813/39432 iDrive=152376 scale=0 wheel=110000 ffS=0
2026-07-07T16:36:02.544+00:00 VCP run=1 step=0 angle=246006 target=193100 err=-52906 steer=-40000 m1=-210/-17188 i1=46 t1=31 m2=-1823/-92813 i2=-71 t2=31 steerMode=-55000/-55936 iSteer=-12092 driveMode=37813/42532 iDrive=58412 scale=0 wheel=110000 ffS=0
2026-07-07T16:36:02.675+00:00 VCP SET_TARGET_RX steer=193100 wheel=110000
2026-07-07T16:36:02.675+00:00 VCP run=1 step=0 angle=224121 target=193100 err=-31021 steer=-40000 m1=-189/-17188 i1=-208 t1=31 m2=-1815/-92813 i2=-309 t2=31 steerMode=-55000/-51207 iSteer=-258495 driveMode=37813/42809 iDrive=50113 scale=0 wheel=110000 ffS=0
2026-07-07T16:36:02.779+00:00 VCP run=1 step=0 angle=202412 target=193100 err=-9312 steer=-18624 m1=152/12204 i1=928 t1=31 m2=-1476/-63421 i2=818 t2=31 steerMode=-25608/-44138 iSteer=872662 driveMode=37813/42642 iDrive=55113 scale=0 wheel=110000 ffS=0
2026-07-07T16:36:02.882+00:00 VCP run=1 step=0 angle=196875 target=193100 err=-3775 steer=-7550 m1=611/27431 i1=-26 t1=31 m2=-833/-48194 i2=-399 t2=31 steerMode=-10381/-6810 iSteer=-212197 driveMode=37813/38262 iDrive=186507 scale=0 wheel=110000 ffS=0
2026-07-07T16:36:02.986+00:00 VCP run=1 step=0 angle=192129 target=193100 err=971 steer=1942 m1=694/40483 i1=528 t1=31 m2=-743/-35142 i2=158 t2=31 steerMode=2671/-4671 iSteer=342547 driveMode=37813/38312 iDrive=185017 scale=0 wheel=110000 ffS=0
2026-07-07T16:36:03.086+00:00 VCP run=1 step=0 angle=193711 target=193100 err=-611 steer=-1222 m1=715/36132 i1=26 t1=31 m2=-771/-39493 i2=-342 t2=31 steerMode=-1680/939 iSteer=-158085 driveMode=37813/38352 iDrive=183816 scale=0 wheel=110000 ffS=0
2026-07-07T16:36:03.086+00:00 VCP SET_TARGET_RX steer=193100 wheel=110000
2026-07-07T16:36:03.190+00:00 VCP run=1 step=0 angle=193096 target=193100 err=4 steer=0 m1=709/37813 i1=200 t1=31 m2=-706/-37813 i2=-139 t2=31 steerMode=0/-1087 iSteer=30832 driveMode=37813/38832 iDrive=169411 scale=0 wheel=110000 ffS=0
2026-07-07T16:36:03.377+00:00 VCP run=1 step=0 angle=192920 target=193100 err=180 steer=0 m1=757/37813 i1=123 t1=31 m2=-712/-37813 i2=-297 t2=31 steerMode=0/1300 iSteer=-86758 driveMode=37813/37489 iDrive=209885 scale=0 wheel=110000 ffS=0
2026-07-07T16:36:03.377+00:00 VCP run=1 step=0 angle=193096 target=193100 err=4 steer=0 m1=749/37813 i1=165 t1=31 m2=-722/-37813 i2=-211 t2=31 steerMode=0/-1 iSteer=-22574 driveMode=37813/38215 iDrive=187934 scale=0 wheel=110000 ffS=0
2026-07-07T16:36:03.481+00:00 VCP run=1 step=0 angle=193271 target=193100 err=-171 steer=0 m1=715/37813 i1=168 t1=31 m2=-706/-37813 i2=-248 t2=31 steerMode=0/337 iSteer=-40005 driveMode=37813/37535 iDrive=208427 scale=0 wheel=110000 ffS=0
2026-07-07T16:36:03.582+00:00 VCP run=1 step=0 angle=193271 target=193100 err=-171 steer=0 m1=719/37813 i1=236 t1=31 m2=-697/-37813 i2=-288 t2=31 steerMode=0/72 iSteer=-25876 driveMode=37813/35867 iDrive=262342 scale=0 wheel=110000 ffS=0
2026-07-07T16:36:03.582+00:00 VCP SET_TARGET_RX steer=193100 wheel=110000
2026-07-07T16:36:03.686+00:00 VCP run=1 step=0 angle=193271 target=193100 err=-171 steer=0 m1=736/37813 i1=178 t1=31 m2=-750/-37813 i2=-183 t2=31 steerMode=0/-398 iSteer=-2700 driveMode=37813/38623 iDrive=180489 scale=0 wheel=110000 ffS=0
2026-07-07T16:36:03.790+00:00 VCP run=1 step=0 angle=192480 target=193100 err=620 steer=1239 m1=703/39516 i1=293 t1=31 m2=-687/-36109 i2=-132 t2=31 steerMode=1704/-309 iSteer=80407 driveMode=37813/37512 iDrive=212250 scale=0 wheel=110000 ffS=0
2026-07-07T16:36:03.976+00:00 VCP run=1 step=0 angle=193271 target=193100 err=-171 steer=0 m1=1083/70469 i1=870 t1=31 m2=-1110/-70469 i2=-871 t2=31 steerMode=0/-387 iSteer=-800 driveMode=70469/49039 iDrive=870409 scale=0 wheel=205000 ffS=0
2026-07-07T16:36:03.977+00:00 VCP run=1 step=0 angle=192832 target=193100 err=268 steer=0 m1=1408/70469 i1=121 t1=31 m2=-1413/-70469 i2=-163 t2=31 steerMode=0/55 iSteer=-21126 driveMode=70469/73637 iDrive=141839 scale=0 wheel=205000 ffS=0
2026-07-07T16:36:04.077+00:00 VCP run=1 step=0 angle=193096 target=193100 err=4 steer=0 m1=1351/70469 i1=152 t1=31 m2=-1380/-70469 i2=-203 t2=31 steerMode=0/135 iSteer=-25571 driveMode=70469/72281 iDrive=177427 scale=0 wheel=205000 ffS=0
2026-07-07T16:36:04.077+00:00 VCP SET_TARGET_RX steer=193100 wheel=205000
2026-07-07T16:36:04.182+00:00 VCP run=1 step=0 angle=193008 target=193100 err=92 steer=0 m1=1345/70469 i1=169 t1=31 m2=-1375/-70469 i2=-242 t2=31 steerMode=0/355 iSteer=-36363 driveMode=70469/71282 iDrive=205468 scale=0 wheel=205000 ffS=0
2026-07-07T16:36:04.286+00:00 VCP run=1 step=0 angle=193271 target=193100 err=-171 steer=0 m1=1356/70469 i1=173 t1=31 m2=-1361/-70469 i2=-200 t2=31 steerMode=0/-103 iSteer=-13718 driveMode=70469/71867 iDrive=186307 scale=0 wheel=205000 ffS=0
2026-07-07T16:36:04.389+00:00 VCP run=1 step=0 angle=192393 target=193100 err=707 steer=1415 m1=1366/72414 i1=233 t1=31 m2=-1327/-68523 i2=-107 t2=31 steerMode=1945/317 iSteer=63339 driveMode=70469/72288 iDrive=170120 scale=0 wheel=205000 ffS=0
2026-07-07T16:36:04.543+00:00 VCP run=1 step=0 angle=193359 target=193100 err=-259 steer=0 m1=1353/70469 i1=169 t1=31 m2=-1396/-70469 i2=-217 t2=31 steerMode=0/95 iSteer=-24008 driveMode=70469/71427 iDrive=193474 scale=0 wheel=205000 ffS=0
2026-07-07T16:36:04.543+00:00 VCP run=1 step=0 angle=193623 target=193100 err=-523 steer=-1046 m1=1322/69030 i1=164 t1=31 m2=-1394/-71907 i2=-252 t2=31 steerMode=-1438/-979 iSteer=-44084 driveMode=70469/70920 iDrive=208114 scale=0 wheel=205000 ffS=0
2026-07-07T16:36:04.675+00:00 VCP SET_TARGET_RX steer=193100 wheel=205000
2026-07-07T16:36:04.675+00:00 VCP run=1 step=0 angle=192568 target=193100 err=532 steer=1063 m1=1381/71931 i1=269 t1=31 m2=-1365/-69007 i2=-121 t2=31 steerMode=1462/-367 iSteer=74285 driveMode=70469/71303 iDrive=194799 scale=0 wheel=205000 ffS=0
2026-07-07T16:36:04.779+00:00 VCP run=1 step=0 angle=193271 target=193100 err=-171 steer=0 m1=1372/70469 i1=157 t1=31 m2=-1405/-70469 i2=-213 t2=31 steerMode=0/172 iSteer=-27752 driveMode=70469/71570 iDrive=185035 scale=0 wheel=205000 ffS=0
2026-07-07T16:36:04.883+00:00 VCP run=1 step=0 angle=193271 target=193100 err=-171 steer=0 m1=1345/70469 i1=182 t1=31 m2=-1400/-70469 i2=-195 t2=31 steerMode=0/-238 iSteer=-6311 driveMode=70469/71411 iDrive=188678 scale=0 wheel=205000 ffS=0
2026-07-07T16:36:04.988+00:00 VCP run=1 step=0 angle=193008 target=193100 err=92 steer=0 m1=1368/70469 i1=161 t1=31 m2=-1340/-70469 i2=-228 t2=31 steerMode=0/292 iSteer=-33421 driveMode=70469/71188 iDrive=194363 scale=0 wheel=205000 ffS=0
2026-07-07T16:36:05.088+00:00 VCP run=1 step=0 angle=192744 target=193100 err=356 steer=0 m1=1379/70469 i1=155 t1=31 m2=-1350/-70469 i2=-187 t2=31 steerMode=0/-50 iSteer=-16280 driveMode=70469/71893 iDrive=171057 scale=0 wheel=205000 ffS=0
2026-07-07T16:36:05.088+00:00 VCP SET_TARGET_RX steer=193100 wheel=205000
2026-07-07T16:36:05.275+00:00 VCP run=1 step=0 angle=193008 target=193100 err=92 steer=0 m1=1379/70469 i1=178 t1=31 m2=-1350/-70469 i2=-175 t2=31 steerMode=0/-384 iSteer=1412 driveMode=70469/71648 iDrive=176189 scale=0 wheel=205000 ffS=0
2026-07-07T16:36:05.275+00:00 VCP run=1 step=0 angle=192744 target=193100 err=356 steer=0 m1=1366/70469 i1=139 t1=31 m2=-1306/-70469 i2=-219 t2=31 steerMode=0/450 iSteer=-39903 driveMode=70469/71483 iDrive=179341 scale=0 wheel=205000 ffS=0
2026-07-07T16:36:05.379+00:00 VCP run=1 step=0 angle=193359 target=193100 err=-259 steer=0 m1=1330/70469 i1=189 t1=31 m2=-1317/-70469 i2=-293 t2=31 steerMode=0/654 iSteer=-51599 driveMode=70469/69425 iDrive=241083 scale=0 wheel=205000 ffS=0
2026-07-07T16:36:05.483+00:00 VCP run=1 step=0 angle=193535 target=193100 err=-435 steer=0 m1=1368/70469 i1=189 t1=31 m2=-1325/-70469 i2=-221 t2=31 steerMode=0/-70 iSteer=-15981 driveMode=70469/70666 iDrive=204586 scale=0 wheel=205000 ffS=0
2026-07-07T16:36:05.584+00:00 VCP run=1 step=0 angle=193359 target=193100 err=-259 steer=0 m1=1343/70469 i1=182 t1=31 m2=-1338/-70469 i2=-192 t2=31 steerMode=0/-273 iSteer=-5191 driveMode=70469/71229 iDrive=187283 scale=0 wheel=205000 ffS=0
2026-07-07T16:36:05.584+00:00 VCP SET_TARGET_RX steer=193100 wheel=205000
2026-07-07T16:36:05.687+00:00 VCP run=1 step=0 angle=193271 target=154500 err=-38771 steer=-7200 m1=1343/60569 i1=-325 t1=31 m2=-1396/-80369 i2=-703 t2=31 steerMode=-9900/-52 iSteer=-513621 driveMode=70469/71116 iDrive=189031 scale=0 wheel=205000 ffS=0
2026-07-07T16:36:05.789+00:00 VCP run=1 step=0 angle=182285 target=154500 err=-27785 steer=-40000 m1=226/15469 i1=-198 t1=31 m2=-2516/-125469 i2=-530 t2=31 steerMode=-55000/-49408 iSteer=-363644 driveMode=70469/71813 iDrive=165905 scale=0 wheel=205000 ffS=0
2026-07-07T16:36:05.892+00:00 VCP run=1 step=0 angle=158291 target=154500 err=-3791 steer=-7582 m1=996/60043 i1=1351 t1=31 m2=-1654/-80894 i2=937 t2=31 steerMode=-10425/-33865 iSteer=1143937 driveMode=70469/70424 iDrive=206714 scale=0 wheel=205000 ffS=0
2026-07-07T16:36:06.045+00:00 VCP run=1 step=0 angle=158379 target=154500 err=-3879 steer=-7758 m1=1201/59802 i1=-203 t1=31 m2=-1511/-81136 i2=-575 t2=31 steerMode=-10667/-3556 iSteer=-388850 driveMode=70469/71118 iDrive=185699 scale=0 wheel=205000 ffS=0
2026-07-07T16:36:06.046+00:00 VCP run=1 step=0 angle=154248 target=154500 err=252 steer=0 m1=1309/70469 i1=434 t1=31 m2=-1361/-70469 i2=30 t2=31 steerMode=0/-5047 iSteer=231920 driveMode=70469/70547 iDrive=201936 scale=0 wheel=205000 ffS=0
2026-07-07T16:36:06.046+00:00 VCP SET_TARGET_RX steer=154500 wheel=205000
2026-07-07T16:36:06.178+00:00 VCP run=1 step=0 angle=154160 target=154500 err=340 steer=0 m1=1366/70469 i1=95 t1=31 m2=-1308/-70469 i2=-262 t2=31 steerMode=0/1204 iSteer=-83314 driveMode=70469/71307 iDrive=178374 scale=0 wheel=205000 ffS=0
2026-07-07T16:36:06.282+00:00 VCP run=1 step=0 angle=154248 target=154500 err=252 steer=0 m1=1358/70469 i1=180 t1=31 m2=-1386/-70469 i2=-180 t2=31 steerMode=0/-428 iSteer=-13 driveMode=70469/71197 iDrive=179913 scale=0 wheel=205000 ffS=0
2026-07-07T16:36:06.386+00:00 VCP run=1 step=0 angle=154336 target=154500 err=164 steer=0 m1=1328/70469 i1=171 t1=31 m2=-1315/-70469 i2=-202 t2=31 steerMode=0/-123 iSteer=-15343 driveMode=70469/70937 iDrive=186544 scale=0 wheel=205000 ffS=0
2026-07-07T16:36:06.491+00:00 VCP run=1 step=0 angle=154336 target=154500 err=164 steer=0 m1=1362/70469 i1=157 t1=31 m2=-1325/-70469 i2=-218 t2=31 steerMode=0/196 iSteer=-30701 driveMode=70469/70894 iDrive=187245 scale=0 wheel=205000 ffS=0
2026-07-07T16:36:06.591+00:00 VCP run=1 step=0 angle=154336 target=154500 err=164 steer=0 m1=1316/70469 i1=183 t1=31 m2=-1323/-70469 i2=-237 t2=31 steerMode=0/102 iSteer=-27170 driveMode=70469/70145 iDrive=210037 scale=0 wheel=205000 ffS=0
2026-07-07T16:36:06.591+00:00 VCP SET_TARGET_RX steer=154500 wheel=205000
2026-07-07T16:36:06.778+00:00 VCP run=1 step=0 angle=154336 target=154500 err=164 steer=0 m1=1372/70469 i1=161 t1=31 m2=-1400/-70469 i2=-179 t2=31 steerMode=0/-237 iSteer=-9101 driveMode=70469/71472 iDrive=169899 scale=0 wheel=205000 ffS=0
2026-07-07T16:36:06.778+00:00 VCP run=1 step=0 angle=154248 target=154500 err=252 steer=0 m1=1339/70469 i1=144 t1=31 m2=-1386/-70469 i2=-189 t2=31 steerMode=0/24 iSteer=-22383 driveMode=70469/71578 iDrive=166713 scale=0 wheel=205000 ffS=0
2026-07-07T16:36:06.882+00:00 VCP run=1 step=0 angle=154160 target=154500 err=340 steer=0 m1=1360/70469 i1=163 t1=31 m2=-1304/-70469 i2=-218 t2=31 steerMode=0/132 iSteer=-27750 driveMode=70469/70790 iDrive=190356 scale=0 wheel=205000 ffS=0
2026-07-07T16:36:06.986+00:00 VCP run=1 step=0 angle=154336 target=154500 err=164 steer=0 m1=1360/70469 i1=165 t1=31 m2=-1315/-70469 i2=-229 t2=31 steerMode=0/199 iSteer=-31788 driveMode=70469/70572 iDrive=196952 scale=0 wheel=205000 ffS=0
2026-07-07T16:36:07.087+00:00 VCP run=1 step=0 angle=154336 target=154500 err=164 steer=0 m1=1347/70469 i1=150 t1=31 m2=-1350/-70469 i2=-210 t2=31 steerMode=0/148 iSteer=-29744 driveMode=70469/71128 iDrive=180211 scale=0 wheel=205000 ffS=0
2026-07-07T16:36:07.087+00:00 VCP SET_TARGET_RX steer=154500 wheel=205000
2026-07-07T16:36:07.191+00:00 VCP run=1 step=0 angle=154336 target=154500 err=164 steer=0 m1=1374/70469 i1=157 t1=31 m2=-1380/-70469 i2=-174 t2=31 steerMode=0/-265 iSteer=-8409 driveMode=70469/71626 iDrive=165289 scale=0 wheel=205000 ffS=0
2026-07-07T16:36:07.377+00:00 VCP run=1 step=0 angle=154248 target=154500 err=252 steer=0 m1=1358/70469 i1=164 t1=31 m2=-1294/-70469 i2=-203 t2=31 steerMode=0/-22 iSteer=-19930 driveMode=70469/71017 iDrive=183544 scale=0 wheel=205000 ffS=0
2026-07-07T16:36:07.377+00:00 VCP run=1 step=0 angle=154248 target=154500 err=252 steer=0 m1=1345/70469 i1=177 t1=31 m2=-1344/-70469 i2=-210 t2=31 steerMode=0/-84 iSteer=-16590 driveMode=70469/70687 iDrive=193448 scale=0 wheel=205000 ffS=0
2026-07-07T16:36:07.482+00:00 VCP run=1 step=0 angle=154248 target=154500 err=252 steer=0 m1=1326/70469 i1=193 t1=31 m2=-1323/-70469 i2=-191 t2=31 steerMode=0/-422 iSteer=720 driveMode=70469/70734 iDrive=192042 scale=0 wheel=205000 ffS=0
2026-07-07T16:36:07.582+00:00 VCP run=1 step=0 angle=154160 target=154500 err=340 steer=0 m1=1335/70469 i1=163 t1=31 m2=-1405/-70469 i2=-193 t2=31 steerMode=0/-102 iSteer=-15135 driveMode=70469/71210 iDrive=177764 scale=0 wheel=205000 ffS=0
2026-07-07T16:36:07.582+00:00 VCP SET_TARGET_RX steer=154500 wheel=205000
2026-07-07T16:36:07.686+00:00 VCP run=1 step=0 angle=154072 target=154500 err=428 steer=0 m1=1360/70469 i1=155 t1=31 m2=-1373/-70469 i2=-185 t2=31 steerMode=0/-91 iSteer=-14838 driveMode=70469/71472 iDrive=169916 scale=0 wheel=205000 ffS=0
2026-07-07T16:36:07.791+00:00 VCP run=1 step=0 angle=154072 target=154500 err=428 steer=0 m1=1332/70469 i1=156 t1=31 m2=-1369/-70469 i2=-246 t2=31 steerMode=0/481 iSteer=-44694 driveMode=70469/70436 iDrive=200985 scale=0 wheel=205000 ffS=0
2026-07-07T16:36:07.976+00:00 VCP run=1 step=0 angle=154160 target=154500 err=340 steer=0 m1=1379/70469 i1=149 t1=31 m2=-1354/-70469 i2=-193 t2=31 steerMode=0/21 iSteer=-22105 driveMode=70469/71428 iDrive=171230 scale=0 wheel=205000 ffS=0
2026-07-07T16:36:07.976+00:00 VCP run=1 step=0 angle=158115 target=193600 err=35485 steer=40000 m1=2151/125469 i1=1680 t1=31 m2=-553/-15469 i2=1347 t2=31 steerMode=55000/25308 iSteer=1513392 driveMode=70469/71595 iDrive=166202 scale=0 wheel=205000 ffS=0
2026-07-07T16:36:08.075+00:00 VCP run=1 step=0 angle=185361 target=193600 err=8239 steer=16477 m1=2151/93125 i1=-1417 t1=31 m2=-574/-47812 i2=-1769 t2=31 steerMode=22656/54628 iSteer=-1593003 driveMode=70469/71273 iDrive=175869 scale=0 wheel=205000 ffS=0
2026-07-07T16:36:08.075+00:00 VCP SET_TARGET_RX steer=193600 wheel=205000
2026-07-07T16:36:08.179+00:00 VCP run=1 step=0 angle=189404 target=193600 err=4196 steer=8391 m1=1439/82007 i1=586 t1=31 m2=-1271/-58931 i2=224 t2=31 steerMode=11538/3159 iSteer=404777 driveMode=70469/71111 iDrive=180731 scale=0 wheel=205000 ffS=0
2026-07-07T16:36:08.283+00:00 VCP run=1 step=0 angle=193271 target=193600 err=329 steer=0 m1=1376/70469 i1=-148 t1=31 m2=-1250/-70469 i2=-566 t2=31 steerMode=0/6707 iSteer=-357323 driveMode=70469/70172 iDrive=209157 scale=0 wheel=205000 ffS=0
2026-07-07T16:36:08.386+00:00 VCP run=1 step=0 angle=193008 target=193600 err=592 steer=1184 m1=1345/72097 i1=322 t1=31 m2=-1375/-68840 i2=-75 t2=31 steerMode=1629/-1252 iSteer=123406 driveMode=70469/70539 iDrive=198274 scale=0 wheel=205000 ffS=0
2026-07-07T16:36:08.490+00:00 VCP run=1 step=0 angle=193359 target=193600 err=241 steer=0 m1=1353/70469 i1=49 t1=31 m2=-1352/-70469 i2=-298 t2=31 steerMode=0/2088 iSteer=-124904 driveMode=70469/71349 iDrive=173588 scale=0 wheel=205000 ffS=0
2026-07-07T16:36:08.673+00:00 VCP run=1 step=0 angle=193447 target=193600 err=153 steer=0 m1=1330/70469 i1=196 t1=31 m2=-1336/-70469 i2=-151 t2=31 steerMode=0/-850 iSteer=22579 driveMode=70469/71360 iDrive=173248 scale=0 wheel=205000 ffS=0
2026-07-07T16:36:08.673+00:00 VCP SET_TARGET_RX steer=193600 wheel=205000
2026-07-07T16:36:08.673+00:00 VCP run=1 step=0 angle=193623 target=193600 err=-23 steer=0 m1=1318/70469 i1=150 t1=31 m2=-1281/-70469 i2=-269 t2=31 steerMode=0/807 iSteer=-59588 driveMode=70469/70170 iDrive=209243 scale=0 wheel=205000 ffS=0
2026-07-07T16:36:08.777+00:00 VCP run=1 step=0 angle=193623 target=193600 err=-23 steer=0 m1=1337/70469 i1=192 t1=31 m2=-1352/-70469 i2=-252 t2=31 steerMode=0/203 iSteer=-30155 driveMode=70469/69777 iDrive=221703 scale=0 wheel=205000 ffS=0
2026-07-07T16:36:08.881+00:00 VCP run=1 step=0 angle=193711 target=193600 err=-111 steer=0 m1=1320/70469 i1=196 t1=31 m2=-1352/-70469 i2=-193 t2=31 steerMode=0/-428 iSteer=1633 driveMode=70469/70678 iDrive=194830 scale=0 wheel=205000 ffS=0
2026-07-07T16:36:08.986+00:00 VCP run=1 step=0 angle=193799 target=193600 err=-199 steer=0 m1=1322/70469 i1=182 t1=31 m2=-1342/-70469 i2=-216 t2=31 steerMode=0/-32 iSteer=-17162 driveMode=70469/70523 iDrive=199331 scale=0 wheel=205000 ffS=0
2026-07-07T16:36:09.086+00:00 VCP run=1 step=0 angle=193799 target=193600 err=-199 steer=0 m1=1328/70469 i1=166 t1=31 m2=-1325/-70469 i2=-210 t2=31 steerMode=0/76 iSteer=-22047 driveMode=70469/70876 iDrive=187858 scale=0 wheel=205000 ffS=0
2026-07-07T16:36:09.086+00:00 VCP SET_TARGET_RX steer=193600 wheel=205000
2026-07-07T16:36:09.191+00:00 VCP run=1 step=0 angle=193447 target=193600 err=153 steer=0 m1=1318/70469 i1=183 t1=31 m2=-1302/-70469 i2=-229 t2=31 steerMode=0/95 iSteer=-23146 driveMode=70469/70263 iDrive=206194 scale=0 wheel=205000 ffS=0
2026-07-07T16:36:09.377+00:00 VCP run=1 step=0 angle=193711 target=193600 err=-111 steer=0 m1=1356/70469 i1=172 t1=31 m2=-1317/-70469 i2=-202 t2=31 steerMode=0/-62 iSteer=-14997 driveMode=70469/70892 iDrive=187442 scale=0 wheel=205000 ffS=0
2026-07-07T16:36:09.377+00:00 VCP run=1 step=0 angle=193359 target=193600 err=241 steer=0 m1=1351/70469 i1=181 t1=31 m2=-1357/-70469 i2=-162 t2=31 steerMode=0/-545 iSteer=9714 driveMode=70469/71425 iDrive=171304 scale=0 wheel=205000 ffS=0
2026-07-07T16:36:09.481+00:00 VCP run=1 step=0 angle=193623 target=193600 err=-23 steer=0 m1=1347/70469 i1=177 t1=31 m2=-1336/-70469 i2=-193 t2=31 steerMode=0/-195 iSteer=-7748 driveMode=70469/70972 iDrive=184904 scale=0 wheel=205000 ffS=0
2026-07-07T16:36:09.582+00:00 VCP run=1 step=0 angle=193711 target=193600 err=-111 steer=0 m1=1356/70469 i1=165 t1=31 m2=-1357/-70469 i2=-234 t2=31 steerMode=0/332 iSteer=-34398 driveMode=70469/70483 iDrive=199581 scale=0 wheel=205000 ffS=0
2026-07-07T16:36:09.582+00:00 VCP SET_TARGET_RX steer=193600 wheel=205000
2026-07-07T16:36:09.686+00:00 VCP run=1 step=0 angle=193447 target=193600 err=153 steer=0 m1=1366/70469 i1=188 t1=31 m2=-1304/-70469 i2=-225 t2=31 steerMode=0/15 iSteer=-18704 driveMode=70469/70289 iDrive=206429 scale=0 wheel=205000 ffS=0
2026-07-07T16:36:09.790+00:00 VCP run=1 step=0 angle=193535 target=193600 err=65 steer=0 m1=1335/70469 i1=187 t1=31 m2=-1319/-70469 i2=-174 t2=31 steerMode=0/-464 iSteer=6376 driveMode=70469/71126 iDrive=180673 scale=0 wheel=205000 ffS=0
2026-07-07T16:36:09.976+00:00 VCP run=1 step=0 angle=193008 target=193600 err=592 steer=1184 m1=1358/72097 i1=254 t1=31 m2=-1342/-68840 i2=-123 t2=31 steerMode=1629/0 iSteer=65343 driveMode=70469/70855 iDrive=188400 scale=0 wheel=205000 ffS=0
2026-07-07T16:36:09.976+00:00 VCP run=1 step=0 angle=193447 target=193600 err=153 steer=0 m1=1364/70469 i1=172 t1=31 m2=-1392/-70469 i2=-197 t2=31 steerMode=0/-96 iSteer=-12497 driveMode=70469/70999 iDrive=184100 scale=0 wheel=205000 ffS=0
2026-07-07T16:36:10.077+00:00 VCP run=1 step=0 angle=193535 target=193600 err=65 steer=0 m1=1351/70469 i1=177 t1=31 m2=-1342/-70469 i2=-253 t2=31 steerMode=0/412 iSteer=-38027 driveMode=70469/69972 iDrive=215322 scale=0 wheel=205000 ffS=0
2026-07-07T16:36:10.077+00:00 VCP SET_TARGET_RX steer=193600 wheel=205000
2026-07-07T16:36:10.181+00:00 VCP run=1 step=0 angle=193623 target=193600 err=-23 steer=0 m1=1351/70469 i1=178 t1=31 m2=-1354/-70469 i2=-195 t2=31 steerMode=0/-188 iSteer=-8629 driveMode=70469/70943 iDrive=186235 scale=0 wheel=205000 ffS=0
2026-07-07T16:36:10.285+00:00 VCP run=1 step=0 angle=193623 target=193600 err=-23 steer=0 m1=1356/70469 i1=144 t1=31 m2=-1327/-70469 i2=-223 t2=31 steerMode=0/435 iSteer=-39369 driveMode=70469/71007 iDrive=183858 scale=0 wheel=205000 ffS=0
2026-07-07T16:36:10.390+00:00 VCP run=1 step=0 angle=193535 target=193600 err=65 steer=0 m1=1358/70469 i1=175 t1=31 m2=-1319/-70469 i2=-211 t2=31 steerMode=0/16 iSteer=-18082 driveMode=70469/70698 iDrive=193120 scale=0 wheel=205000 ffS=0
2026-07-07T16:36:10.572+00:00 VCP run=1 step=0 angle=193799 target=193600 err=-199 steer=0 m1=1339/70469 i1=199 t1=31 m2=-1348/-70469 i2=-229 t2=31 steerMode=0/-54 iSteer=-15007 driveMode=70469/70012 iDrive=214114 scale=0 wheel=205000 ffS=0
2026-07-07T16:36:10.573+00:00 VCP run=1 step=0 angle=193711 target=193600 err=-111 steer=0 m1=1349/70469 i1=168 t1=31 m2=-1342/-70469 i2=-210 t2=31 steerMode=0/72 iSteer=-20713 driveMode=70469/70842 iDrive=188812 scale=0 wheel=205000 ffS=0
2026-07-07T16:36:10.573+00:00 VCP SET_TARGET_RX steer=193600 wheel=205000
2026-07-07T16:36:10.677+00:00 VCP run=1 step=0 angle=193975 target=193600 err=-375 steer=0 m1=1330/70469 i1=203 t1=31 m2=-1403/-70469 i2=-193 t2=31 steerMode=0/-442 iSteer=5147 driveMode=70469/70536 iDrive=198313 scale=0 wheel=205000 ffS=0
2026-07-07T16:36:10.781+00:00 VCP run=1 step=0 angle=193799 target=193600 err=-199 steer=0 m1=1341/70469 i1=190 t1=31 m2=-1377/-70469 i2=-222 t2=31 steerMode=0/1 iSteer=-16058 driveMode=70469/70290 iDrive=205652 scale=0 wheel=205000 ffS=0
2026-07-07T16:36:10.885+00:00 VCP run=1 step=0 angle=193271 target=193600 err=329 steer=0 m1=1353/70469 i1=160 t1=31 m2=-1331/-70469 i2=-236 t2=31 steerMode=0/419 iSteer=-37648 driveMode=70469/70546 iDrive=197893 scale=0 wheel=205000 ffS=0
2026-07-07T16:36:10.989+00:00 VCP run=1 step=0 angle=193711 target=193600 err=-111 steer=0 m1=1356/70469 i1=184 t1=31 m2=-1388/-70469 i2=-177 t2=31 steerMode=0/-408 iSteer=3689 driveMode=70469/71131 iDrive=180285 scale=0 wheel=205000 ffS=0
2026-07-07T16:36:11.089+00:00 VCP run=1 step=0 angle=193535 target=245600 err=52065 steer=18600 m1=1502/96044 i1=1340 t1=31 m2=-1269/-44894 i2=978 t2=31 steerMode=25575/2309 iSteer=1158750 driveMode=70469/71103 iDrive=180969 scale=0 wheel=205000 ffS=0
2026-07-07T16:36:11.089+00:00 VCP SET_TARGET_RX steer=245600 wheel=205000
2026-07-07T16:36:11.273+00:00 VCP run=1 step=0 angle=212256 target=245600 err=33344 steer=40000 m1=2546/125469 i1=44 t1=31 m2=-90/-15469 i2=-355 t2=31 steerMode=55000/58982 iSteer=-155392 driveMode=70469/70492 iDrive=199305 scale=0 wheel=205000 ffS=0
2026-07-07T16:36:11.273+00:00 VCP run=1 step=0 angle=236338 target=245600 err=9262 steer=18524 m1=2059/95940 i1=-837 t1=31 m2=-716/-44998 i2=-1185 t2=31 steerMode=25471/45948 iSteer=-1011272 driveMode=70469/71340 iDrive=173865 scale=0 wheel=205000 ffS=0
2026-07-07T16:36:11.376+00:00 VCP run=1 step=0 angle=242139 target=245600 err=3461 steer=6923 m1=1441/79987 i1=307 t1=31 m2=-1210/-60950 i2=-82 t2=31 steerMode=9519/7089 iSteer=112288 driveMode=70469/70654 iDrive=194435 scale=0 wheel=205000 ffS=0
2026-07-07T16:36:11.481+00:00 VCP run=1 step=0 angle=245215 target=245600 err=385 steer=0 m1=1368/70469 i1=-36 t1=31 m2=-1281/-70469 i2=-502 t2=31 steerMode=0/5022 iSteer=-268857 driveMode=70469/69414 iDrive=233033 scale=0 wheel=205000 ffS=0
2026-07-07T16:36:11.581+00:00 VCP run=1 step=0 angle=245303 target=245600 err=297 steer=0 m1=1351/70469 i1=223 t1=31 m2=-1390/-70469 i2=-166 t2=31 steerMode=0/-922 iSteer=28199 driveMode=70469/70717 iDrive=194490 scale=0 wheel=205000 ffS=0
2026-07-07T16:36:11.581+00:00 VCP SET_TARGET_RX steer=245600 wheel=205000
2026-07-07T16:36:11.686+00:00 VCP run=1 step=0 angle=245391 target=245600 err=209 steer=0 m1=1368/70469 i1=127 t1=31 m2=-1386/-70469 i2=-183 t2=31 steerMode=0/208 iSteer=-28337 driveMode=70469/71977 iDrive=155019 scale=0 wheel=205000 ffS=0
2026-07-07T16:36:11.790+00:00 VCP run=1 step=0 angle=245127 target=245600 err=473 steer=0 m1=1356/70469 i1=152 t1=31 m2=-1321/-70469 i2=-229 t2=31 steerMode=0/389 iSteer=-38328 driveMode=70469/70779 iDrive=190685 scale=0 wheel=205000 ffS=0
2026-07-07T16:36:11.976+00:00 VCP run=1 step=0 angle=245391 target=245600 err=209 steer=0 m1=1372/70469 i1=147 t1=31 m2=-1290/-70469 i2=-220 t2=31 steerMode=0/334 iSteer=-36172 driveMode=70469/71021 iDrive=183448 scale=0 wheel=205000 ffS=0
2026-07-07T16:36:11.976+00:00 VCP run=1 step=0 angle=245303 target=245600 err=297 steer=0 m1=1345/70469 i1=163 t1=31 m2=-1319/-70469 i2=-219 t2=31 steerMode=0/147 iSteer=-27938 driveMode=70469/70757 iDrive=191358 scale=0 wheel=205000 ffS=0
2026-07-07T16:36:12.077+00:00 VCP run=1 step=0 angle=245303 target=245600 err=297 steer=0 m1=1368/70469 i1=181 t1=31 m2=-1375/-70469 i2=-198 t2=31 steerMode=0/-236 iSteer=-8650 driveMode=70469/70826 iDrive=189268 scale=0 wheel=205000 ffS=0
2026-07-07T16:36:12.077+00:00 VCP SET_TARGET_RX steer=245600 wheel=205000
2026-07-07T16:36:12.181+00:00 VCP run=1 step=0 angle=245479 target=245600 err=121 steer=0 m1=1343/70469 i1=192 t1=31 m2=-1400/-70469 i2=-172 t2=31 steerMode=0/-585 iSteer=9970 driveMode=70469/71064 iDrive=182153 scale=0 wheel=205000 ffS=0
2026-07-07T16:36:12.285+00:00 VCP run=1 step=0 angle=245391 target=245600 err=209 steer=0 m1=1328/70469 i1=154 t1=31 m2=-1315/-70469 i2=-267 t2=31 steerMode=0/740 iSteer=-56689 driveMode=70469/70130 iDrive=210353 scale=0 wheel=205000 ffS=0
2026-07-07T16:36:12.389+00:00 VCP run=1 step=0 angle=245479 target=245600 err=121 steer=0 m1=1360/70469 i1=167 t1=31 m2=-1344/-70469 i2=-232 t2=31 steerMode=0/231 iSteer=-32406 driveMode=70469/70495 iDrive=199496 scale=0 wheel=205000 ffS=0
2026-07-07T16:36:12.572+00:00 VCP run=1 step=0 angle=245391 target=245600 err=209 steer=0 m1=1347/70469 i1=161 t1=31 m2=-1333/-70469 i2=-201 t2=31 steerMode=0/-19 iSteer=-20145 driveMode=70469/71112 iDrive=180706 scale=0 wheel=205000 ffS=0
2026-07-07T16:36:12.572+00:00 VCP run=1 step=0 angle=245479 target=245600 err=121 steer=0 m1=1372/70469 i1=147 t1=31 m2=-1342/-70469 i2=-203 t2=31 steerMode=0/141 iSteer=-27946 driveMode=70469/71303 iDrive=174987 scale=0 wheel=205000 ffS=0
2026-07-07T16:36:12.572+00:00 VCP SET_TARGET_RX steer=245600 wheel=205000
2026-07-07T16:36:12.676+00:00 VCP run=1 step=0 angle=245479 target=245600 err=121 steer=0 m1=1339/70469 i1=155 t1=31 m2=-1365/-70469 i2=-224 t2=31 steerMode=0/269 iSteer=-34156 driveMode=70469/70823 iDrive=189373 scale=0 wheel=205000 ffS=0
2026-07-07T16:36:12.780+00:00 VCP run=1 step=0 angle=245830 target=245600 err=-230 steer=0 m1=1351/70469 i1=170 t1=31 m2=-1329/-70469 i2=-221 t2=31 steerMode=0/78 iSteer=-25394 driveMode=70469/70631 iDrive=195128 scale=0 wheel=205000 ffS=0
2026-07-07T16:36:12.885+00:00 VCP run=1 step=0 angle=245830 target=245600 err=-230 steer=0 m1=1379/70469 i1=168 t1=31 m2=-1359/-70469 i2=-178 t2=31 steerMode=0/-298 iSteer=-5411 driveMode=70469/71367 iDrive=173063 scale=0 wheel=205000 ffS=0
2026-07-07T16:36:12.989+00:00 VCP run=1 step=0 angle=245830 target=245600 err=-230 steer=0 m1=1332/70469 i1=172 t1=31 m2=-1308/-70469 i2=-208 t2=31 steerMode=0/-37 iSteer=-17813 driveMode=70469/70811 iDrive=189729 scale=0 wheel=205000 ffS=0
2026-07-07T16:36:13.089+00:00 VCP run=1 step=0 angle=245830 target=245600 err=-230 steer=0 m1=1339/70469 i1=176 t1=31 m2=-1357/-70469 i2=-211 t2=31 steerMode=0/-37 iSteer=-17364 driveMode=70469/70695 iDrive=193199 scale=0 wheel=205000 ffS=0
2026-07-07T16:36:13.089+00:00 VCP SET_TARGET_RX steer=245600 wheel=205000
2026-07-07T16:36:13.275+00:00 VCP run=1 step=0 angle=245742 target=245600 err=-142 steer=0 m1=1320/70469 i1=146 t1=31 m2=-1325/-70469 i2=-298 t2=31 steerMode=0/1083 iSteer=-75795 driveMode=70469/69760 iDrive=222112 scale=0 wheel=205000 ffS=0
2026-07-07T16:36:13.275+00:00 VCP run=1 step=0 angle=246094 target=245600 err=-494 steer=0 m1=1351/70469 i1=175 t1=31 m2=-1350/-70469 i2=-210 t2=31 steerMode=0/-88 iSteer=-17532 driveMode=70469/70747 iDrive=192852 scale=0 wheel=205000 ffS=0
2026-07-07T16:36:13.379+00:00 VCP run=1 step=0 angle=246006 target=245600 err=-406 steer=0 m1=1305/70469 i1=213 t1=31 m2=-1352/-70469 i2=-150 t2=31 steerMode=0/-1091 iSteer=31464 driveMode=70469/71091 iDrive=181337 scale=0 wheel=205000 ffS=0
2026-07-07T16:36:13.483+00:00 VCP run=1 step=0 angle=245830 target=245600 err=-230 steer=0 m1=1374/70469 i1=133 t1=31 m2=-1398/-70469 i2=-221 t2=31 steerMode=0/423 iSteer=-43747 driveMode=70469/71237 iDrive=176950 scale=0 wheel=205000 ffS=0
2026-07-07T16:36:13.584+00:00 VCP run=1 step=0 angle=245654 target=245600 err=-54 steer=0 m1=1362/70469 i1=135 t1=31 m2=-1279/-70469 i2=-243 t2=31 steerMode=0/605 iSteer=-53755 driveMode=70469/70831 iDrive=189126 scale=0 wheel=205000 ffS=0
2026-07-07T16:36:13.584+00:00 VCP SET_TARGET_RX steer=245600 wheel=205000
2026-07-07T16:36:13.688+00:00 VCP run=1 step=0 angle=245742 target=245600 err=-142 steer=0 m1=1345/70469 i1=173 t1=31 m2=-1331/-70469 i2=-226 t2=31 steerMode=0/48 iSteer=-26559 driveMode=70469/70480 iDrive=199678 scale=0 wheel=205000 ffS=0
2026-07-07T16:36:13.875+00:00 VCP run=1 step=0 angle=245830 target=245600 err=-230 steer=0 m1=1318/70469 i1=174 t1=31 m2=-1377/-70469 i2=-192 t2=31 steerMode=0/-294 iSteer=-8857 driveMode=70469/71040 iDrive=182852 scale=0 wheel=205000 ffS=0
2026-07-07T16:36:13.875+00:00 VCP run=1 step=0 angle=245830 target=245600 err=-230 steer=0 m1=1368/70469 i1=168 t1=31 m2=-1342/-70469 i2=-215 t2=31 steerMode=0/8 iSteer=-23589 driveMode=70469/70751 iDrive=191527 scale=0 wheel=205000 ffS=0
2026-07-07T16:36:13.979+00:00 VCP run=1 step=0 angle=246094 target=245600 err=-494 steer=0 m1=1341/70469 i1=165 t1=31 m2=-1290/-70469 i2=-257 t2=31 steerMode=0/459 iSteer=-46205 driveMode=70469/70117 iDrive=210811 scale=0 wheel=205000 ffS=0
2026-07-07T16:36:14.079+00:00 VCP run=1 step=0 angle=246094 target=245600 err=-494 steer=0 m1=1349/70469 i1=182 t1=31 m2=-1340/-70469 i2=-223 t2=31 steerMode=0/-89 iSteer=-20375 driveMode=70469/70431 iDrive=202299 scale=0 wheel=205000 ffS=0
2026-07-07T16:36:14.079+00:00 VCP SET_TARGET_RX steer=245600 wheel=205000
2026-07-07T16:36:14.183+00:00 VCP run=1 step=0 angle=246094 target=245600 err=-494 steer=0 m1=1356/70469 i1=167 t1=31 m2=-1350/-70469 i2=-198 t2=31 steerMode=0/-194 iSteer=-15282 driveMode=70469/71067 iDrive=182365 scale=0 wheel=205000 ffS=0
2026-07-07T16:36:14.287+00:00 VCP run=1 step=0 angle=246270 target=245600 err=-670 steer=-1339 m1=1295/68628 i1=150 t1=31 m2=-1394/-72310 i2=-201 t2=31 steerMode=-1841/-1880 iSteer=-25349 driveMode=70469/71284 iDrive=175528 scale=0 wheel=205000 ffS=0
2026-07-07T16:36:14.473+00:00 VCP run=1 step=0 angle=245654 target=245600 err=-54 steer=0 m1=1376/70469 i1=118 t1=31 m2=-1357/-70469 i2=-252 t2=31 steerMode=0/833 iSteer=-66961 driveMode=70469/70957 iDrive=185352 scale=0 wheel=205000 ffS=0
2026-07-07T16:36:14.473+00:00 VCP run=1 step=0 angle=245830 target=245600 err=-230 steer=0 m1=1358/70469 i1=172 t1=31 m2=-1398/-70469 i2=-206 t2=31 steerMode=0/-194 iSteer=-16787 driveMode=70469/70832 iDrive=189104 scale=0 wheel=205000 ffS=0
2026-07-07T16:36:14.573+00:00 VCP run=1 step=0 angle=245654 target=245600 err=-54 steer=0 m1=1339/70469 i1=171 t1=31 m2=-1409/-70469 i2=-178 t2=31 steerMode=0/-443 iSteer=-3586 driveMode=70469/71330 iDrive=174175 scale=0 wheel=205000 ffS=0
2026-07-07T16:36:14.574+00:00 VCP SET_TARGET_RX steer=245600 wheel=205000
2026-07-07T16:36:14.678+00:00 VCP run=1 step=0 angle=245479 target=245600 err=121 steer=0 m1=1372/70469 i1=168 t1=31 m2=-1375/-70469 i2=-189 t2=31 steerMode=0/-299 iSteer=-10275 driveMode=70469/71185 iDrive=178505 scale=0 wheel=205000 ffS=0
2026-07-07T16:36:14.782+00:00 VCP run=1 step=0 angle=245479 target=245600 err=121 steer=0 m1=1353/70469 i1=153 t1=31 m2=-1348/-70469 i2=-236 t2=31 steerMode=0/328 iSteer=-41420 driveMode=70469/70639 iDrive=194893 scale=0 wheel=205000 ffS=0
2026-07-07T16:36:14.886+00:00 VCP run=1 step=0 angle=245391 target=245600 err=209 steer=0 m1=1309/70469 i1=162 t1=31 m2=-1269/-70469 i2=-313 t2=31 steerMode=0/959 iSteer=-75534 driveMode=70469/69262 iDrive=237419 scale=0 wheel=205000 ffS=0
2026-07-07T16:36:15.043+00:00 VCP run=1 step=0 angle=245742 target=245600 err=-142 steer=0 m1=1349/70469 i1=175 t1=31 m2=-1336/-70469 i2=-212 t2=31 steerMode=0/-200 iSteer=-18263 driveMode=70469/70765 iDrive=193313 scale=0 wheel=205000 ffS=0
2026-07-07T16:36:15.043+00:00 VCP run=1 step=0 angle=245742 target=245600 err=-142 steer=0 m1=1343/70469 i1=153 t1=31 m2=-1398/-70469 i2=-198 t2=31 steerMode=0/-110 iSteer=-22499 driveMode=70469/71307 iDrive=175724 scale=0 wheel=205000 ffS=0
2026-07-07T16:36:15.172+00:00 VCP SET_TARGET_RX steer=245600 wheel=205000
2026-07-07T16:36:15.172+00:00 VCP run=1 step=0 angle=245830 target=245600 err=-230 steer=0 m1=1366/70469 i1=146 t1=31 m2=-1348/-70469 i2=-190 t2=31 steerMode=0/-106 iSteer=-21804 driveMode=70469/71532 iDrive=168116 scale=0 wheel=205000 ffS=0
2026-07-07T16:36:15.277+00:00 VCP run=1 step=0 angle=245654 target=245600 err=-54 steer=0 m1=1366/70469 i1=128 t1=31 m2=-1375/-70469 i2=-230 t2=31 steerMode=0/474 iSteer=-50994 driveMode=70469/71167 iDrive=179049 scale=0 wheel=205000 ffS=0
2026-07-07T16:36:15.381+00:00 VCP run=1 step=0 angle=245742 target=245600 err=-142 steer=0 m1=1335/70469 i1=180 t1=31 m2=-1327/-70469 i2=-219 t2=31 steerMode=0/-168 iSteer=-19688 driveMode=70469/70499 iDrive=199201 scale=0 wheel=205000 ffS=0
2026-07-07T16:36:15.484+00:00 VCP run=1 step=0 angle=246445 target=326700 err=80255 steer=29400 m1=1732/110894 i1=1723 t1=31 m2=-994/-30044 i2=1384 t2=31 steerMode=40425/9347 iSteer=1553537 driveMode=70469/71486 iDrive=169497 scale=0 wheel=205000 ffS=0
2026-07-07T16:36:15.583+00:00 VCP run=1 step=0 angle=270088 target=326700 err=56612 steer=40000 m1=2532/125469 i1=-155 t1=31 m2=-128/-15469 i2=-560 t2=31 steerMode=55000/62720 iSteer=-357500 driveMode=70469/70397 iDrive=202143 scale=0 wheel=205000 ffS=0
2026-07-07T16:36:15.583+00:00 VCP SET_TARGET_RX steer=326700 wheel=205000
2026-07-07T16:36:15.686+00:00 VCP run=1 step=0 angle=293467 target=326700 err=33233 steer=40000 m1=2391/125469 i1=267 t1=31 m2=-350/-15469 i2=-98 t2=31 steerMode=55000/53782 iSteer=84255 driveMode=70469/71045 iDrive=182720 scale=0 wheel=205000 ffS=0
2026-07-07T16:36:15.871+00:00 VCP run=1 step=0 angle=316406 target=326700 err=10294 steer=20588 m1=2170/98777 i1=-893 t1=31 m2=-536/-42161 i2=-1255 t2=31 steerMode=28308/49914 iSteer=-1073899 driveMode=70469/71089 iDrive=181380 scale=0 wheel=205000 ffS=0
2026-07-07T16:36:15.871+00:00 VCP run=1 step=0 angle=323086 target=326700 err=3614 steer=7228 m1=1431/80407 i1=323 t1=31 m2=-1250/-60530 i2=-81 t2=31 steerMode=9939/7079 iSteer=120972 driveMode=70469/70406 iDrive=201887 scale=0 wheel=205000 ffS=0
2026-07-07T16:36:15.974+00:00 VCP run=1 step=0 angle=325986 target=326700 err=714 steer=1427 m1=1393/72431 i1=7 t1=31 m2=-1294/-68506 i2=-400 t2=31 steerMode=1963/5363 iSteer=-196606 driveMode=70469/70364 iDrive=203838 scale=0 wheel=205000 ffS=0
2026-07-07T16:36:16.075+00:00 VCP run=1 step=0 angle=326074 target=326700 err=626 steer=1252 m1=1358/72190 i1=222 t1=31 m2=-1357/-68748 i2=-132 t2=31 steerMode=1721/283 iSteer=45031 driveMode=70469/71246 iDrive=176672 scale=0 wheel=205000 ffS=0
2026-07-07T16:36:16.075+00:00 VCP SET_TARGET_RX steer=326700 wheel=205000
2026-07-07T16:36:16.179+00:00 VCP run=1 step=0 angle=326514 target=326700 err=186 steer=0 m1=1356/70469 i1=155 t1=31 m2=-1409/-70469 i2=-203 t2=31 steerMode=0/-83 iSteer=-23932 driveMode=70469/71179 iDrive=178701 scale=0 wheel=205000 ffS=0
2026-07-07T16:36:16.283+00:00 VCP run=1 step=0 angle=326689 target=326700 err=11 steer=0 m1=1368/70469 i1=182 t1=31 m2=-1371/-70469 i2=-203 t2=31 steerMode=0/-316 iSteer=-10604 driveMode=70469/70723 iDrive=192386 scale=0 wheel=205000 ffS=0
2026-07-07T16:36:16.387+00:00 VCP run=1 step=0 angle=326689 target=326700 err=11 steer=0 m1=1335/70469 i1=163 t1=31 m2=-1361/-70469 i2=-245 t2=31 steerMode=0/290 iSteer=-40929 driveMode=70469/70349 iDrive=203612 scale=0 wheel=205000 ffS=0
2026-07-07T16:36:16.545+00:00 VCP run=1 step=0 angle=326865 target=326700 err=-165 steer=0 m1=1299/70469 i1=176 t1=31 m2=-1350/-70469 i2=-300 t2=31 steerMode=0/668 iSteer=-62018 driveMode=70469/69247 iDrive=238206 scale=0 wheel=205000 ffS=0
2026-07-07T16:36:16.545+00:00 VCP run=1 step=0 angle=327129 target=326700 err=-429 steer=0 m1=1345/70469 i1=196 t1=31 m2=-1377/-70469 i2=-210 t2=31 steerMode=0/-436 iSteer=-6906 driveMode=70469/70461 iDrive=203208 scale=0 wheel=205000 ffS=0
2026-07-07T16:36:16.674+00:00 VCP SET_TARGET_RX steer=326700 wheel=205000
2026-07-07T16:36:16.674+00:00 VCP run=1 step=0 angle=327129 target=326700 err=-429 steer=0 m1=1364/70469 i1=155 t1=31 m2=-1394/-70469 i2=-185 t2=31 steerMode=0/-268 iSteer=-14906 driveMode=70469/71512 iDrive=170405 scale=0 wheel=205000 ffS=0
2026-07-07T16:36:16.778+00:00 VCP run=1 step=0 angle=327041 target=326700 err=-341 steer=0 m1=1345/70469 i1=148 t1=31 m2=-1344/-70469 i2=-261 t2=31 steerMode=0/552 iSteer=-56354 driveMode=70469/70355 iDrive=204331 scale=0 wheel=205000 ffS=0
2026-07-07T16:36:16.881+00:00 VCP run=1 step=0 angle=327305 target=326700 err=-605 steer=-1209 m1=1282/68806 i1=157 t1=31 m2=-1386/-72132 i2=-250 t2=31 steerMode=-1663/-1347 iSteer=-46809 driveMode=70469/70404 iDrive=203581 scale=0 wheel=205000 ffS=0
2026-07-07T16:36:16.985+00:00 VCP run=1 step=0 angle=326953 target=326700 err=-253 steer=0 m1=1364/70469 i1=160 t1=31 m2=-1363/-70469 i2=-198 t2=31 steerMode=0/-187 iSteer=-18995 driveMode=70469/71193 iDrive=179231 scale=0 wheel=205000 ffS=0
2026-07-07T16:36:17.086+00:00 VCP run=1 step=0 angle=326689 target=326700 err=11 steer=0 m1=1349/70469 i1=153 t1=31 m2=-1367/-70469 i2=-220 t2=31 steerMode=0/88 iSteer=-33420 driveMode=70469/70910 iDrive=186764 scale=0 wheel=205000 ffS=0
2026-07-07T16:36:17.086+00:00 VCP SET_TARGET_RX steer=286500 wheel=205000
2026-07-07T16:36:17.188+00:00 VCP run=1 step=0 angle=323877 target=286500 err=-37377 steer=-40000 m1=621/15469 i1=-1503 t1=31 m2=-2108/-125469 i2=-1836 t2=31 steerMode=-55000/-23124 iSteer=-1669399 driveMode=70469/71589 iDrive=166384 scale=0 wheel=205000 ffS=0
2026-07-07T16:36:17.372+00:00 VCP run=1 step=0 angle=296016 target=286500 err=-9516 steer=-19031 m1=458/44301 i1=1698 t1=31 m2=-2200/-96637 i2=1313 t2=31 steerMode=-26168/-57477 iSteer=1505445 driveMode=70469/70707 iDrive=192846 scale=0 wheel=205000 ffS=0
2026-07-07T16:36:17.372+00:00 VCP run=1 step=0 angle=290830 target=286500 err=-4330 steer=-8660 m1=1243/58561 i1=-170 t1=31 m2=-1415/-82376 i2=-631 t2=31 steerMode=-11908/-4606 iSteer=-400577 driveMode=70469/69481 iDrive=230692 scale=0 wheel=205000 ffS=0
2026-07-07T16:36:17.475+00:00 VCP run=1 step=0 angle=287314 target=286500 err=-814 steer=-1629 m1=1226/68229 i1=450 t1=31 m2=-1336/-72709 i2=-1 t2=31 steerMode=-2240/-7347 iSteer=224247 driveMode=70469/69694 iDrive=225263 scale=0 wheel=205000 ffS=0
2026-07-07T16:36:17.575+00:00 VCP run=1 step=0 angle=287227 target=286500 err=-727 steer=-1453 m1=1339/68471 i1=76 t1=31 m2=-1359/-72467 i2=-364 t2=31 steerMode=-1998/218 iSteer=-143869 driveMode=70469/69935 iDrive=219706 scale=0 wheel=205000 ffS=0
2026-07-07T16:36:17.575+00:00 VCP SET_TARGET_RX steer=286500 wheel=205000
2026-07-07T16:36:17.679+00:00 VCP run=1 step=0 angle=286787 target=286500 err=-287 steer=0 m1=1351/70469 i1=245 t1=31 m2=-1352/-70469 i2=-110 t2=31 steerMode=0/-1969 iSteer=67372 driveMode=70469/71325 iDrive=177176 scale=0 wheel=205000 ffS=0
2026-07-07T16:36:17.783+00:00 VCP run=1 step=0 angle=286611 target=286500 err=-111 steer=0 m1=1368/70469 i1=122 t1=31 m2=-1403/-70469 i2=-221 t2=31 steerMode=0/382 iSteer=-49771 driveMode=70469/71460 iDrive=171413 scale=0 wheel=205000 ffS=0
2026-07-07T16:36:17.887+00:00 VCP run=1 step=0 angle=285996 target=286500 err=504 steer=600 m1=1360/71294 i1=195 t1=31 m2=-1323/-69644 i2=-186 t2=31 steerMode=825/130 iSteer=4712 driveMode=70469/70788 iDrive=190436 scale=0 wheel=205000 ffS=0
2026-07-07T16:36:18.044+00:00 VCP run=1 step=0 angle=286436 target=286500 err=64 steer=0 m1=1728/136469 i1=1886 t1=31 m2=-1721/-136469 i2=-1998 t2=31 steerMode=0/496 iSteer=-56201 driveMode=136469/79420 iDrive=1942014 scale=0 wheel=397000 ffS=0
2026-07-07T16:36:18.045+00:00 VCP run=1 step=0 angle=285996 target=286500 err=504 steer=1008 m1=4001/226542 i1=1520 t1=31 m2=-3964/-223771 i2=-1464 t2=31 steerMode=1386/232 iSteer=28289 driveMode=225156/187114 iDrive=1492132 scale=0 wheel=655000 ffS=0
2026-07-07T16:36:18.173+00:00 VCP SET_TARGET_RX steer=286500 wheel=655000
2026-07-07T16:36:18.173+00:00 VCP run=1 step=0 angle=286611 target=286500 err=-111 steer=0 m1=4503/225156 i1=-66 t1=31 m2=-4485/-225156 i2=-49 t2=31 steerMode=0/523 iSteer=-57069 driveMode=225156/237238 iDrive=-8439 scale=0 wheel=655000 ffS=0
2026-07-07T16:36:18.276+00:00 VCP run=1 step=0 angle=286260 target=286500 err=240 steer=0 m1=4373/225156 i1=140 t1=31 m2=-4378/-225156 i2=-188 t2=31 steerMode=0/-150 iSteer=-23624 driveMode=225156/230954 iDrive=164089 scale=0 wheel=655000 ffS=0
2026-07-07T16:36:18.380+00:00 VCP run=1 step=0 angle=286611 target=286500 err=-111 steer=0 m1=4373/225156 i1=122 t1=31 m2=-4362/-225156 i2=-250 t2=31 steerMode=0/651 iSteer=-64074 driveMode=225156/229902 iDrive=186302 scale=0 wheel=655000 ffS=0
2026-07-07T16:36:18.484+00:00 VCP run=1 step=0 angle=286436 target=286500 err=64 steer=0 m1=4373/225156 i1=143 t1=31 m2=-4393/-225156 i2=-183 t2=31 steerMode=0/-251 iSteer=-19824 driveMode=225156/230389 iDrive=162967 scale=0 wheel=655000 ffS=0
2026-07-07T16:36:18.584+00:00 VCP run=1 step=0 angle=286611 target=286500 err=-111 steer=0 m1=4363/225156 i1=131 t1=31 m2=-4349/-225156 i2=-246 t2=31 steerMode=0/503 iSteer=-57775 driveMode=225156/229237 iDrive=188665 scale=0 wheel=655000 ffS=0
2026-07-07T16:36:18.584+00:00 VCP SET_TARGET_RX steer=286500 wheel=655000
2026-07-07T16:36:18.770+00:00 VCP run=1 step=0 angle=286611 target=286500 err=-111 steer=0 m1=4356/225156 i1=158 t1=31 m2=-4366/-225156 i2=-217 t2=31 steerMode=0/-67 iSteer=-29243 driveMode=225156/229020 iDrive=187580 scale=0 wheel=655000 ffS=0
2026-07-07T16:36:18.770+00:00 VCP run=1 step=0 angle=286787 target=286500 err=-287 steer=0 m1=4358/225156 i1=140 t1=31 m2=-4366/-225156 i2=-191 t2=31 steerMode=0/-149 iSteer=-25384 driveMode=225156/229517 iDrive=165263 scale=0 wheel=655000 ffS=0
2026-07-07T16:36:18.874+00:00 VCP run=1 step=0 angle=286436 target=286500 err=64 steer=0 m1=4365/225156 i1=88 t1=31 m2=-4320/-225156 i2=-261 t2=31 steerMode=0/1097 iSteer=-86890 driveMode=225156/228964 iDrive=174507 scale=0 wheel=655000 ffS=0
2026-07-07T16:36:18.976+00:00 VCP run=1 step=0 angle=286963 target=295900 err=8937 steer=15698 m1=4421/246742 i1=1206 t1=31 m2=-4267/-203571 i2=827 t2=31 steerMode=21585/746 iSteer=1016532 driveMode=225156/228291 iDrive=189076 scale=0 wheel=655000 ffS=0
2026-07-07T16:36:19.076+00:00 VCP run=1 step=0 angle=294434 target=295900 err=1466 steer=2933 m1=4528/229189 i1=-484 t1=31 m2=-4110/-221124 i2=-853 t2=31 steerMode=4033/16788 iSteer=-668724 driveMode=225156/228232 iDrive=184620 scale=0 wheel=655000 ffS=0
2026-07-07T16:36:19.076+00:00 VCP SET_TARGET_RX steer=295900 wheel=655000
2026-07-07T16:36:19.179+00:00 VCP run=1 step=0 angle=294258 target=295900 err=1642 steer=3284 m1=4371/229672 i1=422 t1=31 m2=-4301/-220640 i2=64 t2=31 steerMode=4516/-1033 iSteer=243097 driveMode=225156/228222 iDrive=179319 scale=0 wheel=655000 ffS=0
2026-07-07T16:36:19.283+00:00 VCP run=1 step=0 angle=296016 target=295900 err=-116 steer=0 m1=4329/225156 i1=49 t1=31 m2=-4353/-225156 i2=-290 t2=31 steerMode=0/1631 iSteer=-120473 driveMode=225156/228364 iDrive=169667 scale=0 wheel=655000 ffS=0
2026-07-07T16:36:19.387+00:00 VCP run=1 step=0 angle=295664 target=295900 err=236 steer=0 m1=4344/225156 i1=119 t1=31 m2=-4301/-225156 i2=-251 t2=31 steerMode=0/581 iSteer=-65871 driveMode=225156/227668 iDrive=185152 scale=0 wheel=655000 ffS=0
2026-07-07T16:36:19.545+00:00 VCP run=1 step=0 angle=296367 target=295900 err=-467 steer=0 m1=4321/225156 i1=148 t1=31 m2=-4328/-225156 i2=-245 t2=31 steerMode=0/201 iSteer=-48754 driveMode=225156/227145 iDrive=196505 scale=0 wheel=655000 ffS=0
2026-07-07T16:36:19.545+00:00 VCP run=1 step=0 angle=295400 target=295900 err=500 steer=575 m1=4342/225947 i1=169 t1=31 m2=-4339/-224366 i2=-150 t2=31 steerMode=791/-158 iSteer=9749 driveMode=225156/228219 iDrive=159331 scale=0 wheel=655000 ffS=0
2026-07-07T16:36:19.672+00:00 VCP SET_TARGET_RX steer=295900 wheel=655000
2026-07-07T16:36:19.672+00:00 VCP run=1 step=0 angle=296279 target=295900 err=-379 steer=0 m1=4308/225156 i1=124 t1=31 m2=-4318/-225156 i2=-262 t2=31 steerMode=0/599 iSteer=-69001 driveMode=225156/226957 iDrive=193011 scale=0 wheel=655000 ffS=0
2026-07-07T16:36:19.776+00:00 VCP run=1 step=0 angle=296191 target=295900 err=-291 steer=0 m1=4296/225156 i1=170 t1=31 m2=-4320/-225156 i2=-189 t2=31 steerMode=0/-610 iSteer=-9461 driveMode=225156/227295 iDrive=179683 scale=0 wheel=655000 ffS=0
2026-07-07T16:36:19.880+00:00 VCP run=1 step=0 angle=295488 target=295900 err=412 steer=0 m1=4312/225156 i1=123 t1=31 m2=-4315/-225156 i2=-228 t2=31 steerMode=0/272 iSteer=-52301 driveMode=225156/227294 iDrive=175475 scale=0 wheel=655000 ffS=0
2026-07-07T16:36:19.983+00:00 VCP run=1 step=0 angle=295664 target=295900 err=236 steer=0 m1=4325/225156 i1=125 t1=31 m2=-4301/-225156 i2=-241 t2=31 steerMode=0/380 iSteer=-57941 driveMode=225156/226910 iDrive=183398 scale=0 wheel=655000 ffS=0
2026-07-07T16:36:20.083+00:00 VCP run=1 step=0 angle=296104 target=295900 err=-203 steer=0 m1=4304/225156 i1=162 t1=31 m2=-4328/-225156 i2=-200 t2=31 steerMode=0/-412 iSteer=-19036 driveMode=225156/226906 iDrive=180837 scale=0 wheel=655000 ffS=0
2026-07-07T16:36:20.084+00:00 VCP SET_TARGET_RX steer=295900 wheel=655000
2026-07-07T16:36:20.269+00:00 VCP run=1 step=0 angle=295664 target=295900 err=236 steer=0 m1=4306/225156 i1=127 t1=31 m2=-4286/-225156 i2=-254 t2=31 steerMode=0/478 iSteer=-63227 driveMode=225156/226480 iDrive=190393 scale=0 wheel=655000 ffS=0
2026-07-07T16:36:20.269+00:00 VCP run=1 step=0 angle=295576 target=295900 err=324 steer=0 m1=4317/225156 i1=139 t1=31 m2=-4297/-225156 i2=-236 t2=31 steerMode=0/172 iSteer=-48534 driveMode=225156/226493 iDrive=187852 scale=0 wheel=655000 ffS=0
2026-07-07T16:36:20.373+00:00 VCP run=1 step=0 angle=295752 target=295900 err=148 steer=0 m1=4323/225156 i1=134 t1=31 m2=-4305/-225156 i2=-207 t2=31 steerMode=0/-63 iSteer=-36337 driveMode=225156/226961 iDrive=170404 scale=0 wheel=655000 ffS=0
2026-07-07T16:36:20.477+00:00 VCP run=1 step=0 angle=296191 target=295900 err=-291 steer=0 m1=4283/225156 i1=155 t1=31 m2=-4311/-225156 i2=-233 t2=31 steerMode=0/-26 iSteer=-39153 driveMode=225156/226117 iDrive=193711 scale=0 wheel=655000 ffS=0
2026-07-07T16:36:20.577+00:00 VCP run=1 step=0 angle=296279 target=295900 err=-379 steer=0 m1=4289/225156 i1=145 t1=31 m2=-4315/-225156 i2=-238 t2=31 steerMode=0/97 iSteer=-46282 driveMode=225156/226144 iDrive=191368 scale=0 wheel=655000 ffS=0
2026-07-07T16:36:20.577+00:00 VCP SET_TARGET_RX steer=295900 wheel=655000
2026-07-07T16:36:20.777+00:00 VCP run=1 step=0 angle=295400 target=295900 err=500 steer=0 m1=4308/225156 i1=126 t1=31 m2=-4313/-225156 i2=-215 t2=31 steerMode=0/75 iSteer=-44525 driveMode=225156/226756 iDrive=170102 scale=0 wheel=655000 ffS=0
2026-07-07T16:36:20.777+00:00 VCP STOP: angle diverged err=-141576
2026-07-07T16:36:21.178+00:00 VCP SET_TARGET_RX steer=154000 wheel=655000
2026-07-07T16:36:21.178+00:00 VCP idle angle=307002 amtOk=1 fdbkOk=1 en=0 tgtOk=1
2026-07-07T16:36:21.578+00:00 VCP SET_TARGET_RX steer=154000 wheel=655000
2026-07-07T16:36:21.579+00:00 VCP idle angle=333105 amtOk=1 fdbkOk=1 en=0 tgtOk=1
2026-07-07T16:36:22.180+00:00 VCP SET_TARGET_RX steer=154000 wheel=655000
2026-07-07T16:36:22.180+00:00 VCP idle angle=9492 amtOk=1 fdbkOk=1 en=0 tgtOk=1
2026-07-07T16:36:22.580+00:00 VCP SET_TARGET_RX steer=154000 wheel=655000
2026-07-07T16:36:22.580+00:00 VCP idle angle=34453 amtOk=1 fdbkOk=1 en=0 tgtOk=1
2026-07-07T16:36:23.181+00:00 VCP SET_TARGET_RX steer=154000 wheel=655000
2026-07-07T16:36:23.181+00:00 VCP idle angle=36035 amtOk=1 fdbkOk=1 en=0 tgtOk=1
2026-07-07T16:36:23.582+00:00 VCP SET_TARGET_RX steer=154000 wheel=655000
2026-07-07T16:36:23.582+00:00 VCP idle angle=36035 amtOk=1 fdbkOk=1 en=0 tgtOk=1
2026-07-07T16:36:24.063+00:00 WEBUI enable sent (seeded steer target=36.035deg)
2026-07-07T16:36:24.082+00:00 VCP SET_TARGET_RX steer=36035 wheel=655000
2026-07-07T16:36:24.082+00:00 VCP UNIT_CTRL enable=1
2026-07-07T16:36:24.082+00:00 VCP START_CAN: angle=36035 target=36035 wheelTarget=655000
2026-07-07T16:36:24.184+00:00 VCP run=1 step=0 angle=36035 target=36035 err=0 steer=0 m1=0/2750 i1=83 t1=31 m2=0/-2750 i2=-83 t2=31 steerMode=0/0 iSteer=0 driveMode=2750/0 iDrive=82610 scale=0 wheel=8000 ffS=0
2026-07-07T16:36:24.184+00:00 VCP run=1 step=0 angle=36650 target=36035 err=-615 steer=-1231 m1=1320/124808 i1=2629 t1=31 m2=-1400/-128192 i2=-2802 t2=31 steerMode=-1692/12 iSteer=-86672 driveMode=126500/44734 iDrive=2715322 scale=0 wheel=368000 ffS=0
2026-07-07T16:36:24.368+00:00 VCP run=1 step=0 angle=36123 target=36035 err=-88 steer=0 m1=3971/225156 i1=1686 t1=31 m2=-3953/-225156 i2=-1580 t2=31 steerMode=0/-1027 iSteer=52984 driveMode=225156/183722 iDrive=1632583 scale=0 wheel=655000 ffS=0
2026-07-07T16:36:24.473+00:00 VCP run=1 step=0 angle=36387 target=36035 err=-352 steer=0 m1=4553/225156 i1=-39 t1=31 m2=-4544/-225156 i2=41 t2=31 steerMode=0/4 iSteer=1330 driveMode=225156/239567 iDrive=-39846 scale=0 wheel=655000 ffS=0
2026-07-07T16:36:24.573+00:00 VCP run=1 step=0 angle=36387 target=36035 err=-352 steer=0 m1=4427/225156 i1=108 t1=31 m2=-4393/-225156 i2=-150 t2=31 steerMode=0/438 iSteer=-21069 driveMode=225156/233240 iDrive=129420 scale=0 wheel=655000 ffS=0
2026-07-07T16:36:24.573+00:00 VCP SET_TARGET_RX steer=36035 wheel=655000
2026-07-07T16:36:24.677+00:00 VCP run=1 step=0 angle=36211 target=36035 err=-176 steer=0 m1=4415/225156 i1=136 t1=31 m2=-4397/-225156 i2=-155 t2=31 steerMode=0/189 iSteer=-9417 driveMode=225156/232261 iDrive=145226 scale=0 wheel=655000 ffS=0
2026-07-07T16:36:24.782+00:00 VCP run=1 step=0 angle=36123 target=36035 err=-88 steer=0 m1=4396/225156 i1=149 t1=31 m2=-4405/-225156 i2=-149 t2=31 steerMode=0/-17 iSteer=-40 driveMode=225156/231725 iDrive=148719 scale=0 wheel=655000 ffS=0
2026-07-07T16:36:24.968+00:00 VCP run=1 step=0 angle=36299 target=36035 err=-264 steer=0 m1=4404/225156 i1=124 t1=31 m2=-4382/-225156 i2=-160 t2=31 steerMode=0/344 iSteer=-18126 driveMode=225156/231542 iDrive=142087 scale=0 wheel=655000 ffS=0
2026-07-07T16:36:24.968+00:00 VCP run=1 step=0 angle=36475 target=36035 err=-440 steer=0 m1=4381/225156 i1=132 t1=31 m2=-4393/-225156 i2=-144 t2=31 steerMode=0/84 iSteer=-5889 driveMode=225156/231301 iDrive=137639 scale=0 wheel=655000 ffS=0
2026-07-07T16:36:25.068+00:00 VCP run=1 step=0 angle=36211 target=36035 err=-176 steer=0 m1=4390/225156 i1=135 t1=31 m2=-4370/-225156 i2=-149 t2=31 steerMode=0/85 iSteer=-6689 driveMode=225156/230789 iDrive=142120 scale=0 wheel=655000 ffS=0
2026-07-07T16:36:25.068+00:00 VCP SET_TARGET_RX steer=36035 wheel=655000
2026-07-07T16:36:25.172+00:00 VCP run=1 step=0 angle=36387 target=36035 err=-352 steer=0 m1=4384/225156 i1=122 t1=31 m2=-4376/-225156 i2=-150 t2=31 steerMode=0/212 iSteer=-13914 driveMode=225156/230665 iDrive=135690 scale=0 wheel=655000 ffS=0
2026-07-07T16:36:25.276+00:00 VCP run=1 step=0 angle=36475 target=36035 err=-440 steer=0 m1=4352/225156 i1=181 t1=31 m2=-4401/-225156 i2=-124 t2=31 steerMode=0/-683 iSteer=28605 driveMode=225156/229812 iDrive=152226 scale=0 wheel=655000 ffS=0
2026-07-07T16:36:25.380+00:00 VCP run=1 step=0 angle=36299 target=36035 err=-264 steer=0 m1=4388/225156 i1=126 t1=31 m2=-4353/-225156 i2=-149 t2=31 steerMode=0/143 iSteer=-11814 driveMode=225156/230004 iDrive=137630 scale=0 wheel=655000 ffS=0
2026-07-07T16:36:25.544+00:00 VCP run=1 step=0 angle=36035 target=36035 err=0 steer=0 m1=4352/225156 i1=117 t1=31 m2=-4351/-225156 i2=-165 t2=31 steerMode=0/366 iSteer=-23965 driveMode=225156/229615 iDrive=140845 scale=0 wheel=655000 ffS=0
2026-07-07T16:36:25.544+00:00 VCP run=1 step=0 angle=35947 target=36035 err=88 steer=0 m1=4354/225156 i1=138 t1=31 m2=-4339/-225156 i2=-163 t2=31 steerMode=0/139 iSteer=-12855 driveMode=225156/229038 iDrive=150581 scale=0 wheel=655000 ffS=0
2026-07-07T16:36:25.667+00:00 VCP SET_TARGET_RX steer=36035 wheel=655000
2026-07-07T16:36:25.667+00:00 VCP run=1 step=0 angle=36123 target=36035 err=-88 steer=0 m1=4354/225156 i1=127 t1=31 m2=-4334/-225156 i2=-166 t2=31 steerMode=0/263 iSteer=-19645 driveMode=225156/228933 iDrive=146706 scale=0 wheel=655000 ffS=0
2026-07-07T16:36:25.771+00:00 VCP run=1 step=0 angle=36211 target=36035 err=-176 steer=0 m1=4340/225156 i1=130 t1=31 m2=-4347/-225156 i2=-162 t2=31 steerMode=0/185 iSteer=-16064 driveMode=225156/228722 iDrive=146137 scale=0 wheel=655000 ffS=0
2026-07-07T16:36:25.875+00:00 VCP run=1 step=0 angle=36211 target=36035 err=-176 steer=0 m1=4342/225156 i1=126 t1=31 m2=-4341/-225156 i2=-161 t2=31 steerMode=0/202 iSteer=-17292 driveMode=225156/228587 iDrive=143742 scale=0 wheel=655000 ffS=0
2026-07-07T16:36:25.979+00:00 VCP run=1 step=0 angle=36211 target=36035 err=-176 steer=0 m1=4342/225156 i1=121 t1=31 m2=-4307/-225156 i2=-159 t2=31 steerMode=0/237 iSteer=-19101 driveMode=225156/228502 iDrive=140035 scale=0 wheel=655000 ffS=0
2026-07-07T16:36:26.179+00:00 VCP run=1 step=0 angle=36387 target=36035 err=-352 steer=0 m1=4329/225156 i1=148 t1=31 m2=-4351/-225156 i2=-152 t2=31 steerMode=0/-124 iSteer=-1882 driveMode=225156/227998 iDrive=149789 scale=0 wheel=655000 ffS=0
2026-07-07T16:36:26.179+00:00 VCP STOP: angle diverged err=133601
2026-07-07T16:36:26.179+00:00 VCP SET_TARGET_RX steer=169900 wheel=655000
2026-07-07T16:36:26.580+00:00 VCP idle angle=37793 amtOk=1 fdbkOk=1 en=0 tgtOk=1
2026-07-07T16:36:26.580+00:00 VCP SET_TARGET_RX steer=169900 wheel=655000
2026-07-07T16:36:26.980+00:00 VCP idle angle=39023 amtOk=1 fdbkOk=1 en=0 tgtOk=1
2026-07-07T16:36:27.181+00:00 VCP SET_TARGET_RX steer=169900 wheel=655000
2026-07-07T16:36:27.581+00:00 VCP idle angle=39902 amtOk=1 fdbkOk=1 en=0 tgtOk=1
2026-07-07T16:36:27.581+00:00 VCP SET_TARGET_RX steer=169900 wheel=655000
2026-07-07T16:36:27.982+00:00 VCP idle angle=40430 amtOk=1 fdbkOk=1 en=0 tgtOk=1
2026-07-07T16:36:28.182+00:00 VCP SET_TARGET_RX steer=169900 wheel=655000
2026-07-07T16:36:28.583+00:00 VCP idle angle=40605 amtOk=1 fdbkOk=1 en=0 tgtOk=1
2026-07-07T16:36:28.583+00:00 VCP SET_TARGET_RX steer=169900 wheel=655000
2026-07-07T16:36:28.983+00:00 VCP idle angle=40605 amtOk=1 fdbkOk=1 en=0 tgtOk=1
2026-07-07T16:36:29.089+00:00 WEBUI enable sent (seeded steer target=40.605deg)
2026-07-07T16:36:29.108+00:00 VCP SET_TARGET_RX steer=40605 wheel=655000
2026-07-07T16:36:29.108+00:00 VCP UNIT_CTRL enable=1
2026-07-07T16:36:29.108+00:00 VCP START_CAN: angle=40605 target=40605 wheelTarget=655000
2026-07-07T16:36:29.291+00:00 VCP run=1 step=0 angle=40605 target=40605 err=0 steer=0 m1=0/1375 i1=41 t1=31 m2=0/-1375 i2=-41 t2=31 steerMode=0/0 iSteer=0 driveMode=1375/0 iDrive=41278 scale=0 wheel=4000 ffS=0
2026-07-07T16:36:29.291+00:00 VCP run=1 step=0 angle=40605 target=40605 err=0 steer=0 m1=1330/123750 i1=2691 t1=31 m2=-1283/-123750 i2=-2630 t2=31 steerMode=0/-577 iSteer=30319 driveMode=123750/43846 iDrive=2660443 scale=0 wheel=360000 ffS=0
2026-07-07T16:36:29.394+00:00 VCP run=1 step=0 angle=40781 target=40605 err=-176 steer=0 m1=3921/225156 i1=1746 t1=31 m2=-3976/-225156 i2=-1620 t2=31 steerMode=0/-1229 iSteer=62805 driveMode=225156/182171 iDrive=1683198 scale=0 wheel=655000 ffS=0
2026-07-07T16:36:29.499+00:00 VCP run=1 step=0 angle=40605 target=40605 err=0 steer=0 m1=4549/225156 i1=-56 t1=31 m2=-4535/-225156 i2=12 t2=31 steerMode=0/488 iSteer=-22029 driveMode=225156/239557 iDrive=-34108 scale=0 wheel=655000 ffS=0
2026-07-07T16:36:29.599+00:00 VCP run=1 step=0 angle=40693 target=40605 err=-88 steer=0 m1=4440/225156 i1=112 t1=31 m2=-4414/-225156 i2=-148 t2=31 steerMode=0/394 iSteer=-18212 driveMode=225156/233382 iDrive=130237 scale=0 wheel=655000 ffS=0
2026-07-07T16:36:29.600+00:00 VCP SET_TARGET_RX steer=40605 wheel=655000
2026-07-07T16:36:29.704+00:00 VCP run=1 step=0 angle=40693 target=40605 err=-88 steer=0 m1=4413/225156 i1=144 t1=31 m2=-4418/-225156 i2=-149 t2=31 steerMode=0/61 iSteer=-2260 driveMode=225156/232391 iDrive=146425 scale=0 wheel=655000 ffS=0
2026-07-07T16:36:29.808+00:00 VCP run=1 step=0 angle=40781 target=40605 err=-176 steer=0 m1=4436/225156 i1=128 t1=31 m2=-4410/-225156 i2=-144 t2=31 steerMode=0/169 iSteer=-7916 driveMode=225156/232297 iDrive=135906 scale=0 wheel=655000 ffS=0
2026-07-07T16:36:29.994+00:00 VCP run=1 step=0 angle=40781 target=40605 err=-176 steer=0 m1=4400/225156 i1=131 t1=31 m2=-4408/-225156 i2=-150 t2=31 steerMode=0/174 iSteer=-9209 driveMode=225156/231729 iDrive=140340 scale=0 wheel=655000 ffS=0
2026-07-07T16:36:29.994+00:00 VCP run=1 step=0 angle=40781 target=40605 err=-176 steer=0 m1=4404/225156 i1=130 t1=31 m2=-4391/-225156 i2=-160 t2=31 steerMode=0/277 iSteer=-14839 driveMode=225156/231183 iDrive=144989 scale=0 wheel=655000 ffS=0
2026-07-07T16:36:30.094+00:00 VCP run=1 step=0 angle=40957 target=40605 err=-352 steer=0 m1=4386/225156 i1=135 t1=31 m2=-4387/-225156 i2=-133 t2=31 steerMode=0/-45 iSteer=655 driveMode=225156/231181 iDrive=133924 scale=0 wheel=655000 ffS=0
2026-07-07T16:36:30.094+00:00 VCP SET_TARGET_RX steer=40605 wheel=655000
2026-07-07T16:36:30.198+00:00 VCP run=1 step=0 angle=40957 target=40605 err=-352 steer=0 m1=4377/225156 i1=133 t1=31 m2=-4380/-225156 i2=-147 t2=31 steerMode=0/98 iSteer=-7188 driveMode=225156/230636 iDrive=139916 scale=0 wheel=655000 ffS=0
2026-07-07T16:36:30.303+00:00 VCP run=1 step=0 angle=40781 target=40605 err=-176 steer=0 m1=4352/225156 i1=186 t1=31 m2=-4382/-225156 i2=-94 t2=31 steerMode=0/-999 iSteer=46163 driveMode=225156/230316 iDrive=139758 scale=0 wheel=655000 ffS=0
2026-07-07T16:36:30.407+00:00 VCP run=1 step=0 angle=40518 target=40605 err=87 steer=0 m1=4377/225156 i1=111 t1=31 m2=-4355/-225156 i2=-176 t2=31 steerMode=0/575 iSteer=-32513 driveMode=225156/229885 iDrive=143384 scale=0 wheel=655000 ffS=0
2026-07-07T16:36:30.545+00:00 VCP run=1 step=0 angle=40605 target=40605 err=0 steer=0 m1=4363/225156 i1=137 t1=31 m2=-4351/-225156 i2=-147 t2=31 steerMode=0/24 iSteer=-4967 driveMode=225156/229643 iDrive=142217 scale=0 wheel=655000 ffS=0
2026-07-07T16:36:30.545+00:00 VCP run=1 step=0 angle=40605 target=40605 err=0 steer=0 m1=4384/225156 i1=124 t1=31 m2=-4364/-225156 i2=-157 t2=31 steerMode=0/242 iSteer=-16588 driveMode=225156/229442 iDrive=140430 scale=0 wheel=655000 ffS=0
2026-07-07T16:36:30.694+00:00 VCP SET_TARGET_RX steer=40605 wheel=655000
2026-07-07T16:36:30.694+00:00 VCP run=1 step=0 angle=40693 target=40605 err=-88 steer=0 m1=4344/225156 i1=146 t1=31 m2=-4353/-225156 i2=-154 t2=31 steerMode=0/-12 iSteer=-4246 driveMode=225156/228882 iDrive=149840 scale=0 wheel=655000 ffS=0
2026-07-07T16:36:30.798+00:00 VCP run=1 step=0 angle=40781 target=40605 err=-176 steer=0 m1=4335/225156 i1=142 t1=31 m2=-4349/-225156 i2=-155 t2=31 steerMode=0/32 iSteer=-6363 driveMode=225156/228686 iDrive=148765 scale=0 wheel=655000 ffS=0
2026-07-07T16:36:30.902+00:00 VCP run=1 step=0 angle=40605 target=40605 err=0 steer=0 m1=4346/225156 i1=133 t1=31 m2=-4339/-225156 i2=-158 t2=31 steerMode=0/155 iSteer=-12479 driveMode=225156/228562 iDrive=145863 scale=0 wheel=655000 ffS=0
2026-07-07T16:36:31.006+00:00 VCP run=1 step=0 angle=40605 target=40605 err=0 steer=0 m1=4350/225156 i1=142 t1=31 m2=-4351/-225156 i2=-142 t2=31 steerMode=0/-100 iSteer=-152 driveMode=225156/228502 iDrive=141727 scale=0 wheel=655000 ffS=0
2026-07-07T16:36:31.107+00:00 VCP run=1 step=0 angle=40605 target=40605 err=0 steer=0 m1=4331/225156 i1=129 t1=31 m2=-4353/-225156 i2=-145 t2=31 steerMode=0/61 iSteer=-8237 driveMode=225156/228456 iDrive=137226 scale=0 wheel=655000 ffS=0
2026-07-07T16:36:31.107+00:00 VCP SET_TARGET_RX steer=40605 wheel=655000
2026-07-07T16:36:31.293+00:00 VCP run=1 step=0 angle=40342 target=40605 err=263 steer=0 m1=4329/225156 i1=139 t1=31 m2=-4311/-225156 i2=-147 t2=31 steerMode=0/-11 iSteer=-4008 driveMode=225156/228060 iDrive=143331 scale=0 wheel=655000 ffS=0
2026-07-07T16:36:31.293+00:00 VCP run=1 step=0 angle=40430 target=40605 err=175 steer=0 m1=4325/225156 i1=136 t1=31 m2=-4324/-225156 i2=-161 t2=31 steerMode=0/161 iSteer=-12511 driveMode=225156/227731 iDrive=148051 scale=0 wheel=655000 ffS=0
2026-07-07T16:36:31.397+00:00 VCP run=1 step=0 angle=40430 target=40605 err=175 steer=0 m1=4333/225156 i1=123 t1=31 m2=-4330/-225156 i2=-161 t2=31 steerMode=0/288 iSteer=-19249 driveMode=225156/227776 iDrive=141866 scale=0 wheel=655000 ffS=0
2026-07-07T16:36:31.501+00:00 VCP run=1 step=0 angle=40430 target=40605 err=175 steer=0 m1=4321/225156 i1=142 t1=31 m2=-4313/-225156 i2=-150 t2=31 steerMode=0/-31 iSteer=-3917 driveMode=225156/227485 iDrive=146130 scale=0 wheel=655000 ffS=0
2026-07-07T16:36:31.602+00:00 VCP run=1 step=0 angle=40430 target=40605 err=175 steer=0 m1=4321/225156 i1=131 t1=31 m2=-4330/-225156 i2=-152 t2=31 steerMode=0/97 iSteer=-10372 driveMode=225156/227493 iDrive=141663 scale=0 wheel=655000 ffS=0
2026-07-07T16:36:31.602+00:00 VCP SET_TARGET_RX steer=40605 wheel=655000
2026-07-07T16:36:31.706+00:00 VCP run=1 step=0 angle=40342 target=40605 err=263 steer=0 m1=4308/225156 i1=116 t1=31 m2=-4311/-225156 i2=-179 t2=31 steerMode=0/531 iSteer=-31872 driveMode=225156/227162 iDrive=147405 scale=0 wheel=655000 ffS=0
2026-07-07T16:36:31.892+00:00 VCP run=1 step=0 angle=40342 target=40605 err=263 steer=0 m1=4312/225156 i1=146 t1=31 m2=-4330/-225156 i2=-131 t2=31 steerMode=0/-253 iSteer=7297 driveMode=225156/227324 iDrive=138745 scale=0 wheel=655000 ffS=0
2026-07-07T16:36:31.892+00:00 VCP run=1 step=0 angle=40342 target=40605 err=263 steer=0 m1=4314/225156 i1=143 t1=31 m2=-4303/-225156 i2=-146 t2=31 steerMode=0/-83 iSteer=-1249 driveMode=225156/227017 iDrive=144514 scale=0 wheel=655000 ffS=0
2026-07-07T16:36:31.996+00:00 VCP run=1 step=0 angle=40518 target=40605 err=87 steer=0 m1=4312/225156 i1=120 t1=31 m2=-4309/-225156 i2=-188 t2=31 steerMode=0/565 iSteer=-33815 driveMode=225156/226697 iDrive=153781 scale=0 wheel=655000 ffS=0
2026-07-07T16:36:32.097+00:00 VCP run=1 step=0 angle=40430 target=40605 err=175 steer=0 m1=4310/225156 i1=143 t1=31 m2=-4320/-225156 i2=-138 t2=31 steerMode=0/-154 iSteer=2398 driveMode=225156/227132 iDrive=140732 scale=0 wheel=655000 ffS=0
2026-07-07T16:36:32.097+00:00 VCP SET_TARGET_RX steer=40605 wheel=655000
2026-07-07T16:36:32.201+00:00 VCP run=1 step=0 angle=39990 target=40605 err=615 steer=1230 m1=4317/226847 i1=209 t1=31 m2=-4301/-223466 i2=-71 t2=31 steerMode=1691/204 iSteer=68883 driveMode=225156/227145 iDrive=140336 scale=0 wheel=655000 ffS=0
2026-07-07T16:36:32.305+00:00 VCP run=1 step=0 angle=40430 target=40605 err=175 steer=0 m1=4306/225156 i1=139 t1=31 m2=-4320/-225156 i2=-158 t2=31 steerMode=0/73 iSteer=-9754 driveMode=225156/226867 iDrive=148681 scale=0 wheel=655000 ffS=0
2026-07-07T16:36:32.491+00:00 VCP run=1 step=0 angle=40430 target=40605 err=175 steer=0 m1=4314/225156 i1=137 t1=31 m2=-4328/-225156 i2=-172 t2=31 steerMode=0/230 iSteer=-17599 driveMode=225156/226663 iDrive=154795 scale=0 wheel=655000 ffS=0
2026-07-07T16:36:32.491+00:00 VCP run=1 step=0 angle=40518 target=40605 err=87 steer=0 m1=4327/225156 i1=130 t1=31 m2=-4315/-225156 i2=-177 t2=31 steerMode=0/338 iSteer=-23651 driveMode=225156/226708 iDrive=153434 scale=0 wheel=655000 ffS=0
2026-07-07T16:36:32.592+00:00 VCP run=1 step=0 angle=40518 target=40605 err=87 steer=0 m1=4306/225156 i1=141 t1=31 m2=-4324/-225156 i2=-140 t2=31 steerMode=0/-146 iSteer=664 driveMode=225156/227138 iDrive=140538 scale=0 wheel=655000 ffS=0
2026-07-07T16:36:32.592+00:00 VCP SET_TARGET_RX steer=40605 wheel=655000
2026-07-07T16:36:32.696+00:00 VCP run=1 step=0 angle=40430 target=40605 err=175 steer=0 m1=4306/225156 i1=137 t1=31 m2=-4311/-225156 i2=-152 t2=31 steerMode=0/13 iSteer=-7283 driveMode=225156/227014 iDrive=144271 scale=0 wheel=655000 ffS=0
2026-07-07T16:36:32.800+00:00 VCP run=1 step=0 angle=40430 target=40605 err=175 steer=0 m1=4306/225156 i1=139 t1=31 m2=-4320/-225156 i2=-160 t2=31 steerMode=0/70 iSteer=-10422 driveMode=225156/226826 iDrive=149904 scale=0 wheel=655000 ffS=0
2026-07-07T16:36:32.904+00:00 VCP run=1 step=0 angle=40430 target=40605 err=175 steer=0 m1=4323/225156 i1=131 t1=31 m2=-4320/-225156 i2=-159 t2=31 steerMode=0/141 iSteer=-13820 driveMode=225156/226981 iDrive=145245 scale=0 wheel=655000 ffS=0
2026-07-07T16:36:33.008+00:00 VCP run=1 step=0 angle=40518 target=40605 err=87 steer=0 m1=4308/225156 i1=135 t1=31 m2=-4309/-225156 i2=-153 t2=31 steerMode=0/39 iSteer=-8995 driveMode=225156/227019 iDrive=144126 scale=0 wheel=655000 ffS=0
2026-07-07T16:36:33.008+00:00 VCP run=1 step=0 angle=40342 target=40605 err=263 steer=0 m1=4306/225156 i1=136 t1=31 m2=-4290/-225156 i2=-154 t2=31 steerMode=0/36 iSteer=-9109 driveMode=225156/226996 iDrive=144807 scale=0 wheel=655000 ffS=0
2026-07-07T16:36:33.105+00:00 VCP SET_TARGET_FF_RX steerRate=40000 wheelAccel=0
2026-07-07T16:36:33.105+00:00 VCP SET_TARGET_RX steer=42998 wheel=655000
2026-07-07T16:36:33.289+00:00 VCP run=1 step=0 angle=43154 target=44602 err=1448 steer=9562 m1=4628/238304 i1=80 t1=31 m2=-3970/-212008 i2=-216 t2=31 steerMode=13148/14784 iSteer=-67830 driveMode=225156/226884 iDrive=148181 scale=0 wheel=655000 ffS=6667
2026-07-07T16:36:33.289+00:00 VCP run=1 step=0 angle=48428 target=48598 err=170 steer=6667 m1=4459/234323 i1=168 t1=31 m2=-4171/-215990 i2=-103 t2=31 steerMode=9167/8607 iSteer=32564 driveMode=225156/227301 iDrive=135669 scale=0 wheel=655000 ffS=6667
2026-07-07T16:36:33.392+00:00 VCP run=1 step=0 angle=52295 target=52599 err=304 steer=6667 m1=4494/234323 i1=141 t1=31 m2=-4121/-215990 i2=-157 t2=31 steerMode=9167/9455 iSteer=-7827 driveMode=225156/226862 iDrive=148816 scale=0 wheel=655000 ffS=6667
2026-07-07T16:36:33.496+00:00 VCP run=1 step=0 angle=56162 target=56598 err=436 steer=6667 m1=4501/234323 i1=116 t1=31 m2=-4108/-215990 i2=-172 t2=31 steerMode=9167/9863 iSteer=-28028 driveMode=225156/227012 iDrive=144340 scale=0 wheel=655000 ffS=6667
2026-07-07T16:36:33.591+00:00 VCP run=1 step=0 angle=60469 target=60598 err=129 steer=6667 m1=4482/234323 i1=126 t1=31 m2=-4140/-215990 i2=-166 t2=31 steerMode=9167/9699 iSteer=-20080 driveMode=225156/226959 iDrive=145920 scale=0 wheel=655000 ffS=6667
2026-07-07T16:36:33.591+00:00 VCP SET_TARGET_FF_RX steerRate=40000 wheelAccel=0
2026-07-07T16:36:33.591+00:00 VCP SET_TARGET_RX steer=62998 wheel=655000
2026-07-07T16:36:33.694+00:00 VCP run=1 step=0 angle=64863 target=64598 err=-265 steer=6667 m1=4505/234323 i1=155 t1=31 m2=-4144/-215990 i2=-127 t2=31 steerMode=9167/9023 iSteer=13687 driveMode=225156/227123 iDrive=140986 scale=0 wheel=655000 ffS=6667
2026-07-07T16:36:33.798+00:00 VCP run=1 step=0 angle=68730 target=68601 err=-129 steer=6667 m1=4492/234323 i1=136 t1=31 m2=-4125/-215990 i2=-147 t2=31 steerMode=9167/9401 iSteer=-5530 driveMode=225156/227112 iDrive=141333 scale=0 wheel=655000 ffS=6667
2026-07-07T16:36:33.901+00:00 VCP run=1 step=0 angle=73125 target=72598 err=-527 steer=5613 m1=4478/232874 i1=85 t1=31 m2=-4138/-217439 i2=-229 t2=31 steerMode=7717/9241 iSteer=-72012 driveMode=225156/226582 iDrive=157235 scale=0 wheel=655000 ffS=6667
2026-07-07T16:36:34.004+00:00 VCP run=1 step=0 angle=76201 target=76598 err=397 steer=6667 m1=4499/234323 i1=124 t1=31 m2=-4133/-215990 i2=-151 t2=31 steerMode=9167/9549 iSteer=-13299 driveMode=225156/227247 iDrive=137268 scale=0 wheel=655000 ffS=6667
2026-07-07T16:36:34.099+00:00 VCP run=1 step=0 angle=80332 target=80598 err=266 steer=6667 m1=4492/234323 i1=115 t1=31 m2=-4117/-215990 i2=-166 t2=31 steerMode=9167/9789 iSteer=-25562 driveMode=225156/227137 iDrive=140589 scale=0 wheel=655000 ffS=6667
2026-07-07T16:36:34.100+00:00 VCP SET_TARGET_FF_RX steerRate=40000 wheelAccel=0
2026-07-07T16:36:34.100+00:00 VCP SET_TARGET_RX steer=82999 wheel=655000
2026-07-07T16:36:34.203+00:00 VCP run=1 step=0 angle=84111 target=84598 err=487 steer=6667 m1=4482/234323 i1=168 t1=31 m2=-4156/-215990 i2=-118 t2=31 steerMode=9167/8760 iSteer=24990 driveMode=225156/227067 iDrive=142686 scale=0 wheel=655000 ffS=6667
2026-07-07T16:36:34.306+00:00 VCP run=1 step=0 angle=88066 target=88600 err=534 steer=7734 m1=4486/235790 i1=230 t1=31 m2=-4140/-214522 i2=-55 t2=31 steerMode=10634/8964 iSteer=87806 driveMode=225156/227067 iDrive=142682 scale=0 wheel=655000 ffS=6667
2026-07-07T16:36:34.490+00:00 VCP run=1 step=0 angle=92461 target=92598 err=137 steer=6667 m1=4484/234323 i1=136 t1=31 m2=-4117/-215990 i2=-180 t2=31 steerMode=9167/9672 iSteer=-22167 driveMode=225156/226561 iDrive=157854 scale=0 wheel=655000 ffS=6667
2026-07-07T16:36:34.490+00:00 VCP run=1 step=0 angle=96064 target=96600 err=536 steer=7738 m1=4492/235796 i1=226 t1=31 m2=-4144/-214517 i2=-60 t2=31 steerMode=10639/9037 iSteer=82987 driveMode=225156/227066 iDrive=142720 scale=0 wheel=655000 ffS=6667
2026-07-07T16:36:34.543+00:00 VCP run=1 step=0 angle=100635 target=100598 err=-37 steer=6667 m1=4467/234323 i1=158 t1=31 m2=-4129/-215990 i2=-200 t2=31 steerMode=9167/9608 iSteer=-20817 driveMode=225156/225860 iDrive=178874 scale=0 wheel=655000 ffS=6667
2026-07-07T16:36:34.543+00:00 VCP SET_TARGET_FF_RX steerRate=40000 wheelAccel=0
2026-07-07T16:36:34.689+00:00 VCP SET_TARGET_RX steer=103001 wheel=655000
2026-07-07T16:36:34.689+00:00 VCP run=1 step=0 angle=104678 target=104600 err=-78 steer=6667 m1=4463/234323 i1=148 t1=31 m2=-4106/-215990 i2=-224 t2=31 steerMode=9167/9962 iSteer=-37999 driveMode=225156/225636 iDrive=185622 scale=0 wheel=655000 ffS=6667
2026-07-07T16:36:34.792+00:00 VCP run=1 step=0 angle=108545 target=108598 err=53 steer=6667 m1=4471/234323 i1=150 t1=31 m2=-4112/-215990 i2=-194 t2=31 steerMode=9167/9628 iSteer=-22054 driveMode=225156/226079 iDrive=172305 scale=0 wheel=655000 ffS=6667
2026-07-07T16:36:34.895+00:00 VCP run=1 step=0 angle=113115 target=112598 err=-517 steer=5632 m1=4455/232901 i1=109 t1=31 m2=-4167/-217412 i2=-207 t2=31 steerMode=7744/8708 iSteer=-49270 driveMode=225156/226563 iDrive=157810 scale=0 wheel=655000 ffS=6667
2026-07-07T16:36:34.998+00:00 VCP run=1 step=0 angle=116367 target=116599 err=232 steer=6667 m1=4497/234323 i1=136 t1=31 m2=-4089/-215990 i2=-214 t2=31 steerMode=9167/9941 iSteer=-39084 driveMode=225156/225993 iDrive=174899 scale=0 wheel=655000 ffS=6667
2026-07-07T16:36:35.093+00:00 VCP run=1 step=0 angle=119971 target=120599 err=628 steer=7923 m1=4484/236051 i1=218 t1=31 m2=-4144/-214262 i2=-74 t2=31 steerMode=10895/9441 iSteer=71983 driveMode=225156/226960 iDrive=145899 scale=0 wheel=655000 ffS=6667
2026-07-07T16:36:35.093+00:00 VCP SET_TARGET_FF_RX steerRate=40000 wheelAccel=0
2026-07-07T16:36:35.093+00:00 VCP SET_TARGET_RX steer=122998 wheel=655000
2026-07-07T16:36:35.196+00:00 VCP run=1 step=0 angle=124541 target=124598 err=57 steer=6667 m1=4486/234323 i1=139 t1=31 m2=-4140/-215990 i2=-179 t2=31 steerMode=9167/9520 iSteer=-20231 driveMode=225156/226518 iDrive=159146 scale=0 wheel=655000 ffS=6667
2026-07-07T16:36:35.299+00:00 VCP run=1 step=0 angle=128408 target=128600 err=192 steer=6667 m1=4476/234323 i1=163 t1=31 m2=-4129/-215990 i2=-133 t2=31 steerMode=9167/8809 iSteer=15195 driveMode=225156/226880 iDrive=148294 scale=0 wheel=655000 ffS=6667
2026-07-07T16:36:35.402+00:00 VCP run=1 step=0 angle=132451 target=132598 err=147 steer=6667 m1=4490/234323 i1=157 t1=31 m2=-4089/-215990 i2=-196 t2=31 steerMode=9167/9500 iSteer=-19843 driveMode=225156/225935 iDrive=176625 scale=0 wheel=655000 ffS=6667
2026-07-07T16:36:35.505+00:00 VCP run=1 step=0 angle=136230 target=136598 err=368 steer=6667 m1=4476/234323 i1=157 t1=31 m2=-4117/-215990 i2=-169 t2=31 steerMode=9167/9238 iSteer=-6107 driveMode=225156/226391 iDrive=162967 scale=0 wheel=655000 ffS=6667
2026-07-07T16:36:35.601+00:00 VCP run=1 step=0 angle=140186 target=140598 err=412 steer=6667 m1=4499/234323 i1=159 t1=31 m2=-4146/-215990 i2=-148 t2=31 steerMode=9167/9003 iSteer=5305 driveMode=225156/226701 iDrive=153667 scale=0 wheel=655000 ffS=6667
2026-07-07T16:36:35.601+00:00 VCP SET_TARGET_FF_RX steerRate=40000 wheelAccel=0
2026-07-07T16:36:35.601+00:00 VCP SET_TARGET_RX steer=142998 wheel=655000
2026-07-07T16:36:35.704+00:00 VCP run=1 step=0 angle=144053 target=144601 err=548 steer=7763 m1=4484/235831 i1=210 t1=31 m2=-4106/-214482 i2=-127 t2=31 steerMode=10674/9812 iSteer=41550 driveMode=225156/226216 iDrive=168212 scale=0 wheel=655000 ffS=6667
2026-07-07T16:36:35.807+00:00 VCP run=1 step=0 angle=148447 target=148598 err=151 steer=6667 m1=4457/234323 i1=162 t1=31 m2=-4131/-215990 i2=-198 t2=31 steerMode=9167/9450 iSteer=-17846 driveMode=225156/225812 iDrive=180313 scale=0 wheel=655000 ffS=6667
2026-07-07T16:36:35.807+00:00 VCP run=1 step=0 angle=152402 target=152601 err=199 steer=6667 m1=4480/234323 i1=166 t1=31 m2=-4136/-215990 i2=-153 t2=31 steerMode=9167/8997 iSteer=6487 driveMode=225156/226503 iDrive=159591 scale=0 wheel=655000 ffS=6667
2026-07-07T16:36:35.991+00:00 VCP run=1 step=0 angle=156094 target=156599 err=505 steer=7677 m1=4486/235712 i1=231 t1=31 m2=-4131/-214600 i2=-94 t2=31 steerMode=10556/9161 iSteer=68476 driveMode=225156/226400 iDrive=162700 scale=0 wheel=655000 ffS=6667
2026-07-07T16:36:36.044+00:00 VCP run=1 step=0 angle=160225 target=160602 err=377 steer=6667 m1=4465/234323 i1=163 t1=31 m2=-4121/-215990 i2=-186 t2=31 steerMode=9167/9356 iSteer=-11507 driveMode=225156/225997 iDrive=174778 scale=0 wheel=655000 ffS=6667
2026-07-07T16:36:36.044+00:00 VCP SET_TARGET_FF_RX steerRate=40000 wheelAccel=0
2026-07-07T16:36:36.189+00:00 VCP SET_TARGET_RX steer=162999 wheel=655000
2026-07-07T16:36:36.189+00:00 VCP run=1 step=0 angle=164004 target=164598 err=594 steer=7855 m1=4486/235957 i1=243 t1=31 m2=-4142/-214356 i2=-83 t2=31 steerMode=10800/9193 iSteer=79894 driveMode=225156/226392 iDrive=162943 scale=0 wheel=655000 ffS=6667
2026-07-07T16:36:36.292+00:00 VCP run=1 step=0 angle=168398 target=168602 err=204 steer=6667 m1=4465/234323 i1=165 t1=31 m2=-4140/-215990 i2=-175 t2=31 steerMode=9167/9232 iSteer=-5161 driveMode=225156/226167 iDrive=169672 scale=0 wheel=655000 ffS=6667
2026-07-07T16:36:36.395+00:00 VCP run=1 step=0 angle=172178 target=172599 err=421 steer=6667 m1=4457/234323 i1=199 t1=31 m2=-4131/-215990 i2=-140 t2=31 steerMode=9167/8561 iSteer=29184 driveMode=225156/226169 iDrive=169605 scale=0 wheel=655000 ffS=6667
2026-07-07T16:36:36.498+00:00 VCP run=1 step=0 angle=175781 target=173200 err=-2581 steer=1504 m1=4352/227225 i1=-3 t1=31 m2=-4240/-223088 i2=-363 t2=31 steerMode=2068/5576 iSteer=-183155 driveMode=225156/225823 iDrive=179984 scale=0 wheel=655000 ffS=6667
2026-07-07T16:36:36.597+00:00 VCP run=1 step=0 angle=176309 target=173200 err=-3109 steer=-3575 m1=4308/220241 i1=-105 t1=31 m2=-4286/-230072 i2=-442 t2=31 steerMode=-4915/348 iSteer=-273348 driveMode=225156/226195 iDrive=168834 scale=0 wheel=655000 ffS=0
2026-07-07T16:36:36.598+00:00 VCP SET_TARGET_RX steer=173200 wheel=655000
2026-07-07T16:36:36.696+00:00 VCP run=1 step=0 angle=173672 target=173200 err=-472 steer=-520 m1=4193/224442 i1=502 t1=31 m2=-4412/-225871 i2=184 t2=31 steerMode=-714/-7881 iSteer=343210 driveMode=225156/226520 iDrive=159087 scale=0 wheel=655000 ffS=0
2026-07-07T16:36:36.697+00:00 VCP SET_TARGET_FF_RX steerRate=-40000 wheelAccel=0
2026-07-07T16:36:36.799+00:00 VCP run=1 step=0 angle=173672 target=171604 err=-2068 steer=-10802 m1=4214/210303 i1=-588 t1=31 m2=-4345/-240010 i2=-947 t2=31 steerMode=-14853/101 iSteer=-767414 driveMode=225156/225834 iDrive=179654 scale=0 wheel=655000 ffS=-6667
2026-07-07T16:36:36.902+00:00 VCP run=1 step=0 angle=167607 target=167602 err=-5 steer=-6667 m1=4093/215990 i1=384 t1=31 m2=-4483/-234323 i2=18 t2=31 steerMode=-9167/-13589 iSteer=200860 driveMode=225156/225722 iDrive=183019 scale=0 wheel=655000 ffS=-6667
2026-07-07T16:36:37.004+00:00 VCP run=1 step=0 angle=164619 target=163605 err=-1014 steer=-8695 m1=4141/213201 i1=-74 t1=31 m2=-4452/-237112 i2=-408 t2=31 steerMode=-11956/-7565 iSteer=-241198 driveMode=225156/226256 iDrive=167005 scale=0 wheel=655000 ffS=-6667
2026-07-07T16:36:37.103+00:00 VCP run=1 step=0 angle=160049 target=159600 err=-449 steer=-7140 m1=4130/215339 i1=138 t1=31 m2=-4472/-234974 i2=-194 t2=31 steerMode=-9818/-9688 iSteer=-28336 driveMode=225156/226294 iDrive=165856 scale=0 wheel=655000 ffS=-6667
2026-07-07T16:36:37.103+00:00 VCP SET_TARGET_RX steer=157200 wheel=655000
2026-07-07T16:36:37.201+00:00 VCP run=1 step=0 angle=156094 target=155604 err=-490 steer=-7222 m1=4118/215226 i1=124 t1=31 m2=-4472/-235086 i2=-213 t2=31 steerMode=-9930/-9489 iSteer=-44618 driveMode=225156/226213 iDrive=168312 scale=0 wheel=655000 ffS=-6667
2026-07-07T16:36:37.201+00:00 VCP SET_TARGET_FF_RX steerRate=-40000 wheelAccel=0
2026-07-07T16:36:37.304+00:00 VCP run=1 step=0 angle=151699 target=152200 err=501 steer=-6067 m1=4141/216815 i1=151 t1=31 m2=-4460/-233498 i2=-172 t2=31 steerMode=-8342/-8577 iSteer=-10356 driveMode=225156/226440 iDrive=161496 scale=0 wheel=655000 ffS=-6667
2026-07-07T16:36:37.488+00:00 VCP run=1 step=0 angle=149326 target=152200 err=2874 steer=-919 m1=4287/223893 i1=172 t1=32 m2=-4299/-226420 i2=-150 t2=31 steerMode=-1264/-1762 iSteer=11094 driveMode=225156/226445 iDrive=161326 scale=0 wheel=655000 ffS=-6667
2026-07-07T16:36:37.488+00:00 VCP run=1 step=0 angle=148711 target=152200 err=3489 steer=6978 m1=4386/234751 i1=575 t1=32 m2=-4213/-215561 i2=257 t2=31 steerMode=9595/1137 iSteer=415745 driveMode=225156/226520 iDrive=159096 scale=0 wheel=655000 ffS=0
2026-07-07T16:36:37.588+00:00 VCP run=1 step=0 angle=151963 target=152200 err=237 steer=0 m1=4329/225156 i1=-93 t1=32 m2=-4274/-225156 i2=-441 t2=31 steerMode=0/5043 iSteer=-267010 driveMode=225156/226032 iDrive=173734 scale=0 wheel=655000 ffS=0
2026-07-07T16:36:37.588+00:00 VCP SET_TARGET_RX steer=152200 wheel=655000
2026-07-07T16:36:37.691+00:00 VCP run=1 step=0 angle=151611 target=152200 err=589 steer=1177 m1=4312/226775 i1=258 t1=32 m2=-4303/-223537 i2=-54 t2=31 steerMode=1619/-700 iSteer=102243 driveMode=225156/226616 iDrive=156214 scale=0 wheel=655000 ffS=0
2026-07-07T16:36:37.795+00:00 VCP run=1 step=0 angle=151963 target=152200 err=237 steer=0 m1=4300/225156 i1=120 t1=32 m2=-4290/-225156 i2=-208 t2=31 steerMode=0/561 iSteer=-43889 driveMode=225156/226358 iDrive=163943 scale=0 wheel=655000 ffS=0
2026-07-07T16:36:37.899+00:00 VCP run=1 step=0 angle=152139 target=152200 err=61 steer=0 m1=4289/225156 i1=154 t1=32 m2=-4299/-225156 i2=-168 t2=31 steerMode=0/-174 iSteer=-6984 driveMode=225156/226471 iDrive=160546 scale=0 wheel=655000 ffS=0
2026-07-07T16:36:38.003+00:00 VCP run=1 step=0 angle=152051 target=152200 err=149 steer=0 m1=4289/225156 i1=162 t1=32 m2=-4313/-225156 i2=-159 t2=31 steerMode=0/-341 iSteer=1169 driveMode=225156/226468 iDrive=160640 scale=0 wheel=655000 ffS=0
2026-07-07T16:36:38.103+00:00 VCP run=1 step=0 angle=151963 target=152200 err=237 steer=0 m1=4310/225156 i1=139 t1=32 m2=-4303/-225156 i2=-188 t2=31 steerMode=0/169 iSteer=-24515 driveMode=225156/226383 iDrive=163202 scale=0 wheel=655000 ffS=0
2026-07-07T16:36:38.103+00:00 VCP SET_TARGET_RX steer=152200 wheel=655000
2026-07-07T16:36:38.289+00:00 VCP run=1 step=0 angle=152051 target=152200 err=149 steer=0 m1=4314/225156 i1=142 t1=32 m2=-4320/-225156 i2=-181 t2=31 steerMode=0/62 iSteer=-19410 driveMode=225156/226452 iDrive=161113 scale=0 wheel=655000 ffS=0
2026-07-07T16:36:38.289+00:00 VCP run=1 step=0 angle=151963 target=152200 err=237 steer=0 m1=4294/225156 i1=153 t1=32 m2=-4290/-225156 i2=-190 t2=31 steerMode=0/50 iSteer=-18155 driveMode=225156/226105 iDrive=171528 scale=0 wheel=655000 ffS=0
2026-07-07T16:36:38.393+00:00 VCP run=1 step=0 angle=151787 target=152200 err=413 steer=0 m1=4285/225156 i1=138 t1=32 m2=-4301/-225156 i2=-185 t2=31 steerMode=0/133 iSteer=-23321 driveMode=225156/226445 iDrive=161352 scale=0 wheel=655000 ffS=0
2026-07-07T16:36:38.497+00:00 VCP run=1 step=0 angle=151963 target=152200 err=237 steer=0 m1=4306/225156 i1=145 t1=32 m2=-4305/-225156 i2=-165 t2=31 steerMode=0/-136 iSteer=-9660 driveMode=225156/226659 iDrive=154905 scale=0 wheel=655000 ffS=0
2026-07-07T16:36:38.597+00:00 VCP run=1 step=0 angle=151699 target=152200 err=501 steer=1002 m1=4327/226533 i1=198 t1=32 m2=-4278/-223779 i2=-126 t2=31 steerMode=1377/341 iSteer=35811 driveMode=225156/226416 iDrive=162202 scale=0 wheel=655000 ffS=0
2026-07-07T16:36:38.597+00:00 VCP SET_TARGET_RX steer=152200 wheel=655000
2026-07-07T16:36:38.696+00:00 VCP run=1 step=0 angle=151875 target=152200 err=325 steer=0 m1=4289/225156 i1=137 t1=32 m2=-4303/-225156 i2=-202 t2=31 steerMode=0/302 iSteer=-32487 driveMode=225156/226175 iDrive=169426 scale=0 wheel=655000 ffS=0
2026-07-07T16:36:38.696+00:00 VCP SET_TARGET_FF_RX steerRate=40000 wheelAccel=0
2026-07-07T16:36:38.799+00:00 VCP run=1 step=0 angle=151963 target=153793 err=1830 steer=10327 m1=4384/239356 i1=809 t1=32 m2=-4234/-210957 i2=503 t2=31 steerMode=14200/886 iSteer=655774 driveMode=225156/226714 iDrive=153269 scale=0 wheel=655000 ffS=6667
2026-07-07T16:36:38.902+00:00 VCP run=1 step=0 angle=157939 target=157800 err=-139 steer=6667 m1=4494/234323 i1=-52 t1=32 m2=-4081/-215990 i2=-404 t2=31 steerMode=9167/13532 iSteer=-227898 driveMode=225156/225964 iDrive=175772 scale=0 wheel=655000 ffS=6667
2026-07-07T16:36:39.005+00:00 VCP run=1 step=0 angle=161191 target=161795 err=604 steer=7874 m1=4471/235983 i1=273 t1=32 m2=-4106/-214330 i2=-74 t2=31 steerMode=10827/8689 iSteer=99736 driveMode=225156/226036 iDrive=173615 scale=0 wheel=655000 ffS=6667
2026-07-07T16:36:39.104+00:00 VCP run=1 step=0 angle=165410 target=165800 err=390 steer=6667 m1=4471/234323 i1=139 t1=32 m2=-4123/-215990 i2=-188 t2=31 steerMode=9167/9516 iSteer=-24840 driveMode=225156/226374 iDrive=163455 scale=0 wheel=655000 ffS=6667
2026-07-07T16:36:39.105+00:00 VCP SET_TARGET_RX steer=168200 wheel=655000
2026-07-07T16:36:39.203+00:00 VCP run=1 step=0 angle=169189 target=169793 err=604 steer=7874 m1=4474/235983 i1=237 t1=32 m2=-4112/-214330 i2=-101 t2=31 steerMode=10826/9348 iSteer=68048 driveMode=225156/226177 iDrive=169387 scale=0 wheel=655000 ffS=6667
2026-07-07T16:36:39.204+00:00 VCP SET_TARGET_FF_RX steerRate=40000 wheelAccel=0
2026-07-07T16:36:39.387+00:00 VCP run=1 step=0 angle=173320 target=173800 err=480 steer=6667 m1=4451/234323 i1=179 t1=32 m2=-4121/-215990 i2=-155 t2=31 steerMode=9167/8801 iSteer=11588 driveMode=225156/226256 iDrive=166996 scale=0 wheel=655000 ffS=6667
2026-07-07T16:36:39.387+00:00 VCP run=1 step=0 angle=177627 target=177793 err=166 steer=6667 m1=4474/234323 i1=155 t1=32 m2=-4098/-215990 i2=-193 t2=31 steerMode=9167/9455 iSteer=-19028 driveMode=225156/226011 iDrive=174369 scale=0 wheel=655000 ffS=6667
2026-07-07T16:36:39.491+00:00 VCP run=1 step=0 angle=181758 target=181800 err=42 steer=6667 m1=4474/234323 i1=176 t1=32 m2=-4119/-215990 i2=-176 t2=31 steerMode=9167/9041 iSteer=207 driveMode=225156/225948 iDrive=176250 scale=0 wheel=655000 ffS=6667
2026-07-07T16:36:39.590+00:00 VCP run=1 step=0 angle=185361 target=185796 err=435 steer=6667 m1=4467/234323 i1=183 t1=32 m2=-4148/-215990 i2=-153 t2=31 steerMode=9167/8745 iSteer=15200 driveMode=225156/226221 iDrive=168055 scale=0 wheel=655000 ffS=6667
2026-07-07T16:36:39.590+00:00 VCP SET_TARGET_RX steer=185800 wheel=655000
2026-07-07T16:36:39.693+00:00 VCP run=1 step=0 angle=188262 target=185800 err=-2462 steer=1743 m1=4344/227553 i1=54 t1=32 m2=-4240/-222759 i2=-294 t2=31 steerMode=2397/4542 iSteer=-119938 driveMode=225156/226032 iDrive=173727 scale=0 wheel=655000 ffS=6667
2026-07-07T16:36:39.796+00:00 VCP run=1 step=0 angle=189053 target=185800 err=-3253 steer=-3439 m1=4289/220428 i1=-101 t1=32 m2=-4265/-229885 i2=-474 t2=31 steerMode=-4728/693 iSteer=-287087 driveMode=225156/225607 iDrive=186465 scale=0 wheel=655000 ffS=0
2026-07-07T16:36:39.899+00:00 VCP run=1 step=0 angle=186943 target=185800 err=-1143 steer=-2287 m1=4185/222012 i1=373 t1=32 m2=-4422/-228300 i2=45 t2=31 steerMode=-3144/-7755 iSteer=208962 driveMode=225156/226366 iDrive=163716 scale=0 wheel=655000 ffS=0
2026-07-07T16:36:40.002+00:00 VCP run=1 step=0 angle=186328 target=185800 err=-528 steer=-1056 m1=4304/223704 i1=27 t1=32 m2=-4276/-226609 i2=-354 t2=31 steerMode=-1452/1475 iSteer=-163631 driveMode=225156/225465 iDrive=190747 scale=0 wheel=655000 ffS=0
2026-07-07T16:36:40.101+00:00 VCP run=1 step=0 angle=186328 target=185800 err=-528 steer=-1056 m1=4277/223704 i1=137 t1=32 m2=-4313/-226609 i2=-216 t2=31 steerMode=-1452/-1024 iSteer=-39584 driveMode=225156/225950 iDrive=176203 scale=0 wheel=655000 ffS=0
2026-07-07T16:36:40.101+00:00 VCP SET_TARGET_RX steer=185800 wheel=655000
2026-07-07T16:36:40.287+00:00 VCP run=1 step=0 angle=185537 target=185800 err=263 steer=0 m1=4306/225156 i1=139 t1=32 m2=-4280/-225156 i2=-201 t2=31 steerMode=0/282 iSteer=-31300 driveMode=225156/226152 iDrive=170128 scale=0 wheel=655000 ffS=0
2026-07-07T16:36:40.287+00:00 VCP run=1 step=0 angle=185713 target=185800 err=87 steer=0 m1=4314/225156 i1=149 t1=32 m2=-4305/-225156 i2=-182 t2=31 steerMode=0/-34 iSteer=-16618 driveMode=225156/226305 iDrive=165545 scale=0 wheel=655000 ffS=0
2026-07-07T16:36:40.391+00:00 VCP run=1 step=0 angle=185889 target=185800 err=-89 steer=0 m1=4279/225156 i1=164 t1=32 m2=-4297/-225156 i2=-193 t2=31 steerMode=0/-76 iSteer=-14177 driveMode=225156/225868 iDrive=178646 scale=0 wheel=655000 ffS=0
2026-07-07T16:36:40.494+00:00 VCP run=1 step=0 angle=185625 target=185800 err=175 steer=0 m1=4312/225156 i1=128 t1=32 m2=-4299/-225156 i2=-206 t2=31 steerMode=0/424 iSteer=-39286 driveMode=225156/226251 iDrive=167147 scale=0 wheel=655000 ffS=0
2026-07-07T16:36:40.595+00:00 VCP run=1 step=0 angle=185625 target=185800 err=175 steer=0 m1=4294/225156 i1=149 t1=32 m2=-4299/-225156 i2=-185 t2=31 steerMode=0/-17 iSteer=-18034 driveMode=225156/226262 iDrive=166828 scale=0 wheel=655000 ffS=0
2026-07-07T16:36:40.595+00:00 VCP SET_TARGET_RX steer=185800 wheel=655000
2026-07-07T16:36:40.699+00:00 VCP run=1 step=0 angle=185625 target=185800 err=175 steer=0 m1=4300/225156 i1=147 t1=32 m2=-4307/-225156 i2=-169 t2=31 steerMode=0/-153 iSteer=-10790 driveMode=225156/226549 iDrive=158221 scale=0 wheel=655000 ffS=0
2026-07-07T16:36:40.802+00:00 VCP run=1 step=0 angle=185625 target=185800 err=175 steer=0 m1=4294/225156 i1=141 t1=32 m2=-4301/-225156 i2=-187 t2=31 steerMode=0/77 iSteer=-22765 driveMode=225156/226363 iDrive=163796 scale=0 wheel=655000 ffS=0
2026-07-07T16:36:40.988+00:00 VCP run=1 step=0 angle=185537 target=185800 err=263 steer=0 m1=4289/225156 i1=150 t1=32 m2=-4286/-225156 i2=-217 t2=31 steerMode=0/290 iSteer=-33348 driveMode=225156/225698 iDrive=183754 scale=0 wheel=655000 ffS=0
2026-07-07T16:36:40.988+00:00 VCP run=1 step=0 angle=185537 target=185800 err=263 steer=0 m1=4302/225156 i1=135 t1=32 m2=-4288/-225156 i2=-189 t2=31 steerMode=0/170 iSteer=-27429 driveMode=225156/226424 iDrive=161957 scale=0 wheel=655000 ffS=0
2026-07-07T16:36:41.088+00:00 VCP run=1 step=0 angle=185625 target=185800 err=175 steer=0 m1=4296/225156 i1=149 t1=32 m2=-4301/-225156 i2=-176 t2=31 steerMode=0/-128 iSteer=-13300 driveMode=225156/226413 iDrive=162304 scale=0 wheel=655000 ffS=0
2026-07-07T16:36:41.088+00:00 VCP SET_TARGET_RX steer=185800 wheel=655000
2026-07-07T16:36:41.192+00:00 VCP run=1 step=0 angle=185625 target=185800 err=175 steer=0 m1=4296/225156 i1=163 t1=32 m2=-4313/-225156 i2=-174 t2=31 steerMode=0/-276 iSteer=-5492 driveMode=225156/226221 iDrive=168047 scale=0 wheel=655000 ffS=0
2026-07-07T16:36:41.296+00:00 VCP run=1 step=0 angle=185625 target=185800 err=175 steer=0 m1=4312/225156 i1=95 t1=32 m2=-4284/-225156 i2=-270 t2=31 steerMode=0/1359 iSteer=-87374 driveMode=225156/225746 iDrive=182318 scale=0 wheel=655000 ffS=0
2026-07-07T16:36:41.400+00:00 VCP run=1 step=0 angle=186064 target=185800 err=-264 steer=0 m1=4273/225156 i1=176 t1=32 m2=-4301/-225156 i2=-157 t2=31 steerMode=0/-586 iSteer=9373 driveMode=225156/226278 iDrive=166335 scale=0 wheel=655000 ffS=0
2026-07-07T16:36:41.504+00:00 VCP run=1 step=0 angle=185537 target=185800 err=263 steer=0 m1=4304/225156 i1=147 t1=32 m2=-4297/-225156 i2=-177 t2=31 steerMode=0/-97 iSteer=-15078 driveMode=225156/226430 iDrive=161775 scale=0 wheel=655000 ffS=0
2026-07-07T16:36:41.504+00:00 VCP run=1 step=0 angle=185537 target=185800 err=263 steer=0 m1=4294/225156 i1=136 t1=32 m2=-4278/-225156 i2=-197 t2=31 steerMode=0/200 iSteer=-30640 driveMode=225156/226266 iDrive=166700 scale=0 wheel=655000 ffS=0
2026-07-07T16:36:41.686+00:00 VCP SET_TARGET_RX steer=185800 wheel=655000
2026-07-07T16:36:41.686+00:00 VCP run=1 step=0 angle=185537 target=185800 err=263 steer=0 m1=4302/225156 i1=145 t1=32 m2=-4309/-225156 i2=-185 t2=31 steerMode=0/-13 iSteer=-19989 driveMode=225156/226323 iDrive=165013 scale=0 wheel=655000 ffS=0
2026-07-07T16:36:41.790+00:00 VCP run=1 step=0 angle=185449 target=185800 err=351 steer=0 m1=4308/225156 i1=126 t1=32 m2=-4290/-225156 i2=-211 t2=31 steerMode=0/441 iSteer=-42619 driveMode=225156/226202 iDrive=168623 scale=0 wheel=655000 ffS=0
2026-07-07T16:36:41.893+00:00 VCP run=1 step=0 angle=185361 target=185800 err=439 steer=0 m1=4296/225156 i1=151 t1=32 m2=-4297/-225156 i2=-182 t2=31 steerMode=0/-122 iSteer=-15479 driveMode=225156/226265 iDrive=166743 scale=0 wheel=655000 ffS=0
2026-07-07T16:36:41.997+00:00 VCP run=1 step=0 angle=185361 target=185800 err=439 steer=0 m1=4300/225156 i1=149 t1=32 m2=-4299/-225156 i2=-185 t2=31 steerMode=0/-68 iSteer=-18174 driveMode=225156/226248 iDrive=167238 scale=0 wheel=655000 ffS=0
2026-07-07T16:36:42.098+00:00 VCP run=1 step=0 angle=185449 target=185800 err=351 steer=0 m1=4321/225156 i1=82 t1=32 m2=-4272/-225156 i2=-254 t2=31 steerMode=0/1308 iSteer=-85907 driveMode=225156/226210 iDrive=168399 scale=0 wheel=655000 ffS=0
2026-07-07T16:36:42.098+00:00 VCP SET_TARGET_RX steer=185800 wheel=655000
2026-07-07T16:36:42.202+00:00 VCP run=1 step=0 angle=185889 target=185800 err=-89 steer=0 m1=4287/225156 i1=169 t1=32 m2=-4307/-225156 i2=-164 t2=31 steerMode=0/-482 iSteer=2591 driveMode=225156/226281 iDrive=166259 scale=0 wheel=655000 ffS=0
2026-07-07T16:36:42.387+00:00 VCP run=1 step=0 angle=185537 target=185800 err=263 steer=0 m1=4298/225156 i1=151 t1=32 m2=-4278/-225156 i2=-179 t2=31 steerMode=0/-135 iSteer=-14076 driveMode=225156/226321 iDrive=165055 scale=0 wheel=655000 ffS=0
2026-07-07T16:36:42.387+00:00 VCP run=1 step=0 angle=185449 target=185800 err=351 steer=0 m1=4312/225156 i1=131 t1=32 m2=-4288/-225156 i2=-216 t2=31 steerMode=0/403 iSteer=-42413 driveMode=225156/226037 iDrive=173574 scale=0 wheel=655000 ffS=0
2026-07-07T16:36:42.491+00:00 VCP run=1 step=0 angle=185537 target=185800 err=263 steer=0 m1=4302/225156 i1=152 t1=32 m2=-4315/-225156 i2=-174 t2=31 steerMode=0/-217 iSteer=-11059 driveMode=225156/226394 iDrive=162874 scale=0 wheel=655000 ffS=0
2026-07-07T16:36:42.591+00:00 VCP run=1 step=0 angle=185449 target=185800 err=351 steer=0 m1=4306/225156 i1=131 t1=32 m2=-4276/-225156 i2=-207 t2=31 steerMode=0/326 iSteer=-38103 driveMode=225156/226199 iDrive=168706 scale=0 wheel=655000 ffS=0
2026-07-07T16:36:42.591+00:00 VCP SET_TARGET_RX steer=185800 wheel=655000
2026-07-07T16:36:42.695+00:00 VCP run=1 step=0 angle=185361 target=185800 err=439 steer=0 m1=4304/225156 i1=134 t1=32 m2=-4259/-225156 i2=-198 t2=31 steerMode=0/211 iSteer=-32110 driveMode=225156/226292 iDrive=165936 scale=0 wheel=655000 ffS=0
2026-07-07T16:36:42.799+00:00 VCP run=1 step=0 angle=185361 target=185800 err=439 steer=0 m1=4298/225156 i1=146 t1=32 m2=-4301/-225156 i2=-176 t2=31 steerMode=0/-150 iSteer=-14974 driveMode=225156/226464 iDrive=160775 scale=0 wheel=655000 ffS=0
2026-07-07T16:36:42.903+00:00 VCP run=1 step=0 angle=185361 target=185800 err=439 steer=0 m1=4327/225156 i1=124 t1=32 m2=-4292/-225156 i2=-219 t2=31 steerMode=0/497 iSteer=-47376 driveMode=225156/226098 iDrive=171758 scale=0 wheel=655000 ffS=0
2026-07-07T16:36:43.025+00:00 VCP run=1 step=0 angle=185361 target=185800 err=439 steer=0 m1=4300/225156 i1=148 t1=32 m2=-4301/-225156 i2=-189 t2=31 steerMode=0/-36 iSteer=-20448 driveMode=225156/226198 iDrive=168758 scale=0 wheel=655000 ffS=0
2026-07-07T16:36:43.025+00:00 VCP run=1 step=0 angle=185273 target=185800 err=527 steer=1053 m1=4314/226604 i1=180 t1=32 m2=-4263/-223708 i2=-149 t2=31 steerMode=1448/717 iSteer=15535 driveMode=225156/226330 iDrive=164788 scale=0 wheel=655000 ffS=0
2026-07-07T16:36:43.102+00:00 VCP SET_TARGET_FF_RX steerRate=-30000 wheelAccel=0
2026-07-07T16:36:43.102+00:00 VCP SET_TARGET_RX steer=184598 wheel=655000
2026-07-07T16:36:43.285+00:00 VCP run=1 step=0 angle=185361 target=183399 err=-1962 steer=-8925 m1=4088/212885 i1=-134 t1=32 m2=-4518/-237428 i2=-461 t2=31 steerMode=-12271/-7040 iSteer=-297357 driveMode=225156/226374 iDrive=163457 scale=0 wheel=655000 ffS=-5000
2026-07-07T16:36:43.286+00:00 VCP run=1 step=0 angle=180352 target=180395 err=43 steer=-5000 m1=4172/218281 i1=209 t1=32 m2=-4424/-232031 i2=-157 t2=31 steerMode=-6875/-7952 iSteer=25974 driveMode=225156/225739 iDrive=182531 scale=0 wheel=655000 ffS=-5000
2026-07-07T16:36:43.388+00:00 VCP run=1 step=0 angle=177891 target=177393 err=-498 steer=-5571 m1=4178/217496 i1=55 t1=32 m2=-4418/-232816 i2=-293 t2=31 steerMode=-7660/-5876 iSteer=-118846 driveMode=225156/226016 iDrive=174208 scale=0 wheel=655000 ffS=-5000
2026-07-07T16:36:43.490+00:00 VCP run=1 step=0 angle=174727 target=174394 err=-333 steer=-5000 m1=4181/218281 i1=108 t1=32 m2=-4435/-232031 i2=-222 t2=31 steerMode=-6875/-6333 iSteer=-56828 driveMode=225156/226327 iDrive=164884 scale=0 wheel=655000 ffS=-5000
2026-07-07T16:36:43.590+00:00 VCP run=1 step=0 angle=171387 target=171396 err=9 steer=-5000 m1=4170/218281 i1=143 t1=32 m2=-4452/-232031 i2=-159 t2=31 steerMode=-6875/-7310 iSteer=-8211 driveMode=225156/226792 iDrive=150919 scale=0 wheel=655000 ffS=-5000
2026-07-07T16:36:43.590+00:00 VCP SET_TARGET_RX steer=170200 wheel=655000
2026-07-07T16:36:43.692+00:00 VCP run=1 step=0 angle=168486 target=170200 err=1714 steer=-1573 m1=4233/222994 i1=291 t1=32 m2=-4376/-227319 i2=-30 t2=31 steerMode=-2162/-5312 iSteer=130506 driveMode=225156/226462 iDrive=160832 scale=0 wheel=655000 ffS=-5000
2026-07-07T16:36:43.795+00:00 VCP run=1 step=0 angle=167959 target=170200 err=2241 steer=-518 m1=4281/224444 i1=141 t1=32 m2=-4301/-225868 i2=-221 t2=31 steerMode=-712/-411 iSteer=-39976 driveMode=225156/225800 iDrive=180690 scale=0 wheel=655000 ffS=-5000
2026-07-07T16:36:43.898+00:00 VCP run=1 step=0 angle=168926 target=170200 err=1274 steer=2548 m1=4421/228660 i1=15 t1=32 m2=-4171/-221652 i2=-308 t2=31 steerMode=3504/6137 iSteer=-146715 driveMode=225156/226434 iDrive=161667 scale=0 wheel=655000 ffS=0
2026-07-07T16:36:44.002+00:00 VCP run=1 step=0 angle=169893 target=170200 err=307 steer=0 m1=4281/225156 i1=167 t1=32 m2=-4341/-225156 i2=-142 t2=31 steerMode=0/-692 iSteer=12494 driveMode=225156/226657 iDrive=154988 scale=0 wheel=655000 ffS=0
2026-07-07T16:36:44.103+00:00 VCP run=1 step=0 angle=169805 target=170200 err=395 steer=0 m1=4296/225156 i1=163 t1=32 m2=-4301/-225156 i2=-194 t2=31 steerMode=0/-107 iSteer=-15216 driveMode=225156/225877 iDrive=178376 scale=0 wheel=655000 ffS=0
2026-07-07T16:36:44.103+00:00 VCP SET_TARGET_RX steer=170200 wheel=655000
2026-07-07T16:36:44.288+00:00 VCP run=1 step=0 angle=169980 target=170200 err=220 steer=0 m1=4323/225156 i1=61 t1=32 m2=-4263/-225156 i2=-302 t2=31 steerMode=0/2020 iSteer=-120677 driveMode=225156/225769 iDrive=181625 scale=0 wheel=655000 ffS=0
2026-07-07T16:36:44.288+00:00 VCP run=1 step=0 angle=170068 target=170200 err=132 steer=0 m1=4300/225156 i1=156 t1=32 m2=-4301/-225156 i2=-166 t2=31 steerMode=0/-314 iSteer=-4859 driveMode=225156/226457 iDrive=160980 scale=0 wheel=655000 ffS=0
2026-07-07T16:36:44.392+00:00 VCP run=1 step=0 angle=170244 target=170200 err=-44 steer=0 m1=4291/225156 i1=161 t1=32 m2=-4292/-225156 i2=-175 t2=31 steerMode=0/-271 iSteer=-6875 driveMode=225156/226229 iDrive=167805 scale=0 wheel=655000 ffS=0
2026-07-07T16:36:44.496+00:00 VCP run=1 step=0 angle=170068 target=170200 err=132 steer=0 m1=4321/225156 i1=101 t1=32 m2=-4276/-225156 i2=-228 t2=31 steerMode=0/876 iSteer=-63402 driveMode=225156/226337 iDrive=164584 scale=0 wheel=655000 ffS=0
2026-07-07T16:36:44.596+00:00 VCP run=1 step=0 angle=169980 target=170200 err=220 steer=0 m1=4300/225156 i1=162 t1=32 m2=-4303/-225156 i2=-181 t2=31 steerMode=0/-206 iSteer=-9738 driveMode=225156/226107 iDrive=171484 scale=0 wheel=655000 ffS=0
2026-07-07T16:36:44.596+00:00 VCP SET_TARGET_RX steer=170200 wheel=655000
2026-07-07T16:36:44.696+00:00 VCP run=1 step=0 angle=169805 target=170200 err=395 steer=0 m1=4304/225156 i1=143 t1=32 m2=-4290/-225156 i2=-184 t2=31 steerMode=0/19 iSteer=-20464 driveMode=225156/226387 iDrive=163090 scale=0 wheel=655000 ffS=0
2026-07-07T16:36:44.696+00:00 VCP SET_TARGET_FF_RX steerRate=-30000 wheelAccel=0
2026-07-07T16:36:44.798+00:00 VCP run=1 step=0 angle=168574 target=167798 err=-776 steer=-6552 m1=4105/216147 i1=32 t1=32 m2=-4495/-234166 i2=-285 t2=31 steerMode=-9010/-7086 iSteer=-126839 driveMode=225156/226544 iDrive=158360 scale=0 wheel=655000 ffS=-5000
2026-07-07T16:36:44.901+00:00 VCP run=1 step=0 angle=164619 target=164794 err=175 steer=-5000 m1=4176/218281 i1=182 t1=32 m2=-4420/-232031 i2=-170 t2=31 steerMode=-6875/-7507 iSteer=5878 driveMode=225156/225954 iDrive=176073 scale=0 wheel=655000 ffS=-5000
2026-07-07T16:36:45.004+00:00 VCP run=1 step=0 angle=162334 target=161798 err=-536 steer=-6072 m1=4168/216807 i1=23 t1=32 m2=-4414/-233505 i2=-275 t2=31 steerMode=-8349/-6382 iSteer=-126189 driveMode=225156/226853 iDrive=149089 scale=0 wheel=655000 ffS=-5000
2026-07-07T16:36:45.103+00:00 VCP run=1 step=0 angle=158906 target=158797 err=-109 steer=-5000 m1=4166/218281 i1=132 t1=32 m2=-4418/-232031 i2=-192 t2=31 steerMode=-6875/-6832 iSteer=-29893 driveMode=225156/226432 iDrive=161737 scale=0 wheel=655000 ffS=-5000
2026-07-07T16:36:45.103+00:00 VCP SET_TARGET_RX steer=156998 wheel=655000
2026-07-07T16:36:45.201+00:00 VCP run=1 step=0 angle=156094 target=155798 err=-296 steer=-5000 m1=4174/218281 i1=138 t1=32 m2=-4408/-232031 i2=-201 t2=31 steerMode=-6875/-6799 iSteer=-31336 driveMode=225156/226162 iDrive=169817 scale=0 wheel=655000 ffS=-5000
2026-07-07T16:36:45.201+00:00 VCP SET_TARGET_FF_RX steerRate=-30000 wheelAccel=0
2026-07-07T16:36:45.304+00:00 VCP run=1 step=0 angle=153281 target=152799 err=-482 steer=-5000 m1=4168/218281 i1=132 t1=32 m2=-4441/-232031 i2=-203 t2=31 steerMode=-6875/-6758 iSteer=-35106 driveMode=225156/226240 iDrive=167490 scale=0 wheel=655000 ffS=-5000
2026-07-07T16:36:45.487+00:00 VCP run=1 step=0 angle=150205 target=149798 err=-407 steer=-5000 m1=4181/218281 i1=106 t1=32 m2=-4435/-232031 i2=-204 t2=31 steerMode=-6875/-6479 iSteer=-49041 driveMode=225156/226655 iDrive=155033 scale=0 wheel=655000 ffS=-5000
2026-07-07T16:36:45.487+00:00 VCP run=1 step=0 angle=146953 target=146799 err=-154 steer=-5000 m1=4187/218281 i1=109 t1=32 m2=-4420/-232031 i2=-228 t2=31 steerMode=-6875/-6267 iSteer=-59252 driveMode=225156/226207 iDrive=168473 scale=0 wheel=655000 ffS=-5000
2026-07-07T16:36:45.586+00:00 VCP run=1 step=0 angle=144316 target=145900 err=1584 steer=-1833 m1=4241/222636 i1=230 t1=32 m2=-4347/-227676 i2=-104 t2=31 steerMode=-2520/-4299 iSteer=62948 driveMode=225156/226248 iDrive=167249 scale=0 wheel=655000 ffS=-5000
2026-07-07T16:36:45.586+00:00 VCP SET_TARGET_RX steer=145900 wheel=655000
2026-07-07T16:36:45.689+00:00 VCP run=1 step=0 angle=143262 target=145900 err=2638 steer=277 m1=4319/225537 i1=166 t1=32 m2=-4303/-224776 i2=-138 t2=31 steerMode=380/-362 iSteer=13829 driveMode=225156/226760 iDrive=151891 scale=0 wheel=655000 ffS=-5000
2026-07-07T16:36:45.792+00:00 VCP run=1 step=0 angle=144844 target=145900 err=1056 steer=2113 m1=4419/228061 i1=-16 t1=32 m2=-4207/-222252 i2=-349 t2=31 steerMode=2905/6228 iSteer=-182531 driveMode=225156/226274 iDrive=166460 scale=0 wheel=655000 ffS=0
2026-07-07T16:36:45.896+00:00 VCP run=1 step=0 angle=145459 target=145900 err=441 steer=0 m1=4283/225156 i1=166 t1=32 m2=-4307/-225156 i2=-149 t2=31 steerMode=0/-600 iSteer=8606 driveMode=225156/226586 iDrive=157116 scale=0 wheel=655000 ffS=0
2026-07-07T16:36:46.000+00:00 VCP run=1 step=0 angle=145283 target=145900 err=617 steer=1234 m1=4329/226852 i1=187 t1=32 m2=-4263/-223460 i2=-143 t2=31 steerMode=1696/881 iSteer=21884 driveMode=225156/226331 iDrive=164761 scale=0 wheel=655000 ffS=0
2026-07-07T16:36:46.100+00:00 VCP run=1 step=0 angle=145547 target=145900 err=353 steer=0 m1=4302/225156 i1=143 t1=32 m2=-4315/-225156 i2=-166 t2=31 steerMode=0/-199 iSteer=-11307 driveMode=225156/226675 iDrive=154431 scale=0 wheel=655000 ffS=0
2026-07-07T16:36:46.100+00:00 VCP SET_TARGET_RX steer=145900 wheel=655000
2026-07-07T16:36:46.285+00:00 VCP run=1 step=0 angle=145635 target=145900 err=265 steer=0 m1=4300/225156 i1=152 t1=32 m2=-4313/-225156 i2=-166 t2=31 steerMode=0/-285 iSteer=-6780 driveMode=225156/226525 iDrive=158927 scale=0 wheel=655000 ffS=0
2026-07-07T16:36:46.286+00:00 VCP run=1 step=0 angle=145635 target=145900 err=265 steer=0 m1=4296/225156 i1=132 t1=32 m2=-4288/-225156 i2=-207 t2=31 steerMode=0/339 iSteer=-37812 driveMode=225156/226172 iDrive=169529 scale=0 wheel=655000 ffS=0
2026-07-07T16:36:46.389+00:00 VCP run=1 step=0 angle=145723 target=145900 err=177 steer=0 m1=4302/225156 i1=135 t1=32 m2=-4313/-225156 i2=-185 t2=31 steerMode=0/67 iSteer=-24828 driveMode=225156/226485 iDrive=160148 scale=0 wheel=655000 ffS=0
2026-07-07T16:36:46.493+00:00 VCP run=1 step=0 angle=145547 target=145900 err=353 steer=0 m1=4314/225156 i1=139 t1=32 m2=-4307/-225156 i2=-157 t2=31 steerMode=0/-243 iSteer=-9293 driveMode=225156/226886 iDrive=148107 scale=0 wheel=655000 ffS=0
2026-07-07T16:36:46.594+00:00 VCP run=1 step=0 angle=145459 target=145900 err=441 steer=0 m1=4312/225156 i1=130 t1=32 m2=-4311/-225156 i2=-180 t2=31 steerMode=0/61 iSteer=-24792 driveMode=225156/226650 iDrive=155175 scale=0 wheel=655000 ffS=0
2026-07-07T16:36:46.594+00:00 VCP SET_TARGET_RX steer=145900 wheel=655000
2026-07-07T16:36:46.698+00:00 VCP run=1 step=0 angle=145547 target=145900 err=353 steer=0 m1=4306/225156 i1=123 t1=33 m2=-4299/-225156 i2=-215 t2=31 steerMode=0/482 iSteer=-46051 driveMode=225156/226180 iDrive=169300 scale=0 wheel=655000 ffS=0
2026-07-07T16:36:46.801+00:00 VCP run=1 step=0 angle=145371 target=145900 err=529 steer=1058 m1=4333/226611 i1=180 t1=33 m2=-4278/-223702 i2=-128 t2=31 steerMode=1455/530 iSteer=26002 driveMode=225156/226698 iDrive=153745 scale=0 wheel=655000 ffS=0
2026-07-07T16:36:46.987+00:00 VCP run=1 step=0 angle=145811 target=145900 err=89 steer=0 m1=4294/225156 i1=137 t1=33 m2=-4303/-225156 i2=-174 t2=31 steerMode=0/-66 iSteer=-18571 driveMode=225156/226634 iDrive=155683 scale=0 wheel=655000 ffS=0
2026-07-07T16:36:46.987+00:00 VCP run=1 step=0 angle=145811 target=145900 err=89 steer=0 m1=4300/225156 i1=143 t1=33 m2=-4301/-225156 i2=-170 t2=31 steerMode=0/-147 iSteer=-13732 driveMode=225156/226604 iDrive=156555 scale=0 wheel=655000 ffS=0
2026-07-07T16:36:47.087+00:00 VCP run=1 step=0 angle=145635 target=145900 err=265 steer=0 m1=4302/225156 i1=128 t1=33 m2=-4272/-225156 i2=-222 t2=31 steerMode=0/505 iSteer=-46976 driveMode=225156/226002 iDrive=174634 scale=0 wheel=655000 ffS=0
2026-07-07T16:36:47.087+00:00 VCP SET_TARGET_RX steer=145900 wheel=655000
2026-07-07T16:36:47.191+00:00 VCP run=1 step=0 angle=145459 target=145900 err=441 steer=0 m1=4308/225156 i1=129 t1=33 m2=-4288/-225156 i2=-183 t2=31 steerMode=0/107 iSteer=-26984 driveMode=225156/226638 iDrive=155559 scale=0 wheel=655000 ffS=0
2026-07-07T16:36:47.295+00:00 VCP run=1 step=0 angle=145635 target=145900 err=265 steer=0 m1=4279/225156 i1=151 t1=33 m2=-4315/-225156 i2=-156 t2=31 steerMode=0/-378 iSteer=-2801 driveMode=225156/226701 iDrive=153672 scale=0 wheel=655000 ffS=0
2026-07-07T16:36:47.399+00:00 VCP run=1 step=0 angle=145547 target=145900 err=353 steer=0 m1=4314/225156 i1=122 t1=33 m2=-4301/-225156 i2=-201 t2=31 steerMode=0/349 iSteer=-39438 driveMode=225156/226433 iDrive=161703 scale=0 wheel=655000 ffS=0
2026-07-07T16:36:47.503+00:00 VCP run=1 step=0 angle=145547 target=145900 err=353 steer=0 m1=4323/225156 i1=127 t1=33 m2=-4322/-225156 i2=-185 t2=31 steerMode=0/129 iSteer=-29265 driveMode=225156/226620 iDrive=156095 scale=0 wheel=655000 ffS=0
2026-07-07T16:36:47.603+00:00 VCP run=1 step=0 angle=145371 target=145900 err=529 steer=1058 m1=4317/226611 i1=184 t1=33 m2=-4292/-223702 i2=-140 t2=31 steerMode=1455/584 iSteer=22341 driveMode=225156/226421 iDrive=162058 scale=0 wheel=655000 ffS=0
2026-07-07T16:36:47.603+00:00 VCP SET_TARGET_RX steer=145900 wheel=655000
2026-07-07T16:36:47.766+00:00 VCP run=1 step=0 angle=145547 target=145900 err=353 steer=0 m1=4312/225156 i1=134 t1=33 m2=-4328/-225156 i2=-165 t2=31 steerMode=0/-154 iSteer=-15284 driveMode=225156/226839 iDrive=149527 scale=0 wheel=655000 ffS=0
2026-07-07T16:36:47.766+00:00 VCP run=1 step=0 angle=145723 target=145900 err=177 steer=0 m1=4314/225156 i1=148 t1=33 m2=-4303/-225156 i2=-171 t2=31 steerMode=0/-222 iSteer=-11542 driveMode=225156/226507 iDrive=159489 scale=0 wheel=655000 ffS=0
2026-07-07T16:36:47.886+00:00 VCP SET_TARGET_FF_RX steerRate=-15000 wheelAccel=0
2026-07-07T16:36:47.887+00:00 VCP run=1 step=0 angle=145459 target=145302 err=-157 steer=-2500 m1=4281/221719 i1=-25 t1=33 m2=-4305/-228594 i2=-346 t2=31 steerMode=-3438/-224 iSteer=-185465 driveMode=225156/226468 iDrive=160651 scale=0 wheel=655000 ffS=-2500
2026-07-07T16:36:47.989+00:00 VCP run=1 step=0 angle=144229 target=143801 err=-428 steer=-2500 m1=4220/221719 i1=203 t1=33 m2=-4389/-228594 i2=-113 t2=31 steerMode=-3438/-4877 iSteer=44924 driveMode=225156/226561 iDrive=157871 scale=0 wheel=655000 ffS=-2500
2026-07-07T16:36:48.088+00:00 VCP run=1 step=0 angle=142646 target=142302 err=-344 steer=-2500 m1=4233/221719 i1=118 t1=33 m2=-4362/-228594 i2=-198 t2=32 steerMode=-3438/-3174 iSteer=-39630 driveMode=225156/226552 iDrive=158120 scale=0 wheel=655000 ffS=-2500
2026-07-07T16:36:48.088+00:00 VCP SET_TARGET_RX steer=141403 wheel=655000
2026-07-07T16:36:48.191+00:00 VCP run=1 step=0 angle=141152 target=140803 err=-349 steer=-2500 m1=4231/221719 i1=127 t1=33 m2=-4362/-228594 i2=-206 t2=32 steerMode=-3438/-3192 iSteer=-39885 driveMode=225156/226272 iDrive=166514 scale=0 wheel=655000 ffS=-2500
2026-07-07T16:36:48.289+00:00 VCP run=1 step=0 angle=139746 target=139302 err=-444 steer=-2500 m1=4222/221719 i1=126 t1=33 m2=-4370/-228594 i2=-192 t2=32 steerMode=-3438/-3337 iSteer=-32963 driveMode=225156/226537 iDrive=158577 scale=0 wheel=655000 ffS=-2500
2026-07-07T16:36:48.289+00:00 VCP SET_TARGET_FF_RX steerRate=-15000 wheelAccel=0
2026-07-07T16:36:48.392+00:00 VCP run=1 step=0 angle=138252 target=137802 err=-450 steer=-2500 m1=4243/221719 i1=139 t1=33 m2=-4362/-228594 i2=-183 t2=32 steerMode=-3438/-3565 iSteer=-22035 driveMode=225156/226452 iDrive=161132 scale=0 wheel=655000 ffS=-2500
2026-07-07T16:36:48.494+00:00 VCP run=1 step=0 angle=136758 target=136300 err=-458 steer=-2500 m1=4239/221719 i1=124 t1=33 m2=-4366/-228594 i2=-202 t2=32 steerMode=-3438/-3235 iSteer=-39350 driveMode=225156/226390 iDrive=162977 scale=0 wheel=655000 ffS=-2500
2026-07-07T16:36:48.593+00:00 VCP run=1 step=0 angle=135000 target=134803 err=-197 steer=-2500 m1=4248/221719 i1=128 t1=33 m2=-4380/-228594 i2=-183 t2=32 steerMode=-3438/-3485 iSteer=-27836 driveMode=225156/226636 iDrive=155598 scale=0 wheel=655000 ffS=-2500
2026-07-07T16:36:48.594+00:00 VCP SET_TARGET_RX steer=133902 wheel=655000
2026-07-07T16:36:48.696+00:00 VCP run=1 step=0 angle=133594 target=133302 err=-292 steer=-2500 m1=4229/221719 i1=128 t1=33 m2=-4366/-228594 i2=-202 t2=32 steerMode=-3438/-3303 iSteer=-37244 driveMode=225156/226325 iDrive=164925 scale=0 wheel=655000 ffS=-2500
2026-07-07T16:36:48.799+00:00 VCP run=1 step=0 angle=131836 target=132000 err=164 steer=-2500 m1=4245/221719 i1=120 t1=33 m2=-4368/-228594 i2=-187 t2=32 steerMode=-3438/-3379 iSteer=-33498 driveMode=225156/226700 iDrive=153680 scale=0 wheel=655000 ffS=-2500
2026-07-07T16:36:48.902+00:00 VCP run=1 step=0 angle=130605 target=132000 err=1395 steer=289 m1=4291/225554 i1=196 t1=33 m2=-4292/-224759 i2=-134 t2=32 steerMode=397/-743 iSteer=30894 driveMode=225156/226327 iDrive=164892 scale=0 wheel=655000 ffS=-2500
2026-07-07T16:36:49.065+00:00 VCP run=1 step=0 angle=130781 target=132000 err=1219 steer=2438 m1=4335/228508 i1=266 t1=33 m2=-4261/-221805 i2=-61 t2=32 steerMode=3352/823 iSteer=102146 driveMode=225156/226377 iDrive=163366 scale=0 wheel=655000 ffS=0
2026-07-07T16:36:49.065+00:00 VCP run=1 step=0 angle=131836 target=132000 err=164 steer=0 m1=4314/225156 i1=51 t1=33 m2=-4309/-225156 i2=-265 t2=32 steerMode=0/1593 iSteer=-106996 driveMode=225156/226572 iDrive=157540 scale=0 wheel=655000 ffS=0
2026-07-07T16:36:49.187+00:00 VCP SET_TARGET_RX steer=132000 wheel=655000
2026-07-07T16:36:49.187+00:00 VCP run=1 step=0 angle=131572 target=132000 err=428 steer=0 m1=4300/225156 i1=142 t1=33 m2=-4286/-225156 i2=-186 t2=32 steerMode=0/-95 iSteer=-21778 driveMode=225156/226361 iDrive=163852 scale=0 wheel=655000 ffS=0
2026-07-07T16:36:49.291+00:00 VCP run=1 step=0 angle=131748 target=132000 err=252 steer=0 m1=4304/225156 i1=123 t1=33 m2=-4286/-225156 i2=-211 t2=32 steerMode=0/350 iSteer=-44220 driveMode=225156/226248 iDrive=167250 scale=0 wheel=655000 ffS=0
2026-07-07T16:36:49.395+00:00 VCP run=1 step=0 angle=131748 target=132000 err=252 steer=0 m1=4319/225156 i1=97 t1=33 m2=-4303/-225156 i2=-217 t2=32 steerMode=0/690 iSteer=-59929 driveMode=225156/226599 iDrive=156727 scale=0 wheel=655000 ffS=0
2026-07-07T16:36:49.499+00:00 VCP run=1 step=0 angle=132012 target=132000 err=-12 steer=0 m1=4294/225156 i1=147 t1=33 m2=-4322/-225156 i2=-170 t2=32 steerMode=0/-299 iSteer=-11347 driveMode=225156/226542 iDrive=158416 scale=0 wheel=655000 ffS=0
2026-07-07T16:36:49.599+00:00 VCP run=1 step=0 angle=132012 target=132000 err=-12 steer=0 m1=4310/225156 i1=111 t1=33 m2=-4274/-225156 i2=-239 t2=32 steerMode=0/752 iSteer=-64106 driveMode=225156/225998 iDrive=174754 scale=0 wheel=655000 ffS=0
2026-07-07T16:36:49.599+00:00 VCP SET_TARGET_RX steer=132000 wheel=655000
2026-07-07T16:36:49.785+00:00 VCP run=1 step=0 angle=131748 target=132000 err=252 steer=0 m1=4312/225156 i1=142 t1=33 m2=-4315/-225156 i2=-165 t2=32 steerMode=0/-302 iSteer=-11437 driveMode=225156/226709 iDrive=153417 scale=0 wheel=655000 ffS=0
2026-07-07T16:36:49.785+00:00 VCP run=1 step=0 angle=131836 target=132000 err=164 steer=0 m1=4304/225156 i1=127 t1=33 m2=-4315/-225156 i2=-191 t2=32 steerMode=0/100 iSteer=-31968 driveMode=225156/226537 iDrive=158586 scale=0 wheel=655000 ffS=0
2026-07-07T16:36:49.885+00:00 VCP run=1 step=0 angle=131660 target=132000 err=340 steer=0 m1=4298/225156 i1=122 t1=33 m2=-4305/-225156 i2=-189 t2=32 steerMode=0/123 iSteer=-33438 driveMode=225156/226628 iDrive=155858 scale=0 wheel=655000 ffS=0
2026-07-07T16:36:49.885+00:00 VCP SET_TARGET_FF_RX steerRate=15000 wheelAccel=0
2026-07-07T16:36:49.988+00:00 VCP run=1 step=0 angle=131924 target=132900 err=976 steer=4452 m1=4375/231278 i1=335 t1=33 m2=-4221/-219034 i2=-10 t2=32 steerMode=6122/2430 iSteer=162086 driveMode=225156/226072 iDrive=172524 scale=0 wheel=655000 ffS=2500
2026-07-07T16:36:50.087+00:00 VCP run=1 step=0 angle=134209 target=134400 err=191 steer=2500 m1=4350/228594 i1=109 t1=33 m2=-4221/-221719 i2=-228 t2=32 steerMode=3438/4142 iSteer=-59368 driveMode=225156/226205 iDrive=168538 scale=0 wheel=655000 ffS=2500
2026-07-07T16:36:50.087+00:00 VCP SET_TARGET_RX steer=135600 wheel=655000
2026-07-07T16:36:50.190+00:00 VCP run=1 step=0 angle=135439 target=135900 err=461 steer=2500 m1=4371/228594 i1=167 t1=33 m2=-4244/-221719 i2=-145 t2=32 steerMode=3438/2756 iSteer=11164 driveMode=225156/226618 iDrive=156144 scale=0 wheel=655000 ffS=2500
2026-07-07T16:36:50.293+00:00 VCP run=1 step=0 angle=136758 target=137401 err=643 steer=3700 m1=4396/230244 i1=160 t1=33 m2=-4223/-220069 i2=-167 t2=32 steerMode=5087/4738 iSteer=-3117 driveMode=225156/226370 iDrive=163587 scale=0 wheel=655000 ffS=2500
2026-07-07T16:36:50.392+00:00 VCP run=1 step=0 angle=138516 target=138900 err=384 steer=2500 m1=4340/228594 i1=152 t1=33 m2=-4251/-221719 i2=-197 t2=32 steerMode=3438/3431 iSteer=-22321 driveMode=225156/226009 iDrive=174425 scale=0 wheel=655000 ffS=2500
2026-07-07T16:36:50.392+00:00 VCP SET_TARGET_FF_RX steerRate=15000 wheelAccel=0
2026-07-07T16:36:50.495+00:00 VCP run=1 step=0 angle=140010 target=140403 err=393 steer=2500 m1=4386/228594 i1=144 t1=33 m2=-4219/-221719 i2=-183 t2=32 steerMode=3438/3417 iSteer=-19434 driveMode=225156/226365 iDrive=163744 scale=0 wheel=655000 ffS=2500
2026-07-07T16:36:50.595+00:00 VCP run=1 step=0 angle=141416 target=141900 err=484 steer=2500 m1=4371/228594 i1=141 t1=33 m2=-4251/-221719 i2=-175 t2=32 steerMode=3438/3382 iSteer=-17151 driveMode=225156/226554 iDrive=158057 scale=0 wheel=655000 ffS=2500
2026-07-07T16:36:50.595+00:00 VCP SET_TARGET_RX steer=143100 wheel=655000
2026-07-07T16:36:50.698+00:00 VCP run=1 step=0 angle=142734 target=143400 err=666 steer=3700 m1=4367/230244 i1=211 t1=33 m2=-4226/-220069 i2=-121 t2=32 steerMode=5087/3810 iSteer=45340 driveMode=225156/226287 iDrive=166079 scale=0 wheel=655000 ffS=2500
2026-07-07T16:36:50.801+00:00 VCP run=1 step=0 angle=144141 target=144700 err=559 steer=3619 m1=4390/230132 i1=206 t1=33 m2=-4240/-220180 i2=-110 t2=32 steerMode=4976/3669 iSteer=48231 driveMode=225156/226555 iDrive=158038 scale=0 wheel=655000 ffS=2500
2026-07-07T16:36:50.985+00:00 VCP run=1 step=0 angle=145635 target=144700 err=-935 steer=630 m1=4312/226023 i1=95 t1=33 m2=-4290/-224289 i2=-213 t2=32 steerMode=867/1628 iSteer=-59091 driveMode=225156/226677 iDrive=154383 scale=0 wheel=655000 ffS=2500
2026-07-07T16:36:50.985+00:00 VCP run=1 step=0 angle=145811 target=144700 err=-1111 steer=-2221 m1=4256/222102 i1=38 t1=33 m2=-4353/-228210 i2=-270 t2=32 steerMode=-3054/-1182 iSteer=-116371 driveMode=225156/226688 iDrive=154049 scale=0 wheel=655000 ffS=0
2026-07-07T16:36:51.087+00:00 VCP run=1 step=0 angle=144492 target=144700 err=208 steer=0 m1=4273/225156 i1=244 t1=33 m2=-4307/-225156 i2=-119 t2=32 steerMode=0/-1687 iSteer=62545 driveMode=225156/225778 iDrive=181336 scale=0 wheel=655000 ffS=0
2026-07-07T16:36:51.087+00:00 VCP SET_TARGET_RX steer=144700 wheel=655000
2026-07-07T16:36:51.190+00:00 VCP run=1 step=0 angle=144492 target=144700 err=208 steer=0 m1=4321/225156 i1=106 t1=33 m2=-4299/-225156 i2=-202 t2=32 steerMode=0/525 iSteer=-47921 driveMode=225156/226692 iDrive=153927 scale=0 wheel=655000 ffS=0
2026-07-07T16:36:51.294+00:00 VCP run=1 step=0 angle=144580 target=144700 err=120 steer=0 m1=4312/225156 i1=138 t1=33 m2=-4299/-225156 i2=-175 t2=32 steerMode=0/-55 iSteer=-18571 driveMode=225156/226610 iDrive=156392 scale=0 wheel=655000 ffS=0
2026-07-07T16:36:51.398+00:00 VCP run=1 step=0 angle=144580 target=144700 err=120 steer=0 m1=4289/225156 i1=132 t1=33 m2=-4301/-225156 i2=-194 t2=32 steerMode=0/191 iSteer=-31311 driveMode=225156/226392 iDrive=162936 scale=0 wheel=655000 ffS=0
2026-07-07T16:36:51.502+00:00 VCP run=1 step=0 angle=144668 target=144700 err=32 steer=0 m1=4302/225156 i1=142 t1=33 m2=-4309/-225156 i2=-181 t2=32 steerMode=0/-66 iSteer=-19322 driveMode=225156/226439 iDrive=161527 scale=0 wheel=655000 ffS=0
2026-07-07T16:36:51.603+00:00 VCP run=1 step=0 angle=144492 target=144700 err=208 steer=0 m1=4317/225156 i1=126 t1=33 m2=-4282/-225156 i2=-197 t2=32 steerMode=0/252 iSteer=-35108 driveMode=225156/226440 iDrive=161474 scale=0 wheel=655000 ffS=0
2026-07-07T16:36:51.603+00:00 VCP SET_TARGET_RX steer=144700 wheel=655000
2026-07-07T16:36:51.785+00:00 VCP run=1 step=0 angle=144404 target=144700 err=296 steer=0 m1=4312/225156 i1=130 t1=33 m2=-4303/-225156 i2=-173 t2=32 steerMode=0/-20 iSteer=-21518 driveMode=225156/226788 iDrive=151044 scale=0 wheel=655000 ffS=0
2026-07-07T16:36:51.785+00:00 VCP run=1 step=0 angle=144404 target=144700 err=296 steer=0 m1=4294/225156 i1=140 t1=33 m2=-4309/-225156 i2=-179 t2=32 steerMode=0/-65 iSteer=-19382 driveMode=225156/226515 iDrive=159226 scale=0 wheel=655000 ffS=0
2026-07-07T16:36:51.888+00:00 VCP SET_TARGET_FF_RX steerRate=15000 wheelAccel=0
2026-07-07T16:36:51.888+00:00 VCP run=1 step=0 angle=144316 target=145000 err=684 steer=2400 m1=4302/228456 i1=298 t1=33 m2=-4305/-221856 i2=-18 t2=32 steerMode=3300/37 iSteer=140315 driveMode=225156/226562 iDrive=157836 scale=0 wheel=655000 ffS=2500
2026-07-07T16:36:51.991+00:00 VCP run=1 step=0 angle=146074 target=146500 err=426 steer=2927 m1=4411/229181 i1=31 t1=33 m2=-4192/-221131 i2=-300 t2=32 steerMode=4025/6375 iSteer=-134293 driveMode=225156/226305 iDrive=165524 scale=0 wheel=655000 ffS=2500
2026-07-07T16:36:52.090+00:00 VCP run=1 step=0 angle=147305 target=148001 err=696 steer=3893 m1=4354/230509 i1=279 t1=33 m2=-4238/-219804 i2=-54 t2=32 steerMode=5352/2755 iSteer=112154 driveMode=225156/226273 iDrive=166507 scale=0 wheel=655000 ffS=2500
2026-07-07T16:36:52.091+00:00 VCP SET_TARGET_RX steer=149500 wheel=655000
2026-07-07T16:36:52.193+00:00 VCP run=1 step=0 angle=149238 target=149500 err=262 steer=2500 m1=4371/228594 i1=128 t1=33 m2=-4228/-221719 i2=-215 t2=32 steerMode=3438/3947 iSteer=-43462 driveMode=225156/226108 iDrive=171458 scale=0 wheel=655000 ffS=2500
2026-07-07T16:36:52.293+00:00 VCP run=1 step=0 angle=150557 target=151001 err=444 steer=2500 m1=4365/228594 i1=142 t1=33 m2=-4244/-221719 i2=-166 t2=32 steerMode=3438/3326 iSteer=-11605 driveMode=225156/226690 iDrive=153998 scale=0 wheel=655000 ffS=2500
2026-07-07T16:36:52.293+00:00 VCP SET_TARGET_FF_RX steerRate=15000 wheelAccel=0
2026-07-07T16:36:52.395+00:00 VCP run=1 step=0 angle=152139 target=152500 err=361 steer=2500 m1=4367/228594 i1=135 t1=33 m2=-4215/-221719 i2=-204 t2=32 steerMode=3438/3805 iSteer=-34641 driveMode=225156/226181 iDrive=169270 scale=0 wheel=655000 ffS=2500
2026-07-07T16:36:52.498+00:00 VCP run=1 step=0 angle=153896 target=154000 err=104 steer=2500 m1=4388/228594 i1=118 t1=33 m2=-4217/-221719 i2=-208 t2=32 steerMode=3438/4028 iSteer=-44787 driveMode=225156/226394 iDrive=162854 scale=0 wheel=655000 ffS=2500
2026-07-07T16:36:52.598+00:00 VCP run=1 step=0 angle=155127 target=155500 err=373 steer=2500 m1=4365/228594 i1=170 t1=33 m2=-4269/-221719 i2=-139 t2=32 steerMode=3438/2821 iSteer=15192 driveMode=225156/226674 iDrive=154460 scale=0 wheel=655000 ffS=2500
2026-07-07T16:36:52.598+00:00 VCP SET_TARGET_RX steer=157000 wheel=655000
2026-07-07T16:36:52.701+00:00 VCP run=1 step=0 angle=156621 target=157000 err=379 steer=2500 m1=4375/228594 i1=140 t1=33 m2=-4238/-221719 i2=-178 t2=32 steerMode=3438/3536 iSteer=-19475 driveMode=225156/226522 iDrive=159015 scale=0 wheel=655000 ffS=2500
2026-07-07T16:36:52.800+00:00 VCP run=1 step=0 angle=157939 target=158500 err=561 steer=3621 m1=4361/230135 i1=231 t1=33 m2=-4223/-220177 i2=-82 t2=32 steerMode=4979/3207 iSteer=74493 driveMode=225156/226609 iDrive=156412 scale=0 wheel=655000 ffS=2500
2026-07-07T16:36:52.800+00:00 VCP SET_TARGET_FF_RX steerRate=15000 wheelAccel=0
2026-07-07T16:36:52.903+00:00 VCP run=1 step=0 angle=159609 target=159999 err=390 steer=2500 m1=4363/228594 i1=140 t1=33 m2=-4240/-221719 i2=-191 t2=32 steerMode=3438/3684 iSteer=-25451 driveMode=225156/226297 iDrive=165779 scale=0 wheel=655000 ffS=2500
2026-07-07T16:36:53.083+00:00 VCP run=1 step=0 angle=161016 target=161500 err=484 steer=3045 m1=4373/229343 i1=187 t1=33 m2=-4240/-220970 i2=-140 t2=32 steerMode=4186/3469 iSteer=23436 driveMode=225156/226374 iDrive=163470 scale=0 wheel=655000 ffS=2500
2026-07-07T16:36:53.083+00:00 VCP run=1 step=0 angle=162861 target=163000 err=139 steer=2500 m1=4352/228594 i1=154 t1=33 m2=-4246/-221719 i2=-170 t2=32 steerMode=3438/3339 iSteer=-8240 driveMode=225156/226420 iDrive=162076 scale=0 wheel=655000 ffS=2500
2026-07-07T16:36:53.187+00:00 VCP SET_TARGET_RX steer=164500 wheel=655000
2026-07-07T16:36:53.187+00:00 VCP run=1 step=0 angle=164004 target=164500 err=496 steer=2500 m1=4379/228594 i1=118 t1=32 m2=-4219/-221719 i2=-204 t2=32 steerMode=3438/4064 iSteer=-43053 driveMode=225156/226461 iDrive=160868 scale=0 wheel=655000 ffS=2500
2026-07-07T16:36:53.286+00:00 VCP run=1 step=0 angle=165674 target=166000 err=326 steer=2500 m1=4369/228594 i1=145 t1=32 m2=-4230/-221719 i2=-180 t2=32 steerMode=3438/3542 iSteer=-17266 driveMode=225156/226407 iDrive=162469 scale=0 wheel=655000 ffS=2500
2026-07-07T16:36:53.389+00:00 VCP SET_TARGET_FF_RX steerRate=15000 wheelAccel=0
2026-07-07T16:36:53.389+00:00 VCP run=1 step=0 angle=167168 target=167500 err=332 steer=2500 m1=4365/228594 i1=145 t1=32 m2=-4244/-221719 i2=-169 t2=32 steerMode=3438/3452 iSteer=-12070 driveMode=225156/226579 iDrive=157327 scale=0 wheel=655000 ffS=2500
2026-07-07T16:36:53.492+00:00 VCP run=1 step=0 angle=168926 target=169000 err=74 steer=2500 m1=4358/228594 i1=155 t1=32 m2=-4213/-221719 i2=-179 t2=32 steerMode=3438/3442 iSteer=-11749 driveMode=225156/226251 iDrive=167172 scale=0 wheel=655000 ffS=2500
2026-07-07T16:36:53.591+00:00 VCP run=1 step=0 angle=170332 target=170500 err=168 steer=2500 m1=4365/228594 i1=152 t1=32 m2=-4217/-221719 i2=-183 t2=32 steerMode=3438/3523 iSteer=-15394 driveMode=225156/226237 iDrive=167583 scale=0 wheel=655000 ffS=2500
2026-07-07T16:36:53.591+00:00 VCP SET_TARGET_RX steer=172000 wheel=655000
2026-07-07T16:36:53.694+00:00 VCP run=1 step=0 angle=171475 target=172000 err=525 steer=3551 m1=4363/230039 i1=243 t1=32 m2=-4259/-220274 i2=-81 t2=32 steerMode=4882/3045 iSteer=81098 driveMode=225156/226426 iDrive=161895 scale=0 wheel=655000 ffS=2500
2026-07-07T16:36:53.794+00:00 VCP run=1 step=0 angle=173232 target=173500 err=268 steer=2500 m1=4375/228594 i1=136 t1=32 m2=-4249/-221719 i2=-173 t2=32 steerMode=3438/3581 iSteer=-18686 driveMode=225156/226672 iDrive=154526 scale=0 wheel=655000 ffS=2500
2026-07-07T16:36:53.794+00:00 VCP SET_TARGET_FF_RX steerRate=15000 wheelAccel=0
2026-07-07T16:36:53.897+00:00 VCP run=1 step=0 angle=174551 target=175000 err=449 steer=2500 m1=4350/228594 i1=181 t1=32 m2=-4246/-221719 i2=-156 t2=32 steerMode=3438/2974 iSteer=12341 driveMode=225156/226198 iDrive=168749 scale=0 wheel=655000 ffS=2500
2026-07-07T16:36:54.000+00:00 VCP run=1 step=0 angle=176221 target=176500 err=279 steer=2500 m1=4373/228594 i1=133 t1=32 m2=-4211/-221719 i2=-209 t2=32 steerMode=3438/3995 iSteer=-37574 driveMode=225156/226123 iDrive=170988 scale=0 wheel=655000 ffS=2500
2026-07-07T16:36:54.099+00:00 VCP run=1 step=0 angle=177891 target=178000 err=109 steer=2500 m1=4354/228594 i1=160 t1=32 m2=-4246/-221719 i2=-152 t2=32 steerMode=3438/3138 iSteer=4113 driveMode=225156/226621 iDrive=156071 scale=0 wheel=655000 ffS=2500
2026-07-07T16:36:54.099+00:00 VCP SET_TARGET_RX steer=179500 wheel=655000
2026-07-07T16:36:54.202+00:00 VCP run=1 step=0 angle=179121 target=179500 err=379 steer=2500 m1=4379/228594 i1=156 t1=32 m2=-4244/-221719 i2=-159 t2=32 steerMode=3438/3254 iSteer=-1215 driveMode=225156/226571 iDrive=157571 scale=0 wheel=655000 ffS=2500
2026-07-07T16:36:54.302+00:00 VCP run=1 step=0 angle=180527 target=180999 err=472 steer=3019 m1=4375/229308 i1=172 t1=32 m2=-4215/-221005 i2=-153 t2=32 steerMode=4151/3760 iSteer=9571 driveMode=225156/226417 iDrive=162184 scale=0 wheel=655000 ffS=2500
2026-07-07T16:36:54.302+00:00 VCP SET_TARGET_FF_RX steerRate=15000 wheelAccel=0
2026-07-07T16:36:54.404+00:00 VCP run=1 step=0 angle=182197 target=182500 err=303 steer=2500 m1=4365/228594 i1=157 t1=32 m2=-4196/-221719 i2=-200 t2=32 steerMode=3438/3664 iSteer=-21595 driveMode=225156/225869 iDrive=178607 scale=0 wheel=655000 ffS=2500
2026-07-07T16:36:54.585+00:00 VCP run=1 step=0 angle=183691 target=184000 err=309 steer=2500 m1=4375/228594 i1=143 t1=32 m2=-4240/-221719 i2=-166 t2=32 steerMode=3438/3475 iSteer=-11532 driveMode=225156/226672 iDrive=154532 scale=0 wheel=655000 ffS=2500
2026-07-07T16:36:54.585+00:00 VCP run=1 step=0 angle=185186 target=185500 err=314 steer=2500 m1=4386/228594 i1=148 t1=32 m2=-4251/-221719 i2=-186 t2=32 steerMode=3438/3619 iSteer=-19063 driveMode=225156/226242 iDrive=167426 scale=0 wheel=655000 ffS=2500
2026-07-07T16:36:54.688+00:00 VCP SET_TARGET_RX steer=187000 wheel=655000
2026-07-07T16:36:54.688+00:00 VCP run=1 step=0 angle=186768 target=187000 err=232 steer=2500 m1=4356/228594 i1=156 t1=32 m2=-4232/-221719 i2=-198 t2=32 steerMode=3438/3672 iSteer=-21006 driveMode=225156/225912 iDrive=177318 scale=0 wheel=655000 ffS=2500
2026-07-07T16:36:54.787+00:00 VCP run=1 step=0 angle=187910 target=188500 err=590 steer=3680 m1=4367/230216 i1=219 t1=32 m2=-4223/-220097 i2=-120 t2=32 steerMode=5060/3893 iSteer=49385 driveMode=225156/226169 iDrive=169618 scale=0 wheel=655000 ffS=2500
2026-07-07T16:36:54.787+00:00 VCP SET_TARGET_FF_RX steerRate=15000 wheelAccel=0
2026-07-07T16:36:54.890+00:00 VCP run=1 step=0 angle=189844 target=190001 err=157 steer=2500 m1=4358/228594 i1=163 t1=32 m2=-4246/-221719 i2=-161 t2=32 steerMode=3438/3216 iSteer=1163 driveMode=225156/226417 iDrive=162191 scale=0 wheel=655000 ffS=2500
2026-07-07T16:36:54.993+00:00 VCP run=1 step=0 angle=191162 target=191500 err=338 steer=2500 m1=4361/228594 i1=174 t1=32 m2=-4240/-221719 i2=-175 t2=32 steerMode=3438/3260 iSteer=-770 driveMode=225156/226013 iDrive=174297 scale=0 wheel=655000 ffS=2500
2026-07-07T16:36:55.093+00:00 VCP run=1 step=0 angle=192744 target=193000 err=256 steer=2500 m1=4367/228594 i1=130 t1=32 m2=-4184/-221719 i2=-227 t2=32 steerMode=3438/4233 iSteer=-48604 driveMode=225156/225877 iDrive=178378 scale=0 wheel=655000 ffS=2500
2026-07-07T16:36:55.093+00:00 VCP SET_TARGET_RX steer=194500 wheel=655000
2026-07-07T16:36:55.196+00:00 VCP run=1 step=0 angle=194238 target=194500 err=262 steer=2500 m1=4365/228594 i1=160 t1=32 m2=-4217/-221719 i2=-199 t2=32 steerMode=3438/3649 iSteer=-19437 driveMode=225156/225841 iDrive=179461 scale=0 wheel=655000 ffS=2500
2026-07-07T16:36:55.295+00:00 VCP run=1 step=0 angle=195732 target=196000 err=268 steer=2500 m1=4365/228594 i1=145 t1=32 m2=-4219/-221719 i2=-187 t2=32 steerMode=3438/3682 iSteer=-21050 driveMode=225156/226276 iDrive=166396 scale=0 wheel=655000 ffS=2500
2026-07-07T16:36:55.295+00:00 VCP SET_TARGET_FF_RX steerRate=15000 wheelAccel=0
2026-07-07T16:36:55.398+00:00 VCP run=1 step=0 angle=197227 target=197500 err=273 steer=2500 m1=4350/228594 i1=159 t1=32 m2=-4257/-221719 i2=-175 t2=32 steerMode=3438/3402 iSteer=-7774 driveMode=225156/226256 iDrive=167009 scale=0 wheel=655000 ffS=2500
2026-07-07T16:36:55.501+00:00 VCP run=1 step=0 angle=198633 target=199000 err=367 steer=2500 m1=4367/228594 i1=162 t1=32 m2=-4217/-221719 i2=-215 t2=32 steerMode=3438/3776 iSteer=-26271 driveMode=225156/225540 iDrive=188496 scale=0 wheel=655000 ffS=2500
2026-07-07T16:36:55.601+00:00 VCP run=1 step=0 angle=200391 target=200500 err=109 steer=2500 m1=4363/228594 i1=159 t1=32 m2=-4228/-221719 i2=-171 t2=32 steerMode=3438/3370 iSteer=-6018 driveMode=225156/226324 iDrive=164970 scale=0 wheel=655000 ffS=2500
2026-07-07T16:36:55.601+00:00 VCP SET_TARGET_RX steer=202001 wheel=655000
2026-07-07T16:36:55.703+00:00 VCP run=1 step=0 angle=201885 target=202001 err=116 steer=2500 m1=4367/228594 i1=154 t1=32 m2=-4249/-221719 i2=-170 t2=32 steerMode=3438/3403 iSteer=-8065 driveMode=225156/226420 iDrive=162089 scale=0 wheel=655000 ffS=2500
2026-07-07T16:36:55.803+00:00 VCP run=1 step=0 angle=203115 target=203500 err=385 steer=2500 m1=4358/228594 i1=175 t1=32 m2=-4242/-221719 i2=-182 t2=32 steerMode=3438/3307 iSteer=-3385 driveMode=225156/225870 iDrive=178585 scale=0 wheel=655000 ffS=2500
2026-07-07T16:36:55.803+00:00 VCP SET_TARGET_FF_RX steerRate=15000 wheelAccel=0
2026-07-07T16:36:55.986+00:00 VCP run=1 step=0 angle=204785 target=205001 err=216 steer=2500 m1=4369/228594 i1=130 t1=32 m2=-4207/-221719 i2=-236 t2=32 steerMode=3438/4291 iSteer=-53099 driveMode=225156/225711 iDrive=183372 scale=0 wheel=655000 ffS=2500
2026-07-07T16:36:55.987+00:00 VCP run=1 step=0 angle=206104 target=206500 err=396 steer=2500 m1=4356/228594 i1=162 t1=32 m2=-4215/-221719 i2=-174 t2=32 steerMode=3438/3344 iSteer=-6086 driveMode=225156/226212 iDrive=168318 scale=0 wheel=655000 ffS=2500
2026-07-07T16:36:56.086+00:00 VCP run=1 step=0 angle=207861 target=208002 err=141 steer=2500 m1=4371/228594 i1=150 t1=32 m2=-4249/-221719 i2=-200 t2=32 steerMode=3438/3707 iSteer=-24791 driveMode=225156/225997 iDrive=174793 scale=0 wheel=655000 ffS=2500
2026-07-07T16:36:56.086+00:00 VCP SET_TARGET_RX steer=209500 wheel=655000
2026-07-07T16:36:56.189+00:00 VCP run=1 step=0 angle=209355 target=209500 err=145 steer=2500 m1=4350/228594 i1=158 t1=32 m2=-4232/-221719 i2=-179 t2=32 steerMode=3438/3409 iSteer=-10542 driveMode=225156/226207 iDrive=168485 scale=0 wheel=655000 ffS=2500
2026-07-07T16:36:56.288+00:00 VCP run=1 step=0 angle=210586 target=211001 err=415 steer=2500 m1=4361/228594 i1=141 t1=32 m2=-4223/-221719 i2=-209 t2=32 steerMode=3438/3881 iSteer=-33848 driveMode=225156/225982 iDrive=175225 scale=0 wheel=655000 ffS=2500
2026-07-07T16:36:56.288+00:00 VCP SET_TARGET_FF_RX steerRate=15000 wheelAccel=0
2026-07-07T16:36:56.391+00:00 VCP run=1 step=0 angle=212168 target=212500 err=332 steer=2500 m1=4379/228594 i1=139 t1=32 m2=-4215/-221719 i2=-189 t2=32 steerMode=3438/3705 iSteer=-25062 driveMode=225156/226355 iDrive=164036 scale=0 wheel=655000 ffS=2500
2026-07-07T16:36:56.494+00:00 VCP run=1 step=0 angle=213838 target=214002 err=164 steer=2500 m1=4361/228594 i1=161 t1=32 m2=-4242/-221719 i2=-173 t2=32 steerMode=3438/3310 iSteer=-6076 driveMode=225156/226267 iDrive=166681 scale=0 wheel=655000 ffS=2500
2026-07-07T16:36:56.594+00:00 VCP run=1 step=0 angle=215244 target=215500 err=256 steer=2500 m1=4379/228594 i1=127 t1=32 m2=-4226/-221719 i2=-222 t2=32 steerMode=3438/4141 iSteer=-47274 driveMode=225156/226003 iDrive=174595 scale=0 wheel=655000 ffS=2500
2026-07-07T16:36:56.594+00:00 VCP SET_TARGET_RX steer=217002 wheel=655000
2026-07-07T16:36:56.697+00:00 VCP run=1 step=0 angle=217002 target=217002 err=0 steer=2500 m1=4354/228594 i1=155 t1=32 m2=-4228/-221719 i2=-186 t2=32 steerMode=3438/3494 iSteer=-15318 driveMode=225156/226144 iDrive=170365 scale=0 wheel=655000 ffS=2500
2026-07-07T16:36:56.797+00:00 VCP run=1 step=0 angle=218408 target=218500 err=92 steer=2500 m1=4358/228594 i1=172 t1=32 m2=-4219/-221719 i2=-168 t2=32 steerMode=3438/3154 iSteer=2132 driveMode=225156/226146 iDrive=170312 scale=0 wheel=655000 ffS=2500
2026-07-07T16:36:56.797+00:00 VCP SET_TARGET_FF_RX steerRate=15000 wheelAccel=0
2026-07-07T16:36:56.899+00:00 VCP run=1 step=0 angle=219639 target=220002 err=363 steer=2500 m1=4371/228594 i1=149 t1=32 m2=-4238/-221719 i2=-170 t2=32 steerMode=3438/3401 iSteer=-10203 driveMode=225156/226508 iDrive=159439 scale=0 wheel=655000 ffS=2500
2026-07-07T16:36:57.002+00:00 VCP run=1 step=0 angle=221309 target=221500 err=191 steer=2500 m1=4361/228594 i1=144 t1=32 m2=-4202/-221719 i2=-220 t2=32 steerMode=3438/3960 iSteer=-38254 driveMode=225156/225759 iDrive=181928 scale=0 wheel=655000 ffS=2500
2026-07-07T16:36:57.102+00:00 VCP run=1 step=0 angle=222539 target=223003 err=464 steer=2500 m1=4358/228594 i1=150 t1=32 m2=-4228/-221719 i2=-174 t2=32 steerMode=3438/3451 iSteer=-12423 driveMode=225156/226424 iDrive=161972 scale=0 wheel=655000 ffS=2500
2026-07-07T16:36:57.102+00:00 VCP SET_TARGET_RX steer=224501 wheel=655000
2026-07-07T16:36:57.204+00:00 VCP run=1 step=0 angle=224209 target=224501 err=292 steer=2500 m1=4365/228594 i1=137 t1=32 m2=-4232/-221719 i2=-192 t2=32 steerMode=3438/3752 iSteer=-27857 driveMode=225156/226343 iDrive=164403 scale=0 wheel=655000 ffS=2500
2026-07-07T16:36:57.304+00:00 VCP run=1 step=0 angle=225703 target=226002 err=299 steer=2500 m1=4371/228594 i1=155 t1=32 m2=-4244/-221719 i2=-174 t2=32 steerMode=3438/3377 iSteer=-9566 driveMode=225156/226348 iDrive=164238 scale=0 wheel=655000 ffS=2500
2026-07-07T16:36:57.304+00:00 VCP SET_TARGET_FF_RX steerRate=15000 wheelAccel=0
2026-07-07T16:36:57.487+00:00 VCP run=1 step=0 angle=227197 target=227500 err=303 steer=2500 m1=4352/228594 i1=146 t1=32 m2=-4223/-221719 i2=-205 t2=32 steerMode=3438/3770 iSteer=-29532 driveMode=225156/225981 iDrive=175266 scale=0 wheel=655000 ffS=2500
2026-07-07T16:36:57.487+00:00 VCP run=1 step=0 angle=228779 target=229003 err=224 steer=2500 m1=4375/228594 i1=139 t1=32 m2=-4205/-221719 i2=-208 t2=32 steerMode=3438/3867 iSteer=-34500 driveMode=225156/226042 iDrive=173437 scale=0 wheel=655000 ffS=2500
2026-07-07T16:36:57.587+00:00 VCP run=1 step=0 angle=230273 target=230501 err=228 steer=2500 m1=4356/228594 i1=165 t1=32 m2=-4251/-221719 i2=-162 t2=32 steerMode=3438/3135 iSteer=1440 driveMode=225156/226371 iDrive=163559 scale=0 wheel=655000 ffS=2500
2026-07-07T16:36:57.587+00:00 VCP SET_TARGET_RX steer=232000 wheel=655000
2026-07-07T16:36:57.690+00:00 VCP run=1 step=0 angle=231504 target=232000 err=496 steer=2500 m1=4363/228594 i1=125 t1=32 m2=-4202/-221719 i2=-210 t2=32 steerMode=3438/4016 iSteer=-42365 driveMode=225156/226242 iDrive=167435 scale=0 wheel=655000 ffS=2500
2026-07-07T16:36:57.790+00:00 VCP run=1 step=0 angle=233613 target=233500 err=-113 steer=2500 m1=4365/228594 i1=159 t1=32 m2=-4213/-221719 i2=-207 t2=32 steerMode=3438/3641 iSteer=-24008 driveMode=225156/225723 iDrive=182997 scale=0 wheel=655000 ffS=2500
2026-07-07T16:36:57.790+00:00 VCP SET_TARGET_FF_RX steerRate=15000 wheelAccel=0
2026-07-07T16:36:57.892+00:00 VCP run=1 step=0 angle=234756 target=235001 err=245 steer=2500 m1=4369/228594 i1=148 t1=32 m2=-4211/-221719 i2=-193 t2=32 steerMode=3438/3622 iSteer=-22803 driveMode=225156/226134 iDrive=170657 scale=0 wheel=655000 ffS=2500
2026-07-07T16:36:57.995+00:00 VCP run=1 step=0 angle=235898 target=236500 err=602 steer=3703 m1=4379/230248 i1=226 t1=32 m2=-4242/-220064 i2=-89 t2=32 steerMode=5092/3450 iSteer=68815 driveMode=225156/226567 iDrive=157670 scale=0 wheel=655000 ffS=2500
2026-07-07T16:36:58.095+00:00 VCP run=1 step=0 angle=237832 target=238003 err=171 steer=2500 m1=4356/228594 i1=156 t1=32 m2=-4244/-221719 i2=-197 t2=32 steerMode=3438/3552 iSteer=-20887 driveMode=225156/225942 iDrive=176438 scale=0 wheel=655000 ffS=2500
2026-07-07T16:36:58.095+00:00 VCP SET_TARGET_RX steer=239500 wheel=655000
2026-07-07T16:36:58.198+00:00 VCP run=1 step=0 angle=239238 target=239500 err=262 steer=2500 m1=4365/228594 i1=148 t1=32 m2=-4236/-221719 i2=-173 t2=32 steerMode=3438/3395 iSteer=-12504 driveMode=225156/226484 iDrive=160178 scale=0 wheel=655000 ffS=2500
2026-07-07T16:36:58.297+00:00 VCP run=1 step=0 angle=240645 target=241003 err=358 steer=2500 m1=4354/228594 i1=151 t1=32 m2=-4196/-221719 i2=-197 t2=32 steerMode=3438/3621 iSteer=-23125 driveMode=225156/226028 iDrive=173858 scale=0 wheel=655000 ffS=2500
2026-07-07T16:36:58.297+00:00 VCP SET_TARGET_FF_RX steerRate=15000 wheelAccel=0
2026-07-07T16:36:58.400+00:00 VCP run=1 step=0 angle=242051 target=242500 err=449 steer=2500 m1=4371/228594 i1=145 t1=32 m2=-4230/-221719 i2=-187 t2=32 steerMode=3438/3568 iSteer=-20829 driveMode=225156/226297 iDrive=165788 scale=0 wheel=655000 ffS=2500
2026-07-07T16:36:58.502+00:00 VCP run=1 step=0 angle=243896 target=243600 err=-296 steer=2500 m1=4369/228594 i1=116 t1=32 m2=-4209/-221719 i2=-224 t2=32 steerMode=3438/4229 iSteer=-54281 driveMode=225156/226149 iDrive=170217 scale=0 wheel=655000 ffS=2500
2026-07-07T16:36:58.603+00:00 VCP run=1 step=0 angle=244775 target=243600 err=-1175 steer=149 m1=4296/225361 i1=139 t1=32 m2=-4261/-224951 i2=-227 t2=32 steerMode=205/718 iSteer=-44001 driveMode=225156/225723 iDrive=182986 scale=0 wheel=655000 ffS=2500
2026-07-07T16:36:58.603+00:00 VCP SET_TARGET_RX steer=243600 wheel=655000
2026-07-07T16:36:58.787+00:00 VCP run=1 step=0 angle=244688 target=243600 err=-1087 steer=-2175 m1=4254/222166 i1=71 t1=32 m2=-4334/-228147 i2=-267 t2=32 steerMode=-2991/-1455 iSteer=-97904 driveMode=225156/226202 iDrive=168620 scale=0 wheel=655000 ffS=0
2026-07-07T16:36:58.787+00:00 VCP run=1 step=0 angle=243633 target=243600 err=-33 steer=0 m1=4325/225156 i1=145 t1=32 m2=-4278/-225156 i2=-169 t2=33 steerMode=0/-125 iSteer=-12374 driveMode=225156/226589 iDrive=157029 scale=0 wheel=655000 ffS=0
2026-07-07T16:36:58.890+00:00 VCP run=1 step=0 angle=244160 target=243600 err=-560 steer=-1120 m1=4273/223616 i1=88 t1=33 m2=-4315/-226697 i2=-280 t2=33 steerMode=-1540/-52 iSteer=-96114 driveMode=225156/225679 iDrive=184320 scale=0 wheel=655000 ffS=0
2026-07-07T16:36:58.993+00:00 VCP run=1 step=0 angle=243809 target=243600 err=-209 steer=0 m1=4317/225156 i1=141 t1=33 m2=-4274/-225156 i2=-208 t2=33 steerMode=0/273 iSteer=-33932 driveMode=225156/226006 iDrive=174512 scale=0 wheel=655000 ffS=0
2026-07-07T16:36:59.097+00:00 VCP run=1 step=0 angle=243721 target=243600 err=-121 steer=0 m1=4300/225156 i1=134 t1=33 m2=-4303/-225156 i2=-206 t2=33 steerMode=0/291 iSteer=-36013 driveMode=225156/226153 iDrive=170089 scale=0 wheel=655000 ffS=0
2026-07-07T16:36:59.198+00:00 VCP run=1 step=0 angle=243545 target=243600 err=55 steer=0 m1=4298/225156 i1=143 t1=33 m2=-4305/-225156 i2=-187 t2=33 steerMode=0/6 iSteer=-22057 driveMode=225156/226334 iDrive=164661 scale=0 wheel=655000 ffS=0
2026-07-07T16:36:59.198+00:00 VCP SET_TARGET_RX steer=243600 wheel=655000
2026-07-07T16:36:59.302+00:00 VCP run=1 step=0 angle=243721 target=243600 err=-121 steer=0 m1=4308/225156 i1=127 t1=33 m2=-4307/-225156 i2=-193 t2=33 steerMode=0/211 iSteer=-32922 driveMode=225156/226501 iDrive=159661 scale=0 wheel=655000 ffS=0
2026-07-07T16:36:59.487+00:00 VCP run=1 step=0 angle=243809 target=243600 err=-209 steer=0 m1=4289/225156 i1=138 t1=33 m2=-4288/-225156 i2=-233 t2=33 steerMode=0/487 iSteer=-47167 driveMode=225156/225635 iDrive=185629 scale=0 wheel=655000 ffS=0
2026-07-07T16:36:59.487+00:00 VCP run=1 step=0 angle=243633 target=243600 err=-33 steer=0 m1=4314/225156 i1=133 t1=33 m2=-4295/-225156 i2=-190 t2=33 steerMode=0/112 iSteer=-28401 driveMode=225156/226439 iDrive=161520 scale=0 wheel=655000 ffS=0
2026-07-07T16:36:59.591+00:00 VCP run=1 step=0 angle=243809 target=243600 err=-209 steer=0 m1=4296/225156 i1=145 t1=33 m2=-4307/-225156 i2=-182 t2=33 steerMode=0/-102 iSteer=-18441 driveMode=225156/226360 iDrive=163876 scale=0 wheel=655000 ffS=0
2026-07-07T16:36:59.691+00:00 VCP run=1 step=0 angle=243896 target=243600 err=-296 steer=0 m1=4300/225156 i1=157 t1=33 m2=-4313/-225156 i2=-187 t2=33 steerMode=0/-172 iSteer=-15076 driveMode=225156/226079 iDrive=172316 scale=0 wheel=655000 ffS=0
2026-07-07T16:36:59.691+00:00 VCP SET_TARGET_RX steer=243600 wheel=655000
2026-07-07T16:36:59.795+00:00 VCP run=1 step=0 angle=243721 target=243600 err=-121 steer=0 m1=4300/225156 i1=133 t1=33 m2=-4295/-225156 i2=-207 t2=33 steerMode=0/270 iSteer=-37400 driveMode=225156/226157 iDrive=169990 scale=0 wheel=655000 ffS=0
2026-07-07T16:36:59.899+00:00 VCP run=1 step=0 angle=243721 target=243600 err=-121 steer=0 m1=4289/225156 i1=134 t1=33 m2=-4269/-225156 i2=-213 t2=33 steerMode=0/302 iSteer=-39721 driveMode=225156/226048 iDrive=173246 scale=0 wheel=655000 ffS=0
2026-07-07T16:37:00.002+00:00 VCP run=1 step=0 angle=243896 target=243600 err=-296 steer=0 m1=4291/225156 i1=167 t1=33 m2=-4315/-225156 i2=-171 t2=33 steerMode=0/-468 iSteer=-1811 driveMode=225156/226196 iDrive=168805 scale=0 wheel=655000 ffS=0
2026-07-07T16:37:00.106+00:00 VCP run=1 step=0 angle=243545 target=243600 err=55 steer=0 m1=4323/225156 i1=113 t1=33 m2=-4297/-225156 i2=-204 t2=33 steerMode=0/413 iSteer=-45773 driveMode=225156/226545 iDrive=158333 scale=0 wheel=655000 ffS=0
2026-07-07T16:37:00.106+00:00 VCP run=1 step=0 angle=243809 target=243600 err=-209 steer=0 m1=4300/225156 i1=149 t1=33 m2=-4274/-225156 i2=-204 t2=33 steerMode=0/29 iSteer=-27177 driveMode=225156/225944 iDrive=176370 scale=0 wheel=655000 ffS=0
2026-07-07T16:37:00.288+00:00 VCP SET_TARGET_RX steer=243600 wheel=655000
2026-07-07T16:37:00.289+00:00 VCP run=1 step=0 angle=243545 target=243600 err=55 steer=0 m1=4308/225156 i1=123 t1=33 m2=-4272/-225156 i2=-200 t2=33 steerMode=0/254 iSteer=-38593 driveMode=225156/226447 iDrive=161264 scale=0 wheel=655000 ffS=0
2026-07-07T16:37:00.392+00:00 VCP run=1 step=0 angle=243633 target=243600 err=-33 steer=0 m1=4296/225156 i1=141 t1=33 m2=-4288/-225156 i2=-185 t2=33 steerMode=0/-87 iSteer=-22019 driveMode=225156/226391 iDrive=162966 scale=0 wheel=655000 ffS=0
2026-07-07T16:37:00.496+00:00 VCP run=1 step=0 angle=243896 target=243600 err=-296 steer=0 m1=4287/225156 i1=151 t1=33 m2=-4313/-225156 i2=-206 t2=33 steerMode=0/2 iSteer=-27176 driveMode=225156/225877 iDrive=178383 scale=0 wheel=655000 ffS=0
2026-07-07T16:37:00.600+00:00 VCP run=1 step=0 angle=243457 target=243600 err=143 steer=0 m1=4300/225156 i1=123 t1=33 m2=-4305/-225156 i2=-204 t2=33 steerMode=0/271 iSteer=-40486 driveMode=225156/226387 iDrive=163075 scale=0 wheel=655000 ffS=0
2026-07-07T16:37:00.701+00:00 VCP run=1 step=0 angle=243633 target=243600 err=-33 steer=0 m1=4287/225156 i1=136 t1=33 m2=-4249/-225156 i2=-235 t2=33 steerMode=0/438 iSteer=-49630 driveMode=225156/225642 iDrive=185440 scale=0 wheel=655000 ffS=0
2026-07-07T16:37:00.701+00:00 VCP SET_TARGET_RX steer=243600 wheel=655000
2026-07-07T16:37:00.886+00:00 VCP run=1 step=0 angle=243896 target=243600 err=-296 steer=0 m1=4300/225156 i1=145 t1=33 m2=-4301/-225156 i2=-184 t2=33 steerMode=0/-159 iSteer=-19598 driveMode=225156/226337 iDrive=164585 scale=0 wheel=655000 ffS=0
2026-07-07T16:37:00.886+00:00 VCP run=1 step=0 angle=243633 target=243600 err=-33 steer=0 m1=4314/225156 i1=133 t1=33 m2=-4311/-225156 i2=-197 t2=33 steerMode=0/83 iSteer=-31906 driveMode=225156/226336 iDrive=164603 scale=0 wheel=655000 ffS=0
2026-07-07T16:37:00.990+00:00 VCP run=1 step=0 angle=243633 target=243600 err=-33 steer=0 m1=4314/225156 i1=137 t1=33 m2=-4276/-225156 i2=-231 t2=33 steerMode=0/372 iSteer=-46851 driveMode=225156/225678 iDrive=184351 scale=0 wheel=655000 ffS=0
2026-07-07T16:37:01.094+00:00 VCP run=1 step=0 angle=243633 target=243600 err=-33 steer=0 m1=4308/225156 i1=140 t1=33 m2=-4299/-225156 i2=-175 t2=33 steerMode=0/-215 iSteer=-17387 driveMode=225156/226574 iDrive=157466 scale=0 wheel=655000 ffS=0
2026-07-07T16:37:01.194+00:00 VCP run=1 step=0 angle=243369 target=243600 err=231 steer=0 m1=4294/225156 i1=119 t1=33 m2=-4290/-225156 i2=-200 t2=33 steerMode=0/249 iSteer=-40884 driveMode=225156/226503 iDrive=159597 scale=0 wheel=655000 ffS=0
2026-07-07T16:37:01.194+00:00 VCP SET_TARGET_RX steer=243600 wheel=655000
2026-07-07T16:37:01.298+00:00 VCP run=1 step=0 angle=243545 target=243600 err=55 steer=0 m1=4298/225156 i1=154 t1=33 m2=-4318/-225156 i2=-189 t2=33 steerMode=0/-223 iSteer=-17660 driveMode=225156/226097 iDrive=171772 scale=0 wheel=655000 ffS=0
2026-07-07T16:37:01.402+00:00 VCP run=1 step=0 angle=243457 target=243600 err=143 steer=0 m1=4308/225156 i1=123 t1=33 m2=-4290/-225156 i2=-208 t2=33 steerMode=0/269 iSteer=-42432 driveMode=225156/226304 iDrive=165572 scale=0 wheel=655000 ffS=0
2026-07-07T16:37:01.588+00:00 VCP run=1 step=0 angle=243545 target=243600 err=55 steer=0 m1=4306/225156 i1=131 t1=33 m2=-4253/-225156 i2=-214 t2=33 steerMode=0/248 iSteer=-41221 driveMode=225156/226072 iDrive=172524 scale=0 wheel=655000 ffS=0
2026-07-07T16:37:01.588+00:00 VCP run=1 step=0 angle=243457 target=243600 err=143 steer=0 m1=4304/225156 i1=138 t1=33 m2=-4288/-225156 i2=-203 t2=33 steerMode=0/55 iSteer=-32087 driveMode=225156/226141 iDrive=170456 scale=0 wheel=655000 ffS=0
2026-07-07T16:37:01.688+00:00 VCP run=1 step=0 angle=243369 target=243600 err=231 steer=0 m1=4314/225156 i1=114 t1=33 m2=-4305/-225156 i2=-194 t2=33 steerMode=0/209 iSteer=-39997 driveMode=225156/226700 iDrive=153676 scale=0 wheel=655000 ffS=0
2026-07-07T16:37:01.688+00:00 VCP SET_TARGET_RX steer=243600 wheel=655000
2026-07-07T16:37:01.792+00:00 VCP run=1 step=0 angle=243545 target=243600 err=55 steer=0 m1=4287/225156 i1=150 t1=33 m2=-4290/-225156 i2=-231 t2=33 steerMode=0/201 iSteer=-40693 driveMode=225156/225475 iDrive=190443 scale=0 wheel=655000 ffS=0
2026-07-07T16:37:01.896+00:00 VCP run=1 step=0 angle=243545 target=243600 err=55 steer=0 m1=4300/225156 i1=134 t1=33 m2=-4286/-225156 i2=-197 t2=33 steerMode=0/26 iSteer=-31396 driveMode=225156/226316 iDrive=165194 scale=0 wheel=655000 ffS=0
2026-07-07T16:37:02.000+00:00 VCP run=1 step=0 angle=243457 target=243600 err=143 steer=0 m1=4296/225156 i1=127 t1=33 m2=-4282/-225156 i2=-193 t2=33 steerMode=0/56 iSteer=-33267 driveMode=225156/226483 iDrive=160202 scale=0 wheel=655000 ffS=0
2026-07-07T16:37:02.104+00:00 VCP run=1 step=0 angle=243281 target=243600 err=319 steer=0 m1=4302/225156 i1=133 t1=33 m2=-4313/-225156 i2=-213 t2=33 steerMode=0/184 iSteer=-40225 driveMode=225156/226064 iDrive=172755 scale=0 wheel=655000 ffS=0
2026-07-07T16:37:02.104+00:00 VCP run=1 step=0 angle=243457 target=243600 err=143 steer=0 m1=4323/225156 i1=125 t1=33 m2=-4318/-225156 i2=-187 t2=33 steerMode=0/-5 iSteer=-30927 driveMode=225156/226622 iDrive=156022 scale=0 wheel=655000 ffS=0
2026-07-07T16:37:02.286+00:00 VCP SET_TARGET_RX steer=243600 wheel=655000
2026-07-07T16:37:02.286+00:00 VCP run=1 step=0 angle=243281 target=243600 err=319 steer=0 m1=4312/225156 i1=125 t1=33 m2=-4263/-225156 i2=-234 t2=33 steerMode=0/463 iSteer=-54593 driveMode=225156/225828 iDrive=179848 scale=0 wheel=655000 ffS=0
2026-07-07T16:37:02.390+00:00 VCP run=1 step=0 angle=243193 target=243600 err=407 steer=0 m1=4302/225156 i1=143 t1=33 m2=-4299/-225156 i2=-191 t2=33 steerMode=0/-159 iSteer=-23651 driveMode=225156/226252 iDrive=167142 scale=0 wheel=655000 ffS=0
2026-07-07T16:37:02.494+00:00 VCP run=1 step=0 angle=243281 target=243600 err=319 steer=0 m1=4296/225156 i1=112 t1=33 m2=-4311/-225156 i2=-210 t2=33 steerMode=0/345 iSteer=-48924 driveMode=225156/226452 iDrive=161134 scale=0 wheel=655000 ffS=0
2026-07-07T16:37:02.598+00:00 VCP run=1 step=0 angle=243457 target=243600 err=143 steer=0 m1=4294/225156 i1=150 t1=33 m2=-4309/-225156 i2=-211 t2=33 steerMode=0/-32 iSteer=-30287 driveMode=225156/225813 iDrive=180313 scale=0 wheel=655000 ffS=0
2026-07-07T16:37:02.698+00:00 VCP run=1 step=0 angle=243281 target=243600 err=319 steer=0 m1=4298/225156 i1=121 t1=33 m2=-4286/-225156 i2=-215 t2=33 steerMode=0/313 iSteer=-47267 driveMode=225156/226221 iDrive=168058 scale=0 wheel=655000 ffS=0
2026-07-07T16:37:02.698+00:00 VCP SET_TARGET_RX steer=243600 wheel=655000
2026-07-07T16:37:02.802+00:00 VCP run=1 step=0 angle=243281 target=243600 err=319 steer=0 m1=4302/225156 i1=116 t1=33 m2=-4295/-225156 i2=-198 t2=33 steerMode=0/184 iSteer=-41198 driveMode=225156/226592 iDrive=156924 scale=0 wheel=655000 ffS=0
2026-07-07T16:37:02.987+00:00 VCP run=1 step=0 angle=243457 target=243600 err=143 steer=0 m1=4281/225156 i1=150 t1=33 m2=-4301/-225156 i2=-204 t2=33 steerMode=0/-122 iSteer=-26851 driveMode=225156/225920 iDrive=177101 scale=0 wheel=655000 ffS=0
2026-07-07T16:37:02.987+00:00 VCP run=1 step=0 angle=243281 target=243600 err=319 steer=0 m1=4304/225156 i1=121 t1=33 m2=-4311/-225156 i2=-199 t2=33 steerMode=0/128 iSteer=-39072 driveMode=225156/226484 iDrive=160171 scale=0 wheel=655000 ffS=0
2026-07-07T16:37:03.091+00:00 VCP run=1 step=0 angle=243545 target=243600 err=55 steer=0 m1=4300/225156 i1=133 t1=33 m2=-4295/-225156 i2=-219 t2=33 steerMode=0/200 iSteer=-43371 driveMode=225156/225960 iDrive=175893 scale=0 wheel=655000 ffS=0
2026-07-07T16:37:03.192+00:00 VCP run=1 step=0 angle=243105 target=243600 err=495 steer=0 m1=4306/225156 i1=124 t1=33 m2=-4301/-225156 i2=-197 t2=33 steerMode=0/56 iSteer=-36163 driveMode=225156/226477 iDrive=160370 scale=0 wheel=655000 ffS=0
2026-07-07T16:37:03.192+00:00 VCP SET_TARGET_RX steer=243600 wheel=655000
2026-07-07T16:37:03.296+00:00 VCP run=1 step=0 angle=243281 target=243600 err=319 steer=0 m1=4287/225156 i1=131 t1=33 m2=-4315/-225156 i2=-192 t2=33 steerMode=0/-63 iSteer=-30771 driveMode=225156/226440 iDrive=161486 scale=0 wheel=655000 ffS=0
2026-07-07T16:37:03.400+00:00 VCP run=1 step=0 angle=243457 target=243600 err=143 steer=0 m1=4281/225156 i1=137 t1=33 m2=-4286/-225156 i2=-229 t2=33 steerMode=0/236 iSteer=-46324 driveMode=225156/225725 iDrive=182947 scale=0 wheel=655000 ffS=0
2026-07-07T16:37:03.585+00:00 VCP run=1 step=0 angle=243018 target=243600 err=582 steer=1165 m1=4317/226758 i1=200 t1=33 m2=-4290/-223555 i2=-129 t2=33 steerMode=1602/225 iSteer=35210 driveMode=225156/226343 iDrive=164384 scale=0 wheel=655000 ffS=0
2026-07-07T16:37:03.585+00:00 VCP run=1 step=0 angle=243633 target=243600 err=-33 steer=0 m1=4291/225156 i1=106 t1=33 m2=-4292/-225156 i2=-231 t2=33 steerMode=0/551 iSteer=-62132 driveMode=225156/226207 iDrive=168471 scale=0 wheel=655000 ffS=0
2026-07-07T16:37:03.685+00:00 VCP run=1 step=0 angle=243633 target=243600 err=-33 steer=0 m1=4298/225156 i1=156 t1=33 m2=-4288/-225156 i2=-184 t2=33 steerMode=0/-411 iSteer=-13868 driveMode=225156/226149 iDrive=170214 scale=0 wheel=655000 ffS=0
2026-07-07T16:37:03.685+00:00 VCP SET_TARGET_RX steer=243600 wheel=655000
2026-07-07T16:37:03.789+00:00 VCP run=1 step=0 angle=243457 target=243600 err=143 steer=0 m1=4304/225156 i1=119 t1=33 m2=-4284/-225156 i2=-212 t2=33 steerMode=0/237 iSteer=-46394 driveMode=225156/226304 iDrive=165580 scale=0 wheel=655000 ffS=0
2026-07-07T16:37:03.893+00:00 VCP run=1 step=0 angle=243457 target=243600 err=143 steer=0 m1=4289/225156 i1=130 t1=33 m2=-4292/-225156 i2=-228 t2=33 steerMode=0/286 iSteer=-49145 driveMode=225156/225855 iDrive=179029 scale=0 wheel=655000 ffS=0
2026-07-07T16:37:03.997+00:00 VCP run=1 step=0 angle=243633 target=243600 err=-33 steer=0 m1=4291/225156 i1=140 t1=33 m2=-4320/-225156 i2=-180 t2=33 steerMode=0/-297 iSteer=-19962 driveMode=225156/226490 iDrive=160003 scale=0 wheel=655000 ffS=0
2026-07-07T16:37:04.101+00:00 VCP run=1 step=0 angle=243369 target=243600 err=231 steer=0 m1=4304/225156 i1=117 t1=33 m2=-4307/-225156 i2=-192 t2=33 steerMode=0/54 iSteer=-37482 driveMode=225156/226668 iDrive=154649 scale=0 wheel=655000 ffS=0
2026-07-07T16:37:04.201+00:00 VCP run=1 step=0 angle=243545 target=243600 err=55 steer=0 m1=4283/225156 i1=152 t1=33 m2=-4303/-225156 i2=-206 t2=33 steerMode=0/-165 iSteer=-27239 driveMode=225156/225854 iDrive=179064 scale=0 wheel=655000 ffS=0
2026-07-07T16:37:04.201+00:00 VCP SET_TARGET_RX steer=243600 wheel=655000
2026-07-07T16:37:04.385+00:00 VCP run=1 step=0 angle=243105 target=270400 err=27295 steer=1800 m1=4321/227631 i1=213 t1=33 m2=-4288/-222681 i2=-114 t2=33 steerMode=2475/790 iSteer=49499 driveMode=225156/226383 iDrive=163210 scale=0 wheel=655000 ffS=0
2026-07-07T16:37:04.385+00:00 VCP run=1 step=0 angle=253037 target=270400 err=17363 steer=34829 m1=5380/273046 i1=406 t1=33 m2=-3181/-177266 i2=31 t2=33 steerMode=47890/44070 iSteer=218405 driveMode=225156/225573 iDrive=187494 scale=0 wheel=655000 ffS=0
2026-07-07T16:37:04.488+00:00 VCP run=1 step=0 angle=269385 target=270400 err=1015 steer=2031 m1=4260/227948 i1=-351 t1=33 m2=-4349/-222364 i2=-721 t2=33 steerMode=2792/12659 iSteer=-536270 driveMode=225156/225679 iDrive=185082 scale=0 wheel=655000 ffS=0
2026-07-07T16:37:04.591+00:00 VCP run=1 step=0 angle=267363 target=270400 err=3037 steer=6073 m1=4494/233507 i1=313 t1=33 m2=-4100/-216805 i2=-3 t2=33 steerMode=8351/4751 iSteer=155160 driveMode=225156/226565 iDrive=157737 scale=0 wheel=655000 ffS=0
2026-07-07T16:37:04.691+00:00 VCP run=1 step=0 angle=270791 target=270400 err=-391 steer=0 m1=4266/225156 i1=50 t1=33 m2=-4288/-225156 i2=-312 t2=33 steerMode=0/1846 iSteer=-130662 driveMode=225156/225789 iDrive=181004 scale=0 wheel=655000 ffS=0
2026-07-07T16:37:04.692+00:00 VCP SET_TARGET_RX steer=270400 wheel=655000
2026-07-07T16:37:04.795+00:00 VCP run=1 step=0 angle=270176 target=270400 err=224 steer=0 m1=4312/225156 i1=164 t1=33 m2=-4313/-225156 i2=-171 t2=33 steerMode=0/-654 iSteer=-3534 driveMode=225156/226241 iDrive=167465 scale=0 wheel=655000 ffS=0
2026-07-07T16:37:04.899+00:00 VCP run=1 step=0 angle=270439 target=270400 err=-39 steer=0 m1=4308/225156 i1=119 t1=33 m2=-4278/-225156 i2=-244 t2=33 steerMode=0/506 iSteer=-62534 driveMode=225156/225761 iDrive=181868 scale=0 wheel=655000 ffS=0
2026-07-07T16:37:05.085+00:00 VCP run=1 step=0 angle=270264 target=270400 err=136 steer=0 m1=4300/225156 i1=133 t1=33 m2=-4284/-225156 i2=-218 t2=33 steerMode=0/96 iSteer=-42436 driveMode=225156/225962 iDrive=175834 scale=0 wheel=655000 ffS=0
2026-07-07T16:37:05.085+00:00 VCP run=1 step=0 angle=270264 target=270400 err=136 steer=0 m1=4300/225156 i1=141 t1=33 m2=-4278/-225156 i2=-200 t2=33 steerMode=0/-159 iSteer=-29470 driveMode=225156/226139 iDrive=170531 scale=0 wheel=655000 ffS=0
2026-07-07T16:37:05.185+00:00 VCP run=1 step=0 angle=270176 target=270400 err=224 steer=0 m1=4298/225156 i1=145 t1=33 m2=-4299/-225156 i2=-203 t2=33 steerMode=0/-172 iSteer=-29196 driveMode=225156/226022 iDrive=174043 scale=0 wheel=655000 ffS=0
2026-07-07T16:37:05.185+00:00 VCP SET_TARGET_RX steer=270400 wheel=655000
2026-07-07T16:37:05.289+00:00 VCP run=1 step=0 angle=270264 target=270400 err=136 steer=0 m1=4300/225156 i1=139 t1=33 m2=-4311/-225156 i2=-229 t2=33 steerMode=0/121 iSteer=-44792 driveMode=225156/225693 iDrive=183886 scale=0 wheel=655000 ffS=0
2026-07-07T16:37:05.393+00:00 VCP run=1 step=0 angle=269912 target=270400 err=488 steer=552 m1=4323/225915 i1=134 t1=33 m2=-4274/-224398 i2=-197 t2=33 steerMode=758/643 iSteer=-31451 driveMode=225156/226319 iDrive=165128 scale=0 wheel=655000 ffS=0
2026-07-07T16:37:05.497+00:00 VCP run=1 step=0 angle=270352 target=270400 err=48 steer=0 m1=4273/225156 i1=147 t1=33 m2=-4269/-225156 i2=-227 t2=33 steerMode=0/9 iSteer=-39600 driveMode=225156/225590 iDrive=186987 scale=0 wheel=655000 ffS=0
2026-07-07T16:37:05.601+00:00 VCP run=1 step=0 angle=270352 target=270400 err=48 steer=0 m1=4283/225156 i1=144 t1=33 m2=-4280/-225156 i2=-195 t2=33 steerMode=0/-266 iSteer=-25452 driveMode=225156/226163 iDrive=169785 scale=0 wheel=655000 ffS=0
2026-07-07T16:37:05.701+00:00 VCP run=1 step=0 angle=270000 target=270400 err=400 steer=0 m1=4304/225156 i1=113 t1=33 m2=-4303/-225156 i2=-217 t2=33 steerMode=0/257 iSteer=-52004 driveMode=225156/226333 iDrive=164696 scale=0 wheel=655000 ffS=0
2026-07-07T16:37:05.701+00:00 VCP SET_TARGET_RX steer=270400 wheel=655000
2026-07-07T16:37:05.887+00:00 VCP run=1 step=0 angle=270352 target=270400 err=48 steer=0 m1=4277/225156 i1=135 t1=33 m2=-4274/-225156 i2=-257 t2=33 steerMode=0/421 iSteer=-61065 driveMode=225156/225302 iDrive=195639 scale=0 wheel=655000 ffS=0
2026-07-07T16:37:05.887+00:00 VCP run=1 step=0 angle=270439 target=270400 err=-39 steer=0 m1=4291/225156 i1=135 t1=33 m2=-4280/-225156 i2=-188 t2=33 steerMode=0/-257 iSteer=-26457 driveMode=225156/226444 iDrive=161372 scale=0 wheel=655000 ffS=0
2026-07-07T16:37:05.991+00:00 VCP run=1 step=0 angle=270439 target=270400 err=-39 steer=0 m1=4279/225156 i1=133 t1=33 m2=-4307/-225156 i2=-220 t2=33 steerMode=0/70 iSteer=-43469 driveMode=225156/225955 iDrive=176036 scale=0 wheel=655000 ffS=0
2026-07-07T16:37:06.095+00:00 VCP run=1 step=0 angle=270088 target=270400 err=312 steer=0 m1=4291/225156 i1=139 t1=33 m2=-4292/-225156 i2=-218 t2=33 steerMode=0/-6 iSteer=-39694 driveMode=225156/225866 iDrive=178696 scale=0 wheel=655000 ffS=0
2026-07-07T16:37:06.195+00:00 VCP run=1 step=0 angle=270352 target=270400 err=48 steer=0 m1=4291/225156 i1=135 t1=33 m2=-4284/-225156 i2=-237 t2=33 steerMode=0/220 iSteer=-51014 driveMode=225156/225627 iDrive=185870 scale=0 wheel=655000 ffS=0
2026-07-07T16:37:06.195+00:00 VCP SET_TARGET_RX steer=270400 wheel=655000
2026-07-07T16:37:06.299+00:00 VCP run=1 step=0 angle=270264 target=270400 err=136 steer=0 m1=4291/225156 i1=135 t1=33 m2=-4255/-225156 i2=-235 t2=33 steerMode=0/196 iSteer=-49546 driveMode=225156/225656 iDrive=185017 scale=0 wheel=655000 ffS=0
2026-07-07T16:37:06.402+00:00 VCP run=1 step=0 angle=270527 target=279700 err=9173 steer=18345 m1=4572/250381 i1=1096 t1=33 m2=-3974/-199931 i2=733 t2=33 steerMode=25225/6507 iSteer=914903 driveMode=225156/225774 iDrive=181476 scale=0 wheel=655000 ffS=0
2026-07-07T16:37:06.587+00:00 VCP run=1 step=0 angle=279229 target=279700 err=471 steer=0 m1=4352/225156 i1=-438 t1=33 m2=-4232/-225156 i2=-806 t2=33 steerMode=0/11528 iSteer=-621801 driveMode=225156/225691 iDrive=183963 scale=0 wheel=655000 ffS=0
2026-07-07T16:37:06.587+00:00 VCP run=1 step=0 angle=278086 target=279700 err=1614 steer=3228 m1=4340/229595 i1=374 t1=33 m2=-4238/-220718 i2=1 t2=33 steerMode=4439/-106 iSteer=187687 driveMode=225156/225606 iDrive=186499 scale=0 wheel=655000 ffS=0
2026-07-07T16:37:06.687+00:00 VCP run=1 step=0 angle=279492 target=279700 err=208 steer=0 m1=4283/225156 i1=75 t1=33 m2=-4282/-225156 i2=-262 t2=32 steerMode=0/958 iSteer=-93345 driveMode=225156/226199 iDrive=168706 scale=0 wheel=655000 ffS=0
2026-07-07T16:37:06.687+00:00 VCP SET_TARGET_RX steer=279700 wheel=655000
2026-07-07T16:37:06.790+00:00 VCP run=1 step=0 angle=278789 target=279700 err=911 steer=1822 m1=4308/227661 i1=271 t1=33 m2=-4274/-222651 i2=-91 t2=32 steerMode=2505/-157 iSteer=89972 driveMode=225156/225804 iDrive=180571 scale=0 wheel=655000 ffS=0
2026-07-07T16:37:06.894+00:00 VCP run=1 step=0 angle=279932 target=279700 err=-232 steer=0 m1=4281/225156 i1=120 t1=33 m2=-4305/-225156 i2=-239 t2=32 steerMode=0/280 iSteer=-59671 driveMode=225156/225843 iDrive=179412 scale=0 wheel=655000 ffS=0
2026-07-07T16:37:06.998+00:00 VCP run=1 step=0 angle=279492 target=279700 err=208 steer=0 m1=4291/225156 i1=135 t1=33 m2=-4297/-225156 i2=-201 t2=32 steerMode=0/-223 iSteer=-33133 driveMode=225156/226223 iDrive=167986 scale=0 wheel=655000 ffS=0
2026-07-07T16:37:07.102+00:00 VCP run=1 step=0 angle=279580 target=279700 err=120 steer=0 m1=4287/225156 i1=130 t1=33 m2=-4282/-225156 i2=-233 t2=32 steerMode=0/143 iSteer=-51273 driveMode=225156/225772 iDrive=181534 scale=0 wheel=655000 ffS=0
2026-07-07T16:37:07.202+00:00 VCP run=1 step=0 angle=279229 target=279700 err=471 steer=0 m1=4289/225156 i1=142 t1=33 m2=-4318/-225156 i2=-188 t2=32 steerMode=0/-416 iSteer=-23020 driveMode=225156/226314 iDrive=165259 scale=0 wheel=655000 ffS=0
2026-07-07T16:37:07.202+00:00 VCP SET_TARGET_RX steer=279700 wheel=655000
2026-07-07T16:37:07.388+00:00 VCP run=1 step=0 angle=279580 target=279700 err=120 steer=0 m1=4310/225156 i1=104 t1=33 m2=-4278/-225156 i2=-271 t2=32 steerMode=0/809 iSteer=-83220 driveMode=225156/225572 iDrive=187516 scale=0 wheel=655000 ffS=0
2026-07-07T16:37:07.388+00:00 VCP run=1 step=0 angle=279492 target=279700 err=208 steer=0 m1=4289/225156 i1=140 t1=33 m2=-4299/-225156 i2=-223 t2=32 steerMode=0/-15 iSteer=-41622 driveMode=225156/225781 iDrive=181258 scale=0 wheel=655000 ffS=0
2026-07-07T16:37:07.491+00:00 VCP run=1 step=0 angle=279141 target=279700 err=559 steer=600 m1=4291/225981 i1=179 t1=33 m2=-4307/-224331 i2=-155 t2=32 steerMode=825/-250 iSteer=11797 driveMode=225156/226258 iDrive=166935 scale=0 wheel=655000 ffS=0
2026-07-07T16:37:07.595+00:00 VCP run=1 step=0 angle=279404 target=279700 err=296 steer=0 m1=4310/225156 i1=50 t1=33 m2=-4267/-225156 i2=-302 t2=32 steerMode=0/1690 iSteer=-125770 driveMode=225156/225962 iDrive=175815 scale=0 wheel=655000 ffS=0
2026-07-07T16:37:07.695+00:00 VCP run=1 step=0 angle=279756 target=315600 err=35844 steer=13800 m1=4356/244131 i1=1077 t1=33 m2=-4236/-206181 i2=710 t2=32 steerMode=18975/402 iSteer=893217 driveMode=225156/225701 iDrive=183650 scale=0 wheel=655000 ffS=0
2026-07-07T16:37:07.695+00:00 VCP SET_TARGET_RX steer=315600 wheel=655000
2026-07-07T16:37:07.798+00:00 VCP run=1 step=0 angle=295400 target=315600 err=20200 steer=40000 m1=5472/280156 i1=145 t1=33 m2=-3022/-170156 i2=-277 t2=32 steerMode=55000/56719 iSteer=-65933 driveMode=225156/224780 iDrive=211327 scale=0 wheel=655000 ffS=0
2026-07-07T16:37:07.901+00:00 VCP run=1 step=0 angle=312979 target=315600 err=2621 steer=5243 m1=4394/232365 i1=-400 t1=33 m2=-4202/-217947 i2=-771 t2=32 steerMode=7209/18027 iSteer=-585638 driveMode=225156/225666 iDrive=185434 scale=0 wheel=655000 ffS=0
2026-07-07T16:37:08.085+00:00 VCP run=1 step=0 angle=313506 target=315600 err=2094 steer=4188 m1=4421/230915 i1=215 t1=33 m2=-4182/-219397 i2=-101 t2=32 steerMode=5759/3884 iSteer=57170 driveMode=225156/226551 iDrive=158160 scale=0 wheel=655000 ffS=0
2026-07-07T16:37:08.085+00:00 VCP run=1 step=0 angle=315264 target=315600 err=336 steer=0 m1=4296/225156 i1=-9 t1=33 m2=-4286/-225156 i2=-364 t2=32 steerMode=0/2863 iSteer=-186677 driveMode=225156/225903 iDrive=177613 scale=0 wheel=655000 ffS=0
2026-07-07T16:37:08.186+00:00 VCP run=1 step=0 angle=315352 target=315600 err=248 steer=0 m1=4283/225156 i1=171 t1=33 m2=-4292/-225156 i2=-192 t2=32 steerMode=0/-635 iSteer=-10850 driveMode=225156/225769 iDrive=181632 scale=0 wheel=655000 ffS=0
2026-07-07T16:37:08.186+00:00 VCP SET_TARGET_RX steer=315600 wheel=655000
2026-07-07T16:37:08.289+00:00 VCP run=1 step=0 angle=315264 target=315600 err=336 steer=0 m1=4304/225156 i1=129 t1=33 m2=-4315/-225156 i2=-177 t2=32 steerMode=0/-370 iSteer=-24038 driveMode=225156/226715 iDrive=153233 scale=0 wheel=655000 ffS=0
2026-07-07T16:37:08.393+00:00 VCP run=1 step=0 angle=315352 target=315600 err=248 steer=0 m1=4312/225156 i1=68 t1=33 m2=-4267/-225156 i2=-310 t2=32 steerMode=0/1590 iSteer=-121138 driveMode=225156/225529 iDrive=188831 scale=0 wheel=655000 ffS=0
2026-07-07T16:37:08.497+00:00 VCP run=1 step=0 angle=315439 target=315600 err=161 steer=0 m1=4277/225156 i1=146 t1=33 m2=-4322/-225156 i2=-202 t2=32 steerMode=0/-291 iSteer=-27908 driveMode=225156/226013 iDrive=174308 scale=0 wheel=655000 ffS=0
2026-07-07T16:37:08.601+00:00 VCP run=1 step=0 angle=315352 target=315600 err=248 steer=0 m1=4306/225156 i1=124 t1=33 m2=-4295/-225156 i2=-192 t2=32 steerMode=0/-153 iSteer=-33928 driveMode=225156/226552 iDrive=158127 scale=0 wheel=655000 ffS=0
2026-07-07T16:37:08.701+00:00 VCP run=1 step=0 angle=315176 target=315600 err=424 steer=0 m1=4325/225156 i1=52 t1=33 m2=-4269/-225156 i2=-298 t2=32 steerMode=0/1658 iSteer=-123039 driveMode=225156/225982 iDrive=175223 scale=0 wheel=655000 ffS=0
2026-07-07T16:37:08.701+00:00 VCP SET_TARGET_RX steer=315600 wheel=655000
2026-07-07T16:37:08.887+00:00 VCP run=1 step=0 angle=315703 target=315600 err=-103 steer=0 m1=4298/225156 i1=148 t1=33 m2=-4292/-225156 i2=-192 t2=32 steerMode=0/-385 iSteer=-21768 driveMode=225156/226150 iDrive=170184 scale=0 wheel=655000 ffS=0
2026-07-07T16:37:08.887+00:00 VCP run=1 step=0 angle=315264 target=315600 err=336 steer=0 m1=4300/225156 i1=118 t1=33 m2=-4282/-225156 i2=-219 t2=32 steerMode=0/195 iSteer=-50261 driveMode=225156/226202 iDrive=168620 scale=0 wheel=655000 ffS=0
2026-07-07T16:37:08.990+00:00 VCP run=1 step=0 angle=315352 target=315600 err=248 steer=0 m1=4281/225156 i1=130 t1=33 m2=-4286/-225156 i2=-239 t2=32 steerMode=0/266 iSteer=-54452 driveMode=225156/225673 iDrive=184488 scale=0 wheel=655000 ffS=0
2026-07-07T16:37:09.094+00:00 VCP run=1 step=0 angle=315352 target=315600 err=248 steer=0 m1=4296/225156 i1=135 t1=33 m2=-4318/-225156 i2=-170 t2=32 steerMode=0/-470 iSteer=-17572 driveMode=225156/226745 iDrive=152333 scale=0 wheel=655000 ffS=0
2026-07-07T16:37:09.195+00:00 VCP run=1 step=0 angle=315352 target=315600 err=248 steer=0 m1=4279/225156 i1=135 t1=33 m2=-4265/-225156 i2=-241 t2=32 steerMode=0/230 iSteer=-52734 driveMode=225156/225553 iDrive=188091 scale=0 wheel=655000 ffS=0
2026-07-07T16:37:09.195+00:00 VCP SET_TARGET_RX steer=315600 wheel=655000
2026-07-07T16:37:09.299+00:00 VCP run=1 step=0 angle=315615 target=315600 err=-15 steer=0 m1=4283/225156 i1=137 t1=33 m2=-4282/-225156 i2=-236 t2=32 steerMode=0/158 iSteer=-49199 driveMode=225156/225611 iDrive=186357 scale=0 wheel=655000 ffS=0
2026-07-07T16:37:09.402+00:00 VCP run=1 step=0 angle=315176 target=315600 err=424 steer=0 m1=4296/225156 i1=127 t1=33 m2=-4315/-225156 i2=-172 t2=32 steerMode=0/-359 iSteer=-22670 driveMode=225156/226840 iDrive=149488 scale=0 wheel=655000 ffS=0
2026-07-07T16:37:09.588+00:00 VCP run=1 step=0 angle=315439 target=315600 err=161 steer=0 m1=4306/225156 i1=75 t1=33 m2=-4272/-225156 i2=-290 t2=32 steerMode=0/1352 iSteer=-107202 driveMode=225156/225744 iDrive=182357 scale=0 wheel=655000 ffS=0
2026-07-07T16:37:09.588+00:00 VCP run=1 step=0 angle=315615 target=315600 err=-15 steer=0 m1=4294/225156 i1=157 t1=33 m2=-4320/-225156 i2=-172 t2=32 steerMode=0/-656 iSteer=-7188 driveMode=225156/226344 iDrive=164359 scale=0 wheel=655000 ffS=0
2026-07-07T16:37:09.688+00:00 VCP run=1 step=0 angle=315264 target=315600 err=336 steer=0 m1=4304/225156 i1=112 t1=33 m2=-4265/-225156 i2=-242 t2=32 steerMode=0/501 iSteer=-64830 driveMode=225156/225930 iDrive=176777 scale=0 wheel=655000 ffS=0
2026-07-07T16:37:09.688+00:00 VCP SET_TARGET_RX steer=315600 wheel=655000
2026-07-07T16:37:09.792+00:00 VCP run=1 step=0 angle=315264 target=315600 err=336 steer=0 m1=4296/225156 i1=95 t1=33 m2=-4265/-225156 i2=-270 t2=32 steerMode=0/956 iSteer=-87752 driveMode=225156/225734 iDrive=182663 scale=0 wheel=655000 ffS=0
2026-07-07T16:37:09.896+00:00 VCP run=1 step=0 angle=315439 target=315600 err=161 steer=0 m1=4300/225156 i1=141 t1=33 m2=-4311/-225156 i2=-187 t2=32 steerMode=0/-326 iSteer=-23453 driveMode=225156/226355 iDrive=164042 scale=0 wheel=655000 ffS=0
2026-07-07T16:37:10.000+00:00 VCP run=1 step=0 angle=315352 target=315600 err=248 steer=0 m1=4302/225156 i1=124 t1=33 m2=-4284/-225156 i2=-225 t2=32 steerMode=0/217 iSteer=-50676 driveMode=225156/225996 iDrive=174796 scale=0 wheel=655000 ffS=0
2026-07-07T16:37:10.123+00:00 VCP run=1 step=0 angle=315439 target=315600 err=161 steer=0 m1=4296/225156 i1=127 t1=33 m2=-4265/-225156 i2=-240 t2=32 steerMode=0/321 iSteer=-56501 driveMode=225156/225702 iDrive=183625 scale=0 wheel=655000 ffS=0
2026-07-07T16:37:10.123+00:00 VCP run=1 step=0 angle=315352 target=315600 err=248 steer=0 m1=4291/225156 i1=122 t1=33 m2=-4280/-225156 i2=-197 t2=32 steerMode=0/-45 iSteer=-37846 driveMode=225156/226510 iDrive=159378 scale=0 wheel=655000 ffS=0
2026-07-07T16:37:10.286+00:00 VCP SET_TARGET_RX steer=315600 wheel=655000
2026-07-07T16:37:10.286+00:00 VCP run=1 step=0 angle=315439 target=315600 err=161 steer=0 m1=4277/225156 i1=142 t1=33 m2=-4309/-225156 i2=-224 t2=32 steerMode=0/8 iSteer=-41221 driveMode=225156/225715 iDrive=183231 scale=0 wheel=655000 ffS=0
2026-07-07T16:37:10.389+00:00 VCP run=1 step=0 angle=315527 target=269400 err=-46127 steer=-1200 m1=4298/223506 i1=53 t1=33 m2=-4307/-226806 i2=-285 t2=32 steerMode=-1650/-144 iSteer=-115991 driveMode=225156/226188 iDrive=169043 scale=0 wheel=655000 ffS=0
2026-07-07T16:37:10.491+00:00 VCP run=1 step=0 angle=306299 target=269400 err=-36899 steer=-40000 m1=3180/170156 i1=-526 t1=33 m2=-5420/-280156 i2=-834 t2=32 steerMode=-55000/-43459 iSteer=-680142 driveMode=225156/226682 iDrive=154241 scale=0 wheel=655000 ffS=0
2026-07-07T16:37:10.594+00:00 VCP run=1 step=0 angle=279668 target=269400 err=-10268 steer=-20536 m1=3429/196919 i1=1429 t1=33 m2=-5075/-253393 i2=968 t2=32 steerMode=-28237/-53717 iSteer=1198716 driveMode=225156/224156 iDrive=230456 scale=0 wheel=655000 ffS=0
2026-07-07T16:37:10.693+00:00 VCP run=1 step=0 angle=273779 target=269400 err=-4379 steer=-8759 m1=4151/213113 i1=-101 t1=33 m2=-4449/-237199 i2=-471 t2=32 steerMode=-12043/-7312 iSteer=-286023 driveMode=225156/225686 iDrive=185054 scale=0 wheel=655000 ffS=0
2026-07-07T16:37:10.693+00:00 VCP SET_TARGET_RX steer=269400 wheel=655000
2026-07-07T16:37:10.796+00:00 VCP run=1 step=0 angle=269561 target=269400 err=-161 steer=0 m1=4248/225156 i1=387 t1=33 m2=-4305/-225156 i2=36 t2=32 steerMode=0/-5038 iSteer=211453 driveMode=225156/225960 iDrive=175889 scale=0 wheel=655000 ffS=0
2026-07-07T16:37:10.899+00:00 VCP run=1 step=0 angle=270176 target=269400 err=-776 steer=-1552 m1=4283/223023 i1=-5 t1=33 m2=-4297/-227290 i2=-351 t2=32 steerMode=-2133/613 iSteer=-177891 driveMode=225156/226055 iDrive=173047 scale=0 wheel=655000 ffS=0
2026-07-07T16:37:11.085+00:00 VCP run=1 step=0 angle=269297 target=269400 err=103 steer=0 m1=4306/225156 i1=184 t1=33 m2=-4315/-225156 i2=-153 t2=32 steerMode=0/-1097 iSteer=15502 driveMode=225156/226216 iDrive=168203 scale=0 wheel=655000 ffS=0
2026-07-07T16:37:11.085+00:00 VCP run=1 step=0 angle=269473 target=269400 err=-73 steer=0 m1=4308/225156 i1=112 t1=33 m2=-4259/-225156 i2=-268 t2=32 steerMode=0/773 iSteer=-78431 driveMode=225156/225490 iDrive=189992 scale=0 wheel=655000 ffS=0
2026-07-07T16:37:11.185+00:00 VCP run=1 step=0 angle=269033 target=269400 err=367 steer=0 m1=4317/225156 i1=138 t1=33 m2=-4299/-225156 i2=-190 t2=32 steerMode=0/-285 iSteer=-25668 driveMode=225156/226360 iDrive=163892 scale=0 wheel=655000 ffS=0
2026-07-07T16:37:11.185+00:00 VCP SET_TARGET_RX steer=269400 wheel=655000
2026-07-07T16:37:11.289+00:00 VCP run=1 step=0 angle=269297 target=269400 err=103 steer=0 m1=4287/225156 i1=142 t1=33 m2=-4309/-225156 i2=-216 t2=32 steerMode=0/-63 iSteer=-36927 driveMode=225156/225864 iDrive=178764 scale=0 wheel=655000 ffS=0
2026-07-07T16:37:11.393+00:00 VCP run=1 step=0 angle=269561 target=269400 err=-161 steer=0 m1=4294/225156 i1=133 t1=33 m2=-4307/-225156 i2=-226 t2=32 steerMode=0/137 iSteer=-46653 driveMode=225156/225831 iDrive=179763 scale=0 wheel=655000 ffS=0
2026-07-07T16:37:11.497+00:00 VCP run=1 step=0 angle=269209 target=269400 err=191 steer=0 m1=4302/225156 i1=134 t1=33 m2=-4288/-225156 i2=-200 t2=32 steerMode=0/-136 iSteer=-32735 driveMode=225156/226259 iDrive=166931 scale=0 wheel=655000 ffS=0
2026-07-07T16:37:11.600+00:00 VCP run=1 step=0 angle=268594 target=269400 err=806 steer=1613 m1=4319/227374 i1=228 t1=33 m2=-4267/-222939 i2=-121 t2=32 steerMode=2217/378 iSteer=53539 driveMode=225156/225991 iDrive=174953 scale=0 wheel=655000 ffS=0
2026-07-07T16:37:11.699+00:00 VCP run=1 step=0 angle=269297 target=211600 err=-57697 steer=-25200 m1=3980/190506 i1=-1272 t1=33 m2=-4608/-259806 i2=-1637 t2=32 steerMode=-34650/-6792 iSteer=-1454211 driveMode=225156/225743 iDrive=182399 scale=0 wheel=655000 ffS=0
2026-07-07T16:37:11.699+00:00 VCP SET_TARGET_RX steer=211600 wheel=655000
2026-07-07T16:37:11.801+00:00 VCP run=1 step=0 angle=246533 target=211600 err=-34933 steer=-40000 m1=3122/170156 i1=419 t1=33 m2=-5479/-280156 i2=108 t2=33 steerMode=-55000/-62144 iSteer=263391 driveMode=225156/226643 iDrive=155399 scale=0 wheel=655000 ffS=0
2026-07-07T16:37:11.985+00:00 VCP run=1 step=0 angle=222627 target=211600 err=-11027 steer=-22054 m1=3446/194832 i1=1102 t1=33 m2=-5100/-255480 i2=705 t2=33 steerMode=-30324/-49872 iSteer=903781 driveMode=225156/225212 iDrive=198335 scale=0 wheel=655000 ffS=0
2026-07-07T16:37:11.985+00:00 VCP run=1 step=0 angle=214893 target=211600 err=-3293 steer=-6585 m1=4225/216102 i1=62 t1=34 m2=-4366/-234211 i2=-327 t2=33 steerMode=-9055/-7221 iSteer=-132289 driveMode=225156/225345 iDrive=194324 scale=0 wheel=655000 ffS=0
2026-07-07T16:37:12.088+00:00 VCP run=1 step=0 angle=212168 target=211600 err=-568 steer=-1136 m1=4227/223594 i1=307 t1=34 m2=-4357/-226718 i2=-18 t2=33 steerMode=-1562/-5232 iSteer=144241 driveMode=225156/226400 iDrive=162674 scale=0 wheel=655000 ffS=0
2026-07-07T16:37:12.188+00:00 VCP run=1 step=0 angle=211816 target=211600 err=-216 steer=0 m1=4296/225156 i1=112 t1=34 m2=-4295/-225156 i2=-228 t2=33 steerMode=0/437 iSteer=-57839 driveMode=225156/226164 iDrive=169761 scale=0 wheel=655000 ffS=0
2026-07-07T16:37:12.188+00:00 VCP SET_TARGET_RX steer=211600 wheel=655000
2026-07-07T16:37:12.292+00:00 VCP run=1 step=0 angle=211553 target=211600 err=47 steer=0 m1=4289/225156 i1=174 t1=34 m2=-4311/-225156 i2=-158 t2=33 steerMode=0/-885 iSteer=7959 driveMode=225156/226301 iDrive=165667 scale=0 wheel=655000 ffS=0
2026-07-07T16:37:12.396+00:00 VCP run=1 step=0 angle=211729 target=211600 err=-129 steer=0 m1=4277/225156 i1=131 t1=34 m2=-4307/-225156 i2=-213 t2=33 steerMode=0/91 iSteer=-40984 driveMode=225156/226090 iDrive=171976 scale=0 wheel=655000 ffS=0
2026-07-07T16:37:12.500+00:00 VCP run=1 step=0 angle=211553 target=211600 err=47 steer=0 m1=4289/225156 i1=139 t1=34 m2=-4272/-225156 i2=-233 t2=33 steerMode=0/231 iSteer=-47198 driveMode=225156/225616 iDrive=186203 scale=0 wheel=655000 ffS=0
2026-07-07T16:37:12.623+00:00 VCP run=1 step=0 angle=211553 target=211600 err=47 steer=0 m1=4302/225156 i1=142 t1=34 m2=-4328/-225156 i2=-188 t2=33 steerMode=0/-246 iSteer=-23360 driveMode=225156/226318 iDrive=165137 scale=0 wheel=655000 ffS=0
2026-07-07T16:37:12.623+00:00 VCP run=1 step=0 angle=211641 target=211600 err=-41 steer=0 m1=4296/225156 i1=136 t1=34 m2=-4315/-225156 i2=-199 t2=33 steerMode=0/-90 iSteer=-31766 driveMode=225156/226243 iDrive=167395 scale=0 wheel=655000 ffS=0
2026-07-07T16:37:12.786+00:00 VCP SET_TARGET_RX steer=211600 wheel=655000
2026-07-07T16:37:12.786+00:00 VCP run=1 step=0 angle=211201 target=211600 err=399 steer=0 m1=4302/225156 i1=129 t1=34 m2=-4315/-225156 i2=-191 t2=33 steerMode=0/-101 iSteer=-30914 driveMode=225156/226494 iDrive=159860 scale=0 wheel=655000 ffS=0
2026-07-07T16:37:12.890+00:00 VCP run=1 step=0 angle=211113 target=211600 err=487 steer=0 m1=4310/225156 i1=108 t1=34 m2=-4278/-225156 i2=-221 t2=33 steerMode=0/417 iSteer=-56393 driveMode=225156/226337 iDrive=164571 scale=0 wheel=655000 ffS=0
2026-07-07T16:37:12.993+00:00 VCP run=1 step=0 angle=211025 target=211600 err=575 steer=1149 m1=4302/226736 i1=223 t1=34 m2=-4297/-223576 i2=-104 t2=33 steerMode=1580/-309 iSteer=59504 driveMode=225156/226378 iDrive=163356 scale=0 wheel=655000 ffS=0
2026-07-07T16:37:13.097+00:00 VCP run=1 step=0 angle=211465 target=211600 err=135 steer=0 m1=4291/225156 i1=114 t1=34 m2=-4311/-225156 i2=-224 t2=33 steerMode=0/388 iSteer=-55242 driveMode=225156/226197 iDrive=168778 scale=0 wheel=655000 ffS=0
2026-07-07T16:37:13.197+00:00 VCP run=1 step=0 angle=211465 target=211600 err=135 steer=0 m1=4283/225156 i1=131 t1=34 m2=-4303/-225156 i2=-196 t2=33 steerMode=0/-65 iSteer=-32119 driveMode=225156/226370 iDrive=163601 scale=0 wheel=655000 ffS=0
2026-07-07T16:37:13.197+00:00 VCP SET_TARGET_RX steer=211600 wheel=655000
2026-07-07T16:37:13.301+00:00 VCP run=1 step=0 angle=211025 target=211600 err=575 steer=1149 m1=4300/226736 i1=210 t1=34 m2=-4272/-223576 i2=-125 t2=33 steerMode=1580/40 iSteer=42553 driveMode=225156/226244 iDrive=167355 scale=0 wheel=655000 ffS=0
2026-07-07T16:37:13.403+00:00 VCP run=1 step=0 angle=209531 target=156500 err=-53031 steer=-37200 m1=3687/174006 i1=-1533 t1=34 m2=-4937/-276306 i2=-1843 t2=33 steerMode=-51150/-18863 iSteer=-1688099 driveMode=225156/226652 iDrive=155141 scale=0 wheel=655000 ffS=0
2026-07-07T16:37:13.586+00:00 VCP run=1 step=0 angle=182461 target=156500 err=-25961 steer=-40000 m1=3159/170156 i1=505 t1=34 m2=-5422/-280156 i2=166 t2=33 steerMode=-55000/-63348 iSteer=335062 driveMode=225156/226171 iDrive=169553 scale=0 wheel=655000 ffS=0
2026-07-07T16:37:13.586+00:00 VCP run=1 step=0 angle=162686 target=156500 err=-6186 steer=-12371 m1=3856/208146 i1=920 t1=34 m2=-4709/-242167 i2=524 t2=33 steerMode=-17010/-32329 iSteer=722108 driveMode=225156/225224 iDrive=197962 scale=0 wheel=655000 ffS=0
2026-07-07T16:37:13.685+00:00 VCP run=1 step=0 angle=159258 target=156500 err=-2758 steer=-5516 m1=4178/217572 i1=59 t1=34 m2=-4426/-232740 i2=-274 t2=33 steerMode=-7584/-6120 iSteer=-107425 driveMode=225156/226271 iDrive=166560 scale=0 wheel=655000 ffS=0
2026-07-07T16:37:13.685+00:00 VCP SET_TARGET_RX steer=156500 wheel=655000
2026-07-07T16:37:13.789+00:00 VCP run=1 step=0 angle=156797 target=156500 err=-297 steer=0 m1=4308/225156 i1=218 t1=34 m2=-4303/-225156 i2=-96 t2=33 steerMode=0/-1743 iSteer=61306 driveMode=225156/226586 iDrive=157104 scale=0 wheel=655000 ffS=0
2026-07-07T16:37:13.893+00:00 VCP run=1 step=0 angle=156797 target=156500 err=-297 steer=0 m1=4317/225156 i1=114 t1=34 m2=-4309/-225156 i2=-205 t2=33 steerMode=0/371 iSteer=-45214 driveMode=225156/226500 iDrive=159694 scale=0 wheel=655000 ffS=0
2026-07-07T16:37:13.997+00:00 VCP run=1 step=0 angle=156533 target=156500 err=-33 steer=0 m1=4306/225156 i1=130 t1=34 m2=-4307/-225156 i2=-165 t2=33 steerMode=0/-160 iSteer=-17869 driveMode=225156/226907 iDrive=147467 scale=0 wheel=655000 ffS=0
2026-07-07T16:37:14.100+00:00 VCP run=1 step=0 angle=156357 target=156500 err=143 steer=0 m1=4291/225156 i1=149 t1=34 m2=-4301/-225156 i2=-180 t2=33 steerMode=0/-217 iSteer=-15140 driveMode=225156/226342 iDrive=164413 scale=0 wheel=655000 ffS=0
2026-07-07T16:37:14.201+00:00 VCP run=1 step=0 angle=156270 target=156500 err=230 steer=0 m1=4308/225156 i1=138 t1=34 m2=-4318/-225156 i2=-165 t2=33 steerMode=0/-238 iSteer=-13470 driveMode=225156/226769 iDrive=151629 scale=0 wheel=655000 ffS=0
2026-07-07T16:37:14.201+00:00 VCP SET_TARGET_RX steer=156500 wheel=655000
2026-07-07T16:37:14.386+00:00 VCP run=1 step=0 angle=156094 target=156500 err=406 steer=0 m1=4314/225156 i1=126 t1=34 m2=-4309/-225156 i2=-180 t2=33 steerMode=0/45 iSteer=-27085 driveMode=225156/226716 iDrive=153219 scale=0 wheel=655000 ffS=0
2026-07-07T16:37:14.386+00:00 VCP run=1 step=0 angle=156006 target=156500 err=494 steer=0 m1=4312/225156 i1=137 t1=34 m2=-4292/-225156 i2=-179 t2=33 steerMode=0/-52 iSteer=-20661 driveMode=225156/226559 iDrive=157928 scale=0 wheel=655000 ffS=0
2026-07-07T16:37:14.490+00:00 VCP run=1 step=0 angle=156094 target=156500 err=406 steer=0 m1=4306/225156 i1=122 t1=34 m2=-4276/-225156 i2=-206 t2=33 steerMode=0/368 iSteer=-42045 driveMode=225156/226353 iDrive=164105 scale=0 wheel=655000 ffS=0
2026-07-07T16:37:14.594+00:00 VCP run=1 step=0 angle=156182 target=156500 err=318 steer=0 m1=4294/225156 i1=151 t1=34 m2=-4307/-225156 i2=-154 t2=33 steerMode=0/-450 iSteer=-1178 driveMode=225156/226736 iDrive=152611 scale=0 wheel=655000 ffS=0
2026-07-07T16:37:14.693+00:00 VCP run=1 step=0 angle=156006 target=110800 err=-45206 steer=-13200 m1=4241/207006 i1=-747 t1=34 m2=-4374/-243306 i2=-1055 t2=33 steerMode=-18150/-709 iSteer=-901237 driveMode=225156/226689 iDrive=154027 scale=0 wheel=655000 ffS=0
2026-07-07T16:37:14.693+00:00 VCP SET_TARGET_RX steer=110800 wheel=655000
2026-07-07T16:37:14.796+00:00 VCP run=1 step=0 angle=140186 target=110800 err=-29386 steer=-40000 m1=3092/170156 i1=106 t1=34 m2=-5525/-280156 i2=-171 t2=33 steerMode=-55000/-56032 iSteer=-32516 driveMode=225156/227201 iDrive=138663 scale=0 wheel=655000 ffS=0
2026-07-07T16:37:14.898+00:00 VCP run=1 step=0 angle=116719 target=110800 err=-5919 steer=-11837 m1=3839/208880 i1=1126 t1=34 m2=-4709/-241433 i2=759 t2=33 steerMode=-16277/-35876 iSteer=942762 driveMode=225156/225709 iDrive=183417 scale=0 wheel=655000 ffS=0
2026-07-07T16:37:15.001+00:00 VCP run=1 step=0 angle=113730 target=110800 err=-2930 steer=-5861 m1=4137/217097 i1=62 t1=34 m2=-4479/-233215 i2=-248 t2=33 steerMode=-8059/-6851 iSteer=-92868 driveMode=225156/226654 iDrive=155054 scale=0 wheel=655000 ffS=0
2026-07-07T16:37:15.125+00:00 VCP run=1 step=0 angle=110391 target=110800 err=409 steer=0 m1=4294/225156 i1=288 t1=34 m2=-4309/-225156 i2=-30 t2=33 steerMode=0/-3031 iSteer=129044 driveMode=225156/226524 iDrive=158957 scale=0 wheel=655000 ffS=0
2026-07-07T16:37:15.125+00:00 VCP run=1 step=0 angle=110830 target=110800 err=-30 steer=0 m1=4302/225156 i1=127 t1=34 m2=-4313/-225156 i2=-185 t2=33 steerMode=0/102 iSteer=-28975 driveMode=225156/226620 iDrive=156079 scale=0 wheel=655000 ffS=0
2026-07-07T16:37:15.287+00:00 VCP SET_TARGET_RX steer=110800 wheel=655000
2026-07-07T16:37:15.287+00:00 VCP run=1 step=0 angle=110742 target=110800 err=58 steer=0 m1=4319/225156 i1=160 t1=34 m2=-4297/-225156 i2=-151 t2=33 steerMode=0/-549 iSteer=4190 driveMode=225156/226639 iDrive=155524 scale=0 wheel=655000 ffS=0
2026-07-07T16:37:15.391+00:00 VCP run=1 step=0 angle=110303 target=110800 err=497 steer=0 m1=4317/225156 i1=114 t1=34 m2=-4309/-225156 i2=-180 t2=33 steerMode=0/194 iSteer=-33206 driveMode=225156/226921 iDrive=147051 scale=0 wheel=655000 ffS=0
2026-07-07T16:37:15.495+00:00 VCP run=1 step=0 angle=111182 target=110800 err=-382 steer=0 m1=4283/225156 i1=131 t1=34 m2=-4299/-225156 i2=-194 t2=33 steerMode=0/144 iSteer=-31206 driveMode=225156/226400 iDrive=162674 scale=0 wheel=655000 ffS=0
2026-07-07T16:37:15.599+00:00 VCP run=1 step=0 angle=110742 target=110800 err=58 steer=0 m1=4314/225156 i1=126 t1=34 m2=-4307/-225156 i2=-187 t2=33 steerMode=0/118 iSteer=-30281 driveMode=225156/226608 iDrive=156439 scale=0 wheel=655000 ffS=0
2026-07-07T16:37:15.699+00:00 VCP run=1 step=0 angle=110742 target=110800 err=58 steer=0 m1=4306/225156 i1=125 t1=34 m2=-4313/-225156 i2=-169 t2=33 steerMode=0/-42 iSteer=-22069 driveMode=225156/226913 iDrive=147289 scale=0 wheel=655000 ffS=0
2026-07-07T16:37:15.699+00:00 VCP SET_TARGET_RX steer=110800 wheel=655000
2026-07-07T16:37:15.803+00:00 VCP run=1 step=0 angle=110918 target=110800 err=-118 steer=0 m1=4306/225156 i1=124 t1=34 m2=-4311/-225156 i2=-174 t2=33 steerMode=0/12 iSteer=-24984 driveMode=225156/226841 iDrive=149447 scale=0 wheel=655000 ffS=0
2026-07-07T16:37:15.986+00:00 VCP run=1 step=0 angle=104238 target=68200 err=-36038 steer=-40000 m1=3354/170156 i1=-936 t1=34 m2=-5316/-280156 i2=-1246 t2=33 steerMode=-55000/-34788 iSteer=-1090926 driveMode=225156/226660 iDrive=154884 scale=0 wheel=655000 ffS=0
2026-07-07T16:37:15.986+00:00 VCP run=1 step=0 angle=76641 target=68200 err=-8441 steer=-16881 m1=3511/201945 i1=1652 t1=34 m2=-5063/-248368 i2=1302 t2=33 steerMode=-23212/-53793 iSteer=1477311 driveMode=225156/225988 iDrive=175061 scale=0 wheel=655000 ffS=0
2026-07-07T16:37:16.088+00:00 VCP run=1 step=0 angle=72246 target=68200 err=-4046 steer=-8092 m1=4149/214030 i1=-96 t1=34 m2=-4454/-236283 i2=-439 t2=33 steerMode=-11127/-6427 iSteer=-267266 driveMode=225156/226100 iDrive=171685 scale=0 wheel=655000 ffS=0
2026-07-07T16:37:16.189+00:00 VCP run=1 step=0 angle=68643 target=68200 err=-443 steer=0 m1=4264/225156 i1=386 t1=34 m2=-4345/-225156 i2=81 t2=33 steerMode=0/-5137 iSteer=233882 driveMode=225156/226737 iDrive=152579 scale=0 wheel=655000 ffS=0
2026-07-07T16:37:16.189+00:00 VCP SET_TARGET_RX steer=68200 wheel=655000
2026-07-07T16:37:16.292+00:00 VCP run=1 step=0 angle=68730 target=68200 err=-530 steer=-1061 m1=4281/223698 i1=68 t1=34 m2=-4345/-226615 i2=-219 t2=33 steerMode=-1459/-438 iSteer=-75627 driveMode=225156/227038 iDrive=143533 scale=0 wheel=655000 ffS=0
2026-07-07T16:37:16.396+00:00 VCP run=1 step=0 angle=68467 target=68200 err=-267 steer=0 m1=4304/225156 i1=150 t1=34 m2=-4303/-225156 i2=-173 t2=33 steerMode=0/-226 iSteer=-11252 driveMode=225156/226432 iDrive=161735 scale=0 wheel=655000 ffS=0
2026-07-07T16:37:16.500+00:00 VCP run=1 step=0 angle=68291 target=68200 err=-91 steer=0 m1=4325/225156 i1=108 t1=34 m2=-4326/-225156 i2=-161 t2=33 steerMode=0/75 iSteer=-26554 driveMode=225156/227330 iDrive=134801 scale=0 wheel=655000 ffS=0
2026-07-07T16:37:16.625+00:00 VCP run=1 step=0 angle=68291 target=68200 err=-91 steer=0 m1=4317/225156 i1=126 t1=34 m2=-4307/-225156 i2=-190 t2=33 steerMode=0/180 iSteer=-32025 driveMode=225156/226559 iDrive=157911 scale=0 wheel=655000 ffS=0
2026-07-07T16:37:16.625+00:00 VCP run=1 step=0 angle=68379 target=68200 err=-179 steer=0 m1=4300/225156 i1=130 t1=34 m2=-4330/-225156 i2=-150 t2=33 steerMode=0/-255 iSteer=-10060 driveMode=225156/227142 iDrive=140437 scale=0 wheel=655000 ffS=0
2026-07-07T16:37:16.787+00:00 VCP SET_TARGET_RX steer=68200 wheel=655000
2026-07-07T16:37:16.787+00:00 VCP run=1 step=0 angle=68291 target=68200 err=-91 steer=0 m1=4323/225156 i1=123 t1=34 m2=-4328/-225156 i2=-151 t2=33 steerMode=0/-187 iSteer=-13669 driveMode=225156/227254 iDrive=137066 scale=0 wheel=655000 ffS=0
2026-07-07T16:37:16.891+00:00 VCP run=1 step=0 angle=68115 target=68200 err=85 steer=0 m1=4308/225156 i1=127 t1=34 m2=-4322/-225156 i2=-190 t2=33 steerMode=0/160 iSteer=-31370 driveMode=225156/226548 iDrive=158244 scale=0 wheel=655000 ffS=0
2026-07-07T16:37:16.995+00:00 VCP run=1 step=0 angle=67939 target=68200 err=261 steer=0 m1=4321/225156 i1=118 t1=34 m2=-4328/-225156 i2=-152 t2=33 steerMode=0/-124 iSteer=-16819 driveMode=225156/227330 iDrive=134802 scale=0 wheel=655000 ffS=0
2026-07-07T16:37:17.099+00:00 VCP run=1 step=0 angle=67939 target=68200 err=261 steer=0 m1=4302/225156 i1=102 t1=34 m2=-4313/-225156 i2=-173 t2=33 steerMode=0/267 iSteer=-35620 driveMode=225156/227238 iDrive=137538 scale=0 wheel=655000 ffS=0
2026-07-07T16:37:17.199+00:00 VCP run=1 step=0 angle=67852 target=68200 err=348 steer=0 m1=4308/225156 i1=135 t1=34 m2=-4307/-225156 i2=-163 t2=33 steerMode=0/-163 iSteer=-14026 driveMode=225156/226862 iDrive=148820 scale=0 wheel=655000 ffS=0
2026-07-07T16:37:17.199+00:00 VCP SET_TARGET_RX steer=68200 wheel=655000
2026-07-07T16:37:17.302+00:00 VCP run=1 step=0 angle=67764 target=93200 err=25436 steer=13200 m1=4386/243306 i1=992 t1=34 m2=-4246/-207006 i2=698 t2=33 steerMode=18150/930 iSteer=845252 driveMode=225156/226927 iDrive=146879 scale=0 wheel=655000 ffS=0
2026-07-07T16:37:17.486+00:00 VCP run=1 step=0 angle=83232 target=93200 err=9968 steer=19935 m1=5285/252567 i1=-1004 t1=34 m2=-3284/-197745 i2=-1363 t2=33 steerMode=27411/51558 iSteer=-1183270 driveMode=225156/225847 iDrive=179273 scale=0 wheel=655000 ffS=0
2026-07-07T16:37:17.487+00:00 VCP run=1 step=0 angle=90791 target=93200 err=2409 steer=4818 m1=4329/231781 i1=288 t1=34 m2=-4339/-218532 i2=44 t2=33 steerMode=6625/2893 iSteer=165956 driveMode=225156/227771 iDrive=121555 scale=0 wheel=655000 ffS=0
2026-07-07T16:37:17.590+00:00 VCP run=1 step=0 angle=92813 target=93200 err=388 steer=0 m1=4400/225156 i1=-152 t1=34 m2=-4211/-225156 i2=-439 t2=33 steerMode=0/5548 iSteer=-295245 driveMode=225156/227044 iDrive=143376 scale=0 wheel=655000 ffS=0
2026-07-07T16:37:17.691+00:00 VCP run=1 step=0 angle=92813 target=93200 err=388 steer=0 m1=4289/225156 i1=150 t1=34 m2=-4299/-225156 i2=-206 t2=33 steerMode=0/138 iSteer=-28276 driveMode=225156/225892 iDrive=177917 scale=0 wheel=655000 ffS=0
2026-07-07T16:37:17.691+00:00 VCP SET_TARGET_RX steer=93200 wheel=655000
2026-07-07T16:37:17.795+00:00 VCP run=1 step=0 angle=92988 target=93200 err=212 steer=0 m1=4338/225156 i1=75 t1=34 m2=-4299/-225156 i2=-221 t2=33 steerMode=0/1047 iSteer=-73262 driveMode=225156/226892 iDrive=147919 scale=0 wheel=655000 ffS=0
2026-07-07T16:37:17.899+00:00 VCP run=1 step=0 angle=92988 target=93200 err=212 steer=0 m1=4306/225156 i1=147 t1=34 m2=-4320/-225156 i2=-149 t2=33 steerMode=0/-396 iSteer=-1381 driveMode=225156/226890 iDrive=147979 scale=0 wheel=655000 ffS=0
2026-07-07T16:37:18.085+00:00 VCP run=1 step=0 angle=92900 target=93200 err=300 steer=0 m1=4298/225156 i1=124 t1=34 m2=-4307/-225156 i2=-181 t2=33 steerMode=0/135 iSteer=-28277 driveMode=225156/226742 iDrive=152432 scale=0 wheel=655000 ffS=0
2026-07-07T16:37:18.085+00:00 VCP run=1 step=0 angle=92549 target=93200 err=651 steer=1302 m1=4317/226947 i1=212 t1=34 m2=-4313/-223366 i2=-77 t2=33 steerMode=1791/17 iSteer=67771 driveMode=225156/227011 iDrive=144356 scale=0 wheel=655000 ffS=0
2026-07-07T16:37:18.185+00:00 VCP run=1 step=0 angle=92725 target=93200 err=475 steer=0 m1=4317/225156 i1=107 t1=34 m2=-4288/-225156 i2=-207 t2=33 steerMode=0/566 iSteer=-50068 driveMode=225156/226583 iDrive=157201 scale=0 wheel=655000 ffS=0
2026-07-07T16:37:18.185+00:00 VCP SET_TARGET_RX steer=93200 wheel=655000
2026-07-07T16:37:18.289+00:00 VCP run=1 step=0 angle=92725 target=93200 err=475 steer=0 m1=4338/225156 i1=116 t1=34 m2=-4290/-225156 i2=-174 t2=33 steerMode=0/152 iSteer=-28626 driveMode=225156/226990 iDrive=144991 scale=0 wheel=655000 ffS=0
2026-07-07T16:37:18.393+00:00 VCP run=1 step=0 angle=93076 target=93200 err=124 steer=0 m1=4302/225156 i1=120 t1=34 m2=-4305/-225156 i2=-176 t2=33 steerMode=0/113 iSteer=-27960 driveMode=225156/226879 iDrive=148318 scale=0 wheel=655000 ffS=0
2026-07-07T16:37:18.497+00:00 VCP run=1 step=0 angle=93164 target=93200 err=36 steer=0 m1=4304/225156 i1=135 t1=34 m2=-4311/-225156 i2=-176 t2=33 steerMode=0/-33 iSteer=-20724 driveMode=225156/226636 iDrive=155612 scale=0 wheel=655000 ffS=0
2026-07-07T16:37:18.600+00:00 VCP run=1 step=0 angle=95889 target=117400 err=21511 steer=37200 m1=4911/276306 i1=1831 t1=34 m2=-3677/-174006 i2=1505 t2=33 steerMode=51150/18136 iSteer=1667611 driveMode=225156/226393 iDrive=162890 scale=0 wheel=655000 ffS=0
2026-07-07T16:37:18.699+00:00 VCP run=1 step=0 angle=116016 target=117400 err=1384 steer=2769 m1=4526/228963 i1=-1112 t1=34 m2=-4087/-221349 i2=-1479 t2=33 steerMode=3807/29187 iSteer=-1295491 driveMode=225156/225703 iDrive=183599 scale=0 wheel=655000 ffS=0
2026-07-07T16:37:18.699+00:00 VCP SET_TARGET_RX steer=117400 wheel=655000
2026-07-07T16:37:18.884+00:00 VCP run=1 step=0 angle=114170 target=117400 err=3230 steer=6460 m1=4478/234039 i1=408 t1=34 m2=-4133/-216274 i2=71 t2=33 steerMode=8883/3792 iSteer=239557 driveMode=225156/226212 iDrive=168340 scale=0 wheel=655000 ffS=0
2026-07-07T16:37:18.884+00:00 VCP run=1 step=0 angle=117246 target=117400 err=154 steer=0 m1=4302/225156 i1=-16 t1=34 m2=-4324/-225156 i2=-298 t2=33 steerMode=0/2562 iSteer=-156823 driveMode=225156/227116 iDrive=141220 scale=0 wheel=655000 ffS=0
2026-07-07T16:37:18.988+00:00 VCP run=1 step=0 angle=116895 target=117400 err=505 steer=1011 m1=4312/226546 i1=234 t1=34 m2=-4303/-223766 i2=-75 t2=33 steerMode=1390/-713 iSteer=79439 driveMode=225156/226674 iDrive=154475 scale=0 wheel=655000 ffS=0
2026-07-07T16:37:19.091+00:00 VCP run=1 step=0 angle=116895 target=117400 err=505 steer=600 m1=4306/225981 i1=129 t1=34 m2=-4307/-224331 i2=-167 t2=33 steerMode=825/676 iSteer=-19201 driveMode=225156/226882 iDrive=148225 scale=0 wheel=655000 ffS=0
2026-07-07T16:37:19.192+00:00 VCP run=1 step=0 angle=117070 target=117400 err=330 steer=0 m1=4296/225156 i1=134 t1=34 m2=-4315/-225156 i2=-189 t2=33 steerMode=0/18 iSteer=-27466 driveMode=225156/226440 iDrive=161477 scale=0 wheel=655000 ffS=0
2026-07-07T16:37:19.192+00:00 VCP SET_TARGET_RX steer=117400 wheel=655000
2026-07-07T16:37:19.295+00:00 VCP run=1 step=0 angle=116895 target=117400 err=505 steer=1011 m1=4300/226546 i1=194 t1=34 m2=-4288/-223766 i2=-127 t2=33 steerMode=1390/196 iSteer=33516 driveMode=225156/226474 iDrive=160477 scale=0 wheel=655000 ffS=0
2026-07-07T16:37:19.399+00:00 VCP run=1 step=0 angle=117334 target=117400 err=66 steer=0 m1=4314/225156 i1=119 t1=34 m2=-4292/-225156 i2=-165 t2=33 steerMode=0/-73 iSteer=-23381 driveMode=225156/227086 iDrive=142101 scale=0 wheel=655000 ffS=0
2026-07-07T16:37:19.585+00:00 VCP run=1 step=0 angle=117246 target=117400 err=154 steer=0 m1=4310/225156 i1=127 t1=34 m2=-4290/-225156 i2=-188 t2=33 steerMode=0/73 iSteer=-30593 driveMode=225156/226563 iDrive=157798 scale=0 wheel=655000 ffS=0
2026-07-07T16:37:19.585+00:00 VCP run=1 step=0 angle=117158 target=117400 err=242 steer=0 m1=4310/225156 i1=108 t1=34 m2=-4297/-225156 i2=-213 t2=33 steerMode=0/497 iSteer=-52397 driveMode=225156/226460 iDrive=160893 scale=0 wheel=655000 ffS=0
2026-07-07T16:37:19.685+00:00 VCP run=1 step=0 angle=117246 target=117400 err=154 steer=0 m1=4310/225156 i1=120 t1=34 m2=-4307/-225156 i2=-190 t2=33 steerMode=0/169 iSteer=-35361 driveMode=225156/226655 iDrive=155031 scale=0 wheel=655000 ffS=0
2026-07-07T16:37:19.685+00:00 VCP SET_TARGET_RX steer=117400 wheel=655000
2026-07-07T16:37:19.789+00:00 VCP run=1 step=0 angle=117598 target=117400 err=-198 steer=0 m1=4298/225156 i1=136 t1=34 m2=-4307/-225156 i2=-175 t2=33 steerMode=0/-143 iSteer=-19747 driveMode=225156/226633 iDrive=155703 scale=0 wheel=655000 ffS=0
2026-07-07T16:37:19.893+00:00 VCP run=1 step=0 angle=117158 target=117400 err=242 steer=0 m1=4323/225156 i1=109 t1=34 m2=-4318/-225156 i2=-201 t2=33 steerMode=0/368 iSteer=-45568 driveMode=225156/226657 iDrive=154992 scale=0 wheel=655000 ffS=0
2026-07-07T16:37:19.995+00:00 VCP run=1 step=0 angle=119619 target=150000 err=30381 steer=36600 m1=4909/275481 i1=1794 t1=34 m2=-3671/-174831 i2=1477 t2=33 steerMode=50325/17841 iSteer=1635539 driveMode=225156/226541 iDrive=158457 scale=0 wheel=655000 ffS=0
2026-07-07T16:37:20.098+00:00 VCP run=1 step=0 angle=143965 target=150000 err=6035 steer=12070 m1=4930/241753 i1=-1414 t1=34 m2=-3658/-208560 i2=-1837 t2=33 steerMode=16597/48935 iSteer=-1625429 driveMode=225156/224774 iDrive=211666 scale=0 wheel=655000 ffS=0
2026-07-07T16:37:20.197+00:00 VCP run=1 step=0 angle=146074 target=150000 err=3926 steer=7852 m1=4411/235952 i1=548 t1=34 m2=-4200/-214360 i2=269 t2=33 steerMode=10796/2203 iSteer=408735 driveMode=225156/227165 iDrive=139727 scale=0 wheel=655000 ffS=0
2026-07-07T16:37:20.198+00:00 VCP SET_TARGET_RX steer=150000 wheel=655000
2026-07-07T16:37:20.301+00:00 VCP run=1 step=0 angle=149766 target=150000 err=234 steer=0 m1=4323/225156 i1=-125 t1=34 m2=-4276/-225156 i2=-475 t2=33 steerMode=0/5401 iSteer=-300022 driveMode=225156/225997 iDrive=174784 scale=0 wheel=655000 ffS=0
2026-07-07T16:37:20.486+00:00 VCP run=1 step=0 angle=149414 target=150000 err=586 steer=1172 m1=4298/226768 i1=254 t1=34 m2=-4274/-223545 i2=-61 t2=33 steerMode=1611/-883 iSteer=96302 driveMode=225156/226576 iDrive=157408 scale=0 wheel=655000 ffS=0
2026-07-07T16:37:20.486+00:00 VCP run=1 step=0 angle=149678 target=150000 err=322 steer=0 m1=4308/225156 i1=79 t1=34 m2=-4299/-225156 i2=-222 t2=33 steerMode=0/861 iSteer=-71701 driveMode=225156/226801 iDrive=150664 scale=0 wheel=655000 ffS=0
2026-07-07T16:37:20.590+00:00 VCP run=1 step=0 angle=149678 target=150000 err=322 steer=0 m1=4306/225156 i1=142 t1=34 m2=-4297/-225156 i2=-176 t2=33 steerMode=0/-218 iSteer=-17156 driveMode=225156/226532 iDrive=158724 scale=0 wheel=655000 ffS=0
2026-07-07T16:37:20.690+00:00 VCP run=1 step=0 angle=149854 target=150000 err=146 steer=0 m1=4294/225156 i1=141 t1=34 m2=-4336/-225156 i2=-183 t2=33 steerMode=0/-161 iSteer=-20902 driveMode=225156/226433 iDrive=161707 scale=0 wheel=655000 ffS=0
2026-07-07T16:37:20.690+00:00 VCP SET_TARGET_RX steer=150000 wheel=655000
2026-07-07T16:37:20.794+00:00 VCP run=1 step=0 angle=149502 target=150000 err=498 steer=0 m1=4312/225156 i1=122 t1=34 m2=-4303/-225156 i2=-199 t2=33 steerMode=0/208 iSteer=-38408 driveMode=225156/226476 iDrive=160405 scale=0 wheel=655000 ffS=0
2026-07-07T16:37:20.898+00:00 VCP run=1 step=0 angle=149590 target=150000 err=410 steer=0 m1=4308/225156 i1=100 t1=34 m2=-4292/-225156 i2=-210 t2=33 steerMode=0/543 iSteer=-54612 driveMode=225156/226658 iDrive=154944 scale=0 wheel=655000 ffS=0
2026-07-07T16:37:21.084+00:00 VCP run=1 step=0 angle=149590 target=150000 err=410 steer=0 m1=4304/225156 i1=158 t1=34 m2=-4334/-225156 i2=-148 t2=33 steerMode=0/-637 iSteer=4889 driveMode=225156/226725 iDrive=152940 scale=0 wheel=655000 ffS=0
2026-07-07T16:37:21.084+00:00 VCP run=1 step=0 angle=149502 target=150000 err=498 steer=0 m1=4314/225156 i1=84 t1=34 m2=-4303/-225156 i2=-224 t2=33 steerMode=0/891 iSteer=-70048 driveMode=225156/226689 iDrive=154019 scale=0 wheel=655000 ffS=0
2026-07-07T16:37:21.184+00:00 VCP run=1 step=0 angle=149678 target=150000 err=322 steer=0 m1=4294/225156 i1=139 t1=34 m2=-4299/-225156 i2=-197 t2=33 steerMode=0/56 iSteer=-28700 driveMode=225156/226218 iDrive=168149 scale=0 wheel=655000 ffS=0
2026-07-07T16:37:21.184+00:00 VCP SET_TARGET_RX steer=150000 wheel=655000
2026-07-07T16:37:21.288+00:00 VCP run=1 step=0 angle=149590 target=150000 err=410 steer=0 m1=4306/225156 i1=140 t1=34 m2=-4286/-225156 i2=-170 t2=33 steerMode=0/-194 iSteer=-15104 driveMode=225156/226657 iDrive=154980 scale=0 wheel=655000 ffS=0
2026-07-07T16:37:21.391+00:00 VCP run=1 step=0 angle=152139 target=186300 err=34161 steer=36600 m1=4900/275481 i1=1820 t1=34 m2=-3675/-174831 i2=1450 t2=33 steerMode=50325/17872 iSteer=1635010 driveMode=225156/225667 iDrive=184682 scale=0 wheel=655000 ffS=0
2026-07-07T16:37:21.493+00:00 VCP run=1 step=0 angle=177803 target=186300 err=8497 steer=16995 m1=5129/248524 i1=-1425 t1=34 m2=-3460/-201789 i2=-1815 t2=33 steerMode=23367/55839 iSteer=-1620157 driveMode=225156/225315 iDrive=195314 scale=0 wheel=655000 ffS=0
2026-07-07T16:37:21.597+00:00 VCP run=1 step=0 angle=182461 target=186300 err=3839 steer=7678 m1=4409/235714 i1=442 t1=34 m2=-4215/-214599 i2=171 t2=33 steerMode=10557/4016 iSteer=306378 driveMode=225156/227304 iDrive=135568 scale=0 wheel=655000 ffS=0
2026-07-07T16:37:21.697+00:00 VCP run=1 step=0 angle=186152 target=186300 err=148 steer=0 m1=4317/225156 i1=-94 t1=34 m2=-4246/-225156 i2=-470 t2=33 steerMode=0/5085 iSteer=-282012 driveMode=225156/225546 iDrive=188310 scale=0 wheel=655000 ffS=0
2026-07-07T16:37:21.697+00:00 VCP SET_TARGET_RX steer=186300 wheel=655000
2026-07-07T16:37:21.800+00:00 VCP run=1 step=0 angle=185801 target=186300 err=499 steer=0 m1=4275/225156 i1=201 t1=34 m2=-4305/-225156 i2=-150 t2=33 steerMode=0/-1068 iSteer=25786 driveMode=225156/225974 iDrive=175474 scale=0 wheel=655000 ffS=0
2026-07-07T16:37:21.986+00:00 VCP run=1 step=0 angle=185977 target=186300 err=323 steer=0 m1=4325/225156 i1=36 t1=34 m2=-4276/-225156 i2=-287 t2=33 steerMode=0/1988 iSteer=-125394 driveMode=225156/226431 iDrive=161753 scale=0 wheel=655000 ffS=0
2026-07-07T16:37:21.986+00:00 VCP run=1 step=0 angle=185977 target=186300 err=323 steer=0 m1=4291/225156 i1=171 t1=34 m2=-4297/-225156 i2=-174 t2=33 steerMode=0/-509 iSteer=-1568 driveMode=225156/226061 iDrive=172857 scale=0 wheel=655000 ffS=0
2026-07-07T16:37:22.090+00:00 VCP run=1 step=0 angle=185977 target=186300 err=323 steer=0 m1=4298/225156 i1=146 t1=34 m2=-4299/-225156 i2=-178 t2=33 steerMode=0/-203 iSteer=-16242 driveMode=225156/226431 iDrive=161748 scale=0 wheel=655000 ffS=0
2026-07-07T16:37:22.190+00:00 VCP run=1 step=0 angle=185889 target=186300 err=411 steer=0 m1=4283/225156 i1=125 t1=34 m2=-4301/-225156 i2=-228 t2=33 steerMode=0/468 iSteer=-51132 driveMode=225156/225937 iDrive=176573 scale=0 wheel=655000 ffS=0
2026-07-07T16:37:22.190+00:00 VCP SET_TARGET_RX steer=186300 wheel=655000
2026-07-07T16:37:22.294+00:00 VCP run=1 step=0 angle=185977 target=186300 err=323 steer=0 m1=4296/225156 i1=153 t1=34 m2=-4288/-225156 i2=-204 t2=33 steerMode=0/-34 iSteer=-25557 driveMode=225156/225873 iDrive=178502 scale=0 wheel=655000 ffS=0
2026-07-07T16:37:22.397+00:00 VCP run=1 step=0 angle=185713 target=186300 err=587 steer=1174 m1=4312/226771 i1=215 t1=34 m2=-4280/-223542 i2=-116 t2=33 steerMode=1615/89 iSteer=49535 driveMode=225156/226315 iDrive=165248 scale=0 wheel=655000 ffS=0
2026-07-07T16:37:22.501+00:00 VCP run=1 step=0 angle=186064 target=186300 err=236 steer=0 m1=4302/225156 i1=131 t1=34 m2=-4307/-225156 i2=-196 t2=33 steerMode=0/84 iSteer=-32596 driveMode=225156/226385 iDrive=163142 scale=0 wheel=655000 ffS=0
2026-07-07T16:37:22.624+00:00 VCP run=1 step=0 angle=188086 target=217400 err=29314 steer=36600 m1=4875/275481 i1=1846 t1=34 m2=-3700/-174831 i2=1476 t2=33 steerMode=50325/17304 iSteer=1661053 driveMode=225156/225658 iDrive=184939 scale=0 wheel=655000 ffS=0
2026-07-07T16:37:22.624+00:00 VCP run=1 step=0 angle=212168 target=217400 err=5232 steer=10464 m1=4856/239544 i1=-1396 t1=34 m2=-3698/-210768 i2=-1813 t2=33 steerMode=14388/46243 iSteer=-1604578 driveMode=225156/224869 iDrive=208812 scale=0 wheel=655000 ffS=0
2026-07-07T16:37:22.784+00:00 VCP SET_TARGET_RX steer=217400 wheel=655000
2026-07-07T16:37:22.784+00:00 VCP run=1 step=0 angle=213574 target=217400 err=3826 steer=7652 m1=4430/235677 i1=537 t1=34 m2=-4173/-214635 i2=224 t2=33 steerMode=10521/2517 iSteer=380258 driveMode=225156/226612 iDrive=156342 scale=0 wheel=655000 ffS=0
2026-07-07T16:37:22.888+00:00 VCP run=1 step=0 angle=217354 target=217400 err=46 steer=0 m1=4314/225156 i1=-106 t1=34 m2=-4307/-225156 i2=-418 t2=33 steerMode=0/4628 iSteer=-262129 driveMode=225156/226631 iDrive=155761 scale=0 wheel=655000 ffS=0
2026-07-07T16:37:22.991+00:00 VCP run=1 step=0 angle=216826 target=217400 err=574 steer=1148 m1=4312/226734 i1=245 t1=34 m2=-4278/-223578 i2=-91 t2=33 steerMode=1578/-525 iSteer=76719 driveMode=225156/226218 iDrive=168137 scale=0 wheel=655000 ffS=0
2026-07-07T16:37:23.095+00:00 VCP run=1 step=0 angle=217441 target=217400 err=-41 steer=0 m1=4302/225156 i1=106 t1=34 m2=-4320/-225156 i2=-233 t2=33 steerMode=0/676 iSteer=-63339 driveMode=225156/226163 iDrive=169793 scale=0 wheel=655000 ffS=0
2026-07-07T16:37:23.195+00:00 VCP run=1 step=0 angle=216914 target=217400 err=486 steer=0 m1=4317/225156 i1=134 t1=34 m2=-4311/-225156 i2=-175 t2=33 steerMode=0/-166 iSteer=-20716 driveMode=225156/226674 iDrive=154477 scale=0 wheel=655000 ffS=0
2026-07-07T16:37:23.195+00:00 VCP SET_TARGET_RX steer=217400 wheel=655000
2026-07-07T16:37:23.299+00:00 VCP run=1 step=0 angle=217090 target=217400 err=310 steer=0 m1=4296/225156 i1=134 t1=34 m2=-4311/-225156 i2=-217 t2=33 steerMode=0/228 iSteer=-41543 driveMode=225156/225963 iDrive=175807 scale=0 wheel=655000 ffS=0
2026-07-07T16:37:23.485+00:00 VCP run=1 step=0 angle=217090 target=217400 err=310 steer=0 m1=4310/225156 i1=132 t1=34 m2=-4290/-225156 i2=-183 t2=33 steerMode=0/-72 iSteer=-25561 driveMode=225156/226578 iDrive=157338 scale=0 wheel=655000 ffS=0
2026-07-07T16:37:23.485+00:00 VCP run=1 step=0 angle=216914 target=217400 err=486 steer=0 m1=4302/225156 i1=116 t1=34 m2=-4284/-225156 i2=-218 t2=33 steerMode=0/433 iSteer=-51042 driveMode=225156/226245 iDrive=167327 scale=0 wheel=655000 ffS=0
2026-07-07T16:37:23.589+00:00 VCP run=1 step=0 angle=217002 target=217400 err=398 steer=0 m1=4300/225156 i1=141 t1=34 m2=-4318/-225156 i2=-183 t2=33 steerMode=0/-178 iSteer=-20713 driveMode=225156/226428 iDrive=161840 scale=0 wheel=655000 ffS=0
2026-07-07T16:37:23.689+00:00 VCP run=1 step=0 angle=217178 target=217400 err=222 steer=0 m1=4321/225156 i1=81 t1=34 m2=-4297/-225156 i2=-231 t2=33 steerMode=0/918 iSteer=-75157 driveMode=225156/226619 iDrive=156127 scale=0 wheel=655000 ffS=0
2026-07-07T16:37:23.689+00:00 VCP SET_TARGET_RX steer=217400 wheel=655000
2026-07-07T16:37:23.793+00:00 VCP run=1 step=0 angle=217266 target=217400 err=134 steer=0 m1=4291/225156 i1=142 t1=34 m2=-4276/-225156 i2=-223 t2=33 steerMode=0/220 iSteer=-40928 driveMode=225156/225740 iDrive=182496 scale=0 wheel=655000 ffS=0
2026-07-07T16:37:23.896+00:00 VCP run=1 step=0 angle=219551 target=254200 err=34649 steer=36600 m1=4890/275481 i1=1841 t1=34 m2=-3688/-174831 i2=1491 t2=33 steerMode=50325/17166 iSteer=1666357 driveMode=225156/225989 iDrive=175033 scale=0 wheel=655000 ffS=0
2026-07-07T16:37:23.998+00:00 VCP run=1 step=0 angle=245039 target=254200 err=9161 steer=18322 m1=5141/250349 i1=-1373 t1=34 m2=-3386/-199964 i2=-1773 t2=33 steerMode=25193/56665 iSteer=-1572887 driveMode=225156/225169 iDrive=199616 scale=0 wheel=655000 ffS=0
2026-07-07T16:37:24.101+00:00 VCP run=1 step=0 angle=250225 target=254200 err=3975 steer=7951 m1=4379/236089 i1=483 t1=34 m2=-4209/-214224 i2=140 t2=33 steerMode=10932/4150 iSteer=311596 driveMode=225156/226120 iDrive=171102 scale=0 wheel=655000 ffS=0
2026-07-07T16:37:24.101+00:00 VCP run=1 step=0 angle=253301 target=254200 err=899 steer=1798 m1=4369/227629 i1=-37 t1=34 m2=-4242/-222683 i2=-349 t2=33 steerMode=2473/5687 iSteer=-192848 driveMode=225156/226612 iDrive=156338 scale=0 wheel=655000 ffS=0
2026-07-07T16:37:24.201+00:00 VCP SET_TARGET_RX steer=254200 wheel=655000
2026-07-07T16:37:24.386+00:00 VCP run=1 step=0 angle=253564 target=254200 err=636 steer=1271 m1=4300/226904 i1=228 t1=34 m2=-4303/-223408 i2=-97 t2=33 steerMode=1748/-251 iSteer=65582 driveMode=225156/226397 iDrive=162780 scale=0 wheel=655000 ffS=0
2026-07-07T16:37:24.386+00:00 VCP run=1 step=0 angle=253916 target=254200 err=284 steer=0 m1=4294/225156 i1=117 t1=34 m2=-4315/-225156 i2=-227 t2=33 steerMode=0/380 iSteer=-54866 driveMode=225156/226101 iDrive=171651 scale=0 wheel=655000 ffS=0
2026-07-07T16:37:24.490+00:00 VCP run=1 step=0 angle=253740 target=254200 err=460 steer=0 m1=4331/225156 i1=105 t1=34 m2=-4284/-225156 i2=-202 t2=33 steerMode=0/304 iSteer=-48765 driveMode=225156/226708 iDrive=153457 scale=0 wheel=655000 ffS=0
2026-07-07T16:37:24.594+00:00 VCP run=1 step=0 angle=254092 target=254200 err=108 steer=0 m1=4294/225156 i1=125 t1=34 m2=-4257/-225156 i2=-230 t2=33 steerMode=0/344 iSteer=-52562 driveMode=225156/225903 iDrive=177604 scale=0 wheel=655000 ffS=0
2026-07-07T16:37:24.694+00:00 VCP run=1 step=0 angle=253740 target=254200 err=460 steer=0 m1=4289/225156 i1=136 t1=34 m2=-4303/-225156 i2=-191 t2=33 steerMode=0/-150 iSteer=-27658 driveMode=225156/226379 iDrive=163321 scale=0 wheel=655000 ffS=0
2026-07-07T16:37:24.694+00:00 VCP SET_TARGET_RX steer=254200 wheel=655000
2026-07-07T16:37:24.798+00:00 VCP run=1 step=0 angle=254180 target=254200 err=20 steer=0 m1=4281/225156 i1=119 t1=34 m2=-4303/-225156 i2=-224 t2=33 steerMode=0/330 iSteer=-52204 driveMode=225156/226107 iDrive=171492 scale=0 wheel=655000 ffS=0
2026-07-07T16:37:24.984+00:00 VCP run=1 step=0 angle=254180 target=254200 err=20 steer=0 m1=4287/225156 i1=144 t1=34 m2=-4280/-225156 i2=-222 t2=33 steerMode=0/75 iSteer=-39133 driveMode=225156/225729 iDrive=182816 scale=0 wheel=655000 ffS=0
2026-07-07T16:37:24.984+00:00 VCP run=1 step=0 angle=254004 target=254200 err=196 steer=0 m1=4296/225156 i1=137 t1=34 m2=-4288/-225156 i2=-197 t2=33 steerMode=0/-103 iSteer=-30200 driveMode=225156/226264 iDrive=166760 scale=0 wheel=655000 ffS=0
2026-07-07T16:37:25.088+00:00 VCP run=1 step=0 angle=254180 target=254200 err=20 steer=0 m1=4314/225156 i1=75 t1=34 m2=-4284/-225156 i2=-260 t2=33 steerMode=0/1143 iSteer=-92109 driveMode=225156/226241 iDrive=167460 scale=0 wheel=655000 ffS=0
2026-07-07T16:37:25.188+00:00 VCP run=1 step=0 angle=254268 target=254200 err=-68 steer=0 m1=4289/225156 i1=171 t1=34 m2=-4315/-225156 i2=-177 t2=33 steerMode=0/-655 iSteer=-3077 driveMode=225156/226025 iDrive=173924 scale=0 wheel=655000 ffS=0
2026-07-07T16:37:25.188+00:00 VCP SET_TARGET_RX steer=254200 wheel=655000
2026-07-07T16:37:25.292+00:00 VCP run=1 step=0 angle=253828 target=254200 err=372 steer=0 m1=4298/225156 i1=114 t1=34 m2=-4288/-225156 i2=-218 t2=33 steerMode=0/327 iSteer=-51623 driveMode=225156/226293 iDrive=165890 scale=0 wheel=655000 ffS=0
2026-07-07T16:37:25.396+00:00 VCP run=1 step=0 angle=254004 target=254200 err=196 steer=0 m1=4561/256094 i1=908 t1=34 m2=-4533/-256094 i2=-977 t2=33 steerMode=0/-24 iSteer=-34284 driveMode=256094/231888 iDrive=942727 scale=0 wheel=745000 ffS=0
2026-07-07T16:37:25.500+00:00 VCP run=1 step=0 angle=253740 target=254200 err=460 steer=0 m1=4955/256094 i1=93 t1=34 m2=-4939/-256094 i2=-151 t2=33 steerMode=0/-119 iSteer=-29152 driveMode=256094/259635 iDrive=122267 scale=0 wheel=745000 ffS=0
2026-07-07T16:37:25.645+00:00 VCP run=1 step=0 angle=254004 target=254200 err=196 steer=0 m1=4907/256094 i1=106 t1=34 m2=-4924/-256094 i2=-172 t2=33 steerMode=0/-47 iSteer=-32760 driveMode=256094/258854 iDrive=139135 scale=0 wheel=745000 ffS=0
2026-07-07T16:37:25.645+00:00 VCP run=1 step=0 angle=253740 target=254200 err=460 steer=0 m1=4900/256094 i1=123 t1=34 m2=-4901/-256094 i2=-208 t2=33 steerMode=0/146 iSteer=-42912 driveMode=256094/257864 iDrive=165530 scale=0 wheel=745000 ffS=0
2026-07-07T16:37:25.786+00:00 VCP SET_TARGET_RX steer=254200 wheel=745000
2026-07-07T16:37:25.786+00:00 VCP run=1 step=0 angle=253916 target=254200 err=284 steer=0 m1=4923/256094 i1=59 t1=34 m2=-4874/-256094 i2=-243 t2=33 steerMode=0/1145 iSteer=-91729 driveMode=256094/258222 iDrive=150950 scale=0 wheel=745000 ffS=0
2026-07-07T16:37:25.889+00:00 VCP run=1 step=0 angle=254092 target=254200 err=108 steer=0 m1=4896/256094 i1=141 t1=34 m2=-4904/-256094 i2=-200 t2=33 steerMode=0/-126 iSteer=-29409 driveMode=256094/257458 iDrive=170678 scale=0 wheel=745000 ffS=0
2026-07-07T16:37:25.993+00:00 VCP run=1 step=0 angle=254092 target=254200 err=108 steer=0 m1=4905/256094 i1=115 t1=34 m2=-4887/-256094 i2=-191 t2=33 steerMode=0/55 iSteer=-38094 driveMode=256094/257951 iDrive=152696 scale=0 wheel=745000 ffS=0
2026-07-07T16:37:26.097+00:00 VCP run=1 step=0 angle=253740 target=254200 err=460 steer=0 m1=4886/256094 i1=100 t1=34 m2=-4870/-256094 i2=-228 t2=33 steerMode=0/561 iSteer=-63767 driveMode=256094/257465 iDrive=163823 scale=0 wheel=745000 ffS=0
2026-07-07T16:37:26.198+00:00 VCP run=1 step=0 angle=253916 target=254200 err=284 steer=0 m1=4888/256094 i1=128 t1=34 m2=-4899/-256094 i2=-168 t2=33 steerMode=0/-318 iSteer=-19898 driveMode=256094/257911 iDrive=148057 scale=0 wheel=745000 ffS=0
2026-07-07T16:37:26.198+00:00 VCP SET_TARGET_RX steer=254200 wheel=745000
2026-07-07T16:37:26.383+00:00 VCP run=1 step=0 angle=253740 target=254200 err=460 steer=0 m1=4903/256094 i1=105 t1=34 m2=-4874/-256094 i2=-206 t2=33 steerMode=0/296 iSteer=-50943 driveMode=256094/257579 iDrive=155443 scale=0 wheel=745000 ffS=0
2026-07-07T16:37:26.383+00:00 VCP run=1 step=0 angle=253740 target=254200 err=460 steer=0 m1=4892/256094 i1=127 t1=34 m2=-4916/-256094 i2=-185 t2=33 steerMode=0/-151 iSteer=-29032 driveMode=256094/257575 iDrive=155575 scale=0 wheel=745000 ffS=0
2026-07-07T16:37:26.487+00:00 VCP run=1 step=0 angle=253740 target=254200 err=460 steer=0 m1=4905/256094 i1=103 t1=34 m2=-4889/-256094 i2=-211 t2=33 steerMode=0/356 iSteer=-53998 driveMode=256094/257521 iDrive=157181 scale=0 wheel=745000 ffS=0
2026-07-07T16:37:26.591+00:00 VCP run=1 step=0 angle=253916 target=254200 err=284 steer=0 m1=4888/256094 i1=123 t1=34 m2=-4889/-256094 i2=-222 t2=33 steerMode=0/254 iSteer=-49359 driveMode=256094/257009 iDrive=172539 scale=0 wheel=745000 ffS=0
2026-07-07T16:37:26.691+00:00 VCP run=1 step=0 angle=253564 target=254200 err=636 steer=1271 m1=4923/257842 i1=192 t1=34 m2=-4874/-254346 i2=-110 t2=33 steerMode=1748/209 iSteer=41099 driveMode=256094/257723 iDrive=151134 scale=0 wheel=745000 ffS=0
2026-07-07T16:37:26.691+00:00 VCP SET_TARGET_RX steer=254200 wheel=745000
2026-07-07T16:37:26.795+00:00 VCP run=1 step=0 angle=254531 target=254200 err=-331 steer=0 m1=4867/256094 i1=102 t1=34 m2=-4885/-256094 i2=-245 t2=33 steerMode=0/679 iSteer=-71669 driveMode=256094/256971 iDrive=173672 scale=0 wheel=745000 ffS=0
2026-07-07T16:37:26.898+00:00 VCP run=1 step=0 angle=259014 target=266600 err=7586 steer=15173 m1=5497/276956 i1=-66 t1=34 m2=-4269/-235231 i2=-413 t2=33 steerMode=20862/25558 iSteer=-239723 driveMode=256094/256984 iDrive=173292 scale=0 wheel=745000 ffS=0
2026-07-07T16:37:27.001+00:00 VCP run=1 step=0 angle=265605 target=266600 err=995 steer=1989 m1=4852/258829 i1=126 t1=34 m2=-4931/-253359 i2=-175 t2=33 steerMode=2735/2414 iSteer=-24528 driveMode=256094/257735 iDrive=150749 scale=0 wheel=745000 ffS=0
2026-07-07T16:37:27.182+00:00 VCP run=1 step=0 angle=265781 target=266600 err=819 steer=1638 m1=4965/258345 i1=92 t1=34 m2=-4832/-253842 i2=-239 t2=33 steerMode=2252/3018 iSteer=-73092 driveMode=256094/257245 iDrive=165477 scale=0 wheel=745000 ffS=0
2026-07-07T16:37:27.182+00:00 VCP run=1 step=0 angle=266660 target=266600 err=-60 steer=0 m1=4894/256094 i1=129 t1=34 m2=-4895/-256094 i2=-179 t2=33 steerMode=0/-277 iSteer=-24908 driveMode=256094/257628 iDrive=153974 scale=0 wheel=745000 ffS=0
2026-07-07T16:37:27.182+00:00 VCP SET_TARGET_RX steer=266600 wheel=745000
2026-07-07T16:37:27.286+00:00 VCP run=1 step=0 angle=266309 target=266600 err=291 steer=0 m1=4890/256094 i1=123 t1=34 m2=-4889/-256094 i2=-227 t2=33 steerMode=0/268 iSteer=-52038 driveMode=256094/256926 iDrive=175042 scale=0 wheel=745000 ffS=0
2026-07-07T16:37:27.390+00:00 VCP run=1 step=0 angle=266221 target=266600 err=379 steer=0 m1=4930/256094 i1=48 t1=34 m2=-4845/-256094 i2=-256 t2=33 steerMode=0/1333 iSteer=-103858 driveMode=256094/257684 iDrive=152304 scale=0 wheel=745000 ffS=0
2026-07-07T16:37:27.494+00:00 VCP run=1 step=0 angle=266221 target=266600 err=379 steer=0 m1=4877/256094 i1=151 t1=34 m2=-4866/-256094 i2=-198 t2=33 steerMode=0/-297 iSteer=-23657 driveMode=256094/256954 iDrive=174188 scale=0 wheel=745000 ffS=0
2026-07-07T16:37:27.598+00:00 VCP run=1 step=0 angle=266748 target=266600 err=-148 steer=0 m1=4909/256094 i1=128 t1=34 m2=-4889/-256094 i2=-193 t2=33 steerMode=0/-122 iSteer=-32632 driveMode=256094/257400 iDrive=160812 scale=0 wheel=745000 ffS=0
2026-07-07T16:37:27.698+00:00 VCP run=1 step=0 angle=265957 target=266600 err=643 steer=1286 m1=4900/257862 i1=199 t1=34 m2=-4880/-254326 i2=-111 t2=33 steerMode=1768/125 iSteer=43910 driveMode=256094/257585 iDrive=155254 scale=0 wheel=745000 ffS=0
2026-07-07T16:37:27.698+00:00 VCP SET_TARGET_RX steer=266600 wheel=745000
2026-07-07T16:37:27.883+00:00 VCP run=1 step=0 angle=266660 target=266600 err=-60 steer=0 m1=4894/256094 i1=125 t1=34 m2=-4906/-256094 i2=-207 t2=33 steerMode=0/8 iSteer=-40981 driveMode=256094/257217 iDrive=166291 scale=0 wheel=745000 ffS=0
2026-07-07T16:37:27.883+00:00 VCP run=1 step=0 angle=266484 target=266600 err=116 steer=0 m1=4890/256094 i1=102 t1=34 m2=-4870/-256094 i2=-214 t2=33 steerMode=0/327 iSteer=-56125 driveMode=256094/257495 iDrive=157950 scale=0 wheel=745000 ffS=0
2026-07-07T16:37:27.987+00:00 VCP run=1 step=0 angle=266572 target=266600 err=28 steer=0 m1=4896/256094 i1=114 t1=34 m2=-4874/-256094 i2=-220 t2=33 steerMode=0/258 iSteer=-53110 driveMode=256094/257198 iDrive=166880 scale=0 wheel=745000 ffS=0
2026-07-07T16:37:28.091+00:00 VCP run=1 step=0 angle=266484 target=266600 err=116 steer=0 m1=4896/256094 i1=110 t1=34 m2=-4904/-256094 i2=-211 t2=33 steerMode=0/205 iSteer=-50520 driveMode=256094/257416 iDrive=160321 scale=0 wheel=745000 ffS=0
2026-07-07T16:37:28.192+00:00 VCP run=1 step=0 angle=266397 target=266600 err=204 steer=0 m1=4884/256094 i1=116 t1=34 m2=-4868/-256094 i2=-224 t2=33 steerMode=0/264 iSteer=-53727 driveMode=256094/257097 iDrive=169909 scale=0 wheel=745000 ffS=0
2026-07-07T16:37:28.192+00:00 VCP SET_TARGET_RX steer=293600 wheel=745000
2026-07-07T16:37:28.294+00:00 VCP run=1 step=0 angle=272725 target=293600 err=20875 steer=40000 m1=5834/311094 i1=1264 t1=34 m2=-3910/-201094 i2=896 t2=33 steerMode=55000/33669 iSteer=1080291 driveMode=256094/256631 iDrive=183878 scale=0 wheel=745000 ffS=0
2026-07-07T16:37:28.397+00:00 VCP run=1 step=0 angle=291885 target=293600 err=1715 steer=3430 m1=4953/260811 i1=-695 t1=34 m2=-4799/-251377 i2=-1094 t2=34 steerMode=4717/21612 iSteer=-894580 driveMode=256094/256133 iDrive=199229 scale=0 wheel=745000 ffS=0
2026-07-07T16:37:28.501+00:00 VCP run=1 step=0 angle=291709 target=293600 err=1891 steer=3782 m1=5051/261294 i1=210 t1=34 m2=-4759/-250893 i2=-119 t2=34 steerMode=5200/3529 iSteer=45457 driveMode=256094/257265 iDrive=164859 scale=0 wheel=745000 ffS=0
2026-07-07T16:37:28.665+00:00 VCP run=1 step=0 angle=292500 target=293600 err=1100 steer=2200 m1=4898/259119 i1=167 t1=34 m2=-4904/-253069 i2=-129 t2=34 steerMode=3025/1739 iSteer=18576 driveMode=256094/257828 iDrive=147982 scale=0 wheel=745000 ffS=0
2026-07-07T16:37:28.665+00:00 VCP run=1 step=0 angle=293730 target=293600 err=-130 steer=0 m1=4894/256094 i1=30 t1=34 m2=-4851/-256094 i2=-314 t2=34 steerMode=0/1938 iSteer=-141790 driveMode=256094/257033 iDrive=171821 scale=0 wheel=745000 ffS=0
2026-07-07T16:37:28.786+00:00 VCP SET_TARGET_RX steer=293600 wheel=745000
2026-07-07T16:37:28.786+00:00 VCP run=1 step=0 angle=293643 target=293600 err=-43 steer=0 m1=4869/256094 i1=148 t1=34 m2=-4912/-256094 i2=-147 t2=34 steerMode=0/-903 iSteer=261 driveMode=256094/257847 iDrive=147399 scale=0 wheel=745000 ffS=0
2026-07-07T16:37:28.890+00:00 VCP run=1 step=0 angle=293467 target=293600 err=133 steer=0 m1=4888/256094 i1=105 t1=34 m2=-4872/-256094 i2=-233 t2=34 steerMode=0/393 iSteer=-64259 driveMode=256094/257125 iDrive=169058 scale=0 wheel=745000 ffS=0
2026-07-07T16:37:28.994+00:00 VCP run=1 step=0 angle=293643 target=293600 err=-43 steer=0 m1=4898/256094 i1=103 t1=34 m2=-4908/-256094 i2=-189 t2=34 steerMode=0/-39 iSteer=-42959 driveMode=256094/257891 iDrive=146072 scale=0 wheel=745000 ffS=0
2026-07-07T16:37:29.098+00:00 VCP run=1 step=0 angle=293379 target=293600 err=221 steer=0 m1=4896/256094 i1=118 t1=34 m2=-4889/-256094 i2=-218 t2=34 steerMode=0/109 iSteer=-50070 driveMode=256094/257164 iDrive=167898 scale=0 wheel=745000 ffS=0
2026-07-07T16:37:29.198+00:00 VCP run=1 step=0 angle=293555 target=293600 err=45 steer=0 m1=4882/256094 i1=128 t1=34 m2=-4901/-256094 i2=-219 t2=34 steerMode=0/17 iSteer=-45618 driveMode=256094/256983 iDrive=173331 scale=0 wheel=745000 ffS=0
2026-07-07T16:37:29.198+00:00 VCP SET_TARGET_RX steer=293600 wheel=745000
2026-07-07T16:37:29.383+00:00 VCP run=1 step=0 angle=292676 target=293600 err=924 steer=1848 m1=4932/258635 i1=175 t1=34 m2=-4857/-253552 i2=-118 t2=34 steerMode=2542/1133 iSteer=28551 driveMode=256094/257885 iDrive=146259 scale=0 wheel=745000 ffS=0
2026-07-07T16:37:29.383+00:00 VCP run=1 step=0 angle=293379 target=293600 err=221 steer=0 m1=4879/256094 i1=119 t1=34 m2=-4889/-256094 i2=-230 t2=34 steerMode=0/200 iSteer=-55504 driveMode=256094/256928 iDrive=174986 scale=0 wheel=745000 ffS=0
2026-07-07T16:37:29.487+00:00 VCP run=1 step=0 angle=293291 target=293600 err=309 steer=0 m1=4896/256094 i1=120 t1=34 m2=-4904/-256094 i2=-182 t2=34 steerMode=0/-268 iSteer=-30984 driveMode=256094/257730 iDrive=150920 scale=0 wheel=745000 ffS=0
2026-07-07T16:37:29.591+00:00 VCP run=1 step=0 angle=293027 target=293600 err=573 steer=1145 m1=4896/257669 i1=170 t1=34 m2=-4868/-254519 i2=-153 t2=34 steerMode=1575/544 iSteer=8271 driveMode=256094/257373 iDrive=161632 scale=0 wheel=745000 ffS=0
2026-07-07T16:37:29.690+00:00 VCP run=1 step=0 angle=294258 target=293600 err=-658 steer=-1140 m1=4873/254526 i1=51 t1=34 m2=-4904/-257661 i2=-267 t2=34 steerMode=-1567/-304 iSteer=-108355 driveMode=256094/257463 iDrive=158928 scale=0 wheel=745000 ffS=0
2026-07-07T16:37:29.690+00:00 VCP SET_TARGET_RX steer=293600 wheel=745000
2026-07-07T16:37:29.794+00:00 VCP run=1 step=0 angle=293203 target=293600 err=397 steer=0 m1=4913/256094 i1=128 t1=34 m2=-4874/-256094 i2=-196 t2=34 steerMode=0/-178 iSteer=-33844 driveMode=256094/257362 iDrive=161964 scale=0 wheel=745000 ffS=0
2026-07-07T16:37:29.897+00:00 VCP run=1 step=0 angle=293291 target=246100 err=-47191 steer=-600 m1=4888/255269 i1=68 t1=34 m2=-4904/-256919 i2=-262 t2=34 steerMode=-825/246 iSteer=-96519 driveMode=256094/257261 iDrive=164987 scale=0 wheel=745000 ffS=0
2026-07-07T16:37:30.000+00:00 VCP run=1 step=0 angle=284326 target=246100 err=-38226 steer=-40000 m1=3791/201094 i1=-564 t1=34 m2=-6013/-311094 i2=-837 t2=34 steerMode=-55000/-43064 iSteer=-700655 driveMode=256094/258201 iDrive=136774 scale=0 wheel=745000 ffS=0
2026-07-07T16:37:30.162+00:00 VCP run=1 step=0 angle=257256 target=246100 err=-11156 steer=-22312 m1=3988/225415 i1=1350 t1=34 m2=-5734/-286772 i2=932 t2=34 steerMode=-30679/-55100 iSteer=1141155 driveMode=256094/255791 iDrive=209163 scale=0 wheel=745000 ffS=0
2026-07-07T16:37:30.162+00:00 VCP run=1 step=0 angle=249873 target=246100 err=-3773 steer=-7546 m1=4746/245718 i1=31 t1=34 m2=-5012/-266470 i2=-316 t2=34 steerMode=-10376/-8502 iSteer=-142404 driveMode=256094/256968 iDrive=173859 scale=0 wheel=745000 ffS=0
2026-07-07T16:37:30.201+00:00 VCP SET_TARGET_RX steer=246100 wheel=745000
2026-07-07T16:37:30.386+00:00 VCP run=1 step=0 angle=246973 target=246100 err=-873 steer=-1745 m1=4831/253694 i1=223 t1=34 m2=-4906/-258494 i2=-128 t2=34 steerMode=-2400/-4226 iSteer=47470 driveMode=256094/256916 iDrive=175318 scale=0 wheel=745000 ffS=0
2026-07-07T16:37:30.386+00:00 VCP run=1 step=0 angle=246445 target=246100 err=-345 steer=0 m1=4882/256094 i1=176 t1=34 m2=-4897/-256094 i2=-146 t2=34 steerMode=0/-1124 iSteer=15059 driveMode=256094/257381 iDrive=161387 scale=0 wheel=745000 ffS=0
2026-07-07T16:37:30.490+00:00 VCP run=1 step=0 angle=246357 target=246100 err=-257 steer=0 m1=4888/256094 i1=111 t1=34 m2=-4904/-256094 i2=-200 t2=34 steerMode=0/64 iSteer=-44612 driveMode=256094/257574 iDrive=155596 scale=0 wheel=745000 ffS=0
2026-07-07T16:37:30.594+00:00 VCP run=1 step=0 angle=246094 target=246100 err=6 steer=0 m1=4896/256094 i1=132 t1=34 m2=-4910/-256094 i2=-187 t2=34 steerMode=0/-277 iSteer=-27265 driveMode=256094/257448 iDrive=159365 scale=0 wheel=745000 ffS=0
2026-07-07T16:37:30.694+00:00 VCP run=1 step=0 angle=245918 target=246100 err=182 steer=0 m1=4875/256094 i1=108 t1=34 m2=-4891/-256094 i2=-192 t2=34 steerMode=0/19 iSteer=-41768 driveMode=256094/257759 iDrive=150053 scale=0 wheel=745000 ffS=0
2026-07-07T16:37:30.694+00:00 VCP SET_TARGET_RX steer=246100 wheel=745000
2026-07-07T16:37:30.798+00:00 VCP run=1 step=0 angle=246006 target=246100 err=94 steer=0 m1=4867/256094 i1=136 t1=34 m2=-4899/-256094 i2=-208 t2=34 steerMode=0/-94 iSteer=-36142 driveMode=256094/257034 iDrive=171799 scale=0 wheel=745000 ffS=0
2026-07-07T16:37:30.984+00:00 VCP run=1 step=0 angle=245566 target=246100 err=534 steer=1067 m1=4900/257561 i1=167 t1=34 m2=-4866/-254626 i2=-157 t2=34 steerMode=1467/593 iSteer=5114 driveMode=256094/257371 iDrive=161685 scale=0 wheel=745000 ffS=0
2026-07-07T16:37:30.984+00:00 VCP run=1 step=0 angle=246182 target=246100 err=-82 steer=0 m1=4884/256094 i1=125 t1=34 m2=-4889/-256094 i2=-206 t2=34 steerMode=0/-4 iSteer=-40427 driveMode=256094/257248 iDrive=165366 scale=0 wheel=745000 ffS=0
2026-07-07T16:37:31.087+00:00 VCP run=1 step=0 angle=245742 target=246100 err=358 steer=0 m1=4877/256094 i1=130 t1=34 m2=-4891/-256094 i2=-191 t2=34 steerMode=0/-180 iSteer=-30885 driveMode=256094/257407 iDrive=160602 scale=0 wheel=745000 ffS=0
2026-07-07T16:37:31.188+00:00 VCP run=1 step=0 angle=245654 target=246100 err=446 steer=0 m1=4909/256094 i1=109 t1=34 m2=-4897/-256094 i2=-185 t2=34 steerMode=0/-25 iSteer=-38026 driveMode=256094/257873 iDrive=146619 scale=0 wheel=745000 ffS=0
2026-07-07T16:37:31.188+00:00 VCP SET_TARGET_RX steer=246100 wheel=745000
2026-07-07T16:37:31.292+00:00 VCP run=1 step=0 angle=245918 target=246100 err=182 steer=0 m1=4898/256094 i1=137 t1=34 m2=-4887/-256094 i2=-204 t2=34 steerMode=0/-109 iSteer=-33825 driveMode=256094/257075 iDrive=170555 scale=0 wheel=745000 ffS=0
2026-07-07T16:37:31.395+00:00 VCP run=1 step=0 angle=245654 target=246100 err=446 steer=0 m1=4900/256094 i1=109 t1=34 m2=-4912/-256094 i2=-184 t2=34 steerMode=0/-16 iSteer=-37626 driveMode=256094/257879 iDrive=146431 scale=0 wheel=745000 ffS=0
2026-07-07T16:37:31.499+00:00 VCP run=1 step=0 angle=245742 target=246100 err=358 steer=0 m1=4903/256094 i1=99 t1=34 m2=-4885/-256094 i2=-227 t2=34 steerMode=0/536 iSteer=-64157 driveMode=256094/257330 iDrive=162909 scale=0 wheel=745000 ffS=0
2026-07-07T16:37:31.664+00:00 VCP run=1 step=0 angle=245830 target=246100 err=270 steer=0 m1=4898/256094 i1=70 t1=35 m2=-4870/-256094 i2=-253 t2=34 steerMode=0/1101 iSteer=-91575 driveMode=256094/257377 iDrive=161488 scale=0 wheel=745000 ffS=0
2026-07-07T16:37:31.664+00:00 VCP run=1 step=0 angle=245918 target=246100 err=182 steer=0 m1=4884/256094 i1=141 t1=35 m2=-4876/-256094 i2=-198 t2=34 steerMode=0/-163 iSteer=-28476 driveMode=256094/257113 iDrive=169430 scale=0 wheel=745000 ffS=0
2026-07-07T16:37:31.785+00:00 VCP SET_TARGET_RX steer=246100 wheel=745000
2026-07-07T16:37:31.785+00:00 VCP run=1 step=0 angle=245654 target=246100 err=446 steer=0 m1=4903/256094 i1=129 t1=35 m2=-4887/-256094 i2=-189 t2=34 steerMode=0/-126 iSteer=-30193 driveMode=256094/257454 iDrive=159199 scale=0 wheel=745000 ffS=0
2026-07-07T16:37:31.889+00:00 VCP run=1 step=0 angle=245918 target=246100 err=182 steer=0 m1=4926/256094 i1=40 t1=35 m2=-4874/-256094 i2=-268 t2=34 steerMode=0/1594 iSteer=-114264 driveMode=256094/257622 iDrive=154145 scale=0 wheel=745000 ffS=0
2026-07-07T16:37:31.991+00:00 VCP run=1 step=0 angle=243984 target=194100 err=-49884 steer=-36600 m1=4277/205769 i1=-1503 t1=35 m2=-5538/-306419 i2=-1805 t2=34 steerMode=-50325/-18714 iSteer=-1653882 driveMode=256094/257732 iDrive=150865 scale=0 wheel=745000 ffS=0
2026-07-07T16:37:32.094+00:00 VCP run=1 step=0 angle=217002 target=194100 err=-22902 steer=-40000 m1=3764/201094 i1=466 t1=35 m2=-6008/-311094 i2=140 t2=34 steerMode=-55000/-62710 iSteer=302946 driveMode=256094/257342 iDrive=162567 scale=0 wheel=745000 ffS=0
2026-07-07T16:37:32.193+00:00 VCP run=1 step=0 angle=199424 target=194100 err=-5324 steer=-10648 m1=4547/241453 i1=692 t1=35 m2=-5199/-270734 i2=294 t2=34 steerMode=-14641/-25302 iSteer=493343 driveMode=256094/256132 iDrive=198885 scale=0 wheel=745000 ffS=0
2026-07-07T16:37:32.193+00:00 VCP SET_TARGET_RX steer=194100 wheel=745000
2026-07-07T16:37:32.296+00:00 VCP run=1 step=0 angle=196172 target=194100 err=-2072 steer=-4144 m1=4752/250396 i1=160 t1=35 m2=-5004/-261791 i2=-139 t2=34 steerMode=-5698/-6596 iSteer=10536 driveMode=256094/257773 iDrive=149624 scale=0 wheel=745000 ffS=0
2026-07-07T16:37:32.400+00:00 VCP run=1 step=0 angle=193975 target=194100 err=125 steer=0 m1=4888/256094 i1=207 t1=35 m2=-4906/-256094 i2=-105 t2=34 steerMode=0/-1574 iSteer=51195 driveMode=256094/257554 iDrive=156180 scale=0 wheel=745000 ffS=0
2026-07-07T16:37:32.585+00:00 VCP run=1 step=0 angle=194326 target=194100 err=-226 steer=0 m1=4886/256094 i1=123 t1=35 m2=-4880/-256094 i2=-213 t2=34 steerMode=0/340 iSteer=-44694 driveMode=256094/257165 iDrive=167860 scale=0 wheel=745000 ffS=0
2026-07-07T16:37:32.585+00:00 VCP run=1 step=0 angle=194063 target=194100 err=38 steer=0 m1=4894/256094 i1=135 t1=35 m2=-4897/-256094 i2=-185 t2=34 steerMode=0/-46 iSteer=-24975 driveMode=256094/257440 iDrive=159618 scale=0 wheel=745000 ffS=0
2026-07-07T16:37:32.686+00:00 VCP run=1 step=0 angle=193975 target=194100 err=125 steer=0 m1=4896/256094 i1=135 t1=35 m2=-4868/-256094 i2=-185 t2=34 steerMode=0/-51 iSteer=-24689 driveMode=256094/257427 iDrive=160006 scale=0 wheel=745000 ffS=0
2026-07-07T16:37:32.686+00:00 VCP SET_TARGET_RX steer=194100 wheel=745000
2026-07-07T16:37:32.790+00:00 VCP run=1 step=0 angle=193887 target=194100 err=213 steer=0 m1=4892/256094 i1=133 t1=35 m2=-4893/-256094 i2=-194 t2=34 steerMode=0/76 iSteer=-30803 driveMode=256094/257311 iDrive=163474 scale=0 wheel=745000 ffS=0
2026-07-07T16:37:32.893+00:00 VCP run=1 step=0 angle=193975 target=194100 err=125 steer=0 m1=4879/256094 i1=140 t1=35 m2=-4916/-256094 i2=-168 t2=34 steerMode=0/-268 iSteer=-14034 driveMode=256094/257620 iDrive=154211 scale=0 wheel=745000 ffS=0
2026-07-07T16:37:32.997+00:00 VCP run=1 step=0 angle=193799 target=194100 err=301 steer=0 m1=4905/256094 i1=131 t1=35 m2=-4897/-256094 i2=-180 t2=34 steerMode=0/-59 iSteer=-24263 driveMode=256094/257575 iDrive=155550 scale=0 wheel=745000 ffS=0
2026-07-07T16:37:33.162+00:00 VCP run=1 step=0 angle=193799 target=194100 err=301 steer=0 m1=4894/256094 i1=121 t1=35 m2=-4908/-256094 i2=-182 t2=34 steerMode=0/61 iSteer=-30322 driveMode=256094/257714 iDrive=151407 scale=0 wheel=745000 ffS=0
2026-07-07T16:37:33.162+00:00 VCP run=1 step=0 angle=193711 target=194100 err=389 steer=0 m1=4900/256094 i1=94 t1=35 m2=-4870/-256094 i2=-230 t2=34 steerMode=0/837 iSteer=-68043 driveMode=256094/257360 iDrive=162026 scale=0 wheel=745000 ffS=0
2026-07-07T16:37:33.283+00:00 VCP SET_TARGET_RX steer=194100 wheel=745000
2026-07-07T16:37:33.283+00:00 VCP run=1 step=0 angle=194063 target=194100 err=38 steer=0 m1=4909/256094 i1=111 t1=35 m2=-4895/-256094 i2=-209 t2=34 steerMode=0/441 iSteer=-48725 driveMode=256094/257429 iDrive=159956 scale=0 wheel=745000 ffS=0
2026-07-07T16:37:33.387+00:00 VCP run=1 step=0 angle=193711 target=194100 err=389 steer=0 m1=4890/256094 i1=142 t1=35 m2=-4914/-256094 i2=-161 t2=34 steerMode=0/-333 iSteer=-9812 driveMode=256094/257708 iDrive=151579 scale=0 wheel=745000 ffS=0
2026-07-07T16:37:33.491+00:00 VCP run=1 step=0 angle=193623 target=194100 err=477 steer=530 m1=4923/256822 i1=133 t1=35 m2=-4866/-255365 i2=-179 t2=34 steerMode=728/681 iSteer=-23017 driveMode=256094/257561 iDrive=155982 scale=0 wheel=745000 ffS=0
2026-07-07T16:37:33.595+00:00 VCP run=1 step=0 angle=194063 target=194100 err=38 steer=0 m1=4879/256094 i1=134 t1=35 m2=-4918/-256094 i2=-175 t2=34 steerMode=0/-135 iSteer=-20075 driveMode=256094/257612 iDrive=154452 scale=0 wheel=745000 ffS=0
2026-07-07T16:37:33.693+00:00 VCP run=1 step=0 angle=191865 target=161600 err=-30265 steer=-36600 m1=4277/205769 i1=-1510 t1=35 m2=-5535/-306419 i2=-1816 t2=34 steerMode=-50325/-18342 iSteer=-1662819 driveMode=256094/257653 iDrive=153230 scale=0 wheel=745000 ffS=0
2026-07-07T16:37:33.693+00:00 VCP SET_TARGET_RX steer=161600 wheel=745000
2026-07-07T16:37:33.796+00:00 VCP run=1 step=0 angle=166289 target=161600 err=-4689 steer=-9378 m1=4252/243199 i1=1910 t1=35 m2=-5471/-268989 i2=1509 t2=34 steerMode=-12895/-47897 iSteer=1709262 driveMode=256094/256080 iDrive=200426 scale=0 wheel=745000 ffS=0
2026-07-07T16:37:33.898+00:00 VCP run=1 step=0 angle=165410 target=161600 err=-3810 steer=-7620 m1=4741/245616 i1=-229 t1=35 m2=-5019/-266572 i2=-575 t2=34 steerMode=-10478/-3104 iSteer=-401869 driveMode=256094/257005 iDrive=172661 scale=0 wheel=745000 ffS=0
2026-07-07T16:37:34.084+00:00 VCP run=1 step=0 angle=161191 target=161600 err=409 steer=0 m1=4892/256094 i1=347 t1=35 m2=-4897/-256094 i2=60 t2=34 steerMode=0/-4490 iSteer=203279 driveMode=256094/257983 iDrive=143320 scale=0 wheel=745000 ffS=0
2026-07-07T16:37:34.084+00:00 VCP run=1 step=0 angle=161895 target=161600 err=-295 steer=0 m1=4886/256094 i1=89 t1=35 m2=-4916/-256094 i2=-219 t2=34 steerMode=0/826 iSteer=-64592 driveMode=256094/257628 iDrive=153962 scale=0 wheel=745000 ffS=0
2026-07-07T16:37:34.184+00:00 VCP run=1 step=0 angle=161982 target=161600 err=-382 steer=0 m1=4890/256094 i1=138 t1=35 m2=-4889/-256094 i2=-166 t2=34 steerMode=0/-176 iSteer=-13594 driveMode=256094/257697 iDrive=151915 scale=0 wheel=745000 ffS=0
2026-07-07T16:37:34.184+00:00 VCP SET_TARGET_RX steer=161600 wheel=745000
2026-07-07T16:37:34.288+00:00 VCP run=1 step=0 angle=161719 target=161600 err=-119 steer=0 m1=4900/256094 i1=105 t1=35 m2=-4883/-256094 i2=-174 t2=34 steerMode=0/238 iSteer=-34770 driveMode=256094/258113 iDrive=139411 scale=0 wheel=745000 ffS=0
2026-07-07T16:37:34.391+00:00 VCP run=1 step=0 angle=161455 target=161600 err=145 steer=0 m1=4888/256094 i1=136 t1=35 m2=-4880/-256094 i2=-183 t2=34 steerMode=0/14 iSteer=-23272 driveMode=256094/257445 iDrive=159461 scale=0 wheel=745000 ffS=0
2026-07-07T16:37:34.495+00:00 VCP run=1 step=0 angle=161719 target=161600 err=-119 steer=0 m1=4911/256094 i1=116 t1=35 m2=-4901/-256094 i2=-162 t2=34 steerMode=0/5 iSteer=-23158 driveMode=256094/258118 iDrive=139285 scale=0 wheel=745000 ffS=0
2026-07-07T16:37:34.599+00:00 VCP run=1 step=0 angle=161631 target=161600 err=-31 steer=0 m1=4884/256094 i1=146 t1=35 m2=-4908/-256094 i2=-156 t2=34 steerMode=0/-360 iSteer=-5026 driveMode=256094/257737 iDrive=150688 scale=0 wheel=745000 ffS=0
2026-07-07T16:37:34.700+00:00 VCP run=1 step=0 angle=161543 target=161600 err=57 steer=0 m1=4905/256094 i1=114 t1=35 m2=-4880/-256094 i2=-202 t2=34 steerMode=0/422 iSteer=-44286 driveMode=256094/257490 iDrive=158115 scale=0 wheel=745000 ffS=0
2026-07-07T16:37:34.700+00:00 VCP SET_TARGET_RX steer=161600 wheel=745000
2026-07-07T16:37:34.885+00:00 VCP run=1 step=0 angle=161455 target=161600 err=145 steer=0 m1=4896/256094 i1=119 t1=35 m2=-4910/-256094 i2=-158 t2=34 steerMode=0/-69 iSteer=-19817 driveMode=256094/258145 iDrive=138457 scale=0 wheel=745000 ffS=0
2026-07-07T16:37:34.886+00:00 VCP run=1 step=0 angle=161455 target=161600 err=145 steer=0 m1=4903/256094 i1=127 t1=35 m2=-4920/-256094 i2=-174 t2=34 steerMode=0/5 iSteer=-23204 driveMode=256094/257739 iDrive=150652 scale=0 wheel=745000 ffS=0
2026-07-07T16:37:34.989+00:00 VCP run=1 step=0 angle=161191 target=161600 err=409 steer=0 m1=4900/256094 i1=124 t1=35 m2=-4883/-256094 i2=-167 t2=34 steerMode=0/-23 iSteer=-21674 driveMode=256094/257918 iDrive=145271 scale=0 wheel=745000 ffS=0
2026-07-07T16:37:35.093+00:00 VCP run=1 step=0 angle=161016 target=161600 err=584 steer=1169 m1=4926/257701 i1=185 t1=35 m2=-4901/-254487 i2=-106 t2=34 steerMode=1607/398 iSteer=39529 driveMode=256094/257923 iDrive=145110 scale=0 wheel=745000 ffS=0
2026-07-07T16:37:35.193+00:00 VCP run=1 step=0 angle=161367 target=161600 err=233 steer=0 m1=4907/256094 i1=116 t1=35 m2=-4906/-256094 i2=-166 t2=34 steerMode=0/51 iSteer=-24784 driveMode=256094/258063 iDrive=140917 scale=0 wheel=745000 ffS=0
2026-07-07T16:37:35.193+00:00 VCP SET_TARGET_RX steer=161600 wheel=745000
2026-07-07T16:37:35.297+00:00 VCP run=1 step=0 angle=161367 target=161600 err=233 steer=0 m1=4900/256094 i1=150 t1=35 m2=-4899/-256094 i2=-163 t2=34 steerMode=0/-308 iSteer=-6531 driveMode=256094/257557 iDrive=156101 scale=0 wheel=745000 ffS=0
2026-07-07T16:37:35.401+00:00 VCP run=1 step=0 angle=161367 target=161600 err=233 steer=0 m1=4894/256094 i1=135 t1=35 m2=-4912/-256094 i2=-167 t2=34 steerMode=0/-117 iSteer=-15944 driveMode=256094/257734 iDrive=150780 scale=0 wheel=745000 ffS=0
2026-07-07T16:37:35.584+00:00 VCP run=1 step=0 angle=167344 target=224900 err=57556 steer=40000 m1=5817/311094 i1=1290 t1=35 m2=-3903/-201094 i2=944 t2=34 steerMode=55000/33308 iSteer=1116934 driveMode=256094/256991 iDrive=173087 scale=0 wheel=745000 ffS=0
2026-07-07T16:37:35.584+00:00 VCP run=1 step=0 angle=195117 target=224900 err=29783 steer=40000 m1=5972/311094 i1=-68 t1=35 m2=-3807/-201094 i2=-439 t2=34 steerMode=55000/60577 iSteer=-253373 driveMode=256094/256580 iDrive=185414 scale=0 wheel=745000 ffS=0
2026-07-07T16:37:35.683+00:00 VCP run=1 step=0 angle=216650 target=224900 err=8250 steer=16499 m1=5534/278780 i1=-837 t1=35 m2=-4272/-233407 i2=-1140 t2=34 steerMode=22686/42453 iSteer=-988477 driveMode=256094/257706 iDrive=151636 scale=0 wheel=745000 ffS=0
2026-07-07T16:37:35.683+00:00 VCP SET_TARGET_RX steer=224900 wheel=745000
2026-07-07T16:37:35.787+00:00 VCP run=1 step=0 angle=221836 target=224900 err=3064 steer=6128 m1=5039/264520 i1=194 t1=35 m2=-4793/-247668 i2=-76 t2=34 steerMode=8426/6838 iSteer=59087 driveMode=256094/258252 iDrive=135253 scale=0 wheel=745000 ffS=0
2026-07-07T16:37:35.890+00:00 VCP run=1 step=0 angle=224297 target=224900 err=603 steer=1206 m1=4951/257752 i1=13 t1=35 m2=-4845/-254435 i2=-309 t2=34 steerMode=1659/4110 iSteer=-147787 driveMode=256094/257388 iDrive=161172 scale=0 wheel=745000 ffS=0
2026-07-07T16:37:35.993+00:00 VCP run=1 step=0 angle=223857 target=224900 err=1043 steer=2085 m1=4909/258961 i1=276 t1=35 m2=-4862/-253227 i2=-34 t2=34 steerMode=2867/-51 iSteer=120824 driveMode=256094/257593 iDrive=155037 scale=0 wheel=745000 ffS=0
2026-07-07T16:37:36.097+00:00 VCP run=1 step=0 angle=225000 target=224900 err=-100 steer=0 m1=4875/256094 i1=95 t1=35 m2=-4880/-256094 i2=-210 t2=34 steerMode=0/587 iSteer=-57393 driveMode=256094/257667 iDrive=152795 scale=0 wheel=745000 ffS=0
2026-07-07T16:37:36.197+00:00 VCP run=1 step=0 angle=224824 target=224900 err=76 steer=0 m1=4888/256094 i1=144 t1=35 m2=-4895/-256094 i2=-176 t2=34 steerMode=0/-238 iSteer=-15883 driveMode=256094/257415 iDrive=160377 scale=0 wheel=745000 ffS=0
2026-07-07T16:37:36.197+00:00 VCP SET_TARGET_RX steer=224900 wheel=745000
2026-07-07T16:37:36.383+00:00 VCP run=1 step=0 angle=224473 target=224900 err=427 steer=0 m1=4923/256094 i1=115 t1=35 m2=-4904/-256094 i2=-173 t2=34 steerMode=0/14 iSteer=-28698 driveMode=256094/257955 iDrive=144159 scale=0 wheel=745000 ffS=0
2026-07-07T16:37:36.383+00:00 VCP run=1 step=0 angle=224736 target=224900 err=164 steer=0 m1=4892/256094 i1=126 t1=35 m2=-4906/-256094 i2=-201 t2=34 steerMode=0/162 iSteer=-37136 driveMode=256094/257306 iDrive=163618 scale=0 wheel=745000 ffS=0
2026-07-07T16:37:36.487+00:00 VCP run=1 step=0 angle=224736 target=224900 err=164 steer=0 m1=4911/256094 i1=112 t1=35 m2=-4922/-256094 i2=-169 t2=34 steerMode=0/-6 iSteer=-28486 driveMode=256094/258074 iDrive=140584 scale=0 wheel=745000 ffS=0
2026-07-07T16:37:36.591+00:00 VCP run=1 step=0 angle=224824 target=224900 err=76 steer=0 m1=4867/256094 i1=124 t1=35 m2=-4885/-256094 i2=-198 t2=34 steerMode=0/158 iSteer=-36934 driveMode=256094/257397 iDrive=160910 scale=0 wheel=745000 ffS=0
2026-07-07T16:37:36.691+00:00 VCP run=1 step=0 angle=224297 target=224900 err=603 steer=1206 m1=4896/257752 i1=194 t1=35 m2=-4872/-254435 i2=-127 t2=34 steerMode=1659/422 iSteer=33513 driveMode=256094/257400 iDrive=160806 scale=0 wheel=745000 ffS=0
2026-07-07T16:37:36.691+00:00 VCP SET_TARGET_RX steer=224900 wheel=745000
2026-07-07T16:37:36.795+00:00 VCP run=1 step=0 angle=224912 target=224900 err=-12 steer=0 m1=4890/256094 i1=110 t1=35 m2=-4885/-256094 i2=-205 t2=34 steerMode=0/336 iSteer=-47189 driveMode=256094/257514 iDrive=157404 scale=0 wheel=745000 ffS=0
2026-07-07T16:37:36.898+00:00 VCP run=1 step=0 angle=233965 target=271100 err=37135 steer=40000 m1=5968/311094 i1=845 t1=35 m2=-3769/-201094 i2=467 t2=34 steerMode=55000/42529 iSteer=655717 driveMode=256094/256455 iDrive=189155 scale=0 wheel=745000 ffS=0
2026-07-07T16:37:37.000+00:00 VCP run=1 step=0 angle=260156 target=271100 err=10944 steer=21888 m1=5719/286189 i1=-1030 t1=35 m2=-4029/-225998 i2=-1401 t2=34 steerMode=30095/54514 iSteer=-1215499 driveMode=256094/256586 iDrive=185226 scale=0 wheel=745000 ffS=0
2026-07-07T16:37:37.165+00:00 VCP run=1 step=0 angle=267012 target=271100 err=4088 steer=8177 m1=5036/267337 i1=315 t1=35 m2=-4778/-244851 i2=33 t2=34 steerMode=11243/7287 iSteer=173681 driveMode=256094/258063 iDrive=140916 scale=0 wheel=745000 ffS=0
2026-07-07T16:37:37.165+00:00 VCP run=1 step=0 angle=270264 target=271100 err=836 steer=1673 m1=4953/258394 i1=-39 t1=35 m2=-4801/-253794 i2=-370 t2=34 steerMode=2300/5816 iSteer=-204756 driveMode=256094/257242 iDrive=165550 scale=0 wheel=745000 ffS=0
2026-07-07T16:37:37.284+00:00 VCP SET_TARGET_RX steer=271100 wheel=745000
2026-07-07T16:37:37.284+00:00 VCP run=1 step=0 angle=270439 target=271100 err=661 steer=1321 m1=4923/257910 i1=185 t1=35 m2=-4849/-254277 i2=-122 t2=34 steerMode=1817/584 iSteer=31295 driveMode=256094/257647 iDrive=153400 scale=0 wheel=745000 ffS=0
2026-07-07T16:37:37.388+00:00 VCP run=1 step=0 angle=271318 target=271100 err=-218 steer=0 m1=4877/256094 i1=115 t1=35 m2=-4899/-256094 i2=-219 t2=34 steerMode=0/375 iSteer=-51943 driveMode=256094/257208 iDrive=166586 scale=0 wheel=745000 ffS=0
2026-07-07T16:37:37.492+00:00 VCP run=1 step=0 angle=271055 target=271100 err=45 steer=0 m1=4898/256094 i1=119 t1=35 m2=-4885/-256094 i2=-202 t2=34 steerMode=0/161 iSteer=-41277 driveMode=256094/257409 iDrive=160541 scale=0 wheel=745000 ffS=0
2026-07-07T16:37:37.596+00:00 VCP run=1 step=0 angle=270791 target=271100 err=309 steer=0 m1=4890/256094 i1=125 t1=35 m2=-4908/-256094 i2=-200 t2=34 steerMode=0/69 iSteer=-37378 driveMode=256094/257350 iDrive=162317 scale=0 wheel=745000 ffS=0
2026-07-07T16:37:37.696+00:00 VCP run=1 step=0 angle=271055 target=271100 err=45 steer=0 m1=4888/256094 i1=120 t1=35 m2=-4870/-256094 i2=-215 t2=34 steerMode=0/269 iSteer=-47652 driveMode=256094/257176 iDrive=167545 scale=0 wheel=745000 ffS=0
2026-07-07T16:37:37.696+00:00 VCP SET_TARGET_RX steer=271100 wheel=745000
2026-07-07T16:37:37.882+00:00 VCP run=1 step=0 angle=271230 target=271100 err=-130 steer=0 m1=4886/256094 i1=137 t1=35 m2=-4889/-256094 i2=-210 t2=34 steerMode=0/45 iSteer=-36627 driveMode=256094/256970 iDrive=173726 scale=0 wheel=745000 ffS=0
2026-07-07T16:37:37.882+00:00 VCP run=1 step=0 angle=270791 target=271100 err=309 steer=0 m1=4919/256094 i1=124 t1=35 m2=-4899/-256094 i2=-184 t2=34 steerMode=0/-82 iSteer=-30316 driveMode=256094/257628 iDrive=153976 scale=0 wheel=745000 ffS=0
2026-07-07T16:37:37.986+00:00 VCP run=1 step=0 angle=270879 target=271100 err=221 steer=0 m1=4888/256094 i1=111 t1=35 m2=-4868/-256094 i2=-205 t2=34 steerMode=0/251 iSteer=-47205 driveMode=256094/257489 iDrive=158158 scale=0 wheel=745000 ffS=0
2026-07-07T16:37:38.090+00:00 VCP run=1 step=0 angle=271055 target=271100 err=45 steer=0 m1=4884/256094 i1=139 t1=35 m2=-4895/-256094 i2=-186 t2=34 steerMode=0/-228 iSteer=-23613 driveMode=256094/257343 iDrive=162515 scale=0 wheel=745000 ffS=0
2026-07-07T16:37:38.190+00:00 VCP run=1 step=0 angle=271055 target=271100 err=45 steer=0 m1=4900/256094 i1=119 t1=35 m2=-4904/-256094 i2=-209 t2=34 steerMode=0/190 iSteer=-44658 driveMode=256094/257289 iDrive=164144 scale=0 wheel=745000 ffS=0
2026-07-07T16:37:38.190+00:00 VCP SET_TARGET_RX steer=271100 wheel=745000
2026-07-07T16:37:38.294+00:00 VCP run=1 step=0 angle=270791 target=271100 err=309 steer=0 m1=4892/256094 i1=124 t1=35 m2=-4895/-256094 i2=-194 t2=34 steerMode=0/-4 iSteer=-35059 driveMode=256094/257470 iDrive=158724 scale=0 wheel=745000 ffS=0
2026-07-07T16:37:38.398+00:00 VCP run=1 step=0 angle=270791 target=271100 err=309 steer=0 m1=4898/256094 i1=121 t1=35 m2=-4889/-256094 i2=-206 t2=34 steerMode=0/159 iSteer=-42859 driveMode=256094/257306 iDrive=163633 scale=0 wheel=745000 ffS=0
2026-07-07T16:37:38.583+00:00 VCP run=1 step=0 angle=270879 target=271100 err=221 steer=0 m1=4892/256094 i1=120 t1=35 m2=-4868/-256094 i2=-230 t2=34 steerMode=0/403 iSteer=-55209 driveMode=256094/256937 iDrive=174713 scale=0 wheel=745000 ffS=0
2026-07-07T16:37:38.583+00:00 VCP run=1 step=0 angle=270527 target=271100 err=573 steer=1145 m1=4913/257669 i1=192 t1=35 m2=-4880/-254519 i2=-110 t2=34 steerMode=1575/58 iSteer=41030 driveMode=256094/257741 iDrive=150595 scale=0 wheel=745000 ffS=0
2026-07-07T16:37:38.683+00:00 VCP run=1 step=0 angle=270791 target=271100 err=309 steer=0 m1=4886/256094 i1=121 t1=35 m2=-4885/-256094 i2=-222 t2=34 steerMode=0/288 iSteer=-50331 driveMode=256094/257053 iDrive=171226 scale=0 wheel=745000 ffS=0
2026-07-07T16:37:38.683+00:00 VCP SET_TARGET_RX steer=271100 wheel=745000
2026-07-07T16:37:38.787+00:00 VCP run=1 step=0 angle=270879 target=271100 err=221 steer=0 m1=4884/256094 i1=141 t1=35 m2=-4901/-256094 i2=-182 t2=34 steerMode=0/-305 iSteer=-20669 driveMode=256094/257379 iDrive=161428 scale=0 wheel=745000 ffS=0
2026-07-07T16:37:38.891+00:00 VCP run=1 step=0 angle=270439 target=271100 err=661 steer=1321 m1=4919/257910 i1=179 t1=35 m2=-4883/-254277 i2=-135 t2=34 steerMode=1817/688 iSteer=22154 driveMode=256094/257525 iDrive=157071 scale=0 wheel=745000 ffS=0
2026-07-07T16:37:38.994+00:00 VCP run=1 step=0 angle=271670 target=271100 err=-570 steer=-1140 m1=4871/254526 i1=57 t1=35 m2=-4891/-257661 i2=-295 t2=34 steerMode=-1567/57 iSteer=-119188 driveMode=256094/256900 iDrive=175806 scale=0 wheel=745000 ffS=0
2026-07-07T16:37:39.098+00:00 VCP run=1 step=0 angle=270791 target=271100 err=309 steer=0 m1=4898/256094 i1=122 t1=35 m2=-4891/-256094 i2=-185 t2=34 steerMode=0/-84 iSteer=-31627 driveMode=256094/257645 iDrive=153456 scale=0 wheel=745000 ffS=0
2026-07-07T16:37:39.198+00:00 VCP run=1 step=0 angle=270791 target=271100 err=309 steer=0 m1=4898/256094 i1=110 t1=35 m2=-4883/-256094 i2=-226 t2=34 steerMode=0/443 iSteer=-58065 driveMode=256094/257174 iDrive=167581 scale=0 wheel=745000 ffS=0
2026-07-07T16:37:39.198+00:00 VCP SET_TARGET_RX steer=271100 wheel=745000
2026-07-07T16:37:39.383+00:00 VCP run=1 step=0 angle=270967 target=271100 err=133 steer=0 m1=4905/256094 i1=87 t1=35 m2=-4864/-256094 i2=-230 t2=34 steerMode=0/712 iSteer=-71294 driveMode=256094/257483 iDrive=158315 scale=0 wheel=745000 ffS=0
2026-07-07T16:37:39.384+00:00 VCP run=1 step=0 angle=270967 target=271100 err=133 steer=0 m1=4892/256094 i1=143 t1=35 m2=-4872/-256094 i2=-197 t2=34 steerMode=0/-180 iSteer=-27004 driveMode=256094/257086 iDrive=170239 scale=0 wheel=745000 ffS=0
2026-07-07T16:37:39.487+00:00 VCP run=1 step=0 angle=270967 target=271100 err=133 steer=0 m1=4890/256094 i1=133 t1=35 m2=-4901/-256094 i2=-182 t2=34 steerMode=0/-240 iSteer=-24431 driveMode=256094/257496 iDrive=157925 scale=0 wheel=745000 ffS=0
2026-07-07T16:37:39.591+00:00 VCP run=1 step=0 angle=270703 target=271100 err=397 steer=0 m1=4879/256094 i1=126 t1=35 m2=-4895/-256094 i2=-196 t2=34 steerMode=0/-30 iSteer=-34940 driveMode=256094/257392 iDrive=161051 scale=0 wheel=745000 ffS=0
2026-07-07T16:37:39.691+00:00 VCP run=1 step=0 angle=270967 target=271100 err=133 steer=0 m1=4888/256094 i1=125 t1=35 m2=-4891/-256094 i2=-212 t2=34 steerMode=0/143 iSteer=-43537 driveMode=256094/257145 iDrive=168466 scale=0 wheel=745000 ffS=0
2026-07-07T16:37:39.692+00:00 VCP SET_TARGET_RX steer=271100 wheel=745000
2026-07-07T16:37:39.795+00:00 VCP run=1 step=0 angle=270879 target=271100 err=221 steer=0 m1=4900/256094 i1=111 t1=35 m2=-4906/-256094 i2=-216 t2=34 steerMode=0/316 iSteer=-52363 driveMode=256094/257308 iDrive=163578 scale=0 wheel=745000 ffS=0
2026-07-07T16:37:39.981+00:00 VCP run=1 step=0 angle=270703 target=271100 err=397 steer=0 m1=4900/256094 i1=85 t1=35 m2=-4853/-256094 i2=-245 t2=34 steerMode=0/888 iSteer=-79910 driveMode=256094/257247 iDrive=165394 scale=0 wheel=745000 ffS=0
2026-07-07T16:37:39.981+00:00 VCP run=1 step=0 angle=270879 target=271100 err=221 steer=0 m1=4877/256094 i1=137 t1=35 m2=-4901/-256094 i2=-187 t2=34 steerMode=0/-233 iSteer=-24921 driveMode=256094/257372 iDrive=161658 scale=0 wheel=745000 ffS=0
2026-07-07T16:37:40.085+00:00 VCP run=1 step=0 angle=270791 target=271100 err=309 steer=0 m1=4877/256094 i1=118 t1=35 m2=-4885/-256094 i2=-214 t2=34 steerMode=0/227 iSteer=-47799 driveMode=256094/257233 iDrive=165814 scale=0 wheel=745000 ffS=0
2026-07-07T16:37:40.185+00:00 VCP run=1 step=0 angle=270703 target=271100 err=397 steer=0 m1=4894/256094 i1=127 t1=35 m2=-4908/-256094 i2=-183 t2=34 steerMode=0/-173 iSteer=-27922 driveMode=256094/257602 iDrive=154748 scale=0 wheel=745000 ffS=0
2026-07-07T16:37:40.185+00:00 VCP SET_TARGET_RX steer=271100 wheel=745000
2026-07-07T16:37:40.289+00:00 VCP run=1 step=0 angle=270879 target=271100 err=221 steer=0 m1=4865/256094 i1=125 t1=35 m2=-4876/-256094 i2=-228 t2=34 steerMode=0/289 iSteer=-51605 driveMode=256094/256875 iDrive=176566 scale=0 wheel=745000 ffS=0
2026-07-07T16:37:40.393+00:00 VCP run=1 step=0 angle=270791 target=271100 err=309 steer=0 m1=4884/256094 i1=134 t1=35 m2=-4887/-256094 i2=-202 t2=34 steerMode=0/-58 iSteer=-34102 driveMode=256094/257154 iDrive=168181 scale=0 wheel=745000 ffS=0
2026-07-07T16:37:40.496+00:00 VCP run=1 step=0 angle=270527 target=271100 err=573 steer=1145 m1=4913/257669 i1=179 t1=35 m2=-4864/-254519 i2=-138 t2=34 steerMode=1575/451 iSteer=20471 driveMode=256094/257462 iDrive=158941 scale=0 wheel=745000 ffS=0
2026-07-07T16:37:40.663+00:00 VCP run=1 step=0 angle=271230 target=271100 err=-130 steer=0 m1=4873/256094 i1=108 t1=35 m2=-4862/-256094 i2=-262 t2=34 steerMode=0/792 iSteer=-77238 driveMode=256094/256593 iDrive=185027 scale=0 wheel=745000 ffS=0
2026-07-07T16:37:40.663+00:00 VCP run=1 step=0 angle=270967 target=271100 err=133 steer=0 m1=5947/342031 i1=1714 t1=35 m2=-5987/-342031 i2=-1712 t2=34 steerMode=0/-758 iSteer=1153 driveMode=342031/293754 iDrive=1713253 scale=0 wheel=995000 ffS=0
2026-07-07T16:37:40.782+00:00 VCP SET_TARGET_RX steer=271100 wheel=995000
2026-07-07T16:37:40.782+00:00 VCP run=1 step=0 angle=270527 target=271100 err=573 steer=1145 m1=6711/343606 i1=32 t1=35 m2=-6624/-340456 i2=-82 t2=34 steerMode=1575/1419 iSteer=-25133 driveMode=342031/349590 iDrive=57192 scale=0 wheel=995000 ffS=0
2026-07-07T16:37:40.885+00:00 VCP run=1 step=0 angle=271230 target=271100 err=-130 steer=0 m1=6583/342031 i1=71 t1=35 m2=-6573/-342031 i2=-184 t2=34 steerMode=0/409 iSteer=-56543 driveMode=342031/346860 iDrive=127139 scale=0 wheel=995000 ffS=0
2026-07-07T16:37:40.989+00:00 VCP run=1 step=0 angle=271230 target=271100 err=-130 steer=0 m1=6577/342031 i1=109 t1=35 m2=-6582/-342031 i2=-207 t2=34 steerMode=0/243 iSteer=-48771 driveMode=342031/345589 iDrive=157900 scale=0 wheel=995000 ffS=0
2026-07-07T16:37:41.093+00:00 VCP run=1 step=0 angle=271230 target=271100 err=-130 steer=0 m1=6562/342031 i1=99 t1=35 m2=-6565/-342031 i2=-194 t2=34 steerMode=0/208 iSteer=-47683 driveMode=342031/345734 iDrive=146393 scale=0 wheel=995000 ffS=0
2026-07-07T16:37:41.194+00:00 VCP run=1 step=0 angle=271143 target=271100 err=-43 steer=0 m1=6572/342031 i1=96 t1=35 m2=-6573/-342031 i2=-188 t2=34 steerMode=0/162 iSteer=-45996 driveMode=342031/345658 iDrive=142243 scale=0 wheel=995000 ffS=0
2026-07-07T16:37:41.194+00:00 VCP SET_TARGET_RX steer=271100 wheel=995000
2026-07-07T16:37:41.297+00:00 VCP run=1 step=0 angle=270967 target=271100 err=133 steer=0 m1=6570/342031 i1=92 t1=35 m2=-6548/-342031 i2=-209 t2=34 steerMode=0/404 iSteer=-58683 driveMode=342031/345182 iDrive=150196 scale=0 wheel=995000 ffS=0
2026-07-07T16:37:41.483+00:00 VCP run=1 step=0 angle=271318 target=271100 err=-218 steer=0 m1=6564/342031 i1=108 t1=35 m2=-6563/-342031 i2=-189 t2=34 steerMode=0/24 iSteer=-40392 driveMode=342031/345071 iDrive=148111 scale=0 wheel=995000 ffS=0
2026-07-07T16:37:41.483+00:00 VCP run=1 step=0 angle=271143 target=271100 err=-43 steer=0 m1=6556/342031 i1=91 t1=35 m2=-6563/-342031 i2=-209 t2=34 steerMode=0/377 iSteer=-58923 driveMode=342031/344844 iDrive=149664 scale=0 wheel=995000 ffS=0
2026-07-07T16:37:41.586+00:00 VCP run=1 step=0 angle=272988 target=295600 err=22612 steer=34800 m1=7100/389881 i1=1736 t1=35 m2=-5962/-294181 i2=1381 t2=34 steerMode=47850/16567 iSteer=1558110 driveMode=342031/343761 iDrive=177429 scale=0 wheel=995000 ffS=0
2026-07-07T16:37:41.685+00:00 VCP run=1 step=0 angle=293203 target=295600 err=2397 steer=4794 m1=6813/348623 i1=-1036 t1=35 m2=-6255/-335440 i2=-1441 t2=34 steerMode=6591/30617 iSteer=-1238493 driveMode=342031/342863 iDrive=202335 scale=0 wheel=995000 ffS=0
2026-07-07T16:37:41.685+00:00 VCP SET_TARGET_RX steer=295600 wheel=995000
2026-07-07T16:37:41.788+00:00 VCP run=1 step=0 angle=292324 target=295600 err=3276 steer=6552 m1=6721/351040 i1=274 t1=35 m2=-6362/-333023 i2=6 t2=34 steerMode=9008/5563 iSteer=140087 driveMode=342031/344970 iDrive=133936 scale=0 wheel=995000 ffS=0
2026-07-07T16:37:41.892+00:00 VCP run=1 step=0 angle=295664 target=295600 err=-64 steer=0 m1=6520/342031 i1=40 t1=35 m2=-6578/-342031 i2=-255 t2=34 steerMode=0/1231 iSteer=-107273 driveMode=342031/344393 iDrive=147288 scale=0 wheel=995000 ffS=0
2026-07-07T16:37:41.995+00:00 VCP run=1 step=0 angle=295049 target=295600 err=551 steer=1102 m1=6585/343547 i1=101 t1=35 m2=-6486/-340516 i2=-197 t2=34 steerMode=1516/1633 iSteer=-47661 driveMode=342031/344185 iDrive=149155 scale=0 wheel=995000 ffS=0
2026-07-07T16:37:42.163+00:00 VCP run=1 step=0 angle=295488 target=295600 err=112 steer=0 m1=6531/342031 i1=116 t1=35 m2=-6548/-342031 i2=-170 t2=34 steerMode=0/-348 iSteer=-27329 driveMode=342031/344262 iDrive=143057 scale=0 wheel=995000 ffS=0
2026-07-07T16:37:42.163+00:00 VCP run=1 step=0 angle=295313 target=295600 err=288 steer=0 m1=6541/342031 i1=102 t1=35 m2=-6521/-342031 i2=-218 t2=34 steerMode=0/275 iSteer=-57869 driveMode=342031/343586 iDrive=159824 scale=0 wheel=995000 ffS=0
2026-07-07T16:37:42.281+00:00 VCP SET_TARGET_RX steer=295600 wheel=995000
2026-07-07T16:37:42.281+00:00 VCP run=1 step=0 angle=295225 target=295600 err=375 steer=0 m1=6543/342031 i1=82 t1=35 m2=-6500/-342031 i2=-220 t2=34 steerMode=0/516 iSteer=-69281 driveMode=342031/343766 iDrive=150783 scale=0 wheel=995000 ffS=0
2026-07-07T16:37:42.385+00:00 VCP run=1 step=0 angle=295225 target=295600 err=375 steer=0 m1=6531/342031 i1=112 t1=35 m2=-6525/-342031 i2=-204 t2=34 steerMode=0/38 iSteer=-46323 driveMode=342031/343435 iDrive=158048 scale=0 wheel=995000 ffS=0
2026-07-07T16:37:42.489+00:00 VCP run=1 step=0 angle=295137 target=295600 err=463 steer=78 m1=6570/342139 i1=52 t1=35 m2=-6504/-341924 i2=-235 t2=34 steerMode=107/1066 iSteer=-91346 driveMode=342031/343925 iDrive=143176 scale=0 wheel=995000 ffS=0
2026-07-07T16:37:42.593+00:00 VCP run=1 step=0 angle=295752 target=295600 err=-152 steer=0 m1=6526/342031 i1=120 t1=35 m2=-6540/-342031 i2=-184 t2=34 steerMode=0/-253 iSteer=-32069 driveMode=342031/343619 iDrive=152378 scale=0 wheel=995000 ffS=0
2026-07-07T16:37:42.692+00:00 VCP run=1 step=0 angle=295576 target=313000 err=17424 steer=22800 m1=6771/373381 i1=1418 t1=35 m2=-6251/-310681 i2=1110 t2=34 steerMode=31350/5518 iSteer=1264133 driveMode=342031/343569 iDrive=153874 scale=0 wheel=995000 ffS=0
2026-07-07T16:37:42.692+00:00 VCP SET_TARGET_RX steer=313000 wheel=995000
2026-07-07T16:37:42.795+00:00 VCP run=1 step=0 angle=309902 target=313000 err=3098 steer=6195 m1=6838/350550 i1=-817 t1=35 m2=-6232/-333513 i2=-1160 t2=34 steerMode=8519/27558 iSteer=-988409 driveMode=342031/342990 iDrive=171245 scale=0 wheel=995000 ffS=0
2026-07-07T16:37:42.898+00:00 VCP run=1 step=0 angle=310869 target=313000 err=2131 steer=4262 m1=6621/347891 i1=280 t1=35 m2=-6433/-336171 i2=-16 t2=34 steerMode=5860/2425 iSteer=132466 driveMode=342031/343764 iDrive=148022 scale=0 wheel=995000 ffS=0
2026-07-07T16:37:43.083+00:00 VCP run=1 step=0 angle=312539 target=313000 err=461 steer=0 m1=6570/342031 i1=-49 t1=35 m2=-6504/-342031 i2=-331 t2=34 steerMode=0/2920 iSteer=-189989 driveMode=342031/343991 iDrive=141219 scale=0 wheel=995000 ffS=0
2026-07-07T16:37:43.083+00:00 VCP run=1 step=0 angle=312803 target=313000 err=197 steer=0 m1=6539/342031 i1=129 t1=35 m2=-6542/-342031 i2=-175 t2=34 steerMode=0/-432 iSteer=-22856 driveMode=342031/343634 iDrive=151931 scale=0 wheel=995000 ffS=0
2026-07-07T16:37:43.183+00:00 VCP run=1 step=0 angle=312451 target=313000 err=549 steer=1098 m1=6575/343541 i1=137 t1=35 m2=-6511/-340522 i2=-156 t2=34 steerMode=1509/824 iSteer=-9051 driveMode=342031/343816 iDrive=146449 scale=0 wheel=995000 ffS=0
2026-07-07T16:37:43.183+00:00 VCP SET_TARGET_RX steer=313000 wheel=995000
2026-07-07T16:37:43.287+00:00 VCP run=1 step=0 angle=312979 target=313000 err=21 steer=0 m1=6526/342031 i1=103 t1=35 m2=-6546/-342031 i2=-194 t2=34 steerMode=0/0 iSteer=-45286 driveMode=342031/343747 iDrive=148524 scale=0 wheel=995000 ffS=0
2026-07-07T16:37:43.391+00:00 VCP run=1 step=0 angle=312803 target=313000 err=197 steer=0 m1=6545/342031 i1=105 t1=35 m2=-6525/-342031 i2=-208 t2=34 steerMode=0/139 iSteer=-51571 driveMode=342031/343495 iDrive=156081 scale=0 wheel=995000 ffS=0
2026-07-07T16:37:43.495+00:00 VCP run=1 step=0 angle=312803 target=313000 err=197 steer=0 m1=6537/342031 i1=98 t1=35 m2=-6542/-342031 i2=-176 t2=34 steerMode=0/-124 iSteer=-38741 driveMode=342031/344137 iDrive=136824 scale=0 wheel=995000 ffS=0
2026-07-07T16:37:43.663+00:00 VCP run=1 step=0 angle=312627 target=313000 err=373 steer=0 m1=6526/342031 i1=104 t1=35 m2=-6527/-342031 i2=-209 t2=34 steerMode=0/149 iSteer=-52665 driveMode=342031/343489 iDrive=156271 scale=0 wheel=995000 ffS=0
2026-07-07T16:37:43.663+00:00 VCP run=1 step=0 angle=312539 target=313000 err=461 steer=0 m1=6539/342031 i1=94 t1=35 m2=-6548/-342031 i2=-182 t2=34 steerMode=0/-24 iSteer=-44114 driveMode=342031/344097 iDrive=138018 scale=0 wheel=995000 ffS=0
2026-07-07T16:37:43.699+00:00 VCP SET_TARGET_RX steer=258800 wheel=995000
2026-07-07T16:37:43.699+00:00 VCP run=1 step=0 angle=312891 target=258800 err=-54091 steer=-10800 m1=6485/327181 i1=-625 t1=35 m2=-6569/-356881 i2=-945 t2=34 steerMode=-14850/-147 iSteer=-784912 driveMode=342031/343366 iDrive=159959 scale=0 wheel=995000 ffS=0
2026-07-07T16:37:43.882+00:00 VCP run=1 step=0 angle=297422 target=258800 err=-38622 steer=-40000 m1=5336/287031 i1=-16 t1=35 m2=-7722/-397031 i2=-280 t2=34 steerMode=-55000/-54161 iSteer=-147929 driveMode=342031/344310 iDrive=131642 scale=0 wheel=995000 ffS=0
2026-07-07T16:37:43.984+00:00 VCP run=1 step=0 angle=272285 target=258800 err=-13485 steer=-26970 m1=5551/304947 i1=982 t1=35 m2=-7446/-379115 i2=608 t2=34 steerMode=-37084/-54770 iSteer=795211 driveMode=342031/342467 iDrive=186926 scale=0 wheel=995000 ffS=0
2026-07-07T16:37:44.087+00:00 VCP run=1 step=0 angle=262529 target=258800 err=-3729 steer=-7459 m1=6369/331776 i1=172 t1=35 m2=-6628/-352287 i2=-219 t2=34 steerMode=-10256/-10818 iSteer=-23696 driveMode=342031/342180 iDrive=195539 scale=0 wheel=995000 ffS=0
2026-07-07T16:37:44.187+00:00 VCP run=1 step=0 angle=259629 target=258800 err=-829 steer=-1658 m1=6485/339752 i1=177 t1=35 m2=-6565/-344311 i2=-126 t2=34 steerMode=-2279/-3731 iSteer=25697 driveMode=342031/343655 iDrive=151288 scale=0 wheel=995000 ffS=0
2026-07-07T16:37:44.187+00:00 VCP SET_TARGET_RX steer=258800 wheel=995000
2026-07-07T16:37:44.290+00:00 VCP run=1 step=0 angle=259189 target=258800 err=-389 steer=0 m1=6503/342031 i1=163 t1=35 m2=-6542/-342031 i2=-154 t2=34 steerMode=0/-1009 iSteer=4408 driveMode=342031/343411 iDrive=158601 scale=0 wheel=995000 ffS=0
2026-07-07T16:37:44.394+00:00 VCP run=1 step=0 angle=258574 target=258800 err=226 steer=0 m1=6528/342031 i1=94 t1=35 m2=-6525/-342031 i2=-199 t2=34 steerMode=0/153 iSteer=-52739 driveMode=342031/343819 iDrive=146373 scale=0 wheel=995000 ffS=0
2026-07-07T16:37:44.580+00:00 VCP run=1 step=0 angle=258662 target=258800 err=138 steer=0 m1=6518/342031 i1=138 t1=35 m2=-6540/-342031 i2=-165 t2=34 steerMode=0/-652 iSteer=-13333 driveMode=342031/343640 iDrive=151743 scale=0 wheel=995000 ffS=0
2026-07-07T16:37:44.580+00:00 VCP run=1 step=0 angle=258662 target=258800 err=138 steer=0 m1=6533/342031 i1=104 t1=35 m2=-6523/-342031 i2=-197 t2=34 steerMode=0/20 iSteer=-46588 driveMode=342031/343677 iDrive=150633 scale=0 wheel=995000 ffS=0
2026-07-07T16:37:44.680+00:00 VCP run=1 step=0 angle=258662 target=258800 err=138 steer=0 m1=6526/342031 i1=108 t1=35 m2=-6515/-342031 i2=-194 t2=34 steerMode=0/-46 iSteer=-43268 driveMode=342031/343672 iDrive=150772 scale=0 wheel=995000 ffS=0
2026-07-07T16:37:44.680+00:00 VCP SET_TARGET_RX steer=258800 wheel=995000
2026-07-07T16:37:44.784+00:00 VCP run=1 step=0 angle=258574 target=258800 err=226 steer=0 m1=6518/342031 i1=95 t1=35 m2=-6515/-342031 i2=-215 t2=34 steerMode=0/282 iSteer=-59802 driveMode=342031/343540 iDrive=154748 scale=0 wheel=995000 ffS=0
2026-07-07T16:37:44.888+00:00 VCP run=1 step=0 angle=258135 target=258800 err=665 steer=1331 m1=6541/343861 i1=186 t1=35 m2=-6525/-340202 i2=-112 t2=34 steerMode=1829/190 iSteer=37088 driveMode=342031/343744 iDrive=148630 scale=0 wheel=995000 ffS=0
2026-07-07T16:37:44.991+00:00 VCP run=1 step=0 angle=258926 target=258800 err=-126 steer=0 m1=6514/342031 i1=101 t1=35 m2=-6511/-342031 i2=-213 t2=34 steerMode=0/184 iSteer=-55827 driveMode=342031/343462 iDrive=157086 scale=0 wheel=995000 ffS=0
2026-07-07T16:37:45.094+00:00 VCP run=1 step=0 angle=258047 target=222400 err=-35647 steer=-22800 m1=6290/310681 i1=-1231 t1=35 m2=-6795/-373381 i2=-1500 t2=34 steerMode=-31350/-5303 iSteer=-1365447 driveMode=342031/344201 iDrive=134908 scale=0 wheel=995000 ffS=0
2026-07-07T16:37:45.192+00:00 VCP run=1 step=0 angle=237305 target=222400 err=-14905 steer=-29809 m1=5396/301043 i1=1004 t1=35 m2=-7670/-383019 i2=700 t2=34 steerMode=-40988/-59957 iSteer=851910 driveMode=342031/343619 iDrive=152380 scale=0 wheel=995000 ffS=0
2026-07-07T16:37:45.192+00:00 VCP SET_TARGET_RX steer=222400 wheel=995000
2026-07-07T16:37:45.295+00:00 VCP run=1 step=0 angle=225791 target=222400 err=-3391 steer=-6782 m1=6426/332706 i1=163 t1=35 m2=-6578/-351357 i2=-238 t2=34 steerMode=-9325/-9504 iSteer=-37583 driveMode=342031/342009 iDrive=200707 scale=0 wheel=995000 ffS=0
2026-07-07T16:37:45.480+00:00 VCP run=1 step=0 angle=223418 target=222400 err=-1018 steer=-2036 m1=6449/339232 i1=206 t1=35 m2=-6619/-344831 i2=-86 t2=34 steerMode=-2799/-4938 iSteer=59967 driveMode=342031/343820 iDrive=146324 scale=0 wheel=995000 ffS=0
2026-07-07T16:37:45.480+00:00 VCP run=1 step=0 angle=222803 target=222400 err=-403 steer=0 m1=6558/342031 i1=99 t1=34 m2=-6525/-342031 i2=-203 t2=34 steerMode=0/177 iSteer=-51694 driveMode=342031/343669 iDrive=150882 scale=0 wheel=995000 ffS=0
2026-07-07T16:37:45.584+00:00 VCP run=1 step=0 angle=222715 target=222400 err=-315 steer=0 m1=6531/342031 i1=116 t1=34 m2=-6548/-342031 i2=-170 t2=34 steerMode=0/-324 iSteer=-26658 driveMode=342031/343931 iDrive=142996 scale=0 wheel=995000 ffS=0
2026-07-07T16:37:45.684+00:00 VCP run=1 step=0 angle=222539 target=222400 err=-139 steer=0 m1=6524/342031 i1=121 t1=34 m2=-6542/-342031 i2=-173 t2=34 steerMode=0/-331 iSteer=-26008 driveMode=342031/343801 iDrive=146911 scale=0 wheel=995000 ffS=0
2026-07-07T16:37:45.684+00:00 VCP SET_TARGET_RX steer=222400 wheel=995000
2026-07-07T16:37:45.788+00:00 VCP run=1 step=0 angle=222363 target=222400 err=37 steer=0 m1=6543/342031 i1=108 t1=34 m2=-6546/-342031 i2=-163 t2=34 steerMode=0/-294 iSteer=-27141 driveMode=342031/344179 iDrive=135558 scale=0 wheel=995000 ffS=0
2026-07-07T16:37:45.892+00:00 VCP run=1 step=0 angle=222275 target=222400 err=125 steer=0 m1=6533/342031 i1=101 t1=34 m2=-6534/-342031 i2=-194 t2=34 steerMode=0/83 iSteer=-46326 driveMode=342031/343792 iDrive=147189 scale=0 wheel=995000 ffS=0
2026-07-07T16:37:45.996+00:00 VCP run=1 step=0 angle=222012 target=222400 err=388 steer=0 m1=6539/342031 i1=85 t1=34 m2=-6523/-342031 i2=-200 t2=34 steerMode=0/311 iSteer=-57614 driveMode=342031/343943 iDrive=142645 scale=0 wheel=995000 ffS=0
2026-07-07T16:37:46.164+00:00 VCP run=1 step=0 angle=221660 target=222400 err=740 steer=1480 m1=6535/344066 i1=208 t1=34 m2=-6527/-339997 i2=-97 t2=34 steerMode=2035/81 iSteer=55672 driveMode=342031/343604 iDrive=152808 scale=0 wheel=995000 ffS=0
2026-07-07T16:37:46.164+00:00 VCP run=1 step=0 angle=222363 target=222400 err=37 steer=0 m1=6516/342031 i1=106 t1=34 m2=-6540/-342031 i2=-190 t2=34 steerMode=0/-17 iSteer=-42312 driveMode=342031/343771 iDrive=147816 scale=0 wheel=995000 ffS=0
2026-07-07T16:37:46.280+00:00 VCP SET_TARGET_RX steer=197400 wheel=995000
2026-07-07T16:37:46.280+00:00 VCP run=1 step=0 angle=221572 target=197400 err=-24172 steer=-10200 m1=6497/328006 i1=-580 t1=34 m2=-6573/-356056 i2=-868 t2=34 steerMode=-14025/-468 iSteer=-724285 driveMode=342031/343893 iDrive=144149 scale=0 wheel=995000 ffS=0
2026-07-07T16:37:46.382+00:00 VCP run=1 step=0 angle=207773 target=197400 err=-10373 steer=-20747 m1=5555/313504 i1=1082 t1=34 m2=-7517/-370558 i2=825 t2=34 steerMode=-28527/-49395 iSteer=953884 driveMode=342031/344416 iDrive=128462 scale=0 wheel=995000 ffS=0
2026-07-07T16:37:46.485+00:00 VCP run=1 step=0 angle=199688 target=197400 err=-2287 steer=-4575 m1=6497/335741 i1=70 t1=34 m2=-6532/-348322 i2=-306 t2=34 steerMode=-6291/-4844 iSteer=-117835 driveMode=342031/342434 iDrive=187906 scale=0 wheel=995000 ffS=0
2026-07-07T16:37:46.589+00:00 VCP run=1 step=0 angle=197842 target=197400 err=-442 steer=-459 m1=6474/341400 i1=280 t1=34 m2=-6626/-342663 i2=3 t2=35 steerMode=-632/-4411 iSteer=141370 driveMode=342031/344080 iDrive=138553 scale=0 wheel=995000 ffS=0
2026-07-07T16:37:46.689+00:00 VCP run=1 step=0 angle=197578 target=197400 err=-178 steer=0 m1=6562/342031 i1=70 t1=34 m2=-6527/-342031 i2=-224 t2=35 steerMode=0/661 iSteer=-77057 driveMode=342031/343787 iDrive=147321 scale=0 wheel=995000 ffS=0
2026-07-07T16:37:46.689+00:00 VCP SET_TARGET_RX steer=197400 wheel=995000
2026-07-07T16:37:46.793+00:00 VCP run=1 step=0 angle=197227 target=197400 err=173 steer=0 m1=6531/342031 i1=115 t1=34 m2=-6540/-342031 i2=-181 t2=35 steerMode=0/-219 iSteer=-32936 driveMode=342031/343756 iDrive=148265 scale=0 wheel=995000 ffS=0
2026-07-07T16:37:46.897+00:00 VCP run=1 step=0 angle=197314 target=197400 err=86 steer=0 m1=6524/342031 i1=104 t1=34 m2=-6540/-342031 i2=-179 t2=35 steerMode=0/-123 iSteer=-37414 driveMode=342031/343986 iDrive=141354 scale=0 wheel=995000 ffS=0
2026-07-07T16:37:47.082+00:00 VCP run=1 step=0 angle=196787 target=197400 err=613 steer=1226 m1=6535/343717 i1=209 t1=34 m2=-6536/-340346 i2=-89 t2=35 steerMode=1685/-354 iSteer=59787 driveMode=342031/343726 iDrive=149165 scale=0 wheel=995000 ffS=0
2026-07-07T16:37:47.082+00:00 VCP run=1 step=0 angle=197227 target=197400 err=173 steer=0 m1=6522/342031 i1=109 t1=34 m2=-6555/-342031 i2=-185 t2=35 steerMode=0/-109 iSteer=-37958 driveMode=342031/343799 iDrive=146954 scale=0 wheel=995000 ffS=0
2026-07-07T16:37:47.182+00:00 VCP run=1 step=0 angle=196787 target=197400 err=613 steer=1226 m1=6551/343717 i1=165 t1=34 m2=-6500/-340346 i2=-132 t2=35 steerMode=1685/531 iSteer=16505 driveMode=342031/343735 iDrive=148897 scale=0 wheel=995000 ffS=0
2026-07-07T16:37:47.182+00:00 VCP SET_TARGET_RX steer=197400 wheel=995000
2026-07-07T16:37:47.286+00:00 VCP run=1 step=0 angle=197051 target=197400 err=349 steer=0 m1=6524/342031 i1=107 t1=34 m2=-6540/-342031 i2=-195 t2=35 steerMode=0/22 iSteer=-44073 driveMode=342031/343673 iDrive=150746 scale=0 wheel=995000 ffS=0
2026-07-07T16:37:47.390+00:00 VCP run=1 step=0 angle=197051 target=197400 err=349 steer=0 m1=6526/342031 i1=111 t1=34 m2=-6546/-342031 i2=-189 t2=35 steerMode=0/-74 iSteer=-38729 driveMode=342031/343703 iDrive=149859 scale=0 wheel=995000 ffS=0
2026-07-07T16:37:47.493+00:00 VCP run=1 step=0 angle=196699 target=197400 err=701 steer=1402 m1=6549/343958 i1=177 t1=35 m2=-6519/-340104 i2=-121 t2=35 steerMode=1927/566 iSteer=27700 driveMode=342031/343737 iDrive=148841 scale=0 wheel=995000 ffS=0
2026-07-07T16:37:47.596+00:00 VCP run=1 step=0 angle=189492 target=179700 err=-9792 steer=-19584 m1=5721/315103 i1=495 t1=35 m2=-7379/-368960 i2=265 t2=35 steerMode=-26928/-36261 iSteer=380013 driveMode=342031/344861 iDrive=115098 scale=0 wheel=995000 ffS=0
2026-07-07T16:37:47.695+00:00 VCP run=1 step=0 angle=180703 target=179700 err=-1003 steer=-2006 m1=6535/339273 i1=226 t1=35 m2=-6494/-344790 i2=-149 t2=35 steerMode=-2759/-4359 iSteer=38558 driveMode=342031/342452 iDrive=187382 scale=0 wheel=995000 ffS=0
2026-07-07T16:37:47.695+00:00 VCP SET_TARGET_RX steer=179700 wheel=995000
2026-07-07T16:37:47.880+00:00 VCP run=1 step=0 angle=180615 target=179700 err=-915 steer=-1830 m1=6443/339514 i1=140 t1=35 m2=-6628/-344548 i2=-146 t2=35 steerMode=-2517/-3401 iSteer=-3279 driveMode=342031/343935 iDrive=142874 scale=0 wheel=995000 ffS=0
2026-07-07T16:37:47.880+00:00 VCP run=1 step=0 angle=179736 target=179700 err=-36 steer=0 m1=6533/342031 i1=102 t1=35 m2=-6544/-342031 i2=-187 t2=35 steerMode=0/14 iSteer=-42567 driveMode=342031/343888 iDrive=144312 scale=0 wheel=995000 ffS=0
2026-07-07T16:37:47.984+00:00 VCP run=1 step=0 angle=179648 target=179700 err=52 steer=0 m1=6524/342031 i1=112 t1=35 m2=-6548/-342031 i2=-181 t2=35 steerMode=0/-146 iSteer=-34624 driveMode=342031/343813 iDrive=146542 scale=0 wheel=995000 ffS=0
2026-07-07T16:37:48.088+00:00 VCP run=1 step=0 angle=179385 target=179700 err=315 steer=0 m1=6535/342031 i1=98 t1=35 m2=-6559/-342031 i2=-167 t2=35 steerMode=0/-134 iSteer=-34779 driveMode=342031/344277 iDrive=132635 scale=0 wheel=995000 ffS=0
2026-07-07T16:37:48.188+00:00 VCP run=1 step=0 angle=179209 target=179700 err=491 steer=0 m1=6522/342031 i1=119 t1=35 m2=-6542/-342031 i2=-174 t2=35 steerMode=0/-262 iSteer=-27711 driveMode=342031/343821 iDrive=146315 scale=0 wheel=995000 ffS=0
2026-07-07T16:37:48.188+00:00 VCP SET_TARGET_RX steer=179700 wheel=995000
2026-07-07T16:37:48.291+00:00 VCP run=1 step=0 angle=179121 target=179700 err=579 steer=1158 m1=6554/343623 i1=147 t1=35 m2=-6527/-340439 i2=-124 t2=35 steerMode=1592/571 iSteer=11800 driveMode=342031/344178 iDrive=135611 scale=0 wheel=995000 ffS=0
2026-07-07T16:37:48.395+00:00 VCP run=1 step=0 angle=179297 target=179700 err=403 steer=0 m1=6518/342031 i1=107 t1=35 m2=-6546/-342031 i2=-187 t2=35 steerMode=0/-16 iSteer=-39972 driveMode=342031/343799 iDrive=146978 scale=0 wheel=995000 ffS=0
2026-07-07T16:37:48.581+00:00 VCP run=1 step=0 angle=179209 target=179700 err=491 steer=0 m1=6533/342031 i1=101 t1=35 m2=-6536/-342031 i2=-178 t2=35 steerMode=0/-30 iSteer=-38632 driveMode=342031/344039 iDrive=139767 scale=0 wheel=995000 ffS=0
2026-07-07T16:37:48.581+00:00 VCP run=1 step=0 angle=179561 target=179700 err=139 steer=0 m1=6556/342031 i1=31 t1=35 m2=-6519/-342031 i2=-257 t2=35 steerMode=0/1492 iSteer=-112981 driveMode=342031/343909 iDrive=143662 scale=0 wheel=995000 ffS=0
2026-07-07T16:37:48.680+00:00 VCP run=1 step=0 angle=174375 target=167900 err=-6475 steer=-12950 m1=5963/324225 i1=385 t1=35 m2=-7109/-359837 i2=126 t2=35 steerMode=-17806/-24277 iSteer=255670 driveMode=342031/344389 iDrive=129262 scale=0 wheel=995000 ffS=0
2026-07-07T16:37:48.680+00:00 VCP SET_TARGET_RX steer=167900 wheel=995000
2026-07-07T16:37:48.783+00:00 VCP run=1 step=0 angle=168662 target=167900 err=-762 steer=-1524 m1=6581/339936 i1=96 t1=35 m2=-6483/-344127 i2=-221 t2=35 steerMode=-2096/-1554 iSteer=-62412 driveMode=342031/343412 iDrive=158581 scale=0 wheel=995000 ffS=0
2026-07-07T16:37:48.886+00:00 VCP run=1 step=0 angle=168486 target=167900 err=-586 steer=-1173 m1=6470/340419 i1=179 t1=35 m2=-6605/-343644 i2=-124 t2=35 steerMode=-1612/-2964 iSteer=27415 driveMode=342031/343653 iDrive=151334 scale=0 wheel=995000 ffS=0
2026-07-07T16:37:48.990+00:00 VCP run=1 step=0 angle=167695 target=167900 err=205 steer=0 m1=6533/342031 i1=92 t1=35 m2=-6546/-342031 i2=-190 t2=35 steerMode=0/240 iSteer=-49018 driveMode=342031/343993 iDrive=141163 scale=0 wheel=995000 ffS=0
2026-07-07T16:37:49.094+00:00 VCP run=1 step=0 angle=167783 target=167900 err=117 steer=0 m1=6531/342031 i1=111 t1=35 m2=-6555/-342031 i2=-165 t2=35 steerMode=0/-190 iSteer=-27030 driveMode=342031/344096 iDrive=138071 scale=0 wheel=995000 ffS=0
2026-07-07T16:37:49.194+00:00 VCP run=1 step=0 angle=167695 target=167900 err=205 steer=0 m1=6528/342031 i1=94 t1=35 m2=-6540/-342031 i2=-183 t2=35 steerMode=0/160 iSteer=-44540 driveMode=342031/344084 iDrive=138430 scale=0 wheel=995000 ffS=0
2026-07-07T16:37:49.194+00:00 VCP SET_TARGET_RX steer=167900 wheel=995000
2026-07-07T16:37:49.298+00:00 VCP run=1 step=0 angle=167520 target=167900 err=380 steer=0 m1=6547/342031 i1=93 t1=35 m2=-6546/-342031 i2=-172 t2=35 steerMode=0/73 iSteer=-39794 driveMode=342031/344277 iDrive=132614 scale=0 wheel=995000 ffS=0
2026-07-07T16:37:49.298+00:00 VCP run=1 step=0 angle=167607 target=103800 err=-63807 steer=-10200 m1=6489/328006 i1=-570 t1=35 m2=-6590/-356056 i2=-849 t2=35 steerMode=-14025/-622 iSteer=-709758 driveMode=342031/344047 iDrive=139519 scale=0 wheel=995000 ffS=0
2026-07-07T16:37:49.481+00:00 VCP run=1 step=0 angle=153193 target=103800 err=-49393 steer=-40000 m1=5373/287031 i1=-75 t1=35 m2=-7724/-397031 i2=-285 t2=35 steerMode=-55000/-53319 iSteer=-179716 driveMode=342031/345197 iDrive=105031 scale=0 wheel=995000 ffS=0
2026-07-07T16:37:49.584+00:00 VCP run=1 step=0 angle=126211 target=103800 err=-22411 steer=-40000 m1=5484/287031 i1=145 t1=35 m2=-7582/-397031 i2=-158 t2=35 steerMode=-55000/-56588 iSteer=-6471 driveMode=342031/343642 iDrive=151675 scale=0 wheel=995000 ffS=0
2026-07-07T16:37:49.683+00:00 VCP run=1 step=0 angle=108633 target=103800 err=-4833 steer=-9666 m1=6225/328741 i1=734 t1=35 m2=-6816/-355321 i2=390 t2=35 steerMode=-13290/-25397 iSteer=562135 driveMode=342031/342956 iDrive=172270 scale=0 wheel=995000 ffS=0
2026-07-07T16:37:49.683+00:00 VCP SET_TARGET_RX steer=103800 wheel=995000
2026-07-07T16:37:49.786+00:00 VCP run=1 step=0 angle=106084 target=103800 err=-2284 steer=-4568 m1=6430/335750 i1=42 t1=35 m2=-6642/-348312 i2=-257 t2=35 steerMode=-6281/-4898 iSteer=-107503 driveMode=342031/343717 iDrive=149427 scale=0 wheel=995000 ffS=0
2026-07-07T16:37:49.889+00:00 VCP run=1 step=0 angle=103623 target=103800 err=177 steer=0 m1=6533/342031 i1=186 t1=35 m2=-6513/-342031 i2=-123 t2=35 steerMode=0/-1273 iSteer=31539 driveMode=342031/343557 iDrive=154240 scale=0 wheel=995000 ffS=0
2026-07-07T16:37:49.993+00:00 VCP run=1 step=0 angle=104238 target=103800 err=-438 steer=0 m1=6520/342031 i1=154 t1=35 m2=-6525/-342031 i2=-163 t2=35 steerMode=0/-579 iSteer=-4039 driveMode=342031/343415 iDrive=158483 scale=0 wheel=995000 ffS=0
2026-07-07T16:37:50.162+00:00 VCP run=1 step=0 angle=103447 target=103800 err=353 steer=0 m1=6524/342031 i1=113 t1=35 m2=-6496/-342031 i2=-179 t2=35 steerMode=0/3 iSteer=-32813 driveMode=342031/343833 iDrive=145956 scale=0 wheel=995000 ffS=0
2026-07-07T16:37:50.163+00:00 VCP run=1 step=0 angle=103447 target=103800 err=353 steer=0 m1=6528/342031 i1=120 t1=35 m2=-6494/-342031 i2=-203 t2=35 steerMode=0/181 iSteer=-41775 driveMode=342031/343315 iDrive=161485 scale=0 wheel=995000 ffS=0
2026-07-07T16:37:50.279+00:00 VCP SET_TARGET_RX steer=103800 wheel=995000
2026-07-07T16:37:50.279+00:00 VCP run=1 step=0 angle=103623 target=103800 err=177 steer=0 m1=6533/342031 i1=114 t1=35 m2=-6513/-342031 i2=-178 t2=35 steerMode=0/-14 iSteer=-31893 driveMode=342031/343830 iDrive=146037 scale=0 wheel=995000 ffS=0
2026-07-07T16:37:50.383+00:00 VCP run=1 step=0 angle=103447 target=103800 err=353 steer=0 m1=6535/342031 i1=109 t1=35 m2=-6532/-342031 i2=-202 t2=35 steerMode=0/271 iSteer=-46547 driveMode=342031/343513 iDrive=155537 scale=0 wheel=995000 ffS=0
2026-07-07T16:37:50.487+00:00 VCP run=1 step=0 angle=103535 target=103800 err=265 steer=0 m1=6541/342031 i1=93 t1=35 m2=-6523/-342031 i2=-194 t2=35 steerMode=0/371 iSteer=-50473 driveMode=342031/343926 iDrive=143155 scale=0 wheel=995000 ffS=0
2026-07-07T16:37:50.591+00:00 VCP run=1 step=0 angle=103184 target=103800 err=616 steer=1200 m1=6531/343681 i1=194 t1=35 m2=-6538/-340381 i2=-91 t2=35 steerMode=1650/-41 iSteer=51833 driveMode=342031/343944 iDrive=142611 scale=0 wheel=995000 ffS=0
2026-07-07T16:37:50.691+00:00 VCP run=1 step=0 angle=103711 target=103800 err=89 steer=0 m1=6533/342031 i1=105 t1=35 m2=-6525/-342031 i2=-179 t2=35 steerMode=0/72 iSteer=-37295 driveMode=342031/343968 iDrive=141886 scale=0 wheel=995000 ffS=0
2026-07-07T16:37:50.691+00:00 VCP SET_TARGET_RX steer=103800 wheel=995000
2026-07-07T16:37:50.795+00:00 VCP run=1 step=0 angle=103535 target=103800 err=265 steer=0 m1=6539/342031 i1=96 t1=35 m2=-6511/-342031 i2=-178 t2=35 steerMode=0/142 iSteer=-40862 driveMode=342031/344140 iDrive=136744 scale=0 wheel=995000 ffS=0
2026-07-07T16:37:50.898+00:00 VCP run=1 step=0 angle=105820 target=198200 err=92380 steer=34200 m1=7089/389056 i1=1729 t1=35 m2=-5954/-295006 i2=1401 t2=35 steerMode=47025/15713 iSteer=1565004 driveMode=342031/343245 iDrive=163586 scale=0 wheel=995000 ffS=0
2026-07-07T16:37:50.898+00:00 VCP run=1 step=0 angle=131221 target=198200 err=66979 steer=40000 m1=7640/397031 i1=-129 t1=35 m2=-5387/-287031 i2=-508 t2=35 steerMode=55000/61709 iSteer=-318825 driveMode=342031/342380 iDrive=189535 scale=0 wheel=995000 ffS=0
2026-07-07T16:37:51.081+00:00 VCP run=1 step=0 angle=154775 target=198200 err=43425 steer=40000 m1=7558/397031 i1=217 t1=35 m2=-5492/-287031 i2=-81 t2=35 steerMode=55000/53931 iSteer=67710 driveMode=342031/343735 iDrive=148896 scale=0 wheel=995000 ffS=0
2026-07-07T16:37:51.181+00:00 VCP run=1 step=0 angle=178945 target=198200 err=19255 steer=38509 m1=7581/394982 i1=67 t1=35 m2=-5479/-289081 i2=-248 t2=35 steerMode=52950/55043 iSteer=-90080 driveMode=342031/343447 iDrive=157542 scale=0 wheel=995000 ffS=0
2026-07-07T16:37:51.181+00:00 VCP SET_TARGET_RX steer=198200 wheel=995000
2026-07-07T16:37:51.284+00:00 VCP run=1 step=0 angle=194678 target=198200 err=3522 steer=7045 m1=6696/351718 i1=-310 t1=35 m2=-6381/-332345 i2=-572 t2=35 steerMode=9686/17822 iSteer=-441111 driveMode=342031/344330 iDrive=131030 scale=0 wheel=995000 ffS=0
2026-07-07T16:37:51.387+00:00 VCP run=1 step=0 angle=196436 target=198200 err=1764 steer=3529 m1=6658/346884 i1=49 t1=35 m2=-6396/-337179 i2=-250 t2=35 steerMode=4852/6234 iSteer=-100550 driveMode=342031/343714 iDrive=149519 scale=0 wheel=995000 ffS=0
2026-07-07T16:37:51.491+00:00 VCP run=1 step=0 angle=198193 target=198200 err=7 steer=0 m1=6508/342031 i1=78 t1=35 m2=-6532/-342031 i2=-219 t2=35 steerMode=0/627 iSteer=-70405 driveMode=342031/343737 iDrive=148824 scale=0 wheel=995000 ffS=0
2026-07-07T16:37:51.595+00:00 VCP run=1 step=0 angle=198193 target=198200 err=7 steer=0 m1=6549/342031 i1=38 t1=35 m2=-6498/-342031 i2=-261 t2=35 steerMode=0/1492 iSteer=-111828 driveMode=342031/343715 iDrive=149500 scale=0 wheel=995000 ffS=0
2026-07-07T16:37:51.695+00:00 VCP run=1 step=0 angle=197754 target=198200 err=446 steer=468 m1=6531/342675 i1=142 t1=35 m2=-6536/-341388 i2=-136 t2=35 steerMode=643/-177 iSteer=3187 driveMode=342031/344059 iDrive=139170 scale=0 wheel=995000 ffS=0
2026-07-07T16:37:51.695+00:00 VCP SET_TARGET_RX steer=198200 wheel=995000
2026-07-07T16:37:51.881+00:00 VCP run=1 step=0 angle=198105 target=198200 err=95 steer=0 m1=6533/342031 i1=99 t1=35 m2=-6546/-342031 i2=-174 t2=35 steerMode=0/-27 iSteer=-37571 driveMode=342031/344144 iDrive=136606 scale=0 wheel=995000 ffS=0
2026-07-07T16:37:51.881+00:00 VCP run=1 step=0 angle=197754 target=198200 err=446 steer=0 m1=6554/342031 i1=66 t1=35 m2=-6517/-342031 i2=-219 t2=35 steerMode=0/774 iSteer=-76666 driveMode=342031/343945 iDrive=142583 scale=0 wheel=995000 ffS=0
2026-07-07T16:37:51.985+00:00 VCP run=1 step=0 angle=197754 target=198200 err=446 steer=0 m1=7022/390156 i1=1152 t1=35 m2=-7057/-390156 i2=-1155 t2=35 steerMode=0/-745 iSteer=-1096 driveMode=390156/359416 iDrive=1153455 scale=0 wheel=1135000 ffS=0
2026-07-07T16:37:52.088+00:00 VCP run=1 step=0 angle=197842 target=198200 err=358 steer=0 m1=7564/390156 i1=-33 t1=35 m2=-7475/-390156 i2=-231 t2=35 steerMode=0/1940 iSteer=-132141 driveMode=390156/394988 iDrive=98855 scale=0 wheel=1135000 ffS=0
2026-07-07T16:37:52.188+00:00 VCP run=1 step=0 angle=197754 target=198200 err=446 steer=0 m1=7474/390156 i1=108 t1=35 m2=-7473/-390156 i2=-164 t2=35 steerMode=0/-166 iSteer=-28334 driveMode=390156/393485 iDrive=135911 scale=0 wheel=1135000 ffS=0
2026-07-07T16:37:52.189+00:00 VCP SET_TARGET_RX steer=198200 wheel=1135000
2026-07-07T16:37:52.292+00:00 VCP run=1 step=0 angle=197930 target=198200 err=270 steer=0 m1=7462/390156 i1=93 t1=35 m2=-7438/-390156 i2=-199 t2=35 steerMode=0/318 iSteer=-52912 driveMode=390156/392969 iDrive=145941 scale=0 wheel=1135000 ffS=0
2026-07-07T16:37:52.396+00:00 VCP run=1 step=0 angle=198018 target=198200 err=182 steer=0 m1=7485/390156 i1=66 t1=35 m2=-7448/-390156 i2=-218 t2=35 steerMode=0/780 iSteer=-75618 driveMode=390156/392932 iDrive=142000 scale=0 wheel=1135000 ffS=0
2026-07-07T16:37:52.582+00:00 VCP run=1 step=0 angle=197930 target=198200 err=270 steer=0 m1=7449/390156 i1=95 t1=35 m2=-7444/-390156 i2=-196 t2=35 steerMode=0/271 iSteer=-50342 driveMode=390156/392648 iDrive=145402 scale=0 wheel=1135000 ffS=0
2026-07-07T16:37:52.582+00:00 VCP run=1 step=0 angle=198281 target=198200 err=-81 steer=0 m1=7453/390156 i1=101 t1=35 m2=-7477/-390156 i2=-176 t2=35 steerMode=0/-3 iSteer=-37356 driveMode=390156/392731 iDrive=138164 scale=0 wheel=1135000 ffS=0
2026-07-07T16:37:52.682+00:00 VCP run=1 step=0 angle=197754 target=198200 err=446 steer=0 m1=7456/390156 i1=84 t1=35 m2=-7436/-390156 i2=-227 t2=35 steerMode=0/681 iSteer=-71694 driveMode=390156/392013 iDrive=155717 scale=0 wheel=1135000 ffS=0
2026-07-07T16:37:52.682+00:00 VCP SET_TARGET_RX steer=198200 wheel=1135000
2026-07-07T16:37:52.785+00:00 VCP run=1 step=0 angle=197578 target=198200 err=622 steer=1244 m1=7470/391866 i1=177 t1=35 m2=-7444/-388446 i2=-119 t2=35 steerMode=1710/385 iSteer=28917 driveMode=390156/392144 iDrive=148093 scale=0 wheel=1135000 ffS=0
2026-07-07T16:37:52.889+00:00 VCP run=1 step=0 angle=198105 target=198200 err=95 steer=0 m1=7435/390156 i1=89 t1=35 m2=-7442/-390156 i2=-193 t2=35 steerMode=0/259 iSteer=-52099 driveMode=390156/392257 iDrive=140955 scale=0 wheel=1135000 ffS=0
2026-07-07T16:37:52.992+00:00 VCP run=1 step=0 angle=200391 target=291800 err=91409 steer=34200 m1=7993/437181 i1=1701 t1=35 m2=-6850/-343131 i2=1371 t2=35 steerMode=47025/16190 iSteer=1536077 driveMode=390156/391341 iDrive=165336 scale=0 wheel=1135000 ffS=0
2026-07-07T16:37:53.095+00:00 VCP run=1 step=0 angle=225439 target=291800 err=66361 steer=40000 m1=8533/445156 i1=-72 t1=35 m2=-6291/-335156 i2=-492 t2=35 steerMode=55000/60872 iSteer=-281779 driveMode=390156/389862 iDrive=209803 scale=0 wheel=1135000 ffS=0
2026-07-07T16:37:53.194+00:00 VCP run=1 step=0 angle=248994 target=291800 err=42806 steer=40000 m1=8481/445156 i1=206 t1=35 m2=-6398/-335156 i2=-97 t2=35 steerMode=55000/54118 iSteer=54574 driveMode=390156/391760 iDrive=151900 scale=0 wheel=1135000 ffS=0
2026-07-07T16:37:53.194+00:00 VCP SET_TARGET_RX steer=291800 wheel=1135000
2026-07-07T16:37:53.297+00:00 VCP run=1 step=0 angle=272461 target=291800 err=19339 steer=38678 m1=8487/443339 i1=57 t1=35 m2=-6396/-336974 i2=-266 t2=35 steerMode=53182/55470 iSteer=-104137 driveMode=390156/391436 iDrive=161621 scale=0 wheel=1135000 ffS=0
2026-07-07T16:37:53.481+00:00 VCP run=1 step=0 angle=288281 target=291800 err=3519 steer=7038 m1=7635/399833 i1=-367 t1=35 m2=-7283/-380480 i2=-636 t2=35 steerMode=9677/18930 iSteer=-501489 driveMode=390156/392323 iDrive=134984 scale=0 wheel=1135000 ffS=0
2026-07-07T16:37:53.481+00:00 VCP run=1 step=0 angle=289688 target=291800 err=2113 steer=4225 m1=7583/395966 i1=58 t1=35 m2=-7300/-384347 i2=-233 t2=35 steerMode=5809/6826 iSteer=-87443 driveMode=390156/391966 iDrive=145708 scale=0 wheel=1135000 ffS=0
2026-07-07T16:37:53.584+00:00 VCP run=1 step=0 angle=291357 target=291800 err=443 steer=461 m1=7451/390790 i1=50 t1=35 m2=-7415/-389522 i2=-247 t2=35 steerMode=634/1725 iSteer=-98497 driveMode=390156/391859 iDrive=148922 scale=0 wheel=1135000 ffS=0
2026-07-07T16:37:53.684+00:00 VCP run=1 step=0 angle=291621 target=291800 err=179 steer=0 m1=7441/390156 i1=104 t1=35 m2=-7444/-390156 i2=-211 t2=34 steerMode=0/167 iSteer=-53585 driveMode=390156/391569 iDrive=157612 scale=0 wheel=1135000 ffS=0
2026-07-07T16:37:53.684+00:00 VCP SET_TARGET_RX steer=291800 wheel=1135000
2026-07-07T16:37:53.788+00:00 VCP run=1 step=0 angle=291357 target=291800 err=443 steer=0 m1=7464/390156 i1=39 t1=35 m2=-7419/-390156 i2=-254 t2=34 steerMode=0/1261 iSteer=-107494 driveMode=390156/391949 iDrive=146230 scale=0 wheel=1135000 ffS=0
2026-07-07T16:37:53.891+00:00 VCP run=1 step=0 angle=291270 target=291800 err=530 steer=600 m1=7449/390981 i1=149 t1=35 m2=-7427/-389331 i2=-153 t2=34 steerMode=825/-41 iSteer=-2023 driveMode=390156/391791 iDrive=150944 scale=0 wheel=1135000 ffS=0
2026-07-07T16:37:53.995+00:00 VCP run=1 step=0 angle=292061 target=291800 err=-261 steer=0 m1=7443/390156 i1=62 t1=35 m2=-7440/-390156 i2=-249 t2=34 steerMode=0/948 iSteer=-93171 driveMode=390156/391641 iDrive=155450 scale=0 wheel=1135000 ffS=0
2026-07-07T16:37:54.164+00:00 VCP run=1 step=0 angle=291885 target=291800 err=-85 steer=0 m1=7447/390156 i1=108 t1=35 m2=-7446/-390156 i2=-189 t2=34 steerMode=0/-114 iSteer=-40311 driveMode=390156/391875 iDrive=148437 scale=0 wheel=1135000 ffS=0
2026-07-07T16:37:54.164+00:00 VCP run=1 step=0 angle=291270 target=291800 err=530 steer=1061 m1=7462/391615 i1=146 t1=35 m2=-7431/-388697 i2=-125 t2=34 steerMode=1459/346 iSteer=10257 driveMode=390156/392306 iDrive=135521 scale=0 wheel=1135000 ffS=0
2026-07-07T16:37:54.280+00:00 VCP SET_TARGET_RX steer=291800 wheel=1135000
2026-07-07T16:37:54.280+00:00 VCP run=1 step=0 angle=291973 target=291800 err=-173 steer=0 m1=7451/390156 i1=97 t1=35 m2=-7446/-390156 i2=-227 t2=34 steerMode=0/369 iSteer=-65410 driveMode=390156/391425 iDrive=161935 scale=0 wheel=1135000 ffS=0
2026-07-07T16:37:54.384+00:00 VCP run=1 step=0 angle=291182 target=291800 err=618 steer=600 m1=7458/390981 i1=123 t1=35 m2=-7406/-389331 i2=-171 t2=34 steerMode=825/395 iSteer=-24124 driveMode=390156/391916 iDrive=147220 scale=0 wheel=1135000 ffS=0
2026-07-07T16:37:54.486+00:00 VCP run=1 step=0 angle=289688 target=273200 err=-16487 steer=-32975 m1=6870/344816 i1=-1391 t1=35 m2=-8032/-435497 i2=-1662 t2=34 steerMode=-45341/-16427 iSteer=-1526099 driveMode=390156/392305 iDrive=135524 scale=0 wheel=1135000 ffS=0
2026-07-07T16:37:54.589+00:00 VCP run=1 step=0 angle=274482 target=273200 err=-1282 steer=-2565 m1=7345/386630 i1=791 t1=35 m2=-7454/-393683 i2=383 t2=34 steerMode=-3527/-16023 iSteer=587326 driveMode=390156/390023 iDrive=204001 scale=0 wheel=1135000 ffS=0
2026-07-07T16:37:54.688+00:00 VCP run=1 step=0 angle=275098 target=273200 err=-1898 steer=-3795 m1=7317/384938 i1=27 t1=35 m2=-7590/-395375 i2=-284 t2=34 steerMode=-5219/-3590 iSteer=-128245 driveMode=390156/391636 iDrive=155597 scale=0 wheel=1135000 ffS=0
2026-07-07T16:37:54.688+00:00 VCP SET_TARGET_RX steer=273200 wheel=1135000
2026-07-07T16:37:54.792+00:00 VCP run=1 step=0 angle=273076 target=273200 err=124 steer=0 m1=7474/390156 i1=149 t1=35 m2=-7427/-390156 i2=-150 t2=34 steerMode=0/-778 iSteer=-468 driveMode=390156/391855 iDrive=149039 scale=0 wheel=1135000 ffS=0
2026-07-07T16:37:54.895+00:00 VCP run=1 step=0 angle=273516 target=273200 err=-316 steer=0 m1=7447/390156 i1=92 t1=35 m2=-7446/-390156 i2=-237 t2=34 steerMode=0/615 iSteer=-72452 driveMode=390156/391331 iDrive=164748 scale=0 wheel=1135000 ffS=0
2026-07-07T16:37:55.081+00:00 VCP run=1 step=0 angle=273340 target=273200 err=-140 steer=0 m1=7462/390156 i1=100 t1=35 m2=-7448/-390156 i2=-195 t2=34 steerMode=0/116 iSteer=-47667 driveMode=390156/391914 iDrive=147255 scale=0 wheel=1135000 ffS=0
2026-07-07T16:37:55.081+00:00 VCP run=1 step=0 angle=273340 target=273200 err=-140 steer=0 m1=7437/390156 i1=108 t1=35 m2=-7442/-390156 i2=-199 t2=34 steerMode=0/61 iSteer=-45780 driveMode=390156/391712 iDrive=153333 scale=0 wheel=1135000 ffS=0
2026-07-07T16:37:55.181+00:00 VCP run=1 step=0 angle=273340 target=273200 err=-140 steer=0 m1=7443/390156 i1=95 t1=35 m2=-7454/-390156 i2=-214 t2=34 steerMode=0/328 iSteer=-59576 driveMode=390156/391680 iDrive=154301 scale=0 wheel=1135000 ffS=0
2026-07-07T16:37:55.181+00:00 VCP SET_TARGET_RX steer=273200 wheel=1135000
2026-07-07T16:37:55.285+00:00 VCP run=1 step=0 angle=273428 target=273200 err=-228 steer=0 m1=7449/390156 i1=98 t1=35 m2=-7421/-390156 i2=-227 t2=34 steerMode=0/411 iSteer=-64613 driveMode=390156/391416 iDrive=162205 scale=0 wheel=1135000 ffS=0
2026-07-07T16:37:55.388+00:00 VCP run=1 step=0 angle=273516 target=273200 err=-316 steer=0 m1=7437/390156 i1=109 t1=35 m2=-7452/-390156 i2=-201 t2=34 steerMode=0/27 iSteer=-46054 driveMode=390156/391645 iDrive=155325 scale=0 wheel=1135000 ffS=0
2026-07-07T16:37:55.492+00:00 VCP run=1 step=0 angle=273340 target=273200 err=-140 steer=0 m1=7445/390156 i1=89 t1=35 m2=-7415/-390156 i2=-231 t2=34 steerMode=0/523 iSteer=-71348 driveMode=390156/391492 iDrive=159937 scale=0 wheel=1135000 ffS=0
2026-07-07T16:37:55.596+00:00 VCP run=1 step=0 angle=273252 target=273200 err=-52 steer=0 m1=7443/390156 i1=92 t1=35 m2=-7444/-390156 i2=-200 t2=34 steerMode=0/164 iSteer=-54067 driveMode=390156/391955 iDrive=146034 scale=0 wheel=1135000 ffS=0
2026-07-07T16:37:55.696+00:00 VCP run=1 step=0 angle=273076 target=273200 err=124 steer=0 m1=7447/390156 i1=102 t1=35 m2=-7454/-390156 i2=-197 t2=35 steerMode=0/24 iSteer=-47389 driveMode=390156/391841 iDrive=149446 scale=0 wheel=1135000 ffS=0
2026-07-07T16:37:55.696+00:00 VCP SET_TARGET_RX steer=245100 wheel=1135000
2026-07-07T16:37:55.878+00:00 VCP run=1 step=0 angle=272637 target=245100 err=-27537 steer=-21600 m1=7232/360456 i1=-1195 t1=35 m2=-7680/-419856 i2=-1485 t2=35 steerMode=-29700/-4142 iSteer=-1339886 driveMode=390156/391994 iDrive=144868 scale=0 wheel=1135000 ffS=0
2026-07-07T16:37:55.879+00:00 VCP run=1 step=0 angle=252773 target=245100 err=-7673 steer=-15347 m1=6629/369054 i1=1531 t1=35 m2=-8220/-411258 i2=1242 t2=35 steerMode=-21102/-50422 iSteer=1386446 driveMode=390156/392019 iDrive=144112 scale=0 wheel=1135000 ffS=0
2026-07-07T16:37:55.981+00:00 VCP run=1 step=0 angle=248643 target=245100 err=-3543 steer=-7085 m1=7288/380414 i1=-54 t1=35 m2=-7565/-399898 i2=-438 t2=35 steerMode=-9742/-5930 iSteer=-245774 driveMode=390156/390433 iDrive=192268 scale=0 wheel=1135000 ffS=0
2026-07-07T16:37:56.085+00:00 VCP run=1 step=0 angle=245479 target=245100 err=-379 steer=0 m1=7456/390156 i1=219 t1=35 m2=-7417/-390156 i2=-92 t2=35 steerMode=0/-2179 iSteer=63096 driveMode=390156/391639 iDrive=155523 scale=0 wheel=1135000 ffS=0
2026-07-07T16:37:56.185+00:00 VCP run=1 step=0 angle=245566 target=245100 err=-466 steer=0 m1=7426/390156 i1=167 t1=35 m2=-7469/-390156 i2=-117 t2=35 steerMode=0/-1479 iSteer=24970 driveMode=390156/392085 iDrive=142131 scale=0 wheel=1135000 ffS=0
2026-07-07T16:37:56.185+00:00 VCP SET_TARGET_RX steer=245100 wheel=1135000
2026-07-07T16:37:56.289+00:00 VCP run=1 step=0 angle=245039 target=245100 err=61 steer=0 m1=7447/390156 i1=98 t1=36 m2=-7463/-390156 i2=-202 t2=35 steerMode=0/76 iSteer=-51971 driveMode=390156/391825 iDrive=149934 scale=0 wheel=1135000 ffS=0
2026-07-07T16:37:56.392+00:00 VCP run=1 step=0 angle=245215 target=245100 err=-115 steer=0 m1=7439/390156 i1=109 t1=36 m2=-7433/-390156 i2=-195 t2=35 steerMode=0/-93 iSteer=-43104 driveMode=390156/391761 iDrive=151845 scale=0 wheel=1135000 ffS=0
2026-07-07T16:37:56.496+00:00 VCP run=1 step=0 angle=244512 target=245100 err=588 steer=1177 m1=7466/391774 i1=169 t1=36 m2=-7419/-388538 i2=-122 t2=35 steerMode=1618/222 iSteer=23187 driveMode=390156/391968 iDrive=145636 scale=0 wheel=1135000 ffS=0
2026-07-07T16:37:56.665+00:00 VCP run=1 step=0 angle=245127 target=245100 err=-27 steer=0 m1=7437/390156 i1=113 t1=36 m2=-7459/-390156 i2=-196 t2=35 steerMode=0/-136 iSteer=-41643 driveMode=390156/391663 iDrive=154783 scale=0 wheel=1135000 ffS=0
2026-07-07T16:37:56.665+00:00 VCP run=1 step=0 angle=244600 target=245100 err=500 steer=1001 m1=7456/391532 i1=172 t1=36 m2=-7440/-388780 i2=-122 t2=35 steerMode=1376/-72 iSteer=25212 driveMode=390156/391926 iDrive=146909 scale=0 wheel=1135000 ffS=0
2026-07-07T16:37:56.780+00:00 VCP SET_TARGET_RX steer=245100 wheel=1135000
2026-07-07T16:37:56.780+00:00 VCP run=1 step=0 angle=244600 target=245100 err=500 steer=1001 m1=7439/391532 i1=174 t1=36 m2=-7452/-388780 i2=-113 t2=35 steerMode=1376/-185 iSteer=30078 driveMode=390156/392039 iDrive=143506 scale=0 wheel=1135000 ffS=0
2026-07-07T16:37:56.884+00:00 VCP run=1 step=0 angle=244863 target=245100 err=237 steer=0 m1=7437/390156 i1=103 t1=36 m2=-7471/-390156 i2=-192 t2=35 steerMode=0/-78 iSteer=-44485 driveMode=390156/391912 iDrive=147320 scale=0 wheel=1135000 ffS=0
2026-07-07T16:37:56.988+00:00 VCP run=1 step=0 angle=244863 target=245100 err=237 steer=0 m1=7445/390156 i1=72 t1=36 m2=-7436/-390156 i2=-219 t2=35 steerMode=0/512 iSteer=-73357 driveMode=390156/391970 iDrive=145595 scale=0 wheel=1135000 ffS=0
2026-07-07T16:37:57.091+00:00 VCP run=1 step=0 angle=244512 target=245100 err=588 steer=1177 m1=7460/391774 i1=193 t1=36 m2=-7438/-388538 i2=-106 t2=35 steerMode=1618/-203 iSteer=43842 driveMode=390156/391840 iDrive=149476 scale=0 wheel=1135000 ffS=0
2026-07-07T16:37:57.191+00:00 VCP run=1 step=0 angle=245303 target=315100 err=69797 steer=9600 m1=7470/403356 i1=724 t1=36 m2=-7431/-376956 i2=414 t2=35 steerMode=13200/935 iSteer=569042 driveMode=390156/391669 iDrive=154608 scale=0 wheel=1135000 ffS=0
2026-07-07T16:37:57.191+00:00 VCP SET_TARGET_RX steer=315100 wheel=1135000
2026-07-07T16:37:57.294+00:00 VCP run=1 step=0 angle=259189 target=315100 err=55911 steer=40000 m1=8567/445156 i1=357 t1=36 m2=-6262/-335156 i2=-42 t2=35 steerMode=55000/52103 iSteer=157829 driveMode=390156/390173 iDrive=199510 scale=0 wheel=1135000 ffS=0
2026-07-07T16:37:57.396+00:00 VCP run=1 step=0 angle=284326 target=315100 err=30774 steer=40000 m1=8466/445156 i1=125 t1=36 m2=-6404/-335156 i2=-212 t2=35 steerMode=55000/55967 iSteer=-43654 driveMode=390156/391208 iDrive=168436 scale=0 wheel=1135000 ffS=0
2026-07-07T16:37:57.580+00:00 VCP run=1 step=0 angle=305947 target=315100 err=9153 steer=18305 m1=8138/415326 i1=-885 t1=36 m2=-6712/-364986 i2=-1212 t2=35 steerMode=25170/45826 iSteer=-1048160 driveMode=390156/391374 iDrive=163465 scale=0 wheel=1135000 ffS=0
2026-07-07T16:37:57.580+00:00 VCP run=1 step=0 angle=311397 target=315100 err=3704 steer=7407 m1=7594/400341 i1=202 t1=36 m2=-7306/-379972 i2=-17 t2=35 steerMode=10185/7571 iSteer=92913 driveMode=390156/393171 iDrive=109552 scale=0 wheel=1135000 ffS=0
2026-07-07T16:37:57.679+00:00 VCP run=1 step=0 angle=314473 target=315100 err=627 steer=1255 m1=7479/391881 i1=-4 t1=36 m2=-7406/-388431 i2=-305 t2=35 steerMode=1725/3931 iSteer=-154833 driveMode=390156/391806 iDrive=150522 scale=0 wheel=1135000 ffS=0
2026-07-07T16:37:57.679+00:00 VCP SET_TARGET_RX steer=315100 wheel=1135000
2026-07-07T16:37:57.783+00:00 VCP run=1 step=0 angle=314385 target=315100 err=715 steer=1430 m1=7497/392123 i1=128 t1=36 m2=-7396/-388189 i2=-157 t2=35 steerMode=1967/1376 iSteer=-14151 driveMode=390156/392068 iDrive=142634 scale=0 wheel=1135000 ffS=0
2026-07-07T16:37:57.886+00:00 VCP run=1 step=0 angle=315088 target=315100 err=12 steer=0 m1=7445/390156 i1=112 t1=36 m2=-7452/-390156 i2=-177 t2=35 steerMode=0/-279 iSteer=-32690 driveMode=390156/392002 iDrive=144616 scale=0 wheel=1135000 ffS=0
2026-07-07T16:37:57.990+00:00 VCP run=1 step=0 angle=314912 target=315100 err=188 steer=0 m1=7460/390156 i1=98 t1=36 m2=-7450/-390156 i2=-198 t2=35 steerMode=0/63 iSteer=-49855 driveMode=390156/391881 iDrive=148255 scale=0 wheel=1135000 ffS=0
2026-07-07T16:37:58.094+00:00 VCP run=1 step=0 angle=314824 target=315100 err=276 steer=0 m1=7437/390156 i1=102 t1=36 m2=-7461/-390156 i2=-208 t2=35 steerMode=0/122 iSteer=-52946 driveMode=390156/391655 iDrive=155031 scale=0 wheel=1135000 ffS=0
2026-07-07T16:37:58.194+00:00 VCP run=1 step=0 angle=314561 target=315100 err=539 steer=1079 m1=7445/391640 i1=173 t1=36 m2=-7433/-388673 i2=-118 t2=35 steerMode=1484/6 iSteer=27270 driveMode=390156/391977 iDrive=145388 scale=0 wheel=1135000 ffS=0
2026-07-07T16:37:58.194+00:00 VCP SET_TARGET_RX steer=330500 wheel=1135000
2026-07-07T16:37:58.378+00:00 VCP run=1 step=0 angle=320361 target=330500 err=10139 steer=20277 m1=8159/418038 i1=114 t1=36 m2=-6668/-362275 i2=-272 t2=35 steerMode=27881/29249 iSteer=-79111 driveMode=390156/390381 iDrive=193250 scale=0 wheel=1135000 ffS=0
2026-07-07T16:37:58.378+00:00 VCP run=1 step=0 angle=328887 target=330500 err=1613 steer=3227 m1=7491/394593 i1=-54 t1=36 m2=-7444/-385720 i2=-329 t2=35 steerMode=4437/7285 iSteer=-191161 driveMode=390156/392242 iDrive=137437 scale=0 wheel=1135000 ffS=0
2026-07-07T16:37:58.481+00:00 VCP run=1 step=0 angle=329590 target=330500 err=910 steer=1820 m1=7504/392659 i1=105 t1=36 m2=-7423/-387653 i2=-157 t2=35 steerMode=2503/2114 iSteer=-25920 driveMode=390156/392454 iDrive=131066 scale=0 wheel=1135000 ffS=0
2026-07-07T16:37:58.585+00:00 VCP run=1 step=0 angle=330205 target=330500 err=295 steer=0 m1=7447/390156 i1=71 t1=36 m2=-7463/-390156 i2=-215 t2=35 steerMode=0/480 iSteer=-71929 driveMode=390156/392054 iDrive=143071 scale=0 wheel=1135000 ffS=0
2026-07-07T16:37:58.684+00:00 VCP run=1 step=0 angle=329941 target=330500 err=559 steer=1117 m1=7456/391692 i1=172 t1=36 m2=-7448/-388620 i2=-109 t2=35 steerMode=1536/-21 iSteer=31492 driveMode=390156/392127 iDrive=140878 scale=0 wheel=1135000 ffS=0
2026-07-07T16:37:58.684+00:00 VCP SET_TARGET_RX steer=330500 wheel=1135000
2026-07-07T16:37:58.788+00:00 VCP run=1 step=0 angle=330293 target=330500 err=207 steer=0 m1=7447/390156 i1=99 t1=36 m2=-7461/-390156 i2=-167 t2=35 steerMode=0/-275 iSteer=-33649 driveMode=390156/392390 iDrive=132993 scale=0 wheel=1135000 ffS=0
2026-07-07T16:37:58.892+00:00 VCP run=1 step=0 angle=330293 target=330500 err=207 steer=0 m1=7456/390156 i1=56 t1=36 m2=-7431/-390156 i2=-246 t2=35 steerMode=0/969 iSteer=-95187 driveMode=390156/391784 iDrive=151179 scale=0 wheel=1135000 ffS=0
2026-07-07T16:37:59.077+00:00 VCP run=1 step=0 angle=330029 target=330500 err=471 steer=0 m1=7451/390156 i1=101 t1=36 m2=-7444/-390156 i2=-183 t2=35 steerMode=0/-119 iSteer=-40672 driveMode=390156/392095 iDrive=141830 scale=0 wheel=1135000 ffS=0
2026-07-07T16:37:59.078+00:00 VCP run=1 step=0 angle=330645 target=330500 err=-145 steer=0 m1=7456/390156 i1=63 t1=36 m2=-7465/-390156 i2=-218 t2=35 steerMode=0/629 iSteer=-77240 driveMode=390156/392135 iDrive=140636 scale=0 wheel=1135000 ffS=0
2026-07-07T16:37:59.178+00:00 VCP run=1 step=0 angle=330293 target=330500 err=207 steer=0 m1=7453/390156 i1=107 t1=36 m2=-7436/-390156 i2=-183 t2=35 steerMode=0/-152 iSteer=-38301 driveMode=390156/391991 iDrive=144948 scale=0 wheel=1135000 ffS=0
2026-07-07T16:37:59.178+00:00 VCP SET_TARGET_RX steer=330500 wheel=1135000
2026-07-07T16:37:59.281+00:00 VCP run=1 step=0 angle=330029 target=330500 err=471 steer=0 m1=7466/390156 i1=81 t1=36 m2=-7450/-390156 i2=-165 t2=35 steerMode=0/-68 iSteer=-42039 driveMode=390156/392725 iDrive=122929 scale=0 wheel=1135000 ffS=0
2026-07-07T16:37:59.385+00:00 VCP run=1 step=0 angle=330117 target=330500 err=383 steer=0 m1=7460/390156 i1=64 t1=36 m2=-7480/-390156 i2=-189 t2=35 steerMode=0/353 iSteer=-62817 driveMode=390156/392606 iDrive=126508 scale=0 wheel=1135000 ffS=0
2026-07-07T16:37:59.489+00:00 VCP run=1 step=0 angle=330117 target=330500 err=383 steer=0 m1=7493/390156 i1=0 t1=36 m2=-7400/-390156 i2=-270 t2=35 steerMode=0/1851 iSteer=-134896 driveMode=390156/392313 iDrive=135310 scale=0 wheel=1135000 ffS=0
2026-07-07T16:37:59.593+00:00 VCP run=1 step=0 angle=330117 target=330500 err=383 steer=0 m1=7453/390156 i1=100 t1=36 m2=-7459/-390156 i2=-161 t2=35 steerMode=0/-268 iSteer=-30451 driveMode=390156/392480 iDrive=130295 scale=0 wheel=1135000 ffS=0
2026-07-07T16:37:59.693+00:00 VCP run=1 step=0 angle=330205 target=330500 err=295 steer=0 m1=7468/390156 i1=85 t1=36 m2=-7454/-390156 i2=-160 t2=35 steerMode=0/-118 iSteer=-37863 driveMode=390156/392736 iDrive=122610 scale=0 wheel=1135000 ffS=0
2026-07-07T16:37:59.693+00:00 VCP SET_TARGET_RX steer=225900 wheel=1135000
2026-07-07T16:37:59.795+00:00 VCP run=1 step=0 angle=329854 target=225900 err=-103954 steer=-21000 m1=7250/361281 i1=-1201 t1=36 m2=-7674/-419031 i2=-1459 t2=35 steerMode=-28875/-3436 iSteer=-1330186 driveMode=390156/392523 iDrive=128999 scale=0 wheel=1135000 ffS=0
2026-07-07T16:37:59.978+00:00 VCP run=1 step=0 angle=308672 target=225900 err=-82772 steer=-40000 m1=6279/335156 i1=247 t1=36 m2=-8616/-445156 i2=8 t2=35 steerMode=-55000/-59520 iSteer=127679 driveMode=390156/392829 iDrive=119814 scale=0 wheel=1135000 ffS=0
2026-07-07T16:37:59.978+00:00 VCP run=1 step=0 angle=285117 target=225900 err=-59217 steer=-40000 m1=6395/335156 i1=64 t1=36 m2=-8471/-445156 i2=-276 t2=35 steerMode=-55000/-54742 iSteer=-105861 driveMode=390156/391150 iDrive=170181 scale=0 wheel=1135000 ffS=0
2026-07-07T16:38:00.080+00:00 VCP run=1 step=0 angle=261123 target=225900 err=-35223 steer=-40000 m1=6388/335156 i1=76 t1=36 m2=-8478/-445156 i2=-258 t2=35 steerMode=-55000/-55041 iSteer=-91013 driveMode=390156/391248 iDrive=167250 scale=0 wheel=1135000 ffS=0
2026-07-07T16:38:00.179+00:00 VCP run=1 step=0 angle=237480 target=225900 err=-11580 steer=-23161 m1=6556/358310 i1=1089 t1=36 m2=-8317/-422003 i2=767 t2=35 steerMode=-31846/-52032 iSteer=928287 driveMode=390156/391463 iDrive=160800 scale=0 wheel=1135000 ffS=0
2026-07-07T16:38:00.179+00:00 VCP SET_TARGET_RX steer=225900 wheel=1135000
2026-07-07T16:38:00.282+00:00 VCP run=1 step=0 angle=229395 target=225900 err=-3495 steer=-6989 m1=7301/380546 i1=119 t1=36 m2=-7551/-399766 i2=-260 t2=35 steerMode=-9610/-9165 iSteer=-70440 driveMode=390156/390506 iDrive=189502 scale=0 wheel=1135000 ffS=0
2026-07-07T16:38:00.385+00:00 VCP run=1 step=0 angle=226846 target=225900 err=-946 steer=-1891 m1=7382/387556 i1=202 t1=36 m2=-7496/-392757 i2=-97 t2=35 steerMode=-2601/-4551 iSteer=52696 driveMode=390156/391848 iDrive=149235 scale=0 wheel=1135000 ffS=0
2026-07-07T16:38:00.489+00:00 VCP run=1 step=0 angle=225879 target=225900 err=21 steer=0 m1=7443/390156 i1=117 t1=36 m2=-7438/-390156 i2=-174 t2=35 steerMode=0/-267 iSteer=-28646 driveMode=390156/391973 iDrive=145484 scale=0 wheel=1135000 ffS=0
2026-07-07T16:38:00.592+00:00 VCP run=1 step=0 angle=226143 target=225900 err=-243 steer=0 m1=7435/390156 i1=146 t1=36 m2=-7469/-390156 i2=-156 t2=35 steerMode=0/-768 iSteer=-4952 driveMode=390156/391780 iDrive=151288 scale=0 wheel=1135000 ffS=0
2026-07-07T16:38:00.693+00:00 VCP run=1 step=0 angle=225879 target=225900 err=21 steer=0 m1=7451/390156 i1=89 t1=36 m2=-7419/-390156 i2=-208 t2=35 steerMode=0/330 iSteer=-59465 driveMode=390156/391860 iDrive=148876 scale=0 wheel=1135000 ffS=0
2026-07-07T16:38:00.693+00:00 VCP SET_TARGET_RX steer=225900 wheel=1135000
2026-07-07T16:38:00.878+00:00 VCP run=1 step=0 angle=225615 target=225900 err=285 steer=0 m1=7458/390156 i1=98 t1=36 m2=-7459/-390156 i2=-182 t2=35 steerMode=0/-23 iSteer=-42230 driveMode=390156/392154 iDrive=140076 scale=0 wheel=1135000 ffS=0
2026-07-07T16:38:00.878+00:00 VCP run=1 step=0 angle=225615 target=225900 err=285 steer=0 m1=7447/390156 i1=108 t1=36 m2=-7459/-390156 i2=-184 t2=35 steerMode=0/-116 iSteer=-37666 driveMode=390156/391959 iDrive=145926 scale=0 wheel=1135000 ffS=0
2026-07-07T16:38:00.982+00:00 VCP run=1 step=0 angle=225879 target=225900 err=21 steer=0 m1=7449/390156 i1=115 t1=36 m2=-7461/-390156 i2=-196 t2=35 steerMode=0/-54 iSteer=-40590 driveMode=390156/391648 iDrive=155236 scale=0 wheel=1135000 ffS=0
2026-07-07T16:38:01.086+00:00 VCP run=1 step=0 angle=225703 target=225900 err=197 steer=0 m1=7456/390156 i1=102 t1=36 m2=-7431/-390156 i2=-206 t2=35 steerMode=0/182 iSteer=-51891 driveMode=390156/391690 iDrive=153991 scale=0 wheel=1135000 ffS=0
2026-07-07T16:38:01.186+00:00 VCP run=1 step=0 angle=225791 target=225900 err=109 steer=0 m1=7445/390156 i1=117 t1=36 m2=-7465/-390156 i2=-192 t2=35 steerMode=0/-112 iSteer=-37375 driveMode=390156/391669 iDrive=154612 scale=0 wheel=1135000 ffS=0
2026-07-07T16:38:01.186+00:00 VCP SET_TARGET_RX steer=225900 wheel=1135000
2026-07-07T16:38:01.290+00:00 VCP run=1 step=0 angle=225879 target=225900 err=21 steer=0 m1=7462/390156 i1=48 t1=36 m2=-7413/-390156 i2=-253 t2=35 steerMode=0/1226 iSteer=-102549 driveMode=390156/391813 iDrive=150287 scale=0 wheel=1135000 ffS=0
2026-07-07T16:38:01.393+00:00 VCP run=1 step=0 angle=225527 target=225900 err=373 steer=0 m1=7458/390156 i1=83 t1=36 m2=-7433/-390156 i2=-213 t2=35 steerMode=0/492 iSteer=-64970 driveMode=390156/391881 iDrive=148271 scale=0 wheel=1135000 ffS=0
2026-07-07T16:38:01.577+00:00 VCP run=1 step=0 angle=225703 target=225900 err=197 steer=0 m1=7441/390156 i1=105 t1=36 m2=-7450/-390156 i2=-192 t2=35 steerMode=0/29 iSteer=-43160 driveMode=390156/391871 iDrive=148548 scale=0 wheel=1135000 ffS=0
2026-07-07T16:38:01.577+00:00 VCP run=1 step=0 angle=216123 target=189300 err=-26823 steer=-40000 m1=6372/335156 i1=-567 t1=36 m2=-8559/-445156 i2=-801 t2=35 steerMode=-55000/-43357 iSteer=-684002 driveMode=390156/392918 iDrive=117159 scale=0 wheel=1135000 ffS=0
2026-07-07T16:38:01.665+00:00 VCP run=1 step=0 angle=193623 target=189300 err=-4323 steer=-8646 m1=7064/378268 i1=1191 t1=36 m2=-7749/-402045 i2=761 t2=35 steerMode=-11888/-32499 iSteer=976100 driveMode=390156/389672 iDrive=214773 scale=0 wheel=1135000 ffS=0
2026-07-07T16:38:01.779+00:00 VCP SET_TARGET_RX steer=189300 wheel=1135000
2026-07-07T16:38:01.779+00:00 VCP run=1 step=0 angle=192129 target=189300 err=-2829 steer=-5658 m1=7294/382377 i1=-3 t1=36 m2=-7605/-397936 i2=-308 t2=35 steerMode=-7779/-5725 iSteer=-155755 driveMode=390156/391734 iDrive=152664 scale=0 wheel=1135000 ffS=0
2026-07-07T16:38:01.883+00:00 VCP run=1 step=0 angle=189492 target=189300 err=-192 steer=0 m1=7466/390156 i1=177 t1=36 m2=-7427/-390156 i2=-111 t2=35 steerMode=0/-1520 iSteer=33034 driveMode=390156/392033 iDrive=143689 scale=0 wheel=1135000 ffS=0
2026-07-07T16:38:01.987+00:00 VCP run=1 step=0 angle=189316 target=189300 err=-16 steer=0 m1=7453/390156 i1=91 t1=36 m2=-7454/-390156 i2=-206 t2=35 steerMode=0/267 iSteer=-57429 driveMode=390156/391863 iDrive=148806 scale=0 wheel=1135000 ffS=0
2026-07-07T16:38:02.090+00:00 VCP run=1 step=0 angle=189668 target=189300 err=-368 steer=0 m1=7437/390156 i1=109 t1=36 m2=-7457/-390156 i2=-164 t2=35 steerMode=0/-318 iSteer=-27581 driveMode=390156/392271 iDrive=136559 scale=0 wheel=1135000 ffS=0
2026-07-07T16:38:02.190+00:00 VCP run=1 step=0 angle=189580 target=189300 err=-280 steer=0 m1=7449/390156 i1=107 t1=36 m2=-7450/-390156 i2=-194 t2=35 steerMode=0/11 iSteer=-43363 driveMode=390156/391811 iDrive=150367 scale=0 wheel=1135000 ffS=0
2026-07-07T16:38:02.190+00:00 VCP SET_TARGET_RX steer=189300 wheel=1135000
2026-07-07T16:38:02.294+00:00 VCP run=1 step=0 angle=189316 target=189300 err=-16 steer=0 m1=7428/390156 i1=109 t1=36 m2=-7431/-390156 i2=-197 t2=35 steerMode=0/17 iSteer=-43894 driveMode=390156/391729 iDrive=152810 scale=0 wheel=1135000 ffS=0
2026-07-07T16:38:02.480+00:00 VCP run=1 step=0 angle=189229 target=189300 err=71 steer=0 m1=7460/390156 i1=89 t1=36 m2=-7452/-390156 i2=-176 t2=35 steerMode=0/12 iSteer=-43500 driveMode=390156/392420 iDrive=132088 scale=0 wheel=1135000 ffS=0
2026-07-07T16:38:02.480+00:00 VCP run=1 step=0 angle=188877 target=189300 err=423 steer=0 m1=7449/390156 i1=85 t1=36 m2=-7436/-390156 i2=-205 t2=36 steerMode=0/364 iSteer=-60075 driveMode=390156/391981 iDrive=145250 scale=0 wheel=1135000 ffS=0
2026-07-07T16:38:02.583+00:00 VCP run=1 step=0 angle=188613 target=189300 err=687 steer=1373 m1=7460/392045 i1=194 t1=36 m2=-7450/-388268 i2=-96 t2=36 steerMode=1888/90 iSteer=48888 driveMode=390156/392000 iDrive=144698 scale=0 wheel=1135000 ffS=0
2026-07-07T16:38:02.684+00:00 VCP run=1 step=0 angle=189316 target=189300 err=-16 steer=0 m1=7445/390156 i1=74 t1=36 m2=-7444/-390156 i2=-198 t2=36 steerMode=0/388 iSteer=-61928 driveMode=390156/392296 iDrive=135799 scale=0 wheel=1135000 ffS=0
2026-07-07T16:38:02.684+00:00 VCP SET_TARGET_RX steer=189300 wheel=1135000
2026-07-07T16:38:02.788+00:00 VCP run=1 step=0 angle=188965 target=189300 err=335 steer=0 m1=7451/390156 i1=106 t1=36 m2=-7442/-390156 i2=-195 t2=36 steerMode=0/54 iSteer=-44752 driveMode=390156/391799 iDrive=150712 scale=0 wheel=1135000 ffS=0
2026-07-07T16:38:02.891+00:00 VCP run=1 step=0 angle=188789 target=189300 err=511 steer=600 m1=7441/390981 i1=149 t1=36 m2=-7459/-389331 i2=-136 t2=36 steerMode=825/-151 iSteer=6546 driveMode=390156/392080 iDrive=142276 scale=0 wheel=1135000 ffS=0
2026-07-07T16:38:02.995+00:00 VCP run=1 step=0 angle=189053 target=189300 err=247 steer=0 m1=7460/390156 i1=96 t1=36 m2=-7444/-390156 i2=-183 t2=36 steerMode=0/13 iSteer=-43153 driveMode=390156/392173 iDrive=139507 scale=0 wheel=1135000 ffS=0
2026-07-07T16:38:03.176+00:00 VCP run=1 step=0 angle=188701 target=189300 err=599 steer=1198 m1=8171/431334 i1=492 t1=36 m2=-8124/-428041 i2=-456 t2=36 steerMode=1647/488 iSteer=18082 driveMode=429688/421881 iDrive=473706 scale=0 wheel=1250000 ffS=0
2026-07-07T16:38:03.177+00:00 VCP run=1 step=0 angle=188965 target=189300 err=335 steer=0 m1=8236/429688 i1=73 t1=36 m2=-8245/-429688 i2=-158 t2=36 steerMode=0/19 iSteer=-42090 driveMode=429688/433745 iDrive=115527 scale=0 wheel=1250000 ffS=0
2026-07-07T16:38:03.177+00:00 VCP SET_TARGET_RX steer=189300 wheel=1250000
2026-07-07T16:38:03.280+00:00 VCP run=1 step=0 angle=188877 target=189300 err=423 steer=0 m1=8223/429688 i1=101 t1=36 m2=-8216/-429688 i2=-184 t2=36 steerMode=0/6 iSteer=-41699 driveMode=429688/432641 iDrive=142582 scale=0 wheel=1250000 ffS=0
2026-07-07T16:38:03.384+00:00 VCP run=1 step=0 angle=188789 target=189300 err=511 steer=1022 m1=8249/431093 i1=112 t1=36 m2=-8185/-428282 i2=-196 t2=36 steerMode=1405/1445 iSteer=-41930 driveMode=429688/432118 iDrive=153732 scale=0 wheel=1250000 ffS=0
2026-07-07T16:38:03.487+00:00 VCP run=1 step=0 angle=189053 target=189300 err=247 steer=0 m1=8196/429688 i1=114 t1=36 m2=-8210/-429688 i2=-177 t2=36 steerMode=0/-208 iSteer=-31543 driveMode=429688/432239 iDrive=145517 scale=0 wheel=1250000 ffS=0
2026-07-07T16:38:03.591+00:00 VCP run=1 step=0 angle=189053 target=189300 err=247 steer=0 m1=8192/429688 i1=102 t1=36 m2=-8178/-429688 i2=-206 t2=36 steerMode=0/206 iSteer=-52324 driveMode=429688/431812 iDrive=153942 scale=0 wheel=1250000 ffS=0
2026-07-07T16:38:03.691+00:00 VCP run=1 step=0 angle=189053 target=189300 err=247 steer=0 m1=8221/429688 i1=95 t1=36 m2=-8222/-429688 i2=-190 t2=36 steerMode=0/116 iSteer=-47878 driveMode=429688/432067 iDrive=142511 scale=0 wheel=1250000 ffS=0
2026-07-07T16:38:03.691+00:00 VCP SET_TARGET_RX steer=189300 wheel=1250000
2026-07-07T16:38:03.877+00:00 VCP run=1 step=0 angle=189053 target=189300 err=247 steer=0 m1=8217/429688 i1=77 t1=36 m2=-8172/-429688 i2=-233 t2=36 steerMode=0/734 iSteer=-78000 driveMode=429688/431516 iDrive=155365 scale=0 wheel=1250000 ffS=0
2026-07-07T16:38:03.877+00:00 VCP run=1 step=0 angle=188789 target=189300 err=511 steer=1022 m1=8196/431093 i1=175 t1=36 m2=-8187/-428282 i2=-143 t2=36 steerMode=1405/256 iSteer=16120 driveMode=429688/431291 iDrive=158661 scale=0 wheel=1250000 ffS=0
2026-07-07T16:38:03.979+00:00 VCP run=1 step=0 angle=198809 target=234300 err=35491 steer=40000 m1=9084/469000 i1=411 t1=36 m2=-6877/-359000 i2=669 t2=36 steerMode=55000/44576 iSteer=539766 driveMode=414000/424971 iDrive=-129129 scale=0 wheel=1204364 ffS=0
2026-07-07T16:38:04.082+00:00 VCP run=1 step=0 angle=224561 target=234300 err=9739 steer=19479 m1=8761/456471 i1=-608 t1=36 m2=-7277/-402904 i2=-1776 t2=36 steerMode=26784/50478 iSteer=-1191535 driveMode=429688/417215 iDrive=583980 scale=0 wheel=1250000 ffS=0
2026-07-07T16:38:04.181+00:00 VCP run=1 step=0 angle=230098 target=234300 err=4202 steer=8405 m1=8429/441244 i1=159 t1=36 m2=-8028/-418131 i2=-61 t2=36 steerMode=11556/10040 iSteer=48767 driveMode=429688/433118 iDrive=110076 scale=0 wheel=1250000 ffS=0
2026-07-07T16:38:04.181+00:00 VCP SET_TARGET_RX steer=234300 wheel=1250000
2026-07-07T16:38:04.284+00:00 VCP run=1 step=0 angle=233613 target=234300 err=687 steer=1373 m1=8238/431576 i1=16 t1=36 m2=-8183/-427799 i2=-273 t2=36 steerMode=1889/3720 iSteer=-128450 driveMode=429688/431801 iDrive=144765 scale=0 wheel=1250000 ffS=0
2026-07-07T16:38:04.388+00:00 VCP run=1 step=0 angle=233525 target=234300 err=775 steer=1549 m1=8244/431818 i1=121 t1=36 m2=-8145/-427557 i2=-192 t2=36 steerMode=2130/2129 iSteer=-35339 driveMode=429688/431284 iDrive=156772 scale=0 wheel=1250000 ffS=0
2026-07-07T16:38:04.491+00:00 VCP run=1 step=0 angle=234141 target=234300 err=159 steer=0 m1=8203/429688 i1=111 t1=36 m2=-8210/-429688 i2=-179 t2=36 steerMode=0/-104 iSteer=-33830 driveMode=429688/431589 iDrive=144756 scale=0 wheel=1250000 ffS=0
2026-07-07T16:38:04.662+00:00 VCP run=1 step=0 angle=233701 target=234300 err=599 steer=1198 m1=8217/431334 i1=177 t1=36 m2=-8166/-428041 i2=-132 t2=36 steerMode=1647/434 iSteer=22527 driveMode=429688/431219 iDrive=154041 scale=0 wheel=1250000 ffS=0
2026-07-07T16:38:04.662+00:00 VCP run=1 step=0 angle=234141 target=234300 err=159 steer=0 m1=8190/429688 i1=112 t1=36 m2=-8185/-429688 i2=-195 t2=36 steerMode=0/32 iSteer=-41592 driveMode=429688/431236 iDrive=153542 scale=0 wheel=1250000 ffS=0
2026-07-07T16:38:04.777+00:00 VCP SET_TARGET_RX steer=234300 wheel=1250000
2026-07-07T16:38:04.777+00:00 VCP run=1 step=0 angle=233877 target=234300 err=423 steer=0 m1=8203/429688 i1=78 t1=36 m2=-8185/-429688 i2=-229 t2=36 steerMode=0/730 iSteer=-75700 driveMode=429688/431246 iDrive=153234 scale=0 wheel=1250000 ffS=0
2026-07-07T16:38:04.880+00:00 VCP run=1 step=0 angle=233701 target=234300 err=599 steer=1198 m1=8200/431334 i1=199 t1=36 m2=-8176/-428041 i2=-115 t2=36 steerMode=1647/40 iSteer=41617 driveMode=429688/431121 iDrive=156999 scale=0 wheel=1250000 ffS=0
2026-07-07T16:38:04.984+00:00 VCP run=1 step=0 angle=234141 target=234300 err=159 steer=0 m1=8200/429688 i1=103 t1=36 m2=-8206/-429688 i2=-203 t2=36 steerMode=0/191 iSteer=-50250 driveMode=429688/431250 iDrive=153133 scale=0 wheel=1250000 ffS=0
2026-07-07T16:38:05.088+00:00 VCP run=1 step=0 angle=233877 target=234300 err=423 steer=0 m1=8200/429688 i1=96 t1=36 m2=-8176/-429688 i2=-221 t2=36 steerMode=0/441 iSteer=-62397 driveMode=429688/431065 iDrive=158672 scale=0 wheel=1250000 ffS=0
2026-07-07T16:38:05.188+00:00 VCP run=1 step=0 angle=234492 target=234300 err=-192 steer=0 m1=8192/429688 i1=67 t1=37 m2=-8185/-429688 i2=-244 t2=36 steerMode=0/981 iSteer=-88453 driveMode=429688/431161 iDrive=155810 scale=0 wheel=1250000 ffS=0
2026-07-07T16:38:05.188+00:00 VCP SET_TARGET_RX steer=234300 wheel=1250000
2026-07-07T16:38:05.292+00:00 VCP run=1 step=0 angle=234053 target=234300 err=247 steer=0 m1=8188/429688 i1=129 t1=37 m2=-8197/-429688 i2=-195 t2=36 steerMode=0/-138 iSteer=-32925 driveMode=429688/430949 iDrive=162156 scale=0 wheel=1250000 ffS=0
2026-07-07T16:38:05.394+00:00 VCP run=1 step=0 angle=236162 target=260300 err=24138 steer=33422 m1=8732/469000 i1=1478 t1=37 m2=-7590/-377090 i2=1500 t2=36 steerMode=45955/16018 iSteer=1489096 driveMode=423045/430072 iDrive=-10808 scale=0 wheel=1230676 ffS=0
2026-07-07T16:38:05.578+00:00 VCP run=1 step=0 angle=256465 target=260300 err=3835 steer=7670 m1=8504/440234 i1=-867 t1=37 m2=-7796/-419141 i2=-1465 t2=36 steerMode=10547/33280 iSteer=-1166203 driveMode=429688/426586 iDrive=299063 scale=0 wheel=1250000 ffS=0
2026-07-07T16:38:05.578+00:00 VCP run=1 step=0 angle=257168 target=260300 err=3132 steer=6264 m1=8374/438301 i1=215 t1=37 m2=-8034/-421074 i2=-32 t2=36 steerMode=8613/6169 iSteer=91441 driveMode=429688/432361 iDrive=123738 scale=0 wheel=1250000 ffS=0
2026-07-07T16:38:05.678+00:00 VCP run=1 step=0 angle=259893 target=260300 err=407 steer=0 m1=8192/429688 i1=22 t1=37 m2=-8222/-429688 i2=-282 t2=36 steerMode=0/1770 iSteer=-129815 driveMode=429688/431315 iDrive=151793 scale=0 wheel=1250000 ffS=0
2026-07-07T16:38:05.678+00:00 VCP SET_TARGET_RX steer=260300 wheel=1250000
2026-07-07T16:38:05.782+00:00 VCP run=1 step=0 angle=259893 target=260300 err=407 steer=0 m1=8207/429688 i1=44 t1=37 m2=-8181/-429688 i2=-279 t2=36 steerMode=0/1564 iSteer=-117681 driveMode=429688/430977 iDrive=161301 scale=0 wheel=1250000 ffS=0
2026-07-07T16:38:05.885+00:00 VCP run=1 step=0 angle=259717 target=260300 err=583 steer=1166 m1=8213/431291 i1=186 t1=37 m2=-8178/-428084 i2=-115 t2=36 steerMode=1604/108 iSteer=35203 driveMode=429688/431342 iDrive=150373 scale=0 wheel=1250000 ffS=0
2026-07-07T16:38:05.989+00:00 VCP run=1 step=0 angle=260156 target=260300 err=144 steer=0 m1=8190/429688 i1=101 t1=37 m2=-8189/-429688 i2=-208 t2=36 steerMode=0/241 iSteer=-53219 driveMode=429688/431205 iDrive=154473 scale=0 wheel=1250000 ffS=0
2026-07-07T16:38:06.093+00:00 VCP run=1 step=0 angle=259805 target=260300 err=495 steer=0 m1=8192/429688 i1=113 t1=37 m2=-8201/-429688 i2=-205 t2=36 steerMode=0/105 iSteer=-46363 driveMode=429688/431052 iDrive=159072 scale=0 wheel=1250000 ffS=0
2026-07-07T16:38:06.193+00:00 VCP run=1 step=0 angle=259893 target=260300 err=407 steer=0 m1=8198/429688 i1=109 t1=37 m2=-8191/-429688 i2=-200 t2=36 steerMode=0/79 iSteer=-45254 driveMode=429688/431204 iDrive=154495 scale=0 wheel=1250000 ffS=0
2026-07-07T16:38:06.193+00:00 VCP SET_TARGET_RX steer=260300 wheel=1250000
2026-07-07T16:38:06.378+00:00 VCP run=1 step=0 angle=259629 target=260300 err=671 steer=1342 m1=8217/431533 i1=175 t1=37 m2=-8185/-427842 i2=-120 t2=36 steerMode=1846/495 iSteer=27260 driveMode=429688/431432 iDrive=147666 scale=0 wheel=1250000 ffS=0
2026-07-07T16:38:06.378+00:00 VCP run=1 step=0 angle=260332 target=260300 err=-32 steer=0 m1=8182/429688 i1=126 t1=37 m2=-8183/-429688 i2=-198 t2=36 steerMode=0/-131 iSteer=-35891 driveMode=429688/430952 iDrive=162064 scale=0 wheel=1250000 ffS=0
2026-07-07T16:38:06.482+00:00 VCP run=1 step=0 angle=259805 target=260300 err=495 steer=0 m1=8198/429688 i1=108 t1=37 m2=-8185/-429688 i2=-205 t2=36 steerMode=0/121 iSteer=-48329 driveMode=429688/431146 iDrive=156251 scale=0 wheel=1250000 ffS=0
2026-07-07T16:38:06.586+00:00 VCP run=1 step=0 angle=259805 target=260300 err=495 steer=0 m1=8194/429688 i1=93 t1=37 m2=-8189/-429688 i2=-205 t2=36 steerMode=0/274 iSteer=-56102 driveMode=429688/431391 iDrive=148884 scale=0 wheel=1250000 ffS=0
2026-07-07T16:38:06.685+00:00 VCP run=1 step=0 angle=259805 target=260300 err=495 steer=566 m1=8228/430466 i1=92 t1=37 m2=-8162/-428909 i2=-213 t2=36 steerMode=779/1165 iSteer=-60623 driveMode=429688/431259 iDrive=152848 scale=0 wheel=1250000 ffS=0
2026-07-07T16:38:06.686+00:00 VCP SET_TARGET_RX steer=260300 wheel=1250000
2026-07-07T16:38:06.789+00:00 VCP run=1 step=0 angle=260068 target=260300 err=232 steer=0 m1=8192/429688 i1=120 t1=37 m2=-8199/-429688 i2=-195 t2=36 steerMode=0/-121 iSteer=-37206 driveMode=429688/431106 iDrive=157456 scale=0 wheel=1250000 ffS=0
2026-07-07T16:38:06.892+00:00 VCP run=1 step=0 angle=265342 target=284000 err=18658 steer=37316 m1=8973/469000 i1=939 t1=37 m2=-7233/-366380 i2=1240 t2=36 steerMode=51310/29616 iSteer=1089405 driveMode=417690/429374 iDrive=-150515 scale=0 wheel=1215098 ffS=0
2026-07-07T16:38:06.995+00:00 VCP run=1 step=0 angle=281865 target=284000 err=2135 steer=4270 m1=8232/435558 i1=-300 t1=37 m2=-8132/-423817 i2=-833 t2=36 steerMode=5871/16185 iSteer=-566239 driveMode=429688/427758 iDrive=266659 scale=0 wheel=1250000 ffS=0
2026-07-07T16:38:07.165+00:00 VCP run=1 step=0 angle=281777 target=284000 err=2223 steer=4445 m1=8353/435800 i1=128 t1=37 m2=-8063/-423575 i2=-135 t2=36 steerMode=6112/5368 iSteer=-3592 driveMode=429688/432157 iDrive=131311 scale=0 wheel=1250000 ffS=0
2026-07-07T16:38:07.166+00:00 VCP run=1 step=0 angle=283535 target=284000 err=465 steer=0 m1=8186/429688 i1=45 t1=37 m2=-8187/-429688 i2=-275 t2=36 steerMode=0/1307 iSteer=-114813 driveMode=429688/431084 iDrive=160294 scale=0 wheel=1250000 ffS=0
2026-07-07T16:38:07.280+00:00 VCP SET_TARGET_RX steer=284000 wheel=1250000
2026-07-07T16:38:07.280+00:00 VCP run=1 step=0 angle=283711 target=284000 err=289 steer=0 m1=8240/429688 i1=5 t1=37 m2=-8135/-429688 i2=-308 t2=36 steerMode=0/2084 iSteer=-151495 driveMode=429688/431150 iDrive=156128 scale=0 wheel=1250000 ffS=0
2026-07-07T16:38:07.383+00:00 VCP run=1 step=0 angle=283975 target=284000 err=25 steer=0 m1=8188/429688 i1=130 t1=37 m2=-8201/-429688 i2=-188 t2=36 steerMode=0/-394 iSteer=-29377 driveMode=429688/431053 iDrive=159021 scale=0 wheel=1250000 ffS=0
2026-07-07T16:38:07.487+00:00 VCP run=1 step=0 angle=284150 target=284000 err=-150 steer=0 m1=8196/429688 i1=70 t1=37 m2=-8185/-429688 i2=-267 t2=36 steerMode=0/1001 iSteer=-98416 driveMode=429688/430750 iDrive=168134 scale=0 wheel=1250000 ffS=0
2026-07-07T16:38:07.591+00:00 VCP run=1 step=0 angle=283799 target=284000 err=201 steer=0 m1=8196/429688 i1=106 t1=37 m2=-8183/-429688 i2=-212 t2=36 steerMode=0/101 iSteer=-53375 driveMode=429688/431057 iDrive=158929 scale=0 wheel=1250000 ffS=0
2026-07-07T16:38:07.691+00:00 VCP run=1 step=0 angle=283711 target=307200 err=23489 steer=8400 m1=8215/441238 i1=667 t1=37 m2=-8158/-418138 i2=333 t2=36 steerMode=11550/632 iSteer=499611 driveMode=429688/430789 iDrive=166950 scale=0 wheel=1250000 ffS=0
2026-07-07T16:38:07.691+00:00 VCP SET_TARGET_RX steer=307200 wheel=1250000
2026-07-07T16:38:07.793+00:00 VCP run=1 step=0 angle=296631 target=307200 err=10569 steer=21138 m1=8996/458753 i1=-524 t1=37 m2=-7180/-400622 i2=-1178 t2=36 steerMode=29065/45974 iSteer=-850952 driveMode=429688/425523 iDrive=326558 scale=0 wheel=1250000 ffS=0
2026-07-07T16:38:07.977+00:00 VCP run=1 step=0 angle=304541 target=307200 err=2659 steer=5318 m1=8299/437000 i1=40 t1=37 m2=-8103/-422375 i2=-249 t2=36 steerMode=7312/8547 iSteer=-104380 driveMode=429688/431636 iDrive=144453 scale=0 wheel=1250000 ffS=0
2026-07-07T16:38:07.977+00:00 VCP run=1 step=0 angle=305859 target=307200 err=1341 steer=2681 m1=8259/433374 i1=93 t1=37 m2=-8118/-426001 i2=-214 t2=36 steerMode=3687/4039 iSteer=-60530 driveMode=429688/431225 iDrive=153868 scale=0 wheel=1250000 ffS=0
2026-07-07T16:38:08.081+00:00 VCP run=1 step=0 angle=307178 target=307200 err=22 steer=0 m1=8190/429688 i1=84 t1=37 m2=-8229/-429688 i2=-209 t2=36 steerMode=0/309 iSteer=-62718 driveMode=429688/431471 iDrive=146483 scale=0 wheel=1250000 ffS=0
2026-07-07T16:38:08.181+00:00 VCP run=1 step=0 angle=306826 target=307200 err=374 steer=0 m1=8211/429688 i1=89 t1=37 m2=-8178/-429688 i2=-228 t2=36 steerMode=0/450 iSteer=-69232 driveMode=429688/431069 iDrive=158541 scale=0 wheel=1250000 ffS=0
2026-07-07T16:38:08.181+00:00 VCP SET_TARGET_RX steer=307200 wheel=1250000
2026-07-07T16:38:08.285+00:00 VCP run=1 step=0 angle=306738 target=307200 err=462 steer=0 m1=8215/429688 i1=72 t1=37 m2=-8176/-429688 i2=-253 t2=36 steerMode=0/869 iSteer=-90212 driveMode=429688/430932 iDrive=162673 scale=0 wheel=1250000 ffS=0
2026-07-07T16:38:08.389+00:00 VCP run=1 step=0 angle=306650 target=307200 err=550 steer=1099 m1=8205/431199 i1=183 t1=37 m2=-8176/-428176 i2=-124 t2=36 steerMode=1511/-13 iSteer=29132 driveMode=429688/431237 iDrive=153520 scale=0 wheel=1250000 ffS=0
2026-07-07T16:38:08.493+00:00 VCP run=1 step=0 angle=307266 target=307200 err=-66 steer=0 m1=8173/429688 i1=92 t1=37 m2=-8189/-429688 i2=-222 t2=36 steerMode=0/333 iSteer=-65051 driveMode=429688/431120 iDrive=157019 scale=0 wheel=1250000 ffS=0
2026-07-07T16:38:08.662+00:00 VCP run=1 step=0 angle=313506 target=319600 err=6094 steer=12188 m1=8701/446446 i1=-370 t1=37 m2=-7595/-412929 i2=-788 t2=36 steerMode=16759/27972 iSteer=-578896 driveMode=429688/429399 iDrive=208690 scale=0 wheel=1250000 ffS=0
2026-07-07T16:38:08.662+00:00 VCP run=1 step=0 angle=318164 target=319600 err=1436 steer=2872 m1=8226/433636 i1=161 t1=37 m2=-8176/-425739 i2=-126 t2=36 steerMode=3949/2758 iSteer=17400 driveMode=429688/431574 iDrive=143395 scale=0 wheel=1250000 ffS=0
2026-07-07T16:38:08.695+00:00 VCP SET_TARGET_RX steer=319600 wheel=1250000
2026-07-07T16:38:08.880+00:00 VCP run=1 step=0 angle=319043 target=319600 err=557 steer=1114 m1=8226/431219 i1=72 t1=37 m2=-8155/-428156 i2=-239 t2=36 steerMode=1532/2358 iSteer=-83569 driveMode=429688/431164 iDrive=155691 scale=0 wheel=1250000 ffS=0
2026-07-07T16:38:08.880+00:00 VCP run=1 step=0 angle=319395 target=319600 err=205 steer=0 m1=8188/429688 i1=111 t1=37 m2=-8183/-429688 i2=-221 t2=36 steerMode=0/217 iSteer=-55141 driveMode=429688/430830 iDrive=165718 scale=0 wheel=1250000 ffS=0
2026-07-07T16:38:08.983+00:00 VCP run=1 step=0 angle=319043 target=319600 err=557 steer=1114 m1=8226/431219 i1=145 t1=37 m2=-8164/-428156 i2=-156 t2=36 steerMode=1532/785 iSteer=-5872 driveMode=429688/431338 iDrive=150497 scale=0 wheel=1250000 ffS=0
2026-07-07T16:38:09.087+00:00 VCP run=1 step=0 angle=319570 target=319600 err=30 steer=0 m1=8198/429688 i1=102 t1=37 m2=-8208/-429688 i2=-183 t2=36 steerMode=0/-91 iSteer=-40642 driveMode=429688/431598 iDrive=142693 scale=0 wheel=1250000 ffS=0
2026-07-07T16:38:09.187+00:00 VCP run=1 step=0 angle=319570 target=319600 err=30 steer=0 m1=8211/429688 i1=91 t1=37 m2=-8210/-429688 i2=-196 t2=36 steerMode=0/144 iSteer=-52409 driveMode=429688/431570 iDrive=143520 scale=0 wheel=1250000 ffS=0
2026-07-07T16:38:09.187+00:00 VCP SET_TARGET_RX steer=319600 wheel=1250000
2026-07-07T16:38:09.291+00:00 VCP run=1 step=0 angle=319219 target=319600 err=381 steer=0 m1=8196/429688 i1=96 t1=37 m2=-8181/-429688 i2=-207 t2=36 steerMode=0/204 iSteer=-55787 driveMode=429688/431298 iDrive=151698 scale=0 wheel=1250000 ffS=0
2026-07-07T16:38:09.393+00:00 VCP run=1 step=0 angle=317637 target=239600 err=-78037 steer=-32400 m1=7679/379900 i1=-1609 t1=37 m2=-8735/-469000 i2=-1551 t2=36 steerMode=-44550/-14481 iSteer=-1579792 driveMode=424450/432082 iDrive=-28968 scale=0 wheel=1234764 ffS=0
2026-07-07T16:38:09.576+00:00 VCP run=1 step=0 angle=292852 target=239600 err=-53252 steer=-40000 m1=6775/359000 i1=263 t1=37 m2=-8995/-469000 i2=74 t2=36 steerMode=-55000/-60306 iSteer=168671 driveMode=414000/417515 iDrive=94563 scale=0 wheel=1204364 ffS=0
2026-07-07T16:38:09.576+00:00 VCP run=1 step=0 angle=269385 target=239600 err=-29785 steer=-40000 m1=6834/359000 i1=52 t1=37 m2=-8919/-469000 i2=-346 t2=36 steerMode=-55000/-53963 iSteer=-147175 driveMode=414000/414048 iDrive=198721 scale=0 wheel=1204364 ffS=0
2026-07-07T16:38:09.665+00:00 VCP run=1 step=0 angle=247148 target=239600 err=-7548 steer=-15097 m1=7476/408929 i1=1429 t1=37 m2=-8658/-450446 i2=499 t2=36 steerMode=-20758/-41428 iSteer=963896 driveMode=429688/421243 iDrive=464783 scale=0 wheel=1250000 ffS=0
2026-07-07T16:38:09.778+00:00 VCP SET_TARGET_RX steer=239600 wheel=1250000
2026-07-07T16:38:09.778+00:00 VCP run=1 step=0 angle=243018 target=239600 err=-3418 steer=-6835 m1=8079/420289 i1=-14 t1=37 m2=-8358/-439086 i2=-333 t2=36 steerMode=-9398/-7008 iSteer=-173149 driveMode=429688/431526 iDrive=159614 scale=0 wheel=1250000 ffS=0
2026-07-07T16:38:09.881+00:00 VCP run=1 step=0 angle=240117 target=239600 err=-517 steer=-1034 m1=8169/428265 i1=184 t1=37 m2=-8231/-431110 i2=-128 t2=36 steerMode=-1422/-2900 iSteer=27844 driveMode=429688/431527 iDrive=155711 scale=0 wheel=1250000 ffS=0
2026-07-07T16:38:09.984+00:00 VCP run=1 step=0 angle=240205 target=239600 err=-605 steer=-1210 m1=8188/428024 i1=14 t1=37 m2=-8187/-431351 i2=-311 t2=36 steerMode=-1664/396 iSteer=-148729 driveMode=429688/431194 iDrive=162463 scale=0 wheel=1250000 ffS=0
2026-07-07T16:38:10.087+00:00 VCP run=1 step=0 angle=239766 target=239600 err=-166 steer=0 m1=8205/429688 i1=113 t1=37 m2=-8181/-429688 i2=-192 t2=36 steerMode=0/-96 iSteer=-39882 driveMode=429688/431416 iDrive=152583 scale=0 wheel=1250000 ffS=0
2026-07-07T16:38:10.188+00:00 VCP run=1 step=0 angle=239678 target=239600 err=-78 steer=0 m1=8186/429688 i1=105 t1=37 m2=-8195/-429688 i2=-201 t2=36 steerMode=0/54 iSteer=-47982 driveMode=429688/431308 iDrive=152769 scale=0 wheel=1250000 ffS=0
2026-07-07T16:38:10.188+00:00 VCP SET_TARGET_RX steer=239600 wheel=1250000
2026-07-07T16:38:10.292+00:00 VCP run=1 step=0 angle=239502 target=239600 err=98 steer=0 m1=8196/429688 i1=110 t1=37 m2=-8199/-429688 i2=-203 t2=36 steerMode=0/17 iSteer=-46511 driveMode=429688/431140 iDrive=156413 scale=0 wheel=1250000 ffS=0
2026-07-07T16:38:10.396+00:00 VCP run=1 step=0 angle=239502 target=239600 err=98 steer=0 m1=8194/429688 i1=109 t1=37 m2=-8191/-429688 i2=-205 t2=37 steerMode=0/44 iSteer=-47942 driveMode=429688/431111 iDrive=157288 scale=0 wheel=1250000 ffS=0
2026-07-07T16:38:10.578+00:00 VCP run=1 step=0 angle=229922 target=198700 err=-31222 steer=-40000 m1=6955/359000 i1=-893 t1=37 m2=-9133/-469000 i2=-445 t2=37 steerMode=-55000/-43729 iSteer=-668803 driveMode=414000/428132 iDrive=-223970 scale=0 wheel=1204364 ffS=0
2026-07-07T16:38:10.578+00:00 VCP run=1 step=0 angle=205752 target=198700 err=-7052 steer=-14104 m1=7514/410295 i1=1535 t1=37 m2=-8601/-449080 i2=567 t2=37 steerMode=-19393/-41836 iSteer=1051137 driveMode=429688/420605 iDrive=483915 scale=0 wheel=1250000 ffS=0
2026-07-07T16:38:10.677+00:00 VCP run=1 step=0 angle=201885 target=198700 err=-3185 steer=-6370 m1=8054/420929 i1=35 t1=37 m2=-8373/-438446 i2=-276 t2=37 steerMode=-8758/-7497 iSteer=-120539 driveMode=429688/431688 iDrive=155041 scale=0 wheel=1250000 ffS=0
2026-07-07T16:38:10.677+00:00 VCP SET_TARGET_RX steer=198700 wheel=1250000
2026-07-07T16:38:10.781+00:00 VCP run=1 step=0 angle=199072 target=198700 err=-372 steer=0 m1=8198/429688 i1=235 t1=37 m2=-8216/-429688 i2=-63 t2=37 steerMode=0/-2703 iSteer=86087 driveMode=429688/431765 iDrive=148606 scale=0 wheel=1250000 ffS=0
2026-07-07T16:38:10.884+00:00 VCP run=1 step=0 angle=198721 target=198700 err=-21 steer=0 m1=8173/429688 i1=123 t1=37 m2=-8218/-429688 i2=-178 t2=37 steerMode=0/-441 iSteer=-27531 driveMode=429688/431570 iDrive=150891 scale=0 wheel=1250000 ffS=0
2026-07-07T16:38:10.988+00:00 VCP run=1 step=0 angle=198809 target=198700 err=-109 steer=0 m1=8175/429688 i1=109 t1=37 m2=-8187/-429688 i2=-206 t2=37 steerMode=0/-8 iSteer=-48656 driveMode=429688/431241 iDrive=157482 scale=0 wheel=1250000 ffS=0
2026-07-07T16:38:11.092+00:00 VCP run=1 step=0 angle=198809 target=198700 err=-109 steer=0 m1=8192/429688 i1=96 t1=37 m2=-8193/-429688 i2=-208 t2=37 steerMode=0/136 iSteer=-55710 driveMode=429688/431329 iDrive=152102 scale=0 wheel=1250000 ffS=0
2026-07-07T16:38:11.192+00:00 VCP run=1 step=0 angle=198896 target=198700 err=-196 steer=0 m1=8188/429688 i1=114 t1=37 m2=-8197/-429688 i2=-190 t2=37 steerMode=0/-213 iSteer=-37827 driveMode=429688/431277 iDrive=152318 scale=0 wheel=1250000 ffS=0
2026-07-07T16:38:11.192+00:00 VCP SET_TARGET_RX steer=198700 wheel=1250000
2026-07-07T16:38:11.377+00:00 VCP run=1 step=0 angle=198369 target=198700 err=331 steer=0 m1=8196/429688 i1=102 t1=37 m2=-8168/-429688 i2=-236 t2=37 steerMode=0/384 iSteer=-66908 driveMode=429688/430721 iDrive=168989 scale=0 wheel=1250000 ffS=0
2026-07-07T16:38:11.377+00:00 VCP run=1 step=0 angle=198457 target=198700 err=243 steer=0 m1=8180/429688 i1=111 t1=37 m2=-8195/-429688 i2=-195 t2=37 steerMode=0/-108 iSteer=-42116 driveMode=429688/431247 iDrive=153228 scale=0 wheel=1250000 ffS=0
2026-07-07T16:38:11.481+00:00 VCP run=1 step=0 angle=198457 target=198700 err=243 steer=0 m1=8196/429688 i1=43 t1=37 m2=-8174/-429688 i2=-283 t2=37 steerMode=0/1483 iSteer=-119999 driveMode=429688/430905 iDrive=163462 scale=0 wheel=1250000 ffS=0
2026-07-07T16:38:11.584+00:00 VCP run=1 step=0 angle=198105 target=198700 err=595 steer=1189 m1=8211/431323 i1=189 t1=37 m2=-8197/-428053 i2=-121 t2=37 steerMode=1635/48 iSteer=34011 driveMode=429688/431183 iDrive=155123 scale=0 wheel=1250000 ffS=0
2026-07-07T16:38:11.684+00:00 VCP run=1 step=0 angle=198193 target=198700 err=507 steer=1013 m1=8194/431081 i1=177 t1=37 m2=-8195/-428294 i2=-131 t2=37 steerMode=1393/18 iSteer=22983 driveMode=429688/431229 iDrive=153759 scale=0 wheel=1250000 ffS=0
2026-07-07T16:38:11.684+00:00 VCP SET_TARGET_RX steer=198700 wheel=1250000
2026-07-07T16:38:11.788+00:00 VCP run=1 step=0 angle=198281 target=198700 err=419 steer=0 m1=8192/429688 i1=99 t1=37 m2=-8195/-429688 i2=-211 t2=37 steerMode=0/201 iSteer=-55932 driveMode=429688/431183 iDrive=155134 scale=0 wheel=1250000 ffS=0
2026-07-07T16:38:11.891+00:00 VCP run=1 step=0 angle=198193 target=198700 err=507 steer=1013 m1=8200/431081 i1=143 t1=37 m2=-8166/-428294 i2=-168 t2=37 steerMode=1393/753 iSteer=-12551 driveMode=429688/431181 iDrive=155182 scale=0 wheel=1250000 ffS=0
2026-07-07T16:38:12.076+00:00 VCP run=1 step=0 angle=197930 target=198700 err=770 steer=1541 m1=8219/451056 i1=796 t1=37 m2=-8214/-446819 i2=-668 t2=37 steerMode=2118/-49 iSteer=63926 driveMode=448938/431276 iDrive=732338 scale=0 wheel=1306000 ffS=0
2026-07-07T16:38:12.077+00:00 VCP run=1 step=0 angle=198457 target=198700 err=243 steer=0 m1=8634/453750 i1=192 t1=37 m2=-8647/-453750 i2=-283 t2=37 steerMode=0/-1 iSteer=-45365 driveMode=453750/453230 iDrive=237676 scale=0 wheel=1320000 ffS=0
2026-07-07T16:38:12.177+00:00 VCP run=1 step=0 angle=198545 target=198700 err=155 steer=0 m1=8671/453750 i1=79 t1=37 m2=-8647/-453750 i2=-249 t2=37 steerMode=0/824 iSteer=-85047 driveMode=453750/455608 iDrive=163701 scale=0 wheel=1320000 ffS=0
2026-07-07T16:38:12.177+00:00 VCP SET_TARGET_RX steer=198700 wheel=1320000
2026-07-07T16:38:12.280+00:00 VCP run=1 step=0 angle=198281 target=198700 err=419 steer=0 m1=8659/453750 i1=107 t1=37 m2=-8630/-453750 i2=-247 t2=37 steerMode=0/534 iSteer=-69886 driveMode=453750/455061 iDrive=177373 scale=0 wheel=1320000 ffS=0
2026-07-07T16:38:12.384+00:00 VCP run=1 step=0 angle=198018 target=198700 err=682 steer=1365 m1=8665/455627 i1=207 t1=37 m2=-8641/-451873 i2=-143 t2=37 steerMode=1877/389 iSteer=32081 driveMode=453750/455052 iDrive=175250 scale=0 wheel=1320000 ffS=0
2026-07-07T16:38:12.488+00:00 VCP run=1 step=0 angle=198281 target=198700 err=419 steer=0 m1=8642/453750 i1=138 t1=37 m2=-8643/-453750 i2=-210 t2=37 steerMode=0/-156 iSteer=-36099 driveMode=453750/455014 iDrive=173931 scale=0 wheel=1320000 ffS=0
2026-07-07T16:38:12.591+00:00 VCP run=1 step=0 angle=198457 target=198700 err=243 steer=0 m1=8650/453750 i1=92 t1=37 m2=-8630/-453750 i2=-266 t2=37 steerMode=0/889 iSteer=-87103 driveMode=453750/454786 iDrive=178800 scale=0 wheel=1320000 ffS=0
2026-07-07T16:38:12.692+00:00 VCP run=1 step=0 angle=198369 target=198700 err=331 steer=0 m1=8663/453750 i1=99 t1=37 m2=-8612/-453750 i2=-260 t2=37 steerMode=0/772 iSteer=-80705 driveMode=453750/454715 iDrive=179211 scale=0 wheel=1320000 ffS=0
2026-07-07T16:38:12.692+00:00 VCP SET_TARGET_RX steer=277700 wheel=1320000
2026-07-07T16:38:12.795+00:00 VCP run=1 step=0 angle=198193 target=277700 err=79507 steer=8400 m1=8667/465300 i1=685 t1=37 m2=-8603/-442200 i2=327 t2=37 steerMode=11550/644 iSteer=506020 driveMode=453750/454647 iDrive=179421 scale=0 wheel=1320000 ffS=0
2026-07-07T16:38:12.795+00:00 VCP run=1 step=0 angle=211816 target=277700 err=65884 steer=40000 m1=9151/469000 i1=-87 t1=37 m2=-6820/-359000 i2=424 t2=37 steerMode=55000/51984 iSteer=168365 driveMode=414000/429173 iDrive=-255199 scale=0 wheel=1204364 ffS=0
2026-07-07T16:38:12.978+00:00 VCP run=1 step=0 angle=237393 target=277700 err=40307 steer=40000 m1=8891/469000 i1=185 t1=37 m2=-6825/-359000 i2=-275 t2=37 steerMode=55000/56090 iSteer=-45207 driveMode=414000/413022 iDrive=229994 scale=0 wheel=1204364 ffS=0
2026-07-07T16:38:13.081+00:00 VCP run=1 step=0 angle=260420 target=277700 err=17280 steer=34560 m1=8937/469000 i1=55 t1=37 m2=-6852/-373959 i2=-723 t2=37 steerMode=47520/54396 iSteer=-333918 driveMode=421480/415214 iDrive=388884 scale=0 wheel=1226123 ffS=0
2026-07-07T16:38:13.180+00:00 VCP run=1 step=0 angle=273691 target=277700 err=4009 steer=8017 m1=8738/464774 i1=259 t1=37 m2=-8440/-442726 i2=-770 t2=37 steerMode=11024/15444 iSteer=-255825 driveMode=453750/444498 iDrive=514382 scale=0 wheel=1320000 ffS=0
2026-07-07T16:38:13.180+00:00 VCP SET_TARGET_RX steer=277700 wheel=1320000
2026-07-07T16:38:13.283+00:00 VCP run=1 step=0 angle=276152 target=277700 err=1548 steer=3095 m1=8799/458006 i1=-6 t1=37 m2=-8543/-449494 i2=-286 t2=37 steerMode=4256/6487 iSteer=-146224 driveMode=453750/456947 iDrive=140174 scale=0 wheel=1320000 ffS=0
2026-07-07T16:38:13.387+00:00 VCP run=1 step=0 angle=277383 target=277700 err=317 steer=0 m1=8686/453750 i1=11 t1=37 m2=-8620/-453750 i2=-339 t2=37 steerMode=0/2502 iSteer=-164353 driveMode=453750/455637 iDrive=175102 scale=0 wheel=1320000 ffS=0
2026-07-07T16:38:13.490+00:00 VCP run=1 step=0 angle=276943 target=277700 err=757 steer=1200 m1=8659/455400 i1=204 t1=37 m2=-8637/-452100 i2=-155 t2=37 steerMode=1650/367 iSteer=24431 driveMode=453750/455393 iDrive=179512 scale=0 wheel=1320000 ffS=0
2026-07-07T16:38:13.663+00:00 VCP run=1 step=0 angle=277647 target=277700 err=54 steer=0 m1=8652/453750 i1=99 t1=37 m2=-8649/-453750 i2=-269 t2=37 steerMode=0/885 iSteer=-84816 driveMode=453750/455143 iDrive=184239 scale=0 wheel=1320000 ffS=0
2026-07-07T16:38:13.663+00:00 VCP run=1 step=0 angle=277295 target=277700 err=405 steer=0 m1=8652/453750 i1=140 t1=38 m2=-8643/-453750 i2=-221 t2=37 steerMode=0/3 iSteer=-40672 driveMode=453750/455182 iDrive=180185 scale=0 wheel=1320000 ffS=0
2026-07-07T16:38:13.776+00:00 VCP SET_TARGET_RX steer=277700 wheel=1320000
2026-07-07T16:38:13.776+00:00 VCP run=1 step=0 angle=277471 target=277700 err=229 steer=0 m1=8648/453750 i1=135 t1=38 m2=-8649/-453750 i2=-236 t2=37 steerMode=0/194 iSteer=-50613 driveMode=453750/454921 iDrive=185600 scale=0 wheel=1320000 ffS=0
2026-07-07T16:38:13.878+00:00 VCP run=1 step=0 angle=275801 target=254500 err=-21301 steer=-32400 m1=8000/379900 i1=-2217 t1=38 m2=-9047/-469000 i2=-929 t2=37 steerMode=-44550/-14526 iSteer=-1572793 driveMode=424450/452864 iDrive=-644013 scale=0 wheel=1234764 ffS=0
2026-07-07T16:38:13.981+00:00 VCP run=1 step=0 angle=257871 target=254500 err=-3371 steer=-6742 m1=8177/444480 i1=1531 t1=38 m2=-8687/-463021 i2=165 t2=37 steerMode=-9270/-27174 iSteer=848309 driveMode=453750/438198 iDrive=683171 scale=0 wheel=1320000 ffS=0
2026-07-07T16:38:14.084+00:00 VCP run=1 step=0 angle=256729 target=254500 err=-2229 steer=-4457 m1=8560/447622 i1=4 t1=38 m2=-8766/-459878 i2=-343 t2=37 steerMode=-6128/-3651 iSteer=-169686 driveMode=453750/455440 iDrive=173674 scale=0 wheel=1320000 ffS=0
2026-07-07T16:38:14.184+00:00 VCP run=1 step=0 angle=254531 target=254500 err=-31 steer=0 m1=8661/453750 i1=180 t1=38 m2=-8620/-453750 i2=-154 t2=37 steerMode=0/-1045 iSteer=13095 driveMode=453750/455542 iDrive=166745 scale=0 wheel=1320000 ffS=0
2026-07-07T16:38:14.184+00:00 VCP SET_TARGET_RX steer=254500 wheel=1320000
2026-07-07T16:38:14.287+00:00 VCP run=1 step=0 angle=254707 target=254500 err=-207 steer=0 m1=8650/453750 i1=117 t1=38 m2=-8645/-453750 i2=-245 t2=37 steerMode=0/466 iSteer=-63939 driveMode=453750/454994 iDrive=180688 scale=0 wheel=1320000 ffS=0
2026-07-07T16:38:14.391+00:00 VCP run=1 step=0 angle=254707 target=254500 err=-207 steer=0 m1=8640/453750 i1=171 t1=38 m2=-8639/-453750 i2=-186 t2=37 steerMode=0/-696 iSteer=-7295 driveMode=453750/454986 iDrive=178650 scale=0 wheel=1320000 ffS=0
2026-07-07T16:38:14.577+00:00 VCP run=1 step=0 angle=254619 target=254500 err=-119 steer=0 m1=8640/453750 i1=134 t1=38 m2=-8645/-453750 i2=-238 t2=37 steerMode=0/198 iSteer=-51979 driveMode=453750/454667 iDrive=185999 scale=0 wheel=1320000 ffS=0
2026-07-07T16:38:14.577+00:00 VCP run=1 step=0 angle=254355 target=254500 err=145 steer=0 m1=8646/453750 i1=129 t1=38 m2=-8633/-453750 i2=-221 t2=37 steerMode=0/80 iSteer=-46225 driveMode=453750/454966 iDrive=174787 scale=0 wheel=1320000 ffS=0
2026-07-07T16:38:14.680+00:00 VCP run=1 step=0 angle=254268 target=254500 err=232 steer=0 m1=8646/453750 i1=127 t1=38 m2=-8647/-453750 i2=-216 t2=37 steerMode=0/47 iSteer=-44728 driveMode=453750/455011 iDrive=171283 scale=0 wheel=1320000 ffS=0
2026-07-07T16:38:14.781+00:00 VCP run=1 step=0 angle=254092 target=254500 err=408 steer=0 m1=8655/453750 i1=125 t1=38 m2=-8643/-453750 i2=-221 t2=37 steerMode=0/109 iSteer=-48269 driveMode=453750/454897 iDrive=172843 scale=0 wheel=1320000 ffS=0
2026-07-07T16:38:14.781+00:00 VCP SET_TARGET_RX steer=254500 wheel=1320000
2026-07-07T16:38:14.884+00:00 VCP run=1 step=0 angle=254268 target=254500 err=232 steer=0 m1=8638/453750 i1=126 t1=38 m2=-8635/-453750 i2=-236 t2=37 steerMode=0/246 iSteer=-54816 driveMode=453750/454566 iDrive=180942 scale=0 wheel=1320000 ffS=0
2026-07-07T16:38:14.988+00:00 VCP run=1 step=0 angle=254004 target=254500 err=496 steer=568 m1=8661/454531 i1=143 t1=38 m2=-8605/-452969 i2=-206 t2=37 steerMode=781/578 iSteer=-31484 driveMode=453750/454718 iDrive=174525 scale=0 wheel=1320000 ffS=0
2026-07-07T16:38:15.092+00:00 VCP run=1 step=0 angle=254092 target=254500 err=408 steer=0 m1=8636/453750 i1=130 t1=38 m2=-8635/-453750 i2=-214 t2=37 steerMode=0/-16 iSteer=-42262 driveMode=453750/454745 iDrive=172177 scale=0 wheel=1320000 ffS=0
2026-07-07T16:38:15.194+00:00 VCP run=1 step=0 angle=253652 target=216100 err=-37552 steer=-20400 m1=8424/412900 i1=-1478 t1=38 m2=-8848/-469000 i2=-1046 t2=37 steerMode=-28050/-3955 iSteer=-1261735 driveMode=440950/454816 iDrive=-215969 scale=0 wheel=1282764 ffS=0
2026-07-07T16:38:15.293+00:00 VCP run=1 step=0 angle=233613 target=216100 err=-17513 steer=-35027 m1=6790/372677 i1=492 t1=38 m2=-9072/-469000 i2=259 t2=37 steerMode=-48162/-57650 iSteer=375620 driveMode=420838/423623 iDrive=116462 scale=0 wheel=1224258 ffS=0
2026-07-07T16:38:15.293+00:00 VCP SET_TARGET_RX steer=216100 wheel=1320000
2026-07-07T16:38:15.476+00:00 VCP run=1 step=0 angle=219639 target=216100 err=-3539 steer=-7077 m1=8395/444019 i1=813 t1=38 m2=-8645/-463481 i2=-436 t2=37 steerMode=-9731/-14396 iSteer=188472 driveMode=453750/440857 iDrive=624763 scale=0 wheel=1320000 ffS=0
2026-07-07T16:38:15.476+00:00 VCP run=1 step=0 angle=217529 target=216100 err=-1429 steer=-2859 m1=8577/449820 i1=164 t1=38 m2=-8781/-457681 i2=-113 t2=37 steerMode=-3931/-5343 iSteer=25777 driveMode=453750/457135 iDrive=138693 scale=0 wheel=1320000 ffS=0
2026-07-07T16:38:15.580+00:00 VCP run=1 step=0 angle=216475 target=216100 err=-375 steer=0 m1=8659/453750 i1=174 t1=38 m2=-8641/-453750 i2=-188 t2=37 steerMode=0/-672 iSteer=-7190 driveMode=453750/455576 iDrive=180830 scale=0 wheel=1320000 ffS=0
2026-07-07T16:38:15.683+00:00 VCP run=1 step=0 angle=216387 target=216100 err=-287 steer=0 m1=8650/453750 i1=138 t1=38 m2=-8666/-453750 i2=-217 t2=37 steerMode=0/-35 iSteer=-39510 driveMode=453750/455570 iDrive=177456 scale=0 wheel=1320000 ffS=0
2026-07-07T16:38:15.784+00:00 VCP run=1 step=0 angle=216123 target=216100 err=-23 steer=0 m1=8657/453750 i1=124 t1=38 m2=-8639/-453750 i2=-233 t2=37 steerMode=0/265 iSteer=-54893 driveMode=453750/455432 iDrive=178487 scale=0 wheel=1320000 ffS=0
2026-07-07T16:38:15.784+00:00 VCP SET_TARGET_RX steer=216100 wheel=1320000
2026-07-07T16:38:15.887+00:00 VCP run=1 step=0 angle=215859 target=216100 err=241 steer=0 m1=8652/453750 i1=134 t1=38 m2=-8653/-453750 i2=-208 t2=37 steerMode=0/-91 iSteer=-37264 driveMode=453750/455578 iDrive=170942 scale=0 wheel=1320000 ffS=0
2026-07-07T16:38:15.991+00:00 VCP run=1 step=0 angle=216299 target=216100 err=-199 steer=0 m1=8642/453750 i1=134 t1=38 m2=-8645/-453750 i2=-229 t2=37 steerMode=0/107 iSteer=-47694 driveMode=453750/455139 iDrive=181325 scale=0 wheel=1320000 ffS=0
2026-07-07T16:38:16.177+00:00 VCP run=1 step=0 angle=215947 target=216100 err=153 steer=0 m1=8650/453750 i1=131 t1=38 m2=-8662/-453750 i2=-217 t2=37 steerMode=0/4 iSteer=-42811 driveMode=453750/455277 iDrive=174291 scale=0 wheel=1320000 ffS=0
2026-07-07T16:38:16.177+00:00 VCP run=1 step=0 angle=215771 target=216100 err=329 steer=0 m1=8657/453750 i1=123 t1=38 m2=-8649/-453750 i2=-225 t2=37 steerMode=0/170 iSteer=-50981 driveMode=453750/455204 iDrive=173571 scale=0 wheel=1320000 ffS=0
2026-07-07T16:38:16.277+00:00 VCP run=1 step=0 angle=215596 target=216100 err=504 steer=600 m1=8676/454575 i1=114 t1=38 m2=-8626/-452925 i2=-221 t2=37 steerMode=825/1075 iSteer=-53581 driveMode=453750/455328 iDrive=167106 scale=0 wheel=1320000 ffS=0
2026-07-07T16:38:16.277+00:00 VCP SET_TARGET_RX steer=216100 wheel=1320000
2026-07-07T16:38:16.380+00:00 VCP run=1 step=0 angle=215508 target=216100 err=592 steer=1184 m1=8648/455379 i1=217 t1=38 m2=-8643/-452122 i2=-138 t2=37 steerMode=1629/8 iSteer=39385 driveMode=453750/454895 iDrive=177578 scale=0 wheel=1320000 ffS=0
2026-07-07T16:38:16.483+00:00 VCP run=1 step=0 angle=226143 target=279000 err=52857 steer=40000 m1=9169/469000 i1=95 t1=38 m2=-6940/-359000 i2=897 t2=37 steerMode=55000/45436 iSteer=495898 driveMode=414000/434044 iDrive=-401324 scale=0 wheel=1204364 ffS=0
2026-07-07T16:38:16.586+00:00 VCP run=1 step=0 angle=252422 target=279000 err=26578 steer=40000 m1=8893/469000 i1=138 t1=38 m2=-6806/-359000 i2=-333 t2=37 steerMode=55000/57136 iSteer=-97085 driveMode=414000/412836 iDrive=235442 scale=0 wheel=1204364 ffS=0
2026-07-07T16:38:16.689+00:00 VCP run=1 step=0 angle=271758 target=279000 err=7242 steer=14484 m1=8763/469000 i1=64 t1=38 m2=-7787/-429168 i2=-1700 t2=37 steerMode=19916/35891 iSteer=-818151 driveMode=449084/427131 iDrive=881867 scale=0 wheel=1306426 ffS=0
2026-07-07T16:38:16.788+00:00 VCP run=1 step=0 angle=276064 target=279000 err=2936 steer=5871 m1=8839/461823 i1=145 t1=38 m2=-8536/-445677 i2=-203 t2=37 steerMode=8073/8060 iSteer=-29340 driveMode=453750/455876 iDrive=173843 scale=0 wheel=1320000 ffS=0
2026-07-07T16:38:16.788+00:00 VCP SET_TARGET_RX steer=279000 wheel=1320000
2026-07-07T16:38:16.891+00:00 VCP run=1 step=0 angle=278438 target=279000 err=563 steer=600 m1=8688/454575 i1=-17 t1=38 m2=-8601/-452925 i2=-375 t2=37 steerMode=825/4023 iSteer=-195919 driveMode=453750/455532 iDrive=179334 scale=0 wheel=1320000 ffS=0
2026-07-07T16:38:17.076+00:00 VCP run=1 step=0 angle=277998 target=279000 err=1002 steer=2004 m1=8699/456505 i1=232 t1=38 m2=-8620/-450995 i2=-117 t2=37 steerMode=2755/898 iSteer=57345 driveMode=453750/455573 iDrive=174772 scale=0 wheel=1320000 ffS=0
2026-07-07T16:38:17.076+00:00 VCP run=1 step=0 angle=278877 target=279000 err=123 steer=0 m1=8655/453750 i1=114 t1=38 m2=-8658/-453750 i2=-236 t2=37 steerMode=0/434 iSteer=-60687 driveMode=453750/455469 iDrive=175019 scale=0 wheel=1320000 ffS=0
2026-07-07T16:38:17.180+00:00 VCP run=1 step=0 angle=278789 target=279000 err=211 steer=0 m1=8659/453750 i1=119 t1=38 m2=-8651/-453750 i2=-227 t2=37 steerMode=0/285 iSteer=-53741 driveMode=453750/455442 iDrive=172899 scale=0 wheel=1320000 ffS=0
2026-07-07T16:38:17.280+00:00 VCP run=1 step=0 angle=279141 target=279000 err=-141 steer=0 m1=8648/453750 i1=124 t1=38 m2=-8630/-453750 i2=-235 t2=37 steerMode=0/318 iSteer=-55897 driveMode=453750/455127 iDrive=179506 scale=0 wheel=1320000 ffS=0
2026-07-07T16:38:17.280+00:00 VCP SET_TARGET_RX steer=279000 wheel=1320000
2026-07-07T16:38:17.384+00:00 VCP run=1 step=0 angle=278701 target=279000 err=299 steer=0 m1=8648/453750 i1=115 t1=37 m2=-8630/-453750 i2=-233 t2=37 steerMode=0/366 iSteer=-59027 driveMode=453750/455229 iDrive=173950 scale=0 wheel=1320000 ffS=0
2026-07-07T16:38:17.488+00:00 VCP run=1 step=0 angle=278877 target=279000 err=123 steer=0 m1=8655/453750 i1=122 t1=37 m2=-8633/-453750 i2=-239 t2=37 steerMode=0/342 iSteer=-58691 driveMode=453750/454936 iDrive=180752 scale=0 wheel=1320000 ffS=0
2026-07-07T16:38:17.592+00:00 VCP run=1 step=0 angle=279053 target=279000 err=-53 steer=0 m1=8646/453750 i1=125 t1=37 m2=-8647/-453750 i2=-231 t2=37 steerMode=0/212 iSteer=-53164 driveMode=453750/454946 iDrive=178237 scale=0 wheel=1320000 ffS=0
2026-07-07T16:38:17.702+00:00 VCP run=1 step=0 angle=279229 target=279000 err=-229 steer=0 m1=8644/453750 i1=118 t1=37 m2=-8628/-453750 i2=-255 t2=37 steerMode=0/504 iSteer=-68583 driveMode=453750/454609 iDrive=186373 scale=0 wheel=1320000 ffS=0
2026-07-07T16:38:17.702+00:00 VCP run=1 step=0 angle=283799 target=307700 err=23901 steer=40000 m1=9142/469000 i1=557 t1=37 m2=-7364/-359000 i2=1946 t2=38 steerMode=55000/30044 iSteer=1251838 driveMode=414000/443818 iDrive=-694539 scale=0 wheel=1204364 ffS=0
2026-07-07T16:38:17.794+00:00 VCP SET_TARGET_RX steer=307700 wheel=1320000
2026-07-07T16:38:17.978+00:00 VCP run=1 step=0 angle=304277 target=307700 err=3423 steer=6845 m1=8669/463162 i1=-120 t1=37 m2=-8264/-444338 i2=-1641 t2=38 steerMode=9412/26147 iSteer=-880655 driveMode=453750/435980 iDrive=760354 scale=0 wheel=1320000 ffS=0
2026-07-07T16:38:17.978+00:00 VCP run=1 step=0 angle=305068 target=307700 err=2632 steer=5263 m1=8835/460987 i1=146 t1=37 m2=-8528/-446513 i2=-133 t2=38 steerMode=7237/6306 iSteer=6806 driveMode=453750/456845 iDrive=139405 scale=0 wheel=1320000 ffS=0
2026-07-07T16:38:18.081+00:00 VCP run=1 step=0 angle=307090 target=307700 err=610 steer=1220 m1=8692/455428 i1=34 t1=37 m2=-8616/-452072 i2=-307 t2=38 steerMode=1678/3501 iSteer=-136656 driveMode=453750/455656 iDrive=170419 scale=0 wheel=1320000 ffS=0
2026-07-07T16:38:18.185+00:00 VCP run=1 step=0 angle=307441 target=307700 err=259 steer=0 m1=8646/453750 i1=145 t1=37 m2=-8643/-453750 i2=-212 t2=38 steerMode=0/-279 iSteer=-33413 driveMode=453750/455282 iDrive=178404 scale=0 wheel=1320000 ffS=0
2026-07-07T16:38:18.285+00:00 VCP run=1 step=0 angle=307178 target=307700 err=522 steer=600 m1=8659/454575 i1=160 t1=37 m2=-8662/-452925 i2=-176 t2=38 steerMode=825/36 iSteer=-8181 driveMode=453750/455539 iDrive=168198 scale=0 wheel=1320000 ffS=0
2026-07-07T16:38:18.285+00:00 VCP SET_TARGET_RX steer=307700 wheel=1320000
2026-07-07T16:38:18.389+00:00 VCP run=1 step=0 angle=307617 target=307700 err=83 steer=0 m1=8657/453750 i1=97 t1=37 m2=-8641/-453750 i2=-255 t2=38 steerMode=0/637 iSteer=-79097 driveMode=453750/455197 iDrive=175645 scale=0 wheel=1320000 ffS=0
2026-07-07T16:38:18.492+00:00 VCP run=1 step=0 angle=307178 target=307700 err=522 steer=1045 m1=8673/455186 i1=134 t1=37 m2=-8603/-452314 i2=-228 t2=38 steerMode=1436/1465 iSteer=-46976 driveMode=453750/454918 iDrive=181420 scale=0 wheel=1320000 ffS=0
2026-07-07T16:38:18.678+00:00 VCP run=1 step=0 angle=307529 target=307700 err=171 steer=0 m1=8646/453750 i1=123 t1=37 m2=-8635/-453750 i2=-242 t2=38 steerMode=0/229 iSteer=-59461 driveMode=453750/454808 iDrive=182372 scale=0 wheel=1320000 ffS=0
2026-07-07T16:38:18.678+00:00 VCP run=1 step=0 angle=307441 target=307700 err=259 steer=0 m1=8636/453750 i1=119 t1=37 m2=-8643/-453750 i2=-229 t2=38 steerMode=0/124 iSteer=-54670 driveMode=453750/455024 iDrive=173848 scale=0 wheel=1320000 ffS=0
2026-07-07T16:38:18.778+00:00 VCP run=1 step=0 angle=307617 target=307700 err=83 steer=0 m1=8870/467500 i1=285 t1=37 m2=-8900/-467500 i2=-349 t2=38 steerMode=0/-328 iSteer=-32268 driveMode=467500/464390 iDrive=316968 scale=0 wheel=1360000 ffS=0
2026-07-07T16:38:18.778+00:00 VCP SET_TARGET_RX steer=307700 wheel=1360000
2026-07-07T16:38:18.881+00:00 VCP run=1 step=0 angle=307529 target=307700 err=171 steer=0 m1=8929/467500 i1=72 t1=37 m2=-8894/-467500 i2=-293 t2=38 steerMode=0/1255 iSteer=-110469 driveMode=467500/468834 iDrive=182567 scale=0 wheel=1360000 ffS=0
2026-07-07T16:38:18.985+00:00 VCP run=1 step=0 angle=307090 target=307700 err=610 steer=1220 m1=8927/469000 i1=214 t1=37 m2=-8907/-465644 i2=-144 t2=38 steerMode=1678/27 iSteer=35182 driveMode=467322/468685 iDrive=179120 scale=0 wheel=1359482 ffS=0
2026-07-07T16:38:19.089+00:00 VCP run=1 step=0 angle=307529 target=307700 err=171 steer=0 m1=8914/467500 i1=121 t1=37 m2=-8900/-467500 i2=-242 t2=38 steerMode=0/229 iSteer=-60379 driveMode=467500/468709 iDrive=181433 scale=0 wheel=1360000 ffS=0
2026-07-07T16:38:19.193+00:00 VCP run=1 step=0 angle=307441 target=307700 err=259 steer=0 m1=8929/467500 i1=113 t1=37 m2=-8900/-467500 i2=-240 t2=38 steerMode=0/284 iSteer=-63051 driveMode=467500/468812 iDrive=176450 scale=0 wheel=1360000 ffS=0
2026-07-07T16:38:19.293+00:00 VCP run=1 step=0 angle=307529 target=307700 err=171 steer=0 m1=8912/467500 i1=141 t1=37 m2=-8900/-467500 i2=-236 t2=38 steerMode=0/-27 iSteer=-47176 driveMode=467500/468351 iDrive=188353 scale=0 wheel=1360000 ffS=0
2026-07-07T16:38:19.293+00:00 VCP SET_TARGET_RX steer=307700 wheel=1360000
2026-07-07T16:38:19.478+00:00 VCP run=1 step=0 angle=307090 target=307700 err=610 steer=1220 m1=8943/469000 i1=145 t1=37 m2=-8831/-465644 i2=-242 t2=38 steerMode=1678/1727 iSteer=-48838 driveMode=467322/467937 iDrive=193357 scale=0 wheel=1359482 ffS=0
2026-07-07T16:38:19.478+00:00 VCP run=1 step=0 angle=307617 target=307700 err=83 steer=0 m1=8902/467500 i1=136 t1=37 m2=-8884/-467500 i2=-250 t2=38 steerMode=0/158 iSteer=-57212 driveMode=467500/468080 iDrive=193260 scale=0 wheel=1360000 ffS=0
2026-07-07T16:38:19.581+00:00 VCP run=1 step=0 angle=307354 target=307700 err=346 steer=0 m1=8904/467500 i1=131 t1=37 m2=-8879/-467500 i2=-241 t2=38 steerMode=0/111 iSteer=-55059 driveMode=467500/468280 iDrive=185867 scale=0 wheel=1360000 ffS=0
2026-07-07T16:38:19.685+00:00 VCP run=1 step=0 angle=307178 target=307700 err=522 steer=600 m1=8899/468325 i1=182 t1=37 m2=-8894/-466675 i2=-196 t2=38 steerMode=825/-35 iSteer=-6950 driveMode=467500/468145 iDrive=188978 scale=0 wheel=1360000 ffS=0
2026-07-07T16:38:19.784+00:00 VCP run=1 step=0 angle=309727 target=341100 err=31373 steer=34148 m1=9109/469000 i1=594 t1=37 m2=-7944/-375094 i2=2339 t2=38 steerMode=46953/17293 iSteer=1466184 driveMode=422047/457797 iDrive=-872495 scale=0 wheel=1227773 ffS=0
2026-07-07T16:38:19.784+00:00 VCP SET_TARGET_RX steer=341100 wheel=1360000
2026-07-07T16:38:19.887+00:00 VCP run=1 step=0 angle=333193 target=341100 err=7907 steer=15813 m1=8782/469000 i1=-431 t1=37 m2=-7406/-425513 i2=-2443 t2=38 steerMode=21743/49992 iSteer=-1436982 driveMode=447257/420824 iDrive=1005714 scale=0 wheel=1301111 ffS=0
2026-07-07T16:38:19.990+00:00 VCP run=1 step=0 angle=337676 target=341100 err=3424 steer=6848 m1=8889/469000 i1=438 t1=37 m2=-8635/-450167 i2=-129 t2=38 steerMode=9417/5516 iSteer=154374 driveMode=459583/458090 iDrive=283420 scale=0 wheel=1336970 ffS=0
2026-07-07T16:38:20.093+00:00 VCP run=1 step=0 angle=340576 target=341100 err=524 steer=1048 m1=8927/468941 i1=108 t1=37 m2=-8865/-466059 i2=-435 t2=38 steerMode=1441/3804 iSteer=-163556 driveMode=467500/466484 iDrive=271531 scale=0 wheel=1360000 ffS=0
2026-07-07T16:38:20.224+00:00 VCP run=1 step=0 angle=340576 target=341100 err=524 steer=1048 m1=8973/468941 i1=142 t1=37 m2=-8905/-466059 i2=-175 t2=38 steerMode=1441/886 iSteer=-16251 driveMode=467500/470148 iDrive=158398 scale=0 wheel=1360000 ffS=0
2026-07-07T16:38:20.224+00:00 VCP run=1 step=0 angle=340488 target=341100 err=612 steer=1223 m1=8945/469000 i1=178 t1=37 m2=-8919/-465636 i2=-115 t2=38 steerMode=1682/181 iSteer=31673 driveMode=467318/470180 iDrive=146637 scale=0 wheel=1359470 ffS=0
2026-07-07T16:38:20.377+00:00 VCP SET_TARGET_RX steer=341100 wheel=1360000
2026-07-07T16:38:20.377+00:00 VCP run=1 step=0 angle=340664 target=341100 err=436 steer=0 m1=8916/467500 i1=148 t1=37 m2=-8938/-467500 i2=-185 t2=38 steerMode=0/-513 iSteer=-18602 driveMode=467500/469551 iDrive=166743 scale=0 wheel=1360000 ffS=0
2026-07-07T16:38:20.481+00:00 VCP run=1 step=0 angle=340928 target=341100 err=172 steer=0 m1=8922/467500 i1=75 t1=37 m2=-8917/-467500 i2=-284 t2=38 steerMode=0/1259 iSteer=-104607 driveMode=467500/468997 iDrive=179344 scale=0 wheel=1360000 ffS=0
2026-07-07T16:38:20.585+00:00 VCP run=1 step=0 angle=340664 target=341100 err=436 steer=0 m1=8920/467500 i1=144 t1=37 m2=-8942/-467500 i2=-181 t2=38 steerMode=0/-455 iSteer=-18285 driveMode=467500/469453 iDrive=162427 scale=0 wheel=1360000 ffS=0
2026-07-07T16:38:20.689+00:00 VCP run=1 step=0 angle=340840 target=341100 err=260 steer=0 m1=8931/467500 i1=69 t1=37 m2=-8917/-467500 i2=-254 t2=38 steerMode=0/1066 iSteer=-92604 driveMode=467500/469351 iDrive=161830 scale=0 wheel=1360000 ffS=0
2026-07-07T16:38:20.788+00:00 VCP run=1 step=0 angle=340400 target=341100 err=700 steer=1399 m1=8948/469000 i1=185 t1=37 m2=-8909/-465152 i2=-106 t2=38 steerMode=1924/376 iSteer=39849 driveMode=467076/469349 iDrive=145584 scale=0 wheel=1358767 ffS=0
2026-07-07T16:38:20.789+00:00 VCP SET_TARGET_RX steer=298400 wheel=1360000
2026-07-07T16:38:20.890+00:00 VCP run=1 step=0 angle=340488 target=298400 err=-42088 steer=-20400 m1=8609/412900 i1=-1848 t1=37 m2=-9032/-469000 i2=-676 t2=38 steerMode=-28050/-3865 iSteer=-1262102 driveMode=440950/467223 iDrive=-586100 scale=0 wheel=1282764 ffS=0
2026-07-07T16:38:20.993+00:00 VCP run=1 step=0 angle=320010 target=298400 err=-21610 steer=-40000 m1=6771/359000 i1=-68 t1=37 m2=-9085/-469000 i2=148 t2=38 steerMode=-55000/-57701 iSteer=40064 driveMode=414000/424262 iDrive=-107871 scale=0 wheel=1204364 ffS=0
2026-07-07T16:38:21.176+00:00 VCP run=1 step=0 angle=302871 target=298400 err=-4471 steer=-8942 m1=8211/444409 i1=1287 t1=37 m2=-8685/-469000 i2=-438 t2=38 steerMode=-12295/-21685 iSteer=424330 driveMode=456705/435765 iDrive=862767 scale=0 wheel=1328595 ffS=0
2026-07-07T16:38:21.176+00:00 VCP run=1 step=0 angle=300410 target=298400 err=-2010 steer=-4020 m1=8765/457944 i1=180 t1=37 m2=-8953/-469000 i2=-288 t2=38 steerMode=-5528/-5251 iSteer=-54178 driveMode=463472/463970 iDrive=233982 scale=0 wheel=1348283 ffS=0
2026-07-07T16:38:21.276+00:00 VCP run=1 step=0 angle=298301 target=298400 err=99 steer=0 m1=8908/467500 i1=275 t1=37 m2=-8903/-467500 i2=-188 t2=38 steerMode=0/-1598 iSteer=43536 driveMode=467500/468042 iDrive=231611 scale=0 wheel=1360000 ffS=0
2026-07-07T16:38:21.276+00:00 VCP SET_TARGET_RX steer=298400 wheel=1360000
2026-07-07T16:38:21.379+00:00 VCP run=1 step=0 angle=298916 target=298400 err=-516 steer=-1032 m1=8893/466081 i1=107 t1=37 m2=-8969/-468919 i2=-245 t2=38 steerMode=-1419/-806 iSteer=-69450 driveMode=467500/469790 iDrive=175974 scale=0 wheel=1360000 ffS=0
2026-07-07T16:38:21.483+00:00 VCP run=1 step=0 angle=298564 target=298400 err=-164 steer=0 m1=8941/467500 i1=126 t1=37 m2=-8917/-467500 i2=-235 t2=37 steerMode=0/353 iSteer=-54480 driveMode=467500/469509 iDrive=180646 scale=0 wheel=1360000 ffS=0
2026-07-07T16:38:21.587+00:00 VCP run=1 step=0 angle=298564 target=298400 err=-164 steer=0 m1=8922/467500 i1=119 t1=37 m2=-8898/-467500 i2=-246 t2=37 steerMode=0/514 iSteer=-63276 driveMode=467500/469323 iDrive=182432 scale=0 wheel=1360000 ffS=0
2026-07-07T16:38:21.690+00:00 VCP run=1 step=0 angle=297861 target=298400 err=539 steer=1077 m1=8918/468981 i1=197 t1=37 m2=-8913/-466019 i2=-139 t2=37 steerMode=1481/140 iSteer=28995 driveMode=467500/469688 iDrive=167929 scale=0 wheel=1360000 ffS=0
2026-07-07T16:38:21.790+00:00 VCP run=1 step=0 angle=297861 target=298400 err=539 steer=1077 m1=8916/468981 i1=202 t1=37 m2=-8900/-466019 i2=-152 t2=37 steerMode=1481/194 iSteer=24688 driveMode=467500/469273 iDrive=177166 scale=0 wheel=1360000 ffS=0
2026-07-07T16:38:21.790+00:00 VCP SET_TARGET_RX steer=298400 wheel=1360000
2026-07-07T16:38:21.893+00:00 VCP run=1 step=0 angle=298652 target=298400 err=-252 steer=0 m1=8916/467500 i1=121 t1=37 m2=-8909/-467500 i2=-231 t2=37 steerMode=0/305 iSteer=-55393 driveMode=467500/469216 iDrive=176019 scale=0 wheel=1360000 ffS=0
2026-07-07T16:38:21.894+00:00 VCP run=1 step=0 angle=298301 target=298400 err=99 steer=0 m1=8912/467500 i1=133 t1=37 m2=-8888/-467500 i2=-236 t2=37 steerMode=0/220 iSteer=-51214 driveMode=467500/468841 iDrive=184334 scale=0 wheel=1360000 ffS=0
2026-07-07T16:38:22.079+00:00 VCP run=1 step=0 angle=298213 target=298400 err=187 steer=0 m1=8910/467500 i1=130 t1=37 m2=-8900/-467500 i2=-224 t2=37 steerMode=0/119 iSteer=-46795 driveMode=467500/468992 iDrive=177028 scale=0 wheel=1360000 ffS=0
2026-07-07T16:38:22.183+00:00 VCP run=1 step=0 angle=297773 target=298400 err=627 steer=1253 m1=8910/469000 i1=216 t1=38 m2=-8903/-465554 i2=-127 t2=37 steerMode=1723/19 iSteer=44230 driveMode=467277/468863 iDrive=171695 scale=0 wheel=1359351 ffS=0
2026-07-07T16:38:22.283+00:00 VCP run=1 step=0 angle=298652 target=298400 err=-252 steer=0 m1=8918/467500 i1=117 t1=38 m2=-8919/-467500 i2=-234 t2=37 steerMode=0/329 iSteer=-58696 driveMode=467500/468888 iDrive=175303 scale=0 wheel=1360000 ffS=0
2026-07-07T16:38:22.283+00:00 VCP SET_TARGET_RX steer=298400 wheel=1360000
2026-07-07T16:38:22.386+00:00 VCP run=1 step=0 angle=298564 target=298400 err=-164 steer=0 m1=8918/467500 i1=118 t1=38 m2=-8915/-467500 i2=-240 t2=37 steerMode=0/377 iSteer=-61128 driveMode=467500/468688 iDrive=179037 scale=0 wheel=1360000 ffS=0
2026-07-07T16:38:22.490+00:00 VCP run=1 step=0 angle=297949 target=298400 err=451 steer=0 m1=8918/467500 i1=104 t1=38 m2=-8877/-467500 i2=-278 t2=37 steerMode=0/896 iSteer=-87145 driveMode=467500/468235 iDrive=190649 scale=0 wheel=1360000 ffS=0
2026-07-07T16:38:22.592+00:00 VCP run=1 step=0 angle=289248 target=247900 err=-41348 steer=-40000 m1=7068/359000 i1=-1314 t1=38 m2=-9231/-469000 i2=-92 t2=37 steerMode=-55000/-43020 iSteer=-702758 driveMode=414000/441042 iDrive=-611246 scale=0 wheel=1204364 ffS=0
2026-07-07T16:38:22.742+00:00 VCP run=1 step=0 angle=262529 target=247900 err=-14629 steer=-29259 m1=6865/388539 i1=1436 t1=38 m2=-8854/-469000 i2=45 t2=37 steerMode=-40231/-56887 iSteer=740531 driveMode=428769/412403 iDrive=695213 scale=0 wheel=1247329 ffS=0
2026-07-07T16:38:22.742+00:00 VCP run=1 step=0 angle=251982 target=247900 err=-4082 steer=-8165 m1=8439/446547 i1=596 t1=38 m2=-8794/-469000 i2=-545 t2=37 steerMode=-11227/-12785 iSteer=25478 driveMode=457773/446919 iDrive=570522 scale=0 wheel=1331705 ffS=0
2026-07-07T16:38:22.794+00:00 VCP SET_TARGET_RX steer=247900 wheel=1360000
2026-07-07T16:38:22.978+00:00 VCP run=1 step=0 angle=248994 target=247900 err=-1094 steer=-2188 m1=8801/462982 i1=298 t1=38 m2=-8915/-469000 i2=-264 t2=37 steerMode=-3009/-4290 iSteer=17119 driveMode=465991/465061 iDrive=281129 scale=0 wheel=1355611 ffS=0
2026-07-07T16:38:22.978+00:00 VCP run=1 step=0 angle=248379 target=247900 err=-479 steer=0 m1=8933/467500 i1=142 t1=38 m2=-8930/-467500 i2=-242 t2=37 steerMode=0/110 iSteer=-49981 driveMode=467500/469515 iDrive=192063 scale=0 wheel=1360000 ffS=0
2026-07-07T16:38:23.082+00:00 VCP run=1 step=0 angle=248027 target=247900 err=-127 steer=0 m1=8941/467500 i1=138 t1=38 m2=-8917/-467500 i2=-227 t2=37 steerMode=0/-1 iSteer=-44236 driveMode=467500/469703 iDrive=182435 scale=0 wheel=1360000 ffS=0
2026-07-07T16:38:23.186+00:00 VCP run=1 step=0 angle=248115 target=247900 err=-215 steer=0 m1=8916/467500 i1=156 t1=38 m2=-8921/-467500 i2=-221 t2=37 steerMode=0/-252 iSteer=-32313 driveMode=467500/469391 iDrive=188195 scale=0 wheel=1360000 ffS=0
2026-07-07T16:38:23.286+00:00 VCP run=1 step=0 angle=247939 target=247900 err=-39 steer=0 m1=8916/467500 i1=138 t1=38 m2=-8917/-467500 i2=-232 t2=37 steerMode=0/35 iSteer=-46551 driveMode=467500/469382 iDrive=184973 scale=0 wheel=1360000 ffS=0
2026-07-07T16:38:23.286+00:00 VCP SET_TARGET_RX steer=247900 wheel=1360000
2026-07-07T16:38:23.390+00:00 VCP run=1 step=0 angle=247588 target=247900 err=312 steer=0 m1=8918/467500 i1=139 t1=38 m2=-8909/-467500 i2=-228 t2=37 steerMode=0/-2 iSteer=-44387 driveMode=467500/469320 iDrive=183185 scale=0 wheel=1360000 ffS=0
2026-07-07T16:38:23.494+00:00 VCP run=1 step=0 angle=247412 target=247900 err=488 steer=0 m1=8918/467500 i1=135 t1=38 m2=-8898/-467500 i2=-242 t2=37 steerMode=0/173 iSteer=-53232 driveMode=467500/469039 iDrive=188729 scale=0 wheel=1360000 ffS=0
2026-07-07T16:38:23.676+00:00 VCP run=1 step=0 angle=246182 target=195400 err=-50782 steer=-32400 m1=8140/379900 i1=-2529 t1=38 m2=-9131/-469000 i2=-707 t2=37 steerMode=-44550/-13700 iSteer=-1617904 driveMode=424450/461861 iDrive=-910910 scale=0 wheel=1234764 ffS=0
2026-07-07T16:38:23.676+00:00 VCP run=1 step=0 angle=221133 target=195400 err=-25733 steer=-40000 m1=6727/359000 i1=274 t1=38 m2=-8969/-469000 i2=28 t2=37 steerMode=-55000/-59993 iSteer=151113 driveMode=414000/416575 iDrive=122742 scale=0 wheel=1204364 ffS=0
2026-07-07T16:38:23.745+00:00 VCP run=1 step=0 angle=201797 target=195400 err=-6397 steer=-12794 m1=7872/433817 i1=1546 t1=38 m2=-8718/-469000 i2=-273 t2=37 steerMode=-17591/-31570 iSteer=636234 driveMode=451409/428670 iDrive=909417 scale=0 wheel=1313189 ffS=0
2026-07-07T16:38:23.877+00:00 VCP SET_TARGET_RX steer=195400 wheel=1360000
2026-07-07T16:38:23.877+00:00 VCP run=1 step=0 angle=198193 target=195400 err=-2793 steer=-5587 m1=8688/453637 i1=144 t1=38 m2=-8930/-469000 i2=-384 t2=37 steerMode=-7682/-6303 iSteer=-119976 driveMode=461318/460785 iDrive=264341 scale=0 wheel=1342017 ffS=0
2026-07-07T16:38:23.981+00:00 VCP run=1 step=0 angle=195381 target=195400 err=19 steer=0 m1=8906/467500 i1=284 t1=38 m2=-8907/-467500 i2=-206 t2=37 steerMode=0/-1654 iSteer=39044 driveMode=467500/467689 iDrive=244966 scale=0 wheel=1360000 ffS=0
2026-07-07T16:38:24.085+00:00 VCP run=1 step=0 angle=195469 target=195400 err=-69 steer=0 m1=8899/467500 i1=160 t1=38 m2=-8942/-467500 i2=-206 t2=37 steerMode=0/-427 iSteer=-23254 driveMode=467500/469655 iDrive=183073 scale=0 wheel=1360000 ffS=0
2026-07-07T16:38:24.189+00:00 VCP run=1 step=0 angle=195469 target=195400 err=-69 steer=0 m1=8910/467500 i1=144 t1=38 m2=-8911/-467500 i2=-234 t2=37 steerMode=0/38 iSteer=-45314 driveMode=467500/469343 iDrive=188881 scale=0 wheel=1360000 ffS=0
2026-07-07T16:38:24.289+00:00 VCP run=1 step=0 angle=195381 target=195400 err=19 steer=0 m1=8922/467500 i1=137 t1=38 m2=-8905/-467500 i2=-243 t2=37 steerMode=0/207 iSteer=-53264 driveMode=467500/469183 iDrive=190194 scale=0 wheel=1360000 ffS=0
2026-07-07T16:38:24.289+00:00 VCP SET_TARGET_RX steer=195400 wheel=1360000
2026-07-07T16:38:24.392+00:00 VCP run=1 step=0 angle=194678 target=195400 err=722 steer=1445 m1=8929/469000 i1=221 t1=38 m2=-8911/-465027 i2=-124 t2=37 steerMode=1986/163 iSteer=48713 driveMode=467014/469175 iDrive=172750 scale=0 wheel=1358586 ffS=0
2026-07-07T16:38:24.577+00:00 VCP run=1 step=0 angle=194854 target=195400 err=546 steer=1093 m1=8899/469000 i1=221 t1=38 m2=-8919/-465994 i2=-154 t2=37 steerMode=1503/-49 iSteer=33908 driveMode=467497/469063 iDrive=187528 scale=0 wheel=1359992 ffS=0
2026-07-07T16:38:24.577+00:00 VCP run=1 step=0 angle=195205 target=195400 err=195 steer=0 m1=8899/467500 i1=132 t1=38 m2=-8919/-467500 i2=-242 t2=37 steerMode=0/216 iSteer=-55077 driveMode=467500/468995 iDrive=187018 scale=0 wheel=1360000 ffS=0
2026-07-07T16:38:24.681+00:00 VCP run=1 step=0 angle=194854 target=195400 err=546 steer=1093 m1=8912/469000 i1=203 t1=38 m2=-8905/-465994 i2=-171 t2=37 steerMode=1503/320 iSteer=15771 driveMode=467497/468913 iDrive=186769 scale=0 wheel=1359992 ffS=0
2026-07-07T16:38:24.781+00:00 VCP run=1 step=0 angle=195029 target=195400 err=371 steer=0 m1=8899/467500 i1=115 t1=38 m2=-8915/-467500 i2=-255 t2=37 steerMode=0/525 iSteer=-69614 driveMode=467500/468882 iDrive=184967 scale=0 wheel=1360000 ffS=0
2026-07-07T16:38:24.781+00:00 VCP SET_TARGET_RX steer=159300 wheel=1360000
2026-07-07T16:38:24.883+00:00 VCP run=1 step=0 angle=186240 target=159300 err=-26940 steer=-40000 m1=7083/359000 i1=-1326 t1=38 m2=-9252/-469000 i2=-103 t2=37 steerMode=-55000/-42779 iSteer=-714572 driveMode=414000/441060 iDrive=-611800 scale=0 wheel=1204364 ffS=0
2026-07-07T16:38:24.985+00:00 VCP run=1 step=0 angle=164092 target=159300 err=-4792 steer=-9584 m1=8012/442645 i1=1859 t1=38 m2=-8658/-469000 i2=-158 t2=37 steerMode=-13177/-31341 iSteer=850511 driveMode=455823/429783 iDrive=1008606 scale=0 wheel=1326029 ffS=0
2026-07-07T16:38:25.088+00:00 VCP run=1 step=0 angle=162070 target=159300 err=-2770 steer=-5541 m1=8665/453763 i1=104 t1=38 m2=-8955/-469000 i2=-363 t2=37 steerMode=-7618/-6081 iSteer=-129847 driveMode=461382/461785 iDrive=233617 scale=0 wheel=1342201 ffS=0
2026-07-07T16:38:25.192+00:00 VCP run=1 step=0 angle=159434 target=159300 err=-134 steer=0 m1=8920/467500 i1=248 t1=38 m2=-8911/-467500 i2=-205 t2=37 steerMode=0/-1278 iSteer=21055 driveMode=467500/468213 iDrive=226532 scale=0 wheel=1360000 ffS=0
2026-07-07T16:38:25.292+00:00 VCP run=1 step=0 angle=159258 target=159300 err=42 steer=0 m1=8916/467500 i1=140 t1=38 m2=-8946/-467500 i2=-203 t2=37 steerMode=0/-228 iSteer=-31680 driveMode=467500/469930 iDrive=171529 scale=0 wheel=1360000 ffS=0
2026-07-07T16:38:25.292+00:00 VCP SET_TARGET_RX steer=159300 wheel=1360000
2026-07-07T16:38:25.477+00:00 VCP run=1 step=0 angle=159170 target=159300 err=130 steer=0 m1=8914/467500 i1=137 t1=38 m2=-8932/-467500 i2=-208 t2=37 steerMode=0/-131 iSteer=-35709 driveMode=467500/469753 iDrive=172508 scale=0 wheel=1360000 ffS=0
2026-07-07T16:38:25.477+00:00 VCP run=1 step=0 angle=158906 target=159300 err=394 steer=0 m1=8916/467500 i1=133 t1=38 m2=-8930/-467500 i2=-208 t2=37 steerMode=0/-89 iSteer=-37322 driveMode=467500/469685 iDrive=170676 scale=0 wheel=1360000 ffS=0
2026-07-07T16:38:25.581+00:00 VCP run=1 step=0 angle=158467 target=159300 err=833 steer=1666 m1=8941/469000 i1=194 t1=38 m2=-8879/-464417 i2=-130 t2=37 steerMode=2291/865 iSteer=32143 driveMode=466709/469048 iDrive=161995 scale=0 wheel=1357698 ffS=0
2026-07-07T16:38:25.683+00:00 VCP run=1 step=0 angle=160928 target=203200 err=42272 steer=32939 m1=9102/469000 i1=611 t1=38 m2=-8032/-378418 i2=2365 t2=37 steerMode=45291/15321 iSteer=1487973 driveMode=423709/459888 iDrive=-876869 scale=0 wheel=1232607 ffS=0
2026-07-07T16:38:25.782+00:00 VCP run=1 step=0 angle=185801 target=203200 err=17399 steer=34798 m1=8948/469000 i1=-236 t1=38 m2=-6724/-373304 i2=-1013 t2=37 steerMode=47848/60489 iSteer=-624361 driveMode=421152/414878 iDrive=388805 scale=0 wheel=1225170 ffS=0
2026-07-07T16:38:25.782+00:00 VCP SET_TARGET_RX steer=203200 wheel=1360000
2026-07-07T16:38:25.885+00:00 VCP run=1 step=0 angle=198896 target=203200 err=4304 steer=8607 m1=8747/469000 i1=463 t1=38 m2=-8440/-445331 i2=-769 t2=37 steerMode=11835/14161 iSteer=-153196 driveMode=457165/444598 iDrive=616090 scale=0 wheel=1329935 ffS=0
2026-07-07T16:38:25.988+00:00 VCP run=1 step=0 angle=201533 target=203200 err=1667 steer=3334 m1=8950/469000 i1=138 t1=38 m2=-8706/-459833 i2=-411 t2=37 steerMode=4584/6573 iSteer=-136493 driveMode=464416/463469 iDrive=274293 scale=0 wheel=1351029 ffS=0
2026-07-07T16:38:26.091+00:00 VCP run=1 step=0 angle=202236 target=203200 err=964 steer=1927 m1=8935/469000 i1=222 t1=38 m2=-8892/-463700 i2=-137 t2=37 steerMode=2650/998 iSteer=42151 driveMode=466350/468576 iDrive=179425 scale=0 wheel=1356654 ffS=0
2026-07-07T16:38:26.243+00:00 VCP run=1 step=0 angle=202500 target=203200 err=700 steer=1400 m1=8922/469000 i1=209 t1=38 m2=-8915/-465150 i2=-129 t2=38 steerMode=1925/290 iSteer=39730 driveMode=467075/469542 iDrive=169140 scale=0 wheel=1358764 ffS=0
2026-07-07T16:38:26.244+00:00 VCP run=1 step=0 angle=202939 target=203200 err=261 steer=0 m1=8908/467500 i1=118 t1=38 m2=-8923/-467500 i2=-235 t2=38 steerMode=0/303 iSteer=-58216 driveMode=467500/469589 iDrive=176662 scale=0 wheel=1360000 ffS=0
2026-07-07T16:38:26.377+00:00 VCP SET_TARGET_RX steer=203200 wheel=1360000
2026-07-07T16:38:26.377+00:00 VCP run=1 step=0 angle=203467 target=203200 err=-267 steer=0 m1=8918/467500 i1=107 t1=38 m2=-8919/-467500 i2=-271 t2=38 steerMode=0/798 iSteer=-82284 driveMode=467500/469058 iDrive=188971 scale=0 wheel=1360000 ffS=0
2026-07-07T16:38:26.480+00:00 VCP run=1 step=0 angle=202588 target=203200 err=612 steer=1224 m1=8937/469000 i1=196 t1=38 m2=-8890/-465633 i2=-171 t2=38 steerMode=1683/616 iSteer=12721 driveMode=467317/468950 iDrive=183541 scale=0 wheel=1359467 ffS=0
2026-07-07T16:38:26.584+00:00 VCP run=1 step=0 angle=202939 target=203200 err=261 steer=0 m1=8908/467500 i1=143 t1=38 m2=-8915/-467500 i2=-227 t2=38 steerMode=0/-12 iSteer=-42301 driveMode=467500/468994 iDrive=185062 scale=0 wheel=1360000 ffS=0
2026-07-07T16:38:26.686+00:00 VCP run=1 step=0 angle=202764 target=126700 err=-76064 steer=-7800 m1=8885/447550 i1=-672 t1=38 m2=-8913/-469000 i2=-486 t2=38 steerMode=-10725/-44 iSteer=-578995 driveMode=458275/468892 iDrive=-92590 scale=0 wheel=1333164 ffS=0
2026-07-07T16:38:26.785+00:00 VCP run=1 step=0 angle=190020 target=126700 err=-63320 steer=-40000 m1=6934/359000 i1=-747 t1=38 m2=-9189/-469000 i2=39 t2=38 steerMode=-55000/-49987 iSteer=-354264 driveMode=414000/433774 iDrive=-393206 scale=0 wheel=1204364 ffS=0
2026-07-07T16:38:26.785+00:00 VCP SET_TARGET_RX steer=126700 wheel=1360000
2026-07-07T16:38:26.887+00:00 VCP run=1 step=0 angle=164004 target=126700 err=-37304 steer=-40000 m1=6807/359000 i1=205 t1=38 m2=-8896/-469000 i2=-253 t2=38 steerMode=-55000/-56462 iSteer=-23795 driveMode=414000/413043 iDrive=229166 scale=0 wheel=1204364 ffS=0
2026-07-07T16:38:26.990+00:00 VCP run=1 step=0 angle=139922 target=126700 err=-13222 steer=-26444 m1=7001/396280 i1=1458 t1=38 m2=-8903/-469000 i2=83 t2=38 steerMode=-36360/-53565 iSteer=770745 driveMode=432640/416536 iDrive=687587 scale=0 wheel=1258589 ffS=0
2026-07-07T16:38:27.093+00:00 VCP run=1 step=0 angle=129463 target=126700 err=-2763 steer=-5526 m1=8592/453804 i1=626 t1=38 m2=-8815/-469000 i2=-476 t2=38 steerMode=-7598/-10070 iSteer=75342 driveMode=461402/451121 iDrive=550892 scale=0 wheel=1342261 ffS=0
2026-07-07T16:38:27.244+00:00 VCP run=1 step=0 angle=127529 target=126700 err=-829 steer=-1659 m1=8855/464439 i1=229 t1=38 m2=-8974/-469000 i2=-195 t2=38 steerMode=-2281/-3520 iSteer=17097 driveMode=466719/467889 iDrive=211931 scale=0 wheel=1357729 ffS=0
2026-07-07T16:38:27.244+00:00 VCP run=1 step=0 angle=126826 target=126700 err=-126 steer=0 m1=8941/467500 i1=117 t1=38 m2=-8942/-467500 i2=-212 t2=38 steerMode=0/123 iSteer=-47476 driveMode=467500/470129 iDrive=164908 scale=0 wheel=1360000 ffS=0
2026-07-07T16:38:27.377+00:00 VCP SET_TARGET_RX steer=126700 wheel=1360000
2026-07-07T16:38:27.377+00:00 VCP run=1 step=0 angle=126914 target=126700 err=-214 steer=0 m1=8918/467500 i1=141 t1=38 m2=-8934/-467500 i2=-187 t2=38 steerMode=0/-367 iSteer=-22738 driveMode=467500/470003 iDrive=163858 scale=0 wheel=1360000 ffS=0
2026-07-07T16:38:27.481+00:00 VCP run=1 step=0 angle=126299 target=126700 err=401 steer=0 m1=8925/467500 i1=130 t1=38 m2=-8930/-467500 i2=-195 t2=38 steerMode=0/-162 iSteer=-32438 driveMode=467500/469904 iDrive=162624 scale=0 wheel=1360000 ffS=0
2026-07-07T16:38:27.584+00:00 VCP run=1 step=0 angle=126035 target=126700 err=665 steer=1330 m1=8937/469000 i1=203 t1=38 m2=-8898/-465343 i2=-125 t2=38 steerMode=1828/261 iSteer=38919 driveMode=467172/469387 iDrive=164173 scale=0 wheel=1359045 ffS=0
2026-07-07T16:38:27.688+00:00 VCP run=1 step=0 angle=126563 target=126700 err=138 steer=0 m1=8914/467500 i1=132 t1=38 m2=-8921/-467500 i2=-206 t2=38 steerMode=0/-74 iSteer=-36978 driveMode=467500/469427 iDrive=169257 scale=0 wheel=1360000 ffS=0
2026-07-07T16:38:27.788+00:00 VCP run=1 step=0 angle=126211 target=126700 err=489 steer=0 m1=8929/467500 i1=95 t1=38 m2=-8905/-467500 i2=-248 t2=38 steerMode=0/750 iSteer=-76860 driveMode=467500/469235 iDrive=171493 scale=0 wheel=1360000 ffS=0
2026-07-07T16:38:27.789+00:00 VCP SET_TARGET_RX steer=126700 wheel=1360000
2026-07-07T16:38:27.892+00:00 VCP run=1 step=0 angle=125947 target=126700 err=753 steer=1505 m1=8950/469000 i1=176 t1=38 m2=-8896/-464860 i2=-119 t2=38 steerMode=2070/749 iSteer=28366 driveMode=466930/469342 iDrive=147857 scale=0 wheel=1358342 ffS=0
2026-07-07T16:38:28.077+00:00 VCP run=1 step=0 angle=126211 target=126700 err=489 steer=0 m1=8918/467500 i1=138 t1=38 m2=-8921/-467500 i2=-200 t2=38 steerMode=0/-176 iSteer=-30789 driveMode=467500/469117 iDrive=169083 scale=0 wheel=1360000 ffS=0
2026-07-07T16:38:28.077+00:00 VCP run=1 step=0 angle=126475 target=126700 err=225 steer=0 m1=8920/467500 i1=117 t1=38 m2=-8896/-467500 i2=-239 t2=38 steerMode=0/446 iSteer=-61030 driveMode=467500/468737 iDrive=177921 scale=0 wheel=1360000 ffS=0
2026-07-07T16:38:28.181+00:00 VCP run=1 step=0 angle=126123 target=126700 err=577 steer=1154 m1=8920/469000 i1=194 t1=38 m2=-8909/-465827 i2=-144 t2=38 steerMode=1587/320 iSteer=24832 driveMode=467413/468857 iDrive=169218 scale=0 wheel=1359748 ffS=0
2026-07-07T16:38:28.280+00:00 VCP run=1 step=0 angle=126211 target=182300 err=56089 steer=20954 m1=9012/469000 i1=619 t1=38 m2=-8603/-411377 i2=1847 t2=38 steerMode=28812/3665 iSteer=1232877 driveMode=440188/467359 iDrive=-614302 scale=0 wheel=1280548 ffS=0
2026-07-07T16:38:28.280+00:00 VCP SET_TARGET_RX steer=182300 wheel=1360000
2026-07-07T16:38:28.382+00:00 VCP run=1 step=0 angle=146953 target=182300 err=35347 steer=40000 m1=9052/469000 i1=-216 t1=38 m2=-6722/-359000 i2=-212 t2=38 steerMode=55000/59595 iSteer=-213992 driveMode=414000/420722 iDrive=-1673 scale=0 wheel=1204364 ffS=0
2026-07-07T16:38:28.485+00:00 VCP run=1 step=0 angle=170332 target=182300 err=11968 steer=23936 m1=8820/469000 i1=-59 t1=38 m2=-7136/-403176 i2=-1678 t2=38 steerMode=32912/50285 iSteer=-868611 driveMode=436088/416046 iDrive=809561 scale=0 wheel=1268620 ffS=0
2026-07-07T16:38:28.588+00:00 VCP run=1 step=0 angle=178682 target=182300 err=3618 steer=7237 m1=8845/469000 i1=419 t1=38 m2=-8566/-449099 i2=-414 t2=38 steerMode=9950/9327 iSteer=2241 driveMode=459050/453195 iDrive=416329 scale=0 wheel=1335417 ffS=0
2026-07-07T16:38:28.691+00:00 VCP run=1 step=0 angle=181318 target=182300 err=982 steer=1963 m1=8929/469000 i1=158 t1=38 m2=-8804/-463601 i2=-381 t2=38 steerMode=2700/4293 iSteer=-111478 driveMode=466300/465476 iDrive=269449 scale=0 wheel=1356511 ffS=0
2026-07-07T16:38:28.791+00:00 VCP run=1 step=0 angle=182197 target=182300 err=103 steer=0 m1=8937/467500 i1=128 t1=38 m2=-8928/-467500 i2=-232 t2=38 steerMode=0/374 iSteer=-52177 driveMode=467500/469603 iDrive=179872 scale=0 wheel=1360000 ffS=0
2026-07-07T16:38:28.792+00:00 VCP SET_TARGET_RX steer=182300 wheel=1360000
2026-07-07T16:38:28.976+00:00 VCP run=1 step=0 angle=181758 target=182300 err=542 steer=1084 m1=8943/468991 i1=181 t1=38 m2=-8905/-466009 i2=-180 t2=38 steerMode=1491/830 iSteer=374 driveMode=467500/469462 iDrive=180361 scale=0 wheel=1360000 ffS=0
2026-07-07T16:38:28.976+00:00 VCP run=1 step=0 angle=181758 target=182300 err=542 steer=1084 m1=8927/468991 i1=217 t1=38 m2=-8907/-466009 i2=-146 t2=38 steerMode=1491/128 iSteer=35107 driveMode=467500/469312 iDrive=181529 scale=0 wheel=1360000 ffS=0
2026-07-07T16:38:29.080+00:00 VCP run=1 step=0 angle=182021 target=182300 err=279 steer=0 m1=8918/467500 i1=144 t1=38 m2=-8934/-467500 i2=-198 t2=38 steerMode=0/-136 iSteer=-27069 driveMode=467500/469563 iDrive=170595 scale=0 wheel=1360000 ffS=0
2026-07-07T16:38:29.183+00:00 VCP run=1 step=0 angle=181846 target=182300 err=454 steer=0 m1=8096/365750 i1=-2146 t1=38 m2=-8059/-365750 i2=1988 t2=38 steerMode=0/885 iSteer=-78715 driveMode=365750/441320 iDrive=-2067092 scale=0 wheel=1064000 ffS=0
2026-07-07T16:38:29.283+00:00 VCP run=1 step=0 angle=182549 target=182300 err=-249 steer=0 m1=5654/239250 i1=-2504 t1=38 m2=-5584/-239250 i2=2226 t2=38 steerMode=0/1995 iSteer=-138834 driveMode=239250/324753 iDrive=-2365086 scale=0 wheel=696000 ffS=0
2026-07-07T16:38:29.283+00:00 VCP SET_TARGET_RX steer=182300 wheel=55000
2026-07-07T16:38:29.386+00:00 VCP run=1 step=0 angle=182900 target=182300 err=-600 steer=-1201 m1=2860/111099 i1=-1883 t1=38 m2=-2976/-114401 i2=1799 t2=38 steerMode=-1651/-1696 iSteer=-41825 driveMode=112750/180783 iDrive=-1840982 scale=0 wheel=328000 ffS=0
2026-07-07T16:38:29.490+00:00 VCP run=1 step=0 angle=182549 target=182300 err=-249 steer=0 m1=588/18906 i1=-881 t1=38 m2=-603/-18906 i2=753 t2=38 steerMode=0/443 iSteer=-63872 driveMode=18906/52815 iDrive=-817268 scale=0 wheel=55000 ffS=0
2026-07-07T16:38:29.677+00:00 VCP run=1 step=0 angle=182461 target=182300 err=-161 steer=0 m1=240/18906 i1=396 t1=38 m2=-229/-18906 i2=-419 t2=38 steerMode=0/-585 iSteer=-11367 driveMode=18906/12190 iDrive=407833 scale=0 wheel=55000 ffS=0
2026-07-07T16:38:29.677+00:00 VCP run=1 step=0 angle=182373 target=182300 err=-73 steer=0 m1=393/18906 i1=136 t1=38 m2=-354/-18906 i2=-189 t2=38 steerMode=0/-273 iSteer=-26288 driveMode=18906/20476 iDrive=162349 scale=0 wheel=55000 ffS=0
2026-07-07T16:38:29.778+00:00 VCP run=1 step=0 angle=182373 target=182300 err=-73 steer=0 m1=370/18906 i1=158 t1=38 m2=-377/-18906 i2=-167 t2=38 steerMode=0/-686 iSteer=-4571 driveMode=18906/20377 iDrive=162423 scale=0 wheel=55000 ffS=0
2026-07-07T16:38:29.778+00:00 VCP SET_TARGET_RX steer=182300 wheel=55000
2026-07-07T16:38:29.882+00:00 VCP run=1 step=0 angle=182285 target=182300 err=15 steer=0 m1=372/18906 i1=136 t1=38 m2=-381/-18906 i2=-189 t2=38 steerMode=0/-225 iSteer=-26384 driveMode=18906/20299 iDrive=162286 scale=0 wheel=55000 ffS=0
2026-07-07T16:38:29.987+00:00 VCP run=1 step=0 angle=182285 target=182300 err=15 steer=0 m1=387/18906 i1=135 t1=38 m2=-363/-18906 i2=-239 t2=38 steerMode=0/282 iSteer=-51592 driveMode=18906/19414 iDrive=187000 scale=0 wheel=55000 ffS=0
2026-07-07T16:38:30.091+00:00 VCP run=1 step=0 angle=182197 target=182300 err=103 steer=0 m1=351/18906 i1=139 t1=38 m2=-363/-18906 i2=-240 t2=38 steerMode=0/244 iSteer=-50681 driveMode=18906/19302 iDrive=189546 scale=0 wheel=55000 ffS=0
2026-07-07T16:38:30.245+00:00 VCP run=1 step=0 angle=182197 target=182300 err=103 steer=0 m1=380/18906 i1=141 t1=38 m2=-293/-18906 i2=-278 t2=38 steerMode=0/574 iSteer=-68442 driveMode=18906/18657 iDrive=209059 scale=0 wheel=55000 ffS=0
2026-07-07T16:38:30.245+00:00 VCP run=1 step=0 angle=182197 target=182300 err=103 steer=0 m1=366/18906 i1=165 t1=38 m2=-404/-18906 i2=-240 t2=38 steerMode=0/-70 iSteer=-37510 driveMode=18906/18879 iDrive=202865 scale=0 wheel=55000 ffS=0
2026-07-07T16:38:30.379+00:00 VCP SET_TARGET_RX steer=182300 wheel=55000
2026-07-07T16:38:30.379+00:00 VCP run=1 step=0 angle=182197 target=182300 err=103 steer=0 m1=412/18906 i1=153 t1=38 m2=-390/-18906 i2=-232 t2=38 steerMode=0/-35 iSteer=-39431 driveMode=18906/19226 iDrive=192261 scale=0 wheel=55000 ffS=0
2026-07-07T16:38:30.484+00:00 VCP run=1 step=0 angle=182197 target=182300 err=103 steer=0 m1=339/18906 i1=185 t1=38 m2=-419/-18906 i2=-193 t2=38 steerMode=0/-718 iSteer=-4059 driveMode=18906/19313 iDrive=188906 scale=0 wheel=55000 ffS=0
2026-07-07T16:38:30.588+00:00 VCP run=1 step=0 angle=182197 target=182300 err=103 steer=0 m1=387/18906 i1=152 t1=38 m2=-319/-18906 i2=-229 t2=38 steerMode=0/-10 iSteer=-38194 driveMode=18906/19222 iDrive=190513 scale=0 wheel=55000 ffS=0
2026-07-07T16:38:30.742+00:00 VCP run=1 step=0 angle=182197 target=182300 err=103 steer=0 m1=343/18906 i1=168 t1=38 m2=-325/-18906 i2=-245 t2=38 steerMode=0/1 iSteer=-38631 driveMode=18906/18705 iDrive=206211 scale=0 wheel=55000 ffS=0
2026-07-07T16:38:30.742+00:00 VCP run=1 step=0 angle=182197 target=182300 err=103 steer=0 m1=372/18906 i1=167 t1=38 m2=-417/-18906 i2=-227 t2=38 steerMode=0/-169 iSteer=-30154 driveMode=18906/19024 iDrive=197014 scale=0 wheel=55000 ffS=0
2026-07-07T16:38:30.876+00:00 VCP SET_TARGET_RX steer=182300 wheel=55000
2026-07-07T16:38:30.876+00:00 VCP run=1 step=0 angle=182197 target=182300 err=103 steer=0 m1=343/18906 i1=173 t1=38 m2=-375/-18906 i2=-218 t2=38 steerMode=0/-323 iSteer=-22366 driveMode=18906/19071 iDrive=195627 scale=0 wheel=55000 ffS=0
2026-07-07T16:38:30.980+00:00 VCP run=1 step=0 angle=182197 target=182300 err=103 steer=0 m1=387/18906 i1=155 t1=38 m2=-419/-18906 i2=-200 t2=38 steerMode=0/-299 iSteer=-22757 driveMode=18906/19649 iDrive=177724 scale=0 wheel=55000 ffS=0
2026-07-07T16:38:31.085+00:00 VCP run=1 step=0 angle=182109 target=182300 err=191 steer=0 m1=370/18906 i1=163 t1=38 m2=-340/-18906 i2=-209 t2=38 steerMode=0/-291 iSteer=-22921 driveMode=18906/19374 iDrive=185975 scale=0 wheel=55000 ffS=0
2026-07-07T16:38:31.189+00:00 VCP run=1 step=0 angle=182021 target=182300 err=279 steer=0 m1=370/18906 i1=186 t1=38 m2=-316/-18906 i2=-236 t2=38 steerMode=0/-238 iSteer=-25030 driveMode=18906/18528 iDrive=211459 scale=0 wheel=55000 ffS=0
2026-07-07T16:38:31.390+00:00 VCP run=1 step=0 angle=181934 target=182300 err=366 steer=0 m1=322/18906 i1=226 t1=38 m2=-352/-18906 i2=-265 t2=38 steerMode=0/-331 iSteer=-19356 driveMode=18906/17445 iDrive=245316 scale=0 wheel=55000 ffS=0
2026-07-07T16:38:31.390+00:00 VCP STOP: sensor/C620 timeout
2026-07-07T16:38:31.390+00:00 VCP SET_TARGET_RX steer=182300 wheel=55000
2026-07-07T16:38:31.790+00:00 VCP idle angle=181846 amtOk=1 fdbkOk=0 en=0 tgtOk=1
2026-07-07T16:38:31.790+00:00 VCP SET_TARGET_RX steer=182300 wheel=55000
2026-07-07T16:38:32.191+00:00 VCP idle angle=181846 amtOk=1 fdbkOk=0 en=0 tgtOk=1
2026-07-07T16:38:32.391+00:00 VCP SET_TARGET_RX steer=182300 wheel=55000
2026-07-07T16:38:32.792+00:00 VCP idle angle=181846 amtOk=1 fdbkOk=0 en=0 tgtOk=1
2026-07-07T16:38:32.792+00:00 VCP SET_TARGET_RX steer=182300 wheel=55000
2026-07-07T16:38:33.193+00:00 VCP idle angle=181846 amtOk=1 fdbkOk=0 en=0 tgtOk=1
2026-07-07T16:38:33.393+00:00 VCP SET_TARGET_RX steer=182300 wheel=55000
2026-07-07T16:38:33.793+00:00 VCP idle angle=181846 amtOk=1 fdbkOk=0 en=0 tgtOk=1
2026-07-07T16:38:33.794+00:00 VCP SET_TARGET_RX steer=182300 wheel=55000
2026-07-07T16:38:34.194+00:00 VCP idle angle=181846 amtOk=1 fdbkOk=0 en=0 tgtOk=1
2026-07-07T16:38:34.394+00:00 VCP SET_TARGET_RX steer=182300 wheel=55000
2026-07-07T16:38:34.795+00:00 VCP idle angle=181846 amtOk=1 fdbkOk=0 en=0 tgtOk=1
2026-07-07T16:38:34.795+00:00 VCP SET_TARGET_RX steer=182300 wheel=55000
2026-07-07T16:38:35.195+00:00 VCP idle angle=181846 amtOk=1 fdbkOk=0 en=0 tgtOk=1
2026-07-07T16:38:35.396+00:00 VCP SET_TARGET_RX steer=182300 wheel=55000
2026-07-07T16:38:35.796+00:00 VCP idle angle=181846 amtOk=1 fdbkOk=0 en=0 tgtOk=1
2026-07-07T16:38:35.796+00:00 VCP SET_TARGET_RX steer=182300 wheel=55000
2026-07-07T16:38:36.197+00:00 VCP idle angle=181846 amtOk=1 fdbkOk=0 en=0 tgtOk=1
2026-07-07T16:38:36.397+00:00 VCP SET_TARGET_RX steer=182300 wheel=55000
2026-07-07T16:38:36.798+00:00 VCP idle angle=181846 amtOk=1 fdbkOk=0 en=0 tgtOk=1
2026-07-07T16:38:36.798+00:00 VCP SET_TARGET_RX steer=182300 wheel=55000
2026-07-07T16:38:37.018+00:00 WEBUI STOP sequence start (manual STOP): coasting 1.0s before disable
2026-07-07T16:38:37.198+00:00 VCP idle angle=181934 amtOk=1 fdbkOk=0 en=0 tgtOk=1
2026-07-07T16:38:37.399+00:00 VCP SET_TARGET_RX steer=182300 wheel=0
2026-07-07T16:38:37.799+00:00 VCP idle angle=182021 amtOk=1 fdbkOk=0 en=0 tgtOk=1
2026-07-07T16:38:37.799+00:00 VCP SET_TARGET_RX steer=182300 wheel=0
2026-07-07T16:38:38.019+00:00 WEBUI STOP sequence complete (manual STOP)
2026-07-07T16:38:38.199+00:00 VCP UNIT_CTRL enable=0
2026-07-07T16:38:38.200+00:00 VCP UNIT_CTRL enable=0
2026-07-07T16:38:38.200+00:00 VCP idle angle=182021 amtOk=1 fdbkOk=0 en=0 tgtOk=1
2026-07-07T16:38:38.400+00:00 VCP SET_TARGET_RX steer=182300 wheel=0
2026-07-07T16:38:38.512+00:00 WEBUI emergency disable sent
2026-07-07T16:38:38.600+00:00 VCP UNIT_CTRL enable=0
2026-07-07T16:38:38.600+00:00 VCP UNIT_CTRL enable=0
2026-07-07T16:38:38.800+00:00 VCP idle angle=182021 amtOk=1 fdbkOk=0 en=0 tgtOk=1
2026-07-07T16:38:38.800+00:00 VCP SET_TARGET_RX steer=182300 wheel=0
2026-07-07T16:38:39.201+00:00 VCP idle angle=182021 amtOk=1 fdbkOk=0 en=0 tgtOk=1
2026-07-07T16:38:39.401+00:00 VCP SET_TARGET_RX steer=182300 wheel=0
2026-07-07T16:38:39.802+00:00 VCP idle angle=182021 amtOk=1 fdbkOk=0 en=0 tgtOk=1
2026-07-07T16:38:39.802+00:00 VCP SET_TARGET_RX steer=182300 wheel=0
2026-07-07T16:38:40.202+00:00 VCP idle angle=182021 amtOk=1 fdbkOk=0 en=0 tgtOk=1
2026-07-07T16:38:40.402+00:00 VCP SET_TARGET_RX steer=182300 wheel=0
2026-07-07T16:38:40.803+00:00 VCP idle angle=182021 amtOk=1 fdbkOk=0 en=0 tgtOk=1
2026-07-07T16:38:40.803+00:00 VCP SET_TARGET_RX steer=182300 wheel=0
2026-07-07T16:38:41.204+00:00 VCP idle angle=182021 amtOk=1 fdbkOk=0 en=0 tgtOk=1
2026-07-07T16:38:41.404+00:00 VCP SET_TARGET_RX steer=182300 wheel=0
2026-07-07T16:38:41.804+00:00 VCP idle angle=182021 amtOk=1 fdbkOk=0 en=0 tgtOk=1
2026-07-07T16:38:41.804+00:00 VCP SET_TARGET_RX steer=182300 wheel=0
2026-07-07T16:38:42.205+00:00 VCP idle angle=182021 amtOk=1 fdbkOk=0 en=0 tgtOk=1
2026-07-07T16:38:42.405+00:00 VCP SET_TARGET_RX steer=182300 wheel=0
2026-07-07T16:38:42.806+00:00 VCP idle angle=182021 amtOk=1 fdbkOk=0 en=0 tgtOk=1
2026-07-07T16:38:42.806+00:00 VCP SET_TARGET_RX steer=182300 wheel=0
2026-07-07T16:38:43.206+00:00 VCP idle angle=182021 amtOk=1 fdbkOk=0 en=0 tgtOk=1
2026-07-07T16:38:43.407+00:00 VCP SET_TARGET_RX steer=182300 wheel=0
2026-07-07T16:38:43.807+00:00 VCP idle angle=182021 amtOk=1 fdbkOk=0 en=0 tgtOk=1
2026-07-07T16:38:43.807+00:00 VCP SET_TARGET_RX steer=182300 wheel=0
2026-07-07T16:38:44.208+00:00 VCP idle angle=182021 amtOk=1 fdbkOk=0 en=0 tgtOk=1
2026-07-07T16:38:44.408+00:00 VCP SET_TARGET_RX steer=182300 wheel=0
2026-07-07T16:38:44.809+00:00 VCP idle angle=182021 amtOk=1 fdbkOk=0 en=0 tgtOk=1
2026-07-07T16:38:44.809+00:00 VCP SET_TARGET_RX steer=182300 wheel=0
2026-07-07T16:38:45.210+00:00 VCP idle angle=182021 amtOk=1 fdbkOk=0 en=0 tgtOk=1
2026-07-07T16:38:45.410+00:00 VCP SET_TARGET_RX steer=182300 wheel=0
2026-07-07T16:38:45.810+00:00 VCP idle angle=182021 amtOk=1 fdbkOk=0 en=0 tgtOk=1
2026-07-07T16:38:45.810+00:00 VCP SET_TARGET_RX steer=182300 wheel=0
2026-07-07T16:38:46.211+00:00 VCP idle angle=182021 amtOk=1 fdbkOk=0 en=0 tgtOk=1
2026-07-07T16:38:46.411+00:00 VCP SET_TARGET_RX steer=182300 wheel=0
2026-07-07T16:38:46.812+00:00 VCP idle angle=182021 amtOk=1 fdbkOk=0 en=0 tgtOk=1
2026-07-07T16:38:46.812+00:00 VCP SET_TARGET_RX steer=182300 wheel=0
2026-07-07T16:38:47.212+00:00 VCP idle angle=182021 amtOk=1 fdbkOk=0 en=0 tgtOk=1
2026-07-07T16:38:47.413+00:00 VCP SET_TARGET_RX steer=182300 wheel=0
2026-07-07T16:38:47.813+00:00 VCP idle angle=182021 amtOk=1 fdbkOk=0 en=0 tgtOk=1
2026-07-07T16:38:47.813+00:00 VCP SET_TARGET_RX steer=182300 wheel=0
2026-07-07T16:38:48.214+00:00 VCP idle angle=182021 amtOk=1 fdbkOk=0 en=0 tgtOk=1
2026-07-07T16:38:48.414+00:00 VCP SET_TARGET_RX steer=182300 wheel=0
2026-07-07T16:38:48.814+00:00 VCP idle angle=182021 amtOk=1 fdbkOk=0 en=0 tgtOk=1
2026-07-07T16:38:48.814+00:00 VCP SET_TARGET_RX steer=182300 wheel=0
2026-07-07T16:38:49.215+00:00 VCP idle angle=182021 amtOk=1 fdbkOk=0 en=0 tgtOk=1
2026-07-07T16:38:49.415+00:00 VCP SET_TARGET_RX steer=182300 wheel=0
2026-07-07T16:38:49.816+00:00 VCP idle angle=182021 amtOk=1 fdbkOk=0 en=0 tgtOk=1
2026-07-07T16:38:49.816+00:00 VCP SET_TARGET_RX steer=182300 wheel=0
2026-07-07T16:38:50.216+00:00 VCP idle angle=182021 amtOk=1 fdbkOk=0 en=0 tgtOk=1
2026-07-07T16:38:50.417+00:00 VCP SET_TARGET_RX steer=182300 wheel=0
2026-07-07T16:38:50.817+00:00 VCP idle angle=182021 amtOk=1 fdbkOk=0 en=0 tgtOk=1
2026-07-07T16:38:51.018+00:00 VCP SET_TARGET_RX steer=182300 wheel=0
2026-07-07T16:38:51.218+00:00 VCP idle angle=182021 amtOk=1 fdbkOk=0 en=0 tgtOk=1
2026-07-07T16:38:51.418+00:00 VCP SET_TARGET_RX steer=182300 wheel=0
2026-07-07T16:38:51.819+00:00 VCP idle angle=182021 amtOk=1 fdbkOk=0 en=0 tgtOk=1
2026-07-07T16:38:52.019+00:00 VCP SET_TARGET_RX steer=182300 wheel=0
2026-07-07T16:38:52.219+00:00 VCP idle angle=182021 amtOk=1 fdbkOk=0 en=0 tgtOk=1
2026-07-07T16:38:52.419+00:00 VCP SET_TARGET_RX steer=182300 wheel=0
2026-07-07T16:38:52.820+00:00 VCP idle angle=182021 amtOk=1 fdbkOk=0 en=0 tgtOk=1
2026-07-07T16:38:53.020+00:00 VCP SET_TARGET_RX steer=182300 wheel=0
2026-07-07T16:38:53.221+00:00 VCP idle angle=182021 amtOk=1 fdbkOk=0 en=0 tgtOk=1
2026-07-07T16:38:53.421+00:00 VCP SET_TARGET_RX steer=182300 wheel=0
2026-07-07T16:38:53.822+00:00 VCP idle angle=182021 amtOk=1 fdbkOk=0 en=0 tgtOk=1
2026-07-07T16:38:54.022+00:00 VCP SET_TARGET_RX steer=182300 wheel=0
2026-07-07T16:38:54.222+00:00 VCP idle angle=182021 amtOk=1 fdbkOk=0 en=0 tgtOk=1
2026-07-07T16:38:54.422+00:00 VCP SET_TARGET_RX steer=182300 wheel=0
2026-07-07T16:38:54.823+00:00 VCP idle angle=182021 amtOk=1 fdbkOk=0 en=0 tgtOk=1
2026-07-07T16:38:55.023+00:00 VCP SET_TARGET_RX steer=182300 wheel=0
2026-07-07T16:38:55.223+00:00 VCP idle angle=182021 amtOk=1 fdbkOk=0 en=0 tgtOk=1
2026-07-07T16:38:55.424+00:00 VCP SET_TARGET_RX steer=182300 wheel=0
2026-07-07T16:38:55.824+00:00 VCP idle angle=182021 amtOk=1 fdbkOk=0 en=0 tgtOk=1
2026-07-07T16:38:56.025+00:00 VCP SET_TARGET_RX steer=182300 wheel=0
2026-07-07T16:38:56.225+00:00 VCP idle angle=182021 amtOk=1 fdbkOk=0 en=0 tgtOk=1
2026-07-07T16:38:56.425+00:00 VCP SET_TARGET_RX steer=182300 wheel=0
2026-07-07T16:38:56.825+00:00 VCP idle angle=182021 amtOk=1 fdbkOk=0 en=0 tgtOk=1
2026-07-07T16:38:56.826+00:00 VCP SET_TARGET_RX steer=182300 wheel=0
2026-07-07T16:38:57.226+00:00 VCP idle angle=180967 amtOk=1 fdbkOk=0 en=0 tgtOk=1
2026-07-07T16:38:57.426+00:00 VCP SET_TARGET_RX steer=182300 wheel=0
2026-07-07T16:38:57.827+00:00 VCP idle angle=182549 amtOk=1 fdbkOk=0 en=0 tgtOk=1
2026-07-07T16:38:57.827+00:00 VCP SET_TARGET_RX steer=182300 wheel=0
2026-07-07T16:38:58.227+00:00 VCP idle angle=182109 amtOk=1 fdbkOk=0 en=0 tgtOk=1
2026-07-07T16:38:58.428+00:00 VCP SET_TARGET_RX steer=182300 wheel=0
2026-07-07T16:38:58.828+00:00 VCP idle angle=182109 amtOk=1 fdbkOk=0 en=0 tgtOk=1
2026-07-07T16:38:58.828+00:00 VCP SET_TARGET_RX steer=182300 wheel=0
2026-07-07T16:38:59.229+00:00 VCP idle angle=182197 amtOk=1 fdbkOk=0 en=0 tgtOk=1
2026-07-07T16:38:59.429+00:00 VCP SET_TARGET_RX steer=182300 wheel=0
2026-07-07T16:38:59.830+00:00 VCP idle angle=182197 amtOk=1 fdbkOk=0 en=0 tgtOk=1
2026-07-07T16:38:59.830+00:00 VCP SET_TARGET_RX steer=182300 wheel=0
2026-07-07T16:39:00.230+00:00 VCP idle angle=182197 amtOk=1 fdbkOk=0 en=0 tgtOk=1
2026-07-07T16:39:00.431+00:00 VCP SET_TARGET_RX steer=182300 wheel=0
2026-07-07T16:39:00.831+00:00 VCP idle angle=182197 amtOk=1 fdbkOk=0 en=0 tgtOk=1
2026-07-07T16:39:00.831+00:00 VCP SET_TARGET_RX steer=182300 wheel=0
2026-07-07T16:39:01.232+00:00 VCP idle angle=182109 amtOk=1 fdbkOk=0 en=0 tgtOk=1
2026-07-07T16:39:01.432+00:00 VCP SET_TARGET_RX steer=182300 wheel=0
2026-07-07T16:39:01.832+00:00 VCP idle angle=182197 amtOk=1 fdbkOk=0 en=0 tgtOk=1
2026-07-07T16:39:01.832+00:00 VCP SET_TARGET_RX steer=182300 wheel=0
2026-07-07T16:39:02.233+00:00 VCP idle angle=182109 amtOk=1 fdbkOk=0 en=0 tgtOk=1
2026-07-07T16:39:02.433+00:00 VCP SET_TARGET_RX steer=182300 wheel=0
2026-07-07T16:39:02.834+00:00 VCP idle angle=182197 amtOk=1 fdbkOk=0 en=0 tgtOk=1
2026-07-07T16:39:02.834+00:00 VCP SET_TARGET_RX steer=182300 wheel=0
2026-07-07T16:39:03.234+00:00 VCP idle angle=182197 amtOk=1 fdbkOk=0 en=0 tgtOk=1
2026-07-07T16:39:03.435+00:00 VCP SET_TARGET_RX steer=182300 wheel=0
2026-07-07T16:39:03.835+00:00 VCP idle angle=182109 amtOk=1 fdbkOk=0 en=0 tgtOk=1
2026-07-07T16:39:03.835+00:00 VCP SET_TARGET_RX steer=182300 wheel=0
2026-07-07T16:39:04.236+00:00 VCP idle angle=182197 amtOk=1 fdbkOk=0 en=0 tgtOk=1
2026-07-07T16:39:04.436+00:00 VCP SET_TARGET_RX steer=182300 wheel=0
2026-07-07T16:39:04.837+00:00 VCP idle angle=182197 amtOk=1 fdbkOk=0 en=0 tgtOk=1
2026-07-07T16:39:04.837+00:00 VCP SET_TARGET_RX steer=182300 wheel=0
2026-07-07T16:39:05.237+00:00 VCP idle angle=182109 amtOk=1 fdbkOk=0 en=0 tgtOk=1
2026-07-07T16:39:05.437+00:00 VCP SET_TARGET_RX steer=182300 wheel=0
2026-07-07T16:39:05.838+00:00 VCP idle angle=182197 amtOk=1 fdbkOk=0 en=0 tgtOk=1
2026-07-07T16:39:05.838+00:00 VCP SET_TARGET_RX steer=182300 wheel=0
2026-07-07T16:39:06.238+00:00 VCP idle angle=182109 amtOk=1 fdbkOk=0 en=0 tgtOk=1
2026-07-07T16:39:06.439+00:00 VCP SET_TARGET_RX steer=182300 wheel=0
2026-07-07T16:39:06.839+00:00 VCP idle angle=182197 amtOk=1 fdbkOk=0 en=0 tgtOk=1
2026-07-07T16:39:06.839+00:00 VCP SET_TARGET_RX steer=182300 wheel=0
2026-07-07T16:39:07.240+00:00 VCP idle angle=182197 amtOk=1 fdbkOk=0 en=0 tgtOk=1
2026-07-07T16:39:07.440+00:00 VCP SET_TARGET_RX steer=182300 wheel=0
2026-07-07T16:39:07.841+00:00 VCP idle angle=182197 amtOk=1 fdbkOk=0 en=0 tgtOk=1
2026-07-07T16:39:07.841+00:00 VCP SET_TARGET_RX steer=182300 wheel=0
2026-07-07T16:39:08.241+00:00 VCP idle angle=182109 amtOk=1 fdbkOk=0 en=0 tgtOk=1
2026-07-07T16:39:08.442+00:00 VCP SET_TARGET_RX steer=182300 wheel=0
2026-07-07T16:39:08.842+00:00 VCP idle angle=182197 amtOk=1 fdbkOk=0 en=0 tgtOk=1
2026-07-07T16:39:08.842+00:00 VCP SET_TARGET_RX steer=182300 wheel=0
2026-07-07T16:39:09.243+00:00 VCP idle angle=182197 amtOk=1 fdbkOk=0 en=0 tgtOk=1
2026-07-07T16:39:09.443+00:00 VCP SET_TARGET_RX steer=182300 wheel=0
2026-07-07T16:39:09.843+00:00 VCP idle angle=182197 amtOk=1 fdbkOk=0 en=0 tgtOk=1
2026-07-07T16:39:09.844+00:00 VCP SET_TARGET_RX steer=182300 wheel=0
2026-07-07T16:39:10.244+00:00 VCP idle angle=182197 amtOk=1 fdbkOk=0 en=0 tgtOk=1
2026-07-07T16:39:10.444+00:00 VCP SET_TARGET_RX steer=182300 wheel=0
2026-07-07T16:39:10.845+00:00 VCP idle angle=182109 amtOk=1 fdbkOk=0 en=0 tgtOk=1
2026-07-07T16:39:10.845+00:00 VCP SET_TARGET_RX steer=182300 wheel=0
2026-07-07T16:39:11.245+00:00 VCP idle angle=182197 amtOk=1 fdbkOk=0 en=0 tgtOk=1
2026-07-07T16:39:11.446+00:00 VCP SET_TARGET_RX steer=182300 wheel=0
2026-07-07T16:39:11.847+00:00 VCP idle angle=182197 amtOk=1 fdbkOk=0 en=0 tgtOk=1
2026-07-07T16:39:11.847+00:00 VCP SET_TARGET_RX steer=182300 wheel=0
2026-07-07T16:39:12.247+00:00 VCP idle angle=182197 amtOk=1 fdbkOk=0 en=0 tgtOk=1
2026-07-07T16:39:12.447+00:00 VCP SET_TARGET_RX steer=182300 wheel=0
2026-07-07T16:39:12.848+00:00 VCP idle angle=182109 amtOk=1 fdbkOk=0 en=0 tgtOk=1
2026-07-07T16:39:12.848+00:00 VCP SET_TARGET_RX steer=182300 wheel=0
2026-07-07T16:39:13.249+00:00 VCP idle angle=182109 amtOk=1 fdbkOk=0 en=0 tgtOk=1
2026-07-07T16:39:13.449+00:00 VCP SET_TARGET_RX steer=182300 wheel=0
2026-07-07T16:39:13.850+00:00 VCP idle angle=182109 amtOk=1 fdbkOk=0 en=0 tgtOk=1
2026-07-07T16:39:13.850+00:00 VCP SET_TARGET_RX steer=182300 wheel=0
2026-07-07T16:39:14.250+00:00 VCP idle angle=182197 amtOk=1 fdbkOk=0 en=0 tgtOk=1
2026-07-07T16:39:14.450+00:00 VCP SET_TARGET_RX steer=182300 wheel=0
2026-07-07T16:39:14.851+00:00 VCP idle angle=182109 amtOk=1 fdbkOk=0 en=0 tgtOk=1
2026-07-07T16:39:14.851+00:00 VCP SET_TARGET_RX steer=182300 wheel=0
2026-07-07T16:39:15.252+00:00 VCP idle angle=182197 amtOk=1 fdbkOk=0 en=0 tgtOk=1
2026-07-07T16:39:15.452+00:00 VCP SET_TARGET_RX steer=182300 wheel=0
2026-07-07T16:39:15.853+00:00 VCP idle angle=182197 amtOk=1 fdbkOk=0 en=0 tgtOk=1
2026-07-07T16:39:15.853+00:00 VCP SET_TARGET_RX steer=182300 wheel=0
2026-07-07T16:39:16.253+00:00 VCP idle angle=182197 amtOk=1 fdbkOk=0 en=0 tgtOk=1
2026-07-07T16:39:16.454+00:00 VCP SET_TARGET_RX steer=182300 wheel=0
2026-07-07T16:39:16.854+00:00 VCP idle angle=182197 amtOk=1 fdbkOk=0 en=0 tgtOk=1
2026-07-07T16:39:16.854+00:00 VCP SET_TARGET_RX steer=182300 wheel=0
2026-07-07T16:39:17.255+00:00 VCP idle angle=182109 amtOk=1 fdbkOk=0 en=0 tgtOk=1
2026-07-07T16:39:17.455+00:00 VCP SET_TARGET_RX steer=182300 wheel=0
2026-07-07T16:39:17.855+00:00 VCP idle angle=182109 amtOk=1 fdbkOk=0 en=0 tgtOk=1
2026-07-07T16:39:17.856+00:00 VCP SET_TARGET_RX steer=182300 wheel=0
2026-07-07T16:39:18.256+00:00 VCP idle angle=182197 amtOk=1 fdbkOk=0 en=0 tgtOk=1
2026-07-07T16:39:18.456+00:00 VCP SET_TARGET_RX steer=182300 wheel=0
2026-07-07T16:39:18.857+00:00 VCP idle angle=182109 amtOk=1 fdbkOk=0 en=0 tgtOk=1
2026-07-07T16:39:18.857+00:00 VCP SET_TARGET_RX steer=182300 wheel=0
2026-07-07T16:39:19.257+00:00 VCP idle angle=182197 amtOk=1 fdbkOk=0 en=0 tgtOk=1
2026-07-07T16:39:19.458+00:00 VCP SET_TARGET_RX steer=182300 wheel=0
2026-07-07T16:39:19.858+00:00 VCP idle angle=182197 amtOk=1 fdbkOk=0 en=0 tgtOk=1
2026-07-07T16:39:19.858+00:00 VCP SET_TARGET_RX steer=182300 wheel=0
2026-07-07T16:39:20.259+00:00 VCP idle angle=182197 amtOk=1 fdbkOk=0 en=0 tgtOk=1
2026-07-07T16:39:20.459+00:00 VCP SET_TARGET_RX steer=182300 wheel=0
2026-07-07T16:39:20.860+00:00 VCP idle angle=182109 amtOk=1 fdbkOk=0 en=0 tgtOk=1
2026-07-07T16:39:20.860+00:00 VCP SET_TARGET_RX steer=182300 wheel=0
2026-07-07T16:39:21.261+00:00 VCP idle angle=182197 amtOk=1 fdbkOk=0 en=0 tgtOk=1
2026-07-07T16:39:21.461+00:00 VCP SET_TARGET_RX steer=182300 wheel=0
2026-07-07T16:39:21.861+00:00 VCP idle angle=182197 amtOk=1 fdbkOk=0 en=0 tgtOk=1
2026-07-07T16:39:21.862+00:00 VCP SET_TARGET_RX steer=182300 wheel=0
2026-07-07T16:39:22.262+00:00 VCP idle angle=182109 amtOk=1 fdbkOk=0 en=0 tgtOk=1
2026-07-07T16:39:22.462+00:00 VCP SET_TARGET_RX steer=182300 wheel=0
2026-07-07T16:39:22.863+00:00 VCP idle angle=182109 amtOk=1 fdbkOk=0 en=0 tgtOk=1
2026-07-07T16:39:22.863+00:00 VCP SET_TARGET_RX steer=182300 wheel=0
2026-07-07T16:39:23.263+00:00 VCP idle angle=182109 amtOk=1 fdbkOk=0 en=0 tgtOk=1
2026-07-07T16:39:23.464+00:00 VCP SET_TARGET_RX steer=182300 wheel=0
2026-07-07T16:39:23.864+00:00 VCP idle angle=182197 amtOk=1 fdbkOk=0 en=0 tgtOk=1
2026-07-07T16:39:23.864+00:00 VCP SET_TARGET_RX steer=182300 wheel=0
2026-07-07T16:39:24.265+00:00 VCP idle angle=182197 amtOk=1 fdbkOk=0 en=0 tgtOk=1
2026-07-07T16:39:24.465+00:00 VCP SET_TARGET_RX steer=182300 wheel=0
2026-07-07T16:39:24.866+00:00 VCP idle angle=182197 amtOk=1 fdbkOk=0 en=0 tgtOk=1
2026-07-07T16:39:24.866+00:00 VCP SET_TARGET_RX steer=182300 wheel=0
2026-07-07T16:39:25.266+00:00 VCP idle angle=182109 amtOk=1 fdbkOk=0 en=0 tgtOk=1
2026-07-07T16:39:25.467+00:00 VCP SET_TARGET_RX steer=182300 wheel=0
2026-07-07T16:39:25.867+00:00 VCP idle angle=182197 amtOk=1 fdbkOk=0 en=0 tgtOk=1
2026-07-07T16:39:25.867+00:00 VCP SET_TARGET_RX steer=182300 wheel=0
2026-07-07T16:39:26.268+00:00 VCP idle angle=182109 amtOk=1 fdbkOk=0 en=0 tgtOk=1
2026-07-07T16:39:26.468+00:00 VCP SET_TARGET_RX steer=182300 wheel=0
2026-07-07T16:39:26.869+00:00 VCP idle angle=182109 amtOk=1 fdbkOk=0 en=0 tgtOk=1
2026-07-07T16:39:26.869+00:00 VCP SET_TARGET_RX steer=182300 wheel=0
2026-07-07T16:39:27.269+00:00 VCP idle angle=182197 amtOk=1 fdbkOk=0 en=0 tgtOk=1
2026-07-07T16:39:27.470+00:00 VCP SET_TARGET_RX steer=182300 wheel=0
2026-07-07T16:39:27.870+00:00 VCP idle angle=182197 amtOk=1 fdbkOk=0 en=0 tgtOk=1
2026-07-07T16:39:27.870+00:00 VCP SET_TARGET_RX steer=182300 wheel=0
2026-07-07T16:39:28.271+00:00 VCP idle angle=182109 amtOk=1 fdbkOk=0 en=0 tgtOk=1
2026-07-07T16:39:28.471+00:00 VCP SET_TARGET_RX steer=182300 wheel=0
2026-07-07T16:39:28.671+00:00 VCP idle angle=182109 amtOk=1 fdbkOk=0 en=0 tgtOk=1
2026-07-07T16:39:28.872+00:00 VCP SET_TARGET_RX steer=182300 wheel=0
2026-07-07T16:39:29.272+00:00 VCP idle angle=182197 amtOk=1 fdbkOk=0 en=0 tgtOk=1
2026-07-07T16:39:29.472+00:00 VCP SET_TARGET_RX steer=182300 wheel=0
2026-07-07T16:39:29.673+00:00 VCP idle angle=182109 amtOk=1 fdbkOk=0 en=0 tgtOk=1
2026-07-07T16:39:29.873+00:00 VCP SET_TARGET_RX steer=182300 wheel=0
2026-07-07T16:39:30.274+00:00 VCP idle angle=182109 amtOk=1 fdbkOk=0 en=0 tgtOk=1
2026-07-07T16:39:30.474+00:00 VCP SET_TARGET_RX steer=182300 wheel=0
2026-07-07T16:39:30.674+00:00 VCP idle angle=182197 amtOk=1 fdbkOk=0 en=0 tgtOk=1
2026-07-07T16:39:30.874+00:00 VCP SET_TARGET_RX steer=182300 wheel=0
2026-07-07T16:39:31.275+00:00 VCP idle angle=182197 amtOk=1 fdbkOk=0 en=0 tgtOk=1
2026-07-07T16:39:31.475+00:00 VCP SET_TARGET_RX steer=182300 wheel=0
2026-07-07T16:39:31.676+00:00 VCP idle angle=182109 amtOk=1 fdbkOk=0 en=0 tgtOk=1
2026-07-07T16:39:31.876+00:00 VCP SET_TARGET_RX steer=182300 wheel=0
2026-07-07T16:39:32.276+00:00 VCP idle angle=182197 amtOk=1 fdbkOk=0 en=0 tgtOk=1
2026-07-07T16:39:32.477+00:00 VCP SET_TARGET_RX steer=182300 wheel=0
2026-07-07T16:39:32.677+00:00 VCP idle angle=182197 amtOk=1 fdbkOk=0 en=0 tgtOk=1
2026-07-07T16:39:32.877+00:00 VCP SET_TARGET_RX steer=182300 wheel=0
2026-07-07T16:39:33.278+00:00 VCP idle angle=182109 amtOk=1 fdbkOk=0 en=0 tgtOk=1
2026-07-07T16:39:33.478+00:00 VCP SET_TARGET_RX steer=182300 wheel=0
2026-07-07T16:39:33.678+00:00 VCP idle angle=182197 amtOk=1 fdbkOk=0 en=0 tgtOk=1
2026-07-07T16:39:33.879+00:00 VCP SET_TARGET_RX steer=182300 wheel=0
2026-07-07T16:39:34.279+00:00 VCP idle angle=182197 amtOk=1 fdbkOk=0 en=0 tgtOk=1
2026-07-07T16:39:34.480+00:00 VCP SET_TARGET_RX steer=182300 wheel=0
2026-07-07T16:39:34.680+00:00 VCP idle angle=182197 amtOk=1 fdbkOk=0 en=0 tgtOk=1
2026-07-07T16:39:34.880+00:00 VCP SET_TARGET_RX steer=182300 wheel=0
2026-07-07T16:39:35.281+00:00 VCP idle angle=182197 amtOk=1 fdbkOk=0 en=0 tgtOk=1
