ISO-10303-21;
HEADER;
FILE_DESCRIPTION (( 'STEP AP203' ),
    '1' );
FILE_NAME ('HG-MF08_1.step',
    '2019-03-25T01:45:22',
    ( '' ),
    ( '' ),
    'SwSTEP 2.0',
    'SolidWorks 2015',
    '' );
FILE_SCHEMA (( 'CONFIG_CONTROL_DESIGN' ));
ENDSEC;

DATA;
#1 = PERSON_AND_ORGANIZATION ( #2908, #3807 ) ;
#2 = PLANE ( 'NONE',  #49 ) ;
#3 = CARTESIAN_POINT ( 'NONE',  ( -1.026956297778269800E-016, 10.00000000000000200, 4.425000000000000700 ) ) ;
#4 = DIRECTION ( 'NONE',  ( 1.000000000000000000, 0.0000000000000000000, 1.110223024625155100E-016 ) ) ;
#5 = ORIENTED_EDGE ( 'NONE', *, *, #4195, .T. ) ;
#6 = FACE_OUTER_BOUND ( 'NONE', #4342, .T. ) ;
#7 = CARTESIAN_POINT ( 'NONE',  ( -4.321693843278199100, -2.848677808692835700, 2.200000000000007300 ) ) ;
#8 = DIRECTION ( 'NONE',  ( 1.110223024625154800E-016, -0.0000000000000000000, -1.000000000000000000 ) ) ;
#9 = DIRECTION ( 'NONE',  ( 1.000000000000000000, 0.0000000000000000000, 1.110223024625154800E-016 ) ) ;
#10 = LINE ( 'NONE', #1504, #3601 ) ;
#11 = LINE ( 'NONE', #1609, #3494 ) ;
#12 = AXIS2_PLACEMENT_3D ( 'NONE', #1418, #3850, #1763 ) ;
#13 = LINE ( 'NONE', #3682, #3604 ) ;
#14 = CARTESIAN_POINT ( 'NONE',  ( -7.999999999999992900, -5.000000000000000900, 0.0000000000000000000 ) ) ;
#15 = PERSON_AND_ORGANIZATION_ROLE ( 'creator' ) ;
#16 = CARTESIAN_POINT ( 'NONE',  ( -10.10000000000000300, 4.999999999999997300, 1.500000000000001100 ) ) ;
#17 = AXIS2_PLACEMENT_3D ( 'NONE', #3050, #2700, #969 ) ;
#18 = CARTESIAN_POINT ( 'NONE',  ( -9.199999999999995700, -5.000000000000000900, -1.332267629550188500E-016 ) ) ;
#19 = VECTOR ( 'NONE', #426, 1000.000000000000100 ) ;
#20 = CARTESIAN_POINT ( 'NONE',  ( 0.0000000000000000000, -10.00000000000000200, 3.499999999999999600 ) ) ;
#21 = ADVANCED_FACE ( 'NONE', ( #2641 ), #2523, .T. ) ;
#22 = PLANE ( 'NONE',  #1179 ) ;
#23 = CARTESIAN_POINT ( 'NONE',  ( -2.484519975050614200, 5.199999999999996600, 3.777777777326657600 ) ) ;
#24 = DIRECTION ( 'NONE',  ( 0.0000000000000000000, -0.0000000000000000000, 1.000000000000000000 ) ) ;
#25 = FACE_OUTER_BOUND ( 'NONE', #3248, .T. ) ;
#26 = CARTESIAN_POINT ( 'NONE',  ( -4.652451328080648100, -2.336958334505153000, 1.999999999999998200 ) ) ;
#27 = CARTESIAN_POINT ( 'NONE',  ( -4.652451328080648100, -2.336958334505153000, 1.999999999999998200 ) ) ;
#28 = AXIS2_PLACEMENT_3D ( 'NONE', #270, #3053, #971 ) ;
#29 = CC_DESIGN_PERSON_AND_ORGANIZATION_ASSIGNMENT ( #2895, #2922, ( #3857 ) ) ;
#30 = VECTOR ( 'NONE', #483, 1000.000000000000000 ) ;
#31 = LINE ( 'NONE', #2450, #2695 ) ;
#32 = VERTEX_POINT ( 'NONE', #1053 ) ;
#33 = CARTESIAN_POINT ( 'NONE',  ( 1.230055576113583800E-017, 5.499999999999998200, 4.424999999999999800 ) ) ;
#34 = DIRECTION ( 'NONE',  ( 1.110223024625154800E-016, 0.0000000000000000000, -1.000000000000000000 ) ) ;
#35 = CYLINDRICAL_SURFACE ( 'NONE', #1554, 2.500000000000004000 ) ;
#36 = ORIENTED_EDGE ( 'NONE', *, *, #1483, .T. ) ;
#37 = CARTESIAN_POINT ( 'NONE',  ( -1.012729070074269700, 5.200000000000002800, 0.8409524871651474800 ) ) ;
#38 = ORIENTED_EDGE ( 'NONE', *, *, #1461, .F. ) ;
#39 = CARTESIAN_POINT ( 'NONE',  ( -0.7165477909999579100, -10.00000000000000200, 0.7932382329999752000 ) ) ;
#40 = VECTOR ( 'NONE', #4320, 1000.000000000000000 ) ;
#41 = CARTESIAN_POINT ( 'NONE',  ( -4.300000000232840200, 0.7113374602898057100, 2.199999999999993500 ) ) ;
#42 = CARTESIAN_POINT ( 'NONE',  ( -5.502944865571804700, 2.028444947627654000, 2.199999999999993500 ) ) ;
#43 = ORIENTED_EDGE ( 'NONE', *, *, #366, .T. ) ;
#44 = CARTESIAN_POINT ( 'NONE',  ( -5.499999999999976900, 2.066973605524963500, 1.999999999999960000 ) ) ;
#45 = ORIENTED_EDGE ( 'NONE', *, *, #3884, .F. ) ;
#46 = ADVANCED_FACE ( 'NONE', ( #1712 ), #1376, .F. ) ;
#47 = ORIENTED_EDGE ( 'NONE', *, *, #941, .F. ) ;
#48 = EDGE_CURVE ( 'NONE', #2416, #4054, #4380, .T. ) ;
#49 = AXIS2_PLACEMENT_3D ( 'NONE', #341, #2424, #354 ) ;
#50 = ORIENTED_EDGE ( 'NONE', *, *, #3416, .F. ) ;
#51 = PERSON_AND_ORGANIZATION_ROLE ( 'classification_officer' ) ;
#52 = DIRECTION ( 'NONE',  ( -1.110223024625154800E-016, -0.0000000000000000000, 1.000000000000000000 ) ) ;
#53 = VERTEX_POINT ( 'NONE', #3152 ) ;
#54 = APPROVAL_PERSON_ORGANIZATION ( #979, #1632, #1067 ) ;
#55 = DIRECTION ( 'NONE',  ( 0.0000000000000000000, -1.000000000000000000, 0.0000000000000000000 ) ) ;
#56 = CARTESIAN_POINT ( 'NONE',  ( -5.292501499740316400, 0.7414732513075783500, 2.200000000000000600 ) ) ;
#57 = EDGE_CURVE ( 'NONE', #3091, #1180, #1602, .T. ) ;
#58 = VERTEX_POINT ( 'NONE', #3480 ) ;
#60 = ORIENTED_EDGE ( 'NONE', *, *, #2833, .T. ) ;
#59 = CARTESIAN_POINT ( 'NONE',  ( 0.0000000000000000000, -5.200000000000000200, 3.499999999999999600 ) ) ;
#61 = PERSON_AND_ORGANIZATION ( #2908, #3807 ) ;
#62 = ORIENTED_EDGE ( 'NONE', *, *, #1142, .F. ) ;
#63 = EDGE_CURVE ( 'NONE', #4006, #93, #3448, .T. ) ;
#64 = ORIENTED_EDGE ( 'NONE', *, *, #2659, .F. ) ;
#65 = VECTOR ( 'NONE', #2299, 1000.000000000000000 ) ;
#66 = DIRECTION ( 'NONE',  ( -1.110223024625154900E-016, 0.0000000000000000000, 1.000000000000000000 ) ) ;
#67 = CARTESIAN_POINT ( 'NONE',  ( -5.292501499740268400, 0.7414732513075783500, 1.999999999999984500 ) ) ;
#68 = CARTESIAN_POINT ( 'NONE',  ( 1.026956297778269800E-016, 5.499999999999998200, 2.574999999999998400 ) ) ;
#69 = LINE ( 'NONE', #3125, #4479 ) ;
#70 = CARTESIAN_POINT ( 'NONE',  ( 0.0000000000000000000, 5.000000000000004400, 3.499999999999999600 ) ) ;
#71 = EDGE_CURVE ( 'NONE', #4406, #4475, #4266, .T. ) ;
#72 = AXIS2_PLACEMENT_3D ( 'NONE', #667, #1348, #3093 ) ;
#73 = CYLINDRICAL_SURFACE ( 'NONE', #3684, 0.9999999999999947800 ) ;
#74 = VECTOR ( 'NONE', #640, 1000.000000000000000 ) ;
#75 = AXIS2_PLACEMENT_3D ( 'NONE', #3647, #4349, #1569 ) ;
#76 = VECTOR ( 'NONE', #3503, 1000.000000000000000 ) ;
#77 = EDGE_CURVE ( 'NONE', #3204, #1572, #2407, .T. ) ;
#78 = DIRECTION ( 'NONE',  ( -1.000000000000000000, -0.0000000000000000000, -0.0000000000000000000 ) ) ;
#79 = LINE ( 'NONE', #3256, #1008 ) ;
#80 = DIRECTION ( 'NONE',  ( -4.336808689942026100E-016, -1.000000000000000000, 2.465190328815661900E-032 ) ) ;
#81 = CARTESIAN_POINT ( 'NONE',  ( 8.000000000000000000, -5.000000000000000900, 0.5999999999999998700 ) ) ;
#82 = ORIENTED_EDGE ( 'NONE', *, *, #2031, .T. ) ;
#83 = CARTESIAN_POINT ( 'NONE',  ( -2.000000000000001800, -10.00000000000000200, 0.9999999999999974500 ) ) ;
#84 = CARTESIAN_POINT ( 'NONE',  ( 2.500000000000004000, 10.00000000000000000, 3.500000000000000000 ) ) ;
#85 = LINE ( 'NONE', #3419, #909 ) ;
#86 =( NAMED_UNIT ( * ) PLANE_ANGLE_UNIT ( ) SI_UNIT ( $, .RADIAN. ) );
#87 = CC_DESIGN_DATE_AND_TIME_ASSIGNMENT ( #1144, #3121, ( #3663 ) ) ;
#88 = VERTEX_POINT ( 'NONE', #1432 ) ;
#89 = ORIENTED_EDGE ( 'NONE', *, *, #327, .F. ) ;
#90 = EDGE_CURVE ( 'NONE', #1187, #2923, #686, .T. ) ;
#91 = CIRCLE ( 'NONE', #12, 0.9250000000000013800 ) ;
#92 = ORIENTED_EDGE ( 'NONE', *, *, #3036, .T. ) ;
#93 = VERTEX_POINT ( 'NONE', #3864 ) ;
#94 = CARTESIAN_POINT ( 'NONE',  ( 3.500000000000003100, 0.0000000000000000000, 2.000000000000001800 ) ) ;
#95 = VECTOR ( 'NONE', #1843, 1000.000000000000000 ) ;
#96 = CARTESIAN_POINT ( 'NONE',  ( -3.499999999999989300, 0.0000000000000000000, 1.999999999999970500 ) ) ;
#97 = CARTESIAN_POINT ( 'NONE',  ( -2.000000000000001800, -10.00000000000000200, 0.0000000000000000000 ) ) ;
#98 = EDGE_LOOP ( 'NONE', ( #3243, #1099, #2830, #3145, #4216, #1897, #4068, #2362, #3750, #1886 ) ) ;
#99 = CARTESIAN_POINT ( 'NONE',  ( -5.292501499740268400, 1.433778426501830500, 1.999999999999984500 ) ) ;
#100 = EDGE_LOOP ( 'NONE', ( #3792, #2014, #162, #3793, #155, #4168, #2097, #4225, #1097, #4410 ) ) ;
#101 = AXIS2_PLACEMENT_3D ( 'NONE', #2178, #2887, #808 ) ;
#102 = VERTEX_POINT ( 'NONE', #3512 ) ;
#103 = CARTESIAN_POINT ( 'NONE',  ( -4.812799258463506600, -2.853029665593337100, 1.999999999999998200 ) ) ;
#104 = EDGE_LOOP ( 'NONE', ( #2556, #4285, #1017, #3379 ) ) ;
#105 = EDGE_LOOP ( 'NONE', ( #3841, #1697, #4347, #1078 ) ) ;
#106 = AXIS2_PLACEMENT_3D ( 'NONE', #4019, #4369, #2281 ) ;
#107 = VERTEX_POINT ( 'NONE', #403 ) ;
#108 = DIRECTION ( 'NONE',  ( -1.000000000000000000, 0.0000000000000000000, 0.0000000000000000000 ) ) ;
#109 = DATE_AND_TIME ( #1035, #1952 ) ;
#110 = DIRECTION ( 'NONE',  ( -1.110223024625154800E-016, 0.0000000000000000000, 1.000000000000000000 ) ) ;
#111 = EDGE_LOOP ( 'NONE', ( #1622, #4174 ) ) ;
#112 = COORDINATED_UNIVERSAL_TIME_OFFSET ( 9, 0, .AHEAD. ) ;
#113 = DIRECTION ( 'NONE',  ( 8.659560562354931600E-017, -0.7071067811865475700, 0.7071067811865474600 ) ) ;
#114 = DIRECTION ( 'NONE',  ( 1.000000000000000000, 0.0000000000000000000, 2.065146995210482000E-016 ) ) ;
#115 = DIRECTION ( 'NONE',  ( 0.0000000000000000000, 0.0000000000000000000, -1.000000000000000000 ) ) ;
#116 = PLANE ( 'NONE',  #2073 ) ;
#117 =( LENGTH_UNIT ( ) NAMED_UNIT ( * ) SI_UNIT ( .MILLI., .METRE. ) );
#118 = ORIENTED_EDGE ( 'NONE', *, *, #4374, .T. ) ;
#119 = LINE ( 'NONE', #362, #2784 ) ;
#120 = VECTOR ( 'NONE', #2188, 1000.000000000000000 ) ;
#121 = CIRCLE ( 'NONE', #4362, 1.000000000000001600 ) ;
#122 = DIRECTION ( 'NONE',  ( -1.110223024625154800E-016, 0.0000000000000000000, 1.000000000000000000 ) ) ;
#123 = VECTOR ( 'NONE', #1239, 1000.000000000000000 ) ;
#124 = DIRECTION ( 'NONE',  ( 1.636694662590740700E-016, -1.387169655721517500E-015, -1.000000000000000000 ) ) ;
#125 = CARTESIAN_POINT ( 'NONE',  ( 3.000000000000002700, 10.00000000000000200, 0.0000000000000000000 ) ) ;
#126 = CARTESIAN_POINT ( 'NONE',  ( -5.499999999999991100, 2.066973605524963500, 2.199999999999958900 ) ) ;
#127 = DIRECTION ( 'NONE',  ( 1.000000000000000000, 0.0000000000000000000, 9.035018104045853400E-017 ) ) ;
#128 = CARTESIAN_POINT ( 'NONE',  ( 9.199999999999999300, -5.000000000000000900, 0.0000000000000000000 ) ) ;
#129 = VECTOR ( 'NONE', #3183, 1000.000000000000000 ) ;
#130 = PLANE ( 'NONE',  #2545 ) ;
#131 = APPLICATION_CONTEXT ( 'configuration controlled 3d designs of mechanical parts and assemblies' ) ;
#132 = EDGE_CURVE ( 'NONE', #2836, #2894, #2302, .T. ) ;
#133 = VECTOR ( 'NONE', #4419, 1000.000000000000000 ) ;
#134 = DIRECTION ( 'NONE',  ( 0.0000000000000000000, 0.0000000000000000000, 1.000000000000000000 ) ) ;
#135 = VECTOR ( 'NONE', #450, 1000.000000000000100 ) ;
#136 = PLANE ( 'NONE',  #3375 ) ;
#137 = VECTOR ( 'NONE', #1738, 1000.000000000000000 ) ;
#138 = EDGE_CURVE ( 'NONE', #1121, #2009, #4312, .T. ) ;
#139 = ORIENTED_EDGE ( 'NONE', *, *, #2154, .T. ) ;
#140 = CARTESIAN_POINT ( 'NONE',  ( -4.899378306273502100, -2.853029665593337100, 2.199999999999979700 ) ) ;
#141 = CYLINDRICAL_SURFACE ( 'NONE', #1095, 2.000000000000003600 ) ;
#142 = DIRECTION ( 'NONE',  ( 1.000000000000000000, 0.0000000000000000000, 1.110223024625154800E-016 ) ) ;
#143 = CARTESIAN_POINT ( 'NONE',  ( -6.938893903907228400E-015, -1.387778780781445700E-014, 19.99999999999998900 ) ) ;
#144 = DIRECTION ( 'NONE',  ( 4.589215544912187200E-016, 1.000000000000000000, -0.0000000000000000000 ) ) ;
#145 = ORIENTED_EDGE ( 'NONE', *, *, #3755, .F. ) ;
#146 = ORIENTED_EDGE ( 'NONE', *, *, #3251, .F. ) ;
#147 = PERSON_AND_ORGANIZATION_ROLE ( 'design_supplier' ) ;
#148 = CC_DESIGN_DATE_AND_TIME_ASSIGNMENT ( #1246, #3165, ( #3725 ) ) ;
#149 = LINE ( 'NONE', #2250, #1775 ) ;
#150 = EDGE_CURVE ( 'NONE', #1242, #3921, #1377, .T. ) ;
#151 = ORIENTED_EDGE ( 'NONE', *, *, #1198, .T. ) ;
#152 = ORIENTED_EDGE ( 'NONE', *, *, #138, .F. ) ;
#153 = DIRECTION ( 'NONE',  ( 1.110223024625154800E-016, 0.0000000000000000000, -1.000000000000000000 ) ) ;
#154 = ORIENTED_EDGE ( 'NONE', *, *, #1024, .T. ) ;
#155 = ORIENTED_EDGE ( 'NONE', *, *, #90, .T. ) ;
#156 = CARTESIAN_POINT ( 'NONE',  ( -7.250000000000006200, 10.00000000000000200, 0.0000000000000000000 ) ) ;
#157 = DIRECTION ( 'NONE',  ( -1.000000000000000000, 0.0000000000000000000, -2.168404344971004900E-016 ) ) ;
#158 = DIRECTION ( 'NONE',  ( 1.110223024625154800E-016, 0.0000000000000000000, -1.000000000000000000 ) ) ;
#159 = DIRECTION ( 'NONE',  ( 2.168404344971008900E-016, 1.000000000000000000, -0.0000000000000000000 ) ) ;
#160 = DESIGN_CONTEXT ( 'detailed design', #847, 'design' ) ;
#161 = AXIS2_PLACEMENT_3D ( 'NONE', #125, #486, #2914 ) ;
#162 = ORIENTED_EDGE ( 'NONE', *, *, #2056, .T. ) ;
#163 = PERSON_AND_ORGANIZATION_ROLE ( 'creator' ) ;
#164 = COORDINATED_UNIVERSAL_TIME_OFFSET ( 9, 0, .AHEAD. ) ;
#165 = ORIENTED_EDGE ( 'NONE', *, *, #2399, .T. ) ;
#166 = ORIENTED_EDGE ( 'NONE', *, *, #1865, .F. ) ;
#167 = PERSON_AND_ORGANIZATION ( #2908, #3807 ) ;
#168 = DIRECTION ( 'NONE',  ( 1.110223024625154800E-016, 0.0000000000000000000, -1.000000000000000000 ) ) ;
#169 = EDGE_CURVE ( 'NONE', #3204, #1446, #3233, .T. ) ;
#170 = ORIENTED_EDGE ( 'NONE', *, *, #1916, .F. ) ;
#171 = DIRECTION ( 'NONE',  ( -1.110223024625154800E-016, 0.0000000000000000000, 1.000000000000000000 ) ) ;
#172 = DIRECTION ( 'NONE',  ( -1.110223024625154800E-016, 0.0000000000000000000, 1.000000000000000000 ) ) ;
#173 = DIRECTION ( 'NONE',  ( 3.386180225106745200E-015, 1.000000000000000000, -3.469446951953632300E-015 ) ) ;
#174 = VERTEX_POINT ( 'NONE', #420 ) ;
#175 = CC_DESIGN_APPROVAL ( #4462, ( #4220 ) ) ;
#176 = FACE_OUTER_BOUND ( 'NONE', #1347, .T. ) ;
#177 = CARTESIAN_POINT ( 'NONE',  ( 0.0000000000000000000, 10.00000000000000200, 3.499999999999999600 ) ) ;
#178 = PERSON_AND_ORGANIZATION_ROLE ( 'design_owner' ) ;
#179 = EDGE_CURVE ( 'NONE', #2923, #3110, #1274, .T. ) ;
#180 = LINE ( 'NONE', #3111, #3067 ) ;
#181 = DIRECTION ( 'NONE',  ( 0.3844662455562527500, -0.9231390502128480300, -2.775557561562882400E-017 ) ) ;
#182 = FACE_OUTER_BOUND ( 'NONE', #105, .T. ) ;
#183 = ADVANCED_FACE ( 'NONE', ( #580 ), #244, .F. ) ;
#184 = FACE_OUTER_BOUND ( 'NONE', #4030, .T. ) ;
#185 = CARTESIAN_POINT ( 'NONE',  ( 0.6397748132417404600, 5.000000000000004400, 1.083248422287228100 ) ) ;
#186 = DIRECTION ( 'NONE',  ( -1.110223024625154800E-016, 0.0000000000000000000, 1.000000000000000000 ) ) ;
#187 = LINE ( 'NONE', #3490, #2967 ) ;
#188 = CARTESIAN_POINT ( 'NONE',  ( -5.507214920650829600, -2.336958334505153000, 2.000000000000001800 ) ) ;
#189 = LINE ( 'NONE', #4278, #2143 ) ;
#190 = EDGE_CURVE ( 'NONE', #1446, #2977, #3131, .T. ) ;
#191 = AXIS2_PLACEMENT_3D ( 'NONE', #3170, #3521, #1437 ) ;
#192 = ORIENTED_EDGE ( 'NONE', *, *, #63, .F. ) ;
#193 = VECTOR ( 'NONE', #2727, 1000.000000000000000 ) ;
#194 = DIRECTION ( 'NONE',  ( 0.0000000000000000000, -1.000000000000000000, 0.0000000000000000000 ) ) ;
#195 = ORIENTED_EDGE ( 'NONE', *, *, #3996, .F. ) ;
#196 = VERTEX_POINT ( 'NONE', #2490 ) ;
#197 = LINE ( 'NONE', #2427, #311 ) ;
#198 = EDGE_CURVE ( 'NONE', #411, #3735, #3024, .T. ) ;
#199 = VERTEX_POINT ( 'NONE', #437 ) ;
#200 = CARTESIAN_POINT ( 'NONE',  ( -4.724240606574669600, -2.853029665593337100, 2.200000000000025000 ) ) ;
#201 = EDGE_LOOP ( 'NONE', ( #2057, #3307, #2528, #3023 ) ) ;
#202 = CYLINDRICAL_SURFACE ( 'NONE', #3061, 2.100000000000002800 ) ;
#203 = PLANE ( 'NONE',  #2904 ) ;
#204 = CARTESIAN_POINT ( 'NONE',  ( -10.09999999999999300, -5.000000000000000900, 1.999999999999973600 ) ) ;
#205 = CARTESIAN_POINT ( 'NONE',  ( -4.321693843278199100, -0.4905930624633098000, 2.000000000000012000 ) ) ;
#206 = ADVANCED_FACE ( 'NONE', ( #2198 ), #1978, .F. ) ;
#207 = EDGE_LOOP ( 'NONE', ( #3675, #1478, #544, #3625 ) ) ;
#208 = ORIENTED_EDGE ( 'NONE', *, *, #2552, .F. ) ;
#209 = EDGE_LOOP ( 'NONE', ( #4124, #1501 ) ) ;
#210 = EDGE_CURVE ( 'NONE', #595, #2622, #2918, .T. ) ;
#211 = EDGE_LOOP ( 'NONE', ( #3643, #1779, #1231, #3541 ) ) ;
#212 = DIRECTION ( 'NONE',  ( 0.0000000000000000000, -1.000000000000000000, -8.673617379884039400E-016 ) ) ;
#213 = ORIENTED_EDGE ( 'NONE', *, *, #3986, .F. ) ;
#214 = ORGANIZATION ( 'NAUO-ORG2', 'UNSPECIFIED', 'UNSPECIFIED' ) ;
#215 = CARTESIAN_POINT ( 'NONE',  ( -4.300000000232853600, 1.463341604769526000, 2.000000000000001800 ) ) ;
#216 = ORIENTED_EDGE ( 'NONE', *, *, #3195, .F. ) ;
#217 = DIRECTION ( 'NONE',  ( -0.9048820257364478300, -0.4256624478376059800, 5.551115123125773500E-017 ) ) ;
#218 = PERSON_AND_ORGANIZATION ( #2908, #3807 ) ;
#219 = PLANE ( 'NONE',  #815 ) ;
#220 = EDGE_CURVE ( 'NONE', #1676, #1303, #1173, .T. ) ;
#221 = DIRECTION ( 'NONE',  ( -0.0000000000000000000, 1.000000000000000000, -0.0000000000000000000 ) ) ;
#222 = DIRECTION ( 'NONE',  ( -1.110223024625154800E-016, 0.0000000000000000000, 1.000000000000000000 ) ) ;
#223 = ORIENTED_EDGE ( 'NONE', *, *, #3203, .T. ) ;
#224 = SHAPE_DEFINITION_REPRESENTATION ( #1317, #4299 ) ;
#225 = EDGE_LOOP ( 'NONE', ( #1189, #696, #3094, #4334 ) ) ;
#226 = AXIS2_PLACEMENT_3D ( 'NONE', #1625, #2315, #3703 ) ;
#227 = CARTESIAN_POINT ( 'NONE',  ( -8.000000000000000000, 4.999999999999997300, 1.500000000000001300 ) ) ;
#228 = CIRCLE ( 'NONE', #2079, 2.100000000000002800 ) ;
#229 = EDGE_CURVE ( 'NONE', #868, #2600, #1063, .T. ) ;
#230 = ADVANCED_FACE ( 'NONE', ( #3721 ), #3615, .T. ) ;
#231 = LINE ( 'NONE', #96, #1967 ) ;
#232 = FACE_OUTER_BOUND ( 'NONE', #2773, .T. ) ;
#233 = CARTESIAN_POINT ( 'NONE',  ( 0.9450000000000000600, 4.999999999999997300, 3.499999999999999600 ) ) ;
#234 = PLANE ( 'NONE',  #1267 ) ;
#235 = CC_DESIGN_APPROVAL ( #4519, ( #4281 ) ) ;
#236 = CARTESIAN_POINT ( 'NONE',  ( 8.000000000000000000, 10.00000000000000200, 2.000000000000001800 ) ) ;
#237 = CIRCLE ( 'NONE', #2422, 0.7999999999999786200 ) ;
#238 = CARTESIAN_POINT ( 'NONE',  ( 9.714451465470119700E-014, 0.0000000000000000000, 2.200000000000004200 ) ) ;
#239 = EDGE_CURVE ( 'NONE', #1454, #2045, #1868, .T. ) ;
#240 = CARTESIAN_POINT ( 'NONE',  ( -4.899378306273502100, -2.853029665593337100, 1.999999999999905000 ) ) ;
#241 = CONICAL_SURFACE ( 'NONE', #3769, 1.199999999999999700, 0.7853981633974482800 ) ;
#242 = LINE ( 'NONE', #606, #133 ) ;
#243 = ORIENTED_EDGE ( 'NONE', *, *, #3116, .F. ) ;
#244 = CONICAL_SURFACE ( 'NONE', #1272, 1.200000000000002200, 0.7853981633974477200 ) ;
#245 = AXIS2_PLACEMENT_3D ( 'NONE', #604, #1292, #951 ) ;
#246 = CARTESIAN_POINT ( 'NONE',  ( 0.0000000000000000000, -5.000000000000000900, 3.499999999999999600 ) ) ;
#247 = LINE ( 'NONE', #2357, #3832 ) ;
#248 = CARTESIAN_POINT ( 'NONE',  ( -5.499999999999991100, 2.066973605524963500, 2.199999999999958900 ) ) ;
#249 = DIRECTION ( 'NONE',  ( 1.000000000000000000, 0.0000000000000000000, 0.0000000000000000000 ) ) ;
#250 = VERTEX_POINT ( 'NONE', #1158 ) ;
#251 = DIRECTION ( 'NONE',  ( -1.110223024625154800E-016, 0.0000000000000000000, 1.000000000000000000 ) ) ;
#252 = CARTESIAN_POINT ( 'NONE',  ( -6.938893903907228400E-015, -1.387778780781445700E-014, 19.80000000000004000 ) ) ;
#253 = ADVANCED_FACE ( 'NONE', ( #2693 ), #4437, .F. ) ;
#254 = FACE_OUTER_BOUND ( 'NONE', #104, .T. ) ;
#255 = AXIS2_PLACEMENT_3D ( 'NONE', #2354, #286, #2716 ) ;
#256 = EDGE_LOOP ( 'NONE', ( #2160, #1386, #1287, #2991 ) ) ;
#257 = VERTEX_POINT ( 'NONE', #3936 ) ;
#258 = PERSON ( 'NAUO-PER2', 'UNSPECIFIED', 'UNSPECIFIED', ('UNSPECIFIED'), ('UNSPECIFIED'), ('UNSPECIFIED') ) ;
#259 = CIRCLE ( 'NONE', #571, 1.199999999999999700 ) ;
#260 = DIRECTION ( 'NONE',  ( -0.4327653601265781800, -0.9015065962457031700, 2.775557561562880300E-017 ) ) ;
#261 = ORIENTED_EDGE ( 'NONE', *, *, #138, .T. ) ;
#262 = AXIS2_PLACEMENT_3D ( 'NONE', #1044, #3469, #1385 ) ;
#263 = PRODUCT_DEFINITION ( 'UNKNOWN', '', #1427, #160 ) ;
#264 = ORIENTED_EDGE ( 'NONE', *, *, #4270, .T. ) ;
#265 = CARTESIAN_POINT ( 'NONE',  ( -5.502944865571804700, 1.532529585341807500, 2.199999999999993500 ) ) ;
#266 = CARTESIAN_POINT ( 'NONE',  ( -5.507214920650829600, -2.336958334505153000, 2.199999999999993500 ) ) ;
#267 = ORIENTED_EDGE ( 'NONE', *, *, #1123, .T. ) ;
#268 = DIRECTION ( 'NONE',  ( -4.589215544912187200E-016, -1.000000000000000000, 0.0000000000000000000 ) ) ;
#269 = ORIENTED_EDGE ( 'NONE', *, *, #460, .F. ) ;
#270 = CARTESIAN_POINT ( 'NONE',  ( -5.507214920650829600, -2.336958334505153000, 2.199999999999993500 ) ) ;
#271 = DIRECTION ( 'NONE',  ( 1.000000000000000000, -8.673617379884021700E-016, 2.168404344971005400E-016 ) ) ;
#272 = CARTESIAN_POINT ( 'NONE',  ( -4.321693843278199100, 0.06348339486497711600, 2.200000000000007300 ) ) ;
#273 = ORIENTED_EDGE ( 'NONE', *, *, #2613, .F. ) ;
#274 = DATE_AND_TIME ( #1197, #2115 ) ;
#275 = CARTESIAN_POINT ( 'NONE',  ( -12.49999999999999600, 0.0000000000000000000, -6.938893903907228400E-015 ) ) ;
#276 = ORIENTED_EDGE ( 'NONE', *, *, #981, .T. ) ;
#277 = ADVANCED_FACE ( 'NONE', ( #1761, #3942, #857 ), #2186, .F. ) ;
#278 = ORIENTED_EDGE ( 'NONE', *, *, #4031, .T. ) ;
#279 = COORDINATED_UNIVERSAL_TIME_OFFSET ( 9, 0, .AHEAD. ) ;
#280 = DIRECTION ( 'NONE',  ( 0.0000000000000000000, 1.000000000000000000, 0.0000000000000000000 ) ) ;
#281 = CARTESIAN_POINT ( 'NONE',  ( -0.9450000000000000600, 4.999999999999997300, 3.499999999999999600 ) ) ;
#282 = ORIENTED_EDGE ( 'NONE', *, *, #3996, .T. ) ;
#283 = EDGE_CURVE ( 'NONE', #4182, #995, #3506, .T. ) ;
#284 = AXIS2_PLACEMENT_3D ( 'NONE', #3054, #973, #3397 ) ;
#285 = PLANE ( 'NONE',  #2455 ) ;
#286 = DIRECTION ( 'NONE',  ( -1.110223024625154800E-016, 0.0000000000000000000, 1.000000000000000000 ) ) ;
#287 = ORIENTED_EDGE ( 'NONE', *, *, #1577, .F. ) ;
#288 = VECTOR ( 'NONE', #2273, 1000.000000000000000 ) ;
#289 = CARTESIAN_POINT ( 'NONE',  ( -4.556383268983860400, 1.087200469433224900, 2.000000000000001800 ) ) ;
#290 = DIRECTION ( 'NONE',  ( -2.168404344971008900E-016, -1.000000000000000000, 0.0000000000000000000 ) ) ;
#291 = EDGE_CURVE ( 'NONE', #2255, #2416, #1657, .T. ) ;
#292 = FACE_BOUND ( 'NONE', #2307, .T. ) ;
#293 = FACE_OUTER_BOUND ( 'NONE', #1346, .T. ) ;
#294 = CARTESIAN_POINT ( 'NONE',  ( -5.507214920650829600, -2.336958334505153000, 2.199999999999993500 ) ) ;
#295 = CARTESIAN_POINT ( 'NONE',  ( -4.321693843278199100, -0.4905930624633098000, 2.200000000000007300 ) ) ;
#296 = CARTESIAN_POINT ( 'NONE',  ( -9.199999999999992200, 4.999999999999997300, -1.332267629550194700E-016 ) ) ;
#297 = VECTOR ( 'NONE', #1749, 1000.000000000000100 ) ;
#298 = EDGE_CURVE ( 'NONE', #3095, #2324, #742, .T. ) ;
#299 = CARTESIAN_POINT ( 'NONE',  ( -6.938893903907228400E-015, -4.163336342344337000E-014, 0.0000000000000000000 ) ) ;
#300 = ADVANCED_FACE ( 'NONE', ( #2581, #3396 ), #136, .F. ) ;
#301 = CIRCLE ( 'NONE', #734, 2.100000000000002800 ) ;
#302 = LINE ( 'NONE', #3932, #3181 ) ;
#303 = ORIENTED_EDGE ( 'NONE', *, *, #3171, .T. ) ;
#304 = DIRECTION ( 'NONE',  ( 1.110223024625154800E-016, -0.0000000000000000000, -1.000000000000000000 ) ) ;
#305 = ORIENTED_EDGE ( 'NONE', *, *, #2454, .F. ) ;
#306 = FACE_OUTER_BOUND ( 'NONE', #446, .T. ) ;
#307 = EDGE_CURVE ( 'NONE', #375, #890, #632, .T. ) ;
#308 = AXIS2_PLACEMENT_3D ( 'NONE', #1393, #3825, #1744 ) ;
#309 = ORIENTED_EDGE ( 'NONE', *, *, #3344, .T. ) ;
#310 = VERTEX_POINT ( 'NONE', #1517 ) ;
#311 = VECTOR ( 'NONE', #1057, 1000.000000000000000 ) ;
#312 = DIRECTION ( 'NONE',  ( 0.0000000000000000000, -0.0000000000000000000, 1.000000000000000000 ) ) ;
#313 = VERTEX_POINT ( 'NONE', #3264 ) ;
#314 = CARTESIAN_POINT ( 'NONE',  ( -10.49999999999999500, -8.000000000000000000, 1.999999999999988000 ) ) ;
#315 = ORIENTED_EDGE ( 'NONE', *, *, #1006, .T. ) ;
#316 = AXIS2_PLACEMENT_3D ( 'NONE', #560, #2987, #907 ) ;
#317 = VECTOR ( 'NONE', #2869, 1000.000000000000000 ) ;
#318 = EDGE_CURVE ( 'NONE', #2600, #3457, #4210, .T. ) ;
#319 = EDGE_LOOP ( 'NONE', ( #371, #2359, #3641, #3963, #3187, #988, #45, #4012, #4472, #3531 ) ) ;
#320 = ORIENTED_EDGE ( 'NONE', *, *, #653, .T. ) ;
#321 = ADVANCED_FACE ( 'NONE', ( #2355 ), #514, .F. ) ;
#322 = ORIENTED_EDGE ( 'NONE', *, *, #941, .T. ) ;
#323 = PRODUCT_DEFINITION_FORMATION_WITH_SPECIFIED_SOURCE ( 'ANY', '', #3717, .NOT_KNOWN. ) ;
#324 = VERTEX_POINT ( 'NONE', #3616 ) ;
#325 = CARTESIAN_POINT ( 'NONE',  ( -5.507214920650829600, -1.826564049824779000, 2.199999999999993500 ) ) ;
#326 = COORDINATED_UNIVERSAL_TIME_OFFSET ( 9, 0, .AHEAD. ) ;
#327 = EDGE_CURVE ( 'NONE', #1683, #4024, #3288, .T. ) ;
#328 = CARTESIAN_POINT ( 'NONE',  ( -4.812799258463451600, -3.337656376520739400, 2.199999999999990000 ) ) ;
#329 = ORIENTED_EDGE ( 'NONE', *, *, #1836, .F. ) ;
#330 = PLANE ( 'NONE',  #2819 ) ;
#331 = PERSON_AND_ORGANIZATION ( #2908, #3807 ) ;
#332 = CARTESIAN_POINT ( 'NONE',  ( -5.304542727856007100, -2.336958334505153000, 2.200000000000007300 ) ) ;
#333 = ORIENTED_EDGE ( 'NONE', *, *, #4512, .T. ) ;
#334 = DIRECTION ( 'NONE',  ( -1.110223024625154800E-016, 0.0000000000000000000, 1.000000000000000000 ) ) ;
#335 = AXIS2_PLACEMENT_3D ( 'NONE', #2221, #144, #2574 ) ;
#336 = ORIENTED_EDGE ( 'NONE', *, *, #3408, .F. ) ;
#337 = VECTOR ( 'NONE', #676, 1000.000000000000000 ) ;
#338 = B_SPLINE_CURVE_WITH_KNOTS ( 'NONE', 3,
 ( #1705, #3783, #2396, #328 ),
 .UNSPECIFIED., .F., .F.,
 ( 4, 4 ),
 ( 1.000000000000000000, 2.000000000000000000 ),
 .UNSPECIFIED. ) ;
#339 = APPROVAL_STATUS ( 'not_yet_approved' ) ;
#340 = CYLINDRICAL_SURFACE ( 'NONE', #404, 0.9250000000000013800 ) ;
#341 = CARTESIAN_POINT ( 'NONE',  ( -4.321693843278199100, -0.4905930624633098000, 2.200000000000007300 ) ) ;
#342 = DIRECTION ( 'NONE',  ( 1.000000000000000000, 0.0000000000000000000, 1.110223024625154800E-016 ) ) ;
#343 = ADVANCED_FACE ( 'NONE', ( #2249 ), #2702, .F. ) ;
#344 = LINE ( 'NONE', #1662, #1535 ) ;
#345 = DIRECTION ( 'NONE',  ( -0.0000000000000000000, 1.000000000000000000, -0.0000000000000000000 ) ) ;
#346 = AXIS2_PLACEMENT_3D ( 'NONE', #3135, #1397, #4162 ) ;
#347 = AXIS2_PLACEMENT_3D ( 'NONE', #1093, #2484, #3186 ) ;
#348 = FACE_OUTER_BOUND ( 'NONE', #3101, .T. ) ;
#349 = CARTESIAN_POINT ( 'NONE',  ( -4.812799258463451600, -3.337656376520739400, 1.999999999999988200 ) ) ;
#350 = APPLICATION_PROTOCOL_DEFINITION ( 'international standard', 'config_control_design', 1994, #1861 ) ;
#351 = LINE ( 'NONE', #4063, #1975 ) ;
#352 = ORIENTED_EDGE ( 'NONE', *, *, #3065, .T. ) ;
#353 = VECTOR ( 'NONE', #3889, 1000.000000000000000 ) ;
#354 = DIRECTION ( 'NONE',  ( -0.9009213347507873900, -0.4339824288964470000, -5.551115123125775900E-017 ) ) ;
#355 = CARTESIAN_POINT ( 'NONE',  ( -5.292501499740316400, 0.7414732513075783500, 2.200000000000000600 ) ) ;
#356 = VECTOR ( 'NONE', #991, 1000.000000000000000 ) ;
#357 = CARTESIAN_POINT ( 'NONE',  ( -4.973163549210582300, -2.694563177103599800, 1.999999999999911600 ) ) ;
#358 = CARTESIAN_POINT ( 'NONE',  ( 3.500000000000003100, 4.999999999999997300, 1.500000000000001300 ) ) ;
#359 = ORIENTED_EDGE ( 'NONE', *, *, #1363, .F. ) ;
#360 = CARTESIAN_POINT ( 'NONE',  ( 8.000000000000000000, -5.000000000000000900, 2.000000000000001800 ) ) ;
#361 = LINE ( 'NONE', #839, #1280 ) ;
#362 = CARTESIAN_POINT ( 'NONE',  ( -5.507214920650829600, -0.6157334888991922200, 2.199999999999993500 ) ) ;
#363 = ORIENTED_EDGE ( 'NONE', *, *, #2462, .F. ) ;
#364 = ADVANCED_FACE ( 'NONE', ( #1324, #526, #1547, #4100, #415, #3999, #3074 ), #3395, .T. ) ;
#365 = VERTEX_POINT ( 'NONE', #3742 ) ;
#366 = EDGE_CURVE ( 'NONE', #4459, #568, #2141, .T. ) ;
#367 = CIRCLE ( 'NONE', #1033, 2.500000000000004000 ) ;
#368 = AXIS2_PLACEMENT_3D ( 'NONE', #940, #3367, #1279 ) ;
#369 = DIRECTION ( 'NONE',  ( 1.000000000000000000, 0.0000000000000000000, 1.110223024625155100E-016 ) ) ;
#370 = SECURITY_CLASSIFICATION_LEVEL ( 'unclassified' ) ;
#371 = ORIENTED_EDGE ( 'NONE', *, *, #3633, .F. ) ;
#372 = ORIENTED_EDGE ( 'NONE', *, *, #2531, .T. ) ;
#373 = DIRECTION ( 'NONE',  ( 1.110223024625154800E-016, 0.0000000000000000000, -1.000000000000000000 ) ) ;
#374 = DIRECTION ( 'NONE',  ( -0.9060587127439392300, 0.4231519928592986600, 1.665334536937732600E-016 ) ) ;
#375 = VERTEX_POINT ( 'NONE', #2412 ) ;
#376 = CARTESIAN_POINT ( 'NONE',  ( 0.0000000000000000000, 5.499999999999998200, 3.499999999999999600 ) ) ;
#377 = EDGE_CURVE ( 'NONE', #2416, #3479, #301, .T. ) ;
#378 = ORIENTED_EDGE ( 'NONE', *, *, #1253, .F. ) ;
#379 = CARTESIAN_POINT ( 'NONE',  ( -4.812799258463451600, -3.337656376520739400, 2.199999999999990000 ) ) ;
#380 = CARTESIAN_POINT ( 'NONE',  ( 8.000000000000000000, 4.999999999999997300, 0.0000000000000000000 ) ) ;
#381 = CARTESIAN_POINT ( 'NONE',  ( -4.321693843278199100, -1.826564049824779000, 2.200000000000007300 ) ) ;
#382 = EDGE_LOOP ( 'NONE', ( #1081, #309, #1690, #759 ) ) ;
#383 = PERSON_AND_ORGANIZATION ( #2908, #3807 ) ;
#384 = CC_DESIGN_PERSON_AND_ORGANIZATION_ASSIGNMENT ( #3797, #1085, ( #3725 ) ) ;
#385 = PLANE ( 'NONE',  #1927 ) ;
#386 = SECURITY_CLASSIFICATION_LEVEL ( 'unclassified' ) ;
#387 = ORIENTED_EDGE ( 'NONE', *, *, #449, .F. ) ;
#388 = EDGE_CURVE ( 'NONE', #2441, #2375, #3885, .T. ) ;
#389 = ORIENTED_EDGE ( 'NONE', *, *, #528, .T. ) ;
#390 = CARTESIAN_POINT ( 'NONE',  ( -4.970169602545968100, -2.782042044949417600, 1.999999999999994900 ) ) ;
#391 = DATE_AND_TIME ( #1305, #2230 ) ;
#392 = DIRECTION ( 'NONE',  ( 4.589215544912187200E-016, 1.000000000000000000, -0.0000000000000000000 ) ) ;
#393 = ADVANCED_FACE ( 'NONE', ( #1221 ), #3772, .T. ) ;
#394 = DIRECTION ( 'NONE',  ( -1.000000000000000000, 0.0000000000000000000, 0.0000000000000000000 ) ) ;
#395 = ORIENTED_EDGE ( 'NONE', *, *, #2288, .T. ) ;
#396 = DIRECTION ( 'NONE',  ( 0.0000000000000000000, -1.000000000000000000, 0.0000000000000000000 ) ) ;
#397 = CARTESIAN_POINT ( 'NONE',  ( 1.524685264938461100E-016, -5.000000000000004400, 4.745000000000004500 ) ) ;
#398 = PLANE ( 'NONE',  #4395 ) ;
#399 = EDGE_LOOP ( 'NONE', ( #2971, #664, #1892, #195, #1581 ) ) ;
#400 = FACE_OUTER_BOUND ( 'NONE', #1412, .T. ) ;
#401 = CONICAL_SURFACE ( 'NONE', #255, 1.200000000000002200, 0.7853981633974477200 ) ;
#402 = CARTESIAN_POINT ( 'NONE',  ( -4.321693843278199100, -2.336958334505153000, 2.200000000000007300 ) ) ;
#403 = CARTESIAN_POINT ( 'NONE',  ( -5.292501499740316400, 0.7414732513075783500, 2.200000000000000600 ) ) ;
#404 = AXIS2_PLACEMENT_3D ( 'NONE', #2142, #407, #66 ) ;
#405 = EDGE_CURVE ( 'NONE', #649, #868, #187, .T. ) ;
#406 = FACE_OUTER_BOUND ( 'NONE', #3672, .T. ) ;
#407 = DIRECTION ( 'NONE',  ( 0.0000000000000000000, 1.000000000000000000, 0.0000000000000000000 ) ) ;
#408 = DIRECTION ( 'NONE',  ( -3.469446951953622600E-016, -1.000000000000000000, 0.0000000000000000000 ) ) ;
#409 = CARTESIAN_POINT ( 'NONE',  ( -4.853013033882414000, -0.8283200624523214800, 2.199999999999979700 ) ) ;
#410 = VECTOR ( 'NONE', #4164, 1000.000000000000000 ) ;
#411 = VERTEX_POINT ( 'NONE', #3834 ) ;
#412 = DIRECTION ( 'NONE',  ( 1.110223024625155100E-016, 0.0000000000000000000, -1.000000000000000000 ) ) ;
#413 = DIRECTION ( 'NONE',  ( -0.9231390502128480300, -0.3844662455562528100, 5.551115123125772200E-017 ) ) ;
#414 = CC_DESIGN_PERSON_AND_ORGANIZATION_ASSIGNMENT ( #167, #163, ( #4220 ) ) ;
#415 = FACE_BOUND ( 'NONE', #920, .T. ) ;
#416 = ADVANCED_FACE ( 'NONE', ( #1113 ), #2745, .F. ) ;
#417 = VECTOR ( 'NONE', #4249, 1000.000000000000000 ) ;
#418 = EDGE_CURVE ( 'NONE', #1683, #1351, #2858, .T. ) ;
#419 = ORIENTED_EDGE ( 'NONE', *, *, #1015, .F. ) ;
#420 = CARTESIAN_POINT ( 'NONE',  ( -4.472135954499939300, 5.199999999999996600, 2.000000000715998400 ) ) ;
#421 = LINE ( 'NONE', #1630, #4003 ) ;
#422 = ORIENTED_EDGE ( 'NONE', *, *, #2861, .T. ) ;
#423 = CARTESIAN_POINT ( 'NONE',  ( -4.556383268983860400, 1.087200469433224900, 2.000000000000001800 ) ) ;
#424 = ORIENTED_EDGE ( 'NONE', *, *, #3316, .F. ) ;
#425 = VECTOR ( 'NONE', #2685, 1000.000000000000000 ) ;
#426 = DIRECTION ( 'NONE',  ( 7.850462293418874600E-017, -0.7071067811865464600, -0.7071067811865485700 ) ) ;
#427 = DIRECTION ( 'NONE',  ( 1.000000000000000000, -3.469446951953614200E-016, 0.0000000000000000000 ) ) ;
#428 = VERTEX_POINT ( 'NONE', #379 ) ;
#429 = CARTESIAN_POINT ( 'NONE',  ( -5.502944865571804700, 0.1462013967030995100, 2.199999999999993500 ) ) ;
#430 = ORIENTED_EDGE ( 'NONE', *, *, #3225, .T. ) ;
#431 = PLANE ( 'NONE',  #586 ) ;
#432 = LINE ( 'NONE', #1105, #4014 ) ;
#433 = ORIENTED_EDGE ( 'NONE', *, *, #3785, .T. ) ;
#434 = EDGE_CURVE ( 'NONE', #868, #1031, #1918, .T. ) ;
#435 = AXIS2_PLACEMENT_3D ( 'NONE', #455, #2885, #806 ) ;
#436 = VERTEX_POINT ( 'NONE', #1422 ) ;
#437 = CARTESIAN_POINT ( 'NONE',  ( 6.800000000000000700, 4.999999999999997300, 0.0000000000000000000 ) ) ;
#438 = ORIENTED_EDGE ( 'NONE', *, *, #3316, .T. ) ;
#439 = ORIENTED_EDGE ( 'NONE', *, *, #2938, .F. ) ;
#440 = EDGE_CURVE ( 'NONE', #4024, #4390, #2232, .T. ) ;
#441 = DIRECTION ( 'NONE',  ( 1.000000000000000000, 0.0000000000000000000, 0.0000000000000000000 ) ) ;
#442 = CARTESIAN_POINT ( 'NONE',  ( -4.973163549210582300, -2.336958334505153000, 1.999999999999911600 ) ) ;
#443 = EDGE_CURVE ( 'NONE', #3091, #3735, #1007, .T. ) ;
#444 = DIRECTION ( 'NONE',  ( 1.000000000000000000, 0.0000000000000000000, 0.0000000000000000000 ) ) ;
#445 = DIRECTION ( 'NONE',  ( 0.0000000000000000000, 0.0000000000000000000, -1.000000000000000000 ) ) ;
#446 = EDGE_LOOP ( 'NONE', ( #1240, #478, #4458, #2051, #363 ) ) ;
#447 = COORDINATED_UNIVERSAL_TIME_OFFSET ( 9, 0, .AHEAD. ) ;
#448 = VERTEX_POINT ( 'NONE', #2807 ) ;
#449 = EDGE_CURVE ( 'NONE', #764, #448, #3556, .T. ) ;
#450 = DIRECTION ( 'NONE',  ( 0.9050955275702011700, 0.4252082853995430300, 0.0000000000000000000 ) ) ;
#451 = ORIENTED_EDGE ( 'NONE', *, *, #763, .T. ) ;
#452 = LINE ( 'NONE', #662, #3923 ) ;
#453 = DIRECTION ( 'NONE',  ( 1.110223024625154800E-016, -0.0000000000000000000, -1.000000000000000000 ) ) ;
#454 = CARTESIAN_POINT ( 'NONE',  ( 0.0000000000000000000, 10.00000000000000200, 3.499999999999999600 ) ) ;
#455 = CARTESIAN_POINT ( 'NONE',  ( 3.500000000000003100, -5.000000000000000900, 1.500000000000001300 ) ) ;
#456 = FACE_BOUND ( 'NONE', #2283, .T. ) ;
#457 = CARTESIAN_POINT ( 'NONE',  ( -9.859870947954092000E-015, -0.7999999999999964900, 20.00000000000001800 ) ) ;
#458 = DIRECTION ( 'NONE',  ( 0.0000000000000000000, 0.0000000000000000000, 1.000000000000000000 ) ) ;
#459 = DIRECTION ( 'NONE',  ( 0.0000000000000000000, 0.0000000000000000000, 1.000000000000000000 ) ) ;
#460 = EDGE_CURVE ( 'NONE', #1351, #3312, #4486, .T. ) ;
#461 = AXIS2_PLACEMENT_3D ( 'NONE', #429, #1119, #3552 ) ;
#462 = CYLINDRICAL_SURFACE ( 'NONE', #2197, 0.3000000000000003800 ) ;
#463 = VECTOR ( 'NONE', #3127, 1000.000000000000000 ) ;
#464 = AXIS2_PLACEMENT_3D ( 'NONE', #2330, #260, #2689 ) ;
#465 = EDGE_CURVE ( 'NONE', #2723, #833, #652, .T. ) ;
#466 = CARTESIAN_POINT ( 'NONE',  ( 0.0000000000000000000, -4.699999999999999300, 3.499999999999999600 ) ) ;
#467 = LINE ( 'NONE', #2638, #4047 ) ;
#468 = ORIENTED_EDGE ( 'NONE', *, *, #4247, .T. ) ;
#469 = CARTESIAN_POINT ( 'NONE',  ( -5.502944865571804700, 2.028444947627654000, 2.199999999999993500 ) ) ;
#470 = DIRECTION ( 'NONE',  ( -0.0000000000000000000, -0.0000000000000000000, -1.000000000000000000 ) ) ;
#471 = DIRECTION ( 'NONE',  ( 1.110223024625154800E-016, 0.0000000000000000000, -1.000000000000000000 ) ) ;
#472 = VECTOR ( 'NONE', #3178, 1000.000000000000100 ) ;
#473 = DIRECTION ( 'NONE',  ( 0.0000000000000000000, 1.000000000000000000, 0.0000000000000000000 ) ) ;
#474 = DIRECTION ( 'NONE',  ( -0.0000000000000000000, 0.0000000000000000000, -1.000000000000000000 ) ) ;
#475 = VECTOR ( 'NONE', #724, 1000.000000000000000 ) ;
#476 =( NAMED_UNIT ( * ) SI_UNIT ( $, .STERADIAN. ) SOLID_ANGLE_UNIT ( ) );
#477 = CC_DESIGN_PERSON_AND_ORGANIZATION_ASSIGNMENT ( #2943, #15, ( #4281 ) ) ;
#478 = ORIENTED_EDGE ( 'NONE', *, *, #3868, .F. ) ;
#479 = EDGE_CURVE ( 'NONE', #3776, #1877, #1458, .T. ) ;
#480 = VECTOR ( 'NONE', #1881, 1000.000000000000000 ) ;
#481 = VERTEX_POINT ( 'NONE', #2480 ) ;
#482 = VERTEX_POINT ( 'NONE', #2842 ) ;
#483 = DIRECTION ( 'NONE',  ( -1.000000000000000000, -3.614007242319599300E-016, -1.110223024625154800E-016 ) ) ;
#484 = VECTOR ( 'NONE', #4260, 1000.000000000000000 ) ;
#485 = CARTESIAN_POINT ( 'NONE',  ( -3.000000000000002700, 5.200000000000002800, 1.499999999897444500 ) ) ;
#486 = DIRECTION ( 'NONE',  ( -1.000000000000000000, 0.0000000000000000000, 0.0000000000000000000 ) ) ;
#487 = ORIENTED_EDGE ( 'NONE', *, *, #1686, .T. ) ;
#488 = DIRECTION ( 'NONE',  ( -6.840249869936602700E-016, 1.000000000000000000, 2.465190328815661900E-032 ) ) ;
#489 = EDGE_LOOP ( 'NONE', ( #273, #2421, #2585, #3862 ) ) ;
#490 = CARTESIAN_POINT ( 'NONE',  ( -7.999999999999992900, 4.999999999999997300, 0.5999999999999998700 ) ) ;
#491 = CARTESIAN_POINT ( 'NONE',  ( -4.973163549210582300, -2.336958334505153000, 1.999999999999911600 ) ) ;
#492 = AXIS2_PLACEMENT_3D ( 'NONE', #4432, #268, #249 ) ;
#493 = DIRECTION ( 'NONE',  ( -1.000000000000000000, -3.658145580636347500E-016, -1.110223024625154800E-016 ) ) ;
#494 = MECHANICAL_CONTEXT ( 'NONE', #131, 'mechanical' ) ;
#495 = ORIENTED_EDGE ( 'NONE', *, *, #3946, .F. ) ;
#496 = EDGE_LOOP ( 'NONE', ( #4236, #2530, #1255, #320 ) ) ;
#497 = AXIS2_PLACEMENT_3D ( 'NONE', #953, #3714, #3382 ) ;
#498 = ORIENTED_EDGE ( 'NONE', *, *, #3107, .T. ) ;
#499 = DIRECTION ( 'NONE',  ( 1.110223024625154800E-016, 0.0000000000000000000, -1.000000000000000000 ) ) ;
#500 = PERSON_AND_ORGANIZATION ( #2908, #3807 ) ;
#501 = ORIENTED_EDGE ( 'NONE', *, *, #1384, .F. ) ;
#502 = ORIENTED_EDGE ( 'NONE', *, *, #1160, .T. ) ;
#503 = PERSON_AND_ORGANIZATION ( #2908, #3807 ) ;
#504 = PLANE ( 'NONE',  #2998 ) ;
#505 = AXIS2_PLACEMENT_3D ( 'NONE', #627, #4151, #2068 ) ;
#506 = APPROVAL ( #1182, 'UNSPECIFIED' ) ;
#507 = CARTESIAN_POINT ( 'NONE',  ( -4.652451328080661400, -2.694481375282165000, 2.199999999999952200 ) ) ;
#508 = DIRECTION ( 'NONE',  ( 1.110223024625154800E-016, 0.0000000000000000000, -1.000000000000000000 ) ) ;
#509 = PERSON_AND_ORGANIZATION_ROLE ( 'classification_officer' ) ;
#510 = EDGE_LOOP ( 'NONE', ( #540, #3422, #216, #1459 ) ) ;
#511 = ORIENTED_EDGE ( 'NONE', *, *, #1224, .F. ) ;
#512 = CARTESIAN_POINT ( 'NONE',  ( 3.000000000000002700, -7.500000000000000000, 1.499999999794898100 ) ) ;
#513 = LINE ( 'NONE', #866, #2239 ) ;
#514 = PLANE ( 'NONE',  #4071 ) ;
#515 = FACE_OUTER_BOUND ( 'NONE', #3241, .T. ) ;
#516 = PLANE ( 'NONE',  #3891 ) ;
#517 = DIRECTION ( 'NONE',  ( 0.0000000000000000000, 0.0000000000000000000, 1.000000000000000000 ) ) ;
#518 = CARTESIAN_POINT ( 'NONE',  ( -4.472135954999997900, -5.200000000000000200, 2.000000000715998400 ) ) ;
#519 = LINE ( 'NONE', #99, #4095 ) ;
#520 = DIRECTION ( 'NONE',  ( 1.000000000000000000, 0.0000000000000000000, 1.110223024625154800E-016 ) ) ;
#521 = APPROVAL_STATUS ( 'not_yet_approved' ) ;
#522 = EDGE_CURVE ( 'NONE', #2977, #1572, #4116, .T. ) ;
#523 = AXIS2_PLACEMENT_3D ( 'NONE', #1665, #4093, #2011 ) ;
#524 = FACE_OUTER_BOUND ( 'NONE', #1834, .T. ) ;
#525 = DIRECTION ( 'NONE',  ( 1.110223024625154800E-016, 0.0000000000000000000, -1.000000000000000000 ) ) ;
#526 = FACE_OUTER_BOUND ( 'NONE', #100, .T. ) ;
#527 = VECTOR ( 'NONE', #2163, 1000.000000000000000 ) ;
#528 = EDGE_CURVE ( 'NONE', #1407, #4187, #3194, .T. ) ;
#529 = VERTEX_POINT ( 'NONE', #409 ) ;
#530 = CARTESIAN_POINT ( 'NONE',  ( -4.321693843278199100, -1.083378141696067500, 2.200000000000007300 ) ) ;
#531 = VECTOR ( 'NONE', #4043, 1000.000000000000000 ) ;
#532 = CARTESIAN_POINT ( 'NONE',  ( -4.321693843278199100, -1.641675573010550800, 2.000000000000012000 ) ) ;
#533 = DIRECTION ( 'NONE',  ( 1.000000000000000000, -6.938893903907217500E-016, 1.734723475976804400E-016 ) ) ;
#534 = VERTEX_POINT ( 'NONE', #4235 ) ;
#535 = CARTESIAN_POINT ( 'NONE',  ( 5.900000000000000400, -5.000000000000000900, 1.500000000000001300 ) ) ;
#536 = ORIENTED_EDGE ( 'NONE', *, *, #539, .F. ) ;
#537 = FACE_OUTER_BOUND ( 'NONE', #2703, .T. ) ;
#538 = ORIENTED_EDGE ( 'NONE', *, *, #1461, .T. ) ;
#539 = EDGE_CURVE ( 'NONE', #568, #4338, #3304, .T. ) ;
#540 = ORIENTED_EDGE ( 'NONE', *, *, #771, .T. ) ;
#541 = VECTOR ( 'NONE', #3522, 1000.000000000000000 ) ;
#542 = DIRECTION ( 'NONE',  ( 1.636694662590740700E-016, -1.387169655721517500E-015, -1.000000000000000000 ) ) ;
#543 = ORIENTED_EDGE ( 'NONE', *, *, #48, .T. ) ;
#544 = ORIENTED_EDGE ( 'NONE', *, *, #4106, .T. ) ;
#545 = DIRECTION ( 'NONE',  ( 0.0000000000000000000, -0.0000000000000000000, 1.000000000000000000 ) ) ;
#546 = VERTEX_POINT ( 'NONE', #1117 ) ;
#547 = EDGE_CURVE ( 'NONE', #1742, #1676, #432, .T. ) ;
#548 = CARTESIAN_POINT ( 'NONE',  ( -5.899999999999990600, 4.999999999999997300, 1.999999999999974500 ) ) ;
#549 = ORIENTED_EDGE ( 'NONE', *, *, #71, .T. ) ;
#550 = DIRECTION ( 'NONE',  ( -0.0000000000000000000, -0.0000000000000000000, -1.000000000000000000 ) ) ;
#551 = PERSON_AND_ORGANIZATION ( #4424, #1466 ) ;
#552 = CARTESIAN_POINT ( 'NONE',  ( -4.973163549210582300, -2.694563177103599800, 2.199999999999993500 ) ) ;
#553 = ORIENTED_EDGE ( 'NONE', *, *, #1291, .T. ) ;
#554 = DATE_AND_TIME ( #1475, #2387 ) ;
#555 = AXIS2_PLACEMENT_3D ( 'NONE', #3674, #1597, #4029 ) ;
#556 = DIRECTION ( 'NONE',  ( 1.000000000000000000, 2.425475370204542300E-015, 1.665334536937732600E-016 ) ) ;
#557 = EDGE_CURVE ( 'NONE', #3918, #1527, #1341, .T. ) ;
#558 = ADVANCED_FACE ( 'NONE', ( #3092 ), #2043, .F. ) ;
#559 = ORIENTED_EDGE ( 'NONE', *, *, #2847, .T. ) ;
#560 = CARTESIAN_POINT ( 'NONE',  ( -4.472135954999997900, 10.00000000000000200, 4.000000000000003600 ) ) ;
#561 = CARTESIAN_POINT ( 'NONE',  ( -4.652451328080661400, -2.781714837663672200, 2.199999999999952200 ) ) ;
#562 = VERTEX_POINT ( 'NONE', #1135 ) ;
#563 = APPROVAL ( #1036, 'UNSPECIFIED' ) ;
#564 = VECTOR ( 'NONE', #3058, 1000.000000000000000 ) ;
#565 = CARTESIAN_POINT ( 'NONE',  ( 0.6397748130902505300, 0.0000000000000000000, 1.083248422254504000 ) ) ;
#566 = EDGE_CURVE ( 'NONE', #3845, #872, #3905, .T. ) ;
#567 = DIRECTION ( 'NONE',  ( 0.9009213347507873900, 0.4339824288964470000, 5.551115123125775900E-017 ) ) ;
#568 = VERTEX_POINT ( 'NONE', #3560 ) ;
#569 = VECTOR ( 'NONE', #1447, 1000.000000000000100 ) ;
#570 = FACE_OUTER_BOUND ( 'NONE', #2487, .T. ) ;
#571 = AXIS2_PLACEMENT_3D ( 'NONE', #858, #3272, #1194 ) ;
#572 = FACE_OUTER_BOUND ( 'NONE', #2881, .T. ) ;
#573 = DIRECTION ( 'NONE',  ( 1.110223024625154800E-016, 0.0000000000000000000, -1.000000000000000000 ) ) ;
#574 = CARTESIAN_POINT ( 'NONE',  ( -4.321693843278199100, -1.826564049824779000, 2.200000000000007300 ) ) ;
#575 = DIRECTION ( 'NONE',  ( 0.0000000000000000000, 1.000000000000000000, 0.0000000000000000000 ) ) ;
#576 = CIRCLE ( 'NONE', #368, 2.000000000000000000 ) ;
#577 = EDGE_LOOP ( 'NONE', ( #2004, #1141 ) ) ;
#578 = CARTESIAN_POINT ( 'NONE',  ( -2.999999998688662700, 5.200000000000002800, -6.938893903907228400E-015 ) ) ;
#579 = ADVANCED_FACE ( 'NONE', ( #2983 ), #202, .F. ) ;
#580 = FACE_OUTER_BOUND ( 'NONE', #1850, .T. ) ;
#581 = LINE ( 'NONE', #1410, #475 ) ;
#582 = CARTESIAN_POINT ( 'NONE',  ( -4.724240606574683800, -2.853029665593337100, 2.000000000000001800 ) ) ;
#583 = EDGE_LOOP ( 'NONE', ( #430, #2438, #1207, #1845 ) ) ;
#584 = CIRCLE ( 'NONE', #2812, 1.200000000000002200 ) ;
#585 = AXIS2_PLACEMENT_3D ( 'NONE', #3828, #4180, #2095 ) ;
#586 = AXIS2_PLACEMENT_3D ( 'NONE', #2149, #2857, #777 ) ;
#587 = ORIENTED_EDGE ( 'NONE', *, *, #440, .T. ) ;
#588 = DIRECTION ( 'NONE',  ( -4.589215544912187200E-016, -1.000000000000000000, 0.0000000000000000000 ) ) ;
#589 = ORIENTED_EDGE ( 'NONE', *, *, #2174, .T. ) ;
#590 = CARTESIAN_POINT ( 'NONE',  ( 0.0000000000000000000, 5.499999999999998200, 3.499999999999999600 ) ) ;
#591 = FACE_OUTER_BOUND ( 'NONE', #2562, .T. ) ;
#592 = CARTESIAN_POINT ( 'NONE',  ( 2.159754586989573600E-016, 5.499999999999998200, 2.574999999999998400 ) ) ;
#593 = CARTESIAN_POINT ( 'NONE',  ( -4.812799258463451600, -2.853029665593337100, 1.999999999999915400 ) ) ;
#594 = ORIENTED_EDGE ( 'NONE', *, *, #2821, .T. ) ;
#595 = VERTEX_POINT ( 'NONE', #3915 ) ;
#596 = ORIENTED_EDGE ( 'NONE', *, *, #2258, .F. ) ;
#597 = DIRECTION ( 'NONE',  ( 0.0000000000000000000, 1.000000000000000000, 0.0000000000000000000 ) ) ;
#598 = ORIENTED_EDGE ( 'NONE', *, *, #1696, .T. ) ;
#599 = ADVANCED_FACE ( 'NONE', ( #1129 ), #2875, .T. ) ;
#600 = ORIENTED_EDGE ( 'NONE', *, *, #4115, .F. ) ;
#601 = DIRECTION ( 'NONE',  ( 1.000000000000000000, -3.469446951953614200E-016, 0.0000000000000000000 ) ) ;
#602 = COORDINATED_UNIVERSAL_TIME_OFFSET ( 9, 0, .AHEAD. ) ;
#603 = EDGE_CURVE ( 'NONE', #937, #4054, #3787, .T. ) ;
#604 = CARTESIAN_POINT ( 'NONE',  ( 0.0000000000000000000, -5.200000000000000200, 3.499999999999999600 ) ) ;
#605 = AXIS2_PLACEMENT_3D ( 'NONE', #927, #4046, #1964 ) ;
#606 = CARTESIAN_POINT ( 'NONE',  ( -5.304542727856007100, -2.853029665593337100, 2.000000000000001800 ) ) ;
#607 = EDGE_LOOP ( 'NONE', ( #2713, #1282, #2731, #881, #3039, #4104, #883, #2107, #1330 ) ) ;
#608 = DIRECTION ( 'NONE',  ( -1.000000000000000000, -3.386180225106729800E-015, -3.816391647148978100E-014 ) ) ;
#609 = VERTEX_POINT ( 'NONE', #457 ) ;
#610 = PERSON_AND_ORGANIZATION ( #2908, #3807 ) ;
#611 = PERSON ( 'NAUO-PER3', 'UNSPECIFIED', 'UNSPECIFIED', ('UNSPECIFIED'), ('UNSPECIFIED'), ('UNSPECIFIED') ) ;
#612 = VERTEX_POINT ( 'NONE', #1149 ) ;
#613 = CARTESIAN_POINT ( 'NONE',  ( -5.012330261315104200, -1.192419969672946300, 2.200000000000004200 ) ) ;
#614 = LINE ( 'NONE', #1786, #4192 ) ;
#615 = EDGE_CURVE ( 'NONE', #4490, #3479, #1022, .T. ) ;
#616 = MANIFOLD_SOLID_BREP ( 'ŒﬁΩ - âüÇµèoÇµ1', #885 ) ;
#617 = VECTOR ( 'NONE', #871, 1000.000000000000000 ) ;
#618 = VECTOR ( 'NONE', #2940, 1000.000000000000000 ) ;
#619 = DIRECTION ( 'NONE',  ( 1.110223024625154800E-016, 0.0000000000000000000, -1.000000000000000000 ) ) ;
#620 = SECURITY_CLASSIFICATION ( '', '', #3861 ) ;
#621 = CARTESIAN_POINT ( 'NONE',  ( 1.360023205165711400E-016, 5.200000000000093400, 2.275000000000092700 ) ) ;
#622 = FACE_OUTER_BOUND ( 'NONE', #929, .T. ) ;
#623 = DIRECTION ( 'NONE',  ( 1.110223024625154800E-016, 0.0000000000000000000, -1.000000000000000000 ) ) ;
#624 = EDGE_CURVE ( 'NONE', #1184, #1894, #2267, .T. ) ;
#625 = CARTESIAN_POINT ( 'NONE',  ( -6.799999999999990900, -5.000000000000000900, 1.332267629550188500E-016 ) ) ;
#626 = ADVANCED_FACE ( 'NONE', ( #3679 ), #1833, .T. ) ;
#627 = CARTESIAN_POINT ( 'NONE',  ( -12.49999999999998400, -10.00000000000000200, 2.000000000000015500 ) ) ;
#628 = DIRECTION ( 'NONE',  ( -1.000000000000000000, -1.565418863257174200E-015, -1.110223024625154800E-016 ) ) ;
#629 = VECTOR ( 'NONE', #3914, 1000.000000000000000 ) ;
#630 = CARTESIAN_POINT ( 'NONE',  ( -5.507214920650829600, -0.9566671202885790300, 2.199999999999993500 ) ) ;
#631 = CYLINDRICAL_SURFACE ( 'NONE', #3163, 2.000000000000000000 ) ;
#632 = CIRCLE ( 'NONE', #3146, 2.000000000000003100 ) ;
#633 = AXIS2_PLACEMENT_3D ( 'NONE', #1521, #855, #3268 ) ;
#634 = CARTESIAN_POINT ( 'NONE',  ( -5.292501499740268400, 1.433778426501830500, 1.999999999999984500 ) ) ;
#635 = FACE_OUTER_BOUND ( 'NONE', #4393, .T. ) ;
#636 = ORIENTED_EDGE ( 'NONE', *, *, #2954, .F. ) ;
#637 = DIRECTION ( 'NONE',  ( -1.565418863257174200E-015, 1.000000000000000000, 9.860761315262647600E-032 ) ) ;
#638 = LINE ( 'NONE', #3722, #1328 ) ;
#639 = AXIS2_PLACEMENT_3D ( 'NONE', #1114, #3547, #1465 ) ;
#640 = DIRECTION ( 'NONE',  ( 1.000000000000000000, 0.0000000000000000000, 1.110223024625154800E-016 ) ) ;
#641 = EDGE_CURVE ( 'NONE', #3218, #2196, #2761, .T. ) ;
#642 = CARTESIAN_POINT ( 'NONE',  ( 4.472135954999997900, 4.999999999999997300, 4.000000000000003600 ) ) ;
#643 = ORIENTED_EDGE ( 'NONE', *, *, #2406, .F. ) ;
#644 = VERTEX_POINT ( 'NONE', #843 ) ;
#645 = LINE ( 'NONE', #574, #1559 ) ;
#646 = CARTESIAN_POINT ( 'NONE',  ( -3.499999999999933800, 5.200000000000002800, 1.499999999999990900 ) ) ;
#647 = ORIENTED_EDGE ( 'NONE', *, *, #1891, .T. ) ;
#648 = ADVANCED_FACE ( 'NONE', ( #917 ), #813, .F. ) ;
#649 = VERTEX_POINT ( 'NONE', #3609 ) ;
#650 = CC_DESIGN_DATE_AND_TIME_ASSIGNMENT ( #989, #2597, ( #4220 ) ) ;
#651 = ORIENTED_EDGE ( 'NONE', *, *, #3586, .T. ) ;
#652 = LINE ( 'NONE', #3869, #4229 ) ;
#653 = EDGE_CURVE ( 'NONE', #872, #612, #2656, .T. ) ;
#654 = DIRECTION ( 'NONE',  ( 1.110223024625154800E-016, 0.0000000000000000000, -1.000000000000000000 ) ) ;
#655 = ORIENTED_EDGE ( 'NONE', *, *, #1006, .F. ) ;
#656 = ORIENTED_EDGE ( 'NONE', *, *, #2298, .F. ) ;
#657 = DIRECTION ( 'NONE',  ( 3.386180225106745200E-015, 1.000000000000000000, -2.041049228466275800E-015 ) ) ;
#658 = VERTEX_POINT ( 'NONE', #2220 ) ;
#659 = DIRECTION ( 'NONE',  ( 1.000000000000000000, 0.0000000000000000000, 0.0000000000000000000 ) ) ;
#660 = VERTEX_POINT ( 'NONE', #1525 ) ;
#661 = LOCAL_TIME ( 10, 45, 22.00000000000000000, #1576 ) ;
#662 = CARTESIAN_POINT ( 'NONE',  ( 6.800000000000000700, -5.000000000000000900, 0.0000000000000000000 ) ) ;
#663 = ORIENTED_EDGE ( 'NONE', *, *, #1906, .T. ) ;
#664 = ORIENTED_EDGE ( 'NONE', *, *, #2944, .T. ) ;
#665 = ORIENTED_EDGE ( 'NONE', *, *, #1333, .T. ) ;
#666 = PERSON_AND_ORGANIZATION ( #2908, #3807 ) ;
#667 = CARTESIAN_POINT ( 'NONE',  ( -0.7165477909999579100, 5.200000000000002800, 0.7932382329999752000 ) ) ;
#668 = ORIENTED_EDGE ( 'NONE', *, *, #2316, .F. ) ;
#669 = EDGE_CURVE ( 'NONE', #3907, #3426, #1722, .T. ) ;
#670 = AXIS2_PLACEMENT_3D ( 'NONE', #4233, #2853, #1799 ) ;
#671 = DIRECTION ( 'NONE',  ( -1.000000000000000000, 8.673617379884019700E-016, -2.168404344971004900E-016 ) ) ;
#672 = ADVANCED_FACE ( 'NONE', ( #2157 ), #4282, .T. ) ;
#673 = ORIENTED_EDGE ( 'NONE', *, *, #3650, .F. ) ;
#674 = FACE_OUTER_BOUND ( 'NONE', #4114, .T. ) ;
#675 = DIRECTION ( 'NONE',  ( 0.0000000000000000000, -1.000000000000000000, 0.0000000000000000000 ) ) ;
#676 = DIRECTION ( 'NONE',  ( 0.0000000000000000000, 1.000000000000000000, 0.0000000000000000000 ) ) ;
#677 = EDGE_CURVE ( 'NONE', #3129, #4187, #698, .T. ) ;
#678 = LINE ( 'NONE', #2131, #3333 ) ;
#679 = VECTOR ( 'NONE', #4398, 1000.000000000000000 ) ;
#680 = CARTESIAN_POINT ( 'NONE',  ( -4.543262256825150800, -3.337656376520739400, 2.000000000000013300 ) ) ;
#681 = CARTESIAN_POINT ( 'NONE',  ( 1.193489751471992700E-016, 5.499999999999998200, 2.574999999999999700 ) ) ;
#682 = LINE ( 'NONE', #699, #463 ) ;
#683 = EDGE_CURVE ( 'NONE', #3786, #4406, #1615, .T. ) ;
#684 = DIRECTION ( 'NONE',  ( 0.0000000000000000000, 0.0000000000000000000, -1.000000000000000000 ) ) ;
#685 = LINE ( 'NONE', #3306, #2519 ) ;
#686 = CIRCLE ( 'NONE', #825, 2.000000000000003600 ) ;
#687 = ADVANCED_FACE ( 'NONE', ( #4392 ), #2418, .F. ) ;
#688 = FACE_OUTER_BOUND ( 'NONE', #3895, .T. ) ;
#689 = EDGE_CURVE ( 'NONE', #324, #3044, #2534, .T. ) ;
#690 = ORIENTED_EDGE ( 'NONE', *, *, #2326, .T. ) ;
#691 = DIRECTION ( 'NONE',  ( -1.445602896647339700E-015, 1.000000000000000000, 0.0000000000000000000 ) ) ;
#692 = PERSON_AND_ORGANIZATION_ROLE ( 'creator' ) ;
#693 = CIRCLE ( 'NONE', #2575, 1.199999999999999700 ) ;
#694 = ORIENTED_EDGE ( 'NONE', *, *, #77, .T. ) ;
#695 = CARTESIAN_POINT ( 'NONE',  ( -3.552713678800500900E-015, 0.9999999999999809000, 19.79999999999999400 ) ) ;
#696 = ORIENTED_EDGE ( 'NONE', *, *, #4039, .T. ) ;
#697 = AXIS2_PLACEMENT_3D ( 'NONE', #3748, #1670, #4096 ) ;
#698 = CIRCLE ( 'NONE', #2514, 2.000000000000000000 ) ;
#699 = CARTESIAN_POINT ( 'NONE',  ( 1.110223024625157000E-016, -5.200000000000000200, 2.499999999999997800 ) ) ;
#700 = EDGE_CURVE ( 'NONE', #4490, #2255, #3460, .T. ) ;
#701 = EDGE_LOOP ( 'NONE', ( #2428, #4329, #3051, #2105 ) ) ;
#702 = PLANE ( 'NONE',  #3004 ) ;
#703 = EDGE_LOOP ( 'NONE', ( #3580, #2037 ) ) ;
#704 = EDGE_LOOP ( 'NONE', ( #60, #3631, #2153, #3982 ) ) ;
#705 = CC_DESIGN_PERSON_AND_ORGANIZATION_ASSIGNMENT ( #2002, #2440, ( #4281 ) ) ;
#706 = ORIENTED_EDGE ( 'NONE', *, *, #3529, .T. ) ;
#707 = DIRECTION ( 'NONE',  ( -1.000000000000000000, 0.0000000000000000000, 0.0000000000000000000 ) ) ;
#708 = PERSON_AND_ORGANIZATION_ROLE ( 'design_owner' ) ;
#709 = CONTEXT_DEPENDENT_SHAPE_REPRESENTATION ( #1431, #1902 ) ;
#710 = EDGE_CURVE ( 'NONE', #1242, #1080, #1503, .T. ) ;
#711 = DIRECTION ( 'NONE',  ( -1.110223024625154800E-016, 0.0000000000000000000, 1.000000000000000000 ) ) ;
#712 = EDGE_LOOP ( 'NONE', ( #1992, #4001, #1688, #1994 ) ) ;
#713 = DIRECTION ( 'NONE',  ( -1.252860398949111400E-015, 1.000000000000000000, -4.930380657631323800E-032 ) ) ;
#714 = ADVANCED_FACE ( 'NONE', ( #591 ), #1392, .T. ) ;
#715 = DATE_AND_TIME ( #1631, #2550 ) ;
#716 = ORIENTED_EDGE ( 'NONE', *, *, #2968, .F. ) ;
#717 = CARTESIAN_POINT ( 'NONE',  ( -7.999999999999992900, 4.999999999999997300, 0.0000000000000000000 ) ) ;
#719 = EDGE_LOOP ( 'NONE', ( #598, #3677, #3332, #1516 ) ) ;
#718 = DIRECTION ( 'NONE',  ( 1.000000000000000000, 0.0000000000000000000, 0.0000000000000000000 ) ) ;
#720 = DIRECTION ( 'NONE',  ( 1.110223024625154800E-016, 0.0000000000000000000, -1.000000000000000000 ) ) ;
#721 = CALENDAR_DATE ( 2019, 25, 3 ) ;
#722 = ORIENTED_EDGE ( 'NONE', *, *, #1925, .F. ) ;
#723 = FACE_OUTER_BOUND ( 'NONE', #382, .T. ) ;
#724 = DIRECTION ( 'NONE',  ( 1.110223024625154800E-016, 0.0000000000000000000, -1.000000000000000000 ) ) ;
#725 = DATE_TIME_ROLE ( 'classification_date' ) ;
#726 = AXIS2_PLACEMENT_3D ( 'NONE', #1296, #3037, #1991 ) ;
#727 = VECTOR ( 'NONE', #2586, 1000.000000000000000 ) ;
#728 = VECTOR ( 'NONE', #1957, 1000.000000000000000 ) ;
#729 = DIRECTION ( 'NONE',  ( 0.9048820257364477100, 0.4256624478376059300, -5.551115123125772200E-017 ) ) ;
#730 = DIRECTION ( 'NONE',  ( -1.110223024625154900E-016, 0.0000000000000000000, 1.000000000000000000 ) ) ;
#731 = FACE_OUTER_BOUND ( 'NONE', #2469, .T. ) ;
#732 = DIRECTION ( 'NONE',  ( 1.000000000000000000, 0.0000000000000000000, 0.0000000000000000000 ) ) ;
#733 = DIRECTION ( 'NONE',  ( 0.0000000000000000000, 0.0000000000000000000, -1.000000000000000000 ) ) ;
#734 = AXIS2_PLACEMENT_3D ( 'NONE', #2083, #8, #2431 ) ;
#735 = CC_DESIGN_APPROVAL ( #506, ( #263 ) ) ;
#736 = VECTOR ( 'NONE', #3210, 1000.000000000000000 ) ;
#737 = ADVANCED_FACE ( 'NONE', ( #3246 ), #4061, .T. ) ;
#738 = DIRECTION ( 'NONE',  ( -0.4259520336224069100, -0.9047457460817022200, -1.387778780781448800E-017 ) ) ;
#739 = APPROVAL_ROLE ( '' ) ;
#740 = FACE_OUTER_BOUND ( 'NONE', #1876, .T. ) ;
#741 = DIRECTION ( 'NONE',  ( -0.0000000000000000000, -1.000000000000000000, -0.0000000000000000000 ) ) ;
#742 = LINE ( 'NONE', #3249, #2467 ) ;
#743 = CARTESIAN_POINT ( 'NONE',  ( -0.9860679774999769900, 5.200000000000002800, 2.000000001432022900 ) ) ;
#744 = VECTOR ( 'NONE', #2856, 1000.000000000000000 ) ;
#745 = CARTESIAN_POINT ( 'NONE',  ( 6.800000000000000700, -5.000000000000000900, 0.5999999999999998700 ) ) ;
#746 = PLANE ( 'NONE',  #191 ) ;
#747 = ORIENTED_EDGE ( 'NONE', *, *, #528, .F. ) ;
#748 = DIRECTION ( 'NONE',  ( 1.110223024625154800E-016, 0.0000000000000000000, -1.000000000000000000 ) ) ;
#749 = LINE ( 'NONE', #3676, #4327 ) ;
#750 = DIRECTION ( 'NONE',  ( -1.110223024625154800E-016, 0.0000000000000000000, 1.000000000000000000 ) ) ;
#751 = PRODUCT_DEFINITION_SHAPE ( 'NONE', 'NONE',  #4220 ) ;
#752 = ORIENTED_EDGE ( 'NONE', *, *, #1491, .T. ) ;
#753 = EDGE_LOOP ( 'NONE', ( #2264, #3317, #1951, #1343 ) ) ;
#754 = EDGE_CURVE ( 'NONE', #482, #649, #3358, .T. ) ;
#755 = VECTOR ( 'NONE', #4045, 1000.000000000000000 ) ;
#756 = ORIENTED_EDGE ( 'NONE', *, *, #905, .T. ) ;
#757 = ORIENTED_EDGE ( 'NONE', *, *, #3926, .F. ) ;
#758 = CARTESIAN_POINT ( 'NONE',  ( -4.229949723821845800E-015, 0.7999999999999820600, 19.99999999999998600 ) ) ;
#759 = ORIENTED_EDGE ( 'NONE', *, *, #3429, .F. ) ;
#760 = ADVANCED_FACE ( 'NONE', ( #3142 ), #2524, .T. ) ;
#761 = ORIENTED_EDGE ( 'NONE', *, *, #653, .F. ) ;
#762 = DIRECTION ( 'NONE',  ( -1.110223024625154800E-016, 0.0000000000000000000, 1.000000000000000000 ) ) ;
#763 = EDGE_CURVE ( 'NONE', #4136, #313, #2211, .T. ) ;
#764 = VERTEX_POINT ( 'NONE', #1495 ) ;
#765 = PLANE ( 'NONE',  #4505 ) ;
#766 = ORIENTED_EDGE ( 'NONE', *, *, #434, .T. ) ;
#767 = ORIENTED_EDGE ( 'NONE', *, *, #1936, .T. ) ;
#768 = COORDINATED_UNIVERSAL_TIME_OFFSET ( 9, 0, .AHEAD. ) ;
#769 = VERTEX_POINT ( 'NONE', #1150 ) ;
#770 = VERTEX_POINT ( 'NONE', #3931 ) ;
#771 = EDGE_CURVE ( 'NONE', #2103, #1567, #3033, .T. ) ;
#772 = ORIENTED_EDGE ( 'NONE', *, *, #710, .F. ) ;
#773 = PERSON_AND_ORGANIZATION ( #2908, #3807 ) ;
#774 = CARTESIAN_POINT ( 'NONE',  ( -4.472135954999997900, 10.00000000000000200, 4.000000000000003600 ) ) ;
#775 = ORIENTED_EDGE ( 'NONE', *, *, #3065, .F. ) ;
#776 = CARTESIAN_POINT ( 'NONE',  ( -5.304542727856007100, -2.336958334505153000, 2.200000000000007300 ) ) ;
#777 = DIRECTION ( 'NONE',  ( 1.546198105515946900E-015, -1.000000000000000000, 0.0000000000000000000 ) ) ;
#778 = ORIENTED_EDGE ( 'NONE', *, *, #443, .T. ) ;
#779 = EDGE_CURVE ( 'NONE', #3473, #1683, #3953, .T. ) ;
#780 = VECTOR ( 'NONE', #4425, 1000.000000000000100 ) ;
#781 = AXIS2_PLACEMENT_3D ( 'NONE', #14, #2439, #369 ) ;
#782 = EDGE_LOOP ( 'NONE', ( #2823, #2036, #2501, #1563 ) ) ;
#783 = VECTOR ( 'NONE', #1400, 1000.000000000000000 ) ;
#784 = DIRECTION ( 'NONE',  ( -0.0000000000000000000, -1.000000000000000000, -0.0000000000000000000 ) ) ;
#785 = AXIS2_PLACEMENT_3D ( 'NONE', #4301, #2214, #134 ) ;
#786 = EDGE_CURVE ( 'NONE', #3532, #2285, #4169, .T. ) ;
#787 = VECTOR ( 'NONE', #4384, 1000.000000000000000 ) ;
#788 = CARTESIAN_POINT ( 'NONE',  ( 0.0000000000000000000, -10.00000000000000200, 3.499999999999999600 ) ) ;
#789 = CARTESIAN_POINT ( 'NONE',  ( 8.000000000000000000, -5.000000000000000900, 0.6000000000000449400 ) ) ;
#790 = DIRECTION ( 'NONE',  ( 0.9289996952740624500, 0.3700804860847150500, 8.326672684688659300E-017 ) ) ;
#791 = CARTESIAN_POINT ( 'NONE',  ( -5.146288924102002200, -1.129857936637147700, 2.199999999999979700 ) ) ;
#792 = DIRECTION ( 'NONE',  ( 1.110223024625154800E-016, 0.0000000000000000000, -1.000000000000000000 ) ) ;
#793 = LINE ( 'NONE', #2035, #2517 ) ;
#794 = CARTESIAN_POINT ( 'NONE',  ( -5.304542727856007100, -2.336958334505153000, 2.000000000000001800 ) ) ;
#795 = DIRECTION ( 'NONE',  ( 0.0000000000000000000, 0.0000000000000000000, 1.000000000000000000 ) ) ;
#796 = CC_DESIGN_APPROVAL ( #563, ( #323 ) ) ;
#797 = LINE ( 'NONE', #2252, #4265 ) ;
#798 = EDGE_CURVE ( 'NONE', #2646, #1877, #1183, .T. ) ;
#799 = VECTOR ( 'NONE', #711, 1000.000000000000000 ) ;
#800 = CARTESIAN_POINT ( 'NONE',  ( -4.300000000232853600, 0.7113374602898057100, 2.000000000000001800 ) ) ;
#801 = LINE ( 'NONE', #4487, #4383 ) ;
#802 = VERTEX_POINT ( 'NONE', #3595 ) ;
#803 = DIRECTION ( 'NONE',  ( 0.0000000000000000000, 0.0000000000000000000, 1.000000000000000000 ) ) ;
#804 = DIRECTION ( 'NONE',  ( -1.636694662590730900E-016, 1.820850524715718900E-015, 1.000000000000000000 ) ) ;
#805 = CIRCLE ( 'NONE', #1869, 0.9450000000000000600 ) ;
#806 = DIRECTION ( 'NONE',  ( 8.673617379884035500E-016, -1.734723475976807100E-015, -1.000000000000000000 ) ) ;
#807 = CARTESIAN_POINT ( 'NONE',  ( 2.000000000000001800, 4.999999999999997300, 1.000000000000000900 ) ) ;
#808 = DIRECTION ( 'NONE',  ( 1.000000000000000000, 0.0000000000000000000, 1.110223024625154800E-016 ) ) ;
#809 = ORIENTED_EDGE ( 'NONE', *, *, #1218, .F. ) ;
#810 = DIRECTION ( 'NONE',  ( 0.0000000000000000000, 1.000000000000000000, 0.0000000000000000000 ) ) ;
#811 = ORIENTED_EDGE ( 'NONE', *, *, #994, .F. ) ;
#812 = CARTESIAN_POINT ( 'NONE',  ( 5.411569754874124200, -0.3846460835875984400, -2.934676937357384700 ) ) ;
#813 = CONICAL_SURFACE ( 'NONE', #3752, 1.200000000000002200, 0.7853981633974477200 ) ;
#814 = ORIENTED_EDGE ( 'NONE', *, *, #220, .T. ) ;
#815 = AXIS2_PLACEMENT_3D ( 'NONE', #2292, #2654, #573 ) ;
#816 = EDGE_LOOP ( 'NONE', ( #3314, #43, #2032, #4241 ) ) ;
#817 = CARTESIAN_POINT ( 'NONE',  ( -5.012330261315104200, -1.192419969672946300, 2.200000000000004200 ) ) ;
#818 = VERTEX_POINT ( 'NONE', #1164 ) ;
#820 = VERTEX_POINT ( 'NONE', #128 ) ;
#819 = UNCERTAINTY_MEASURE_WITH_UNIT (LENGTH_MEASURE( 1.000000000000000100E-005 ), #1137, 'distance_accuracy_value', 'NONE');
#821 = DIRECTION ( 'NONE',  ( 0.0000000000000000000, 0.0000000000000000000, -1.000000000000000000 ) ) ;
#822 = DATE_AND_TIME ( #1733, #2666 ) ;
#823 = CARTESIAN_POINT ( 'NONE',  ( -0.6397748134586711500, -5.200000000000000200, 1.083248422344668100 ) ) ;
#824 = DIRECTION ( 'NONE',  ( -0.0000000000000000000, -1.000000000000000000, -0.0000000000000000000 ) ) ;
#825 = AXIS2_PLACEMENT_3D ( 'NONE', #2128, #52, #2471 ) ;
#826 =( GEOMETRIC_REPRESENTATION_CONTEXT ( 3 ) GLOBAL_UNCERTAINTY_ASSIGNED_CONTEXT ( ( #2411 ) ) GLOBAL_UNIT_ASSIGNED_CONTEXT ( ( #1474, #86, #2515 ) ) REPRESENTATION_CONTEXT ( 'NONE', 'WORKASPACE' ) );
#827 = DIRECTION ( 'NONE',  ( 0.0000000000000000000, -1.000000000000000000, 0.0000000000000000000 ) ) ;
#828 = ORIENTED_EDGE ( 'NONE', *, *, #3389, .F. ) ;
#829 = DIRECTION ( 'NONE',  ( 0.4244032161502481200, -0.9054733072384441000, -4.163336342344329000E-017 ) ) ;
#830 = CARTESIAN_POINT ( 'NONE',  ( 0.0000000000000000000, 0.0000000000000000000, 0.0000000000000000000 ) ) ;
#831 = PERSON_AND_ORGANIZATION ( #2908, #3807 ) ;
#832 = EDGE_LOOP ( 'NONE', ( #2060, #208, #536, #2897, #3688, #3192, #4240, #2888, #2270 ) ) ;
#833 = VERTEX_POINT ( 'NONE', #2559 ) ;
#834 = DATE_AND_TIME ( #1741, #2675 ) ;
#835 = CARTESIAN_POINT ( 'NONE',  ( -9.199999999999995700, 4.999999999999997300, 0.5999999999999997600 ) ) ;
#836 = ORIENTED_EDGE ( 'NONE', *, *, #1441, .T. ) ;
#837 = LINE ( 'NONE', #4202, #2564 ) ;
#838 = PLANE ( 'NONE',  #2732 ) ;
#839 = CARTESIAN_POINT ( 'NONE',  ( 9.199999999999999300, 4.999999999999997300, 0.5999999999999998700 ) ) ;
#840 = CARTESIAN_POINT ( 'NONE',  ( -5.507214920650829600, -1.641675573010550800, 2.000000000000001800 ) ) ;
#841 = VERTEX_POINT ( 'NONE', #491 ) ;
#842 = CIRCLE ( 'NONE', #1562, 0.9999999999999947800 ) ;
#843 = CARTESIAN_POINT ( 'NONE',  ( 0.6397748132417474500, -5.000000000000000900, 1.083248422287228100 ) ) ;
#844 = LINE ( 'NONE', #3692, #728 ) ;
#845 = CARTESIAN_POINT ( 'NONE',  ( -5.009663521936228200, -0.3850359920796880800, 2.200000000000007300 ) ) ;
#846 = DIRECTION ( 'NONE',  ( 1.000000000000000000, 3.658145580636347500E-016, 1.110223024625154800E-016 ) ) ;
#847 = APPLICATION_CONTEXT ( 'configuration controlled 3d designs of mechanical parts and assemblies' ) ;
#848 = EDGE_CURVE ( 'NONE', #1092, #4182, #1987, .T. ) ;
#849 = CIRCLE ( 'NONE', #3829, 2.099999999999999600 ) ;
#850 = DIRECTION ( 'NONE',  ( 0.0000000000000000000, -1.000000000000000000, 0.0000000000000000000 ) ) ;
#851 = LINE ( 'NONE', #442, #736 ) ;
#852 = EDGE_CURVE ( 'NONE', #3189, #3808, #2929, .T. ) ;
#853 = CARTESIAN_POINT ( 'NONE',  ( -4.321693843278199100, -1.083378141696067500, 2.200000000000007300 ) ) ;
#854 = VECTOR ( 'NONE', #623, 1000.000000000000000 ) ;
#855 = DIRECTION ( 'NONE',  ( -1.000000000000000000, 0.0000000000000000000, 0.0000000000000000000 ) ) ;
#856 = DIRECTION ( 'NONE',  ( 3.386180225106745600E-015, 1.000000000000000000, -4.336808689942039800E-015 ) ) ;
#857 = FACE_OUTER_BOUND ( 'NONE', #2566, .T. ) ;
#858 = CARTESIAN_POINT ( 'NONE',  ( 8.000000000000000000, -5.000000000000000900, 0.0000000000000000000 ) ) ;
#859 = CARTESIAN_POINT ( 'NONE',  ( -5.499999999999991100, 3.334999999999997700, 2.199999999999958900 ) ) ;
#860 = VECTOR ( 'NONE', #2465, 1000.000000000000100 ) ;
#861 = APPROVAL_STATUS ( 'not_yet_approved' ) ;
#862 = CC_DESIGN_SECURITY_CLASSIFICATION ( #620, ( #4524 ) ) ;
#863 = ORIENTED_EDGE ( 'NONE', *, *, #852, .F. ) ;
#864 = EDGE_CURVE ( 'NONE', #820, #1456, #259, .T. ) ;
#865 = VECTOR ( 'NONE', #1232, 1000.000000000000000 ) ;
#866 = CARTESIAN_POINT ( 'NONE',  ( 2.860594363054966000E-017, -5.200000000000000200, 6.000000000000003600 ) ) ;
#867 = ORIENTED_EDGE ( 'NONE', *, *, #3946, .T. ) ;
#868 = VERTEX_POINT ( 'NONE', #845 ) ;
#869 = DIRECTION ( 'NONE',  ( 0.9166902170851378700, -0.3995986059790532800, 8.326672684688659300E-017 ) ) ;
#870 = FACE_OUTER_BOUND ( 'NONE', #2237, .T. ) ;
#871 = DIRECTION ( 'NONE',  ( -1.000000000000000000, 0.0000000000000000000, -1.110223024625154800E-016 ) ) ;
#872 = VERTEX_POINT ( 'NONE', #2208 ) ;
#873 = VERTEX_POINT ( 'NONE', #3622 ) ;
#874 = CARTESIAN_POINT ( 'NONE',  ( 8.000000000000000000, 4.999999999999997300, 1.500000000000001300 ) ) ;
#875 = AXIS2_PLACEMENT_3D ( 'NONE', #3989, #1898, #4335 ) ;
#876 = DIRECTION ( 'NONE',  ( 0.7071067811865474600, 0.0000000000000000000, 0.7071067811865475700 ) ) ;
#877 = PERSON_AND_ORGANIZATION_ROLE ( 'creator' ) ;
#878 = VERTEX_POINT ( 'NONE', #2934 ) ;
#879 = VERTEX_POINT ( 'NONE', #1539 ) ;
#880 = EDGE_CURVE ( 'NONE', #2748, #3301, #3732, .T. ) ;
#881 = ORIENTED_EDGE ( 'NONE', *, *, #3709, .F. ) ;
#882 = DATE_AND_TIME ( #1789, #2721 ) ;
#883 = ORIENTED_EDGE ( 'NONE', *, *, #2470, .F. ) ;
#884 = CARTESIAN_POINT ( 'NONE',  ( -5.899999999999997700, 4.999999999999997300, 1.500000000000001600 ) ) ;
#885 = CLOSED_SHELL ( 'NONE', ( #4213, #21, #626, #3188, #4142, #1072, #4428, #3849, #3414, #3668, #1254, #1642, #4015, #364, #1029, #1931, #300, #737, #2648, #1339, #277, #1379, #579, #2137, #714, #3105, #1228, #2020, #2804, #1977, #1595, #959, #4123, #1708, #183, #648, #3148, #1357, #3458, #3169, #3394, #3715, #2970, #1620, #2717, #3777, #4517, #1999, #1772, #2064, #2453, #898, #4055, #2360, #3440, #2426, #1096, #918, #2340, #4474, #3800, #4189, #321, #3824, #2475, #1005, #2296, #1271, #2087, #987, #3534, #2041, #1954, #2781, #3059, #1435, #1728, #3508, #3082, #2997, #1663, #46, #2738, #4035, #343, #2692, #2114, #1689, #3331, #1408, #4359, #3015, #4099, #760 ) ) ;
#886 = CALENDAR_DATE ( 2019, 25, 3 ) ;
#887 = PRODUCT_DEFINITION_FORMATION_WITH_SPECIFIED_SOURCE ( 'ANY', '', #3311, .NOT_KNOWN. ) ;
#888 = PLANE ( 'NONE',  #1958 ) ;
#889 = EDGE_CURVE ( 'NONE', #1719, #2646, #967, .T. ) ;
#890 = VERTEX_POINT ( 'NONE', #518 ) ;
#891 = ORIENTED_EDGE ( 'NONE', *, *, #899, .T. ) ;
#892 = LINE ( 'NONE', #1301, #2507 ) ;
#893 = LINE ( 'NONE', #2098, #3437 ) ;
#894 = CARTESIAN_POINT ( 'NONE',  ( 9.199999999999999300, 4.999999999999997300, 0.0000000000000000000 ) ) ;
#895 = FACE_OUTER_BOUND ( 'NONE', #832, .T. ) ;
#896 = CARTESIAN_POINT ( 'NONE',  ( -4.812799258463451600, -3.337656376520739400, 2.199999999999990000 ) ) ;
#897 = DIRECTION ( 'NONE',  ( -1.636694662590730900E-016, 1.820850524715718900E-015, 1.000000000000000000 ) ) ;
#898 = ADVANCED_FACE ( 'NONE', ( #2815 ), #3289, .F. ) ;
#899 = EDGE_CURVE ( 'NONE', #963, #3301, #367, .T. ) ;
#900 = AXIS2_PLACEMENT_3D ( 'NONE', #1451, #762, #3881 ) ;
#901 = FACE_BOUND ( 'NONE', #2483, .T. ) ;
#902 = CARTESIAN_POINT ( 'NONE',  ( -6.799999999999990900, -5.000000000000000900, 1.332267629550188500E-016 ) ) ;
#903 = VECTOR ( 'NONE', #2463, 1000.000000000000000 ) ;
#904 = LINE ( 'NONE', #859, #2639 ) ;
#905 = EDGE_CURVE ( 'NONE', #448, #1303, #149, .T. ) ;
#906 = EDGE_LOOP ( 'NONE', ( #4073, #1724 ) ) ;
#907 = DIRECTION ( 'NONE',  ( 1.000000000000000000, 0.0000000000000000000, 0.0000000000000000000 ) ) ;
#908 = CARTESIAN_POINT ( 'NONE',  ( -4.652451328080661400, -2.694481375282165000, 2.199999999999952200 ) ) ;
#909 = VECTOR ( 'NONE', #2378, 1000.000000000000000 ) ;
#910 = DIRECTION ( 'NONE',  ( 2.677058870911100400E-016, -3.475538202552842600E-016, 1.000000000000000000 ) ) ;
#911 = ORIENTED_EDGE ( 'NONE', *, *, #1395, .F. ) ;
#912 = VERTEX_POINT ( 'NONE', #3305 ) ;
#913 = CIRCLE ( 'NONE', #1645, 1.000000000000001800 ) ;
#914 = ORIENTED_EDGE ( 'NONE', *, *, #1626, .T. ) ;
#915 = EDGE_CURVE ( 'NONE', #1938, #375, #4447, .T. ) ;
#916 = EDGE_LOOP ( 'NONE', ( #2864, #4242, #4461, #1830 ) ) ;
#917 = FACE_OUTER_BOUND ( 'NONE', #2546, .T. ) ;
#918 = ADVANCED_FACE ( 'NONE', ( #3628 ), #888, .F. ) ;
#919 = VERTEX_POINT ( 'NONE', #1574 ) ;
#920 = EDGE_LOOP ( 'NONE', ( #2473, #1929, #1661, #2946, #722, #3856 ) ) ;
#921 = CARTESIAN_POINT ( 'NONE',  ( -5.146828816123508500, 2.066973605524963500, 2.199999999999986900 ) ) ;
#922 = CARTESIAN_POINT ( 'NONE',  ( -12.49999999999998400, -8.000000000179586100, 2.000000000000015500 ) ) ;
#923 = EDGE_LOOP ( 'NONE', ( #3030, #2674, #3464, #3781, #1639, #4288, #2872, #4421 ) ) ;
#924 = EDGE_CURVE ( 'NONE', #2894, #481, #2705, .T. ) ;
#925 = AXIS2_PLACEMENT_3D ( 'NONE', #3902, #1813, #1473 ) ;
#926 = EDGE_LOOP ( 'NONE', ( #1026, #1332, #118, #4513 ) ) ;
#927 = CARTESIAN_POINT ( 'NONE',  ( -1.011999999999992000, -1.011999999999999100, 5.551115123125782700E-014 ) ) ;
#928 = CALENDAR_DATE ( 2019, 25, 3 ) ;
#929 = EDGE_LOOP ( 'NONE', ( #3630, #1118, #594, #4222 ) ) ;
#930 = PERSON_AND_ORGANIZATION ( #2908, #3807 ) ;
#931 = AXIS2_PLACEMENT_3D ( 'NONE', #4083, #4069, #1995 ) ;
#932 = CARTESIAN_POINT ( 'NONE',  ( 2.999999999166669300, -9.999999999999998200, 0.0000000000000000000 ) ) ;
#933 = EDGE_CURVE ( 'NONE', #1726, #2430, #2599, .T. ) ;
#934 = ORIENTED_EDGE ( 'NONE', *, *, #4009, .F. ) ;
#935 = APPROVAL_DATE_TIME ( #1851, #506 ) ;
#936 = DIRECTION ( 'NONE',  ( 0.0000000000000000000, 0.0000000000000000000, -1.000000000000000000 ) ) ;
#937 = VERTEX_POINT ( 'NONE', #548 ) ;
#938 = SECURITY_CLASSIFICATION ( '', '', #370 ) ;
#939 = FACE_OUTER_BOUND ( 'NONE', #3702, .T. ) ;
#940 = CARTESIAN_POINT ( 'NONE',  ( 10.50000000000000200, -8.000000000000000000, 2.000000000000001800 ) ) ;
#941 = EDGE_CURVE ( 'NONE', #2375, #2255, #4331, .T. ) ;
#942 = ADVANCED_FACE ( 'NONE', ( #870 ), #203, .T. ) ;
#943 = VECTOR ( 'NONE', #2899, 1000.000000000000100 ) ;
#944 = LINE ( 'NONE', #4381, #1859 ) ;
#945 = CARTESIAN_POINT ( 'NONE',  ( 2.999999997500002500, 0.0000000000000000000, 0.0000000000000000000 ) ) ;
#946 = CIRCLE ( 'NONE', #3600, 1.200000000000002200 ) ;
#947 = AXIS2_PLACEMENT_3D ( 'NONE', #3390, #1538, #4 ) ;
#948 = CYLINDRICAL_SURFACE ( 'NONE', #900, 1.200000000000002200 ) ;
#949 = CARTESIAN_POINT ( 'NONE',  ( -5.304542727856007100, -2.336958334505153000, 2.000000000000001800 ) ) ;
#950 = DIRECTION ( 'NONE',  ( 0.0000000000000000000, 0.0000000000000000000, 1.000000000000000000 ) ) ;
#951 = DIRECTION ( 'NONE',  ( 1.110223024625155100E-016, 0.0000000000000000000, -1.000000000000000000 ) ) ;
#952 = CYLINDRICAL_SURFACE ( 'NONE', #1756, 0.5000000000000000000 ) ;
#953 = CARTESIAN_POINT ( 'NONE',  ( 0.0000000000000000000, 4.999999999999997300, 3.499999999999999600 ) ) ;
#954 = AXIS2_PLACEMENT_3D ( 'NONE', #299, #2730, #657 ) ;
#955 = VECTOR ( 'NONE', #3235, 1000.000000000000000 ) ;
#956 = CARTESIAN_POINT ( 'NONE',  ( -5.899999999999990600, -5.000000000000000900, 1.999999999999974500 ) ) ;
#957 = LINE ( 'NONE', #42, #3509 ) ;
#958 = EDGE_LOOP ( 'NONE', ( #1520, #2767, #145, #4297 ) ) ;
#959 = ADVANCED_FACE ( 'NONE', ( #1669 ), #3680, .F. ) ;
#960 = LINE ( 'NONE', #884, #2701 ) ;
#961 = AXIS2_PLACEMENT_3D ( 'NONE', #717, #3144, #1059 ) ;
#962 = CC_DESIGN_PERSON_AND_ORGANIZATION_ASSIGNMENT ( #1, #1526, ( #263 ) ) ;
#963 = VERTEX_POINT ( 'NONE', #1599 ) ;
#964 = CARTESIAN_POINT ( 'NONE',  ( 3.000000000000002700, -10.00000000000000200, 0.0000000000000000000 ) ) ;
#965 = ORIENTED_EDGE ( 'NONE', *, *, #2269, .T. ) ;
#966 = DIRECTION ( 'NONE',  ( -1.110223024625154800E-016, -0.0000000000000000000, 1.000000000000000000 ) ) ;
#967 = LINE ( 'NONE', #507, #1879 ) ;
#968 = PLANE ( 'NONE',  #1989 ) ;
#969 = DIRECTION ( 'NONE',  ( 1.110223024625154900E-016, 0.0000000000000000000, -1.000000000000000000 ) ) ;
#970 = CLOSED_SHELL ( 'NONE', ( #672, #3038, #1750, #942, #4494, #2276 ) ) ;
#971 = DIRECTION ( 'NONE',  ( 1.110223024625154800E-016, 0.0000000000000000000, -1.000000000000000000 ) ) ;
#972 = ORIENTED_EDGE ( 'NONE', *, *, #479, .F. ) ;
#973 = DIRECTION ( 'NONE',  ( 0.0000000000000000000, 1.000000000000000000, 0.0000000000000000000 ) ) ;
#974 = CARTESIAN_POINT ( 'NONE',  ( 10.50000000000000200, 10.00000000000000200, 2.000000000000001800 ) ) ;
#975 = VERTEX_POINT ( 'NONE', #2657 ) ;
#976 = ORIENTED_EDGE ( 'NONE', *, *, #1546, .T. ) ;
#977 = ORIENTED_EDGE ( 'NONE', *, *, #1349, .F. ) ;
#978 = CARTESIAN_POINT ( 'NONE',  ( -4.300000000232840200, 1.463341604769526000, 2.199999999999993500 ) ) ;
#979 = PERSON_AND_ORGANIZATION ( #2908, #3807 ) ;
#980 = DIRECTION ( 'NONE',  ( -0.9015065962457031700, 0.4327653601265780700, 0.0000000000000000000 ) ) ;
#981 = EDGE_CURVE ( 'NONE', #4468, #196, #645, .T. ) ;
#982 = AXIS2_PLACEMENT_3D ( 'NONE', #3100, #4138, #1709 ) ;
#983 = VERTEX_POINT ( 'NONE', #2293 ) ;
#984 = DIRECTION ( 'NONE',  ( 0.9009851145497085300, 0.4338500009909514500, 2.775557561562888400E-016 ) ) ;
#985 = ORIENTED_EDGE ( 'NONE', *, *, #889, .F. ) ;
#986 = DIRECTION ( 'NONE',  ( 0.0000000000000000000, 1.000000000000000000, 0.0000000000000000000 ) ) ;
#987 = ADVANCED_FACE ( 'NONE', ( #4224 ), #1264, .F. ) ;
#988 = ORIENTED_EDGE ( 'NONE', *, *, #2094, .F. ) ;
#989 = DATE_AND_TIME ( #1900, #2837 ) ;
#990 = DIRECTION ( 'NONE',  ( 0.0000000000000000000, 0.0000000000000000000, 1.000000000000000000 ) ) ;
#991 = DIRECTION ( 'NONE',  ( 1.110223024625154800E-016, 0.0000000000000000000, -1.000000000000000000 ) ) ;
#992 = ORIENTED_EDGE ( 'NONE', *, *, #4025, .F. ) ;
#993 = DIRECTION ( 'NONE',  ( 0.0000000000000000000, 0.0000000000000000000, 1.000000000000000000 ) ) ;
#994 = EDGE_CURVE ( 'NONE', #764, #1676, #2478, .T. ) ;
#995 = VERTEX_POINT ( 'NONE', #4400 ) ;
#996 = LINE ( 'NONE', #3687, #65 ) ;
#997 = DIRECTION ( 'NONE',  ( 0.0000000000000000000, -1.000000000000000000, 0.0000000000000000000 ) ) ;
#998 = VECTOR ( 'NONE', #2063, 1000.000000000000000 ) ;
#999 = CARTESIAN_POINT ( 'NONE',  ( -5.304542727856007100, -2.853029665593337100, 2.000000000000001800 ) ) ;
#1000 = EDGE_CURVE ( 'NONE', #1791, #595, #3299, .T. ) ;
#1001 = CARTESIAN_POINT ( 'NONE',  ( 2.541832816000094500, 5.200000000000002800, 1.387778780781445700E-014 ) ) ;
#1002 = CARTESIAN_POINT ( 'NONE',  ( -4.472135954999997900, -5.200000000000000200, 4.000000000000003600 ) ) ;
#1003 = FACE_OUTER_BOUND ( 'NONE', #3459, .T. ) ;
#1004 = LINE ( 'NONE', #4455, #74 ) ;
#1005 = ADVANCED_FACE ( 'NONE', ( #537 ), #2671, .F. ) ;
#1006 = EDGE_CURVE ( 'NONE', #2596, #3140, #2261, .T. ) ;
#1007 = LINE ( 'NONE', #2117, #903 ) ;
#1008 = VECTOR ( 'NONE', #493, 1000.000000000000000 ) ;
#1009 = EDGE_LOOP ( 'NONE', ( #1715, #1270, #2376, #694 ) ) ;
#1010 = CARTESIAN_POINT ( 'NONE',  ( -4.812799258463506600, -3.337656376520739400, 1.999999999999998200 ) ) ;
#1011 = DIRECTION ( 'NONE',  ( 0.0000000000000000000, 1.000000000000000000, 0.0000000000000000000 ) ) ;
#1012 = CYLINDRICAL_SURFACE ( 'NONE', #3886, 1.000000000000001600 ) ;
#1013 = AXIS2_PLACEMENT_3D ( 'NONE', #3614, #1531, #3967 ) ;
#1014 = CARTESIAN_POINT ( 'NONE',  ( 1.144237745221985300E-017, -10.00000000000000200, 4.500000000000000900 ) ) ;
#1015 = EDGE_CURVE ( 'NONE', #2430, #2285, #2366, .T. ) ;
#1016 = VERTEX_POINT ( 'NONE', #4062 ) ;
#1017 = ORIENTED_EDGE ( 'NONE', *, *, #2470, .T. ) ;
#1018 = CIRCLE ( 'NONE', #1406, 0.3000000000000003800 ) ;
#1019 = ORIENTED_EDGE ( 'NONE', *, *, #2023, .T. ) ;
#1020 = EDGE_LOOP ( 'NONE', ( #2605, #2099, #3545, #767 ) ) ;
#1021 = CC_DESIGN_PERSON_AND_ORGANIZATION_ASSIGNMENT ( #2776, #1373, ( #323 ) ) ;
#1022 = LINE ( 'NONE', #3929, #95 ) ;
#1023 = CARTESIAN_POINT ( 'NONE',  ( -4.323787969906970100, -3.118312972516829300, 1.999999999999985800 ) ) ;
#1024 = EDGE_CURVE ( 'NONE', #1080, #3184, #1335, .T. ) ;
#1025 = ORIENTED_EDGE ( 'NONE', *, *, #3245, .F. ) ;
#1026 = ORIENTED_EDGE ( 'NONE', *, *, #4264, .T. ) ;
#1027 = DIRECTION ( 'NONE',  ( 0.4326221201651717600, 0.9015753441303682200, 0.0000000000000000000 ) ) ;
#1028 = CARTESIAN_POINT ( 'NONE',  ( 1.144237745221986900E-017, -5.200000000000000200, 4.500000000000001800 ) ) ;
#1029 = ADVANCED_FACE ( 'NONE', ( #2152 ), #3897, .F. ) ;
#1030 = VERTEX_POINT ( 'NONE', #4076 ) ;
#1031 = VERTEX_POINT ( 'NONE', #1988 ) ;
#1032 = ITEM_DEFINED_TRANSFORMATION ( 'NONE', 'NONE', #2680,  #1047 ) ;
#1033 = AXIS2_PLACEMENT_3D ( 'NONE', #177, #2609, #533 ) ;
#1034 = EDGE_LOOP ( 'NONE', ( #3161, #1227, #1413, #1398 ) ) ;
#1035 = CALENDAR_DATE ( 2019, 25, 3 ) ;
#1036 = APPROVAL_STATUS ( 'not_yet_approved' ) ;
#1037 = ORIENTED_EDGE ( 'NONE', *, *, #1626, .F. ) ;
#1038 = APPROVAL_PERSON_ORGANIZATION ( #1956, #506, #3612 ) ;
#1039 = AXIS2_PLACEMENT_3D ( 'NONE', #1660, #4088, #2003 ) ;
#1040 = DIRECTION ( 'NONE',  ( -0.9009851145497085300, -0.4338500009909515000, -2.220446049250311100E-016 ) ) ;
#1041 = ORIENTED_EDGE ( 'NONE', *, *, #3116, .T. ) ;
#1042 = CYLINDRICAL_SURFACE ( 'NONE', #2765, 2.099999999999999600 ) ;
#1043 = CARTESIAN_POINT ( 'NONE',  ( -5.304542727856007100, -2.853029665593337100, 2.200000000000007300 ) ) ;
#1044 = CARTESIAN_POINT ( 'NONE',  ( -2.000000000000001800, 10.00000000000000200, 0.9999999999999974500 ) ) ;
#1045 = CARTESIAN_POINT ( 'NONE',  ( 3.000000000000002700, -5.000000000000000900, 0.0000000000000000000 ) ) ;
#1046 = AXIS2_PLACEMENT_3D ( 'NONE', #3193, #1112, #3544 ) ;
#1047 = AXIS2_PLACEMENT_3D ( 'NONE', #2873, #795, #3215 ) ;
#1048 = VECTOR ( 'NONE', #3955, 1000.000000000000000 ) ;
#1049 = CIRCLE ( 'NONE', #555, 0.9450000000000000600 ) ;
#1050 = ADVANCED_FACE ( 'NONE', ( #3087 ), #2038, .F. ) ;
#1051 = LINE ( 'NONE', #205, #2792 ) ;
#1052 = APPLICATION_PROTOCOL_DEFINITION ( 'international standard', 'config_control_design', 1994, #3134 ) ;
#1053 = CARTESIAN_POINT ( 'NONE',  ( 6.800000000000000700, -5.000000000000000900, 0.6000000000000449400 ) ) ;
#1054 = CARTESIAN_POINT ( 'NONE',  ( -4.543262256825205900, -3.337656376520739400, 1.999999999999994900 ) ) ;
#1055 = LINE ( 'NONE', #1116, #3500 ) ;
#1056 = DIRECTION ( 'NONE',  ( 0.0000000000000000000, 1.000000000000000000, 0.0000000000000000000 ) ) ;
#1057 = DIRECTION ( 'NONE',  ( 1.110223024625154800E-016, 0.0000000000000000000, -1.000000000000000000 ) ) ;
#1058 = DIRECTION ( 'NONE',  ( 0.0000000000000000000, -1.000000000000000000, 0.0000000000000000000 ) ) ;
#1059 = DIRECTION ( 'NONE',  ( 1.000000000000000000, 0.0000000000000000000, 1.110223024625155100E-016 ) ) ;
#1060 = VECTOR ( 'NONE', #2699, 999.9999999999998900 ) ;
#1061 = ORIENTED_EDGE ( 'NONE', *, *, #2166, .T. ) ;
#1062 = DIRECTION ( 'NONE',  ( -1.000000000000000000, 0.0000000000000000000, -1.110223024625154800E-016 ) ) ;
#1063 = LINE ( 'NONE', #3220, #2802 ) ;
#1064 = CYLINDRICAL_SURFACE ( 'NONE', #3566, 2.000000000000000000 ) ;
#1065 = EDGE_CURVE ( 'NONE', #4128, #658, #1229, .T. ) ;
#1066 = VERTEX_POINT ( 'NONE', #1647 ) ;
#1067 = APPROVAL_ROLE ( '' ) ;
#1068 = CARTESIAN_POINT ( 'NONE',  ( 5.900000000000000400, 4.999999999999997300, 1.500000000000001300 ) ) ;
#1069 = VECTOR ( 'NONE', #4002, 1000.000000000000200 ) ;
#1070 = VERTEX_POINT ( 'NONE', #621 ) ;
#1071 = DIRECTION ( 'NONE',  ( 1.000000000000000000, 0.0000000000000000000, 1.110223024625154800E-016 ) ) ;
#1072 = ADVANCED_FACE ( 'NONE', ( #1124 ), #3782, .F. ) ;
#1073 = ORIENTED_EDGE ( 'NONE', *, *, #2269, .F. ) ;
#1074 = VECTOR ( 'NONE', #3610, 1000.000000000000000 ) ;
#1075 = DIRECTION ( 'NONE',  ( 0.0000000000000000000, -0.0000000000000000000, 1.000000000000000000 ) ) ;
#1076 = EDGE_CURVE ( 'NONE', #88, #1742, #197, .T. ) ;
#1077 = CARTESIAN_POINT ( 'NONE',  ( 3.000000000000002700, 7.500000000000000000, 0.0000000000000000000 ) ) ;
#1078 = ORIENTED_EDGE ( 'NONE', *, *, #3515, .F. ) ;
#1079 = CARTESIAN_POINT ( 'NONE',  ( -4.472135954999997900, -7.600000000000002300, 1.999999999999998200 ) ) ;
#1080 = VERTEX_POINT ( 'NONE', #3141 ) ;
#1081 = ORIENTED_EDGE ( 'NONE', *, *, #4089, .F. ) ;
#1082 = APPROVAL ( #1776, 'UNKNOWN' ) ;
#1083 = ORIENTED_EDGE ( 'NONE', *, *, #2258, .T. ) ;
#1084 = DIRECTION ( 'NONE',  ( 3.386180225106745600E-015, 1.000000000000000000, -4.336808689942039800E-015 ) ) ;
#1085 = PERSON_AND_ORGANIZATION_ROLE ( 'classification_officer' ) ;
#1086 = EDGE_CURVE ( 'NONE', #3196, #4396, #2980, .T. ) ;
#1087 = ORIENTED_EDGE ( 'NONE', *, *, #1765, .T. ) ;
#1088 = PERSON_AND_ORGANIZATION ( #2908, #3807 ) ;
#1089 = CARTESIAN_POINT ( 'NONE',  ( 0.0000000000000000000, -5.000000000000004400, 2.254999999999994600 ) ) ;
#1090 = DIRECTION ( 'NONE',  ( 0.0000000000000000000, 0.0000000000000000000, 1.000000000000000000 ) ) ;
#1091 = ORIENTED_EDGE ( 'NONE', *, *, #2226, .F. ) ;
#1092 = VERTEX_POINT ( 'NONE', #4184 ) ;
#1093 = CARTESIAN_POINT ( 'NONE',  ( -6.938893903907228400E-015, -1.387778780781445700E-014, 19.79999999999999700 ) ) ;
#1094 = APPROVAL_DATE_TIME ( #2010, #4462 ) ;
#1095 = AXIS2_PLACEMENT_3D ( 'NONE', #4317, #2235, #157 ) ;
#1096 = ADVANCED_FACE ( 'NONE', ( #4010 ), #22, .F. ) ;
#1097 = ORIENTED_EDGE ( 'NONE', *, *, #4456, .F. ) ;
#1098 = CARTESIAN_POINT ( 'NONE',  ( -7.999999999999992900, -5.000000000000000900, 0.5999999999999998700 ) ) ;
#1099 = ORIENTED_EDGE ( 'NONE', *, *, #1198, .F. ) ;
#1100 = AXIS2_PLACEMENT_3D ( 'NONE', #2518, #453, #2882 ) ;
#1101 = FACE_OUTER_BOUND ( 'NONE', #3950, .T. ) ;
#1102 = EDGE_CURVE ( 'NONE', #2285, #3532, #91, .T. ) ;
#1103 = CARTESIAN_POINT ( 'NONE',  ( -5.012330261315097100, -1.192419969672946300, 2.000000000000001800 ) ) ;
#1104 = FACE_OUTER_BOUND ( 'NONE', #3911, .T. ) ;
#1105 = CARTESIAN_POINT ( 'NONE',  ( -5.502944865571804700, 0.1462013967030995100, 2.000000000000001800 ) ) ;
#1106 = DIRECTION ( 'NONE',  ( 0.0000000000000000000, 1.000000000000000000, 0.0000000000000000000 ) ) ;
#1107 = CARTESIAN_POINT ( 'NONE',  ( -5.146288924102022700, -0.4419373390719752400, 1.999999999999994900 ) ) ;
#1108 = APPROVAL ( #521, 'UNSPECIFIED' ) ;
#1109 = VECTOR ( 'NONE', #3284, 999.9999999999998900 ) ;
#1110 = EDGE_CURVE ( 'NONE', #3090, #1080, #1018, .T. ) ;
#1111 = CIRCLE ( 'NONE', #523, 2.000000000000000000 ) ;
#1112 = DIRECTION ( 'NONE',  ( 4.336808689942017700E-016, 1.000000000000000000, -0.0000000000000000000 ) ) ;
#1113 = FACE_OUTER_BOUND ( 'NONE', #4130, .T. ) ;
#1114 = CARTESIAN_POINT ( 'NONE',  ( 2.000000000000001800, -10.00000000000000200, 0.0000000000000000000 ) ) ;
#1115 = FACE_OUTER_BOUND ( 'NONE', #1306, .T. ) ;
#1116 = CARTESIAN_POINT ( 'NONE',  ( -5.507214920650829600, -0.3850359920796880800, 2.000000000000001800 ) ) ;
#1117 = CARTESIAN_POINT ( 'NONE',  ( -10.49999999999999500, -10.00000000000000200, 0.0000000000000000000 ) ) ;
#1118 = ORIENTED_EDGE ( 'NONE', *, *, #2742, .F. ) ;
#1119 = DIRECTION ( 'NONE',  ( 1.000000000000000000, 0.0000000000000000000, 1.110223024625154800E-016 ) ) ;
#1120 = FACE_OUTER_BOUND ( 'NONE', #816, .T. ) ;
#1121 = VERTEX_POINT ( 'NONE', #357 ) ;
#1122 = ORIENTED_EDGE ( 'NONE', *, *, #2620, .T. ) ;
#1123 = EDGE_CURVE ( 'NONE', #1726, #3532, #3673, .T. ) ;
#1124 = FACE_OUTER_BOUND ( 'NONE', #3099, .T. ) ;
#1125 = AXIS2_PLACEMENT_3D ( 'NONE', #2538, #470, #2900 ) ;
#1126 = ORIENTED_EDGE ( 'NONE', *, *, #1855, .T. ) ;
#1127 = ORIENTED_EDGE ( 'NONE', *, *, #3436, .F. ) ;
#1128 = DIRECTION ( 'NONE',  ( 1.000000000000000000, 0.0000000000000000000, 0.0000000000000000000 ) ) ;
#1129 = FACE_OUTER_BOUND ( 'NONE', #1009, .T. ) ;
#1130 = DIRECTION ( 'NONE',  ( 1.110223024625154800E-016, 0.0000000000000000000, -1.000000000000000000 ) ) ;
#1131 = DIRECTION ( 'NONE',  ( 1.000000000000000000, 0.0000000000000000000, -3.740497495074990900E-014 ) ) ;
#1132 = ORIENTED_EDGE ( 'NONE', *, *, #220, .F. ) ;
#1133 = EDGE_CURVE ( 'NONE', #32, #2757, #2754, .T. ) ;
#1134 = ORIENTED_EDGE ( 'NONE', *, *, #2893, .T. ) ;
#1135 = CARTESIAN_POINT ( 'NONE',  ( 0.9450000000000000600, -4.700000000000037500, 3.499999999999999600 ) ) ;
#1136 = CARTESIAN_POINT ( 'NONE',  ( 9.714451465470119700E-014, 0.0000000000000000000, 2.200000000000004200 ) ) ;
#1137 =( LENGTH_UNIT ( ) NAMED_UNIT ( * ) SI_UNIT ( .MILLI., .METRE. ) );
#1138 = ORIENTED_EDGE ( 'NONE', *, *, #2521, .T. ) ;
#1139 = EDGE_LOOP ( 'NONE', ( #3295, #985, #1290, #4109 ) ) ;
#1140 = APPROVAL_DATE_TIME ( #2054, #4191 ) ;
#1141 = ORIENTED_EDGE ( 'NONE', *, *, #1849, .F. ) ;
#1142 = EDGE_CURVE ( 'NONE', #2653, #873, #913, .T. ) ;
#1143 = DIRECTION ( 'NONE',  ( -0.9231390502128480300, -0.3844662455562528100, 5.551115123125772200E-017 ) ) ;
#1144 = DATE_AND_TIME ( #2058, #3000 ) ;
#1145 = B_SPLINE_CURVE_WITH_KNOTS ( 'NONE', 3,
 ( #999, #4480, #3096, #1010 ),
 .UNSPECIFIED., .F., .F.,
 ( 4, 4 ),
 ( 1.000000000000000000, 2.000000000000000000 ),
 .UNSPECIFIED. ) ;
#1146 = DIRECTION ( 'NONE',  ( 1.000000000000000000, -6.938893903907217500E-016, 1.734723475976804400E-016 ) ) ;
#1147 = ORIENTED_EDGE ( 'NONE', *, *, #3966, .T. ) ;
#1148 = SHAPE_DEFINITION_REPRESENTATION ( #3290, #2896 ) ;
#1149 = CARTESIAN_POINT ( 'NONE',  ( -5.146288924102022700, -1.129857936637147700, 1.999999999999994900 ) ) ;
#1150 = CARTESIAN_POINT ( 'NONE',  ( -4.812799258463506600, -3.337656376520739400, 1.999999999999998200 ) ) ;
#1151 = DIRECTION ( 'NONE',  ( 1.000000000000000000, 0.0000000000000000000, 0.0000000000000000000 ) ) ;
#1152 = ORIENTED_EDGE ( 'NONE', *, *, #3542, .F. ) ;
#1153 = EDGE_CURVE ( 'NONE', #3840, #4459, #3570, .T. ) ;
#1154 = FACE_OUTER_BOUND ( 'NONE', #1139, .T. ) ;
#1155 = AXIS2_PLACEMENT_3D ( 'NONE', #1136, #1487, #3919 ) ;
#1156 = FACE_OUTER_BOUND ( 'NONE', #1020, .T. ) ;
#1157 = CIRCLE ( 'NONE', #316, 2.000000000000003100 ) ;
#1158 = CARTESIAN_POINT ( 'NONE',  ( 4.472135954820412700, -5.000000000000000900, 2.000000000000001800 ) ) ;
#1159 = AXIS2_PLACEMENT_3D ( 'NONE', #3764, #1685, #4112 ) ;
#1160 = EDGE_CURVE ( 'NONE', #250, #2181, #2867, .T. ) ;
#1161 = VECTOR ( 'NONE', #654, 1000.000000000000000 ) ;
#1162 = PLANE ( 'NONE',  #4203 ) ;
#1163 = CARTESIAN_POINT ( 'NONE',  ( -5.502944865571804700, 1.532529585341807500, 2.199999999999993500 ) ) ;
#1164 = CARTESIAN_POINT ( 'NONE',  ( 1.340988245066355100E-016, -4.700000000000037500, 4.444999999999999400 ) ) ;
#1165 = LINE ( 'NONE', #56, #129 ) ;
#1166 = DIRECTION ( 'NONE',  ( -2.192063604404252700E-015, -0.7071067811865505700, -0.7071067811865444600 ) ) ;
#1167 = DIRECTION ( 'NONE',  ( 1.000000000000000000, 0.0000000000000000000, 0.0000000000000000000 ) ) ;
#1168 = CC_DESIGN_PERSON_AND_ORGANIZATION_ASSIGNMENT ( #1088, #2798, ( #938 ) ) ;
#1169 = B_SPLINE_SURFACE_WITH_KNOTS ( 'NONE', 3, 1, ( 
 ( #3811, #1372 ),
 ( #1731, #4160 ),
 ( #2075, #3689 ),
 ( #2419, #349 ) ),
 .UNSPECIFIED., .F., .F., .F.,
 ( 4, 4 ),
 ( 2, 2 ),
 ( 1.000000000000000000, 2.000000000000000000 ),
 ( 0.0000000000000000000, 1.000000000000000000 ),
 .UNSPECIFIED. ) ;
#1170 = FACE_BOUND ( 'NONE', #3153, .T. ) ;
#1171 = EDGE_CURVE ( 'NONE', #818, #562, #805, .T. ) ;
#1172 = VERTEX_POINT ( 'NONE', #1449 ) ;
#1173 = LINE ( 'NONE', #800, #135 ) ;
#1174 = LINE ( 'NONE', #3471, #356 ) ;
#1175 = ORIENTED_EDGE ( 'NONE', *, *, #2697, .F. ) ;
#1176 = DIRECTION ( 'NONE',  ( 0.0000000000000000000, 1.000000000000000000, 0.0000000000000000000 ) ) ;
#1177 = LINE ( 'NONE', #3973, #480 ) ;
#1178 = CARTESIAN_POINT ( 'NONE',  ( -5.146288924102002200, -1.129857936637147700, 2.199999999999979700 ) ) ;
#1179 = AXIS2_PLACEMENT_3D ( 'NONE', #3484, #2445, #374 ) ;
#1180 = VERTEX_POINT ( 'NONE', #1436 ) ;
#1181 = VERTEX_POINT ( 'NONE', #67 ) ;
#1182 = APPROVAL_STATUS ( 'not_yet_approved' ) ;
#1183 = LINE ( 'NONE', #1512, #3842 ) ;
#1184 = VERTEX_POINT ( 'NONE', #1089 ) ;
#1185 = ORIENTED_EDGE ( 'NONE', *, *, #1805, .T. ) ;
#1186 = CARTESIAN_POINT ( 'NONE',  ( 0.0000000000000000000, 5.499999999999998200, 3.499999999999999600 ) ) ;
#1187 = VERTEX_POINT ( 'NONE', #3880 ) ;
#1188 = ORIENTED_EDGE ( 'NONE', *, *, #4435, .T. ) ;
#1189 = ORIENTED_EDGE ( 'NONE', *, *, #3719, .T. ) ;
#1190 = DIRECTION ( 'NONE',  ( -0.0000000000000000000, -0.0000000000000000000, -1.000000000000000000 ) ) ;
#1191 = CARTESIAN_POINT ( 'NONE',  ( -4.652451328080661400, -2.336958334505153000, 2.199999999999952200 ) ) ;
#1192 = AXIS2_PLACEMENT_3D ( 'NONE', #1453, #3882, #1800 ) ;
#1193 = CC_DESIGN_DATE_AND_TIME_ASSIGNMENT ( #834, #3962, ( #263 ) ) ;
#1194 = DIRECTION ( 'NONE',  ( 1.000000000000000000, 0.0000000000000000000, 0.0000000000000000000 ) ) ;
#1195 = ORIENTED_EDGE ( 'NONE', *, *, #1828, .T. ) ;
#1196 = APPLICATION_PROTOCOL_DEFINITION ( 'international standard', 'config_control_design', 1994, #3597 ) ;
#1197 = CALENDAR_DATE ( 2019, 25, 3 ) ;
#1198 = EDGE_CURVE ( 'NONE', #3184, #1256, #1607, .T. ) ;
#1199 = ORIENTED_EDGE ( 'NONE', *, *, #1160, .F. ) ;
#1200 = ORIENTED_EDGE ( 'NONE', *, *, #603, .T. ) ;
#1201 = APPROVAL_PERSON_ORGANIZATION ( #2121, #4462, #2240 ) ;
#1202 = DIRECTION ( 'NONE',  ( -1.000000000000000000, 0.0000000000000000000, -1.110223024625154800E-016 ) ) ;
#1203 = ORIENTED_EDGE ( 'NONE', *, *, #4115, .T. ) ;
#1204 = CARTESIAN_POINT ( 'NONE',  ( -4.853013033882414000, -0.7465346013785789700, 2.199999999999979700 ) ) ;
#1205 = DIRECTION ( 'NONE',  ( 1.000000000000000000, 0.0000000000000000000, 1.110223024625154800E-016 ) ) ;
#1206 = CARTESIAN_POINT ( 'NONE',  ( 8.000000000000000000, 4.999999999999997300, 2.000000000000001800 ) ) ;
#1207 = ORIENTED_EDGE ( 'NONE', *, *, #3549, .T. ) ;
#1208 = DIRECTION ( 'NONE',  ( 1.000000000000000000, 0.0000000000000000000, 0.0000000000000000000 ) ) ;
#1209 = VECTOR ( 'NONE', #4363, 1000.000000000000000 ) ;
#1210 = DIRECTION ( 'NONE',  ( 0.0000000000000000000, 1.000000000000000000, 0.0000000000000000000 ) ) ;
#1211 = CARTESIAN_POINT ( 'NONE',  ( -12.49999999999999600, -8.000000000000000000, -6.938893903907228400E-015 ) ) ;
#1212 = SECURITY_CLASSIFICATION_LEVEL ( 'unclassified' ) ;
#1213 = EDGE_CURVE ( 'NONE', #174, #2748, #2529, .T. ) ;
#1214 = AXIS2_PLACEMENT_3D ( 'NONE', #1682, #2734, #659 ) ;
#1215 = FACE_OUTER_BOUND ( 'NONE', #319, .T. ) ;
#1216 = CARTESIAN_POINT ( 'NONE',  ( -10.10000000000000300, -5.000000000000000900, 1.500000000000001100 ) ) ;
#1217 = LINE ( 'NONE', #3990, #3766 ) ;
#1218 = EDGE_CURVE ( 'NONE', #802, #32, #693, .T. ) ;
#1219 = DIRECTION ( 'NONE',  ( 1.110223024625154800E-016, 0.0000000000000000000, -1.000000000000000000 ) ) ;
#1220 = LINE ( 'NONE', #18, #2965 ) ;
#1221 = FACE_OUTER_BOUND ( 'NONE', #1672, .T. ) ;
#1222 = VECTOR ( 'NONE', #2525, 1000.000000000000200 ) ;
#1223 = ORIENTED_EDGE ( 'NONE', *, *, #3399, .T. ) ;
#1224 = EDGE_CURVE ( 'NONE', #88, #764, #3453, .T. ) ;
#1225 = VECTOR ( 'NONE', #2335, 1000.000000000000000 ) ;
#1226 = ORIENTED_EDGE ( 'NONE', *, *, #2774, .T. ) ;
#1227 = ORIENTED_EDGE ( 'NONE', *, *, #1015, .T. ) ;
#1228 = ADVANCED_FACE ( 'NONE', ( #4273 ), #4163, .F. ) ;
#1229 = CIRCLE ( 'NONE', #4057, 1.199999999999999700 ) ;
#1230 = DIRECTION ( 'NONE',  ( -0.0000000000000000000, 1.000000000000000000, -0.0000000000000000000 ) ) ;
#1231 = ORIENTED_EDGE ( 'NONE', *, *, #2715, .T. ) ;
#1232 = DIRECTION ( 'NONE',  ( 1.110223024625154800E-016, 0.0000000000000000000, -1.000000000000000000 ) ) ;
#1233 = ORIENTED_EDGE ( 'NONE', *, *, #3055, .T. ) ;
#1234 = EDGE_CURVE ( 'NONE', #609, #2836, #1499, .T. ) ;
#1235 = VECTOR ( 'NONE', #3960, 1000.000000000000000 ) ;
#1236 = DIRECTION ( 'NONE',  ( 1.636694662590795500E-016, 3.475538202552856900E-016, -1.000000000000000000 ) ) ;
#1237 = AXIS2_PLACEMENT_3D ( 'NONE', #3843, #1757, #4193 ) ;
#1238 = CARTESIAN_POINT ( 'NONE',  ( -4.323787969906970100, -3.118312972516829300, 2.199999999999979700 ) ) ;
#1239 = DIRECTION ( 'NONE',  ( 1.110223024625154800E-016, 0.0000000000000000000, -1.000000000000000000 ) ) ;
#1240 = ORIENTED_EDGE ( 'NONE', *, *, #3055, .F. ) ;
#1241 = ORIENTED_EDGE ( 'NONE', *, *, #4344, .F. ) ;
#1242 = VERTEX_POINT ( 'NONE', #97 ) ;
#1243 = AXIS2_PLACEMENT_3D ( 'NONE', #1186, #850, #1875 ) ;
#1244 = EDGE_CURVE ( 'NONE', #250, #3129, #3238, .T. ) ;
#1245 = ORIENTED_EDGE ( 'NONE', *, *, #2166, .F. ) ;
#1246 = DATE_AND_TIME ( #2169, #3102 ) ;
#1247 = CARTESIAN_POINT ( 'NONE',  ( -5.507214920650829600, -0.9566671202885790300, 2.199999999999993500 ) ) ;
#1248 = EDGE_LOOP ( 'NONE', ( #4460, #3951, #1802, #4463 ) ) ;
#1249 = APPROVAL_DATE_TIME ( #2172, #3904 ) ;
#1250 = DIRECTION ( 'NONE',  ( -0.0000000000000000000, 1.000000000000000000, -0.0000000000000000000 ) ) ;
#1251 = CC_DESIGN_PERSON_AND_ORGANIZATION_ASSIGNMENT ( #1848, #3812, ( #323 ) ) ;
#1252 = CARTESIAN_POINT ( 'NONE',  ( -4.974881387460765600, 1.284228336548835800, 1.999999999999967100 ) ) ;
#1253 = EDGE_CURVE ( 'NONE', #2255, #4490, #584, .T. ) ;
#1254 = ADVANCED_FACE ( 'NONE', ( #2414 ), #3136, .T. ) ;
#1255 = ORIENTED_EDGE ( 'NONE', *, *, #4195, .F. ) ;
#1256 = VERTEX_POINT ( 'NONE', #823 ) ;
#1257 = DIRECTION ( 'NONE',  ( 1.000000000000000000, 0.0000000000000000000, 1.032573497605241000E-016 ) ) ;
#1258 = LINE ( 'NONE', #3442, #337 ) ;
#1259 = FACE_BOUND ( 'NONE', #577, .T. ) ;
#1260 = DIRECTION ( 'NONE',  ( 0.0000000000000000000, -1.000000000000000000, 0.0000000000000000000 ) ) ;
#1261 = AXIS2_PLACEMENT_3D ( 'NONE', #2593, #1210, #3637 ) ;
#1262 = CARTESIAN_POINT ( 'NONE',  ( 0.0000000000000000000, 10.00000000000000200, 3.499999999999999600 ) ) ;
#1263 = CARTESIAN_POINT ( 'NONE',  ( -0.6397748135242159500, 7.600000000000002300, 1.083248422369401900 ) ) ;
#1264 = PLANE ( 'NONE',  #3822 ) ;
#1265 = CYLINDRICAL_SURFACE ( 'NONE', #2909, 2.100000000000002800 ) ;
#1266 = CARTESIAN_POINT ( 'NONE',  ( 2.159754586989570700E-016, 10.00000000000000200, 2.574999999999999700 ) ) ;
#1267 = AXIS2_PLACEMENT_3D ( 'NONE', #2670, #3018, #936 ) ;
#1268 = CIRCLE ( 'NONE', #3309, 0.9250000000000013800 ) ;
#1269 = VECTOR ( 'NONE', #3010, 1000.000000000000000 ) ;
#1270 = ORIENTED_EDGE ( 'NONE', *, *, #190, .F. ) ;
#1271 = ADVANCED_FACE ( 'NONE', ( #4056 ), #1162, .F. ) ;
#1272 = AXIS2_PLACEMENT_3D ( 'NONE', #1098, #1462, #4243 ) ;
#1273 =( GEOMETRIC_REPRESENTATION_CONTEXT ( 3 ) GLOBAL_UNCERTAINTY_ASSIGNED_CONTEXT ( ( #819 ) ) GLOBAL_UNIT_ASSIGNED_CONTEXT ( ( #1137, #3564, #1488 ) ) REPRESENTATION_CONTEXT ( 'NONE', 'WORKASPACE' ) );
#1274 = LINE ( 'NONE', #2850, #353 ) ;
#1275 = VECTOR ( 'NONE', #4205, 1000.000000000000000 ) ;
#1276 = CARTESIAN_POINT ( 'NONE',  ( 3.000000000000002700, -5.000000000000000900, 1.499999999897448000 ) ) ;
#1277 = DIRECTION ( 'NONE',  ( 1.110223024625154800E-016, 0.0000000000000000000, -1.000000000000000000 ) ) ;
#1278 = EDGE_LOOP ( 'NONE', ( #1955, #3685, #424, #2782 ) ) ;
#1279 = DIRECTION ( 'NONE',  ( -1.000000000000000000, 1.734723475976807100E-015, 0.0000000000000000000 ) ) ;
#1280 = VECTOR ( 'NONE', #2555, 1000.000000000000000 ) ;
#1281 = ORIENTED_EDGE ( 'NONE', *, *, #1702, .F. ) ;
#1282 = ORIENTED_EDGE ( 'NONE', *, *, #3549, .F. ) ;
#1283 = VECTOR ( 'NONE', #115, 1000.000000000000000 ) ;
#1284 = CARTESIAN_POINT ( 'NONE',  ( -4.556383268983860400, 1.087200469433224900, 2.199999999999993500 ) ) ;
#1285 = ORIENTED_EDGE ( 'NONE', *, *, #889, .T. ) ;
#1286 = EDGE_LOOP ( 'NONE', ( #1443, #1790, #3041, #2259 ) ) ;
#1287 = ORIENTED_EDGE ( 'NONE', *, *, #4211, .T. ) ;
#1288 = DIRECTION ( 'NONE',  ( 1.110223024625154800E-016, 0.0000000000000000000, -1.000000000000000000 ) ) ;
#1289 = CARTESIAN_POINT ( 'NONE',  ( -0.7165477909999579100, 5.200000000000002800, 0.7932382329999752000 ) ) ;
#1290 = ORIENTED_EDGE ( 'NONE', *, *, #3416, .T. ) ;
#1291 = EDGE_CURVE ( 'NONE', #649, #878, #2649, .T. ) ;
#1292 = DIRECTION ( 'NONE',  ( 0.0000000000000000000, -1.000000000000000000, 0.0000000000000000000 ) ) ;
#1293 = AXIS2_PLACEMENT_3D ( 'NONE', #238, #3713, #1634 ) ;
#1294 = EDGE_LOOP ( 'NONE', ( #596, #3402, #2120, #1185 ) ) ;
#1295 = CARTESIAN_POINT ( 'NONE',  ( 3.500000000000003100, -5.000000000000000900, 1.500000000000001300 ) ) ;
#1296 = CARTESIAN_POINT ( 'NONE',  ( 8.000000000000000000, -5.000000000000000900, 1.500000000000001300 ) ) ;
#1297 = ADVANCED_FACE ( 'NONE', ( #2203 ), #2175, .T. ) ;
#1298 = CARTESIAN_POINT ( 'NONE',  ( -4.951044336693750700, -0.7855867909330946900, 2.000000000000015500 ) ) ;
#1299 = ORIENTED_EDGE ( 'NONE', *, *, #3719, .F. ) ;
#1300 = DATE_AND_TIME ( #2225, #3154 ) ;
#1301 = CARTESIAN_POINT ( 'NONE',  ( -5.899999999999997700, -5.000000000000000900, 1.500000000000001600 ) ) ;
#1302 = EDGE_CURVE ( 'NONE', #658, #3786, #361, .T. ) ;
#1303 = VERTEX_POINT ( 'NONE', #3939 ) ;
#1304 = VERTEX_POINT ( 'NONE', #3606 ) ;
#1305 = CALENDAR_DATE ( 2019, 25, 3 ) ;
#1306 = EDGE_LOOP ( 'NONE', ( #3262, #2319, #2647, #4082 ) ) ;
#1307 = CC_DESIGN_APPROVAL ( #1082, ( #620 ) ) ;
#1308 = SHAPE_DEFINITION_REPRESENTATION ( #2709, #1381 ) ;
#1309 = DIRECTION ( 'NONE',  ( -1.930664262269872800E-015, 1.000000000000000000, 9.860761315262647600E-032 ) ) ;
#1310 = EDGE_CURVE ( 'NONE', #2324, #365, #3567, .T. ) ;
#1311 = DIRECTION ( 'NONE',  ( 1.110223024625154800E-016, 0.0000000000000000000, -1.000000000000000000 ) ) ;
#1312 = ORIENTED_EDGE ( 'NONE', *, *, #1000, .T. ) ;
#1313 = LINE ( 'NONE', #902, #1209 ) ;
#1314 = DIRECTION ( 'NONE',  ( 1.000000000000000000, 0.0000000000000000000, 0.0000000000000000000 ) ) ;
#1315 = LINE ( 'NONE', #3069, #3172 ) ;
#1316 = ADVANCED_FACE ( 'NONE', ( #2096 ), #2930, .F. ) ;
#1317 = PRODUCT_DEFINITION_SHAPE ( 'NONE', 'NONE',  #3118 ) ;
#1318 = FACE_OUTER_BOUND ( 'NONE', #712, .T. ) ;
#1319 = DIRECTION ( 'NONE',  ( 1.110223024625154800E-016, 0.0000000000000000000, -1.000000000000000000 ) ) ;
#1320 = CARTESIAN_POINT ( 'NONE',  ( -4.853013033882372300, -0.7465346013785789700, 1.999999999999970500 ) ) ;
#1321 = CARTESIAN_POINT ( 'NONE',  ( -4.321693843278199100, 0.06348339486497711600, 2.000000000000012000 ) ) ;
#1322 = FACE_OUTER_BOUND ( 'NONE', #1721, .T. ) ;
#1323 = AXIS2_PLACEMENT_3D ( 'NONE', #2508, #3557, #1484 ) ;
#1324 = FACE_BOUND ( 'NONE', #2999, .T. ) ;
#1325 = EDGE_CURVE ( 'NONE', #2622, #3129, #1177, .T. ) ;
#1326 = FACE_OUTER_BOUND ( 'NONE', #2442, .T. ) ;
#1327 = ORIENTED_EDGE ( 'NONE', *, *, #4155, .T. ) ;
#1328 = VECTOR ( 'NONE', #1973, 1000.000000000000000 ) ;
#1329 = CC_DESIGN_APPROVAL ( #1108, ( #887 ) ) ;
#1330 = ORIENTED_EDGE ( 'NONE', *, *, #710, .T. ) ;
#1331 = PLANE ( 'NONE',  #4117 ) ;
#1332 = ORIENTED_EDGE ( 'NONE', *, *, #4048, .T. ) ;
#1333 = EDGE_CURVE ( 'NONE', #2441, #4490, #3949, .T. ) ;
#1334 = CARTESIAN_POINT ( 'NONE',  ( -10.49999999979488200, 9.999999999999994700, 0.0000000000000000000 ) ) ;
#1335 = LINE ( 'NONE', #3034, #1450 ) ;
#1336 = DIRECTION ( 'NONE',  ( -1.000000000000000000, 0.0000000000000000000, 0.0000000000000000000 ) ) ;
#1337 = ORIENTED_EDGE ( 'NONE', *, *, #4025, .T. ) ;
#1338 = DIRECTION ( 'NONE',  ( 1.000000000000000000, 0.0000000000000000000, 1.110223024625154800E-016 ) ) ;
#1339 = ADVANCED_FACE ( 'NONE', ( #254 ), #141, .T. ) ;
#1340 = ORIENTED_EDGE ( 'NONE', *, *, #3234, .F. ) ;
#1341 = LINE ( 'NONE', #776, #2371 ) ;
#1342 = CARTESIAN_POINT ( 'NONE',  ( -5.507214920650829600, -1.192419969672946300, 2.199999999999993500 ) ) ;
#1343 = ORIENTED_EDGE ( 'NONE', *, *, #4175, .T. ) ;
#1344 = CARTESIAN_POINT ( 'NONE',  ( -4.973163549210582300, -2.694563177103599800, 2.199999999999993500 ) ) ;
#1345 = VERTEX_POINT ( 'NONE', #3283 ) ;
#1346 = EDGE_LOOP ( 'NONE', ( #1899, #972, #1337, #1798 ) ) ;
#1347 = EDGE_LOOP ( 'NONE', ( #82, #2278, #2604, #911 ) ) ;
#1348 = DIRECTION ( 'NONE',  ( 0.0000000000000000000, 1.000000000000000000, 0.0000000000000000000 ) ) ;
#1349 = EDGE_CURVE ( 'NONE', #2977, #644, #1982, .T. ) ;
#1350 = DIRECTION ( 'NONE',  ( 1.000000000000000000, 0.0000000000000000000, 0.0000000000000000000 ) ) ;
#1351 = VERTEX_POINT ( 'NONE', #2947 ) ;
#1352 = CARTESIAN_POINT ( 'NONE',  ( -5.899999999999990600, 4.999999999999997300, 1.500000000000001600 ) ) ;
#1353 = APPROVAL_PERSON_ORGANIZATION ( #2280, #3904, #2770 ) ;
#1354 = VERTEX_POINT ( 'NONE', #2587 ) ;
#1355 = DIRECTION ( 'NONE',  ( 0.0000000000000000000, -0.0000000000000000000, 1.000000000000000000 ) ) ;
#1356 = EDGE_CURVE ( 'NONE', #3149, #2336, #2810, .T. ) ;
#1357 = ADVANCED_FACE ( 'NONE', ( #3729 ), #35, .T. ) ;
#1358 = EDGE_LOOP ( 'NONE', ( #2763, #1981, #2331, #4509 ) ) ;
#1359 = CIRCLE ( 'NONE', #2551, 2.500000000000004000 ) ;
#1360 = CARTESIAN_POINT ( 'NONE',  ( -4.323787969906970100, -2.848677808692835700, 1.999999999999985800 ) ) ;
#1361 = LINE ( 'NONE', #3879, #4036 ) ;
#1362 = PLANE ( 'NONE',  #4090 ) ;
#1363 = EDGE_CURVE ( 'NONE', #1181, #1742, #3029, .T. ) ;
#1364 = CARTESIAN_POINT ( 'NONE',  ( -5.292501499740316400, 1.433778426501830500, 2.200000000000000600 ) ) ;
#1365 = DIRECTION ( 'NONE',  ( 1.110223024625154800E-016, 0.0000000000000000000, -1.000000000000000000 ) ) ;
#1366 = CIRCLE ( 'NONE', #1966, 2.000000000000003600 ) ;
#1367 = DIRECTION ( 'NONE',  ( 1.000000000000000000, 0.0000000000000000000, 0.0000000000000000000 ) ) ;
#1368 = LINE ( 'NONE', #1764, #3016 ) ;
#1369 = EDGE_LOOP ( 'NONE', ( #836, #1729, #3623, #3468 ) ) ;
#1370 = EDGE_CURVE ( 'NONE', #3479, #937, #960, .T. ) ;
#1371 = AXIS2_PLACEMENT_3D ( 'NONE', #2541, #474, #2905 ) ;
#1372 = CARTESIAN_POINT ( 'NONE',  ( -5.304542727856007100, -2.853029665593337100, 2.000000000000005800 ) ) ;
#1373 = PERSON_AND_ORGANIZATION_ROLE ( 'creator' ) ;
#1374 = VECTOR ( 'NONE', #575, 1000.000000000000000 ) ;
#1375 = ORIENTED_EDGE ( 'NONE', *, *, #864, .T. ) ;
#1376 = PLANE ( 'NONE',  #585 ) ;
#1377 = LINE ( 'NONE', #2140, #4051 ) ;
#1378 = DIRECTION ( 'NONE',  ( 1.000000000000000000, 0.0000000000000000000, 0.0000000000000000000 ) ) ;
#1379 = ADVANCED_FACE ( 'NONE', ( #2924 ), #3513, .F. ) ;
#1380 = CYLINDRICAL_SURFACE ( 'NONE', #1477, 0.3000000000000003800 ) ;
#1381 = SHAPE_REPRESENTATION ( 'HG-MF08_1', ( #3376, #2206, #2435, #2680 ), #2916 ) ;
#1382 = AXIS2_PLACEMENT_3D ( 'NONE', #2373, #304, #2736 ) ;
#1383 = DIRECTION ( 'NONE',  ( -1.000000000000000000, 0.0000000000000000000, -1.110223024625154800E-016 ) ) ;
#1384 = EDGE_CURVE ( 'NONE', #107, #1181, #1769, .T. ) ;
#1385 = DIRECTION ( 'NONE',  ( 1.000000000000000000, 0.0000000000000000000, 2.168404344971005400E-016 ) ) ;
#1386 = ORIENTED_EDGE ( 'NONE', *, *, #198, .T. ) ;
#1387 = VECTOR ( 'NONE', #4289, 1000.000000000000000 ) ;
#1388 = CARTESIAN_POINT ( 'NONE',  ( 5.899999999999998600, 4.999999999999997300, 1.500000000000001300 ) ) ;
#1389 = ORIENTED_EDGE ( 'NONE', *, *, #3627, .F. ) ;
#1390 = ORIENTED_EDGE ( 'NONE', *, *, #4155, .F. ) ;
#1391 = CC_DESIGN_DATE_AND_TIME_ASSIGNMENT ( #1895, #725, ( #938 ) ) ;
#1392 = CYLINDRICAL_SURFACE ( 'NONE', #4141, 2.000000000000003600 ) ;
#1393 = CARTESIAN_POINT ( 'NONE',  ( -4.472135954999997900, -10.00000000000000200, 4.000000000000003600 ) ) ;
#1394 = APPROVAL_ROLE ( '' ) ;
#1395 = EDGE_CURVE ( 'NONE', #1515, #658, #3621, .T. ) ;
#1396 = VERTEX_POINT ( 'NONE', #1584 ) ;
#1397 = DIRECTION ( 'NONE',  ( 0.0000000000000000000, -1.000000000000000000, 0.0000000000000000000 ) ) ;
#1398 = ORIENTED_EDGE ( 'NONE', *, *, #1123, .F. ) ;
#1399 = CARTESIAN_POINT ( 'NONE',  ( -4.323787969906983400, -2.848677808692835700, 1.999999999999988000 ) ) ;
#1400 = DIRECTION ( 'NONE',  ( 0.0000000000000000000, -0.0000000000000000000, 1.000000000000000000 ) ) ;
#1401 = CARTESIAN_POINT ( 'NONE',  ( -4.300000000232840200, 3.334999999999997700, 2.199999999999993500 ) ) ;
#1402 = ORIENTED_EDGE ( 'NONE', *, *, #2504, .T. ) ;
#1403 = DIRECTION ( 'NONE',  ( -1.000000000000000000, 0.0000000000000000000, -1.110223024625154800E-016 ) ) ;
#1404 = ORIENTED_EDGE ( 'NONE', *, *, #2735, .T. ) ;
#1405 = DIRECTION ( 'NONE',  ( 1.000000000000000000, 0.0000000000000000000, 1.110223024625155100E-016 ) ) ;
#1406 = AXIS2_PLACEMENT_3D ( 'NONE', #39, #2460, #394 ) ;
#1407 = VERTEX_POINT ( 'NONE', #185 ) ;
#1408 = ADVANCED_FACE ( 'NONE', ( #4442 ), #2540, .T. ) ;
#1409 = APPROVAL_DATE_TIME ( #2329, #3350 ) ;
#1410 = CARTESIAN_POINT ( 'NONE',  ( -4.556383268983860400, 1.087200469433224900, 2.199999999999993500 ) ) ;
#1411 = SECURITY_CLASSIFICATION_LEVEL ( 'unclassified' ) ;
#1412 = EDGE_LOOP ( 'NONE', ( #1781, #3671, #3232, #766 ) ) ;
#1413 = ORIENTED_EDGE ( 'NONE', *, *, #1102, .T. ) ;
#1414 = CARTESIAN_POINT ( 'NONE',  ( 2.000000000000001800, 0.0000000000000000000, 0.0000000000000000000 ) ) ;
#1415 = DATE_AND_TIME ( #2333, #3263 ) ;
#1416 = AXIS2_PLACEMENT_3D ( 'NONE', #314, #2744, #671 ) ;
#1417 = CARTESIAN_POINT ( 'NONE',  ( -5.009663521936221100, -0.3850359920796880800, 2.000000000000001800 ) ) ;
#1418 = CARTESIAN_POINT ( 'NONE',  ( 0.0000000000000000000, 10.00000000000000200, 3.499999999999999600 ) ) ;
#1419 = ORIENTED_EDGE ( 'NONE', *, *, #2226, .T. ) ;
#1420 = CYLINDRICAL_SURFACE ( 'NONE', #347, 0.9999999999999947800 ) ;
#1421 = DIRECTION ( 'NONE',  ( 1.000000000000000000, 0.0000000000000000000, 1.110223024625154800E-016 ) ) ;
#1422 = CARTESIAN_POINT ( 'NONE',  ( 2.860594363054962300E-017, -10.00000000000000200, 6.000000000000000000 ) ) ;
#1423 = CARTESIAN_POINT ( 'NONE',  ( -5.507214920650829600, -2.336958334505153000, 2.000000000000001800 ) ) ;
#1424 = CARTESIAN_POINT ( 'NONE',  ( -2.000000000000001800, 10.00000000000000200, 0.0000000000000000000 ) ) ;
#1425 = ORIENTED_EDGE ( 'NONE', *, *, #1349, .T. ) ;
#1426 = AXIS2_PLACEMENT_3D ( 'NONE', #2102, #24, #2449 ) ;
#1427 = PRODUCT_DEFINITION_FORMATION_WITH_SPECIFIED_SOURCE ( 'ANY', '', #3857, .NOT_KNOWN. ) ;
#1428 = LINE ( 'NONE', #1917, #288 ) ;
#1429 = EDGE_CURVE ( 'NONE', #1180, #411, #749, .T. ) ;
#1430 = CONICAL_SURFACE ( 'NONE', #17, 0.9250000000000013800, 0.7853981633974490600 ) ;
#1431 =( REPRESENTATION_RELATIONSHIP ('NONE','NONE', #1381, #4397 ) REPRESENTATION_RELATIONSHIP_WITH_TRANSFORMATION ( #1032 )SHAPE_REPRESENTATION_RELATIONSHIP( ) );
#1432 = CARTESIAN_POINT ( 'NONE',  ( -5.502944865571804700, 0.6428366150176070300, 2.199999999999993500 ) ) ;
#1433 = LINE ( 'NONE', #3940, #1541 ) ;
#1434 = DIRECTION ( 'NONE',  ( -0.0000000000000000000, -0.0000000000000000000, -1.000000000000000000 ) ) ;
#1435 = ADVANCED_FACE ( 'NONE', ( #2472 ), #2279, .T. ) ;
#1436 = CARTESIAN_POINT ( 'NONE',  ( -9.199999999999992200, -5.000000000000000900, 0.5999999999999997600 ) ) ;
#1437 = DIRECTION ( 'NONE',  ( -0.9050955275702010600, -0.4252082853995431400, -8.326672684688659300E-017 ) ) ;
#1438 = CYLINDRICAL_SURFACE ( 'NONE', #3391, 1.199999999999999700 ) ;
#1439 = VECTOR ( 'NONE', #153, 1000.000000000000000 ) ;
#1440 = LINE ( 'NONE', #84, #527 ) ;
#1441 = EDGE_CURVE ( 'NONE', #58, #963, #1552, .T. ) ;
#1442 = AXIS2_PLACEMENT_3D ( 'NONE', #2052, #4496, #2398 ) ;
#1443 = ORIENTED_EDGE ( 'NONE', *, *, #2582, .T. ) ;
#1444 = CARTESIAN_POINT ( 'NONE',  ( -4.973163549210582300, -2.694563177103599800, 1.999999999999911600 ) ) ;
#1445 = LINE ( 'NONE', #3363, #3185 ) ;
#1446 = VERTEX_POINT ( 'NONE', #2652 ) ;
#1447 = DIRECTION ( 'NONE',  ( 0.9060587127439392300, -0.4231519928592985500, -1.387778780781443200E-016 ) ) ;
#1448 = ORIENTED_EDGE ( 'NONE', *, *, #3859, .F. ) ;
#1449 = CARTESIAN_POINT ( 'NONE',  ( -5.502944865571804700, 2.028444947627654000, 2.000000000000001800 ) ) ;
#1450 = VECTOR ( 'NONE', #3381, 1000.000000000000000 ) ;
#1451 = CARTESIAN_POINT ( 'NONE',  ( -7.999999999999992900, -5.000000000000000900, 0.0000000000000000000 ) ) ;
#1452 = EDGE_CURVE ( 'NONE', #2336, #3686, #4218, .T. ) ;
#1453 = CARTESIAN_POINT ( 'NONE',  ( 1.999999999999994900, -4.999999999999997300, 1.000000000000000900 ) ) ;
#1454 = VERTEX_POINT ( 'NONE', #3347 ) ;
#1455 = CARTESIAN_POINT ( 'NONE',  ( -4.300000000232840200, 3.334999999999997700, 2.199999999999993500 ) ) ;
#1456 = VERTEX_POINT ( 'NONE', #2304 ) ;
#1457 = DIRECTION ( 'NONE',  ( -0.0000000000000000000, -0.0000000000000000000, -1.000000000000000000 ) ) ;
#1458 = LINE ( 'NONE', #1784, #541 ) ;
#1459 = ORIENTED_EDGE ( 'NONE', *, *, #3859, .T. ) ;
#1460 = ORIENTED_EDGE ( 'NONE', *, *, #2242, .F. ) ;
#1461 = EDGE_CURVE ( 'NONE', #3808, #562, #3401, .T. ) ;
#1462 = DIRECTION ( 'NONE',  ( -1.110223024625154800E-016, 0.0000000000000000000, 1.000000000000000000 ) ) ;
#1463 = ORIENTED_EDGE ( 'NONE', *, *, #689, .F. ) ;
#1464 = ORIENTED_EDGE ( 'NONE', *, *, #1086, .T. ) ;
#1465 = DIRECTION ( 'NONE',  ( 1.000000000000000000, 0.0000000000000000000, 0.0000000000000000000 ) ) ;
#1466 = ORGANIZATION ( 'NAUO-ORG1', 'UNSPECIFIED', 'UNSPECIFIED' ) ;
#1467 = DIRECTION ( 'NONE',  ( -2.891205793294684900E-015, 1.000000000000000000, -9.860761315262647600E-032 ) ) ;
#1468 = CARTESIAN_POINT ( 'NONE',  ( -4.229949723821905000E-015, 0.7999999999999647400, 20.00000000000001400 ) ) ;
#1469 = EDGE_LOOP ( 'NONE', ( #2126, #543, #3237, #3516 ) ) ;
#1470 = DIRECTION ( 'NONE',  ( 0.0000000000000000000, 1.000000000000000000, 0.0000000000000000000 ) ) ;
#1471 = DIRECTION ( 'NONE',  ( -1.110223024625154800E-016, 0.0000000000000000000, 1.000000000000000000 ) ) ;
#1472 = ORIENTED_EDGE ( 'NONE', *, *, #2938, .T. ) ;
#1473 = DIRECTION ( 'NONE',  ( 1.000000000000000000, 0.0000000000000000000, 1.110223024625155100E-016 ) ) ;
#1474 =( LENGTH_UNIT ( ) NAMED_UNIT ( * ) SI_UNIT ( .MILLI., .METRE. ) );
#1475 = CALENDAR_DATE ( 2019, 25, 3 ) ;
#1476 = EDGE_CURVE ( 'NONE', #102, #3321, #2361, .T. ) ;
#1477 = AXIS2_PLACEMENT_3D ( 'NONE', #2092, #3477, #707 ) ;
#1478 = ORIENTED_EDGE ( 'NONE', *, *, #4009, .T. ) ;
#1479 = CARTESIAN_POINT ( 'NONE',  ( 8.000000000000000000, -5.000000000000000900, 0.0000000000000000000 ) ) ;
#1480 = ORIENTED_EDGE ( 'NONE', *, *, #2392, .T. ) ;
#1481 = AXIS2_PLACEMENT_3D ( 'NONE', #4328, #2243, #168 ) ;
#1482 = CIRCLE ( 'NONE', #4269, 0.5000000000000008900 ) ;
#1483 = EDGE_CURVE ( 'NONE', #3492, #1586, #1445, .T. ) ;
#1484 = DIRECTION ( 'NONE',  ( 1.000000000000000000, 3.614007242319598800E-016, 1.110223024625154800E-016 ) ) ;
#1485 = ORIENTED_EDGE ( 'NONE', *, *, #3078, .F. ) ;
#1486 = LINE ( 'NONE', #1103, #569 ) ;
#1487 = DIRECTION ( 'NONE',  ( 1.110223024625154800E-016, 0.0000000000000000000, -1.000000000000000000 ) ) ;
#1488 =( NAMED_UNIT ( * ) SI_UNIT ( $, .STERADIAN. ) SOLID_ANGLE_UNIT ( ) );
#1489 = SECURITY_CLASSIFICATION ( '', '', #1732 ) ;
#1490 = FACE_OUTER_BOUND ( 'NONE', #225, .T. ) ;
#1491 = EDGE_CURVE ( 'NONE', #257, #644, #4107, .T. ) ;
#1492 = CIRCLE ( 'NONE', #2614, 1.224999999999910200 ) ;
#1493 = LINE ( 'NONE', #1589, #3231 ) ;
#1494 = VECTOR ( 'NONE', #2801, 1000.000000000000000 ) ;
#1495 = CARTESIAN_POINT ( 'NONE',  ( -5.502944865571804700, 0.1462013967030995100, 2.199999999999993500 ) ) ;
#1496 = LINE ( 'NONE', #402, #1275 ) ;
#1497 = DIRECTION ( 'NONE',  ( 0.0000000000000000000, 0.0000000000000000000, 1.000000000000000000 ) ) ;
#1498 = ORIENTED_EDGE ( 'NONE', *, *, #1133, .F. ) ;
#1499 = CIRCLE ( 'NONE', #3043, 0.7999999999999786200 ) ;
#1500 = AXIS2_PLACEMENT_3D ( 'NONE', #3724, #1646, #4075 ) ;
#1501 = ORIENTED_EDGE ( 'NONE', *, *, #1102, .F. ) ;
#1502 = ORIENTED_EDGE ( 'NONE', *, *, #641, .T. ) ;
#1503 = CIRCLE ( 'NONE', #2988, 1.000000000000001600 ) ;
#1504 = CARTESIAN_POINT ( 'NONE',  ( -3.961000000000006100, -9.999999999999998200, 2.000000001432009200 ) ) ;
#1505 = DIRECTION ( 'NONE',  ( 0.9051050021955378000, -0.4251881171912211300, -8.326672684688661700E-017 ) ) ;
#1506 = ORIENTED_EDGE ( 'NONE', *, *, #2233, .F. ) ;
#1507 = DIRECTION ( 'NONE',  ( 0.9052838978505121100, -0.4248070906806800700, 0.0000000000000000000 ) ) ;
#1508 = AXIS2_PLACEMENT_3D ( 'NONE', #3909, #1820, #4256 ) ;
#1509 =( GEOMETRIC_REPRESENTATION_CONTEXT ( 3 ) GLOBAL_UNCERTAINTY_ASSIGNED_CONTEXT ( ( #3705 ) ) GLOBAL_UNIT_ASSIGNED_CONTEXT ( ( #1832, #4263, #2180 ) ) REPRESENTATION_CONTEXT ( 'NONE', 'WORKASPACE' ) );
#1510 = EDGE_LOOP ( 'NONE', ( #1575, #1882, #3888, #1580 ) ) ;
#1511 = CARTESIAN_POINT ( 'NONE',  ( 0.0000000000000000000, -5.000000000000004400, 3.499999999999999600 ) ) ;
#1512 = CARTESIAN_POINT ( 'NONE',  ( -4.652451328080648100, -2.694481375282165000, 1.999999999999998200 ) ) ;
#1513 = APPLICATION_CONTEXT ( 'configuration controlled 3d designs of mechanical parts and assemblies' ) ;
#1514 = VERTEX_POINT ( 'NONE', #2320 ) ;
#1515 = VERTEX_POINT ( 'NONE', #4412 ) ;
#1516 = ORIENTED_EDGE ( 'NONE', *, *, #4456, .T. ) ;
#1517 = CARTESIAN_POINT ( 'NONE',  ( -4.323787969906983400, -2.848677808692835700, 1.999999999999988000 ) ) ;
#1518 = APPROVAL_PERSON_ORGANIZATION ( #2437, #3350, #1394 ) ;
#1519 = ORIENTED_EDGE ( 'NONE', *, *, #150, .F. ) ;
#1520 = ORIENTED_EDGE ( 'NONE', *, *, #3389, .T. ) ;
#1521 = CARTESIAN_POINT ( 'NONE',  ( 12.49999999999999600, 8.000000000000000000, 0.0000000000000000000 ) ) ;
#1522 = ORIENTED_EDGE ( 'NONE', *, *, #3308, .T. ) ;
#1523 = PERSON_AND_ORGANIZATION ( #2908, #3807 ) ;
#1524 = CARTESIAN_POINT ( 'NONE',  ( 2.775557561562886900E-016, -10.00000000000000200, 0.9999999999999995600 ) ) ;
#1525 = CARTESIAN_POINT ( 'NONE',  ( -5.502944865571804700, 1.532529585341807500, 2.000000000000001800 ) ) ;
#1526 = PERSON_AND_ORGANIZATION_ROLE ( 'creator' ) ;
#1527 = VERTEX_POINT ( 'NONE', #949 ) ;
#1528 = EDGE_CURVE ( 'NONE', #2728, #983, #421, .T. ) ;
#1529 = LINE ( 'NONE', #1801, #4084 ) ;
#1530 = LINE ( 'NONE', #1880, #617 ) ;
#1531 = DIRECTION ( 'NONE',  ( 1.110223024625154800E-016, -0.0000000000000000000, -1.000000000000000000 ) ) ;
#1532 = VECTOR ( 'NONE', #3645, 1000.000000000000000 ) ;
#1533 = CARTESIAN_POINT ( 'NONE',  ( -4.472135954999997900, -5.200000000000000200, 4.000000000000003600 ) ) ;
#1534 = EDGE_CURVE ( 'NONE', #2845, #3149, #638, .T. ) ;
#1535 = VECTOR ( 'NONE', #1311, 1000.000000000000000 ) ;
#1536 = DIRECTION ( 'NONE',  ( -1.000000000000000000, 0.0000000000000000000, -1.110223024625154800E-016 ) ) ;
#1537 = CARTESIAN_POINT ( 'NONE',  ( -6.799999999999990900, 4.999999999999997300, 1.332267629550188500E-016 ) ) ;
#1538 = DIRECTION ( 'NONE',  ( -1.110223024625154800E-016, 0.0000000000000000000, 1.000000000000000000 ) ) ;
#1539 = CARTESIAN_POINT ( 'NONE',  ( -12.49999999999999600, 8.000000000000000000, -6.938893903907228400E-015 ) ) ;
#1540 = DESIGN_CONTEXT ( 'detailed design', #2612, 'design' ) ;
#1541 = VECTOR ( 'NONE', #824, 1000.000000000000000 ) ;
#1542 = CARTESIAN_POINT ( 'NONE',  ( -0.7165477909999579100, 5.200000000000002800, 0.7932382329999752000 ) ) ;
#1543 = PERSON_AND_ORGANIZATION_ROLE ( 'design_owner' ) ;
#1544 = CC_DESIGN_DATE_AND_TIME_ASSIGNMENT ( #4515, #2127, ( #620 ) ) ;
#1545 = FACE_OUTER_BOUND ( 'NONE', #2271, .T. ) ;
#1546 = EDGE_CURVE ( 'NONE', #3634, #568, #3083, .T. ) ;
#1547 = FACE_BOUND ( 'NONE', #1730, .T. ) ;
#1548 = LINE ( 'NONE', #1455, #3292 ) ;
#1549 = ORIENTED_EDGE ( 'NONE', *, *, #1596, .T. ) ;
#1550 = DIRECTION ( 'NONE',  ( -0.9289996952740625600, -0.3700804860847148900, -8.326672684688655600E-017 ) ) ;
#1551 = CARTESIAN_POINT ( 'NONE',  ( -5.146828816123508500, 2.066973605524963500, 2.199999999999986900 ) ) ;
#1552 = CIRCLE ( 'NONE', #2016, 2.500000000000004000 ) ;
#1553 = DIRECTION ( 'NONE',  ( 1.000000000000000000, 0.0000000000000000000, 0.0000000000000000000 ) ) ;
#1554 = AXIS2_PLACEMENT_3D ( 'NONE', #2606, #2246, #2960 ) ;
#1555 = ORIENTED_EDGE ( 'NONE', *, *, #1659, .F. ) ;
#1556 = PLANE ( 'NONE',  #4177 ) ;
#1557 = VERTEX_POINT ( 'NONE', #2694 ) ;
#1558 = DATE_TIME_ROLE ( 'classification_date' ) ;
#1559 = VECTOR ( 'NONE', #3009, 1000.000000000000000 ) ;
#1560 = ORIENTED_EDGE ( 'NONE', *, *, #1997, .T. ) ;
#1561 = ORIENTED_EDGE ( 'NONE', *, *, #1949, .F. ) ;
#1562 = AXIS2_PLACEMENT_3D ( 'NONE', #2201, #124, #2554 ) ;
#1563 = ORIENTED_EDGE ( 'NONE', *, *, #2184, .T. ) ;
#1564 = CARTESIAN_POINT ( 'NONE',  ( -10.09999999999999300, 4.999999999999997300, 1.999999999999973600 ) ) ;
#1565 = EDGE_CURVE ( 'NONE', #2953, #660, #2256, .T. ) ;
#1566 = ORIENTED_EDGE ( 'NONE', *, *, #2854, .T. ) ;
#1567 = VERTEX_POINT ( 'NONE', #3387 ) ;
#1568 = ORIENTED_EDGE ( 'NONE', *, *, #2062, .F. ) ;
#1569 = DIRECTION ( 'NONE',  ( 1.000000000000000000, 0.0000000000000000000, 0.0000000000000000000 ) ) ;
#1570 = CARTESIAN_POINT ( 'NONE',  ( -5.502944865571804700, 0.6428366150176070300, 2.000000000000001800 ) ) ;
#1571 = CARTESIAN_POINT ( 'NONE',  ( -0.7165477909999579100, 5.200000000000002800, 1.093238232999975000 ) ) ;
#1572 = VERTEX_POINT ( 'NONE', #3377 ) ;
#1573 = CC_DESIGN_PERSON_AND_ORGANIZATION_ASSIGNMENT ( #2617, #877, ( #887 ) ) ;
#1574 = CARTESIAN_POINT ( 'NONE',  ( 10.50000000038468800, -10.00000000000000200, 2.000000000000001800 ) ) ;
#1575 = ORIENTED_EDGE ( 'NONE', *, *, #1614, .T. ) ;
#1576 = COORDINATED_UNIVERSAL_TIME_OFFSET ( 9, 0, .AHEAD. ) ;
#1577 = EDGE_CURVE ( 'NONE', #250, #257, #2148, .T. ) ;
#1578 = ADVANCED_FACE ( 'NONE', ( #306 ), #3736, .F. ) ;
#1579 = ORIENTED_EDGE ( 'NONE', *, *, #2978, .T. ) ;
#1580 = ORIENTED_EDGE ( 'NONE', *, *, #2352, .T. ) ;
#1581 = ORIENTED_EDGE ( 'NONE', *, *, #3906, .T. ) ;
#1582 = DATE_AND_TIME ( #2502, #3427 ) ;
#1583 = ORIENTED_EDGE ( 'NONE', *, *, #3097, .T. ) ;
#1584 = CARTESIAN_POINT ( 'NONE',  ( 12.49999999999999600, -8.000000000000000000, 0.0000000000000000000 ) ) ;
#1585 = DIRECTION ( 'NONE',  ( 0.0000000000000000000, -1.000000000000000000, 0.0000000000000000000 ) ) ;
#1586 = VERTEX_POINT ( 'NONE', #634 ) ;
#1587 = VECTOR ( 'NONE', #2346, 1000.000000000000000 ) ;
#1588 = CARTESIAN_POINT ( 'NONE',  ( -9.199999999999995700, 4.999999999999997300, -1.332267629550188500E-016 ) ) ;
#1589 = CARTESIAN_POINT ( 'NONE',  ( -4.300000000232840200, 2.774035829306638500, 2.199999999999993500 ) ) ;
#1590 = CARTESIAN_POINT ( 'NONE',  ( -4.853013033882414000, -0.8283200624523214800, 2.199999999999979700 ) ) ;
#1591 = EDGE_CURVE ( 'NONE', #1822, #3592, #2972, .T. ) ;
#1592 = VECTOR ( 'NONE', #1071, 1000.000000000000000 ) ;
#1593 = DIRECTION ( 'NONE',  ( 0.0000000000000000000, 0.0000000000000000000, -1.000000000000000000 ) ) ;
#1594 = LINE ( 'NONE', #1613, #679 ) ;
#1595 = ADVANCED_FACE ( 'NONE', ( #1120 ), #1012, .T. ) ;
#1596 = EDGE_CURVE ( 'NONE', #3907, #3218, #2863, .T. ) ;
#1597 = DIRECTION ( 'NONE',  ( -0.0000000000000000000, 1.000000000000000000, -0.0000000000000000000 ) ) ;
#1598 = FACE_OUTER_BOUND ( 'NONE', #719, .T. ) ;
#1599 = CARTESIAN_POINT ( 'NONE',  ( 2.500000000000000000, 10.00000000000000000, 3.500000000000000000 ) ) ;
#1600 = LINE ( 'NONE', #535, #4378 ) ;
#1601 = CARTESIAN_POINT ( 'NONE',  ( 2.500000000000000000, 5.199999999999995700, 3.500000000000000000 ) ) ;
#1602 = CIRCLE ( 'NONE', #4394, 1.200000000000002200 ) ;
#1603 = EDGE_CURVE ( 'NONE', #1572, #2753, #2034, .T. ) ;
#1604 = CIRCLE ( 'NONE', #308, 2.000000000000003100 ) ;
#1605 = CARTESIAN_POINT ( 'NONE',  ( -7.999999999999992900, -5.000000000000000900, 1.999999999999974000 ) ) ;
#1606 = ORIENTED_EDGE ( 'NONE', *, *, #3691, .F. ) ;
#1607 = CIRCLE ( 'NONE', #2106, 0.3000000000000003800 ) ;
#1608 = ORIENTED_EDGE ( 'NONE', *, *, #3171, .F. ) ;
#1609 = CARTESIAN_POINT ( 'NONE',  ( 12.49999999999999600, 0.0000000000000000000, 0.0000000000000000000 ) ) ;
#1610 = EDGE_LOOP ( 'NONE', ( #1621, #863 ) ) ;
#1611 = DIRECTION ( 'NONE',  ( 1.000000000000000000, -6.938893903907217500E-016, 1.734723475976804400E-016 ) ) ;
#1612 = ORIENTED_EDGE ( 'NONE', *, *, #3565, .T. ) ;
#1613 = CARTESIAN_POINT ( 'NONE',  ( 10.50000000000000200, 10.00000000000000200, 1.000000000000000900 ) ) ;
#1614 = EDGE_CURVE ( 'NONE', #2146, #1092, #1923, .T. ) ;
#1615 = CIRCLE ( 'NONE', #2749, 2.099999999999999600 ) ;
#1616 = DIRECTION ( 'NONE',  ( -0.9052838978505121100, 0.4248070906806799600, 5.551115123125773500E-017 ) ) ;
#1617 = AXIS2_PLACEMENT_3D ( 'NONE', #2889, #810, #458 ) ;
#1618 = ADVANCED_BREP_SHAPE_REPRESENTATION ( '', ( #616, #1047 ), #826 ) ;
#1619 = DIRECTION ( 'NONE',  ( -1.110223024625154800E-016, 0.0000000000000000000, 1.000000000000000000 ) ) ;
#1620 = ADVANCED_FACE ( 'NONE', ( #2750 ), #1331, .F. ) ;
#1621 = ORIENTED_EDGE ( 'NONE', *, *, #3586, .F. ) ;
#1622 = ORIENTED_EDGE ( 'NONE', *, *, #4127, .T. ) ;
#1623 = ORIENTED_EDGE ( 'NONE', *, *, #388, .T. ) ;
#1624 = AXIS2_PLACEMENT_3D ( 'NONE', #2039, #4483, #2390 ) ;
#1625 = CARTESIAN_POINT ( 'NONE',  ( 8.000000000000000000, 4.999999999999997300, 0.0000000000000000000 ) ) ;
#1626 = EDGE_CURVE ( 'NONE', #4128, #4406, #85, .T. ) ;
#1627 = ORIENTED_EDGE ( 'NONE', *, *, #1476, .F. ) ;
#1628 = APPROVAL_PERSON_ORGANIZATION ( #2547, #1082, #4206 ) ;
#1629 = ORIENTED_EDGE ( 'NONE', *, *, #3966, .F. ) ;
#1630 = CARTESIAN_POINT ( 'NONE',  ( -4.321693843278199100, -2.848677808692835700, 2.200000000000007300 ) ) ;
#1631 = CALENDAR_DATE ( 2019, 25, 3 ) ;
#1632 = APPROVAL ( #3151, 'UNSPECIFIED' ) ;
#1633 = EDGE_LOOP ( 'NONE', ( #1506, #3373, #3851, #2150, #3539, #2602, #2040, #775, #3413, #1985, #4361, #2494, #3734, #305, #2499, #3738, #2975 ) ) ;
#1634 = DIRECTION ( 'NONE',  ( -1.000000000000000000, 0.0000000000000000000, -1.110223024625154800E-016 ) ) ;
#1635 = EDGE_CURVE ( 'NONE', #3201, #3196, #3563, .T. ) ;
#1636 = CARTESIAN_POINT ( 'NONE',  ( 8.000000000000000000, -5.000000000000000900, 2.000000000000001800 ) ) ;
#1637 = ORIENTED_EDGE ( 'NONE', *, *, #1000, .F. ) ;
#1638 = LOCAL_TIME ( 10, 45, 22.00000000000000000, #2557 ) ;
#1639 = ORIENTED_EDGE ( 'NONE', *, *, #2007, .T. ) ;
#1640 = DIRECTION ( 'NONE',  ( -0.0000000000000000000, -1.000000000000000000, -0.0000000000000000000 ) ) ;
#1641 = FACE_OUTER_BOUND ( 'NONE', #4139, .T. ) ;
#1642 = ADVANCED_FACE ( 'NONE', ( #4495 ), #2526, .F. ) ;
#1643 = CIRCLE ( 'NONE', #2492, 2.099999999999999600 ) ;
#1644 = CIRCLE ( 'NONE', #1013, 1.200000000000002200 ) ;
#1645 = AXIS2_PLACEMENT_3D ( 'NONE', #2132, #55, #2477 ) ;
#1646 = DIRECTION ( 'NONE',  ( -0.0000000000000000000, 1.000000000000000000, -0.0000000000000000000 ) ) ;
#1647 = CARTESIAN_POINT ( 'NONE',  ( -10.49999999999999500, -9.999999999999998200, 2.000000000715984600 ) ) ;
#1648 = FACE_OUTER_BOUND ( 'NONE', #2176, .T. ) ;
#1649 = CARTESIAN_POINT ( 'NONE',  ( -4.974881387460778900, 1.284228336548835800, 2.199999999999990000 ) ) ;
#1650 = AXIS2_PLACEMENT_3D ( 'NONE', #3425, #1338, #3771 ) ;
#1651 = DIRECTION ( 'NONE',  ( 1.000000000000000000, 0.0000000000000000000, 1.110223024625154800E-016 ) ) ;
#1652 = LINE ( 'NONE', #4274, #2350 ) ;
#1653 = DIRECTION ( 'NONE',  ( -1.110223024625154800E-016, 0.0000000000000000000, 1.000000000000000000 ) ) ;
#1654 = VECTOR ( 'NONE', #637, 1000.000000000000000 ) ;
#1655 = AXIS2_PLACEMENT_3D ( 'NONE', #358, #4514, #2793 ) ;
#1656 = APPROVAL ( #1872, 'UNSPECIFIED' ) ;
#1657 = LINE ( 'NONE', #835, #4319 ) ;
#1658 = VECTOR ( 'NONE', #4201, 1000.000000000000000 ) ;
#1659 = EDGE_CURVE ( 'NONE', #4187, #257, #801, .T. ) ;
#1660 = CARTESIAN_POINT ( 'NONE',  ( 10.50000000000000200, -8.000000000000000000, 0.0000000000000000000 ) ) ;
#1661 = ORIENTED_EDGE ( 'NONE', *, *, #848, .F. ) ;
#1662 = CARTESIAN_POINT ( 'NONE',  ( -5.507214920650829600, -1.192419969672946300, 2.199999999999993500 ) ) ;
#1663 = ADVANCED_FACE ( 'NONE', ( #2642 ), #4149, .F. ) ;
#1664 = VECTOR ( 'NONE', #545, 1000.000000000000000 ) ;
#1665 = CARTESIAN_POINT ( 'NONE',  ( 10.50000000000000200, 8.000000000000000000, 2.000000000000001800 ) ) ;
#1666 = CARTESIAN_POINT ( 'NONE',  ( 10.10000000000000000, -5.000000000000000900, 2.000000000000001800 ) ) ;
#1667 = VERTEX_POINT ( 'NONE', #3780 ) ;
#1668 = ORIENTED_EDGE ( 'NONE', *, *, #318, .T. ) ;
#1669 = FACE_OUTER_BOUND ( 'NONE', #3139, .T. ) ;
#1670 = DIRECTION ( 'NONE',  ( 1.110223024625154800E-016, -0.0000000000000000000, -1.000000000000000000 ) ) ;
#1671 = EDGE_LOOP ( 'NONE', ( #166, #2820, #3191, #992, #50 ) ) ;
#1672 = EDGE_LOOP ( 'NONE', ( #4178, #2760, #4253, #600 ) ) ;
#1673 = ORIENTED_EDGE ( 'NONE', *, *, #1356, .F. ) ;
#1674 = DIRECTION ( 'NONE',  ( 1.000000000000000000, 0.0000000000000000000, 0.0000000000000000000 ) ) ;
#1675 = CARTESIAN_POINT ( 'NONE',  ( -4.974881387460778900, 1.284228336548835800, 2.199999999999990000 ) ) ;
#1676 = VERTEX_POINT ( 'NONE', #2059 ) ;
#1677 = EDGE_CURVE ( 'NONE', #1407, #1446, #4268, .T. ) ;
#1678 = AXIS2_PLACEMENT_3D ( 'NONE', #1002, #675, #3084 ) ;
#1679 = ORIENTED_EDGE ( 'NONE', *, *, #132, .F. ) ;
#1680 = CARTESIAN_POINT ( 'NONE',  ( -5.507214920650829600, -1.826564049824779000, 2.000000000000001800 ) ) ;
#1681 = ORIENTED_EDGE ( 'NONE', *, *, #1710, .T. ) ;
#1682 = CARTESIAN_POINT ( 'NONE',  ( 3.500000000000003100, -10.00000000000000200, 2.000000000000001800 ) ) ;
#1683 = VERTEX_POINT ( 'NONE', #4144 ) ;
#1684 = APPROVAL_STATUS ( 'not_yet_approved' ) ;
#1685 = DIRECTION ( 'NONE',  ( 0.0000000000000000000, -1.000000000000000000, 0.0000000000000000000 ) ) ;
#1686 = EDGE_CURVE ( 'NONE', #4468, #3907, #3450, .T. ) ;
#1687 = ORIENTED_EDGE ( 'NONE', *, *, #4255, .F. ) ;
#1688 = ORIENTED_EDGE ( 'NONE', *, *, #1534, .F. ) ;
#1689 = ADVANCED_FACE ( 'NONE', ( #3348 ), #1169, .F. ) ;
#1690 = ORIENTED_EDGE ( 'NONE', *, *, #3515, .T. ) ;
#1691 = PERSON_AND_ORGANIZATION ( #2908, #3807 ) ;
#1692 = CARTESIAN_POINT ( 'NONE',  ( -4.300000000232840200, 2.774035829306638500, 2.199999999999993500 ) ) ;
#1693 = ORIENTED_EDGE ( 'NONE', *, *, #377, .F. ) ;
#1694 = SHAPE_REPRESENTATION_RELATIONSHIP ( 'NONE' , 'NONE' ,  #2896, #4520 ) ;
#1695 = CARTESIAN_POINT ( 'NONE',  ( -5.507214920650829600, 0.06348339486497711600, 2.199999999999993500 ) ) ;
#1696 = EDGE_CURVE ( 'NONE', #4279, #1938, #1604, .T. ) ;
#1697 = ORIENTED_EDGE ( 'NONE', *, *, #4089, .T. ) ;
#1698 = VECTOR ( 'NONE', #1640, 1000.000000000000000 ) ;
#1699 = CARTESIAN_POINT ( 'NONE',  ( 10.10000000000000000, 4.999999999999997300, 2.000000000000001800 ) ) ;
#1700 = ORIENTED_EDGE ( 'NONE', *, *, #1483, .F. ) ;
#1701 = LINE ( 'NONE', #1417, #1592 ) ;
#1702 = EDGE_CURVE ( 'NONE', #3409, #2389, #4158, .T. ) ;
#1703 = AXIS2_PLACEMENT_3D ( 'NONE', #3511, #3860, #1084 ) ;
#1704 = LINE ( 'NONE', #1941, #787 ) ;
#1705 = CARTESIAN_POINT ( 'NONE',  ( -5.304542727856007100, -2.853029665593337100, 2.200000000000007300 ) ) ;
#1706 = LINE ( 'NONE', #1342, #1812 ) ;
#1707 = DIRECTION ( 'NONE',  ( -1.110223024625154800E-016, -0.0000000000000000000, 1.000000000000000000 ) ) ;
#1708 = ADVANCED_FACE ( 'NONE', ( #688 ), #1380, .F. ) ;
#1709 = DIRECTION ( 'NONE',  ( 1.000000000000000000, 0.0000000000000000000, 0.0000000000000000000 ) ) ;
#1710 = EDGE_CURVE ( 'NONE', #658, #4128, #2305, .T. ) ;
#1711 = VECTOR ( 'NONE', #876, 1000.000000000000000 ) ;
#1712 = FACE_OUTER_BOUND ( 'NONE', #1286, .T. ) ;
#1713 = VECTOR ( 'NONE', #2741, 1000.000000000000000 ) ;
#1714 = CC_DESIGN_PERSON_AND_ORGANIZATION_ASSIGNMENT ( #930, #4161, ( #1489 ) ) ;
#1715 = ORIENTED_EDGE ( 'NONE', *, *, #522, .F. ) ;
#1716 = EDGE_LOOP ( 'NONE', ( #2423, #1824, #4190, #663 ) ) ;
#1717 = EDGE_CURVE ( 'NONE', #4186, #3669, #581, .T. ) ;
#1718 = VECTOR ( 'NONE', #1780, 1000.000000000000000 ) ;
#1719 = VERTEX_POINT ( 'NONE', #2109 ) ;
#1720 = PLANE ( 'NONE',  #3277 ) ;
#1721 = EDGE_LOOP ( 'NONE', ( #1839, #1340, #2380, #3693 ) ) ;
#1722 = LINE ( 'NONE', #4307, #1235 ) ;
#1723 = PLANE ( 'NONE',  #2848 ) ;
#1724 = ORIENTED_EDGE ( 'NONE', *, *, #3019, .T. ) ;
#1725 = DIRECTION ( 'NONE',  ( 1.110223024625154800E-016, -0.0000000000000000000, -1.000000000000000000 ) ) ;
#1726 = VERTEX_POINT ( 'NONE', #33 ) ;
#1727 = AXIS2_PLACEMENT_3D ( 'NONE', #3324, #1236, #3664 ) ;
#1728 = ADVANCED_FACE ( 'NONE', ( #3236 ), #385, .T. ) ;
#1729 = ORIENTED_EDGE ( 'NONE', *, *, #1986, .T. ) ;
#1730 = EDGE_LOOP ( 'NONE', ( #1200, #264 ) ) ;
#1731 = CARTESIAN_POINT ( 'NONE',  ( -5.304133718748806500, -3.122681189781623300, 2.200000000000007300 ) ) ;
#1732 = SECURITY_CLASSIFICATION_LEVEL ( 'unclassified' ) ;
#1733 = CALENDAR_DATE ( 2019, 25, 3 ) ;
#1734 = AXIS2_PLACEMENT_3D ( 'NONE', #590, #1974, #4413 ) ;
#1735 = EDGE_LOOP ( 'NONE', ( #47, #3779, #665, #4228 ) ) ;
#1736 = CARTESIAN_POINT ( 'NONE',  ( 9.199999999999999300, -5.000000000000000900, 0.0000000000000000000 ) ) ;
#1737 = DATE_AND_TIME ( #2669, #3589 ) ;
#1739 = EDGE_LOOP ( 'NONE', ( #3007, #213, #3303, #1687 ) ) ;
#1738 = DIRECTION ( 'NONE',  ( 1.110223024625154800E-016, 0.0000000000000000000, -1.000000000000000000 ) ) ;
#1740 = DIRECTION ( 'NONE',  ( -1.000000000000000000, 0.0000000000000000000, 0.0000000000000000000 ) ) ;
#1741 = CALENDAR_DATE ( 2019, 25, 3 ) ;
#1742 = VERTEX_POINT ( 'NONE', #3497 ) ;
#1743 = LINE ( 'NONE', #1079, #1854 ) ;
#1744 = DIRECTION ( 'NONE',  ( 0.0000000000000000000, 0.0000000000000000000, -1.000000000000000000 ) ) ;
#1745 = DATE_TIME_ROLE ( 'creation_date' ) ;
#1746 = ORIENTED_EDGE ( 'NONE', *, *, #2620, .F. ) ;
#1747 = FACE_OUTER_BOUND ( 'NONE', #1510, .T. ) ;
#1748 = VECTOR ( 'NONE', #2290, 1000.000000000000000 ) ;
#1749 = DIRECTION ( 'NONE',  ( 0.9009213347507873900, 0.4339824288964470000, 5.551115123125775900E-017 ) ) ;
#1750 = ADVANCED_FACE ( 'NONE', ( #4052 ), #3025, .T. ) ;
#1751 = DIRECTION ( 'NONE',  ( -1.546198105515946900E-015, 1.000000000000000000, 0.0000000000000000000 ) ) ;
#1752 = LINE ( 'NONE', #4420, #3496 ) ;
#1753 = DIRECTION ( 'NONE',  ( 1.110223024625154800E-016, 0.0000000000000000000, -1.000000000000000000 ) ) ;
#1754 = VECTOR ( 'NONE', #1809, 1000.000000000000000 ) ;
#1755 = EDGE_CURVE ( 'NONE', #3319, #2748, #3945, .T. ) ;
#1756 = AXIS2_PLACEMENT_3D ( 'NONE', #1295, #3035, #3727 ) ;
#1757 = DIRECTION ( 'NONE',  ( -0.0000000000000000000, -0.0000000000000000000, -1.000000000000000000 ) ) ;
#1758 = APPROVAL_ROLE ( '' ) ;
#1759 = LINE ( 'NONE', #1321, #1654 ) ;
#1760 = DIRECTION ( 'NONE',  ( -1.110223024625154800E-016, 0.0000000000000000000, 1.000000000000000000 ) ) ;
#1761 = FACE_BOUND ( 'NONE', #3366, .T. ) ;
#1762 = LINE ( 'NONE', #1423, #1658 ) ;
#1763 = DIRECTION ( 'NONE',  ( -1.110223024625154900E-016, 0.0000000000000000000, 1.000000000000000000 ) ) ;
#1764 = CARTESIAN_POINT ( 'NONE',  ( -5.146828816123501400, 2.066973605524963500, 2.000000000000001800 ) ) ;
#1765 = EDGE_CURVE ( 'NONE', #2728, #4468, #1496, .T. ) ;
#1766 = DIRECTION ( 'NONE',  ( 1.110223024625154800E-016, 0.0000000000000000000, -1.000000000000000000 ) ) ;
#1767 = EDGE_LOOP ( 'NONE', ( #2210, #3649, #1788, #3957 ) ) ;
#1768 = CARTESIAN_POINT ( 'NONE',  ( -4.652451328080661400, -2.694481375282165000, 2.199999999999952200 ) ) ;
#1769 = LINE ( 'NONE', #3320, #865 ) ;
#1770 = DIRECTION ( 'NONE',  ( 0.0000000000000000000, -1.000000000000000000, 0.0000000000000000000 ) ) ;
#1771 = ORIENTED_EDGE ( 'NONE', *, *, #1244, .F. ) ;
#1772 = ADVANCED_FACE ( 'NONE', ( #2199 ), #2345, .F. ) ;
#1773 = EDGE_LOOP ( 'NONE', ( #1681, #914, #4134, #3197 ) ) ;
#1774 = CC_DESIGN_PERSON_AND_ORGANIZATION_ASSIGNMENT ( #2547, #51, ( #620 ) ) ;
#1775 = VECTOR ( 'NONE', #3993, 1000.000000000000000 ) ;
#1776 = APPROVAL_STATUS ( 'not_yet_approved' ) ;
#1777 = EDGE_CURVE ( 'NONE', #3473, #595, #2088, .T. ) ;
#1778 = ORIENTED_EDGE ( 'NONE', *, *, #3794, .F. ) ;
#1779 = ORIENTED_EDGE ( 'NONE', *, *, #3162, .T. ) ;
#1780 = DIRECTION ( 'NONE',  ( 0.0000000000000000000, 1.000000000000000000, 0.0000000000000000000 ) ) ;
#1781 = ORIENTED_EDGE ( 'NONE', *, *, #4503, .T. ) ;
#1782 = DIRECTION ( 'NONE',  ( -0.0000000000000000000, -0.0000000000000000000, 1.000000000000000000 ) ) ;
#1783 = VERTEX_POINT ( 'NONE', #1666 ) ;
#1784 = CARTESIAN_POINT ( 'NONE',  ( -4.652451328080661400, -2.336958334505153000, 2.199999999999952200 ) ) ;
#1785 = DIRECTION ( 'NONE',  ( 1.110223024625154800E-016, 0.0000000000000000000, -1.000000000000000000 ) ) ;
#1786 = CARTESIAN_POINT ( 'NONE',  ( -0.7165477909999579100, 5.200000000000002800, 1.093238232999975500 ) ) ;
#1787 = AXIS2_PLACEMENT_3D ( 'NONE', #3302, #4351, #2263 ) ;
#1788 = ORIENTED_EDGE ( 'NONE', *, *, #2174, .F. ) ;
#1789 = CALENDAR_DATE ( 2019, 25, 3 ) ;
#1790 = ORIENTED_EDGE ( 'NONE', *, *, #1528, .F. ) ;
#1791 = VERTEX_POINT ( 'NONE', #974 ) ;
#1792 = LOCAL_TIME ( 10, 45, 22.00000000000000000, #2725 ) ;
#1793 = AXIS2_PLACEMENT_3D ( 'NONE', #466, #4272, #821 ) ;
#1794 = EDGE_CURVE ( 'NONE', #2006, #1783, #247, .T. ) ;
#1795 = PLANE ( 'NONE',  #639 ) ;
#1796 = ADVANCED_FACE ( 'NONE', ( #3132 ), #1064, .F. ) ;
#1797 = CARTESIAN_POINT ( 'NONE',  ( 0.0000000000000000000, -4.700000000000037500, 3.499999999999999600 ) ) ;
#1798 = ORIENTED_EDGE ( 'NONE', *, *, #3642, .T. ) ;
#1799 = DIRECTION ( 'NONE',  ( 0.0000000000000000000, 0.0000000000000000000, -1.000000000000000000 ) ) ;
#1800 = DIRECTION ( 'NONE',  ( 1.000000000000000000, 0.0000000000000000000, 0.0000000000000000000 ) ) ;
#1801 = CARTESIAN_POINT ( 'NONE',  ( 3.000000000000002700, -5.000000000000000900, 0.7500000000000006700 ) ) ;
#1802 = ORIENTED_EDGE ( 'NONE', *, *, #298, .T. ) ;
#1803 = CC_DESIGN_PERSON_AND_ORGANIZATION_ASSIGNMENT ( #1691, #3293, ( #887 ) ) ;
#1804 = CYLINDRICAL_SURFACE ( 'NONE', #4510, 2.100000000000002800 ) ;
#1805 = EDGE_CURVE ( 'NONE', #1667, #3147, #1174, .T. ) ;
#1806 = VECTOR ( 'NONE', #4166, 1000.000000000000000 ) ;
#1807 = VECTOR ( 'NONE', #3323, 1000.000000000000000 ) ;
#1808 = DIRECTION ( 'NONE',  ( 0.0000000000000000000, -1.000000000000000000, 0.0000000000000000000 ) ) ;
#1809 = DIRECTION ( 'NONE',  ( 0.0000000000000000000, 1.000000000000000000, 0.0000000000000000000 ) ) ;
#1810 = DIRECTION ( 'NONE',  ( 1.110223024625154800E-016, 0.0000000000000000000, -1.000000000000000000 ) ) ;
#1811 = DIRECTION ( 'NONE',  ( 1.110223024625154800E-016, 0.0000000000000000000, -1.000000000000000000 ) ) ;
#1812 = VECTOR ( 'NONE', #3773, 1000.000000000000000 ) ;
#1813 = DIRECTION ( 'NONE',  ( -1.110223024625154800E-016, 0.0000000000000000000, 1.000000000000000000 ) ) ;
#1814 = CARTESIAN_POINT ( 'NONE',  ( 10.50000000000000200, 8.000000000000000000, 0.0000000000000000000 ) ) ;
#1815 = VECTOR ( 'NONE', #1090, 1000.000000000000000 ) ;
#1816 = VECTOR ( 'NONE', #4309, 1000.000000000000000 ) ;
#1817 = EDGE_CURVE ( 'NONE', #1783, #2932, #2921, .T. ) ;
#1818 = AXIS2_PLACEMENT_3D ( 'NONE', #126, #2558, #488 ) ;
#1819 = ORIENTED_EDGE ( 'NONE', *, *, #4426, .T. ) ;
#1820 = DIRECTION ( 'NONE',  ( 1.110223024625154800E-016, -0.0000000000000000000, -1.000000000000000000 ) ) ;
#1821 = VECTOR ( 'NONE', #2363, 1000.000000000000000 ) ;
#1822 = VERTEX_POINT ( 'NONE', #3821 ) ;
#1823 = DIRECTION ( 'NONE',  ( 0.0000000000000000000, 1.000000000000000000, 0.0000000000000000000 ) ) ;
#1824 = ORIENTED_EDGE ( 'NONE', *, *, #1565, .F. ) ;
#1825 = CARTESIAN_POINT ( 'NONE',  ( 4.472135954640826600, 0.0000000000000000000, 2.000000000000001800 ) ) ;
#1826 = VECTOR ( 'NONE', #2116, 1000.000000000000000 ) ;
#1827 = CARTESIAN_POINT ( 'NONE',  ( -1.932385962835590700E-015, 0.9999999999999861200, 19.80000000000004000 ) ) ;
#1828 = EDGE_CURVE ( 'NONE', #196, #3426, #2805, .T. ) ;
#1829 = CARTESIAN_POINT ( 'NONE',  ( -5.507214920650829600, -0.3850359920796880800, 2.199999999999993500 ) ) ;
#1830 = ORIENTED_EDGE ( 'NONE', *, *, #63, .T. ) ;
#1831 = ORIENTED_EDGE ( 'NONE', *, *, #2954, .T. ) ;
#1832 =( LENGTH_UNIT ( ) NAMED_UNIT ( * ) SI_UNIT ( .MILLI., .METRE. ) );
#1833 = CYLINDRICAL_SURFACE ( 'NONE', #3991, 2.500000000000004000 ) ;
#1834 = EDGE_LOOP ( 'NONE', ( #559, #4120, #2704, #1480 ) ) ;
#1835 = ORIENTED_EDGE ( 'NONE', *, *, #3926, .T. ) ;
#1836 = EDGE_CURVE ( 'NONE', #3140, #4360, #3723, .T. ) ;
#1837 = DIRECTION ( 'NONE',  ( 0.0000000000000000000, 0.0000000000000000000, -1.000000000000000000 ) ) ;
#1838 = VERTEX_POINT ( 'NONE', #3836 ) ;
#1839 = ORIENTED_EDGE ( 'NONE', *, *, #3294, .T. ) ;
#1840 = CARTESIAN_POINT ( 'NONE',  ( -5.146288924102022700, -1.129857936637147700, 1.999999999999994900 ) ) ;
#1841 = LOCAL_TIME ( 10, 45, 22.00000000000000000, #2771 ) ;
#1842 = DIRECTION ( 'NONE',  ( -3.469446951953622600E-016, -1.000000000000000000, 0.0000000000000000000 ) ) ;
#1843 = DIRECTION ( 'NONE',  ( 0.7071067811865470200, 0.0000000000000000000, 0.7071067811865480200 ) ) ;
#1844 = DIRECTION ( 'NONE',  ( -0.9015065962457031700, 0.4327653601265780700, 0.0000000000000000000 ) ) ;
#1845 = ORIENTED_EDGE ( 'NONE', *, *, #3399, .F. ) ;
#1846 = DIRECTION ( 'NONE',  ( -1.000000000000000000, -3.614007242319599300E-016, -1.110223024625154800E-016 ) ) ;
#1847 = CARTESIAN_POINT ( 'NONE',  ( 5.411569754874111700, -10.38464608358759900, 0.5653230626426190000 ) ) ;
#1848 = PERSON_AND_ORGANIZATION ( #2908, #3807 ) ;
#1849 = EDGE_CURVE ( 'NONE', #199, #1515, #1979, .T. ) ;
#1850 = EDGE_LOOP ( 'NONE', ( #4343, #2927, #778, #3418 ) ) ;
#1851 = DATE_AND_TIME ( #2780, #3701 ) ;
#1852 = CARTESIAN_POINT ( 'NONE',  ( -12.49999999999999600, -10.00000000000000200, -6.938893903907228400E-015 ) ) ;
#1853 = ORIENTED_EDGE ( 'NONE', *, *, #3308, .F. ) ;
#1854 = VECTOR ( 'NONE', #3159, 1000.000000000000000 ) ;
#1855 = EDGE_CURVE ( 'NONE', #3149, #1934, #31, .T. ) ;
#1856 = CARTESIAN_POINT ( 'NONE',  ( -4.652451328080661400, -2.336958334505153000, 2.199999999999952200 ) ) ;
#1857 = FACE_OUTER_BOUND ( 'NONE', #399, .T. ) ;
#1858 = DIRECTION ( 'NONE',  ( 0.0000000000000000000, 0.0000000000000000000, -1.000000000000000000 ) ) ;
#1859 = VECTOR ( 'NONE', #2650, 1000.000000000000000 ) ;
#1860 = DIRECTION ( 'NONE',  ( 0.0000000000000000000, 1.000000000000000000, 0.0000000000000000000 ) ) ;
#1861 = APPLICATION_CONTEXT ( 'configuration controlled 3d designs of mechanical parts and assemblies' ) ;
#1862 = CC_DESIGN_APPROVAL ( #1632, ( #938 ) ) ;
#1863 = MANIFOLD_SOLID_BREP ( '≤›Œﬂ∞ƒ1', #970 ) ;
#1864 = LINE ( 'NONE', #2339, #2571 ) ;
#1865 = EDGE_CURVE ( 'NONE', #365, #1719, #2762, .T. ) ;
#1866 = LINE ( 'NONE', #4246, #2688 ) ;
#1867 = LINE ( 'NONE', #1990, #1060 ) ;
#1868 = LINE ( 'NONE', #817, #955 ) ;
#1869 = AXIS2_PLACEMENT_3D ( 'NONE', #1797, #4231, #2144 ) ;
#1870 = PLANE ( 'NONE',  #3021 ) ;
#1871 = VECTOR ( 'NONE', #1062, 1000.000000000000000 ) ;
#1872 = APPROVAL_STATUS ( 'not_yet_approved' ) ;
#1873 = ORIENTED_EDGE ( 'NONE', *, *, #1817, .T. ) ;
#1874 = VECTOR ( 'NONE', #1205, 1000.000000000000000 ) ;
#1875 = DIRECTION ( 'NONE',  ( 1.110223024625154900E-016, 0.0000000000000000000, -1.000000000000000000 ) ) ;
#1876 = EDGE_LOOP ( 'NONE', ( #3104, #761, #3568, #468 ) ) ;
#1877 = VERTEX_POINT ( 'NONE', #26 ) ;
#1878 = DIRECTION ( 'NONE',  ( 1.734723475976804300E-015, 0.0000000000000000000, -1.000000000000000000 ) ) ;
#1879 = VECTOR ( 'NONE', #3977, 1000.000000000000000 ) ;
#1880 = CARTESIAN_POINT ( 'NONE',  ( -3.961000000000006100, -10.00000000000000200, -3.469446951953614200E-015 ) ) ;
#1881 = DIRECTION ( 'NONE',  ( 1.000000000000000000, 0.0000000000000000000, 0.0000000000000000000 ) ) ;
#1882 = ORIENTED_EDGE ( 'NONE', *, *, #2184, .F. ) ;
#1883 = DIRECTION ( 'NONE',  ( -0.0000000000000000000, 0.0000000000000000000, -1.000000000000000000 ) ) ;
#1884 = AXIS2_PLACEMENT_3D ( 'NONE', #70, #2498, #427 ) ;
#1885 = CC_DESIGN_APPROVAL ( #1656, ( #1427 ) ) ;
#1886 = ORIENTED_EDGE ( 'NONE', *, *, #4264, .F. ) ;
#1887 = DIRECTION ( 'NONE',  ( 1.000000000000000000, 0.0000000000000000000, 0.0000000000000000000 ) ) ;
#1888 = CARTESIAN_POINT ( 'NONE',  ( -2.484519975101060000, 7.600000000000002300, 3.777777776875532300 ) ) ;
#1889 = DIRECTION ( 'NONE',  ( 0.0000000000000000000, 0.0000000000000000000, 1.000000000000000000 ) ) ;
#1890 = APPLICATION_PROTOCOL_DEFINITION ( 'international standard', 'config_control_design', 1994, #3980 ) ;
#1891 = EDGE_CURVE ( 'NONE', #3147, #3669, #3617, .T. ) ;
#1892 = ORIENTED_EDGE ( 'NONE', *, *, #2764, .T. ) ;
#1893 = ORIENTED_EDGE ( 'NONE', *, *, #4484, .T. ) ;
#1894 = VERTEX_POINT ( 'NONE', #397 ) ;
#1895 = DATE_AND_TIME ( #2832, #3747 ) ;
#1896 = CARTESIAN_POINT ( 'NONE',  ( -7.999999999999992900, -5.000000000000000900, 0.5999999999999998700 ) ) ;
#1897 = ORIENTED_EDGE ( 'NONE', *, *, #3986, .T. ) ;
#1898 = DIRECTION ( 'NONE',  ( 1.445602896647339700E-015, -1.000000000000000000, -0.0000000000000000000 ) ) ;
#1899 = ORIENTED_EDGE ( 'NONE', *, *, #4435, .F. ) ;
#1900 = CALENDAR_DATE ( 2019, 25, 3 ) ;
#1901 = DIRECTION ( 'NONE',  ( 1.000000000000000000, 0.0000000000000000000, -3.740497495074990900E-014 ) ) ;
#1902 = PRODUCT_DEFINITION_SHAPE ( 'NONE', 'NONE',  #4524 ) ;
#1903 = DIRECTION ( 'NONE',  ( 1.000000000000000000, -0.0000000000000000000, 1.110223024625154800E-016 ) ) ;
#1904 = APPROVAL_ROLE ( '' ) ;
#1905 = ORIENTED_EDGE ( 'NONE', *, *, #2094, .T. ) ;
#1906 = EDGE_CURVE ( 'NONE', #2318, #1172, #957, .T. ) ;
#1907 = ORIENTED_EDGE ( 'NONE', *, *, #4484, .F. ) ;
#1908 = CARTESIAN_POINT ( 'NONE',  ( -5.146288924102002200, -0.4419373390719752400, 2.199999999999979700 ) ) ;
#1909 = CYLINDRICAL_SURFACE ( 'NONE', #4037, 1.000000000000001600 ) ;
#1910 = EDGE_CURVE ( 'NONE', #3426, #2196, #1762, .T. ) ;
#1911 = LINE ( 'NONE', #1028, #998 ) ;
#1912 = DIRECTION ( 'NONE',  ( -0.0000000000000000000, 1.000000000000000000, -8.673617379884039400E-016 ) ) ;
#1913 = DIRECTION ( 'NONE',  ( 0.0000000000000000000, -1.000000000000000000, 0.0000000000000000000 ) ) ;
#1914 = CIRCLE ( 'NONE', #3447, 0.5000000000000000000 ) ;
#1915 = LINE ( 'NONE', #3744, #3660 ) ;
#1916 = EDGE_CURVE ( 'NONE', #3518, #3852, #4440, .T. ) ;
#1917 = CARTESIAN_POINT ( 'NONE',  ( -5.507214920650829600, -0.6157334888991922200, 2.199999999999993500 ) ) ;
#1918 = LINE ( 'NONE', #3853, #2028 ) ;
#1919 = VECTOR ( 'NONE', #1166, 1000.000000000000200 ) ;
#1920 = ORIENTED_EDGE ( 'NONE', *, *, #405, .F. ) ;
#1921 = CARTESIAN_POINT ( 'NONE',  ( -0.7165477909999579100, 5.200000000000002800, 0.7932382329999752000 ) ) ;
#1922 = CARTESIAN_POINT ( 'NONE',  ( -4.812799258463451600, -2.853029665593337100, 1.999999999999997800 ) ) ;
#1923 = LINE ( 'NONE', #3075, #1821 ) ;
#1924 = CARTESIAN_POINT ( 'NONE',  ( -0.6397748134586572800, -10.00000000000000200, 1.083248422344668100 ) ) ;
#1925 = EDGE_CURVE ( 'NONE', #3686, #2146, #2584, .T. ) ;
#1926 = CARTESIAN_POINT ( 'NONE',  ( 0.0000000000000000000, 5.499999999999998200, 3.499999999999999600 ) ) ;
#1927 = AXIS2_PLACEMENT_3D ( 'NONE', #2816, #738, #3164 ) ;
#1928 = ORIENTED_EDGE ( 'NONE', *, *, #1817, .F. ) ;
#1929 = ORIENTED_EDGE ( 'NONE', *, *, #283, .F. ) ;
#1930 = DIRECTION ( 'NONE',  ( 1.110223024625154800E-016, 0.0000000000000000000, -1.000000000000000000 ) ) ;
#1931 = ADVANCED_FACE ( 'NONE', ( #4322, #2468 ), #765, .F. ) ;
#1932 = VECTOR ( 'NONE', #1751, 1000.000000000000000 ) ;
#1933 = ORIENTED_EDGE ( 'NONE', *, *, #2399, .F. ) ;
#1934 = VERTEX_POINT ( 'NONE', #2843 ) ;
#1935 = VECTOR ( 'NONE', #471, 1000.000000000000000 ) ;
#1936 = EDGE_CURVE ( 'NONE', #4396, #4182, #1548, .T. ) ;
#1937 = ORIENTED_EDGE ( 'NONE', *, *, #3529, .F. ) ;
#1938 = VERTEX_POINT ( 'NONE', #2147 ) ;
#1939 = CARTESIAN_POINT ( 'NONE',  ( -2.000000000000001800, -5.200000000000000200, 0.0000000000000000000 ) ) ;
#1940 = CARTESIAN_POINT ( 'NONE',  ( -4.974881387460778900, 0.8903362059604833500, 2.199999999999990000 ) ) ;
#1941 = CARTESIAN_POINT ( 'NONE',  ( -3.000000000000002700, 0.0000000000000000000, 1.499999999794901400 ) ) ;
#1942 = ORIENTED_EDGE ( 'NONE', *, *, #2565, .F. ) ;
#1943 = CC_DESIGN_DATE_AND_TIME_ASSIGNMENT ( #1737, #2076, ( #1489 ) ) ;
#1944 = DIRECTION ( 'NONE',  ( 0.0000000000000000000, -1.000000000000000000, 0.0000000000000000000 ) ) ;
#1946 = ORIENTED_EDGE ( 'NONE', *, *, #689, .T. ) ;
#1945 = B_SPLINE_CURVE_WITH_KNOTS ( 'NONE', 3,
 ( #896, #2268, #1238, #3665 ),
 .UNSPECIFIED., .F., .F.,
 ( 4, 4 ),
 ( 0.0000000000000000000, 1.000000000000000000 ),
 .UNSPECIFIED. ) ;
#1947 = CARTESIAN_POINT ( 'NONE',  ( -9.199999999999992200, 4.999999999999997300, 0.5999999999999997600 ) ) ;
#1948 = CONTEXT_DEPENDENT_SHAPE_REPRESENTATION ( #2457, #3873 ) ;
#1949 = EDGE_CURVE ( 'NONE', #199, #4128, #4214, .T. ) ;
#1950 = DIRECTION ( 'NONE',  ( -0.0000000000000000000, -0.0000000000000000000, -1.000000000000000000 ) ) ;
#1951 = ORIENTED_EDGE ( 'NONE', *, *, #460, .T. ) ;
#1952 = LOCAL_TIME ( 10, 45, 22.00000000000000000, #2891 ) ;
#1953 = DIRECTION ( 'NONE',  ( 1.000000000000000000, 0.0000000000000000000, 2.065146995210482000E-016 ) ) ;
#1954 = ADVANCED_FACE ( 'NONE', ( #635 ), #3198, .F. ) ;
#1955 = ORIENTED_EDGE ( 'NONE', *, *, #3003, .T. ) ;
#1956 = PERSON_AND_ORGANIZATION ( #2908, #3807 ) ;
#1957 = DIRECTION ( 'NONE',  ( 0.0000000000000000000, -0.7071067811865475700, -0.7071067811865474600 ) ) ;
#1958 = AXIS2_PLACEMENT_3D ( 'NONE', #4005, #1913, #4356 ) ;
#1959 = DIRECTION ( 'NONE',  ( 1.110223024625154800E-016, 0.0000000000000000000, -1.000000000000000000 ) ) ;
#1960 = DIRECTION ( 'NONE',  ( 1.110223024625154800E-016, 0.0000000000000000000, -1.000000000000000000 ) ) ;
#1961 = ORIENTED_EDGE ( 'NONE', *, *, #4185, .F. ) ;
#1962 = LINE ( 'NONE', #2433, #2898 ) ;
#1963 = CARTESIAN_POINT ( 'NONE',  ( -5.502944865571804700, 0.1462013967030995100, 2.199999999999993500 ) ) ;
#1964 = DIRECTION ( 'NONE',  ( 1.000000000000000000, 3.386180225106729800E-015, -2.677058870911088600E-016 ) ) ;
#1965 = CARTESIAN_POINT ( 'NONE',  ( -4.970169602545968100, -2.782042044949417600, 2.199999999999990000 ) ) ;
#1966 = AXIS2_PLACEMENT_3D ( 'NONE', #3046, #966, #3388 ) ;
#1967 = VECTOR ( 'NONE', #1823, 1000.000000000000000 ) ;
#1968 = CIRCLE ( 'NONE', #4125, 0.3000000000000003800 ) ;
#1969 = CARTESIAN_POINT ( 'NONE',  ( -4.652451328080648100, -2.694481375282165000, 1.999999999999998200 ) ) ;
#1970 = LINE ( 'NONE', #1590, #123 ) ;
#1971 = AXIS2_PLACEMENT_3D ( 'NONE', #2527, #459, #2890 ) ;
#1972 = VECTOR ( 'NONE', #1782, 1000.000000000000000 ) ;
#1973 = DIRECTION ( 'NONE',  ( 6.840249869936602700E-016, -1.000000000000000000, -2.465190328815661900E-032 ) ) ;
#1974 = DIRECTION ( 'NONE',  ( 0.0000000000000000000, 1.000000000000000000, 0.0000000000000000000 ) ) ;
#1975 = VECTOR ( 'NONE', #2308, 1000.000000000000000 ) ;
#1976 = DIRECTION ( 'NONE',  ( 1.000000000000000000, 0.0000000000000000000, 0.0000000000000000000 ) ) ;
#1977 = ADVANCED_FACE ( 'NONE', ( #2358 ), #2253, .F. ) ;
#1978 = CYLINDRICAL_SURFACE ( 'NONE', #2205, 1.199999999999999700 ) ;
#1979 = CIRCLE ( 'NONE', #3108, 1.199999999999999700 ) ;
#1980 = PLANE ( 'NONE',  #464 ) ;
#1981 = ORIENTED_EDGE ( 'NONE', *, *, #3627, .T. ) ;
#1982 = CIRCLE ( 'NONE', #875, 0.2999999999999999300 ) ;
#1983 = ORIENTED_EDGE ( 'NONE', *, *, #1777, .T. ) ;
#1984 = CARTESIAN_POINT ( 'NONE',  ( -1.012729070243176400, 7.600000000000002300, 0.8409524874224625400 ) ) ;
#1985 = ORIENTED_EDGE ( 'NONE', *, *, #2145, .F. ) ;
#1986 = EDGE_CURVE ( 'NONE', #963, #3319, #1440, .T. ) ;
#1987 = LINE ( 'NONE', #2919, #1074 ) ;
#1988 = CARTESIAN_POINT ( 'NONE',  ( -5.009663521936221100, -0.3850359920796880800, 2.000000000000001800 ) ) ;
#1989 = AXIS2_PLACEMENT_3D ( 'NONE', #4433, #3392, #1309 ) ;
#1990 = CARTESIAN_POINT ( 'NONE',  ( -4.951044336693750700, -0.7855867909330946900, 2.000000000000015500 ) ) ;
#1991 = DIRECTION ( 'NONE',  ( 1.000000000000000000, 0.0000000000000000000, 0.0000000000000000000 ) ) ;
#1992 = ORIENTED_EDGE ( 'NONE', *, *, #4477, .T. ) ;
#1993 = ORIENTED_EDGE ( 'NONE', *, *, #852, .T. ) ;
#1994 = ORIENTED_EDGE ( 'NONE', *, *, #2112, .T. ) ;
#1995 = DIRECTION ( 'NONE',  ( 1.110223024625155100E-016, 0.0000000000000000000, -1.000000000000000000 ) ) ;
#1996 = MANIFOLD_SOLID_BREP ( '∂Øƒ - âüÇµèoÇµ1', #2417 ) ;
#1997 = EDGE_CURVE ( 'NONE', #2196, #1527, #4102, .T. ) ;
#1998 = ORIENTED_EDGE ( 'NONE', *, *, #2598, .F. ) ;
#1999 = ADVANCED_FACE ( 'NONE', ( #1326 ), #3214, .F. ) ;
#2000 = ORIENTED_EDGE ( 'NONE', *, *, #465, .F. ) ;
#2001 = CARTESIAN_POINT ( 'NONE',  ( 4.472135954999997900, -5.000000000000000900, 4.000000000000003600 ) ) ;
#2002 = PERSON_AND_ORGANIZATION ( #2908, #3807 ) ;
#2003 = DIRECTION ( 'NONE',  ( -1.000000000000000000, 0.0000000000000000000, 0.0000000000000000000 ) ) ;
#2004 = ORIENTED_EDGE ( 'NONE', *, *, #2031, .F. ) ;
#2005 = CARTESIAN_POINT ( 'NONE',  ( -4.974881387460778900, 1.284228336548835800, 2.199999999999990000 ) ) ;
#2006 = VERTEX_POINT ( 'NONE', #2179 ) ;
#2007 = EDGE_CURVE ( 'NONE', #107, #88, #4000, .T. ) ;
#2008 = DIRECTION ( 'NONE',  ( -0.0000000000000000000, -1.000000000000000000, -0.0000000000000000000 ) ) ;
#2009 = VERTEX_POINT ( 'NONE', #103 ) ;
#2010 = DATE_AND_TIME ( #2949, #3865 ) ;
#2011 = DIRECTION ( 'NONE',  ( -1.000000000000000000, 0.0000000000000000000, 0.0000000000000000000 ) ) ;
#2012 = DIRECTION ( 'NONE',  ( -0.0000000000000000000, 1.000000000000000000, 8.673617379884039400E-016 ) ) ;
#2013 = ORIENTED_EDGE ( 'NONE', *, *, #2613, .T. ) ;
#2014 = ORIENTED_EDGE ( 'NONE', *, *, #3633, .T. ) ;
#2015 = VECTOR ( 'NONE', #597, 1000.000000000000000 ) ;
#2016 = AXIS2_PLACEMENT_3D ( 'NONE', #1262, #3694, #1611 ) ;
#2017 = VECTOR ( 'NONE', #2050, 1000.000000000000000 ) ;
#2018 = CARTESIAN_POINT ( 'NONE',  ( 0.0000000000000000000, -10.00000000000000200, 3.499999999999999600 ) ) ;
#2019 = PLANE ( 'NONE',  #1650 ) ;
#2020 = ADVANCED_FACE ( 'NONE', ( #3076 ), #2969, .T. ) ;
#2021 = AXIS2_PLACEMENT_3D ( 'NONE', #4258, #803, #3222 ) ;
#2022 = CARTESIAN_POINT ( 'NONE',  ( 3.500000000000003100, 4.999999999999997300, 2.000000000715998400 ) ) ;
#2023 = EDGE_CURVE ( 'NONE', #4396, #2845, #302, .T. ) ;
#2024 = VECTOR ( 'NONE', #1585, 1000.000000000000000 ) ;
#2025 = CARTESIAN_POINT ( 'NONE',  ( -4.472135954999997900, -10.00000000000000200, 2.000000000715998400 ) ) ;
#2026 = CIRCLE ( 'NONE', #284, 0.3000000000000003800 ) ;
#2027 = SECURITY_CLASSIFICATION ( '', '', #1212 ) ;
#2028 = VECTOR ( 'NONE', #1766, 1000.000000000000000 ) ;
#2029 = DIRECTION ( 'NONE',  ( -1.110223024625154800E-016, 0.0000000000000000000, 1.000000000000000000 ) ) ;
#2030 = LINE ( 'NONE', #3596, #1919 ) ;
#2031 = EDGE_CURVE ( 'NONE', #1515, #199, #3887, .T. ) ;
#2032 = ORIENTED_EDGE ( 'NONE', *, *, #1546, .F. ) ;
#2033 = CARTESIAN_POINT ( 'NONE',  ( -5.146288924102002200, -1.129857936637147700, 2.199999999999979700 ) ) ;
#2034 = LINE ( 'NONE', #4101, #3670 ) ;
#2035 = CARTESIAN_POINT ( 'NONE',  ( 1.058419914330337500E-017, 5.499999999999998200, 4.425000000000000700 ) ) ;
#2036 = ORIENTED_EDGE ( 'NONE', *, *, #1936, .F. ) ;
#2037 = ORIENTED_EDGE ( 'NONE', *, *, #4324, .F. ) ;
#2038 = CYLINDRICAL_SURFACE ( 'NONE', #492, 0.9450000000000000600 ) ;
#2039 = CARTESIAN_POINT ( 'NONE',  ( -7.999999999999992900, 4.999999999999997300, 0.0000000000000000000 ) ) ;
#2040 = ORIENTED_EDGE ( 'NONE', *, *, #2893, .F. ) ;
#2041 = ADVANCED_FACE ( 'NONE', ( #1115 ), #116, .F. ) ;
#2042 = ORIENTED_EDGE ( 'NONE', *, *, #4133, .T. ) ;
#2043 = CONICAL_SURFACE ( 'NONE', #2348, 1.199999999999999700, 0.7853981633974482800 ) ;
#2044 = CARTESIAN_POINT ( 'NONE',  ( -4.812799258463451600, -3.337656376520739400, 2.199999999999990000 ) ) ;
#2045 = VERTEX_POINT ( 'NONE', #3228 ) ;
#2046 = AXIS2_PLACEMENT_3D ( 'NONE', #3976, #1883, #4318 ) ;
#2047 = ORIENTED_EDGE ( 'NONE', *, *, #4185, .T. ) ;
#2048 = PLANE ( 'NONE',  #3629 ) ;
#2049 = ORIENTED_EDGE ( 'NONE', *, *, #3328, .T. ) ;
#2050 = DIRECTION ( 'NONE',  ( 0.0000000000000000000, 0.0000000000000000000, 1.000000000000000000 ) ) ;
#2051 = ORIENTED_EDGE ( 'NONE', *, *, #2791, .T. ) ;
#2052 = CARTESIAN_POINT ( 'NONE',  ( 0.0000000000000000000, 5.200000000000093400, 3.499999999999999600 ) ) ;
#2053 = ORIENTED_EDGE ( 'NONE', *, *, #2627, .F. ) ;
#2054 = DATE_AND_TIME ( #2995, #3912 ) ;
#2055 = CARTESIAN_POINT ( 'NONE',  ( -5.507214920650829600, -1.641675573010550800, 2.000000000000001800 ) ) ;
#2056 = EDGE_CURVE ( 'NONE', #174, #1304, #189, .T. ) ;
#2057 = ORIENTED_EDGE ( 'NONE', *, *, #880, .T. ) ;
#2058 = CALENDAR_DATE ( 2019, 25, 3 ) ;
#2059 = CARTESIAN_POINT ( 'NONE',  ( -5.502944865571804700, 0.1462013967030995100, 2.000000000000001800 ) ) ;
#2060 = ORIENTED_EDGE ( 'NONE', *, *, #1441, .F. ) ;
#2061 = SHAPE_DEFINITION_REPRESENTATION ( #751, #4397 ) ;
#2062 = EDGE_CURVE ( 'NONE', #609, #481, #2030, .T. ) ;
#2063 = DIRECTION ( 'NONE',  ( 0.0000000000000000000, -1.000000000000000000, 0.0000000000000000000 ) ) ;
#2064 = ADVANCED_FACE ( 'NONE', ( #2859 ), #130, .F. ) ;
#2065 = ORIENTED_EDGE ( 'NONE', *, *, #4017, .T. ) ;
#2066 = FACE_OUTER_BOUND ( 'NONE', #3530, .T. ) ;
#2067 = DIRECTION ( 'NONE',  ( -0.9047457460817022200, 0.4259520336224068600, 2.775557561562888300E-017 ) ) ;
#2068 = DIRECTION ( 'NONE',  ( 1.000000000000000000, 0.0000000000000000000, 1.110223024625154800E-016 ) ) ;
#2069 = DIRECTION ( 'NONE',  ( 0.0000000000000000000, 0.0000000000000000000, 1.000000000000000000 ) ) ;
#2070 = LINE ( 'NONE', #2158, #3928 ) ;
#2071 = VECTOR ( 'NONE', #1219, 1000.000000000000000 ) ;
#2072 = EDGE_CURVE ( 'NONE', #4006, #482, #79, .T. ) ;
#2073 = AXIS2_PLACEMENT_3D ( 'NONE', #2193, #829, #3242 ) ;
#2074 = CIRCLE ( 'NONE', #2676, 2.500000000000004000 ) ;
#2075 = CARTESIAN_POINT ( 'NONE',  ( -5.081959971723157400, -3.337656376520739400, 2.199999999999952200 ) ) ;
#2076 = DATE_TIME_ROLE ( 'classification_date' ) ;
#2077 = CIRCLE ( 'NONE', #4011, 1.245000000000004300 ) ;
#2078 = CARTESIAN_POINT ( 'NONE',  ( -5.507214920650829600, 0.06348339486497711600, 2.000000000000001800 ) ) ;
#2079 = AXIS2_PLACEMENT_3D ( 'NONE', #3806, #1725, #4154 ) ;
#2080 = CARTESIAN_POINT ( 'NONE',  ( -4.321693843278199100, -1.083378141696067500, 2.200000000000007300 ) ) ;
#2081 = EDGE_CURVE ( 'NONE', #1514, #2728, #3666, .T. ) ;
#2082 = UNCERTAINTY_MEASURE_WITH_UNIT (LENGTH_MEASURE( 1.000000000000000100E-005 ), #117, 'distance_accuracy_value', 'NONE');
#2083 = CARTESIAN_POINT ( 'NONE',  ( -8.000000000000000000, 4.999999999999997300, 1.500000000000001300 ) ) ;
#2084 = VECTOR ( 'NONE', #251, 1000.000000000000000 ) ;
#2085 = ORIENTED_EDGE ( 'NONE', *, *, #418, .F. ) ;
#2086 = VECTOR ( 'NONE', #784, 1000.000000000000000 ) ;
#2087 = ADVANCED_FACE ( 'NONE', ( #3774 ), #1870, .F. ) ;
#2088 = CIRCLE ( 'NONE', #2637, 0.5000000000000000000 ) ;
#2089 = CC_DESIGN_SECURITY_CLASSIFICATION ( #938, ( #4281 ) ) ;
#2090 = DIRECTION ( 'NONE',  ( -0.0000000000000000000, -0.0000000000000000000, -1.000000000000000000 ) ) ;
#2091 = EDGE_LOOP ( 'NONE', ( #170, #3740 ) ) ;
#2092 = CARTESIAN_POINT ( 'NONE',  ( -0.7165477909999579100, -10.00000000000000200, 0.7932382329999752000 ) ) ;
#2093 = APPROVAL_ROLE ( '' ) ;
#2094 = EDGE_CURVE ( 'NONE', #3060, #3634, #4488, .T. ) ;
#2095 = DIRECTION ( 'NONE',  ( -1.110223024625154800E-016, 0.0000000000000000000, 1.000000000000000000 ) ) ;
#2096 = FACE_OUTER_BOUND ( 'NONE', #2651, .T. ) ;
#2097 = ORIENTED_EDGE ( 'NONE', *, *, #3455, .T. ) ;
#2098 = CARTESIAN_POINT ( 'NONE',  ( -4.974881387460778900, 0.8903362059604833500, 2.199999999999990000 ) ) ;
#2099 = ORIENTED_EDGE ( 'NONE', *, *, #2112, .F. ) ;
#2100 = VECTOR ( 'NONE', #1844, 1000.000000000000100 ) ;
#2101 = CARTESIAN_POINT ( 'NONE',  ( 2.999999998333335900, -4.999999999999997300, 0.0000000000000000000 ) ) ;
#2102 = CARTESIAN_POINT ( 'NONE',  ( 8.000000000000000000, -5.000000000000000900, 0.5999999999999998700 ) ) ;
#2103 = VERTEX_POINT ( 'NONE', #2935 ) ;
#2104 = CARTESIAN_POINT ( 'NONE',  ( -2.541832815999997700, -5.000000000000000900, 6.035999999999999600 ) ) ;
#2105 = ORIENTED_EDGE ( 'NONE', *, *, #669, .T. ) ;
#2106 = AXIS2_PLACEMENT_3D ( 'NONE', #3548, #1467, #3896 ) ;
#2107 = ORIENTED_EDGE ( 'NONE', *, *, #3813, .F. ) ;
#2108 = ORIENTED_EDGE ( 'NONE', *, *, #1805, .F. ) ;
#2109 = CARTESIAN_POINT ( 'NONE',  ( -4.652451328080661400, -2.694481375282165000, 2.199999999999952200 ) ) ;
#2110 = PERSON_AND_ORGANIZATION_ROLE ( 'classification_officer' ) ;
#2111 = CARTESIAN_POINT ( 'NONE',  ( -4.321693843278199100, 0.06348339486497711600, 2.200000000000007300 ) ) ;
#2112 = EDGE_CURVE ( 'NONE', #2845, #995, #904, .T. ) ;
#2113 = ORIENTED_EDGE ( 'NONE', *, *, #1603, .T. ) ;
#2114 = ADVANCED_FACE ( 'NONE', ( #3558 ), #2595, .F. ) ;
#2115 = LOCAL_TIME ( 10, 45, 22.00000000000000000, #3045 ) ;
#2116 = DIRECTION ( 'NONE',  ( 0.0000000000000000000, 1.000000000000000000, 0.0000000000000000000 ) ) ;
#2117 = CARTESIAN_POINT ( 'NONE',  ( -6.799999999999990900, -5.000000000000000900, 0.5999999999999999800 ) ) ;
#2118 = ORIENTED_EDGE ( 'NONE', *, *, #3691, .T. ) ;
#2120 = ORIENTED_EDGE ( 'NONE', *, *, #3245, .T. ) ;
#2119 = CARTESIAN_POINT ( 'NONE',  ( -4.974881387460765600, 0.8903362059604833500, 1.999999999999967100 ) ) ;
#2121 = PERSON_AND_ORGANIZATION ( #2908, #3807 ) ;
#2122 = AXIS2_PLACEMENT_3D ( 'NONE', #3551, #1470, #3899 ) ;
#2123 = CC_DESIGN_PERSON_AND_ORGANIZATION_ASSIGNMENT ( #2443, #2224, ( #1427 ) ) ;
#2124 = PRODUCT_DEFINITION_SHAPE ( 'NONE', 'NONE',  #4522 ) ;
#2125 = EDGE_CURVE ( 'NONE', #802, #2006, #2746, .T. ) ;
#2126 = ORIENTED_EDGE ( 'NONE', *, *, #4239, .T. ) ;
#2127 = DATE_TIME_ROLE ( 'classification_date' ) ;
#2128 = CARTESIAN_POINT ( 'NONE',  ( -10.49999999999999500, 8.000000000000000000, 1.999999999999988000 ) ) ;
#2129 = ORIENTED_EDGE ( 'NONE', *, *, #1717, .T. ) ;
#2130 = CYLINDRICAL_SURFACE ( 'NONE', #3113, 1.199999999999999700 ) ;
#2131 = CARTESIAN_POINT ( 'NONE',  ( -4.973163549210582300, -2.336958334505153000, 2.199999999999993500 ) ) ;
#2132 = CARTESIAN_POINT ( 'NONE',  ( 0.0000000000000000000, -10.00000000000000200, 3.499999999999999600 ) ) ;
#2133 = FACE_OUTER_BOUND ( 'NONE', #2328, .T. ) ;
#2134 = CARTESIAN_POINT ( 'NONE',  ( -5.146828816123501400, 2.774035829306638500, 2.000000000000001800 ) ) ;
#2135 = DIRECTION ( 'NONE',  ( 1.110223024625154800E-016, 0.0000000000000000000, -1.000000000000000000 ) ) ;
#2136 = LINE ( 'NONE', #2573, #3071 ) ;
#2137 = ADVANCED_FACE ( 'NONE', ( #3446 ), #1556, .F. ) ;
#2138 = EDGE_CURVE ( 'NONE', #2757, #2932, #1600, .T. ) ;
#2139 = LINE ( 'NONE', #3138, #3997 ) ;
#2140 = CARTESIAN_POINT ( 'NONE',  ( -2.000000000000001800, 0.0000000000000000000, 0.0000000000000000000 ) ) ;
#2141 = CIRCLE ( 'NONE', #262, 1.000000000000001600 ) ;
#2142 = CARTESIAN_POINT ( 'NONE',  ( 0.0000000000000000000, 5.499999999999998200, 3.499999999999999600 ) ) ;
#2143 = VECTOR ( 'NONE', #3944, 1000.000000000000000 ) ;
#2144 = DIRECTION ( 'NONE',  ( 0.0000000000000000000, 3.946725368624481600E-014, -1.000000000000000000 ) ) ;
#2145 = EDGE_CURVE ( 'NONE', #2045, #975, #797, .T. ) ;
#2146 = VERTEX_POINT ( 'NONE', #2611 ) ;
#2147 = CARTESIAN_POINT ( 'NONE',  ( -2.484519974993701500, -10.00000000000000200, 3.777777777832086200 ) ) ;
#2148 = CIRCLE ( 'NONE', #2726, 2.000000000000000000 ) ;
#2149 = CARTESIAN_POINT ( 'NONE',  ( -4.300000000232840200, 3.334999999999997700, 2.199999999999993500 ) ) ;
#2150 = ORIENTED_EDGE ( 'NONE', *, *, #3203, .F. ) ;
#2151 = ORIENTED_EDGE ( 'NONE', *, *, #566, .T. ) ;
#2152 = FACE_OUTER_BOUND ( 'NONE', #211, .T. ) ;
#2153 = ORIENTED_EDGE ( 'NONE', *, *, #1765, .F. ) ;
#2154 = EDGE_CURVE ( 'NONE', #1586, #1181, #685, .T. ) ;
#2155 = ORIENTED_EDGE ( 'NONE', *, *, #3122, .T. ) ;
#2156 = ORIENTED_EDGE ( 'NONE', *, *, #377, .T. ) ;
#2157 = FACE_OUTER_BOUND ( 'NONE', #4277, .T. ) ;
#2158 = CARTESIAN_POINT ( 'NONE',  ( 7.249999999999999100, 5.000000000000004400, 0.0000000000000000000 ) ) ;
#2159 = CARTESIAN_POINT ( 'NONE',  ( -4.472135954999997900, 5.199999999999996600, 4.000000000000003600 ) ) ;
#2160 = ORIENTED_EDGE ( 'NONE', *, *, #4039, .F. ) ;
#2161 = EDGE_LOOP ( 'NONE', ( #1983, #1637, #3361, #89, #2446 ) ) ;
#2162 = CARTESIAN_POINT ( 'NONE',  ( -10.49999999999999500, 8.000000000000000000, 1.999999999999988000 ) ) ;
#2163 = DIRECTION ( 'NONE',  ( -3.469446951953622600E-016, -1.000000000000000000, 0.0000000000000000000 ) ) ;
#2164 = DIRECTION ( 'NONE',  ( -1.000000000000000000, 0.0000000000000000000, 0.0000000000000000000 ) ) ;
#2165 = ORIENTED_EDGE ( 'NONE', *, *, #405, .T. ) ;
#2166 = EDGE_CURVE ( 'NONE', #32, #802, #3345, .T. ) ;
#2167 = AXIS2_PLACEMENT_3D ( 'NONE', #2834, #3047, #4439 ) ;
#2168 = VERTEX_POINT ( 'NONE', #4007 ) ;
#2169 = CALENDAR_DATE ( 2019, 25, 3 ) ;
#2170 = ORIENTED_EDGE ( 'NONE', *, *, #1395, .T. ) ;
#2171 = DIRECTION ( 'NONE',  ( 0.0000000000000000000, -0.0000000000000000000, 1.000000000000000000 ) ) ;
#2172 = DATE_AND_TIME ( #3106, #4026 ) ;
#2173 = AXIS2_PLACEMENT_3D ( 'NONE', #3278, #2603, #525 ) ;
#2174 = EDGE_CURVE ( 'NONE', #428, #1514, #1945, .T. ) ;
#2175 = PLANE ( 'NONE',  #161 ) ;
#2176 = EDGE_LOOP ( 'NONE', ( #747, #1091, #3250, #1555 ) ) ;
#2177 = DIRECTION ( 'NONE',  ( 1.000000000000000000, 0.0000000000000000000, 1.032573497605241000E-016 ) ) ;
#2178 = CARTESIAN_POINT ( 'NONE',  ( -12.49999999999998400, -10.00000000000000200, 2.000000000000015500 ) ) ;
#2179 = CARTESIAN_POINT ( 'NONE',  ( 10.10000000000000100, -5.000000000000000900, 1.500000000000001300 ) ) ;
#2180 =( NAMED_UNIT ( * ) SI_UNIT ( $, .STERADIAN. ) SOLID_ANGLE_UNIT ( ) );
#2181 = VERTEX_POINT ( 'NONE', #3325 ) ;
#2182 = APPROVAL ( #1684, 'UNSPECIFIED' ) ;
#2183 = LINE ( 'NONE', #1344, #4137 ) ;
#2184 = EDGE_CURVE ( 'NONE', #3196, #1092, #1493, .T. ) ;
#2185 = FACE_OUTER_BOUND ( 'NONE', #1034, .T. ) ;
#2186 = PLANE ( 'NONE',  #2915 ) ;
#2187 = LINE ( 'NONE', #2711, #3119 ) ;
#2188 = DIRECTION ( 'NONE',  ( 0.9015753441303682200, -0.4326221201651716500, 0.0000000000000000000 ) ) ;
#2189 = CARTESIAN_POINT ( 'NONE',  ( -7.999999999999992900, 4.999999999999997300, 0.5999999999999998700 ) ) ;
#2190 = DIRECTION ( 'NONE',  ( 1.110223024625154800E-016, -0.0000000000000000000, -1.000000000000000000 ) ) ;
#2191 = AXIS2_PLACEMENT_3D ( 'NONE', #1926, #4371, #2282 ) ;
#2192 = FACE_OUTER_BOUND ( 'NONE', #704, .T. ) ;
#2193 = CARTESIAN_POINT ( 'NONE',  ( -5.502944865571804700, 0.6428366150176070300, 2.199999999999993500 ) ) ;
#2194 = DIRECTION ( 'NONE',  ( 0.1075015487060860500, 0.0000000000000000000, -0.9942049170195212900 ) ) ;
#2195 = LINE ( 'NONE', #1252, #1269 ) ;
#2196 = VERTEX_POINT ( 'NONE', #188 ) ;
#2197 = AXIS2_PLACEMENT_3D ( 'NONE', #1289, #3378, #950 ) ;
#2198 = FACE_OUTER_BOUND ( 'NONE', #4501, .T. ) ;
#2199 = FACE_OUTER_BOUND ( 'NONE', #3835, .T. ) ;
#2200 = ORIENTED_EDGE ( 'NONE', *, *, #3027, .T. ) ;
#2201 = CARTESIAN_POINT ( 'NONE',  ( -6.938893903907228400E-015, -4.163336342344337000E-014, 0.0000000000000000000 ) ) ;
#2202 = CARTESIAN_POINT ( 'NONE',  ( -5.507214920650829600, -0.3850359920796880800, 2.199999999999993500 ) ) ;
#2203 = FACE_OUTER_BOUND ( 'NONE', #753, .T. ) ;
#2204 = DIRECTION ( 'NONE',  ( -1.110223024625154800E-016, -0.0000000000000000000, 1.000000000000000000 ) ) ;
#2205 = AXIS2_PLACEMENT_3D ( 'NONE', #1479, #2171, #1128 ) ;
#2206 = AXIS2_PLACEMENT_3D ( 'NONE', #812, #3229, #1151 ) ;
#2207 = DIRECTION ( 'NONE',  ( 1.110223024625154800E-016, 0.0000000000000000000, -1.000000000000000000 ) ) ;
#2208 = CARTESIAN_POINT ( 'NONE',  ( -5.146288924102002200, -1.129857936637147700, 2.199999999999979700 ) ) ;
#2209 = ORIENTED_EDGE ( 'NONE', *, *, #3328, .F. ) ;
#2210 = ORIENTED_EDGE ( 'NONE', *, *, #2493, .T. ) ;
#2211 = LINE ( 'NONE', #3226, #484 ) ;
#2212 = ORIENTED_EDGE ( 'NONE', *, *, #522, .T. ) ;
#2213 = ORIENTED_EDGE ( 'NONE', *, *, #4355, .F. ) ;
#2214 = DIRECTION ( 'NONE',  ( -0.0000000000000000000, -1.000000000000000000, -0.0000000000000000000 ) ) ;
#2215 = VERTEX_POINT ( 'NONE', #204 ) ;
#2216 = ORIENTED_EDGE ( 'NONE', *, *, #547, .T. ) ;
#2217 = PLANE ( 'NONE',  #3428 ) ;
#2218 = CARTESIAN_POINT ( 'NONE',  ( -4.970169602545968100, -2.782042044949417600, 2.199999999999990000 ) ) ;
#2219 = DIRECTION ( 'NONE',  ( -1.110223024625154800E-016, 0.0000000000000000000, 1.000000000000000000 ) ) ;
#2220 = CARTESIAN_POINT ( 'NONE',  ( 9.199999999999999300, 4.999999999999997300, 0.6000000000000000900 ) ) ;
#2221 = CARTESIAN_POINT ( 'NONE',  ( 0.0000000000000000000, 4.999999999999997300, 3.499999999999999600 ) ) ;
#2222 = ORIENTED_EDGE ( 'NONE', *, *, #1076, .T. ) ;
#2223 = CARTESIAN_POINT ( 'NONE',  ( -5.502944865571804700, 1.532529585341807500, 2.199999999999993500 ) ) ;
#2224 = PERSON_AND_ORGANIZATION_ROLE ( 'creator' ) ;
#2225 = CALENDAR_DATE ( 2019, 25, 3 ) ;
#2226 = EDGE_CURVE ( 'NONE', #644, #1407, #2405, .T. ) ;
#2227 = AXIS2_PLACEMENT_3D ( 'NONE', #2018, #4467, #2368 ) ;
#2228 = ORIENTED_EDGE ( 'NONE', *, *, #3337, .T. ) ;
#2229 = ORIENTED_EDGE ( 'NONE', *, *, #1702, .T. ) ;
#2230 = LOCAL_TIME ( 10, 45, 22.00000000000000000, #3160 ) ;
#2231 = VERTEX_POINT ( 'NONE', #3341 ) ;
#2232 = CIRCLE ( 'NONE', #4156, 2.000000000000000000 ) ;
#2233 = EDGE_CURVE ( 'NONE', #93, #3533, #467, .T. ) ;
#2234 = CARTESIAN_POINT ( 'NONE',  ( 0.9450000000000000600, 4.999999999999997300, 3.499999999999999600 ) ) ;
#2235 = DIRECTION ( 'NONE',  ( 1.110223024625154800E-016, 0.0000000000000000000, -1.000000000000000000 ) ) ;
#2236 = DIRECTION ( 'NONE',  ( 0.0000000000000000000, -1.000000000000000000, 0.0000000000000000000 ) ) ;
#2237 = EDGE_LOOP ( 'NONE', ( #3784, #2505 ) ) ;
#2238 = CARTESIAN_POINT ( 'NONE',  ( 4.472135954999997900, 5.000000000000004400, 4.000000000000003600 ) ) ;
#2239 = VECTOR ( 'NONE', #3998, 1000.000000000000000 ) ;
#2240 = APPROVAL_ROLE ( '' ) ;
#2241 = LINE ( 'NONE', #2384, #2017 ) ;
#2242 = EDGE_CURVE ( 'NONE', #562, #3297, #2300, .T. ) ;
#2243 = DIRECTION ( 'NONE',  ( 0.0000000000000000000, -1.000000000000000000, 0.0000000000000000000 ) ) ;
#2244 = FACE_BOUND ( 'NONE', #1671, .T. ) ;
#2245 = VECTOR ( 'NONE', #1378, 1000.000000000000000 ) ;
#2246 = DIRECTION ( 'NONE',  ( -3.469446951953622600E-016, -1.000000000000000000, 0.0000000000000000000 ) ) ;
#2247 = DIRECTION ( 'NONE',  ( 1.636694662590740700E-016, -1.387169655721517500E-015, -1.000000000000000000 ) ) ;
#2248 = DIRECTION ( 'NONE',  ( 1.110223024625154800E-016, 0.0000000000000000000, -1.000000000000000000 ) ) ;
#2249 = FACE_OUTER_BOUND ( 'NONE', #701, .T. ) ;
#2250 = CARTESIAN_POINT ( 'NONE',  ( -4.300000000232840200, 0.7113374602898057100, 2.199999999999993500 ) ) ;
#2251 = AXIS2_PLACEMENT_3D ( 'NONE', #1940, #2291, #217 ) ;
#2252 = CARTESIAN_POINT ( 'NONE',  ( -5.507214920650829600, -1.192419969672946300, 2.000000000000001800 ) ) ;
#2253 = CYLINDRICAL_SURFACE ( 'NONE', #925, 1.200000000000002200 ) ;
#2254 = MECHANICAL_CONTEXT ( 'NONE', #1513, 'mechanical' ) ;
#2255 = VERTEX_POINT ( 'NONE', #1947 ) ;
#2256 = LINE ( 'NONE', #265, #3890 ) ;
#2257 = CARTESIAN_POINT ( 'NONE',  ( -1.020260944909922100E-014, -1.000000000000008700, 19.80000000000000100 ) ) ;
#2258 = EDGE_CURVE ( 'NONE', #53, #3147, #2195, .T. ) ;
#2259 = ORIENTED_EDGE ( 'NONE', *, *, #2634, .T. ) ;
#2260 = ORIENTED_EDGE ( 'NONE', *, *, #2854, .F. ) ;
#2261 = LINE ( 'NONE', #4417, #3190 ) ;
#2262 = ORIENTED_EDGE ( 'NONE', *, *, #2365, .F. ) ;
#2263 = DIRECTION ( 'NONE',  ( 1.000000000000000000, 0.0000000000000000000, 1.032573497605241000E-016 ) ) ;
#2264 = ORIENTED_EDGE ( 'NONE', *, *, #779, .T. ) ;
#2265 = DIRECTION ( 'NONE',  ( -1.000000000000000000, 0.0000000000000000000, -1.110223024625154800E-016 ) ) ;
#2266 = CC_DESIGN_PERSON_AND_ORGANIZATION_ASSIGNMENT ( #773, #3639, ( #2027 ) ) ;
#2267 = CIRCLE ( 'NONE', #2828, 1.245000000000004300 ) ;
#2268 = CARTESIAN_POINT ( 'NONE',  ( -4.543262256825150800, -3.337656376520739400, 2.200000000000007300 ) ) ;
#2269 = EDGE_CURVE ( 'NONE', #2336, #3201, #3128, .T. ) ;
#2270 = ORIENTED_EDGE ( 'NONE', *, *, #899, .F. ) ;
#2271 = EDGE_LOOP ( 'NONE', ( #1561, #3561, #2170, #3411 ) ) ;
#2272 = ORIENTED_EDGE ( 'NONE', *, *, #3027, .F. ) ;
#2273 = DIRECTION ( 'NONE',  ( -0.9009851145497085300, -0.4338500009909515000, -2.220446049250311100E-016 ) ) ;
#2274 = ORIENTED_EDGE ( 'NONE', *, *, #3575, .T. ) ;
#2275 = ITEM_DEFINED_TRANSFORMATION ( 'NONE', 'NONE', #2435,  #1047 ) ;
#2276 = ADVANCED_FACE ( 'NONE', ( #3937 ), #3698, .F. ) ;
#2277 = DIRECTION ( 'NONE',  ( -1.156482317317869900E-014, 0.0000000000000000000, 1.000000000000000000 ) ) ;
#2278 = ORIENTED_EDGE ( 'NONE', *, *, #1949, .T. ) ;
#2279 = PLANE ( 'NONE',  #2251 ) ;
#2280 = PERSON_AND_ORGANIZATION ( #2908, #3807 ) ;
#2281 = DIRECTION ( 'NONE',  ( 1.000000000000000000, 0.0000000000000000000, 1.110223024625154800E-016 ) ) ;
#2282 = DIRECTION ( 'NONE',  ( -1.110223024625154900E-016, 0.0000000000000000000, 1.000000000000000000 ) ) ;
#2283 = EDGE_LOOP ( 'NONE', ( #3796, #2370 ) ) ;
#2284 = AXIS2_PLACEMENT_3D ( 'NONE', #4305, #2219, #142 ) ;
#2285 = VERTEX_POINT ( 'NONE', #1266 ) ;
#2286 = CARTESIAN_POINT ( 'NONE',  ( 3.500000000000003100, 5.000000000000004400, 1.500000000000001300 ) ) ;
#2287 = CIRCLE ( 'NONE', #1624, 1.200000000000002200 ) ;
#2288 = EDGE_CURVE ( 'NONE', #919, #3646, #576, .T. ) ;
#2289 = VECTOR ( 'NONE', #3180, 1000.000000000000000 ) ;
#2290 = DIRECTION ( 'NONE',  ( 0.0000000000000000000, -1.000000000000000000, 0.0000000000000000000 ) ) ;
#2291 = DIRECTION ( 'NONE',  ( -0.4256624478376059800, 0.9048820257364478300, -8.320017359752858900E-032 ) ) ;
#2292 = CARTESIAN_POINT ( 'NONE',  ( -10.49999999999999500, 10.00000000000000200, 6.035999999999972100 ) ) ;
#2293 = CARTESIAN_POINT ( 'NONE',  ( -4.321693843278199100, -2.848677808692835700, 2.000000000000012000 ) ) ;
#2294 = CIRCLE ( 'NONE', #1039, 2.000000000000000000 ) ;
#2295 = CARTESIAN_POINT ( 'NONE',  ( 0.0000000000000000000, -4.700000000000037500, 3.499999999999999600 ) ) ;
#2296 = ADVANCED_FACE ( 'NONE', ( #3022, #1170 ), #4402, .F. ) ;
#2297 = VECTOR ( 'NONE', #1365, 1000.000000000000000 ) ;
#2298 = EDGE_CURVE ( 'NONE', #102, #4336, #3827, .T. ) ;
#2299 = DIRECTION ( 'NONE',  ( 1.000000000000000000, 0.0000000000000000000, 1.110223024625154800E-016 ) ) ;
#2300 = CIRCLE ( 'NONE', #4418, 0.9450000000000000600 ) ;
#2301 = EDGE_LOOP ( 'NONE', ( #4521, #2662, #1122, #3485 ) ) ;
#2302 = LINE ( 'NONE', #758, #472 ) ;
#2303 = APPLICATION_PROTOCOL_DEFINITION ( 'international standard', 'config_control_design', 1994, #2612 ) ;
#2304 = CARTESIAN_POINT ( 'NONE',  ( 6.800000000000000700, -5.000000000000000900, 0.0000000000000000000 ) ) ;
#2305 = CIRCLE ( 'NONE', #1237, 1.199999999999999700 ) ;
#2306 = EDGE_CURVE ( 'NONE', #428, #769, #351, .T. ) ;
#2307 = EDGE_LOOP ( 'NONE', ( #64, #2720 ) ) ;
#2308 = DIRECTION ( 'NONE',  ( 1.110223024625154800E-016, 0.0000000000000000000, -1.000000000000000000 ) ) ;
#2309 = CARTESIAN_POINT ( 'NONE',  ( -4.899378306273502100, -2.853029665593337100, 2.199999999999979700 ) ) ;
#2310 = VECTOR ( 'NONE', #3577, 1000.000000000000000 ) ;
#2311 = ORIENTED_EDGE ( 'NONE', *, *, #90, .F. ) ;
#2312 = ORIENTED_EDGE ( 'NONE', *, *, #624, .F. ) ;
#2313 = AXIS2_PLACEMENT_3D ( 'NONE', #4500, #2401, #334 ) ;
#2314 = VECTOR ( 'NONE', #3916, 1000.000000000000000 ) ;
#2315 = DIRECTION ( 'NONE',  ( 0.0000000000000000000, -0.0000000000000000000, 1.000000000000000000 ) ) ;
#2316 = EDGE_CURVE ( 'NONE', #1527, #833, #242, .T. ) ;
#2317 = ADVANCED_FACE ( 'NONE', ( #2799 ), #952, .T. ) ;
#2318 = VERTEX_POINT ( 'NONE', #4077 ) ;
#2319 = ORIENTED_EDGE ( 'NONE', *, *, #1076, .F. ) ;
#2320 = CARTESIAN_POINT ( 'NONE',  ( -4.323787969906970100, -2.848677808692835700, 2.199999999999979700 ) ) ;
#2321 = ORIENTED_EDGE ( 'NONE', *, *, #2306, .F. ) ;
#2322 = PRODUCT_RELATED_PRODUCT_CATEGORY ( 'detail', '', ( #4067 ) ) ;
#2323 = DIRECTION ( 'NONE',  ( 1.930664262269872800E-015, -1.000000000000000000, -9.860761315262647600E-032 ) ) ;
#2324 = VERTEX_POINT ( 'NONE', #2338 ) ;
#2325 = CARTESIAN_POINT ( 'NONE',  ( -3.000000000000002700, -5.200000000000000200, 0.7500000000000006700 ) ) ;
#2326 = EDGE_CURVE ( 'NONE', #1567, #2539, #1867, .T. ) ;
#2327 = DIRECTION ( 'NONE',  ( 0.9052838978505121100, -0.4248070906806800700, 0.0000000000000000000 ) ) ;
#2328 = EDGE_LOOP ( 'NONE', ( #451, #4021, #757, #1819 ) ) ;
#2329 = DATE_AND_TIME ( #3258, #4183 ) ;
#2330 = CARTESIAN_POINT ( 'NONE',  ( -4.853013033882414000, -0.8283200624523214800, 2.199999999999979700 ) ) ;
#2331 = ORIENTED_EDGE ( 'NONE', *, *, #1794, .T. ) ;
#2332 = EDGE_LOOP ( 'NONE', ( #223, #2878, #2260, #1041 ) ) ;
#2333 = CALENDAR_DATE ( 2019, 25, 3 ) ;
#2334 = AXIS2_PLACEMENT_3D ( 'NONE', #2159, #80, #2509 ) ;
#2335 = DIRECTION ( 'NONE',  ( -0.0000000000000000000, 1.000000000000000000, -0.0000000000000000000 ) ) ;
#2336 = VERTEX_POINT ( 'NONE', #3048 ) ;
#2337 = LINE ( 'NONE', #1107, #3266 ) ;
#2338 = CARTESIAN_POINT ( 'NONE',  ( -4.973163549210582300, -2.694563177103599800, 2.199999999999993500 ) ) ;
#2339 = CARTESIAN_POINT ( 'NONE',  ( -5.502944865571804700, 2.028444947627654000, 2.000000000000001800 ) ) ;
#2340 = ADVANCED_FACE ( 'NONE', ( #25 ), #968, .F. ) ;
#2341 = AXIS2_PLACEMENT_3D ( 'NONE', #1001, #1011, #3439 ) ;
#2342 = VECTOR ( 'NONE', #1202, 1000.000000000000000 ) ;
#2343 = DIRECTION ( 'NONE',  ( -8.673617379884052200E-016, -1.000000000000000000, 4.930380657631323800E-032 ) ) ;
#2344 = EDGE_CURVE ( 'NONE', #3371, #53, #2690, .T. ) ;
#2345 = PLANE ( 'NONE',  #2876 ) ;
#2346 = DIRECTION ( 'NONE',  ( 0.0000000000000000000, -1.000000000000000000, 0.0000000000000000000 ) ) ;
#2347 = CIRCLE ( 'NONE', #1416, 2.000000000000003600 ) ;
#2348 = AXIS2_PLACEMENT_3D ( 'NONE', #81, #2512, #444 ) ;
#2349 = CC_DESIGN_PERSON_AND_ORGANIZATION_ASSIGNMENT ( #1523, #147, ( #1427 ) ) ;
#2350 = VECTOR ( 'NONE', #113, 1000.000000000000000 ) ;
#2351 = DIRECTION ( 'NONE',  ( 1.000000000000000000, 0.0000000000000000000, 0.0000000000000000000 ) ) ;
#2352 = EDGE_CURVE ( 'NONE', #3201, #2146, #2913, .T. ) ;
#2353 = LINE ( 'NONE', #3831, #297 ) ;
#2354 = CARTESIAN_POINT ( 'NONE',  ( -7.999999999999992900, 4.999999999999997300, 0.5999999999999998700 ) ) ;
#2355 = FACE_OUTER_BOUND ( 'NONE', #2661, .T. ) ;
#2356 = CARTESIAN_POINT ( 'NONE',  ( -5.507214920650829600, -1.192419969672946300, 2.199999999999993500 ) ) ;
#2357 = CARTESIAN_POINT ( 'NONE',  ( 10.10000000000000000, -5.000000000000000900, 1.500000000000001300 ) ) ;
#2358 = FACE_OUTER_BOUND ( 'NONE', #1735, .T. ) ;
#2359 = ORIENTED_EDGE ( 'NONE', *, *, #4255, .T. ) ;
#2360 = ADVANCED_FACE ( 'NONE', ( #3720 ), #285, .F. ) ;
#2361 = LINE ( 'NONE', #2668, #531 ) ;
#2362 = ORIENTED_EDGE ( 'NONE', *, *, #307, .F. ) ;
#2363 = DIRECTION ( 'NONE',  ( 1.000000000000000000, 0.0000000000000000000, 1.110223024625154800E-016 ) ) ;
#2364 = EDGE_LOOP ( 'NONE', ( #165, #2321, #643, #2948 ) ) ;
#2365 = EDGE_CURVE ( 'NONE', #873, #2653, #3504, .T. ) ;
#2366 = LINE ( 'NONE', #592, #425 ) ;
#2367 = AXIS2_PLACEMENT_3D ( 'NONE', #332, #3788, #3451 ) ;
#2368 = DIRECTION ( 'NONE',  ( 1.110223024625155100E-016, 0.0000000000000000000, -1.000000000000000000 ) ) ;
#2369 = ORIENTED_EDGE ( 'NONE', *, *, #3709, .T. ) ;
#2370 = ORIENTED_EDGE ( 'NONE', *, *, #3013, .F. ) ;
#2371 = VECTOR ( 'NONE', #1810, 1000.000000000000000 ) ;
#2372 = ORIENTED_EDGE ( 'NONE', *, *, #77, .F. ) ;
#2373 = CARTESIAN_POINT ( 'NONE',  ( -7.999999999999992900, 4.999999999999997300, 1.999999999999974000 ) ) ;
#2374 = EDGE_CURVE ( 'NONE', #4271, #93, #1759, .T. ) ;
#2375 = VERTEX_POINT ( 'NONE', #296 ) ;
#2376 = ORIENTED_EDGE ( 'NONE', *, *, #169, .F. ) ;
#2377 = ORIENTED_EDGE ( 'NONE', *, *, #2833, .F. ) ;
#2378 = DIRECTION ( 'NONE',  ( -0.7071067811865474600, 8.659560562354931600E-017, 0.7071067811865475700 ) ) ;
#2379 = APPROVAL_DATE_TIME ( #3315, #2797 ) ;
#2380 = ORIENTED_EDGE ( 'NONE', *, *, #2521, .F. ) ;
#2381 = DIRECTION ( 'NONE',  ( 1.110223024625154800E-016, 0.0000000000000000000, -1.000000000000000000 ) ) ;
#2382 = ORIENTED_EDGE ( 'NONE', *, *, #3785, .F. ) ;
#2383 = EDGE_CURVE ( 'NONE', #2708, #4153, #2579, .T. ) ;
#2384 = CARTESIAN_POINT ( 'NONE',  ( 10.10000000000000000, 4.999999999999997300, 1.500000000000001300 ) ) ;
#2385 = ADVANCED_FACE ( 'NONE', ( #2464 ), #631, .T. ) ;
#2386 = ORIENTED_EDGE ( 'NONE', *, *, #1794, .F. ) ;
#2387 = LOCAL_TIME ( 10, 45, 22.00000000000000000, #3322 ) ;
#2388 = DIRECTION ( 'NONE',  ( 8.090982689360716600E-018, -0.7071067811865464600, 0.7071067811865485700 ) ) ;
#2389 = VERTEX_POINT ( 'NONE', #4121 ) ;
#2390 = DIRECTION ( 'NONE',  ( 1.000000000000000000, 0.0000000000000000000, 1.110223024625155100E-016 ) ) ;
#2391 = ORIENTED_EDGE ( 'NONE', *, *, #683, .T. ) ;
#2392 = EDGE_CURVE ( 'NONE', #482, #3533, #4434, .T. ) ;
#2393 = LINE ( 'NONE', #630, #564 ) ;
#2394 = DIRECTION ( 'NONE',  ( 0.0000000000000000000, -1.000000000000000000, 0.0000000000000000000 ) ) ;
#2395 = VECTOR ( 'NONE', #3168, 1000.000000000000000 ) ;
#2396 = CARTESIAN_POINT ( 'NONE',  ( -5.081959971723157400, -3.337656376520739400, 2.199999999999952200 ) ) ;
#2397 = AXIS2_PLACEMENT_3D ( 'NONE', #2286, #212, #2644 ) ;
#2398 = DIRECTION ( 'NONE',  ( 1.110223024625154900E-016, 0.0000000000000000000, -1.000000000000000000 ) ) ;
#2399 = EDGE_CURVE ( 'NONE', #833, #769, #1145, .T. ) ;
#2400 = FACE_OUTER_BOUND ( 'NONE', #3910, .T. ) ;
#2401 = DIRECTION ( 'NONE',  ( -1.000000000000000000, 0.0000000000000000000, -1.110223024625154800E-016 ) ) ;
#2402 = LINE ( 'NONE', #4150, #4147 ) ;
#2403 = ADVANCED_FACE ( 'NONE', ( #1545 ), #1438, .F. ) ;
#2404 = CC_DESIGN_APPROVAL ( #2182, ( #1489 ) ) ;
#2405 = LINE ( 'NONE', #565, #4152 ) ;
#2406 = EDGE_CURVE ( 'NONE', #2723, #428, #338, .T. ) ;
#2407 = LINE ( 'NONE', #1414, #4157 ) ;
#2408 = DIRECTION ( 'NONE',  ( 1.110223024625154800E-016, 0.0000000000000000000, -1.000000000000000000 ) ) ;
#2409 = CARTESIAN_POINT ( 'NONE',  ( -4.974881387460778900, 1.284228336548835800, 2.199999999999990000 ) ) ;
#2410 = VECTOR ( 'NONE', #3461, 1000.000000000000000 ) ;
#2411 = UNCERTAINTY_MEASURE_WITH_UNIT (LENGTH_MEASURE( 1.000000000000000100E-005 ), #1474, 'distance_accuracy_value', 'NONE');
#2412 = CARTESIAN_POINT ( 'NONE',  ( -2.484519974993895500, -5.200000000000000200, 3.777777777832096900 ) ) ;
#2413 = ORIENTED_EDGE ( 'NONE', *, *, #3489, .F. ) ;
#2414 = FACE_OUTER_BOUND ( 'NONE', #1369, .T. ) ;
#2415 = CARTESIAN_POINT ( 'NONE',  ( 0.0000000000000000000, -10.00000000000000200, 3.499999999999999600 ) ) ;
#2416 = VERTEX_POINT ( 'NONE', #2756 ) ;
#2417 = CLOSED_SHELL ( 'NONE', ( #3760, #3874, #3733, #3372, #2673, #416, #4167, #4079, #2831, #4451, #1050, #3354, #1796, #3483, #2625, #253, #687, #4379, #393, #3126, #2385, #1316, #230, #1578, #2317, #2759, #558, #1297, #3690, #4405, #599, #2403, #206 ) ) ;
#2418 = CYLINDRICAL_SURFACE ( 'NONE', #3443, 2.099999999999999600 ) ;
#2419 = CARTESIAN_POINT ( 'NONE',  ( -4.812799258463451600, -3.337656376520739400, 2.199999999999990000 ) ) ;
#2420 = APPROVAL_ROLE ( '' ) ;
#2421 = ORIENTED_EDGE ( 'NONE', *, *, #1717, .F. ) ;
#2422 = AXIS2_PLACEMENT_3D ( 'NONE', #2979, #897, #3326 ) ;
#2423 = ORIENTED_EDGE ( 'NONE', *, *, #3078, .T. ) ;
#2424 = DIRECTION ( 'NONE',  ( -0.4339824288964470000, 0.9009213347507873900, 2.775557561562896300E-017 ) ) ;
#2425 = PLANE ( 'NONE',  #3743 ) ;
#2426 = ADVANCED_FACE ( 'NONE', ( #740 ), #2048, .F. ) ;
#2427 = CARTESIAN_POINT ( 'NONE',  ( -5.502944865571804700, 0.6428366150176070300, 2.199999999999993500 ) ) ;
#2428 = ORIENTED_EDGE ( 'NONE', *, *, #1910, .T. ) ;
#2429 = CARTESIAN_POINT ( 'NONE',  ( -4.321693843278199100, -1.826564049824779000, 2.200000000000007300 ) ) ;
#2430 = VERTEX_POINT ( 'NONE', #681 ) ;
#2431 = DIRECTION ( 'NONE',  ( 1.000000000000000000, 0.0000000000000000000, 1.032573497605241000E-016 ) ) ;
#2432 = CARTESIAN_POINT ( 'NONE',  ( -5.507214920650829600, -1.641675573010550800, 2.199999999999993500 ) ) ;
#2433 = CARTESIAN_POINT ( 'NONE',  ( -4.321693843278199100, -1.641675573010550800, 2.200000000000007300 ) ) ;
#2434 = AXIS2_PLACEMENT_3D ( 'NONE', #3573, #1837, #4267 ) ;
#2435 = AXIS2_PLACEMENT_3D ( 'NONE', #3581, #1497, #3933 ) ;
#2436 = EDGE_LOOP ( 'NONE', ( #2262, #62 ) ) ;
#2437 = PERSON_AND_ORGANIZATION ( #2908, #3807 ) ;
#2438 = ORIENTED_EDGE ( 'NONE', *, *, #4465, .T. ) ;
#2439 = DIRECTION ( 'NONE',  ( 1.110223024625154800E-016, -0.0000000000000000000, -1.000000000000000000 ) ) ;
#2440 = PERSON_AND_ORGANIZATION_ROLE ( 'design_supplier' ) ;
#2441 = VERTEX_POINT ( 'NONE', #4146 ) ;
#2442 = EDGE_LOOP ( 'NONE', ( #1019, #4245, #3310, #965, #3329, #1464 ) ) ;
#2443 = PERSON_AND_ORGANIZATION ( #2908, #3807 ) ;
#2444 = DIRECTION ( 'NONE',  ( -0.0000000000000000000, 1.000000000000000000, -0.0000000000000000000 ) ) ;
#2445 = DIRECTION ( 'NONE',  ( 0.4231519928592986600, 0.9060587127439392300, 2.775557561562912300E-017 ) ) ;
#2446 = ORIENTED_EDGE ( 'NONE', *, *, #779, .F. ) ;
#2447 = FACE_OUTER_BOUND ( 'NONE', #782, .T. ) ;
#2448 = CARTESIAN_POINT ( 'NONE',  ( 8.000000000000000000, 4.999999999999997300, 0.5999999999999998700 ) ) ;
#2449 = DIRECTION ( 'NONE',  ( 1.000000000000000000, 0.0000000000000000000, 0.0000000000000000000 ) ) ;
#2450 = CARTESIAN_POINT ( 'NONE',  ( -5.499999999999991100, 2.066973605524963500, 2.199999999999958900 ) ) ;
#2451 = DIRECTION ( 'NONE',  ( -1.000000000000000000, 0.0000000000000000000, -1.110223024625154800E-016 ) ) ;
#2452 = FACE_OUTER_BOUND ( 'NONE', #3057, .T. ) ;
#2453 = ADVANCED_FACE ( 'NONE', ( #524 ), #1362, .F. ) ;
#2454 = EDGE_CURVE ( 'NONE', #3457, #4136, #4098, .T. ) ;
#2455 = AXIS2_PLACEMENT_3D ( 'NONE', #2714, #3068, #984 ) ;
#2456 = CYLINDRICAL_SURFACE ( 'NONE', #726, 2.099999999999999600 ) ;
#2457 =( REPRESENTATION_RELATIONSHIP ('NONE','NONE', #1381, #2896 ) REPRESENTATION_RELATIONSHIP_WITH_TRANSFORMATION ( #2275 )SHAPE_REPRESENTATION_RELATIONSHIP( ) );
#2458 = LINE ( 'NONE', #2520, #629 ) ;
#2459 = CARTESIAN_POINT ( 'NONE',  ( 0.0000000000000000000, 4.999999999999997300, 3.499999999999999600 ) ) ;
#2460 = DIRECTION ( 'NONE',  ( 2.891205793294684900E-015, -1.000000000000000000, 9.860761315262647600E-032 ) ) ;
#2461 = CARTESIAN_POINT ( 'NONE',  ( 0.0000000000000000000, -5.000000000000004400, 3.499999999999999600 ) ) ;
#2462 = EDGE_CURVE ( 'NONE', #2993, #919, #3393, .T. ) ;
#2463 = DIRECTION ( 'NONE',  ( 0.7071067811865470200, 0.0000000000000000000, 0.7071067811865480200 ) ) ;
#2464 = FACE_OUTER_BOUND ( 'NONE', #2491, .T. ) ;
#2465 = DIRECTION ( 'NONE',  ( 0.9048820257364477100, 0.4256624478376059300, -5.551115123125772200E-017 ) ) ;
#2466 = CARTESIAN_POINT ( 'NONE',  ( 5.900000000000000400, 4.999999999999997300, 2.000000000000001800 ) ) ;
#2467 = VECTOR ( 'NONE', #3952, 1000.000000000000000 ) ;
#2468 = FACE_OUTER_BOUND ( 'NONE', #607, .T. ) ;
#2469 = EDGE_LOOP ( 'NONE', ( #1472, #2712, #1928, #2386 ) ) ;
#2470 = EDGE_CURVE ( 'NONE', #546, #1066, #3176, .T. ) ;
#2471 = DIRECTION ( 'NONE',  ( -1.000000000000000000, 0.0000000000000000000, -2.168404344971004900E-016 ) ) ;
#2472 = FACE_OUTER_BOUND ( 'NONE', #3156, .T. ) ;
#2473 = ORIENTED_EDGE ( 'NONE', *, *, #4477, .F. ) ;
#2474 = DIRECTION ( 'NONE',  ( 1.110223024625154800E-016, 0.0000000000000000000, -1.000000000000000000 ) ) ;
#2475 = ADVANCED_FACE ( 'NONE', ( #1322 ), #2, .F. ) ;
#2476 = ORIENTED_EDGE ( 'NONE', *, *, #2145, .T. ) ;
#2477 = DIRECTION ( 'NONE',  ( 1.110223024625155100E-016, 0.0000000000000000000, -1.000000000000000000 ) ) ;
#2478 = LINE ( 'NONE', #1963, #755 ) ;
#2479 = CARTESIAN_POINT ( 'NONE',  ( 0.0000000000000000000, 5.199999999999996600, 3.499999999999999600 ) ) ;
#2480 = CARTESIAN_POINT ( 'NONE',  ( -8.582281733134413400E-015, -1.000000000000014000, 19.80000000000004000 ) ) ;
#2481 = ORIENTED_EDGE ( 'NONE', *, *, #2242, .T. ) ;
#2482 = DIRECTION ( 'NONE',  ( -0.0000000000000000000, 1.000000000000000000, -0.0000000000000000000 ) ) ;
#2483 = EDGE_LOOP ( 'NONE', ( #1873, #2228 ) ) ;
#2484 = DIRECTION ( 'NONE',  ( 1.636694662590740700E-016, -1.387169655721517500E-015, -1.000000000000000000 ) ) ;
#2485 = ORIENTED_EDGE ( 'NONE', *, *, #2493, .F. ) ;
#2486 = AXIS2_PLACEMENT_3D ( 'NONE', #246, #2683, #601 ) ;
#2487 = EDGE_LOOP ( 'NONE', ( #419, #2615, #267, #3085 ) ) ;
#2488 = EDGE_LOOP ( 'NONE', ( #3974, #3040, #2481, #282, #2939 ) ) ;
#2489 = ORIENTED_EDGE ( 'NONE', *, *, #2352, .F. ) ;
#2490 = CARTESIAN_POINT ( 'NONE',  ( -4.321693843278199100, -1.826564049824779000, 2.000000000000012000 ) ) ;
#2491 = EDGE_LOOP ( 'NONE', ( #1937, #3028, #2155, #1942 ) ) ;
#2492 = AXIS2_PLACEMENT_3D ( 'NONE', #3267, #1190, #3619 ) ;
#2493 = EDGE_CURVE ( 'NONE', #769, #310, #4040, .T. ) ;
#2494 = ORIENTED_EDGE ( 'NONE', *, *, #3745, .F. ) ;
#2495 = DATE_AND_TIME ( #3420, #4348 ) ;
#2496 = CARTESIAN_POINT ( 'NONE',  ( -5.499999999999991100, 3.334999999999997700, 2.199999999999958900 ) ) ;
#2497 = EDGE_LOOP ( 'NONE', ( #3357, #287, #2941, #4171 ) ) ;
#2498 = DIRECTION ( 'NONE',  ( 1.734723475976807600E-016, 1.000000000000000000, -0.0000000000000000000 ) ) ;
#2499 = ORIENTED_EDGE ( 'NONE', *, *, #4503, .F. ) ;
#2501 = ORIENTED_EDGE ( 'NONE', *, *, #1086, .F. ) ;
#2500 = CARTESIAN_POINT ( 'NONE',  ( 6.800000000000000700, 4.999999999999997300, 0.0000000000000000000 ) ) ;
#2502 = CALENDAR_DATE ( 2019, 25, 3 ) ;
#2503 = CC_DESIGN_DATE_AND_TIME_ASSIGNMENT ( #1582, #1558, ( #2027 ) ) ;
#2504 = EDGE_CURVE ( 'NONE', #3918, #2723, #2139, .T. ) ;
#2505 = ORIENTED_EDGE ( 'NONE', *, *, #1234, .T. ) ;
#2506 = ORIENTED_EDGE ( 'NONE', *, *, #132, .T. ) ;
#2507 = VECTOR ( 'NONE', #1653, 1000.000000000000000 ) ;
#2508 = CARTESIAN_POINT ( 'NONE',  ( -5.499999999999991100, 3.334999999999997700, 2.199999999999958900 ) ) ;
#2509 = DIRECTION ( 'NONE',  ( 1.000000000000000000, -4.336808689942010800E-016, 0.0000000000000000000 ) ) ;
#2510 = DIRECTION ( 'NONE',  ( 0.0000000000000000000, -1.000000000000000000, 0.0000000000000000000 ) ) ;
#2511 = CIRCLE ( 'NONE', #3983, 0.9450000000000000600 ) ;
#2512 = DIRECTION ( 'NONE',  ( 0.0000000000000000000, -0.0000000000000000000, 1.000000000000000000 ) ) ;
#2513 = DIRECTION ( 'NONE',  ( 0.0000000000000000000, -1.000000000000000000, 0.0000000000000000000 ) ) ;
#2514 = AXIS2_PLACEMENT_3D ( 'NONE', #2238, #159, #2592 ) ;
#2515 =( NAMED_UNIT ( * ) SI_UNIT ( $, .STERADIAN. ) SOLID_ANGLE_UNIT ( ) );
#2516 = LINE ( 'NONE', #1263, #2629 ) ;
#2517 = VECTOR ( 'NONE', #2388, 1000.000000000000100 ) ;
#2518 = CARTESIAN_POINT ( 'NONE',  ( -8.000000000000000000, -5.000000000000000900, 1.500000000000001300 ) ) ;
#2519 = VECTOR ( 'NONE', #3653, 1000.000000000000000 ) ;
#2520 = CARTESIAN_POINT ( 'NONE',  ( -4.321693843278199100, -1.083378141696067500, 2.000000000000012000 ) ) ;
#2521 = EDGE_CURVE ( 'NONE', #2818, #1030, #2353, .T. ) ;
#2522 = DIRECTION ( 'NONE',  ( -4.336808689942017700E-016, -1.000000000000000000, 0.0000000000000000000 ) ) ;
#2523 = CYLINDRICAL_SURFACE ( 'NONE', #346, 2.500000000000004000 ) ;
#2524 = PLANE ( 'NONE',  #101 ) ;
#2525 = DIRECTION ( 'NONE',  ( -0.9054733072384439900, -0.4244032161502480100, 5.551115123125774100E-017 ) ) ;
#2526 = CYLINDRICAL_SURFACE ( 'NONE', #72, 0.3000000000000003800 ) ;
#2527 = CARTESIAN_POINT ( 'NONE',  ( 0.0000000000000000000, 0.0000000000000000000, 0.0000000000000000000 ) ) ;
#2528 = ORIENTED_EDGE ( 'NONE', *, *, #2056, .F. ) ;
#2529 = CIRCLE ( 'NONE', #2334, 2.000000000000003100 ) ;
#2530 = ORIENTED_EDGE ( 'NONE', *, *, #239, .F. ) ;
#2531 = EDGE_CURVE ( 'NONE', #2389, #1180, #1220, .T. ) ;
#2532 = ORIENTED_EDGE ( 'NONE', *, *, #2565, .T. ) ;
#2533 = CARTESIAN_POINT ( 'NONE',  ( 0.7165477909999995500, -5.000000000000000900, 0.7932382329999994000 ) ) ;
#2534 = LINE ( 'NONE', #4339, #4504 ) ;
#2535 = CARTESIAN_POINT ( 'NONE',  ( -5.502944865571804700, 2.028444947627654000, 2.199999999999993500 ) ) ;
#2536 = DIRECTION ( 'NONE',  ( 1.000000000000000000, 0.0000000000000000000, 9.035018104045853400E-017 ) ) ;
#2537 = VERTEX_POINT ( 'NONE', #956 ) ;
#2538 = CARTESIAN_POINT ( 'NONE',  ( 8.000000000000000000, -5.000000000000000900, 1.500000000000001300 ) ) ;
#2539 = VERTEX_POINT ( 'NONE', #1298 ) ;
#2540 = B_SPLINE_SURFACE_WITH_KNOTS ( 'NONE', 3, 1, ( 
 ( #3661, #1922 ),
 ( #200, #2632 ),
 ( #561, #2989 ),
 ( #908, #3335 ) ),
 .UNSPECIFIED., .F., .F., .F.,
 ( 4, 4 ),
 ( 2, 2 ),
 ( 1.000000000000000000, 2.000000000000000000 ),
 ( 0.0000000000000000000, 1.000000000000000000 ),
 .UNSPECIFIED. ) ;
#2541 = CARTESIAN_POINT ( 'NONE',  ( 8.000000000000000000, 4.999999999999997300, 0.0000000000000000000 ) ) ;
#2542 =( NAMED_UNIT ( * ) PLANE_ANGLE_UNIT ( ) SI_UNIT ( $, .RADIAN. ) );
#2543 = ORIENTED_EDGE ( 'NONE', *, *, #994, .T. ) ;
#2544 = EDGE_CURVE ( 'NONE', #3840, #3634, #3883, .T. ) ;
#2545 = AXIS2_PLACEMENT_3D ( 'NONE', #2560, #2920, #846 ) ;
#2546 = EDGE_LOOP ( 'NONE', ( #4469, #3528, #2981, #1693 ) ) ;
#2547 = PERSON_AND_ORGANIZATION ( #611, #3470 ) ;
#2548 = ORIENTED_EDGE ( 'NONE', *, *, #3813, .T. ) ;
#2549 = DIRECTION ( 'NONE',  ( 1.000000000000000000, 0.0000000000000000000, 1.110223024625154800E-016 ) ) ;
#2550 = LOCAL_TIME ( 10, 45, 22.00000000000000000, #3474 ) ;
#2551 = AXIS2_PLACEMENT_3D ( 'NONE', #2415, #345, #2779 ) ;
#2552 = EDGE_CURVE ( 'NONE', #4338, #58, #2026, .T. ) ;
#2553 = ORIENTED_EDGE ( 'NONE', *, *, #4415, .T. ) ;
#2554 = DIRECTION ( 'NONE',  ( 3.386180225106745200E-015, 1.000000000000000000, -2.041049228466275800E-015 ) ) ;
#2555 = DIRECTION ( 'NONE',  ( 0.7071067811865474600, 0.0000000000000000000, 0.7071067811865475700 ) ) ;
#2556 = ORIENTED_EDGE ( 'NONE', *, *, #3003, .F. ) ;
#2557 = COORDINATED_UNIVERSAL_TIME_OFFSET ( 9, 0, .AHEAD. ) ;
#2558 = DIRECTION ( 'NONE',  ( 1.000000000000000000, 6.840249869936602700E-016, 1.110223024625154800E-016 ) ) ;
#2559 = CARTESIAN_POINT ( 'NONE',  ( -5.304542727856007100, -2.853029665593337100, 2.000000000000001800 ) ) ;
#2560 = CARTESIAN_POINT ( 'NONE',  ( -5.507214920650829600, 0.06348339486497711600, 2.199999999999993500 ) ) ;
#2561 = APPLICATION_PROTOCOL_DEFINITION ( 'international standard', 'config_control_design', 1994, #131 ) ;
#2562 = EDGE_LOOP ( 'NONE', ( #2413, #303, #438, #2311 ) ) ;
#2563 = CC_DESIGN_SECURITY_CLASSIFICATION ( #4306, ( #4522 ) ) ;
#2564 = VECTOR ( 'NONE', #1770, 1000.000000000000000 ) ;
#2565 = EDGE_CURVE ( 'NONE', #1354, #1791, #1111, .T. ) ;
#2566 = EDGE_LOOP ( 'NONE', ( #4414, #1627, #2042, #1519, #2548, #2877, #3948, #1608, #2879, #2926 ) ) ;
#2567 = FACE_OUTER_BOUND ( 'NONE', #2663, .T. ) ;
#2568 = CARTESIAN_POINT ( 'NONE',  ( -4.321693843278199100, 0.06348339486497711600, 2.200000000000007300 ) ) ;
#2569 = LINE ( 'NONE', #2580, #2342 ) ;
#2570 = DIRECTION ( 'NONE',  ( 0.0000000000000000000, -1.000000000000000000, 0.0000000000000000000 ) ) ;
#2571 = VECTOR ( 'NONE', #4436, 1000.000000000000100 ) ;
#2572 = CARTESIAN_POINT ( 'NONE',  ( -4.812799258463451600, -2.853029665593337100, 2.199999999999990000 ) ) ;
#2573 = CARTESIAN_POINT ( 'NONE',  ( -12.49999999999999600, -8.000000000359174000, 1.000000000000000900 ) ) ;
#2574 = DIRECTION ( 'NONE',  ( 1.000000000000000000, 0.0000000000000000000, 0.0000000000000000000 ) ) ;
#2575 = AXIS2_PLACEMENT_3D ( 'NONE', #789, #3208, #1131 ) ;
#2576 = LINE ( 'NONE', #3559, #3386 ) ;
#2577 = DIRECTION ( 'NONE',  ( 1.000000000000000000, 0.0000000000000000000, 1.110223024625154800E-016 ) ) ;
#2578 = SECURITY_CLASSIFICATION_LEVEL ( 'unclassified' ) ;
#2579 = LINE ( 'NONE', #2729, #4316 ) ;
#2580 = CARTESIAN_POINT ( 'NONE',  ( -4.652451328080661400, -2.336958334505153000, 2.199999999999952200 ) ) ;
#2581 = FACE_BOUND ( 'NONE', #2091, .T. ) ;
#2582 = EDGE_CURVE ( 'NONE', #310, #983, #3073, .T. ) ;
#2583 = DIRECTION ( 'NONE',  ( 1.000000000000000000, 0.0000000000000000000, 0.0000000000000000000 ) ) ;
#2584 = LINE ( 'NONE', #2134, #3398 ) ;
#2585 = ORIENTED_EDGE ( 'NONE', *, *, #2697, .T. ) ;
#2586 = DIRECTION ( 'NONE',  ( -1.000000000000000000, 0.0000000000000000000, -1.665334536937732600E-016 ) ) ;
#2587 = CARTESIAN_POINT ( 'NONE',  ( 12.49999999999999600, 7.999999999589793900, 2.000000000000001800 ) ) ;
#2588 = VECTOR ( 'NONE', #588, 1000.000000000000000 ) ;
#2589 = DIRECTION ( 'NONE',  ( -4.589215544912187200E-016, -1.000000000000000000, 0.0000000000000000000 ) ) ;
#2590 = AXIS2_PLACEMENT_3D ( 'NONE', #4275, #2190, #114 ) ;
#2591 = SECURITY_CLASSIFICATION ( '', '', #2578 ) ;
#2592 = DIRECTION ( 'NONE',  ( 1.000000000000000000, 0.0000000000000000000, 0.0000000000000000000 ) ) ;
#2593 = CARTESIAN_POINT ( 'NONE',  ( -5.009663521936228200, -0.3850359920796880800, 2.200000000000007300 ) ) ;
#2594 = ORIENTED_EDGE ( 'NONE', *, *, #1677, .F. ) ;
#2595 = PLANE ( 'NONE',  #3711 ) ;
#2596 = VERTEX_POINT ( 'NONE', #2356 ) ;
#2597 = DATE_TIME_ROLE ( 'creation_date' ) ;
#2598 = EDGE_CURVE ( 'NONE', #3218, #3918, #1004, .T. ) ;
#2599 = CIRCLE ( 'NONE', #2191, 0.9250000000000013800 ) ;
#2600 = VERTEX_POINT ( 'NONE', #2718 ) ;
#2601 = ORIENTED_EDGE ( 'NONE', *, *, #2125, .F. ) ;
#2602 = ORIENTED_EDGE ( 'NONE', *, *, #771, .F. ) ;
#2603 = DIRECTION ( 'NONE',  ( 0.0000000000000000000, -1.000000000000000000, 0.0000000000000000000 ) ) ;
#2604 = ORIENTED_EDGE ( 'NONE', *, *, #1710, .F. ) ;
#2605 = ORIENTED_EDGE ( 'NONE', *, *, #283, .T. ) ;
#2606 = CARTESIAN_POINT ( 'NONE',  ( 0.0000000000000000000, 10.00000000000000200, 3.499999999999999600 ) ) ;
#2607 = CARTESIAN_POINT ( 'NONE',  ( -4.321693843278199100, -1.641675573010550800, 2.000000000000012000 ) ) ;
#2608 = VERTEX_POINT ( 'NONE', #3070 ) ;
#2609 = DIRECTION ( 'NONE',  ( -3.469446951953622600E-016, -1.000000000000000000, 0.0000000000000000000 ) ) ;
#2610 = ORIENTED_EDGE ( 'NONE', *, *, #880, .F. ) ;
#2611 = CARTESIAN_POINT ( 'NONE',  ( -5.146828816123501400, 2.774035829306638500, 2.000000000000001800 ) ) ;
#2612 = APPLICATION_CONTEXT ( 'configuration controlled 3d designs of mechanical parts and assemblies' ) ;
#2613 = EDGE_CURVE ( 'NONE', #3669, #53, #3770, .T. ) ;
#2614 = AXIS2_PLACEMENT_3D ( 'NONE', #3143, #1058, #3488 ) ;
#2615 = ORIENTED_EDGE ( 'NONE', *, *, #2742, .T. ) ;
#2616 = ORIENTED_EDGE ( 'NONE', *, *, #1452, .F. ) ;
#2617 = PERSON_AND_ORGANIZATION ( #2908, #3807 ) ;
#2618 = DIRECTION ( 'NONE',  ( 0.9231390502128480300, 0.3844662455562527500, -5.551115123125772200E-017 ) ) ;
#2619 = ORIENTED_EDGE ( 'NONE', *, *, #924, .F. ) ;
#2620 = EDGE_CURVE ( 'NONE', #1396, #3646, #1915, .T. ) ;
#2621 = CARTESIAN_POINT ( 'NONE',  ( -5.502944865571804700, 1.532529585341807500, 2.000000000000001800 ) ) ;
#2622 = VERTEX_POINT ( 'NONE', #2022 ) ;
#2623 = LINE ( 'NONE', #945, #1698 ) ;
#2624 = CARTESIAN_POINT ( 'NONE',  ( 8.000000000000000000, -5.000000000000000900, 0.6000000000000449400 ) ) ;
#2625 = ADVANCED_FACE ( 'NONE', ( #4485, #901, #184 ), #4471, .T. ) ;
#2626 = LINE ( 'NONE', #1736, #783 ) ;
#2627 = EDGE_CURVE ( 'NONE', #1454, #2596, #1706, .T. ) ;
#2628 = CARTESIAN_POINT ( 'NONE',  ( -4.973163549210582300, -2.336958334505153000, 2.199999999999993500 ) ) ;
#2629 = VECTOR ( 'NONE', #3696, 1000.000000000000000 ) ;
#2630 = CARTESIAN_POINT ( 'NONE',  ( -5.507214920650829600, -1.826564049824779000, 2.199999999999993500 ) ) ;
#2631 = LINE ( 'NONE', #4108, #4376 ) ;
#2632 = CARTESIAN_POINT ( 'NONE',  ( -4.724240606574669600, -2.853029665593337100, 2.000000000000032400 ) ) ;
#2633 = CARTESIAN_POINT ( 'NONE',  ( -4.973163549210582300, -2.336958334505153000, 2.199999999999993500 ) ) ;
#2634 = EDGE_CURVE ( 'NONE', #1514, #310, #2631, .T. ) ;
#2635 = VECTOR ( 'NONE', #3173, 1000.000000000000100 ) ;
#2636 = DIRECTION ( 'NONE',  ( -1.110223024625154800E-016, 0.0000000000000000000, 1.000000000000000000 ) ) ;
#2637 = AXIS2_PLACEMENT_3D ( 'NONE', #4094, #2012, #4457 ) ;
#2638 = CARTESIAN_POINT ( 'NONE',  ( -5.507214920650829600, 0.06348339486497711600, 2.000000000000001800 ) ) ;
#2639 = VECTOR ( 'NONE', #4321, 1000.000000000000000 ) ;
#2640 = CARTESIAN_POINT ( 'NONE',  ( 0.0000000000000000000, -4.700000000000037500, 2.554999999999999700 ) ) ;
#2641 = FACE_OUTER_BOUND ( 'NONE', #926, .T. ) ;
#2642 = FACE_OUTER_BOUND ( 'NONE', #1767, .T. ) ;
#2643 = AXIS2_PLACEMENT_3D ( 'NONE', #1908, #181, #2618 ) ;
#2644 = DIRECTION ( 'NONE',  ( 0.0000000000000000000, -1.734723475976807100E-015, 1.000000000000000000 ) ) ;
#2645 = EDGE_CURVE ( 'NONE', #1726, #1557, #793, .T. ) ;
#2646 = VERTEX_POINT ( 'NONE', #4481 ) ;
#2647 = ORIENTED_EDGE ( 'NONE', *, *, #2007, .F. ) ;
#2648 = ADVANCED_FACE ( 'NONE', ( #1598 ), #3342, .F. ) ;
#2649 = LINE ( 'NONE', #2202, #1387 ) ;
#2650 = DIRECTION ( 'NONE',  ( 1.000000000000000000, 0.0000000000000000000, 1.110223024625154800E-016 ) ) ;
#2651 = EDGE_LOOP ( 'NONE', ( #706, #1127, #1746, #1629 ) ) ;
#2652 = CARTESIAN_POINT ( 'NONE',  ( 1.012729069916201700, 4.999999999999997300, 0.8409524868405460200 ) ) ;
#2653 = VERTEX_POINT ( 'NONE', #1014 ) ;
#2654 = DIRECTION ( 'NONE',  ( 0.0000000000000000000, -1.000000000000000000, 0.0000000000000000000 ) ) ;
#2655 = CC_DESIGN_SECURITY_CLASSIFICATION ( #1489, ( #323 ) ) ;
#2656 = LINE ( 'NONE', #1178, #3574 ) ;
#2657 = CARTESIAN_POINT ( 'NONE',  ( -5.507214920650829600, -1.192419969672946300, 2.000000000000001800 ) ) ;
#2658 = DIRECTION ( 'NONE',  ( 0.0000000000000000000, 3.946725368624481600E-014, -1.000000000000000000 ) ) ;
#2659 = EDGE_CURVE ( 'NONE', #1070, #1557, #3554, .T. ) ;
#2660 = CARTESIAN_POINT ( 'NONE',  ( -4.973163549210582300, -2.694563177103599800, 1.999999999999919000 ) ) ;
#2661 = EDGE_LOOP ( 'NONE', ( #690, #243, #2272, #4165 ) ) ;
#2662 = ORIENTED_EDGE ( 'NONE', *, *, #3177, .F. ) ;
#2663 = EDGE_LOOP ( 'NONE', ( #1134, #1448, #1152, #1946 ) ) ;
#2664 = DIRECTION ( 'NONE',  ( -1.110223024625154800E-016, 0.0000000000000000000, 1.000000000000000000 ) ) ;
#2665 = ORIENTED_EDGE ( 'NONE', *, *, #4017, .F. ) ;
#2666 = LOCAL_TIME ( 10, 45, 22.00000000000000000, #3585 ) ;
#2667 = ORIENTED_EDGE ( 'NONE', *, *, #3542, .T. ) ;
#2668 = CARTESIAN_POINT ( 'NONE',  ( -2.999999997500002500, 0.0000000000000000000, -3.469446951953614200E-015 ) ) ;
#2669 = CALENDAR_DATE ( 2019, 25, 3 ) ;
#2670 = CARTESIAN_POINT ( 'NONE',  ( 3.000000000000002700, 10.00000000000000200, 2.000000000000001800 ) ) ;
#2671 = PLANE ( 'NONE',  #4293 ) ;
#2672 = CARTESIAN_POINT ( 'NONE',  ( -4.812799258463451600, -2.853029665593337100, 2.199999999999990000 ) ) ;
#2673 = ADVANCED_FACE ( 'NONE', ( #4261 ), #3227, .F. ) ;
#2674 = ORIENTED_EDGE ( 'NONE', *, *, #3667, .T. ) ;
#2675 = LOCAL_TIME ( 10, 45, 22.00000000000000000, #3593 ) ;
#2676 = AXIS2_PLACEMENT_3D ( 'NONE', #3077, #997, #3421 ) ;
#2677 = EDGE_LOOP ( 'NONE', ( #1568, #146, #2506, #4237 ) ) ;
#2678 = FACE_BOUND ( 'NONE', #3908, .T. ) ;
#2679 = AXIS2_PLACEMENT_3D ( 'NONE', #2533, #3588, #108 ) ;
#2680 = AXIS2_PLACEMENT_3D ( 'NONE', #1847, #4280, #2194 ) ;
#2681 = LINE ( 'NONE', #2912, #1048 ) ;
#2682 = LINE ( 'NONE', #1247, #1748 ) ;
#2683 = DIRECTION ( 'NONE',  ( -1.734723475976807600E-016, -1.000000000000000000, 0.0000000000000000000 ) ) ;
#2684 = CARTESIAN_POINT ( 'NONE',  ( -12.49999999999999600, -8.000000000179586100, -6.938893903907228400E-015 ) ) ;
#2685 = DIRECTION ( 'NONE',  ( 0.0000000000000000000, 1.000000000000000000, 0.0000000000000000000 ) ) ;
#2686 = FACE_OUTER_BOUND ( 'NONE', #3042, .T. ) ;
#2687 = DIRECTION ( 'NONE',  ( 1.636694662590795500E-016, 3.475538202552856900E-016, -1.000000000000000000 ) ) ;
#2688 = VECTOR ( 'NONE', #790, 1000.000000000000200 ) ;
#2689 = DIRECTION ( 'NONE',  ( 0.9015065962457030600, -0.4327653601265781200, -5.551115123125773500E-017 ) ) ;
#2690 = LINE ( 'NONE', #2005, #3613 ) ;
#2691 = ORIENTED_EDGE ( 'NONE', *, *, #754, .T. ) ;
#2692 = ADVANCED_FACE ( 'NONE', ( #572 ), #3115, .F. ) ;
#2693 = FACE_OUTER_BOUND ( 'NONE', #3404, .T. ) ;
#2694 = CARTESIAN_POINT ( 'NONE',  ( 1.401691237896824700E-017, 5.200000000000093400, 4.724999999999906400 ) ) ;
#2695 = VECTOR ( 'NONE', #1753, 1000.000000000000000 ) ;
#2696 = DIRECTION ( 'NONE',  ( 1.000000000000000000, 0.0000000000000000000, 1.032573497605241000E-016 ) ) ;
#2697 = EDGE_CURVE ( 'NONE', #4186, #3371, #2402, .T. ) ;
#2698 = ORIENTED_EDGE ( 'NONE', *, *, #1333, .F. ) ;
#2699 = DIRECTION ( 'NONE',  ( -0.9166902170851379800, 0.3995986059790532800, -8.326672684688659300E-017 ) ) ;
#2700 = DIRECTION ( 'NONE',  ( 0.0000000000000000000, -1.000000000000000000, 0.0000000000000000000 ) ) ;
#2701 = VECTOR ( 'NONE', #172, 1000.000000000000000 ) ;
#2702 = PLANE ( 'NONE',  #28 ) ;
#2703 = EDGE_LOOP ( 'NONE', ( #433, #4159, #2691, #2165, #4058, #3700, #1835, #2151, #5, #4401, #315, #2553, #2667, #2985, #2200, #1566, #1138 ) ) ;
#2704 = ORIENTED_EDGE ( 'NONE', *, *, #754, .F. ) ;
#2705 = CIRCLE ( 'NONE', #1727, 0.9999999999999993300 ) ;
#2706 = EDGE_CURVE ( 'NONE', #2818, #1345, #3444, .T. ) ;
#2707 = ORIENTED_EDGE ( 'NONE', *, *, #2374, .T. ) ;
#2708 = VERTEX_POINT ( 'NONE', #2777 ) ;
#2709 = PRODUCT_DEFINITION_SHAPE ( 'NONE', 'NONE',  #263 ) ;
#2710 = DIRECTION ( 'NONE',  ( 0.0000000000000000000, 0.0000000000000000000, 1.000000000000000000 ) ) ;
#2711 = CARTESIAN_POINT ( 'NONE',  ( -4.853013033882414000, -0.8283200624523214800, 2.199999999999979700 ) ) ;
#2712 = ORIENTED_EDGE ( 'NONE', *, *, #2138, .T. ) ;
#2713 = ORIENTED_EDGE ( 'NONE', *, *, #1110, .F. ) ;
#2714 = CARTESIAN_POINT ( 'NONE',  ( -5.507214920650829600, -0.6157334888991922200, 2.199999999999993500 ) ) ;
#2715 = EDGE_CURVE ( 'NONE', #3518, #873, #682, .T. ) ;
#2716 = DIRECTION ( 'NONE',  ( 1.000000000000000000, 0.0000000000000000000, 9.035018104045853400E-017 ) ) ;
#2717 = ADVANCED_FACE ( 'NONE', ( #3124 ), #1723, .F. ) ;
#2718 = CARTESIAN_POINT ( 'NONE',  ( -5.146288924102002200, -0.4419373390719752400, 2.199999999999979700 ) ) ;
#2719 = DIRECTION ( 'NONE',  ( 0.0000000000000000000, 0.0000000000000000000, 1.000000000000000000 ) ) ;
#2720 = ORIENTED_EDGE ( 'NONE', *, *, #2735, .F. ) ;
#2721 = LOCAL_TIME ( 10, 45, 22.00000000000000000, #3640 ) ;
#2722 = CARTESIAN_POINT ( 'NONE',  ( -4.321693843278199100, -0.4905930624633098000, 2.000000000000012000 ) ) ;
#2723 = VERTEX_POINT ( 'NONE', #1043 ) ;
#2724 = VERTEX_POINT ( 'NONE', #2080 ) ;
#2725 = COORDINATED_UNIVERSAL_TIME_OFFSET ( 9, 0, .AHEAD. ) ;
#2726 = AXIS2_PLACEMENT_3D ( 'NONE', #2001, #4444, #2351 ) ;
#2727 = DIRECTION ( 'NONE',  ( 0.0000000000000000000, -1.000000000000000000, 0.0000000000000000000 ) ) ;
#2728 = VERTEX_POINT ( 'NONE', #7 ) ;
#2729 = CARTESIAN_POINT ( 'NONE',  ( 6.749999999999999100, -10.00000000000000200, 0.0000000000000000000 ) ) ;
#2730 = DIRECTION ( 'NONE',  ( 1.636694662590740700E-016, -1.387169655721517500E-015, -1.000000000000000000 ) ) ;
#2731 = ORIENTED_EDGE ( 'NONE', *, *, #4374, .F. ) ;
#2732 = AXIS2_PLACEMENT_3D ( 'NONE', #3253, #1176, #3605 ) ;
#2733 = LINE ( 'NONE', #3026, #2015 ) ;
#2734 = DIRECTION ( 'NONE',  ( 0.0000000000000000000, 0.0000000000000000000, 1.000000000000000000 ) ) ;
#2735 = EDGE_CURVE ( 'NONE', #1557, #1070, #1492, .T. ) ;
#2736 = DIRECTION ( 'NONE',  ( 1.000000000000000000, 0.0000000000000000000, 2.065146995210482000E-016 ) ) ;
#2737 = FACE_OUTER_BOUND ( 'NONE', #3466, .T. ) ;
#2738 = ADVANCED_FACE ( 'NONE', ( #2192 ), #4511, .F. ) ;
#2739 = APPROVAL ( #3995, 'UNSPECIFIED' ) ;
#2740 = LINE ( 'NONE', #2621, #2024 ) ;
#2741 = DIRECTION ( 'NONE',  ( 1.000000000000000000, 0.0000000000000000000, 1.110223024625154800E-016 ) ) ;
#2742 = EDGE_CURVE ( 'NONE', #2430, #1726, #1268, .T. ) ;
#2743 = VECTOR ( 'NONE', #3763, 1000.000000000000000 ) ;
#2744 = DIRECTION ( 'NONE',  ( -1.110223024625154800E-016, -0.0000000000000000000, 1.000000000000000000 ) ) ;
#2745 = CONICAL_SURFACE ( 'NONE', #1426, 1.199999999999999700, 0.7853981633974482800 ) ;
#2746 = LINE ( 'NONE', #3291, #1711 ) ;
#2747 = DIRECTION ( 'NONE',  ( 1.110223024625154800E-016, 0.0000000000000000000, -1.000000000000000000 ) ) ;
#2748 = VERTEX_POINT ( 'NONE', #23 ) ;
#2749 = AXIS2_PLACEMENT_3D ( 'NONE', #874, #3287, #1208 ) ;
#2750 = FACE_OUTER_BOUND ( 'NONE', #3252, .T. ) ;
#2751 = EDGE_LOOP ( 'NONE', ( #2372, #1606, #2085, #3199, #587, #1147, #3791, #4110, #1961, #2768 ) ) ;
#2752 = CARTESIAN_POINT ( 'NONE',  ( -4.543262256825150800, -3.337656376520739400, 2.200000000000007300 ) ) ;
#2753 = VERTEX_POINT ( 'NONE', #2101 ) ;
#2754 = LINE ( 'NONE', #745, #4499 ) ;
#2755 = AXIS2_PLACEMENT_3D ( 'NONE', #1206, #3636, #1553 ) ;
#2756 = CARTESIAN_POINT ( 'NONE',  ( -10.09999999999999800, 4.999999999999997300, 1.500000000000000900 ) ) ;
#2757 = VERTEX_POINT ( 'NONE', #3155 ) ;
#2758 = DIRECTION ( 'NONE',  ( 0.0000000000000000000, -1.000000000000000000, 0.0000000000000000000 ) ) ;
#2759 = ADVANCED_FACE ( 'NONE', ( #348 ), #241, .F. ) ;
#2760 = ORIENTED_EDGE ( 'NONE', *, *, #1777, .F. ) ;
#2761 = LINE ( 'NONE', #4291, #1935 ) ;
#2762 = B_SPLINE_CURVE_WITH_KNOTS ( 'NONE', 3,
 ( #3505, #3157, #3854, #1768 ),
 .UNSPECIFIED., .F., .F.,
 ( 4, 4 ),
 ( 1.000000000000000000, 2.000000000000000000 ),
 .UNSPECIFIED. ) ;
#2763 = ORIENTED_EDGE ( 'NONE', *, *, #2138, .F. ) ;
#2764 = EDGE_CURVE ( 'NONE', #1894, #1184, #2077, .T. ) ;
#2765 = AXIS2_PLACEMENT_3D ( 'NONE', #3454, #2069, #1367 ) ;
#2766 = ORIENTED_EDGE ( 'NONE', *, *, #1065, .T. ) ;
#2767 = ORIENTED_EDGE ( 'NONE', *, *, #1906, .F. ) ;
#2768 = ORIENTED_EDGE ( 'NONE', *, *, #1603, .F. ) ;
#2769 = CARTESIAN_POINT ( 'NONE',  ( 0.7165477909999856700, 4.999999999999997300, 0.7932382329999994000 ) ) ;
#2770 = APPROVAL_ROLE ( '' ) ;
#2771 = COORDINATED_UNIVERSAL_TIME_OFFSET ( 9, 0, .AHEAD. ) ;
#2772 = DIRECTION ( 'NONE',  ( 0.0000000000000000000, -1.000000000000000000, 0.0000000000000000000 ) ) ;
#2773 = EDGE_LOOP ( 'NONE', ( #651, #92, #3327, #1460, #38 ) ) ;
#2774 = EDGE_CURVE ( 'NONE', #1934, #3686, #1368, .T. ) ;
#2775 = DIRECTION ( 'NONE',  ( 1.110223024625154800E-016, 0.0000000000000000000, -1.000000000000000000 ) ) ;
#2776 = PERSON_AND_ORGANIZATION ( #2908, #3807 ) ;
#2777 = CARTESIAN_POINT ( 'NONE',  ( 10.50000000038468800, -9.999999999999998200, 0.0000000000000000000 ) ) ;
#2778 = ORIENTED_EDGE ( 'NONE', *, *, #443, .F. ) ;
#2779 = DIRECTION ( 'NONE',  ( 1.110223024625154800E-016, 0.0000000000000000000, -1.000000000000000000 ) ) ;
#2780 = CALENDAR_DATE ( 2019, 25, 3 ) ;
#2781 = ADVANCED_FACE ( 'NONE', ( #4042 ), #746, .F. ) ;
#2782 = ORIENTED_EDGE ( 'NONE', *, *, #4223, .T. ) ;
#2783 = EDGE_CURVE ( 'NONE', #2231, #3319, #3823, .T. ) ;
#2784 = VECTOR ( 'NONE', #720, 1000.000000000000000 ) ;
#2785 = AXIS2_PLACEMENT_3D ( 'NONE', #1542, #3979, #1889 ) ;
#2786 = MECHANICAL_CONTEXT ( 'NONE', #1861, 'mechanical' ) ;
#2787 = CYLINDRICAL_SURFACE ( 'NONE', #2021, 2.099999999999999600 ) ;
#2788 = LINE ( 'NONE', #215, #3602 ) ;
#2789 = CARTESIAN_POINT ( 'NONE',  ( -4.812799258463506600, -3.337656376520739400, 1.999999999999998200 ) ) ;
#2790 = DIRECTION ( 'NONE',  ( 1.000000000000000000, 1.252860398949111400E-015, 1.110223024625154800E-016 ) ) ;
#2791 = EDGE_CURVE ( 'NONE', #2708, #919, #2910, .T. ) ;
#2792 = VECTOR ( 'NONE', #567, 1000.000000000000100 ) ;
#2793 = DIRECTION ( 'NONE',  ( 0.0000000000000000000, -1.734723475976807100E-015, 1.000000000000000000 ) ) ;
#2794 = DIRECTION ( 'NONE',  ( -0.0000000000000000000, -0.0000000000000000000, -1.000000000000000000 ) ) ;
#2795 = DIRECTION ( 'NONE',  ( -1.110223024625154800E-016, 0.0000000000000000000, 1.000000000000000000 ) ) ;
#2796 = FACE_OUTER_BOUND ( 'NONE', #207, .T. ) ;
#2797 = APPROVAL ( #3844, 'UNKNOWN' ) ;
#2798 = PERSON_AND_ORGANIZATION_ROLE ( 'classification_officer' ) ;
#2799 = FACE_OUTER_BOUND ( 'NONE', #4497, .T. ) ;
#2800 = EDGE_CURVE ( 'NONE', #3492, #107, #1165, .T. ) ;
#2801 = DIRECTION ( 'NONE',  ( 0.0000000000000000000, 0.0000000000000000000, 1.000000000000000000 ) ) ;
#2802 = VECTOR ( 'NONE', #1143, 999.9999999999998900 ) ;
#2803 = CARTESIAN_POINT ( 'NONE',  ( -4.321693843278199100, -2.848677808692835700, 2.000000000000012000 ) ) ;
#2804 = ADVANCED_FACE ( 'NONE', ( #2796 ), #948, .F. ) ;
#2805 = LINE ( 'NONE', #4170, #1871 ) ;
#2806 = DIRECTION ( 'NONE',  ( -0.0000000000000000000, -1.000000000000000000, -0.0000000000000000000 ) ) ;
#2807 = CARTESIAN_POINT ( 'NONE',  ( -4.300000000232840200, 0.7113374602898057100, 2.199999999999993500 ) ) ;
#2808 = ORIENTED_EDGE ( 'NONE', *, *, #3884, .T. ) ;
#2809 = DIRECTION ( 'NONE',  ( -0.0000000000000000000, 0.0000000000000000000, -1.000000000000000000 ) ) ;
#2810 = LINE ( 'NONE', #1551, #1874 ) ;
#2811 = DIRECTION ( 'NONE',  ( 0.0000000000000000000, -1.000000000000000000, 0.0000000000000000000 ) ) ;
#2812 = AXIS2_PLACEMENT_3D ( 'NONE', #2189, #110, #2536 ) ;
#2813 = ORIENTED_EDGE ( 'NONE', *, *, #71, .F. ) ;
#2814 = ORIENTED_EDGE ( 'NONE', *, *, #1910, .F. ) ;
#2815 = FACE_OUTER_BOUND ( 'NONE', #3265, .T. ) ;
#2816 = CARTESIAN_POINT ( 'NONE',  ( -4.556383268983860400, 1.087200469433224900, 2.199999999999993500 ) ) ;
#2817 = APPROVAL_STATUS ( 'not_yet_approved' ) ;
#2818 = VERTEX_POINT ( 'NONE', #3536 ) ;
#2819 = AXIS2_PLACEMENT_3D ( 'NONE', #4493, #2758, #684 ) ;
#2820 = ORIENTED_EDGE ( 'NONE', *, *, #1310, .F. ) ;
#2821 = EDGE_CURVE ( 'NONE', #2430, #1070, #3716, .T. ) ;
#2822 = DIRECTION ( 'NONE',  ( 1.000000000000000000, 0.0000000000000000000, 0.0000000000000000000 ) ) ;
#2823 = ORIENTED_EDGE ( 'NONE', *, *, #848, .T. ) ;
#2824 = DIRECTION ( 'NONE',  ( 0.0000000000000000000, 0.0000000000000000000, -1.000000000000000000 ) ) ;
#2825 = ORIENTED_EDGE ( 'NONE', *, *, #3089, .F. ) ;
#2826 = CARTESIAN_POINT ( 'NONE',  ( 3.000000000000002700, 4.999999999999997300, 0.7500000000000006700 ) ) ;
#2827 = DIRECTION ( 'NONE',  ( 0.0000000000000000000, 1.000000000000000000, 0.0000000000000000000 ) ) ;
#2828 = AXIS2_PLACEMENT_3D ( 'NONE', #1511, #3941, #1858 ) ;
#2829 = CC_DESIGN_PERSON_AND_ORGANIZATION_ASSIGNMENT ( #610, #509, ( #2591 ) ) ;
#2830 = ORIENTED_EDGE ( 'NONE', *, *, #3876, .T. ) ;
#2831 = ADVANCED_FACE ( 'NONE', ( #3611 ), #4429, .F. ) ;
#2832 = CALENDAR_DATE ( 2019, 25, 3 ) ;
#2833 = EDGE_CURVE ( 'NONE', #983, #196, #3935, .T. ) ;
#2834 = CARTESIAN_POINT ( 'NONE',  ( 0.0000000000000000000, 5.199999999999996600, 3.499999999999999600 ) ) ;
#2835 = ORIENTED_EDGE ( 'NONE', *, *, #547, .F. ) ;
#2836 = VERTEX_POINT ( 'NONE', #1468 ) ;
#2837 = LOCAL_TIME ( 10, 45, 22.00000000000000000, #3751 ) ;
#2838 = CARTESIAN_POINT ( 'NONE',  ( 12.49999999999999600, -8.000000000000000000, 2.000000000000001800 ) ) ;
#2839 = CARTESIAN_POINT ( 'NONE',  ( 8.000000000000000000, -4.999999999999997300, 2.000000000000001800 ) ) ;
#2840 = ORIENTED_EDGE ( 'NONE', *, *, #1310, .T. ) ;
#2841 = DIRECTION ( 'NONE',  ( 1.000000000000000000, -3.469446951953608800E-016, 1.734723475976804400E-016 ) ) ;
#2842 = CARTESIAN_POINT ( 'NONE',  ( -5.507214920650829600, 0.06348339486497711600, 2.199999999999993500 ) ) ;
#2843 = CARTESIAN_POINT ( 'NONE',  ( -5.499999999999976900, 2.066973605524963500, 1.999999999999960000 ) ) ;
#2844 = DIRECTION ( 'NONE',  ( 0.0000000000000000000, 1.000000000000000000, 0.0000000000000000000 ) ) ;
#2845 = VERTEX_POINT ( 'NONE', #2496 ) ;
#2846 = CIRCLE ( 'NONE', #3802, 2.100000000000002800 ) ;
#2847 = EDGE_CURVE ( 'NONE', #3533, #878, #1055, .T. ) ;
#2848 = AXIS2_PLACEMENT_3D ( 'NONE', #3467, #1383, #3818 ) ;
#2849 = LINE ( 'NONE', #695, #3765 ) ;
#2850 = CARTESIAN_POINT ( 'NONE',  ( -12.49999999999998400, 0.0000000000000000000, 2.000000000000015500 ) ) ;
#2851 = FACE_OUTER_BOUND ( 'NONE', #4443, .T. ) ;
#2852 = CARTESIAN_POINT ( 'NONE',  ( -5.146828816123501400, 2.066973605524963500, 2.000000000000001800 ) ) ;
#2853 = DIRECTION ( 'NONE',  ( 0.0000000000000000000, -1.000000000000000000, 0.0000000000000000000 ) ) ;
#2854 = EDGE_CURVE ( 'NONE', #770, #2818, #1866, .T. ) ;
#2855 = VECTOR ( 'NONE', #1651, 1000.000000000000000 ) ;
#2856 = DIRECTION ( 'NONE',  ( 0.0000000000000000000, -0.0000000000000000000, 1.000000000000000000 ) ) ;
#2857 = DIRECTION ( 'NONE',  ( -1.000000000000000000, -1.546198105515946900E-015, -1.110223024625154800E-016 ) ) ;
#2858 = LINE ( 'NONE', #1077, #76 ) ;
#2859 = FACE_OUTER_BOUND ( 'NONE', #916, .T. ) ;
#2860 = ORIENTED_EDGE ( 'NONE', *, *, #3475, .F. ) ;
#2861 = EDGE_CURVE ( 'NONE', #841, #1121, #851, .T. ) ;
#2862 = CARTESIAN_POINT ( 'NONE',  ( 1.012729069927047300, 0.0000000000000000000, 0.8409524867732596200 ) ) ;
#2863 = LINE ( 'NONE', #294, #193 ) ;
#2864 = ORIENTED_EDGE ( 'NONE', *, *, #2233, .T. ) ;
#2865 = EDGE_LOOP ( 'NONE', ( #3584, #2156, #4296, #4516 ) ) ;
#2866 = CARTESIAN_POINT ( 'NONE',  ( -5.502944865571804700, 0.1462013967030995100, 2.199999999999993500 ) ) ;
#2867 = LINE ( 'NONE', #2839, #4388 ) ;
#2868 = DIRECTION ( 'NONE',  ( -1.000000000000000000, 0.0000000000000000000, -1.110223024625154800E-016 ) ) ;
#2869 = DIRECTION ( 'NONE',  ( 0.9015753441303682200, -0.4326221201651716500, 0.0000000000000000000 ) ) ;
#2870 = DIRECTION ( 'NONE',  ( -1.000000000000000000, 0.0000000000000000000, -2.168404344971004900E-016 ) ) ;
#2871 = ORIENTED_EDGE ( 'NONE', *, *, #3876, .F. ) ;
#2872 = ORIENTED_EDGE ( 'NONE', *, *, #449, .T. ) ;
#2873 = CARTESIAN_POINT ( 'NONE',  ( 0.0000000000000000000, 0.0000000000000000000, 0.0000000000000000000 ) ) ;
#2874 = EDGE_CURVE ( 'NONE', #3840, #3321, #2576, .T. ) ;
#2875 = CYLINDRICAL_SURFACE ( 'NONE', #3285, 1.000000000000000000 ) ;
#2876 = AXIS2_PLACEMENT_3D ( 'NONE', #272, #628, #3056 ) ;
#2877 = ORIENTED_EDGE ( 'NONE', *, *, #3261, .T. ) ;
#2878 = ORIENTED_EDGE ( 'NONE', *, *, #2706, .F. ) ;
#2879 = ORIENTED_EDGE ( 'NONE', *, *, #3804, .F. ) ;
#2880 = EDGE_CURVE ( 'NONE', #3133, #2181, #4313, .T. ) ;
#2881 = EDGE_LOOP ( 'NONE', ( #1560, #3867, #1998, #1502 ) ) ;
#2882 = DIRECTION ( 'NONE',  ( 1.000000000000000000, 0.0000000000000000000, 1.032573497605241000E-016 ) ) ;
#2883 = APPROVAL_PERSON_ORGANIZATION ( #3797, #4191, #739 ) ;
#2884 = CARTESIAN_POINT ( 'NONE',  ( -6.938893903907228400E-015, -1.387778780781445700E-014, 20.00000000000001800 ) ) ;
#2885 = DIRECTION ( 'NONE',  ( -0.0000000000000000000, 1.000000000000000000, -8.673617379884039400E-016 ) ) ;
#2886 = DIRECTION ( 'NONE',  ( 1.000000000000000000, 0.0000000000000000000, 0.0000000000000000000 ) ) ;
#2887 = DIRECTION ( 'NONE',  ( -1.110223024625154800E-016, 0.0000000000000000000, 1.000000000000000000 ) ) ;
#2888 = ORIENTED_EDGE ( 'NONE', *, *, #3892, .F. ) ;
#2889 = CARTESIAN_POINT ( 'NONE',  ( -3.499999999999933800, -5.200000000000000200, 1.499999999999990900 ) ) ;
#2890 = DIRECTION ( 'NONE',  ( 1.000000000000000000, 0.0000000000000000000, 0.0000000000000000000 ) ) ;
#2891 = COORDINATED_UNIVERSAL_TIME_OFFSET ( 9, 0, .AHEAD. ) ;
#2892 = PRODUCT_RELATED_PRODUCT_CATEGORY ( 'detail', '', ( #3717 ) ) ;
#2893 = EDGE_CURVE ( 'NONE', #3044, #2103, #2458, .T. ) ;
#2894 = VERTEX_POINT ( 'NONE', #1827 ) ;
#2895 = PERSON_AND_ORGANIZATION ( #2908, #3807 ) ;
#2896 = SHAPE_REPRESENTATION ( 'SC170-04884_HG-MF08å^_ñ{ëÃB', ( #1047 ), #1273 ) ;
#2897 = ORIENTED_EDGE ( 'NONE', *, *, #366, .F. ) ;
#2898 = VECTOR ( 'NONE', #9, 1000.000000000000000 ) ;
#2899 = DIRECTION ( 'NONE',  ( -0.9051050021955378000, 0.4251881171912210200, 5.551115123125772200E-017 ) ) ;
#2900 = DIRECTION ( 'NONE',  ( 1.000000000000000000, 0.0000000000000000000, 0.0000000000000000000 ) ) ;
#2901 = FACE_OUTER_BOUND ( 'NONE', #4232, .T. ) ;
#2902 = VECTOR ( 'NONE', #3300, 1000.000000000000000 ) ;
#2903 = CARTESIAN_POINT ( 'NONE',  ( 3.000000000000002700, 10.00000000000000200, 1.000000000000000900 ) ) ;
#2904 = AXIS2_PLACEMENT_3D ( 'NONE', #2992, #910, #3338 ) ;
#2905 = DIRECTION ( 'NONE',  ( 1.000000000000000000, 0.0000000000000000000, 0.0000000000000000000 ) ) ;
#2906 = ADVANCED_BREP_SHAPE_REPRESENTATION ( '', ( #1863, #1047 ), #1509 ) ;
#2907 = CIRCLE ( 'NONE', #3137, 2.000000000000003600 ) ;
#2908 = PERSON ( 'UNSPECIFIED', 'UNSPECIFIED', 'UNSPECIFIED', ('UNSPECIFIED'), ('UNSPECIFIED'), ('UNSPECIFIED') ) ;
#2909 = AXIS2_PLACEMENT_3D ( 'NONE', #3737, #4446, #2696 ) ;
#2910 = LINE ( 'NONE', #4199, #1972 ) ;
#2911 = CARTESIAN_POINT ( 'NONE',  ( -5.499999999999976900, 3.334999999999997700, 1.999999999999960000 ) ) ;
#2912 = CARTESIAN_POINT ( 'NONE',  ( -4.321693843278199100, 0.06348339486497711600, 2.200000000000007300 ) ) ;
#2913 = LINE ( 'NONE', #3741, #854 ) ;
#2914 = DIRECTION ( 'NONE',  ( 0.0000000000000000000, -1.000000000000000000, 0.0000000000000000000 ) ) ;
#2915 = AXIS2_PLACEMENT_3D ( 'NONE', #1852, #122, #2549 ) ;
#2916 =( GEOMETRIC_REPRESENTATION_CONTEXT ( 3 ) GLOBAL_UNCERTAINTY_ASSIGNED_CONTEXT ( ( #2082 ) ) GLOBAL_UNIT_ASSIGNED_CONTEXT ( ( #117, #2542, #476 ) ) REPRESENTATION_CONTEXT ( 'NONE', 'WORKASPACE' ) );
#2917 = DIRECTION ( 'NONE',  ( -1.110223024625154800E-016, 0.0000000000000000000, 1.000000000000000000 ) ) ;
#2918 = LINE ( 'NONE', #94, #3830 ) ;
#2919 = CARTESIAN_POINT ( 'NONE',  ( -4.300000000232853600, 3.334999999999997700, 2.000000000000001800 ) ) ;
#2920 = DIRECTION ( 'NONE',  ( 3.658145580636347500E-016, -1.000000000000000000, -1.368455531567204200E-046 ) ) ;
#2921 = CIRCLE ( 'NONE', #3339, 2.099999999999999600 ) ;
#2922 = PERSON_AND_ORGANIZATION_ROLE ( 'design_owner' ) ;
#2923 = VERTEX_POINT ( 'NONE', #3224 ) ;
#2924 = FACE_OUTER_BOUND ( 'NONE', #256, .T. ) ;
#2925 = CARTESIAN_POINT ( 'NONE',  ( 10.49999999999999500, 10.00000000000000200, 0.0000000000000000000 ) ) ;
#2926 = ORIENTED_EDGE ( 'NONE', *, *, #1153, .F. ) ;
#2927 = ORIENTED_EDGE ( 'NONE', *, *, #57, .F. ) ;
#2928 = CARTESIAN_POINT ( 'NONE',  ( -5.146288924102002200, -0.4419373390719752400, 2.199999999999979700 ) ) ;
#2929 = CIRCLE ( 'NONE', #335, 0.9450000000000000600 ) ;
#2930 = PLANE ( 'NONE',  #633 ) ;
#2931 = ORIENTED_EDGE ( 'NONE', *, *, #1755, .F. ) ;
#2932 = VERTEX_POINT ( 'NONE', #3579 ) ;
#2933 = DIRECTION ( 'NONE',  ( 1.636694662590730900E-016, -1.820850524715718900E-015, -1.000000000000000000 ) ) ;
#2934 = CARTESIAN_POINT ( 'NONE',  ( -5.507214920650829600, -0.3850359920796880800, 2.000000000000001800 ) ) ;
#2935 = CARTESIAN_POINT ( 'NONE',  ( -4.321693843278199100, -1.083378141696067500, 2.000000000000012000 ) ) ;
#2936 = DATE_TIME_ROLE ( 'classification_date' ) ;
#2937 = VERTEX_POINT ( 'NONE', #3925 ) ;
#2938 = EDGE_CURVE ( 'NONE', #2006, #2757, #4204, .T. ) ;
#2939 = ORIENTED_EDGE ( 'NONE', *, *, #624, .T. ) ;
#2940 = DIRECTION ( 'NONE',  ( -0.0000000000000000000, 1.000000000000000000, -0.0000000000000000000 ) ) ;
#2941 = ORIENTED_EDGE ( 'NONE', *, *, #1244, .T. ) ;
#2942 = DIRECTION ( 'NONE',  ( -0.3995986059790533300, -0.9166902170851379800, 1.232595164407831200E-031 ) ) ;
#2943 = PERSON_AND_ORGANIZATION ( #2908, #3807 ) ;
#2944 = EDGE_CURVE ( 'NONE', #818, #1894, #1652, .T. ) ;
#2945 = DIRECTION ( 'NONE',  ( 1.000000000000000000, 0.0000000000000000000, 9.035018104045853400E-017 ) ) ;
#2946 = ORIENTED_EDGE ( 'NONE', *, *, #1614, .F. ) ;
#2947 = CARTESIAN_POINT ( 'NONE',  ( 3.000000000000002700, 5.000000000000004400, 0.0000000000000000000 ) ) ;
#2948 = ORIENTED_EDGE ( 'NONE', *, *, #465, .T. ) ;
#2949 = CALENDAR_DATE ( 2019, 25, 3 ) ;
#2950 = CARTESIAN_POINT ( 'NONE',  ( -4.951044336693750700, -0.7855867909330946900, 2.200000000000007300 ) ) ;
#2951 = DIRECTION ( 'NONE',  ( 1.110223024625154800E-016, 0.0000000000000000000, -1.000000000000000000 ) ) ;
#2952 = APPROVAL_ROLE ( '' ) ;
#2953 = VERTEX_POINT ( 'NONE', #1163 ) ;
#2954 = EDGE_CURVE ( 'NONE', #660, #1586, #519, .T. ) ;
#2955 = ORIENTED_EDGE ( 'NONE', *, *, #2081, .T. ) ;
#2956 = CARTESIAN_POINT ( 'NONE',  ( 8.000000000000000000, -5.000000000000000900, 0.0000000000000000000 ) ) ;
#2957 = FACE_OUTER_BOUND ( 'NONE', #1248, .T. ) ;
#2958 = FACE_BOUND ( 'NONE', #1610, .T. ) ;
#2959 = CARTESIAN_POINT ( 'NONE',  ( 1.144237745221985300E-017, -5.200000000000000200, 4.500000000000000900 ) ) ;
#2960 = DIRECTION ( 'NONE',  ( 1.000000000000000000, -6.938893903907217500E-016, 1.734723475976804400E-016 ) ) ;
#2961 = CARTESIAN_POINT ( 'NONE',  ( -4.300000000232840200, 1.463341604769526000, 2.199999999999993500 ) ) ;
#2962 = CARTESIAN_POINT ( 'NONE',  ( -2.484519974987609000, -7.600000000000002300, 3.777777777886417900 ) ) ;
#2963 = CIRCLE ( 'NONE', #2755, 2.099999999999999600 ) ;
#2964 = DIRECTION ( 'NONE',  ( 0.0000000000000000000, 0.0000000000000000000, 1.000000000000000000 ) ) ;
#2965 = VECTOR ( 'NONE', #4181, 1000.000000000000000 ) ;
#2966 = DIRECTION ( 'NONE',  ( 1.000000000000000000, 0.0000000000000000000, 0.0000000000000000000 ) ) ;
#2967 = VECTOR ( 'NONE', #3820, 1000.000000000000000 ) ;
#2968 = EDGE_CURVE ( 'NONE', #2181, #2993, #1433, .T. ) ;
#2969 = CYLINDRICAL_SURFACE ( 'NONE', #1617, 0.5000000000000008900 ) ;
#2970 = ADVANCED_FACE ( 'NONE', ( #1318 ), #3239, .F. ) ;
#2971 = ORIENTED_EDGE ( 'NONE', *, *, #3089, .T. ) ;
#2972 = LINE ( 'NONE', #978, #3778 ) ;
#2973 = CC_DESIGN_APPROVAL ( #2739, ( #2027 ) ) ;
#2974 = CARTESIAN_POINT ( 'NONE',  ( -2.999999999999947200, 5.200000000000002800, 0.0000000000000000000 ) ) ;
#2975 = ORIENTED_EDGE ( 'NONE', *, *, #2847, .F. ) ;
#2976 = DIRECTION ( 'NONE',  ( 1.000000000000000000, 0.0000000000000000000, -3.740497495074990900E-014 ) ) ;
#2977 = VERTEX_POINT ( 'NONE', #3254 ) ;
#2978 = EDGE_CURVE ( 'NONE', #975, #4360, #3175, .T. ) ;
#2979 = CARTESIAN_POINT ( 'NONE',  ( -6.938893903907228400E-015, -1.387778780781445700E-014, 20.00000000000001800 ) ) ;
#2980 = LINE ( 'NONE', #1401, #1932 ) ;
#2981 = ORIENTED_EDGE ( 'NONE', *, *, #615, .T. ) ;
#2982 = ORIENTED_EDGE ( 'NONE', *, *, #2552, .T. ) ;
#2983 = FACE_OUTER_BOUND ( 'NONE', #2865, .T. ) ;
#2984 = DIRECTION ( 'NONE',  ( -2.425475370204542300E-015, 1.000000000000000000, 1.972152263052529500E-031 ) ) ;
#2985 = ORIENTED_EDGE ( 'NONE', *, *, #3195, .T. ) ;
#2986 = VERTEX_POINT ( 'NONE', #1524 ) ;
#2987 = DIRECTION ( 'NONE',  ( 4.336808689942026100E-016, 1.000000000000000000, -2.465190328815661900E-032 ) ) ;
#2988 = AXIS2_PLACEMENT_3D ( 'NONE', #83, #2513, #445 ) ;
#2989 = CARTESIAN_POINT ( 'NONE',  ( -4.652451328080661400, -2.781714837663672200, 1.999999999999959800 ) ) ;
#2990 = CARTESIAN_POINT ( 'NONE',  ( -6.799999999999990900, -5.000000000000000900, 0.5999999999999999800 ) ) ;
#2991 = ORIENTED_EDGE ( 'NONE', *, *, #4365, .F. ) ;
#2992 = CARTESIAN_POINT ( 'NONE',  ( -0.8095999999999936600, -0.8096000000000075400, 19.99999999999998900 ) ) ;
#2993 = VERTEX_POINT ( 'NONE', #4290 ) ;
#2994 = DIRECTION ( 'NONE',  ( -0.0000000000000000000, 1.000000000000000000, -0.0000000000000000000 ) ) ;
#2995 = CALENDAR_DATE ( 2019, 25, 3 ) ;
#2996 = CARTESIAN_POINT ( 'NONE',  ( -2.484519975050614200, 9.999999999999994700, 3.777777777326657600 ) ) ;
#2997 = ADVANCED_FACE ( 'NONE', ( #406, #2244 ), #3958, .T. ) ;
#2998 = AXIS2_PLACEMENT_3D ( 'NONE', #1191, #2236, #158 ) ;
#2999 = EDGE_LOOP ( 'NONE', ( #1485, #828, #495, #1132, #2835, #359, #4065, #636 ) ) ;
#3000 = LOCAL_TIME ( 10, 45, 22.00000000000000000, #3920 ) ;
#3001 = CARTESIAN_POINT ( 'NONE',  ( -5.507214920650829600, -0.6157334888991922200, 2.000000000000001800 ) ) ;
#3002 = ORIENTED_EDGE ( 'NONE', *, *, #1836, .T. ) ;
#3003 = EDGE_CURVE ( 'NONE', #3150, #3110, #2136, .T. ) ;
#3004 = AXIS2_PLACEMENT_3D ( 'NONE', #1045, #1740, #4172 ) ;
#3005 = DIRECTION ( 'NONE',  ( 0.0000000000000000000, 1.000000000000000000, 0.0000000000000000000 ) ) ;
#3006 = CARTESIAN_POINT ( 'NONE',  ( -4.951044336693750700, -0.7855867909330946900, 2.200000000000007300 ) ) ;
#3007 = ORIENTED_EDGE ( 'NONE', *, *, #3728, .F. ) ;
#3008 = FACE_OUTER_BOUND ( 'NONE', #1358, .T. ) ;
#3009 = DIRECTION ( 'NONE',  ( 1.110223024625154800E-016, 0.0000000000000000000, -1.000000000000000000 ) ) ;
#3010 = DIRECTION ( 'NONE',  ( 0.0000000000000000000, -1.000000000000000000, 0.0000000000000000000 ) ) ;
#3011 = LINE ( 'NONE', #2535, #943 ) ;
#3012 = CONICAL_SURFACE ( 'NONE', #3655, 1.200000000000002200, 0.7853981633974477200 ) ;
#3013 = EDGE_CURVE ( 'NONE', #1456, #820, #3280, .T. ) ;
#3014 = VECTOR ( 'NONE', #4103, 1000.000000000000200 ) ;
#3015 = ADVANCED_FACE ( 'NONE', ( #293 ), #504, .T. ) ;
#3016 = VECTOR ( 'NONE', #1421, 1000.000000000000000 ) ;
#3017 = DIRECTION ( 'NONE',  ( 1.110223024625154800E-016, 0.0000000000000000000, -1.000000000000000000 ) ) ;
#3018 = DIRECTION ( 'NONE',  ( 0.0000000000000000000, -1.000000000000000000, 0.0000000000000000000 ) ) ;
#3019 = EDGE_CURVE ( 'NONE', #4475, #4326, #2963, .T. ) ;
#3020 = DIRECTION ( 'NONE',  ( -1.000000000000000000, -0.0000000000000000000, -0.0000000000000000000 ) ) ;
#3021 = AXIS2_PLACEMENT_3D ( 'NONE', #2223, #2577, #508 ) ;
#3022 = FACE_OUTER_BOUND ( 'NONE', #923, .T. ) ;
#3023 = ORIENTED_EDGE ( 'NONE', *, *, #1213, .T. ) ;
#3024 = CIRCLE ( 'NONE', #1508, 2.100000000000002800 ) ;
#3025 = CONICAL_SURFACE ( 'NONE', #1703, 0.7999999999999959400, 0.7853981633974511700 ) ;
#3026 = CARTESIAN_POINT ( 'NONE',  ( 3.000000000000002700, 7.500000000000000000, 1.500000000000001300 ) ) ;
#3027 = EDGE_CURVE ( 'NONE', #529, #770, #3878, .T. ) ;
#3028 = ORIENTED_EDGE ( 'NONE', *, *, #440, .F. ) ;
#3029 = LINE ( 'NONE', #1570, #1069 ) ;
#3030 = ORIENTED_EDGE ( 'NONE', *, *, #3755, .T. ) ;
#3031 = ORIENTED_EDGE ( 'NONE', *, *, #1986, .F. ) ;
#3032 = CC_DESIGN_APPROVAL ( #2797, ( #4306 ) ) ;
#3033 = LINE ( 'NONE', #4276, #2100 ) ;
#3034 = CARTESIAN_POINT ( 'NONE',  ( -1.012729070243176400, -7.600000000000002300, 0.8409524874224625400 ) ) ;
#3035 = DIRECTION ( 'NONE',  ( 0.0000000000000000000, -1.000000000000000000, 8.673617379884039400E-016 ) ) ;
#3036 = EDGE_CURVE ( 'NONE', #3189, #2608, #1217, .T. ) ;
#3037 = DIRECTION ( 'NONE',  ( 0.0000000000000000000, 0.0000000000000000000, 1.000000000000000000 ) ) ;
#3038 = ADVANCED_FACE ( 'NONE', ( #182 ), #73, .T. ) ;
#3039 = ORIENTED_EDGE ( 'NONE', *, *, #1696, .F. ) ;
#3040 = ORIENTED_EDGE ( 'NONE', *, *, #1171, .T. ) ;
#3041 = ORIENTED_EDGE ( 'NONE', *, *, #2081, .F. ) ;
#3042 = EDGE_LOOP ( 'NONE', ( #152, #4113, #2840, #1893 ) ) ;
#3043 = AXIS2_PLACEMENT_3D ( 'NONE', #2884, #804, #3223 ) ;
#3044 = VERTEX_POINT ( 'NONE', #2607 ) ;
#3045 = COORDINATED_UNIVERSAL_TIME_OFFSET ( 9, 0, .AHEAD. ) ;
#3046 = CARTESIAN_POINT ( 'NONE',  ( -10.49999999999999500, 8.000000000000000000, 0.0000000000000000000 ) ) ;
#3047 = DIRECTION ( 'NONE',  ( -3.469446951953622600E-016, -1.000000000000000000, 0.0000000000000000000 ) ) ;
#3048 = CARTESIAN_POINT ( 'NONE',  ( -5.146828816123508500, 2.066973605524963500, 2.199999999999986900 ) ) ;
#3049 = ORIENTED_EDGE ( 'NONE', *, *, #4106, .F. ) ;
#3050 = CARTESIAN_POINT ( 'NONE',  ( 0.0000000000000000000, 5.499999999999998200, 3.499999999999999600 ) ) ;
#3051 = ORIENTED_EDGE ( 'NONE', *, *, #1596, .F. ) ;
#3052 = PERSON_AND_ORGANIZATION ( #2908, #3807 ) ;
#3053 = DIRECTION ( 'NONE',  ( 1.000000000000000000, 0.0000000000000000000, 1.110223024625154800E-016 ) ) ;
#3054 = CARTESIAN_POINT ( 'NONE',  ( -0.7165477909999579100, 10.00000000000000200, 0.7932382329999752000 ) ) ;
#3055 = EDGE_CURVE ( 'NONE', #2937, #2993, #1914, .T. ) ;
#3056 = DIRECTION ( 'NONE',  ( 1.565418863257174200E-015, -1.000000000000000000, -9.860761315262647600E-032 ) ) ;
#3057 = EDGE_LOOP ( 'NONE', ( #1195, #3360, #3510, #276 ) ) ;
#3058 = DIRECTION ( 'NONE',  ( 1.110223024625154800E-016, 0.0000000000000000000, -1.000000000000000000 ) ) ;
#3059 = ADVANCED_FACE ( 'NONE', ( #1003 ), #3648, .F. ) ;
#3060 = VERTEX_POINT ( 'NONE', #1571 ) ;
#3061 = AXIS2_PLACEMENT_3D ( 'NONE', #3211, #4259, #2177 ) ;
#3062 = CC_DESIGN_DATE_AND_TIME_ASSIGNMENT ( #1415, #2936, ( #2591 ) ) ;
#3063 = LINE ( 'NONE', #2257, #3167 ) ;
#3064 = DIRECTION ( 'NONE',  ( -8.673617379884052200E-016, -1.000000000000000000, 4.930380657631323800E-032 ) ) ;
#3065 = EDGE_CURVE ( 'NONE', #4360, #3044, #3658, .T. ) ;
#3066 = CARTESIAN_POINT ( 'NONE',  ( -4.300000000232840200, 2.774035829306638500, 2.199999999999993500 ) ) ;
#3067 = VECTOR ( 'NONE', #1707, 1000.000000000000000 ) ;
#3068 = DIRECTION ( 'NONE',  ( 0.4338500009909514500, -0.9009851145497085300, -8.326672684688701200E-017 ) ) ;
#3069 = CARTESIAN_POINT ( 'NONE',  ( -4.652451328080661400, -2.694481375282165000, 2.199999999999952200 ) ) ;
#3070 = CARTESIAN_POINT ( 'NONE',  ( -0.9450000000000000600, -4.700000000000037500, 3.499999999999999600 ) ) ;
#3071 = VECTOR ( 'NONE', #2204, 1000.000000000000000 ) ;
#3072 = DIRECTION ( 'NONE',  ( 0.0000000000000000000, 1.000000000000000000, 0.0000000000000000000 ) ) ;
#3073 = LINE ( 'NONE', #2803, #2855 ) ;
#3074 = FACE_BOUND ( 'NONE', #3598, .T. ) ;
#3075 = CARTESIAN_POINT ( 'NONE',  ( -4.300000000232853600, 2.774035829306638500, 2.000000000000001800 ) ) ;
#3076 = FACE_OUTER_BOUND ( 'NONE', #1739, .T. ) ;
#3077 = CARTESIAN_POINT ( 'NONE',  ( 0.0000000000000000000, -5.200000000000000200, 3.499999999999999600 ) ) ;
#3078 = EDGE_CURVE ( 'NONE', #1172, #660, #2740, .T. ) ;
#3079 = ORIENTED_EDGE ( 'NONE', *, *, #3768, .T. ) ;
#3080 = DIRECTION ( 'NONE',  ( -1.000000000000000000, -0.0000000000000000000, -0.0000000000000000000 ) ) ;
#3081 = CARTESIAN_POINT ( 'NONE',  ( -5.146288924102022700, -0.4419373390719752400, 1.999999999999994900 ) ) ;
#3082 = ADVANCED_FACE ( 'NONE', ( #2851 ), #3662, .T. ) ;
#3083 = LINE ( 'NONE', #1984, #1225 ) ;
#3084 = DIRECTION ( 'NONE',  ( 0.0000000000000000000, 0.0000000000000000000, -1.000000000000000000 ) ) ;
#3085 = ORIENTED_EDGE ( 'NONE', *, *, #786, .T. ) ;
#3086 = EDGE_LOOP ( 'NONE', ( #2808, #4078, #2982, #498 ) ) ;
#3087 = FACE_OUTER_BOUND ( 'NONE', #3922, .T. ) ;
#3088 = CARTESIAN_POINT ( 'NONE',  ( -3.000000000000002700, -5.200000000000000200, 1.499999999897444500 ) ) ;
#3089 = EDGE_CURVE ( 'NONE', #2608, #818, #3553, .T. ) ;
#3090 = VERTEX_POINT ( 'NONE', #1924 ) ;
#3091 = VERTEX_POINT ( 'NONE', #2990 ) ;
#3092 = FACE_OUTER_BOUND ( 'NONE', #4345, .T. ) ;
#3093 = DIRECTION ( 'NONE',  ( 0.0000000000000000000, 0.0000000000000000000, 1.000000000000000000 ) ) ;
#3094 = ORIENTED_EDGE ( 'NONE', *, *, #4127, .F. ) ;
#3095 = VERTEX_POINT ( 'NONE', #2633 ) ;
#3096 = CARTESIAN_POINT ( 'NONE',  ( -5.081959971723170700, -3.337656376520739400, 2.000000000000001800 ) ) ;
#3097 = EDGE_CURVE ( 'NONE', #3789, #4336, #1704, .T. ) ;
#3098 = PLANE ( 'NONE',  #2341 ) ;
#3099 = EDGE_LOOP ( 'NONE', ( #2229, #372, #2049, #3049 ) ) ;
#3100 = CARTESIAN_POINT ( 'NONE',  ( 8.000000000000000000, 4.999999999999997300, 0.5999999999999998700 ) ) ;
#3101 = EDGE_LOOP ( 'NONE', ( #1037, #2766, #4008, #1853 ) ) ;
#3102 = LOCAL_TIME ( 10, 45, 22.00000000000000000, #4022 ) ;
#3103 = CARTESIAN_POINT ( 'NONE',  ( -0.7165477909999579100, 10.00000000000000200, 1.093238232999975000 ) ) ;
#3104 = ORIENTED_EDGE ( 'NONE', *, *, #3745, .T. ) ;
#3105 = ADVANCED_FACE ( 'NONE', ( #4482, #895 ), #219, .F. ) ;
#3106 = CALENDAR_DATE ( 2019, 25, 3 ) ;
#3107 = EDGE_CURVE ( 'NONE', #58, #2231, #2516, .T. ) ;
#3108 = AXIS2_PLACEMENT_3D ( 'NONE', #380, #2809, #732 ) ;
#3109 = CARTESIAN_POINT ( 'NONE',  ( -4.323787969906970100, -3.118312972516829300, 2.199999999999979700 ) ) ;
#3110 = VERTEX_POINT ( 'NONE', #922 ) ;
#3111 = CARTESIAN_POINT ( 'NONE',  ( -10.49999999958979700, 10.00000000000000200, 1.000000000000000900 ) ) ;
#3112 = ORIENTED_EDGE ( 'NONE', *, *, #3555, .T. ) ;
#3113 = AXIS2_PLACEMENT_3D ( 'NONE', #2956, #3313, #2966 ) ;
#3114 = VECTOR ( 'NONE', #3412, 1000.000000000000000 ) ;
#3115 = PLANE ( 'NONE',  #2367 ) ;
#3116 = EDGE_CURVE ( 'NONE', #770, #2539, #4372, .T. ) ;
#3117 = CIRCLE ( 'NONE', #4453, 2.500000000000004000 ) ;
#3118 = PRODUCT_DEFINITION ( 'UNKNOWN', '', #4281, #4087 ) ;
#3119 = VECTOR ( 'NONE', #980, 1000.000000000000100 ) ;
#3120 = DIRECTION ( 'NONE',  ( -1.000000000000000000, 0.0000000000000000000, 0.0000000000000000000 ) ) ;
#3121 = DATE_TIME_ROLE ( 'creation_date' ) ;
#3122 = EDGE_CURVE ( 'NONE', #4024, #1791, #1594, .T. ) ;
#3123 = CARTESIAN_POINT ( 'NONE',  ( -5.507214920650829600, -0.6157334888991922200, 2.000000000000001800 ) ) ;
#3124 = FACE_OUTER_BOUND ( 'NONE', #3730, .T. ) ;
#3125 = CARTESIAN_POINT ( 'NONE',  ( -4.321693843278199100, -1.083378141696067500, 2.200000000000007300 ) ) ;
#3126 = ADVANCED_FACE ( 'NONE', ( #3441 ), #234, .F. ) ;
#3127 = DIRECTION ( 'NONE',  ( 0.0000000000000000000, -1.000000000000000000, 0.0000000000000000000 ) ) ;
#3128 = LINE ( 'NONE', #3352, #1374 ) ;
#3129 = VERTEX_POINT ( 'NONE', #3349 ) ;
#3130 = CARTESIAN_POINT ( 'NONE',  ( 12.49999999999999600, 7.999999999589793900, 0.0000000000000000000 ) ) ;
#3131 = LINE ( 'NONE', #2862, #2086 ) ;
#3132 = FACE_OUTER_BOUND ( 'NONE', #2497, .T. ) ;
#3133 = VERTEX_POINT ( 'NONE', #1276 ) ;
#3134 = APPLICATION_CONTEXT ( 'configuration controlled 3d designs of mechanical parts and assemblies' ) ;
#3135 = CARTESIAN_POINT ( 'NONE',  ( 0.0000000000000000000, -5.200000000000000200, 3.499999999999999600 ) ) ;
#3136 = CYLINDRICAL_SURFACE ( 'NONE', #3978, 2.500000000000004000 ) ;
#3137 = AXIS2_PLACEMENT_3D ( 'NONE', #4023, #1930, #4375 ) ;
#3138 = CARTESIAN_POINT ( 'NONE',  ( -5.304542727856007100, -2.853029665593337100, 2.200000000000007300 ) ) ;
#3139 = EDGE_LOOP ( 'NONE', ( #1583, #656, #3731, #673 ) ) ;
#3140 = VERTEX_POINT ( 'NONE', #3708 ) ;
#3141 = CARTESIAN_POINT ( 'NONE',  ( -1.012729070074269700, -10.00000000000000200, 0.8409524871651474800 ) ) ;
#3142 = FACE_OUTER_BOUND ( 'NONE', #3972, .T. ) ;
#3143 = CARTESIAN_POINT ( 'NONE',  ( 0.0000000000000000000, 5.200000000000093400, 3.499999999999999600 ) ) ;
#3144 = DIRECTION ( 'NONE',  ( 1.110223024625154800E-016, -0.0000000000000000000, -1.000000000000000000 ) ) ;
#3145 = ORIENTED_EDGE ( 'NONE', *, *, #4133, .F. ) ;
#3146 = AXIS2_PLACEMENT_3D ( 'NONE', #1533, #3969, #1878 ) ;
#3147 = VERTEX_POINT ( 'NONE', #4060 ) ;
#3148 = ADVANCED_FACE ( 'NONE', ( #570 ), #3340, .F. ) ;
#3149 = VERTEX_POINT ( 'NONE', #248 ) ;
#3150 = VERTEX_POINT ( 'NONE', #2684 ) ;
#3151 = APPROVAL_STATUS ( 'not_yet_approved' ) ;
#3152 = CARTESIAN_POINT ( 'NONE',  ( -4.974881387460765600, 1.284228336548835800, 1.999999999999967100 ) ) ;
#3153 = EDGE_LOOP ( 'NONE', ( #3369, #1025, #1175 ) ) ;
#3154 = LOCAL_TIME ( 10, 45, 22.00000000000000000, #4074 ) ;
#3155 = CARTESIAN_POINT ( 'NONE',  ( 5.899999999999998600, -5.000000000000000900, 1.500000000000001300 ) ) ;
#3156 = EDGE_LOOP ( 'NONE', ( #3981, #2108, #1612, #2129 ) ) ;
#3158 = ORIENTED_EDGE ( 'NONE', *, *, #1591, .F. ) ;
#3157 = CARTESIAN_POINT ( 'NONE',  ( -4.724240606574669600, -2.853029665593337100, 2.200000000000025000 ) ) ;
#3159 = DIRECTION ( 'NONE',  ( -0.0000000000000000000, -1.000000000000000000, -0.0000000000000000000 ) ) ;
#3160 = COORDINATED_UNIVERSAL_TIME_OFFSET ( 9, 0, .AHEAD. ) ;
#3161 = ORIENTED_EDGE ( 'NONE', *, *, #933, .T. ) ;
#3162 = EDGE_CURVE ( 'NONE', #3852, #3518, #3221, .T. ) ;
#3163 = AXIS2_PLACEMENT_3D ( 'NONE', #3423, #4105, #1336 ) ;
#3164 = DIRECTION ( 'NONE',  ( 0.9047457460817022200, -0.4259520336224069100, -2.775557561562888600E-017 ) ) ;
#3165 = DATE_TIME_ROLE ( 'classification_date' ) ;
#3166 = ORIENTED_EDGE ( 'NONE', *, *, #1429, .T. ) ;
#3167 = VECTOR ( 'NONE', #542, 1000.000000000000000 ) ;
#3168 = DIRECTION ( 'NONE',  ( -1.000000000000000000, 0.0000000000000000000, -1.110223024625154800E-016 ) ) ;
#3169 = ADVANCED_FACE ( 'NONE', ( #2400 ), #462, .F. ) ;
#3170 = CARTESIAN_POINT ( 'NONE',  ( -4.300000000232840200, 0.7113374602898057100, 2.199999999999993500 ) ) ;
#3171 = EDGE_CURVE ( 'NONE', #3260, #879, #1366, .T. ) ;
#3172 = VECTOR ( 'NONE', #4450, 1000.000000000000000 ) ;
#3173 = DIRECTION ( 'NONE',  ( 0.9050955275702011700, 0.4252082853995430300, 0.0000000000000000000 ) ) ;
#3174 = CARTESIAN_POINT ( 'NONE',  ( -4.812799258463451600, -2.853029665593337100, 2.199999999999990000 ) ) ;
#3175 = LINE ( 'NONE', #840, #3994 ) ;
#3176 = LINE ( 'NONE', #3816, #410 ) ;
#3177 = EDGE_CURVE ( 'NONE', #1396, #2708, #2294, .T. ) ;
#3178 = DIRECTION ( 'NONE',  ( 2.510122788957746900E-015, 0.7071067811865474600, -0.7071067811865475700 ) ) ;
#3179 = VECTOR ( 'NONE', #2583, 1000.000000000000000 ) ;
#3180 = DIRECTION ( 'NONE',  ( 1.110223024625154800E-016, 0.0000000000000000000, -1.000000000000000000 ) ) ;
#3181 = VECTOR ( 'NONE', #1846, 1000.000000000000000 ) ;
#3182 = DIRECTION ( 'NONE',  ( -1.000000000000000000, -0.0000000000000000000, -0.0000000000000000000 ) ) ;
#3183 = DIRECTION ( 'NONE',  ( 1.252860398949111000E-015, -1.000000000000000000, -2.465190328815661900E-032 ) ) ;
#3184 = VERTEX_POINT ( 'NONE', #4430 ) ;
#3185 = VECTOR ( 'NONE', #3017, 1000.000000000000000 ) ;
#3186 = DIRECTION ( 'NONE',  ( 3.386180225106745200E-015, 1.000000000000000000, -3.469446951953632300E-015 ) ) ;
#3187 = ORIENTED_EDGE ( 'NONE', *, *, #2544, .T. ) ;
#3188 = ADVANCED_FACE ( 'NONE', ( #1490 ), #1265, .F. ) ;
#3189 = VERTEX_POINT ( 'NONE', #281 ) ;
#3190 = VECTOR ( 'NONE', #2323, 1000.000000000000000 ) ;
#3191 = ORIENTED_EDGE ( 'NONE', *, *, #298, .F. ) ;
#3192 = ORIENTED_EDGE ( 'NONE', *, *, #3489, .T. ) ;
#3193 = CARTESIAN_POINT ( 'NONE',  ( 2.000000000000001800, 4.999999999999997300, 1.000000000000000900 ) ) ;
#3194 = CIRCLE ( 'NONE', #1884, 2.500000000000000000 ) ;
#3195 = EDGE_CURVE ( 'NONE', #2724, #529, #2187, .T. ) ;
#3196 = VERTEX_POINT ( 'NONE', #3066 ) ;
#3197 = ORIENTED_EDGE ( 'NONE', *, *, #1302, .F. ) ;
#3198 = PLANE ( 'NONE',  #461 ) ;
#3199 = ORIENTED_EDGE ( 'NONE', *, *, #327, .T. ) ;
#3200 = CC_DESIGN_SECURITY_CLASSIFICATION ( #2027, ( #887 ) ) ;
#3201 = VERTEX_POINT ( 'NONE', #3405 ) ;
#3202 = CONTEXT_DEPENDENT_SHAPE_REPRESENTATION ( #3498, #2124 ) ;
#3203 = EDGE_CURVE ( 'NONE', #2539, #1345, #4041, .T. ) ;
#3204 = VERTEX_POINT ( 'NONE', #3756 ) ;
#3205 = DIRECTION ( 'NONE',  ( -0.0000000000000000000, -1.000000000000000000, -0.0000000000000000000 ) ) ;
#3206 = PERSON_AND_ORGANIZATION ( #2908, #3807 ) ;
#3207 = DIRECTION ( 'NONE',  ( -0.0000000000000000000, 1.000000000000000000, -0.0000000000000000000 ) ) ;
#3208 = DIRECTION ( 'NONE',  ( -0.0000000000000000000, -0.0000000000000000000, -1.000000000000000000 ) ) ;
#3209 = ORIENTED_EDGE ( 'NONE', *, *, #4426, .F. ) ;
#3210 = DIRECTION ( 'NONE',  ( 2.425475370204541900E-015, -1.000000000000000000, -1.972152263052530000E-031 ) ) ;
#3211 = CARTESIAN_POINT ( 'NONE',  ( -8.000000000000000000, 4.999999999999997300, 1.500000000000001300 ) ) ;
#3212 = CARTESIAN_POINT ( 'NONE',  ( 0.0000000000000000000, -5.200000000000000200, 3.499999999999999600 ) ) ;
#3213 = AXIS2_PLACEMENT_3D ( 'NONE', #3486, #1471, #3900 ) ;
#3214 = PLANE ( 'NONE',  #1155 ) ;
#3215 = DIRECTION ( 'NONE',  ( 1.000000000000000000, 0.0000000000000000000, 0.0000000000000000000 ) ) ;
#3216 = ORIENTED_EDGE ( 'NONE', *, *, #1133, .T. ) ;
#3217 = CIRCLE ( 'NONE', #1382, 2.100000000000002800 ) ;
#3218 = VERTEX_POINT ( 'NONE', #266 ) ;
#3219 = LINE ( 'NONE', #4212, #2289 ) ;
#3220 = CARTESIAN_POINT ( 'NONE',  ( -5.146288924102002200, -0.4419373390719752400, 2.199999999999979700 ) ) ;
#3221 = CIRCLE ( 'NONE', #1500, 1.000000000000001800 ) ;
#3222 = DIRECTION ( 'NONE',  ( 1.000000000000000000, 0.0000000000000000000, 0.0000000000000000000 ) ) ;
#3223 = DIRECTION ( 'NONE',  ( 3.386180225106744400E-015, 1.000000000000000000, -4.336808689942133700E-015 ) ) ;
#3224 = CARTESIAN_POINT ( 'NONE',  ( -12.49999999999998400, 8.000000000000000000, 2.000000000000015500 ) ) ;
#3225 = EDGE_CURVE ( 'NONE', #1256, #4294, #2074, .T. ) ;
#3226 = CARTESIAN_POINT ( 'NONE',  ( -5.507214920650829600, -0.9566671202885790300, 2.000000000000001800 ) ) ;
#3227 = CONICAL_SURFACE ( 'NONE', #982, 1.199999999999999700, 0.7853981633974482800 ) ;
#3228 = CARTESIAN_POINT ( 'NONE',  ( -5.012330261315097100, -1.192419969672946300, 2.000000000000001800 ) ) ;
#3229 = DIRECTION ( 'NONE',  ( 0.0000000000000000000, 0.0000000000000000000, 1.000000000000000000 ) ) ;
#3230 = B_SPLINE_CURVE_WITH_KNOTS ( 'NONE', 3,
 ( #3359, #582, #4053, #1969 ),
 .UNSPECIFIED., .F., .F.,
 ( 4, 4 ),
 ( 1.000000000000000000, 2.000000000000000000 ),
 .UNSPECIFIED. ) ;
#3231 = VECTOR ( 'NONE', #4373, 1000.000000000000000 ) ;
#3232 = ORIENTED_EDGE ( 'NONE', *, *, #229, .F. ) ;
#3233 = CIRCLE ( 'NONE', #1046, 1.000000000000000000 ) ;
#3234 = EDGE_CURVE ( 'NONE', #1030, #4271, #3934, .T. ) ;
#3235 = DIRECTION ( 'NONE',  ( 1.110223024625154800E-016, 0.0000000000000000000, -1.000000000000000000 ) ) ;
#3236 = FACE_OUTER_BOUND ( 'NONE', #489, .T. ) ;
#3237 = ORIENTED_EDGE ( 'NONE', *, *, #603, .F. ) ;
#3238 = LINE ( 'NONE', #1825, #2310 ) ;
#3239 = PLANE ( 'NONE',  #1818 ) ;
#3240 = DIRECTION ( 'NONE',  ( 1.110223024625154800E-016, 0.0000000000000000000, -1.000000000000000000 ) ) ;
#3241 = EDGE_LOOP ( 'NONE', ( #378, #4391, #4507, #4449 ) ) ;
#3242 = DIRECTION ( 'NONE',  ( 0.9054733072384441000, 0.4244032161502481200, -5.551115123125775300E-017 ) ) ;
#3243 = ORIENTED_EDGE ( 'NONE', *, *, #3225, .F. ) ;
#3244 = DIRECTION ( 'NONE',  ( 0.0000000000000000000, 0.0000000000000000000, 1.000000000000000000 ) ) ;
#3245 = EDGE_CURVE ( 'NONE', #3371, #1667, #4143, .T. ) ;
#3246 = FACE_OUTER_BOUND ( 'NONE', #4302, .T. ) ;
#3247 = ORIENTED_EDGE ( 'NONE', *, *, #2504, .F. ) ;
#3248 = EDGE_LOOP ( 'NONE', ( #1579, #329, #655, #3452 ) ) ;
#3249 = CARTESIAN_POINT ( 'NONE',  ( -4.973163549210582300, -2.336958334505153000, 2.199999999999993500 ) ) ;
#3250 = ORIENTED_EDGE ( 'NONE', *, *, #1491, .F. ) ;
#3251 = EDGE_CURVE ( 'NONE', #2836, #609, #237, .T. ) ;
#3252 = EDGE_LOOP ( 'NONE', ( #1226, #2616, #1673, #1126 ) ) ;
#3253 = CARTESIAN_POINT ( 'NONE',  ( -4.300000000232840200, 2.774035829306638500, 2.199999999999993500 ) ) ;
#3254 = CARTESIAN_POINT ( 'NONE',  ( 1.012729070121239000, -4.999999999999997300, 0.8409524868735751600 ) ) ;
#3255 = ORIENTED_EDGE ( 'NONE', *, *, #3353, .F. ) ;
#3256 = CARTESIAN_POINT ( 'NONE',  ( -5.507214920650829600, 0.06348339486497711600, 2.199999999999993500 ) ) ;
#3257 = APPLICATION_PROTOCOL_DEFINITION ( 'international standard', 'config_control_design', 1994, #847 ) ;
#3258 = CALENDAR_DATE ( 2019, 25, 3 ) ;
#3259 = CC_DESIGN_DATE_AND_TIME_ASSIGNMENT ( #2495, #4194, ( #4306 ) ) ;
#3260 = VERTEX_POINT ( 'NONE', #1334 ) ;
#3261 = EDGE_CURVE ( 'NONE', #546, #3150, #2907, .T. ) ;
#3262 = ORIENTED_EDGE ( 'NONE', *, *, #1363, .T. ) ;
#3263 = LOCAL_TIME ( 10, 45, 22.00000000000000000, #4188 ) ;
#3264 = CARTESIAN_POINT ( 'NONE',  ( -5.507214920650829600, -0.9566671202885790300, 2.000000000000001800 ) ) ;
#3265 = EDGE_LOOP ( 'NONE', ( #2274, #4452, #1920, #553 ) ) ;
#3266 = VECTOR ( 'NONE', #413, 999.9999999999998900 ) ;
#3267 = CARTESIAN_POINT ( 'NONE',  ( 8.000000000000000000, 4.999999999999997300, 2.000000000000001800 ) ) ;
#3268 = DIRECTION ( 'NONE',  ( 0.0000000000000000000, -1.000000000000000000, 0.0000000000000000000 ) ) ;
#3269 = FACE_OUTER_BOUND ( 'NONE', #4016, .T. ) ;
#3270 = CARTESIAN_POINT ( 'NONE',  ( 8.000000000000000000, 4.999999999999997300, 1.500000000000001300 ) ) ;
#3271 = CONICAL_SURFACE ( 'NONE', #1243, 0.9250000000000013800, 0.7853981633974490600 ) ;
#3272 = DIRECTION ( 'NONE',  ( -0.0000000000000000000, 0.0000000000000000000, -1.000000000000000000 ) ) ;
#3273 = AXIS2_PLACEMENT_3D ( 'NONE', #774, #3913, #441 ) ;
#3274 = DIRECTION ( 'NONE',  ( -1.000000000000000000, 0.0000000000000000000, -1.110223024625154800E-016 ) ) ;
#3275 = APPROVAL_ROLE ( '' ) ;
#3276 = VECTOR ( 'NONE', #2008, 1000.000000000000000 ) ;
#3277 = AXIS2_PLACEMENT_3D ( 'NONE', #2409, #342, #2775 ) ;
#3278 = CARTESIAN_POINT ( 'NONE',  ( -5.507214920650829600, -1.826564049824779000, 2.199999999999993500 ) ) ;
#3279 = EDGE_CURVE ( 'NONE', #529, #1567, #1970, .T. ) ;
#3280 = CIRCLE ( 'NONE', #2046, 1.199999999999999700 ) ;
#3281 = CARTESIAN_POINT ( 'NONE',  ( 6.749999999999999100, 10.00000000000000200, 0.0000000000000000000 ) ) ;
#3282 = VECTOR ( 'NONE', #1040, 1000.000000000000000 ) ;
#3283 = CARTESIAN_POINT ( 'NONE',  ( -4.853013033882372300, -0.7465346013785789700, 1.999999999999970500 ) ) ;
#3284 = DIRECTION ( 'NONE',  ( -0.9166902170851379800, 0.3995986059790532800, -8.326672684688659300E-017 ) ) ;
#3285 = AXIS2_PLACEMENT_3D ( 'NONE', #807, #2522, #2886 ) ;
#3286 = APPROVAL ( #861, 'UNSPECIFIED' ) ;
#3287 = DIRECTION ( 'NONE',  ( -0.0000000000000000000, -0.0000000000000000000, -1.000000000000000000 ) ) ;
#3288 = LINE ( 'NONE', #3281, #3179 ) ;
#3289 = PLANE ( 'NONE',  #1261 ) ;
#3290 = PRODUCT_DEFINITION_SHAPE ( 'NONE', 'NONE',  #3663 ) ;
#3291 = CARTESIAN_POINT ( 'NONE',  ( 9.199999999999999300, -5.000000000000000900, 0.5999999999999998700 ) ) ;
#3292 = VECTOR ( 'NONE', #1785, 1000.000000000000000 ) ;
#3293 = PERSON_AND_ORGANIZATION_ROLE ( 'design_supplier' ) ;
#3294 = EDGE_CURVE ( 'NONE', #1345, #4271, #1051, .T. ) ;
#3295 = ORIENTED_EDGE ( 'NONE', *, *, #798, .F. ) ;
#3296 = VECTOR ( 'NONE', #1959, 1000.000000000000000 ) ;
#3297 = VERTEX_POINT ( 'NONE', #2640 ) ;
#3298 = ORIENTED_EDGE ( 'NONE', *, *, #3868, .T. ) ;
#3299 = LINE ( 'NONE', #236, #4111 ) ;
#3300 = DIRECTION ( 'NONE',  ( 0.0000000000000000000, 0.0000000000000000000, 1.000000000000000000 ) ) ;
#3301 = VERTEX_POINT ( 'NONE', #2996 ) ;
#3302 = CARTESIAN_POINT ( 'NONE',  ( -8.000000000000000000, -5.000000000000000900, 1.500000000000001300 ) ) ;
#3303 = ORIENTED_EDGE ( 'NONE', *, *, #3097, .F. ) ;
#3304 = CIRCLE ( 'NONE', #2122, 0.3000000000000003800 ) ;
#3305 = CARTESIAN_POINT ( 'NONE',  ( -5.507214920650829600, -0.6157334888991922200, 2.199999999999993500 ) ) ;
#3306 = CARTESIAN_POINT ( 'NONE',  ( -5.292501499740268400, 0.7414732513075783500, 1.999999999999984500 ) ) ;
#3307 = ORIENTED_EDGE ( 'NONE', *, *, #3892, .T. ) ;
#3308 = EDGE_CURVE ( 'NONE', #4406, #3786, #3712, .T. ) ;
#3309 = AXIS2_PLACEMENT_3D ( 'NONE', #376, #2806, #730 ) ;
#3310 = ORIENTED_EDGE ( 'NONE', *, *, #1356, .T. ) ;
#3311 = PRODUCT ( 'SC170-04885_HG-MF08å^_é≤', 'SC170-04885_HG-MF08å^_é≤', '', ( #3626 ) ) ;
#3312 = VERTEX_POINT ( 'NONE', #4358 ) ;
#3313 = DIRECTION ( 'NONE',  ( 0.0000000000000000000, -0.0000000000000000000, 1.000000000000000000 ) ) ;
#3314 = ORIENTED_EDGE ( 'NONE', *, *, #1153, .T. ) ;
#3315 = DATE_AND_TIME ( #4238, #661 ) ;
#3316 = EDGE_CURVE ( 'NONE', #879, #2923, #13, .T. ) ;
#3317 = ORIENTED_EDGE ( 'NONE', *, *, #418, .T. ) ;
#3318 = CARTESIAN_POINT ( 'NONE',  ( -2.000000000000001800, -5.200000000000000200, 0.9999999999999974500 ) ) ;
#3319 = VERTEX_POINT ( 'NONE', #1601 ) ;
#3320 = CARTESIAN_POINT ( 'NONE',  ( -5.292501499740316400, 0.7414732513075783500, 2.200000000000000600 ) ) ;
#3321 = VERTEX_POINT ( 'NONE', #578 ) ;
#3322 = COORDINATED_UNIVERSAL_TIME_OFFSET ( 9, 0, .AHEAD. ) ;
#3323 = DIRECTION ( 'NONE',  ( 1.000000000000000000, 0.0000000000000000000, 1.110223024625154800E-016 ) ) ;
#3324 = CARTESIAN_POINT ( 'NONE',  ( -6.938893903907228400E-015, -1.387778780781445700E-014, 19.80000000000004000 ) ) ;
#3325 = CARTESIAN_POINT ( 'NONE',  ( 3.500000000000003100, -4.999999999999997300, 2.000000000000001800 ) ) ;
#3326 = DIRECTION ( 'NONE',  ( 3.386180225106744400E-015, 1.000000000000000000, -4.336808689942133700E-015 ) ) ;
#3327 = ORIENTED_EDGE ( 'NONE', *, *, #3906, .F. ) ;
#3328 = EDGE_CURVE ( 'NONE', #1180, #3091, #946, .T. ) ;
#3329 = ORIENTED_EDGE ( 'NONE', *, *, #1635, .T. ) ;
#3330 = CYLINDRICAL_SURFACE ( 'NONE', #931, 1.000000000000001800 ) ;
#3331 = ADVANCED_FACE ( 'NONE', ( #2686 ), #4176, .T. ) ;
#3332 = ORIENTED_EDGE ( 'NONE', *, *, #307, .T. ) ;
#3333 = VECTOR ( 'NONE', #2474, 1000.000000000000000 ) ;
#3334 = CARTESIAN_POINT ( 'NONE',  ( -5.304542727856007100, -2.336958334505153000, 2.200000000000007300 ) ) ;
#3335 = CARTESIAN_POINT ( 'NONE',  ( -4.652451328080661400, -2.694481375282165000, 1.999999999999959800 ) ) ;
#3336 = CARTESIAN_POINT ( 'NONE',  ( 0.0000000000000000000, -4.700000000000037500, 3.499999999999999600 ) ) ;
#3337 = EDGE_CURVE ( 'NONE', #2932, #1783, #849, .T. ) ;
#3338 = DIRECTION ( 'NONE',  ( 1.000000000000000000, 3.386180225106729800E-015, -2.677058870911088600E-016 ) ) ;
#3339 = AXIS2_PLACEMENT_3D ( 'NONE', #360, #2794, #718 ) ;
#3340 = CYLINDRICAL_SURFACE ( 'NONE', #1734, 0.9250000000000013800 ) ;
#3341 = CARTESIAN_POINT ( 'NONE',  ( -0.6397748134586572800, 5.199999999999996600, 1.083248422344668100 ) ) ;
#3342 = CYLINDRICAL_SURFACE ( 'NONE', #1678, 2.000000000000003100 ) ;
#3343 = AXIS2_PLACEMENT_3D ( 'NONE', #2628, #556, #2984 ) ;
#3344 = EDGE_CURVE ( 'NONE', #481, #2894, #4427, .T. ) ;
#3345 = CIRCLE ( 'NONE', #3947, 1.199999999999999700 ) ;
#3346 = VECTOR ( 'NONE', #34, 1000.000000000000000 ) ;
#3347 = CARTESIAN_POINT ( 'NONE',  ( -5.012330261315104200, -1.192419969672946300, 2.200000000000004200 ) ) ;
#3348 = FACE_OUTER_BOUND ( 'NONE', #2364, .T. ) ;
#3349 = CARTESIAN_POINT ( 'NONE',  ( 4.472135954820412700, 5.000000000000004400, 2.000000000715998400 ) ) ;
#3350 = APPROVAL ( #3478, 'UNSPECIFIED' ) ;
#3351 = ORIENTED_EDGE ( 'NONE', *, *, #1916, .T. ) ;
#3352 = CARTESIAN_POINT ( 'NONE',  ( -5.146828816123508500, 2.774035829306638500, 2.199999999999986900 ) ) ;
#3353 = EDGE_CURVE ( 'NONE', #2953, #3492, #1752, .T. ) ;
#3354 = ADVANCED_FACE ( 'NONE', ( #1648 ), #4311, .T. ) ;
#3355 = VECTOR ( 'NONE', #1808, 1000.000000000000000 ) ;
#3356 = ORIENTED_EDGE ( 'NONE', *, *, #4415, .F. ) ;
#3357 = ORIENTED_EDGE ( 'NONE', *, *, #1659, .T. ) ;
#3358 = LINE ( 'NONE', #1829, #2314 ) ;
#3359 = CARTESIAN_POINT ( 'NONE',  ( -4.812799258463506600, -2.853029665593337100, 1.999999999999998200 ) ) ;
#3360 = ORIENTED_EDGE ( 'NONE', *, *, #669, .F. ) ;
#3361 = ORIENTED_EDGE ( 'NONE', *, *, #3122, .F. ) ;
#3362 = AXIS2_PLACEMENT_3D ( 'NONE', #2974, #4033, #1944 ) ;
#3363 = CARTESIAN_POINT ( 'NONE',  ( -5.292501499740316400, 1.433778426501830500, 2.200000000000000600 ) ) ;
#3364 = ORIENTED_EDGE ( 'NONE', *, *, #1577, .T. ) ;
#3365 = CARTESIAN_POINT ( 'NONE',  ( 9.714451465470119700E-014, 0.0000000000000000000, 2.200000000000004200 ) ) ;
#3366 = EDGE_LOOP ( 'NONE', ( #1281, #934 ) ) ;
#3367 = DIRECTION ( 'NONE',  ( -0.0000000000000000000, -0.0000000000000000000, 1.000000000000000000 ) ) ;
#3368 = AXIS2_PLACEMENT_3D ( 'NONE', #4034, #1950, #4387 ) ;
#3369 = ORIENTED_EDGE ( 'NONE', *, *, #3565, .F. ) ;
#3370 = PERSON_AND_ORGANIZATION ( #2908, #3807 ) ;
#3371 = VERTEX_POINT ( 'NONE', #1649 ) ;
#3372 = ADVANCED_FACE ( 'NONE', ( #731 ), #2456, .F. ) ;
#3373 = ORIENTED_EDGE ( 'NONE', *, *, #2374, .F. ) ;
#3374 = APPROVAL_DATE_TIME ( #4298, #1656 ) ;
#3375 = AXIS2_PLACEMENT_3D ( 'NONE', #3603, #2570, #499 ) ;
#3376 = AXIS2_PLACEMENT_3D ( 'NONE', #830, #3244, #1167 ) ;
#3377 = CARTESIAN_POINT ( 'NONE',  ( 2.000000000000001800, -4.999999999999997300, 0.0000000000000000000 ) ) ;
#3378 = DIRECTION ( 'NONE',  ( 0.0000000000000000000, 1.000000000000000000, 0.0000000000000000000 ) ) ;
#3379 = ORIENTED_EDGE ( 'NONE', *, *, #3455, .F. ) ;
#3380 = VECTOR ( 'NONE', #3870, 1000.000000000000000 ) ;
#3381 = DIRECTION ( 'NONE',  ( -0.0000000000000000000, 1.000000000000000000, -0.0000000000000000000 ) ) ;
#3382 = DIRECTION ( 'NONE',  ( 1.000000000000000000, -3.469446951953614200E-016, 0.0000000000000000000 ) ) ;
#3383 = LINE ( 'NONE', #156, #727 ) ;
#3384 = LINE ( 'NONE', #512, #618 ) ;
#3385 = LINE ( 'NONE', #4092, #3276 ) ;
#3386 = VECTOR ( 'NONE', #2868, 1000.000000000000000 ) ;
#3387 = CARTESIAN_POINT ( 'NONE',  ( -4.853013033882372300, -0.8283200624523214800, 1.999999999999970500 ) ) ;
#3388 = DIRECTION ( 'NONE',  ( -1.000000000000000000, -8.673617379884019700E-016, -1.110223024625154600E-016 ) ) ;
#3389 = EDGE_CURVE ( 'NONE', #3592, #1172, #1864, .T. ) ;
#3390 = CARTESIAN_POINT ( 'NONE',  ( -7.999999999999992900, -5.000000000000000900, 0.0000000000000000000 ) ) ;
#3391 = AXIS2_PLACEMENT_3D ( 'NONE', #3438, #312, #1350 ) ;
#3392 = DIRECTION ( 'NONE',  ( 1.000000000000000000, 1.930664262269872800E-015, 1.110223024625154800E-016 ) ) ;
#3393 = LINE ( 'NONE', #3798, #2245 ) ;
#3394 = ADVANCED_FACE ( 'NONE', ( #622 ), #1430, .F. ) ;
#3395 = PLANE ( 'NONE',  #505 ) ;
#3396 = FACE_OUTER_BOUND ( 'NONE', #98, .T. ) ;
#3397 = DIRECTION ( 'NONE',  ( 0.0000000000000000000, 0.0000000000000000000, 1.000000000000000000 ) ) ;
#3398 = VECTOR ( 'NONE', #3524, 1000.000000000000000 ) ;
#3399 = EDGE_CURVE ( 'NONE', #1256, #3090, #3385, .T. ) ;
#3400 = ORIENTED_EDGE ( 'NONE', *, *, #557, .T. ) ;
#3401 = LINE ( 'NONE', #233, #2588 ) ;
#3402 = ORIENTED_EDGE ( 'NONE', *, *, #2344, .F. ) ;
#3403 = DIRECTION ( 'NONE',  ( 1.000000000000000000, 0.0000000000000000000, 2.168404344971005400E-016 ) ) ;
#3404 = EDGE_LOOP ( 'NONE', ( #1419, #4070, #3572, #1425 ) ) ;
#3405 = CARTESIAN_POINT ( 'NONE',  ( -5.146828816123508500, 2.774035829306638500, 2.199999999999986900 ) ) ;
#3406 = VECTOR ( 'NONE', #2636, 1000.000000000000000 ) ;
#3407 = ORIENTED_EDGE ( 'NONE', *, *, #1325, .F. ) ;
#3408 = EDGE_CURVE ( 'NONE', #2596, #975, #344, .T. ) ;
#3409 = VERTEX_POINT ( 'NONE', #625 ) ;
#3410 = ORIENTED_EDGE ( 'NONE', *, *, #150, .T. ) ;
#3411 = ORIENTED_EDGE ( 'NONE', *, *, #1065, .F. ) ;
#3412 = DIRECTION ( 'NONE',  ( -1.000000000000000000, 0.0000000000000000000, -1.110223024625154800E-016 ) ) ;
#3413 = ORIENTED_EDGE ( 'NONE', *, *, #2978, .F. ) ;
#3414 = ADVANCED_FACE ( 'NONE', ( #515 ), #401, .F. ) ;
#3415 = ORIENTED_EDGE ( 'NONE', *, *, #4344, .T. ) ;
#3416 = EDGE_CURVE ( 'NONE', #1719, #3776, #1315, .T. ) ;
#3417 = AXIS2_PLACEMENT_3D ( 'NONE', #964, #280, #2710 ) ;
#3418 = ORIENTED_EDGE ( 'NONE', *, *, #198, .F. ) ;
#3419 = CARTESIAN_POINT ( 'NONE',  ( 6.800000000000000700, 4.999999999999997300, 0.5999999999999998700 ) ) ;
#3420 = CALENDAR_DATE ( 2019, 25, 3 ) ;
#3421 = DIRECTION ( 'NONE',  ( 1.110223024625154800E-016, 0.0000000000000000000, -1.000000000000000000 ) ) ;
#3422 = ORIENTED_EDGE ( 'NONE', *, *, #3279, .F. ) ;
#3423 = CARTESIAN_POINT ( 'NONE',  ( 10.50000000000000200, 8.000000000000000000, 2.000000000000001800 ) ) ;
#3424 = ORIENTED_EDGE ( 'NONE', *, *, #1110, .T. ) ;
#3425 = CARTESIAN_POINT ( 'NONE',  ( -5.507214920650829600, -0.9566671202885790300, 2.199999999999993500 ) ) ;
#3426 = VERTEX_POINT ( 'NONE', #1680 ) ;
#3427 = LOCAL_TIME ( 10, 45, 22.00000000000000000, #4353 ) ;
#3428 = AXIS2_PLACEMENT_3D ( 'NONE', #853, #1536, #3971 ) ;
#3429 = EDGE_CURVE ( 'NONE', #2168, #534, #4200, .T. ) ;
#3430 = ORIENTED_EDGE ( 'NONE', *, *, #1925, .T. ) ;
#3431 = CARTESIAN_POINT ( 'NONE',  ( 2.775557561562886900E-016, -5.200000000000000200, 0.9999999999999995600 ) ) ;
#3432 = ORIENTED_EDGE ( 'NONE', *, *, #1452, .T. ) ;
#3433 = PRODUCT_RELATED_PRODUCT_CATEGORY ( 'detail', '', ( #3311 ) ) ;
#3434 = CIRCLE ( 'NONE', #697, 2.100000000000002800 ) ;
#3435 = CARTESIAN_POINT ( 'NONE',  ( -4.812799258463451600, -3.337656376520739400, 1.999999999999996200 ) ) ;
#3436 = EDGE_CURVE ( 'NONE', #3646, #1354, #4091, .T. ) ;
#3437 = VECTOR ( 'NONE', #729, 1000.000000000000100 ) ;
#3438 = CARTESIAN_POINT ( 'NONE',  ( 8.000000000000000000, 4.999999999999997300, 0.0000000000000000000 ) ) ;
#3439 = DIRECTION ( 'NONE',  ( -1.000000000000000000, 0.0000000000000000000, -1.110223024625154800E-016 ) ) ;
#3440 = ADVANCED_FACE ( 'NONE', ( #2133 ), #2019, .F. ) ;
#3441 = FACE_OUTER_BOUND ( 'NONE', #2161, .T. ) ;
#3442 = CARTESIAN_POINT ( 'NONE',  ( -4.300000000232840200, 0.9668209090050311500, 2.199999999999993500 ) ) ;
#3443 = AXIS2_PLACEMENT_3D ( 'NONE', #3270, #517, #1887 ) ;
#3444 = LINE ( 'NONE', #3803, #2297 ) ;
#3445 = CARTESIAN_POINT ( 'NONE',  ( -4.323787969906970100, -2.848677808692835700, 2.199999999999979700 ) ) ;
#3446 = FACE_OUTER_BOUND ( 'NONE', #1278, .T. ) ;
#3447 = AXIS2_PLACEMENT_3D ( 'NONE', #4004, #1912, #4354 ) ;
#3448 = LINE ( 'NONE', #2111, #3346 ) ;
#3449 = DIRECTION ( 'NONE',  ( -0.9015753441303681100, 0.4326221201651717100, 0.0000000000000000000 ) ) ;
#3450 = LINE ( 'NONE', #325, #2410 ) ;
#3451 = DIRECTION ( 'NONE',  ( -1.110223024625154800E-016, 0.0000000000000000000, 1.000000000000000000 ) ) ;
#3452 = ORIENTED_EDGE ( 'NONE', *, *, #3408, .T. ) ;
#3453 = LINE ( 'NONE', #2866, #3355 ) ;
#3454 = CARTESIAN_POINT ( 'NONE',  ( 8.000000000000000000, -5.000000000000000900, 1.500000000000001300 ) ) ;
#3455 = EDGE_CURVE ( 'NONE', #3110, #1066, #2347, .T. ) ;
#3456 = AXIS2_PLACEMENT_3D ( 'NONE', #3491, #2795, #1405 ) ;
#3457 = VERTEX_POINT ( 'NONE', #3081 ) ;
#3458 = ADVANCED_FACE ( 'NONE', ( #292, #1215 ), #3098, .F. ) ;
#3459 = EDGE_LOOP ( 'NONE', ( #867, #3158, #2213, #756 ) ) ;
#3460 = CIRCLE ( 'NONE', #3213, 1.200000000000002200 ) ;
#3461 = DIRECTION ( 'NONE',  ( -1.000000000000000000, 0.0000000000000000000, -1.110223024625154800E-016 ) ) ;
#3462 = APPROVAL_ROLE ( '' ) ;
#3463 = ORIENTED_EDGE ( 'NONE', *, *, #1253, .T. ) ;
#3464 = ORIENTED_EDGE ( 'NONE', *, *, #3353, .T. ) ;
#3465 = CARTESIAN_POINT ( 'NONE',  ( 1.110223024625157000E-016, -5.200000000000000200, 2.499999999999997800 ) ) ;
#3466 = EDGE_LOOP ( 'NONE', ( #139, #501, #3582, #36 ) ) ;
#3467 = CARTESIAN_POINT ( 'NONE',  ( -5.146828816123508500, 2.774035829306638500, 2.199999999999986900 ) ) ;
#3468 = ORIENTED_EDGE ( 'NONE', *, *, #3107, .F. ) ;
#3469 = DIRECTION ( 'NONE',  ( -8.673617379884052200E-016, -1.000000000000000000, 4.930380657631323800E-032 ) ) ;
#3470 = ORGANIZATION ( 'NAUO-ORG3', 'UNSPECIFIED', 'UNSPECIFIED' ) ;
#3471 = CARTESIAN_POINT ( 'NONE',  ( -4.974881387460778900, 0.8903362059604833500, 2.199999999999990000 ) ) ;
#3472 = CARTESIAN_POINT ( 'NONE',  ( -4.300000000232840200, 3.334999999999997700, 2.199999999999993500 ) ) ;
#3473 = VERTEX_POINT ( 'NONE', #4122 ) ;
#3474 = COORDINATED_UNIVERSAL_TIME_OFFSET ( 9, 0, .AHEAD. ) ;
#3475 = EDGE_CURVE ( 'NONE', #3786, #4326, #2241, .T. ) ;
#3476 = ORIENTED_EDGE ( 'NONE', *, *, #4492, .F. ) ;
#3477 = DIRECTION ( 'NONE',  ( -2.891205793294684900E-015, 1.000000000000000000, -9.860761315262647600E-032 ) ) ;
#3478 = APPROVAL_STATUS ( 'not_yet_approved' ) ;
#3479 = VERTEX_POINT ( 'NONE', #1352 ) ;
#3480 = CARTESIAN_POINT ( 'NONE',  ( -0.6397748134586572800, 10.00000000000000200, 1.083248422344668100 ) ) ;
#3481 = APPROVAL_PERSON_ORGANIZATION ( #4411, #1656, #4310 ) ;
#3482 = CARTESIAN_POINT ( 'NONE',  ( -4.323787969906983400, -3.118312972516829300, 1.999999999999988000 ) ) ;
#3483 = ADVANCED_FACE ( 'NONE', ( #2958, #1104 ), #330, .F. ) ;
#3484 = CARTESIAN_POINT ( 'NONE',  ( -5.012330261315104200, -1.192419969672946300, 2.200000000000004200 ) ) ;
#3485 = ORIENTED_EDGE ( 'NONE', *, *, #2288, .F. ) ;
#3486 = CARTESIAN_POINT ( 'NONE',  ( -7.999999999999992900, 4.999999999999997300, 0.5999999999999998700 ) ) ;
#3487 = LINE ( 'NONE', #44, #3380 ) ;
#3488 = DIRECTION ( 'NONE',  ( 1.110223024625154900E-016, 0.0000000000000000000, -1.000000000000000000 ) ) ;
#3489 = EDGE_CURVE ( 'NONE', #3260, #1187, #180, .T. ) ;
#3490 = CARTESIAN_POINT ( 'NONE',  ( -5.009663521936228200, -0.3850359920796880800, 2.200000000000007300 ) ) ;
#3491 = CARTESIAN_POINT ( 'NONE',  ( -7.999999999999992900, 4.999999999999997300, 0.0000000000000000000 ) ) ;
#3492 = VERTEX_POINT ( 'NONE', #1364 ) ;
#3493 = FACE_OUTER_BOUND ( 'NONE', #2332, .T. ) ;
#3494 = VECTOR ( 'NONE', #1260, 1000.000000000000000 ) ;
#3495 = CC_DESIGN_PERSON_AND_ORGANIZATION_ASSIGNMENT ( #551, #2110, ( #4306 ) ) ;
#3496 = VECTOR ( 'NONE', #2327, 1000.000000000000100 ) ;
#3497 = CARTESIAN_POINT ( 'NONE',  ( -5.502944865571804700, 0.6428366150176070300, 2.000000000000001800 ) ) ;
#3498 =( REPRESENTATION_RELATIONSHIP ('NONE','NONE', #1381, #4299 ) REPRESENTATION_RELATIONSHIP_WITH_TRANSFORMATION ( #3535 )SHAPE_REPRESENTATION_RELATIONSHIP( ) );
#3499 = EDGE_CURVE ( 'NONE', #3852, #2653, #1911, .T. ) ;
#3500 = VECTOR ( 'NONE', #2510, 1000.000000000000000 ) ;
#3501 = DIRECTION ( 'NONE',  ( -0.7071067811865474600, 8.659560562354931600E-017, 0.7071067811865475700 ) ) ;
#3502 = DIRECTION ( 'NONE',  ( 1.000000000000000000, 0.0000000000000000000, 0.0000000000000000000 ) ) ;
#3503 = DIRECTION ( 'NONE',  ( 0.0000000000000000000, -1.000000000000000000, 0.0000000000000000000 ) ) ;
#3504 = CIRCLE ( 'NONE', #2227, 1.000000000000001800 ) ;
#3505 = CARTESIAN_POINT ( 'NONE',  ( -4.812799258463451600, -2.853029665593337100, 2.199999999999990000 ) ) ;
#3506 = LINE ( 'NONE', #2911, #30 ) ;
#3507 = DESIGN_CONTEXT ( 'detailed design', #3980, 'design' ) ;
#3508 = ADVANCED_FACE ( 'NONE', ( #3875 ), #1720, .T. ) ;
#3509 = VECTOR ( 'NONE', #748, 1000.000000000000000 ) ;
#3510 = ORIENTED_EDGE ( 'NONE', *, *, #1686, .F. ) ;
#3511 = CARTESIAN_POINT ( 'NONE',  ( -6.938893903907228400E-015, -1.387778780781445700E-014, 19.99999999999998900 ) ) ;
#3512 = CARTESIAN_POINT ( 'NONE',  ( -2.999999998688662700, -5.200000000000000200, -6.938893903907228400E-015 ) ) ;
#3513 = CYLINDRICAL_SURFACE ( 'NONE', #1787, 2.100000000000002800 ) ;
#3514 = AXIS2_PLACEMENT_3D ( 'NONE', #20, #2444, #373 ) ;
#3515 = EDGE_CURVE ( 'NONE', #2894, #534, #2849, .T. ) ;
#3516 = ORIENTED_EDGE ( 'NONE', *, *, #1370, .F. ) ;
#3517 = CARTESIAN_POINT ( 'NONE',  ( 8.000000000000000000, -5.000000000000000900, 1.500000000000001300 ) ) ;
#3518 = VERTEX_POINT ( 'NONE', #3465 ) ;
#3519 = CARTESIAN_POINT ( 'NONE',  ( -2.000000000000001800, 0.0000000000000000000, 0.0000000000000000000 ) ) ;
#3520 = VECTOR ( 'NONE', #3652, 1000.000000000000000 ) ;
#3521 = DIRECTION ( 'NONE',  ( -0.4252082853995432000, 0.9050955275702011700, 1.387778780781457700E-017 ) ) ;
#3522 = DIRECTION ( 'NONE',  ( 1.110223024625154800E-016, 0.0000000000000000000, -1.000000000000000000 ) ) ;
#3523 = ORIENTED_EDGE ( 'NONE', *, *, #2462, .T. ) ;
#3524 = DIRECTION ( 'NONE',  ( 0.0000000000000000000, 1.000000000000000000, 0.0000000000000000000 ) ) ;
#3525 = EDGE_LOOP ( 'NONE', ( #1375, #3415, #809, #4028 ) ) ;
#3526 = AXIS2_PLACEMENT_3D ( 'NONE', #143, #2933, #856 ) ;
#3527 = CC_DESIGN_APPROVAL ( #3286, ( #2591 ) ) ;
#3528 = ORIENTED_EDGE ( 'NONE', *, *, #700, .F. ) ;
#3529 = EDGE_CURVE ( 'NONE', #4390, #1354, #3654, .T. ) ;
#3530 = EDGE_LOOP ( 'NONE', ( #333, #2047, #3298, #2065 ) ) ;
#3531 = ORIENTED_EDGE ( 'NONE', *, *, #1213, .F. ) ;
#3532 = VERTEX_POINT ( 'NONE', #3 ) ;
#3533 = VERTEX_POINT ( 'NONE', #2078 ) ;
#3534 = ADVANCED_FACE ( 'NONE', ( #2737 ), #2425, .F. ) ;
#3535 = ITEM_DEFINED_TRANSFORMATION ( 'NONE', 'NONE', #2206,  #1047 ) ;
#3536 = CARTESIAN_POINT ( 'NONE',  ( -4.853013033882414000, -0.7465346013785789700, 2.199999999999979700 ) ) ;
#3537 = ORIENTED_EDGE ( 'NONE', *, *, #798, .T. ) ;
#3539 = ORIENTED_EDGE ( 'NONE', *, *, #2326, .F. ) ;
#3538 = DIRECTION ( 'NONE',  ( -1.110223024625154800E-016, 0.0000000000000000000, 1.000000000000000000 ) ) ;
#3540 = APPROVAL_DATE_TIME ( #4470, #1108 ) ;
#3541 = ORIENTED_EDGE ( 'NONE', *, *, #2365, .T. ) ;
#3542 = EDGE_CURVE ( 'NONE', #324, #2724, #69, .T. ) ;
#3543 = AXIS2_PLACEMENT_3D ( 'NONE', #2429, #1403, #3833 ) ;
#3544 = DIRECTION ( 'NONE',  ( 1.000000000000000000, 0.0000000000000000000, 0.0000000000000000000 ) ) ;
#3545 = ORIENTED_EDGE ( 'NONE', *, *, #2023, .F. ) ;
#3546 = LINE ( 'NONE', #613, #780 ) ;
#3547 = DIRECTION ( 'NONE',  ( 0.0000000000000000000, 0.0000000000000000000, 1.000000000000000000 ) ) ;
#3548 = CARTESIAN_POINT ( 'NONE',  ( -0.7165477909999579100, -5.200000000000002800, 0.7932382329999752000 ) ) ;
#3549 = EDGE_CURVE ( 'NONE', #2986, #3090, #3550, .T. ) ;
#3550 = CIRCLE ( 'NONE', #3514, 2.500000000000004000 ) ;
#3551 = CARTESIAN_POINT ( 'NONE',  ( -0.7165477909999579100, 10.00000000000000200, 0.7932382329999752000 ) ) ;
#3552 = DIRECTION ( 'NONE',  ( 1.110223024625154800E-016, 0.0000000000000000000, -1.000000000000000000 ) ) ;
#3553 = CIRCLE ( 'NONE', #4389, 0.9450000000000000600 ) ;
#3554 = CIRCLE ( 'NONE', #1442, 1.224999999999910200 ) ;
#3555 = EDGE_CURVE ( 'NONE', #820, #802, #2626, .T. ) ;
#3556 = LINE ( 'NONE', #41, #2635 ) ;
#3557 = DIRECTION ( 'NONE',  ( 3.614007242319598800E-016, -1.000000000000000000, 4.930380657631310600E-032 ) ) ;
#3558 = FACE_OUTER_BOUND ( 'NONE', #3938, .T. ) ;
#3559 = CARTESIAN_POINT ( 'NONE',  ( -0.9860679775000047400, 5.200000000000002800, 0.0000000000000000000 ) ) ;
#3560 = CARTESIAN_POINT ( 'NONE',  ( -1.012729070074269700, 9.999999999999994700, 0.8409524871651474800 ) ) ;
#3561 = ORIENTED_EDGE ( 'NONE', *, *, #1849, .T. ) ;
#3562 = DIRECTION ( 'NONE',  ( 0.0000000000000000000, -1.000000000000000000, 0.0000000000000000000 ) ) ;
#3563 = LINE ( 'NONE', #1692, #1713 ) ;
#3564 =( NAMED_UNIT ( * ) PLANE_ANGLE_UNIT ( ) SI_UNIT ( $, .RADIAN. ) );
#3565 = EDGE_CURVE ( 'NONE', #1667, #4186, #893, .T. ) ;
#3566 = AXIS2_PLACEMENT_3D ( 'NONE', #642, #290, #1314 ) ;
#3567 = B_SPLINE_CURVE_WITH_KNOTS ( 'NONE', 3,
 ( #3956, #2218, #140, #2572 ),
 .UNSPECIFIED., .F., .F.,
 ( 4, 4 ),
 ( 0.0000000000000000000, 1.000000000000000000 ),
 .UNSPECIFIED. ) ;
#3568 = ORIENTED_EDGE ( 'NONE', *, *, #566, .F. ) ;
#3569 = ORIENTED_EDGE ( 'NONE', *, *, #3019, .F. ) ;
#3570 = LINE ( 'NONE', #3519, #1718 ) ;
#3571 = ORIENTED_EDGE ( 'NONE', *, *, #2454, .T. ) ;
#3572 = ORIENTED_EDGE ( 'NONE', *, *, #190, .T. ) ;
#3573 = CARTESIAN_POINT ( 'NONE',  ( 10.50000000000000200, -8.000000000000000000, 2.000000000000001800 ) ) ;
#3574 = VECTOR ( 'NONE', #2207, 1000.000000000000000 ) ;
#3575 = EDGE_CURVE ( 'NONE', #878, #1031, #1701, .T. ) ;
#3576 = CARTESIAN_POINT ( 'NONE',  ( 2.860594363054962300E-017, -5.200000000000000200, 6.000000000000000000 ) ) ;
#3577 = DIRECTION ( 'NONE',  ( -0.0000000000000000000, 1.000000000000000000, -0.0000000000000000000 ) ) ;
#3578 = ORIENTED_EDGE ( 'NONE', *, *, #933, .F. ) ;
#3579 = CARTESIAN_POINT ( 'NONE',  ( 5.900000000000000400, -5.000000000000000900, 2.000000000000001800 ) ) ;
#3580 = ORIENTED_EDGE ( 'NONE', *, *, #388, .F. ) ;
#3581 = CARTESIAN_POINT ( 'NONE',  ( 5.411569754874119700, -0.3846460835875987700, -2.934676937357380200 ) ) ;
#3582 = ORIENTED_EDGE ( 'NONE', *, *, #2800, .F. ) ;
#3583 = CC_DESIGN_APPROVAL ( #3350, ( #3118 ) ) ;
#3584 = ORIENTED_EDGE ( 'NONE', *, *, #48, .F. ) ;
#3585 = COORDINATED_UNIVERSAL_TIME_OFFSET ( 9, 0, .AHEAD. ) ;
#3586 = EDGE_CURVE ( 'NONE', #3808, #3189, #2511, .T. ) ;
#3587 = ORIENTED_EDGE ( 'NONE', *, *, #2880, .F. ) ;
#3588 = DIRECTION ( 'NONE',  ( -1.445602896647339700E-015, 1.000000000000000000, 0.0000000000000000000 ) ) ;
#3589 = LOCAL_TIME ( 10, 45, 22.00000000000000000, #4518 ) ;
#3590 = DIRECTION ( 'NONE',  ( 1.000000000000000000, 0.0000000000000000000, 1.110223024625154800E-016 ) ) ;
#3591 = DIRECTION ( 'NONE',  ( -0.4251881171912211300, -0.9051050021955378000, -1.170965406187439400E-031 ) ) ;
#3592 = VERTEX_POINT ( 'NONE', #3848 ) ;
#3593 = COORDINATED_UNIVERSAL_TIME_OFFSET ( 9, 0, .AHEAD. ) ;
#3594 = CARTESIAN_POINT ( 'NONE',  ( 0.0000000000000000000, -5.200000000000000200, 3.499999999999999600 ) ) ;
#3595 = CARTESIAN_POINT ( 'NONE',  ( 9.199999999999999300, -5.000000000000000900, 0.6000000000000000900 ) ) ;
#3596 = CARTESIAN_POINT ( 'NONE',  ( -9.549866340060822500E-015, -0.8000000000000098100, 19.99999999999999300 ) ) ;
#3597 = APPLICATION_CONTEXT ( 'configuration controlled 3d designs of mechanical parts and assemblies' ) ;
#3598 = EDGE_LOOP ( 'NONE', ( #4352, #2485, #1933, #668, #4234, #2814, #4251, #2377 ) ) ;
#3599 = CYLINDRICAL_SURFACE ( 'NONE', #3456, 1.200000000000002200 ) ;
#3600 = AXIS2_PLACEMENT_3D ( 'NONE', #3699, #1619, #4050 ) ;
#3601 = VECTOR ( 'NONE', #3590, 1000.000000000000000 ) ;
#3602 = VECTOR ( 'NONE', #3005, 1000.000000000000000 ) ;
#3603 = CARTESIAN_POINT ( 'NONE',  ( -4.513968770999965400, -5.200000000000000200, 6.035999999999985400 ) ) ;
#3604 = VECTOR ( 'NONE', #222, 1000.000000000000000 ) ;
#3605 = DIRECTION ( 'NONE',  ( -1.110223024625154800E-016, 0.0000000000000000000, 1.000000000000000000 ) ) ;
#3606 = CARTESIAN_POINT ( 'NONE',  ( -4.472135954499995200, 10.00000000000000200, 2.000000000000001800 ) ) ;
#3607 = DIRECTION ( 'NONE',  ( 1.930664262269872800E-015, -1.000000000000000000, -9.860761315262647600E-032 ) ) ;
#3608 = CC_DESIGN_PERSON_AND_ORGANIZATION_ASSIGNMENT ( #3052, #1543, ( #3311 ) ) ;
#3609 = CARTESIAN_POINT ( 'NONE',  ( -5.507214920650829600, -0.3850359920796880800, 2.199999999999993500 ) ) ;
#3610 = DIRECTION ( 'NONE',  ( -1.546198105515946900E-015, 1.000000000000000000, 0.0000000000000000000 ) ) ;
#3611 = FACE_OUTER_BOUND ( 'NONE', #2488, .T. ) ;
#3612 = APPROVAL_ROLE ( '' ) ;
#3613 = VECTOR ( 'NONE', #4448, 1000.000000000000000 ) ;
#3614 = CARTESIAN_POINT ( 'NONE',  ( -7.999999999999992900, -5.000000000000000900, 0.0000000000000000000 ) ) ;
#3615 = CYLINDRICAL_SURFACE ( 'NONE', #2434, 2.000000000000000000 ) ;
#3616 = CARTESIAN_POINT ( 'NONE',  ( -4.321693843278199100, -1.641675573010550800, 2.200000000000007300 ) ) ;
#3617 = LINE ( 'NONE', #2119, #860 ) ;
#3618 = ORIENTED_EDGE ( 'NONE', *, *, #905, .F. ) ;
#3619 = DIRECTION ( 'NONE',  ( 1.000000000000000000, 0.0000000000000000000, 0.0000000000000000000 ) ) ;
#3620 = DIRECTION ( 'NONE',  ( -1.110223024625154800E-016, 0.0000000000000000000, 1.000000000000000000 ) ) ;
#3621 = LINE ( 'NONE', #894, #1664 ) ;
#3622 = CARTESIAN_POINT ( 'NONE',  ( 1.110223024625157000E-016, -10.00000000000000200, 2.499999999999997800 ) ) ;
#3623 = ORIENTED_EDGE ( 'NONE', *, *, #2783, .F. ) ;
#3624 = CARTESIAN_POINT ( 'NONE',  ( -5.304542727856007100, -2.853029665593337100, 2.200000000000007300 ) ) ;
#3625 = ORIENTED_EDGE ( 'NONE', *, *, #57, .T. ) ;
#3626 = MECHANICAL_CONTEXT ( 'NONE', #3597, 'mechanical' ) ;
#3627 = EDGE_CURVE ( 'NONE', #2757, #2006, #4366, .T. ) ;
#3628 = FACE_OUTER_BOUND ( 'NONE', #3726, .T. ) ;
#3629 = AXIS2_PLACEMENT_3D ( 'NONE', #2033, #1027, #3449 ) ;
#3630 = ORIENTED_EDGE ( 'NONE', *, *, #2645, .F. ) ;
#3631 = ORIENTED_EDGE ( 'NONE', *, *, #981, .F. ) ;
#3632 = ORIENTED_EDGE ( 'NONE', *, *, #3234, .T. ) ;
#3633 = EDGE_CURVE ( 'NONE', #1016, #174, #4254, .T. ) ;
#3634 = VERTEX_POINT ( 'NONE', #37 ) ;
#3635 = DIRECTION ( 'NONE',  ( -0.3700804860847149400, 0.9289996952740626800, -2.775557561562879600E-017 ) ) ;
#3636 = DIRECTION ( 'NONE',  ( -0.0000000000000000000, -0.0000000000000000000, -1.000000000000000000 ) ) ;
#3637 = DIRECTION ( 'NONE',  ( -1.110223024625154800E-016, 0.0000000000000000000, 1.000000000000000000 ) ) ;
#3638 = ORIENTED_EDGE ( 'NONE', *, *, #1865, .T. ) ;
#3639 = PERSON_AND_ORGANIZATION_ROLE ( 'classification_officer' ) ;
#3640 = COORDINATED_UNIVERSAL_TIME_OFFSET ( 9, 0, .AHEAD. ) ;
#3641 = ORIENTED_EDGE ( 'NONE', *, *, #3650, .T. ) ;
#3642 = EDGE_CURVE ( 'NONE', #3095, #841, #678, .T. ) ;
#3643 = ORIENTED_EDGE ( 'NONE', *, *, #3499, .F. ) ;
#3644 = APPROVAL_PERSON_ORGANIZATION ( #61, #1108, #2952 ) ;
#3645 = DIRECTION ( 'NONE',  ( -1.110223024625154800E-016, 0.0000000000000000000, 1.000000000000000000 ) ) ;
#3646 = VERTEX_POINT ( 'NONE', #2838 ) ;
#3647 = CARTESIAN_POINT ( 'NONE',  ( 0.0000000000000000000, 4.999999999999997300, 3.499999999999999600 ) ) ;
#3648 = PLANE ( 'NONE',  #4145 ) ;
#3649 = ORIENTED_EDGE ( 'NONE', *, *, #2634, .F. ) ;
#3650 = EDGE_CURVE ( 'NONE', #3789, #3321, #3219, .T. ) ;
#3651 = LINE ( 'NONE', #275, #1587 ) ;
#3652 = DIRECTION ( 'NONE',  ( -0.0000000000000000000, 1.000000000000000000, -0.0000000000000000000 ) ) ;
#3653 = DIRECTION ( 'NONE',  ( 1.252860398949111000E-015, -1.000000000000000000, -2.465190328815661900E-032 ) ) ;
#3654 = LINE ( 'NONE', #3817, #1806 ) ;
#3655 = AXIS2_PLACEMENT_3D ( 'NONE', #1896, #171, #2945 ) ;
#3656 = PLANE ( 'NONE',  #3343 ) ;
#3657 = EDGE_CURVE ( 'NONE', #612, #2045, #1486, .T. ) ;
#3658 = LINE ( 'NONE', #532, #1807 ) ;
#3659 = DIRECTION ( 'NONE',  ( 0.0000000000000000000, 0.0000000000000000000, -1.000000000000000000 ) ) ;
#3660 = VECTOR ( 'NONE', #990, 1000.000000000000000 ) ;
#3661 = CARTESIAN_POINT ( 'NONE',  ( -4.812799258463451600, -2.853029665593337100, 2.199999999999990000 ) ) ;
#3662 = PLANE ( 'NONE',  #106 ) ;
#3663 = PRODUCT_DEFINITION ( 'UNKNOWN', '', #323, #1540 ) ;
#3664 = DIRECTION ( 'NONE',  ( -1.000000000000000000, -3.386180225106729800E-015, -3.816391647148978100E-014 ) ) ;
#3665 = CARTESIAN_POINT ( 'NONE',  ( -4.323787969906970100, -2.848677808692835700, 2.199999999999979700 ) ) ;
#3666 = LINE ( 'NONE', #3961, #1816 ) ;
#3667 = EDGE_CURVE ( 'NONE', #2318, #2953, #1361, .T. ) ;
#3668 = ADVANCED_FACE ( 'NONE', ( #2185 ), #340, .F. ) ;
#3669 = VERTEX_POINT ( 'NONE', #423 ) ;
#3670 = VECTOR ( 'NONE', #1674, 1000.000000000000000 ) ;
#3671 = ORIENTED_EDGE ( 'NONE', *, *, #318, .F. ) ;
#3672 = EDGE_LOOP ( 'NONE', ( #589, #2955, #1087, #487, #1549, #3749, #1402, #4221 ) ) ;
#3673 = LINE ( 'NONE', #4198, #1826 ) ;
#3674 = CARTESIAN_POINT ( 'NONE',  ( 0.0000000000000000000, -4.700000000000037500, 3.499999999999999600 ) ) ;
#3675 = ORIENTED_EDGE ( 'NONE', *, *, #2531, .F. ) ;
#3676 = CARTESIAN_POINT ( 'NONE',  ( -9.199999999999995700, -5.000000000000000900, 0.5999999999999997600 ) ) ;
#3677 = ORIENTED_EDGE ( 'NONE', *, *, #915, .T. ) ;
#3678 = DIRECTION ( 'NONE',  ( 0.0000000000000000000, 3.946725368624481600E-014, -1.000000000000000000 ) ) ;
#3679 = FACE_OUTER_BOUND ( 'NONE', #583, .T. ) ;
#3680 = PLANE ( 'NONE',  #3362 ) ;
#3681 = DIRECTION ( 'NONE',  ( -1.000000000000000000, -3.658145580636347500E-016, -1.110223024625154800E-016 ) ) ;
#3682 = CARTESIAN_POINT ( 'NONE',  ( -12.49999999999999600, 8.000000000000000000, 1.000000000000000900 ) ) ;
#3683 = ORIENTED_EDGE ( 'NONE', *, *, #4048, .F. ) ;
#3684 = AXIS2_PLACEMENT_3D ( 'NONE', #4337, #2247, #173 ) ;
#3685 = ORIENTED_EDGE ( 'NONE', *, *, #179, .F. ) ;
#3686 = VERTEX_POINT ( 'NONE', #2852 ) ;
#3687 = CARTESIAN_POINT ( 'NONE',  ( -0.9860679775000047400, -5.200000000000000200, 0.0000000000000000000 ) ) ;
#3688 = ORIENTED_EDGE ( 'NONE', *, *, #3804, .T. ) ;
#3689 = CARTESIAN_POINT ( 'NONE',  ( -5.081959971723157400, -3.337656376520739400, 1.999999999999950300 ) ) ;
#3690 = ADVANCED_FACE ( 'NONE', ( #456, #1259, #4140 ), #1795, .F. ) ;
#3691 = EDGE_CURVE ( 'NONE', #1351, #3204, #2070, .T. ) ;
#3692 = CARTESIAN_POINT ( 'NONE',  ( 0.0000000000000000000, -4.699999999999999300, 2.554999999999999700 ) ) ;
#3693 = ORIENTED_EDGE ( 'NONE', *, *, #2706, .T. ) ;
#3694 = DIRECTION ( 'NONE',  ( -3.469446951953622600E-016, -1.000000000000000000, 0.0000000000000000000 ) ) ;
#3695 = APPROVAL_DATE_TIME ( #109, #563 ) ;
#3696 = DIRECTION ( 'NONE',  ( -0.0000000000000000000, -1.000000000000000000, -0.0000000000000000000 ) ) ;
#3697 = DIRECTION ( 'NONE',  ( 0.4248070906806800100, 0.9052838978505122200, 6.779273404243071300E-032 ) ) ;
#3698 = PLANE ( 'NONE',  #605 ) ;
#3699 = CARTESIAN_POINT ( 'NONE',  ( -7.999999999999992900, -5.000000000000000900, 0.5999999999999998700 ) ) ;
#3700 = ORIENTED_EDGE ( 'NONE', *, *, #4097, .T. ) ;
#3701 = LOCAL_TIME ( 10, 45, 22.00000000000000000, #112 ) ;
#3702 = EDGE_LOOP ( 'NONE', ( #1623, #322, #3463, #2698 ) ) ;
#3703 = DIRECTION ( 'NONE',  ( 1.000000000000000000, 0.0000000000000000000, 0.0000000000000000000 ) ) ;
#3704 = LINE ( 'NONE', #27, #3810 ) ;
#3705 = UNCERTAINTY_MEASURE_WITH_UNIT (LENGTH_MEASURE( 1.000000000000000100E-005 ), #1832, 'distance_accuracy_value', 'NONE');
#3706 = LINE ( 'NONE', #1840, #120 ) ;
#3707 = CYLINDRICAL_SURFACE ( 'NONE', #75, 0.9450000000000000600 ) ;
#3708 = CARTESIAN_POINT ( 'NONE',  ( -5.507214920650829600, -1.641675573010550800, 2.199999999999993500 ) ) ;
#3709 = EDGE_CURVE ( 'NONE', #1938, #436, #3117, .T. ) ;
#3710 = DIRECTION ( 'NONE',  ( -1.000000000000000000, 0.0000000000000000000, -1.110223024625154800E-016 ) ) ;
#3711 = AXIS2_PLACEMENT_3D ( 'NONE', #3624, #520, #2951 ) ;
#3712 = CIRCLE ( 'NONE', #3368, 2.099999999999999600 ) ;
#3713 = DIRECTION ( 'NONE',  ( 1.110223024625154800E-016, 0.0000000000000000000, -1.000000000000000000 ) ) ;
#3714 = DIRECTION ( 'NONE',  ( -1.734723475976807600E-016, -1.000000000000000000, 0.0000000000000000000 ) ) ;
#3715 = ADVANCED_FACE ( 'NONE', ( #1156 ), #3894, .F. ) ;
#3716 = LINE ( 'NONE', #68, #19 ) ;
#3717 = PRODUCT ( 'SC170-04884_HG-MF08å^_ñ{ëÃB', 'SC170-04884_HG-MF08å^_ñ{ëÃB', '', ( #2254 ) ) ;
#3718 = CARTESIAN_POINT ( 'NONE',  ( 2.484519975018848000, 5.000000000000004400, 3.777777777609014900 ) ) ;
#3719 = EDGE_CURVE ( 'NONE', #3735, #411, #3814, .T. ) ;
#3720 = FACE_OUTER_BOUND ( 'NONE', #4498, .T. ) ;
#3721 = FACE_OUTER_BOUND ( 'NONE', #2301, .T. ) ;
#3722 = CARTESIAN_POINT ( 'NONE',  ( -5.499999999999991100, 2.066973605524963500, 2.199999999999958900 ) ) ;
#3723 = LINE ( 'NONE', #2432, #137 ) ;
#3724 = CARTESIAN_POINT ( 'NONE',  ( 0.0000000000000000000, -5.200000000000000200, 3.499999999999999600 ) ) ;
#3725 = SECURITY_CLASSIFICATION ( '', '', #386 ) ;
#3726 = EDGE_LOOP ( 'NONE', ( #2476, #336, #2053, #4226 ) ) ;
#3727 = DIRECTION ( 'NONE',  ( 0.0000000000000000000, -1.734723475976807100E-015, -1.000000000000000000 ) ) ;
#3728 = EDGE_CURVE ( 'NONE', #1838, #1016, #231, .T. ) ;
#3729 = FACE_OUTER_BOUND ( 'NONE', #3903, .T. ) ;
#3730 = EDGE_LOOP ( 'NONE', ( #3430, #2489, #1073, #3432 ) ) ;
#3731 = ORIENTED_EDGE ( 'NONE', *, *, #1476, .T. ) ;
#3732 = LINE ( 'NONE', #1888, #40 ) ;
#3733 = ADVANCED_FACE ( 'NONE', ( #2901 ), #2787, .F. ) ;
#3734 = ORIENTED_EDGE ( 'NONE', *, *, #763, .F. ) ;
#3735 = VERTEX_POINT ( 'NONE', #3924 ) ;
#3736 = PLANE ( 'NONE',  #3417 ) ;
#3737 = CARTESIAN_POINT ( 'NONE',  ( -8.000000000000000000, -5.000000000000000900, 1.500000000000001300 ) ) ;
#3738 = ORIENTED_EDGE ( 'NONE', *, *, #3575, .F. ) ;
#3739 = CARTESIAN_POINT ( 'NONE',  ( 8.000000000000000000, 4.999999999999997300, 0.6000000000000449400 ) ) ;
#3740 = ORIENTED_EDGE ( 'NONE', *, *, #3162, .F. ) ;
#3741 = CARTESIAN_POINT ( 'NONE',  ( -5.146828816123508500, 2.774035829306638500, 2.199999999999986900 ) ) ;
#3742 = CARTESIAN_POINT ( 'NONE',  ( -4.812799258463451600, -2.853029665593337100, 2.199999999999990000 ) ) ;
#3743 = AXIS2_PLACEMENT_3D ( 'NONE', #355, #2790, #713 ) ;
#3744 = CARTESIAN_POINT ( 'NONE',  ( 12.49999999999999600, -8.000000000000000000, 1.000000000000000900 ) ) ;
#3745 = EDGE_CURVE ( 'NONE', #313, #612, #3706, .T. ) ;
#3746 = VERTEX_POINT ( 'NONE', #3576 ) ;
#3747 = LOCAL_TIME ( 10, 45, 22.00000000000000000, #164 ) ;
#3748 = CARTESIAN_POINT ( 'NONE',  ( -8.000000000000000000, 4.999999999999997300, 1.500000000000001300 ) ) ;
#3749 = ORIENTED_EDGE ( 'NONE', *, *, #2598, .T. ) ;
#3750 = ORIENTED_EDGE ( 'NONE', *, *, #4031, .F. ) ;
#3751 = COORDINATED_UNIVERSAL_TIME_OFFSET ( 9, 0, .AHEAD. ) ;
#3752 = AXIS2_PLACEMENT_3D ( 'NONE', #490, #2917, #127 ) ;
#3753 = CC_DESIGN_SECURITY_CLASSIFICATION ( #2591, ( #1427 ) ) ;
#3754 = CARTESIAN_POINT ( 'NONE',  ( -2.000000000000001800, 10.00000000000000200, 0.9999999999999974500 ) ) ;
#3755 = EDGE_CURVE ( 'NONE', #1822, #2318, #3011, .T. ) ;
#3756 = CARTESIAN_POINT ( 'NONE',  ( 2.000000000000001800, 5.000000000000004400, 0.0000000000000000000 ) ) ;
#3757 = ORIENTED_EDGE ( 'NONE', *, *, #1171, .F. ) ;
#3758 = SHAPE_REPRESENTATION_RELATIONSHIP ( 'NONE' , 'NONE' ,  #4299, #1618 ) ;
#3759 = CARTESIAN_POINT ( 'NONE',  ( 12.49999999999999600, 0.0000000000000000000, 2.000000000000001800 ) ) ;
#3760 = ADVANCED_FACE ( 'NONE', ( #1857 ), #4422, .F. ) ;
#3761 = ORIENTED_EDGE ( 'NONE', *, *, #2764, .F. ) ;
#3762 = FACE_OUTER_BOUND ( 'NONE', #1469, .T. ) ;
#3763 = DIRECTION ( 'NONE',  ( -0.9047457460817022200, 0.4259520336224068600, 2.775557561562888300E-017 ) ) ;
#3764 = CARTESIAN_POINT ( 'NONE',  ( 0.0000000000000000000, -5.200000000000000200, 3.499999999999999600 ) ) ;
#3765 = VECTOR ( 'NONE', #4148, 1000.000000000000000 ) ;
#3766 = VECTOR ( 'NONE', #2589, 1000.000000000000000 ) ;
#3767 = CARTESIAN_POINT ( 'NONE',  ( -5.146828816123508500, 2.066973605524963500, 2.199999999999986900 ) ) ;
#3768 = EDGE_CURVE ( 'NONE', #534, #2168, #842, .T. ) ;
#3769 = AXIS2_PLACEMENT_3D ( 'NONE', #2448, #1075, #3502 ) ;
#3770 = LINE ( 'NONE', #289, #2743 ) ;
#3771 = DIRECTION ( 'NONE',  ( 1.110223024625154800E-016, 0.0000000000000000000, -1.000000000000000000 ) ) ;
#3772 = CYLINDRICAL_SURFACE ( 'NONE', #1655, 0.5000000000000000000 ) ;
#3773 = DIRECTION ( 'NONE',  ( -1.000000000000000000, 0.0000000000000000000, -1.110223024625154800E-016 ) ) ;
#3774 = FACE_OUTER_BOUND ( 'NONE', #1716, .T. ) ;
#3775 = EDGE_CURVE ( 'NONE', #1066, #4279, #10, .T. ) ;
#3776 = VERTEX_POINT ( 'NONE', #1856 ) ;
#3777 = ADVANCED_FACE ( 'NONE', ( #1747 ), #838, .F. ) ;
#3778 = VECTOR ( 'NONE', #1319, 1000.000000000000000 ) ;
#3779 = ORIENTED_EDGE ( 'NONE', *, *, #4324, .T. ) ;
#3780 = CARTESIAN_POINT ( 'NONE',  ( -4.974881387460778900, 0.8903362059604833500, 2.199999999999990000 ) ) ;
#3781 = ORIENTED_EDGE ( 'NONE', *, *, #2800, .T. ) ;
#3782 = CYLINDRICAL_SURFACE ( 'NONE', #947, 1.200000000000002200 ) ;
#3783 = CARTESIAN_POINT ( 'NONE',  ( -5.304133718748806500, -3.122681189781623300, 2.200000000000007300 ) ) ;
#3784 = ORIENTED_EDGE ( 'NONE', *, *, #3251, .T. ) ;
#3785 = EDGE_CURVE ( 'NONE', #1030, #4006, #2681, .T. ) ;
#3786 = VERTEX_POINT ( 'NONE', #4304 ) ;
#3787 = CIRCLE ( 'NONE', #2590, 2.100000000000002800 ) ;
#3788 = DIRECTION ( 'NONE',  ( 0.0000000000000000000, 1.000000000000000000, 0.0000000000000000000 ) ) ;
#3789 = VERTEX_POINT ( 'NONE', #485 ) ;
#3790 = PLANE ( 'NONE',  #2313 ) ;
#3791 = ORIENTED_EDGE ( 'NONE', *, *, #3177, .T. ) ;
#3792 = ORIENTED_EDGE ( 'NONE', *, *, #3728, .T. ) ;
#3793 = ORIENTED_EDGE ( 'NONE', *, *, #4283, .T. ) ;
#3794 = EDGE_CURVE ( 'NONE', #4326, #4475, #1643, .T. ) ;
#3795 = AXIS2_PLACEMENT_3D ( 'NONE', #59, #2482, #412 ) ;
#3796 = ORIENTED_EDGE ( 'NONE', *, *, #864, .F. ) ;
#3797 = PERSON_AND_ORGANIZATION ( #258, #214 ) ;
#3798 = CARTESIAN_POINT ( 'NONE',  ( 8.000000000000000000, -10.00000000000000200, 2.000000000000001800 ) ) ;
#3799 = ORIENTED_EDGE ( 'NONE', *, *, #3499, .T. ) ;
#3800 = ADVANCED_FACE ( 'NONE', ( #2567 ), #2217, .F. ) ;
#3801 = APPROVAL_PERSON_ORGANIZATION ( #218, #563, #3462 ) ;
#3802 = AXIS2_PLACEMENT_3D ( 'NONE', #1605, #4038, #1953 ) ;
#3803 = CARTESIAN_POINT ( 'NONE',  ( -4.853013033882414000, -0.7465346013785789700, 2.199999999999979700 ) ) ;
#3804 = EDGE_CURVE ( 'NONE', #4459, #3260, #3383, .T. ) ;
#3805 = ORIENTED_EDGE ( 'NONE', *, *, #2715, .F. ) ;
#3806 = CARTESIAN_POINT ( 'NONE',  ( -7.999999999999992900, -5.000000000000000900, 1.999999999999974000 ) ) ;
#3807 = ORGANIZATION ( 'UNSPECIFIED', 'UNSPECIFIED', '' ) ;
#3808 = VERTEX_POINT ( 'NONE', #2234 ) ;
#3809 = CC_DESIGN_PERSON_AND_ORGANIZATION_ASSIGNMENT ( #500, #3826, ( #3118 ) ) ;
#3810 = VECTOR ( 'NONE', #2451, 1000.000000000000000 ) ;
#3811 = CARTESIAN_POINT ( 'NONE',  ( -5.304542727856007100, -2.853029665593337100, 2.200000000000007300 ) ) ;
#3812 = PERSON_AND_ORGANIZATION_ROLE ( 'design_supplier' ) ;
#3813 = EDGE_CURVE ( 'NONE', #1242, #546, #1530, .T. ) ;
#3814 = CIRCLE ( 'NONE', #1100, 2.100000000000002800 ) ;
#3815 = LINE ( 'NONE', #3988, #2902 ) ;
#3816 = CARTESIAN_POINT ( 'NONE',  ( -10.49999999999999500, -10.00000000000000200, 3.018000000000006900 ) ) ;
#3817 = CARTESIAN_POINT ( 'NONE',  ( 12.50000000000000400, 7.999999999179586900, 1.000000000000000900 ) ) ;
#3818 = DIRECTION ( 'NONE',  ( -1.110223024625154800E-016, 0.0000000000000000000, 1.000000000000000000 ) ) ;
#3819 = VECTOR ( 'NONE', #4466, 1000.000000000000000 ) ;
#3820 = DIRECTION ( 'NONE',  ( 1.000000000000000000, 0.0000000000000000000, 1.110223024625154800E-016 ) ) ;
#3821 = CARTESIAN_POINT ( 'NONE',  ( -4.300000000232840200, 1.463341604769526000, 2.199999999999993500 ) ) ;
#3822 = AXIS2_PLACEMENT_3D ( 'NONE', #4385, #3697, #1616 ) ;
#3823 = CIRCLE ( 'NONE', #4478, 2.500000000000004000 ) ;
#3824 = ADVANCED_FACE ( 'NONE', ( #3493 ), #516, .F. ) ;
#3825 = DIRECTION ( 'NONE',  ( 0.0000000000000000000, -1.000000000000000000, 0.0000000000000000000 ) ) ;
#3826 = PERSON_AND_ORGANIZATION_ROLE ( 'creator' ) ;
#3827 = LINE ( 'NONE', #2325, #2084 ) ;
#3828 = CARTESIAN_POINT ( 'NONE',  ( -4.321693843278199100, -2.848677808692835700, 2.200000000000007300 ) ) ;
#3829 = AXIS2_PLACEMENT_3D ( 'NONE', #1636, #4064, #1976 ) ;
#3830 = VECTOR ( 'NONE', #3205, 1000.000000000000000 ) ;
#3831 = CARTESIAN_POINT ( 'NONE',  ( -4.321693843278199100, -0.4905930624633098000, 2.200000000000007300 ) ) ;
#3832 = VECTOR ( 'NONE', #2719, 1000.000000000000000 ) ;
#3833 = DIRECTION ( 'NONE',  ( -1.110223024625154800E-016, 0.0000000000000000000, 1.000000000000000000 ) ) ;
#3834 = CARTESIAN_POINT ( 'NONE',  ( -10.09999999999999800, -5.000000000000000900, 1.500000000000000900 ) ) ;
#3835 = EDGE_LOOP ( 'NONE', ( #2707, #192, #2382, #3632 ) ) ;
#3836 = CARTESIAN_POINT ( 'NONE',  ( -3.500000000000003100, -5.200000000000000200, 2.000000000715998400 ) ) ;
#3837 = VECTOR ( 'NONE', #3620, 1000.000000000000000 ) ;
#3838 = PLANE ( 'NONE',  #3927 ) ;
#3839 = CC_DESIGN_PERSON_AND_ORGANIZATION_ASSIGNMENT ( #3206, #178, ( #3717 ) ) ;
#3840 = VERTEX_POINT ( 'NONE', #4315 ) ;
#3841 = ORIENTED_EDGE ( 'NONE', *, *, #924, .T. ) ;
#3842 = VECTOR ( 'NONE', #473, 1000.000000000000000 ) ;
#3843 = CARTESIAN_POINT ( 'NONE',  ( 8.000000000000000000, 4.999999999999997300, 0.6000000000000449400 ) ) ;
#3844 = APPROVAL_STATUS ( 'not_yet_approved' ) ;
#3845 = VERTEX_POINT ( 'NONE', #4333 ) ;
#3846 = CARTESIAN_POINT ( 'NONE',  ( -7.999999999999992900, -5.000000000000000900, 0.5999999999999998700 ) ) ;
#3847 = ORIENTED_EDGE ( 'NONE', *, *, #915, .F. ) ;
#3848 = CARTESIAN_POINT ( 'NONE',  ( -4.300000000232853600, 1.463341604769526000, 2.000000000000001800 ) ) ;
#3849 = ADVANCED_FACE ( 'NONE', ( #3269 ), #3012, .F. ) ;
#3850 = DIRECTION ( 'NONE',  ( 0.0000000000000000000, 1.000000000000000000, 0.0000000000000000000 ) ) ;
#3851 = ORIENTED_EDGE ( 'NONE', *, *, #3294, .F. ) ;
#3852 = VERTEX_POINT ( 'NONE', #2959 ) ;
#3853 = CARTESIAN_POINT ( 'NONE',  ( -5.009663521936228200, -0.3850359920796880800, 2.200000000000007300 ) ) ;
#3854 = CARTESIAN_POINT ( 'NONE',  ( -4.652451328080661400, -2.781714837663672200, 2.199999999999952200 ) ) ;
#3855 = CARTESIAN_POINT ( 'NONE',  ( -4.321693843278199100, -1.641675573010550800, 2.200000000000007300 ) ) ;
#3856 = ORIENTED_EDGE ( 'NONE', *, *, #2774, .F. ) ;
#3857 = PRODUCT ( 'HG-MF08_1', 'HG-MF08_1', '', ( #494 ) ) ;
#3858 = APPROVAL_DATE_TIME ( #274, #4519 ) ;
#3859 = EDGE_CURVE ( 'NONE', #2724, #2103, #3930, .T. ) ;
#3860 = DIRECTION ( 'NONE',  ( 1.636694662590730900E-016, -1.820850524715718900E-015, -1.000000000000000000 ) ) ;
#3861 = SECURITY_CLASSIFICATION_LEVEL ( 'unclassified' ) ;
#3862 = ORIENTED_EDGE ( 'NONE', *, *, #2344, .T. ) ;
#3863 = ORIENTED_EDGE ( 'NONE', *, *, #3036, .F. ) ;
#3864 = CARTESIAN_POINT ( 'NONE',  ( -4.321693843278199100, 0.06348339486497711600, 2.000000000000012000 ) ) ;
#3865 = LOCAL_TIME ( 10, 45, 22.00000000000000000, #279 ) ;
#3866 = DIRECTION ( 'NONE',  ( 1.000000000000000000, 0.0000000000000000000, 0.0000000000000000000 ) ) ;
#3867 = ORIENTED_EDGE ( 'NONE', *, *, #557, .F. ) ;
#3868 = EDGE_CURVE ( 'NONE', #4153, #2937, #3815, .T. ) ;
#3869 = CARTESIAN_POINT ( 'NONE',  ( -5.304542727856007100, -2.853029665593337100, 2.200000000000007300 ) ) ;
#3870 = DIRECTION ( 'NONE',  ( 6.840249869936602700E-016, -1.000000000000000000, -2.465190328815661900E-032 ) ) ;
#3871 = ORIENTED_EDGE ( 'NONE', *, *, #2316, .T. ) ;
#3872 = CIRCLE ( 'NONE', #2397, 0.5000000000000000000 ) ;
#3873 = PRODUCT_DEFINITION_SHAPE ( 'NONE', 'NONE',  #4523 ) ;
#3874 = ADVANCED_FACE ( 'NONE', ( #232 ), #3707, .F. ) ;
#3875 = FACE_OUTER_BOUND ( 'NONE', #1294, .T. ) ;
#3876 = EDGE_CURVE ( 'NONE', #3184, #3921, #121, .T. ) ;
#3877 = CARTESIAN_POINT ( 'NONE',  ( -4.812799258463506600, -2.853029665593337100, 1.999999999999998200 ) ) ;
#3878 = LINE ( 'NONE', #2950, #1109 ) ;
#3879 = CARTESIAN_POINT ( 'NONE',  ( -5.502944865571804700, 1.532529585341807500, 2.199999999999993500 ) ) ;
#3880 = CARTESIAN_POINT ( 'NONE',  ( -10.49999999979489500, 10.00000000000000200, 1.999999999999994900 ) ) ;
#3881 = DIRECTION ( 'NONE',  ( 1.000000000000000000, 0.0000000000000000000, 1.110223024625155100E-016 ) ) ;
#3882 = DIRECTION ( 'NONE',  ( -4.336808689942017700E-016, -1.000000000000000000, 0.0000000000000000000 ) ) ;
#3883 = CIRCLE ( 'NONE', #4325, 1.000000000000001600 ) ;
#3884 = EDGE_CURVE ( 'NONE', #2231, #3060, #1968, .T. ) ;
#3885 = CIRCLE ( 'NONE', #961, 1.200000000000002200 ) ;
#3886 = AXIS2_PLACEMENT_3D ( 'NONE', #3754, #3064, #3403 ) ;
#3887 = CIRCLE ( 'NONE', #1371, 1.199999999999999700 ) ;
#3888 = ORIENTED_EDGE ( 'NONE', *, *, #1635, .F. ) ;
#3889 = DIRECTION ( 'NONE',  ( 0.0000000000000000000, -1.000000000000000000, 0.0000000000000000000 ) ) ;
#3890 = VECTOR ( 'NONE', #619, 1000.000000000000000 ) ;
#3891 = AXIS2_PLACEMENT_3D ( 'NONE', #1204, #3635, #1550 ) ;
#3892 = EDGE_CURVE ( 'NONE', #3301, #1304, #1157, .T. ) ;
#3893 = ORIENTED_EDGE ( 'NONE', *, *, #1024, .F. ) ;
#3894 = PLANE ( 'NONE',  #1323 ) ;
#3895 = EDGE_LOOP ( 'NONE', ( #151, #1223, #3424, #154 ) ) ;
#3896 = DIRECTION ( 'NONE',  ( -1.000000000000000000, -2.891205793294674700E-015, 0.0000000000000000000 ) ) ;
#3897 = CYLINDRICAL_SURFACE ( 'NONE', #245, 1.000000000000001800 ) ;
#3898 = CARTESIAN_POINT ( 'NONE',  ( -4.321693843278199100, -1.826564049824779000, 2.000000000000012000 ) ) ;
#3899 = DIRECTION ( 'NONE',  ( 0.0000000000000000000, 0.0000000000000000000, 1.000000000000000000 ) ) ;
#3900 = DIRECTION ( 'NONE',  ( 1.000000000000000000, 0.0000000000000000000, 9.035018104045853400E-017 ) ) ;
#3901 = ORIENTED_EDGE ( 'NONE', *, *, #2062, .T. ) ;
#3902 = CARTESIAN_POINT ( 'NONE',  ( -7.999999999999992900, 4.999999999999997300, 0.0000000000000000000 ) ) ;
#3903 = EDGE_LOOP ( 'NONE', ( #3031, #891, #2610, #2931 ) ) ;
#3904 = APPROVAL ( #339, 'UNSPECIFIED' ) ;
#3905 = LINE ( 'NONE', #791, #317 ) ;
#3906 = EDGE_CURVE ( 'NONE', #3297, #2608, #1049, .T. ) ;
#3907 = VERTEX_POINT ( 'NONE', #2630 ) ;
#3908 = EDGE_LOOP ( 'NONE', ( #2312, #3761 ) ) ;
#3909 = CARTESIAN_POINT ( 'NONE',  ( -8.000000000000000000, -5.000000000000000900, 1.500000000000001300 ) ) ;
#3910 = EDGE_LOOP ( 'NONE', ( #3476, #1905, #976, #4059 ) ) ;
#3911 = EDGE_LOOP ( 'NONE', ( #2118, #4287, #2594, #389, #3959, #3407, #1203, #269 ) ) ;
#3912 = LOCAL_TIME ( 10, 45, 22.00000000000000000, #326 ) ;
#3913 = DIRECTION ( 'NONE',  ( -4.336808689942026100E-016, -1.000000000000000000, 2.465190328815661900E-032 ) ) ;
#3914 = DIRECTION ( 'NONE',  ( 0.0000000000000000000, 1.000000000000000000, 0.0000000000000000000 ) ) ;
#3915 = CARTESIAN_POINT ( 'NONE',  ( 3.500000000000003100, 10.00000000000000200, 2.000000000000001800 ) ) ;
#3916 = DIRECTION ( 'NONE',  ( 0.0000000000000000000, -1.000000000000000000, 0.0000000000000000000 ) ) ;
#3917 = AXIS2_PLACEMENT_3D ( 'NONE', #3943, #1860, #4292 ) ;
#3918 = VERTEX_POINT ( 'NONE', #3334 ) ;
#3919 = DIRECTION ( 'NONE',  ( -1.000000000000000000, 0.0000000000000000000, -1.110223024625154800E-016 ) ) ;
#3920 = COORDINATED_UNIVERSAL_TIME_OFFSET ( 9, 0, .AHEAD. ) ;
#3921 = VERTEX_POINT ( 'NONE', #1939 ) ;
#3922 = EDGE_LOOP ( 'NONE', ( #3863, #1993, #538, #3757, #2825 ) ) ;
#3923 = VECTOR ( 'NONE', #1355, 1000.000000000000000 ) ;
#3924 = CARTESIAN_POINT ( 'NONE',  ( -5.899999999999990600, -5.000000000000000900, 1.500000000000001600 ) ) ;
#3925 = CARTESIAN_POINT ( 'NONE',  ( 3.000000000000002700, -10.00000000000000200, 1.499999999897451400 ) ) ;
#3926 = EDGE_CURVE ( 'NONE', #912, #3845, #2682, .T. ) ;
#3927 = AXIS2_PLACEMENT_3D ( 'NONE', #2104, #2811, #733 ) ;
#3928 = VECTOR ( 'NONE', #78, 1000.000000000000000 ) ;
#3929 = CARTESIAN_POINT ( 'NONE',  ( -6.799999999999990900, 4.999999999999997300, 0.5999999999999999800 ) ) ;
#3930 = LINE ( 'NONE', #530, #2071 ) ;
#3931 = CARTESIAN_POINT ( 'NONE',  ( -4.951044336693750700, -0.7855867909330946900, 2.200000000000007300 ) ) ;
#3932 = CARTESIAN_POINT ( 'NONE',  ( -5.499999999999991100, 3.334999999999997700, 2.199999999999958900 ) ) ;
#3933 = DIRECTION ( 'NONE',  ( 1.000000000000000000, 0.0000000000000000000, 0.0000000000000000000 ) ) ;
#3934 = LINE ( 'NONE', #295, #1161 ) ;
#3935 = LINE ( 'NONE', #3898, #1754 ) ;
#3936 = CARTESIAN_POINT ( 'NONE',  ( 2.484519975018840900, -5.000000000000000900, 3.777777777609014900 ) ) ;
#3937 = FACE_OUTER_BOUND ( 'NONE', #4119, .T. ) ;
#3938 = EDGE_LOOP ( 'NONE', ( #3871, #2000, #3247, #3400 ) ) ;
#3939 = CARTESIAN_POINT ( 'NONE',  ( -4.300000000232853600, 0.7113374602898126000, 2.000000000000001800 ) ) ;
#3940 = CARTESIAN_POINT ( 'NONE',  ( 3.500000000000003100, 0.0000000000000000000, 2.000000000000001800 ) ) ;
#3941 = DIRECTION ( 'NONE',  ( 0.0000000000000000000, -1.000000000000000000, 0.0000000000000000000 ) ) ;
#3942 = FACE_BOUND ( 'NONE', #703, .T. ) ;
#3943 = CARTESIAN_POINT ( 'NONE',  ( 0.0000000000000000000, 10.00000000000000200, 3.499999999999999600 ) ) ;
#3944 = DIRECTION ( 'NONE',  ( 0.0000000000000000000, 1.000000000000000000, 0.0000000000000000000 ) ) ;
#3945 = CIRCLE ( 'NONE', #2167, 2.500000000000004000 ) ;
#3946 = EDGE_CURVE ( 'NONE', #1303, #3592, #2788, .T. ) ;
#3947 = AXIS2_PLACEMENT_3D ( 'NONE', #2624, #550, #2976 ) ;
#3948 = ORIENTED_EDGE ( 'NONE', *, *, #4223, .F. ) ;
#3949 = LINE ( 'NONE', #1537, #3837 ) ;
#3950 = EDGE_LOOP ( 'NONE', ( #3893, #772, #3410, #2871 ) ) ;
#3951 = ORIENTED_EDGE ( 'NONE', *, *, #3642, .F. ) ;
#3952 = DIRECTION ( 'NONE',  ( 2.425475370204541900E-015, -1.000000000000000000, -1.972152263052530000E-031 ) ) ;
#3953 = LINE ( 'NONE', #2903, #1283 ) ;
#3954 = EDGE_CURVE ( 'NONE', #890, #1838, #944, .T. ) ;
#3955 = DIRECTION ( 'NONE',  ( -1.565418863257174200E-015, 1.000000000000000000, 9.860761315262647600E-032 ) ) ;
#3956 = CARTESIAN_POINT ( 'NONE',  ( -4.973163549210582300, -2.694563177103599800, 2.199999999999993500 ) ) ;
#3957 = ORIENTED_EDGE ( 'NONE', *, *, #2306, .T. ) ;
#3958 = PLANE ( 'NONE',  #2284 ) ;
#3959 = ORIENTED_EDGE ( 'NONE', *, *, #677, .F. ) ;
#3960 = DIRECTION ( 'NONE',  ( 1.110223024625154800E-016, 0.0000000000000000000, -1.000000000000000000 ) ) ;
#3961 = CARTESIAN_POINT ( 'NONE',  ( -4.321693843278199100, -2.848677808692835700, 2.200000000000007300 ) ) ;
#3962 = DATE_TIME_ROLE ( 'creation_date' ) ;
#3963 = ORIENTED_EDGE ( 'NONE', *, *, #2874, .F. ) ;
#3964 = CC_DESIGN_SECURITY_CLASSIFICATION ( #3725, ( #4523 ) ) ;
#3965 = ORIENTED_EDGE ( 'NONE', *, *, #3436, .T. ) ;
#3966 = EDGE_CURVE ( 'NONE', #4390, #1396, #11, .T. ) ;
#3967 = DIRECTION ( 'NONE',  ( 1.000000000000000000, 0.0000000000000000000, 1.110223024625155100E-016 ) ) ;
#3968 = ORIENTED_EDGE ( 'NONE', *, *, #210, .T. ) ;
#3969 = DIRECTION ( 'NONE',  ( -0.0000000000000000000, 1.000000000000000000, -0.0000000000000000000 ) ) ;
#3970 = APPROVAL_PERSON_ORGANIZATION ( #383, #4519, #2093 ) ;
#3971 = DIRECTION ( 'NONE',  ( -1.110223024625154800E-016, 0.0000000000000000000, 1.000000000000000000 ) ) ;
#3972 = EDGE_LOOP ( 'NONE', ( #261, #1327, #3537, #1188, #422 ) ) ;
#3973 = CARTESIAN_POINT ( 'NONE',  ( 0.9860679774999978600, 4.999999999999997300, 2.000000001431998500 ) ) ;
#3974 = ORIENTED_EDGE ( 'NONE', *, *, #2944, .F. ) ;
#3975 = APPROVAL_DATE_TIME ( #391, #3286 ) ;
#3976 = CARTESIAN_POINT ( 'NONE',  ( 8.000000000000000000, -5.000000000000000900, 0.0000000000000000000 ) ) ;
#3977 = DIRECTION ( 'NONE',  ( 1.110223024625154800E-016, 0.0000000000000000000, -1.000000000000000000 ) ) ;
#3978 = AXIS2_PLACEMENT_3D ( 'NONE', #454, #1842, #1146 ) ;
#3979 = DIRECTION ( 'NONE',  ( -0.0000000000000000000, -1.000000000000000000, -0.0000000000000000000 ) ) ;
#3980 = APPLICATION_CONTEXT ( 'configuration controlled 3d designs of mechanical parts and assemblies' ) ;
#3981 = ORIENTED_EDGE ( 'NONE', *, *, #1891, .F. ) ;
#3982 = ORIENTED_EDGE ( 'NONE', *, *, #1528, .T. ) ;
#3983 = AXIS2_PLACEMENT_3D ( 'NONE', #2459, #392, #2822 ) ;
#3984 = PLANE ( 'NONE',  #2173 ) ;
#3985 = FACE_OUTER_BOUND ( 'NONE', #3525, .T. ) ;
#3986 = EDGE_CURVE ( 'NONE', #4336, #1838, #4423, .T. ) ;
#3987 = VECTOR ( 'NONE', #986, 1000.000000000000000 ) ;
#3988 = CARTESIAN_POINT ( 'NONE',  ( 3.000000000000002700, -10.00000000000000200, 0.7500000000000006700 ) ) ;
#3989 = CARTESIAN_POINT ( 'NONE',  ( 0.7165477909999995500, -4.999999999999997300, 0.7932382329999994000 ) ) ;
#3990 = CARTESIAN_POINT ( 'NONE',  ( -0.9450000000000000600, 4.999999999999997300, 3.499999999999999600 ) ) ;
#3991 = AXIS2_PLACEMENT_3D ( 'NONE', #3594, #827, #3240 ) ;
#3992 = PRODUCT_RELATED_PRODUCT_CATEGORY ( 'detail', '', ( #3857 ) ) ;
#3993 = DIRECTION ( 'NONE',  ( 1.110223024625154800E-016, 0.0000000000000000000, -1.000000000000000000 ) ) ;
#3994 = VECTOR ( 'NONE', #3607, 1000.000000000000000 ) ;
#3995 = APPROVAL_STATUS ( 'not_yet_approved' ) ;
#3996 = EDGE_CURVE ( 'NONE', #3297, #1184, #844, .T. ) ;
#3997 = VECTOR ( 'NONE', #2772, 1000.000000000000000 ) ;
#3998 = DIRECTION ( 'NONE',  ( 0.0000000000000000000, -1.000000000000000000, 0.0000000000000000000 ) ) ;
#3999 = FACE_BOUND ( 'NONE', #1633, .T. ) ;
#4000 = LINE ( 'NONE', #4262, #1222 ) ;
#4001 = ORIENTED_EDGE ( 'NONE', *, *, #1855, .F. ) ;
#4002 = DIRECTION ( 'NONE',  ( -0.9054733072384439900, -0.4244032161502480100, 5.551115123125774100E-017 ) ) ;
#4003 = VECTOR ( 'NONE', #1288, 1000.000000000000000 ) ;
#4004 = CARTESIAN_POINT ( 'NONE',  ( 3.500000000000003100, -10.00000000000000200, 1.500000000000004900 ) ) ;
#4005 = CARTESIAN_POINT ( 'NONE',  ( -5.507214920650829600, -1.192419969672946300, 2.199999999999993500 ) ) ;
#4006 = VERTEX_POINT ( 'NONE', #2568 ) ;
#4007 = CARTESIAN_POINT ( 'NONE',  ( -8.582281733134419700E-015, -1.000000000000041700, 1.387169655721998300E-015 ) ) ;
#4008 = ORIENTED_EDGE ( 'NONE', *, *, #1302, .T. ) ;
#4009 = EDGE_CURVE ( 'NONE', #2389, #3409, #1644, .T. ) ;
#4010 = FACE_OUTER_BOUND ( 'NONE', #496, .T. ) ;
#4011 = AXIS2_PLACEMENT_3D ( 'NONE', #2461, #396, #2824 ) ;
#4012 = ORIENTED_EDGE ( 'NONE', *, *, #2783, .T. ) ;
#4013 = EDGE_LOOP ( 'NONE', ( #3578, #4409, #1404, #4502 ) ) ;
#4014 = VECTOR ( 'NONE', #4248, 1000.000000000000000 ) ;
#4015 = ADVANCED_FACE ( 'NONE', ( #4308 ), #3271, .F. ) ;
#4016 = EDGE_LOOP ( 'NONE', ( #2209, #3166, #1299, #2778 ) ) ;
#4017 = EDGE_CURVE ( 'NONE', #2937, #3133, #3384, .T. ) ;
#4018 = ORIENTED_EDGE ( 'NONE', *, *, #4097, .F. ) ;
#4019 = CARTESIAN_POINT ( 'NONE',  ( -12.49999999999998400, -10.00000000000000200, 2.000000000000015500 ) ) ;
#4020 = ORIENTED_EDGE ( 'NONE', *, *, #2125, .T. ) ;
#4021 = ORIENTED_EDGE ( 'NONE', *, *, #4247, .F. ) ;
#4022 = COORDINATED_UNIVERSAL_TIME_OFFSET ( 9, 0, .AHEAD. ) ;
#4023 = CARTESIAN_POINT ( 'NONE',  ( -10.49999999999999500, -8.000000000000000000, 0.0000000000000000000 ) ) ;
#4024 = VERTEX_POINT ( 'NONE', #2925 ) ;
#4025 = EDGE_CURVE ( 'NONE', #3776, #3095, #2569, .T. ) ;
#4026 = LOCAL_TIME ( 10, 45, 22.00000000000000000, #447 ) ;
#4027 = CARTESIAN_POINT ( 'NONE',  ( 6.800000000000000700, 4.999999999999997300, 0.6000000000000449400 ) ) ;
#4028 = ORIENTED_EDGE ( 'NONE', *, *, #3555, .F. ) ;
#4029 = DIRECTION ( 'NONE',  ( 0.0000000000000000000, 3.946725368624481600E-014, -1.000000000000000000 ) ) ;
#4030 = EDGE_LOOP ( 'NONE', ( #4399, #1771, #502, #4066, #3523, #395, #3965, #2532, #1312, #3968 ) ) ;
#4031 = EDGE_CURVE ( 'NONE', #3746, #375, #4197, .T. ) ;
#4032 = LINE ( 'NONE', #4473, #3114 ) ;
#4033 = DIRECTION ( 'NONE',  ( -1.000000000000000000, -0.0000000000000000000, -1.110223024625154800E-016 ) ) ;
#4034 = CARTESIAN_POINT ( 'NONE',  ( 8.000000000000000000, 4.999999999999997300, 1.500000000000001300 ) ) ;
#4035 = ADVANCED_FACE ( 'NONE', ( #2452 ), #3984, .F. ) ;
#4036 = VECTOR ( 'NONE', #4230, 1000.000000000000000 ) ;
#4037 = AXIS2_PLACEMENT_3D ( 'NONE', #4377, #194, #1593 ) ;
#4038 = DIRECTION ( 'NONE',  ( 1.110223024625154800E-016, -0.0000000000000000000, -1.000000000000000000 ) ) ;
#4039 = EDGE_CURVE ( 'NONE', #411, #2215, #4086, .T. ) ;
#4040 = B_SPLINE_CURVE_WITH_KNOTS ( 'NONE', 3,
 ( #2789, #1054, #3482, #1399 ),
 .UNSPECIFIED., .F., .F.,
 ( 4, 4 ),
 ( 0.0000000000000000000, 1.000000000000000000 ),
 .UNSPECIFIED. ) ;
#4041 = LINE ( 'NONE', #1320, #3014 ) ;
#4042 = FACE_OUTER_BOUND ( 'NONE', #4080, .T. ) ;
#4043 = DIRECTION ( 'NONE',  ( 0.0000000000000000000, 1.000000000000000000, 0.0000000000000000000 ) ) ;
#4044 = CC_DESIGN_DATE_AND_TIME_ASSIGNMENT ( #1300, #1745, ( #3118 ) ) ;
#4045 = DIRECTION ( 'NONE',  ( 1.110223024625154800E-016, 0.0000000000000000000, -1.000000000000000000 ) ) ;
#4046 = DIRECTION ( 'NONE',  ( 2.677058870911100400E-016, -3.475538202552842600E-016, 1.000000000000000000 ) ) ;
#4047 = VECTOR ( 'NONE', #3681, 1000.000000000000000 ) ;
#4048 = EDGE_CURVE ( 'NONE', #3746, #436, #513, .T. ) ;
#4049 = EDGE_LOOP ( 'NONE', ( #2813, #1522, #4173, #3569 ) ) ;
#4050 = DIRECTION ( 'NONE',  ( 1.000000000000000000, 0.0000000000000000000, 9.035018104045853400E-017 ) ) ;
#4051 = VECTOR ( 'NONE', #4227, 1000.000000000000000 ) ;
#4052 = FACE_OUTER_BOUND ( 'NONE', #2677, .T. ) ;
#4053 = CARTESIAN_POINT ( 'NONE',  ( -4.652451328080648100, -2.781714837663672200, 1.999999999999998200 ) ) ;
#4054 = VERTEX_POINT ( 'NONE', #1564 ) ;
#4055 = ADVANCED_FACE ( 'NONE', ( #400 ), #4346, .F. ) ;
#4056 = FACE_OUTER_BOUND ( 'NONE', #958, .T. ) ;
#4057 = AXIS2_PLACEMENT_3D ( 'NONE', #3739, #2090, #1901 ) ;
#4058 = ORIENTED_EDGE ( 'NONE', *, *, #229, .T. ) ;
#4059 = ORIENTED_EDGE ( 'NONE', *, *, #539, .T. ) ;
#4060 = CARTESIAN_POINT ( 'NONE',  ( -4.974881387460765600, 0.8903362059604833500, 1.999999999999967100 ) ) ;
#4061 = CYLINDRICAL_SURFACE ( 'NONE', #4382, 2.500000000000004000 ) ;
#4062 = CARTESIAN_POINT ( 'NONE',  ( -3.500000000000003100, 5.200000000000002800, 2.000000000715998400 ) ) ;
#4063 = CARTESIAN_POINT ( 'NONE',  ( -4.812799258463451600, -3.337656376520739400, 2.199999999999990000 ) ) ;
#4064 = DIRECTION ( 'NONE',  ( -0.0000000000000000000, -0.0000000000000000000, -1.000000000000000000 ) ) ;
#4065 = ORIENTED_EDGE ( 'NONE', *, *, #2154, .F. ) ;
#4066 = ORIENTED_EDGE ( 'NONE', *, *, #2968, .T. ) ;
#4067 = PRODUCT ( 'SC170-04883_HG-MF08å^_ñ{ëÃA', 'SC170-04883_HG-MF08å^_ñ{ëÃA', '', ( #2786 ) ) ;
#4068 = ORIENTED_EDGE ( 'NONE', *, *, #3954, .F. ) ;
#4069 = DIRECTION ( 'NONE',  ( 0.0000000000000000000, -1.000000000000000000, 0.0000000000000000000 ) ) ;
#4070 = ORIENTED_EDGE ( 'NONE', *, *, #1677, .T. ) ;
#4071 = AXIS2_PLACEMENT_3D ( 'NONE', #4314, #2942, #869 ) ;
#4072 = CC_DESIGN_PERSON_AND_ORGANIZATION_ASSIGNMENT ( #3370, #708, ( #4067 ) ) ;
#4073 = ORIENTED_EDGE ( 'NONE', *, *, #3794, .T. ) ;
#4074 = COORDINATED_UNIVERSAL_TIME_OFFSET ( 9, 0, .AHEAD. ) ;
#4075 = DIRECTION ( 'NONE',  ( 1.110223024625155100E-016, 0.0000000000000000000, -1.000000000000000000 ) ) ;
#4076 = CARTESIAN_POINT ( 'NONE',  ( -4.321693843278199100, -0.4905930624633098000, 2.200000000000007300 ) ) ;
#4077 = CARTESIAN_POINT ( 'NONE',  ( -5.502944865571804700, 2.028444947627654000, 2.199999999999993500 ) ) ;
#4078 = ORIENTED_EDGE ( 'NONE', *, *, #4492, .T. ) ;
#4079 = ADVANCED_FACE ( 'NONE', ( #3985 ), #2130, .F. ) ;
#4080 = EDGE_LOOP ( 'NONE', ( #814, #3618, #387, #2543 ) ) ;
#4081 = APPROVAL_PERSON_ORGANIZATION ( #503, #3286, #3275 ) ;
#4082 = ORIENTED_EDGE ( 'NONE', *, *, #1384, .T. ) ;
#4083 = CARTESIAN_POINT ( 'NONE',  ( 0.0000000000000000000, -5.200000000000000200, 3.499999999999999600 ) ) ;
#4084 = VECTOR ( 'NONE', #1457, 1000.000000000000000 ) ;
#4085 = EDGE_LOOP ( 'NONE', ( #1831, #1700, #3255, #4506 ) ) ;
#4086 = LINE ( 'NONE', #1216, #1532 ) ;
#4087 = DESIGN_CONTEXT ( 'detailed design', #3134, 'design' ) ;
#4088 = DIRECTION ( 'NONE',  ( 0.0000000000000000000, 0.0000000000000000000, -1.000000000000000000 ) ) ;
#4089 = EDGE_CURVE ( 'NONE', #481, #2168, #3063, .T. ) ;
#4090 = AXIS2_PLACEMENT_3D ( 'NONE', #4491, #4508, #2408 ) ;
#4091 = LINE ( 'NONE', #3759, #3987 ) ;
#4092 = CARTESIAN_POINT ( 'NONE',  ( -0.6397748135242159500, -7.600000000000002300, 1.083248422369401900 ) ) ;
#4093 = DIRECTION ( 'NONE',  ( -0.0000000000000000000, -0.0000000000000000000, 1.000000000000000000 ) ) ;
#4094 = CARTESIAN_POINT ( 'NONE',  ( 3.500000000000003100, 10.00000000000000200, 1.500000000000004900 ) ) ;
#4095 = VECTOR ( 'NONE', #1507, 1000.000000000000100 ) ;
#4096 = DIRECTION ( 'NONE',  ( 1.000000000000000000, 0.0000000000000000000, 1.032573497605241000E-016 ) ) ;
#4097 = EDGE_CURVE ( 'NONE', #2600, #912, #1428, .T. ) ;
#4098 = LINE ( 'NONE', #3123, #3282 ) ;
#4099 = ADVANCED_FACE ( 'NONE', ( #2957 ), #3656, .T. ) ;
#4100 = FACE_BOUND ( 'NONE', #111, .T. ) ;
#4101 = CARTESIAN_POINT ( 'NONE',  ( 7.249999999999999100, -4.999999999999997300, 0.0000000000000000000 ) ) ;
#4102 = LINE ( 'NONE', #794, #417 ) ;
#4103 = DIRECTION ( 'NONE',  ( 0.9289996952740624500, 0.3700804860847150500, 8.326672684688659300E-017 ) ) ;
#4104 = ORIENTED_EDGE ( 'NONE', *, *, #3775, .F. ) ;
#4105 = DIRECTION ( 'NONE',  ( 0.0000000000000000000, 0.0000000000000000000, -1.000000000000000000 ) ) ;
#4106 = EDGE_CURVE ( 'NONE', #3409, #3091, #1313, .T. ) ;
#4107 = CIRCLE ( 'NONE', #2486, 2.500000000000000000 ) ;
#4108 = CARTESIAN_POINT ( 'NONE',  ( -4.323787969906970100, -2.848677808692835700, 2.199999999999979700 ) ) ;
#4109 = ORIENTED_EDGE ( 'NONE', *, *, #479, .T. ) ;
#4110 = ORIENTED_EDGE ( 'NONE', *, *, #2383, .T. ) ;
#4111 = VECTOR ( 'NONE', #3020, 1000.000000000000000 ) ;
#4112 = DIRECTION ( 'NONE',  ( 1.110223024625154800E-016, 0.0000000000000000000, -1.000000000000000000 ) ) ;
#4113 = ORIENTED_EDGE ( 'NONE', *, *, #4332, .F. ) ;
#4114 = EDGE_LOOP ( 'NONE', ( #3351, #3799, #4489, #3805 ) ) ;
#4115 = EDGE_CURVE ( 'NONE', #2622, #3312, #3872, .T. ) ;
#4116 = CIRCLE ( 'NONE', #1192, 1.000000000000000000 ) ;
#4117 = AXIS2_PLACEMENT_3D ( 'NONE', #3767, #4118, #2029 ) ;
#4118 = DIRECTION ( 'NONE',  ( 0.0000000000000000000, 1.000000000000000000, 0.0000000000000000000 ) ) ;
#4119 = EDGE_LOOP ( 'NONE', ( #3079, #4350 ) ) ;
#4120 = ORIENTED_EDGE ( 'NONE', *, *, #1291, .F. ) ;
#4121 = CARTESIAN_POINT ( 'NONE',  ( -9.199999999999992200, -5.000000000000000900, -1.332267629550194700E-016 ) ) ;
#4122 = CARTESIAN_POINT ( 'NONE',  ( 3.000000000000002700, 10.00000000000000200, 1.500000000000001300 ) ) ;
#4123 = ADVANCED_FACE ( 'NONE', ( #1101 ), #1909, .T. ) ;
#4124 = ORIENTED_EDGE ( 'NONE', *, *, #786, .F. ) ;
#4125 = AXIS2_PLACEMENT_3D ( 'NONE', #1921, #4367, #2277 ) ;
#4126 = DIRECTION ( 'NONE',  ( 1.110223024625154800E-016, 0.0000000000000000000, -1.000000000000000000 ) ) ;
#4127 = EDGE_CURVE ( 'NONE', #2537, #2215, #2846, .T. ) ;
#4128 = VERTEX_POINT ( 'NONE', #4027 ) ;
#4129 = APPROVAL_PERSON_ORGANIZATION ( #551, #2797, #1758 ) ;
#4130 = EDGE_LOOP ( 'NONE', ( #4445, #3216, #439, #2601 ) ) ;
#4131 = APPROVAL_DATE_TIME ( #554, #2739 ) ;
#4132 = CC_DESIGN_APPROVAL ( #3904, ( #3663 ) ) ;
#4133 = EDGE_CURVE ( 'NONE', #102, #3921, #996, .T. ) ;
#4134 = ORIENTED_EDGE ( 'NONE', *, *, #683, .F. ) ;
#4135 = SHAPE_REPRESENTATION_RELATIONSHIP ( 'NONE' , 'NONE' ,  #4397, #2906 ) ;
#4136 = VERTEX_POINT ( 'NONE', #3001 ) ;
#4137 = VECTOR ( 'NONE', #2747, 1000.000000000000000 ) ;
#4138 = DIRECTION ( 'NONE',  ( 0.0000000000000000000, -0.0000000000000000000, 1.000000000000000000 ) ) ;
#4139 = EDGE_LOOP ( 'NONE', ( #352, #1463, #3356, #3002 ) ) ;
#4140 = FACE_OUTER_BOUND ( 'NONE', #2751, .T. ) ;
#4141 = AXIS2_PLACEMENT_3D ( 'NONE', #2162, #1811, #2870 ) ;
#4142 = ADVANCED_FACE ( 'NONE', ( #3762 ), #1804, .F. ) ;
#4143 = LINE ( 'NONE', #1675, #3819 ) ;
#4144 = CARTESIAN_POINT ( 'NONE',  ( 3.000000000000002700, 9.999999999999994700, 0.0000000000000000000 ) ) ;
#4145 = AXIS2_PLACEMENT_3D ( 'NONE', #2961, #2265, #186 ) ;
#4146 = CARTESIAN_POINT ( 'NONE',  ( -6.799999999999990900, 4.999999999999997300, 1.332267629550188500E-016 ) ) ;
#4147 = VECTOR ( 'NONE', #2067, 1000.000000000000000 ) ;
#4148 = DIRECTION ( 'NONE',  ( 1.636694662590740700E-016, -1.387169655721517500E-015, -1.000000000000000000 ) ) ;
#4149 = B_SPLINE_SURFACE_WITH_KNOTS ( 'NONE', 3, 1, ( 
 ( #2044, #3435 ),
 ( #2752, #680 ),
 ( #3109, #1023 ),
 ( #3445, #1360 ) ),
 .UNSPECIFIED., .F., .F., .F.,
 ( 4, 4 ),
 ( 2, 2 ),
 ( 0.0000000000000000000, 1.000000000000000000 ),
 ( 0.0000000000000000000, 1.000000000000000000 ),
 .UNSPECIFIED. ) ;
#4150 = CARTESIAN_POINT ( 'NONE',  ( -4.556383268983860400, 1.087200469433224900, 2.199999999999993500 ) ) ;
#4151 = DIRECTION ( 'NONE',  ( -1.110223024625154800E-016, 0.0000000000000000000, 1.000000000000000000 ) ) ;
#4152 = VECTOR ( 'NONE', #2994, 1000.000000000000000 ) ;
#4153 = VERTEX_POINT ( 'NONE', #932 ) ;
#4154 = DIRECTION ( 'NONE',  ( 1.000000000000000000, 0.0000000000000000000, 2.065146995210482000E-016 ) ) ;
#4155 = EDGE_CURVE ( 'NONE', #2009, #2646, #3230, .T. ) ;
#4156 = AXIS2_PLACEMENT_3D ( 'NONE', #1814, #4250, #2164 ) ;
#4157 = VECTOR ( 'NONE', #741, 1000.000000000000000 ) ;
#4158 = CIRCLE ( 'NONE', #781, 1.200000000000002200 ) ;
#4159 = ORIENTED_EDGE ( 'NONE', *, *, #2072, .T. ) ;
#4160 = CARTESIAN_POINT ( 'NONE',  ( -5.304133718748806500, -3.122681189781623300, 2.000000000000005800 ) ) ;
#4161 = PERSON_AND_ORGANIZATION_ROLE ( 'classification_officer' ) ;
#4162 = DIRECTION ( 'NONE',  ( 1.110223024625154800E-016, 0.0000000000000000000, -1.000000000000000000 ) ) ;
#4163 = CYLINDRICAL_SURFACE ( 'NONE', #3273, 2.000000000000003100 ) ;
#4164 = DIRECTION ( 'NONE',  ( -1.110223024625154800E-016, 0.0000000000000000000, 1.000000000000000000 ) ) ;
#4165 = ORIENTED_EDGE ( 'NONE', *, *, #3279, .T. ) ;
#4166 = DIRECTION ( 'NONE',  ( -0.0000000000000000000, -0.0000000000000000000, 1.000000000000000000 ) ) ;
#4167 = ADVANCED_FACE ( 'NONE', ( #176 ), #4476, .F. ) ;
#4168 = ORIENTED_EDGE ( 'NONE', *, *, #179, .T. ) ;
#4169 = CIRCLE ( 'NONE', #3917, 0.9250000000000013800 ) ;
#4170 = CARTESIAN_POINT ( 'NONE',  ( -5.507214920650829600, -1.826564049824779000, 2.000000000000001800 ) ) ;
#4171 = ORIENTED_EDGE ( 'NONE', *, *, #677, .T. ) ;
#4172 = DIRECTION ( 'NONE',  ( 0.0000000000000000000, -1.000000000000000000, 0.0000000000000000000 ) ) ;
#4173 = ORIENTED_EDGE ( 'NONE', *, *, #3475, .T. ) ;
#4174 = ORIENTED_EDGE ( 'NONE', *, *, #4365, .T. ) ;
#4175 = EDGE_CURVE ( 'NONE', #3312, #3473, #2733, .T. ) ;
#4176 = B_SPLINE_SURFACE_WITH_KNOTS ( 'NONE', 3, 1, ( 
 ( #552, #2660 ),
 ( #1965, #4404 ),
 ( #2309, #240 ),
 ( #2672, #593 ) ),
 .UNSPECIFIED., .F., .F., .F.,
 ( 4, 4 ),
 ( 2, 2 ),
 ( 0.0000000000000000000, 1.000000000000000000 ),
 ( 0.0000000000000000000, 1.000000000000000000 ),
 .UNSPECIFIED. ) ;
#4177 = AXIS2_PLACEMENT_3D ( 'NONE', #1211, #1903, #4340 ) ;
#4178 = ORIENTED_EDGE ( 'NONE', *, *, #210, .F. ) ;
#4179 = APPROVAL_STATUS ( 'not_yet_approved' ) ;
#4180 = DIRECTION ( 'NONE',  ( 0.0000000000000000000, 1.000000000000000000, 0.0000000000000000000 ) ) ;
#4181 = DIRECTION ( 'NONE',  ( -1.110223024625154800E-016, 0.0000000000000000000, 1.000000000000000000 ) ) ;
#4182 = VERTEX_POINT ( 'NONE', #4408 ) ;
#4183 = LOCAL_TIME ( 10, 45, 22.00000000000000000, #602 ) ;
#4184 = CARTESIAN_POINT ( 'NONE',  ( -4.300000000232853600, 2.774035829306631400, 2.000000000000001800 ) ) ;
#4185 = EDGE_CURVE ( 'NONE', #2753, #4153, #2623, .T. ) ;
#4186 = VERTEX_POINT ( 'NONE', #1284 ) ;
#4187 = VERTEX_POINT ( 'NONE', #3718 ) ;
#4188 = COORDINATED_UNIVERSAL_TIME_OFFSET ( 9, 0, .AHEAD. ) ;
#4189 = ADVANCED_FACE ( 'NONE', ( #4364 ), #1980, .F. ) ;
#4190 = ORIENTED_EDGE ( 'NONE', *, *, #3667, .F. ) ;
#4191 = APPROVAL ( #2817, 'UNKNOWN' ) ;
#4192 = VECTOR ( 'NONE', #2844, 1000.000000000000000 ) ;
#4193 = DIRECTION ( 'NONE',  ( 1.000000000000000000, 0.0000000000000000000, -3.740497495074990900E-014 ) ) ;
#4194 = DATE_TIME_ROLE ( 'classification_date' ) ;
#4195 = EDGE_CURVE ( 'NONE', #872, #1454, #3546, .T. ) ;
#4196 = DIRECTION ( 'NONE',  ( 1.000000000000000000, 0.0000000000000000000, 9.035018104045853400E-017 ) ) ;
#4197 = CIRCLE ( 'NONE', #1481, 2.500000000000004000 ) ;
#4198 = CARTESIAN_POINT ( 'NONE',  ( -1.026956297778269800E-016, 5.499999999999998200, 4.425000000000000700 ) ) ;
#4199 = CARTESIAN_POINT ( 'NONE',  ( 10.50000000076937900, -10.00000000000000200, 1.000000000000000900 ) ) ;
#4200 = CIRCLE ( 'NONE', #954, 0.9999999999999947800 ) ;
#4201 = DIRECTION ( 'NONE',  ( 0.0000000000000000000, -1.000000000000000000, 0.0000000000000000000 ) ) ;
#4202 = CARTESIAN_POINT ( 'NONE',  ( 2.775557561562891400E-016, -5.200000000000000200, 0.9999999999999956700 ) ) ;
#4203 = AXIS2_PLACEMENT_3D ( 'NONE', #469, #3591, #1505 ) ;
#4204 = CIRCLE ( 'NONE', #1125, 2.099999999999999600 ) ;
#4205 = DIRECTION ( 'NONE',  ( 0.0000000000000000000, 1.000000000000000000, 0.0000000000000000000 ) ) ;
#4206 = APPROVAL_ROLE ( '' ) ;
#4207 = VECTOR ( 'NONE', #2381, 1000.000000000000000 ) ;
#4208 = CARTESIAN_POINT ( 'NONE',  ( -4.899378306273502100, -2.853029665593337100, 2.000000000000001800 ) ) ;
#4209 = AXIS2_PLACEMENT_3D ( 'NONE', #3517, #1434, #3866 ) ;
#4210 = LINE ( 'NONE', #2928, #1439 ) ;
#4211 = EDGE_CURVE ( 'NONE', #3735, #2537, #892, .T. ) ;
#4212 = CARTESIAN_POINT ( 'NONE',  ( -3.000000000000002700, 5.200000000000002800, 0.7500000000000006700 ) ) ;
#4213 = ADVANCED_FACE ( 'NONE', ( #674 ), #3330, .F. ) ;
#4214 = LINE ( 'NONE', #2500, #744 ) ;
#4215 = DIRECTION ( 'NONE',  ( 1.110223024625154800E-016, 0.0000000000000000000, -1.000000000000000000 ) ) ;
#4216 = ORIENTED_EDGE ( 'NONE', *, *, #2298, .T. ) ;
#4217 = CARTESIAN_POINT ( 'NONE',  ( -10.49999999999999500, -10.00000000000000200, 0.0000000000000000000 ) ) ;
#4218 = LINE ( 'NONE', #921, #3296 ) ;
#4219 = CARTESIAN_POINT ( 'NONE',  ( -6.799999999999990900, 4.999999999999997300, 0.5999999999999999800 ) ) ;
#4220 = PRODUCT_DEFINITION ( 'UNKNOWN', '', #887, #3507 ) ;
#4221 = ORIENTED_EDGE ( 'NONE', *, *, #2406, .T. ) ;
#4222 = ORIENTED_EDGE ( 'NONE', *, *, #2659, .T. ) ;
#4223 = EDGE_CURVE ( 'NONE', #879, #3150, #3651, .T. ) ;
#4224 = FACE_OUTER_BOUND ( 'NONE', #4085, .T. ) ;
#4225 = ORIENTED_EDGE ( 'NONE', *, *, #3775, .T. ) ;
#4226 = ORIENTED_EDGE ( 'NONE', *, *, #239, .T. ) ;
#4227 = DIRECTION ( 'NONE',  ( 0.0000000000000000000, 1.000000000000000000, 0.0000000000000000000 ) ) ;
#4228 = ORIENTED_EDGE ( 'NONE', *, *, #700, .T. ) ;
#4229 = VECTOR ( 'NONE', #4215, 1000.000000000000000 ) ;
#4230 = DIRECTION ( 'NONE',  ( 0.0000000000000000000, -1.000000000000000000, 0.0000000000000000000 ) ) ;
#4231 = DIRECTION ( 'NONE',  ( -0.0000000000000000000, 1.000000000000000000, -0.0000000000000000000 ) ) ;
#4232 = EDGE_LOOP ( 'NONE', ( #2391, #549, #1778, #2860 ) ) ;
#4233 = CARTESIAN_POINT ( 'NONE',  ( 0.0000000000000000000, -4.699999999999999300, 3.499999999999999600 ) ) ;
#4234 = ORIENTED_EDGE ( 'NONE', *, *, #1997, .F. ) ;
#4235 = CARTESIAN_POINT ( 'NONE',  ( -3.552713678800500900E-015, 0.9999999999999531500, -2.041049228466265100E-015 ) ) ;
#4236 = ORIENTED_EDGE ( 'NONE', *, *, #3657, .T. ) ;
#4237 = ORIENTED_EDGE ( 'NONE', *, *, #3344, .F. ) ;
#4238 = CALENDAR_DATE ( 2019, 25, 3 ) ;
#4239 = EDGE_CURVE ( 'NONE', #3479, #2416, #3434, .T. ) ;
#4240 = ORIENTED_EDGE ( 'NONE', *, *, #4283, .F. ) ;
#4241 = ORIENTED_EDGE ( 'NONE', *, *, #2544, .F. ) ;
#4242 = ORIENTED_EDGE ( 'NONE', *, *, #2392, .F. ) ;
#4243 = DIRECTION ( 'NONE',  ( 1.000000000000000000, 0.0000000000000000000, 9.035018104045853400E-017 ) ) ;
#4244 = APPROVAL_PERSON_ORGANIZATION ( #666, #2739, #1904 ) ;
#4245 = ORIENTED_EDGE ( 'NONE', *, *, #1534, .T. ) ;
#4246 = CARTESIAN_POINT ( 'NONE',  ( -4.853013033882414000, -0.7465346013785789700, 2.199999999999979700 ) ) ;
#4247 = EDGE_CURVE ( 'NONE', #3845, #313, #2393, .T. ) ;
#4248 = DIRECTION ( 'NONE',  ( 0.0000000000000000000, -1.000000000000000000, 0.0000000000000000000 ) ) ;
#4249 = DIRECTION ( 'NONE',  ( 1.000000000000000000, 0.0000000000000000000, 1.110223024625154800E-016 ) ) ;
#4250 = DIRECTION ( 'NONE',  ( 0.0000000000000000000, 0.0000000000000000000, -1.000000000000000000 ) ) ;
#4251 = ORIENTED_EDGE ( 'NONE', *, *, #1828, .F. ) ;
#4252 = CIRCLE ( 'NONE', #1159, 2.500000000000004000 ) ;
#4253 = ORIENTED_EDGE ( 'NONE', *, *, #4175, .F. ) ;
#4254 = LINE ( 'NONE', #743, #2395 ) ;
#4255 = EDGE_CURVE ( 'NONE', #1016, #3789, #1482, .T. ) ;
#4256 = DIRECTION ( 'NONE',  ( 1.000000000000000000, 0.0000000000000000000, 1.032573497605241000E-016 ) ) ;
#4257 = VECTOR ( 'NONE', #1960, 1000.000000000000000 ) ;
#4258 = CARTESIAN_POINT ( 'NONE',  ( 8.000000000000000000, 4.999999999999997300, 1.500000000000001300 ) ) ;
#4259 = DIRECTION ( 'NONE',  ( -1.110223024625154800E-016, 0.0000000000000000000, 1.000000000000000000 ) ) ;
#4260 = DIRECTION ( 'NONE',  ( 0.0000000000000000000, -1.000000000000000000, 0.0000000000000000000 ) ) ;
#4261 = FACE_OUTER_BOUND ( 'NONE', #1773, .T. ) ;
#4262 = CARTESIAN_POINT ( 'NONE',  ( -5.502944865571804700, 0.6428366150176070300, 2.199999999999993500 ) ) ;
#4263 =( NAMED_UNIT ( * ) PLANE_ANGLE_UNIT ( ) SI_UNIT ( $, .RADIAN. ) );
#4264 = EDGE_CURVE ( 'NONE', #4294, #3746, #4252, .T. ) ;
#4265 = VECTOR ( 'NONE', #3274, 1000.000000000000000 ) ;
#4266 = LINE ( 'NONE', #1068, #1494 ) ;
#4267 = DIRECTION ( 'NONE',  ( -1.000000000000000000, 0.0000000000000000000, 0.0000000000000000000 ) ) ;
#4268 = CIRCLE ( 'NONE', #4357, 0.2999999999999999300 ) ;
#4269 = AXIS2_PLACEMENT_3D ( 'NONE', #646, #3072, #993 ) ;
#4270 = EDGE_CURVE ( 'NONE', #4054, #937, #3217, .T. ) ;
#4271 = VERTEX_POINT ( 'NONE', #2722 ) ;
#4272 = DIRECTION ( 'NONE',  ( 0.0000000000000000000, -1.000000000000000000, 0.0000000000000000000 ) ) ;
#4273 = FACE_OUTER_BOUND ( 'NONE', #201, .T. ) ;
#4274 = CARTESIAN_POINT ( 'NONE',  ( 1.157291225194248800E-016, -4.699999999999999300, 4.444999999999999400 ) ) ;
#4275 = CARTESIAN_POINT ( 'NONE',  ( -7.999999999999992900, 4.999999999999997300, 1.999999999999974000 ) ) ;
#4276 = CARTESIAN_POINT ( 'NONE',  ( -4.853013033882372300, -0.8283200624523214800, 1.999999999999970500 ) ) ;
#4277 = EDGE_LOOP ( 'NONE', ( #4454, #3901, #2619, #1679 ) ) ;
#4278 = CARTESIAN_POINT ( 'NONE',  ( -4.472135954000005900, 0.0000000000000000000, 1.999999999999998200 ) ) ;
#4279 = VERTEX_POINT ( 'NONE', #2025 ) ;
#4280 = DIRECTION ( 'NONE',  ( 0.0000000000000000000, 1.000000000000000000, 0.0000000000000000000 ) ) ;
#4281 = PRODUCT_DEFINITION_FORMATION_WITH_SPECIFIED_SOURCE ( 'ANY', '', #4067, .NOT_KNOWN. ) ;
#4282 = CONICAL_SURFACE ( 'NONE', #3526, 0.7999999999999959400, 0.7853981633974511700 ) ;
#4283 = EDGE_CURVE ( 'NONE', #1304, #1187, #4032, .T. ) ;
#4284 = ORIENTED_EDGE ( 'NONE', *, *, #4512, .F. ) ;
#4285 = ORIENTED_EDGE ( 'NONE', *, *, #3261, .F. ) ;
#4286 = DIRECTION ( 'NONE',  ( -0.7071067811865472400, 8.659560562354941500E-017, 0.7071067811865479100 ) ) ;
#4287 = ORIENTED_EDGE ( 'NONE', *, *, #169, .T. ) ;
#4288 = ORIENTED_EDGE ( 'NONE', *, *, #1224, .T. ) ;
#4289 = DIRECTION ( 'NONE',  ( 1.110223024625154800E-016, 0.0000000000000000000, -1.000000000000000000 ) ) ;
#4290 = CARTESIAN_POINT ( 'NONE',  ( 3.500000000000003100, -10.00000000000000200, 2.000000000000001800 ) ) ;
#4291 = CARTESIAN_POINT ( 'NONE',  ( -5.507214920650829600, -2.336958334505153000, 2.199999999999993500 ) ) ;
#4292 = DIRECTION ( 'NONE',  ( -1.110223024625154900E-016, 0.0000000000000000000, 1.000000000000000000 ) ) ;
#4293 = AXIS2_PLACEMENT_3D ( 'NONE', #3365, #1277, #3710 ) ;
#4294 = VERTEX_POINT ( 'NONE', #3431 ) ;
#4295 = APPROVAL_DATE_TIME ( #715, #2182 ) ;
#4296 = ORIENTED_EDGE ( 'NONE', *, *, #1370, .T. ) ;
#4297 = ORIENTED_EDGE ( 'NONE', *, *, #1591, .T. ) ;
#4298 = DATE_AND_TIME ( #721, #1638 ) ;
#4299 = SHAPE_REPRESENTATION ( 'SC170-04883_HG-MF08å^_ñ{ëÃA', ( #1047 ), #826 ) ;
#4300 = AXIS2_PLACEMENT_3D ( 'NONE', #252, #2687, #608 ) ;
#4301 = CARTESIAN_POINT ( 'NONE',  ( -3.499999999999933800, -5.200000000000000200, 1.499999999999990900 ) ) ;
#4302 = EDGE_LOOP ( 'NONE', ( #3683, #278, #3847, #2369 ) ) ;
#4303 = LINE ( 'NONE', #3174, #4416 ) ;
#4304 = CARTESIAN_POINT ( 'NONE',  ( 10.10000000000000100, 4.999999999999997300, 1.500000000000001300 ) ) ;
#4305 = CARTESIAN_POINT ( 'NONE',  ( -4.467217238570894400, -3.194280279040784300, 2.199999999999993500 ) ) ;
#4306 = SECURITY_CLASSIFICATION ( '', '', #1411 ) ;
#4307 = CARTESIAN_POINT ( 'NONE',  ( -5.507214920650829600, -1.826564049824779000, 2.199999999999993500 ) ) ;
#4308 = FACE_OUTER_BOUND ( 'NONE', #4013, .T. ) ;
#4309 = DIRECTION ( 'NONE',  ( 1.000000000000000000, 0.0000000000000000000, 1.110223024625154800E-016 ) ) ;
#4310 = APPROVAL_ROLE ( '' ) ;
#4311 = CYLINDRICAL_SURFACE ( 'NONE', #497, 2.500000000000000000 ) ;
#4312 = B_SPLINE_CURVE_WITH_KNOTS ( 'NONE', 3,
 ( #1444, #390, #4208, #3877 ),
 .UNSPECIFIED., .F., .F.,
 ( 4, 4 ),
 ( 0.0000000000000000000, 1.000000000000000000 ),
 .UNSPECIFIED. ) ;
#4313 = CIRCLE ( 'NONE', #435, 0.5000000000000000000 ) ;
#4314 = CARTESIAN_POINT ( 'NONE',  ( -4.951044336693750700, -0.7855867909330946900, 2.200000000000007300 ) ) ;
#4315 = CARTESIAN_POINT ( 'NONE',  ( -2.000000000000001800, 5.200000000000002800, 0.0000000000000000000 ) ) ;
#4316 = VECTOR ( 'NONE', #3080, 1000.000000000000000 ) ;
#4317 = CARTESIAN_POINT ( 'NONE',  ( -10.49999999999999500, -8.000000000000000000, 1.999999999999988000 ) ) ;
#4318 = DIRECTION ( 'NONE',  ( 1.000000000000000000, 0.0000000000000000000, 0.0000000000000000000 ) ) ;
#4319 = VECTOR ( 'NONE', #4286, 999.9999999999998900 ) ;
#4320 = DIRECTION ( 'NONE',  ( -0.0000000000000000000, 1.000000000000000000, -0.0000000000000000000 ) ) ;
#4321 = DIRECTION ( 'NONE',  ( 1.110223024625154800E-016, 0.0000000000000000000, -1.000000000000000000 ) ) ;
#4322 = FACE_BOUND ( 'NONE', #2436, .T. ) ;
#4323 = APPROVAL_STATUS ( 'not_yet_approved' ) ;
#4324 = EDGE_CURVE ( 'NONE', #2375, #2441, #2287, .T. ) ;
#4325 = AXIS2_PLACEMENT_3D ( 'NONE', #4438, #2343, #271 ) ;
#4326 = VERTEX_POINT ( 'NONE', #1699 ) ;
#4327 = VECTOR ( 'NONE', #4368, 999.9999999999998900 ) ;
#4328 = CARTESIAN_POINT ( 'NONE',  ( 0.0000000000000000000, -5.200000000000000200, 3.499999999999999600 ) ) ;
#4329 = ORIENTED_EDGE ( 'NONE', *, *, #641, .F. ) ;
#4330 = ORIENTED_EDGE ( 'NONE', *, *, #3013, .T. ) ;
#4331 = LINE ( 'NONE', #1588, #3406 ) ;
#4332 = EDGE_CURVE ( 'NONE', #2324, #1121, #2183, .T. ) ;
#4333 = CARTESIAN_POINT ( 'NONE',  ( -5.507214920650829600, -0.9566671202885790300, 2.199999999999993500 ) ) ;
#4334 = ORIENTED_EDGE ( 'NONE', *, *, #4211, .F. ) ;
#4335 = DIRECTION ( 'NONE',  ( -1.000000000000000000, 0.0000000000000000000, 0.0000000000000000000 ) ) ;
#4336 = VERTEX_POINT ( 'NONE', #3088 ) ;
#4337 = CARTESIAN_POINT ( 'NONE',  ( -6.938893903907228400E-015, -1.387778780781445700E-014, 19.79999999999999700 ) ) ;
#4338 = VERTEX_POINT ( 'NONE', #3103 ) ;
#4339 = CARTESIAN_POINT ( 'NONE',  ( -4.321693843278199100, -1.641675573010550800, 2.200000000000007300 ) ) ;
#4340 = DIRECTION ( 'NONE',  ( 0.0000000000000000000, 1.000000000000000000, 0.0000000000000000000 ) ) ;
#4341 = APPLICATION_PROTOCOL_DEFINITION ( 'international standard', 'config_control_design', 1994, #1513 ) ;
#4342 = EDGE_LOOP ( 'NONE', ( #977, #2212, #2113, #4284, #4441, #1199, #3364, #752 ) ) ;
#4343 = ORIENTED_EDGE ( 'NONE', *, *, #1429, .F. ) ;
#4344 = EDGE_CURVE ( 'NONE', #1456, #32, #452, .T. ) ;
#4345 = EDGE_LOOP ( 'NONE', ( #1498, #1061, #4020, #1389 ) ) ;
#4346 = PLANE ( 'NONE',  #2643 ) ;
#4347 = ORIENTED_EDGE ( 'NONE', *, *, #3768, .F. ) ;
#4348 = LOCAL_TIME ( 10, 45, 22.00000000000000000, #768 ) ;
#4349 = DIRECTION ( 'NONE',  ( -4.589215544912187200E-016, -1.000000000000000000, 0.0000000000000000000 ) ) ;
#4350 = ORIENTED_EDGE ( 'NONE', *, *, #3429, .T. ) ;
#4351 = DIRECTION ( 'NONE',  ( -1.110223024625154800E-016, 0.0000000000000000000, 1.000000000000000000 ) ) ;
#4352 = ORIENTED_EDGE ( 'NONE', *, *, #2582, .F. ) ;
#4353 = COORDINATED_UNIVERSAL_TIME_OFFSET ( 9, 0, .AHEAD. ) ;
#4354 = DIRECTION ( 'NONE',  ( 8.673617379884035500E-016, 0.0000000000000000000, -1.000000000000000000 ) ) ;
#4355 = EDGE_CURVE ( 'NONE', #448, #1822, #1258, .T. ) ;
#4356 = DIRECTION ( 'NONE',  ( 1.110223024625154800E-016, 0.0000000000000000000, -1.000000000000000000 ) ) ;
#4357 = AXIS2_PLACEMENT_3D ( 'NONE', #2769, #691, #3120 ) ;
#4358 = CARTESIAN_POINT ( 'NONE',  ( 3.000000000000002700, 5.000000000000004400, 1.500000000000001300 ) ) ;
#4359 = ADVANCED_FACE ( 'NONE', ( #1154 ), #3790, .T. ) ;
#4360 = VERTEX_POINT ( 'NONE', #2055 ) ;
#4361 = ORIENTED_EDGE ( 'NONE', *, *, #3657, .F. ) ;
#4362 = AXIS2_PLACEMENT_3D ( 'NONE', #3318, #1230, #3659 ) ;
#4363 = DIRECTION ( 'NONE',  ( -1.110223024625154800E-016, 0.0000000000000000000, 1.000000000000000000 ) ) ;
#4364 = FACE_OUTER_BOUND ( 'NONE', #510, .T. ) ;
#4365 = EDGE_CURVE ( 'NONE', #2215, #2537, #228, .T. ) ;
#4366 = CIRCLE ( 'NONE', #4209, 2.099999999999999600 ) ;
#4367 = DIRECTION ( 'NONE',  ( -0.0000000000000000000, -1.000000000000000000, -0.0000000000000000000 ) ) ;
#4368 = DIRECTION ( 'NONE',  ( -0.7071067811865472400, 8.659560562354941500E-017, 0.7071067811865479100 ) ) ;
#4369 = DIRECTION ( 'NONE',  ( -1.110223024625154800E-016, 0.0000000000000000000, 1.000000000000000000 ) ) ;
#4370 = CC_DESIGN_PERSON_AND_ORGANIZATION_ASSIGNMENT ( #331, #692, ( #3663 ) ) ;
#4371 = DIRECTION ( 'NONE',  ( -0.0000000000000000000, -1.000000000000000000, -0.0000000000000000000 ) ) ;
#4372 = LINE ( 'NONE', #3006, #4257 ) ;
#4373 = DIRECTION ( 'NONE',  ( 1.110223024625154800E-016, 0.0000000000000000000, -1.000000000000000000 ) ) ;
#4374 = EDGE_CURVE ( 'NONE', #436, #2986, #1359, .T. ) ;
#4375 = DIRECTION ( 'NONE',  ( -1.000000000000000000, 0.0000000000000000000, -1.110223024625154600E-016 ) ) ;
#4376 = VECTOR ( 'NONE', #4126, 1000.000000000000000 ) ;
#4377 = CARTESIAN_POINT ( 'NONE',  ( -2.000000000000001800, -5.200000000000000200, 0.9999999999999974500 ) ) ;
#4378 = VECTOR ( 'NONE', #2964, 1000.000000000000000 ) ;
#4379 = ADVANCED_FACE ( 'NONE', ( #3008 ), #1042, .F. ) ;
#4380 = LINE ( 'NONE', #16, #799 ) ;
#4381 = CARTESIAN_POINT ( 'NONE',  ( -0.9860679775000047400, -5.200000000000000200, 2.000000001431995000 ) ) ;
#4382 = AXIS2_PLACEMENT_3D ( 'NONE', #3212, #3562, #792 ) ;
#4383 = VECTOR ( 'NONE', #2394, 1000.000000000000000 ) ;
#4384 = DIRECTION ( 'NONE',  ( -0.0000000000000000000, -1.000000000000000000, -0.0000000000000000000 ) ) ;
#4385 = CARTESIAN_POINT ( 'NONE',  ( -5.292501499740316400, 1.433778426501830500, 2.200000000000000600 ) ) ;
#4386 = EDGE_LOOP ( 'NONE', ( #1390, #1907, #3638, #1285 ) ) ;
#4387 = DIRECTION ( 'NONE',  ( 1.000000000000000000, 0.0000000000000000000, 0.0000000000000000000 ) ) ;
#4388 = VECTOR ( 'NONE', #3182, 1000.000000000000000 ) ;
#4389 = AXIS2_PLACEMENT_3D ( 'NONE', #3336, #1250, #3678 ) ;
#4390 = VERTEX_POINT ( 'NONE', #3130 ) ;
#4391 = ORIENTED_EDGE ( 'NONE', *, *, #291, .T. ) ;
#4392 = FACE_OUTER_BOUND ( 'NONE', #4049, .T. ) ;
#4393 = EDGE_LOOP ( 'NONE', ( #2216, #811, #511, #2222 ) ) ;
#4394 = AXIS2_PLACEMENT_3D ( 'NONE', #3846, #1760, #4196 ) ;
#4395 = AXIS2_PLACEMENT_3D ( 'NONE', #3855, #2827, #750 ) ;
#4396 = VERTEX_POINT ( 'NONE', #3472 ) ;
#4397 = SHAPE_REPRESENTATION ( 'SC170-04885_HG-MF08å^_é≤', ( #1047 ), #1509 ) ;
#4398 = DIRECTION ( 'NONE',  ( -0.0000000000000000000, -0.0000000000000000000, 1.000000000000000000 ) ) ;
#4399 = ORIENTED_EDGE ( 'NONE', *, *, #1325, .T. ) ;
#4400 = CARTESIAN_POINT ( 'NONE',  ( -5.499999999999976900, 3.334999999999997700, 1.999999999999960000 ) ) ;
#4401 = ORIENTED_EDGE ( 'NONE', *, *, #2627, .T. ) ;
#4402 = PLANE ( 'NONE',  #1293 ) ;
#4403 = APPROVAL_DATE_TIME ( #822, #1082 ) ;
#4404 = CARTESIAN_POINT ( 'NONE',  ( -4.970169602545968100, -2.782042044949417600, 1.999999999999915400 ) ) ;
#4405 = ADVANCED_FACE ( 'NONE', ( #2066 ), #702, .T. ) ;
#4406 = VERTEX_POINT ( 'NONE', #1388 ) ;
#4407 = APPROVAL_PERSON_ORGANIZATION ( #831, #2182, #2420 ) ;
#4408 = CARTESIAN_POINT ( 'NONE',  ( -4.300000000232853600, 3.334999999999997700, 2.000000000000001800 ) ) ;
#4409 = ORIENTED_EDGE ( 'NONE', *, *, #2645, .T. ) ;
#4410 = ORIENTED_EDGE ( 'NONE', *, *, #3954, .T. ) ;
#4411 = PERSON_AND_ORGANIZATION ( #2908, #3807 ) ;
#4412 = CARTESIAN_POINT ( 'NONE',  ( 9.199999999999999300, 4.999999999999997300, 0.0000000000000000000 ) ) ;
#4413 = DIRECTION ( 'NONE',  ( -1.110223024625154900E-016, 0.0000000000000000000, 1.000000000000000000 ) ) ;
#4414 = ORIENTED_EDGE ( 'NONE', *, *, #2874, .T. ) ;
#4415 = EDGE_CURVE ( 'NONE', #3140, #324, #1962, .T. ) ;
#4416 = VECTOR ( 'NONE', #2135, 1000.000000000000000 ) ;
#4417 = CARTESIAN_POINT ( 'NONE',  ( -5.507214920650829600, -1.641675573010550800, 2.199999999999993500 ) ) ;
#4418 = AXIS2_PLACEMENT_3D ( 'NONE', #2295, #221, #2658 ) ;
#4419 = DIRECTION ( 'NONE',  ( 0.0000000000000000000, -1.000000000000000000, 0.0000000000000000000 ) ) ;
#4420 = CARTESIAN_POINT ( 'NONE',  ( -5.292501499740316400, 1.433778426501830500, 2.200000000000000600 ) ) ;
#4421 = ORIENTED_EDGE ( 'NONE', *, *, #4355, .T. ) ;
#4422 = CONICAL_SURFACE ( 'NONE', #1793, 0.9450000000000000600, 0.7853981633974482800 ) ;
#4423 = CIRCLE ( 'NONE', #785, 0.5000000000000008900 ) ;
#4424 = PERSON ( 'NAUO-PER1', 'UNSPECIFIED', 'UNSPECIFIED', ('UNSPECIFIED'), ('UNSPECIFIED'), ('UNSPECIFIED') ) ;
#4425 = DIRECTION ( 'NONE',  ( 0.9060587127439392300, -0.4231519928592985500, -1.387778780781443200E-016 ) ) ;
#4426 = EDGE_CURVE ( 'NONE', #912, #4136, #119, .T. ) ;
#4427 = CIRCLE ( 'NONE', #4300, 0.9999999999999993300 ) ;
#4428 = ADVANCED_FACE ( 'NONE', ( #939 ), #3599, .F. ) ;
#4429 = CONICAL_SURFACE ( 'NONE', #670, 0.9450000000000000600, 0.7853981633974482800 ) ;
#4430 = CARTESIAN_POINT ( 'NONE',  ( -1.012729070074283500, -5.200000000000002800, 0.8409524871651440400 ) ) ;
#4431 = CC_DESIGN_APPROVAL ( #4191, ( #3725 ) ) ;
#4432 = CARTESIAN_POINT ( 'NONE',  ( 0.0000000000000000000, 4.999999999999997300, 3.499999999999999600 ) ) ;
#4433 = CARTESIAN_POINT ( 'NONE',  ( -5.507214920650829600, -1.641675573010550800, 2.199999999999993500 ) ) ;
#4434 = LINE ( 'NONE', #1695, #4207 ) ;
#4435 = EDGE_CURVE ( 'NONE', #1877, #841, #3704, .T. ) ;
#4436 = DIRECTION ( 'NONE',  ( -0.9051050021955378000, 0.4251881171912210200, 5.551115123125772200E-017 ) ) ;
#4437 = CYLINDRICAL_SURFACE ( 'NONE', #2679, 0.2999999999999999300 ) ;
#4438 = CARTESIAN_POINT ( 'NONE',  ( -2.000000000000001800, 5.200000000000002800, 0.9999999999999974500 ) ) ;
#4439 = DIRECTION ( 'NONE',  ( 1.000000000000000000, -3.469446951953608800E-016, 1.734723475976804400E-016 ) ) ;
#4440 = CIRCLE ( 'NONE', #3795, 1.000000000000001800 ) ;
#4441 = ORIENTED_EDGE ( 'NONE', *, *, #2880, .T. ) ;
#4442 = FACE_OUTER_BOUND ( 'NONE', #4386, .T. ) ;
#4443 = EDGE_LOOP ( 'NONE', ( #647, #2013, #1083 ) ) ;
#4444 = DIRECTION ( 'NONE',  ( 2.168404344971008900E-016, 1.000000000000000000, -0.0000000000000000000 ) ) ;
#4445 = ORIENTED_EDGE ( 'NONE', *, *, #1218, .T. ) ;
#4446 = DIRECTION ( 'NONE',  ( -1.110223024625154800E-016, 0.0000000000000000000, 1.000000000000000000 ) ) ;
#4447 = LINE ( 'NONE', #2962, #3520 ) ;
#4448 = DIRECTION ( 'NONE',  ( 1.110223024625154800E-016, 0.0000000000000000000, -1.000000000000000000 ) ) ;
#4449 = ORIENTED_EDGE ( 'NONE', *, *, #615, .F. ) ;
#4450 = DIRECTION ( 'NONE',  ( 0.0000000000000000000, 1.000000000000000000, 0.0000000000000000000 ) ) ;
#4451 = ADVANCED_FACE ( 'NONE', ( #2678, #6 ), #3838, .T. ) ;
#4452 = ORIENTED_EDGE ( 'NONE', *, *, #434, .F. ) ;
#4453 = AXIS2_PLACEMENT_3D ( 'NONE', #788, #3207, #1130 ) ;
#4454 = ORIENTED_EDGE ( 'NONE', *, *, #1234, .F. ) ;
#4455 = CARTESIAN_POINT ( 'NONE',  ( -5.304542727856007100, -2.336958334505153000, 2.200000000000007300 ) ) ;
#4456 = EDGE_CURVE ( 'NONE', #890, #4279, #1743, .T. ) ;
#4457 = DIRECTION ( 'NONE',  ( 0.0000000000000000000, 0.0000000000000000000, 1.000000000000000000 ) ) ;
#4458 = ORIENTED_EDGE ( 'NONE', *, *, #2383, .F. ) ;
#4459 = VERTEX_POINT ( 'NONE', #1424 ) ;
#4460 = ORIENTED_EDGE ( 'NONE', *, *, #2861, .F. ) ;
#4461 = ORIENTED_EDGE ( 'NONE', *, *, #2072, .F. ) ;
#4462 = APPROVAL ( #4323, 'UNSPECIFIED' ) ;
#4463 = ORIENTED_EDGE ( 'NONE', *, *, #4332, .T. ) ;
#4464 = APPROVAL_DATE_TIME ( #882, #1632 ) ;
#4465 = EDGE_CURVE ( 'NONE', #4294, #2986, #837, .T. ) ;
#4466 = DIRECTION ( 'NONE',  ( 0.0000000000000000000, -1.000000000000000000, 0.0000000000000000000 ) ) ;
#4467 = DIRECTION ( 'NONE',  ( 0.0000000000000000000, -1.000000000000000000, 0.0000000000000000000 ) ) ;
#4468 = VERTEX_POINT ( 'NONE', #381 ) ;
#4469 = ORIENTED_EDGE ( 'NONE', *, *, #291, .F. ) ;
#4470 = DATE_AND_TIME ( #886, #1792 ) ;
#4471 = PLANE ( 'NONE',  #1214 ) ;
#4472 = ORIENTED_EDGE ( 'NONE', *, *, #1755, .T. ) ;
#4473 = CARTESIAN_POINT ( 'NONE',  ( -7.999999999999992900, 10.00000000000000200, 1.999999999999974000 ) ) ;
#4474 = ADVANCED_FACE ( 'NONE', ( #1641 ), #398, .F. ) ;
#4475 = VERTEX_POINT ( 'NONE', #2466 ) ;
#4476 = CYLINDRICAL_SURFACE ( 'NONE', #226, 1.199999999999999700 ) ;
#4477 = EDGE_CURVE ( 'NONE', #995, #1934, #3487, .T. ) ;
#4478 = AXIS2_PLACEMENT_3D ( 'NONE', #2479, #408, #2841 ) ;
#4479 = VECTOR ( 'NONE', #1056, 1000.000000000000000 ) ;
#4480 = CARTESIAN_POINT ( 'NONE',  ( -5.304133718748806500, -3.122681189781623300, 2.000000000000001800 ) ) ;
#4481 = CARTESIAN_POINT ( 'NONE',  ( -4.652451328080648100, -2.694481375282165000, 1.999999999999998200 ) ) ;
#4482 = FACE_BOUND ( 'NONE', #209, .T. ) ;
#4483 = DIRECTION ( 'NONE',  ( 1.110223024625154800E-016, -0.0000000000000000000, -1.000000000000000000 ) ) ;
#4484 = EDGE_CURVE ( 'NONE', #365, #2009, #4303, .T. ) ;
#4485 = FACE_BOUND ( 'NONE', #906, .T. ) ;
#4486 = LINE ( 'NONE', #2826, #1815 ) ;
#4487 = CARTESIAN_POINT ( 'NONE',  ( 2.484519975037506400, 0.0000000000000000000, 3.777777777440233500 ) ) ;
#4488 = CIRCLE ( 'NONE', #2785, 0.3000000000000003800 ) ;
#4489 = ORIENTED_EDGE ( 'NONE', *, *, #1142, .T. ) ;
#4490 = VERTEX_POINT ( 'NONE', #4219 ) ;
#4491 = CARTESIAN_POINT ( 'NONE',  ( -5.507214920650829600, -0.3850359920796880800, 2.199999999999993500 ) ) ;
#4492 = EDGE_CURVE ( 'NONE', #3060, #4338, #614, .T. ) ;
#4493 = CARTESIAN_POINT ( 'NONE',  ( -2.541832815999997700, 4.999999999999997300, 6.035999999999999600 ) ) ;
#4494 = ADVANCED_FACE ( 'NONE', ( #723 ), #1420, .T. ) ;
#4495 = FACE_OUTER_BOUND ( 'NONE', #3086, .T. ) ;
#4496 = DIRECTION ( 'NONE',  ( 0.0000000000000000000, -1.000000000000000000, 0.0000000000000000000 ) ) ;
#4497 = EDGE_LOOP ( 'NONE', ( #2665, #1233, #716, #3587 ) ) ;
#4498 = EDGE_LOOP ( 'NONE', ( #3571, #3209, #4018, #1668 ) ) ;
#4499 = VECTOR ( 'NONE', #3501, 1000.000000000000000 ) ;
#4500 = CARTESIAN_POINT ( 'NONE',  ( -4.652451328080661400, -2.694481375282165000, 2.199999999999952200 ) ) ;
#4501 = EDGE_LOOP ( 'NONE', ( #1241, #4330, #3112, #1245 ) ) ;
#4502 = ORIENTED_EDGE ( 'NONE', *, *, #2821, .F. ) ;
#4503 = EDGE_CURVE ( 'NONE', #1031, #3457, #2337, .T. ) ;
#4504 = VECTOR ( 'NONE', #2248, 1000.000000000000000 ) ;
#4505 = AXIS2_PLACEMENT_3D ( 'NONE', #4217, #1106, #3538 ) ;
#4506 = ORIENTED_EDGE ( 'NONE', *, *, #1565, .T. ) ;
#4507 = ORIENTED_EDGE ( 'NONE', *, *, #4239, .F. ) ;
#4508 = DIRECTION ( 'NONE',  ( 1.000000000000000000, 0.0000000000000000000, 1.110223024625154800E-016 ) ) ;
#4509 = ORIENTED_EDGE ( 'NONE', *, *, #3337, .F. ) ;
#4510 = AXIS2_PLACEMENT_3D ( 'NONE', #227, #2664, #1257 ) ;
#4511 = PLANE ( 'NONE',  #3543 ) ;
#4512 = EDGE_CURVE ( 'NONE', #3133, #2753, #1529, .T. ) ;
#4513 = ORIENTED_EDGE ( 'NONE', *, *, #4465, .F. ) ;
#4514 = DIRECTION ( 'NONE',  ( -0.0000000000000000000, 1.000000000000000000, 8.673617379884039400E-016 ) ) ;
#4515 = DATE_AND_TIME ( #928, #1841 ) ;
#4516 = ORIENTED_EDGE ( 'NONE', *, *, #4270, .F. ) ;
#4517 = ADVANCED_FACE ( 'NONE', ( #2447 ), #431, .F. ) ;
#4518 = COORDINATED_UNIVERSAL_TIME_OFFSET ( 9, 0, .AHEAD. ) ;
#4519 = APPROVAL ( #4179, 'UNSPECIFIED' ) ;
#4520 = ADVANCED_BREP_SHAPE_REPRESENTATION ( '', ( #1996, #1047 ), #1273 ) ;
#4521 = ORIENTED_EDGE ( 'NONE', *, *, #2791, .F. ) ;
#4522 = NEXT_ASSEMBLY_USAGE_OCCURRENCE ( 'NAUO1', ' ', ' ', #263, #3118, $ ) ;
#4523 = NEXT_ASSEMBLY_USAGE_OCCURRENCE ( 'NAUO2', ' ', ' ', #263, #3663, $ ) ;
#4524 = NEXT_ASSEMBLY_USAGE_OCCURRENCE ( 'NAUO3', ' ', ' ', #263, #4220, $ ) ;
ENDSEC;
END-ISO-10303-21;
