ISO-10303-21;
HEADER;
/* Generated by software containing ST-Developer
 * from STEP Tools, Inc. (www.steptools.com) 
 */

FILE_DESCRIPTION(
/* description */ (''),
/* implementation_level */ '2;1');

FILE_NAME(
/* name */ 'Omni Wheel Lego Shaft Coupling.stp',
/* time_stamp */ '2025-09-30T01:04:30+05:30',
/* author */ ('dhruv'),
/* organization */ (''),
/* preprocessor_version */ 'ST-DEVELOPER v20.1',
/* originating_system */ 'Autodesk Inventor 2026',
/* authorisation */ '');

FILE_SCHEMA (('AUTOMOTIVE_DESIGN { 1 0 10303 214 3 1 1 }'));
ENDSEC;

DATA;
#10=MECHANICAL_DESIGN_GEOMETRIC_PRESENTATION_REPRESENTATION('',(#13),#14748);
#11=SHAPE_REPRESENTATION_RELATIONSHIP('SRR','None',#14755,#12);
#12=ADVANCED_BREP_SHAPE_REPRESENTATION('',(#14),#14747);
#13=STYLED_ITEM('',(#14764),#14);
#14=MANIFOLD_SOLID_BREP('Solid1',#7012);
#15=TOROIDAL_SURFACE('',#7400,5.85025574434163,0.25);
#16=TOROIDAL_SURFACE('',#7402,5.85025574434163,0.25);
#17=TOROIDAL_SURFACE('',#7404,5.85025574434163,0.25);
#18=TOROIDAL_SURFACE('',#7406,5.85025574434163,0.25);
#19=TOROIDAL_SURFACE('',#7408,5.85025574434163,0.25);
#20=TOROIDAL_SURFACE('',#7410,5.85025574434163,0.25);
#21=TOROIDAL_SURFACE('',#7412,5.85025574434163,0.25);
#22=TOROIDAL_SURFACE('',#7414,5.85025574434163,0.25);
#23=TOROIDAL_SURFACE('',#7416,5.85025574434163,0.25);
#24=TOROIDAL_SURFACE('',#7418,5.85025574434163,0.25);
#25=TOROIDAL_SURFACE('',#7420,5.85025574434163,0.25);
#26=TOROIDAL_SURFACE('',#7422,5.85025574434163,0.25);
#27=TOROIDAL_SURFACE('',#7424,5.85025574434163,0.25);
#28=TOROIDAL_SURFACE('',#7426,5.85025574434163,0.25);
#29=TOROIDAL_SURFACE('',#7428,5.85025574434163,0.25);
#30=TOROIDAL_SURFACE('',#7430,5.85025574434163,0.25);
#31=TOROIDAL_SURFACE('',#7432,5.85025574434163,0.25);
#32=TOROIDAL_SURFACE('',#7434,5.85025574434163,0.25);
#33=TOROIDAL_SURFACE('',#7436,5.85025574434163,0.25);
#34=TOROIDAL_SURFACE('',#7438,5.85025574434163,0.25);
#35=TOROIDAL_SURFACE('',#7440,5.85025574434163,0.25);
#36=TOROIDAL_SURFACE('',#7442,5.85025574434163,0.25);
#37=TOROIDAL_SURFACE('',#7444,5.85025574434163,0.25);
#38=TOROIDAL_SURFACE('',#7446,5.85025574434163,0.25);
#39=TOROIDAL_SURFACE('',#7448,5.85025574434163,0.25);
#40=TOROIDAL_SURFACE('',#7450,5.85025574434163,0.25);
#41=TOROIDAL_SURFACE('',#7452,5.85025574434163,0.25);
#42=TOROIDAL_SURFACE('',#7454,5.85025574434163,0.25);
#43=TOROIDAL_SURFACE('',#7456,5.85025574434163,0.25);
#44=TOROIDAL_SURFACE('',#7458,5.85025574434163,0.25);
#45=TOROIDAL_SURFACE('',#7460,5.85025574434163,0.25);
#46=TOROIDAL_SURFACE('',#7462,5.85025574434163,0.25);
#47=TOROIDAL_SURFACE('',#7464,5.85025574434163,0.25);
#48=TOROIDAL_SURFACE('',#7466,5.85025574434163,0.25);
#49=TOROIDAL_SURFACE('',#7468,5.85025574434163,0.25);
#50=TOROIDAL_SURFACE('',#7470,5.85025574434163,0.25);
#51=TOROIDAL_SURFACE('',#7472,5.85025574434163,0.25);
#52=TOROIDAL_SURFACE('',#7474,5.85025574434163,0.25);
#53=TOROIDAL_SURFACE('',#7476,5.85025574434163,0.25);
#54=TOROIDAL_SURFACE('',#7478,5.85025574434163,0.25);
#55=TOROIDAL_SURFACE('',#7480,5.85025574434163,0.25);
#56=TOROIDAL_SURFACE('',#7482,5.85025574434163,0.25);
#57=TOROIDAL_SURFACE('',#7484,5.85025574434163,0.25);
#58=TOROIDAL_SURFACE('',#7572,6.15,0.05);
#59=TOROIDAL_SURFACE('',#7573,6.15,0.05);
#60=TOROIDAL_SURFACE('',#7574,6.15,0.05);
#61=TOROIDAL_SURFACE('',#7575,6.15,0.05);
#62=TOROIDAL_SURFACE('',#7576,6.15,0.05);
#63=TOROIDAL_SURFACE('',#7577,6.15,0.05);
#64=TOROIDAL_SURFACE('',#7578,6.15,0.05);
#65=TOROIDAL_SURFACE('',#7579,6.15,0.05);
#66=TOROIDAL_SURFACE('',#7580,6.15,0.05);
#67=TOROIDAL_SURFACE('',#7581,6.15,0.05);
#68=TOROIDAL_SURFACE('',#7582,6.15,0.05);
#69=TOROIDAL_SURFACE('',#7583,6.15,0.05);
#70=TOROIDAL_SURFACE('',#7584,6.15,0.05);
#71=TOROIDAL_SURFACE('',#7585,6.15,0.05);
#72=TOROIDAL_SURFACE('',#7586,6.15,0.05);
#73=TOROIDAL_SURFACE('',#7587,6.15,0.05);
#74=TOROIDAL_SURFACE('',#7588,6.15,0.05);
#75=TOROIDAL_SURFACE('',#7589,6.15,0.05);
#76=TOROIDAL_SURFACE('',#7590,6.15,0.05);
#77=TOROIDAL_SURFACE('',#7591,6.15,0.05);
#78=TOROIDAL_SURFACE('',#7592,6.15,0.05);
#79=TOROIDAL_SURFACE('',#7593,6.15,0.05);
#80=TOROIDAL_SURFACE('',#7594,6.15,0.05);
#81=TOROIDAL_SURFACE('',#7595,6.15,0.05);
#82=TOROIDAL_SURFACE('',#7596,6.15,0.05);
#83=TOROIDAL_SURFACE('',#7597,6.15,0.05);
#84=TOROIDAL_SURFACE('',#7598,6.15,0.05);
#85=TOROIDAL_SURFACE('',#7599,6.15,0.05);
#86=TOROIDAL_SURFACE('',#7600,6.15,0.05);
#87=TOROIDAL_SURFACE('',#7601,6.15,0.05);
#88=TOROIDAL_SURFACE('',#7602,6.15,0.05);
#89=TOROIDAL_SURFACE('',#7603,6.15,0.05);
#90=TOROIDAL_SURFACE('',#7604,6.15,0.05);
#91=TOROIDAL_SURFACE('',#7605,6.15,0.05);
#92=TOROIDAL_SURFACE('',#7606,6.15,0.05);
#93=TOROIDAL_SURFACE('',#7607,6.15,0.05);
#94=TOROIDAL_SURFACE('',#7608,6.15,0.05);
#95=TOROIDAL_SURFACE('',#7609,6.15,0.05);
#96=TOROIDAL_SURFACE('',#7610,6.15,0.05);
#97=TOROIDAL_SURFACE('',#7611,6.15,0.05);
#98=TOROIDAL_SURFACE('',#7612,6.15,0.05);
#99=TOROIDAL_SURFACE('',#7613,6.15,0.05);
#100=TOROIDAL_SURFACE('',#7614,6.15,0.05);
#101=TOROIDAL_SURFACE('',#7621,6.15,0.05);
#102=TOROIDAL_SURFACE('',#7628,5.85025574434163,0.25);
#103=TOROIDAL_SURFACE('',#7635,6.85,0.1);
#104=TOROIDAL_SURFACE('',#7644,4.4,0.1);
#105=TOROIDAL_SURFACE('',#7653,5.5,1.);
#106=CONICAL_SURFACE('',#7353,5.7125,0.836201867455668);
#107=CONICAL_SURFACE('',#7631,1.1875,1.0471975511966);
#108=CONICAL_SURFACE('',#7632,1.1875,1.0471975511966);
#109=CONICAL_SURFACE('',#7633,1.1875,1.0471975511966);
#110=CONICAL_SURFACE('',#7634,1.1875,1.0471975511966);
#111=(
BOUNDED_CURVE()
B_SPLINE_CURVE(2,(#10177,#10178,#10179),.UNSPECIFIED.,.F.,.F.)
B_SPLINE_CURVE_WITH_KNOTS((3,3),(0.0136451195687693,0.0975845727724428),
 .UNSPECIFIED.)
CURVE()
GEOMETRIC_REPRESENTATION_ITEM()
RATIONAL_B_SPLINE_CURVE((1.00052585639655,1.0018803599169,1.))
REPRESENTATION_ITEM('')
);
#112=(
BOUNDED_CURVE()
B_SPLINE_CURVE(2,(#10256,#10257,#10258),.UNSPECIFIED.,.F.,.F.)
B_SPLINE_CURVE_WITH_KNOTS((3,3),(0.013645119568782,0.0975845727724427),
 .UNSPECIFIED.)
CURVE()
GEOMETRIC_REPRESENTATION_ITEM()
RATIONAL_B_SPLINE_CURVE((1.00052585639629,1.00188035991599,1.))
REPRESENTATION_ITEM('')
);
#113=(
BOUNDED_CURVE()
B_SPLINE_CURVE(2,(#10332,#10333,#10334),.UNSPECIFIED.,.F.,.F.)
B_SPLINE_CURVE_WITH_KNOTS((3,3),(0.0136451195687879,0.0975845727724425),
 .UNSPECIFIED.)
CURVE()
GEOMETRIC_REPRESENTATION_ITEM()
RATIONAL_B_SPLINE_CURVE((1.00052585639653,1.00188035991683,1.))
REPRESENTATION_ITEM('')
);
#114=(
BOUNDED_CURVE()
B_SPLINE_CURVE(2,(#10408,#10409,#10410),.UNSPECIFIED.,.F.,.F.)
B_SPLINE_CURVE_WITH_KNOTS((3,3),(0.0136451195687949,0.0975845727724427),
 .UNSPECIFIED.)
CURVE()
GEOMETRIC_REPRESENTATION_ITEM()
RATIONAL_B_SPLINE_CURVE((1.00052585639645,1.00188035991654,1.))
REPRESENTATION_ITEM('')
);
#115=(
BOUNDED_CURVE()
B_SPLINE_CURVE(2,(#10484,#10485,#10486),.UNSPECIFIED.,.F.,.F.)
B_SPLINE_CURVE_WITH_KNOTS((3,3),(0.0136451195688016,0.0975845727724428),
 .UNSPECIFIED.)
CURVE()
GEOMETRIC_REPRESENTATION_ITEM()
RATIONAL_B_SPLINE_CURVE((1.00052585639632,1.00188035991609,1.))
REPRESENTATION_ITEM('')
);
#116=(
BOUNDED_CURVE()
B_SPLINE_CURVE(2,(#10560,#10561,#10562),.UNSPECIFIED.,.F.,.F.)
B_SPLINE_CURVE_WITH_KNOTS((3,3),(0.0136451195687478,0.0975845727724426),
 .UNSPECIFIED.)
CURVE()
GEOMETRIC_REPRESENTATION_ITEM()
RATIONAL_B_SPLINE_CURVE((1.00052585639647,1.00188035991662,1.))
REPRESENTATION_ITEM('')
);
#117=(
BOUNDED_CURVE()
B_SPLINE_CURVE(2,(#10636,#10637,#10638),.UNSPECIFIED.,.F.,.F.)
B_SPLINE_CURVE_WITH_KNOTS((3,3),(0.0136451195687957,0.0975845727724428),
 .UNSPECIFIED.)
CURVE()
GEOMETRIC_REPRESENTATION_ITEM()
RATIONAL_B_SPLINE_CURVE((1.00052585639637,1.00188035991626,1.))
REPRESENTATION_ITEM('')
);
#118=(
BOUNDED_CURVE()
B_SPLINE_CURVE(2,(#10712,#10713,#10714),.UNSPECIFIED.,.F.,.F.)
B_SPLINE_CURVE_WITH_KNOTS((3,3),(0.0136451195687772,0.0975845727724428),
 .UNSPECIFIED.)
CURVE()
GEOMETRIC_REPRESENTATION_ITEM()
RATIONAL_B_SPLINE_CURVE((1.00052585639629,1.00188035991598,1.))
REPRESENTATION_ITEM('')
);
#119=(
BOUNDED_CURVE()
B_SPLINE_CURVE(2,(#10788,#10789,#10790),.UNSPECIFIED.,.F.,.F.)
B_SPLINE_CURVE_WITH_KNOTS((3,3),(0.0136451195688012,0.0975845727724426),
 .UNSPECIFIED.)
CURVE()
GEOMETRIC_REPRESENTATION_ITEM()
RATIONAL_B_SPLINE_CURVE((1.00052585639582,1.00188035991431,1.))
REPRESENTATION_ITEM('')
);
#120=(
BOUNDED_CURVE()
B_SPLINE_CURVE(2,(#10864,#10865,#10866),.UNSPECIFIED.,.F.,.F.)
B_SPLINE_CURVE_WITH_KNOTS((3,3),(0.0136451195687897,0.0975845727724427),
 .UNSPECIFIED.)
CURVE()
GEOMETRIC_REPRESENTATION_ITEM()
RATIONAL_B_SPLINE_CURVE((1.00052585639648,1.00188035991666,1.))
REPRESENTATION_ITEM('')
);
#121=(
BOUNDED_CURVE()
B_SPLINE_CURVE(2,(#10942,#10943,#10944),.UNSPECIFIED.,.F.,.F.)
B_SPLINE_CURVE_WITH_KNOTS((3,3),(0.0136451195687665,0.0975845727724427),
 .UNSPECIFIED.)
CURVE()
GEOMETRIC_REPRESENTATION_ITEM()
RATIONAL_B_SPLINE_CURVE((1.00052585639624,1.00188035991581,1.))
REPRESENTATION_ITEM('')
);
#122=(
BOUNDED_CURVE()
B_SPLINE_CURVE(2,(#11018,#11019,#11020),.UNSPECIFIED.,.F.,.F.)
B_SPLINE_CURVE_WITH_KNOTS((3,3),(0.0136451195687945,0.0975845727724428),
 .UNSPECIFIED.)
CURVE()
GEOMETRIC_REPRESENTATION_ITEM()
RATIONAL_B_SPLINE_CURVE((1.0005258563965,1.00188035991672,1.))
REPRESENTATION_ITEM('')
);
#123=(
BOUNDED_CURVE()
B_SPLINE_CURVE(2,(#11094,#11095,#11096),.UNSPECIFIED.,.F.,.F.)
B_SPLINE_CURVE_WITH_KNOTS((3,3),(0.0136451195687803,0.0975845727724427),
 .UNSPECIFIED.)
CURVE()
GEOMETRIC_REPRESENTATION_ITEM()
RATIONAL_B_SPLINE_CURVE((1.00052585639577,1.00188035991413,1.))
REPRESENTATION_ITEM('')
);
#124=(
BOUNDED_CURVE()
B_SPLINE_CURVE(2,(#11170,#11171,#11172),.UNSPECIFIED.,.F.,.F.)
B_SPLINE_CURVE_WITH_KNOTS((3,3),(0.0136451195687787,0.0975845727724427),
 .UNSPECIFIED.)
CURVE()
GEOMETRIC_REPRESENTATION_ITEM()
RATIONAL_B_SPLINE_CURVE((1.00052585639629,1.00188035991598,1.))
REPRESENTATION_ITEM('')
);
#125=(
BOUNDED_CURVE()
B_SPLINE_CURVE(2,(#11246,#11247,#11248),.UNSPECIFIED.,.F.,.F.)
B_SPLINE_CURVE_WITH_KNOTS((3,3),(0.0136451195687635,0.0975845727724428),
 .UNSPECIFIED.)
CURVE()
GEOMETRIC_REPRESENTATION_ITEM()
RATIONAL_B_SPLINE_CURVE((1.00052585639664,1.00188035991722,1.))
REPRESENTATION_ITEM('')
);
#126=(
BOUNDED_CURVE()
B_SPLINE_CURVE(2,(#11322,#11323,#11324),.UNSPECIFIED.,.F.,.F.)
B_SPLINE_CURVE_WITH_KNOTS((3,3),(0.0136451195687355,0.0975845727724426),
 .UNSPECIFIED.)
CURVE()
GEOMETRIC_REPRESENTATION_ITEM()
RATIONAL_B_SPLINE_CURVE((1.00052585639665,1.00188035991727,1.))
REPRESENTATION_ITEM('')
);
#127=(
BOUNDED_CURVE()
B_SPLINE_CURVE(2,(#11398,#11399,#11400),.UNSPECIFIED.,.F.,.F.)
B_SPLINE_CURVE_WITH_KNOTS((3,3),(0.013645119568774,0.0975845727724428),
 .UNSPECIFIED.)
CURVE()
GEOMETRIC_REPRESENTATION_ITEM()
RATIONAL_B_SPLINE_CURVE((1.00052585639666,1.00188035991728,1.))
REPRESENTATION_ITEM('')
);
#128=(
BOUNDED_CURVE()
B_SPLINE_CURVE(2,(#11474,#11475,#11476),.UNSPECIFIED.,.F.,.F.)
B_SPLINE_CURVE_WITH_KNOTS((3,3),(0.0136451195687539,0.0975845727724426),
 .UNSPECIFIED.)
CURVE()
GEOMETRIC_REPRESENTATION_ITEM()
RATIONAL_B_SPLINE_CURVE((1.00052585639713,1.00188035991897,1.))
REPRESENTATION_ITEM('')
);
#129=(
BOUNDED_CURVE()
B_SPLINE_CURVE(2,(#11550,#11551,#11552),.UNSPECIFIED.,.F.,.F.)
B_SPLINE_CURVE_WITH_KNOTS((3,3),(0.013645119568779,0.0975845727724428),
 .UNSPECIFIED.)
CURVE()
GEOMETRIC_REPRESENTATION_ITEM()
RATIONAL_B_SPLINE_CURVE((1.0005258563961,1.00188035991531,1.))
REPRESENTATION_ITEM('')
);
#130=(
BOUNDED_CURVE()
B_SPLINE_CURVE(2,(#11626,#11627,#11628),.UNSPECIFIED.,.F.,.F.)
B_SPLINE_CURVE_WITH_KNOTS((3,3),(0.0136451195687797,0.0975845727724426),
 .UNSPECIFIED.)
CURVE()
GEOMETRIC_REPRESENTATION_ITEM()
RATIONAL_B_SPLINE_CURVE((1.0005258563964,1.00188035991636,1.))
REPRESENTATION_ITEM('')
);
#131=(
BOUNDED_CURVE()
B_SPLINE_CURVE(2,(#11702,#11703,#11704),.UNSPECIFIED.,.F.,.F.)
B_SPLINE_CURVE_WITH_KNOTS((3,3),(0.0136451195687456,0.0975845727724428),
 .UNSPECIFIED.)
CURVE()
GEOMETRIC_REPRESENTATION_ITEM()
RATIONAL_B_SPLINE_CURVE((1.00052585639606,1.00188035991514,1.))
REPRESENTATION_ITEM('')
);
#132=(
BOUNDED_CURVE()
B_SPLINE_CURVE(2,(#11780,#11781,#11782),.UNSPECIFIED.,.F.,.F.)
B_SPLINE_CURVE_WITH_KNOTS((3,3),(0.0136451195687882,0.0975845727724427),
 .UNSPECIFIED.)
CURVE()
GEOMETRIC_REPRESENTATION_ITEM()
RATIONAL_B_SPLINE_CURVE((1.00052585639659,1.00188035991703,1.))
REPRESENTATION_ITEM('')
);
#133=(
BOUNDED_CURVE()
B_SPLINE_CURVE(2,(#11856,#11857,#11858),.UNSPECIFIED.,.F.,.F.)
B_SPLINE_CURVE_WITH_KNOTS((3,3),(0.013645119568823,0.0975845727724427),
 .UNSPECIFIED.)
CURVE()
GEOMETRIC_REPRESENTATION_ITEM()
RATIONAL_B_SPLINE_CURVE((1.00052585639578,1.00188035991413,1.))
REPRESENTATION_ITEM('')
);
#134=(
BOUNDED_CURVE()
B_SPLINE_CURVE(2,(#11932,#11933,#11934),.UNSPECIFIED.,.F.,.F.)
B_SPLINE_CURVE_WITH_KNOTS((3,3),(0.0136451195687653,0.0975845727724427),
 .UNSPECIFIED.)
CURVE()
GEOMETRIC_REPRESENTATION_ITEM()
RATIONAL_B_SPLINE_CURVE((1.0005258563963,1.00188035991603,1.))
REPRESENTATION_ITEM('')
);
#135=(
BOUNDED_CURVE()
B_SPLINE_CURVE(2,(#12008,#12009,#12010),.UNSPECIFIED.,.F.,.F.)
B_SPLINE_CURVE_WITH_KNOTS((3,3),(0.0136451195687973,0.0975845727724427),
 .UNSPECIFIED.)
CURVE()
GEOMETRIC_REPRESENTATION_ITEM()
RATIONAL_B_SPLINE_CURVE((1.00052585639644,1.00188035991652,1.))
REPRESENTATION_ITEM('')
);
#136=(
BOUNDED_CURVE()
B_SPLINE_CURVE(2,(#12084,#12085,#12086),.UNSPECIFIED.,.F.,.F.)
B_SPLINE_CURVE_WITH_KNOTS((3,3),(0.0136451195687589,0.0975845727724427),
 .UNSPECIFIED.)
CURVE()
GEOMETRIC_REPRESENTATION_ITEM()
RATIONAL_B_SPLINE_CURVE((1.0005258563967,1.00188035991744,1.))
REPRESENTATION_ITEM('')
);
#137=(
BOUNDED_CURVE()
B_SPLINE_CURVE(2,(#12160,#12161,#12162),.UNSPECIFIED.,.F.,.F.)
B_SPLINE_CURVE_WITH_KNOTS((3,3),(0.0136451195687743,0.0975845727724427),
 .UNSPECIFIED.)
CURVE()
GEOMETRIC_REPRESENTATION_ITEM()
RATIONAL_B_SPLINE_CURVE((1.00052585639676,1.00188035991764,1.))
REPRESENTATION_ITEM('')
);
#138=(
BOUNDED_CURVE()
B_SPLINE_CURVE(2,(#12236,#12237,#12238),.UNSPECIFIED.,.F.,.F.)
B_SPLINE_CURVE_WITH_KNOTS((3,3),(0.0136451195687866,0.0975845727724427),
 .UNSPECIFIED.)
CURVE()
GEOMETRIC_REPRESENTATION_ITEM()
RATIONAL_B_SPLINE_CURVE((1.00052585639588,1.00188035991451,1.))
REPRESENTATION_ITEM('')
);
#139=(
BOUNDED_CURVE()
B_SPLINE_CURVE(2,(#12312,#12313,#12314),.UNSPECIFIED.,.F.,.F.)
B_SPLINE_CURVE_WITH_KNOTS((3,3),(0.0136451195687979,0.0975845727724427),
 .UNSPECIFIED.)
CURVE()
GEOMETRIC_REPRESENTATION_ITEM()
RATIONAL_B_SPLINE_CURVE((1.00052585639639,1.00188035991634,1.))
REPRESENTATION_ITEM('')
);
#140=(
BOUNDED_CURVE()
B_SPLINE_CURVE(2,(#12388,#12389,#12390),.UNSPECIFIED.,.F.,.F.)
B_SPLINE_CURVE_WITH_KNOTS((3,3),(0.0136451195687329,0.0975845727724427),
 .UNSPECIFIED.)
CURVE()
GEOMETRIC_REPRESENTATION_ITEM()
RATIONAL_B_SPLINE_CURVE((1.00052585639639,1.00188035991632,1.))
REPRESENTATION_ITEM('')
);
#141=(
BOUNDED_CURVE()
B_SPLINE_CURVE(2,(#12464,#12465,#12466),.UNSPECIFIED.,.F.,.F.)
B_SPLINE_CURVE_WITH_KNOTS((3,3),(0.0136451195687719,0.0975845727724426),
 .UNSPECIFIED.)
CURVE()
GEOMETRIC_REPRESENTATION_ITEM()
RATIONAL_B_SPLINE_CURVE((1.00052585639658,1.00188035991701,1.))
REPRESENTATION_ITEM('')
);
#142=(
BOUNDED_CURVE()
B_SPLINE_CURVE(2,(#12540,#12541,#12542),.UNSPECIFIED.,.F.,.F.)
B_SPLINE_CURVE_WITH_KNOTS((3,3),(0.0136451195687975,0.0975845727724427),
 .UNSPECIFIED.)
CURVE()
GEOMETRIC_REPRESENTATION_ITEM()
RATIONAL_B_SPLINE_CURVE((1.00052585639579,1.00188035991417,1.))
REPRESENTATION_ITEM('')
);
#143=(
BOUNDED_CURVE()
B_SPLINE_CURVE(2,(#12618,#12619,#12620),.UNSPECIFIED.,.F.,.F.)
B_SPLINE_CURVE_WITH_KNOTS((3,3),(0.0136451195687864,0.0975845727724427),
 .UNSPECIFIED.)
CURVE()
GEOMETRIC_REPRESENTATION_ITEM()
RATIONAL_B_SPLINE_CURVE((1.00052585639664,1.00188035991721,1.))
REPRESENTATION_ITEM('')
);
#144=(
BOUNDED_CURVE()
B_SPLINE_CURVE(2,(#12694,#12695,#12696),.UNSPECIFIED.,.F.,.F.)
B_SPLINE_CURVE_WITH_KNOTS((3,3),(0.0136451195687695,0.0975845727724428),
 .UNSPECIFIED.)
CURVE()
GEOMETRIC_REPRESENTATION_ITEM()
RATIONAL_B_SPLINE_CURVE((1.00052585639662,1.00188035991715,1.))
REPRESENTATION_ITEM('')
);
#145=(
BOUNDED_CURVE()
B_SPLINE_CURVE(2,(#12770,#12771,#12772),.UNSPECIFIED.,.F.,.F.)
B_SPLINE_CURVE_WITH_KNOTS((3,3),(0.0136451195688036,0.0975845727724427),
 .UNSPECIFIED.)
CURVE()
GEOMETRIC_REPRESENTATION_ITEM()
RATIONAL_B_SPLINE_CURVE((1.00052585639568,1.0018803599138,1.))
REPRESENTATION_ITEM('')
);
#146=(
BOUNDED_CURVE()
B_SPLINE_CURVE(2,(#12846,#12847,#12848),.UNSPECIFIED.,.F.,.F.)
B_SPLINE_CURVE_WITH_KNOTS((3,3),(0.0136451195688141,0.0975845727724425),
 .UNSPECIFIED.)
CURVE()
GEOMETRIC_REPRESENTATION_ITEM()
RATIONAL_B_SPLINE_CURVE((1.00052585639624,1.0018803599158,1.))
REPRESENTATION_ITEM('')
);
#147=(
BOUNDED_CURVE()
B_SPLINE_CURVE(2,(#12922,#12923,#12924),.UNSPECIFIED.,.F.,.F.)
B_SPLINE_CURVE_WITH_KNOTS((3,3),(0.0136451195687635,0.0975845727724428),
 .UNSPECIFIED.)
CURVE()
GEOMETRIC_REPRESENTATION_ITEM()
RATIONAL_B_SPLINE_CURVE((1.00052585639663,1.00188035991721,1.))
REPRESENTATION_ITEM('')
);
#148=(
BOUNDED_CURVE()
B_SPLINE_CURVE(2,(#12998,#12999,#13000),.UNSPECIFIED.,.F.,.F.)
B_SPLINE_CURVE_WITH_KNOTS((3,3),(0.0136451195688018,0.0975845727724426),
 .UNSPECIFIED.)
CURVE()
GEOMETRIC_REPRESENTATION_ITEM()
RATIONAL_B_SPLINE_CURVE((1.00052585639591,1.00188035991462,1.))
REPRESENTATION_ITEM('')
);
#149=(
BOUNDED_CURVE()
B_SPLINE_CURVE(2,(#13074,#13075,#13076),.UNSPECIFIED.,.F.,.F.)
B_SPLINE_CURVE_WITH_KNOTS((3,3),(0.0136451195687704,0.0975845727724427),
 .UNSPECIFIED.)
CURVE()
GEOMETRIC_REPRESENTATION_ITEM()
RATIONAL_B_SPLINE_CURVE((1.00052585639629,1.00188035991599,1.))
REPRESENTATION_ITEM('')
);
#150=(
BOUNDED_CURVE()
B_SPLINE_CURVE(2,(#13150,#13151,#13152),.UNSPECIFIED.,.F.,.F.)
B_SPLINE_CURVE_WITH_KNOTS((3,3),(0.0136451195687539,0.0975845727724426),
 .UNSPECIFIED.)
CURVE()
GEOMETRIC_REPRESENTATION_ITEM()
RATIONAL_B_SPLINE_CURVE((1.00052585639713,1.00188035991897,1.))
REPRESENTATION_ITEM('')
);
#151=(
BOUNDED_CURVE()
B_SPLINE_CURVE(2,(#13226,#13227,#13228),.UNSPECIFIED.,.F.,.F.)
B_SPLINE_CURVE_WITH_KNOTS((3,3),(0.0136451195687878,0.0975845727724427),
 .UNSPECIFIED.)
CURVE()
GEOMETRIC_REPRESENTATION_ITEM()
RATIONAL_B_SPLINE_CURVE((1.00052585639598,1.00188035991488,1.))
REPRESENTATION_ITEM('')
);
#152=(
BOUNDED_CURVE()
B_SPLINE_CURVE(2,(#13302,#13303,#13304),.UNSPECIFIED.,.F.,.F.)
B_SPLINE_CURVE_WITH_KNOTS((3,3),(0.0136451195687829,0.0975845727724426),
 .UNSPECIFIED.)
CURVE()
GEOMETRIC_REPRESENTATION_ITEM()
RATIONAL_B_SPLINE_CURVE((1.00052585639626,1.00188035991586,1.))
REPRESENTATION_ITEM('')
);
#153=(
BOUNDED_CURVE()
B_SPLINE_CURVE(2,(#13368,#13369,#13370),.UNSPECIFIED.,.F.,.F.)
B_SPLINE_CURVE_WITH_KNOTS((3,3),(0.,0.083939453203678),.UNSPECIFIED.)
CURVE()
GEOMETRIC_REPRESENTATION_ITEM()
RATIONAL_B_SPLINE_CURVE((1.,1.00188035991577,1.00052585639623))
REPRESENTATION_ITEM('')
);
#154=(
BOUNDED_CURVE()
B_SPLINE_CURVE(2,(#13431,#13432,#13433),.UNSPECIFIED.,.F.,.F.)
B_SPLINE_CURVE_WITH_KNOTS((3,3),(0.013645119568785,0.0975845727724427),
 .UNSPECIFIED.)
CURVE()
GEOMETRIC_REPRESENTATION_ITEM()
RATIONAL_B_SPLINE_CURVE((1.00052585639715,1.00188035991906,1.))
REPRESENTATION_ITEM('')
);
#155=(
BOUNDED_CURVE()
B_SPLINE_CURVE(2,(#13455,#13456,#13457),.UNSPECIFIED.,.F.,.F.)
B_SPLINE_CURVE_WITH_KNOTS((3,3),(0.,0.0839394532036987),.UNSPECIFIED.)
CURVE()
GEOMETRIC_REPRESENTATION_ITEM()
RATIONAL_B_SPLINE_CURVE((1.,1.00188035991598,1.00052585639629))
REPRESENTATION_ITEM('')
);
#156=(
BOUNDED_CURVE()
B_SPLINE_CURVE(2,(#13476,#13477,#13478),.UNSPECIFIED.,.F.,.F.)
B_SPLINE_CURVE_WITH_KNOTS((3,3),(0.,0.0839394532036858),.UNSPECIFIED.)
CURVE()
GEOMETRIC_REPRESENTATION_ITEM()
RATIONAL_B_SPLINE_CURVE((1.,1.00188035991627,1.00052585639637))
REPRESENTATION_ITEM('')
);
#157=(
BOUNDED_CURVE()
B_SPLINE_CURVE(2,(#13497,#13498,#13499),.UNSPECIFIED.,.F.,.F.)
B_SPLINE_CURVE_WITH_KNOTS((3,3),(0.,0.0839394532036654),.UNSPECIFIED.)
CURVE()
GEOMETRIC_REPRESENTATION_ITEM()
RATIONAL_B_SPLINE_CURVE((1.,1.00188035991684,1.00052585639653))
REPRESENTATION_ITEM('')
);
#158=(
BOUNDED_CURVE()
B_SPLINE_CURVE(2,(#13518,#13519,#13520),.UNSPECIFIED.,.F.,.F.)
B_SPLINE_CURVE_WITH_KNOTS((3,3),(0.,0.0839394532036249),.UNSPECIFIED.)
CURVE()
GEOMETRIC_REPRESENTATION_ITEM()
RATIONAL_B_SPLINE_CURVE((1.,1.00188035991514,1.00052585639606))
REPRESENTATION_ITEM('')
);
#159=(
BOUNDED_CURVE()
B_SPLINE_CURVE(2,(#13539,#13540,#13541),.UNSPECIFIED.,.F.,.F.)
B_SPLINE_CURVE_WITH_KNOTS((3,3),(0.,0.083939453203657),.UNSPECIFIED.)
CURVE()
GEOMETRIC_REPRESENTATION_ITEM()
RATIONAL_B_SPLINE_CURVE((1.,1.00188035991449,1.00052585639587))
REPRESENTATION_ITEM('')
);
#160=(
BOUNDED_CURVE()
B_SPLINE_CURVE(2,(#13560,#13561,#13562),.UNSPECIFIED.,.F.,.F.)
B_SPLINE_CURVE_WITH_KNOTS((3,3),(0.,0.0839394532036433),.UNSPECIFIED.)
CURVE()
GEOMETRIC_REPRESENTATION_ITEM()
RATIONAL_B_SPLINE_CURVE((1.,1.00188035991596,1.00052585639629))
REPRESENTATION_ITEM('')
);
#161=(
BOUNDED_CURVE()
B_SPLINE_CURVE(2,(#13581,#13582,#13583),.UNSPECIFIED.,.F.,.F.)
B_SPLINE_CURVE_WITH_KNOTS((3,3),(0.,0.083939453203667),.UNSPECIFIED.)
CURVE()
GEOMETRIC_REPRESENTATION_ITEM()
RATIONAL_B_SPLINE_CURVE((1.,1.00188035991569,1.00052585639621))
REPRESENTATION_ITEM('')
);
#162=(
BOUNDED_CURVE()
B_SPLINE_CURVE(2,(#13602,#13603,#13604),.UNSPECIFIED.,.F.,.F.)
B_SPLINE_CURVE_WITH_KNOTS((3,3),(0.,0.0839394532036525),.UNSPECIFIED.)
CURVE()
GEOMETRIC_REPRESENTATION_ITEM()
RATIONAL_B_SPLINE_CURVE((1.,1.00188035991501,1.00052585639602))
REPRESENTATION_ITEM('')
);
#163=(
BOUNDED_CURVE()
B_SPLINE_CURVE(2,(#13623,#13624,#13625),.UNSPECIFIED.,.F.,.F.)
B_SPLINE_CURVE_WITH_KNOTS((3,3),(0.,0.083939453203691),.UNSPECIFIED.)
CURVE()
GEOMETRIC_REPRESENTATION_ITEM()
RATIONAL_B_SPLINE_CURVE((1.,1.00188035991563,1.00052585639619))
REPRESENTATION_ITEM('')
);
#164=(
BOUNDED_CURVE()
B_SPLINE_CURVE(2,(#13644,#13645,#13646),.UNSPECIFIED.,.F.,.F.)
B_SPLINE_CURVE_WITH_KNOTS((3,3),(0.,0.0839394532036852),.UNSPECIFIED.)
CURVE()
GEOMETRIC_REPRESENTATION_ITEM()
RATIONAL_B_SPLINE_CURVE((1.,1.00188035991476,1.00052585639595))
REPRESENTATION_ITEM('')
);
#165=(
BOUNDED_CURVE()
B_SPLINE_CURVE(2,(#13665,#13666,#13667),.UNSPECIFIED.,.F.,.F.)
B_SPLINE_CURVE_WITH_KNOTS((3,3),(0.,0.083939453203666),.UNSPECIFIED.)
CURVE()
GEOMETRIC_REPRESENTATION_ITEM()
RATIONAL_B_SPLINE_CURVE((1.,1.00188035991491,1.00052585639599))
REPRESENTATION_ITEM('')
);
#166=(
BOUNDED_CURVE()
B_SPLINE_CURVE(2,(#13686,#13687,#13688),.UNSPECIFIED.,.F.,.F.)
B_SPLINE_CURVE_WITH_KNOTS((3,3),(0.,0.0839394532036845),.UNSPECIFIED.)
CURVE()
GEOMETRIC_REPRESENTATION_ITEM()
RATIONAL_B_SPLINE_CURVE((1.,1.00188035991453,1.00052585639589))
REPRESENTATION_ITEM('')
);
#167=(
BOUNDED_CURVE()
B_SPLINE_CURVE(2,(#13707,#13708,#13709),.UNSPECIFIED.,.F.,.F.)
B_SPLINE_CURVE_WITH_KNOTS((3,3),(0.,0.0839394532036865),.UNSPECIFIED.)
CURVE()
GEOMETRIC_REPRESENTATION_ITEM()
RATIONAL_B_SPLINE_CURVE((1.,1.00188035991644,1.00052585639642))
REPRESENTATION_ITEM('')
);
#168=(
BOUNDED_CURVE()
B_SPLINE_CURVE(2,(#13728,#13729,#13730),.UNSPECIFIED.,.F.,.F.)
B_SPLINE_CURVE_WITH_KNOTS((3,3),(0.,0.0839394532036668),.UNSPECIFIED.)
CURVE()
GEOMETRIC_REPRESENTATION_ITEM()
RATIONAL_B_SPLINE_CURVE((1.,1.00188035991469,1.00052585639593))
REPRESENTATION_ITEM('')
);
#169=(
BOUNDED_CURVE()
B_SPLINE_CURVE(2,(#13749,#13750,#13751),.UNSPECIFIED.,.F.,.F.)
B_SPLINE_CURVE_WITH_KNOTS((3,3),(0.,0.083939453203667),.UNSPECIFIED.)
CURVE()
GEOMETRIC_REPRESENTATION_ITEM()
RATIONAL_B_SPLINE_CURVE((1.,1.00188035991586,1.00052585639626))
REPRESENTATION_ITEM('')
);
#170=(
BOUNDED_CURVE()
B_SPLINE_CURVE(2,(#13770,#13771,#13772),.UNSPECIFIED.,.F.,.F.)
B_SPLINE_CURVE_WITH_KNOTS((3,3),(0.,0.0839394532036432),.UNSPECIFIED.)
CURVE()
GEOMETRIC_REPRESENTATION_ITEM()
RATIONAL_B_SPLINE_CURVE((1.,1.00188035991565,1.0005258563962))
REPRESENTATION_ITEM('')
);
#171=(
BOUNDED_CURVE()
B_SPLINE_CURVE(2,(#13791,#13792,#13793),.UNSPECIFIED.,.F.,.F.)
B_SPLINE_CURVE_WITH_KNOTS((3,3),(0.,0.0839394532036638),.UNSPECIFIED.)
CURVE()
GEOMETRIC_REPRESENTATION_ITEM()
RATIONAL_B_SPLINE_CURVE((1.,1.00188035991588,1.00052585639627))
REPRESENTATION_ITEM('')
);
#172=(
BOUNDED_CURVE()
B_SPLINE_CURVE(2,(#13812,#13813,#13814),.UNSPECIFIED.,.F.,.F.)
B_SPLINE_CURVE_WITH_KNOTS((3,3),(0.,0.0839394532036865),.UNSPECIFIED.)
CURVE()
GEOMETRIC_REPRESENTATION_ITEM()
RATIONAL_B_SPLINE_CURVE((1.,1.0018803599169,1.00052585639655))
REPRESENTATION_ITEM('')
);
#173=(
BOUNDED_CURVE()
B_SPLINE_CURVE(2,(#13833,#13834,#13835),.UNSPECIFIED.,.F.,.F.)
B_SPLINE_CURVE_WITH_KNOTS((3,3),(0.,0.0839394532036323),.UNSPECIFIED.)
CURVE()
GEOMETRIC_REPRESENTATION_ITEM()
RATIONAL_B_SPLINE_CURVE((1.,1.00188035991614,1.00052585639634))
REPRESENTATION_ITEM('')
);
#174=(
BOUNDED_CURVE()
B_SPLINE_CURVE(2,(#13854,#13855,#13856),.UNSPECIFIED.,.F.,.F.)
B_SPLINE_CURVE_WITH_KNOTS((3,3),(0.,0.0839394532036516),.UNSPECIFIED.)
CURVE()
GEOMETRIC_REPRESENTATION_ITEM()
RATIONAL_B_SPLINE_CURVE((1.,1.00188035991555,1.00052585639617))
REPRESENTATION_ITEM('')
);
#175=(
BOUNDED_CURVE()
B_SPLINE_CURVE(2,(#13875,#13876,#13877),.UNSPECIFIED.,.F.,.F.)
B_SPLINE_CURVE_WITH_KNOTS((3,3),(0.,0.0839394532036752),.UNSPECIFIED.)
CURVE()
GEOMETRIC_REPRESENTATION_ITEM()
RATIONAL_B_SPLINE_CURVE((1.,1.00188035991672,1.0005258563965))
REPRESENTATION_ITEM('')
);
#176=(
BOUNDED_CURVE()
B_SPLINE_CURVE(2,(#13896,#13897,#13898),.UNSPECIFIED.,.F.,.F.)
B_SPLINE_CURVE_WITH_KNOTS((3,3),(0.,0.0839394532036498),.UNSPECIFIED.)
CURVE()
GEOMETRIC_REPRESENTATION_ITEM()
RATIONAL_B_SPLINE_CURVE((1.,1.00188035991682,1.00052585639653))
REPRESENTATION_ITEM('')
);
#177=(
BOUNDED_CURVE()
B_SPLINE_CURVE(2,(#13917,#13918,#13919),.UNSPECIFIED.,.F.,.F.)
B_SPLINE_CURVE_WITH_KNOTS((3,3),(0.,0.0839394532036528),.UNSPECIFIED.)
CURVE()
GEOMETRIC_REPRESENTATION_ITEM()
RATIONAL_B_SPLINE_CURVE((1.,1.00188035991705,1.00052585639659))
REPRESENTATION_ITEM('')
);
#178=(
BOUNDED_CURVE()
B_SPLINE_CURVE(2,(#13938,#13939,#13940),.UNSPECIFIED.,.F.,.F.)
B_SPLINE_CURVE_WITH_KNOTS((3,3),(0.,0.0839394532036412),.UNSPECIFIED.)
CURVE()
GEOMETRIC_REPRESENTATION_ITEM()
RATIONAL_B_SPLINE_CURVE((1.,1.00188035991563,1.00052585639619))
REPRESENTATION_ITEM('')
);
#179=(
BOUNDED_CURVE()
B_SPLINE_CURVE(2,(#13959,#13960,#13961),.UNSPECIFIED.,.F.,.F.)
B_SPLINE_CURVE_WITH_KNOTS((3,3),(0.,0.0839394532036956),.UNSPECIFIED.)
CURVE()
GEOMETRIC_REPRESENTATION_ITEM()
RATIONAL_B_SPLINE_CURVE((1.,1.00188035991604,1.00052585639631))
REPRESENTATION_ITEM('')
);
#180=(
BOUNDED_CURVE()
B_SPLINE_CURVE(2,(#13980,#13981,#13982),.UNSPECIFIED.,.F.,.F.)
B_SPLINE_CURVE_WITH_KNOTS((3,3),(0.,0.0839394532036767),.UNSPECIFIED.)
CURVE()
GEOMETRIC_REPRESENTATION_ITEM()
RATIONAL_B_SPLINE_CURVE((1.,1.00188035991483,1.00052585639597))
REPRESENTATION_ITEM('')
);
#181=(
BOUNDED_CURVE()
B_SPLINE_CURVE(2,(#14001,#14002,#14003),.UNSPECIFIED.,.F.,.F.)
B_SPLINE_CURVE_WITH_KNOTS((3,3),(0.,0.0839394532036633),.UNSPECIFIED.)
CURVE()
GEOMETRIC_REPRESENTATION_ITEM()
RATIONAL_B_SPLINE_CURVE((1.,1.00188035991559,1.00052585639618))
REPRESENTATION_ITEM('')
);
#182=(
BOUNDED_CURVE()
B_SPLINE_CURVE(2,(#14022,#14023,#14024),.UNSPECIFIED.,.F.,.F.)
B_SPLINE_CURVE_WITH_KNOTS((3,3),(0.,0.0839394532036596),.UNSPECIFIED.)
CURVE()
GEOMETRIC_REPRESENTATION_ITEM()
RATIONAL_B_SPLINE_CURVE((1.,1.00188035991602,1.0005258563963))
REPRESENTATION_ITEM('')
);
#183=(
BOUNDED_CURVE()
B_SPLINE_CURVE(2,(#14043,#14044,#14045),.UNSPECIFIED.,.F.,.F.)
B_SPLINE_CURVE_WITH_KNOTS((3,3),(0.,0.0839394532036676),.UNSPECIFIED.)
CURVE()
GEOMETRIC_REPRESENTATION_ITEM()
RATIONAL_B_SPLINE_CURVE((1.,1.00188035991682,1.00052585639653))
REPRESENTATION_ITEM('')
);
#184=(
BOUNDED_CURVE()
B_SPLINE_CURVE(2,(#14064,#14065,#14066),.UNSPECIFIED.,.F.,.F.)
B_SPLINE_CURVE_WITH_KNOTS((3,3),(0.,0.0839394532036623),.UNSPECIFIED.)
CURVE()
GEOMETRIC_REPRESENTATION_ITEM()
RATIONAL_B_SPLINE_CURVE((1.,1.0018803599175,1.00052585639672))
REPRESENTATION_ITEM('')
);
#185=(
BOUNDED_CURVE()
B_SPLINE_CURVE(2,(#14085,#14086,#14087),.UNSPECIFIED.,.F.,.F.)
B_SPLINE_CURVE_WITH_KNOTS((3,3),(0.,0.0839394532036665),.UNSPECIFIED.)
CURVE()
GEOMETRIC_REPRESENTATION_ITEM()
RATIONAL_B_SPLINE_CURVE((1.,1.00188035991436,1.00052585639584))
REPRESENTATION_ITEM('')
);
#186=(
BOUNDED_CURVE()
B_SPLINE_CURVE(2,(#14106,#14107,#14108),.UNSPECIFIED.,.F.,.F.)
B_SPLINE_CURVE_WITH_KNOTS((3,3),(0.,0.0839394532036686),.UNSPECIFIED.)
CURVE()
GEOMETRIC_REPRESENTATION_ITEM()
RATIONAL_B_SPLINE_CURVE((1.,1.00188035991498,1.00052585639601))
REPRESENTATION_ITEM('')
);
#187=(
BOUNDED_CURVE()
B_SPLINE_CURVE(2,(#14127,#14128,#14129),.UNSPECIFIED.,.F.,.F.)
B_SPLINE_CURVE_WITH_KNOTS((3,3),(0.,0.0839394532036357),.UNSPECIFIED.)
CURVE()
GEOMETRIC_REPRESENTATION_ITEM()
RATIONAL_B_SPLINE_CURVE((1.,1.00188035991495,1.000525856396))
REPRESENTATION_ITEM('')
);
#188=(
BOUNDED_CURVE()
B_SPLINE_CURVE(2,(#14148,#14149,#14150),.UNSPECIFIED.,.F.,.F.)
B_SPLINE_CURVE_WITH_KNOTS((3,3),(0.,0.0839394532036458),.UNSPECIFIED.)
CURVE()
GEOMETRIC_REPRESENTATION_ITEM()
RATIONAL_B_SPLINE_CURVE((1.,1.00188035991641,1.00052585639641))
REPRESENTATION_ITEM('')
);
#189=(
BOUNDED_CURVE()
B_SPLINE_CURVE(2,(#14169,#14170,#14171),.UNSPECIFIED.,.F.,.F.)
B_SPLINE_CURVE_WITH_KNOTS((3,3),(0.,0.0839394532036676),.UNSPECIFIED.)
CURVE()
GEOMETRIC_REPRESENTATION_ITEM()
RATIONAL_B_SPLINE_CURVE((1.,1.00188035991652,1.00052585639644))
REPRESENTATION_ITEM('')
);
#190=(
BOUNDED_CURVE()
B_SPLINE_CURVE(2,(#14190,#14191,#14192),.UNSPECIFIED.,.F.,.F.)
B_SPLINE_CURVE_WITH_KNOTS((3,3),(0.,0.0839394532036539),.UNSPECIFIED.)
CURVE()
GEOMETRIC_REPRESENTATION_ITEM()
RATIONAL_B_SPLINE_CURVE((1.,1.00188035991403,1.00052585639575))
REPRESENTATION_ITEM('')
);
#191=(
BOUNDED_CURVE()
B_SPLINE_CURVE(2,(#14211,#14212,#14213),.UNSPECIFIED.,.F.,.F.)
B_SPLINE_CURVE_WITH_KNOTS((3,3),(0.,0.0839394532036883),.UNSPECIFIED.)
CURVE()
GEOMETRIC_REPRESENTATION_ITEM()
RATIONAL_B_SPLINE_CURVE((1.,1.0018803599161,1.00052585639632))
REPRESENTATION_ITEM('')
);
#192=(
BOUNDED_CURVE()
B_SPLINE_CURVE(2,(#14232,#14233,#14234),.UNSPECIFIED.,.F.,.F.)
B_SPLINE_CURVE_WITH_KNOTS((3,3),(0.,0.0839394532036535),.UNSPECIFIED.)
CURVE()
GEOMETRIC_REPRESENTATION_ITEM()
RATIONAL_B_SPLINE_CURVE((1.,1.00188035991455,1.00052585639589))
REPRESENTATION_ITEM('')
);
#193=(
BOUNDED_CURVE()
B_SPLINE_CURVE(2,(#14253,#14254,#14255),.UNSPECIFIED.,.F.,.F.)
B_SPLINE_CURVE_WITH_KNOTS((3,3),(0.,0.0839394532036694),.UNSPECIFIED.)
CURVE()
GEOMETRIC_REPRESENTATION_ITEM()
RATIONAL_B_SPLINE_CURVE((1.,1.00188035991488,1.00052585639598))
REPRESENTATION_ITEM('')
);
#194=(
BOUNDED_CURVE()
B_SPLINE_CURVE(2,(#14274,#14275,#14276),.UNSPECIFIED.,.F.,.F.)
B_SPLINE_CURVE_WITH_KNOTS((3,3),(0.,0.0839394532036865),.UNSPECIFIED.)
CURVE()
GEOMETRIC_REPRESENTATION_ITEM()
RATIONAL_B_SPLINE_CURVE((1.,1.0018803599169,1.00052585639655))
REPRESENTATION_ITEM('')
);
#195=(
BOUNDED_CURVE()
B_SPLINE_CURVE(2,(#14295,#14296,#14297),.UNSPECIFIED.,.F.,.F.)
B_SPLINE_CURVE_WITH_KNOTS((3,3),(0.,0.0839394532036702),.UNSPECIFIED.)
CURVE()
GEOMETRIC_REPRESENTATION_ITEM()
RATIONAL_B_SPLINE_CURVE((1.,1.00188035991686,1.00052585639654))
REPRESENTATION_ITEM('')
);
#196=(
BOUNDED_CURVE()
B_SPLINE_CURVE(2,(#14316,#14317,#14318),.UNSPECIFIED.,.F.,.F.)
B_SPLINE_CURVE_WITH_KNOTS((3,3),(0.,0.0839394532036282),.UNSPECIFIED.)
CURVE()
GEOMETRIC_REPRESENTATION_ITEM()
RATIONAL_B_SPLINE_CURVE((1.,1.0018803599151,1.00052585639605))
REPRESENTATION_ITEM('')
);
#197=(
BOUNDED_CURVE()
B_SPLINE_CURVE(2,(#14353,#14354,#14355),.UNSPECIFIED.,.F.,.F.)
B_SPLINE_CURVE_WITH_KNOTS((3,3),(0.013743831735743,0.098310784395454),
 .UNSPECIFIED.)
CURVE()
GEOMETRIC_REPRESENTATION_ITEM()
RATIONAL_B_SPLINE_CURVE((1.00059289581838,1.00215402237532,1.00047933598777))
REPRESENTATION_ITEM('')
);
#198=(
BOUNDED_CURVE()
B_SPLINE_CURVE(2,(#14410,#14411,#14412),.UNSPECIFIED.,.F.,.F.)
B_SPLINE_CURVE_WITH_KNOTS((3,3),(0.0107759813116531,0.0953429339713777),
 .UNSPECIFIED.)
CURVE()
GEOMETRIC_REPRESENTATION_ITEM()
RATIONAL_B_SPLINE_CURVE((1.00047933598789,1.00215402237585,1.00059289581853))
REPRESENTATION_ITEM('')
);
#199=FACE_BOUND('',#1960,.T.);
#200=FACE_BOUND('',#2309,.T.);
#201=FACE_BOUND('',#2314,.T.);
#202=FACE_BOUND('',#2317,.T.);
#203=FACE_BOUND('',#2319,.T.);
#204=PLANE('',#7043);
#205=PLANE('',#7059);
#206=PLANE('',#7069);
#207=PLANE('',#7070);
#208=PLANE('',#7080);
#209=PLANE('',#7081);
#210=PLANE('',#7091);
#211=PLANE('',#7092);
#212=PLANE('',#7096);
#213=PLANE('',#7101);
#214=PLANE('',#7106);
#215=PLANE('',#7111);
#216=PLANE('',#7116);
#217=PLANE('',#7121);
#218=PLANE('',#7126);
#219=PLANE('',#7131);
#220=PLANE('',#7136);
#221=PLANE('',#7141);
#222=PLANE('',#7146);
#223=PLANE('',#7151);
#224=PLANE('',#7156);
#225=PLANE('',#7161);
#226=PLANE('',#7166);
#227=PLANE('',#7171);
#228=PLANE('',#7176);
#229=PLANE('',#7181);
#230=PLANE('',#7186);
#231=PLANE('',#7191);
#232=PLANE('',#7196);
#233=PLANE('',#7201);
#234=PLANE('',#7206);
#235=PLANE('',#7211);
#236=PLANE('',#7216);
#237=PLANE('',#7221);
#238=PLANE('',#7226);
#239=PLANE('',#7231);
#240=PLANE('',#7236);
#241=PLANE('',#7241);
#242=PLANE('',#7246);
#243=PLANE('',#7251);
#244=PLANE('',#7256);
#245=PLANE('',#7261);
#246=PLANE('',#7266);
#247=PLANE('',#7271);
#248=PLANE('',#7276);
#249=PLANE('',#7281);
#250=PLANE('',#7286);
#251=PLANE('',#7291);
#252=PLANE('',#7296);
#253=PLANE('',#7301);
#254=PLANE('',#7304);
#255=PLANE('',#7309);
#256=PLANE('',#7310);
#257=PLANE('',#7311);
#258=PLANE('',#7312);
#259=PLANE('',#7313);
#260=PLANE('',#7314);
#261=PLANE('',#7315);
#262=PLANE('',#7316);
#263=PLANE('',#7317);
#264=PLANE('',#7318);
#265=PLANE('',#7319);
#266=PLANE('',#7320);
#267=PLANE('',#7321);
#268=PLANE('',#7322);
#269=PLANE('',#7323);
#270=PLANE('',#7324);
#271=PLANE('',#7325);
#272=PLANE('',#7326);
#273=PLANE('',#7327);
#274=PLANE('',#7328);
#275=PLANE('',#7329);
#276=PLANE('',#7330);
#277=PLANE('',#7331);
#278=PLANE('',#7332);
#279=PLANE('',#7333);
#280=PLANE('',#7334);
#281=PLANE('',#7335);
#282=PLANE('',#7336);
#283=PLANE('',#7337);
#284=PLANE('',#7338);
#285=PLANE('',#7339);
#286=PLANE('',#7340);
#287=PLANE('',#7341);
#288=PLANE('',#7342);
#289=PLANE('',#7343);
#290=PLANE('',#7344);
#291=PLANE('',#7345);
#292=PLANE('',#7346);
#293=PLANE('',#7347);
#294=PLANE('',#7348);
#295=PLANE('',#7349);
#296=PLANE('',#7350);
#297=PLANE('',#7351);
#298=PLANE('',#7352);
#299=PLANE('',#7486);
#300=PLANE('',#7488);
#301=PLANE('',#7490);
#302=PLANE('',#7492);
#303=PLANE('',#7494);
#304=PLANE('',#7496);
#305=PLANE('',#7498);
#306=PLANE('',#7500);
#307=PLANE('',#7502);
#308=PLANE('',#7504);
#309=PLANE('',#7506);
#310=PLANE('',#7508);
#311=PLANE('',#7510);
#312=PLANE('',#7512);
#313=PLANE('',#7514);
#314=PLANE('',#7516);
#315=PLANE('',#7518);
#316=PLANE('',#7520);
#317=PLANE('',#7522);
#318=PLANE('',#7524);
#319=PLANE('',#7526);
#320=PLANE('',#7528);
#321=PLANE('',#7530);
#322=PLANE('',#7532);
#323=PLANE('',#7534);
#324=PLANE('',#7536);
#325=PLANE('',#7538);
#326=PLANE('',#7540);
#327=PLANE('',#7542);
#328=PLANE('',#7544);
#329=PLANE('',#7546);
#330=PLANE('',#7548);
#331=PLANE('',#7550);
#332=PLANE('',#7552);
#333=PLANE('',#7554);
#334=PLANE('',#7556);
#335=PLANE('',#7558);
#336=PLANE('',#7560);
#337=PLANE('',#7562);
#338=PLANE('',#7564);
#339=PLANE('',#7566);
#340=PLANE('',#7568);
#341=PLANE('',#7570);
#342=PLANE('',#7623);
#343=PLANE('',#7625);
#344=PLANE('',#7640);
#345=PLANE('',#7652);
#346=PLANE('',#7655);
#347=PLANE('',#7656);
#348=B_SPLINE_SURFACE_WITH_KNOTS('',3,3,((#9309,#9310,#9311,#9312,#9313),
(#9314,#9315,#9316,#9317,#9318),(#9319,#9320,#9321,#9322,#9323),(#9324,
#9325,#9326,#9327,#9328),(#9329,#9330,#9331,#9332,#9333)),.UNSPECIFIED.,
 .F.,.F.,.F.,(4,1,4),(4,1,4),(0.,0.571428571428571,1.),(0.00937702740143388,
0.0253425716000553,0.0466299638648839),.UNSPECIFIED.);
#349=B_SPLINE_SURFACE_WITH_KNOTS('',3,3,((#9358,#9359,#9360,#9361),(#9362,
#9363,#9364,#9365),(#9366,#9367,#9368,#9369),(#9370,#9371,#9372,#9373),
(#9374,#9375,#9376,#9377)),.UNSPECIFIED.,.F.,.F.,.F.,(4,1,4),(4,4),(0.,
0.571428571428571,1.),(0.,0.108088841564972),.UNSPECIFIED.);
#350=B_SPLINE_SURFACE_WITH_KNOTS('',3,3,((#9386,#9387,#9388,#9389),(#9390,
#9391,#9392,#9393),(#9394,#9395,#9396,#9397),(#9398,#9399,#9400,#9401),
(#9402,#9403,#9404,#9405)),.UNSPECIFIED.,.F.,.F.,.F.,(4,1,4),(4,4),(0.,
0.571428571428571,1.),(0.0563554243643107,0.164444265943367),
 .UNSPECIFIED.);
#351=B_SPLINE_SURFACE_WITH_KNOTS('',3,3,((#9417,#9418,#9419,#9420,#9421),
(#9422,#9423,#9424,#9425,#9426),(#9427,#9428,#9429,#9430,#9431),(#9432,
#9433,#9434,#9435,#9436),(#9437,#9438,#9439,#9440,#9441)),.UNSPECIFIED.,
 .F.,.F.,.F.,(4,1,4),(4,1,4),(0.,0.571428571428571,1.),(4.38108434140254E-16,
0.0159655441985738,0.0372529364633384),.UNSPECIFIED.);
#352=B_SPLINE_SURFACE_WITH_KNOTS('',3,3,((#9647,#9648,#9649,#9650,#9651),
(#9652,#9653,#9654,#9655,#9656),(#9657,#9658,#9659,#9660,#9661),(#9662,
#9663,#9664,#9665,#9666),(#9667,#9668,#9669,#9670,#9671)),.UNSPECIFIED.,
 .F.,.F.,.F.,(4,1,4),(4,1,4),(0.,0.571428571428571,1.),(0.00937702740143377,
0.0306644196662623,0.0466299638648837),.UNSPECIFIED.);
#353=B_SPLINE_SURFACE_WITH_KNOTS('',3,3,((#9696,#9697,#9698,#9699),(#9700,
#9701,#9702,#9703),(#9704,#9705,#9706,#9707),(#9708,#9709,#9710,#9711),
(#9712,#9713,#9714,#9715)),.UNSPECIFIED.,.F.,.F.,.F.,(4,1,4),(4,4),(0.,
0.571428571428571,1.),(0.,0.108088841564972),.UNSPECIFIED.);
#354=B_SPLINE_SURFACE_WITH_KNOTS('',3,3,((#9724,#9725,#9726,#9727),(#9728,
#9729,#9730,#9731),(#9732,#9733,#9734,#9735),(#9736,#9737,#9738,#9739),
(#9740,#9741,#9742,#9743)),.UNSPECIFIED.,.F.,.F.,.F.,(4,1,4),(4,4),(0.,
0.571428571428571,1.),(0.0563554243643109,0.164444265943367),
 .UNSPECIFIED.);
#355=B_SPLINE_SURFACE_WITH_KNOTS('',3,3,((#9755,#9756,#9757,#9758,#9759),
(#9760,#9761,#9762,#9763,#9764),(#9765,#9766,#9767,#9768,#9769),(#9770,
#9771,#9772,#9773,#9774),(#9775,#9776,#9777,#9778,#9779)),.UNSPECIFIED.,
 .F.,.F.,.F.,(4,1,4),(4,1,4),(0.,0.571428571428571,1.),(0.,0.0159655441985735,
0.0372529364633382),.UNSPECIFIED.);
#356=B_SPLINE_SURFACE_WITH_KNOTS('',3,3,((#9819,#9820,#9821,#9822,#9823),
(#9824,#9825,#9826,#9827,#9828),(#9829,#9830,#9831,#9832,#9833),(#9834,
#9835,#9836,#9837,#9838),(#9839,#9840,#9841,#9842,#9843)),.UNSPECIFIED.,
 .F.,.F.,.F.,(4,1,4),(4,1,4),(0.,0.571428571428571,1.),(0.00937702740143387,
0.0253425716000553,0.0466299638648838),.UNSPECIFIED.);
#357=B_SPLINE_SURFACE_WITH_KNOTS('',3,3,((#9868,#9869,#9870,#9871),(#9872,
#9873,#9874,#9875),(#9876,#9877,#9878,#9879),(#9880,#9881,#9882,#9883),
(#9884,#9885,#9886,#9887)),.UNSPECIFIED.,.F.,.F.,.F.,(4,1,4),(4,4),(0.,
0.571428571428571,1.),(0.,0.108088841564972),.UNSPECIFIED.);
#358=B_SPLINE_SURFACE_WITH_KNOTS('',3,3,((#9896,#9897,#9898,#9899),(#9900,
#9901,#9902,#9903),(#9904,#9905,#9906,#9907),(#9908,#9909,#9910,#9911),
(#9912,#9913,#9914,#9915)),.UNSPECIFIED.,.F.,.F.,.F.,(4,1,4),(4,4),(0.,
0.571428571428571,1.),(0.0563554243643109,0.164444265943368),
 .UNSPECIFIED.);
#359=B_SPLINE_SURFACE_WITH_KNOTS('',3,3,((#9927,#9928,#9929,#9930,#9931),
(#9932,#9933,#9934,#9935,#9936),(#9937,#9938,#9939,#9940,#9941),(#9942,
#9943,#9944,#9945,#9946),(#9947,#9948,#9949,#9950,#9951)),.UNSPECIFIED.,
 .F.,.F.,.F.,(4,1,4),(4,1,4),(0.,0.571428571428571,1.),(6.51183267341627E-16,
0.0212873922647651,0.0372529364633384),.UNSPECIFIED.);
#360=B_SPLINE_SURFACE_WITH_KNOTS('',3,3,((#9991,#9992,#9993,#9994,#9995),
(#9996,#9997,#9998,#9999,#10000),(#10001,#10002,#10003,#10004,#10005),(#10006,
#10007,#10008,#10009,#10010),(#10011,#10012,#10013,#10014,#10015)),
 .UNSPECIFIED.,.F.,.F.,.F.,(4,1,4),(4,1,4),(0.,0.571428571428571,1.),(0.00937702740142979,
0.0253425716000512,0.0466299638648798),.UNSPECIFIED.);
#361=B_SPLINE_SURFACE_WITH_KNOTS('',3,3,((#10040,#10041,#10042,#10043),
(#10044,#10045,#10046,#10047),(#10048,#10049,#10050,#10051),(#10052,#10053,
#10054,#10055),(#10056,#10057,#10058,#10059)),.UNSPECIFIED.,.F.,.F.,.F.,
(4,1,4),(4,4),(0.,0.571428571428571,1.),(0.,0.108088841564972),
 .UNSPECIFIED.);
#362=B_SPLINE_SURFACE_WITH_KNOTS('',3,3,((#10068,#10069,#10070,#10071),
(#10072,#10073,#10074,#10075),(#10076,#10077,#10078,#10079),(#10080,#10081,
#10082,#10083),(#10084,#10085,#10086,#10087)),.UNSPECIFIED.,.F.,.F.,.F.,
(4,1,4),(4,4),(0.,0.571428571428571,1.),(0.0563554243643109,0.164444265943368),
 .UNSPECIFIED.);
#363=B_SPLINE_SURFACE_WITH_KNOTS('',3,3,((#10099,#10100,#10101,#10102,#10103),
(#10104,#10105,#10106,#10107,#10108),(#10109,#10110,#10111,#10112,#10113),
(#10114,#10115,#10116,#10117,#10118),(#10119,#10120,#10121,#10122,#10123)),
 .UNSPECIFIED.,.F.,.F.,.F.,(4,1,4),(4,1,4),(0.,0.571428571428571,1.),(5.28047120200954E-16,
0.0159655441985739,0.0372529364633383),.UNSPECIFIED.);
#364=LINE('',#9307,#744);
#365=LINE('',#9308,#745);
#366=LINE('',#9465,#746);
#367=LINE('',#9478,#747);
#368=LINE('',#9634,#748);
#369=LINE('',#9636,#749);
#370=LINE('',#9645,#750);
#371=LINE('',#9646,#751);
#372=LINE('',#9802,#752);
#373=LINE('',#9803,#753);
#374=LINE('',#9806,#754);
#375=LINE('',#9808,#755);
#376=LINE('',#9817,#756);
#377=LINE('',#9818,#757);
#378=LINE('',#9974,#758);
#379=LINE('',#9975,#759);
#380=LINE('',#9978,#760);
#381=LINE('',#9980,#761);
#382=LINE('',#9989,#762);
#383=LINE('',#9990,#763);
#384=LINE('',#10146,#764);
#385=LINE('',#10147,#765);
#386=LINE('',#10150,#766);
#387=LINE('',#10152,#767);
#388=LINE('',#10171,#768);
#389=LINE('',#10174,#769);
#390=LINE('',#10181,#770);
#391=LINE('',#10183,#771);
#392=LINE('',#10190,#772);
#393=LINE('',#10215,#773);
#394=LINE('',#10219,#774);
#395=LINE('',#10250,#775);
#396=LINE('',#10253,#776);
#397=LINE('',#10260,#777);
#398=LINE('',#10262,#778);
#399=LINE('',#10269,#779);
#400=LINE('',#10295,#780);
#401=LINE('',#10326,#781);
#402=LINE('',#10329,#782);
#403=LINE('',#10336,#783);
#404=LINE('',#10338,#784);
#405=LINE('',#10345,#785);
#406=LINE('',#10371,#786);
#407=LINE('',#10402,#787);
#408=LINE('',#10405,#788);
#409=LINE('',#10412,#789);
#410=LINE('',#10414,#790);
#411=LINE('',#10421,#791);
#412=LINE('',#10447,#792);
#413=LINE('',#10478,#793);
#414=LINE('',#10481,#794);
#415=LINE('',#10488,#795);
#416=LINE('',#10490,#796);
#417=LINE('',#10497,#797);
#418=LINE('',#10523,#798);
#419=LINE('',#10554,#799);
#420=LINE('',#10557,#800);
#421=LINE('',#10564,#801);
#422=LINE('',#10566,#802);
#423=LINE('',#10573,#803);
#424=LINE('',#10599,#804);
#425=LINE('',#10630,#805);
#426=LINE('',#10633,#806);
#427=LINE('',#10640,#807);
#428=LINE('',#10642,#808);
#429=LINE('',#10649,#809);
#430=LINE('',#10675,#810);
#431=LINE('',#10706,#811);
#432=LINE('',#10709,#812);
#433=LINE('',#10716,#813);
#434=LINE('',#10718,#814);
#435=LINE('',#10725,#815);
#436=LINE('',#10751,#816);
#437=LINE('',#10782,#817);
#438=LINE('',#10785,#818);
#439=LINE('',#10792,#819);
#440=LINE('',#10794,#820);
#441=LINE('',#10801,#821);
#442=LINE('',#10827,#822);
#443=LINE('',#10858,#823);
#444=LINE('',#10861,#824);
#445=LINE('',#10868,#825);
#446=LINE('',#10870,#826);
#447=LINE('',#10877,#827);
#448=LINE('',#10903,#828);
#449=LINE('',#10936,#829);
#450=LINE('',#10939,#830);
#451=LINE('',#10946,#831);
#452=LINE('',#10948,#832);
#453=LINE('',#10955,#833);
#454=LINE('',#10981,#834);
#455=LINE('',#11012,#835);
#456=LINE('',#11015,#836);
#457=LINE('',#11022,#837);
#458=LINE('',#11024,#838);
#459=LINE('',#11031,#839);
#460=LINE('',#11057,#840);
#461=LINE('',#11088,#841);
#462=LINE('',#11091,#842);
#463=LINE('',#11098,#843);
#464=LINE('',#11100,#844);
#465=LINE('',#11107,#845);
#466=LINE('',#11133,#846);
#467=LINE('',#11164,#847);
#468=LINE('',#11167,#848);
#469=LINE('',#11174,#849);
#470=LINE('',#11176,#850);
#471=LINE('',#11183,#851);
#472=LINE('',#11209,#852);
#473=LINE('',#11240,#853);
#474=LINE('',#11243,#854);
#475=LINE('',#11250,#855);
#476=LINE('',#11252,#856);
#477=LINE('',#11259,#857);
#478=LINE('',#11285,#858);
#479=LINE('',#11316,#859);
#480=LINE('',#11319,#860);
#481=LINE('',#11326,#861);
#482=LINE('',#11328,#862);
#483=LINE('',#11335,#863);
#484=LINE('',#11361,#864);
#485=LINE('',#11392,#865);
#486=LINE('',#11395,#866);
#487=LINE('',#11402,#867);
#488=LINE('',#11404,#868);
#489=LINE('',#11411,#869);
#490=LINE('',#11437,#870);
#491=LINE('',#11468,#871);
#492=LINE('',#11471,#872);
#493=LINE('',#11478,#873);
#494=LINE('',#11480,#874);
#495=LINE('',#11487,#875);
#496=LINE('',#11513,#876);
#497=LINE('',#11544,#877);
#498=LINE('',#11547,#878);
#499=LINE('',#11554,#879);
#500=LINE('',#11556,#880);
#501=LINE('',#11563,#881);
#502=LINE('',#11589,#882);
#503=LINE('',#11620,#883);
#504=LINE('',#11623,#884);
#505=LINE('',#11630,#885);
#506=LINE('',#11632,#886);
#507=LINE('',#11639,#887);
#508=LINE('',#11665,#888);
#509=LINE('',#11696,#889);
#510=LINE('',#11699,#890);
#511=LINE('',#11706,#891);
#512=LINE('',#11708,#892);
#513=LINE('',#11715,#893);
#514=LINE('',#11741,#894);
#515=LINE('',#11774,#895);
#516=LINE('',#11777,#896);
#517=LINE('',#11784,#897);
#518=LINE('',#11786,#898);
#519=LINE('',#11793,#899);
#520=LINE('',#11819,#900);
#521=LINE('',#11850,#901);
#522=LINE('',#11853,#902);
#523=LINE('',#11860,#903);
#524=LINE('',#11862,#904);
#525=LINE('',#11869,#905);
#526=LINE('',#11895,#906);
#527=LINE('',#11926,#907);
#528=LINE('',#11929,#908);
#529=LINE('',#11936,#909);
#530=LINE('',#11938,#910);
#531=LINE('',#11945,#911);
#532=LINE('',#11971,#912);
#533=LINE('',#12002,#913);
#534=LINE('',#12005,#914);
#535=LINE('',#12012,#915);
#536=LINE('',#12014,#916);
#537=LINE('',#12021,#917);
#538=LINE('',#12047,#918);
#539=LINE('',#12078,#919);
#540=LINE('',#12081,#920);
#541=LINE('',#12088,#921);
#542=LINE('',#12090,#922);
#543=LINE('',#12097,#923);
#544=LINE('',#12123,#924);
#545=LINE('',#12154,#925);
#546=LINE('',#12157,#926);
#547=LINE('',#12164,#927);
#548=LINE('',#12166,#928);
#549=LINE('',#12173,#929);
#550=LINE('',#12199,#930);
#551=LINE('',#12230,#931);
#552=LINE('',#12233,#932);
#553=LINE('',#12240,#933);
#554=LINE('',#12242,#934);
#555=LINE('',#12249,#935);
#556=LINE('',#12275,#936);
#557=LINE('',#12306,#937);
#558=LINE('',#12309,#938);
#559=LINE('',#12316,#939);
#560=LINE('',#12318,#940);
#561=LINE('',#12325,#941);
#562=LINE('',#12351,#942);
#563=LINE('',#12382,#943);
#564=LINE('',#12385,#944);
#565=LINE('',#12392,#945);
#566=LINE('',#12394,#946);
#567=LINE('',#12401,#947);
#568=LINE('',#12427,#948);
#569=LINE('',#12458,#949);
#570=LINE('',#12461,#950);
#571=LINE('',#12468,#951);
#572=LINE('',#12470,#952);
#573=LINE('',#12477,#953);
#574=LINE('',#12503,#954);
#575=LINE('',#12534,#955);
#576=LINE('',#12537,#956);
#577=LINE('',#12544,#957);
#578=LINE('',#12546,#958);
#579=LINE('',#12553,#959);
#580=LINE('',#12579,#960);
#581=LINE('',#12612,#961);
#582=LINE('',#12615,#962);
#583=LINE('',#12622,#963);
#584=LINE('',#12624,#964);
#585=LINE('',#12631,#965);
#586=LINE('',#12657,#966);
#587=LINE('',#12688,#967);
#588=LINE('',#12691,#968);
#589=LINE('',#12698,#969);
#590=LINE('',#12700,#970);
#591=LINE('',#12707,#971);
#592=LINE('',#12733,#972);
#593=LINE('',#12764,#973);
#594=LINE('',#12767,#974);
#595=LINE('',#12774,#975);
#596=LINE('',#12776,#976);
#597=LINE('',#12783,#977);
#598=LINE('',#12809,#978);
#599=LINE('',#12840,#979);
#600=LINE('',#12843,#980);
#601=LINE('',#12850,#981);
#602=LINE('',#12852,#982);
#603=LINE('',#12859,#983);
#604=LINE('',#12885,#984);
#605=LINE('',#12916,#985);
#606=LINE('',#12919,#986);
#607=LINE('',#12926,#987);
#608=LINE('',#12928,#988);
#609=LINE('',#12935,#989);
#610=LINE('',#12961,#990);
#611=LINE('',#12992,#991);
#612=LINE('',#12995,#992);
#613=LINE('',#13002,#993);
#614=LINE('',#13004,#994);
#615=LINE('',#13011,#995);
#616=LINE('',#13037,#996);
#617=LINE('',#13068,#997);
#618=LINE('',#13071,#998);
#619=LINE('',#13078,#999);
#620=LINE('',#13080,#1000);
#621=LINE('',#13087,#1001);
#622=LINE('',#13113,#1002);
#623=LINE('',#13144,#1003);
#624=LINE('',#13147,#1004);
#625=LINE('',#13154,#1005);
#626=LINE('',#13156,#1006);
#627=LINE('',#13163,#1007);
#628=LINE('',#13189,#1008);
#629=LINE('',#13220,#1009);
#630=LINE('',#13223,#1010);
#631=LINE('',#13230,#1011);
#632=LINE('',#13232,#1012);
#633=LINE('',#13239,#1013);
#634=LINE('',#13265,#1014);
#635=LINE('',#13296,#1015);
#636=LINE('',#13299,#1016);
#637=LINE('',#13306,#1017);
#638=LINE('',#13308,#1018);
#639=LINE('',#13315,#1019);
#640=LINE('',#13341,#1020);
#641=LINE('',#13362,#1021);
#642=LINE('',#13364,#1022);
#643=LINE('',#13366,#1023);
#644=LINE('',#13380,#1024);
#645=LINE('',#13428,#1025);
#646=LINE('',#13435,#1026);
#647=LINE('',#13437,#1027);
#648=LINE('',#13444,#1028);
#649=LINE('',#13468,#1029);
#650=LINE('',#13473,#1030);
#651=LINE('',#13489,#1031);
#652=LINE('',#13494,#1032);
#653=LINE('',#13510,#1033);
#654=LINE('',#13515,#1034);
#655=LINE('',#13531,#1035);
#656=LINE('',#13536,#1036);
#657=LINE('',#13552,#1037);
#658=LINE('',#13557,#1038);
#659=LINE('',#13573,#1039);
#660=LINE('',#13578,#1040);
#661=LINE('',#13594,#1041);
#662=LINE('',#13599,#1042);
#663=LINE('',#13615,#1043);
#664=LINE('',#13620,#1044);
#665=LINE('',#13636,#1045);
#666=LINE('',#13641,#1046);
#667=LINE('',#13657,#1047);
#668=LINE('',#13662,#1048);
#669=LINE('',#13678,#1049);
#670=LINE('',#13683,#1050);
#671=LINE('',#13699,#1051);
#672=LINE('',#13704,#1052);
#673=LINE('',#13720,#1053);
#674=LINE('',#13725,#1054);
#675=LINE('',#13741,#1055);
#676=LINE('',#13746,#1056);
#677=LINE('',#13762,#1057);
#678=LINE('',#13767,#1058);
#679=LINE('',#13783,#1059);
#680=LINE('',#13788,#1060);
#681=LINE('',#13804,#1061);
#682=LINE('',#13809,#1062);
#683=LINE('',#13825,#1063);
#684=LINE('',#13830,#1064);
#685=LINE('',#13846,#1065);
#686=LINE('',#13851,#1066);
#687=LINE('',#13867,#1067);
#688=LINE('',#13872,#1068);
#689=LINE('',#13888,#1069);
#690=LINE('',#13893,#1070);
#691=LINE('',#13909,#1071);
#692=LINE('',#13914,#1072);
#693=LINE('',#13930,#1073);
#694=LINE('',#13935,#1074);
#695=LINE('',#13951,#1075);
#696=LINE('',#13956,#1076);
#697=LINE('',#13972,#1077);
#698=LINE('',#13977,#1078);
#699=LINE('',#13993,#1079);
#700=LINE('',#13998,#1080);
#701=LINE('',#14014,#1081);
#702=LINE('',#14019,#1082);
#703=LINE('',#14035,#1083);
#704=LINE('',#14040,#1084);
#705=LINE('',#14056,#1085);
#706=LINE('',#14061,#1086);
#707=LINE('',#14077,#1087);
#708=LINE('',#14082,#1088);
#709=LINE('',#14098,#1089);
#710=LINE('',#14103,#1090);
#711=LINE('',#14119,#1091);
#712=LINE('',#14124,#1092);
#713=LINE('',#14140,#1093);
#714=LINE('',#14145,#1094);
#715=LINE('',#14161,#1095);
#716=LINE('',#14166,#1096);
#717=LINE('',#14182,#1097);
#718=LINE('',#14187,#1098);
#719=LINE('',#14203,#1099);
#720=LINE('',#14208,#1100);
#721=LINE('',#14224,#1101);
#722=LINE('',#14229,#1102);
#723=LINE('',#14245,#1103);
#724=LINE('',#14250,#1104);
#725=LINE('',#14266,#1105);
#726=LINE('',#14271,#1106);
#727=LINE('',#14287,#1107);
#728=LINE('',#14292,#1108);
#729=LINE('',#14308,#1109);
#730=LINE('',#14313,#1110);
#731=LINE('',#14329,#1111);
#732=LINE('',#14334,#1112);
#733=LINE('',#14342,#1113);
#734=LINE('',#14357,#1114);
#735=LINE('',#14358,#1115);
#736=LINE('',#14383,#1116);
#737=LINE('',#14526,#1117);
#738=LINE('',#14687,#1118);
#739=LINE('',#14698,#1119);
#740=LINE('',#14700,#1120);
#741=LINE('',#14701,#1121);
#742=LINE('',#14725,#1122);
#743=LINE('',#14736,#1123);
#744=VECTOR('',#7669,10.);
#745=VECTOR('',#7670,10.);
#746=VECTOR('',#7677,10.);
#747=VECTOR('',#7678,10.);
#748=VECTOR('',#7713,10.);
#749=VECTOR('',#7716,10.);
#750=VECTOR('',#7727,10.);
#751=VECTOR('',#7728,10.);
#752=VECTOR('',#7735,10.);
#753=VECTOR('',#7736,10.);
#754=VECTOR('',#7741,10.);
#755=VECTOR('',#7744,10.);
#756=VECTOR('',#7755,10.);
#757=VECTOR('',#7756,10.);
#758=VECTOR('',#7763,10.);
#759=VECTOR('',#7764,10.);
#760=VECTOR('',#7769,10.);
#761=VECTOR('',#7772,10.);
#762=VECTOR('',#7783,10.);
#763=VECTOR('',#7784,10.);
#764=VECTOR('',#7791,10.);
#765=VECTOR('',#7792,10.);
#766=VECTOR('',#7797,10.);
#767=VECTOR('',#7800,10.);
#768=VECTOR('',#7803,10.);
#769=VECTOR('',#7806,10.);
#770=VECTOR('',#7809,10.);
#771=VECTOR('',#7810,10.);
#772=VECTOR('',#7811,10.);
#773=VECTOR('',#7814,10.);
#774=VECTOR('',#7817,10.);
#775=VECTOR('',#7820,10.);
#776=VECTOR('',#7823,10.);
#777=VECTOR('',#7826,10.);
#778=VECTOR('',#7827,10.);
#779=VECTOR('',#7828,10.);
#780=VECTOR('',#7833,10.);
#781=VECTOR('',#7836,10.);
#782=VECTOR('',#7839,10.);
#783=VECTOR('',#7842,10.);
#784=VECTOR('',#7843,10.);
#785=VECTOR('',#7844,10.);
#786=VECTOR('',#7849,10.);
#787=VECTOR('',#7852,10.);
#788=VECTOR('',#7855,10.);
#789=VECTOR('',#7858,10.);
#790=VECTOR('',#7859,10.);
#791=VECTOR('',#7860,10.);
#792=VECTOR('',#7865,10.);
#793=VECTOR('',#7868,10.);
#794=VECTOR('',#7871,10.);
#795=VECTOR('',#7874,10.);
#796=VECTOR('',#7875,10.);
#797=VECTOR('',#7876,10.);
#798=VECTOR('',#7881,10.);
#799=VECTOR('',#7884,10.);
#800=VECTOR('',#7887,10.);
#801=VECTOR('',#7890,10.);
#802=VECTOR('',#7891,10.);
#803=VECTOR('',#7892,10.);
#804=VECTOR('',#7897,10.);
#805=VECTOR('',#7900,10.);
#806=VECTOR('',#7903,10.);
#807=VECTOR('',#7906,10.);
#808=VECTOR('',#7907,10.);
#809=VECTOR('',#7908,10.);
#810=VECTOR('',#7913,10.);
#811=VECTOR('',#7916,10.);
#812=VECTOR('',#7919,10.);
#813=VECTOR('',#7922,10.);
#814=VECTOR('',#7923,10.);
#815=VECTOR('',#7924,10.);
#816=VECTOR('',#7929,10.);
#817=VECTOR('',#7932,10.);
#818=VECTOR('',#7935,10.);
#819=VECTOR('',#7938,10.);
#820=VECTOR('',#7939,10.);
#821=VECTOR('',#7940,10.);
#822=VECTOR('',#7945,10.);
#823=VECTOR('',#7948,10.);
#824=VECTOR('',#7951,10.);
#825=VECTOR('',#7954,10.);
#826=VECTOR('',#7955,10.);
#827=VECTOR('',#7956,10.);
#828=VECTOR('',#7961,10.);
#829=VECTOR('',#7964,10.);
#830=VECTOR('',#7967,10.);
#831=VECTOR('',#7970,10.);
#832=VECTOR('',#7971,10.);
#833=VECTOR('',#7972,10.);
#834=VECTOR('',#7977,10.);
#835=VECTOR('',#7980,10.);
#836=VECTOR('',#7983,10.);
#837=VECTOR('',#7986,10.);
#838=VECTOR('',#7987,10.);
#839=VECTOR('',#7988,10.);
#840=VECTOR('',#7993,10.);
#841=VECTOR('',#7996,10.);
#842=VECTOR('',#7999,10.);
#843=VECTOR('',#8002,10.);
#844=VECTOR('',#8003,10.);
#845=VECTOR('',#8004,10.);
#846=VECTOR('',#8009,10.);
#847=VECTOR('',#8012,10.);
#848=VECTOR('',#8015,10.);
#849=VECTOR('',#8018,10.);
#850=VECTOR('',#8019,10.);
#851=VECTOR('',#8020,10.);
#852=VECTOR('',#8025,10.);
#853=VECTOR('',#8028,10.);
#854=VECTOR('',#8031,10.);
#855=VECTOR('',#8034,10.);
#856=VECTOR('',#8035,10.);
#857=VECTOR('',#8036,10.);
#858=VECTOR('',#8041,10.);
#859=VECTOR('',#8044,10.);
#860=VECTOR('',#8047,10.);
#861=VECTOR('',#8050,10.);
#862=VECTOR('',#8051,10.);
#863=VECTOR('',#8052,10.);
#864=VECTOR('',#8057,10.);
#865=VECTOR('',#8060,10.);
#866=VECTOR('',#8063,10.);
#867=VECTOR('',#8066,10.);
#868=VECTOR('',#8067,10.);
#869=VECTOR('',#8068,10.);
#870=VECTOR('',#8073,10.);
#871=VECTOR('',#8076,10.);
#872=VECTOR('',#8079,10.);
#873=VECTOR('',#8082,10.);
#874=VECTOR('',#8083,10.);
#875=VECTOR('',#8084,10.);
#876=VECTOR('',#8089,10.);
#877=VECTOR('',#8092,10.);
#878=VECTOR('',#8095,10.);
#879=VECTOR('',#8098,10.);
#880=VECTOR('',#8099,10.);
#881=VECTOR('',#8100,10.);
#882=VECTOR('',#8105,10.);
#883=VECTOR('',#8108,10.);
#884=VECTOR('',#8111,10.);
#885=VECTOR('',#8114,10.);
#886=VECTOR('',#8115,10.);
#887=VECTOR('',#8116,10.);
#888=VECTOR('',#8121,10.);
#889=VECTOR('',#8124,10.);
#890=VECTOR('',#8127,10.);
#891=VECTOR('',#8130,10.);
#892=VECTOR('',#8131,10.);
#893=VECTOR('',#8132,10.);
#894=VECTOR('',#8137,10.);
#895=VECTOR('',#8140,10.);
#896=VECTOR('',#8143,10.);
#897=VECTOR('',#8146,10.);
#898=VECTOR('',#8147,10.);
#899=VECTOR('',#8148,10.);
#900=VECTOR('',#8153,10.);
#901=VECTOR('',#8156,10.);
#902=VECTOR('',#8159,10.);
#903=VECTOR('',#8162,10.);
#904=VECTOR('',#8163,10.);
#905=VECTOR('',#8164,10.);
#906=VECTOR('',#8169,10.);
#907=VECTOR('',#8172,10.);
#908=VECTOR('',#8175,10.);
#909=VECTOR('',#8178,10.);
#910=VECTOR('',#8179,10.);
#911=VECTOR('',#8180,10.);
#912=VECTOR('',#8185,10.);
#913=VECTOR('',#8188,10.);
#914=VECTOR('',#8191,10.);
#915=VECTOR('',#8194,10.);
#916=VECTOR('',#8195,10.);
#917=VECTOR('',#8196,10.);
#918=VECTOR('',#8201,10.);
#919=VECTOR('',#8204,10.);
#920=VECTOR('',#8207,10.);
#921=VECTOR('',#8210,10.);
#922=VECTOR('',#8211,10.);
#923=VECTOR('',#8212,10.);
#924=VECTOR('',#8217,10.);
#925=VECTOR('',#8220,10.);
#926=VECTOR('',#8223,10.);
#927=VECTOR('',#8226,10.);
#928=VECTOR('',#8227,10.);
#929=VECTOR('',#8228,10.);
#930=VECTOR('',#8233,10.);
#931=VECTOR('',#8236,10.);
#932=VECTOR('',#8239,10.);
#933=VECTOR('',#8242,10.);
#934=VECTOR('',#8243,10.);
#935=VECTOR('',#8244,10.);
#936=VECTOR('',#8249,10.);
#937=VECTOR('',#8252,10.);
#938=VECTOR('',#8255,10.);
#939=VECTOR('',#8258,10.);
#940=VECTOR('',#8259,10.);
#941=VECTOR('',#8260,10.);
#942=VECTOR('',#8265,10.);
#943=VECTOR('',#8268,10.);
#944=VECTOR('',#8271,10.);
#945=VECTOR('',#8274,10.);
#946=VECTOR('',#8275,10.);
#947=VECTOR('',#8276,10.);
#948=VECTOR('',#8281,10.);
#949=VECTOR('',#8284,10.);
#950=VECTOR('',#8287,10.);
#951=VECTOR('',#8290,10.);
#952=VECTOR('',#8291,10.);
#953=VECTOR('',#8292,10.);
#954=VECTOR('',#8297,10.);
#955=VECTOR('',#8300,10.);
#956=VECTOR('',#8303,10.);
#957=VECTOR('',#8306,10.);
#958=VECTOR('',#8307,10.);
#959=VECTOR('',#8308,10.);
#960=VECTOR('',#8313,10.);
#961=VECTOR('',#8316,10.);
#962=VECTOR('',#8319,10.);
#963=VECTOR('',#8322,10.);
#964=VECTOR('',#8323,10.);
#965=VECTOR('',#8324,10.);
#966=VECTOR('',#8329,10.);
#967=VECTOR('',#8332,10.);
#968=VECTOR('',#8335,10.);
#969=VECTOR('',#8338,10.);
#970=VECTOR('',#8339,10.);
#971=VECTOR('',#8340,10.);
#972=VECTOR('',#8345,10.);
#973=VECTOR('',#8348,10.);
#974=VECTOR('',#8351,10.);
#975=VECTOR('',#8354,10.);
#976=VECTOR('',#8355,10.);
#977=VECTOR('',#8356,10.);
#978=VECTOR('',#8361,10.);
#979=VECTOR('',#8364,10.);
#980=VECTOR('',#8367,10.);
#981=VECTOR('',#8370,10.);
#982=VECTOR('',#8371,10.);
#983=VECTOR('',#8372,10.);
#984=VECTOR('',#8377,10.);
#985=VECTOR('',#8380,10.);
#986=VECTOR('',#8383,10.);
#987=VECTOR('',#8386,10.);
#988=VECTOR('',#8387,10.);
#989=VECTOR('',#8388,10.);
#990=VECTOR('',#8393,10.);
#991=VECTOR('',#8396,10.);
#992=VECTOR('',#8399,10.);
#993=VECTOR('',#8402,10.);
#994=VECTOR('',#8403,10.);
#995=VECTOR('',#8404,10.);
#996=VECTOR('',#8409,10.);
#997=VECTOR('',#8412,10.);
#998=VECTOR('',#8415,10.);
#999=VECTOR('',#8418,10.);
#1000=VECTOR('',#8419,10.);
#1001=VECTOR('',#8420,10.);
#1002=VECTOR('',#8425,10.);
#1003=VECTOR('',#8428,10.);
#1004=VECTOR('',#8431,10.);
#1005=VECTOR('',#8434,10.);
#1006=VECTOR('',#8435,10.);
#1007=VECTOR('',#8436,10.);
#1008=VECTOR('',#8441,10.);
#1009=VECTOR('',#8444,10.);
#1010=VECTOR('',#8447,10.);
#1011=VECTOR('',#8450,10.);
#1012=VECTOR('',#8451,10.);
#1013=VECTOR('',#8452,10.);
#1014=VECTOR('',#8457,10.);
#1015=VECTOR('',#8460,10.);
#1016=VECTOR('',#8463,10.);
#1017=VECTOR('',#8466,10.);
#1018=VECTOR('',#8467,10.);
#1019=VECTOR('',#8468,10.);
#1020=VECTOR('',#8473,10.);
#1021=VECTOR('',#8476,10.);
#1022=VECTOR('',#8477,10.);
#1023=VECTOR('',#8478,10.);
#1024=VECTOR('',#8479,10.);
#1025=VECTOR('',#8488,10.);
#1026=VECTOR('',#8491,10.);
#1027=VECTOR('',#8492,10.);
#1028=VECTOR('',#8493,10.);
#1029=VECTOR('',#8496,10.);
#1030=VECTOR('',#8497,10.);
#1031=VECTOR('',#8500,10.);
#1032=VECTOR('',#8501,10.);
#1033=VECTOR('',#8504,10.);
#1034=VECTOR('',#8505,10.);
#1035=VECTOR('',#8508,10.);
#1036=VECTOR('',#8509,10.);
#1037=VECTOR('',#8512,10.);
#1038=VECTOR('',#8513,10.);
#1039=VECTOR('',#8516,10.);
#1040=VECTOR('',#8517,10.);
#1041=VECTOR('',#8520,10.);
#1042=VECTOR('',#8521,10.);
#1043=VECTOR('',#8524,10.);
#1044=VECTOR('',#8525,10.);
#1045=VECTOR('',#8528,10.);
#1046=VECTOR('',#8529,10.);
#1047=VECTOR('',#8532,10.);
#1048=VECTOR('',#8533,10.);
#1049=VECTOR('',#8536,10.);
#1050=VECTOR('',#8537,10.);
#1051=VECTOR('',#8540,10.);
#1052=VECTOR('',#8541,10.);
#1053=VECTOR('',#8544,10.);
#1054=VECTOR('',#8545,10.);
#1055=VECTOR('',#8548,10.);
#1056=VECTOR('',#8549,10.);
#1057=VECTOR('',#8552,10.);
#1058=VECTOR('',#8553,10.);
#1059=VECTOR('',#8556,10.);
#1060=VECTOR('',#8557,10.);
#1061=VECTOR('',#8560,10.);
#1062=VECTOR('',#8561,10.);
#1063=VECTOR('',#8564,10.);
#1064=VECTOR('',#8565,10.);
#1065=VECTOR('',#8568,10.);
#1066=VECTOR('',#8569,10.);
#1067=VECTOR('',#8572,10.);
#1068=VECTOR('',#8573,10.);
#1069=VECTOR('',#8576,10.);
#1070=VECTOR('',#8577,10.);
#1071=VECTOR('',#8580,10.);
#1072=VECTOR('',#8581,10.);
#1073=VECTOR('',#8584,10.);
#1074=VECTOR('',#8585,10.);
#1075=VECTOR('',#8588,10.);
#1076=VECTOR('',#8589,10.);
#1077=VECTOR('',#8592,10.);
#1078=VECTOR('',#8593,10.);
#1079=VECTOR('',#8596,10.);
#1080=VECTOR('',#8597,10.);
#1081=VECTOR('',#8600,10.);
#1082=VECTOR('',#8601,10.);
#1083=VECTOR('',#8604,10.);
#1084=VECTOR('',#8605,10.);
#1085=VECTOR('',#8608,10.);
#1086=VECTOR('',#8609,10.);
#1087=VECTOR('',#8612,10.);
#1088=VECTOR('',#8613,10.);
#1089=VECTOR('',#8616,10.);
#1090=VECTOR('',#8617,10.);
#1091=VECTOR('',#8620,10.);
#1092=VECTOR('',#8621,10.);
#1093=VECTOR('',#8624,10.);
#1094=VECTOR('',#8625,10.);
#1095=VECTOR('',#8628,10.);
#1096=VECTOR('',#8629,10.);
#1097=VECTOR('',#8632,10.);
#1098=VECTOR('',#8633,10.);
#1099=VECTOR('',#8636,10.);
#1100=VECTOR('',#8637,10.);
#1101=VECTOR('',#8640,10.);
#1102=VECTOR('',#8641,10.);
#1103=VECTOR('',#8644,10.);
#1104=VECTOR('',#8645,10.);
#1105=VECTOR('',#8648,10.);
#1106=VECTOR('',#8649,10.);
#1107=VECTOR('',#8652,10.);
#1108=VECTOR('',#8653,10.);
#1109=VECTOR('',#8656,10.);
#1110=VECTOR('',#8657,10.);
#1111=VECTOR('',#8660,10.);
#1112=VECTOR('',#8661,10.);
#1113=VECTOR('',#8664,10.);
#1114=VECTOR('',#8665,10.);
#1115=VECTOR('',#8666,10.);
#1116=VECTOR('',#8711,5.7125);
#1117=VECTOR('',#8938,10.);
#1118=VECTOR('',#9197,2.375);
#1119=VECTOR('',#9216,10.);
#1120=VECTOR('',#9217,10.);
#1121=VECTOR('',#9218,10.);
#1122=VECTOR('',#9255,6.95);
#1123=VECTOR('',#9268,4.5);
#1124=B_SPLINE_CURVE_WITH_KNOTS('',3,(#9294,#9295,#9296,#9297,#9298,#9299,
#9300,#9301,#9302,#9303,#9304,#9305,#9306),.UNSPECIFIED.,.F.,.F.,(4,2,2,
3,2,4),(0.133416692940262,0.133523883851749,0.14293037872285,0.152336873593951,
0.161797241796911,0.171257609999872),.UNSPECIFIED.);
#1125=B_SPLINE_CURVE_WITH_KNOTS('',3,(#9336,#9337,#9338,#9339,#9340,#9341,
#9342,#9343,#9344,#9345),.UNSPECIFIED.,.F.,.F.,(4,2,2,2,4),(0.,0.0106751758910317,
0.0204204506339484,0.0328302366262973,0.0330866920879591),.UNSPECIFIED.);
#1126=B_SPLINE_CURVE_WITH_KNOTS('',3,(#9347,#9348,#9349,#9350),
 .UNSPECIFIED.,.F.,.F.,(4,4),(0.0404675525639314,0.0466299638648839),
 .UNSPECIFIED.);
#1127=B_SPLINE_CURVE_WITH_KNOTS('',3,(#9353,#9354,#9355,#9356,#9357),
 .UNSPECIFIED.,.F.,.F.,(4,1,4),(-0.0466299638648839,-0.0253425716000553,
-0.00937702740143388),.UNSPECIFIED.);
#1128=B_SPLINE_CURVE_WITH_KNOTS('',3,(#9378,#9379,#9380,#9381),
 .UNSPECIFIED.,.F.,.F.,(4,4),(-0.108088841564972,0.),.UNSPECIFIED.);
#1129=B_SPLINE_CURVE_WITH_KNOTS('',3,(#9382,#9383,#9384,#9385),
 .UNSPECIFIED.,.F.,.F.,(4,4),(0.,0.108088841564972),.UNSPECIFIED.);
#1130=B_SPLINE_CURVE_WITH_KNOTS('',3,(#9407,#9408,#9409,#9410),
 .UNSPECIFIED.,.F.,.F.,(4,4),(0.0563554243643107,0.164444265943367),
 .UNSPECIFIED.);
#1131=B_SPLINE_CURVE_WITH_KNOTS('',3,(#9413,#9414,#9415,#9416),
 .UNSPECIFIED.,.F.,.F.,(4,4),(-0.164444265943367,-0.0563554243643107),
 .UNSPECIFIED.);
#1132=B_SPLINE_CURVE_WITH_KNOTS('',3,(#9444,#9445,#9446,#9447,#9448,#9449,
#9450,#9451,#9452,#9453),.UNSPECIFIED.,.F.,.F.,(4,2,2,2,4),(-0.000116867530909675,
0.,0.00565517641644848,0.0100961270676606,0.014960836434581),
 .UNSPECIFIED.);
#1133=B_SPLINE_CURVE_WITH_KNOTS('',3,(#9454,#9455,#9456,#9457,#9458),
 .UNSPECIFIED.,.F.,.F.,(4,1,4),(-0.0372529364633384,-0.0159655441985738,
-4.38108434140254E-16),.UNSPECIFIED.);
#1134=B_SPLINE_CURVE_WITH_KNOTS('',3,(#9459,#9460,#9461,#9462),
 .UNSPECIFIED.,.F.,.F.,(4,4),(4.38108434140254E-16,0.00616613633100816),
 .UNSPECIFIED.);
#1135=B_SPLINE_CURVE_WITH_KNOTS('',3,(#9467,#9468,#9469,#9470,#9471,#9472,
#9473,#9474,#9475,#9476,#9477),.UNSPECIFIED.,.F.,.F.,(4,2,3,2,4),(-0.00290162264114342,
-0.00193080501994394,0.,0.00188563525304144,0.00284606028643564),
 .UNSPECIFIED.);
#1136=B_SPLINE_CURVE_WITH_KNOTS('',3,(#9487,#9488,#9489,#9490,#9491,#9492,
#9493,#9494,#9495,#9496,#9497),.UNSPECIFIED.,.F.,.F.,(4,2,3,2,4),(-0.00284606028643569,
-0.00188563525304145,0.,0.00193080501994392,0.00290162264114341),
 .UNSPECIFIED.);
#1137=B_SPLINE_CURVE_WITH_KNOTS('',3,(#9503,#9504,#9505,#9506,#9507,#9508,
#9509,#9510,#9511,#9512,#9513),.UNSPECIFIED.,.F.,.F.,(4,2,3,2,4),(-0.00290162264114339,
-0.00193080501994393,0.,0.00189377633786285,0.00284671390682206),
 .UNSPECIFIED.);
#1138=B_SPLINE_CURVE_WITH_KNOTS('',3,(#9517,#9518,#9519,#9520,#9521,#9522,
#9523,#9524,#9525,#9526,#9527,#9528,#9529),.UNSPECIFIED.,.F.,.F.,(4,2,2,
3,2,4),(0.133416692940262,0.133523883851749,0.14293037872285,0.152336873593951,
0.161797241796911,0.171257609999872),.UNSPECIFIED.);
#1139=B_SPLINE_CURVE_WITH_KNOTS('',3,(#9533,#9534,#9535,#9536,#9537,#9538,
#9539,#9540,#9541,#9542,#9543),.UNSPECIFIED.,.F.,.F.,(4,2,3,2,4),(-0.00284606028643565,
-0.00188563525304145,0.,0.00193080501994394,0.00290162264114342),
 .UNSPECIFIED.);
#1140=B_SPLINE_CURVE_WITH_KNOTS('',3,(#9547,#9548,#9549,#9550,#9551,#9552,
#9553,#9554,#9555,#9556,#9557),.UNSPECIFIED.,.F.,.F.,(4,2,3,2,4),(-0.00290162264114343,
-0.00193080501994394,0.,0.00188563525304145,0.00284606028643565),
 .UNSPECIFIED.);
#1141=B_SPLINE_CURVE_WITH_KNOTS('',3,(#9561,#9562,#9563,#9564,#9565,#9566,
#9567,#9568,#9569,#9570,#9571,#9572,#9573),.UNSPECIFIED.,.F.,.F.,(4,2,2,
3,2,4),(0.133416692940262,0.133523883851749,0.14293037872285,0.152336873593951,
0.161797241796911,0.171257609999872),.UNSPECIFIED.);
#1142=B_SPLINE_CURVE_WITH_KNOTS('',3,(#9577,#9578,#9579,#9580,#9581,#9582,
#9583,#9584,#9585,#9586,#9587),.UNSPECIFIED.,.F.,.F.,(4,2,3,2,4),(-0.00284606028643568,
-0.00188563525304145,0.,0.00193080501994392,0.00290162264114342),
 .UNSPECIFIED.);
#1143=B_SPLINE_CURVE_WITH_KNOTS('',3,(#9591,#9592,#9593,#9594,#9595,#9596,
#9597,#9598,#9599,#9600,#9601),.UNSPECIFIED.,.F.,.F.,(4,2,3,2,4),(-0.00290162264114342,
-0.00193080501994394,0.,0.00188563525304144,0.00284606028643564),
 .UNSPECIFIED.);
#1144=B_SPLINE_CURVE_WITH_KNOTS('',3,(#9605,#9606,#9607,#9608,#9609,#9610,
#9611,#9612,#9613,#9614,#9615,#9616,#9617),.UNSPECIFIED.,.F.,.F.,(4,2,2,
3,2,4),(0.133416692940262,0.133523883851749,0.14293037872285,0.152336873593951,
0.161797241796911,0.171257609999872),.UNSPECIFIED.);
#1145=B_SPLINE_CURVE_WITH_KNOTS('',3,(#9621,#9622,#9623,#9624,#9625,#9626,
#9627,#9628,#9629,#9630,#9631),.UNSPECIFIED.,.F.,.F.,(4,2,3,2,4),(-0.00284606028643564,
-0.00188563525304145,0.,0.00193080501994394,0.00290162264114342),
 .UNSPECIFIED.);
#1146=B_SPLINE_CURVE_WITH_KNOTS('',3,(#9674,#9675,#9676,#9677,#9678,#9679,
#9680,#9681,#9682,#9683),.UNSPECIFIED.,.F.,.F.,(4,2,2,2,4),(0.,0.010675175891032,
0.0204204506339481,0.0328302365812468,0.0330866920365628),.UNSPECIFIED.);
#1147=B_SPLINE_CURVE_WITH_KNOTS('',3,(#9685,#9686,#9687,#9688),
 .UNSPECIFIED.,.F.,.F.,(4,4),(0.0404638274517672,0.0466299638648837),
 .UNSPECIFIED.);
#1148=B_SPLINE_CURVE_WITH_KNOTS('',3,(#9691,#9692,#9693,#9694,#9695),
 .UNSPECIFIED.,.F.,.F.,(4,1,4),(-0.0466299638648837,-0.0306644196662623,
-0.00937702740143377),.UNSPECIFIED.);
#1149=B_SPLINE_CURVE_WITH_KNOTS('',3,(#9716,#9717,#9718,#9719),
 .UNSPECIFIED.,.F.,.F.,(4,4),(-0.108088841564972,0.),.UNSPECIFIED.);
#1150=B_SPLINE_CURVE_WITH_KNOTS('',3,(#9720,#9721,#9722,#9723),
 .UNSPECIFIED.,.F.,.F.,(4,4),(0.,0.108088841564972),.UNSPECIFIED.);
#1151=B_SPLINE_CURVE_WITH_KNOTS('',3,(#9745,#9746,#9747,#9748),
 .UNSPECIFIED.,.F.,.F.,(4,4),(0.0563554243643109,0.164444265943367),
 .UNSPECIFIED.);
#1152=B_SPLINE_CURVE_WITH_KNOTS('',3,(#9751,#9752,#9753,#9754),
 .UNSPECIFIED.,.F.,.F.,(4,4),(-0.164444265943367,-0.0563554243643109),
 .UNSPECIFIED.);
#1153=B_SPLINE_CURVE_WITH_KNOTS('',3,(#9782,#9783,#9784,#9785,#9786,#9787,
#9788,#9789,#9790,#9791),.UNSPECIFIED.,.F.,.F.,(4,2,2,2,4),(-0.000116867531592392,
0.,0.00565517637945273,0.010096126991938,0.0149608363164338),
 .UNSPECIFIED.);
#1154=B_SPLINE_CURVE_WITH_KNOTS('',3,(#9792,#9793,#9794,#9795,#9796),
 .UNSPECIFIED.,.F.,.F.,(4,1,4),(-0.0372529364633382,-0.0159655441985735,
0.),.UNSPECIFIED.);
#1155=B_SPLINE_CURVE_WITH_KNOTS('',3,(#9797,#9798,#9799,#9800),
 .UNSPECIFIED.,.F.,.F.,(4,4),(0.,0.00616613633100636),.UNSPECIFIED.);
#1156=B_SPLINE_CURVE_WITH_KNOTS('',3,(#9846,#9847,#9848,#9849,#9850,#9851,
#9852,#9853,#9854,#9855),.UNSPECIFIED.,.F.,.F.,(4,2,2,2,4),(0.,0.0106751758910321,
0.0204204506339552,0.0328302367804639,0.033086692263358),.UNSPECIFIED.);
#1157=B_SPLINE_CURVE_WITH_KNOTS('',3,(#9857,#9858,#9859,#9860),
 .UNSPECIFIED.,.F.,.F.,(4,4),(0.0404675525639323,0.0466299638648838),
 .UNSPECIFIED.);
#1158=B_SPLINE_CURVE_WITH_KNOTS('',3,(#9863,#9864,#9865,#9866,#9867),
 .UNSPECIFIED.,.F.,.F.,(4,1,4),(-0.0466299638648838,-0.0253425716000553,
-0.00937702740143387),.UNSPECIFIED.);
#1159=B_SPLINE_CURVE_WITH_KNOTS('',3,(#9888,#9889,#9890,#9891),
 .UNSPECIFIED.,.F.,.F.,(4,4),(-0.108088841564972,0.),.UNSPECIFIED.);
#1160=B_SPLINE_CURVE_WITH_KNOTS('',3,(#9892,#9893,#9894,#9895),
 .UNSPECIFIED.,.F.,.F.,(4,4),(0.,0.108088841564972),.UNSPECIFIED.);
#1161=B_SPLINE_CURVE_WITH_KNOTS('',3,(#9917,#9918,#9919,#9920),
 .UNSPECIFIED.,.F.,.F.,(4,4),(0.0563554243643109,0.164444265943368),
 .UNSPECIFIED.);
#1162=B_SPLINE_CURVE_WITH_KNOTS('',3,(#9923,#9924,#9925,#9926),
 .UNSPECIFIED.,.F.,.F.,(4,4),(-0.164444265943368,-0.0563554243643109),
 .UNSPECIFIED.);
#1163=B_SPLINE_CURVE_WITH_KNOTS('',3,(#9954,#9955,#9956,#9957,#9958,#9959,
#9960,#9961,#9962,#9963),.UNSPECIFIED.,.F.,.F.,(4,2,2,2,4),(-0.000116867527367068,
0.,0.00565517660828186,0.0100961274603256,0.0149608370472364),
 .UNSPECIFIED.);
#1164=B_SPLINE_CURVE_WITH_KNOTS('',3,(#9964,#9965,#9966,#9967,#9968),
 .UNSPECIFIED.,.F.,.F.,(4,1,4),(-0.0372529364633384,-0.0212873922647651,
-6.51183267341627E-16),.UNSPECIFIED.);
#1165=B_SPLINE_CURVE_WITH_KNOTS('',3,(#9969,#9970,#9971,#9972),
 .UNSPECIFIED.,.F.,.F.,(4,4),(6.51183267341627E-16,0.00616241121895399),
 .UNSPECIFIED.);
#1166=B_SPLINE_CURVE_WITH_KNOTS('',3,(#10018,#10019,#10020,#10021,#10022,
#10023,#10024,#10025,#10026,#10027),.UNSPECIFIED.,.F.,.F.,(4,2,2,2,4),(0.,
0.0106751758910317,0.0204204506339556,0.0328302366619089,0.0330866921284609),
 .UNSPECIFIED.);
#1167=B_SPLINE_CURVE_WITH_KNOTS('',3,(#10029,#10030,#10031,#10032),
 .UNSPECIFIED.,.F.,.F.,(4,4),(0.0404675525639274,0.0466299638648798),
 .UNSPECIFIED.);
#1168=B_SPLINE_CURVE_WITH_KNOTS('',3,(#10035,#10036,#10037,#10038,#10039),
 .UNSPECIFIED.,.F.,.F.,(4,1,4),(-0.0466299638648798,-0.0253425716000512,
-0.00937702740142979),.UNSPECIFIED.);
#1169=B_SPLINE_CURVE_WITH_KNOTS('',3,(#10060,#10061,#10062,#10063),
 .UNSPECIFIED.,.F.,.F.,(4,4),(-0.108088841564972,0.),.UNSPECIFIED.);
#1170=B_SPLINE_CURVE_WITH_KNOTS('',3,(#10064,#10065,#10066,#10067),
 .UNSPECIFIED.,.F.,.F.,(4,4),(0.,0.108088841564972),.UNSPECIFIED.);
#1171=B_SPLINE_CURVE_WITH_KNOTS('',3,(#10089,#10090,#10091,#10092),
 .UNSPECIFIED.,.F.,.F.,(4,4),(0.0563554243643109,0.164444265943368),
 .UNSPECIFIED.);
#1172=B_SPLINE_CURVE_WITH_KNOTS('',3,(#10095,#10096,#10097,#10098),
 .UNSPECIFIED.,.F.,.F.,(4,4),(-0.164444265943368,-0.0563554243643109),
 .UNSPECIFIED.);
#1173=B_SPLINE_CURVE_WITH_KNOTS('',3,(#10126,#10127,#10128,#10129,#10130,
#10131,#10132,#10133,#10134,#10135),.UNSPECIFIED.,.F.,.F.,(4,2,2,2,4),(-0.000116867527952659,
0.,0.00565517657754551,0.0100961273974115,0.0149608369490778),
 .UNSPECIFIED.);
#1174=B_SPLINE_CURVE_WITH_KNOTS('',3,(#10136,#10137,#10138,#10139,#10140),
 .UNSPECIFIED.,.F.,.F.,(4,1,4),(-0.0372529364633383,-0.0159655441985739,
-5.28047120200954E-16),.UNSPECIFIED.);
#1175=B_SPLINE_CURVE_WITH_KNOTS('',3,(#10141,#10142,#10143,#10144),
 .UNSPECIFIED.,.F.,.F.,(4,4),(5.28047120200954E-16,0.00616613633100711),
 .UNSPECIFIED.);
#1176=B_SPLINE_CURVE_WITH_KNOTS('',3,(#10156,#10157,#10158,#10159,#10160,
#10161,#10162,#10163,#10164,#10165,#10166,#10167,#10168,#10169),
 .UNSPECIFIED.,.F.,.F.,(4,2,2,2,2,2,4),(0.0281508349263128,0.031656292682756,
0.0341898805346335,0.0367234683865109,0.0392570562383883,0.0417906440902657,
0.045296101846709),.UNSPECIFIED.);
#1177=B_SPLINE_CURVE_WITH_KNOTS('',3,(#10185,#10186,#10187,#10188),
 .UNSPECIFIED.,.F.,.F.,(4,4),(0.0229676728088394,0.024603460453153),
 .UNSPECIFIED.);
#1178=B_SPLINE_CURVE_WITH_KNOTS('',3,(#10191,#10192,#10193,#10194,#10195,
#10196,#10197,#10198),.UNSPECIFIED.,.F.,.F.,(4,2,2,4),(0.13365584154278,
0.135281607823459,0.14465122610088,0.152598019564453),.UNSPECIFIED.);
#1179=B_SPLINE_CURVE_WITH_KNOTS('',3,(#10202,#10203,#10204,#10205,#10206,
#10207,#10208,#10209,#10210,#10211,#10212,#10213),.UNSPECIFIED.,.F.,.F.,
(4,2,2,2,2,4),(-0.00831937261838326,-0.00796826498074056,-0.00616918762075764,
-0.00374386714469823,0.,5.80560287840703E-5),.UNSPECIFIED.);
#1180=B_SPLINE_CURVE_WITH_KNOTS('',3,(#10220,#10221,#10222,#10223,#10224,
#10225,#10226,#10227,#10228,#10229,#10230,#10231),.UNSPECIFIED.,.F.,.F.,
(4,2,2,2,2,4),(-0.00863406757799584,-0.00857657563322425,-0.00569644831297395,
-0.00323795028865861,-0.0014492360151518,-0.000729309305252562),
 .UNSPECIFIED.);
#1181=B_SPLINE_CURVE_WITH_KNOTS('',3,(#10235,#10236,#10237,#10238,#10239,
#10240,#10241,#10242,#10243,#10244,#10245,#10246,#10247,#10248),
 .UNSPECIFIED.,.F.,.F.,(4,2,2,2,2,2,4),(0.0281508349263123,0.031656292682756,
0.0341898805346334,0.0367234683865108,0.0392570562383882,0.0417906440902657,
0.0452961018467086),.UNSPECIFIED.);
#1182=B_SPLINE_CURVE_WITH_KNOTS('',3,(#10264,#10265,#10266,#10267),
 .UNSPECIFIED.,.F.,.F.,(4,4),(0.0229676728088387,0.0246034604531526),
 .UNSPECIFIED.);
#1183=B_SPLINE_CURVE_WITH_KNOTS('',3,(#10270,#10271,#10272,#10273,#10274,
#10275,#10276,#10277),.UNSPECIFIED.,.F.,.F.,(4,2,2,4),(0.133655841542779,
0.135281607823459,0.14465122610088,0.152598019564453),.UNSPECIFIED.);
#1184=B_SPLINE_CURVE_WITH_KNOTS('',3,(#10280,#10281,#10282,#10283,#10284,
#10285,#10286,#10287,#10288,#10289,#10290,#10291),.UNSPECIFIED.,.F.,.F.,
(4,2,2,2,2,4),(-0.00792509221511665,-0.0074895699055968,-0.00576301186274358,
-0.00342163446124011,0.,5.9545504765245E-5),.UNSPECIFIED.);
#1185=B_SPLINE_CURVE_WITH_KNOTS('',3,(#10296,#10297,#10298,#10299,#10300,
#10301,#10302,#10303,#10304,#10305,#10306,#10307),.UNSPECIFIED.,.F.,.F.,
(4,2,2,2,2,4),(-0.0152219300708215,-0.0151747410437851,-0.0124631408679756,
-0.0106076301623542,-0.0092393556883902,-0.00889421000306337),
 .UNSPECIFIED.);
#1186=B_SPLINE_CURVE_WITH_KNOTS('',3,(#10311,#10312,#10313,#10314,#10315,
#10316,#10317,#10318,#10319,#10320,#10321,#10322,#10323,#10324),
 .UNSPECIFIED.,.F.,.F.,(4,2,2,2,2,2,4),(0.0281508349263124,0.031656292682756,
0.0341898805346334,0.0367234683865108,0.0392570562383883,0.0417906440902657,
0.045296101846709),.UNSPECIFIED.);
#1187=B_SPLINE_CURVE_WITH_KNOTS('',3,(#10340,#10341,#10342,#10343),
 .UNSPECIFIED.,.F.,.F.,(4,4),(0.022967672808839,0.0246034604531528),
 .UNSPECIFIED.);
#1188=B_SPLINE_CURVE_WITH_KNOTS('',3,(#10346,#10347,#10348,#10349,#10350,
#10351,#10352,#10353),.UNSPECIFIED.,.F.,.F.,(4,2,2,4),(0.133655841542779,
0.135281607823459,0.14465122610088,0.152598019564453),.UNSPECIFIED.);
#1189=B_SPLINE_CURVE_WITH_KNOTS('',3,(#10356,#10357,#10358,#10359,#10360,
#10361,#10362,#10363,#10364,#10365,#10366,#10367),.UNSPECIFIED.,.F.,.F.,
(4,2,2,2,2,4),(-0.00792399400612009,-0.00749048895494957,-0.00575955651642388,
-0.00341229517333614,0.,6.06215536128786E-5),.UNSPECIFIED.);
#1190=B_SPLINE_CURVE_WITH_KNOTS('',3,(#10372,#10373,#10374,#10375,#10376,
#10377,#10378,#10379,#10380,#10381,#10382,#10383),.UNSPECIFIED.,.F.,.F.,
(4,2,2,2,2,4),(-0.0152104965927438,-0.0151624975893107,-0.0124607065928953,
-0.0106021893073625,-0.00923166963065049,-0.00888842850271328),
 .UNSPECIFIED.);
#1191=B_SPLINE_CURVE_WITH_KNOTS('',3,(#10387,#10388,#10389,#10390,#10391,
#10392,#10393,#10394,#10395,#10396,#10397,#10398,#10399,#10400),
 .UNSPECIFIED.,.F.,.F.,(4,2,2,2,2,2,4),(0.0281508349263121,0.0316562926827558,
0.0341898805346332,0.0367234683865107,0.0392570562383881,0.0417906440902655,
0.0452961018467088),.UNSPECIFIED.);
#1192=B_SPLINE_CURVE_WITH_KNOTS('',3,(#10416,#10417,#10418,#10419),
 .UNSPECIFIED.,.F.,.F.,(4,4),(0.0229676728088392,0.0246034604531532),
 .UNSPECIFIED.);
#1193=B_SPLINE_CURVE_WITH_KNOTS('',3,(#10422,#10423,#10424,#10425,#10426,
#10427,#10428,#10429),.UNSPECIFIED.,.F.,.F.,(4,2,2,4),(0.133655841542779,
0.135281607823459,0.144651226100879,0.152598019564453),.UNSPECIFIED.);
#1194=B_SPLINE_CURVE_WITH_KNOTS('',3,(#10432,#10433,#10434,#10435,#10436,
#10437,#10438,#10439,#10440,#10441,#10442,#10443),.UNSPECIFIED.,.F.,.F.,
(4,2,2,2,2,4),(-0.00792223170317355,-0.00739896948564471,-0.00563890986590251,
-0.00324131011967402,0.,6.13644854600158E-5),.UNSPECIFIED.);
#1195=B_SPLINE_CURVE_WITH_KNOTS('',3,(#10448,#10449,#10450,#10451,#10452,
#10453,#10454,#10455,#10456,#10457,#10458,#10459),.UNSPECIFIED.,.F.,.F.,
(4,2,2,2,2,4),(-0.0144865174079001,-0.0144405031728982,-0.0120100027865468,
-0.010212159663131,-0.00889237678897693,-0.00850000797053598),
 .UNSPECIFIED.);
#1196=B_SPLINE_CURVE_WITH_KNOTS('',3,(#10463,#10464,#10465,#10466,#10467,
#10468,#10469,#10470,#10471,#10472,#10473,#10474,#10475,#10476),
 .UNSPECIFIED.,.F.,.F.,(4,2,2,2,2,2,4),(0.0281508349263123,0.0316562926827559,
0.0341898805346334,0.0367234683865109,0.0392570562383882,0.0417906440902655,
0.0452961018467092),.UNSPECIFIED.);
#1197=B_SPLINE_CURVE_WITH_KNOTS('',3,(#10492,#10493,#10494,#10495),
 .UNSPECIFIED.,.F.,.F.,(4,4),(0.0229676728088391,0.024603460453153),
 .UNSPECIFIED.);
#1198=B_SPLINE_CURVE_WITH_KNOTS('',3,(#10498,#10499,#10500,#10501,#10502,
#10503,#10504,#10505),.UNSPECIFIED.,.F.,.F.,(4,2,2,4),(0.13365584154278,
0.135281607823459,0.144651226100879,0.152598019564454),.UNSPECIFIED.);
#1199=B_SPLINE_CURVE_WITH_KNOTS('',3,(#10508,#10509,#10510,#10511,#10512,
#10513,#10514,#10515,#10516,#10517,#10518,#10519),.UNSPECIFIED.,.F.,.F.,
(4,2,2,2,2,4),(-0.00792126148380826,-0.00733163434733568,-0.00554993233871626,
-0.00311536204255757,0.,6.1800435395842E-5),.UNSPECIFIED.);
#1200=B_SPLINE_CURVE_WITH_KNOTS('',3,(#10524,#10525,#10526,#10527,#10528,
#10529,#10530,#10531,#10532,#10533,#10534,#10535),.UNSPECIFIED.,.F.,.F.,
(4,2,2,2,2,4),(-0.0142746160266334,-0.0142290365453504,-0.0119313733486037,
-0.0101358123534592,-0.00882175925887866,-0.00838689340612572),
 .UNSPECIFIED.);
#1201=B_SPLINE_CURVE_WITH_KNOTS('',3,(#10539,#10540,#10541,#10542,#10543,
#10544,#10545,#10546,#10547,#10548,#10549,#10550,#10551,#10552),
 .UNSPECIFIED.,.F.,.F.,(4,2,2,2,2,2,4),(0.0281508349263123,0.031656292682756,
0.0341898805346334,0.0367234683865108,0.0392570562383882,0.0417906440902656,
0.0452961018467085),.UNSPECIFIED.);
#1202=B_SPLINE_CURVE_WITH_KNOTS('',3,(#10568,#10569,#10570,#10571),
 .UNSPECIFIED.,.F.,.F.,(4,4),(0.0229676728088392,0.0246034604531534),
 .UNSPECIFIED.);
#1203=B_SPLINE_CURVE_WITH_KNOTS('',3,(#10574,#10575,#10576,#10577,#10578,
#10579,#10580,#10581),.UNSPECIFIED.,.F.,.F.,(4,2,2,4),(0.133655841542779,
0.135281607823459,0.14465122610088,0.152598019564453),.UNSPECIFIED.);
#1204=B_SPLINE_CURVE_WITH_KNOTS('',3,(#10584,#10585,#10586,#10587,#10588,
#10589,#10590,#10591,#10592,#10593,#10594,#10595),.UNSPECIFIED.,.F.,.F.,
(4,2,2,2,2,4),(-0.00792098398391035,-0.00730961115086736,-0.00552072656223532,
-0.00307399011989601,0.,6.19387848802136E-5),.UNSPECIFIED.);
#1205=B_SPLINE_CURVE_WITH_KNOTS('',3,(#10600,#10601,#10602,#10603,#10604,
#10605,#10606,#10607,#10608,#10609,#10610,#10611),.UNSPECIFIED.,.F.,.F.,
(4,2,2,2,2,4),(-0.0142166746266224,-0.0141712018112299,-0.0119144093108781,
-0.0101181197204612,-0.00880479691649606,-0.00835595304559219),
 .UNSPECIFIED.);
#1206=B_SPLINE_CURVE_WITH_KNOTS('',3,(#10615,#10616,#10617,#10618,#10619,
#10620,#10621,#10622,#10623,#10624,#10625,#10626,#10627,#10628),
 .UNSPECIFIED.,.F.,.F.,(4,2,2,2,2,2,4),(0.0281508349263128,0.0316562926827564,
0.0341898805346338,0.0367234683865113,0.0392570562383887,0.0417906440902662,
0.0452961018467091),.UNSPECIFIED.);
#1207=B_SPLINE_CURVE_WITH_KNOTS('',3,(#10644,#10645,#10646,#10647),
 .UNSPECIFIED.,.F.,.F.,(4,4),(0.0229676728088388,0.0246034604531526),
 .UNSPECIFIED.);
#1208=B_SPLINE_CURVE_WITH_KNOTS('',3,(#10650,#10651,#10652,#10653,#10654,
#10655,#10656,#10657),.UNSPECIFIED.,.F.,.F.,(4,2,2,4),(0.133655841542779,
0.135281607823459,0.144651226100879,0.152598019564453),.UNSPECIFIED.);
#1209=B_SPLINE_CURVE_WITH_KNOTS('',3,(#10660,#10661,#10662,#10663,#10664,
#10665,#10666,#10667,#10668,#10669,#10670,#10671),.UNSPECIFIED.,.F.,.F.,
(4,2,2,2,2,4),(-0.00792131973983847,-0.007336075580039,-0.00555581585044358,
-0.00312369469325837,0.,6.17722920051958E-5),.UNSPECIFIED.);
#1210=B_SPLINE_CURVE_WITH_KNOTS('',3,(#10676,#10677,#10678,#10679,#10680,
#10681,#10682,#10683,#10684,#10685,#10686,#10687),.UNSPECIFIED.,.F.,.F.,
(4,2,2,2,2,4),(-0.0142869188927478,-0.0142413159653293,-0.0119352719806441,
-0.0101397769290115,-0.00882551364666459,-0.00839346157153993),
 .UNSPECIFIED.);
#1211=B_SPLINE_CURVE_WITH_KNOTS('',3,(#10691,#10692,#10693,#10694,#10695,
#10696,#10697,#10698,#10699,#10700,#10701,#10702,#10703,#10704),
 .UNSPECIFIED.,.F.,.F.,(4,2,2,2,2,2,4),(0.0281508349263125,0.031656292682756,
0.0341898805346334,0.0367234683865108,0.0392570562383883,0.0417906440902657,
0.045296101846709),.UNSPECIFIED.);
#1212=B_SPLINE_CURVE_WITH_KNOTS('',3,(#10720,#10721,#10722,#10723),
 .UNSPECIFIED.,.F.,.F.,(4,4),(0.0229676728088392,0.0246034604531532),
 .UNSPECIFIED.);
#1213=B_SPLINE_CURVE_WITH_KNOTS('',3,(#10726,#10727,#10728,#10729,#10730,
#10731,#10732,#10733),.UNSPECIFIED.,.F.,.F.,(4,2,2,4),(0.133655841542779,
0.135281607823459,0.14465122610088,0.152598019564453),.UNSPECIFIED.);
#1214=B_SPLINE_CURVE_WITH_KNOTS('',3,(#10736,#10737,#10738,#10739,#10740,
#10741,#10742,#10743,#10744,#10745,#10746,#10747),.UNSPECIFIED.,.F.,.F.,
(4,2,2,2,2,4),(-0.00792252489914235,-0.00741702131754191,-0.00566268143677928,
-0.00327493217393682,0.,6.12440728466064E-5),.UNSPECIFIED.);
#1215=B_SPLINE_CURVE_WITH_KNOTS('',3,(#10752,#10753,#10754,#10755,#10756,
#10757,#10758,#10759,#10760,#10761,#10762,#10763),.UNSPECIFIED.,.F.,.F.,
(4,2,2,2,2,4),(-0.0145537814589533,-0.0145076180353693,-0.012039100280975,
-0.0102393068393647,-0.00891695299723608,-0.00853592386447267),
 .UNSPECIFIED.);
#1216=B_SPLINE_CURVE_WITH_KNOTS('',3,(#10767,#10768,#10769,#10770,#10771,
#10772,#10773,#10774,#10775,#10776,#10777,#10778,#10779,#10780),
 .UNSPECIFIED.,.F.,.F.,(4,2,2,2,2,2,4),(0.0281508349263128,0.0316562926827563,
0.0341898805346338,0.0367234683865112,0.0392570562383886,0.041790644090266,
0.0452961018467098),.UNSPECIFIED.);
#1217=B_SPLINE_CURVE_WITH_KNOTS('',3,(#10796,#10797,#10798,#10799),
 .UNSPECIFIED.,.F.,.F.,(4,4),(0.0229676728088389,0.0246034604531529),
 .UNSPECIFIED.);
#1218=B_SPLINE_CURVE_WITH_KNOTS('',3,(#10802,#10803,#10804,#10805,#10806,
#10807,#10808,#10809),.UNSPECIFIED.,.F.,.F.,(4,2,2,4),(0.133655841542779,
0.135281607823459,0.144651226100879,0.152598019564453),.UNSPECIFIED.);
#1219=B_SPLINE_CURVE_WITH_KNOTS('',3,(#10812,#10813,#10814,#10815,#10816,
#10817,#10818,#10819,#10820,#10821,#10822,#10823),.UNSPECIFIED.,.F.,.F.,
(4,2,2,2,2,4),(-0.0079185370460134,-0.0063524499198812,-0.00424515746168877,
-0.00210457148839441,0.,6.0031164727398E-5),.UNSPECIFIED.);
#1220=B_SPLINE_CURVE_WITH_KNOTS('',3,(#10828,#10829,#10830,#10831,#10832,
#10833,#10834,#10835,#10836,#10837,#10838,#10839),.UNSPECIFIED.,.F.,.F.,
(4,2,2,2,2,4),(-0.0108673142965466,-0.0108077771354556,-0.00861200074027734,
-0.00637334690415498,-0.00434396579738545,-0.00295358860963651),
 .UNSPECIFIED.);
#1221=B_SPLINE_CURVE_WITH_KNOTS('',3,(#10843,#10844,#10845,#10846,#10847,
#10848,#10849,#10850,#10851,#10852,#10853,#10854,#10855,#10856),
 .UNSPECIFIED.,.F.,.F.,(4,2,2,2,2,2,4),(0.0281508349263122,0.031656292682756,
0.0341898805346334,0.0367234683865108,0.0392570562383882,0.0417906440902656,
0.0452961018467092),.UNSPECIFIED.);
#1222=B_SPLINE_CURVE_WITH_KNOTS('',3,(#10872,#10873,#10874,#10875),
 .UNSPECIFIED.,.F.,.F.,(4,4),(0.0229676728088391,0.024603460453153),
 .UNSPECIFIED.);
#1223=B_SPLINE_CURVE_WITH_KNOTS('',3,(#10878,#10879,#10880,#10881,#10882,
#10883,#10884,#10885),.UNSPECIFIED.,.F.,.F.,(4,2,2,4),(0.133655841542779,
0.135281607823459,0.14465122610088,0.152598019564453),.UNSPECIFIED.);
#1224=B_SPLINE_CURVE_WITH_KNOTS('',3,(#10888,#10889,#10890,#10891,#10892,
#10893,#10894,#10895,#10896,#10897,#10898,#10899),.UNSPECIFIED.,.F.,.F.,
(4,2,2,2,2,4),(-0.00793763849078866,-0.00636441001647484,-0.00414433220575495,
-0.0020850273516727,0.,4.18793123024442E-5),.UNSPECIFIED.);
#1225=B_SPLINE_CURVE_WITH_KNOTS('',3,(#10904,#10905,#10906,#10907,#10908,
#10909,#10910,#10911,#10912,#10913,#10914,#10915,#10916,#10917),
 .UNSPECIFIED.,.F.,.F.,(4,2,2,2,2,2,4),(-0.00930749372055385,-0.00926598558420508,
-0.00731709075921903,-0.0053897567916272,-0.00312469946905938,-0.00143635925642131,
-0.00139922042496343),.UNSPECIFIED.);
#1226=B_SPLINE_CURVE_WITH_KNOTS('',3,(#10921,#10922,#10923,#10924,#10925,
#10926,#10927,#10928,#10929,#10930,#10931,#10932,#10933,#10934),
 .UNSPECIFIED.,.F.,.F.,(4,2,2,2,2,2,4),(0.0281508349263123,0.031656292682756,
0.0341898805346335,0.0367234683865109,0.0392570562383883,0.0417906440902657,
0.0452961018467091),.UNSPECIFIED.);
#1227=B_SPLINE_CURVE_WITH_KNOTS('',3,(#10950,#10951,#10952,#10953),
 .UNSPECIFIED.,.F.,.F.,(4,4),(0.0229676728088393,0.0246034604531531),
 .UNSPECIFIED.);
#1228=B_SPLINE_CURVE_WITH_KNOTS('',3,(#10956,#10957,#10958,#10959,#10960,
#10961,#10962,#10963),.UNSPECIFIED.,.F.,.F.,(4,2,2,4),(0.13365584154278,
0.135281607823459,0.14465122610088,0.152598019564454),.UNSPECIFIED.);
#1229=B_SPLINE_CURVE_WITH_KNOTS('',3,(#10966,#10967,#10968,#10969,#10970,
#10971,#10972,#10973,#10974,#10975,#10976,#10977),.UNSPECIFIED.,.F.,.F.,
(4,2,2,2,2,4),(-0.00793803007700714,-0.00626971527056706,-0.00401981575264231,
-0.00201973181885385,0.,4.11036543817313E-5),.UNSPECIFIED.);
#1230=B_SPLINE_CURVE_WITH_KNOTS('',3,(#10982,#10983,#10984,#10985,#10986,
#10987,#10988,#10989,#10990,#10991,#10992,#10993),.UNSPECIFIED.,.F.,.F.,
(4,2,2,2,2,4),(-0.00794920616519114,-0.00790842622309762,-0.00588979364478278,
-0.00389106290739086,-0.00166702857742002,-3.284156027989E-5),
 .UNSPECIFIED.);
#1231=B_SPLINE_CURVE_WITH_KNOTS('',3,(#10997,#10998,#10999,#11000,#11001,
#11002,#11003,#11004,#11005,#11006,#11007,#11008,#11009,#11010),
 .UNSPECIFIED.,.F.,.F.,(4,2,2,2,2,2,4),(0.0281508349263128,0.0316562926827561,
0.0341898805346335,0.0367234683865109,0.0392570562383883,0.0417906440902658,
0.0452961018467086),.UNSPECIFIED.);
#1232=B_SPLINE_CURVE_WITH_KNOTS('',3,(#11026,#11027,#11028,#11029),
 .UNSPECIFIED.,.F.,.F.,(4,4),(0.022967672808839,0.0246034604531528),
 .UNSPECIFIED.);
#1233=B_SPLINE_CURVE_WITH_KNOTS('',3,(#11032,#11033,#11034,#11035,#11036,
#11037,#11038,#11039),.UNSPECIFIED.,.F.,.F.,(4,2,2,4),(0.13365584154278,
0.135281607823459,0.14465122610088,0.152598019564453),.UNSPECIFIED.);
#1234=B_SPLINE_CURVE_WITH_KNOTS('',3,(#11042,#11043,#11044,#11045,#11046,
#11047,#11048,#11049,#11050,#11051,#11052,#11053),.UNSPECIFIED.,.F.,.F.,
(4,2,2,2,2,4),(-0.00831937261909682,-0.00796826498141387,-0.00616918762123261,
-0.00374386714490909,0.,5.80560287360182E-5),.UNSPECIFIED.);
#1235=B_SPLINE_CURVE_WITH_KNOTS('',3,(#11058,#11059,#11060,#11061,#11062,
#11063,#11064,#11065,#11066,#11067,#11068,#11069),.UNSPECIFIED.,.F.,.F.,
(4,2,2,2,2,4),(-0.00863406757800629,-0.00857657563325223,-0.00569644831299139,
-0.0032379502886624,-0.00144923601515206,-0.000729309305253143),
 .UNSPECIFIED.);
#1236=B_SPLINE_CURVE_WITH_KNOTS('',3,(#11073,#11074,#11075,#11076,#11077,
#11078,#11079,#11080,#11081,#11082,#11083,#11084,#11085,#11086),
 .UNSPECIFIED.,.F.,.F.,(4,2,2,2,2,2,4),(0.0281508349263122,0.031656292682756,
0.0341898805346334,0.0367234683865108,0.0392570562383882,0.0417906440902657,
0.0452961018467092),.UNSPECIFIED.);
#1237=B_SPLINE_CURVE_WITH_KNOTS('',3,(#11102,#11103,#11104,#11105),
 .UNSPECIFIED.,.F.,.F.,(4,4),(0.0229676728088391,0.024603460453153),
 .UNSPECIFIED.);
#1238=B_SPLINE_CURVE_WITH_KNOTS('',3,(#11108,#11109,#11110,#11111,#11112,
#11113,#11114,#11115),.UNSPECIFIED.,.F.,.F.,(4,2,2,4),(0.133655841542779,
0.135281607823459,0.14465122610088,0.152598019564453),.UNSPECIFIED.);
#1239=B_SPLINE_CURVE_WITH_KNOTS('',3,(#11118,#11119,#11120,#11121,#11122,
#11123,#11124,#11125,#11126,#11127,#11128,#11129),.UNSPECIFIED.,.F.,.F.,
(4,2,2,2,2,4),(-0.00792509221520965,-0.00748956990568312,-0.00576301186280862,
-0.00342163446127493,0.,5.95455047805524E-5),.UNSPECIFIED.);
#1240=B_SPLINE_CURVE_WITH_KNOTS('',3,(#11134,#11135,#11136,#11137,#11138,
#11139,#11140,#11141,#11142,#11143,#11144,#11145),.UNSPECIFIED.,.F.,.F.,
(4,2,2,2,2,4),(-0.0152219300709313,-0.0151747410438535,-0.0124631408680413,
-0.010607630162415,-0.00923935568844906,-0.00889421000312047),
 .UNSPECIFIED.);
#1241=B_SPLINE_CURVE_WITH_KNOTS('',3,(#11149,#11150,#11151,#11152,#11153,
#11154,#11155,#11156,#11157,#11158,#11159,#11160,#11161,#11162),
 .UNSPECIFIED.,.F.,.F.,(4,2,2,2,2,2,4),(0.0281508349263126,0.031656292682756,
0.0341898805346335,0.0367234683865109,0.0392570562383883,0.0417906440902658,
0.0452961018467094),.UNSPECIFIED.);
#1242=B_SPLINE_CURVE_WITH_KNOTS('',3,(#11178,#11179,#11180,#11181),
 .UNSPECIFIED.,.F.,.F.,(4,4),(0.0229676728088392,0.024603460453153),
 .UNSPECIFIED.);
#1243=B_SPLINE_CURVE_WITH_KNOTS('',3,(#11184,#11185,#11186,#11187,#11188,
#11189,#11190,#11191),.UNSPECIFIED.,.F.,.F.,(4,2,2,4),(0.133655841542779,
0.135281607823459,0.14465122610088,0.152598019564453),.UNSPECIFIED.);
#1244=B_SPLINE_CURVE_WITH_KNOTS('',3,(#11194,#11195,#11196,#11197,#11198,
#11199,#11200,#11201,#11202,#11203,#11204,#11205),.UNSPECIFIED.,.F.,.F.,
(4,2,2,2,2,4),(-0.00792399400621717,-0.00749048895504006,-0.0057595565164931,
-0.00341229517337639,0.,6.06215536100506E-5),.UNSPECIFIED.);
#1245=B_SPLINE_CURVE_WITH_KNOTS('',3,(#11210,#11211,#11212,#11213,#11214,
#11215,#11216,#11217,#11218,#11219,#11220,#11221),.UNSPECIFIED.,.F.,.F.,
(4,2,2,2,2,4),(-0.0152104965932425,-0.0151624975897919,-0.0124607065932939,
-0.0106021893077026,-0.00923166963094735,-0.00888842850299815),
 .UNSPECIFIED.);
#1246=B_SPLINE_CURVE_WITH_KNOTS('',3,(#11225,#11226,#11227,#11228,#11229,
#11230,#11231,#11232,#11233,#11234,#11235,#11236,#11237,#11238),
 .UNSPECIFIED.,.F.,.F.,(4,2,2,2,2,2,4),(0.0281508349263125,0.0316562926827558,
0.0341898805346333,0.0367234683865107,0.0392570562383881,0.0417906440902656,
0.0452961018467092),.UNSPECIFIED.);
#1247=B_SPLINE_CURVE_WITH_KNOTS('',3,(#11254,#11255,#11256,#11257),
 .UNSPECIFIED.,.F.,.F.,(4,4),(0.0229676728088391,0.024603460453153),
 .UNSPECIFIED.);
#1248=B_SPLINE_CURVE_WITH_KNOTS('',3,(#11260,#11261,#11262,#11263,#11264,
#11265,#11266,#11267),.UNSPECIFIED.,.F.,.F.,(4,2,2,4),(0.133655841542779,
0.135281607823459,0.14465122610088,0.152598019564453),.UNSPECIFIED.);
#1249=B_SPLINE_CURVE_WITH_KNOTS('',3,(#11270,#11271,#11272,#11273,#11274,
#11275,#11276,#11277,#11278,#11279,#11280,#11281),.UNSPECIFIED.,.F.,.F.,
(4,2,2,2,2,4),(-0.00792223170325541,-0.00739896948572028,-0.00563890986596071,
-0.0032413101197063,0.,6.13644854390969E-5),.UNSPECIFIED.);
#1250=B_SPLINE_CURVE_WITH_KNOTS('',3,(#11286,#11287,#11288,#11289,#11290,
#11291,#11292,#11293,#11294,#11295,#11296,#11297),.UNSPECIFIED.,.F.,.F.,
(4,2,2,2,2,4),(-0.0144865174068592,-0.0144405031718619,-0.0120100027857118,
-0.0102121596624378,-0.00889237678838592,-0.00850000796997338),
 .UNSPECIFIED.);
#1251=B_SPLINE_CURVE_WITH_KNOTS('',3,(#11301,#11302,#11303,#11304,#11305,
#11306,#11307,#11308,#11309,#11310,#11311,#11312,#11313,#11314),
 .UNSPECIFIED.,.F.,.F.,(4,2,2,2,2,2,4),(0.0281508349263127,0.031656292682756,
0.0341898805346334,0.0367234683865107,0.0392570562383882,0.0417906440902657,
0.0452961018467091),.UNSPECIFIED.);
#1252=B_SPLINE_CURVE_WITH_KNOTS('',3,(#11330,#11331,#11332,#11333),
 .UNSPECIFIED.,.F.,.F.,(4,4),(0.0229676728088393,0.024603460453153),
 .UNSPECIFIED.);
#1253=B_SPLINE_CURVE_WITH_KNOTS('',3,(#11336,#11337,#11338,#11339,#11340,
#11341,#11342,#11343),.UNSPECIFIED.,.F.,.F.,(4,2,2,4),(0.13365584154278,
0.135281607823459,0.144651226100879,0.152598019564454),.UNSPECIFIED.);
#1254=B_SPLINE_CURVE_WITH_KNOTS('',3,(#11346,#11347,#11348,#11349,#11350,
#11351,#11352,#11353,#11354,#11355,#11356,#11357),.UNSPECIFIED.,.F.,.F.,
(4,2,2,2,2,4),(-0.00792126148383154,-0.00733163434735684,-0.00554993233873326,
-0.00311536204256702,0.,6.18004353639416E-5),.UNSPECIFIED.);
#1255=B_SPLINE_CURVE_WITH_KNOTS('',3,(#11362,#11363,#11364,#11365,#11366,
#11367,#11368,#11369,#11370,#11371,#11372,#11373),.UNSPECIFIED.,.F.,.F.,
(4,2,2,2,2,4),(-0.0142746160263886,-0.0142290365451102,-0.011931373348412,
-0.0101358123533016,-0.00882175925874236,-0.00838689340599555),
 .UNSPECIFIED.);
#1256=B_SPLINE_CURVE_WITH_KNOTS('',3,(#11377,#11378,#11379,#11380,#11381,
#11382,#11383,#11384,#11385,#11386,#11387,#11388,#11389,#11390),
 .UNSPECIFIED.,.F.,.F.,(4,2,2,2,2,2,4),(0.0281508349263127,0.031656292682756,
0.0341898805346335,0.0367234683865109,0.0392570562383884,0.0417906440902659,
0.0452961018467091),.UNSPECIFIED.);
#1257=B_SPLINE_CURVE_WITH_KNOTS('',3,(#11406,#11407,#11408,#11409),
 .UNSPECIFIED.,.F.,.F.,(4,4),(0.0229676728088389,0.0246034604531527),
 .UNSPECIFIED.);
#1258=B_SPLINE_CURVE_WITH_KNOTS('',3,(#11412,#11413,#11414,#11415,#11416,
#11417,#11418,#11419),.UNSPECIFIED.,.F.,.F.,(4,2,2,4),(0.133655841542779,
0.135281607823459,0.14465122610088,0.152598019564453),.UNSPECIFIED.);
#1259=B_SPLINE_CURVE_WITH_KNOTS('',3,(#11422,#11423,#11424,#11425,#11426,
#11427,#11428,#11429,#11430,#11431,#11432,#11433),.UNSPECIFIED.,.F.,.F.,
(4,2,2,2,2,4),(-0.00792098398393666,-0.00730961115088916,-0.00552072656225085,
-0.00307399011990073,0.,6.19387848838215E-5),.UNSPECIFIED.);
#1260=B_SPLINE_CURVE_WITH_KNOTS('',3,(#11438,#11439,#11440,#11441,#11442,
#11443,#11444,#11445,#11446,#11447,#11448,#11449),.UNSPECIFIED.,.F.,.F.,
(4,2,2,2,2,4),(-0.0142166746264496,-0.0141712018110467,-0.0119144093107345,
-0.0101181197203483,-0.00880479691640285,-0.00835595304550523),
 .UNSPECIFIED.);
#1261=B_SPLINE_CURVE_WITH_KNOTS('',3,(#11453,#11454,#11455,#11456,#11457,
#11458,#11459,#11460,#11461,#11462,#11463,#11464,#11465,#11466),
 .UNSPECIFIED.,.F.,.F.,(4,2,2,2,2,2,4),(0.0281508349263127,0.0316562926827561,
0.0341898805346335,0.0367234683865109,0.0392570562383883,0.0417906440902657,
0.0452961018467093),.UNSPECIFIED.);
#1262=B_SPLINE_CURVE_WITH_KNOTS('',3,(#11482,#11483,#11484,#11485),
 .UNSPECIFIED.,.F.,.F.,(4,4),(0.0229676728088392,0.0246034604531529),
 .UNSPECIFIED.);
#1263=B_SPLINE_CURVE_WITH_KNOTS('',3,(#11488,#11489,#11490,#11491,#11492,
#11493,#11494,#11495),.UNSPECIFIED.,.F.,.F.,(4,2,2,4),(0.133655841542779,
0.135281607823459,0.144651226100879,0.152598019564454),.UNSPECIFIED.);
#1264=B_SPLINE_CURVE_WITH_KNOTS('',3,(#11498,#11499,#11500,#11501,#11502,
#11503,#11504,#11505,#11506,#11507,#11508,#11509),.UNSPECIFIED.,.F.,.F.,
(4,2,2,2,2,4),(-0.00792131973990391,-0.00733607558009982,-0.00555581585049068,
-0.00312369469328348,0.,6.17722919896676E-5),.UNSPECIFIED.);
#1265=B_SPLINE_CURVE_WITH_KNOTS('',3,(#11514,#11515,#11516,#11517,#11518,
#11519,#11520,#11521,#11522,#11523,#11524,#11525),.UNSPECIFIED.,.F.,.F.,
(4,2,2,2,2,4),(-0.0142869188922332,-0.0142413159648212,-0.0119352719802328,
-0.0101397769286737,-0.00882551364637998,-0.00839346157127251),
 .UNSPECIFIED.);
#1266=B_SPLINE_CURVE_WITH_KNOTS('',3,(#11529,#11530,#11531,#11532,#11533,
#11534,#11535,#11536,#11537,#11538,#11539,#11540,#11541,#11542),
 .UNSPECIFIED.,.F.,.F.,(4,2,2,2,2,2,4),(0.0281508349263127,0.0316562926827563,
0.0341898805346337,0.0367234683865112,0.0392570562383886,0.041790644090266,
0.0452961018467092),.UNSPECIFIED.);
#1267=B_SPLINE_CURVE_WITH_KNOTS('',3,(#11558,#11559,#11560,#11561),
 .UNSPECIFIED.,.F.,.F.,(4,4),(0.022967672808839,0.024603460453153),
 .UNSPECIFIED.);
#1268=B_SPLINE_CURVE_WITH_KNOTS('',3,(#11564,#11565,#11566,#11567,#11568,
#11569,#11570,#11571),.UNSPECIFIED.,.F.,.F.,(4,2,2,4),(0.133655841542779,
0.135281607823459,0.14465122610088,0.152598019564453),.UNSPECIFIED.);
#1269=B_SPLINE_CURVE_WITH_KNOTS('',3,(#11574,#11575,#11576,#11577,#11578,
#11579,#11580,#11581,#11582,#11583,#11584,#11585),.UNSPECIFIED.,.F.,.F.,
(4,2,2,2,2,4),(-0.00792252489914386,-0.00741702131754321,-0.00566268143677858,
-0.00327493217393626,0.,6.12440728406804E-5),.UNSPECIFIED.);
#1270=B_SPLINE_CURVE_WITH_KNOTS('',3,(#11590,#11591,#11592,#11593,#11594,
#11595,#11596,#11597,#11598,#11599,#11600,#11601),.UNSPECIFIED.,.F.,.F.,
(4,2,2,2,2,4),(-0.0145537814589746,-0.0145076180353822,-0.012039100280981,
-0.0102393068393659,-0.00891695299723379,-0.0085359238644692),
 .UNSPECIFIED.);
#1271=B_SPLINE_CURVE_WITH_KNOTS('',3,(#11605,#11606,#11607,#11608,#11609,
#11610,#11611,#11612,#11613,#11614,#11615,#11616,#11617,#11618),
 .UNSPECIFIED.,.F.,.F.,(4,2,2,2,2,2,4),(0.0281508349263126,0.031656292682756,
0.0341898805346334,0.0367234683865109,0.0392570562383883,0.0417906440902657,
0.0452961018467093),.UNSPECIFIED.);
#1272=B_SPLINE_CURVE_WITH_KNOTS('',3,(#11634,#11635,#11636,#11637),
 .UNSPECIFIED.,.F.,.F.,(4,4),(0.0229676728088392,0.024603460453153),
 .UNSPECIFIED.);
#1273=B_SPLINE_CURVE_WITH_KNOTS('',3,(#11640,#11641,#11642,#11643,#11644,
#11645,#11646,#11647),.UNSPECIFIED.,.F.,.F.,(4,2,2,4),(0.133655841542779,
0.135281607823459,0.144651226100879,0.152598019564453),.UNSPECIFIED.);
#1274=B_SPLINE_CURVE_WITH_KNOTS('',3,(#11650,#11651,#11652,#11653,#11654,
#11655,#11656,#11657,#11658,#11659,#11660,#11661),.UNSPECIFIED.,.F.,.F.,
(4,2,2,2,2,4),(-0.00791853704604261,-0.00635244991990639,-0.00424515746170456,
-0.00210457148840141,0.,6.00311647211846E-5),.UNSPECIFIED.);
#1275=B_SPLINE_CURVE_WITH_KNOTS('',3,(#11666,#11667,#11668,#11669,#11670,
#11671,#11672,#11673,#11674,#11675,#11676,#11677),.UNSPECIFIED.,.F.,.F.,
(4,2,2,2,2,4),(-0.0108673142965351,-0.0108077771354484,-0.0086120007402702,
-0.00637334690414836,-0.0043439657973787,-0.00295358860963472),
 .UNSPECIFIED.);
#1276=B_SPLINE_CURVE_WITH_KNOTS('',3,(#11681,#11682,#11683,#11684,#11685,
#11686,#11687,#11688,#11689,#11690,#11691,#11692,#11693,#11694),
 .UNSPECIFIED.,.F.,.F.,(4,2,2,2,2,2,4),(0.0281508349263122,0.031656292682756,
0.0341898805346334,0.0367234683865108,0.0392570562383882,0.0417906440902656,
0.0452961018467092),.UNSPECIFIED.);
#1277=B_SPLINE_CURVE_WITH_KNOTS('',3,(#11710,#11711,#11712,#11713),
 .UNSPECIFIED.,.F.,.F.,(4,4),(0.022967672808839,0.0246034604531528),
 .UNSPECIFIED.);
#1278=B_SPLINE_CURVE_WITH_KNOTS('',3,(#11716,#11717,#11718,#11719,#11720,
#11721,#11722,#11723),.UNSPECIFIED.,.F.,.F.,(4,2,2,4),(0.133655841542779,
0.135281607823459,0.14465122610088,0.152598019564453),.UNSPECIFIED.);
#1279=B_SPLINE_CURVE_WITH_KNOTS('',3,(#11726,#11727,#11728,#11729,#11730,
#11731,#11732,#11733,#11734,#11735,#11736,#11737),.UNSPECIFIED.,.F.,.F.,
(4,2,2,2,2,4),(-0.00793763849088359,-0.00636441001655305,-0.00414433220580806,
-0.00208502735170176,0.,4.18793122930611E-5),.UNSPECIFIED.);
#1280=B_SPLINE_CURVE_WITH_KNOTS('',3,(#11742,#11743,#11744,#11745,#11746,
#11747,#11748,#11749,#11750,#11751,#11752,#11753,#11754,#11755),
 .UNSPECIFIED.,.F.,.F.,(4,2,2,2,2,2,4),(-0.00930749372056846,-0.00926598558422031,
-0.00731709075922441,-0.00538975679163048,-0.00312469946906124,-0.00143635925642166,
-0.00139922042496385),.UNSPECIFIED.);
#1281=B_SPLINE_CURVE_WITH_KNOTS('',3,(#11759,#11760,#11761,#11762,#11763,
#11764,#11765,#11766,#11767,#11768,#11769,#11770,#11771,#11772),
 .UNSPECIFIED.,.F.,.F.,(4,2,2,2,2,2,4),(0.0281508349263123,0.031656292682756,
0.0341898805346334,0.0367234683865109,0.0392570562383883,0.0417906440902657,
0.0452961018467093),.UNSPECIFIED.);
#1282=B_SPLINE_CURVE_WITH_KNOTS('',3,(#11788,#11789,#11790,#11791),
 .UNSPECIFIED.,.F.,.F.,(4,4),(0.0229676728088393,0.0246034604531531),
 .UNSPECIFIED.);
#1283=B_SPLINE_CURVE_WITH_KNOTS('',3,(#11794,#11795,#11796,#11797,#11798,
#11799,#11800,#11801),.UNSPECIFIED.,.F.,.F.,(4,2,2,4),(0.133655841542779,
0.135281607823459,0.144651226100879,0.152598019564453),.UNSPECIFIED.);
#1284=B_SPLINE_CURVE_WITH_KNOTS('',3,(#11804,#11805,#11806,#11807,#11808,
#11809,#11810,#11811,#11812,#11813,#11814,#11815),.UNSPECIFIED.,.F.,.F.,
(4,2,2,2,2,4),(-0.00793803007708506,-0.00626971527062911,-0.00401981575268402,
-0.00201973181887694,0.,4.11036543724712E-5),.UNSPECIFIED.);
#1285=B_SPLINE_CURVE_WITH_KNOTS('',3,(#11820,#11821,#11822,#11823,#11824,
#11825,#11826,#11827,#11828,#11829,#11830,#11831),.UNSPECIFIED.,.F.,.F.,
(4,2,2,2,2,4),(-0.00794920616519369,-0.00790842622310704,-0.0058897936447864,
-0.00389106290739396,-0.00166702857742088,-3.28415602802823E-5),
 .UNSPECIFIED.);
#1286=B_SPLINE_CURVE_WITH_KNOTS('',3,(#11835,#11836,#11837,#11838,#11839,
#11840,#11841,#11842,#11843,#11844,#11845,#11846,#11847,#11848),
 .UNSPECIFIED.,.F.,.F.,(4,2,2,2,2,2,4),(0.0281508349263124,0.0316562926827561,
0.0341898805346335,0.0367234683865109,0.0392570562383883,0.0417906440902657,
0.0452961018467091),.UNSPECIFIED.);
#1287=B_SPLINE_CURVE_WITH_KNOTS('',3,(#11864,#11865,#11866,#11867),
 .UNSPECIFIED.,.F.,.F.,(4,4),(0.0229676728088394,0.0246034604531532),
 .UNSPECIFIED.);
#1288=B_SPLINE_CURVE_WITH_KNOTS('',3,(#11870,#11871,#11872,#11873,#11874,
#11875,#11876,#11877),.UNSPECIFIED.,.F.,.F.,(4,2,2,4),(0.133655841542779,
0.135281607823459,0.144651226100879,0.152598019564454),.UNSPECIFIED.);
#1289=B_SPLINE_CURVE_WITH_KNOTS('',3,(#11880,#11881,#11882,#11883,#11884,
#11885,#11886,#11887,#11888,#11889,#11890,#11891),.UNSPECIFIED.,.F.,.F.,
(4,2,2,2,2,4),(-0.0083193726191722,-0.00796826498148671,-0.00616918762128864,
-0.00374386714493589,0.,5.80560287513792E-5),.UNSPECIFIED.);
#1290=B_SPLINE_CURVE_WITH_KNOTS('',3,(#11896,#11897,#11898,#11899,#11900,
#11901,#11902,#11903,#11904,#11905,#11906,#11907),.UNSPECIFIED.,.F.,.F.,
(4,2,2,2,2,4),(-0.00863406757802455,-0.00857657563325687,-0.00569644831299376,
-0.00323795028866327,-0.00144923601515229,-0.00072930930525334),
 .UNSPECIFIED.);
#1291=B_SPLINE_CURVE_WITH_KNOTS('',3,(#11911,#11912,#11913,#11914,#11915,
#11916,#11917,#11918,#11919,#11920,#11921,#11922,#11923,#11924),
 .UNSPECIFIED.,.F.,.F.,(4,2,2,2,2,2,4),(0.0281508349263122,0.031656292682756,
0.0341898805346334,0.0367234683865108,0.0392570562383882,0.0417906440902657,
0.0452961018467087),.UNSPECIFIED.);
#1292=B_SPLINE_CURVE_WITH_KNOTS('',3,(#11940,#11941,#11942,#11943),
 .UNSPECIFIED.,.F.,.F.,(4,4),(0.0229676728088391,0.024603460453153),
 .UNSPECIFIED.);
#1293=B_SPLINE_CURVE_WITH_KNOTS('',3,(#11946,#11947,#11948,#11949,#11950,
#11951,#11952,#11953),.UNSPECIFIED.,.F.,.F.,(4,2,2,4),(0.133655841542779,
0.135281607823459,0.144651226100879,0.152598019564454),.UNSPECIFIED.);
#1294=B_SPLINE_CURVE_WITH_KNOTS('',3,(#11956,#11957,#11958,#11959,#11960,
#11961,#11962,#11963,#11964,#11965,#11966,#11967),.UNSPECIFIED.,.F.,.F.,
(4,2,2,2,2,4),(-0.00792509221530859,-0.0074895699057763,-0.00576301186287994,
-0.0034216344613165,0.,5.95455047348253E-5),.UNSPECIFIED.);
#1295=B_SPLINE_CURVE_WITH_KNOTS('',3,(#11972,#11973,#11974,#11975,#11976,
#11977,#11978,#11979,#11980,#11981,#11982,#11983),.UNSPECIFIED.,.F.,.F.,
(4,2,2,2,2,4),(-0.0152219300709645,-0.0151747410439135,-0.0124631408680959,
-0.0106076301624579,-0.00923935568848716,-0.00889421000315726),
 .UNSPECIFIED.);
#1296=B_SPLINE_CURVE_WITH_KNOTS('',3,(#11987,#11988,#11989,#11990,#11991,
#11992,#11993,#11994,#11995,#11996,#11997,#11998,#11999,#12000),
 .UNSPECIFIED.,.F.,.F.,(4,2,2,2,2,2,4),(0.0281508349263123,0.0316562926827559,
0.0341898805346334,0.0367234683865108,0.0392570562383883,0.0417906440902657,
0.0452961018467088),.UNSPECIFIED.);
#1297=B_SPLINE_CURVE_WITH_KNOTS('',3,(#12016,#12017,#12018,#12019),
 .UNSPECIFIED.,.F.,.F.,(4,4),(0.0229676728088392,0.0246034604531531),
 .UNSPECIFIED.);
#1298=B_SPLINE_CURVE_WITH_KNOTS('',3,(#12022,#12023,#12024,#12025,#12026,
#12027,#12028,#12029),.UNSPECIFIED.,.F.,.F.,(4,2,2,4),(0.13365584154278,
0.135281607823459,0.144651226100879,0.152598019564454),.UNSPECIFIED.);
#1299=B_SPLINE_CURVE_WITH_KNOTS('',3,(#12032,#12033,#12034,#12035,#12036,
#12037,#12038,#12039,#12040,#12041,#12042,#12043),.UNSPECIFIED.,.F.,.F.,
(4,2,2,2,2,4),(-0.00792399400631858,-0.00749048895513466,-0.00575955651656236,
-0.0034122951734153,0.,6.06215535929633E-5),.UNSPECIFIED.);
#1300=B_SPLINE_CURVE_WITH_KNOTS('',3,(#12048,#12049,#12050,#12051,#12052,
#12053,#12054,#12055,#12056,#12057,#12058,#12059),.UNSPECIFIED.,.F.,.F.,
(4,2,2,2,2,4),(-0.0152104965930007,-0.0151624975895944,-0.0124607065931374,
-0.0106021893075709,-0.00923166963083403,-0.00888842850288877),
 .UNSPECIFIED.);
#1301=B_SPLINE_CURVE_WITH_KNOTS('',3,(#12063,#12064,#12065,#12066,#12067,
#12068,#12069,#12070,#12071,#12072,#12073,#12074,#12075,#12076),
 .UNSPECIFIED.,.F.,.F.,(4,2,2,2,2,2,4),(0.0281508349263123,0.0316562926827559,
0.0341898805346333,0.0367234683865108,0.0392570562383882,0.0417906440902657,
0.0452961018467093),.UNSPECIFIED.);
#1302=B_SPLINE_CURVE_WITH_KNOTS('',3,(#12092,#12093,#12094,#12095),
 .UNSPECIFIED.,.F.,.F.,(4,4),(0.0229676728088392,0.024603460453153),
 .UNSPECIFIED.);
#1303=B_SPLINE_CURVE_WITH_KNOTS('',3,(#12098,#12099,#12100,#12101,#12102,
#12103,#12104,#12105),.UNSPECIFIED.,.F.,.F.,(4,2,2,4),(0.133655841542779,
0.135281607823459,0.14465122610088,0.152598019564453),.UNSPECIFIED.);
#1304=B_SPLINE_CURVE_WITH_KNOTS('',3,(#12108,#12109,#12110,#12111,#12112,
#12113,#12114,#12115,#12116,#12117,#12118,#12119),.UNSPECIFIED.,.F.,.F.,
(4,2,2,2,2,4),(-0.0079222317032782,-0.00739896948574142,-0.00563890986597578,
-0.00324131011971176,0.,6.13644854430587E-5),.UNSPECIFIED.);
#1305=B_SPLINE_CURVE_WITH_KNOTS('',3,(#12124,#12125,#12126,#12127,#12128,
#12129,#12130,#12131,#12132,#12133,#12134,#12135),.UNSPECIFIED.,.F.,.F.,
(4,2,2,2,2,4),(-0.0144865174073577,-0.0144405031723745,-0.0120100027861285,
-0.0102121596627828,-0.00889237678868077,-0.00850000797025335),
 .UNSPECIFIED.);
#1306=B_SPLINE_CURVE_WITH_KNOTS('',3,(#12139,#12140,#12141,#12142,#12143,
#12144,#12145,#12146,#12147,#12148,#12149,#12150,#12151,#12152),
 .UNSPECIFIED.,.F.,.F.,(4,2,2,2,2,2,4),(0.0281508349263127,0.031656292682756,
0.0341898805346334,0.0367234683865107,0.0392570562383882,0.0417906440902657,
0.045296101846709),.UNSPECIFIED.);
#1307=B_SPLINE_CURVE_WITH_KNOTS('',3,(#12168,#12169,#12170,#12171),
 .UNSPECIFIED.,.F.,.F.,(4,4),(0.0229676728088393,0.0246034604531529),
 .UNSPECIFIED.);
#1308=B_SPLINE_CURVE_WITH_KNOTS('',3,(#12174,#12175,#12176,#12177,#12178,
#12179,#12180,#12181),.UNSPECIFIED.,.F.,.F.,(4,2,2,4),(0.13365584154278,
0.135281607823459,0.144651226100879,0.152598019564454),.UNSPECIFIED.);
#1309=B_SPLINE_CURVE_WITH_KNOTS('',3,(#12184,#12185,#12186,#12187,#12188,
#12189,#12190,#12191,#12192,#12193,#12194,#12195),.UNSPECIFIED.,.F.,.F.,
(4,2,2,2,2,4),(-0.00792126148387757,-0.00733163434739951,-0.00554993233876512,
-0.00311536204258394,0.,6.1800435370803E-5),.UNSPECIFIED.);
#1310=B_SPLINE_CURVE_WITH_KNOTS('',3,(#12200,#12201,#12202,#12203,#12204,
#12205,#12206,#12207,#12208,#12209,#12210,#12211),.UNSPECIFIED.,.F.,.F.,
(4,2,2,2,2,4),(-0.0142746160265107,-0.0142290365452394,-0.0119313733485194,
-0.0101358123533923,-0.00882175925882098,-0.00838689340607013),
 .UNSPECIFIED.);
#1311=B_SPLINE_CURVE_WITH_KNOTS('',3,(#12215,#12216,#12217,#12218,#12219,
#12220,#12221,#12222,#12223,#12224,#12225,#12226,#12227,#12228),
 .UNSPECIFIED.,.F.,.F.,(4,2,2,2,2,2,4),(0.0281508349263127,0.031656292682756,
0.0341898805346335,0.0367234683865109,0.0392570562383883,0.0417906440902657,
0.0452961018467088),.UNSPECIFIED.);
#1312=B_SPLINE_CURVE_WITH_KNOTS('',3,(#12244,#12245,#12246,#12247),
 .UNSPECIFIED.,.F.,.F.,(4,4),(0.0229676728088392,0.024603460453153),
 .UNSPECIFIED.);
#1313=B_SPLINE_CURVE_WITH_KNOTS('',3,(#12250,#12251,#12252,#12253,#12254,
#12255,#12256,#12257),.UNSPECIFIED.,.F.,.F.,(4,2,2,4),(0.133656110878295,
0.135281877158974,0.144651495436394,0.152598288899969),.UNSPECIFIED.);
#1314=B_SPLINE_CURVE_WITH_KNOTS('',3,(#12260,#12261,#12262,#12263,#12264,
#12265,#12266,#12267,#12268,#12269,#12270,#12271),.UNSPECIFIED.,.F.,.F.,
(4,2,2,2,2,4),(-0.00792098398391996,-0.00730961115087395,-0.00552072656224026,
-0.00307399011989603,0.,6.19387848779061E-5),.UNSPECIFIED.);
#1315=B_SPLINE_CURVE_WITH_KNOTS('',3,(#12276,#12277,#12278,#12279,#12280,
#12281,#12282,#12283,#12284,#12285,#12286,#12287),.UNSPECIFIED.,.F.,.F.,
(4,2,2,2,2,4),(-0.014216674626313,-0.0141712018109137,-0.0119144093106276,
-0.0101181197202639,-0.00880479691633603,-0.00835595304544381),
 .UNSPECIFIED.);
#1316=B_SPLINE_CURVE_WITH_KNOTS('',3,(#12291,#12292,#12293,#12294,#12295,
#12296,#12297,#12298,#12299,#12300,#12301,#12302,#12303,#12304),
 .UNSPECIFIED.,.F.,.F.,(4,2,2,2,2,2,4),(0.0281508349263127,0.031656292682756,
0.0341898805346334,0.0367234683865108,0.0392570562383883,0.0417906440902657,
0.0452961018467091),.UNSPECIFIED.);
#1317=B_SPLINE_CURVE_WITH_KNOTS('',3,(#12320,#12321,#12322,#12323),
 .UNSPECIFIED.,.F.,.F.,(4,4),(0.0229676728088393,0.0246034604531531),
 .UNSPECIFIED.);
#1318=B_SPLINE_CURVE_WITH_KNOTS('',3,(#12326,#12327,#12328,#12329,#12330,
#12331,#12332,#12333),.UNSPECIFIED.,.F.,.F.,(4,2,2,4),(0.133656110878294,
0.135281877158974,0.144651495436394,0.152598288899969),.UNSPECIFIED.);
#1319=B_SPLINE_CURVE_WITH_KNOTS('',3,(#12336,#12337,#12338,#12339,#12340,
#12341,#12342,#12343,#12344,#12345,#12346,#12347),.UNSPECIFIED.,.F.,.F.,
(4,2,2,2,2,4),(-0.00792131973992798,-0.00733607558012186,-0.00555581585050683,
-0.00312369469329211,0.,6.17722919916818E-5),.UNSPECIFIED.);
#1320=B_SPLINE_CURVE_WITH_KNOTS('',3,(#12352,#12353,#12354,#12355,#12356,
#12357,#12358,#12359,#12360,#12361,#12362,#12363),.UNSPECIFIED.,.F.,.F.,
(4,2,2,2,2,4),(-0.0142869188924788,-0.0142413159650651,-0.0119352719804304,
-0.0101397769288349,-0.00882551364651582,-0.0083934615714004),
 .UNSPECIFIED.);
#1321=B_SPLINE_CURVE_WITH_KNOTS('',3,(#12367,#12368,#12369,#12370,#12371,
#12372,#12373,#12374,#12375,#12376,#12377,#12378,#12379,#12380),
 .UNSPECIFIED.,.F.,.F.,(4,2,2,2,2,2,4),(0.0281508349263123,0.031656292682756,
0.0341898805346334,0.0367234683865107,0.0392570562383882,0.0417906440902657,
0.0452961018467084),.UNSPECIFIED.);
#1322=B_SPLINE_CURVE_WITH_KNOTS('',3,(#12396,#12397,#12398,#12399),
 .UNSPECIFIED.,.F.,.F.,(4,4),(0.0229676728088393,0.0246034604531531),
 .UNSPECIFIED.);
#1323=B_SPLINE_CURVE_WITH_KNOTS('',3,(#12402,#12403,#12404,#12405,#12406,
#12407,#12408,#12409),.UNSPECIFIED.,.F.,.F.,(4,2,2,4),(0.133656110878295,
0.135281877158974,0.144651495436394,0.152598288899969),.UNSPECIFIED.);
#1324=B_SPLINE_CURVE_WITH_KNOTS('',3,(#12412,#12413,#12414,#12415,#12416,
#12417,#12418,#12419,#12420,#12421,#12422,#12423),.UNSPECIFIED.,.F.,.F.,
(4,2,2,2,2,4),(-0.00792252489906473,-0.00741702131746883,-0.00566268143672278,
-0.00327493217390559,0.,6.12440728625863E-5),.UNSPECIFIED.);
#1325=B_SPLINE_CURVE_WITH_KNOTS('',3,(#12428,#12429,#12430,#12431,#12432,
#12433,#12434,#12435,#12436,#12437,#12438,#12439),.UNSPECIFIED.,.F.,.F.,
(4,2,2,2,2,4),(-0.0145537814593152,-0.01450761803573,-0.0120391002812626,
-0.0102393068396009,-0.00891695299743715,-0.00853592386466343),
 .UNSPECIFIED.);
#1326=B_SPLINE_CURVE_WITH_KNOTS('',3,(#12443,#12444,#12445,#12446,#12447,
#12448,#12449,#12450,#12451,#12452,#12453,#12454,#12455,#12456),
 .UNSPECIFIED.,.F.,.F.,(4,2,2,2,2,2,4),(0.0281508349263124,0.031656292682756,
0.0341898805346334,0.0367234683865108,0.0392570562383882,0.0417906440902657,
0.0452961018467092),.UNSPECIFIED.);
#1327=B_SPLINE_CURVE_WITH_KNOTS('',3,(#12472,#12473,#12474,#12475),
 .UNSPECIFIED.,.F.,.F.,(4,4),(0.0229676728088391,0.0246034604531531),
 .UNSPECIFIED.);
#1328=B_SPLINE_CURVE_WITH_KNOTS('',3,(#12478,#12479,#12480,#12481,#12482,
#12483,#12484,#12485),.UNSPECIFIED.,.F.,.F.,(4,2,2,4),(0.133656110878294,
0.135281877158974,0.144651495436394,0.152598288899968),.UNSPECIFIED.);
#1329=B_SPLINE_CURVE_WITH_KNOTS('',3,(#12488,#12489,#12490,#12491,#12492,
#12493,#12494,#12495,#12496,#12497,#12498,#12499),.UNSPECIFIED.,.F.,.F.,
(4,2,2,2,2,4),(-0.00791853704601694,-0.006352449919885,-0.004245157461691,
-0.00210457148839588,0.,6.00311647313853E-5),.UNSPECIFIED.);
#1330=B_SPLINE_CURVE_WITH_KNOTS('',3,(#12504,#12505,#12506,#12507,#12508,
#12509,#12510,#12511,#12512,#12513,#12514,#12515),.UNSPECIFIED.,.F.,.F.,
(4,2,2,2,2,4),(-0.0108673142965628,-0.0108077771354678,-0.00861200074028496,
-0.00637334690416187,-0.00434396579738964,-0.00295358860964002),
 .UNSPECIFIED.);
#1331=B_SPLINE_CURVE_WITH_KNOTS('',3,(#12519,#12520,#12521,#12522,#12523,
#12524,#12525,#12526,#12527,#12528,#12529,#12530,#12531,#12532),
 .UNSPECIFIED.,.F.,.F.,(4,2,2,2,2,2,4),(0.0281508349263122,0.031656292682756,
0.0341898805346334,0.0367234683865108,0.0392570562383882,0.0417906440902656,
0.0452961018467085),.UNSPECIFIED.);
#1332=B_SPLINE_CURVE_WITH_KNOTS('',3,(#12548,#12549,#12550,#12551),
 .UNSPECIFIED.,.F.,.F.,(4,4),(0.0229676728088391,0.0246034604531529),
 .UNSPECIFIED.);
#1333=B_SPLINE_CURVE_WITH_KNOTS('',3,(#12554,#12555,#12556,#12557,#12558,
#12559,#12560,#12561),.UNSPECIFIED.,.F.,.F.,(4,2,2,4),(0.133656110878294,
0.135281877158974,0.144651495436395,0.152598288899968),.UNSPECIFIED.);
#1334=B_SPLINE_CURVE_WITH_KNOTS('',3,(#12564,#12565,#12566,#12567,#12568,
#12569,#12570,#12571,#12572,#12573,#12574,#12575),.UNSPECIFIED.,.F.,.F.,
(4,2,2,2,2,4),(-0.00793763849078623,-0.00636441001647316,-0.00414433220575447,
-0.00208502735167377,0.,4.18793123017122E-5),.UNSPECIFIED.);
#1335=B_SPLINE_CURVE_WITH_KNOTS('',3,(#12580,#12581,#12582,#12583,#12584,
#12585,#12586,#12587,#12588,#12589,#12590,#12591,#12592,#12593),
 .UNSPECIFIED.,.F.,.F.,(4,2,2,2,2,2,4),(-0.00930749372057523,-0.00926598558421408,
-0.0073170907592217,-0.00538975679162985,-0.00312469946906171,-0.00143635925642184,
-0.00139922042496402),.UNSPECIFIED.);
#1336=B_SPLINE_CURVE_WITH_KNOTS('',3,(#12597,#12598,#12599,#12600,#12601,
#12602,#12603,#12604,#12605,#12606,#12607,#12608,#12609,#12610),
 .UNSPECIFIED.,.F.,.F.,(4,2,2,2,2,2,4),(0.0281508349263123,0.031656292682756,
0.0341898805346334,0.0367234683865109,0.0392570562383883,0.0417906440902657,
0.045296101846709),.UNSPECIFIED.);
#1337=B_SPLINE_CURVE_WITH_KNOTS('',3,(#12626,#12627,#12628,#12629),
 .UNSPECIFIED.,.F.,.F.,(4,4),(0.0229676728088389,0.0246034604531527),
 .UNSPECIFIED.);
#1338=B_SPLINE_CURVE_WITH_KNOTS('',3,(#12632,#12633,#12634,#12635,#12636,
#12637,#12638,#12639),.UNSPECIFIED.,.F.,.F.,(4,2,2,4),(0.133656110878294,
0.135281877158974,0.144651495436395,0.152598288899968),.UNSPECIFIED.);
#1339=B_SPLINE_CURVE_WITH_KNOTS('',3,(#12642,#12643,#12644,#12645,#12646,
#12647,#12648,#12649,#12650,#12651,#12652,#12653),.UNSPECIFIED.,.F.,.F.,
(4,2,2,2,2,4),(-0.00793803007700646,-0.00626971527056649,-0.00401981575264192,
-0.00201973181885365,0.,4.11036543817244E-5),.UNSPECIFIED.);
#1340=B_SPLINE_CURVE_WITH_KNOTS('',3,(#12658,#12659,#12660,#12661,#12662,
#12663,#12664,#12665,#12666,#12667,#12668,#12669),.UNSPECIFIED.,.F.,.F.,
(4,2,2,2,2,4),(-0.00794920616517034,-0.00790842622307693,-0.00588979364476759,
-0.0038910629073823,-0.00166702857741867,-3.28415602800437E-5),
 .UNSPECIFIED.);
#1341=B_SPLINE_CURVE_WITH_KNOTS('',3,(#12673,#12674,#12675,#12676,#12677,
#12678,#12679,#12680,#12681,#12682,#12683,#12684,#12685,#12686),
 .UNSPECIFIED.,.F.,.F.,(4,2,2,2,2,2,4),(0.0281508349263127,0.0316562926827561,
0.0341898805346335,0.0367234683865109,0.0392570562383883,0.0417906440902657,
0.0452961018467092),.UNSPECIFIED.);
#1342=B_SPLINE_CURVE_WITH_KNOTS('',3,(#12702,#12703,#12704,#12705),
 .UNSPECIFIED.,.F.,.F.,(4,4),(0.0229676728088392,0.0246034604531531),
 .UNSPECIFIED.);
#1343=B_SPLINE_CURVE_WITH_KNOTS('',3,(#12708,#12709,#12710,#12711,#12712,
#12713,#12714,#12715),.UNSPECIFIED.,.F.,.F.,(4,2,2,4),(0.133656110878294,
0.135281877158974,0.144651495436394,0.152598288899969),.UNSPECIFIED.);
#1344=B_SPLINE_CURVE_WITH_KNOTS('',3,(#12718,#12719,#12720,#12721,#12722,
#12723,#12724,#12725,#12726,#12727,#12728,#12729),.UNSPECIFIED.,.F.,.F.,
(4,2,2,2,2,4),(-0.00831937261838212,-0.0079682649807397,-0.00616918762075865,
-0.00374386714469784,0.,5.80560287702077E-5),.UNSPECIFIED.);
#1345=B_SPLINE_CURVE_WITH_KNOTS('',3,(#12734,#12735,#12736,#12737,#12738,
#12739,#12740,#12741,#12742,#12743,#12744,#12745),.UNSPECIFIED.,.F.,.F.,
(4,2,2,2,2,4),(-0.00863406757801089,-0.00857657563325476,-0.00569644831298924,
-0.00323795028866113,-0.00144923601515192,-0.000729309305253279),
 .UNSPECIFIED.);
#1346=B_SPLINE_CURVE_WITH_KNOTS('',3,(#12749,#12750,#12751,#12752,#12753,
#12754,#12755,#12756,#12757,#12758,#12759,#12760,#12761,#12762),
 .UNSPECIFIED.,.F.,.F.,(4,2,2,2,2,2,4),(0.0281508349263123,0.031656292682756,
0.0341898805346334,0.0367234683865108,0.0392570562383882,0.0417906440902657,
0.0452961018467092),.UNSPECIFIED.);
#1347=B_SPLINE_CURVE_WITH_KNOTS('',3,(#12778,#12779,#12780,#12781),
 .UNSPECIFIED.,.F.,.F.,(4,4),(0.0229676728088392,0.0246034604531529),
 .UNSPECIFIED.);
#1348=B_SPLINE_CURVE_WITH_KNOTS('',3,(#12784,#12785,#12786,#12787,#12788,
#12789,#12790,#12791),.UNSPECIFIED.,.F.,.F.,(4,2,2,4),(0.133656110878295,
0.135281877158974,0.144651495436395,0.152598288899968),.UNSPECIFIED.);
#1349=B_SPLINE_CURVE_WITH_KNOTS('',3,(#12794,#12795,#12796,#12797,#12798,
#12799,#12800,#12801,#12802,#12803,#12804,#12805),.UNSPECIFIED.,.F.,.F.,
(4,2,2,2,2,4),(-0.00792509221521122,-0.00748956990568503,-0.00576301186281314,
-0.00342163446127858,0.,5.9545504741104E-5),.UNSPECIFIED.);
#1350=B_SPLINE_CURVE_WITH_KNOTS('',3,(#12810,#12811,#12812,#12813,#12814,
#12815,#12816,#12817,#12818,#12819,#12820,#12821),.UNSPECIFIED.,.F.,.F.,
(4,2,2,2,2,4),(-0.0152219300708994,-0.0151747410438368,-0.0124631408680214,
-0.0106076301623948,-0.00923935568842951,-0.00889421000310132),
 .UNSPECIFIED.);
#1351=B_SPLINE_CURVE_WITH_KNOTS('',3,(#12825,#12826,#12827,#12828,#12829,
#12830,#12831,#12832,#12833,#12834,#12835,#12836,#12837,#12838),
 .UNSPECIFIED.,.F.,.F.,(4,2,2,2,2,2,4),(0.0281508349263123,0.031656292682756,
0.0341898805346334,0.0367234683865108,0.0392570562383883,0.0417906440902657,
0.0452961018467089),.UNSPECIFIED.);
#1352=B_SPLINE_CURVE_WITH_KNOTS('',3,(#12854,#12855,#12856,#12857),
 .UNSPECIFIED.,.F.,.F.,(4,4),(0.0229676728088389,0.0246034604531526),
 .UNSPECIFIED.);
#1353=B_SPLINE_CURVE_WITH_KNOTS('',3,(#12860,#12861,#12862,#12863,#12864,
#12865,#12866,#12867),.UNSPECIFIED.,.F.,.F.,(4,2,2,4),(0.133656110878294,
0.135281877158974,0.144651495436395,0.152598288899968),.UNSPECIFIED.);
#1354=B_SPLINE_CURVE_WITH_KNOTS('',3,(#12870,#12871,#12872,#12873,#12874,
#12875,#12876,#12877,#12878,#12879,#12880,#12881),.UNSPECIFIED.,.F.,.F.,
(4,2,2,2,2,4),(-0.00792399400622092,-0.0074904889550441,-0.00575955651649303,
-0.00341229517337649,0.,6.06215536050907E-5),.UNSPECIFIED.);
#1355=B_SPLINE_CURVE_WITH_KNOTS('',3,(#12886,#12887,#12888,#12889,#12890,
#12891,#12892,#12893,#12894,#12895,#12896,#12897),.UNSPECIFIED.,.F.,.F.,
(4,2,2,2,2,4),(-0.0152104965928844,-0.015162497589441,-0.0124607065930043,
-0.0106021893074559,-0.00923166963072968,-0.00888842850278836),
 .UNSPECIFIED.);
#1356=B_SPLINE_CURVE_WITH_KNOTS('',3,(#12901,#12902,#12903,#12904,#12905,
#12906,#12907,#12908,#12909,#12910,#12911,#12912,#12913,#12914),
 .UNSPECIFIED.,.F.,.F.,(4,2,2,2,2,2,4),(0.0281508349263123,0.0316562926827559,
0.0341898805346333,0.0367234683865108,0.0392570562383882,0.0417906440902656,
0.045296101846709),.UNSPECIFIED.);
#1357=B_SPLINE_CURVE_WITH_KNOTS('',3,(#12930,#12931,#12932,#12933),
 .UNSPECIFIED.,.F.,.F.,(4,4),(0.0229676728088393,0.0246034604531532),
 .UNSPECIFIED.);
#1358=B_SPLINE_CURVE_WITH_KNOTS('',3,(#12936,#12937,#12938,#12939,#12940,
#12941,#12942,#12943),.UNSPECIFIED.,.F.,.F.,(4,2,2,4),(0.133656110878294,
0.135281877158974,0.144651495436395,0.152598288899968),.UNSPECIFIED.);
#1359=B_SPLINE_CURVE_WITH_KNOTS('',3,(#12946,#12947,#12948,#12949,#12950,
#12951,#12952,#12953,#12954,#12955,#12956,#12957),.UNSPECIFIED.,.F.,.F.,
(4,2,2,2,2,4),(-0.00792223170316522,-0.00739896948563699,-0.00563890986589925,
-0.0032413101196717,0.,6.13644854332981E-5),.UNSPECIFIED.);
#1360=B_SPLINE_CURVE_WITH_KNOTS('',3,(#12962,#12963,#12964,#12965,#12966,
#12967,#12968,#12969,#12970,#12971,#12972,#12973),.UNSPECIFIED.,.F.,.F.,
(4,2,2,2,2,4),(-0.014486517407023,-0.0144405031720124,-0.0120100027858283,
-0.0102121596625328,-0.00889237678846294,-0.00850000797004532),
 .UNSPECIFIED.);
#1361=B_SPLINE_CURVE_WITH_KNOTS('',3,(#12977,#12978,#12979,#12980,#12981,
#12982,#12983,#12984,#12985,#12986,#12987,#12988,#12989,#12990),
 .UNSPECIFIED.,.F.,.F.,(4,2,2,2,2,2,4),(0.0281508349263125,0.0316562926827559,
0.0341898805346333,0.0367234683865107,0.0392570562383882,0.0417906440902656,
0.045296101846709),.UNSPECIFIED.);
#1362=B_SPLINE_CURVE_WITH_KNOTS('',3,(#13006,#13007,#13008,#13009),
 .UNSPECIFIED.,.F.,.F.,(4,4),(0.0229676728088394,0.024603460453153),
 .UNSPECIFIED.);
#1363=B_SPLINE_CURVE_WITH_KNOTS('',3,(#13012,#13013,#13014,#13015,#13016,
#13017,#13018,#13019),.UNSPECIFIED.,.F.,.F.,(4,2,2,4),(0.133655841542779,
0.135281607823459,0.144651226100879,0.152598019564454),.UNSPECIFIED.);
#1364=B_SPLINE_CURVE_WITH_KNOTS('',3,(#13022,#13023,#13024,#13025,#13026,
#13027,#13028,#13029,#13030,#13031,#13032,#13033),.UNSPECIFIED.,.F.,.F.,
(4,2,2,2,2,4),(-0.00792126148378512,-0.00733163434731436,-0.0055499323387011,
-0.00311536204255217,0.,6.1800435377002E-5),.UNSPECIFIED.);
#1365=B_SPLINE_CURVE_WITH_KNOTS('',3,(#13038,#13039,#13040,#13041,#13042,
#13043,#13044,#13045,#13046,#13047,#13048,#13049),.UNSPECIFIED.,.F.,.F.,
(4,2,2,2,2,4),(-0.0142746160264289,-0.0142290365451485,-0.0119313733484362,
-0.0101358123533181,-0.00882175925875426,-0.00838689340600671),
 .UNSPECIFIED.);
#1366=B_SPLINE_CURVE_WITH_KNOTS('',3,(#13053,#13054,#13055,#13056,#13057,
#13058,#13059,#13060,#13061,#13062,#13063,#13064,#13065,#13066),
 .UNSPECIFIED.,.F.,.F.,(4,2,2,2,2,2,4),(0.0281508349263123,0.031656292682756,
0.0341898805346333,0.0367234683865107,0.0392570562383882,0.0417906440902656,
0.0452961018467091),.UNSPECIFIED.);
#1367=B_SPLINE_CURVE_WITH_KNOTS('',3,(#13082,#13083,#13084,#13085),
 .UNSPECIFIED.,.F.,.F.,(4,4),(0.0229676728088391,0.024603460453153),
 .UNSPECIFIED.);
#1368=B_SPLINE_CURVE_WITH_KNOTS('',3,(#13088,#13089,#13090,#13091,#13092,
#13093,#13094,#13095),.UNSPECIFIED.,.F.,.F.,(4,2,2,4),(0.133655841542779,
0.135281607823459,0.144651226100879,0.152598019564454),.UNSPECIFIED.);
#1369=B_SPLINE_CURVE_WITH_KNOTS('',3,(#13098,#13099,#13100,#13101,#13102,
#13103,#13104,#13105,#13106,#13107,#13108,#13109),.UNSPECIFIED.,.F.,.F.,
(4,2,2,2,2,4),(-0.00792098398385664,-0.0073096111508148,-0.00552072656219295,
-0.00307399011987258,0.,6.1938784870407E-5),.UNSPECIFIED.);
#1370=B_SPLINE_CURVE_WITH_KNOTS('',3,(#13114,#13115,#13116,#13117,#13118,
#13119,#13120,#13121,#13122,#13123,#13124,#13125),.UNSPECIFIED.,.F.,.F.,
(4,2,2,2,2,4),(-0.0142166746264453,-0.0141712018110794,-0.0119144093107561,
-0.0101181197203635,-0.00880479691641638,-0.00835595304551928),
 .UNSPECIFIED.);
#1371=B_SPLINE_CURVE_WITH_KNOTS('',3,(#13129,#13130,#13131,#13132,#13133,
#13134,#13135,#13136,#13137,#13138,#13139,#13140,#13141,#13142),
 .UNSPECIFIED.,.F.,.F.,(4,2,2,2,2,2,4),(0.0281508349263124,0.0316562926827561,
0.0341898805346335,0.0367234683865109,0.0392570562383883,0.0417906440902657,
0.0452961018467093),.UNSPECIFIED.);
#1372=B_SPLINE_CURVE_WITH_KNOTS('',3,(#13158,#13159,#13160,#13161),
 .UNSPECIFIED.,.F.,.F.,(4,4),(0.0229676728088392,0.0246034604531531),
 .UNSPECIFIED.);
#1373=B_SPLINE_CURVE_WITH_KNOTS('',3,(#13164,#13165,#13166,#13167,#13168,
#13169,#13170,#13171),.UNSPECIFIED.,.F.,.F.,(4,2,2,4),(0.133655841542779,
0.135281607823459,0.144651226100879,0.152598019564454),.UNSPECIFIED.);
#1374=B_SPLINE_CURVE_WITH_KNOTS('',3,(#13174,#13175,#13176,#13177,#13178,
#13179,#13180,#13181,#13182,#13183,#13184,#13185),.UNSPECIFIED.,.F.,.F.,
(4,2,2,2,2,4),(-0.00792131973976662,-0.00733607557997613,-0.00555581585040266,
-0.00312369469323731,0.,6.17722920100989E-5),.UNSPECIFIED.);
#1375=B_SPLINE_CURVE_WITH_KNOTS('',3,(#13190,#13191,#13192,#13193,#13194,
#13195,#13196,#13197,#13198,#13199,#13200,#13201),.UNSPECIFIED.,.F.,.F.,
(4,2,2,2,2,4),(-0.0142869188926043,-0.0142413159651679,-0.011935271980514,
-0.0101397769289067,-0.00882551364657824,-0.00839346157145942),
 .UNSPECIFIED.);
#1376=B_SPLINE_CURVE_WITH_KNOTS('',3,(#13205,#13206,#13207,#13208,#13209,
#13210,#13211,#13212,#13213,#13214,#13215,#13216,#13217,#13218),
 .UNSPECIFIED.,.F.,.F.,(4,2,2,2,2,2,4),(0.0281508349263122,0.0316562926827559,
0.0341898805346333,0.0367234683865107,0.0392570562383881,0.0417906440902656,
0.0452961018467084),.UNSPECIFIED.);
#1377=B_SPLINE_CURVE_WITH_KNOTS('',3,(#13234,#13235,#13236,#13237),
 .UNSPECIFIED.,.F.,.F.,(4,4),(0.0229676728088392,0.024603460453153),
 .UNSPECIFIED.);
#1378=B_SPLINE_CURVE_WITH_KNOTS('',3,(#13240,#13241,#13242,#13243,#13244,
#13245,#13246,#13247),.UNSPECIFIED.,.F.,.F.,(4,2,2,4),(0.133655841542779,
0.135281607823459,0.14465122610088,0.152598019564453),.UNSPECIFIED.);
#1379=B_SPLINE_CURVE_WITH_KNOTS('',3,(#13250,#13251,#13252,#13253,#13254,
#13255,#13256,#13257,#13258,#13259,#13260,#13261),.UNSPECIFIED.,.F.,.F.,
(4,2,2,2,2,4),(-0.00792252489897956,-0.00741702131739005,-0.00566268143666493,
-0.00327493217387363,0.,6.12440728958827E-5),.UNSPECIFIED.);
#1380=B_SPLINE_CURVE_WITH_KNOTS('',3,(#13266,#13267,#13268,#13269,#13270,
#13271,#13272,#13273,#13274,#13275,#13276,#13277),.UNSPECIFIED.,.F.,.F.,
(4,2,2,2,2,4),(-0.0145537814591074,-0.0145076180354866,-0.0120391002810646,
-0.0102393068394396,-0.00891695299730309,-0.00853592386453753),
 .UNSPECIFIED.);
#1381=B_SPLINE_CURVE_WITH_KNOTS('',3,(#13281,#13282,#13283,#13284,#13285,
#13286,#13287,#13288,#13289,#13290,#13291,#13292,#13293,#13294),
 .UNSPECIFIED.,.F.,.F.,(4,2,2,2,2,2,4),(0.0281508349263124,0.031656292682756,
0.0341898805346334,0.0367234683865108,0.0392570562383882,0.0417906440902657,
0.0452961018467092),.UNSPECIFIED.);
#1382=B_SPLINE_CURVE_WITH_KNOTS('',3,(#13310,#13311,#13312,#13313),
 .UNSPECIFIED.,.F.,.F.,(4,4),(0.0229676728088392,0.0246034604531531),
 .UNSPECIFIED.);
#1383=B_SPLINE_CURVE_WITH_KNOTS('',3,(#13316,#13317,#13318,#13319,#13320,
#13321,#13322,#13323),.UNSPECIFIED.,.F.,.F.,(4,2,2,4),(0.133655841542779,
0.135281607823459,0.144651226100879,0.152598019564453),.UNSPECIFIED.);
#1384=B_SPLINE_CURVE_WITH_KNOTS('',3,(#13326,#13327,#13328,#13329,#13330,
#13331,#13332,#13333,#13334,#13335,#13336,#13337),.UNSPECIFIED.,.F.,.F.,
(4,2,2,2,2,4),(-0.00791853704599968,-0.00635244991986847,-0.00424515746168145,
-0.00210457148839107,0.,6.00311647575812E-5),.UNSPECIFIED.);
#1385=B_SPLINE_CURVE_WITH_KNOTS('',3,(#13342,#13343,#13344,#13345,#13346,
#13347,#13348,#13349,#13350,#13351,#13352,#13353),.UNSPECIFIED.,.F.,.F.,
(4,2,2,2,2,4),(-0.0108673142965661,-0.0108077771354704,-0.00861200074028644,
-0.00637334690416405,-0.00434396579738975,-0.00295358860963942),
 .UNSPECIFIED.);
#1386=B_SPLINE_CURVE_WITH_KNOTS('',3,(#13357,#13358,#13359,#13360),
 .UNSPECIFIED.,.F.,.F.,(4,4),(0.00601751705289214,0.00765330469720607),
 .UNSPECIFIED.);
#1387=B_SPLINE_CURVE_WITH_KNOTS('',3,(#13372,#13373,#13374,#13375,#13376,
#13377,#13378,#13379),.UNSPECIFIED.,.F.,.F.,(4,2,2,4),(0.00110887627253125,
0.009055669736106,0.0184252880135259,0.0200510542942054),.UNSPECIFIED.);
#1388=B_SPLINE_CURVE_WITH_KNOTS('',3,(#13383,#13384,#13385,#13386,#13387,
#13388,#13389,#13390,#13391,#13392,#13393,#13394),.UNSPECIFIED.,.F.,.F.,
(4,2,2,2,2,4),(-0.00793763849079104,-0.00636441001647828,-0.00414433220575757,
-0.00208502735167337,0.,4.18793123141433E-5),.UNSPECIFIED.);
#1389=B_SPLINE_CURVE_WITH_KNOTS('',3,(#13396,#13397,#13398,#13399,#13400,
#13401,#13402,#13403,#13404,#13405,#13406,#13407,#13408,#13409),
 .UNSPECIFIED.,.F.,.F.,(4,2,2,2,2,2,4),(-0.00930749372056846,-0.00926598558420785,
-0.00731709075921993,-0.00538975679162915,-0.00312469946906043,-0.00143635925642154,
-0.00139922042496349),.UNSPECIFIED.);
#1390=B_SPLINE_CURVE_WITH_KNOTS('',3,(#13412,#13413,#13414,#13415,#13416,
#13417,#13418,#13419,#13420,#13421,#13422,#13423,#13424,#13425),
 .UNSPECIFIED.,.F.,.F.,(4,2,2,2,2,2,4),(0.0281508349263124,0.031656292682756,
0.0341898805346334,0.0367234683865108,0.0392570562383882,0.0417906440902656,
0.0452961018467089),.UNSPECIFIED.);
#1391=B_SPLINE_CURVE_WITH_KNOTS('',3,(#13439,#13440,#13441,#13442),
 .UNSPECIFIED.,.F.,.F.,(4,4),(-0.0076533046972059,-0.00601751705289218),
 .UNSPECIFIED.);
#1392=B_SPLINE_CURVE_WITH_KNOTS('',3,(#13445,#13446,#13447,#13448,#13449,
#13450,#13451,#13452),.UNSPECIFIED.,.F.,.F.,(4,2,2,4),(0.133655841542779,
0.135281607823459,0.144651226100879,0.152598019564454),.UNSPECIFIED.);
#1393=B_SPLINE_CURVE_WITH_KNOTS('',3,(#13459,#13460,#13461,#13462,#13463,
#13464,#13465,#13466),.UNSPECIFIED.,.F.,.F.,(4,2,2,4),(0.00110887627253126,
0.00905566973610602,0.0184252880135258,0.0200510542942054),
 .UNSPECIFIED.);
#1394=B_SPLINE_CURVE_WITH_KNOTS('',3,(#13469,#13470,#13471,#13472),
 .UNSPECIFIED.,.F.,.F.,(4,4),(0.00601751705289207,0.00765330469720598),
 .UNSPECIFIED.);
#1395=B_SPLINE_CURVE_WITH_KNOTS('',3,(#13480,#13481,#13482,#13483,#13484,
#13485,#13486,#13487),.UNSPECIFIED.,.F.,.F.,(4,2,2,4),(0.00110887627253132,
0.00905566973610521,0.0184252880135257,0.0200510542942054),
 .UNSPECIFIED.);
#1396=B_SPLINE_CURVE_WITH_KNOTS('',3,(#13490,#13491,#13492,#13493),
 .UNSPECIFIED.,.F.,.F.,(4,4),(0.00601751705289184,0.00765330469720597),
 .UNSPECIFIED.);
#1397=B_SPLINE_CURVE_WITH_KNOTS('',3,(#13501,#13502,#13503,#13504,#13505,
#13506,#13507,#13508),.UNSPECIFIED.,.F.,.F.,(4,2,2,4),(0.00110887627253131,
0.00905566973610514,0.0184252880135257,0.0200510542942055),
 .UNSPECIFIED.);
#1398=B_SPLINE_CURVE_WITH_KNOTS('',3,(#13511,#13512,#13513,#13514),
 .UNSPECIFIED.,.F.,.F.,(4,4),(0.00601751705289198,0.00765330469720584),
 .UNSPECIFIED.);
#1399=B_SPLINE_CURVE_WITH_KNOTS('',3,(#13522,#13523,#13524,#13525,#13526,
#13527,#13528,#13529),.UNSPECIFIED.,.F.,.F.,(4,2,2,4),(0.00110887627253125,
0.00905566973610598,0.0184252880135258,0.0200510542942055),
 .UNSPECIFIED.);
#1400=B_SPLINE_CURVE_WITH_KNOTS('',3,(#13532,#13533,#13534,#13535),
 .UNSPECIFIED.,.F.,.F.,(4,4),(0.00601751705289203,0.00765330469720601),
 .UNSPECIFIED.);
#1401=B_SPLINE_CURVE_WITH_KNOTS('',3,(#13543,#13544,#13545,#13546,#13547,
#13548,#13549,#13550),.UNSPECIFIED.,.F.,.F.,(4,2,2,4),(0.0011088762725313,
0.0090556697361051,0.0184252880135258,0.0200510542942054),.UNSPECIFIED.);
#1402=B_SPLINE_CURVE_WITH_KNOTS('',3,(#13553,#13554,#13555,#13556),
 .UNSPECIFIED.,.F.,.F.,(4,4),(0.00601751705289198,0.00765330469720578),
 .UNSPECIFIED.);
#1403=B_SPLINE_CURVE_WITH_KNOTS('',3,(#13564,#13565,#13566,#13567,#13568,
#13569,#13570,#13571),.UNSPECIFIED.,.F.,.F.,(4,2,2,4),(0.0011088762725313,
0.00905566973610515,0.0184252880135258,0.0200510542942054),
 .UNSPECIFIED.);
#1404=B_SPLINE_CURVE_WITH_KNOTS('',3,(#13574,#13575,#13576,#13577),
 .UNSPECIFIED.,.F.,.F.,(4,4),(0.0060175170528921,0.00765330469720578),
 .UNSPECIFIED.);
#1405=B_SPLINE_CURVE_WITH_KNOTS('',3,(#13585,#13586,#13587,#13588,#13589,
#13590,#13591,#13592),.UNSPECIFIED.,.F.,.F.,(4,2,2,4),(0.0011088762725313,
0.00905566973610513,0.0184252880135257,0.0200510542942054),
 .UNSPECIFIED.);
#1406=B_SPLINE_CURVE_WITH_KNOTS('',3,(#13595,#13596,#13597,#13598),
 .UNSPECIFIED.,.F.,.F.,(4,4),(0.00601751705289201,0.00765330469720574),
 .UNSPECIFIED.);
#1407=B_SPLINE_CURVE_WITH_KNOTS('',3,(#13606,#13607,#13608,#13609,#13610,
#13611,#13612,#13613),.UNSPECIFIED.,.F.,.F.,(4,2,2,4),(0.00110887627253131,
0.00905566973610515,0.0184252880135256,0.0200510542942054),
 .UNSPECIFIED.);
#1408=B_SPLINE_CURVE_WITH_KNOTS('',3,(#13616,#13617,#13618,#13619),
 .UNSPECIFIED.,.F.,.F.,(4,4),(0.00601751705289213,0.00765330469720585),
 .UNSPECIFIED.);
#1409=B_SPLINE_CURVE_WITH_KNOTS('',3,(#13627,#13628,#13629,#13630,#13631,
#13632,#13633,#13634),.UNSPECIFIED.,.F.,.F.,(4,2,2,4),(0.00110887627253131,
0.00905566973610517,0.0184252880135258,0.0200510542942054),
 .UNSPECIFIED.);
#1410=B_SPLINE_CURVE_WITH_KNOTS('',3,(#13637,#13638,#13639,#13640),
 .UNSPECIFIED.,.F.,.F.,(4,4),(0.00601751705289188,0.00765330469720601),
 .UNSPECIFIED.);
#1411=B_SPLINE_CURVE_WITH_KNOTS('',3,(#13648,#13649,#13650,#13651,#13652,
#13653,#13654,#13655),.UNSPECIFIED.,.F.,.F.,(4,2,2,4),(0.00110887627253125,
0.00905566973610596,0.0184252880135259,0.0200510542942054),
 .UNSPECIFIED.);
#1412=B_SPLINE_CURVE_WITH_KNOTS('',3,(#13658,#13659,#13660,#13661),
 .UNSPECIFIED.,.F.,.F.,(4,4),(0.00601751705289206,0.00765330469720572),
 .UNSPECIFIED.);
#1413=B_SPLINE_CURVE_WITH_KNOTS('',3,(#13669,#13670,#13671,#13672,#13673,
#13674,#13675,#13676),.UNSPECIFIED.,.F.,.F.,(4,2,2,4),(0.00110887627253131,
0.00905566973610512,0.0184252880135258,0.0200510542942053),
 .UNSPECIFIED.);
#1414=B_SPLINE_CURVE_WITH_KNOTS('',3,(#13679,#13680,#13681,#13682),
 .UNSPECIFIED.,.F.,.F.,(4,4),(0.00601751705289207,0.007653304697206),
 .UNSPECIFIED.);
#1415=B_SPLINE_CURVE_WITH_KNOTS('',3,(#13690,#13691,#13692,#13693,#13694,
#13695,#13696,#13697),.UNSPECIFIED.,.F.,.F.,(4,2,2,4),(0.00110887627253126,
0.00905566973610602,0.0184252880135258,0.0200510542942054),
 .UNSPECIFIED.);
#1416=B_SPLINE_CURVE_WITH_KNOTS('',3,(#13700,#13701,#13702,#13703),
 .UNSPECIFIED.,.F.,.F.,(4,4),(0.00601751705289202,0.00765330469720598),
 .UNSPECIFIED.);
#1417=B_SPLINE_CURVE_WITH_KNOTS('',3,(#13711,#13712,#13713,#13714,#13715,
#13716,#13717,#13718),.UNSPECIFIED.,.F.,.F.,(4,2,2,4),(0.00110887627253131,
0.00905566973610518,0.0184252880135257,0.0200510542942053),
 .UNSPECIFIED.);
#1418=B_SPLINE_CURVE_WITH_KNOTS('',3,(#13721,#13722,#13723,#13724),
 .UNSPECIFIED.,.F.,.F.,(4,4),(0.0060175170528918,0.00765330469720595),
 .UNSPECIFIED.);
#1419=B_SPLINE_CURVE_WITH_KNOTS('',3,(#13732,#13733,#13734,#13735,#13736,
#13737,#13738,#13739),.UNSPECIFIED.,.F.,.F.,(4,2,2,4),(0.00110887627253131,
0.00905566973610512,0.0184252880135258,0.0200510542942054),
 .UNSPECIFIED.);
#1420=B_SPLINE_CURVE_WITH_KNOTS('',3,(#13742,#13743,#13744,#13745),
 .UNSPECIFIED.,.F.,.F.,(4,4),(0.00601751705289199,0.0076533046972059),
 .UNSPECIFIED.);
#1421=B_SPLINE_CURVE_WITH_KNOTS('',3,(#13753,#13754,#13755,#13756,#13757,
#13758,#13759,#13760),.UNSPECIFIED.,.F.,.F.,(4,2,2,4),(0.00110887627253131,
0.00905566973610513,0.0184252880135258,0.0200510542942053),
 .UNSPECIFIED.);
#1422=B_SPLINE_CURVE_WITH_KNOTS('',3,(#13763,#13764,#13765,#13766),
 .UNSPECIFIED.,.F.,.F.,(4,4),(0.00601751705289204,0.0076533046972059),
 .UNSPECIFIED.);
#1423=B_SPLINE_CURVE_WITH_KNOTS('',3,(#13774,#13775,#13776,#13777,#13778,
#13779,#13780,#13781),.UNSPECIFIED.,.F.,.F.,(4,2,2,4),(0.00110887627253125,
0.00905566973610598,0.0184252880135259,0.0200510542942055),
 .UNSPECIFIED.);
#1424=B_SPLINE_CURVE_WITH_KNOTS('',3,(#13784,#13785,#13786,#13787),
 .UNSPECIFIED.,.F.,.F.,(4,4),(0.00601751705289215,0.00765330469720587),
 .UNSPECIFIED.);
#1425=B_SPLINE_CURVE_WITH_KNOTS('',3,(#13795,#13796,#13797,#13798,#13799,
#13800,#13801,#13802),.UNSPECIFIED.,.F.,.F.,(4,2,2,4),(0.0011088762725313,
0.0090556697361051,0.0184252880135258,0.0200510542942053),.UNSPECIFIED.);
#1426=B_SPLINE_CURVE_WITH_KNOTS('',3,(#13805,#13806,#13807,#13808),
 .UNSPECIFIED.,.F.,.F.,(4,4),(0.00601751705289209,0.00765330469720595),
 .UNSPECIFIED.);
#1427=B_SPLINE_CURVE_WITH_KNOTS('',3,(#13816,#13817,#13818,#13819,#13820,
#13821,#13822,#13823),.UNSPECIFIED.,.F.,.F.,(4,2,2,4),(0.00110887627253125,
0.00905566973610598,0.0184252880135259,0.0200510542942054),
 .UNSPECIFIED.);
#1428=B_SPLINE_CURVE_WITH_KNOTS('',3,(#13826,#13827,#13828,#13829),
 .UNSPECIFIED.,.F.,.F.,(4,4),(0.00601751705289206,0.00765330469720592),
 .UNSPECIFIED.);
#1429=B_SPLINE_CURVE_WITH_KNOTS('',3,(#13837,#13838,#13839,#13840,#13841,
#13842,#13843,#13844),.UNSPECIFIED.,.F.,.F.,(4,2,2,4),(0.00110887627253131,
0.00905566973610512,0.0184252880135257,0.0200510542942054),
 .UNSPECIFIED.);
#1430=B_SPLINE_CURVE_WITH_KNOTS('',3,(#13847,#13848,#13849,#13850),
 .UNSPECIFIED.,.F.,.F.,(4,4),(0.0060175170528921,0.00765330469720585),
 .UNSPECIFIED.);
#1431=B_SPLINE_CURVE_WITH_KNOTS('',3,(#13858,#13859,#13860,#13861,#13862,
#13863,#13864,#13865),.UNSPECIFIED.,.F.,.F.,(4,2,2,4),(0.0011088762725313,
0.00905566973610512,0.0184252880135259,0.0200510542942054),
 .UNSPECIFIED.);
#1432=B_SPLINE_CURVE_WITH_KNOTS('',3,(#13868,#13869,#13870,#13871),
 .UNSPECIFIED.,.F.,.F.,(4,4),(0.0060175170528921,0.00765330469720594),
 .UNSPECIFIED.);
#1433=B_SPLINE_CURVE_WITH_KNOTS('',3,(#13879,#13880,#13881,#13882,#13883,
#13884,#13885,#13886),.UNSPECIFIED.,.F.,.F.,(4,2,2,4),(0.00110887627253131,
0.00905566973610514,0.0184252880135258,0.0200510542942053),
 .UNSPECIFIED.);
#1434=B_SPLINE_CURVE_WITH_KNOTS('',3,(#13889,#13890,#13891,#13892),
 .UNSPECIFIED.,.F.,.F.,(4,4),(0.00601751705289205,0.00765330469720586),
 .UNSPECIFIED.);
#1435=B_SPLINE_CURVE_WITH_KNOTS('',3,(#13900,#13901,#13902,#13903,#13904,
#13905,#13906,#13907),.UNSPECIFIED.,.F.,.F.,(4,2,2,4),(0.00110887627253125,
0.00905566973610596,0.0184252880135258,0.0200510542942055),
 .UNSPECIFIED.);
#1436=B_SPLINE_CURVE_WITH_KNOTS('',3,(#13910,#13911,#13912,#13913),
 .UNSPECIFIED.,.F.,.F.,(4,4),(0.00601751705289216,0.007653304697206),
 .UNSPECIFIED.);
#1437=B_SPLINE_CURVE_WITH_KNOTS('',3,(#13921,#13922,#13923,#13924,#13925,
#13926,#13927,#13928),.UNSPECIFIED.,.F.,.F.,(4,2,2,4),(0.00110887627253137,
0.00905566973610593,0.0184252880135259,0.0200510542942054),
 .UNSPECIFIED.);
#1438=B_SPLINE_CURVE_WITH_KNOTS('',3,(#13931,#13932,#13933,#13934),
 .UNSPECIFIED.,.F.,.F.,(4,4),(0.00601751705289204,0.00765330469720592),
 .UNSPECIFIED.);
#1439=B_SPLINE_CURVE_WITH_KNOTS('',3,(#13942,#13943,#13944,#13945,#13946,
#13947,#13948,#13949),.UNSPECIFIED.,.F.,.F.,(4,2,2,4),(0.00110887627253131,
0.00905566973610512,0.0184252880135259,0.0200510542942053),
 .UNSPECIFIED.);
#1440=B_SPLINE_CURVE_WITH_KNOTS('',3,(#13952,#13953,#13954,#13955),
 .UNSPECIFIED.,.F.,.F.,(4,4),(0.0060175170528919,0.00765330469720595),
 .UNSPECIFIED.);
#1441=B_SPLINE_CURVE_WITH_KNOTS('',3,(#13963,#13964,#13965,#13966,#13967,
#13968,#13969,#13970),.UNSPECIFIED.,.F.,.F.,(4,2,2,4),(0.00110887627253125,
0.00905566973610597,0.0184252880135259,0.0200510542942055),
 .UNSPECIFIED.);
#1442=B_SPLINE_CURVE_WITH_KNOTS('',3,(#13973,#13974,#13975,#13976),
 .UNSPECIFIED.,.F.,.F.,(4,4),(0.00601751705289215,0.0076533046972059),
 .UNSPECIFIED.);
#1443=B_SPLINE_CURVE_WITH_KNOTS('',3,(#13984,#13985,#13986,#13987,#13988,
#13989,#13990,#13991),.UNSPECIFIED.,.F.,.F.,(4,2,2,4),(0.00110887627253126,
0.00905566973610596,0.0184252880135259,0.0200510542942054),
 .UNSPECIFIED.);
#1444=B_SPLINE_CURVE_WITH_KNOTS('',3,(#13994,#13995,#13996,#13997),
 .UNSPECIFIED.,.F.,.F.,(4,4),(0.00601751705289208,0.00765330469720593),
 .UNSPECIFIED.);
#1445=B_SPLINE_CURVE_WITH_KNOTS('',3,(#14005,#14006,#14007,#14008,#14009,
#14010,#14011,#14012),.UNSPECIFIED.,.F.,.F.,(4,2,2,4),(0.00110887627253125,
0.00905566973610598,0.0184252880135259,0.0200510542942055),
 .UNSPECIFIED.);
#1446=B_SPLINE_CURVE_WITH_KNOTS('',3,(#14015,#14016,#14017,#14018),
 .UNSPECIFIED.,.F.,.F.,(4,4),(0.00601751705289216,0.00765330469720592),
 .UNSPECIFIED.);
#1447=B_SPLINE_CURVE_WITH_KNOTS('',3,(#14026,#14027,#14028,#14029,#14030,
#14031,#14032,#14033),.UNSPECIFIED.,.F.,.F.,(4,2,2,4),(0.00110887627253125,
0.00905566973610596,0.0184252880135259,0.0200510542942055),
 .UNSPECIFIED.);
#1448=B_SPLINE_CURVE_WITH_KNOTS('',3,(#14036,#14037,#14038,#14039),
 .UNSPECIFIED.,.F.,.F.,(4,4),(0.00601751705289207,0.00765330469720596),
 .UNSPECIFIED.);
#1449=B_SPLINE_CURVE_WITH_KNOTS('',3,(#14047,#14048,#14049,#14050,#14051,
#14052,#14053,#14054),.UNSPECIFIED.,.F.,.F.,(4,2,2,4),(0.00110887627253125,
0.00905566973610597,0.0184252880135259,0.0200510542942055),
 .UNSPECIFIED.);
#1450=B_SPLINE_CURVE_WITH_KNOTS('',3,(#14057,#14058,#14059,#14060),
 .UNSPECIFIED.,.F.,.F.,(4,4),(0.00601751705289208,0.00765330469720593),
 .UNSPECIFIED.);
#1451=B_SPLINE_CURVE_WITH_KNOTS('',3,(#14068,#14069,#14070,#14071,#14072,
#14073,#14074,#14075),.UNSPECIFIED.,.F.,.F.,(4,2,2,4),(0.00110887627253131,
0.00905566973610513,0.0184252880135258,0.0200510542942054),
 .UNSPECIFIED.);
#1452=B_SPLINE_CURVE_WITH_KNOTS('',3,(#14078,#14079,#14080,#14081),
 .UNSPECIFIED.,.F.,.F.,(4,4),(0.00601751705289218,0.00765330469720597),
 .UNSPECIFIED.);
#1453=B_SPLINE_CURVE_WITH_KNOTS('',3,(#14089,#14090,#14091,#14092,#14093,
#14094,#14095,#14096),.UNSPECIFIED.,.F.,.F.,(4,2,2,4),(0.00110887627253131,
0.00905566973610511,0.0184252880135258,0.0200510542942053),
 .UNSPECIFIED.);
#1454=B_SPLINE_CURVE_WITH_KNOTS('',3,(#14099,#14100,#14101,#14102),
 .UNSPECIFIED.,.F.,.F.,(4,4),(0.00601751705289199,0.00765330469720587),
 .UNSPECIFIED.);
#1455=B_SPLINE_CURVE_WITH_KNOTS('',3,(#14110,#14111,#14112,#14113,#14114,
#14115,#14116,#14117),.UNSPECIFIED.,.F.,.F.,(4,2,2,4),(0.00110887627253125,
0.00905566973610598,0.0184252880135259,0.0200510542942054),
 .UNSPECIFIED.);
#1456=B_SPLINE_CURVE_WITH_KNOTS('',3,(#14120,#14121,#14122,#14123),
 .UNSPECIFIED.,.F.,.F.,(4,4),(0.00601751705289205,0.00765330469720581),
 .UNSPECIFIED.);
#1457=B_SPLINE_CURVE_WITH_KNOTS('',3,(#14131,#14132,#14133,#14134,#14135,
#14136,#14137,#14138),.UNSPECIFIED.,.F.,.F.,(4,2,2,4),(0.00110887627253125,
0.00905566973610596,0.0184252880135258,0.0200510542942055),
 .UNSPECIFIED.);
#1458=B_SPLINE_CURVE_WITH_KNOTS('',3,(#14141,#14142,#14143,#14144),
 .UNSPECIFIED.,.F.,.F.,(4,4),(0.00601751705289212,0.00765330469720597),
 .UNSPECIFIED.);
#1459=B_SPLINE_CURVE_WITH_KNOTS('',3,(#14152,#14153,#14154,#14155,#14156,
#14157,#14158,#14159),.UNSPECIFIED.,.F.,.F.,(4,2,2,4),(0.00110887627253129,
0.00905566973610509,0.0184252880135256,0.0200510542942053),
 .UNSPECIFIED.);
#1460=B_SPLINE_CURVE_WITH_KNOTS('',3,(#14162,#14163,#14164,#14165),
 .UNSPECIFIED.,.F.,.F.,(4,4),(0.00601751705289175,0.00765330469720564),
 .UNSPECIFIED.);
#1461=B_SPLINE_CURVE_WITH_KNOTS('',3,(#14173,#14174,#14175,#14176,#14177,
#14178,#14179,#14180),.UNSPECIFIED.,.F.,.F.,(4,2,2,4),(0.00110887627253132,
0.00905566973610521,0.0184252880135257,0.0200510542942054),
 .UNSPECIFIED.);
#1462=B_SPLINE_CURVE_WITH_KNOTS('',3,(#14183,#14184,#14185,#14186),
 .UNSPECIFIED.,.F.,.F.,(4,4),(0.00601751705289199,0.00765330469720597),
 .UNSPECIFIED.);
#1463=B_SPLINE_CURVE_WITH_KNOTS('',3,(#14194,#14195,#14196,#14197,#14198,
#14199,#14200,#14201),.UNSPECIFIED.,.F.,.F.,(4,2,2,4),(0.00110887627253131,
0.00905566973610514,0.0184252880135257,0.0200510542942055),
 .UNSPECIFIED.);
#1464=B_SPLINE_CURVE_WITH_KNOTS('',3,(#14204,#14205,#14206,#14207),
 .UNSPECIFIED.,.F.,.F.,(4,4),(0.00601751705289201,0.00765330469720587),
 .UNSPECIFIED.);
#1465=B_SPLINE_CURVE_WITH_KNOTS('',3,(#14215,#14216,#14217,#14218,#14219,
#14220,#14221,#14222),.UNSPECIFIED.,.F.,.F.,(4,2,2,4),(0.00110887627253125,
0.00905566973610598,0.0184252880135258,0.0200510542942054),
 .UNSPECIFIED.);
#1466=B_SPLINE_CURVE_WITH_KNOTS('',3,(#14225,#14226,#14227,#14228),
 .UNSPECIFIED.,.F.,.F.,(4,4),(0.00601751705289204,0.00765330469720594),
 .UNSPECIFIED.);
#1467=B_SPLINE_CURVE_WITH_KNOTS('',3,(#14236,#14237,#14238,#14239,#14240,
#14241,#14242,#14243),.UNSPECIFIED.,.F.,.F.,(4,2,2,4),(0.00110887627253131,
0.00905566973610515,0.0184252880135257,0.0200510542942054),
 .UNSPECIFIED.);
#1468=B_SPLINE_CURVE_WITH_KNOTS('',3,(#14246,#14247,#14248,#14249),
 .UNSPECIFIED.,.F.,.F.,(4,4),(0.00601751705289207,0.00765330469720599),
 .UNSPECIFIED.);
#1469=B_SPLINE_CURVE_WITH_KNOTS('',3,(#14257,#14258,#14259,#14260,#14261,
#14262,#14263,#14264),.UNSPECIFIED.,.F.,.F.,(4,2,2,4),(0.00110887627253125,
0.00905566973610599,0.0184252880135258,0.0200510542942054),
 .UNSPECIFIED.);
#1470=B_SPLINE_CURVE_WITH_KNOTS('',3,(#14267,#14268,#14269,#14270),
 .UNSPECIFIED.,.F.,.F.,(4,4),(0.00601751705289206,0.00765330469720594),
 .UNSPECIFIED.);
#1471=B_SPLINE_CURVE_WITH_KNOTS('',3,(#14278,#14279,#14280,#14281,#14282,
#14283,#14284,#14285),.UNSPECIFIED.,.F.,.F.,(4,2,2,4),(0.00110887627253125,
0.00905566973610598,0.0184252880135259,0.0200510542942054),
 .UNSPECIFIED.);
#1472=B_SPLINE_CURVE_WITH_KNOTS('',3,(#14288,#14289,#14290,#14291),
 .UNSPECIFIED.,.F.,.F.,(4,4),(0.00601751705289209,0.00765330469720591),
 .UNSPECIFIED.);
#1473=B_SPLINE_CURVE_WITH_KNOTS('',3,(#14299,#14300,#14301,#14302,#14303,
#14304,#14305,#14306),.UNSPECIFIED.,.F.,.F.,(4,2,2,4),(0.00110887627253131,
0.00905566973610516,0.0184252880135258,0.0200510542942052),
 .UNSPECIFIED.);
#1474=B_SPLINE_CURVE_WITH_KNOTS('',3,(#14309,#14310,#14311,#14312),
 .UNSPECIFIED.,.F.,.F.,(4,4),(0.00601751705289174,0.00765330469720555),
 .UNSPECIFIED.);
#1475=B_SPLINE_CURVE_WITH_KNOTS('',3,(#14320,#14321,#14322,#14323,#14324,
#14325,#14326,#14327),.UNSPECIFIED.,.F.,.F.,(4,2,2,4),(0.00110887627253131,
0.00905566973610511,0.0184252880135258,0.0200510542942053),
 .UNSPECIFIED.);
#1476=B_SPLINE_CURVE_WITH_KNOTS('',3,(#14330,#14331,#14332,#14333),
 .UNSPECIFIED.,.F.,.F.,(4,4),(0.00601751705289181,0.00765330469720577),
 .UNSPECIFIED.);
#1477=B_SPLINE_CURVE_WITH_KNOTS('',3,(#14337,#14338,#14339,#14340),
 .UNSPECIFIED.,.F.,.F.,(4,4),(0.0229676728088392,0.0246034604514954),
 .UNSPECIFIED.);
#1478=B_SPLINE_CURVE_WITH_KNOTS('',3,(#14344,#14345,#14346,#14347,#14348,
#14349,#14350,#14351),.UNSPECIFIED.,.F.,.F.,(4,2,2,4),(0.133655841542779,
0.135281607823459,0.144651226100879,0.152598019564454),.UNSPECIFIED.);
#1479=B_SPLINE_CURVE_WITH_KNOTS('',3,(#14413,#14414,#14415,#14416,#14417,
#14418,#14419,#14420,#14421,#14422,#14423,#14424,#14425,#14426),
 .UNSPECIFIED.,.F.,.F.,(4,2,2,2,2,2,4),(0.0281508349263127,0.031656292682756,
0.0341898805346334,0.0367234683865109,0.0392570562383883,0.0417906440902657,
0.045296101846709),.UNSPECIFIED.);
#1480=B_SPLINE_CURVE_WITH_KNOTS('',3,(#14431,#14432,#14433,#14434,#14435,
#14436,#14437,#14438),.UNSPECIFIED.,.F.,.F.,(4,2,2,4),(0.00110887627253132,
0.00905566973610516,0.0184252880135258,0.0200510542942057),
 .UNSPECIFIED.);
#1481=B_SPLINE_CURVE_WITH_KNOTS('',3,(#14613,#14614,#14615,#14616,#14617,
#14618,#14619,#14620,#14621,#14622,#14623,#14624),.UNSPECIFIED.,.F.,.F.,
(4,2,2,2,2,4),(0.,0.00157200882641298,0.00364480814475184,0.00577903593446968,
0.00786539279665196,0.00791920432458354),.UNSPECIFIED.);
#1482=B_SPLINE_CURVE_WITH_KNOTS('',3,(#14626,#14627,#14628,#14629,#14630,
#14631,#14632,#14633,#14634,#14635,#14636,#14637),.UNSPECIFIED.,.F.,.F.,
(4,2,2,2,2,4),(-5.42126529867693E-5,0.,0.00210190910630058,0.00425204598242334,
0.00634029648344261,0.00792402347057135),.UNSPECIFIED.);
#1483=B_SPLINE_CURVE_WITH_KNOTS('',3,(#14638,#14639,#14640,#14641),
 .UNSPECIFIED.,.F.,.F.,(4,4),(0.00601751705289209,0.00765330469720581),
 .UNSPECIFIED.);
#1484=CYLINDRICAL_SURFACE('',#7039,0.25);
#1485=CYLINDRICAL_SURFACE('',#7042,0.05);
#1486=CYLINDRICAL_SURFACE('',#7060,0.05);
#1487=CYLINDRICAL_SURFACE('',#7065,0.25);
#1488=CYLINDRICAL_SURFACE('',#7068,0.05);
#1489=CYLINDRICAL_SURFACE('',#7071,0.05);
#1490=CYLINDRICAL_SURFACE('',#7076,0.25);
#1491=CYLINDRICAL_SURFACE('',#7079,0.05);
#1492=CYLINDRICAL_SURFACE('',#7082,0.05);
#1493=CYLINDRICAL_SURFACE('',#7087,0.25);
#1494=CYLINDRICAL_SURFACE('',#7090,0.05);
#1495=CYLINDRICAL_SURFACE('',#7093,0.05);
#1496=CYLINDRICAL_SURFACE('',#7094,0.0686073308950219);
#1497=CYLINDRICAL_SURFACE('',#7097,0.0516767151062701);
#1498=CYLINDRICAL_SURFACE('',#7099,0.0686073308950219);
#1499=CYLINDRICAL_SURFACE('',#7102,0.0516767151062701);
#1500=CYLINDRICAL_SURFACE('',#7104,0.0686073308950219);
#1501=CYLINDRICAL_SURFACE('',#7107,0.0516767151062701);
#1502=CYLINDRICAL_SURFACE('',#7109,0.0686073308950219);
#1503=CYLINDRICAL_SURFACE('',#7112,0.0516767151062701);
#1504=CYLINDRICAL_SURFACE('',#7114,0.0686073308950219);
#1505=CYLINDRICAL_SURFACE('',#7117,0.0516767151062701);
#1506=CYLINDRICAL_SURFACE('',#7119,0.0686073308950219);
#1507=CYLINDRICAL_SURFACE('',#7122,0.0516767151062701);
#1508=CYLINDRICAL_SURFACE('',#7124,0.0686073308950219);
#1509=CYLINDRICAL_SURFACE('',#7127,0.0516767151062701);
#1510=CYLINDRICAL_SURFACE('',#7129,0.0686073308950219);
#1511=CYLINDRICAL_SURFACE('',#7132,0.0516767151062701);
#1512=CYLINDRICAL_SURFACE('',#7134,0.0686073308950219);
#1513=CYLINDRICAL_SURFACE('',#7137,0.0516767151062701);
#1514=CYLINDRICAL_SURFACE('',#7139,0.0686073308950219);
#1515=CYLINDRICAL_SURFACE('',#7142,0.0516767151062701);
#1516=CYLINDRICAL_SURFACE('',#7144,0.0686073308950219);
#1517=CYLINDRICAL_SURFACE('',#7147,0.0516767151062701);
#1518=CYLINDRICAL_SURFACE('',#7149,0.0686073308950219);
#1519=CYLINDRICAL_SURFACE('',#7152,0.0516767151062701);
#1520=CYLINDRICAL_SURFACE('',#7154,0.0686073308950219);
#1521=CYLINDRICAL_SURFACE('',#7157,0.0516767151062701);
#1522=CYLINDRICAL_SURFACE('',#7159,0.0686073308950219);
#1523=CYLINDRICAL_SURFACE('',#7162,0.0516767151062701);
#1524=CYLINDRICAL_SURFACE('',#7164,0.0686073308950219);
#1525=CYLINDRICAL_SURFACE('',#7167,0.0516767151062701);
#1526=CYLINDRICAL_SURFACE('',#7169,0.0686073308950219);
#1527=CYLINDRICAL_SURFACE('',#7172,0.0516767151062701);
#1528=CYLINDRICAL_SURFACE('',#7174,0.0686073308950219);
#1529=CYLINDRICAL_SURFACE('',#7177,0.0516767151062701);
#1530=CYLINDRICAL_SURFACE('',#7179,0.0686073308950219);
#1531=CYLINDRICAL_SURFACE('',#7182,0.0516767151062701);
#1532=CYLINDRICAL_SURFACE('',#7184,0.0686073308950219);
#1533=CYLINDRICAL_SURFACE('',#7187,0.0516767151062701);
#1534=CYLINDRICAL_SURFACE('',#7189,0.0686073308950219);
#1535=CYLINDRICAL_SURFACE('',#7192,0.0516767151062701);
#1536=CYLINDRICAL_SURFACE('',#7194,0.0686073308950219);
#1537=CYLINDRICAL_SURFACE('',#7197,0.0516767151062701);
#1538=CYLINDRICAL_SURFACE('',#7199,0.0686073308950219);
#1539=CYLINDRICAL_SURFACE('',#7202,0.0516767151062701);
#1540=CYLINDRICAL_SURFACE('',#7204,0.0686073308950219);
#1541=CYLINDRICAL_SURFACE('',#7207,0.0516767151062701);
#1542=CYLINDRICAL_SURFACE('',#7209,0.0686073308950219);
#1543=CYLINDRICAL_SURFACE('',#7212,0.0516767151062701);
#1544=CYLINDRICAL_SURFACE('',#7214,0.0686073308950219);
#1545=CYLINDRICAL_SURFACE('',#7217,0.0516767151062701);
#1546=CYLINDRICAL_SURFACE('',#7219,0.0686073308950219);
#1547=CYLINDRICAL_SURFACE('',#7222,0.0516767151062701);
#1548=CYLINDRICAL_SURFACE('',#7224,0.0686073308950219);
#1549=CYLINDRICAL_SURFACE('',#7227,0.0516767151062701);
#1550=CYLINDRICAL_SURFACE('',#7229,0.0686073308950219);
#1551=CYLINDRICAL_SURFACE('',#7232,0.0516767151062701);
#1552=CYLINDRICAL_SURFACE('',#7234,0.0686073308950219);
#1553=CYLINDRICAL_SURFACE('',#7237,0.0516767151062701);
#1554=CYLINDRICAL_SURFACE('',#7239,0.0686073308950219);
#1555=CYLINDRICAL_SURFACE('',#7242,0.0516767151062701);
#1556=CYLINDRICAL_SURFACE('',#7244,0.0686073308950219);
#1557=CYLINDRICAL_SURFACE('',#7247,0.0516767151062701);
#1558=CYLINDRICAL_SURFACE('',#7249,0.0686073308950219);
#1559=CYLINDRICAL_SURFACE('',#7252,0.0516767151062701);
#1560=CYLINDRICAL_SURFACE('',#7254,0.0686073308950219);
#1561=CYLINDRICAL_SURFACE('',#7257,0.0516767151062701);
#1562=CYLINDRICAL_SURFACE('',#7259,0.0686073308950219);
#1563=CYLINDRICAL_SURFACE('',#7262,0.0516767151062701);
#1564=CYLINDRICAL_SURFACE('',#7264,0.0686073308950219);
#1565=CYLINDRICAL_SURFACE('',#7267,0.0516767151062701);
#1566=CYLINDRICAL_SURFACE('',#7269,0.0686073308950219);
#1567=CYLINDRICAL_SURFACE('',#7272,0.0516767151062701);
#1568=CYLINDRICAL_SURFACE('',#7274,0.0686073308950219);
#1569=CYLINDRICAL_SURFACE('',#7277,0.0516767151062701);
#1570=CYLINDRICAL_SURFACE('',#7279,0.0686073308950219);
#1571=CYLINDRICAL_SURFACE('',#7282,0.0516767151062701);
#1572=CYLINDRICAL_SURFACE('',#7284,0.0686073308950219);
#1573=CYLINDRICAL_SURFACE('',#7287,0.0516767151062701);
#1574=CYLINDRICAL_SURFACE('',#7289,0.0686073308950219);
#1575=CYLINDRICAL_SURFACE('',#7292,0.0516767151062701);
#1576=CYLINDRICAL_SURFACE('',#7294,0.0686073308950219);
#1577=CYLINDRICAL_SURFACE('',#7297,0.0516767151062701);
#1578=CYLINDRICAL_SURFACE('',#7299,0.0686073308950219);
#1579=CYLINDRICAL_SURFACE('',#7302,0.0516767151062701);
#1580=CYLINDRICAL_SURFACE('',#7305,0.0516767151062701);
#1581=CYLINDRICAL_SURFACE('',#7307,0.0686073308950219);
#1582=CYLINDRICAL_SURFACE('',#7615,2.375);
#1583=CYLINDRICAL_SURFACE('',#7626,0.0516767151062701);
#1584=CYLINDRICAL_SURFACE('',#7629,0.0686073308950219);
#1585=CYLINDRICAL_SURFACE('',#7642,6.95);
#1586=CYLINDRICAL_SURFACE('',#7649,4.5);
#1587=FACE_OUTER_BOUND('',#1951,.T.);
#1588=FACE_OUTER_BOUND('',#1952,.T.);
#1589=FACE_OUTER_BOUND('',#1953,.T.);
#1590=FACE_OUTER_BOUND('',#1954,.T.);
#1591=FACE_OUTER_BOUND('',#1955,.T.);
#1592=FACE_OUTER_BOUND('',#1956,.T.);
#1593=FACE_OUTER_BOUND('',#1957,.T.);
#1594=FACE_OUTER_BOUND('',#1958,.T.);
#1595=FACE_OUTER_BOUND('',#1959,.T.);
#1596=FACE_OUTER_BOUND('',#1961,.T.);
#1597=FACE_OUTER_BOUND('',#1962,.T.);
#1598=FACE_OUTER_BOUND('',#1963,.T.);
#1599=FACE_OUTER_BOUND('',#1964,.T.);
#1600=FACE_OUTER_BOUND('',#1965,.T.);
#1601=FACE_OUTER_BOUND('',#1966,.T.);
#1602=FACE_OUTER_BOUND('',#1967,.T.);
#1603=FACE_OUTER_BOUND('',#1968,.T.);
#1604=FACE_OUTER_BOUND('',#1969,.T.);
#1605=FACE_OUTER_BOUND('',#1970,.T.);
#1606=FACE_OUTER_BOUND('',#1971,.T.);
#1607=FACE_OUTER_BOUND('',#1972,.T.);
#1608=FACE_OUTER_BOUND('',#1973,.T.);
#1609=FACE_OUTER_BOUND('',#1974,.T.);
#1610=FACE_OUTER_BOUND('',#1975,.T.);
#1611=FACE_OUTER_BOUND('',#1976,.T.);
#1612=FACE_OUTER_BOUND('',#1977,.T.);
#1613=FACE_OUTER_BOUND('',#1978,.T.);
#1614=FACE_OUTER_BOUND('',#1979,.T.);
#1615=FACE_OUTER_BOUND('',#1980,.T.);
#1616=FACE_OUTER_BOUND('',#1981,.T.);
#1617=FACE_OUTER_BOUND('',#1982,.T.);
#1618=FACE_OUTER_BOUND('',#1983,.T.);
#1619=FACE_OUTER_BOUND('',#1984,.T.);
#1620=FACE_OUTER_BOUND('',#1985,.T.);
#1621=FACE_OUTER_BOUND('',#1986,.T.);
#1622=FACE_OUTER_BOUND('',#1987,.T.);
#1623=FACE_OUTER_BOUND('',#1988,.T.);
#1624=FACE_OUTER_BOUND('',#1989,.T.);
#1625=FACE_OUTER_BOUND('',#1990,.T.);
#1626=FACE_OUTER_BOUND('',#1991,.T.);
#1627=FACE_OUTER_BOUND('',#1992,.T.);
#1628=FACE_OUTER_BOUND('',#1993,.T.);
#1629=FACE_OUTER_BOUND('',#1994,.T.);
#1630=FACE_OUTER_BOUND('',#1995,.T.);
#1631=FACE_OUTER_BOUND('',#1996,.T.);
#1632=FACE_OUTER_BOUND('',#1997,.T.);
#1633=FACE_OUTER_BOUND('',#1998,.T.);
#1634=FACE_OUTER_BOUND('',#1999,.T.);
#1635=FACE_OUTER_BOUND('',#2000,.T.);
#1636=FACE_OUTER_BOUND('',#2001,.T.);
#1637=FACE_OUTER_BOUND('',#2002,.T.);
#1638=FACE_OUTER_BOUND('',#2003,.T.);
#1639=FACE_OUTER_BOUND('',#2004,.T.);
#1640=FACE_OUTER_BOUND('',#2005,.T.);
#1641=FACE_OUTER_BOUND('',#2006,.T.);
#1642=FACE_OUTER_BOUND('',#2007,.T.);
#1643=FACE_OUTER_BOUND('',#2008,.T.);
#1644=FACE_OUTER_BOUND('',#2009,.T.);
#1645=FACE_OUTER_BOUND('',#2010,.T.);
#1646=FACE_OUTER_BOUND('',#2011,.T.);
#1647=FACE_OUTER_BOUND('',#2012,.T.);
#1648=FACE_OUTER_BOUND('',#2013,.T.);
#1649=FACE_OUTER_BOUND('',#2014,.T.);
#1650=FACE_OUTER_BOUND('',#2015,.T.);
#1651=FACE_OUTER_BOUND('',#2016,.T.);
#1652=FACE_OUTER_BOUND('',#2017,.T.);
#1653=FACE_OUTER_BOUND('',#2018,.T.);
#1654=FACE_OUTER_BOUND('',#2019,.T.);
#1655=FACE_OUTER_BOUND('',#2020,.T.);
#1656=FACE_OUTER_BOUND('',#2021,.T.);
#1657=FACE_OUTER_BOUND('',#2022,.T.);
#1658=FACE_OUTER_BOUND('',#2023,.T.);
#1659=FACE_OUTER_BOUND('',#2024,.T.);
#1660=FACE_OUTER_BOUND('',#2025,.T.);
#1661=FACE_OUTER_BOUND('',#2026,.T.);
#1662=FACE_OUTER_BOUND('',#2027,.T.);
#1663=FACE_OUTER_BOUND('',#2028,.T.);
#1664=FACE_OUTER_BOUND('',#2029,.T.);
#1665=FACE_OUTER_BOUND('',#2030,.T.);
#1666=FACE_OUTER_BOUND('',#2031,.T.);
#1667=FACE_OUTER_BOUND('',#2032,.T.);
#1668=FACE_OUTER_BOUND('',#2033,.T.);
#1669=FACE_OUTER_BOUND('',#2034,.T.);
#1670=FACE_OUTER_BOUND('',#2035,.T.);
#1671=FACE_OUTER_BOUND('',#2036,.T.);
#1672=FACE_OUTER_BOUND('',#2037,.T.);
#1673=FACE_OUTER_BOUND('',#2038,.T.);
#1674=FACE_OUTER_BOUND('',#2039,.T.);
#1675=FACE_OUTER_BOUND('',#2040,.T.);
#1676=FACE_OUTER_BOUND('',#2041,.T.);
#1677=FACE_OUTER_BOUND('',#2042,.T.);
#1678=FACE_OUTER_BOUND('',#2043,.T.);
#1679=FACE_OUTER_BOUND('',#2044,.T.);
#1680=FACE_OUTER_BOUND('',#2045,.T.);
#1681=FACE_OUTER_BOUND('',#2046,.T.);
#1682=FACE_OUTER_BOUND('',#2047,.T.);
#1683=FACE_OUTER_BOUND('',#2048,.T.);
#1684=FACE_OUTER_BOUND('',#2049,.T.);
#1685=FACE_OUTER_BOUND('',#2050,.T.);
#1686=FACE_OUTER_BOUND('',#2051,.T.);
#1687=FACE_OUTER_BOUND('',#2052,.T.);
#1688=FACE_OUTER_BOUND('',#2053,.T.);
#1689=FACE_OUTER_BOUND('',#2054,.T.);
#1690=FACE_OUTER_BOUND('',#2055,.T.);
#1691=FACE_OUTER_BOUND('',#2056,.T.);
#1692=FACE_OUTER_BOUND('',#2057,.T.);
#1693=FACE_OUTER_BOUND('',#2058,.T.);
#1694=FACE_OUTER_BOUND('',#2059,.T.);
#1695=FACE_OUTER_BOUND('',#2060,.T.);
#1696=FACE_OUTER_BOUND('',#2061,.T.);
#1697=FACE_OUTER_BOUND('',#2062,.T.);
#1698=FACE_OUTER_BOUND('',#2063,.T.);
#1699=FACE_OUTER_BOUND('',#2064,.T.);
#1700=FACE_OUTER_BOUND('',#2065,.T.);
#1701=FACE_OUTER_BOUND('',#2066,.T.);
#1702=FACE_OUTER_BOUND('',#2067,.T.);
#1703=FACE_OUTER_BOUND('',#2068,.T.);
#1704=FACE_OUTER_BOUND('',#2069,.T.);
#1705=FACE_OUTER_BOUND('',#2070,.T.);
#1706=FACE_OUTER_BOUND('',#2071,.T.);
#1707=FACE_OUTER_BOUND('',#2072,.T.);
#1708=FACE_OUTER_BOUND('',#2073,.T.);
#1709=FACE_OUTER_BOUND('',#2074,.T.);
#1710=FACE_OUTER_BOUND('',#2075,.T.);
#1711=FACE_OUTER_BOUND('',#2076,.T.);
#1712=FACE_OUTER_BOUND('',#2077,.T.);
#1713=FACE_OUTER_BOUND('',#2078,.T.);
#1714=FACE_OUTER_BOUND('',#2079,.T.);
#1715=FACE_OUTER_BOUND('',#2080,.T.);
#1716=FACE_OUTER_BOUND('',#2081,.T.);
#1717=FACE_OUTER_BOUND('',#2082,.T.);
#1718=FACE_OUTER_BOUND('',#2083,.T.);
#1719=FACE_OUTER_BOUND('',#2084,.T.);
#1720=FACE_OUTER_BOUND('',#2085,.T.);
#1721=FACE_OUTER_BOUND('',#2086,.T.);
#1722=FACE_OUTER_BOUND('',#2087,.T.);
#1723=FACE_OUTER_BOUND('',#2088,.T.);
#1724=FACE_OUTER_BOUND('',#2089,.T.);
#1725=FACE_OUTER_BOUND('',#2090,.T.);
#1726=FACE_OUTER_BOUND('',#2091,.T.);
#1727=FACE_OUTER_BOUND('',#2092,.T.);
#1728=FACE_OUTER_BOUND('',#2093,.T.);
#1729=FACE_OUTER_BOUND('',#2094,.T.);
#1730=FACE_OUTER_BOUND('',#2095,.T.);
#1731=FACE_OUTER_BOUND('',#2096,.T.);
#1732=FACE_OUTER_BOUND('',#2097,.T.);
#1733=FACE_OUTER_BOUND('',#2098,.T.);
#1734=FACE_OUTER_BOUND('',#2099,.T.);
#1735=FACE_OUTER_BOUND('',#2100,.T.);
#1736=FACE_OUTER_BOUND('',#2101,.T.);
#1737=FACE_OUTER_BOUND('',#2102,.T.);
#1738=FACE_OUTER_BOUND('',#2103,.T.);
#1739=FACE_OUTER_BOUND('',#2104,.T.);
#1740=FACE_OUTER_BOUND('',#2105,.T.);
#1741=FACE_OUTER_BOUND('',#2106,.T.);
#1742=FACE_OUTER_BOUND('',#2107,.T.);
#1743=FACE_OUTER_BOUND('',#2108,.T.);
#1744=FACE_OUTER_BOUND('',#2109,.T.);
#1745=FACE_OUTER_BOUND('',#2110,.T.);
#1746=FACE_OUTER_BOUND('',#2111,.T.);
#1747=FACE_OUTER_BOUND('',#2112,.T.);
#1748=FACE_OUTER_BOUND('',#2113,.T.);
#1749=FACE_OUTER_BOUND('',#2114,.T.);
#1750=FACE_OUTER_BOUND('',#2115,.T.);
#1751=FACE_OUTER_BOUND('',#2116,.T.);
#1752=FACE_OUTER_BOUND('',#2117,.T.);
#1753=FACE_OUTER_BOUND('',#2118,.T.);
#1754=FACE_OUTER_BOUND('',#2119,.T.);
#1755=FACE_OUTER_BOUND('',#2120,.T.);
#1756=FACE_OUTER_BOUND('',#2121,.T.);
#1757=FACE_OUTER_BOUND('',#2122,.T.);
#1758=FACE_OUTER_BOUND('',#2123,.T.);
#1759=FACE_OUTER_BOUND('',#2124,.T.);
#1760=FACE_OUTER_BOUND('',#2125,.T.);
#1761=FACE_OUTER_BOUND('',#2126,.T.);
#1762=FACE_OUTER_BOUND('',#2127,.T.);
#1763=FACE_OUTER_BOUND('',#2128,.T.);
#1764=FACE_OUTER_BOUND('',#2129,.T.);
#1765=FACE_OUTER_BOUND('',#2130,.T.);
#1766=FACE_OUTER_BOUND('',#2131,.T.);
#1767=FACE_OUTER_BOUND('',#2132,.T.);
#1768=FACE_OUTER_BOUND('',#2133,.T.);
#1769=FACE_OUTER_BOUND('',#2134,.T.);
#1770=FACE_OUTER_BOUND('',#2135,.T.);
#1771=FACE_OUTER_BOUND('',#2136,.T.);
#1772=FACE_OUTER_BOUND('',#2137,.T.);
#1773=FACE_OUTER_BOUND('',#2138,.T.);
#1774=FACE_OUTER_BOUND('',#2139,.T.);
#1775=FACE_OUTER_BOUND('',#2140,.T.);
#1776=FACE_OUTER_BOUND('',#2141,.T.);
#1777=FACE_OUTER_BOUND('',#2142,.T.);
#1778=FACE_OUTER_BOUND('',#2143,.T.);
#1779=FACE_OUTER_BOUND('',#2144,.T.);
#1780=FACE_OUTER_BOUND('',#2145,.T.);
#1781=FACE_OUTER_BOUND('',#2146,.T.);
#1782=FACE_OUTER_BOUND('',#2147,.T.);
#1783=FACE_OUTER_BOUND('',#2148,.T.);
#1784=FACE_OUTER_BOUND('',#2149,.T.);
#1785=FACE_OUTER_BOUND('',#2150,.T.);
#1786=FACE_OUTER_BOUND('',#2151,.T.);
#1787=FACE_OUTER_BOUND('',#2152,.T.);
#1788=FACE_OUTER_BOUND('',#2153,.T.);
#1789=FACE_OUTER_BOUND('',#2154,.T.);
#1790=FACE_OUTER_BOUND('',#2155,.T.);
#1791=FACE_OUTER_BOUND('',#2156,.T.);
#1792=FACE_OUTER_BOUND('',#2157,.T.);
#1793=FACE_OUTER_BOUND('',#2158,.T.);
#1794=FACE_OUTER_BOUND('',#2159,.T.);
#1795=FACE_OUTER_BOUND('',#2160,.T.);
#1796=FACE_OUTER_BOUND('',#2161,.T.);
#1797=FACE_OUTER_BOUND('',#2162,.T.);
#1798=FACE_OUTER_BOUND('',#2163,.T.);
#1799=FACE_OUTER_BOUND('',#2164,.T.);
#1800=FACE_OUTER_BOUND('',#2165,.T.);
#1801=FACE_OUTER_BOUND('',#2166,.T.);
#1802=FACE_OUTER_BOUND('',#2167,.T.);
#1803=FACE_OUTER_BOUND('',#2168,.T.);
#1804=FACE_OUTER_BOUND('',#2169,.T.);
#1805=FACE_OUTER_BOUND('',#2170,.T.);
#1806=FACE_OUTER_BOUND('',#2171,.T.);
#1807=FACE_OUTER_BOUND('',#2172,.T.);
#1808=FACE_OUTER_BOUND('',#2173,.T.);
#1809=FACE_OUTER_BOUND('',#2174,.T.);
#1810=FACE_OUTER_BOUND('',#2175,.T.);
#1811=FACE_OUTER_BOUND('',#2176,.T.);
#1812=FACE_OUTER_BOUND('',#2177,.T.);
#1813=FACE_OUTER_BOUND('',#2178,.T.);
#1814=FACE_OUTER_BOUND('',#2179,.T.);
#1815=FACE_OUTER_BOUND('',#2180,.T.);
#1816=FACE_OUTER_BOUND('',#2181,.T.);
#1817=FACE_OUTER_BOUND('',#2182,.T.);
#1818=FACE_OUTER_BOUND('',#2183,.T.);
#1819=FACE_OUTER_BOUND('',#2184,.T.);
#1820=FACE_OUTER_BOUND('',#2185,.T.);
#1821=FACE_OUTER_BOUND('',#2186,.T.);
#1822=FACE_OUTER_BOUND('',#2187,.T.);
#1823=FACE_OUTER_BOUND('',#2188,.T.);
#1824=FACE_OUTER_BOUND('',#2189,.T.);
#1825=FACE_OUTER_BOUND('',#2190,.T.);
#1826=FACE_OUTER_BOUND('',#2191,.T.);
#1827=FACE_OUTER_BOUND('',#2192,.T.);
#1828=FACE_OUTER_BOUND('',#2193,.T.);
#1829=FACE_OUTER_BOUND('',#2194,.T.);
#1830=FACE_OUTER_BOUND('',#2195,.T.);
#1831=FACE_OUTER_BOUND('',#2196,.T.);
#1832=FACE_OUTER_BOUND('',#2197,.T.);
#1833=FACE_OUTER_BOUND('',#2198,.T.);
#1834=FACE_OUTER_BOUND('',#2199,.T.);
#1835=FACE_OUTER_BOUND('',#2200,.T.);
#1836=FACE_OUTER_BOUND('',#2201,.T.);
#1837=FACE_OUTER_BOUND('',#2202,.T.);
#1838=FACE_OUTER_BOUND('',#2203,.T.);
#1839=FACE_OUTER_BOUND('',#2204,.T.);
#1840=FACE_OUTER_BOUND('',#2205,.T.);
#1841=FACE_OUTER_BOUND('',#2206,.T.);
#1842=FACE_OUTER_BOUND('',#2207,.T.);
#1843=FACE_OUTER_BOUND('',#2208,.T.);
#1844=FACE_OUTER_BOUND('',#2209,.T.);
#1845=FACE_OUTER_BOUND('',#2210,.T.);
#1846=FACE_OUTER_BOUND('',#2211,.T.);
#1847=FACE_OUTER_BOUND('',#2212,.T.);
#1848=FACE_OUTER_BOUND('',#2213,.T.);
#1849=FACE_OUTER_BOUND('',#2214,.T.);
#1850=FACE_OUTER_BOUND('',#2215,.T.);
#1851=FACE_OUTER_BOUND('',#2216,.T.);
#1852=FACE_OUTER_BOUND('',#2217,.T.);
#1853=FACE_OUTER_BOUND('',#2218,.T.);
#1854=FACE_OUTER_BOUND('',#2219,.T.);
#1855=FACE_OUTER_BOUND('',#2220,.T.);
#1856=FACE_OUTER_BOUND('',#2221,.T.);
#1857=FACE_OUTER_BOUND('',#2222,.T.);
#1858=FACE_OUTER_BOUND('',#2223,.T.);
#1859=FACE_OUTER_BOUND('',#2224,.T.);
#1860=FACE_OUTER_BOUND('',#2225,.T.);
#1861=FACE_OUTER_BOUND('',#2226,.T.);
#1862=FACE_OUTER_BOUND('',#2227,.T.);
#1863=FACE_OUTER_BOUND('',#2228,.T.);
#1864=FACE_OUTER_BOUND('',#2229,.T.);
#1865=FACE_OUTER_BOUND('',#2230,.T.);
#1866=FACE_OUTER_BOUND('',#2231,.T.);
#1867=FACE_OUTER_BOUND('',#2232,.T.);
#1868=FACE_OUTER_BOUND('',#2233,.T.);
#1869=FACE_OUTER_BOUND('',#2234,.T.);
#1870=FACE_OUTER_BOUND('',#2235,.T.);
#1871=FACE_OUTER_BOUND('',#2236,.T.);
#1872=FACE_OUTER_BOUND('',#2237,.T.);
#1873=FACE_OUTER_BOUND('',#2238,.T.);
#1874=FACE_OUTER_BOUND('',#2239,.T.);
#1875=FACE_OUTER_BOUND('',#2240,.T.);
#1876=FACE_OUTER_BOUND('',#2241,.T.);
#1877=FACE_OUTER_BOUND('',#2242,.T.);
#1878=FACE_OUTER_BOUND('',#2243,.T.);
#1879=FACE_OUTER_BOUND('',#2244,.T.);
#1880=FACE_OUTER_BOUND('',#2245,.T.);
#1881=FACE_OUTER_BOUND('',#2246,.T.);
#1882=FACE_OUTER_BOUND('',#2247,.T.);
#1883=FACE_OUTER_BOUND('',#2248,.T.);
#1884=FACE_OUTER_BOUND('',#2249,.T.);
#1885=FACE_OUTER_BOUND('',#2250,.T.);
#1886=FACE_OUTER_BOUND('',#2251,.T.);
#1887=FACE_OUTER_BOUND('',#2252,.T.);
#1888=FACE_OUTER_BOUND('',#2253,.T.);
#1889=FACE_OUTER_BOUND('',#2254,.T.);
#1890=FACE_OUTER_BOUND('',#2255,.T.);
#1891=FACE_OUTER_BOUND('',#2256,.T.);
#1892=FACE_OUTER_BOUND('',#2257,.T.);
#1893=FACE_OUTER_BOUND('',#2258,.T.);
#1894=FACE_OUTER_BOUND('',#2259,.T.);
#1895=FACE_OUTER_BOUND('',#2260,.T.);
#1896=FACE_OUTER_BOUND('',#2261,.T.);
#1897=FACE_OUTER_BOUND('',#2262,.T.);
#1898=FACE_OUTER_BOUND('',#2263,.T.);
#1899=FACE_OUTER_BOUND('',#2264,.T.);
#1900=FACE_OUTER_BOUND('',#2265,.T.);
#1901=FACE_OUTER_BOUND('',#2266,.T.);
#1902=FACE_OUTER_BOUND('',#2267,.T.);
#1903=FACE_OUTER_BOUND('',#2268,.T.);
#1904=FACE_OUTER_BOUND('',#2269,.T.);
#1905=FACE_OUTER_BOUND('',#2270,.T.);
#1906=FACE_OUTER_BOUND('',#2271,.T.);
#1907=FACE_OUTER_BOUND('',#2272,.T.);
#1908=FACE_OUTER_BOUND('',#2273,.T.);
#1909=FACE_OUTER_BOUND('',#2274,.T.);
#1910=FACE_OUTER_BOUND('',#2275,.T.);
#1911=FACE_OUTER_BOUND('',#2276,.T.);
#1912=FACE_OUTER_BOUND('',#2277,.T.);
#1913=FACE_OUTER_BOUND('',#2278,.T.);
#1914=FACE_OUTER_BOUND('',#2279,.T.);
#1915=FACE_OUTER_BOUND('',#2280,.T.);
#1916=FACE_OUTER_BOUND('',#2281,.T.);
#1917=FACE_OUTER_BOUND('',#2282,.T.);
#1918=FACE_OUTER_BOUND('',#2283,.T.);
#1919=FACE_OUTER_BOUND('',#2284,.T.);
#1920=FACE_OUTER_BOUND('',#2285,.T.);
#1921=FACE_OUTER_BOUND('',#2286,.T.);
#1922=FACE_OUTER_BOUND('',#2287,.T.);
#1923=FACE_OUTER_BOUND('',#2288,.T.);
#1924=FACE_OUTER_BOUND('',#2289,.T.);
#1925=FACE_OUTER_BOUND('',#2290,.T.);
#1926=FACE_OUTER_BOUND('',#2291,.T.);
#1927=FACE_OUTER_BOUND('',#2292,.T.);
#1928=FACE_OUTER_BOUND('',#2293,.T.);
#1929=FACE_OUTER_BOUND('',#2294,.T.);
#1930=FACE_OUTER_BOUND('',#2295,.T.);
#1931=FACE_OUTER_BOUND('',#2296,.T.);
#1932=FACE_OUTER_BOUND('',#2297,.T.);
#1933=FACE_OUTER_BOUND('',#2298,.T.);
#1934=FACE_OUTER_BOUND('',#2299,.T.);
#1935=FACE_OUTER_BOUND('',#2300,.T.);
#1936=FACE_OUTER_BOUND('',#2301,.T.);
#1937=FACE_OUTER_BOUND('',#2302,.T.);
#1938=FACE_OUTER_BOUND('',#2303,.T.);
#1939=FACE_OUTER_BOUND('',#2304,.T.);
#1940=FACE_OUTER_BOUND('',#2305,.T.);
#1941=FACE_OUTER_BOUND('',#2306,.T.);
#1942=FACE_OUTER_BOUND('',#2307,.T.);
#1943=FACE_OUTER_BOUND('',#2308,.T.);
#1944=FACE_OUTER_BOUND('',#2310,.T.);
#1945=FACE_OUTER_BOUND('',#2311,.T.);
#1946=FACE_OUTER_BOUND('',#2312,.T.);
#1947=FACE_OUTER_BOUND('',#2313,.T.);
#1948=FACE_OUTER_BOUND('',#2315,.T.);
#1949=FACE_OUTER_BOUND('',#2316,.T.);
#1950=FACE_OUTER_BOUND('',#2318,.T.);
#1951=EDGE_LOOP('',(#4439,#4440,#4441));
#1952=EDGE_LOOP('',(#4442,#4443,#4444,#4445));
#1953=EDGE_LOOP('',(#4446,#4447,#4448,#4449));
#1954=EDGE_LOOP('',(#4450,#4451,#4452,#4453));
#1955=EDGE_LOOP('',(#4454,#4455,#4456,#4457));
#1956=EDGE_LOOP('',(#4458,#4459,#4460,#4461));
#1957=EDGE_LOOP('',(#4462,#4463,#4464,#4465));
#1958=EDGE_LOOP('',(#4466,#4467,#4468,#4469));
#1959=EDGE_LOOP('',(#4470));
#1960=EDGE_LOOP('',(#4471,#4472,#4473,#4474,#4475,#4476,#4477,#4478,#4479,
#4480,#4481,#4482,#4483,#4484,#4485,#4486,#4487,#4488,#4489,#4490,#4491,
#4492,#4493,#4494,#4495));
#1961=EDGE_LOOP('',(#4496,#4497,#4498,#4499));
#1962=EDGE_LOOP('',(#4500,#4501,#4502,#4503));
#1963=EDGE_LOOP('',(#4504,#4505,#4506));
#1964=EDGE_LOOP('',(#4507,#4508,#4509,#4510));
#1965=EDGE_LOOP('',(#4511,#4512,#4513,#4514));
#1966=EDGE_LOOP('',(#4515,#4516,#4517,#4518));
#1967=EDGE_LOOP('',(#4519,#4520,#4521,#4522));
#1968=EDGE_LOOP('',(#4523,#4524,#4525,#4526));
#1969=EDGE_LOOP('',(#4527,#4528,#4529,#4530));
#1970=EDGE_LOOP('',(#4531,#4532,#4533,#4534));
#1971=EDGE_LOOP('',(#4535,#4536,#4537,#4538));
#1972=EDGE_LOOP('',(#4539,#4540,#4541,#4542));
#1973=EDGE_LOOP('',(#4543,#4544,#4545));
#1974=EDGE_LOOP('',(#4546,#4547,#4548,#4549));
#1975=EDGE_LOOP('',(#4550,#4551,#4552,#4553));
#1976=EDGE_LOOP('',(#4554,#4555,#4556,#4557));
#1977=EDGE_LOOP('',(#4558,#4559,#4560,#4561));
#1978=EDGE_LOOP('',(#4562,#4563,#4564,#4565));
#1979=EDGE_LOOP('',(#4566,#4567,#4568,#4569));
#1980=EDGE_LOOP('',(#4570,#4571,#4572,#4573));
#1981=EDGE_LOOP('',(#4574,#4575,#4576,#4577));
#1982=EDGE_LOOP('',(#4578,#4579,#4580,#4581));
#1983=EDGE_LOOP('',(#4582,#4583,#4584));
#1984=EDGE_LOOP('',(#4585,#4586,#4587,#4588));
#1985=EDGE_LOOP('',(#4589,#4590,#4591,#4592));
#1986=EDGE_LOOP('',(#4593,#4594,#4595,#4596));
#1987=EDGE_LOOP('',(#4597,#4598,#4599,#4600));
#1988=EDGE_LOOP('',(#4601,#4602,#4603,#4604));
#1989=EDGE_LOOP('',(#4605,#4606,#4607,#4608));
#1990=EDGE_LOOP('',(#4609,#4610,#4611,#4612));
#1991=EDGE_LOOP('',(#4613,#4614,#4615,#4616));
#1992=EDGE_LOOP('',(#4617,#4618,#4619,#4620));
#1993=EDGE_LOOP('',(#4621,#4622,#4623,#4624));
#1994=EDGE_LOOP('',(#4625,#4626,#4627,#4628,#4629,#4630,#4631));
#1995=EDGE_LOOP('',(#4632,#4633,#4634,#4635,#4636));
#1996=EDGE_LOOP('',(#4637,#4638,#4639,#4640));
#1997=EDGE_LOOP('',(#4641,#4642,#4643,#4644,#4645,#4646,#4647));
#1998=EDGE_LOOP('',(#4648,#4649,#4650,#4651,#4652));
#1999=EDGE_LOOP('',(#4653,#4654,#4655,#4656));
#2000=EDGE_LOOP('',(#4657,#4658,#4659,#4660,#4661,#4662,#4663));
#2001=EDGE_LOOP('',(#4664,#4665,#4666,#4667,#4668));
#2002=EDGE_LOOP('',(#4669,#4670,#4671,#4672));
#2003=EDGE_LOOP('',(#4673,#4674,#4675,#4676,#4677,#4678,#4679));
#2004=EDGE_LOOP('',(#4680,#4681,#4682,#4683,#4684));
#2005=EDGE_LOOP('',(#4685,#4686,#4687,#4688));
#2006=EDGE_LOOP('',(#4689,#4690,#4691,#4692,#4693,#4694,#4695));
#2007=EDGE_LOOP('',(#4696,#4697,#4698,#4699,#4700));
#2008=EDGE_LOOP('',(#4701,#4702,#4703,#4704));
#2009=EDGE_LOOP('',(#4705,#4706,#4707,#4708,#4709,#4710,#4711));
#2010=EDGE_LOOP('',(#4712,#4713,#4714,#4715,#4716));
#2011=EDGE_LOOP('',(#4717,#4718,#4719,#4720));
#2012=EDGE_LOOP('',(#4721,#4722,#4723,#4724,#4725,#4726,#4727));
#2013=EDGE_LOOP('',(#4728,#4729,#4730,#4731,#4732));
#2014=EDGE_LOOP('',(#4733,#4734,#4735,#4736));
#2015=EDGE_LOOP('',(#4737,#4738,#4739,#4740,#4741,#4742,#4743));
#2016=EDGE_LOOP('',(#4744,#4745,#4746,#4747,#4748));
#2017=EDGE_LOOP('',(#4749,#4750,#4751,#4752));
#2018=EDGE_LOOP('',(#4753,#4754,#4755,#4756,#4757,#4758,#4759));
#2019=EDGE_LOOP('',(#4760,#4761,#4762,#4763,#4764));
#2020=EDGE_LOOP('',(#4765,#4766,#4767,#4768));
#2021=EDGE_LOOP('',(#4769,#4770,#4771,#4772,#4773,#4774,#4775));
#2022=EDGE_LOOP('',(#4776,#4777,#4778,#4779,#4780));
#2023=EDGE_LOOP('',(#4781,#4782,#4783,#4784));
#2024=EDGE_LOOP('',(#4785,#4786,#4787,#4788,#4789,#4790,#4791));
#2025=EDGE_LOOP('',(#4792,#4793,#4794,#4795,#4796));
#2026=EDGE_LOOP('',(#4797,#4798,#4799,#4800));
#2027=EDGE_LOOP('',(#4801,#4802,#4803,#4804,#4805,#4806,#4807));
#2028=EDGE_LOOP('',(#4808,#4809,#4810,#4811,#4812));
#2029=EDGE_LOOP('',(#4813,#4814,#4815,#4816));
#2030=EDGE_LOOP('',(#4817,#4818,#4819,#4820,#4821,#4822,#4823));
#2031=EDGE_LOOP('',(#4824,#4825,#4826,#4827,#4828));
#2032=EDGE_LOOP('',(#4829,#4830,#4831,#4832));
#2033=EDGE_LOOP('',(#4833,#4834,#4835,#4836,#4837,#4838,#4839));
#2034=EDGE_LOOP('',(#4840,#4841,#4842,#4843,#4844));
#2035=EDGE_LOOP('',(#4845,#4846,#4847,#4848));
#2036=EDGE_LOOP('',(#4849,#4850,#4851,#4852,#4853,#4854,#4855));
#2037=EDGE_LOOP('',(#4856,#4857,#4858,#4859,#4860));
#2038=EDGE_LOOP('',(#4861,#4862,#4863,#4864));
#2039=EDGE_LOOP('',(#4865,#4866,#4867,#4868,#4869,#4870,#4871));
#2040=EDGE_LOOP('',(#4872,#4873,#4874,#4875,#4876));
#2041=EDGE_LOOP('',(#4877,#4878,#4879,#4880));
#2042=EDGE_LOOP('',(#4881,#4882,#4883,#4884,#4885,#4886,#4887));
#2043=EDGE_LOOP('',(#4888,#4889,#4890,#4891,#4892));
#2044=EDGE_LOOP('',(#4893,#4894,#4895,#4896));
#2045=EDGE_LOOP('',(#4897,#4898,#4899,#4900,#4901,#4902,#4903));
#2046=EDGE_LOOP('',(#4904,#4905,#4906,#4907,#4908));
#2047=EDGE_LOOP('',(#4909,#4910,#4911,#4912));
#2048=EDGE_LOOP('',(#4913,#4914,#4915,#4916,#4917,#4918,#4919));
#2049=EDGE_LOOP('',(#4920,#4921,#4922,#4923,#4924));
#2050=EDGE_LOOP('',(#4925,#4926,#4927,#4928));
#2051=EDGE_LOOP('',(#4929,#4930,#4931,#4932,#4933,#4934,#4935));
#2052=EDGE_LOOP('',(#4936,#4937,#4938,#4939,#4940));
#2053=EDGE_LOOP('',(#4941,#4942,#4943,#4944));
#2054=EDGE_LOOP('',(#4945,#4946,#4947,#4948,#4949,#4950,#4951));
#2055=EDGE_LOOP('',(#4952,#4953,#4954,#4955,#4956));
#2056=EDGE_LOOP('',(#4957,#4958,#4959,#4960));
#2057=EDGE_LOOP('',(#4961,#4962,#4963,#4964,#4965,#4966,#4967));
#2058=EDGE_LOOP('',(#4968,#4969,#4970,#4971,#4972));
#2059=EDGE_LOOP('',(#4973,#4974,#4975,#4976));
#2060=EDGE_LOOP('',(#4977,#4978,#4979,#4980,#4981,#4982,#4983));
#2061=EDGE_LOOP('',(#4984,#4985,#4986,#4987,#4988));
#2062=EDGE_LOOP('',(#4989,#4990,#4991,#4992));
#2063=EDGE_LOOP('',(#4993,#4994,#4995,#4996,#4997,#4998,#4999));
#2064=EDGE_LOOP('',(#5000,#5001,#5002,#5003,#5004));
#2065=EDGE_LOOP('',(#5005,#5006,#5007,#5008));
#2066=EDGE_LOOP('',(#5009,#5010,#5011,#5012,#5013,#5014,#5015));
#2067=EDGE_LOOP('',(#5016,#5017,#5018,#5019,#5020));
#2068=EDGE_LOOP('',(#5021,#5022,#5023,#5024));
#2069=EDGE_LOOP('',(#5025,#5026,#5027,#5028,#5029,#5030,#5031));
#2070=EDGE_LOOP('',(#5032,#5033,#5034,#5035,#5036));
#2071=EDGE_LOOP('',(#5037,#5038,#5039,#5040));
#2072=EDGE_LOOP('',(#5041,#5042,#5043,#5044,#5045,#5046,#5047));
#2073=EDGE_LOOP('',(#5048,#5049,#5050,#5051,#5052));
#2074=EDGE_LOOP('',(#5053,#5054,#5055,#5056));
#2075=EDGE_LOOP('',(#5057,#5058,#5059,#5060,#5061,#5062,#5063));
#2076=EDGE_LOOP('',(#5064,#5065,#5066,#5067,#5068));
#2077=EDGE_LOOP('',(#5069,#5070,#5071,#5072));
#2078=EDGE_LOOP('',(#5073,#5074,#5075,#5076,#5077,#5078,#5079));
#2079=EDGE_LOOP('',(#5080,#5081,#5082,#5083,#5084));
#2080=EDGE_LOOP('',(#5085,#5086,#5087,#5088));
#2081=EDGE_LOOP('',(#5089,#5090,#5091,#5092,#5093,#5094,#5095));
#2082=EDGE_LOOP('',(#5096,#5097,#5098,#5099,#5100));
#2083=EDGE_LOOP('',(#5101,#5102,#5103,#5104));
#2084=EDGE_LOOP('',(#5105,#5106,#5107,#5108,#5109,#5110,#5111));
#2085=EDGE_LOOP('',(#5112,#5113,#5114,#5115,#5116));
#2086=EDGE_LOOP('',(#5117,#5118,#5119,#5120));
#2087=EDGE_LOOP('',(#5121,#5122,#5123,#5124,#5125,#5126,#5127));
#2088=EDGE_LOOP('',(#5128,#5129,#5130,#5131,#5132));
#2089=EDGE_LOOP('',(#5133,#5134,#5135,#5136));
#2090=EDGE_LOOP('',(#5137,#5138,#5139,#5140,#5141,#5142,#5143));
#2091=EDGE_LOOP('',(#5144,#5145,#5146,#5147,#5148));
#2092=EDGE_LOOP('',(#5149,#5150,#5151,#5152));
#2093=EDGE_LOOP('',(#5153,#5154,#5155,#5156,#5157,#5158,#5159));
#2094=EDGE_LOOP('',(#5160,#5161,#5162,#5163,#5164));
#2095=EDGE_LOOP('',(#5165,#5166,#5167,#5168));
#2096=EDGE_LOOP('',(#5169,#5170,#5171,#5172,#5173,#5174,#5175));
#2097=EDGE_LOOP('',(#5176,#5177,#5178,#5179,#5180));
#2098=EDGE_LOOP('',(#5181,#5182,#5183,#5184));
#2099=EDGE_LOOP('',(#5185,#5186,#5187,#5188,#5189,#5190,#5191));
#2100=EDGE_LOOP('',(#5192,#5193,#5194,#5195,#5196));
#2101=EDGE_LOOP('',(#5197,#5198,#5199,#5200));
#2102=EDGE_LOOP('',(#5201,#5202,#5203,#5204,#5205,#5206,#5207));
#2103=EDGE_LOOP('',(#5208,#5209,#5210,#5211,#5212));
#2104=EDGE_LOOP('',(#5213,#5214,#5215,#5216));
#2105=EDGE_LOOP('',(#5217,#5218,#5219,#5220,#5221,#5222,#5223));
#2106=EDGE_LOOP('',(#5224,#5225,#5226,#5227,#5228));
#2107=EDGE_LOOP('',(#5229,#5230,#5231,#5232));
#2108=EDGE_LOOP('',(#5233,#5234,#5235,#5236,#5237,#5238,#5239));
#2109=EDGE_LOOP('',(#5240,#5241,#5242,#5243,#5244));
#2110=EDGE_LOOP('',(#5245,#5246,#5247,#5248));
#2111=EDGE_LOOP('',(#5249,#5250,#5251,#5252,#5253,#5254,#5255));
#2112=EDGE_LOOP('',(#5256,#5257,#5258,#5259,#5260));
#2113=EDGE_LOOP('',(#5261,#5262,#5263,#5264));
#2114=EDGE_LOOP('',(#5265,#5266,#5267,#5268,#5269,#5270,#5271));
#2115=EDGE_LOOP('',(#5272,#5273,#5274,#5275,#5276));
#2116=EDGE_LOOP('',(#5277,#5278,#5279,#5280));
#2117=EDGE_LOOP('',(#5281,#5282,#5283,#5284,#5285,#5286,#5287));
#2118=EDGE_LOOP('',(#5288,#5289,#5290,#5291,#5292));
#2119=EDGE_LOOP('',(#5293,#5294,#5295,#5296,#5297,#5298,#5299));
#2120=EDGE_LOOP('',(#5300,#5301,#5302,#5303,#5304));
#2121=EDGE_LOOP('',(#5305,#5306,#5307,#5308));
#2122=EDGE_LOOP('',(#5309,#5310,#5311,#5312,#5313,#5314,#5315));
#2123=EDGE_LOOP('',(#5316,#5317,#5318,#5319,#5320,#5321,#5322));
#2124=EDGE_LOOP('',(#5323,#5324,#5325,#5326,#5327,#5328,#5329));
#2125=EDGE_LOOP('',(#5330,#5331,#5332,#5333,#5334,#5335,#5336));
#2126=EDGE_LOOP('',(#5337,#5338,#5339,#5340,#5341,#5342,#5343));
#2127=EDGE_LOOP('',(#5344,#5345,#5346,#5347,#5348,#5349,#5350));
#2128=EDGE_LOOP('',(#5351,#5352,#5353,#5354,#5355,#5356,#5357));
#2129=EDGE_LOOP('',(#5358,#5359,#5360,#5361,#5362,#5363,#5364));
#2130=EDGE_LOOP('',(#5365,#5366,#5367,#5368,#5369,#5370,#5371));
#2131=EDGE_LOOP('',(#5372,#5373,#5374,#5375,#5376,#5377,#5378));
#2132=EDGE_LOOP('',(#5379,#5380,#5381,#5382,#5383,#5384,#5385));
#2133=EDGE_LOOP('',(#5386,#5387,#5388,#5389,#5390,#5391,#5392));
#2134=EDGE_LOOP('',(#5393,#5394,#5395,#5396,#5397,#5398,#5399));
#2135=EDGE_LOOP('',(#5400,#5401,#5402,#5403,#5404,#5405,#5406));
#2136=EDGE_LOOP('',(#5407,#5408,#5409,#5410,#5411,#5412,#5413));
#2137=EDGE_LOOP('',(#5414,#5415,#5416,#5417,#5418,#5419,#5420));
#2138=EDGE_LOOP('',(#5421,#5422,#5423,#5424,#5425,#5426,#5427));
#2139=EDGE_LOOP('',(#5428,#5429,#5430,#5431,#5432,#5433,#5434));
#2140=EDGE_LOOP('',(#5435,#5436,#5437,#5438,#5439,#5440,#5441));
#2141=EDGE_LOOP('',(#5442,#5443,#5444,#5445,#5446,#5447,#5448));
#2142=EDGE_LOOP('',(#5449,#5450,#5451,#5452,#5453,#5454,#5455));
#2143=EDGE_LOOP('',(#5456,#5457,#5458,#5459,#5460,#5461,#5462));
#2144=EDGE_LOOP('',(#5463,#5464,#5465,#5466,#5467,#5468,#5469));
#2145=EDGE_LOOP('',(#5470,#5471,#5472,#5473,#5474,#5475,#5476));
#2146=EDGE_LOOP('',(#5477,#5478,#5479,#5480,#5481,#5482,#5483));
#2147=EDGE_LOOP('',(#5484,#5485,#5486,#5487,#5488,#5489,#5490));
#2148=EDGE_LOOP('',(#5491,#5492,#5493,#5494,#5495,#5496,#5497));
#2149=EDGE_LOOP('',(#5498,#5499,#5500,#5501,#5502,#5503,#5504));
#2150=EDGE_LOOP('',(#5505,#5506,#5507,#5508,#5509,#5510,#5511));
#2151=EDGE_LOOP('',(#5512,#5513,#5514,#5515,#5516,#5517,#5518));
#2152=EDGE_LOOP('',(#5519,#5520,#5521,#5522,#5523,#5524,#5525));
#2153=EDGE_LOOP('',(#5526,#5527,#5528,#5529,#5530,#5531,#5532));
#2154=EDGE_LOOP('',(#5533,#5534,#5535,#5536,#5537,#5538,#5539));
#2155=EDGE_LOOP('',(#5540,#5541,#5542,#5543,#5544,#5545,#5546));
#2156=EDGE_LOOP('',(#5547,#5548,#5549,#5550,#5551,#5552,#5553));
#2157=EDGE_LOOP('',(#5554,#5555,#5556,#5557,#5558,#5559,#5560));
#2158=EDGE_LOOP('',(#5561,#5562,#5563,#5564,#5565,#5566,#5567));
#2159=EDGE_LOOP('',(#5568,#5569,#5570,#5571,#5572,#5573,#5574));
#2160=EDGE_LOOP('',(#5575,#5576,#5577,#5578,#5579,#5580,#5581));
#2161=EDGE_LOOP('',(#5582,#5583,#5584,#5585,#5586,#5587,#5588));
#2162=EDGE_LOOP('',(#5589,#5590,#5591,#5592,#5593,#5594,#5595));
#2163=EDGE_LOOP('',(#5596,#5597,#5598,#5599,#5600,#5601,#5602));
#2164=EDGE_LOOP('',(#5603,#5604,#5605,#5606,#5607,#5608,#5609));
#2165=EDGE_LOOP('',(#5610,#5611,#5612,#5613,#5614,#5615,#5616));
#2166=EDGE_LOOP('',(#5617,#5618,#5619,#5620,#5621,#5622,#5623,#5624,#5625,
#5626,#5627,#5628,#5629,#5630,#5631,#5632,#5633,#5634,#5635,#5636,#5637,
#5638,#5639,#5640,#5641,#5642,#5643,#5644,#5645,#5646,#5647,#5648,#5649,
#5650,#5651,#5652,#5653,#5654,#5655,#5656,#5657,#5658,#5659,#5660,#5661,
#5662,#5663,#5664,#5665,#5666,#5667,#5668,#5669,#5670,#5671,#5672,#5673,
#5674,#5675,#5676,#5677,#5678,#5679,#5680,#5681,#5682,#5683,#5684,#5685,
#5686,#5687,#5688,#5689,#5690,#5691,#5692,#5693,#5694,#5695,#5696,#5697,
#5698,#5699,#5700,#5701,#5702,#5703,#5704,#5705,#5706,#5707,#5708,#5709,
#5710,#5711,#5712,#5713,#5714,#5715,#5716,#5717,#5718,#5719,#5720,#5721,
#5722,#5723,#5724,#5725,#5726,#5727,#5728,#5729,#5730,#5731,#5732,#5733,
#5734,#5735,#5736,#5737,#5738,#5739,#5740,#5741,#5742,#5743,#5744,#5745,
#5746,#5747,#5748,#5749,#5750,#5751,#5752,#5753,#5754,#5755,#5756,#5757,
#5758,#5759,#5760,#5761,#5762,#5763,#5764,#5765,#5766,#5767,#5768,#5769,
#5770,#5771,#5772,#5773,#5774,#5775,#5776,#5777,#5778,#5779,#5780,#5781,
#5782,#5783,#5784,#5785,#5786,#5787,#5788,#5789,#5790,#5791,#5792,#5793,
#5794,#5795,#5796));
#2167=EDGE_LOOP('',(#5797,#5798,#5799,#5800));
#2168=EDGE_LOOP('',(#5801,#5802,#5803,#5804));
#2169=EDGE_LOOP('',(#5805,#5806,#5807,#5808));
#2170=EDGE_LOOP('',(#5809,#5810,#5811,#5812));
#2171=EDGE_LOOP('',(#5813,#5814,#5815,#5816));
#2172=EDGE_LOOP('',(#5817,#5818,#5819,#5820));
#2173=EDGE_LOOP('',(#5821,#5822,#5823,#5824));
#2174=EDGE_LOOP('',(#5825,#5826,#5827,#5828));
#2175=EDGE_LOOP('',(#5829,#5830,#5831,#5832));
#2176=EDGE_LOOP('',(#5833,#5834,#5835,#5836));
#2177=EDGE_LOOP('',(#5837,#5838,#5839,#5840));
#2178=EDGE_LOOP('',(#5841,#5842,#5843,#5844));
#2179=EDGE_LOOP('',(#5845,#5846,#5847,#5848));
#2180=EDGE_LOOP('',(#5849,#5850,#5851,#5852));
#2181=EDGE_LOOP('',(#5853,#5854,#5855,#5856));
#2182=EDGE_LOOP('',(#5857,#5858,#5859,#5860));
#2183=EDGE_LOOP('',(#5861,#5862,#5863,#5864));
#2184=EDGE_LOOP('',(#5865,#5866,#5867,#5868));
#2185=EDGE_LOOP('',(#5869,#5870,#5871,#5872));
#2186=EDGE_LOOP('',(#5873,#5874,#5875,#5876));
#2187=EDGE_LOOP('',(#5877,#5878,#5879,#5880));
#2188=EDGE_LOOP('',(#5881,#5882,#5883,#5884));
#2189=EDGE_LOOP('',(#5885,#5886,#5887,#5888,#5889));
#2190=EDGE_LOOP('',(#5890,#5891,#5892,#5893));
#2191=EDGE_LOOP('',(#5894,#5895,#5896,#5897));
#2192=EDGE_LOOP('',(#5898,#5899,#5900,#5901));
#2193=EDGE_LOOP('',(#5902,#5903,#5904,#5905));
#2194=EDGE_LOOP('',(#5906,#5907,#5908,#5909));
#2195=EDGE_LOOP('',(#5910,#5911,#5912,#5913));
#2196=EDGE_LOOP('',(#5914,#5915,#5916,#5917));
#2197=EDGE_LOOP('',(#5918,#5919,#5920,#5921));
#2198=EDGE_LOOP('',(#5922,#5923,#5924,#5925));
#2199=EDGE_LOOP('',(#5926,#5927,#5928,#5929));
#2200=EDGE_LOOP('',(#5930,#5931,#5932,#5933));
#2201=EDGE_LOOP('',(#5934,#5935,#5936,#5937));
#2202=EDGE_LOOP('',(#5938,#5939,#5940,#5941));
#2203=EDGE_LOOP('',(#5942,#5943,#5944,#5945));
#2204=EDGE_LOOP('',(#5946,#5947,#5948,#5949));
#2205=EDGE_LOOP('',(#5950,#5951,#5952,#5953));
#2206=EDGE_LOOP('',(#5954,#5955,#5956,#5957));
#2207=EDGE_LOOP('',(#5958,#5959,#5960,#5961));
#2208=EDGE_LOOP('',(#5962,#5963,#5964,#5965));
#2209=EDGE_LOOP('',(#5966,#5967,#5968,#5969));
#2210=EDGE_LOOP('',(#5970,#5971,#5972,#5973));
#2211=EDGE_LOOP('',(#5974,#5975,#5976,#5977));
#2212=EDGE_LOOP('',(#5978,#5979,#5980,#5981));
#2213=EDGE_LOOP('',(#5982,#5983,#5984,#5985));
#2214=EDGE_LOOP('',(#5986,#5987,#5988,#5989));
#2215=EDGE_LOOP('',(#5990,#5991,#5992,#5993));
#2216=EDGE_LOOP('',(#5994,#5995,#5996,#5997));
#2217=EDGE_LOOP('',(#5998,#5999,#6000,#6001));
#2218=EDGE_LOOP('',(#6002,#6003,#6004,#6005));
#2219=EDGE_LOOP('',(#6006,#6007,#6008,#6009));
#2220=EDGE_LOOP('',(#6010,#6011,#6012,#6013));
#2221=EDGE_LOOP('',(#6014,#6015,#6016,#6017));
#2222=EDGE_LOOP('',(#6018,#6019,#6020,#6021));
#2223=EDGE_LOOP('',(#6022,#6023,#6024,#6025));
#2224=EDGE_LOOP('',(#6026,#6027,#6028,#6029));
#2225=EDGE_LOOP('',(#6030,#6031,#6032,#6033));
#2226=EDGE_LOOP('',(#6034,#6035,#6036,#6037));
#2227=EDGE_LOOP('',(#6038,#6039,#6040,#6041));
#2228=EDGE_LOOP('',(#6042,#6043,#6044,#6045));
#2229=EDGE_LOOP('',(#6046,#6047,#6048,#6049));
#2230=EDGE_LOOP('',(#6050,#6051,#6052,#6053));
#2231=EDGE_LOOP('',(#6054,#6055,#6056,#6057));
#2232=EDGE_LOOP('',(#6058,#6059,#6060,#6061));
#2233=EDGE_LOOP('',(#6062,#6063,#6064,#6065));
#2234=EDGE_LOOP('',(#6066,#6067,#6068,#6069));
#2235=EDGE_LOOP('',(#6070,#6071,#6072,#6073));
#2236=EDGE_LOOP('',(#6074,#6075,#6076,#6077));
#2237=EDGE_LOOP('',(#6078,#6079,#6080,#6081));
#2238=EDGE_LOOP('',(#6082,#6083,#6084,#6085));
#2239=EDGE_LOOP('',(#6086,#6087,#6088,#6089));
#2240=EDGE_LOOP('',(#6090,#6091,#6092,#6093));
#2241=EDGE_LOOP('',(#6094,#6095,#6096,#6097));
#2242=EDGE_LOOP('',(#6098,#6099,#6100,#6101));
#2243=EDGE_LOOP('',(#6102,#6103,#6104,#6105));
#2244=EDGE_LOOP('',(#6106,#6107,#6108,#6109));
#2245=EDGE_LOOP('',(#6110,#6111,#6112,#6113));
#2246=EDGE_LOOP('',(#6114,#6115,#6116,#6117));
#2247=EDGE_LOOP('',(#6118,#6119,#6120,#6121));
#2248=EDGE_LOOP('',(#6122,#6123,#6124,#6125));
#2249=EDGE_LOOP('',(#6126,#6127,#6128,#6129));
#2250=EDGE_LOOP('',(#6130,#6131,#6132,#6133));
#2251=EDGE_LOOP('',(#6134,#6135,#6136,#6137));
#2252=EDGE_LOOP('',(#6138,#6139,#6140,#6141));
#2253=EDGE_LOOP('',(#6142,#6143,#6144,#6145,#6146));
#2254=EDGE_LOOP('',(#6147,#6148,#6149,#6150,#6151));
#2255=EDGE_LOOP('',(#6152,#6153,#6154,#6155,#6156));
#2256=EDGE_LOOP('',(#6157,#6158,#6159,#6160,#6161));
#2257=EDGE_LOOP('',(#6162,#6163,#6164,#6165,#6166));
#2258=EDGE_LOOP('',(#6167,#6168,#6169,#6170,#6171));
#2259=EDGE_LOOP('',(#6172,#6173,#6174,#6175,#6176));
#2260=EDGE_LOOP('',(#6177,#6178,#6179,#6180,#6181));
#2261=EDGE_LOOP('',(#6182,#6183,#6184,#6185,#6186));
#2262=EDGE_LOOP('',(#6187,#6188,#6189,#6190,#6191));
#2263=EDGE_LOOP('',(#6192,#6193,#6194,#6195,#6196));
#2264=EDGE_LOOP('',(#6197,#6198,#6199,#6200,#6201));
#2265=EDGE_LOOP('',(#6202,#6203,#6204,#6205,#6206));
#2266=EDGE_LOOP('',(#6207,#6208,#6209,#6210,#6211));
#2267=EDGE_LOOP('',(#6212,#6213,#6214,#6215,#6216));
#2268=EDGE_LOOP('',(#6217,#6218,#6219,#6220,#6221));
#2269=EDGE_LOOP('',(#6222,#6223,#6224,#6225,#6226));
#2270=EDGE_LOOP('',(#6227,#6228,#6229,#6230,#6231));
#2271=EDGE_LOOP('',(#6232,#6233,#6234,#6235,#6236));
#2272=EDGE_LOOP('',(#6237,#6238,#6239,#6240,#6241));
#2273=EDGE_LOOP('',(#6242,#6243,#6244,#6245,#6246));
#2274=EDGE_LOOP('',(#6247,#6248,#6249,#6250,#6251));
#2275=EDGE_LOOP('',(#6252,#6253,#6254,#6255,#6256));
#2276=EDGE_LOOP('',(#6257,#6258,#6259,#6260,#6261));
#2277=EDGE_LOOP('',(#6262,#6263,#6264,#6265,#6266));
#2278=EDGE_LOOP('',(#6267,#6268,#6269,#6270,#6271));
#2279=EDGE_LOOP('',(#6272,#6273,#6274,#6275,#6276));
#2280=EDGE_LOOP('',(#6277,#6278,#6279,#6280,#6281));
#2281=EDGE_LOOP('',(#6282,#6283,#6284,#6285,#6286));
#2282=EDGE_LOOP('',(#6287,#6288,#6289,#6290,#6291));
#2283=EDGE_LOOP('',(#6292,#6293,#6294,#6295,#6296));
#2284=EDGE_LOOP('',(#6297,#6298,#6299,#6300,#6301));
#2285=EDGE_LOOP('',(#6302,#6303,#6304,#6305,#6306));
#2286=EDGE_LOOP('',(#6307,#6308,#6309,#6310,#6311));
#2287=EDGE_LOOP('',(#6312,#6313,#6314,#6315,#6316));
#2288=EDGE_LOOP('',(#6317,#6318,#6319,#6320,#6321));
#2289=EDGE_LOOP('',(#6322,#6323,#6324,#6325,#6326));
#2290=EDGE_LOOP('',(#6327,#6328,#6329,#6330,#6331));
#2291=EDGE_LOOP('',(#6332,#6333,#6334,#6335,#6336));
#2292=EDGE_LOOP('',(#6337,#6338,#6339,#6340,#6341));
#2293=EDGE_LOOP('',(#6342,#6343,#6344,#6345,#6346));
#2294=EDGE_LOOP('',(#6347,#6348,#6349,#6350,#6351));
#2295=EDGE_LOOP('',(#6352,#6353,#6354,#6355,#6356));
#2296=EDGE_LOOP('',(#6357,#6358,#6359,#6360,#6361,#6362,#6363,#6364,#6365,
#6366,#6367,#6368,#6369,#6370,#6371,#6372,#6373,#6374,#6375,#6376,#6377,
#6378,#6379,#6380,#6381,#6382,#6383,#6384));
#2297=EDGE_LOOP('',(#6385,#6386,#6387,#6388,#6389));
#2298=EDGE_LOOP('',(#6390,#6391,#6392,#6393));
#2299=EDGE_LOOP('',(#6394,#6395,#6396,#6397,#6398,#6399,#6400));
#2300=EDGE_LOOP('',(#6401,#6402,#6403,#6404,#6405));
#2301=EDGE_LOOP('',(#6406,#6407,#6408,#6409));
#2302=EDGE_LOOP('',(#6410,#6411,#6412,#6413));
#2303=EDGE_LOOP('',(#6414,#6415,#6416,#6417,#6418));
#2304=EDGE_LOOP('',(#6419,#6420,#6421,#6422,#6423));
#2305=EDGE_LOOP('',(#6424,#6425,#6426,#6427,#6428));
#2306=EDGE_LOOP('',(#6429,#6430,#6431,#6432,#6433));
#2307=EDGE_LOOP('',(#6434,#6435,#6436,#6437,#6438));
#2308=EDGE_LOOP('',(#6439));
#2309=EDGE_LOOP('',(#6440));
#2310=EDGE_LOOP('',(#6441,#6442,#6443,#6444,#6445));
#2311=EDGE_LOOP('',(#6446,#6447,#6448,#6449,#6450));
#2312=EDGE_LOOP('',(#6451,#6452,#6453,#6454,#6455,#6456));
#2313=EDGE_LOOP('',(#6457));
#2314=EDGE_LOOP('',(#6458));
#2315=EDGE_LOOP('',(#6459,#6460,#6461,#6462,#6463));
#2316=EDGE_LOOP('',(#6464));
#2317=EDGE_LOOP('',(#6465,#6466,#6467,#6468,#6469,#6470,#6471,#6472,#6473,
#6474,#6475,#6476,#6477,#6478,#6479,#6480,#6481,#6482,#6483,#6484,#6485,
#6486,#6487,#6488,#6489,#6490,#6491,#6492,#6493,#6494,#6495,#6496,#6497,
#6498,#6499,#6500,#6501,#6502,#6503,#6504,#6505,#6506,#6507,#6508,#6509,
#6510,#6511,#6512,#6513,#6514,#6515,#6516,#6517,#6518,#6519,#6520,#6521,
#6522,#6523,#6524,#6525,#6526,#6527,#6528,#6529,#6530,#6531,#6532,#6533,
#6534,#6535,#6536,#6537,#6538,#6539,#6540,#6541,#6542,#6543,#6544,#6545,
#6546,#6547,#6548,#6549,#6550,#6551,#6552,#6553,#6554,#6555,#6556,#6557,
#6558,#6559,#6560,#6561,#6562,#6563,#6564,#6565,#6566,#6567,#6568,#6569,
#6570,#6571,#6572,#6573,#6574,#6575,#6576,#6577,#6578,#6579,#6580,#6581,
#6582,#6583,#6584,#6585,#6586,#6587,#6588,#6589,#6590,#6591,#6592,#6593,
#6594,#6595,#6596,#6597,#6598,#6599,#6600,#6601,#6602,#6603,#6604,#6605,
#6606,#6607,#6608,#6609,#6610,#6611,#6612,#6613,#6614,#6615,#6616,#6617,
#6618,#6619,#6620,#6621,#6622,#6623,#6624,#6625,#6626,#6627,#6628,#6629,
#6630,#6631,#6632,#6633,#6634,#6635,#6636,#6637,#6638,#6639,#6640));
#2318=EDGE_LOOP('',(#6641));
#2319=EDGE_LOOP('',(#6642));
#2320=CIRCLE('',#7036,0.25);
#2321=CIRCLE('',#7037,0.25);
#2322=CIRCLE('',#7038,0.249999999999999);
#2323=CIRCLE('',#7040,0.249999999999998);
#2324=CIRCLE('',#7041,0.249999999999995);
#2325=CIRCLE('',#7044,8.00297063986242);
#2326=CIRCLE('',#7046,3.5);
#2327=CIRCLE('',#7047,8.00297063986242);
#2328=CIRCLE('',#7048,2.375);
#2329=CIRCLE('',#7049,2.375);
#2330=CIRCLE('',#7050,8.00297063986242);
#2331=CIRCLE('',#7051,8.00297063986242);
#2332=CIRCLE('',#7052,2.375);
#2333=CIRCLE('',#7053,8.00297063986242);
#2334=CIRCLE('',#7054,8.00297063986242);
#2335=CIRCLE('',#7055,2.375);
#2336=CIRCLE('',#7056,8.00297063986242);
#2337=CIRCLE('',#7057,8.00297063986242);
#2338=CIRCLE('',#7058,2.375);
#2339=CIRCLE('',#7062,0.25);
#2340=CIRCLE('',#7063,0.25);
#2341=CIRCLE('',#7064,0.249999999999999);
#2342=CIRCLE('',#7066,0.249999999999998);
#2343=CIRCLE('',#7067,0.249999999999999);
#2344=CIRCLE('',#7073,0.25);
#2345=CIRCLE('',#7074,0.25);
#2346=CIRCLE('',#7075,0.249999999999999);
#2347=CIRCLE('',#7077,0.249999999999998);
#2348=CIRCLE('',#7078,0.249999999999998);
#2349=CIRCLE('',#7084,0.25);
#2350=CIRCLE('',#7085,0.25);
#2351=CIRCLE('',#7086,0.249999999999999);
#2352=CIRCLE('',#7088,0.249999999999998);
#2353=CIRCLE('',#7089,0.249999999999999);
#2354=CIRCLE('',#7095,0.0686073308950219);
#2355=CIRCLE('',#7098,0.0516767151062701);
#2356=CIRCLE('',#7100,0.0686073308950219);
#2357=CIRCLE('',#7103,0.0516767151062701);
#2358=CIRCLE('',#7105,0.0686073308950219);
#2359=CIRCLE('',#7108,0.0516767151062701);
#2360=CIRCLE('',#7110,0.0686073308950219);
#2361=CIRCLE('',#7113,0.0516767151062701);
#2362=CIRCLE('',#7115,0.0686073308950219);
#2363=CIRCLE('',#7118,0.0516767151062701);
#2364=CIRCLE('',#7120,0.0686073308950219);
#2365=CIRCLE('',#7123,0.0516767151062701);
#2366=CIRCLE('',#7125,0.0686073308950219);
#2367=CIRCLE('',#7128,0.0516767151062701);
#2368=CIRCLE('',#7130,0.0686073308950219);
#2369=CIRCLE('',#7133,0.0516767151062701);
#2370=CIRCLE('',#7135,0.0686073308950219);
#2371=CIRCLE('',#7138,0.0516767151062701);
#2372=CIRCLE('',#7140,0.0686073308950219);
#2373=CIRCLE('',#7143,0.0516767151062701);
#2374=CIRCLE('',#7145,0.0686073308950219);
#2375=CIRCLE('',#7148,0.0516767151062701);
#2376=CIRCLE('',#7150,0.0686073308950219);
#2377=CIRCLE('',#7153,0.0516767151062701);
#2378=CIRCLE('',#7155,0.0686073308950219);
#2379=CIRCLE('',#7158,0.0516767151062701);
#2380=CIRCLE('',#7160,0.0686073308950219);
#2381=CIRCLE('',#7163,0.0516767151062701);
#2382=CIRCLE('',#7165,0.0686073308950219);
#2383=CIRCLE('',#7168,0.0516767151062701);
#2384=CIRCLE('',#7170,0.0686073308950219);
#2385=CIRCLE('',#7173,0.0516767151062701);
#2386=CIRCLE('',#7175,0.0686073308950219);
#2387=CIRCLE('',#7178,0.0516767151062701);
#2388=CIRCLE('',#7180,0.0686073308950219);
#2389=CIRCLE('',#7183,0.0516767151062701);
#2390=CIRCLE('',#7185,0.0686073308950219);
#2391=CIRCLE('',#7188,0.0516767151062701);
#2392=CIRCLE('',#7190,0.0686073308950219);
#2393=CIRCLE('',#7193,0.0516767151062701);
#2394=CIRCLE('',#7195,0.0686073308950219);
#2395=CIRCLE('',#7198,0.0516767151062701);
#2396=CIRCLE('',#7200,0.0686073308950219);
#2397=CIRCLE('',#7203,0.0516767151062701);
#2398=CIRCLE('',#7205,0.0686073308950219);
#2399=CIRCLE('',#7208,0.0516767151062701);
#2400=CIRCLE('',#7210,0.0686073308950219);
#2401=CIRCLE('',#7213,0.0516767151062701);
#2402=CIRCLE('',#7215,0.0686073308950219);
#2403=CIRCLE('',#7218,0.0516767151062701);
#2404=CIRCLE('',#7220,0.0686073308950219);
#2405=CIRCLE('',#7223,0.0516767151062701);
#2406=CIRCLE('',#7225,0.0686073308950219);
#2407=CIRCLE('',#7228,0.0516767151062701);
#2408=CIRCLE('',#7230,0.0686073308950219);
#2409=CIRCLE('',#7233,0.0516767151062701);
#2410=CIRCLE('',#7235,0.0686073308950219);
#2411=CIRCLE('',#7238,0.0516767151062701);
#2412=CIRCLE('',#7240,0.0686073308950219);
#2413=CIRCLE('',#7243,0.0516767151062701);
#2414=CIRCLE('',#7245,0.0686073308950219);
#2415=CIRCLE('',#7248,0.0516767151062701);
#2416=CIRCLE('',#7250,0.0686073308950219);
#2417=CIRCLE('',#7253,0.0516767151062701);
#2418=CIRCLE('',#7255,0.0686073308950219);
#2419=CIRCLE('',#7258,0.0516767151062701);
#2420=CIRCLE('',#7260,0.0686073308950219);
#2421=CIRCLE('',#7263,0.0516767151062701);
#2422=CIRCLE('',#7265,0.0686073308950219);
#2423=CIRCLE('',#7268,0.0516767151062701);
#2424=CIRCLE('',#7270,0.0686073308950219);
#2425=CIRCLE('',#7273,0.0516767151062701);
#2426=CIRCLE('',#7275,0.0686073308950219);
#2427=CIRCLE('',#7278,0.0516767151062701);
#2428=CIRCLE('',#7280,0.0686073308950219);
#2429=CIRCLE('',#7283,0.0516767151062701);
#2430=CIRCLE('',#7285,0.0686073308950219);
#2431=CIRCLE('',#7288,0.0516767151062701);
#2432=CIRCLE('',#7290,0.0686073308950219);
#2433=CIRCLE('',#7293,0.0516767151062701);
#2434=CIRCLE('',#7295,0.0686073308950219);
#2435=CIRCLE('',#7298,0.0516767151062701);
#2436=CIRCLE('',#7300,0.0686073308950219);
#2437=CIRCLE('',#7303,0.0516767151062701);
#2438=CIRCLE('',#7306,0.0516767151062701);
#2439=CIRCLE('',#7308,0.0686073308950219);
#2440=CIRCLE('',#7354,6.01782730883382);
#2441=CIRCLE('',#7355,6.01782730883382);
#2442=CIRCLE('',#7356,6.01782730883382);
#2443=CIRCLE('',#7357,6.01782730883382);
#2444=CIRCLE('',#7358,6.01782730883382);
#2445=CIRCLE('',#7359,6.01782730883382);
#2446=CIRCLE('',#7360,6.01782730883382);
#2447=CIRCLE('',#7361,6.01782730883382);
#2448=CIRCLE('',#7362,6.01782730883382);
#2449=CIRCLE('',#7363,6.01782730883382);
#2450=CIRCLE('',#7364,6.01782730883382);
#2451=CIRCLE('',#7365,6.01782730883382);
#2452=CIRCLE('',#7366,6.01782730883382);
#2453=CIRCLE('',#7367,6.01782730883382);
#2454=CIRCLE('',#7368,6.01782730883382);
#2455=CIRCLE('',#7369,6.01782730883382);
#2456=CIRCLE('',#7370,6.01782730883382);
#2457=CIRCLE('',#7371,6.01782730883382);
#2458=CIRCLE('',#7372,6.01782730883382);
#2459=CIRCLE('',#7373,6.01782730883382);
#2460=CIRCLE('',#7374,6.01782730883382);
#2461=CIRCLE('',#7375,5.325);
#2462=CIRCLE('',#7376,6.01782730883382);
#2463=CIRCLE('',#7377,6.01782730883382);
#2464=CIRCLE('',#7378,6.01782730883382);
#2465=CIRCLE('',#7379,6.01782730883382);
#2466=CIRCLE('',#7380,6.01782730883382);
#2467=CIRCLE('',#7381,6.01782730883382);
#2468=CIRCLE('',#7382,6.01782730883382);
#2469=CIRCLE('',#7383,6.01782730883382);
#2470=CIRCLE('',#7384,6.01782730883382);
#2471=CIRCLE('',#7385,6.01782730883382);
#2472=CIRCLE('',#7386,6.01782730883382);
#2473=CIRCLE('',#7387,6.01782730883382);
#2474=CIRCLE('',#7388,6.01782730883382);
#2475=CIRCLE('',#7389,6.01782730883382);
#2476=CIRCLE('',#7390,6.01782730883382);
#2477=CIRCLE('',#7391,6.01782730883382);
#2478=CIRCLE('',#7392,6.01782730883382);
#2479=CIRCLE('',#7393,6.01782730883382);
#2480=CIRCLE('',#7394,6.01782730883382);
#2481=CIRCLE('',#7395,6.01782730883382);
#2482=CIRCLE('',#7396,6.01782730883382);
#2483=CIRCLE('',#7397,6.01782730883382);
#2484=CIRCLE('',#7398,6.01782730883382);
#2485=CIRCLE('',#7399,6.01782730883382);
#2486=CIRCLE('',#7401,6.1);
#2487=CIRCLE('',#7403,6.1);
#2488=CIRCLE('',#7405,6.1);
#2489=CIRCLE('',#7407,6.1);
#2490=CIRCLE('',#7409,6.1);
#2491=CIRCLE('',#7411,6.1);
#2492=CIRCLE('',#7413,6.1);
#2493=CIRCLE('',#7415,6.1);
#2494=CIRCLE('',#7417,6.1);
#2495=CIRCLE('',#7419,6.1);
#2496=CIRCLE('',#7421,6.1);
#2497=CIRCLE('',#7423,6.1);
#2498=CIRCLE('',#7425,6.1);
#2499=CIRCLE('',#7427,6.1);
#2500=CIRCLE('',#7429,6.1);
#2501=CIRCLE('',#7431,6.1);
#2502=CIRCLE('',#7433,6.1);
#2503=CIRCLE('',#7435,6.1);
#2504=CIRCLE('',#7437,6.1);
#2505=CIRCLE('',#7439,6.1);
#2506=CIRCLE('',#7441,6.1);
#2507=CIRCLE('',#7443,6.1);
#2508=CIRCLE('',#7445,6.1);
#2509=CIRCLE('',#7447,6.1);
#2510=CIRCLE('',#7449,6.1);
#2511=CIRCLE('',#7451,6.1);
#2512=CIRCLE('',#7453,6.1);
#2513=CIRCLE('',#7455,6.1);
#2514=CIRCLE('',#7457,6.1);
#2515=CIRCLE('',#7459,6.1);
#2516=CIRCLE('',#7461,6.1);
#2517=CIRCLE('',#7463,6.1);
#2518=CIRCLE('',#7465,6.1);
#2519=CIRCLE('',#7467,6.1);
#2520=CIRCLE('',#7469,6.1);
#2521=CIRCLE('',#7471,6.1);
#2522=CIRCLE('',#7473,6.1);
#2523=CIRCLE('',#7475,6.1);
#2524=CIRCLE('',#7477,6.1);
#2525=CIRCLE('',#7479,6.1);
#2526=CIRCLE('',#7481,6.1);
#2527=CIRCLE('',#7483,6.1);
#2528=CIRCLE('',#7485,6.1);
#2529=CIRCLE('',#7487,6.15);
#2530=CIRCLE('',#7489,6.15);
#2531=CIRCLE('',#7491,6.15);
#2532=CIRCLE('',#7493,6.15);
#2533=CIRCLE('',#7495,6.15);
#2534=CIRCLE('',#7497,6.15);
#2535=CIRCLE('',#7499,6.15);
#2536=CIRCLE('',#7501,6.15);
#2537=CIRCLE('',#7503,6.15);
#2538=CIRCLE('',#7505,6.15);
#2539=CIRCLE('',#7507,6.15);
#2540=CIRCLE('',#7509,6.15);
#2541=CIRCLE('',#7511,6.15);
#2542=CIRCLE('',#7513,6.15);
#2543=CIRCLE('',#7515,6.15);
#2544=CIRCLE('',#7517,6.15);
#2545=CIRCLE('',#7519,6.15);
#2546=CIRCLE('',#7521,6.15);
#2547=CIRCLE('',#7523,6.15);
#2548=CIRCLE('',#7525,6.15);
#2549=CIRCLE('',#7527,6.15);
#2550=CIRCLE('',#7529,6.15);
#2551=CIRCLE('',#7531,6.15);
#2552=CIRCLE('',#7533,6.15);
#2553=CIRCLE('',#7535,6.15);
#2554=CIRCLE('',#7537,6.15);
#2555=CIRCLE('',#7539,6.15);
#2556=CIRCLE('',#7541,6.15);
#2557=CIRCLE('',#7543,6.15);
#2558=CIRCLE('',#7545,6.15);
#2559=CIRCLE('',#7547,6.15);
#2560=CIRCLE('',#7549,6.15);
#2561=CIRCLE('',#7551,6.15);
#2562=CIRCLE('',#7553,6.15);
#2563=CIRCLE('',#7555,6.15);
#2564=CIRCLE('',#7557,6.15);
#2565=CIRCLE('',#7559,6.15);
#2566=CIRCLE('',#7561,6.15);
#2567=CIRCLE('',#7563,6.15);
#2568=CIRCLE('',#7565,6.15);
#2569=CIRCLE('',#7567,6.15);
#2570=CIRCLE('',#7569,6.15);
#2571=CIRCLE('',#7571,6.15);
#2572=CIRCLE('',#7616,2.375);
#2573=CIRCLE('',#7617,2.375);
#2574=CIRCLE('',#7618,2.375);
#2575=CIRCLE('',#7619,2.375);
#2576=CIRCLE('',#7620,2.375);
#2577=CIRCLE('',#7622,6.15);
#2578=CIRCLE('',#7624,6.1);
#2579=CIRCLE('',#7627,0.0516767151062701);
#2580=CIRCLE('',#7630,0.0686073308950219);
#2581=CIRCLE('',#7636,6.85);
#2582=CIRCLE('',#7637,0.1);
#2583=CIRCLE('',#7638,6.95);
#2584=CIRCLE('',#7639,6.95);
#2585=CIRCLE('',#7641,5.5);
#2586=CIRCLE('',#7643,6.95);
#2587=CIRCLE('',#7645,4.4);
#2588=CIRCLE('',#7646,0.1);
#2589=CIRCLE('',#7647,4.5);
#2590=CIRCLE('',#7648,4.5);
#2591=CIRCLE('',#7650,4.5);
#2592=CIRCLE('',#7651,4.5);
#2593=CIRCLE('',#7654,1.);
#2594=VERTEX_POINT('',#9285);
#2595=VERTEX_POINT('',#9286);
#2596=VERTEX_POINT('',#9288);
#2597=VERTEX_POINT('',#9292);
#2598=VERTEX_POINT('',#9293);
#2599=VERTEX_POINT('',#9334);
#2600=VERTEX_POINT('',#9335);
#2601=VERTEX_POINT('',#9346);
#2602=VERTEX_POINT('',#9351);
#2603=VERTEX_POINT('',#9406);
#2604=VERTEX_POINT('',#9411);
#2605=VERTEX_POINT('',#9442);
#2606=VERTEX_POINT('',#9443);
#2607=VERTEX_POINT('',#9464);
#2608=VERTEX_POINT('',#9466);
#2609=VERTEX_POINT('',#9482);
#2610=VERTEX_POINT('',#9484);
#2611=VERTEX_POINT('',#9486);
#2612=VERTEX_POINT('',#9498);
#2613=VERTEX_POINT('',#9500);
#2614=VERTEX_POINT('',#9502);
#2615=VERTEX_POINT('',#9514);
#2616=VERTEX_POINT('',#9516);
#2617=VERTEX_POINT('',#9530);
#2618=VERTEX_POINT('',#9532);
#2619=VERTEX_POINT('',#9544);
#2620=VERTEX_POINT('',#9546);
#2621=VERTEX_POINT('',#9558);
#2622=VERTEX_POINT('',#9560);
#2623=VERTEX_POINT('',#9574);
#2624=VERTEX_POINT('',#9576);
#2625=VERTEX_POINT('',#9588);
#2626=VERTEX_POINT('',#9590);
#2627=VERTEX_POINT('',#9602);
#2628=VERTEX_POINT('',#9604);
#2629=VERTEX_POINT('',#9618);
#2630=VERTEX_POINT('',#9620);
#2631=VERTEX_POINT('',#9638);
#2632=VERTEX_POINT('',#9639);
#2633=VERTEX_POINT('',#9641);
#2634=VERTEX_POINT('',#9672);
#2635=VERTEX_POINT('',#9673);
#2636=VERTEX_POINT('',#9684);
#2637=VERTEX_POINT('',#9689);
#2638=VERTEX_POINT('',#9744);
#2639=VERTEX_POINT('',#9749);
#2640=VERTEX_POINT('',#9780);
#2641=VERTEX_POINT('',#9781);
#2642=VERTEX_POINT('',#9810);
#2643=VERTEX_POINT('',#9811);
#2644=VERTEX_POINT('',#9813);
#2645=VERTEX_POINT('',#9844);
#2646=VERTEX_POINT('',#9845);
#2647=VERTEX_POINT('',#9856);
#2648=VERTEX_POINT('',#9861);
#2649=VERTEX_POINT('',#9916);
#2650=VERTEX_POINT('',#9921);
#2651=VERTEX_POINT('',#9952);
#2652=VERTEX_POINT('',#9953);
#2653=VERTEX_POINT('',#9982);
#2654=VERTEX_POINT('',#9983);
#2655=VERTEX_POINT('',#9985);
#2656=VERTEX_POINT('',#10016);
#2657=VERTEX_POINT('',#10017);
#2658=VERTEX_POINT('',#10028);
#2659=VERTEX_POINT('',#10033);
#2660=VERTEX_POINT('',#10088);
#2661=VERTEX_POINT('',#10093);
#2662=VERTEX_POINT('',#10124);
#2663=VERTEX_POINT('',#10125);
#2664=VERTEX_POINT('',#10154);
#2665=VERTEX_POINT('',#10155);
#2666=VERTEX_POINT('',#10170);
#2667=VERTEX_POINT('',#10172);
#2668=VERTEX_POINT('',#10176);
#2669=VERTEX_POINT('',#10180);
#2670=VERTEX_POINT('',#10182);
#2671=VERTEX_POINT('',#10184);
#2672=VERTEX_POINT('',#10189);
#2673=VERTEX_POINT('',#10200);
#2674=VERTEX_POINT('',#10201);
#2675=VERTEX_POINT('',#10214);
#2676=VERTEX_POINT('',#10216);
#2677=VERTEX_POINT('',#10218);
#2678=VERTEX_POINT('',#10233);
#2679=VERTEX_POINT('',#10234);
#2680=VERTEX_POINT('',#10249);
#2681=VERTEX_POINT('',#10251);
#2682=VERTEX_POINT('',#10255);
#2683=VERTEX_POINT('',#10259);
#2684=VERTEX_POINT('',#10261);
#2685=VERTEX_POINT('',#10263);
#2686=VERTEX_POINT('',#10268);
#2687=VERTEX_POINT('',#10279);
#2688=VERTEX_POINT('',#10292);
#2689=VERTEX_POINT('',#10294);
#2690=VERTEX_POINT('',#10309);
#2691=VERTEX_POINT('',#10310);
#2692=VERTEX_POINT('',#10325);
#2693=VERTEX_POINT('',#10327);
#2694=VERTEX_POINT('',#10331);
#2695=VERTEX_POINT('',#10335);
#2696=VERTEX_POINT('',#10337);
#2697=VERTEX_POINT('',#10339);
#2698=VERTEX_POINT('',#10344);
#2699=VERTEX_POINT('',#10355);
#2700=VERTEX_POINT('',#10368);
#2701=VERTEX_POINT('',#10370);
#2702=VERTEX_POINT('',#10385);
#2703=VERTEX_POINT('',#10386);
#2704=VERTEX_POINT('',#10401);
#2705=VERTEX_POINT('',#10403);
#2706=VERTEX_POINT('',#10407);
#2707=VERTEX_POINT('',#10411);
#2708=VERTEX_POINT('',#10413);
#2709=VERTEX_POINT('',#10415);
#2710=VERTEX_POINT('',#10420);
#2711=VERTEX_POINT('',#10431);
#2712=VERTEX_POINT('',#10444);
#2713=VERTEX_POINT('',#10446);
#2714=VERTEX_POINT('',#10461);
#2715=VERTEX_POINT('',#10462);
#2716=VERTEX_POINT('',#10477);
#2717=VERTEX_POINT('',#10479);
#2718=VERTEX_POINT('',#10483);
#2719=VERTEX_POINT('',#10487);
#2720=VERTEX_POINT('',#10489);
#2721=VERTEX_POINT('',#10491);
#2722=VERTEX_POINT('',#10496);
#2723=VERTEX_POINT('',#10507);
#2724=VERTEX_POINT('',#10520);
#2725=VERTEX_POINT('',#10522);
#2726=VERTEX_POINT('',#10537);
#2727=VERTEX_POINT('',#10538);
#2728=VERTEX_POINT('',#10553);
#2729=VERTEX_POINT('',#10555);
#2730=VERTEX_POINT('',#10559);
#2731=VERTEX_POINT('',#10563);
#2732=VERTEX_POINT('',#10565);
#2733=VERTEX_POINT('',#10567);
#2734=VERTEX_POINT('',#10572);
#2735=VERTEX_POINT('',#10583);
#2736=VERTEX_POINT('',#10596);
#2737=VERTEX_POINT('',#10598);
#2738=VERTEX_POINT('',#10613);
#2739=VERTEX_POINT('',#10614);
#2740=VERTEX_POINT('',#10629);
#2741=VERTEX_POINT('',#10631);
#2742=VERTEX_POINT('',#10635);
#2743=VERTEX_POINT('',#10639);
#2744=VERTEX_POINT('',#10641);
#2745=VERTEX_POINT('',#10643);
#2746=VERTEX_POINT('',#10648);
#2747=VERTEX_POINT('',#10659);
#2748=VERTEX_POINT('',#10672);
#2749=VERTEX_POINT('',#10674);
#2750=VERTEX_POINT('',#10689);
#2751=VERTEX_POINT('',#10690);
#2752=VERTEX_POINT('',#10705);
#2753=VERTEX_POINT('',#10707);
#2754=VERTEX_POINT('',#10711);
#2755=VERTEX_POINT('',#10715);
#2756=VERTEX_POINT('',#10717);
#2757=VERTEX_POINT('',#10719);
#2758=VERTEX_POINT('',#10724);
#2759=VERTEX_POINT('',#10735);
#2760=VERTEX_POINT('',#10748);
#2761=VERTEX_POINT('',#10750);
#2762=VERTEX_POINT('',#10765);
#2763=VERTEX_POINT('',#10766);
#2764=VERTEX_POINT('',#10781);
#2765=VERTEX_POINT('',#10783);
#2766=VERTEX_POINT('',#10787);
#2767=VERTEX_POINT('',#10791);
#2768=VERTEX_POINT('',#10793);
#2769=VERTEX_POINT('',#10795);
#2770=VERTEX_POINT('',#10800);
#2771=VERTEX_POINT('',#10811);
#2772=VERTEX_POINT('',#10824);
#2773=VERTEX_POINT('',#10826);
#2774=VERTEX_POINT('',#10841);
#2775=VERTEX_POINT('',#10842);
#2776=VERTEX_POINT('',#10857);
#2777=VERTEX_POINT('',#10859);
#2778=VERTEX_POINT('',#10863);
#2779=VERTEX_POINT('',#10867);
#2780=VERTEX_POINT('',#10869);
#2781=VERTEX_POINT('',#10871);
#2782=VERTEX_POINT('',#10876);
#2783=VERTEX_POINT('',#10887);
#2784=VERTEX_POINT('',#10900);
#2785=VERTEX_POINT('',#10902);
#2786=VERTEX_POINT('',#10919);
#2787=VERTEX_POINT('',#10920);
#2788=VERTEX_POINT('',#10935);
#2789=VERTEX_POINT('',#10937);
#2790=VERTEX_POINT('',#10941);
#2791=VERTEX_POINT('',#10945);
#2792=VERTEX_POINT('',#10947);
#2793=VERTEX_POINT('',#10949);
#2794=VERTEX_POINT('',#10954);
#2795=VERTEX_POINT('',#10965);
#2796=VERTEX_POINT('',#10978);
#2797=VERTEX_POINT('',#10980);
#2798=VERTEX_POINT('',#10995);
#2799=VERTEX_POINT('',#10996);
#2800=VERTEX_POINT('',#11011);
#2801=VERTEX_POINT('',#11013);
#2802=VERTEX_POINT('',#11017);
#2803=VERTEX_POINT('',#11021);
#2804=VERTEX_POINT('',#11023);
#2805=VERTEX_POINT('',#11025);
#2806=VERTEX_POINT('',#11030);
#2807=VERTEX_POINT('',#11041);
#2808=VERTEX_POINT('',#11054);
#2809=VERTEX_POINT('',#11056);
#2810=VERTEX_POINT('',#11071);
#2811=VERTEX_POINT('',#11072);
#2812=VERTEX_POINT('',#11087);
#2813=VERTEX_POINT('',#11089);
#2814=VERTEX_POINT('',#11093);
#2815=VERTEX_POINT('',#11097);
#2816=VERTEX_POINT('',#11099);
#2817=VERTEX_POINT('',#11101);
#2818=VERTEX_POINT('',#11106);
#2819=VERTEX_POINT('',#11117);
#2820=VERTEX_POINT('',#11130);
#2821=VERTEX_POINT('',#11132);
#2822=VERTEX_POINT('',#11147);
#2823=VERTEX_POINT('',#11148);
#2824=VERTEX_POINT('',#11163);
#2825=VERTEX_POINT('',#11165);
#2826=VERTEX_POINT('',#11169);
#2827=VERTEX_POINT('',#11173);
#2828=VERTEX_POINT('',#11175);
#2829=VERTEX_POINT('',#11177);
#2830=VERTEX_POINT('',#11182);
#2831=VERTEX_POINT('',#11193);
#2832=VERTEX_POINT('',#11206);
#2833=VERTEX_POINT('',#11208);
#2834=VERTEX_POINT('',#11223);
#2835=VERTEX_POINT('',#11224);
#2836=VERTEX_POINT('',#11239);
#2837=VERTEX_POINT('',#11241);
#2838=VERTEX_POINT('',#11245);
#2839=VERTEX_POINT('',#11249);
#2840=VERTEX_POINT('',#11251);
#2841=VERTEX_POINT('',#11253);
#2842=VERTEX_POINT('',#11258);
#2843=VERTEX_POINT('',#11269);
#2844=VERTEX_POINT('',#11282);
#2845=VERTEX_POINT('',#11284);
#2846=VERTEX_POINT('',#11299);
#2847=VERTEX_POINT('',#11300);
#2848=VERTEX_POINT('',#11315);
#2849=VERTEX_POINT('',#11317);
#2850=VERTEX_POINT('',#11321);
#2851=VERTEX_POINT('',#11325);
#2852=VERTEX_POINT('',#11327);
#2853=VERTEX_POINT('',#11329);
#2854=VERTEX_POINT('',#11334);
#2855=VERTEX_POINT('',#11345);
#2856=VERTEX_POINT('',#11358);
#2857=VERTEX_POINT('',#11360);
#2858=VERTEX_POINT('',#11375);
#2859=VERTEX_POINT('',#11376);
#2860=VERTEX_POINT('',#11391);
#2861=VERTEX_POINT('',#11393);
#2862=VERTEX_POINT('',#11397);
#2863=VERTEX_POINT('',#11401);
#2864=VERTEX_POINT('',#11403);
#2865=VERTEX_POINT('',#11405);
#2866=VERTEX_POINT('',#11410);
#2867=VERTEX_POINT('',#11421);
#2868=VERTEX_POINT('',#11434);
#2869=VERTEX_POINT('',#11436);
#2870=VERTEX_POINT('',#11451);
#2871=VERTEX_POINT('',#11452);
#2872=VERTEX_POINT('',#11467);
#2873=VERTEX_POINT('',#11469);
#2874=VERTEX_POINT('',#11473);
#2875=VERTEX_POINT('',#11477);
#2876=VERTEX_POINT('',#11479);
#2877=VERTEX_POINT('',#11481);
#2878=VERTEX_POINT('',#11486);
#2879=VERTEX_POINT('',#11497);
#2880=VERTEX_POINT('',#11510);
#2881=VERTEX_POINT('',#11512);
#2882=VERTEX_POINT('',#11527);
#2883=VERTEX_POINT('',#11528);
#2884=VERTEX_POINT('',#11543);
#2885=VERTEX_POINT('',#11545);
#2886=VERTEX_POINT('',#11549);
#2887=VERTEX_POINT('',#11553);
#2888=VERTEX_POINT('',#11555);
#2889=VERTEX_POINT('',#11557);
#2890=VERTEX_POINT('',#11562);
#2891=VERTEX_POINT('',#11573);
#2892=VERTEX_POINT('',#11586);
#2893=VERTEX_POINT('',#11588);
#2894=VERTEX_POINT('',#11603);
#2895=VERTEX_POINT('',#11604);
#2896=VERTEX_POINT('',#11619);
#2897=VERTEX_POINT('',#11621);
#2898=VERTEX_POINT('',#11625);
#2899=VERTEX_POINT('',#11629);
#2900=VERTEX_POINT('',#11631);
#2901=VERTEX_POINT('',#11633);
#2902=VERTEX_POINT('',#11638);
#2903=VERTEX_POINT('',#11649);
#2904=VERTEX_POINT('',#11662);
#2905=VERTEX_POINT('',#11664);
#2906=VERTEX_POINT('',#11679);
#2907=VERTEX_POINT('',#11680);
#2908=VERTEX_POINT('',#11695);
#2909=VERTEX_POINT('',#11697);
#2910=VERTEX_POINT('',#11701);
#2911=VERTEX_POINT('',#11705);
#2912=VERTEX_POINT('',#11707);
#2913=VERTEX_POINT('',#11709);
#2914=VERTEX_POINT('',#11714);
#2915=VERTEX_POINT('',#11725);
#2916=VERTEX_POINT('',#11738);
#2917=VERTEX_POINT('',#11740);
#2918=VERTEX_POINT('',#11757);
#2919=VERTEX_POINT('',#11758);
#2920=VERTEX_POINT('',#11773);
#2921=VERTEX_POINT('',#11775);
#2922=VERTEX_POINT('',#11779);
#2923=VERTEX_POINT('',#11783);
#2924=VERTEX_POINT('',#11785);
#2925=VERTEX_POINT('',#11787);
#2926=VERTEX_POINT('',#11792);
#2927=VERTEX_POINT('',#11803);
#2928=VERTEX_POINT('',#11816);
#2929=VERTEX_POINT('',#11818);
#2930=VERTEX_POINT('',#11833);
#2931=VERTEX_POINT('',#11834);
#2932=VERTEX_POINT('',#11849);
#2933=VERTEX_POINT('',#11851);
#2934=VERTEX_POINT('',#11855);
#2935=VERTEX_POINT('',#11859);
#2936=VERTEX_POINT('',#11861);
#2937=VERTEX_POINT('',#11863);
#2938=VERTEX_POINT('',#11868);
#2939=VERTEX_POINT('',#11879);
#2940=VERTEX_POINT('',#11892);
#2941=VERTEX_POINT('',#11894);
#2942=VERTEX_POINT('',#11909);
#2943=VERTEX_POINT('',#11910);
#2944=VERTEX_POINT('',#11925);
#2945=VERTEX_POINT('',#11927);
#2946=VERTEX_POINT('',#11931);
#2947=VERTEX_POINT('',#11935);
#2948=VERTEX_POINT('',#11937);
#2949=VERTEX_POINT('',#11939);
#2950=VERTEX_POINT('',#11944);
#2951=VERTEX_POINT('',#11955);
#2952=VERTEX_POINT('',#11968);
#2953=VERTEX_POINT('',#11970);
#2954=VERTEX_POINT('',#11985);
#2955=VERTEX_POINT('',#11986);
#2956=VERTEX_POINT('',#12001);
#2957=VERTEX_POINT('',#12003);
#2958=VERTEX_POINT('',#12007);
#2959=VERTEX_POINT('',#12011);
#2960=VERTEX_POINT('',#12013);
#2961=VERTEX_POINT('',#12015);
#2962=VERTEX_POINT('',#12020);
#2963=VERTEX_POINT('',#12031);
#2964=VERTEX_POINT('',#12044);
#2965=VERTEX_POINT('',#12046);
#2966=VERTEX_POINT('',#12061);
#2967=VERTEX_POINT('',#12062);
#2968=VERTEX_POINT('',#12077);
#2969=VERTEX_POINT('',#12079);
#2970=VERTEX_POINT('',#12083);
#2971=VERTEX_POINT('',#12087);
#2972=VERTEX_POINT('',#12089);
#2973=VERTEX_POINT('',#12091);
#2974=VERTEX_POINT('',#12096);
#2975=VERTEX_POINT('',#12107);
#2976=VERTEX_POINT('',#12120);
#2977=VERTEX_POINT('',#12122);
#2978=VERTEX_POINT('',#12137);
#2979=VERTEX_POINT('',#12138);
#2980=VERTEX_POINT('',#12153);
#2981=VERTEX_POINT('',#12155);
#2982=VERTEX_POINT('',#12159);
#2983=VERTEX_POINT('',#12163);
#2984=VERTEX_POINT('',#12165);
#2985=VERTEX_POINT('',#12167);
#2986=VERTEX_POINT('',#12172);
#2987=VERTEX_POINT('',#12183);
#2988=VERTEX_POINT('',#12196);
#2989=VERTEX_POINT('',#12198);
#2990=VERTEX_POINT('',#12213);
#2991=VERTEX_POINT('',#12214);
#2992=VERTEX_POINT('',#12229);
#2993=VERTEX_POINT('',#12231);
#2994=VERTEX_POINT('',#12235);
#2995=VERTEX_POINT('',#12239);
#2996=VERTEX_POINT('',#12241);
#2997=VERTEX_POINT('',#12243);
#2998=VERTEX_POINT('',#12248);
#2999=VERTEX_POINT('',#12259);
#3000=VERTEX_POINT('',#12272);
#3001=VERTEX_POINT('',#12274);
#3002=VERTEX_POINT('',#12289);
#3003=VERTEX_POINT('',#12290);
#3004=VERTEX_POINT('',#12305);
#3005=VERTEX_POINT('',#12307);
#3006=VERTEX_POINT('',#12311);
#3007=VERTEX_POINT('',#12315);
#3008=VERTEX_POINT('',#12317);
#3009=VERTEX_POINT('',#12319);
#3010=VERTEX_POINT('',#12324);
#3011=VERTEX_POINT('',#12335);
#3012=VERTEX_POINT('',#12348);
#3013=VERTEX_POINT('',#12350);
#3014=VERTEX_POINT('',#12365);
#3015=VERTEX_POINT('',#12366);
#3016=VERTEX_POINT('',#12381);
#3017=VERTEX_POINT('',#12383);
#3018=VERTEX_POINT('',#12387);
#3019=VERTEX_POINT('',#12391);
#3020=VERTEX_POINT('',#12393);
#3021=VERTEX_POINT('',#12395);
#3022=VERTEX_POINT('',#12400);
#3023=VERTEX_POINT('',#12411);
#3024=VERTEX_POINT('',#12424);
#3025=VERTEX_POINT('',#12426);
#3026=VERTEX_POINT('',#12441);
#3027=VERTEX_POINT('',#12442);
#3028=VERTEX_POINT('',#12457);
#3029=VERTEX_POINT('',#12459);
#3030=VERTEX_POINT('',#12463);
#3031=VERTEX_POINT('',#12467);
#3032=VERTEX_POINT('',#12469);
#3033=VERTEX_POINT('',#12471);
#3034=VERTEX_POINT('',#12476);
#3035=VERTEX_POINT('',#12487);
#3036=VERTEX_POINT('',#12500);
#3037=VERTEX_POINT('',#12502);
#3038=VERTEX_POINT('',#12517);
#3039=VERTEX_POINT('',#12518);
#3040=VERTEX_POINT('',#12533);
#3041=VERTEX_POINT('',#12535);
#3042=VERTEX_POINT('',#12539);
#3043=VERTEX_POINT('',#12543);
#3044=VERTEX_POINT('',#12545);
#3045=VERTEX_POINT('',#12547);
#3046=VERTEX_POINT('',#12552);
#3047=VERTEX_POINT('',#12563);
#3048=VERTEX_POINT('',#12576);
#3049=VERTEX_POINT('',#12578);
#3050=VERTEX_POINT('',#12595);
#3051=VERTEX_POINT('',#12596);
#3052=VERTEX_POINT('',#12611);
#3053=VERTEX_POINT('',#12613);
#3054=VERTEX_POINT('',#12617);
#3055=VERTEX_POINT('',#12621);
#3056=VERTEX_POINT('',#12623);
#3057=VERTEX_POINT('',#12625);
#3058=VERTEX_POINT('',#12630);
#3059=VERTEX_POINT('',#12641);
#3060=VERTEX_POINT('',#12654);
#3061=VERTEX_POINT('',#12656);
#3062=VERTEX_POINT('',#12671);
#3063=VERTEX_POINT('',#12672);
#3064=VERTEX_POINT('',#12687);
#3065=VERTEX_POINT('',#12689);
#3066=VERTEX_POINT('',#12693);
#3067=VERTEX_POINT('',#12697);
#3068=VERTEX_POINT('',#12699);
#3069=VERTEX_POINT('',#12701);
#3070=VERTEX_POINT('',#12706);
#3071=VERTEX_POINT('',#12717);
#3072=VERTEX_POINT('',#12730);
#3073=VERTEX_POINT('',#12732);
#3074=VERTEX_POINT('',#12747);
#3075=VERTEX_POINT('',#12748);
#3076=VERTEX_POINT('',#12763);
#3077=VERTEX_POINT('',#12765);
#3078=VERTEX_POINT('',#12769);
#3079=VERTEX_POINT('',#12773);
#3080=VERTEX_POINT('',#12775);
#3081=VERTEX_POINT('',#12777);
#3082=VERTEX_POINT('',#12782);
#3083=VERTEX_POINT('',#12793);
#3084=VERTEX_POINT('',#12806);
#3085=VERTEX_POINT('',#12808);
#3086=VERTEX_POINT('',#12823);
#3087=VERTEX_POINT('',#12824);
#3088=VERTEX_POINT('',#12839);
#3089=VERTEX_POINT('',#12841);
#3090=VERTEX_POINT('',#12845);
#3091=VERTEX_POINT('',#12849);
#3092=VERTEX_POINT('',#12851);
#3093=VERTEX_POINT('',#12853);
#3094=VERTEX_POINT('',#12858);
#3095=VERTEX_POINT('',#12869);
#3096=VERTEX_POINT('',#12882);
#3097=VERTEX_POINT('',#12884);
#3098=VERTEX_POINT('',#12899);
#3099=VERTEX_POINT('',#12900);
#3100=VERTEX_POINT('',#12915);
#3101=VERTEX_POINT('',#12917);
#3102=VERTEX_POINT('',#12921);
#3103=VERTEX_POINT('',#12925);
#3104=VERTEX_POINT('',#12927);
#3105=VERTEX_POINT('',#12929);
#3106=VERTEX_POINT('',#12934);
#3107=VERTEX_POINT('',#12945);
#3108=VERTEX_POINT('',#12958);
#3109=VERTEX_POINT('',#12960);
#3110=VERTEX_POINT('',#12975);
#3111=VERTEX_POINT('',#12976);
#3112=VERTEX_POINT('',#12991);
#3113=VERTEX_POINT('',#12993);
#3114=VERTEX_POINT('',#12997);
#3115=VERTEX_POINT('',#13001);
#3116=VERTEX_POINT('',#13003);
#3117=VERTEX_POINT('',#13005);
#3118=VERTEX_POINT('',#13010);
#3119=VERTEX_POINT('',#13021);
#3120=VERTEX_POINT('',#13034);
#3121=VERTEX_POINT('',#13036);
#3122=VERTEX_POINT('',#13051);
#3123=VERTEX_POINT('',#13052);
#3124=VERTEX_POINT('',#13067);
#3125=VERTEX_POINT('',#13069);
#3126=VERTEX_POINT('',#13073);
#3127=VERTEX_POINT('',#13077);
#3128=VERTEX_POINT('',#13079);
#3129=VERTEX_POINT('',#13081);
#3130=VERTEX_POINT('',#13086);
#3131=VERTEX_POINT('',#13097);
#3132=VERTEX_POINT('',#13110);
#3133=VERTEX_POINT('',#13112);
#3134=VERTEX_POINT('',#13127);
#3135=VERTEX_POINT('',#13128);
#3136=VERTEX_POINT('',#13143);
#3137=VERTEX_POINT('',#13145);
#3138=VERTEX_POINT('',#13149);
#3139=VERTEX_POINT('',#13153);
#3140=VERTEX_POINT('',#13155);
#3141=VERTEX_POINT('',#13157);
#3142=VERTEX_POINT('',#13162);
#3143=VERTEX_POINT('',#13173);
#3144=VERTEX_POINT('',#13186);
#3145=VERTEX_POINT('',#13188);
#3146=VERTEX_POINT('',#13203);
#3147=VERTEX_POINT('',#13204);
#3148=VERTEX_POINT('',#13219);
#3149=VERTEX_POINT('',#13221);
#3150=VERTEX_POINT('',#13225);
#3151=VERTEX_POINT('',#13229);
#3152=VERTEX_POINT('',#13231);
#3153=VERTEX_POINT('',#13233);
#3154=VERTEX_POINT('',#13238);
#3155=VERTEX_POINT('',#13249);
#3156=VERTEX_POINT('',#13262);
#3157=VERTEX_POINT('',#13264);
#3158=VERTEX_POINT('',#13279);
#3159=VERTEX_POINT('',#13280);
#3160=VERTEX_POINT('',#13295);
#3161=VERTEX_POINT('',#13297);
#3162=VERTEX_POINT('',#13301);
#3163=VERTEX_POINT('',#13305);
#3164=VERTEX_POINT('',#13307);
#3165=VERTEX_POINT('',#13309);
#3166=VERTEX_POINT('',#13314);
#3167=VERTEX_POINT('',#13325);
#3168=VERTEX_POINT('',#13338);
#3169=VERTEX_POINT('',#13340);
#3170=VERTEX_POINT('',#13355);
#3171=VERTEX_POINT('',#13356);
#3172=VERTEX_POINT('',#13361);
#3173=VERTEX_POINT('',#13363);
#3174=VERTEX_POINT('',#13365);
#3175=VERTEX_POINT('',#13367);
#3176=VERTEX_POINT('',#13371);
#3177=VERTEX_POINT('',#13382);
#3178=VERTEX_POINT('',#13411);
#3179=VERTEX_POINT('',#13426);
#3180=VERTEX_POINT('',#13430);
#3181=VERTEX_POINT('',#13434);
#3182=VERTEX_POINT('',#13436);
#3183=VERTEX_POINT('',#13438);
#3184=VERTEX_POINT('',#13443);
#3185=VERTEX_POINT('',#13454);
#3186=VERTEX_POINT('',#13458);
#3187=VERTEX_POINT('',#13467);
#3188=VERTEX_POINT('',#13475);
#3189=VERTEX_POINT('',#13479);
#3190=VERTEX_POINT('',#13488);
#3191=VERTEX_POINT('',#13496);
#3192=VERTEX_POINT('',#13500);
#3193=VERTEX_POINT('',#13509);
#3194=VERTEX_POINT('',#13517);
#3195=VERTEX_POINT('',#13521);
#3196=VERTEX_POINT('',#13530);
#3197=VERTEX_POINT('',#13538);
#3198=VERTEX_POINT('',#13542);
#3199=VERTEX_POINT('',#13551);
#3200=VERTEX_POINT('',#13559);
#3201=VERTEX_POINT('',#13563);
#3202=VERTEX_POINT('',#13572);
#3203=VERTEX_POINT('',#13580);
#3204=VERTEX_POINT('',#13584);
#3205=VERTEX_POINT('',#13593);
#3206=VERTEX_POINT('',#13601);
#3207=VERTEX_POINT('',#13605);
#3208=VERTEX_POINT('',#13614);
#3209=VERTEX_POINT('',#13622);
#3210=VERTEX_POINT('',#13626);
#3211=VERTEX_POINT('',#13635);
#3212=VERTEX_POINT('',#13643);
#3213=VERTEX_POINT('',#13647);
#3214=VERTEX_POINT('',#13656);
#3215=VERTEX_POINT('',#13664);
#3216=VERTEX_POINT('',#13668);
#3217=VERTEX_POINT('',#13677);
#3218=VERTEX_POINT('',#13685);
#3219=VERTEX_POINT('',#13689);
#3220=VERTEX_POINT('',#13698);
#3221=VERTEX_POINT('',#13706);
#3222=VERTEX_POINT('',#13710);
#3223=VERTEX_POINT('',#13719);
#3224=VERTEX_POINT('',#13727);
#3225=VERTEX_POINT('',#13731);
#3226=VERTEX_POINT('',#13740);
#3227=VERTEX_POINT('',#13748);
#3228=VERTEX_POINT('',#13752);
#3229=VERTEX_POINT('',#13761);
#3230=VERTEX_POINT('',#13769);
#3231=VERTEX_POINT('',#13773);
#3232=VERTEX_POINT('',#13782);
#3233=VERTEX_POINT('',#13790);
#3234=VERTEX_POINT('',#13794);
#3235=VERTEX_POINT('',#13803);
#3236=VERTEX_POINT('',#13811);
#3237=VERTEX_POINT('',#13815);
#3238=VERTEX_POINT('',#13824);
#3239=VERTEX_POINT('',#13832);
#3240=VERTEX_POINT('',#13836);
#3241=VERTEX_POINT('',#13845);
#3242=VERTEX_POINT('',#13853);
#3243=VERTEX_POINT('',#13857);
#3244=VERTEX_POINT('',#13866);
#3245=VERTEX_POINT('',#13874);
#3246=VERTEX_POINT('',#13878);
#3247=VERTEX_POINT('',#13887);
#3248=VERTEX_POINT('',#13895);
#3249=VERTEX_POINT('',#13899);
#3250=VERTEX_POINT('',#13908);
#3251=VERTEX_POINT('',#13916);
#3252=VERTEX_POINT('',#13920);
#3253=VERTEX_POINT('',#13929);
#3254=VERTEX_POINT('',#13937);
#3255=VERTEX_POINT('',#13941);
#3256=VERTEX_POINT('',#13950);
#3257=VERTEX_POINT('',#13958);
#3258=VERTEX_POINT('',#13962);
#3259=VERTEX_POINT('',#13971);
#3260=VERTEX_POINT('',#13979);
#3261=VERTEX_POINT('',#13983);
#3262=VERTEX_POINT('',#13992);
#3263=VERTEX_POINT('',#14000);
#3264=VERTEX_POINT('',#14004);
#3265=VERTEX_POINT('',#14013);
#3266=VERTEX_POINT('',#14021);
#3267=VERTEX_POINT('',#14025);
#3268=VERTEX_POINT('',#14034);
#3269=VERTEX_POINT('',#14042);
#3270=VERTEX_POINT('',#14046);
#3271=VERTEX_POINT('',#14055);
#3272=VERTEX_POINT('',#14063);
#3273=VERTEX_POINT('',#14067);
#3274=VERTEX_POINT('',#14076);
#3275=VERTEX_POINT('',#14084);
#3276=VERTEX_POINT('',#14088);
#3277=VERTEX_POINT('',#14097);
#3278=VERTEX_POINT('',#14105);
#3279=VERTEX_POINT('',#14109);
#3280=VERTEX_POINT('',#14118);
#3281=VERTEX_POINT('',#14126);
#3282=VERTEX_POINT('',#14130);
#3283=VERTEX_POINT('',#14139);
#3284=VERTEX_POINT('',#14147);
#3285=VERTEX_POINT('',#14151);
#3286=VERTEX_POINT('',#14160);
#3287=VERTEX_POINT('',#14168);
#3288=VERTEX_POINT('',#14172);
#3289=VERTEX_POINT('',#14181);
#3290=VERTEX_POINT('',#14189);
#3291=VERTEX_POINT('',#14193);
#3292=VERTEX_POINT('',#14202);
#3293=VERTEX_POINT('',#14210);
#3294=VERTEX_POINT('',#14214);
#3295=VERTEX_POINT('',#14223);
#3296=VERTEX_POINT('',#14231);
#3297=VERTEX_POINT('',#14235);
#3298=VERTEX_POINT('',#14244);
#3299=VERTEX_POINT('',#14252);
#3300=VERTEX_POINT('',#14256);
#3301=VERTEX_POINT('',#14265);
#3302=VERTEX_POINT('',#14273);
#3303=VERTEX_POINT('',#14277);
#3304=VERTEX_POINT('',#14286);
#3305=VERTEX_POINT('',#14294);
#3306=VERTEX_POINT('',#14298);
#3307=VERTEX_POINT('',#14307);
#3308=VERTEX_POINT('',#14315);
#3309=VERTEX_POINT('',#14319);
#3310=VERTEX_POINT('',#14328);
#3311=VERTEX_POINT('',#14336);
#3312=VERTEX_POINT('',#14341);
#3313=VERTEX_POINT('',#14343);
#3314=VERTEX_POINT('',#14352);
#3315=VERTEX_POINT('',#14356);
#3316=VERTEX_POINT('',#14380);
#3317=VERTEX_POINT('',#14382);
#3318=VERTEX_POINT('',#14407);
#3319=VERTEX_POINT('',#14409);
#3320=VERTEX_POINT('',#14429);
#3321=VERTEX_POINT('',#14524);
#3322=VERTEX_POINT('',#14612);
#3323=VERTEX_POINT('',#14625);
#3324=VERTEX_POINT('',#14685);
#3325=VERTEX_POINT('',#14697);
#3326=VERTEX_POINT('',#14699);
#3327=VERTEX_POINT('',#14712);
#3328=VERTEX_POINT('',#14714);
#3329=VERTEX_POINT('',#14716);
#3330=VERTEX_POINT('',#14720);
#3331=VERTEX_POINT('',#14723);
#3332=VERTEX_POINT('',#14727);
#3333=VERTEX_POINT('',#14729);
#3334=VERTEX_POINT('',#14731);
#3335=VERTEX_POINT('',#14735);
#3336=VERTEX_POINT('',#14737);
#3337=EDGE_CURVE('',#2594,#2595,#2320,.F.);
#3338=EDGE_CURVE('',#2596,#2594,#2321,.F.);
#3339=EDGE_CURVE('',#2595,#2596,#2322,.F.);
#3340=EDGE_CURVE('',#2597,#2598,#1124,.T.);
#3341=EDGE_CURVE('',#2598,#2596,#364,.T.);
#3342=EDGE_CURVE('',#2594,#2597,#365,.T.);
#3343=EDGE_CURVE('',#2599,#2600,#1125,.F.);
#3344=EDGE_CURVE('',#2600,#2601,#1126,.T.);
#3345=EDGE_CURVE('',#2601,#2602,#2323,.T.);
#3346=EDGE_CURVE('',#2602,#2599,#1127,.T.);
#3347=EDGE_CURVE('',#2596,#2602,#1128,.T.);
#3348=EDGE_CURVE('',#2601,#2595,#1129,.T.);
#3349=EDGE_CURVE('',#2595,#2603,#1130,.T.);
#3350=EDGE_CURVE('',#2603,#2604,#2324,.T.);
#3351=EDGE_CURVE('',#2604,#2594,#1131,.T.);
#3352=EDGE_CURVE('',#2605,#2606,#1132,.F.);
#3353=EDGE_CURVE('',#2606,#2604,#1133,.T.);
#3354=EDGE_CURVE('',#2603,#2605,#1134,.T.);
#3355=EDGE_CURVE('',#2602,#2607,#366,.T.);
#3356=EDGE_CURVE('',#2607,#2608,#1135,.T.);
#3357=EDGE_CURVE('',#2608,#2599,#367,.T.);
#3358=EDGE_CURVE('',#2598,#2607,#2325,.T.);
#3359=EDGE_CURVE('',#2609,#2609,#2326,.T.);
#3360=EDGE_CURVE('',#2610,#2597,#2327,.T.);
#3361=EDGE_CURVE('',#2611,#2610,#1136,.T.);
#3362=EDGE_CURVE('',#2612,#2611,#2328,.T.);
#3363=EDGE_CURVE('',#2613,#2612,#2329,.T.);
#3364=EDGE_CURVE('',#2614,#2613,#1137,.T.);
#3365=EDGE_CURVE('',#2615,#2614,#2330,.T.);
#3366=EDGE_CURVE('',#2616,#2615,#1138,.T.);
#3367=EDGE_CURVE('',#2617,#2616,#2331,.T.);
#3368=EDGE_CURVE('',#2618,#2617,#1139,.T.);
#3369=EDGE_CURVE('',#2619,#2618,#2332,.T.);
#3370=EDGE_CURVE('',#2620,#2619,#1140,.T.);
#3371=EDGE_CURVE('',#2621,#2620,#2333,.T.);
#3372=EDGE_CURVE('',#2622,#2621,#1141,.T.);
#3373=EDGE_CURVE('',#2623,#2622,#2334,.T.);
#3374=EDGE_CURVE('',#2624,#2623,#1142,.T.);
#3375=EDGE_CURVE('',#2625,#2624,#2335,.T.);
#3376=EDGE_CURVE('',#2626,#2625,#1143,.T.);
#3377=EDGE_CURVE('',#2627,#2626,#2336,.T.);
#3378=EDGE_CURVE('',#2628,#2627,#1144,.T.);
#3379=EDGE_CURVE('',#2629,#2628,#2337,.T.);
#3380=EDGE_CURVE('',#2630,#2629,#1145,.T.);
#3381=EDGE_CURVE('',#2608,#2630,#2338,.T.);
#3382=EDGE_CURVE('',#2610,#2604,#368,.T.);
#3383=EDGE_CURVE('',#2606,#2611,#369,.T.);
#3384=EDGE_CURVE('',#2631,#2632,#2339,.F.);
#3385=EDGE_CURVE('',#2633,#2631,#2340,.F.);
#3386=EDGE_CURVE('',#2632,#2633,#2341,.F.);
#3387=EDGE_CURVE('',#2627,#2633,#370,.T.);
#3388=EDGE_CURVE('',#2631,#2628,#371,.T.);
#3389=EDGE_CURVE('',#2634,#2635,#1146,.F.);
#3390=EDGE_CURVE('',#2635,#2636,#1147,.T.);
#3391=EDGE_CURVE('',#2636,#2637,#2342,.T.);
#3392=EDGE_CURVE('',#2637,#2634,#1148,.T.);
#3393=EDGE_CURVE('',#2633,#2637,#1149,.T.);
#3394=EDGE_CURVE('',#2636,#2632,#1150,.T.);
#3395=EDGE_CURVE('',#2632,#2638,#1151,.T.);
#3396=EDGE_CURVE('',#2638,#2639,#2343,.T.);
#3397=EDGE_CURVE('',#2639,#2631,#1152,.T.);
#3398=EDGE_CURVE('',#2640,#2641,#1153,.F.);
#3399=EDGE_CURVE('',#2641,#2639,#1154,.T.);
#3400=EDGE_CURVE('',#2638,#2640,#1155,.T.);
#3401=EDGE_CURVE('',#2637,#2626,#372,.T.);
#3402=EDGE_CURVE('',#2625,#2634,#373,.T.);
#3403=EDGE_CURVE('',#2629,#2639,#374,.T.);
#3404=EDGE_CURVE('',#2641,#2630,#375,.T.);
#3405=EDGE_CURVE('',#2642,#2643,#2344,.F.);
#3406=EDGE_CURVE('',#2644,#2642,#2345,.F.);
#3407=EDGE_CURVE('',#2643,#2644,#2346,.F.);
#3408=EDGE_CURVE('',#2621,#2644,#376,.T.);
#3409=EDGE_CURVE('',#2642,#2622,#377,.T.);
#3410=EDGE_CURVE('',#2645,#2646,#1156,.F.);
#3411=EDGE_CURVE('',#2646,#2647,#1157,.T.);
#3412=EDGE_CURVE('',#2647,#2648,#2347,.T.);
#3413=EDGE_CURVE('',#2648,#2645,#1158,.T.);
#3414=EDGE_CURVE('',#2644,#2648,#1159,.T.);
#3415=EDGE_CURVE('',#2647,#2643,#1160,.T.);
#3416=EDGE_CURVE('',#2643,#2649,#1161,.T.);
#3417=EDGE_CURVE('',#2649,#2650,#2348,.T.);
#3418=EDGE_CURVE('',#2650,#2642,#1162,.T.);
#3419=EDGE_CURVE('',#2651,#2652,#1163,.F.);
#3420=EDGE_CURVE('',#2652,#2650,#1164,.T.);
#3421=EDGE_CURVE('',#2649,#2651,#1165,.T.);
#3422=EDGE_CURVE('',#2648,#2620,#378,.T.);
#3423=EDGE_CURVE('',#2619,#2645,#379,.T.);
#3424=EDGE_CURVE('',#2623,#2650,#380,.T.);
#3425=EDGE_CURVE('',#2652,#2624,#381,.T.);
#3426=EDGE_CURVE('',#2653,#2654,#2349,.F.);
#3427=EDGE_CURVE('',#2655,#2653,#2350,.F.);
#3428=EDGE_CURVE('',#2654,#2655,#2351,.F.);
#3429=EDGE_CURVE('',#2615,#2655,#382,.T.);
#3430=EDGE_CURVE('',#2653,#2616,#383,.T.);
#3431=EDGE_CURVE('',#2656,#2657,#1166,.F.);
#3432=EDGE_CURVE('',#2657,#2658,#1167,.T.);
#3433=EDGE_CURVE('',#2658,#2659,#2352,.T.);
#3434=EDGE_CURVE('',#2659,#2656,#1168,.T.);
#3435=EDGE_CURVE('',#2655,#2659,#1169,.T.);
#3436=EDGE_CURVE('',#2658,#2654,#1170,.T.);
#3437=EDGE_CURVE('',#2654,#2660,#1171,.T.);
#3438=EDGE_CURVE('',#2660,#2661,#2353,.T.);
#3439=EDGE_CURVE('',#2661,#2653,#1172,.T.);
#3440=EDGE_CURVE('',#2662,#2663,#1173,.F.);
#3441=EDGE_CURVE('',#2663,#2661,#1174,.T.);
#3442=EDGE_CURVE('',#2660,#2662,#1175,.T.);
#3443=EDGE_CURVE('',#2659,#2614,#384,.T.);
#3444=EDGE_CURVE('',#2613,#2656,#385,.T.);
#3445=EDGE_CURVE('',#2617,#2661,#386,.T.);
#3446=EDGE_CURVE('',#2663,#2618,#387,.T.);
#3447=EDGE_CURVE('',#2664,#2665,#1176,.T.);
#3448=EDGE_CURVE('',#2664,#2666,#388,.T.);
#3449=EDGE_CURVE('',#2667,#2666,#2354,.T.);
#3450=EDGE_CURVE('',#2665,#2667,#389,.T.);
#3451=EDGE_CURVE('',#2665,#2668,#111,.T.);
#3452=EDGE_CURVE('',#2669,#2667,#390,.T.);
#3453=EDGE_CURVE('',#2670,#2669,#391,.T.);
#3454=EDGE_CURVE('',#2671,#2670,#1177,.T.);
#3455=EDGE_CURVE('',#2672,#2671,#392,.T.);
#3456=EDGE_CURVE('',#2668,#2672,#1178,.T.);
#3457=EDGE_CURVE('',#2673,#2674,#1179,.T.);
#3458=EDGE_CURVE('',#2675,#2673,#393,.T.);
#3459=EDGE_CURVE('',#2676,#2675,#2355,.T.);
#3460=EDGE_CURVE('',#2677,#2676,#394,.T.);
#3461=EDGE_CURVE('',#2674,#2677,#1180,.T.);
#3462=EDGE_CURVE('',#2678,#2679,#1181,.T.);
#3463=EDGE_CURVE('',#2678,#2680,#395,.T.);
#3464=EDGE_CURVE('',#2681,#2680,#2356,.T.);
#3465=EDGE_CURVE('',#2679,#2681,#396,.T.);
#3466=EDGE_CURVE('',#2679,#2682,#112,.T.);
#3467=EDGE_CURVE('',#2683,#2681,#397,.T.);
#3468=EDGE_CURVE('',#2684,#2683,#398,.T.);
#3469=EDGE_CURVE('',#2685,#2684,#1182,.T.);
#3470=EDGE_CURVE('',#2686,#2685,#399,.T.);
#3471=EDGE_CURVE('',#2682,#2686,#1183,.T.);
#3472=EDGE_CURVE('',#2670,#2687,#1184,.T.);
#3473=EDGE_CURVE('',#2688,#2669,#2357,.T.);
#3474=EDGE_CURVE('',#2689,#2688,#400,.T.);
#3475=EDGE_CURVE('',#2687,#2689,#1185,.T.);
#3476=EDGE_CURVE('',#2690,#2691,#1186,.T.);
#3477=EDGE_CURVE('',#2690,#2692,#401,.T.);
#3478=EDGE_CURVE('',#2693,#2692,#2358,.T.);
#3479=EDGE_CURVE('',#2691,#2693,#402,.T.);
#3480=EDGE_CURVE('',#2691,#2694,#113,.T.);
#3481=EDGE_CURVE('',#2695,#2693,#403,.T.);
#3482=EDGE_CURVE('',#2696,#2695,#404,.T.);
#3483=EDGE_CURVE('',#2697,#2696,#1187,.T.);
#3484=EDGE_CURVE('',#2698,#2697,#405,.T.);
#3485=EDGE_CURVE('',#2694,#2698,#1188,.T.);
#3486=EDGE_CURVE('',#2684,#2699,#1189,.T.);
#3487=EDGE_CURVE('',#2700,#2683,#2359,.T.);
#3488=EDGE_CURVE('',#2701,#2700,#406,.T.);
#3489=EDGE_CURVE('',#2699,#2701,#1190,.T.);
#3490=EDGE_CURVE('',#2702,#2703,#1191,.T.);
#3491=EDGE_CURVE('',#2702,#2704,#407,.T.);
#3492=EDGE_CURVE('',#2705,#2704,#2360,.T.);
#3493=EDGE_CURVE('',#2703,#2705,#408,.T.);
#3494=EDGE_CURVE('',#2703,#2706,#114,.T.);
#3495=EDGE_CURVE('',#2707,#2705,#409,.T.);
#3496=EDGE_CURVE('',#2708,#2707,#410,.T.);
#3497=EDGE_CURVE('',#2709,#2708,#1192,.T.);
#3498=EDGE_CURVE('',#2710,#2709,#411,.T.);
#3499=EDGE_CURVE('',#2706,#2710,#1193,.T.);
#3500=EDGE_CURVE('',#2696,#2711,#1194,.T.);
#3501=EDGE_CURVE('',#2712,#2695,#2361,.T.);
#3502=EDGE_CURVE('',#2713,#2712,#412,.T.);
#3503=EDGE_CURVE('',#2711,#2713,#1195,.T.);
#3504=EDGE_CURVE('',#2714,#2715,#1196,.T.);
#3505=EDGE_CURVE('',#2714,#2716,#413,.T.);
#3506=EDGE_CURVE('',#2717,#2716,#2362,.T.);
#3507=EDGE_CURVE('',#2715,#2717,#414,.T.);
#3508=EDGE_CURVE('',#2715,#2718,#115,.T.);
#3509=EDGE_CURVE('',#2719,#2717,#415,.T.);
#3510=EDGE_CURVE('',#2720,#2719,#416,.T.);
#3511=EDGE_CURVE('',#2721,#2720,#1197,.T.);
#3512=EDGE_CURVE('',#2722,#2721,#417,.T.);
#3513=EDGE_CURVE('',#2718,#2722,#1198,.T.);
#3514=EDGE_CURVE('',#2708,#2723,#1199,.T.);
#3515=EDGE_CURVE('',#2724,#2707,#2363,.T.);
#3516=EDGE_CURVE('',#2725,#2724,#418,.T.);
#3517=EDGE_CURVE('',#2723,#2725,#1200,.T.);
#3518=EDGE_CURVE('',#2726,#2727,#1201,.T.);
#3519=EDGE_CURVE('',#2726,#2728,#419,.T.);
#3520=EDGE_CURVE('',#2729,#2728,#2364,.T.);
#3521=EDGE_CURVE('',#2727,#2729,#420,.T.);
#3522=EDGE_CURVE('',#2727,#2730,#116,.T.);
#3523=EDGE_CURVE('',#2731,#2729,#421,.T.);
#3524=EDGE_CURVE('',#2732,#2731,#422,.T.);
#3525=EDGE_CURVE('',#2733,#2732,#1202,.T.);
#3526=EDGE_CURVE('',#2734,#2733,#423,.T.);
#3527=EDGE_CURVE('',#2730,#2734,#1203,.T.);
#3528=EDGE_CURVE('',#2720,#2735,#1204,.T.);
#3529=EDGE_CURVE('',#2736,#2719,#2365,.T.);
#3530=EDGE_CURVE('',#2737,#2736,#424,.T.);
#3531=EDGE_CURVE('',#2735,#2737,#1205,.T.);
#3532=EDGE_CURVE('',#2738,#2739,#1206,.T.);
#3533=EDGE_CURVE('',#2738,#2740,#425,.T.);
#3534=EDGE_CURVE('',#2741,#2740,#2366,.T.);
#3535=EDGE_CURVE('',#2739,#2741,#426,.T.);
#3536=EDGE_CURVE('',#2739,#2742,#117,.T.);
#3537=EDGE_CURVE('',#2743,#2741,#427,.T.);
#3538=EDGE_CURVE('',#2744,#2743,#428,.T.);
#3539=EDGE_CURVE('',#2745,#2744,#1207,.T.);
#3540=EDGE_CURVE('',#2746,#2745,#429,.T.);
#3541=EDGE_CURVE('',#2742,#2746,#1208,.T.);
#3542=EDGE_CURVE('',#2732,#2747,#1209,.T.);
#3543=EDGE_CURVE('',#2748,#2731,#2367,.T.);
#3544=EDGE_CURVE('',#2749,#2748,#430,.T.);
#3545=EDGE_CURVE('',#2747,#2749,#1210,.T.);
#3546=EDGE_CURVE('',#2750,#2751,#1211,.T.);
#3547=EDGE_CURVE('',#2750,#2752,#431,.T.);
#3548=EDGE_CURVE('',#2753,#2752,#2368,.T.);
#3549=EDGE_CURVE('',#2751,#2753,#432,.T.);
#3550=EDGE_CURVE('',#2751,#2754,#118,.T.);
#3551=EDGE_CURVE('',#2755,#2753,#433,.T.);
#3552=EDGE_CURVE('',#2756,#2755,#434,.T.);
#3553=EDGE_CURVE('',#2757,#2756,#1212,.T.);
#3554=EDGE_CURVE('',#2758,#2757,#435,.T.);
#3555=EDGE_CURVE('',#2754,#2758,#1213,.T.);
#3556=EDGE_CURVE('',#2744,#2759,#1214,.T.);
#3557=EDGE_CURVE('',#2760,#2743,#2369,.T.);
#3558=EDGE_CURVE('',#2761,#2760,#436,.T.);
#3559=EDGE_CURVE('',#2759,#2761,#1215,.T.);
#3560=EDGE_CURVE('',#2762,#2763,#1216,.T.);
#3561=EDGE_CURVE('',#2762,#2764,#437,.T.);
#3562=EDGE_CURVE('',#2765,#2764,#2370,.T.);
#3563=EDGE_CURVE('',#2763,#2765,#438,.T.);
#3564=EDGE_CURVE('',#2763,#2766,#119,.T.);
#3565=EDGE_CURVE('',#2767,#2765,#439,.T.);
#3566=EDGE_CURVE('',#2768,#2767,#440,.T.);
#3567=EDGE_CURVE('',#2769,#2768,#1217,.T.);
#3568=EDGE_CURVE('',#2770,#2769,#441,.T.);
#3569=EDGE_CURVE('',#2766,#2770,#1218,.T.);
#3570=EDGE_CURVE('',#2756,#2771,#1219,.T.);
#3571=EDGE_CURVE('',#2772,#2755,#2371,.T.);
#3572=EDGE_CURVE('',#2773,#2772,#442,.T.);
#3573=EDGE_CURVE('',#2771,#2773,#1220,.T.);
#3574=EDGE_CURVE('',#2774,#2775,#1221,.T.);
#3575=EDGE_CURVE('',#2774,#2776,#443,.T.);
#3576=EDGE_CURVE('',#2777,#2776,#2372,.T.);
#3577=EDGE_CURVE('',#2775,#2777,#444,.T.);
#3578=EDGE_CURVE('',#2775,#2778,#120,.T.);
#3579=EDGE_CURVE('',#2779,#2777,#445,.T.);
#3580=EDGE_CURVE('',#2780,#2779,#446,.T.);
#3581=EDGE_CURVE('',#2781,#2780,#1222,.T.);
#3582=EDGE_CURVE('',#2782,#2781,#447,.T.);
#3583=EDGE_CURVE('',#2778,#2782,#1223,.T.);
#3584=EDGE_CURVE('',#2768,#2783,#1224,.T.);
#3585=EDGE_CURVE('',#2784,#2767,#2373,.T.);
#3586=EDGE_CURVE('',#2785,#2784,#448,.T.);
#3587=EDGE_CURVE('',#2783,#2785,#1225,.T.);
#3588=EDGE_CURVE('',#2786,#2787,#1226,.T.);
#3589=EDGE_CURVE('',#2786,#2788,#449,.T.);
#3590=EDGE_CURVE('',#2789,#2788,#2374,.T.);
#3591=EDGE_CURVE('',#2787,#2789,#450,.T.);
#3592=EDGE_CURVE('',#2787,#2790,#121,.T.);
#3593=EDGE_CURVE('',#2791,#2789,#451,.T.);
#3594=EDGE_CURVE('',#2792,#2791,#452,.T.);
#3595=EDGE_CURVE('',#2793,#2792,#1227,.T.);
#3596=EDGE_CURVE('',#2794,#2793,#453,.T.);
#3597=EDGE_CURVE('',#2790,#2794,#1228,.T.);
#3598=EDGE_CURVE('',#2780,#2795,#1229,.T.);
#3599=EDGE_CURVE('',#2796,#2779,#2375,.T.);
#3600=EDGE_CURVE('',#2797,#2796,#454,.T.);
#3601=EDGE_CURVE('',#2795,#2797,#1230,.T.);
#3602=EDGE_CURVE('',#2798,#2799,#1231,.T.);
#3603=EDGE_CURVE('',#2798,#2800,#455,.T.);
#3604=EDGE_CURVE('',#2801,#2800,#2376,.T.);
#3605=EDGE_CURVE('',#2799,#2801,#456,.T.);
#3606=EDGE_CURVE('',#2799,#2802,#122,.T.);
#3607=EDGE_CURVE('',#2803,#2801,#457,.T.);
#3608=EDGE_CURVE('',#2804,#2803,#458,.T.);
#3609=EDGE_CURVE('',#2805,#2804,#1232,.T.);
#3610=EDGE_CURVE('',#2806,#2805,#459,.T.);
#3611=EDGE_CURVE('',#2802,#2806,#1233,.T.);
#3612=EDGE_CURVE('',#2792,#2807,#1234,.T.);
#3613=EDGE_CURVE('',#2808,#2791,#2377,.T.);
#3614=EDGE_CURVE('',#2809,#2808,#460,.T.);
#3615=EDGE_CURVE('',#2807,#2809,#1235,.T.);
#3616=EDGE_CURVE('',#2810,#2811,#1236,.T.);
#3617=EDGE_CURVE('',#2810,#2812,#461,.T.);
#3618=EDGE_CURVE('',#2813,#2812,#2378,.T.);
#3619=EDGE_CURVE('',#2811,#2813,#462,.T.);
#3620=EDGE_CURVE('',#2811,#2814,#123,.T.);
#3621=EDGE_CURVE('',#2815,#2813,#463,.T.);
#3622=EDGE_CURVE('',#2816,#2815,#464,.T.);
#3623=EDGE_CURVE('',#2817,#2816,#1237,.T.);
#3624=EDGE_CURVE('',#2818,#2817,#465,.T.);
#3625=EDGE_CURVE('',#2814,#2818,#1238,.T.);
#3626=EDGE_CURVE('',#2804,#2819,#1239,.T.);
#3627=EDGE_CURVE('',#2820,#2803,#2379,.T.);
#3628=EDGE_CURVE('',#2821,#2820,#466,.T.);
#3629=EDGE_CURVE('',#2819,#2821,#1240,.T.);
#3630=EDGE_CURVE('',#2822,#2823,#1241,.T.);
#3631=EDGE_CURVE('',#2822,#2824,#467,.T.);
#3632=EDGE_CURVE('',#2825,#2824,#2380,.T.);
#3633=EDGE_CURVE('',#2823,#2825,#468,.T.);
#3634=EDGE_CURVE('',#2823,#2826,#124,.T.);
#3635=EDGE_CURVE('',#2827,#2825,#469,.T.);
#3636=EDGE_CURVE('',#2828,#2827,#470,.T.);
#3637=EDGE_CURVE('',#2829,#2828,#1242,.T.);
#3638=EDGE_CURVE('',#2830,#2829,#471,.T.);
#3639=EDGE_CURVE('',#2826,#2830,#1243,.T.);
#3640=EDGE_CURVE('',#2816,#2831,#1244,.T.);
#3641=EDGE_CURVE('',#2832,#2815,#2381,.T.);
#3642=EDGE_CURVE('',#2833,#2832,#472,.T.);
#3643=EDGE_CURVE('',#2831,#2833,#1245,.T.);
#3644=EDGE_CURVE('',#2834,#2835,#1246,.T.);
#3645=EDGE_CURVE('',#2834,#2836,#473,.T.);
#3646=EDGE_CURVE('',#2837,#2836,#2382,.T.);
#3647=EDGE_CURVE('',#2835,#2837,#474,.T.);
#3648=EDGE_CURVE('',#2835,#2838,#125,.T.);
#3649=EDGE_CURVE('',#2839,#2837,#475,.T.);
#3650=EDGE_CURVE('',#2840,#2839,#476,.T.);
#3651=EDGE_CURVE('',#2841,#2840,#1247,.T.);
#3652=EDGE_CURVE('',#2842,#2841,#477,.T.);
#3653=EDGE_CURVE('',#2838,#2842,#1248,.T.);
#3654=EDGE_CURVE('',#2828,#2843,#1249,.T.);
#3655=EDGE_CURVE('',#2844,#2827,#2383,.T.);
#3656=EDGE_CURVE('',#2845,#2844,#478,.T.);
#3657=EDGE_CURVE('',#2843,#2845,#1250,.T.);
#3658=EDGE_CURVE('',#2846,#2847,#1251,.T.);
#3659=EDGE_CURVE('',#2846,#2848,#479,.T.);
#3660=EDGE_CURVE('',#2849,#2848,#2384,.T.);
#3661=EDGE_CURVE('',#2847,#2849,#480,.T.);
#3662=EDGE_CURVE('',#2847,#2850,#126,.T.);
#3663=EDGE_CURVE('',#2851,#2849,#481,.T.);
#3664=EDGE_CURVE('',#2852,#2851,#482,.T.);
#3665=EDGE_CURVE('',#2853,#2852,#1252,.T.);
#3666=EDGE_CURVE('',#2854,#2853,#483,.T.);
#3667=EDGE_CURVE('',#2850,#2854,#1253,.T.);
#3668=EDGE_CURVE('',#2840,#2855,#1254,.T.);
#3669=EDGE_CURVE('',#2856,#2839,#2385,.T.);
#3670=EDGE_CURVE('',#2857,#2856,#484,.T.);
#3671=EDGE_CURVE('',#2855,#2857,#1255,.T.);
#3672=EDGE_CURVE('',#2858,#2859,#1256,.T.);
#3673=EDGE_CURVE('',#2858,#2860,#485,.T.);
#3674=EDGE_CURVE('',#2861,#2860,#2386,.T.);
#3675=EDGE_CURVE('',#2859,#2861,#486,.T.);
#3676=EDGE_CURVE('',#2859,#2862,#127,.T.);
#3677=EDGE_CURVE('',#2863,#2861,#487,.T.);
#3678=EDGE_CURVE('',#2864,#2863,#488,.T.);
#3679=EDGE_CURVE('',#2865,#2864,#1257,.T.);
#3680=EDGE_CURVE('',#2866,#2865,#489,.T.);
#3681=EDGE_CURVE('',#2862,#2866,#1258,.T.);
#3682=EDGE_CURVE('',#2852,#2867,#1259,.T.);
#3683=EDGE_CURVE('',#2868,#2851,#2387,.T.);
#3684=EDGE_CURVE('',#2869,#2868,#490,.T.);
#3685=EDGE_CURVE('',#2867,#2869,#1260,.T.);
#3686=EDGE_CURVE('',#2870,#2871,#1261,.T.);
#3687=EDGE_CURVE('',#2870,#2872,#491,.T.);
#3688=EDGE_CURVE('',#2873,#2872,#2388,.T.);
#3689=EDGE_CURVE('',#2871,#2873,#492,.T.);
#3690=EDGE_CURVE('',#2871,#2874,#128,.T.);
#3691=EDGE_CURVE('',#2875,#2873,#493,.T.);
#3692=EDGE_CURVE('',#2876,#2875,#494,.T.);
#3693=EDGE_CURVE('',#2877,#2876,#1262,.T.);
#3694=EDGE_CURVE('',#2878,#2877,#495,.T.);
#3695=EDGE_CURVE('',#2874,#2878,#1263,.T.);
#3696=EDGE_CURVE('',#2864,#2879,#1264,.T.);
#3697=EDGE_CURVE('',#2880,#2863,#2389,.T.);
#3698=EDGE_CURVE('',#2881,#2880,#496,.T.);
#3699=EDGE_CURVE('',#2879,#2881,#1265,.T.);
#3700=EDGE_CURVE('',#2882,#2883,#1266,.T.);
#3701=EDGE_CURVE('',#2882,#2884,#497,.T.);
#3702=EDGE_CURVE('',#2885,#2884,#2390,.T.);
#3703=EDGE_CURVE('',#2883,#2885,#498,.T.);
#3704=EDGE_CURVE('',#2883,#2886,#129,.T.);
#3705=EDGE_CURVE('',#2887,#2885,#499,.T.);
#3706=EDGE_CURVE('',#2888,#2887,#500,.T.);
#3707=EDGE_CURVE('',#2889,#2888,#1267,.T.);
#3708=EDGE_CURVE('',#2890,#2889,#501,.T.);
#3709=EDGE_CURVE('',#2886,#2890,#1268,.T.);
#3710=EDGE_CURVE('',#2876,#2891,#1269,.T.);
#3711=EDGE_CURVE('',#2892,#2875,#2391,.T.);
#3712=EDGE_CURVE('',#2893,#2892,#502,.T.);
#3713=EDGE_CURVE('',#2891,#2893,#1270,.T.);
#3714=EDGE_CURVE('',#2894,#2895,#1271,.T.);
#3715=EDGE_CURVE('',#2894,#2896,#503,.T.);
#3716=EDGE_CURVE('',#2897,#2896,#2392,.T.);
#3717=EDGE_CURVE('',#2895,#2897,#504,.T.);
#3718=EDGE_CURVE('',#2895,#2898,#130,.T.);
#3719=EDGE_CURVE('',#2899,#2897,#505,.T.);
#3720=EDGE_CURVE('',#2900,#2899,#506,.T.);
#3721=EDGE_CURVE('',#2901,#2900,#1272,.T.);
#3722=EDGE_CURVE('',#2902,#2901,#507,.T.);
#3723=EDGE_CURVE('',#2898,#2902,#1273,.T.);
#3724=EDGE_CURVE('',#2888,#2903,#1274,.T.);
#3725=EDGE_CURVE('',#2904,#2887,#2393,.T.);
#3726=EDGE_CURVE('',#2905,#2904,#508,.T.);
#3727=EDGE_CURVE('',#2903,#2905,#1275,.T.);
#3728=EDGE_CURVE('',#2906,#2907,#1276,.T.);
#3729=EDGE_CURVE('',#2906,#2908,#509,.T.);
#3730=EDGE_CURVE('',#2909,#2908,#2394,.T.);
#3731=EDGE_CURVE('',#2907,#2909,#510,.T.);
#3732=EDGE_CURVE('',#2907,#2910,#131,.T.);
#3733=EDGE_CURVE('',#2911,#2909,#511,.T.);
#3734=EDGE_CURVE('',#2912,#2911,#512,.T.);
#3735=EDGE_CURVE('',#2913,#2912,#1277,.T.);
#3736=EDGE_CURVE('',#2914,#2913,#513,.T.);
#3737=EDGE_CURVE('',#2910,#2914,#1278,.T.);
#3738=EDGE_CURVE('',#2900,#2915,#1279,.T.);
#3739=EDGE_CURVE('',#2916,#2899,#2395,.T.);
#3740=EDGE_CURVE('',#2917,#2916,#514,.T.);
#3741=EDGE_CURVE('',#2915,#2917,#1280,.T.);
#3742=EDGE_CURVE('',#2918,#2919,#1281,.T.);
#3743=EDGE_CURVE('',#2918,#2920,#515,.T.);
#3744=EDGE_CURVE('',#2921,#2920,#2396,.T.);
#3745=EDGE_CURVE('',#2919,#2921,#516,.T.);
#3746=EDGE_CURVE('',#2919,#2922,#132,.T.);
#3747=EDGE_CURVE('',#2923,#2921,#517,.T.);
#3748=EDGE_CURVE('',#2924,#2923,#518,.T.);
#3749=EDGE_CURVE('',#2925,#2924,#1282,.T.);
#3750=EDGE_CURVE('',#2926,#2925,#519,.T.);
#3751=EDGE_CURVE('',#2922,#2926,#1283,.T.);
#3752=EDGE_CURVE('',#2912,#2927,#1284,.T.);
#3753=EDGE_CURVE('',#2928,#2911,#2397,.T.);
#3754=EDGE_CURVE('',#2929,#2928,#520,.T.);
#3755=EDGE_CURVE('',#2927,#2929,#1285,.T.);
#3756=EDGE_CURVE('',#2930,#2931,#1286,.T.);
#3757=EDGE_CURVE('',#2930,#2932,#521,.T.);
#3758=EDGE_CURVE('',#2933,#2932,#2398,.T.);
#3759=EDGE_CURVE('',#2931,#2933,#522,.T.);
#3760=EDGE_CURVE('',#2931,#2934,#133,.T.);
#3761=EDGE_CURVE('',#2935,#2933,#523,.T.);
#3762=EDGE_CURVE('',#2936,#2935,#524,.T.);
#3763=EDGE_CURVE('',#2937,#2936,#1287,.T.);
#3764=EDGE_CURVE('',#2938,#2937,#525,.T.);
#3765=EDGE_CURVE('',#2934,#2938,#1288,.T.);
#3766=EDGE_CURVE('',#2924,#2939,#1289,.T.);
#3767=EDGE_CURVE('',#2940,#2923,#2399,.T.);
#3768=EDGE_CURVE('',#2941,#2940,#526,.T.);
#3769=EDGE_CURVE('',#2939,#2941,#1290,.T.);
#3770=EDGE_CURVE('',#2942,#2943,#1291,.T.);
#3771=EDGE_CURVE('',#2942,#2944,#527,.T.);
#3772=EDGE_CURVE('',#2945,#2944,#2400,.T.);
#3773=EDGE_CURVE('',#2943,#2945,#528,.T.);
#3774=EDGE_CURVE('',#2943,#2946,#134,.T.);
#3775=EDGE_CURVE('',#2947,#2945,#529,.T.);
#3776=EDGE_CURVE('',#2948,#2947,#530,.T.);
#3777=EDGE_CURVE('',#2949,#2948,#1292,.T.);
#3778=EDGE_CURVE('',#2950,#2949,#531,.T.);
#3779=EDGE_CURVE('',#2946,#2950,#1293,.T.);
#3780=EDGE_CURVE('',#2936,#2951,#1294,.T.);
#3781=EDGE_CURVE('',#2952,#2935,#2401,.T.);
#3782=EDGE_CURVE('',#2953,#2952,#532,.T.);
#3783=EDGE_CURVE('',#2951,#2953,#1295,.T.);
#3784=EDGE_CURVE('',#2954,#2955,#1296,.T.);
#3785=EDGE_CURVE('',#2954,#2956,#533,.T.);
#3786=EDGE_CURVE('',#2957,#2956,#2402,.T.);
#3787=EDGE_CURVE('',#2955,#2957,#534,.T.);
#3788=EDGE_CURVE('',#2955,#2958,#135,.T.);
#3789=EDGE_CURVE('',#2959,#2957,#535,.T.);
#3790=EDGE_CURVE('',#2960,#2959,#536,.T.);
#3791=EDGE_CURVE('',#2961,#2960,#1297,.T.);
#3792=EDGE_CURVE('',#2962,#2961,#537,.T.);
#3793=EDGE_CURVE('',#2958,#2962,#1298,.T.);
#3794=EDGE_CURVE('',#2948,#2963,#1299,.T.);
#3795=EDGE_CURVE('',#2964,#2947,#2403,.T.);
#3796=EDGE_CURVE('',#2965,#2964,#538,.T.);
#3797=EDGE_CURVE('',#2963,#2965,#1300,.T.);
#3798=EDGE_CURVE('',#2966,#2967,#1301,.T.);
#3799=EDGE_CURVE('',#2966,#2968,#539,.T.);
#3800=EDGE_CURVE('',#2969,#2968,#2404,.T.);
#3801=EDGE_CURVE('',#2967,#2969,#540,.T.);
#3802=EDGE_CURVE('',#2967,#2970,#136,.T.);
#3803=EDGE_CURVE('',#2971,#2969,#541,.T.);
#3804=EDGE_CURVE('',#2972,#2971,#542,.T.);
#3805=EDGE_CURVE('',#2973,#2972,#1302,.T.);
#3806=EDGE_CURVE('',#2974,#2973,#543,.T.);
#3807=EDGE_CURVE('',#2970,#2974,#1303,.T.);
#3808=EDGE_CURVE('',#2960,#2975,#1304,.T.);
#3809=EDGE_CURVE('',#2976,#2959,#2405,.T.);
#3810=EDGE_CURVE('',#2977,#2976,#544,.T.);
#3811=EDGE_CURVE('',#2975,#2977,#1305,.T.);
#3812=EDGE_CURVE('',#2978,#2979,#1306,.T.);
#3813=EDGE_CURVE('',#2978,#2980,#545,.T.);
#3814=EDGE_CURVE('',#2981,#2980,#2406,.T.);
#3815=EDGE_CURVE('',#2979,#2981,#546,.T.);
#3816=EDGE_CURVE('',#2979,#2982,#137,.T.);
#3817=EDGE_CURVE('',#2983,#2981,#547,.T.);
#3818=EDGE_CURVE('',#2984,#2983,#548,.T.);
#3819=EDGE_CURVE('',#2985,#2984,#1307,.T.);
#3820=EDGE_CURVE('',#2986,#2985,#549,.T.);
#3821=EDGE_CURVE('',#2982,#2986,#1308,.T.);
#3822=EDGE_CURVE('',#2972,#2987,#1309,.T.);
#3823=EDGE_CURVE('',#2988,#2971,#2407,.T.);
#3824=EDGE_CURVE('',#2989,#2988,#550,.T.);
#3825=EDGE_CURVE('',#2987,#2989,#1310,.T.);
#3826=EDGE_CURVE('',#2990,#2991,#1311,.T.);
#3827=EDGE_CURVE('',#2990,#2992,#551,.T.);
#3828=EDGE_CURVE('',#2993,#2992,#2408,.T.);
#3829=EDGE_CURVE('',#2991,#2993,#552,.T.);
#3830=EDGE_CURVE('',#2991,#2994,#138,.T.);
#3831=EDGE_CURVE('',#2995,#2993,#553,.T.);
#3832=EDGE_CURVE('',#2996,#2995,#554,.T.);
#3833=EDGE_CURVE('',#2997,#2996,#1312,.T.);
#3834=EDGE_CURVE('',#2998,#2997,#555,.T.);
#3835=EDGE_CURVE('',#2994,#2998,#1313,.T.);
#3836=EDGE_CURVE('',#2984,#2999,#1314,.T.);
#3837=EDGE_CURVE('',#3000,#2983,#2409,.T.);
#3838=EDGE_CURVE('',#3001,#3000,#556,.T.);
#3839=EDGE_CURVE('',#2999,#3001,#1315,.T.);
#3840=EDGE_CURVE('',#3002,#3003,#1316,.T.);
#3841=EDGE_CURVE('',#3002,#3004,#557,.T.);
#3842=EDGE_CURVE('',#3005,#3004,#2410,.T.);
#3843=EDGE_CURVE('',#3003,#3005,#558,.T.);
#3844=EDGE_CURVE('',#3003,#3006,#139,.T.);
#3845=EDGE_CURVE('',#3007,#3005,#559,.T.);
#3846=EDGE_CURVE('',#3008,#3007,#560,.T.);
#3847=EDGE_CURVE('',#3009,#3008,#1317,.T.);
#3848=EDGE_CURVE('',#3010,#3009,#561,.T.);
#3849=EDGE_CURVE('',#3006,#3010,#1318,.T.);
#3850=EDGE_CURVE('',#2996,#3011,#1319,.T.);
#3851=EDGE_CURVE('',#3012,#2995,#2411,.T.);
#3852=EDGE_CURVE('',#3013,#3012,#562,.T.);
#3853=EDGE_CURVE('',#3011,#3013,#1320,.T.);
#3854=EDGE_CURVE('',#3014,#3015,#1321,.T.);
#3855=EDGE_CURVE('',#3014,#3016,#563,.T.);
#3856=EDGE_CURVE('',#3017,#3016,#2412,.T.);
#3857=EDGE_CURVE('',#3015,#3017,#564,.T.);
#3858=EDGE_CURVE('',#3015,#3018,#140,.T.);
#3859=EDGE_CURVE('',#3019,#3017,#565,.T.);
#3860=EDGE_CURVE('',#3020,#3019,#566,.T.);
#3861=EDGE_CURVE('',#3021,#3020,#1322,.T.);
#3862=EDGE_CURVE('',#3022,#3021,#567,.T.);
#3863=EDGE_CURVE('',#3018,#3022,#1323,.T.);
#3864=EDGE_CURVE('',#3008,#3023,#1324,.T.);
#3865=EDGE_CURVE('',#3024,#3007,#2413,.T.);
#3866=EDGE_CURVE('',#3025,#3024,#568,.T.);
#3867=EDGE_CURVE('',#3023,#3025,#1325,.T.);
#3868=EDGE_CURVE('',#3026,#3027,#1326,.T.);
#3869=EDGE_CURVE('',#3026,#3028,#569,.T.);
#3870=EDGE_CURVE('',#3029,#3028,#2414,.T.);
#3871=EDGE_CURVE('',#3027,#3029,#570,.T.);
#3872=EDGE_CURVE('',#3027,#3030,#141,.T.);
#3873=EDGE_CURVE('',#3031,#3029,#571,.T.);
#3874=EDGE_CURVE('',#3032,#3031,#572,.T.);
#3875=EDGE_CURVE('',#3033,#3032,#1327,.T.);
#3876=EDGE_CURVE('',#3034,#3033,#573,.T.);
#3877=EDGE_CURVE('',#3030,#3034,#1328,.T.);
#3878=EDGE_CURVE('',#3020,#3035,#1329,.T.);
#3879=EDGE_CURVE('',#3036,#3019,#2415,.T.);
#3880=EDGE_CURVE('',#3037,#3036,#574,.T.);
#3881=EDGE_CURVE('',#3035,#3037,#1330,.T.);
#3882=EDGE_CURVE('',#3038,#3039,#1331,.T.);
#3883=EDGE_CURVE('',#3038,#3040,#575,.T.);
#3884=EDGE_CURVE('',#3041,#3040,#2416,.T.);
#3885=EDGE_CURVE('',#3039,#3041,#576,.T.);
#3886=EDGE_CURVE('',#3039,#3042,#142,.T.);
#3887=EDGE_CURVE('',#3043,#3041,#577,.T.);
#3888=EDGE_CURVE('',#3044,#3043,#578,.T.);
#3889=EDGE_CURVE('',#3045,#3044,#1332,.T.);
#3890=EDGE_CURVE('',#3046,#3045,#579,.T.);
#3891=EDGE_CURVE('',#3042,#3046,#1333,.T.);
#3892=EDGE_CURVE('',#3032,#3047,#1334,.T.);
#3893=EDGE_CURVE('',#3048,#3031,#2417,.T.);
#3894=EDGE_CURVE('',#3049,#3048,#580,.T.);
#3895=EDGE_CURVE('',#3047,#3049,#1335,.T.);
#3896=EDGE_CURVE('',#3050,#3051,#1336,.T.);
#3897=EDGE_CURVE('',#3050,#3052,#581,.T.);
#3898=EDGE_CURVE('',#3053,#3052,#2418,.T.);
#3899=EDGE_CURVE('',#3051,#3053,#582,.T.);
#3900=EDGE_CURVE('',#3051,#3054,#143,.T.);
#3901=EDGE_CURVE('',#3055,#3053,#583,.T.);
#3902=EDGE_CURVE('',#3056,#3055,#584,.T.);
#3903=EDGE_CURVE('',#3057,#3056,#1337,.T.);
#3904=EDGE_CURVE('',#3058,#3057,#585,.T.);
#3905=EDGE_CURVE('',#3054,#3058,#1338,.T.);
#3906=EDGE_CURVE('',#3044,#3059,#1339,.T.);
#3907=EDGE_CURVE('',#3060,#3043,#2419,.T.);
#3908=EDGE_CURVE('',#3061,#3060,#586,.T.);
#3909=EDGE_CURVE('',#3059,#3061,#1340,.T.);
#3910=EDGE_CURVE('',#3062,#3063,#1341,.T.);
#3911=EDGE_CURVE('',#3062,#3064,#587,.T.);
#3912=EDGE_CURVE('',#3065,#3064,#2420,.T.);
#3913=EDGE_CURVE('',#3063,#3065,#588,.T.);
#3914=EDGE_CURVE('',#3063,#3066,#144,.T.);
#3915=EDGE_CURVE('',#3067,#3065,#589,.T.);
#3916=EDGE_CURVE('',#3068,#3067,#590,.T.);
#3917=EDGE_CURVE('',#3069,#3068,#1342,.T.);
#3918=EDGE_CURVE('',#3070,#3069,#591,.T.);
#3919=EDGE_CURVE('',#3066,#3070,#1343,.T.);
#3920=EDGE_CURVE('',#3056,#3071,#1344,.T.);
#3921=EDGE_CURVE('',#3072,#3055,#2421,.T.);
#3922=EDGE_CURVE('',#3073,#3072,#592,.T.);
#3923=EDGE_CURVE('',#3071,#3073,#1345,.T.);
#3924=EDGE_CURVE('',#3074,#3075,#1346,.T.);
#3925=EDGE_CURVE('',#3074,#3076,#593,.T.);
#3926=EDGE_CURVE('',#3077,#3076,#2422,.T.);
#3927=EDGE_CURVE('',#3075,#3077,#594,.T.);
#3928=EDGE_CURVE('',#3075,#3078,#145,.T.);
#3929=EDGE_CURVE('',#3079,#3077,#595,.T.);
#3930=EDGE_CURVE('',#3080,#3079,#596,.T.);
#3931=EDGE_CURVE('',#3081,#3080,#1347,.T.);
#3932=EDGE_CURVE('',#3082,#3081,#597,.T.);
#3933=EDGE_CURVE('',#3078,#3082,#1348,.T.);
#3934=EDGE_CURVE('',#3068,#3083,#1349,.T.);
#3935=EDGE_CURVE('',#3084,#3067,#2423,.T.);
#3936=EDGE_CURVE('',#3085,#3084,#598,.T.);
#3937=EDGE_CURVE('',#3083,#3085,#1350,.T.);
#3938=EDGE_CURVE('',#3086,#3087,#1351,.T.);
#3939=EDGE_CURVE('',#3086,#3088,#599,.T.);
#3940=EDGE_CURVE('',#3089,#3088,#2424,.T.);
#3941=EDGE_CURVE('',#3087,#3089,#600,.T.);
#3942=EDGE_CURVE('',#3087,#3090,#146,.T.);
#3943=EDGE_CURVE('',#3091,#3089,#601,.T.);
#3944=EDGE_CURVE('',#3092,#3091,#602,.T.);
#3945=EDGE_CURVE('',#3093,#3092,#1352,.T.);
#3946=EDGE_CURVE('',#3094,#3093,#603,.T.);
#3947=EDGE_CURVE('',#3090,#3094,#1353,.T.);
#3948=EDGE_CURVE('',#3080,#3095,#1354,.T.);
#3949=EDGE_CURVE('',#3096,#3079,#2425,.T.);
#3950=EDGE_CURVE('',#3097,#3096,#604,.T.);
#3951=EDGE_CURVE('',#3095,#3097,#1355,.T.);
#3952=EDGE_CURVE('',#3098,#3099,#1356,.T.);
#3953=EDGE_CURVE('',#3098,#3100,#605,.T.);
#3954=EDGE_CURVE('',#3101,#3100,#2426,.T.);
#3955=EDGE_CURVE('',#3099,#3101,#606,.T.);
#3956=EDGE_CURVE('',#3099,#3102,#147,.T.);
#3957=EDGE_CURVE('',#3103,#3101,#607,.T.);
#3958=EDGE_CURVE('',#3104,#3103,#608,.T.);
#3959=EDGE_CURVE('',#3105,#3104,#1357,.T.);
#3960=EDGE_CURVE('',#3106,#3105,#609,.T.);
#3961=EDGE_CURVE('',#3102,#3106,#1358,.T.);
#3962=EDGE_CURVE('',#3092,#3107,#1359,.T.);
#3963=EDGE_CURVE('',#3108,#3091,#2427,.T.);
#3964=EDGE_CURVE('',#3109,#3108,#610,.T.);
#3965=EDGE_CURVE('',#3107,#3109,#1360,.T.);
#3966=EDGE_CURVE('',#3110,#3111,#1361,.T.);
#3967=EDGE_CURVE('',#3110,#3112,#611,.T.);
#3968=EDGE_CURVE('',#3113,#3112,#2428,.T.);
#3969=EDGE_CURVE('',#3111,#3113,#612,.T.);
#3970=EDGE_CURVE('',#3111,#3114,#148,.T.);
#3971=EDGE_CURVE('',#3115,#3113,#613,.T.);
#3972=EDGE_CURVE('',#3116,#3115,#614,.T.);
#3973=EDGE_CURVE('',#3117,#3116,#1362,.T.);
#3974=EDGE_CURVE('',#3118,#3117,#615,.T.);
#3975=EDGE_CURVE('',#3114,#3118,#1363,.T.);
#3976=EDGE_CURVE('',#3104,#3119,#1364,.T.);
#3977=EDGE_CURVE('',#3120,#3103,#2429,.T.);
#3978=EDGE_CURVE('',#3121,#3120,#616,.T.);
#3979=EDGE_CURVE('',#3119,#3121,#1365,.T.);
#3980=EDGE_CURVE('',#3122,#3123,#1366,.T.);
#3981=EDGE_CURVE('',#3122,#3124,#617,.T.);
#3982=EDGE_CURVE('',#3125,#3124,#2430,.T.);
#3983=EDGE_CURVE('',#3123,#3125,#618,.T.);
#3984=EDGE_CURVE('',#3123,#3126,#149,.T.);
#3985=EDGE_CURVE('',#3127,#3125,#619,.T.);
#3986=EDGE_CURVE('',#3128,#3127,#620,.T.);
#3987=EDGE_CURVE('',#3129,#3128,#1367,.T.);
#3988=EDGE_CURVE('',#3130,#3129,#621,.T.);
#3989=EDGE_CURVE('',#3126,#3130,#1368,.T.);
#3990=EDGE_CURVE('',#3116,#3131,#1369,.T.);
#3991=EDGE_CURVE('',#3132,#3115,#2431,.T.);
#3992=EDGE_CURVE('',#3133,#3132,#622,.T.);
#3993=EDGE_CURVE('',#3131,#3133,#1370,.T.);
#3994=EDGE_CURVE('',#3134,#3135,#1371,.T.);
#3995=EDGE_CURVE('',#3134,#3136,#623,.T.);
#3996=EDGE_CURVE('',#3137,#3136,#2432,.T.);
#3997=EDGE_CURVE('',#3135,#3137,#624,.T.);
#3998=EDGE_CURVE('',#3135,#3138,#150,.T.);
#3999=EDGE_CURVE('',#3139,#3137,#625,.T.);
#4000=EDGE_CURVE('',#3140,#3139,#626,.T.);
#4001=EDGE_CURVE('',#3141,#3140,#1372,.T.);
#4002=EDGE_CURVE('',#3142,#3141,#627,.T.);
#4003=EDGE_CURVE('',#3138,#3142,#1373,.T.);
#4004=EDGE_CURVE('',#3128,#3143,#1374,.T.);
#4005=EDGE_CURVE('',#3144,#3127,#2433,.T.);
#4006=EDGE_CURVE('',#3145,#3144,#628,.T.);
#4007=EDGE_CURVE('',#3143,#3145,#1375,.T.);
#4008=EDGE_CURVE('',#3146,#3147,#1376,.T.);
#4009=EDGE_CURVE('',#3146,#3148,#629,.T.);
#4010=EDGE_CURVE('',#3149,#3148,#2434,.T.);
#4011=EDGE_CURVE('',#3147,#3149,#630,.T.);
#4012=EDGE_CURVE('',#3147,#3150,#151,.T.);
#4013=EDGE_CURVE('',#3151,#3149,#631,.T.);
#4014=EDGE_CURVE('',#3152,#3151,#632,.T.);
#4015=EDGE_CURVE('',#3153,#3152,#1377,.T.);
#4016=EDGE_CURVE('',#3154,#3153,#633,.T.);
#4017=EDGE_CURVE('',#3150,#3154,#1378,.T.);
#4018=EDGE_CURVE('',#3140,#3155,#1379,.T.);
#4019=EDGE_CURVE('',#3156,#3139,#2435,.T.);
#4020=EDGE_CURVE('',#3157,#3156,#634,.T.);
#4021=EDGE_CURVE('',#3155,#3157,#1380,.T.);
#4022=EDGE_CURVE('',#3158,#3159,#1381,.T.);
#4023=EDGE_CURVE('',#3158,#3160,#635,.T.);
#4024=EDGE_CURVE('',#3161,#3160,#2436,.T.);
#4025=EDGE_CURVE('',#3159,#3161,#636,.T.);
#4026=EDGE_CURVE('',#3159,#3162,#152,.T.);
#4027=EDGE_CURVE('',#3163,#3161,#637,.T.);
#4028=EDGE_CURVE('',#3164,#3163,#638,.T.);
#4029=EDGE_CURVE('',#3165,#3164,#1382,.T.);
#4030=EDGE_CURVE('',#3166,#3165,#639,.T.);
#4031=EDGE_CURVE('',#3162,#3166,#1383,.T.);
#4032=EDGE_CURVE('',#3152,#3167,#1384,.T.);
#4033=EDGE_CURVE('',#3168,#3151,#2437,.T.);
#4034=EDGE_CURVE('',#3169,#3168,#640,.T.);
#4035=EDGE_CURVE('',#3167,#3169,#1385,.T.);
#4036=EDGE_CURVE('',#3170,#3171,#1386,.T.);
#4037=EDGE_CURVE('',#3170,#3172,#641,.T.);
#4038=EDGE_CURVE('',#3173,#3172,#642,.T.);
#4039=EDGE_CURVE('',#3174,#3173,#643,.T.);
#4040=EDGE_CURVE('',#3175,#3174,#153,.T.);
#4041=EDGE_CURVE('',#3176,#3175,#1387,.T.);
#4042=EDGE_CURVE('',#3171,#3176,#644,.T.);
#4043=EDGE_CURVE('',#3164,#3177,#1388,.T.);
#4044=EDGE_CURVE('',#3172,#3163,#2438,.T.);
#4045=EDGE_CURVE('',#3177,#3170,#1389,.T.);
#4046=EDGE_CURVE('',#3174,#3178,#1390,.T.);
#4047=EDGE_CURVE('',#3179,#3173,#2439,.T.);
#4048=EDGE_CURVE('',#3178,#3179,#645,.T.);
#4049=EDGE_CURVE('',#3178,#3180,#154,.T.);
#4050=EDGE_CURVE('',#3181,#3179,#646,.T.);
#4051=EDGE_CURVE('',#3182,#3181,#647,.T.);
#4052=EDGE_CURVE('',#3183,#3182,#1391,.T.);
#4053=EDGE_CURVE('',#3184,#3183,#648,.T.);
#4054=EDGE_CURVE('',#3180,#3184,#1392,.T.);
#4055=EDGE_CURVE('',#3185,#2664,#155,.T.);
#4056=EDGE_CURVE('',#3186,#3185,#1393,.T.);
#4057=EDGE_CURVE('',#3187,#3186,#649,.T.);
#4058=EDGE_CURVE('',#2677,#3187,#1394,.T.);
#4059=EDGE_CURVE('',#2666,#2676,#650,.T.);
#4060=EDGE_CURVE('',#3188,#2678,#156,.T.);
#4061=EDGE_CURVE('',#3189,#3188,#1395,.T.);
#4062=EDGE_CURVE('',#3190,#3189,#651,.T.);
#4063=EDGE_CURVE('',#2689,#3190,#1396,.T.);
#4064=EDGE_CURVE('',#2680,#2688,#652,.T.);
#4065=EDGE_CURVE('',#3191,#2690,#157,.T.);
#4066=EDGE_CURVE('',#3192,#3191,#1397,.T.);
#4067=EDGE_CURVE('',#3193,#3192,#653,.T.);
#4068=EDGE_CURVE('',#2701,#3193,#1398,.T.);
#4069=EDGE_CURVE('',#2692,#2700,#654,.T.);
#4070=EDGE_CURVE('',#3194,#2702,#158,.T.);
#4071=EDGE_CURVE('',#3195,#3194,#1399,.T.);
#4072=EDGE_CURVE('',#3196,#3195,#655,.T.);
#4073=EDGE_CURVE('',#2713,#3196,#1400,.T.);
#4074=EDGE_CURVE('',#2704,#2712,#656,.T.);
#4075=EDGE_CURVE('',#3197,#2714,#159,.T.);
#4076=EDGE_CURVE('',#3198,#3197,#1401,.T.);
#4077=EDGE_CURVE('',#3199,#3198,#657,.T.);
#4078=EDGE_CURVE('',#2725,#3199,#1402,.T.);
#4079=EDGE_CURVE('',#2716,#2724,#658,.T.);
#4080=EDGE_CURVE('',#3200,#2726,#160,.T.);
#4081=EDGE_CURVE('',#3201,#3200,#1403,.T.);
#4082=EDGE_CURVE('',#3202,#3201,#659,.T.);
#4083=EDGE_CURVE('',#2737,#3202,#1404,.T.);
#4084=EDGE_CURVE('',#2728,#2736,#660,.T.);
#4085=EDGE_CURVE('',#3203,#2738,#161,.T.);
#4086=EDGE_CURVE('',#3204,#3203,#1405,.T.);
#4087=EDGE_CURVE('',#3205,#3204,#661,.T.);
#4088=EDGE_CURVE('',#2749,#3205,#1406,.T.);
#4089=EDGE_CURVE('',#2740,#2748,#662,.T.);
#4090=EDGE_CURVE('',#3206,#2750,#162,.T.);
#4091=EDGE_CURVE('',#3207,#3206,#1407,.T.);
#4092=EDGE_CURVE('',#3208,#3207,#663,.T.);
#4093=EDGE_CURVE('',#2761,#3208,#1408,.T.);
#4094=EDGE_CURVE('',#2752,#2760,#664,.T.);
#4095=EDGE_CURVE('',#3209,#2762,#163,.T.);
#4096=EDGE_CURVE('',#3210,#3209,#1409,.T.);
#4097=EDGE_CURVE('',#3211,#3210,#665,.T.);
#4098=EDGE_CURVE('',#2773,#3211,#1410,.T.);
#4099=EDGE_CURVE('',#2764,#2772,#666,.T.);
#4100=EDGE_CURVE('',#3212,#2774,#164,.T.);
#4101=EDGE_CURVE('',#3213,#3212,#1411,.T.);
#4102=EDGE_CURVE('',#3214,#3213,#667,.T.);
#4103=EDGE_CURVE('',#2785,#3214,#1412,.T.);
#4104=EDGE_CURVE('',#2776,#2784,#668,.T.);
#4105=EDGE_CURVE('',#3215,#2786,#165,.T.);
#4106=EDGE_CURVE('',#3216,#3215,#1413,.T.);
#4107=EDGE_CURVE('',#3217,#3216,#669,.T.);
#4108=EDGE_CURVE('',#2797,#3217,#1414,.T.);
#4109=EDGE_CURVE('',#2788,#2796,#670,.T.);
#4110=EDGE_CURVE('',#3218,#2798,#166,.T.);
#4111=EDGE_CURVE('',#3219,#3218,#1415,.T.);
#4112=EDGE_CURVE('',#3220,#3219,#671,.T.);
#4113=EDGE_CURVE('',#2809,#3220,#1416,.T.);
#4114=EDGE_CURVE('',#2800,#2808,#672,.T.);
#4115=EDGE_CURVE('',#3221,#2810,#167,.T.);
#4116=EDGE_CURVE('',#3222,#3221,#1417,.T.);
#4117=EDGE_CURVE('',#3223,#3222,#673,.T.);
#4118=EDGE_CURVE('',#2821,#3223,#1418,.T.);
#4119=EDGE_CURVE('',#2812,#2820,#674,.T.);
#4120=EDGE_CURVE('',#3224,#2822,#168,.T.);
#4121=EDGE_CURVE('',#3225,#3224,#1419,.T.);
#4122=EDGE_CURVE('',#3226,#3225,#675,.T.);
#4123=EDGE_CURVE('',#2833,#3226,#1420,.T.);
#4124=EDGE_CURVE('',#2824,#2832,#676,.T.);
#4125=EDGE_CURVE('',#3227,#2834,#169,.T.);
#4126=EDGE_CURVE('',#3228,#3227,#1421,.T.);
#4127=EDGE_CURVE('',#3229,#3228,#677,.T.);
#4128=EDGE_CURVE('',#2845,#3229,#1422,.T.);
#4129=EDGE_CURVE('',#2836,#2844,#678,.T.);
#4130=EDGE_CURVE('',#3230,#2846,#170,.T.);
#4131=EDGE_CURVE('',#3231,#3230,#1423,.T.);
#4132=EDGE_CURVE('',#3232,#3231,#679,.T.);
#4133=EDGE_CURVE('',#2857,#3232,#1424,.T.);
#4134=EDGE_CURVE('',#2848,#2856,#680,.T.);
#4135=EDGE_CURVE('',#3233,#2858,#171,.T.);
#4136=EDGE_CURVE('',#3234,#3233,#1425,.T.);
#4137=EDGE_CURVE('',#3235,#3234,#681,.T.);
#4138=EDGE_CURVE('',#2869,#3235,#1426,.T.);
#4139=EDGE_CURVE('',#2860,#2868,#682,.T.);
#4140=EDGE_CURVE('',#3236,#2870,#172,.T.);
#4141=EDGE_CURVE('',#3237,#3236,#1427,.T.);
#4142=EDGE_CURVE('',#3238,#3237,#683,.T.);
#4143=EDGE_CURVE('',#2881,#3238,#1428,.T.);
#4144=EDGE_CURVE('',#2872,#2880,#684,.T.);
#4145=EDGE_CURVE('',#3239,#2882,#173,.T.);
#4146=EDGE_CURVE('',#3240,#3239,#1429,.T.);
#4147=EDGE_CURVE('',#3241,#3240,#685,.T.);
#4148=EDGE_CURVE('',#2893,#3241,#1430,.T.);
#4149=EDGE_CURVE('',#2884,#2892,#686,.T.);
#4150=EDGE_CURVE('',#3242,#2894,#174,.T.);
#4151=EDGE_CURVE('',#3243,#3242,#1431,.T.);
#4152=EDGE_CURVE('',#3244,#3243,#687,.T.);
#4153=EDGE_CURVE('',#2905,#3244,#1432,.T.);
#4154=EDGE_CURVE('',#2896,#2904,#688,.T.);
#4155=EDGE_CURVE('',#3245,#2906,#175,.T.);
#4156=EDGE_CURVE('',#3246,#3245,#1433,.T.);
#4157=EDGE_CURVE('',#3247,#3246,#689,.T.);
#4158=EDGE_CURVE('',#2917,#3247,#1434,.T.);
#4159=EDGE_CURVE('',#2908,#2916,#690,.T.);
#4160=EDGE_CURVE('',#3248,#2918,#176,.T.);
#4161=EDGE_CURVE('',#3249,#3248,#1435,.T.);
#4162=EDGE_CURVE('',#3250,#3249,#691,.T.);
#4163=EDGE_CURVE('',#2929,#3250,#1436,.T.);
#4164=EDGE_CURVE('',#2920,#2928,#692,.T.);
#4165=EDGE_CURVE('',#3251,#2930,#177,.T.);
#4166=EDGE_CURVE('',#3252,#3251,#1437,.T.);
#4167=EDGE_CURVE('',#3253,#3252,#693,.T.);
#4168=EDGE_CURVE('',#2941,#3253,#1438,.T.);
#4169=EDGE_CURVE('',#2932,#2940,#694,.T.);
#4170=EDGE_CURVE('',#3254,#2942,#178,.T.);
#4171=EDGE_CURVE('',#3255,#3254,#1439,.T.);
#4172=EDGE_CURVE('',#3256,#3255,#695,.T.);
#4173=EDGE_CURVE('',#2953,#3256,#1440,.T.);
#4174=EDGE_CURVE('',#2944,#2952,#696,.T.);
#4175=EDGE_CURVE('',#3257,#2954,#179,.T.);
#4176=EDGE_CURVE('',#3258,#3257,#1441,.T.);
#4177=EDGE_CURVE('',#3259,#3258,#697,.T.);
#4178=EDGE_CURVE('',#2965,#3259,#1442,.T.);
#4179=EDGE_CURVE('',#2956,#2964,#698,.T.);
#4180=EDGE_CURVE('',#3260,#2966,#180,.T.);
#4181=EDGE_CURVE('',#3261,#3260,#1443,.T.);
#4182=EDGE_CURVE('',#3262,#3261,#699,.T.);
#4183=EDGE_CURVE('',#2977,#3262,#1444,.T.);
#4184=EDGE_CURVE('',#2968,#2976,#700,.T.);
#4185=EDGE_CURVE('',#3263,#2978,#181,.T.);
#4186=EDGE_CURVE('',#3264,#3263,#1445,.T.);
#4187=EDGE_CURVE('',#3265,#3264,#701,.T.);
#4188=EDGE_CURVE('',#2989,#3265,#1446,.T.);
#4189=EDGE_CURVE('',#2980,#2988,#702,.T.);
#4190=EDGE_CURVE('',#3266,#2990,#182,.T.);
#4191=EDGE_CURVE('',#3267,#3266,#1447,.T.);
#4192=EDGE_CURVE('',#3268,#3267,#703,.T.);
#4193=EDGE_CURVE('',#3001,#3268,#1448,.T.);
#4194=EDGE_CURVE('',#2992,#3000,#704,.T.);
#4195=EDGE_CURVE('',#3269,#3002,#183,.T.);
#4196=EDGE_CURVE('',#3270,#3269,#1449,.T.);
#4197=EDGE_CURVE('',#3271,#3270,#705,.T.);
#4198=EDGE_CURVE('',#3013,#3271,#1450,.T.);
#4199=EDGE_CURVE('',#3004,#3012,#706,.T.);
#4200=EDGE_CURVE('',#3272,#3014,#184,.T.);
#4201=EDGE_CURVE('',#3273,#3272,#1451,.T.);
#4202=EDGE_CURVE('',#3274,#3273,#707,.T.);
#4203=EDGE_CURVE('',#3025,#3274,#1452,.T.);
#4204=EDGE_CURVE('',#3016,#3024,#708,.T.);
#4205=EDGE_CURVE('',#3275,#3026,#185,.T.);
#4206=EDGE_CURVE('',#3276,#3275,#1453,.T.);
#4207=EDGE_CURVE('',#3277,#3276,#709,.T.);
#4208=EDGE_CURVE('',#3037,#3277,#1454,.T.);
#4209=EDGE_CURVE('',#3028,#3036,#710,.T.);
#4210=EDGE_CURVE('',#3278,#3038,#186,.T.);
#4211=EDGE_CURVE('',#3279,#3278,#1455,.T.);
#4212=EDGE_CURVE('',#3280,#3279,#711,.T.);
#4213=EDGE_CURVE('',#3049,#3280,#1456,.T.);
#4214=EDGE_CURVE('',#3040,#3048,#712,.T.);
#4215=EDGE_CURVE('',#3281,#3050,#187,.T.);
#4216=EDGE_CURVE('',#3282,#3281,#1457,.T.);
#4217=EDGE_CURVE('',#3283,#3282,#713,.T.);
#4218=EDGE_CURVE('',#3061,#3283,#1458,.T.);
#4219=EDGE_CURVE('',#3052,#3060,#714,.T.);
#4220=EDGE_CURVE('',#3284,#3062,#188,.T.);
#4221=EDGE_CURVE('',#3285,#3284,#1459,.T.);
#4222=EDGE_CURVE('',#3286,#3285,#715,.T.);
#4223=EDGE_CURVE('',#3073,#3286,#1460,.T.);
#4224=EDGE_CURVE('',#3064,#3072,#716,.T.);
#4225=EDGE_CURVE('',#3287,#3074,#189,.T.);
#4226=EDGE_CURVE('',#3288,#3287,#1461,.T.);
#4227=EDGE_CURVE('',#3289,#3288,#717,.T.);
#4228=EDGE_CURVE('',#3085,#3289,#1462,.T.);
#4229=EDGE_CURVE('',#3076,#3084,#718,.T.);
#4230=EDGE_CURVE('',#3290,#3086,#190,.T.);
#4231=EDGE_CURVE('',#3291,#3290,#1463,.T.);
#4232=EDGE_CURVE('',#3292,#3291,#719,.T.);
#4233=EDGE_CURVE('',#3097,#3292,#1464,.T.);
#4234=EDGE_CURVE('',#3088,#3096,#720,.T.);
#4235=EDGE_CURVE('',#3293,#3098,#191,.T.);
#4236=EDGE_CURVE('',#3294,#3293,#1465,.T.);
#4237=EDGE_CURVE('',#3295,#3294,#721,.T.);
#4238=EDGE_CURVE('',#3109,#3295,#1466,.T.);
#4239=EDGE_CURVE('',#3100,#3108,#722,.T.);
#4240=EDGE_CURVE('',#3296,#3110,#192,.T.);
#4241=EDGE_CURVE('',#3297,#3296,#1467,.T.);
#4242=EDGE_CURVE('',#3298,#3297,#723,.T.);
#4243=EDGE_CURVE('',#3121,#3298,#1468,.T.);
#4244=EDGE_CURVE('',#3112,#3120,#724,.T.);
#4245=EDGE_CURVE('',#3299,#3122,#193,.T.);
#4246=EDGE_CURVE('',#3300,#3299,#1469,.T.);
#4247=EDGE_CURVE('',#3301,#3300,#725,.T.);
#4248=EDGE_CURVE('',#3133,#3301,#1470,.T.);
#4249=EDGE_CURVE('',#3124,#3132,#726,.T.);
#4250=EDGE_CURVE('',#3302,#3134,#194,.T.);
#4251=EDGE_CURVE('',#3303,#3302,#1471,.T.);
#4252=EDGE_CURVE('',#3304,#3303,#727,.T.);
#4253=EDGE_CURVE('',#3145,#3304,#1472,.T.);
#4254=EDGE_CURVE('',#3136,#3144,#728,.T.);
#4255=EDGE_CURVE('',#3305,#3146,#195,.T.);
#4256=EDGE_CURVE('',#3306,#3305,#1473,.T.);
#4257=EDGE_CURVE('',#3307,#3306,#729,.T.);
#4258=EDGE_CURVE('',#3157,#3307,#1474,.T.);
#4259=EDGE_CURVE('',#3148,#3156,#730,.T.);
#4260=EDGE_CURVE('',#3308,#3158,#196,.T.);
#4261=EDGE_CURVE('',#3309,#3308,#1475,.T.);
#4262=EDGE_CURVE('',#3310,#3309,#731,.T.);
#4263=EDGE_CURVE('',#3169,#3310,#1476,.T.);
#4264=EDGE_CURVE('',#3160,#3168,#732,.T.);
#4265=EDGE_CURVE('',#3311,#2673,#1477,.T.);
#4266=EDGE_CURVE('',#3312,#3311,#733,.T.);
#4267=EDGE_CURVE('',#3313,#3312,#1478,.T.);
#4268=EDGE_CURVE('',#3314,#3313,#197,.T.);
#4269=EDGE_CURVE('',#3314,#3315,#734,.T.);
#4270=EDGE_CURVE('',#2675,#3315,#735,.T.);
#4271=EDGE_CURVE('',#3188,#2668,#2440,.T.);
#4272=EDGE_CURVE('',#3191,#2682,#2441,.T.);
#4273=EDGE_CURVE('',#3194,#2694,#2442,.T.);
#4274=EDGE_CURVE('',#3197,#2706,#2443,.T.);
#4275=EDGE_CURVE('',#3200,#2718,#2444,.T.);
#4276=EDGE_CURVE('',#3203,#2730,#2445,.T.);
#4277=EDGE_CURVE('',#3206,#2742,#2446,.T.);
#4278=EDGE_CURVE('',#3209,#2754,#2447,.T.);
#4279=EDGE_CURVE('',#3212,#2766,#2448,.T.);
#4280=EDGE_CURVE('',#3215,#2778,#2449,.T.);
#4281=EDGE_CURVE('',#3218,#2790,#2450,.T.);
#4282=EDGE_CURVE('',#3221,#2802,#2451,.T.);
#4283=EDGE_CURVE('',#3224,#2814,#2452,.T.);
#4284=EDGE_CURVE('',#3227,#2826,#2453,.T.);
#4285=EDGE_CURVE('',#3230,#2838,#2454,.T.);
#4286=EDGE_CURVE('',#3233,#2850,#2455,.T.);
#4287=EDGE_CURVE('',#3236,#2862,#2456,.T.);
#4288=EDGE_CURVE('',#3239,#2874,#2457,.T.);
#4289=EDGE_CURVE('',#3242,#2886,#2458,.T.);
#4290=EDGE_CURVE('',#3245,#2898,#2459,.T.);
#4291=EDGE_CURVE('',#3316,#2910,#2460,.T.);
#4292=EDGE_CURVE('',#3316,#3317,#736,.T.);
#4293=EDGE_CURVE('',#3317,#3317,#2461,.T.);
#4294=EDGE_CURVE('',#3248,#3316,#2462,.T.);
#4295=EDGE_CURVE('',#3251,#2922,#2463,.T.);
#4296=EDGE_CURVE('',#3254,#2934,#2464,.T.);
#4297=EDGE_CURVE('',#3257,#2946,#2465,.T.);
#4298=EDGE_CURVE('',#3260,#2958,#2466,.T.);
#4299=EDGE_CURVE('',#3263,#2970,#2467,.T.);
#4300=EDGE_CURVE('',#3266,#2982,#2468,.T.);
#4301=EDGE_CURVE('',#3269,#2994,#2469,.T.);
#4302=EDGE_CURVE('',#3272,#3006,#2470,.T.);
#4303=EDGE_CURVE('',#3275,#3018,#2471,.T.);
#4304=EDGE_CURVE('',#3278,#3030,#2472,.T.);
#4305=EDGE_CURVE('',#3281,#3042,#2473,.T.);
#4306=EDGE_CURVE('',#3284,#3054,#2474,.T.);
#4307=EDGE_CURVE('',#3287,#3066,#2475,.T.);
#4308=EDGE_CURVE('',#3290,#3078,#2476,.T.);
#4309=EDGE_CURVE('',#3293,#3090,#2477,.T.);
#4310=EDGE_CURVE('',#3296,#3102,#2478,.T.);
#4311=EDGE_CURVE('',#3299,#3114,#2479,.T.);
#4312=EDGE_CURVE('',#3302,#3126,#2480,.T.);
#4313=EDGE_CURVE('',#3305,#3138,#2481,.T.);
#4314=EDGE_CURVE('',#3308,#3150,#2482,.T.);
#4315=EDGE_CURVE('',#3175,#3162,#2483,.T.);
#4316=EDGE_CURVE('',#3318,#3180,#2484,.T.);
#4317=EDGE_CURVE('',#3318,#3319,#198,.T.);
#4318=EDGE_CURVE('',#3319,#3314,#1479,.T.);
#4319=EDGE_CURVE('',#3185,#3313,#2485,.T.);
#4320=EDGE_CURVE('',#3184,#3320,#2486,.T.);
#4321=EDGE_CURVE('',#3320,#3318,#1480,.T.);
#4322=EDGE_CURVE('',#3166,#3176,#2487,.T.);
#4323=EDGE_CURVE('',#3154,#3309,#2488,.T.);
#4324=EDGE_CURVE('',#3142,#3306,#2489,.T.);
#4325=EDGE_CURVE('',#3130,#3303,#2490,.T.);
#4326=EDGE_CURVE('',#3118,#3300,#2491,.T.);
#4327=EDGE_CURVE('',#3106,#3297,#2492,.T.);
#4328=EDGE_CURVE('',#3094,#3294,#2493,.T.);
#4329=EDGE_CURVE('',#3082,#3291,#2494,.T.);
#4330=EDGE_CURVE('',#3070,#3288,#2495,.T.);
#4331=EDGE_CURVE('',#3058,#3285,#2496,.T.);
#4332=EDGE_CURVE('',#3046,#3282,#2497,.T.);
#4333=EDGE_CURVE('',#3034,#3279,#2498,.T.);
#4334=EDGE_CURVE('',#3022,#3276,#2499,.T.);
#4335=EDGE_CURVE('',#3010,#3273,#2500,.T.);
#4336=EDGE_CURVE('',#2998,#3270,#2501,.T.);
#4337=EDGE_CURVE('',#2986,#3267,#2502,.T.);
#4338=EDGE_CURVE('',#2974,#3264,#2503,.T.);
#4339=EDGE_CURVE('',#2962,#3261,#2504,.T.);
#4340=EDGE_CURVE('',#2950,#3258,#2505,.T.);
#4341=EDGE_CURVE('',#2938,#3255,#2506,.T.);
#4342=EDGE_CURVE('',#2926,#3252,#2507,.T.);
#4343=EDGE_CURVE('',#2914,#3249,#2508,.T.);
#4344=EDGE_CURVE('',#2902,#3246,#2509,.T.);
#4345=EDGE_CURVE('',#2890,#3243,#2510,.T.);
#4346=EDGE_CURVE('',#2878,#3240,#2511,.T.);
#4347=EDGE_CURVE('',#2866,#3237,#2512,.T.);
#4348=EDGE_CURVE('',#2854,#3234,#2513,.T.);
#4349=EDGE_CURVE('',#2842,#3231,#2514,.T.);
#4350=EDGE_CURVE('',#2830,#3228,#2515,.T.);
#4351=EDGE_CURVE('',#2818,#3225,#2516,.T.);
#4352=EDGE_CURVE('',#2806,#3222,#2517,.T.);
#4353=EDGE_CURVE('',#2794,#3219,#2518,.T.);
#4354=EDGE_CURVE('',#2782,#3216,#2519,.T.);
#4355=EDGE_CURVE('',#2770,#3213,#2520,.T.);
#4356=EDGE_CURVE('',#2758,#3210,#2521,.T.);
#4357=EDGE_CURVE('',#2746,#3207,#2522,.T.);
#4358=EDGE_CURVE('',#2734,#3204,#2523,.T.);
#4359=EDGE_CURVE('',#2722,#3201,#2524,.T.);
#4360=EDGE_CURVE('',#2710,#3198,#2525,.T.);
#4361=EDGE_CURVE('',#2698,#3195,#2526,.T.);
#4362=EDGE_CURVE('',#2686,#3192,#2527,.T.);
#4363=EDGE_CURVE('',#2672,#3189,#2528,.T.);
#4364=EDGE_CURVE('',#3321,#3183,#2529,.T.);
#4365=EDGE_CURVE('',#3321,#3320,#737,.T.);
#4366=EDGE_CURVE('',#3171,#3165,#2530,.T.);
#4367=EDGE_CURVE('',#3310,#3153,#2531,.T.);
#4368=EDGE_CURVE('',#3307,#3141,#2532,.T.);
#4369=EDGE_CURVE('',#3304,#3129,#2533,.T.);
#4370=EDGE_CURVE('',#3301,#3117,#2534,.T.);
#4371=EDGE_CURVE('',#3298,#3105,#2535,.T.);
#4372=EDGE_CURVE('',#3295,#3093,#2536,.T.);
#4373=EDGE_CURVE('',#3292,#3081,#2537,.T.);
#4374=EDGE_CURVE('',#3289,#3069,#2538,.T.);
#4375=EDGE_CURVE('',#3286,#3057,#2539,.T.);
#4376=EDGE_CURVE('',#3283,#3045,#2540,.T.);
#4377=EDGE_CURVE('',#3280,#3033,#2541,.T.);
#4378=EDGE_CURVE('',#3277,#3021,#2542,.T.);
#4379=EDGE_CURVE('',#3274,#3009,#2543,.T.);
#4380=EDGE_CURVE('',#3271,#2997,#2544,.T.);
#4381=EDGE_CURVE('',#3268,#2985,#2545,.T.);
#4382=EDGE_CURVE('',#3265,#2973,#2546,.T.);
#4383=EDGE_CURVE('',#3262,#2961,#2547,.T.);
#4384=EDGE_CURVE('',#3259,#2949,#2548,.T.);
#4385=EDGE_CURVE('',#3256,#2937,#2549,.T.);
#4386=EDGE_CURVE('',#3253,#2925,#2550,.T.);
#4387=EDGE_CURVE('',#3250,#2913,#2551,.T.);
#4388=EDGE_CURVE('',#3247,#2901,#2552,.T.);
#4389=EDGE_CURVE('',#3244,#2889,#2553,.T.);
#4390=EDGE_CURVE('',#3241,#2877,#2554,.T.);
#4391=EDGE_CURVE('',#3238,#2865,#2555,.T.);
#4392=EDGE_CURVE('',#3235,#2853,#2556,.T.);
#4393=EDGE_CURVE('',#3232,#2841,#2557,.T.);
#4394=EDGE_CURVE('',#3229,#2829,#2558,.T.);
#4395=EDGE_CURVE('',#3226,#2817,#2559,.T.);
#4396=EDGE_CURVE('',#3223,#2805,#2560,.T.);
#4397=EDGE_CURVE('',#3220,#2793,#2561,.T.);
#4398=EDGE_CURVE('',#3217,#2781,#2562,.T.);
#4399=EDGE_CURVE('',#3214,#2769,#2563,.T.);
#4400=EDGE_CURVE('',#3211,#2757,#2564,.T.);
#4401=EDGE_CURVE('',#3208,#2745,#2565,.T.);
#4402=EDGE_CURVE('',#3205,#2733,#2566,.T.);
#4403=EDGE_CURVE('',#3202,#2721,#2567,.T.);
#4404=EDGE_CURVE('',#3199,#2709,#2568,.T.);
#4405=EDGE_CURVE('',#3196,#2697,#2569,.T.);
#4406=EDGE_CURVE('',#3193,#2685,#2570,.T.);
#4407=EDGE_CURVE('',#3190,#2671,#2571,.T.);
#4408=EDGE_CURVE('',#3182,#3322,#1481,.T.);
#4409=EDGE_CURVE('',#3322,#3323,#1482,.T.);
#4410=EDGE_CURVE('',#3323,#3321,#1483,.T.);
#4411=EDGE_CURVE('',#3324,#3324,#2572,.T.);
#4412=EDGE_CURVE('',#3324,#2612,#738,.T.);
#4413=EDGE_CURVE('',#2600,#2605,#2573,.T.);
#4414=EDGE_CURVE('',#2635,#2640,#2574,.T.);
#4415=EDGE_CURVE('',#2646,#2651,#2575,.T.);
#4416=EDGE_CURVE('',#2657,#2662,#2576,.T.);
#4417=EDGE_CURVE('',#3187,#3311,#2577,.T.);
#4418=EDGE_CURVE('',#3312,#3186,#2578,.T.);
#4419=EDGE_CURVE('',#3323,#3325,#739,.T.);
#4420=EDGE_CURVE('',#3326,#3325,#740,.T.);
#4421=EDGE_CURVE('',#3319,#3326,#741,.T.);
#4422=EDGE_CURVE('',#3325,#3181,#2579,.T.);
#4423=EDGE_CURVE('',#3315,#3326,#2580,.T.);
#4424=EDGE_CURVE('',#3327,#3327,#2581,.T.);
#4425=EDGE_CURVE('',#3327,#3328,#2582,.T.);
#4426=EDGE_CURVE('',#3328,#3329,#2583,.T.);
#4427=EDGE_CURVE('',#3329,#3328,#2584,.T.);
#4428=EDGE_CURVE('',#3330,#3330,#2585,.T.);
#4429=EDGE_CURVE('',#3331,#3331,#2586,.T.);
#4430=EDGE_CURVE('',#3331,#3329,#742,.T.);
#4431=EDGE_CURVE('',#3332,#3332,#2587,.T.);
#4432=EDGE_CURVE('',#3332,#3333,#2588,.T.);
#4433=EDGE_CURVE('',#3333,#3334,#2589,.T.);
#4434=EDGE_CURVE('',#3334,#3333,#2590,.T.);
#4435=EDGE_CURVE('',#3334,#3335,#743,.T.);
#4436=EDGE_CURVE('',#3336,#3335,#2591,.T.);
#4437=EDGE_CURVE('',#3335,#3336,#2592,.T.);
#4438=EDGE_CURVE('',#3336,#3330,#2593,.T.);
#4439=ORIENTED_EDGE('',*,*,#3337,.F.);
#4440=ORIENTED_EDGE('',*,*,#3338,.F.);
#4441=ORIENTED_EDGE('',*,*,#3339,.F.);
#4442=ORIENTED_EDGE('',*,*,#3340,.T.);
#4443=ORIENTED_EDGE('',*,*,#3341,.T.);
#4444=ORIENTED_EDGE('',*,*,#3338,.T.);
#4445=ORIENTED_EDGE('',*,*,#3342,.T.);
#4446=ORIENTED_EDGE('',*,*,#3343,.T.);
#4447=ORIENTED_EDGE('',*,*,#3344,.T.);
#4448=ORIENTED_EDGE('',*,*,#3345,.T.);
#4449=ORIENTED_EDGE('',*,*,#3346,.T.);
#4450=ORIENTED_EDGE('',*,*,#3339,.T.);
#4451=ORIENTED_EDGE('',*,*,#3347,.T.);
#4452=ORIENTED_EDGE('',*,*,#3345,.F.);
#4453=ORIENTED_EDGE('',*,*,#3348,.T.);
#4454=ORIENTED_EDGE('',*,*,#3337,.T.);
#4455=ORIENTED_EDGE('',*,*,#3349,.T.);
#4456=ORIENTED_EDGE('',*,*,#3350,.T.);
#4457=ORIENTED_EDGE('',*,*,#3351,.T.);
#4458=ORIENTED_EDGE('',*,*,#3352,.T.);
#4459=ORIENTED_EDGE('',*,*,#3353,.T.);
#4460=ORIENTED_EDGE('',*,*,#3350,.F.);
#4461=ORIENTED_EDGE('',*,*,#3354,.T.);
#4462=ORIENTED_EDGE('',*,*,#3346,.F.);
#4463=ORIENTED_EDGE('',*,*,#3355,.T.);
#4464=ORIENTED_EDGE('',*,*,#3356,.T.);
#4465=ORIENTED_EDGE('',*,*,#3357,.T.);
#4466=ORIENTED_EDGE('',*,*,#3347,.F.);
#4467=ORIENTED_EDGE('',*,*,#3341,.F.);
#4468=ORIENTED_EDGE('',*,*,#3358,.T.);
#4469=ORIENTED_EDGE('',*,*,#3355,.F.);
#4470=ORIENTED_EDGE('',*,*,#3359,.F.);
#4471=ORIENTED_EDGE('',*,*,#3340,.F.);
#4472=ORIENTED_EDGE('',*,*,#3360,.F.);
#4473=ORIENTED_EDGE('',*,*,#3361,.F.);
#4474=ORIENTED_EDGE('',*,*,#3362,.F.);
#4475=ORIENTED_EDGE('',*,*,#3363,.F.);
#4476=ORIENTED_EDGE('',*,*,#3364,.F.);
#4477=ORIENTED_EDGE('',*,*,#3365,.F.);
#4478=ORIENTED_EDGE('',*,*,#3366,.F.);
#4479=ORIENTED_EDGE('',*,*,#3367,.F.);
#4480=ORIENTED_EDGE('',*,*,#3368,.F.);
#4481=ORIENTED_EDGE('',*,*,#3369,.F.);
#4482=ORIENTED_EDGE('',*,*,#3370,.F.);
#4483=ORIENTED_EDGE('',*,*,#3371,.F.);
#4484=ORIENTED_EDGE('',*,*,#3372,.F.);
#4485=ORIENTED_EDGE('',*,*,#3373,.F.);
#4486=ORIENTED_EDGE('',*,*,#3374,.F.);
#4487=ORIENTED_EDGE('',*,*,#3375,.F.);
#4488=ORIENTED_EDGE('',*,*,#3376,.F.);
#4489=ORIENTED_EDGE('',*,*,#3377,.F.);
#4490=ORIENTED_EDGE('',*,*,#3378,.F.);
#4491=ORIENTED_EDGE('',*,*,#3379,.F.);
#4492=ORIENTED_EDGE('',*,*,#3380,.F.);
#4493=ORIENTED_EDGE('',*,*,#3381,.F.);
#4494=ORIENTED_EDGE('',*,*,#3356,.F.);
#4495=ORIENTED_EDGE('',*,*,#3358,.F.);
#4496=ORIENTED_EDGE('',*,*,#3342,.F.);
#4497=ORIENTED_EDGE('',*,*,#3351,.F.);
#4498=ORIENTED_EDGE('',*,*,#3382,.F.);
#4499=ORIENTED_EDGE('',*,*,#3360,.T.);
#4500=ORIENTED_EDGE('',*,*,#3353,.F.);
#4501=ORIENTED_EDGE('',*,*,#3383,.T.);
#4502=ORIENTED_EDGE('',*,*,#3361,.T.);
#4503=ORIENTED_EDGE('',*,*,#3382,.T.);
#4504=ORIENTED_EDGE('',*,*,#3384,.F.);
#4505=ORIENTED_EDGE('',*,*,#3385,.F.);
#4506=ORIENTED_EDGE('',*,*,#3386,.F.);
#4507=ORIENTED_EDGE('',*,*,#3378,.T.);
#4508=ORIENTED_EDGE('',*,*,#3387,.T.);
#4509=ORIENTED_EDGE('',*,*,#3385,.T.);
#4510=ORIENTED_EDGE('',*,*,#3388,.T.);
#4511=ORIENTED_EDGE('',*,*,#3389,.T.);
#4512=ORIENTED_EDGE('',*,*,#3390,.T.);
#4513=ORIENTED_EDGE('',*,*,#3391,.T.);
#4514=ORIENTED_EDGE('',*,*,#3392,.T.);
#4515=ORIENTED_EDGE('',*,*,#3386,.T.);
#4516=ORIENTED_EDGE('',*,*,#3393,.T.);
#4517=ORIENTED_EDGE('',*,*,#3391,.F.);
#4518=ORIENTED_EDGE('',*,*,#3394,.T.);
#4519=ORIENTED_EDGE('',*,*,#3384,.T.);
#4520=ORIENTED_EDGE('',*,*,#3395,.T.);
#4521=ORIENTED_EDGE('',*,*,#3396,.T.);
#4522=ORIENTED_EDGE('',*,*,#3397,.T.);
#4523=ORIENTED_EDGE('',*,*,#3398,.T.);
#4524=ORIENTED_EDGE('',*,*,#3399,.T.);
#4525=ORIENTED_EDGE('',*,*,#3396,.F.);
#4526=ORIENTED_EDGE('',*,*,#3400,.T.);
#4527=ORIENTED_EDGE('',*,*,#3392,.F.);
#4528=ORIENTED_EDGE('',*,*,#3401,.T.);
#4529=ORIENTED_EDGE('',*,*,#3376,.T.);
#4530=ORIENTED_EDGE('',*,*,#3402,.T.);
#4531=ORIENTED_EDGE('',*,*,#3393,.F.);
#4532=ORIENTED_EDGE('',*,*,#3387,.F.);
#4533=ORIENTED_EDGE('',*,*,#3377,.T.);
#4534=ORIENTED_EDGE('',*,*,#3401,.F.);
#4535=ORIENTED_EDGE('',*,*,#3388,.F.);
#4536=ORIENTED_EDGE('',*,*,#3397,.F.);
#4537=ORIENTED_EDGE('',*,*,#3403,.F.);
#4538=ORIENTED_EDGE('',*,*,#3379,.T.);
#4539=ORIENTED_EDGE('',*,*,#3399,.F.);
#4540=ORIENTED_EDGE('',*,*,#3404,.T.);
#4541=ORIENTED_EDGE('',*,*,#3380,.T.);
#4542=ORIENTED_EDGE('',*,*,#3403,.T.);
#4543=ORIENTED_EDGE('',*,*,#3405,.F.);
#4544=ORIENTED_EDGE('',*,*,#3406,.F.);
#4545=ORIENTED_EDGE('',*,*,#3407,.F.);
#4546=ORIENTED_EDGE('',*,*,#3372,.T.);
#4547=ORIENTED_EDGE('',*,*,#3408,.T.);
#4548=ORIENTED_EDGE('',*,*,#3406,.T.);
#4549=ORIENTED_EDGE('',*,*,#3409,.T.);
#4550=ORIENTED_EDGE('',*,*,#3410,.T.);
#4551=ORIENTED_EDGE('',*,*,#3411,.T.);
#4552=ORIENTED_EDGE('',*,*,#3412,.T.);
#4553=ORIENTED_EDGE('',*,*,#3413,.T.);
#4554=ORIENTED_EDGE('',*,*,#3407,.T.);
#4555=ORIENTED_EDGE('',*,*,#3414,.T.);
#4556=ORIENTED_EDGE('',*,*,#3412,.F.);
#4557=ORIENTED_EDGE('',*,*,#3415,.T.);
#4558=ORIENTED_EDGE('',*,*,#3405,.T.);
#4559=ORIENTED_EDGE('',*,*,#3416,.T.);
#4560=ORIENTED_EDGE('',*,*,#3417,.T.);
#4561=ORIENTED_EDGE('',*,*,#3418,.T.);
#4562=ORIENTED_EDGE('',*,*,#3419,.T.);
#4563=ORIENTED_EDGE('',*,*,#3420,.T.);
#4564=ORIENTED_EDGE('',*,*,#3417,.F.);
#4565=ORIENTED_EDGE('',*,*,#3421,.T.);
#4566=ORIENTED_EDGE('',*,*,#3413,.F.);
#4567=ORIENTED_EDGE('',*,*,#3422,.T.);
#4568=ORIENTED_EDGE('',*,*,#3370,.T.);
#4569=ORIENTED_EDGE('',*,*,#3423,.T.);
#4570=ORIENTED_EDGE('',*,*,#3414,.F.);
#4571=ORIENTED_EDGE('',*,*,#3408,.F.);
#4572=ORIENTED_EDGE('',*,*,#3371,.T.);
#4573=ORIENTED_EDGE('',*,*,#3422,.F.);
#4574=ORIENTED_EDGE('',*,*,#3409,.F.);
#4575=ORIENTED_EDGE('',*,*,#3418,.F.);
#4576=ORIENTED_EDGE('',*,*,#3424,.F.);
#4577=ORIENTED_EDGE('',*,*,#3373,.T.);
#4578=ORIENTED_EDGE('',*,*,#3420,.F.);
#4579=ORIENTED_EDGE('',*,*,#3425,.T.);
#4580=ORIENTED_EDGE('',*,*,#3374,.T.);
#4581=ORIENTED_EDGE('',*,*,#3424,.T.);
#4582=ORIENTED_EDGE('',*,*,#3426,.F.);
#4583=ORIENTED_EDGE('',*,*,#3427,.F.);
#4584=ORIENTED_EDGE('',*,*,#3428,.F.);
#4585=ORIENTED_EDGE('',*,*,#3366,.T.);
#4586=ORIENTED_EDGE('',*,*,#3429,.T.);
#4587=ORIENTED_EDGE('',*,*,#3427,.T.);
#4588=ORIENTED_EDGE('',*,*,#3430,.T.);
#4589=ORIENTED_EDGE('',*,*,#3431,.T.);
#4590=ORIENTED_EDGE('',*,*,#3432,.T.);
#4591=ORIENTED_EDGE('',*,*,#3433,.T.);
#4592=ORIENTED_EDGE('',*,*,#3434,.T.);
#4593=ORIENTED_EDGE('',*,*,#3428,.T.);
#4594=ORIENTED_EDGE('',*,*,#3435,.T.);
#4595=ORIENTED_EDGE('',*,*,#3433,.F.);
#4596=ORIENTED_EDGE('',*,*,#3436,.T.);
#4597=ORIENTED_EDGE('',*,*,#3426,.T.);
#4598=ORIENTED_EDGE('',*,*,#3437,.T.);
#4599=ORIENTED_EDGE('',*,*,#3438,.T.);
#4600=ORIENTED_EDGE('',*,*,#3439,.T.);
#4601=ORIENTED_EDGE('',*,*,#3440,.T.);
#4602=ORIENTED_EDGE('',*,*,#3441,.T.);
#4603=ORIENTED_EDGE('',*,*,#3438,.F.);
#4604=ORIENTED_EDGE('',*,*,#3442,.T.);
#4605=ORIENTED_EDGE('',*,*,#3434,.F.);
#4606=ORIENTED_EDGE('',*,*,#3443,.T.);
#4607=ORIENTED_EDGE('',*,*,#3364,.T.);
#4608=ORIENTED_EDGE('',*,*,#3444,.T.);
#4609=ORIENTED_EDGE('',*,*,#3435,.F.);
#4610=ORIENTED_EDGE('',*,*,#3429,.F.);
#4611=ORIENTED_EDGE('',*,*,#3365,.T.);
#4612=ORIENTED_EDGE('',*,*,#3443,.F.);
#4613=ORIENTED_EDGE('',*,*,#3430,.F.);
#4614=ORIENTED_EDGE('',*,*,#3439,.F.);
#4615=ORIENTED_EDGE('',*,*,#3445,.F.);
#4616=ORIENTED_EDGE('',*,*,#3367,.T.);
#4617=ORIENTED_EDGE('',*,*,#3441,.F.);
#4618=ORIENTED_EDGE('',*,*,#3446,.T.);
#4619=ORIENTED_EDGE('',*,*,#3368,.T.);
#4620=ORIENTED_EDGE('',*,*,#3445,.T.);
#4621=ORIENTED_EDGE('',*,*,#3447,.F.);
#4622=ORIENTED_EDGE('',*,*,#3448,.T.);
#4623=ORIENTED_EDGE('',*,*,#3449,.F.);
#4624=ORIENTED_EDGE('',*,*,#3450,.F.);
#4625=ORIENTED_EDGE('',*,*,#3451,.F.);
#4626=ORIENTED_EDGE('',*,*,#3450,.T.);
#4627=ORIENTED_EDGE('',*,*,#3452,.F.);
#4628=ORIENTED_EDGE('',*,*,#3453,.F.);
#4629=ORIENTED_EDGE('',*,*,#3454,.F.);
#4630=ORIENTED_EDGE('',*,*,#3455,.F.);
#4631=ORIENTED_EDGE('',*,*,#3456,.F.);
#4632=ORIENTED_EDGE('',*,*,#3457,.F.);
#4633=ORIENTED_EDGE('',*,*,#3458,.F.);
#4634=ORIENTED_EDGE('',*,*,#3459,.F.);
#4635=ORIENTED_EDGE('',*,*,#3460,.F.);
#4636=ORIENTED_EDGE('',*,*,#3461,.F.);
#4637=ORIENTED_EDGE('',*,*,#3462,.F.);
#4638=ORIENTED_EDGE('',*,*,#3463,.T.);
#4639=ORIENTED_EDGE('',*,*,#3464,.F.);
#4640=ORIENTED_EDGE('',*,*,#3465,.F.);
#4641=ORIENTED_EDGE('',*,*,#3466,.F.);
#4642=ORIENTED_EDGE('',*,*,#3465,.T.);
#4643=ORIENTED_EDGE('',*,*,#3467,.F.);
#4644=ORIENTED_EDGE('',*,*,#3468,.F.);
#4645=ORIENTED_EDGE('',*,*,#3469,.F.);
#4646=ORIENTED_EDGE('',*,*,#3470,.F.);
#4647=ORIENTED_EDGE('',*,*,#3471,.F.);
#4648=ORIENTED_EDGE('',*,*,#3472,.F.);
#4649=ORIENTED_EDGE('',*,*,#3453,.T.);
#4650=ORIENTED_EDGE('',*,*,#3473,.F.);
#4651=ORIENTED_EDGE('',*,*,#3474,.F.);
#4652=ORIENTED_EDGE('',*,*,#3475,.F.);
#4653=ORIENTED_EDGE('',*,*,#3476,.F.);
#4654=ORIENTED_EDGE('',*,*,#3477,.T.);
#4655=ORIENTED_EDGE('',*,*,#3478,.F.);
#4656=ORIENTED_EDGE('',*,*,#3479,.F.);
#4657=ORIENTED_EDGE('',*,*,#3480,.F.);
#4658=ORIENTED_EDGE('',*,*,#3479,.T.);
#4659=ORIENTED_EDGE('',*,*,#3481,.F.);
#4660=ORIENTED_EDGE('',*,*,#3482,.F.);
#4661=ORIENTED_EDGE('',*,*,#3483,.F.);
#4662=ORIENTED_EDGE('',*,*,#3484,.F.);
#4663=ORIENTED_EDGE('',*,*,#3485,.F.);
#4664=ORIENTED_EDGE('',*,*,#3486,.F.);
#4665=ORIENTED_EDGE('',*,*,#3468,.T.);
#4666=ORIENTED_EDGE('',*,*,#3487,.F.);
#4667=ORIENTED_EDGE('',*,*,#3488,.F.);
#4668=ORIENTED_EDGE('',*,*,#3489,.F.);
#4669=ORIENTED_EDGE('',*,*,#3490,.F.);
#4670=ORIENTED_EDGE('',*,*,#3491,.T.);
#4671=ORIENTED_EDGE('',*,*,#3492,.F.);
#4672=ORIENTED_EDGE('',*,*,#3493,.F.);
#4673=ORIENTED_EDGE('',*,*,#3494,.F.);
#4674=ORIENTED_EDGE('',*,*,#3493,.T.);
#4675=ORIENTED_EDGE('',*,*,#3495,.F.);
#4676=ORIENTED_EDGE('',*,*,#3496,.F.);
#4677=ORIENTED_EDGE('',*,*,#3497,.F.);
#4678=ORIENTED_EDGE('',*,*,#3498,.F.);
#4679=ORIENTED_EDGE('',*,*,#3499,.F.);
#4680=ORIENTED_EDGE('',*,*,#3500,.F.);
#4681=ORIENTED_EDGE('',*,*,#3482,.T.);
#4682=ORIENTED_EDGE('',*,*,#3501,.F.);
#4683=ORIENTED_EDGE('',*,*,#3502,.F.);
#4684=ORIENTED_EDGE('',*,*,#3503,.F.);
#4685=ORIENTED_EDGE('',*,*,#3504,.F.);
#4686=ORIENTED_EDGE('',*,*,#3505,.T.);
#4687=ORIENTED_EDGE('',*,*,#3506,.F.);
#4688=ORIENTED_EDGE('',*,*,#3507,.F.);
#4689=ORIENTED_EDGE('',*,*,#3508,.F.);
#4690=ORIENTED_EDGE('',*,*,#3507,.T.);
#4691=ORIENTED_EDGE('',*,*,#3509,.F.);
#4692=ORIENTED_EDGE('',*,*,#3510,.F.);
#4693=ORIENTED_EDGE('',*,*,#3511,.F.);
#4694=ORIENTED_EDGE('',*,*,#3512,.F.);
#4695=ORIENTED_EDGE('',*,*,#3513,.F.);
#4696=ORIENTED_EDGE('',*,*,#3514,.F.);
#4697=ORIENTED_EDGE('',*,*,#3496,.T.);
#4698=ORIENTED_EDGE('',*,*,#3515,.F.);
#4699=ORIENTED_EDGE('',*,*,#3516,.F.);
#4700=ORIENTED_EDGE('',*,*,#3517,.F.);
#4701=ORIENTED_EDGE('',*,*,#3518,.F.);
#4702=ORIENTED_EDGE('',*,*,#3519,.T.);
#4703=ORIENTED_EDGE('',*,*,#3520,.F.);
#4704=ORIENTED_EDGE('',*,*,#3521,.F.);
#4705=ORIENTED_EDGE('',*,*,#3522,.F.);
#4706=ORIENTED_EDGE('',*,*,#3521,.T.);
#4707=ORIENTED_EDGE('',*,*,#3523,.F.);
#4708=ORIENTED_EDGE('',*,*,#3524,.F.);
#4709=ORIENTED_EDGE('',*,*,#3525,.F.);
#4710=ORIENTED_EDGE('',*,*,#3526,.F.);
#4711=ORIENTED_EDGE('',*,*,#3527,.F.);
#4712=ORIENTED_EDGE('',*,*,#3528,.F.);
#4713=ORIENTED_EDGE('',*,*,#3510,.T.);
#4714=ORIENTED_EDGE('',*,*,#3529,.F.);
#4715=ORIENTED_EDGE('',*,*,#3530,.F.);
#4716=ORIENTED_EDGE('',*,*,#3531,.F.);
#4717=ORIENTED_EDGE('',*,*,#3532,.F.);
#4718=ORIENTED_EDGE('',*,*,#3533,.T.);
#4719=ORIENTED_EDGE('',*,*,#3534,.F.);
#4720=ORIENTED_EDGE('',*,*,#3535,.F.);
#4721=ORIENTED_EDGE('',*,*,#3536,.F.);
#4722=ORIENTED_EDGE('',*,*,#3535,.T.);
#4723=ORIENTED_EDGE('',*,*,#3537,.F.);
#4724=ORIENTED_EDGE('',*,*,#3538,.F.);
#4725=ORIENTED_EDGE('',*,*,#3539,.F.);
#4726=ORIENTED_EDGE('',*,*,#3540,.F.);
#4727=ORIENTED_EDGE('',*,*,#3541,.F.);
#4728=ORIENTED_EDGE('',*,*,#3542,.F.);
#4729=ORIENTED_EDGE('',*,*,#3524,.T.);
#4730=ORIENTED_EDGE('',*,*,#3543,.F.);
#4731=ORIENTED_EDGE('',*,*,#3544,.F.);
#4732=ORIENTED_EDGE('',*,*,#3545,.F.);
#4733=ORIENTED_EDGE('',*,*,#3546,.F.);
#4734=ORIENTED_EDGE('',*,*,#3547,.T.);
#4735=ORIENTED_EDGE('',*,*,#3548,.F.);
#4736=ORIENTED_EDGE('',*,*,#3549,.F.);
#4737=ORIENTED_EDGE('',*,*,#3550,.F.);
#4738=ORIENTED_EDGE('',*,*,#3549,.T.);
#4739=ORIENTED_EDGE('',*,*,#3551,.F.);
#4740=ORIENTED_EDGE('',*,*,#3552,.F.);
#4741=ORIENTED_EDGE('',*,*,#3553,.F.);
#4742=ORIENTED_EDGE('',*,*,#3554,.F.);
#4743=ORIENTED_EDGE('',*,*,#3555,.F.);
#4744=ORIENTED_EDGE('',*,*,#3556,.F.);
#4745=ORIENTED_EDGE('',*,*,#3538,.T.);
#4746=ORIENTED_EDGE('',*,*,#3557,.F.);
#4747=ORIENTED_EDGE('',*,*,#3558,.F.);
#4748=ORIENTED_EDGE('',*,*,#3559,.F.);
#4749=ORIENTED_EDGE('',*,*,#3560,.F.);
#4750=ORIENTED_EDGE('',*,*,#3561,.T.);
#4751=ORIENTED_EDGE('',*,*,#3562,.F.);
#4752=ORIENTED_EDGE('',*,*,#3563,.F.);
#4753=ORIENTED_EDGE('',*,*,#3564,.F.);
#4754=ORIENTED_EDGE('',*,*,#3563,.T.);
#4755=ORIENTED_EDGE('',*,*,#3565,.F.);
#4756=ORIENTED_EDGE('',*,*,#3566,.F.);
#4757=ORIENTED_EDGE('',*,*,#3567,.F.);
#4758=ORIENTED_EDGE('',*,*,#3568,.F.);
#4759=ORIENTED_EDGE('',*,*,#3569,.F.);
#4760=ORIENTED_EDGE('',*,*,#3570,.F.);
#4761=ORIENTED_EDGE('',*,*,#3552,.T.);
#4762=ORIENTED_EDGE('',*,*,#3571,.F.);
#4763=ORIENTED_EDGE('',*,*,#3572,.F.);
#4764=ORIENTED_EDGE('',*,*,#3573,.F.);
#4765=ORIENTED_EDGE('',*,*,#3574,.F.);
#4766=ORIENTED_EDGE('',*,*,#3575,.T.);
#4767=ORIENTED_EDGE('',*,*,#3576,.F.);
#4768=ORIENTED_EDGE('',*,*,#3577,.F.);
#4769=ORIENTED_EDGE('',*,*,#3578,.F.);
#4770=ORIENTED_EDGE('',*,*,#3577,.T.);
#4771=ORIENTED_EDGE('',*,*,#3579,.F.);
#4772=ORIENTED_EDGE('',*,*,#3580,.F.);
#4773=ORIENTED_EDGE('',*,*,#3581,.F.);
#4774=ORIENTED_EDGE('',*,*,#3582,.F.);
#4775=ORIENTED_EDGE('',*,*,#3583,.F.);
#4776=ORIENTED_EDGE('',*,*,#3584,.F.);
#4777=ORIENTED_EDGE('',*,*,#3566,.T.);
#4778=ORIENTED_EDGE('',*,*,#3585,.F.);
#4779=ORIENTED_EDGE('',*,*,#3586,.F.);
#4780=ORIENTED_EDGE('',*,*,#3587,.F.);
#4781=ORIENTED_EDGE('',*,*,#3588,.F.);
#4782=ORIENTED_EDGE('',*,*,#3589,.T.);
#4783=ORIENTED_EDGE('',*,*,#3590,.F.);
#4784=ORIENTED_EDGE('',*,*,#3591,.F.);
#4785=ORIENTED_EDGE('',*,*,#3592,.F.);
#4786=ORIENTED_EDGE('',*,*,#3591,.T.);
#4787=ORIENTED_EDGE('',*,*,#3593,.F.);
#4788=ORIENTED_EDGE('',*,*,#3594,.F.);
#4789=ORIENTED_EDGE('',*,*,#3595,.F.);
#4790=ORIENTED_EDGE('',*,*,#3596,.F.);
#4791=ORIENTED_EDGE('',*,*,#3597,.F.);
#4792=ORIENTED_EDGE('',*,*,#3598,.F.);
#4793=ORIENTED_EDGE('',*,*,#3580,.T.);
#4794=ORIENTED_EDGE('',*,*,#3599,.F.);
#4795=ORIENTED_EDGE('',*,*,#3600,.F.);
#4796=ORIENTED_EDGE('',*,*,#3601,.F.);
#4797=ORIENTED_EDGE('',*,*,#3602,.F.);
#4798=ORIENTED_EDGE('',*,*,#3603,.T.);
#4799=ORIENTED_EDGE('',*,*,#3604,.F.);
#4800=ORIENTED_EDGE('',*,*,#3605,.F.);
#4801=ORIENTED_EDGE('',*,*,#3606,.F.);
#4802=ORIENTED_EDGE('',*,*,#3605,.T.);
#4803=ORIENTED_EDGE('',*,*,#3607,.F.);
#4804=ORIENTED_EDGE('',*,*,#3608,.F.);
#4805=ORIENTED_EDGE('',*,*,#3609,.F.);
#4806=ORIENTED_EDGE('',*,*,#3610,.F.);
#4807=ORIENTED_EDGE('',*,*,#3611,.F.);
#4808=ORIENTED_EDGE('',*,*,#3612,.F.);
#4809=ORIENTED_EDGE('',*,*,#3594,.T.);
#4810=ORIENTED_EDGE('',*,*,#3613,.F.);
#4811=ORIENTED_EDGE('',*,*,#3614,.F.);
#4812=ORIENTED_EDGE('',*,*,#3615,.F.);
#4813=ORIENTED_EDGE('',*,*,#3616,.F.);
#4814=ORIENTED_EDGE('',*,*,#3617,.T.);
#4815=ORIENTED_EDGE('',*,*,#3618,.F.);
#4816=ORIENTED_EDGE('',*,*,#3619,.F.);
#4817=ORIENTED_EDGE('',*,*,#3620,.F.);
#4818=ORIENTED_EDGE('',*,*,#3619,.T.);
#4819=ORIENTED_EDGE('',*,*,#3621,.F.);
#4820=ORIENTED_EDGE('',*,*,#3622,.F.);
#4821=ORIENTED_EDGE('',*,*,#3623,.F.);
#4822=ORIENTED_EDGE('',*,*,#3624,.F.);
#4823=ORIENTED_EDGE('',*,*,#3625,.F.);
#4824=ORIENTED_EDGE('',*,*,#3626,.F.);
#4825=ORIENTED_EDGE('',*,*,#3608,.T.);
#4826=ORIENTED_EDGE('',*,*,#3627,.F.);
#4827=ORIENTED_EDGE('',*,*,#3628,.F.);
#4828=ORIENTED_EDGE('',*,*,#3629,.F.);
#4829=ORIENTED_EDGE('',*,*,#3630,.F.);
#4830=ORIENTED_EDGE('',*,*,#3631,.T.);
#4831=ORIENTED_EDGE('',*,*,#3632,.F.);
#4832=ORIENTED_EDGE('',*,*,#3633,.F.);
#4833=ORIENTED_EDGE('',*,*,#3634,.F.);
#4834=ORIENTED_EDGE('',*,*,#3633,.T.);
#4835=ORIENTED_EDGE('',*,*,#3635,.F.);
#4836=ORIENTED_EDGE('',*,*,#3636,.F.);
#4837=ORIENTED_EDGE('',*,*,#3637,.F.);
#4838=ORIENTED_EDGE('',*,*,#3638,.F.);
#4839=ORIENTED_EDGE('',*,*,#3639,.F.);
#4840=ORIENTED_EDGE('',*,*,#3640,.F.);
#4841=ORIENTED_EDGE('',*,*,#3622,.T.);
#4842=ORIENTED_EDGE('',*,*,#3641,.F.);
#4843=ORIENTED_EDGE('',*,*,#3642,.F.);
#4844=ORIENTED_EDGE('',*,*,#3643,.F.);
#4845=ORIENTED_EDGE('',*,*,#3644,.F.);
#4846=ORIENTED_EDGE('',*,*,#3645,.T.);
#4847=ORIENTED_EDGE('',*,*,#3646,.F.);
#4848=ORIENTED_EDGE('',*,*,#3647,.F.);
#4849=ORIENTED_EDGE('',*,*,#3648,.F.);
#4850=ORIENTED_EDGE('',*,*,#3647,.T.);
#4851=ORIENTED_EDGE('',*,*,#3649,.F.);
#4852=ORIENTED_EDGE('',*,*,#3650,.F.);
#4853=ORIENTED_EDGE('',*,*,#3651,.F.);
#4854=ORIENTED_EDGE('',*,*,#3652,.F.);
#4855=ORIENTED_EDGE('',*,*,#3653,.F.);
#4856=ORIENTED_EDGE('',*,*,#3654,.F.);
#4857=ORIENTED_EDGE('',*,*,#3636,.T.);
#4858=ORIENTED_EDGE('',*,*,#3655,.F.);
#4859=ORIENTED_EDGE('',*,*,#3656,.F.);
#4860=ORIENTED_EDGE('',*,*,#3657,.F.);
#4861=ORIENTED_EDGE('',*,*,#3658,.F.);
#4862=ORIENTED_EDGE('',*,*,#3659,.T.);
#4863=ORIENTED_EDGE('',*,*,#3660,.F.);
#4864=ORIENTED_EDGE('',*,*,#3661,.F.);
#4865=ORIENTED_EDGE('',*,*,#3662,.F.);
#4866=ORIENTED_EDGE('',*,*,#3661,.T.);
#4867=ORIENTED_EDGE('',*,*,#3663,.F.);
#4868=ORIENTED_EDGE('',*,*,#3664,.F.);
#4869=ORIENTED_EDGE('',*,*,#3665,.F.);
#4870=ORIENTED_EDGE('',*,*,#3666,.F.);
#4871=ORIENTED_EDGE('',*,*,#3667,.F.);
#4872=ORIENTED_EDGE('',*,*,#3668,.F.);
#4873=ORIENTED_EDGE('',*,*,#3650,.T.);
#4874=ORIENTED_EDGE('',*,*,#3669,.F.);
#4875=ORIENTED_EDGE('',*,*,#3670,.F.);
#4876=ORIENTED_EDGE('',*,*,#3671,.F.);
#4877=ORIENTED_EDGE('',*,*,#3672,.F.);
#4878=ORIENTED_EDGE('',*,*,#3673,.T.);
#4879=ORIENTED_EDGE('',*,*,#3674,.F.);
#4880=ORIENTED_EDGE('',*,*,#3675,.F.);
#4881=ORIENTED_EDGE('',*,*,#3676,.F.);
#4882=ORIENTED_EDGE('',*,*,#3675,.T.);
#4883=ORIENTED_EDGE('',*,*,#3677,.F.);
#4884=ORIENTED_EDGE('',*,*,#3678,.F.);
#4885=ORIENTED_EDGE('',*,*,#3679,.F.);
#4886=ORIENTED_EDGE('',*,*,#3680,.F.);
#4887=ORIENTED_EDGE('',*,*,#3681,.F.);
#4888=ORIENTED_EDGE('',*,*,#3682,.F.);
#4889=ORIENTED_EDGE('',*,*,#3664,.T.);
#4890=ORIENTED_EDGE('',*,*,#3683,.F.);
#4891=ORIENTED_EDGE('',*,*,#3684,.F.);
#4892=ORIENTED_EDGE('',*,*,#3685,.F.);
#4893=ORIENTED_EDGE('',*,*,#3686,.F.);
#4894=ORIENTED_EDGE('',*,*,#3687,.T.);
#4895=ORIENTED_EDGE('',*,*,#3688,.F.);
#4896=ORIENTED_EDGE('',*,*,#3689,.F.);
#4897=ORIENTED_EDGE('',*,*,#3690,.F.);
#4898=ORIENTED_EDGE('',*,*,#3689,.T.);
#4899=ORIENTED_EDGE('',*,*,#3691,.F.);
#4900=ORIENTED_EDGE('',*,*,#3692,.F.);
#4901=ORIENTED_EDGE('',*,*,#3693,.F.);
#4902=ORIENTED_EDGE('',*,*,#3694,.F.);
#4903=ORIENTED_EDGE('',*,*,#3695,.F.);
#4904=ORIENTED_EDGE('',*,*,#3696,.F.);
#4905=ORIENTED_EDGE('',*,*,#3678,.T.);
#4906=ORIENTED_EDGE('',*,*,#3697,.F.);
#4907=ORIENTED_EDGE('',*,*,#3698,.F.);
#4908=ORIENTED_EDGE('',*,*,#3699,.F.);
#4909=ORIENTED_EDGE('',*,*,#3700,.F.);
#4910=ORIENTED_EDGE('',*,*,#3701,.T.);
#4911=ORIENTED_EDGE('',*,*,#3702,.F.);
#4912=ORIENTED_EDGE('',*,*,#3703,.F.);
#4913=ORIENTED_EDGE('',*,*,#3704,.F.);
#4914=ORIENTED_EDGE('',*,*,#3703,.T.);
#4915=ORIENTED_EDGE('',*,*,#3705,.F.);
#4916=ORIENTED_EDGE('',*,*,#3706,.F.);
#4917=ORIENTED_EDGE('',*,*,#3707,.F.);
#4918=ORIENTED_EDGE('',*,*,#3708,.F.);
#4919=ORIENTED_EDGE('',*,*,#3709,.F.);
#4920=ORIENTED_EDGE('',*,*,#3710,.F.);
#4921=ORIENTED_EDGE('',*,*,#3692,.T.);
#4922=ORIENTED_EDGE('',*,*,#3711,.F.);
#4923=ORIENTED_EDGE('',*,*,#3712,.F.);
#4924=ORIENTED_EDGE('',*,*,#3713,.F.);
#4925=ORIENTED_EDGE('',*,*,#3714,.F.);
#4926=ORIENTED_EDGE('',*,*,#3715,.T.);
#4927=ORIENTED_EDGE('',*,*,#3716,.F.);
#4928=ORIENTED_EDGE('',*,*,#3717,.F.);
#4929=ORIENTED_EDGE('',*,*,#3718,.F.);
#4930=ORIENTED_EDGE('',*,*,#3717,.T.);
#4931=ORIENTED_EDGE('',*,*,#3719,.F.);
#4932=ORIENTED_EDGE('',*,*,#3720,.F.);
#4933=ORIENTED_EDGE('',*,*,#3721,.F.);
#4934=ORIENTED_EDGE('',*,*,#3722,.F.);
#4935=ORIENTED_EDGE('',*,*,#3723,.F.);
#4936=ORIENTED_EDGE('',*,*,#3724,.F.);
#4937=ORIENTED_EDGE('',*,*,#3706,.T.);
#4938=ORIENTED_EDGE('',*,*,#3725,.F.);
#4939=ORIENTED_EDGE('',*,*,#3726,.F.);
#4940=ORIENTED_EDGE('',*,*,#3727,.F.);
#4941=ORIENTED_EDGE('',*,*,#3728,.F.);
#4942=ORIENTED_EDGE('',*,*,#3729,.T.);
#4943=ORIENTED_EDGE('',*,*,#3730,.F.);
#4944=ORIENTED_EDGE('',*,*,#3731,.F.);
#4945=ORIENTED_EDGE('',*,*,#3732,.F.);
#4946=ORIENTED_EDGE('',*,*,#3731,.T.);
#4947=ORIENTED_EDGE('',*,*,#3733,.F.);
#4948=ORIENTED_EDGE('',*,*,#3734,.F.);
#4949=ORIENTED_EDGE('',*,*,#3735,.F.);
#4950=ORIENTED_EDGE('',*,*,#3736,.F.);
#4951=ORIENTED_EDGE('',*,*,#3737,.F.);
#4952=ORIENTED_EDGE('',*,*,#3738,.F.);
#4953=ORIENTED_EDGE('',*,*,#3720,.T.);
#4954=ORIENTED_EDGE('',*,*,#3739,.F.);
#4955=ORIENTED_EDGE('',*,*,#3740,.F.);
#4956=ORIENTED_EDGE('',*,*,#3741,.F.);
#4957=ORIENTED_EDGE('',*,*,#3742,.F.);
#4958=ORIENTED_EDGE('',*,*,#3743,.T.);
#4959=ORIENTED_EDGE('',*,*,#3744,.F.);
#4960=ORIENTED_EDGE('',*,*,#3745,.F.);
#4961=ORIENTED_EDGE('',*,*,#3746,.F.);
#4962=ORIENTED_EDGE('',*,*,#3745,.T.);
#4963=ORIENTED_EDGE('',*,*,#3747,.F.);
#4964=ORIENTED_EDGE('',*,*,#3748,.F.);
#4965=ORIENTED_EDGE('',*,*,#3749,.F.);
#4966=ORIENTED_EDGE('',*,*,#3750,.F.);
#4967=ORIENTED_EDGE('',*,*,#3751,.F.);
#4968=ORIENTED_EDGE('',*,*,#3752,.F.);
#4969=ORIENTED_EDGE('',*,*,#3734,.T.);
#4970=ORIENTED_EDGE('',*,*,#3753,.F.);
#4971=ORIENTED_EDGE('',*,*,#3754,.F.);
#4972=ORIENTED_EDGE('',*,*,#3755,.F.);
#4973=ORIENTED_EDGE('',*,*,#3756,.F.);
#4974=ORIENTED_EDGE('',*,*,#3757,.T.);
#4975=ORIENTED_EDGE('',*,*,#3758,.F.);
#4976=ORIENTED_EDGE('',*,*,#3759,.F.);
#4977=ORIENTED_EDGE('',*,*,#3760,.F.);
#4978=ORIENTED_EDGE('',*,*,#3759,.T.);
#4979=ORIENTED_EDGE('',*,*,#3761,.F.);
#4980=ORIENTED_EDGE('',*,*,#3762,.F.);
#4981=ORIENTED_EDGE('',*,*,#3763,.F.);
#4982=ORIENTED_EDGE('',*,*,#3764,.F.);
#4983=ORIENTED_EDGE('',*,*,#3765,.F.);
#4984=ORIENTED_EDGE('',*,*,#3766,.F.);
#4985=ORIENTED_EDGE('',*,*,#3748,.T.);
#4986=ORIENTED_EDGE('',*,*,#3767,.F.);
#4987=ORIENTED_EDGE('',*,*,#3768,.F.);
#4988=ORIENTED_EDGE('',*,*,#3769,.F.);
#4989=ORIENTED_EDGE('',*,*,#3770,.F.);
#4990=ORIENTED_EDGE('',*,*,#3771,.T.);
#4991=ORIENTED_EDGE('',*,*,#3772,.F.);
#4992=ORIENTED_EDGE('',*,*,#3773,.F.);
#4993=ORIENTED_EDGE('',*,*,#3774,.F.);
#4994=ORIENTED_EDGE('',*,*,#3773,.T.);
#4995=ORIENTED_EDGE('',*,*,#3775,.F.);
#4996=ORIENTED_EDGE('',*,*,#3776,.F.);
#4997=ORIENTED_EDGE('',*,*,#3777,.F.);
#4998=ORIENTED_EDGE('',*,*,#3778,.F.);
#4999=ORIENTED_EDGE('',*,*,#3779,.F.);
#5000=ORIENTED_EDGE('',*,*,#3780,.F.);
#5001=ORIENTED_EDGE('',*,*,#3762,.T.);
#5002=ORIENTED_EDGE('',*,*,#3781,.F.);
#5003=ORIENTED_EDGE('',*,*,#3782,.F.);
#5004=ORIENTED_EDGE('',*,*,#3783,.F.);
#5005=ORIENTED_EDGE('',*,*,#3784,.F.);
#5006=ORIENTED_EDGE('',*,*,#3785,.T.);
#5007=ORIENTED_EDGE('',*,*,#3786,.F.);
#5008=ORIENTED_EDGE('',*,*,#3787,.F.);
#5009=ORIENTED_EDGE('',*,*,#3788,.F.);
#5010=ORIENTED_EDGE('',*,*,#3787,.T.);
#5011=ORIENTED_EDGE('',*,*,#3789,.F.);
#5012=ORIENTED_EDGE('',*,*,#3790,.F.);
#5013=ORIENTED_EDGE('',*,*,#3791,.F.);
#5014=ORIENTED_EDGE('',*,*,#3792,.F.);
#5015=ORIENTED_EDGE('',*,*,#3793,.F.);
#5016=ORIENTED_EDGE('',*,*,#3794,.F.);
#5017=ORIENTED_EDGE('',*,*,#3776,.T.);
#5018=ORIENTED_EDGE('',*,*,#3795,.F.);
#5019=ORIENTED_EDGE('',*,*,#3796,.F.);
#5020=ORIENTED_EDGE('',*,*,#3797,.F.);
#5021=ORIENTED_EDGE('',*,*,#3798,.F.);
#5022=ORIENTED_EDGE('',*,*,#3799,.T.);
#5023=ORIENTED_EDGE('',*,*,#3800,.F.);
#5024=ORIENTED_EDGE('',*,*,#3801,.F.);
#5025=ORIENTED_EDGE('',*,*,#3802,.F.);
#5026=ORIENTED_EDGE('',*,*,#3801,.T.);
#5027=ORIENTED_EDGE('',*,*,#3803,.F.);
#5028=ORIENTED_EDGE('',*,*,#3804,.F.);
#5029=ORIENTED_EDGE('',*,*,#3805,.F.);
#5030=ORIENTED_EDGE('',*,*,#3806,.F.);
#5031=ORIENTED_EDGE('',*,*,#3807,.F.);
#5032=ORIENTED_EDGE('',*,*,#3808,.F.);
#5033=ORIENTED_EDGE('',*,*,#3790,.T.);
#5034=ORIENTED_EDGE('',*,*,#3809,.F.);
#5035=ORIENTED_EDGE('',*,*,#3810,.F.);
#5036=ORIENTED_EDGE('',*,*,#3811,.F.);
#5037=ORIENTED_EDGE('',*,*,#3812,.F.);
#5038=ORIENTED_EDGE('',*,*,#3813,.T.);
#5039=ORIENTED_EDGE('',*,*,#3814,.F.);
#5040=ORIENTED_EDGE('',*,*,#3815,.F.);
#5041=ORIENTED_EDGE('',*,*,#3816,.F.);
#5042=ORIENTED_EDGE('',*,*,#3815,.T.);
#5043=ORIENTED_EDGE('',*,*,#3817,.F.);
#5044=ORIENTED_EDGE('',*,*,#3818,.F.);
#5045=ORIENTED_EDGE('',*,*,#3819,.F.);
#5046=ORIENTED_EDGE('',*,*,#3820,.F.);
#5047=ORIENTED_EDGE('',*,*,#3821,.F.);
#5048=ORIENTED_EDGE('',*,*,#3822,.F.);
#5049=ORIENTED_EDGE('',*,*,#3804,.T.);
#5050=ORIENTED_EDGE('',*,*,#3823,.F.);
#5051=ORIENTED_EDGE('',*,*,#3824,.F.);
#5052=ORIENTED_EDGE('',*,*,#3825,.F.);
#5053=ORIENTED_EDGE('',*,*,#3826,.F.);
#5054=ORIENTED_EDGE('',*,*,#3827,.T.);
#5055=ORIENTED_EDGE('',*,*,#3828,.F.);
#5056=ORIENTED_EDGE('',*,*,#3829,.F.);
#5057=ORIENTED_EDGE('',*,*,#3830,.F.);
#5058=ORIENTED_EDGE('',*,*,#3829,.T.);
#5059=ORIENTED_EDGE('',*,*,#3831,.F.);
#5060=ORIENTED_EDGE('',*,*,#3832,.F.);
#5061=ORIENTED_EDGE('',*,*,#3833,.F.);
#5062=ORIENTED_EDGE('',*,*,#3834,.F.);
#5063=ORIENTED_EDGE('',*,*,#3835,.F.);
#5064=ORIENTED_EDGE('',*,*,#3836,.F.);
#5065=ORIENTED_EDGE('',*,*,#3818,.T.);
#5066=ORIENTED_EDGE('',*,*,#3837,.F.);
#5067=ORIENTED_EDGE('',*,*,#3838,.F.);
#5068=ORIENTED_EDGE('',*,*,#3839,.F.);
#5069=ORIENTED_EDGE('',*,*,#3840,.F.);
#5070=ORIENTED_EDGE('',*,*,#3841,.T.);
#5071=ORIENTED_EDGE('',*,*,#3842,.F.);
#5072=ORIENTED_EDGE('',*,*,#3843,.F.);
#5073=ORIENTED_EDGE('',*,*,#3844,.F.);
#5074=ORIENTED_EDGE('',*,*,#3843,.T.);
#5075=ORIENTED_EDGE('',*,*,#3845,.F.);
#5076=ORIENTED_EDGE('',*,*,#3846,.F.);
#5077=ORIENTED_EDGE('',*,*,#3847,.F.);
#5078=ORIENTED_EDGE('',*,*,#3848,.F.);
#5079=ORIENTED_EDGE('',*,*,#3849,.F.);
#5080=ORIENTED_EDGE('',*,*,#3850,.F.);
#5081=ORIENTED_EDGE('',*,*,#3832,.T.);
#5082=ORIENTED_EDGE('',*,*,#3851,.F.);
#5083=ORIENTED_EDGE('',*,*,#3852,.F.);
#5084=ORIENTED_EDGE('',*,*,#3853,.F.);
#5085=ORIENTED_EDGE('',*,*,#3854,.F.);
#5086=ORIENTED_EDGE('',*,*,#3855,.T.);
#5087=ORIENTED_EDGE('',*,*,#3856,.F.);
#5088=ORIENTED_EDGE('',*,*,#3857,.F.);
#5089=ORIENTED_EDGE('',*,*,#3858,.F.);
#5090=ORIENTED_EDGE('',*,*,#3857,.T.);
#5091=ORIENTED_EDGE('',*,*,#3859,.F.);
#5092=ORIENTED_EDGE('',*,*,#3860,.F.);
#5093=ORIENTED_EDGE('',*,*,#3861,.F.);
#5094=ORIENTED_EDGE('',*,*,#3862,.F.);
#5095=ORIENTED_EDGE('',*,*,#3863,.F.);
#5096=ORIENTED_EDGE('',*,*,#3864,.F.);
#5097=ORIENTED_EDGE('',*,*,#3846,.T.);
#5098=ORIENTED_EDGE('',*,*,#3865,.F.);
#5099=ORIENTED_EDGE('',*,*,#3866,.F.);
#5100=ORIENTED_EDGE('',*,*,#3867,.F.);
#5101=ORIENTED_EDGE('',*,*,#3868,.F.);
#5102=ORIENTED_EDGE('',*,*,#3869,.T.);
#5103=ORIENTED_EDGE('',*,*,#3870,.F.);
#5104=ORIENTED_EDGE('',*,*,#3871,.F.);
#5105=ORIENTED_EDGE('',*,*,#3872,.F.);
#5106=ORIENTED_EDGE('',*,*,#3871,.T.);
#5107=ORIENTED_EDGE('',*,*,#3873,.F.);
#5108=ORIENTED_EDGE('',*,*,#3874,.F.);
#5109=ORIENTED_EDGE('',*,*,#3875,.F.);
#5110=ORIENTED_EDGE('',*,*,#3876,.F.);
#5111=ORIENTED_EDGE('',*,*,#3877,.F.);
#5112=ORIENTED_EDGE('',*,*,#3878,.F.);
#5113=ORIENTED_EDGE('',*,*,#3860,.T.);
#5114=ORIENTED_EDGE('',*,*,#3879,.F.);
#5115=ORIENTED_EDGE('',*,*,#3880,.F.);
#5116=ORIENTED_EDGE('',*,*,#3881,.F.);
#5117=ORIENTED_EDGE('',*,*,#3882,.F.);
#5118=ORIENTED_EDGE('',*,*,#3883,.T.);
#5119=ORIENTED_EDGE('',*,*,#3884,.F.);
#5120=ORIENTED_EDGE('',*,*,#3885,.F.);
#5121=ORIENTED_EDGE('',*,*,#3886,.F.);
#5122=ORIENTED_EDGE('',*,*,#3885,.T.);
#5123=ORIENTED_EDGE('',*,*,#3887,.F.);
#5124=ORIENTED_EDGE('',*,*,#3888,.F.);
#5125=ORIENTED_EDGE('',*,*,#3889,.F.);
#5126=ORIENTED_EDGE('',*,*,#3890,.F.);
#5127=ORIENTED_EDGE('',*,*,#3891,.F.);
#5128=ORIENTED_EDGE('',*,*,#3892,.F.);
#5129=ORIENTED_EDGE('',*,*,#3874,.T.);
#5130=ORIENTED_EDGE('',*,*,#3893,.F.);
#5131=ORIENTED_EDGE('',*,*,#3894,.F.);
#5132=ORIENTED_EDGE('',*,*,#3895,.F.);
#5133=ORIENTED_EDGE('',*,*,#3896,.F.);
#5134=ORIENTED_EDGE('',*,*,#3897,.T.);
#5135=ORIENTED_EDGE('',*,*,#3898,.F.);
#5136=ORIENTED_EDGE('',*,*,#3899,.F.);
#5137=ORIENTED_EDGE('',*,*,#3900,.F.);
#5138=ORIENTED_EDGE('',*,*,#3899,.T.);
#5139=ORIENTED_EDGE('',*,*,#3901,.F.);
#5140=ORIENTED_EDGE('',*,*,#3902,.F.);
#5141=ORIENTED_EDGE('',*,*,#3903,.F.);
#5142=ORIENTED_EDGE('',*,*,#3904,.F.);
#5143=ORIENTED_EDGE('',*,*,#3905,.F.);
#5144=ORIENTED_EDGE('',*,*,#3906,.F.);
#5145=ORIENTED_EDGE('',*,*,#3888,.T.);
#5146=ORIENTED_EDGE('',*,*,#3907,.F.);
#5147=ORIENTED_EDGE('',*,*,#3908,.F.);
#5148=ORIENTED_EDGE('',*,*,#3909,.F.);
#5149=ORIENTED_EDGE('',*,*,#3910,.F.);
#5150=ORIENTED_EDGE('',*,*,#3911,.T.);
#5151=ORIENTED_EDGE('',*,*,#3912,.F.);
#5152=ORIENTED_EDGE('',*,*,#3913,.F.);
#5153=ORIENTED_EDGE('',*,*,#3914,.F.);
#5154=ORIENTED_EDGE('',*,*,#3913,.T.);
#5155=ORIENTED_EDGE('',*,*,#3915,.F.);
#5156=ORIENTED_EDGE('',*,*,#3916,.F.);
#5157=ORIENTED_EDGE('',*,*,#3917,.F.);
#5158=ORIENTED_EDGE('',*,*,#3918,.F.);
#5159=ORIENTED_EDGE('',*,*,#3919,.F.);
#5160=ORIENTED_EDGE('',*,*,#3920,.F.);
#5161=ORIENTED_EDGE('',*,*,#3902,.T.);
#5162=ORIENTED_EDGE('',*,*,#3921,.F.);
#5163=ORIENTED_EDGE('',*,*,#3922,.F.);
#5164=ORIENTED_EDGE('',*,*,#3923,.F.);
#5165=ORIENTED_EDGE('',*,*,#3924,.F.);
#5166=ORIENTED_EDGE('',*,*,#3925,.T.);
#5167=ORIENTED_EDGE('',*,*,#3926,.F.);
#5168=ORIENTED_EDGE('',*,*,#3927,.F.);
#5169=ORIENTED_EDGE('',*,*,#3928,.F.);
#5170=ORIENTED_EDGE('',*,*,#3927,.T.);
#5171=ORIENTED_EDGE('',*,*,#3929,.F.);
#5172=ORIENTED_EDGE('',*,*,#3930,.F.);
#5173=ORIENTED_EDGE('',*,*,#3931,.F.);
#5174=ORIENTED_EDGE('',*,*,#3932,.F.);
#5175=ORIENTED_EDGE('',*,*,#3933,.F.);
#5176=ORIENTED_EDGE('',*,*,#3934,.F.);
#5177=ORIENTED_EDGE('',*,*,#3916,.T.);
#5178=ORIENTED_EDGE('',*,*,#3935,.F.);
#5179=ORIENTED_EDGE('',*,*,#3936,.F.);
#5180=ORIENTED_EDGE('',*,*,#3937,.F.);
#5181=ORIENTED_EDGE('',*,*,#3938,.F.);
#5182=ORIENTED_EDGE('',*,*,#3939,.T.);
#5183=ORIENTED_EDGE('',*,*,#3940,.F.);
#5184=ORIENTED_EDGE('',*,*,#3941,.F.);
#5185=ORIENTED_EDGE('',*,*,#3942,.F.);
#5186=ORIENTED_EDGE('',*,*,#3941,.T.);
#5187=ORIENTED_EDGE('',*,*,#3943,.F.);
#5188=ORIENTED_EDGE('',*,*,#3944,.F.);
#5189=ORIENTED_EDGE('',*,*,#3945,.F.);
#5190=ORIENTED_EDGE('',*,*,#3946,.F.);
#5191=ORIENTED_EDGE('',*,*,#3947,.F.);
#5192=ORIENTED_EDGE('',*,*,#3948,.F.);
#5193=ORIENTED_EDGE('',*,*,#3930,.T.);
#5194=ORIENTED_EDGE('',*,*,#3949,.F.);
#5195=ORIENTED_EDGE('',*,*,#3950,.F.);
#5196=ORIENTED_EDGE('',*,*,#3951,.F.);
#5197=ORIENTED_EDGE('',*,*,#3952,.F.);
#5198=ORIENTED_EDGE('',*,*,#3953,.T.);
#5199=ORIENTED_EDGE('',*,*,#3954,.F.);
#5200=ORIENTED_EDGE('',*,*,#3955,.F.);
#5201=ORIENTED_EDGE('',*,*,#3956,.F.);
#5202=ORIENTED_EDGE('',*,*,#3955,.T.);
#5203=ORIENTED_EDGE('',*,*,#3957,.F.);
#5204=ORIENTED_EDGE('',*,*,#3958,.F.);
#5205=ORIENTED_EDGE('',*,*,#3959,.F.);
#5206=ORIENTED_EDGE('',*,*,#3960,.F.);
#5207=ORIENTED_EDGE('',*,*,#3961,.F.);
#5208=ORIENTED_EDGE('',*,*,#3962,.F.);
#5209=ORIENTED_EDGE('',*,*,#3944,.T.);
#5210=ORIENTED_EDGE('',*,*,#3963,.F.);
#5211=ORIENTED_EDGE('',*,*,#3964,.F.);
#5212=ORIENTED_EDGE('',*,*,#3965,.F.);
#5213=ORIENTED_EDGE('',*,*,#3966,.F.);
#5214=ORIENTED_EDGE('',*,*,#3967,.T.);
#5215=ORIENTED_EDGE('',*,*,#3968,.F.);
#5216=ORIENTED_EDGE('',*,*,#3969,.F.);
#5217=ORIENTED_EDGE('',*,*,#3970,.F.);
#5218=ORIENTED_EDGE('',*,*,#3969,.T.);
#5219=ORIENTED_EDGE('',*,*,#3971,.F.);
#5220=ORIENTED_EDGE('',*,*,#3972,.F.);
#5221=ORIENTED_EDGE('',*,*,#3973,.F.);
#5222=ORIENTED_EDGE('',*,*,#3974,.F.);
#5223=ORIENTED_EDGE('',*,*,#3975,.F.);
#5224=ORIENTED_EDGE('',*,*,#3976,.F.);
#5225=ORIENTED_EDGE('',*,*,#3958,.T.);
#5226=ORIENTED_EDGE('',*,*,#3977,.F.);
#5227=ORIENTED_EDGE('',*,*,#3978,.F.);
#5228=ORIENTED_EDGE('',*,*,#3979,.F.);
#5229=ORIENTED_EDGE('',*,*,#3980,.F.);
#5230=ORIENTED_EDGE('',*,*,#3981,.T.);
#5231=ORIENTED_EDGE('',*,*,#3982,.F.);
#5232=ORIENTED_EDGE('',*,*,#3983,.F.);
#5233=ORIENTED_EDGE('',*,*,#3984,.F.);
#5234=ORIENTED_EDGE('',*,*,#3983,.T.);
#5235=ORIENTED_EDGE('',*,*,#3985,.F.);
#5236=ORIENTED_EDGE('',*,*,#3986,.F.);
#5237=ORIENTED_EDGE('',*,*,#3987,.F.);
#5238=ORIENTED_EDGE('',*,*,#3988,.F.);
#5239=ORIENTED_EDGE('',*,*,#3989,.F.);
#5240=ORIENTED_EDGE('',*,*,#3990,.F.);
#5241=ORIENTED_EDGE('',*,*,#3972,.T.);
#5242=ORIENTED_EDGE('',*,*,#3991,.F.);
#5243=ORIENTED_EDGE('',*,*,#3992,.F.);
#5244=ORIENTED_EDGE('',*,*,#3993,.F.);
#5245=ORIENTED_EDGE('',*,*,#3994,.F.);
#5246=ORIENTED_EDGE('',*,*,#3995,.T.);
#5247=ORIENTED_EDGE('',*,*,#3996,.F.);
#5248=ORIENTED_EDGE('',*,*,#3997,.F.);
#5249=ORIENTED_EDGE('',*,*,#3998,.F.);
#5250=ORIENTED_EDGE('',*,*,#3997,.T.);
#5251=ORIENTED_EDGE('',*,*,#3999,.F.);
#5252=ORIENTED_EDGE('',*,*,#4000,.F.);
#5253=ORIENTED_EDGE('',*,*,#4001,.F.);
#5254=ORIENTED_EDGE('',*,*,#4002,.F.);
#5255=ORIENTED_EDGE('',*,*,#4003,.F.);
#5256=ORIENTED_EDGE('',*,*,#4004,.F.);
#5257=ORIENTED_EDGE('',*,*,#3986,.T.);
#5258=ORIENTED_EDGE('',*,*,#4005,.F.);
#5259=ORIENTED_EDGE('',*,*,#4006,.F.);
#5260=ORIENTED_EDGE('',*,*,#4007,.F.);
#5261=ORIENTED_EDGE('',*,*,#4008,.F.);
#5262=ORIENTED_EDGE('',*,*,#4009,.T.);
#5263=ORIENTED_EDGE('',*,*,#4010,.F.);
#5264=ORIENTED_EDGE('',*,*,#4011,.F.);
#5265=ORIENTED_EDGE('',*,*,#4012,.F.);
#5266=ORIENTED_EDGE('',*,*,#4011,.T.);
#5267=ORIENTED_EDGE('',*,*,#4013,.F.);
#5268=ORIENTED_EDGE('',*,*,#4014,.F.);
#5269=ORIENTED_EDGE('',*,*,#4015,.F.);
#5270=ORIENTED_EDGE('',*,*,#4016,.F.);
#5271=ORIENTED_EDGE('',*,*,#4017,.F.);
#5272=ORIENTED_EDGE('',*,*,#4018,.F.);
#5273=ORIENTED_EDGE('',*,*,#4000,.T.);
#5274=ORIENTED_EDGE('',*,*,#4019,.F.);
#5275=ORIENTED_EDGE('',*,*,#4020,.F.);
#5276=ORIENTED_EDGE('',*,*,#4021,.F.);
#5277=ORIENTED_EDGE('',*,*,#4022,.F.);
#5278=ORIENTED_EDGE('',*,*,#4023,.T.);
#5279=ORIENTED_EDGE('',*,*,#4024,.F.);
#5280=ORIENTED_EDGE('',*,*,#4025,.F.);
#5281=ORIENTED_EDGE('',*,*,#4026,.F.);
#5282=ORIENTED_EDGE('',*,*,#4025,.T.);
#5283=ORIENTED_EDGE('',*,*,#4027,.F.);
#5284=ORIENTED_EDGE('',*,*,#4028,.F.);
#5285=ORIENTED_EDGE('',*,*,#4029,.F.);
#5286=ORIENTED_EDGE('',*,*,#4030,.F.);
#5287=ORIENTED_EDGE('',*,*,#4031,.F.);
#5288=ORIENTED_EDGE('',*,*,#4032,.F.);
#5289=ORIENTED_EDGE('',*,*,#4014,.T.);
#5290=ORIENTED_EDGE('',*,*,#4033,.F.);
#5291=ORIENTED_EDGE('',*,*,#4034,.F.);
#5292=ORIENTED_EDGE('',*,*,#4035,.F.);
#5293=ORIENTED_EDGE('',*,*,#4036,.F.);
#5294=ORIENTED_EDGE('',*,*,#4037,.T.);
#5295=ORIENTED_EDGE('',*,*,#4038,.F.);
#5296=ORIENTED_EDGE('',*,*,#4039,.F.);
#5297=ORIENTED_EDGE('',*,*,#4040,.F.);
#5298=ORIENTED_EDGE('',*,*,#4041,.F.);
#5299=ORIENTED_EDGE('',*,*,#4042,.F.);
#5300=ORIENTED_EDGE('',*,*,#4043,.F.);
#5301=ORIENTED_EDGE('',*,*,#4028,.T.);
#5302=ORIENTED_EDGE('',*,*,#4044,.F.);
#5303=ORIENTED_EDGE('',*,*,#4037,.F.);
#5304=ORIENTED_EDGE('',*,*,#4045,.F.);
#5305=ORIENTED_EDGE('',*,*,#4046,.F.);
#5306=ORIENTED_EDGE('',*,*,#4039,.T.);
#5307=ORIENTED_EDGE('',*,*,#4047,.F.);
#5308=ORIENTED_EDGE('',*,*,#4048,.F.);
#5309=ORIENTED_EDGE('',*,*,#4049,.F.);
#5310=ORIENTED_EDGE('',*,*,#4048,.T.);
#5311=ORIENTED_EDGE('',*,*,#4050,.F.);
#5312=ORIENTED_EDGE('',*,*,#4051,.F.);
#5313=ORIENTED_EDGE('',*,*,#4052,.F.);
#5314=ORIENTED_EDGE('',*,*,#4053,.F.);
#5315=ORIENTED_EDGE('',*,*,#4054,.F.);
#5316=ORIENTED_EDGE('',*,*,#4055,.F.);
#5317=ORIENTED_EDGE('',*,*,#4056,.F.);
#5318=ORIENTED_EDGE('',*,*,#4057,.F.);
#5319=ORIENTED_EDGE('',*,*,#4058,.F.);
#5320=ORIENTED_EDGE('',*,*,#3460,.T.);
#5321=ORIENTED_EDGE('',*,*,#4059,.F.);
#5322=ORIENTED_EDGE('',*,*,#3448,.F.);
#5323=ORIENTED_EDGE('',*,*,#4060,.F.);
#5324=ORIENTED_EDGE('',*,*,#4061,.F.);
#5325=ORIENTED_EDGE('',*,*,#4062,.F.);
#5326=ORIENTED_EDGE('',*,*,#4063,.F.);
#5327=ORIENTED_EDGE('',*,*,#3474,.T.);
#5328=ORIENTED_EDGE('',*,*,#4064,.F.);
#5329=ORIENTED_EDGE('',*,*,#3463,.F.);
#5330=ORIENTED_EDGE('',*,*,#4065,.F.);
#5331=ORIENTED_EDGE('',*,*,#4066,.F.);
#5332=ORIENTED_EDGE('',*,*,#4067,.F.);
#5333=ORIENTED_EDGE('',*,*,#4068,.F.);
#5334=ORIENTED_EDGE('',*,*,#3488,.T.);
#5335=ORIENTED_EDGE('',*,*,#4069,.F.);
#5336=ORIENTED_EDGE('',*,*,#3477,.F.);
#5337=ORIENTED_EDGE('',*,*,#4070,.F.);
#5338=ORIENTED_EDGE('',*,*,#4071,.F.);
#5339=ORIENTED_EDGE('',*,*,#4072,.F.);
#5340=ORIENTED_EDGE('',*,*,#4073,.F.);
#5341=ORIENTED_EDGE('',*,*,#3502,.T.);
#5342=ORIENTED_EDGE('',*,*,#4074,.F.);
#5343=ORIENTED_EDGE('',*,*,#3491,.F.);
#5344=ORIENTED_EDGE('',*,*,#4075,.F.);
#5345=ORIENTED_EDGE('',*,*,#4076,.F.);
#5346=ORIENTED_EDGE('',*,*,#4077,.F.);
#5347=ORIENTED_EDGE('',*,*,#4078,.F.);
#5348=ORIENTED_EDGE('',*,*,#3516,.T.);
#5349=ORIENTED_EDGE('',*,*,#4079,.F.);
#5350=ORIENTED_EDGE('',*,*,#3505,.F.);
#5351=ORIENTED_EDGE('',*,*,#4080,.F.);
#5352=ORIENTED_EDGE('',*,*,#4081,.F.);
#5353=ORIENTED_EDGE('',*,*,#4082,.F.);
#5354=ORIENTED_EDGE('',*,*,#4083,.F.);
#5355=ORIENTED_EDGE('',*,*,#3530,.T.);
#5356=ORIENTED_EDGE('',*,*,#4084,.F.);
#5357=ORIENTED_EDGE('',*,*,#3519,.F.);
#5358=ORIENTED_EDGE('',*,*,#4085,.F.);
#5359=ORIENTED_EDGE('',*,*,#4086,.F.);
#5360=ORIENTED_EDGE('',*,*,#4087,.F.);
#5361=ORIENTED_EDGE('',*,*,#4088,.F.);
#5362=ORIENTED_EDGE('',*,*,#3544,.T.);
#5363=ORIENTED_EDGE('',*,*,#4089,.F.);
#5364=ORIENTED_EDGE('',*,*,#3533,.F.);
#5365=ORIENTED_EDGE('',*,*,#4090,.F.);
#5366=ORIENTED_EDGE('',*,*,#4091,.F.);
#5367=ORIENTED_EDGE('',*,*,#4092,.F.);
#5368=ORIENTED_EDGE('',*,*,#4093,.F.);
#5369=ORIENTED_EDGE('',*,*,#3558,.T.);
#5370=ORIENTED_EDGE('',*,*,#4094,.F.);
#5371=ORIENTED_EDGE('',*,*,#3547,.F.);
#5372=ORIENTED_EDGE('',*,*,#4095,.F.);
#5373=ORIENTED_EDGE('',*,*,#4096,.F.);
#5374=ORIENTED_EDGE('',*,*,#4097,.F.);
#5375=ORIENTED_EDGE('',*,*,#4098,.F.);
#5376=ORIENTED_EDGE('',*,*,#3572,.T.);
#5377=ORIENTED_EDGE('',*,*,#4099,.F.);
#5378=ORIENTED_EDGE('',*,*,#3561,.F.);
#5379=ORIENTED_EDGE('',*,*,#4100,.F.);
#5380=ORIENTED_EDGE('',*,*,#4101,.F.);
#5381=ORIENTED_EDGE('',*,*,#4102,.F.);
#5382=ORIENTED_EDGE('',*,*,#4103,.F.);
#5383=ORIENTED_EDGE('',*,*,#3586,.T.);
#5384=ORIENTED_EDGE('',*,*,#4104,.F.);
#5385=ORIENTED_EDGE('',*,*,#3575,.F.);
#5386=ORIENTED_EDGE('',*,*,#4105,.F.);
#5387=ORIENTED_EDGE('',*,*,#4106,.F.);
#5388=ORIENTED_EDGE('',*,*,#4107,.F.);
#5389=ORIENTED_EDGE('',*,*,#4108,.F.);
#5390=ORIENTED_EDGE('',*,*,#3600,.T.);
#5391=ORIENTED_EDGE('',*,*,#4109,.F.);
#5392=ORIENTED_EDGE('',*,*,#3589,.F.);
#5393=ORIENTED_EDGE('',*,*,#4110,.F.);
#5394=ORIENTED_EDGE('',*,*,#4111,.F.);
#5395=ORIENTED_EDGE('',*,*,#4112,.F.);
#5396=ORIENTED_EDGE('',*,*,#4113,.F.);
#5397=ORIENTED_EDGE('',*,*,#3614,.T.);
#5398=ORIENTED_EDGE('',*,*,#4114,.F.);
#5399=ORIENTED_EDGE('',*,*,#3603,.F.);
#5400=ORIENTED_EDGE('',*,*,#4115,.F.);
#5401=ORIENTED_EDGE('',*,*,#4116,.F.);
#5402=ORIENTED_EDGE('',*,*,#4117,.F.);
#5403=ORIENTED_EDGE('',*,*,#4118,.F.);
#5404=ORIENTED_EDGE('',*,*,#3628,.T.);
#5405=ORIENTED_EDGE('',*,*,#4119,.F.);
#5406=ORIENTED_EDGE('',*,*,#3617,.F.);
#5407=ORIENTED_EDGE('',*,*,#4120,.F.);
#5408=ORIENTED_EDGE('',*,*,#4121,.F.);
#5409=ORIENTED_EDGE('',*,*,#4122,.F.);
#5410=ORIENTED_EDGE('',*,*,#4123,.F.);
#5411=ORIENTED_EDGE('',*,*,#3642,.T.);
#5412=ORIENTED_EDGE('',*,*,#4124,.F.);
#5413=ORIENTED_EDGE('',*,*,#3631,.F.);
#5414=ORIENTED_EDGE('',*,*,#4125,.F.);
#5415=ORIENTED_EDGE('',*,*,#4126,.F.);
#5416=ORIENTED_EDGE('',*,*,#4127,.F.);
#5417=ORIENTED_EDGE('',*,*,#4128,.F.);
#5418=ORIENTED_EDGE('',*,*,#3656,.T.);
#5419=ORIENTED_EDGE('',*,*,#4129,.F.);
#5420=ORIENTED_EDGE('',*,*,#3645,.F.);
#5421=ORIENTED_EDGE('',*,*,#4130,.F.);
#5422=ORIENTED_EDGE('',*,*,#4131,.F.);
#5423=ORIENTED_EDGE('',*,*,#4132,.F.);
#5424=ORIENTED_EDGE('',*,*,#4133,.F.);
#5425=ORIENTED_EDGE('',*,*,#3670,.T.);
#5426=ORIENTED_EDGE('',*,*,#4134,.F.);
#5427=ORIENTED_EDGE('',*,*,#3659,.F.);
#5428=ORIENTED_EDGE('',*,*,#4135,.F.);
#5429=ORIENTED_EDGE('',*,*,#4136,.F.);
#5430=ORIENTED_EDGE('',*,*,#4137,.F.);
#5431=ORIENTED_EDGE('',*,*,#4138,.F.);
#5432=ORIENTED_EDGE('',*,*,#3684,.T.);
#5433=ORIENTED_EDGE('',*,*,#4139,.F.);
#5434=ORIENTED_EDGE('',*,*,#3673,.F.);
#5435=ORIENTED_EDGE('',*,*,#4140,.F.);
#5436=ORIENTED_EDGE('',*,*,#4141,.F.);
#5437=ORIENTED_EDGE('',*,*,#4142,.F.);
#5438=ORIENTED_EDGE('',*,*,#4143,.F.);
#5439=ORIENTED_EDGE('',*,*,#3698,.T.);
#5440=ORIENTED_EDGE('',*,*,#4144,.F.);
#5441=ORIENTED_EDGE('',*,*,#3687,.F.);
#5442=ORIENTED_EDGE('',*,*,#4145,.F.);
#5443=ORIENTED_EDGE('',*,*,#4146,.F.);
#5444=ORIENTED_EDGE('',*,*,#4147,.F.);
#5445=ORIENTED_EDGE('',*,*,#4148,.F.);
#5446=ORIENTED_EDGE('',*,*,#3712,.T.);
#5447=ORIENTED_EDGE('',*,*,#4149,.F.);
#5448=ORIENTED_EDGE('',*,*,#3701,.F.);
#5449=ORIENTED_EDGE('',*,*,#4150,.F.);
#5450=ORIENTED_EDGE('',*,*,#4151,.F.);
#5451=ORIENTED_EDGE('',*,*,#4152,.F.);
#5452=ORIENTED_EDGE('',*,*,#4153,.F.);
#5453=ORIENTED_EDGE('',*,*,#3726,.T.);
#5454=ORIENTED_EDGE('',*,*,#4154,.F.);
#5455=ORIENTED_EDGE('',*,*,#3715,.F.);
#5456=ORIENTED_EDGE('',*,*,#4155,.F.);
#5457=ORIENTED_EDGE('',*,*,#4156,.F.);
#5458=ORIENTED_EDGE('',*,*,#4157,.F.);
#5459=ORIENTED_EDGE('',*,*,#4158,.F.);
#5460=ORIENTED_EDGE('',*,*,#3740,.T.);
#5461=ORIENTED_EDGE('',*,*,#4159,.F.);
#5462=ORIENTED_EDGE('',*,*,#3729,.F.);
#5463=ORIENTED_EDGE('',*,*,#4160,.F.);
#5464=ORIENTED_EDGE('',*,*,#4161,.F.);
#5465=ORIENTED_EDGE('',*,*,#4162,.F.);
#5466=ORIENTED_EDGE('',*,*,#4163,.F.);
#5467=ORIENTED_EDGE('',*,*,#3754,.T.);
#5468=ORIENTED_EDGE('',*,*,#4164,.F.);
#5469=ORIENTED_EDGE('',*,*,#3743,.F.);
#5470=ORIENTED_EDGE('',*,*,#4165,.F.);
#5471=ORIENTED_EDGE('',*,*,#4166,.F.);
#5472=ORIENTED_EDGE('',*,*,#4167,.F.);
#5473=ORIENTED_EDGE('',*,*,#4168,.F.);
#5474=ORIENTED_EDGE('',*,*,#3768,.T.);
#5475=ORIENTED_EDGE('',*,*,#4169,.F.);
#5476=ORIENTED_EDGE('',*,*,#3757,.F.);
#5477=ORIENTED_EDGE('',*,*,#4170,.F.);
#5478=ORIENTED_EDGE('',*,*,#4171,.F.);
#5479=ORIENTED_EDGE('',*,*,#4172,.F.);
#5480=ORIENTED_EDGE('',*,*,#4173,.F.);
#5481=ORIENTED_EDGE('',*,*,#3782,.T.);
#5482=ORIENTED_EDGE('',*,*,#4174,.F.);
#5483=ORIENTED_EDGE('',*,*,#3771,.F.);
#5484=ORIENTED_EDGE('',*,*,#4175,.F.);
#5485=ORIENTED_EDGE('',*,*,#4176,.F.);
#5486=ORIENTED_EDGE('',*,*,#4177,.F.);
#5487=ORIENTED_EDGE('',*,*,#4178,.F.);
#5488=ORIENTED_EDGE('',*,*,#3796,.T.);
#5489=ORIENTED_EDGE('',*,*,#4179,.F.);
#5490=ORIENTED_EDGE('',*,*,#3785,.F.);
#5491=ORIENTED_EDGE('',*,*,#4180,.F.);
#5492=ORIENTED_EDGE('',*,*,#4181,.F.);
#5493=ORIENTED_EDGE('',*,*,#4182,.F.);
#5494=ORIENTED_EDGE('',*,*,#4183,.F.);
#5495=ORIENTED_EDGE('',*,*,#3810,.T.);
#5496=ORIENTED_EDGE('',*,*,#4184,.F.);
#5497=ORIENTED_EDGE('',*,*,#3799,.F.);
#5498=ORIENTED_EDGE('',*,*,#4185,.F.);
#5499=ORIENTED_EDGE('',*,*,#4186,.F.);
#5500=ORIENTED_EDGE('',*,*,#4187,.F.);
#5501=ORIENTED_EDGE('',*,*,#4188,.F.);
#5502=ORIENTED_EDGE('',*,*,#3824,.T.);
#5503=ORIENTED_EDGE('',*,*,#4189,.F.);
#5504=ORIENTED_EDGE('',*,*,#3813,.F.);
#5505=ORIENTED_EDGE('',*,*,#4190,.F.);
#5506=ORIENTED_EDGE('',*,*,#4191,.F.);
#5507=ORIENTED_EDGE('',*,*,#4192,.F.);
#5508=ORIENTED_EDGE('',*,*,#4193,.F.);
#5509=ORIENTED_EDGE('',*,*,#3838,.T.);
#5510=ORIENTED_EDGE('',*,*,#4194,.F.);
#5511=ORIENTED_EDGE('',*,*,#3827,.F.);
#5512=ORIENTED_EDGE('',*,*,#4195,.F.);
#5513=ORIENTED_EDGE('',*,*,#4196,.F.);
#5514=ORIENTED_EDGE('',*,*,#4197,.F.);
#5515=ORIENTED_EDGE('',*,*,#4198,.F.);
#5516=ORIENTED_EDGE('',*,*,#3852,.T.);
#5517=ORIENTED_EDGE('',*,*,#4199,.F.);
#5518=ORIENTED_EDGE('',*,*,#3841,.F.);
#5519=ORIENTED_EDGE('',*,*,#4200,.F.);
#5520=ORIENTED_EDGE('',*,*,#4201,.F.);
#5521=ORIENTED_EDGE('',*,*,#4202,.F.);
#5522=ORIENTED_EDGE('',*,*,#4203,.F.);
#5523=ORIENTED_EDGE('',*,*,#3866,.T.);
#5524=ORIENTED_EDGE('',*,*,#4204,.F.);
#5525=ORIENTED_EDGE('',*,*,#3855,.F.);
#5526=ORIENTED_EDGE('',*,*,#4205,.F.);
#5527=ORIENTED_EDGE('',*,*,#4206,.F.);
#5528=ORIENTED_EDGE('',*,*,#4207,.F.);
#5529=ORIENTED_EDGE('',*,*,#4208,.F.);
#5530=ORIENTED_EDGE('',*,*,#3880,.T.);
#5531=ORIENTED_EDGE('',*,*,#4209,.F.);
#5532=ORIENTED_EDGE('',*,*,#3869,.F.);
#5533=ORIENTED_EDGE('',*,*,#4210,.F.);
#5534=ORIENTED_EDGE('',*,*,#4211,.F.);
#5535=ORIENTED_EDGE('',*,*,#4212,.F.);
#5536=ORIENTED_EDGE('',*,*,#4213,.F.);
#5537=ORIENTED_EDGE('',*,*,#3894,.T.);
#5538=ORIENTED_EDGE('',*,*,#4214,.F.);
#5539=ORIENTED_EDGE('',*,*,#3883,.F.);
#5540=ORIENTED_EDGE('',*,*,#4215,.F.);
#5541=ORIENTED_EDGE('',*,*,#4216,.F.);
#5542=ORIENTED_EDGE('',*,*,#4217,.F.);
#5543=ORIENTED_EDGE('',*,*,#4218,.F.);
#5544=ORIENTED_EDGE('',*,*,#3908,.T.);
#5545=ORIENTED_EDGE('',*,*,#4219,.F.);
#5546=ORIENTED_EDGE('',*,*,#3897,.F.);
#5547=ORIENTED_EDGE('',*,*,#4220,.F.);
#5548=ORIENTED_EDGE('',*,*,#4221,.F.);
#5549=ORIENTED_EDGE('',*,*,#4222,.F.);
#5550=ORIENTED_EDGE('',*,*,#4223,.F.);
#5551=ORIENTED_EDGE('',*,*,#3922,.T.);
#5552=ORIENTED_EDGE('',*,*,#4224,.F.);
#5553=ORIENTED_EDGE('',*,*,#3911,.F.);
#5554=ORIENTED_EDGE('',*,*,#4225,.F.);
#5555=ORIENTED_EDGE('',*,*,#4226,.F.);
#5556=ORIENTED_EDGE('',*,*,#4227,.F.);
#5557=ORIENTED_EDGE('',*,*,#4228,.F.);
#5558=ORIENTED_EDGE('',*,*,#3936,.T.);
#5559=ORIENTED_EDGE('',*,*,#4229,.F.);
#5560=ORIENTED_EDGE('',*,*,#3925,.F.);
#5561=ORIENTED_EDGE('',*,*,#4230,.F.);
#5562=ORIENTED_EDGE('',*,*,#4231,.F.);
#5563=ORIENTED_EDGE('',*,*,#4232,.F.);
#5564=ORIENTED_EDGE('',*,*,#4233,.F.);
#5565=ORIENTED_EDGE('',*,*,#3950,.T.);
#5566=ORIENTED_EDGE('',*,*,#4234,.F.);
#5567=ORIENTED_EDGE('',*,*,#3939,.F.);
#5568=ORIENTED_EDGE('',*,*,#4235,.F.);
#5569=ORIENTED_EDGE('',*,*,#4236,.F.);
#5570=ORIENTED_EDGE('',*,*,#4237,.F.);
#5571=ORIENTED_EDGE('',*,*,#4238,.F.);
#5572=ORIENTED_EDGE('',*,*,#3964,.T.);
#5573=ORIENTED_EDGE('',*,*,#4239,.F.);
#5574=ORIENTED_EDGE('',*,*,#3953,.F.);
#5575=ORIENTED_EDGE('',*,*,#4240,.F.);
#5576=ORIENTED_EDGE('',*,*,#4241,.F.);
#5577=ORIENTED_EDGE('',*,*,#4242,.F.);
#5578=ORIENTED_EDGE('',*,*,#4243,.F.);
#5579=ORIENTED_EDGE('',*,*,#3978,.T.);
#5580=ORIENTED_EDGE('',*,*,#4244,.F.);
#5581=ORIENTED_EDGE('',*,*,#3967,.F.);
#5582=ORIENTED_EDGE('',*,*,#4245,.F.);
#5583=ORIENTED_EDGE('',*,*,#4246,.F.);
#5584=ORIENTED_EDGE('',*,*,#4247,.F.);
#5585=ORIENTED_EDGE('',*,*,#4248,.F.);
#5586=ORIENTED_EDGE('',*,*,#3992,.T.);
#5587=ORIENTED_EDGE('',*,*,#4249,.F.);
#5588=ORIENTED_EDGE('',*,*,#3981,.F.);
#5589=ORIENTED_EDGE('',*,*,#4250,.F.);
#5590=ORIENTED_EDGE('',*,*,#4251,.F.);
#5591=ORIENTED_EDGE('',*,*,#4252,.F.);
#5592=ORIENTED_EDGE('',*,*,#4253,.F.);
#5593=ORIENTED_EDGE('',*,*,#4006,.T.);
#5594=ORIENTED_EDGE('',*,*,#4254,.F.);
#5595=ORIENTED_EDGE('',*,*,#3995,.F.);
#5596=ORIENTED_EDGE('',*,*,#4255,.F.);
#5597=ORIENTED_EDGE('',*,*,#4256,.F.);
#5598=ORIENTED_EDGE('',*,*,#4257,.F.);
#5599=ORIENTED_EDGE('',*,*,#4258,.F.);
#5600=ORIENTED_EDGE('',*,*,#4020,.T.);
#5601=ORIENTED_EDGE('',*,*,#4259,.F.);
#5602=ORIENTED_EDGE('',*,*,#4009,.F.);
#5603=ORIENTED_EDGE('',*,*,#4260,.F.);
#5604=ORIENTED_EDGE('',*,*,#4261,.F.);
#5605=ORIENTED_EDGE('',*,*,#4262,.F.);
#5606=ORIENTED_EDGE('',*,*,#4263,.F.);
#5607=ORIENTED_EDGE('',*,*,#4034,.T.);
#5608=ORIENTED_EDGE('',*,*,#4264,.F.);
#5609=ORIENTED_EDGE('',*,*,#4023,.F.);
#5610=ORIENTED_EDGE('',*,*,#3458,.T.);
#5611=ORIENTED_EDGE('',*,*,#4265,.F.);
#5612=ORIENTED_EDGE('',*,*,#4266,.F.);
#5613=ORIENTED_EDGE('',*,*,#4267,.F.);
#5614=ORIENTED_EDGE('',*,*,#4268,.F.);
#5615=ORIENTED_EDGE('',*,*,#4269,.T.);
#5616=ORIENTED_EDGE('',*,*,#4270,.F.);
#5617=ORIENTED_EDGE('',*,*,#4055,.T.);
#5618=ORIENTED_EDGE('',*,*,#3447,.T.);
#5619=ORIENTED_EDGE('',*,*,#3451,.T.);
#5620=ORIENTED_EDGE('',*,*,#4271,.F.);
#5621=ORIENTED_EDGE('',*,*,#4060,.T.);
#5622=ORIENTED_EDGE('',*,*,#3462,.T.);
#5623=ORIENTED_EDGE('',*,*,#3466,.T.);
#5624=ORIENTED_EDGE('',*,*,#4272,.F.);
#5625=ORIENTED_EDGE('',*,*,#4065,.T.);
#5626=ORIENTED_EDGE('',*,*,#3476,.T.);
#5627=ORIENTED_EDGE('',*,*,#3480,.T.);
#5628=ORIENTED_EDGE('',*,*,#4273,.F.);
#5629=ORIENTED_EDGE('',*,*,#4070,.T.);
#5630=ORIENTED_EDGE('',*,*,#3490,.T.);
#5631=ORIENTED_EDGE('',*,*,#3494,.T.);
#5632=ORIENTED_EDGE('',*,*,#4274,.F.);
#5633=ORIENTED_EDGE('',*,*,#4075,.T.);
#5634=ORIENTED_EDGE('',*,*,#3504,.T.);
#5635=ORIENTED_EDGE('',*,*,#3508,.T.);
#5636=ORIENTED_EDGE('',*,*,#4275,.F.);
#5637=ORIENTED_EDGE('',*,*,#4080,.T.);
#5638=ORIENTED_EDGE('',*,*,#3518,.T.);
#5639=ORIENTED_EDGE('',*,*,#3522,.T.);
#5640=ORIENTED_EDGE('',*,*,#4276,.F.);
#5641=ORIENTED_EDGE('',*,*,#4085,.T.);
#5642=ORIENTED_EDGE('',*,*,#3532,.T.);
#5643=ORIENTED_EDGE('',*,*,#3536,.T.);
#5644=ORIENTED_EDGE('',*,*,#4277,.F.);
#5645=ORIENTED_EDGE('',*,*,#4090,.T.);
#5646=ORIENTED_EDGE('',*,*,#3546,.T.);
#5647=ORIENTED_EDGE('',*,*,#3550,.T.);
#5648=ORIENTED_EDGE('',*,*,#4278,.F.);
#5649=ORIENTED_EDGE('',*,*,#4095,.T.);
#5650=ORIENTED_EDGE('',*,*,#3560,.T.);
#5651=ORIENTED_EDGE('',*,*,#3564,.T.);
#5652=ORIENTED_EDGE('',*,*,#4279,.F.);
#5653=ORIENTED_EDGE('',*,*,#4100,.T.);
#5654=ORIENTED_EDGE('',*,*,#3574,.T.);
#5655=ORIENTED_EDGE('',*,*,#3578,.T.);
#5656=ORIENTED_EDGE('',*,*,#4280,.F.);
#5657=ORIENTED_EDGE('',*,*,#4105,.T.);
#5658=ORIENTED_EDGE('',*,*,#3588,.T.);
#5659=ORIENTED_EDGE('',*,*,#3592,.T.);
#5660=ORIENTED_EDGE('',*,*,#4281,.F.);
#5661=ORIENTED_EDGE('',*,*,#4110,.T.);
#5662=ORIENTED_EDGE('',*,*,#3602,.T.);
#5663=ORIENTED_EDGE('',*,*,#3606,.T.);
#5664=ORIENTED_EDGE('',*,*,#4282,.F.);
#5665=ORIENTED_EDGE('',*,*,#4115,.T.);
#5666=ORIENTED_EDGE('',*,*,#3616,.T.);
#5667=ORIENTED_EDGE('',*,*,#3620,.T.);
#5668=ORIENTED_EDGE('',*,*,#4283,.F.);
#5669=ORIENTED_EDGE('',*,*,#4120,.T.);
#5670=ORIENTED_EDGE('',*,*,#3630,.T.);
#5671=ORIENTED_EDGE('',*,*,#3634,.T.);
#5672=ORIENTED_EDGE('',*,*,#4284,.F.);
#5673=ORIENTED_EDGE('',*,*,#4125,.T.);
#5674=ORIENTED_EDGE('',*,*,#3644,.T.);
#5675=ORIENTED_EDGE('',*,*,#3648,.T.);
#5676=ORIENTED_EDGE('',*,*,#4285,.F.);
#5677=ORIENTED_EDGE('',*,*,#4130,.T.);
#5678=ORIENTED_EDGE('',*,*,#3658,.T.);
#5679=ORIENTED_EDGE('',*,*,#3662,.T.);
#5680=ORIENTED_EDGE('',*,*,#4286,.F.);
#5681=ORIENTED_EDGE('',*,*,#4135,.T.);
#5682=ORIENTED_EDGE('',*,*,#3672,.T.);
#5683=ORIENTED_EDGE('',*,*,#3676,.T.);
#5684=ORIENTED_EDGE('',*,*,#4287,.F.);
#5685=ORIENTED_EDGE('',*,*,#4140,.T.);
#5686=ORIENTED_EDGE('',*,*,#3686,.T.);
#5687=ORIENTED_EDGE('',*,*,#3690,.T.);
#5688=ORIENTED_EDGE('',*,*,#4288,.F.);
#5689=ORIENTED_EDGE('',*,*,#4145,.T.);
#5690=ORIENTED_EDGE('',*,*,#3700,.T.);
#5691=ORIENTED_EDGE('',*,*,#3704,.T.);
#5692=ORIENTED_EDGE('',*,*,#4289,.F.);
#5693=ORIENTED_EDGE('',*,*,#4150,.T.);
#5694=ORIENTED_EDGE('',*,*,#3714,.T.);
#5695=ORIENTED_EDGE('',*,*,#3718,.T.);
#5696=ORIENTED_EDGE('',*,*,#4290,.F.);
#5697=ORIENTED_EDGE('',*,*,#4155,.T.);
#5698=ORIENTED_EDGE('',*,*,#3728,.T.);
#5699=ORIENTED_EDGE('',*,*,#3732,.T.);
#5700=ORIENTED_EDGE('',*,*,#4291,.F.);
#5701=ORIENTED_EDGE('',*,*,#4292,.T.);
#5702=ORIENTED_EDGE('',*,*,#4293,.F.);
#5703=ORIENTED_EDGE('',*,*,#4292,.F.);
#5704=ORIENTED_EDGE('',*,*,#4294,.F.);
#5705=ORIENTED_EDGE('',*,*,#4160,.T.);
#5706=ORIENTED_EDGE('',*,*,#3742,.T.);
#5707=ORIENTED_EDGE('',*,*,#3746,.T.);
#5708=ORIENTED_EDGE('',*,*,#4295,.F.);
#5709=ORIENTED_EDGE('',*,*,#4165,.T.);
#5710=ORIENTED_EDGE('',*,*,#3756,.T.);
#5711=ORIENTED_EDGE('',*,*,#3760,.T.);
#5712=ORIENTED_EDGE('',*,*,#4296,.F.);
#5713=ORIENTED_EDGE('',*,*,#4170,.T.);
#5714=ORIENTED_EDGE('',*,*,#3770,.T.);
#5715=ORIENTED_EDGE('',*,*,#3774,.T.);
#5716=ORIENTED_EDGE('',*,*,#4297,.F.);
#5717=ORIENTED_EDGE('',*,*,#4175,.T.);
#5718=ORIENTED_EDGE('',*,*,#3784,.T.);
#5719=ORIENTED_EDGE('',*,*,#3788,.T.);
#5720=ORIENTED_EDGE('',*,*,#4298,.F.);
#5721=ORIENTED_EDGE('',*,*,#4180,.T.);
#5722=ORIENTED_EDGE('',*,*,#3798,.T.);
#5723=ORIENTED_EDGE('',*,*,#3802,.T.);
#5724=ORIENTED_EDGE('',*,*,#4299,.F.);
#5725=ORIENTED_EDGE('',*,*,#4185,.T.);
#5726=ORIENTED_EDGE('',*,*,#3812,.T.);
#5727=ORIENTED_EDGE('',*,*,#3816,.T.);
#5728=ORIENTED_EDGE('',*,*,#4300,.F.);
#5729=ORIENTED_EDGE('',*,*,#4190,.T.);
#5730=ORIENTED_EDGE('',*,*,#3826,.T.);
#5731=ORIENTED_EDGE('',*,*,#3830,.T.);
#5732=ORIENTED_EDGE('',*,*,#4301,.F.);
#5733=ORIENTED_EDGE('',*,*,#4195,.T.);
#5734=ORIENTED_EDGE('',*,*,#3840,.T.);
#5735=ORIENTED_EDGE('',*,*,#3844,.T.);
#5736=ORIENTED_EDGE('',*,*,#4302,.F.);
#5737=ORIENTED_EDGE('',*,*,#4200,.T.);
#5738=ORIENTED_EDGE('',*,*,#3854,.T.);
#5739=ORIENTED_EDGE('',*,*,#3858,.T.);
#5740=ORIENTED_EDGE('',*,*,#4303,.F.);
#5741=ORIENTED_EDGE('',*,*,#4205,.T.);
#5742=ORIENTED_EDGE('',*,*,#3868,.T.);
#5743=ORIENTED_EDGE('',*,*,#3872,.T.);
#5744=ORIENTED_EDGE('',*,*,#4304,.F.);
#5745=ORIENTED_EDGE('',*,*,#4210,.T.);
#5746=ORIENTED_EDGE('',*,*,#3882,.T.);
#5747=ORIENTED_EDGE('',*,*,#3886,.T.);
#5748=ORIENTED_EDGE('',*,*,#4305,.F.);
#5749=ORIENTED_EDGE('',*,*,#4215,.T.);
#5750=ORIENTED_EDGE('',*,*,#3896,.T.);
#5751=ORIENTED_EDGE('',*,*,#3900,.T.);
#5752=ORIENTED_EDGE('',*,*,#4306,.F.);
#5753=ORIENTED_EDGE('',*,*,#4220,.T.);
#5754=ORIENTED_EDGE('',*,*,#3910,.T.);
#5755=ORIENTED_EDGE('',*,*,#3914,.T.);
#5756=ORIENTED_EDGE('',*,*,#4307,.F.);
#5757=ORIENTED_EDGE('',*,*,#4225,.T.);
#5758=ORIENTED_EDGE('',*,*,#3924,.T.);
#5759=ORIENTED_EDGE('',*,*,#3928,.T.);
#5760=ORIENTED_EDGE('',*,*,#4308,.F.);
#5761=ORIENTED_EDGE('',*,*,#4230,.T.);
#5762=ORIENTED_EDGE('',*,*,#3938,.T.);
#5763=ORIENTED_EDGE('',*,*,#3942,.T.);
#5764=ORIENTED_EDGE('',*,*,#4309,.F.);
#5765=ORIENTED_EDGE('',*,*,#4235,.T.);
#5766=ORIENTED_EDGE('',*,*,#3952,.T.);
#5767=ORIENTED_EDGE('',*,*,#3956,.T.);
#5768=ORIENTED_EDGE('',*,*,#4310,.F.);
#5769=ORIENTED_EDGE('',*,*,#4240,.T.);
#5770=ORIENTED_EDGE('',*,*,#3966,.T.);
#5771=ORIENTED_EDGE('',*,*,#3970,.T.);
#5772=ORIENTED_EDGE('',*,*,#4311,.F.);
#5773=ORIENTED_EDGE('',*,*,#4245,.T.);
#5774=ORIENTED_EDGE('',*,*,#3980,.T.);
#5775=ORIENTED_EDGE('',*,*,#3984,.T.);
#5776=ORIENTED_EDGE('',*,*,#4312,.F.);
#5777=ORIENTED_EDGE('',*,*,#4250,.T.);
#5778=ORIENTED_EDGE('',*,*,#3994,.T.);
#5779=ORIENTED_EDGE('',*,*,#3998,.T.);
#5780=ORIENTED_EDGE('',*,*,#4313,.F.);
#5781=ORIENTED_EDGE('',*,*,#4255,.T.);
#5782=ORIENTED_EDGE('',*,*,#4008,.T.);
#5783=ORIENTED_EDGE('',*,*,#4012,.T.);
#5784=ORIENTED_EDGE('',*,*,#4314,.F.);
#5785=ORIENTED_EDGE('',*,*,#4260,.T.);
#5786=ORIENTED_EDGE('',*,*,#4022,.T.);
#5787=ORIENTED_EDGE('',*,*,#4026,.T.);
#5788=ORIENTED_EDGE('',*,*,#4315,.F.);
#5789=ORIENTED_EDGE('',*,*,#4040,.T.);
#5790=ORIENTED_EDGE('',*,*,#4046,.T.);
#5791=ORIENTED_EDGE('',*,*,#4049,.T.);
#5792=ORIENTED_EDGE('',*,*,#4316,.F.);
#5793=ORIENTED_EDGE('',*,*,#4317,.T.);
#5794=ORIENTED_EDGE('',*,*,#4318,.T.);
#5795=ORIENTED_EDGE('',*,*,#4268,.T.);
#5796=ORIENTED_EDGE('',*,*,#4319,.F.);
#5797=ORIENTED_EDGE('',*,*,#4054,.T.);
#5798=ORIENTED_EDGE('',*,*,#4320,.T.);
#5799=ORIENTED_EDGE('',*,*,#4321,.T.);
#5800=ORIENTED_EDGE('',*,*,#4316,.T.);
#5801=ORIENTED_EDGE('',*,*,#4031,.T.);
#5802=ORIENTED_EDGE('',*,*,#4322,.T.);
#5803=ORIENTED_EDGE('',*,*,#4041,.T.);
#5804=ORIENTED_EDGE('',*,*,#4315,.T.);
#5805=ORIENTED_EDGE('',*,*,#4017,.T.);
#5806=ORIENTED_EDGE('',*,*,#4323,.T.);
#5807=ORIENTED_EDGE('',*,*,#4261,.T.);
#5808=ORIENTED_EDGE('',*,*,#4314,.T.);
#5809=ORIENTED_EDGE('',*,*,#4003,.T.);
#5810=ORIENTED_EDGE('',*,*,#4324,.T.);
#5811=ORIENTED_EDGE('',*,*,#4256,.T.);
#5812=ORIENTED_EDGE('',*,*,#4313,.T.);
#5813=ORIENTED_EDGE('',*,*,#3989,.T.);
#5814=ORIENTED_EDGE('',*,*,#4325,.T.);
#5815=ORIENTED_EDGE('',*,*,#4251,.T.);
#5816=ORIENTED_EDGE('',*,*,#4312,.T.);
#5817=ORIENTED_EDGE('',*,*,#3975,.T.);
#5818=ORIENTED_EDGE('',*,*,#4326,.T.);
#5819=ORIENTED_EDGE('',*,*,#4246,.T.);
#5820=ORIENTED_EDGE('',*,*,#4311,.T.);
#5821=ORIENTED_EDGE('',*,*,#3961,.T.);
#5822=ORIENTED_EDGE('',*,*,#4327,.T.);
#5823=ORIENTED_EDGE('',*,*,#4241,.T.);
#5824=ORIENTED_EDGE('',*,*,#4310,.T.);
#5825=ORIENTED_EDGE('',*,*,#3947,.T.);
#5826=ORIENTED_EDGE('',*,*,#4328,.T.);
#5827=ORIENTED_EDGE('',*,*,#4236,.T.);
#5828=ORIENTED_EDGE('',*,*,#4309,.T.);
#5829=ORIENTED_EDGE('',*,*,#3933,.T.);
#5830=ORIENTED_EDGE('',*,*,#4329,.T.);
#5831=ORIENTED_EDGE('',*,*,#4231,.T.);
#5832=ORIENTED_EDGE('',*,*,#4308,.T.);
#5833=ORIENTED_EDGE('',*,*,#3919,.T.);
#5834=ORIENTED_EDGE('',*,*,#4330,.T.);
#5835=ORIENTED_EDGE('',*,*,#4226,.T.);
#5836=ORIENTED_EDGE('',*,*,#4307,.T.);
#5837=ORIENTED_EDGE('',*,*,#3905,.T.);
#5838=ORIENTED_EDGE('',*,*,#4331,.T.);
#5839=ORIENTED_EDGE('',*,*,#4221,.T.);
#5840=ORIENTED_EDGE('',*,*,#4306,.T.);
#5841=ORIENTED_EDGE('',*,*,#3891,.T.);
#5842=ORIENTED_EDGE('',*,*,#4332,.T.);
#5843=ORIENTED_EDGE('',*,*,#4216,.T.);
#5844=ORIENTED_EDGE('',*,*,#4305,.T.);
#5845=ORIENTED_EDGE('',*,*,#3877,.T.);
#5846=ORIENTED_EDGE('',*,*,#4333,.T.);
#5847=ORIENTED_EDGE('',*,*,#4211,.T.);
#5848=ORIENTED_EDGE('',*,*,#4304,.T.);
#5849=ORIENTED_EDGE('',*,*,#3863,.T.);
#5850=ORIENTED_EDGE('',*,*,#4334,.T.);
#5851=ORIENTED_EDGE('',*,*,#4206,.T.);
#5852=ORIENTED_EDGE('',*,*,#4303,.T.);
#5853=ORIENTED_EDGE('',*,*,#3849,.T.);
#5854=ORIENTED_EDGE('',*,*,#4335,.T.);
#5855=ORIENTED_EDGE('',*,*,#4201,.T.);
#5856=ORIENTED_EDGE('',*,*,#4302,.T.);
#5857=ORIENTED_EDGE('',*,*,#3835,.T.);
#5858=ORIENTED_EDGE('',*,*,#4336,.T.);
#5859=ORIENTED_EDGE('',*,*,#4196,.T.);
#5860=ORIENTED_EDGE('',*,*,#4301,.T.);
#5861=ORIENTED_EDGE('',*,*,#3821,.T.);
#5862=ORIENTED_EDGE('',*,*,#4337,.T.);
#5863=ORIENTED_EDGE('',*,*,#4191,.T.);
#5864=ORIENTED_EDGE('',*,*,#4300,.T.);
#5865=ORIENTED_EDGE('',*,*,#3807,.T.);
#5866=ORIENTED_EDGE('',*,*,#4338,.T.);
#5867=ORIENTED_EDGE('',*,*,#4186,.T.);
#5868=ORIENTED_EDGE('',*,*,#4299,.T.);
#5869=ORIENTED_EDGE('',*,*,#3793,.T.);
#5870=ORIENTED_EDGE('',*,*,#4339,.T.);
#5871=ORIENTED_EDGE('',*,*,#4181,.T.);
#5872=ORIENTED_EDGE('',*,*,#4298,.T.);
#5873=ORIENTED_EDGE('',*,*,#3779,.T.);
#5874=ORIENTED_EDGE('',*,*,#4340,.T.);
#5875=ORIENTED_EDGE('',*,*,#4176,.T.);
#5876=ORIENTED_EDGE('',*,*,#4297,.T.);
#5877=ORIENTED_EDGE('',*,*,#3765,.T.);
#5878=ORIENTED_EDGE('',*,*,#4341,.T.);
#5879=ORIENTED_EDGE('',*,*,#4171,.T.);
#5880=ORIENTED_EDGE('',*,*,#4296,.T.);
#5881=ORIENTED_EDGE('',*,*,#3751,.T.);
#5882=ORIENTED_EDGE('',*,*,#4342,.T.);
#5883=ORIENTED_EDGE('',*,*,#4166,.T.);
#5884=ORIENTED_EDGE('',*,*,#4295,.T.);
#5885=ORIENTED_EDGE('',*,*,#3737,.T.);
#5886=ORIENTED_EDGE('',*,*,#4343,.T.);
#5887=ORIENTED_EDGE('',*,*,#4161,.T.);
#5888=ORIENTED_EDGE('',*,*,#4294,.T.);
#5889=ORIENTED_EDGE('',*,*,#4291,.T.);
#5890=ORIENTED_EDGE('',*,*,#3723,.T.);
#5891=ORIENTED_EDGE('',*,*,#4344,.T.);
#5892=ORIENTED_EDGE('',*,*,#4156,.T.);
#5893=ORIENTED_EDGE('',*,*,#4290,.T.);
#5894=ORIENTED_EDGE('',*,*,#3709,.T.);
#5895=ORIENTED_EDGE('',*,*,#4345,.T.);
#5896=ORIENTED_EDGE('',*,*,#4151,.T.);
#5897=ORIENTED_EDGE('',*,*,#4289,.T.);
#5898=ORIENTED_EDGE('',*,*,#3695,.T.);
#5899=ORIENTED_EDGE('',*,*,#4346,.T.);
#5900=ORIENTED_EDGE('',*,*,#4146,.T.);
#5901=ORIENTED_EDGE('',*,*,#4288,.T.);
#5902=ORIENTED_EDGE('',*,*,#3681,.T.);
#5903=ORIENTED_EDGE('',*,*,#4347,.T.);
#5904=ORIENTED_EDGE('',*,*,#4141,.T.);
#5905=ORIENTED_EDGE('',*,*,#4287,.T.);
#5906=ORIENTED_EDGE('',*,*,#3667,.T.);
#5907=ORIENTED_EDGE('',*,*,#4348,.T.);
#5908=ORIENTED_EDGE('',*,*,#4136,.T.);
#5909=ORIENTED_EDGE('',*,*,#4286,.T.);
#5910=ORIENTED_EDGE('',*,*,#3653,.T.);
#5911=ORIENTED_EDGE('',*,*,#4349,.T.);
#5912=ORIENTED_EDGE('',*,*,#4131,.T.);
#5913=ORIENTED_EDGE('',*,*,#4285,.T.);
#5914=ORIENTED_EDGE('',*,*,#3639,.T.);
#5915=ORIENTED_EDGE('',*,*,#4350,.T.);
#5916=ORIENTED_EDGE('',*,*,#4126,.T.);
#5917=ORIENTED_EDGE('',*,*,#4284,.T.);
#5918=ORIENTED_EDGE('',*,*,#3625,.T.);
#5919=ORIENTED_EDGE('',*,*,#4351,.T.);
#5920=ORIENTED_EDGE('',*,*,#4121,.T.);
#5921=ORIENTED_EDGE('',*,*,#4283,.T.);
#5922=ORIENTED_EDGE('',*,*,#3611,.T.);
#5923=ORIENTED_EDGE('',*,*,#4352,.T.);
#5924=ORIENTED_EDGE('',*,*,#4116,.T.);
#5925=ORIENTED_EDGE('',*,*,#4282,.T.);
#5926=ORIENTED_EDGE('',*,*,#3597,.T.);
#5927=ORIENTED_EDGE('',*,*,#4353,.T.);
#5928=ORIENTED_EDGE('',*,*,#4111,.T.);
#5929=ORIENTED_EDGE('',*,*,#4281,.T.);
#5930=ORIENTED_EDGE('',*,*,#3583,.T.);
#5931=ORIENTED_EDGE('',*,*,#4354,.T.);
#5932=ORIENTED_EDGE('',*,*,#4106,.T.);
#5933=ORIENTED_EDGE('',*,*,#4280,.T.);
#5934=ORIENTED_EDGE('',*,*,#3569,.T.);
#5935=ORIENTED_EDGE('',*,*,#4355,.T.);
#5936=ORIENTED_EDGE('',*,*,#4101,.T.);
#5937=ORIENTED_EDGE('',*,*,#4279,.T.);
#5938=ORIENTED_EDGE('',*,*,#3555,.T.);
#5939=ORIENTED_EDGE('',*,*,#4356,.T.);
#5940=ORIENTED_EDGE('',*,*,#4096,.T.);
#5941=ORIENTED_EDGE('',*,*,#4278,.T.);
#5942=ORIENTED_EDGE('',*,*,#3541,.T.);
#5943=ORIENTED_EDGE('',*,*,#4357,.T.);
#5944=ORIENTED_EDGE('',*,*,#4091,.T.);
#5945=ORIENTED_EDGE('',*,*,#4277,.T.);
#5946=ORIENTED_EDGE('',*,*,#3527,.T.);
#5947=ORIENTED_EDGE('',*,*,#4358,.T.);
#5948=ORIENTED_EDGE('',*,*,#4086,.T.);
#5949=ORIENTED_EDGE('',*,*,#4276,.T.);
#5950=ORIENTED_EDGE('',*,*,#3513,.T.);
#5951=ORIENTED_EDGE('',*,*,#4359,.T.);
#5952=ORIENTED_EDGE('',*,*,#4081,.T.);
#5953=ORIENTED_EDGE('',*,*,#4275,.T.);
#5954=ORIENTED_EDGE('',*,*,#3499,.T.);
#5955=ORIENTED_EDGE('',*,*,#4360,.T.);
#5956=ORIENTED_EDGE('',*,*,#4076,.T.);
#5957=ORIENTED_EDGE('',*,*,#4274,.T.);
#5958=ORIENTED_EDGE('',*,*,#3485,.T.);
#5959=ORIENTED_EDGE('',*,*,#4361,.T.);
#5960=ORIENTED_EDGE('',*,*,#4071,.T.);
#5961=ORIENTED_EDGE('',*,*,#4273,.T.);
#5962=ORIENTED_EDGE('',*,*,#3471,.T.);
#5963=ORIENTED_EDGE('',*,*,#4362,.T.);
#5964=ORIENTED_EDGE('',*,*,#4066,.T.);
#5965=ORIENTED_EDGE('',*,*,#4272,.T.);
#5966=ORIENTED_EDGE('',*,*,#3456,.T.);
#5967=ORIENTED_EDGE('',*,*,#4363,.T.);
#5968=ORIENTED_EDGE('',*,*,#4061,.T.);
#5969=ORIENTED_EDGE('',*,*,#4271,.T.);
#5970=ORIENTED_EDGE('',*,*,#4053,.T.);
#5971=ORIENTED_EDGE('',*,*,#4364,.F.);
#5972=ORIENTED_EDGE('',*,*,#4365,.T.);
#5973=ORIENTED_EDGE('',*,*,#4320,.F.);
#5974=ORIENTED_EDGE('',*,*,#4030,.T.);
#5975=ORIENTED_EDGE('',*,*,#4366,.F.);
#5976=ORIENTED_EDGE('',*,*,#4042,.T.);
#5977=ORIENTED_EDGE('',*,*,#4322,.F.);
#5978=ORIENTED_EDGE('',*,*,#4016,.T.);
#5979=ORIENTED_EDGE('',*,*,#4367,.F.);
#5980=ORIENTED_EDGE('',*,*,#4262,.T.);
#5981=ORIENTED_EDGE('',*,*,#4323,.F.);
#5982=ORIENTED_EDGE('',*,*,#4002,.T.);
#5983=ORIENTED_EDGE('',*,*,#4368,.F.);
#5984=ORIENTED_EDGE('',*,*,#4257,.T.);
#5985=ORIENTED_EDGE('',*,*,#4324,.F.);
#5986=ORIENTED_EDGE('',*,*,#3988,.T.);
#5987=ORIENTED_EDGE('',*,*,#4369,.F.);
#5988=ORIENTED_EDGE('',*,*,#4252,.T.);
#5989=ORIENTED_EDGE('',*,*,#4325,.F.);
#5990=ORIENTED_EDGE('',*,*,#3974,.T.);
#5991=ORIENTED_EDGE('',*,*,#4370,.F.);
#5992=ORIENTED_EDGE('',*,*,#4247,.T.);
#5993=ORIENTED_EDGE('',*,*,#4326,.F.);
#5994=ORIENTED_EDGE('',*,*,#3960,.T.);
#5995=ORIENTED_EDGE('',*,*,#4371,.F.);
#5996=ORIENTED_EDGE('',*,*,#4242,.T.);
#5997=ORIENTED_EDGE('',*,*,#4327,.F.);
#5998=ORIENTED_EDGE('',*,*,#3946,.T.);
#5999=ORIENTED_EDGE('',*,*,#4372,.F.);
#6000=ORIENTED_EDGE('',*,*,#4237,.T.);
#6001=ORIENTED_EDGE('',*,*,#4328,.F.);
#6002=ORIENTED_EDGE('',*,*,#3932,.T.);
#6003=ORIENTED_EDGE('',*,*,#4373,.F.);
#6004=ORIENTED_EDGE('',*,*,#4232,.T.);
#6005=ORIENTED_EDGE('',*,*,#4329,.F.);
#6006=ORIENTED_EDGE('',*,*,#3918,.T.);
#6007=ORIENTED_EDGE('',*,*,#4374,.F.);
#6008=ORIENTED_EDGE('',*,*,#4227,.T.);
#6009=ORIENTED_EDGE('',*,*,#4330,.F.);
#6010=ORIENTED_EDGE('',*,*,#3904,.T.);
#6011=ORIENTED_EDGE('',*,*,#4375,.F.);
#6012=ORIENTED_EDGE('',*,*,#4222,.T.);
#6013=ORIENTED_EDGE('',*,*,#4331,.F.);
#6014=ORIENTED_EDGE('',*,*,#3890,.T.);
#6015=ORIENTED_EDGE('',*,*,#4376,.F.);
#6016=ORIENTED_EDGE('',*,*,#4217,.T.);
#6017=ORIENTED_EDGE('',*,*,#4332,.F.);
#6018=ORIENTED_EDGE('',*,*,#3876,.T.);
#6019=ORIENTED_EDGE('',*,*,#4377,.F.);
#6020=ORIENTED_EDGE('',*,*,#4212,.T.);
#6021=ORIENTED_EDGE('',*,*,#4333,.F.);
#6022=ORIENTED_EDGE('',*,*,#3862,.T.);
#6023=ORIENTED_EDGE('',*,*,#4378,.F.);
#6024=ORIENTED_EDGE('',*,*,#4207,.T.);
#6025=ORIENTED_EDGE('',*,*,#4334,.F.);
#6026=ORIENTED_EDGE('',*,*,#3848,.T.);
#6027=ORIENTED_EDGE('',*,*,#4379,.F.);
#6028=ORIENTED_EDGE('',*,*,#4202,.T.);
#6029=ORIENTED_EDGE('',*,*,#4335,.F.);
#6030=ORIENTED_EDGE('',*,*,#3834,.T.);
#6031=ORIENTED_EDGE('',*,*,#4380,.F.);
#6032=ORIENTED_EDGE('',*,*,#4197,.T.);
#6033=ORIENTED_EDGE('',*,*,#4336,.F.);
#6034=ORIENTED_EDGE('',*,*,#3820,.T.);
#6035=ORIENTED_EDGE('',*,*,#4381,.F.);
#6036=ORIENTED_EDGE('',*,*,#4192,.T.);
#6037=ORIENTED_EDGE('',*,*,#4337,.F.);
#6038=ORIENTED_EDGE('',*,*,#3806,.T.);
#6039=ORIENTED_EDGE('',*,*,#4382,.F.);
#6040=ORIENTED_EDGE('',*,*,#4187,.T.);
#6041=ORIENTED_EDGE('',*,*,#4338,.F.);
#6042=ORIENTED_EDGE('',*,*,#3792,.T.);
#6043=ORIENTED_EDGE('',*,*,#4383,.F.);
#6044=ORIENTED_EDGE('',*,*,#4182,.T.);
#6045=ORIENTED_EDGE('',*,*,#4339,.F.);
#6046=ORIENTED_EDGE('',*,*,#3778,.T.);
#6047=ORIENTED_EDGE('',*,*,#4384,.F.);
#6048=ORIENTED_EDGE('',*,*,#4177,.T.);
#6049=ORIENTED_EDGE('',*,*,#4340,.F.);
#6050=ORIENTED_EDGE('',*,*,#3764,.T.);
#6051=ORIENTED_EDGE('',*,*,#4385,.F.);
#6052=ORIENTED_EDGE('',*,*,#4172,.T.);
#6053=ORIENTED_EDGE('',*,*,#4341,.F.);
#6054=ORIENTED_EDGE('',*,*,#3750,.T.);
#6055=ORIENTED_EDGE('',*,*,#4386,.F.);
#6056=ORIENTED_EDGE('',*,*,#4167,.T.);
#6057=ORIENTED_EDGE('',*,*,#4342,.F.);
#6058=ORIENTED_EDGE('',*,*,#3736,.T.);
#6059=ORIENTED_EDGE('',*,*,#4387,.F.);
#6060=ORIENTED_EDGE('',*,*,#4162,.T.);
#6061=ORIENTED_EDGE('',*,*,#4343,.F.);
#6062=ORIENTED_EDGE('',*,*,#3722,.T.);
#6063=ORIENTED_EDGE('',*,*,#4388,.F.);
#6064=ORIENTED_EDGE('',*,*,#4157,.T.);
#6065=ORIENTED_EDGE('',*,*,#4344,.F.);
#6066=ORIENTED_EDGE('',*,*,#3708,.T.);
#6067=ORIENTED_EDGE('',*,*,#4389,.F.);
#6068=ORIENTED_EDGE('',*,*,#4152,.T.);
#6069=ORIENTED_EDGE('',*,*,#4345,.F.);
#6070=ORIENTED_EDGE('',*,*,#3694,.T.);
#6071=ORIENTED_EDGE('',*,*,#4390,.F.);
#6072=ORIENTED_EDGE('',*,*,#4147,.T.);
#6073=ORIENTED_EDGE('',*,*,#4346,.F.);
#6074=ORIENTED_EDGE('',*,*,#3680,.T.);
#6075=ORIENTED_EDGE('',*,*,#4391,.F.);
#6076=ORIENTED_EDGE('',*,*,#4142,.T.);
#6077=ORIENTED_EDGE('',*,*,#4347,.F.);
#6078=ORIENTED_EDGE('',*,*,#3666,.T.);
#6079=ORIENTED_EDGE('',*,*,#4392,.F.);
#6080=ORIENTED_EDGE('',*,*,#4137,.T.);
#6081=ORIENTED_EDGE('',*,*,#4348,.F.);
#6082=ORIENTED_EDGE('',*,*,#3652,.T.);
#6083=ORIENTED_EDGE('',*,*,#4393,.F.);
#6084=ORIENTED_EDGE('',*,*,#4132,.T.);
#6085=ORIENTED_EDGE('',*,*,#4349,.F.);
#6086=ORIENTED_EDGE('',*,*,#3638,.T.);
#6087=ORIENTED_EDGE('',*,*,#4394,.F.);
#6088=ORIENTED_EDGE('',*,*,#4127,.T.);
#6089=ORIENTED_EDGE('',*,*,#4350,.F.);
#6090=ORIENTED_EDGE('',*,*,#3624,.T.);
#6091=ORIENTED_EDGE('',*,*,#4395,.F.);
#6092=ORIENTED_EDGE('',*,*,#4122,.T.);
#6093=ORIENTED_EDGE('',*,*,#4351,.F.);
#6094=ORIENTED_EDGE('',*,*,#3610,.T.);
#6095=ORIENTED_EDGE('',*,*,#4396,.F.);
#6096=ORIENTED_EDGE('',*,*,#4117,.T.);
#6097=ORIENTED_EDGE('',*,*,#4352,.F.);
#6098=ORIENTED_EDGE('',*,*,#3596,.T.);
#6099=ORIENTED_EDGE('',*,*,#4397,.F.);
#6100=ORIENTED_EDGE('',*,*,#4112,.T.);
#6101=ORIENTED_EDGE('',*,*,#4353,.F.);
#6102=ORIENTED_EDGE('',*,*,#3582,.T.);
#6103=ORIENTED_EDGE('',*,*,#4398,.F.);
#6104=ORIENTED_EDGE('',*,*,#4107,.T.);
#6105=ORIENTED_EDGE('',*,*,#4354,.F.);
#6106=ORIENTED_EDGE('',*,*,#3568,.T.);
#6107=ORIENTED_EDGE('',*,*,#4399,.F.);
#6108=ORIENTED_EDGE('',*,*,#4102,.T.);
#6109=ORIENTED_EDGE('',*,*,#4355,.F.);
#6110=ORIENTED_EDGE('',*,*,#3554,.T.);
#6111=ORIENTED_EDGE('',*,*,#4400,.F.);
#6112=ORIENTED_EDGE('',*,*,#4097,.T.);
#6113=ORIENTED_EDGE('',*,*,#4356,.F.);
#6114=ORIENTED_EDGE('',*,*,#3540,.T.);
#6115=ORIENTED_EDGE('',*,*,#4401,.F.);
#6116=ORIENTED_EDGE('',*,*,#4092,.T.);
#6117=ORIENTED_EDGE('',*,*,#4357,.F.);
#6118=ORIENTED_EDGE('',*,*,#3526,.T.);
#6119=ORIENTED_EDGE('',*,*,#4402,.F.);
#6120=ORIENTED_EDGE('',*,*,#4087,.T.);
#6121=ORIENTED_EDGE('',*,*,#4358,.F.);
#6122=ORIENTED_EDGE('',*,*,#3512,.T.);
#6123=ORIENTED_EDGE('',*,*,#4403,.F.);
#6124=ORIENTED_EDGE('',*,*,#4082,.T.);
#6125=ORIENTED_EDGE('',*,*,#4359,.F.);
#6126=ORIENTED_EDGE('',*,*,#3498,.T.);
#6127=ORIENTED_EDGE('',*,*,#4404,.F.);
#6128=ORIENTED_EDGE('',*,*,#4077,.T.);
#6129=ORIENTED_EDGE('',*,*,#4360,.F.);
#6130=ORIENTED_EDGE('',*,*,#3484,.T.);
#6131=ORIENTED_EDGE('',*,*,#4405,.F.);
#6132=ORIENTED_EDGE('',*,*,#4072,.T.);
#6133=ORIENTED_EDGE('',*,*,#4361,.F.);
#6134=ORIENTED_EDGE('',*,*,#3470,.T.);
#6135=ORIENTED_EDGE('',*,*,#4406,.F.);
#6136=ORIENTED_EDGE('',*,*,#4067,.T.);
#6137=ORIENTED_EDGE('',*,*,#4362,.F.);
#6138=ORIENTED_EDGE('',*,*,#3455,.T.);
#6139=ORIENTED_EDGE('',*,*,#4407,.F.);
#6140=ORIENTED_EDGE('',*,*,#4062,.T.);
#6141=ORIENTED_EDGE('',*,*,#4363,.F.);
#6142=ORIENTED_EDGE('',*,*,#4052,.T.);
#6143=ORIENTED_EDGE('',*,*,#4408,.T.);
#6144=ORIENTED_EDGE('',*,*,#4409,.T.);
#6145=ORIENTED_EDGE('',*,*,#4410,.T.);
#6146=ORIENTED_EDGE('',*,*,#4364,.T.);
#6147=ORIENTED_EDGE('',*,*,#4029,.T.);
#6148=ORIENTED_EDGE('',*,*,#4043,.T.);
#6149=ORIENTED_EDGE('',*,*,#4045,.T.);
#6150=ORIENTED_EDGE('',*,*,#4036,.T.);
#6151=ORIENTED_EDGE('',*,*,#4366,.T.);
#6152=ORIENTED_EDGE('',*,*,#4015,.T.);
#6153=ORIENTED_EDGE('',*,*,#4032,.T.);
#6154=ORIENTED_EDGE('',*,*,#4035,.T.);
#6155=ORIENTED_EDGE('',*,*,#4263,.T.);
#6156=ORIENTED_EDGE('',*,*,#4367,.T.);
#6157=ORIENTED_EDGE('',*,*,#4001,.T.);
#6158=ORIENTED_EDGE('',*,*,#4018,.T.);
#6159=ORIENTED_EDGE('',*,*,#4021,.T.);
#6160=ORIENTED_EDGE('',*,*,#4258,.T.);
#6161=ORIENTED_EDGE('',*,*,#4368,.T.);
#6162=ORIENTED_EDGE('',*,*,#3987,.T.);
#6163=ORIENTED_EDGE('',*,*,#4004,.T.);
#6164=ORIENTED_EDGE('',*,*,#4007,.T.);
#6165=ORIENTED_EDGE('',*,*,#4253,.T.);
#6166=ORIENTED_EDGE('',*,*,#4369,.T.);
#6167=ORIENTED_EDGE('',*,*,#3973,.T.);
#6168=ORIENTED_EDGE('',*,*,#3990,.T.);
#6169=ORIENTED_EDGE('',*,*,#3993,.T.);
#6170=ORIENTED_EDGE('',*,*,#4248,.T.);
#6171=ORIENTED_EDGE('',*,*,#4370,.T.);
#6172=ORIENTED_EDGE('',*,*,#3959,.T.);
#6173=ORIENTED_EDGE('',*,*,#3976,.T.);
#6174=ORIENTED_EDGE('',*,*,#3979,.T.);
#6175=ORIENTED_EDGE('',*,*,#4243,.T.);
#6176=ORIENTED_EDGE('',*,*,#4371,.T.);
#6177=ORIENTED_EDGE('',*,*,#3945,.T.);
#6178=ORIENTED_EDGE('',*,*,#3962,.T.);
#6179=ORIENTED_EDGE('',*,*,#3965,.T.);
#6180=ORIENTED_EDGE('',*,*,#4238,.T.);
#6181=ORIENTED_EDGE('',*,*,#4372,.T.);
#6182=ORIENTED_EDGE('',*,*,#3931,.T.);
#6183=ORIENTED_EDGE('',*,*,#3948,.T.);
#6184=ORIENTED_EDGE('',*,*,#3951,.T.);
#6185=ORIENTED_EDGE('',*,*,#4233,.T.);
#6186=ORIENTED_EDGE('',*,*,#4373,.T.);
#6187=ORIENTED_EDGE('',*,*,#3917,.T.);
#6188=ORIENTED_EDGE('',*,*,#3934,.T.);
#6189=ORIENTED_EDGE('',*,*,#3937,.T.);
#6190=ORIENTED_EDGE('',*,*,#4228,.T.);
#6191=ORIENTED_EDGE('',*,*,#4374,.T.);
#6192=ORIENTED_EDGE('',*,*,#3903,.T.);
#6193=ORIENTED_EDGE('',*,*,#3920,.T.);
#6194=ORIENTED_EDGE('',*,*,#3923,.T.);
#6195=ORIENTED_EDGE('',*,*,#4223,.T.);
#6196=ORIENTED_EDGE('',*,*,#4375,.T.);
#6197=ORIENTED_EDGE('',*,*,#3889,.T.);
#6198=ORIENTED_EDGE('',*,*,#3906,.T.);
#6199=ORIENTED_EDGE('',*,*,#3909,.T.);
#6200=ORIENTED_EDGE('',*,*,#4218,.T.);
#6201=ORIENTED_EDGE('',*,*,#4376,.T.);
#6202=ORIENTED_EDGE('',*,*,#3875,.T.);
#6203=ORIENTED_EDGE('',*,*,#3892,.T.);
#6204=ORIENTED_EDGE('',*,*,#3895,.T.);
#6205=ORIENTED_EDGE('',*,*,#4213,.T.);
#6206=ORIENTED_EDGE('',*,*,#4377,.T.);
#6207=ORIENTED_EDGE('',*,*,#3861,.T.);
#6208=ORIENTED_EDGE('',*,*,#3878,.T.);
#6209=ORIENTED_EDGE('',*,*,#3881,.T.);
#6210=ORIENTED_EDGE('',*,*,#4208,.T.);
#6211=ORIENTED_EDGE('',*,*,#4378,.T.);
#6212=ORIENTED_EDGE('',*,*,#3847,.T.);
#6213=ORIENTED_EDGE('',*,*,#3864,.T.);
#6214=ORIENTED_EDGE('',*,*,#3867,.T.);
#6215=ORIENTED_EDGE('',*,*,#4203,.T.);
#6216=ORIENTED_EDGE('',*,*,#4379,.T.);
#6217=ORIENTED_EDGE('',*,*,#3833,.T.);
#6218=ORIENTED_EDGE('',*,*,#3850,.T.);
#6219=ORIENTED_EDGE('',*,*,#3853,.T.);
#6220=ORIENTED_EDGE('',*,*,#4198,.T.);
#6221=ORIENTED_EDGE('',*,*,#4380,.T.);
#6222=ORIENTED_EDGE('',*,*,#3819,.T.);
#6223=ORIENTED_EDGE('',*,*,#3836,.T.);
#6224=ORIENTED_EDGE('',*,*,#3839,.T.);
#6225=ORIENTED_EDGE('',*,*,#4193,.T.);
#6226=ORIENTED_EDGE('',*,*,#4381,.T.);
#6227=ORIENTED_EDGE('',*,*,#3805,.T.);
#6228=ORIENTED_EDGE('',*,*,#3822,.T.);
#6229=ORIENTED_EDGE('',*,*,#3825,.T.);
#6230=ORIENTED_EDGE('',*,*,#4188,.T.);
#6231=ORIENTED_EDGE('',*,*,#4382,.T.);
#6232=ORIENTED_EDGE('',*,*,#3791,.T.);
#6233=ORIENTED_EDGE('',*,*,#3808,.T.);
#6234=ORIENTED_EDGE('',*,*,#3811,.T.);
#6235=ORIENTED_EDGE('',*,*,#4183,.T.);
#6236=ORIENTED_EDGE('',*,*,#4383,.T.);
#6237=ORIENTED_EDGE('',*,*,#3777,.T.);
#6238=ORIENTED_EDGE('',*,*,#3794,.T.);
#6239=ORIENTED_EDGE('',*,*,#3797,.T.);
#6240=ORIENTED_EDGE('',*,*,#4178,.T.);
#6241=ORIENTED_EDGE('',*,*,#4384,.T.);
#6242=ORIENTED_EDGE('',*,*,#3763,.T.);
#6243=ORIENTED_EDGE('',*,*,#3780,.T.);
#6244=ORIENTED_EDGE('',*,*,#3783,.T.);
#6245=ORIENTED_EDGE('',*,*,#4173,.T.);
#6246=ORIENTED_EDGE('',*,*,#4385,.T.);
#6247=ORIENTED_EDGE('',*,*,#3749,.T.);
#6248=ORIENTED_EDGE('',*,*,#3766,.T.);
#6249=ORIENTED_EDGE('',*,*,#3769,.T.);
#6250=ORIENTED_EDGE('',*,*,#4168,.T.);
#6251=ORIENTED_EDGE('',*,*,#4386,.T.);
#6252=ORIENTED_EDGE('',*,*,#3735,.T.);
#6253=ORIENTED_EDGE('',*,*,#3752,.T.);
#6254=ORIENTED_EDGE('',*,*,#3755,.T.);
#6255=ORIENTED_EDGE('',*,*,#4163,.T.);
#6256=ORIENTED_EDGE('',*,*,#4387,.T.);
#6257=ORIENTED_EDGE('',*,*,#3721,.T.);
#6258=ORIENTED_EDGE('',*,*,#3738,.T.);
#6259=ORIENTED_EDGE('',*,*,#3741,.T.);
#6260=ORIENTED_EDGE('',*,*,#4158,.T.);
#6261=ORIENTED_EDGE('',*,*,#4388,.T.);
#6262=ORIENTED_EDGE('',*,*,#3707,.T.);
#6263=ORIENTED_EDGE('',*,*,#3724,.T.);
#6264=ORIENTED_EDGE('',*,*,#3727,.T.);
#6265=ORIENTED_EDGE('',*,*,#4153,.T.);
#6266=ORIENTED_EDGE('',*,*,#4389,.T.);
#6267=ORIENTED_EDGE('',*,*,#3693,.T.);
#6268=ORIENTED_EDGE('',*,*,#3710,.T.);
#6269=ORIENTED_EDGE('',*,*,#3713,.T.);
#6270=ORIENTED_EDGE('',*,*,#4148,.T.);
#6271=ORIENTED_EDGE('',*,*,#4390,.T.);
#6272=ORIENTED_EDGE('',*,*,#3679,.T.);
#6273=ORIENTED_EDGE('',*,*,#3696,.T.);
#6274=ORIENTED_EDGE('',*,*,#3699,.T.);
#6275=ORIENTED_EDGE('',*,*,#4143,.T.);
#6276=ORIENTED_EDGE('',*,*,#4391,.T.);
#6277=ORIENTED_EDGE('',*,*,#3665,.T.);
#6278=ORIENTED_EDGE('',*,*,#3682,.T.);
#6279=ORIENTED_EDGE('',*,*,#3685,.T.);
#6280=ORIENTED_EDGE('',*,*,#4138,.T.);
#6281=ORIENTED_EDGE('',*,*,#4392,.T.);
#6282=ORIENTED_EDGE('',*,*,#3651,.T.);
#6283=ORIENTED_EDGE('',*,*,#3668,.T.);
#6284=ORIENTED_EDGE('',*,*,#3671,.T.);
#6285=ORIENTED_EDGE('',*,*,#4133,.T.);
#6286=ORIENTED_EDGE('',*,*,#4393,.T.);
#6287=ORIENTED_EDGE('',*,*,#3637,.T.);
#6288=ORIENTED_EDGE('',*,*,#3654,.T.);
#6289=ORIENTED_EDGE('',*,*,#3657,.T.);
#6290=ORIENTED_EDGE('',*,*,#4128,.T.);
#6291=ORIENTED_EDGE('',*,*,#4394,.T.);
#6292=ORIENTED_EDGE('',*,*,#3623,.T.);
#6293=ORIENTED_EDGE('',*,*,#3640,.T.);
#6294=ORIENTED_EDGE('',*,*,#3643,.T.);
#6295=ORIENTED_EDGE('',*,*,#4123,.T.);
#6296=ORIENTED_EDGE('',*,*,#4395,.T.);
#6297=ORIENTED_EDGE('',*,*,#3609,.T.);
#6298=ORIENTED_EDGE('',*,*,#3626,.T.);
#6299=ORIENTED_EDGE('',*,*,#3629,.T.);
#6300=ORIENTED_EDGE('',*,*,#4118,.T.);
#6301=ORIENTED_EDGE('',*,*,#4396,.T.);
#6302=ORIENTED_EDGE('',*,*,#3595,.T.);
#6303=ORIENTED_EDGE('',*,*,#3612,.T.);
#6304=ORIENTED_EDGE('',*,*,#3615,.T.);
#6305=ORIENTED_EDGE('',*,*,#4113,.T.);
#6306=ORIENTED_EDGE('',*,*,#4397,.T.);
#6307=ORIENTED_EDGE('',*,*,#3581,.T.);
#6308=ORIENTED_EDGE('',*,*,#3598,.T.);
#6309=ORIENTED_EDGE('',*,*,#3601,.T.);
#6310=ORIENTED_EDGE('',*,*,#4108,.T.);
#6311=ORIENTED_EDGE('',*,*,#4398,.T.);
#6312=ORIENTED_EDGE('',*,*,#3567,.T.);
#6313=ORIENTED_EDGE('',*,*,#3584,.T.);
#6314=ORIENTED_EDGE('',*,*,#3587,.T.);
#6315=ORIENTED_EDGE('',*,*,#4103,.T.);
#6316=ORIENTED_EDGE('',*,*,#4399,.T.);
#6317=ORIENTED_EDGE('',*,*,#3553,.T.);
#6318=ORIENTED_EDGE('',*,*,#3570,.T.);
#6319=ORIENTED_EDGE('',*,*,#3573,.T.);
#6320=ORIENTED_EDGE('',*,*,#4098,.T.);
#6321=ORIENTED_EDGE('',*,*,#4400,.T.);
#6322=ORIENTED_EDGE('',*,*,#3539,.T.);
#6323=ORIENTED_EDGE('',*,*,#3556,.T.);
#6324=ORIENTED_EDGE('',*,*,#3559,.T.);
#6325=ORIENTED_EDGE('',*,*,#4093,.T.);
#6326=ORIENTED_EDGE('',*,*,#4401,.T.);
#6327=ORIENTED_EDGE('',*,*,#3525,.T.);
#6328=ORIENTED_EDGE('',*,*,#3542,.T.);
#6329=ORIENTED_EDGE('',*,*,#3545,.T.);
#6330=ORIENTED_EDGE('',*,*,#4088,.T.);
#6331=ORIENTED_EDGE('',*,*,#4402,.T.);
#6332=ORIENTED_EDGE('',*,*,#3511,.T.);
#6333=ORIENTED_EDGE('',*,*,#3528,.T.);
#6334=ORIENTED_EDGE('',*,*,#3531,.T.);
#6335=ORIENTED_EDGE('',*,*,#4083,.T.);
#6336=ORIENTED_EDGE('',*,*,#4403,.T.);
#6337=ORIENTED_EDGE('',*,*,#3497,.T.);
#6338=ORIENTED_EDGE('',*,*,#3514,.T.);
#6339=ORIENTED_EDGE('',*,*,#3517,.T.);
#6340=ORIENTED_EDGE('',*,*,#4078,.T.);
#6341=ORIENTED_EDGE('',*,*,#4404,.T.);
#6342=ORIENTED_EDGE('',*,*,#3483,.T.);
#6343=ORIENTED_EDGE('',*,*,#3500,.T.);
#6344=ORIENTED_EDGE('',*,*,#3503,.T.);
#6345=ORIENTED_EDGE('',*,*,#4073,.T.);
#6346=ORIENTED_EDGE('',*,*,#4405,.T.);
#6347=ORIENTED_EDGE('',*,*,#3469,.T.);
#6348=ORIENTED_EDGE('',*,*,#3486,.T.);
#6349=ORIENTED_EDGE('',*,*,#3489,.T.);
#6350=ORIENTED_EDGE('',*,*,#4068,.T.);
#6351=ORIENTED_EDGE('',*,*,#4406,.T.);
#6352=ORIENTED_EDGE('',*,*,#3454,.T.);
#6353=ORIENTED_EDGE('',*,*,#3472,.T.);
#6354=ORIENTED_EDGE('',*,*,#3475,.T.);
#6355=ORIENTED_EDGE('',*,*,#4063,.T.);
#6356=ORIENTED_EDGE('',*,*,#4407,.T.);
#6357=ORIENTED_EDGE('',*,*,#4411,.F.);
#6358=ORIENTED_EDGE('',*,*,#4412,.T.);
#6359=ORIENTED_EDGE('',*,*,#3362,.T.);
#6360=ORIENTED_EDGE('',*,*,#3383,.F.);
#6361=ORIENTED_EDGE('',*,*,#3352,.F.);
#6362=ORIENTED_EDGE('',*,*,#4413,.F.);
#6363=ORIENTED_EDGE('',*,*,#3343,.F.);
#6364=ORIENTED_EDGE('',*,*,#3357,.F.);
#6365=ORIENTED_EDGE('',*,*,#3381,.T.);
#6366=ORIENTED_EDGE('',*,*,#3404,.F.);
#6367=ORIENTED_EDGE('',*,*,#3398,.F.);
#6368=ORIENTED_EDGE('',*,*,#4414,.F.);
#6369=ORIENTED_EDGE('',*,*,#3389,.F.);
#6370=ORIENTED_EDGE('',*,*,#3402,.F.);
#6371=ORIENTED_EDGE('',*,*,#3375,.T.);
#6372=ORIENTED_EDGE('',*,*,#3425,.F.);
#6373=ORIENTED_EDGE('',*,*,#3419,.F.);
#6374=ORIENTED_EDGE('',*,*,#4415,.F.);
#6375=ORIENTED_EDGE('',*,*,#3410,.F.);
#6376=ORIENTED_EDGE('',*,*,#3423,.F.);
#6377=ORIENTED_EDGE('',*,*,#3369,.T.);
#6378=ORIENTED_EDGE('',*,*,#3446,.F.);
#6379=ORIENTED_EDGE('',*,*,#3440,.F.);
#6380=ORIENTED_EDGE('',*,*,#4416,.F.);
#6381=ORIENTED_EDGE('',*,*,#3431,.F.);
#6382=ORIENTED_EDGE('',*,*,#3444,.F.);
#6383=ORIENTED_EDGE('',*,*,#3363,.T.);
#6384=ORIENTED_EDGE('',*,*,#4412,.F.);
#6385=ORIENTED_EDGE('',*,*,#4058,.T.);
#6386=ORIENTED_EDGE('',*,*,#4417,.T.);
#6387=ORIENTED_EDGE('',*,*,#4265,.T.);
#6388=ORIENTED_EDGE('',*,*,#3457,.T.);
#6389=ORIENTED_EDGE('',*,*,#3461,.T.);
#6390=ORIENTED_EDGE('',*,*,#4057,.T.);
#6391=ORIENTED_EDGE('',*,*,#4418,.F.);
#6392=ORIENTED_EDGE('',*,*,#4266,.T.);
#6393=ORIENTED_EDGE('',*,*,#4417,.F.);
#6394=ORIENTED_EDGE('',*,*,#4410,.F.);
#6395=ORIENTED_EDGE('',*,*,#4419,.T.);
#6396=ORIENTED_EDGE('',*,*,#4420,.F.);
#6397=ORIENTED_EDGE('',*,*,#4421,.F.);
#6398=ORIENTED_EDGE('',*,*,#4317,.F.);
#6399=ORIENTED_EDGE('',*,*,#4321,.F.);
#6400=ORIENTED_EDGE('',*,*,#4365,.F.);
#6401=ORIENTED_EDGE('',*,*,#4409,.F.);
#6402=ORIENTED_EDGE('',*,*,#4408,.F.);
#6403=ORIENTED_EDGE('',*,*,#4051,.T.);
#6404=ORIENTED_EDGE('',*,*,#4422,.F.);
#6405=ORIENTED_EDGE('',*,*,#4419,.F.);
#6406=ORIENTED_EDGE('',*,*,#4056,.T.);
#6407=ORIENTED_EDGE('',*,*,#4319,.T.);
#6408=ORIENTED_EDGE('',*,*,#4267,.T.);
#6409=ORIENTED_EDGE('',*,*,#4418,.T.);
#6410=ORIENTED_EDGE('',*,*,#4318,.F.);
#6411=ORIENTED_EDGE('',*,*,#4421,.T.);
#6412=ORIENTED_EDGE('',*,*,#4423,.F.);
#6413=ORIENTED_EDGE('',*,*,#4269,.F.);
#6414=ORIENTED_EDGE('',*,*,#3432,.F.);
#6415=ORIENTED_EDGE('',*,*,#4416,.T.);
#6416=ORIENTED_EDGE('',*,*,#3442,.F.);
#6417=ORIENTED_EDGE('',*,*,#3437,.F.);
#6418=ORIENTED_EDGE('',*,*,#3436,.F.);
#6419=ORIENTED_EDGE('',*,*,#3344,.F.);
#6420=ORIENTED_EDGE('',*,*,#4413,.T.);
#6421=ORIENTED_EDGE('',*,*,#3354,.F.);
#6422=ORIENTED_EDGE('',*,*,#3349,.F.);
#6423=ORIENTED_EDGE('',*,*,#3348,.F.);
#6424=ORIENTED_EDGE('',*,*,#3411,.F.);
#6425=ORIENTED_EDGE('',*,*,#4415,.T.);
#6426=ORIENTED_EDGE('',*,*,#3421,.F.);
#6427=ORIENTED_EDGE('',*,*,#3416,.F.);
#6428=ORIENTED_EDGE('',*,*,#3415,.F.);
#6429=ORIENTED_EDGE('',*,*,#3390,.F.);
#6430=ORIENTED_EDGE('',*,*,#4414,.T.);
#6431=ORIENTED_EDGE('',*,*,#3400,.F.);
#6432=ORIENTED_EDGE('',*,*,#3395,.F.);
#6433=ORIENTED_EDGE('',*,*,#3394,.F.);
#6434=ORIENTED_EDGE('',*,*,#4424,.T.);
#6435=ORIENTED_EDGE('',*,*,#4425,.T.);
#6436=ORIENTED_EDGE('',*,*,#4426,.T.);
#6437=ORIENTED_EDGE('',*,*,#4427,.T.);
#6438=ORIENTED_EDGE('',*,*,#4425,.F.);
#6439=ORIENTED_EDGE('',*,*,#4424,.F.);
#6440=ORIENTED_EDGE('',*,*,#4428,.F.);
#6441=ORIENTED_EDGE('',*,*,#4429,.F.);
#6442=ORIENTED_EDGE('',*,*,#4430,.T.);
#6443=ORIENTED_EDGE('',*,*,#4426,.F.);
#6444=ORIENTED_EDGE('',*,*,#4427,.F.);
#6445=ORIENTED_EDGE('',*,*,#4430,.F.);
#6446=ORIENTED_EDGE('',*,*,#4431,.T.);
#6447=ORIENTED_EDGE('',*,*,#4432,.T.);
#6448=ORIENTED_EDGE('',*,*,#4433,.T.);
#6449=ORIENTED_EDGE('',*,*,#4434,.T.);
#6450=ORIENTED_EDGE('',*,*,#4432,.F.);
#6451=ORIENTED_EDGE('',*,*,#4433,.F.);
#6452=ORIENTED_EDGE('',*,*,#4434,.F.);
#6453=ORIENTED_EDGE('',*,*,#4435,.T.);
#6454=ORIENTED_EDGE('',*,*,#4436,.F.);
#6455=ORIENTED_EDGE('',*,*,#4437,.F.);
#6456=ORIENTED_EDGE('',*,*,#4435,.F.);
#6457=ORIENTED_EDGE('',*,*,#4431,.F.);
#6458=ORIENTED_EDGE('',*,*,#3359,.T.);
#6459=ORIENTED_EDGE('',*,*,#4436,.T.);
#6460=ORIENTED_EDGE('',*,*,#4437,.T.);
#6461=ORIENTED_EDGE('',*,*,#4438,.T.);
#6462=ORIENTED_EDGE('',*,*,#4428,.T.);
#6463=ORIENTED_EDGE('',*,*,#4438,.F.);
#6464=ORIENTED_EDGE('',*,*,#4429,.T.);
#6465=ORIENTED_EDGE('',*,*,#4270,.T.);
#6466=ORIENTED_EDGE('',*,*,#4423,.T.);
#6467=ORIENTED_EDGE('',*,*,#4420,.T.);
#6468=ORIENTED_EDGE('',*,*,#4422,.T.);
#6469=ORIENTED_EDGE('',*,*,#4050,.T.);
#6470=ORIENTED_EDGE('',*,*,#4047,.T.);
#6471=ORIENTED_EDGE('',*,*,#4038,.T.);
#6472=ORIENTED_EDGE('',*,*,#4044,.T.);
#6473=ORIENTED_EDGE('',*,*,#4027,.T.);
#6474=ORIENTED_EDGE('',*,*,#4024,.T.);
#6475=ORIENTED_EDGE('',*,*,#4264,.T.);
#6476=ORIENTED_EDGE('',*,*,#4033,.T.);
#6477=ORIENTED_EDGE('',*,*,#4013,.T.);
#6478=ORIENTED_EDGE('',*,*,#4010,.T.);
#6479=ORIENTED_EDGE('',*,*,#4259,.T.);
#6480=ORIENTED_EDGE('',*,*,#4019,.T.);
#6481=ORIENTED_EDGE('',*,*,#3999,.T.);
#6482=ORIENTED_EDGE('',*,*,#3996,.T.);
#6483=ORIENTED_EDGE('',*,*,#4254,.T.);
#6484=ORIENTED_EDGE('',*,*,#4005,.T.);
#6485=ORIENTED_EDGE('',*,*,#3985,.T.);
#6486=ORIENTED_EDGE('',*,*,#3982,.T.);
#6487=ORIENTED_EDGE('',*,*,#4249,.T.);
#6488=ORIENTED_EDGE('',*,*,#3991,.T.);
#6489=ORIENTED_EDGE('',*,*,#3971,.T.);
#6490=ORIENTED_EDGE('',*,*,#3968,.T.);
#6491=ORIENTED_EDGE('',*,*,#4244,.T.);
#6492=ORIENTED_EDGE('',*,*,#3977,.T.);
#6493=ORIENTED_EDGE('',*,*,#3957,.T.);
#6494=ORIENTED_EDGE('',*,*,#3954,.T.);
#6495=ORIENTED_EDGE('',*,*,#4239,.T.);
#6496=ORIENTED_EDGE('',*,*,#3963,.T.);
#6497=ORIENTED_EDGE('',*,*,#3943,.T.);
#6498=ORIENTED_EDGE('',*,*,#3940,.T.);
#6499=ORIENTED_EDGE('',*,*,#4234,.T.);
#6500=ORIENTED_EDGE('',*,*,#3949,.T.);
#6501=ORIENTED_EDGE('',*,*,#3929,.T.);
#6502=ORIENTED_EDGE('',*,*,#3926,.T.);
#6503=ORIENTED_EDGE('',*,*,#4229,.T.);
#6504=ORIENTED_EDGE('',*,*,#3935,.T.);
#6505=ORIENTED_EDGE('',*,*,#3915,.T.);
#6506=ORIENTED_EDGE('',*,*,#3912,.T.);
#6507=ORIENTED_EDGE('',*,*,#4224,.T.);
#6508=ORIENTED_EDGE('',*,*,#3921,.T.);
#6509=ORIENTED_EDGE('',*,*,#3901,.T.);
#6510=ORIENTED_EDGE('',*,*,#3898,.T.);
#6511=ORIENTED_EDGE('',*,*,#4219,.T.);
#6512=ORIENTED_EDGE('',*,*,#3907,.T.);
#6513=ORIENTED_EDGE('',*,*,#3887,.T.);
#6514=ORIENTED_EDGE('',*,*,#3884,.T.);
#6515=ORIENTED_EDGE('',*,*,#4214,.T.);
#6516=ORIENTED_EDGE('',*,*,#3893,.T.);
#6517=ORIENTED_EDGE('',*,*,#3873,.T.);
#6518=ORIENTED_EDGE('',*,*,#3870,.T.);
#6519=ORIENTED_EDGE('',*,*,#4209,.T.);
#6520=ORIENTED_EDGE('',*,*,#3879,.T.);
#6521=ORIENTED_EDGE('',*,*,#3859,.T.);
#6522=ORIENTED_EDGE('',*,*,#3856,.T.);
#6523=ORIENTED_EDGE('',*,*,#4204,.T.);
#6524=ORIENTED_EDGE('',*,*,#3865,.T.);
#6525=ORIENTED_EDGE('',*,*,#3845,.T.);
#6526=ORIENTED_EDGE('',*,*,#3842,.T.);
#6527=ORIENTED_EDGE('',*,*,#4199,.T.);
#6528=ORIENTED_EDGE('',*,*,#3851,.T.);
#6529=ORIENTED_EDGE('',*,*,#3831,.T.);
#6530=ORIENTED_EDGE('',*,*,#3828,.T.);
#6531=ORIENTED_EDGE('',*,*,#4194,.T.);
#6532=ORIENTED_EDGE('',*,*,#3837,.T.);
#6533=ORIENTED_EDGE('',*,*,#3817,.T.);
#6534=ORIENTED_EDGE('',*,*,#3814,.T.);
#6535=ORIENTED_EDGE('',*,*,#4189,.T.);
#6536=ORIENTED_EDGE('',*,*,#3823,.T.);
#6537=ORIENTED_EDGE('',*,*,#3803,.T.);
#6538=ORIENTED_EDGE('',*,*,#3800,.T.);
#6539=ORIENTED_EDGE('',*,*,#4184,.T.);
#6540=ORIENTED_EDGE('',*,*,#3809,.T.);
#6541=ORIENTED_EDGE('',*,*,#3789,.T.);
#6542=ORIENTED_EDGE('',*,*,#3786,.T.);
#6543=ORIENTED_EDGE('',*,*,#4179,.T.);
#6544=ORIENTED_EDGE('',*,*,#3795,.T.);
#6545=ORIENTED_EDGE('',*,*,#3775,.T.);
#6546=ORIENTED_EDGE('',*,*,#3772,.T.);
#6547=ORIENTED_EDGE('',*,*,#4174,.T.);
#6548=ORIENTED_EDGE('',*,*,#3781,.T.);
#6549=ORIENTED_EDGE('',*,*,#3761,.T.);
#6550=ORIENTED_EDGE('',*,*,#3758,.T.);
#6551=ORIENTED_EDGE('',*,*,#4169,.T.);
#6552=ORIENTED_EDGE('',*,*,#3767,.T.);
#6553=ORIENTED_EDGE('',*,*,#3747,.T.);
#6554=ORIENTED_EDGE('',*,*,#3744,.T.);
#6555=ORIENTED_EDGE('',*,*,#4164,.T.);
#6556=ORIENTED_EDGE('',*,*,#3753,.T.);
#6557=ORIENTED_EDGE('',*,*,#3733,.T.);
#6558=ORIENTED_EDGE('',*,*,#3730,.T.);
#6559=ORIENTED_EDGE('',*,*,#4159,.T.);
#6560=ORIENTED_EDGE('',*,*,#3739,.T.);
#6561=ORIENTED_EDGE('',*,*,#3719,.T.);
#6562=ORIENTED_EDGE('',*,*,#3716,.T.);
#6563=ORIENTED_EDGE('',*,*,#4154,.T.);
#6564=ORIENTED_EDGE('',*,*,#3725,.T.);
#6565=ORIENTED_EDGE('',*,*,#3705,.T.);
#6566=ORIENTED_EDGE('',*,*,#3702,.T.);
#6567=ORIENTED_EDGE('',*,*,#4149,.T.);
#6568=ORIENTED_EDGE('',*,*,#3711,.T.);
#6569=ORIENTED_EDGE('',*,*,#3691,.T.);
#6570=ORIENTED_EDGE('',*,*,#3688,.T.);
#6571=ORIENTED_EDGE('',*,*,#4144,.T.);
#6572=ORIENTED_EDGE('',*,*,#3697,.T.);
#6573=ORIENTED_EDGE('',*,*,#3677,.T.);
#6574=ORIENTED_EDGE('',*,*,#3674,.T.);
#6575=ORIENTED_EDGE('',*,*,#4139,.T.);
#6576=ORIENTED_EDGE('',*,*,#3683,.T.);
#6577=ORIENTED_EDGE('',*,*,#3663,.T.);
#6578=ORIENTED_EDGE('',*,*,#3660,.T.);
#6579=ORIENTED_EDGE('',*,*,#4134,.T.);
#6580=ORIENTED_EDGE('',*,*,#3669,.T.);
#6581=ORIENTED_EDGE('',*,*,#3649,.T.);
#6582=ORIENTED_EDGE('',*,*,#3646,.T.);
#6583=ORIENTED_EDGE('',*,*,#4129,.T.);
#6584=ORIENTED_EDGE('',*,*,#3655,.T.);
#6585=ORIENTED_EDGE('',*,*,#3635,.T.);
#6586=ORIENTED_EDGE('',*,*,#3632,.T.);
#6587=ORIENTED_EDGE('',*,*,#4124,.T.);
#6588=ORIENTED_EDGE('',*,*,#3641,.T.);
#6589=ORIENTED_EDGE('',*,*,#3621,.T.);
#6590=ORIENTED_EDGE('',*,*,#3618,.T.);
#6591=ORIENTED_EDGE('',*,*,#4119,.T.);
#6592=ORIENTED_EDGE('',*,*,#3627,.T.);
#6593=ORIENTED_EDGE('',*,*,#3607,.T.);
#6594=ORIENTED_EDGE('',*,*,#3604,.T.);
#6595=ORIENTED_EDGE('',*,*,#4114,.T.);
#6596=ORIENTED_EDGE('',*,*,#3613,.T.);
#6597=ORIENTED_EDGE('',*,*,#3593,.T.);
#6598=ORIENTED_EDGE('',*,*,#3590,.T.);
#6599=ORIENTED_EDGE('',*,*,#4109,.T.);
#6600=ORIENTED_EDGE('',*,*,#3599,.T.);
#6601=ORIENTED_EDGE('',*,*,#3579,.T.);
#6602=ORIENTED_EDGE('',*,*,#3576,.T.);
#6603=ORIENTED_EDGE('',*,*,#4104,.T.);
#6604=ORIENTED_EDGE('',*,*,#3585,.T.);
#6605=ORIENTED_EDGE('',*,*,#3565,.T.);
#6606=ORIENTED_EDGE('',*,*,#3562,.T.);
#6607=ORIENTED_EDGE('',*,*,#4099,.T.);
#6608=ORIENTED_EDGE('',*,*,#3571,.T.);
#6609=ORIENTED_EDGE('',*,*,#3551,.T.);
#6610=ORIENTED_EDGE('',*,*,#3548,.T.);
#6611=ORIENTED_EDGE('',*,*,#4094,.T.);
#6612=ORIENTED_EDGE('',*,*,#3557,.T.);
#6613=ORIENTED_EDGE('',*,*,#3537,.T.);
#6614=ORIENTED_EDGE('',*,*,#3534,.T.);
#6615=ORIENTED_EDGE('',*,*,#4089,.T.);
#6616=ORIENTED_EDGE('',*,*,#3543,.T.);
#6617=ORIENTED_EDGE('',*,*,#3523,.T.);
#6618=ORIENTED_EDGE('',*,*,#3520,.T.);
#6619=ORIENTED_EDGE('',*,*,#4084,.T.);
#6620=ORIENTED_EDGE('',*,*,#3529,.T.);
#6621=ORIENTED_EDGE('',*,*,#3509,.T.);
#6622=ORIENTED_EDGE('',*,*,#3506,.T.);
#6623=ORIENTED_EDGE('',*,*,#4079,.T.);
#6624=ORIENTED_EDGE('',*,*,#3515,.T.);
#6625=ORIENTED_EDGE('',*,*,#3495,.T.);
#6626=ORIENTED_EDGE('',*,*,#3492,.T.);
#6627=ORIENTED_EDGE('',*,*,#4074,.T.);
#6628=ORIENTED_EDGE('',*,*,#3501,.T.);
#6629=ORIENTED_EDGE('',*,*,#3481,.T.);
#6630=ORIENTED_EDGE('',*,*,#3478,.T.);
#6631=ORIENTED_EDGE('',*,*,#4069,.T.);
#6632=ORIENTED_EDGE('',*,*,#3487,.T.);
#6633=ORIENTED_EDGE('',*,*,#3467,.T.);
#6634=ORIENTED_EDGE('',*,*,#3464,.T.);
#6635=ORIENTED_EDGE('',*,*,#4064,.T.);
#6636=ORIENTED_EDGE('',*,*,#3473,.T.);
#6637=ORIENTED_EDGE('',*,*,#3452,.T.);
#6638=ORIENTED_EDGE('',*,*,#3449,.T.);
#6639=ORIENTED_EDGE('',*,*,#4059,.T.);
#6640=ORIENTED_EDGE('',*,*,#3459,.T.);
#6641=ORIENTED_EDGE('',*,*,#4293,.T.);
#6642=ORIENTED_EDGE('',*,*,#4411,.T.);
#6643=SPHERICAL_SURFACE('',#7035,0.25);
#6644=SPHERICAL_SURFACE('',#7045,8.05625);
#6645=SPHERICAL_SURFACE('',#7061,0.25);
#6646=SPHERICAL_SURFACE('',#7072,0.25);
#6647=SPHERICAL_SURFACE('',#7083,0.25);
#6648=ADVANCED_FACE('',(#1587),#6643,.T.);
#6649=ADVANCED_FACE('',(#1588),#1484,.T.);
#6650=ADVANCED_FACE('',(#1589),#348,.F.);
#6651=ADVANCED_FACE('',(#1590),#349,.F.);
#6652=ADVANCED_FACE('',(#1591),#350,.F.);
#6653=ADVANCED_FACE('',(#1592),#351,.F.);
#6654=ADVANCED_FACE('',(#1593),#1485,.F.);
#6655=ADVANCED_FACE('',(#1594),#204,.T.);
#6656=ADVANCED_FACE('',(#1595,#199),#6644,.F.);
#6657=ADVANCED_FACE('',(#1596),#205,.T.);
#6658=ADVANCED_FACE('',(#1597),#1486,.F.);
#6659=ADVANCED_FACE('',(#1598),#6645,.T.);
#6660=ADVANCED_FACE('',(#1599),#1487,.T.);
#6661=ADVANCED_FACE('',(#1600),#352,.F.);
#6662=ADVANCED_FACE('',(#1601),#353,.F.);
#6663=ADVANCED_FACE('',(#1602),#354,.F.);
#6664=ADVANCED_FACE('',(#1603),#355,.F.);
#6665=ADVANCED_FACE('',(#1604),#1488,.F.);
#6666=ADVANCED_FACE('',(#1605),#206,.T.);
#6667=ADVANCED_FACE('',(#1606),#207,.T.);
#6668=ADVANCED_FACE('',(#1607),#1489,.F.);
#6669=ADVANCED_FACE('',(#1608),#6646,.T.);
#6670=ADVANCED_FACE('',(#1609),#1490,.T.);
#6671=ADVANCED_FACE('',(#1610),#356,.F.);
#6672=ADVANCED_FACE('',(#1611),#357,.F.);
#6673=ADVANCED_FACE('',(#1612),#358,.F.);
#6674=ADVANCED_FACE('',(#1613),#359,.F.);
#6675=ADVANCED_FACE('',(#1614),#1491,.F.);
#6676=ADVANCED_FACE('',(#1615),#208,.T.);
#6677=ADVANCED_FACE('',(#1616),#209,.T.);
#6678=ADVANCED_FACE('',(#1617),#1492,.F.);
#6679=ADVANCED_FACE('',(#1618),#6647,.T.);
#6680=ADVANCED_FACE('',(#1619),#1493,.T.);
#6681=ADVANCED_FACE('',(#1620),#360,.F.);
#6682=ADVANCED_FACE('',(#1621),#361,.F.);
#6683=ADVANCED_FACE('',(#1622),#362,.F.);
#6684=ADVANCED_FACE('',(#1623),#363,.F.);
#6685=ADVANCED_FACE('',(#1624),#1494,.F.);
#6686=ADVANCED_FACE('',(#1625),#210,.T.);
#6687=ADVANCED_FACE('',(#1626),#211,.T.);
#6688=ADVANCED_FACE('',(#1627),#1495,.F.);
#6689=ADVANCED_FACE('',(#1628),#1496,.F.);
#6690=ADVANCED_FACE('',(#1629),#212,.F.);
#6691=ADVANCED_FACE('',(#1630),#1497,.T.);
#6692=ADVANCED_FACE('',(#1631),#1498,.F.);
#6693=ADVANCED_FACE('',(#1632),#213,.F.);
#6694=ADVANCED_FACE('',(#1633),#1499,.T.);
#6695=ADVANCED_FACE('',(#1634),#1500,.F.);
#6696=ADVANCED_FACE('',(#1635),#214,.F.);
#6697=ADVANCED_FACE('',(#1636),#1501,.T.);
#6698=ADVANCED_FACE('',(#1637),#1502,.F.);
#6699=ADVANCED_FACE('',(#1638),#215,.F.);
#6700=ADVANCED_FACE('',(#1639),#1503,.T.);
#6701=ADVANCED_FACE('',(#1640),#1504,.F.);
#6702=ADVANCED_FACE('',(#1641),#216,.F.);
#6703=ADVANCED_FACE('',(#1642),#1505,.T.);
#6704=ADVANCED_FACE('',(#1643),#1506,.F.);
#6705=ADVANCED_FACE('',(#1644),#217,.F.);
#6706=ADVANCED_FACE('',(#1645),#1507,.T.);
#6707=ADVANCED_FACE('',(#1646),#1508,.F.);
#6708=ADVANCED_FACE('',(#1647),#218,.F.);
#6709=ADVANCED_FACE('',(#1648),#1509,.T.);
#6710=ADVANCED_FACE('',(#1649),#1510,.F.);
#6711=ADVANCED_FACE('',(#1650),#219,.F.);
#6712=ADVANCED_FACE('',(#1651),#1511,.T.);
#6713=ADVANCED_FACE('',(#1652),#1512,.F.);
#6714=ADVANCED_FACE('',(#1653),#220,.F.);
#6715=ADVANCED_FACE('',(#1654),#1513,.T.);
#6716=ADVANCED_FACE('',(#1655),#1514,.F.);
#6717=ADVANCED_FACE('',(#1656),#221,.F.);
#6718=ADVANCED_FACE('',(#1657),#1515,.T.);
#6719=ADVANCED_FACE('',(#1658),#1516,.F.);
#6720=ADVANCED_FACE('',(#1659),#222,.F.);
#6721=ADVANCED_FACE('',(#1660),#1517,.T.);
#6722=ADVANCED_FACE('',(#1661),#1518,.F.);
#6723=ADVANCED_FACE('',(#1662),#223,.F.);
#6724=ADVANCED_FACE('',(#1663),#1519,.T.);
#6725=ADVANCED_FACE('',(#1664),#1520,.F.);
#6726=ADVANCED_FACE('',(#1665),#224,.F.);
#6727=ADVANCED_FACE('',(#1666),#1521,.T.);
#6728=ADVANCED_FACE('',(#1667),#1522,.F.);
#6729=ADVANCED_FACE('',(#1668),#225,.F.);
#6730=ADVANCED_FACE('',(#1669),#1523,.T.);
#6731=ADVANCED_FACE('',(#1670),#1524,.F.);
#6732=ADVANCED_FACE('',(#1671),#226,.F.);
#6733=ADVANCED_FACE('',(#1672),#1525,.T.);
#6734=ADVANCED_FACE('',(#1673),#1526,.F.);
#6735=ADVANCED_FACE('',(#1674),#227,.F.);
#6736=ADVANCED_FACE('',(#1675),#1527,.T.);
#6737=ADVANCED_FACE('',(#1676),#1528,.F.);
#6738=ADVANCED_FACE('',(#1677),#228,.F.);
#6739=ADVANCED_FACE('',(#1678),#1529,.T.);
#6740=ADVANCED_FACE('',(#1679),#1530,.F.);
#6741=ADVANCED_FACE('',(#1680),#229,.F.);
#6742=ADVANCED_FACE('',(#1681),#1531,.T.);
#6743=ADVANCED_FACE('',(#1682),#1532,.F.);
#6744=ADVANCED_FACE('',(#1683),#230,.F.);
#6745=ADVANCED_FACE('',(#1684),#1533,.T.);
#6746=ADVANCED_FACE('',(#1685),#1534,.F.);
#6747=ADVANCED_FACE('',(#1686),#231,.F.);
#6748=ADVANCED_FACE('',(#1687),#1535,.T.);
#6749=ADVANCED_FACE('',(#1688),#1536,.F.);
#6750=ADVANCED_FACE('',(#1689),#232,.F.);
#6751=ADVANCED_FACE('',(#1690),#1537,.T.);
#6752=ADVANCED_FACE('',(#1691),#1538,.F.);
#6753=ADVANCED_FACE('',(#1692),#233,.F.);
#6754=ADVANCED_FACE('',(#1693),#1539,.T.);
#6755=ADVANCED_FACE('',(#1694),#1540,.F.);
#6756=ADVANCED_FACE('',(#1695),#234,.F.);
#6757=ADVANCED_FACE('',(#1696),#1541,.T.);
#6758=ADVANCED_FACE('',(#1697),#1542,.F.);
#6759=ADVANCED_FACE('',(#1698),#235,.F.);
#6760=ADVANCED_FACE('',(#1699),#1543,.T.);
#6761=ADVANCED_FACE('',(#1700),#1544,.F.);
#6762=ADVANCED_FACE('',(#1701),#236,.F.);
#6763=ADVANCED_FACE('',(#1702),#1545,.T.);
#6764=ADVANCED_FACE('',(#1703),#1546,.F.);
#6765=ADVANCED_FACE('',(#1704),#237,.F.);
#6766=ADVANCED_FACE('',(#1705),#1547,.T.);
#6767=ADVANCED_FACE('',(#1706),#1548,.F.);
#6768=ADVANCED_FACE('',(#1707),#238,.F.);
#6769=ADVANCED_FACE('',(#1708),#1549,.T.);
#6770=ADVANCED_FACE('',(#1709),#1550,.F.);
#6771=ADVANCED_FACE('',(#1710),#239,.F.);
#6772=ADVANCED_FACE('',(#1711),#1551,.T.);
#6773=ADVANCED_FACE('',(#1712),#1552,.F.);
#6774=ADVANCED_FACE('',(#1713),#240,.F.);
#6775=ADVANCED_FACE('',(#1714),#1553,.T.);
#6776=ADVANCED_FACE('',(#1715),#1554,.F.);
#6777=ADVANCED_FACE('',(#1716),#241,.F.);
#6778=ADVANCED_FACE('',(#1717),#1555,.T.);
#6779=ADVANCED_FACE('',(#1718),#1556,.F.);
#6780=ADVANCED_FACE('',(#1719),#242,.F.);
#6781=ADVANCED_FACE('',(#1720),#1557,.T.);
#6782=ADVANCED_FACE('',(#1721),#1558,.F.);
#6783=ADVANCED_FACE('',(#1722),#243,.F.);
#6784=ADVANCED_FACE('',(#1723),#1559,.T.);
#6785=ADVANCED_FACE('',(#1724),#1560,.F.);
#6786=ADVANCED_FACE('',(#1725),#244,.F.);
#6787=ADVANCED_FACE('',(#1726),#1561,.T.);
#6788=ADVANCED_FACE('',(#1727),#1562,.F.);
#6789=ADVANCED_FACE('',(#1728),#245,.F.);
#6790=ADVANCED_FACE('',(#1729),#1563,.T.);
#6791=ADVANCED_FACE('',(#1730),#1564,.F.);
#6792=ADVANCED_FACE('',(#1731),#246,.F.);
#6793=ADVANCED_FACE('',(#1732),#1565,.T.);
#6794=ADVANCED_FACE('',(#1733),#1566,.F.);
#6795=ADVANCED_FACE('',(#1734),#247,.F.);
#6796=ADVANCED_FACE('',(#1735),#1567,.T.);
#6797=ADVANCED_FACE('',(#1736),#1568,.F.);
#6798=ADVANCED_FACE('',(#1737),#248,.F.);
#6799=ADVANCED_FACE('',(#1738),#1569,.T.);
#6800=ADVANCED_FACE('',(#1739),#1570,.F.);
#6801=ADVANCED_FACE('',(#1740),#249,.F.);
#6802=ADVANCED_FACE('',(#1741),#1571,.T.);
#6803=ADVANCED_FACE('',(#1742),#1572,.F.);
#6804=ADVANCED_FACE('',(#1743),#250,.F.);
#6805=ADVANCED_FACE('',(#1744),#1573,.T.);
#6806=ADVANCED_FACE('',(#1745),#1574,.F.);
#6807=ADVANCED_FACE('',(#1746),#251,.F.);
#6808=ADVANCED_FACE('',(#1747),#1575,.T.);
#6809=ADVANCED_FACE('',(#1748),#1576,.F.);
#6810=ADVANCED_FACE('',(#1749),#252,.F.);
#6811=ADVANCED_FACE('',(#1750),#1577,.T.);
#6812=ADVANCED_FACE('',(#1751),#1578,.F.);
#6813=ADVANCED_FACE('',(#1752),#253,.F.);
#6814=ADVANCED_FACE('',(#1753),#1579,.T.);
#6815=ADVANCED_FACE('',(#1754),#254,.F.);
#6816=ADVANCED_FACE('',(#1755),#1580,.T.);
#6817=ADVANCED_FACE('',(#1756),#1581,.F.);
#6818=ADVANCED_FACE('',(#1757),#255,.F.);
#6819=ADVANCED_FACE('',(#1758),#256,.F.);
#6820=ADVANCED_FACE('',(#1759),#257,.F.);
#6821=ADVANCED_FACE('',(#1760),#258,.F.);
#6822=ADVANCED_FACE('',(#1761),#259,.F.);
#6823=ADVANCED_FACE('',(#1762),#260,.F.);
#6824=ADVANCED_FACE('',(#1763),#261,.F.);
#6825=ADVANCED_FACE('',(#1764),#262,.F.);
#6826=ADVANCED_FACE('',(#1765),#263,.F.);
#6827=ADVANCED_FACE('',(#1766),#264,.F.);
#6828=ADVANCED_FACE('',(#1767),#265,.F.);
#6829=ADVANCED_FACE('',(#1768),#266,.F.);
#6830=ADVANCED_FACE('',(#1769),#267,.F.);
#6831=ADVANCED_FACE('',(#1770),#268,.F.);
#6832=ADVANCED_FACE('',(#1771),#269,.F.);
#6833=ADVANCED_FACE('',(#1772),#270,.F.);
#6834=ADVANCED_FACE('',(#1773),#271,.F.);
#6835=ADVANCED_FACE('',(#1774),#272,.F.);
#6836=ADVANCED_FACE('',(#1775),#273,.F.);
#6837=ADVANCED_FACE('',(#1776),#274,.F.);
#6838=ADVANCED_FACE('',(#1777),#275,.F.);
#6839=ADVANCED_FACE('',(#1778),#276,.F.);
#6840=ADVANCED_FACE('',(#1779),#277,.F.);
#6841=ADVANCED_FACE('',(#1780),#278,.F.);
#6842=ADVANCED_FACE('',(#1781),#279,.F.);
#6843=ADVANCED_FACE('',(#1782),#280,.F.);
#6844=ADVANCED_FACE('',(#1783),#281,.F.);
#6845=ADVANCED_FACE('',(#1784),#282,.F.);
#6846=ADVANCED_FACE('',(#1785),#283,.F.);
#6847=ADVANCED_FACE('',(#1786),#284,.F.);
#6848=ADVANCED_FACE('',(#1787),#285,.F.);
#6849=ADVANCED_FACE('',(#1788),#286,.F.);
#6850=ADVANCED_FACE('',(#1789),#287,.F.);
#6851=ADVANCED_FACE('',(#1790),#288,.F.);
#6852=ADVANCED_FACE('',(#1791),#289,.F.);
#6853=ADVANCED_FACE('',(#1792),#290,.F.);
#6854=ADVANCED_FACE('',(#1793),#291,.F.);
#6855=ADVANCED_FACE('',(#1794),#292,.F.);
#6856=ADVANCED_FACE('',(#1795),#293,.F.);
#6857=ADVANCED_FACE('',(#1796),#294,.F.);
#6858=ADVANCED_FACE('',(#1797),#295,.F.);
#6859=ADVANCED_FACE('',(#1798),#296,.F.);
#6860=ADVANCED_FACE('',(#1799),#297,.F.);
#6861=ADVANCED_FACE('',(#1800),#298,.F.);
#6862=ADVANCED_FACE('',(#1801),#106,.T.);
#6863=ADVANCED_FACE('',(#1802),#15,.T.);
#6864=ADVANCED_FACE('',(#1803),#16,.T.);
#6865=ADVANCED_FACE('',(#1804),#17,.T.);
#6866=ADVANCED_FACE('',(#1805),#18,.T.);
#6867=ADVANCED_FACE('',(#1806),#19,.T.);
#6868=ADVANCED_FACE('',(#1807),#20,.T.);
#6869=ADVANCED_FACE('',(#1808),#21,.T.);
#6870=ADVANCED_FACE('',(#1809),#22,.T.);
#6871=ADVANCED_FACE('',(#1810),#23,.T.);
#6872=ADVANCED_FACE('',(#1811),#24,.T.);
#6873=ADVANCED_FACE('',(#1812),#25,.T.);
#6874=ADVANCED_FACE('',(#1813),#26,.T.);
#6875=ADVANCED_FACE('',(#1814),#27,.T.);
#6876=ADVANCED_FACE('',(#1815),#28,.T.);
#6877=ADVANCED_FACE('',(#1816),#29,.T.);
#6878=ADVANCED_FACE('',(#1817),#30,.T.);
#6879=ADVANCED_FACE('',(#1818),#31,.T.);
#6880=ADVANCED_FACE('',(#1819),#32,.T.);
#6881=ADVANCED_FACE('',(#1820),#33,.T.);
#6882=ADVANCED_FACE('',(#1821),#34,.T.);
#6883=ADVANCED_FACE('',(#1822),#35,.T.);
#6884=ADVANCED_FACE('',(#1823),#36,.T.);
#6885=ADVANCED_FACE('',(#1824),#37,.T.);
#6886=ADVANCED_FACE('',(#1825),#38,.T.);
#6887=ADVANCED_FACE('',(#1826),#39,.T.);
#6888=ADVANCED_FACE('',(#1827),#40,.T.);
#6889=ADVANCED_FACE('',(#1828),#41,.T.);
#6890=ADVANCED_FACE('',(#1829),#42,.T.);
#6891=ADVANCED_FACE('',(#1830),#43,.T.);
#6892=ADVANCED_FACE('',(#1831),#44,.T.);
#6893=ADVANCED_FACE('',(#1832),#45,.T.);
#6894=ADVANCED_FACE('',(#1833),#46,.T.);
#6895=ADVANCED_FACE('',(#1834),#47,.T.);
#6896=ADVANCED_FACE('',(#1835),#48,.T.);
#6897=ADVANCED_FACE('',(#1836),#49,.T.);
#6898=ADVANCED_FACE('',(#1837),#50,.T.);
#6899=ADVANCED_FACE('',(#1838),#51,.T.);
#6900=ADVANCED_FACE('',(#1839),#52,.T.);
#6901=ADVANCED_FACE('',(#1840),#53,.T.);
#6902=ADVANCED_FACE('',(#1841),#54,.T.);
#6903=ADVANCED_FACE('',(#1842),#55,.T.);
#6904=ADVANCED_FACE('',(#1843),#56,.T.);
#6905=ADVANCED_FACE('',(#1844),#57,.T.);
#6906=ADVANCED_FACE('',(#1845),#299,.F.);
#6907=ADVANCED_FACE('',(#1846),#300,.F.);
#6908=ADVANCED_FACE('',(#1847),#301,.F.);
#6909=ADVANCED_FACE('',(#1848),#302,.F.);
#6910=ADVANCED_FACE('',(#1849),#303,.F.);
#6911=ADVANCED_FACE('',(#1850),#304,.F.);
#6912=ADVANCED_FACE('',(#1851),#305,.F.);
#6913=ADVANCED_FACE('',(#1852),#306,.F.);
#6914=ADVANCED_FACE('',(#1853),#307,.F.);
#6915=ADVANCED_FACE('',(#1854),#308,.F.);
#6916=ADVANCED_FACE('',(#1855),#309,.F.);
#6917=ADVANCED_FACE('',(#1856),#310,.F.);
#6918=ADVANCED_FACE('',(#1857),#311,.F.);
#6919=ADVANCED_FACE('',(#1858),#312,.F.);
#6920=ADVANCED_FACE('',(#1859),#313,.F.);
#6921=ADVANCED_FACE('',(#1860),#314,.F.);
#6922=ADVANCED_FACE('',(#1861),#315,.F.);
#6923=ADVANCED_FACE('',(#1862),#316,.F.);
#6924=ADVANCED_FACE('',(#1863),#317,.F.);
#6925=ADVANCED_FACE('',(#1864),#318,.F.);
#6926=ADVANCED_FACE('',(#1865),#319,.F.);
#6927=ADVANCED_FACE('',(#1866),#320,.F.);
#6928=ADVANCED_FACE('',(#1867),#321,.F.);
#6929=ADVANCED_FACE('',(#1868),#322,.F.);
#6930=ADVANCED_FACE('',(#1869),#323,.F.);
#6931=ADVANCED_FACE('',(#1870),#324,.F.);
#6932=ADVANCED_FACE('',(#1871),#325,.F.);
#6933=ADVANCED_FACE('',(#1872),#326,.F.);
#6934=ADVANCED_FACE('',(#1873),#327,.F.);
#6935=ADVANCED_FACE('',(#1874),#328,.F.);
#6936=ADVANCED_FACE('',(#1875),#329,.F.);
#6937=ADVANCED_FACE('',(#1876),#330,.F.);
#6938=ADVANCED_FACE('',(#1877),#331,.F.);
#6939=ADVANCED_FACE('',(#1878),#332,.F.);
#6940=ADVANCED_FACE('',(#1879),#333,.F.);
#6941=ADVANCED_FACE('',(#1880),#334,.F.);
#6942=ADVANCED_FACE('',(#1881),#335,.F.);
#6943=ADVANCED_FACE('',(#1882),#336,.F.);
#6944=ADVANCED_FACE('',(#1883),#337,.F.);
#6945=ADVANCED_FACE('',(#1884),#338,.F.);
#6946=ADVANCED_FACE('',(#1885),#339,.F.);
#6947=ADVANCED_FACE('',(#1886),#340,.F.);
#6948=ADVANCED_FACE('',(#1887),#341,.F.);
#6949=ADVANCED_FACE('',(#1888),#58,.T.);
#6950=ADVANCED_FACE('',(#1889),#59,.T.);
#6951=ADVANCED_FACE('',(#1890),#60,.T.);
#6952=ADVANCED_FACE('',(#1891),#61,.T.);
#6953=ADVANCED_FACE('',(#1892),#62,.T.);
#6954=ADVANCED_FACE('',(#1893),#63,.T.);
#6955=ADVANCED_FACE('',(#1894),#64,.T.);
#6956=ADVANCED_FACE('',(#1895),#65,.T.);
#6957=ADVANCED_FACE('',(#1896),#66,.T.);
#6958=ADVANCED_FACE('',(#1897),#67,.T.);
#6959=ADVANCED_FACE('',(#1898),#68,.T.);
#6960=ADVANCED_FACE('',(#1899),#69,.T.);
#6961=ADVANCED_FACE('',(#1900),#70,.T.);
#6962=ADVANCED_FACE('',(#1901),#71,.T.);
#6963=ADVANCED_FACE('',(#1902),#72,.T.);
#6964=ADVANCED_FACE('',(#1903),#73,.T.);
#6965=ADVANCED_FACE('',(#1904),#74,.T.);
#6966=ADVANCED_FACE('',(#1905),#75,.T.);
#6967=ADVANCED_FACE('',(#1906),#76,.T.);
#6968=ADVANCED_FACE('',(#1907),#77,.T.);
#6969=ADVANCED_FACE('',(#1908),#78,.T.);
#6970=ADVANCED_FACE('',(#1909),#79,.T.);
#6971=ADVANCED_FACE('',(#1910),#80,.T.);
#6972=ADVANCED_FACE('',(#1911),#81,.T.);
#6973=ADVANCED_FACE('',(#1912),#82,.T.);
#6974=ADVANCED_FACE('',(#1913),#83,.T.);
#6975=ADVANCED_FACE('',(#1914),#84,.T.);
#6976=ADVANCED_FACE('',(#1915),#85,.T.);
#6977=ADVANCED_FACE('',(#1916),#86,.T.);
#6978=ADVANCED_FACE('',(#1917),#87,.T.);
#6979=ADVANCED_FACE('',(#1918),#88,.T.);
#6980=ADVANCED_FACE('',(#1919),#89,.T.);
#6981=ADVANCED_FACE('',(#1920),#90,.T.);
#6982=ADVANCED_FACE('',(#1921),#91,.T.);
#6983=ADVANCED_FACE('',(#1922),#92,.T.);
#6984=ADVANCED_FACE('',(#1923),#93,.T.);
#6985=ADVANCED_FACE('',(#1924),#94,.T.);
#6986=ADVANCED_FACE('',(#1925),#95,.T.);
#6987=ADVANCED_FACE('',(#1926),#96,.T.);
#6988=ADVANCED_FACE('',(#1927),#97,.T.);
#6989=ADVANCED_FACE('',(#1928),#98,.T.);
#6990=ADVANCED_FACE('',(#1929),#99,.T.);
#6991=ADVANCED_FACE('',(#1930),#100,.T.);
#6992=ADVANCED_FACE('',(#1931),#1582,.F.);
#6993=ADVANCED_FACE('',(#1932),#101,.T.);
#6994=ADVANCED_FACE('',(#1933),#342,.F.);
#6995=ADVANCED_FACE('',(#1934),#343,.F.);
#6996=ADVANCED_FACE('',(#1935),#1583,.T.);
#6997=ADVANCED_FACE('',(#1936),#102,.T.);
#6998=ADVANCED_FACE('',(#1937),#1584,.F.);
#6999=ADVANCED_FACE('',(#1938),#107,.F.);
#7000=ADVANCED_FACE('',(#1939),#108,.F.);
#7001=ADVANCED_FACE('',(#1940),#109,.F.);
#7002=ADVANCED_FACE('',(#1941),#110,.F.);
#7003=ADVANCED_FACE('',(#1942),#103,.T.);
#7004=ADVANCED_FACE('',(#1943,#200),#344,.T.);
#7005=ADVANCED_FACE('',(#1944),#1585,.T.);
#7006=ADVANCED_FACE('',(#1945),#104,.T.);
#7007=ADVANCED_FACE('',(#1946),#1586,.T.);
#7008=ADVANCED_FACE('',(#1947,#201),#345,.T.);
#7009=ADVANCED_FACE('',(#1948),#105,.F.);
#7010=ADVANCED_FACE('',(#1949,#202),#346,.F.);
#7011=ADVANCED_FACE('',(#1950,#203),#347,.F.);
#7012=CLOSED_SHELL('',(#6648,#6649,#6650,#6651,#6652,#6653,#6654,#6655,
#6656,#6657,#6658,#6659,#6660,#6661,#6662,#6663,#6664,#6665,#6666,#6667,
#6668,#6669,#6670,#6671,#6672,#6673,#6674,#6675,#6676,#6677,#6678,#6679,
#6680,#6681,#6682,#6683,#6684,#6685,#6686,#6687,#6688,#6689,#6690,#6691,
#6692,#6693,#6694,#6695,#6696,#6697,#6698,#6699,#6700,#6701,#6702,#6703,
#6704,#6705,#6706,#6707,#6708,#6709,#6710,#6711,#6712,#6713,#6714,#6715,
#6716,#6717,#6718,#6719,#6720,#6721,#6722,#6723,#6724,#6725,#6726,#6727,
#6728,#6729,#6730,#6731,#6732,#6733,#6734,#6735,#6736,#6737,#6738,#6739,
#6740,#6741,#6742,#6743,#6744,#6745,#6746,#6747,#6748,#6749,#6750,#6751,
#6752,#6753,#6754,#6755,#6756,#6757,#6758,#6759,#6760,#6761,#6762,#6763,
#6764,#6765,#6766,#6767,#6768,#6769,#6770,#6771,#6772,#6773,#6774,#6775,
#6776,#6777,#6778,#6779,#6780,#6781,#6782,#6783,#6784,#6785,#6786,#6787,
#6788,#6789,#6790,#6791,#6792,#6793,#6794,#6795,#6796,#6797,#6798,#6799,
#6800,#6801,#6802,#6803,#6804,#6805,#6806,#6807,#6808,#6809,#6810,#6811,
#6812,#6813,#6814,#6815,#6816,#6817,#6818,#6819,#6820,#6821,#6822,#6823,
#6824,#6825,#6826,#6827,#6828,#6829,#6830,#6831,#6832,#6833,#6834,#6835,
#6836,#6837,#6838,#6839,#6840,#6841,#6842,#6843,#6844,#6845,#6846,#6847,
#6848,#6849,#6850,#6851,#6852,#6853,#6854,#6855,#6856,#6857,#6858,#6859,
#6860,#6861,#6862,#6863,#6864,#6865,#6866,#6867,#6868,#6869,#6870,#6871,
#6872,#6873,#6874,#6875,#6876,#6877,#6878,#6879,#6880,#6881,#6882,#6883,
#6884,#6885,#6886,#6887,#6888,#6889,#6890,#6891,#6892,#6893,#6894,#6895,
#6896,#6897,#6898,#6899,#6900,#6901,#6902,#6903,#6904,#6905,#6906,#6907,
#6908,#6909,#6910,#6911,#6912,#6913,#6914,#6915,#6916,#6917,#6918,#6919,
#6920,#6921,#6922,#6923,#6924,#6925,#6926,#6927,#6928,#6929,#6930,#6931,
#6932,#6933,#6934,#6935,#6936,#6937,#6938,#6939,#6940,#6941,#6942,#6943,
#6944,#6945,#6946,#6947,#6948,#6949,#6950,#6951,#6952,#6953,#6954,#6955,
#6956,#6957,#6958,#6959,#6960,#6961,#6962,#6963,#6964,#6965,#6966,#6967,
#6968,#6969,#6970,#6971,#6972,#6973,#6974,#6975,#6976,#6977,#6978,#6979,
#6980,#6981,#6982,#6983,#6984,#6985,#6986,#6987,#6988,#6989,#6990,#6991,
#6992,#6993,#6994,#6995,#6996,#6997,#6998,#6999,#7000,#7001,#7002,#7003,
#7004,#7005,#7006,#7007,#7008,#7009,#7010,#7011));
#7013=DERIVED_UNIT_ELEMENT(#7016,1.);
#7014=DERIVED_UNIT_ELEMENT(#14750,-3.);
#7015=DIMENSIONAL_EXPONENTS(0.,1.,0.,0.,0.,0.,0.);
#7016=(
CONVERSION_BASED_UNIT('gram',#7018)
MASS_UNIT()
NAMED_UNIT(#7015)
);
#7017=(
MASS_UNIT()
NAMED_UNIT(*)
SI_UNIT(.KILO.,.GRAM.)
);
#7018=MASS_MEASURE_WITH_UNIT(MASS_MEASURE(0.001),#7017);
#7019=DERIVED_UNIT((#7013,#7014));
#7020=MEASURE_REPRESENTATION_ITEM('density measure',
POSITIVE_RATIO_MEASURE(1.),#7019);
#7021=PROPERTY_DEFINITION_REPRESENTATION(#7026,#7023);
#7022=PROPERTY_DEFINITION_REPRESENTATION(#7027,#7024);
#7023=REPRESENTATION('material name',(#7025),#14747);
#7024=REPRESENTATION('density',(#7020),#14747);
#7025=DESCRIPTIVE_REPRESENTATION_ITEM('Generic','Generic');
#7026=PROPERTY_DEFINITION('material property','material name',#14757);
#7027=PROPERTY_DEFINITION('material property','density of part',#14757);
#7028=DATE_TIME_ROLE('creation_date');
#7029=APPLIED_DATE_AND_TIME_ASSIGNMENT(#7030,#7028,(#14757));
#7030=DATE_AND_TIME(#7031,#7032);
#7031=CALENDAR_DATE(2025,29,9);
#7032=LOCAL_TIME(0,0,0.,#7033);
#7033=COORDINATED_UNIVERSAL_TIME_OFFSET(0,0,.BEHIND.);
#7034=AXIS2_PLACEMENT_3D('',#9283,#7657,#7658);
#7035=AXIS2_PLACEMENT_3D('',#9284,#7659,#7660);
#7036=AXIS2_PLACEMENT_3D('',#9287,#7661,#7662);
#7037=AXIS2_PLACEMENT_3D('',#9289,#7663,#7664);
#7038=AXIS2_PLACEMENT_3D('',#9290,#7665,#7666);
#7039=AXIS2_PLACEMENT_3D('',#9291,#7667,#7668);
#7040=AXIS2_PLACEMENT_3D('',#9352,#7671,#7672);
#7041=AXIS2_PLACEMENT_3D('',#9412,#7673,#7674);
#7042=AXIS2_PLACEMENT_3D('',#9463,#7675,#7676);
#7043=AXIS2_PLACEMENT_3D('',#9479,#7679,#7680);
#7044=AXIS2_PLACEMENT_3D('',#9480,#7681,#7682);
#7045=AXIS2_PLACEMENT_3D('',#9481,#7683,#7684);
#7046=AXIS2_PLACEMENT_3D('',#9483,#7685,#7686);
#7047=AXIS2_PLACEMENT_3D('',#9485,#7687,#7688);
#7048=AXIS2_PLACEMENT_3D('',#9499,#7689,#7690);
#7049=AXIS2_PLACEMENT_3D('',#9501,#7691,#7692);
#7050=AXIS2_PLACEMENT_3D('',#9515,#7693,#7694);
#7051=AXIS2_PLACEMENT_3D('',#9531,#7695,#7696);
#7052=AXIS2_PLACEMENT_3D('',#9545,#7697,#7698);
#7053=AXIS2_PLACEMENT_3D('',#9559,#7699,#7700);
#7054=AXIS2_PLACEMENT_3D('',#9575,#7701,#7702);
#7055=AXIS2_PLACEMENT_3D('',#9589,#7703,#7704);
#7056=AXIS2_PLACEMENT_3D('',#9603,#7705,#7706);
#7057=AXIS2_PLACEMENT_3D('',#9619,#7707,#7708);
#7058=AXIS2_PLACEMENT_3D('',#9632,#7709,#7710);
#7059=AXIS2_PLACEMENT_3D('',#9633,#7711,#7712);
#7060=AXIS2_PLACEMENT_3D('',#9635,#7714,#7715);
#7061=AXIS2_PLACEMENT_3D('',#9637,#7717,#7718);
#7062=AXIS2_PLACEMENT_3D('',#9640,#7719,#7720);
#7063=AXIS2_PLACEMENT_3D('',#9642,#7721,#7722);
#7064=AXIS2_PLACEMENT_3D('',#9643,#7723,#7724);
#7065=AXIS2_PLACEMENT_3D('',#9644,#7725,#7726);
#7066=AXIS2_PLACEMENT_3D('',#9690,#7729,#7730);
#7067=AXIS2_PLACEMENT_3D('',#9750,#7731,#7732);
#7068=AXIS2_PLACEMENT_3D('',#9801,#7733,#7734);
#7069=AXIS2_PLACEMENT_3D('',#9804,#7737,#7738);
#7070=AXIS2_PLACEMENT_3D('',#9805,#7739,#7740);
#7071=AXIS2_PLACEMENT_3D('',#9807,#7742,#7743);
#7072=AXIS2_PLACEMENT_3D('',#9809,#7745,#7746);
#7073=AXIS2_PLACEMENT_3D('',#9812,#7747,#7748);
#7074=AXIS2_PLACEMENT_3D('',#9814,#7749,#7750);
#7075=AXIS2_PLACEMENT_3D('',#9815,#7751,#7752);
#7076=AXIS2_PLACEMENT_3D('',#9816,#7753,#7754);
#7077=AXIS2_PLACEMENT_3D('',#9862,#7757,#7758);
#7078=AXIS2_PLACEMENT_3D('',#9922,#7759,#7760);
#7079=AXIS2_PLACEMENT_3D('',#9973,#7761,#7762);
#7080=AXIS2_PLACEMENT_3D('',#9976,#7765,#7766);
#7081=AXIS2_PLACEMENT_3D('',#9977,#7767,#7768);
#7082=AXIS2_PLACEMENT_3D('',#9979,#7770,#7771);
#7083=AXIS2_PLACEMENT_3D('',#9981,#7773,#7774);
#7084=AXIS2_PLACEMENT_3D('',#9984,#7775,#7776);
#7085=AXIS2_PLACEMENT_3D('',#9986,#7777,#7778);
#7086=AXIS2_PLACEMENT_3D('',#9987,#7779,#7780);
#7087=AXIS2_PLACEMENT_3D('',#9988,#7781,#7782);
#7088=AXIS2_PLACEMENT_3D('',#10034,#7785,#7786);
#7089=AXIS2_PLACEMENT_3D('',#10094,#7787,#7788);
#7090=AXIS2_PLACEMENT_3D('',#10145,#7789,#7790);
#7091=AXIS2_PLACEMENT_3D('',#10148,#7793,#7794);
#7092=AXIS2_PLACEMENT_3D('',#10149,#7795,#7796);
#7093=AXIS2_PLACEMENT_3D('',#10151,#7798,#7799);
#7094=AXIS2_PLACEMENT_3D('',#10153,#7801,#7802);
#7095=AXIS2_PLACEMENT_3D('',#10173,#7804,#7805);
#7096=AXIS2_PLACEMENT_3D('',#10175,#7807,#7808);
#7097=AXIS2_PLACEMENT_3D('',#10199,#7812,#7813);
#7098=AXIS2_PLACEMENT_3D('',#10217,#7815,#7816);
#7099=AXIS2_PLACEMENT_3D('',#10232,#7818,#7819);
#7100=AXIS2_PLACEMENT_3D('',#10252,#7821,#7822);
#7101=AXIS2_PLACEMENT_3D('',#10254,#7824,#7825);
#7102=AXIS2_PLACEMENT_3D('',#10278,#7829,#7830);
#7103=AXIS2_PLACEMENT_3D('',#10293,#7831,#7832);
#7104=AXIS2_PLACEMENT_3D('',#10308,#7834,#7835);
#7105=AXIS2_PLACEMENT_3D('',#10328,#7837,#7838);
#7106=AXIS2_PLACEMENT_3D('',#10330,#7840,#7841);
#7107=AXIS2_PLACEMENT_3D('',#10354,#7845,#7846);
#7108=AXIS2_PLACEMENT_3D('',#10369,#7847,#7848);
#7109=AXIS2_PLACEMENT_3D('',#10384,#7850,#7851);
#7110=AXIS2_PLACEMENT_3D('',#10404,#7853,#7854);
#7111=AXIS2_PLACEMENT_3D('',#10406,#7856,#7857);
#7112=AXIS2_PLACEMENT_3D('',#10430,#7861,#7862);
#7113=AXIS2_PLACEMENT_3D('',#10445,#7863,#7864);
#7114=AXIS2_PLACEMENT_3D('',#10460,#7866,#7867);
#7115=AXIS2_PLACEMENT_3D('',#10480,#7869,#7870);
#7116=AXIS2_PLACEMENT_3D('',#10482,#7872,#7873);
#7117=AXIS2_PLACEMENT_3D('',#10506,#7877,#7878);
#7118=AXIS2_PLACEMENT_3D('',#10521,#7879,#7880);
#7119=AXIS2_PLACEMENT_3D('',#10536,#7882,#7883);
#7120=AXIS2_PLACEMENT_3D('',#10556,#7885,#7886);
#7121=AXIS2_PLACEMENT_3D('',#10558,#7888,#7889);
#7122=AXIS2_PLACEMENT_3D('',#10582,#7893,#7894);
#7123=AXIS2_PLACEMENT_3D('',#10597,#7895,#7896);
#7124=AXIS2_PLACEMENT_3D('',#10612,#7898,#7899);
#7125=AXIS2_PLACEMENT_3D('',#10632,#7901,#7902);
#7126=AXIS2_PLACEMENT_3D('',#10634,#7904,#7905);
#7127=AXIS2_PLACEMENT_3D('',#10658,#7909,#7910);
#7128=AXIS2_PLACEMENT_3D('',#10673,#7911,#7912);
#7129=AXIS2_PLACEMENT_3D('',#10688,#7914,#7915);
#7130=AXIS2_PLACEMENT_3D('',#10708,#7917,#7918);
#7131=AXIS2_PLACEMENT_3D('',#10710,#7920,#7921);
#7132=AXIS2_PLACEMENT_3D('',#10734,#7925,#7926);
#7133=AXIS2_PLACEMENT_3D('',#10749,#7927,#7928);
#7134=AXIS2_PLACEMENT_3D('',#10764,#7930,#7931);
#7135=AXIS2_PLACEMENT_3D('',#10784,#7933,#7934);
#7136=AXIS2_PLACEMENT_3D('',#10786,#7936,#7937);
#7137=AXIS2_PLACEMENT_3D('',#10810,#7941,#7942);
#7138=AXIS2_PLACEMENT_3D('',#10825,#7943,#7944);
#7139=AXIS2_PLACEMENT_3D('',#10840,#7946,#7947);
#7140=AXIS2_PLACEMENT_3D('',#10860,#7949,#7950);
#7141=AXIS2_PLACEMENT_3D('',#10862,#7952,#7953);
#7142=AXIS2_PLACEMENT_3D('',#10886,#7957,#7958);
#7143=AXIS2_PLACEMENT_3D('',#10901,#7959,#7960);
#7144=AXIS2_PLACEMENT_3D('',#10918,#7962,#7963);
#7145=AXIS2_PLACEMENT_3D('',#10938,#7965,#7966);
#7146=AXIS2_PLACEMENT_3D('',#10940,#7968,#7969);
#7147=AXIS2_PLACEMENT_3D('',#10964,#7973,#7974);
#7148=AXIS2_PLACEMENT_3D('',#10979,#7975,#7976);
#7149=AXIS2_PLACEMENT_3D('',#10994,#7978,#7979);
#7150=AXIS2_PLACEMENT_3D('',#11014,#7981,#7982);
#7151=AXIS2_PLACEMENT_3D('',#11016,#7984,#7985);
#7152=AXIS2_PLACEMENT_3D('',#11040,#7989,#7990);
#7153=AXIS2_PLACEMENT_3D('',#11055,#7991,#7992);
#7154=AXIS2_PLACEMENT_3D('',#11070,#7994,#7995);
#7155=AXIS2_PLACEMENT_3D('',#11090,#7997,#7998);
#7156=AXIS2_PLACEMENT_3D('',#11092,#8000,#8001);
#7157=AXIS2_PLACEMENT_3D('',#11116,#8005,#8006);
#7158=AXIS2_PLACEMENT_3D('',#11131,#8007,#8008);
#7159=AXIS2_PLACEMENT_3D('',#11146,#8010,#8011);
#7160=AXIS2_PLACEMENT_3D('',#11166,#8013,#8014);
#7161=AXIS2_PLACEMENT_3D('',#11168,#8016,#8017);
#7162=AXIS2_PLACEMENT_3D('',#11192,#8021,#8022);
#7163=AXIS2_PLACEMENT_3D('',#11207,#8023,#8024);
#7164=AXIS2_PLACEMENT_3D('',#11222,#8026,#8027);
#7165=AXIS2_PLACEMENT_3D('',#11242,#8029,#8030);
#7166=AXIS2_PLACEMENT_3D('',#11244,#8032,#8033);
#7167=AXIS2_PLACEMENT_3D('',#11268,#8037,#8038);
#7168=AXIS2_PLACEMENT_3D('',#11283,#8039,#8040);
#7169=AXIS2_PLACEMENT_3D('',#11298,#8042,#8043);
#7170=AXIS2_PLACEMENT_3D('',#11318,#8045,#8046);
#7171=AXIS2_PLACEMENT_3D('',#11320,#8048,#8049);
#7172=AXIS2_PLACEMENT_3D('',#11344,#8053,#8054);
#7173=AXIS2_PLACEMENT_3D('',#11359,#8055,#8056);
#7174=AXIS2_PLACEMENT_3D('',#11374,#8058,#8059);
#7175=AXIS2_PLACEMENT_3D('',#11394,#8061,#8062);
#7176=AXIS2_PLACEMENT_3D('',#11396,#8064,#8065);
#7177=AXIS2_PLACEMENT_3D('',#11420,#8069,#8070);
#7178=AXIS2_PLACEMENT_3D('',#11435,#8071,#8072);
#7179=AXIS2_PLACEMENT_3D('',#11450,#8074,#8075);
#7180=AXIS2_PLACEMENT_3D('',#11470,#8077,#8078);
#7181=AXIS2_PLACEMENT_3D('',#11472,#8080,#8081);
#7182=AXIS2_PLACEMENT_3D('',#11496,#8085,#8086);
#7183=AXIS2_PLACEMENT_3D('',#11511,#8087,#8088);
#7184=AXIS2_PLACEMENT_3D('',#11526,#8090,#8091);
#7185=AXIS2_PLACEMENT_3D('',#11546,#8093,#8094);
#7186=AXIS2_PLACEMENT_3D('',#11548,#8096,#8097);
#7187=AXIS2_PLACEMENT_3D('',#11572,#8101,#8102);
#7188=AXIS2_PLACEMENT_3D('',#11587,#8103,#8104);
#7189=AXIS2_PLACEMENT_3D('',#11602,#8106,#8107);
#7190=AXIS2_PLACEMENT_3D('',#11622,#8109,#8110);
#7191=AXIS2_PLACEMENT_3D('',#11624,#8112,#8113);
#7192=AXIS2_PLACEMENT_3D('',#11648,#8117,#8118);
#7193=AXIS2_PLACEMENT_3D('',#11663,#8119,#8120);
#7194=AXIS2_PLACEMENT_3D('',#11678,#8122,#8123);
#7195=AXIS2_PLACEMENT_3D('',#11698,#8125,#8126);
#7196=AXIS2_PLACEMENT_3D('',#11700,#8128,#8129);
#7197=AXIS2_PLACEMENT_3D('',#11724,#8133,#8134);
#7198=AXIS2_PLACEMENT_3D('',#11739,#8135,#8136);
#7199=AXIS2_PLACEMENT_3D('',#11756,#8138,#8139);
#7200=AXIS2_PLACEMENT_3D('',#11776,#8141,#8142);
#7201=AXIS2_PLACEMENT_3D('',#11778,#8144,#8145);
#7202=AXIS2_PLACEMENT_3D('',#11802,#8149,#8150);
#7203=AXIS2_PLACEMENT_3D('',#11817,#8151,#8152);
#7204=AXIS2_PLACEMENT_3D('',#11832,#8154,#8155);
#7205=AXIS2_PLACEMENT_3D('',#11852,#8157,#8158);
#7206=AXIS2_PLACEMENT_3D('',#11854,#8160,#8161);
#7207=AXIS2_PLACEMENT_3D('',#11878,#8165,#8166);
#7208=AXIS2_PLACEMENT_3D('',#11893,#8167,#8168);
#7209=AXIS2_PLACEMENT_3D('',#11908,#8170,#8171);
#7210=AXIS2_PLACEMENT_3D('',#11928,#8173,#8174);
#7211=AXIS2_PLACEMENT_3D('',#11930,#8176,#8177);
#7212=AXIS2_PLACEMENT_3D('',#11954,#8181,#8182);
#7213=AXIS2_PLACEMENT_3D('',#11969,#8183,#8184);
#7214=AXIS2_PLACEMENT_3D('',#11984,#8186,#8187);
#7215=AXIS2_PLACEMENT_3D('',#12004,#8189,#8190);
#7216=AXIS2_PLACEMENT_3D('',#12006,#8192,#8193);
#7217=AXIS2_PLACEMENT_3D('',#12030,#8197,#8198);
#7218=AXIS2_PLACEMENT_3D('',#12045,#8199,#8200);
#7219=AXIS2_PLACEMENT_3D('',#12060,#8202,#8203);
#7220=AXIS2_PLACEMENT_3D('',#12080,#8205,#8206);
#7221=AXIS2_PLACEMENT_3D('',#12082,#8208,#8209);
#7222=AXIS2_PLACEMENT_3D('',#12106,#8213,#8214);
#7223=AXIS2_PLACEMENT_3D('',#12121,#8215,#8216);
#7224=AXIS2_PLACEMENT_3D('',#12136,#8218,#8219);
#7225=AXIS2_PLACEMENT_3D('',#12156,#8221,#8222);
#7226=AXIS2_PLACEMENT_3D('',#12158,#8224,#8225);
#7227=AXIS2_PLACEMENT_3D('',#12182,#8229,#8230);
#7228=AXIS2_PLACEMENT_3D('',#12197,#8231,#8232);
#7229=AXIS2_PLACEMENT_3D('',#12212,#8234,#8235);
#7230=AXIS2_PLACEMENT_3D('',#12232,#8237,#8238);
#7231=AXIS2_PLACEMENT_3D('',#12234,#8240,#8241);
#7232=AXIS2_PLACEMENT_3D('',#12258,#8245,#8246);
#7233=AXIS2_PLACEMENT_3D('',#12273,#8247,#8248);
#7234=AXIS2_PLACEMENT_3D('',#12288,#8250,#8251);
#7235=AXIS2_PLACEMENT_3D('',#12308,#8253,#8254);
#7236=AXIS2_PLACEMENT_3D('',#12310,#8256,#8257);
#7237=AXIS2_PLACEMENT_3D('',#12334,#8261,#8262);
#7238=AXIS2_PLACEMENT_3D('',#12349,#8263,#8264);
#7239=AXIS2_PLACEMENT_3D('',#12364,#8266,#8267);
#7240=AXIS2_PLACEMENT_3D('',#12384,#8269,#8270);
#7241=AXIS2_PLACEMENT_3D('',#12386,#8272,#8273);
#7242=AXIS2_PLACEMENT_3D('',#12410,#8277,#8278);
#7243=AXIS2_PLACEMENT_3D('',#12425,#8279,#8280);
#7244=AXIS2_PLACEMENT_3D('',#12440,#8282,#8283);
#7245=AXIS2_PLACEMENT_3D('',#12460,#8285,#8286);
#7246=AXIS2_PLACEMENT_3D('',#12462,#8288,#8289);
#7247=AXIS2_PLACEMENT_3D('',#12486,#8293,#8294);
#7248=AXIS2_PLACEMENT_3D('',#12501,#8295,#8296);
#7249=AXIS2_PLACEMENT_3D('',#12516,#8298,#8299);
#7250=AXIS2_PLACEMENT_3D('',#12536,#8301,#8302);
#7251=AXIS2_PLACEMENT_3D('',#12538,#8304,#8305);
#7252=AXIS2_PLACEMENT_3D('',#12562,#8309,#8310);
#7253=AXIS2_PLACEMENT_3D('',#12577,#8311,#8312);
#7254=AXIS2_PLACEMENT_3D('',#12594,#8314,#8315);
#7255=AXIS2_PLACEMENT_3D('',#12614,#8317,#8318);
#7256=AXIS2_PLACEMENT_3D('',#12616,#8320,#8321);
#7257=AXIS2_PLACEMENT_3D('',#12640,#8325,#8326);
#7258=AXIS2_PLACEMENT_3D('',#12655,#8327,#8328);
#7259=AXIS2_PLACEMENT_3D('',#12670,#8330,#8331);
#7260=AXIS2_PLACEMENT_3D('',#12690,#8333,#8334);
#7261=AXIS2_PLACEMENT_3D('',#12692,#8336,#8337);
#7262=AXIS2_PLACEMENT_3D('',#12716,#8341,#8342);
#7263=AXIS2_PLACEMENT_3D('',#12731,#8343,#8344);
#7264=AXIS2_PLACEMENT_3D('',#12746,#8346,#8347);
#7265=AXIS2_PLACEMENT_3D('',#12766,#8349,#8350);
#7266=AXIS2_PLACEMENT_3D('',#12768,#8352,#8353);
#7267=AXIS2_PLACEMENT_3D('',#12792,#8357,#8358);
#7268=AXIS2_PLACEMENT_3D('',#12807,#8359,#8360);
#7269=AXIS2_PLACEMENT_3D('',#12822,#8362,#8363);
#7270=AXIS2_PLACEMENT_3D('',#12842,#8365,#8366);
#7271=AXIS2_PLACEMENT_3D('',#12844,#8368,#8369);
#7272=AXIS2_PLACEMENT_3D('',#12868,#8373,#8374);
#7273=AXIS2_PLACEMENT_3D('',#12883,#8375,#8376);
#7274=AXIS2_PLACEMENT_3D('',#12898,#8378,#8379);
#7275=AXIS2_PLACEMENT_3D('',#12918,#8381,#8382);
#7276=AXIS2_PLACEMENT_3D('',#12920,#8384,#8385);
#7277=AXIS2_PLACEMENT_3D('',#12944,#8389,#8390);
#7278=AXIS2_PLACEMENT_3D('',#12959,#8391,#8392);
#7279=AXIS2_PLACEMENT_3D('',#12974,#8394,#8395);
#7280=AXIS2_PLACEMENT_3D('',#12994,#8397,#8398);
#7281=AXIS2_PLACEMENT_3D('',#12996,#8400,#8401);
#7282=AXIS2_PLACEMENT_3D('',#13020,#8405,#8406);
#7283=AXIS2_PLACEMENT_3D('',#13035,#8407,#8408);
#7284=AXIS2_PLACEMENT_3D('',#13050,#8410,#8411);
#7285=AXIS2_PLACEMENT_3D('',#13070,#8413,#8414);
#7286=AXIS2_PLACEMENT_3D('',#13072,#8416,#8417);
#7287=AXIS2_PLACEMENT_3D('',#13096,#8421,#8422);
#7288=AXIS2_PLACEMENT_3D('',#13111,#8423,#8424);
#7289=AXIS2_PLACEMENT_3D('',#13126,#8426,#8427);
#7290=AXIS2_PLACEMENT_3D('',#13146,#8429,#8430);
#7291=AXIS2_PLACEMENT_3D('',#13148,#8432,#8433);
#7292=AXIS2_PLACEMENT_3D('',#13172,#8437,#8438);
#7293=AXIS2_PLACEMENT_3D('',#13187,#8439,#8440);
#7294=AXIS2_PLACEMENT_3D('',#13202,#8442,#8443);
#7295=AXIS2_PLACEMENT_3D('',#13222,#8445,#8446);
#7296=AXIS2_PLACEMENT_3D('',#13224,#8448,#8449);
#7297=AXIS2_PLACEMENT_3D('',#13248,#8453,#8454);
#7298=AXIS2_PLACEMENT_3D('',#13263,#8455,#8456);
#7299=AXIS2_PLACEMENT_3D('',#13278,#8458,#8459);
#7300=AXIS2_PLACEMENT_3D('',#13298,#8461,#8462);
#7301=AXIS2_PLACEMENT_3D('',#13300,#8464,#8465);
#7302=AXIS2_PLACEMENT_3D('',#13324,#8469,#8470);
#7303=AXIS2_PLACEMENT_3D('',#13339,#8471,#8472);
#7304=AXIS2_PLACEMENT_3D('',#13354,#8474,#8475);
#7305=AXIS2_PLACEMENT_3D('',#13381,#8480,#8481);
#7306=AXIS2_PLACEMENT_3D('',#13395,#8482,#8483);
#7307=AXIS2_PLACEMENT_3D('',#13410,#8484,#8485);
#7308=AXIS2_PLACEMENT_3D('',#13427,#8486,#8487);
#7309=AXIS2_PLACEMENT_3D('',#13429,#8489,#8490);
#7310=AXIS2_PLACEMENT_3D('',#13453,#8494,#8495);
#7311=AXIS2_PLACEMENT_3D('',#13474,#8498,#8499);
#7312=AXIS2_PLACEMENT_3D('',#13495,#8502,#8503);
#7313=AXIS2_PLACEMENT_3D('',#13516,#8506,#8507);
#7314=AXIS2_PLACEMENT_3D('',#13537,#8510,#8511);
#7315=AXIS2_PLACEMENT_3D('',#13558,#8514,#8515);
#7316=AXIS2_PLACEMENT_3D('',#13579,#8518,#8519);
#7317=AXIS2_PLACEMENT_3D('',#13600,#8522,#8523);
#7318=AXIS2_PLACEMENT_3D('',#13621,#8526,#8527);
#7319=AXIS2_PLACEMENT_3D('',#13642,#8530,#8531);
#7320=AXIS2_PLACEMENT_3D('',#13663,#8534,#8535);
#7321=AXIS2_PLACEMENT_3D('',#13684,#8538,#8539);
#7322=AXIS2_PLACEMENT_3D('',#13705,#8542,#8543);
#7323=AXIS2_PLACEMENT_3D('',#13726,#8546,#8547);
#7324=AXIS2_PLACEMENT_3D('',#13747,#8550,#8551);
#7325=AXIS2_PLACEMENT_3D('',#13768,#8554,#8555);
#7326=AXIS2_PLACEMENT_3D('',#13789,#8558,#8559);
#7327=AXIS2_PLACEMENT_3D('',#13810,#8562,#8563);
#7328=AXIS2_PLACEMENT_3D('',#13831,#8566,#8567);
#7329=AXIS2_PLACEMENT_3D('',#13852,#8570,#8571);
#7330=AXIS2_PLACEMENT_3D('',#13873,#8574,#8575);
#7331=AXIS2_PLACEMENT_3D('',#13894,#8578,#8579);
#7332=AXIS2_PLACEMENT_3D('',#13915,#8582,#8583);
#7333=AXIS2_PLACEMENT_3D('',#13936,#8586,#8587);
#7334=AXIS2_PLACEMENT_3D('',#13957,#8590,#8591);
#7335=AXIS2_PLACEMENT_3D('',#13978,#8594,#8595);
#7336=AXIS2_PLACEMENT_3D('',#13999,#8598,#8599);
#7337=AXIS2_PLACEMENT_3D('',#14020,#8602,#8603);
#7338=AXIS2_PLACEMENT_3D('',#14041,#8606,#8607);
#7339=AXIS2_PLACEMENT_3D('',#14062,#8610,#8611);
#7340=AXIS2_PLACEMENT_3D('',#14083,#8614,#8615);
#7341=AXIS2_PLACEMENT_3D('',#14104,#8618,#8619);
#7342=AXIS2_PLACEMENT_3D('',#14125,#8622,#8623);
#7343=AXIS2_PLACEMENT_3D('',#14146,#8626,#8627);
#7344=AXIS2_PLACEMENT_3D('',#14167,#8630,#8631);
#7345=AXIS2_PLACEMENT_3D('',#14188,#8634,#8635);
#7346=AXIS2_PLACEMENT_3D('',#14209,#8638,#8639);
#7347=AXIS2_PLACEMENT_3D('',#14230,#8642,#8643);
#7348=AXIS2_PLACEMENT_3D('',#14251,#8646,#8647);
#7349=AXIS2_PLACEMENT_3D('',#14272,#8650,#8651);
#7350=AXIS2_PLACEMENT_3D('',#14293,#8654,#8655);
#7351=AXIS2_PLACEMENT_3D('',#14314,#8658,#8659);
#7352=AXIS2_PLACEMENT_3D('',#14335,#8662,#8663);
#7353=AXIS2_PLACEMENT_3D('',#14359,#8667,#8668);
#7354=AXIS2_PLACEMENT_3D('',#14360,#8669,#8670);
#7355=AXIS2_PLACEMENT_3D('',#14361,#8671,#8672);
#7356=AXIS2_PLACEMENT_3D('',#14362,#8673,#8674);
#7357=AXIS2_PLACEMENT_3D('',#14363,#8675,#8676);
#7358=AXIS2_PLACEMENT_3D('',#14364,#8677,#8678);
#7359=AXIS2_PLACEMENT_3D('',#14365,#8679,#8680);
#7360=AXIS2_PLACEMENT_3D('',#14366,#8681,#8682);
#7361=AXIS2_PLACEMENT_3D('',#14367,#8683,#8684);
#7362=AXIS2_PLACEMENT_3D('',#14368,#8685,#8686);
#7363=AXIS2_PLACEMENT_3D('',#14369,#8687,#8688);
#7364=AXIS2_PLACEMENT_3D('',#14370,#8689,#8690);
#7365=AXIS2_PLACEMENT_3D('',#14371,#8691,#8692);
#7366=AXIS2_PLACEMENT_3D('',#14372,#8693,#8694);
#7367=AXIS2_PLACEMENT_3D('',#14373,#8695,#8696);
#7368=AXIS2_PLACEMENT_3D('',#14374,#8697,#8698);
#7369=AXIS2_PLACEMENT_3D('',#14375,#8699,#8700);
#7370=AXIS2_PLACEMENT_3D('',#14376,#8701,#8702);
#7371=AXIS2_PLACEMENT_3D('',#14377,#8703,#8704);
#7372=AXIS2_PLACEMENT_3D('',#14378,#8705,#8706);
#7373=AXIS2_PLACEMENT_3D('',#14379,#8707,#8708);
#7374=AXIS2_PLACEMENT_3D('',#14381,#8709,#8710);
#7375=AXIS2_PLACEMENT_3D('',#14384,#8712,#8713);
#7376=AXIS2_PLACEMENT_3D('',#14385,#8714,#8715);
#7377=AXIS2_PLACEMENT_3D('',#14386,#8716,#8717);
#7378=AXIS2_PLACEMENT_3D('',#14387,#8718,#8719);
#7379=AXIS2_PLACEMENT_3D('',#14388,#8720,#8721);
#7380=AXIS2_PLACEMENT_3D('',#14389,#8722,#8723);
#7381=AXIS2_PLACEMENT_3D('',#14390,#8724,#8725);
#7382=AXIS2_PLACEMENT_3D('',#14391,#8726,#8727);
#7383=AXIS2_PLACEMENT_3D('',#14392,#8728,#8729);
#7384=AXIS2_PLACEMENT_3D('',#14393,#8730,#8731);
#7385=AXIS2_PLACEMENT_3D('',#14394,#8732,#8733);
#7386=AXIS2_PLACEMENT_3D('',#14395,#8734,#8735);
#7387=AXIS2_PLACEMENT_3D('',#14396,#8736,#8737);
#7388=AXIS2_PLACEMENT_3D('',#14397,#8738,#8739);
#7389=AXIS2_PLACEMENT_3D('',#14398,#8740,#8741);
#7390=AXIS2_PLACEMENT_3D('',#14399,#8742,#8743);
#7391=AXIS2_PLACEMENT_3D('',#14400,#8744,#8745);
#7392=AXIS2_PLACEMENT_3D('',#14401,#8746,#8747);
#7393=AXIS2_PLACEMENT_3D('',#14402,#8748,#8749);
#7394=AXIS2_PLACEMENT_3D('',#14403,#8750,#8751);
#7395=AXIS2_PLACEMENT_3D('',#14404,#8752,#8753);
#7396=AXIS2_PLACEMENT_3D('',#14405,#8754,#8755);
#7397=AXIS2_PLACEMENT_3D('',#14406,#8756,#8757);
#7398=AXIS2_PLACEMENT_3D('',#14408,#8758,#8759);
#7399=AXIS2_PLACEMENT_3D('',#14427,#8760,#8761);
#7400=AXIS2_PLACEMENT_3D('',#14428,#8762,#8763);
#7401=AXIS2_PLACEMENT_3D('',#14430,#8764,#8765);
#7402=AXIS2_PLACEMENT_3D('',#14439,#8766,#8767);
#7403=AXIS2_PLACEMENT_3D('',#14440,#8768,#8769);
#7404=AXIS2_PLACEMENT_3D('',#14441,#8770,#8771);
#7405=AXIS2_PLACEMENT_3D('',#14442,#8772,#8773);
#7406=AXIS2_PLACEMENT_3D('',#14443,#8774,#8775);
#7407=AXIS2_PLACEMENT_3D('',#14444,#8776,#8777);
#7408=AXIS2_PLACEMENT_3D('',#14445,#8778,#8779);
#7409=AXIS2_PLACEMENT_3D('',#14446,#8780,#8781);
#7410=AXIS2_PLACEMENT_3D('',#14447,#8782,#8783);
#7411=AXIS2_PLACEMENT_3D('',#14448,#8784,#8785);
#7412=AXIS2_PLACEMENT_3D('',#14449,#8786,#8787);
#7413=AXIS2_PLACEMENT_3D('',#14450,#8788,#8789);
#7414=AXIS2_PLACEMENT_3D('',#14451,#8790,#8791);
#7415=AXIS2_PLACEMENT_3D('',#14452,#8792,#8793);
#7416=AXIS2_PLACEMENT_3D('',#14453,#8794,#8795);
#7417=AXIS2_PLACEMENT_3D('',#14454,#8796,#8797);
#7418=AXIS2_PLACEMENT_3D('',#14455,#8798,#8799);
#7419=AXIS2_PLACEMENT_3D('',#14456,#8800,#8801);
#7420=AXIS2_PLACEMENT_3D('',#14457,#8802,#8803);
#7421=AXIS2_PLACEMENT_3D('',#14458,#8804,#8805);
#7422=AXIS2_PLACEMENT_3D('',#14459,#8806,#8807);
#7423=AXIS2_PLACEMENT_3D('',#14460,#8808,#8809);
#7424=AXIS2_PLACEMENT_3D('',#14461,#8810,#8811);
#7425=AXIS2_PLACEMENT_3D('',#14462,#8812,#8813);
#7426=AXIS2_PLACEMENT_3D('',#14463,#8814,#8815);
#7427=AXIS2_PLACEMENT_3D('',#14464,#8816,#8817);
#7428=AXIS2_PLACEMENT_3D('',#14465,#8818,#8819);
#7429=AXIS2_PLACEMENT_3D('',#14466,#8820,#8821);
#7430=AXIS2_PLACEMENT_3D('',#14467,#8822,#8823);
#7431=AXIS2_PLACEMENT_3D('',#14468,#8824,#8825);
#7432=AXIS2_PLACEMENT_3D('',#14469,#8826,#8827);
#7433=AXIS2_PLACEMENT_3D('',#14470,#8828,#8829);
#7434=AXIS2_PLACEMENT_3D('',#14471,#8830,#8831);
#7435=AXIS2_PLACEMENT_3D('',#14472,#8832,#8833);
#7436=AXIS2_PLACEMENT_3D('',#14473,#8834,#8835);
#7437=AXIS2_PLACEMENT_3D('',#14474,#8836,#8837);
#7438=AXIS2_PLACEMENT_3D('',#14475,#8838,#8839);
#7439=AXIS2_PLACEMENT_3D('',#14476,#8840,#8841);
#7440=AXIS2_PLACEMENT_3D('',#14477,#8842,#8843);
#7441=AXIS2_PLACEMENT_3D('',#14478,#8844,#8845);
#7442=AXIS2_PLACEMENT_3D('',#14479,#8846,#8847);
#7443=AXIS2_PLACEMENT_3D('',#14480,#8848,#8849);
#7444=AXIS2_PLACEMENT_3D('',#14481,#8850,#8851);
#7445=AXIS2_PLACEMENT_3D('',#14482,#8852,#8853);
#7446=AXIS2_PLACEMENT_3D('',#14483,#8854,#8855);
#7447=AXIS2_PLACEMENT_3D('',#14484,#8856,#8857);
#7448=AXIS2_PLACEMENT_3D('',#14485,#8858,#8859);
#7449=AXIS2_PLACEMENT_3D('',#14486,#8860,#8861);
#7450=AXIS2_PLACEMENT_3D('',#14487,#8862,#8863);
#7451=AXIS2_PLACEMENT_3D('',#14488,#8864,#8865);
#7452=AXIS2_PLACEMENT_3D('',#14489,#8866,#8867);
#7453=AXIS2_PLACEMENT_3D('',#14490,#8868,#8869);
#7454=AXIS2_PLACEMENT_3D('',#14491,#8870,#8871);
#7455=AXIS2_PLACEMENT_3D('',#14492,#8872,#8873);
#7456=AXIS2_PLACEMENT_3D('',#14493,#8874,#8875);
#7457=AXIS2_PLACEMENT_3D('',#14494,#8876,#8877);
#7458=AXIS2_PLACEMENT_3D('',#14495,#8878,#8879);
#7459=AXIS2_PLACEMENT_3D('',#14496,#8880,#8881);
#7460=AXIS2_PLACEMENT_3D('',#14497,#8882,#8883);
#7461=AXIS2_PLACEMENT_3D('',#14498,#8884,#8885);
#7462=AXIS2_PLACEMENT_3D('',#14499,#8886,#8887);
#7463=AXIS2_PLACEMENT_3D('',#14500,#8888,#8889);
#7464=AXIS2_PLACEMENT_3D('',#14501,#8890,#8891);
#7465=AXIS2_PLACEMENT_3D('',#14502,#8892,#8893);
#7466=AXIS2_PLACEMENT_3D('',#14503,#8894,#8895);
#7467=AXIS2_PLACEMENT_3D('',#14504,#8896,#8897);
#7468=AXIS2_PLACEMENT_3D('',#14505,#8898,#8899);
#7469=AXIS2_PLACEMENT_3D('',#14506,#8900,#8901);
#7470=AXIS2_PLACEMENT_3D('',#14507,#8902,#8903);
#7471=AXIS2_PLACEMENT_3D('',#14508,#8904,#8905);
#7472=AXIS2_PLACEMENT_3D('',#14509,#8906,#8907);
#7473=AXIS2_PLACEMENT_3D('',#14510,#8908,#8909);
#7474=AXIS2_PLACEMENT_3D('',#14511,#8910,#8911);
#7475=AXIS2_PLACEMENT_3D('',#14512,#8912,#8913);
#7476=AXIS2_PLACEMENT_3D('',#14513,#8914,#8915);
#7477=AXIS2_PLACEMENT_3D('',#14514,#8916,#8917);
#7478=AXIS2_PLACEMENT_3D('',#14515,#8918,#8919);
#7479=AXIS2_PLACEMENT_3D('',#14516,#8920,#8921);
#7480=AXIS2_PLACEMENT_3D('',#14517,#8922,#8923);
#7481=AXIS2_PLACEMENT_3D('',#14518,#8924,#8925);
#7482=AXIS2_PLACEMENT_3D('',#14519,#8926,#8927);
#7483=AXIS2_PLACEMENT_3D('',#14520,#8928,#8929);
#7484=AXIS2_PLACEMENT_3D('',#14521,#8930,#8931);
#7485=AXIS2_PLACEMENT_3D('',#14522,#8932,#8933);
#7486=AXIS2_PLACEMENT_3D('',#14523,#8934,#8935);
#7487=AXIS2_PLACEMENT_3D('',#14525,#8936,#8937);
#7488=AXIS2_PLACEMENT_3D('',#14527,#8939,#8940);
#7489=AXIS2_PLACEMENT_3D('',#14528,#8941,#8942);
#7490=AXIS2_PLACEMENT_3D('',#14529,#8943,#8944);
#7491=AXIS2_PLACEMENT_3D('',#14530,#8945,#8946);
#7492=AXIS2_PLACEMENT_3D('',#14531,#8947,#8948);
#7493=AXIS2_PLACEMENT_3D('',#14532,#8949,#8950);
#7494=AXIS2_PLACEMENT_3D('',#14533,#8951,#8952);
#7495=AXIS2_PLACEMENT_3D('',#14534,#8953,#8954);
#7496=AXIS2_PLACEMENT_3D('',#14535,#8955,#8956);
#7497=AXIS2_PLACEMENT_3D('',#14536,#8957,#8958);
#7498=AXIS2_PLACEMENT_3D('',#14537,#8959,#8960);
#7499=AXIS2_PLACEMENT_3D('',#14538,#8961,#8962);
#7500=AXIS2_PLACEMENT_3D('',#14539,#8963,#8964);
#7501=AXIS2_PLACEMENT_3D('',#14540,#8965,#8966);
#7502=AXIS2_PLACEMENT_3D('',#14541,#8967,#8968);
#7503=AXIS2_PLACEMENT_3D('',#14542,#8969,#8970);
#7504=AXIS2_PLACEMENT_3D('',#14543,#8971,#8972);
#7505=AXIS2_PLACEMENT_3D('',#14544,#8973,#8974);
#7506=AXIS2_PLACEMENT_3D('',#14545,#8975,#8976);
#7507=AXIS2_PLACEMENT_3D('',#14546,#8977,#8978);
#7508=AXIS2_PLACEMENT_3D('',#14547,#8979,#8980);
#7509=AXIS2_PLACEMENT_3D('',#14548,#8981,#8982);
#7510=AXIS2_PLACEMENT_3D('',#14549,#8983,#8984);
#7511=AXIS2_PLACEMENT_3D('',#14550,#8985,#8986);
#7512=AXIS2_PLACEMENT_3D('',#14551,#8987,#8988);
#7513=AXIS2_PLACEMENT_3D('',#14552,#8989,#8990);
#7514=AXIS2_PLACEMENT_3D('',#14553,#8991,#8992);
#7515=AXIS2_PLACEMENT_3D('',#14554,#8993,#8994);
#7516=AXIS2_PLACEMENT_3D('',#14555,#8995,#8996);
#7517=AXIS2_PLACEMENT_3D('',#14556,#8997,#8998);
#7518=AXIS2_PLACEMENT_3D('',#14557,#8999,#9000);
#7519=AXIS2_PLACEMENT_3D('',#14558,#9001,#9002);
#7520=AXIS2_PLACEMENT_3D('',#14559,#9003,#9004);
#7521=AXIS2_PLACEMENT_3D('',#14560,#9005,#9006);
#7522=AXIS2_PLACEMENT_3D('',#14561,#9007,#9008);
#7523=AXIS2_PLACEMENT_3D('',#14562,#9009,#9010);
#7524=AXIS2_PLACEMENT_3D('',#14563,#9011,#9012);
#7525=AXIS2_PLACEMENT_3D('',#14564,#9013,#9014);
#7526=AXIS2_PLACEMENT_3D('',#14565,#9015,#9016);
#7527=AXIS2_PLACEMENT_3D('',#14566,#9017,#9018);
#7528=AXIS2_PLACEMENT_3D('',#14567,#9019,#9020);
#7529=AXIS2_PLACEMENT_3D('',#14568,#9021,#9022);
#7530=AXIS2_PLACEMENT_3D('',#14569,#9023,#9024);
#7531=AXIS2_PLACEMENT_3D('',#14570,#9025,#9026);
#7532=AXIS2_PLACEMENT_3D('',#14571,#9027,#9028);
#7533=AXIS2_PLACEMENT_3D('',#14572,#9029,#9030);
#7534=AXIS2_PLACEMENT_3D('',#14573,#9031,#9032);
#7535=AXIS2_PLACEMENT_3D('',#14574,#9033,#9034);
#7536=AXIS2_PLACEMENT_3D('',#14575,#9035,#9036);
#7537=AXIS2_PLACEMENT_3D('',#14576,#9037,#9038);
#7538=AXIS2_PLACEMENT_3D('',#14577,#9039,#9040);
#7539=AXIS2_PLACEMENT_3D('',#14578,#9041,#9042);
#7540=AXIS2_PLACEMENT_3D('',#14579,#9043,#9044);
#7541=AXIS2_PLACEMENT_3D('',#14580,#9045,#9046);
#7542=AXIS2_PLACEMENT_3D('',#14581,#9047,#9048);
#7543=AXIS2_PLACEMENT_3D('',#14582,#9049,#9050);
#7544=AXIS2_PLACEMENT_3D('',#14583,#9051,#9052);
#7545=AXIS2_PLACEMENT_3D('',#14584,#9053,#9054);
#7546=AXIS2_PLACEMENT_3D('',#14585,#9055,#9056);
#7547=AXIS2_PLACEMENT_3D('',#14586,#9057,#9058);
#7548=AXIS2_PLACEMENT_3D('',#14587,#9059,#9060);
#7549=AXIS2_PLACEMENT_3D('',#14588,#9061,#9062);
#7550=AXIS2_PLACEMENT_3D('',#14589,#9063,#9064);
#7551=AXIS2_PLACEMENT_3D('',#14590,#9065,#9066);
#7552=AXIS2_PLACEMENT_3D('',#14591,#9067,#9068);
#7553=AXIS2_PLACEMENT_3D('',#14592,#9069,#9070);
#7554=AXIS2_PLACEMENT_3D('',#14593,#9071,#9072);
#7555=AXIS2_PLACEMENT_3D('',#14594,#9073,#9074);
#7556=AXIS2_PLACEMENT_3D('',#14595,#9075,#9076);
#7557=AXIS2_PLACEMENT_3D('',#14596,#9077,#9078);
#7558=AXIS2_PLACEMENT_3D('',#14597,#9079,#9080);
#7559=AXIS2_PLACEMENT_3D('',#14598,#9081,#9082);
#7560=AXIS2_PLACEMENT_3D('',#14599,#9083,#9084);
#7561=AXIS2_PLACEMENT_3D('',#14600,#9085,#9086);
#7562=AXIS2_PLACEMENT_3D('',#14601,#9087,#9088);
#7563=AXIS2_PLACEMENT_3D('',#14602,#9089,#9090);
#7564=AXIS2_PLACEMENT_3D('',#14603,#9091,#9092);
#7565=AXIS2_PLACEMENT_3D('',#14604,#9093,#9094);
#7566=AXIS2_PLACEMENT_3D('',#14605,#9095,#9096);
#7567=AXIS2_PLACEMENT_3D('',#14606,#9097,#9098);
#7568=AXIS2_PLACEMENT_3D('',#14607,#9099,#9100);
#7569=AXIS2_PLACEMENT_3D('',#14608,#9101,#9102);
#7570=AXIS2_PLACEMENT_3D('',#14609,#9103,#9104);
#7571=AXIS2_PLACEMENT_3D('',#14610,#9105,#9106);
#7572=AXIS2_PLACEMENT_3D('',#14611,#9107,#9108);
#7573=AXIS2_PLACEMENT_3D('',#14642,#9109,#9110);
#7574=AXIS2_PLACEMENT_3D('',#14643,#9111,#9112);
#7575=AXIS2_PLACEMENT_3D('',#14644,#9113,#9114);
#7576=AXIS2_PLACEMENT_3D('',#14645,#9115,#9116);
#7577=AXIS2_PLACEMENT_3D('',#14646,#9117,#9118);
#7578=AXIS2_PLACEMENT_3D('',#14647,#9119,#9120);
#7579=AXIS2_PLACEMENT_3D('',#14648,#9121,#9122);
#7580=AXIS2_PLACEMENT_3D('',#14649,#9123,#9124);
#7581=AXIS2_PLACEMENT_3D('',#14650,#9125,#9126);
#7582=AXIS2_PLACEMENT_3D('',#14651,#9127,#9128);
#7583=AXIS2_PLACEMENT_3D('',#14652,#9129,#9130);
#7584=AXIS2_PLACEMENT_3D('',#14653,#9131,#9132);
#7585=AXIS2_PLACEMENT_3D('',#14654,#9133,#9134);
#7586=AXIS2_PLACEMENT_3D('',#14655,#9135,#9136);
#7587=AXIS2_PLACEMENT_3D('',#14656,#9137,#9138);
#7588=AXIS2_PLACEMENT_3D('',#14657,#9139,#9140);
#7589=AXIS2_PLACEMENT_3D('',#14658,#9141,#9142);
#7590=AXIS2_PLACEMENT_3D('',#14659,#9143,#9144);
#7591=AXIS2_PLACEMENT_3D('',#14660,#9145,#9146);
#7592=AXIS2_PLACEMENT_3D('',#14661,#9147,#9148);
#7593=AXIS2_PLACEMENT_3D('',#14662,#9149,#9150);
#7594=AXIS2_PLACEMENT_3D('',#14663,#9151,#9152);
#7595=AXIS2_PLACEMENT_3D('',#14664,#9153,#9154);
#7596=AXIS2_PLACEMENT_3D('',#14665,#9155,#9156);
#7597=AXIS2_PLACEMENT_3D('',#14666,#9157,#9158);
#7598=AXIS2_PLACEMENT_3D('',#14667,#9159,#9160);
#7599=AXIS2_PLACEMENT_3D('',#14668,#9161,#9162);
#7600=AXIS2_PLACEMENT_3D('',#14669,#9163,#9164);
#7601=AXIS2_PLACEMENT_3D('',#14670,#9165,#9166);
#7602=AXIS2_PLACEMENT_3D('',#14671,#9167,#9168);
#7603=AXIS2_PLACEMENT_3D('',#14672,#9169,#9170);
#7604=AXIS2_PLACEMENT_3D('',#14673,#9171,#9172);
#7605=AXIS2_PLACEMENT_3D('',#14674,#9173,#9174);
#7606=AXIS2_PLACEMENT_3D('',#14675,#9175,#9176);
#7607=AXIS2_PLACEMENT_3D('',#14676,#9177,#9178);
#7608=AXIS2_PLACEMENT_3D('',#14677,#9179,#9180);
#7609=AXIS2_PLACEMENT_3D('',#14678,#9181,#9182);
#7610=AXIS2_PLACEMENT_3D('',#14679,#9183,#9184);
#7611=AXIS2_PLACEMENT_3D('',#14680,#9185,#9186);
#7612=AXIS2_PLACEMENT_3D('',#14681,#9187,#9188);
#7613=AXIS2_PLACEMENT_3D('',#14682,#9189,#9190);
#7614=AXIS2_PLACEMENT_3D('',#14683,#9191,#9192);
#7615=AXIS2_PLACEMENT_3D('',#14684,#9193,#9194);
#7616=AXIS2_PLACEMENT_3D('',#14686,#9195,#9196);
#7617=AXIS2_PLACEMENT_3D('',#14688,#9198,#9199);
#7618=AXIS2_PLACEMENT_3D('',#14689,#9200,#9201);
#7619=AXIS2_PLACEMENT_3D('',#14690,#9202,#9203);
#7620=AXIS2_PLACEMENT_3D('',#14691,#9204,#9205);
#7621=AXIS2_PLACEMENT_3D('',#14692,#9206,#9207);
#7622=AXIS2_PLACEMENT_3D('',#14693,#9208,#9209);
#7623=AXIS2_PLACEMENT_3D('',#14694,#9210,#9211);
#7624=AXIS2_PLACEMENT_3D('',#14695,#9212,#9213);
#7625=AXIS2_PLACEMENT_3D('',#14696,#9214,#9215);
#7626=AXIS2_PLACEMENT_3D('',#14702,#9219,#9220);
#7627=AXIS2_PLACEMENT_3D('',#14703,#9221,#9222);
#7628=AXIS2_PLACEMENT_3D('',#14704,#9223,#9224);
#7629=AXIS2_PLACEMENT_3D('',#14705,#9225,#9226);
#7630=AXIS2_PLACEMENT_3D('',#14706,#9227,#9228);
#7631=AXIS2_PLACEMENT_3D('',#14707,#9229,#9230);
#7632=AXIS2_PLACEMENT_3D('',#14708,#9231,#9232);
#7633=AXIS2_PLACEMENT_3D('',#14709,#9233,#9234);
#7634=AXIS2_PLACEMENT_3D('',#14710,#9235,#9236);
#7635=AXIS2_PLACEMENT_3D('',#14711,#9237,#9238);
#7636=AXIS2_PLACEMENT_3D('',#14713,#9239,#9240);
#7637=AXIS2_PLACEMENT_3D('',#14715,#9241,#9242);
#7638=AXIS2_PLACEMENT_3D('',#14717,#9243,#9244);
#7639=AXIS2_PLACEMENT_3D('',#14718,#9245,#9246);
#7640=AXIS2_PLACEMENT_3D('',#14719,#9247,#9248);
#7641=AXIS2_PLACEMENT_3D('',#14721,#9249,#9250);
#7642=AXIS2_PLACEMENT_3D('',#14722,#9251,#9252);
#7643=AXIS2_PLACEMENT_3D('',#14724,#9253,#9254);
#7644=AXIS2_PLACEMENT_3D('',#14726,#9256,#9257);
#7645=AXIS2_PLACEMENT_3D('',#14728,#9258,#9259);
#7646=AXIS2_PLACEMENT_3D('',#14730,#9260,#9261);
#7647=AXIS2_PLACEMENT_3D('',#14732,#9262,#9263);
#7648=AXIS2_PLACEMENT_3D('',#14733,#9264,#9265);
#7649=AXIS2_PLACEMENT_3D('',#14734,#9266,#9267);
#7650=AXIS2_PLACEMENT_3D('',#14738,#9269,#9270);
#7651=AXIS2_PLACEMENT_3D('',#14739,#9271,#9272);
#7652=AXIS2_PLACEMENT_3D('',#14740,#9273,#9274);
#7653=AXIS2_PLACEMENT_3D('',#14741,#9275,#9276);
#7654=AXIS2_PLACEMENT_3D('',#14742,#9277,#9278);
#7655=AXIS2_PLACEMENT_3D('',#14743,#9279,#9280);
#7656=AXIS2_PLACEMENT_3D('',#14744,#9281,#9282);
#7657=DIRECTION('axis',(0.,0.,1.));
#7658=DIRECTION('refdir',(1.,0.,0.));
#7659=DIRECTION('center_axis',(-0.291466713063461,-0.911095115958284,0.29146671311308));
#7660=DIRECTION('ref_axis',(0.644241534745208,-0.412196178629742,-0.644241534854885));
#7661=DIRECTION('center_axis',(0.925820100100754,0.377964472205299,0.));
#7662=DIRECTION('ref_axis',(0.,0.,-1.));
#7663=DIRECTION('center_axis',(0.,-1.,-3.72626374200991E-10));
#7664=DIRECTION('ref_axis',(1.,0.,0.));
#7665=DIRECTION('center_axis',(-2.48897765868063E-10,0.377964472922133,
-0.925820099808108));
#7666=DIRECTION('ref_axis',(0.353553390593276,-0.866025403784437,-0.353553390593275));
#7667=DIRECTION('center_axis',(0.,1.,0.));
#7668=DIRECTION('ref_axis',(0.707106781186548,0.,-0.707106781186547));
#7669=DIRECTION('',(0.,-1.,0.));
#7670=DIRECTION('',(0.,1.,0.));
#7671=DIRECTION('center_axis',(-4.95143162611892E-15,-0.452093357661353,
0.891970625053586));
#7672=DIRECTION('ref_axis',(0.239434695315604,-0.866025403784439,-0.43894307908785));
#7673=DIRECTION('center_axis',(0.89197062505358,0.452093357661364,-2.97085897567133E-15));
#7674=DIRECTION('ref_axis',(0.438943079087861,-0.866025403784433,-0.239434695315609));
#7675=DIRECTION('center_axis',(0.,1.,0.));
#7676=DIRECTION('ref_axis',(-0.82956135578434,0.,0.558415577316077));
#7677=DIRECTION('',(0.,1.,0.));
#7678=DIRECTION('',(0.,-1.,0.));
#7679=DIRECTION('center_axis',(1.,0.,0.));
#7680=DIRECTION('ref_axis',(0.,0.,1.));
#7681=DIRECTION('center_axis',(-1.,0.,0.));
#7682=DIRECTION('ref_axis',(0.,0.,1.));
#7683=DIRECTION('center_axis',(6.12323399573677E-17,0.,1.));
#7684=DIRECTION('ref_axis',(1.,0.,0.));
#7685=DIRECTION('center_axis',(0.,-1.,0.));
#7686=DIRECTION('ref_axis',(0.,0.,-1.));
#7687=DIRECTION('center_axis',(1.1686558153949E-16,0.,1.));
#7688=DIRECTION('ref_axis',(0.,-1.,0.));
#7689=DIRECTION('center_axis',(0.,1.,0.));
#7690=DIRECTION('ref_axis',(1.,0.,0.));
#7691=DIRECTION('center_axis',(0.,1.,0.));
#7692=DIRECTION('ref_axis',(1.,0.,0.));
#7693=DIRECTION('center_axis',(-2.3373116307898E-16,0.,-1.));
#7694=DIRECTION('ref_axis',(0.,1.,0.));
#7695=DIRECTION('center_axis',(-1.,0.,0.));
#7696=DIRECTION('ref_axis',(0.,0.,1.));
#7697=DIRECTION('center_axis',(0.,1.,0.));
#7698=DIRECTION('ref_axis',(1.,0.,0.));
#7699=DIRECTION('center_axis',(1.,0.,0.));
#7700=DIRECTION('ref_axis',(0.,0.,-1.));
#7701=DIRECTION('center_axis',(-2.3373116307898E-16,0.,-1.));
#7702=DIRECTION('ref_axis',(0.,1.,0.));
#7703=DIRECTION('center_axis',(0.,1.,0.));
#7704=DIRECTION('ref_axis',(1.,0.,0.));
#7705=DIRECTION('center_axis',(1.1686558153949E-16,0.,1.));
#7706=DIRECTION('ref_axis',(0.,-1.,0.));
#7707=DIRECTION('center_axis',(1.,0.,0.));
#7708=DIRECTION('ref_axis',(0.,0.,-1.));
#7709=DIRECTION('center_axis',(0.,1.,0.));
#7710=DIRECTION('ref_axis',(1.,0.,0.));
#7711=DIRECTION('center_axis',(-1.1686558153949E-16,0.,-1.));
#7712=DIRECTION('ref_axis',(1.,0.,-1.1686558153949E-16));
#7713=DIRECTION('',(0.,-1.,0.));
#7714=DIRECTION('center_axis',(0.,-1.,0.));
#7715=DIRECTION('ref_axis',(-0.558415577316075,0.,0.829561355784341));
#7716=DIRECTION('',(0.,1.,0.));
#7717=DIRECTION('center_axis',(0.542671498468754,0.34721002266717,-0.764822100170452));
#7718=DIRECTION('ref_axis',(-0.644241534854886,-0.412196178629742,-0.644241534745206));
#7719=DIRECTION('center_axis',(-5.13933395896313E-16,0.377964472205295,
-0.925820100100755));
#7720=DIRECTION('ref_axis',(-1.,0.,5.55111512312578E-16));
#7721=DIRECTION('center_axis',(-3.7262637420099E-10,-1.,0.));
#7722=DIRECTION('ref_axis',(0.,0.,-1.));
#7723=DIRECTION('center_axis',(-0.925820099808107,0.377964472922133,2.48896224067876E-10));
#7724=DIRECTION('ref_axis',(-0.353553390593275,-0.866025403784438,-0.353553390593275));
#7725=DIRECTION('center_axis',(0.,1.,0.));
#7726=DIRECTION('ref_axis',(-0.707106781186548,0.,-0.707106781186547));
#7727=DIRECTION('',(0.,-1.,0.));
#7728=DIRECTION('',(0.,1.,0.));
#7729=DIRECTION('center_axis',(0.891970625053585,-0.452093357661354,4.95143162611891E-15));
#7730=DIRECTION('ref_axis',(-0.438943079087851,-0.86602540378444,-0.239434695315602));
#7731=DIRECTION('center_axis',(-1.98057265044756E-15,0.452093357661354,
-0.891970625053585));
#7732=DIRECTION('ref_axis',(-0.239434695315605,-0.866025403784439,-0.438943079087851));
#7733=DIRECTION('center_axis',(0.,1.,0.));
#7734=DIRECTION('ref_axis',(0.558415577316077,0.,0.82956135578434));
#7735=DIRECTION('',(0.,1.,0.));
#7736=DIRECTION('',(0.,-1.,0.));
#7737=DIRECTION('center_axis',(-1.1686558153949E-16,0.,-1.));
#7738=DIRECTION('ref_axis',(1.,0.,-1.1686558153949E-16));
#7739=DIRECTION('center_axis',(-1.,0.,0.));
#7740=DIRECTION('ref_axis',(0.,0.,-1.));
#7741=DIRECTION('',(0.,-1.,0.));
#7742=DIRECTION('center_axis',(0.,1.,0.));
#7743=DIRECTION('ref_axis',(0.82956135578434,0.,0.558415577316077));
#7744=DIRECTION('',(0.,1.,0.));
#7745=DIRECTION('center_axis',(0.291466713063461,-0.911095115958284,-0.291466713113081));
#7746=DIRECTION('ref_axis',(-0.644241534745208,-0.412196178629742,0.644241534854885));
#7747=DIRECTION('center_axis',(-0.925820100100755,0.377964472205297,0.));
#7748=DIRECTION('ref_axis',(0.,0.,1.));
#7749=DIRECTION('center_axis',(0.,-1.,3.72626374200991E-10));
#7750=DIRECTION('ref_axis',(-1.,0.,0.));
#7751=DIRECTION('center_axis',(2.4889930766825E-10,0.377964472922133,0.925820099808107));
#7752=DIRECTION('ref_axis',(-0.353553390593276,-0.866025403784437,0.353553390593276));
#7753=DIRECTION('center_axis',(0.,1.,0.));
#7754=DIRECTION('ref_axis',(-0.707106781186548,0.,0.707106781186547));
#7755=DIRECTION('',(0.,-1.,0.));
#7756=DIRECTION('',(0.,1.,0.));
#7757=DIRECTION('center_axis',(4.95143162611892E-15,-0.452093357661353,
-0.891970625053586));
#7758=DIRECTION('ref_axis',(-0.239434695315603,-0.86602540378444,0.43894307908785));
#7759=DIRECTION('center_axis',(-0.891970625053586,0.452093357661353,1.98057265044757E-15));
#7760=DIRECTION('ref_axis',(-0.438943079087851,-0.866025403784439,0.239434695315603));
#7761=DIRECTION('center_axis',(0.,1.,0.));
#7762=DIRECTION('ref_axis',(0.82956135578434,0.,-0.558415577316077));
#7763=DIRECTION('',(0.,1.,0.));
#7764=DIRECTION('',(0.,-1.,0.));
#7765=DIRECTION('center_axis',(-1.,0.,0.));
#7766=DIRECTION('ref_axis',(0.,0.,-1.));
#7767=DIRECTION('center_axis',(2.3373116307898E-16,0.,1.));
#7768=DIRECTION('ref_axis',(-1.,0.,2.3373116307898E-16));
#7769=DIRECTION('',(0.,-1.,0.));
#7770=DIRECTION('center_axis',(0.,1.,0.));
#7771=DIRECTION('ref_axis',(0.558415577316075,0.,-0.829561355784341));
#7772=DIRECTION('',(0.,1.,0.));
#7773=DIRECTION('center_axis',(0.542671498468755,-0.34721002266717,-0.764822100170451));
#7774=DIRECTION('ref_axis',(0.644241534854883,-0.412196178629742,0.644241534745209));
#7775=DIRECTION('center_axis',(0.,0.377964472205298,0.925820100100754));
#7776=DIRECTION('ref_axis',(1.,0.,0.));
#7777=DIRECTION('center_axis',(3.7262637420099E-10,-1.,0.));
#7778=DIRECTION('ref_axis',(0.,0.,1.));
#7779=DIRECTION('center_axis',(0.925820099808107,0.377964472922136,-2.48896738001271E-10));
#7780=DIRECTION('ref_axis',(0.353553390593277,-0.866025403784436,0.353553390593276));
#7781=DIRECTION('center_axis',(0.,1.,0.));
#7782=DIRECTION('ref_axis',(0.707106781186548,0.,0.707106781186547));
#7783=DIRECTION('',(0.,-1.,0.));
#7784=DIRECTION('',(0.,1.,0.));
#7785=DIRECTION('center_axis',(-0.891970625053586,-0.452093357661353,-4.95143162611892E-15));
#7786=DIRECTION('ref_axis',(0.43894307908785,-0.866025403784439,0.239434695315604));
#7787=DIRECTION('center_axis',(2.97085897567135E-15,0.452093357661355,0.891970625053585));
#7788=DIRECTION('ref_axis',(0.239434695315605,-0.866025403784438,0.438943079087852));
#7789=DIRECTION('center_axis',(0.,1.,0.));
#7790=DIRECTION('ref_axis',(-0.558415577316075,0.,-0.829561355784341));
#7791=DIRECTION('',(0.,1.,0.));
#7792=DIRECTION('',(0.,-1.,0.));
#7793=DIRECTION('center_axis',(2.3373116307898E-16,0.,1.));
#7794=DIRECTION('ref_axis',(-1.,0.,2.3373116307898E-16));
#7795=DIRECTION('center_axis',(1.,0.,0.));
#7796=DIRECTION('ref_axis',(0.,0.,1.));
#7797=DIRECTION('',(0.,-1.,0.));
#7798=DIRECTION('center_axis',(0.,1.,0.));
#7799=DIRECTION('ref_axis',(-0.82956135578434,0.,-0.558415577316077));
#7800=DIRECTION('',(0.,1.,0.));
#7801=DIRECTION('center_axis',(0.,1.,0.));
#7802=DIRECTION('ref_axis',(0.989821441880933,0.,0.142314838273285));
#7803=DIRECTION('',(0.,1.,0.));
#7804=DIRECTION('center_axis',(0.,-1.,0.));
#7805=DIRECTION('ref_axis',(0.989821441880933,0.,0.142314838273285));
#7806=DIRECTION('',(0.,1.,0.));
#7807=DIRECTION('center_axis',(0.806100305567966,0.,0.591778926089154));
#7808=DIRECTION('ref_axis',(0.591778926089154,0.,-0.806100305567966));
#7809=DIRECTION('',(-0.591778926089154,0.,0.806100305567966));
#7810=DIRECTION('',(0.,1.,0.));
#7811=DIRECTION('',(0.591778926089154,0.,-0.806100305567966));
#7812=DIRECTION('center_axis',(0.,1.,0.));
#7813=DIRECTION('ref_axis',(-0.989821441880933,0.,-0.142314838273285));
#7814=DIRECTION('',(0.,-1.,0.));
#7815=DIRECTION('center_axis',(0.,1.,0.));
#7816=DIRECTION('ref_axis',(-0.989821441880933,0.,-0.142314838273285));
#7817=DIRECTION('',(0.,1.,0.));
#7818=DIRECTION('center_axis',(0.,1.,0.));
#7819=DIRECTION('ref_axis',(0.959492973614497,0.,0.28173255684143));
#7820=DIRECTION('',(0.,1.,0.));
#7821=DIRECTION('center_axis',(0.,-1.,0.));
#7822=DIRECTION('ref_axis',(0.959492973614497,0.,0.28173255684143));
#7823=DIRECTION('',(0.,1.,0.));
#7824=DIRECTION('center_axis',(0.713676444598028,0.,0.700475504515267));
#7825=DIRECTION('ref_axis',(0.700475504515267,0.,-0.713676444598028));
#7826=DIRECTION('',(-0.700475504515267,0.,0.713676444598028));
#7827=DIRECTION('',(0.,1.,0.));
#7828=DIRECTION('',(0.700475504515267,0.,-0.713676444598028));
#7829=DIRECTION('center_axis',(0.,1.,0.));
#7830=DIRECTION('ref_axis',(-0.959492973614497,0.,-0.28173255684143));
#7831=DIRECTION('center_axis',(0.,1.,0.));
#7832=DIRECTION('ref_axis',(-0.959492973614497,0.,-0.28173255684143));
#7833=DIRECTION('',(0.,1.,0.));
#7834=DIRECTION('center_axis',(0.,1.,0.));
#7835=DIRECTION('ref_axis',(0.909631995354518,0.,0.415415013001886));
#7836=DIRECTION('',(0.,1.,0.));
#7837=DIRECTION('center_axis',(0.,-1.,0.));
#7838=DIRECTION('ref_axis',(0.909631995354518,0.,0.415415013001886));
#7839=DIRECTION('',(0.,1.,0.));
#7840=DIRECTION('center_axis',(0.60672418928899,0.,0.794912421673997));
#7841=DIRECTION('ref_axis',(0.794912421673997,0.,-0.60672418928899));
#7842=DIRECTION('',(-0.794912421673997,0.,0.60672418928899));
#7843=DIRECTION('',(0.,1.,0.));
#7844=DIRECTION('',(0.794912421673997,0.,-0.60672418928899));
#7845=DIRECTION('center_axis',(0.,1.,0.));
#7846=DIRECTION('ref_axis',(-0.909631995354518,0.,-0.415415013001887));
#7847=DIRECTION('center_axis',(0.,1.,0.));
#7848=DIRECTION('ref_axis',(-0.909631995354518,0.,-0.415415013001887));
#7849=DIRECTION('',(0.,1.,0.));
#7850=DIRECTION('center_axis',(0.,1.,0.));
#7851=DIRECTION('ref_axis',(0.841253532831181,0.,0.540640817455597));
#7852=DIRECTION('',(0.,1.,0.));
#7853=DIRECTION('center_axis',(0.,-1.,0.));
#7854=DIRECTION('ref_axis',(0.841253532831181,0.,0.540640817455597));
#7855=DIRECTION('',(0.,1.,0.));
#7856=DIRECTION('center_axis',(0.487420779134108,0.,0.873167214265572));
#7857=DIRECTION('ref_axis',(0.873167214265572,0.,-0.487420779134108));
#7858=DIRECTION('',(-0.873167214265572,0.,0.487420779134108));
#7859=DIRECTION('',(0.,1.,0.));
#7860=DIRECTION('',(0.873167214265572,0.,-0.487420779134108));
#7861=DIRECTION('center_axis',(0.,1.,0.));
#7862=DIRECTION('ref_axis',(-0.841253532831181,0.,-0.540640817455597));
#7863=DIRECTION('center_axis',(0.,1.,0.));
#7864=DIRECTION('ref_axis',(-0.841253532831181,0.,-0.540640817455597));
#7865=DIRECTION('',(0.,1.,0.));
#7866=DIRECTION('center_axis',(0.,1.,0.));
#7867=DIRECTION('ref_axis',(0.755749574354258,0.,0.654860733945285));
#7868=DIRECTION('',(0.,1.,0.));
#7869=DIRECTION('center_axis',(0.,-1.,0.));
#7870=DIRECTION('ref_axis',(0.755749574354258,0.,0.654860733945285));
#7871=DIRECTION('',(0.,1.,0.));
#7872=DIRECTION('center_axis',(0.35819488752151,0.,0.933646840381015));
#7873=DIRECTION('ref_axis',(0.933646840381015,0.,-0.35819488752151));
#7874=DIRECTION('',(-0.933646840381015,0.,0.35819488752151));
#7875=DIRECTION('',(0.,1.,0.));
#7876=DIRECTION('',(0.933646840381015,0.,-0.35819488752151));
#7877=DIRECTION('center_axis',(0.,1.,0.));
#7878=DIRECTION('ref_axis',(-0.755749574354258,0.,-0.654860733945285));
#7879=DIRECTION('center_axis',(0.,1.,0.));
#7880=DIRECTION('ref_axis',(-0.755749574354258,0.,-0.654860733945285));
#7881=DIRECTION('',(0.,1.,0.));
#7882=DIRECTION('center_axis',(0.,1.,0.));
#7883=DIRECTION('ref_axis',(0.654860733945285,0.,0.755749574354258));
#7884=DIRECTION('',(0.,1.,0.));
#7885=DIRECTION('center_axis',(0.,-1.,0.));
#7886=DIRECTION('ref_axis',(0.654860733945285,0.,0.755749574354258));
#7887=DIRECTION('',(0.,1.,0.));
#7888=DIRECTION('center_axis',(0.221677180947732,0.,0.975120109241455));
#7889=DIRECTION('ref_axis',(0.975120109241455,0.,-0.221677180947732));
#7890=DIRECTION('',(-0.975120109241455,0.,0.221677180947732));
#7891=DIRECTION('',(0.,1.,0.));
#7892=DIRECTION('',(0.975120109241455,0.,-0.221677180947732));
#7893=DIRECTION('center_axis',(0.,1.,0.));
#7894=DIRECTION('ref_axis',(-0.654860733945285,0.,-0.755749574354258));
#7895=DIRECTION('center_axis',(0.,1.,0.));
#7896=DIRECTION('ref_axis',(-0.654860733945285,0.,-0.755749574354258));
#7897=DIRECTION('',(0.,1.,0.));
#7898=DIRECTION('center_axis',(0.,1.,0.));
#7899=DIRECTION('ref_axis',(0.540640817455597,0.,0.841253532831182));
#7900=DIRECTION('',(0.,1.,0.));
#7901=DIRECTION('center_axis',(0.,-1.,0.));
#7902=DIRECTION('ref_axis',(0.540640817455597,0.,0.841253532831182));
#7903=DIRECTION('',(0.,1.,0.));
#7904=DIRECTION('center_axis',(0.0806467662340582,0.,0.996742744691924));
#7905=DIRECTION('ref_axis',(0.996742744691923,0.,-0.0806467662340581));
#7906=DIRECTION('',(-0.996742744691923,0.,0.0806467662340581));
#7907=DIRECTION('',(0.,1.,0.));
#7908=DIRECTION('',(0.996742744691924,0.,-0.0806467662340582));
#7909=DIRECTION('center_axis',(0.,1.,0.));
#7910=DIRECTION('ref_axis',(-0.540640817455597,0.,-0.841253532831181));
#7911=DIRECTION('center_axis',(0.,1.,0.));
#7912=DIRECTION('ref_axis',(-0.540640817455597,0.,-0.841253532831181));
#7913=DIRECTION('',(0.,1.,0.));
#7914=DIRECTION('center_axis',(0.,1.,0.));
#7915=DIRECTION('ref_axis',(0.415415013001886,0.,0.909631995354519));
#7916=DIRECTION('',(0.,1.,0.));
#7917=DIRECTION('center_axis',(0.,-1.,0.));
#7918=DIRECTION('ref_axis',(0.415415013001886,0.,0.909631995354519));
#7919=DIRECTION('',(0.,1.,0.));
#7920=DIRECTION('center_axis',(-0.0620253840740714,0.,0.998074572229182));
#7921=DIRECTION('ref_axis',(0.998074572229182,0.,0.0620253840740714));
#7922=DIRECTION('',(-0.998074572229182,0.,-0.0620253840740714));
#7923=DIRECTION('',(0.,1.,0.));
#7924=DIRECTION('',(0.998074572229182,0.,0.0620253840740714));
#7925=DIRECTION('center_axis',(0.,1.,0.));
#7926=DIRECTION('ref_axis',(-0.415415013001886,0.,-0.909631995354519));
#7927=DIRECTION('center_axis',(0.,1.,0.));
#7928=DIRECTION('ref_axis',(-0.415415013001886,0.,-0.909631995354519));
#7929=DIRECTION('',(0.,1.,0.));
#7930=DIRECTION('center_axis',(0.,1.,0.));
#7931=DIRECTION('ref_axis',(0.281732556841429,0.,0.959492973614498));
#7932=DIRECTION('',(0.,1.,0.));
#7933=DIRECTION('center_axis',(0.,-1.,0.));
#7934=DIRECTION('ref_axis',(0.281732556841429,0.,0.959492973614498));
#7935=DIRECTION('',(0.,1.,0.));
#7936=DIRECTION('center_axis',(-0.20343487642889,0.,0.979088479685244));
#7937=DIRECTION('ref_axis',(0.979088479685244,0.,0.20343487642889));
#7938=DIRECTION('',(-0.979088479685244,0.,-0.20343487642889));
#7939=DIRECTION('',(0.,1.,0.));
#7940=DIRECTION('',(0.979088479685244,0.,0.20343487642889));
#7941=DIRECTION('center_axis',(0.,1.,0.));
#7942=DIRECTION('ref_axis',(-0.281732556841429,0.,-0.959492973614497));
#7943=DIRECTION('center_axis',(0.,1.,0.));
#7944=DIRECTION('ref_axis',(-0.281732556841429,0.,-0.959492973614497));
#7945=DIRECTION('',(0.,1.,0.));
#7946=DIRECTION('center_axis',(0.,1.,0.));
#7947=DIRECTION('ref_axis',(0.142314838273285,0.,0.989821441880933));
#7948=DIRECTION('',(0.,1.,0.));
#7949=DIRECTION('center_axis',(0.,-1.,0.));
#7950=DIRECTION('ref_axis',(0.142314838273285,0.,0.989821441880933));
#7951=DIRECTION('',(0.,1.,0.));
#7952=DIRECTION('center_axis',(-0.340703021357356,0.,0.940170969152935));
#7953=DIRECTION('ref_axis',(0.940170969152935,0.,0.340703021357355));
#7954=DIRECTION('',(-0.940170969152935,0.,-0.340703021357355));
#7955=DIRECTION('',(0.,1.,0.));
#7956=DIRECTION('',(0.940170969152935,0.,0.340703021357355));
#7957=DIRECTION('center_axis',(0.,1.,0.));
#7958=DIRECTION('ref_axis',(-0.142314838273285,0.,-0.989821441880933));
#7959=DIRECTION('center_axis',(0.,1.,0.));
#7960=DIRECTION('ref_axis',(-0.142314838273285,0.,-0.989821441880933));
#7961=DIRECTION('',(0.,1.,0.));
#7962=DIRECTION('center_axis',(0.,1.,0.));
#7963=DIRECTION('ref_axis',(-2.05439098977311E-16,0.,1.));
#7964=DIRECTION('',(0.,1.,0.));
#7965=DIRECTION('center_axis',(0.,-1.,0.));
#7966=DIRECTION('ref_axis',(-2.05439098977311E-16,0.,1.));
#7967=DIRECTION('',(0.,1.,0.));
#7968=DIRECTION('center_axis',(-0.471035435277365,0.,0.882114288917861));
#7969=DIRECTION('ref_axis',(0.882114288917861,0.,0.471035435277365));
#7970=DIRECTION('',(-0.882114288917861,0.,-0.471035435277365));
#7971=DIRECTION('',(0.,1.,0.));
#7972=DIRECTION('',(0.882114288917861,0.,0.471035435277365));
#7973=DIRECTION('center_axis',(0.,1.,0.));
#7974=DIRECTION('ref_axis',(1.88824299925085E-16,0.,-1.));
#7975=DIRECTION('center_axis',(0.,1.,0.));
#7976=DIRECTION('ref_axis',(1.88824299925085E-16,0.,-1.));
#7977=DIRECTION('',(0.,1.,0.));
#7978=DIRECTION('center_axis',(0.,1.,0.));
#7979=DIRECTION('ref_axis',(-0.142314838273285,0.,0.989821441880933));
#7980=DIRECTION('',(0.,1.,0.));
#7981=DIRECTION('center_axis',(0.,-1.,0.));
#7982=DIRECTION('ref_axis',(-0.142314838273285,0.,0.989821441880933));
#7983=DIRECTION('',(0.,1.,0.));
#7984=DIRECTION('center_axis',(-0.591778926089154,0.,0.806100305567966));
#7985=DIRECTION('ref_axis',(0.806100305567966,0.,0.591778926089154));
#7986=DIRECTION('',(-0.806100305567966,0.,-0.591778926089154));
#7987=DIRECTION('',(0.,1.,0.));
#7988=DIRECTION('',(0.806100305567966,0.,0.591778926089154));
#7989=DIRECTION('center_axis',(0.,1.,0.));
#7990=DIRECTION('ref_axis',(0.142314838273285,0.,-0.989821441880933));
#7991=DIRECTION('center_axis',(0.,1.,0.));
#7992=DIRECTION('ref_axis',(0.142314838273285,0.,-0.989821441880933));
#7993=DIRECTION('',(0.,1.,0.));
#7994=DIRECTION('center_axis',(0.,1.,0.));
#7995=DIRECTION('ref_axis',(-0.28173255684143,0.,0.959492973614497));
#7996=DIRECTION('',(0.,1.,0.));
#7997=DIRECTION('center_axis',(0.,-1.,0.));
#7998=DIRECTION('ref_axis',(-0.28173255684143,0.,0.959492973614497));
#7999=DIRECTION('',(0.,1.,0.));
#8000=DIRECTION('center_axis',(-0.700475504515267,0.,0.713676444598028));
#8001=DIRECTION('ref_axis',(0.713676444598028,0.,0.700475504515267));
#8002=DIRECTION('',(-0.713676444598028,0.,-0.700475504515267));
#8003=DIRECTION('',(0.,1.,0.));
#8004=DIRECTION('',(0.713676444598028,0.,0.700475504515267));
#8005=DIRECTION('center_axis',(0.,1.,0.));
#8006=DIRECTION('ref_axis',(0.28173255684143,0.,-0.959492973614497));
#8007=DIRECTION('center_axis',(0.,1.,0.));
#8008=DIRECTION('ref_axis',(0.28173255684143,0.,-0.959492973614497));
#8009=DIRECTION('',(0.,1.,0.));
#8010=DIRECTION('center_axis',(0.,1.,0.));
#8011=DIRECTION('ref_axis',(-0.415415013001886,0.,0.909631995354518));
#8012=DIRECTION('',(0.,1.,0.));
#8013=DIRECTION('center_axis',(0.,-1.,0.));
#8014=DIRECTION('ref_axis',(-0.415415013001886,0.,0.909631995354518));
#8015=DIRECTION('',(0.,1.,0.));
#8016=DIRECTION('center_axis',(-0.794912421673997,0.,0.60672418928899));
#8017=DIRECTION('ref_axis',(0.60672418928899,0.,0.794912421673997));
#8018=DIRECTION('',(-0.60672418928899,0.,-0.794912421673997));
#8019=DIRECTION('',(0.,1.,0.));
#8020=DIRECTION('',(0.60672418928899,0.,0.794912421673997));
#8021=DIRECTION('center_axis',(0.,1.,0.));
#8022=DIRECTION('ref_axis',(0.415415013001886,0.,-0.909631995354518));
#8023=DIRECTION('center_axis',(0.,1.,0.));
#8024=DIRECTION('ref_axis',(0.415415013001886,0.,-0.909631995354518));
#8025=DIRECTION('',(0.,1.,0.));
#8026=DIRECTION('center_axis',(0.,1.,0.));
#8027=DIRECTION('ref_axis',(-0.540640817455597,0.,0.841253532831181));
#8028=DIRECTION('',(0.,1.,0.));
#8029=DIRECTION('center_axis',(0.,-1.,0.));
#8030=DIRECTION('ref_axis',(-0.540640817455597,0.,0.841253532831181));
#8031=DIRECTION('',(0.,1.,0.));
#8032=DIRECTION('center_axis',(-0.873167214265572,0.,0.487420779134108));
#8033=DIRECTION('ref_axis',(0.487420779134108,0.,0.873167214265572));
#8034=DIRECTION('',(-0.487420779134108,0.,-0.873167214265572));
#8035=DIRECTION('',(0.,1.,0.));
#8036=DIRECTION('',(0.487420779134108,0.,0.873167214265572));
#8037=DIRECTION('center_axis',(0.,1.,0.));
#8038=DIRECTION('ref_axis',(0.540640817455597,0.,-0.841253532831181));
#8039=DIRECTION('center_axis',(0.,1.,0.));
#8040=DIRECTION('ref_axis',(0.540640817455597,0.,-0.841253532831181));
#8041=DIRECTION('',(0.,1.,0.));
#8042=DIRECTION('center_axis',(0.,1.,0.));
#8043=DIRECTION('ref_axis',(-0.654860733945285,0.,0.755749574354258));
#8044=DIRECTION('',(0.,1.,0.));
#8045=DIRECTION('center_axis',(0.,-1.,0.));
#8046=DIRECTION('ref_axis',(-0.654860733945285,0.,0.755749574354258));
#8047=DIRECTION('',(0.,1.,0.));
#8048=DIRECTION('center_axis',(-0.933646840381015,0.,0.35819488752151));
#8049=DIRECTION('ref_axis',(0.35819488752151,0.,0.933646840381015));
#8050=DIRECTION('',(-0.35819488752151,0.,-0.933646840381015));
#8051=DIRECTION('',(0.,1.,0.));
#8052=DIRECTION('',(0.35819488752151,0.,0.933646840381015));
#8053=DIRECTION('center_axis',(0.,1.,0.));
#8054=DIRECTION('ref_axis',(0.654860733945285,0.,-0.755749574354258));
#8055=DIRECTION('center_axis',(0.,1.,0.));
#8056=DIRECTION('ref_axis',(0.654860733945285,0.,-0.755749574354258));
#8057=DIRECTION('',(0.,1.,0.));
#8058=DIRECTION('center_axis',(0.,1.,0.));
#8059=DIRECTION('ref_axis',(-0.755749574354258,0.,0.654860733945285));
#8060=DIRECTION('',(0.,1.,0.));
#8061=DIRECTION('center_axis',(0.,-1.,0.));
#8062=DIRECTION('ref_axis',(-0.755749574354258,0.,0.654860733945285));
#8063=DIRECTION('',(0.,1.,0.));
#8064=DIRECTION('center_axis',(-0.975120109241455,0.,0.221677180947732));
#8065=DIRECTION('ref_axis',(0.221677180947732,0.,0.975120109241455));
#8066=DIRECTION('',(-0.221677180947732,0.,-0.975120109241455));
#8067=DIRECTION('',(0.,1.,0.));
#8068=DIRECTION('',(0.221677180947732,0.,0.975120109241455));
#8069=DIRECTION('center_axis',(0.,1.,0.));
#8070=DIRECTION('ref_axis',(0.755749574354258,0.,-0.654860733945285));
#8071=DIRECTION('center_axis',(0.,1.,0.));
#8072=DIRECTION('ref_axis',(0.755749574354258,0.,-0.654860733945285));
#8073=DIRECTION('',(0.,1.,0.));
#8074=DIRECTION('center_axis',(0.,1.,0.));
#8075=DIRECTION('ref_axis',(-0.841253532831181,0.,0.540640817455597));
#8076=DIRECTION('',(0.,1.,0.));
#8077=DIRECTION('center_axis',(0.,-1.,0.));
#8078=DIRECTION('ref_axis',(-0.841253532831181,0.,0.540640817455597));
#8079=DIRECTION('',(0.,1.,0.));
#8080=DIRECTION('center_axis',(-0.996742744691924,0.,0.0806467662340586));
#8081=DIRECTION('ref_axis',(0.0806467662340586,0.,0.996742744691924));
#8082=DIRECTION('',(-0.0806467662340586,0.,-0.996742744691924));
#8083=DIRECTION('',(0.,1.,0.));
#8084=DIRECTION('',(0.0806467662340586,0.,0.996742744691924));
#8085=DIRECTION('center_axis',(0.,1.,0.));
#8086=DIRECTION('ref_axis',(0.841253532831181,0.,-0.540640817455598));
#8087=DIRECTION('center_axis',(0.,1.,0.));
#8088=DIRECTION('ref_axis',(0.841253532831181,0.,-0.540640817455598));
#8089=DIRECTION('',(0.,1.,0.));
#8090=DIRECTION('center_axis',(0.,1.,0.));
#8091=DIRECTION('ref_axis',(-0.909631995354518,0.,0.415415013001886));
#8092=DIRECTION('',(0.,1.,0.));
#8093=DIRECTION('center_axis',(0.,-1.,0.));
#8094=DIRECTION('ref_axis',(-0.909631995354518,0.,0.415415013001886));
#8095=DIRECTION('',(0.,1.,0.));
#8096=DIRECTION('center_axis',(-0.998074572229182,0.,-0.0620253840740709));
#8097=DIRECTION('ref_axis',(-0.0620253840740709,0.,0.998074572229182));
#8098=DIRECTION('',(0.0620253840740709,0.,-0.998074572229182));
#8099=DIRECTION('',(0.,1.,0.));
#8100=DIRECTION('',(-0.0620253840740709,0.,0.998074572229182));
#8101=DIRECTION('center_axis',(0.,1.,0.));
#8102=DIRECTION('ref_axis',(0.909631995354518,0.,-0.415415013001887));
#8103=DIRECTION('center_axis',(0.,1.,0.));
#8104=DIRECTION('ref_axis',(0.909631995354518,0.,-0.415415013001887));
#8105=DIRECTION('',(0.,1.,0.));
#8106=DIRECTION('center_axis',(0.,1.,0.));
#8107=DIRECTION('ref_axis',(-0.959492973614498,0.,0.281732556841429));
#8108=DIRECTION('',(0.,1.,0.));
#8109=DIRECTION('center_axis',(0.,-1.,0.));
#8110=DIRECTION('ref_axis',(-0.959492973614498,0.,0.281732556841429));
#8111=DIRECTION('',(0.,1.,0.));
#8112=DIRECTION('center_axis',(-0.979088479685244,0.,-0.20343487642889));
#8113=DIRECTION('ref_axis',(-0.20343487642889,0.,0.979088479685244));
#8114=DIRECTION('',(0.20343487642889,0.,-0.979088479685244));
#8115=DIRECTION('',(0.,1.,0.));
#8116=DIRECTION('',(-0.20343487642889,0.,0.979088479685244));
#8117=DIRECTION('center_axis',(0.,1.,0.));
#8118=DIRECTION('ref_axis',(0.959492973614497,0.,-0.281732556841429));
#8119=DIRECTION('center_axis',(0.,1.,0.));
#8120=DIRECTION('ref_axis',(0.959492973614497,0.,-0.281732556841429));
#8121=DIRECTION('',(0.,1.,0.));
#8122=DIRECTION('center_axis',(0.,1.,0.));
#8123=DIRECTION('ref_axis',(-0.989821441880933,0.,0.142314838273285));
#8124=DIRECTION('',(0.,1.,0.));
#8125=DIRECTION('center_axis',(0.,-1.,0.));
#8126=DIRECTION('ref_axis',(-0.989821441880933,0.,0.142314838273285));
#8127=DIRECTION('',(0.,1.,0.));
#8128=DIRECTION('center_axis',(-0.940170969152935,0.,-0.340703021357355));
#8129=DIRECTION('ref_axis',(-0.340703021357355,0.,0.940170969152935));
#8130=DIRECTION('',(0.340703021357355,0.,-0.940170969152935));
#8131=DIRECTION('',(0.,1.,0.));
#8132=DIRECTION('',(-0.340703021357355,0.,0.940170969152935));
#8133=DIRECTION('center_axis',(0.,1.,0.));
#8134=DIRECTION('ref_axis',(0.989821441880933,0.,-0.142314838273285));
#8135=DIRECTION('center_axis',(0.,1.,0.));
#8136=DIRECTION('ref_axis',(0.989821441880933,0.,-0.142314838273285));
#8137=DIRECTION('',(0.,1.,0.));
#8138=DIRECTION('center_axis',(0.,1.,0.));
#8139=DIRECTION('ref_axis',(-1.,0.,-1.10621053295475E-16));
#8140=DIRECTION('',(0.,1.,0.));
#8141=DIRECTION('center_axis',(0.,-1.,0.));
#8142=DIRECTION('ref_axis',(-1.,0.,-1.10621053295475E-16));
#8143=DIRECTION('',(0.,1.,0.));
#8144=DIRECTION('center_axis',(-0.882114288917861,0.,-0.471035435277365));
#8145=DIRECTION('ref_axis',(-0.471035435277365,0.,0.882114288917861));
#8146=DIRECTION('',(0.471035435277365,0.,-0.882114288917861));
#8147=DIRECTION('',(0.,1.,0.));
#8148=DIRECTION('',(-0.471035435277365,0.,0.882114288917861));
#8149=DIRECTION('center_axis',(0.,1.,0.));
#8150=DIRECTION('ref_axis',(1.,0.,1.0490238884727E-16));
#8151=DIRECTION('center_axis',(0.,1.,0.));
#8152=DIRECTION('ref_axis',(1.,0.,1.0490238884727E-16));
#8153=DIRECTION('',(0.,1.,0.));
#8154=DIRECTION('center_axis',(0.,1.,0.));
#8155=DIRECTION('ref_axis',(-0.989821441880933,0.,-0.142314838273285));
#8156=DIRECTION('',(0.,1.,0.));
#8157=DIRECTION('center_axis',(0.,-1.,0.));
#8158=DIRECTION('ref_axis',(-0.989821441880933,0.,-0.142314838273285));
#8159=DIRECTION('',(0.,1.,0.));
#8160=DIRECTION('center_axis',(-0.806100305567966,0.,-0.591778926089154));
#8161=DIRECTION('ref_axis',(-0.591778926089154,0.,0.806100305567966));
#8162=DIRECTION('',(0.591778926089154,0.,-0.806100305567966));
#8163=DIRECTION('',(0.,1.,0.));
#8164=DIRECTION('',(-0.591778926089154,0.,0.806100305567966));
#8165=DIRECTION('center_axis',(0.,1.,0.));
#8166=DIRECTION('ref_axis',(0.989821441880933,0.,0.142314838273285));
#8167=DIRECTION('center_axis',(0.,1.,0.));
#8168=DIRECTION('ref_axis',(0.989821441880933,0.,0.142314838273285));
#8169=DIRECTION('',(0.,1.,0.));
#8170=DIRECTION('center_axis',(0.,1.,0.));
#8171=DIRECTION('ref_axis',(-0.959492973614497,0.,-0.28173255684143));
#8172=DIRECTION('',(0.,1.,0.));
#8173=DIRECTION('center_axis',(0.,-1.,0.));
#8174=DIRECTION('ref_axis',(-0.959492973614497,0.,-0.28173255684143));
#8175=DIRECTION('',(0.,1.,0.));
#8176=DIRECTION('center_axis',(-0.713676444598028,0.,-0.700475504515267));
#8177=DIRECTION('ref_axis',(-0.700475504515267,0.,0.713676444598028));
#8178=DIRECTION('',(0.700475504515267,0.,-0.713676444598028));
#8179=DIRECTION('',(0.,1.,0.));
#8180=DIRECTION('',(-0.700475504515267,0.,0.713676444598028));
#8181=DIRECTION('center_axis',(0.,1.,0.));
#8182=DIRECTION('ref_axis',(0.959492973614497,0.,0.28173255684143));
#8183=DIRECTION('center_axis',(0.,1.,0.));
#8184=DIRECTION('ref_axis',(0.959492973614497,0.,0.28173255684143));
#8185=DIRECTION('',(0.,1.,0.));
#8186=DIRECTION('center_axis',(0.,1.,0.));
#8187=DIRECTION('ref_axis',(-0.909631995354518,0.,-0.415415013001886));
#8188=DIRECTION('',(0.,1.,0.));
#8189=DIRECTION('center_axis',(0.,-1.,0.));
#8190=DIRECTION('ref_axis',(-0.909631995354518,0.,-0.415415013001886));
#8191=DIRECTION('',(0.,1.,0.));
#8192=DIRECTION('center_axis',(-0.60672418928899,0.,-0.794912421673997));
#8193=DIRECTION('ref_axis',(-0.794912421673997,0.,0.60672418928899));
#8194=DIRECTION('',(0.794912421673997,0.,-0.60672418928899));
#8195=DIRECTION('',(0.,1.,0.));
#8196=DIRECTION('',(-0.794912421673997,0.,0.60672418928899));
#8197=DIRECTION('center_axis',(0.,1.,0.));
#8198=DIRECTION('ref_axis',(0.909631995354518,0.,0.415415013001886));
#8199=DIRECTION('center_axis',(0.,1.,0.));
#8200=DIRECTION('ref_axis',(0.909631995354518,0.,0.415415013001886));
#8201=DIRECTION('',(0.,1.,0.));
#8202=DIRECTION('center_axis',(0.,1.,0.));
#8203=DIRECTION('ref_axis',(-0.841253532831181,0.,-0.540640817455598));
#8204=DIRECTION('',(0.,1.,0.));
#8205=DIRECTION('center_axis',(0.,-1.,0.));
#8206=DIRECTION('ref_axis',(-0.841253532831181,0.,-0.540640817455598));
#8207=DIRECTION('',(0.,1.,0.));
#8208=DIRECTION('center_axis',(-0.487420779134107,0.,-0.873167214265572));
#8209=DIRECTION('ref_axis',(-0.873167214265572,0.,0.487420779134107));
#8210=DIRECTION('',(0.873167214265572,0.,-0.487420779134107));
#8211=DIRECTION('',(0.,1.,0.));
#8212=DIRECTION('',(-0.873167214265572,0.,0.487420779134107));
#8213=DIRECTION('center_axis',(0.,1.,0.));
#8214=DIRECTION('ref_axis',(0.841253532831181,0.,0.540640817455598));
#8215=DIRECTION('center_axis',(0.,1.,0.));
#8216=DIRECTION('ref_axis',(0.841253532831181,0.,0.540640817455598));
#8217=DIRECTION('',(0.,1.,0.));
#8218=DIRECTION('center_axis',(0.,1.,0.));
#8219=DIRECTION('ref_axis',(-0.755749574354258,0.,-0.654860733945285));
#8220=DIRECTION('',(0.,1.,0.));
#8221=DIRECTION('center_axis',(0.,-1.,0.));
#8222=DIRECTION('ref_axis',(-0.755749574354258,0.,-0.654860733945285));
#8223=DIRECTION('',(0.,1.,0.));
#8224=DIRECTION('center_axis',(-0.35819488752151,0.,-0.933646840381015));
#8225=DIRECTION('ref_axis',(-0.933646840381015,0.,0.35819488752151));
#8226=DIRECTION('',(0.933646840381015,0.,-0.35819488752151));
#8227=DIRECTION('',(0.,1.,0.));
#8228=DIRECTION('',(-0.933646840381015,0.,0.35819488752151));
#8229=DIRECTION('center_axis',(0.,1.,0.));
#8230=DIRECTION('ref_axis',(0.755749574354258,0.,0.654860733945285));
#8231=DIRECTION('center_axis',(0.,1.,0.));
#8232=DIRECTION('ref_axis',(0.755749574354258,0.,0.654860733945285));
#8233=DIRECTION('',(0.,1.,0.));
#8234=DIRECTION('center_axis',(0.,1.,0.));
#8235=DIRECTION('ref_axis',(-0.654860733945285,0.,-0.755749574354258));
#8236=DIRECTION('',(0.,1.,0.));
#8237=DIRECTION('center_axis',(0.,-1.,0.));
#8238=DIRECTION('ref_axis',(-0.654860733945285,0.,-0.755749574354258));
#8239=DIRECTION('',(0.,1.,0.));
#8240=DIRECTION('center_axis',(-0.221677180947732,0.,-0.975120109241455));
#8241=DIRECTION('ref_axis',(-0.975120109241455,0.,0.221677180947732));
#8242=DIRECTION('',(0.975120109241455,0.,-0.221677180947732));
#8243=DIRECTION('',(0.,1.,0.));
#8244=DIRECTION('',(-0.975120109241455,0.,0.221677180947732));
#8245=DIRECTION('center_axis',(0.,1.,0.));
#8246=DIRECTION('ref_axis',(0.654860733945285,0.,0.755749574354258));
#8247=DIRECTION('center_axis',(0.,1.,0.));
#8248=DIRECTION('ref_axis',(0.654860733945285,0.,0.755749574354258));
#8249=DIRECTION('',(0.,1.,0.));
#8250=DIRECTION('center_axis',(0.,1.,0.));
#8251=DIRECTION('ref_axis',(-0.540640817455598,0.,-0.841253532831181));
#8252=DIRECTION('',(0.,1.,0.));
#8253=DIRECTION('center_axis',(0.,-1.,0.));
#8254=DIRECTION('ref_axis',(-0.540640817455598,0.,-0.841253532831181));
#8255=DIRECTION('',(0.,1.,0.));
#8256=DIRECTION('center_axis',(-0.0806467662340587,0.,-0.996742744691924));
#8257=DIRECTION('ref_axis',(-0.996742744691924,0.,0.0806467662340587));
#8258=DIRECTION('',(0.996742744691924,0.,-0.0806467662340587));
#8259=DIRECTION('',(0.,1.,0.));
#8260=DIRECTION('',(-0.996742744691924,0.,0.0806467662340587));
#8261=DIRECTION('center_axis',(0.,1.,0.));
#8262=DIRECTION('ref_axis',(0.540640817455598,0.,0.841253532831181));
#8263=DIRECTION('center_axis',(0.,1.,0.));
#8264=DIRECTION('ref_axis',(0.540640817455598,0.,0.841253532831181));
#8265=DIRECTION('',(0.,1.,0.));
#8266=DIRECTION('center_axis',(0.,1.,0.));
#8267=DIRECTION('ref_axis',(-0.415415013001886,0.,-0.909631995354518));
#8268=DIRECTION('',(0.,1.,0.));
#8269=DIRECTION('center_axis',(0.,-1.,0.));
#8270=DIRECTION('ref_axis',(-0.415415013001886,0.,-0.909631995354518));
#8271=DIRECTION('',(0.,1.,0.));
#8272=DIRECTION('center_axis',(0.0620253840740711,0.,-0.998074572229182));
#8273=DIRECTION('ref_axis',(-0.998074572229182,0.,-0.0620253840740711));
#8274=DIRECTION('',(0.998074572229182,0.,0.0620253840740711));
#8275=DIRECTION('',(0.,1.,0.));
#8276=DIRECTION('',(-0.998074572229182,0.,-0.0620253840740711));
#8277=DIRECTION('center_axis',(0.,1.,0.));
#8278=DIRECTION('ref_axis',(0.415415013001886,0.,0.909631995354518));
#8279=DIRECTION('center_axis',(0.,1.,0.));
#8280=DIRECTION('ref_axis',(0.415415013001886,0.,0.909631995354518));
#8281=DIRECTION('',(0.,1.,0.));
#8282=DIRECTION('center_axis',(0.,1.,0.));
#8283=DIRECTION('ref_axis',(-0.28173255684143,0.,-0.959492973614497));
#8284=DIRECTION('',(0.,1.,0.));
#8285=DIRECTION('center_axis',(0.,-1.,0.));
#8286=DIRECTION('ref_axis',(-0.28173255684143,0.,-0.959492973614497));
#8287=DIRECTION('',(0.,1.,0.));
#8288=DIRECTION('center_axis',(0.20343487642889,0.,-0.979088479685244));
#8289=DIRECTION('ref_axis',(-0.979088479685244,0.,-0.20343487642889));
#8290=DIRECTION('',(0.979088479685244,0.,0.20343487642889));
#8291=DIRECTION('',(0.,1.,0.));
#8292=DIRECTION('',(-0.979088479685244,0.,-0.20343487642889));
#8293=DIRECTION('center_axis',(0.,1.,0.));
#8294=DIRECTION('ref_axis',(0.28173255684143,0.,0.959492973614497));
#8295=DIRECTION('center_axis',(0.,1.,0.));
#8296=DIRECTION('ref_axis',(0.28173255684143,0.,0.959492973614497));
#8297=DIRECTION('',(0.,1.,0.));
#8298=DIRECTION('center_axis',(0.,1.,0.));
#8299=DIRECTION('ref_axis',(-0.142314838273285,0.,-0.989821441880933));
#8300=DIRECTION('',(0.,1.,0.));
#8301=DIRECTION('center_axis',(0.,-1.,0.));
#8302=DIRECTION('ref_axis',(-0.142314838273285,0.,-0.989821441880933));
#8303=DIRECTION('',(0.,1.,0.));
#8304=DIRECTION('center_axis',(0.340703021357355,0.,-0.940170969152935));
#8305=DIRECTION('ref_axis',(-0.940170969152935,0.,-0.340703021357355));
#8306=DIRECTION('',(0.940170969152935,0.,0.340703021357355));
#8307=DIRECTION('',(0.,1.,0.));
#8308=DIRECTION('',(-0.940170969152935,0.,-0.340703021357355));
#8309=DIRECTION('center_axis',(0.,1.,0.));
#8310=DIRECTION('ref_axis',(0.142314838273285,0.,0.989821441880933));
#8311=DIRECTION('center_axis',(0.,1.,0.));
#8312=DIRECTION('ref_axis',(0.142314838273285,0.,0.989821441880933));
#8313=DIRECTION('',(0.,1.,0.));
#8314=DIRECTION('center_axis',(0.,1.,0.));
#8315=DIRECTION('ref_axis',(6.32120304545573E-17,0.,-1.));
#8316=DIRECTION('',(0.,1.,0.));
#8317=DIRECTION('center_axis',(0.,-1.,0.));
#8318=DIRECTION('ref_axis',(6.32120304545573E-17,0.,-1.));
#8319=DIRECTION('',(0.,1.,0.));
#8320=DIRECTION('center_axis',(0.471035435277365,0.,-0.882114288917861));
#8321=DIRECTION('ref_axis',(-0.882114288917861,0.,-0.471035435277365));
#8322=DIRECTION('',(0.882114288917861,0.,0.471035435277365));
#8323=DIRECTION('',(0.,1.,0.));
#8324=DIRECTION('',(-0.882114288917861,0.,-0.471035435277365));
#8325=DIRECTION('center_axis',(0.,1.,0.));
#8326=DIRECTION('ref_axis',(-4.19609555389079E-17,0.,1.));
#8327=DIRECTION('center_axis',(0.,1.,0.));
#8328=DIRECTION('ref_axis',(-4.19609555389079E-17,0.,1.));
#8329=DIRECTION('',(0.,1.,0.));
#8330=DIRECTION('center_axis',(0.,1.,0.));
#8331=DIRECTION('ref_axis',(0.142314838273285,0.,-0.989821441880933));
#8332=DIRECTION('',(0.,1.,0.));
#8333=DIRECTION('center_axis',(0.,-1.,0.));
#8334=DIRECTION('ref_axis',(0.142314838273285,0.,-0.989821441880933));
#8335=DIRECTION('',(0.,1.,0.));
#8336=DIRECTION('center_axis',(0.591778926089154,0.,-0.806100305567966));
#8337=DIRECTION('ref_axis',(-0.806100305567966,0.,-0.591778926089154));
#8338=DIRECTION('',(0.806100305567966,0.,0.591778926089154));
#8339=DIRECTION('',(0.,1.,0.));
#8340=DIRECTION('',(-0.806100305567966,0.,-0.591778926089154));
#8341=DIRECTION('center_axis',(0.,1.,0.));
#8342=DIRECTION('ref_axis',(-0.142314838273285,0.,0.989821441880933));
#8343=DIRECTION('center_axis',(0.,1.,0.));
#8344=DIRECTION('ref_axis',(-0.142314838273285,0.,0.989821441880933));
#8345=DIRECTION('',(0.,1.,0.));
#8346=DIRECTION('center_axis',(0.,1.,0.));
#8347=DIRECTION('ref_axis',(0.28173255684143,0.,-0.959492973614497));
#8348=DIRECTION('',(0.,1.,0.));
#8349=DIRECTION('center_axis',(0.,-1.,0.));
#8350=DIRECTION('ref_axis',(0.28173255684143,0.,-0.959492973614497));
#8351=DIRECTION('',(0.,1.,0.));
#8352=DIRECTION('center_axis',(0.700475504515267,0.,-0.713676444598028));
#8353=DIRECTION('ref_axis',(-0.713676444598028,0.,-0.700475504515267));
#8354=DIRECTION('',(0.713676444598028,0.,0.700475504515267));
#8355=DIRECTION('',(0.,1.,0.));
#8356=DIRECTION('',(-0.713676444598028,0.,-0.700475504515267));
#8357=DIRECTION('center_axis',(0.,1.,0.));
#8358=DIRECTION('ref_axis',(-0.28173255684143,0.,0.959492973614497));
#8359=DIRECTION('center_axis',(0.,1.,0.));
#8360=DIRECTION('ref_axis',(-0.28173255684143,0.,0.959492973614497));
#8361=DIRECTION('',(0.,1.,0.));
#8362=DIRECTION('center_axis',(0.,1.,0.));
#8363=DIRECTION('ref_axis',(0.415415013001886,0.,-0.909631995354518));
#8364=DIRECTION('',(0.,1.,0.));
#8365=DIRECTION('center_axis',(0.,-1.,0.));
#8366=DIRECTION('ref_axis',(0.415415013001886,0.,-0.909631995354518));
#8367=DIRECTION('',(0.,1.,0.));
#8368=DIRECTION('center_axis',(0.794912421673997,0.,-0.60672418928899));
#8369=DIRECTION('ref_axis',(-0.60672418928899,0.,-0.794912421673997));
#8370=DIRECTION('',(0.60672418928899,0.,0.794912421673997));
#8371=DIRECTION('',(0.,1.,0.));
#8372=DIRECTION('',(-0.60672418928899,0.,-0.794912421673997));
#8373=DIRECTION('center_axis',(0.,1.,0.));
#8374=DIRECTION('ref_axis',(-0.415415013001887,0.,0.909631995354518));
#8375=DIRECTION('center_axis',(0.,1.,0.));
#8376=DIRECTION('ref_axis',(-0.415415013001887,0.,0.909631995354518));
#8377=DIRECTION('',(0.,1.,0.));
#8378=DIRECTION('center_axis',(0.,1.,0.));
#8379=DIRECTION('ref_axis',(0.540640817455598,0.,-0.841253532831181));
#8380=DIRECTION('',(0.,1.,0.));
#8381=DIRECTION('center_axis',(0.,-1.,0.));
#8382=DIRECTION('ref_axis',(0.540640817455598,0.,-0.841253532831181));
#8383=DIRECTION('',(0.,1.,0.));
#8384=DIRECTION('center_axis',(0.873167214265572,0.,-0.487420779134108));
#8385=DIRECTION('ref_axis',(-0.487420779134107,0.,-0.873167214265572));
#8386=DIRECTION('',(0.487420779134107,0.,0.873167214265572));
#8387=DIRECTION('',(0.,1.,0.));
#8388=DIRECTION('',(-0.487420779134107,0.,-0.873167214265572));
#8389=DIRECTION('center_axis',(0.,1.,0.));
#8390=DIRECTION('ref_axis',(-0.540640817455598,0.,0.841253532831181));
#8391=DIRECTION('center_axis',(0.,1.,0.));
#8392=DIRECTION('ref_axis',(-0.540640817455598,0.,0.841253532831181));
#8393=DIRECTION('',(0.,1.,0.));
#8394=DIRECTION('center_axis',(0.,1.,0.));
#8395=DIRECTION('ref_axis',(0.654860733945285,0.,-0.755749574354258));
#8396=DIRECTION('',(0.,1.,0.));
#8397=DIRECTION('center_axis',(0.,-1.,0.));
#8398=DIRECTION('ref_axis',(0.654860733945285,0.,-0.755749574354258));
#8399=DIRECTION('',(0.,1.,0.));
#8400=DIRECTION('center_axis',(0.933646840381015,0.,-0.35819488752151));
#8401=DIRECTION('ref_axis',(-0.35819488752151,0.,-0.933646840381015));
#8402=DIRECTION('',(0.35819488752151,0.,0.933646840381015));
#8403=DIRECTION('',(0.,1.,0.));
#8404=DIRECTION('',(-0.35819488752151,0.,-0.933646840381015));
#8405=DIRECTION('center_axis',(0.,1.,0.));
#8406=DIRECTION('ref_axis',(-0.654860733945285,0.,0.755749574354258));
#8407=DIRECTION('center_axis',(0.,1.,0.));
#8408=DIRECTION('ref_axis',(-0.654860733945285,0.,0.755749574354258));
#8409=DIRECTION('',(0.,1.,0.));
#8410=DIRECTION('center_axis',(0.,1.,0.));
#8411=DIRECTION('ref_axis',(0.755749574354258,0.,-0.654860733945285));
#8412=DIRECTION('',(0.,1.,0.));
#8413=DIRECTION('center_axis',(0.,-1.,0.));
#8414=DIRECTION('ref_axis',(0.755749574354258,0.,-0.654860733945285));
#8415=DIRECTION('',(0.,1.,0.));
#8416=DIRECTION('center_axis',(0.975120109241455,0.,-0.221677180947732));
#8417=DIRECTION('ref_axis',(-0.221677180947732,0.,-0.975120109241455));
#8418=DIRECTION('',(0.221677180947732,0.,0.975120109241455));
#8419=DIRECTION('',(0.,1.,0.));
#8420=DIRECTION('',(-0.221677180947732,0.,-0.975120109241455));
#8421=DIRECTION('center_axis',(0.,1.,0.));
#8422=DIRECTION('ref_axis',(-0.755749574354258,0.,0.654860733945285));
#8423=DIRECTION('center_axis',(0.,1.,0.));
#8424=DIRECTION('ref_axis',(-0.755749574354258,0.,0.654860733945285));
#8425=DIRECTION('',(0.,1.,0.));
#8426=DIRECTION('center_axis',(0.,1.,0.));
#8427=DIRECTION('ref_axis',(0.841253532831181,0.,-0.540640817455597));
#8428=DIRECTION('',(0.,1.,0.));
#8429=DIRECTION('center_axis',(0.,-1.,0.));
#8430=DIRECTION('ref_axis',(0.841253532831181,0.,-0.540640817455597));
#8431=DIRECTION('',(0.,1.,0.));
#8432=DIRECTION('center_axis',(0.996742744691924,0.,-0.0806467662340586));
#8433=DIRECTION('ref_axis',(-0.0806467662340586,0.,-0.996742744691924));
#8434=DIRECTION('',(0.0806467662340586,0.,0.996742744691924));
#8435=DIRECTION('',(0.,1.,0.));
#8436=DIRECTION('',(-0.0806467662340586,0.,-0.996742744691924));
#8437=DIRECTION('center_axis',(0.,1.,0.));
#8438=DIRECTION('ref_axis',(-0.841253532831181,0.,0.540640817455598));
#8439=DIRECTION('center_axis',(0.,1.,0.));
#8440=DIRECTION('ref_axis',(-0.841253532831181,0.,0.540640817455598));
#8441=DIRECTION('',(0.,1.,0.));
#8442=DIRECTION('center_axis',(0.,1.,0.));
#8443=DIRECTION('ref_axis',(0.909631995354518,0.,-0.415415013001886));
#8444=DIRECTION('',(0.,1.,0.));
#8445=DIRECTION('center_axis',(0.,-1.,0.));
#8446=DIRECTION('ref_axis',(0.909631995354518,0.,-0.415415013001886));
#8447=DIRECTION('',(0.,1.,0.));
#8448=DIRECTION('center_axis',(0.998074572229182,0.,0.062025384074071));
#8449=DIRECTION('ref_axis',(0.062025384074071,0.,-0.998074572229182));
#8450=DIRECTION('',(-0.062025384074071,0.,0.998074572229182));
#8451=DIRECTION('',(0.,1.,0.));
#8452=DIRECTION('',(0.062025384074071,0.,-0.998074572229182));
#8453=DIRECTION('center_axis',(0.,1.,0.));
#8454=DIRECTION('ref_axis',(-0.909631995354518,0.,0.415415013001886));
#8455=DIRECTION('center_axis',(0.,1.,0.));
#8456=DIRECTION('ref_axis',(-0.909631995354518,0.,0.415415013001886));
#8457=DIRECTION('',(0.,1.,0.));
#8458=DIRECTION('center_axis',(0.,1.,0.));
#8459=DIRECTION('ref_axis',(0.959492973614497,0.,-0.28173255684143));
#8460=DIRECTION('',(0.,1.,0.));
#8461=DIRECTION('center_axis',(0.,-1.,0.));
#8462=DIRECTION('ref_axis',(0.959492973614497,0.,-0.28173255684143));
#8463=DIRECTION('',(0.,1.,0.));
#8464=DIRECTION('center_axis',(0.979088479685244,0.,0.20343487642889));
#8465=DIRECTION('ref_axis',(0.20343487642889,0.,-0.979088479685244));
#8466=DIRECTION('',(-0.20343487642889,0.,0.979088479685244));
#8467=DIRECTION('',(0.,1.,0.));
#8468=DIRECTION('',(0.20343487642889,0.,-0.979088479685244));
#8469=DIRECTION('center_axis',(0.,1.,0.));
#8470=DIRECTION('ref_axis',(-0.959492973614497,0.,0.28173255684143));
#8471=DIRECTION('center_axis',(0.,1.,0.));
#8472=DIRECTION('ref_axis',(-0.959492973614497,0.,0.28173255684143));
#8473=DIRECTION('',(0.,1.,0.));
#8474=DIRECTION('center_axis',(-0.882114288917861,0.,0.471035435277364));
#8475=DIRECTION('ref_axis',(0.471035435277364,0.,0.882114288917861));
#8476=DIRECTION('',(0.,1.,0.));
#8477=DIRECTION('',(-0.471035435277364,0.,-0.882114288917861));
#8478=DIRECTION('',(0.,1.,0.));
#8479=DIRECTION('',(0.471035435277364,0.,0.882114288917861));
#8480=DIRECTION('center_axis',(0.,1.,0.));
#8481=DIRECTION('ref_axis',(-0.989821441880933,0.,0.142314838273285));
#8482=DIRECTION('center_axis',(0.,1.,0.));
#8483=DIRECTION('ref_axis',(-0.989821441880933,0.,0.142314838273285));
#8484=DIRECTION('center_axis',(0.,1.,0.));
#8485=DIRECTION('ref_axis',(0.989821441880933,0.,-0.142314838273285));
#8486=DIRECTION('center_axis',(0.,-1.,0.));
#8487=DIRECTION('ref_axis',(0.989821441880933,0.,-0.142314838273285));
#8488=DIRECTION('',(0.,1.,0.));
#8489=DIRECTION('center_axis',(0.940170969152935,0.,0.340703021357355));
#8490=DIRECTION('ref_axis',(0.340703021357355,0.,-0.940170969152935));
#8491=DIRECTION('',(-0.340703021357355,0.,0.940170969152935));
#8492=DIRECTION('',(0.,1.,0.));
#8493=DIRECTION('',(0.340703021357355,0.,-0.940170969152935));
#8494=DIRECTION('center_axis',(-0.979088479685244,0.,0.203434876428889));
#8495=DIRECTION('ref_axis',(0.203434876428889,0.,0.979088479685244));
#8496=DIRECTION('',(0.203434876428889,0.,0.979088479685244));
#8497=DIRECTION('',(-0.203434876428889,0.,-0.979088479685244));
#8498=DIRECTION('center_axis',(-0.998074572229182,0.,0.0620253840740698));
#8499=DIRECTION('ref_axis',(0.0620253840740698,0.,0.998074572229182));
#8500=DIRECTION('',(0.0620253840740698,0.,0.998074572229182));
#8501=DIRECTION('',(-0.0620253840740698,0.,-0.998074572229182));
#8502=DIRECTION('center_axis',(-0.996742744691924,0.,-0.0806467662340598));
#8503=DIRECTION('ref_axis',(-0.0806467662340598,0.,0.996742744691923));
#8504=DIRECTION('',(-0.0806467662340598,0.,0.996742744691923));
#8505=DIRECTION('',(0.0806467662340598,0.,-0.996742744691923));
#8506=DIRECTION('center_axis',(-0.975120109241455,0.,-0.221677180947733));
#8507=DIRECTION('ref_axis',(-0.221677180947733,0.,0.975120109241454));
#8508=DIRECTION('',(-0.221677180947733,0.,0.975120109241455));
#8509=DIRECTION('',(0.221677180947733,0.,-0.975120109241454));
#8510=DIRECTION('center_axis',(-0.933646840381015,0.,-0.358194887521511));
#8511=DIRECTION('ref_axis',(-0.358194887521511,0.,0.933646840381015));
#8512=DIRECTION('',(-0.358194887521511,0.,0.933646840381015));
#8513=DIRECTION('',(0.358194887521511,0.,-0.933646840381015));
#8514=DIRECTION('center_axis',(-0.873167214265572,0.,-0.487420779134108));
#8515=DIRECTION('ref_axis',(-0.487420779134108,0.,0.873167214265572));
#8516=DIRECTION('',(-0.487420779134108,0.,0.873167214265572));
#8517=DIRECTION('',(0.487420779134108,0.,-0.873167214265572));
#8518=DIRECTION('center_axis',(-0.794912421673996,0.,-0.606724189288991));
#8519=DIRECTION('ref_axis',(-0.606724189288991,0.,0.794912421673996));
#8520=DIRECTION('',(-0.606724189288991,0.,0.794912421673996));
#8521=DIRECTION('',(0.606724189288991,0.,-0.794912421673996));
#8522=DIRECTION('center_axis',(-0.700475504515266,0.,-0.713676444598029));
#8523=DIRECTION('ref_axis',(-0.713676444598029,0.,0.700475504515266));
#8524=DIRECTION('',(-0.713676444598029,0.,0.700475504515266));
#8525=DIRECTION('',(0.713676444598029,0.,-0.700475504515266));
#8526=DIRECTION('center_axis',(-0.591778926089153,0.,-0.806100305567967));
#8527=DIRECTION('ref_axis',(-0.806100305567967,0.,0.591778926089153));
#8528=DIRECTION('',(-0.806100305567967,0.,0.591778926089153));
#8529=DIRECTION('',(0.806100305567967,0.,-0.591778926089153));
#8530=DIRECTION('center_axis',(-0.471035435277364,0.,-0.882114288917861));
#8531=DIRECTION('ref_axis',(-0.882114288917861,0.,0.471035435277364));
#8532=DIRECTION('',(-0.882114288917861,0.,0.471035435277364));
#8533=DIRECTION('',(0.882114288917861,0.,-0.471035435277364));
#8534=DIRECTION('center_axis',(-0.340703021357354,0.,-0.940170969152936));
#8535=DIRECTION('ref_axis',(-0.940170969152936,0.,0.340703021357354));
#8536=DIRECTION('',(-0.940170969152936,0.,0.340703021357354));
#8537=DIRECTION('',(0.940170969152936,0.,-0.340703021357354));
#8538=DIRECTION('center_axis',(-0.203434876428889,0.,-0.979088479685244));
#8539=DIRECTION('ref_axis',(-0.979088479685244,0.,0.203434876428889));
#8540=DIRECTION('',(-0.979088479685244,0.,0.203434876428889));
#8541=DIRECTION('',(0.979088479685244,0.,-0.203434876428889));
#8542=DIRECTION('center_axis',(-0.0620253840740699,0.,-0.998074572229182));
#8543=DIRECTION('ref_axis',(-0.998074572229182,0.,0.0620253840740699));
#8544=DIRECTION('',(-0.998074572229182,0.,0.0620253840740699));
#8545=DIRECTION('',(0.998074572229182,0.,-0.0620253840740699));
#8546=DIRECTION('center_axis',(0.0806467662340597,0.,-0.996742744691923));
#8547=DIRECTION('ref_axis',(-0.996742744691923,0.,-0.0806467662340597));
#8548=DIRECTION('',(-0.996742744691923,0.,-0.0806467662340597));
#8549=DIRECTION('',(0.996742744691923,0.,0.0806467662340597));
#8550=DIRECTION('center_axis',(0.221677180947733,0.,-0.975120109241455));
#8551=DIRECTION('ref_axis',(-0.975120109241454,0.,-0.221677180947733));
#8552=DIRECTION('',(-0.975120109241455,0.,-0.221677180947733));
#8553=DIRECTION('',(0.975120109241454,0.,0.221677180947733));
#8554=DIRECTION('center_axis',(0.358194887521512,0.,-0.933646840381015));
#8555=DIRECTION('ref_axis',(-0.933646840381015,0.,-0.358194887521511));
#8556=DIRECTION('',(-0.933646840381015,0.,-0.358194887521512));
#8557=DIRECTION('',(0.933646840381015,0.,0.358194887521511));
#8558=DIRECTION('center_axis',(0.487420779134109,0.,-0.873167214265572));
#8559=DIRECTION('ref_axis',(-0.873167214265572,0.,-0.487420779134109));
#8560=DIRECTION('',(-0.873167214265572,0.,-0.487420779134109));
#8561=DIRECTION('',(0.873167214265572,0.,0.487420779134109));
#8562=DIRECTION('center_axis',(0.606724189288991,0.,-0.794912421673996));
#8563=DIRECTION('ref_axis',(-0.794912421673996,0.,-0.606724189288991));
#8564=DIRECTION('',(-0.794912421673996,0.,-0.606724189288991));
#8565=DIRECTION('',(0.794912421673996,0.,0.606724189288991));
#8566=DIRECTION('center_axis',(0.713676444598029,0.,-0.700475504515266));
#8567=DIRECTION('ref_axis',(-0.700475504515266,0.,-0.713676444598029));
#8568=DIRECTION('',(-0.700475504515266,0.,-0.713676444598029));
#8569=DIRECTION('',(0.700475504515266,0.,0.713676444598029));
#8570=DIRECTION('center_axis',(0.806100305567967,0.,-0.591778926089153));
#8571=DIRECTION('ref_axis',(-0.591778926089153,0.,-0.806100305567967));
#8572=DIRECTION('',(-0.591778926089153,0.,-0.806100305567967));
#8573=DIRECTION('',(0.591778926089153,0.,0.806100305567967));
#8574=DIRECTION('center_axis',(0.882114288917861,0.,-0.471035435277364));
#8575=DIRECTION('ref_axis',(-0.471035435277364,0.,-0.882114288917861));
#8576=DIRECTION('',(-0.471035435277364,0.,-0.882114288917861));
#8577=DIRECTION('',(0.471035435277364,0.,0.882114288917861));
#8578=DIRECTION('center_axis',(0.940170969152936,0.,-0.340703021357354));
#8579=DIRECTION('ref_axis',(-0.340703021357354,0.,-0.940170969152936));
#8580=DIRECTION('',(-0.340703021357354,0.,-0.940170969152936));
#8581=DIRECTION('',(0.340703021357354,0.,0.940170969152936));
#8582=DIRECTION('center_axis',(0.979088479685244,0.,-0.203434876428889));
#8583=DIRECTION('ref_axis',(-0.203434876428889,0.,-0.979088479685244));
#8584=DIRECTION('',(-0.203434876428889,0.,-0.979088479685244));
#8585=DIRECTION('',(0.203434876428889,0.,0.979088479685244));
#8586=DIRECTION('center_axis',(0.998074572229182,0.,-0.0620253840740699));
#8587=DIRECTION('ref_axis',(-0.0620253840740699,0.,-0.998074572229182));
#8588=DIRECTION('',(-0.0620253840740699,0.,-0.998074572229182));
#8589=DIRECTION('',(0.0620253840740699,0.,0.998074572229182));
#8590=DIRECTION('center_axis',(0.996742744691923,0.,0.0806467662340596));
#8591=DIRECTION('ref_axis',(0.0806467662340596,0.,-0.996742744691923));
#8592=DIRECTION('',(0.0806467662340596,0.,-0.996742744691923));
#8593=DIRECTION('',(-0.0806467662340596,0.,0.996742744691923));
#8594=DIRECTION('center_axis',(0.975120109241454,0.,0.221677180947733));
#8595=DIRECTION('ref_axis',(0.221677180947733,0.,-0.975120109241454));
#8596=DIRECTION('',(0.221677180947733,0.,-0.975120109241454));
#8597=DIRECTION('',(-0.221677180947733,0.,0.975120109241454));
#8598=DIRECTION('center_axis',(0.933646840381015,0.,0.358194887521512));
#8599=DIRECTION('ref_axis',(0.358194887521511,0.,-0.933646840381015));
#8600=DIRECTION('',(0.358194887521512,0.,-0.933646840381015));
#8601=DIRECTION('',(-0.358194887521511,0.,0.933646840381015));
#8602=DIRECTION('center_axis',(0.873167214265572,0.,0.487420779134109));
#8603=DIRECTION('ref_axis',(0.487420779134109,0.,-0.873167214265572));
#8604=DIRECTION('',(0.487420779134109,0.,-0.873167214265572));
#8605=DIRECTION('',(-0.487420779134109,0.,0.873167214265572));
#8606=DIRECTION('center_axis',(0.794912421673996,0.,0.606724189288991));
#8607=DIRECTION('ref_axis',(0.606724189288991,0.,-0.794912421673996));
#8608=DIRECTION('',(0.606724189288991,0.,-0.794912421673996));
#8609=DIRECTION('',(-0.606724189288991,0.,0.794912421673996));
#8610=DIRECTION('center_axis',(0.700475504515266,0.,0.713676444598029));
#8611=DIRECTION('ref_axis',(0.713676444598029,0.,-0.700475504515266));
#8612=DIRECTION('',(0.713676444598029,0.,-0.700475504515266));
#8613=DIRECTION('',(-0.713676444598029,0.,0.700475504515266));
#8614=DIRECTION('center_axis',(0.591778926089153,0.,0.806100305567967));
#8615=DIRECTION('ref_axis',(0.806100305567967,0.,-0.591778926089153));
#8616=DIRECTION('',(0.806100305567967,0.,-0.591778926089153));
#8617=DIRECTION('',(-0.806100305567967,0.,0.591778926089153));
#8618=DIRECTION('center_axis',(0.471035435277364,0.,0.882114288917861));
#8619=DIRECTION('ref_axis',(0.882114288917861,0.,-0.471035435277364));
#8620=DIRECTION('',(0.882114288917861,0.,-0.471035435277364));
#8621=DIRECTION('',(-0.882114288917861,0.,0.471035435277364));
#8622=DIRECTION('center_axis',(0.340703021357354,0.,0.940170969152936));
#8623=DIRECTION('ref_axis',(0.940170969152936,0.,-0.340703021357354));
#8624=DIRECTION('',(0.940170969152936,0.,-0.340703021357354));
#8625=DIRECTION('',(-0.940170969152936,0.,0.340703021357354));
#8626=DIRECTION('center_axis',(0.203434876428889,0.,0.979088479685244));
#8627=DIRECTION('ref_axis',(0.979088479685244,0.,-0.203434876428889));
#8628=DIRECTION('',(0.979088479685244,0.,-0.203434876428889));
#8629=DIRECTION('',(-0.979088479685244,0.,0.203434876428889));
#8630=DIRECTION('center_axis',(0.0620253840740698,0.,0.998074572229182));
#8631=DIRECTION('ref_axis',(0.998074572229182,0.,-0.0620253840740698));
#8632=DIRECTION('',(0.998074572229182,0.,-0.0620253840740698));
#8633=DIRECTION('',(-0.998074572229182,0.,0.0620253840740698));
#8634=DIRECTION('center_axis',(-0.0806467662340598,0.,0.996742744691924));
#8635=DIRECTION('ref_axis',(0.996742744691923,0.,0.0806467662340598));
#8636=DIRECTION('',(0.996742744691923,0.,0.0806467662340598));
#8637=DIRECTION('',(-0.996742744691923,0.,-0.0806467662340598));
#8638=DIRECTION('center_axis',(-0.221677180947733,0.,0.975120109241454));
#8639=DIRECTION('ref_axis',(0.975120109241454,0.,0.221677180947733));
#8640=DIRECTION('',(0.975120109241454,0.,0.221677180947733));
#8641=DIRECTION('',(-0.975120109241454,0.,-0.221677180947733));
#8642=DIRECTION('center_axis',(-0.358194887521511,0.,0.933646840381015));
#8643=DIRECTION('ref_axis',(0.933646840381015,0.,0.358194887521511));
#8644=DIRECTION('',(0.933646840381015,0.,0.358194887521511));
#8645=DIRECTION('',(-0.933646840381015,0.,-0.358194887521511));
#8646=DIRECTION('center_axis',(-0.487420779134108,0.,0.873167214265572));
#8647=DIRECTION('ref_axis',(0.873167214265572,0.,0.487420779134108));
#8648=DIRECTION('',(0.873167214265572,0.,0.487420779134109));
#8649=DIRECTION('',(-0.873167214265572,0.,-0.487420779134108));
#8650=DIRECTION('center_axis',(-0.606724189288991,0.,0.794912421673996));
#8651=DIRECTION('ref_axis',(0.794912421673996,0.,0.606724189288991));
#8652=DIRECTION('',(0.794912421673996,0.,0.606724189288991));
#8653=DIRECTION('',(-0.794912421673996,0.,-0.606724189288991));
#8654=DIRECTION('center_axis',(-0.713676444598029,0.,0.700475504515266));
#8655=DIRECTION('ref_axis',(0.700475504515266,0.,0.713676444598029));
#8656=DIRECTION('',(0.700475504515266,0.,0.713676444598029));
#8657=DIRECTION('',(-0.700475504515266,0.,-0.713676444598029));
#8658=DIRECTION('center_axis',(-0.806100305567967,0.,0.591778926089153));
#8659=DIRECTION('ref_axis',(0.591778926089153,0.,0.806100305567967));
#8660=DIRECTION('',(0.591778926089153,0.,0.806100305567967));
#8661=DIRECTION('',(-0.591778926089153,0.,-0.806100305567967));
#8662=DIRECTION('center_axis',(0.882114288917861,0.,0.471035435277365));
#8663=DIRECTION('ref_axis',(0.471035435277365,0.,-0.882114288917861));
#8664=DIRECTION('',(0.471035435277365,0.,-0.882114288917861));
#8665=DIRECTION('',(0.,1.,0.));
#8666=DIRECTION('',(-0.471035435277365,0.,0.882114288917861));
#8667=DIRECTION('center_axis',(0.,1.,0.));
#8668=DIRECTION('ref_axis',(0.,0.,-1.));
#8669=DIRECTION('center_axis',(6.08376941888203E-18,1.,4.35119776436683E-19));
#8670=DIRECTION('ref_axis',(0.071339183199232,0.,-0.997452114610254));
#8671=DIRECTION('center_axis',(6.08376941888203E-18,1.,4.35119776436683E-19));
#8672=DIRECTION('ref_axis',(0.071339183199232,0.,-0.997452114610254));
#8673=DIRECTION('center_axis',(6.08376941888203E-18,1.,4.35119776436683E-19));
#8674=DIRECTION('ref_axis',(0.071339183199232,0.,-0.997452114610254));
#8675=DIRECTION('center_axis',(6.08376941888203E-18,1.,4.35119776436683E-19));
#8676=DIRECTION('ref_axis',(0.071339183199232,0.,-0.997452114610254));
#8677=DIRECTION('center_axis',(6.08376941888203E-18,1.,4.35119776436683E-19));
#8678=DIRECTION('ref_axis',(0.071339183199232,0.,-0.997452114610254));
#8679=DIRECTION('center_axis',(6.08376941888203E-18,1.,4.35119776436683E-19));
#8680=DIRECTION('ref_axis',(0.071339183199232,0.,-0.997452114610254));
#8681=DIRECTION('center_axis',(6.08376941888203E-18,1.,4.35119776436683E-19));
#8682=DIRECTION('ref_axis',(0.071339183199232,0.,-0.997452114610254));
#8683=DIRECTION('center_axis',(6.08376941888203E-18,1.,4.35119776436683E-19));
#8684=DIRECTION('ref_axis',(0.071339183199232,0.,-0.997452114610254));
#8685=DIRECTION('center_axis',(6.08376941888203E-18,1.,4.35119776436683E-19));
#8686=DIRECTION('ref_axis',(0.071339183199232,0.,-0.997452114610254));
#8687=DIRECTION('center_axis',(6.08376941888203E-18,1.,4.35119776436683E-19));
#8688=DIRECTION('ref_axis',(0.071339183199232,0.,-0.997452114610254));
#8689=DIRECTION('center_axis',(6.08376941888203E-18,1.,4.35119776436683E-19));
#8690=DIRECTION('ref_axis',(0.071339183199232,0.,-0.997452114610254));
#8691=DIRECTION('center_axis',(6.08376941888203E-18,1.,4.35119776436683E-19));
#8692=DIRECTION('ref_axis',(0.071339183199232,0.,-0.997452114610254));
#8693=DIRECTION('center_axis',(6.08376941888203E-18,1.,4.35119776436683E-19));
#8694=DIRECTION('ref_axis',(0.071339183199232,0.,-0.997452114610254));
#8695=DIRECTION('center_axis',(6.08376941888203E-18,1.,4.35119776436683E-19));
#8696=DIRECTION('ref_axis',(0.071339183199232,0.,-0.997452114610254));
#8697=DIRECTION('center_axis',(6.08376941888203E-18,1.,4.35119776436683E-19));
#8698=DIRECTION('ref_axis',(0.071339183199232,0.,-0.997452114610254));
#8699=DIRECTION('center_axis',(6.08376941888203E-18,1.,4.35119776436683E-19));
#8700=DIRECTION('ref_axis',(0.071339183199232,0.,-0.997452114610254));
#8701=DIRECTION('center_axis',(6.08376941888203E-18,1.,4.35119776436683E-19));
#8702=DIRECTION('ref_axis',(0.071339183199232,0.,-0.997452114610254));
#8703=DIRECTION('center_axis',(6.08376941888203E-18,1.,4.35119776436683E-19));
#8704=DIRECTION('ref_axis',(0.071339183199232,0.,-0.997452114610254));
#8705=DIRECTION('center_axis',(6.08376941888203E-18,1.,4.35119776436683E-19));
#8706=DIRECTION('ref_axis',(0.071339183199232,0.,-0.997452114610254));
#8707=DIRECTION('center_axis',(6.08376941888203E-18,1.,4.35119776436683E-19));
#8708=DIRECTION('ref_axis',(0.071339183199232,0.,-0.997452114610254));
#8709=DIRECTION('center_axis',(6.08376941888203E-18,1.,4.35119776436683E-19));
#8710=DIRECTION('ref_axis',(0.071339183199232,0.,-0.997452114610254));
#8711=DIRECTION('',(9.08813626083972E-17,-0.670286257968771,-0.742102642751137));
#8712=DIRECTION('center_axis',(0.,-1.,0.));
#8713=DIRECTION('ref_axis',(0.,0.,-1.));
#8714=DIRECTION('center_axis',(6.08376941888203E-18,1.,4.35119776436683E-19));
#8715=DIRECTION('ref_axis',(0.071339183199232,0.,-0.997452114610254));
#8716=DIRECTION('center_axis',(6.08376941888203E-18,1.,4.35119776436683E-19));
#8717=DIRECTION('ref_axis',(0.071339183199232,0.,-0.997452114610254));
#8718=DIRECTION('center_axis',(6.08376941888203E-18,1.,4.35119776436683E-19));
#8719=DIRECTION('ref_axis',(0.071339183199232,0.,-0.997452114610254));
#8720=DIRECTION('center_axis',(6.08376941888203E-18,1.,4.35119776436683E-19));
#8721=DIRECTION('ref_axis',(0.071339183199232,0.,-0.997452114610254));
#8722=DIRECTION('center_axis',(6.08376941888203E-18,1.,4.35119776436683E-19));
#8723=DIRECTION('ref_axis',(0.071339183199232,0.,-0.997452114610254));
#8724=DIRECTION('center_axis',(6.08376941888203E-18,1.,4.35119776436683E-19));
#8725=DIRECTION('ref_axis',(0.071339183199232,0.,-0.997452114610254));
#8726=DIRECTION('center_axis',(6.08376941888203E-18,1.,4.35119776436683E-19));
#8727=DIRECTION('ref_axis',(0.071339183199232,0.,-0.997452114610254));
#8728=DIRECTION('center_axis',(6.08376941888203E-18,1.,4.35119776436683E-19));
#8729=DIRECTION('ref_axis',(0.071339183199232,0.,-0.997452114610254));
#8730=DIRECTION('center_axis',(6.08376941888203E-18,1.,4.35119776436683E-19));
#8731=DIRECTION('ref_axis',(0.071339183199232,0.,-0.997452114610254));
#8732=DIRECTION('center_axis',(6.08376941888203E-18,1.,4.35119776436683E-19));
#8733=DIRECTION('ref_axis',(0.071339183199232,0.,-0.997452114610254));
#8734=DIRECTION('center_axis',(6.08376941888203E-18,1.,4.35119776436683E-19));
#8735=DIRECTION('ref_axis',(0.071339183199232,0.,-0.997452114610254));
#8736=DIRECTION('center_axis',(6.08376941888203E-18,1.,4.35119776436683E-19));
#8737=DIRECTION('ref_axis',(0.071339183199232,0.,-0.997452114610254));
#8738=DIRECTION('center_axis',(6.08376941888203E-18,1.,4.35119776436683E-19));
#8739=DIRECTION('ref_axis',(0.071339183199232,0.,-0.997452114610254));
#8740=DIRECTION('center_axis',(6.08376941888203E-18,1.,4.35119776436683E-19));
#8741=DIRECTION('ref_axis',(0.071339183199232,0.,-0.997452114610254));
#8742=DIRECTION('center_axis',(6.08376941888203E-18,1.,4.35119776436683E-19));
#8743=DIRECTION('ref_axis',(0.071339183199232,0.,-0.997452114610254));
#8744=DIRECTION('center_axis',(6.08376941888203E-18,1.,4.35119776436683E-19));
#8745=DIRECTION('ref_axis',(0.071339183199232,0.,-0.997452114610254));
#8746=DIRECTION('center_axis',(6.08376941888203E-18,1.,4.35119776436683E-19));
#8747=DIRECTION('ref_axis',(0.071339183199232,0.,-0.997452114610254));
#8748=DIRECTION('center_axis',(6.08376941888203E-18,1.,4.35119776436683E-19));
#8749=DIRECTION('ref_axis',(0.071339183199232,0.,-0.997452114610254));
#8750=DIRECTION('center_axis',(6.08376941888203E-18,1.,4.35119776436683E-19));
#8751=DIRECTION('ref_axis',(0.071339183199232,0.,-0.997452114610254));
#8752=DIRECTION('center_axis',(6.08376941888203E-18,1.,4.35119776436683E-19));
#8753=DIRECTION('ref_axis',(0.071339183199232,0.,-0.997452114610254));
#8754=DIRECTION('center_axis',(6.08376941888203E-18,1.,4.35119776436683E-19));
#8755=DIRECTION('ref_axis',(0.071339183199232,0.,-0.997452114610254));
#8756=DIRECTION('center_axis',(6.08376941888203E-18,1.,4.35119776436683E-19));
#8757=DIRECTION('ref_axis',(0.071339183199232,0.,-0.997452114610254));
#8758=DIRECTION('center_axis',(6.08376941888203E-18,1.,4.35119776436683E-19));
#8759=DIRECTION('ref_axis',(0.071339183199232,0.,-0.997452114610254));
#8760=DIRECTION('center_axis',(6.08376941888203E-18,1.,4.35119776436683E-19));
#8761=DIRECTION('ref_axis',(0.071339183199232,0.,-0.997452114610254));
#8762=DIRECTION('center_axis',(-6.08376941888203E-18,-1.,-4.35119776436683E-19));
#8763=DIRECTION('ref_axis',(0.071339183199232,0.,-0.997452114610254));
#8764=DIRECTION('center_axis',(0.,-1.,0.));
#8765=DIRECTION('ref_axis',(1.,0.,0.));
#8766=DIRECTION('center_axis',(-6.08376941888203E-18,-1.,-4.35119776436683E-19));
#8767=DIRECTION('ref_axis',(0.071339183199232,0.,-0.997452114610254));
#8768=DIRECTION('center_axis',(0.,-1.,0.));
#8769=DIRECTION('ref_axis',(1.,0.,0.));
#8770=DIRECTION('center_axis',(-6.08376941888203E-18,-1.,-4.35119776436683E-19));
#8771=DIRECTION('ref_axis',(0.071339183199232,0.,-0.997452114610254));
#8772=DIRECTION('center_axis',(0.,-1.,0.));
#8773=DIRECTION('ref_axis',(1.,0.,0.));
#8774=DIRECTION('center_axis',(-6.08376941888203E-18,-1.,-4.35119776436683E-19));
#8775=DIRECTION('ref_axis',(0.071339183199232,0.,-0.997452114610254));
#8776=DIRECTION('center_axis',(0.,-1.,0.));
#8777=DIRECTION('ref_axis',(1.,0.,0.));
#8778=DIRECTION('center_axis',(-6.08376941888203E-18,-1.,-4.35119776436683E-19));
#8779=DIRECTION('ref_axis',(0.071339183199232,0.,-0.997452114610254));
#8780=DIRECTION('center_axis',(0.,-1.,0.));
#8781=DIRECTION('ref_axis',(1.,0.,0.));
#8782=DIRECTION('center_axis',(-6.08376941888203E-18,-1.,-4.35119776436683E-19));
#8783=DIRECTION('ref_axis',(0.071339183199232,0.,-0.997452114610254));
#8784=DIRECTION('center_axis',(0.,-1.,0.));
#8785=DIRECTION('ref_axis',(1.,0.,0.));
#8786=DIRECTION('center_axis',(-6.08376941888203E-18,-1.,-4.35119776436683E-19));
#8787=DIRECTION('ref_axis',(0.071339183199232,0.,-0.997452114610254));
#8788=DIRECTION('center_axis',(0.,-1.,0.));
#8789=DIRECTION('ref_axis',(1.,0.,0.));
#8790=DIRECTION('center_axis',(-6.08376941888203E-18,-1.,-4.35119776436683E-19));
#8791=DIRECTION('ref_axis',(0.071339183199232,0.,-0.997452114610254));
#8792=DIRECTION('center_axis',(0.,-1.,0.));
#8793=DIRECTION('ref_axis',(1.,0.,0.));
#8794=DIRECTION('center_axis',(-6.08376941888203E-18,-1.,-4.35119776436683E-19));
#8795=DIRECTION('ref_axis',(0.071339183199232,0.,-0.997452114610254));
#8796=DIRECTION('center_axis',(0.,-1.,0.));
#8797=DIRECTION('ref_axis',(1.,0.,0.));
#8798=DIRECTION('center_axis',(-6.08376941888203E-18,-1.,-4.35119776436683E-19));
#8799=DIRECTION('ref_axis',(0.071339183199232,0.,-0.997452114610254));
#8800=DIRECTION('center_axis',(0.,-1.,0.));
#8801=DIRECTION('ref_axis',(1.,0.,0.));
#8802=DIRECTION('center_axis',(-6.08376941888203E-18,-1.,-4.35119776436683E-19));
#8803=DIRECTION('ref_axis',(0.071339183199232,0.,-0.997452114610254));
#8804=DIRECTION('center_axis',(0.,-1.,0.));
#8805=DIRECTION('ref_axis',(1.,0.,0.));
#8806=DIRECTION('center_axis',(-6.08376941888203E-18,-1.,-4.35119776436683E-19));
#8807=DIRECTION('ref_axis',(0.071339183199232,0.,-0.997452114610254));
#8808=DIRECTION('center_axis',(0.,-1.,0.));
#8809=DIRECTION('ref_axis',(1.,0.,0.));
#8810=DIRECTION('center_axis',(-6.08376941888203E-18,-1.,-4.35119776436683E-19));
#8811=DIRECTION('ref_axis',(0.071339183199232,0.,-0.997452114610254));
#8812=DIRECTION('center_axis',(0.,-1.,0.));
#8813=DIRECTION('ref_axis',(1.,0.,0.));
#8814=DIRECTION('center_axis',(-6.08376941888203E-18,-1.,-4.35119776436683E-19));
#8815=DIRECTION('ref_axis',(0.071339183199232,0.,-0.997452114610254));
#8816=DIRECTION('center_axis',(0.,-1.,0.));
#8817=DIRECTION('ref_axis',(1.,0.,0.));
#8818=DIRECTION('center_axis',(-6.08376941888203E-18,-1.,-4.35119776436683E-19));
#8819=DIRECTION('ref_axis',(0.071339183199232,0.,-0.997452114610254));
#8820=DIRECTION('center_axis',(0.,-1.,0.));
#8821=DIRECTION('ref_axis',(1.,0.,0.));
#8822=DIRECTION('center_axis',(-6.08376941888203E-18,-1.,-4.35119776436683E-19));
#8823=DIRECTION('ref_axis',(0.071339183199232,0.,-0.997452114610254));
#8824=DIRECTION('center_axis',(0.,-1.,0.));
#8825=DIRECTION('ref_axis',(1.,0.,0.));
#8826=DIRECTION('center_axis',(-6.08376941888203E-18,-1.,-4.35119776436683E-19));
#8827=DIRECTION('ref_axis',(0.071339183199232,0.,-0.997452114610254));
#8828=DIRECTION('center_axis',(0.,-1.,0.));
#8829=DIRECTION('ref_axis',(1.,0.,0.));
#8830=DIRECTION('center_axis',(-6.08376941888203E-18,-1.,-4.35119776436683E-19));
#8831=DIRECTION('ref_axis',(0.071339183199232,0.,-0.997452114610254));
#8832=DIRECTION('center_axis',(0.,-1.,0.));
#8833=DIRECTION('ref_axis',(1.,0.,0.));
#8834=DIRECTION('center_axis',(-6.08376941888203E-18,-1.,-4.35119776436683E-19));
#8835=DIRECTION('ref_axis',(0.071339183199232,0.,-0.997452114610254));
#8836=DIRECTION('center_axis',(0.,-1.,0.));
#8837=DIRECTION('ref_axis',(1.,0.,0.));
#8838=DIRECTION('center_axis',(-6.08376941888203E-18,-1.,-4.35119776436683E-19));
#8839=DIRECTION('ref_axis',(0.071339183199232,0.,-0.997452114610254));
#8840=DIRECTION('center_axis',(0.,-1.,0.));
#8841=DIRECTION('ref_axis',(1.,0.,0.));
#8842=DIRECTION('center_axis',(-6.08376941888203E-18,-1.,-4.35119776436683E-19));
#8843=DIRECTION('ref_axis',(0.071339183199232,0.,-0.997452114610254));
#8844=DIRECTION('center_axis',(0.,-1.,0.));
#8845=DIRECTION('ref_axis',(1.,0.,0.));
#8846=DIRECTION('center_axis',(-6.08376941888203E-18,-1.,-4.35119776436683E-19));
#8847=DIRECTION('ref_axis',(0.071339183199232,0.,-0.997452114610254));
#8848=DIRECTION('center_axis',(0.,-1.,0.));
#8849=DIRECTION('ref_axis',(1.,0.,0.));
#8850=DIRECTION('center_axis',(-6.08376941888203E-18,-1.,-4.35119776436683E-19));
#8851=DIRECTION('ref_axis',(0.071339183199232,0.,-0.997452114610254));
#8852=DIRECTION('center_axis',(0.,-1.,0.));
#8853=DIRECTION('ref_axis',(1.,0.,0.));
#8854=DIRECTION('center_axis',(-6.08376941888203E-18,-1.,-4.35119776436683E-19));
#8855=DIRECTION('ref_axis',(0.071339183199232,0.,-0.997452114610254));
#8856=DIRECTION('center_axis',(0.,-1.,0.));
#8857=DIRECTION('ref_axis',(1.,0.,0.));
#8858=DIRECTION('center_axis',(-6.08376941888203E-18,-1.,-4.35119776436683E-19));
#8859=DIRECTION('ref_axis',(0.071339183199232,0.,-0.997452114610254));
#8860=DIRECTION('center_axis',(0.,-1.,0.));
#8861=DIRECTION('ref_axis',(1.,0.,0.));
#8862=DIRECTION('center_axis',(-6.08376941888203E-18,-1.,-4.35119776436683E-19));
#8863=DIRECTION('ref_axis',(0.071339183199232,0.,-0.997452114610254));
#8864=DIRECTION('center_axis',(0.,-1.,0.));
#8865=DIRECTION('ref_axis',(1.,0.,0.));
#8866=DIRECTION('center_axis',(-6.08376941888203E-18,-1.,-4.35119776436683E-19));
#8867=DIRECTION('ref_axis',(0.071339183199232,0.,-0.997452114610254));
#8868=DIRECTION('center_axis',(0.,-1.,0.));
#8869=DIRECTION('ref_axis',(1.,0.,0.));
#8870=DIRECTION('center_axis',(-6.08376941888203E-18,-1.,-4.35119776436683E-19));
#8871=DIRECTION('ref_axis',(0.071339183199232,0.,-0.997452114610254));
#8872=DIRECTION('center_axis',(0.,-1.,0.));
#8873=DIRECTION('ref_axis',(1.,0.,0.));
#8874=DIRECTION('center_axis',(-6.08376941888203E-18,-1.,-4.35119776436683E-19));
#8875=DIRECTION('ref_axis',(0.071339183199232,0.,-0.997452114610254));
#8876=DIRECTION('center_axis',(0.,-1.,0.));
#8877=DIRECTION('ref_axis',(1.,0.,0.));
#8878=DIRECTION('center_axis',(-6.08376941888203E-18,-1.,-4.35119776436683E-19));
#8879=DIRECTION('ref_axis',(0.071339183199232,0.,-0.997452114610254));
#8880=DIRECTION('center_axis',(0.,-1.,0.));
#8881=DIRECTION('ref_axis',(1.,0.,0.));
#8882=DIRECTION('center_axis',(-6.08376941888203E-18,-1.,-4.35119776436683E-19));
#8883=DIRECTION('ref_axis',(0.071339183199232,0.,-0.997452114610254));
#8884=DIRECTION('center_axis',(0.,-1.,0.));
#8885=DIRECTION('ref_axis',(1.,0.,0.));
#8886=DIRECTION('center_axis',(-6.08376941888203E-18,-1.,-4.35119776436683E-19));
#8887=DIRECTION('ref_axis',(0.071339183199232,0.,-0.997452114610254));
#8888=DIRECTION('center_axis',(0.,-1.,0.));
#8889=DIRECTION('ref_axis',(1.,0.,0.));
#8890=DIRECTION('center_axis',(-6.08376941888203E-18,-1.,-4.35119776436683E-19));
#8891=DIRECTION('ref_axis',(0.071339183199232,0.,-0.997452114610254));
#8892=DIRECTION('center_axis',(0.,-1.,0.));
#8893=DIRECTION('ref_axis',(1.,0.,0.));
#8894=DIRECTION('center_axis',(-6.08376941888203E-18,-1.,-4.35119776436683E-19));
#8895=DIRECTION('ref_axis',(0.071339183199232,0.,-0.997452114610254));
#8896=DIRECTION('center_axis',(0.,-1.,0.));
#8897=DIRECTION('ref_axis',(1.,0.,0.));
#8898=DIRECTION('center_axis',(-6.08376941888203E-18,-1.,-4.35119776436683E-19));
#8899=DIRECTION('ref_axis',(0.071339183199232,0.,-0.997452114610254));
#8900=DIRECTION('center_axis',(0.,-1.,0.));
#8901=DIRECTION('ref_axis',(1.,0.,0.));
#8902=DIRECTION('center_axis',(-6.08376941888203E-18,-1.,-4.35119776436683E-19));
#8903=DIRECTION('ref_axis',(0.071339183199232,0.,-0.997452114610254));
#8904=DIRECTION('center_axis',(0.,-1.,0.));
#8905=DIRECTION('ref_axis',(1.,0.,0.));
#8906=DIRECTION('center_axis',(-6.08376941888203E-18,-1.,-4.35119776436683E-19));
#8907=DIRECTION('ref_axis',(0.071339183199232,0.,-0.997452114610254));
#8908=DIRECTION('center_axis',(0.,-1.,0.));
#8909=DIRECTION('ref_axis',(1.,0.,0.));
#8910=DIRECTION('center_axis',(-6.08376941888203E-18,-1.,-4.35119776436683E-19));
#8911=DIRECTION('ref_axis',(0.071339183199232,0.,-0.997452114610254));
#8912=DIRECTION('center_axis',(0.,-1.,0.));
#8913=DIRECTION('ref_axis',(1.,0.,0.));
#8914=DIRECTION('center_axis',(-6.08376941888203E-18,-1.,-4.35119776436683E-19));
#8915=DIRECTION('ref_axis',(0.071339183199232,0.,-0.997452114610254));
#8916=DIRECTION('center_axis',(0.,-1.,0.));
#8917=DIRECTION('ref_axis',(1.,0.,0.));
#8918=DIRECTION('center_axis',(-6.08376941888203E-18,-1.,-4.35119776436683E-19));
#8919=DIRECTION('ref_axis',(0.071339183199232,0.,-0.997452114610254));
#8920=DIRECTION('center_axis',(0.,-1.,0.));
#8921=DIRECTION('ref_axis',(1.,0.,0.));
#8922=DIRECTION('center_axis',(-6.08376941888203E-18,-1.,-4.35119776436683E-19));
#8923=DIRECTION('ref_axis',(0.071339183199232,0.,-0.997452114610254));
#8924=DIRECTION('center_axis',(0.,-1.,0.));
#8925=DIRECTION('ref_axis',(1.,0.,0.));
#8926=DIRECTION('center_axis',(-6.08376941888203E-18,-1.,-4.35119776436683E-19));
#8927=DIRECTION('ref_axis',(0.071339183199232,0.,-0.997452114610254));
#8928=DIRECTION('center_axis',(0.,-1.,0.));
#8929=DIRECTION('ref_axis',(1.,0.,0.));
#8930=DIRECTION('center_axis',(-6.08376941888203E-18,-1.,-4.35119776436683E-19));
#8931=DIRECTION('ref_axis',(0.071339183199232,0.,-0.997452114610254));
#8932=DIRECTION('center_axis',(0.,-1.,0.));
#8933=DIRECTION('ref_axis',(1.,0.,0.));
#8934=DIRECTION('center_axis',(0.,1.,0.));
#8935=DIRECTION('ref_axis',(0.,0.,1.));
#8936=DIRECTION('center_axis',(0.,1.,0.));
#8937=DIRECTION('ref_axis',(-0.0655017617040487,0.,0.997852453629126));
#8938=DIRECTION('',(0.340703021357354,0.,0.940170969152936));
#8939=DIRECTION('center_axis',(0.,1.,0.));
#8940=DIRECTION('ref_axis',(0.,0.,1.));
#8941=DIRECTION('center_axis',(0.,1.,0.));
#8942=DIRECTION('ref_axis',(-0.0655017617040487,0.,0.997852453629126));
#8943=DIRECTION('center_axis',(0.,1.,0.));
#8944=DIRECTION('ref_axis',(0.,0.,1.));
#8945=DIRECTION('center_axis',(0.,1.,0.));
#8946=DIRECTION('ref_axis',(-0.0655017617040487,0.,0.997852453629126));
#8947=DIRECTION('center_axis',(0.,1.,0.));
#8948=DIRECTION('ref_axis',(0.,0.,1.));
#8949=DIRECTION('center_axis',(0.,1.,0.));
#8950=DIRECTION('ref_axis',(-0.0655017617040487,0.,0.997852453629126));
#8951=DIRECTION('center_axis',(0.,1.,0.));
#8952=DIRECTION('ref_axis',(0.,0.,1.));
#8953=DIRECTION('center_axis',(0.,1.,0.));
#8954=DIRECTION('ref_axis',(-0.0655017617040487,0.,0.997852453629126));
#8955=DIRECTION('center_axis',(0.,1.,0.));
#8956=DIRECTION('ref_axis',(0.,0.,1.));
#8957=DIRECTION('center_axis',(0.,1.,0.));
#8958=DIRECTION('ref_axis',(-0.0655017617040487,0.,0.997852453629126));
#8959=DIRECTION('center_axis',(0.,1.,0.));
#8960=DIRECTION('ref_axis',(0.,0.,1.));
#8961=DIRECTION('center_axis',(0.,1.,0.));
#8962=DIRECTION('ref_axis',(-0.0655017617040487,0.,0.997852453629126));
#8963=DIRECTION('center_axis',(0.,1.,0.));
#8964=DIRECTION('ref_axis',(0.,0.,1.));
#8965=DIRECTION('center_axis',(0.,1.,0.));
#8966=DIRECTION('ref_axis',(-0.0655017617040487,0.,0.997852453629126));
#8967=DIRECTION('center_axis',(0.,1.,0.));
#8968=DIRECTION('ref_axis',(0.,0.,1.));
#8969=DIRECTION('center_axis',(0.,1.,0.));
#8970=DIRECTION('ref_axis',(-0.0655017617040487,0.,0.997852453629126));
#8971=DIRECTION('center_axis',(0.,1.,0.));
#8972=DIRECTION('ref_axis',(0.,0.,1.));
#8973=DIRECTION('center_axis',(0.,1.,0.));
#8974=DIRECTION('ref_axis',(-0.0655017617040487,0.,0.997852453629126));
#8975=DIRECTION('center_axis',(0.,1.,0.));
#8976=DIRECTION('ref_axis',(0.,0.,1.));
#8977=DIRECTION('center_axis',(0.,1.,0.));
#8978=DIRECTION('ref_axis',(-0.0655017617040487,0.,0.997852453629126));
#8979=DIRECTION('center_axis',(0.,1.,0.));
#8980=DIRECTION('ref_axis',(0.,0.,1.));
#8981=DIRECTION('center_axis',(0.,1.,0.));
#8982=DIRECTION('ref_axis',(-0.0655017617040487,0.,0.997852453629126));
#8983=DIRECTION('center_axis',(0.,1.,0.));
#8984=DIRECTION('ref_axis',(0.,0.,1.));
#8985=DIRECTION('center_axis',(0.,1.,0.));
#8986=DIRECTION('ref_axis',(-0.0655017617040487,0.,0.997852453629126));
#8987=DIRECTION('center_axis',(0.,1.,0.));
#8988=DIRECTION('ref_axis',(0.,0.,1.));
#8989=DIRECTION('center_axis',(0.,1.,0.));
#8990=DIRECTION('ref_axis',(-0.0655017617040487,0.,0.997852453629126));
#8991=DIRECTION('center_axis',(0.,1.,0.));
#8992=DIRECTION('ref_axis',(0.,0.,1.));
#8993=DIRECTION('center_axis',(0.,1.,0.));
#8994=DIRECTION('ref_axis',(-0.0655017617040487,0.,0.997852453629126));
#8995=DIRECTION('center_axis',(0.,1.,0.));
#8996=DIRECTION('ref_axis',(0.,0.,1.));
#8997=DIRECTION('center_axis',(0.,1.,0.));
#8998=DIRECTION('ref_axis',(-0.0655017617040487,0.,0.997852453629126));
#8999=DIRECTION('center_axis',(0.,1.,0.));
#9000=DIRECTION('ref_axis',(0.,0.,1.));
#9001=DIRECTION('center_axis',(0.,1.,0.));
#9002=DIRECTION('ref_axis',(-0.0655017617040487,0.,0.997852453629126));
#9003=DIRECTION('center_axis',(0.,1.,0.));
#9004=DIRECTION('ref_axis',(0.,0.,1.));
#9005=DIRECTION('center_axis',(0.,1.,0.));
#9006=DIRECTION('ref_axis',(-0.0655017617040487,0.,0.997852453629126));
#9007=DIRECTION('center_axis',(0.,1.,0.));
#9008=DIRECTION('ref_axis',(0.,0.,1.));
#9009=DIRECTION('center_axis',(0.,1.,0.));
#9010=DIRECTION('ref_axis',(-0.0655017617040487,0.,0.997852453629126));
#9011=DIRECTION('center_axis',(0.,1.,0.));
#9012=DIRECTION('ref_axis',(0.,0.,1.));
#9013=DIRECTION('center_axis',(0.,1.,0.));
#9014=DIRECTION('ref_axis',(-0.0655017617040487,0.,0.997852453629126));
#9015=DIRECTION('center_axis',(0.,1.,0.));
#9016=DIRECTION('ref_axis',(0.,0.,1.));
#9017=DIRECTION('center_axis',(0.,1.,0.));
#9018=DIRECTION('ref_axis',(-0.0655017617040487,0.,0.997852453629126));
#9019=DIRECTION('center_axis',(0.,1.,0.));
#9020=DIRECTION('ref_axis',(0.,0.,1.));
#9021=DIRECTION('center_axis',(0.,1.,0.));
#9022=DIRECTION('ref_axis',(-0.0655017617040487,0.,0.997852453629126));
#9023=DIRECTION('center_axis',(0.,1.,0.));
#9024=DIRECTION('ref_axis',(0.,0.,1.));
#9025=DIRECTION('center_axis',(0.,1.,0.));
#9026=DIRECTION('ref_axis',(-0.0655017617040487,0.,0.997852453629126));
#9027=DIRECTION('center_axis',(0.,1.,0.));
#9028=DIRECTION('ref_axis',(0.,0.,1.));
#9029=DIRECTION('center_axis',(0.,1.,0.));
#9030=DIRECTION('ref_axis',(-0.0655017617040487,0.,0.997852453629126));
#9031=DIRECTION('center_axis',(0.,1.,0.));
#9032=DIRECTION('ref_axis',(0.,0.,1.));
#9033=DIRECTION('center_axis',(0.,1.,0.));
#9034=DIRECTION('ref_axis',(-0.0655017617040487,0.,0.997852453629126));
#9035=DIRECTION('center_axis',(0.,1.,0.));
#9036=DIRECTION('ref_axis',(0.,0.,1.));
#9037=DIRECTION('center_axis',(0.,1.,0.));
#9038=DIRECTION('ref_axis',(-0.0655017617040487,0.,0.997852453629126));
#9039=DIRECTION('center_axis',(0.,1.,0.));
#9040=DIRECTION('ref_axis',(0.,0.,1.));
#9041=DIRECTION('center_axis',(0.,1.,0.));
#9042=DIRECTION('ref_axis',(-0.0655017617040487,0.,0.997852453629126));
#9043=DIRECTION('center_axis',(0.,1.,0.));
#9044=DIRECTION('ref_axis',(0.,0.,1.));
#9045=DIRECTION('center_axis',(0.,1.,0.));
#9046=DIRECTION('ref_axis',(-0.0655017617040487,0.,0.997852453629126));
#9047=DIRECTION('center_axis',(0.,1.,0.));
#9048=DIRECTION('ref_axis',(0.,0.,1.));
#9049=DIRECTION('center_axis',(0.,1.,0.));
#9050=DIRECTION('ref_axis',(-0.0655017617040487,0.,0.997852453629126));
#9051=DIRECTION('center_axis',(0.,1.,0.));
#9052=DIRECTION('ref_axis',(0.,0.,1.));
#9053=DIRECTION('center_axis',(0.,1.,0.));
#9054=DIRECTION('ref_axis',(-0.0655017617040487,0.,0.997852453629126));
#9055=DIRECTION('center_axis',(0.,1.,0.));
#9056=DIRECTION('ref_axis',(0.,0.,1.));
#9057=DIRECTION('center_axis',(0.,1.,0.));
#9058=DIRECTION('ref_axis',(-0.0655017617040487,0.,0.997852453629126));
#9059=DIRECTION('center_axis',(0.,1.,0.));
#9060=DIRECTION('ref_axis',(0.,0.,1.));
#9061=DIRECTION('center_axis',(0.,1.,0.));
#9062=DIRECTION('ref_axis',(-0.0655017617040487,0.,0.997852453629126));
#9063=DIRECTION('center_axis',(0.,1.,0.));
#9064=DIRECTION('ref_axis',(0.,0.,1.));
#9065=DIRECTION('center_axis',(0.,1.,0.));
#9066=DIRECTION('ref_axis',(-0.0655017617040487,0.,0.997852453629126));
#9067=DIRECTION('center_axis',(0.,1.,0.));
#9068=DIRECTION('ref_axis',(0.,0.,1.));
#9069=DIRECTION('center_axis',(0.,1.,0.));
#9070=DIRECTION('ref_axis',(-0.0655017617040487,0.,0.997852453629126));
#9071=DIRECTION('center_axis',(0.,1.,0.));
#9072=DIRECTION('ref_axis',(0.,0.,1.));
#9073=DIRECTION('center_axis',(0.,1.,0.));
#9074=DIRECTION('ref_axis',(-0.0655017617040487,0.,0.997852453629126));
#9075=DIRECTION('center_axis',(0.,1.,0.));
#9076=DIRECTION('ref_axis',(0.,0.,1.));
#9077=DIRECTION('center_axis',(0.,1.,0.));
#9078=DIRECTION('ref_axis',(-0.0655017617040487,0.,0.997852453629126));
#9079=DIRECTION('center_axis',(0.,1.,0.));
#9080=DIRECTION('ref_axis',(0.,0.,1.));
#9081=DIRECTION('center_axis',(0.,1.,0.));
#9082=DIRECTION('ref_axis',(-0.0655017617040487,0.,0.997852453629126));
#9083=DIRECTION('center_axis',(0.,1.,0.));
#9084=DIRECTION('ref_axis',(0.,0.,1.));
#9085=DIRECTION('center_axis',(0.,1.,0.));
#9086=DIRECTION('ref_axis',(-0.0655017617040487,0.,0.997852453629126));
#9087=DIRECTION('center_axis',(0.,1.,0.));
#9088=DIRECTION('ref_axis',(0.,0.,1.));
#9089=DIRECTION('center_axis',(0.,1.,0.));
#9090=DIRECTION('ref_axis',(-0.0655017617040487,0.,0.997852453629126));
#9091=DIRECTION('center_axis',(0.,1.,0.));
#9092=DIRECTION('ref_axis',(0.,0.,1.));
#9093=DIRECTION('center_axis',(0.,1.,0.));
#9094=DIRECTION('ref_axis',(-0.0655017617040487,0.,0.997852453629126));
#9095=DIRECTION('center_axis',(0.,1.,0.));
#9096=DIRECTION('ref_axis',(0.,0.,1.));
#9097=DIRECTION('center_axis',(0.,1.,0.));
#9098=DIRECTION('ref_axis',(-0.0655017617040487,0.,0.997852453629126));
#9099=DIRECTION('center_axis',(0.,1.,0.));
#9100=DIRECTION('ref_axis',(0.,0.,1.));
#9101=DIRECTION('center_axis',(0.,1.,0.));
#9102=DIRECTION('ref_axis',(-0.0655017617040487,0.,0.997852453629126));
#9103=DIRECTION('center_axis',(0.,1.,0.));
#9104=DIRECTION('ref_axis',(0.,0.,1.));
#9105=DIRECTION('center_axis',(0.,1.,0.));
#9106=DIRECTION('ref_axis',(-0.0655017617040487,0.,0.997852453629126));
#9107=DIRECTION('center_axis',(0.,1.,0.));
#9108=DIRECTION('ref_axis',(-1.22464679914735E-16,0.,-1.));
#9109=DIRECTION('center_axis',(0.,1.,0.));
#9110=DIRECTION('ref_axis',(0.,0.,1.));
#9111=DIRECTION('center_axis',(0.,1.,0.));
#9112=DIRECTION('ref_axis',(0.,0.,1.));
#9113=DIRECTION('center_axis',(0.,1.,0.));
#9114=DIRECTION('ref_axis',(0.,0.,1.));
#9115=DIRECTION('center_axis',(0.,1.,0.));
#9116=DIRECTION('ref_axis',(0.,0.,1.));
#9117=DIRECTION('center_axis',(0.,1.,0.));
#9118=DIRECTION('ref_axis',(0.,0.,1.));
#9119=DIRECTION('center_axis',(0.,1.,0.));
#9120=DIRECTION('ref_axis',(0.,0.,1.));
#9121=DIRECTION('center_axis',(0.,1.,0.));
#9122=DIRECTION('ref_axis',(0.,0.,1.));
#9123=DIRECTION('center_axis',(0.,1.,0.));
#9124=DIRECTION('ref_axis',(0.,0.,1.));
#9125=DIRECTION('center_axis',(0.,1.,0.));
#9126=DIRECTION('ref_axis',(0.,0.,1.));
#9127=DIRECTION('center_axis',(0.,1.,0.));
#9128=DIRECTION('ref_axis',(0.,0.,1.));
#9129=DIRECTION('center_axis',(0.,1.,0.));
#9130=DIRECTION('ref_axis',(0.,0.,1.));
#9131=DIRECTION('center_axis',(0.,1.,0.));
#9132=DIRECTION('ref_axis',(0.,0.,1.));
#9133=DIRECTION('center_axis',(0.,1.,0.));
#9134=DIRECTION('ref_axis',(0.,0.,1.));
#9135=DIRECTION('center_axis',(0.,1.,0.));
#9136=DIRECTION('ref_axis',(0.,0.,1.));
#9137=DIRECTION('center_axis',(0.,1.,0.));
#9138=DIRECTION('ref_axis',(0.,0.,1.));
#9139=DIRECTION('center_axis',(0.,1.,0.));
#9140=DIRECTION('ref_axis',(0.,0.,1.));
#9141=DIRECTION('center_axis',(0.,1.,0.));
#9142=DIRECTION('ref_axis',(0.,0.,1.));
#9143=DIRECTION('center_axis',(0.,1.,0.));
#9144=DIRECTION('ref_axis',(0.,0.,1.));
#9145=DIRECTION('center_axis',(0.,1.,0.));
#9146=DIRECTION('ref_axis',(0.,0.,1.));
#9147=DIRECTION('center_axis',(0.,1.,0.));
#9148=DIRECTION('ref_axis',(0.,0.,1.));
#9149=DIRECTION('center_axis',(0.,1.,0.));
#9150=DIRECTION('ref_axis',(0.,0.,1.));
#9151=DIRECTION('center_axis',(0.,1.,0.));
#9152=DIRECTION('ref_axis',(0.,0.,1.));
#9153=DIRECTION('center_axis',(0.,1.,0.));
#9154=DIRECTION('ref_axis',(0.,0.,1.));
#9155=DIRECTION('center_axis',(0.,1.,0.));
#9156=DIRECTION('ref_axis',(0.,0.,1.));
#9157=DIRECTION('center_axis',(0.,1.,0.));
#9158=DIRECTION('ref_axis',(0.,0.,1.));
#9159=DIRECTION('center_axis',(0.,1.,0.));
#9160=DIRECTION('ref_axis',(0.,0.,1.));
#9161=DIRECTION('center_axis',(0.,1.,0.));
#9162=DIRECTION('ref_axis',(0.,0.,1.));
#9163=DIRECTION('center_axis',(0.,1.,0.));
#9164=DIRECTION('ref_axis',(0.,0.,1.));
#9165=DIRECTION('center_axis',(0.,1.,0.));
#9166=DIRECTION('ref_axis',(0.,0.,1.));
#9167=DIRECTION('center_axis',(0.,1.,0.));
#9168=DIRECTION('ref_axis',(0.,0.,1.));
#9169=DIRECTION('center_axis',(0.,1.,0.));
#9170=DIRECTION('ref_axis',(0.,0.,1.));
#9171=DIRECTION('center_axis',(0.,1.,0.));
#9172=DIRECTION('ref_axis',(0.,0.,1.));
#9173=DIRECTION('center_axis',(0.,1.,0.));
#9174=DIRECTION('ref_axis',(0.,0.,1.));
#9175=DIRECTION('center_axis',(0.,1.,0.));
#9176=DIRECTION('ref_axis',(0.,0.,1.));
#9177=DIRECTION('center_axis',(0.,1.,0.));
#9178=DIRECTION('ref_axis',(0.,0.,1.));
#9179=DIRECTION('center_axis',(0.,1.,0.));
#9180=DIRECTION('ref_axis',(0.,0.,1.));
#9181=DIRECTION('center_axis',(0.,1.,0.));
#9182=DIRECTION('ref_axis',(0.,0.,1.));
#9183=DIRECTION('center_axis',(0.,1.,0.));
#9184=DIRECTION('ref_axis',(0.,0.,1.));
#9185=DIRECTION('center_axis',(0.,1.,0.));
#9186=DIRECTION('ref_axis',(0.,0.,1.));
#9187=DIRECTION('center_axis',(0.,1.,0.));
#9188=DIRECTION('ref_axis',(0.,0.,1.));
#9189=DIRECTION('center_axis',(0.,1.,0.));
#9190=DIRECTION('ref_axis',(0.,0.,1.));
#9191=DIRECTION('center_axis',(0.,1.,0.));
#9192=DIRECTION('ref_axis',(0.,0.,1.));
#9193=DIRECTION('center_axis',(0.,-1.,0.));
#9194=DIRECTION('ref_axis',(1.,0.,0.));
#9195=DIRECTION('center_axis',(0.,1.,0.));
#9196=DIRECTION('ref_axis',(1.,0.,0.));
#9197=DIRECTION('',(0.,1.,0.));
#9198=DIRECTION('center_axis',(0.,-1.,0.));
#9199=DIRECTION('ref_axis',(1.,0.,0.));
#9200=DIRECTION('center_axis',(0.,-1.,0.));
#9201=DIRECTION('ref_axis',(1.,0.,0.));
#9202=DIRECTION('center_axis',(0.,-1.,0.));
#9203=DIRECTION('ref_axis',(1.,0.,0.));
#9204=DIRECTION('center_axis',(0.,-1.,0.));
#9205=DIRECTION('ref_axis',(1.,0.,0.));
#9206=DIRECTION('center_axis',(0.,1.,0.));
#9207=DIRECTION('ref_axis',(0.,0.,1.));
#9208=DIRECTION('center_axis',(0.,1.,0.));
#9209=DIRECTION('ref_axis',(-0.0655017617040487,0.,0.997852453629126));
#9210=DIRECTION('center_axis',(0.,1.,0.));
#9211=DIRECTION('ref_axis',(0.,0.,1.));
#9212=DIRECTION('center_axis',(0.,-1.,0.));
#9213=DIRECTION('ref_axis',(1.,0.,0.));
#9214=DIRECTION('center_axis',(-0.940170969152936,0.,0.340703021357354));
#9215=DIRECTION('ref_axis',(0.340703021357354,0.,0.940170969152936));
#9216=DIRECTION('',(0.,1.,0.));
#9217=DIRECTION('',(-0.340703021357354,0.,-0.940170969152936));
#9218=DIRECTION('',(0.,1.,0.));
#9219=DIRECTION('center_axis',(0.,1.,0.));
#9220=DIRECTION('ref_axis',(-1.,0.,0.));
#9221=DIRECTION('center_axis',(0.,1.,0.));
#9222=DIRECTION('ref_axis',(-1.,0.,0.));
#9223=DIRECTION('center_axis',(-6.08376941888203E-18,-1.,-4.35119776436683E-19));
#9224=DIRECTION('ref_axis',(0.071339183199232,0.,-0.997452114610254));
#9225=DIRECTION('center_axis',(0.,1.,0.));
#9226=DIRECTION('ref_axis',(1.,0.,0.));
#9227=DIRECTION('center_axis',(0.,-1.,0.));
#9228=DIRECTION('ref_axis',(1.,0.,0.));
#9229=DIRECTION('center_axis',(0.,-1.,0.));
#9230=DIRECTION('ref_axis',(0.,0.,-1.));
#9231=DIRECTION('center_axis',(0.,-1.,0.));
#9232=DIRECTION('ref_axis',(0.,0.,-1.));
#9233=DIRECTION('center_axis',(0.,-1.,0.));
#9234=DIRECTION('ref_axis',(0.,0.,-1.));
#9235=DIRECTION('center_axis',(0.,-1.,0.));
#9236=DIRECTION('ref_axis',(0.,0.,-1.));
#9237=DIRECTION('center_axis',(0.,1.,0.));
#9238=DIRECTION('ref_axis',(0.,0.,1.));
#9239=DIRECTION('center_axis',(0.,-1.,0.));
#9240=DIRECTION('ref_axis',(1.,0.,1.22464679914735E-16));
#9241=DIRECTION('center_axis',(-1.,0.,1.22464679914735E-16));
#9242=DIRECTION('ref_axis',(-1.22464679914735E-16,0.,-1.));
#9243=DIRECTION('center_axis',(0.,1.,0.));
#9244=DIRECTION('ref_axis',(1.,0.,1.22464679914735E-16));
#9245=DIRECTION('center_axis',(0.,1.,0.));
#9246=DIRECTION('ref_axis',(1.,0.,1.22464679914735E-16));
#9247=DIRECTION('center_axis',(0.,1.,0.));
#9248=DIRECTION('ref_axis',(0.,0.,1.));
#9249=DIRECTION('center_axis',(0.,1.,0.));
#9250=DIRECTION('ref_axis',(1.,0.,-1.22464679914735E-16));
#9251=DIRECTION('center_axis',(0.,-1.,0.));
#9252=DIRECTION('ref_axis',(-1.,0.,0.));
#9253=DIRECTION('center_axis',(0.,-1.,0.));
#9254=DIRECTION('ref_axis',(-1.,0.,0.));
#9255=DIRECTION('',(0.,1.,0.));
#9256=DIRECTION('center_axis',(0.,1.,0.));
#9257=DIRECTION('ref_axis',(0.,0.,1.));
#9258=DIRECTION('center_axis',(0.,-1.,0.));
#9259=DIRECTION('ref_axis',(1.,0.,1.22464679914735E-16));
#9260=DIRECTION('center_axis',(-1.,0.,1.22464679914735E-16));
#9261=DIRECTION('ref_axis',(-1.22464679914735E-16,0.,-1.));
#9262=DIRECTION('center_axis',(0.,1.,0.));
#9263=DIRECTION('ref_axis',(1.,0.,1.22464679914735E-16));
#9264=DIRECTION('center_axis',(0.,1.,0.));
#9265=DIRECTION('ref_axis',(1.,0.,1.22464679914735E-16));
#9266=DIRECTION('center_axis',(0.,1.,0.));
#9267=DIRECTION('ref_axis',(-1.,0.,0.));
#9268=DIRECTION('',(0.,-1.,0.));
#9269=DIRECTION('center_axis',(0.,-1.,0.));
#9270=DIRECTION('ref_axis',(1.,0.,-1.22464679914735E-16));
#9271=DIRECTION('center_axis',(0.,-1.,0.));
#9272=DIRECTION('ref_axis',(1.,0.,-1.22464679914735E-16));
#9273=DIRECTION('center_axis',(0.,1.,0.));
#9274=DIRECTION('ref_axis',(0.,0.,1.));
#9275=DIRECTION('center_axis',(0.,-1.,0.));
#9276=DIRECTION('ref_axis',(0.,0.,-1.));
#9277=DIRECTION('center_axis',(-1.,0.,-1.22464679914735E-16));
#9278=DIRECTION('ref_axis',(-1.22464679914735E-16,0.,1.));
#9279=DIRECTION('center_axis',(0.,1.,0.));
#9280=DIRECTION('ref_axis',(0.,0.,1.));
#9281=DIRECTION('center_axis',(0.,1.,0.));
#9282=DIRECTION('ref_axis',(0.,0.,1.));
#9283=CARTESIAN_POINT('',(0.,0.,0.));
#9284=CARTESIAN_POINT('Origin',(-1.175,-24.3995014586288,1.175));
#9285=CARTESIAN_POINT('',(-1.175,-24.3995014585356,0.925000000000001));
#9286=CARTESIAN_POINT('',(-1.08661165235168,-24.616007809616,1.08661165235168));
#9287=CARTESIAN_POINT('Origin',(-1.174999999812,-24.3995014585932,1.175));
#9288=CARTESIAN_POINT('',(-0.925,-24.3995014586464,1.17499999994239));
#9289=CARTESIAN_POINT('Origin',(-1.175,-24.3995014586288,1.175));
#9290=CARTESIAN_POINT('Origin',(-1.175,-24.3995014586699,1.175));
#9291=CARTESIAN_POINT('Origin',(-1.175,0.,1.175));
#9292=CARTESIAN_POINT('',(-1.175,0.940006316124423,0.925));
#9293=CARTESIAN_POINT('',(-0.925,0.940006316124423,1.175));
#9294=CARTESIAN_POINT('Ctrl Pts',(-1.175,0.940006316124423,0.925));
#9295=CARTESIAN_POINT('Ctrl Pts',(-1.17464605471507,0.939953780385706,0.925));
#9296=CARTESIAN_POINT('Ctrl Pts',(-1.17429234859085,0.939901392237853,0.925000751669285));
#9297=CARTESIAN_POINT('Ctrl Pts',(-1.14292112264119,0.9352648491392,0.925133906370411));
#9298=CARTESIAN_POINT('Ctrl Pts',(-1.10970229613428,0.93126991059705,0.931409060027585));
#9299=CARTESIAN_POINT('Ctrl Pts',(-1.04843819017674,0.925962724363295,0.956865992620609));
#9300=CARTESIAN_POINT('Ctrl Pts',(-1.02039462573854,0.924650884412138,0.976051983668191));
#9301=CARTESIAN_POINT('Ctrl Pts',(-0.998223304703363,0.924650884412138,
0.998223304703364));
#9302=CARTESIAN_POINT('Ctrl Pts',(-0.975925003007247,0.924650884412138,
1.02052160639948));
#9303=CARTESIAN_POINT('Ctrl Pts',(-0.956663382375575,0.925977661452383,
1.04874167673859));
#9304=CARTESIAN_POINT('Ctrl Pts',(-0.931202985533822,0.931340615539767,
1.11038531288344));
#9305=CARTESIAN_POINT('Ctrl Pts',(-0.925,0.935376396752938,1.14380717448394));
#9306=CARTESIAN_POINT('Ctrl Pts',(-0.925,0.940006316124423,1.175));
#9307=CARTESIAN_POINT('',(-0.925,0.,1.175));
#9308=CARTESIAN_POINT('',(-1.175,0.,0.925000000000001));
#9309=CARTESIAN_POINT('Ctrl Pts',(-0.940860215052726,-25.1721687836487,
2.31619991704752));
#9310=CARTESIAN_POINT('Ctrl Pts',(-0.987819342381379,-25.1721687836488,
2.29712471792007));
#9311=CARTESIAN_POINT('Ctrl Pts',(-1.08382837398264,-25.1545010574178,2.22074085279559));
#9312=CARTESIAN_POINT('Ctrl Pts',(-1.11649681600235,-25.1053461124929,2.10688318902699));
#9313=CARTESIAN_POINT('Ctrl Pts',(-1.1151413261711,-25.0732664836767,2.04433015308184));
#9314=CARTESIAN_POINT('Ctrl Pts',(-0.924607532577713,-25.1472355086202,
2.27618923193335));
#9315=CARTESIAN_POINT('Ctrl Pts',(-0.962363835099033,-25.1472355086203,
2.26085229894758));
#9316=CARTESIAN_POINT('Ctrl Pts',(-1.03868744909665,-25.1312305076626,2.19726051624105));
#9317=CARTESIAN_POINT('Ctrl Pts',(-1.05919287862763,-25.0874257431192,2.10222877765673));
#9318=CARTESIAN_POINT('Ctrl Pts',(-1.05369584706136,-25.0597505052586,2.05118069713954));
#9319=CARTESIAN_POINT('Ctrl Pts',(-0.901292319000646,-25.0803717639618,
2.21879208101758));
#9320=CARTESIAN_POINT('Ctrl Pts',(-0.92326048821217,-25.0803717639619,2.20986842280645));
#9321=CARTESIAN_POINT('Ctrl Pts',(-0.966191314573367,-25.065102613645,2.16960442659712));
#9322=CARTESIAN_POINT('Ctrl Pts',(-0.967902151488156,-25.0236629233191,
2.11086921723409));
#9323=CARTESIAN_POINT('Ctrl Pts',(-0.957321382619511,-24.9979912651851,
2.08248323270203));
#9324=CARTESIAN_POINT('Ctrl Pts',(-0.893817204300825,-24.9930623452453,
2.20038992119485));
#9325=CARTESIAN_POINT('Ctrl Pts',(-0.905172176117616,-24.9930623452454,
2.19577743453224));
#9326=CARTESIAN_POINT('Ctrl Pts',(-0.927599716998901,-24.9761146046,2.17543783922018));
#9327=CARTESIAN_POINT('Ctrl Pts',(-0.929551304357269,-24.9292677576328,
2.14642723669254));
#9328=CARTESIAN_POINT('Ctrl Pts',(-0.925000000000002,-24.8990972877539,
2.13260742855956));
#9329=CARTESIAN_POINT('Ctrl Pts',(-0.893817204300895,-24.9556624327026,
2.20038992119482));
#9330=CARTESIAN_POINT('Ctrl Pts',(-0.902035051583408,-24.9556624327027,
2.19705176134751));
#9331=CARTESIAN_POINT('Ctrl Pts',(-0.918934167721753,-24.9379947064717,
2.18392086610887));
#9332=CARTESIAN_POINT('Ctrl Pts',(-0.925000000000002,-24.8888397615468,
2.16461466095615));
#9333=CARTESIAN_POINT('Ctrl Pts',(-0.925000000000002,-24.8567601327306,
2.1540659228538));
#9334=CARTESIAN_POINT('',(-0.893817204301076,-24.9556624327026,2.20038992119474));
#9335=CARTESIAN_POINT('',(-1.11136027583195,-25.0999999999967,2.09892909296359));
#9336=CARTESIAN_POINT('Ctrl Pts',(-1.11136027582944,-25.1,2.0989290929682));
#9337=CARTESIAN_POINT('Ctrl Pts',(-1.07991264460103,-25.1,2.11558027391246));
#9338=CARTESIAN_POINT('Ctrl Pts',(-1.04831302005654,-25.0936427705439,2.13137530054516));
#9339=CARTESIAN_POINT('Ctrl Pts',(-0.991106317752489,-25.0690111794147,
2.15852878694693));
#9340=CARTESIAN_POINT('Ctrl Pts',(-0.965599749027235,-25.0519717586654,
2.16997895569596));
#9341=CARTESIAN_POINT('Ctrl Pts',(-0.915943233598851,-25.0022274550802,
2.19148162043466));
#9342=CARTESIAN_POINT('Ctrl Pts',(-0.901538238528905,-24.9738643007928,
2.19725179098453));
#9343=CARTESIAN_POINT('Ctrl Pts',(-0.894115325186013,-24.9563719810029,
2.20026880439344));
#9344=CARTESIAN_POINT('Ctrl Pts',(-0.893965858233318,-24.9560174136491,
2.20032953669614));
#9345=CARTESIAN_POINT('Ctrl Pts',(-0.893817204300894,-24.9556624327026,
2.20038992119482));
#9346=CARTESIAN_POINT('',(-1.1151413261711,-25.0732664836767,2.04433015308184));
#9347=CARTESIAN_POINT('Ctrl Pts',(-1.1112685462789,-25.0999703432052,2.09892786621872));
#9348=CARTESIAN_POINT('Ctrl Pts',(-1.11424812830231,-25.0915052556426,2.08075688100729));
#9349=CARTESIAN_POINT('Ctrl Pts',(-1.11553372209027,-25.0825531010645,2.06243840846708));
#9350=CARTESIAN_POINT('Ctrl Pts',(-1.1151413261711,-25.0732664836767,2.04433015308184));
#9351=CARTESIAN_POINT('',(-0.925,-24.8567601327306,2.1540659228538));
#9352=CARTESIAN_POINT('Origin',(-1.175,-24.8567601327306,2.1540659228538));
#9353=CARTESIAN_POINT('Ctrl Pts',(-0.925000000000002,-24.8567601327306,
2.1540659228538));
#9354=CARTESIAN_POINT('Ctrl Pts',(-0.925000000000002,-24.8888397615468,
2.16461466095615));
#9355=CARTESIAN_POINT('Ctrl Pts',(-0.918934167721753,-24.9379947064717,
2.18392086610887));
#9356=CARTESIAN_POINT('Ctrl Pts',(-0.902035051583408,-24.9556624327027,
2.19705176134751));
#9357=CARTESIAN_POINT('Ctrl Pts',(-0.893817204300895,-24.9556624327026,
2.20038992119482));
#9358=CARTESIAN_POINT('Ctrl Pts',(-1.1151413261711,-25.0732664836767,2.04433015308184));
#9359=CARTESIAN_POINT('Ctrl Pts',(-1.10825869236653,-24.9103789926472,1.72671092064751));
#9360=CARTESIAN_POINT('Ctrl Pts',(-1.09915747996267,-24.7521825442395,1.40762444043458));
#9361=CARTESIAN_POINT('Ctrl Pts',(-1.08661165234951,-24.6160078095925,1.08661165229624));
#9362=CARTESIAN_POINT('Ctrl Pts',(-1.05369584706136,-25.0597505052586,2.05118069713954));
#9363=CARTESIAN_POINT('Ctrl Pts',(-1.04856619945666,-24.8954722165299,1.73403776342727));
#9364=CARTESIAN_POINT('Ctrl Pts',(-1.04178004342836,-24.7355947610181,1.41547592132687));
#9365=CARTESIAN_POINT('Ctrl Pts',(-1.03273939388861,-24.597156446089,1.09430768921928));
#9366=CARTESIAN_POINT('Ctrl Pts',(-0.957321131264037,-24.9979914150259,
2.08248315675556));
#9367=CARTESIAN_POINT('Ctrl Pts',(-0.955896786807354,-24.8330804453881,
1.76458246378214));
#9368=CARTESIAN_POINT('Ctrl Pts',(-0.954065221276682,-24.6722606242315,
1.44507354427967));
#9369=CARTESIAN_POINT('Ctrl Pts',(-0.951638606997567,-24.5328758055793,
1.12055015081663));
#9370=CARTESIAN_POINT('Ctrl Pts',(-0.925000000000001,-24.8990972877539,
2.13260742855956));
#9371=CARTESIAN_POINT('Ctrl Pts',(-0.925009275582354,-24.7356069315646,
1.81227271247969));
#9372=CARTESIAN_POINT('Ctrl Pts',(-0.924987959781022,-24.5766228652813,
1.48952686317172));
#9373=CARTESIAN_POINT('Ctrl Pts',(-0.925000000000001,-24.4394912395493,
1.15867424025316));
#9374=CARTESIAN_POINT('Ctrl Pts',(-0.925000000000001,-24.8567601327305,
2.1540659228538));
#9375=CARTESIAN_POINT('Ctrl Pts',(-0.925000000000001,-24.6938726417011,
1.83269235094705));
#9376=CARTESIAN_POINT('Ctrl Pts',(-0.925000000000001,-24.5356761932933,
1.5085586156945));
#9377=CARTESIAN_POINT('Ctrl Pts',(-0.925000000000001,-24.3995014586464,
1.17499999994239));
#9378=CARTESIAN_POINT('Ctrl Pts',(-0.925000000000001,-24.3995014586464,
1.17499999994239));
#9379=CARTESIAN_POINT('Ctrl Pts',(-0.925000000000001,-24.5356761932933,
1.5085586156945));
#9380=CARTESIAN_POINT('Ctrl Pts',(-0.925000000000001,-24.6938726417011,
1.83269235094705));
#9381=CARTESIAN_POINT('Ctrl Pts',(-0.925000000000001,-24.8567601327305,
2.1540659228538));
#9382=CARTESIAN_POINT('Ctrl Pts',(-1.1151413261711,-25.0732664836767,2.04433015308184));
#9383=CARTESIAN_POINT('Ctrl Pts',(-1.10825869236653,-24.9103789926472,1.72671092064751));
#9384=CARTESIAN_POINT('Ctrl Pts',(-1.09915747996267,-24.7521825442395,1.40762444043458));
#9385=CARTESIAN_POINT('Ctrl Pts',(-1.08661165234951,-24.6160078095925,1.08661165229624));
#9386=CARTESIAN_POINT('Ctrl Pts',(-1.08661165217075,-24.6160078095393,1.08661165234461));
#9387=CARTESIAN_POINT('Ctrl Pts',(-1.40762444035136,-24.7521825441975,1.09915747996019));
#9388=CARTESIAN_POINT('Ctrl Pts',(-1.72671092060612,-24.910378992626,1.10825869236564));
#9389=CARTESIAN_POINT('Ctrl Pts',(-2.04433015308184,-25.0732664836767,1.1151413261711));
#9390=CARTESIAN_POINT('Ctrl Pts',(-1.09430768909372,-24.5971564460349,1.03273939388507));
#9391=CARTESIAN_POINT('Ctrl Pts',(-1.41547592124384,-24.7355947609757,1.04178004342651));
#9392=CARTESIAN_POINT('Ctrl Pts',(-1.73403776338595,-24.8954722165085,1.048566199456));
#9393=CARTESIAN_POINT('Ctrl Pts',(-2.05118069713953,-25.0597505052586,1.05369584706136));
#9394=CARTESIAN_POINT('Ctrl Pts',(-1.12055015068977,-24.5328758055248,0.951638606996622));
#9395=CARTESIAN_POINT('Ctrl Pts',(-1.44507354419647,-24.6722606241888,0.954065221276181));
#9396=CARTESIAN_POINT('Ctrl Pts',(-1.76458246374072,-24.8330804453666,0.955896786807171));
#9397=CARTESIAN_POINT('Ctrl Pts',(-2.08248315675556,-24.9979914150259,0.95732113126404));
#9398=CARTESIAN_POINT('Ctrl Pts',(-1.15867424012383,-24.4394912394957,0.925000000000002));
#9399=CARTESIAN_POINT('Ctrl Pts',(-1.48952686308774,-24.5766228652391,0.924987959781021));
#9400=CARTESIAN_POINT('Ctrl Pts',(-1.81227271243795,-24.7356069315433,0.925009275582359));
#9401=CARTESIAN_POINT('Ctrl Pts',(-2.13260742855956,-24.8990972877539,0.925000000000006));
#9402=CARTESIAN_POINT('Ctrl Pts',(-1.174999999812,-24.3995014585932,0.925000000000002));
#9403=CARTESIAN_POINT('Ctrl Pts',(-1.50855861561019,-24.5356761932514,0.925000000000002));
#9404=CARTESIAN_POINT('Ctrl Pts',(-1.83269235090517,-24.6938726416799,0.925000000000006));
#9405=CARTESIAN_POINT('Ctrl Pts',(-2.1540659228538,-24.8567601327306,0.925000000000006));
#9406=CARTESIAN_POINT('',(-2.04433015308184,-25.0732664836767,1.1151413261711));
#9407=CARTESIAN_POINT('Ctrl Pts',(-1.08661165217075,-24.6160078095393,1.08661165234461));
#9408=CARTESIAN_POINT('Ctrl Pts',(-1.40762444035136,-24.7521825441975,1.09915747996019));
#9409=CARTESIAN_POINT('Ctrl Pts',(-1.72671092060612,-24.910378992626,1.10825869236564));
#9410=CARTESIAN_POINT('Ctrl Pts',(-2.04433015308184,-25.0732664836767,1.1151413261711));
#9411=CARTESIAN_POINT('',(-2.1540659228538,-24.8567601327306,0.925000000000001));
#9412=CARTESIAN_POINT('Origin',(-2.1540659228538,-24.8567601327306,1.175));
#9413=CARTESIAN_POINT('Ctrl Pts',(-2.1540659228538,-24.8567601327306,0.925000000000006));
#9414=CARTESIAN_POINT('Ctrl Pts',(-1.83269235090517,-24.6938726416799,0.925000000000006));
#9415=CARTESIAN_POINT('Ctrl Pts',(-1.50855861561019,-24.5356761932514,0.925000000000002));
#9416=CARTESIAN_POINT('Ctrl Pts',(-1.174999999812,-24.3995014585932,0.925000000000002));
#9417=CARTESIAN_POINT('Ctrl Pts',(-2.04433015308184,-25.0732664836767,1.1151413261711));
#9418=CARTESIAN_POINT('Ctrl Pts',(-2.09124493004056,-25.0973262052887,1.11615794354454));
#9419=CARTESIAN_POINT('Ctrl Pts',(-2.20382622155125,-25.1483553557987,1.09336179690203));
#9420=CARTESIAN_POINT('Ctrl Pts',(-2.29076631821035,-25.1721687836487,1.00347238482497));
#9421=CARTESIAN_POINT('Ctrl Pts',(-2.31619991704712,-25.1721687836487,0.940860215053717));
#9422=CARTESIAN_POINT('Ctrl Pts',(-2.05118069713954,-25.0597505052586,1.05369584706136));
#9423=CARTESIAN_POINT('Ctrl Pts',(-2.08946675752732,-25.080506933654,1.05781862073605));
#9424=CARTESIAN_POINT('Ctrl Pts',(-2.18293349927722,-25.1255838067012,1.04590435030956));
#9425=CARTESIAN_POINT('Ctrl Pts',(-2.25573998795185,-25.1472355086202,0.974949269273367));
#9426=CARTESIAN_POINT('Ctrl Pts',(-2.27618923193302,-25.1472355086202,0.924607532578509));
#9427=CARTESIAN_POINT('Ctrl Pts',(-2.08248323270203,-24.9979912651851,0.957321382619512));
#9428=CARTESIAN_POINT('Ctrl Pts',(-2.10377272110101,-25.0172450087856,0.965256959270971));
#9429=CARTESIAN_POINT('Ctrl Pts',(-2.16014757514338,-25.0597282276739,0.969473940843));
#9430=CARTESIAN_POINT('Ctrl Pts',(-2.20689387006911,-25.0803717639618,0.930583211282995));
#9431=CARTESIAN_POINT('Ctrl Pts',(-2.2187920810174,-25.0803717639618,0.901292319001109));
#9432=CARTESIAN_POINT('Ctrl Pts',(-2.13260742855956,-24.8990972877539,0.925000000000003));
#9433=CARTESIAN_POINT('Ctrl Pts',(-2.14297228465926,-24.921725140163,0.928413478267943));
#9434=CARTESIAN_POINT('Ctrl Pts',(-2.1707111828208,-24.9702026858807,0.929402903054519));
#9435=CARTESIAN_POINT('Ctrl Pts',(-2.19423993897788,-24.9930623452453,0.908957166723379));
#9436=CARTESIAN_POINT('Ctrl Pts',(-2.20038992119475,-24.9930623452453,0.893817204301065));
#9437=CARTESIAN_POINT('Ctrl Pts',(-2.1540659228538,-24.8567601327306,0.925000000000003));
#9438=CARTESIAN_POINT('Ctrl Pts',(-2.16197747643054,-24.8808198543426,0.925000000000003));
#9439=CARTESIAN_POINT('Ctrl Pts',(-2.18104084314389,-24.9318490048526,0.920641109998422));
#9440=CARTESIAN_POINT('Ctrl Pts',(-2.19593904139831,-24.9556624327026,0.904774334011037));
#9441=CARTESIAN_POINT('Ctrl Pts',(-2.20038992119475,-24.9556624327026,0.893817204301068));
#9442=CARTESIAN_POINT('',(-2.09892909233109,-25.0999999995378,1.11136027617732));
#9443=CARTESIAN_POINT('',(-2.20038992119474,-24.9556624327026,0.893817204301076));
#9444=CARTESIAN_POINT('Ctrl Pts',(-2.20038992119475,-24.9556624327026,0.893817204301068));
#9445=CARTESIAN_POINT('Ctrl Pts',(-2.20032953669137,-24.9560174136768,0.893965858245074));
#9446=CARTESIAN_POINT('Ctrl Pts',(-2.20026880439823,-24.9563719809754,0.894115325174231));
#9447=CARTESIAN_POINT('Ctrl Pts',(-2.1972517910991,-24.973864300126,0.901538238247035));
#9448=CARTESIAN_POINT('Ctrl Pts',(-2.19148162059067,-25.0022274547193,0.915943233238585));
#9449=CARTESIAN_POINT('Ctrl Pts',(-2.16997895569596,-25.0519717586654,0.965599749027236));
#9450=CARTESIAN_POINT('Ctrl Pts',(-2.15852878694693,-25.0690111794147,0.991106317752492));
#9451=CARTESIAN_POINT('Ctrl Pts',(-2.13137530054516,-25.0936427705439,1.04831302005654));
#9452=CARTESIAN_POINT('Ctrl Pts',(-2.11558027391246,-25.1,1.07991264460103));
#9453=CARTESIAN_POINT('Ctrl Pts',(-2.0989290929682,-25.1,1.11136027582944));
#9454=CARTESIAN_POINT('Ctrl Pts',(-2.20038992119475,-24.9556624327026,0.893817204301068));
#9455=CARTESIAN_POINT('Ctrl Pts',(-2.19593904139831,-24.9556624327026,0.904774334011037));
#9456=CARTESIAN_POINT('Ctrl Pts',(-2.18104084314389,-24.9318490048526,0.920641109998422));
#9457=CARTESIAN_POINT('Ctrl Pts',(-2.16197747643054,-24.8808198543426,0.925000000000003));
#9458=CARTESIAN_POINT('Ctrl Pts',(-2.1540659228538,-24.8567601327306,0.925000000000003));
#9459=CARTESIAN_POINT('Ctrl Pts',(-2.04433015308184,-25.0732664836767,1.1151413261711));
#9460=CARTESIAN_POINT('Ctrl Pts',(-2.0624493544738,-25.0825587146023,1.1155339592842));
#9461=CARTESIAN_POINT('Ctrl Pts',(-2.08076759015079,-25.0915242675206,1.11431767001756));
#9462=CARTESIAN_POINT('Ctrl Pts',(-2.09893667562032,-25.1000013356513,1.11140392193762));
#9463=CARTESIAN_POINT('Origin',(-0.875,0.,2.1540659228538));
#9464=CARTESIAN_POINT('',(-0.925,1.14862137230264,2.1540659228538));
#9465=CARTESIAN_POINT('',(-0.925,0.,2.1540659228538));
#9466=CARTESIAN_POINT('',(-0.893817204301076,1.15803338428309,2.20038992119474));
#9467=CARTESIAN_POINT('Ctrl Pts',(-0.925,1.14862137230263,2.1540659228538));
#9468=CARTESIAN_POINT('Ctrl Pts',(-0.925,1.14953599007654,2.15733858691795));
#9469=CARTESIAN_POINT('Ctrl Pts',(-0.92467487915463,1.15042987178173,2.16066852221471));
#9470=CARTESIAN_POINT('Ctrl Pts',(-0.922703694925174,1.15293946398382,2.170445949086));
#9471=CARTESIAN_POINT('Ctrl Pts',(-0.920022025375512,1.15439005613473,2.17672193049983));
#9472=CARTESIAN_POINT('Ctrl Pts',(-0.916478067789217,1.155460037452,2.18198670171961));
#9473=CARTESIAN_POINT('Ctrl Pts',(-0.913017018490623,1.15650498734134,2.18712830747921));
#9474=CARTESIAN_POINT('Ctrl Pts',(-0.908280441080211,1.15732105324358,2.19196901633606));
#9475=CARTESIAN_POINT('Ctrl Pts',(-0.899934574346534,1.1579303085718,2.19753664470547));
#9476=CARTESIAN_POINT('Ctrl Pts',(-0.8969180997254,1.15803338428309,2.19913031095371));
#9477=CARTESIAN_POINT('Ctrl Pts',(-0.893817204301076,1.15803338428309,2.20038992119474));
#9478=CARTESIAN_POINT('',(-0.893817204301076,0.,2.20038992119474));
#9479=CARTESIAN_POINT('Origin',(-0.925,0.,0.925));
#9480=CARTESIAN_POINT('Origin',(-0.925,8.85625,8.32667268468867E-16));
#9481=CARTESIAN_POINT('Origin',(0.,8.85625,8.32667268468867E-16));
#9482=CARTESIAN_POINT('',(0.,1.6,-3.5));
#9483=CARTESIAN_POINT('Origin',(0.,1.6,8.32667268468867E-16));
#9484=CARTESIAN_POINT('',(-2.1540659228538,1.14862137230264,0.925000000000001));
#9485=CARTESIAN_POINT('Origin',(1.08100662924028E-16,8.85625,0.925));
#9486=CARTESIAN_POINT('',(-2.20038992119474,1.15803338428309,0.893817204301076));
#9487=CARTESIAN_POINT('Ctrl Pts',(-2.20038992119474,1.15803338428309,0.893817204301076));
#9488=CARTESIAN_POINT('Ctrl Pts',(-2.19913031095371,1.15803338428309,0.8969180997254));
#9489=CARTESIAN_POINT('Ctrl Pts',(-2.19753664470547,1.1579303085718,0.899934574346534));
#9490=CARTESIAN_POINT('Ctrl Pts',(-2.19196901633606,1.15732105324358,0.908280441080212));
#9491=CARTESIAN_POINT('Ctrl Pts',(-2.18712830747921,1.15650498734134,0.913017018490623));
#9492=CARTESIAN_POINT('Ctrl Pts',(-2.18198670171961,1.155460037452,0.916478067789218));
#9493=CARTESIAN_POINT('Ctrl Pts',(-2.17672193049983,1.15439005613473,0.920022025375512));
#9494=CARTESIAN_POINT('Ctrl Pts',(-2.170445949086,1.15293946398382,0.922703694925174));
#9495=CARTESIAN_POINT('Ctrl Pts',(-2.16066852221471,1.15042987178173,0.924674879154631));
#9496=CARTESIAN_POINT('Ctrl Pts',(-2.15733858691795,1.14953599007654,0.925000000000001));
#9497=CARTESIAN_POINT('Ctrl Pts',(-2.1540659228538,1.14862137230263,0.925000000000001));
#9498=CARTESIAN_POINT('',(-2.375,1.15803338428309,-2.90853614797496E-16));
#9499=CARTESIAN_POINT('Origin',(0.,1.15803338428309,0.));
#9500=CARTESIAN_POINT('',(-2.20038992119474,1.15803338428309,-0.893817204301074));
#9501=CARTESIAN_POINT('Origin',(0.,1.15803338428309,0.));
#9502=CARTESIAN_POINT('',(-2.1540659228538,1.14862137230264,-0.924999999999999));
#9503=CARTESIAN_POINT('Ctrl Pts',(-2.1540659228538,1.14862137230263,-0.924999999999999));
#9504=CARTESIAN_POINT('Ctrl Pts',(-2.15733858691795,1.14953599007654,-0.924999999999999));
#9505=CARTESIAN_POINT('Ctrl Pts',(-2.16066852221471,1.15042987178173,-0.924674879154629));
#9506=CARTESIAN_POINT('Ctrl Pts',(-2.170445949086,1.15293946398382,-0.922703694925173));
#9507=CARTESIAN_POINT('Ctrl Pts',(-2.17672193049983,1.15439005613473,-0.92002202537551));
#9508=CARTESIAN_POINT('Ctrl Pts',(-2.18198670171961,1.155460037452,-0.916478067789216));
#9509=CARTESIAN_POINT('Ctrl Pts',(-2.18715050596565,1.15650949883192,-0.913002075677123));
#9510=CARTESIAN_POINT('Ctrl Pts',(-2.19200779913724,1.15732748900863,-0.908241592383241));
#9511=CARTESIAN_POINT('Ctrl Pts',(-2.19756165833045,1.1579319246874,-0.899887214282566));
#9512=CARTESIAN_POINT('Ctrl Pts',(-2.19913999062826,1.15803338428309,-0.896894270403007));
#9513=CARTESIAN_POINT('Ctrl Pts',(-2.20038992119474,1.15803338428309,-0.893817204301074));
#9514=CARTESIAN_POINT('',(-1.175,0.940006316124423,-0.924999999999999));
#9515=CARTESIAN_POINT('Origin',(-2.16201325848057E-16,8.85625,-0.924999999999999));
#9516=CARTESIAN_POINT('',(-0.925,0.940006316124423,-1.175));
#9517=CARTESIAN_POINT('Ctrl Pts',(-0.925,0.940006316124423,-1.175));
#9518=CARTESIAN_POINT('Ctrl Pts',(-0.925,0.939953780385706,-1.17464605471507));
#9519=CARTESIAN_POINT('Ctrl Pts',(-0.925000751669284,0.939901392237853,
-1.17429234859085));
#9520=CARTESIAN_POINT('Ctrl Pts',(-0.92513390637041,0.9352648491392,-1.14292112264119));
#9521=CARTESIAN_POINT('Ctrl Pts',(-0.931409060027585,0.931269910597049,
-1.10970229613428));
#9522=CARTESIAN_POINT('Ctrl Pts',(-0.956865992620609,0.925962724363293,
-1.04843819017674));
#9523=CARTESIAN_POINT('Ctrl Pts',(-0.97605198366819,0.924650884412138,-1.02039462573853));
#9524=CARTESIAN_POINT('Ctrl Pts',(-0.998223304703363,0.924650884412138,
-0.998223304703362));
#9525=CARTESIAN_POINT('Ctrl Pts',(-1.02052160639948,0.924650884412138,-0.975925003007245));
#9526=CARTESIAN_POINT('Ctrl Pts',(-1.04874167673859,0.925977661452383,-0.956663382375574));
#9527=CARTESIAN_POINT('Ctrl Pts',(-1.11038531288344,0.931340615539767,-0.93120298553382));
#9528=CARTESIAN_POINT('Ctrl Pts',(-1.14380717448394,0.935376396752938,-0.924999999999999));
#9529=CARTESIAN_POINT('Ctrl Pts',(-1.175,0.940006316124423,-0.924999999999999));
#9530=CARTESIAN_POINT('',(-0.925,1.14862137230264,-2.1540659228538));
#9531=CARTESIAN_POINT('Origin',(-0.925,8.85625,8.32667268468867E-16));
#9532=CARTESIAN_POINT('',(-0.893817204301076,1.15803338428309,-2.20038992119474));
#9533=CARTESIAN_POINT('Ctrl Pts',(-0.893817204301076,1.15803338428309,-2.20038992119474));
#9534=CARTESIAN_POINT('Ctrl Pts',(-0.8969180997254,1.15803338428309,-2.19913031095371));
#9535=CARTESIAN_POINT('Ctrl Pts',(-0.899934574346534,1.1579303085718,-2.19753664470547));
#9536=CARTESIAN_POINT('Ctrl Pts',(-0.908280441080211,1.15732105324358,-2.19196901633606));
#9537=CARTESIAN_POINT('Ctrl Pts',(-0.913017018490623,1.15650498734134,-2.18712830747921));
#9538=CARTESIAN_POINT('Ctrl Pts',(-0.916478067789217,1.155460037452,-2.18198670171961));
#9539=CARTESIAN_POINT('Ctrl Pts',(-0.920022025375512,1.15439005613473,-2.17672193049983));
#9540=CARTESIAN_POINT('Ctrl Pts',(-0.922703694925174,1.15293946398382,-2.170445949086));
#9541=CARTESIAN_POINT('Ctrl Pts',(-0.92467487915463,1.15042987178173,-2.16066852221471));
#9542=CARTESIAN_POINT('Ctrl Pts',(-0.925,1.14953599007654,-2.15733858691795));
#9543=CARTESIAN_POINT('Ctrl Pts',(-0.925,1.14862137230263,-2.1540659228538));
#9544=CARTESIAN_POINT('',(0.893817204301075,1.15803338428309,-2.20038992119474));
#9545=CARTESIAN_POINT('Origin',(0.,1.15803338428309,0.));
#9546=CARTESIAN_POINT('',(0.925,1.14862137230264,-2.1540659228538));
#9547=CARTESIAN_POINT('Ctrl Pts',(0.925,1.14862137230263,-2.1540659228538));
#9548=CARTESIAN_POINT('Ctrl Pts',(0.925,1.14953599007654,-2.15733858691795));
#9549=CARTESIAN_POINT('Ctrl Pts',(0.92467487915463,1.15042987178173,-2.16066852221471));
#9550=CARTESIAN_POINT('Ctrl Pts',(0.922703694925174,1.15293946398382,-2.170445949086));
#9551=CARTESIAN_POINT('Ctrl Pts',(0.920022025375511,1.15439005613473,-2.17672193049983));
#9552=CARTESIAN_POINT('Ctrl Pts',(0.916478067789217,1.155460037452,-2.18198670171961));
#9553=CARTESIAN_POINT('Ctrl Pts',(0.913017018490622,1.15650498734134,-2.18712830747921));
#9554=CARTESIAN_POINT('Ctrl Pts',(0.908280441080211,1.15732105324358,-2.19196901633606));
#9555=CARTESIAN_POINT('Ctrl Pts',(0.899934574346533,1.1579303085718,-2.19753664470547));
#9556=CARTESIAN_POINT('Ctrl Pts',(0.896918099725399,1.15803338428309,-2.19913031095371));
#9557=CARTESIAN_POINT('Ctrl Pts',(0.893817204301075,1.15803338428309,-2.20038992119474));
#9558=CARTESIAN_POINT('',(0.925,0.940006316124423,-1.175));
#9559=CARTESIAN_POINT('Origin',(0.925,8.85625,8.32667268468867E-16));
#9560=CARTESIAN_POINT('',(1.175,0.940006316124423,-0.925));
#9561=CARTESIAN_POINT('Ctrl Pts',(1.175,0.940006316124423,-0.925));
#9562=CARTESIAN_POINT('Ctrl Pts',(1.17464605471507,0.939953780385706,-0.925));
#9563=CARTESIAN_POINT('Ctrl Pts',(1.17429234859085,0.939901392237853,-0.925000751669284));
#9564=CARTESIAN_POINT('Ctrl Pts',(1.14292112264119,0.9352648491392,-0.92513390637041));
#9565=CARTESIAN_POINT('Ctrl Pts',(1.10970229613428,0.93126991059705,-0.931409060027584));
#9566=CARTESIAN_POINT('Ctrl Pts',(1.04843819017674,0.925962724363295,-0.956865992620608));
#9567=CARTESIAN_POINT('Ctrl Pts',(1.02039462573854,0.924650884412138,-0.97605198366819));
#9568=CARTESIAN_POINT('Ctrl Pts',(0.998223304703363,0.924650884412138,-0.998223304703363));
#9569=CARTESIAN_POINT('Ctrl Pts',(0.975925003007247,0.924650884412138,-1.02052160639948));
#9570=CARTESIAN_POINT('Ctrl Pts',(0.956663382375575,0.925977661452383,-1.04874167673859));
#9571=CARTESIAN_POINT('Ctrl Pts',(0.931202985533822,0.931340615539767,-1.11038531288344));
#9572=CARTESIAN_POINT('Ctrl Pts',(0.925,0.935376396752938,-1.14380717448394));
#9573=CARTESIAN_POINT('Ctrl Pts',(0.925,0.940006316124423,-1.175));
#9574=CARTESIAN_POINT('',(2.1540659228538,1.14862137230264,-0.925));
#9575=CARTESIAN_POINT('Origin',(-2.16201325848057E-16,8.85625,-0.924999999999999));
#9576=CARTESIAN_POINT('',(2.20038992119474,1.15803338428309,-0.893817204301075));
#9577=CARTESIAN_POINT('Ctrl Pts',(2.20038992119474,1.15803338428309,-0.893817204301075));
#9578=CARTESIAN_POINT('Ctrl Pts',(2.19913031095371,1.15803338428309,-0.896918099725399));
#9579=CARTESIAN_POINT('Ctrl Pts',(2.19753664470547,1.1579303085718,-0.899934574346533));
#9580=CARTESIAN_POINT('Ctrl Pts',(2.19196901633606,1.15732105324358,-0.908280441080211));
#9581=CARTESIAN_POINT('Ctrl Pts',(2.18712830747921,1.15650498734134,-0.913017018490622));
#9582=CARTESIAN_POINT('Ctrl Pts',(2.18198670171961,1.155460037452,-0.916478067789217));
#9583=CARTESIAN_POINT('Ctrl Pts',(2.17672193049983,1.15439005613473,-0.920022025375511));
#9584=CARTESIAN_POINT('Ctrl Pts',(2.170445949086,1.15293946398382,-0.922703694925174));
#9585=CARTESIAN_POINT('Ctrl Pts',(2.16066852221471,1.15042987178173,-0.92467487915463));
#9586=CARTESIAN_POINT('Ctrl Pts',(2.15733858691795,1.14953599007654,-0.925));
#9587=CARTESIAN_POINT('Ctrl Pts',(2.1540659228538,1.14862137230263,-0.925));
#9588=CARTESIAN_POINT('',(2.20038992119474,1.15803338428309,0.893817204301076));
#9589=CARTESIAN_POINT('Origin',(0.,1.15803338428309,0.));
#9590=CARTESIAN_POINT('',(2.1540659228538,1.14862137230264,0.925));
#9591=CARTESIAN_POINT('Ctrl Pts',(2.1540659228538,1.14862137230263,0.925));
#9592=CARTESIAN_POINT('Ctrl Pts',(2.15733858691795,1.14953599007654,0.925));
#9593=CARTESIAN_POINT('Ctrl Pts',(2.16066852221471,1.15042987178173,0.92467487915463));
#9594=CARTESIAN_POINT('Ctrl Pts',(2.170445949086,1.15293946398382,0.922703694925174));
#9595=CARTESIAN_POINT('Ctrl Pts',(2.17672193049983,1.15439005613473,0.920022025375512));
#9596=CARTESIAN_POINT('Ctrl Pts',(2.18198670171961,1.155460037452,0.916478067789217));
#9597=CARTESIAN_POINT('Ctrl Pts',(2.18712830747921,1.15650498734134,0.913017018490623));
#9598=CARTESIAN_POINT('Ctrl Pts',(2.19196901633606,1.15732105324358,0.908280441080211));
#9599=CARTESIAN_POINT('Ctrl Pts',(2.19753664470547,1.1579303085718,0.899934574346534));
#9600=CARTESIAN_POINT('Ctrl Pts',(2.19913031095371,1.15803338428309,0.8969180997254));
#9601=CARTESIAN_POINT('Ctrl Pts',(2.20038992119474,1.15803338428309,0.893817204301076));
#9602=CARTESIAN_POINT('',(1.175,0.940006316124423,0.925));
#9603=CARTESIAN_POINT('Origin',(1.08100662924028E-16,8.85625,0.925));
#9604=CARTESIAN_POINT('',(0.925,0.940006316124423,1.175));
#9605=CARTESIAN_POINT('Ctrl Pts',(0.925,0.940006316124423,1.175));
#9606=CARTESIAN_POINT('Ctrl Pts',(0.925,0.939953780385706,1.17464605471507));
#9607=CARTESIAN_POINT('Ctrl Pts',(0.925000751669284,0.939901392237853,1.17429234859085));
#9608=CARTESIAN_POINT('Ctrl Pts',(0.92513390637041,0.9352648491392,1.14292112264119));
#9609=CARTESIAN_POINT('Ctrl Pts',(0.931409060027585,0.931269910597049,1.10970229613428));
#9610=CARTESIAN_POINT('Ctrl Pts',(0.956865992620609,0.925962724363293,1.04843819017674));
#9611=CARTESIAN_POINT('Ctrl Pts',(0.97605198366819,0.924650884412138,1.02039462573854));
#9612=CARTESIAN_POINT('Ctrl Pts',(0.998223304703363,0.924650884412138,0.998223304703364));
#9613=CARTESIAN_POINT('Ctrl Pts',(1.02052160639948,0.924650884412138,0.975925003007247));
#9614=CARTESIAN_POINT('Ctrl Pts',(1.04874167673859,0.925977661452383,0.956663382375576));
#9615=CARTESIAN_POINT('Ctrl Pts',(1.11038531288344,0.931340615539767,0.931202985533822));
#9616=CARTESIAN_POINT('Ctrl Pts',(1.14380717448394,0.935376396752938,0.925));
#9617=CARTESIAN_POINT('Ctrl Pts',(1.175,0.940006316124423,0.925));
#9618=CARTESIAN_POINT('',(0.925,1.14862137230264,2.1540659228538));
#9619=CARTESIAN_POINT('Origin',(0.925,8.85625,8.32667268468867E-16));
#9620=CARTESIAN_POINT('',(0.893817204301075,1.15803338428309,2.20038992119474));
#9621=CARTESIAN_POINT('Ctrl Pts',(0.893817204301075,1.15803338428309,2.20038992119474));
#9622=CARTESIAN_POINT('Ctrl Pts',(0.896918099725399,1.15803338428309,2.19913031095371));
#9623=CARTESIAN_POINT('Ctrl Pts',(0.899934574346533,1.1579303085718,2.19753664470547));
#9624=CARTESIAN_POINT('Ctrl Pts',(0.908280441080211,1.15732105324358,2.19196901633606));
#9625=CARTESIAN_POINT('Ctrl Pts',(0.913017018490622,1.15650498734134,2.18712830747921));
#9626=CARTESIAN_POINT('Ctrl Pts',(0.916478067789217,1.155460037452,2.18198670171961));
#9627=CARTESIAN_POINT('Ctrl Pts',(0.920022025375511,1.15439005613473,2.17672193049983));
#9628=CARTESIAN_POINT('Ctrl Pts',(0.922703694925174,1.15293946398382,2.170445949086));
#9629=CARTESIAN_POINT('Ctrl Pts',(0.92467487915463,1.15042987178173,2.16066852221471));
#9630=CARTESIAN_POINT('Ctrl Pts',(0.925,1.14953599007654,2.15733858691795));
#9631=CARTESIAN_POINT('Ctrl Pts',(0.925,1.14862137230263,2.1540659228538));
#9632=CARTESIAN_POINT('Origin',(0.,1.15803338428309,0.));
#9633=CARTESIAN_POINT('Origin',(-2.18746428542274,0.,0.925000000000001));
#9634=CARTESIAN_POINT('',(-2.1540659228538,0.,0.925000000000001));
#9635=CARTESIAN_POINT('Origin',(-2.1540659228538,0.,0.875000000000001));
#9636=CARTESIAN_POINT('',(-2.20038992119474,0.,0.893817204301076));
#9637=CARTESIAN_POINT('Origin',(1.175,-24.3995014586288,1.175));
#9638=CARTESIAN_POINT('',(0.925,-24.3995014585356,1.175));
#9639=CARTESIAN_POINT('',(1.08661165235168,-24.616007809616,1.08661165235168));
#9640=CARTESIAN_POINT('Origin',(1.175,-24.3995014585932,1.174999999812));
#9641=CARTESIAN_POINT('',(1.17499999994239,-24.3995014586464,0.925));
#9642=CARTESIAN_POINT('Origin',(1.175,-24.3995014586288,1.175));
#9643=CARTESIAN_POINT('Origin',(1.175,-24.3995014586699,1.175));
#9644=CARTESIAN_POINT('Origin',(1.175,0.,1.175));
#9645=CARTESIAN_POINT('',(1.175,0.,0.925));
#9646=CARTESIAN_POINT('',(0.925,0.,1.175));
#9647=CARTESIAN_POINT('Ctrl Pts',(2.31619991704752,-25.1721687836487,0.940860215052726));
#9648=CARTESIAN_POINT('Ctrl Pts',(2.29076631821092,-25.1721687836488,1.00347238482427));
#9649=CARTESIAN_POINT('Ctrl Pts',(2.20382622155181,-25.1483553557989,1.09336179690188));
#9650=CARTESIAN_POINT('Ctrl Pts',(2.0912449300407,-25.0973262052888,1.11615794354454));
#9651=CARTESIAN_POINT('Ctrl Pts',(2.04433015308184,-25.0732664836767,1.1151413261711));
#9652=CARTESIAN_POINT('Ctrl Pts',(2.27618923193335,-25.1472355086202,0.924607532577712));
#9653=CARTESIAN_POINT('Ctrl Pts',(2.25573998795232,-25.1472355086203,0.974949269272809));
#9654=CARTESIAN_POINT('Ctrl Pts',(2.18293349927769,-25.1255838067014,1.04590435030947));
#9655=CARTESIAN_POINT('Ctrl Pts',(2.08946675752743,-25.080506933654,1.05781862073606));
#9656=CARTESIAN_POINT('Ctrl Pts',(2.05118069713954,-25.0597505052586,1.05369584706136));
#9657=CARTESIAN_POINT('Ctrl Pts',(2.21879208101758,-25.0803717639618,0.901292319000645));
#9658=CARTESIAN_POINT('Ctrl Pts',(2.20689387006941,-25.080371763962,0.93058321128268));
#9659=CARTESIAN_POINT('Ctrl Pts',(2.16014757514367,-25.0597282276741,0.969473940843));
#9660=CARTESIAN_POINT('Ctrl Pts',(2.10377272110108,-25.0172450087856,0.965256959270995));
#9661=CARTESIAN_POINT('Ctrl Pts',(2.08248323270203,-24.9979912651851,0.957321382619512));
#9662=CARTESIAN_POINT('Ctrl Pts',(2.20038992119485,-24.9930623452453,0.893817204300825));
#9663=CARTESIAN_POINT('Ctrl Pts',(2.19423993897803,-24.9930623452455,0.908957166723213));
#9664=CARTESIAN_POINT('Ctrl Pts',(2.17071118282094,-24.970202685881,0.929402903054513));
#9665=CARTESIAN_POINT('Ctrl Pts',(2.14297228465929,-24.9217251401631,0.928413478267952));
#9666=CARTESIAN_POINT('Ctrl Pts',(2.13260742855956,-24.8990972877539,0.925000000000002));
#9667=CARTESIAN_POINT('Ctrl Pts',(2.20038992119482,-24.9556624327026,0.893817204300894));
#9668=CARTESIAN_POINT('Ctrl Pts',(2.19593904139841,-24.9556624327027,0.904774334010913));
#9669=CARTESIAN_POINT('Ctrl Pts',(2.18104084314399,-24.9318490048528,0.920641109998394));
#9670=CARTESIAN_POINT('Ctrl Pts',(2.16197747643056,-24.8808198543427,0.925000000000002));
#9671=CARTESIAN_POINT('Ctrl Pts',(2.1540659228538,-24.8567601327306,0.925000000000002));
#9672=CARTESIAN_POINT('',(2.20038992119474,-24.9556624327026,0.893817204301076));
#9673=CARTESIAN_POINT('',(2.0989290929636,-25.0999999999967,1.11136027583195));
#9674=CARTESIAN_POINT('Ctrl Pts',(2.0989290929682,-25.1,1.11136027582944));
#9675=CARTESIAN_POINT('Ctrl Pts',(2.11558027391246,-25.1,1.07991264460103));
#9676=CARTESIAN_POINT('Ctrl Pts',(2.13137530054516,-25.0936427705439,1.04831302005654));
#9677=CARTESIAN_POINT('Ctrl Pts',(2.15852878694692,-25.0690111794147,0.991106317752492));
#9678=CARTESIAN_POINT('Ctrl Pts',(2.16997895569596,-25.0519717586654,0.965599749027237));
#9679=CARTESIAN_POINT('Ctrl Pts',(2.19148162039095,-25.0022274551813,0.91594323369982));
#9680=CARTESIAN_POINT('Ctrl Pts',(2.19725179095243,-24.9738643009796,0.90153823860788));
#9681=CARTESIAN_POINT('Ctrl Pts',(2.20026880439281,-24.9563719810065,0.89411532518757));
#9682=CARTESIAN_POINT('Ctrl Pts',(2.20032953669676,-24.9560174136455,0.893965858231799));
#9683=CARTESIAN_POINT('Ctrl Pts',(2.20038992119482,-24.9556624327026,0.893817204300895));
#9684=CARTESIAN_POINT('',(2.04433015308184,-25.0732664836767,1.1151413261711));
#9685=CARTESIAN_POINT('Ctrl Pts',(2.09893667634616,-25.10000133599,1.11140392182122));
#9686=CARTESIAN_POINT('Ctrl Pts',(2.08076759063865,-25.0915242677594,1.11431766998517));
#9687=CARTESIAN_POINT('Ctrl Pts',(2.06244935471508,-25.082558714726,1.11553395928943));
#9688=CARTESIAN_POINT('Ctrl Pts',(2.04433015308184,-25.0732664836767,1.1151413261711));
#9689=CARTESIAN_POINT('',(2.1540659228538,-24.8567601327306,0.925));
#9690=CARTESIAN_POINT('Origin',(2.1540659228538,-24.8567601327306,1.175));
#9691=CARTESIAN_POINT('Ctrl Pts',(2.1540659228538,-24.8567601327306,0.925000000000002));
#9692=CARTESIAN_POINT('Ctrl Pts',(2.16197747643056,-24.8808198543427,0.925000000000002));
#9693=CARTESIAN_POINT('Ctrl Pts',(2.18104084314399,-24.9318490048528,0.920641109998394));
#9694=CARTESIAN_POINT('Ctrl Pts',(2.19593904139841,-24.9556624327027,0.904774334010913));
#9695=CARTESIAN_POINT('Ctrl Pts',(2.20038992119482,-24.9556624327026,0.893817204300894));
#9696=CARTESIAN_POINT('Ctrl Pts',(2.04433015308184,-25.0732664836767,1.1151413261711));
#9697=CARTESIAN_POINT('Ctrl Pts',(1.72671092064751,-24.9103789926472,1.10825869236653));
#9698=CARTESIAN_POINT('Ctrl Pts',(1.40762444043457,-24.7521825442394,1.09915747996267));
#9699=CARTESIAN_POINT('Ctrl Pts',(1.08661165229624,-24.6160078095925,1.08661165234952));
#9700=CARTESIAN_POINT('Ctrl Pts',(2.05118069713954,-25.0597505052586,1.05369584706136));
#9701=CARTESIAN_POINT('Ctrl Pts',(1.73403776342727,-24.8954722165299,1.04856619945666));
#9702=CARTESIAN_POINT('Ctrl Pts',(1.41547592132686,-24.7355947610181,1.04178004342836));
#9703=CARTESIAN_POINT('Ctrl Pts',(1.09430768921928,-24.597156446089,1.03273939388861));
#9704=CARTESIAN_POINT('Ctrl Pts',(2.08248315675556,-24.9979914150259,0.957321131264037));
#9705=CARTESIAN_POINT('Ctrl Pts',(1.76458246378214,-24.8330804453881,0.955896786807354));
#9706=CARTESIAN_POINT('Ctrl Pts',(1.44507354427966,-24.6722606242315,0.954065221276683));
#9707=CARTESIAN_POINT('Ctrl Pts',(1.12055015081663,-24.5328758055793,0.951638606997567));
#9708=CARTESIAN_POINT('Ctrl Pts',(2.13260742855956,-24.8990972877539,0.925000000000002));
#9709=CARTESIAN_POINT('Ctrl Pts',(1.81227271247969,-24.7356069315646,0.925009275582354));
#9710=CARTESIAN_POINT('Ctrl Pts',(1.48952686317172,-24.5766228652813,0.924987959781022));
#9711=CARTESIAN_POINT('Ctrl Pts',(1.15867424025316,-24.4394912395493,0.925000000000001));
#9712=CARTESIAN_POINT('Ctrl Pts',(2.1540659228538,-24.8567601327306,0.925000000000002));
#9713=CARTESIAN_POINT('Ctrl Pts',(1.83269235094705,-24.6938726417011,0.925000000000002));
#9714=CARTESIAN_POINT('Ctrl Pts',(1.50855861569449,-24.5356761932933,0.925000000000001));
#9715=CARTESIAN_POINT('Ctrl Pts',(1.17499999994239,-24.3995014586464,0.925000000000001));
#9716=CARTESIAN_POINT('Ctrl Pts',(1.17499999994239,-24.3995014586464,0.925000000000001));
#9717=CARTESIAN_POINT('Ctrl Pts',(1.50855861569449,-24.5356761932933,0.925000000000001));
#9718=CARTESIAN_POINT('Ctrl Pts',(1.83269235094705,-24.6938726417011,0.925000000000002));
#9719=CARTESIAN_POINT('Ctrl Pts',(2.1540659228538,-24.8567601327306,0.925000000000002));
#9720=CARTESIAN_POINT('Ctrl Pts',(2.04433015308184,-25.0732664836767,1.1151413261711));
#9721=CARTESIAN_POINT('Ctrl Pts',(1.72671092064751,-24.9103789926472,1.10825869236653));
#9722=CARTESIAN_POINT('Ctrl Pts',(1.40762444043457,-24.7521825442394,1.09915747996267));
#9723=CARTESIAN_POINT('Ctrl Pts',(1.08661165229624,-24.6160078095925,1.08661165234952));
#9724=CARTESIAN_POINT('Ctrl Pts',(1.08661165234461,-24.6160078095393,1.08661165217075));
#9725=CARTESIAN_POINT('Ctrl Pts',(1.09915747996019,-24.7521825441975,1.40762444035136));
#9726=CARTESIAN_POINT('Ctrl Pts',(1.10825869236563,-24.910378992626,1.72671092060612));
#9727=CARTESIAN_POINT('Ctrl Pts',(1.1151413261711,-25.0732664836767,2.04433015308184));
#9728=CARTESIAN_POINT('Ctrl Pts',(1.03273939388507,-24.5971564460349,1.09430768909372));
#9729=CARTESIAN_POINT('Ctrl Pts',(1.04178004342651,-24.7355947609757,1.41547592124385));
#9730=CARTESIAN_POINT('Ctrl Pts',(1.048566199456,-24.8954722165085,1.73403776338594));
#9731=CARTESIAN_POINT('Ctrl Pts',(1.05369584706136,-25.0597505052586,2.05118069713954));
#9732=CARTESIAN_POINT('Ctrl Pts',(0.951638606996622,-24.5328758055248,1.12055015068977));
#9733=CARTESIAN_POINT('Ctrl Pts',(0.95406522127618,-24.6722606241889,1.44507354419647));
#9734=CARTESIAN_POINT('Ctrl Pts',(0.955896786807168,-24.8330804453666,1.76458246374072));
#9735=CARTESIAN_POINT('Ctrl Pts',(0.957321131264037,-24.9979914150259,2.08248315675556));
#9736=CARTESIAN_POINT('Ctrl Pts',(0.925000000000001,-24.4394912394957,1.15867424012383));
#9737=CARTESIAN_POINT('Ctrl Pts',(0.92498795978102,-24.5766228652391,1.48952686308775));
#9738=CARTESIAN_POINT('Ctrl Pts',(0.925009275582355,-24.7356069315433,1.81227271243795));
#9739=CARTESIAN_POINT('Ctrl Pts',(0.925000000000001,-24.8990972877539,2.13260742855956));
#9740=CARTESIAN_POINT('Ctrl Pts',(0.925000000000001,-24.3995014585932,1.174999999812));
#9741=CARTESIAN_POINT('Ctrl Pts',(0.925000000000001,-24.5356761932514,1.5085586156102));
#9742=CARTESIAN_POINT('Ctrl Pts',(0.925000000000001,-24.6938726416799,1.83269235090517));
#9743=CARTESIAN_POINT('Ctrl Pts',(0.925000000000001,-24.8567601327306,2.1540659228538));
#9744=CARTESIAN_POINT('',(1.1151413261711,-25.0732664836767,2.04433015308184));
#9745=CARTESIAN_POINT('Ctrl Pts',(1.08661165234461,-24.6160078095393,1.08661165217075));
#9746=CARTESIAN_POINT('Ctrl Pts',(1.09915747996019,-24.7521825441975,1.40762444035136));
#9747=CARTESIAN_POINT('Ctrl Pts',(1.10825869236563,-24.910378992626,1.72671092060612));
#9748=CARTESIAN_POINT('Ctrl Pts',(1.1151413261711,-25.0732664836767,2.04433015308184));
#9749=CARTESIAN_POINT('',(0.925,-24.8567601327306,2.1540659228538));
#9750=CARTESIAN_POINT('Origin',(1.175,-24.8567601327306,2.1540659228538));
#9751=CARTESIAN_POINT('Ctrl Pts',(0.925000000000001,-24.8567601327306,2.1540659228538));
#9752=CARTESIAN_POINT('Ctrl Pts',(0.925000000000001,-24.6938726416799,1.83269235090517));
#9753=CARTESIAN_POINT('Ctrl Pts',(0.925000000000001,-24.5356761932514,1.5085586156102));
#9754=CARTESIAN_POINT('Ctrl Pts',(0.925000000000001,-24.3995014585932,1.174999999812));
#9755=CARTESIAN_POINT('Ctrl Pts',(1.1151413261711,-25.0732664836767,2.04433015308183));
#9756=CARTESIAN_POINT('Ctrl Pts',(1.11615794354453,-25.0973262052887,2.09124493004056));
#9757=CARTESIAN_POINT('Ctrl Pts',(1.09336179690203,-25.1483553557987,2.20382622155133));
#9758=CARTESIAN_POINT('Ctrl Pts',(1.00347238482497,-25.1721687836487,2.29076631821035));
#9759=CARTESIAN_POINT('Ctrl Pts',(0.940860215053716,-25.1721687836487,2.31619991704712));
#9760=CARTESIAN_POINT('Ctrl Pts',(1.05369584706136,-25.0597505052586,2.05118069713953));
#9761=CARTESIAN_POINT('Ctrl Pts',(1.05781862073605,-25.080506933654,2.08946675752732));
#9762=CARTESIAN_POINT('Ctrl Pts',(1.04590435030957,-25.1255838067013,2.18293349927729));
#9763=CARTESIAN_POINT('Ctrl Pts',(0.974949269273366,-25.1472355086202,2.25573998795185));
#9764=CARTESIAN_POINT('Ctrl Pts',(0.924607532578508,-25.1472355086202,2.27618923193303));
#9765=CARTESIAN_POINT('Ctrl Pts',(0.957321382619509,-24.9979912651851,2.08248323270203));
#9766=CARTESIAN_POINT('Ctrl Pts',(0.96525695927097,-25.0172450087855,2.10377272110101));
#9767=CARTESIAN_POINT('Ctrl Pts',(0.969473940843013,-25.059728227674,2.16014757514342));
#9768=CARTESIAN_POINT('Ctrl Pts',(0.930583211282994,-25.0803717639618,2.20689387006911));
#9769=CARTESIAN_POINT('Ctrl Pts',(0.901292319001108,-25.0803717639618,2.2187920810174));
#9770=CARTESIAN_POINT('Ctrl Pts',(0.925,-24.8990972877539,2.13260742855956));
#9771=CARTESIAN_POINT('Ctrl Pts',(0.928413478267941,-24.921725140163,2.14297228465926));
#9772=CARTESIAN_POINT('Ctrl Pts',(0.929402903054523,-24.9702026858808,2.17071118282081));
#9773=CARTESIAN_POINT('Ctrl Pts',(0.908957166723378,-24.9930623452453,2.19423993897788));
#9774=CARTESIAN_POINT('Ctrl Pts',(0.893817204301064,-24.9930623452453,2.20038992119475));
#9775=CARTESIAN_POINT('Ctrl Pts',(0.925,-24.8567601327305,2.1540659228538));
#9776=CARTESIAN_POINT('Ctrl Pts',(0.925000000000001,-24.8808198543426,2.16197747643054));
#9777=CARTESIAN_POINT('Ctrl Pts',(0.920641109998421,-24.9318490048526,2.1810408431439));
#9778=CARTESIAN_POINT('Ctrl Pts',(0.904774334011037,-24.9556624327026,2.19593904139831));
#9779=CARTESIAN_POINT('Ctrl Pts',(0.893817204301067,-24.9556624327026,2.20038992119475));
#9780=CARTESIAN_POINT('',(1.11136027617732,-25.0999999995378,2.09892909233108));
#9781=CARTESIAN_POINT('',(0.893817204301075,-24.9556624327026,2.20038992119474));
#9782=CARTESIAN_POINT('Ctrl Pts',(0.893817204301067,-24.9556624327026,2.20038992119475));
#9783=CARTESIAN_POINT('Ctrl Pts',(0.893965858245941,-24.9560174136789,2.20032953669101));
#9784=CARTESIAN_POINT('Ctrl Pts',(0.894115325173341,-24.9563719809733,2.20026880439859));
#9785=CARTESIAN_POINT('Ctrl Pts',(0.901538238199588,-24.9738643000139,2.19725179111839));
#9786=CARTESIAN_POINT('Ctrl Pts',(0.915943233177999,-25.0022274546586,2.1914816206169));
#9787=CARTESIAN_POINT('Ctrl Pts',(0.965599749027229,-25.0519717586654,2.16997895569596));
#9788=CARTESIAN_POINT('Ctrl Pts',(0.991106317752474,-25.0690111794147,2.15852878694693));
#9789=CARTESIAN_POINT('Ctrl Pts',(1.04831302005654,-25.0936427705439,2.13137530054516));
#9790=CARTESIAN_POINT('Ctrl Pts',(1.07991264460103,-25.1,2.11558027391246));
#9791=CARTESIAN_POINT('Ctrl Pts',(1.11136027582943,-25.1,2.09892909296821));
#9792=CARTESIAN_POINT('Ctrl Pts',(0.893817204301067,-24.9556624327026,2.20038992119475));
#9793=CARTESIAN_POINT('Ctrl Pts',(0.904774334011037,-24.9556624327026,2.19593904139831));
#9794=CARTESIAN_POINT('Ctrl Pts',(0.920641109998421,-24.9318490048526,2.1810408431439));
#9795=CARTESIAN_POINT('Ctrl Pts',(0.925000000000001,-24.8808198543426,2.16197747643054));
#9796=CARTESIAN_POINT('Ctrl Pts',(0.925,-24.8567601327305,2.1540659228538));
#9797=CARTESIAN_POINT('Ctrl Pts',(1.1151413261711,-25.0732664836767,2.04433015308183));
#9798=CARTESIAN_POINT('Ctrl Pts',(1.1155339592842,-25.0825587146023,2.0624493544738));
#9799=CARTESIAN_POINT('Ctrl Pts',(1.11431767001756,-25.0915242675206,2.08076759015079));
#9800=CARTESIAN_POINT('Ctrl Pts',(1.11140392193762,-25.1000013356513,2.09893667562032));
#9801=CARTESIAN_POINT('Origin',(2.1540659228538,0.,0.875));
#9802=CARTESIAN_POINT('',(2.1540659228538,0.,0.925));
#9803=CARTESIAN_POINT('',(2.20038992119474,0.,0.893817204301076));
#9804=CARTESIAN_POINT('Origin',(0.925,0.,0.925));
#9805=CARTESIAN_POINT('Origin',(0.925,0.,2.18746428542274));
#9806=CARTESIAN_POINT('',(0.925,0.,2.1540659228538));
#9807=CARTESIAN_POINT('Origin',(0.875,0.,2.1540659228538));
#9808=CARTESIAN_POINT('',(0.893817204301075,0.,2.20038992119474));
#9809=CARTESIAN_POINT('Origin',(1.175,-24.3995014586288,-1.175));
#9810=CARTESIAN_POINT('',(1.175,-24.3995014585356,-0.925));
#9811=CARTESIAN_POINT('',(1.08661165235168,-24.616007809616,-1.08661165235168));
#9812=CARTESIAN_POINT('Origin',(1.174999999812,-24.3995014585932,-1.175));
#9813=CARTESIAN_POINT('',(0.925,-24.3995014586464,-1.17499999994239));
#9814=CARTESIAN_POINT('Origin',(1.175,-24.3995014586288,-1.175));
#9815=CARTESIAN_POINT('Origin',(1.175,-24.3995014586699,-1.175));
#9816=CARTESIAN_POINT('Origin',(1.175,0.,-1.175));
#9817=CARTESIAN_POINT('',(0.925,0.,-1.175));
#9818=CARTESIAN_POINT('',(1.175,0.,-0.925));
#9819=CARTESIAN_POINT('Ctrl Pts',(0.940860215052726,-25.1721687836487,-2.31619991704752));
#9820=CARTESIAN_POINT('Ctrl Pts',(0.987819342381385,-25.1721687836488,-2.29712471792007));
#9821=CARTESIAN_POINT('Ctrl Pts',(1.08382837398263,-25.1545010574178,-2.22074085279559));
#9822=CARTESIAN_POINT('Ctrl Pts',(1.11649681600235,-25.1053461124929,-2.10688318902699));
#9823=CARTESIAN_POINT('Ctrl Pts',(1.1151413261711,-25.0732664836767,-2.04433015308184));
#9824=CARTESIAN_POINT('Ctrl Pts',(0.924607532577712,-25.1472355086202,-2.27618923193335));
#9825=CARTESIAN_POINT('Ctrl Pts',(0.962363835099037,-25.1472355086203,-2.26085229894758));
#9826=CARTESIAN_POINT('Ctrl Pts',(1.03868744909664,-25.1312305076626,-2.19726051624105));
#9827=CARTESIAN_POINT('Ctrl Pts',(1.05919287862763,-25.0874257431192,-2.10222877765673));
#9828=CARTESIAN_POINT('Ctrl Pts',(1.05369584706136,-25.0597505052586,-2.05118069713954));
#9829=CARTESIAN_POINT('Ctrl Pts',(0.901292319000645,-25.0803717639618,-2.21879208101758));
#9830=CARTESIAN_POINT('Ctrl Pts',(0.923260488212173,-25.0803717639619,-2.20986842280645));
#9831=CARTESIAN_POINT('Ctrl Pts',(0.966191314573365,-25.065102613645,-2.16960442659712));
#9832=CARTESIAN_POINT('Ctrl Pts',(0.967902151488156,-25.0236629233191,-2.11086921723409));
#9833=CARTESIAN_POINT('Ctrl Pts',(0.957321382619511,-24.9979912651851,-2.08248323270203));
#9834=CARTESIAN_POINT('Ctrl Pts',(0.893817204300825,-24.9930623452453,-2.20038992119485));
#9835=CARTESIAN_POINT('Ctrl Pts',(0.905172176117617,-24.9930623452454,-2.19577743453223));
#9836=CARTESIAN_POINT('Ctrl Pts',(0.9275997169989,-24.9761146046,-2.17543783922018));
#9837=CARTESIAN_POINT('Ctrl Pts',(0.929551304357269,-24.9292677576328,-2.14642723669254));
#9838=CARTESIAN_POINT('Ctrl Pts',(0.925000000000002,-24.8990972877539,-2.13260742855956));
#9839=CARTESIAN_POINT('Ctrl Pts',(0.893817204300894,-24.9556624327026,-2.20038992119482));
#9840=CARTESIAN_POINT('Ctrl Pts',(0.902035051583409,-24.9556624327027,-2.19705176134751));
#9841=CARTESIAN_POINT('Ctrl Pts',(0.918934167721751,-24.9379947064717,-2.18392086610887));
#9842=CARTESIAN_POINT('Ctrl Pts',(0.925000000000002,-24.8888397615468,-2.16461466095615));
#9843=CARTESIAN_POINT('Ctrl Pts',(0.925000000000002,-24.8567601327306,-2.1540659228538));
#9844=CARTESIAN_POINT('',(0.893817204301075,-24.9556624327026,-2.20038992119474));
#9845=CARTESIAN_POINT('',(1.11136027583195,-25.0999999999967,-2.09892909296359));
#9846=CARTESIAN_POINT('Ctrl Pts',(1.11136027582943,-25.1,-2.0989290929682));
#9847=CARTESIAN_POINT('Ctrl Pts',(1.07991264460103,-25.1,-2.11558027391246));
#9848=CARTESIAN_POINT('Ctrl Pts',(1.04831302005654,-25.0936427705439,-2.13137530054516));
#9849=CARTESIAN_POINT('Ctrl Pts',(0.991106317752473,-25.0690111794147,-2.15852878694693));
#9850=CARTESIAN_POINT('Ctrl Pts',(0.965599749027229,-25.0519717586654,-2.16997895569596));
#9851=CARTESIAN_POINT('Ctrl Pts',(0.915943233253353,-25.0022274547341,-2.19148162058427));
#9852=CARTESIAN_POINT('Ctrl Pts',(0.901538238258567,-24.9738643001533,-2.19725179109441));
#9853=CARTESIAN_POINT('Ctrl Pts',(0.894115325180972,-24.9563719809912,-2.20026880439549));
#9854=CARTESIAN_POINT('Ctrl Pts',(0.893965858238235,-24.9560174136609,-2.20032953669414));
#9855=CARTESIAN_POINT('Ctrl Pts',(0.893817204300894,-24.9556624327026,-2.20038992119482));
#9856=CARTESIAN_POINT('',(1.1151413261711,-25.0732664836767,-2.04433015308184));
#9857=CARTESIAN_POINT('Ctrl Pts',(1.1112685462789,-25.0999703432052,-2.09892786621871));
#9858=CARTESIAN_POINT('Ctrl Pts',(1.11424812830231,-25.0915052556426,-2.08075688100728));
#9859=CARTESIAN_POINT('Ctrl Pts',(1.11553372209027,-25.0825531010645,-2.06243840846707));
#9860=CARTESIAN_POINT('Ctrl Pts',(1.1151413261711,-25.0732664836767,-2.04433015308184));
#9861=CARTESIAN_POINT('',(0.925,-24.8567601327306,-2.1540659228538));
#9862=CARTESIAN_POINT('Origin',(1.175,-24.8567601327306,-2.1540659228538));
#9863=CARTESIAN_POINT('Ctrl Pts',(0.925000000000002,-24.8567601327306,-2.1540659228538));
#9864=CARTESIAN_POINT('Ctrl Pts',(0.925000000000002,-24.8888397615468,-2.16461466095615));
#9865=CARTESIAN_POINT('Ctrl Pts',(0.918934167721751,-24.9379947064717,-2.18392086610887));
#9866=CARTESIAN_POINT('Ctrl Pts',(0.902035051583409,-24.9556624327027,-2.19705176134751));
#9867=CARTESIAN_POINT('Ctrl Pts',(0.893817204300894,-24.9556624327026,-2.20038992119482));
#9868=CARTESIAN_POINT('Ctrl Pts',(1.1151413261711,-25.0732664836767,-2.04433015308184));
#9869=CARTESIAN_POINT('Ctrl Pts',(1.10825869236653,-24.9103789926472,-1.72671092064751));
#9870=CARTESIAN_POINT('Ctrl Pts',(1.09915747996267,-24.7521825442395,-1.40762444043458));
#9871=CARTESIAN_POINT('Ctrl Pts',(1.08661165234951,-24.6160078095925,-1.08661165229624));
#9872=CARTESIAN_POINT('Ctrl Pts',(1.05369584706136,-25.0597505052586,-2.05118069713953));
#9873=CARTESIAN_POINT('Ctrl Pts',(1.04856619945666,-24.8954722165299,-1.73403776342727));
#9874=CARTESIAN_POINT('Ctrl Pts',(1.04178004342836,-24.7355947610181,-1.41547592132687));
#9875=CARTESIAN_POINT('Ctrl Pts',(1.03273939388861,-24.597156446089,-1.09430768921928));
#9876=CARTESIAN_POINT('Ctrl Pts',(0.957321131264036,-24.9979914150259,-2.08248315675556));
#9877=CARTESIAN_POINT('Ctrl Pts',(0.955896786807353,-24.8330804453881,-1.76458246378214));
#9878=CARTESIAN_POINT('Ctrl Pts',(0.954065221276682,-24.6722606242315,-1.44507354427967));
#9879=CARTESIAN_POINT('Ctrl Pts',(0.951638606997566,-24.5328758055793,-1.12055015081663));
#9880=CARTESIAN_POINT('Ctrl Pts',(0.925000000000001,-24.8990972877539,-2.13260742855956));
#9881=CARTESIAN_POINT('Ctrl Pts',(0.925009275582354,-24.7356069315646,-1.81227271247969));
#9882=CARTESIAN_POINT('Ctrl Pts',(0.924987959781022,-24.5766228652813,-1.48952686317172));
#9883=CARTESIAN_POINT('Ctrl Pts',(0.925000000000001,-24.4394912395493,-1.15867424025316));
#9884=CARTESIAN_POINT('Ctrl Pts',(0.925000000000001,-24.8567601327306,-2.1540659228538));
#9885=CARTESIAN_POINT('Ctrl Pts',(0.925000000000001,-24.6938726417011,-1.83269235094705));
#9886=CARTESIAN_POINT('Ctrl Pts',(0.925000000000001,-24.5356761932933,-1.5085586156945));
#9887=CARTESIAN_POINT('Ctrl Pts',(0.925000000000001,-24.3995014586464,-1.17499999994239));
#9888=CARTESIAN_POINT('Ctrl Pts',(0.925000000000001,-24.3995014586464,-1.17499999994239));
#9889=CARTESIAN_POINT('Ctrl Pts',(0.925000000000001,-24.5356761932933,-1.5085586156945));
#9890=CARTESIAN_POINT('Ctrl Pts',(0.925000000000001,-24.6938726417011,-1.83269235094705));
#9891=CARTESIAN_POINT('Ctrl Pts',(0.925000000000001,-24.8567601327306,-2.1540659228538));
#9892=CARTESIAN_POINT('Ctrl Pts',(1.1151413261711,-25.0732664836767,-2.04433015308184));
#9893=CARTESIAN_POINT('Ctrl Pts',(1.10825869236653,-24.9103789926472,-1.72671092064751));
#9894=CARTESIAN_POINT('Ctrl Pts',(1.09915747996267,-24.7521825442395,-1.40762444043458));
#9895=CARTESIAN_POINT('Ctrl Pts',(1.08661165234951,-24.6160078095925,-1.08661165229624));
#9896=CARTESIAN_POINT('Ctrl Pts',(1.08661165217075,-24.6160078095393,-1.08661165234461));
#9897=CARTESIAN_POINT('Ctrl Pts',(1.40762444035136,-24.7521825441975,-1.09915747996019));
#9898=CARTESIAN_POINT('Ctrl Pts',(1.72671092060612,-24.910378992626,-1.10825869236564));
#9899=CARTESIAN_POINT('Ctrl Pts',(2.04433015308184,-25.0732664836767,-1.1151413261711));
#9900=CARTESIAN_POINT('Ctrl Pts',(1.09430768909372,-24.5971564460349,-1.03273939388506));
#9901=CARTESIAN_POINT('Ctrl Pts',(1.41547592124385,-24.7355947609757,-1.04178004342651));
#9902=CARTESIAN_POINT('Ctrl Pts',(1.73403776338594,-24.8954722165085,-1.048566199456));
#9903=CARTESIAN_POINT('Ctrl Pts',(2.05118069713954,-25.0597505052586,-1.05369584706136));
#9904=CARTESIAN_POINT('Ctrl Pts',(1.12055015068977,-24.5328758055248,-0.951638606996622));
#9905=CARTESIAN_POINT('Ctrl Pts',(1.44507354419647,-24.6722606241889,-0.95406522127618));
#9906=CARTESIAN_POINT('Ctrl Pts',(1.76458246374071,-24.8330804453666,-0.955896786807168));
#9907=CARTESIAN_POINT('Ctrl Pts',(2.08248315675556,-24.9979914150259,-0.957321131264037));
#9908=CARTESIAN_POINT('Ctrl Pts',(1.15867424012383,-24.4394912394957,-0.925000000000001));
#9909=CARTESIAN_POINT('Ctrl Pts',(1.48952686308775,-24.5766228652391,-0.92498795978102));
#9910=CARTESIAN_POINT('Ctrl Pts',(1.81227271243794,-24.7356069315433,-0.925009275582355));
#9911=CARTESIAN_POINT('Ctrl Pts',(2.13260742855956,-24.8990972877539,-0.925000000000001));
#9912=CARTESIAN_POINT('Ctrl Pts',(1.174999999812,-24.3995014585932,-0.925000000000001));
#9913=CARTESIAN_POINT('Ctrl Pts',(1.5085586156102,-24.5356761932514,-0.925000000000001));
#9914=CARTESIAN_POINT('Ctrl Pts',(1.83269235090517,-24.6938726416799,-0.925000000000001));
#9915=CARTESIAN_POINT('Ctrl Pts',(2.1540659228538,-24.8567601327306,-0.925000000000001));
#9916=CARTESIAN_POINT('',(2.04433015308184,-25.0732664836767,-1.1151413261711));
#9917=CARTESIAN_POINT('Ctrl Pts',(1.08661165217075,-24.6160078095393,-1.08661165234461));
#9918=CARTESIAN_POINT('Ctrl Pts',(1.40762444035136,-24.7521825441975,-1.09915747996019));
#9919=CARTESIAN_POINT('Ctrl Pts',(1.72671092060612,-24.910378992626,-1.10825869236564));
#9920=CARTESIAN_POINT('Ctrl Pts',(2.04433015308184,-25.0732664836767,-1.1151413261711));
#9921=CARTESIAN_POINT('',(2.1540659228538,-24.8567601327306,-0.925));
#9922=CARTESIAN_POINT('Origin',(2.1540659228538,-24.8567601327306,-1.175));
#9923=CARTESIAN_POINT('Ctrl Pts',(2.1540659228538,-24.8567601327306,-0.925000000000001));
#9924=CARTESIAN_POINT('Ctrl Pts',(1.83269235090517,-24.6938726416799,-0.925000000000001));
#9925=CARTESIAN_POINT('Ctrl Pts',(1.5085586156102,-24.5356761932514,-0.925000000000001));
#9926=CARTESIAN_POINT('Ctrl Pts',(1.174999999812,-24.3995014585932,-0.925000000000001));
#9927=CARTESIAN_POINT('Ctrl Pts',(2.04433015308184,-25.0732664836767,-1.1151413261711));
#9928=CARTESIAN_POINT('Ctrl Pts',(2.1068831890268,-25.1053461124928,-1.11649681600235));
#9929=CARTESIAN_POINT('Ctrl Pts',(2.22074085279509,-25.1545010574176,-1.08382837398285));
#9930=CARTESIAN_POINT('Ctrl Pts',(2.29712471791954,-25.1721687836487,-0.987819342382154));
#9931=CARTESIAN_POINT('Ctrl Pts',(2.31619991704712,-25.1721687836487,-0.940860215053715));
#9932=CARTESIAN_POINT('Ctrl Pts',(2.05118069713954,-25.0597505052586,-1.05369584706136));
#9933=CARTESIAN_POINT('Ctrl Pts',(2.10222877765658,-25.0874257431191,-1.05919287862761));
#9934=CARTESIAN_POINT('Ctrl Pts',(2.19726051624063,-25.1312305076625,-1.03868744909679));
#9935=CARTESIAN_POINT('Ctrl Pts',(2.26085229894714,-25.1472355086202,-0.962363835099651));
#9936=CARTESIAN_POINT('Ctrl Pts',(2.27618923193303,-25.1472355086202,-0.924607532578508));
#9937=CARTESIAN_POINT('Ctrl Pts',(2.08248323270203,-24.9979912651851,-0.957321382619511));
#9938=CARTESIAN_POINT('Ctrl Pts',(2.11086921723401,-25.023662923319,-0.967902151488124));
#9939=CARTESIAN_POINT('Ctrl Pts',(2.16960442659685,-25.0651026136448,-0.966191314573417));
#9940=CARTESIAN_POINT('Ctrl Pts',(2.20986842280618,-25.0803717639618,-0.923260488212522));
#9941=CARTESIAN_POINT('Ctrl Pts',(2.2187920810174,-25.0803717639618,-0.901292319001108));
#9942=CARTESIAN_POINT('Ctrl Pts',(2.13260742855956,-24.8990972877539,-0.925000000000001));
#9943=CARTESIAN_POINT('Ctrl Pts',(2.1464272366925,-24.9292677576327,-0.929551304357255));
#9944=CARTESIAN_POINT('Ctrl Pts',(2.17543783922005,-24.9761146045998,-0.92759971699893));
#9945=CARTESIAN_POINT('Ctrl Pts',(2.1957774345321,-24.9930623452453,-0.905172176117799));
#9946=CARTESIAN_POINT('Ctrl Pts',(2.20038992119475,-24.9930623452453,-0.893817204301064));
#9947=CARTESIAN_POINT('Ctrl Pts',(2.1540659228538,-24.8567601327306,-0.925000000000001));
#9948=CARTESIAN_POINT('Ctrl Pts',(2.16461466095612,-24.8888397615467,-0.925000000000001));
#9949=CARTESIAN_POINT('Ctrl Pts',(2.18392086610878,-24.9379947064715,-0.91893416772179));
#9950=CARTESIAN_POINT('Ctrl Pts',(2.19705176134742,-24.9556624327026,-0.902035051583544));
#9951=CARTESIAN_POINT('Ctrl Pts',(2.20038992119475,-24.9556624327026,-0.893817204301067));
#9952=CARTESIAN_POINT('',(2.09892909233108,-25.0999999995378,-1.11136027617732));
#9953=CARTESIAN_POINT('',(2.20038992119474,-24.9556624327026,-0.893817204301075));
#9954=CARTESIAN_POINT('Ctrl Pts',(2.20038992119475,-24.9556624327026,-0.893817204301067));
#9955=CARTESIAN_POINT('Ctrl Pts',(2.2003295366932,-24.956017413666,-0.893965858240567));
#9956=CARTESIAN_POINT('Ctrl Pts',(2.20026880439635,-24.9563719809861,-0.89411532517885));
#9957=CARTESIAN_POINT('Ctrl Pts',(2.19725179099914,-24.9738643007078,-0.901538238492971));
#9958=CARTESIAN_POINT('Ctrl Pts',(2.19148162045455,-25.0022274550342,-0.915943233552934));
#9959=CARTESIAN_POINT('Ctrl Pts',(2.16997895569597,-25.0519717586654,-0.965599749027222));
#9960=CARTESIAN_POINT('Ctrl Pts',(2.15852878694695,-25.0690111794147,-0.991106317752452));
#9961=CARTESIAN_POINT('Ctrl Pts',(2.13137530054516,-25.0936427705439,-1.04831302005655));
#9962=CARTESIAN_POINT('Ctrl Pts',(2.11558027391245,-25.1,-1.07991264460105));
#9963=CARTESIAN_POINT('Ctrl Pts',(2.0989290929682,-25.1,-1.11136027582943));
#9964=CARTESIAN_POINT('Ctrl Pts',(2.20038992119475,-24.9556624327026,-0.893817204301067));
#9965=CARTESIAN_POINT('Ctrl Pts',(2.19705176134742,-24.9556624327026,-0.902035051583544));
#9966=CARTESIAN_POINT('Ctrl Pts',(2.18392086610878,-24.9379947064715,-0.91893416772179));
#9967=CARTESIAN_POINT('Ctrl Pts',(2.16461466095612,-24.8888397615467,-0.925000000000001));
#9968=CARTESIAN_POINT('Ctrl Pts',(2.1540659228538,-24.8567601327306,-0.925000000000001));
#9969=CARTESIAN_POINT('Ctrl Pts',(2.04433015308184,-25.0732664836767,-1.1151413261711));
#9970=CARTESIAN_POINT('Ctrl Pts',(2.06243840822612,-25.0825531009409,-1.11553372208504));
#9971=CARTESIAN_POINT('Ctrl Pts',(2.08075688051979,-25.0915052554044,-1.11424812833653));
#9972=CARTESIAN_POINT('Ctrl Pts',(2.09892786549336,-25.0999703428673,-1.11126854639784));
#9973=CARTESIAN_POINT('Origin',(0.875,0.,-2.1540659228538));
#9974=CARTESIAN_POINT('',(0.925,0.,-2.1540659228538));
#9975=CARTESIAN_POINT('',(0.893817204301075,0.,-2.20038992119474));
#9976=CARTESIAN_POINT('Origin',(0.925,0.,-0.925));
#9977=CARTESIAN_POINT('Origin',(2.18746428542274,0.,-0.925));
#9978=CARTESIAN_POINT('',(2.1540659228538,0.,-0.925));
#9979=CARTESIAN_POINT('Origin',(2.1540659228538,0.,-0.875));
#9980=CARTESIAN_POINT('',(2.20038992119474,0.,-0.893817204301075));
#9981=CARTESIAN_POINT('Origin',(-1.175,-24.3995014586288,-1.175));
#9982=CARTESIAN_POINT('',(-0.925,-24.3995014585356,-1.175));
#9983=CARTESIAN_POINT('',(-1.08661165235168,-24.616007809616,-1.08661165235168));
#9984=CARTESIAN_POINT('Origin',(-1.175,-24.3995014585932,-1.174999999812));
#9985=CARTESIAN_POINT('',(-1.17499999994239,-24.3995014586464,-0.924999999999999));
#9986=CARTESIAN_POINT('Origin',(-1.175,-24.3995014586288,-1.175));
#9987=CARTESIAN_POINT('Origin',(-1.175,-24.3995014586699,-1.175));
#9988=CARTESIAN_POINT('Origin',(-1.175,0.,-1.175));
#9989=CARTESIAN_POINT('',(-1.175,0.,-0.924999999999999));
#9990=CARTESIAN_POINT('',(-0.925,0.,-1.175));
#9991=CARTESIAN_POINT('Ctrl Pts',(-2.31619991704752,-25.1721687836487,-0.940860215052724));
#9992=CARTESIAN_POINT('Ctrl Pts',(-2.29712471792007,-25.1721687836488,-0.987819342381382));
#9993=CARTESIAN_POINT('Ctrl Pts',(-2.22074085279559,-25.1545010574178,-1.08382837398264));
#9994=CARTESIAN_POINT('Ctrl Pts',(-2.10688318902699,-25.1053461124929,-1.11649681600235));
#9995=CARTESIAN_POINT('Ctrl Pts',(-2.04433015308184,-25.0732664836767,-1.1151413261711));
#9996=CARTESIAN_POINT('Ctrl Pts',(-2.27618923193335,-25.1472355086202,-0.924607532577711));
#9997=CARTESIAN_POINT('Ctrl Pts',(-2.26085229894758,-25.1472355086203,-0.962363835099034));
#9998=CARTESIAN_POINT('Ctrl Pts',(-2.19726051624105,-25.1312305076626,-1.03868744909665));
#9999=CARTESIAN_POINT('Ctrl Pts',(-2.10222877765674,-25.0874257431192,-1.05919287862763));
#10000=CARTESIAN_POINT('Ctrl Pts',(-2.05118069713954,-25.0597505052586,
-1.05369584706136));
#10001=CARTESIAN_POINT('Ctrl Pts',(-2.21879208101758,-25.0803717639618,
-0.901292319000644));
#10002=CARTESIAN_POINT('Ctrl Pts',(-2.20986842280645,-25.0803717639619,
-0.923260488212171));
#10003=CARTESIAN_POINT('Ctrl Pts',(-2.16960442659712,-25.065102613645,-0.966191314573365));
#10004=CARTESIAN_POINT('Ctrl Pts',(-2.11086921723409,-25.0236629233191,
-0.967902151488155));
#10005=CARTESIAN_POINT('Ctrl Pts',(-2.08248323270203,-24.9979912651851,
-0.95732138261951));
#10006=CARTESIAN_POINT('Ctrl Pts',(-2.20038992119485,-24.9930623452453,
-0.893817204300824));
#10007=CARTESIAN_POINT('Ctrl Pts',(-2.19577743453224,-24.9930623452454,
-0.905172176117616));
#10008=CARTESIAN_POINT('Ctrl Pts',(-2.17543783922018,-24.9761146046,-0.9275997169989));
#10009=CARTESIAN_POINT('Ctrl Pts',(-2.14642723669254,-24.9292677576328,
-0.929551304357267));
#10010=CARTESIAN_POINT('Ctrl Pts',(-2.13260742855956,-24.8990972877539,
-0.925));
#10011=CARTESIAN_POINT('Ctrl Pts',(-2.20038992119482,-24.9556624327026,
-0.893817204300893));
#10012=CARTESIAN_POINT('Ctrl Pts',(-2.19705176134751,-24.9556624327027,
-0.902035051583408));
#10013=CARTESIAN_POINT('Ctrl Pts',(-2.18392086610887,-24.9379947064717,
-0.918934167721751));
#10014=CARTESIAN_POINT('Ctrl Pts',(-2.16461466095615,-24.8888397615468,
-0.925));
#10015=CARTESIAN_POINT('Ctrl Pts',(-2.1540659228538,-24.8567601327306,-0.925));
#10016=CARTESIAN_POINT('',(-2.20038992119474,-24.9556624327026,-0.893817204301074));
#10017=CARTESIAN_POINT('',(-2.09892909296359,-25.0999999999967,-1.11136027583195));
#10018=CARTESIAN_POINT('Ctrl Pts',(-2.09892909296821,-25.1,-1.11136027582943));
#10019=CARTESIAN_POINT('Ctrl Pts',(-2.11558027391246,-25.1,-1.07991264460103));
#10020=CARTESIAN_POINT('Ctrl Pts',(-2.13137530054516,-25.0936427705439,
-1.04831302005654));
#10021=CARTESIAN_POINT('Ctrl Pts',(-2.15852878694694,-25.0690111794147,
-0.991106317752468));
#10022=CARTESIAN_POINT('Ctrl Pts',(-2.16997895569596,-25.0519717586654,
-0.965599749027228));
#10023=CARTESIAN_POINT('Ctrl Pts',(-2.19148162046921,-25.0022274550002,
-0.915943233519081));
#10024=CARTESIAN_POINT('Ctrl Pts',(-2.19725179100991,-24.9738643006451,
-0.901538238466465));
#10025=CARTESIAN_POINT('Ctrl Pts',(-2.20026880439391,-24.9563719810002,
-0.894115325184856));
#10026=CARTESIAN_POINT('Ctrl Pts',(-2.20032953669568,-24.9560174136518,
-0.893965858234445));
#10027=CARTESIAN_POINT('Ctrl Pts',(-2.20038992119482,-24.9556624327026,
-0.893817204300893));
#10028=CARTESIAN_POINT('',(-2.04433015308184,-25.0732664836767,-1.1151413261711));
#10029=CARTESIAN_POINT('Ctrl Pts',(-2.09892786621872,-25.0999703432052,
-1.1112685462789));
#10030=CARTESIAN_POINT('Ctrl Pts',(-2.08075688100729,-25.0915052556426,
-1.11424812830231));
#10031=CARTESIAN_POINT('Ctrl Pts',(-2.06243840846708,-25.0825531010645,
-1.11553372209027));
#10032=CARTESIAN_POINT('Ctrl Pts',(-2.04433015308184,-25.0732664836767,
-1.1151413261711));
#10033=CARTESIAN_POINT('',(-2.1540659228538,-24.8567601327306,-0.924999999999999));
#10034=CARTESIAN_POINT('Origin',(-2.1540659228538,-24.8567601327306,-1.175));
#10035=CARTESIAN_POINT('Ctrl Pts',(-2.1540659228538,-24.8567601327306,-0.925));
#10036=CARTESIAN_POINT('Ctrl Pts',(-2.16461466095615,-24.8888397615468,
-0.925));
#10037=CARTESIAN_POINT('Ctrl Pts',(-2.18392086610887,-24.9379947064717,
-0.918934167721751));
#10038=CARTESIAN_POINT('Ctrl Pts',(-2.19705176134751,-24.9556624327027,
-0.902035051583408));
#10039=CARTESIAN_POINT('Ctrl Pts',(-2.20038992119482,-24.9556624327026,
-0.893817204300893));
#10040=CARTESIAN_POINT('Ctrl Pts',(-2.04433015308184,-25.0732664836767,
-1.1151413261711));
#10041=CARTESIAN_POINT('Ctrl Pts',(-1.72671092064751,-24.9103789926472,
-1.10825869236653));
#10042=CARTESIAN_POINT('Ctrl Pts',(-1.40762444043458,-24.7521825442395,
-1.09915747996267));
#10043=CARTESIAN_POINT('Ctrl Pts',(-1.08661165229624,-24.6160078095925,
-1.08661165234951));
#10044=CARTESIAN_POINT('Ctrl Pts',(-2.05118069713954,-25.0597505052586,
-1.05369584706136));
#10045=CARTESIAN_POINT('Ctrl Pts',(-1.73403776342727,-24.8954722165299,
-1.04856619945666));
#10046=CARTESIAN_POINT('Ctrl Pts',(-1.41547592132687,-24.7355947610181,
-1.04178004342835));
#10047=CARTESIAN_POINT('Ctrl Pts',(-1.09430768921928,-24.597156446089,-1.03273939388861));
#10048=CARTESIAN_POINT('Ctrl Pts',(-2.08248315675556,-24.9979914150259,
-0.957321131264036));
#10049=CARTESIAN_POINT('Ctrl Pts',(-1.76458246378214,-24.8330804453881,
-0.955896786807353));
#10050=CARTESIAN_POINT('Ctrl Pts',(-1.44507354427967,-24.6722606242315,
-0.95406522127668));
#10051=CARTESIAN_POINT('Ctrl Pts',(-1.12055015081663,-24.5328758055793,
-0.951638606997565));
#10052=CARTESIAN_POINT('Ctrl Pts',(-2.13260742855956,-24.8990972877539,
-0.925));
#10053=CARTESIAN_POINT('Ctrl Pts',(-1.81227271247969,-24.7356069315646,
-0.925009275582353));
#10054=CARTESIAN_POINT('Ctrl Pts',(-1.48952686317172,-24.5766228652813,
-0.92498795978102));
#10055=CARTESIAN_POINT('Ctrl Pts',(-1.15867424025316,-24.4394912395493,
-0.924999999999999));
#10056=CARTESIAN_POINT('Ctrl Pts',(-2.1540659228538,-24.8567601327306,-0.925));
#10057=CARTESIAN_POINT('Ctrl Pts',(-1.83269235094705,-24.6938726417011,
-0.925000000000001));
#10058=CARTESIAN_POINT('Ctrl Pts',(-1.5085586156945,-24.5356761932933,-0.924999999999999));
#10059=CARTESIAN_POINT('Ctrl Pts',(-1.17499999994239,-24.3995014586464,
-0.924999999999999));
#10060=CARTESIAN_POINT('Ctrl Pts',(-1.17499999994239,-24.3995014586464,
-0.924999999999999));
#10061=CARTESIAN_POINT('Ctrl Pts',(-1.5085586156945,-24.5356761932933,-0.924999999999999));
#10062=CARTESIAN_POINT('Ctrl Pts',(-1.83269235094705,-24.6938726417011,
-0.925000000000001));
#10063=CARTESIAN_POINT('Ctrl Pts',(-2.1540659228538,-24.8567601327306,-0.925));
#10064=CARTESIAN_POINT('Ctrl Pts',(-2.04433015308184,-25.0732664836767,
-1.1151413261711));
#10065=CARTESIAN_POINT('Ctrl Pts',(-1.72671092064751,-24.9103789926472,
-1.10825869236653));
#10066=CARTESIAN_POINT('Ctrl Pts',(-1.40762444043458,-24.7521825442395,
-1.09915747996267));
#10067=CARTESIAN_POINT('Ctrl Pts',(-1.08661165229624,-24.6160078095925,
-1.08661165234951));
#10068=CARTESIAN_POINT('Ctrl Pts',(-1.08661165234461,-24.6160078095393,
-1.08661165217075));
#10069=CARTESIAN_POINT('Ctrl Pts',(-1.09915747996019,-24.7521825441975,
-1.40762444035136));
#10070=CARTESIAN_POINT('Ctrl Pts',(-1.10825869236563,-24.910378992626,-1.72671092060611));
#10071=CARTESIAN_POINT('Ctrl Pts',(-1.1151413261711,-25.0732664836767,-2.04433015308184));
#10072=CARTESIAN_POINT('Ctrl Pts',(-1.03273939388507,-24.5971564460349,
-1.09430768909372));
#10073=CARTESIAN_POINT('Ctrl Pts',(-1.04178004342651,-24.7355947609757,
-1.41547592124385));
#10074=CARTESIAN_POINT('Ctrl Pts',(-1.048566199456,-24.8954722165085,-1.73403776338595));
#10075=CARTESIAN_POINT('Ctrl Pts',(-1.05369584706136,-25.0597505052586,
-2.05118069713954));
#10076=CARTESIAN_POINT('Ctrl Pts',(-0.951638606996622,-24.5328758055248,
-1.12055015068977));
#10077=CARTESIAN_POINT('Ctrl Pts',(-0.95406522127618,-24.6722606241889,
-1.44507354419648));
#10078=CARTESIAN_POINT('Ctrl Pts',(-0.955896786807168,-24.8330804453666,
-1.76458246374072));
#10079=CARTESIAN_POINT('Ctrl Pts',(-0.957321131264037,-24.9979914150259,
-2.08248315675556));
#10080=CARTESIAN_POINT('Ctrl Pts',(-0.925000000000001,-24.4394912394957,
-1.15867424012382));
#10081=CARTESIAN_POINT('Ctrl Pts',(-0.924987959781021,-24.5766228652391,
-1.48952686308775));
#10082=CARTESIAN_POINT('Ctrl Pts',(-0.925009275582355,-24.7356069315433,
-1.81227271243795));
#10083=CARTESIAN_POINT('Ctrl Pts',(-0.925000000000001,-24.8990972877539,
-2.13260742855956));
#10084=CARTESIAN_POINT('Ctrl Pts',(-0.925000000000001,-24.3995014585932,
-1.174999999812));
#10085=CARTESIAN_POINT('Ctrl Pts',(-0.925000000000001,-24.5356761932514,
-1.5085586156102));
#10086=CARTESIAN_POINT('Ctrl Pts',(-0.925000000000001,-24.6938726416799,
-1.83269235090518));
#10087=CARTESIAN_POINT('Ctrl Pts',(-0.925000000000001,-24.8567601327306,
-2.1540659228538));
#10088=CARTESIAN_POINT('',(-1.1151413261711,-25.0732664836767,-2.04433015308184));
#10089=CARTESIAN_POINT('Ctrl Pts',(-1.08661165234461,-24.6160078095393,
-1.08661165217075));
#10090=CARTESIAN_POINT('Ctrl Pts',(-1.09915747996019,-24.7521825441975,
-1.40762444035136));
#10091=CARTESIAN_POINT('Ctrl Pts',(-1.10825869236563,-24.910378992626,-1.72671092060611));
#10092=CARTESIAN_POINT('Ctrl Pts',(-1.1151413261711,-25.0732664836767,-2.04433015308184));
#10093=CARTESIAN_POINT('',(-0.925,-24.8567601327306,-2.1540659228538));
#10094=CARTESIAN_POINT('Origin',(-1.175,-24.8567601327306,-2.1540659228538));
#10095=CARTESIAN_POINT('Ctrl Pts',(-0.925000000000001,-24.8567601327306,
-2.1540659228538));
#10096=CARTESIAN_POINT('Ctrl Pts',(-0.925000000000001,-24.6938726416799,
-1.83269235090518));
#10097=CARTESIAN_POINT('Ctrl Pts',(-0.925000000000001,-24.5356761932514,
-1.5085586156102));
#10098=CARTESIAN_POINT('Ctrl Pts',(-0.925000000000001,-24.3995014585932,
-1.174999999812));
#10099=CARTESIAN_POINT('Ctrl Pts',(-1.1151413261711,-25.0732664836767,-2.04433015308184));
#10100=CARTESIAN_POINT('Ctrl Pts',(-1.11615794354454,-25.0973262052887,
-2.09124493004056));
#10101=CARTESIAN_POINT('Ctrl Pts',(-1.09336179690203,-25.1483553557987,
-2.2038262215513));
#10102=CARTESIAN_POINT('Ctrl Pts',(-1.00347238482497,-25.1721687836487,
-2.29076631821035));
#10103=CARTESIAN_POINT('Ctrl Pts',(-0.940860215053716,-25.1721687836487,
-2.31619991704712));
#10104=CARTESIAN_POINT('Ctrl Pts',(-1.05369584706136,-25.0597505052586,
-2.05118069713954));
#10105=CARTESIAN_POINT('Ctrl Pts',(-1.05781862073605,-25.080506933654,-2.08946675752732));
#10106=CARTESIAN_POINT('Ctrl Pts',(-1.04590435030956,-25.1255838067012,
-2.18293349927726));
#10107=CARTESIAN_POINT('Ctrl Pts',(-0.974949269273367,-25.1472355086202,
-2.25573998795185));
#10108=CARTESIAN_POINT('Ctrl Pts',(-0.924607532578508,-25.1472355086202,
-2.27618923193303));
#10109=CARTESIAN_POINT('Ctrl Pts',(-0.957321382619512,-24.9979912651851,
-2.08248323270203));
#10110=CARTESIAN_POINT('Ctrl Pts',(-0.965256959270971,-25.0172450087855,
-2.10377272110101));
#10111=CARTESIAN_POINT('Ctrl Pts',(-0.969473940843006,-25.0597282276739,
-2.1601475751434));
#10112=CARTESIAN_POINT('Ctrl Pts',(-0.930583211282995,-25.0803717639618,
-2.20689387006911));
#10113=CARTESIAN_POINT('Ctrl Pts',(-0.901292319001108,-25.0803717639618,
-2.2187920810174));
#10114=CARTESIAN_POINT('Ctrl Pts',(-0.925000000000002,-24.8990972877539,
-2.13260742855956));
#10115=CARTESIAN_POINT('Ctrl Pts',(-0.928413478267942,-24.921725140163,
-2.14297228465926));
#10116=CARTESIAN_POINT('Ctrl Pts',(-0.929402903054521,-24.9702026858807,
-2.1707111828208));
#10117=CARTESIAN_POINT('Ctrl Pts',(-0.908957166723378,-24.9930623452453,
-2.19423993897788));
#10118=CARTESIAN_POINT('Ctrl Pts',(-0.893817204301064,-24.9930623452453,
-2.20038992119475));
#10119=CARTESIAN_POINT('Ctrl Pts',(-0.925000000000002,-24.8567601327306,
-2.1540659228538));
#10120=CARTESIAN_POINT('Ctrl Pts',(-0.925000000000002,-24.8808198543426,
-2.16197747643054));
#10121=CARTESIAN_POINT('Ctrl Pts',(-0.920641109998421,-24.9318490048526,
-2.1810408431439));
#10122=CARTESIAN_POINT('Ctrl Pts',(-0.904774334011037,-24.9556624327026,
-2.19593904139831));
#10123=CARTESIAN_POINT('Ctrl Pts',(-0.893817204301067,-24.9556624327026,
-2.20038992119475));
#10124=CARTESIAN_POINT('',(-1.11136027617732,-25.0999999995378,-2.09892909233108));
#10125=CARTESIAN_POINT('',(-0.893817204301076,-24.9556624327026,-2.20038992119474));
#10126=CARTESIAN_POINT('Ctrl Pts',(-0.893817204301067,-24.9556624327026,
-2.20038992119475));
#10127=CARTESIAN_POINT('Ctrl Pts',(-0.893965858241312,-24.9560174136678,
-2.20032953669289));
#10128=CARTESIAN_POINT('Ctrl Pts',(-0.894115325178086,-24.9563719809843,
-2.20026880439666));
#10129=CARTESIAN_POINT('Ctrl Pts',(-0.90153823845357,-24.9738643006146,
-2.19725179101515));
#10130=CARTESIAN_POINT('Ctrl Pts',(-0.915943233502563,-25.0022274549837,
-2.19148162047636));
#10131=CARTESIAN_POINT('Ctrl Pts',(-0.965599749027237,-25.0519717586654,
-2.16997895569596));
#10132=CARTESIAN_POINT('Ctrl Pts',(-0.991106317752487,-25.0690111794147,
-2.15852878694693));
#10133=CARTESIAN_POINT('Ctrl Pts',(-1.04831302005654,-25.0936427705439,
-2.13137530054516));
#10134=CARTESIAN_POINT('Ctrl Pts',(-1.07991264460103,-25.1,-2.11558027391246));
#10135=CARTESIAN_POINT('Ctrl Pts',(-1.11136027582944,-25.1,-2.0989290929682));
#10136=CARTESIAN_POINT('Ctrl Pts',(-0.893817204301067,-24.9556624327026,
-2.20038992119475));
#10137=CARTESIAN_POINT('Ctrl Pts',(-0.904774334011037,-24.9556624327026,
-2.19593904139831));
#10138=CARTESIAN_POINT('Ctrl Pts',(-0.920641109998421,-24.9318490048526,
-2.1810408431439));
#10139=CARTESIAN_POINT('Ctrl Pts',(-0.925000000000002,-24.8808198543426,
-2.16197747643054));
#10140=CARTESIAN_POINT('Ctrl Pts',(-0.925000000000002,-24.8567601327306,
-2.1540659228538));
#10141=CARTESIAN_POINT('Ctrl Pts',(-1.1151413261711,-25.0732664836767,-2.04433015308184));
#10142=CARTESIAN_POINT('Ctrl Pts',(-1.1155339592842,-25.0825587146023,-2.0624493544738));
#10143=CARTESIAN_POINT('Ctrl Pts',(-1.11431767001756,-25.0915242675206,
-2.08076759015079));
#10144=CARTESIAN_POINT('Ctrl Pts',(-1.11140392193762,-25.1000013356513,
-2.09893667562032));
#10145=CARTESIAN_POINT('Origin',(-2.1540659228538,0.,-0.874999999999999));
#10146=CARTESIAN_POINT('',(-2.1540659228538,0.,-0.924999999999999));
#10147=CARTESIAN_POINT('',(-2.20038992119474,0.,-0.893817204301074));
#10148=CARTESIAN_POINT('Origin',(-0.925,0.,-0.924999999999999));
#10149=CARTESIAN_POINT('Origin',(-0.925,0.,-2.18746428542274));
#10150=CARTESIAN_POINT('',(-0.925,0.,-2.1540659228538));
#10151=CARTESIAN_POINT('Origin',(-0.875,0.,-2.1540659228538));
#10152=CARTESIAN_POINT('',(-0.893817204301076,0.,-2.20038992119474));
#10153=CARTESIAN_POINT('Origin',(1.15712196850441,-25.6,-5.3192038429617));
#10154=CARTESIAN_POINT('',(1.08994932120314,-25.5177583993447,-5.30524671907895));
#10155=CARTESIAN_POINT('',(1.21242635890309,-25.5177583993447,-5.2786034703628));
#10156=CARTESIAN_POINT('Ctrl Pts',(1.08994932120314,-25.5177583993447,-5.30524671907895));
#10157=CARTESIAN_POINT('Ctrl Pts',(1.09190703838217,-25.5257386964287,-5.29582464568566));
#10158=CARTESIAN_POINT('Ctrl Pts',(1.09597285297732,-25.5332253465288,-5.28652385326083));
#10159=CARTESIAN_POINT('Ctrl Pts',(1.10621351044939,-25.5436056765099,-5.27264578766496));
#10160=CARTESIAN_POINT('Ctrl Pts',(1.11204544967645,-25.5476998250076,-5.26678950982502));
#10161=CARTESIAN_POINT('Ctrl Pts',(1.1260846752903,-25.553313618016,-5.25744914341749));
#10162=CARTESIAN_POINT('Ctrl Pts',(1.13428613991684,-25.5548387096774,-5.25395958071279));
#10163=CARTESIAN_POINT('Ctrl Pts',(1.15079072277767,-25.5548387096774,-5.25036922847717));
#10164=CARTESIAN_POINT('Ctrl Pts',(1.15970065414708,-25.553313618016,-5.2501364348287));
#10165=CARTESIAN_POINT('Ctrl Pts',(1.17635131138805,-25.5476998250076,-5.25280062587041));
#10166=CARTESIAN_POINT('Ctrl Pts',(1.18408901563898,-25.5436056765099,-5.25570500845746));
#10167=CARTESIAN_POINT('Ctrl Pts',(1.19916940212899,-25.5332253465288,-5.26407481810019));
#10168=CARTESIAN_POINT('Ctrl Pts',(1.20673148597801,-25.5257386964287,-5.27084611604907));
#10169=CARTESIAN_POINT('Ctrl Pts',(1.21242635890309,-25.5177583993447,-5.2786034703628));
#10170=CARTESIAN_POINT('',(1.08994932120314,-1.45,-5.30524671907895));
#10171=CARTESIAN_POINT('',(1.08994932120314,-25.6,-5.30524671907895));
#10172=CARTESIAN_POINT('',(1.21242635890309,-1.45,-5.2786034703628));
#10173=CARTESIAN_POINT('Origin',(1.15712196850441,-1.45,-5.3192038429617));
#10174=CARTESIAN_POINT('',(1.21242635890309,-25.6,-5.2786034703628));
#10175=CARTESIAN_POINT('Origin',(1.21242635890309,-25.6,-5.2786034703628));
#10176=CARTESIAN_POINT('',(1.59675475418974,-24.9742204952469,-5.80212200612143));
#10177=CARTESIAN_POINT('Ctrl Pts',(1.21242635890309,-25.5177583993447,-5.2786034703628));
#10178=CARTESIAN_POINT('Ctrl Pts',(1.39447680395367,-25.2626488200992,-5.52658614246281));
#10179=CARTESIAN_POINT('Ctrl Pts',(1.59675475418974,-24.9742204952469,-5.80212200612144));
#10180=CARTESIAN_POINT('',(1.6905262235029,-1.45,-5.92985418233534));
#10181=CARTESIAN_POINT('',(1.31852020994629,-1.45,-5.42312075878669));
#10182=CARTESIAN_POINT('',(1.6905262235029,-24.7973297985509,-5.92985418233534));
#10183=CARTESIAN_POINT('',(1.6905262235029,-25.6,-5.92985418233534));
#10184=CARTESIAN_POINT('',(1.68034777825021,-24.8,-5.91598946450461));
#10185=CARTESIAN_POINT('Ctrl Pts',(1.68034777825021,-24.8,-5.91598946450461));
#10186=CARTESIAN_POINT('Ctrl Pts',(1.68357452710175,-24.8,-5.92038482757103));
#10187=CARTESIAN_POINT('Ctrl Pts',(1.68728268400712,-24.7990799331332,-5.92543594764769));
#10188=CARTESIAN_POINT('Ctrl Pts',(1.6905262235029,-24.7973297985509,-5.92985418233534));
#10189=CARTESIAN_POINT('',(1.64875539846074,-24.8,-5.87295544304965));
#10190=CARTESIAN_POINT('',(1.21989746589801,-24.8,-5.28878034785206));
#10191=CARTESIAN_POINT('Ctrl Pts',(1.59675475418974,-24.9742204952469,-5.80212200612143));
#10192=CARTESIAN_POINT('Ctrl Pts',(1.59932726248505,-24.9705523531809,-5.8056261858607));
#10193=CARTESIAN_POINT('Ctrl Pts',(1.60178007944385,-24.9668106449507,-5.80896732629816));
#10194=CARTESIAN_POINT('Ctrl Pts',(1.61742507313698,-24.9414258167976,-5.83027838291179));
#10195=CARTESIAN_POINT('Ctrl Pts',(1.6301718008104,-24.9107553390256,-5.84764152414501));
#10196=CARTESIAN_POINT('Ctrl Pts',(1.6436734661201,-24.8577344474004,-5.86603301470341));
#10197=CARTESIAN_POINT('Ctrl Pts',(1.6479694482106,-24.8274632571901,-5.87188484943966));
#10198=CARTESIAN_POINT('Ctrl Pts',(1.64875539846074,-24.8,-5.87295544304965));
#10199=CARTESIAN_POINT('Origin',(0.874997633941525,-25.6,-6.08574221900362));
#10200=CARTESIAN_POINT('',(0.829412865141947,-24.7973297985509,-6.11008378299741));
#10201=CARTESIAN_POINT('',(0.882351997294368,-24.75,-6.13689293966178));
#10202=CARTESIAN_POINT('Ctrl Pts',(0.829412865141947,-24.7973297985509,
-6.11008378299741));
#10203=CARTESIAN_POINT('Ctrl Pts',(0.829898348840001,-24.7970006948069,
-6.1109929547391));
#10204=CARTESIAN_POINT('Ctrl Pts',(0.830408236980899,-24.7966441116062,
-6.11188235857297));
#10205=CARTESIAN_POINT('Ctrl Pts',(0.833669724023254,-24.7943023080235,
-6.11720248998685));
#10206=CARTESIAN_POINT('Ctrl Pts',(0.83693117156994,-24.7917119326212,-6.12101192512395));
#10207=CARTESIAN_POINT('Ctrl Pts',(0.84522111368963,-24.7847806264925,-6.12845963056977));
#10208=CARTESIAN_POINT('Ctrl Pts',(0.850489827403256,-24.780128142479,-6.13160223767984));
#10209=CARTESIAN_POINT('Ctrl Pts',(0.864121550528642,-24.7676966850358,
-6.13704058401169));
#10210=CARTESIAN_POINT('Ctrl Pts',(0.873106816307734,-24.7591387902113,
-6.13814822813273));
#10211=CARTESIAN_POINT('Ctrl Pts',(0.882078238797455,-24.7502708354683,
-6.1369317397261));
#10212=CARTESIAN_POINT('Ctrl Pts',(0.882215157791992,-24.7501354174664,
-6.13691261421198));
#10213=CARTESIAN_POINT('Ctrl Pts',(0.882351997294368,-24.75,-6.13689293966178));
#10214=CARTESIAN_POINT('',(0.829412865141947,-1.45,-6.11008378299741));
#10215=CARTESIAN_POINT('',(0.82941286514195,-25.6,-6.11008378299741));
#10216=CARTESIAN_POINT('',(0.925593710370051,-1.45,-6.09625506515552));
#10217=CARTESIAN_POINT('Origin',(0.874997633941525,-1.45,-6.08574221900362));
#10218=CARTESIAN_POINT('',(0.925593710370051,-24.7973297985509,-6.09625506515552));
#10219=CARTESIAN_POINT('',(0.925593710370051,-25.6,-6.09625506515552));
#10220=CARTESIAN_POINT('Ctrl Pts',(0.882351997294368,-24.75,-6.13689293966178));
#10221=CARTESIAN_POINT('Ctrl Pts',(0.882488836796659,-24.7501354174663,
-6.13687326511159));
#10222=CARTESIAN_POINT('Ctrl Pts',(0.88262559788997,-24.7502708354685,-6.13685304136957));
#10223=CARTESIAN_POINT('Ctrl Pts',(0.889609393137748,-24.7571900367469,
-6.13579164723767));
#10224=CARTESIAN_POINT('Ctrl Pts',(0.896322095045784,-24.7640372291566,
-6.13336317724363));
#10225=CARTESIAN_POINT('Ctrl Pts',(0.907649881654427,-24.7759943260532,
-6.1262663738399));
#10226=CARTESIAN_POINT('Ctrl Pts',(0.912522409901716,-24.7813123762353,
-6.12191555059452));
#10227=CARTESIAN_POINT('Ctrl Pts',(0.919495833255423,-24.7893328023269,
-6.1124782454894));
#10228=CARTESIAN_POINT('Ctrl Pts',(0.922010378006809,-24.7923772194335,
-6.10788188844002));
#10229=CARTESIAN_POINT('Ctrl Pts',(0.924528923081807,-24.7957463298696,
-6.10064103247055));
#10230=CARTESIAN_POINT('Ctrl Pts',(0.925130934428293,-24.796603429862,-6.09848230662564));
#10231=CARTESIAN_POINT('Ctrl Pts',(0.925593710370051,-24.7973297985509,
-6.09625506515552));
#10232=CARTESIAN_POINT('Origin',(1.90234576995087,-25.6,-5.10038639168878));
#10233=CARTESIAN_POINT('',(1.83387053751603,-25.5177583993447,-5.09613099563972));
#10234=CARTESIAN_POINT('',(1.95130920593739,-25.5177583993447,-5.05232863696664));
#10235=CARTESIAN_POINT('Ctrl Pts',(1.83387053751603,-25.5177583993447,-5.09613099563972));
#10236=CARTESIAN_POINT('Ctrl Pts',(1.83446742710581,-25.5257386964287,-5.08652621316434));
#10237=CARTESIAN_POINT('Ctrl Pts',(1.83716821680105,-25.5332253465288,-5.0767414636492));
#10238=CARTESIAN_POINT('Ctrl Pts',(1.84532958448503,-25.5436056765099,-5.06154725923863));
#10239=CARTESIAN_POINT('Ctrl Pts',(1.85026872774606,-25.5476998250076,-5.05492061837512));
#10240=CARTESIAN_POINT('Ctrl Pts',(1.86283578155135,-25.553313618016,-5.04367733330721));
#10241=CARTESIAN_POINT('Ctrl Pts',(1.87045715054156,-25.5548387096774,-5.03905609920738));
#10242=CARTESIAN_POINT('Ctrl Pts',(1.88628278014875,-25.5548387096774,-5.03315344454006));
#10243=CARTESIAN_POINT('Ctrl Pts',(1.89506889127345,-25.553313618016,-5.0316550049534));
#10244=CARTESIAN_POINT('Ctrl Pts',(1.91192922274921,-25.5476998250076,-5.03192244277935));
#10245=CARTESIAN_POINT('Ctrl Pts',(1.92000150506587,-25.5436056765099,-5.03369607281037));
#10246=CARTESIAN_POINT('Ctrl Pts',(1.93611954307121,-25.5332253465288,-5.03983452709478));
#10247=CARTESIAN_POINT('Ctrl Pts',(1.94456831198277,-25.5257386964287,-5.04546070625396));
#10248=CARTESIAN_POINT('Ctrl Pts',(1.95130920593739,-25.5177583993447,-5.05232863696664));
#10249=CARTESIAN_POINT('',(1.83387053751603,-1.45,-5.09613099563972));
#10250=CARTESIAN_POINT('',(1.83387053751603,-25.6,-5.09613099563972));
#10251=CARTESIAN_POINT('',(1.95130920593739,-1.45,-5.05232863696664));
#10252=CARTESIAN_POINT('Origin',(1.90234576995087,-1.45,-5.10038639168878));
#10253=CARTESIAN_POINT('',(1.95130920593739,-25.6,-5.05232863696664));
#10254=CARTESIAN_POINT('Origin',(1.95130920593739,-25.6,-5.05232863696664));
#10255=CARTESIAN_POINT('',(2.40623014806536,-24.9742204952469,-5.51582287546359));
#10256=CARTESIAN_POINT('Ctrl Pts',(1.95130920593739,-25.5177583993447,-5.05232863696664));
#10257=CARTESIAN_POINT('Ctrl Pts',(2.16679825382692,-25.2626488200992,-5.27187872338121));
#10258=CARTESIAN_POINT('Ctrl Pts',(2.40623014806536,-24.9742204952469,-5.5158228754636));
#10259=CARTESIAN_POINT('',(2.51722534302838,-1.45,-5.62890985080829));
#10260=CARTESIAN_POINT('',(2.07689012908141,-1.45,-5.18027621851809));
#10261=CARTESIAN_POINT('',(2.51722534302838,-24.7973297985509,-5.62890985080829));
#10262=CARTESIAN_POINT('',(2.51722534302838,-25.6,-5.62890985080829));
#10263=CARTESIAN_POINT('',(2.50517734459648,-24.8,-5.61663479960381));
#10264=CARTESIAN_POINT('Ctrl Pts',(2.50517734459648,-24.8,-5.61663479960381));
#10265=CARTESIAN_POINT('Ctrl Pts',(2.50899677518125,-24.8,-5.62052620997085));
#10266=CARTESIAN_POINT('Ctrl Pts',(2.51338603773285,-24.7990799331332,-5.62499819117796));
#10267=CARTESIAN_POINT('Ctrl Pts',(2.51722534302838,-24.7973297985509,-5.62890985080828));
#10268=CARTESIAN_POINT('',(2.4677821498772,-24.8,-5.57853486685774));
#10269=CARTESIAN_POINT('',(1.75945657151885,-24.8,-4.85686040840476));
#10270=CARTESIAN_POINT('Ctrl Pts',(2.40623014806536,-24.9742204952469,-5.51582287546359));
#10271=CARTESIAN_POINT('Ctrl Pts',(2.40927516870835,-24.9705523531809,-5.51892528160373));
#10272=CARTESIAN_POINT('Ctrl Pts',(2.41217851338819,-24.9668106449507,-5.52188334180025));
#10273=CARTESIAN_POINT('Ctrl Pts',(2.43069714317913,-24.9414258167976,-5.54075096783833));
#10274=CARTESIAN_POINT('Ctrl Pts',(2.44578516018063,-24.9107553390256,-5.55612332884203));
#10275=CARTESIAN_POINT('Ctrl Pts',(2.46176678000969,-24.8577344474004,-5.57240613322991));
#10276=CARTESIAN_POINT('Ctrl Pts',(2.4668518381109,-24.8274632571901,-5.57758702272976));
#10277=CARTESIAN_POINT('Ctrl Pts',(2.4677821498772,-24.8,-5.57853486685774));
#10278=CARTESIAN_POINT('Origin',(1.73218283934081,-25.6,-5.89927299136594));
#10279=CARTESIAN_POINT('',(1.74674185241687,-24.75,-5.94885643640988));
#10280=CARTESIAN_POINT('Ctrl Pts',(1.6905262235029,-24.7973297985509,-5.92985418233534));
#10281=CARTESIAN_POINT('Ctrl Pts',(1.69133210396685,-24.7968949651626,-5.93095192417711));
#10282=CARTESIAN_POINT('Ctrl Pts',(1.69217425508661,-24.7964126933739,-5.93200809205229));
#10283=CARTESIAN_POINT('Ctrl Pts',(1.69651274091445,-24.7938038195443,-5.93703898544517));
#10284=CARTESIAN_POINT('Ctrl Pts',(1.70041198206233,-24.7910815604358,-5.9403126638709));
#10285=CARTESIAN_POINT('Ctrl Pts',(1.7099827326139,-24.7838290912185,-5.94639228470934));
#10286=CARTESIAN_POINT('Ctrl Pts',(1.71582481555321,-24.7789763306807,-5.94864497705692));
#10287=CARTESIAN_POINT('Ctrl Pts',(1.73001507647109,-24.7664832767888,-5.95161684634851));
#10288=CARTESIAN_POINT('Ctrl Pts',(1.73849668224467,-24.7583976008164,-5.95120571049877));
#10289=CARTESIAN_POINT('Ctrl Pts',(1.74646958772356,-24.7502777840076,-5.94893577230792));
#10290=CARTESIAN_POINT('Ctrl Pts',(1.74660580256189,-24.7501388917148,-5.94889638425166));
#10291=CARTESIAN_POINT('Ctrl Pts',(1.74674185241687,-24.75,-5.94885643640988));
#10292=CARTESIAN_POINT('',(1.78376005466471,-1.45,-5.90247825946809));
#10293=CARTESIAN_POINT('Origin',(1.73218283934081,-1.45,-5.89927299136594));
#10294=CARTESIAN_POINT('',(1.78376005466471,-24.7973297985509,-5.90247825946809));
#10295=CARTESIAN_POINT('',(1.78376005466471,-25.6,-5.90247825946809));
#10296=CARTESIAN_POINT('Ctrl Pts',(1.74674185241687,-24.75,-5.94885643640988));
#10297=CARTESIAN_POINT('Ctrl Pts',(1.74687790227178,-24.7501388917147,-5.94881648856812));
#10298=CARTESIAN_POINT('Ctrl Pts',(1.74701378827676,-24.7502777840078,-5.94877598060803));
#10299=CARTESIAN_POINT('Ctrl Pts',(1.75494824441781,-24.7583976008156,-5.94637509599451));
#10300=CARTESIAN_POINT('Ctrl Pts',(1.76230570205986,-24.7664832767888,-5.94213546320209));
#10301=CARTESIAN_POINT('Ctrl Pts',(1.77263659534565,-24.7789763306807,-5.93196353339888));
#10302=CARTESIAN_POINT('Ctrl Pts',(1.77633337082516,-24.7838290912186,-5.92690997950714));
#10303=CARTESIAN_POINT('Ctrl Pts',(1.7810979073586,-24.7910815604358,-5.91662113859666));
#10304=CARTESIAN_POINT('Ctrl Pts',(1.78260827356944,-24.7938038195443,-5.91175905613402));
#10305=CARTESIAN_POINT('Ctrl Pts',(1.78353813378279,-24.7964126933739,-5.90518123676948));
#10306=CARTESIAN_POINT('Ctrl Pts',(1.78367558892406,-24.7968949651626,-5.90383743054341));
#10307=CARTESIAN_POINT('Ctrl Pts',(1.78376005466471,-24.7973297985509,-5.90247825946809));
#10308=CARTESIAN_POINT('Origin',(2.60884329743331,-25.6,-4.77773978178085));
#10309=CARTESIAN_POINT('',(2.54045943813102,-25.5177583993447,-4.78327274115748));
#10310=CARTESIAN_POINT('',(2.65046902464988,-25.5177583993447,-4.7232029622345));
#10311=CARTESIAN_POINT('Ctrl Pts',(2.54045943813102,-25.5177583993447,-4.78327274115748));
#10312=CARTESIAN_POINT('Ctrl Pts',(2.53968334918078,-25.5257386964287,-4.77368077527332));
#10313=CARTESIAN_POINT('Ctrl Pts',(2.54096413368635,-25.5332253465288,-4.76361125795111));
#10314=CARTESIAN_POINT('Ctrl Pts',(2.54688006967165,-25.5436056765099,-4.74741022491117));
#10315=CARTESIAN_POINT('Ctrl Pts',(2.55082587025315,-25.5476998250076,-4.74014812032242));
#10316=CARTESIAN_POINT('Ctrl Pts',(2.5616649232748,-25.553313618016,-4.72723079745515));
#10317=CARTESIAN_POINT('Ctrl Pts',(2.56855104753425,-25.5548387096774,-4.72157196695993));
#10318=CARTESIAN_POINT('Ctrl Pts',(2.58337555970636,-25.5548387096774,-4.71347717088807));
#10319=CARTESIAN_POINT('Ctrl Pts',(2.59185899070089,-25.553313618016,-4.71074358927207));
#10320=CARTESIAN_POINT('Ctrl Pts',(2.60858576868377,-25.5476998250076,-4.70860882961936));
#10321=CARTESIAN_POINT('Ctrl Pts',(2.61682830067674,-25.5436056765099,-4.70921560110164));
#10322=CARTESIAN_POINT('Ctrl Pts',(2.63365587342421,-25.5332253465288,-4.71299773880034));
#10323=CARTESIAN_POINT('Ctrl Pts',(2.6428193348275,-25.5257386964287,-4.7173642663867));
#10324=CARTESIAN_POINT('Ctrl Pts',(2.65046902464988,-25.5177583993447,-4.7232029622345));
#10325=CARTESIAN_POINT('',(2.54045943813102,-1.45,-4.78327274115748));
#10326=CARTESIAN_POINT('',(2.54045943813102,-25.6,-4.78327274115748));
#10327=CARTESIAN_POINT('',(2.65046902464988,-1.45,-4.7232029622345));
#10328=CARTESIAN_POINT('Origin',(2.60884329743331,-1.45,-4.77773978178085));
#10329=CARTESIAN_POINT('',(2.65046902464988,-25.6,-4.7232029622345));
#10330=CARTESIAN_POINT('Origin',(2.65046902464988,-25.6,-4.72320296223449));
#10331=CARTESIAN_POINT('',(3.16672163512111,-24.9742204952469,-5.11723749738098));
#10332=CARTESIAN_POINT('Ctrl Pts',(2.65046902464988,-25.5177583993447,-4.7232029622345));
#10333=CARTESIAN_POINT('Ctrl Pts',(2.8950099397821,-25.2626488200995,-4.90985105633414));
#10334=CARTESIAN_POINT('Ctrl Pts',(3.16672163512112,-24.9742204952469,-5.11723749738099));
#10335=CARTESIAN_POINT('',(3.29268101364826,-1.45,-5.21337714715435));
#10336=CARTESIAN_POINT('',(2.79298055444499,-1.45,-4.83197619312348));
#10337=CARTESIAN_POINT('',(3.29268101364826,-24.7973297985509,-5.21337714715435));
#10338=CARTESIAN_POINT('',(3.29268101364826,-25.6,-5.21337714715435));
#10339=CARTESIAN_POINT('',(3.27900872454165,-24.8,-5.20294164722032));
#10340=CARTESIAN_POINT('Ctrl Pts',(3.27900872454166,-24.8,-5.20294164722032));
#10341=CARTESIAN_POINT('Ctrl Pts',(3.28334308426728,-24.8,-5.20624988699481));
#10342=CARTESIAN_POINT('Ctrl Pts',(3.28832409973714,-24.7990799331332,-5.21005169269112));
#10343=CARTESIAN_POINT('Ctrl Pts',(3.29268101364826,-24.7973297985509,-5.21337714715434));
#10344=CARTESIAN_POINT('',(3.23657197321822,-24.8,-5.17055140794271));
#10345=CARTESIAN_POINT('',(2.16919634764498,-24.8,-4.35586718181252));
#10346=CARTESIAN_POINT('Ctrl Pts',(3.16672163512111,-24.9742204952469,-5.11723749738098));
#10347=CARTESIAN_POINT('Ctrl Pts',(3.17017718027261,-24.9705523531809,-5.11987497387956));
#10348=CARTESIAN_POINT('Ctrl Pts',(3.17347194894835,-24.9668106449507,-5.12238973625989));
#10349=CARTESIAN_POINT('Ctrl Pts',(3.19448722893789,-24.9414258167976,-5.13842984126603));
#10350=CARTESIAN_POINT('Ctrl Pts',(3.21160938675156,-24.9107553390256,-5.1514984851004));
#10351=CARTESIAN_POINT('Ctrl Pts',(3.22974562140745,-24.8577344474004,-5.16534113237616));
#10352=CARTESIAN_POINT('Ctrl Pts',(3.23551623840052,-24.8274632571901,-5.16974560866984));
#10353=CARTESIAN_POINT('Ctrl Pts',(3.23657197321822,-24.8,-5.17055140794271));
#10354=CARTESIAN_POINT('Origin',(2.55410579733393,-25.6,-5.59271157772253));
#10355=CARTESIAN_POINT('',(2.5755730806117,-24.75,-5.63971837119801));
#10356=CARTESIAN_POINT('Ctrl Pts',(2.51722534302838,-24.7973297985509,-5.62890985080829));
#10357=CARTESIAN_POINT('Ctrl Pts',(2.51817481619871,-24.796896984356,-5.62987721745005));
#10358=CARTESIAN_POINT('Ctrl Pts',(2.51915401671814,-24.7964171620423,-5.63079872131455));
#10359=CARTESIAN_POINT('Ctrl Pts',(2.5241687651864,-24.7938073506588,-5.63516801912641));
#10360=CARTESIAN_POINT('Ctrl Pts',(2.52850552665188,-24.7910777513301,-5.63786000394677));
#10361=CARTESIAN_POINT('Ctrl Pts',(2.53887074665753,-24.7838045544535,-5.64252292459023));
#10362=CARTESIAN_POINT('Ctrl Pts',(2.54498962464594,-24.7789370017926,-5.64391930035796));
#10363=CARTESIAN_POINT('Ctrl Pts',(2.55944729026325,-24.7664462149355,-5.64482306244396));
#10364=CARTESIAN_POINT('Ctrl Pts',(2.56775895986501,-24.7583833415889,-5.64321010484768));
#10365=CARTESIAN_POINT('Ctrl Pts',(2.57531020738501,-24.7502828038734,-5.63983775641225));
#10366=CARTESIAN_POINT('Ctrl Pts',(2.57544176991867,-24.7501414016317,-5.63977833878219));
#10367=CARTESIAN_POINT('Ctrl Pts',(2.5755730806117,-24.75,-5.63971837119801));
#10368=CARTESIAN_POINT('',(2.60561418818562,-1.45,-5.58854401775961));
#10369=CARTESIAN_POINT('Origin',(2.55410579733393,-1.45,-5.59271157772253));
#10370=CARTESIAN_POINT('',(2.60561418818562,-24.7973297985509,-5.58854401775961));
#10371=CARTESIAN_POINT('',(2.60561418818562,-25.6,-5.58854401775961));
#10372=CARTESIAN_POINT('Ctrl Pts',(2.5755730806117,-24.75,-5.63971837119801));
#10373=CARTESIAN_POINT('Ctrl Pts',(2.57570439130473,-24.7501414016317,-5.63965840361383));
#10374=CARTESIAN_POINT('Ctrl Pts',(2.57583545129069,-24.7502828038734,-5.63959788555786));
#10375=CARTESIAN_POINT('Ctrl Pts',(2.58332911767853,-24.7583833415889,-5.6360994520303));
#10376=CARTESIAN_POINT('Ctrl Pts',(2.58999109575106,-24.7664462149355,-5.63087417386194));
#10377=CARTESIAN_POINT('Ctrl Pts',(2.59877583545654,-24.7789370017926,-5.61935596092255));
#10378=CARTESIAN_POINT('Ctrl Pts',(2.60172753799485,-24.7838045544535,-5.61381718982716));
#10379=CARTESIAN_POINT('Ctrl Pts',(2.6049913132837,-24.7910777513301,-5.6029301155849));
#10380=CARTESIAN_POINT('Ctrl Pts',(2.60579682169778,-24.7938073506588,-5.59788973479806));
#10381=CARTESIAN_POINT('Ctrl Pts',(2.60577868859871,-24.7964171620423,-5.59123855920578));
#10382=CARTESIAN_POINT('Ctrl Pts',(2.60572350241619,-24.796896984356,-5.58989507213297));
#10383=CARTESIAN_POINT('Ctrl Pts',(2.60561418818562,-24.7973297985509,-5.58854401775961));
#10384=CARTESIAN_POINT('Origin',(3.26223229866283,-25.6,-4.35783216777965));
#10385=CARTESIAN_POINT('',(3.19533191066571,-25.5177583993447,-4.3730408474848));
#10386=CARTESIAN_POINT('',(3.29567293734199,-25.5177583993447,-4.29792649578384));
#10387=CARTESIAN_POINT('Ctrl Pts',(3.19533191066571,-25.5177583993447,-4.3730408474848));
#10388=CARTESIAN_POINT('Ctrl Pts',(3.19319864210843,-25.5257386964287,-4.36365696295631));
#10389=CARTESIAN_POINT('Ctrl Pts',(3.19303334834527,-25.5332253465288,-4.35350766416162));
#10390=CARTESIAN_POINT('Ctrl Pts',(3.19658342123538,-25.5436056765099,-4.33662960880508));
#10391=CARTESIAN_POINT('Ctrl Pts',(3.19945555401626,-25.5476998250076,-4.32887987599834));
#10392=CARTESIAN_POINT('Ctrl Pts',(3.20834595439199,-25.553313618016,-4.31455147477481));
#10393=CARTESIAN_POINT('Ctrl Pts',(3.21435665228871,-25.5548387096774,-4.30797024535435));
#10394=CARTESIAN_POINT('Ctrl Pts',(3.22787826270827,-25.5548387096774,-4.29784809458252));
#10395=CARTESIAN_POINT('Ctrl Pts',(3.23588631538179,-25.553313618016,-4.29393501877588));
#10396=CARTESIAN_POINT('Ctrl Pts',(3.25213903090809,-25.5476998250076,-4.28944151919491));
#10397=CARTESIAN_POINT('Ctrl Pts',(3.26038401839549,-25.5436056765099,-4.28886908001084));
#10398=CARTESIAN_POINT('Ctrl Pts',(3.27757856503067,-25.5332253465288,-4.29021790770707));
#10399=CARTESIAN_POINT('Ctrl Pts',(3.28727017727676,-25.5257386964287,-4.29323589381098));
#10400=CARTESIAN_POINT('Ctrl Pts',(3.29567293734199,-25.5177583993447,-4.29792649578384));
#10401=CARTESIAN_POINT('',(3.19533191066571,-1.45,-4.3730408474848));
#10402=CARTESIAN_POINT('',(3.19533191066571,-25.6,-4.3730408474848));
#10403=CARTESIAN_POINT('',(3.29567293734199,-1.45,-4.29792649578384));
#10404=CARTESIAN_POINT('Origin',(3.26223229866283,-1.45,-4.35783216777965));
#10405=CARTESIAN_POINT('',(3.29567293734199,-25.6,-4.29792649578384));
#10406=CARTESIAN_POINT('Origin',(3.29567293734199,-25.6,-4.29792649578384));
#10407=CARTESIAN_POINT('',(3.86274780175689,-24.9742204952469,-4.61447992074605));
#10408=CARTESIAN_POINT('Ctrl Pts',(3.29567293734199,-25.5177583993447,-4.29792649578384));
#10409=CARTESIAN_POINT('Ctrl Pts',(3.56428757188281,-25.2626488200996,-4.44787298062161));
#10410=CARTESIAN_POINT('Ctrl Pts',(3.86274780175689,-24.9742204952469,-4.61447992074605));
#10411=CARTESIAN_POINT('',(4.0011071941382,-1.45,-4.69171511892255));
#10412=CARTESIAN_POINT('',(3.45221395001088,-1.45,-4.38531106670556));
#10413=CARTESIAN_POINT('',(4.0011071941382,-24.7973297985509,-4.69171511892255));
#10414=CARTESIAN_POINT('',(4.0011071941382,-25.6,-4.69171511892255));
#10415=CARTESIAN_POINT('',(3.98608894273548,-24.8,-4.68333160694414));
#10416=CARTESIAN_POINT('Ctrl Pts',(3.98608894273548,-24.8,-4.68333160694414));
#10417=CARTESIAN_POINT('Ctrl Pts',(3.9908499965372,-24.8,-4.68598932990443));
#10418=CARTESIAN_POINT('Ctrl Pts',(3.99632136581443,-24.7990799331332,-4.68904356628948));
#10419=CARTESIAN_POINT('Ctrl Pts',(4.00110719413821,-24.7973297985509,-4.69171511892255));
#10420=CARTESIAN_POINT('',(3.93947452468735,-24.8,-4.65731043300094));
#10421=CARTESIAN_POINT('',(2.44408892854667,-24.8,-3.82255392763916));
#10422=CARTESIAN_POINT('Ctrl Pts',(3.86274780175689,-24.9742204952469,-4.61447992074605));
#10423=CARTESIAN_POINT('Ctrl Pts',(3.86654352648257,-24.9705523531809,-4.61659877618741));
#10424=CARTESIAN_POINT('Ctrl Pts',(3.87016264716531,-24.9668106449507,-4.61861904744147));
#10425=CARTESIAN_POINT('Ctrl Pts',(3.89324676685593,-24.9414258167976,-4.63150510113359));
#10426=CARTESIAN_POINT('Ctrl Pts',(3.9120545077249,-24.9107553390256,-4.64200398789701));
#10427=CARTESIAN_POINT('Ctrl Pts',(3.93197615577061,-24.8577344474004,-4.65312468168101));
#10428=CARTESIAN_POINT('Ctrl Pts',(3.93831485853465,-24.8274632571901,-4.65666308233265));
#10429=CARTESIAN_POINT('Ctrl Pts',(3.93947452468735,-24.8,-4.65731043300094));
#10430=CARTESIAN_POINT('Origin',(3.32403452672623,-25.6,-5.17229868440506));
#10431=CARTESIAN_POINT('',(3.35197306822469,-24.75,-5.21577190355333));
#10432=CARTESIAN_POINT('Ctrl Pts',(3.29268101364826,-24.7973297985509,-5.21337714715435));
#10433=CARTESIAN_POINT('Ctrl Pts',(3.29398166419494,-24.7968073384914,-5.21436988060141));
#10434=CARTESIAN_POINT('Ctrl Pts',(3.29531500190204,-24.7962166528329,-5.21528977659726));
#10435=CARTESIAN_POINT('Ctrl Pts',(3.30124041736249,-24.7933738933012,-5.21898808919236));
#10436=CARTESIAN_POINT('Ctrl Pts',(3.30600723911802,-24.7905351510444,-5.22097388129042));
#10437=CARTESIAN_POINT('Ctrl Pts',(3.31713640642566,-24.7829983594208,-5.22394185596789));
#10438=CARTESIAN_POINT('Ctrl Pts',(3.3235018433567,-24.7779682373844,-5.22431985505575));
#10439=CARTESIAN_POINT('Ctrl Pts',(3.33753558533941,-24.7656384324884,-5.22283584406904));
#10440=CARTESIAN_POINT('Ctrl Pts',(3.34507485852256,-24.7579897162254,-5.22012507160431));
#10441=CARTESIAN_POINT('Ctrl Pts',(3.35172687632209,-24.7502862697185,-5.21592938473523));
#10442=CARTESIAN_POINT('Ctrl Pts',(3.35185014008724,-24.750143134543,-5.21585090467027));
#10443=CARTESIAN_POINT('Ctrl Pts',(3.35197306822469,-24.75,-5.21577190355333));
#10444=CARTESIAN_POINT('',(3.3744255308059,-1.45,-5.16084313587967));
#10445=CARTESIAN_POINT('Origin',(3.32403452672623,-1.45,-5.17229868440506));
#10446=CARTESIAN_POINT('',(3.3744255308059,-24.7973297985509,-5.16084313587967));
#10447=CARTESIAN_POINT('',(3.3744255308059,-25.6,-5.16084313587967));
#10448=CARTESIAN_POINT('Ctrl Pts',(3.35197306822469,-24.75,-5.21577190355333));
#10449=CARTESIAN_POINT('Ctrl Pts',(3.35209599636208,-24.7501431345429,-5.21569290243643));
#10450=CARTESIAN_POINT('Ctrl Pts',(3.35221858995897,-24.7502862697184,-5.21561337956886));
#10451=CARTESIAN_POINT('Ctrl Pts',(3.35879846903695,-24.7579897162266,-5.21130544266086));
#10452=CARTESIAN_POINT('Ctrl Pts',(3.36439620167159,-24.7656384324883,-5.20557357412967));
#10453=CARTESIAN_POINT('Ctrl Pts',(3.37157593265477,-24.7779682373844,-5.19342451385097));
#10454=CARTESIAN_POINT('Ctrl Pts',(3.37387639065571,-24.7829983594208,-5.18747728225808));
#10455=CARTESIAN_POINT('Ctrl Pts',(3.37579984910949,-24.7905351510444,-5.17612089435418));
#10456=CARTESIAN_POINT('Ctrl Pts',(3.37597371840252,-24.7933738933012,-5.17095991291896));
#10457=CARTESIAN_POINT('Ctrl Pts',(3.37507112147773,-24.7962166528329,-5.16403363085559));
#10458=CARTESIAN_POINT('Ctrl Pts',(3.37478824314845,-24.7968073384914,-5.16243864560952));
#10459=CARTESIAN_POINT('Ctrl Pts',(3.3744255308059,-24.7973297985509,-5.16084313587967));
#10460=CARTESIAN_POINT('Origin',(3.84921165779267,-25.6,-3.84921165779267));
#10461=CARTESIAN_POINT('',(3.78515664007556,-25.5177583993447,-3.87378645296577));
#10462=CARTESIAN_POINT('',(3.87378645296576,-25.5177583993447,-3.78515664007556));
#10463=CARTESIAN_POINT('Ctrl Pts',(3.78515664007556,-25.5177583993447,-3.87378645296577));
#10464=CARTESIAN_POINT('Ctrl Pts',(3.78170961910722,-25.5257386964287,-3.86480167862105));
#10465=CARTESIAN_POINT('Ctrl Pts',(3.78010161197969,-25.5332253465288,-3.85477920880918));
#10466=CARTESIAN_POINT('Ctrl Pts',(3.78121355252812,-25.5436056765099,-3.83756771967081));
#10467=CARTESIAN_POINT('Ctrl Pts',(3.78295354916752,-25.5476998250076,-3.82948812085765));
#10468=CARTESIAN_POINT('Ctrl Pts',(3.78971431398348,-25.5533136180161,-3.81404032620706));
#10469=CARTESIAN_POINT('Ctrl Pts',(3.79472722504171,-25.5548387096774,-3.80667067271367));
#10470=CARTESIAN_POINT('Ctrl Pts',(3.80667067271367,-25.5548387096774,-3.79472722504171));
#10471=CARTESIAN_POINT('Ctrl Pts',(3.81404032620706,-25.553313618016,-3.78971431398348));
#10472=CARTESIAN_POINT('Ctrl Pts',(3.82948812085764,-25.5476998250076,-3.78295354916752));
#10473=CARTESIAN_POINT('Ctrl Pts',(3.83756771967081,-25.5436056765099,-3.78121355252812));
#10474=CARTESIAN_POINT('Ctrl Pts',(3.85477920880918,-25.5332253465288,-3.78010161197969));
#10475=CARTESIAN_POINT('Ctrl Pts',(3.86480167862105,-25.5257386964287,-3.78170961910723));
#10476=CARTESIAN_POINT('Ctrl Pts',(3.87378645296576,-25.5177583993447,-3.78515664007556));
#10477=CARTESIAN_POINT('',(3.78515664007556,-1.45,-3.87378645296577));
#10478=CARTESIAN_POINT('',(3.78515664007556,-25.6,-3.87378645296577));
#10479=CARTESIAN_POINT('',(3.87378645296576,-1.45,-3.78515664007556));
#10480=CARTESIAN_POINT('Origin',(3.84921165779267,-1.45,-3.84921165779267));
#10481=CARTESIAN_POINT('',(3.87378645296576,-25.6,-3.78515664007556));
#10482=CARTESIAN_POINT('Origin',(3.87378645296577,-25.6,-3.78515664007556));
#10483=CARTESIAN_POINT('',(4.4801395623937,-24.9742204952469,-4.01778483998594));
#10484=CARTESIAN_POINT('Ctrl Pts',(3.87378645296576,-25.5177583993447,-3.78515664007556));
#10485=CARTESIAN_POINT('Ctrl Pts',(4.1610065875766,-25.2626488200996,-3.89534903763014));
#10486=CARTESIAN_POINT('Ctrl Pts',(4.48013956239371,-24.9742204952469,-4.01778483998595));
#10487=CARTESIAN_POINT('',(4.62808237039584,-1.45,-4.07454330065863));
#10488=CARTESIAN_POINT('',(4.04117022491748,-1.45,-3.84937365316233));
#10489=CARTESIAN_POINT('',(4.62808237039584,-24.7973297985509,-4.07454330065863));
#10490=CARTESIAN_POINT('',(4.62808237039584,-25.6,-4.07454330065863));
#10491=CARTESIAN_POINT('',(4.61202388498649,-24.8,-4.06838244076366));
#10492=CARTESIAN_POINT('Ctrl Pts',(4.61202388498649,-24.8,-4.06838244076366));
#10493=CARTESIAN_POINT('Ctrl Pts',(4.61711471153865,-24.8,-4.07033554333454));
#10494=CARTESIAN_POINT('Ctrl Pts',(4.62296505332289,-24.7990799331332,-4.07258003496321));
#10495=CARTESIAN_POINT('Ctrl Pts',(4.62808237039584,-24.7973297985509,-4.07454330065863));
#10496=CARTESIAN_POINT('',(4.56218073534024,-24.8,-4.04926004821749));
#10497=CARTESIAN_POINT('',(2.58919860060365,-24.8,-3.29232275322754));
#10498=CARTESIAN_POINT('Ctrl Pts',(4.4801395623937,-24.9742204952469,-4.01778483998594));
#10499=CARTESIAN_POINT('Ctrl Pts',(4.48419819668412,-24.9705523531809,-4.01934194058359));
#10500=CARTESIAN_POINT('Ctrl Pts',(4.48806799451344,-24.9668106449507,-4.02082659381461));
#10501=CARTESIAN_POINT('Ctrl Pts',(4.51275102779734,-24.9414258167976,-4.03029627329985));
#10502=CARTESIAN_POINT('Ctrl Pts',(4.53286148035457,-24.9107553390256,-4.03801167593411));
#10503=CARTESIAN_POINT('Ctrl Pts',(4.55416299448518,-24.8577344474004,-4.04618403097035));
#10504=CARTESIAN_POINT('Ctrl Pts',(4.56094074531121,-24.8274632571901,-4.04878432434658));
#10505=CARTESIAN_POINT('Ctrl Pts',(4.56218073534025,-24.8,-4.04926004821749));
#10506=CARTESIAN_POINT('Origin',(4.02629549887839,-25.6,-4.64659270555081));
#10507=CARTESIAN_POINT('',(4.06013655046077,-24.75,-4.6856473609964));
#10508=CARTESIAN_POINT('Ctrl Pts',(4.0011071941382,-24.7973297985509,-4.69171511892255));
#10509=CARTESIAN_POINT('Ctrl Pts',(4.00271726614584,-24.7967410096287,-4.69261389585737));
#10510=CARTESIAN_POINT('Ctrl Pts',(4.00435460133926,-24.7960658149421,-4.69341482566439));
#10511=CARTESIAN_POINT('Ctrl Pts',(4.01100331869755,-24.7930464227784,-4.6962528953952));
#10512=CARTESIAN_POINT('Ctrl Pts',(4.01606320001611,-24.7901270421894,-4.69748407895293));
#10513=CARTESIAN_POINT('Ctrl Pts',(4.02762984787876,-24.7823962532226,-4.69868677052981));
#10514=CARTESIAN_POINT('Ctrl Pts',(4.03404763418771,-24.7772472219781,-4.69804410767806));
#10515=CARTESIAN_POINT('Ctrl Pts',(4.04739921239056,-24.7650436552792,-4.6943993196579));
#10516=CARTESIAN_POINT('Ctrl Pts',(4.05415373564688,-24.7576989925666,-4.69074514141514));
#10517=CARTESIAN_POINT('Ctrl Pts',(4.05991370144339,-24.7502883034654,-4.68583962897452));
#10518=CARTESIAN_POINT('Ctrl Pts',(4.06002533203352,-24.7501441514096,-4.6857437323122));
#10519=CARTESIAN_POINT('Ctrl Pts',(4.06013655046077,-24.75,-4.6856473609964));
#10520=CARTESIAN_POINT('',(4.07454330065863,-1.45,-4.62808237039584));
#10521=CARTESIAN_POINT('Origin',(4.02629549887839,-1.45,-4.64659270555081));
#10522=CARTESIAN_POINT('',(4.07454330065863,-24.7973297985509,-4.62808237039584));
#10523=CARTESIAN_POINT('',(4.07454330065863,-25.6,-4.62808237039584));
#10524=CARTESIAN_POINT('Ctrl Pts',(4.06013655046077,-24.75,-4.6856473609964));
#10525=CARTESIAN_POINT('Ctrl Pts',(4.06024776888799,-24.7501441514095,-4.68555098968062));
#10526=CARTESIAN_POINT('Ctrl Pts',(4.06035857614999,-24.7502883034655,-4.68545414284689));
#10527=CARTESIAN_POINT('Ctrl Pts',(4.06603388614803,-24.7576989925665,-4.68045093240653));
#10528=CARTESIAN_POINT('Ctrl Pts',(4.07061213900987,-24.7650436552792,-4.67428520424351));
#10529=CARTESIAN_POINT('Ctrl Pts',(4.07611995603596,-24.7772472219781,-4.66158823327302));
#10530=CARTESIAN_POINT('Ctrl Pts',(4.07766942372716,-24.7823962532226,-4.65532723123481));
#10531=CARTESIAN_POINT('Ctrl Pts',(4.07812507943633,-24.7901270421894,-4.64370715431242));
#10532=CARTESIAN_POINT('Ctrl Pts',(4.07762652374353,-24.7930464227784,-4.63852355960103));
#10533=CARTESIAN_POINT('Ctrl Pts',(4.07576355260599,-24.7960658149421,-4.63153861716403));
#10534=CARTESIAN_POINT('Ctrl Pts',(4.07520379220281,-24.7967410096287,-4.6298039634861));
#10535=CARTESIAN_POINT('Ctrl Pts',(4.07454330065863,-24.7973297985509,-4.62808237039584));
#10536=CARTESIAN_POINT('Origin',(4.35783216777964,-25.6,-3.26223229866283));
#10537=CARTESIAN_POINT('',(4.29792649578384,-25.5177583993447,-3.29567293734199));
#10538=CARTESIAN_POINT('',(4.3730408474848,-25.5177583993447,-3.19533191066571));
#10539=CARTESIAN_POINT('Ctrl Pts',(4.29792649578384,-25.5177583993447,-3.29567293734199));
#10540=CARTESIAN_POINT('Ctrl Pts',(4.29323589381098,-25.5257386964287,-3.28727017727677));
#10541=CARTESIAN_POINT('Ctrl Pts',(4.29021790770707,-25.5332253465288,-3.27757856503067));
#10542=CARTESIAN_POINT('Ctrl Pts',(4.28886908001084,-25.5436056765099,-3.26038401839549));
#10543=CARTESIAN_POINT('Ctrl Pts',(4.28944151919491,-25.5476998250076,-3.25213903090809));
#10544=CARTESIAN_POINT('Ctrl Pts',(4.29393501877588,-25.553313618016,-3.23588631538179));
#10545=CARTESIAN_POINT('Ctrl Pts',(4.29784809458252,-25.5548387096774,-3.22787826270827));
#10546=CARTESIAN_POINT('Ctrl Pts',(4.30797024535435,-25.5548387096774,-3.21435665228871));
#10547=CARTESIAN_POINT('Ctrl Pts',(4.31455147477481,-25.553313618016,-3.20834595439199));
#10548=CARTESIAN_POINT('Ctrl Pts',(4.32887987599834,-25.5476998250076,-3.19945555401626));
#10549=CARTESIAN_POINT('Ctrl Pts',(4.33662960880508,-25.5436056765099,-3.19658342123538));
#10550=CARTESIAN_POINT('Ctrl Pts',(4.35350766416162,-25.5332253465288,-3.19303334834527));
#10551=CARTESIAN_POINT('Ctrl Pts',(4.36365696295631,-25.5257386964287,-3.19319864210843));
#10552=CARTESIAN_POINT('Ctrl Pts',(4.3730408474848,-25.5177583993447,-3.19533191066571));
#10553=CARTESIAN_POINT('',(4.29792649578384,-1.45,-3.29567293734199));
#10554=CARTESIAN_POINT('',(4.29792649578384,-25.6,-3.29567293734199));
#10555=CARTESIAN_POINT('',(4.3730408474848,-1.45,-3.19533191066571));
#10556=CARTESIAN_POINT('Origin',(4.35783216777964,-1.45,-3.26223229866283));
#10557=CARTESIAN_POINT('',(4.3730408474848,-25.6,-3.19533191066571));
#10558=CARTESIAN_POINT('Origin',(4.3730408474848,-25.6,-3.19533191066571));
#10559=CARTESIAN_POINT('',(5.0063286011958,-24.9742204952469,-3.33929924621843));
#10560=CARTESIAN_POINT('Ctrl Pts',(4.3730408474848,-25.5177583993447,-3.19533191066571));
#10561=CARTESIAN_POINT('Ctrl Pts',(4.67301950850045,-25.2626488200987,-3.26352702149175));
#10562=CARTESIAN_POINT('Ctrl Pts',(5.00632860119581,-24.9742204952469,-3.33929924621844));
#10563=CARTESIAN_POINT('',(5.16084313587967,-1.45,-3.37442553080589));
#10564=CARTESIAN_POINT('',(4.54785992781736,-1.45,-3.23507409271766));
#10565=CARTESIAN_POINT('',(5.16084313587967,-24.7973297985509,-3.37442553080589));
#10566=CARTESIAN_POINT('',(5.16084313587967,-25.6,-3.37442553080589));
#10567=CARTESIAN_POINT('',(5.14407132091778,-24.8,-3.37061274033538));
#10568=CARTESIAN_POINT('Ctrl Pts',(5.14407132091778,-24.8,-3.37061274033538));
#10569=CARTESIAN_POINT('Ctrl Pts',(5.14938828567252,-24.8,-3.37182146298078));
#10570=CARTESIAN_POINT('Ctrl Pts',(5.15549850387603,-24.7990799331332,-3.37321051847609));
#10571=CARTESIAN_POINT('Ctrl Pts',(5.16084313587967,-24.7973297985509,-3.37442553080589));
#10572=CARTESIAN_POINT('',(5.09201410246444,-24.8,-3.35877840595405));
#10573=CARTESIAN_POINT('',(2.61871507339703,-24.8,-2.79651540757231));
#10574=CARTESIAN_POINT('Ctrl Pts',(5.0063286011958,-24.9742204952469,-3.33929924621843));
#10575=CARTESIAN_POINT('Ctrl Pts',(5.01056752296094,-24.9705523531809,-3.3402628938945));
#10576=CARTESIAN_POINT('Ctrl Pts',(5.01460922001261,-24.9668106449507,-3.34118170584409));
#10577=CARTESIAN_POINT('Ctrl Pts',(5.04038869151211,-24.9414258167976,-3.34704223575643));
#10578=CARTESIAN_POINT('Ctrl Pts',(5.0613924649373,-24.9107553390256,-3.35181709091328));
#10579=CARTESIAN_POINT('Ctrl Pts',(5.0836402077536,-24.8577344474004,-3.35687474162033));
#10580=CARTESIAN_POINT('Ctrl Pts',(5.09071903118024,-24.8274632571901,-3.35848399324664));
#10581=CARTESIAN_POINT('Ctrl Pts',(5.09201410246444,-24.8,-3.35877840595405));
#10582=CARTESIAN_POINT('Origin',(4.64659270555081,-25.6,-4.02629549887839));
#10583=CARTESIAN_POINT('',(4.6856473609964,-24.75,-4.06013655046077));
#10584=CARTESIAN_POINT('Ctrl Pts',(4.62808237039584,-24.7973297985509,-4.07454330065863));
#10585=CARTESIAN_POINT('Ctrl Pts',(4.62986754124768,-24.7967192658834,-4.07522818389802));
#10586=CARTESIAN_POINT('Ctrl Pts',(4.63166651304467,-24.7960159107476,-4.07580466430012));
#10587=CARTESIAN_POINT('Ctrl Pts',(4.63873574566418,-24.7929377655412,-4.0776610873389));
#10588=CARTESIAN_POINT('Ctrl Pts',(4.64393580615683,-24.7899918327012,-4.07813850562963));
#10589=CARTESIAN_POINT('Ctrl Pts',(4.65559004875619,-24.7821972689437,-4.0776271642372));
#10590=CARTESIAN_POINT('Ctrl Pts',(4.66186599900271,-24.7770092572426,-4.07603837076909));
#10591=CARTESIAN_POINT('Ctrl Pts',(4.67444862833382,-24.7648484272741,-4.07049007118906));
#10592=CARTESIAN_POINT('Ctrl Pts',(4.68051532348396,-24.7576034606012,-4.06596063345581));
#10593=CARTESIAN_POINT('Ctrl Pts',(4.68545370923135,-24.7502889488789,-4.06035907226623));
#10594=CARTESIAN_POINT('Ctrl Pts',(4.68555077393904,-24.750144474114,-4.06024801786704));
#10595=CARTESIAN_POINT('Ctrl Pts',(4.6856473609964,-24.75,-4.06013655046077));
#10596=CARTESIAN_POINT('',(4.69171511892255,-1.45,-4.00110719413821));
#10597=CARTESIAN_POINT('Origin',(4.64659270555081,-1.45,-4.02629549887839));
#10598=CARTESIAN_POINT('',(4.69171511892255,-24.7973297985509,-4.00110719413821));
#10599=CARTESIAN_POINT('',(4.69171511892255,-25.6,-4.00110719413821));
#10600=CARTESIAN_POINT('Ctrl Pts',(4.6856473609964,-24.75,-4.06013655046077));
#10601=CARTESIAN_POINT('Ctrl Pts',(4.68574394805379,-24.750144474114,-4.06002508305446));
#10602=CARTESIAN_POINT('Ctrl Pts',(4.68584005833112,-24.7502889488787,-4.05991320163669));
#10603=CARTESIAN_POINT('Ctrl Pts',(4.69068179813489,-24.7576034606022,-4.05422789626172));
#10604=CARTESIAN_POINT('Ctrl Pts',(4.69430175198448,-24.7648484272741,-4.04757834512146));
#10605=CARTESIAN_POINT('Ctrl Pts',(4.69800288301646,-24.7770092572426,-4.03433418345685));
#10606=CARTESIAN_POINT('Ctrl Pts',(4.69868234401358,-24.7821972689437,-4.0278960044492));
#10607=CARTESIAN_POINT('Ctrl Pts',(4.6975299090372,-24.7899918327012,-4.01628761376792));
#10608=CARTESIAN_POINT('Ctrl Pts',(4.69631730440826,-24.7929377655412,-4.01120842610005));
#10609=CARTESIAN_POINT('Ctrl Pts',(4.69347372038232,-24.7960159107476,-4.00447534462014));
#10610=CARTESIAN_POINT('Ctrl Pts',(4.69264708733915,-24.7967192658834,-4.00277672547733));
#10611=CARTESIAN_POINT('Ctrl Pts',(4.69171511892255,-24.7973297985509,-4.00110719413821));
#10612=CARTESIAN_POINT('Origin',(4.77773978178085,-25.6,-2.60884329743331));
#10613=CARTESIAN_POINT('',(4.7232029622345,-25.5177583993447,-2.65046902464987));
#10614=CARTESIAN_POINT('',(4.78327274115748,-25.5177583993447,-2.54045943813102));
#10615=CARTESIAN_POINT('Ctrl Pts',(4.7232029622345,-25.5177583993447,-2.65046902464987));
#10616=CARTESIAN_POINT('Ctrl Pts',(4.7173642663867,-25.5257386964287,-2.6428193348275));
#10617=CARTESIAN_POINT('Ctrl Pts',(4.71299773880034,-25.5332253465288,-2.63365587342421));
#10618=CARTESIAN_POINT('Ctrl Pts',(4.70921560110164,-25.5436056765099,-2.61682830067674));
#10619=CARTESIAN_POINT('Ctrl Pts',(4.70860882961937,-25.5476998250076,-2.60858576868377));
#10620=CARTESIAN_POINT('Ctrl Pts',(4.71074358927207,-25.553313618016,-2.59185899070089));
#10621=CARTESIAN_POINT('Ctrl Pts',(4.71347717088807,-25.5548387096774,-2.58337555970636));
#10622=CARTESIAN_POINT('Ctrl Pts',(4.72157196695993,-25.5548387096774,-2.56855104753425));
#10623=CARTESIAN_POINT('Ctrl Pts',(4.72723079745515,-25.553313618016,-2.5616649232748));
#10624=CARTESIAN_POINT('Ctrl Pts',(4.74014812032242,-25.5476998250076,-2.55082587025315));
#10625=CARTESIAN_POINT('Ctrl Pts',(4.74741022491117,-25.5436056765099,-2.54688006967165));
#10626=CARTESIAN_POINT('Ctrl Pts',(4.76361125795111,-25.5332253465288,-2.54096413368635));
#10627=CARTESIAN_POINT('Ctrl Pts',(4.77368077527332,-25.5257386964287,-2.53968334918078));
#10628=CARTESIAN_POINT('Ctrl Pts',(4.78327274115748,-25.5177583993447,-2.54045943813102));
#10629=CARTESIAN_POINT('',(4.7232029622345,-1.45,-2.65046902464987));
#10630=CARTESIAN_POINT('',(4.7232029622345,-25.6,-2.65046902464987));
#10631=CARTESIAN_POINT('',(4.78327274115748,-1.45,-2.54045943813102));
#10632=CARTESIAN_POINT('Origin',(4.77773978178085,-1.45,-2.60884329743331));
#10633=CARTESIAN_POINT('',(4.78327274115748,-25.6,-2.54045943813102));
#10634=CARTESIAN_POINT('Origin',(4.78327274115748,-25.6,-2.54045943813101));
#10635=CARTESIAN_POINT('',(5.43060322673706,-24.9742204952469,-2.59283514954174));
#10636=CARTESIAN_POINT('Ctrl Pts',(4.78327274115748,-25.5177583993447,-2.54045943813102));
#10637=CARTESIAN_POINT('Ctrl Pts',(5.08990322810479,-25.2626488200995,-2.56526900643013));
#10638=CARTESIAN_POINT('Ctrl Pts',(5.43060322673707,-24.9742204952469,-2.59283514954174));
#10639=CARTESIAN_POINT('',(5.58854401775961,-1.45,-2.60561418818561));
#10640=CARTESIAN_POINT('',(4.96196831753191,-1.45,-2.55491775292856));
#10641=CARTESIAN_POINT('',(5.58854401775961,-24.7973297985509,-2.60561418818561));
#10642=CARTESIAN_POINT('',(5.58854401775961,-25.6,-2.60561418818561));
#10643=CARTESIAN_POINT('',(5.5714002990319,-24.8,-2.60422708455834));
#10644=CARTESIAN_POINT('Ctrl Pts',(5.5714002990319,-24.8,-2.60422708455834));
#10645=CARTESIAN_POINT('Ctrl Pts',(5.57683516391966,-24.8,-2.60466682117087));
#10646=CARTESIAN_POINT('Ctrl Pts',(5.58308087212023,-24.7990799331332,-2.60517216336865));
#10647=CARTESIAN_POINT('Ctrl Pts',(5.58854401775961,-24.7973297985509,-2.60561418818561));
#10648=CARTESIAN_POINT('',(5.51818874661855,-24.8,-2.59992172126246));
#10649=CARTESIAN_POINT('',(2.55427573557767,-24.8,-2.36011059546051));
#10650=CARTESIAN_POINT('Ctrl Pts',(5.43060322673706,-24.9742204952469,-2.59283514954174));
#10651=CARTESIAN_POINT('Ctrl Pts',(5.43493614375383,-24.9705523531809,-2.59318572720847));
#10652=CARTESIAN_POINT('Ctrl Pts',(5.43906746273117,-24.9668106449507,-2.59351999351497));
#10653=CARTESIAN_POINT('Ctrl Pts',(5.4654185767484,-24.9414258167976,-2.59565207036577));
#10654=CARTESIAN_POINT('Ctrl Pts',(5.48688809478448,-24.9107553390256,-2.59738917576376));
#10655=CARTESIAN_POINT('Ctrl Pts',(5.50962916639993,-24.8577344474004,-2.5992291629583));
#10656=CARTESIAN_POINT('Ctrl Pts',(5.51686495799584,-24.8274632571901,-2.59981461311227));
#10657=CARTESIAN_POINT('Ctrl Pts',(5.51818874661855,-24.8,-2.59992172126246));
#10658=CARTESIAN_POINT('Origin',(5.17229868440506,-25.6,-3.32403452672623));
#10659=CARTESIAN_POINT('',(5.21577190355333,-24.75,-3.3519730682247));
#10660=CARTESIAN_POINT('Ctrl Pts',(5.16084313587967,-24.7973297985509,-3.3744255308059));
#10661=CARTESIAN_POINT('Ctrl Pts',(5.16262782154952,-24.796745391597,-3.37483124912144));
#10662=CARTESIAN_POINT('Ctrl Pts',(5.16441116738957,-24.796075844756,-3.37513692001178));
#10663=CARTESIAN_POINT('Ctrl Pts',(5.17157349480009,-24.7930682427716,-3.37599051903209));
#10664=CARTESIAN_POINT('Ctrl Pts',(5.17677259632759,-24.7901542062249,-3.37575097424918));
#10665=CARTESIAN_POINT('Ctrl Pts',(5.18820430159306,-24.7824362592941,-3.37365830181342));
#10666=CARTESIAN_POINT('Ctrl Pts',(5.19417918053849,-24.7772950840032,-3.37124182672848));
#10667=CARTESIAN_POINT('Ctrl Pts',(5.20598708695511,-24.7650829845759,-3.36398802462099));
#10668=CARTESIAN_POINT('Ctrl Pts',(5.211456909975,-24.7577182315553,-3.35856635436908));
#10669=CARTESIAN_POINT('Ctrl Pts',(5.2156123225821,-24.7502881721739,-3.3522202193747));
#10670=CARTESIAN_POINT('Ctrl Pts',(5.21569237742307,-24.7501440857642,-3.35209681329882));
#10671=CARTESIAN_POINT('Ctrl Pts',(5.21577190355333,-24.75,-3.3519730682247));
#10672=CARTESIAN_POINT('',(5.21337714715435,-1.45,-3.29268101364826));
#10673=CARTESIAN_POINT('Origin',(5.17229868440506,-1.45,-3.32403452672623));
#10674=CARTESIAN_POINT('',(5.21337714715435,-24.7973297985509,-3.29268101364826));
#10675=CARTESIAN_POINT('',(5.21337714715435,-25.6,-3.29268101364826));
#10676=CARTESIAN_POINT('Ctrl Pts',(5.21577190355333,-24.75,-3.3519730682247));
#10677=CARTESIAN_POINT('Ctrl Pts',(5.21585142968357,-24.7501440857642,-3.35184932315059));
#10678=CARTESIAN_POINT('Ctrl Pts',(5.21593042781583,-24.750288172174,-3.35172523796923));
#10679=CARTESIAN_POINT('Ctrl Pts',(5.21997685447145,-24.7577182315551,-3.34530906195654));
#10680=CARTESIAN_POINT('Ctrl Pts',(5.22263633259981,-24.7650829845759,-3.33808129271071));
#10681=CARTESIAN_POINT('Ctrl Pts',(5.22432944148717,-24.7772950840032,-3.32432710493921));
#10682=CARTESIAN_POINT('Ctrl Pts',(5.22404549012561,-24.7824362592941,-3.31788832385325));
#10683=CARTESIAN_POINT('Ctrl Pts',(5.22120014993748,-24.7901542062249,-3.3066203514352));
#10684=CARTESIAN_POINT('Ctrl Pts',(5.21925826270769,-24.7930682427716,-3.30179157183959));
#10685=CARTESIAN_POINT('Ctrl Pts',(5.21550646339324,-24.796075844756,-3.29563108751389));
#10686=CARTESIAN_POINT('Ctrl Pts',(5.21448758673601,-24.796745391597,-3.29413587935588));
#10687=CARTESIAN_POINT('Ctrl Pts',(5.21337714715435,-24.7973297985509,-3.29268101364826));
#10688=CARTESIAN_POINT('Origin',(5.10038639168878,-25.6,-1.90234576995086));
#10689=CARTESIAN_POINT('',(5.05232863696664,-25.5177583993447,-1.95130920593738));
#10690=CARTESIAN_POINT('',(5.09613099563972,-25.5177583993447,-1.83387053751603));
#10691=CARTESIAN_POINT('Ctrl Pts',(5.05232863696664,-25.5177583993447,-1.95130920593738));
#10692=CARTESIAN_POINT('Ctrl Pts',(5.04546070625396,-25.5257386964287,-1.94456831198277));
#10693=CARTESIAN_POINT('Ctrl Pts',(5.03983452709478,-25.5332253465288,-1.93611954307121));
#10694=CARTESIAN_POINT('Ctrl Pts',(5.03369607281037,-25.5436056765099,-1.92000150506587));
#10695=CARTESIAN_POINT('Ctrl Pts',(5.03192244277935,-25.5476998250076,-1.9119292227492));
#10696=CARTESIAN_POINT('Ctrl Pts',(5.0316550049534,-25.553313618016,-1.89506889127344));
#10697=CARTESIAN_POINT('Ctrl Pts',(5.03315344454006,-25.5548387096774,-1.88628278014875));
#10698=CARTESIAN_POINT('Ctrl Pts',(5.03905609920738,-25.5548387096774,-1.87045715054155));
#10699=CARTESIAN_POINT('Ctrl Pts',(5.04367733330721,-25.5533136180161,-1.86283578155134));
#10700=CARTESIAN_POINT('Ctrl Pts',(5.05492061837512,-25.5476998250076,-1.85026872774606));
#10701=CARTESIAN_POINT('Ctrl Pts',(5.06154725923863,-25.5436056765099,-1.84532958448503));
#10702=CARTESIAN_POINT('Ctrl Pts',(5.0767414636492,-25.5332253465288,-1.83716821680104));
#10703=CARTESIAN_POINT('Ctrl Pts',(5.08652621316434,-25.5257386964287,-1.8344674271058));
#10704=CARTESIAN_POINT('Ctrl Pts',(5.09613099563972,-25.5177583993447,-1.83387053751603));
#10705=CARTESIAN_POINT('',(5.05232863696664,-1.45,-1.95130920593738));
#10706=CARTESIAN_POINT('',(5.05232863696664,-25.6,-1.95130920593738));
#10707=CARTESIAN_POINT('',(5.09613099563972,-1.45,-1.83387053751603));
#10708=CARTESIAN_POINT('Origin',(5.10038639168878,-1.45,-1.90234576995086));
#10709=CARTESIAN_POINT('',(5.09613099563972,-25.6,-1.83387053751603));
#10710=CARTESIAN_POINT('Origin',(5.09613099563972,-25.6,-1.83387053751602));
#10711=CARTESIAN_POINT('',(5.74432643114845,-24.9742204952469,-1.7935884063395));
#10712=CARTESIAN_POINT('Ctrl Pts',(5.09613099563972,-25.5177583993447,-1.83387053751603));
#10713=CARTESIAN_POINT('Ctrl Pts',(5.40317119605517,-25.2626488200991,-1.8147895120227));
#10714=CARTESIAN_POINT('Ctrl Pts',(5.74432643114845,-24.9742204952469,-1.7935884063395));
#10715=CARTESIAN_POINT('',(5.90247825946809,-1.45,-1.78376005466471));
#10716=CARTESIAN_POINT('',(5.27506534143651,-1.45,-1.82275065546423));
#10717=CARTESIAN_POINT('',(5.90247825946809,-24.7973297985509,-1.78376005466471));
#10718=CARTESIAN_POINT('',(5.90247825946809,-25.6,-1.78376005466471));
#10719=CARTESIAN_POINT('',(5.88531163364944,-24.8,-1.78482687531046));
#10720=CARTESIAN_POINT('Ctrl Pts',(5.88531163364944,-24.8,-1.78482687531046));
#10721=CARTESIAN_POINT('Ctrl Pts',(5.89075376049397,-24.8,-1.78448867412078));
#10722=CARTESIAN_POINT('Ctrl Pts',(5.89700781408378,-24.7990799331332,-1.78410001571116));
#10723=CARTESIAN_POINT('Ctrl Pts',(5.90247825946809,-24.7973297985509,-1.7837600546647));
#10724=CARTESIAN_POINT('',(5.83202898103378,-24.8,-1.78813812788108));
#10725=CARTESIAN_POINT('',(2.4227235685488,-24.8,-2.00000954863363));
#10726=CARTESIAN_POINT('Ctrl Pts',(5.74432643114845,-24.9742204952469,-1.7935884063395));
#10727=CARTESIAN_POINT('Ctrl Pts',(5.74866513772148,-24.9705523531809,-1.79331877724658));
#10728=CARTESIAN_POINT('Ctrl Pts',(5.75280197688384,-24.9668106449507,-1.79306169321194));
#10729=CARTESIAN_POINT('Ctrl Pts',(5.77918830072776,-24.9414258167976,-1.79142191406491));
#10730=CARTESIAN_POINT('Ctrl Pts',(5.8006865059005,-24.9107553390256,-1.79008590724754));
#10731=CARTESIAN_POINT('Ctrl Pts',(5.82345796367683,-24.8577344474004,-1.78867077409637));
#10732=CARTESIAN_POINT('Ctrl Pts',(5.83070342359143,-24.8274632571901,-1.78822050470118));
#10733=CARTESIAN_POINT('Ctrl Pts',(5.83202898103378,-24.8,-1.78813812788108));
#10734=CARTESIAN_POINT('Origin',(5.59271157772253,-25.6,-2.55410579733393));
#10735=CARTESIAN_POINT('',(5.63971837119802,-24.75,-2.57557308061169));
#10736=CARTESIAN_POINT('Ctrl Pts',(5.58854401775961,-24.7973297985509,-2.60561418818561));
#10737=CARTESIAN_POINT('Ctrl Pts',(5.59011952447582,-24.7968250803957,-2.60574166292523));
#10738=CARTESIAN_POINT('Ctrl Pts',(5.59168409758263,-24.7962566425312,-2.60579547504594));
#10739=CARTESIAN_POINT('Ctrl Pts',(5.59860305192918,-24.7934604537921,-2.60572581990125));
#10740=CARTESIAN_POINT('Ctrl Pts',(5.60367854539598,-24.7906431881827,-2.60483926829699));
#10741=CARTESIAN_POINT('Ctrl Pts',(5.61463071910313,-24.7831581406213,-2.60136988667565));
#10742=CARTESIAN_POINT('Ctrl Pts',(5.6201865366028,-24.7781598182348,-2.59828029607674));
#10743=CARTESIAN_POINT('Ctrl Pts',(5.63129065430964,-24.7657973236452,-2.58945321423222));
#10744=CARTESIAN_POINT('Ctrl Pts',(5.63623533351831,-24.7580672972088,-2.58303647170096));
#10745=CARTESIAN_POINT('Ctrl Pts',(5.63959664258426,-24.7502857079829,-2.57583814296503));
#10746=CARTESIAN_POINT('Ctrl Pts',(5.63965778781018,-24.7501428536769,-2.57570573972664));
#10747=CARTESIAN_POINT('Ctrl Pts',(5.63971837119802,-24.75,-2.57557308061169));
#10748=CARTESIAN_POINT('',(5.62890985080829,-1.45,-2.51722534302838));
#10749=CARTESIAN_POINT('Origin',(5.59271157772253,-1.45,-2.55410579733393));
#10750=CARTESIAN_POINT('',(5.62890985080829,-24.7973297985509,-2.51722534302838));
#10751=CARTESIAN_POINT('',(5.62890985080829,-25.6,-2.51722534302838));
#10752=CARTESIAN_POINT('Ctrl Pts',(5.63971837119802,-24.75,-2.57557308061169));
#10753=CARTESIAN_POINT('Ctrl Pts',(5.63977895458585,-24.7501428536768,-2.57544042149675));
#10754=CARTESIAN_POINT('Ctrl Pts',(5.63983897666941,-24.7502857079829,-2.57530750533635));
#10755=CARTESIAN_POINT('Ctrl Pts',(5.64307792122537,-24.7580672972094,-2.56805329460205));
#10756=CARTESIAN_POINT('Ctrl Pts',(5.64468929540671,-24.7657973236452,-2.56011428267054));
#10757=CARTESIAN_POINT('Ctrl Pts',(5.64408870808218,-24.7781598182348,-2.54594184114471));
#10758=CARTESIAN_POINT('Ctrl Pts',(5.64278537813673,-24.7831581406213,-2.53971978286695));
#10759=CARTESIAN_POINT('Ctrl Pts',(5.63823521330816,-24.7906431881827,-2.52917072045463));
#10760=CARTESIAN_POINT('Ctrl Pts',(5.63558148292893,-24.7934604537921,-2.52475435059321));
#10761=CARTESIAN_POINT('Ctrl Pts',(5.63110317325337,-24.7962566425312,-2.51947973937165));
#10762=CARTESIAN_POINT('Ctrl Pts',(5.63003792727301,-24.7968250803957,-2.51833255335701));
#10763=CARTESIAN_POINT('Ctrl Pts',(5.62890985080829,-24.7973297985509,-2.51722534302838));
#10764=CARTESIAN_POINT('Origin',(5.3192038429617,-25.6,-1.1571219685044));
#10765=CARTESIAN_POINT('',(5.2786034703628,-25.5177583993447,-1.21242635890308));
#10766=CARTESIAN_POINT('',(5.30524671907895,-25.5177583993447,-1.08994932120314));
#10767=CARTESIAN_POINT('Ctrl Pts',(5.2786034703628,-25.5177583993447,-1.21242635890308));
#10768=CARTESIAN_POINT('Ctrl Pts',(5.27084611604907,-25.5257386964287,-1.20673148597801));
#10769=CARTESIAN_POINT('Ctrl Pts',(5.26407481810019,-25.5332253465288,-1.19916940212899));
#10770=CARTESIAN_POINT('Ctrl Pts',(5.25570500845747,-25.5436056765099,-1.18408901563898));
#10771=CARTESIAN_POINT('Ctrl Pts',(5.25280062587041,-25.5476998250076,-1.17635131138805));
#10772=CARTESIAN_POINT('Ctrl Pts',(5.2501364348287,-25.553313618016,-1.15970065414707));
#10773=CARTESIAN_POINT('Ctrl Pts',(5.25036922847717,-25.5548387096774,-1.15079072277766));
#10774=CARTESIAN_POINT('Ctrl Pts',(5.25395958071279,-25.5548387096774,-1.13428613991683));
#10775=CARTESIAN_POINT('Ctrl Pts',(5.25744914341749,-25.553313618016,-1.1260846752903));
#10776=CARTESIAN_POINT('Ctrl Pts',(5.26678950982502,-25.5476998250076,-1.11204544967645));
#10777=CARTESIAN_POINT('Ctrl Pts',(5.27264578766496,-25.5436056765099,-1.10621351044938));
#10778=CARTESIAN_POINT('Ctrl Pts',(5.28652385326083,-25.5332253465288,-1.09597285297731));
#10779=CARTESIAN_POINT('Ctrl Pts',(5.29582464568567,-25.5257386964287,-1.09190703838216));
#10780=CARTESIAN_POINT('Ctrl Pts',(5.30524671907895,-25.5177583993447,-1.08994932120314));
#10781=CARTESIAN_POINT('',(5.2786034703628,-1.45,-1.21242635890308));
#10782=CARTESIAN_POINT('',(5.2786034703628,-25.6,-1.21242635890308));
#10783=CARTESIAN_POINT('',(5.30524671907895,-1.45,-1.08994932120314));
#10784=CARTESIAN_POINT('Origin',(5.3192038429617,-1.45,-1.1571219685044));
#10785=CARTESIAN_POINT('',(5.30524671907895,-25.6,-1.08994932120314));
#10786=CARTESIAN_POINT('Origin',(5.30524671907895,-25.6,-1.08994932120313));
#10787=CARTESIAN_POINT('',(5.94111171469115,-24.9742204952469,-0.957829375466041));
#10788=CARTESIAN_POINT('Ctrl Pts',(5.30524671907895,-25.5177583993447,-1.08994932120314));
#10789=CARTESIAN_POINT('Ctrl Pts',(5.60644617991241,-25.2626488200991,-1.02736613657124));
#10790=CARTESIAN_POINT('Ctrl Pts',(5.94111171469116,-24.9742204952469,-0.957829375466041));
#10791=CARTESIAN_POINT('',(6.09625506515552,-1.45,-0.925593710370049));
#10792=CARTESIAN_POINT('',(5.48077724702174,-1.45,-1.05347761103347));
#10793=CARTESIAN_POINT('',(6.09625506515552,-24.7973297985509,-0.925593710370049));
#10794=CARTESIAN_POINT('',(6.09625506515552,-25.6,-0.925593710370049));
#10795=CARTESIAN_POINT('',(6.07941499524314,-24.8,-0.929092737896934));
#10796=CARTESIAN_POINT('Ctrl Pts',(6.07941499524314,-24.8,-0.929092737896933));
#10797=CARTESIAN_POINT('Ctrl Pts',(6.08475359803567,-24.8,-0.927983483705984));
#10798=CARTESIAN_POINT('Ctrl Pts',(6.09088868251883,-24.7990799331332,-0.926708736653385));
#10799=CARTESIAN_POINT('Ctrl Pts',(6.09625506515552,-24.7973297985509,-0.925593710370044));
#10800=CARTESIAN_POINT('',(6.02714592357794,-24.8,-0.939953198780593));
#10801=CARTESIAN_POINT('',(2.25349231622222,-24.8,-1.72404245243481));
#10802=CARTESIAN_POINT('Ctrl Pts',(5.94111171469115,-24.9742204952469,-0.957829375466041));
#10803=CARTESIAN_POINT('Ctrl Pts',(5.94536788726641,-24.9705523531809,-0.956945028484258));
#10804=CARTESIAN_POINT('Ctrl Pts',(5.94942603249813,-24.9668106449507,-0.956101827598053));
#10805=CARTESIAN_POINT('Ctrl Pts',(5.97531041670713,-24.9414258167976,-0.950723573627901));
#10806=CARTESIAN_POINT('Ctrl Pts',(5.99639966755492,-24.9107553390256,-0.946341651841243));
#10807=CARTESIAN_POINT('Ctrl Pts',(6.01873795027928,-24.8577344474004,-0.941700206374411));
#10808=CARTESIAN_POINT('Ctrl Pts',(6.02584558184288,-24.8274632571901,-0.940223383616464));
#10809=CARTESIAN_POINT('Ctrl Pts',(6.02714592357794,-24.8,-0.939953198780594));
#10810=CARTESIAN_POINT('Origin',(5.89927299136594,-25.6,-1.73218283934081));
#10811=CARTESIAN_POINT('',(5.94885643640988,-24.75,-1.74674185241686));
#10812=CARTESIAN_POINT('Ctrl Pts',(5.90247825946809,-24.7973297985509,-1.78376005466471));
#10813=CARTESIAN_POINT('Ctrl Pts',(5.90740253555847,-24.7957543974139,-1.78345403533079));
#10814=CARTESIAN_POINT('Ctrl Pts',(5.91205265360285,-24.7935815339909,-1.78245830550316));
#10815=CARTESIAN_POINT('Ctrl Pts',(5.9220681142663,-24.7876070369856,-1.77895792466597));
#10816=CARTESIAN_POINT('Ctrl Pts',(5.92712200682628,-24.7835085354417,-1.7760567457953));
#10817=CARTESIAN_POINT('Ctrl Pts',(5.93576868516895,-24.774697692864,-1.76918969336775));
#10818=CARTESIAN_POINT('Ctrl Pts',(5.9393968870801,-24.7699179175202,-1.76516313798768));
#10819=CARTESIAN_POINT('Ctrl Pts',(5.94512401407549,-24.7602607484914,-1.75656326438503));
#10820=CARTESIAN_POINT('Ctrl Pts',(5.94728211467931,-24.7553289618458,-1.751949562101));
#10821=CARTESIAN_POINT('Ctrl Pts',(5.94877531979427,-24.7502800496554,-1.7470160048742));
#10822=CARTESIAN_POINT('Ctrl Pts',(5.94881616274892,-24.7501400245315,-1.74687901191006));
#10823=CARTESIAN_POINT('Ctrl Pts',(5.94885643640988,-24.75,-1.74674185241686));
#10824=CARTESIAN_POINT('',(5.92985418233535,-1.45,-1.69052622350289));
#10825=CARTESIAN_POINT('Origin',(5.89927299136594,-1.45,-1.73218283934081));
#10826=CARTESIAN_POINT('',(5.92985418233535,-24.7973297985509,-1.69052622350289));
#10827=CARTESIAN_POINT('',(5.92985418233535,-25.6,-1.69052622350289));
#10828=CARTESIAN_POINT('Ctrl Pts',(5.94885643640988,-24.75,-1.74674185241686));
#10829=CARTESIAN_POINT('Ctrl Pts',(5.94889671007085,-24.7501400245315,-1.74660469292364));
#10830=CARTESIAN_POINT('Ctrl Pts',(5.94893641477905,-24.7502800496554,-1.74646736574027));
#10831=CARTESIAN_POINT('Ctrl Pts',(5.95041886741213,-24.755584192469,-1.74125908797662));
#10832=CARTESIAN_POINT('Ctrl Pts',(5.95109552043935,-24.7607751835192,-1.73593461749945));
#10833=CARTESIAN_POINT('Ctrl Pts',(5.95074808052518,-24.7709179670381,-1.72503330808715));
#10834=CARTESIAN_POINT('Ctrl Pts',(5.94968731072122,-24.77593303461,-1.71937853580836));
#10835=CARTESIAN_POINT('Ctrl Pts',(5.9456801316757,-24.7847138205975,-1.70882303134916));
#10836=CARTESIAN_POINT('Ctrl Pts',(5.94289306233002,-24.7886036562986,-1.70383937634578));
#10837=CARTESIAN_POINT('Ctrl Pts',(5.9364860638053,-24.7940338877968,-1.69609446178401));
#10838=CARTESIAN_POINT('Ctrl Pts',(5.93340871521485,-24.7959217902951,-1.69313569733097));
#10839=CARTESIAN_POINT('Ctrl Pts',(5.92985418233535,-24.7973297985509,-1.69052622350289));
#10840=CARTESIAN_POINT('Origin',(5.42973764330912,-25.6,-0.388342500643402));
#10841=CARTESIAN_POINT('',(5.39742115933776,-25.5177583993447,-0.448862007550417));
#10842=CARTESIAN_POINT('',(5.40636291838592,-25.5177583993447,-0.323839879864833));
#10843=CARTESIAN_POINT('Ctrl Pts',(5.39742115933776,-25.5177583993447,-0.448862007550418));
#10844=CARTESIAN_POINT('Ctrl Pts',(5.38893229878644,-25.5257386964287,-0.444329086844977));
#10845=CARTESIAN_POINT('Ctrl Pts',(5.3811537261473,-25.5332253465288,-0.43780763027841));
#10846=CARTESIAN_POINT('Ctrl Pts',(5.37072294633404,-25.5436056765099,-0.42407188848443));
#10847=CARTESIAN_POINT('Ctrl Pts',(5.36674693604487,-25.5476998250076,-0.416826279644089));
#10848=CARTESIAN_POINT('Ctrl Pts',(5.36174022703413,-25.553313618016,-0.400724256002788));
#10849=CARTESIAN_POINT('Ctrl Pts',(5.36070263573706,-25.5548387096774,-0.391871884897225));
#10850=CARTESIAN_POINT('Ctrl Pts',(5.36190759632317,-25.5548387096774,-0.375024334494519));
#10851=CARTESIAN_POINT('Ctrl Pts',(5.36419445019914,-25.553313618016,-0.366409732400381));
#10852=CARTESIAN_POINT('Ctrl Pts',(5.37144175502162,-25.5476998250076,-0.351184133125693));
#10853=CARTESIAN_POINT('Ctrl Pts',(5.37640845290928,-25.5436056765099,-0.344578119397319));
#10854=CARTESIAN_POINT('Ctrl Pts',(5.38868786229596,-25.5332253465288,-0.332466642391686));
#10855=CARTESIAN_POINT('Ctrl Pts',(5.39731536031798,-25.5257386964287,-0.327118571156939));
#10856=CARTESIAN_POINT('Ctrl Pts',(5.40636291838592,-25.5177583993447,-0.323839879864833));
#10857=CARTESIAN_POINT('',(5.39742115933776,-1.45,-0.448862007550417));
#10858=CARTESIAN_POINT('',(5.39742115933776,-25.6,-0.448862007550417));
#10859=CARTESIAN_POINT('',(5.40636291838592,-1.45,-0.323839879864833));
#10860=CARTESIAN_POINT('Origin',(5.42973764330912,-1.45,-0.388342500643402));
#10861=CARTESIAN_POINT('',(5.40636291838592,-25.6,-0.323839879864833));
#10862=CARTESIAN_POINT('Origin',(5.40636291838592,-25.6,-0.32383987986483));
#10863=CARTESIAN_POINT('',(6.01695309647415,-24.9742204952469,-0.102571700659919));
#10864=CARTESIAN_POINT('Ctrl Pts',(5.40636291838592,-25.5177583993447,-0.323839879864833));
#10865=CARTESIAN_POINT('Ctrl Pts',(5.6955900872019,-25.2626488200995,-0.219028549258636));
#10866=CARTESIAN_POINT('Ctrl Pts',(6.01695309647415,-24.9742204952469,-0.102571700659918));
#10867=CARTESIAN_POINT('',(6.16592969786426,-1.45,-0.0485849473241011));
#10868=CARTESIAN_POINT('',(5.57491633311402,-1.45,-0.262758800420627));
#10869=CARTESIAN_POINT('',(6.16592969786426,-24.7973297985509,-0.0485849473241011));
#10870=CARTESIAN_POINT('',(6.16592969786426,-25.6,-0.0485849473241011));
#10871=CARTESIAN_POINT('',(6.14975899911882,-24.8,-0.0544449516220336));
#10872=CARTESIAN_POINT('Ctrl Pts',(6.14975899911882,-24.8,-0.0544449516220336));
#10873=CARTESIAN_POINT('Ctrl Pts',(6.15488539930176,-24.8,-0.0525872256463111));
#10874=CARTESIAN_POINT('Ctrl Pts',(6.16077662205031,-24.7990799331332,-0.0504523401246611));
#10875=CARTESIAN_POINT('Ctrl Pts',(6.16592969786426,-24.7973297985509,-0.0485849473240969));
#10876=CARTESIAN_POINT('',(6.09956755597161,-24.8,-0.0726335331541184));
#10877=CARTESIAN_POINT('',(2.07583970946643,-24.8,-1.53076857391077));
#10878=CARTESIAN_POINT('Ctrl Pts',(6.01695309647415,-24.9742204952469,-0.102571700659919));
#10879=CARTESIAN_POINT('Ctrl Pts',(6.0210400916518,-24.9705523531809,-0.101090638543577));
#10880=CARTESIAN_POINT('Ctrl Pts',(6.02493693081867,-24.9668106449507,-0.0996784859442556));
#10881=CARTESIAN_POINT('Ctrl Pts',(6.04979244397467,-24.9414258167976,-0.0906712428922096));
#10882=CARTESIAN_POINT('Ctrl Pts',(6.07004342416662,-24.9107553390256,-0.0833326094274225));
#10883=CARTESIAN_POINT('Ctrl Pts',(6.09149378882102,-24.8577344474004,-0.0755593380898119));
#10884=CARTESIAN_POINT('Ctrl Pts',(6.09831890115171,-24.8274632571901,-0.0730860258216578));
#10885=CARTESIAN_POINT('Ctrl Pts',(6.09956755597162,-24.8,-0.0726335331541182));
#10886=CARTESIAN_POINT('Origin',(6.08574221900363,-25.6,-0.874997633941523));
#10887=CARTESIAN_POINT('',(6.13689293966178,-24.75,-0.88235199729437));
#10888=CARTESIAN_POINT('Ctrl Pts',(6.09625506515552,-24.7973297985509,-0.925593710370049));
#10889=CARTESIAN_POINT('Ctrl Pts',(6.10110244821894,-24.7957489249332,-0.924586521750255));
#10890=CARTESIAN_POINT('Ctrl Pts',(6.10558009202863,-24.7935655256857,-0.922930550950402));
#10891=CARTESIAN_POINT('Ctrl Pts',(6.11529209733551,-24.7873903025405,-0.917873680732836));
#10892=CARTESIAN_POINT('Ctrl Pts',(6.12007632074115,-24.7830334445305,-0.914044308035427));
#10893=CARTESIAN_POINT('Ctrl Pts',(6.12753219922417,-24.7740861180963,-0.9058596767233));
#10894=CARTESIAN_POINT('Ctrl Pts',(6.13038016122636,-24.7694793365763,-0.901512181947198));
#10895=CARTESIAN_POINT('Ctrl Pts',(6.13466765611257,-24.7600428618371,-0.892390141159615));
#10896=CARTESIAN_POINT('Ctrl Pts',(6.13611446639954,-24.755156401779,-0.887558334127362));
#10897=CARTESIAN_POINT('Ctrl Pts',(6.13686426901777,-24.7501953697597,-0.882549377574305));
#10898=CARTESIAN_POINT('Ctrl Pts',(6.13687874722304,-24.7500976847794,-0.882450707874052));
#10899=CARTESIAN_POINT('Ctrl Pts',(6.13689293966178,-24.75,-0.88235199729437));
#10900=CARTESIAN_POINT('',(6.11008378299741,-1.45,-0.829412865141945));
#10901=CARTESIAN_POINT('Origin',(6.08574221900363,-1.45,-0.874997633941523));
#10902=CARTESIAN_POINT('',(6.11008378299741,-24.7973297985509,-0.829412865141945));
#10903=CARTESIAN_POINT('',(6.11008378299741,-25.6,-0.829412865141945));
#10904=CARTESIAN_POINT('Ctrl Pts',(6.13689293966178,-24.75,-0.88235199729437));
#10905=CARTESIAN_POINT('Ctrl Pts',(6.13690713210052,-24.7500976847794,-0.882253286714715));
#10906=CARTESIAN_POINT('Ctrl Pts',(6.13692103883122,-24.7501953697598,-0.882154534848903));
#10907=CARTESIAN_POINT('Ctrl Pts',(6.13757418696282,-24.7548795210528,-0.877417253660043));
#10908=CARTESIAN_POINT('Ctrl Pts',(6.13758646808968,-24.7594852399252,-0.872668733068127));
#10909=CARTESIAN_POINT('Ctrl Pts',(6.13629072257644,-24.7684150941715,-0.863267426516052));
#10910=CARTESIAN_POINT('Ctrl Pts',(6.13499047463149,-24.7727863701775,-0.858567313117296));
#10911=CARTESIAN_POINT('Ctrl Pts',(6.13058556263153,-24.7817586790013,-0.848655698448412));
#10912=CARTESIAN_POINT('Ctrl Pts',(6.12716801916698,-24.7863368377572,-0.843420978136952));
#10913=CARTESIAN_POINT('Ctrl Pts',(6.11917076473082,-24.7930271447186,-0.835289462656897));
#10914=CARTESIAN_POINT('Ctrl Pts',(6.11510296007858,-24.7954704202418,-0.832135961101174));
#10915=CARTESIAN_POINT('Ctrl Pts',(6.11029164280873,-24.7972541034295,-0.829524316941492));
#10916=CARTESIAN_POINT('Ctrl Pts',(6.11018783644562,-24.7972921330827,-0.829468428079633));
#10917=CARTESIAN_POINT('Ctrl Pts',(6.11008378299741,-24.7973297985509,-0.829412865141945));
#10918=CARTESIAN_POINT('Origin',(5.42973764330912,-25.6,0.388342500643405));
#10919=CARTESIAN_POINT('',(5.40636291838592,-25.5177583993447,0.323839879864836));
#10920=CARTESIAN_POINT('',(5.39742115933776,-25.5177583993447,0.44886200755042));
#10921=CARTESIAN_POINT('Ctrl Pts',(5.40636291838592,-25.5177583993447,0.323839879864836));
#10922=CARTESIAN_POINT('Ctrl Pts',(5.39731536031798,-25.5257386964287,0.327118571156941));
#10923=CARTESIAN_POINT('Ctrl Pts',(5.38868786229596,-25.5332253465288,0.332466642391689));
#10924=CARTESIAN_POINT('Ctrl Pts',(5.37640845290928,-25.5436056765099,0.344578119397322));
#10925=CARTESIAN_POINT('Ctrl Pts',(5.37144175502161,-25.5476998250076,0.351184133125697));
#10926=CARTESIAN_POINT('Ctrl Pts',(5.36419445019914,-25.553313618016,0.366409732400385));
#10927=CARTESIAN_POINT('Ctrl Pts',(5.36190759632317,-25.5548387096774,0.375024334494522));
#10928=CARTESIAN_POINT('Ctrl Pts',(5.36070263573706,-25.5548387096774,0.391871884897229));
#10929=CARTESIAN_POINT('Ctrl Pts',(5.36174022703413,-25.5533136180161,0.400724256002792));
#10930=CARTESIAN_POINT('Ctrl Pts',(5.36674693604487,-25.5476998250076,0.416826279644093));
#10931=CARTESIAN_POINT('Ctrl Pts',(5.37072294633404,-25.5436056765099,0.424071888484433));
#10932=CARTESIAN_POINT('Ctrl Pts',(5.3811537261473,-25.5332253465288,0.437807630278412));
#10933=CARTESIAN_POINT('Ctrl Pts',(5.38893229878644,-25.5257386964287,0.44432908684498));
#10934=CARTESIAN_POINT('Ctrl Pts',(5.39742115933776,-25.5177583993447,0.448862007550421));
#10935=CARTESIAN_POINT('',(5.40636291838592,-1.45,0.323839879864836));
#10936=CARTESIAN_POINT('',(5.40636291838592,-25.6,0.323839879864836));
#10937=CARTESIAN_POINT('',(5.39742115933776,-1.45,0.44886200755042));
#10938=CARTESIAN_POINT('Origin',(5.42973764330912,-1.45,0.388342500643405));
#10939=CARTESIAN_POINT('',(5.39742115933776,-25.6,0.44886200755042));
#10940=CARTESIAN_POINT('Origin',(5.39742115933776,-25.6,0.448862007550423));
#10941=CARTESIAN_POINT('',(5.97030666467282,-24.9742204952469,0.754774038179281));
#10942=CARTESIAN_POINT('Ctrl Pts',(5.39742115933776,-25.5177583993447,0.44886200755042));
#10943=CARTESIAN_POINT('Ctrl Pts',(5.66878820504258,-25.2626488200989,0.593767827691155));
#10944=CARTESIAN_POINT('Ctrl Pts',(5.97030666467282,-24.9742204952469,0.754774038179283));
#10945=CARTESIAN_POINT('',(6.11008378299741,-1.45,0.829412865141946));
#10946=CARTESIAN_POINT('',(5.55556619939522,-1.45,0.533309021634967));
#10947=CARTESIAN_POINT('',(6.11008378299741,-24.7973297985509,0.829412865141946));
#10948=CARTESIAN_POINT('',(6.11008378299741,-25.6,0.829412865141946));
#10949=CARTESIAN_POINT('',(6.09491164421292,-24.8,0.821311176861615));
#10950=CARTESIAN_POINT('Ctrl Pts',(6.09491164421291,-24.8,0.821311176861615));
#10951=CARTESIAN_POINT('Ctrl Pts',(6.09972148306186,-24.8,0.823879556678485));
#10952=CARTESIAN_POINT('Ctrl Pts',(6.10524891576953,-24.7990799331332,0.826831120556467));
#10953=CARTESIAN_POINT('Ctrl Pts',(6.11008378299741,-24.7973297985509,0.829412865141951));
#10954=CARTESIAN_POINT('',(6.04781958262603,-24.8,0.796164741749563));
#10955=CARTESIAN_POINT('',(1.91616067402091,-24.8,-1.41007743897724));
#10956=CARTESIAN_POINT('Ctrl Pts',(5.97030666467282,-24.9742204952469,0.754774038179281));
#10957=CARTESIAN_POINT('Ctrl Pts',(5.97414128301696,-24.9705523531809,0.756821665276525));
#10958=CARTESIAN_POINT('Ctrl Pts',(5.97779748771109,-24.9668106449507,0.75877402223435));
#10959=CARTESIAN_POINT('Ctrl Pts',(6.00111814324362,-24.9414258167976,0.771226892874494));
#10960=CARTESIAN_POINT('Ctrl Pts',(6.02011860122203,-24.9107553390256,0.781372844602938));
#10961=CARTESIAN_POINT('Ctrl Pts',(6.04024438023985,-24.8577344474004,0.792119700423157));
#10962=CARTESIAN_POINT('Ctrl Pts',(6.04664803373257,-24.8274632571901,0.795539152696183));
#10963=CARTESIAN_POINT('Ctrl Pts',(6.04781958262603,-24.8,0.796164741749562));
#10964=CARTESIAN_POINT('Origin',(6.14832328489373,-25.6,9.71445146547012E-16));
#10965=CARTESIAN_POINT('',(6.2,-24.75,1.0735298981264E-15));
#10966=CARTESIAN_POINT('Ctrl Pts',(6.16592969786426,-24.7973297985509,-0.0485849473241013));
#10967=CARTESIAN_POINT('Ctrl Pts',(6.1708703543269,-24.7956518077651,-0.0467945319214373));
#10968=CARTESIAN_POINT('Ctrl Pts',(6.17528990576961,-24.7932972530972,-0.0443421649680842));
#10969=CARTESIAN_POINT('Ctrl Pts',(6.18432114504812,-24.7868073603188,-0.0376346237212976));
#10970=CARTESIAN_POINT('Ctrl Pts',(6.18846723469119,-24.7823412321612,-0.0330530211499598));
#10971=CARTESIAN_POINT('Ctrl Pts',(6.19443818892938,-24.7733846170509,-0.0238833939992101));
#10972=CARTESIAN_POINT('Ctrl Pts',(6.19650696584937,-24.7688981145313,-0.0192981316279383));
#10973=CARTESIAN_POINT('Ctrl Pts',(6.19927293886601,-24.7597306855197,-0.00993396922733836));
#10974=CARTESIAN_POINT('Ctrl Pts',(6.19997183713349,-24.7549986730597,-0.0051031080186134));
#10975=CARTESIAN_POINT('Ctrl Pts',(6.19999972191867,-24.7501917512571,-0.00019575738950007));
#10976=CARTESIAN_POINT('Ctrl Pts',(6.2,-24.7500958755335,-9.78785976836796E-5));
#10977=CARTESIAN_POINT('Ctrl Pts',(6.2,-24.75,1.0735298981264E-15));
#10978=CARTESIAN_POINT('',(6.16592969786426,-1.45,0.048584947324103));
#10979=CARTESIAN_POINT('Origin',(6.14832328489373,-1.45,9.71445146547012E-16));
#10980=CARTESIAN_POINT('',(6.16592969786426,-24.7973297985509,0.048584947324103));
#10981=CARTESIAN_POINT('',(6.16592969786426,-25.6,0.048584947324103));
#10982=CARTESIAN_POINT('Ctrl Pts',(6.2,-24.75,1.0735298981264E-15));
#10983=CARTESIAN_POINT('Ctrl Pts',(6.2,-24.7500958755335,9.7878597685823E-5));
#10984=CARTESIAN_POINT('Ctrl Pts',(6.19999972191867,-24.7501917512571,0.000195757389502252));
#10985=CARTESIAN_POINT('Ctrl Pts',(6.19997163518986,-24.7550334851354,0.0051386474071768));
#10986=CARTESIAN_POINT('Ctrl Pts',(6.19926257222541,-24.7598007961651,0.0100055430016516));
#10987=CARTESIAN_POINT('Ctrl Pts',(6.1964556153137,-24.7690321144838,0.0194350491845208));
#10988=CARTESIAN_POINT('Ctrl Pts',(6.19435593390577,-24.7735484107597,0.0240508410628116));
#10989=CARTESIAN_POINT('Ctrl Pts',(6.18832882501523,-24.7825019679161,0.0332178604895651));
#10990=CARTESIAN_POINT('Ctrl Pts',(6.18417485594533,-24.7869402463015,0.0377712975522984));
#10991=CARTESIAN_POINT('Ctrl Pts',(6.17517702431408,-24.7933572774341,0.0444047103496146));
#10992=CARTESIAN_POINT('Ctrl Pts',(6.17080675695003,-24.795673407286,0.0468175786003505));
#10993=CARTESIAN_POINT('Ctrl Pts',(6.16592969786426,-24.7973297985509,0.0485849473241029));
#10994=CARTESIAN_POINT('Origin',(5.3192038429617,-25.6,1.15712196850441));
#10995=CARTESIAN_POINT('',(5.30524671907895,-25.5177583993447,1.08994932120314));
#10996=CARTESIAN_POINT('',(5.2786034703628,-25.5177583993447,1.21242635890309));
#10997=CARTESIAN_POINT('Ctrl Pts',(5.30524671907895,-25.5177583993447,1.08994932120314));
#10998=CARTESIAN_POINT('Ctrl Pts',(5.29582464568566,-25.5257386964287,1.09190703838217));
#10999=CARTESIAN_POINT('Ctrl Pts',(5.28652385326083,-25.5332253465288,1.09597285297732));
#11000=CARTESIAN_POINT('Ctrl Pts',(5.27264578766496,-25.5436056765099,1.10621351044938));
#11001=CARTESIAN_POINT('Ctrl Pts',(5.26678950982502,-25.5476998250076,1.11204544967645));
#11002=CARTESIAN_POINT('Ctrl Pts',(5.25744914341749,-25.553313618016,1.1260846752903));
#11003=CARTESIAN_POINT('Ctrl Pts',(5.25395958071279,-25.5548387096774,1.13428613991683));
#11004=CARTESIAN_POINT('Ctrl Pts',(5.25036922847717,-25.5548387096774,1.15079072277767));
#11005=CARTESIAN_POINT('Ctrl Pts',(5.2501364348287,-25.553313618016,1.15970065414708));
#11006=CARTESIAN_POINT('Ctrl Pts',(5.25280062587041,-25.5476998250076,1.17635131138805));
#11007=CARTESIAN_POINT('Ctrl Pts',(5.25570500845746,-25.5436056765099,1.18408901563898));
#11008=CARTESIAN_POINT('Ctrl Pts',(5.26407481810019,-25.5332253465288,1.19916940212899));
#11009=CARTESIAN_POINT('Ctrl Pts',(5.27084611604907,-25.5257386964287,1.20673148597801));
#11010=CARTESIAN_POINT('Ctrl Pts',(5.2786034703628,-25.5177583993447,1.21242635890309));
#11011=CARTESIAN_POINT('',(5.30524671907895,-1.45,1.08994932120314));
#11012=CARTESIAN_POINT('',(5.30524671907895,-25.6,1.08994932120314));
#11013=CARTESIAN_POINT('',(5.2786034703628,-1.45,1.21242635890309));
#11014=CARTESIAN_POINT('Origin',(5.3192038429617,-1.45,1.15712196850441));
#11015=CARTESIAN_POINT('',(5.2786034703628,-25.6,1.21242635890309));
#11016=CARTESIAN_POINT('Origin',(5.2786034703628,-25.6,1.21242635890309));
#11017=CARTESIAN_POINT('',(5.80212200612143,-24.9742204952469,1.59675475418974));
#11018=CARTESIAN_POINT('Ctrl Pts',(5.2786034703628,-25.5177583993447,1.21242635890309));
#11019=CARTESIAN_POINT('Ctrl Pts',(5.52658614246241,-25.2626488200996,1.39447680395338));
#11020=CARTESIAN_POINT('Ctrl Pts',(5.80212200612144,-24.9742204952469,1.59675475418974));
#11021=CARTESIAN_POINT('',(5.92985418233534,-1.45,1.6905262235029));
#11022=CARTESIAN_POINT('',(5.42312075878669,-1.45,1.31852020994629));
#11023=CARTESIAN_POINT('',(5.92985418233534,-24.7973297985509,1.6905262235029));
#11024=CARTESIAN_POINT('',(5.92985418233534,-25.6,1.6905262235029));
#11025=CARTESIAN_POINT('',(5.91598946450461,-24.8,1.68034777825021));
#11026=CARTESIAN_POINT('Ctrl Pts',(5.91598946450461,-24.8,1.68034777825021));
#11027=CARTESIAN_POINT('Ctrl Pts',(5.92038482757103,-24.8,1.68357452710175));
#11028=CARTESIAN_POINT('Ctrl Pts',(5.92543594764769,-24.7990799331332,1.68728268400712));
#11029=CARTESIAN_POINT('Ctrl Pts',(5.92985418233534,-24.7973297985509,1.6905262235029));
#11030=CARTESIAN_POINT('',(5.87295544304965,-24.8,1.64875539846074));
#11031=CARTESIAN_POINT('',(1.79560463291572,-24.8,-1.34453249269037));
#11032=CARTESIAN_POINT('Ctrl Pts',(5.80212200612143,-24.9742204952469,1.59675475418974));
#11033=CARTESIAN_POINT('Ctrl Pts',(5.8056261858607,-24.9705523531809,1.59932726248505));
#11034=CARTESIAN_POINT('Ctrl Pts',(5.80896732629816,-24.9668106449507,1.60178007944385));
#11035=CARTESIAN_POINT('Ctrl Pts',(5.83027838291179,-24.9414258167976,1.61742507313698));
#11036=CARTESIAN_POINT('Ctrl Pts',(5.84764152414501,-24.9107553390256,1.6301718008104));
#11037=CARTESIAN_POINT('Ctrl Pts',(5.86603301470341,-24.8577344474004,1.6436734661201));
#11038=CARTESIAN_POINT('Ctrl Pts',(5.87188484943966,-24.8274632571901,1.6479694482106));
#11039=CARTESIAN_POINT('Ctrl Pts',(5.87295544304965,-24.8,1.64875539846074));
#11040=CARTESIAN_POINT('Origin',(6.08574221900362,-25.6,0.874997633941525));
#11041=CARTESIAN_POINT('',(6.13689293966178,-24.75,0.882351997294363));
#11042=CARTESIAN_POINT('Ctrl Pts',(6.11008378299741,-24.7973297985509,0.829412865141946));
#11043=CARTESIAN_POINT('Ctrl Pts',(6.11099295473911,-24.7970006948069,0.829898348840002));
#11044=CARTESIAN_POINT('Ctrl Pts',(6.11188235857298,-24.7966441116062,0.830408236980903));
#11045=CARTESIAN_POINT('Ctrl Pts',(6.11720248998686,-24.7943023080235,0.83366972402326));
#11046=CARTESIAN_POINT('Ctrl Pts',(6.12101192512396,-24.7917119326212,0.836931171569942));
#11047=CARTESIAN_POINT('Ctrl Pts',(6.12845963056978,-24.7847806264925,0.845221113689645));
#11048=CARTESIAN_POINT('Ctrl Pts',(6.13160223767985,-24.7801281424789,0.850489827403276));
#11049=CARTESIAN_POINT('Ctrl Pts',(6.13704058401153,-24.7676966850362,0.864121550528221));
#11050=CARTESIAN_POINT('Ctrl Pts',(6.138148228133,-24.7591387902104,0.87310681630582));
#11051=CARTESIAN_POINT('Ctrl Pts',(6.1369317397261,-24.7502708354685,0.882078238797405));
#11052=CARTESIAN_POINT('Ctrl Pts',(6.13691261421197,-24.7501354174663,0.882215157792101));
#11053=CARTESIAN_POINT('Ctrl Pts',(6.13689293966178,-24.75,0.882351997294363));
#11054=CARTESIAN_POINT('',(6.09625506515552,-1.45,0.925593710370051));
#11055=CARTESIAN_POINT('Origin',(6.08574221900362,-1.45,0.874997633941525));
#11056=CARTESIAN_POINT('',(6.09625506515552,-24.7973297985509,0.925593710370051));
#11057=CARTESIAN_POINT('',(6.09625506515552,-25.6,0.925593710370051));
#11058=CARTESIAN_POINT('Ctrl Pts',(6.13689293966178,-24.75,0.882351997294363));
#11059=CARTESIAN_POINT('Ctrl Pts',(6.1368732651116,-24.7501354174663,0.882488836796613));
#11060=CARTESIAN_POINT('Ctrl Pts',(6.13685304136958,-24.7502708354686,0.882625597889944));
#11061=CARTESIAN_POINT('Ctrl Pts',(6.1357916472375,-24.7571900367459,0.88960939313892));
#11062=CARTESIAN_POINT('Ctrl Pts',(6.13336317724362,-24.7640372291566,0.896322095045798));
#11063=CARTESIAN_POINT('Ctrl Pts',(6.1262663738399,-24.7759943260532,0.907649881654431));
#11064=CARTESIAN_POINT('Ctrl Pts',(6.12191555059451,-24.7813123762353,0.912522409901718));
#11065=CARTESIAN_POINT('Ctrl Pts',(6.11247824548941,-24.7893328023269,0.919495833255413));
#11066=CARTESIAN_POINT('Ctrl Pts',(6.10788188844002,-24.7923772194335,0.922010378006808));
#11067=CARTESIAN_POINT('Ctrl Pts',(6.10064103247055,-24.7957463298696,0.924528923081807));
#11068=CARTESIAN_POINT('Ctrl Pts',(6.09848230662564,-24.796603429862,0.925130934428293));
#11069=CARTESIAN_POINT('Ctrl Pts',(6.09625506515552,-24.7973297985509,0.92559371037005));
#11070=CARTESIAN_POINT('Origin',(5.10038639168878,-25.6,1.90234576995087));
#11071=CARTESIAN_POINT('',(5.09613099563972,-25.5177583993447,1.83387053751603));
#11072=CARTESIAN_POINT('',(5.05232863696664,-25.5177583993447,1.95130920593739));
#11073=CARTESIAN_POINT('Ctrl Pts',(5.09613099563972,-25.5177583993447,1.83387053751603));
#11074=CARTESIAN_POINT('Ctrl Pts',(5.08652621316434,-25.5257386964287,1.83446742710581));
#11075=CARTESIAN_POINT('Ctrl Pts',(5.0767414636492,-25.5332253465288,1.83716821680105));
#11076=CARTESIAN_POINT('Ctrl Pts',(5.06154725923863,-25.5436056765099,1.84532958448503));
#11077=CARTESIAN_POINT('Ctrl Pts',(5.05492061837512,-25.5476998250076,1.85026872774606));
#11078=CARTESIAN_POINT('Ctrl Pts',(5.04367733330721,-25.553313618016,1.86283578155135));
#11079=CARTESIAN_POINT('Ctrl Pts',(5.03905609920738,-25.5548387096774,1.87045715054156));
#11080=CARTESIAN_POINT('Ctrl Pts',(5.03315344454006,-25.5548387096774,1.88628278014875));
#11081=CARTESIAN_POINT('Ctrl Pts',(5.0316550049534,-25.553313618016,1.89506889127345));
#11082=CARTESIAN_POINT('Ctrl Pts',(5.03192244277935,-25.5476998250076,1.91192922274921));
#11083=CARTESIAN_POINT('Ctrl Pts',(5.03369607281037,-25.5436056765099,1.92000150506587));
#11084=CARTESIAN_POINT('Ctrl Pts',(5.03983452709478,-25.5332253465288,1.93611954307122));
#11085=CARTESIAN_POINT('Ctrl Pts',(5.04546070625396,-25.5257386964287,1.94456831198277));
#11086=CARTESIAN_POINT('Ctrl Pts',(5.05232863696664,-25.5177583993447,1.95130920593739));
#11087=CARTESIAN_POINT('',(5.09613099563972,-1.45,1.83387053751603));
#11088=CARTESIAN_POINT('',(5.09613099563972,-25.6,1.83387053751603));
#11089=CARTESIAN_POINT('',(5.05232863696664,-1.45,1.95130920593739));
#11090=CARTESIAN_POINT('Origin',(5.10038639168878,-1.45,1.90234576995087));
#11091=CARTESIAN_POINT('',(5.05232863696664,-25.6,1.95130920593739));
#11092=CARTESIAN_POINT('Origin',(5.05232863696664,-25.6,1.95130920593739));
#11093=CARTESIAN_POINT('',(5.51582287546359,-24.9742204952469,2.40623014806536));
#11094=CARTESIAN_POINT('Ctrl Pts',(5.05232863696664,-25.5177583993447,1.95130920593739));
#11095=CARTESIAN_POINT('Ctrl Pts',(5.27187872338164,-25.2626488200987,2.16679825382734));
#11096=CARTESIAN_POINT('Ctrl Pts',(5.5158228754636,-24.9742204952469,2.40623014806536));
#11097=CARTESIAN_POINT('',(5.62890985080829,-1.45,2.51722534302838));
#11098=CARTESIAN_POINT('',(5.1802762185181,-1.45,2.07689012908141));
#11099=CARTESIAN_POINT('',(5.62890985080829,-24.7973297985509,2.51722534302838));
#11100=CARTESIAN_POINT('',(5.62890985080829,-25.6,2.51722534302838));
#11101=CARTESIAN_POINT('',(5.61663479960381,-24.8,2.50517734459648));
#11102=CARTESIAN_POINT('Ctrl Pts',(5.61663479960381,-24.8,2.50517734459648));
#11103=CARTESIAN_POINT('Ctrl Pts',(5.62052620997085,-24.8,2.50899677518125));
#11104=CARTESIAN_POINT('Ctrl Pts',(5.62499819117796,-24.7990799331332,2.51338603773285));
#11105=CARTESIAN_POINT('Ctrl Pts',(5.62890985080828,-24.7973297985509,2.51722534302839));
#11106=CARTESIAN_POINT('',(5.57853486685774,-24.8,2.4677821498772));
#11107=CARTESIAN_POINT('',(1.72819490939466,-24.8,-1.31133770853194));
#11108=CARTESIAN_POINT('Ctrl Pts',(5.51582287546359,-24.9742204952469,2.40623014806536));
#11109=CARTESIAN_POINT('Ctrl Pts',(5.51892528160372,-24.9705523531809,2.40927516870835));
#11110=CARTESIAN_POINT('Ctrl Pts',(5.52188334180025,-24.9668106449507,2.41217851338819));
#11111=CARTESIAN_POINT('Ctrl Pts',(5.54075096783833,-24.9414258167976,2.43069714317913));
#11112=CARTESIAN_POINT('Ctrl Pts',(5.55612332884203,-24.9107553390256,2.44578516018062));
#11113=CARTESIAN_POINT('Ctrl Pts',(5.57240613322991,-24.8577344474004,2.46176678000969));
#11114=CARTESIAN_POINT('Ctrl Pts',(5.57758702272976,-24.8274632571901,2.4668518381109));
#11115=CARTESIAN_POINT('Ctrl Pts',(5.57853486685774,-24.8,2.4677821498772));
#11116=CARTESIAN_POINT('Origin',(5.89927299136594,-25.6,1.73218283934081));
#11117=CARTESIAN_POINT('',(5.94885643640989,-24.75,1.74674185241685));
#11118=CARTESIAN_POINT('Ctrl Pts',(5.92985418233534,-24.7973297985509,1.6905262235029));
#11119=CARTESIAN_POINT('Ctrl Pts',(5.93095192417711,-24.7968949651626,1.69133210396685));
#11120=CARTESIAN_POINT('Ctrl Pts',(5.9320080920523,-24.7964126933739,1.69217425508661));
#11121=CARTESIAN_POINT('Ctrl Pts',(5.93703898544518,-24.7938038195443,1.69651274091445));
#11122=CARTESIAN_POINT('Ctrl Pts',(5.9403126638709,-24.7910815604358,1.70041198206234));
#11123=CARTESIAN_POINT('Ctrl Pts',(5.94639228470934,-24.7838290912185,1.70998273261391));
#11124=CARTESIAN_POINT('Ctrl Pts',(5.94864497705692,-24.7789763306807,1.71582481555321));
#11125=CARTESIAN_POINT('Ctrl Pts',(5.95161684634851,-24.7664832767888,1.73001507647109));
#11126=CARTESIAN_POINT('Ctrl Pts',(5.95120571049915,-24.7583976008153,1.73849668224337));
#11127=CARTESIAN_POINT('Ctrl Pts',(5.94893577230789,-24.7502777840077,1.74646958772366));
#11128=CARTESIAN_POINT('Ctrl Pts',(5.94889638425168,-24.7501388917148,1.74660580256183));
#11129=CARTESIAN_POINT('Ctrl Pts',(5.94885643640989,-24.75,1.74674185241685));
#11130=CARTESIAN_POINT('',(5.9024782594681,-1.45,1.78376005466471));
#11131=CARTESIAN_POINT('Origin',(5.89927299136594,-1.45,1.73218283934081));
#11132=CARTESIAN_POINT('',(5.9024782594681,-24.7973297985509,1.78376005466471));
#11133=CARTESIAN_POINT('',(5.9024782594681,-25.6,1.78376005466471));
#11134=CARTESIAN_POINT('Ctrl Pts',(5.94885643640989,-24.75,1.74674185241685));
#11135=CARTESIAN_POINT('Ctrl Pts',(5.94881648856809,-24.7501388917148,1.74687790227188));
#11136=CARTESIAN_POINT('Ctrl Pts',(5.94877598060808,-24.7502777840078,1.74701378827658));
#11137=CARTESIAN_POINT('Ctrl Pts',(5.94637509599412,-24.7583976008144,1.75494824441912));
#11138=CARTESIAN_POINT('Ctrl Pts',(5.94213546320208,-24.7664832767888,1.76230570205987));
#11139=CARTESIAN_POINT('Ctrl Pts',(5.93196353339889,-24.7789763306807,1.77263659534563));
#11140=CARTESIAN_POINT('Ctrl Pts',(5.92690997950715,-24.7838290912185,1.77633337082515));
#11141=CARTESIAN_POINT('Ctrl Pts',(5.91662113859667,-24.7910815604358,1.78109790735859));
#11142=CARTESIAN_POINT('Ctrl Pts',(5.91175905613403,-24.7938038195443,1.78260827356944));
#11143=CARTESIAN_POINT('Ctrl Pts',(5.90518123676949,-24.7964126933739,1.78353813378279));
#11144=CARTESIAN_POINT('Ctrl Pts',(5.90383743054342,-24.7968949651626,1.78367558892406));
#11145=CARTESIAN_POINT('Ctrl Pts',(5.9024782594681,-24.7973297985509,1.78376005466471));
#11146=CARTESIAN_POINT('Origin',(4.77773978178085,-25.6,2.60884329743331));
#11147=CARTESIAN_POINT('',(4.78327274115748,-25.5177583993447,2.54045943813102));
#11148=CARTESIAN_POINT('',(4.7232029622345,-25.5177583993447,2.65046902464988));
#11149=CARTESIAN_POINT('Ctrl Pts',(4.78327274115748,-25.5177583993447,2.54045943813102));
#11150=CARTESIAN_POINT('Ctrl Pts',(4.77368077527332,-25.5257386964287,2.53968334918078));
#11151=CARTESIAN_POINT('Ctrl Pts',(4.76361125795111,-25.5332253465288,2.54096413368635));
#11152=CARTESIAN_POINT('Ctrl Pts',(4.74741022491117,-25.5436056765099,2.54688006967165));
#11153=CARTESIAN_POINT('Ctrl Pts',(4.74014812032242,-25.5476998250076,2.55082587025315));
#11154=CARTESIAN_POINT('Ctrl Pts',(4.72723079745515,-25.553313618016,2.5616649232748));
#11155=CARTESIAN_POINT('Ctrl Pts',(4.72157196695993,-25.5548387096774,2.56855104753425));
#11156=CARTESIAN_POINT('Ctrl Pts',(4.71347717088807,-25.5548387096774,2.58337555970636));
#11157=CARTESIAN_POINT('Ctrl Pts',(4.71074358927207,-25.553313618016,2.59185899070089));
#11158=CARTESIAN_POINT('Ctrl Pts',(4.70860882961937,-25.5476998250076,2.60858576868377));
#11159=CARTESIAN_POINT('Ctrl Pts',(4.70921560110164,-25.5436056765099,2.61682830067674));
#11160=CARTESIAN_POINT('Ctrl Pts',(4.71299773880034,-25.5332253465288,2.63365587342422));
#11161=CARTESIAN_POINT('Ctrl Pts',(4.7173642663867,-25.5257386964287,2.64281933482751));
#11162=CARTESIAN_POINT('Ctrl Pts',(4.7232029622345,-25.5177583993447,2.65046902464988));
#11163=CARTESIAN_POINT('',(4.78327274115748,-1.45,2.54045943813102));
#11164=CARTESIAN_POINT('',(4.78327274115748,-25.6,2.54045943813102));
#11165=CARTESIAN_POINT('',(4.7232029622345,-1.45,2.65046902464988));
#11166=CARTESIAN_POINT('Origin',(4.77773978178085,-1.45,2.60884329743331));
#11167=CARTESIAN_POINT('',(4.7232029622345,-25.6,2.65046902464988));
#11168=CARTESIAN_POINT('Origin',(4.72320296223449,-25.6,2.65046902464988));
#11169=CARTESIAN_POINT('',(5.11723749738098,-24.9742204952469,3.16672163512111));
#11170=CARTESIAN_POINT('Ctrl Pts',(4.7232029622345,-25.5177583993447,2.65046902464988));
#11171=CARTESIAN_POINT('Ctrl Pts',(4.90985105633443,-25.2626488200991,2.89500993978247));
#11172=CARTESIAN_POINT('Ctrl Pts',(5.11723749738099,-24.9742204952469,3.16672163512112));
#11173=CARTESIAN_POINT('',(5.21337714715435,-1.45,3.29268101364826));
#11174=CARTESIAN_POINT('',(4.83197619312348,-1.45,2.79298055444499));
#11175=CARTESIAN_POINT('',(5.21337714715435,-24.7973297985509,3.29268101364826));
#11176=CARTESIAN_POINT('',(5.21337714715435,-25.6,3.29268101364826));
#11177=CARTESIAN_POINT('',(5.20294164722032,-24.8,3.27900872454165));
#11178=CARTESIAN_POINT('Ctrl Pts',(5.20294164722032,-24.8,3.27900872454165));
#11179=CARTESIAN_POINT('Ctrl Pts',(5.20624988699481,-24.8,3.28334308426727));
#11180=CARTESIAN_POINT('Ctrl Pts',(5.21005169269112,-24.7990799331332,3.28832409973714));
#11181=CARTESIAN_POINT('Ctrl Pts',(5.21337714715434,-24.7973297985509,3.29268101364826));
#11182=CARTESIAN_POINT('',(5.17055140794271,-24.8,3.23657197321822));
#11183=CARTESIAN_POINT('',(1.71960598877324,-24.8,-1.28475654581033));
#11184=CARTESIAN_POINT('Ctrl Pts',(5.11723749738098,-24.9742204952469,3.16672163512111));
#11185=CARTESIAN_POINT('Ctrl Pts',(5.11987497387956,-24.9705523531809,3.17017718027261));
#11186=CARTESIAN_POINT('Ctrl Pts',(5.12238973625989,-24.9668106449507,3.17347194894835));
#11187=CARTESIAN_POINT('Ctrl Pts',(5.13842984126603,-24.9414258167976,3.19448722893789));
#11188=CARTESIAN_POINT('Ctrl Pts',(5.1514984851004,-24.9107553390256,3.21160938675155));
#11189=CARTESIAN_POINT('Ctrl Pts',(5.16534113237616,-24.8577344474004,3.22974562140745));
#11190=CARTESIAN_POINT('Ctrl Pts',(5.16974560866984,-24.8274632571901,3.23551623840052));
#11191=CARTESIAN_POINT('Ctrl Pts',(5.17055140794271,-24.8,3.23657197321822));
#11192=CARTESIAN_POINT('Origin',(5.59271157772253,-25.6,2.55410579733393));
#11193=CARTESIAN_POINT('',(5.63971837119802,-24.75,2.57557308061168));
#11194=CARTESIAN_POINT('Ctrl Pts',(5.62890985080829,-24.7973297985509,2.51722534302838));
#11195=CARTESIAN_POINT('Ctrl Pts',(5.62987721745005,-24.796896984356,2.51817481619871));
#11196=CARTESIAN_POINT('Ctrl Pts',(5.63079872131455,-24.7964171620423,2.51915401671814));
#11197=CARTESIAN_POINT('Ctrl Pts',(5.63516801912641,-24.7938073506588,2.52416876518641));
#11198=CARTESIAN_POINT('Ctrl Pts',(5.63786000394677,-24.7910777513301,2.52850552665188));
#11199=CARTESIAN_POINT('Ctrl Pts',(5.64252292459023,-24.7838045544535,2.53887074665753));
#11200=CARTESIAN_POINT('Ctrl Pts',(5.64391930035796,-24.7789370017926,2.54498962464595));
#11201=CARTESIAN_POINT('Ctrl Pts',(5.64482306244396,-24.7664462149355,2.55944729026325));
#11202=CARTESIAN_POINT('Ctrl Pts',(5.64321010484827,-24.7583833415877,2.5677589598637));
#11203=CARTESIAN_POINT('Ctrl Pts',(5.63983775641222,-24.7502828038735,2.57531020738508));
#11204=CARTESIAN_POINT('Ctrl Pts',(5.6397783387822,-24.7501414016317,2.57544176991865));
#11205=CARTESIAN_POINT('Ctrl Pts',(5.63971837119802,-24.75,2.57557308061168));
#11206=CARTESIAN_POINT('',(5.58854401775961,-1.45,2.60561418818562));
#11207=CARTESIAN_POINT('Origin',(5.59271157772253,-1.45,2.55410579733393));
#11208=CARTESIAN_POINT('',(5.58854401775961,-24.7973297985509,2.60561418818562));
#11209=CARTESIAN_POINT('',(5.58854401775961,-25.6,2.60561418818562));
#11210=CARTESIAN_POINT('Ctrl Pts',(5.63971837119802,-24.75,2.57557308061168));
#11211=CARTESIAN_POINT('Ctrl Pts',(5.63965840361382,-24.7501414016317,2.57570439130475));
#11212=CARTESIAN_POINT('Ctrl Pts',(5.6395978855579,-24.7502828038734,2.57583545129059));
#11213=CARTESIAN_POINT('Ctrl Pts',(5.63609945202982,-24.7583833415879,2.58332911767957));
#11214=CARTESIAN_POINT('Ctrl Pts',(5.63087417386193,-24.7664462149355,2.58999109575106));
#11215=CARTESIAN_POINT('Ctrl Pts',(5.61935596092256,-24.7789370017925,2.59877583545653));
#11216=CARTESIAN_POINT('Ctrl Pts',(5.61381718982717,-24.7838045544535,2.60172753799484));
#11217=CARTESIAN_POINT('Ctrl Pts',(5.6029301155849,-24.7910777513301,2.6049913132837));
#11218=CARTESIAN_POINT('Ctrl Pts',(5.59788973479806,-24.7938073506588,2.60579682169778));
#11219=CARTESIAN_POINT('Ctrl Pts',(5.59123855920578,-24.7964171620423,2.60577868859871));
#11220=CARTESIAN_POINT('Ctrl Pts',(5.58989507213297,-24.796896984356,2.60572350241619));
#11221=CARTESIAN_POINT('Ctrl Pts',(5.58854401775961,-24.7973297985509,2.60561418818562));
#11222=CARTESIAN_POINT('Origin',(4.35783216777965,-25.6,3.26223229866283));
#11223=CARTESIAN_POINT('',(4.3730408474848,-25.5177583993447,3.19533191066571));
#11224=CARTESIAN_POINT('',(4.29792649578384,-25.5177583993447,3.29567293734199));
#11225=CARTESIAN_POINT('Ctrl Pts',(4.3730408474848,-25.5177583993447,3.19533191066571));
#11226=CARTESIAN_POINT('Ctrl Pts',(4.36365696295631,-25.5257386964287,3.19319864210843));
#11227=CARTESIAN_POINT('Ctrl Pts',(4.35350766416162,-25.5332253465288,3.19303334834527));
#11228=CARTESIAN_POINT('Ctrl Pts',(4.33662960880508,-25.5436056765099,3.19658342123538));
#11229=CARTESIAN_POINT('Ctrl Pts',(4.32887987599834,-25.5476998250076,3.19945555401626));
#11230=CARTESIAN_POINT('Ctrl Pts',(4.31455147477481,-25.553313618016,3.20834595439199));
#11231=CARTESIAN_POINT('Ctrl Pts',(4.30797024535435,-25.5548387096774,3.21435665228871));
#11232=CARTESIAN_POINT('Ctrl Pts',(4.29784809458252,-25.5548387096774,3.22787826270826));
#11233=CARTESIAN_POINT('Ctrl Pts',(4.29393501877588,-25.553313618016,3.23588631538178));
#11234=CARTESIAN_POINT('Ctrl Pts',(4.28944151919491,-25.5476998250076,3.25213903090809));
#11235=CARTESIAN_POINT('Ctrl Pts',(4.28886908001084,-25.5436056765099,3.26038401839549));
#11236=CARTESIAN_POINT('Ctrl Pts',(4.29021790770707,-25.5332253465288,3.27757856503067));
#11237=CARTESIAN_POINT('Ctrl Pts',(4.29323589381098,-25.5257386964287,3.28727017727676));
#11238=CARTESIAN_POINT('Ctrl Pts',(4.29792649578384,-25.5177583993447,3.29567293734199));
#11239=CARTESIAN_POINT('',(4.3730408474848,-1.45,3.19533191066571));
#11240=CARTESIAN_POINT('',(4.3730408474848,-25.6,3.19533191066571));
#11241=CARTESIAN_POINT('',(4.29792649578384,-1.45,3.29567293734199));
#11242=CARTESIAN_POINT('Origin',(4.35783216777965,-1.45,3.26223229866283));
#11243=CARTESIAN_POINT('',(4.29792649578384,-25.6,3.29567293734199));
#11244=CARTESIAN_POINT('Origin',(4.29792649578384,-25.6,3.29567293734199));
#11245=CARTESIAN_POINT('',(4.61447992074605,-24.9742204952469,3.86274780175689));
#11246=CARTESIAN_POINT('Ctrl Pts',(4.29792649578384,-25.5177583993447,3.29567293734199));
#11247=CARTESIAN_POINT('Ctrl Pts',(4.44787298062185,-25.2626488200992,3.56428757188323));
#11248=CARTESIAN_POINT('Ctrl Pts',(4.61447992074605,-24.9742204952469,3.86274780175689));
#11249=CARTESIAN_POINT('',(4.69171511892255,-1.45,4.00110719413821));
#11250=CARTESIAN_POINT('',(4.38531106670556,-1.45,3.45221395001088));
#11251=CARTESIAN_POINT('',(4.69171511892255,-24.7973297985509,4.00110719413821));
#11252=CARTESIAN_POINT('',(4.69171511892255,-25.6,4.00110719413821));
#11253=CARTESIAN_POINT('',(4.68333160694414,-24.8,3.98608894273548));
#11254=CARTESIAN_POINT('Ctrl Pts',(4.68333160694414,-24.8,3.98608894273548));
#11255=CARTESIAN_POINT('Ctrl Pts',(4.68598932990444,-24.8,3.9908499965372));
#11256=CARTESIAN_POINT('Ctrl Pts',(4.68904356628948,-24.7990799331332,3.99632136581443));
#11257=CARTESIAN_POINT('Ctrl Pts',(4.69171511892255,-24.7973297985509,4.00110719413821));
#11258=CARTESIAN_POINT('',(4.65731043300094,-24.8,3.93947452468735));
#11259=CARTESIAN_POINT('',(1.76669946218667,-24.8,-1.23877563812927));
#11260=CARTESIAN_POINT('Ctrl Pts',(4.61447992074605,-24.9742204952469,3.86274780175689));
#11261=CARTESIAN_POINT('Ctrl Pts',(4.61659877618742,-24.9705523531809,3.86654352648257));
#11262=CARTESIAN_POINT('Ctrl Pts',(4.61861904744147,-24.9668106449507,3.87016264716531));
#11263=CARTESIAN_POINT('Ctrl Pts',(4.63150510113359,-24.9414258167976,3.89324676685593));
#11264=CARTESIAN_POINT('Ctrl Pts',(4.64200398789701,-24.9107553390256,3.9120545077249));
#11265=CARTESIAN_POINT('Ctrl Pts',(4.65312468168101,-24.8577344474004,3.93197615577061));
#11266=CARTESIAN_POINT('Ctrl Pts',(4.65666308233265,-24.8274632571901,3.93831485853465));
#11267=CARTESIAN_POINT('Ctrl Pts',(4.65731043300094,-24.8,3.93947452468735));
#11268=CARTESIAN_POINT('Origin',(5.17229868440506,-25.6,3.32403452672623));
#11269=CARTESIAN_POINT('',(5.21577190355333,-24.75,3.3519730682247));
#11270=CARTESIAN_POINT('Ctrl Pts',(5.21337714715435,-24.7973297985509,3.29268101364826));
#11271=CARTESIAN_POINT('Ctrl Pts',(5.21436988060141,-24.7968073384914,3.29398166419494));
#11272=CARTESIAN_POINT('Ctrl Pts',(5.21528977659726,-24.7962166528329,3.29531500190205));
#11273=CARTESIAN_POINT('Ctrl Pts',(5.21898808919236,-24.7933738933012,3.30124041736249));
#11274=CARTESIAN_POINT('Ctrl Pts',(5.22097388129043,-24.7905351510444,3.30600723911803));
#11275=CARTESIAN_POINT('Ctrl Pts',(5.22394185596789,-24.7829983594208,3.31713640642567));
#11276=CARTESIAN_POINT('Ctrl Pts',(5.22431985505575,-24.7779682373844,3.32350184335671));
#11277=CARTESIAN_POINT('Ctrl Pts',(5.22283584406904,-24.7656384324884,3.3375355853394));
#11278=CARTESIAN_POINT('Ctrl Pts',(5.22012507160501,-24.7579897162242,3.34507485852146));
#11279=CARTESIAN_POINT('Ctrl Pts',(5.21592938473521,-24.7502862697186,3.35172687632211));
#11280=CARTESIAN_POINT('Ctrl Pts',(5.21585090467023,-24.7501431345429,3.35185014008729));
#11281=CARTESIAN_POINT('Ctrl Pts',(5.21577190355333,-24.75,3.3519730682247));
#11282=CARTESIAN_POINT('',(5.16084313587967,-1.45,3.3744255308059));
#11283=CARTESIAN_POINT('Origin',(5.17229868440506,-1.45,3.32403452672623));
#11284=CARTESIAN_POINT('',(5.16084313587967,-24.7973297985509,3.3744255308059));
#11285=CARTESIAN_POINT('',(5.16084313587967,-25.6,3.3744255308059));
#11286=CARTESIAN_POINT('Ctrl Pts',(5.21577190355333,-24.75,3.3519730682247));
#11287=CARTESIAN_POINT('Ctrl Pts',(5.21569290243643,-24.7501431345429,3.35209599636209));
#11288=CARTESIAN_POINT('Ctrl Pts',(5.21561337956895,-24.7502862697187,3.35221858995883));
#11289=CARTESIAN_POINT('Ctrl Pts',(5.21130544265929,-24.7579897162241,3.35879846903938));
#11290=CARTESIAN_POINT('Ctrl Pts',(5.20557357412966,-24.7656384324884,3.36439620167159));
#11291=CARTESIAN_POINT('Ctrl Pts',(5.19342451385099,-24.7779682373844,3.37157593265476));
#11292=CARTESIAN_POINT('Ctrl Pts',(5.18747728225811,-24.7829983594208,3.3738763906557));
#11293=CARTESIAN_POINT('Ctrl Pts',(5.17612089435419,-24.7905351510444,3.37579984910949));
#11294=CARTESIAN_POINT('Ctrl Pts',(5.17095991291897,-24.7933738933012,3.37597371840252));
#11295=CARTESIAN_POINT('Ctrl Pts',(5.1640336308556,-24.7962166528329,3.37507112147773));
#11296=CARTESIAN_POINT('Ctrl Pts',(5.16243864560953,-24.7968073384914,3.37478824314845));
#11297=CARTESIAN_POINT('Ctrl Pts',(5.16084313587967,-24.7973297985509,3.3744255308059));
#11298=CARTESIAN_POINT('Origin',(3.84921165779267,-25.6,3.84921165779267));
#11299=CARTESIAN_POINT('',(3.87378645296576,-25.5177583993447,3.78515664007556));
#11300=CARTESIAN_POINT('',(3.78515664007556,-25.5177583993447,3.87378645296577));
#11301=CARTESIAN_POINT('Ctrl Pts',(3.87378645296576,-25.5177583993447,3.78515664007556));
#11302=CARTESIAN_POINT('Ctrl Pts',(3.86480167862105,-25.5257386964287,3.78170961910723));
#11303=CARTESIAN_POINT('Ctrl Pts',(3.85477920880918,-25.5332253465288,3.78010161197969));
#11304=CARTESIAN_POINT('Ctrl Pts',(3.83756771967081,-25.5436056765099,3.78121355252812));
#11305=CARTESIAN_POINT('Ctrl Pts',(3.82948812085764,-25.5476998250076,3.78295354916752));
#11306=CARTESIAN_POINT('Ctrl Pts',(3.81404032620706,-25.553313618016,3.78971431398348));
#11307=CARTESIAN_POINT('Ctrl Pts',(3.80667067271367,-25.5548387096774,3.79472722504171));
#11308=CARTESIAN_POINT('Ctrl Pts',(3.79472722504171,-25.5548387096774,3.80667067271367));
#11309=CARTESIAN_POINT('Ctrl Pts',(3.78971431398348,-25.553313618016,3.81404032620706));
#11310=CARTESIAN_POINT('Ctrl Pts',(3.78295354916752,-25.5476998250076,3.82948812085765));
#11311=CARTESIAN_POINT('Ctrl Pts',(3.78121355252812,-25.5436056765099,3.83756771967081));
#11312=CARTESIAN_POINT('Ctrl Pts',(3.78010161197969,-25.5332253465288,3.85477920880918));
#11313=CARTESIAN_POINT('Ctrl Pts',(3.78170961910722,-25.5257386964287,3.86480167862105));
#11314=CARTESIAN_POINT('Ctrl Pts',(3.78515664007556,-25.5177583993447,3.87378645296577));
#11315=CARTESIAN_POINT('',(3.87378645296576,-1.45,3.78515664007556));
#11316=CARTESIAN_POINT('',(3.87378645296576,-25.6,3.78515664007556));
#11317=CARTESIAN_POINT('',(3.78515664007556,-1.45,3.87378645296577));
#11318=CARTESIAN_POINT('Origin',(3.84921165779267,-1.45,3.84921165779267));
#11319=CARTESIAN_POINT('',(3.78515664007556,-25.6,3.87378645296577));
#11320=CARTESIAN_POINT('Origin',(3.78515664007555,-25.6,3.87378645296577));
#11321=CARTESIAN_POINT('',(4.01778483998594,-24.9742204952469,4.4801395623937));
#11322=CARTESIAN_POINT('Ctrl Pts',(3.78515664007556,-25.5177583993447,3.87378645296577));
#11323=CARTESIAN_POINT('Ctrl Pts',(3.89534903763053,-25.2626488200987,4.16100658757762));
#11324=CARTESIAN_POINT('Ctrl Pts',(4.01778483998595,-24.9742204952469,4.48013956239371));
#11325=CARTESIAN_POINT('',(4.07454330065863,-1.45,4.62808237039584));
#11326=CARTESIAN_POINT('',(3.84937365316233,-1.45,4.04117022491749));
#11327=CARTESIAN_POINT('',(4.07454330065863,-24.7973297985509,4.62808237039584));
#11328=CARTESIAN_POINT('',(4.07454330065863,-25.6,4.62808237039584));
#11329=CARTESIAN_POINT('',(4.06838244076366,-24.8,4.61202388498649));
#11330=CARTESIAN_POINT('Ctrl Pts',(4.06838244076366,-24.8,4.6120238849865));
#11331=CARTESIAN_POINT('Ctrl Pts',(4.07033554333454,-24.8,4.61711471153866));
#11332=CARTESIAN_POINT('Ctrl Pts',(4.07258003496321,-24.7990799331332,4.62296505332289));
#11333=CARTESIAN_POINT('Ctrl Pts',(4.07454330065863,-24.7973297985509,4.62808237039584));
#11334=CARTESIAN_POINT('',(4.04926004821749,-24.8,4.56218073534025));
#11335=CARTESIAN_POINT('',(1.85785633572046,-24.8,-1.14978563673483));
#11336=CARTESIAN_POINT('Ctrl Pts',(4.01778483998594,-24.9742204952469,4.4801395623937));
#11337=CARTESIAN_POINT('Ctrl Pts',(4.01934194058359,-24.9705523531809,4.48419819668413));
#11338=CARTESIAN_POINT('Ctrl Pts',(4.02082659381461,-24.9668106449507,4.48806799451345));
#11339=CARTESIAN_POINT('Ctrl Pts',(4.03029627329985,-24.9414258167976,4.51275102779734));
#11340=CARTESIAN_POINT('Ctrl Pts',(4.03801167593411,-24.9107553390256,4.53286148035457));
#11341=CARTESIAN_POINT('Ctrl Pts',(4.04618403097034,-24.8577344474004,4.55416299448518));
#11342=CARTESIAN_POINT('Ctrl Pts',(4.04878432434657,-24.8274632571901,4.56094074531121));
#11343=CARTESIAN_POINT('Ctrl Pts',(4.04926004821749,-24.8,4.56218073534025));
#11344=CARTESIAN_POINT('Origin',(4.64659270555081,-25.6,4.0262954988784));
#11345=CARTESIAN_POINT('',(4.6856473609964,-24.75,4.06013655046077));
#11346=CARTESIAN_POINT('Ctrl Pts',(4.69171511892255,-24.7973297985509,4.00110719413821));
#11347=CARTESIAN_POINT('Ctrl Pts',(4.69261389585737,-24.7967410096287,4.00271726614585));
#11348=CARTESIAN_POINT('Ctrl Pts',(4.69341482566439,-24.7960658149421,4.00435460133926));
#11349=CARTESIAN_POINT('Ctrl Pts',(4.6962528953952,-24.7930464227784,4.01100331869756));
#11350=CARTESIAN_POINT('Ctrl Pts',(4.69748407895293,-24.7901270421894,4.01606320001612));
#11351=CARTESIAN_POINT('Ctrl Pts',(4.69868677052981,-24.7823962532226,4.02762984787877));
#11352=CARTESIAN_POINT('Ctrl Pts',(4.69804410767806,-24.7772472219781,4.03404763418773));
#11353=CARTESIAN_POINT('Ctrl Pts',(4.6943993196579,-24.7650436552792,4.04739921239057));
#11354=CARTESIAN_POINT('Ctrl Pts',(4.69074514141541,-24.7576989925663,4.05415373564657));
#11355=CARTESIAN_POINT('Ctrl Pts',(4.68583962897455,-24.7502883034655,4.05991370144335));
#11356=CARTESIAN_POINT('Ctrl Pts',(4.68574373231216,-24.7501441514095,4.06002533203357));
#11357=CARTESIAN_POINT('Ctrl Pts',(4.6856473609964,-24.75,4.06013655046077));
#11358=CARTESIAN_POINT('',(4.62808237039584,-1.45,4.07454330065863));
#11359=CARTESIAN_POINT('Origin',(4.64659270555081,-1.45,4.0262954988784));
#11360=CARTESIAN_POINT('',(4.62808237039584,-24.7973297985509,4.07454330065863));
#11361=CARTESIAN_POINT('',(4.62808237039584,-25.6,4.07454330065863));
#11362=CARTESIAN_POINT('Ctrl Pts',(4.6856473609964,-24.75,4.06013655046077));
#11363=CARTESIAN_POINT('Ctrl Pts',(4.68555098968064,-24.7501441514095,4.06024776888798));
#11364=CARTESIAN_POINT('Ctrl Pts',(4.68545414284691,-24.7502883034656,4.06035857614996));
#11365=CARTESIAN_POINT('Ctrl Pts',(4.68045093240602,-24.7576989925658,4.06603388614862));
#11366=CARTESIAN_POINT('Ctrl Pts',(4.67428520424351,-24.7650436552792,4.07061213900987));
#11367=CARTESIAN_POINT('Ctrl Pts',(4.66158823327302,-24.7772472219781,4.07611995603596));
#11368=CARTESIAN_POINT('Ctrl Pts',(4.65532723123482,-24.7823962532226,4.07766942372716));
#11369=CARTESIAN_POINT('Ctrl Pts',(4.64370715431242,-24.7901270421894,4.07812507943633));
#11370=CARTESIAN_POINT('Ctrl Pts',(4.63852355960104,-24.7930464227784,4.07762652374353));
#11371=CARTESIAN_POINT('Ctrl Pts',(4.63153861716404,-24.7960658149421,4.07576355260599));
#11372=CARTESIAN_POINT('Ctrl Pts',(4.6298039634861,-24.7967410096287,4.07520379220282));
#11373=CARTESIAN_POINT('Ctrl Pts',(4.62808237039584,-24.7973297985509,4.07454330065863));
#11374=CARTESIAN_POINT('Origin',(3.26223229866283,-25.6,4.35783216777965));
#11375=CARTESIAN_POINT('',(3.29567293734199,-25.5177583993447,4.29792649578384));
#11376=CARTESIAN_POINT('',(3.19533191066571,-25.5177583993447,4.3730408474848));
#11377=CARTESIAN_POINT('Ctrl Pts',(3.29567293734199,-25.5177583993447,4.29792649578384));
#11378=CARTESIAN_POINT('Ctrl Pts',(3.28727017727676,-25.5257386964287,4.29323589381098));
#11379=CARTESIAN_POINT('Ctrl Pts',(3.27757856503067,-25.5332253465288,4.29021790770707));
#11380=CARTESIAN_POINT('Ctrl Pts',(3.26038401839549,-25.5436056765099,4.28886908001084));
#11381=CARTESIAN_POINT('Ctrl Pts',(3.25213903090809,-25.5476998250076,4.28944151919491));
#11382=CARTESIAN_POINT('Ctrl Pts',(3.23588631538179,-25.553313618016,4.29393501877588));
#11383=CARTESIAN_POINT('Ctrl Pts',(3.22787826270827,-25.5548387096774,4.29784809458252));
#11384=CARTESIAN_POINT('Ctrl Pts',(3.21435665228871,-25.5548387096774,4.30797024535435));
#11385=CARTESIAN_POINT('Ctrl Pts',(3.20834595439199,-25.553313618016,4.31455147477481));
#11386=CARTESIAN_POINT('Ctrl Pts',(3.19945555401626,-25.5476998250076,4.32887987599834));
#11387=CARTESIAN_POINT('Ctrl Pts',(3.19658342123538,-25.5436056765099,4.33662960880508));
#11388=CARTESIAN_POINT('Ctrl Pts',(3.19303334834527,-25.5332253465288,4.35350766416162));
#11389=CARTESIAN_POINT('Ctrl Pts',(3.19319864210843,-25.5257386964287,4.3636569629563));
#11390=CARTESIAN_POINT('Ctrl Pts',(3.19533191066571,-25.5177583993447,4.3730408474848));
#11391=CARTESIAN_POINT('',(3.29567293734199,-1.45,4.29792649578384));
#11392=CARTESIAN_POINT('',(3.29567293734199,-25.6,4.29792649578384));
#11393=CARTESIAN_POINT('',(3.19533191066571,-1.45,4.3730408474848));
#11394=CARTESIAN_POINT('Origin',(3.26223229866283,-1.45,4.35783216777965));
#11395=CARTESIAN_POINT('',(3.19533191066571,-25.6,4.3730408474848));
#11396=CARTESIAN_POINT('Origin',(3.19533191066571,-25.6,4.3730408474848));
#11397=CARTESIAN_POINT('',(3.33929924621843,-24.9742204952469,5.0063286011958));
#11398=CARTESIAN_POINT('Ctrl Pts',(3.19533191066571,-25.5177583993447,4.3730408474848));
#11399=CARTESIAN_POINT('Ctrl Pts',(3.26352702149158,-25.2626488200994,4.6730195084997));
#11400=CARTESIAN_POINT('Ctrl Pts',(3.33929924621844,-24.9742204952469,5.00632860119581));
#11401=CARTESIAN_POINT('',(3.3744255308059,-1.45,5.16084313587967));
#11402=CARTESIAN_POINT('',(3.23507409271766,-1.45,4.54785992781736));
#11403=CARTESIAN_POINT('',(3.3744255308059,-24.7973297985509,5.16084313587967));
#11404=CARTESIAN_POINT('',(3.3744255308059,-25.6,5.16084313587967));
#11405=CARTESIAN_POINT('',(3.37061274033537,-24.8,5.14407132091779));
#11406=CARTESIAN_POINT('Ctrl Pts',(3.37061274033537,-24.8,5.14407132091779));
#11407=CARTESIAN_POINT('Ctrl Pts',(3.37182146298078,-24.8,5.14938828567252));
#11408=CARTESIAN_POINT('Ctrl Pts',(3.37321051847609,-24.7990799331332,5.15549850387603));
#11409=CARTESIAN_POINT('Ctrl Pts',(3.37442553080589,-24.7973297985509,5.16084313587967));
#11410=CARTESIAN_POINT('',(3.35877840595405,-24.8,5.09201410246444));
#11411=CARTESIAN_POINT('',(1.97407719426174,-24.8,-0.999050350085356));
#11412=CARTESIAN_POINT('Ctrl Pts',(3.33929924621843,-24.9742204952469,5.0063286011958));
#11413=CARTESIAN_POINT('Ctrl Pts',(3.3402628938945,-24.9705523531809,5.01056752296094));
#11414=CARTESIAN_POINT('Ctrl Pts',(3.34118170584409,-24.9668106449507,5.01460922001262));
#11415=CARTESIAN_POINT('Ctrl Pts',(3.34704223575643,-24.9414258167976,5.04038869151211));
#11416=CARTESIAN_POINT('Ctrl Pts',(3.35181709091328,-24.9107553390256,5.0613924649373));
#11417=CARTESIAN_POINT('Ctrl Pts',(3.35687474162033,-24.8577344474004,5.0836402077536));
#11418=CARTESIAN_POINT('Ctrl Pts',(3.35848399324664,-24.8274632571901,5.09071903118024));
#11419=CARTESIAN_POINT('Ctrl Pts',(3.35877840595405,-24.8,5.09201410246444));
#11420=CARTESIAN_POINT('Origin',(4.02629549887839,-25.6,4.64659270555081));
#11421=CARTESIAN_POINT('',(4.06013655046078,-24.75,4.68564736099639));
#11422=CARTESIAN_POINT('Ctrl Pts',(4.07454330065863,-24.7973297985509,4.62808237039584));
#11423=CARTESIAN_POINT('Ctrl Pts',(4.07522818389802,-24.7967192658834,4.62986754124768));
#11424=CARTESIAN_POINT('Ctrl Pts',(4.07580466430012,-24.7960159107476,4.63166651304467));
#11425=CARTESIAN_POINT('Ctrl Pts',(4.0776610873389,-24.7929377655412,4.63873574566419));
#11426=CARTESIAN_POINT('Ctrl Pts',(4.07813850562963,-24.7899918327012,4.64393580615685));
#11427=CARTESIAN_POINT('Ctrl Pts',(4.0776271642372,-24.7821972689437,4.6555900487562));
#11428=CARTESIAN_POINT('Ctrl Pts',(4.07603837076909,-24.7770092572426,4.66186599900272));
#11429=CARTESIAN_POINT('Ctrl Pts',(4.07049007118905,-24.7648484272741,4.67444862833383));
#11430=CARTESIAN_POINT('Ctrl Pts',(4.06596063345608,-24.7576034606009,4.68051532348373));
#11431=CARTESIAN_POINT('Ctrl Pts',(4.06035907226621,-24.7502889488789,4.68545370923137));
#11432=CARTESIAN_POINT('Ctrl Pts',(4.06024801786707,-24.750144474114,4.68555077393902));
#11433=CARTESIAN_POINT('Ctrl Pts',(4.06013655046078,-24.75,4.68564736099639));
#11434=CARTESIAN_POINT('',(4.00110719413821,-1.45,4.69171511892255));
#11435=CARTESIAN_POINT('Origin',(4.02629549887839,-1.45,4.64659270555081));
#11436=CARTESIAN_POINT('',(4.00110719413821,-24.7973297985509,4.69171511892255));
#11437=CARTESIAN_POINT('',(4.00110719413821,-25.6,4.69171511892255));
#11438=CARTESIAN_POINT('Ctrl Pts',(4.06013655046078,-24.75,4.68564736099639));
#11439=CARTESIAN_POINT('Ctrl Pts',(4.06002508305445,-24.750144474114,4.6857439480538));
#11440=CARTESIAN_POINT('Ctrl Pts',(4.05991320163675,-24.7502889488787,4.68584005833107));
#11441=CARTESIAN_POINT('Ctrl Pts',(4.05422789626115,-24.7576034606015,4.69068179813538));
#11442=CARTESIAN_POINT('Ctrl Pts',(4.04757834512145,-24.7648484272741,4.69430175198448));
#11443=CARTESIAN_POINT('Ctrl Pts',(4.03433418345685,-24.7770092572426,4.69800288301647));
#11444=CARTESIAN_POINT('Ctrl Pts',(4.0278960044492,-24.7821972689437,4.69868234401358));
#11445=CARTESIAN_POINT('Ctrl Pts',(4.01628761376791,-24.7899918327013,4.6975299090372));
#11446=CARTESIAN_POINT('Ctrl Pts',(4.01120842610004,-24.7929377655412,4.69631730440826));
#11447=CARTESIAN_POINT('Ctrl Pts',(4.00447534462013,-24.7960159107476,4.69347372038232));
#11448=CARTESIAN_POINT('Ctrl Pts',(4.00277672547733,-24.7967192658834,4.69264708733915));
#11449=CARTESIAN_POINT('Ctrl Pts',(4.00110719413821,-24.7973297985509,4.69171511892255));
#11450=CARTESIAN_POINT('Origin',(2.60884329743331,-25.6,4.77773978178085));
#11451=CARTESIAN_POINT('',(2.65046902464988,-25.5177583993447,4.7232029622345));
#11452=CARTESIAN_POINT('',(2.54045943813102,-25.5177583993447,4.78327274115748));
#11453=CARTESIAN_POINT('Ctrl Pts',(2.65046902464988,-25.5177583993447,4.7232029622345));
#11454=CARTESIAN_POINT('Ctrl Pts',(2.6428193348275,-25.5257386964287,4.7173642663867));
#11455=CARTESIAN_POINT('Ctrl Pts',(2.63365587342421,-25.5332253465288,4.71299773880034));
#11456=CARTESIAN_POINT('Ctrl Pts',(2.61682830067674,-25.5436056765099,4.70921560110164));
#11457=CARTESIAN_POINT('Ctrl Pts',(2.60858576868377,-25.5476998250076,4.70860882961937));
#11458=CARTESIAN_POINT('Ctrl Pts',(2.59185899070089,-25.553313618016,4.71074358927207));
#11459=CARTESIAN_POINT('Ctrl Pts',(2.58337555970636,-25.5548387096774,4.71347717088807));
#11460=CARTESIAN_POINT('Ctrl Pts',(2.56855104753425,-25.5548387096774,4.72157196695993));
#11461=CARTESIAN_POINT('Ctrl Pts',(2.5616649232748,-25.553313618016,4.72723079745515));
#11462=CARTESIAN_POINT('Ctrl Pts',(2.55082587025315,-25.5476998250076,4.74014812032242));
#11463=CARTESIAN_POINT('Ctrl Pts',(2.54688006967165,-25.5436056765099,4.74741022491117));
#11464=CARTESIAN_POINT('Ctrl Pts',(2.54096413368635,-25.5332253465288,4.76361125795111));
#11465=CARTESIAN_POINT('Ctrl Pts',(2.53968334918078,-25.5257386964287,4.77368077527332));
#11466=CARTESIAN_POINT('Ctrl Pts',(2.54045943813102,-25.5177583993447,4.78327274115748));
#11467=CARTESIAN_POINT('',(2.65046902464988,-1.45,4.7232029622345));
#11468=CARTESIAN_POINT('',(2.65046902464988,-25.6,4.7232029622345));
#11469=CARTESIAN_POINT('',(2.54045943813102,-1.45,4.78327274115748));
#11470=CARTESIAN_POINT('Origin',(2.60884329743331,-1.45,4.77773978178085));
#11471=CARTESIAN_POINT('',(2.54045943813102,-25.6,4.78327274115748));
#11472=CARTESIAN_POINT('Origin',(2.54045943813102,-25.6,4.78327274115748));
#11473=CARTESIAN_POINT('',(2.59283514954174,-24.9742204952469,5.43060322673706));
#11474=CARTESIAN_POINT('Ctrl Pts',(2.54045943813102,-25.5177583993447,4.78327274115748));
#11475=CARTESIAN_POINT('Ctrl Pts',(2.56526900643014,-25.2626488200994,5.08990322810489));
#11476=CARTESIAN_POINT('Ctrl Pts',(2.59283514954174,-24.9742204952469,5.43060322673707));
#11477=CARTESIAN_POINT('',(2.60561418818562,-1.45,5.58854401775961));
#11478=CARTESIAN_POINT('',(2.55491775292856,-1.45,4.9619683175319));
#11479=CARTESIAN_POINT('',(2.60561418818562,-24.7973297985509,5.58854401775961));
#11480=CARTESIAN_POINT('',(2.60561418818562,-25.6,5.58854401775961));
#11481=CARTESIAN_POINT('',(2.60422708455834,-24.8,5.5714002990319));
#11482=CARTESIAN_POINT('Ctrl Pts',(2.60422708455834,-24.8,5.5714002990319));
#11483=CARTESIAN_POINT('Ctrl Pts',(2.60466682117088,-24.8,5.57683516391966));
#11484=CARTESIAN_POINT('Ctrl Pts',(2.60517216336865,-24.7990799331332,5.58308087212023));
#11485=CARTESIAN_POINT('Ctrl Pts',(2.60561418818561,-24.7973297985509,5.58854401775961));
#11486=CARTESIAN_POINT('',(2.59992172126246,-24.8,5.51818874661855));
#11487=CARTESIAN_POINT('',(2.09075785736542,-24.8,-0.774752816912555));
#11488=CARTESIAN_POINT('Ctrl Pts',(2.59283514954174,-24.9742204952469,5.43060322673706));
#11489=CARTESIAN_POINT('Ctrl Pts',(2.59318572720847,-24.9705523531809,5.43493614375383));
#11490=CARTESIAN_POINT('Ctrl Pts',(2.59351999351497,-24.9668106449507,5.43906746273117));
#11491=CARTESIAN_POINT('Ctrl Pts',(2.59565207036577,-24.9414258167976,5.4654185767484));
#11492=CARTESIAN_POINT('Ctrl Pts',(2.59738917576376,-24.9107553390256,5.48688809478448));
#11493=CARTESIAN_POINT('Ctrl Pts',(2.5992291629583,-24.8577344474004,5.50962916639993));
#11494=CARTESIAN_POINT('Ctrl Pts',(2.59981461311227,-24.8274632571901,5.51686495799584));
#11495=CARTESIAN_POINT('Ctrl Pts',(2.59992172126246,-24.8,5.51818874661855));
#11496=CARTESIAN_POINT('Origin',(3.32403452672623,-25.6,5.17229868440506));
#11497=CARTESIAN_POINT('',(3.35197306822472,-24.75,5.21577190355331));
#11498=CARTESIAN_POINT('Ctrl Pts',(3.3744255308059,-24.7973297985509,5.16084313587967));
#11499=CARTESIAN_POINT('Ctrl Pts',(3.37483124912144,-24.796745391597,5.16262782154952));
#11500=CARTESIAN_POINT('Ctrl Pts',(3.37513692001178,-24.796075844756,5.16441116738957));
#11501=CARTESIAN_POINT('Ctrl Pts',(3.37599051903209,-24.7930682427716,5.17157349480009));
#11502=CARTESIAN_POINT('Ctrl Pts',(3.37575097424918,-24.7901542062249,5.1767725963276));
#11503=CARTESIAN_POINT('Ctrl Pts',(3.37365830181342,-24.7824362592941,5.18820430159307));
#11504=CARTESIAN_POINT('Ctrl Pts',(3.37124182672848,-24.7772950840032,5.1941791805385));
#11505=CARTESIAN_POINT('Ctrl Pts',(3.363988024621,-24.765082984576,5.2059870869551));
#11506=CARTESIAN_POINT('Ctrl Pts',(3.35856635437009,-24.7577182315543,5.21145690997435));
#11507=CARTESIAN_POINT('Ctrl Pts',(3.35222021937468,-24.7502881721741,5.21561232258212));
#11508=CARTESIAN_POINT('Ctrl Pts',(3.35209681329882,-24.7501440857642,5.21569237742308));
#11509=CARTESIAN_POINT('Ctrl Pts',(3.35197306822472,-24.75,5.21577190355331));
#11510=CARTESIAN_POINT('',(3.29268101364826,-1.45,5.21337714715435));
#11511=CARTESIAN_POINT('Origin',(3.32403452672623,-1.45,5.17229868440506));
#11512=CARTESIAN_POINT('',(3.29268101364826,-24.7973297985509,5.21337714715435));
#11513=CARTESIAN_POINT('',(3.29268101364826,-25.6,5.21337714715435));
#11514=CARTESIAN_POINT('Ctrl Pts',(3.35197306822472,-24.75,5.21577190355331));
#11515=CARTESIAN_POINT('Ctrl Pts',(3.35184932315063,-24.7501440857642,5.21585142968355));
#11516=CARTESIAN_POINT('Ctrl Pts',(3.35172523796928,-24.7502881721741,5.21593042781579));
#11517=CARTESIAN_POINT('Ctrl Pts',(3.34530906195552,-24.7577182315541,5.2199768544721));
#11518=CARTESIAN_POINT('Ctrl Pts',(3.33808129271071,-24.765082984576,5.22263633259981));
#11519=CARTESIAN_POINT('Ctrl Pts',(3.32432710493922,-24.7772950840032,5.22432944148717));
#11520=CARTESIAN_POINT('Ctrl Pts',(3.31788832385326,-24.7824362592941,5.2240454901256));
#11521=CARTESIAN_POINT('Ctrl Pts',(3.30662035143521,-24.7901542062249,5.22120014993748));
#11522=CARTESIAN_POINT('Ctrl Pts',(3.30179157183959,-24.7930682427716,5.21925826270769));
#11523=CARTESIAN_POINT('Ctrl Pts',(3.29563108751389,-24.796075844756,5.21550646339325));
#11524=CARTESIAN_POINT('Ctrl Pts',(3.29413587935589,-24.796745391597,5.21448758673601));
#11525=CARTESIAN_POINT('Ctrl Pts',(3.29268101364826,-24.7973297985509,5.21337714715435));
#11526=CARTESIAN_POINT('Origin',(1.90234576995087,-25.6,5.10038639168878));
#11527=CARTESIAN_POINT('',(1.95130920593739,-25.5177583993447,5.05232863696664));
#11528=CARTESIAN_POINT('',(1.83387053751603,-25.5177583993447,5.09613099563972));
#11529=CARTESIAN_POINT('Ctrl Pts',(1.95130920593739,-25.5177583993447,5.05232863696664));
#11530=CARTESIAN_POINT('Ctrl Pts',(1.94456831198277,-25.5257386964287,5.04546070625396));
#11531=CARTESIAN_POINT('Ctrl Pts',(1.93611954307122,-25.5332253465288,5.03983452709478));
#11532=CARTESIAN_POINT('Ctrl Pts',(1.92000150506587,-25.5436056765099,5.03369607281037));
#11533=CARTESIAN_POINT('Ctrl Pts',(1.91192922274921,-25.5476998250076,5.03192244277935));
#11534=CARTESIAN_POINT('Ctrl Pts',(1.89506889127345,-25.553313618016,5.0316550049534));
#11535=CARTESIAN_POINT('Ctrl Pts',(1.88628278014875,-25.5548387096774,5.03315344454006));
#11536=CARTESIAN_POINT('Ctrl Pts',(1.87045715054156,-25.5548387096774,5.03905609920738));
#11537=CARTESIAN_POINT('Ctrl Pts',(1.86283578155135,-25.553313618016,5.04367733330721));
#11538=CARTESIAN_POINT('Ctrl Pts',(1.85026872774606,-25.5476998250076,5.05492061837512));
#11539=CARTESIAN_POINT('Ctrl Pts',(1.84532958448503,-25.5436056765099,5.06154725923863));
#11540=CARTESIAN_POINT('Ctrl Pts',(1.83716821680105,-25.5332253465288,5.0767414636492));
#11541=CARTESIAN_POINT('Ctrl Pts',(1.83446742710581,-25.5257386964287,5.08652621316435));
#11542=CARTESIAN_POINT('Ctrl Pts',(1.83387053751603,-25.5177583993447,5.09613099563972));
#11543=CARTESIAN_POINT('',(1.95130920593739,-1.45,5.05232863696664));
#11544=CARTESIAN_POINT('',(1.95130920593739,-25.6,5.05232863696664));
#11545=CARTESIAN_POINT('',(1.83387053751603,-1.45,5.09613099563972));
#11546=CARTESIAN_POINT('Origin',(1.90234576995087,-1.45,5.10038639168878));
#11547=CARTESIAN_POINT('',(1.83387053751603,-25.6,5.09613099563972));
#11548=CARTESIAN_POINT('Origin',(1.83387053751603,-25.6,5.09613099563972));
#11549=CARTESIAN_POINT('',(1.7935884063395,-24.9742204952469,5.74432643114845));
#11550=CARTESIAN_POINT('Ctrl Pts',(1.83387053751603,-25.5177583993447,5.09613099563972));
#11551=CARTESIAN_POINT('Ctrl Pts',(1.81478951202269,-25.262648820099,5.40317119605535));
#11552=CARTESIAN_POINT('Ctrl Pts',(1.7935884063395,-24.9742204952469,5.74432643114845));
#11553=CARTESIAN_POINT('',(1.78376005466471,-1.45,5.90247825946809));
#11554=CARTESIAN_POINT('',(1.82275065546423,-1.45,5.27506534143651));
#11555=CARTESIAN_POINT('',(1.78376005466471,-24.7973297985509,5.90247825946809));
#11556=CARTESIAN_POINT('',(1.78376005466471,-25.6,5.90247825946809));
#11557=CARTESIAN_POINT('',(1.78482687531046,-24.8,5.88531163364944));
#11558=CARTESIAN_POINT('Ctrl Pts',(1.78482687531046,-24.8,5.88531163364944));
#11559=CARTESIAN_POINT('Ctrl Pts',(1.78448867412079,-24.8,5.89075376049397));
#11560=CARTESIAN_POINT('Ctrl Pts',(1.78410001571116,-24.7990799331332,5.89700781408378));
#11561=CARTESIAN_POINT('Ctrl Pts',(1.7837600546647,-24.7973297985509,5.90247825946809));
#11562=CARTESIAN_POINT('',(1.78813812788109,-24.8,5.83202898103378));
#11563=CARTESIAN_POINT('',(2.17999186089702,-24.8,-0.473441799916689));
#11564=CARTESIAN_POINT('Ctrl Pts',(1.7935884063395,-24.9742204952469,5.74432643114845));
#11565=CARTESIAN_POINT('Ctrl Pts',(1.79331877724658,-24.9705523531809,5.74866513772147));
#11566=CARTESIAN_POINT('Ctrl Pts',(1.79306169321194,-24.9668106449507,5.75280197688384));
#11567=CARTESIAN_POINT('Ctrl Pts',(1.79142191406492,-24.9414258167976,5.77918830072776));
#11568=CARTESIAN_POINT('Ctrl Pts',(1.79008590724755,-24.9107553390256,5.8006865059005));
#11569=CARTESIAN_POINT('Ctrl Pts',(1.78867077409637,-24.8577344474004,5.82345796367683));
#11570=CARTESIAN_POINT('Ctrl Pts',(1.78822050470118,-24.8274632571901,5.83070342359143));
#11571=CARTESIAN_POINT('Ctrl Pts',(1.78813812788109,-24.8,5.83202898103378));
#11572=CARTESIAN_POINT('Origin',(2.55410579733393,-25.6,5.59271157772253));
#11573=CARTESIAN_POINT('',(2.57557308061169,-24.75,5.63971837119802));
#11574=CARTESIAN_POINT('Ctrl Pts',(2.60561418818562,-24.7973297985509,5.58854401775961));
#11575=CARTESIAN_POINT('Ctrl Pts',(2.60574166292523,-24.7968250803957,5.59011952447582));
#11576=CARTESIAN_POINT('Ctrl Pts',(2.60579547504595,-24.7962566425312,5.59168409758262));
#11577=CARTESIAN_POINT('Ctrl Pts',(2.60572581990125,-24.7934604537921,5.59860305192917));
#11578=CARTESIAN_POINT('Ctrl Pts',(2.60483926829699,-24.7906431881827,5.60367854539597));
#11579=CARTESIAN_POINT('Ctrl Pts',(2.60136988667566,-24.7831581406213,5.61463071910312));
#11580=CARTESIAN_POINT('Ctrl Pts',(2.59828029607675,-24.7781598182348,5.62018653660279));
#11581=CARTESIAN_POINT('Ctrl Pts',(2.58945321423223,-24.7657973236452,5.63129065430964));
#11582=CARTESIAN_POINT('Ctrl Pts',(2.58303647170096,-24.7580672972087,5.63623533351831));
#11583=CARTESIAN_POINT('Ctrl Pts',(2.57583814296505,-24.7502857079829,5.63959664258425));
#11584=CARTESIAN_POINT('Ctrl Pts',(2.57570573972663,-24.7501428536768,5.63965778781019));
#11585=CARTESIAN_POINT('Ctrl Pts',(2.57557308061169,-24.75,5.63971837119802));
#11586=CARTESIAN_POINT('',(2.51722534302838,-1.45,5.62890985080829));
#11587=CARTESIAN_POINT('Origin',(2.55410579733393,-1.45,5.59271157772253));
#11588=CARTESIAN_POINT('',(2.51722534302838,-24.7973297985509,5.62890985080829));
#11589=CARTESIAN_POINT('',(2.51722534302838,-25.6,5.62890985080829));
#11590=CARTESIAN_POINT('Ctrl Pts',(2.57557308061169,-24.75,5.63971837119802));
#11591=CARTESIAN_POINT('Ctrl Pts',(2.57544042149673,-24.7501428536769,5.63977895458586));
#11592=CARTESIAN_POINT('Ctrl Pts',(2.57530750533638,-24.7502857079829,5.6398389766694));
#11593=CARTESIAN_POINT('Ctrl Pts',(2.56805329460204,-24.7580672972094,5.64307792122537));
#11594=CARTESIAN_POINT('Ctrl Pts',(2.56011428267055,-24.7657973236452,5.6446892954067));
#11595=CARTESIAN_POINT('Ctrl Pts',(2.54594184114472,-24.7781598182348,5.64408870808218));
#11596=CARTESIAN_POINT('Ctrl Pts',(2.53971978286696,-24.7831581406212,5.64278537813673));
#11597=CARTESIAN_POINT('Ctrl Pts',(2.52917072045463,-24.7906431881827,5.63823521330816));
#11598=CARTESIAN_POINT('Ctrl Pts',(2.52475435059321,-24.7934604537921,5.63558148292893));
#11599=CARTESIAN_POINT('Ctrl Pts',(2.51947973937166,-24.7962566425312,5.63110317325337));
#11600=CARTESIAN_POINT('Ctrl Pts',(2.51833255335701,-24.7968250803957,5.63003792727301));
#11601=CARTESIAN_POINT('Ctrl Pts',(2.51722534302838,-24.7973297985509,5.62890985080829));
#11602=CARTESIAN_POINT('Origin',(1.1571219685044,-25.6,5.3192038429617));
#11603=CARTESIAN_POINT('',(1.21242635890308,-25.5177583993447,5.2786034703628));
#11604=CARTESIAN_POINT('',(1.08994932120314,-25.5177583993447,5.30524671907895));
#11605=CARTESIAN_POINT('Ctrl Pts',(1.21242635890308,-25.5177583993447,5.2786034703628));
#11606=CARTESIAN_POINT('Ctrl Pts',(1.20673148597801,-25.5257386964287,5.27084611604907));
#11607=CARTESIAN_POINT('Ctrl Pts',(1.19916940212899,-25.5332253465288,5.26407481810019));
#11608=CARTESIAN_POINT('Ctrl Pts',(1.18408901563898,-25.5436056765099,5.25570500845746));
#11609=CARTESIAN_POINT('Ctrl Pts',(1.17635131138805,-25.5476998250076,5.25280062587041));
#11610=CARTESIAN_POINT('Ctrl Pts',(1.15970065414707,-25.553313618016,5.2501364348287));
#11611=CARTESIAN_POINT('Ctrl Pts',(1.15079072277766,-25.5548387096774,5.25036922847717));
#11612=CARTESIAN_POINT('Ctrl Pts',(1.13428613991683,-25.5548387096774,5.25395958071279));
#11613=CARTESIAN_POINT('Ctrl Pts',(1.1260846752903,-25.553313618016,5.25744914341749));
#11614=CARTESIAN_POINT('Ctrl Pts',(1.11204544967645,-25.5476998250076,5.26678950982502));
#11615=CARTESIAN_POINT('Ctrl Pts',(1.10621351044938,-25.5436056765099,5.27264578766496));
#11616=CARTESIAN_POINT('Ctrl Pts',(1.09597285297732,-25.5332253465288,5.28652385326083));
#11617=CARTESIAN_POINT('Ctrl Pts',(1.09190703838216,-25.5257386964287,5.29582464568566));
#11618=CARTESIAN_POINT('Ctrl Pts',(1.08994932120314,-25.5177583993447,5.30524671907895));
#11619=CARTESIAN_POINT('',(1.21242635890308,-1.45,5.2786034703628));
#11620=CARTESIAN_POINT('',(1.21242635890308,-25.6,5.2786034703628));
#11621=CARTESIAN_POINT('',(1.08994932120314,-1.45,5.30524671907895));
#11622=CARTESIAN_POINT('Origin',(1.1571219685044,-1.45,5.3192038429617));
#11623=CARTESIAN_POINT('',(1.08994932120314,-25.6,5.30524671907895));
#11624=CARTESIAN_POINT('Origin',(1.08994932120313,-25.6,5.30524671907895));
#11625=CARTESIAN_POINT('',(0.957829375466042,-24.9742204952469,5.94111171469115));
#11626=CARTESIAN_POINT('Ctrl Pts',(1.08994932120314,-25.5177583993447,5.30524671907895));
#11627=CARTESIAN_POINT('Ctrl Pts',(1.02736613657127,-25.2626488200993,5.60644617991226));
#11628=CARTESIAN_POINT('Ctrl Pts',(0.95782937546604,-24.9742204952469,5.94111171469116));
#11629=CARTESIAN_POINT('',(0.925593710370049,-1.45,6.09625506515552));
#11630=CARTESIAN_POINT('',(1.05347761103347,-1.45,5.48077724702174));
#11631=CARTESIAN_POINT('',(0.925593710370049,-24.7973297985509,6.09625506515552));
#11632=CARTESIAN_POINT('',(0.925593710370049,-25.6,6.09625506515552));
#11633=CARTESIAN_POINT('',(0.929092737896933,-24.8,6.07941499524314));
#11634=CARTESIAN_POINT('Ctrl Pts',(0.929092737896933,-24.8,6.07941499524314));
#11635=CARTESIAN_POINT('Ctrl Pts',(0.927983483705983,-24.8,6.08475359803567));
#11636=CARTESIAN_POINT('Ctrl Pts',(0.926708736653385,-24.7990799331332,
6.09088868251883));
#11637=CARTESIAN_POINT('Ctrl Pts',(0.925593710370044,-24.7973297985509,
6.09625506515552));
#11638=CARTESIAN_POINT('',(0.939953198780594,-24.8,6.02714592357794));
#11639=CARTESIAN_POINT('',(2.21320693671806,-24.8,-0.100751556019179));
#11640=CARTESIAN_POINT('Ctrl Pts',(0.957829375466042,-24.9742204952469,
5.94111171469115));
#11641=CARTESIAN_POINT('Ctrl Pts',(0.956945028484259,-24.9705523531809,
5.94536788726641));
#11642=CARTESIAN_POINT('Ctrl Pts',(0.956101827598053,-24.9668106449507,
5.94942603249813));
#11643=CARTESIAN_POINT('Ctrl Pts',(0.950723573627901,-24.9414258167976,
5.97531041670713));
#11644=CARTESIAN_POINT('Ctrl Pts',(0.946341651841244,-24.9107553390256,
5.99639966755492));
#11645=CARTESIAN_POINT('Ctrl Pts',(0.941700206374411,-24.8577344474004,
6.01873795027928));
#11646=CARTESIAN_POINT('Ctrl Pts',(0.940223383616464,-24.8274632571901,
6.02584558184288));
#11647=CARTESIAN_POINT('Ctrl Pts',(0.939953198780594,-24.8,6.02714592357794));
#11648=CARTESIAN_POINT('Origin',(1.73218283934081,-25.6,5.89927299136594));
#11649=CARTESIAN_POINT('',(1.74674185241686,-24.75,5.94885643640989));
#11650=CARTESIAN_POINT('Ctrl Pts',(1.78376005466471,-24.7973297985509,5.90247825946809));
#11651=CARTESIAN_POINT('Ctrl Pts',(1.78345403533079,-24.7957543974139,5.90740253555848));
#11652=CARTESIAN_POINT('Ctrl Pts',(1.78245830550316,-24.7935815339909,5.91205265360286));
#11653=CARTESIAN_POINT('Ctrl Pts',(1.77895792466597,-24.7876070369857,5.9220681142663));
#11654=CARTESIAN_POINT('Ctrl Pts',(1.7760567457953,-24.7835085354417,5.92712200682628));
#11655=CARTESIAN_POINT('Ctrl Pts',(1.76918969336775,-24.774697692864,5.93576868516895));
#11656=CARTESIAN_POINT('Ctrl Pts',(1.76516313798767,-24.7699179175202,5.9393968870801));
#11657=CARTESIAN_POINT('Ctrl Pts',(1.75656326438503,-24.7602607484914,5.94512401407549));
#11658=CARTESIAN_POINT('Ctrl Pts',(1.75194956210174,-24.7553289618451,5.94728211467909));
#11659=CARTESIAN_POINT('Ctrl Pts',(1.74701600487415,-24.7502800496555,5.94877531979428));
#11660=CARTESIAN_POINT('Ctrl Pts',(1.74687901191005,-24.7501400245315,5.94881616274893));
#11661=CARTESIAN_POINT('Ctrl Pts',(1.74674185241686,-24.75,5.94885643640989));
#11662=CARTESIAN_POINT('',(1.69052622350289,-1.45,5.92985418233535));
#11663=CARTESIAN_POINT('Origin',(1.73218283934081,-1.45,5.89927299136594));
#11664=CARTESIAN_POINT('',(1.69052622350289,-24.7973297985509,5.92985418233535));
#11665=CARTESIAN_POINT('',(1.69052622350289,-25.6,5.92985418233535));
#11666=CARTESIAN_POINT('Ctrl Pts',(1.74674185241686,-24.75,5.94885643640989));
#11667=CARTESIAN_POINT('Ctrl Pts',(1.74660469292365,-24.7501400245315,5.94889671007085));
#11668=CARTESIAN_POINT('Ctrl Pts',(1.74646736574033,-24.7502800496555,5.94893641477903));
#11669=CARTESIAN_POINT('Ctrl Pts',(1.74125908797584,-24.7555841924682,5.95041886741235));
#11670=CARTESIAN_POINT('Ctrl Pts',(1.73593461749944,-24.7607751835192,5.95109552043935));
#11671=CARTESIAN_POINT('Ctrl Pts',(1.72503330808716,-24.7709179670381,5.95074808052518));
#11672=CARTESIAN_POINT('Ctrl Pts',(1.71937853580836,-24.77593303461,5.94968731072123));
#11673=CARTESIAN_POINT('Ctrl Pts',(1.70882303134916,-24.7847138205975,5.9456801316757));
#11674=CARTESIAN_POINT('Ctrl Pts',(1.70383937634578,-24.7886036562986,5.94289306233002));
#11675=CARTESIAN_POINT('Ctrl Pts',(1.69609446178402,-24.7940338877968,5.93648606380531));
#11676=CARTESIAN_POINT('Ctrl Pts',(1.69313569733097,-24.7959217902951,5.93340871521486));
#11677=CARTESIAN_POINT('Ctrl Pts',(1.69052622350289,-24.7973297985509,5.92985418233535));
#11678=CARTESIAN_POINT('Origin',(0.388342500643403,-25.6,5.42973764330912));
#11679=CARTESIAN_POINT('',(0.448862007550417,-25.5177583993447,5.39742115933776));
#11680=CARTESIAN_POINT('',(0.323839879864834,-25.5177583993447,5.40636291838592));
#11681=CARTESIAN_POINT('Ctrl Pts',(0.448862007550417,-25.5177583993447,
5.39742115933776));
#11682=CARTESIAN_POINT('Ctrl Pts',(0.444329086844977,-25.5257386964287,
5.38893229878644));
#11683=CARTESIAN_POINT('Ctrl Pts',(0.43780763027841,-25.5332253465288,5.3811537261473));
#11684=CARTESIAN_POINT('Ctrl Pts',(0.42407188848443,-25.5436056765099,5.37072294633404));
#11685=CARTESIAN_POINT('Ctrl Pts',(0.416826279644089,-25.5476998250076,
5.36674693604487));
#11686=CARTESIAN_POINT('Ctrl Pts',(0.400724256002788,-25.553313618016,5.36174022703413));
#11687=CARTESIAN_POINT('Ctrl Pts',(0.391871884897226,-25.5548387096774,
5.36070263573706));
#11688=CARTESIAN_POINT('Ctrl Pts',(0.375024334494519,-25.5548387096774,
5.36190759632317));
#11689=CARTESIAN_POINT('Ctrl Pts',(0.366409732400381,-25.553313618016,5.36419445019914));
#11690=CARTESIAN_POINT('Ctrl Pts',(0.351184133125694,-25.5476998250076,
5.37144175502162));
#11691=CARTESIAN_POINT('Ctrl Pts',(0.344578119397319,-25.5436056765099,
5.37640845290928));
#11692=CARTESIAN_POINT('Ctrl Pts',(0.332466642391686,-25.5332253465288,
5.38868786229596));
#11693=CARTESIAN_POINT('Ctrl Pts',(0.327118571156939,-25.5257386964287,
5.39731536031798));
#11694=CARTESIAN_POINT('Ctrl Pts',(0.323839879864834,-25.5177583993447,
5.40636291838592));
#11695=CARTESIAN_POINT('',(0.448862007550417,-1.45,5.39742115933776));
#11696=CARTESIAN_POINT('',(0.448862007550417,-25.6,5.39742115933776));
#11697=CARTESIAN_POINT('',(0.323839879864834,-1.45,5.40636291838592));
#11698=CARTESIAN_POINT('Origin',(0.388342500643403,-1.45,5.42973764330912));
#11699=CARTESIAN_POINT('',(0.323839879864834,-25.6,5.40636291838592));
#11700=CARTESIAN_POINT('Origin',(0.32383987986483,-25.6,5.40636291838592));
#11701=CARTESIAN_POINT('',(0.102571700659919,-24.9742204952469,6.01695309647415));
#11702=CARTESIAN_POINT('Ctrl Pts',(0.323839879864834,-25.5177583993447,
5.40636291838592));
#11703=CARTESIAN_POINT('Ctrl Pts',(0.219028549258146,-25.2626488200983,
5.69559008720325));
#11704=CARTESIAN_POINT('Ctrl Pts',(0.102571700659918,-24.9742204952469,
6.01695309647415));
#11705=CARTESIAN_POINT('',(0.0485849473241015,-1.45,6.16592969786426));
#11706=CARTESIAN_POINT('',(0.262758800420628,-1.45,5.57491633311402));
#11707=CARTESIAN_POINT('',(0.0485849473241015,-24.7973297985509,6.16592969786426));
#11708=CARTESIAN_POINT('',(0.0485849473241015,-25.6,6.16592969786426));
#11709=CARTESIAN_POINT('',(0.0544449516220336,-24.8,6.14975899911882));
#11710=CARTESIAN_POINT('Ctrl Pts',(0.0544449516220336,-24.8,6.14975899911882));
#11711=CARTESIAN_POINT('Ctrl Pts',(0.0525872256463111,-24.8,6.15488539930176));
#11712=CARTESIAN_POINT('Ctrl Pts',(0.0504523401246611,-24.7990799331332,
6.16077662205031));
#11713=CARTESIAN_POINT('Ctrl Pts',(0.0485849473240972,-24.7973297985509,
6.16592969786426));
#11714=CARTESIAN_POINT('',(0.0726335331541186,-24.8,6.09956755597161));
#11715=CARTESIAN_POINT('',(2.1639142510754,-24.8,0.32867238895565));
#11716=CARTESIAN_POINT('Ctrl Pts',(0.102571700659919,-24.9742204952469,
6.01695309647415));
#11717=CARTESIAN_POINT('Ctrl Pts',(0.101090638543577,-24.9705523531809,
6.0210400916518));
#11718=CARTESIAN_POINT('Ctrl Pts',(0.0996784859442561,-24.9668106449507,
6.02493693081867));
#11719=CARTESIAN_POINT('Ctrl Pts',(0.0906712428922102,-24.9414258167976,
6.04979244397467));
#11720=CARTESIAN_POINT('Ctrl Pts',(0.0833326094274228,-24.9107553390256,
6.07004342416662));
#11721=CARTESIAN_POINT('Ctrl Pts',(0.0755593380898122,-24.8577344474004,
6.09149378882102));
#11722=CARTESIAN_POINT('Ctrl Pts',(0.0730860258216581,-24.8274632571901,
6.09831890115171));
#11723=CARTESIAN_POINT('Ctrl Pts',(0.0726335331541186,-24.8,6.09956755597162));
#11724=CARTESIAN_POINT('Origin',(0.874997633941523,-25.6,6.08574221900363));
#11725=CARTESIAN_POINT('',(0.882351997294363,-24.75,6.13689293966178));
#11726=CARTESIAN_POINT('Ctrl Pts',(0.925593710370049,-24.7973297985509,
6.09625506515552));
#11727=CARTESIAN_POINT('Ctrl Pts',(0.924586521750254,-24.7957489249332,
6.10110244821894));
#11728=CARTESIAN_POINT('Ctrl Pts',(0.922930550950402,-24.7935655256857,
6.10558009202863));
#11729=CARTESIAN_POINT('Ctrl Pts',(0.917873680732836,-24.7873903025405,
6.11529209733552));
#11730=CARTESIAN_POINT('Ctrl Pts',(0.914044308035427,-24.7830334445305,
6.12007632074115));
#11731=CARTESIAN_POINT('Ctrl Pts',(0.9058596767233,-24.7740861180963,6.12753219922417));
#11732=CARTESIAN_POINT('Ctrl Pts',(0.901512181947193,-24.7694793365763,
6.13038016122636));
#11733=CARTESIAN_POINT('Ctrl Pts',(0.892390141159603,-24.7600428618371,
6.13466765611258));
#11734=CARTESIAN_POINT('Ctrl Pts',(0.887558334128882,-24.7551564017776,
6.13611446639932));
#11735=CARTESIAN_POINT('Ctrl Pts',(0.882549377574172,-24.7501953697598,
6.13686426901779));
#11736=CARTESIAN_POINT('Ctrl Pts',(0.882450707874022,-24.7500976847794,
6.13687874722304));
#11737=CARTESIAN_POINT('Ctrl Pts',(0.882351997294363,-24.75,6.13689293966178));
#11738=CARTESIAN_POINT('',(0.829412865141945,-1.45,6.11008378299741));
#11739=CARTESIAN_POINT('Origin',(0.874997633941523,-1.45,6.08574221900363));
#11740=CARTESIAN_POINT('',(0.829412865141945,-24.7973297985509,6.11008378299741));
#11741=CARTESIAN_POINT('',(0.829412865141945,-25.6,6.11008378299741));
#11742=CARTESIAN_POINT('Ctrl Pts',(0.882351997294363,-24.75,6.13689293966178));
#11743=CARTESIAN_POINT('Ctrl Pts',(0.882253286714708,-24.7500976847794,
6.13690713210053));
#11744=CARTESIAN_POINT('Ctrl Pts',(0.88215453484906,-24.7501953697599,6.1369210388312));
#11745=CARTESIAN_POINT('Ctrl Pts',(0.877417253658597,-24.7548795210514,
6.13757418696303));
#11746=CARTESIAN_POINT('Ctrl Pts',(0.872668733068138,-24.7594852399251,
6.13758646808968));
#11747=CARTESIAN_POINT('Ctrl Pts',(0.86326742651607,-24.7684150941715,6.13629072257644));
#11748=CARTESIAN_POINT('Ctrl Pts',(0.858567313117303,-24.7727863701775,
6.13499047463149));
#11749=CARTESIAN_POINT('Ctrl Pts',(0.848655698448407,-24.7817586790013,
6.13058556263153));
#11750=CARTESIAN_POINT('Ctrl Pts',(0.843420978136951,-24.7863368377572,
6.12716801916698));
#11751=CARTESIAN_POINT('Ctrl Pts',(0.835289462656899,-24.7930271447186,
6.11917076473082));
#11752=CARTESIAN_POINT('Ctrl Pts',(0.832135961101176,-24.7954704202418,
6.11510296007858));
#11753=CARTESIAN_POINT('Ctrl Pts',(0.829524316941493,-24.7972541034295,
6.11029164280873));
#11754=CARTESIAN_POINT('Ctrl Pts',(0.829468428079634,-24.7972921330827,
6.11018783644562));
#11755=CARTESIAN_POINT('Ctrl Pts',(0.829412865141945,-24.7973297985509,
6.11008378299741));
#11756=CARTESIAN_POINT('Origin',(-0.388342500643405,-25.6,5.42973764330912));
#11757=CARTESIAN_POINT('',(-0.323839879864836,-25.5177583993447,5.40636291838592));
#11758=CARTESIAN_POINT('',(-0.44886200755042,-25.5177583993447,5.39742115933776));
#11759=CARTESIAN_POINT('Ctrl Pts',(-0.323839879864836,-25.5177583993447,
5.40636291838592));
#11760=CARTESIAN_POINT('Ctrl Pts',(-0.327118571156942,-25.5257386964287,
5.39731536031798));
#11761=CARTESIAN_POINT('Ctrl Pts',(-0.332466642391689,-25.5332253465288,
5.38868786229596));
#11762=CARTESIAN_POINT('Ctrl Pts',(-0.344578119397322,-25.5436056765099,
5.37640845290928));
#11763=CARTESIAN_POINT('Ctrl Pts',(-0.351184133125696,-25.5476998250076,
5.37144175502161));
#11764=CARTESIAN_POINT('Ctrl Pts',(-0.366409732400383,-25.5533136180161,
5.36419445019914));
#11765=CARTESIAN_POINT('Ctrl Pts',(-0.375024334494522,-25.5548387096774,
5.36190759632317));
#11766=CARTESIAN_POINT('Ctrl Pts',(-0.391871884897228,-25.5548387096774,
5.36070263573706));
#11767=CARTESIAN_POINT('Ctrl Pts',(-0.400724256002791,-25.5533136180161,
5.36174022703413));
#11768=CARTESIAN_POINT('Ctrl Pts',(-0.416826279644092,-25.5476998250076,
5.36674693604487));
#11769=CARTESIAN_POINT('Ctrl Pts',(-0.424071888484432,-25.5436056765099,
5.37072294633404));
#11770=CARTESIAN_POINT('Ctrl Pts',(-0.437807630278412,-25.5332253465288,
5.3811537261473));
#11771=CARTESIAN_POINT('Ctrl Pts',(-0.444329086844979,-25.5257386964287,
5.38893229878644));
#11772=CARTESIAN_POINT('Ctrl Pts',(-0.44886200755042,-25.5177583993447,
5.39742115933776));
#11773=CARTESIAN_POINT('',(-0.323839879864836,-1.45,5.40636291838592));
#11774=CARTESIAN_POINT('',(-0.323839879864836,-25.6,5.40636291838592));
#11775=CARTESIAN_POINT('',(-0.44886200755042,-1.45,5.39742115933776));
#11776=CARTESIAN_POINT('Origin',(-0.388342500643405,-1.45,5.42973764330912));
#11777=CARTESIAN_POINT('',(-0.44886200755042,-25.6,5.39742115933776));
#11778=CARTESIAN_POINT('Origin',(-0.448862007550423,-25.6,5.39742115933776));
#11779=CARTESIAN_POINT('',(-0.75477403817928,-24.9742204952469,5.97030666467282));
#11780=CARTESIAN_POINT('Ctrl Pts',(-0.44886200755042,-25.5177583993447,
5.39742115933776));
#11781=CARTESIAN_POINT('Ctrl Pts',(-0.593767827690753,-25.2626488200996,
5.66878820504183));
#11782=CARTESIAN_POINT('Ctrl Pts',(-0.754774038179282,-24.9742204952469,
5.97030666467282));
#11783=CARTESIAN_POINT('',(-0.829412865141946,-1.45,6.11008378299741));
#11784=CARTESIAN_POINT('',(-0.533309021634967,-1.45,5.55556619939522));
#11785=CARTESIAN_POINT('',(-0.829412865141946,-24.7973297985509,6.11008378299741));
#11786=CARTESIAN_POINT('',(-0.829412865141946,-25.6,6.11008378299741));
#11787=CARTESIAN_POINT('',(-0.821311176861615,-24.8,6.09491164421292));
#11788=CARTESIAN_POINT('Ctrl Pts',(-0.821311176861615,-24.8,6.09491164421291));
#11789=CARTESIAN_POINT('Ctrl Pts',(-0.823879556678485,-24.8,6.09972148306186));
#11790=CARTESIAN_POINT('Ctrl Pts',(-0.826831120556467,-24.7990799331332,
6.10524891576953));
#11791=CARTESIAN_POINT('Ctrl Pts',(-0.829412865141951,-24.7973297985509,
6.11008378299741));
#11792=CARTESIAN_POINT('',(-0.796164741749561,-24.8,6.04781958262603));
#11793=CARTESIAN_POINT('',(2.01033882992665,-24.8,0.792043228949317));
#11794=CARTESIAN_POINT('Ctrl Pts',(-0.75477403817928,-24.9742204952469,
5.97030666467282));
#11795=CARTESIAN_POINT('Ctrl Pts',(-0.756821665276523,-24.9705523531809,
5.97414128301696));
#11796=CARTESIAN_POINT('Ctrl Pts',(-0.758774022234349,-24.9668106449507,
5.97779748771109));
#11797=CARTESIAN_POINT('Ctrl Pts',(-0.771226892874493,-24.9414258167976,
6.00111814324362));
#11798=CARTESIAN_POINT('Ctrl Pts',(-0.781372844602937,-24.9107553390256,
6.02011860122203));
#11799=CARTESIAN_POINT('Ctrl Pts',(-0.792119700423157,-24.8577344474004,
6.04024438023985));
#11800=CARTESIAN_POINT('Ctrl Pts',(-0.795539152696182,-24.8274632571901,
6.04664803373257));
#11801=CARTESIAN_POINT('Ctrl Pts',(-0.796164741749561,-24.8,6.04781958262603));
#11802=CARTESIAN_POINT('Origin',(-4.16333634234434E-16,-25.6,6.14832328489373));
#11803=CARTESIAN_POINT('',(1.241515725235E-14,-24.75,6.2));
#11804=CARTESIAN_POINT('Ctrl Pts',(0.0485849473241018,-24.7973297985509,
6.16592969786426));
#11805=CARTESIAN_POINT('Ctrl Pts',(0.0467945319214386,-24.7956518077651,
6.17087035432689));
#11806=CARTESIAN_POINT('Ctrl Pts',(0.0443421649680872,-24.7932972530972,
6.17528990576961));
#11807=CARTESIAN_POINT('Ctrl Pts',(0.0376346237212985,-24.7868073603188,
6.18432114504812));
#11808=CARTESIAN_POINT('Ctrl Pts',(0.0330530211499598,-24.7823412321612,
6.18846723469119));
#11809=CARTESIAN_POINT('Ctrl Pts',(0.0238833939992113,-24.7733846170509,
6.19443818892938));
#11810=CARTESIAN_POINT('Ctrl Pts',(0.0192981316279368,-24.7688981145313,
6.19650696584937));
#11811=CARTESIAN_POINT('Ctrl Pts',(0.00993396922732548,-24.7597306855197,
6.19927293886601));
#11812=CARTESIAN_POINT('Ctrl Pts',(0.00510310802012849,-24.7549986730582,
6.1999718371335));
#11813=CARTESIAN_POINT('Ctrl Pts',(0.000195757389369473,-24.7501917512572,
6.19999972191867));
#11814=CARTESIAN_POINT('Ctrl Pts',(9.78785976751181E-5,-24.7500958755335,
6.2));
#11815=CARTESIAN_POINT('Ctrl Pts',(1.241515725235E-14,-24.75,6.2));
#11816=CARTESIAN_POINT('',(-0.0485849473241025,-1.45,6.16592969786426));
#11817=CARTESIAN_POINT('Origin',(-4.16333634234434E-16,-1.45,6.14832328489373));
#11818=CARTESIAN_POINT('',(-0.0485849473241025,-24.7973297985509,6.16592969786426));
#11819=CARTESIAN_POINT('',(-0.0485849473241025,-25.6,6.16592969786426));
#11820=CARTESIAN_POINT('Ctrl Pts',(1.241515725235E-14,-24.75,6.2));
#11821=CARTESIAN_POINT('Ctrl Pts',(-9.78785976567214E-5,-24.7500958755335,
6.2));
#11822=CARTESIAN_POINT('Ctrl Pts',(-0.000195757389363873,-24.7501917512572,
6.19999972191867));
#11823=CARTESIAN_POINT('Ctrl Pts',(-0.00513864740870727,-24.7550334851339,
6.19997163518986));
#11824=CARTESIAN_POINT('Ctrl Pts',(-0.0100055430016398,-24.7598007961651,
6.19926257222541));
#11825=CARTESIAN_POINT('Ctrl Pts',(-0.0194350491845187,-24.7690321144838,
6.1964556153137));
#11826=CARTESIAN_POINT('Ctrl Pts',(-0.0240508410628119,-24.7735484107597,
6.19435593390577));
#11827=CARTESIAN_POINT('Ctrl Pts',(-0.0332178604895723,-24.7825019679161,
6.18832882501522));
#11828=CARTESIAN_POINT('Ctrl Pts',(-0.0377712975523022,-24.7869402463015,
6.18417485594533));
#11829=CARTESIAN_POINT('Ctrl Pts',(-0.0444047103496125,-24.7933572774341,
6.17517702431408));
#11830=CARTESIAN_POINT('Ctrl Pts',(-0.0468175786003481,-24.795673407286,
6.17080675695004));
#11831=CARTESIAN_POINT('Ctrl Pts',(-0.0485849473241024,-24.7973297985509,
6.16592969786426));
#11832=CARTESIAN_POINT('Origin',(-1.15712196850441,-25.6,5.3192038429617));
#11833=CARTESIAN_POINT('',(-1.08994932120314,-25.5177583993447,5.30524671907895));
#11834=CARTESIAN_POINT('',(-1.21242635890309,-25.5177583993447,5.2786034703628));
#11835=CARTESIAN_POINT('Ctrl Pts',(-1.08994932120314,-25.5177583993447,
5.30524671907895));
#11836=CARTESIAN_POINT('Ctrl Pts',(-1.09190703838217,-25.5257386964287,
5.29582464568566));
#11837=CARTESIAN_POINT('Ctrl Pts',(-1.09597285297732,-25.5332253465288,
5.28652385326083));
#11838=CARTESIAN_POINT('Ctrl Pts',(-1.10621351044938,-25.5436056765099,
5.27264578766496));
#11839=CARTESIAN_POINT('Ctrl Pts',(-1.11204544967645,-25.5476998250076,
5.26678950982502));
#11840=CARTESIAN_POINT('Ctrl Pts',(-1.1260846752903,-25.553313618016,5.25744914341749));
#11841=CARTESIAN_POINT('Ctrl Pts',(-1.13428613991683,-25.5548387096774,
5.25395958071279));
#11842=CARTESIAN_POINT('Ctrl Pts',(-1.15079072277767,-25.5548387096774,
5.25036922847717));
#11843=CARTESIAN_POINT('Ctrl Pts',(-1.15970065414707,-25.553313618016,5.2501364348287));
#11844=CARTESIAN_POINT('Ctrl Pts',(-1.17635131138805,-25.5476998250076,
5.25280062587041));
#11845=CARTESIAN_POINT('Ctrl Pts',(-1.18408901563898,-25.5436056765099,
5.25570500845747));
#11846=CARTESIAN_POINT('Ctrl Pts',(-1.19916940212899,-25.5332253465288,
5.26407481810019));
#11847=CARTESIAN_POINT('Ctrl Pts',(-1.20673148597801,-25.5257386964287,
5.27084611604907));
#11848=CARTESIAN_POINT('Ctrl Pts',(-1.21242635890309,-25.5177583993447,
5.2786034703628));
#11849=CARTESIAN_POINT('',(-1.08994932120314,-1.45,5.30524671907895));
#11850=CARTESIAN_POINT('',(-1.08994932120314,-25.6,5.30524671907895));
#11851=CARTESIAN_POINT('',(-1.21242635890309,-1.45,5.2786034703628));
#11852=CARTESIAN_POINT('Origin',(-1.15712196850441,-1.45,5.3192038429617));
#11853=CARTESIAN_POINT('',(-1.21242635890309,-25.6,5.2786034703628));
#11854=CARTESIAN_POINT('Origin',(-1.21242635890309,-25.6,5.2786034703628));
#11855=CARTESIAN_POINT('',(-1.59675475418974,-24.9742204952469,5.80212200612143));
#11856=CARTESIAN_POINT('Ctrl Pts',(-1.21242635890309,-25.5177583993447,
5.2786034703628));
#11857=CARTESIAN_POINT('Ctrl Pts',(-1.39447680395347,-25.2626488200995,
5.52658614246254));
#11858=CARTESIAN_POINT('Ctrl Pts',(-1.59675475418974,-24.9742204952469,
5.80212200612144));
#11859=CARTESIAN_POINT('',(-1.6905262235029,-1.45,5.92985418233534));
#11860=CARTESIAN_POINT('',(-1.31852020994629,-1.45,5.42312075878669));
#11861=CARTESIAN_POINT('',(-1.6905262235029,-24.7973297985509,5.92985418233534));
#11862=CARTESIAN_POINT('',(-1.6905262235029,-25.6,5.92985418233534));
#11863=CARTESIAN_POINT('',(-1.68034777825021,-24.8,5.91598946450461));
#11864=CARTESIAN_POINT('Ctrl Pts',(-1.68034777825021,-24.8,5.91598946450461));
#11865=CARTESIAN_POINT('Ctrl Pts',(-1.68357452710175,-24.8,5.92038482757103));
#11866=CARTESIAN_POINT('Ctrl Pts',(-1.68728268400712,-24.7990799331332,
5.92543594764769));
#11867=CARTESIAN_POINT('Ctrl Pts',(-1.6905262235029,-24.7973297985509,5.92985418233534));
#11868=CARTESIAN_POINT('',(-1.64875539846074,-24.8,5.87295544304965));
#11869=CARTESIAN_POINT('',(1.73770820762671,-24.8,1.2600345915041));
#11870=CARTESIAN_POINT('Ctrl Pts',(-1.59675475418974,-24.9742204952469,
5.80212200612143));
#11871=CARTESIAN_POINT('Ctrl Pts',(-1.59932726248505,-24.9705523531809,
5.8056261858607));
#11872=CARTESIAN_POINT('Ctrl Pts',(-1.60178007944385,-24.9668106449507,
5.80896732629816));
#11873=CARTESIAN_POINT('Ctrl Pts',(-1.61742507313697,-24.9414258167976,
5.83027838291178));
#11874=CARTESIAN_POINT('Ctrl Pts',(-1.63017180081039,-24.9107553390256,
5.84764152414501));
#11875=CARTESIAN_POINT('Ctrl Pts',(-1.64367346612009,-24.8577344474004,
5.86603301470341));
#11876=CARTESIAN_POINT('Ctrl Pts',(-1.6479694482106,-24.8274632571901,5.87188484943966));
#11877=CARTESIAN_POINT('Ctrl Pts',(-1.64875539846074,-24.8,5.87295544304965));
#11878=CARTESIAN_POINT('Origin',(-0.874997633941525,-25.6,6.08574221900363));
#11879=CARTESIAN_POINT('',(-0.882351997294352,-24.75,6.13689293966179));
#11880=CARTESIAN_POINT('Ctrl Pts',(-0.829412865141946,-24.7973297985509,
6.11008378299741));
#11881=CARTESIAN_POINT('Ctrl Pts',(-0.82989834884,-24.7970006948069,6.11099295473911));
#11882=CARTESIAN_POINT('Ctrl Pts',(-0.8304082369809,-24.7966441116062,6.11188235857297));
#11883=CARTESIAN_POINT('Ctrl Pts',(-0.833669724023258,-24.7943023080235,
6.11720248998686));
#11884=CARTESIAN_POINT('Ctrl Pts',(-0.836931171569946,-24.7917119326212,
6.12101192512396));
#11885=CARTESIAN_POINT('Ctrl Pts',(-0.845221113689639,-24.7847806264925,
6.12845963056978));
#11886=CARTESIAN_POINT('Ctrl Pts',(-0.850489827403274,-24.7801281424789,
6.13160223767985));
#11887=CARTESIAN_POINT('Ctrl Pts',(-0.864121550528161,-24.7676966850363,
6.1370405840115));
#11888=CARTESIAN_POINT('Ctrl Pts',(-0.873106816305747,-24.7591387902104,
6.13814822813301));
#11889=CARTESIAN_POINT('Ctrl Pts',(-0.882078238797443,-24.7502708354685,
6.1369317397261));
#11890=CARTESIAN_POINT('Ctrl Pts',(-0.882215157792053,-24.7501354174663,
6.13691261421198));
#11891=CARTESIAN_POINT('Ctrl Pts',(-0.882351997294352,-24.75,6.13689293966179));
#11892=CARTESIAN_POINT('',(-0.92559371037005,-1.45,6.09625506515552));
#11893=CARTESIAN_POINT('Origin',(-0.874997633941525,-1.45,6.08574221900363));
#11894=CARTESIAN_POINT('',(-0.92559371037005,-24.7973297985509,6.09625506515552));
#11895=CARTESIAN_POINT('',(-0.92559371037005,-25.6,6.09625506515552));
#11896=CARTESIAN_POINT('Ctrl Pts',(-0.882351997294352,-24.75,6.13689293966179));
#11897=CARTESIAN_POINT('Ctrl Pts',(-0.882488836796634,-24.7501354174663,
6.1368732651116));
#11898=CARTESIAN_POINT('Ctrl Pts',(-0.882625597889912,-24.7502708354686,
6.13685304136958));
#11899=CARTESIAN_POINT('Ctrl Pts',(-0.889609393138926,-24.7571900367459,
6.1357916472375));
#11900=CARTESIAN_POINT('Ctrl Pts',(-0.896322095045801,-24.7640372291566,
6.13336317724362));
#11901=CARTESIAN_POINT('Ctrl Pts',(-0.90764988165443,-24.7759943260532,
6.1262663738399));
#11902=CARTESIAN_POINT('Ctrl Pts',(-0.912522409901719,-24.7813123762353,
6.12191555059451));
#11903=CARTESIAN_POINT('Ctrl Pts',(-0.919495833255413,-24.7893328023269,
6.11247824548941));
#11904=CARTESIAN_POINT('Ctrl Pts',(-0.922010378006809,-24.7923772194335,
6.10788188844002));
#11905=CARTESIAN_POINT('Ctrl Pts',(-0.924528923081807,-24.7957463298696,
6.10064103247055));
#11906=CARTESIAN_POINT('Ctrl Pts',(-0.925130934428293,-24.796603429862,
6.09848230662564));
#11907=CARTESIAN_POINT('Ctrl Pts',(-0.92559371037005,-24.7973297985509,
6.09625506515552));
#11908=CARTESIAN_POINT('Origin',(-1.90234576995087,-25.6,5.10038639168878));
#11909=CARTESIAN_POINT('',(-1.83387053751603,-25.5177583993447,5.09613099563972));
#11910=CARTESIAN_POINT('',(-1.95130920593739,-25.5177583993447,5.05232863696664));
#11911=CARTESIAN_POINT('Ctrl Pts',(-1.83387053751603,-25.5177583993447,
5.09613099563972));
#11912=CARTESIAN_POINT('Ctrl Pts',(-1.83446742710581,-25.5257386964287,
5.08652621316434));
#11913=CARTESIAN_POINT('Ctrl Pts',(-1.83716821680105,-25.5332253465288,
5.0767414636492));
#11914=CARTESIAN_POINT('Ctrl Pts',(-1.84532958448503,-25.5436056765099,
5.06154725923863));
#11915=CARTESIAN_POINT('Ctrl Pts',(-1.85026872774606,-25.5476998250076,
5.05492061837512));
#11916=CARTESIAN_POINT('Ctrl Pts',(-1.86283578155135,-25.553313618016,5.04367733330721));
#11917=CARTESIAN_POINT('Ctrl Pts',(-1.87045715054156,-25.5548387096774,
5.03905609920738));
#11918=CARTESIAN_POINT('Ctrl Pts',(-1.88628278014875,-25.5548387096774,
5.03315344454006));
#11919=CARTESIAN_POINT('Ctrl Pts',(-1.89506889127345,-25.553313618016,5.0316550049534));
#11920=CARTESIAN_POINT('Ctrl Pts',(-1.91192922274921,-25.5476998250076,
5.03192244277935));
#11921=CARTESIAN_POINT('Ctrl Pts',(-1.92000150506587,-25.5436056765099,
5.03369607281037));
#11922=CARTESIAN_POINT('Ctrl Pts',(-1.93611954307121,-25.5332253465288,
5.03983452709478));
#11923=CARTESIAN_POINT('Ctrl Pts',(-1.94456831198277,-25.5257386964287,
5.04546070625396));
#11924=CARTESIAN_POINT('Ctrl Pts',(-1.95130920593739,-25.5177583993447,
5.05232863696664));
#11925=CARTESIAN_POINT('',(-1.83387053751603,-1.45,5.09613099563972));
#11926=CARTESIAN_POINT('',(-1.83387053751603,-25.6,5.09613099563972));
#11927=CARTESIAN_POINT('',(-1.95130920593739,-1.45,5.05232863696664));
#11928=CARTESIAN_POINT('Origin',(-1.90234576995087,-1.45,5.10038639168878));
#11929=CARTESIAN_POINT('',(-1.95130920593739,-25.6,5.05232863696664));
#11930=CARTESIAN_POINT('Origin',(-1.95130920593739,-25.6,5.05232863696664));
#11931=CARTESIAN_POINT('',(-2.40623014806536,-24.9742204952469,5.51582287546359));
#11932=CARTESIAN_POINT('Ctrl Pts',(-1.95130920593739,-25.5177583993447,
5.05232863696664));
#11933=CARTESIAN_POINT('Ctrl Pts',(-2.16679825382716,-25.2626488200989,
5.27187872338146));
#11934=CARTESIAN_POINT('Ctrl Pts',(-2.40623014806536,-24.9742204952469,
5.5158228754636));
#11935=CARTESIAN_POINT('',(-2.51722534302838,-1.45,5.62890985080829));
#11936=CARTESIAN_POINT('',(-2.07689012908141,-1.45,5.1802762185181));
#11937=CARTESIAN_POINT('',(-2.51722534302838,-24.7973297985509,5.62890985080829));
#11938=CARTESIAN_POINT('',(-2.51722534302838,-25.6,5.62890985080829));
#11939=CARTESIAN_POINT('',(-2.50517734459648,-24.8,5.61663479960381));
#11940=CARTESIAN_POINT('Ctrl Pts',(-2.50517734459648,-24.8,5.61663479960381));
#11941=CARTESIAN_POINT('Ctrl Pts',(-2.50899677518125,-24.8,5.62052620997085));
#11942=CARTESIAN_POINT('Ctrl Pts',(-2.51338603773285,-24.7990799331332,
5.62499819117796));
#11943=CARTESIAN_POINT('Ctrl Pts',(-2.51722534302838,-24.7973297985509,
5.62890985080828));
#11944=CARTESIAN_POINT('',(-2.4677821498772,-24.8,5.57853486685774));
#11945=CARTESIAN_POINT('',(1.34000320754204,-24.8,1.69898918944545));
#11946=CARTESIAN_POINT('Ctrl Pts',(-2.40623014806536,-24.9742204952469,
5.51582287546359));
#11947=CARTESIAN_POINT('Ctrl Pts',(-2.40927516870835,-24.9705523531809,
5.51892528160372));
#11948=CARTESIAN_POINT('Ctrl Pts',(-2.41217851338819,-24.9668106449507,
5.52188334180025));
#11949=CARTESIAN_POINT('Ctrl Pts',(-2.43069714317913,-24.9414258167976,
5.54075096783833));
#11950=CARTESIAN_POINT('Ctrl Pts',(-2.44578516018062,-24.9107553390256,
5.55612332884203));
#11951=CARTESIAN_POINT('Ctrl Pts',(-2.46176678000969,-24.8577344474004,
5.57240613322992));
#11952=CARTESIAN_POINT('Ctrl Pts',(-2.4668518381109,-24.8274632571901,5.57758702272976));
#11953=CARTESIAN_POINT('Ctrl Pts',(-2.4677821498772,-24.8,5.57853486685774));
#11954=CARTESIAN_POINT('Origin',(-1.73218283934081,-25.6,5.89927299136594));
#11955=CARTESIAN_POINT('',(-1.74674185241686,-24.75,5.94885643640989));
#11956=CARTESIAN_POINT('Ctrl Pts',(-1.6905262235029,-24.7973297985509,5.92985418233534));
#11957=CARTESIAN_POINT('Ctrl Pts',(-1.69133210396685,-24.7968949651626,
5.93095192417711));
#11958=CARTESIAN_POINT('Ctrl Pts',(-1.69217425508661,-24.7964126933739,
5.9320080920523));
#11959=CARTESIAN_POINT('Ctrl Pts',(-1.69651274091446,-24.7938038195443,
5.93703898544518));
#11960=CARTESIAN_POINT('Ctrl Pts',(-1.70041198206234,-24.7910815604358,
5.9403126638709));
#11961=CARTESIAN_POINT('Ctrl Pts',(-1.70998273261392,-24.7838290912185,
5.94639228470935));
#11962=CARTESIAN_POINT('Ctrl Pts',(-1.71582481555322,-24.7789763306807,
5.94864497705693));
#11963=CARTESIAN_POINT('Ctrl Pts',(-1.73001507647108,-24.7664832767888,
5.9516168463485));
#11964=CARTESIAN_POINT('Ctrl Pts',(-1.73849668224197,-24.758397600814,5.95120571049955));
#11965=CARTESIAN_POINT('Ctrl Pts',(-1.74646958772363,-24.7502777840079,
5.9489357723079));
#11966=CARTESIAN_POINT('Ctrl Pts',(-1.74660580256195,-24.7501388917147,
5.94889638425165));
#11967=CARTESIAN_POINT('Ctrl Pts',(-1.74674185241686,-24.75,5.94885643640989));
#11968=CARTESIAN_POINT('',(-1.78376005466471,-1.45,5.9024782594681));
#11969=CARTESIAN_POINT('Origin',(-1.73218283934081,-1.45,5.89927299136594));
#11970=CARTESIAN_POINT('',(-1.78376005466471,-24.7973297985509,5.9024782594681));
#11971=CARTESIAN_POINT('',(-1.78376005466471,-25.6,5.9024782594681));
#11972=CARTESIAN_POINT('Ctrl Pts',(-1.74674185241686,-24.75,5.94885643640989));
#11973=CARTESIAN_POINT('Ctrl Pts',(-1.74687790227182,-24.7501388917147,
5.94881648856811));
#11974=CARTESIAN_POINT('Ctrl Pts',(-1.74701378827658,-24.750277784008,5.94877598060808));
#11975=CARTESIAN_POINT('Ctrl Pts',(-1.75494824442051,-24.7583976008132,
5.94637509599371));
#11976=CARTESIAN_POINT('Ctrl Pts',(-1.76230570205987,-24.7664832767888,
5.94213546320208));
#11977=CARTESIAN_POINT('Ctrl Pts',(-1.77263659534563,-24.7789763306807,
5.93196353339889));
#11978=CARTESIAN_POINT('Ctrl Pts',(-1.77633337082514,-24.7838290912185,
5.92690997950716));
#11979=CARTESIAN_POINT('Ctrl Pts',(-1.78109790735858,-24.7910815604358,
5.9166211385967));
#11980=CARTESIAN_POINT('Ctrl Pts',(-1.78260827356943,-24.7938038195443,
5.91175905613404));
#11981=CARTESIAN_POINT('Ctrl Pts',(-1.78353813378279,-24.7964126933739,
5.90518123676949));
#11982=CARTESIAN_POINT('Ctrl Pts',(-1.78367558892406,-24.7968949651626,
5.90383743054342));
#11983=CARTESIAN_POINT('Ctrl Pts',(-1.78376005466471,-24.7973297985509,
5.9024782594681));
#11984=CARTESIAN_POINT('Origin',(-2.60884329743331,-25.6,4.77773978178085));
#11985=CARTESIAN_POINT('',(-2.54045943813102,-25.5177583993447,4.78327274115748));
#11986=CARTESIAN_POINT('',(-2.65046902464988,-25.5177583993447,4.7232029622345));
#11987=CARTESIAN_POINT('Ctrl Pts',(-2.54045943813102,-25.5177583993447,
4.78327274115748));
#11988=CARTESIAN_POINT('Ctrl Pts',(-2.53968334918078,-25.5257386964287,
4.77368077527332));
#11989=CARTESIAN_POINT('Ctrl Pts',(-2.54096413368635,-25.5332253465288,
4.76361125795111));
#11990=CARTESIAN_POINT('Ctrl Pts',(-2.54688006967165,-25.5436056765099,
4.74741022491117));
#11991=CARTESIAN_POINT('Ctrl Pts',(-2.55082587025315,-25.5476998250076,
4.74014812032242));
#11992=CARTESIAN_POINT('Ctrl Pts',(-2.5616649232748,-25.553313618016,4.72723079745515));
#11993=CARTESIAN_POINT('Ctrl Pts',(-2.56855104753425,-25.5548387096774,
4.72157196695993));
#11994=CARTESIAN_POINT('Ctrl Pts',(-2.58337555970636,-25.5548387096774,
4.71347717088807));
#11995=CARTESIAN_POINT('Ctrl Pts',(-2.59185899070089,-25.5533136180161,
4.71074358927207));
#11996=CARTESIAN_POINT('Ctrl Pts',(-2.60858576868377,-25.5476998250076,
4.70860882961937));
#11997=CARTESIAN_POINT('Ctrl Pts',(-2.61682830067674,-25.5436056765099,
4.70921560110164));
#11998=CARTESIAN_POINT('Ctrl Pts',(-2.63365587342421,-25.5332253465288,
4.71299773880034));
#11999=CARTESIAN_POINT('Ctrl Pts',(-2.6428193348275,-25.5257386964287,4.7173642663867));
#12000=CARTESIAN_POINT('Ctrl Pts',(-2.65046902464988,-25.5177583993447,
4.7232029622345));
#12001=CARTESIAN_POINT('',(-2.54045943813102,-1.45,4.78327274115748));
#12002=CARTESIAN_POINT('',(-2.54045943813102,-25.6,4.78327274115748));
#12003=CARTESIAN_POINT('',(-2.65046902464988,-1.45,4.7232029622345));
#12004=CARTESIAN_POINT('Origin',(-2.60884329743331,-1.45,4.77773978178085));
#12005=CARTESIAN_POINT('',(-2.65046902464988,-25.6,4.7232029622345));
#12006=CARTESIAN_POINT('Origin',(-2.65046902464988,-25.6,4.72320296223449));
#12007=CARTESIAN_POINT('',(-3.16672163512111,-24.9742204952469,5.11723749738098));
#12008=CARTESIAN_POINT('Ctrl Pts',(-2.65046902464988,-25.5177583993447,
4.7232029622345));
#12009=CARTESIAN_POINT('Ctrl Pts',(-2.89500993978201,-25.2626488200996,
4.90985105633407));
#12010=CARTESIAN_POINT('Ctrl Pts',(-3.16672163512112,-24.9742204952469,
5.11723749738099));
#12011=CARTESIAN_POINT('',(-3.29268101364826,-1.45,5.21337714715435));
#12012=CARTESIAN_POINT('',(-2.79298055444499,-1.45,4.83197619312348));
#12013=CARTESIAN_POINT('',(-3.29268101364826,-24.7973297985509,5.21337714715435));
#12014=CARTESIAN_POINT('',(-3.29268101364826,-25.6,5.21337714715435));
#12015=CARTESIAN_POINT('',(-3.27900872454165,-24.8,5.20294164722032));
#12016=CARTESIAN_POINT('Ctrl Pts',(-3.27900872454165,-24.8,5.20294164722032));
#12017=CARTESIAN_POINT('Ctrl Pts',(-3.28334308426727,-24.8,5.20624988699481));
#12018=CARTESIAN_POINT('Ctrl Pts',(-3.28832409973714,-24.7990799331332,
5.21005169269112));
#12019=CARTESIAN_POINT('Ctrl Pts',(-3.29268101364826,-24.7973297985509,
5.21337714715434));
#12020=CARTESIAN_POINT('',(-3.23657197321822,-24.8,5.17055140794271));
#12021=CARTESIAN_POINT('',(0.821017738849618,-24.8,2.07355888222856));
#12022=CARTESIAN_POINT('Ctrl Pts',(-3.16672163512111,-24.9742204952469,
5.11723749738098));
#12023=CARTESIAN_POINT('Ctrl Pts',(-3.17017718027261,-24.9705523531809,
5.11987497387956));
#12024=CARTESIAN_POINT('Ctrl Pts',(-3.17347194894835,-24.9668106449507,
5.12238973625989));
#12025=CARTESIAN_POINT('Ctrl Pts',(-3.19448722893789,-24.9414258167976,
5.13842984126603));
#12026=CARTESIAN_POINT('Ctrl Pts',(-3.21160938675155,-24.9107553390256,
5.1514984851004));
#12027=CARTESIAN_POINT('Ctrl Pts',(-3.22974562140745,-24.8577344474004,
5.16534113237616));
#12028=CARTESIAN_POINT('Ctrl Pts',(-3.23551623840052,-24.8274632571901,
5.16974560866984));
#12029=CARTESIAN_POINT('Ctrl Pts',(-3.23657197321822,-24.8,5.17055140794271));
#12030=CARTESIAN_POINT('Origin',(-2.55410579733393,-25.6,5.59271157772253));
#12031=CARTESIAN_POINT('',(-2.5755730806117,-24.75,5.63971837119801));
#12032=CARTESIAN_POINT('Ctrl Pts',(-2.51722534302838,-24.7973297985509,
5.62890985080829));
#12033=CARTESIAN_POINT('Ctrl Pts',(-2.51817481619871,-24.796896984356,5.62987721745006));
#12034=CARTESIAN_POINT('Ctrl Pts',(-2.51915401671815,-24.7964171620423,
5.63079872131455));
#12035=CARTESIAN_POINT('Ctrl Pts',(-2.52416876518641,-24.7938073506588,
5.63516801912641));
#12036=CARTESIAN_POINT('Ctrl Pts',(-2.52850552665188,-24.7910777513301,
5.63786000394677));
#12037=CARTESIAN_POINT('Ctrl Pts',(-2.53887074665755,-24.7838045544534,
5.64252292459024));
#12038=CARTESIAN_POINT('Ctrl Pts',(-2.54498962464597,-24.7789370017925,
5.64391930035797));
#12039=CARTESIAN_POINT('Ctrl Pts',(-2.55944729026323,-24.7664462149355,
5.64482306244396));
#12040=CARTESIAN_POINT('Ctrl Pts',(-2.56775895986241,-24.7583833415865,
5.64321010484886));
#12041=CARTESIAN_POINT('Ctrl Pts',(-2.57531020738511,-24.7502828038737,
5.6398377564122));
#12042=CARTESIAN_POINT('Ctrl Pts',(-2.57544176991871,-24.7501414016316,
5.63977833878217));
#12043=CARTESIAN_POINT('Ctrl Pts',(-2.5755730806117,-24.75,5.63971837119801));
#12044=CARTESIAN_POINT('',(-2.60561418818562,-1.45,5.58854401775961));
#12045=CARTESIAN_POINT('Origin',(-2.55410579733393,-1.45,5.59271157772253));
#12046=CARTESIAN_POINT('',(-2.60561418818562,-24.7973297985509,5.58854401775961));
#12047=CARTESIAN_POINT('',(-2.60561418818562,-25.6,5.58854401775961));
#12048=CARTESIAN_POINT('Ctrl Pts',(-2.5755730806117,-24.75,5.63971837119801));
#12049=CARTESIAN_POINT('Ctrl Pts',(-2.57570439130466,-24.7501414016316,
5.63965840361387));
#12050=CARTESIAN_POINT('Ctrl Pts',(-2.57583545129064,-24.7502828038737,
5.63959788555788));
#12051=CARTESIAN_POINT('Ctrl Pts',(-2.58332911768084,-24.7583833415867,
5.63609945202923));
#12052=CARTESIAN_POINT('Ctrl Pts',(-2.58999109575106,-24.7664462149355,
5.63087417386193));
#12053=CARTESIAN_POINT('Ctrl Pts',(-2.59877583545652,-24.7789370017925,
5.61935596092258));
#12054=CARTESIAN_POINT('Ctrl Pts',(-2.60172753799484,-24.7838045544534,
5.61381718982718));
#12055=CARTESIAN_POINT('Ctrl Pts',(-2.6049913132837,-24.7910777513301,5.60293011558491));
#12056=CARTESIAN_POINT('Ctrl Pts',(-2.60579682169777,-24.7938073506588,
5.59788973479807));
#12057=CARTESIAN_POINT('Ctrl Pts',(-2.60577868859871,-24.7964171620423,
5.59123855920578));
#12058=CARTESIAN_POINT('Ctrl Pts',(-2.60572350241619,-24.796896984356,5.58989507213298));
#12059=CARTESIAN_POINT('Ctrl Pts',(-2.60561418818562,-24.7973297985509,
5.58854401775961));
#12060=CARTESIAN_POINT('Origin',(-3.26223229866283,-25.6,4.35783216777964));
#12061=CARTESIAN_POINT('',(-3.19533191066571,-25.5177583993447,4.3730408474848));
#12062=CARTESIAN_POINT('',(-3.29567293734199,-25.5177583993447,4.29792649578384));
#12063=CARTESIAN_POINT('Ctrl Pts',(-3.19533191066571,-25.5177583993447,
4.3730408474848));
#12064=CARTESIAN_POINT('Ctrl Pts',(-3.19319864210843,-25.5257386964287,
4.36365696295631));
#12065=CARTESIAN_POINT('Ctrl Pts',(-3.19303334834527,-25.5332253465288,
4.35350766416162));
#12066=CARTESIAN_POINT('Ctrl Pts',(-3.19658342123538,-25.5436056765099,
4.33662960880508));
#12067=CARTESIAN_POINT('Ctrl Pts',(-3.19945555401626,-25.5476998250076,
4.32887987599834));
#12068=CARTESIAN_POINT('Ctrl Pts',(-3.20834595439199,-25.553313618016,4.31455147477481));
#12069=CARTESIAN_POINT('Ctrl Pts',(-3.21435665228871,-25.5548387096774,
4.30797024535435));
#12070=CARTESIAN_POINT('Ctrl Pts',(-3.22787826270827,-25.5548387096774,
4.29784809458252));
#12071=CARTESIAN_POINT('Ctrl Pts',(-3.23588631538179,-25.553313618016,4.29393501877588));
#12072=CARTESIAN_POINT('Ctrl Pts',(-3.25213903090809,-25.5476998250076,
4.28944151919491));
#12073=CARTESIAN_POINT('Ctrl Pts',(-3.26038401839549,-25.5436056765099,
4.28886908001084));
#12074=CARTESIAN_POINT('Ctrl Pts',(-3.27757856503067,-25.5332253465288,
4.29021790770707));
#12075=CARTESIAN_POINT('Ctrl Pts',(-3.28727017727677,-25.5257386964287,
4.29323589381098));
#12076=CARTESIAN_POINT('Ctrl Pts',(-3.29567293734199,-25.5177583993447,
4.29792649578384));
#12077=CARTESIAN_POINT('',(-3.19533191066571,-1.45,4.3730408474848));
#12078=CARTESIAN_POINT('',(-3.19533191066571,-25.6,4.3730408474848));
#12079=CARTESIAN_POINT('',(-3.29567293734199,-1.45,4.29792649578384));
#12080=CARTESIAN_POINT('Origin',(-3.26223229866283,-1.45,4.35783216777964));
#12081=CARTESIAN_POINT('',(-3.29567293734199,-25.6,4.29792649578384));
#12082=CARTESIAN_POINT('Origin',(-3.295672937342,-25.6,4.29792649578384));
#12083=CARTESIAN_POINT('',(-3.86274780175689,-24.9742204952469,4.61447992074604));
#12084=CARTESIAN_POINT('Ctrl Pts',(-3.29567293734199,-25.5177583993447,
4.29792649578384));
#12085=CARTESIAN_POINT('Ctrl Pts',(-3.56428757188327,-25.2626488200991,
4.44787298062186));
#12086=CARTESIAN_POINT('Ctrl Pts',(-3.8627478017569,-24.9742204952469,4.61447992074605));
#12087=CARTESIAN_POINT('',(-4.00110719413821,-1.45,4.69171511892255));
#12088=CARTESIAN_POINT('',(-3.45221395001088,-1.45,4.38531106670556));
#12089=CARTESIAN_POINT('',(-4.00110719413821,-24.7973297985509,4.69171511892255));
#12090=CARTESIAN_POINT('',(-4.00110719413821,-25.6,4.69171511892255));
#12091=CARTESIAN_POINT('',(-3.98608894273548,-24.8,4.68333160694414));
#12092=CARTESIAN_POINT('Ctrl Pts',(-3.98608894273548,-24.8,4.68333160694414));
#12093=CARTESIAN_POINT('Ctrl Pts',(-3.9908499965372,-24.8,4.68598932990443));
#12094=CARTESIAN_POINT('Ctrl Pts',(-3.99632136581443,-24.7990799331332,
4.68904356628948));
#12095=CARTESIAN_POINT('Ctrl Pts',(-4.00110719413821,-24.7973297985509,
4.69171511892254));
#12096=CARTESIAN_POINT('',(-3.93947452468735,-24.8,4.65731043300094));
#12097=CARTESIAN_POINT('',(0.194630103581762,-24.8,2.34956402886262));
#12098=CARTESIAN_POINT('Ctrl Pts',(-3.86274780175689,-24.9742204952469,
4.61447992074604));
#12099=CARTESIAN_POINT('Ctrl Pts',(-3.86654352648257,-24.9705523531809,
4.61659877618741));
#12100=CARTESIAN_POINT('Ctrl Pts',(-3.87016264716531,-24.9668106449507,
4.61861904744147));
#12101=CARTESIAN_POINT('Ctrl Pts',(-3.89324676685593,-24.9414258167976,
4.63150510113359));
#12102=CARTESIAN_POINT('Ctrl Pts',(-3.9120545077249,-24.9107553390256,4.64200398789701));
#12103=CARTESIAN_POINT('Ctrl Pts',(-3.93197615577061,-24.8577344474004,
4.65312468168101));
#12104=CARTESIAN_POINT('Ctrl Pts',(-3.93831485853465,-24.8274632571901,
4.65666308233265));
#12105=CARTESIAN_POINT('Ctrl Pts',(-3.93947452468735,-24.8,4.65731043300094));
#12106=CARTESIAN_POINT('Origin',(-3.32403452672623,-25.6,5.17229868440506));
#12107=CARTESIAN_POINT('',(-3.35197306822473,-24.75,5.21577190355331));
#12108=CARTESIAN_POINT('Ctrl Pts',(-3.29268101364826,-24.7973297985509,
5.21337714715435));
#12109=CARTESIAN_POINT('Ctrl Pts',(-3.29398166419495,-24.7968073384914,
5.21436988060141));
#12110=CARTESIAN_POINT('Ctrl Pts',(-3.29531500190205,-24.7962166528329,
5.21528977659726));
#12111=CARTESIAN_POINT('Ctrl Pts',(-3.30124041736251,-24.7933738933012,
5.21898808919237));
#12112=CARTESIAN_POINT('Ctrl Pts',(-3.30600723911804,-24.7905351510444,
5.22097388129043));
#12113=CARTESIAN_POINT('Ctrl Pts',(-3.31713640642568,-24.7829983594208,
5.22394185596789));
#12114=CARTESIAN_POINT('Ctrl Pts',(-3.32350184335672,-24.7779682373844,
5.22431985505575));
#12115=CARTESIAN_POINT('Ctrl Pts',(-3.33753558533941,-24.7656384324884,
5.22283584406904));
#12116=CARTESIAN_POINT('Ctrl Pts',(-3.3450748585212,-24.757989716224,5.22012507160518));
#12117=CARTESIAN_POINT('Ctrl Pts',(-3.35172687632214,-24.7502862697187,
5.2159293847352));
#12118=CARTESIAN_POINT('Ctrl Pts',(-3.35185014008731,-24.7501431345429,
5.21585090467022));
#12119=CARTESIAN_POINT('Ctrl Pts',(-3.35197306822473,-24.75,5.21577190355331));
#12120=CARTESIAN_POINT('',(-3.3744255308059,-1.45,5.16084313587967));
#12121=CARTESIAN_POINT('Origin',(-3.32403452672623,-1.45,5.17229868440506));
#12122=CARTESIAN_POINT('',(-3.3744255308059,-24.7973297985509,5.16084313587967));
#12123=CARTESIAN_POINT('',(-3.3744255308059,-25.6,5.16084313587967));
#12124=CARTESIAN_POINT('Ctrl Pts',(-3.35197306822473,-24.75,5.21577190355331));
#12125=CARTESIAN_POINT('Ctrl Pts',(-3.35209599636208,-24.7501431345429,
5.21569290243644));
#12126=CARTESIAN_POINT('Ctrl Pts',(-3.35221858995887,-24.7502862697187,
5.21561337956893));
#12127=CARTESIAN_POINT('Ctrl Pts',(-3.35879846903938,-24.7579897162241,
5.21130544265929));
#12128=CARTESIAN_POINT('Ctrl Pts',(-3.36439620167159,-24.7656384324884,
5.20557357412966));
#12129=CARTESIAN_POINT('Ctrl Pts',(-3.37157593265476,-24.7779682373844,
5.19342451385099));
#12130=CARTESIAN_POINT('Ctrl Pts',(-3.3738763906557,-24.7829983594208,5.1874772822581));
#12131=CARTESIAN_POINT('Ctrl Pts',(-3.37579984910949,-24.7905351510444,
5.1761208943542));
#12132=CARTESIAN_POINT('Ctrl Pts',(-3.37597371840252,-24.7933738933012,
5.17095991291898));
#12133=CARTESIAN_POINT('Ctrl Pts',(-3.37507112147774,-24.7962166528329,
5.1640336308556));
#12134=CARTESIAN_POINT('Ctrl Pts',(-3.37478824314845,-24.7968073384914,
5.16243864560953));
#12135=CARTESIAN_POINT('Ctrl Pts',(-3.3744255308059,-24.7973297985509,5.16084313587967));
#12136=CARTESIAN_POINT('Origin',(-3.84921165779267,-25.6,3.84921165779267));
#12137=CARTESIAN_POINT('',(-3.78515664007556,-25.5177583993447,3.87378645296576));
#12138=CARTESIAN_POINT('',(-3.87378645296577,-25.5177583993447,3.78515664007556));
#12139=CARTESIAN_POINT('Ctrl Pts',(-3.78515664007556,-25.5177583993447,
3.87378645296576));
#12140=CARTESIAN_POINT('Ctrl Pts',(-3.78170961910723,-25.5257386964287,
3.86480167862105));
#12141=CARTESIAN_POINT('Ctrl Pts',(-3.78010161197969,-25.5332253465288,
3.85477920880918));
#12142=CARTESIAN_POINT('Ctrl Pts',(-3.78121355252812,-25.5436056765099,
3.83756771967081));
#12143=CARTESIAN_POINT('Ctrl Pts',(-3.78295354916752,-25.5476998250076,
3.82948812085764));
#12144=CARTESIAN_POINT('Ctrl Pts',(-3.78971431398348,-25.553313618016,3.81404032620706));
#12145=CARTESIAN_POINT('Ctrl Pts',(-3.79472722504171,-25.5548387096774,
3.80667067271367));
#12146=CARTESIAN_POINT('Ctrl Pts',(-3.80667067271367,-25.5548387096774,
3.79472722504171));
#12147=CARTESIAN_POINT('Ctrl Pts',(-3.81404032620706,-25.553313618016,3.78971431398348));
#12148=CARTESIAN_POINT('Ctrl Pts',(-3.82948812085764,-25.5476998250076,
3.78295354916752));
#12149=CARTESIAN_POINT('Ctrl Pts',(-3.83756771967081,-25.5436056765099,
3.78121355252812));
#12150=CARTESIAN_POINT('Ctrl Pts',(-3.85477920880918,-25.5332253465288,
3.78010161197969));
#12151=CARTESIAN_POINT('Ctrl Pts',(-3.86480167862105,-25.5257386964287,
3.78170961910722));
#12152=CARTESIAN_POINT('Ctrl Pts',(-3.87378645296577,-25.5177583993447,
3.78515664007556));
#12153=CARTESIAN_POINT('',(-3.78515664007556,-1.45,3.87378645296576));
#12154=CARTESIAN_POINT('',(-3.78515664007556,-25.6,3.87378645296576));
#12155=CARTESIAN_POINT('',(-3.87378645296577,-1.45,3.78515664007556));
#12156=CARTESIAN_POINT('Origin',(-3.84921165779267,-1.45,3.84921165779267));
#12157=CARTESIAN_POINT('',(-3.87378645296577,-25.6,3.78515664007556));
#12158=CARTESIAN_POINT('Origin',(-3.87378645296577,-25.6,3.78515664007555));
#12159=CARTESIAN_POINT('',(-4.4801395623937,-24.9742204952469,4.01778483998594));
#12160=CARTESIAN_POINT('Ctrl Pts',(-3.87378645296577,-25.5177583993447,
3.78515664007556));
#12161=CARTESIAN_POINT('Ctrl Pts',(-4.16100658757672,-25.2626488200995,
3.89534903763018));
#12162=CARTESIAN_POINT('Ctrl Pts',(-4.48013956239371,-24.9742204952469,
4.01778483998594));
#12163=CARTESIAN_POINT('',(-4.62808237039584,-1.45,4.07454330065863));
#12164=CARTESIAN_POINT('',(-4.04117022491749,-1.45,3.84937365316233));
#12165=CARTESIAN_POINT('',(-4.62808237039584,-24.7973297985509,4.07454330065863));
#12166=CARTESIAN_POINT('',(-4.62808237039584,-25.6,4.07454330065863));
#12167=CARTESIAN_POINT('',(-4.61202388498649,-24.8,4.06838244076366));
#12168=CARTESIAN_POINT('Ctrl Pts',(-4.6120238849865,-24.8,4.06838244076366));
#12169=CARTESIAN_POINT('Ctrl Pts',(-4.61711471153866,-24.8,4.07033554333454));
#12170=CARTESIAN_POINT('Ctrl Pts',(-4.6229650533229,-24.7990799331332,4.07258003496321));
#12171=CARTESIAN_POINT('Ctrl Pts',(-4.62808237039584,-24.7973297985509,
4.07454330065863));
#12172=CARTESIAN_POINT('',(-4.56218073534025,-24.8,4.04926004821749));
#12173=CARTESIAN_POINT('',(-0.515747945758092,-24.8,2.49684057305895));
#12174=CARTESIAN_POINT('Ctrl Pts',(-4.4801395623937,-24.9742204952469,4.01778483998594));
#12175=CARTESIAN_POINT('Ctrl Pts',(-4.48419819668413,-24.9705523531809,
4.01934194058359));
#12176=CARTESIAN_POINT('Ctrl Pts',(-4.48806799451345,-24.9668106449507,
4.02082659381461));
#12177=CARTESIAN_POINT('Ctrl Pts',(-4.51275102779734,-24.9414258167976,
4.03029627329985));
#12178=CARTESIAN_POINT('Ctrl Pts',(-4.53286148035457,-24.9107553390256,
4.03801167593411));
#12179=CARTESIAN_POINT('Ctrl Pts',(-4.55416299448518,-24.8577344474004,
4.04618403097034));
#12180=CARTESIAN_POINT('Ctrl Pts',(-4.56094074531121,-24.8274632571901,
4.04878432434657));
#12181=CARTESIAN_POINT('Ctrl Pts',(-4.56218073534025,-24.8,4.04926004821749));
#12182=CARTESIAN_POINT('Origin',(-4.0262954988784,-25.6,4.64659270555081));
#12183=CARTESIAN_POINT('',(-4.06013655046076,-24.75,4.6856473609964));
#12184=CARTESIAN_POINT('Ctrl Pts',(-4.00110719413821,-24.7973297985509,
4.69171511892255));
#12185=CARTESIAN_POINT('Ctrl Pts',(-4.00271726614585,-24.7967410096287,
4.69261389585737));
#12186=CARTESIAN_POINT('Ctrl Pts',(-4.00435460133926,-24.7960658149421,
4.69341482566439));
#12187=CARTESIAN_POINT('Ctrl Pts',(-4.01100331869756,-24.7930464227784,
4.6962528953952));
#12188=CARTESIAN_POINT('Ctrl Pts',(-4.01606320001612,-24.7901270421894,
4.69748407895293));
#12189=CARTESIAN_POINT('Ctrl Pts',(-4.02762984787878,-24.7823962532226,
4.69868677052981));
#12190=CARTESIAN_POINT('Ctrl Pts',(-4.03404763418773,-24.7772472219781,
4.69804410767806));
#12191=CARTESIAN_POINT('Ctrl Pts',(-4.04739921239056,-24.7650436552792,
4.6943993196579));
#12192=CARTESIAN_POINT('Ctrl Pts',(-4.05415373564599,-24.7576989925656,
4.69074514141591));
#12193=CARTESIAN_POINT('Ctrl Pts',(-4.0599137014434,-24.7502883034656,4.68583962897451));
#12194=CARTESIAN_POINT('Ctrl Pts',(-4.06002533203356,-24.7501441514095,
4.68574373231217));
#12195=CARTESIAN_POINT('Ctrl Pts',(-4.06013655046076,-24.75,4.6856473609964));
#12196=CARTESIAN_POINT('',(-4.07454330065863,-1.45,4.62808237039584));
#12197=CARTESIAN_POINT('Origin',(-4.0262954988784,-1.45,4.64659270555081));
#12198=CARTESIAN_POINT('',(-4.07454330065863,-24.7973297985509,4.62808237039584));
#12199=CARTESIAN_POINT('',(-4.07454330065863,-25.6,4.62808237039584));
#12200=CARTESIAN_POINT('Ctrl Pts',(-4.06013655046076,-24.75,4.6856473609964));
#12201=CARTESIAN_POINT('Ctrl Pts',(-4.06024776888796,-24.7501441514095,
4.68555098968065));
#12202=CARTESIAN_POINT('Ctrl Pts',(-4.06035857614996,-24.7502883034656,
4.68545414284691));
#12203=CARTESIAN_POINT('Ctrl Pts',(-4.06603388614889,-24.7576989925654,
4.68045093240579));
#12204=CARTESIAN_POINT('Ctrl Pts',(-4.07061213900987,-24.7650436552792,
4.67428520424351));
#12205=CARTESIAN_POINT('Ctrl Pts',(-4.07611995603596,-24.7772472219781,
4.66158823327302));
#12206=CARTESIAN_POINT('Ctrl Pts',(-4.07766942372716,-24.7823962532226,
4.65532723123482));
#12207=CARTESIAN_POINT('Ctrl Pts',(-4.07812507943633,-24.7901270421894,
4.64370715431242));
#12208=CARTESIAN_POINT('Ctrl Pts',(-4.07762652374353,-24.7930464227784,
4.63852355960104));
#12209=CARTESIAN_POINT('Ctrl Pts',(-4.07576355260599,-24.7960658149421,
4.63153861716404));
#12210=CARTESIAN_POINT('Ctrl Pts',(-4.07520379220282,-24.7967410096287,
4.6298039634861));
#12211=CARTESIAN_POINT('Ctrl Pts',(-4.07454330065863,-24.7973297985509,
4.62808237039584));
#12212=CARTESIAN_POINT('Origin',(-4.35783216777965,-25.6,3.26223229866283));
#12213=CARTESIAN_POINT('',(-4.29792649578384,-25.5177583993447,3.29567293734199));
#12214=CARTESIAN_POINT('',(-4.3730408474848,-25.5177583993447,3.19533191066571));
#12215=CARTESIAN_POINT('Ctrl Pts',(-4.29792649578384,-25.5177583993447,
3.29567293734199));
#12216=CARTESIAN_POINT('Ctrl Pts',(-4.29323589381098,-25.5257386964287,
3.28727017727676));
#12217=CARTESIAN_POINT('Ctrl Pts',(-4.29021790770707,-25.5332253465288,
3.27757856503067));
#12218=CARTESIAN_POINT('Ctrl Pts',(-4.28886908001084,-25.5436056765099,
3.26038401839549));
#12219=CARTESIAN_POINT('Ctrl Pts',(-4.28944151919491,-25.5476998250076,
3.25213903090809));
#12220=CARTESIAN_POINT('Ctrl Pts',(-4.29393501877588,-25.553313618016,3.23588631538179));
#12221=CARTESIAN_POINT('Ctrl Pts',(-4.29784809458252,-25.5548387096774,
3.22787826270827));
#12222=CARTESIAN_POINT('Ctrl Pts',(-4.30797024535435,-25.5548387096774,
3.21435665228871));
#12223=CARTESIAN_POINT('Ctrl Pts',(-4.31455147477481,-25.553313618016,3.20834595439199));
#12224=CARTESIAN_POINT('Ctrl Pts',(-4.32887987599834,-25.5476998250076,
3.19945555401626));
#12225=CARTESIAN_POINT('Ctrl Pts',(-4.33662960880508,-25.5436056765099,
3.19658342123538));
#12226=CARTESIAN_POINT('Ctrl Pts',(-4.35350766416162,-25.5332253465288,
3.19303334834527));
#12227=CARTESIAN_POINT('Ctrl Pts',(-4.36365696295631,-25.5257386964287,
3.19319864210843));
#12228=CARTESIAN_POINT('Ctrl Pts',(-4.3730408474848,-25.5177583993447,3.19533191066571));
#12229=CARTESIAN_POINT('',(-4.29792649578384,-1.45,3.29567293734199));
#12230=CARTESIAN_POINT('',(-4.29792649578384,-25.6,3.29567293734199));
#12231=CARTESIAN_POINT('',(-4.3730408474848,-1.45,3.19533191066571));
#12232=CARTESIAN_POINT('Origin',(-4.35783216777965,-1.45,3.26223229866283));
#12233=CARTESIAN_POINT('',(-4.3730408474848,-25.6,3.19533191066571));
#12234=CARTESIAN_POINT('Origin',(-4.3730408474848,-25.6,3.19533191066571));
#12235=CARTESIAN_POINT('',(-5.0063286011958,-24.9742204952469,3.33929924621843));
#12236=CARTESIAN_POINT('Ctrl Pts',(-4.3730408474848,-25.5177583993447,3.19533191066571));
#12237=CARTESIAN_POINT('Ctrl Pts',(-4.67301950850025,-25.2626488200989,
3.26352702149171));
#12238=CARTESIAN_POINT('Ctrl Pts',(-5.00632860119581,-24.9742204952469,
3.33929924621844));
#12239=CARTESIAN_POINT('',(-5.16084313587967,-1.45,3.3744255308059));
#12240=CARTESIAN_POINT('',(-4.54785992781736,-1.45,3.23507409271766));
#12241=CARTESIAN_POINT('',(-5.16084313587967,-24.7973297985509,3.3744255308059));
#12242=CARTESIAN_POINT('',(-5.16084313587967,-25.6,3.3744255308059));
#12243=CARTESIAN_POINT('',(-5.14407132091779,-24.8,3.37061274033537));
#12244=CARTESIAN_POINT('Ctrl Pts',(-5.14407132091779,-24.8,3.37061274033537));
#12245=CARTESIAN_POINT('Ctrl Pts',(-5.14938828567252,-24.8,3.37182146298078));
#12246=CARTESIAN_POINT('Ctrl Pts',(-5.15549850387603,-24.7990799331332,
3.37321051847609));
#12247=CARTESIAN_POINT('Ctrl Pts',(-5.16084313587967,-24.7973297985509,
3.37442553080589));
#12248=CARTESIAN_POINT('',(-5.09201410246444,-24.8,3.35877840595405));
#12249=CARTESIAN_POINT('',(-1.27851143660407,-24.8,2.49184261774413));
#12250=CARTESIAN_POINT('Ctrl Pts',(-5.0063286011958,-24.9742204952469,3.33929924621843));
#12251=CARTESIAN_POINT('Ctrl Pts',(-5.01056752296094,-24.9705523531809,
3.3402628938945));
#12252=CARTESIAN_POINT('Ctrl Pts',(-5.01460922001261,-24.9668106449507,
3.34118170584409));
#12253=CARTESIAN_POINT('Ctrl Pts',(-5.04038869151211,-24.9414258167976,
3.34704223575643));
#12254=CARTESIAN_POINT('Ctrl Pts',(-5.0613924649373,-24.9107553390256,3.35181709091328));
#12255=CARTESIAN_POINT('Ctrl Pts',(-5.0836402077536,-24.8577344474004,3.35687474162033));
#12256=CARTESIAN_POINT('Ctrl Pts',(-5.09071903118024,-24.8274632571901,
3.35848399324664));
#12257=CARTESIAN_POINT('Ctrl Pts',(-5.09201410246444,-24.8,3.35877840595405));
#12258=CARTESIAN_POINT('Origin',(-4.64659270555081,-25.6,4.02629549887839));
#12259=CARTESIAN_POINT('',(-4.68564736099639,-24.75,4.06013655046078));
#12260=CARTESIAN_POINT('Ctrl Pts',(-4.62808237039584,-24.7973297985509,
4.07454330065863));
#12261=CARTESIAN_POINT('Ctrl Pts',(-4.62986754124768,-24.7967192658834,
4.07522818389802));
#12262=CARTESIAN_POINT('Ctrl Pts',(-4.63166651304467,-24.7960159107476,
4.07580466430012));
#12263=CARTESIAN_POINT('Ctrl Pts',(-4.63873574566419,-24.7929377655412,
4.0776610873389));
#12264=CARTESIAN_POINT('Ctrl Pts',(-4.64393580615685,-24.7899918327012,
4.07813850562963));
#12265=CARTESIAN_POINT('Ctrl Pts',(-4.6555900487562,-24.7821972689437,4.0776271642372));
#12266=CARTESIAN_POINT('Ctrl Pts',(-4.66186599900272,-24.7770092572426,
4.07603837076909));
#12267=CARTESIAN_POINT('Ctrl Pts',(-4.67444862833383,-24.7648484272741,
4.07049007118906));
#12268=CARTESIAN_POINT('Ctrl Pts',(-4.68051532348396,-24.7576034606012,
4.06596063345582));
#12269=CARTESIAN_POINT('Ctrl Pts',(-4.68545370923135,-24.7502889488789,
4.06035907226623));
#12270=CARTESIAN_POINT('Ctrl Pts',(-4.68555077393904,-24.750144474114,4.06024801786706));
#12271=CARTESIAN_POINT('Ctrl Pts',(-4.68564736099639,-24.75,4.06013655046078));
#12272=CARTESIAN_POINT('',(-4.69171511892255,-1.45,4.00110719413821));
#12273=CARTESIAN_POINT('Origin',(-4.64659270555081,-1.45,4.02629549887839));
#12274=CARTESIAN_POINT('',(-4.69171511892255,-24.7973297985509,4.00110719413821));
#12275=CARTESIAN_POINT('',(-4.69171511892255,-25.6,4.00110719413821));
#12276=CARTESIAN_POINT('Ctrl Pts',(-4.68564736099639,-24.75,4.06013655046078));
#12277=CARTESIAN_POINT('Ctrl Pts',(-4.68574394805379,-24.750144474114,4.06002508305445));
#12278=CARTESIAN_POINT('Ctrl Pts',(-4.68584005833108,-24.7502889488788,
4.05991320163675));
#12279=CARTESIAN_POINT('Ctrl Pts',(-4.69068179813537,-24.7576034606015,
4.05422789626116));
#12280=CARTESIAN_POINT('Ctrl Pts',(-4.69430175198448,-24.7648484272741,
4.04757834512146));
#12281=CARTESIAN_POINT('Ctrl Pts',(-4.69800288301646,-24.7770092572426,
4.03433418345686));
#12282=CARTESIAN_POINT('Ctrl Pts',(-4.69868234401358,-24.7821972689437,
4.02789600444921));
#12283=CARTESIAN_POINT('Ctrl Pts',(-4.6975299090372,-24.7899918327012,4.01628761376792));
#12284=CARTESIAN_POINT('Ctrl Pts',(-4.69631730440826,-24.7929377655412,
4.01120842610005));
#12285=CARTESIAN_POINT('Ctrl Pts',(-4.69347372038232,-24.7960159107476,
4.00447534462014));
#12286=CARTESIAN_POINT('Ctrl Pts',(-4.69264708733915,-24.7967192658834,
4.00277672547733));
#12287=CARTESIAN_POINT('Ctrl Pts',(-4.69171511892255,-24.7973297985509,
4.00110719413821));
#12288=CARTESIAN_POINT('Origin',(-4.77773978178085,-25.6,2.60884329743331));
#12289=CARTESIAN_POINT('',(-4.7232029622345,-25.5177583993447,2.65046902464988));
#12290=CARTESIAN_POINT('',(-4.78327274115748,-25.5177583993447,2.54045943813102));
#12291=CARTESIAN_POINT('Ctrl Pts',(-4.7232029622345,-25.5177583993447,2.65046902464988));
#12292=CARTESIAN_POINT('Ctrl Pts',(-4.7173642663867,-25.5257386964287,2.6428193348275));
#12293=CARTESIAN_POINT('Ctrl Pts',(-4.71299773880034,-25.5332253465288,
2.63365587342421));
#12294=CARTESIAN_POINT('Ctrl Pts',(-4.70921560110164,-25.5436056765099,
2.61682830067674));
#12295=CARTESIAN_POINT('Ctrl Pts',(-4.70860882961937,-25.5476998250076,
2.60858576868377));
#12296=CARTESIAN_POINT('Ctrl Pts',(-4.71074358927207,-25.553313618016,2.59185899070089));
#12297=CARTESIAN_POINT('Ctrl Pts',(-4.71347717088807,-25.5548387096774,
2.58337555970636));
#12298=CARTESIAN_POINT('Ctrl Pts',(-4.72157196695993,-25.5548387096774,
2.56855104753425));
#12299=CARTESIAN_POINT('Ctrl Pts',(-4.72723079745515,-25.553313618016,2.5616649232748));
#12300=CARTESIAN_POINT('Ctrl Pts',(-4.74014812032242,-25.5476998250076,
2.55082587025315));
#12301=CARTESIAN_POINT('Ctrl Pts',(-4.74741022491117,-25.5436056765099,
2.54688006967165));
#12302=CARTESIAN_POINT('Ctrl Pts',(-4.76361125795111,-25.5332253465288,
2.54096413368635));
#12303=CARTESIAN_POINT('Ctrl Pts',(-4.77368077527332,-25.5257386964287,
2.53968334918078));
#12304=CARTESIAN_POINT('Ctrl Pts',(-4.78327274115748,-25.5177583993447,
2.54045943813102));
#12305=CARTESIAN_POINT('',(-4.7232029622345,-1.45,2.65046902464988));
#12306=CARTESIAN_POINT('',(-4.7232029622345,-25.6,2.65046902464988));
#12307=CARTESIAN_POINT('',(-4.78327274115748,-1.45,2.54045943813102));
#12308=CARTESIAN_POINT('Origin',(-4.77773978178085,-1.45,2.60884329743331));
#12309=CARTESIAN_POINT('',(-4.78327274115748,-25.6,2.54045943813102));
#12310=CARTESIAN_POINT('Origin',(-4.78327274115748,-25.6,2.54045943813102));
#12311=CARTESIAN_POINT('',(-5.43060322673706,-24.9742204952469,2.59283514954174));
#12312=CARTESIAN_POINT('Ctrl Pts',(-4.78327274115748,-25.5177583993447,
2.54045943813102));
#12313=CARTESIAN_POINT('Ctrl Pts',(-5.08990322810473,-25.2626488200996,
2.56526900643013));
#12314=CARTESIAN_POINT('Ctrl Pts',(-5.43060322673707,-24.9742204952469,
2.59283514954174));
#12315=CARTESIAN_POINT('',(-5.58854401775961,-1.45,2.60561418818562));
#12316=CARTESIAN_POINT('',(-4.9619683175319,-1.45,2.55491775292857));
#12317=CARTESIAN_POINT('',(-5.58854401775961,-24.7973297985509,2.60561418818562));
#12318=CARTESIAN_POINT('',(-5.58854401775961,-25.6,2.60561418818562));
#12319=CARTESIAN_POINT('',(-5.5714002990319,-24.8,2.60422708455834));
#12320=CARTESIAN_POINT('Ctrl Pts',(-5.5714002990319,-24.8,2.60422708455834));
#12321=CARTESIAN_POINT('Ctrl Pts',(-5.57683516391966,-24.8,2.60466682117088));
#12322=CARTESIAN_POINT('Ctrl Pts',(-5.58308087212023,-24.7990799331332,
2.60517216336865));
#12323=CARTESIAN_POINT('Ctrl Pts',(-5.58854401775961,-24.7973297985509,
2.60561418818561));
#12324=CARTESIAN_POINT('',(-5.51818874661855,-24.8,2.59992172126247));
#12325=CARTESIAN_POINT('',(-2.05589444499235,-24.8,2.31978640985564));
#12326=CARTESIAN_POINT('Ctrl Pts',(-5.43060322673706,-24.9742204952469,
2.59283514954174));
#12327=CARTESIAN_POINT('Ctrl Pts',(-5.43493614375383,-24.9705523531809,
2.59318572720847));
#12328=CARTESIAN_POINT('Ctrl Pts',(-5.43906746273117,-24.9668106449507,
2.59351999351497));
#12329=CARTESIAN_POINT('Ctrl Pts',(-5.4654185767484,-24.9414258167976,2.59565207036577));
#12330=CARTESIAN_POINT('Ctrl Pts',(-5.48688809478448,-24.9107553390256,
2.59738917576376));
#12331=CARTESIAN_POINT('Ctrl Pts',(-5.50962916639993,-24.8577344474004,
2.5992291629583));
#12332=CARTESIAN_POINT('Ctrl Pts',(-5.51686495799584,-24.8274632571901,
2.59981461311227));
#12333=CARTESIAN_POINT('Ctrl Pts',(-5.51818874661855,-24.8,2.59992172126246));
#12334=CARTESIAN_POINT('Origin',(-5.17229868440506,-25.6,3.32403452672623));
#12335=CARTESIAN_POINT('',(-5.21577190355332,-24.75,3.35197306822471));
#12336=CARTESIAN_POINT('Ctrl Pts',(-5.16084313587967,-24.7973297985509,
3.3744255308059));
#12337=CARTESIAN_POINT('Ctrl Pts',(-5.16262782154952,-24.796745391597,3.37483124912144));
#12338=CARTESIAN_POINT('Ctrl Pts',(-5.16441116738957,-24.796075844756,3.37513692001178));
#12339=CARTESIAN_POINT('Ctrl Pts',(-5.17157349480009,-24.7930682427716,
3.37599051903209));
#12340=CARTESIAN_POINT('Ctrl Pts',(-5.17677259632759,-24.7901542062249,
3.37575097424918));
#12341=CARTESIAN_POINT('Ctrl Pts',(-5.18820430159306,-24.7824362592941,
3.37365830181342));
#12342=CARTESIAN_POINT('Ctrl Pts',(-5.1941791805385,-24.7772950840032,3.37124182672848));
#12343=CARTESIAN_POINT('Ctrl Pts',(-5.2059870869551,-24.765082984576,3.363988024621));
#12344=CARTESIAN_POINT('Ctrl Pts',(-5.21145690997418,-24.757718231554,3.35856635437034));
#12345=CARTESIAN_POINT('Ctrl Pts',(-5.21561232258213,-24.7502881721741,
3.35222021937466));
#12346=CARTESIAN_POINT('Ctrl Pts',(-5.21569237742308,-24.7501440857642,
3.35209681329881));
#12347=CARTESIAN_POINT('Ctrl Pts',(-5.21577190355332,-24.75,3.35197306822471));
#12348=CARTESIAN_POINT('',(-5.21337714715435,-1.45,3.29268101364826));
#12349=CARTESIAN_POINT('Origin',(-5.17229868440506,-1.45,3.32403452672623));
#12350=CARTESIAN_POINT('',(-5.21337714715435,-24.7973297985509,3.29268101364826));
#12351=CARTESIAN_POINT('',(-5.21337714715435,-25.6,3.29268101364826));
#12352=CARTESIAN_POINT('Ctrl Pts',(-5.21577190355332,-24.75,3.35197306822471));
#12353=CARTESIAN_POINT('Ctrl Pts',(-5.21585142968356,-24.7501440857642,
3.35184932315061));
#12354=CARTESIAN_POINT('Ctrl Pts',(-5.2159304278158,-24.7502881721741,3.35172523796927));
#12355=CARTESIAN_POINT('Ctrl Pts',(-5.21997685447195,-24.7577182315543,
3.34530906195576));
#12356=CARTESIAN_POINT('Ctrl Pts',(-5.22263633259981,-24.765082984576,3.33808129271071));
#12357=CARTESIAN_POINT('Ctrl Pts',(-5.22432944148717,-24.7772950840032,
3.32432710493921));
#12358=CARTESIAN_POINT('Ctrl Pts',(-5.2240454901256,-24.7824362592941,3.31788832385325));
#12359=CARTESIAN_POINT('Ctrl Pts',(-5.22120014993748,-24.7901542062249,
3.30662035143521));
#12360=CARTESIAN_POINT('Ctrl Pts',(-5.21925826270769,-24.7930682427716,
3.30179157183959));
#12361=CARTESIAN_POINT('Ctrl Pts',(-5.21550646339324,-24.796075844756,3.29563108751389));
#12362=CARTESIAN_POINT('Ctrl Pts',(-5.21448758673601,-24.796745391597,3.29413587935589));
#12363=CARTESIAN_POINT('Ctrl Pts',(-5.21337714715435,-24.7973297985509,
3.29268101364826));
#12364=CARTESIAN_POINT('Origin',(-5.10038639168878,-25.6,1.90234576995087));
#12365=CARTESIAN_POINT('',(-5.05232863696664,-25.5177583993447,1.95130920593739));
#12366=CARTESIAN_POINT('',(-5.09613099563972,-25.5177583993447,1.83387053751603));
#12367=CARTESIAN_POINT('Ctrl Pts',(-5.05232863696664,-25.5177583993447,
1.95130920593739));
#12368=CARTESIAN_POINT('Ctrl Pts',(-5.04546070625396,-25.5257386964287,
1.94456831198277));
#12369=CARTESIAN_POINT('Ctrl Pts',(-5.03983452709478,-25.5332253465288,
1.93611954307121));
#12370=CARTESIAN_POINT('Ctrl Pts',(-5.03369607281037,-25.5436056765099,
1.92000150506587));
#12371=CARTESIAN_POINT('Ctrl Pts',(-5.03192244277935,-25.5476998250076,
1.91192922274921));
#12372=CARTESIAN_POINT('Ctrl Pts',(-5.0316550049534,-25.553313618016,1.89506889127345));
#12373=CARTESIAN_POINT('Ctrl Pts',(-5.03315344454006,-25.5548387096774,
1.88628278014875));
#12374=CARTESIAN_POINT('Ctrl Pts',(-5.03905609920738,-25.5548387096774,
1.87045715054156));
#12375=CARTESIAN_POINT('Ctrl Pts',(-5.04367733330721,-25.5533136180161,
1.86283578155135));
#12376=CARTESIAN_POINT('Ctrl Pts',(-5.05492061837512,-25.5476998250076,
1.85026872774606));
#12377=CARTESIAN_POINT('Ctrl Pts',(-5.06154725923863,-25.5436056765099,
1.84532958448503));
#12378=CARTESIAN_POINT('Ctrl Pts',(-5.0767414636492,-25.5332253465288,1.83716821680105));
#12379=CARTESIAN_POINT('Ctrl Pts',(-5.08652621316434,-25.5257386964287,
1.83446742710581));
#12380=CARTESIAN_POINT('Ctrl Pts',(-5.09613099563972,-25.5177583993447,
1.83387053751603));
#12381=CARTESIAN_POINT('',(-5.05232863696664,-1.45,1.95130920593738));
#12382=CARTESIAN_POINT('',(-5.05232863696664,-25.6,1.95130920593738));
#12383=CARTESIAN_POINT('',(-5.09613099563972,-1.45,1.83387053751603));
#12384=CARTESIAN_POINT('Origin',(-5.10038639168878,-1.45,1.90234576995087));
#12385=CARTESIAN_POINT('',(-5.09613099563972,-25.6,1.83387053751603));
#12386=CARTESIAN_POINT('Origin',(-5.09613099563972,-25.6,1.83387053751603));
#12387=CARTESIAN_POINT('',(-5.74432643114845,-24.9742204952469,1.7935884063395));
#12388=CARTESIAN_POINT('Ctrl Pts',(-5.09613099563972,-25.5177583993447,
1.83387053751603));
#12389=CARTESIAN_POINT('Ctrl Pts',(-5.40317119605605,-25.2626488200984,
1.81478951202265));
#12390=CARTESIAN_POINT('Ctrl Pts',(-5.74432643114845,-24.9742204952469,
1.7935884063395));
#12391=CARTESIAN_POINT('',(-5.90247825946809,-1.45,1.78376005466471));
#12392=CARTESIAN_POINT('',(-5.27506534143651,-1.45,1.82275065546423));
#12393=CARTESIAN_POINT('',(-5.90247825946809,-24.7973297985509,1.78376005466471));
#12394=CARTESIAN_POINT('',(-5.90247825946809,-25.6,1.78376005466471));
#12395=CARTESIAN_POINT('',(-5.88531163364945,-24.8,1.78482687531046));
#12396=CARTESIAN_POINT('Ctrl Pts',(-5.88531163364945,-24.8,1.78482687531046));
#12397=CARTESIAN_POINT('Ctrl Pts',(-5.89075376049397,-24.8,1.78448867412079));
#12398=CARTESIAN_POINT('Ctrl Pts',(-5.89700781408378,-24.7990799331332,
1.78410001571116));
#12399=CARTESIAN_POINT('Ctrl Pts',(-5.90247825946809,-24.7973297985509,
1.7837600546647));
#12400=CARTESIAN_POINT('',(-5.83202898103378,-24.8,1.78813812788109));
#12401=CARTESIAN_POINT('',(-2.8065405123467,-24.8,1.97615722936252));
#12402=CARTESIAN_POINT('Ctrl Pts',(-5.74432643114845,-24.9742204952469,
1.7935884063395));
#12403=CARTESIAN_POINT('Ctrl Pts',(-5.74866513772147,-24.9705523531809,
1.79331877724658));
#12404=CARTESIAN_POINT('Ctrl Pts',(-5.75280197688384,-24.9668106449507,
1.79306169321194));
#12405=CARTESIAN_POINT('Ctrl Pts',(-5.77918830072776,-24.9414258167976,
1.79142191406491));
#12406=CARTESIAN_POINT('Ctrl Pts',(-5.8006865059005,-24.9107553390256,1.79008590724754));
#12407=CARTESIAN_POINT('Ctrl Pts',(-5.82345796367683,-24.8577344474004,
1.78867077409637));
#12408=CARTESIAN_POINT('Ctrl Pts',(-5.83070342359143,-24.8274632571901,
1.78822050470118));
#12409=CARTESIAN_POINT('Ctrl Pts',(-5.83202898103378,-24.8,1.78813812788109));
#12410=CARTESIAN_POINT('Origin',(-5.59271157772253,-25.6,2.55410579733393));
#12411=CARTESIAN_POINT('',(-5.63971837119802,-24.75,2.57557308061169));
#12412=CARTESIAN_POINT('Ctrl Pts',(-5.58854401775961,-24.7973297985509,
2.60561418818562));
#12413=CARTESIAN_POINT('Ctrl Pts',(-5.59011952447583,-24.7968250803957,
2.60574166292523));
#12414=CARTESIAN_POINT('Ctrl Pts',(-5.59168409758263,-24.7962566425312,
2.60579547504594));
#12415=CARTESIAN_POINT('Ctrl Pts',(-5.59860305192918,-24.7934604537921,
2.60572581990125));
#12416=CARTESIAN_POINT('Ctrl Pts',(-5.60367854539597,-24.7906431881827,
2.60483926829699));
#12417=CARTESIAN_POINT('Ctrl Pts',(-5.61463071910313,-24.7831581406213,
2.60136988667565));
#12418=CARTESIAN_POINT('Ctrl Pts',(-5.6201865366028,-24.7781598182348,2.59828029607674));
#12419=CARTESIAN_POINT('Ctrl Pts',(-5.63129065430965,-24.7657973236452,
2.58945321423221));
#12420=CARTESIAN_POINT('Ctrl Pts',(-5.63623533351886,-24.7580672972099,
2.58303647169977));
#12421=CARTESIAN_POINT('Ctrl Pts',(-5.63959664258424,-24.7502857079828,
2.57583814296507));
#12422=CARTESIAN_POINT('Ctrl Pts',(-5.63965778781016,-24.7501428536769,
2.57570573972668));
#12423=CARTESIAN_POINT('Ctrl Pts',(-5.63971837119802,-24.75,2.57557308061169));
#12424=CARTESIAN_POINT('',(-5.62890985080829,-1.45,2.51722534302838));
#12425=CARTESIAN_POINT('Origin',(-5.59271157772253,-1.45,2.55410579733393));
#12426=CARTESIAN_POINT('',(-5.62890985080829,-24.7973297985509,2.51722534302838));
#12427=CARTESIAN_POINT('',(-5.62890985080829,-25.6,2.51722534302838));
#12428=CARTESIAN_POINT('Ctrl Pts',(-5.63971837119802,-24.75,2.57557308061169));
#12429=CARTESIAN_POINT('Ctrl Pts',(-5.63977895458585,-24.7501428536768,
2.57544042149675));
#12430=CARTESIAN_POINT('Ctrl Pts',(-5.63983897666941,-24.7502857079829,
2.57530750533635));
#12431=CARTESIAN_POINT('Ctrl Pts',(-5.64307792122537,-24.7580672972094,
2.56805329460205));
#12432=CARTESIAN_POINT('Ctrl Pts',(-5.64468929540671,-24.7657973236452,
2.56011428267054));
#12433=CARTESIAN_POINT('Ctrl Pts',(-5.64408870808217,-24.7781598182348,
2.54594184114471));
#12434=CARTESIAN_POINT('Ctrl Pts',(-5.64278537813673,-24.7831581406213,
2.53971978286695));
#12435=CARTESIAN_POINT('Ctrl Pts',(-5.63823521330816,-24.7906431881827,
2.52917072045463));
#12436=CARTESIAN_POINT('Ctrl Pts',(-5.63558148292893,-24.7934604537921,
2.52475435059321));
#12437=CARTESIAN_POINT('Ctrl Pts',(-5.63110317325336,-24.7962566425312,
2.51947973937165));
#12438=CARTESIAN_POINT('Ctrl Pts',(-5.63003792727301,-24.7968250803957,
2.51833255335701));
#12439=CARTESIAN_POINT('Ctrl Pts',(-5.62890985080829,-24.7973297985509,
2.51722534302838));
#12440=CARTESIAN_POINT('Origin',(-5.3192038429617,-25.6,1.15712196850441));
#12441=CARTESIAN_POINT('',(-5.2786034703628,-25.5177583993447,1.21242635890309));
#12442=CARTESIAN_POINT('',(-5.30524671907895,-25.5177583993447,1.08994932120314));
#12443=CARTESIAN_POINT('Ctrl Pts',(-5.2786034703628,-25.5177583993447,1.21242635890309));
#12444=CARTESIAN_POINT('Ctrl Pts',(-5.27084611604906,-25.5257386964287,
1.20673148597801));
#12445=CARTESIAN_POINT('Ctrl Pts',(-5.26407481810019,-25.5332253465288,
1.19916940212899));
#12446=CARTESIAN_POINT('Ctrl Pts',(-5.25570500845746,-25.5436056765099,
1.18408901563898));
#12447=CARTESIAN_POINT('Ctrl Pts',(-5.25280062587041,-25.5476998250076,
1.17635131138805));
#12448=CARTESIAN_POINT('Ctrl Pts',(-5.2501364348287,-25.553313618016,1.15970065414707));
#12449=CARTESIAN_POINT('Ctrl Pts',(-5.25036922847717,-25.5548387096774,
1.15079072277766));
#12450=CARTESIAN_POINT('Ctrl Pts',(-5.25395958071279,-25.5548387096774,
1.13428613991683));
#12451=CARTESIAN_POINT('Ctrl Pts',(-5.25744914341749,-25.553313618016,1.1260846752903));
#12452=CARTESIAN_POINT('Ctrl Pts',(-5.26678950982502,-25.5476998250076,
1.11204544967645));
#12453=CARTESIAN_POINT('Ctrl Pts',(-5.27264578766496,-25.5436056765099,
1.10621351044938));
#12454=CARTESIAN_POINT('Ctrl Pts',(-5.28652385326083,-25.5332253465288,
1.09597285297732));
#12455=CARTESIAN_POINT('Ctrl Pts',(-5.29582464568566,-25.5257386964287,
1.09190703838216));
#12456=CARTESIAN_POINT('Ctrl Pts',(-5.30524671907895,-25.5177583993447,
1.08994932120314));
#12457=CARTESIAN_POINT('',(-5.2786034703628,-1.45,1.21242635890309));
#12458=CARTESIAN_POINT('',(-5.2786034703628,-25.6,1.21242635890309));
#12459=CARTESIAN_POINT('',(-5.30524671907895,-1.45,1.08994932120314));
#12460=CARTESIAN_POINT('Origin',(-5.3192038429617,-1.45,1.15712196850441));
#12461=CARTESIAN_POINT('',(-5.30524671907895,-25.6,1.08994932120314));
#12462=CARTESIAN_POINT('Origin',(-5.30524671907895,-25.6,1.08994932120313));
#12463=CARTESIAN_POINT('',(-5.94111171469115,-24.9742204952469,0.957829375466043));
#12464=CARTESIAN_POINT('Ctrl Pts',(-5.30524671907895,-25.5177583993447,
1.08994932120314));
#12465=CARTESIAN_POINT('Ctrl Pts',(-5.60644617991224,-25.2626488200993,
1.02736613657128));
#12466=CARTESIAN_POINT('Ctrl Pts',(-5.94111171469116,-24.9742204952469,
0.957829375466042));
#12467=CARTESIAN_POINT('',(-6.09625506515552,-1.45,0.925593710370049));
#12468=CARTESIAN_POINT('',(-5.48077724702174,-1.45,1.05347761103347));
#12469=CARTESIAN_POINT('',(-6.09625506515552,-24.7973297985509,0.925593710370049));
#12470=CARTESIAN_POINT('',(-6.09625506515552,-25.6,0.925593710370049));
#12471=CARTESIAN_POINT('',(-6.07941499524314,-24.8,0.929092737896934));
#12472=CARTESIAN_POINT('Ctrl Pts',(-6.07941499524314,-24.8,0.929092737896935));
#12473=CARTESIAN_POINT('Ctrl Pts',(-6.08475359803567,-24.8,0.927983483705985));
#12474=CARTESIAN_POINT('Ctrl Pts',(-6.09088868251883,-24.7990799331332,
0.926708736653386));
#12475=CARTESIAN_POINT('Ctrl Pts',(-6.09625506515552,-24.7973297985509,
0.925593710370046));
#12476=CARTESIAN_POINT('',(-6.02714592357794,-24.8,0.939953198780595));
#12477=CARTESIAN_POINT('',(-3.48841292826407,-24.8,1.46745080895946));
#12478=CARTESIAN_POINT('Ctrl Pts',(-5.94111171469115,-24.9742204952469,
0.957829375466043));
#12479=CARTESIAN_POINT('Ctrl Pts',(-5.94536788726641,-24.9705523531809,
0.95694502848426));
#12480=CARTESIAN_POINT('Ctrl Pts',(-5.94942603249813,-24.9668106449507,
0.956101827598055));
#12481=CARTESIAN_POINT('Ctrl Pts',(-5.97531041670713,-24.9414258167976,
0.950723573627903));
#12482=CARTESIAN_POINT('Ctrl Pts',(-5.99639966755492,-24.9107553390256,
0.946341651841245));
#12483=CARTESIAN_POINT('Ctrl Pts',(-6.01873795027928,-24.8577344474004,
0.941700206374413));
#12484=CARTESIAN_POINT('Ctrl Pts',(-6.02584558184288,-24.8274632571901,
0.940223383616465));
#12485=CARTESIAN_POINT('Ctrl Pts',(-6.02714592357794,-24.8,0.939953198780595));
#12486=CARTESIAN_POINT('Origin',(-5.89927299136594,-25.6,1.73218283934081));
#12487=CARTESIAN_POINT('',(-5.94885643640988,-24.75,1.74674185241687));
#12488=CARTESIAN_POINT('Ctrl Pts',(-5.90247825946809,-24.7973297985509,
1.78376005466471));
#12489=CARTESIAN_POINT('Ctrl Pts',(-5.90740253555847,-24.7957543974139,
1.78345403533079));
#12490=CARTESIAN_POINT('Ctrl Pts',(-5.91205265360286,-24.7935815339909,
1.78245830550316));
#12491=CARTESIAN_POINT('Ctrl Pts',(-5.9220681142663,-24.7876070369857,1.77895792466597));
#12492=CARTESIAN_POINT('Ctrl Pts',(-5.92712200682628,-24.7835085354417,
1.77605674579531));
#12493=CARTESIAN_POINT('Ctrl Pts',(-5.93576868516895,-24.774697692864,1.76918969336776));
#12494=CARTESIAN_POINT('Ctrl Pts',(-5.93939688708011,-24.7699179175202,
1.76516313798767));
#12495=CARTESIAN_POINT('Ctrl Pts',(-5.94512401407549,-24.7602607484914,
1.75656326438503));
#12496=CARTESIAN_POINT('Ctrl Pts',(-5.94728211467931,-24.7553289618458,
1.75194956210101));
#12497=CARTESIAN_POINT('Ctrl Pts',(-5.94877531979427,-24.7502800496554,
1.74701600487419));
#12498=CARTESIAN_POINT('Ctrl Pts',(-5.94881616274892,-24.7501400245315,
1.74687901191007));
#12499=CARTESIAN_POINT('Ctrl Pts',(-5.94885643640988,-24.75,1.74674185241687));
#12500=CARTESIAN_POINT('',(-5.92985418233534,-1.45,1.6905262235029));
#12501=CARTESIAN_POINT('Origin',(-5.89927299136594,-1.45,1.73218283934081));
#12502=CARTESIAN_POINT('',(-5.92985418233534,-24.7973297985509,1.6905262235029));
#12503=CARTESIAN_POINT('',(-5.92985418233534,-25.6,1.6905262235029));
#12504=CARTESIAN_POINT('Ctrl Pts',(-5.94885643640988,-24.75,1.74674185241687));
#12505=CARTESIAN_POINT('Ctrl Pts',(-5.94889671007085,-24.7501400245315,
1.74660469292363));
#12506=CARTESIAN_POINT('Ctrl Pts',(-5.94893641477905,-24.7502800496554,
1.74646736574028));
#12507=CARTESIAN_POINT('Ctrl Pts',(-5.95041886741213,-24.755584192469,1.74125908797662));
#12508=CARTESIAN_POINT('Ctrl Pts',(-5.95109552043935,-24.7607751835192,
1.73593461749945));
#12509=CARTESIAN_POINT('Ctrl Pts',(-5.95074808052518,-24.7709179670381,
1.72503330808717));
#12510=CARTESIAN_POINT('Ctrl Pts',(-5.94968731072123,-24.77593303461,1.71937853580836));
#12511=CARTESIAN_POINT('Ctrl Pts',(-5.9456801316757,-24.7847138205975,1.70882303134915));
#12512=CARTESIAN_POINT('Ctrl Pts',(-5.94289306233001,-24.7886036562986,
1.70383937634578));
#12513=CARTESIAN_POINT('Ctrl Pts',(-5.9364860638053,-24.7940338877968,1.69609446178401));
#12514=CARTESIAN_POINT('Ctrl Pts',(-5.93340871521485,-24.7959217902951,
1.69313569733097));
#12515=CARTESIAN_POINT('Ctrl Pts',(-5.92985418233534,-24.7973297985509,
1.6905262235029));
#12516=CARTESIAN_POINT('Origin',(-5.42973764330912,-25.6,0.388342500643403));
#12517=CARTESIAN_POINT('',(-5.39742115933776,-25.5177583993447,0.448862007550417));
#12518=CARTESIAN_POINT('',(-5.40636291838592,-25.5177583993447,0.323839879864834));
#12519=CARTESIAN_POINT('Ctrl Pts',(-5.39742115933776,-25.5177583993447,
0.448862007550418));
#12520=CARTESIAN_POINT('Ctrl Pts',(-5.38893229878644,-25.5257386964287,
0.444329086844975));
#12521=CARTESIAN_POINT('Ctrl Pts',(-5.3811537261473,-25.5332253465288,0.43780763027841));
#12522=CARTESIAN_POINT('Ctrl Pts',(-5.37072294633404,-25.5436056765099,
0.42407188848443));
#12523=CARTESIAN_POINT('Ctrl Pts',(-5.36674693604487,-25.5476998250076,
0.41682627964409));
#12524=CARTESIAN_POINT('Ctrl Pts',(-5.36174022703413,-25.553313618016,0.400724256002789));
#12525=CARTESIAN_POINT('Ctrl Pts',(-5.36070263573706,-25.5548387096774,
0.391871884897226));
#12526=CARTESIAN_POINT('Ctrl Pts',(-5.36190759632317,-25.5548387096774,
0.375024334494519));
#12527=CARTESIAN_POINT('Ctrl Pts',(-5.36419445019914,-25.553313618016,0.366409732400381));
#12528=CARTESIAN_POINT('Ctrl Pts',(-5.37144175502162,-25.5476998250076,
0.351184133125694));
#12529=CARTESIAN_POINT('Ctrl Pts',(-5.37640845290928,-25.5436056765099,
0.34457811939732));
#12530=CARTESIAN_POINT('Ctrl Pts',(-5.38868786229596,-25.5332253465288,
0.332466642391688));
#12531=CARTESIAN_POINT('Ctrl Pts',(-5.39731536031798,-25.5257386964287,
0.32711857115694));
#12532=CARTESIAN_POINT('Ctrl Pts',(-5.40636291838592,-25.5177583993447,
0.323839879864835));
#12533=CARTESIAN_POINT('',(-5.39742115933776,-1.45,0.448862007550418));
#12534=CARTESIAN_POINT('',(-5.39742115933776,-25.6,0.448862007550418));
#12535=CARTESIAN_POINT('',(-5.40636291838592,-1.45,0.323839879864834));
#12536=CARTESIAN_POINT('Origin',(-5.42973764330912,-1.45,0.388342500643403));
#12537=CARTESIAN_POINT('',(-5.40636291838592,-25.6,0.323839879864834));
#12538=CARTESIAN_POINT('Origin',(-5.40636291838592,-25.6,0.323839879864831));
#12539=CARTESIAN_POINT('',(-6.01695309647415,-24.9742204952469,0.10257170065992));
#12540=CARTESIAN_POINT('Ctrl Pts',(-5.40636291838592,-25.5177583993447,
0.323839879864834));
#12541=CARTESIAN_POINT('Ctrl Pts',(-5.69559008720245,-25.262648820099,0.219028549258437));
#12542=CARTESIAN_POINT('Ctrl Pts',(-6.01695309647415,-24.9742204952469,
0.102571700659918));
#12543=CARTESIAN_POINT('',(-6.16592969786426,-1.45,0.0485849473241019));
#12544=CARTESIAN_POINT('',(-5.57491633311402,-1.45,0.262758800420628));
#12545=CARTESIAN_POINT('',(-6.16592969786426,-24.7973297985509,0.0485849473241019));
#12546=CARTESIAN_POINT('',(-6.16592969786426,-25.6,0.0485849473241019));
#12547=CARTESIAN_POINT('',(-6.14975899911882,-24.8,0.0544449516220344));
#12548=CARTESIAN_POINT('Ctrl Pts',(-6.14975899911882,-24.8,0.0544449516220342));
#12549=CARTESIAN_POINT('Ctrl Pts',(-6.15488539930176,-24.8,0.0525872256463116));
#12550=CARTESIAN_POINT('Ctrl Pts',(-6.16077662205031,-24.7990799331332,
0.0504523401246619));
#12551=CARTESIAN_POINT('Ctrl Pts',(-6.16592969786426,-24.7973297985509,
0.0485849473240977));
#12552=CARTESIAN_POINT('',(-6.09956755597161,-24.8,0.0726335331541192));
#12553=CARTESIAN_POINT('',(-4.06181806612028,-24.8,0.811081571586189));
#12554=CARTESIAN_POINT('Ctrl Pts',(-6.01695309647415,-24.9742204952469,
0.10257170065992));
#12555=CARTESIAN_POINT('Ctrl Pts',(-6.0210400916518,-24.9705523531809,0.101090638543578));
#12556=CARTESIAN_POINT('Ctrl Pts',(-6.02493693081867,-24.9668106449507,
0.0996784859442567));
#12557=CARTESIAN_POINT('Ctrl Pts',(-6.04979244397467,-24.9414258167976,
0.0906712428922107));
#12558=CARTESIAN_POINT('Ctrl Pts',(-6.07004342416662,-24.9107553390256,
0.0833326094274237));
#12559=CARTESIAN_POINT('Ctrl Pts',(-6.09149378882102,-24.8577344474004,
0.075559338089813));
#12560=CARTESIAN_POINT('Ctrl Pts',(-6.09831890115171,-24.8274632571901,
0.0730860258216586));
#12561=CARTESIAN_POINT('Ctrl Pts',(-6.09956755597162,-24.8,0.0726335331541191));
#12562=CARTESIAN_POINT('Origin',(-6.08574221900363,-25.6,0.874997633941524));
#12563=CARTESIAN_POINT('',(-6.13689293966178,-24.75,0.882351997294371));
#12564=CARTESIAN_POINT('Ctrl Pts',(-6.09625506515552,-24.7973297985509,
0.92559371037005));
#12565=CARTESIAN_POINT('Ctrl Pts',(-6.10110244821894,-24.7957489249332,
0.924586521750255));
#12566=CARTESIAN_POINT('Ctrl Pts',(-6.10558009202863,-24.7935655256857,
0.922930550950403));
#12567=CARTESIAN_POINT('Ctrl Pts',(-6.11529209733551,-24.7873903025405,
0.917873680732838));
#12568=CARTESIAN_POINT('Ctrl Pts',(-6.12007632074115,-24.7830334445305,
0.914044308035432));
#12569=CARTESIAN_POINT('Ctrl Pts',(-6.12753219922417,-24.7740861180963,
0.905859676723298));
#12570=CARTESIAN_POINT('Ctrl Pts',(-6.13038016122636,-24.7694793365763,
0.90151218194719));
#12571=CARTESIAN_POINT('Ctrl Pts',(-6.13466765611257,-24.7600428618371,
0.892390141159616));
#12572=CARTESIAN_POINT('Ctrl Pts',(-6.13611446639954,-24.755156401779,0.887558334127365));
#12573=CARTESIAN_POINT('Ctrl Pts',(-6.13686426901777,-24.7501953697597,
0.882549377574307));
#12574=CARTESIAN_POINT('Ctrl Pts',(-6.13687874722304,-24.7500976847794,
0.882450707874051));
#12575=CARTESIAN_POINT('Ctrl Pts',(-6.13689293966178,-24.75,0.882351997294371));
#12576=CARTESIAN_POINT('',(-6.11008378299741,-1.45,0.829412865141946));
#12577=CARTESIAN_POINT('Origin',(-6.08574221900363,-1.45,0.874997633941524));
#12578=CARTESIAN_POINT('',(-6.11008378299741,-24.7973297985509,0.829412865141946));
#12579=CARTESIAN_POINT('',(-6.11008378299741,-25.6,0.829412865141946));
#12580=CARTESIAN_POINT('Ctrl Pts',(-6.13689293966178,-24.75,0.882351997294371));
#12581=CARTESIAN_POINT('Ctrl Pts',(-6.13690713210053,-24.7500976847794,
0.882253286714687));
#12582=CARTESIAN_POINT('Ctrl Pts',(-6.13692103883122,-24.7501953697597,
0.882154534848936));
#12583=CARTESIAN_POINT('Ctrl Pts',(-6.13757418696282,-24.7548795210528,
0.877417253660009));
#12584=CARTESIAN_POINT('Ctrl Pts',(-6.13758646808968,-24.7594852399252,
0.872668733068129));
#12585=CARTESIAN_POINT('Ctrl Pts',(-6.13629072257644,-24.7684150941715,
0.863267426516077));
#12586=CARTESIAN_POINT('Ctrl Pts',(-6.13499047463149,-24.7727863701775,
0.858567313117306));
#12587=CARTESIAN_POINT('Ctrl Pts',(-6.13058556263153,-24.7817586790013,
0.848655698448402));
#12588=CARTESIAN_POINT('Ctrl Pts',(-6.12716801916698,-24.7863368377572,
0.84342097813695));
#12589=CARTESIAN_POINT('Ctrl Pts',(-6.11917076473082,-24.7930271447186,
0.835289462656899));
#12590=CARTESIAN_POINT('Ctrl Pts',(-6.11510296007858,-24.7954704202418,
0.832135961101176));
#12591=CARTESIAN_POINT('Ctrl Pts',(-6.11029164280873,-24.7972541034295,
0.829524316941495));
#12592=CARTESIAN_POINT('Ctrl Pts',(-6.11018783644562,-24.7972921330827,
0.829468428079634));
#12593=CARTESIAN_POINT('Ctrl Pts',(-6.11008378299741,-24.7973297985509,
0.829412865141945));
#12594=CARTESIAN_POINT('Origin',(-5.42973764330912,-25.6,-0.388342500643405));
#12595=CARTESIAN_POINT('',(-5.40636291838592,-25.5177583993447,-0.323839879864836));
#12596=CARTESIAN_POINT('',(-5.39742115933776,-25.5177583993447,-0.448862007550419));
#12597=CARTESIAN_POINT('Ctrl Pts',(-5.40636291838592,-25.5177583993447,
-0.323839879864835));
#12598=CARTESIAN_POINT('Ctrl Pts',(-5.39731536031798,-25.5257386964287,
-0.32711857115694));
#12599=CARTESIAN_POINT('Ctrl Pts',(-5.38868786229596,-25.5332253465288,
-0.332466642391689));
#12600=CARTESIAN_POINT('Ctrl Pts',(-5.37640845290928,-25.5436056765099,
-0.344578119397322));
#12601=CARTESIAN_POINT('Ctrl Pts',(-5.37144175502161,-25.5476998250076,
-0.351184133125696));
#12602=CARTESIAN_POINT('Ctrl Pts',(-5.36419445019914,-25.5533136180161,
-0.366409732400384));
#12603=CARTESIAN_POINT('Ctrl Pts',(-5.36190759632317,-25.5548387096774,
-0.375024334494521));
#12604=CARTESIAN_POINT('Ctrl Pts',(-5.36070263573706,-25.5548387096774,
-0.391871884897228));
#12605=CARTESIAN_POINT('Ctrl Pts',(-5.36174022703413,-25.5533136180161,
-0.400724256002791));
#12606=CARTESIAN_POINT('Ctrl Pts',(-5.36674693604487,-25.5476998250076,
-0.416826279644092));
#12607=CARTESIAN_POINT('Ctrl Pts',(-5.37072294633404,-25.5436056765099,
-0.424071888484432));
#12608=CARTESIAN_POINT('Ctrl Pts',(-5.3811537261473,-25.5332253465288,-0.437807630278411));
#12609=CARTESIAN_POINT('Ctrl Pts',(-5.38893229878644,-25.5257386964287,
-0.444329086844977));
#12610=CARTESIAN_POINT('Ctrl Pts',(-5.39742115933776,-25.5177583993447,
-0.44886200755042));
#12611=CARTESIAN_POINT('',(-5.40636291838592,-1.45,-0.323839879864836));
#12612=CARTESIAN_POINT('',(-5.40636291838592,-25.6,-0.323839879864836));
#12613=CARTESIAN_POINT('',(-5.39742115933776,-1.45,-0.448862007550419));
#12614=CARTESIAN_POINT('Origin',(-5.42973764330912,-1.45,-0.388342500643405));
#12615=CARTESIAN_POINT('',(-5.39742115933776,-25.6,-0.448862007550419));
#12616=CARTESIAN_POINT('Origin',(-5.39742115933776,-25.6,-0.448862007550423));
#12617=CARTESIAN_POINT('',(-5.97030666467282,-24.9742204952469,-0.754774038179279));
#12618=CARTESIAN_POINT('Ctrl Pts',(-5.39742115933776,-25.5177583993447,
-0.448862007550419));
#12619=CARTESIAN_POINT('Ctrl Pts',(-5.66878820504182,-25.2626488200996,
-0.593767827690745));
#12620=CARTESIAN_POINT('Ctrl Pts',(-5.97030666467282,-24.9742204952469,
-0.754774038179282));
#12621=CARTESIAN_POINT('',(-6.11008378299741,-1.45,-0.829412865141945));
#12622=CARTESIAN_POINT('',(-5.55556619939522,-1.45,-0.533309021634967));
#12623=CARTESIAN_POINT('',(-6.11008378299741,-24.7973297985509,-0.829412865141945));
#12624=CARTESIAN_POINT('',(-6.11008378299741,-25.6,-0.829412865141945));
#12625=CARTESIAN_POINT('',(-6.09491164421292,-24.8,-0.821311176861615));
#12626=CARTESIAN_POINT('Ctrl Pts',(-6.09491164421292,-24.8,-0.821311176861616));
#12627=CARTESIAN_POINT('Ctrl Pts',(-6.09972148306186,-24.8,-0.823879556678485));
#12628=CARTESIAN_POINT('Ctrl Pts',(-6.10524891576953,-24.7990799331332,
-0.826831120556468));
#12629=CARTESIAN_POINT('Ctrl Pts',(-6.11008378299741,-24.7973297985509,
-0.829412865141951));
#12630=CARTESIAN_POINT('',(-6.04781958262603,-24.8,-0.796164741749561));
#12631=CARTESIAN_POINT('',(-4.49230461989872,-24.8,0.0344562749982374));
#12632=CARTESIAN_POINT('Ctrl Pts',(-5.97030666467282,-24.9742204952469,
-0.754774038179279));
#12633=CARTESIAN_POINT('Ctrl Pts',(-5.97414128301696,-24.9705523531809,
-0.756821665276524));
#12634=CARTESIAN_POINT('Ctrl Pts',(-5.9777974877111,-24.9668106449507,-0.75877402223435));
#12635=CARTESIAN_POINT('Ctrl Pts',(-6.00111814324362,-24.9414258167976,
-0.771226892874494));
#12636=CARTESIAN_POINT('Ctrl Pts',(-6.02011860122203,-24.9107553390256,
-0.781372844602937));
#12637=CARTESIAN_POINT('Ctrl Pts',(-6.04024438023985,-24.8577344474004,
-0.792119700423156));
#12638=CARTESIAN_POINT('Ctrl Pts',(-6.04664803373257,-24.8274632571901,
-0.795539152696182));
#12639=CARTESIAN_POINT('Ctrl Pts',(-6.04781958262603,-24.8,-0.796164741749561));
#12640=CARTESIAN_POINT('Origin',(-6.14832328489373,-25.6,-1.38777878078145E-16));
#12641=CARTESIAN_POINT('',(-6.2,-24.75,-3.03146652408792E-16));
#12642=CARTESIAN_POINT('Ctrl Pts',(-6.16592969786426,-24.7973297985509,
0.0485849473241021));
#12643=CARTESIAN_POINT('Ctrl Pts',(-6.17087035432689,-24.7956518077651,
0.0467945319214385));
#12644=CARTESIAN_POINT('Ctrl Pts',(-6.17528990576961,-24.7932972530972,
0.044342164968085));
#12645=CARTESIAN_POINT('Ctrl Pts',(-6.18432114504812,-24.7868073603188,
0.0376346237212984));
#12646=CARTESIAN_POINT('Ctrl Pts',(-6.18846723469119,-24.7823412321612,
0.0330530211499606));
#12647=CARTESIAN_POINT('Ctrl Pts',(-6.19443818892938,-24.7733846170509,
0.0238833939992109));
#12648=CARTESIAN_POINT('Ctrl Pts',(-6.19650696584937,-24.7688981145313,
0.0192981316279392));
#12649=CARTESIAN_POINT('Ctrl Pts',(-6.19927293886601,-24.7597306855197,
0.00993396922733906));
#12650=CARTESIAN_POINT('Ctrl Pts',(-6.19997183713349,-24.7549986730597,
0.00510310801861415));
#12651=CARTESIAN_POINT('Ctrl Pts',(-6.19999972191867,-24.7501917512571,
0.000195757389500847));
#12652=CARTESIAN_POINT('Ctrl Pts',(-6.2,-24.7500958755335,9.78785976844335E-5));
#12653=CARTESIAN_POINT('Ctrl Pts',(-6.2,-24.75,-3.03146652408792E-16));
#12654=CARTESIAN_POINT('',(-6.16592969786426,-1.45,-0.0485849473241021));
#12655=CARTESIAN_POINT('Origin',(-6.14832328489373,-1.45,-1.38777878078145E-16));
#12656=CARTESIAN_POINT('',(-6.16592969786426,-24.7973297985509,-0.0485849473241021));
#12657=CARTESIAN_POINT('',(-6.16592969786426,-25.6,-0.0485849473241021));
#12658=CARTESIAN_POINT('Ctrl Pts',(-6.2,-24.75,-3.03146652408792E-16));
#12659=CARTESIAN_POINT('Ctrl Pts',(-6.2,-24.7500958755335,-9.78785976850691E-5));
#12660=CARTESIAN_POINT('Ctrl Pts',(-6.19999972191867,-24.7501917512571,
-0.000195757389501474));
#12661=CARTESIAN_POINT('Ctrl Pts',(-6.19997163518986,-24.7550334851354,
-0.00513864740717598));
#12662=CARTESIAN_POINT('Ctrl Pts',(-6.19926257222541,-24.7598007961651,
-0.0100055430016509));
#12663=CARTESIAN_POINT('Ctrl Pts',(-6.1964556153137,-24.7690321144838,-0.0194350491845173));
#12664=CARTESIAN_POINT('Ctrl Pts',(-6.19435593390577,-24.7735484107597,
-0.0240508410628097));
#12665=CARTESIAN_POINT('Ctrl Pts',(-6.18832882501522,-24.7825019679161,
-0.0332178604895688));
#12666=CARTESIAN_POINT('Ctrl Pts',(-6.18417485594533,-24.7869402463015,
-0.0377712975523008));
#12667=CARTESIAN_POINT('Ctrl Pts',(-6.17517702431407,-24.7933572774341,
-0.0444047103496205));
#12668=CARTESIAN_POINT('Ctrl Pts',(-6.17080675695003,-24.795673407286,-0.04681757860035));
#12669=CARTESIAN_POINT('Ctrl Pts',(-6.16592969786426,-24.7973297985509,
-0.0485849473241021));
#12670=CARTESIAN_POINT('Origin',(-5.3192038429617,-25.6,-1.15712196850441));
#12671=CARTESIAN_POINT('',(-5.30524671907895,-25.5177583993447,-1.08994932120314));
#12672=CARTESIAN_POINT('',(-5.2786034703628,-25.5177583993447,-1.21242635890309));
#12673=CARTESIAN_POINT('Ctrl Pts',(-5.30524671907895,-25.5177583993447,
-1.08994932120314));
#12674=CARTESIAN_POINT('Ctrl Pts',(-5.29582464568567,-25.5257386964287,
-1.09190703838216));
#12675=CARTESIAN_POINT('Ctrl Pts',(-5.28652385326083,-25.5332253465288,
-1.09597285297732));
#12676=CARTESIAN_POINT('Ctrl Pts',(-5.27264578766496,-25.5436056765099,
-1.10621351044938));
#12677=CARTESIAN_POINT('Ctrl Pts',(-5.26678950982502,-25.5476998250076,
-1.11204544967645));
#12678=CARTESIAN_POINT('Ctrl Pts',(-5.25744914341749,-25.553313618016,-1.1260846752903));
#12679=CARTESIAN_POINT('Ctrl Pts',(-5.25395958071279,-25.5548387096774,
-1.13428613991683));
#12680=CARTESIAN_POINT('Ctrl Pts',(-5.25036922847717,-25.5548387096774,
-1.15079072277767));
#12681=CARTESIAN_POINT('Ctrl Pts',(-5.2501364348287,-25.553313618016,-1.15970065414707));
#12682=CARTESIAN_POINT('Ctrl Pts',(-5.25280062587041,-25.5476998250076,
-1.17635131138805));
#12683=CARTESIAN_POINT('Ctrl Pts',(-5.25570500845747,-25.5436056765099,
-1.18408901563898));
#12684=CARTESIAN_POINT('Ctrl Pts',(-5.26407481810019,-25.5332253465288,
-1.19916940212899));
#12685=CARTESIAN_POINT('Ctrl Pts',(-5.27084611604907,-25.5257386964287,
-1.20673148597801));
#12686=CARTESIAN_POINT('Ctrl Pts',(-5.2786034703628,-25.5177583993447,-1.21242635890309));
#12687=CARTESIAN_POINT('',(-5.30524671907895,-1.45,-1.08994932120314));
#12688=CARTESIAN_POINT('',(-5.30524671907895,-25.6,-1.08994932120314));
#12689=CARTESIAN_POINT('',(-5.2786034703628,-1.45,-1.21242635890309));
#12690=CARTESIAN_POINT('Origin',(-5.3192038429617,-1.45,-1.15712196850441));
#12691=CARTESIAN_POINT('',(-5.2786034703628,-25.6,-1.21242635890309));
#12692=CARTESIAN_POINT('Origin',(-5.2786034703628,-25.6,-1.21242635890309));
#12693=CARTESIAN_POINT('',(-5.80212200612143,-24.9742204952469,-1.59675475418974));
#12694=CARTESIAN_POINT('Ctrl Pts',(-5.2786034703628,-25.5177583993447,-1.21242635890309));
#12695=CARTESIAN_POINT('Ctrl Pts',(-5.52658614246275,-25.2626488200993,
-1.39447680395363));
#12696=CARTESIAN_POINT('Ctrl Pts',(-5.80212200612144,-24.9742204952469,
-1.59675475418974));
#12697=CARTESIAN_POINT('',(-5.92985418233534,-1.45,-1.6905262235029));
#12698=CARTESIAN_POINT('',(-5.42312075878669,-1.45,-1.31852020994629));
#12699=CARTESIAN_POINT('',(-5.92985418233534,-24.7973297985509,-1.6905262235029));
#12700=CARTESIAN_POINT('',(-5.92985418233534,-25.6,-1.6905262235029));
#12701=CARTESIAN_POINT('',(-5.91598946450461,-24.8,-1.68034777825021));
#12702=CARTESIAN_POINT('Ctrl Pts',(-5.91598946450461,-24.8,-1.68034777825021));
#12703=CARTESIAN_POINT('Ctrl Pts',(-5.92038482757103,-24.8,-1.68357452710175));
#12704=CARTESIAN_POINT('Ctrl Pts',(-5.92543594764768,-24.7990799331332,
-1.68728268400712));
#12705=CARTESIAN_POINT('Ctrl Pts',(-5.92985418233534,-24.7973297985509,
-1.6905262235029));
#12706=CARTESIAN_POINT('',(-5.87295544304965,-24.8,-1.64875539846074));
#12707=CARTESIAN_POINT('',(-4.75321030644045,-24.8,-0.826721750961669));
#12708=CARTESIAN_POINT('Ctrl Pts',(-5.80212200612143,-24.9742204952469,
-1.59675475418974));
#12709=CARTESIAN_POINT('Ctrl Pts',(-5.8056261858607,-24.9705523531809,-1.59932726248505));
#12710=CARTESIAN_POINT('Ctrl Pts',(-5.80896732629816,-24.9668106449507,
-1.60178007944385));
#12711=CARTESIAN_POINT('Ctrl Pts',(-5.83027838291178,-24.9414258167976,
-1.61742507313697));
#12712=CARTESIAN_POINT('Ctrl Pts',(-5.84764152414501,-24.9107553390256,
-1.63017180081039));
#12713=CARTESIAN_POINT('Ctrl Pts',(-5.86603301470341,-24.8577344474004,
-1.64367346612009));
#12714=CARTESIAN_POINT('Ctrl Pts',(-5.87188484943966,-24.8274632571901,
-1.6479694482106));
#12715=CARTESIAN_POINT('Ctrl Pts',(-5.87295544304965,-24.8,-1.64875539846074));
#12716=CARTESIAN_POINT('Origin',(-6.08574221900363,-25.6,-0.874997633941524));
#12717=CARTESIAN_POINT('',(-6.13689293966178,-24.75,-0.882351997294372));
#12718=CARTESIAN_POINT('Ctrl Pts',(-6.11008378299741,-24.7973297985509,
-0.829412865141946));
#12719=CARTESIAN_POINT('Ctrl Pts',(-6.11099295473911,-24.7970006948069,
-0.82989834884));
#12720=CARTESIAN_POINT('Ctrl Pts',(-6.11188235857297,-24.7966441116062,
-0.830408236980899));
#12721=CARTESIAN_POINT('Ctrl Pts',(-6.11720248998686,-24.7943023080235,
-0.833669724023256));
#12722=CARTESIAN_POINT('Ctrl Pts',(-6.12101192512396,-24.7917119326212,
-0.836931171569948));
#12723=CARTESIAN_POINT('Ctrl Pts',(-6.12845963056977,-24.7847806264925,
-0.845221113689631));
#12724=CARTESIAN_POINT('Ctrl Pts',(-6.13160223767984,-24.780128142479,-0.850489827403258));
#12725=CARTESIAN_POINT('Ctrl Pts',(-6.1370405840117,-24.7676966850358,-0.864121550528643));
#12726=CARTESIAN_POINT('Ctrl Pts',(-6.13814822813274,-24.7591387902112,
-0.873106816307706));
#12727=CARTESIAN_POINT('Ctrl Pts',(-6.1369317397261,-24.7502708354683,-0.882078238797422));
#12728=CARTESIAN_POINT('Ctrl Pts',(-6.13691261421198,-24.7501354174663,
-0.882215157792029));
#12729=CARTESIAN_POINT('Ctrl Pts',(-6.13689293966178,-24.75,-0.882351997294372));
#12730=CARTESIAN_POINT('',(-6.09625506515552,-1.45,-0.925593710370049));
#12731=CARTESIAN_POINT('Origin',(-6.08574221900363,-1.45,-0.874997633941524));
#12732=CARTESIAN_POINT('',(-6.09625506515552,-24.7973297985509,-0.925593710370049));
#12733=CARTESIAN_POINT('',(-6.09625506515552,-25.6,-0.925593710370049));
#12734=CARTESIAN_POINT('Ctrl Pts',(-6.13689293966178,-24.75,-0.882351997294372));
#12735=CARTESIAN_POINT('Ctrl Pts',(-6.1368732651116,-24.7501354174663,-0.882488836796625));
#12736=CARTESIAN_POINT('Ctrl Pts',(-6.13685304136957,-24.7502708354685,
-0.882625597890007));
#12737=CARTESIAN_POINT('Ctrl Pts',(-6.13579164723768,-24.7571900367469,
-0.889609393137743));
#12738=CARTESIAN_POINT('Ctrl Pts',(-6.13336317724363,-24.7640372291566,
-0.896322095045788));
#12739=CARTESIAN_POINT('Ctrl Pts',(-6.1262663738399,-24.7759943260532,-0.907649881654429));
#12740=CARTESIAN_POINT('Ctrl Pts',(-6.12191555059452,-24.7813123762353,
-0.912522409901718));
#12741=CARTESIAN_POINT('Ctrl Pts',(-6.11247824548941,-24.7893328023269,
-0.919495833255413));
#12742=CARTESIAN_POINT('Ctrl Pts',(-6.10788188844002,-24.7923772194335,
-0.922010378006808));
#12743=CARTESIAN_POINT('Ctrl Pts',(-6.10064103247055,-24.7957463298696,
-0.924528923081806));
#12744=CARTESIAN_POINT('Ctrl Pts',(-6.09848230662564,-24.796603429862,-0.925130934428292));
#12745=CARTESIAN_POINT('Ctrl Pts',(-6.09625506515552,-24.7973297985509,
-0.925593710370049));
#12746=CARTESIAN_POINT('Origin',(-5.10038639168878,-25.6,-1.90234576995087));
#12747=CARTESIAN_POINT('',(-5.09613099563972,-25.5177583993447,-1.83387053751603));
#12748=CARTESIAN_POINT('',(-5.05232863696664,-25.5177583993447,-1.95130920593739));
#12749=CARTESIAN_POINT('Ctrl Pts',(-5.09613099563972,-25.5177583993447,
-1.83387053751603));
#12750=CARTESIAN_POINT('Ctrl Pts',(-5.08652621316434,-25.5257386964287,
-1.83446742710581));
#12751=CARTESIAN_POINT('Ctrl Pts',(-5.0767414636492,-25.5332253465288,-1.83716821680105));
#12752=CARTESIAN_POINT('Ctrl Pts',(-5.06154725923863,-25.5436056765099,
-1.84532958448503));
#12753=CARTESIAN_POINT('Ctrl Pts',(-5.05492061837512,-25.5476998250076,
-1.85026872774606));
#12754=CARTESIAN_POINT('Ctrl Pts',(-5.04367733330721,-25.5533136180161,
-1.86283578155135));
#12755=CARTESIAN_POINT('Ctrl Pts',(-5.03905609920738,-25.5548387096774,
-1.87045715054156));
#12756=CARTESIAN_POINT('Ctrl Pts',(-5.03315344454006,-25.5548387096774,
-1.88628278014875));
#12757=CARTESIAN_POINT('Ctrl Pts',(-5.0316550049534,-25.553313618016,-1.89506889127345));
#12758=CARTESIAN_POINT('Ctrl Pts',(-5.03192244277936,-25.5476998250076,
-1.91192922274921));
#12759=CARTESIAN_POINT('Ctrl Pts',(-5.03369607281037,-25.5436056765099,
-1.92000150506587));
#12760=CARTESIAN_POINT('Ctrl Pts',(-5.03983452709478,-25.5332253465288,
-1.93611954307122));
#12761=CARTESIAN_POINT('Ctrl Pts',(-5.04546070625396,-25.5257386964287,
-1.94456831198277));
#12762=CARTESIAN_POINT('Ctrl Pts',(-5.05232863696664,-25.5177583993447,
-1.95130920593739));
#12763=CARTESIAN_POINT('',(-5.09613099563972,-1.45,-1.83387053751603));
#12764=CARTESIAN_POINT('',(-5.09613099563972,-25.6,-1.83387053751603));
#12765=CARTESIAN_POINT('',(-5.05232863696664,-1.45,-1.95130920593739));
#12766=CARTESIAN_POINT('Origin',(-5.10038639168878,-1.45,-1.90234576995087));
#12767=CARTESIAN_POINT('',(-5.05232863696664,-25.6,-1.95130920593739));
#12768=CARTESIAN_POINT('Origin',(-5.05232863696664,-25.6,-1.95130920593739));
#12769=CARTESIAN_POINT('',(-5.51582287546359,-24.9742204952469,-2.40623014806536));
#12770=CARTESIAN_POINT('Ctrl Pts',(-5.05232863696664,-25.5177583993447,
-1.95130920593739));
#12771=CARTESIAN_POINT('Ctrl Pts',(-5.27187872338135,-25.262648820099,-2.16679825382705));
#12772=CARTESIAN_POINT('Ctrl Pts',(-5.5158228754636,-24.9742204952469,-2.40623014806536));
#12773=CARTESIAN_POINT('',(-5.62890985080829,-1.45,-2.51722534302838));
#12774=CARTESIAN_POINT('',(-5.18027621851809,-1.45,-2.07689012908141));
#12775=CARTESIAN_POINT('',(-5.62890985080829,-24.7973297985509,-2.51722534302838));
#12776=CARTESIAN_POINT('',(-5.62890985080829,-25.6,-2.51722534302838));
#12777=CARTESIAN_POINT('',(-5.61663479960381,-24.8,-2.50517734459648));
#12778=CARTESIAN_POINT('Ctrl Pts',(-5.61663479960381,-24.8,-2.50517734459648));
#12779=CARTESIAN_POINT('Ctrl Pts',(-5.62052620997085,-24.8,-2.50899677518125));
#12780=CARTESIAN_POINT('Ctrl Pts',(-5.62499819117796,-24.7990799331332,
-2.51338603773285));
#12781=CARTESIAN_POINT('Ctrl Pts',(-5.62890985080828,-24.7973297985509,
-2.51722534302838));
#12782=CARTESIAN_POINT('',(-5.57853486685774,-24.8,-2.4677821498772));
#12783=CARTESIAN_POINT('',(-4.82765468845555,-24.8,-1.73079107250875));
#12784=CARTESIAN_POINT('Ctrl Pts',(-5.51582287546359,-24.9742204952469,
-2.40623014806536));
#12785=CARTESIAN_POINT('Ctrl Pts',(-5.51892528160373,-24.9705523531809,
-2.40927516870835));
#12786=CARTESIAN_POINT('Ctrl Pts',(-5.52188334180025,-24.9668106449507,
-2.41217851338819));
#12787=CARTESIAN_POINT('Ctrl Pts',(-5.54075096783833,-24.9414258167976,
-2.43069714317913));
#12788=CARTESIAN_POINT('Ctrl Pts',(-5.55612332884203,-24.9107553390256,
-2.44578516018063));
#12789=CARTESIAN_POINT('Ctrl Pts',(-5.57240613322991,-24.8577344474004,
-2.46176678000969));
#12790=CARTESIAN_POINT('Ctrl Pts',(-5.57758702272976,-24.8274632571901,
-2.4668518381109));
#12791=CARTESIAN_POINT('Ctrl Pts',(-5.57853486685774,-24.8,-2.4677821498772));
#12792=CARTESIAN_POINT('Origin',(-5.89927299136594,-25.6,-1.73218283934081));
#12793=CARTESIAN_POINT('',(-5.94885643640988,-24.75,-1.74674185241686));
#12794=CARTESIAN_POINT('Ctrl Pts',(-5.92985418233534,-24.7973297985509,
-1.6905262235029));
#12795=CARTESIAN_POINT('Ctrl Pts',(-5.93095192417711,-24.7968949651626,
-1.69133210396685));
#12796=CARTESIAN_POINT('Ctrl Pts',(-5.9320080920523,-24.7964126933739,-1.69217425508661));
#12797=CARTESIAN_POINT('Ctrl Pts',(-5.93703898544518,-24.7938038195443,
-1.69651274091446));
#12798=CARTESIAN_POINT('Ctrl Pts',(-5.94031266387091,-24.7910815604358,
-1.70041198206235));
#12799=CARTESIAN_POINT('Ctrl Pts',(-5.94639228470935,-24.7838290912185,
-1.70998273261392));
#12800=CARTESIAN_POINT('Ctrl Pts',(-5.94864497705693,-24.7789763306807,
-1.71582481555323));
#12801=CARTESIAN_POINT('Ctrl Pts',(-5.95161684634851,-24.7664832767888,
-1.73001507647109));
#12802=CARTESIAN_POINT('Ctrl Pts',(-5.95120571049917,-24.7583976008152,
-1.73849668224327));
#12803=CARTESIAN_POINT('Ctrl Pts',(-5.94893577230791,-24.7502777840078,
-1.74646958772358));
#12804=CARTESIAN_POINT('Ctrl Pts',(-5.94889638425165,-24.7501388917147,
-1.74660580256193));
#12805=CARTESIAN_POINT('Ctrl Pts',(-5.94885643640988,-24.75,-1.74674185241686));
#12806=CARTESIAN_POINT('',(-5.90247825946809,-1.45,-1.78376005466471));
#12807=CARTESIAN_POINT('Origin',(-5.89927299136594,-1.45,-1.73218283934081));
#12808=CARTESIAN_POINT('',(-5.90247825946809,-24.7973297985509,-1.78376005466471));
#12809=CARTESIAN_POINT('',(-5.90247825946809,-25.6,-1.78376005466471));
#12810=CARTESIAN_POINT('Ctrl Pts',(-5.94885643640988,-24.75,-1.74674185241686));
#12811=CARTESIAN_POINT('Ctrl Pts',(-5.9488164885681,-24.7501388917148,-1.74687790227185));
#12812=CARTESIAN_POINT('Ctrl Pts',(-5.94877598060805,-24.7502777840077,
-1.74701378827668));
#12813=CARTESIAN_POINT('Ctrl Pts',(-5.94637509599448,-24.7583976008155,
-1.75494824441789));
#12814=CARTESIAN_POINT('Ctrl Pts',(-5.94213546320209,-24.7664832767888,
-1.76230570205986));
#12815=CARTESIAN_POINT('Ctrl Pts',(-5.93196353339889,-24.7789763306807,
-1.77263659534563));
#12816=CARTESIAN_POINT('Ctrl Pts',(-5.92690997950716,-24.7838290912185,
-1.77633337082515));
#12817=CARTESIAN_POINT('Ctrl Pts',(-5.91662113859667,-24.7910815604358,
-1.78109790735859));
#12818=CARTESIAN_POINT('Ctrl Pts',(-5.91175905613403,-24.7938038195443,
-1.78260827356944));
#12819=CARTESIAN_POINT('Ctrl Pts',(-5.90518123676949,-24.7964126933739,
-1.78353813378279));
#12820=CARTESIAN_POINT('Ctrl Pts',(-5.90383743054342,-24.7968949651626,
-1.78367558892406));
#12821=CARTESIAN_POINT('Ctrl Pts',(-5.90247825946809,-24.7973297985509,
-1.78376005466471));
#12822=CARTESIAN_POINT('Origin',(-4.77773978178085,-25.6,-2.60884329743331));
#12823=CARTESIAN_POINT('',(-4.78327274115748,-25.5177583993447,-2.54045943813102));
#12824=CARTESIAN_POINT('',(-4.7232029622345,-25.5177583993447,-2.65046902464988));
#12825=CARTESIAN_POINT('Ctrl Pts',(-4.78327274115748,-25.5177583993447,
-2.54045943813102));
#12826=CARTESIAN_POINT('Ctrl Pts',(-4.77368077527332,-25.5257386964287,
-2.53968334918078));
#12827=CARTESIAN_POINT('Ctrl Pts',(-4.76361125795111,-25.5332253465288,
-2.54096413368635));
#12828=CARTESIAN_POINT('Ctrl Pts',(-4.74741022491117,-25.5436056765099,
-2.54688006967165));
#12829=CARTESIAN_POINT('Ctrl Pts',(-4.74014812032242,-25.5476998250076,
-2.55082587025315));
#12830=CARTESIAN_POINT('Ctrl Pts',(-4.72723079745515,-25.553313618016,-2.5616649232748));
#12831=CARTESIAN_POINT('Ctrl Pts',(-4.72157196695993,-25.5548387096774,
-2.56855104753425));
#12832=CARTESIAN_POINT('Ctrl Pts',(-4.71347717088807,-25.5548387096774,
-2.58337555970636));
#12833=CARTESIAN_POINT('Ctrl Pts',(-4.71074358927207,-25.553313618016,-2.59185899070089));
#12834=CARTESIAN_POINT('Ctrl Pts',(-4.70860882961936,-25.5476998250076,
-2.60858576868377));
#12835=CARTESIAN_POINT('Ctrl Pts',(-4.70921560110164,-25.5436056765099,
-2.61682830067674));
#12836=CARTESIAN_POINT('Ctrl Pts',(-4.71299773880034,-25.5332253465288,
-2.63365587342421));
#12837=CARTESIAN_POINT('Ctrl Pts',(-4.7173642663867,-25.5257386964287,-2.64281933482751));
#12838=CARTESIAN_POINT('Ctrl Pts',(-4.7232029622345,-25.5177583993447,-2.65046902464988));
#12839=CARTESIAN_POINT('',(-4.78327274115748,-1.45,-2.54045943813102));
#12840=CARTESIAN_POINT('',(-4.78327274115748,-25.6,-2.54045943813102));
#12841=CARTESIAN_POINT('',(-4.7232029622345,-1.45,-2.65046902464988));
#12842=CARTESIAN_POINT('Origin',(-4.77773978178085,-1.45,-2.60884329743331));
#12843=CARTESIAN_POINT('',(-4.7232029622345,-25.6,-2.65046902464988));
#12844=CARTESIAN_POINT('Origin',(-4.72320296223449,-25.6,-2.65046902464988));
#12845=CARTESIAN_POINT('',(-5.11723749738098,-24.9742204952469,-3.16672163512111));
#12846=CARTESIAN_POINT('Ctrl Pts',(-4.7232029622345,-25.5177583993447,-2.65046902464988));
#12847=CARTESIAN_POINT('Ctrl Pts',(-4.90985105633399,-25.2626488200997,
-2.89500993978189));
#12848=CARTESIAN_POINT('Ctrl Pts',(-5.11723749738099,-24.9742204952469,
-3.16672163512112));
#12849=CARTESIAN_POINT('',(-5.21337714715435,-1.45,-3.29268101364826));
#12850=CARTESIAN_POINT('',(-4.83197619312348,-1.45,-2.79298055444499));
#12851=CARTESIAN_POINT('',(-5.21337714715435,-24.7973297985509,-3.29268101364826));
#12852=CARTESIAN_POINT('',(-5.21337714715435,-25.6,-3.29268101364826));
#12853=CARTESIAN_POINT('',(-5.20294164722032,-24.8,-3.27900872454166));
#12854=CARTESIAN_POINT('Ctrl Pts',(-5.20294164722032,-24.8,-3.27900872454166));
#12855=CARTESIAN_POINT('Ctrl Pts',(-5.2062498869948,-24.8,-3.28334308426728));
#12856=CARTESIAN_POINT('Ctrl Pts',(-5.21005169269112,-24.7990799331332,
-3.28832409973714));
#12857=CARTESIAN_POINT('Ctrl Pts',(-5.21337714715434,-24.7973297985509,
-3.29268101364826));
#12858=CARTESIAN_POINT('',(-5.17055140794271,-24.8,-3.23657197321822));
#12859=CARTESIAN_POINT('',(-4.70982007526784,-24.8,-2.6329351546057));
#12860=CARTESIAN_POINT('Ctrl Pts',(-5.11723749738098,-24.9742204952469,
-3.16672163512111));
#12861=CARTESIAN_POINT('Ctrl Pts',(-5.11987497387956,-24.9705523531809,
-3.17017718027261));
#12862=CARTESIAN_POINT('Ctrl Pts',(-5.12238973625989,-24.9668106449507,
-3.17347194894835));
#12863=CARTESIAN_POINT('Ctrl Pts',(-5.13842984126603,-24.9414258167976,
-3.19448722893789));
#12864=CARTESIAN_POINT('Ctrl Pts',(-5.1514984851004,-24.9107553390256,-3.21160938675156));
#12865=CARTESIAN_POINT('Ctrl Pts',(-5.16534113237616,-24.8577344474004,
-3.22974562140745));
#12866=CARTESIAN_POINT('Ctrl Pts',(-5.16974560866984,-24.8274632571901,
-3.23551623840052));
#12867=CARTESIAN_POINT('Ctrl Pts',(-5.17055140794271,-24.8,-3.23657197321822));
#12868=CARTESIAN_POINT('Origin',(-5.59271157772253,-25.6,-2.55410579733393));
#12869=CARTESIAN_POINT('',(-5.63971837119802,-24.75,-2.57557308061169));
#12870=CARTESIAN_POINT('Ctrl Pts',(-5.62890985080829,-24.7973297985509,
-2.51722534302838));
#12871=CARTESIAN_POINT('Ctrl Pts',(-5.62987721745005,-24.796896984356,-2.51817481619871));
#12872=CARTESIAN_POINT('Ctrl Pts',(-5.63079872131455,-24.7964171620423,
-2.51915401671814));
#12873=CARTESIAN_POINT('Ctrl Pts',(-5.6351680191264,-24.7938073506588,-2.5241687651864));
#12874=CARTESIAN_POINT('Ctrl Pts',(-5.63786000394676,-24.7910777513301,
-2.52850552665187));
#12875=CARTESIAN_POINT('Ctrl Pts',(-5.64252292459023,-24.7838045544535,
-2.53887074665753));
#12876=CARTESIAN_POINT('Ctrl Pts',(-5.64391930035796,-24.7789370017926,
-2.54498962464594));
#12877=CARTESIAN_POINT('Ctrl Pts',(-5.64482306244396,-24.7664462149355,
-2.55944729026324));
#12878=CARTESIAN_POINT('Ctrl Pts',(-5.64321010484828,-24.7583833415877,
-2.56775895986369));
#12879=CARTESIAN_POINT('Ctrl Pts',(-5.63983775641222,-24.7502828038735,
-2.57531020738507));
#12880=CARTESIAN_POINT('Ctrl Pts',(-5.63977833878219,-24.7501414016316,
-2.57544176991867));
#12881=CARTESIAN_POINT('Ctrl Pts',(-5.63971837119802,-24.75,-2.57557308061169));
#12882=CARTESIAN_POINT('',(-5.58854401775961,-1.45,-2.60561418818562));
#12883=CARTESIAN_POINT('Origin',(-5.59271157772253,-1.45,-2.55410579733393));
#12884=CARTESIAN_POINT('',(-5.58854401775961,-24.7973297985509,-2.60561418818562));
#12885=CARTESIAN_POINT('',(-5.58854401775961,-25.6,-2.60561418818562));
#12886=CARTESIAN_POINT('Ctrl Pts',(-5.63971837119802,-24.75,-2.57557308061169));
#12887=CARTESIAN_POINT('Ctrl Pts',(-5.63965840361383,-24.7501414016317,
-2.57570439130475));
#12888=CARTESIAN_POINT('Ctrl Pts',(-5.63959788555789,-24.7502828038734,
-2.57583545129061));
#12889=CARTESIAN_POINT('Ctrl Pts',(-5.63609945202983,-24.7583833415879,
-2.58332911767956));
#12890=CARTESIAN_POINT('Ctrl Pts',(-5.63087417386193,-24.7664462149355,
-2.58999109575107));
#12891=CARTESIAN_POINT('Ctrl Pts',(-5.61935596092255,-24.7789370017926,
-2.59877583545654));
#12892=CARTESIAN_POINT('Ctrl Pts',(-5.61381718982716,-24.7838045544535,
-2.60172753799485));
#12893=CARTESIAN_POINT('Ctrl Pts',(-5.60293011558489,-24.7910777513301,
-2.60499131328371));
#12894=CARTESIAN_POINT('Ctrl Pts',(-5.59788973479805,-24.7938073506588,
-2.60579682169778));
#12895=CARTESIAN_POINT('Ctrl Pts',(-5.59123855920577,-24.7964171620423,
-2.60577868859871));
#12896=CARTESIAN_POINT('Ctrl Pts',(-5.58989507213297,-24.796896984356,-2.60572350241619));
#12897=CARTESIAN_POINT('Ctrl Pts',(-5.58854401775961,-24.7973297985509,
-2.60561418818562));
#12898=CARTESIAN_POINT('Origin',(-4.35783216777964,-25.6,-3.26223229866283));
#12899=CARTESIAN_POINT('',(-4.3730408474848,-25.5177583993447,-3.19533191066571));
#12900=CARTESIAN_POINT('',(-4.29792649578384,-25.5177583993447,-3.29567293734199));
#12901=CARTESIAN_POINT('Ctrl Pts',(-4.3730408474848,-25.5177583993447,-3.19533191066571));
#12902=CARTESIAN_POINT('Ctrl Pts',(-4.36365696295631,-25.5257386964287,
-3.19319864210843));
#12903=CARTESIAN_POINT('Ctrl Pts',(-4.35350766416162,-25.5332253465288,
-3.19303334834527));
#12904=CARTESIAN_POINT('Ctrl Pts',(-4.33662960880508,-25.5436056765099,
-3.19658342123538));
#12905=CARTESIAN_POINT('Ctrl Pts',(-4.32887987599834,-25.5476998250076,
-3.19945555401626));
#12906=CARTESIAN_POINT('Ctrl Pts',(-4.31455147477481,-25.553313618016,-3.20834595439199));
#12907=CARTESIAN_POINT('Ctrl Pts',(-4.30797024535435,-25.5548387096774,
-3.21435665228871));
#12908=CARTESIAN_POINT('Ctrl Pts',(-4.29784809458252,-25.5548387096774,
-3.22787826270827));
#12909=CARTESIAN_POINT('Ctrl Pts',(-4.29393501877588,-25.553313618016,-3.23588631538179));
#12910=CARTESIAN_POINT('Ctrl Pts',(-4.28944151919491,-25.5476998250076,
-3.25213903090809));
#12911=CARTESIAN_POINT('Ctrl Pts',(-4.28886908001084,-25.5436056765099,
-3.26038401839549));
#12912=CARTESIAN_POINT('Ctrl Pts',(-4.29021790770707,-25.5332253465288,
-3.27757856503067));
#12913=CARTESIAN_POINT('Ctrl Pts',(-4.29323589381098,-25.5257386964287,
-3.28727017727676));
#12914=CARTESIAN_POINT('Ctrl Pts',(-4.29792649578384,-25.5177583993447,
-3.29567293734199));
#12915=CARTESIAN_POINT('',(-4.3730408474848,-1.45,-3.19533191066571));
#12916=CARTESIAN_POINT('',(-4.3730408474848,-25.6,-3.19533191066571));
#12917=CARTESIAN_POINT('',(-4.29792649578384,-1.45,-3.29567293734199));
#12918=CARTESIAN_POINT('Origin',(-4.35783216777964,-1.45,-3.26223229866283));
#12919=CARTESIAN_POINT('',(-4.29792649578384,-25.6,-3.29567293734199));
#12920=CARTESIAN_POINT('Origin',(-4.29792649578384,-25.6,-3.295672937342));
#12921=CARTESIAN_POINT('',(-4.61447992074605,-24.9742204952469,-3.86274780175689));
#12922=CARTESIAN_POINT('Ctrl Pts',(-4.29792649578384,-25.5177583993447,
-3.29567293734199));
#12923=CARTESIAN_POINT('Ctrl Pts',(-4.44787298062185,-25.2626488200992,
-3.56428757188324));
#12924=CARTESIAN_POINT('Ctrl Pts',(-4.61447992074605,-24.9742204952469,
-3.8627478017569));
#12925=CARTESIAN_POINT('',(-4.69171511892255,-1.45,-4.0011071941382));
#12926=CARTESIAN_POINT('',(-4.38531106670556,-1.45,-3.45221395001088));
#12927=CARTESIAN_POINT('',(-4.69171511892255,-24.7973297985509,-4.0011071941382));
#12928=CARTESIAN_POINT('',(-4.69171511892255,-25.6,-4.0011071941382));
#12929=CARTESIAN_POINT('',(-4.68333160694414,-24.8,-3.98608894273548));
#12930=CARTESIAN_POINT('Ctrl Pts',(-4.68333160694414,-24.8,-3.98608894273548));
#12931=CARTESIAN_POINT('Ctrl Pts',(-4.68598932990443,-24.8,-3.9908499965372));
#12932=CARTESIAN_POINT('Ctrl Pts',(-4.68904356628948,-24.7990799331332,
-3.99632136581443));
#12933=CARTESIAN_POINT('Ctrl Pts',(-4.69171511892255,-24.7973297985509,
-4.00110719413821));
#12934=CARTESIAN_POINT('',(-4.65731043300094,-24.8,-3.93947452468735));
#12935=CARTESIAN_POINT('',(-4.40541849431511,-24.8,-3.48823446309418));
#12936=CARTESIAN_POINT('Ctrl Pts',(-4.61447992074605,-24.9742204952469,
-3.86274780175689));
#12937=CARTESIAN_POINT('Ctrl Pts',(-4.61659877618741,-24.9705523531809,
-3.86654352648257));
#12938=CARTESIAN_POINT('Ctrl Pts',(-4.61861904744147,-24.9668106449507,
-3.87016264716531));
#12939=CARTESIAN_POINT('Ctrl Pts',(-4.63150510113359,-24.9414258167976,
-3.89324676685593));
#12940=CARTESIAN_POINT('Ctrl Pts',(-4.64200398789701,-24.9107553390256,
-3.9120545077249));
#12941=CARTESIAN_POINT('Ctrl Pts',(-4.65312468168101,-24.8577344474004,
-3.93197615577061));
#12942=CARTESIAN_POINT('Ctrl Pts',(-4.65666308233265,-24.8274632571901,
-3.93831485853465));
#12943=CARTESIAN_POINT('Ctrl Pts',(-4.65731043300094,-24.8,-3.93947452468735));
#12944=CARTESIAN_POINT('Origin',(-5.17229868440506,-25.6,-3.32403452672623));
#12945=CARTESIAN_POINT('',(-5.21577190355333,-24.75,-3.3519730682247));
#12946=CARTESIAN_POINT('Ctrl Pts',(-5.21337714715434,-24.7973297985509,
-3.29268101364826));
#12947=CARTESIAN_POINT('Ctrl Pts',(-5.21436988060141,-24.7968073384914,
-3.29398166419494));
#12948=CARTESIAN_POINT('Ctrl Pts',(-5.21528977659726,-24.7962166528329,
-3.29531500190205));
#12949=CARTESIAN_POINT('Ctrl Pts',(-5.21898808919236,-24.7933738933012,
-3.3012404173625));
#12950=CARTESIAN_POINT('Ctrl Pts',(-5.22097388129043,-24.7905351510444,
-3.30600723911804));
#12951=CARTESIAN_POINT('Ctrl Pts',(-5.22394185596788,-24.7829983594208,
-3.31713640642568));
#12952=CARTESIAN_POINT('Ctrl Pts',(-5.22431985505575,-24.7779682373844,
-3.32350184335672));
#12953=CARTESIAN_POINT('Ctrl Pts',(-5.22283584406904,-24.7656384324883,
-3.33753558533942));
#12954=CARTESIAN_POINT('Ctrl Pts',(-5.22012507160431,-24.7579897162253,
-3.34507485852255));
#12955=CARTESIAN_POINT('Ctrl Pts',(-5.21592938473526,-24.7502862697185,
-3.35172687632204));
#12956=CARTESIAN_POINT('Ctrl Pts',(-5.21585090467023,-24.7501431345429,
-3.3518501400873));
#12957=CARTESIAN_POINT('Ctrl Pts',(-5.21577190355333,-24.75,-3.3519730682247));
#12958=CARTESIAN_POINT('',(-5.16084313587967,-1.45,-3.3744255308059));
#12959=CARTESIAN_POINT('Origin',(-5.17229868440506,-1.45,-3.32403452672623));
#12960=CARTESIAN_POINT('',(-5.16084313587967,-24.7973297985509,-3.3744255308059));
#12961=CARTESIAN_POINT('',(-5.16084313587967,-25.6,-3.3744255308059));
#12962=CARTESIAN_POINT('Ctrl Pts',(-5.21577190355333,-24.75,-3.3519730682247));
#12963=CARTESIAN_POINT('Ctrl Pts',(-5.21569290243641,-24.750143134543,-3.35209599636212));
#12964=CARTESIAN_POINT('Ctrl Pts',(-5.21561337956892,-24.7502862697185,
-3.35221858995888));
#12965=CARTESIAN_POINT('Ctrl Pts',(-5.21130544266015,-24.7579897162255,
-3.35879846903805));
#12966=CARTESIAN_POINT('Ctrl Pts',(-5.20557357412966,-24.7656384324883,
-3.36439620167159));
#12967=CARTESIAN_POINT('Ctrl Pts',(-5.19342451385099,-24.7779682373844,
-3.37157593265476));
#12968=CARTESIAN_POINT('Ctrl Pts',(-5.1874772822581,-24.7829983594208,-3.3738763906557));
#12969=CARTESIAN_POINT('Ctrl Pts',(-5.17612089435418,-24.7905351510444,
-3.37579984910949));
#12970=CARTESIAN_POINT('Ctrl Pts',(-5.17095991291896,-24.7933738933012,
-3.37597371840252));
#12971=CARTESIAN_POINT('Ctrl Pts',(-5.1640336308556,-24.7962166528329,-3.37507112147773));
#12972=CARTESIAN_POINT('Ctrl Pts',(-5.16243864560953,-24.7968073384914,
-3.37478824314845));
#12973=CARTESIAN_POINT('Ctrl Pts',(-5.16084313587967,-24.7973297985509,
-3.3744255308059));
#12974=CARTESIAN_POINT('Origin',(-3.84921165779267,-25.6,-3.84921165779267));
#12975=CARTESIAN_POINT('',(-3.87378645296577,-25.5177583993447,-3.78515664007556));
#12976=CARTESIAN_POINT('',(-3.78515664007556,-25.5177583993447,-3.87378645296577));
#12977=CARTESIAN_POINT('Ctrl Pts',(-3.87378645296577,-25.5177583993447,
-3.78515664007556));
#12978=CARTESIAN_POINT('Ctrl Pts',(-3.86480167862105,-25.5257386964287,
-3.78170961910723));
#12979=CARTESIAN_POINT('Ctrl Pts',(-3.85477920880918,-25.5332253465288,
-3.78010161197969));
#12980=CARTESIAN_POINT('Ctrl Pts',(-3.83756771967081,-25.5436056765099,
-3.78121355252812));
#12981=CARTESIAN_POINT('Ctrl Pts',(-3.82948812085764,-25.5476998250076,
-3.78295354916752));
#12982=CARTESIAN_POINT('Ctrl Pts',(-3.81404032620706,-25.553313618016,-3.78971431398348));
#12983=CARTESIAN_POINT('Ctrl Pts',(-3.80667067271367,-25.5548387096774,
-3.79472722504171));
#12984=CARTESIAN_POINT('Ctrl Pts',(-3.79472722504171,-25.5548387096774,
-3.80667067271367));
#12985=CARTESIAN_POINT('Ctrl Pts',(-3.78971431398348,-25.5533136180161,
-3.81404032620706));
#12986=CARTESIAN_POINT('Ctrl Pts',(-3.78295354916752,-25.5476998250076,
-3.82948812085765));
#12987=CARTESIAN_POINT('Ctrl Pts',(-3.78121355252812,-25.5436056765099,
-3.83756771967081));
#12988=CARTESIAN_POINT('Ctrl Pts',(-3.78010161197969,-25.5332253465288,
-3.85477920880918));
#12989=CARTESIAN_POINT('Ctrl Pts',(-3.78170961910723,-25.5257386964287,
-3.86480167862105));
#12990=CARTESIAN_POINT('Ctrl Pts',(-3.78515664007556,-25.5177583993447,
-3.87378645296576));
#12991=CARTESIAN_POINT('',(-3.87378645296576,-1.45,-3.78515664007556));
#12992=CARTESIAN_POINT('',(-3.87378645296576,-25.6,-3.78515664007556));
#12993=CARTESIAN_POINT('',(-3.78515664007556,-1.45,-3.87378645296577));
#12994=CARTESIAN_POINT('Origin',(-3.84921165779267,-1.45,-3.84921165779267));
#12995=CARTESIAN_POINT('',(-3.78515664007556,-25.6,-3.87378645296577));
#12996=CARTESIAN_POINT('Origin',(-3.78515664007555,-25.6,-3.87378645296577));
#12997=CARTESIAN_POINT('',(-4.01778483998594,-24.9742204952469,-4.4801395623937));
#12998=CARTESIAN_POINT('Ctrl Pts',(-3.78515664007556,-25.5177583993447,
-3.87378645296577));
#12999=CARTESIAN_POINT('Ctrl Pts',(-3.89534903763029,-25.2626488200992,
-4.16100658757701));
#13000=CARTESIAN_POINT('Ctrl Pts',(-4.01778483998595,-24.9742204952469,
-4.48013956239371));
#13001=CARTESIAN_POINT('',(-4.07454330065863,-1.45,-4.62808237039584));
#13002=CARTESIAN_POINT('',(-3.84937365316233,-1.45,-4.04117022491749));
#13003=CARTESIAN_POINT('',(-4.07454330065863,-24.7973297985509,-4.62808237039584));
#13004=CARTESIAN_POINT('',(-4.07454330065863,-25.6,-4.62808237039584));
#13005=CARTESIAN_POINT('',(-4.06838244076366,-24.8,-4.61202388498649));
#13006=CARTESIAN_POINT('Ctrl Pts',(-4.06838244076366,-24.8,-4.6120238849865));
#13007=CARTESIAN_POINT('Ctrl Pts',(-4.07033554333454,-24.8,-4.61711471153865));
#13008=CARTESIAN_POINT('Ctrl Pts',(-4.07258003496321,-24.7990799331332,
-4.62296505332289));
#13009=CARTESIAN_POINT('Ctrl Pts',(-4.07454330065863,-24.7973297985509,
-4.62808237039584));
#13010=CARTESIAN_POINT('',(-4.04926004821749,-24.8,-4.56218073534025));
#13011=CARTESIAN_POINT('',(-3.93130699056602,-24.8,-4.25473218309658));
#13012=CARTESIAN_POINT('Ctrl Pts',(-4.01778483998594,-24.9742204952469,
-4.4801395623937));
#13013=CARTESIAN_POINT('Ctrl Pts',(-4.01934194058359,-24.9705523531809,
-4.48419819668412));
#13014=CARTESIAN_POINT('Ctrl Pts',(-4.02082659381461,-24.9668106449507,
-4.48806799451345));
#13015=CARTESIAN_POINT('Ctrl Pts',(-4.03029627329985,-24.9414258167976,
-4.51275102779734));
#13016=CARTESIAN_POINT('Ctrl Pts',(-4.03801167593411,-24.9107553390256,
-4.53286148035457));
#13017=CARTESIAN_POINT('Ctrl Pts',(-4.04618403097034,-24.8577344474004,
-4.55416299448518));
#13018=CARTESIAN_POINT('Ctrl Pts',(-4.04878432434657,-24.8274632571901,
-4.56094074531121));
#13019=CARTESIAN_POINT('Ctrl Pts',(-4.04926004821749,-24.8,-4.56218073534025));
#13020=CARTESIAN_POINT('Origin',(-4.64659270555081,-25.6,-4.02629549887839));
#13021=CARTESIAN_POINT('',(-4.6856473609964,-24.75,-4.06013655046077));
#13022=CARTESIAN_POINT('Ctrl Pts',(-4.69171511892255,-24.7973297985509,
-4.0011071941382));
#13023=CARTESIAN_POINT('Ctrl Pts',(-4.69261389585737,-24.7967410096287,
-4.00271726614584));
#13024=CARTESIAN_POINT('Ctrl Pts',(-4.69341482566438,-24.7960658149421,
-4.00435460133925));
#13025=CARTESIAN_POINT('Ctrl Pts',(-4.6962528953952,-24.7930464227784,-4.01100331869755));
#13026=CARTESIAN_POINT('Ctrl Pts',(-4.69748407895293,-24.7901270421894,
-4.0160632000161));
#13027=CARTESIAN_POINT('Ctrl Pts',(-4.69868677052981,-24.7823962532226,
-4.02762984787877));
#13028=CARTESIAN_POINT('Ctrl Pts',(-4.69804410767806,-24.7772472219781,
-4.03404763418772));
#13029=CARTESIAN_POINT('Ctrl Pts',(-4.6943993196579,-24.7650436552792,-4.04739921239056));
#13030=CARTESIAN_POINT('Ctrl Pts',(-4.69074514141491,-24.7576989925669,
-4.05415373564714));
#13031=CARTESIAN_POINT('Ctrl Pts',(-4.68583962897456,-24.7502883034654,
-4.05991370144334));
#13032=CARTESIAN_POINT('Ctrl Pts',(-4.68574373231217,-24.7501441514095,
-4.06002533203355));
#13033=CARTESIAN_POINT('Ctrl Pts',(-4.6856473609964,-24.75,-4.06013655046077));
#13034=CARTESIAN_POINT('',(-4.62808237039584,-1.45,-4.07454330065863));
#13035=CARTESIAN_POINT('Origin',(-4.64659270555081,-1.45,-4.02629549887839));
#13036=CARTESIAN_POINT('',(-4.62808237039584,-24.7973297985509,-4.07454330065863));
#13037=CARTESIAN_POINT('',(-4.62808237039584,-25.6,-4.07454330065863));
#13038=CARTESIAN_POINT('Ctrl Pts',(-4.6856473609964,-24.75,-4.06013655046077));
#13039=CARTESIAN_POINT('Ctrl Pts',(-4.68555098968063,-24.7501441514095,
-4.06024776888799));
#13040=CARTESIAN_POINT('Ctrl Pts',(-4.68545414284688,-24.7502883034655,
-4.06035857614999));
#13041=CARTESIAN_POINT('Ctrl Pts',(-4.68045093240653,-24.7576989925665,
-4.06603388614804));
#13042=CARTESIAN_POINT('Ctrl Pts',(-4.67428520424351,-24.7650436552792,
-4.07061213900987));
#13043=CARTESIAN_POINT('Ctrl Pts',(-4.66158823327302,-24.7772472219781,
-4.07611995603596));
#13044=CARTESIAN_POINT('Ctrl Pts',(-4.65532723123482,-24.7823962532226,
-4.07766942372716));
#13045=CARTESIAN_POINT('Ctrl Pts',(-4.64370715431242,-24.7901270421894,
-4.07812507943633));
#13046=CARTESIAN_POINT('Ctrl Pts',(-4.63852355960103,-24.7930464227784,
-4.07762652374353));
#13047=CARTESIAN_POINT('Ctrl Pts',(-4.63153861716404,-24.7960658149421,
-4.07576355260599));
#13048=CARTESIAN_POINT('Ctrl Pts',(-4.6298039634861,-24.7967410096287,-4.07520379220282));
#13049=CARTESIAN_POINT('Ctrl Pts',(-4.62808237039584,-24.7973297985509,
-4.07454330065863));
#13050=CARTESIAN_POINT('Origin',(-3.26223229866283,-25.6,-4.35783216777964));
#13051=CARTESIAN_POINT('',(-3.29567293734199,-25.5177583993447,-4.29792649578384));
#13052=CARTESIAN_POINT('',(-3.19533191066571,-25.5177583993447,-4.3730408474848));
#13053=CARTESIAN_POINT('Ctrl Pts',(-3.29567293734199,-25.5177583993447,
-4.29792649578384));
#13054=CARTESIAN_POINT('Ctrl Pts',(-3.28727017727676,-25.5257386964287,
-4.29323589381098));
#13055=CARTESIAN_POINT('Ctrl Pts',(-3.27757856503067,-25.5332253465288,
-4.29021790770707));
#13056=CARTESIAN_POINT('Ctrl Pts',(-3.26038401839549,-25.5436056765099,
-4.28886908001084));
#13057=CARTESIAN_POINT('Ctrl Pts',(-3.25213903090809,-25.5476998250076,
-4.28944151919491));
#13058=CARTESIAN_POINT('Ctrl Pts',(-3.23588631538179,-25.553313618016,-4.29393501877588));
#13059=CARTESIAN_POINT('Ctrl Pts',(-3.22787826270827,-25.5548387096774,
-4.29784809458252));
#13060=CARTESIAN_POINT('Ctrl Pts',(-3.21435665228871,-25.5548387096774,
-4.30797024535435));
#13061=CARTESIAN_POINT('Ctrl Pts',(-3.20834595439199,-25.553313618016,-4.31455147477481));
#13062=CARTESIAN_POINT('Ctrl Pts',(-3.19945555401626,-25.5476998250076,
-4.32887987599834));
#13063=CARTESIAN_POINT('Ctrl Pts',(-3.19658342123538,-25.5436056765099,
-4.33662960880508));
#13064=CARTESIAN_POINT('Ctrl Pts',(-3.19303334834527,-25.5332253465288,
-4.35350766416162));
#13065=CARTESIAN_POINT('Ctrl Pts',(-3.19319864210843,-25.5257386964287,
-4.3636569629563));
#13066=CARTESIAN_POINT('Ctrl Pts',(-3.19533191066571,-25.5177583993447,
-4.3730408474848));
#13067=CARTESIAN_POINT('',(-3.29567293734199,-1.45,-4.29792649578384));
#13068=CARTESIAN_POINT('',(-3.29567293734199,-25.6,-4.29792649578384));
#13069=CARTESIAN_POINT('',(-3.19533191066571,-1.45,-4.3730408474848));
#13070=CARTESIAN_POINT('Origin',(-3.26223229866283,-1.45,-4.35783216777964));
#13071=CARTESIAN_POINT('',(-3.19533191066571,-25.6,-4.3730408474848));
#13072=CARTESIAN_POINT('Origin',(-3.19533191066571,-25.6,-4.3730408474848));
#13073=CARTESIAN_POINT('',(-3.33929924621843,-24.9742204952469,-5.0063286011958));
#13074=CARTESIAN_POINT('Ctrl Pts',(-3.19533191066571,-25.5177583993447,
-4.3730408474848));
#13075=CARTESIAN_POINT('Ctrl Pts',(-3.26352702149169,-25.262648820099,-4.67301950850016));
#13076=CARTESIAN_POINT('Ctrl Pts',(-3.33929924621844,-24.9742204952469,
-5.00632860119581));
#13077=CARTESIAN_POINT('',(-3.3744255308059,-1.45,-5.16084313587967));
#13078=CARTESIAN_POINT('',(-3.23507409271766,-1.45,-4.54785992781736));
#13079=CARTESIAN_POINT('',(-3.3744255308059,-24.7973297985509,-5.16084313587967));
#13080=CARTESIAN_POINT('',(-3.3744255308059,-25.6,-5.16084313587967));
#13081=CARTESIAN_POINT('',(-3.37061274033537,-24.8,-5.14407132091779));
#13082=CARTESIAN_POINT('Ctrl Pts',(-3.37061274033537,-24.8,-5.14407132091779));
#13083=CARTESIAN_POINT('Ctrl Pts',(-3.37182146298078,-24.8,-5.14938828567252));
#13084=CARTESIAN_POINT('Ctrl Pts',(-3.37321051847609,-24.7990799331332,
-5.15549850387603));
#13085=CARTESIAN_POINT('Ctrl Pts',(-3.37442553080589,-24.7973297985509,
-5.16084313587967));
#13086=CARTESIAN_POINT('',(-3.35877840595405,-24.8,-5.09201410246444));
#13087=CARTESIAN_POINT('',(-3.3142808310547,-24.8,-4.89627686008646));
#13088=CARTESIAN_POINT('Ctrl Pts',(-3.33929924621843,-24.9742204952469,
-5.0063286011958));
#13089=CARTESIAN_POINT('Ctrl Pts',(-3.3402628938945,-24.9705523531809,-5.01056752296094));
#13090=CARTESIAN_POINT('Ctrl Pts',(-3.34118170584409,-24.9668106449507,
-5.01460922001262));
#13091=CARTESIAN_POINT('Ctrl Pts',(-3.34704223575643,-24.9414258167976,
-5.04038869151211));
#13092=CARTESIAN_POINT('Ctrl Pts',(-3.35181709091328,-24.9107553390256,
-5.0613924649373));
#13093=CARTESIAN_POINT('Ctrl Pts',(-3.35687474162033,-24.8577344474004,
-5.0836402077536));
#13094=CARTESIAN_POINT('Ctrl Pts',(-3.35848399324664,-24.8274632571901,
-5.09071903118024));
#13095=CARTESIAN_POINT('Ctrl Pts',(-3.35877840595405,-24.8,-5.09201410246444));
#13096=CARTESIAN_POINT('Origin',(-4.02629549887839,-25.6,-4.64659270555081));
#13097=CARTESIAN_POINT('',(-4.0601365504608,-24.75,-4.68564736099637));
#13098=CARTESIAN_POINT('Ctrl Pts',(-4.07454330065863,-24.7973297985509,
-4.62808237039584));
#13099=CARTESIAN_POINT('Ctrl Pts',(-4.07522818389802,-24.7967192658834,
-4.62986754124768));
#13100=CARTESIAN_POINT('Ctrl Pts',(-4.07580466430012,-24.7960159107476,
-4.63166651304467));
#13101=CARTESIAN_POINT('Ctrl Pts',(-4.0776610873389,-24.7929377655412,-4.63873574566418));
#13102=CARTESIAN_POINT('Ctrl Pts',(-4.07813850562963,-24.7899918327013,
-4.64393580615683));
#13103=CARTESIAN_POINT('Ctrl Pts',(-4.0776271642372,-24.7821972689437,-4.65559004875619));
#13104=CARTESIAN_POINT('Ctrl Pts',(-4.07603837076909,-24.7770092572426,
-4.66186599900271));
#13105=CARTESIAN_POINT('Ctrl Pts',(-4.07049007118906,-24.7648484272741,
-4.67444862833383));
#13106=CARTESIAN_POINT('Ctrl Pts',(-4.06596063345495,-24.7576034606022,
-4.68051532348472));
#13107=CARTESIAN_POINT('Ctrl Pts',(-4.0603590722663,-24.7502889488788,-4.68545370923129));
#13108=CARTESIAN_POINT('Ctrl Pts',(-4.06024801786706,-24.7501444741139,
-4.68555077393903));
#13109=CARTESIAN_POINT('Ctrl Pts',(-4.0601365504608,-24.75,-4.68564736099637));
#13110=CARTESIAN_POINT('',(-4.00110719413821,-1.45,-4.69171511892255));
#13111=CARTESIAN_POINT('Origin',(-4.02629549887839,-1.45,-4.64659270555081));
#13112=CARTESIAN_POINT('',(-4.00110719413821,-24.7973297985509,-4.69171511892255));
#13113=CARTESIAN_POINT('',(-4.00110719413821,-25.6,-4.69171511892255));
#13114=CARTESIAN_POINT('Ctrl Pts',(-4.0601365504608,-24.75,-4.68564736099637));
#13115=CARTESIAN_POINT('Ctrl Pts',(-4.06002508305456,-24.7501444741139,
-4.6857439480537));
#13116=CARTESIAN_POINT('Ctrl Pts',(-4.05991320163664,-24.7502889488788,
-4.68584005833117));
#13117=CARTESIAN_POINT('Ctrl Pts',(-4.05422789626146,-24.7576034606018,
-4.6906817981351));
#13118=CARTESIAN_POINT('Ctrl Pts',(-4.04757834512145,-24.7648484272741,
-4.69430175198448));
#13119=CARTESIAN_POINT('Ctrl Pts',(-4.03433418345684,-24.7770092572426,
-4.69800288301647));
#13120=CARTESIAN_POINT('Ctrl Pts',(-4.0278960044492,-24.7821972689437,-4.69868234401358));
#13121=CARTESIAN_POINT('Ctrl Pts',(-4.01628761376791,-24.7899918327012,
-4.6975299090372));
#13122=CARTESIAN_POINT('Ctrl Pts',(-4.01120842610004,-24.7929377655412,
-4.69631730440826));
#13123=CARTESIAN_POINT('Ctrl Pts',(-4.00447534462013,-24.7960159107476,
-4.69347372038232));
#13124=CARTESIAN_POINT('Ctrl Pts',(-4.00277672547733,-24.7967192658834,
-4.69264708733915));
#13125=CARTESIAN_POINT('Ctrl Pts',(-4.00110719413821,-24.7973297985509,
-4.69171511892255));
#13126=CARTESIAN_POINT('Origin',(-2.60884329743331,-25.6,-4.77773978178085));
#13127=CARTESIAN_POINT('',(-2.65046902464988,-25.5177583993447,-4.7232029622345));
#13128=CARTESIAN_POINT('',(-2.54045943813102,-25.5177583993447,-4.78327274115748));
#13129=CARTESIAN_POINT('Ctrl Pts',(-2.65046902464988,-25.5177583993447,
-4.7232029622345));
#13130=CARTESIAN_POINT('Ctrl Pts',(-2.64281933482751,-25.5257386964287,
-4.7173642663867));
#13131=CARTESIAN_POINT('Ctrl Pts',(-2.63365587342421,-25.5332253465288,
-4.71299773880034));
#13132=CARTESIAN_POINT('Ctrl Pts',(-2.61682830067674,-25.5436056765099,
-4.70921560110164));
#13133=CARTESIAN_POINT('Ctrl Pts',(-2.60858576868377,-25.5476998250076,
-4.70860882961937));
#13134=CARTESIAN_POINT('Ctrl Pts',(-2.59185899070089,-25.553313618016,-4.71074358927207));
#13135=CARTESIAN_POINT('Ctrl Pts',(-2.58337555970636,-25.5548387096774,
-4.71347717088807));
#13136=CARTESIAN_POINT('Ctrl Pts',(-2.56855104753425,-25.5548387096774,
-4.72157196695993));
#13137=CARTESIAN_POINT('Ctrl Pts',(-2.5616649232748,-25.553313618016,-4.72723079745515));
#13138=CARTESIAN_POINT('Ctrl Pts',(-2.55082587025315,-25.5476998250076,
-4.74014812032242));
#13139=CARTESIAN_POINT('Ctrl Pts',(-2.54688006967165,-25.5436056765099,
-4.74741022491117));
#13140=CARTESIAN_POINT('Ctrl Pts',(-2.54096413368635,-25.5332253465288,
-4.76361125795111));
#13141=CARTESIAN_POINT('Ctrl Pts',(-2.53968334918078,-25.5257386964287,
-4.77368077527332));
#13142=CARTESIAN_POINT('Ctrl Pts',(-2.54045943813102,-25.5177583993447,
-4.78327274115748));
#13143=CARTESIAN_POINT('',(-2.65046902464988,-1.45,-4.7232029622345));
#13144=CARTESIAN_POINT('',(-2.65046902464988,-25.6,-4.7232029622345));
#13145=CARTESIAN_POINT('',(-2.54045943813102,-1.45,-4.78327274115748));
#13146=CARTESIAN_POINT('Origin',(-2.60884329743331,-1.45,-4.77773978178085));
#13147=CARTESIAN_POINT('',(-2.54045943813102,-25.6,-4.78327274115748));
#13148=CARTESIAN_POINT('Origin',(-2.54045943813102,-25.6,-4.78327274115748));
#13149=CARTESIAN_POINT('',(-2.59283514954174,-24.9742204952469,-5.43060322673706));
#13150=CARTESIAN_POINT('Ctrl Pts',(-2.54045943813102,-25.5177583993447,
-4.78327274115748));
#13151=CARTESIAN_POINT('Ctrl Pts',(-2.56526900643014,-25.2626488200994,
-5.08990322810489));
#13152=CARTESIAN_POINT('Ctrl Pts',(-2.59283514954174,-24.9742204952469,
-5.43060322673707));
#13153=CARTESIAN_POINT('',(-2.60561418818562,-1.45,-5.58854401775961));
#13154=CARTESIAN_POINT('',(-2.55491775292856,-1.45,-4.9619683175319));
#13155=CARTESIAN_POINT('',(-2.60561418818562,-24.7973297985509,-5.58854401775961));
#13156=CARTESIAN_POINT('',(-2.60561418818562,-25.6,-5.58854401775961));
#13157=CARTESIAN_POINT('',(-2.60422708455834,-24.8,-5.5714002990319));
#13158=CARTESIAN_POINT('Ctrl Pts',(-2.60422708455834,-24.8,-5.5714002990319));
#13159=CARTESIAN_POINT('Ctrl Pts',(-2.60466682117088,-24.8,-5.57683516391966));
#13160=CARTESIAN_POINT('Ctrl Pts',(-2.60517216336865,-24.7990799331332,
-5.58308087212023));
#13161=CARTESIAN_POINT('Ctrl Pts',(-2.60561418818561,-24.7973297985509,
-5.58854401775961));
#13162=CARTESIAN_POINT('',(-2.59992172126246,-24.8,-5.51818874661855));
#13163=CARTESIAN_POINT('',(-2.58913914795073,-24.8,-5.38492299748258));
#13164=CARTESIAN_POINT('Ctrl Pts',(-2.59283514954174,-24.9742204952469,
-5.43060322673706));
#13165=CARTESIAN_POINT('Ctrl Pts',(-2.59318572720847,-24.9705523531809,
-5.43493614375383));
#13166=CARTESIAN_POINT('Ctrl Pts',(-2.59351999351497,-24.9668106449507,
-5.43906746273117));
#13167=CARTESIAN_POINT('Ctrl Pts',(-2.59565207036577,-24.9414258167976,
-5.4654185767484));
#13168=CARTESIAN_POINT('Ctrl Pts',(-2.59738917576376,-24.9107553390256,
-5.48688809478448));
#13169=CARTESIAN_POINT('Ctrl Pts',(-2.5992291629583,-24.8577344474004,-5.50962916639993));
#13170=CARTESIAN_POINT('Ctrl Pts',(-2.59981461311227,-24.8274632571901,
-5.51686495799584));
#13171=CARTESIAN_POINT('Ctrl Pts',(-2.59992172126246,-24.8,-5.51818874661855));
#13172=CARTESIAN_POINT('Origin',(-3.32403452672623,-25.6,-5.17229868440506));
#13173=CARTESIAN_POINT('',(-3.35197306822473,-24.75,-5.21577190355331));
#13174=CARTESIAN_POINT('Ctrl Pts',(-3.3744255308059,-24.7973297985509,-5.16084313587967));
#13175=CARTESIAN_POINT('Ctrl Pts',(-3.37483124912144,-24.796745391597,-5.16262782154952));
#13176=CARTESIAN_POINT('Ctrl Pts',(-3.37513692001178,-24.796075844756,-5.16441116738956));
#13177=CARTESIAN_POINT('Ctrl Pts',(-3.3759905190321,-24.7930682427716,-5.17157349480009));
#13178=CARTESIAN_POINT('Ctrl Pts',(-3.37575097424918,-24.7901542062249,
-5.1767725963276));
#13179=CARTESIAN_POINT('Ctrl Pts',(-3.37365830181342,-24.7824362592941,
-5.18820430159305));
#13180=CARTESIAN_POINT('Ctrl Pts',(-3.37124182672849,-24.7772950840032,
-5.19417918053848));
#13181=CARTESIAN_POINT('Ctrl Pts',(-3.363988024621,-24.7650829845759,-5.20598708695511));
#13182=CARTESIAN_POINT('Ctrl Pts',(-3.35856635436808,-24.7577182315564,
-5.21145690997565));
#13183=CARTESIAN_POINT('Ctrl Pts',(-3.35222021937476,-24.7502881721738,
-5.21561232258207));
#13184=CARTESIAN_POINT('Ctrl Pts',(-3.35209681329886,-24.7501440857642,
-5.21569237742305));
#13185=CARTESIAN_POINT('Ctrl Pts',(-3.35197306822473,-24.75,-5.21577190355331));
#13186=CARTESIAN_POINT('',(-3.29268101364826,-1.45,-5.21337714715435));
#13187=CARTESIAN_POINT('Origin',(-3.32403452672623,-1.45,-5.17229868440506));
#13188=CARTESIAN_POINT('',(-3.29268101364826,-24.7973297985509,-5.21337714715435));
#13189=CARTESIAN_POINT('',(-3.29268101364826,-25.6,-5.21337714715435));
#13190=CARTESIAN_POINT('Ctrl Pts',(-3.35197306822473,-24.75,-5.21577190355331));
#13191=CARTESIAN_POINT('Ctrl Pts',(-3.35184932315057,-24.7501440857643,
-5.21585142968358));
#13192=CARTESIAN_POINT('Ctrl Pts',(-3.35172523796928,-24.7502881721739,
-5.21593042781579));
#13193=CARTESIAN_POINT('Ctrl Pts',(-3.34530906195655,-24.7577182315551,
-5.21997685447145));
#13194=CARTESIAN_POINT('Ctrl Pts',(-3.33808129271071,-24.7650829845759,
-5.22263633259981));
#13195=CARTESIAN_POINT('Ctrl Pts',(-3.32432710493922,-24.7772950840032,
-5.22432944148717));
#13196=CARTESIAN_POINT('Ctrl Pts',(-3.31788832385325,-24.7824362592941,
-5.2240454901256));
#13197=CARTESIAN_POINT('Ctrl Pts',(-3.30662035143521,-24.7901542062249,
-5.22120014993748));
#13198=CARTESIAN_POINT('Ctrl Pts',(-3.30179157183959,-24.7930682427716,
-5.21925826270769));
#13199=CARTESIAN_POINT('Ctrl Pts',(-3.29563108751389,-24.796075844756,-5.21550646339324));
#13200=CARTESIAN_POINT('Ctrl Pts',(-3.29413587935589,-24.796745391597,-5.21448758673601));
#13201=CARTESIAN_POINT('Ctrl Pts',(-3.29268101364826,-24.7973297985509,
-5.21337714715435));
#13202=CARTESIAN_POINT('Origin',(-1.90234576995087,-25.6,-5.10038639168878));
#13203=CARTESIAN_POINT('',(-1.95130920593739,-25.5177583993447,-5.05232863696664));
#13204=CARTESIAN_POINT('',(-1.83387053751603,-25.5177583993447,-5.09613099563972));
#13205=CARTESIAN_POINT('Ctrl Pts',(-1.95130920593739,-25.5177583993447,
-5.05232863696664));
#13206=CARTESIAN_POINT('Ctrl Pts',(-1.94456831198277,-25.5257386964287,
-5.04546070625396));
#13207=CARTESIAN_POINT('Ctrl Pts',(-1.93611954307121,-25.5332253465288,
-5.03983452709478));
#13208=CARTESIAN_POINT('Ctrl Pts',(-1.92000150506587,-25.5436056765099,
-5.03369607281037));
#13209=CARTESIAN_POINT('Ctrl Pts',(-1.91192922274921,-25.5476998250076,
-5.03192244277935));
#13210=CARTESIAN_POINT('Ctrl Pts',(-1.89506889127345,-25.553313618016,-5.0316550049534));
#13211=CARTESIAN_POINT('Ctrl Pts',(-1.88628278014875,-25.5548387096774,
-5.03315344454006));
#13212=CARTESIAN_POINT('Ctrl Pts',(-1.87045715054156,-25.5548387096774,
-5.03905609920738));
#13213=CARTESIAN_POINT('Ctrl Pts',(-1.86283578155135,-25.5533136180161,
-5.04367733330721));
#13214=CARTESIAN_POINT('Ctrl Pts',(-1.85026872774606,-25.5476998250076,
-5.05492061837512));
#13215=CARTESIAN_POINT('Ctrl Pts',(-1.84532958448503,-25.5436056765099,
-5.06154725923863));
#13216=CARTESIAN_POINT('Ctrl Pts',(-1.83716821680105,-25.5332253465288,
-5.0767414636492));
#13217=CARTESIAN_POINT('Ctrl Pts',(-1.83446742710581,-25.5257386964287,
-5.08652621316434));
#13218=CARTESIAN_POINT('Ctrl Pts',(-1.83387053751603,-25.5177583993447,
-5.09613099563972));
#13219=CARTESIAN_POINT('',(-1.95130920593739,-1.45,-5.05232863696664));
#13220=CARTESIAN_POINT('',(-1.95130920593739,-25.6,-5.05232863696664));
#13221=CARTESIAN_POINT('',(-1.83387053751603,-1.45,-5.09613099563972));
#13222=CARTESIAN_POINT('Origin',(-1.90234576995087,-1.45,-5.10038639168878));
#13223=CARTESIAN_POINT('',(-1.83387053751603,-25.6,-5.09613099563972));
#13224=CARTESIAN_POINT('Origin',(-1.83387053751603,-25.6,-5.09613099563972));
#13225=CARTESIAN_POINT('',(-1.7935884063395,-24.9742204952469,-5.74432643114845));
#13226=CARTESIAN_POINT('Ctrl Pts',(-1.83387053751603,-25.5177583993447,
-5.09613099563972));
#13227=CARTESIAN_POINT('Ctrl Pts',(-1.81478951202269,-25.262648820099,-5.40317119605527));
#13228=CARTESIAN_POINT('Ctrl Pts',(-1.7935884063395,-24.9742204952469,-5.74432643114845));
#13229=CARTESIAN_POINT('',(-1.78376005466471,-1.45,-5.90247825946809));
#13230=CARTESIAN_POINT('',(-1.82275065546423,-1.45,-5.27506534143651));
#13231=CARTESIAN_POINT('',(-1.78376005466471,-24.7973297985509,-5.90247825946809));
#13232=CARTESIAN_POINT('',(-1.78376005466471,-25.6,-5.90247825946809));
#13233=CARTESIAN_POINT('',(-1.78482687531046,-24.8,-5.88531163364944));
#13234=CARTESIAN_POINT('Ctrl Pts',(-1.78482687531046,-24.8,-5.88531163364945));
#13235=CARTESIAN_POINT('Ctrl Pts',(-1.78448867412079,-24.8,-5.89075376049397));
#13236=CARTESIAN_POINT('Ctrl Pts',(-1.78410001571116,-24.7990799331332,
-5.89700781408378));
#13237=CARTESIAN_POINT('Ctrl Pts',(-1.7837600546647,-24.7973297985509,-5.90247825946809));
#13238=CARTESIAN_POINT('',(-1.78813812788109,-24.8,-5.83202898103378));
#13239=CARTESIAN_POINT('',(-1.79617491709913,-24.8,-5.70270588081219));
#13240=CARTESIAN_POINT('Ctrl Pts',(-1.7935884063395,-24.9742204952469,-5.74432643114845));
#13241=CARTESIAN_POINT('Ctrl Pts',(-1.79331877724658,-24.9705523531809,
-5.74866513772148));
#13242=CARTESIAN_POINT('Ctrl Pts',(-1.79306169321194,-24.9668106449507,
-5.75280197688385));
#13243=CARTESIAN_POINT('Ctrl Pts',(-1.79142191406491,-24.9414258167976,
-5.77918830072776));
#13244=CARTESIAN_POINT('Ctrl Pts',(-1.79008590724754,-24.9107553390256,
-5.8006865059005));
#13245=CARTESIAN_POINT('Ctrl Pts',(-1.78867077409637,-24.8577344474004,
-5.82345796367683));
#13246=CARTESIAN_POINT('Ctrl Pts',(-1.78822050470118,-24.8274632571901,
-5.83070342359143));
#13247=CARTESIAN_POINT('Ctrl Pts',(-1.78813812788109,-24.8,-5.83202898103378));
#13248=CARTESIAN_POINT('Origin',(-2.55410579733393,-25.6,-5.59271157772253));
#13249=CARTESIAN_POINT('',(-2.5755730806117,-24.75,-5.63971837119801));
#13250=CARTESIAN_POINT('Ctrl Pts',(-2.60561418818562,-24.7973297985509,
-5.58854401775961));
#13251=CARTESIAN_POINT('Ctrl Pts',(-2.60574166292523,-24.7968250803957,
-5.59011952447583));
#13252=CARTESIAN_POINT('Ctrl Pts',(-2.60579547504595,-24.7962566425312,
-5.59168409758262));
#13253=CARTESIAN_POINT('Ctrl Pts',(-2.60572581990125,-24.7934604537921,
-5.59860305192917));
#13254=CARTESIAN_POINT('Ctrl Pts',(-2.60483926829699,-24.7906431881827,
-5.60367854539597));
#13255=CARTESIAN_POINT('Ctrl Pts',(-2.60136988667566,-24.7831581406213,
-5.61463071910312));
#13256=CARTESIAN_POINT('Ctrl Pts',(-2.59828029607675,-24.7781598182348,
-5.62018653660279));
#13257=CARTESIAN_POINT('Ctrl Pts',(-2.58945321423221,-24.7657973236452,
-5.63129065430966));
#13258=CARTESIAN_POINT('Ctrl Pts',(-2.58303647169859,-24.758067297211,-5.6362353335194));
#13259=CARTESIAN_POINT('Ctrl Pts',(-2.57583814296506,-24.7502857079826,
-5.63959664258425));
#13260=CARTESIAN_POINT('Ctrl Pts',(-2.57570573972676,-24.750142853677,-5.63965778781012));
#13261=CARTESIAN_POINT('Ctrl Pts',(-2.5755730806117,-24.75,-5.63971837119801));
#13262=CARTESIAN_POINT('',(-2.51722534302838,-1.45,-5.62890985080829));
#13263=CARTESIAN_POINT('Origin',(-2.55410579733393,-1.45,-5.59271157772253));
#13264=CARTESIAN_POINT('',(-2.51722534302838,-24.7973297985509,-5.62890985080829));
#13265=CARTESIAN_POINT('',(-2.51722534302838,-25.6,-5.62890985080829));
#13266=CARTESIAN_POINT('Ctrl Pts',(-2.5755730806117,-24.75,-5.63971837119801));
#13267=CARTESIAN_POINT('Ctrl Pts',(-2.57544042149666,-24.7501428536769,
-5.63977895458589));
#13268=CARTESIAN_POINT('Ctrl Pts',(-2.57530750533639,-24.7502857079827,
-5.63983897666939));
#13269=CARTESIAN_POINT('Ctrl Pts',(-2.56805329460324,-24.7580672972106,
-5.64307792122483));
#13270=CARTESIAN_POINT('Ctrl Pts',(-2.56011428267054,-24.7657973236452,
-5.6446892954067));
#13271=CARTESIAN_POINT('Ctrl Pts',(-2.5459418411447,-24.7781598182348,-5.64408870808217));
#13272=CARTESIAN_POINT('Ctrl Pts',(-2.53971978286694,-24.7831581406213,
-5.64278537813673));
#13273=CARTESIAN_POINT('Ctrl Pts',(-2.52917072045463,-24.7906431881827,
-5.63823521330816));
#13274=CARTESIAN_POINT('Ctrl Pts',(-2.5247543505932,-24.7934604537921,-5.63558148292892));
#13275=CARTESIAN_POINT('Ctrl Pts',(-2.51947973937165,-24.7962566425312,
-5.63110317325336));
#13276=CARTESIAN_POINT('Ctrl Pts',(-2.51833255335701,-24.7968250803957,
-5.63003792727301));
#13277=CARTESIAN_POINT('Ctrl Pts',(-2.51722534302838,-24.7973297985509,
-5.62890985080829));
#13278=CARTESIAN_POINT('Origin',(-1.15712196850441,-25.6,-5.3192038429617));
#13279=CARTESIAN_POINT('',(-1.21242635890309,-25.5177583993447,-5.2786034703628));
#13280=CARTESIAN_POINT('',(-1.08994932120314,-25.5177583993447,-5.30524671907895));
#13281=CARTESIAN_POINT('Ctrl Pts',(-1.21242635890309,-25.5177583993447,
-5.2786034703628));
#13282=CARTESIAN_POINT('Ctrl Pts',(-1.20673148597801,-25.5257386964287,
-5.27084611604906));
#13283=CARTESIAN_POINT('Ctrl Pts',(-1.19916940212899,-25.5332253465288,
-5.26407481810019));
#13284=CARTESIAN_POINT('Ctrl Pts',(-1.18408901563898,-25.5436056765099,
-5.25570500845746));
#13285=CARTESIAN_POINT('Ctrl Pts',(-1.17635131138805,-25.5476998250076,
-5.25280062587041));
#13286=CARTESIAN_POINT('Ctrl Pts',(-1.15970065414707,-25.553313618016,-5.2501364348287));
#13287=CARTESIAN_POINT('Ctrl Pts',(-1.15079072277766,-25.5548387096774,
-5.25036922847717));
#13288=CARTESIAN_POINT('Ctrl Pts',(-1.13428613991683,-25.5548387096774,
-5.25395958071279));
#13289=CARTESIAN_POINT('Ctrl Pts',(-1.1260846752903,-25.553313618016,-5.25744914341749));
#13290=CARTESIAN_POINT('Ctrl Pts',(-1.11204544967645,-25.5476998250076,
-5.26678950982502));
#13291=CARTESIAN_POINT('Ctrl Pts',(-1.10621351044938,-25.5436056765099,
-5.27264578766496));
#13292=CARTESIAN_POINT('Ctrl Pts',(-1.09597285297732,-25.5332253465288,
-5.28652385326083));
#13293=CARTESIAN_POINT('Ctrl Pts',(-1.09190703838216,-25.5257386964287,
-5.29582464568566));
#13294=CARTESIAN_POINT('Ctrl Pts',(-1.08994932120314,-25.5177583993447,
-5.30524671907895));
#13295=CARTESIAN_POINT('',(-1.21242635890309,-1.45,-5.2786034703628));
#13296=CARTESIAN_POINT('',(-1.21242635890309,-25.6,-5.2786034703628));
#13297=CARTESIAN_POINT('',(-1.08994932120314,-1.45,-5.30524671907895));
#13298=CARTESIAN_POINT('Origin',(-1.15712196850441,-1.45,-5.3192038429617));
#13299=CARTESIAN_POINT('',(-1.08994932120314,-25.6,-5.30524671907895));
#13300=CARTESIAN_POINT('Origin',(-1.08994932120313,-25.6,-5.30524671907895));
#13301=CARTESIAN_POINT('',(-0.957829375466043,-24.9742204952469,-5.94111171469115));
#13302=CARTESIAN_POINT('Ctrl Pts',(-1.08994932120314,-25.5177583993447,
-5.30524671907895));
#13303=CARTESIAN_POINT('Ctrl Pts',(-1.02736613657126,-25.2626488200992,
-5.60644617991234));
#13304=CARTESIAN_POINT('Ctrl Pts',(-0.957829375466042,-24.9742204952469,
-5.94111171469116));
#13305=CARTESIAN_POINT('',(-0.92559371037005,-1.45,-6.09625506515552));
#13306=CARTESIAN_POINT('',(-1.05347761103347,-1.45,-5.48077724702174));
#13307=CARTESIAN_POINT('',(-0.92559371037005,-24.7973297985509,-6.09625506515552));
#13308=CARTESIAN_POINT('',(-0.92559371037005,-25.6,-6.09625506515552));
#13309=CARTESIAN_POINT('',(-0.929092737896935,-24.8,-6.07941499524314));
#13310=CARTESIAN_POINT('Ctrl Pts',(-0.929092737896935,-24.8,-6.07941499524314));
#13311=CARTESIAN_POINT('Ctrl Pts',(-0.927983483705985,-24.8,-6.08475359803567));
#13312=CARTESIAN_POINT('Ctrl Pts',(-0.926708736653387,-24.7990799331332,
-6.09088868251883));
#13313=CARTESIAN_POINT('Ctrl Pts',(-0.925593710370046,-24.7973297985509,
-6.09625506515552));
#13314=CARTESIAN_POINT('',(-0.939953198780595,-24.8,-6.02714592357794));
#13315=CARTESIAN_POINT('',(-0.978286324676212,-24.8,-5.84265680050547));
#13316=CARTESIAN_POINT('Ctrl Pts',(-0.957829375466043,-24.9742204952469,
-5.94111171469115));
#13317=CARTESIAN_POINT('Ctrl Pts',(-0.95694502848426,-24.9705523531809,
-5.94536788726641));
#13318=CARTESIAN_POINT('Ctrl Pts',(-0.956101827598055,-24.9668106449507,
-5.94942603249813));
#13319=CARTESIAN_POINT('Ctrl Pts',(-0.950723573627903,-24.9414258167976,
-5.97531041670713));
#13320=CARTESIAN_POINT('Ctrl Pts',(-0.946341651841245,-24.9107553390256,
-5.99639966755492));
#13321=CARTESIAN_POINT('Ctrl Pts',(-0.941700206374413,-24.8577344474004,
-6.01873795027928));
#13322=CARTESIAN_POINT('Ctrl Pts',(-0.940223383616465,-24.8274632571901,
-6.02584558184288));
#13323=CARTESIAN_POINT('Ctrl Pts',(-0.939953198780595,-24.8,-6.02714592357794));
#13324=CARTESIAN_POINT('Origin',(-1.73218283934081,-25.6,-5.89927299136594));
#13325=CARTESIAN_POINT('',(-1.74674185241684,-24.75,-5.94885643640989));
#13326=CARTESIAN_POINT('Ctrl Pts',(-1.78376005466471,-24.7973297985509,
-5.90247825946809));
#13327=CARTESIAN_POINT('Ctrl Pts',(-1.78345403533079,-24.7957543974139,
-5.90740253555847));
#13328=CARTESIAN_POINT('Ctrl Pts',(-1.78245830550316,-24.7935815339909,
-5.91205265360284));
#13329=CARTESIAN_POINT('Ctrl Pts',(-1.77895792466597,-24.7876070369856,
-5.9220681142663));
#13330=CARTESIAN_POINT('Ctrl Pts',(-1.7760567457953,-24.7835085354417,-5.92712200682628));
#13331=CARTESIAN_POINT('Ctrl Pts',(-1.76918969336776,-24.774697692864,-5.93576868516895));
#13332=CARTESIAN_POINT('Ctrl Pts',(-1.76516313798768,-24.7699179175202,
-5.9393968870801));
#13333=CARTESIAN_POINT('Ctrl Pts',(-1.75656326438503,-24.7602607484914,
-5.94512401407549));
#13334=CARTESIAN_POINT('Ctrl Pts',(-1.75194956210023,-24.7553289618466,
-5.94728211467954));
#13335=CARTESIAN_POINT('Ctrl Pts',(-1.7470160048742,-24.7502800496552,-5.94877531979427));
#13336=CARTESIAN_POINT('Ctrl Pts',(-1.74687901191011,-24.7501400245316,
-5.94881616274891));
#13337=CARTESIAN_POINT('Ctrl Pts',(-1.74674185241684,-24.75,-5.94885643640989));
#13338=CARTESIAN_POINT('',(-1.6905262235029,-1.45,-5.92985418233534));
#13339=CARTESIAN_POINT('Origin',(-1.73218283934081,-1.45,-5.89927299136594));
#13340=CARTESIAN_POINT('',(-1.6905262235029,-24.7973297985509,-5.92985418233534));
#13341=CARTESIAN_POINT('',(-1.6905262235029,-25.6,-5.92985418233534));
#13342=CARTESIAN_POINT('Ctrl Pts',(-1.74674185241684,-24.75,-5.94885643640989));
#13343=CARTESIAN_POINT('Ctrl Pts',(-1.74660469292361,-24.7501400245315,
-5.94889671007086));
#13344=CARTESIAN_POINT('Ctrl Pts',(-1.74646736574022,-24.7502800496553,
-5.94893641477907));
#13345=CARTESIAN_POINT('Ctrl Pts',(-1.74125908797739,-24.7555841924697,
-5.9504188674119));
#13346=CARTESIAN_POINT('Ctrl Pts',(-1.73593461749945,-24.7607751835192,
-5.95109552043935));
#13347=CARTESIAN_POINT('Ctrl Pts',(-1.72503330808716,-24.7709179670381,
-5.95074808052518));
#13348=CARTESIAN_POINT('Ctrl Pts',(-1.71937853580836,-24.77593303461,-5.94968731072123));
#13349=CARTESIAN_POINT('Ctrl Pts',(-1.70882303134915,-24.7847138205975,
-5.9456801316757));
#13350=CARTESIAN_POINT('Ctrl Pts',(-1.70383937634578,-24.7886036562986,
-5.94289306233001));
#13351=CARTESIAN_POINT('Ctrl Pts',(-1.69609446178402,-24.7940338877968,
-5.9364860638053));
#13352=CARTESIAN_POINT('Ctrl Pts',(-1.69313569733097,-24.7959217902951,
-5.93340871521486));
#13353=CARTESIAN_POINT('Ctrl Pts',(-1.6905262235029,-24.7973297985509,-5.92985418233534));
#13354=CARTESIAN_POINT('Origin',(-0.829412865141952,-25.6,-6.11008378299741));
#13355=CARTESIAN_POINT('',(-0.829412865141947,-24.7973297985509,-6.11008378299741));
#13356=CARTESIAN_POINT('',(-0.821311176861617,-24.8,-6.09491164421291));
#13357=CARTESIAN_POINT('Ctrl Pts',(-0.829412865141952,-24.7973297985509,
-6.11008378299741));
#13358=CARTESIAN_POINT('Ctrl Pts',(-0.826831120556468,-24.7990799331332,
-6.10524891576953));
#13359=CARTESIAN_POINT('Ctrl Pts',(-0.823879556678485,-24.8,-6.09972148306186));
#13360=CARTESIAN_POINT('Ctrl Pts',(-0.821311176861616,-24.8,-6.09491164421291));
#13361=CARTESIAN_POINT('',(-0.829412865141947,-1.45,-6.11008378299741));
#13362=CARTESIAN_POINT('',(-0.829412865141947,-25.6,-6.11008378299741));
#13363=CARTESIAN_POINT('',(-0.448862007550418,-1.45,-5.39742115933776));
#13364=CARTESIAN_POINT('',(-0.727042509507145,-1.45,-5.91837346418903));
#13365=CARTESIAN_POINT('',(-0.448862007550418,-25.5177583993447,-5.39742115933776));
#13366=CARTESIAN_POINT('',(-0.448862007550418,-25.6,-5.39742115933776));
#13367=CARTESIAN_POINT('',(-0.754774038179282,-24.9742204952469,-5.97030666467282));
#13368=CARTESIAN_POINT('Ctrl Pts',(-0.754774038179284,-24.9742204952469,
-5.97030666467282));
#13369=CARTESIAN_POINT('Ctrl Pts',(-0.593767827691177,-25.2626488200988,
-5.66878820504263));
#13370=CARTESIAN_POINT('Ctrl Pts',(-0.448862007550418,-25.5177583993447,
-5.39742115933776));
#13371=CARTESIAN_POINT('',(-0.796164741749563,-24.8,-6.04781958262603));
#13372=CARTESIAN_POINT('Ctrl Pts',(-0.796164741749563,-24.8,-6.04781958262603));
#13373=CARTESIAN_POINT('Ctrl Pts',(-0.795539152696184,-24.8274632571901,
-6.04664803373257));
#13374=CARTESIAN_POINT('Ctrl Pts',(-0.792119700423159,-24.8577344474004,
-6.04024438023986));
#13375=CARTESIAN_POINT('Ctrl Pts',(-0.781372844602938,-24.9107553390256,
-6.02011860122203));
#13376=CARTESIAN_POINT('Ctrl Pts',(-0.771226892874494,-24.9414258167976,
-6.00111814324362));
#13377=CARTESIAN_POINT('Ctrl Pts',(-0.758774022234351,-24.9668106449507,
-5.97779748771109));
#13378=CARTESIAN_POINT('Ctrl Pts',(-0.756821665276525,-24.9705523531809,
-5.97414128301696));
#13379=CARTESIAN_POINT('Ctrl Pts',(-0.754774038179282,-24.9742204952469,
-5.97030666467282));
#13380=CARTESIAN_POINT('',(-0.75608054474693,-24.8,-5.97275337680013));
#13381=CARTESIAN_POINT('Origin',(-0.874997633941525,-25.6,-6.08574221900362));
#13382=CARTESIAN_POINT('',(-0.882351997294341,-24.75,-6.13689293966179));
#13383=CARTESIAN_POINT('Ctrl Pts',(-0.92559371037005,-24.7973297985509,
-6.09625506515552));
#13384=CARTESIAN_POINT('Ctrl Pts',(-0.924586521750256,-24.7957489249332,
-6.10110244821894));
#13385=CARTESIAN_POINT('Ctrl Pts',(-0.922930550950404,-24.7935655256857,
-6.10558009202863));
#13386=CARTESIAN_POINT('Ctrl Pts',(-0.917873680732839,-24.7873903025405,
-6.11529209733552));
#13387=CARTESIAN_POINT('Ctrl Pts',(-0.914044308035426,-24.7830334445305,
-6.12007632074115));
#13388=CARTESIAN_POINT('Ctrl Pts',(-0.905859676723303,-24.7740861180963,
-6.12753219922417));
#13389=CARTESIAN_POINT('Ctrl Pts',(-0.901512181947198,-24.7694793365763,
-6.13038016122636));
#13390=CARTESIAN_POINT('Ctrl Pts',(-0.892390141159613,-24.7600428618372,
-6.13466765611257));
#13391=CARTESIAN_POINT('Ctrl Pts',(-0.887558334127331,-24.7551564017791,
-6.13611446639954));
#13392=CARTESIAN_POINT('Ctrl Pts',(-0.882549377574281,-24.7501953697596,
-6.13686426901777));
#13393=CARTESIAN_POINT('Ctrl Pts',(-0.88245070787405,-24.7500976847794,
-6.13687874722304));
#13394=CARTESIAN_POINT('Ctrl Pts',(-0.882351997294341,-24.75,-6.13689293966179));
#13395=CARTESIAN_POINT('Origin',(-0.874997633941525,-1.45,-6.08574221900362));
#13396=CARTESIAN_POINT('Ctrl Pts',(-0.882351997294341,-24.75,-6.13689293966179));
#13397=CARTESIAN_POINT('Ctrl Pts',(-0.882253286714658,-24.7500976847794,
-6.13690713210053));
#13398=CARTESIAN_POINT('Ctrl Pts',(-0.882154534848927,-24.7501953697597,
-6.13692103883122));
#13399=CARTESIAN_POINT('Ctrl Pts',(-0.87741725366008,-24.7548795210529,
-6.13757418696281));
#13400=CARTESIAN_POINT('Ctrl Pts',(-0.872668733068124,-24.7594852399252,
-6.13758646808968));
#13401=CARTESIAN_POINT('Ctrl Pts',(-0.863267426516068,-24.7684150941715,
-6.13629072257644));
#13402=CARTESIAN_POINT('Ctrl Pts',(-0.858567313117303,-24.7727863701775,
-6.13499047463149));
#13403=CARTESIAN_POINT('Ctrl Pts',(-0.848655698448403,-24.7817586790013,
-6.13058556263152));
#13404=CARTESIAN_POINT('Ctrl Pts',(-0.843420978136952,-24.7863368377572,
-6.12716801916698));
#13405=CARTESIAN_POINT('Ctrl Pts',(-0.835289462656903,-24.7930271447186,
-6.11917076473082));
#13406=CARTESIAN_POINT('Ctrl Pts',(-0.832135961101178,-24.7954704202418,
-6.11510296007858));
#13407=CARTESIAN_POINT('Ctrl Pts',(-0.829524316941495,-24.7972541034295,
-6.11029164280873));
#13408=CARTESIAN_POINT('Ctrl Pts',(-0.829468428079636,-24.7972921330827,
-6.11018783644562));
#13409=CARTESIAN_POINT('Ctrl Pts',(-0.829412865141947,-24.7973297985509,
-6.11008378299741));
#13410=CARTESIAN_POINT('Origin',(-0.388342500643404,-25.6,-5.42973764330912));
#13411=CARTESIAN_POINT('',(-0.323839879864835,-25.5177583993447,-5.40636291838592));
#13412=CARTESIAN_POINT('Ctrl Pts',(-0.448862007550419,-25.5177583993447,
-5.39742115933776));
#13413=CARTESIAN_POINT('Ctrl Pts',(-0.444329086844978,-25.5257386964287,
-5.38893229878644));
#13414=CARTESIAN_POINT('Ctrl Pts',(-0.437807630278411,-25.5332253465288,
-5.3811537261473));
#13415=CARTESIAN_POINT('Ctrl Pts',(-0.424071888484431,-25.5436056765099,
-5.37072294633404));
#13416=CARTESIAN_POINT('Ctrl Pts',(-0.416826279644091,-25.5476998250076,
-5.36674693604487));
#13417=CARTESIAN_POINT('Ctrl Pts',(-0.400724256002791,-25.553313618016,
-5.36174022703413));
#13418=CARTESIAN_POINT('Ctrl Pts',(-0.391871884897227,-25.5548387096774,
-5.36070263573706));
#13419=CARTESIAN_POINT('Ctrl Pts',(-0.37502433449452,-25.5548387096774,
-5.36190759632317));
#13420=CARTESIAN_POINT('Ctrl Pts',(-0.366409732400382,-25.5533136180161,
-5.36419445019914));
#13421=CARTESIAN_POINT('Ctrl Pts',(-0.351184133125695,-25.5476998250076,
-5.37144175502161));
#13422=CARTESIAN_POINT('Ctrl Pts',(-0.344578119397321,-25.5436056765099,
-5.37640845290928));
#13423=CARTESIAN_POINT('Ctrl Pts',(-0.332466642391688,-25.5332253465288,
-5.38868786229596));
#13424=CARTESIAN_POINT('Ctrl Pts',(-0.327118571156942,-25.5257386964287,
-5.39731536031798));
#13425=CARTESIAN_POINT('Ctrl Pts',(-0.323839879864835,-25.5177583993447,
-5.40636291838592));
#13426=CARTESIAN_POINT('',(-0.323839879864835,-1.45,-5.40636291838592));
#13427=CARTESIAN_POINT('Origin',(-0.388342500643404,-1.45,-5.42973764330912));
#13428=CARTESIAN_POINT('',(-0.323839879864835,-25.6,-5.40636291838592));
#13429=CARTESIAN_POINT('Origin',(-0.323839879864831,-25.6,-5.40636291838592));
#13430=CARTESIAN_POINT('',(-0.102571700659921,-24.9742204952469,-6.01695309647415));
#13431=CARTESIAN_POINT('Ctrl Pts',(-0.323839879864835,-25.5177583993447,
-5.40636291838592));
#13432=CARTESIAN_POINT('Ctrl Pts',(-0.219028549258857,-25.2626488201,-5.69559008720129));
#13433=CARTESIAN_POINT('Ctrl Pts',(-0.102571700659919,-24.9742204952469,
-6.01695309647415));
#13434=CARTESIAN_POINT('',(-0.0485849473241024,-1.45,-6.16592969786426));
#13435=CARTESIAN_POINT('',(-0.262758800420629,-1.45,-5.57491633311402));
#13436=CARTESIAN_POINT('',(-0.0485849473241024,-24.7973297985509,-6.16592969786426));
#13437=CARTESIAN_POINT('',(-0.0485849473241024,-25.6,-6.16592969786426));
#13438=CARTESIAN_POINT('',(-0.0544449516220352,-24.8,-6.14975899911882));
#13439=CARTESIAN_POINT('Ctrl Pts',(-0.0544449516220347,-24.8,-6.14975899911882));
#13440=CARTESIAN_POINT('Ctrl Pts',(-0.0525872256463122,-24.8,-6.15488539930176));
#13441=CARTESIAN_POINT('Ctrl Pts',(-0.0504523401246625,-24.7990799331332,
-6.16077662205031));
#13442=CARTESIAN_POINT('Ctrl Pts',(-0.0485849473240987,-24.7973297985509,
-6.16592969786426));
#13443=CARTESIAN_POINT('',(-0.07263353315412,-24.8,-6.09956755597162));
#13444=CARTESIAN_POINT('',(-0.17793589442156,-24.8,-5.80898538663106));
#13445=CARTESIAN_POINT('Ctrl Pts',(-0.102571700659921,-24.9742204952469,
-6.01695309647415));
#13446=CARTESIAN_POINT('Ctrl Pts',(-0.101090638543578,-24.9705523531809,
-6.0210400916518));
#13447=CARTESIAN_POINT('Ctrl Pts',(-0.0996784859442572,-24.9668106449507,
-6.02493693081867));
#13448=CARTESIAN_POINT('Ctrl Pts',(-0.0906712428922121,-24.9414258167976,
-6.04979244397467));
#13449=CARTESIAN_POINT('Ctrl Pts',(-0.0833326094274253,-24.9107553390256,
-6.07004342416662));
#13450=CARTESIAN_POINT('Ctrl Pts',(-0.0755593380898136,-24.8577344474004,
-6.09149378882102));
#13451=CARTESIAN_POINT('Ctrl Pts',(-0.0730860258216595,-24.8274632571901,
-6.09831890115171));
#13452=CARTESIAN_POINT('Ctrl Pts',(-0.0726335331541198,-24.8,-6.09956755597162));
#13453=CARTESIAN_POINT('Origin',(0.925593710370045,-25.6,-6.09625506515552));
#13454=CARTESIAN_POINT('',(0.957829375466041,-24.9742204952469,-5.94111171469115));
#13455=CARTESIAN_POINT('Ctrl Pts',(0.957829375466041,-24.9742204952469,
-5.94111171469116));
#13456=CARTESIAN_POINT('Ctrl Pts',(1.02736613657109,-25.2626488200985,-5.60644617991314));
#13457=CARTESIAN_POINT('Ctrl Pts',(1.08994932120314,-25.5177583993447,-5.30524671907895));
#13458=CARTESIAN_POINT('',(0.939953198780593,-24.8,-6.02714592357794));
#13459=CARTESIAN_POINT('Ctrl Pts',(0.939953198780594,-24.8,-6.02714592357794));
#13460=CARTESIAN_POINT('Ctrl Pts',(0.940223383616464,-24.8274632571901,
-6.02584558184288));
#13461=CARTESIAN_POINT('Ctrl Pts',(0.941700206374411,-24.8577344474004,
-6.01873795027928));
#13462=CARTESIAN_POINT('Ctrl Pts',(0.946341651841244,-24.9107553390256,
-5.99639966755492));
#13463=CARTESIAN_POINT('Ctrl Pts',(0.950723573627901,-24.9414258167976,
-5.97531041670713));
#13464=CARTESIAN_POINT('Ctrl Pts',(0.956101827598053,-24.9668106449507,
-5.94942603249813));
#13465=CARTESIAN_POINT('Ctrl Pts',(0.956945028484259,-24.9705523531809,
-5.94536788726641));
#13466=CARTESIAN_POINT('Ctrl Pts',(0.957829375466041,-24.9742204952469,
-5.94111171469115));
#13467=CARTESIAN_POINT('',(0.929092737896933,-24.8,-6.07941499524314));
#13468=CARTESIAN_POINT('',(0.896108519259667,-24.8,-6.23816097354375));
#13469=CARTESIAN_POINT('Ctrl Pts',(0.925593710370045,-24.7973297985509,
-6.09625506515552));
#13470=CARTESIAN_POINT('Ctrl Pts',(0.926708736653385,-24.7990799331332,
-6.09088868251883));
#13471=CARTESIAN_POINT('Ctrl Pts',(0.927983483705984,-24.8,-6.08475359803567));
#13472=CARTESIAN_POINT('Ctrl Pts',(0.929092737896933,-24.8,-6.07941499524314));
#13473=CARTESIAN_POINT('',(0.969806309017289,-1.45,-5.88346929925172));
#13474=CARTESIAN_POINT('Origin',(1.7837600546647,-25.6,-5.90247825946809));
#13475=CARTESIAN_POINT('',(1.7935884063395,-24.9742204952469,-5.74432643114845));
#13476=CARTESIAN_POINT('Ctrl Pts',(1.7935884063395,-24.9742204952469,-5.74432643114845));
#13477=CARTESIAN_POINT('Ctrl Pts',(1.81478951202268,-25.2626488200988,-5.40317119605553));
#13478=CARTESIAN_POINT('Ctrl Pts',(1.83387053751603,-25.5177583993447,-5.09613099563972));
#13479=CARTESIAN_POINT('',(1.78813812788108,-24.8,-5.83202898103378));
#13480=CARTESIAN_POINT('Ctrl Pts',(1.78813812788109,-24.8,-5.83202898103378));
#13481=CARTESIAN_POINT('Ctrl Pts',(1.78822050470118,-24.8274632571901,-5.83070342359143));
#13482=CARTESIAN_POINT('Ctrl Pts',(1.78867077409637,-24.8577344474004,-5.82345796367683));
#13483=CARTESIAN_POINT('Ctrl Pts',(1.79008590724754,-24.9107553390256,-5.8006865059005));
#13484=CARTESIAN_POINT('Ctrl Pts',(1.79142191406491,-24.9414258167976,-5.77918830072776));
#13485=CARTESIAN_POINT('Ctrl Pts',(1.79306169321194,-24.9668106449507,-5.75280197688385));
#13486=CARTESIAN_POINT('Ctrl Pts',(1.79331877724658,-24.9705523531809,-5.74866513772147));
#13487=CARTESIAN_POINT('Ctrl Pts',(1.7935884063395,-24.9742204952469,-5.74432643114845));
#13488=CARTESIAN_POINT('',(1.78482687531046,-24.8,-5.88531163364944));
#13489=CARTESIAN_POINT('',(1.77111967567347,-24.8,-6.10587951272638));
#13490=CARTESIAN_POINT('Ctrl Pts',(1.7837600546647,-24.7973297985509,-5.90247825946809));
#13491=CARTESIAN_POINT('Ctrl Pts',(1.78410001571116,-24.7990799331332,-5.89700781408378));
#13492=CARTESIAN_POINT('Ctrl Pts',(1.78448867412078,-24.8,-5.89075376049397));
#13493=CARTESIAN_POINT('Ctrl Pts',(1.78482687531046,-24.8,-5.88531163364944));
#13494=CARTESIAN_POINT('',(1.79724006094557,-1.45,-5.68556623702334));
#13495=CARTESIAN_POINT('Origin',(2.60561418818561,-25.6,-5.58854401775961));
#13496=CARTESIAN_POINT('',(2.59283514954174,-24.9742204952469,-5.43060322673706));
#13497=CARTESIAN_POINT('Ctrl Pts',(2.59283514954174,-24.9742204952469,-5.43060322673707));
#13498=CARTESIAN_POINT('Ctrl Pts',(2.56526900643015,-25.2626488200993,-5.08990322810503));
#13499=CARTESIAN_POINT('Ctrl Pts',(2.54045943813102,-25.5177583993447,-4.78327274115748));
#13500=CARTESIAN_POINT('',(2.59992172126246,-24.8,-5.51818874661855));
#13501=CARTESIAN_POINT('Ctrl Pts',(2.59992172126246,-24.8,-5.51818874661855));
#13502=CARTESIAN_POINT('Ctrl Pts',(2.59981461311227,-24.8274632571901,-5.51686495799584));
#13503=CARTESIAN_POINT('Ctrl Pts',(2.5992291629583,-24.8577344474004,-5.50962916639993));
#13504=CARTESIAN_POINT('Ctrl Pts',(2.59738917576376,-24.9107553390256,-5.48688809478448));
#13505=CARTESIAN_POINT('Ctrl Pts',(2.59565207036577,-24.9414258167976,-5.4654185767484));
#13506=CARTESIAN_POINT('Ctrl Pts',(2.59351999351497,-24.9668106449507,-5.43906746273117));
#13507=CARTESIAN_POINT('Ctrl Pts',(2.59318572720847,-24.9705523531809,-5.43493614375383));
#13508=CARTESIAN_POINT('Ctrl Pts',(2.59283514954174,-24.9742204952469,-5.43060322673706));
#13509=CARTESIAN_POINT('',(2.60422708455834,-24.8,-5.5714002990319));
#13510=CARTESIAN_POINT('',(2.62171652297803,-24.8,-5.78755863578364));
#13511=CARTESIAN_POINT('Ctrl Pts',(2.60561418818561,-24.7973297985509,-5.58854401775961));
#13512=CARTESIAN_POINT('Ctrl Pts',(2.60517216336865,-24.7990799331332,-5.58308087212024));
#13513=CARTESIAN_POINT('Ctrl Pts',(2.60466682117087,-24.8,-5.57683516391966));
#13514=CARTESIAN_POINT('Ctrl Pts',(2.60422708455834,-24.8,-5.5714002990319));
#13515=CARTESIAN_POINT('',(2.58808718804534,-1.45,-5.37192144202825));
#13516=CARTESIAN_POINT('Origin',(3.37442553080589,-25.6,-5.16084313587967));
#13517=CARTESIAN_POINT('',(3.33929924621843,-24.9742204952469,-5.0063286011958));
#13518=CARTESIAN_POINT('Ctrl Pts',(3.33929924621843,-24.9742204952469,-5.00632860119581));
#13519=CARTESIAN_POINT('Ctrl Pts',(3.26352702149152,-25.2626488200996,-4.6730195084994));
#13520=CARTESIAN_POINT('Ctrl Pts',(3.19533191066571,-25.5177583993447,-4.3730408474848));
#13521=CARTESIAN_POINT('',(3.35877840595405,-24.8,-5.09201410246445));
#13522=CARTESIAN_POINT('Ctrl Pts',(3.35877840595405,-24.8,-5.09201410246444));
#13523=CARTESIAN_POINT('Ctrl Pts',(3.35848399324664,-24.8274632571901,-5.09071903118024));
#13524=CARTESIAN_POINT('Ctrl Pts',(3.35687474162033,-24.8577344474004,-5.0836402077536));
#13525=CARTESIAN_POINT('Ctrl Pts',(3.35181709091328,-24.9107553390256,-5.0613924649373));
#13526=CARTESIAN_POINT('Ctrl Pts',(3.34704223575643,-24.9414258167976,-5.04038869151211));
#13527=CARTESIAN_POINT('Ctrl Pts',(3.34118170584409,-24.9668106449507,-5.01460922001262));
#13528=CARTESIAN_POINT('Ctrl Pts',(3.3402628938945,-24.9705523531809,-5.01056752296095));
#13529=CARTESIAN_POINT('Ctrl Pts',(3.33929924621843,-24.9742204952469,-5.0063286011958));
#13530=CARTESIAN_POINT('',(3.37061274033537,-24.8,-5.14407132091779));
#13531=CARTESIAN_POINT('',(3.40382764112479,-24.8,-5.29017800428389));
#13532=CARTESIAN_POINT('Ctrl Pts',(3.37442553080589,-24.7973297985509,-5.16084313587967));
#13533=CARTESIAN_POINT('Ctrl Pts',(3.37321051847609,-24.7990799331332,-5.15549850387603));
#13534=CARTESIAN_POINT('Ctrl Pts',(3.37182146298077,-24.8,-5.14938828567252));
#13535=CARTESIAN_POINT('Ctrl Pts',(3.37061274033537,-24.8,-5.14407132091779));
#13536=CARTESIAN_POINT('',(3.32624832342365,-1.45,-4.94891981781567));
#13537=CARTESIAN_POINT('Origin',(4.07454330065863,-25.6,-4.62808237039584));
#13538=CARTESIAN_POINT('',(4.01778483998594,-24.9742204952469,-4.48013956239371));
#13539=CARTESIAN_POINT('Ctrl Pts',(4.01778483998594,-24.9742204952469,-4.48013956239371));
#13540=CARTESIAN_POINT('Ctrl Pts',(3.89534903763044,-25.2626488200989,-4.16100658757739));
#13541=CARTESIAN_POINT('Ctrl Pts',(3.78515664007556,-25.5177583993447,-3.87378645296577));
#13542=CARTESIAN_POINT('',(4.04926004821749,-24.8,-4.56218073534025));
#13543=CARTESIAN_POINT('Ctrl Pts',(4.04926004821749,-24.8,-4.56218073534025));
#13544=CARTESIAN_POINT('Ctrl Pts',(4.04878432434657,-24.8274632571901,-4.56094074531122));
#13545=CARTESIAN_POINT('Ctrl Pts',(4.04618403097034,-24.8577344474004,-4.55416299448518));
#13546=CARTESIAN_POINT('Ctrl Pts',(4.03801167593411,-24.9107553390256,-4.53286148035457));
#13547=CARTESIAN_POINT('Ctrl Pts',(4.03029627329985,-24.9414258167976,-4.51275102779734));
#13548=CARTESIAN_POINT('Ctrl Pts',(4.02082659381461,-24.9668106449507,-4.48806799451345));
#13549=CARTESIAN_POINT('Ctrl Pts',(4.01934194058359,-24.9705523531809,-4.48419819668413));
#13550=CARTESIAN_POINT('Ctrl Pts',(4.01778483998594,-24.9742204952469,-4.48013956239371));
#13551=CARTESIAN_POINT('',(4.06838244076366,-24.8,-4.61202388498649));
#13552=CARTESIAN_POINT('',(4.07600032085756,-24.8,-4.63188014181161));
#13553=CARTESIAN_POINT('Ctrl Pts',(4.07454330065863,-24.7973297985509,-4.62808237039584));
#13554=CARTESIAN_POINT('Ctrl Pts',(4.07258003496321,-24.7990799331332,-4.62296505332289));
#13555=CARTESIAN_POINT('Ctrl Pts',(4.07033554333454,-24.8,-4.61711471153866));
#13556=CARTESIAN_POINT('Ctrl Pts',(4.06838244076366,-24.8,-4.6120238849865));
#13557=CARTESIAN_POINT('',(3.99669663504512,-1.45,-4.42517245761861));
#13558=CARTESIAN_POINT('Origin',(4.69171511892254,-25.6,-4.00110719413821));
#13559=CARTESIAN_POINT('',(4.61447992074604,-24.9742204952469,-3.86274780175689));
#13560=CARTESIAN_POINT('Ctrl Pts',(4.61447992074605,-24.9742204952469,-3.8627478017569));
#13561=CARTESIAN_POINT('Ctrl Pts',(4.44787298062164,-25.2626488200995,-3.56428757188287));
#13562=CARTESIAN_POINT('Ctrl Pts',(4.29792649578384,-25.5177583993447,-3.29567293734199));
#13563=CARTESIAN_POINT('',(4.65731043300094,-24.8,-3.93947452468735));
#13564=CARTESIAN_POINT('Ctrl Pts',(4.65731043300094,-24.8,-3.93947452468735));
#13565=CARTESIAN_POINT('Ctrl Pts',(4.65666308233264,-24.8274632571901,-3.93831485853465));
#13566=CARTESIAN_POINT('Ctrl Pts',(4.65312468168101,-24.8577344474004,-3.93197615577061));
#13567=CARTESIAN_POINT('Ctrl Pts',(4.642003987897,-24.9107553390256,-3.9120545077249));
#13568=CARTESIAN_POINT('Ctrl Pts',(4.63150510113358,-24.9414258167976,-3.89324676685593));
#13569=CARTESIAN_POINT('Ctrl Pts',(4.61861904744146,-24.9668106449507,-3.87016264716532));
#13570=CARTESIAN_POINT('Ctrl Pts',(4.61659877618741,-24.9705523531809,-3.86654352648257));
#13571=CARTESIAN_POINT('Ctrl Pts',(4.61447992074604,-24.9742204952469,-3.86274780175689));
#13572=CARTESIAN_POINT('',(4.68333160694413,-24.8,-3.98608894273548));
#13573=CARTESIAN_POINT('',(4.60231280588445,-24.8,-3.84095159149229));
#13574=CARTESIAN_POINT('Ctrl Pts',(4.69171511892254,-24.7973297985509,-4.00110719413821));
#13575=CARTESIAN_POINT('Ctrl Pts',(4.68904356628948,-24.7990799331332,-3.99632136581443));
#13576=CARTESIAN_POINT('Ctrl Pts',(4.68598932990443,-24.8,-3.9908499965372));
#13577=CARTESIAN_POINT('Ctrl Pts',(4.68333160694413,-24.8,-3.98608894273548));
#13578=CARTESIAN_POINT('',(4.58578372869843,-1.45,-3.81134134732801));
#13579=CARTESIAN_POINT('Origin',(5.21337714715434,-25.6,-3.29268101364826));
#13580=CARTESIAN_POINT('',(5.11723749738098,-24.9742204952469,-3.16672163512111));
#13581=CARTESIAN_POINT('Ctrl Pts',(5.11723749738099,-24.9742204952469,-3.16672163512112));
#13582=CARTESIAN_POINT('Ctrl Pts',(4.90985105633453,-25.262648820099,-2.89500993978259));
#13583=CARTESIAN_POINT('Ctrl Pts',(4.7232029622345,-25.5177583993447,-2.65046902464987));
#13584=CARTESIAN_POINT('',(5.17055140794271,-24.8,-3.23657197321822));
#13585=CARTESIAN_POINT('Ctrl Pts',(5.17055140794271,-24.8,-3.23657197321822));
#13586=CARTESIAN_POINT('Ctrl Pts',(5.16974560866984,-24.8274632571901,-3.23551623840052));
#13587=CARTESIAN_POINT('Ctrl Pts',(5.16534113237616,-24.8577344474004,-3.22974562140745));
#13588=CARTESIAN_POINT('Ctrl Pts',(5.1514984851004,-24.9107553390256,-3.21160938675155));
#13589=CARTESIAN_POINT('Ctrl Pts',(5.13842984126604,-24.9414258167976,-3.1944872289379));
#13590=CARTESIAN_POINT('Ctrl Pts',(5.1223897362599,-24.9668106449507,-3.17347194894835));
#13591=CARTESIAN_POINT('Ctrl Pts',(5.11987497387956,-24.9705523531809,-3.17017718027261));
#13592=CARTESIAN_POINT('Ctrl Pts',(5.11723749738098,-24.9742204952469,-3.16672163512111));
#13593=CARTESIAN_POINT('',(5.20294164722032,-24.8,-3.27900872454165));
#13594=CARTESIAN_POINT('',(4.95490716772776,-24.8,-2.95404114910489));
#13595=CARTESIAN_POINT('Ctrl Pts',(5.21337714715434,-24.7973297985509,-3.29268101364826));
#13596=CARTESIAN_POINT('Ctrl Pts',(5.21005169269112,-24.7990799331332,-3.28832409973714));
#13597=CARTESIAN_POINT('Ctrl Pts',(5.20624988699481,-24.8,-3.28334308426728));
#13598=CARTESIAN_POINT('Ctrl Pts',(5.20294164722032,-24.8,-3.27900872454166));
#13599=CARTESIAN_POINT('',(5.08151748994367,-1.45,-3.11992231820664));
#13600=CARTESIAN_POINT('Origin',(5.62890985080828,-25.6,-2.51722534302838));
#13601=CARTESIAN_POINT('',(5.51582287546359,-24.9742204952469,-2.40623014806536));
#13602=CARTESIAN_POINT('Ctrl Pts',(5.5158228754636,-24.9742204952469,-2.40623014806536));
#13603=CARTESIAN_POINT('Ctrl Pts',(5.27187872338129,-25.2626488200991,-2.16679825382699));
#13604=CARTESIAN_POINT('Ctrl Pts',(5.05232863696664,-25.5177583993447,-1.95130920593738));
#13605=CARTESIAN_POINT('',(5.57853486685774,-24.8,-2.4677821498772));
#13606=CARTESIAN_POINT('Ctrl Pts',(5.57853486685774,-24.8,-2.4677821498772));
#13607=CARTESIAN_POINT('Ctrl Pts',(5.57758702272976,-24.8274632571901,-2.4668518381109));
#13608=CARTESIAN_POINT('Ctrl Pts',(5.57240613322991,-24.8577344474004,-2.46176678000969));
#13609=CARTESIAN_POINT('Ctrl Pts',(5.55612332884203,-24.9107553390256,-2.44578516018062));
#13610=CARTESIAN_POINT('Ctrl Pts',(5.54075096783833,-24.9414258167976,-2.43069714317913));
#13611=CARTESIAN_POINT('Ctrl Pts',(5.52188334180025,-24.9668106449507,-2.41217851338819));
#13612=CARTESIAN_POINT('Ctrl Pts',(5.51892528160372,-24.9705523531809,-2.40927516870835));
#13613=CARTESIAN_POINT('Ctrl Pts',(5.51582287546359,-24.9742204952469,-2.40623014806536));
#13614=CARTESIAN_POINT('',(5.61663479960381,-24.8,-2.50517734459648));
#13615=CARTESIAN_POINT('',(5.11594529537637,-24.8,-2.01374914105424));
#13616=CARTESIAN_POINT('Ctrl Pts',(5.62890985080828,-24.7973297985509,-2.51722534302838));
#13617=CARTESIAN_POINT('Ctrl Pts',(5.62499819117796,-24.7990799331332,-2.51338603773285));
#13618=CARTESIAN_POINT('Ctrl Pts',(5.62052620997085,-24.8,-2.50899677518125));
#13619=CARTESIAN_POINT('Ctrl Pts',(5.61663479960381,-24.8,-2.50517734459648));
#13620=CARTESIAN_POINT('',(5.47380620898001,-1.45,-2.3649906677996));
#13621=CARTESIAN_POINT('Origin',(5.92985418233534,-25.6,-1.6905262235029));
#13622=CARTESIAN_POINT('',(5.80212200612143,-24.9742204952469,-1.59675475418974));
#13623=CARTESIAN_POINT('Ctrl Pts',(5.80212200612144,-24.9742204952469,-1.59675475418974));
#13624=CARTESIAN_POINT('Ctrl Pts',(5.52658614246344,-25.2626488200986,-1.39447680395414));
#13625=CARTESIAN_POINT('Ctrl Pts',(5.2786034703628,-25.5177583993447,-1.21242635890308));
#13626=CARTESIAN_POINT('',(5.87295544304965,-24.8,-1.64875539846074));
#13627=CARTESIAN_POINT('Ctrl Pts',(5.87295544304965,-24.8,-1.64875539846074));
#13628=CARTESIAN_POINT('Ctrl Pts',(5.87188484943966,-24.8274632571901,-1.6479694482106));
#13629=CARTESIAN_POINT('Ctrl Pts',(5.86603301470341,-24.8577344474004,-1.64367346612009));
#13630=CARTESIAN_POINT('Ctrl Pts',(5.84764152414501,-24.9107553390256,-1.63017180081039));
#13631=CARTESIAN_POINT('Ctrl Pts',(5.83027838291178,-24.9414258167976,-1.61742507313697));
#13632=CARTESIAN_POINT('Ctrl Pts',(5.80896732629816,-24.9668106449507,-1.60178007944385));
#13633=CARTESIAN_POINT('Ctrl Pts',(5.8056261858607,-24.9705523531809,-1.59932726248505));
#13634=CARTESIAN_POINT('Ctrl Pts',(5.80212200612143,-24.9742204952469,-1.59675475418974));
#13635=CARTESIAN_POINT('',(5.91598946450461,-24.8,-1.68034777825021));
#13636=CARTESIAN_POINT('',(5.07883566242672,-24.8,-1.06577168326157));
#13637=CARTESIAN_POINT('Ctrl Pts',(5.92985418233534,-24.7973297985509,-1.6905262235029));
#13638=CARTESIAN_POINT('Ctrl Pts',(5.92543594764769,-24.7990799331332,-1.68728268400712));
#13639=CARTESIAN_POINT('Ctrl Pts',(5.92038482757103,-24.8,-1.68357452710175));
#13640=CARTESIAN_POINT('Ctrl Pts',(5.91598946450461,-24.8,-1.68034777825021));
#13641=CARTESIAN_POINT('',(5.75466401875513,-1.45,-1.56191462746606));
#13642=CARTESIAN_POINT('Origin',(6.11008378299741,-25.6,-0.82941286514195));
#13643=CARTESIAN_POINT('',(5.97030666467282,-24.9742204952469,-0.754774038179279));
#13644=CARTESIAN_POINT('Ctrl Pts',(5.97030666467282,-24.9742204952469,-0.754774038179282));
#13645=CARTESIAN_POINT('Ctrl Pts',(5.66878820504304,-25.2626488200984,-0.593767827691395));
#13646=CARTESIAN_POINT('Ctrl Pts',(5.39742115933776,-25.5177583993447,-0.448862007550417));
#13647=CARTESIAN_POINT('',(6.04781958262603,-24.8,-0.79616474174956));
#13648=CARTESIAN_POINT('Ctrl Pts',(6.04781958262603,-24.8,-0.79616474174956));
#13649=CARTESIAN_POINT('Ctrl Pts',(6.04664803373257,-24.8274632571901,-0.795539152696181));
#13650=CARTESIAN_POINT('Ctrl Pts',(6.04024438023986,-24.8577344474004,-0.792119700423157));
#13651=CARTESIAN_POINT('Ctrl Pts',(6.02011860122203,-24.9107553390256,-0.781372844602937));
#13652=CARTESIAN_POINT('Ctrl Pts',(6.00111814324362,-24.9414258167976,-0.771226892874492));
#13653=CARTESIAN_POINT('Ctrl Pts',(5.97779748771109,-24.9668106449507,-0.758774022234349));
#13654=CARTESIAN_POINT('Ctrl Pts',(5.97414128301696,-24.9705523531809,-0.756821665276523));
#13655=CARTESIAN_POINT('Ctrl Pts',(5.97030666467282,-24.9742204952469,-0.754774038179279));
#13656=CARTESIAN_POINT('',(6.09491164421292,-24.8,-0.821311176861614));
#13657=CARTESIAN_POINT('',(4.84863593172854,-24.8,-0.155819153797525));
#13658=CARTESIAN_POINT('Ctrl Pts',(6.11008378299741,-24.7973297985509,-0.829412865141951));
#13659=CARTESIAN_POINT('Ctrl Pts',(6.10524891576953,-24.7990799331332,-0.826831120556467));
#13660=CARTESIAN_POINT('Ctrl Pts',(6.09972148306187,-24.8,-0.823879556678484));
#13661=CARTESIAN_POINT('Ctrl Pts',(6.09491164421292,-24.8,-0.821311176861616));
#13662=CARTESIAN_POINT('',(5.91837346418903,-1.45,-0.727042509507143));
#13663=CARTESIAN_POINT('Origin',(6.16592969786426,-25.6,0.0485849473240971));
#13664=CARTESIAN_POINT('',(6.01695309647415,-24.9742204952469,0.102571700659919));
#13665=CARTESIAN_POINT('Ctrl Pts',(6.01695309647415,-24.9742204952469,0.102571700659918));
#13666=CARTESIAN_POINT('Ctrl Pts',(5.69559008720267,-25.2626488200988,0.21902854925836));
#13667=CARTESIAN_POINT('Ctrl Pts',(5.40636291838592,-25.5177583993447,0.323839879864836));
#13668=CARTESIAN_POINT('',(6.09956755597161,-24.8,0.0726335331541184));
#13669=CARTESIAN_POINT('Ctrl Pts',(6.09956755597162,-24.8,0.0726335331541182));
#13670=CARTESIAN_POINT('Ctrl Pts',(6.09831890115171,-24.8274632571901,0.0730860258216579));
#13671=CARTESIAN_POINT('Ctrl Pts',(6.09149378882102,-24.8577344474004,0.0755593380898131));
#13672=CARTESIAN_POINT('Ctrl Pts',(6.07004342416662,-24.9107553390256,0.0833326094274239));
#13673=CARTESIAN_POINT('Ctrl Pts',(6.04979244397467,-24.9414258167976,0.0906712428922102));
#13674=CARTESIAN_POINT('Ctrl Pts',(6.02493693081866,-24.9668106449507,0.099678485944256));
#13675=CARTESIAN_POINT('Ctrl Pts',(6.02104009165179,-24.9705523531809,0.101090638543577));
#13676=CARTESIAN_POINT('Ctrl Pts',(6.01695309647415,-24.9742204952469,0.102571700659919));
#13677=CARTESIAN_POINT('',(6.14975899911882,-24.8,0.0544449516220333));
#13678=CARTESIAN_POINT('',(4.44160145585944,-24.8,0.673454105315821));
#13679=CARTESIAN_POINT('Ctrl Pts',(6.16592969786426,-24.7973297985509,0.0485849473240966));
#13680=CARTESIAN_POINT('Ctrl Pts',(6.16077662205031,-24.7990799331332,0.0504523401246608));
#13681=CARTESIAN_POINT('Ctrl Pts',(6.15488539930176,-24.8,0.052587225646311));
#13682=CARTESIAN_POINT('Ctrl Pts',(6.14975899911882,-24.8,0.0544449516220336));
#13683=CARTESIAN_POINT('',(5.96160189307175,-1.45,0.122630097327872));
#13684=CARTESIAN_POINT('Origin',(6.09625506515552,-25.6,0.925593710370044));
#13685=CARTESIAN_POINT('',(5.94111171469115,-24.9742204952469,0.957829375466041));
#13686=CARTESIAN_POINT('Ctrl Pts',(5.94111171469116,-24.9742204952469,0.95782937546604));
#13687=CARTESIAN_POINT('Ctrl Pts',(5.60644617991327,-25.2626488200984,1.02736613657107));
#13688=CARTESIAN_POINT('Ctrl Pts',(5.30524671907895,-25.5177583993447,1.08994932120314));
#13689=CARTESIAN_POINT('',(6.02714592357794,-24.8,0.939953198780593));
#13690=CARTESIAN_POINT('Ctrl Pts',(6.02714592357794,-24.8,0.939953198780593));
#13691=CARTESIAN_POINT('Ctrl Pts',(6.02584558184288,-24.8274632571901,0.940223383616463));
#13692=CARTESIAN_POINT('Ctrl Pts',(6.01873795027928,-24.8577344474004,0.941700206374411));
#13693=CARTESIAN_POINT('Ctrl Pts',(5.99639966755492,-24.9107553390256,0.946341651841243));
#13694=CARTESIAN_POINT('Ctrl Pts',(5.97531041670713,-24.9414258167976,0.950723573627901));
#13695=CARTESIAN_POINT('Ctrl Pts',(5.94942603249813,-24.9668106449507,0.956101827598052));
#13696=CARTESIAN_POINT('Ctrl Pts',(5.94536788726641,-24.9705523531809,0.956945028484258));
#13697=CARTESIAN_POINT('Ctrl Pts',(5.94111171469115,-24.9742204952469,0.957829375466041));
#13698=CARTESIAN_POINT('',(6.07941499524314,-24.8,0.929092737896933));
#13699=CARTESIAN_POINT('',(3.88391710130234,-24.8,1.38527300354291));
#13700=CARTESIAN_POINT('Ctrl Pts',(6.09625506515552,-24.7973297985509,0.925593710370044));
#13701=CARTESIAN_POINT('Ctrl Pts',(6.09088868251883,-24.7990799331332,0.926708736653385));
#13702=CARTESIAN_POINT('Ctrl Pts',(6.08475359803567,-24.8,0.927983483705983));
#13703=CARTESIAN_POINT('Ctrl Pts',(6.07941499524314,-24.8,0.929092737896933));
#13704=CARTESIAN_POINT('',(5.88346929925172,-1.45,0.969806309017289));
#13705=CARTESIAN_POINT('Origin',(5.90247825946809,-25.6,1.7837600546647));
#13706=CARTESIAN_POINT('',(5.74432643114845,-24.9742204952469,1.7935884063395));
#13707=CARTESIAN_POINT('Ctrl Pts',(5.74432643114845,-24.9742204952469,1.7935884063395));
#13708=CARTESIAN_POINT('Ctrl Pts',(5.40317119605551,-25.2626488200988,1.81478951202268));
#13709=CARTESIAN_POINT('Ctrl Pts',(5.09613099563972,-25.5177583993447,1.83387053751603));
#13710=CARTESIAN_POINT('',(5.83202898103378,-24.8,1.78813812788108));
#13711=CARTESIAN_POINT('Ctrl Pts',(5.83202898103378,-24.8,1.78813812788108));
#13712=CARTESIAN_POINT('Ctrl Pts',(5.83070342359143,-24.8274632571901,1.78822050470118));
#13713=CARTESIAN_POINT('Ctrl Pts',(5.82345796367683,-24.8577344474004,1.78867077409637));
#13714=CARTESIAN_POINT('Ctrl Pts',(5.8006865059005,-24.9107553390256,1.79008590724754));
#13715=CARTESIAN_POINT('Ctrl Pts',(5.77918830072776,-24.9414258167976,1.79142191406491));
#13716=CARTESIAN_POINT('Ctrl Pts',(5.75280197688385,-24.9668106449507,1.79306169321194));
#13717=CARTESIAN_POINT('Ctrl Pts',(5.74866513772148,-24.9705523531809,1.79331877724658));
#13718=CARTESIAN_POINT('Ctrl Pts',(5.74432643114845,-24.9742204952469,1.7935884063395));
#13719=CARTESIAN_POINT('',(5.88531163364944,-24.8,1.78482687531046));
#13720=CARTESIAN_POINT('',(3.20971414426088,-24.8,1.95110198793685));
#13721=CARTESIAN_POINT('Ctrl Pts',(5.9024782594681,-24.7973297985509,1.7837600546647));
#13722=CARTESIAN_POINT('Ctrl Pts',(5.89700781408378,-24.7990799331332,1.78410001571116));
#13723=CARTESIAN_POINT('Ctrl Pts',(5.89075376049397,-24.8,1.78448867412078));
#13724=CARTESIAN_POINT('Ctrl Pts',(5.88531163364944,-24.8,1.78482687531046));
#13725=CARTESIAN_POINT('',(5.68556623702334,-1.45,1.79724006094557));
#13726=CARTESIAN_POINT('Origin',(5.58854401775961,-25.6,2.60561418818561));
#13727=CARTESIAN_POINT('',(5.43060322673706,-24.9742204952469,2.59283514954174));
#13728=CARTESIAN_POINT('Ctrl Pts',(5.43060322673707,-24.9742204952469,2.59283514954174));
#13729=CARTESIAN_POINT('Ctrl Pts',(5.08990322810572,-25.2626488200988,2.56526900643021));
#13730=CARTESIAN_POINT('Ctrl Pts',(4.78327274115748,-25.5177583993447,2.54045943813102));
#13731=CARTESIAN_POINT('',(5.51818874661855,-24.8,2.59992172126246));
#13732=CARTESIAN_POINT('Ctrl Pts',(5.51818874661855,-24.8,2.59992172126246));
#13733=CARTESIAN_POINT('Ctrl Pts',(5.51686495799584,-24.8274632571901,2.59981461311227));
#13734=CARTESIAN_POINT('Ctrl Pts',(5.50962916639993,-24.8577344474004,2.5992291629583));
#13735=CARTESIAN_POINT('Ctrl Pts',(5.48688809478448,-24.9107553390256,2.59738917576376));
#13736=CARTESIAN_POINT('Ctrl Pts',(5.4654185767484,-24.9414258167976,2.59565207036577));
#13737=CARTESIAN_POINT('Ctrl Pts',(5.43906746273117,-24.9668106449507,2.59351999351497));
#13738=CARTESIAN_POINT('Ctrl Pts',(5.43493614375383,-24.9705523531809,2.59318572720847));
#13739=CARTESIAN_POINT('Ctrl Pts',(5.43060322673706,-24.9742204952469,2.59283514954174));
#13740=CARTESIAN_POINT('',(5.5714002990319,-24.8,2.60422708455834));
#13741=CARTESIAN_POINT('',(2.45853008329342,-24.8,2.35236378488294));
#13742=CARTESIAN_POINT('Ctrl Pts',(5.58854401775961,-24.7973297985509,2.60561418818561));
#13743=CARTESIAN_POINT('Ctrl Pts',(5.58308087212023,-24.7990799331332,2.60517216336865));
#13744=CARTESIAN_POINT('Ctrl Pts',(5.57683516391966,-24.8,2.60466682117087));
#13745=CARTESIAN_POINT('Ctrl Pts',(5.5714002990319,-24.8,2.60422708455834));
#13746=CARTESIAN_POINT('',(5.37192144202825,-1.45,2.58808718804534));
#13747=CARTESIAN_POINT('Origin',(5.16084313587967,-25.6,3.37442553080589));
#13748=CARTESIAN_POINT('',(5.0063286011958,-24.9742204952469,3.33929924621843));
#13749=CARTESIAN_POINT('Ctrl Pts',(5.00632860119581,-24.9742204952469,3.33929924621843));
#13750=CARTESIAN_POINT('Ctrl Pts',(4.67301950850008,-25.262648820099,3.26352702149167));
#13751=CARTESIAN_POINT('Ctrl Pts',(4.3730408474848,-25.5177583993447,3.19533191066571));
#13752=CARTESIAN_POINT('',(5.09201410246444,-24.8,3.35877840595405));
#13753=CARTESIAN_POINT('Ctrl Pts',(5.09201410246444,-24.8,3.35877840595405));
#13754=CARTESIAN_POINT('Ctrl Pts',(5.09071903118024,-24.8274632571901,3.35848399324664));
#13755=CARTESIAN_POINT('Ctrl Pts',(5.0836402077536,-24.8577344474004,3.35687474162033));
#13756=CARTESIAN_POINT('Ctrl Pts',(5.0613924649373,-24.9107553390256,3.35181709091328));
#13757=CARTESIAN_POINT('Ctrl Pts',(5.04038869151212,-24.9414258167976,3.34704223575643));
#13758=CARTESIAN_POINT('Ctrl Pts',(5.01460922001262,-24.9668106449507,3.34118170584409));
#13759=CARTESIAN_POINT('Ctrl Pts',(5.01056752296095,-24.9705523531809,3.3402628938945));
#13760=CARTESIAN_POINT('Ctrl Pts',(5.0063286011958,-24.9742204952469,3.33929924621843));
#13761=CARTESIAN_POINT('',(5.14407132091779,-24.8,3.37061274033537));
#13762=CARTESIAN_POINT('',(1.6724125808015,-24.8,2.58138942781421));
#13763=CARTESIAN_POINT('Ctrl Pts',(5.16084313587967,-24.7973297985509,3.37442553080589));
#13764=CARTESIAN_POINT('Ctrl Pts',(5.15549850387603,-24.7990799331332,3.37321051847608));
#13765=CARTESIAN_POINT('Ctrl Pts',(5.14938828567252,-24.8,3.37182146298077));
#13766=CARTESIAN_POINT('Ctrl Pts',(5.14407132091779,-24.8,3.37061274033537));
#13767=CARTESIAN_POINT('',(4.94891981781567,-1.45,3.32624832342365));
#13768=CARTESIAN_POINT('Origin',(4.62808237039584,-25.6,4.07454330065863));
#13769=CARTESIAN_POINT('',(4.4801395623937,-24.9742204952469,4.01778483998594));
#13770=CARTESIAN_POINT('Ctrl Pts',(4.48013956239371,-24.9742204952469,4.01778483998595));
#13771=CARTESIAN_POINT('Ctrl Pts',(4.16100658757677,-25.2626488200994,3.89534903763021));
#13772=CARTESIAN_POINT('Ctrl Pts',(3.87378645296576,-25.5177583993447,3.78515664007556));
#13773=CARTESIAN_POINT('',(4.56218073534025,-24.8,4.04926004821749));
#13774=CARTESIAN_POINT('Ctrl Pts',(4.56218073534025,-24.8,4.04926004821749));
#13775=CARTESIAN_POINT('Ctrl Pts',(4.56094074531121,-24.8274632571901,4.04878432434657));
#13776=CARTESIAN_POINT('Ctrl Pts',(4.55416299448518,-24.8577344474004,4.04618403097034));
#13777=CARTESIAN_POINT('Ctrl Pts',(4.53286148035457,-24.9107553390256,4.03801167593411));
#13778=CARTESIAN_POINT('Ctrl Pts',(4.51275102779734,-24.9414258167976,4.03029627329985));
#13779=CARTESIAN_POINT('Ctrl Pts',(4.48806799451345,-24.9668106449507,4.02082659381461));
#13780=CARTESIAN_POINT('Ctrl Pts',(4.48419819668413,-24.9705523531809,4.01934194058359));
#13781=CARTESIAN_POINT('Ctrl Pts',(4.4801395623937,-24.9742204952469,4.01778483998594));
#13782=CARTESIAN_POINT('',(4.6120238849865,-24.8,4.06838244076366));
#13783=CARTESIAN_POINT('',(0.892895904473125,-24.8,2.64153390335048));
#13784=CARTESIAN_POINT('Ctrl Pts',(4.62808237039584,-24.7973297985509,4.07454330065863));
#13785=CARTESIAN_POINT('Ctrl Pts',(4.6229650533229,-24.7990799331332,4.07258003496321));
#13786=CARTESIAN_POINT('Ctrl Pts',(4.61711471153866,-24.8,4.07033554333454));
#13787=CARTESIAN_POINT('Ctrl Pts',(4.6120238849865,-24.8,4.06838244076366));
#13788=CARTESIAN_POINT('',(4.4251724576186,-1.45,3.99669663504513));
#13789=CARTESIAN_POINT('Origin',(4.00110719413821,-25.6,4.69171511892254));
#13790=CARTESIAN_POINT('',(3.86274780175689,-24.9742204952469,4.61447992074604));
#13791=CARTESIAN_POINT('Ctrl Pts',(3.8627478017569,-24.9742204952469,4.61447992074605));
#13792=CARTESIAN_POINT('Ctrl Pts',(3.56428757188329,-25.2626488200991,4.44787298062188));
#13793=CARTESIAN_POINT('Ctrl Pts',(3.29567293734199,-25.5177583993447,4.29792649578384));
#13794=CARTESIAN_POINT('',(3.93947452468735,-24.8,4.65731043300094));
#13795=CARTESIAN_POINT('Ctrl Pts',(3.93947452468735,-24.8,4.65731043300094));
#13796=CARTESIAN_POINT('Ctrl Pts',(3.93831485853465,-24.8274632571901,4.65666308233264));
#13797=CARTESIAN_POINT('Ctrl Pts',(3.93197615577061,-24.8577344474004,4.65312468168101));
#13798=CARTESIAN_POINT('Ctrl Pts',(3.9120545077249,-24.9107553390256,4.64200398789701));
#13799=CARTESIAN_POINT('Ctrl Pts',(3.89324676685593,-24.9414258167976,4.63150510113359));
#13800=CARTESIAN_POINT('Ctrl Pts',(3.87016264716531,-24.9668106449507,4.61861904744147));
#13801=CARTESIAN_POINT('Ctrl Pts',(3.86654352648257,-24.9705523531809,4.61659877618741));
#13802=CARTESIAN_POINT('Ctrl Pts',(3.86274780175689,-24.9742204952469,4.61447992074604));
#13803=CARTESIAN_POINT('',(3.98608894273548,-24.8,4.68333160694414));
#13804=CARTESIAN_POINT('',(0.158087024816342,-24.8,2.54645834043196));
#13805=CARTESIAN_POINT('Ctrl Pts',(4.00110719413821,-24.7973297985509,4.69171511892254));
#13806=CARTESIAN_POINT('Ctrl Pts',(3.99632136581443,-24.7990799331332,4.68904356628948));
#13807=CARTESIAN_POINT('Ctrl Pts',(3.9908499965372,-24.8,4.68598932990443));
#13808=CARTESIAN_POINT('Ctrl Pts',(3.98608894273548,-24.8,4.68333160694414));
#13809=CARTESIAN_POINT('',(3.81134134732801,-1.45,4.58578372869843));
#13810=CARTESIAN_POINT('Origin',(3.29268101364827,-25.6,5.21337714715434));
#13811=CARTESIAN_POINT('',(3.16672163512111,-24.9742204952469,5.11723749738098));
#13812=CARTESIAN_POINT('Ctrl Pts',(3.16672163512112,-24.9742204952469,5.11723749738099));
#13813=CARTESIAN_POINT('Ctrl Pts',(2.89500993978264,-25.262648820099,4.90985105633456));
#13814=CARTESIAN_POINT('Ctrl Pts',(2.65046902464988,-25.5177583993447,4.7232029622345));
#13815=CARTESIAN_POINT('',(3.23657197321823,-24.8,5.17055140794271));
#13816=CARTESIAN_POINT('Ctrl Pts',(3.23657197321822,-24.8,5.1705514079427));
#13817=CARTESIAN_POINT('Ctrl Pts',(3.23551623840052,-24.8274632571901,5.16974560866984));
#13818=CARTESIAN_POINT('Ctrl Pts',(3.22974562140745,-24.8577344474004,5.16534113237616));
#13819=CARTESIAN_POINT('Ctrl Pts',(3.21160938675156,-24.9107553390256,5.1514984851004));
#13820=CARTESIAN_POINT('Ctrl Pts',(3.1944872289379,-24.9414258167976,5.13842984126603));
#13821=CARTESIAN_POINT('Ctrl Pts',(3.17347194894835,-24.9668106449507,5.12238973625989));
#13822=CARTESIAN_POINT('Ctrl Pts',(3.17017718027261,-24.9705523531809,5.11987497387956));
#13823=CARTESIAN_POINT('Ctrl Pts',(3.16672163512112,-24.9742204952469,5.11723749738098));
#13824=CARTESIAN_POINT('',(3.27900872454166,-24.8,5.20294164722032));
#13825=CARTESIAN_POINT('',(-0.499911744350423,-24.8,2.31864597468847));
#13826=CARTESIAN_POINT('Ctrl Pts',(3.29268101364827,-24.7973297985509,5.21337714715434));
#13827=CARTESIAN_POINT('Ctrl Pts',(3.28832409973715,-24.7990799331332,5.21005169269112));
#13828=CARTESIAN_POINT('Ctrl Pts',(3.28334308426728,-24.8,5.2062498869948));
#13829=CARTESIAN_POINT('Ctrl Pts',(3.27900872454166,-24.8,5.20294164722032));
#13830=CARTESIAN_POINT('',(3.11992231820665,-1.45,5.08151748994367));
#13831=CARTESIAN_POINT('Origin',(2.51722534302839,-25.6,5.62890985080828));
#13832=CARTESIAN_POINT('',(2.40623014806536,-24.9742204952469,5.51582287546359));
#13833=CARTESIAN_POINT('Ctrl Pts',(2.40623014806537,-24.9742204952469,5.5158228754636));
#13834=CARTESIAN_POINT('Ctrl Pts',(2.16679825382644,-25.2626488200998,5.27187872338072));
#13835=CARTESIAN_POINT('Ctrl Pts',(1.95130920593739,-25.5177583993447,5.05232863696664));
#13836=CARTESIAN_POINT('',(2.4677821498772,-24.8,5.57853486685773));
#13837=CARTESIAN_POINT('Ctrl Pts',(2.4677821498772,-24.8,5.57853486685773));
#13838=CARTESIAN_POINT('Ctrl Pts',(2.4668518381109,-24.8274632571901,5.57758702272976));
#13839=CARTESIAN_POINT('Ctrl Pts',(2.46176678000969,-24.8577344474004,5.57240613322991));
#13840=CARTESIAN_POINT('Ctrl Pts',(2.44578516018063,-24.9107553390256,5.55612332884203));
#13841=CARTESIAN_POINT('Ctrl Pts',(2.43069714317914,-24.9414258167976,5.54075096783833));
#13842=CARTESIAN_POINT('Ctrl Pts',(2.41217851338819,-24.9668106449507,5.52188334180025));
#13843=CARTESIAN_POINT('Ctrl Pts',(2.40927516870836,-24.9705523531809,5.51892528160372));
#13844=CARTESIAN_POINT('Ctrl Pts',(2.40623014806536,-24.9742204952469,5.51582287546359));
#13845=CARTESIAN_POINT('',(2.50517734459648,-24.8,5.61663479960381));
#13846=CARTESIAN_POINT('',(-1.05704513899654,-24.8,1.98727979636626));
#13847=CARTESIAN_POINT('Ctrl Pts',(2.51722534302839,-24.7973297985509,5.62890985080828));
#13848=CARTESIAN_POINT('Ctrl Pts',(2.51338603773285,-24.7990799331332,5.62499819117796));
#13849=CARTESIAN_POINT('Ctrl Pts',(2.50899677518125,-24.8,5.62052620997085));
#13850=CARTESIAN_POINT('Ctrl Pts',(2.50517734459648,-24.8,5.61663479960381));
#13851=CARTESIAN_POINT('',(2.3649906677996,-1.45,5.47380620898001));
#13852=CARTESIAN_POINT('Origin',(1.6905262235029,-25.6,5.92985418233534));
#13853=CARTESIAN_POINT('',(1.59675475418974,-24.9742204952469,5.80212200612143));
#13854=CARTESIAN_POINT('Ctrl Pts',(1.59675475418974,-24.9742204952469,5.80212200612144));
#13855=CARTESIAN_POINT('Ctrl Pts',(1.39447680395363,-25.2626488200993,5.52658614246275));
#13856=CARTESIAN_POINT('Ctrl Pts',(1.21242635890308,-25.5177583993447,5.2786034703628));
#13857=CARTESIAN_POINT('',(1.64875539846074,-24.8,5.87295544304965));
#13858=CARTESIAN_POINT('Ctrl Pts',(1.64875539846074,-24.8,5.87295544304965));
#13859=CARTESIAN_POINT('Ctrl Pts',(1.6479694482106,-24.8274632571901,5.87188484943966));
#13860=CARTESIAN_POINT('Ctrl Pts',(1.6436734661201,-24.8577344474004,5.86603301470341));
#13861=CARTESIAN_POINT('Ctrl Pts',(1.63017180081039,-24.9107553390256,5.84764152414501));
#13862=CARTESIAN_POINT('Ctrl Pts',(1.61742507313698,-24.9414258167976,5.83027838291178));
#13863=CARTESIAN_POINT('Ctrl Pts',(1.60178007944385,-24.9668106449507,5.80896732629816));
#13864=CARTESIAN_POINT('Ctrl Pts',(1.59932726248505,-24.9705523531809,5.8056261858607));
#13865=CARTESIAN_POINT('Ctrl Pts',(1.59675475418974,-24.9742204952469,5.80212200612143));
#13866=CARTESIAN_POINT('',(1.68034777825021,-24.8,5.91598946450461));
#13867=CARTESIAN_POINT('',(-1.49865827532681,-24.8,1.58565994749037));
#13868=CARTESIAN_POINT('Ctrl Pts',(1.6905262235029,-24.7973297985509,5.92985418233534));
#13869=CARTESIAN_POINT('Ctrl Pts',(1.68728268400712,-24.7990799331332,5.92543594764769));
#13870=CARTESIAN_POINT('Ctrl Pts',(1.68357452710175,-24.8,5.92038482757103));
#13871=CARTESIAN_POINT('Ctrl Pts',(1.68034777825021,-24.8,5.91598946450461));
#13872=CARTESIAN_POINT('',(1.56191462746606,-1.45,5.75466401875513));
#13873=CARTESIAN_POINT('Origin',(0.829412865141951,-25.6,6.11008378299741));
#13874=CARTESIAN_POINT('',(0.754774038179279,-24.9742204952469,5.97030666467282));
#13875=CARTESIAN_POINT('Ctrl Pts',(0.754774038179281,-24.9742204952469,
5.97030666467282));
#13876=CARTESIAN_POINT('Ctrl Pts',(0.593767827691011,-25.2626488200991,
5.66878820504232));
#13877=CARTESIAN_POINT('Ctrl Pts',(0.448862007550417,-25.5177583993447,
5.39742115933776));
#13878=CARTESIAN_POINT('',(0.796164741749561,-24.8,6.04781958262603));
#13879=CARTESIAN_POINT('Ctrl Pts',(0.796164741749561,-24.8,6.04781958262603));
#13880=CARTESIAN_POINT('Ctrl Pts',(0.795539152696182,-24.8274632571901,
6.04664803373257));
#13881=CARTESIAN_POINT('Ctrl Pts',(0.792119700423156,-24.8577344474004,
6.04024438023985));
#13882=CARTESIAN_POINT('Ctrl Pts',(0.781372844602937,-24.9107553390256,
6.02011860122203));
#13883=CARTESIAN_POINT('Ctrl Pts',(0.771226892874493,-24.9414258167976,
6.00111814324362));
#13884=CARTESIAN_POINT('Ctrl Pts',(0.758774022234348,-24.9668106449507,
5.97779748771109));
#13885=CARTESIAN_POINT('Ctrl Pts',(0.756821665276523,-24.9705523531809,
5.97414128301696));
#13886=CARTESIAN_POINT('Ctrl Pts',(0.754774038179279,-24.9742204952469,
5.97030666467282));
#13887=CARTESIAN_POINT('',(0.821311176861615,-24.8,6.09491164421292));
#13888=CARTESIAN_POINT('',(-1.82006340113088,-24.8,1.14837454077914));
#13889=CARTESIAN_POINT('Ctrl Pts',(0.829412865141951,-24.7973297985509,
6.11008378299741));
#13890=CARTESIAN_POINT('Ctrl Pts',(0.826831120556467,-24.7990799331332,
6.10524891576953));
#13891=CARTESIAN_POINT('Ctrl Pts',(0.823879556678484,-24.8,6.09972148306186));
#13892=CARTESIAN_POINT('Ctrl Pts',(0.821311176861615,-24.8,6.09491164421292));
#13893=CARTESIAN_POINT('',(0.727042509507144,-1.45,5.91837346418903));
#13894=CARTESIAN_POINT('Origin',(-0.0485849473240967,-25.6,6.16592969786426));
#13895=CARTESIAN_POINT('',(-0.102571700659918,-24.9742204952469,6.01695309647415));
#13896=CARTESIAN_POINT('Ctrl Pts',(-0.102571700659917,-24.9742204952469,
6.01695309647415));
#13897=CARTESIAN_POINT('Ctrl Pts',(-0.21902854925868,-25.2626488200996,
5.69559008720178));
#13898=CARTESIAN_POINT('Ctrl Pts',(-0.323839879864836,-25.5177583993447,
5.40636291838592));
#13899=CARTESIAN_POINT('',(-0.0726335331541175,-24.8,6.09956755597162));
#13900=CARTESIAN_POINT('Ctrl Pts',(-0.0726335331541178,-24.8,6.09956755597162));
#13901=CARTESIAN_POINT('Ctrl Pts',(-0.0730860258216575,-24.8274632571901,
6.09831890115171));
#13902=CARTESIAN_POINT('Ctrl Pts',(-0.0755593380898119,-24.8577344474004,
6.09149378882102));
#13903=CARTESIAN_POINT('Ctrl Pts',(-0.0833326094274233,-24.9107553390256,
6.07004342416662));
#13904=CARTESIAN_POINT('Ctrl Pts',(-0.0906712428922096,-24.9414258167976,
6.04979244397467));
#13905=CARTESIAN_POINT('Ctrl Pts',(-0.0996784859442548,-24.9668106449507,
6.02493693081867));
#13906=CARTESIAN_POINT('Ctrl Pts',(-0.101090638543576,-24.9705523531809,
6.0210400916518));
#13907=CARTESIAN_POINT('Ctrl Pts',(-0.102571700659918,-24.9742204952469,
6.01695309647415));
#13908=CARTESIAN_POINT('',(-0.0544449516220327,-24.8,6.14975899911882));
#13909=CARTESIAN_POINT('',(-2.02628678480503,-24.8,0.708455778694814));
#13910=CARTESIAN_POINT('Ctrl Pts',(-0.0485849473240962,-24.7973297985509,
6.16592969786426));
#13911=CARTESIAN_POINT('Ctrl Pts',(-0.05045234012466,-24.7990799331332,
6.16077662205031));
#13912=CARTESIAN_POINT('Ctrl Pts',(-0.0525872256463103,-24.8,6.15488539930176));
#13913=CARTESIAN_POINT('Ctrl Pts',(-0.0544449516220328,-24.8,6.14975899911882));
#13914=CARTESIAN_POINT('',(-0.122630097327871,-1.45,5.96160189307175));
#13915=CARTESIAN_POINT('Origin',(-0.925593710370044,-25.6,6.09625506515552));
#13916=CARTESIAN_POINT('',(-0.957829375466041,-24.9742204952469,5.94111171469115));
#13917=CARTESIAN_POINT('Ctrl Pts',(-0.957829375466041,-24.9742204952469,
5.94111171469116));
#13918=CARTESIAN_POINT('Ctrl Pts',(-1.02736613657137,-25.2626488200996,
5.60644617991183));
#13919=CARTESIAN_POINT('Ctrl Pts',(-1.08994932120314,-25.5177583993447,
5.30524671907895));
#13920=CARTESIAN_POINT('',(-0.939953198780593,-24.8,6.02714592357794));
#13921=CARTESIAN_POINT('Ctrl Pts',(-0.939953198780593,-24.8,6.02714592357794));
#13922=CARTESIAN_POINT('Ctrl Pts',(-0.940223383616463,-24.8274632571901,
6.02584558184288));
#13923=CARTESIAN_POINT('Ctrl Pts',(-0.941700206374411,-24.8577344474004,
6.01873795027928));
#13924=CARTESIAN_POINT('Ctrl Pts',(-0.946341651841243,-24.9107553390256,
5.99639966755492));
#13925=CARTESIAN_POINT('Ctrl Pts',(-0.9507235736279,-24.9414258167976,5.97531041670713));
#13926=CARTESIAN_POINT('Ctrl Pts',(-0.956101827598052,-24.9668106449507,
5.94942603249813));
#13927=CARTESIAN_POINT('Ctrl Pts',(-0.956945028484258,-24.9705523531809,
5.94536788726641));
#13928=CARTESIAN_POINT('Ctrl Pts',(-0.957829375466041,-24.9742204952469,
5.94111171469115));
#13929=CARTESIAN_POINT('',(-0.929092737896933,-24.8,6.07941499524314));
#13930=CARTESIAN_POINT('',(-2.13102913130151,-24.8,0.294752617019099));
#13931=CARTESIAN_POINT('Ctrl Pts',(-0.925593710370044,-24.7973297985509,
6.09625506515552));
#13932=CARTESIAN_POINT('Ctrl Pts',(-0.926708736653384,-24.7990799331332,
6.09088868251883));
#13933=CARTESIAN_POINT('Ctrl Pts',(-0.927983483705983,-24.8,6.08475359803567));
#13934=CARTESIAN_POINT('Ctrl Pts',(-0.929092737896933,-24.8,6.07941499524314));
#13935=CARTESIAN_POINT('',(-0.969806309017289,-1.45,5.88346929925173));
#13936=CARTESIAN_POINT('Origin',(-1.7837600546647,-25.6,5.90247825946809));
#13937=CARTESIAN_POINT('',(-1.7935884063395,-24.9742204952469,5.74432643114845));
#13938=CARTESIAN_POINT('Ctrl Pts',(-1.7935884063395,-24.9742204952469,5.74432643114845));
#13939=CARTESIAN_POINT('Ctrl Pts',(-1.81478951202273,-25.2626488200995,
5.40317119605476));
#13940=CARTESIAN_POINT('Ctrl Pts',(-1.83387053751603,-25.5177583993447,
5.09613099563972));
#13941=CARTESIAN_POINT('',(-1.78813812788108,-24.8,5.83202898103378));
#13942=CARTESIAN_POINT('Ctrl Pts',(-1.78813812788108,-24.8,5.83202898103378));
#13943=CARTESIAN_POINT('Ctrl Pts',(-1.78822050470118,-24.8274632571901,
5.83070342359143));
#13944=CARTESIAN_POINT('Ctrl Pts',(-1.78867077409637,-24.8577344474004,
5.82345796367683));
#13945=CARTESIAN_POINT('Ctrl Pts',(-1.79008590724754,-24.9107553390256,
5.8006865059005));
#13946=CARTESIAN_POINT('Ctrl Pts',(-1.79142191406491,-24.9414258167976,
5.77918830072776));
#13947=CARTESIAN_POINT('Ctrl Pts',(-1.79306169321194,-24.9668106449507,
5.75280197688384));
#13948=CARTESIAN_POINT('Ctrl Pts',(-1.79331877724658,-24.9705523531809,
5.74866513772147));
#13949=CARTESIAN_POINT('Ctrl Pts',(-1.7935884063395,-24.9742204952469,5.74432643114845));
#13950=CARTESIAN_POINT('',(-1.78482687531046,-24.8,5.88531163364945));
#13951=CARTESIAN_POINT('',(-2.15493661947135,-24.8,-0.0702681680025006));
#13952=CARTESIAN_POINT('Ctrl Pts',(-1.7837600546647,-24.7973297985509,5.9024782594681));
#13953=CARTESIAN_POINT('Ctrl Pts',(-1.78410001571116,-24.7990799331332,
5.89700781408378));
#13954=CARTESIAN_POINT('Ctrl Pts',(-1.78448867412078,-24.8,5.89075376049397));
#13955=CARTESIAN_POINT('Ctrl Pts',(-1.78482687531046,-24.8,5.88531163364945));
#13956=CARTESIAN_POINT('',(-1.79724006094557,-1.45,5.68556623702334));
#13957=CARTESIAN_POINT('Origin',(-2.60561418818561,-25.6,5.58854401775961));
#13958=CARTESIAN_POINT('',(-2.59283514954174,-24.9742204952469,5.43060322673706));
#13959=CARTESIAN_POINT('Ctrl Pts',(-2.59283514954174,-24.9742204952469,
5.43060322673707));
#13960=CARTESIAN_POINT('Ctrl Pts',(-2.56526900643022,-25.2626488200986,
5.08990322810594));
#13961=CARTESIAN_POINT('Ctrl Pts',(-2.54045943813102,-25.5177583993447,
4.78327274115748));
#13962=CARTESIAN_POINT('',(-2.59992172126246,-24.8,5.51818874661855));
#13963=CARTESIAN_POINT('Ctrl Pts',(-2.59992172126246,-24.8,5.51818874661855));
#13964=CARTESIAN_POINT('Ctrl Pts',(-2.59981461311227,-24.8274632571901,
5.51686495799584));
#13965=CARTESIAN_POINT('Ctrl Pts',(-2.59922916295829,-24.8577344474004,
5.50962916639993));
#13966=CARTESIAN_POINT('Ctrl Pts',(-2.59738917576376,-24.9107553390256,
5.48688809478448));
#13967=CARTESIAN_POINT('Ctrl Pts',(-2.59565207036576,-24.9414258167976,
5.4654185767484));
#13968=CARTESIAN_POINT('Ctrl Pts',(-2.59351999351497,-24.9668106449507,
5.43906746273117));
#13969=CARTESIAN_POINT('Ctrl Pts',(-2.59318572720846,-24.9705523531809,
5.43493614375383));
#13970=CARTESIAN_POINT('Ctrl Pts',(-2.59283514954174,-24.9742204952469,
5.43060322673706));
#13971=CARTESIAN_POINT('',(-2.60422708455834,-24.8,5.5714002990319));
#13972=CARTESIAN_POINT('',(-2.12333523239271,-24.8,-0.372117178611489));
#13973=CARTESIAN_POINT('Ctrl Pts',(-2.60561418818561,-24.7973297985509,
5.58854401775961));
#13974=CARTESIAN_POINT('Ctrl Pts',(-2.60517216336865,-24.7990799331332,
5.58308087212023));
#13975=CARTESIAN_POINT('Ctrl Pts',(-2.60466682117087,-24.8,5.57683516391966));
#13976=CARTESIAN_POINT('Ctrl Pts',(-2.60422708455834,-24.8,5.5714002990319));
#13977=CARTESIAN_POINT('',(-2.58808718804534,-1.45,5.37192144202825));
#13978=CARTESIAN_POINT('Origin',(-3.37442553080589,-25.6,5.16084313587967));
#13979=CARTESIAN_POINT('',(-3.33929924621843,-24.9742204952469,5.0063286011958));
#13980=CARTESIAN_POINT('Ctrl Pts',(-3.33929924621843,-24.9742204952469,
5.00632860119581));
#13981=CARTESIAN_POINT('Ctrl Pts',(-3.26352702149179,-25.2626488200986,
4.6730195085006));
#13982=CARTESIAN_POINT('Ctrl Pts',(-3.19533191066571,-25.5177583993447,
4.3730408474848));
#13983=CARTESIAN_POINT('',(-3.35877840595405,-24.8,5.09201410246444));
#13984=CARTESIAN_POINT('Ctrl Pts',(-3.35877840595405,-24.8,5.09201410246444));
#13985=CARTESIAN_POINT('Ctrl Pts',(-3.35848399324664,-24.8274632571901,
5.09071903118024));
#13986=CARTESIAN_POINT('Ctrl Pts',(-3.35687474162033,-24.8577344474004,
5.0836402077536));
#13987=CARTESIAN_POINT('Ctrl Pts',(-3.35181709091328,-24.9107553390256,
5.0613924649373));
#13988=CARTESIAN_POINT('Ctrl Pts',(-3.34704223575643,-24.9414258167976,
5.04038869151211));
#13989=CARTESIAN_POINT('Ctrl Pts',(-3.34118170584409,-24.9668106449507,
5.01460922001262));
#13990=CARTESIAN_POINT('Ctrl Pts',(-3.3402628938945,-24.9705523531809,5.01056752296094));
#13991=CARTESIAN_POINT('Ctrl Pts',(-3.33929924621843,-24.9742204952469,
5.0063286011958));
#13992=CARTESIAN_POINT('',(-3.37061274033537,-24.8,5.14407132091779));
#13993=CARTESIAN_POINT('',(-2.06362400433183,-24.8,-0.605149205887922));
#13994=CARTESIAN_POINT('Ctrl Pts',(-3.37442553080589,-24.7973297985509,
5.16084313587967));
#13995=CARTESIAN_POINT('Ctrl Pts',(-3.37321051847609,-24.7990799331332,
5.15549850387603));
#13996=CARTESIAN_POINT('Ctrl Pts',(-3.37182146298078,-24.8,5.14938828567252));
#13997=CARTESIAN_POINT('Ctrl Pts',(-3.37061274033537,-24.8,5.14407132091779));
#13998=CARTESIAN_POINT('',(-3.32624832342365,-1.45,4.94891981781567));
#13999=CARTESIAN_POINT('Origin',(-4.07454330065863,-25.6,4.62808237039584));
#14000=CARTESIAN_POINT('',(-4.01778483998594,-24.9742204952469,4.4801395623937));
#14001=CARTESIAN_POINT('Ctrl Pts',(-4.01778483998595,-24.9742204952469,
4.48013956239371));
#14002=CARTESIAN_POINT('Ctrl Pts',(-3.89534903763037,-25.262648820099,4.1610065875772));
#14003=CARTESIAN_POINT('Ctrl Pts',(-3.78515664007556,-25.5177583993447,
3.87378645296576));
#14004=CARTESIAN_POINT('',(-4.04926004821749,-24.8,4.56218073534025));
#14005=CARTESIAN_POINT('Ctrl Pts',(-4.04926004821749,-24.8,4.56218073534025));
#14006=CARTESIAN_POINT('Ctrl Pts',(-4.04878432434657,-24.8274632571901,
4.56094074531121));
#14007=CARTESIAN_POINT('Ctrl Pts',(-4.04618403097034,-24.8577344474004,
4.55416299448518));
#14008=CARTESIAN_POINT('Ctrl Pts',(-4.03801167593411,-24.9107553390256,
4.53286148035457));
#14009=CARTESIAN_POINT('Ctrl Pts',(-4.03029627329985,-24.9414258167976,
4.51275102779734));
#14010=CARTESIAN_POINT('Ctrl Pts',(-4.02082659381461,-24.9668106449507,
4.48806799451345));
#14011=CARTESIAN_POINT('Ctrl Pts',(-4.01934194058359,-24.9705523531809,
4.48419819668413));
#14012=CARTESIAN_POINT('Ctrl Pts',(-4.01778483998594,-24.9742204952469,
4.4801395623937));
#14013=CARTESIAN_POINT('',(-4.06838244076366,-24.8,4.6120238849865));
#14014=CARTESIAN_POINT('',(-2.00254966601199,-24.8,-0.77263767801979));
#14015=CARTESIAN_POINT('Ctrl Pts',(-4.07454330065863,-24.7973297985509,
4.62808237039584));
#14016=CARTESIAN_POINT('Ctrl Pts',(-4.07258003496321,-24.7990799331332,
4.62296505332289));
#14017=CARTESIAN_POINT('Ctrl Pts',(-4.07033554333454,-24.8,4.61711471153865));
#14018=CARTESIAN_POINT('Ctrl Pts',(-4.06838244076366,-24.8,4.61202388498649));
#14019=CARTESIAN_POINT('',(-3.99669663504513,-1.45,4.4251724576186));
#14020=CARTESIAN_POINT('Origin',(-4.69171511892254,-25.6,4.00110719413821));
#14021=CARTESIAN_POINT('',(-4.61447992074604,-24.9742204952469,3.86274780175689));
#14022=CARTESIAN_POINT('Ctrl Pts',(-4.61447992074605,-24.9742204952469,
3.8627478017569));
#14023=CARTESIAN_POINT('Ctrl Pts',(-4.44787298062181,-25.2626488200992,
3.56428757188317));
#14024=CARTESIAN_POINT('Ctrl Pts',(-4.29792649578384,-25.5177583993447,
3.29567293734199));
#14025=CARTESIAN_POINT('',(-4.65731043300094,-24.8,3.93947452468735));
#14026=CARTESIAN_POINT('Ctrl Pts',(-4.65731043300094,-24.8,3.93947452468735));
#14027=CARTESIAN_POINT('Ctrl Pts',(-4.65666308233264,-24.8274632571901,
3.93831485853465));
#14028=CARTESIAN_POINT('Ctrl Pts',(-4.65312468168101,-24.8577344474004,
3.93197615577061));
#14029=CARTESIAN_POINT('Ctrl Pts',(-4.64200398789701,-24.9107553390256,
3.9120545077249));
#14030=CARTESIAN_POINT('Ctrl Pts',(-4.63150510113358,-24.9414258167976,
3.89324676685593));
#14031=CARTESIAN_POINT('Ctrl Pts',(-4.61861904744146,-24.9668106449507,
3.87016264716532));
#14032=CARTESIAN_POINT('Ctrl Pts',(-4.61659877618741,-24.9705523531809,
3.86654352648257));
#14033=CARTESIAN_POINT('Ctrl Pts',(-4.61447992074604,-24.9742204952469,
3.86274780175689));
#14034=CARTESIAN_POINT('',(-4.68333160694413,-24.8,3.98608894273548));
#14035=CARTESIAN_POINT('',(-1.96359377375601,-24.8,-0.886058509731162));
#14036=CARTESIAN_POINT('Ctrl Pts',(-4.69171511892254,-24.7973297985509,
4.00110719413821));
#14037=CARTESIAN_POINT('Ctrl Pts',(-4.68904356628948,-24.7990799331332,
3.99632136581443));
#14038=CARTESIAN_POINT('Ctrl Pts',(-4.68598932990443,-24.8,3.9908499965372));
#14039=CARTESIAN_POINT('Ctrl Pts',(-4.68333160694413,-24.8,3.98608894273548));
#14040=CARTESIAN_POINT('',(-4.58578372869843,-1.45,3.81134134732801));
#14041=CARTESIAN_POINT('Origin',(-5.21337714715434,-25.6,3.29268101364827));
#14042=CARTESIAN_POINT('',(-5.11723749738098,-24.9742204952469,3.16672163512112));
#14043=CARTESIAN_POINT('Ctrl Pts',(-5.11723749738099,-24.9742204952469,
3.16672163512112));
#14044=CARTESIAN_POINT('Ctrl Pts',(-4.90985105633432,-25.2626488200993,
2.89500993978233));
#14045=CARTESIAN_POINT('Ctrl Pts',(-4.7232029622345,-25.5177583993447,2.65046902464988));
#14046=CARTESIAN_POINT('',(-5.17055140794271,-24.8,3.23657197321823));
#14047=CARTESIAN_POINT('Ctrl Pts',(-5.1705514079427,-24.8,3.23657197321822));
#14048=CARTESIAN_POINT('Ctrl Pts',(-5.16974560866984,-24.8274632571901,
3.23551623840052));
#14049=CARTESIAN_POINT('Ctrl Pts',(-5.16534113237616,-24.8577344474004,
3.22974562140745));
#14050=CARTESIAN_POINT('Ctrl Pts',(-5.1514984851004,-24.9107553390256,3.21160938675156));
#14051=CARTESIAN_POINT('Ctrl Pts',(-5.13842984126603,-24.9414258167976,
3.1944872289379));
#14052=CARTESIAN_POINT('Ctrl Pts',(-5.12238973625989,-24.9668106449507,
3.17347194894835));
#14053=CARTESIAN_POINT('Ctrl Pts',(-5.11987497387956,-24.9705523531809,
3.17017718027261));
#14054=CARTESIAN_POINT('Ctrl Pts',(-5.11723749738098,-24.9742204952469,
3.16672163512112));
#14055=CARTESIAN_POINT('',(-5.20294164722032,-24.8,3.27900872454166));
#14056=CARTESIAN_POINT('',(-1.96469308123316,-24.8,-0.963650551311133));
#14057=CARTESIAN_POINT('Ctrl Pts',(-5.21337714715434,-24.7973297985509,
3.29268101364827));
#14058=CARTESIAN_POINT('Ctrl Pts',(-5.21005169269112,-24.7990799331332,
3.28832409973715));
#14059=CARTESIAN_POINT('Ctrl Pts',(-5.2062498869948,-24.8,3.28334308426728));
#14060=CARTESIAN_POINT('Ctrl Pts',(-5.20294164722032,-24.8,3.27900872454166));
#14061=CARTESIAN_POINT('',(-5.08151748994367,-1.45,3.11992231820665));
#14062=CARTESIAN_POINT('Origin',(-5.62890985080828,-25.6,2.51722534302839));
#14063=CARTESIAN_POINT('',(-5.51582287546359,-24.9742204952469,2.40623014806536));
#14064=CARTESIAN_POINT('Ctrl Pts',(-5.5158228754636,-24.9742204952469,2.40623014806536));
#14065=CARTESIAN_POINT('Ctrl Pts',(-5.2718787233809,-25.2626488200996,2.16679825382661));
#14066=CARTESIAN_POINT('Ctrl Pts',(-5.05232863696664,-25.5177583993447,
1.95130920593739));
#14067=CARTESIAN_POINT('',(-5.57853486685774,-24.8,2.4677821498772));
#14068=CARTESIAN_POINT('Ctrl Pts',(-5.57853486685774,-24.8,2.4677821498772));
#14069=CARTESIAN_POINT('Ctrl Pts',(-5.57758702272976,-24.8274632571901,
2.4668518381109));
#14070=CARTESIAN_POINT('Ctrl Pts',(-5.57240613322991,-24.8577344474004,
2.46176678000969));
#14071=CARTESIAN_POINT('Ctrl Pts',(-5.55612332884203,-24.9107553390256,
2.44578516018063));
#14072=CARTESIAN_POINT('Ctrl Pts',(-5.54075096783833,-24.9414258167976,
2.43069714317914));
#14073=CARTESIAN_POINT('Ctrl Pts',(-5.52188334180025,-24.9668106449507,
2.41217851338819));
#14074=CARTESIAN_POINT('Ctrl Pts',(-5.51892528160372,-24.9705523531809,
2.40927516870835));
#14075=CARTESIAN_POINT('Ctrl Pts',(-5.51582287546359,-24.9742204952469,
2.40623014806536));
#14076=CARTESIAN_POINT('',(-5.61663479960381,-24.8,2.50517734459648));
#14077=CARTESIAN_POINT('',(-2.01648551631548,-24.8,-1.02837963998643));
#14078=CARTESIAN_POINT('Ctrl Pts',(-5.62890985080828,-24.7973297985509,
2.51722534302839));
#14079=CARTESIAN_POINT('Ctrl Pts',(-5.62499819117796,-24.7990799331332,
2.51338603773285));
#14080=CARTESIAN_POINT('Ctrl Pts',(-5.62052620997085,-24.8,2.50899677518125));
#14081=CARTESIAN_POINT('Ctrl Pts',(-5.61663479960381,-24.8,2.50517734459648));
#14082=CARTESIAN_POINT('',(-5.47380620898001,-1.45,2.3649906677996));
#14083=CARTESIAN_POINT('Origin',(-5.92985418233534,-25.6,1.6905262235029));
#14084=CARTESIAN_POINT('',(-5.80212200612143,-24.9742204952469,1.59675475418974));
#14085=CARTESIAN_POINT('Ctrl Pts',(-5.80212200612144,-24.9742204952469,
1.59675475418974));
#14086=CARTESIAN_POINT('Ctrl Pts',(-5.52658614246332,-25.2626488200987,
1.39447680395405));
#14087=CARTESIAN_POINT('Ctrl Pts',(-5.2786034703628,-25.5177583993447,1.21242635890309));
#14088=CARTESIAN_POINT('',(-5.87295544304965,-24.8,1.64875539846074));
#14089=CARTESIAN_POINT('Ctrl Pts',(-5.87295544304965,-24.8,1.64875539846074));
#14090=CARTESIAN_POINT('Ctrl Pts',(-5.87188484943966,-24.8274632571901,
1.6479694482106));
#14091=CARTESIAN_POINT('Ctrl Pts',(-5.86603301470341,-24.8577344474004,
1.6436734661201));
#14092=CARTESIAN_POINT('Ctrl Pts',(-5.84764152414501,-24.9107553390256,
1.6301718008104));
#14093=CARTESIAN_POINT('Ctrl Pts',(-5.83027838291178,-24.9414258167976,
1.61742507313698));
#14094=CARTESIAN_POINT('Ctrl Pts',(-5.80896732629816,-24.9668106449507,
1.60178007944385));
#14095=CARTESIAN_POINT('Ctrl Pts',(-5.8056261858607,-24.9705523531809,1.59932726248505));
#14096=CARTESIAN_POINT('Ctrl Pts',(-5.80212200612143,-24.9742204952469,
1.59675475418974));
#14097=CARTESIAN_POINT('',(-5.91598946450461,-24.8,1.68034777825021));
#14098=CARTESIAN_POINT('',(-2.12122998890199,-24.8,-1.10548256039046));
#14099=CARTESIAN_POINT('Ctrl Pts',(-5.92985418233534,-24.7973297985509,
1.6905262235029));
#14100=CARTESIAN_POINT('Ctrl Pts',(-5.92543594764768,-24.7990799331332,
1.68728268400712));
#14101=CARTESIAN_POINT('Ctrl Pts',(-5.92038482757103,-24.8,1.68357452710175));
#14102=CARTESIAN_POINT('Ctrl Pts',(-5.91598946450461,-24.8,1.68034777825021));
#14103=CARTESIAN_POINT('',(-5.75466401875513,-1.45,1.56191462746606));
#14104=CARTESIAN_POINT('Origin',(-6.11008378299741,-25.6,0.829412865141951));
#14105=CARTESIAN_POINT('',(-5.97030666467282,-24.9742204952469,0.75477403817928));
#14106=CARTESIAN_POINT('Ctrl Pts',(-5.97030666467282,-24.9742204952469,
0.754774038179282));
#14107=CARTESIAN_POINT('Ctrl Pts',(-5.66878820504267,-25.2626488200988,
0.593767827691195));
#14108=CARTESIAN_POINT('Ctrl Pts',(-5.39742115933776,-25.5177583993447,
0.448862007550417));
#14109=CARTESIAN_POINT('',(-6.04781958262603,-24.8,0.796164741749561));
#14110=CARTESIAN_POINT('Ctrl Pts',(-6.04781958262603,-24.8,0.796164741749561));
#14111=CARTESIAN_POINT('Ctrl Pts',(-6.04664803373257,-24.8274632571901,
0.795539152696182));
#14112=CARTESIAN_POINT('Ctrl Pts',(-6.04024438023986,-24.8577344474004,
0.792119700423157));
#14113=CARTESIAN_POINT('Ctrl Pts',(-6.02011860122203,-24.9107553390256,
0.781372844602937));
#14114=CARTESIAN_POINT('Ctrl Pts',(-6.00111814324362,-24.9414258167976,
0.771226892874493));
#14115=CARTESIAN_POINT('Ctrl Pts',(-5.97779748771109,-24.9668106449507,
0.75877402223435));
#14116=CARTESIAN_POINT('Ctrl Pts',(-5.97414128301696,-24.9705523531809,
0.756821665276524));
#14117=CARTESIAN_POINT('Ctrl Pts',(-5.97030666467282,-24.9742204952469,
0.75477403817928));
#14118=CARTESIAN_POINT('',(-6.09491164421292,-24.8,0.821311176861615));
#14119=CARTESIAN_POINT('',(-2.27249198585073,-24.8,-1.21980201018147));
#14120=CARTESIAN_POINT('Ctrl Pts',(-6.11008378299741,-24.7973297985509,
0.829412865141951));
#14121=CARTESIAN_POINT('Ctrl Pts',(-6.10524891576953,-24.7990799331332,
0.826831120556467));
#14122=CARTESIAN_POINT('Ctrl Pts',(-6.09972148306186,-24.8,0.823879556678484));
#14123=CARTESIAN_POINT('Ctrl Pts',(-6.09491164421292,-24.8,0.821311176861616));
#14124=CARTESIAN_POINT('',(-5.91837346418903,-1.45,0.727042509507144));
#14125=CARTESIAN_POINT('Origin',(-6.16592969786426,-25.6,-0.0485849473240962));
#14126=CARTESIAN_POINT('',(-6.01695309647415,-24.9742204952469,-0.102571700659918));
#14127=CARTESIAN_POINT('Ctrl Pts',(-6.01695309647415,-24.9742204952469,
-0.102571700659917));
#14128=CARTESIAN_POINT('Ctrl Pts',(-5.69559008720202,-25.2626488200994,
-0.219028549258592));
#14129=CARTESIAN_POINT('Ctrl Pts',(-5.40636291838592,-25.5177583993447,
-0.323839879864836));
#14130=CARTESIAN_POINT('',(-6.09956755597162,-24.8,-0.0726335331541172));
#14131=CARTESIAN_POINT('Ctrl Pts',(-6.09956755597162,-24.8,-0.0726335331541174));
#14132=CARTESIAN_POINT('Ctrl Pts',(-6.09831890115171,-24.8274632571901,
-0.0730860258216571));
#14133=CARTESIAN_POINT('Ctrl Pts',(-6.09149378882102,-24.8577344474004,
-0.0755593380898116));
#14134=CARTESIAN_POINT('Ctrl Pts',(-6.07004342416662,-24.9107553390256,
-0.0833326094274231));
#14135=CARTESIAN_POINT('Ctrl Pts',(-6.04979244397467,-24.9414258167976,
-0.0906712428922093));
#14136=CARTESIAN_POINT('Ctrl Pts',(-6.02493693081866,-24.9668106449507,
-0.0996784859442545));
#14137=CARTESIAN_POINT('Ctrl Pts',(-6.0210400916518,-24.9705523531809,-0.101090638543576));
#14138=CARTESIAN_POINT('Ctrl Pts',(-6.01695309647415,-24.9742204952469,
-0.102571700659918));
#14139=CARTESIAN_POINT('',(-6.14975899911882,-24.8,-0.0544449516220327));
#14140=CARTESIAN_POINT('',(-2.4556230992056,-24.8,-1.3931411076404));
#14141=CARTESIAN_POINT('Ctrl Pts',(-6.16592969786426,-24.7973297985509,
-0.0485849473240958));
#14142=CARTESIAN_POINT('Ctrl Pts',(-6.16077662205031,-24.7990799331332,
-0.05045234012466));
#14143=CARTESIAN_POINT('Ctrl Pts',(-6.15488539930176,-24.8,-0.05258722564631));
#14144=CARTESIAN_POINT('Ctrl Pts',(-6.14975899911882,-24.8,-0.0544449516220325));
#14145=CARTESIAN_POINT('',(-5.96160189307175,-1.45,-0.122630097327871));
#14146=CARTESIAN_POINT('Origin',(-6.09625506515552,-25.6,-0.925593710370043));
#14147=CARTESIAN_POINT('',(-5.94111171469115,-24.9742204952469,-0.957829375466041));
#14148=CARTESIAN_POINT('Ctrl Pts',(-5.94111171469116,-24.9742204952469,
-0.95782937546604));
#14149=CARTESIAN_POINT('Ctrl Pts',(-5.60644617991187,-25.2626488200996,
-1.02736613657135));
#14150=CARTESIAN_POINT('Ctrl Pts',(-5.30524671907895,-25.5177583993447,
-1.08994932120314));
#14151=CARTESIAN_POINT('',(-6.02714592357793,-24.8,-0.939953198780593));
#14152=CARTESIAN_POINT('Ctrl Pts',(-6.02714592357794,-24.8,-0.939953198780593));
#14153=CARTESIAN_POINT('Ctrl Pts',(-6.02584558184288,-24.8274632571901,
-0.940223383616463));
#14154=CARTESIAN_POINT('Ctrl Pts',(-6.01873795027928,-24.8577344474004,
-0.941700206374411));
#14155=CARTESIAN_POINT('Ctrl Pts',(-5.99639966755492,-24.9107553390256,
-0.946341651841243));
#14156=CARTESIAN_POINT('Ctrl Pts',(-5.97531041670714,-24.9414258167976,
-0.9507235736279));
#14157=CARTESIAN_POINT('Ctrl Pts',(-5.94942603249813,-24.9668106449507,
-0.956101827598052));
#14158=CARTESIAN_POINT('Ctrl Pts',(-5.94536788726641,-24.9705523531809,
-0.956945028484257));
#14159=CARTESIAN_POINT('Ctrl Pts',(-5.94111171469115,-24.9742204952469,
-0.95782937546604));
#14160=CARTESIAN_POINT('',(-6.07941499524314,-24.8,-0.929092737896932));
#14161=CARTESIAN_POINT('',(-2.6489964892605,-24.8,-1.64186464701826));
#14162=CARTESIAN_POINT('Ctrl Pts',(-6.09625506515552,-24.7973297985509,
-0.925593710370043));
#14163=CARTESIAN_POINT('Ctrl Pts',(-6.09088868251883,-24.7990799331332,
-0.926708736653384));
#14164=CARTESIAN_POINT('Ctrl Pts',(-6.08475359803568,-24.8,-0.927983483705982));
#14165=CARTESIAN_POINT('Ctrl Pts',(-6.07941499524314,-24.8,-0.929092737896932));
#14166=CARTESIAN_POINT('',(-5.88346929925173,-1.45,-0.969806309017288));
#14167=CARTESIAN_POINT('Origin',(-5.90247825946809,-25.6,-1.7837600546647));
#14168=CARTESIAN_POINT('',(-5.74432643114845,-24.9742204952469,-1.7935884063395));
#14169=CARTESIAN_POINT('Ctrl Pts',(-5.74432643114845,-24.9742204952469,
-1.7935884063395));
#14170=CARTESIAN_POINT('Ctrl Pts',(-5.40317119605506,-25.2626488200992,
-1.81478951202271));
#14171=CARTESIAN_POINT('Ctrl Pts',(-5.09613099563972,-25.5177583993447,
-1.83387053751603));
#14172=CARTESIAN_POINT('',(-5.83202898103378,-24.8,-1.78813812788108));
#14173=CARTESIAN_POINT('Ctrl Pts',(-5.83202898103378,-24.8,-1.78813812788109));
#14174=CARTESIAN_POINT('Ctrl Pts',(-5.83070342359143,-24.8274632571901,
-1.78822050470118));
#14175=CARTESIAN_POINT('Ctrl Pts',(-5.82345796367683,-24.8577344474004,
-1.78867077409637));
#14176=CARTESIAN_POINT('Ctrl Pts',(-5.8006865059005,-24.9107553390256,-1.79008590724754));
#14177=CARTESIAN_POINT('Ctrl Pts',(-5.77918830072776,-24.9414258167976,
-1.79142191406491));
#14178=CARTESIAN_POINT('Ctrl Pts',(-5.75280197688385,-24.9668106449507,
-1.79306169321194));
#14179=CARTESIAN_POINT('Ctrl Pts',(-5.74866513772147,-24.9705523531809,
-1.79331877724658));
#14180=CARTESIAN_POINT('Ctrl Pts',(-5.74432643114845,-24.9742204952469,
-1.7935884063395));
#14181=CARTESIAN_POINT('',(-5.88531163364945,-24.8,-1.78482687531046));
#14182=CARTESIAN_POINT('',(-2.825897200463,-24.8,-1.97495430720797));
#14183=CARTESIAN_POINT('Ctrl Pts',(-5.90247825946809,-24.7973297985509,
-1.7837600546647));
#14184=CARTESIAN_POINT('Ctrl Pts',(-5.89700781408378,-24.7990799331332,
-1.78410001571116));
#14185=CARTESIAN_POINT('Ctrl Pts',(-5.89075376049397,-24.8,-1.78448867412078));
#14186=CARTESIAN_POINT('Ctrl Pts',(-5.88531163364945,-24.8,-1.78482687531046));
#14187=CARTESIAN_POINT('',(-5.68556623702334,-1.45,-1.79724006094557));
#14188=CARTESIAN_POINT('Origin',(-5.58854401775961,-25.6,-2.60561418818561));
#14189=CARTESIAN_POINT('',(-5.43060322673706,-24.9742204952469,-2.59283514954174));
#14190=CARTESIAN_POINT('Ctrl Pts',(-5.43060322673707,-24.9742204952469,
-2.59283514954174));
#14191=CARTESIAN_POINT('Ctrl Pts',(-5.08990322810564,-25.2626488200988,
-2.5652690064302));
#14192=CARTESIAN_POINT('Ctrl Pts',(-4.78327274115748,-25.5177583993447,
-2.54045943813102));
#14193=CARTESIAN_POINT('',(-5.51818874661855,-24.8,-2.59992172126246));
#14194=CARTESIAN_POINT('Ctrl Pts',(-5.51818874661855,-24.8,-2.59992172126246));
#14195=CARTESIAN_POINT('Ctrl Pts',(-5.51686495799584,-24.8274632571901,
-2.59981461311227));
#14196=CARTESIAN_POINT('Ctrl Pts',(-5.50962916639993,-24.8577344474004,
-2.5992291629583));
#14197=CARTESIAN_POINT('Ctrl Pts',(-5.48688809478448,-24.9107553390256,
-2.59738917576376));
#14198=CARTESIAN_POINT('Ctrl Pts',(-5.4654185767484,-24.9414258167976,-2.59565207036577));
#14199=CARTESIAN_POINT('Ctrl Pts',(-5.43906746273117,-24.9668106449507,
-2.59351999351497));
#14200=CARTESIAN_POINT('Ctrl Pts',(-5.43493614375383,-24.9705523531809,
-2.59318572720847));
#14201=CARTESIAN_POINT('Ctrl Pts',(-5.43060322673706,-24.9742204952469,
-2.59283514954174));
#14202=CARTESIAN_POINT('',(-5.5714002990319,-24.8,-2.60422708455834));
#14203=CARTESIAN_POINT('',(-2.95691137387874,-24.8,-2.3926879704878));
#14204=CARTESIAN_POINT('Ctrl Pts',(-5.58854401775961,-24.7973297985509,
-2.60561418818561));
#14205=CARTESIAN_POINT('Ctrl Pts',(-5.58308087212023,-24.7990799331332,
-2.60517216336865));
#14206=CARTESIAN_POINT('Ctrl Pts',(-5.57683516391966,-24.8,-2.60466682117087));
#14207=CARTESIAN_POINT('Ctrl Pts',(-5.5714002990319,-24.8,-2.60422708455834));
#14208=CARTESIAN_POINT('',(-5.37192144202825,-1.45,-2.58808718804534));
#14209=CARTESIAN_POINT('Origin',(-5.16084313587967,-25.6,-3.37442553080589));
#14210=CARTESIAN_POINT('',(-5.0063286011958,-24.9742204952469,-3.33929924621843));
#14211=CARTESIAN_POINT('Ctrl Pts',(-5.00632860119581,-24.9742204952469,
-3.33929924621843));
#14212=CARTESIAN_POINT('Ctrl Pts',(-4.67301950850047,-25.2626488200987,
-3.26352702149176));
#14213=CARTESIAN_POINT('Ctrl Pts',(-4.3730408474848,-25.5177583993447,-3.19533191066571));
#14214=CARTESIAN_POINT('',(-5.09201410246444,-24.8,-3.35877840595405));
#14215=CARTESIAN_POINT('Ctrl Pts',(-5.09201410246444,-24.8,-3.35877840595405));
#14216=CARTESIAN_POINT('Ctrl Pts',(-5.09071903118024,-24.8274632571901,
-3.35848399324664));
#14217=CARTESIAN_POINT('Ctrl Pts',(-5.0836402077536,-24.8577344474004,-3.35687474162033));
#14218=CARTESIAN_POINT('Ctrl Pts',(-5.0613924649373,-24.9107553390256,-3.35181709091328));
#14219=CARTESIAN_POINT('Ctrl Pts',(-5.04038869151211,-24.9414258167976,
-3.34704223575643));
#14220=CARTESIAN_POINT('Ctrl Pts',(-5.01460922001262,-24.9668106449507,
-3.34118170584409));
#14221=CARTESIAN_POINT('Ctrl Pts',(-5.01056752296094,-24.9705523531809,
-3.3402628938945));
#14222=CARTESIAN_POINT('Ctrl Pts',(-5.0063286011958,-24.9742204952469,-3.33929924621843));
#14223=CARTESIAN_POINT('',(-5.14407132091779,-24.8,-3.37061274033537));
#14224=CARTESIAN_POINT('',(-3.01261621759447,-24.8,-2.8860622176424));
#14225=CARTESIAN_POINT('Ctrl Pts',(-5.16084313587967,-24.7973297985509,
-3.37442553080589));
#14226=CARTESIAN_POINT('Ctrl Pts',(-5.15549850387603,-24.7990799331332,
-3.37321051847609));
#14227=CARTESIAN_POINT('Ctrl Pts',(-5.14938828567252,-24.8,-3.37182146298077));
#14228=CARTESIAN_POINT('Ctrl Pts',(-5.14407132091779,-24.8,-3.37061274033537));
#14229=CARTESIAN_POINT('',(-4.94891981781567,-1.45,-3.32624832342365));
#14230=CARTESIAN_POINT('Origin',(-4.62808237039584,-25.6,-4.07454330065863));
#14231=CARTESIAN_POINT('',(-4.4801395623937,-24.9742204952469,-4.01778483998594));
#14232=CARTESIAN_POINT('Ctrl Pts',(-4.48013956239371,-24.9742204952469,
-4.01778483998595));
#14233=CARTESIAN_POINT('Ctrl Pts',(-4.16100658757729,-25.262648820099,-3.8953490376304));
#14234=CARTESIAN_POINT('Ctrl Pts',(-3.87378645296576,-25.5177583993447,
-3.78515664007556));
#14235=CARTESIAN_POINT('',(-4.56218073534025,-24.8,-4.04926004821749));
#14236=CARTESIAN_POINT('Ctrl Pts',(-4.56218073534025,-24.8,-4.04926004821749));
#14237=CARTESIAN_POINT('Ctrl Pts',(-4.56094074531122,-24.8274632571901,
-4.04878432434657));
#14238=CARTESIAN_POINT('Ctrl Pts',(-4.55416299448518,-24.8577344474004,
-4.04618403097034));
#14239=CARTESIAN_POINT('Ctrl Pts',(-4.53286148035457,-24.9107553390256,
-4.03801167593411));
#14240=CARTESIAN_POINT('Ctrl Pts',(-4.51275102779734,-24.9414258167976,
-4.03029627329985));
#14241=CARTESIAN_POINT('Ctrl Pts',(-4.48806799451345,-24.9668106449507,
-4.02082659381461));
#14242=CARTESIAN_POINT('Ctrl Pts',(-4.48419819668413,-24.9705523531809,
-4.01934194058359));
#14243=CARTESIAN_POINT('Ctrl Pts',(-4.4801395623937,-24.9742204952469,-4.01778483998594));
#14244=CARTESIAN_POINT('',(-4.6120238849865,-24.8,-4.06838244076366));
#14245=CARTESIAN_POINT('',(-2.9663465593187,-24.8,-3.43701608351907));
#14246=CARTESIAN_POINT('Ctrl Pts',(-4.62808237039584,-24.7973297985509,
-4.07454330065863));
#14247=CARTESIAN_POINT('Ctrl Pts',(-4.6229650533229,-24.7990799331332,-4.07258003496321));
#14248=CARTESIAN_POINT('Ctrl Pts',(-4.61711471153866,-24.8,-4.07033554333454));
#14249=CARTESIAN_POINT('Ctrl Pts',(-4.6120238849865,-24.8,-4.06838244076366));
#14250=CARTESIAN_POINT('',(-4.4251724576186,-1.45,-3.99669663504513));
#14251=CARTESIAN_POINT('Origin',(-4.00110719413821,-25.6,-4.69171511892254));
#14252=CARTESIAN_POINT('',(-3.86274780175689,-24.9742204952469,-4.61447992074604));
#14253=CARTESIAN_POINT('Ctrl Pts',(-3.8627478017569,-24.9742204952469,-4.61447992074605));
#14254=CARTESIAN_POINT('Ctrl Pts',(-3.56428757188367,-25.2626488200988,
-4.44787298062209));
#14255=CARTESIAN_POINT('Ctrl Pts',(-3.29567293734199,-25.5177583993447,
-4.29792649578384));
#14256=CARTESIAN_POINT('',(-3.93947452468735,-24.8,-4.65731043300094));
#14257=CARTESIAN_POINT('Ctrl Pts',(-3.93947452468735,-24.8,-4.65731043300094));
#14258=CARTESIAN_POINT('Ctrl Pts',(-3.93831485853465,-24.8274632571901,
-4.65666308233264));
#14259=CARTESIAN_POINT('Ctrl Pts',(-3.93197615577061,-24.8577344474004,
-4.65312468168101));
#14260=CARTESIAN_POINT('Ctrl Pts',(-3.9120545077249,-24.9107553390256,-4.642003987897));
#14261=CARTESIAN_POINT('Ctrl Pts',(-3.89324676685593,-24.9414258167976,
-4.63150510113358));
#14262=CARTESIAN_POINT('Ctrl Pts',(-3.87016264716532,-24.9668106449507,
-4.61861904744146));
#14263=CARTESIAN_POINT('Ctrl Pts',(-3.86654352648257,-24.9705523531809,
-4.61659877618741));
#14264=CARTESIAN_POINT('Ctrl Pts',(-3.86274780175689,-24.9742204952469,
-4.61447992074604));
#14265=CARTESIAN_POINT('',(-3.98608894273548,-24.8,-4.68333160694413));
#14266=CARTESIAN_POINT('',(-2.79680605694478,-24.8,-4.01944823920851));
#14267=CARTESIAN_POINT('Ctrl Pts',(-4.00110719413821,-24.7973297985509,
-4.69171511892254));
#14268=CARTESIAN_POINT('Ctrl Pts',(-3.99632136581443,-24.7990799331332,
-4.68904356628948));
#14269=CARTESIAN_POINT('Ctrl Pts',(-3.9908499965372,-24.8,-4.68598932990443));
#14270=CARTESIAN_POINT('Ctrl Pts',(-3.98608894273548,-24.8,-4.68333160694413));
#14271=CARTESIAN_POINT('',(-3.81134134732801,-1.45,-4.58578372869843));
#14272=CARTESIAN_POINT('Origin',(-3.29268101364827,-25.6,-5.21337714715434));
#14273=CARTESIAN_POINT('',(-3.16672163512111,-24.9742204952469,-5.11723749738098));
#14274=CARTESIAN_POINT('Ctrl Pts',(-3.16672163512112,-24.9742204952469,
-5.11723749738099));
#14275=CARTESIAN_POINT('Ctrl Pts',(-2.89500993978264,-25.262648820099,-4.90985105633456));
#14276=CARTESIAN_POINT('Ctrl Pts',(-2.65046902464988,-25.5177583993447,
-4.7232029622345));
#14277=CARTESIAN_POINT('',(-3.23657197321823,-24.8,-5.17055140794271));
#14278=CARTESIAN_POINT('Ctrl Pts',(-3.23657197321822,-24.8,-5.1705514079427));
#14279=CARTESIAN_POINT('Ctrl Pts',(-3.23551623840052,-24.8274632571901,
-5.16974560866984));
#14280=CARTESIAN_POINT('Ctrl Pts',(-3.22974562140745,-24.8577344474004,
-5.16534113237616));
#14281=CARTESIAN_POINT('Ctrl Pts',(-3.21160938675156,-24.9107553390256,
-5.1514984851004));
#14282=CARTESIAN_POINT('Ctrl Pts',(-3.1944872289379,-24.9414258167976,-5.13842984126603));
#14283=CARTESIAN_POINT('Ctrl Pts',(-3.17347194894835,-24.9668106449507,
-5.12238973625989));
#14284=CARTESIAN_POINT('Ctrl Pts',(-3.17017718027261,-24.9705523531809,
-5.11987497387956));
#14285=CARTESIAN_POINT('Ctrl Pts',(-3.16672163512112,-24.9742204952469,
-5.11723749738098));
#14286=CARTESIAN_POINT('',(-3.27900872454166,-24.8,-5.20294164722032));
#14287=CARTESIAN_POINT('',(-2.49030234214418,-24.8,-4.60095427427244));
#14288=CARTESIAN_POINT('Ctrl Pts',(-3.29268101364827,-24.7973297985509,
-5.21337714715434));
#14289=CARTESIAN_POINT('Ctrl Pts',(-3.28832409973714,-24.7990799331332,
-5.21005169269112));
#14290=CARTESIAN_POINT('Ctrl Pts',(-3.28334308426728,-24.8,-5.2062498869948));
#14291=CARTESIAN_POINT('Ctrl Pts',(-3.27900872454166,-24.8,-5.20294164722032));
#14292=CARTESIAN_POINT('',(-3.11992231820665,-1.45,-5.08151748994367));
#14293=CARTESIAN_POINT('Origin',(-2.51722534302839,-25.6,-5.62890985080828));
#14294=CARTESIAN_POINT('',(-2.40623014806536,-24.9742204952469,-5.51582287546359));
#14295=CARTESIAN_POINT('Ctrl Pts',(-2.40623014806536,-24.9742204952469,
-5.5158228754636));
#14296=CARTESIAN_POINT('Ctrl Pts',(-2.16679825382688,-25.2626488200992,
-5.27187872338117));
#14297=CARTESIAN_POINT('Ctrl Pts',(-1.95130920593739,-25.5177583993447,
-5.05232863696664));
#14298=CARTESIAN_POINT('',(-2.4677821498772,-24.8,-5.57853486685773));
#14299=CARTESIAN_POINT('Ctrl Pts',(-2.4677821498772,-24.8,-5.57853486685774));
#14300=CARTESIAN_POINT('Ctrl Pts',(-2.4668518381109,-24.8274632571901,-5.57758702272976));
#14301=CARTESIAN_POINT('Ctrl Pts',(-2.46176678000969,-24.8577344474004,
-5.57240613322991));
#14302=CARTESIAN_POINT('Ctrl Pts',(-2.44578516018062,-24.9107553390256,
-5.55612332884203));
#14303=CARTESIAN_POINT('Ctrl Pts',(-2.43069714317913,-24.9414258167976,
-5.54075096783833));
#14304=CARTESIAN_POINT('Ctrl Pts',(-2.41217851338819,-24.9668106449507,
-5.52188334180025));
#14305=CARTESIAN_POINT('Ctrl Pts',(-2.40927516870835,-24.9705523531809,
-5.51892528160372));
#14306=CARTESIAN_POINT('Ctrl Pts',(-2.40623014806536,-24.9742204952469,
-5.51582287546359));
#14307=CARTESIAN_POINT('',(-2.50517734459648,-24.8,-5.61663479960381));
#14308=CARTESIAN_POINT('',(-2.04241464006435,-24.8,-5.14515101532558));
#14309=CARTESIAN_POINT('Ctrl Pts',(-2.51722534302839,-24.7973297985509,
-5.62890985080828));
#14310=CARTESIAN_POINT('Ctrl Pts',(-2.51338603773285,-24.7990799331332,
-5.62499819117796));
#14311=CARTESIAN_POINT('Ctrl Pts',(-2.50899677518125,-24.8,-5.62052620997085));
#14312=CARTESIAN_POINT('Ctrl Pts',(-2.50517734459648,-24.8,-5.61663479960381));
#14313=CARTESIAN_POINT('',(-2.3649906677996,-1.45,-5.47380620898001));
#14314=CARTESIAN_POINT('Origin',(-1.6905262235029,-25.6,-5.92985418233534));
#14315=CARTESIAN_POINT('',(-1.59675475418974,-24.9742204952469,-5.80212200612143));
#14316=CARTESIAN_POINT('Ctrl Pts',(-1.59675475418974,-24.9742204952469,
-5.80212200612144));
#14317=CARTESIAN_POINT('Ctrl Pts',(-1.39447680395341,-25.2626488200996,
-5.52658614246245));
#14318=CARTESIAN_POINT('Ctrl Pts',(-1.21242635890309,-25.5177583993447,
-5.2786034703628));
#14319=CARTESIAN_POINT('',(-1.64875539846074,-24.8,-5.87295544304965));
#14320=CARTESIAN_POINT('Ctrl Pts',(-1.64875539846074,-24.8,-5.87295544304965));
#14321=CARTESIAN_POINT('Ctrl Pts',(-1.6479694482106,-24.8274632571901,-5.87188484943966));
#14322=CARTESIAN_POINT('Ctrl Pts',(-1.6436734661201,-24.8577344474004,-5.86603301470341));
#14323=CARTESIAN_POINT('Ctrl Pts',(-1.6301718008104,-24.9107553390256,-5.84764152414501));
#14324=CARTESIAN_POINT('Ctrl Pts',(-1.61742507313698,-24.9414258167976,
-5.83027838291178));
#14325=CARTESIAN_POINT('Ctrl Pts',(-1.60178007944385,-24.9668106449507,
-5.80896732629816));
#14326=CARTESIAN_POINT('Ctrl Pts',(-1.59932726248505,-24.9705523531809,
-5.8056261858607));
#14327=CARTESIAN_POINT('Ctrl Pts',(-1.59675475418974,-24.9742204952469,
-5.80212200612143));
#14328=CARTESIAN_POINT('',(-1.68034777825021,-24.8,-5.91598946450461));
#14329=CARTESIAN_POINT('',(-1.45894739819792,-24.8,-5.61440570383834));
#14330=CARTESIAN_POINT('Ctrl Pts',(-1.6905262235029,-24.7973297985509,-5.92985418233534));
#14331=CARTESIAN_POINT('Ctrl Pts',(-1.68728268400712,-24.7990799331332,
-5.92543594764768));
#14332=CARTESIAN_POINT('Ctrl Pts',(-1.68357452710175,-24.8,-5.92038482757103));
#14333=CARTESIAN_POINT('Ctrl Pts',(-1.68034777825021,-24.8,-5.91598946450461));
#14334=CARTESIAN_POINT('',(-1.56191462746606,-1.45,-5.75466401875513));
#14335=CARTESIAN_POINT('Origin',(0.448862007550422,-25.6,-5.39742115933776));
#14336=CARTESIAN_POINT('',(0.821311176861613,-24.8,-6.09491164421291));
#14337=CARTESIAN_POINT('Ctrl Pts',(0.821311176861614,-24.8,-6.09491164421291));
#14338=CARTESIAN_POINT('Ctrl Pts',(0.82387955667588,-24.8,-6.09972148305699));
#14339=CARTESIAN_POINT('Ctrl Pts',(0.826831120550512,-24.7990799331353,
-6.10524891575838));
#14340=CARTESIAN_POINT('Ctrl Pts',(0.829412865134098,-24.7973297985562,
-6.1100837829827));
#14341=CARTESIAN_POINT('',(0.79616474174956,-24.8,-6.04781958262603));
#14342=CARTESIAN_POINT('',(0.565805115951164,-24.8,-5.61642206497031));
#14343=CARTESIAN_POINT('',(0.754774038179278,-24.9742204952469,-5.97030666467282));
#14344=CARTESIAN_POINT('Ctrl Pts',(0.754774038179279,-24.9742204952469,
-5.97030666467282));
#14345=CARTESIAN_POINT('Ctrl Pts',(0.756821665276523,-24.9705523531809,
-5.97414128301696));
#14346=CARTESIAN_POINT('Ctrl Pts',(0.758774022234348,-24.9668106449507,
-5.97779748771109));
#14347=CARTESIAN_POINT('Ctrl Pts',(0.771226892874492,-24.9414258167976,
-6.00111814324362));
#14348=CARTESIAN_POINT('Ctrl Pts',(0.781372844602936,-24.9107553390256,
-6.02011860122203));
#14349=CARTESIAN_POINT('Ctrl Pts',(0.792119700423156,-24.8577344474004,
-6.04024438023986));
#14350=CARTESIAN_POINT('Ctrl Pts',(0.795539152696181,-24.8274632571901,
-6.04664803373257));
#14351=CARTESIAN_POINT('Ctrl Pts',(0.79616474174956,-24.8,-6.04781958262603));
#14352=CARTESIAN_POINT('',(0.448862007550419,-25.5177583993447,-5.39742115933776));
#14353=CARTESIAN_POINT('Ctrl Pts',(0.448862007550419,-25.5177583993447,
-5.39742115933776));
#14354=CARTESIAN_POINT('Ctrl Pts',(0.593767827690866,-25.2626488200994,
-5.66878820504204));
#14355=CARTESIAN_POINT('Ctrl Pts',(0.754774038179278,-24.9742204952469,
-5.97030666467282));
#14356=CARTESIAN_POINT('',(0.448862007550419,-1.45,-5.39742115933776));
#14357=CARTESIAN_POINT('',(0.448862007550419,-25.6,-5.39742115933776));
#14358=CARTESIAN_POINT('',(0.533309021634966,-1.45,-5.55556619939522));
#14359=CARTESIAN_POINT('Origin',(0.,-25.25,0.));
#14360=CARTESIAN_POINT('Origin',(-1.12869534091024E-18,-24.9742204952469,
-8.07258840017376E-20));
#14361=CARTESIAN_POINT('Origin',(-1.12869534091024E-18,-24.9742204952469,
-8.07258840017376E-20));
#14362=CARTESIAN_POINT('Origin',(-1.12869534091024E-18,-24.9742204952469,
-8.07258840017376E-20));
#14363=CARTESIAN_POINT('Origin',(-1.12869534091024E-18,-24.9742204952469,
-8.07258840017376E-20));
#14364=CARTESIAN_POINT('Origin',(-1.12869534091024E-18,-24.9742204952469,
-8.07258840017376E-20));
#14365=CARTESIAN_POINT('Origin',(-1.12869534091024E-18,-24.9742204952469,
-8.07258840017376E-20));
#14366=CARTESIAN_POINT('Origin',(-1.12869534091024E-18,-24.9742204952469,
-8.07258840017376E-20));
#14367=CARTESIAN_POINT('Origin',(-1.12869534091024E-18,-24.9742204952469,
-8.07258840017376E-20));
#14368=CARTESIAN_POINT('Origin',(-1.12869534091024E-18,-24.9742204952469,
-8.07258840017376E-20));
#14369=CARTESIAN_POINT('Origin',(-1.12869534091024E-18,-24.9742204952469,
-8.07258840017376E-20));
#14370=CARTESIAN_POINT('Origin',(-1.12869534091024E-18,-24.9742204952469,
-8.07258840017376E-20));
#14371=CARTESIAN_POINT('Origin',(-1.12869534091024E-18,-24.9742204952469,
-8.07258840017376E-20));
#14372=CARTESIAN_POINT('Origin',(-1.12869534091024E-18,-24.9742204952469,
-8.07258840017376E-20));
#14373=CARTESIAN_POINT('Origin',(-1.12869534091024E-18,-24.9742204952469,
-8.07258840017376E-20));
#14374=CARTESIAN_POINT('Origin',(-1.12869534091024E-18,-24.9742204952469,
-8.07258840017376E-20));
#14375=CARTESIAN_POINT('Origin',(-1.12869534091024E-18,-24.9742204952469,
-8.07258840017376E-20));
#14376=CARTESIAN_POINT('Origin',(-1.12869534091024E-18,-24.9742204952469,
-8.07258840017376E-20));
#14377=CARTESIAN_POINT('Origin',(-1.12869534091024E-18,-24.9742204952469,
-8.07258840017376E-20));
#14378=CARTESIAN_POINT('Origin',(-1.12869534091024E-18,-24.9742204952469,
-8.07258840017376E-20));
#14379=CARTESIAN_POINT('Origin',(-1.12869534091024E-18,-24.9742204952469,
-8.07258840017376E-20));
#14380=CARTESIAN_POINT('',(-7.36971295158488E-16,-24.9742204952469,6.01782730883383));
#14381=CARTESIAN_POINT('Origin',(-1.12869534091024E-18,-24.9742204952469,
-8.07258840017376E-20));
#14382=CARTESIAN_POINT('',(-6.52124420545966E-16,-25.6,5.325));
#14383=CARTESIAN_POINT('',(-6.99579484012926E-16,-25.25,5.7125));
#14384=CARTESIAN_POINT('Origin',(0.,-25.6,0.));
#14385=CARTESIAN_POINT('Origin',(-1.12869534091024E-18,-24.9742204952469,
-8.07258840017376E-20));
#14386=CARTESIAN_POINT('Origin',(-1.12869534091024E-18,-24.9742204952469,
-8.07258840017376E-20));
#14387=CARTESIAN_POINT('Origin',(-1.12869534091024E-18,-24.9742204952469,
-8.07258840017376E-20));
#14388=CARTESIAN_POINT('Origin',(-1.12869534091024E-18,-24.9742204952469,
-8.07258840017376E-20));
#14389=CARTESIAN_POINT('Origin',(-1.12869534091024E-18,-24.9742204952469,
-8.07258840017376E-20));
#14390=CARTESIAN_POINT('Origin',(-1.12869534091024E-18,-24.9742204952469,
-8.07258840017376E-20));
#14391=CARTESIAN_POINT('Origin',(-1.12869534091024E-18,-24.9742204952469,
-8.07258840017376E-20));
#14392=CARTESIAN_POINT('Origin',(-1.12869534091024E-18,-24.9742204952469,
-8.07258840017376E-20));
#14393=CARTESIAN_POINT('Origin',(-1.12869534091024E-18,-24.9742204952469,
-8.07258840017376E-20));
#14394=CARTESIAN_POINT('Origin',(-1.12869534091024E-18,-24.9742204952469,
-8.07258840017376E-20));
#14395=CARTESIAN_POINT('Origin',(-1.12869534091024E-18,-24.9742204952469,
-8.07258840017376E-20));
#14396=CARTESIAN_POINT('Origin',(-1.12869534091024E-18,-24.9742204952469,
-8.07258840017376E-20));
#14397=CARTESIAN_POINT('Origin',(-1.12869534091024E-18,-24.9742204952469,
-8.07258840017376E-20));
#14398=CARTESIAN_POINT('Origin',(-1.12869534091024E-18,-24.9742204952469,
-8.07258840017376E-20));
#14399=CARTESIAN_POINT('Origin',(-1.12869534091024E-18,-24.9742204952469,
-8.07258840017376E-20));
#14400=CARTESIAN_POINT('Origin',(-1.12869534091024E-18,-24.9742204952469,
-8.07258840017376E-20));
#14401=CARTESIAN_POINT('Origin',(-1.12869534091024E-18,-24.9742204952469,
-8.07258840017376E-20));
#14402=CARTESIAN_POINT('Origin',(-1.12869534091024E-18,-24.9742204952469,
-8.07258840017376E-20));
#14403=CARTESIAN_POINT('Origin',(-1.12869534091024E-18,-24.9742204952469,
-8.07258840017376E-20));
#14404=CARTESIAN_POINT('Origin',(-1.12869534091024E-18,-24.9742204952469,
-8.07258840017376E-20));
#14405=CARTESIAN_POINT('Origin',(-1.12869534091024E-18,-24.9742204952469,
-8.07258840017376E-20));
#14406=CARTESIAN_POINT('Origin',(-1.12869534091024E-18,-24.9742204952469,
-8.07258840017376E-20));
#14407=CARTESIAN_POINT('',(0.10257170065992,-24.9742204952469,-6.01695309647415));
#14408=CARTESIAN_POINT('Origin',(-1.12869534091024E-18,-24.9742204952469,
-8.07258840017376E-20));
#14409=CARTESIAN_POINT('',(0.323839879864836,-25.5177583993447,-5.40636291838592));
#14410=CARTESIAN_POINT('Ctrl Pts',(0.10257170065992,-24.9742204952469,-6.01695309647415));
#14411=CARTESIAN_POINT('Ctrl Pts',(0.219028549258525,-25.2626488200992,
-5.69559008720221));
#14412=CARTESIAN_POINT('Ctrl Pts',(0.323839879864836,-25.5177583993447,
-5.40636291838592));
#14413=CARTESIAN_POINT('Ctrl Pts',(0.323839879864836,-25.5177583993447,
-5.40636291838592));
#14414=CARTESIAN_POINT('Ctrl Pts',(0.327118571156939,-25.5257386964287,
-5.39731536031799));
#14415=CARTESIAN_POINT('Ctrl Pts',(0.332466642391689,-25.5332253465288,
-5.38868786229596));
#14416=CARTESIAN_POINT('Ctrl Pts',(0.344578119397321,-25.5436056765099,
-5.37640845290928));
#14417=CARTESIAN_POINT('Ctrl Pts',(0.351184133125695,-25.5476998250076,
-5.37144175502161));
#14418=CARTESIAN_POINT('Ctrl Pts',(0.366409732400383,-25.5533136180161,
-5.36419445019914));
#14419=CARTESIAN_POINT('Ctrl Pts',(0.375024334494521,-25.5548387096774,
-5.36190759632317));
#14420=CARTESIAN_POINT('Ctrl Pts',(0.391871884897227,-25.5548387096774,
-5.36070263573706));
#14421=CARTESIAN_POINT('Ctrl Pts',(0.400724256002791,-25.5533136180161,
-5.36174022703413));
#14422=CARTESIAN_POINT('Ctrl Pts',(0.416826279644091,-25.5476998250076,
-5.36674693604487));
#14423=CARTESIAN_POINT('Ctrl Pts',(0.424071888484432,-25.5436056765099,
-5.37072294633404));
#14424=CARTESIAN_POINT('Ctrl Pts',(0.43780763027841,-25.5332253465288,-5.3811537261473));
#14425=CARTESIAN_POINT('Ctrl Pts',(0.444329086844978,-25.5257386964287,
-5.38893229878644));
#14426=CARTESIAN_POINT('Ctrl Pts',(0.448862007550419,-25.5177583993447,
-5.39742115933776));
#14427=CARTESIAN_POINT('Origin',(-1.12869534091024E-18,-24.9742204952469,
-8.07258840017376E-20));
#14428=CARTESIAN_POINT('Origin',(0.,-24.7886948345591,0.));
#14429=CARTESIAN_POINT('',(0.072633533154117,-24.8,-6.09956755597162));
#14430=CARTESIAN_POINT('Origin',(0.,-24.8,0.));
#14431=CARTESIAN_POINT('Ctrl Pts',(0.0726335331541171,-24.8,-6.09956755597162));
#14432=CARTESIAN_POINT('Ctrl Pts',(0.0730860258216569,-24.8274632571901,
-6.09831890115171));
#14433=CARTESIAN_POINT('Ctrl Pts',(0.0755593380898115,-24.8577344474004,
-6.09149378882102));
#14434=CARTESIAN_POINT('Ctrl Pts',(0.0833326094274222,-24.9107553390256,
-6.07004342416662));
#14435=CARTESIAN_POINT('Ctrl Pts',(0.0906712428922084,-24.9414258167976,
-6.04979244397467));
#14436=CARTESIAN_POINT('Ctrl Pts',(0.0996784859442544,-24.9668106449507,
-6.02493693081866));
#14437=CARTESIAN_POINT('Ctrl Pts',(0.101090638543575,-24.9705523531809,
-6.0210400916518));
#14438=CARTESIAN_POINT('Ctrl Pts',(0.102571700659918,-24.9742204952469,
-6.01695309647415));
#14439=CARTESIAN_POINT('Origin',(0.,-24.7886948345591,0.));
#14440=CARTESIAN_POINT('Origin',(0.,-24.8,0.));
#14441=CARTESIAN_POINT('Origin',(0.,-24.7886948345591,0.));
#14442=CARTESIAN_POINT('Origin',(0.,-24.8,0.));
#14443=CARTESIAN_POINT('Origin',(0.,-24.7886948345591,0.));
#14444=CARTESIAN_POINT('Origin',(0.,-24.8,0.));
#14445=CARTESIAN_POINT('Origin',(0.,-24.7886948345591,0.));
#14446=CARTESIAN_POINT('Origin',(0.,-24.8,0.));
#14447=CARTESIAN_POINT('Origin',(0.,-24.7886948345591,0.));
#14448=CARTESIAN_POINT('Origin',(0.,-24.8,0.));
#14449=CARTESIAN_POINT('Origin',(0.,-24.7886948345591,0.));
#14450=CARTESIAN_POINT('Origin',(0.,-24.8,0.));
#14451=CARTESIAN_POINT('Origin',(0.,-24.7886948345591,0.));
#14452=CARTESIAN_POINT('Origin',(0.,-24.8,0.));
#14453=CARTESIAN_POINT('Origin',(0.,-24.7886948345591,0.));
#14454=CARTESIAN_POINT('Origin',(0.,-24.8,0.));
#14455=CARTESIAN_POINT('Origin',(0.,-24.7886948345591,0.));
#14456=CARTESIAN_POINT('Origin',(0.,-24.8,0.));
#14457=CARTESIAN_POINT('Origin',(0.,-24.7886948345591,0.));
#14458=CARTESIAN_POINT('Origin',(0.,-24.8,0.));
#14459=CARTESIAN_POINT('Origin',(0.,-24.7886948345591,0.));
#14460=CARTESIAN_POINT('Origin',(0.,-24.8,0.));
#14461=CARTESIAN_POINT('Origin',(0.,-24.7886948345591,0.));
#14462=CARTESIAN_POINT('Origin',(0.,-24.8,0.));
#14463=CARTESIAN_POINT('Origin',(0.,-24.7886948345591,0.));
#14464=CARTESIAN_POINT('Origin',(0.,-24.8,0.));
#14465=CARTESIAN_POINT('Origin',(0.,-24.7886948345591,0.));
#14466=CARTESIAN_POINT('Origin',(0.,-24.8,0.));
#14467=CARTESIAN_POINT('Origin',(0.,-24.7886948345591,0.));
#14468=CARTESIAN_POINT('Origin',(0.,-24.8,0.));
#14469=CARTESIAN_POINT('Origin',(0.,-24.7886948345591,0.));
#14470=CARTESIAN_POINT('Origin',(0.,-24.8,0.));
#14471=CARTESIAN_POINT('Origin',(0.,-24.7886948345591,0.));
#14472=CARTESIAN_POINT('Origin',(0.,-24.8,0.));
#14473=CARTESIAN_POINT('Origin',(0.,-24.7886948345591,0.));
#14474=CARTESIAN_POINT('Origin',(0.,-24.8,0.));
#14475=CARTESIAN_POINT('Origin',(0.,-24.7886948345591,0.));
#14476=CARTESIAN_POINT('Origin',(0.,-24.8,0.));
#14477=CARTESIAN_POINT('Origin',(0.,-24.7886948345591,0.));
#14478=CARTESIAN_POINT('Origin',(0.,-24.8,0.));
#14479=CARTESIAN_POINT('Origin',(0.,-24.7886948345591,0.));
#14480=CARTESIAN_POINT('Origin',(0.,-24.8,0.));
#14481=CARTESIAN_POINT('Origin',(0.,-24.7886948345591,0.));
#14482=CARTESIAN_POINT('Origin',(0.,-24.8,0.));
#14483=CARTESIAN_POINT('Origin',(0.,-24.7886948345591,0.));
#14484=CARTESIAN_POINT('Origin',(0.,-24.8,0.));
#14485=CARTESIAN_POINT('Origin',(0.,-24.7886948345591,0.));
#14486=CARTESIAN_POINT('Origin',(0.,-24.8,0.));
#14487=CARTESIAN_POINT('Origin',(0.,-24.7886948345591,0.));
#14488=CARTESIAN_POINT('Origin',(0.,-24.8,0.));
#14489=CARTESIAN_POINT('Origin',(0.,-24.7886948345591,0.));
#14490=CARTESIAN_POINT('Origin',(0.,-24.8,0.));
#14491=CARTESIAN_POINT('Origin',(0.,-24.7886948345591,0.));
#14492=CARTESIAN_POINT('Origin',(0.,-24.8,0.));
#14493=CARTESIAN_POINT('Origin',(0.,-24.7886948345591,0.));
#14494=CARTESIAN_POINT('Origin',(0.,-24.8,0.));
#14495=CARTESIAN_POINT('Origin',(0.,-24.7886948345591,0.));
#14496=CARTESIAN_POINT('Origin',(0.,-24.8,0.));
#14497=CARTESIAN_POINT('Origin',(0.,-24.7886948345591,0.));
#14498=CARTESIAN_POINT('Origin',(0.,-24.8,0.));
#14499=CARTESIAN_POINT('Origin',(0.,-24.7886948345591,0.));
#14500=CARTESIAN_POINT('Origin',(0.,-24.8,0.));
#14501=CARTESIAN_POINT('Origin',(0.,-24.7886948345591,0.));
#14502=CARTESIAN_POINT('Origin',(0.,-24.8,0.));
#14503=CARTESIAN_POINT('Origin',(0.,-24.7886948345591,0.));
#14504=CARTESIAN_POINT('Origin',(0.,-24.8,0.));
#14505=CARTESIAN_POINT('Origin',(0.,-24.7886948345591,0.));
#14506=CARTESIAN_POINT('Origin',(0.,-24.8,0.));
#14507=CARTESIAN_POINT('Origin',(0.,-24.7886948345591,0.));
#14508=CARTESIAN_POINT('Origin',(0.,-24.8,0.));
#14509=CARTESIAN_POINT('Origin',(0.,-24.7886948345591,0.));
#14510=CARTESIAN_POINT('Origin',(0.,-24.8,0.));
#14511=CARTESIAN_POINT('Origin',(0.,-24.7886948345591,0.));
#14512=CARTESIAN_POINT('Origin',(0.,-24.8,0.));
#14513=CARTESIAN_POINT('Origin',(0.,-24.7886948345591,0.));
#14514=CARTESIAN_POINT('Origin',(0.,-24.8,0.));
#14515=CARTESIAN_POINT('Origin',(0.,-24.7886948345591,0.));
#14516=CARTESIAN_POINT('Origin',(0.,-24.8,0.));
#14517=CARTESIAN_POINT('Origin',(0.,-24.7886948345591,0.));
#14518=CARTESIAN_POINT('Origin',(0.,-24.8,0.));
#14519=CARTESIAN_POINT('Origin',(0.,-24.7886948345591,0.));
#14520=CARTESIAN_POINT('Origin',(0.,-24.8,0.));
#14521=CARTESIAN_POINT('Origin',(0.,-24.7886948345591,0.));
#14522=CARTESIAN_POINT('Origin',(0.,-24.8,0.));
#14523=CARTESIAN_POINT('Origin',(0.,-24.8,-6.2));
#14524=CARTESIAN_POINT('',(0.0544449516220324,-24.8,-6.14975899911882));
#14525=CARTESIAN_POINT('Origin',(-2.77555756156289E-16,-24.8,6.93889390390723E-16));
#14526=CARTESIAN_POINT('',(0.0403084281511913,-24.8,-6.18876877637023));
#14527=CARTESIAN_POINT('Origin',(0.,-24.8,-6.2));
#14528=CARTESIAN_POINT('Origin',(-2.77555756156289E-16,-24.8,6.93889390390723E-16));
#14529=CARTESIAN_POINT('Origin',(0.,-24.8,-6.2));
#14530=CARTESIAN_POINT('Origin',(-2.77555756156289E-16,-24.8,6.93889390390723E-16));
#14531=CARTESIAN_POINT('Origin',(0.,-24.8,-6.2));
#14532=CARTESIAN_POINT('Origin',(-2.77555756156289E-16,-24.8,6.93889390390723E-16));
#14533=CARTESIAN_POINT('Origin',(0.,-24.8,-6.2));
#14534=CARTESIAN_POINT('Origin',(-2.77555756156289E-16,-24.8,6.93889390390723E-16));
#14535=CARTESIAN_POINT('Origin',(0.,-24.8,-6.2));
#14536=CARTESIAN_POINT('Origin',(-2.77555756156289E-16,-24.8,6.93889390390723E-16));
#14537=CARTESIAN_POINT('Origin',(0.,-24.8,-6.2));
#14538=CARTESIAN_POINT('Origin',(-2.77555756156289E-16,-24.8,6.93889390390723E-16));
#14539=CARTESIAN_POINT('Origin',(0.,-24.8,-6.2));
#14540=CARTESIAN_POINT('Origin',(-2.77555756156289E-16,-24.8,6.93889390390723E-16));
#14541=CARTESIAN_POINT('Origin',(0.,-24.8,-6.2));
#14542=CARTESIAN_POINT('Origin',(-2.77555756156289E-16,-24.8,6.93889390390723E-16));
#14543=CARTESIAN_POINT('Origin',(0.,-24.8,-6.2));
#14544=CARTESIAN_POINT('Origin',(-2.77555756156289E-16,-24.8,6.93889390390723E-16));
#14545=CARTESIAN_POINT('Origin',(0.,-24.8,-6.2));
#14546=CARTESIAN_POINT('Origin',(-2.77555756156289E-16,-24.8,6.93889390390723E-16));
#14547=CARTESIAN_POINT('Origin',(0.,-24.8,-6.2));
#14548=CARTESIAN_POINT('Origin',(-2.77555756156289E-16,-24.8,6.93889390390723E-16));
#14549=CARTESIAN_POINT('Origin',(0.,-24.8,-6.2));
#14550=CARTESIAN_POINT('Origin',(-2.77555756156289E-16,-24.8,6.93889390390723E-16));
#14551=CARTESIAN_POINT('Origin',(0.,-24.8,-6.2));
#14552=CARTESIAN_POINT('Origin',(-2.77555756156289E-16,-24.8,6.93889390390723E-16));
#14553=CARTESIAN_POINT('Origin',(0.,-24.8,-6.2));
#14554=CARTESIAN_POINT('Origin',(-2.77555756156289E-16,-24.8,6.93889390390723E-16));
#14555=CARTESIAN_POINT('Origin',(0.,-24.8,-6.2));
#14556=CARTESIAN_POINT('Origin',(-2.77555756156289E-16,-24.8,6.93889390390723E-16));
#14557=CARTESIAN_POINT('Origin',(0.,-24.8,-6.2));
#14558=CARTESIAN_POINT('Origin',(-2.77555756156289E-16,-24.8,6.93889390390723E-16));
#14559=CARTESIAN_POINT('Origin',(0.,-24.8,-6.2));
#14560=CARTESIAN_POINT('Origin',(-2.77555756156289E-16,-24.8,6.93889390390723E-16));
#14561=CARTESIAN_POINT('Origin',(0.,-24.8,-6.2));
#14562=CARTESIAN_POINT('Origin',(-2.77555756156289E-16,-24.8,6.93889390390723E-16));
#14563=CARTESIAN_POINT('Origin',(0.,-24.8,-6.2));
#14564=CARTESIAN_POINT('Origin',(-2.77555756156289E-16,-24.8,6.93889390390723E-16));
#14565=CARTESIAN_POINT('Origin',(0.,-24.8,-6.2));
#14566=CARTESIAN_POINT('Origin',(-2.77555756156289E-16,-24.8,6.93889390390723E-16));
#14567=CARTESIAN_POINT('Origin',(0.,-24.8,-6.2));
#14568=CARTESIAN_POINT('Origin',(-2.77555756156289E-16,-24.8,6.93889390390723E-16));
#14569=CARTESIAN_POINT('Origin',(0.,-24.8,-6.2));
#14570=CARTESIAN_POINT('Origin',(-2.77555756156289E-16,-24.8,6.93889390390723E-16));
#14571=CARTESIAN_POINT('Origin',(0.,-24.8,-6.2));
#14572=CARTESIAN_POINT('Origin',(-2.77555756156289E-16,-24.8,6.93889390390723E-16));
#14573=CARTESIAN_POINT('Origin',(0.,-24.8,-6.2));
#14574=CARTESIAN_POINT('Origin',(-2.77555756156289E-16,-24.8,6.93889390390723E-16));
#14575=CARTESIAN_POINT('Origin',(0.,-24.8,-6.2));
#14576=CARTESIAN_POINT('Origin',(-2.77555756156289E-16,-24.8,6.93889390390723E-16));
#14577=CARTESIAN_POINT('Origin',(0.,-24.8,-6.2));
#14578=CARTESIAN_POINT('Origin',(-2.77555756156289E-16,-24.8,6.93889390390723E-16));
#14579=CARTESIAN_POINT('Origin',(0.,-24.8,-6.2));
#14580=CARTESIAN_POINT('Origin',(-2.77555756156289E-16,-24.8,6.93889390390723E-16));
#14581=CARTESIAN_POINT('Origin',(0.,-24.8,-6.2));
#14582=CARTESIAN_POINT('Origin',(-2.77555756156289E-16,-24.8,6.93889390390723E-16));
#14583=CARTESIAN_POINT('Origin',(0.,-24.8,-6.2));
#14584=CARTESIAN_POINT('Origin',(-2.77555756156289E-16,-24.8,6.93889390390723E-16));
#14585=CARTESIAN_POINT('Origin',(0.,-24.8,-6.2));
#14586=CARTESIAN_POINT('Origin',(-2.77555756156289E-16,-24.8,6.93889390390723E-16));
#14587=CARTESIAN_POINT('Origin',(0.,-24.8,-6.2));
#14588=CARTESIAN_POINT('Origin',(-2.77555756156289E-16,-24.8,6.93889390390723E-16));
#14589=CARTESIAN_POINT('Origin',(0.,-24.8,-6.2));
#14590=CARTESIAN_POINT('Origin',(-2.77555756156289E-16,-24.8,6.93889390390723E-16));
#14591=CARTESIAN_POINT('Origin',(0.,-24.8,-6.2));
#14592=CARTESIAN_POINT('Origin',(-2.77555756156289E-16,-24.8,6.93889390390723E-16));
#14593=CARTESIAN_POINT('Origin',(0.,-24.8,-6.2));
#14594=CARTESIAN_POINT('Origin',(-2.77555756156289E-16,-24.8,6.93889390390723E-16));
#14595=CARTESIAN_POINT('Origin',(0.,-24.8,-6.2));
#14596=CARTESIAN_POINT('Origin',(-2.77555756156289E-16,-24.8,6.93889390390723E-16));
#14597=CARTESIAN_POINT('Origin',(0.,-24.8,-6.2));
#14598=CARTESIAN_POINT('Origin',(-2.77555756156289E-16,-24.8,6.93889390390723E-16));
#14599=CARTESIAN_POINT('Origin',(0.,-24.8,-6.2));
#14600=CARTESIAN_POINT('Origin',(-2.77555756156289E-16,-24.8,6.93889390390723E-16));
#14601=CARTESIAN_POINT('Origin',(0.,-24.8,-6.2));
#14602=CARTESIAN_POINT('Origin',(-2.77555756156289E-16,-24.8,6.93889390390723E-16));
#14603=CARTESIAN_POINT('Origin',(0.,-24.8,-6.2));
#14604=CARTESIAN_POINT('Origin',(-2.77555756156289E-16,-24.8,6.93889390390723E-16));
#14605=CARTESIAN_POINT('Origin',(0.,-24.8,-6.2));
#14606=CARTESIAN_POINT('Origin',(-2.77555756156289E-16,-24.8,6.93889390390723E-16));
#14607=CARTESIAN_POINT('Origin',(0.,-24.8,-6.2));
#14608=CARTESIAN_POINT('Origin',(-2.77555756156289E-16,-24.8,6.93889390390723E-16));
#14609=CARTESIAN_POINT('Origin',(0.,-24.8,-6.2));
#14610=CARTESIAN_POINT('Origin',(-2.77555756156289E-16,-24.8,6.93889390390723E-16));
#14611=CARTESIAN_POINT('Origin',(-2.77555756156289E-16,-24.75,6.93889390390723E-16));
#14612=CARTESIAN_POINT('',(-1.03683677162765E-15,-24.75,-6.2));
#14613=CARTESIAN_POINT('Ctrl Pts',(-0.0485849473241041,-24.7973297985509,
-6.16592969786425));
#14614=CARTESIAN_POINT('Ctrl Pts',(-0.0468842497675422,-24.7957358920055,
-6.17062277767206));
#14615=CARTESIAN_POINT('Ctrl Pts',(-0.0445859095569549,-24.7935310916718,
-6.17484613699263));
#14616=CARTESIAN_POINT('Ctrl Pts',(-0.0383881035714886,-24.7875386860575,
-6.18343941321046));
#14617=CARTESIAN_POINT('Ctrl Pts',(-0.0342168783468539,-24.7834754757243,
-6.18742769067952));
#14618=CARTESIAN_POINT('Ctrl Pts',(-0.0252128801683778,-24.7746850988271,
-6.19377691372804));
#14619=CARTESIAN_POINT('Ctrl Pts',(-0.0203041423649775,-24.7698826875451,
-6.19613125830211));
#14620=CARTESIAN_POINT('Ctrl Pts',(-0.0104211005175038,-24.7602078410088,
-6.19919613414329));
#14621=CARTESIAN_POINT('Ctrl Pts',(-0.00539240912721899,-24.7552820528895,
-6.19996103764733));
#14622=CARTESIAN_POINT('Ctrl Pts',(-0.000258189579133135,-24.7502529057855,
-6.19999951625968));
#14623=CARTESIAN_POINT('Ctrl Pts',(-0.000129094566683061,-24.7501264526746,
-6.2));
#14624=CARTESIAN_POINT('Ctrl Pts',(-1.03683677162765E-15,-24.75,-6.2));
#14625=CARTESIAN_POINT('',(0.0485849473241018,-24.7973297985509,-6.16592969786426));
#14626=CARTESIAN_POINT('Ctrl Pts',(-1.03683677162765E-15,-24.75,-6.2));
#14627=CARTESIAN_POINT('Ctrl Pts',(0.000129094566672663,-24.7501264526745,
-6.2));
#14628=CARTESIAN_POINT('Ctrl Pts',(0.000258189579116718,-24.7502529057855,
-6.19999951625968));
#14629=CARTESIAN_POINT('Ctrl Pts',(0.0053924091273292,-24.7552820528894,
-6.19996103764733));
#14630=CARTESIAN_POINT('Ctrl Pts',(0.0104211005174899,-24.7602078410087,
-6.19919613414329));
#14631=CARTESIAN_POINT('Ctrl Pts',(0.0203041423649678,-24.769882687545,
-6.19613125830211));
#14632=CARTESIAN_POINT('Ctrl Pts',(0.0252128801683681,-24.7746850988271,
-6.19377691372804));
#14633=CARTESIAN_POINT('Ctrl Pts',(0.0342168783468534,-24.7834754757243,
-6.18742769067952));
#14634=CARTESIAN_POINT('Ctrl Pts',(0.0383881035714852,-24.7875386860575,
-6.18343941321046));
#14635=CARTESIAN_POINT('Ctrl Pts',(0.0445859095569424,-24.7935310916718,
-6.17484613699265));
#14636=CARTESIAN_POINT('Ctrl Pts',(0.0468842497675374,-24.7957358920055,
-6.17062277767207));
#14637=CARTESIAN_POINT('Ctrl Pts',(0.0485849473241016,-24.7973297985509,
-6.16592969786426));
#14638=CARTESIAN_POINT('Ctrl Pts',(0.0485849473240958,-24.7973297985509,
-6.16592969786426));
#14639=CARTESIAN_POINT('Ctrl Pts',(0.0504523401246593,-24.7990799331332,
-6.16077662205031));
#14640=CARTESIAN_POINT('Ctrl Pts',(0.0525872256463099,-24.8,-6.15488539930176));
#14641=CARTESIAN_POINT('Ctrl Pts',(0.0544449516220321,-24.8,-6.14975899911882));
#14642=CARTESIAN_POINT('Origin',(-2.77555756156289E-16,-24.75,6.93889390390723E-16));
#14643=CARTESIAN_POINT('Origin',(-2.77555756156289E-16,-24.75,6.93889390390723E-16));
#14644=CARTESIAN_POINT('Origin',(-2.77555756156289E-16,-24.75,6.93889390390723E-16));
#14645=CARTESIAN_POINT('Origin',(-2.77555756156289E-16,-24.75,6.93889390390723E-16));
#14646=CARTESIAN_POINT('Origin',(-2.77555756156289E-16,-24.75,6.93889390390723E-16));
#14647=CARTESIAN_POINT('Origin',(-2.77555756156289E-16,-24.75,6.93889390390723E-16));
#14648=CARTESIAN_POINT('Origin',(-2.77555756156289E-16,-24.75,6.93889390390723E-16));
#14649=CARTESIAN_POINT('Origin',(-2.77555756156289E-16,-24.75,6.93889390390723E-16));
#14650=CARTESIAN_POINT('Origin',(-2.77555756156289E-16,-24.75,6.93889390390723E-16));
#14651=CARTESIAN_POINT('Origin',(-2.77555756156289E-16,-24.75,6.93889390390723E-16));
#14652=CARTESIAN_POINT('Origin',(-2.77555756156289E-16,-24.75,6.93889390390723E-16));
#14653=CARTESIAN_POINT('Origin',(-2.77555756156289E-16,-24.75,6.93889390390723E-16));
#14654=CARTESIAN_POINT('Origin',(-2.77555756156289E-16,-24.75,6.93889390390723E-16));
#14655=CARTESIAN_POINT('Origin',(-2.77555756156289E-16,-24.75,6.93889390390723E-16));
#14656=CARTESIAN_POINT('Origin',(-2.77555756156289E-16,-24.75,6.93889390390723E-16));
#14657=CARTESIAN_POINT('Origin',(-2.77555756156289E-16,-24.75,6.93889390390723E-16));
#14658=CARTESIAN_POINT('Origin',(-2.77555756156289E-16,-24.75,6.93889390390723E-16));
#14659=CARTESIAN_POINT('Origin',(-2.77555756156289E-16,-24.75,6.93889390390723E-16));
#14660=CARTESIAN_POINT('Origin',(-2.77555756156289E-16,-24.75,6.93889390390723E-16));
#14661=CARTESIAN_POINT('Origin',(-2.77555756156289E-16,-24.75,6.93889390390723E-16));
#14662=CARTESIAN_POINT('Origin',(-2.77555756156289E-16,-24.75,6.93889390390723E-16));
#14663=CARTESIAN_POINT('Origin',(-2.77555756156289E-16,-24.75,6.93889390390723E-16));
#14664=CARTESIAN_POINT('Origin',(-2.77555756156289E-16,-24.75,6.93889390390723E-16));
#14665=CARTESIAN_POINT('Origin',(-2.77555756156289E-16,-24.75,6.93889390390723E-16));
#14666=CARTESIAN_POINT('Origin',(-2.77555756156289E-16,-24.75,6.93889390390723E-16));
#14667=CARTESIAN_POINT('Origin',(-2.77555756156289E-16,-24.75,6.93889390390723E-16));
#14668=CARTESIAN_POINT('Origin',(-2.77555756156289E-16,-24.75,6.93889390390723E-16));
#14669=CARTESIAN_POINT('Origin',(-2.77555756156289E-16,-24.75,6.93889390390723E-16));
#14670=CARTESIAN_POINT('Origin',(-2.77555756156289E-16,-24.75,6.93889390390723E-16));
#14671=CARTESIAN_POINT('Origin',(-2.77555756156289E-16,-24.75,6.93889390390723E-16));
#14672=CARTESIAN_POINT('Origin',(-2.77555756156289E-16,-24.75,6.93889390390723E-16));
#14673=CARTESIAN_POINT('Origin',(-2.77555756156289E-16,-24.75,6.93889390390723E-16));
#14674=CARTESIAN_POINT('Origin',(-2.77555756156289E-16,-24.75,6.93889390390723E-16));
#14675=CARTESIAN_POINT('Origin',(-2.77555756156289E-16,-24.75,6.93889390390723E-16));
#14676=CARTESIAN_POINT('Origin',(-2.77555756156289E-16,-24.75,6.93889390390723E-16));
#14677=CARTESIAN_POINT('Origin',(-2.77555756156289E-16,-24.75,6.93889390390723E-16));
#14678=CARTESIAN_POINT('Origin',(-2.77555756156289E-16,-24.75,6.93889390390723E-16));
#14679=CARTESIAN_POINT('Origin',(-2.77555756156289E-16,-24.75,6.93889390390723E-16));
#14680=CARTESIAN_POINT('Origin',(-2.77555756156289E-16,-24.75,6.93889390390723E-16));
#14681=CARTESIAN_POINT('Origin',(-2.77555756156289E-16,-24.75,6.93889390390723E-16));
#14682=CARTESIAN_POINT('Origin',(-2.77555756156289E-16,-24.75,6.93889390390723E-16));
#14683=CARTESIAN_POINT('Origin',(-2.77555756156289E-16,-24.75,6.93889390390723E-16));
#14684=CARTESIAN_POINT('Origin',(0.,0.,0.));
#14685=CARTESIAN_POINT('',(-2.375,-25.6,-2.90853614797496E-16));
#14686=CARTESIAN_POINT('Origin',(0.,-25.6,0.));
#14687=CARTESIAN_POINT('',(-2.375,0.,-2.90853614797496E-16));
#14688=CARTESIAN_POINT('Origin',(0.,-25.1,0.));
#14689=CARTESIAN_POINT('Origin',(0.,-25.1,0.));
#14690=CARTESIAN_POINT('Origin',(0.,-25.1,0.));
#14691=CARTESIAN_POINT('Origin',(0.,-25.1,0.));
#14692=CARTESIAN_POINT('Origin',(-2.77555756156289E-16,-24.75,6.93889390390723E-16));
#14693=CARTESIAN_POINT('Origin',(-2.77555756156289E-16,-24.8,6.93889390390723E-16));
#14694=CARTESIAN_POINT('Origin',(0.,-24.8,-6.2));
#14695=CARTESIAN_POINT('Origin',(0.,-24.8,0.));
#14696=CARTESIAN_POINT('Origin',(0.048584947324096,-25.6,-6.16592969786426));
#14697=CARTESIAN_POINT('',(0.0485849473241018,-1.45,-6.16592969786426));
#14698=CARTESIAN_POINT('',(0.0485849473241018,-25.6,-6.16592969786426));
#14699=CARTESIAN_POINT('',(0.323839879864836,-1.45,-5.40636291838592));
#14700=CARTESIAN_POINT('',(0.12263009732787,-1.45,-5.96160189307175));
#14701=CARTESIAN_POINT('',(0.323839879864836,-25.6,-5.40636291838592));
#14702=CARTESIAN_POINT('Origin',(-2.77555756156289E-16,-25.6,-6.14832328489373));
#14703=CARTESIAN_POINT('Origin',(-2.77555756156289E-16,-1.45,-6.14832328489373));
#14704=CARTESIAN_POINT('Origin',(0.,-24.7886948345591,0.));
#14705=CARTESIAN_POINT('Origin',(0.388342500643404,-25.6,-5.42973764330912));
#14706=CARTESIAN_POINT('Origin',(0.388342500643404,-1.45,-5.42973764330912));
#14707=CARTESIAN_POINT('Origin',(0.,-24.4143965553373,0.));
#14708=CARTESIAN_POINT('Origin',(0.,-24.4143965553373,0.));
#14709=CARTESIAN_POINT('Origin',(0.,-24.4143965553373,0.));
#14710=CARTESIAN_POINT('Origin',(0.,-24.4143965553373,0.));
#14711=CARTESIAN_POINT('Origin',(0.,-0.1,0.));
#14712=CARTESIAN_POINT('',(-8.38883057415937E-16,0.,-6.85));
#14713=CARTESIAN_POINT('Origin',(0.,0.,0.));
#14714=CARTESIAN_POINT('',(-8.51129525407411E-16,-0.1,-6.95));
#14715=CARTESIAN_POINT('Origin',(-8.38883057415937E-16,-0.1,-6.85));
#14716=CARTESIAN_POINT('',(6.95,-0.1,8.51129525407411E-16));
#14717=CARTESIAN_POINT('Origin',(0.,-0.1,0.));
#14718=CARTESIAN_POINT('Origin',(0.,-0.1,0.));
#14719=CARTESIAN_POINT('Origin',(0.,0.,0.));
#14720=CARTESIAN_POINT('',(-6.73555739531044E-16,0.,5.5));
#14721=CARTESIAN_POINT('Origin',(0.,0.,0.));
#14722=CARTESIAN_POINT('Origin',(0.,0.,0.));
#14723=CARTESIAN_POINT('',(6.95,-1.45,8.51129525407411E-16));
#14724=CARTESIAN_POINT('Origin',(0.,-1.45,0.));
#14725=CARTESIAN_POINT('',(6.95,0.,8.51129525407411E-16));
#14726=CARTESIAN_POINT('Origin',(0.,1.5,0.));
#14727=CARTESIAN_POINT('',(-5.38844591624835E-16,1.6,-4.4));
#14728=CARTESIAN_POINT('Origin',(0.,1.6,0.));
#14729=CARTESIAN_POINT('',(-5.51091059616309E-16,1.5,-4.5));
#14730=CARTESIAN_POINT('Origin',(-5.38844591624835E-16,1.5,-4.4));
#14731=CARTESIAN_POINT('',(4.5,1.5,-5.51091059616309E-16));
#14732=CARTESIAN_POINT('Origin',(0.,1.5,0.));
#14733=CARTESIAN_POINT('Origin',(0.,1.5,0.));
#14734=CARTESIAN_POINT('Origin',(0.,0.,0.));
#14735=CARTESIAN_POINT('',(4.5,1.,-5.51091059616309E-16));
#14736=CARTESIAN_POINT('',(4.5,0.,-5.51091059616309E-16));
#14737=CARTESIAN_POINT('',(-5.51091059616309E-16,1.,4.5));
#14738=CARTESIAN_POINT('Origin',(0.,1.,0.));
#14739=CARTESIAN_POINT('Origin',(0.,1.,0.));
#14740=CARTESIAN_POINT('Origin',(0.,1.6,0.));
#14741=CARTESIAN_POINT('Origin',(0.,1.,0.));
#14742=CARTESIAN_POINT('Origin',(-6.73555739531044E-16,1.,5.5));
#14743=CARTESIAN_POINT('Origin',(0.,-1.45,0.));
#14744=CARTESIAN_POINT('Origin',(0.,-25.6,0.));
#14745=UNCERTAINTY_MEASURE_WITH_UNIT(LENGTH_MEASURE(0.01),#14749,
'DISTANCE_ACCURACY_VALUE',
'Maximum model space distance between geometric entities at asserted c
onnectivities');
#14746=UNCERTAINTY_MEASURE_WITH_UNIT(LENGTH_MEASURE(0.01),#14749,
'DISTANCE_ACCURACY_VALUE',
'Maximum model space distance between geometric entities at asserted c
onnectivities');
#14747=(
GEOMETRIC_REPRESENTATION_CONTEXT(3)
GLOBAL_UNCERTAINTY_ASSIGNED_CONTEXT((#14745))
GLOBAL_UNIT_ASSIGNED_CONTEXT((#14749,#14751,#14752))
REPRESENTATION_CONTEXT('','3D')
);
#14748=(
GEOMETRIC_REPRESENTATION_CONTEXT(3)
GLOBAL_UNCERTAINTY_ASSIGNED_CONTEXT((#14746))
GLOBAL_UNIT_ASSIGNED_CONTEXT((#14749,#14751,#14752))
REPRESENTATION_CONTEXT('','3D')
);
#14749=(
LENGTH_UNIT()
NAMED_UNIT(*)
SI_UNIT(.MILLI.,.METRE.)
);
#14750=(
LENGTH_UNIT()
NAMED_UNIT(*)
SI_UNIT(.CENTI.,.METRE.)
);
#14751=(
NAMED_UNIT(*)
PLANE_ANGLE_UNIT()
SI_UNIT($,.RADIAN.)
);
#14752=(
NAMED_UNIT(*)
SI_UNIT($,.STERADIAN.)
SOLID_ANGLE_UNIT()
);
#14753=SHAPE_DEFINITION_REPRESENTATION(#14754,#14755);
#14754=PRODUCT_DEFINITION_SHAPE('',$,#14757);
#14755=SHAPE_REPRESENTATION('',(#7034),#14747);
#14756=PRODUCT_DEFINITION_CONTEXT('part definition',#14761,'design');
#14757=PRODUCT_DEFINITION('Omni Wheel Lego Shaft',
'Omni Wheel Lego Shaft Coupling',#14758,#14756);
#14758=PRODUCT_DEFINITION_FORMATION('',$,#14763);
#14759=PRODUCT_RELATED_PRODUCT_CATEGORY(
'Omni Wheel Lego Shaft Coupling','Omni Wheel Lego Shaft Coupling',(#14763));
#14760=APPLICATION_PROTOCOL_DEFINITION('international standard',
'automotive_design',2009,#14761);
#14761=APPLICATION_CONTEXT(
'Core Data for Automotive Mechanical Design Process');
#14762=PRODUCT_CONTEXT('part definition',#14761,'mechanical');
#14763=PRODUCT('Omni Wheel Lego Shaft','Omni Wheel Lego Shaft Coupling',
$,(#14762));
#14764=PRESENTATION_STYLE_ASSIGNMENT((#14765));
#14765=SURFACE_STYLE_USAGE(.BOTH.,#14768);
#14766=SURFACE_STYLE_RENDERING_WITH_PROPERTIES($,#14772,(#14767));
#14767=SURFACE_STYLE_TRANSPARENT(0.);
#14768=SURFACE_SIDE_STYLE('',(#14769,#14766));
#14769=SURFACE_STYLE_FILL_AREA(#14770);
#14770=FILL_AREA_STYLE('',(#14771));
#14771=FILL_AREA_STYLE_COLOUR('',#14772);
#14772=COLOUR_RGB('',0.364705882352941,0.364705882352941,0.364705882352941);
ENDSEC;
END-ISO-10303-21;
