ISO-10303-21;
HEADER;
FILE_DESCRIPTION (( 'STEP AP214' ),
    '1' );
FILE_NAME ('Copy of Part1^top motor drive.STEP',
    '2026-08-05T13:17:04',
    ( '' ),
    ( '' ),
    'SwSTEP 2.0',
    'SolidWorks 2025',
    '' );
FILE_SCHEMA (( 'AUTOMOTIVE_DESIGN' ));
ENDSEC;

DATA;
#1 = ORIENTED_EDGE ( 'NONE', *, *, #811, .T. ) ;
#2 = CARTESIAN_POINT ( 'NONE',  ( 1.707919836749405507, 1.500000000000000000, -7.958203932499064770 ) ) ;
#3 = CARTESIAN_POINT ( 'NONE',  ( 11.59812687119611496, -1.500000000000000000, 11.60711068600014606 ) ) ;
#4 = EDGE_LOOP ( 'NONE', ( #3572, #3648, #1209, #3262 ) ) ;
#5 = EDGE_LOOP ( 'NONE', ( #3301, #3218, #235, #1781 ) ) ;
#6 = ADVANCED_FACE ( 'NONE', ( #92 ), #637, .T. ) ;
#7 = CARTESIAN_POINT ( 'NONE',  ( 3.264635279283078617, -1.500000000000000000, 16.99999999999987566 ) ) ;
#8 = DIRECTION ( 'NONE',  ( 1.734723475976808672E-15, 0.000000000000000000, 1.000000000000000000 ) ) ;
#9 = VERTEX_POINT ( 'NONE', #2052 ) ;
#10 = DIRECTION ( 'NONE',  ( 2.602085213965208275E-15, 0.000000000000000000, 1.000000000000000000 ) ) ;
#11 = DIRECTION ( 'NONE',  ( 0.000000000000000000, 0.000000000000000000, 1.000000000000000000 ) ) ;
#12 = CARTESIAN_POINT ( 'NONE',  ( -23.09401076758504345, 1.500000000000000000, 1.612646152681311659E-13 ) ) ;
#13 = ORIENTED_EDGE ( 'NONE', *, *, #1315, .T. ) ;
#14 = CARTESIAN_POINT ( 'NONE',  ( 16.35474950397707161, 1.500000000000000000, 5.672742914049951679 ) ) ;
#15 = VECTOR ( 'NONE', #1379, 1000.000000000000114 ) ;
#16 = DIRECTION ( 'NONE',  ( 0.000000000000000000, 1.000000000000000000, 0.000000000000000000 ) ) ;
#17 = EDGE_CURVE ( 'NONE', #3224, #1507, #2108, .T. ) ;
#18 = ORIENTED_EDGE ( 'NONE', *, *, #1655, .T. ) ;
#19 = FACE_OUTER_BOUND ( 'NONE', #2966, .T. ) ;
#20 = DIRECTION ( 'NONE',  ( 0.000000000000000000, 1.000000000000000000, 0.000000000000000000 ) ) ;
#21 = EDGE_CURVE ( 'NONE', #631, #3243, #3279, .T. ) ;
#22 = ADVANCED_FACE ( 'NONE', ( #1800 ), #2922, .F. ) ;
#23 = EDGE_CURVE ( 'NONE', #1996, #3275, #3440, .T. ) ;
#24 = ORIENTED_EDGE ( 'NONE', *, *, #3499, .T. ) ;
#25 = ORIENTED_EDGE ( 'NONE', *, *, #2690, .T. ) ;
#26 = LINE ( 'NONE', #1171, #538 ) ;
#27 = CARTESIAN_POINT ( 'NONE',  ( 13.09011422469398589, -1.500000000000000000, 11.32725708595013181 ) ) ;
#28 = EDGE_CURVE ( 'NONE', #776, #3224, #3561, .T. ) ;
#29 = ORIENTED_EDGE ( 'NONE', *, *, #2807, .F. ) ;
#30 = DIRECTION ( 'NONE',  ( 0.000000000000000000, 0.000000000000000000, 1.000000000000000000 ) ) ;
#31 = ORIENTED_EDGE ( 'NONE', *, *, #724, .F. ) ;
#32 = CARTESIAN_POINT ( 'NONE',  ( 23.09401076758504701, 1.500000000000000000, 0.000000000000000000 ) ) ;
#33 = ORIENTED_EDGE ( 'NONE', *, *, #2802, .F. ) ;
#34 = DIRECTION ( 'NONE',  ( 0.8660254037844384856, -0.000000000000000000, 0.5000000000000004441 ) ) ;
#35 = EDGE_LOOP ( 'NONE', ( #3175, #2769, #899, #55 ) ) ;
#36 = CYLINDRICAL_SURFACE ( 'NONE', #951, 1.000000000000000888 ) ;
#37 = ORIENTED_EDGE ( 'NONE', *, *, #2055, .F. ) ;
#38 = VECTOR ( 'NONE', #2047, 1000.000000000000000 ) ;
#39 = DIRECTION ( 'NONE',  ( -1.000000000000000000, 0.000000000000000000, 0.000000000000000000 ) ) ;
#40 = DIRECTION ( 'NONE',  ( -1.000000000000000000, 0.000000000000000000, -0.000000000000000000 ) ) ;
#41 = VERTEX_POINT ( 'NONE', #1237 ) ;
#42 = ORIENTED_EDGE ( 'NONE', *, *, #2056, .F. ) ;
#43 = AXIS2_PLACEMENT_3D ( 'NONE', #84, #1232, #2119 ) ;
#44 = EDGE_CURVE ( 'NONE', #2321, #2087, #659, .T. ) ;
#45 = EDGE_CURVE ( 'NONE', #3252, #2019, #1881, .T. ) ;
#46 = CARTESIAN_POINT ( 'NONE',  ( 23.09401076758504701, 1.500000000000000000, 0.000000000000000000 ) ) ;
#47 = DIRECTION ( 'NONE',  ( 0.000000000000000000, 0.000000000000000000, 1.000000000000000000 ) ) ;
#48 = AXIS2_PLACEMENT_3D ( 'NONE', #1127, #2289, #3423 ) ;
#49 = AXIS2_PLACEMENT_3D ( 'NONE', #738, #1405, #2835 ) ;
#50 = ORIENTED_EDGE ( 'NONE', *, *, #2102, .T. ) ;
#51 = COLOUR_RGB ( '',0.7921568627450980005, 0.8196078431372548767, 0.9333333333333333481 ) ;
#52 = LINE ( 'NONE', #2342, #662 ) ;
#53 = PLANE ( 'NONE',  #2722 ) ;
#54 = CARTESIAN_POINT ( 'NONE',  ( 13.19273868914366332, 1.499999999999999556, -3.500000000000000444 ) ) ;
#55 = ORIENTED_EDGE ( 'NONE', *, *, #2210, .T. ) ;
#56 = EDGE_CURVE ( 'NONE', #1656, #1474, #2067, .T. ) ;
#57 = LINE ( 'NONE', #2076, #1289 ) ;
#58 = AXIS2_PLACEMENT_3D ( 'NONE', #2644, #2611, #2565 ) ;
#59 = LINE ( 'NONE', #2619, #2631 ) ;
#60 = EDGE_LOOP ( 'NONE', ( #1735, #3585, #3231, #2751 ) ) ;
#61 = CARTESIAN_POINT ( 'NONE',  ( -13.09011422469395036, 1.500000000000000000, -11.32725708595002878 ) ) ;
#62 = ORIENTED_EDGE ( 'NONE', *, *, #2938, .T. ) ;
#63 = LINE ( 'NONE', #1212, #3634 ) ;
#64 = LINE ( 'NONE', #1213, #3087 ) ;
#65 = EDGE_LOOP ( 'NONE', ( #2772, #2679 ) ) ;
#66 = LINE ( 'NONE', #2318, #2274 ) ;
#67 = CARTESIAN_POINT ( 'NONE',  ( 0.000000000000000000, -1.500000000000000000, 0.000000000000000000 ) ) ;
#68 = EDGE_CURVE ( 'NONE', #866, #953, #3416, .T. ) ;
#69 = EDGE_CURVE ( 'NONE', #577, #289, #52, .T. ) ;
#70 = ORIENTED_EDGE ( 'NONE', *, *, #1197, .F. ) ;
#71 = VERTEX_POINT ( 'NONE', #3206 ) ;
#72 = CARTESIAN_POINT ( 'NONE',  ( 0.000000000000000000, 8.500000000000000000, 0.000000000000000000 ) ) ;
#73 = DIRECTION ( 'NONE',  ( 0.000000000000000000, 0.000000000000000000, 1.000000000000000000 ) ) ;
#74 = DIRECTION ( 'NONE',  ( -0.000000000000000000, 1.000000000000000000, -0.000000000000000000 ) ) ;
#75 = ORIENTED_EDGE ( 'NONE', *, *, #3358, .T. ) ;
#76 = EDGE_CURVE ( 'NONE', #1634, #2013, #2221, .T. ) ;
#77 = ORIENTED_EDGE ( 'NONE', *, *, #2675, .F. ) ;
#78 = CYLINDRICAL_SURFACE ( 'NONE', #3186, 1.000000000000000000 ) ;
#79 = CARTESIAN_POINT ( 'NONE',  ( 16.35474950397699700, -1.500000000000000000, -5.672742914049922369 ) ) ;
#80 = EDGE_CURVE ( 'NONE', #520, #1507, #936, .T. ) ;
#81 = LINE ( 'NONE', #1788, #2103 ) ;
#82 = ORIENTED_EDGE ( 'NONE', *, *, #1208, .T. ) ;
#83 = CARTESIAN_POINT ( 'NONE',  ( 3.264635279283095937, 1.500000000000000000, -16.99999999999996447 ) ) ;
#84 = CARTESIAN_POINT ( 'NONE',  ( -15.48872410019255241, 1.499999999999999556, -5.172742914049911711 ) ) ;
#85 = VECTOR ( 'NONE', #2559, 1000.000000000000000 ) ;
#86 = ORIENTED_EDGE ( 'NONE', *, *, #3408, .T. ) ;
#87 = AXIS2_PLACEMENT_3D ( 'NONE', #1828, #940, #2618 ) ;
#88 = CYLINDRICAL_SURFACE ( 'NONE', #1430, 1.549999999999999378 ) ;
#89 = DIRECTION ( 'NONE',  ( -0.000000000000000000, -1.000000000000000000, -0.000000000000000000 ) ) ;
#90 = ORIENTED_EDGE ( 'NONE', *, *, #255, .T. ) ;
#91 = ADVANCED_FACE ( 'NONE', ( #3490 ), #3136, .F. ) ;
#92 = FACE_OUTER_BOUND ( 'NONE', #3615, .T. ) ;
#93 = DIRECTION ( 'NONE',  ( -0.000000000000000000, -1.000000000000000000, -0.000000000000000000 ) ) ;
#94 = DIRECTION ( 'NONE',  ( 0.000000000000000000, 0.000000000000000000, 1.000000000000000000 ) ) ;
#95 = ORIENTED_EDGE ( 'NONE', *, *, #997, .F. ) ;
#96 = EDGE_CURVE ( 'NONE', #2928, #1360, #1434, .T. ) ;
#97 = LINE ( 'NONE', #3496, #154 ) ;
#98 = EDGE_CURVE ( 'NONE', #184, #3384, #2302, .T. ) ;
#99 = CARTESIAN_POINT ( 'NONE',  ( 15.85111615421197584, 1.499999999999999556, 4.240717163770687748 ) ) ;
#100 = EDGE_CURVE ( 'NONE', #2219, #1719, #956, .T. ) ;
#101 = DIRECTION ( 'NONE',  ( 0.000000000000000000, 0.000000000000000000, -1.000000000000000000 ) ) ;
#102 = ORIENTED_EDGE ( 'NONE', *, *, #648, .F. ) ;
#103 = DIRECTION ( 'NONE',  ( 0.000000000000000000, 1.000000000000000000, -0.000000000000000000 ) ) ;
#104 = LINE ( 'NONE', #912, #652 ) ;
#105 = VERTEX_POINT ( 'NONE', #2710 ) ;
#106 = ORIENTED_EDGE ( 'NONE', *, *, #902, .T. ) ;
#107 = ADVANCED_FACE ( 'NONE', ( #2764 ), #3284, .F. ) ;
#108 = FACE_OUTER_BOUND ( 'NONE', #212, .T. ) ;
#109 = CARTESIAN_POINT ( 'NONE',  ( 3.565280431325201338, 8.500000000000000000, 13.17524685029107800 ) ) ;
#110 = CIRCLE ( 'NONE', #3656, 1.000000000000000000 ) ;
#111 = CIRCLE ( 'NONE', #2383, 4.549999999999997158 ) ;
#112 = DIRECTION ( 'NONE',  ( 0.000000000000000000, 0.000000000000000000, 1.000000000000000000 ) ) ;
#113 = ORIENTED_EDGE ( 'NONE', *, *, #1119, .F. ) ;
#114 = FACE_OUTER_BOUND ( 'NONE', #1673, .T. ) ;
#115 = CYLINDRICAL_SURFACE ( 'NONE', #1954, 1.000000000000000888 ) ;
#116 = AXIS2_PLACEMENT_3D ( 'NONE', #984, #3517, #1865 ) ;
#117 = ORIENTED_EDGE ( 'NONE', *, *, #3629, .F. ) ;
#118 = DIRECTION ( 'NONE',  ( 0.000000000000000000, 1.000000000000000000, 0.000000000000000000 ) ) ;
#119 = EDGE_CURVE ( 'NONE', #3570, #2028, #1135, .T. ) ;
#120 = AXIS2_PLACEMENT_3D ( 'NONE', #2886, #1466, #2614 ) ;
#121 = DIRECTION ( 'NONE',  ( -0.000000000000000000, 1.000000000000000000, -0.000000000000000000 ) ) ;
#122 = VERTEX_POINT ( 'NONE', #2419 ) ;
#123 = CARTESIAN_POINT ( 'NONE',  ( -23.09401076758504345, -1.500000000000000000, 1.612646152681311659E-13 ) ) ;
#124 = CARTESIAN_POINT ( 'NONE',  ( -7.745966692414834931, 8.500000000000000000, 3.499999999999999556 ) ) ;
#125 = AXIS2_PLACEMENT_3D ( 'NONE', #3200, #1818, #933 ) ;
#126 = EDGE_CURVE ( 'NONE', #918, #1823, #2475, .T. ) ;
#127 = EDGE_LOOP ( 'NONE', ( #309, #1045, #935, #2301 ) ) ;
#128 = DIRECTION ( 'NONE',  ( 0.4999999999999997780, -0.000000000000000000, 0.8660254037844387076 ) ) ;
#129 = CARTESIAN_POINT ( 'NONE',  ( -7.745966692414834931, 8.500000000000000000, -3.500000000000000444 ) ) ;
#130 = ADVANCED_FACE ( 'NONE', ( #3530 ), #1907, .T. ) ;
#131 = ORIENTED_EDGE ( 'NONE', *, *, #1241, .F. ) ;
#132 = EDGE_CURVE ( 'NONE', #927, #745, #838, .T. ) ;
#133 = PLANE ( 'NONE',  #3500 ) ;
#134 = CARTESIAN_POINT ( 'NONE',  ( -17.50000000000000000, 8.500000000000000000, 1.769808360342463528E-14 ) ) ;
#135 = ORIENTED_EDGE ( 'NONE', *, *, #1931, .F. ) ;
#136 = ORIENTED_EDGE ( 'NONE', *, *, #3466, .T. ) ;
#137 = ORIENTED_EDGE ( 'NONE', *, *, #1552, .T. ) ;
#138 = CIRCLE ( 'NONE', #1090, 1.000000000000000888 ) ;
#139 = FACE_OUTER_BOUND ( 'NONE', #2264, .T. ) ;
#140 =( NAMED_UNIT ( * ) PLANE_ANGLE_UNIT ( ) SI_UNIT ( $, .RADIAN. ) );
#141 = VERTEX_POINT ( 'NONE', #1617 ) ;
#142 = PLANE ( 'NONE',  #2330 ) ;
#143 = CARTESIAN_POINT ( 'NONE',  ( -8.749999999999996447, -1.500000000000000000, 16.70544456622769047 ) ) ;
#144 = AXIS2_PLACEMENT_3D ( 'NONE', #2615, #2905, #30 ) ;
#145 = CARTESIAN_POINT ( 'NONE',  ( 14.72243186433544437, 1.500000000000000000, -8.499999999999994671 ) ) ;
#146 = ORIENTED_EDGE ( 'NONE', *, *, #1149, .F. ) ;
#147 = DIRECTION ( 'NONE',  ( 0.000000000000000000, 0.000000000000000000, 1.000000000000000000 ) ) ;
#148 = ADVANCED_FACE ( 'NONE', ( #3511 ), #133, .F. ) ;
#149 = LINE ( 'NONE', #3509, #1866 ) ;
#150 = AXIS2_PLACEMENT_3D ( 'NONE', #2755, #3592, #794 ) ;
#151 = VECTOR ( 'NONE', #3083, 1000.000000000000000 ) ;
#152 = CARTESIAN_POINT ( 'NONE',  ( -14.72243186433538575, 8.500000000000000000, 8.500000000000119016 ) ) ;
#153 = CYLINDRICAL_SURFACE ( 'NONE', #1705, 4.549999999999999822 ) ;
#154 = VECTOR ( 'NONE', #2114, 1000.000000000000000 ) ;
#155 = ORIENTED_EDGE ( 'NONE', *, *, #2654, .F. ) ;
#156 = CARTESIAN_POINT ( 'NONE',  ( -9.469357670820308215, 1.499999999999999556, 10.66266986216874635 ) ) ;
#157 = ORIENTED_EDGE ( 'NONE', *, *, #2938, .F. ) ;
#158 = CARTESIAN_POINT ( 'NONE',  ( 12.22408882090945781, 8.500000000000000000, -11.82725708595005720 ) ) ;
#159 = DIRECTION ( 'NONE',  ( 0.000000000000000000, 0.000000000000000000, -1.000000000000000000 ) ) ;
#160 = DIRECTION ( 'NONE',  ( 0.000000000000000000, 1.000000000000000000, 0.000000000000000000 ) ) ;
#161 = ORIENTED_EDGE ( 'NONE', *, *, #3343, .T. ) ;
#162 = CARTESIAN_POINT ( 'NONE',  ( 0.000000000000000000, 0.5000000000000000000, 0.000000000000000000 ) ) ;
#163 = DIRECTION ( 'NONE',  ( -0.000000000000000000, 1.000000000000000000, -0.000000000000000000 ) ) ;
#164 = EDGE_CURVE ( 'NONE', #2167, #380, #3215, .T. ) ;
#165 = DIRECTION ( 'NONE',  ( 0.000000000000000000, 0.000000000000000000, -1.000000000000000000 ) ) ;
#166 = ORIENTED_EDGE ( 'NONE', *, *, #1251, .T. ) ;
#167 = LINE ( 'NONE', #1545, #1522 ) ;
#168 = VECTOR ( 'NONE', #934, 1000.000000000000000 ) ;
#169 = ORIENTED_EDGE ( 'NONE', *, *, #874, .F. ) ;
#170 = VECTOR ( 'NONE', #1749, 1000.000000000000114 ) ;
#171 = ORIENTED_EDGE ( 'NONE', *, *, #3499, .F. ) ;
#172 = CARTESIAN_POINT ( 'NONE',  ( -12.22408882090950932, 8.500000000000000000, -11.82725708595003233 ) ) ;
#173 = AXIS2_PLACEMENT_3D ( 'NONE', #3254, #2947, #2077 ) ;
#174 = ORIENTED_EDGE ( 'NONE', *, *, #2084, .T. ) ;
#175 = CARTESIAN_POINT ( 'NONE',  ( -13.09011422469395036, -1.500000000000000000, -11.32725708595002700 ) ) ;
#176 = CARTESIAN_POINT ( 'NONE',  ( -2.165063509463149405, 1.500000000000000000, 1.250000000001184386 ) ) ;
#177 = LINE ( 'NONE', #1148, #3151 ) ;
#178 = DIRECTION ( 'NONE',  ( 0.000000000000000000, 1.000000000000000000, 0.000000000000000000 ) ) ;
#179 = DIRECTION ( 'NONE',  ( 0.000000000000000000, 1.000000000000000000, 0.000000000000000000 ) ) ;
#180 = ORIENTED_EDGE ( 'NONE', *, *, #1819, .F. ) ;
#181 = DIRECTION ( 'NONE',  ( 0.000000000000000000, 1.000000000000000000, 0.000000000000000000 ) ) ;
#182 = FACE_OUTER_BOUND ( 'NONE', #127, .T. ) ;
#183 = EDGE_CURVE ( 'NONE', #1465, #1204, #1260, .T. ) ;
#184 = VERTEX_POINT ( 'NONE', #714 ) ;
#185 = EDGE_LOOP ( 'NONE', ( #431, #2105, #2279, #1852 ) ) ;
#186 = ORIENTED_EDGE ( 'NONE', *, *, #1033, .T. ) ;
#187 = ADVANCED_FACE ( 'NONE', ( #2997 ), #1879, .F. ) ;
#188 = CARTESIAN_POINT ( 'NONE',  ( 14.72243186433557405, -1.500000000000000000, 8.499999999999957367 ) ) ;
#189 = CYLINDRICAL_SURFACE ( 'NONE', #1019, 2.600000000000000089 ) ;
#190 = DIRECTION ( 'NONE',  ( -0.000000000000000000, -1.000000000000000000, -0.000000000000000000 ) ) ;
#191 = DIRECTION ( 'NONE',  ( -0.000000000000000000, -1.000000000000000000, -0.000000000000000000 ) ) ;
#192 = AXIS2_PLACEMENT_3D ( 'NONE', #1732, #2339, #556 ) ;
#193 = LINE ( 'NONE', #2546, #1129 ) ;
#194 = CARTESIAN_POINT ( 'NONE',  ( -3.264635279283147007, 8.500000000000000000, -15.99999999999996270 ) ) ;
#195 = ORIENTED_EDGE ( 'NONE', *, *, #3514, .T. ) ;
#196 = DIRECTION ( 'NONE',  ( 0.000000000000000000, 0.000000000000000000, 1.000000000000000000 ) ) ;
#197 = ORIENTED_EDGE ( 'NONE', *, *, #3670, .T. ) ;
#198 = DIRECTION ( 'NONE',  ( -0.000000000000000000, 1.000000000000000000, -0.000000000000000000 ) ) ;
#199 = CIRCLE ( 'NONE', #688, 1.000000000000000000 ) ;
#200 = AXIS2_PLACEMENT_3D ( 'NONE', #1008, #2137, #1247 ) ;
#201 = ORIENTED_EDGE ( 'NONE', *, *, #2824, .T. ) ;
#202 = ORIENTED_EDGE ( 'NONE', *, *, #574, .T. ) ;
#203 = CIRCLE ( 'NONE', #690, 1.000000000000000888 ) ;
#204 = CARTESIAN_POINT ( 'NONE',  ( 4.252989283015858213, 1.499999999999999556, 15.84782784977065084 ) ) ;
#205 = EDGE_LOOP ( 'NONE', ( #903, #296, #1006, #1367 ) ) ;
#206 = EDGE_CURVE ( 'NONE', #677, #2013, #445, .T. ) ;
#207 = DIRECTION ( 'NONE',  ( -0.000000000000000000, 1.000000000000000000, -0.000000000000000000 ) ) ;
#208 = DIRECTION ( 'NONE',  ( -0.000000000000000000, -1.000000000000000000, -0.000000000000000000 ) ) ;
#209 = ORIENTED_EDGE ( 'NONE', *, *, #902, .F. ) ;
#210 = CARTESIAN_POINT ( 'NONE',  ( -11.59812687119609365, 1.499999999999999556, -11.60711068600005191 ) ) ;
#211 = DIRECTION ( 'NONE',  ( -0.000000000000000000, -1.000000000000000000, -0.000000000000000000 ) ) ;
#212 = EDGE_LOOP ( 'NONE', ( #240, #2727, #2284, #31 ) ) ;
#213 = CARTESIAN_POINT ( 'NONE',  ( 6.834676493307206613, 8.500000000000000000, -3.088235294117646745 ) ) ;
#214 = ORIENTED_EDGE ( 'NONE', *, *, #1432, .T. ) ;
#215 = DIRECTION ( 'NONE',  ( 0.4999999999999997780, 0.000000000000000000, 0.8660254037844387076 ) ) ;
#216 = ORIENTED_EDGE ( 'NONE', *, *, #2413, .F. ) ;
#217 = ORIENTED_EDGE ( 'NONE', *, *, #2508, .F. ) ;
#218 = VECTOR ( 'NONE', #1650, 1000.000000000000000 ) ;
#219 = VERTEX_POINT ( 'NONE', #1294 ) ;
#220 = ORIENTED_EDGE ( 'NONE', *, *, #3053, .T. ) ;
#221 = DIRECTION ( 'NONE',  ( 0.000000000000000000, 0.000000000000000000, -1.000000000000000000 ) ) ;
#222 = DIRECTION ( 'NONE',  ( 0.000000000000000000, 1.000000000000000000, 0.000000000000000000 ) ) ;
#223 = AXIS2_PLACEMENT_3D ( 'NONE', #1318, #1022, #3001 ) ;
#224 = CARTESIAN_POINT ( 'NONE',  ( 2.165063509463540203, 1.500000000000000000, 1.250000000001411982 ) ) ;
#225 = CARTESIAN_POINT ( 'NONE',  ( -0.7428480290862957691, 8.500000000000000000, -7.463121116910980568 ) ) ;
#226 = ADVANCED_FACE ( 'NONE', ( #1274 ), #2456, .F. ) ;
#227 = EDGE_CURVE ( 'NONE', #736, #469, #3616, .T. ) ;
#228 = AXIS2_PLACEMENT_3D ( 'NONE', #583, #1089, #887 ) ;
#229 = AXIS2_PLACEMENT_3D ( 'NONE', #3142, #3425, #610 ) ;
#230 = DIRECTION ( 'NONE',  ( 0.000000000000000000, 0.000000000000000000, 1.000000000000000000 ) ) ;
#231 = CARTESIAN_POINT ( 'NONE',  ( -9.469357670820308215, -1.500000000000000000, 10.66266986216874635 ) ) ;
#232 = ORIENTED_EDGE ( 'NONE', *, *, #3547, .T. ) ;
#233 = AXIS2_PLACEMENT_3D ( 'NONE', #3544, #1015, #2166 ) ;
#234 = DIRECTION ( 'NONE',  ( 0.000000000000000000, 0.000000000000000000, 1.000000000000000000 ) ) ;
#235 = ORIENTED_EDGE ( 'NONE', *, *, #2175, .F. ) ;
#236 = ORIENTED_EDGE ( 'NONE', *, *, #1499, .F. ) ;
#237 = LINE ( 'NONE', #1908, #2660 ) ;
#238 = VERTEX_POINT ( 'NONE', #732 ) ;
#239 = ORIENTED_EDGE ( 'NONE', *, *, #1786, .T. ) ;
#240 = ORIENTED_EDGE ( 'NONE', *, *, #2786, .F. ) ;
#241 = LINE ( 'NONE', #1390, #1128 ) ;
#242 = ORIENTED_EDGE ( 'NONE', *, *, #126, .T. ) ;
#243 = DIRECTION ( 'NONE',  ( 0.5000000000000068834, -0.000000000000000000, 0.8660254037844345998 ) ) ;
#244 = DIRECTION ( 'NONE',  ( 0.000000000000000000, 0.000000000000000000, 1.000000000000000000 ) ) ;
#245 = DIRECTION ( 'NONE',  ( 0.000000000000000000, 1.000000000000000000, 0.000000000000000000 ) ) ;
#246 = VECTOR ( 'NONE', #1067, 1000.000000000000000 ) ;
#247 = EDGE_CURVE ( 'NONE', #2031, #2371, #1257, .T. ) ;
#248 = LINE ( 'NONE', #2809, #413 ) ;
#249 = FACE_OUTER_BOUND ( 'NONE', #185, .T. ) ;
#250 = ORIENTED_EDGE ( 'NONE', *, *, #2489, .F. ) ;
#251 = AXIS2_PLACEMENT_3D ( 'NONE', #2035, #1221, #1801 ) ;
#252 = ADVANCED_FACE ( 'NONE', ( #693 ), #2400, .F. ) ;
#253 = EDGE_CURVE ( 'NONE', #2787, #1088, #1196, .T. ) ;
#254 = CARTESIAN_POINT ( 'NONE',  ( 11.54700538379247732, 1.500000000000000000, -20.00000000000004263 ) ) ;
#255 = EDGE_CURVE ( 'NONE', #503, #444, #1023, .T. ) ;
#256 = LINE ( 'NONE', #2457, #3111 ) ;
#257 = VECTOR ( 'NONE', #3197, 1000.000000000000000 ) ;
#258 = EDGE_CURVE ( 'NONE', #1052, #1823, #1255, .T. ) ;
#259 = ORIENTED_EDGE ( 'NONE', *, *, #1528, .T. ) ;
#260 = CARTESIAN_POINT ( 'NONE',  ( 7.745966692414834931, 1.499999999999999556, -2.500000000000000444 ) ) ;
#261 = FACE_OUTER_BOUND ( 'NONE', #35, .T. ) ;
#262 = CARTESIAN_POINT ( 'NONE',  ( -11.59812687119602614, 1.499999999999999556, 11.60711068600008744 ) ) ;
#263 = DIRECTION ( 'NONE',  ( -0.000000000000000000, 1.000000000000000000, -0.000000000000000000 ) ) ;
#264 = LINE ( 'NONE', #1727, #1125 ) ;
#265 = VECTOR ( 'NONE', #2501, 1000.000000000000114 ) ;
#266 = DIRECTION ( 'NONE',  ( 8.673617379884035472E-16, 0.000000000000000000, 1.000000000000000000 ) ) ;
#267 = CARTESIAN_POINT ( 'NONE',  ( -8.749999999999996447, -1.500000000000000000, 15.15544456622769154 ) ) ;
#268 = EDGE_LOOP ( 'NONE', ( #2359, #600, #1240, #3196 ) ) ;
#269 = ORIENTED_EDGE ( 'NONE', *, *, #183, .T. ) ;
#270 = DIRECTION ( 'NONE',  ( 0.000000000000000000, 0.000000000000000000, 1.000000000000000000 ) ) ;
#271 = CARTESIAN_POINT ( 'NONE',  ( 6.038046855670322621, 1.500000000000000000, -5.458203932496852318 ) ) ;
#272 = EDGE_CURVE ( 'NONE', #71, #3363, #664, .T. ) ;
#273 = ORIENTED_EDGE ( 'NONE', *, *, #852, .F. ) ;
#274 = DIRECTION ( 'NONE',  ( 0.000000000000000000, 0.000000000000000000, -1.000000000000000000 ) ) ;
#275 = VERTEX_POINT ( 'NONE', #2493 ) ;
#276 = CARTESIAN_POINT ( 'NONE',  ( 6.123233995736766282E-16, 0.5000000000000000000, -5.000000000000000000 ) ) ;
#277 = EDGE_CURVE ( 'NONE', #953, #1831, #1934, .T. ) ;
#278 = ORIENTED_EDGE ( 'NONE', *, *, #3573, .T. ) ;
#279 = FACE_OUTER_BOUND ( 'NONE', #3067, .T. ) ;
#280 = CARTESIAN_POINT ( 'NONE',  ( 7.745966692414834931, -1.500000000000000000, -2.500000000000000444 ) ) ;
#281 = CARTESIAN_POINT ( 'NONE',  ( -7.745966692414834931, -1.499999999999999556, -2.500000000000000444 ) ) ;
#282 = ADVANCED_FACE ( 'NONE', ( #2530 ), #3345, .F. ) ;
#283 = VECTOR ( 'NONE', #191, 1000.000000000000000 ) ;
#284 = ORIENTED_EDGE ( 'NONE', *, *, #2416, .F. ) ;
#285 = CARTESIAN_POINT ( 'NONE',  ( -4.499464137392563678, 1.499999999999999556, 13.53203923154135069 ) ) ;
#286 = CARTESIAN_POINT ( 'NONE',  ( 0.000000000000000000, 8.500000000000000000, -7.500000000000000000 ) ) ;
#287 = VECTOR ( 'NONE', #245, 1000.000000000000000 ) ;
#288 = AXIS2_PLACEMENT_3D ( 'NONE', #2900, #2026, #2280 ) ;
#289 = VERTEX_POINT ( 'NONE', #2260 ) ;
#290 = VERTEX_POINT ( 'NONE', #1638 ) ;
#291 = CARTESIAN_POINT ( 'NONE',  ( -8.750000000000053291, 8.500000000000000000, -15.15544456622765246 ) ) ;
#292 = DIRECTION ( 'NONE',  ( 0.000000000000000000, 0.000000000000000000, -1.000000000000000000 ) ) ;
#293 = VECTOR ( 'NONE', #1584, 1000.000000000000000 ) ;
#294 = ORIENTED_EDGE ( 'NONE', *, *, #573, .T. ) ;
#295 = CARTESIAN_POINT ( 'NONE',  ( -8.750000000000053291, -1.500000000000000000, -15.15544456622765246 ) ) ;
#296 = ORIENTED_EDGE ( 'NONE', *, *, #68, .F. ) ;
#297 = CARTESIAN_POINT ( 'NONE',  ( -13.19273868914362957, -1.500000000000000000, 2.499999999999999556 ) ) ;
#298 = ORIENTED_EDGE ( 'NONE', *, *, #96, .F. ) ;
#299 = DIRECTION ( 'NONE',  ( 0.5000000000000068834, 0.000000000000000000, 0.8660254037844345998 ) ) ;
#300 = AXIS2_PLACEMENT_3D ( 'NONE', #3599, #2782, #2244 ) ;
#301 = LINE ( 'NONE', #2222, #2365 ) ;
#302 = EDGE_CURVE ( 'NONE', #2449, #2031, #961, .T. ) ;
#303 = EDGE_CURVE ( 'NONE', #918, #2247, #2098, .T. ) ;
#304 = PLANE ( 'NONE',  #1920 ) ;
#305 = EDGE_CURVE ( 'NONE', #632, #1287, #2551, .T. ) ;
#306 = FACE_OUTER_BOUND ( 'NONE', #2748, .T. ) ;
#307 = FACE_OUTER_BOUND ( 'NONE', #2478, .T. ) ;
#308 = AXIS2_PLACEMENT_3D ( 'NONE', #2261, #901, #292 ) ;
#309 = ORIENTED_EDGE ( 'NONE', *, *, #1986, .F. ) ;
#310 = DIRECTION ( 'NONE',  ( -1.000000000000000000, 0.000000000000000000, 0.000000000000000000 ) ) ;
#311 = DIRECTION ( 'NONE',  ( 0.000000000000000000, 0.000000000000000000, -1.000000000000000000 ) ) ;
#312 = ORIENTED_EDGE ( 'NONE', *, *, #2847, .F. ) ;
#313 = DIRECTION ( 'NONE',  ( -0.000000000000000000, -1.000000000000000000, -0.000000000000000000 ) ) ;
#314 = CIRCLE ( 'NONE', #2953, 1.000000000000000000 ) ;
#315 = DIRECTION ( 'NONE',  ( 0.000000000000000000, 1.000000000000000000, 0.000000000000000000 ) ) ;
#316 = ORIENTED_EDGE ( 'NONE', *, *, #2830, .F. ) ;
#317 = DIRECTION ( 'NONE',  ( -0.000000000000000000, 1.000000000000000000, -0.000000000000000000 ) ) ;
#318 = ADVANCED_FACE ( 'NONE', ( #1957 ), #3632, .T. ) ;
#319 = ORIENTED_EDGE ( 'NONE', *, *, #1477, .T. ) ;
#320 = PLANE ( 'NONE',  #3015 ) ;
#321 = CARTESIAN_POINT ( 'NONE',  ( -12.22408882090943827, 1.499999999999999556, 10.82725708595006253 ) ) ;
#322 = EDGE_CURVE ( 'NONE', #2396, #827, #605, .T. ) ;
#323 = EDGE_CURVE ( 'NONE', #1412, #1773, #3645, .T. ) ;
#324 = VERTEX_POINT ( 'NONE', #1400 ) ;
#325 = ORIENTED_EDGE ( 'NONE', *, *, #2539, .T. ) ;
#326 = DIRECTION ( 'NONE',  ( 0.000000000000000000, 0.000000000000000000, 1.000000000000000000 ) ) ;
#327 = CARTESIAN_POINT ( 'NONE',  ( 0.000000000000000000, 8.500000000000000000, -2.500000000000000444 ) ) ;
#328 = ORIENTED_EDGE ( 'NONE', *, *, #1039, .F. ) ;
#329 = VERTEX_POINT ( 'NONE', #1100 ) ;
#330 = DIRECTION ( 'NONE',  ( -0.000000000000000000, -1.000000000000000000, -0.000000000000000000 ) ) ;
#331 = DIRECTION ( 'NONE',  ( 0.000000000000000000, 0.000000000000000000, -1.000000000000000000 ) ) ;
#332 = ORIENTED_EDGE ( 'NONE', *, *, #467, .T. ) ;
#333 = DIRECTION ( 'NONE',  ( -0.000000000000000000, -1.000000000000000000, -0.000000000000000000 ) ) ;
#334 = CARTESIAN_POINT ( 'NONE',  ( 0.000000000000000000, 1.499999999999999556, 0.000000000000000000 ) ) ;
#335 = ORIENTED_EDGE ( 'NONE', *, *, #1660, .F. ) ;
#336 = CYLINDRICAL_SURFACE ( 'NONE', #1599, 7.500000000000000000 ) ;
#337 = CYLINDRICAL_SURFACE ( 'NONE', #173, 7.500000000000000000 ) ;
#338 = ORIENTED_EDGE ( 'NONE', *, *, #2993, .T. ) ;
#339 = ORIENTED_EDGE ( 'NONE', *, *, #369, .T. ) ;
#340 = EDGE_CURVE ( 'NONE', #2544, #490, #3365, .T. ) ;
#341 = AXIS2_PLACEMENT_3D ( 'NONE', #2357, #2107, #2141 ) ;
#342 = DIRECTION ( 'NONE',  ( 0.000000000000000000, 0.000000000000000000, -1.000000000000000000 ) ) ;
#343 = CARTESIAN_POINT ( 'NONE',  ( -9.627458257813785281, 1.499999999999999556, 9.675246850287656741 ) ) ;
#344 = ORIENTED_EDGE ( 'NONE', *, *, #997, .T. ) ;
#345 = AXIS2_PLACEMENT_3D ( 'NONE', #2503, #160, #795 ) ;
#346 = AXIS2_PLACEMENT_3D ( 'NONE', #1495, #3658, #1168 ) ;
#347 = CARTESIAN_POINT ( 'NONE',  ( -9.469357670825699458, 1.499999999999999556, -10.66266986216955814 ) ) ;
#348 = EDGE_CURVE ( 'NONE', #2677, #808, #1991, .T. ) ;
#349 = DIRECTION ( 'NONE',  ( 0.000000000000000000, -1.000000000000000000, 0.000000000000000000 ) ) ;
#350 = CIRCLE ( 'NONE', #893, 1.549999999999997602 ) ;
#351 = AXIS2_PLACEMENT_3D ( 'NONE', #1607, #1298, #3551 ) ;
#352 = ORIENTED_EDGE ( 'NONE', *, *, #1733, .F. ) ;
#353 = DIRECTION ( 'NONE',  ( 0.000000000000000000, 0.000000000000000000, 1.000000000000000000 ) ) ;
#354 = EDGE_CURVE ( 'NONE', #677, #2060, #3494, .T. ) ;
#355 = CARTESIAN_POINT ( 'NONE',  ( -15.48872410019258261, -1.499999999999999556, 5.172742914049957896 ) ) ;
#356 = DIRECTION ( 'NONE',  ( 0.000000000000000000, 1.000000000000000000, 0.000000000000000000 ) ) ;
#357 = ORIENTED_EDGE ( 'NONE', *, *, #1642, .T. ) ;
#358 = VECTOR ( 'NONE', #1508, 1000.000000000000227 ) ;
#359 = CIRCLE ( 'NONE', #1822, 4.550000000000001599 ) ;
#360 = VERTEX_POINT ( 'NONE', #759 ) ;
#361 = CARTESIAN_POINT ( 'NONE',  ( 7.745966692414834931, -1.500000000000000000, 2.499999999999999556 ) ) ;
#362 = AXIS2_PLACEMENT_3D ( 'NONE', #291, #1439, #2588 ) ;
#363 = DIRECTION ( 'NONE',  ( -0.4999999999999947820, 0.000000000000000000, 0.8660254037844415942 ) ) ;
#364 = ORIENTED_EDGE ( 'NONE', *, *, #303, .T. ) ;
#365 = VERTEX_POINT ( 'NONE', #1051 ) ;
#366 = DIRECTION ( 'NONE',  ( -0.000000000000000000, -1.000000000000000000, -0.000000000000000000 ) ) ;
#367 = LINE ( 'NONE', #1516, #892 ) ;
#368 = ORIENTED_EDGE ( 'NONE', *, *, #3221, .F. ) ;
#369 = EDGE_CURVE ( 'NONE', #1069, #2717, #1198, .T. ) ;
#370 = DIRECTION ( 'NONE',  ( -0.000000000000000000, -1.000000000000000000, -0.000000000000000000 ) ) ;
#371 = PLANE ( 'NONE',  #2206 ) ;
#372 = EDGE_CURVE ( 'NONE', #3428, #2374, #3282, .T. ) ;
#373 = EDGE_CURVE ( 'NONE', #380, #1054, #500, .T. ) ;
#374 = DIRECTION ( 'NONE',  ( 0.000000000000000000, 1.000000000000000000, 0.000000000000000000 ) ) ;
#375 = DIRECTION ( 'NONE',  ( 0.000000000000000000, 0.000000000000000000, -1.000000000000000000 ) ) ;
#376 = CYLINDRICAL_SURFACE ( 'NONE', #2610, 5.000000000000000000 ) ;
#377 = EDGE_CURVE ( 'NONE', #3047, #3570, #1462, .T. ) ;
#378 = DIRECTION ( 'NONE',  ( 0.000000000000000000, 1.000000000000000000, 0.000000000000000000 ) ) ;
#379 = DIRECTION ( 'NONE',  ( -0.000000000000000000, -1.000000000000000000, -0.000000000000000000 ) ) ;
#380 = VERTEX_POINT ( 'NONE', #900 ) ;
#381 = CIRCLE ( 'NONE', #1224, 1.000000000000000888 ) ;
#382 = ORIENTED_EDGE ( 'NONE', *, *, #2535, .T. ) ;
#383 = CARTESIAN_POINT ( 'NONE',  ( 0.000000000000000000, 0.000000000000000000, 0.000000000000000000 ) ) ;
#384 = ORIENTED_EDGE ( 'NONE', *, *, #2413, .T. ) ;
#385 = LINE ( 'NONE', #2935, #3348 ) ;
#386 = FACE_OUTER_BOUND ( 'NONE', #3562, .T. ) ;
#387 = ORIENTED_EDGE ( 'NONE', *, *, #2657, .T. ) ;
#388 = AXIS2_PLACEMENT_3D ( 'NONE', #872, #3069, #3639 ) ;
#389 = DIRECTION ( 'NONE',  ( 0.000000000000000000, 1.000000000000000000, 0.000000000000000000 ) ) ;
#390 = CARTESIAN_POINT ( 'NONE',  ( -11.54700538379233699, 1.500000000000000000, 20.00000000000011724 ) ) ;
#391 = CARTESIAN_POINT ( 'NONE',  ( -3.199999999999999734, -1.500000000000000000, -2.399999999999999911 ) ) ;
#392 = FACE_OUTER_BOUND ( 'NONE', #2068, .T. ) ;
#393 = DIRECTION ( 'NONE',  ( -0.000000000000000000, -1.000000000000000000, -0.000000000000000000 ) ) ;
#394 = EDGE_CURVE ( 'NONE', #3270, #2134, #2398, .T. ) ;
#395 = EDGE_CURVE ( 'NONE', #398, #2139, #2460, .T. ) ;
#396 = VERTEX_POINT ( 'NONE', #1794 ) ;
#397 = CARTESIAN_POINT ( 'NONE',  ( 12.22408882090954663, 8.500000000000000000, 10.82725708595013536 ) ) ;
#398 = VERTEX_POINT ( 'NONE', #1216 ) ;
#399 = ORIENTED_EDGE ( 'NONE', *, *, #2469, .T. ) ;
#400 = FACE_BOUND ( 'NONE', #721, .T. ) ;
#401 = CARTESIAN_POINT ( 'NONE',  ( -3.264635279283071512, -1.500000000000000000, 16.99999999999987566 ) ) ;
#402 = VERTEX_POINT ( 'NONE', #1755 ) ;
#403 = AXIS2_PLACEMENT_3D ( 'NONE', #3325, #2194, #3040 ) ;
#404 = LINE ( 'NONE', #3260, #1754 ) ;
#405 = CARTESIAN_POINT ( 'NONE',  ( 2.165063509463540203, -1.500000000000000000, 1.250000000001411982 ) ) ;
#406 = AXIS2_PLACEMENT_3D ( 'NONE', #929, #1814, #1834 ) ;
#407 = ORIENTED_EDGE ( 'NONE', *, *, #2458, .T. ) ;
#408 = VECTOR ( 'NONE', #1985, 1000.000000000000000 ) ;
#409 = DIRECTION ( 'NONE',  ( 0.000000000000000000, 0.000000000000000000, 1.000000000000000000 ) ) ;
#410 = DIRECTION ( 'NONE',  ( 0.000000000000000000, 0.000000000000000000, 1.000000000000000000 ) ) ;
#411 = CARTESIAN_POINT ( 'NONE',  ( 1.707919836749405507, -1.500000000000000000, -7.958203932499064770 ) ) ;
#412 = VECTOR ( 'NONE', #2265, 1000.000000000000000 ) ;
#413 = VECTOR ( 'NONE', #1394, 1000.000000000000000 ) ;
#414 = ORIENTED_EDGE ( 'NONE', *, *, #1315, .F. ) ;
#415 = ORIENTED_EDGE ( 'NONE', *, *, #1447, .F. ) ;
#416 = FACE_OUTER_BOUND ( 'NONE', #2735, .T. ) ;
#417 = EDGE_CURVE ( 'NONE', #2818, #2304, #26, .T. ) ;
#418 = EDGE_CURVE ( 'NONE', #3270, #519, #66, .T. ) ;
#419 = VECTOR ( 'NONE', #2685, 1000.000000000000000 ) ;
#420 = DIRECTION ( 'NONE',  ( -0.000000000000000000, -1.000000000000000000, -0.000000000000000000 ) ) ;
#421 = ORIENTED_EDGE ( 'NONE', *, *, #2807, .T. ) ;
#422 = FACE_OUTER_BOUND ( 'NONE', #589, .T. ) ;
#423 = DIRECTION ( 'NONE',  ( 0.000000000000000000, -1.000000000000000000, 0.000000000000000000 ) ) ;
#424 = CARTESIAN_POINT ( 'NONE',  ( 3.264635279283095937, 8.500000000000000000, -15.99999999999996270 ) ) ;
#425 = ORIENTED_EDGE ( 'NONE', *, *, #418, .T. ) ;
#426 = CARTESIAN_POINT ( 'NONE',  ( 7.745966692414834931, 1.500000000000000000, 2.499999999999999556 ) ) ;
#427 = DIRECTION ( 'NONE',  ( 0.000000000000000000, 1.000000000000000000, 0.000000000000000000 ) ) ;
#428 = ORIENTED_EDGE ( 'NONE', *, *, #1447, .T. ) ;
#429 = CARTESIAN_POINT ( 'NONE',  ( 0.000000000000000000, -1.500000000000000000, 0.000000000000000000 ) ) ;
#430 = CARTESIAN_POINT ( 'NONE',  ( 0.000000000000000000, 1.500000000000000000, 2.600000000000000089 ) ) ;
#431 = ORIENTED_EDGE ( 'NONE', *, *, #164, .F. ) ;
#432 = ORIENTED_EDGE ( 'NONE', *, *, #2624, .F. ) ;
#433 = VECTOR ( 'NONE', #1481, 1000.000000000000000 ) ;
#434 = CARTESIAN_POINT ( 'NONE',  ( 15.85111615421191900, 8.500000000000000000, -4.240717163770655773 ) ) ;
#435 = VECTOR ( 'NONE', #3249, 1000.000000000000114 ) ;
#436 = CIRCLE ( 'NONE', #2484, 1.000000000000000000 ) ;
#437 = DIRECTION ( 'NONE',  ( 0.000000000000000000, 0.000000000000000000, 1.000000000000000000 ) ) ;
#438 = CARTESIAN_POINT ( 'NONE',  ( 0.000000000000000000, -1.500000000000000000, 0.000000000000000000 ) ) ;
#439 = FACE_OUTER_BOUND ( 'NONE', #60, .T. ) ;
#440 = ORIENTED_EDGE ( 'NONE', *, *, #816, .T. ) ;
#441 = CARTESIAN_POINT ( 'NONE',  ( 0.000000000000000000, -1.000000000000000000, 0.000000000000000000 ) ) ;
#442 = CARTESIAN_POINT ( 'NONE',  ( 4.431305835112030245, -1.500000000000000000, -12.67524685028481635 ) ) ;
#443 = ADVANCED_FACE ( 'NONE', ( #3446 ), #1500, .T. ) ;
#444 = VERTEX_POINT ( 'NONE', #3662 ) ;
#445 = LINE ( 'NONE', #1565, #293 ) ;
#446 = FACE_OUTER_BOUND ( 'NONE', #3171, .T. ) ;
#447 = EDGE_CURVE ( 'NONE', #1882, #474, #3389, .T. ) ;
#448 = AXIS2_PLACEMENT_3D ( 'NONE', #1662, #2270, #566 ) ;
#449 = EDGE_LOOP ( 'NONE', ( #312, #3021, #2322, #1002 ) ) ;
#450 = ORIENTED_EDGE ( 'NONE', *, *, #1308, .T. ) ;
#451 = LINE ( 'NONE', #1335, #831 ) ;
#452 = ORIENTED_EDGE ( 'NONE', *, *, #1448, .T. ) ;
#453 = CARTESIAN_POINT ( 'NONE',  ( 13.96882180821687847, 8.500000000000000000, -2.869369369369369593 ) ) ;
#454 = DIRECTION ( 'NONE',  ( -1.000000000000000000, 0.000000000000000000, -0.000000000000000000 ) ) ;
#455 = DIRECTION ( 'NONE',  ( 0.000000000000000000, 0.000000000000000000, 1.000000000000000000 ) ) ;
#456 = EDGE_CURVE ( 'NONE', #2942, #677, #2386, .T. ) ;
#457 = FACE_BOUND ( 'NONE', #3661, .T. ) ;
#458 = CARTESIAN_POINT ( 'NONE',  ( -15.48872410019258261, 1.499999999999999556, 5.172742914049957896 ) ) ;
#459 = VERTEX_POINT ( 'NONE', #915 ) ;
#460 = ADVANCED_FACE ( 'NONE', ( #3430 ), #2356, .F. ) ;
#461 = CARTESIAN_POINT ( 'NONE',  ( -8.750000000000053291, 1.499999999999999556, -15.15544456622765246 ) ) ;
#462 = DIRECTION ( 'NONE',  ( 0.000000000000000000, 1.000000000000000000, 0.000000000000000000 ) ) ;
#463 = CIRCLE ( 'NONE', #2320, 0.9999999999999991118 ) ;
#464 = ORIENTED_EDGE ( 'NONE', *, *, #3532, .T. ) ;
#465 =( GEOMETRIC_REPRESENTATION_CONTEXT ( 3 ) GLOBAL_UNCERTAINTY_ASSIGNED_CONTEXT ( ( #1706 ) ) GLOBAL_UNIT_ASSIGNED_CONTEXT ( ( #702, #140, #1574 ) ) REPRESENTATION_CONTEXT ( 'NONE', 'WORKASPACE' ) );
#466 = VECTOR ( 'NONE', #1044, 1000.000000000000000 ) ;
#467 = EDGE_CURVE ( 'NONE', #2864, #3477, #1824, .T. ) ;
#468 = ORIENTED_EDGE ( 'NONE', *, *, #2847, .T. ) ;
#469 = VERTEX_POINT ( 'NONE', #347 ) ;
#470 = ORIENTED_EDGE ( 'NONE', *, *, #2316, .T. ) ;
#471 = PRODUCT_RELATED_PRODUCT_CATEGORY ( 'part', '', ( #3354 ) ) ;
#472 = CYLINDRICAL_SURFACE ( 'NONE', #713, 7.500000000000000000 ) ;
#473 = AXIS2_PLACEMENT_3D ( 'NONE', #1653, #3093, #196 ) ;
#474 = VERTEX_POINT ( 'NONE', #861 ) ;
#475 = CIRCLE ( 'NONE', #228, 1.000000000000000444 ) ;
#476 = DIRECTION ( 'NONE',  ( -0.5000000000000001110, 0.000000000000000000, -0.8660254037844385966 ) ) ;
#477 = CARTESIAN_POINT ( 'NONE',  ( 3.184081677783118191E-16, 0.5000000000000000000, -2.600000000000000089 ) ) ;
#478 = DIRECTION ( 'NONE',  ( -0.000000000000000000, -1.000000000000000000, -0.000000000000000000 ) ) ;
#479 = ORIENTED_EDGE ( 'NONE', *, *, #1242, .T. ) ;
#480 = ORIENTED_EDGE ( 'NONE', *, *, #76, .T. ) ;
#481 = CARTESIAN_POINT ( 'NONE',  ( -14.72243186433550477, 1.500000000000000000, -8.499999999999911182 ) ) ;
#482 = FACE_OUTER_BOUND ( 'NONE', #2577, .T. ) ;
#483 = AXIS2_PLACEMENT_3D ( 'NONE', #2121, #2705, #2433 ) ;
#484 = EDGE_CURVE ( 'NONE', #2326, #1276, #1987, .T. ) ;
#485 = ORIENTED_EDGE ( 'NONE', *, *, #3352, .T. ) ;
#486 = CARTESIAN_POINT ( 'NONE',  ( -6.904072259454468785, -1.499999999999999556, -4.958203932497259103 ) ) ;
#487 = LINE ( 'NONE', #2230, #246 ) ;
#488 = ADVANCED_FACE ( 'NONE', ( #3146 ), #1194, .T. ) ;
#489 = VERTEX_POINT ( 'NONE', #1774 ) ;
#490 = VERTEX_POINT ( 'NONE', #2917 ) ;
#491 = LINE ( 'NONE', #172, #532 ) ;
#492 = EDGE_CURVE ( 'NONE', #3461, #1412, #2623, .T. ) ;
#493 = FACE_BOUND ( 'NONE', #983, .T. ) ;
#494 = CARTESIAN_POINT ( 'NONE',  ( 16.35474950397699700, 1.500000000000000000, -5.672742914049922369 ) ) ;
#495 = ADVANCED_FACE ( 'NONE', ( #1731 ), #2064, .T. ) ;
#496 = ORIENTED_EDGE ( 'NONE', *, *, #536, .T. ) ;
#497 = AXIS2_PLACEMENT_3D ( 'NONE', #134, #3545, #1880 ) ;
#498 = DIRECTION ( 'NONE',  ( 0.000000000000000000, 0.000000000000000000, 1.000000000000000000 ) ) ;
#499 = ORIENTED_EDGE ( 'NONE', *, *, #1718, .F. ) ;
#500 = LINE ( 'NONE', #213, #2876 ) ;
#501 = CARTESIAN_POINT ( 'NONE',  ( 8.750000000000005329, -1.500000000000000000, 15.15544456622768976 ) ) ;
#502 = ORIENTED_EDGE ( 'NONE', *, *, #3448, .T. ) ;
#503 = VERTEX_POINT ( 'NONE', #7 ) ;
#504 = EDGE_CURVE ( 'NONE', #3366, #2326, #1156, .T. ) ;
#505 = EDGE_LOOP ( 'NONE', ( #1911, #3207, #2246, #2025, #2431, #3102, #1282, #186, #931, #1623, #2418, #701 ) ) ;
#506 = DIRECTION ( 'NONE',  ( 0.000000000000000000, 0.000000000000000000, 1.000000000000000000 ) ) ;
#507 = ORIENTED_EDGE ( 'NONE', *, *, #1733, .T. ) ;
#508 = LINE ( 'NONE', #2803, #749 ) ;
#509 = ADVANCED_FACE ( 'NONE', ( #2450 ), #1518, .F. ) ;
#510 = LINE ( 'NONE', #3319, #2480 ) ;
#511 = DIRECTION ( 'NONE',  ( 0.000000000000000000, 1.000000000000000000, 0.000000000000000000 ) ) ;
#512 = ADVANCED_FACE ( 'NONE', ( #3023 ), #1905, .F. ) ;
#513 = FACE_BOUND ( 'NONE', #584, .T. ) ;
#514 = DIRECTION ( 'NONE',  ( -0.000000000000000000, -1.000000000000000000, -0.000000000000000000 ) ) ;
#515 = ORIENTED_EDGE ( 'NONE', *, *, #2269, .F. ) ;
#516 = DIRECTION ( 'NONE',  ( 0.000000000000000000, -1.000000000000000000, 0.000000000000000000 ) ) ;
#517 = EDGE_LOOP ( 'NONE', ( #3369, #1153, #1575, #1835 ) ) ;
#518 = FACE_OUTER_BOUND ( 'NONE', #3421, .T. ) ;
#519 = VERTEX_POINT ( 'NONE', #426 ) ;
#520 = VERTEX_POINT ( 'NONE', #1595 ) ;
#521 = VECTOR ( 'NONE', #2856, 1000.000000000000000 ) ;
#522 = EDGE_LOOP ( 'NONE', ( #3584, #2066, #1150, #2172 ) ) ;
#523 = EDGE_LOOP ( 'NONE', ( #2525, #1064 ) ) ;
#524 = CARTESIAN_POINT ( 'NONE',  ( 3.184081677783118191E-16, 1.500000000000000000, -2.600000000000000089 ) ) ;
#525 = EDGE_CURVE ( 'NONE', #3384, #3050, #2109, .T. ) ;
#526 = AXIS2_PLACEMENT_3D ( 'NONE', #1077, #511, #1027 ) ;
#527 = DIRECTION ( 'NONE',  ( 0.000000000000000000, 0.000000000000000000, 1.000000000000000000 ) ) ;
#528 = ORIENTED_EDGE ( 'NONE', *, *, #549, .F. ) ;
#529 = AXIS2_PLACEMENT_3D ( 'NONE', #1685, #1966, #851 ) ;
#530 = CARTESIAN_POINT ( 'NONE',  ( 0.000000000000000000, -1.500000000000000000, 5.000000000000000000 ) ) ;
#531 = CARTESIAN_POINT ( 'NONE',  ( -9.469357670825699458, -1.500000000000000000, -10.66266986216955814 ) ) ;
#532 = VECTOR ( 'NONE', #2788, 1000.000000000000000 ) ;
#533 = DIRECTION ( 'NONE',  ( 0.000000000000000000, -1.000000000000000000, 0.000000000000000000 ) ) ;
#534 = DIRECTION ( 'NONE',  ( -0.000000000000000000, -1.000000000000000000, -0.000000000000000000 ) ) ;
#535 = AXIS2_PLACEMENT_3D ( 'NONE', #2986, #420, #101 ) ;
#536 = EDGE_CURVE ( 'NONE', #776, #474, #404, .T. ) ;
#537 = VERTEX_POINT ( 'NONE', #2994 ) ;
#538 = VECTOR ( 'NONE', #1138, 1000.000000000000000 ) ;
#539 = CARTESIAN_POINT ( 'NONE',  ( -3.199999999999999734, 0.5000000000000000000, -2.399999999999999911 ) ) ;
#540 = DIRECTION ( 'NONE',  ( -0.000000000000000000, -1.000000000000000000, -0.000000000000000000 ) ) ;
#541 = ORIENTED_EDGE ( 'NONE', *, *, #322, .F. ) ;
#542 = CARTESIAN_POINT ( 'NONE',  ( -2.165063509458652558, -1.500000000000000000, -1.249999999998590017 ) ) ;
#543 = DIRECTION ( 'NONE',  ( -0.000000000000000000, -1.000000000000000000, -0.000000000000000000 ) ) ;
#544 = ORIENTED_EDGE ( 'NONE', *, *, #1403, .T. ) ;
#545 = CARTESIAN_POINT ( 'NONE',  ( -6.904072259451148774, 8.500000000000000000, 4.958203932501882960 ) ) ;
#546 = CARTESIAN_POINT ( 'NONE',  ( -11.59812687119609365, 8.500000000000000000, -11.60711068600005369 ) ) ;
#547 = DIRECTION ( 'NONE',  ( -0.4999999999999997780, 0.000000000000000000, -0.8660254037844387076 ) ) ;
#548 = CARTESIAN_POINT ( 'NONE',  ( 6.834676493307206613, 1.499999999999999556, 3.088235294117646301 ) ) ;
#549 = EDGE_CURVE ( 'NONE', #2494, #3259, #3323, .T. ) ;
#550 = DIRECTION ( 'NONE',  ( -0.000000000000000000, -1.000000000000000000, -0.000000000000000000 ) ) ;
#551 = ORIENTED_EDGE ( 'NONE', *, *, #2208, .T. ) ;
#552 = ORIENTED_EDGE ( 'NONE', *, *, #206, .T. ) ;
#553 = AXIS2_PLACEMENT_3D ( 'NONE', #1000, #2686, #2999 ) ;
#554 = DIRECTION ( 'NONE',  ( 0.000000000000000000, -1.000000000000000000, 0.000000000000000000 ) ) ;
#555 = EDGE_CURVE ( 'NONE', #1625, #1316, #3094, .T. ) ;
#556 = DIRECTION ( 'NONE',  ( 0.000000000000000000, 0.000000000000000000, -1.000000000000000000 ) ) ;
#557 = ORIENTED_EDGE ( 'NONE', *, *, #1661, .F. ) ;
#558 = ORIENTED_EDGE ( 'NONE', *, *, #1644, .F. ) ;
#559 = EDGE_CURVE ( 'NONE', #1656, #71, #2576, .T. ) ;
#560 = LINE ( 'NONE', #3451, #2417 ) ;
#561 = EDGE_LOOP ( 'NONE', ( #1317, #582, #3525, #2314 ) ) ;
#562 = DIRECTION ( 'NONE',  ( -0.000000000000000000, -1.000000000000000000, -0.000000000000000000 ) ) ;
#563 = AXIS2_PLACEMENT_3D ( 'NONE', #3372, #3475, #1827 ) ;
#564 = ORIENTED_EDGE ( 'NONE', *, *, #1172, .T. ) ;
#565 = AXIS2_PLACEMENT_3D ( 'NONE', #1682, #2852, #1744 ) ;
#566 = DIRECTION ( 'NONE',  ( 0.000000000000000000, 0.000000000000000000, -1.000000000000000000 ) ) ;
#567 = DIRECTION ( 'NONE',  ( 0.000000000000000000, 0.000000000000000000, 1.000000000000000000 ) ) ;
#568 = FACE_OUTER_BOUND ( 'NONE', #3098, .T. ) ;
#569 = ORIENTED_EDGE ( 'NONE', *, *, #447, .T. ) ;
#570 = DIRECTION ( 'NONE',  ( 1.000000000000000000, 0.000000000000000000, 0.000000000000000000 ) ) ;
#571 = CARTESIAN_POINT ( 'NONE',  ( -1.707919836748907239, 8.500000000000000000, -7.958203932499111843 ) ) ;
#572 = ORIENTED_EDGE ( 'NONE', *, *, #2647, .T. ) ;
#573 = EDGE_CURVE ( 'NONE', #2117, #2350, #1271, .T. ) ;
#574 = EDGE_CURVE ( 'NONE', #2286, #2841, #949, .T. ) ;
#575 = DIRECTION ( 'NONE',  ( 0.000000000000000000, 0.000000000000000000, 1.000000000000000000 ) ) ;
#576 = CARTESIAN_POINT ( 'NONE',  ( -6.091828464224531281, 1.499999999999999556, -4.374885822791697798 ) ) ;
#577 = VERTEX_POINT ( 'NONE', #2414 ) ;
#578 = EDGE_CURVE ( 'NONE', #537, #2351, #1012, .T. ) ;
#579 = ORIENTED_EDGE ( 'NONE', *, *, #611, .F. ) ;
#580 = ORIENTED_EDGE ( 'NONE', *, *, #2741, .T. ) ;
#581 = CARTESIAN_POINT ( 'NONE',  ( 1.707919836749405507, 8.500000000000000000, -7.958203932499064770 ) ) ;
#582 = ORIENTED_EDGE ( 'NONE', *, *, #1982, .F. ) ;
#583 = CARTESIAN_POINT ( 'NONE',  ( -3.199999999999999734, -1.500000000000000000, 2.399999999999999911 ) ) ;
#584 = EDGE_LOOP ( 'NONE', ( #1999, #1445 ) ) ;
#585 = CYLINDRICAL_SURFACE ( 'NONE', #565, 1.000000000000000888 ) ;
#586 = CARTESIAN_POINT ( 'NONE',  ( -4.499464137392563678, 8.500000000000000000, 13.53203923154135069 ) ) ;
#587 = CIRCLE ( 'NONE', #2750, 1.000000000000000444 ) ;
#588 = CIRCLE ( 'NONE', #2505, 1.000000000000000000 ) ;
#589 = EDGE_LOOP ( 'NONE', ( #2765, #3029, #146, #2549 ) ) ;
#590 = CIRCLE ( 'NONE', #346, 1.550000000000002709 ) ;
#591 = CARTESIAN_POINT ( 'NONE',  ( -15.85111615421193676, 1.499999999999999556, 4.240717163770690412 ) ) ;
#592 = CYLINDRICAL_SURFACE ( 'NONE', #825, 4.550000000000001599 ) ;
#593 = AXIS2_PLACEMENT_3D ( 'NONE', #2965, #3213, #363 ) ;
#594 = AXIS2_PLACEMENT_3D ( 'NONE', #2106, #1561, #671 ) ;
#595 = ORIENTED_EDGE ( 'NONE', *, *, #1176, .T. ) ;
#596 = DIRECTION ( 'NONE',  ( -0.000000000000000000, -1.000000000000000000, -0.000000000000000000 ) ) ;
#597 = DIRECTION ( 'NONE',  ( 0.000000000000000000, 0.000000000000000000, -1.000000000000000000 ) ) ;
#598 = EDGE_LOOP ( 'NONE', ( #3386, #136, #3003, #3521, #1651, #3287, #3549, #357, #1352, #932, #479, #2975 ) ) ;
#599 = AXIS2_PLACEMENT_3D ( 'NONE', #2650, #1220, #1443 ) ;
#600 = ORIENTED_EDGE ( 'NONE', *, *, #2919, .F. ) ;
#601 = DIRECTION ( 'NONE',  ( 0.000000000000000000, 0.000000000000000000, 1.000000000000000000 ) ) ;
#602 = CYLINDRICAL_SURFACE ( 'NONE', #1947, 1.000000000000000000 ) ;
#603 = EDGE_CURVE ( 'NONE', #2477, #1316, #2392, .T. ) ;
#604 = FACE_OUTER_BOUND ( 'NONE', #2008, .T. ) ;
#605 = CIRCLE ( 'NONE', #300, 1.549999999999999378 ) ;
#606 = FACE_OUTER_BOUND ( 'NONE', #1199, .T. ) ;
#607 = LINE ( 'NONE', #586, #1185 ) ;
#608 = EDGE_LOOP ( 'NONE', ( #2003, #2682, #711, #202 ) ) ;
#609 = ORIENTED_EDGE ( 'NONE', *, *, #100, .F. ) ;
#610 = DIRECTION ( 'NONE',  ( 0.000000000000000000, 0.000000000000000000, 1.000000000000000000 ) ) ;
#611 = EDGE_CURVE ( 'NONE', #980, #1622, #691, .T. ) ;
#612 = DIRECTION ( 'NONE',  ( -0.000000000000000000, -1.000000000000000000, -0.000000000000000000 ) ) ;
#613 = ORIENTED_EDGE ( 'NONE', *, *, #2533, .F. ) ;
#614 = ORIENTED_EDGE ( 'NONE', *, *, #227, .F. ) ;
#615 = DIRECTION ( 'NONE',  ( 0.000000000000000000, 0.000000000000000000, -1.000000000000000000 ) ) ;
#616 = ORIENTED_EDGE ( 'NONE', *, *, #3061, .T. ) ;
#617 = CARTESIAN_POINT ( 'NONE',  ( -0.8418944329588039510, 1.499999999999999556, 8.458203932499676725 ) ) ;
#618 = ORIENTED_EDGE ( 'NONE', *, *, #2481, .T. ) ;
#619 = CARTESIAN_POINT ( 'NONE',  ( 11.54700538379275621, -1.500000000000000000, 19.99999999999987566 ) ) ;
#620 = DIRECTION ( 'NONE',  ( 0.000000000000000000, 0.000000000000000000, 1.000000000000000000 ) ) ;
#621 = VERTEX_POINT ( 'NONE', #2723 ) ;
#622 = ADVANCED_FACE ( 'NONE', ( #108 ), #88, .F. ) ;
#623 = LINE ( 'NONE', #3232, #1535 ) ;
#624 = AXIS2_PLACEMENT_3D ( 'NONE', #1515, #2409, #1284 ) ;
#625 = DIRECTION ( 'NONE',  ( 0.000000000000000000, 1.000000000000000000, 0.000000000000000000 ) ) ;
#626 = VECTOR ( 'NONE', #639, 1000.000000000000000 ) ;
#627 = ORIENTED_EDGE ( 'NONE', *, *, #1665, .F. ) ;
#628 = LINE ( 'NONE', #2334, #2987 ) ;
#629 = CARTESIAN_POINT ( 'NONE',  ( 16.35474950397706806, -1.500000000000000000, 5.672742914049950791 ) ) ;
#630 = ORIENTED_EDGE ( 'NONE', *, *, #1130, .F. ) ;
#631 = VERTEX_POINT ( 'NONE', #2161 ) ;
#632 = VERTEX_POINT ( 'NONE', #1580 ) ;
#633 = ADVANCED_FACE ( 'NONE', ( #1875 ), #1252, .F. ) ;
#634 = CARTESIAN_POINT ( 'NONE',  ( -3.565280431324994392, 8.500000000000000000, 13.17524685029160381 ) ) ;
#635 = CARTESIAN_POINT ( 'NONE',  ( 8.750000000000003553, 8.500000000000000000, -15.15544456622767733 ) ) ;
#636 = VERTEX_POINT ( 'NONE', #729 ) ;
#637 = CYLINDRICAL_SURFACE ( 'NONE', #2394, 7.500000000000000000 ) ;
#638 = CARTESIAN_POINT ( 'NONE',  ( -13.19273868914365977, -1.500000000000000000, -2.500000000000000444 ) ) ;
#639 = DIRECTION ( 'NONE',  ( 0.000000000000000000, -1.000000000000000000, 0.000000000000000000 ) ) ;
#640 = ORIENTED_EDGE ( 'NONE', *, *, #2142, .T. ) ;
#641 = DIRECTION ( 'NONE',  ( 0.000000000000000000, 0.000000000000000000, 1.000000000000000000 ) ) ;
#642 = DIRECTION ( 'NONE',  ( 0.000000000000000000, 0.000000000000000000, -1.000000000000000000 ) ) ;
#643 = CARTESIAN_POINT ( 'NONE',  ( -13.19273868914365977, 1.499999999999999556, -2.500000000000000444 ) ) ;
#644 = ORIENTED_EDGE ( 'NONE', *, *, #1197, .T. ) ;
#645 = AXIS2_PLACEMENT_3D ( 'NONE', #2760, #179, #2226 ) ;
#646 = PLANE ( 'NONE',  #200 ) ;
#647 = DIRECTION ( 'NONE',  ( 0.000000000000000000, 0.000000000000000000, -1.000000000000000000 ) ) ;
#648 = EDGE_CURVE ( 'NONE', #1413, #3300, #3556, .T. ) ;
#649 = ADVANCED_FACE ( 'NONE', ( #3007, #1836, #2956, #1988, #457, #1612, #798, #513, #3596, #1343, #2526, #1667, #2506, #819 ), #3626, .F. ) ;
#650 = EDGE_LOOP ( 'NONE', ( #325, #1605, #2510, #3397, #703, #1898 ) ) ;
#651 = AXIS2_PLACEMENT_3D ( 'NONE', #684, #3217, #666 ) ;
#652 = VECTOR ( 'NONE', #1496, 1000.000000000000000 ) ;
#653 = DIRECTION ( 'NONE',  ( 0.000000000000000000, -1.000000000000000000, 0.000000000000000000 ) ) ;
#654 = CARTESIAN_POINT ( 'NONE',  ( -4.252989283015850219, 8.500000000000000000, 15.84782784977065084 ) ) ;
#655 = AXIS2_PLACEMENT_3D ( 'NONE', #1166, #1409, #2253 ) ;
#656 = ORIENTED_EDGE ( 'NONE', *, *, #3203, .F. ) ;
#657 = CIRCLE ( 'NONE', #1815, 4.549999999999997158 ) ;
#658 = ORIENTED_EDGE ( 'NONE', *, *, #3630, .F. ) ;
#659 = LINE ( 'NONE', #619, #358 ) ;
#660 = CARTESIAN_POINT ( 'NONE',  ( -2.165063509458652558, 8.500000000000000000, -1.249999999998590017 ) ) ;
#661 = CARTESIAN_POINT ( 'NONE',  ( -13.96882180821685004, 8.500000000000000000, 2.869369369369373146 ) ) ;
#662 = VECTOR ( 'NONE', #3187, 1000.000000000000000 ) ;
#663 = DIRECTION ( 'NONE',  ( 0.000000000000000000, 0.000000000000000000, -1.000000000000000000 ) ) ;
#664 = CIRCLE ( 'NONE', #2820, 4.550000000000001599 ) ;
#665 = CARTESIAN_POINT ( 'NONE',  ( -8.749999999999996447, 1.500000000000000000, 15.15544456622769154 ) ) ;
#666 = DIRECTION ( 'NONE',  ( 0.000000000000000000, 0.000000000000000000, 1.000000000000000000 ) ) ;
#667 = ORIENTED_EDGE ( 'NONE', *, *, #700, .T. ) ;
#668 = DIRECTION ( 'NONE',  ( 0.000000000000000000, 0.000000000000000000, 1.000000000000000000 ) ) ;
#669 = DIRECTION ( 'NONE',  ( -3.469446951953617344E-15, 0.000000000000000000, 1.000000000000000000 ) ) ;
#670 = ORIENTED_EDGE ( 'NONE', *, *, #3332, .T. ) ;
#671 = DIRECTION ( 'NONE',  ( -1.000000000000000000, 0.000000000000000000, 1.051620219116008581E-14 ) ) ;
#672 = CARTESIAN_POINT ( 'NONE',  ( -6.038046855670029522, 1.500000000000000000, -5.458203932497259103 ) ) ;
#673 = DIRECTION ( 'NONE',  ( 0.000000000000000000, 0.000000000000000000, 1.000000000000000000 ) ) ;
#674 = EDGE_LOOP ( 'NONE', ( #905, #1223, #2214, #1192 ) ) ;
#675 = DIRECTION ( 'NONE',  ( 0.000000000000000000, 0.000000000000000000, -1.000000000000000000 ) ) ;
#676 = CARTESIAN_POINT ( 'NONE',  ( -8.750000000000053291, -1.500000000000000000, -16.70544456622765139 ) ) ;
#677 = VERTEX_POINT ( 'NONE', #1938 ) ;
#678 = MANIFOLD_SOLID_BREP ( '\X2\9762306e79fb52d5\X0\1', #2580 ) ;
#679 = VECTOR ( 'NONE', #2629, 1000.000000000000000 ) ;
#680 = DIRECTION ( 'NONE',  ( 1.000000000000000000, 0.000000000000000000, 0.000000000000000000 ) ) ;
#681 = DIRECTION ( 'NONE',  ( 0.000000000000000000, 0.000000000000000000, -1.000000000000000000 ) ) ;
#682 = ORIENTED_EDGE ( 'NONE', *, *, #2269, .T. ) ;
#683 = VECTOR ( 'NONE', #207, 1000.000000000000000 ) ;
#684 = CARTESIAN_POINT ( 'NONE',  ( -12.22408882090950932, -1.499999999999999556, -10.82725708595003233 ) ) ;
#685 = ORIENTED_EDGE ( 'NONE', *, *, #1451, .F. ) ;
#686 = LINE ( 'NONE', #123, #801 ) ;
#687 = DIRECTION ( 'NONE',  ( 0.000000000000000000, 1.000000000000000000, 0.000000000000000000 ) ) ;
#688 = AXIS2_PLACEMENT_3D ( 'NONE', #1222, #1510, #1259 ) ;
#689 = ORIENTED_EDGE ( 'NONE', *, *, #969, .T. ) ;
#690 = AXIS2_PLACEMENT_3D ( 'NONE', #1206, #1471, #1449 ) ;
#691 = LINE ( 'NONE', #3225, #771 ) ;
#692 = CARTESIAN_POINT ( 'NONE',  ( 16.35474950397706806, 8.500000000000000000, 5.672742914049951679 ) ) ;
#693 = FACE_OUTER_BOUND ( 'NONE', #2017, .T. ) ;
#694 = DIRECTION ( 'NONE',  ( -0.000000000000000000, -1.000000000000000000, -0.000000000000000000 ) ) ;
#695 = DIRECTION ( 'NONE',  ( 0.000000000000000000, 0.000000000000000000, 1.000000000000000000 ) ) ;
#696 = EDGE_CURVE ( 'NONE', #1805, #3445, #2634, .T. ) ;
#697 = EDGE_CURVE ( 'NONE', #1604, #803, #2225, .T. ) ;
#698 = ORIENTED_EDGE ( 'NONE', *, *, #3044, .F. ) ;
#699 = DIRECTION ( 'NONE',  ( 0.000000000000000000, 1.000000000000000000, 0.000000000000000000 ) ) ;
#700 = EDGE_CURVE ( 'NONE', #2019, #503, #1952, .T. ) ;
#701 = ORIENTED_EDGE ( 'NONE', *, *, #1917, .T. ) ;
#702 =( LENGTH_UNIT ( ) NAMED_UNIT ( * ) SI_UNIT ( .MILLI., .METRE. ) );
#703 = ORIENTED_EDGE ( 'NONE', *, *, #2775, .T. ) ;
#704 = CARTESIAN_POINT ( 'NONE',  ( -9.627458257820348919, -1.499999999999999556, -9.675246850288656830 ) ) ;
#705 = DIRECTION ( 'NONE',  ( -0.000000000000000000, -1.000000000000000000, -0.000000000000000000 ) ) ;
#706 = EDGE_LOOP ( 'NONE', ( #155, #558, #499, #2673 ) ) ;
#707 = AXIS2_PLACEMENT_3D ( 'NONE', #3108, #1989, #1455 ) ;
#708 = DIRECTION ( 'NONE',  ( -0.000000000000000000, 1.000000000000000000, -0.000000000000000000 ) ) ;
#709 = LINE ( 'NONE', #654, #1488 ) ;
#710 = VECTOR ( 'NONE', #2138, 1000.000000000000000 ) ;
#711 = ORIENTED_EDGE ( 'NONE', *, *, #2830, .T. ) ;
#712 = EDGE_CURVE ( 'NONE', #3042, #3160, #1816, .T. ) ;
#713 = AXIS2_PLACEMENT_3D ( 'NONE', #3574, #2749, #2186 ) ;
#714 = CARTESIAN_POINT ( 'NONE',  ( 6.123233995736766282E-16, -1.500000000000000000, -5.000000000000000000 ) ) ;
#715 = LINE ( 'NONE', #3011, #2726 ) ;
#716 = AXIS2_PLACEMENT_3D ( 'NONE', #753, #1057, #1576 ) ;
#717 = AXIS2_PLACEMENT_3D ( 'NONE', #2972, #3508, #147 ) ;
#718 = EDGE_CURVE ( 'NONE', #3644, #1310, #3073, .T. ) ;
#719 = ORIENTED_EDGE ( 'NONE', *, *, #2744, .T. ) ;
#720 = EDGE_CURVE ( 'NONE', #2247, #1052, #248, .T. ) ;
#721 = EDGE_LOOP ( 'NONE', ( #428, #1793 ) ) ;
#722 = CARTESIAN_POINT ( 'NONE',  ( 0.000000000000000000, 1.499999999999999556, -7.500000000000000000 ) ) ;
#723 = VECTOR ( 'NONE', #3010, 1000.000000000000000 ) ;
#724 = EDGE_CURVE ( 'NONE', #1910, #1276, #193, .T. ) ;
#725 = LINE ( 'NONE', #453, #2814 ) ;
#726 = CARTESIAN_POINT ( 'NONE',  ( 0.8418944329592917830, 1.499999999999999556, 8.458203932499626987 ) ) ;
#727 = DIRECTION ( 'NONE',  ( 0.000000000000000000, 1.000000000000000000, 0.000000000000000000 ) ) ;
#728 = EDGE_CURVE ( 'NONE', #2350, #1214, #3212, .T. ) ;
#729 = CARTESIAN_POINT ( 'NONE',  ( -11.54700538379261232, -1.500000000000000000, -19.99999999999996092 ) ) ;
#730 = DIRECTION ( 'NONE',  ( 0.000000000000000000, 0.000000000000000000, -1.000000000000000000 ) ) ;
#731 = EDGE_LOOP ( 'NONE', ( #1817, #3236, #2229, #3566 ) ) ;
#732 = CARTESIAN_POINT ( 'NONE',  ( -8.750000000000053291, 1.500000000000000000, -16.70544456622765139 ) ) ;
#733 = ORIENTED_EDGE ( 'NONE', *, *, #1819, .T. ) ;
#734 = DIRECTION ( 'NONE',  ( 0.4999999999999951150, 0.000000000000000000, -0.8660254037844414832 ) ) ;
#735 = ORIENTED_EDGE ( 'NONE', *, *, #3478, .F. ) ;
#736 = VERTEX_POINT ( 'NONE', #210 ) ;
#737 = CARTESIAN_POINT ( 'NONE',  ( 16.35474950397699700, 8.500000000000000000, -5.672742914049922369 ) ) ;
#738 = CARTESIAN_POINT ( 'NONE',  ( -6.904072259451148774, -1.499999999999999556, 4.958203932501882960 ) ) ;
#739 = CARTESIAN_POINT ( 'NONE',  ( 8.750000000000005329, -1.500000000000000000, 16.70544456622769047 ) ) ;
#740 = CARTESIAN_POINT ( 'NONE',  ( 13.96882180821687136, 8.500000000000000000, 2.869369369369369593 ) ) ;
#741 = CARTESIAN_POINT ( 'NONE',  ( -6.834676493307206613, 8.500000000000000000, 3.088235294117646301 ) ) ;
#742 = LINE ( 'NONE', #2527, #2205 ) ;
#743 = CIRCLE ( 'NONE', #1715, 1.549999999999999378 ) ;
#744 = EDGE_CURVE ( 'NONE', #621, #2449, #836, .T. ) ;
#745 = VERTEX_POINT ( 'NONE', #3039 ) ;
#746 = VECTOR ( 'NONE', #3337, 1000.000000000000000 ) ;
#747 = DIRECTION ( 'NONE',  ( 0.000000000000000000, 0.000000000000000000, 1.000000000000000000 ) ) ;
#748 = CARTESIAN_POINT ( 'NONE',  ( -2.165063509463149405, 8.500000000000000000, 1.250000000001184386 ) ) ;
#749 = VECTOR ( 'NONE', #222, 1000.000000000000000 ) ;
#750 = ORIENTED_EDGE ( 'NONE', *, *, #2255, .T. ) ;
#751 = ORIENTED_EDGE ( 'NONE', *, *, #2516, .F. ) ;
#752 = CARTESIAN_POINT ( 'NONE',  ( 11.59812687119604213, -1.500000000000000000, -11.60711068600007856 ) ) ;
#753 = CARTESIAN_POINT ( 'NONE',  ( -12.22408882090950932, 8.500000000000000000, -10.82725708595003233 ) ) ;
#754 = DIRECTION ( 'NONE',  ( 0.000000000000000000, 0.000000000000000000, 1.000000000000000000 ) ) ;
#755 = DIRECTION ( 'NONE',  ( 0.000000000000000000, 0.000000000000000000, 1.000000000000000000 ) ) ;
#756 = EDGE_CURVE ( 'NONE', #1853, #3013, #898, .T. ) ;
#757 = CARTESIAN_POINT ( 'NONE',  ( 0.000000000000000000, 1.500000000000000000, 0.000000000000000000 ) ) ;
#758 = CARTESIAN_POINT ( 'NONE',  ( 11.54700538379275621, 1.500000000000000000, 19.99999999999987566 ) ) ;
#759 = CARTESIAN_POINT ( 'NONE',  ( 4.499464137394692642, -1.500000000000000000, -13.53203923153578359 ) ) ;
#760 = ORIENTED_EDGE ( 'NONE', *, *, #1506, .T. ) ;
#761 = EDGE_CURVE ( 'NONE', #1517, #3259, #628, .T. ) ;
#762 = CARTESIAN_POINT ( 'NONE',  ( -0.8418944329588039510, -1.499999999999999556, 8.458203932499676725 ) ) ;
#763 = AXIS2_PLACEMENT_3D ( 'NONE', #67, #3226, #1217 ) ;
#764 = AXIS2_PLACEMENT_3D ( 'NONE', #3035, #3278, #3056 ) ;
#765 = ORIENTED_EDGE ( 'NONE', *, *, #2671, .F. ) ;
#766 = ORIENTED_EDGE ( 'NONE', *, *, #3061, .F. ) ;
#767 = DIRECTION ( 'NONE',  ( -0.000000000000000000, 1.000000000000000000, -0.000000000000000000 ) ) ;
#768 = CIRCLE ( 'NONE', #3493, 4.550000000000001599 ) ;
#769 = ORIENTED_EDGE ( 'NONE', *, *, #1365, .T. ) ;
#770 = CIRCLE ( 'NONE', #1374, 4.549999999999998934 ) ;
#771 = VECTOR ( 'NONE', #1857, 1000.000000000000000 ) ;
#772 = CARTESIAN_POINT ( 'NONE',  ( 0.000000000000000000, -1.000000000000000000, 0.000000000000000000 ) ) ;
#773 = DIRECTION ( 'NONE',  ( -5.204170427930421283E-15, 0.000000000000000000, 1.000000000000000000 ) ) ;
#774 = CARTESIAN_POINT ( 'NONE',  ( 13.19273868914366332, -1.499999999999999556, -3.500000000000000444 ) ) ;
#775 = AXIS2_PLACEMENT_3D ( 'NONE', #2745, #2976, #2437 ) ;
#776 = VERTEX_POINT ( 'NONE', #3443 ) ;
#777 =( LENGTH_UNIT ( ) NAMED_UNIT ( * ) SI_UNIT ( .MILLI., .METRE. ) );
#778 = CARTESIAN_POINT ( 'NONE',  ( 11.54700538379275621, -1.500000000000000000, 19.99999999999987566 ) ) ;
#779 = VECTOR ( 'NONE', #782, 1000.000000000000000 ) ;
#780 = ORIENTED_EDGE ( 'NONE', *, *, #23, .F. ) ;
#781 = EDGE_CURVE ( 'NONE', #803, #1634, #3433, .T. ) ;
#782 = DIRECTION ( 'NONE',  ( -0.000000000000000000, 1.000000000000000000, -0.000000000000000000 ) ) ;
#783 = ORIENTED_EDGE ( 'NONE', *, *, #1320, .T. ) ;
#784 = DIRECTION ( 'NONE',  ( 0.000000000000000000, 0.000000000000000000, -1.000000000000000000 ) ) ;
#785 = ADVANCED_FACE ( 'NONE', ( #19 ), #2275, .F. ) ;
#786 = EDGE_LOOP ( 'NONE', ( #2881, #2937, #1711, #580 ) ) ;
#787 = ORIENTED_EDGE ( 'NONE', *, *, #1642, .F. ) ;
#788 = VERTEX_POINT ( 'NONE', #2855 ) ;
#789 = CIRCLE ( 'NONE', #3117, 0.9999999999999991118 ) ;
#790 = CIRCLE ( 'NONE', #3233, 0.9999999999999991118 ) ;
#791 = LINE ( 'NONE', #1570, #3613 ) ;
#792 = AXIS2_PLACEMENT_3D ( 'NONE', #1032, #2183, #2766 ) ;
#793 = CARTESIAN_POINT ( 'NONE',  ( 6.091828464221853423, 1.499999999999999556, 4.374885822795426371 ) ) ;
#794 = DIRECTION ( 'NONE',  ( -3.469446951953611033E-15, 0.000000000000000000, 1.000000000000000000 ) ) ;
#795 = DIRECTION ( 'NONE',  ( 0.000000000000000000, 0.000000000000000000, 1.000000000000000000 ) ) ;
#796 = VERTEX_POINT ( 'NONE', #285 ) ;
#797 = AXIS2_PLACEMENT_3D ( 'NONE', #2711, #2438, #734 ) ;
#798 = FACE_BOUND ( 'NONE', #3269, .T. ) ;
#799 = CARTESIAN_POINT ( 'NONE',  ( -2.165063509463149405, 1.500000000000000000, 1.250000000001184386 ) ) ;
#800 = ORIENTED_EDGE ( 'NONE', *, *, #1422, .T. ) ;
#801 = VECTOR ( 'NONE', #2969, 1000.000000000000227 ) ;
#802 = DIRECTION ( 'NONE',  ( 0.000000000000000000, 1.000000000000000000, 0.000000000000000000 ) ) ;
#803 = VERTEX_POINT ( 'NONE', #2046 ) ;
#804 = CYLINDRICAL_SURFACE ( 'NONE', #1037, 4.549999999999997158 ) ;
#805 = VECTOR ( 'NONE', #2670, 1000.000000000000114 ) ;
#806 = ORIENTED_EDGE ( 'NONE', *, *, #2175, .T. ) ;
#807 = ORIENTED_EDGE ( 'NONE', *, *, #323, .F. ) ;
#808 = VERTEX_POINT ( 'NONE', #3394 ) ;
#809 = ORIENTED_EDGE ( 'NONE', *, *, #889, .F. ) ;
#810 = EDGE_CURVE ( 'NONE', #1547, #1805, #1151, .T. ) ;
#811 = EDGE_CURVE ( 'NONE', #2164, #219, #590, .T. ) ;
#812 = CARTESIAN_POINT ( 'NONE',  ( 17.50000000000001421, 1.500000000000000000, 4.853321584273757548E-15 ) ) ;
#813 = VERTEX_POINT ( 'NONE', #591 ) ;
#814 = CARTESIAN_POINT ( 'NONE',  ( 0.8418944329592917830, -1.499999999999999556, 8.458203932499626987 ) ) ;
#815 = CARTESIAN_POINT ( 'NONE',  ( 15.48872410019262524, 1.499999999999999556, 5.172742914049957008 ) ) ;
#816 = EDGE_CURVE ( 'NONE', #3160, #3042, #2926, .T. ) ;
#817 = FACE_OUTER_BOUND ( 'NONE', #1628, .T. ) ;
#818 = ORIENTED_EDGE ( 'NONE', *, *, #1336, .T. ) ;
#819 = FACE_BOUND ( 'NONE', #1479, .T. ) ;
#820 = CARTESIAN_POINT ( 'NONE',  ( 8.761432854036518947, 1.500000000000000000, -10.17524685028879183 ) ) ;
#821 = ORIENTED_EDGE ( 'NONE', *, *, #2435, .F. ) ;
#822 = DIRECTION ( 'NONE',  ( 0.000000000000000000, 0.000000000000000000, 1.000000000000000000 ) ) ;
#823 = LINE ( 'NONE', #3095, #2347 ) ;
#824 = EDGE_CURVE ( 'NONE', #1557, #2717, #2022, .T. ) ;
#825 = AXIS2_PLACEMENT_3D ( 'NONE', #1411, #2293, #1132 ) ;
#826 = ORIENTED_EDGE ( 'NONE', *, *, #874, .T. ) ;
#827 = VERTEX_POINT ( 'NONE', #2878 ) ;
#828 = DIRECTION ( 'NONE',  ( -1.000000000000000000, 0.000000000000000000, -0.000000000000000000 ) ) ;
#829 = VECTOR ( 'NONE', #2062, 1000.000000000000000 ) ;
#830 = CARTESIAN_POINT ( 'NONE',  ( 0.000000000000000000, -1.500000000000000000, 0.000000000000000000 ) ) ;
#831 = VECTOR ( 'NONE', #767, 1000.000000000000000 ) ;
#832 = CARTESIAN_POINT ( 'NONE',  ( 0.7428480290817280896, 1.499999999999999556, 7.463121116911435315 ) ) ;
#833 = LINE ( 'NONE', #3392, #408 ) ;
#834 = VECTOR ( 'NONE', #3065, 1000.000000000000000 ) ;
#835 = VECTOR ( 'NONE', #1109, 1000.000000000000000 ) ;
#836 = LINE ( 'NONE', #1325, #2816 ) ;
#837 = CARTESIAN_POINT ( 'NONE',  ( 0.000000000000000000, 0.5000000000000000000, 0.000000000000000000 ) ) ;
#838 = CIRCLE ( 'NONE', #3385, 1.550000000000002709 ) ;
#839 = ORIENTED_EDGE ( 'NONE', *, *, #559, .F. ) ;
#840 = VERTEX_POINT ( 'NONE', #2 ) ;
#841 = AXIS2_PLACEMENT_3D ( 'NONE', #2196, #3331, #1921 ) ;
#842 = CARTESIAN_POINT ( 'NONE',  ( -4.000000000000000000, -1.500000000000000000, 3.000000000000000000 ) ) ;
#843 = ORIENTED_EDGE ( 'NONE', *, *, #2740, .F. ) ;
#844 = DIRECTION ( 'NONE',  ( 0.000000000000000000, -1.000000000000000000, 0.000000000000000000 ) ) ;
#845 = ORIENTED_EDGE ( 'NONE', *, *, #1964, .T. ) ;
#846 = DIRECTION ( 'NONE',  ( -0.8660254037844388186, 0.000000000000000000, 0.4999999999999998335 ) ) ;
#847 = FACE_OUTER_BOUND ( 'NONE', #2407, .T. ) ;
#848 = ORIENTED_EDGE ( 'NONE', *, *, #3245, .T. ) ;
#849 = CARTESIAN_POINT ( 'NONE',  ( -8.750000000000053291, 8.500000000000000000, -15.15544456622765246 ) ) ;
#850 = CARTESIAN_POINT ( 'NONE',  ( -8.749999999999996447, -1.500000000000000000, 15.15544456622769154 ) ) ;
#851 = DIRECTION ( 'NONE',  ( 0.000000000000000000, 0.000000000000000000, 1.000000000000000000 ) ) ;
#852 = EDGE_CURVE ( 'NONE', #2028, #2147, #1790, .T. ) ;
#853 = EDGE_CURVE ( 'NONE', #3436, #2167, #1431, .T. ) ;
#854 = VECTOR ( 'NONE', #3147, 1000.000000000000114 ) ;
#855 = CARTESIAN_POINT ( 'NONE',  ( 0.000000000000000000, -1.500000000000000000, 0.000000000000000000 ) ) ;
#856 = CYLINDRICAL_SURFACE ( 'NONE', #1971, 4.550000000000001599 ) ;
#857 = VERTEX_POINT ( 'NONE', #895 ) ;
#858 = AXIS2_PLACEMENT_3D ( 'NONE', #2639, #2620, #1187 ) ;
#859 = AXIS2_PLACEMENT_3D ( 'NONE', #885, #2850, #274 ) ;
#860 = ORIENTED_EDGE ( 'NONE', *, *, #1269, .F. ) ;
#861 = CARTESIAN_POINT ( 'NONE',  ( -1.707919836748907683, 1.500000000000000000, -7.958203932499112732 ) ) ;
#862 = CARTESIAN_POINT ( 'NONE',  ( 4.499464137392735097, 1.499999999999999556, 13.53203923154091903 ) ) ;
#863 = ADVANCED_FACE ( 'NONE', ( #306 ), #2584, .F. ) ;
#864 = ORIENTED_EDGE ( 'NONE', *, *, #2730, .T. ) ;
#865 = VECTOR ( 'NONE', #74, 1000.000000000000000 ) ;
#866 = VERTEX_POINT ( 'NONE', #3107 ) ;
#867 = CARTESIAN_POINT ( 'NONE',  ( -8.749999999999996447, 1.500000000000000000, 16.70544456622769047 ) ) ;
#868 = CARTESIAN_POINT ( 'NONE',  ( 6.904072259451434768, 8.500000000000000000, 4.958203932501484168 ) ) ;
#869 = VECTOR ( 'NONE', #2839, 1000.000000000000000 ) ;
#870 = VECTOR ( 'NONE', #1854, 1000.000000000000000 ) ;
#871 = AXIS2_PLACEMENT_3D ( 'NONE', #2250, #1948, #3405 ) ;
#872 = CARTESIAN_POINT ( 'NONE',  ( -7.745966692414834931, -1.499999999999999556, -3.500000000000000444 ) ) ;
#873 = CARTESIAN_POINT ( 'NONE',  ( 4.499464137394692642, 1.499999999999999556, -13.53203923153578359 ) ) ;
#874 = EDGE_CURVE ( 'NONE', #1146, #3445, #1475, .T. ) ;
#875 = CARTESIAN_POINT ( 'NONE',  ( 0.000000000000000000, -1.000000000000000000, 2.600000000000000089 ) ) ;
#876 = CYLINDRICAL_SURFACE ( 'NONE', #888, 1.000000000000000000 ) ;
#877 = VERTEX_POINT ( 'NONE', #2061 ) ;
#878 = EDGE_CURVE ( 'NONE', #2351, #1474, #2568, .T. ) ;
#879 = EDGE_CURVE ( 'NONE', #2554, #3428, #1457, .T. ) ;
#880 = CARTESIAN_POINT ( 'NONE',  ( 13.19273868914365444, 1.499999999999999556, 3.499999999999999556 ) ) ;
#881 = EDGE_CURVE ( 'NONE', #2304, #2677, #63, .T. ) ;
#882 = CARTESIAN_POINT ( 'NONE',  ( -2.165063509458652558, 1.500000000000000000, -1.249999999998590017 ) ) ;
#883 = VERTEX_POINT ( 'NONE', #548 ) ;
#884 = DIRECTION ( 'NONE',  ( -0.000000000000000000, -1.000000000000000000, -0.000000000000000000 ) ) ;
#885 = CARTESIAN_POINT ( 'NONE',  ( 9.627458257814344833, 8.500000000000000000, 9.675246850287740230 ) ) ;
#886 = ORIENTED_EDGE ( 'NONE', *, *, #3267, .F. ) ;
#887 = DIRECTION ( 'NONE',  ( 8.673617379884031528E-16, 0.000000000000000000, 1.000000000000000000 ) ) ;
#888 = AXIS2_PLACEMENT_3D ( 'NONE', #3088, #550, #1708 ) ;
#889 = EDGE_CURVE ( 'NONE', #883, #519, #436, .T. ) ;
#890 = LINE ( 'NONE', #3479, #2300 ) ;
#891 = CYLINDRICAL_SURFACE ( 'NONE', #3321, 1.000000000000000000 ) ;
#892 = VECTOR ( 'NONE', #1268, 1000.000000000000000 ) ;
#893 = AXIS2_PLACEMENT_3D ( 'NONE', #2382, #908, #925 ) ;
#894 = ORIENTED_EDGE ( 'NONE', *, *, #69, .F. ) ;
#895 = CARTESIAN_POINT ( 'NONE',  ( -0.8418944329588039510, 1.499999999999999556, 7.458203932499677613 ) ) ;
#896 = CARTESIAN_POINT ( 'NONE',  ( 0.7428480290817280896, -1.500000000000000000, 7.463121116911435315 ) ) ;
#897 = CIRCLE ( 'NONE', #2761, 1.550000000000002709 ) ;
#898 = CIRCLE ( 'NONE', #2104, 0.9999999999999991118 ) ;
#899 = ORIENTED_EDGE ( 'NONE', *, *, #611, .T. ) ;
#900 = CARTESIAN_POINT ( 'NONE',  ( 6.834676493307206613, 1.499999999999999556, -3.088235294117646745 ) ) ;
#901 = DIRECTION ( 'NONE',  ( -0.000000000000000000, -1.000000000000000000, -0.000000000000000000 ) ) ;
#902 = EDGE_CURVE ( 'NONE', #3259, #3270, #3127, .T. ) ;
#903 = ORIENTED_EDGE ( 'NONE', *, *, #277, .F. ) ;
#904 = CARTESIAN_POINT ( 'NONE',  ( 7.745966692414834931, -1.499999999999999556, 3.499999999999999556 ) ) ;
#905 = ORIENTED_EDGE ( 'NONE', *, *, #1251, .F. ) ;
#906 = EDGE_CURVE ( 'NONE', #275, #1465, #2297, .T. ) ;
#907 = CARTESIAN_POINT ( 'NONE',  ( 6.038046855670322621, -1.500000000000000000, -5.458203932496852318 ) ) ;
#908 = DIRECTION ( 'NONE',  ( 0.000000000000000000, 1.000000000000000000, 0.000000000000000000 ) ) ;
#909 = ADVANCED_FACE ( 'NONE', ( #400, #2428 ), #1577, .F. ) ;
#910 = ORIENTED_EDGE ( 'NONE', *, *, #3221, .T. ) ;
#911 = DIRECTION ( 'NONE',  ( -0.000000000000000000, 1.000000000000000000, -0.000000000000000000 ) ) ;
#912 = CARTESIAN_POINT ( 'NONE',  ( -4.000000000000000000, 0.5000000000000000000, 0.000000000000000000 ) ) ;
#913 = ORIENTED_EDGE ( 'NONE', *, *, #744, .T. ) ;
#914 = ORIENTED_EDGE ( 'NONE', *, *, #2317, .F. ) ;
#915 = CARTESIAN_POINT ( 'NONE',  ( -13.19273868914362957, 1.500000000000000000, 2.499999999999999556 ) ) ;
#916 = DIRECTION ( 'NONE',  ( 0.4999999999999948930, 0.000000000000000000, -0.8660254037844415942 ) ) ;
#917 = ADVANCED_FACE ( 'NONE', ( #1555 ), #646, .F. ) ;
#918 = VERTEX_POINT ( 'NONE', #3257 ) ;
#919 = CARTESIAN_POINT ( 'NONE',  ( -17.50000000000000000, -1.500000000000000000, 1.769808360342463528E-14 ) ) ;
#920 = CARTESIAN_POINT ( 'NONE',  ( -16.35474950397699345, 1.500000000000000000, -5.672742914049905494 ) ) ;
#921 = EDGE_LOOP ( 'NONE', ( #2218, #2004, #1436, #1178 ) ) ;
#922 = EDGE_CURVE ( 'NONE', #2928, #1579, #385, .T. ) ;
#923 = DIRECTION ( 'NONE',  ( -0.000000000000000000, -1.000000000000000000, -0.000000000000000000 ) ) ;
#924 = ORIENTED_EDGE ( 'NONE', *, *, #720, .T. ) ;
#925 = DIRECTION ( 'NONE',  ( 0.000000000000000000, 0.000000000000000000, 1.000000000000000000 ) ) ;
#926 = EDGE_CURVE ( 'NONE', #3090, #489, #686, .T. ) ;
#927 = VERTEX_POINT ( 'NONE', #2388 ) ;
#928 = CARTESIAN_POINT ( 'NONE',  ( 0.000000000000000000, 1.500000000000000000, -2.500000000000000444 ) ) ;
#929 = CARTESIAN_POINT ( 'NONE',  ( -8.750000000000053291, -1.500000000000000000, -15.15544456622765246 ) ) ;
#930 = AXIS2_PLACEMENT_3D ( 'NONE', #545, #3390, #2346 ) ;
#931 = ORIENTED_EDGE ( 'NONE', *, *, #3091, .F. ) ;
#932 = ORIENTED_EDGE ( 'NONE', *, *, #2768, .T. ) ;
#933 = DIRECTION ( 'NONE',  ( 0.000000000000000000, 0.000000000000000000, 1.000000000000000000 ) ) ;
#934 = DIRECTION ( 'NONE',  ( -0.000000000000000000, 1.000000000000000000, -0.000000000000000000 ) ) ;
#935 = ORIENTED_EDGE ( 'NONE', *, *, #1655, .F. ) ;
#936 = LINE ( 'NONE', #2088, #2048 ) ;
#937 = CARTESIAN_POINT ( 'NONE',  ( 1.707919836743731157, 1.500000000000000000, 7.958203932499628763 ) ) ;
#938 = CARTESIAN_POINT ( 'NONE',  ( -7.745966692414834931, 1.499999999999999556, 3.499999999999999556 ) ) ;
#939 = ORIENTED_EDGE ( 'NONE', *, *, #2038, .F. ) ;
#940 = DIRECTION ( 'NONE',  ( -0.000000000000000000, -1.000000000000000000, -0.000000000000000000 ) ) ;
#941 = DIRECTION ( 'NONE',  ( 0.000000000000000000, 0.000000000000000000, 1.000000000000000000 ) ) ;
#942 = ADVANCED_FACE ( 'NONE', ( #3522 ), #1593, .F. ) ;
#943 = ORIENTED_EDGE ( 'NONE', *, *, #1964, .F. ) ;
#944 = DIRECTION ( 'NONE',  ( 0.000000000000000000, 1.000000000000000000, 0.000000000000000000 ) ) ;
#945 = CARTESIAN_POINT ( 'NONE',  ( -4.000000000000000000, -1.500000000000000000, 3.000000000000000000 ) ) ;
#946 = EDGE_CURVE ( 'NONE', #1540, #1030, #1710, .T. ) ;
#947 = EDGE_LOOP ( 'NONE', ( #2071, #3115, #3485, #2595 ) ) ;
#948 = CIRCLE ( 'NONE', #43, 1.000000000000000000 ) ;
#949 = LINE ( 'NONE', #1890, #2762 ) ;
#950 = CYLINDRICAL_SURFACE ( 'NONE', #3266, 1.000000000000000888 ) ;
#951 = AXIS2_PLACEMENT_3D ( 'NONE', #397, #379, #642 ) ;
#952 = AXIS2_PLACEMENT_3D ( 'NONE', #3381, #1384, #1671 ) ;
#953 = VERTEX_POINT ( 'NONE', #83 ) ;
#954 = VECTOR ( 'NONE', #1913, 1000.000000000000000 ) ;
#955 = AXIS2_PLACEMENT_3D ( 'NONE', #3642, #2254, #3377 ) ;
#956 = LINE ( 'NONE', #1841, #419 ) ;
#957 = CARTESIAN_POINT ( 'NONE',  ( 0.8418944329592917830, 1.499999999999999556, 7.458203932499626987 ) ) ;
#958 = CARTESIAN_POINT ( 'NONE',  ( 6.091828464224787965, 8.500000000000000000, -4.374885822791339862 ) ) ;
#959 = AXIS2_PLACEMENT_3D ( 'NONE', #295, #1525, #1201 ) ;
#960 = CARTESIAN_POINT ( 'NONE',  ( 0.000000000000000000, 0.5000000000000000000, 2.600000000000000089 ) ) ;
#961 = CIRCLE ( 'NONE', #1505, 1.000000000000000888 ) ;
#962 = DIRECTION ( 'NONE',  ( 0.000000000000000000, 0.000000000000000000, -1.000000000000000000 ) ) ;
#963 = EDGE_LOOP ( 'NONE', ( #2377, #1334, #3518, #50, #1389, #1832, #1141, #507, #2148, #2462, #1692, #1883, #993, #3155 ) ) ;
#964 = EDGE_LOOP ( 'NONE', ( #1071, #968, #3158, #1304 ) ) ;
#965 = LINE ( 'NONE', #2118, #1399 ) ;
#966 = EDGE_CURVE ( 'NONE', #324, #2982, #2897, .T. ) ;
#967 = DIRECTION ( 'NONE',  ( 0.000000000000000000, 0.000000000000000000, 1.000000000000000000 ) ) ;
#968 = ORIENTED_EDGE ( 'NONE', *, *, #1606, .F. ) ;
#969 = EDGE_CURVE ( 'NONE', #1878, #3635, #965, .T. ) ;
#970 = DIRECTION ( 'NONE',  ( 0.000000000000000000, 1.000000000000000000, 0.000000000000000000 ) ) ;
#971 = EDGE_CURVE ( 'NONE', #1316, #1769, #2665, .T. ) ;
#972 = AXIS2_PLACEMENT_3D ( 'NONE', #1085, #1959, #3027 ) ;
#973 = LINE ( 'NONE', #1519, #3488 ) ;
#974 = EDGE_CURVE ( 'NONE', #1055, #3050, #2719, .T. ) ;
#975 = ORIENTED_EDGE ( 'NONE', *, *, #1549, .T. ) ;
#976 = DIRECTION ( 'NONE',  ( -0.000000000000000000, -1.000000000000000000, -0.000000000000000000 ) ) ;
#977 = CARTESIAN_POINT ( 'NONE',  ( 15.48872410019262524, 8.500000000000000000, 5.172742914049957008 ) ) ;
#978 = CARTESIAN_POINT ( 'NONE',  ( 0.000000000000000000, -1.500000000000000000, 0.000000000000000000 ) ) ;
#979 = CIRCLE ( 'NONE', #192, 4.549999999999999822 ) ;
#980 = VERTEX_POINT ( 'NONE', #143 ) ;
#981 = ORIENTED_EDGE ( 'NONE', *, *, #467, .F. ) ;
#982 = CIRCLE ( 'NONE', #2599, 1.000000000000000888 ) ;
#983 = EDGE_LOOP ( 'NONE', ( #1739, #450, #18, #818, #999, #387, #24, #3411, #1672, #1896, #3467, #2184 ) ) ;
#984 = CARTESIAN_POINT ( 'NONE',  ( -0.8418944329644686420, -1.499999999999999556, -8.458203932499113620 ) ) ;
#985 = ORIENTED_EDGE ( 'NONE', *, *, #258, .F. ) ;
#986 = CIRCLE ( 'NONE', #1396, 5.000000000000000000 ) ;
#987 = ORIENTED_EDGE ( 'NONE', *, *, #2725, .T. ) ;
#988 = CARTESIAN_POINT ( 'NONE',  ( -9.469357670825699458, 8.500000000000000000, -10.66266986216955814 ) ) ;
#989 = ORIENTED_EDGE ( 'NONE', *, *, #305, .T. ) ;
#990 = CARTESIAN_POINT ( 'NONE',  ( 13.19273868914365444, 8.500000000000000000, 2.499999999999999556 ) ) ;
#991 = CARTESIAN_POINT ( 'NONE',  ( 15.48872410019255774, 8.500000000000000000, -5.172742914049921481 ) ) ;
#992 = CIRCLE ( 'NONE', #1345, 1.000000000000000000 ) ;
#993 = ORIENTED_EDGE ( 'NONE', *, *, #1018, .F. ) ;
#994 = DIRECTION ( 'NONE',  ( -0.000000000000000000, 1.000000000000000000, -0.000000000000000000 ) ) ;
#995 = CARTESIAN_POINT ( 'NONE',  ( -4.000000000000000000, -1.500000000000000000, -1.800000000000000044 ) ) ;
#996 = ORIENTED_EDGE ( 'NONE', *, *, #3177, .T. ) ;
#997 = EDGE_CURVE ( 'NONE', #2083, #520, #3465, .T. ) ;
#998 = DIRECTION ( 'NONE',  ( -0.000000000000000000, 1.000000000000000000, -0.000000000000000000 ) ) ;
#999 = ORIENTED_EDGE ( 'NONE', *, *, #1798, .F. ) ;
#1000 = CARTESIAN_POINT ( 'NONE',  ( 8.750000000000003553, -1.500000000000000000, -15.15544456622767733 ) ) ;
#1001 = ADVANCED_FACE ( 'NONE', ( #2156 ), #1887, .T. ) ;
#1002 = ORIENTED_EDGE ( 'NONE', *, *, #2058, .F. ) ;
#1003 = DIRECTION ( 'NONE',  ( -0.8660254037844381525, 0.000000000000000000, 0.5000000000000008882 ) ) ;
#1004 = EDGE_CURVE ( 'NONE', #2859, #329, #1302, .T. ) ;
#1005 = DIRECTION ( 'NONE',  ( 0.000000000000000000, 0.000000000000000000, 1.000000000000000000 ) ) ;
#1006 = ORIENTED_EDGE ( 'NONE', *, *, #1026, .F. ) ;
#1007 = FACE_OUTER_BOUND ( 'NONE', #2049, .T. ) ;
#1008 = CARTESIAN_POINT ( 'NONE',  ( 0.000000000000000000, 8.500000000000000000, 16.99999999999987566 ) ) ;
#1009 = DIRECTION ( 'NONE',  ( 0.000000000000000000, 0.000000000000000000, 1.000000000000000000 ) ) ;
#1010 = VECTOR ( 'NONE', #3024, 1000.000000000000227 ) ;
#1011 = VERTEX_POINT ( 'NONE', #1813 ) ;
#1012 = LINE ( 'NONE', #741, #1497 ) ;
#1013 = CARTESIAN_POINT ( 'NONE',  ( -12.22408882090943827, 8.500000000000000000, 10.82725708595006253 ) ) ;
#1014 = AXIS2_PLACEMENT_3D ( 'NONE', #1647, #2224, #3339 ) ;
#1015 = DIRECTION ( 'NONE',  ( -0.8660254037844388186, 0.000000000000000000, 0.4999999999999998335 ) ) ;
#1016 = ORIENTED_EDGE ( 'NONE', *, *, #3043, .F. ) ;
#1017 = DIRECTION ( 'NONE',  ( -0.000000000000000000, -1.000000000000000000, -0.000000000000000000 ) ) ;
#1018 = EDGE_CURVE ( 'NONE', #2531, #2019, #2372, .T. ) ;
#1019 = AXIS2_PLACEMENT_3D ( 'NONE', #772, #2486, #2202 ) ;
#1020 = VECTOR ( 'NONE', #970, 1000.000000000000000 ) ;
#1021 = EDGE_LOOP ( 'NONE', ( #1332, #2337, #2146, #1210 ) ) ;
#1022 = DIRECTION ( 'NONE',  ( 3.455323577095457193E-15, -0.000000000000000000, 1.000000000000000000 ) ) ;
#1023 = CIRCLE ( 'NONE', #3097, 1.000000000000000888 ) ;
#1024 = DIRECTION ( 'NONE',  ( 0.000000000000000000, 0.000000000000000000, 1.000000000000000000 ) ) ;
#1025 = FACE_BOUND ( 'NONE', #2714, .T. ) ;
#1026 = EDGE_CURVE ( 'NONE', #365, #866, #2731, .T. ) ;
#1027 = DIRECTION ( 'NONE',  ( 0.000000000000000000, 0.000000000000000000, 1.000000000000000000 ) ) ;
#1028 = DIRECTION ( 'NONE',  ( 0.000000000000000000, 0.000000000000000000, 1.000000000000000000 ) ) ;
#1029 = CARTESIAN_POINT ( 'NONE',  ( 0.000000000000000000, -1.500000000000000000, -2.500000000000000444 ) ) ;
#1030 = VERTEX_POINT ( 'NONE', #3305 ) ;
#1031 = DIRECTION ( 'NONE',  ( -0.000000000000000000, -1.000000000000000000, -0.000000000000000000 ) ) ;
#1032 = CARTESIAN_POINT ( 'NONE',  ( 0.000000000000000000, -1.500000000000000000, 0.000000000000000000 ) ) ;
#1033 = EDGE_CURVE ( 'NONE', #3076, #1558, #1846, .T. ) ;
#1034 = ORIENTED_EDGE ( 'NONE', *, *, #853, .T. ) ;
#1035 = AXIS2_PLACEMENT_3D ( 'NONE', #3185, #1402, #916 ) ;
#1036 = PLANE ( 'NONE',  #3089 ) ;
#1037 = AXIS2_PLACEMENT_3D ( 'NONE', #1974, #1943, #784 ) ;
#1038 = EDGE_CURVE ( 'NONE', #2544, #1055, #986, .T. ) ;
#1039 = EDGE_CURVE ( 'NONE', #1830, #398, #3356, .T. ) ;
#1040 = ORIENTED_EDGE ( 'NONE', *, *, #1499, .T. ) ;
#1041 = ADVANCED_FACE ( 'NONE', ( #1356, #1936, #1025, #3055, #2177, #1338, #2203, #3292, #2239, #3019, #2487, #493, #3084, #2502 ), #2522, .T. ) ;
#1042 = CARTESIAN_POINT ( 'NONE',  ( -11.54700538379261232, 1.500000000000000000, -19.99999999999996092 ) ) ;
#1043 = CARTESIAN_POINT ( 'NONE',  ( -3.264635279283071512, 8.500000000000000000, 15.99999999999987566 ) ) ;
#1044 = DIRECTION ( 'NONE',  ( -0.000000000000000000, -1.000000000000000000, -0.000000000000000000 ) ) ;
#1045 = ORIENTED_EDGE ( 'NONE', *, *, #69, .T. ) ;
#1046 =( NAMED_UNIT ( * ) SI_UNIT ( $, .STERADIAN. ) SOLID_ANGLE_UNIT ( ) );
#1047 = CARTESIAN_POINT ( 'NONE',  ( -8.750000000000053291, -1.500000000000000000, -16.70544456622765139 ) ) ;
#1048 = AXIS2_PLACEMENT_3D ( 'NONE', #850, #3189, #2380 ) ;
#1049 = ORIENTED_EDGE ( 'NONE', *, *, #2699, .F. ) ;
#1050 = AXIS2_PLACEMENT_3D ( 'NONE', #2381, #2655, #3422 ) ;
#1051 = CARTESIAN_POINT ( 'NONE',  ( 4.252989283015872424, -1.500000000000000000, -15.84782784977072012 ) ) ;
#1052 = VERTEX_POINT ( 'NONE', #2777 ) ;
#1053 = CARTESIAN_POINT ( 'NONE',  ( -4.000000000000000000, -1.500000000000000000, 1.800000000000000044 ) ) ;
#1054 = VERTEX_POINT ( 'NONE', #3623 ) ;
#1055 = VERTEX_POINT ( 'NONE', #530 ) ;
#1056 = CARTESIAN_POINT ( 'NONE',  ( 23.09401076758504701, 1.500000000000000000, 0.000000000000000000 ) ) ;
#1057 = DIRECTION ( 'NONE',  ( -0.000000000000000000, -1.000000000000000000, -0.000000000000000000 ) ) ;
#1058 = CARTESIAN_POINT ( 'NONE',  ( 0.000000000000000000, -1.500000000000000000, 0.000000000000000000 ) ) ;
#1059 = CARTESIAN_POINT ( 'NONE',  ( -4.431305835111841063, 8.500000000000000000, -12.67524685028540787 ) ) ;
#1060 = EDGE_CURVE ( 'NONE', #3160, #3628, #1645, .T. ) ;
#1061 = SURFACE_STYLE_USAGE ( .BOTH. , #1361 ) ;
#1062 = CARTESIAN_POINT ( 'NONE',  ( -17.50000000000000000, 8.500000000000000000, 1.769808360342463528E-14 ) ) ;
#1063 = EDGE_CURVE ( 'NONE', #1299, #9, #381, .T. ) ;
#1064 = ORIENTED_EDGE ( 'NONE', *, *, #484, .F. ) ;
#1065 = VECTOR ( 'NONE', #1110, 1000.000000000000000 ) ;
#1066 = DIRECTION ( 'NONE',  ( -0.000000000000000000, 1.000000000000000000, -0.000000000000000000 ) ) ;
#1067 = DIRECTION ( 'NONE',  ( 0.000000000000000000, 1.000000000000000000, 0.000000000000000000 ) ) ;
#1068 = AXIS2_PLACEMENT_3D ( 'NONE', #1791, #705, #967 ) ;
#1069 = VERTEX_POINT ( 'NONE', #2790 ) ;
#1070 = AXIS2_PLACEMENT_3D ( 'NONE', #327, #2621, #40 ) ;
#1071 = ORIENTED_EDGE ( 'NONE', *, *, #3532, .F. ) ;
#1072 = EDGE_LOOP ( 'NONE', ( #860, #2461, #328, #595 ) ) ;
#1073 = LINE ( 'NONE', #737, #954 ) ;
#1074 = AXIS2_PLACEMENT_3D ( 'NONE', #2869, #1373, #1446 ) ;
#1075 = CARTESIAN_POINT ( 'NONE',  ( 7.745966692414834931, 8.500000000000000000, 3.499999999999999556 ) ) ;
#1076 = DIRECTION ( 'NONE',  ( 0.4999999999999997780, -0.000000000000000000, 0.8660254037844387076 ) ) ;
#1077 = CARTESIAN_POINT ( 'NONE',  ( -12.22408882090943827, -1.499999999999999556, 10.82725708595006253 ) ) ;
#1078 =( NAMED_UNIT ( * ) PLANE_ANGLE_UNIT ( ) SI_UNIT ( $, .RADIAN. ) );
#1079 = DIRECTION ( 'NONE',  ( 0.000000000000000000, 0.000000000000000000, 1.000000000000000000 ) ) ;
#1080 = AXIS2_PLACEMENT_3D ( 'NONE', #1480, #596, #2882 ) ;
#1081 = EDGE_LOOP ( 'NONE', ( #3286, #1867 ) ) ;
#1082 = EDGE_CURVE ( 'NONE', #2841, #3047, #510, .T. ) ;
#1083 = DIRECTION ( 'NONE',  ( 0.000000000000000000, 1.000000000000000000, 0.000000000000000000 ) ) ;
#1084 = EDGE_LOOP ( 'NONE', ( #2796, #338, #171, #564 ) ) ;
#1085 = CARTESIAN_POINT ( 'NONE',  ( -3.565280431324994392, 1.499999999999999556, 13.17524685029160381 ) ) ;
#1086 = EDGE_LOOP ( 'NONE', ( #2812, #3449, #544, #2063 ) ) ;
#1087 = ORIENTED_EDGE ( 'NONE', *, *, #574, .F. ) ;
#1088 = VERTEX_POINT ( 'NONE', #2223 ) ;
#1089 = DIRECTION ( 'NONE',  ( -0.000000000000000000, -1.000000000000000000, 0.000000000000000000 ) ) ;
#1090 = AXIS2_PLACEMENT_3D ( 'NONE', #2319, #1717, #47 ) ;
#1091 = CARTESIAN_POINT ( 'NONE',  ( 8.750000000000005329, -1.500000000000000000, 15.15544456622768976 ) ) ;
#1092 = CARTESIAN_POINT ( 'NONE',  ( 0.000000000000000000, 8.500000000000000000, 2.499999999999999556 ) ) ;
#1093 = CARTESIAN_POINT ( 'NONE',  ( -6.038046855670028634, 1.499999999999999556, -5.458203932497259103 ) ) ;
#1094 = VECTOR ( 'NONE', #2027, 1000.000000000000000 ) ;
#1095 = CIRCLE ( 'NONE', #1219, 1.550000000000002709 ) ;
#1096 = DIRECTION ( 'NONE',  ( 0.000000000000000000, 0.000000000000000000, -1.000000000000000000 ) ) ;
#1097 = ADVANCED_FACE ( 'NONE', ( #3034 ), #2542, .F. ) ;
#1098 = ORIENTED_EDGE ( 'NONE', *, *, #98, .T. ) ;
#1099 = VECTOR ( 'NONE', #3538, 1000.000000000000000 ) ;
#1100 = CARTESIAN_POINT ( 'NONE',  ( -6.038046855666710400, -1.500000000000000000, 5.458203932501883848 ) ) ;
#1101 = FACE_OUTER_BOUND ( 'NONE', #1084, .T. ) ;
#1102 = VECTOR ( 'NONE', #356, 1000.000000000000000 ) ;
#1103 = ORIENTED_EDGE ( 'NONE', *, *, #253, .F. ) ;
#1104 = LINE ( 'NONE', #1679, #1877 ) ;
#1105 = CIRCLE ( 'NONE', #3590, 1.000000000000000000 ) ;
#1106 = DIRECTION ( 'NONE',  ( 0.000000000000000000, -1.000000000000000000, 0.000000000000000000 ) ) ;
#1107 = LINE ( 'NONE', #2251, #805 ) ;
#1108 = DIRECTION ( 'NONE',  ( -0.000000000000000000, -1.000000000000000000, -0.000000000000000000 ) ) ;
#1109 = DIRECTION ( 'NONE',  ( -1.000000000000000000, 0.000000000000000000, 0.000000000000000000 ) ) ;
#1110 = DIRECTION ( 'NONE',  ( 0.000000000000000000, 1.000000000000000000, 0.000000000000000000 ) ) ;
#1111 = ORIENTED_EDGE ( 'NONE', *, *, #2432, .T. ) ;
#1112 = ORIENTED_EDGE ( 'NONE', *, *, #2316, .F. ) ;
#1113 = ORIENTED_EDGE ( 'NONE', *, *, #1782, .F. ) ;
#1114 = DIRECTION ( 'NONE',  ( -8.673617379884027583E-16, 0.000000000000000000, 1.000000000000000000 ) ) ;
#1115 = FACE_OUTER_BOUND ( 'NONE', #674, .T. ) ;
#1116 = ORIENTED_EDGE ( 'NONE', *, *, #724, .T. ) ;
#1117 = AXIS2_PLACEMENT_3D ( 'NONE', #2335, #612, #2896 ) ;
#1118 = ORIENTED_EDGE ( 'NONE', *, *, #2150, .T. ) ;
#1119 = EDGE_CURVE ( 'NONE', #2371, #621, #1158, .T. ) ;
#1120 = DIRECTION ( 'NONE',  ( -0.000000000000000000, -1.000000000000000000, -0.000000000000000000 ) ) ;
#1121 = FACE_OUTER_BOUND ( 'NONE', #3427, .T. ) ;
#1122 = CIRCLE ( 'NONE', #2211, 4.549999999999998934 ) ;
#1123 = DIRECTION ( 'NONE',  ( 0.000000000000000000, -1.000000000000000000, 0.000000000000000000 ) ) ;
#1124 = ADVANCED_FACE ( 'NONE', ( #1949 ), #3070, .F. ) ;
#1125 = VECTOR ( 'NONE', #1704, 1000.000000000000000 ) ;
#1126 = DIRECTION ( 'NONE',  ( -0.000000000000000000, -1.000000000000000000, -0.000000000000000000 ) ) ;
#1127 = CARTESIAN_POINT ( 'NONE',  ( -17.50000000000000000, 1.500000000000000000, 1.769808360342463528E-14 ) ) ;
#1128 = VECTOR ( 'NONE', #2519, 1000.000000000000000 ) ;
#1129 = VECTOR ( 'NONE', #1918, 1000.000000000000000 ) ;
#1130 = EDGE_CURVE ( 'NONE', #459, #1656, #2804, .T. ) ;
#1131 = DIRECTION ( 'NONE',  ( -0.000000000000000000, 1.000000000000000000, -0.000000000000000000 ) ) ;
#1132 = DIRECTION ( 'NONE',  ( 0.000000000000000000, 0.000000000000000000, -1.000000000000000000 ) ) ;
#1133 = AXIS2_PLACEMENT_3D ( 'NONE', #383, #2079, #2716 ) ;
#1134 = EDGE_LOOP ( 'NONE', ( #1388, #2355, #614, #644 ) ) ;
#1135 = CIRCLE ( 'NONE', #1627, 0.9999999999999991118 ) ;
#1136 = ORIENTED_EDGE ( 'NONE', *, *, #302, .F. ) ;
#1137 = AXIS2_PLACEMENT_3D ( 'NONE', #634, #3468, #2940 ) ;
#1138 = DIRECTION ( 'NONE',  ( 0.000000000000000000, -1.000000000000000000, 0.000000000000000000 ) ) ;
#1139 = CARTESIAN_POINT ( 'NONE',  ( -1.707919836743243325, 1.500000000000000000, 7.958203932499676725 ) ) ;
#1140 = APPLICATION_CONTEXT ( 'automotive_design' ) ;
#1141 = ORIENTED_EDGE ( 'NONE', *, *, #971, .T. ) ;
#1142 = FACE_OUTER_BOUND ( 'NONE', #2080, .T. ) ;
#1143 = VERTEX_POINT ( 'NONE', #2189 ) ;
#1144 = CARTESIAN_POINT ( 'NONE',  ( 8.750000000000003553, -1.500000000000000000, -16.70544456622767626 ) ) ;
#1145 = EDGE_CURVE ( 'NONE', #632, #2129, #1915, .T. ) ;
#1146 = VERTEX_POINT ( 'NONE', #477 ) ;
#1147 = FACE_OUTER_BOUND ( 'NONE', #1397, .T. ) ;
#1148 = CARTESIAN_POINT ( 'NONE',  ( 2.165063509459043800, -1.500000000000000000, -1.249999999998814282 ) ) ;
#1149 = EDGE_CURVE ( 'NONE', #3476, #3644, #1631, .T. ) ;
#1150 = ORIENTED_EDGE ( 'NONE', *, *, #2768, .F. ) ;
#1151 = LINE ( 'NONE', #875, #3614 ) ;
#1152 = CARTESIAN_POINT ( 'NONE',  ( 4.499464137394692642, 8.500000000000000000, -13.53203923153578359 ) ) ;
#1153 = ORIENTED_EDGE ( 'NONE', *, *, #2102, .F. ) ;
#1154 = EDGE_LOOP ( 'NONE', ( #335, #658, #3309, #2092 ) ) ;
#1155 = CIRCLE ( 'NONE', #2537, 7.500000000000000000 ) ;
#1156 = LINE ( 'NONE', #2298, #3100 ) ;
#1157 = CARTESIAN_POINT ( 'NONE',  ( 4.499464137392734209, 8.500000000000000000, 13.53203923154091903 ) ) ;
#1158 = CIRCLE ( 'NONE', #150, 1.000000000000000888 ) ;
#1159 = ORIENTED_EDGE ( 'NONE', *, *, #2435, .T. ) ;
#1160 = VERTEX_POINT ( 'NONE', #2090 ) ;
#1161 = FACE_OUTER_BOUND ( 'NONE', #1753, .T. ) ;
#1162 = CARTESIAN_POINT ( 'NONE',  ( 0.8418944329592917830, -1.499999999999999556, 7.458203932499626987 ) ) ;
#1163 = CIRCLE ( 'NONE', #563, 1.000000000000000000 ) ;
#1164 = CIRCLE ( 'NONE', #2961, 1.000000000000000888 ) ;
#1165 = DIRECTION ( 'NONE',  ( 0.000000000000000000, 1.000000000000000000, 0.000000000000000000 ) ) ;
#1166 = CARTESIAN_POINT ( 'NONE',  ( -6.904072259454468785, 1.499999999999999556, -4.958203932497259103 ) ) ;
#1167 = ORIENTED_EDGE ( 'NONE', *, *, #2038, .T. ) ;
#1168 = DIRECTION ( 'NONE',  ( 0.000000000000000000, 0.000000000000000000, 1.000000000000000000 ) ) ;
#1169 = DIRECTION ( 'NONE',  ( 0.000000000000000000, 0.000000000000000000, 1.000000000000000000 ) ) ;
#1170 = EDGE_LOOP ( 'NONE', ( #2912, #2832 ) ) ;
#1171 = CARTESIAN_POINT ( 'NONE',  ( -13.09011422469387398, 8.500000000000000000, 11.32725708595006964 ) ) ;
#1172 = EDGE_CURVE ( 'NONE', #3199, #2403, #2630, .T. ) ;
#1173 = FACE_OUTER_BOUND ( 'NONE', #3510, .T. ) ;
#1174 = ORIENTED_EDGE ( 'NONE', *, *, #1358, .T. ) ;
#1175 = ORIENTED_EDGE ( 'NONE', *, *, #1145, .F. ) ;
#1176 = EDGE_CURVE ( 'NONE', #1830, #1413, #3640, .T. ) ;
#1177 = CARTESIAN_POINT ( 'NONE',  ( -6.904072259454468785, 8.500000000000000000, -4.958203932497259103 ) ) ;
#1178 = ORIENTED_EDGE ( 'NONE', *, *, #3244, .T. ) ;
#1179 = CYLINDRICAL_SURFACE ( 'NONE', #2217, 1.000000000000000000 ) ;
#1180 = CIRCLE ( 'NONE', #1246, 4.550000000000001599 ) ;
#1181 = ORIENTED_EDGE ( 'NONE', *, *, #2485, .F. ) ;
#1182 = DIRECTION ( 'NONE',  ( -0.000000000000000000, 1.000000000000000000, -0.000000000000000000 ) ) ;
#1183 = DIRECTION ( 'NONE',  ( 8.673617379884027583E-16, 0.000000000000000000, 1.000000000000000000 ) ) ;
#1184 = CIRCLE ( 'NONE', #526, 1.000000000000000888 ) ;
#1185 = VECTOR ( 'NONE', #16, 1000.000000000000000 ) ;
#1186 = ORIENTED_EDGE ( 'NONE', *, *, #3203, .T. ) ;
#1187 = DIRECTION ( 'NONE',  ( 0.000000000000000000, 0.000000000000000000, 1.000000000000000000 ) ) ;
#1188 = CARTESIAN_POINT ( 'NONE',  ( -3.264635279283071512, 1.500000000000000000, 16.99999999999987566 ) ) ;
#1189 = AXIS2_PLACEMENT_3D ( 'NONE', #3387, #1869, #1914 ) ;
#1190 = ORIENTED_EDGE ( 'NONE', *, *, #2779, .T. ) ;
#1191 = AXIS2_PLACEMENT_3D ( 'NONE', #2759, #2207, #3340 ) ;
#1192 = ORIENTED_EDGE ( 'NONE', *, *, #1432, .F. ) ;
#1193 = ORIENTED_EDGE ( 'NONE', *, *, #3271, .F. ) ;
#1194 = CYLINDRICAL_SURFACE ( 'NONE', #2582, 7.500000000000000000 ) ;
#1195 = PLANE ( 'NONE',  #1035 ) ;
#1196 = CIRCLE ( 'NONE', #2636, 4.550000000000001599 ) ;
#1197 = EDGE_CURVE ( 'NONE', #736, #1299, #2652, .T. ) ;
#1198 = CIRCLE ( 'NONE', #841, 1.000000000000000888 ) ;
#1199 = EDGE_LOOP ( 'NONE', ( #3251, #3364, #2257, #3335 ) ) ;
#1200 = ADVANCED_FACE ( 'NONE', ( #1546 ), #376, .F. ) ;
#1201 = DIRECTION ( 'NONE',  ( 0.000000000000000000, 0.000000000000000000, 1.000000000000000000 ) ) ;
#1202 = DIRECTION ( 'NONE',  ( 0.000000000000000000, 0.000000000000000000, 1.000000000000000000 ) ) ;
#1203 = CARTESIAN_POINT ( 'NONE',  ( 0.000000000000000000, -1.500000000000000000, 0.000000000000000000 ) ) ;
#1204 = VERTEX_POINT ( 'NONE', #1726 ) ;
#1205 = EDGE_CURVE ( 'NONE', #1441, #883, #2548, .T. ) ;
#1206 = CARTESIAN_POINT ( 'NONE',  ( -3.264635279283071512, 1.499999999999999556, 15.99999999999987566 ) ) ;
#1207 = FACE_OUTER_BOUND ( 'NONE', #921, .T. ) ;
#1208 = EDGE_CURVE ( 'NONE', #105, #3628, #743, .T. ) ;
#1209 = ORIENTED_EDGE ( 'NONE', *, *, #718, .T. ) ;
#1210 = ORIENTED_EDGE ( 'NONE', *, *, #2833, .T. ) ;
#1211 = ORIENTED_EDGE ( 'NONE', *, *, #1520, .F. ) ;
#1212 = CARTESIAN_POINT ( 'NONE',  ( -14.72243186433538575, -1.500000000000000000, 8.500000000000119016 ) ) ;
#1213 = CARTESIAN_POINT ( 'NONE',  ( -11.54700538379261232, -1.500000000000000000, -19.99999999999996092 ) ) ;
#1214 = VERTEX_POINT ( 'NONE', #3123 ) ;
#1215 = ORIENTED_EDGE ( 'NONE', *, *, #3478, .T. ) ;
#1216 = CARTESIAN_POINT ( 'NONE',  ( 4.431305835109641045, 1.500000000000000000, 12.67524685029107800 ) ) ;
#1217 = DIRECTION ( 'NONE',  ( 0.000000000000000000, 0.000000000000000000, -1.000000000000000000 ) ) ;
#1218 = CIRCLE ( 'NONE', #1459, 0.9999999999999991118 ) ;
#1219 = AXIS2_PLACEMENT_3D ( 'NONE', #919, #2069, #3188 ) ;
#1220 = DIRECTION ( 'NONE',  ( 0.000000000000000000, 1.000000000000000000, 0.000000000000000000 ) ) ;
#1221 = DIRECTION ( 'NONE',  ( 0.000000000000000000, -1.000000000000000000, 0.000000000000000000 ) ) ;
#1222 = CARTESIAN_POINT ( 'NONE',  ( -6.904072259451148774, 1.499999999999999556, 4.958203932501882960 ) ) ;
#1223 = ORIENTED_EDGE ( 'NONE', *, *, #3578, .F. ) ;
#1224 = AXIS2_PLACEMENT_3D ( 'NONE', #2822, #1901, #244 ) ;
#1225 = FACE_OUTER_BOUND ( 'NONE', #1483, .T. ) ;
#1226 = AXIS2_PLACEMENT_3D ( 'NONE', #2070, #1408, #94 ) ;
#1227 = CARTESIAN_POINT ( 'NONE',  ( 0.000000000000000000, 1.500000000000000000, 0.000000000000000000 ) ) ;
#1228 = ORIENTED_EDGE ( 'NONE', *, *, #2833, .F. ) ;
#1229 = FACE_OUTER_BOUND ( 'NONE', #3602, .T. ) ;
#1230 = EDGE_LOOP ( 'NONE', ( #1912, #2746, #2532, #3495 ) ) ;
#1231 = DIRECTION ( 'NONE',  ( 0.000000000000000000, 0.000000000000000000, 1.000000000000000000 ) ) ;
#1232 = DIRECTION ( 'NONE',  ( -0.000000000000000000, -1.000000000000000000, -0.000000000000000000 ) ) ;
#1233 = AXIS2_PLACEMENT_3D ( 'NONE', #2016, #3174, #2923 ) ;
#1234 = EDGE_LOOP ( 'NONE', ( #2009, #236, #1112, #407 ) ) ;
#1235 = CARTESIAN_POINT ( 'NONE',  ( 8.750000000000003553, -1.500000000000000000, -15.15544456622767733 ) ) ;
#1236 = DIRECTION ( 'NONE',  ( 0.000000000000000000, 0.000000000000000000, -1.000000000000000000 ) ) ;
#1237 = CARTESIAN_POINT ( 'NONE',  ( 11.54700538379247732, -1.500000000000000000, -20.00000000000004263 ) ) ;
#1238 = CARTESIAN_POINT ( 'NONE',  ( -2.165063509458652558, 1.500000000000000000, -1.249999999998590017 ) ) ;
#1239 = LINE ( 'NONE', #1984, #626 ) ;
#1240 = ORIENTED_EDGE ( 'NONE', *, *, #372, .F. ) ;
#1241 = EDGE_CURVE ( 'NONE', #3253, #2083, #1239, .T. ) ;
#1242 = EDGE_CURVE ( 'NONE', #2466, #2403, #2242, .T. ) ;
#1243 = CARTESIAN_POINT ( 'NONE',  ( -1.707919836748907683, -1.500000000000000000, -7.958203932499112732 ) ) ;
#1244 = CARTESIAN_POINT ( 'NONE',  ( 12.22408882090945781, 8.500000000000000000, -10.82725708595005543 ) ) ;
#1245 = ORIENTED_EDGE ( 'NONE', *, *, #76, .F. ) ;
#1246 = AXIS2_PLACEMENT_3D ( 'NONE', #3295, #2451, #498 ) ;
#1247 = DIRECTION ( 'NONE',  ( 1.000000000000000000, 0.000000000000000000, -0.000000000000000000 ) ) ;
#1248 = DIRECTION ( 'NONE',  ( -0.000000000000000000, -1.000000000000000000, -0.000000000000000000 ) ) ;
#1249 = ORIENTED_EDGE ( 'NONE', *, *, #3368, .F. ) ;
#1250 = AXIS2_PLACEMENT_3D ( 'NONE', #774, #2178, #1357 ) ;
#1251 = EDGE_CURVE ( 'NONE', #1088, #3436, #992, .T. ) ;
#1252 = PLANE ( 'NONE',  #594 ) ;
#1253 = DIRECTION ( 'NONE',  ( -0.000000000000000000, -1.000000000000000000, -0.000000000000000000 ) ) ;
#1254 = CIRCLE ( 'NONE', #1745, 1.000000000000000888 ) ;
#1255 = CIRCLE ( 'NONE', #2709, 1.000000000000000222 ) ;
#1256 = EDGE_LOOP ( 'NONE', ( #364, #2563, #2971, #3204, #1174, #2234 ) ) ;
#1257 = LINE ( 'NONE', #1892, #723 ) ;
#1258 = CARTESIAN_POINT ( 'NONE',  ( -11.54700538379261232, 1.500000000000000000, -19.99999999999996092 ) ) ;
#1259 = DIRECTION ( 'NONE',  ( 0.000000000000000000, 0.000000000000000000, 1.000000000000000000 ) ) ;
#1260 = CIRCLE ( 'NONE', #1567, 7.500000000000000000 ) ;
#1261 = VERTEX_POINT ( 'NONE', #280 ) ;
#1262 = ORIENTED_EDGE ( 'NONE', *, *, #1172, .F. ) ;
#1263 = FACE_OUTER_BOUND ( 'NONE', #4, .T. ) ;
#1264 = EDGE_CURVE ( 'NONE', #1030, #396, #2344, .T. ) ;
#1265 = DIRECTION ( 'NONE',  ( 0.000000000000000000, 1.000000000000000000, 0.000000000000000000 ) ) ;
#1266 = ORIENTED_EDGE ( 'NONE', *, *, #1786, .F. ) ;
#1267 = DIRECTION ( 'NONE',  ( 0.000000000000000000, 0.000000000000000000, 1.000000000000000000 ) ) ;
#1268 = DIRECTION ( 'NONE',  ( -0.000000000000000000, -1.000000000000000000, -0.000000000000000000 ) ) ;
#1269 = EDGE_CURVE ( 'NONE', #1582, #1413, #1107, .T. ) ;
#1270 = EDGE_LOOP ( 'NONE', ( #77, #1940, #3239, #485 ) ) ;
#1271 = LINE ( 'NONE', #3486, #2871 ) ;
#1272 = DIRECTION ( 'NONE',  ( 0.000000000000000000, 0.000000000000000000, 1.000000000000000000 ) ) ;
#1273 = ORIENTED_EDGE ( 'NONE', *, *, #761, .T. ) ;
#1274 = FACE_OUTER_BOUND ( 'NONE', #608, .T. ) ;
#1275 = DIRECTION ( 'NONE',  ( 1.734723475976807094E-15, 0.000000000000000000, 1.000000000000000000 ) ) ;
#1276 = VERTEX_POINT ( 'NONE', #3492 ) ;
#1277 = ORIENTED_EDGE ( 'NONE', *, *, #504, .F. ) ;
#1278 = DIRECTION ( 'NONE',  ( -0.000000000000000000, -1.000000000000000000, -0.000000000000000000 ) ) ;
#1279 = VERTEX_POINT ( 'NONE', #3230 ) ;
#1280 = AXIS2_PLACEMENT_3D ( 'NONE', #2081, #3277, #1231 ) ;
#1281 = EDGE_LOOP ( 'NONE', ( #541, #3555, #1215, #3619 ) ) ;
#1282 = ORIENTED_EDGE ( 'NONE', *, *, #2927, .T. ) ;
#1283 = CYLINDRICAL_SURFACE ( 'NONE', #716, 1.000000000000000888 ) ;
#1284 = DIRECTION ( 'NONE',  ( 0.5000000000000003331, 0.000000000000000000, -0.8660254037844383745 ) ) ;
#1285 = FACE_OUTER_BOUND ( 'NONE', #205, .T. ) ;
#1286 = AXIS2_PLACEMENT_3D ( 'NONE', #830, #1123, #1963 ) ;
#1287 = VERTEX_POINT ( 'NONE', #2001 ) ;
#1288 = EDGE_CURVE ( 'NONE', #2396, #238, #2945, .T. ) ;
#1289 = VECTOR ( 'NONE', #3192, 1000.000000000000000 ) ;
#1290 = DIRECTION ( 'NONE',  ( -0.000000000000000000, 1.000000000000000000, -0.000000000000000000 ) ) ;
#1291 = DIRECTION ( 'NONE',  ( 0.000000000000000000, 1.000000000000000000, 0.000000000000000000 ) ) ;
#1292 = ORIENTED_EDGE ( 'NONE', *, *, #1451, .T. ) ;
#1293 = PRODUCT_DEFINITION_SHAPE ( 'NONE', 'NONE',  #1697 ) ;
#1294 = CARTESIAN_POINT ( 'NONE',  ( 17.50000000000001421, 1.500000000000000000, -1.549999999999998046 ) ) ;
#1295 = DIRECTION ( 'NONE',  ( -0.000000000000000000, -1.000000000000000000, -0.000000000000000000 ) ) ;
#1296 = EDGE_CURVE ( 'NONE', #2143, #459, #1163, .T. ) ;
#1297 = ORIENTED_EDGE ( 'NONE', *, *, #17, .T. ) ;
#1298 = DIRECTION ( 'NONE',  ( -0.000000000000000000, -1.000000000000000000, -0.000000000000000000 ) ) ;
#1299 = VERTEX_POINT ( 'NONE', #1802 ) ;
#1300 = ORIENTED_EDGE ( 'NONE', *, *, #3017, .F. ) ;
#1301 = CARTESIAN_POINT ( 'NONE',  ( 15.48872410019255774, -1.499999999999999556, -5.172742914049921481 ) ) ;
#1302 = LINE ( 'NONE', #2446, #257 ) ;
#1303 = CARTESIAN_POINT ( 'NONE',  ( 17.50000000000001421, -1.500000000000000000, 4.853321584273757548E-15 ) ) ;
#1304 = ORIENTED_EDGE ( 'NONE', *, *, #21, .F. ) ;
#1305 = VECTOR ( 'NONE', #534, 1000.000000000000000 ) ;
#1306 = DIRECTION ( 'NONE',  ( -0.000000000000000000, -1.000000000000000000, 0.000000000000000000 ) ) ;
#1307 = CARTESIAN_POINT ( 'NONE',  ( 13.09011422469398944, 1.500000000000000000, 11.32725708595013359 ) ) ;
#1308 = EDGE_CURVE ( 'NONE', #141, #537, #2667, .T. ) ;
#1309 = VECTOR ( 'NONE', #3306, 1000.000000000000000 ) ;
#1310 = VERTEX_POINT ( 'NONE', #920 ) ;
#1311 = VECTOR ( 'NONE', #3641, 1000.000000000000000 ) ;
#1312 = CARTESIAN_POINT ( 'NONE',  ( 17.50000000000001421, 1.499999999999999556, 4.853321584273757548E-15 ) ) ;
#1313 = DIRECTION ( 'NONE',  ( 0.000000000000000000, 0.000000000000000000, -1.000000000000000000 ) ) ;
#1314 = VECTOR ( 'NONE', #1265, 1000.000000000000000 ) ;
#1315 = EDGE_CURVE ( 'NONE', #71, #2143, #2960, .T. ) ;
#1316 = VERTEX_POINT ( 'NONE', #832 ) ;
#1317 = ORIENTED_EDGE ( 'NONE', *, *, #2671, .T. ) ;
#1318 = CARTESIAN_POINT ( 'NONE',  ( 11.54700538379247732, 1.500000000000000000, -20.00000000000004263 ) ) ;
#1319 = AXIS2_PLACEMENT_3D ( 'NONE', #1737, #884, #2034 ) ;
#1320 = EDGE_CURVE ( 'NONE', #141, #459, #3103, .T. ) ;
#1321 = VECTOR ( 'NONE', #2797, 1000.000000000000000 ) ;
#1322 = LINE ( 'NONE', #260, #2041 ) ;
#1323 = DIRECTION ( 'NONE',  ( 0.000000000000000000, 0.000000000000000000, -1.000000000000000000 ) ) ;
#1324 = DIRECTION ( 'NONE',  ( 0.000000000000000000, 0.000000000000000000, 1.000000000000000000 ) ) ;
#1325 = CARTESIAN_POINT ( 'NONE',  ( 11.59812687119611496, 8.500000000000000000, 11.60711068600014428 ) ) ;
#1326 = LINE ( 'NONE', #3580, #2091 ) ;
#1327 = ORIENTED_EDGE ( 'NONE', *, *, #2248, .T. ) ;
#1328 = CARTESIAN_POINT ( 'NONE',  ( 9.627458257814344833, -1.499999999999999556, 9.675246850287740230 ) ) ;
#1329 = CYLINDRICAL_SURFACE ( 'NONE', #3625, 7.500000000000000000 ) ;
#1330 = AXIS2_PLACEMENT_3D ( 'NONE', #3431, #2281, #331 ) ;
#1331 = ORIENTED_EDGE ( 'NONE', *, *, #761, .F. ) ;
#1332 = ORIENTED_EDGE ( 'NONE', *, *, #1572, .F. ) ;
#1333 = ORIENTED_EDGE ( 'NONE', *, *, #696, .T. ) ;
#1334 = ORIENTED_EDGE ( 'NONE', *, *, #1927, .T. ) ;
#1335 = CARTESIAN_POINT ( 'NONE',  ( -8.761432854029346018, 8.500000000000000000, 10.17524685028765852 ) ) ;
#1336 = EDGE_CURVE ( 'NONE', #289, #2859, #199, .T. ) ;
#1337 = DIRECTION ( 'NONE',  ( -0.5000000000000003331, 0.000000000000000000, 0.8660254037844383745 ) ) ;
#1338 = FACE_BOUND ( 'NONE', #1743, .T. ) ;
#1339 = DIRECTION ( 'NONE',  ( 0.000000000000000000, 1.000000000000000000, 0.000000000000000000 ) ) ;
#1340 = ORIENTED_EDGE ( 'NONE', *, *, #1063, .F. ) ;
#1341 = VECTOR ( 'NONE', #3576, 1000.000000000000000 ) ;
#1342 = EDGE_LOOP ( 'NONE', ( #2691, #1292, #1909, #2583, #2974, #2596, #2868, #1945, #197, #2341, #1498, #2099, #3501 ) ) ;
#1343 = FACE_OUTER_BOUND ( 'NONE', #1698, .T. ) ;
#1344 = DIRECTION ( 'NONE',  ( -0.000000000000000000, 1.000000000000000000, -0.000000000000000000 ) ) ;
#1345 = AXIS2_PLACEMENT_3D ( 'NONE', #54, #393, #1527 ) ;
#1346 = AXIS2_PLACEMENT_3D ( 'NONE', #438, #423, #2951 ) ;
#1347 = CIRCLE ( 'NONE', #2902, 4.550000000000001599 ) ;
#1348 = DIRECTION ( 'NONE',  ( 0.000000000000000000, 0.000000000000000000, -1.000000000000000000 ) ) ;
#1349 = DIRECTION ( 'NONE',  ( -0.000000000000000000, 1.000000000000000000, -0.000000000000000000 ) ) ;
#1350 = ORIENTED_EDGE ( 'NONE', *, *, #1060, .T. ) ;
#1351 = ORIENTED_EDGE ( 'NONE', *, *, #2792, .F. ) ;
#1352 = ORIENTED_EDGE ( 'NONE', *, *, #881, .F. ) ;
#1353 = LINE ( 'NONE', #1897, #3041 ) ;
#1354 = EDGE_CURVE ( 'NONE', #3403, #2950, #2073, .T. ) ;
#1355 = VERTEX_POINT ( 'NONE', #411 ) ;
#1356 = FACE_BOUND ( 'NONE', #1081, .T. ) ;
#1357 = DIRECTION ( 'NONE',  ( 0.000000000000000000, 0.000000000000000000, 1.000000000000000000 ) ) ;
#1358 = EDGE_CURVE ( 'NONE', #1055, #184, #2296, .T. ) ;
#1359 = ADVANCED_FACE ( 'NONE', ( #2978 ), #115, .F. ) ;
#1360 = VERTEX_POINT ( 'NONE', #2579 ) ;
#1361 = SURFACE_SIDE_STYLE ('',( #2193 ) ) ;
#1362 = CARTESIAN_POINT ( 'NONE',  ( 3.565280431327590982, -1.499999999999999556, -13.17524685028481635 ) ) ;
#1363 = ORIENTED_EDGE ( 'NONE', *, *, #1931, .T. ) ;
#1364 = CIRCLE ( 'NONE', #763, 7.500000000000000000 ) ;
#1365 = EDGE_CURVE ( 'NONE', #2622, #290, #2131, .T. ) ;
#1366 = DIRECTION ( 'NONE',  ( -0.000000000000000000, -1.000000000000000000, -0.000000000000000000 ) ) ;
#1367 = ORIENTED_EDGE ( 'NONE', *, *, #2962, .F. ) ;
#1368 = DIRECTION ( 'NONE',  ( -0.000000000000000000, -1.000000000000000000, -0.000000000000000000 ) ) ;
#1369 = VECTOR ( 'NONE', #727, 1000.000000000000000 ) ;
#1370 = VECTOR ( 'NONE', #3234, 1000.000000000000000 ) ;
#1371 = EDGE_LOOP ( 'NONE', ( #1385, #298, #3349, #3455 ) ) ;
#1372 = ORIENTED_EDGE ( 'NONE', *, *, #781, .F. ) ;
#1373 = DIRECTION ( 'NONE',  ( -0.000000000000000000, 1.000000000000000000, -0.000000000000000000 ) ) ;
#1374 = AXIS2_PLACEMENT_3D ( 'NONE', #2801, #1700, #3420 ) ;
#1375 =( GEOMETRIC_REPRESENTATION_CONTEXT ( 3 ) GLOBAL_UNCERTAINTY_ASSIGNED_CONTEXT ( ( #3106 ) ) GLOBAL_UNIT_ASSIGNED_CONTEXT ( ( #777, #1078, #1046 ) ) REPRESENTATION_CONTEXT ( 'NONE', 'WORKASPACE' ) );
#1376 = ORIENTED_EDGE ( 'NONE', *, *, #810, .T. ) ;
#1377 = FACE_OUTER_BOUND ( 'NONE', #1134, .T. ) ;
#1378 = ADVANCED_FACE ( 'NONE', ( #1377 ), #1725, .T. ) ;
#1379 = DIRECTION ( 'NONE',  ( 0.5000000000000003331, 0.000000000000000000, -0.8660254037844383745 ) ) ;
#1380 = CARTESIAN_POINT ( 'NONE',  ( -13.09011422469387220, 1.500000000000000000, 11.32725708595006964 ) ) ;
#1381 = EDGE_CURVE ( 'NONE', #3477, #2370, #3353, .T. ) ;
#1382 = DIRECTION ( 'NONE',  ( -0.000000000000000000, -1.000000000000000000, -0.000000000000000000 ) ) ;
#1383 = ORIENTED_EDGE ( 'NONE', *, *, #447, .F. ) ;
#1384 = DIRECTION ( 'NONE',  ( -0.8660254037844388186, 0.000000000000000000, 0.4999999999999998335 ) ) ;
#1385 = ORIENTED_EDGE ( 'NONE', *, *, #1767, .F. ) ;
#1386 = ADVANCED_FACE ( 'NONE', ( #279 ), #2873, .F. ) ;
#1387 = CARTESIAN_POINT ( 'NONE',  ( -12.22408882090950932, 1.499999999999999556, -11.82725708595003233 ) ) ;
#1388 = ORIENTED_EDGE ( 'NONE', *, *, #2642, .F. ) ;
#1389 = ORIENTED_EDGE ( 'NONE', *, *, #2489, .T. ) ;
#1390 = CARTESIAN_POINT ( 'NONE',  ( 11.54700538379247732, -1.500000000000000000, -20.00000000000004263 ) ) ;
#1391 = DIRECTION ( 'NONE',  ( -0.000000000000000000, -1.000000000000000000, -0.000000000000000000 ) ) ;
#1392 = DIRECTION ( 'NONE',  ( 0.4999999999999997780, -0.000000000000000000, 0.8660254037844387076 ) ) ;
#1393 = DIRECTION ( 'NONE',  ( 0.000000000000000000, 0.000000000000000000, 1.000000000000000000 ) ) ;
#1394 = DIRECTION ( 'NONE',  ( -0.000000000000000000, 1.000000000000000000, -0.000000000000000000 ) ) ;
#1395 = CARTESIAN_POINT ( 'NONE',  ( 17.50000000000001421, -1.500000000000000000, 4.853321584273757548E-15 ) ) ;
#1396 = AXIS2_PLACEMENT_3D ( 'NONE', #1058, #1609, #754 ) ;
#1397 = EDGE_LOOP ( 'NONE', ( #1383, #29, #766, #1778 ) ) ;
#1398 = ADVANCED_FACE ( 'NONE', ( #1147 ), #585, .F. ) ;
#1399 = VECTOR ( 'NONE', #2990, 1000.000000000000000 ) ;
#1400 = CARTESIAN_POINT ( 'NONE',  ( -8.761432854035909656, -1.500000000000000000, -10.17524685028865861 ) ) ;
#1401 = ORIENTED_EDGE ( 'NONE', *, *, #1473, .T. ) ;
#1402 = DIRECTION ( 'NONE',  ( 0.8660254037844415942, -0.000000000000000000, 0.4999999999999948930 ) ) ;
#1403 = EDGE_CURVE ( 'NONE', #2370, #1355, #2288, .T. ) ;
#1404 = ORIENTED_EDGE ( 'NONE', *, *, #44, .F. ) ;
#1405 = DIRECTION ( 'NONE',  ( 0.000000000000000000, 1.000000000000000000, 0.000000000000000000 ) ) ;
#1406 = DIRECTION ( 'NONE',  ( 0.000000000000000000, 0.000000000000000000, 1.000000000000000000 ) ) ;
#1407 = DIRECTION ( 'NONE',  ( 0.000000000000000000, 0.000000000000000000, -1.000000000000000000 ) ) ;
#1408 = DIRECTION ( 'NONE',  ( 0.000000000000000000, 1.000000000000000000, 0.000000000000000000 ) ) ;
#1409 = DIRECTION ( 'NONE',  ( -0.000000000000000000, -1.000000000000000000, -0.000000000000000000 ) ) ;
#1410 = CARTESIAN_POINT ( 'NONE',  ( 8.750000000000005329, -1.500000000000000000, 15.15544456622768976 ) ) ;
#1411 = CARTESIAN_POINT ( 'NONE',  ( 17.50000000000001421, 8.500000000000000000, 4.853321584273757548E-15 ) ) ;
#1412 = VERTEX_POINT ( 'NONE', #3605 ) ;
#1413 = VERTEX_POINT ( 'NONE', #2838 ) ;
#1414 = ORIENTED_EDGE ( 'NONE', *, *, #946, .T. ) ;
#1415 = DIRECTION ( 'NONE',  ( -0.000000000000000000, 1.000000000000000000, -0.000000000000000000 ) ) ;
#1416 = FACE_OUTER_BOUND ( 'NONE', #1929, .T. ) ;
#1417 = EDGE_CURVE ( 'NONE', #1160, #3228, #3587, .T. ) ;
#1418 = CIRCLE ( 'NONE', #645, 1.549999999999999378 ) ;
#1419 = EDGE_LOOP ( 'NONE', ( #2602, #1492, #1103, #2391 ) ) ;
#1420 = DIRECTION ( 'NONE',  ( 0.000000000000000000, 1.000000000000000000, 0.000000000000000000 ) ) ;
#1421 = VERTEX_POINT ( 'NONE', #262 ) ;
#1422 = EDGE_CURVE ( 'NONE', #2603, #2531, #301, .T. ) ;
#1423 = DIRECTION ( 'NONE',  ( 0.8660254037844384856, -0.000000000000000000, 0.5000000000000004441 ) ) ;
#1424 = AXIS2_PLACEMENT_3D ( 'NONE', #424, #1248, #3258 ) ;
#1425 = DIRECTION ( 'NONE',  ( -0.000000000000000000, -1.000000000000000000, -0.000000000000000000 ) ) ;
#1426 = AXIS2_PLACEMENT_3D ( 'NONE', #2115, #1513, #941 ) ;
#1427 = AXIS2_PLACEMENT_3D ( 'NONE', #3046, #554, #2845 ) ;
#1428 = CARTESIAN_POINT ( 'NONE',  ( 0.000000000000000000, 8.500000000000000000, 2.499999999999999556 ) ) ;
#1429 = AXIS2_PLACEMENT_3D ( 'NONE', #868, #2556, #1980 ) ;
#1430 = AXIS2_PLACEMENT_3D ( 'NONE', #1235, #994, #2375 ) ;
#1431 = LINE ( 'NONE', #928, #3150 ) ;
#1432 = EDGE_CURVE ( 'NONE', #3436, #1143, #2541, .T. ) ;
#1433 = CARTESIAN_POINT ( 'NONE',  ( -8.749999999999996447, 1.499999999999999556, 15.15544456622769154 ) ) ;
#1434 = CIRCLE ( 'NONE', #2333, 1.550000000000002709 ) ;
#1435 = ORIENTED_EDGE ( 'NONE', *, *, #2210, .F. ) ;
#1436 = ORIENTED_EDGE ( 'NONE', *, *, #1205, .F. ) ;
#1437 = ORIENTED_EDGE ( 'NONE', *, *, #2741, .F. ) ;
#1438 = AXIS2_PLACEMENT_3D ( 'NONE', #2050, #2860, #3398 ) ;
#1439 = DIRECTION ( 'NONE',  ( -0.000000000000000000, -1.000000000000000000, -0.000000000000000000 ) ) ;
#1440 = CARTESIAN_POINT ( 'NONE',  ( 0.000000000000000000, -1.500000000000000000, 0.000000000000000000 ) ) ;
#1441 = VERTEX_POINT ( 'NONE', #793 ) ;
#1442 = ORIENTED_EDGE ( 'NONE', *, *, #2187, .T. ) ;
#1443 = DIRECTION ( 'NONE',  ( 0.000000000000000000, 0.000000000000000000, 1.000000000000000000 ) ) ;
#1444 = CARTESIAN_POINT ( 'NONE',  ( -9.627458257820348919, 1.499999999999999556, -9.675246850288656830 ) ) ;
#1445 = ORIENTED_EDGE ( 'NONE', *, *, #2786, .T. ) ;
#1446 = DIRECTION ( 'NONE',  ( 0.000000000000000000, 0.000000000000000000, 1.000000000000000000 ) ) ;
#1447 = EDGE_CURVE ( 'NONE', #1547, #1146, #1956, .T. ) ;
#1448 = EDGE_CURVE ( 'NONE', #3300, #2477, #1164, .T. ) ;
#1449 = DIRECTION ( 'NONE',  ( 0.000000000000000000, 0.000000000000000000, 1.000000000000000000 ) ) ;
#1450 = DIRECTION ( 'NONE',  ( -1.000000000000000000, 0.000000000000000000, -0.000000000000000000 ) ) ;
#1451 = EDGE_CURVE ( 'NONE', #1011, #2554, #2133, .T. ) ;
#1452 = VERTEX_POINT ( 'NONE', #3122 ) ;
#1453 = DIRECTION ( 'NONE',  ( 0.000000000000000000, 0.000000000000000000, 1.000000000000000000 ) ) ;
#1454 = VECTOR ( 'NONE', #2299, 1000.000000000000000 ) ;
#1455 = DIRECTION ( 'NONE',  ( 0.000000000000000000, 0.000000000000000000, 1.000000000000000000 ) ) ;
#1456 = ORIENTED_EDGE ( 'NONE', *, *, #2696, .T. ) ;
#1457 = CIRCLE ( 'NONE', #1587, 7.500000000000000000 ) ;
#1458 = EDGE_CURVE ( 'NONE', #444, #3252, #508, .T. ) ;
#1459 = AXIS2_PLACEMENT_3D ( 'NONE', #2817, #1368, #2534 ) ;
#1460 = AXIS2_PLACEMENT_3D ( 'NONE', #904, #2593, #11 ) ;
#1461 = ORIENTED_EDGE ( 'NONE', *, *, #536, .F. ) ;
#1462 = LINE ( 'NONE', #2085, #3049 ) ;
#1463 = ORIENTED_EDGE ( 'NONE', *, *, #728, .T. ) ;
#1464 = CYLINDRICAL_SURFACE ( 'NONE', #1503, 4.549999999999999822 ) ;
#1465 = VERTEX_POINT ( 'NONE', #3622 ) ;
#1466 = DIRECTION ( 'NONE',  ( 0.000000000000000000, 1.000000000000000000, 0.000000000000000000 ) ) ;
#1467 = DIRECTION ( 'NONE',  ( 0.000000000000000000, 1.000000000000000000, 0.000000000000000000 ) ) ;
#1468 = ORIENTED_EDGE ( 'NONE', *, *, #1686, .T. ) ;
#1469 = LINE ( 'NONE', #2036, #2044 ) ;
#1470 = AXIS2_PLACEMENT_3D ( 'NONE', #1862, #3513, #695 ) ;
#1471 = DIRECTION ( 'NONE',  ( -0.000000000000000000, -1.000000000000000000, -0.000000000000000000 ) ) ;
#1472 = CYLINDRICAL_SURFACE ( 'NONE', #3273, 0.9999999999999991118 ) ;
#1473 = EDGE_CURVE ( 'NONE', #2028, #2449, #1347, .T. ) ;
#1474 = VERTEX_POINT ( 'NONE', #1983 ) ;
#1475 = LINE ( 'NONE', #2913, #2511 ) ;
#1476 = DIRECTION ( 'NONE',  ( 0.000000000000000000, 0.000000000000000000, -1.000000000000000000 ) ) ;
#1477 = EDGE_CURVE ( 'NONE', #808, #2818, #2821, .T. ) ;
#1478 = ADVANCED_FACE ( 'NONE', ( #3101 ), #3653, .F. ) ;
#1479 = EDGE_LOOP ( 'NONE', ( #1331, #2638, #769, #62, #316, #3190, #1401, #1768, #2440, #2601, #2536, #1960 ) ) ;
#1480 = CARTESIAN_POINT ( 'NONE',  ( 8.750000000000005329, 8.500000000000000000, 15.15544456622768976 ) ) ;
#1481 = DIRECTION ( 'NONE',  ( -0.000000000000000000, -1.000000000000000000, -0.000000000000000000 ) ) ;
#1482 = ADVANCED_FACE ( 'NONE', ( #2093 ), #320, .T. ) ;
#1483 = EDGE_LOOP ( 'NONE', ( #250, #75, #135, #3109 ) ) ;
#1484 = CARTESIAN_POINT ( 'NONE',  ( -8.750000000000053291, 1.499999999999999556, -15.15544456622765246 ) ) ;
#1485 = CARTESIAN_POINT ( 'NONE',  ( -0.7428480290812975451, 1.499999999999999556, 7.463121116911478836 ) ) ;
#1486 = CARTESIAN_POINT ( 'NONE',  ( -13.09011422469395036, 8.500000000000000000, -11.32725708595002700 ) ) ;
#1487 = ORIENTED_EDGE ( 'NONE', *, *, #2837, .F. ) ;
#1488 = VECTOR ( 'NONE', #89, 1000.000000000000000 ) ;
#1489 = CARTESIAN_POINT ( 'NONE',  ( 0.000000000000000000, 8.500000000000000000, 0.000000000000000000 ) ) ;
#1490 = DIRECTION ( 'NONE',  ( -0.000000000000000000, -1.000000000000000000, -0.000000000000000000 ) ) ;
#1491 = CIRCLE ( 'NONE', #2753, 7.500000000000000000 ) ;
#1492 = ORIENTED_EDGE ( 'NONE', *, *, #3578, .T. ) ;
#1493 = PRODUCT_CONTEXT ( 'NONE', #3410, 'mechanical' ) ;
#1494 = ORIENTED_EDGE ( 'NONE', *, *, #132, .F. ) ;
#1495 = CARTESIAN_POINT ( 'NONE',  ( 17.50000000000001421, 1.500000000000000000, 4.853321584273757548E-15 ) ) ;
#1496 = DIRECTION ( 'NONE',  ( 0.000000000000000000, 0.000000000000000000, -1.000000000000000000 ) ) ;
#1497 = VECTOR ( 'NONE', #2683, 1000.000000000000000 ) ;
#1498 = ORIENTED_EDGE ( 'NONE', *, *, #456, .T. ) ;
#1499 = EDGE_CURVE ( 'NONE', #3461, #2087, #2307, .T. ) ;
#1500 = CYLINDRICAL_SURFACE ( 'NONE', #1080, 4.550000000000001599 ) ;
#1501 = CARTESIAN_POINT ( 'NONE',  ( -8.750000000000053291, -1.500000000000000000, -13.60544456622765352 ) ) ;
#1502 = AXIS2_PLACEMENT_3D ( 'NONE', #2943, #333, #2668 ) ;
#1503 = AXIS2_PLACEMENT_3D ( 'NONE', #635, #1795, #311 ) ;
#1504 = ORIENTED_EDGE ( 'NONE', *, *, #2740, .T. ) ;
#1505 = AXIS2_PLACEMENT_3D ( 'NONE', #2829, #802, #234 ) ;
#1506 = EDGE_CURVE ( 'NONE', #927, #2164, #890, .T. ) ;
#1507 = VERTEX_POINT ( 'NONE', #2329 ) ;
#1508 = DIRECTION ( 'NONE',  ( 0.4999999999999950040, 0.000000000000000000, -0.8660254037844414832 ) ) ;
#1509 = CARTESIAN_POINT ( 'NONE',  ( 2.165063509459043800, 8.500000000000000000, -1.249999999998814282 ) ) ;
#1510 = DIRECTION ( 'NONE',  ( -0.000000000000000000, -1.000000000000000000, -0.000000000000000000 ) ) ;
#1511 = ORIENTED_EDGE ( 'NONE', *, *, #2005, .F. ) ;
#1512 = CYLINDRICAL_SURFACE ( 'NONE', #3129, 1.000000000000000000 ) ;
#1513 = DIRECTION ( 'NONE',  ( 0.000000000000000000, 1.000000000000000000, 0.000000000000000000 ) ) ;
#1514 = EDGE_LOOP ( 'NONE', ( #1951, #2500, #3419, #913 ) ) ;
#1515 = CARTESIAN_POINT ( 'NONE',  ( -2.165063509458652558, 8.500000000000000000, -1.249999999998590017 ) ) ;
#1516 = CARTESIAN_POINT ( 'NONE',  ( -0.7428480290812975451, 8.500000000000000000, 7.463121116911478836 ) ) ;
#1517 = VERTEX_POINT ( 'NONE', #361 ) ;
#1518 = CYLINDRICAL_SURFACE ( 'NONE', #2770, 2.600000000000000089 ) ;
#1519 = CARTESIAN_POINT ( 'NONE',  ( -11.54700538379261232, 1.500000000000000000, -19.99999999999996092 ) ) ;
#1520 = EDGE_CURVE ( 'NONE', #1582, #398, #57, .T. ) ;
#1521 = CIRCLE ( 'NONE', #2952, 0.9999999999999991118 ) ;
#1522 = VECTOR ( 'NONE', #93, 1000.000000000000000 ) ;
#1523 = ORIENTED_EDGE ( 'NONE', *, *, #377, .F. ) ;
#1524 = ORIENTED_EDGE ( 'NONE', *, *, #492, .F. ) ;
#1525 = DIRECTION ( 'NONE',  ( -0.000000000000000000, 1.000000000000000000, -0.000000000000000000 ) ) ;
#1526 = FACE_OUTER_BOUND ( 'NONE', #2988, .T. ) ;
#1527 = DIRECTION ( 'NONE',  ( -5.204170427930421283E-15, 0.000000000000000000, 1.000000000000000000 ) ) ;
#1528 = EDGE_CURVE ( 'NONE', #745, #927, #3359, .T. ) ;
#1529 = VECTOR ( 'NONE', #3483, 1000.000000000000000 ) ;
#1530 = CARTESIAN_POINT ( 'NONE',  ( 13.09011422469389885, 1.500000000000000000, -11.32725708595005898 ) ) ;
#1531 = VECTOR ( 'NONE', #3452, 1000.000000000000000 ) ;
#1532 = ORIENTED_EDGE ( 'NONE', *, *, #1060, .F. ) ;
#1533 = FACE_OUTER_BOUND ( 'NONE', #964, .T. ) ;
#1534 = EDGE_CURVE ( 'NONE', #2531, #3000, #203, .T. ) ;
#1535 = VECTOR ( 'NONE', #680, 1000.000000000000000 ) ;
#1536 = VERTEX_POINT ( 'NONE', #1530 ) ;
#1537 = CARTESIAN_POINT ( 'NONE',  ( -8.749999999999996447, 8.500000000000000000, 15.15544456622769154 ) ) ;
#1538 = CARTESIAN_POINT ( 'NONE',  ( 0.000000000000000000, 8.500000000000000000, 0.000000000000000000 ) ) ;
#1539 = AXIS2_PLACEMENT_3D ( 'NONE', #1509, #846, #3435 ) ;
#1540 = VERTEX_POINT ( 'NONE', #907 ) ;
#1541 = DIRECTION ( 'NONE',  ( 0.000000000000000000, 0.000000000000000000, 1.000000000000000000 ) ) ;
#1542 = CARTESIAN_POINT ( 'NONE',  ( -13.09011422469387398, -1.500000000000000000, 11.32725708595006964 ) ) ;
#1543 = ADVANCED_FACE ( 'NONE', ( #2674 ), #1806, .F. ) ;
#1544 = DIRECTION ( 'NONE',  ( -0.000000000000000000, 1.000000000000000000, -0.000000000000000000 ) ) ;
#1545 = CARTESIAN_POINT ( 'NONE',  ( -13.96882180821687491, 8.500000000000000000, -2.869369369369367817 ) ) ;
#1546 = FACE_OUTER_BOUND ( 'NONE', #2232, .T. ) ;
#1547 = VERTEX_POINT ( 'NONE', #960 ) ;
#1548 = ORIENTED_EDGE ( 'NONE', *, *, #926, .T. ) ;
#1549 = EDGE_CURVE ( 'NONE', #380, #396, #2191, .T. ) ;
#1550 = EDGE_CURVE ( 'NONE', #2139, #3252, #2014, .T. ) ;
#1551 = CARTESIAN_POINT ( 'NONE',  ( 8.761432854029905570, 1.500000000000000000, 10.17524685028773845 ) ) ;
#1552 = EDGE_CURVE ( 'NONE', #1769, #3300, #97, .T. ) ;
#1553 = ORIENTED_EDGE ( 'NONE', *, *, #1208, .F. ) ;
#1554 = AXIS2_PLACEMENT_3D ( 'NONE', #343, #2702, #669 ) ;
#1555 = FACE_OUTER_BOUND ( 'NONE', #1752, .T. ) ;
#1556 = CARTESIAN_POINT ( 'NONE',  ( 11.54700538379247732, 1.500000000000000000, -20.00000000000004263 ) ) ;
#1557 = VERTEX_POINT ( 'NONE', #1243 ) ;
#1558 = VERTEX_POINT ( 'NONE', #14 ) ;
#1559 = AXIS2_PLACEMENT_3D ( 'NONE', #1410, #911, #326 ) ;
#1560 = ADVANCED_FACE ( 'NONE', ( #1225 ), #1512, .F. ) ;
#1561 = DIRECTION ( 'NONE',  ( -1.051620219116008581E-14, 0.000000000000000000, -1.000000000000000000 ) ) ;
#1562 = FACE_OUTER_BOUND ( 'NONE', #2197, .T. ) ;
#1563 = CIRCLE ( 'NONE', #529, 1.000000000000000000 ) ;
#1564 = EDGE_LOOP ( 'NONE', ( #2643, #2934, #496, #2497 ) ) ;
#1565 = CARTESIAN_POINT ( 'NONE',  ( -15.85111615421191189, 8.500000000000000000, -4.240717163770646003 ) ) ;
#1566 = DIRECTION ( 'NONE',  ( 0.000000000000000000, 0.000000000000000000, -1.000000000000000000 ) ) ;
#1567 = AXIS2_PLACEMENT_3D ( 'NONE', #429, #3263, #2728 ) ;
#1568 = ORIENTED_EDGE ( 'NONE', *, *, #3506, .T. ) ;
#1569 = ORIENTED_EDGE ( 'NONE', *, *, #395, .F. ) ;
#1570 = CARTESIAN_POINT ( 'NONE',  ( 2.165063509463540203, -1.500000000000000000, 1.250000000001411982 ) ) ;
#1571 = EDGE_CURVE ( 'NONE', #827, #2396, #1652, .T. ) ;
#1572 = EDGE_CURVE ( 'NONE', #1730, #1011, #623, .T. ) ;
#1573 = ORIENTED_EDGE ( 'NONE', *, *, #3044, .T. ) ;
#1574 =( NAMED_UNIT ( * ) SI_UNIT ( $, .STERADIAN. ) SOLID_ANGLE_UNIT ( ) );
#1575 = ORIENTED_EDGE ( 'NONE', *, *, #2399, .F. ) ;
#1576 = DIRECTION ( 'NONE',  ( 0.000000000000000000, 0.000000000000000000, -1.000000000000000000 ) ) ;
#1577 = PLANE ( 'NONE',  #1849 ) ;
#1578 = CYLINDRICAL_SURFACE ( 'NONE', #2323, 1.549999999999997602 ) ;
#1579 = VERTEX_POINT ( 'NONE', #1848 ) ;
#1580 = CARTESIAN_POINT ( 'NONE',  ( -4.431305835109432323, 1.500000000000000000, 12.67524685029160381 ) ) ;
#1581 = CARTESIAN_POINT ( 'NONE',  ( -3.565280431324994392, -1.499999999999999556, 13.17524685029160381 ) ) ;
#1582 = VERTEX_POINT ( 'NONE', #2040 ) ;
#1583 = ADVANCED_FACE ( 'NONE', ( #606 ), #78, .F. ) ;
#1584 = DIRECTION ( 'NONE',  ( 0.000000000000000000, 1.000000000000000000, 0.000000000000000000 ) ) ;
#1585 = DIRECTION ( 'NONE',  ( -0.000000000000000000, -1.000000000000000000, -0.000000000000000000 ) ) ;
#1586 = EDGE_LOOP ( 'NONE', ( #1669, #894, #3400, #3166 ) ) ;
#1587 = AXIS2_PLACEMENT_3D ( 'NONE', #855, #2006, #342 ) ;
#1588 = ORIENTED_EDGE ( 'NONE', *, *, #2504, .F. ) ;
#1589 = ORIENTED_EDGE ( 'NONE', *, *, #3650, .T. ) ;
#1590 = CARTESIAN_POINT ( 'NONE',  ( -0.7428480290812975451, -1.500000000000000000, 7.463121116911478836 ) ) ;
#1591 = EDGE_LOOP ( 'NONE', ( #689, #3666, #3296, #86 ) ) ;
#1592 = DIRECTION ( 'NONE',  ( 0.000000000000000000, 0.000000000000000000, 1.000000000000000000 ) ) ;
#1593 = PLANE ( 'NONE',  #624 ) ;
#1594 = CARTESIAN_POINT ( 'NONE',  ( -4.431305835111842839, -1.500000000000000000, -12.67524685028541143 ) ) ;
#1595 = CARTESIAN_POINT ( 'NONE',  ( -4.252989283015923050, -1.500000000000000000, -15.84782784977071657 ) ) ;
#1596 = FACE_OUTER_BOUND ( 'NONE', #1371, .T. ) ;
#1597 = ADVANCED_FACE ( 'NONE', ( #2907 ), #336, .T. ) ;
#1598 = ORIENTED_EDGE ( 'NONE', *, *, #744, .F. ) ;
#1599 = AXIS2_PLACEMENT_3D ( 'NONE', #1489, #2632, #3119 ) ;
#1600 = CARTESIAN_POINT ( 'NONE',  ( -4.000000000000000000, -1.500000000000000000, -3.000000000000000000 ) ) ;
#1601 = DIRECTION ( 'NONE',  ( -0.5000000000000008882, 0.000000000000000000, -0.8660254037844380415 ) ) ;
#1602 = EDGE_LOOP ( 'NONE', ( #1175, #989, #1193, #2925 ) ) ;
#1603 = EDGE_LOOP ( 'NONE', ( #3059, #1696, #572, #232 ) ) ;
#1604 = VERTEX_POINT ( 'NONE', #2343 ) ;
#1605 = ORIENTED_EDGE ( 'NONE', *, *, #258, .T. ) ;
#1606 = EDGE_CURVE ( 'NONE', #2243, #2195, #3474, .T. ) ;
#1607 = CARTESIAN_POINT ( 'NONE',  ( 12.22408882090945781, 1.499999999999999556, -10.82725708595005543 ) ) ;
#1608 = FACE_OUTER_BOUND ( 'NONE', #2758, .T. ) ;
#1609 = DIRECTION ( 'NONE',  ( 0.000000000000000000, 1.000000000000000000, -0.000000000000000000 ) ) ;
#1610 = CARTESIAN_POINT ( 'NONE',  ( 0.000000000000000000, -1.500000000000000000, 0.000000000000000000 ) ) ;
#1611 = AXIS2_PLACEMENT_3D ( 'NONE', #1013, #2162, #3281 ) ;
#1612 = FACE_BOUND ( 'NONE', #2612, .T. ) ;
#1613 = DIRECTION ( 'NONE',  ( 1.734723475976807094E-15, 0.000000000000000000, 1.000000000000000000 ) ) ;
#1614 = AXIS2_PLACEMENT_3D ( 'NONE', #124, #208, #1937 ) ;
#1615 = ORIENTED_EDGE ( 'NONE', *, *, #369, .F. ) ;
#1616 = CIRCLE ( 'NONE', #2929, 1.000000000000000888 ) ;
#1617 = CARTESIAN_POINT ( 'NONE',  ( -7.745966692414834931, 1.500000000000000000, 2.499999999999999556 ) ) ;
#1618 = CARTESIAN_POINT ( 'NONE',  ( 8.750000000000003553, -1.500000000000000000, -13.60544456622767839 ) ) ;
#1619 = AXIS2_PLACEMENT_3D ( 'NONE', #1301, #3276, #1630 ) ;
#1620 = ADVANCED_FACE ( 'NONE', ( #1760 ), #2651, .F. ) ;
#1621 = ORIENTED_EDGE ( 'NONE', *, *, #3219, .T. ) ;
#1622 = VERTEX_POINT ( 'NONE', #867 ) ;
#1623 = ORIENTED_EDGE ( 'NONE', *, *, #1119, .T. ) ;
#1624 = ORIENTED_EDGE ( 'NONE', *, *, #247, .F. ) ;
#1625 = VERTEX_POINT ( 'NONE', #1485 ) ;
#1626 = CARTESIAN_POINT ( 'NONE',  ( 13.19273868914365444, -1.500000000000000000, 2.499999999999999556 ) ) ;
#1627 = AXIS2_PLACEMENT_3D ( 'NONE', #1328, #3227, #3567 ) ;
#1628 = EDGE_LOOP ( 'NONE', ( #783, #2968, #1657, #1845 ) ) ;
#1629 = AXIS2_PLACEMENT_3D ( 'NONE', #486, #1941, #3058 ) ;
#1630 = DIRECTION ( 'NONE',  ( 0.000000000000000000, 0.000000000000000000, 1.000000000000000000 ) ) ;
#1631 = LINE ( 'NONE', #1486, #865 ) ;
#1632 = DIRECTION ( 'NONE',  ( -0.000000000000000000, -1.000000000000000000, 0.000000000000000000 ) ) ;
#1633 = ORIENTED_EDGE ( 'NONE', *, *, #720, .F. ) ;
#1634 = VERTEX_POINT ( 'NONE', #2361 ) ;
#1635 = CARTESIAN_POINT ( 'NONE',  ( 9.627458257820958210, -1.499999999999999556, -9.675246850288791833 ) ) ;
#1636 = CYLINDRICAL_SURFACE ( 'NONE', #1804, 4.550000000000001599 ) ;
#1637 = ORIENTED_EDGE ( 'NONE', *, *, #3547, .F. ) ;
#1638 = CARTESIAN_POINT ( 'NONE',  ( 6.091828464221853423, -1.500000000000000000, 4.374885822795426371 ) ) ;
#1639 = CYLINDRICAL_SURFACE ( 'NONE', #3118, 1.549999999999999378 ) ;
#1640 = EDGE_CURVE ( 'NONE', #2060, #1730, #2739, .T. ) ;
#1641 = EDGE_LOOP ( 'NONE', ( #1568, #1186, #3080, #2883 ) ) ;
#1642 = EDGE_CURVE ( 'NONE', #3363, #2677, #1105, .T. ) ;
#1643 = PLANE ( 'NONE',  #223 ) ;
#1644 = EDGE_CURVE ( 'NONE', #1355, #840, #3418, .T. ) ;
#1645 = LINE ( 'NONE', #739, #683 ) ;
#1646 = ADVANCED_FACE ( 'NONE', ( #1142 ), #2303, .F. ) ;
#1647 = CARTESIAN_POINT ( 'NONE',  ( 0.000000000000000000, 0.5000000000000000000, 0.000000000000000000 ) ) ;
#1648 = EDGE_LOOP ( 'NONE', ( #698, #2910, #95, #131 ) ) ;
#1649 = DIRECTION ( 'NONE',  ( -0.4999999999999948375, 0.000000000000000000, 0.8660254037844415942 ) ) ;
#1650 = DIRECTION ( 'NONE',  ( 0.5000000000000001110, 0.000000000000000000, 0.8660254037844385966 ) ) ;
#1651 = ORIENTED_EDGE ( 'NONE', *, *, #56, .F. ) ;
#1652 = CIRCLE ( 'NONE', #1050, 1.549999999999999378 ) ;
#1653 = CARTESIAN_POINT ( 'NONE',  ( -3.199999999999999734, -1.500000000000000000, -2.399999999999999911 ) ) ;
#1654 = CARTESIAN_POINT ( 'NONE',  ( 0.000000000000000000, -1.500000000000000000, -16.99999999999996447 ) ) ;
#1655 = EDGE_CURVE ( 'NONE', #537, #289, #1155, .T. ) ;
#1656 = VERTEX_POINT ( 'NONE', #297 ) ;
#1657 = ORIENTED_EDGE ( 'NONE', *, *, #56, .T. ) ;
#1658 = ORIENTED_EDGE ( 'NONE', *, *, #2647, .F. ) ;
#1659 = CYLINDRICAL_SURFACE ( 'NONE', #1429, 1.000000000000000000 ) ;
#1660 = EDGE_CURVE ( 'NONE', #469, #877, #982, .T. ) ;
#1661 = EDGE_CURVE ( 'NONE', #2608, #2773, #2123, .T. ) ;
#1662 = CARTESIAN_POINT ( 'NONE',  ( 17.50000000000001421, -1.500000000000000000, 4.853321584273757548E-15 ) ) ;
#1663 = DIRECTION ( 'NONE',  ( -0.000000000000000000, -1.000000000000000000, -0.000000000000000000 ) ) ;
#1664 = LINE ( 'NONE', #225, #3205 ) ;
#1665 = EDGE_CURVE ( 'NONE', #2554, #1279, #3402, .T. ) ;
#1666 = ORIENTED_EDGE ( 'NONE', *, *, #3105, .T. ) ;
#1667 = FACE_BOUND ( 'NONE', #3415, .T. ) ;
#1668 = DIRECTION ( 'NONE',  ( 8.673617379884031528E-16, 0.000000000000000000, 1.000000000000000000 ) ) ;
#1669 = ORIENTED_EDGE ( 'NONE', *, *, #1336, .F. ) ;
#1670 = VECTOR ( 'NONE', #2562, 1000.000000000000000 ) ;
#1671 = DIRECTION ( 'NONE',  ( 0.4999999999999997780, 0.000000000000000000, 0.8660254037844387076 ) ) ;
#1672 = ORIENTED_EDGE ( 'NONE', *, *, #1477, .F. ) ;
#1673 = EDGE_LOOP ( 'NONE', ( #1689, #843, #217, #3256 ) ) ;
#1674 = FACE_OUTER_BOUND ( 'NONE', #3163, .T. ) ;
#1675 = CIRCLE ( 'NONE', #1554, 0.9999999999999991118 ) ;
#1676 = ORIENTED_EDGE ( 'NONE', *, *, #1665, .T. ) ;
#1677 = VECTOR ( 'NONE', #1278, 1000.000000000000000 ) ;
#1678 = ORIENTED_EDGE ( 'NONE', *, *, #2458, .F. ) ;
#1679 = CARTESIAN_POINT ( 'NONE',  ( -0.8418944329588039510, 8.500000000000000000, 7.458203932499677613 ) ) ;
#1680 = VECTOR ( 'NONE', #2173, 1000.000000000000000 ) ;
#1681 = AXIS2_PLACEMENT_3D ( 'NONE', #3280, #2179, #3294 ) ;
#1682 = CARTESIAN_POINT ( 'NONE',  ( -0.8418944329644686420, 8.500000000000000000, -8.458203932499113620 ) ) ;
#1683 = AXIS2_PLACEMENT_3D ( 'NONE', #2015, #3434, #10 ) ;
#1684 = DIRECTION ( 'NONE',  ( 0.000000000000000000, 1.000000000000000000, 0.000000000000000000 ) ) ;
#1685 = CARTESIAN_POINT ( 'NONE',  ( 6.904072259454760108, 1.499999999999999556, -4.958203932496852318 ) ) ;
#1686 = EDGE_CURVE ( 'NONE', #3243, #2243, #560, .T. ) ;
#1687 = EDGE_CURVE ( 'NONE', #1517, #2622, #3523, .T. ) ;
#1688 = AXIS2_PLACEMENT_3D ( 'NONE', #880, #370, #3184 ) ;
#1689 = ORIENTED_EDGE ( 'NONE', *, *, #1033, .F. ) ;
#1690 = FILL_AREA_STYLE ('',( #2490 ) ) ;
#1691 = DIRECTION ( 'NONE',  ( 0.000000000000000000, 1.000000000000000000, 0.000000000000000000 ) ) ;
#1692 = ORIENTED_EDGE ( 'NONE', *, *, #1550, .T. ) ;
#1693 = ORIENTED_EDGE ( 'NONE', *, *, #323, .T. ) ;
#1694 = CARTESIAN_POINT ( 'NONE',  ( -4.431305835109433211, -1.499999999999999556, 12.67524685029160381 ) ) ;
#1695 = CARTESIAN_POINT ( 'NONE',  ( 15.85111615421197584, -1.500000000000000000, 4.240717163770687748 ) ) ;
#1696 = ORIENTED_EDGE ( 'NONE', *, *, #3247, .T. ) ;
#1697 = PRODUCT_DEFINITION ( 'UNKNOWN', '', #1808, #2524 ) ;
#1698 = EDGE_LOOP ( 'NONE', ( #1404, #2405, #2707, #765, #2553, #180 ) ) ;
#1699 = DIRECTION ( 'NONE',  ( -0.000000000000000000, -1.000000000000000000, -0.000000000000000000 ) ) ;
#1700 = DIRECTION ( 'NONE',  ( 0.000000000000000000, 1.000000000000000000, 0.000000000000000000 ) ) ;
#1701 = CARTESIAN_POINT ( 'NONE',  ( -14.72243186433538575, 1.500000000000000000, 8.500000000000117240 ) ) ;
#1702 = ORIENTED_EDGE ( 'NONE', *, *, #2624, .T. ) ;
#1703 = CARTESIAN_POINT ( 'NONE',  ( 0.000000000000000000, 1.500000000000000000, 2.499999999999999556 ) ) ;
#1704 = DIRECTION ( 'NONE',  ( -0.000000000000000000, 1.000000000000000000, -0.000000000000000000 ) ) ;
#1705 = AXIS2_PLACEMENT_3D ( 'NONE', #2089, #1295, #1566 ) ;
#1706 = UNCERTAINTY_MEASURE_WITH_UNIT (LENGTH_MEASURE( 1.000000000000000082E-05 ), #702, 'distance_accuracy_value', 'NONE');
#1707 = CARTESIAN_POINT ( 'NONE',  ( 7.745966692414834931, 1.499999999999999556, 3.499999999999999556 ) ) ;
#1708 = DIRECTION ( 'NONE',  ( 0.000000000000000000, 0.000000000000000000, -1.000000000000000000 ) ) ;
#1709 = ORIENTED_EDGE ( 'NONE', *, *, #1917, .F. ) ;
#1710 = CIRCLE ( 'NONE', #2294, 1.000000000000000000 ) ;
#1711 = ORIENTED_EDGE ( 'NONE', *, *, #2201, .T. ) ;
#1712 = EDGE_LOOP ( 'NONE', ( #2174, #2520, #3355, #3144, #845, #2721, #1973, #2666, #480, #25, #3401, #1621, #2996 ) ) ;
#1713 = ADVANCED_FACE ( 'NONE', ( #1161 ), #53, .F. ) ;
#1714 = ADVANCED_FACE ( 'NONE', ( #3154 ), #602, .F. ) ;
#1715 = AXIS2_PLACEMENT_3D ( 'NONE', #3391, #2362, #2113 ) ;
#1716 = CARTESIAN_POINT ( 'NONE',  ( -3.199999999999999734, -1.500000000000000000, 2.399999999999999911 ) ) ;
#1717 = DIRECTION ( 'NONE',  ( 0.000000000000000000, 1.000000000000000000, 0.000000000000000000 ) ) ;
#1718 = EDGE_CURVE ( 'NONE', #1204, #1355, #3347, .T. ) ;
#1719 = VERTEX_POINT ( 'NONE', #2325 ) ;
#1720 = DIRECTION ( 'NONE',  ( -0.000000000000000000, 1.000000000000000000, -0.000000000000000000 ) ) ;
#1721 = ORIENTED_EDGE ( 'NONE', *, *, #277, .T. ) ;
#1722 = CARTESIAN_POINT ( 'NONE',  ( -0.8418944329588039510, -1.499999999999999556, 7.458203932499677613 ) ) ;
#1723 = EDGE_CURVE ( 'NONE', #1360, #2928, #1095, .T. ) ;
#1724 = ORIENTED_EDGE ( 'NONE', *, *, #3125, .T. ) ;
#1725 = CYLINDRICAL_SURFACE ( 'NONE', #1904, 4.549999999999998934 ) ;
#1726 = CARTESIAN_POINT ( 'NONE',  ( 0.7428480290867349733, -1.500000000000000000, -7.463121116910937047 ) ) ;
#1727 = CARTESIAN_POINT ( 'NONE',  ( 17.50000000000001421, -1.500000000000000000, -1.549999999999998046 ) ) ;
#1728 = DIRECTION ( 'NONE',  ( 0.000000000000000000, 0.000000000000000000, 1.000000000000000000 ) ) ;
#1729 = DIRECTION ( 'NONE',  ( -0.000000000000000000, -1.000000000000000000, -0.000000000000000000 ) ) ;
#1730 = VERTEX_POINT ( 'NONE', #638 ) ;
#1731 = FACE_OUTER_BOUND ( 'NONE', #1270, .T. ) ;
#1732 = CARTESIAN_POINT ( 'NONE',  ( 8.750000000000003553, -1.500000000000000000, -15.15544456622767733 ) ) ;
#1733 = EDGE_CURVE ( 'NONE', #1769, #1830, #2237, .T. ) ;
#1734 = ADVANCED_FACE ( 'NONE', ( #2729 ), #3473, .F. ) ;
#1735 = ORIENTED_EDGE ( 'NONE', *, *, #1528, .F. ) ;
#1736 = AXIS2_PLACEMENT_3D ( 'NONE', #2086, #1291, #1272 ) ;
#1737 = CARTESIAN_POINT ( 'NONE',  ( -15.48872410019255241, 8.500000000000000000, -5.172742914049911711 ) ) ;
#1738 = CARTESIAN_POINT ( 'NONE',  ( -4.000000000000000000, -1.500000000000000000, 0.000000000000000000 ) ) ;
#1739 = ORIENTED_EDGE ( 'NONE', *, *, #1320, .F. ) ;
#1740 = DIRECTION ( 'NONE',  ( 0.000000000000000000, 0.000000000000000000, -1.000000000000000000 ) ) ;
#1741 = ADVANCED_FACE ( 'NONE', ( #1526 ), #153, .T. ) ;
#1742 = AXIS2_PLACEMENT_3D ( 'NONE', #2082, #687, #3181 ) ;
#1743 = EDGE_LOOP ( 'NONE', ( #1437, #735 ) ) ;
#1744 = DIRECTION ( 'NONE',  ( 0.000000000000000000, 0.000000000000000000, -1.000000000000000000 ) ) ;
#1745 = AXIS2_PLACEMENT_3D ( 'NONE', #2132, #2094, #1183 ) ;
#1746 = VECTOR ( 'NONE', #533, 1000.000000000000000 ) ;
#1747 = DIRECTION ( 'NONE',  ( 0.000000000000000000, 1.000000000000000000, 0.000000000000000000 ) ) ;
#1748 = ADVANCED_FACE ( 'NONE', ( #446 ), #2944, .F. ) ;
#1749 = DIRECTION ( 'NONE',  ( -0.4999999999999997780, 0.000000000000000000, -0.8660254037844387076 ) ) ;
#1750 = DIRECTION ( 'NONE',  ( 0.000000000000000000, 0.000000000000000000, 1.000000000000000000 ) ) ;
#1751 = AXIS2_PLACEMENT_3D ( 'NONE', #391, #1544, #747 ) ;
#1752 = EDGE_LOOP ( 'NONE', ( #2540, #800, #2998, #667 ) ) ;
#1753 = EDGE_LOOP ( 'NONE', ( #2124, #1842, #42, #924 ) ) ;
#1754 = VECTOR ( 'NONE', #128, 1000.000000000000114 ) ;
#1755 = CARTESIAN_POINT ( 'NONE',  ( -8.749999999999996447, -1.500000000000000000, 13.60544456622769260 ) ) ;
#1756 = DIRECTION ( 'NONE',  ( 0.000000000000000000, 0.000000000000000000, 1.000000000000000000 ) ) ;
#1757 = ORIENTED_EDGE ( 'NONE', *, *, #816, .F. ) ;
#1758 = DIRECTION ( 'NONE',  ( -0.000000000000000000, 1.000000000000000000, -0.000000000000000000 ) ) ;
#1759 = ADVANCED_FACE ( 'NONE', ( #3491 ), #1843, .F. ) ;
#1760 = FACE_OUTER_BOUND ( 'NONE', #1564, .T. ) ;
#1761 = CARTESIAN_POINT ( 'NONE',  ( 0.000000000000000000, -1.500000000000000000, 0.000000000000000000 ) ) ;
#1762 = ADVANCED_FACE ( 'NONE', ( #392 ), #3512, .T. ) ;
#1763 = DIRECTION ( 'NONE',  ( -0.000000000000000000, -1.000000000000000000, -0.000000000000000000 ) ) ;
#1764 = EDGE_CURVE ( 'NONE', #1279, #1604, #314, .T. ) ;
#1765 = CARTESIAN_POINT ( 'NONE',  ( 4.252989283015871536, 8.500000000000000000, -15.84782784977072012 ) ) ;
#1766 = AXIS2_PLACEMENT_3D ( 'NONE', #1440, #2884, #2613 ) ;
#1767 = EDGE_CURVE ( 'NONE', #1360, #3016, #715, .T. ) ;
#1768 = ORIENTED_EDGE ( 'NONE', *, *, #302, .T. ) ;
#1769 = VERTEX_POINT ( 'NONE', #957 ) ;
#1770 = DIRECTION ( 'NONE',  ( 0.000000000000000000, 0.000000000000000000, 1.000000000000000000 ) ) ;
#1771 = FACE_OUTER_BOUND ( 'NONE', #3161, .T. ) ;
#1772 = ORIENTED_EDGE ( 'NONE', *, *, #648, .T. ) ;
#1773 = VERTEX_POINT ( 'NONE', #1258 ) ;
#1774 = CARTESIAN_POINT ( 'NONE',  ( -11.54700538379233699, -1.500000000000000000, 20.00000000000011724 ) ) ;
#1775 = DIRECTION ( 'NONE',  ( 0.000000000000000000, 1.000000000000000000, 0.000000000000000000 ) ) ;
#1776 = ORIENTED_EDGE ( 'NONE', *, *, #824, .F. ) ;
#1777 = VECTOR ( 'NONE', #1076, 1000.000000000000114 ) ;
#1778 = ORIENTED_EDGE ( 'NONE', *, *, #2492, .F. ) ;
#1779 = DIRECTION ( 'NONE',  ( 1.000000000000000000, 0.000000000000000000, 0.000000000000000000 ) ) ;
#1780 = DIRECTION ( 'NONE',  ( -0.000000000000000000, -1.000000000000000000, -0.000000000000000000 ) ) ;
#1781 = ORIENTED_EDGE ( 'NONE', *, *, #305, .F. ) ;
#1782 = EDGE_CURVE ( 'NONE', #519, #1517, #3285, .T. ) ;
#1783 = AXIS2_PLACEMENT_3D ( 'NONE', #3439, #378, #641 ) ;
#1784 = DIRECTION ( 'NONE',  ( 0.000000000000000000, 0.000000000000000000, -1.000000000000000000 ) ) ;
#1785 = DIRECTION ( 'NONE',  ( 0.4999999999999951150, 0.000000000000000000, -0.8660254037844414832 ) ) ;
#1786 = EDGE_CURVE ( 'NONE', #360, #365, #2290, .T. ) ;
#1787 = ORIENTED_EDGE ( 'NONE', *, *, #2328, .T. ) ;
#1788 = CARTESIAN_POINT ( 'NONE',  ( -15.85111615421193676, 8.500000000000000000, 4.240717163770690412 ) ) ;
#1789 = ORIENTED_EDGE ( 'NONE', *, *, #1176, .F. ) ;
#1790 = LINE ( 'NONE', #3462, #2263 ) ;
#1791 = CARTESIAN_POINT ( 'NONE',  ( 0.8418944329649665770, 1.499999999999999556, -8.458203932499063882 ) ) ;
#1792 = EDGE_CURVE ( 'NONE', #1634, #2060, #167, .T. ) ;
#1793 = ORIENTED_EDGE ( 'NONE', *, *, #2485, .T. ) ;
#1794 = CARTESIAN_POINT ( 'NONE',  ( 6.091828464224789741, 1.499999999999999556, -4.374885822791340750 ) ) ;
#1795 = DIRECTION ( 'NONE',  ( -0.000000000000000000, -1.000000000000000000, -0.000000000000000000 ) ) ;
#1796 = ADVANCED_FACE ( 'NONE', ( #114 ), #2401, .F. ) ;
#1797 = ORIENTED_EDGE ( 'NONE', *, *, #2813, .T. ) ;
#1798 = EDGE_CURVE ( 'NONE', #1452, #2859, #2127, .T. ) ;
#1799 = ORIENTED_EDGE ( 'NONE', *, *, #2255, .F. ) ;
#1800 = FACE_OUTER_BOUND ( 'NONE', #786, .T. ) ;
#1801 = DIRECTION ( 'NONE',  ( 0.000000000000000000, 0.000000000000000000, -1.000000000000000000 ) ) ;
#1802 = CARTESIAN_POINT ( 'NONE',  ( -11.59812687119609365, -1.500000000000000000, -11.60711068600005191 ) ) ;
#1803 = EDGE_LOOP ( 'NONE', ( #3598, #2903, #3396, #1327, #569, #1461, #2315, #1297, #1573, #2713, #1721, #864, #332 ) ) ;
#1804 = AXIS2_PLACEMENT_3D ( 'NONE', #1062, #514, #1096 ) ;
#1805 = VERTEX_POINT ( 'NONE', #430 ) ;
#1806 = CYLINDRICAL_SURFACE ( 'NONE', #87, 1.000000000000000888 ) ;
#1807 = CARTESIAN_POINT ( 'NONE',  ( -23.09401076758504345, 1.500000000000000000, 1.612646152681311659E-13 ) ) ;
#1808 = PRODUCT_DEFINITION_FORMATION_WITH_SPECIFIED_SOURCE ( 'ANY', '', #3354, .NOT_KNOWN. ) ;
#1809 = CIRCLE ( 'NONE', #2862, 1.549999999999997602 ) ;
#1810 = AXIS2_PLACEMENT_3D ( 'NONE', #2561, #2292, #1728 ) ;
#1811 = CIRCLE ( 'NONE', #655, 1.000000000000000000 ) ;
#1812 = ORIENTED_EDGE ( 'NONE', *, *, #810, .F. ) ;
#1813 = CARTESIAN_POINT ( 'NONE',  ( -7.745966692414834931, -1.500000000000000000, -2.500000000000000444 ) ) ;
#1814 = DIRECTION ( 'NONE',  ( 0.000000000000000000, -1.000000000000000000, 0.000000000000000000 ) ) ;
#1815 = AXIS2_PLACEMENT_3D ( 'NONE', #3054, #2555, #1024 ) ;
#1816 = CIRCLE ( 'NONE', #2932, 1.549999999999999378 ) ;
#1817 = ORIENTED_EDGE ( 'NONE', *, *, #728, .F. ) ;
#1818 = DIRECTION ( 'NONE',  ( 0.000000000000000000, 1.000000000000000000, 0.000000000000000000 ) ) ;
#1819 = EDGE_CURVE ( 'NONE', #2087, #41, #2379, .T. ) ;
#1820 = FACE_OUTER_BOUND ( 'NONE', #2358, .T. ) ;
#1821 = AXIS2_PLACEMENT_3D ( 'NONE', #2958, #1860, #409 ) ;
#1822 = AXIS2_PLACEMENT_3D ( 'NONE', #2918, #844, #597 ) ;
#1823 = VERTEX_POINT ( 'NONE', #2747 ) ;
#1824 = CIRCLE ( 'NONE', #1438, 1.000000000000000888 ) ;
#1825 = DIRECTION ( 'NONE',  ( 0.000000000000000000, 1.000000000000000000, 0.000000000000000000 ) ) ;
#1826 = DIRECTION ( 'NONE',  ( 0.8660254037844384856, -0.000000000000000000, 0.5000000000000004441 ) ) ;
#1827 = DIRECTION ( 'NONE',  ( 0.000000000000000000, 0.000000000000000000, 1.000000000000000000 ) ) ;
#1828 = CARTESIAN_POINT ( 'NONE',  ( 3.264635279283078617, 8.500000000000000000, 15.99999999999987566 ) ) ;
#1829 = CARTESIAN_POINT ( 'NONE',  ( 14.72243186433557582, 1.500000000000000000, 8.499999999999959144 ) ) ;
#1830 = VERTEX_POINT ( 'NONE', #937 ) ;
#1831 = VERTEX_POINT ( 'NONE', #3229 ) ;
#1832 = ORIENTED_EDGE ( 'NONE', *, *, #555, .T. ) ;
#1833 = CARTESIAN_POINT ( 'NONE',  ( 0.000000000000000000, -1.500000000000000000, 5.000000000000000000 ) ) ;
#1834 = DIRECTION ( 'NONE',  ( 0.000000000000000000, 0.000000000000000000, -1.000000000000000000 ) ) ;
#1835 = ORIENTED_EDGE ( 'NONE', *, *, #1354, .F. ) ;
#1836 = FACE_BOUND ( 'NONE', #1342, .T. ) ;
#1837 = CARTESIAN_POINT ( 'NONE',  ( 6.038046855666995505, -1.500000000000000000, 5.458203932501484168 ) ) ;
#1838 = AXIS2_PLACEMENT_3D ( 'NONE', #2959, #2669, #375 ) ;
#1839 = ORIENTED_EDGE ( 'NONE', *, *, #492, .T. ) ;
#1840 = ADVANCED_FACE ( 'NONE', ( #1861 ), #3208, .F. ) ;
#1841 = CARTESIAN_POINT ( 'NONE',  ( -11.54700538379233699, 1.500000000000000000, 20.00000000000011724 ) ) ;
#1842 = ORIENTED_EDGE ( 'NONE', *, *, #969, .F. ) ;
#1843 = CYLINDRICAL_SURFACE ( 'NONE', #1838, 1.000000000000000888 ) ;
#1844 = DIRECTION ( 'NONE',  ( -0.000000000000000000, -1.000000000000000000, -0.000000000000000000 ) ) ;
#1845 = ORIENTED_EDGE ( 'NONE', *, *, #2416, .T. ) ;
#1846 = CIRCLE ( 'NONE', #2606, 1.000000000000000000 ) ;
#1847 = ADVANCED_FACE ( 'NONE', ( #1101 ), #804, .T. ) ;
#1848 = CARTESIAN_POINT ( 'NONE',  ( -17.50000000000000000, 1.500000000000000000, 1.550000000000020473 ) ) ;
#1849 = AXIS2_PLACEMENT_3D ( 'NONE', #3558, #103, #1267 ) ;
#1850 = CARTESIAN_POINT ( 'NONE',  ( -23.09401076758504345, -1.500000000000000000, 1.612646152681311659E-13 ) ) ;
#1851 = ADVANCED_FACE ( 'NONE', ( #1674 ), #3048, .F. ) ;
#1852 = ORIENTED_EDGE ( 'NONE', *, *, #373, .F. ) ;
#1853 = VERTEX_POINT ( 'NONE', #3633 ) ;
#1854 = DIRECTION ( 'NONE',  ( -0.000000000000000000, 1.000000000000000000, -0.000000000000000000 ) ) ;
#1855 = DIRECTION ( 'NONE',  ( 0.000000000000000000, -1.000000000000000000, 0.000000000000000000 ) ) ;
#1856 = EDGE_LOOP ( 'NONE', ( #502, #1678, #609, #1961 ) ) ;
#1857 = DIRECTION ( 'NONE',  ( -0.000000000000000000, 1.000000000000000000, -0.000000000000000000 ) ) ;
#1858 = CARTESIAN_POINT ( 'NONE',  ( 7.745966692414834931, 1.500000000000000000, -2.500000000000000444 ) ) ;
#1859 = ORIENTED_EDGE ( 'NONE', *, *, #2919, .T. ) ;
#1860 = DIRECTION ( 'NONE',  ( -0.000000000000000000, -1.000000000000000000, -0.000000000000000000 ) ) ;
#1861 = FACE_OUTER_BOUND ( 'NONE', #1086, .T. ) ;
#1862 = CARTESIAN_POINT ( 'NONE',  ( -0.8418944329588039510, -1.499999999999999556, 8.458203932499676725 ) ) ;
#1863 = VERTEX_POINT ( 'NONE', #1387 ) ;
#1864 = ADVANCED_FACE ( 'NONE', ( #518 ), #1639, .F. ) ;
#1865 = DIRECTION ( 'NONE',  ( 0.000000000000000000, 0.000000000000000000, 1.000000000000000000 ) ) ;
#1866 = VECTOR ( 'NONE', #2706, 1000.000000000000000 ) ;
#1867 = ORIENTED_EDGE ( 'NONE', *, *, #3526, .F. ) ;
#1868 = CIRCLE ( 'NONE', #1250, 1.000000000000000000 ) ;
#1869 = DIRECTION ( 'NONE',  ( -0.000000000000000000, -1.000000000000000000, -0.000000000000000000 ) ) ;
#1870 = DIRECTION ( 'NONE',  ( 0.000000000000000000, 0.000000000000000000, 1.000000000000000000 ) ) ;
#1871 = EDGE_CURVE ( 'NONE', #2083, #866, #3060, .T. ) ;
#1872 = CARTESIAN_POINT ( 'NONE',  ( -8.749999999999996447, -1.500000000000000000, 15.15544456622769154 ) ) ;
#1873 = EDGE_LOOP ( 'NONE', ( #2637, #414, #839, #630 ) ) ;
#1874 = AXIS2_PLACEMENT_3D ( 'NONE', #1227, #699, #2368 ) ;
#1875 = FACE_OUTER_BOUND ( 'NONE', #1856, .T. ) ;
#1876 = CARTESIAN_POINT ( 'NONE',  ( 12.22408882090945781, 1.499999999999999556, -11.82725708595005720 ) ) ;
#1877 = VECTOR ( 'NONE', #3669, 1000.000000000000000 ) ;
#1878 = VERTEX_POINT ( 'NONE', #1053 ) ;
#1879 = CYLINDRICAL_SURFACE ( 'NONE', #1751, 1.000000000000000222 ) ;
#1880 = DIRECTION ( 'NONE',  ( 0.000000000000000000, 0.000000000000000000, -1.000000000000000000 ) ) ;
#1881 = CIRCLE ( 'NONE', #1502, 1.000000000000000888 ) ;
#1882 = VERTEX_POINT ( 'NONE', #2216 ) ;
#1883 = ORIENTED_EDGE ( 'NONE', *, *, #45, .T. ) ;
#1884 = PLANE ( 'NONE',  #2390 ) ;
#1885 = ORIENTED_EDGE ( 'NONE', *, *, #1458, .T. ) ;
#1886 = CARTESIAN_POINT ( 'NONE',  ( 13.09011422469389885, 8.500000000000000000, -11.32725708595005898 ) ) ;
#1887 = CYLINDRICAL_SURFACE ( 'NONE', #3459, 4.549999999999997158 ) ;
#1888 = DIRECTION ( 'NONE',  ( 1.776356839400250465E-15, 0.000000000000000000, 1.000000000000000000 ) ) ;
#1889 = EDGE_CURVE ( 'NONE', #402, #122, #237, .T. ) ;
#1890 = CARTESIAN_POINT ( 'NONE',  ( 6.038046855666994617, 8.500000000000000000, 5.458203932501483280 ) ) ;
#1891 = CARTESIAN_POINT ( 'NONE',  ( -13.96882180821685004, 1.499999999999999556, 2.869369369369372702 ) ) ;
#1892 = CARTESIAN_POINT ( 'NONE',  ( 13.09011422469398767, 8.500000000000000000, 11.32725708595013181 ) ) ;
#1893 = CARTESIAN_POINT ( 'NONE',  ( 23.09401076758504701, -1.500000000000000000, 0.000000000000000000 ) ) ;
#1894 = AXIS2_PLACEMENT_3D ( 'NONE', #748, #2245, #215 ) ;
#1895 = ORIENTED_EDGE ( 'NONE', *, *, #1354, .T. ) ;
#1896 = ORIENTED_EDGE ( 'NONE', *, *, #2340, .T. ) ;
#1897 = CARTESIAN_POINT ( 'NONE',  ( -11.54700538379233699, 1.500000000000000000, 20.00000000000011724 ) ) ;
#1898 = ORIENTED_EDGE ( 'NONE', *, *, #2367, .T. ) ;
#1899 = ORIENTED_EDGE ( 'NONE', *, *, #132, .T. ) ;
#1900 = CARTESIAN_POINT ( 'NONE',  ( 4.431305835112030245, 1.500000000000000000, -12.67524685028481635 ) ) ;
#1901 = DIRECTION ( 'NONE',  ( 0.000000000000000000, 1.000000000000000000, 0.000000000000000000 ) ) ;
#1902 = LINE ( 'NONE', #2204, #466 ) ;
#1903 = ADVANCED_FACE ( 'NONE', ( #2495 ), #3298, .T. ) ;
#1904 = AXIS2_PLACEMENT_3D ( 'NONE', #849, #1391, #3139 ) ;
#1905 = CYLINDRICAL_SURFACE ( 'NONE', #483, 1.000000000000000000 ) ;
#1906 = DIRECTION ( 'NONE',  ( 0.000000000000000000, 0.000000000000000000, -1.000000000000000000 ) ) ;
#1907 = CYLINDRICAL_SURFACE ( 'NONE', #2874, 4.550000000000001599 ) ;
#1908 = CARTESIAN_POINT ( 'NONE',  ( -8.749999999999996447, -1.500000000000000000, 13.60544456622769260 ) ) ;
#1909 = ORIENTED_EDGE ( 'NONE', *, *, #879, .T. ) ;
#1910 = VERTEX_POINT ( 'NONE', #1618 ) ;
#1911 = ORIENTED_EDGE ( 'NONE', *, *, #1082, .F. ) ;
#1912 = ORIENTED_EDGE ( 'NONE', *, *, #1723, .F. ) ;
#1913 = DIRECTION ( 'NONE',  ( -0.000000000000000000, 1.000000000000000000, -0.000000000000000000 ) ) ;
#1914 = DIRECTION ( 'NONE',  ( 0.000000000000000000, 0.000000000000000000, -1.000000000000000000 ) ) ;
#1915 = LINE ( 'NONE', #224, #15 ) ;
#1916 = CARTESIAN_POINT ( 'NONE',  ( 6.904072259451434768, 1.499999999999999556, 4.958203932501484168 ) ) ;
#1917 = EDGE_CURVE ( 'NONE', #2147, #3047, #1218, .T. ) ;
#1918 = DIRECTION ( 'NONE',  ( -0.000000000000000000, 1.000000000000000000, -0.000000000000000000 ) ) ;
#1919 = CYLINDRICAL_SURFACE ( 'NONE', #2806, 1.000000000000000888 ) ;
#1920 = AXIS2_PLACEMENT_3D ( 'NONE', #1428, #2523, #1450 ) ;
#1921 = DIRECTION ( 'NONE',  ( 0.000000000000000000, 0.000000000000000000, 1.000000000000000000 ) ) ;
#1922 = ORIENTED_EDGE ( 'NONE', *, *, #2535, .F. ) ;
#1923 = VECTOR ( 'NONE', #3581, 1000.000000000000000 ) ;
#1924 = CARTESIAN_POINT ( 'NONE',  ( 8.750000000000003553, -1.500000000000000000, -15.15544456622767733 ) ) ;
#1925 = ORIENTED_EDGE ( 'NONE', *, *, #878, .F. ) ;
#1926 = CIRCLE ( 'NONE', #1619, 1.000000000000000000 ) ;
#1927 = EDGE_CURVE ( 'NONE', #796, #632, #2893, .T. ) ;
#1928 = EDGE_LOOP ( 'NONE', ( #470, #1839, #1693, #3314, #1930, #2474 ) ) ;
#1929 = EDGE_LOOP ( 'NONE', ( #37, #1468, #2648, #1111 ) ) ;
#1930 = ORIENTED_EDGE ( 'NONE', *, *, #3368, .T. ) ;
#1931 = EDGE_CURVE ( 'NONE', #3132, #3403, #790, .T. ) ;
#1932 = PLANE ( 'NONE',  #2448 ) ;
#1933 = VECTOR ( 'NONE', #998, 1000.000000000000000 ) ;
#1934 = CIRCLE ( 'NONE', #3565, 1.000000000000000888 ) ;
#1935 = FACE_OUTER_BOUND ( 'NONE', #1281, .T. ) ;
#1936 = FACE_BOUND ( 'NONE', #2369, .T. ) ;
#1937 = DIRECTION ( 'NONE',  ( 0.000000000000000000, 0.000000000000000000, -1.000000000000000000 ) ) ;
#1938 = CARTESIAN_POINT ( 'NONE',  ( -15.85111615421191189, -1.500000000000000000, -4.240717163770646003 ) ) ;
#1939 = CARTESIAN_POINT ( 'NONE',  ( -6.834676493307206613, -1.500000000000000000, 3.088235294117646301 ) ) ;
#1940 = ORIENTED_EDGE ( 'NONE', *, *, #80, .T. ) ;
#1941 = DIRECTION ( 'NONE',  ( 0.000000000000000000, 1.000000000000000000, 0.000000000000000000 ) ) ;
#1942 = ORIENTED_EDGE ( 'NONE', *, *, #1026, .T. ) ;
#1943 = DIRECTION ( 'NONE',  ( -0.000000000000000000, -1.000000000000000000, -0.000000000000000000 ) ) ;
#1944 = EDGE_CURVE ( 'NONE', #2622, #883, #487, .T. ) ;
#1945 = ORIENTED_EDGE ( 'NONE', *, *, #1063, .T. ) ;
#1946 = FACE_OUTER_BOUND ( 'NONE', #2849, .T. ) ;
#1947 = AXIS2_PLACEMENT_3D ( 'NONE', #1177, #2053, #2867 ) ;
#1948 = DIRECTION ( 'NONE',  ( 0.000000000000000000, 1.000000000000000000, -0.000000000000000000 ) ) ;
#1949 = FACE_OUTER_BOUND ( 'NONE', #3126, .T. ) ;
#1950 = LINE ( 'NONE', #1059, #1309 ) ;
#1951 = ORIENTED_EDGE ( 'NONE', *, *, #1473, .F. ) ;
#1952 = LINE ( 'NONE', #3361, #1746 ) ;
#1953 = DIRECTION ( 'NONE',  ( -0.000000000000000000, -1.000000000000000000, 0.000000000000000000 ) ) ;
#1954 = AXIS2_PLACEMENT_3D ( 'NONE', #2128, #2402, #2020 ) ;
#1955 = ORIENTED_EDGE ( 'NONE', *, *, #906, .F. ) ;
#1956 = CIRCLE ( 'NONE', #871, 2.600000000000000089 ) ;
#1957 = FACE_OUTER_BOUND ( 'NONE', #3110, .T. ) ;
#1958 = ORIENTED_EDGE ( 'NONE', *, *, #2187, .F. ) ;
#1959 = DIRECTION ( 'NONE',  ( -0.000000000000000000, -1.000000000000000000, -0.000000000000000000 ) ) ;
#1960 = ORIENTED_EDGE ( 'NONE', *, *, #549, .T. ) ;
#1961 = ORIENTED_EDGE ( 'NONE', *, *, #3267, .T. ) ;
#1962 = CARTESIAN_POINT ( 'NONE',  ( -6.091828464224531281, -1.500000000000000000, -4.374885822791697798 ) ) ;
#1963 = DIRECTION ( 'NONE',  ( 0.000000000000000000, 0.000000000000000000, -1.000000000000000000 ) ) ;
#1964 = EDGE_CURVE ( 'NONE', #2072, #1279, #3170, .T. ) ;
#1965 = DIRECTION ( 'NONE',  ( 0.000000000000000000, -0.000000000000000000, 1.000000000000000000 ) ) ;
#1966 = DIRECTION ( 'NONE',  ( -0.000000000000000000, -1.000000000000000000, -0.000000000000000000 ) ) ;
#1967 = DIRECTION ( 'NONE',  ( 0.4999999999999948930, 0.000000000000000000, -0.8660254037844415942 ) ) ;
#1968 = EDGE_CURVE ( 'NONE', #2072, #3428, #823, .T. ) ;
#1969 = ORIENTED_EDGE ( 'NONE', *, *, #2125, .F. ) ;
#1970 = ORIENTED_EDGE ( 'NONE', *, *, #712, .T. ) ;
#1971 = AXIS2_PLACEMENT_3D ( 'NONE', #2585, #1729, #1476 ) ;
#1972 = CARTESIAN_POINT ( 'NONE',  ( -17.50000000000000000, -1.500000000000000000, 1.769808360342463528E-14 ) ) ;
#1973 = ORIENTED_EDGE ( 'NONE', *, *, #697, .T. ) ;
#1974 = CARTESIAN_POINT ( 'NONE',  ( -8.749999999999996447, 8.500000000000000000, 15.15544456622769154 ) ) ;
#1975 = CIRCLE ( 'NONE', #345, 1.549999999999999378 ) ;
#1976 = CIRCLE ( 'NONE', #116, 1.000000000000000000 ) ;
#1977 = VERTEX_POINT ( 'NONE', #1695 ) ;
#1978 = ORIENTED_EDGE ( 'NONE', *, *, #3091, .T. ) ;
#1979 = ORIENTED_EDGE ( 'NONE', *, *, #2675, .T. ) ;
#1980 = DIRECTION ( 'NONE',  ( 0.000000000000000000, 0.000000000000000000, -1.000000000000000000 ) ) ;
#1981 = VECTOR ( 'NONE', #299, 1000.000000000000227 ) ;
#1982 = EDGE_CURVE ( 'NONE', #3120, #3090, #256, .T. ) ;
#1983 = CARTESIAN_POINT ( 'NONE',  ( -7.745966692414834931, -1.500000000000000000, 2.499999999999999556 ) ) ;
#1984 = CARTESIAN_POINT ( 'NONE',  ( -3.264635279283147007, 8.500000000000000000, -16.99999999999996447 ) ) ;
#1985 = DIRECTION ( 'NONE',  ( 0.000000000000000000, 1.000000000000000000, 0.000000000000000000 ) ) ;
#1986 = EDGE_CURVE ( 'NONE', #577, #2351, #2411, .T. ) ;
#1987 = CIRCLE ( 'NONE', #2865, 1.549999999999999378 ) ;
#1988 = FACE_BOUND ( 'NONE', #2158, .T. ) ;
#1989 = DIRECTION ( 'NONE',  ( 0.000000000000000000, 1.000000000000000000, 0.000000000000000000 ) ) ;
#1990 = ORIENTED_EDGE ( 'NONE', *, *, #2345, .F. ) ;
#1991 = LINE ( 'NONE', #3112, #3037 ) ;
#1992 = DIRECTION ( 'NONE',  ( 0.000000000000000000, 1.000000000000000000, 0.000000000000000000 ) ) ;
#1993 = ADVANCED_FACE ( 'NONE', ( #182 ), #1329, .T. ) ;
#1994 = EDGE_LOOP ( 'NONE', ( #733, #432, #1524, #1040 ) ) ;
#1995 = CARTESIAN_POINT ( 'NONE',  ( -6.834676493307206613, 8.500000000000000000, -3.088235294117646745 ) ) ;
#1996 = VERTEX_POINT ( 'NONE', #3312 ) ;
#1997 = CIRCLE ( 'NONE', #2888, 1.549999999999999378 ) ;
#1998 = CYLINDRICAL_SURFACE ( 'NONE', #3554, 0.9999999999999991118 ) ;
#1999 = ORIENTED_EDGE ( 'NONE', *, *, #2005, .T. ) ;
#2000 = CARTESIAN_POINT ( 'NONE',  ( -2.165063509458652558, -1.500000000000000000, -1.249999999998590017 ) ) ;
#2001 = CARTESIAN_POINT ( 'NONE',  ( -4.431305835109432323, -1.500000000000000000, 12.67524685029160381 ) ) ;
#2002 = DIRECTION ( 'NONE',  ( -0.000000000000000000, -1.000000000000000000, -0.000000000000000000 ) ) ;
#2003 = ORIENTED_EDGE ( 'NONE', *, *, #1082, .T. ) ;
#2004 = ORIENTED_EDGE ( 'NONE', *, *, #1944, .T. ) ;
#2005 = EDGE_CURVE ( 'NONE', #1910, #3366, #1997, .T. ) ;
#2006 = DIRECTION ( 'NONE',  ( 0.000000000000000000, -1.000000000000000000, 0.000000000000000000 ) ) ;
#2007 = LINE ( 'NONE', #571, #521 ) ;
#2008 = EDGE_LOOP ( 'NONE', ( #3025, #1098, #1351, #2498 ) ) ;
#2009 = ORIENTED_EDGE ( 'NONE', *, *, #44, .T. ) ;
#2010 = CARTESIAN_POINT ( 'NONE',  ( 8.750000000000003553, 1.500000000000000000, -15.15544456622767733 ) ) ;
#2011 = EDGE_CURVE ( 'NONE', #840, #3477, #2846, .T. ) ;
#2012 = CARTESIAN_POINT ( 'NONE',  ( -15.85111615421191189, 1.499999999999999556, -4.240717163770646003 ) ) ;
#2013 = VERTEX_POINT ( 'NONE', #2012 ) ;
#2014 = CIRCLE ( 'NONE', #2672, 4.550000000000001599 ) ;
#2015 = CARTESIAN_POINT ( 'NONE',  ( -3.565280431327402244, 1.499999999999999556, -13.17524685028540965 ) ) ;
#2016 = CARTESIAN_POINT ( 'NONE',  ( 12.22408882090945781, 1.499999999999999556, -10.82725708595005543 ) ) ;
#2017 = EDGE_LOOP ( 'NONE', ( #3594, #2311, #787, #2798 ) ) ;
#2018 = FACE_OUTER_BOUND ( 'NONE', #2120, .T. ) ;
#2019 = VERTEX_POINT ( 'NONE', #3134 ) ;
#2020 = DIRECTION ( 'NONE',  ( 0.000000000000000000, 0.000000000000000000, -1.000000000000000000 ) ) ;
#2021 = DIRECTION ( 'NONE',  ( 0.000000000000000000, 0.000000000000000000, 1.000000000000000000 ) ) ;
#2022 = LINE ( 'NONE', #2312, #170 ) ;
#2023 = CARTESIAN_POINT ( 'NONE',  ( 13.96882180821687136, -1.500000000000000000, 2.869369369369369593 ) ) ;
#2024 = ORIENTED_EDGE ( 'NONE', *, *, #1458, .F. ) ;
#2025 = ORIENTED_EDGE ( 'NONE', *, *, #889, .T. ) ;
#2026 = DIRECTION ( 'NONE',  ( -0.000000000000000000, -1.000000000000000000, -0.000000000000000000 ) ) ;
#2027 = DIRECTION ( 'NONE',  ( 0.000000000000000000, 0.000000000000000000, 1.000000000000000000 ) ) ;
#2028 = VERTEX_POINT ( 'NONE', #2901 ) ;
#2029 = AXIS2_PLACEMENT_3D ( 'NONE', #129, #2957, #1236 ) ;
#2030 = ADVANCED_FACE ( 'NONE', ( #1115 ), #3447, .F. ) ;
#2031 = VERTEX_POINT ( 'NONE', #27 ) ;
#2032 = EDGE_CURVE ( 'NONE', #184, #918, #3341, .T. ) ;
#2033 = AXIS2_PLACEMENT_3D ( 'NONE', #991, #2640, #3222 ) ;
#2034 = DIRECTION ( 'NONE',  ( 0.000000000000000000, 0.000000000000000000, -1.000000000000000000 ) ) ;
#2035 = CARTESIAN_POINT ( 'NONE',  ( -8.749999999999996447, -1.500000000000000000, 15.15544456622769154 ) ) ;
#2036 = CARTESIAN_POINT ( 'NONE',  ( -11.54700538379233699, -1.500000000000000000, 20.00000000000011724 ) ) ;
#2037 = CIRCLE ( 'NONE', #3210, 1.000000000000000888 ) ;
#2038 = EDGE_CURVE ( 'NONE', #2773, #2603, #138, .T. ) ;
#2039 = ORIENTED_EDGE ( 'NONE', *, *, #1606, .T. ) ;
#2040 = CARTESIAN_POINT ( 'NONE',  ( 4.431305835109641045, -1.500000000000000000, 12.67524685029107800 ) ) ;
#2041 = VECTOR ( 'NONE', #3537, 1000.000000000000000 ) ;
#2042 = AXIS2_PLACEMENT_3D ( 'NONE', #3563, #3541, #1028 ) ;
#2043 = CARTESIAN_POINT ( 'NONE',  ( -12.22408882090950932, 1.499999999999999556, -10.82725708595003233 ) ) ;
#2044 = VECTOR ( 'NONE', #3156, 1000.000000000000000 ) ;
#2045 = ORIENTED_EDGE ( 'NONE', *, *, #2767, .F. ) ;
#2046 = CARTESIAN_POINT ( 'NONE',  ( -13.19273868914365977, 1.500000000000000000, -2.500000000000000444 ) ) ;
#2047 = DIRECTION ( 'NONE',  ( -1.000000000000000000, 0.000000000000000000, 0.000000000000000000 ) ) ;
#2048 = VECTOR ( 'NONE', #1825, 1000.000000000000000 ) ;
#2049 = EDGE_LOOP ( 'NONE', ( #2704, #656, #1969, #1262 ) ) ;
#2050 = CARTESIAN_POINT ( 'NONE',  ( 3.565280431327590982, 1.499999999999999556, -13.17524685028481635 ) ) ;
#2051 = DIRECTION ( 'NONE',  ( -0.000000000000000000, -1.000000000000000000, -0.000000000000000000 ) ) ;
#2052 = CARTESIAN_POINT ( 'NONE',  ( -12.22408882090950932, -1.499999999999999556, -11.82725708595003233 ) ) ;
#2053 = DIRECTION ( 'NONE',  ( -0.000000000000000000, -1.000000000000000000, -0.000000000000000000 ) ) ;
#2054 = ORIENTED_EDGE ( 'NONE', *, *, #1640, .F. ) ;
#2055 = EDGE_CURVE ( 'NONE', #3243, #1853, #979, .T. ) ;
#2056 = EDGE_CURVE ( 'NONE', #2247, #1878, #2625, .T. ) ;
#2057 = DIRECTION ( 'NONE',  ( 0.000000000000000000, 1.000000000000000000, 0.000000000000000000 ) ) ;
#2058 = EDGE_CURVE ( 'NONE', #2117, #1540, #2065, .T. ) ;
#2059 = LINE ( 'NONE', #2348, #2984 ) ;
#2060 = VERTEX_POINT ( 'NONE', #3414 ) ;
#2061 = CARTESIAN_POINT ( 'NONE',  ( -8.761432854035909656, 1.500000000000000000, -10.17524685028865861 ) ) ;
#2062 = DIRECTION ( 'NONE',  ( -0.5000000000000001110, 0.000000000000000000, -0.8660254037844385966 ) ) ;
#2063 = ORIENTED_EDGE ( 'NONE', *, *, #1644, .T. ) ;
#2064 = CYLINDRICAL_SURFACE ( 'NONE', #362, 4.549999999999998934 ) ;
#2065 = LINE ( 'NONE', #3113, #433 ) ;
#2066 = ORIENTED_EDGE ( 'NONE', *, *, #2993, .F. ) ;
#2067 = LINE ( 'NONE', #3173, #3665 ) ;
#2068 = EDGE_LOOP ( 'NONE', ( #3481, #552, #1245, #2641 ) ) ;
#2069 = DIRECTION ( 'NONE',  ( 0.000000000000000000, 1.000000000000000000, 0.000000000000000000 ) ) ;
#2070 = CARTESIAN_POINT ( 'NONE',  ( 0.000000000000000000, 1.499999999999999556, 0.000000000000000000 ) ) ;
#2071 = ORIENTED_EDGE ( 'NONE', *, *, #2813, .F. ) ;
#2072 = VERTEX_POINT ( 'NONE', #576 ) ;
#2073 = CIRCLE ( 'NONE', #1470, 0.9999999999999991118 ) ;
#2074 = ADVANCED_FACE ( 'NONE', ( #2589 ), #1195, .F. ) ;
#2075 = AXIS2_PLACEMENT_3D ( 'NONE', #2930, #1165, #3211 ) ;
#2076 = CARTESIAN_POINT ( 'NONE',  ( 4.431305835109641933, 1.499999999999999556, 12.67524685029107800 ) ) ;
#2077 = DIRECTION ( 'NONE',  ( 0.000000000000000000, 0.000000000000000000, -1.000000000000000000 ) ) ;
#2078 = ADVANCED_FACE ( 'NONE', ( #1416 ), #1464, .T. ) ;
#2079 = DIRECTION ( 'NONE',  ( 0.000000000000000000, 0.000000000000000000, 1.000000000000000000 ) ) ;
#2080 = EDGE_LOOP ( 'NONE', ( #1709, #273, #2421, #1523 ) ) ;
#2081 = CARTESIAN_POINT ( 'NONE',  ( -3.264635279283147007, -1.499999999999999556, -15.99999999999996270 ) ) ;
#2082 = CARTESIAN_POINT ( 'NONE',  ( 7.745966692414834931, -1.499999999999999556, -3.500000000000000444 ) ) ;
#2083 = VERTEX_POINT ( 'NONE', #2566 ) ;
#2084 = EDGE_CURVE ( 'NONE', #444, #3424, #359, .T. ) ;
#2085 = CARTESIAN_POINT ( 'NONE',  ( 8.761432854029903794, 8.500000000000000000, 10.17524685028773668 ) ) ;
#2086 = CARTESIAN_POINT ( 'NONE',  ( 8.750000000000003553, 1.500000000000000000, -15.15544456622767733 ) ) ;
#2087 = VERTEX_POINT ( 'NONE', #2552 ) ;
#2088 = CARTESIAN_POINT ( 'NONE',  ( -4.252989283015923050, 8.500000000000000000, -15.84782784977071657 ) ) ;
#2089 = CARTESIAN_POINT ( 'NONE',  ( 8.750000000000003553, 8.500000000000000000, -15.15544456622767733 ) ) ;
#2090 = CARTESIAN_POINT ( 'NONE',  ( 13.96882180821688024, -1.500000000000000000, -2.869369369369369149 ) ) ;
#2091 = VECTOR ( 'NONE', #1344, 1000.000000000000000 ) ;
#2092 = ORIENTED_EDGE ( 'NONE', *, *, #3105, .F. ) ;
#2093 = FACE_OUTER_BOUND ( 'NONE', #1602, .T. ) ;
#2094 = DIRECTION ( 'NONE',  ( -0.000000000000000000, -1.000000000000000000, -0.000000000000000000 ) ) ;
#2095 = ADVANCED_FACE ( 'NONE', ( #1173 ), #3646, .F. ) ;
#2096 = AXIS2_PLACEMENT_3D ( 'NONE', #2805, #478, #755 ) ;
#2097 = VECTOR ( 'NONE', #2002, 1000.000000000000000 ) ;
#2098 = CIRCLE ( 'NONE', #473, 1.000000000000000222 ) ;
#2099 = ORIENTED_EDGE ( 'NONE', *, *, #354, .T. ) ;
#2100 = DIRECTION ( 'NONE',  ( 0.000000000000000000, 1.000000000000000000, 0.000000000000000000 ) ) ;
#2101 = DIRECTION ( 'NONE',  ( -0.000000000000000000, -1.000000000000000000, -0.000000000000000000 ) ) ;
#2102 = EDGE_CURVE ( 'NONE', #2129, #857, #789, .T. ) ;
#2103 = VECTOR ( 'NONE', #2406, 1000.000000000000000 ) ;
#2104 = AXIS2_PLACEMENT_3D ( 'NONE', #1635, #2604, #1453 ) ;
#2105 = ORIENTED_EDGE ( 'NONE', *, *, #3514, .F. ) ;
#2106 = CARTESIAN_POINT ( 'NONE',  ( -11.54700538379233699, 1.500000000000000000, 20.00000000000011724 ) ) ;
#2107 = DIRECTION ( 'NONE',  ( 0.000000000000000000, 1.000000000000000000, 0.000000000000000000 ) ) ;
#2108 = CIRCLE ( 'NONE', #2271, 4.549999999999998934 ) ;
#2109 = CIRCLE ( 'NONE', #3505, 5.000000000000000000 ) ;
#2110 = CARTESIAN_POINT ( 'NONE',  ( 17.50000000000001421, 8.500000000000000000, 4.853321584273757548E-15 ) ) ;
#2111 = ORIENTED_EDGE ( 'NONE', *, *, #3543, .F. ) ;
#2112 = CARTESIAN_POINT ( 'NONE',  ( -7.745966692414834931, 1.499999999999999556, -3.500000000000000444 ) ) ;
#2113 = DIRECTION ( 'NONE',  ( 0.000000000000000000, 0.000000000000000000, 1.000000000000000000 ) ) ;
#2114 = DIRECTION ( 'NONE',  ( -0.000000000000000000, -1.000000000000000000, -0.000000000000000000 ) ) ;
#2115 = CARTESIAN_POINT ( 'NONE',  ( 12.22408882090945781, -1.499999999999999556, -10.82725708595005543 ) ) ;
#2116 = EDGE_LOOP ( 'NONE', ( #161, #2111, #807, #1702 ) ) ;
#2117 = VERTEX_POINT ( 'NONE', #271 ) ;
#2118 = CARTESIAN_POINT ( 'NONE',  ( -4.000000000000000000, -1.500000000000000000, 1.800000000000000044 ) ) ;
#2119 = DIRECTION ( 'NONE',  ( 0.000000000000000000, 0.000000000000000000, 1.000000000000000000 ) ) ;
#2120 = EDGE_LOOP ( 'NONE', ( #2378, #2199, #2387, #2152 ) ) ;
#2121 = CARTESIAN_POINT ( 'NONE',  ( 13.19273868914365444, 8.500000000000000000, 3.499999999999999556 ) ) ;
#2122 = CARTESIAN_POINT ( 'NONE',  ( -8.749999999999996447, 1.500000000000000000, 15.15544456622769154 ) ) ;
#2123 = CIRCLE ( 'NONE', #251, 4.549999999999997158 ) ;
#2124 = ORIENTED_EDGE ( 'NONE', *, *, #2539, .F. ) ;
#2125 = EDGE_CURVE ( 'NONE', #2403, #3167, #1521, .T. ) ;
#2126 = CARTESIAN_POINT ( 'NONE',  ( -15.48872410019258261, 8.500000000000000000, 5.172742914049957896 ) ) ;
#2127 = LINE ( 'NONE', #1238, #435 ) ;
#2128 = CARTESIAN_POINT ( 'NONE',  ( 3.565280431327590982, 8.500000000000000000, -13.17524685028481635 ) ) ;
#2129 = VERTEX_POINT ( 'NONE', #1139 ) ;
#2130 = ORIENTED_EDGE ( 'NONE', *, *, #2927, .F. ) ;
#2131 = CIRCLE ( 'NONE', #1286, 7.500000000000000000 ) ;
#2132 = CARTESIAN_POINT ( 'NONE',  ( -3.264635279283147007, 1.499999999999999556, -15.99999999999996270 ) ) ;
#2133 = CIRCLE ( 'NONE', #388, 1.000000000000000000 ) ;
#2134 = VERTEX_POINT ( 'NONE', #3399 ) ;
#2135 = DIRECTION ( 'NONE',  ( -0.4999999999999997780, 0.000000000000000000, -0.8660254037844387076 ) ) ;
#2136 = ORIENTED_EDGE ( 'NONE', *, *, #2084, .F. ) ;
#2137 = DIRECTION ( 'NONE',  ( 0.000000000000000000, -0.000000000000000000, 1.000000000000000000 ) ) ;
#2138 = DIRECTION ( 'NONE',  ( -0.000000000000000000, -1.000000000000000000, -0.000000000000000000 ) ) ;
#2139 = VERTEX_POINT ( 'NONE', #862 ) ;
#2140 = CARTESIAN_POINT ( 'NONE',  ( 0.7428480290817282006, 8.500000000000000000, 7.463121116911437092 ) ) ;
#2141 = DIRECTION ( 'NONE',  ( 0.000000000000000000, 0.000000000000000000, 1.000000000000000000 ) ) ;
#2142 = EDGE_CURVE ( 'NONE', #2139, #3424, #2861, .T. ) ;
#2143 = VERTEX_POINT ( 'NONE', #1891 ) ;
#2144 = DIRECTION ( 'NONE',  ( -0.8660254037844347108, 0.000000000000000000, 0.5000000000000069944 ) ) ;
#2145 = DIRECTION ( 'NONE',  ( -0.000000000000000000, -1.000000000000000000, -0.000000000000000000 ) ) ;
#2146 = ORIENTED_EDGE ( 'NONE', *, *, #697, .F. ) ;
#2147 = VERTEX_POINT ( 'NONE', #3528 ) ;
#2148 = ORIENTED_EDGE ( 'NONE', *, *, #1039, .T. ) ;
#2149 = CARTESIAN_POINT ( 'NONE',  ( 0.000000000000000000, 8.500000000000000000, -2.500000000000000444 ) ) ;
#2150 = EDGE_CURVE ( 'NONE', #1558, #2587, #2995, .T. ) ;
#2151 = CIRCLE ( 'NONE', #1117, 0.9999999999999991118 ) ;
#2152 = ORIENTED_EDGE ( 'NONE', *, *, #525, .F. ) ;
#2153 = CARTESIAN_POINT ( 'NONE',  ( -4.000000000000000000, 0.5000000000000000000, 1.800000000000000044 ) ) ;
#2154 = VECTOR ( 'NONE', #2157, 1000.000000000000000 ) ;
#2155 = DIRECTION ( 'NONE',  ( 0.8660254037844385966, 0.000000000000000000, -0.5000000000000001110 ) ) ;
#2156 = FACE_OUTER_BOUND ( 'NONE', #3028, .T. ) ;
#2157 = DIRECTION ( 'NONE',  ( -0.000000000000000000, 1.000000000000000000, -0.000000000000000000 ) ) ;
#2158 = EDGE_LOOP ( 'NONE', ( #3533, #2423 ) ) ;
#2159 = VECTOR ( 'NONE', #1785, 1000.000000000000114 ) ;
#2160 = ORIENTED_EDGE ( 'NONE', *, *, #1534, .F. ) ;
#2161 = CARTESIAN_POINT ( 'NONE',  ( 12.22408882090945781, -1.499999999999999556, -11.82725708595005720 ) ) ;
#2162 = DIRECTION ( 'NONE',  ( -0.000000000000000000, -1.000000000000000000, -0.000000000000000000 ) ) ;
#2163 = CIRCLE ( 'NONE', #3326, 1.550000000000002709 ) ;
#2164 = VERTEX_POINT ( 'NONE', #2684 ) ;
#2165 = AXIS2_PLACEMENT_3D ( 'NONE', #2126, #976, #165 ) ;
#2166 = DIRECTION ( 'NONE',  ( 0.4999999999999997780, 0.000000000000000000, 0.8660254037844387076 ) ) ;
#2167 = VERTEX_POINT ( 'NONE', #1858 ) ;
#2168 = DIRECTION ( 'NONE',  ( -0.000000000000000000, 1.000000000000000000, -0.000000000000000000 ) ) ;
#2169 = AXIS2_PLACEMENT_3D ( 'NONE', #1716, #1415, #2815 ) ;
#2170 = EDGE_LOOP ( 'NONE', ( #2700, #1772, #452, #1190, #1363, #1895, #2363, #806, #2857, #1167, #2291, #90, #174, #201 ) ) ;
#2171 = ADVANCED_FACE ( 'NONE', ( #1562 ), #3487, .F. ) ;
#2172 = ORIENTED_EDGE ( 'NONE', *, *, #417, .F. ) ;
#2173 = DIRECTION ( 'NONE',  ( -0.000000000000000000, -1.000000000000000000, -0.000000000000000000 ) ) ;
#2174 = ORIENTED_EDGE ( 'NONE', *, *, #227, .T. ) ;
#2175 = EDGE_CURVE ( 'NONE', #1287, #2608, #463, .T. ) ;
#2176 = DIRECTION ( 'NONE',  ( 0.000000000000000000, 0.000000000000000000, -1.000000000000000000 ) ) ;
#2177 = FACE_BOUND ( 'NONE', #523, .T. ) ;
#2178 = DIRECTION ( 'NONE',  ( 0.000000000000000000, 1.000000000000000000, 0.000000000000000000 ) ) ;
#2179 = DIRECTION ( 'NONE',  ( 0.000000000000000000, 1.000000000000000000, 0.000000000000000000 ) ) ;
#2180 = FACE_OUTER_BOUND ( 'NONE', #1230, .T. ) ;
#2181 = ORIENTED_EDGE ( 'NONE', *, *, #881, .T. ) ;
#2182 = CARTESIAN_POINT ( 'NONE',  ( 17.50000000000001421, -1.500000000000000000, 4.853321584273757548E-15 ) ) ;
#2183 = DIRECTION ( 'NONE',  ( 0.000000000000000000, -1.000000000000000000, 0.000000000000000000 ) ) ;
#2184 = ORIENTED_EDGE ( 'NONE', *, *, #1296, .T. ) ;
#2185 = ORIENTED_EDGE ( 'NONE', *, *, #1944, .F. ) ;
#2186 = DIRECTION ( 'NONE',  ( 0.000000000000000000, 0.000000000000000000, -1.000000000000000000 ) ) ;
#2187 = EDGE_CURVE ( 'NONE', #3013, #1540, #2973, .T. ) ;
#2188 = CYLINDRICAL_SURFACE ( 'NONE', #1189, 0.9999999999999991118 ) ;
#2189 = CARTESIAN_POINT ( 'NONE',  ( 13.19273868914366332, -1.500000000000000000, -2.500000000000000444 ) ) ;
#2190 = DIRECTION ( 'NONE',  ( 0.000000000000000000, -1.000000000000000000, 0.000000000000000000 ) ) ;
#2191 = CIRCLE ( 'NONE', #2075, 7.500000000000000000 ) ;
#2192 = ADVANCED_FACE ( 'NONE', ( #1820 ), #950, .F. ) ;
#2193 = SURFACE_STYLE_FILL_AREA ( #1690 ) ;
#2194 = DIRECTION ( 'NONE',  ( -0.000000000000000000, 1.000000000000000000, -0.000000000000000000 ) ) ;
#2195 = VERTEX_POINT ( 'NONE', #1876 ) ;
#2196 = CARTESIAN_POINT ( 'NONE',  ( -3.565280431327402244, -1.499999999999999556, -13.17524685028540965 ) ) ;
#2197 = EDGE_LOOP ( 'NONE', ( #3311, #627, #685, #1228 ) ) ;
#2198 = DIRECTION ( 'NONE',  ( 0.000000000000000000, 0.000000000000000000, -1.000000000000000000 ) ) ;
#2199 = ORIENTED_EDGE ( 'NONE', *, *, #1358, .F. ) ;
#2200 = DIRECTION ( 'NONE',  ( 1.734723475976805517E-15, 0.000000000000000000, 1.000000000000000000 ) ) ;
#2201 = EDGE_CURVE ( 'NONE', #827, #788, #3241, .T. ) ;
#2202 = DIRECTION ( 'NONE',  ( 0.000000000000000000, 0.000000000000000000, 1.000000000000000000 ) ) ;
#2203 = FACE_BOUND ( 'NONE', #1170, .T. ) ;
#2204 = CARTESIAN_POINT ( 'NONE',  ( 0.7428480290867349733, 8.500000000000000000, -7.463121116910937936 ) ) ;
#2205 = VECTOR ( 'NONE', #3564, 1000.000000000000000 ) ;
#2206 = AXIS2_PLACEMENT_3D ( 'NONE', #2645, #3201, #3469 ) ;
#2207 = DIRECTION ( 'NONE',  ( 0.000000000000000000, 1.000000000000000000, 0.000000000000000000 ) ) ;
#2208 = EDGE_CURVE ( 'NONE', #1276, #2326, #2626, .T. ) ;
#2209 = CARTESIAN_POINT ( 'NONE',  ( 9.469357670826191509, 8.500000000000000000, -10.66266986216967183 ) ) ;
#2210 = EDGE_CURVE ( 'NONE', #1622, #122, #2979, .T. ) ;
#2211 = AXIS2_PLACEMENT_3D ( 'NONE', #3464, #1855, #647 ) ;
#2212 = CIRCLE ( 'NONE', #3036, 1.549999999999997602 ) ;
#2213 = DIRECTION ( 'NONE',  ( -0.000000000000000000, -1.000000000000000000, -0.000000000000000000 ) ) ;
#2214 = ORIENTED_EDGE ( 'NONE', *, *, #2696, .F. ) ;
#2215 = EDGE_CURVE ( 'NONE', #503, #2603, #149, .T. ) ;
#2216 = CARTESIAN_POINT ( 'NONE',  ( -0.7428480290862956581, 1.499999999999999556, -7.463121116910980568 ) ) ;
#2217 = AXIS2_PLACEMENT_3D ( 'NONE', #2327, #3318, #3304 ) ;
#2218 = ORIENTED_EDGE ( 'NONE', *, *, #1365, .F. ) ;
#2219 = VERTEX_POINT ( 'NONE', #390 ) ;
#2220 = CARTESIAN_POINT ( 'NONE',  ( -8.761432854029346018, -1.500000000000000000, 10.17524685028765852 ) ) ;
#2221 = CIRCLE ( 'NONE', #599, 4.550000000000001599 ) ;
#2222 = CARTESIAN_POINT ( 'NONE',  ( -3.264635279283071512, 8.500000000000000000, 16.99999999999987566 ) ) ;
#2223 = CARTESIAN_POINT ( 'NONE',  ( 13.96882180821688024, 1.499999999999999556, -2.869369369369369149 ) ) ;
#2224 = DIRECTION ( 'NONE',  ( -0.000000000000000000, -1.000000000000000000, 0.000000000000000000 ) ) ;
#2225 = LINE ( 'NONE', #3611, #835 ) ;
#2226 = DIRECTION ( 'NONE',  ( 0.000000000000000000, 0.000000000000000000, 1.000000000000000000 ) ) ;
#2227 = EDGE_LOOP ( 'NONE', ( #1958, #2430, #3620, #2863 ) ) ;
#2228 = CARTESIAN_POINT ( 'NONE',  ( 3.264635279283095937, 1.499999999999999556, -15.99999999999996270 ) ) ;
#2229 = ORIENTED_EDGE ( 'NONE', *, *, #756, .F. ) ;
#2230 = CARTESIAN_POINT ( 'NONE',  ( 6.834676493307206613, 8.500000000000000000, 3.088235294117646301 ) ) ;
#2231 = ORIENTED_EDGE ( 'NONE', *, *, #247, .T. ) ;
#2232 = EDGE_LOOP ( 'NONE', ( #2282, #2771, #3283, #2646 ) ) ;
#2233 = ORIENTED_EDGE ( 'NONE', *, *, #3244, .F. ) ;
#2234 = ORIENTED_EDGE ( 'NONE', *, *, #2032, .T. ) ;
#2235 = FACE_OUTER_BOUND ( 'NONE', #2227, .T. ) ;
#2236 = EDGE_CURVE ( 'NONE', #1773, #3120, #973, .T. ) ;
#2237 = CIRCLE ( 'NONE', #3176, 1.000000000000000888 ) ;
#2238 = DIRECTION ( 'NONE',  ( 0.000000000000000000, 0.000000000000000000, -1.000000000000000000 ) ) ;
#2239 = FACE_BOUND ( 'NONE', #3235, .T. ) ;
#2240 = CARTESIAN_POINT ( 'NONE',  ( -1.707919836743243325, -1.500000000000000000, 7.958203932499676725 ) ) ;
#2241 = FACE_OUTER_BOUND ( 'NONE', #1648, .T. ) ;
#2242 = CIRCLE ( 'NONE', #1048, 4.549999999999997158 ) ;
#2243 = VERTEX_POINT ( 'NONE', #2434 ) ;
#2244 = DIRECTION ( 'NONE',  ( 0.000000000000000000, 0.000000000000000000, 1.000000000000000000 ) ) ;
#2245 = DIRECTION ( 'NONE',  ( -0.8660254037844388186, 0.000000000000000000, 0.4999999999999998335 ) ) ;
#2246 = ORIENTED_EDGE ( 'NONE', *, *, #1205, .T. ) ;
#2247 = VERTEX_POINT ( 'NONE', #995 ) ;
#2248 = EDGE_CURVE ( 'NONE', #3275, #1882, #3202, .T. ) ;
#2249 = PLANE ( 'NONE',  #2267 ) ;
#2250 = CARTESIAN_POINT ( 'NONE',  ( 0.000000000000000000, 0.5000000000000000000, 0.000000000000000000 ) ) ;
#2251 = CARTESIAN_POINT ( 'NONE',  ( -2.165063509463149405, -1.500000000000000000, 1.250000000001184386 ) ) ;
#2252 = ADVANCED_FACE ( 'NONE', ( #2664 ), #371, .F. ) ;
#2253 = DIRECTION ( 'NONE',  ( -2.602085213965210642E-15, 0.000000000000000000, 1.000000000000000000 ) ) ;
#2254 = DIRECTION ( 'NONE',  ( -0.000000000000000000, -1.000000000000000000, -0.000000000000000000 ) ) ;
#2255 = EDGE_CURVE ( 'NONE', #3000, #2773, #709, .T. ) ;
#2256 = DIRECTION ( 'NONE',  ( 0.000000000000000000, 0.000000000000000000, -1.000000000000000000 ) ) ;
#2257 = ORIENTED_EDGE ( 'NONE', *, *, #603, .F. ) ;
#2258 = VECTOR ( 'NONE', #2795, 1000.000000000000114 ) ;
#2259 = EDGE_LOOP ( 'NONE', ( #515, #2732, #3130, #2306 ) ) ;
#2260 = CARTESIAN_POINT ( 'NONE',  ( -6.091828464221601180, 1.499999999999999556, 4.374885822795778090 ) ) ;
#2261 = CARTESIAN_POINT ( 'NONE',  ( -12.22408882090950932, 8.500000000000000000, -10.82725708595003233 ) ) ;
#2262 = AXIS2_PLACEMENT_3D ( 'NONE', #3539, #2488, #1009 ) ;
#2263 = VECTOR ( 'NONE', #2895, 1000.000000000000000 ) ;
#2264 = EDGE_LOOP ( 'NONE', ( #618, #2712, #3062, #3586 ) ) ;
#2265 = DIRECTION ( 'NONE',  ( -0.000000000000000000, -1.000000000000000000, -0.000000000000000000 ) ) ;
#2266 = CARTESIAN_POINT ( 'NONE',  ( -8.749999999999996447, -1.500000000000000000, 15.15544456622769154 ) ) ;
#2267 = AXIS2_PLACEMENT_3D ( 'NONE', #2851, #1423, #2538 ) ;
#2268 = ADVANCED_FACE ( 'NONE', ( #2376 ), #3542, .F. ) ;
#2269 = EDGE_CURVE ( 'NONE', #1030, #1054, #1364, .T. ) ;
#2270 = DIRECTION ( 'NONE',  ( 0.000000000000000000, -1.000000000000000000, 0.000000000000000000 ) ) ;
#2271 = AXIS2_PLACEMENT_3D ( 'NONE', #1484, #2324, #353 ) ;
#2272 = CARTESIAN_POINT ( 'NONE',  ( 1.707919836743731157, -1.499999999999999556, 7.958203932499626987 ) ) ;
#2273 = CARTESIAN_POINT ( 'NONE',  ( -4.252989283015851996, 1.499999999999999556, 15.84782784977065084 ) ) ;
#2274 = VECTOR ( 'NONE', #310, 1000.000000000000000 ) ;
#2275 = CYLINDRICAL_SURFACE ( 'NONE', #1810, 1.549999999999999378 ) ;
#2276 = DIRECTION ( 'NONE',  ( 0.000000000000000000, 1.000000000000000000, -0.000000000000000000 ) ) ;
#2277 = VERTEX_POINT ( 'NONE', #672 ) ;
#2278 = ORIENTED_EDGE ( 'NONE', *, *, #2848, .T. ) ;
#2279 = ORIENTED_EDGE ( 'NONE', *, *, #2649, .F. ) ;
#2280 = DIRECTION ( 'NONE',  ( 0.000000000000000000, 0.000000000000000000, 1.000000000000000000 ) ) ;
#2281 = DIRECTION ( 'NONE',  ( -0.000000000000000000, -1.000000000000000000, -0.000000000000000000 ) ) ;
#2282 = ORIENTED_EDGE ( 'NONE', *, *, #974, .F. ) ;
#2283 = DIRECTION ( 'NONE',  ( 0.000000000000000000, 0.000000000000000000, 1.000000000000000000 ) ) ;
#2284 = ORIENTED_EDGE ( 'NONE', *, *, #484, .T. ) ;
#2285 = DIRECTION ( 'NONE',  ( 0.000000000000000000, 0.000000000000000000, -1.000000000000000000 ) ) ;
#2286 = VERTEX_POINT ( 'NONE', #1837 ) ;
#2287 = ORIENTED_EDGE ( 'NONE', *, *, #3068, .F. ) ;
#2288 = LINE ( 'NONE', #2000, #265 ) ;
#2289 = DIRECTION ( 'NONE',  ( 0.000000000000000000, 1.000000000000000000, 0.000000000000000000 ) ) ;
#2290 = CIRCLE ( 'NONE', #553, 4.549999999999999822 ) ;
#2291 = ORIENTED_EDGE ( 'NONE', *, *, #2215, .F. ) ;
#2292 = DIRECTION ( 'NONE',  ( -0.000000000000000000, 1.000000000000000000, -0.000000000000000000 ) ) ;
#2293 = DIRECTION ( 'NONE',  ( -0.000000000000000000, -1.000000000000000000, -0.000000000000000000 ) ) ;
#2294 = AXIS2_PLACEMENT_3D ( 'NONE', #2659, #3502, #668 ) ;
#2295 = ORIENTED_EDGE ( 'NONE', *, *, #712, .F. ) ;
#2296 = CIRCLE ( 'NONE', #3246, 5.000000000000000000 ) ;
#2297 = CIRCLE ( 'NONE', #1346, 7.500000000000000000 ) ;
#2298 = CARTESIAN_POINT ( 'NONE',  ( 8.750000000000003553, -1.500000000000000000, -16.70544456622767626 ) ) ;
#2299 = DIRECTION ( 'NONE',  ( -0.000000000000000000, -1.000000000000000000, -0.000000000000000000 ) ) ;
#2300 = VECTOR ( 'NONE', #1182, 1000.000000000000000 ) ;
#2301 = ORIENTED_EDGE ( 'NONE', *, *, #578, .T. ) ;
#2302 = LINE ( 'NONE', #3153, #3045 ) ;
#2303 = CYLINDRICAL_SURFACE ( 'NONE', #859, 0.9999999999999991118 ) ;
#2304 = VERTEX_POINT ( 'NONE', #1542 ) ;
#2305 = CYLINDRICAL_SURFACE ( 'NONE', #2870, 1.000000000000000888 ) ;
#2306 = ORIENTED_EDGE ( 'NONE', *, *, #373, .T. ) ;
#2307 = LINE ( 'NONE', #3457, #3302 ) ;
#2308 = CYLINDRICAL_SURFACE ( 'NONE', #2385, 1.550000000000002709 ) ;
#2309 = ORIENTED_EDGE ( 'NONE', *, *, #1381, .F. ) ;
#2310 = ADVANCED_FACE ( 'NONE', ( #2180 ), #2473, .F. ) ;
#2311 = ORIENTED_EDGE ( 'NONE', *, *, #348, .F. ) ;
#2312 = CARTESIAN_POINT ( 'NONE',  ( 2.165063509459043800, -1.500000000000000000, -1.249999999998814282 ) ) ;
#2313 = CARTESIAN_POINT ( 'NONE',  ( -14.72243186433550477, -1.500000000000000000, -8.499999999999911182 ) ) ;
#2314 = ORIENTED_EDGE ( 'NONE', *, *, #3543, .T. ) ;
#2315 = ORIENTED_EDGE ( 'NONE', *, *, #28, .T. ) ;
#2316 = EDGE_CURVE ( 'NONE', #1719, #3461, #3307, .T. ) ;
#2317 = EDGE_CURVE ( 'NONE', #3344, #3116, #3074, .T. ) ;
#2318 = CARTESIAN_POINT ( 'NONE',  ( 0.000000000000000000, 1.500000000000000000, 2.499999999999999556 ) ) ;
#2319 = CARTESIAN_POINT ( 'NONE',  ( -3.264635279283071512, -1.499999999999999556, 15.99999999999987566 ) ) ;
#2320 = AXIS2_PLACEMENT_3D ( 'NONE', #1581, #2724, #2393 ) ;
#2321 = VERTEX_POINT ( 'NONE', #778 ) ;
#2322 = ORIENTED_EDGE ( 'NONE', *, *, #946, .F. ) ;
#2323 = AXIS2_PLACEMENT_3D ( 'NONE', #1872, #2429, #3524 ) ;
#2324 = DIRECTION ( 'NONE',  ( 0.000000000000000000, 1.000000000000000000, 0.000000000000000000 ) ) ;
#2325 = CARTESIAN_POINT ( 'NONE',  ( 11.54700538379275621, 1.500000000000000000, 19.99999999999987566 ) ) ;
#2326 = VERTEX_POINT ( 'NONE', #3612 ) ;
#2327 = CARTESIAN_POINT ( 'NONE',  ( 6.904072259454760108, 8.500000000000000000, -4.958203932496852318 ) ) ;
#2328 = EDGE_CURVE ( 'NONE', #1261, #1143, #3627, .T. ) ;
#2329 = CARTESIAN_POINT ( 'NONE',  ( -4.252989283015923050, 1.499999999999999556, -15.84782784977071657 ) ) ;
#2330 = AXIS2_PLACEMENT_3D ( 'NONE', #2427, #2155, #476 ) ;
#2331 = AXIS2_PLACEMENT_3D ( 'NONE', #3240, #389, #1541 ) ;
#2332 = PLANE ( 'NONE',  #593 ) ;
#2333 = AXIS2_PLACEMENT_3D ( 'NONE', #2866, #2592, #601 ) ;
#2334 = CARTESIAN_POINT ( 'NONE',  ( 0.000000000000000000, -1.500000000000000000, 2.499999999999999556 ) ) ;
#2335 = CARTESIAN_POINT ( 'NONE',  ( -0.8418944329588039510, 1.499999999999999556, 8.458203932499676725 ) ) ;
#2336 = AXIS2_PLACEMENT_3D ( 'NONE', #461, #3026, #112 ) ;
#2337 = ORIENTED_EDGE ( 'NONE', *, *, #3629, .T. ) ;
#2338 = DIRECTION ( 'NONE',  ( -0.5000000000000008882, 0.000000000000000000, -0.8660254037844380415 ) ) ;
#2339 = DIRECTION ( 'NONE',  ( 0.000000000000000000, -1.000000000000000000, 0.000000000000000000 ) ) ;
#2340 = EDGE_CURVE ( 'NONE', #808, #813, #110, .T. ) ;
#2341 = ORIENTED_EDGE ( 'NONE', *, *, #2439, .F. ) ;
#2342 = CARTESIAN_POINT ( 'NONE',  ( -6.091828464221601180, 8.500000000000000000, 4.374885822795778090 ) ) ;
#2343 = CARTESIAN_POINT ( 'NONE',  ( -7.745966692414834931, 1.500000000000000000, -2.500000000000000444 ) ) ;
#2344 = LINE ( 'NONE', #958, #85 ) ;
#2345 = EDGE_CURVE ( 'NONE', #813, #2143, #1180, .T. ) ;
#2346 = DIRECTION ( 'NONE',  ( 0.000000000000000000, 0.000000000000000000, -1.000000000000000000 ) ) ;
#2347 = VECTOR ( 'NONE', #540, 1000.000000000000000 ) ;
#2348 = CARTESIAN_POINT ( 'NONE',  ( -16.35474950397699345, 8.500000000000000000, -5.672742914049906382 ) ) ;
#2349 = ADVANCED_FACE ( 'NONE', ( #482 ), #1636, .T. ) ;
#2350 = VERTEX_POINT ( 'NONE', #820 ) ;
#2351 = VERTEX_POINT ( 'NONE', #1939 ) ;
#2352 = DIRECTION ( 'NONE',  ( -0.5000000000000069944, 0.000000000000000000, -0.8660254037844345998 ) ) ;
#2353 = AXIS2_PLACEMENT_3D ( 'NONE', #977, #2145, #1313 ) ;
#2354 = DIRECTION ( 'NONE',  ( -0.4999999999999949485, 0.000000000000000000, 0.8660254037844415942 ) ) ;
#2355 = ORIENTED_EDGE ( 'NONE', *, *, #3630, .T. ) ;
#2356 = CYLINDRICAL_SURFACE ( 'NONE', #1137, 0.9999999999999991118 ) ;
#2357 = CARTESIAN_POINT ( 'NONE',  ( 0.000000000000000000, 1.499999999999999556, 0.000000000000000000 ) ) ;
#2358 = EDGE_LOOP ( 'NONE', ( #1569, #1211, #2885, #3096 ) ) ;
#2359 = ORIENTED_EDGE ( 'NONE', *, *, #2890, .F. ) ;
#2360 = DIRECTION ( 'NONE',  ( 0.000000000000000000, 0.000000000000000000, 1.000000000000000000 ) ) ;
#2361 = CARTESIAN_POINT ( 'NONE',  ( -13.96882180821687491, 1.499999999999999556, -2.869369369369366929 ) ) ;
#2362 = DIRECTION ( 'NONE',  ( 0.000000000000000000, 1.000000000000000000, 0.000000000000000000 ) ) ;
#2363 = ORIENTED_EDGE ( 'NONE', *, *, #3271, .T. ) ;
#2364 = AXIS2_PLACEMENT_3D ( 'NONE', #1075, #1425, #1407 ) ;
#2365 = VECTOR ( 'NONE', #3371, 1000.000000000000000 ) ;
#2366 = CARTESIAN_POINT ( 'NONE',  ( 2.165063509463540203, 8.500000000000000000, 1.250000000001411982 ) ) ;
#2367 = EDGE_CURVE ( 'NONE', #490, #3635, #587, .T. ) ;
#2368 = DIRECTION ( 'NONE',  ( 0.000000000000000000, 0.000000000000000000, 1.000000000000000000 ) ) ;
#2369 = EDGE_LOOP ( 'NONE', ( #1435, #1300 ) ) ;
#2370 = VERTEX_POINT ( 'NONE', #442 ) ;
#2371 = VERTEX_POINT ( 'NONE', #1307 ) ;
#2372 = LINE ( 'NONE', #3220, #1529 ) ;
#2373 = FACE_OUTER_BOUND ( 'NONE', #2708, .T. ) ;
#2374 = VERTEX_POINT ( 'NONE', #3597 ) ;
#2375 = DIRECTION ( 'NONE',  ( 0.000000000000000000, 0.000000000000000000, 1.000000000000000000 ) ) ;
#2376 = FACE_OUTER_BOUND ( 'NONE', #522, .T. ) ;
#2377 = ORIENTED_EDGE ( 'NONE', *, *, #2516, .T. ) ;
#2378 = ORIENTED_EDGE ( 'NONE', *, *, #98, .F. ) ;
#2379 = LINE ( 'NONE', #1893, #2894 ) ;
#2380 = DIRECTION ( 'NONE',  ( 0.000000000000000000, 0.000000000000000000, -1.000000000000000000 ) ) ;
#2381 = CARTESIAN_POINT ( 'NONE',  ( -8.750000000000053291, -1.500000000000000000, -15.15544456622765246 ) ) ;
#2382 = CARTESIAN_POINT ( 'NONE',  ( -8.749999999999996447, -1.500000000000000000, 15.15544456622769154 ) ) ;
#2383 = AXIS2_PLACEMENT_3D ( 'NONE', #1433, #1691, #1169 ) ;
#2384 = ADVANCED_FACE ( 'NONE', ( #1596 ), #2810, .F. ) ;
#2385 = AXIS2_PLACEMENT_3D ( 'NONE', #2560, #3373, #2581 ) ;
#2386 = CIRCLE ( 'NONE', #125, 1.000000000000000000 ) ;
#2387 = ORIENTED_EDGE ( 'NONE', *, *, #974, .T. ) ;
#2388 = CARTESIAN_POINT ( 'NONE',  ( 17.50000000000001421, -1.500000000000000000, 1.550000000000007594 ) ) ;
#2389 = CARTESIAN_POINT ( 'NONE',  ( 6.834676493307206613, -1.500000000000000000, 3.088235294117646301 ) ) ;
#2390 = AXIS2_PLACEMENT_3D ( 'NONE', #3651, #1740, #828 ) ;
#2391 = ORIENTED_EDGE ( 'NONE', *, *, #3191, .T. ) ;
#2392 = LINE ( 'NONE', #2140, #1020 ) ;
#2393 = DIRECTION ( 'NONE',  ( 0.000000000000000000, 0.000000000000000000, 1.000000000000000000 ) ) ;
#2394 = AXIS2_PLACEMENT_3D ( 'NONE', #72, #313, #3450 ) ;
#2395 = EDGE_CURVE ( 'NONE', #877, #2277, #2781, .T. ) ;
#2396 = VERTEX_POINT ( 'NONE', #1047 ) ;
#2397 = ORIENTED_EDGE ( 'NONE', *, *, #555, .F. ) ;
#2398 = CIRCLE ( 'NONE', #1688, 1.000000000000000000 ) ;
#2399 = EDGE_CURVE ( 'NONE', #2950, #2129, #742, .T. ) ;
#2400 = CYLINDRICAL_SURFACE ( 'NONE', #2165, 1.000000000000000000 ) ;
#2401 = CYLINDRICAL_SURFACE ( 'NONE', #2353, 1.000000000000000000 ) ;
#2402 = DIRECTION ( 'NONE',  ( -0.000000000000000000, -1.000000000000000000, -0.000000000000000000 ) ) ;
#2403 = VERTEX_POINT ( 'NONE', #231 ) ;
#2404 = CARTESIAN_POINT ( 'NONE',  ( 0.000000000000000000, 0.5000000000000000000, 5.000000000000000000 ) ) ;
#2405 = ORIENTED_EDGE ( 'NONE', *, *, #3448, .F. ) ;
#2406 = DIRECTION ( 'NONE',  ( -0.000000000000000000, -1.000000000000000000, -0.000000000000000000 ) ) ;
#2407 = EDGE_LOOP ( 'NONE', ( #368, #464, #1016, #1637 ) ) ;
#2408 = ADVANCED_FACE ( 'NONE', ( #2241 ), #1919, .F. ) ;
#2409 = DIRECTION ( 'NONE',  ( 0.8660254037844384856, -0.000000000000000000, 0.5000000000000004441 ) ) ;
#2410 = CYLINDRICAL_SURFACE ( 'NONE', #3429, 7.500000000000000000 ) ;
#2411 = CIRCLE ( 'NONE', #792, 7.500000000000000000 ) ;
#2412 = ORIENTED_EDGE ( 'NONE', *, *, #2328, .F. ) ;
#2413 = EDGE_CURVE ( 'NONE', #3628, #105, #1418, .T. ) ;
#2414 = CARTESIAN_POINT ( 'NONE',  ( -6.091828464221601180, -1.500000000000000000, 4.374885822795778090 ) ) ;
#2415 = DIRECTION ( 'NONE',  ( -0.4999999999999949485, 0.000000000000000000, 0.8660254037844415942 ) ) ;
#2416 = EDGE_CURVE ( 'NONE', #1474, #141, #1326, .T. ) ;
#2417 = VECTOR ( 'NONE', #1467, 1000.000000000000000 ) ;
#2418 = ORIENTED_EDGE ( 'NONE', *, *, #2459, .T. ) ;
#2419 = CARTESIAN_POINT ( 'NONE',  ( -8.749999999999996447, 1.500000000000000000, 13.60544456622769260 ) ) ;
#2420 = CARTESIAN_POINT ( 'NONE',  ( 7.745966692414834931, 8.500000000000000000, 2.499999999999999556 ) ) ;
#2421 = ORIENTED_EDGE ( 'NONE', *, *, #119, .F. ) ;
#2422 = FACE_OUTER_BOUND ( 'NONE', #1994, .T. ) ;
#2423 = ORIENTED_EDGE ( 'NONE', *, *, #1723, .T. ) ;
#2424 = ORIENTED_EDGE ( 'NONE', *, *, #603, .T. ) ;
#2425 = CARTESIAN_POINT ( 'NONE',  ( -8.750000000000053291, -1.500000000000000000, -15.15544456622765246 ) ) ;
#2426 = EDGE_LOOP ( 'NONE', ( #3536, #2024, #2763, #2658 ) ) ;
#2427 = CARTESIAN_POINT ( 'NONE',  ( 14.72243186433544437, 8.500000000000000000, -8.499999999999994671 ) ) ;
#2428 = FACE_OUTER_BOUND ( 'NONE', #650, .T. ) ;
#2429 = DIRECTION ( 'NONE',  ( -0.000000000000000000, 1.000000000000000000, -0.000000000000000000 ) ) ;
#2430 = ORIENTED_EDGE ( 'NONE', *, *, #3071, .T. ) ;
#2431 = ORIENTED_EDGE ( 'NONE', *, *, #418, .F. ) ;
#2432 = EDGE_CURVE ( 'NONE', #1214, #1853, #2491, .T. ) ;
#2433 = DIRECTION ( 'NONE',  ( 0.000000000000000000, 0.000000000000000000, -1.000000000000000000 ) ) ;
#2434 = CARTESIAN_POINT ( 'NONE',  ( 11.59812687119604213, 1.499999999999999556, -11.60711068600007856 ) ) ;
#2435 = EDGE_CURVE ( 'NONE', #2370, #360, #2920, .T. ) ;
#2436 = ADVANCED_FACE ( 'NONE', ( #307 ), #856, .T. ) ;
#2437 = DIRECTION ( 'NONE',  ( 0.000000000000000000, 0.000000000000000000, -1.000000000000000000 ) ) ;
#2438 = DIRECTION ( 'NONE',  ( 0.8660254037844414832, -0.000000000000000000, 0.4999999999999951150 ) ) ;
#2439 = EDGE_CURVE ( 'NONE', #2942, #3476, #3426, .T. ) ;
#2440 = ORIENTED_EDGE ( 'NONE', *, *, #3177, .F. ) ;
#2441 = CARTESIAN_POINT ( 'NONE',  ( 6.091828464221853423, 8.500000000000000000, 4.374885822795426371 ) ) ;
#2442 = VECTOR ( 'NONE', #1967, 999.9999999999998863 ) ;
#2443 = ORIENTED_EDGE ( 'NONE', *, *, #756, .T. ) ;
#2444 = CIRCLE ( 'NONE', #2921, 5.000000000000000000 ) ;
#2445 = DIRECTION ( 'NONE',  ( 0.000000000000000000, -1.000000000000000000, 0.000000000000000000 ) ) ;
#2446 = CARTESIAN_POINT ( 'NONE',  ( -6.038046855666710400, 8.500000000000000000, 5.458203932501883848 ) ) ;
#2447 = DIRECTION ( 'NONE',  ( -0.000000000000000000, 1.000000000000000000, -0.000000000000000000 ) ) ;
#2448 = AXIS2_PLACEMENT_3D ( 'NONE', #1056, #1003, #3336 ) ;
#2449 = VERTEX_POINT ( 'NONE', #3 ) ;
#2450 = FACE_OUTER_BOUND ( 'NONE', #2844, .T. ) ;
#2451 = DIRECTION ( 'NONE',  ( 0.000000000000000000, 1.000000000000000000, 0.000000000000000000 ) ) ;
#2452 = AXIS2_PLACEMENT_3D ( 'NONE', #2266, #3121, #1406 ) ;
#2453 = STYLED_ITEM ( 'NONE', ( #3324 ), #678 ) ;
#2454 = ORIENTED_EDGE ( 'NONE', *, *, #1718, .T. ) ;
#2455 = VECTOR ( 'NONE', #3472, 1000.000000000000000 ) ;
#2456 = PLANE ( 'NONE',  #233 ) ;
#2457 = CARTESIAN_POINT ( 'NONE',  ( -23.09401076758504345, 1.500000000000000000, 1.612646152681311659E-13 ) ) ;
#2458 = EDGE_CURVE ( 'NONE', #1719, #2321, #3165, .T. ) ;
#2459 = EDGE_CURVE ( 'NONE', #621, #2147, #2688, .T. ) ;
#2460 = CIRCLE ( 'NONE', #58, 1.000000000000000888 ) ;
#2461 = ORIENTED_EDGE ( 'NONE', *, *, #1520, .T. ) ;
#2462 = ORIENTED_EDGE ( 'NONE', *, *, #395, .T. ) ;
#2463 = ADVANCED_FACE ( 'NONE', ( #249 ), #876, .F. ) ;
#2464 = DIRECTION ( 'NONE',  ( -0.4999999999999951150, 0.000000000000000000, 0.8660254037844414832 ) ) ;
#2465 = EDGE_LOOP ( 'NONE', ( #981, #3442, #821, #2309 ) ) ;
#2466 = VERTEX_POINT ( 'NONE', #2843 ) ;
#2467 = DIRECTION ( 'NONE',  ( 0.000000000000000000, 1.000000000000000000, 0.000000000000000000 ) ) ;
#2468 = CARTESIAN_POINT ( 'NONE',  ( -13.19273868914362957, 8.500000000000000000, 2.499999999999999556 ) ) ;
#2469 = EDGE_CURVE ( 'NONE', #360, #2864, #2605, .T. ) ;
#2470 = LINE ( 'NONE', #3559, #1369 ) ;
#2471 = ORIENTED_EDGE ( 'NONE', *, *, #1871, .F. ) ;
#2472 = DIRECTION ( 'NONE',  ( -0.000000000000000000, -1.000000000000000000, -0.000000000000000000 ) ) ;
#2473 = CYLINDRICAL_SURFACE ( 'NONE', #403, 1.550000000000002709 ) ;
#2474 = ORIENTED_EDGE ( 'NONE', *, *, #100, .T. ) ;
#2475 = LINE ( 'NONE', #1600, #1933 ) ;
#2476 = CARTESIAN_POINT ( 'NONE',  ( 0.000000000000000000, 8.500000000000000000, 0.000000000000000000 ) ) ;
#2477 = VERTEX_POINT ( 'NONE', #896 ) ;
#2478 = EDGE_LOOP ( 'NONE', ( #2136, #1885, #2545, #640 ) ) ;
#2479 = DIRECTION ( 'NONE',  ( -1.000000000000000000, 0.000000000000000000, -0.000000000000000000 ) ) ;
#2480 = VECTOR ( 'NONE', #1392, 1000.000000000000114 ) ;
#2481 = EDGE_CURVE ( 'NONE', #953, #3253, #3378, .T. ) ;
#2482 = ADVANCED_FACE ( 'NONE', ( #1771 ), #592, .T. ) ;
#2483 = VECTOR ( 'NONE', #1126, 1000.000000000000000 ) ;
#2484 = AXIS2_PLACEMENT_3D ( 'NONE', #1707, #2842, #266 ) ;
#2485 = EDGE_CURVE ( 'NONE', #1146, #1547, #3031, .T. ) ;
#2486 = DIRECTION ( 'NONE',  ( -0.000000000000000000, 1.000000000000000000, -0.000000000000000000 ) ) ;
#2487 = FACE_BOUND ( 'NONE', #1712, .T. ) ;
#2488 = DIRECTION ( 'NONE',  ( 0.000000000000000000, 1.000000000000000000, 0.000000000000000000 ) ) ;
#2489 = EDGE_CURVE ( 'NONE', #857, #1625, #2151, .T. ) ;
#2490 = FILL_AREA_STYLE_COLOUR ( '', #51 ) ;
#2491 = LINE ( 'NONE', #2209, #2564 ) ;
#2492 = EDGE_CURVE ( 'NONE', #474, #1557, #2007, .T. ) ;
#2493 = CARTESIAN_POINT ( 'NONE',  ( -0.7428480290862956581, -1.500000000000000000, -7.463121116910980568 ) ) ;
#2494 = VERTEX_POINT ( 'NONE', #2023 ) ;
#2495 = FACE_OUTER_BOUND ( 'NONE', #1072, .T. ) ;
#2496 = EDGE_LOOP ( 'NONE', ( #352, #137, #102, #1789 ) ) ;
#2497 = ORIENTED_EDGE ( 'NONE', *, *, #2492, .T. ) ;
#2498 = ORIENTED_EDGE ( 'NONE', *, *, #126, .F. ) ;
#2499 = DIRECTION ( 'NONE',  ( 0.000000000000000000, 0.000000000000000000, -1.000000000000000000 ) ) ;
#2500 = ORIENTED_EDGE ( 'NONE', *, *, #852, .T. ) ;
#2501 = DIRECTION ( 'NONE',  ( -0.5000000000000003331, 0.000000000000000000, 0.8660254037844383745 ) ) ;
#2502 = FACE_BOUND ( 'NONE', #505, .T. ) ;
#2503 = CARTESIAN_POINT ( 'NONE',  ( 8.750000000000003553, -1.500000000000000000, -15.15544456622767733 ) ) ;
#2504 = EDGE_CURVE ( 'NONE', #3275, #1465, #3143, .T. ) ;
#2505 = AXIS2_PLACEMENT_3D ( 'NONE', #1916, #3293, #2778 ) ;
#2506 = FACE_BOUND ( 'NONE', #598, .T. ) ;
#2507 = DIRECTION ( 'NONE',  ( 0.000000000000000000, 1.000000000000000000, 0.000000000000000000 ) ) ;
#2508 = EDGE_CURVE ( 'NONE', #2587, #1977, #3145, .T. ) ;
#2509 = CIRCLE ( 'NONE', #1426, 1.000000000000000888 ) ;
#2510 = ORIENTED_EDGE ( 'NONE', *, *, #2792, .T. ) ;
#2511 = VECTOR ( 'NONE', #1131, 1000.000000000000000 ) ;
#2512 = VECTOR ( 'NONE', #1120, 1000.000000000000000 ) ;
#2513 = DIRECTION ( 'NONE',  ( 0.000000000000000000, 1.000000000000000000, 0.000000000000000000 ) ) ;
#2514 = PRESENTATION_LAYER_ASSIGNMENT (  '', '', ( #2453 ) ) ;
#2515 = DIRECTION ( 'NONE',  ( 0.000000000000000000, 1.000000000000000000, 0.000000000000000000 ) ) ;
#2516 = EDGE_CURVE ( 'NONE', #3000, #796, #111, .T. ) ;
#2517 = ORIENTED_EDGE ( 'NONE', *, *, #2395, .F. ) ;
#2518 = EDGE_LOOP ( 'NONE', ( #3489, #2948 ) ) ;
#2519 = DIRECTION ( 'NONE',  ( -1.000000000000000000, 0.000000000000000000, 3.455323577095457193E-15 ) ) ;
#2520 = ORIENTED_EDGE ( 'NONE', *, *, #1660, .T. ) ;
#2521 = CARTESIAN_POINT ( 'NONE',  ( 13.19273868914366332, -1.499999999999999556, -2.500000000000000444 ) ) ;
#2522 = PLANE ( 'NONE',  #3066 ) ;
#2523 = DIRECTION ( 'NONE',  ( 0.000000000000000000, 0.000000000000000000, -1.000000000000000000 ) ) ;
#2524 = PRODUCT_DEFINITION_CONTEXT ( 'detailed design', #1140, 'design' ) ;
#2525 = ORIENTED_EDGE ( 'NONE', *, *, #2208, .F. ) ;
#2526 = FACE_BOUND ( 'NONE', #1256, .T. ) ;
#2527 = CARTESIAN_POINT ( 'NONE',  ( -1.707919836743243325, 1.499999999999999556, 7.958203932499676725 ) ) ;
#2528 = ORIENTED_EDGE ( 'NONE', *, *, #2779, .F. ) ;
#2529 = ADVANCED_FACE ( 'NONE', ( #3395 ), #2827, .T. ) ;
#2530 = FACE_OUTER_BOUND ( 'NONE', #1591, .T. ) ;
#2531 = VERTEX_POINT ( 'NONE', #1188 ) ;
#2532 = ORIENTED_EDGE ( 'NONE', *, *, #3526, .T. ) ;
#2533 = EDGE_CURVE ( 'NONE', #1977, #2494, #3375, .T. ) ;
#2534 = DIRECTION ( 'NONE',  ( 0.000000000000000000, 0.000000000000000000, 1.000000000000000000 ) ) ;
#2535 = EDGE_CURVE ( 'NONE', #402, #980, #1809, .T. ) ;
#2536 = ORIENTED_EDGE ( 'NONE', *, *, #2533, .T. ) ;
#2537 = AXIS2_PLACEMENT_3D ( 'NONE', #334, #1420, #73 ) ;
#2538 = DIRECTION ( 'NONE',  ( 0.5000000000000003331, 0.000000000000000000, -0.8660254037844383745 ) ) ;
#2539 = EDGE_CURVE ( 'NONE', #3635, #1052, #104, .T. ) ;
#2540 = ORIENTED_EDGE ( 'NONE', *, *, #2215, .T. ) ;
#2541 = LINE ( 'NONE', #2521, #746 ) ;
#2542 = PLANE ( 'NONE',  #2789 ) ;
#2543 = CARTESIAN_POINT ( 'NONE',  ( -17.50000000000000000, -1.500000000000000000, 1.550000000000020473 ) ) ;
#2544 = VERTEX_POINT ( 'NONE', #945 ) ;
#2545 = ORIENTED_EDGE ( 'NONE', *, *, #1550, .F. ) ;
#2546 = CARTESIAN_POINT ( 'NONE',  ( 8.750000000000003553, -1.500000000000000000, -13.60544456622767839 ) ) ;
#2547 = DIRECTION ( 'NONE',  ( 0.000000000000000000, -1.000000000000000000, 0.000000000000000000 ) ) ;
#2548 = CIRCLE ( 'NONE', #1226, 7.500000000000000000 ) ;
#2549 = ORIENTED_EDGE ( 'NONE', *, *, #3670, .F. ) ;
#2550 = VECTOR ( 'NONE', #243, 1000.000000000000114 ) ;
#2551 = LINE ( 'NONE', #1694, #1321 ) ;
#2552 = CARTESIAN_POINT ( 'NONE',  ( 23.09401076758504701, -1.500000000000000000, 0.000000000000000000 ) ) ;
#2553 = ORIENTED_EDGE ( 'NONE', *, *, #3343, .F. ) ;
#2554 = VERTEX_POINT ( 'NONE', #3238 ) ;
#2555 = DIRECTION ( 'NONE',  ( 0.000000000000000000, 1.000000000000000000, 0.000000000000000000 ) ) ;
#2556 = DIRECTION ( 'NONE',  ( -0.000000000000000000, -1.000000000000000000, -0.000000000000000000 ) ) ;
#2557 = ADVANCED_FACE ( 'NONE', ( #1285 ), #2914, .F. ) ;
#2558 = DIRECTION ( 'NONE',  ( 0.000000000000000000, 1.000000000000000000, 0.000000000000000000 ) ) ;
#2559 = DIRECTION ( 'NONE',  ( 0.000000000000000000, 1.000000000000000000, 0.000000000000000000 ) ) ;
#2560 = CARTESIAN_POINT ( 'NONE',  ( 17.50000000000001421, -1.500000000000000000, 4.853321584273757548E-15 ) ) ;
#2561 = CARTESIAN_POINT ( 'NONE',  ( 8.750000000000003553, -1.500000000000000000, -15.15544456622767733 ) ) ;
#2562 = DIRECTION ( 'NONE',  ( -0.000000000000000000, -1.000000000000000000, -0.000000000000000000 ) ) ;
#2563 = ORIENTED_EDGE ( 'NONE', *, *, #2056, .T. ) ;
#2564 = VECTOR ( 'NONE', #3057, 1000.000000000000000 ) ;
#2565 = DIRECTION ( 'NONE',  ( 6.938893903907222067E-15, 0.000000000000000000, 1.000000000000000000 ) ) ;
#2566 = CARTESIAN_POINT ( 'NONE',  ( -3.264635279283147007, -1.500000000000000000, -16.99999999999996447 ) ) ;
#2567 = CIRCLE ( 'NONE', #3032, 1.000000000000000888 ) ;
#2568 = CIRCLE ( 'NONE', #858, 1.000000000000000000 ) ;
#2569 = CIRCLE ( 'NONE', #3552, 1.000000000000000888 ) ;
#2570 = ORIENTED_EDGE ( 'NONE', *, *, #2725, .F. ) ;
#2571 = ADVANCED_FACE ( 'NONE', ( #386 ), #1578, .F. ) ;
#2572 = DIRECTION ( 'NONE',  ( -1.000000000000000000, 0.000000000000000000, 0.000000000000000000 ) ) ;
#2573 = EDGE_LOOP ( 'NONE', ( #2992, #209, #528, #2570 ) ) ;
#2574 = FACE_OUTER_BOUND ( 'NONE', #706, .T. ) ;
#2575 = CIRCLE ( 'NONE', #2703, 1.549999999999999378 ) ;
#2576 = CIRCLE ( 'NONE', #1681, 1.000000000000000000 ) ;
#2577 = EDGE_LOOP ( 'NONE', ( #2591, #13, #1990, #1589 ) ) ;
#2578 = ADVANCED_FACE ( 'NONE', ( #2991 ), #2410, .T. ) ;
#2579 = CARTESIAN_POINT ( 'NONE',  ( -17.50000000000000000, -1.500000000000000000, -1.549999999999984945 ) ) ;
#2580 = CLOSED_SHELL ( 'NONE', ( #3393, #2095, #1560, #2899, #6, #2310, #2571, #1864, #2826, #622, #3595, #509, #3454, #3329, #1041, #649, #1713, #187, #1200, #282, #2252, #3195, #3149, #2074, #1851, #633, #909, #3589, #22, #785, #2909, #863, #3376, #2384, #2578, #3194, #130, #3571, #2078, #3413, #488, #1840, #1741, #3289, #495, #1620, #3172, #318, #1378, #3064, #1762, #2529, #1993, #2915, #2349, #148, #1847, #942, #1597, #1482, #1001, #917, #2436, #1903, #3114, #226, #443, #1748, #2482, #1097, #1646, #3002, #1796, #512, #1386, #3308, #460, #1124, #1543, #2192, #1583, #107, #1734, #252, #2268, #3553, #1478, #2695, #3504, #3560, #91, #3647, #2171, #1714, #1359, #2408, #1759, #1398, #3313, #2030, #2600, #3131, #3063, #3463, #2463, #2557 ) ) ;
#2581 = DIRECTION ( 'NONE',  ( 0.000000000000000000, 0.000000000000000000, 1.000000000000000000 ) ) ;
#2582 = AXIS2_PLACEMENT_3D ( 'NONE', #3168, #330, #615 ) ;
#2583 = ORIENTED_EDGE ( 'NONE', *, *, #372, .T. ) ;
#2584 = CYLINDRICAL_SURFACE ( 'NONE', #1559, 1.549999999999999378 ) ;
#2585 = CARTESIAN_POINT ( 'NONE',  ( 8.750000000000005329, 8.500000000000000000, 15.15544456622768976 ) ) ;
#2586 = EDGE_LOOP ( 'NONE', ( #113, #1624, #1136, #1598 ) ) ;
#2587 = VERTEX_POINT ( 'NONE', #629 ) ;
#2588 = DIRECTION ( 'NONE',  ( 0.000000000000000000, 0.000000000000000000, -1.000000000000000000 ) ) ;
#2589 = FACE_OUTER_BOUND ( 'NONE', #561, .T. ) ;
#2590 = ADVANCED_BREP_SHAPE_REPRESENTATION ( 'Copy of Part1^top motor drive', ( #678, #1133 ), #465 ) ;
#2591 = ORIENTED_EDGE ( 'NONE', *, *, #272, .F. ) ;
#2592 = DIRECTION ( 'NONE',  ( 0.000000000000000000, 1.000000000000000000, 0.000000000000000000 ) ) ;
#2593 = DIRECTION ( 'NONE',  ( 0.000000000000000000, 1.000000000000000000, 0.000000000000000000 ) ) ;
#2594 = CARTESIAN_POINT ( 'NONE',  ( 13.09011422469389885, -1.500000000000000000, -11.32725708595005898 ) ) ;
#2595 = ORIENTED_EDGE ( 'NONE', *, *, #3191, .F. ) ;
#2596 = ORIENTED_EDGE ( 'NONE', *, *, #966, .T. ) ;
#2597 = CARTESIAN_POINT ( 'NONE',  ( 8.750000000000005329, 1.499999999999999556, 15.15544456622768976 ) ) ;
#2598 = CARTESIAN_POINT ( 'NONE',  ( -6.038046855666710400, 1.500000000000000000, 5.458203932501883848 ) ) ;
#2599 = AXIS2_PLACEMENT_3D ( 'NONE', #1444, #1780, #2283 ) ;
#2600 = ADVANCED_FACE ( 'NONE', ( #2681 ), #2954, .F. ) ;
#2601 = ORIENTED_EDGE ( 'NONE', *, *, #2508, .T. ) ;
#2602 = ORIENTED_EDGE ( 'NONE', *, *, #1417, .F. ) ;
#2603 = VERTEX_POINT ( 'NONE', #401 ) ;
#2604 = DIRECTION ( 'NONE',  ( 0.000000000000000000, 1.000000000000000000, 0.000000000000000000 ) ) ;
#2605 = LINE ( 'NONE', #1152, #1065 ) ;
#2606 = AXIS2_PLACEMENT_3D ( 'NONE', #815, #190, #773 ) ;
#2607 = ORIENTED_EDGE ( 'NONE', *, *, #3017, .T. ) ;
#2608 = VERTEX_POINT ( 'NONE', #3198 ) ;
#2609 = ORIENTED_EDGE ( 'NONE', *, *, #3043, .T. ) ;
#2610 = AXIS2_PLACEMENT_3D ( 'NONE', #1203, #263, #3209 ) ;
#2611 = DIRECTION ( 'NONE',  ( -0.000000000000000000, -1.000000000000000000, -0.000000000000000000 ) ) ;
#2612 = EDGE_LOOP ( 'NONE', ( #440, #1970 ) ) ;
#2613 = DIRECTION ( 'NONE',  ( 0.000000000000000000, 0.000000000000000000, 1.000000000000000000 ) ) ;
#2614 = DIRECTION ( 'NONE',  ( 0.000000000000000000, 0.000000000000000000, 1.000000000000000000 ) ) ;
#2615 = CARTESIAN_POINT ( 'NONE',  ( 0.8418944329649665770, -1.499999999999999556, -8.458203932499063882 ) ) ;
#2616 = EDGE_LOOP ( 'NONE', ( #2181, #2662, #319, #2980 ) ) ;
#2617 = DIRECTION ( 'NONE',  ( 0.000000000000000000, 0.000000000000000000, 1.000000000000000000 ) ) ;
#2618 = DIRECTION ( 'NONE',  ( 0.000000000000000000, 0.000000000000000000, -1.000000000000000000 ) ) ;
#2619 = CARTESIAN_POINT ( 'NONE',  ( 8.761432854036518947, 1.499999999999999556, -10.17524685028879183 ) ) ;
#2620 = DIRECTION ( 'NONE',  ( 0.000000000000000000, 1.000000000000000000, 0.000000000000000000 ) ) ;
#2621 = DIRECTION ( 'NONE',  ( 0.000000000000000000, 0.000000000000000000, -1.000000000000000000 ) ) ;
#2622 = VERTEX_POINT ( 'NONE', #2389 ) ;
#2623 = LINE ( 'NONE', #46, #3223 ) ;
#2624 = EDGE_CURVE ( 'NONE', #1412, #41, #2720, .T. ) ;
#2625 = LINE ( 'NONE', #3383, #1094 ) ;
#2626 = CIRCLE ( 'NONE', #1736, 1.549999999999999378 ) ;
#2627 = CIRCLE ( 'NONE', #1014, 5.000000000000000000 ) ;
#2628 = CARTESIAN_POINT ( 'NONE',  ( 3.264635279283095937, 8.500000000000000000, -16.99999999999996447 ) ) ;
#2629 = DIRECTION ( 'NONE',  ( 0.000000000000000000, 1.000000000000000000, 0.000000000000000000 ) ) ;
#2630 = LINE ( 'NONE', #2924, #3637 ) ;
#2631 = VECTOR ( 'NONE', #625, 1000.000000000000000 ) ;
#2632 = DIRECTION ( 'NONE',  ( -0.000000000000000000, -1.000000000000000000, -0.000000000000000000 ) ) ;
#2633 = AXIS2_PLACEMENT_3D ( 'NONE', #3291, #1699, #2176 ) ;
#2634 = CIRCLE ( 'NONE', #3382, 2.600000000000000089 ) ;
#2635 = CARTESIAN_POINT ( 'NONE',  ( 9.627458257820958210, 8.500000000000000000, -9.675246850288791833 ) ) ;
#2636 = AXIS2_PLACEMENT_3D ( 'NONE', #1312, #1083, #822 ) ;
#2637 = ORIENTED_EDGE ( 'NONE', *, *, #1296, .F. ) ;
#2638 = ORIENTED_EDGE ( 'NONE', *, *, #1687, .T. ) ;
#2639 = CARTESIAN_POINT ( 'NONE',  ( -7.745966692414834931, -1.499999999999999556, 3.499999999999999556 ) ) ;
#2640 = DIRECTION ( 'NONE',  ( -0.000000000000000000, -1.000000000000000000, -0.000000000000000000 ) ) ;
#2641 = ORIENTED_EDGE ( 'NONE', *, *, #1792, .T. ) ;
#2642 = EDGE_CURVE ( 'NONE', #2982, #1299, #1122, .T. ) ;
#2643 = ORIENTED_EDGE ( 'NONE', *, *, #824, .T. ) ;
#2644 = CARTESIAN_POINT ( 'NONE',  ( 3.565280431325201338, 1.499999999999999556, 13.17524685029107800 ) ) ;
#2645 = CARTESIAN_POINT ( 'NONE',  ( 11.54700538379275621, 1.500000000000000000, 19.99999999999987566 ) ) ;
#2646 = ORIENTED_EDGE ( 'NONE', *, *, #2775, .F. ) ;
#2647 = EDGE_CURVE ( 'NONE', #2783, #1536, #3503, .T. ) ;
#2648 = ORIENTED_EDGE ( 'NONE', *, *, #3332, .F. ) ;
#2649 = EDGE_CURVE ( 'NONE', #1054, #1261, #3317, .T. ) ;
#2650 = CARTESIAN_POINT ( 'NONE',  ( -17.50000000000000000, 1.499999999999999556, 1.769808360342463528E-14 ) ) ;
#2651 = PLANE ( 'NONE',  #1539 ) ;
#2652 = LINE ( 'NONE', #546, #2483 ) ;
#2653 = ORIENTED_EDGE ( 'NONE', *, *, #2690, .F. ) ;
#2654 = EDGE_CURVE ( 'NONE', #840, #1996, #2693, .T. ) ;
#2655 = DIRECTION ( 'NONE',  ( 0.000000000000000000, 1.000000000000000000, 0.000000000000000000 ) ) ;
#2656 = LINE ( 'NONE', #2908, #1370 ) ;
#2657 = EDGE_CURVE ( 'NONE', #1452, #3199, #1675, .T. ) ;
#2658 = ORIENTED_EDGE ( 'NONE', *, *, #700, .F. ) ;
#2659 = CARTESIAN_POINT ( 'NONE',  ( 6.904072259454760108, -1.499999999999999556, -4.958203932496852318 ) ) ;
#2660 = VECTOR ( 'NONE', #1349, 1000.000000000000000 ) ;
#2661 = DIRECTION ( 'NONE',  ( 0.000000000000000000, 0.000000000000000000, -1.000000000000000000 ) ) ;
#2662 = ORIENTED_EDGE ( 'NONE', *, *, #348, .T. ) ;
#2663 = DIRECTION ( 'NONE',  ( 0.5000000000000003331, 0.000000000000000000, -0.8660254037844383745 ) ) ;
#2664 = FACE_OUTER_BOUND ( 'NONE', #1234, .T. ) ;
#2665 = CIRCLE ( 'NONE', #3012, 1.000000000000000888 ) ;
#2666 = ORIENTED_EDGE ( 'NONE', *, *, #781, .T. ) ;
#2667 = CIRCLE ( 'NONE', #2733, 1.000000000000000000 ) ;
#2668 = DIRECTION ( 'NONE',  ( 0.000000000000000000, 0.000000000000000000, 1.000000000000000000 ) ) ;
#2669 = DIRECTION ( 'NONE',  ( -0.000000000000000000, -1.000000000000000000, -0.000000000000000000 ) ) ;
#2670 = DIRECTION ( 'NONE',  ( -0.4999999999999997780, 0.000000000000000000, -0.8660254037844387076 ) ) ;
#2671 = EDGE_CURVE ( 'NONE', #636, #3090, #64, .T. ) ;
#2672 = AXIS2_PLACEMENT_3D ( 'NONE', #2597, #2057, #3159 ) ;
#2673 = ORIENTED_EDGE ( 'NONE', *, *, #2744, .F. ) ;
#2674 = FACE_OUTER_BOUND ( 'NONE', #2426, .T. ) ;
#2675 = EDGE_CURVE ( 'NONE', #520, #1069, #3604, .T. ) ;
#2676 = CYLINDRICAL_SURFACE ( 'NONE', #2757, 1.000000000000000888 ) ;
#2677 = VERTEX_POINT ( 'NONE', #2936 ) ;
#2678 = DIRECTION ( 'NONE',  ( 0.000000000000000000, 1.000000000000000000, 0.000000000000000000 ) ) ;
#2679 = ORIENTED_EDGE ( 'NONE', *, *, #322, .T. ) ;
#2680 = DIRECTION ( 'NONE',  ( 0.000000000000000000, 0.000000000000000000, 1.000000000000000000 ) ) ;
#2681 = FACE_OUTER_BOUND ( 'NONE', #947, .T. ) ;
#2682 = ORIENTED_EDGE ( 'NONE', *, *, #377, .T. ) ;
#2683 = DIRECTION ( 'NONE',  ( -0.000000000000000000, -1.000000000000000000, -0.000000000000000000 ) ) ;
#2684 = CARTESIAN_POINT ( 'NONE',  ( 17.50000000000001421, 1.500000000000000000, 1.550000000000007594 ) ) ;
#2685 = DIRECTION ( 'NONE',  ( 1.000000000000000000, 0.000000000000000000, -1.051620219116008738E-14 ) ) ;
#2686 = DIRECTION ( 'NONE',  ( 0.000000000000000000, -1.000000000000000000, 0.000000000000000000 ) ) ;
#2687 = DIRECTION ( 'NONE',  ( 0.000000000000000000, 0.000000000000000000, 1.000000000000000000 ) ) ;
#2688 = CIRCLE ( 'NONE', #707, 4.550000000000001599 ) ;
#2689 = EDGE_CURVE ( 'NONE', #1625, #3132, #367, .T. ) ;
#2690 = EDGE_CURVE ( 'NONE', #2013, #1310, #948, .T. ) ;
#2691 = ORIENTED_EDGE ( 'NONE', *, *, #1572, .T. ) ;
#2692 = LINE ( 'NONE', #1829, #2159 ) ;
#2693 = CIRCLE ( 'NONE', #1068, 1.000000000000000000 ) ;
#2694 = AXIS2_PLACEMENT_3D ( 'NONE', #3180, #3407, #1770 ) ;
#2695 = ADVANCED_FACE ( 'NONE', ( #2373 ), #2970, .F. ) ;
#2696 = EDGE_CURVE ( 'NONE', #1143, #1160, #1868, .T. ) ;
#2697 = CIRCLE ( 'NONE', #3606, 1.000000000000000000 ) ;
#2698 = CARTESIAN_POINT ( 'NONE',  ( 8.750000000000005329, 1.500000000000000000, 16.70544456622769047 ) ) ;
#2699 = EDGE_CURVE ( 'NONE', #2841, #1441, #588, .T. ) ;
#2700 = ORIENTED_EDGE ( 'NONE', *, *, #1269, .T. ) ;
#2701 = DIRECTION ( 'NONE',  ( -0.000000000000000000, 1.000000000000000000, -0.000000000000000000 ) ) ;
#2702 = DIRECTION ( 'NONE',  ( -0.000000000000000000, -1.000000000000000000, -0.000000000000000000 ) ) ;
#2703 = AXIS2_PLACEMENT_3D ( 'NONE', #3591, #2736, #437 ) ;
#2704 = ORIENTED_EDGE ( 'NONE', *, *, #2657, .F. ) ;
#2705 = DIRECTION ( 'NONE',  ( -0.000000000000000000, -1.000000000000000000, -0.000000000000000000 ) ) ;
#2706 = DIRECTION ( 'NONE',  ( -1.000000000000000000, 0.000000000000000000, 0.000000000000000000 ) ) ;
#2707 = ORIENTED_EDGE ( 'NONE', *, *, #926, .F. ) ;
#2708 = EDGE_LOOP ( 'NONE', ( #3582, #284, #1925, #3438 ) ) ;
#2709 = AXIS2_PLACEMENT_3D ( 'NONE', #539, #3617, #3075 ) ;
#2710 = CARTESIAN_POINT ( 'NONE',  ( 8.750000000000005329, 1.500000000000000000, 13.60544456622769260 ) ) ;
#2711 = CARTESIAN_POINT ( 'NONE',  ( 14.72243186433557405, 8.500000000000000000, 8.499999999999957367 ) ) ;
#2712 = ORIENTED_EDGE ( 'NONE', *, *, #1241, .T. ) ;
#2713 = ORIENTED_EDGE ( 'NONE', *, *, #2481, .F. ) ;
#2714 = EDGE_LOOP ( 'NONE', ( #216, #1553 ) ) ;
#2715 = DIRECTION ( 'NONE',  ( -0.5000000000000003331, 0.000000000000000000, 0.8660254037844383745 ) ) ;
#2716 = DIRECTION ( 'NONE',  ( 1.000000000000000000, 0.000000000000000000, 0.000000000000000000 ) ) ;
#2717 = VERTEX_POINT ( 'NONE', #1594 ) ;
#2718 = CARTESIAN_POINT ( 'NONE',  ( 8.761432854029905570, -1.500000000000000000, 10.17524685028773845 ) ) ;
#2719 = LINE ( 'NONE', #1833, #1099 ) ;
#2720 = LINE ( 'NONE', #1556, #710 ) ;
#2721 = ORIENTED_EDGE ( 'NONE', *, *, #1764, .T. ) ;
#2722 = AXIS2_PLACEMENT_3D ( 'NONE', #1738, #2572, #1202 ) ;
#2723 = CARTESIAN_POINT ( 'NONE',  ( 11.59812687119611496, 1.499999999999999556, 11.60711068600014606 ) ) ;
#2724 = DIRECTION ( 'NONE',  ( 0.000000000000000000, 1.000000000000000000, 0.000000000000000000 ) ) ;
#2725 = EDGE_CURVE ( 'NONE', #2134, #2494, #3577, .T. ) ;
#2726 = VECTOR ( 'NONE', #2168, 1000.000000000000000 ) ;
#2727 = ORIENTED_EDGE ( 'NONE', *, *, #504, .T. ) ;
#2728 = DIRECTION ( 'NONE',  ( 0.000000000000000000, 0.000000000000000000, -1.000000000000000000 ) ) ;
#2729 = FACE_OUTER_BOUND ( 'NONE', #1873, .T. ) ;
#2730 = EDGE_CURVE ( 'NONE', #1831, #2864, #2981, .T. ) ;
#2731 = CIRCLE ( 'NONE', #3351, 1.000000000000000888 ) ;
#2732 = ORIENTED_EDGE ( 'NONE', *, *, #1264, .T. ) ;
#2733 = AXIS2_PLACEMENT_3D ( 'NONE', #938, #1844, #567 ) ;
#2734 = CARTESIAN_POINT ( 'NONE',  ( 8.750000000000005329, -1.500000000000000000, 16.70544456622769047 ) ) ;
#2735 = EDGE_LOOP ( 'NONE', ( #2898, #214, #2412, #195 ) ) ;
#2736 = DIRECTION ( 'NONE',  ( 0.000000000000000000, 1.000000000000000000, 0.000000000000000000 ) ) ;
#2737 = DIRECTION ( 'NONE',  ( 0.000000000000000000, 0.000000000000000000, 1.000000000000000000 ) ) ;
#2738 = CYLINDRICAL_SURFACE ( 'NONE', #3148, 1.550000000000002709 ) ;
#2739 = CIRCLE ( 'NONE', #3360, 1.000000000000000000 ) ;
#2740 = EDGE_CURVE ( 'NONE', #1977, #3076, #2470, .T. ) ;
#2741 = EDGE_CURVE ( 'NONE', #788, #238, #2808, .T. ) ;
#2742 = DIRECTION ( 'NONE',  ( 0.000000000000000000, 0.000000000000000000, 1.000000000000000000 ) ) ;
#2743 = CARTESIAN_POINT ( 'NONE',  ( -17.50000000000000000, -1.500000000000000000, 1.769808360342463528E-14 ) ) ;
#2744 = EDGE_CURVE ( 'NONE', #1996, #1204, #1902, .T. ) ;
#2745 = CARTESIAN_POINT ( 'NONE',  ( -0.8418944329588039510, 8.500000000000000000, 8.458203932499676725 ) ) ;
#2746 = ORIENTED_EDGE ( 'NONE', *, *, #1767, .T. ) ;
#2747 = CARTESIAN_POINT ( 'NONE',  ( -4.000000000000000000, 0.5000000000000000000, -3.000000000000000000 ) ) ;
#2748 = EDGE_LOOP ( 'NONE', ( #2045, #1757, #1350, #384 ) ) ;
#2749 = DIRECTION ( 'NONE',  ( -0.000000000000000000, -1.000000000000000000, -0.000000000000000000 ) ) ;
#2750 = AXIS2_PLACEMENT_3D ( 'NONE', #3008, #1953, #1668 ) ;
#2751 = ORIENTED_EDGE ( 'NONE', *, *, #1506, .F. ) ;
#2752 = VECTOR ( 'NONE', #2135, 1000.000000000000114 ) ;
#2753 = AXIS2_PLACEMENT_3D ( 'NONE', #1610, #2190, #3593 ) ;
#2754 = LINE ( 'NONE', #1886, #2985 ) ;
#2755 = CARTESIAN_POINT ( 'NONE',  ( 12.22408882090954663, 1.499999999999999556, 10.82725708595013536 ) ) ;
#2756 = CARTESIAN_POINT ( 'NONE',  ( 3.565280431325201338, -1.499999999999999556, 13.17524685029107800 ) ) ;
#2757 = AXIS2_PLACEMENT_3D ( 'NONE', #1244, #3498, #681 ) ;
#2758 = EDGE_LOOP ( 'NONE', ( #169, #415, #1376, #1333 ) ) ;
#2759 = CARTESIAN_POINT ( 'NONE',  ( 0.000000000000000000, -1.500000000000000000, 0.000000000000000000 ) ) ;
#2760 = CARTESIAN_POINT ( 'NONE',  ( 8.750000000000005329, 1.500000000000000000, 15.15544456622768976 ) ) ;
#2761 = AXIS2_PLACEMENT_3D ( 'NONE', #3649, #2467, #1592 ) ;
#2762 = VECTOR ( 'NONE', #708, 1000.000000000000000 ) ;
#2763 = ORIENTED_EDGE ( 'NONE', *, *, #255, .F. ) ;
#2764 = FACE_OUTER_BOUND ( 'NONE', #517, .T. ) ;
#2765 = ORIENTED_EDGE ( 'NONE', *, *, #3245, .F. ) ;
#2766 = DIRECTION ( 'NONE',  ( 0.000000000000000000, 0.000000000000000000, -1.000000000000000000 ) ) ;
#2767 = EDGE_CURVE ( 'NONE', #3042, #105, #3072, .T. ) ;
#2768 = EDGE_CURVE ( 'NONE', #2304, #2466, #1184, .T. ) ;
#2769 = ORIENTED_EDGE ( 'NONE', *, *, #3053, .F. ) ;
#2770 = AXIS2_PLACEMENT_3D ( 'NONE', #441, #1290, #2742 ) ;
#2771 = ORIENTED_EDGE ( 'NONE', *, *, #1038, .F. ) ;
#2772 = ORIENTED_EDGE ( 'NONE', *, *, #1571, .T. ) ;
#2773 = VERTEX_POINT ( 'NONE', #3020 ) ;
#2774 = CARTESIAN_POINT ( 'NONE',  ( -3.264635279283147007, 1.500000000000000000, -16.99999999999996447 ) ) ;
#2775 = EDGE_CURVE ( 'NONE', #3050, #490, #2627, .T. ) ;
#2776 = DIRECTION ( 'NONE',  ( 0.000000000000000000, 1.000000000000000000, 0.000000000000000000 ) ) ;
#2777 = CARTESIAN_POINT ( 'NONE',  ( -4.000000000000000000, 0.5000000000000000000, -1.800000000000000044 ) ) ;
#2778 = DIRECTION ( 'NONE',  ( 0.000000000000000000, 0.000000000000000000, 1.000000000000000000 ) ) ;
#2779 = EDGE_CURVE ( 'NONE', #2477, #3132, #1491, .T. ) ;
#2780 = DIRECTION ( 'NONE',  ( 0.000000000000000000, 1.000000000000000000, 0.000000000000000000 ) ) ;
#2781 = LINE ( 'NONE', #799, #2258 ) ;
#2782 = DIRECTION ( 'NONE',  ( 0.000000000000000000, 1.000000000000000000, 0.000000000000000000 ) ) ;
#2783 = VERTEX_POINT ( 'NONE', #494 ) ;
#2784 = DIRECTION ( 'NONE',  ( -0.5000000000000067724, 0.000000000000000000, -0.8660254037844345998 ) ) ;
#2785 = VECTOR ( 'NONE', #2799, 1000.000000000000000 ) ;
#2786 = EDGE_CURVE ( 'NONE', #3366, #1910, #1975, .T. ) ;
#2787 = VERTEX_POINT ( 'NONE', #3006 ) ;
#2788 = DIRECTION ( 'NONE',  ( -0.000000000000000000, -1.000000000000000000, -0.000000000000000000 ) ) ;
#2789 = AXIS2_PLACEMENT_3D ( 'NONE', #1092, #3338, #454 ) ;
#2790 = CARTESIAN_POINT ( 'NONE',  ( -4.499464137394546093, -1.500000000000000000, -13.53203923153626498 ) ) ;
#2791 = CARTESIAN_POINT ( 'NONE',  ( 8.750000000000005329, -1.500000000000000000, 13.60544456622769260 ) ) ;
#2792 = EDGE_CURVE ( 'NONE', #1823, #3384, #2444, .T. ) ;
#2793 = VECTOR ( 'NONE', #1720, 1000.000000000000000 ) ;
#2794 = CARTESIAN_POINT ( 'NONE',  ( 8.750000000000005329, -1.500000000000000000, 15.15544456622768976 ) ) ;
#2795 = DIRECTION ( 'NONE',  ( 0.4999999999999997780, -0.000000000000000000, 0.8660254037844387076 ) ) ;
#2796 = ORIENTED_EDGE ( 'NONE', *, *, #1242, .F. ) ;
#2797 = DIRECTION ( 'NONE',  ( -0.000000000000000000, -1.000000000000000000, -0.000000000000000000 ) ) ;
#2798 = ORIENTED_EDGE ( 'NONE', *, *, #3650, .F. ) ;
#2799 = DIRECTION ( 'NONE',  ( 1.000000000000000000, 0.000000000000000000, 0.000000000000000000 ) ) ;
#2800 = EDGE_LOOP ( 'NONE', ( #1273, #106, #425, #3082 ) ) ;
#2801 = CARTESIAN_POINT ( 'NONE',  ( 8.750000000000003553, 1.499999999999999556, -15.15544456622767733 ) ) ;
#2802 = EDGE_CURVE ( 'NONE', #2717, #776, #1950, .T. ) ;
#2803 = CARTESIAN_POINT ( 'NONE',  ( 4.252989283015858213, 8.500000000000000000, 15.84782784977065084 ) ) ;
#2804 = LINE ( 'NONE', #2468, #1341 ) ;
#2805 = CARTESIAN_POINT ( 'NONE',  ( 15.48872410019255774, 1.499999999999999556, -5.172742914049921481 ) ) ;
#2806 = AXIS2_PLACEMENT_3D ( 'NONE', #194, #211, #1906 ) ;
#2807 = EDGE_CURVE ( 'NONE', #275, #1882, #1664, .T. ) ;
#2808 = CIRCLE ( 'NONE', #2262, 1.549999999999999378 ) ;
#2809 = CARTESIAN_POINT ( 'NONE',  ( -4.000000000000000000, -1.500000000000000000, -1.800000000000000044 ) ) ;
#2810 = CYLINDRICAL_SURFACE ( 'NONE', #3374, 1.550000000000002709 ) ;
#2811 = VECTOR ( 'NONE', #2464, 1000.000000000000114 ) ;
#2812 = ORIENTED_EDGE ( 'NONE', *, *, #2011, .T. ) ;
#2813 = EDGE_CURVE ( 'NONE', #2783, #2787, #3657, .T. ) ;
#2814 = VECTOR ( 'NONE', #2776, 1000.000000000000000 ) ;
#2815 = DIRECTION ( 'NONE',  ( 0.000000000000000000, 0.000000000000000000, 1.000000000000000000 ) ) ;
#2816 = VECTOR ( 'NONE', #2472, 1000.000000000000000 ) ;
#2817 = CARTESIAN_POINT ( 'NONE',  ( 9.627458257814344833, 1.499999999999999556, 9.675246850287740230 ) ) ;
#2818 = VERTEX_POINT ( 'NONE', #1380 ) ;
#2819 = CYLINDRICAL_SURFACE ( 'NONE', #2452, 1.549999999999997602 ) ;
#2820 = AXIS2_PLACEMENT_3D ( 'NONE', #1972, #516, #1348 ) ;
#2821 = LINE ( 'NONE', #1701, #2550 ) ;
#2822 = CARTESIAN_POINT ( 'NONE',  ( -12.22408882090950932, -1.499999999999999556, -10.82725708595003233 ) ) ;
#2823 = FACE_OUTER_BOUND ( 'NONE', #2496, .T. ) ;
#2824 = EDGE_CURVE ( 'NONE', #3424, #1582, #2567, .T. ) ;
#2825 = DIRECTION ( 'NONE',  ( 0.000000000000000000, 0.000000000000000000, 1.000000000000000000 ) ) ;
#2826 = ADVANCED_FACE ( 'NONE', ( #439 ), #2738, .F. ) ;
#2827 = PLANE ( 'NONE',  #1070 ) ;
#2828 = ORIENTED_EDGE ( 'NONE', *, *, #2055, .T. ) ;
#2829 = CARTESIAN_POINT ( 'NONE',  ( 12.22408882090954663, -1.499999999999999556, 10.82725708595013536 ) ) ;
#2830 = EDGE_CURVE ( 'NONE', #3570, #2286, #177, .T. ) ;
#2831 = DIRECTION ( 'NONE',  ( 0.000000000000000000, 0.000000000000000000, 1.000000000000000000 ) ) ;
#2832 = ORIENTED_EDGE ( 'NONE', *, *, #3125, .F. ) ;
#2833 = EDGE_CURVE ( 'NONE', #1604, #1011, #3140, .T. ) ;
#2834 = AXIS2_PLACEMENT_3D ( 'NONE', #3600, #3346, #2784 ) ;
#2835 = DIRECTION ( 'NONE',  ( 0.000000000000000000, 0.000000000000000000, 1.000000000000000000 ) ) ;
#2836 = LINE ( 'NONE', #12, #1981 ) ;
#2837 = EDGE_CURVE ( 'NONE', #1863, #736, #2569, .T. ) ;
#2838 = CARTESIAN_POINT ( 'NONE',  ( 1.707919836743731157, -1.500000000000000000, 7.958203932499628763 ) ) ;
#2839 = DIRECTION ( 'NONE',  ( -1.000000000000000000, 0.000000000000000000, 0.000000000000000000 ) ) ;
#2840 = CARTESIAN_POINT ( 'NONE',  ( 17.50000000000001421, 1.499999999999999556, 4.853321584273757548E-15 ) ) ;
#2841 = VERTEX_POINT ( 'NONE', #3406 ) ;
#2842 = DIRECTION ( 'NONE',  ( -0.000000000000000000, -1.000000000000000000, -0.000000000000000000 ) ) ;
#2843 = CARTESIAN_POINT ( 'NONE',  ( -11.59812687119602614, -1.500000000000000000, 11.60711068600008744 ) ) ;
#2844 = EDGE_LOOP ( 'NONE', ( #1181, #826, #1724, #1812 ) ) ;
#2845 = DIRECTION ( 'NONE',  ( 0.000000000000000000, 0.000000000000000000, -1.000000000000000000 ) ) ;
#2846 = LINE ( 'NONE', #882, #854 ) ;
#2847 = EDGE_CURVE ( 'NONE', #396, #2117, #1563, .T. ) ;
#2848 = EDGE_CURVE ( 'NONE', #2608, #796, #607, .T. ) ;
#2849 = EDGE_LOOP ( 'NONE', ( #3334, #1676, #943, #3216 ) ) ;
#2850 = DIRECTION ( 'NONE',  ( -0.000000000000000000, -1.000000000000000000, -0.000000000000000000 ) ) ;
#2851 = CARTESIAN_POINT ( 'NONE',  ( 2.165063509463540203, 8.500000000000000000, 1.250000000001411982 ) ) ;
#2852 = DIRECTION ( 'NONE',  ( -0.000000000000000000, -1.000000000000000000, -0.000000000000000000 ) ) ;
#2853 = DIRECTION ( 'NONE',  ( -0.000000000000000000, -1.000000000000000000, -0.000000000000000000 ) ) ;
#2854 = DIRECTION ( 'NONE',  ( 0.000000000000000000, 0.000000000000000000, -1.000000000000000000 ) ) ;
#2855 = CARTESIAN_POINT ( 'NONE',  ( -8.750000000000053291, 1.500000000000000000, -13.60544456622765352 ) ) ;
#2856 = DIRECTION ( 'NONE',  ( 0.000000000000000000, -1.000000000000000000, 0.000000000000000000 ) ) ;
#2857 = ORIENTED_EDGE ( 'NONE', *, *, #1661, .T. ) ;
#2858 = VECTOR ( 'NONE', #3342, 1000.000000000000000 ) ;
#2859 = VERTEX_POINT ( 'NONE', #2598 ) ;
#2860 = DIRECTION ( 'NONE',  ( -0.000000000000000000, -1.000000000000000000, -0.000000000000000000 ) ) ;
#2861 = LINE ( 'NONE', #1157, #1454 ) ;
#2862 = AXIS2_PLACEMENT_3D ( 'NONE', #267, #3659, #3484 ) ;
#2863 = ORIENTED_EDGE ( 'NONE', *, *, #2058, .T. ) ;
#2864 = VERTEX_POINT ( 'NONE', #873 ) ;
#2865 = AXIS2_PLACEMENT_3D ( 'NONE', #2010, #3133, #575 ) ;
#2866 = CARTESIAN_POINT ( 'NONE',  ( -17.50000000000000000, -1.500000000000000000, 1.769808360342463528E-14 ) ) ;
#2867 = DIRECTION ( 'NONE',  ( 0.000000000000000000, 0.000000000000000000, -1.000000000000000000 ) ) ;
#2868 = ORIENTED_EDGE ( 'NONE', *, *, #2642, .T. ) ;
#2869 = CARTESIAN_POINT ( 'NONE',  ( 0.000000000000000000, -1.500000000000000000, 0.000000000000000000 ) ) ;
#2870 = AXIS2_PLACEMENT_3D ( 'NONE', #3621, #562, #2285 ) ;
#2871 = VECTOR ( 'NONE', #2663, 1000.000000000000114 ) ;
#2872 = ORIENTED_EDGE ( 'NONE', *, *, #906, .T. ) ;
#2873 = CYLINDRICAL_SURFACE ( 'NONE', #2364, 1.000000000000000000 ) ;
#2874 = AXIS2_PLACEMENT_3D ( 'NONE', #2110, #1031, #3297 ) ;
#2875 = LINE ( 'NONE', #1765, #1311 ) ;
#2876 = VECTOR ( 'NONE', #1366, 1000.000000000000000 ) ;
#2877 = ORIENTED_EDGE ( 'NONE', *, *, #2248, .F. ) ;
#2878 = CARTESIAN_POINT ( 'NONE',  ( -8.750000000000053291, -1.500000000000000000, -13.60544456622765352 ) ) ;
#2879 = EDGE_CURVE ( 'NONE', #745, #219, #264, .T. ) ;
#2880 = DIRECTION ( 'NONE',  ( 0.000000000000000000, 0.000000000000000000, 1.000000000000000000 ) ) ;
#2881 = ORIENTED_EDGE ( 'NONE', *, *, #1288, .F. ) ;
#2882 = DIRECTION ( 'NONE',  ( 0.000000000000000000, 0.000000000000000000, -1.000000000000000000 ) ) ;
#2883 = ORIENTED_EDGE ( 'NONE', *, *, #1004, .T. ) ;
#2884 = DIRECTION ( 'NONE',  ( 0.000000000000000000, 1.000000000000000000, -0.000000000000000000 ) ) ;
#2885 = ORIENTED_EDGE ( 'NONE', *, *, #2824, .F. ) ;
#2886 = CARTESIAN_POINT ( 'NONE',  ( 12.22408882090945781, -1.499999999999999556, -10.82725708595005543 ) ) ;
#2887 = DIRECTION ( 'NONE',  ( 0.000000000000000000, 0.000000000000000000, 1.000000000000000000 ) ) ;
#2888 = AXIS2_PLACEMENT_3D ( 'NONE', #1924, #1775, #1756 ) ;
#2889 = CYLINDRICAL_SURFACE ( 'NONE', #3157, 5.000000000000000000 ) ;
#2890 = EDGE_CURVE ( 'NONE', #2277, #2072, #1811, .T. ) ;
#2891 = CARTESIAN_POINT ( 'NONE',  ( 0.8418944329592917830, 8.500000000000000000, 8.458203932499626987 ) ) ;
#2892 = CARTESIAN_POINT ( 'NONE',  ( -16.35474950397699345, -1.500000000000000000, -5.672742914049906382 ) ) ;
#2893 = CIRCLE ( 'NONE', #972, 0.9999999999999991118 ) ;
#2894 = VECTOR ( 'NONE', #1601, 1000.000000000000227 ) ;
#2895 = DIRECTION ( 'NONE',  ( 0.000000000000000000, 1.000000000000000000, 0.000000000000000000 ) ) ;
#2896 = DIRECTION ( 'NONE',  ( 0.000000000000000000, 0.000000000000000000, 1.000000000000000000 ) ) ;
#2897 = CIRCLE ( 'NONE', #3182, 1.000000000000000888 ) ;
#2898 = ORIENTED_EDGE ( 'NONE', *, *, #853, .F. ) ;
#2899 = ADVANCED_FACE ( 'NONE', ( #2823 ), #891, .F. ) ;
#2900 = CARTESIAN_POINT ( 'NONE',  ( -0.8418944329644686420, 1.499999999999999556, -8.458203932499113620 ) ) ;
#2901 = CARTESIAN_POINT ( 'NONE',  ( 9.469357670820770068, -1.500000000000000000, 10.66266986216881207 ) ) ;
#2902 = AXIS2_PLACEMENT_3D ( 'NONE', #1091, #1106, #2238 ) ;
#2903 = ORIENTED_EDGE ( 'NONE', *, *, #2654, .T. ) ;
#2904 = CARTESIAN_POINT ( 'NONE',  ( 0.000000000000000000, 1.499999999999999556, 0.000000000000000000 ) ) ;
#2905 = DIRECTION ( 'NONE',  ( 0.000000000000000000, 1.000000000000000000, 0.000000000000000000 ) ) ;
#2906 = ORIENTED_EDGE ( 'NONE', *, *, #2689, .T. ) ;
#2907 = FACE_OUTER_BOUND ( 'NONE', #3022, .T. ) ;
#2908 = CARTESIAN_POINT ( 'NONE',  ( -8.761432854035909656, -1.499999999999999556, -10.17524685028865861 ) ) ;
#2909 = ADVANCED_FACE ( 'NONE', ( #568 ), #2308, .F. ) ;
#2910 = ORIENTED_EDGE ( 'NONE', *, *, #80, .F. ) ;
#2911 = CARTESIAN_POINT ( 'NONE',  ( -2.165063509463149405, -1.500000000000000000, 1.250000000001184386 ) ) ;
#2912 = ORIENTED_EDGE ( 'NONE', *, *, #696, .F. ) ;
#2913 = CARTESIAN_POINT ( 'NONE',  ( 3.184081677783118191E-16, -1.000000000000000000, -2.600000000000000089 ) ) ;
#2914 = CYLINDRICAL_SURFACE ( 'NONE', #1424, 1.000000000000000888 ) ;
#2915 = ADVANCED_FACE ( 'NONE', ( #817 ), #304, .F. ) ;
#2916 = ORIENTED_EDGE ( 'NONE', *, *, #2767, .T. ) ;
#2917 = CARTESIAN_POINT ( 'NONE',  ( -4.000000000000000000, 0.5000000000000000000, 3.000000000000000000 ) ) ;
#2918 = CARTESIAN_POINT ( 'NONE',  ( 8.750000000000005329, -1.500000000000000000, 15.15544456622768976 ) ) ;
#2919 = EDGE_CURVE ( 'NONE', #2374, #2277, #3104, .T. ) ;
#2920 = CIRCLE ( 'NONE', #3546, 1.000000000000000888 ) ;
#2921 = AXIS2_PLACEMENT_3D ( 'NONE', #3608, #1632, #1888 ) ;
#2922 = CYLINDRICAL_SURFACE ( 'NONE', #959, 1.549999999999999378 ) ;
#2923 = DIRECTION ( 'NONE',  ( 0.000000000000000000, 0.000000000000000000, 1.000000000000000000 ) ) ;
#2924 = CARTESIAN_POINT ( 'NONE',  ( -9.469357670820308215, 8.500000000000000000, 10.66266986216874635 ) ) ;
#2925 = ORIENTED_EDGE ( 'NONE', *, *, #2399, .T. ) ;
#2926 = CIRCLE ( 'NONE', #2694, 1.549999999999999378 ) ;
#2927 = EDGE_CURVE ( 'NONE', #2134, #3076, #768, .T. ) ;
#2928 = VERTEX_POINT ( 'NONE', #2543 ) ;
#2929 = AXIS2_PLACEMENT_3D ( 'NONE', #3052, #3315, #2200 ) ;
#2930 = CARTESIAN_POINT ( 'NONE',  ( 0.000000000000000000, 1.499999999999999556, 0.000000000000000000 ) ) ;
#2931 = AXIS2_PLACEMENT_3D ( 'NONE', #2425, #121, #1005 ) ;
#2932 = AXIS2_PLACEMENT_3D ( 'NONE', #2794, #178, #230 ) ;
#2933 = CARTESIAN_POINT ( 'NONE',  ( -17.50000000000000000, 1.500000000000000000, -1.549999999999984945 ) ) ;
#2934 = ORIENTED_EDGE ( 'NONE', *, *, #2802, .T. ) ;
#2935 = CARTESIAN_POINT ( 'NONE',  ( -17.50000000000000000, -1.500000000000000000, 1.550000000000020473 ) ) ;
#2936 = CARTESIAN_POINT ( 'NONE',  ( -16.35474950397701477, -1.500000000000000000, 5.672742914049964114 ) ) ;
#2937 = ORIENTED_EDGE ( 'NONE', *, *, #1571, .F. ) ;
#2938 = EDGE_CURVE ( 'NONE', #290, #2286, #2697, .T. ) ;
#2939 = EDGE_CURVE ( 'NONE', #1579, #3016, #3379, .T. ) ;
#2940 = DIRECTION ( 'NONE',  ( 0.000000000000000000, 0.000000000000000000, -1.000000000000000000 ) ) ;
#2941 = DIRECTION ( 'NONE',  ( -0.5000000000000003331, 0.000000000000000000, 0.8660254037844383745 ) ) ;
#2942 = VERTEX_POINT ( 'NONE', #2892 ) ;
#2943 = CARTESIAN_POINT ( 'NONE',  ( 3.264635279283078617, 1.499999999999999556, 15.99999999999987566 ) ) ;
#2944 = PLANE ( 'NONE',  #797 ) ;
#2945 = LINE ( 'NONE', #676, #1531 ) ;
#2946 = DIRECTION ( 'NONE',  ( 0.5000000000000003331, 0.000000000000000000, -0.8660254037844383745 ) ) ;
#2947 = DIRECTION ( 'NONE',  ( -0.000000000000000000, -1.000000000000000000, -0.000000000000000000 ) ) ;
#2948 = ORIENTED_EDGE ( 'NONE', *, *, #3417, .F. ) ;
#2949 = SHAPE_DEFINITION_REPRESENTATION ( #1293, #2590 ) ;
#2950 = VERTEX_POINT ( 'NONE', #2240 ) ;
#2951 = DIRECTION ( 'NONE',  ( 0.000000000000000000, 0.000000000000000000, -1.000000000000000000 ) ) ;
#2952 = AXIS2_PLACEMENT_3D ( 'NONE', #3169, #1992, #3663 ) ;
#2953 = AXIS2_PLACEMENT_3D ( 'NONE', #2112, #1017, #1275 ) ;
#2954 = CYLINDRICAL_SURFACE ( 'NONE', #2033, 1.000000000000000000 ) ;
#2955 = EDGE_LOOP ( 'NONE', ( #985, #1633, #3078, #242 ) ) ;
#2956 = FACE_BOUND ( 'NONE', #3601, .T. ) ;
#2957 = DIRECTION ( 'NONE',  ( -0.000000000000000000, -1.000000000000000000, -0.000000000000000000 ) ) ;
#2958 = CARTESIAN_POINT ( 'NONE',  ( 7.745966692414834931, 1.499999999999999556, -3.500000000000000444 ) ) ;
#2959 = CARTESIAN_POINT ( 'NONE',  ( -3.565280431327402244, 8.500000000000000000, -13.17524685028540965 ) ) ;
#2960 = LINE ( 'NONE', #661, #1102 ) ;
#2961 = AXIS2_PLACEMENT_3D ( 'NONE', #814, #2558, #527 ) ;
#2962 = EDGE_CURVE ( 'NONE', #1831, #365, #2875, .T. ) ;
#2963 = EDGE_CURVE ( 'NONE', #1421, #2818, #2037, .T. ) ;
#2964 = DIRECTION ( 'NONE',  ( -0.000000000000000000, -1.000000000000000000, -0.000000000000000000 ) ) ;
#2965 = CARTESIAN_POINT ( 'NONE',  ( -14.72243186433550477, 8.500000000000000000, -8.499999999999911182 ) ) ;
#2966 = EDGE_LOOP ( 'NONE', ( #1277, #1511, #1116, #551 ) ) ;
#2967 = LINE ( 'NONE', #2911, #2752 ) ;
#2968 = ORIENTED_EDGE ( 'NONE', *, *, #1130, .T. ) ;
#2969 = DIRECTION ( 'NONE',  ( 0.5000000000000068834, 0.000000000000000000, 0.8660254037844345998 ) ) ;
#2970 = CYLINDRICAL_SURFACE ( 'NONE', #1614, 1.000000000000000000 ) ;
#2971 = ORIENTED_EDGE ( 'NONE', *, *, #3408, .F. ) ;
#2972 = CARTESIAN_POINT ( 'NONE',  ( 0.8418944329592917830, -1.499999999999999556, 8.458203932499626987 ) ) ;
#2973 = LINE ( 'NONE', #405, #3316 ) ;
#2974 = ORIENTED_EDGE ( 'NONE', *, *, #3652, .T. ) ;
#2975 = ORIENTED_EDGE ( 'NONE', *, *, #2125, .T. ) ;
#2976 = DIRECTION ( 'NONE',  ( -0.000000000000000000, -1.000000000000000000, -0.000000000000000000 ) ) ;
#2977 = CARTESIAN_POINT ( 'NONE',  ( 0.8418944329592917830, 1.499999999999999556, 8.458203932499626987 ) ) ;
#2978 = FACE_OUTER_BOUND ( 'NONE', #2465, .T. ) ;
#2979 = CIRCLE ( 'NONE', #3086, 1.549999999999997602 ) ;
#2980 = ORIENTED_EDGE ( 'NONE', *, *, #417, .T. ) ;
#2981 = CIRCLE ( 'NONE', #764, 4.549999999999998934 ) ;
#2982 = VERTEX_POINT ( 'NONE', #531 ) ;
#2983 = DIRECTION ( 'NONE',  ( 0.000000000000000000, 0.000000000000000000, 1.000000000000000000 ) ) ;
#2984 = VECTOR ( 'NONE', #3458, 1000.000000000000000 ) ;
#2985 = VECTOR ( 'NONE', #2445, 1000.000000000000000 ) ;
#2986 = CARTESIAN_POINT ( 'NONE',  ( -13.19273868914365977, 8.500000000000000000, -3.500000000000000444 ) ) ;
#2987 = VECTOR ( 'NONE', #570, 1000.000000000000000 ) ;
#2988 = EDGE_LOOP ( 'NONE', ( #1266, #399, #3471, #3470 ) ) ;
#2989 = CYLINDRICAL_SURFACE ( 'NONE', #2633, 1.000000000000000888 ) ;
#2990 = DIRECTION ( 'NONE',  ( -0.000000000000000000, 1.000000000000000000, -0.000000000000000000 ) ) ;
#2991 = FACE_OUTER_BOUND ( 'NONE', #2259, .T. ) ;
#2992 = ORIENTED_EDGE ( 'NONE', *, *, #394, .F. ) ;
#2993 = EDGE_CURVE ( 'NONE', #2466, #1421, #833, .T. ) ;
#2994 = CARTESIAN_POINT ( 'NONE',  ( -6.834676493307206613, 1.499999999999999556, 3.088235294117646301 ) ) ;
#2995 = LINE ( 'NONE', #692, #3569 ) ;
#2996 = ORIENTED_EDGE ( 'NONE', *, *, #2837, .T. ) ;
#2997 = FACE_OUTER_BOUND ( 'NONE', #2955, .T. ) ;
#2998 = ORIENTED_EDGE ( 'NONE', *, *, #1018, .T. ) ;
#2999 = DIRECTION ( 'NONE',  ( 0.000000000000000000, 0.000000000000000000, -1.000000000000000000 ) ) ;
#3000 = VERTEX_POINT ( 'NONE', #2273 ) ;
#3001 = DIRECTION ( 'NONE',  ( 1.000000000000000000, 0.000000000000000000, -3.455323577095457193E-15 ) ) ;
#3002 = ADVANCED_FACE ( 'NONE', ( #3193 ), #36, .F. ) ;
#3003 = ORIENTED_EDGE ( 'NONE', *, *, #1986, .T. ) ;
#3004 = LINE ( 'NONE', #542, #3609 ) ;
#3005 = DIRECTION ( 'NONE',  ( -0.000000000000000000, -1.000000000000000000, -0.000000000000000000 ) ) ;
#3006 = CARTESIAN_POINT ( 'NONE',  ( 15.85111615421191900, 1.499999999999999556, -4.240717163770655773 ) ) ;
#3007 = FACE_BOUND ( 'NONE', #2170, .T. ) ;
#3008 = CARTESIAN_POINT ( 'NONE',  ( -3.199999999999999734, 0.5000000000000000000, 2.399999999999999911 ) ) ;
#3009 = ORIENTED_EDGE ( 'NONE', *, *, #28, .F. ) ;
#3010 = DIRECTION ( 'NONE',  ( -0.000000000000000000, 1.000000000000000000, -0.000000000000000000 ) ) ;
#3011 = CARTESIAN_POINT ( 'NONE',  ( -17.50000000000000000, -1.500000000000000000, -1.549999999999984945 ) ) ;
#3012 = AXIS2_PLACEMENT_3D ( 'NONE', #726, #366, #2737 ) ;
#3013 = VERTEX_POINT ( 'NONE', #3441 ) ;
#3014 = LINE ( 'NONE', #434, #1677 ) ;
#3015 = AXIS2_PLACEMENT_3D ( 'NONE', #2366, #34, #2946 ) ;
#3016 = VERTEX_POINT ( 'NONE', #2933 ) ;
#3017 = EDGE_CURVE ( 'NONE', #122, #1622, #2212, .T. ) ;
#3018 = LINE ( 'NONE', #1042, #2512 ) ;
#3019 = FACE_BOUND ( 'NONE', #1803, .T. ) ;
#3020 = CARTESIAN_POINT ( 'NONE',  ( -4.252989283015851996, -1.500000000000000000, 15.84782784977065084 ) ) ;
#3021 = ORIENTED_EDGE ( 'NONE', *, *, #1264, .F. ) ;
#3022 = EDGE_LOOP ( 'NONE', ( #2528, #2424, #2397, #2906 ) ) ;
#3023 = FACE_OUTER_BOUND ( 'NONE', #2573, .T. ) ;
#3024 = DIRECTION ( 'NONE',  ( 0.4999999999999950040, 0.000000000000000000, -0.8660254037844414832 ) ) ;
#3025 = ORIENTED_EDGE ( 'NONE', *, *, #2032, .F. ) ;
#3026 = DIRECTION ( 'NONE',  ( 0.000000000000000000, 1.000000000000000000, 0.000000000000000000 ) ) ;
#3027 = DIRECTION ( 'NONE',  ( 0.000000000000000000, 0.000000000000000000, 1.000000000000000000 ) ) ;
#3028 = EDGE_LOOP ( 'NONE', ( #557, #2278, #751, #750 ) ) ;
#3029 = ORIENTED_EDGE ( 'NONE', *, *, #3219, .F. ) ;
#3030 = LINE ( 'NONE', #2441, #1680 ) ;
#3031 = CIRCLE ( 'NONE', #3141, 2.600000000000000089 ) ;
#3032 = AXIS2_PLACEMENT_3D ( 'NONE', #2756, #1339, #1324 ) ;
#3033 = FACE_OUTER_BOUND ( 'NONE', #1603, .T. ) ;
#3034 = FACE_OUTER_BOUND ( 'NONE', #2800, .T. ) ;
#3035 = CARTESIAN_POINT ( 'NONE',  ( 8.750000000000003553, 1.499999999999999556, -15.15544456622767733 ) ) ;
#3036 = AXIS2_PLACEMENT_3D ( 'NONE', #665, #118, #2983 ) ;
#3037 = VECTOR ( 'NONE', #1066, 1000.000000000000000 ) ;
#3038 = ORIENTED_EDGE ( 'NONE', *, *, #164, .T. ) ;
#3039 = CARTESIAN_POINT ( 'NONE',  ( 17.50000000000001421, -1.500000000000000000, -1.549999999999998046 ) ) ;
#3040 = DIRECTION ( 'NONE',  ( 0.000000000000000000, 0.000000000000000000, 1.000000000000000000 ) ) ;
#3041 = VECTOR ( 'NONE', #3603, 1000.000000000000000 ) ;
#3042 = VERTEX_POINT ( 'NONE', #3480 ) ;
#3043 = EDGE_CURVE ( 'NONE', #3344, #631, #2509, .T. ) ;
#3044 = EDGE_CURVE ( 'NONE', #1507, #3253, #1254, .T. ) ;
#3045 = VECTOR ( 'NONE', #1758, 1000.000000000000000 ) ;
#3046 = CARTESIAN_POINT ( 'NONE',  ( -17.50000000000000000, -1.500000000000000000, 1.769808360342463528E-14 ) ) ;
#3047 = VERTEX_POINT ( 'NONE', #1551 ) ;
#3048 = PLANE ( 'NONE',  #2834 ) ;
#3049 = VECTOR ( 'NONE', #653, 1000.000000000000000 ) ;
#3050 = VERTEX_POINT ( 'NONE', #2404 ) ;
#3051 = ORIENTED_EDGE ( 'NONE', *, *, #3352, .F. ) ;
#3052 = CARTESIAN_POINT ( 'NONE',  ( -12.22408882090950932, 1.499999999999999556, -10.82725708595003233 ) ) ;
#3053 = EDGE_CURVE ( 'NONE', #980, #402, #350, .T. ) ;
#3054 = CARTESIAN_POINT ( 'NONE',  ( -8.749999999999996447, 1.499999999999999556, 15.15544456622769154 ) ) ;
#3055 = FACE_BOUND ( 'NONE', #2518, .T. ) ;
#3056 = DIRECTION ( 'NONE',  ( 0.000000000000000000, 0.000000000000000000, 1.000000000000000000 ) ) ;
#3057 = DIRECTION ( 'NONE',  ( -0.000000000000000000, -1.000000000000000000, -0.000000000000000000 ) ) ;
#3058 = DIRECTION ( 'NONE',  ( 0.000000000000000000, 0.000000000000000000, 1.000000000000000000 ) ) ;
#3059 = ORIENTED_EDGE ( 'NONE', *, *, #2317, .T. ) ;
#3060 = LINE ( 'NONE', #1654, #2785 ) ;
#3061 = EDGE_CURVE ( 'NONE', #1557, #275, #1976, .T. ) ;
#3062 = ORIENTED_EDGE ( 'NONE', *, *, #1871, .T. ) ;
#3063 = ADVANCED_FACE ( 'NONE', ( #3179 ), #1472, .F. ) ;
#3064 = ADVANCED_FACE ( 'NONE', ( #1263 ), #2332, .F. ) ;
#3065 = DIRECTION ( 'NONE',  ( -0.000000000000000000, -1.000000000000000000, -0.000000000000000000 ) ) ;
#3066 = AXIS2_PLACEMENT_3D ( 'NONE', #3607, #1684, #1965 ) ;
#3067 = EDGE_LOOP ( 'NONE', ( #809, #2185, #3519, #1113 ) ) ;
#3068 = EDGE_CURVE ( 'NONE', #1310, #2942, #2059, .T. ) ;
#3069 = DIRECTION ( 'NONE',  ( 0.000000000000000000, 1.000000000000000000, 0.000000000000000000 ) ) ;
#3070 = CYLINDRICAL_SURFACE ( 'NONE', #3242, 1.000000000000000888 ) ;
#3071 = EDGE_CURVE ( 'NONE', #3013, #2350, #59, .T. ) ;
#3072 = LINE ( 'NONE', #2791, #2154 ) ;
#3073 = LINE ( 'NONE', #481, #3610 ) ;
#3074 = LINE ( 'NONE', #3362, #218 ) ;
#3075 = DIRECTION ( 'NONE',  ( 8.673617379884033500E-16, 0.000000000000000000, 1.000000000000000000 ) ) ;
#3076 = VERTEX_POINT ( 'NONE', #99 ) ;
#3077 = DIRECTION ( 'NONE',  ( 0.000000000000000000, 0.000000000000000000, 1.000000000000000000 ) ) ;
#3078 = ORIENTED_EDGE ( 'NONE', *, *, #303, .F. ) ;
#3079 = ORIENTED_EDGE ( 'NONE', *, *, #1792, .F. ) ;
#3080 = ORIENTED_EDGE ( 'NONE', *, *, #1798, .T. ) ;
#3081 = CARTESIAN_POINT ( 'NONE',  ( 13.19273868914366332, 1.500000000000000000, -2.500000000000000444 ) ) ;
#3082 = ORIENTED_EDGE ( 'NONE', *, *, #1782, .T. ) ;
#3083 = DIRECTION ( 'NONE',  ( 0.000000000000000000, -1.000000000000000000, 0.000000000000000000 ) ) ;
#3084 = FACE_BOUND ( 'NONE', #963, .T. ) ;
#3085 = DIRECTION ( 'NONE',  ( -0.000000000000000000, -1.000000000000000000, -0.000000000000000000 ) ) ;
#3086 = AXIS2_PLACEMENT_3D ( 'NONE', #2122, #427, #3261 ) ;
#3087 = VECTOR ( 'NONE', #2354, 1000.000000000000000 ) ;
#3088 = CARTESIAN_POINT ( 'NONE',  ( 7.745966692414834931, 8.500000000000000000, -3.500000000000000444 ) ) ;
#3089 = AXIS2_PLACEMENT_3D ( 'NONE', #2149, #2499, #2479 ) ;
#3090 = VERTEX_POINT ( 'NONE', #1850 ) ;
#3091 = EDGE_CURVE ( 'NONE', #2371, #1558, #2692, .T. ) ;
#3092 = VECTOR ( 'NONE', #2678, 1000.000000000000000 ) ;
#3093 = DIRECTION ( 'NONE',  ( 0.000000000000000000, 1.000000000000000000, -0.000000000000000000 ) ) ;
#3094 = CIRCLE ( 'NONE', #2331, 7.500000000000000000 ) ;
#3095 = CARTESIAN_POINT ( 'NONE',  ( -6.091828464224531281, 8.500000000000000000, -4.374885822791697798 ) ) ;
#3096 = ORIENTED_EDGE ( 'NONE', *, *, #2142, .F. ) ;
#3097 = AXIS2_PLACEMENT_3D ( 'NONE', #3310, #2513, #270 ) ;
#3098 = EDGE_LOOP ( 'NONE', ( #3516, #1494, #760, #1 ) ) ;
#3099 = CARTESIAN_POINT ( 'NONE',  ( 0.8418944329649665770, 8.500000000000000000, -8.458203932499063882 ) ) ;
#3100 = VECTOR ( 'NONE', #3412, 1000.000000000000000 ) ;
#3101 = FACE_OUTER_BOUND ( 'NONE', #1586, .T. ) ;
#3102 = ORIENTED_EDGE ( 'NONE', *, *, #394, .T. ) ;
#3103 = LINE ( 'NONE', #1703, #869 ) ;
#3104 = LINE ( 'NONE', #1093, #287 ) ;
#3105 = EDGE_CURVE ( 'NONE', #877, #324, #2656, .T. ) ;
#3106 = UNCERTAINTY_MEASURE_WITH_UNIT (LENGTH_MEASURE( 1.000000000000000082E-05 ), #777, 'distance_accuracy_value', 'NONE');
#3107 = CARTESIAN_POINT ( 'NONE',  ( 3.264635279283095937, -1.500000000000000000, -16.99999999999996447 ) ) ;
#3108 = CARTESIAN_POINT ( 'NONE',  ( 8.750000000000005329, 1.499999999999999556, 15.15544456622768976 ) ) ;
#3109 = ORIENTED_EDGE ( 'NONE', *, *, #2689, .F. ) ;
#3110 = EDGE_LOOP ( 'NONE', ( #2517, #1666, #3322, #1859 ) ) ;
#3111 = VECTOR ( 'NONE', #3568, 1000.000000000000000 ) ;
#3112 = CARTESIAN_POINT ( 'NONE',  ( -16.35474950397701477, 8.500000000000000000, 5.672742914049964114 ) ) ;
#3113 = CARTESIAN_POINT ( 'NONE',  ( 6.038046855670322621, -1.499999999999999556, -5.458203932496852318 ) ) ;
#3114 = ADVANCED_FACE ( 'NONE', ( #1207 ), #337, .T. ) ;
#3115 = ORIENTED_EDGE ( 'NONE', *, *, #3247, .F. ) ;
#3116 = VERTEX_POINT ( 'NONE', #79 ) ;
#3117 = AXIS2_PLACEMENT_3D ( 'NONE', #617, #2051, #8 ) ;
#3118 = AXIS2_PLACEMENT_3D ( 'NONE', #501, #198, #2831 ) ;
#3119 = DIRECTION ( 'NONE',  ( 0.000000000000000000, 0.000000000000000000, -1.000000000000000000 ) ) ;
#3120 = VERTEX_POINT ( 'NONE', #1807 ) ;
#3121 = DIRECTION ( 'NONE',  ( -0.000000000000000000, 1.000000000000000000, -0.000000000000000000 ) ) ;
#3122 = CARTESIAN_POINT ( 'NONE',  ( -8.761432854029346018, 1.500000000000000000, 10.17524685028765852 ) ) ;
#3123 = CARTESIAN_POINT ( 'NONE',  ( 9.469357670826191509, 1.499999999999999556, -10.66266986216967183 ) ) ;
#3124 = CARTESIAN_POINT ( 'NONE',  ( 0.8418944329592917830, 8.500000000000000000, 8.458203932499626987 ) ) ;
#3125 = EDGE_CURVE ( 'NONE', #3445, #1805, #3432, .T. ) ;
#3126 = EDGE_LOOP ( 'NONE', ( #2160, #3540, #939, #1799 ) ) ;
#3127 = LINE ( 'NONE', #990, #870 ) ;
#3128 = CARTESIAN_POINT ( 'NONE',  ( 0.000000000000000000, 1.500000000000000000, -16.99999999999996447 ) ) ;
#3129 = AXIS2_PLACEMENT_3D ( 'NONE', #3178, #2964, #663 ) ;
#3130 = ORIENTED_EDGE ( 'NONE', *, *, #1549, .F. ) ;
#3131 = ADVANCED_FACE ( 'NONE', ( #1533 ), #2676, .F. ) ;
#3132 = VERTEX_POINT ( 'NONE', #1590 ) ;
#3133 = DIRECTION ( 'NONE',  ( 0.000000000000000000, 1.000000000000000000, 0.000000000000000000 ) ) ;
#3134 = CARTESIAN_POINT ( 'NONE',  ( 3.264635279283078617, 1.500000000000000000, 16.99999999999987566 ) ) ;
#3135 = ORIENTED_EDGE ( 'NONE', *, *, #1403, .F. ) ;
#3136 = CYLINDRICAL_SURFACE ( 'NONE', #1319, 1.000000000000000000 ) ;
#3137 = CARTESIAN_POINT ( 'NONE',  ( -13.19273868914365977, -1.499999999999999556, -3.500000000000000444 ) ) ;
#3138 = LINE ( 'NONE', #3404, #834 ) ;
#3139 = DIRECTION ( 'NONE',  ( 0.000000000000000000, 0.000000000000000000, -1.000000000000000000 ) ) ;
#3140 = LINE ( 'NONE', #281, #2097 ) ;
#3141 = AXIS2_PLACEMENT_3D ( 'NONE', #837, #2276, #3409 ) ;
#3142 = CARTESIAN_POINT ( 'NONE',  ( -13.19273868914365977, 1.499999999999999556, -3.500000000000000444 ) ) ;
#3143 = LINE ( 'NONE', #286, #1305 ) ;
#3144 = ORIENTED_EDGE ( 'NONE', *, *, #2890, .T. ) ;
#3145 = CIRCLE ( 'NONE', #3268, 1.000000000000000000 ) ;
#3146 = FACE_OUTER_BOUND ( 'NONE', #3453, .T. ) ;
#3147 = DIRECTION ( 'NONE',  ( 0.5000000000000003331, 0.000000000000000000, -0.8660254037844383745 ) ) ;
#3148 = AXIS2_PLACEMENT_3D ( 'NONE', #1303, #2447, #455 ) ;
#3149 = ADVANCED_FACE ( 'NONE', ( #3534 ), #1643, .F. ) ;
#3150 = VECTOR ( 'NONE', #39, 1000.000000000000000 ) ;
#3151 = VECTOR ( 'NONE', #547, 1000.000000000000114 ) ;
#3152 = ORIENTED_EDGE ( 'NONE', *, *, #2504, .T. ) ;
#3153 = CARTESIAN_POINT ( 'NONE',  ( 6.123233995736766282E-16, -1.500000000000000000, -5.000000000000000000 ) ) ;
#3154 = FACE_OUTER_BOUND ( 'NONE', #268, .T. ) ;
#3155 = ORIENTED_EDGE ( 'NONE', *, *, #1534, .T. ) ;
#3156 = DIRECTION ( 'NONE',  ( 1.000000000000000000, 0.000000000000000000, -1.051620219116008738E-14 ) ) ;
#3157 = AXIS2_PLACEMENT_3D ( 'NONE', #1761, #317, #2617 ) ;
#3158 = ORIENTED_EDGE ( 'NONE', *, *, #1686, .F. ) ;
#3159 = DIRECTION ( 'NONE',  ( 0.000000000000000000, 0.000000000000000000, 1.000000000000000000 ) ) ;
#3160 = VERTEX_POINT ( 'NONE', #2734 ) ;
#3161 = EDGE_LOOP ( 'NONE', ( #613, #1504, #2130, #987 ) ) ;
#3162 = CARTESIAN_POINT ( 'NONE',  ( 6.904072259451434768, -1.499999999999999556, 4.958203932501484168 ) ) ;
#3163 = EDGE_LOOP ( 'NONE', ( #1548, #886, #1249, #3299 ) ) ;
#3164 = DIRECTION ( 'NONE',  ( -0.000000000000000000, 1.000000000000000000, -0.000000000000000000 ) ) ;
#3165 = LINE ( 'NONE', #3643, #1670 ) ;
#3166 = ORIENTED_EDGE ( 'NONE', *, *, #1004, .F. ) ;
#3167 = VERTEX_POINT ( 'NONE', #2220 ) ;
#3168 = CARTESIAN_POINT ( 'NONE',  ( 0.000000000000000000, 8.500000000000000000, 0.000000000000000000 ) ) ;
#3169 = CARTESIAN_POINT ( 'NONE',  ( -9.627458257813785281, -1.499999999999999556, 9.675246850287656741 ) ) ;
#3170 = CIRCLE ( 'NONE', #3290, 7.500000000000000000 ) ;
#3171 = EDGE_LOOP ( 'NONE', ( #996, #2231, #1978, #1118 ) ) ;
#3172 = ADVANCED_FACE ( 'NONE', ( #1946 ), #472, .T. ) ;
#3173 = CARTESIAN_POINT ( 'NONE',  ( 0.000000000000000000, -1.500000000000000000, 2.499999999999999556 ) ) ;
#3174 = DIRECTION ( 'NONE',  ( -0.000000000000000000, -1.000000000000000000, -0.000000000000000000 ) ) ;
#3175 = ORIENTED_EDGE ( 'NONE', *, *, #1889, .F. ) ;
#3176 = AXIS2_PLACEMENT_3D ( 'NONE', #2977, #694, #410 ) ;
#3177 = EDGE_CURVE ( 'NONE', #2587, #2031, #3588, .T. ) ;
#3178 = CARTESIAN_POINT ( 'NONE',  ( -0.8418944329588039510, 8.500000000000000000, 8.458203932499676725 ) ) ;
#3179 = FACE_OUTER_BOUND ( 'NONE', #731, .T. ) ;
#3180 = CARTESIAN_POINT ( 'NONE',  ( 8.750000000000005329, -1.500000000000000000, 15.15544456622768976 ) ) ;
#3181 = DIRECTION ( 'NONE',  ( 0.000000000000000000, 0.000000000000000000, 1.000000000000000000 ) ) ;
#3182 = AXIS2_PLACEMENT_3D ( 'NONE', #704, #2100, #1870 ) ;
#3183 = ORIENTED_EDGE ( 'NONE', *, *, #183, .F. ) ;
#3184 = DIRECTION ( 'NONE',  ( 1.734723475976807094E-15, 0.000000000000000000, 1.000000000000000000 ) ) ;
#3185 = CARTESIAN_POINT ( 'NONE',  ( -11.54700538379261232, 1.500000000000000000, -19.99999999999996092 ) ) ;
#3186 = AXIS2_PLACEMENT_3D ( 'NONE', #2891, #1763, #1784 ) ;
#3187 = DIRECTION ( 'NONE',  ( 0.000000000000000000, 1.000000000000000000, 0.000000000000000000 ) ) ;
#3188 = DIRECTION ( 'NONE',  ( 0.000000000000000000, 0.000000000000000000, 1.000000000000000000 ) ) ;
#3189 = DIRECTION ( 'NONE',  ( 0.000000000000000000, -1.000000000000000000, 0.000000000000000000 ) ) ;
#3190 = ORIENTED_EDGE ( 'NONE', *, *, #119, .T. ) ;
#3191 = EDGE_CURVE ( 'NONE', #2787, #3228, #3014, .T. ) ;
#3192 = DIRECTION ( 'NONE',  ( 0.000000000000000000, 1.000000000000000000, 0.000000000000000000 ) ) ;
#3193 = FACE_OUTER_BOUND ( 'NONE', #2586, .T. ) ;
#3194 = ADVANCED_FACE ( 'NONE', ( #416 ), #1036, .T. ) ;
#3195 = ADVANCED_FACE ( 'NONE', ( #2422 ), #1932, .F. ) ;
#3196 = ORIENTED_EDGE ( 'NONE', *, *, #1968, .F. ) ;
#3197 = DIRECTION ( 'NONE',  ( 0.000000000000000000, -1.000000000000000000, 0.000000000000000000 ) ) ;
#3198 = CARTESIAN_POINT ( 'NONE',  ( -4.499464137392563678, -1.500000000000000000, 13.53203923154135069 ) ) ;
#3199 = VERTEX_POINT ( 'NONE', #156 ) ;
#3200 = CARTESIAN_POINT ( 'NONE',  ( -15.48872410019255241, -1.499999999999999556, -5.172742914049911711 ) ) ;
#3201 = DIRECTION ( 'NONE',  ( -0.8660254037844415942, 0.000000000000000000, -0.4999999999999950595 ) ) ;
#3202 = CIRCLE ( 'NONE', #341, 7.500000000000000000 ) ;
#3203 = EDGE_CURVE ( 'NONE', #3167, #1452, #451, .T. ) ;
#3204 = ORIENTED_EDGE ( 'NONE', *, *, #1038, .T. ) ;
#3205 = VECTOR ( 'NONE', #3320, 1000.000000000000000 ) ;
#3206 = CARTESIAN_POINT ( 'NONE',  ( -13.96882180821685004, -1.500000000000000000, 2.869369369369372702 ) ) ;
#3207 = ORIENTED_EDGE ( 'NONE', *, *, #2699, .T. ) ;
#3208 = PLANE ( 'NONE',  #3456 ) ;
#3209 = DIRECTION ( 'NONE',  ( 0.000000000000000000, 0.000000000000000000, 1.000000000000000000 ) ) ;
#3210 = AXIS2_PLACEMENT_3D ( 'NONE', #321, #3655, #3357 ) ;
#3211 = DIRECTION ( 'NONE',  ( 0.000000000000000000, 0.000000000000000000, 1.000000000000000000 ) ) ;
#3212 = CIRCLE ( 'NONE', #955, 0.9999999999999991118 ) ;
#3213 = DIRECTION ( 'NONE',  ( -0.8660254037844417052, 0.000000000000000000, -0.4999999999999948375 ) ) ;
#3214 = CIRCLE ( 'NONE', #651, 1.000000000000000888 ) ;
#3215 = CIRCLE ( 'NONE', #1821, 1.000000000000000000 ) ;
#3216 = ORIENTED_EDGE ( 'NONE', *, *, #1968, .T. ) ;
#3217 = DIRECTION ( 'NONE',  ( 0.000000000000000000, 1.000000000000000000, 0.000000000000000000 ) ) ;
#3218 = ORIENTED_EDGE ( 'NONE', *, *, #2848, .F. ) ;
#3219 = EDGE_CURVE ( 'NONE', #3644, #1863, #1616, .T. ) ;
#3220 = CARTESIAN_POINT ( 'NONE',  ( 0.000000000000000000, 1.500000000000000000, 16.99999999999987566 ) ) ;
#3221 = EDGE_CURVE ( 'NONE', #2195, #1536, #3660, .T. ) ;
#3222 = DIRECTION ( 'NONE',  ( 0.000000000000000000, 0.000000000000000000, -1.000000000000000000 ) ) ;
#3223 = VECTOR ( 'NONE', #2338, 1000.000000000000227 ) ;
#3224 = VERTEX_POINT ( 'NONE', #3303 ) ;
#3225 = CARTESIAN_POINT ( 'NONE',  ( -8.749999999999996447, -1.500000000000000000, 16.70544456622769047 ) ) ;
#3226 = DIRECTION ( 'NONE',  ( 0.000000000000000000, -1.000000000000000000, 0.000000000000000000 ) ) ;
#3227 = DIRECTION ( 'NONE',  ( 0.000000000000000000, 1.000000000000000000, 0.000000000000000000 ) ) ;
#3228 = VERTEX_POINT ( 'NONE', #3288 ) ;
#3229 = CARTESIAN_POINT ( 'NONE',  ( 4.252989283015872424, 1.499999999999999556, -15.84782784977072012 ) ) ;
#3230 = CARTESIAN_POINT ( 'NONE',  ( -6.834676493307206613, 1.499999999999999556, -3.088235294117646745 ) ) ;
#3231 = ORIENTED_EDGE ( 'NONE', *, *, #3417, .T. ) ;
#3232 = CARTESIAN_POINT ( 'NONE',  ( 0.000000000000000000, -1.500000000000000000, -2.500000000000000444 ) ) ;
#3233 = AXIS2_PLACEMENT_3D ( 'NONE', #762, #2515, #3618 ) ;
#3234 = DIRECTION ( 'NONE',  ( -0.000000000000000000, -1.000000000000000000, -0.000000000000000000 ) ) ;
#3235 = EDGE_LOOP ( 'NONE', ( #3380, #166, #1034, #3038, #975, #468, #294, #1463, #670, #2039, #910, #1658, #1797 ) ) ;
#3236 = ORIENTED_EDGE ( 'NONE', *, *, #3071, .F. ) ;
#3237 = CARTESIAN_POINT ( 'NONE',  ( 3.264635279283095937, -1.499999999999999556, -15.99999999999996270 ) ) ;
#3238 = CARTESIAN_POINT ( 'NONE',  ( -6.834676493307206613, -1.500000000000000000, -3.088235294117646745 ) ) ;
#3239 = ORIENTED_EDGE ( 'NONE', *, *, #17, .F. ) ;
#3240 = CARTESIAN_POINT ( 'NONE',  ( 0.000000000000000000, 1.499999999999999556, 0.000000000000000000 ) ) ;
#3241 = LINE ( 'NONE', #1501, #168 ) ;
#3242 = AXIS2_PLACEMENT_3D ( 'NONE', #1043, #1663, #1323 ) ;
#3243 = VERTEX_POINT ( 'NONE', #752 ) ;
#3244 = EDGE_CURVE ( 'NONE', #1441, #290, #3030, .T. ) ;
#3245 = EDGE_CURVE ( 'NONE', #1863, #9, #491, .T. ) ;
#3246 = AXIS2_PLACEMENT_3D ( 'NONE', #978, #3250, #2687 ) ;
#3247 = EDGE_CURVE ( 'NONE', #3116, #2783, #1073, .T. ) ;
#3248 = DIRECTION ( 'NONE',  ( 0.5000000000000068834, 0.000000000000000000, 0.8660254037844345998 ) ) ;
#3249 = DIRECTION ( 'NONE',  ( 0.5000000000000003331, 0.000000000000000000, -0.8660254037844383745 ) ) ;
#3250 = DIRECTION ( 'NONE',  ( 0.000000000000000000, 1.000000000000000000, -0.000000000000000000 ) ) ;
#3251 = ORIENTED_EDGE ( 'NONE', *, *, #1552, .F. ) ;
#3252 = VERTEX_POINT ( 'NONE', #204 ) ;
#3253 = VERTEX_POINT ( 'NONE', #2774 ) ;
#3254 = CARTESIAN_POINT ( 'NONE',  ( 0.000000000000000000, 8.500000000000000000, 0.000000000000000000 ) ) ;
#3255 = LINE ( 'NONE', #988, #1314 ) ;
#3256 = ORIENTED_EDGE ( 'NONE', *, *, #2150, .F. ) ;
#3257 = CARTESIAN_POINT ( 'NONE',  ( -4.000000000000000000, -1.500000000000000000, -3.000000000000000000 ) ) ;
#3258 = DIRECTION ( 'NONE',  ( 0.000000000000000000, 0.000000000000000000, -1.000000000000000000 ) ) ;
#3259 = VERTEX_POINT ( 'NONE', #1626 ) ;
#3260 = CARTESIAN_POINT ( 'NONE',  ( 2.165063509459043800, 1.500000000000000000, -1.249999999998814060 ) ) ;
#3261 = DIRECTION ( 'NONE',  ( 0.000000000000000000, 0.000000000000000000, 1.000000000000000000 ) ) ;
#3262 = ORIENTED_EDGE ( 'NONE', *, *, #3068, .T. ) ;
#3263 = DIRECTION ( 'NONE',  ( 0.000000000000000000, -1.000000000000000000, 0.000000000000000000 ) ) ;
#3264 = EDGE_LOOP ( 'NONE', ( #3009, #33, #1615, #3051 ) ) ;
#3265 = CARTESIAN_POINT ( 'NONE',  ( -13.19273868914362957, 8.500000000000000000, 3.499999999999999556 ) ) ;
#3266 = AXIS2_PLACEMENT_3D ( 'NONE', #109, #1253, #730 ) ;
#3267 = EDGE_CURVE ( 'NONE', #2219, #489, #1353, .T. ) ;
#3268 = AXIS2_PLACEMENT_3D ( 'NONE', #3444, #20, #2880 ) ;
#3269 = EDGE_LOOP ( 'NONE', ( #1899, #259 ) ) ;
#3270 = VERTEX_POINT ( 'NONE', #3272 ) ;
#3271 = EDGE_CURVE ( 'NONE', #2950, #1287, #791, .T. ) ;
#3272 = CARTESIAN_POINT ( 'NONE',  ( 13.19273868914365444, 1.500000000000000000, 2.499999999999999556 ) ) ;
#3273 = AXIS2_PLACEMENT_3D ( 'NONE', #2635, #1490, #962 ) ;
#3274 = CYLINDRICAL_SURFACE ( 'NONE', #2931, 1.549999999999999378 ) ;
#3275 = VERTEX_POINT ( 'NONE', #722 ) ;
#3276 = DIRECTION ( 'NONE',  ( 0.000000000000000000, 1.000000000000000000, 0.000000000000000000 ) ) ;
#3277 = DIRECTION ( 'NONE',  ( 0.000000000000000000, 1.000000000000000000, 0.000000000000000000 ) ) ;
#3278 = DIRECTION ( 'NONE',  ( 0.000000000000000000, 1.000000000000000000, 0.000000000000000000 ) ) ;
#3279 = CIRCLE ( 'NONE', #120, 1.000000000000000888 ) ;
#3280 = CARTESIAN_POINT ( 'NONE',  ( -13.19273868914362957, -1.499999999999999556, 3.499999999999999556 ) ) ;
#3281 = DIRECTION ( 'NONE',  ( 0.000000000000000000, 0.000000000000000000, -1.000000000000000000 ) ) ;
#3282 = CIRCLE ( 'NONE', #1629, 1.000000000000000000 ) ;
#3283 = ORIENTED_EDGE ( 'NONE', *, *, #340, .T. ) ;
#3284 = CYLINDRICAL_SURFACE ( 'NONE', #775, 1.000000000000000000 ) ;
#3285 = LINE ( 'NONE', #2420, #3579 ) ;
#3286 = ORIENTED_EDGE ( 'NONE', *, *, #2939, .F. ) ;
#3287 = ORIENTED_EDGE ( 'NONE', *, *, #559, .T. ) ;
#3288 = CARTESIAN_POINT ( 'NONE',  ( 15.85111615421191900, -1.500000000000000000, -4.240717163770655773 ) ) ;
#3289 = ADVANCED_FACE ( 'NONE', ( #139 ), #1884, .F. ) ;
#3290 = AXIS2_PLACEMENT_3D ( 'NONE', #3367, #462, #3077 ) ;
#3291 = CARTESIAN_POINT ( 'NONE',  ( -9.627458257820348919, 8.500000000000000000, -9.675246850288656830 ) ) ;
#3292 = FACE_OUTER_BOUND ( 'NONE', #1928, .T. ) ;
#3293 = DIRECTION ( 'NONE',  ( -0.000000000000000000, -1.000000000000000000, -0.000000000000000000 ) ) ;
#3294 = DIRECTION ( 'NONE',  ( 0.000000000000000000, 0.000000000000000000, 1.000000000000000000 ) ) ;
#3295 = CARTESIAN_POINT ( 'NONE',  ( -17.50000000000000000, 1.499999999999999556, 1.769808360342463528E-14 ) ) ;
#3296 = ORIENTED_EDGE ( 'NONE', *, *, #340, .F. ) ;
#3297 = DIRECTION ( 'NONE',  ( 0.000000000000000000, 0.000000000000000000, -1.000000000000000000 ) ) ;
#3298 = PLANE ( 'NONE',  #1894 ) ;
#3299 = ORIENTED_EDGE ( 'NONE', *, *, #1982, .T. ) ;
#3300 = VERTEX_POINT ( 'NONE', #1162 ) ;
#3301 = ORIENTED_EDGE ( 'NONE', *, *, #1927, .F. ) ;
#3302 = VECTOR ( 'NONE', #923, 1000.000000000000000 ) ;
#3303 = CARTESIAN_POINT ( 'NONE',  ( -4.499464137394546093, 1.499999999999999556, -13.53203923153626498 ) ) ;
#3304 = DIRECTION ( 'NONE',  ( 0.000000000000000000, 0.000000000000000000, -1.000000000000000000 ) ) ;
#3305 = CARTESIAN_POINT ( 'NONE',  ( 6.091828464224789741, -1.500000000000000000, -4.374885822791340750 ) ) ;
#3306 = DIRECTION ( 'NONE',  ( -0.000000000000000000, 1.000000000000000000, -0.000000000000000000 ) ) ;
#3307 = LINE ( 'NONE', #758, #1010 ) ;
#3308 = ADVANCED_FACE ( 'NONE', ( #1121 ), #1659, .F. ) ;
#3309 = ORIENTED_EDGE ( 'NONE', *, *, #966, .F. ) ;
#3310 = CARTESIAN_POINT ( 'NONE',  ( 3.264635279283078617, -1.499999999999999556, 15.99999999999987566 ) ) ;
#3311 = ORIENTED_EDGE ( 'NONE', *, *, #1764, .F. ) ;
#3312 = CARTESIAN_POINT ( 'NONE',  ( 0.7428480290867349733, 1.499999999999999556, -7.463121116910937047 ) ) ;
#3313 = ADVANCED_FACE ( 'NONE', ( #2574 ), #1998, .F. ) ;
#3314 = ORIENTED_EDGE ( 'NONE', *, *, #2236, .T. ) ;
#3315 = DIRECTION ( 'NONE',  ( -0.000000000000000000, -1.000000000000000000, -0.000000000000000000 ) ) ;
#3316 = VECTOR ( 'NONE', #2941, 1000.000000000000114 ) ;
#3317 = CIRCLE ( 'NONE', #1742, 1.000000000000000000 ) ;
#3318 = DIRECTION ( 'NONE',  ( -0.000000000000000000, -1.000000000000000000, -0.000000000000000000 ) ) ;
#3319 = CARTESIAN_POINT ( 'NONE',  ( 2.165063509459043800, 1.500000000000000000, -1.249999999998814060 ) ) ;
#3320 = DIRECTION ( 'NONE',  ( 0.000000000000000000, 1.000000000000000000, 0.000000000000000000 ) ) ;
#3321 = AXIS2_PLACEMENT_3D ( 'NONE', #3124, #1108, #2854 ) ;
#3322 = ORIENTED_EDGE ( 'NONE', *, *, #3652, .F. ) ;
#3323 = CIRCLE ( 'NONE', #2042, 1.000000000000000000 ) ;
#3324 = PRESENTATION_STYLE_ASSIGNMENT (( #1061 ) ) ;
#3325 = CARTESIAN_POINT ( 'NONE',  ( -17.50000000000000000, -1.500000000000000000, 1.769808360342463528E-14 ) ) ;
#3326 = AXIS2_PLACEMENT_3D ( 'NONE', #812, #3636, #506 ) ;
#3327 = MECHANICAL_DESIGN_GEOMETRIC_PRESENTATION_REPRESENTATION (  '', ( #2453 ), #1375 ) ;
#3328 = ORIENTED_EDGE ( 'NONE', *, *, #456, .F. ) ;
#3329 = ADVANCED_FACE ( 'NONE', ( #2018 ), #3350, .F. ) ;
#3330 = AXIS2_PLACEMENT_3D ( 'NONE', #2904, #374, #2360 ) ;
#3331 = DIRECTION ( 'NONE',  ( 0.000000000000000000, 1.000000000000000000, 0.000000000000000000 ) ) ;
#3332 = EDGE_CURVE ( 'NONE', #1214, #2243, #770, .T. ) ;
#3333 = DIRECTION ( 'NONE',  ( 0.5000000000000003331, 0.000000000000000000, -0.8660254037844383745 ) ) ;
#3334 = ORIENTED_EDGE ( 'NONE', *, *, #879, .F. ) ;
#3335 = ORIENTED_EDGE ( 'NONE', *, *, #1448, .F. ) ;
#3336 = DIRECTION ( 'NONE',  ( 0.5000000000000008882, 0.000000000000000000, 0.8660254037844381525 ) ) ;
#3337 = DIRECTION ( 'NONE',  ( -0.000000000000000000, -1.000000000000000000, -0.000000000000000000 ) ) ;
#3338 = DIRECTION ( 'NONE',  ( 0.000000000000000000, 0.000000000000000000, -1.000000000000000000 ) ) ;
#3339 = DIRECTION ( 'NONE',  ( 0.000000000000000000, 0.000000000000000000, 1.000000000000000000 ) ) ;
#3340 = DIRECTION ( 'NONE',  ( 0.000000000000000000, -0.000000000000000000, 1.000000000000000000 ) ) ;
#3341 = CIRCLE ( 'NONE', #1766, 5.000000000000000000 ) ;
#3342 = DIRECTION ( 'NONE',  ( 1.000000000000000000, 0.000000000000000000, 0.000000000000000000 ) ) ;
#3343 = EDGE_CURVE ( 'NONE', #41, #636, #241, .T. ) ;
#3344 = VERTEX_POINT ( 'NONE', #2594 ) ;
#3345 = CYLINDRICAL_SURFACE ( 'NONE', #2169, 1.000000000000000444 ) ;
#3346 = DIRECTION ( 'NONE',  ( 0.8660254037844347108, 0.000000000000000000, -0.5000000000000068834 ) ) ;
#3347 = CIRCLE ( 'NONE', #144, 1.000000000000000000 ) ;
#3348 = VECTOR ( 'NONE', #2701, 1000.000000000000000 ) ;
#3349 = ORIENTED_EDGE ( 'NONE', *, *, #922, .T. ) ;
#3350 = CYLINDRICAL_SURFACE ( 'NONE', #1074, 5.000000000000000000 ) ;
#3351 = AXIS2_PLACEMENT_3D ( 'NONE', #3237, #944, #2680 ) ;
#3352 = EDGE_CURVE ( 'NONE', #3224, #1069, #3138, .T. ) ;
#3353 = LINE ( 'NONE', #3671, #151 ) ;
#3354 = PRODUCT ( 'Copy of Part1^top motor drive', 'Copy of Part1^top motor drive', '', ( #1493 ) ) ;
#3355 = ORIENTED_EDGE ( 'NONE', *, *, #2395, .T. ) ;
#3356 = LINE ( 'NONE', #176, #1777 ) ;
#3357 = DIRECTION ( 'NONE',  ( 0.000000000000000000, 0.000000000000000000, 1.000000000000000000 ) ) ;
#3358 = EDGE_CURVE ( 'NONE', #857, #3403, #1104, .T. ) ;
#3359 = CIRCLE ( 'NONE', #1783, 1.550000000000002709 ) ;
#3360 = AXIS2_PLACEMENT_3D ( 'NONE', #3137, #3667, #620 ) ;
#3361 = CARTESIAN_POINT ( 'NONE',  ( 3.264635279283078617, 8.500000000000000000, 16.99999999999987566 ) ) ;
#3362 = CARTESIAN_POINT ( 'NONE',  ( 14.72243186433544437, -1.500000000000000000, -8.499999999999994671 ) ) ;
#3363 = VERTEX_POINT ( 'NONE', #3388 ) ;
#3364 = ORIENTED_EDGE ( 'NONE', *, *, #971, .F. ) ;
#3365 = LINE ( 'NONE', #842, #779 ) ;
#3366 = VERTEX_POINT ( 'NONE', #1144 ) ;
#3367 = CARTESIAN_POINT ( 'NONE',  ( 0.000000000000000000, 1.499999999999999556, 0.000000000000000000 ) ) ;
#3368 = EDGE_CURVE ( 'NONE', #3120, #2219, #2836, .T. ) ;
#3369 = ORIENTED_EDGE ( 'NONE', *, *, #3358, .F. ) ;
#3370 = CARTESIAN_POINT ( 'NONE',  ( 4.499464137392735097, -1.500000000000000000, 13.53203923154091903 ) ) ;
#3371 = DIRECTION ( 'NONE',  ( -0.000000000000000000, 1.000000000000000000, -0.000000000000000000 ) ) ;
#3372 = CARTESIAN_POINT ( 'NONE',  ( -13.19273868914362957, 1.499999999999999556, 3.499999999999999556 ) ) ;
#3373 = DIRECTION ( 'NONE',  ( -0.000000000000000000, 1.000000000000000000, -0.000000000000000000 ) ) ;
#3374 = AXIS2_PLACEMENT_3D ( 'NONE', #2743, #163, #1079 ) ;
#3375 = CIRCLE ( 'NONE', #3548, 4.550000000000001599 ) ;
#3376 = ADVANCED_FACE ( 'NONE', ( #261 ), #2819, .F. ) ;
#3377 = DIRECTION ( 'NONE',  ( 0.000000000000000000, 0.000000000000000000, 1.000000000000000000 ) ) ;
#3378 = LINE ( 'NONE', #3128, #38 ) ;
#3379 = CIRCLE ( 'NONE', #48, 1.550000000000002709 ) ;
#3380 = ORIENTED_EDGE ( 'NONE', *, *, #253, .T. ) ;
#3381 = CARTESIAN_POINT ( 'NONE',  ( -2.165063509463149405, 8.500000000000000000, 1.250000000001184386 ) ) ;
#3382 = AXIS2_PLACEMENT_3D ( 'NONE', #757, #2780, #2825 ) ;
#3383 = CARTESIAN_POINT ( 'NONE',  ( -4.000000000000000000, -1.500000000000000000, 0.000000000000000000 ) ) ;
#3384 = VERTEX_POINT ( 'NONE', #276 ) ;
#3385 = AXIS2_PLACEMENT_3D ( 'NONE', #2182, #181, #673 ) ;
#3386 = ORIENTED_EDGE ( 'NONE', *, *, #3506, .F. ) ;
#3387 = CARTESIAN_POINT ( 'NONE',  ( -9.627458257813785281, 8.500000000000000000, 9.675246850287656741 ) ) ;
#3388 = CARTESIAN_POINT ( 'NONE',  ( -15.85111615421193676, -1.500000000000000000, 4.240717163770690412 ) ) ;
#3389 = CIRCLE ( 'NONE', #288, 1.000000000000000000 ) ;
#3390 = DIRECTION ( 'NONE',  ( -0.000000000000000000, -1.000000000000000000, -0.000000000000000000 ) ) ;
#3391 = CARTESIAN_POINT ( 'NONE',  ( 8.750000000000005329, 1.500000000000000000, 15.15544456622768976 ) ) ;
#3392 = CARTESIAN_POINT ( 'NONE',  ( -11.59812687119602614, 8.500000000000000000, 11.60711068600008744 ) ) ;
#3393 = ADVANCED_FACE ( 'NONE', ( #847 ), #2305, .F. ) ;
#3394 = CARTESIAN_POINT ( 'NONE',  ( -16.35474950397701477, 1.500000000000000000, 5.672742914049963225 ) ) ;
#3395 = FACE_OUTER_BOUND ( 'NONE', #1021, .T. ) ;
#3396 = ORIENTED_EDGE ( 'NONE', *, *, #23, .T. ) ;
#3397 = ORIENTED_EDGE ( 'NONE', *, *, #525, .T. ) ;
#3398 = DIRECTION ( 'NONE',  ( -1.734723475976805517E-15, 0.000000000000000000, 1.000000000000000000 ) ) ;
#3399 = CARTESIAN_POINT ( 'NONE',  ( 13.96882180821687136, 1.499999999999999556, 2.869369369369369593 ) ) ;
#3400 = ORIENTED_EDGE ( 'NONE', *, *, #3466, .F. ) ;
#3401 = ORIENTED_EDGE ( 'NONE', *, *, #718, .F. ) ;
#3402 = LINE ( 'NONE', #1995, #679 ) ;
#3403 = VERTEX_POINT ( 'NONE', #1722 ) ;
#3404 = CARTESIAN_POINT ( 'NONE',  ( -4.499464137394546093, 8.500000000000000000, -13.53203923153626498 ) ) ;
#3405 = DIRECTION ( 'NONE',  ( 0.000000000000000000, 0.000000000000000000, 1.000000000000000000 ) ) ;
#3406 = CARTESIAN_POINT ( 'NONE',  ( 6.038046855666995505, 1.500000000000000000, 5.458203932501484168 ) ) ;
#3407 = DIRECTION ( 'NONE',  ( 0.000000000000000000, 1.000000000000000000, 0.000000000000000000 ) ) ;
#3408 = EDGE_CURVE ( 'NONE', #2544, #1878, #475, .T. ) ;
#3409 = DIRECTION ( 'NONE',  ( 0.000000000000000000, 0.000000000000000000, 1.000000000000000000 ) ) ;
#3410 = APPLICATION_CONTEXT ( 'automotive_design' ) ;
#3411 = ORIENTED_EDGE ( 'NONE', *, *, #2963, .T. ) ;
#3412 = DIRECTION ( 'NONE',  ( -0.000000000000000000, 1.000000000000000000, -0.000000000000000000 ) ) ;
#3413 = ADVANCED_FACE ( 'NONE', ( #2235 ), #2249, .T. ) ;
#3414 = CARTESIAN_POINT ( 'NONE',  ( -13.96882180821687491, -1.500000000000000000, -2.869369369369366929 ) ) ;
#3415 = EDGE_LOOP ( 'NONE', ( #1776, #616, #2872, #269, #2454, #3135, #1159, #239, #1942, #2471, #344, #1979, #339 ) ) ;
#3416 = LINE ( 'NONE', #2628, #2455 ) ;
#3417 = EDGE_CURVE ( 'NONE', #219, #2164, #2163, .T. ) ;
#3418 = LINE ( 'NONE', #581, #2793 ) ;
#3419 = ORIENTED_EDGE ( 'NONE', *, *, #2459, .F. ) ;
#3420 = DIRECTION ( 'NONE',  ( 0.000000000000000000, 0.000000000000000000, 1.000000000000000000 ) ) ;
#3421 = EDGE_LOOP ( 'NONE', ( #2295, #2916, #82, #1532 ) ) ;
#3422 = DIRECTION ( 'NONE',  ( 0.000000000000000000, 0.000000000000000000, 1.000000000000000000 ) ) ;
#3423 = DIRECTION ( 'NONE',  ( 0.000000000000000000, 0.000000000000000000, 1.000000000000000000 ) ) ;
#3424 = VERTEX_POINT ( 'NONE', #3370 ) ;
#3425 = DIRECTION ( 'NONE',  ( -0.000000000000000000, -1.000000000000000000, -0.000000000000000000 ) ) ;
#3426 = LINE ( 'NONE', #2313, #2442 ) ;
#3427 = EDGE_LOOP ( 'NONE', ( #1049, #1087, #157, #2233 ) ) ;
#3428 = VERTEX_POINT ( 'NONE', #1962 ) ;
#3429 = AXIS2_PLACEMENT_3D ( 'NONE', #1538, #2101, #2661 ) ;
#3430 = FACE_OUTER_BOUND ( 'NONE', #5, .T. ) ;
#3431 = CARTESIAN_POINT ( 'NONE',  ( 13.19273868914366332, 8.500000000000000000, -3.500000000000000444 ) ) ;
#3432 = CIRCLE ( 'NONE', #1874, 2.600000000000000089 ) ;
#3433 = CIRCLE ( 'NONE', #229, 1.000000000000000000 ) ;
#3434 = DIRECTION ( 'NONE',  ( -0.000000000000000000, -1.000000000000000000, -0.000000000000000000 ) ) ;
#3435 = DIRECTION ( 'NONE',  ( 0.4999999999999997780, 0.000000000000000000, 0.8660254037844387076 ) ) ;
#3436 = VERTEX_POINT ( 'NONE', #3081 ) ;
#3437 = FACE_OUTER_BOUND ( 'NONE', #449, .T. ) ;
#3438 = ORIENTED_EDGE ( 'NONE', *, *, #578, .F. ) ;
#3439 = CARTESIAN_POINT ( 'NONE',  ( 17.50000000000001421, -1.500000000000000000, 4.853321584273757548E-15 ) ) ;
#3440 = CIRCLE ( 'NONE', #3330, 7.500000000000000000 ) ;
#3441 = CARTESIAN_POINT ( 'NONE',  ( 8.761432854036518947, -1.500000000000000000, -10.17524685028879183 ) ) ;
#3442 = ORIENTED_EDGE ( 'NONE', *, *, #2469, .F. ) ;
#3443 = CARTESIAN_POINT ( 'NONE',  ( -4.431305835111842839, 1.500000000000000000, -12.67524685028541143 ) ) ;
#3444 = CARTESIAN_POINT ( 'NONE',  ( 15.48872410019262524, -1.499999999999999556, 5.172742914049957008 ) ) ;
#3445 = VERTEX_POINT ( 'NONE', #524 ) ;
#3446 = FACE_OUTER_BOUND ( 'NONE', #1514, .T. ) ;
#3447 = CYLINDRICAL_SURFACE ( 'NONE', #1330, 1.000000000000000000 ) ;
#3448 = EDGE_CURVE ( 'NONE', #489, #2321, #1469, .T. ) ;
#3449 = ORIENTED_EDGE ( 'NONE', *, *, #1381, .T. ) ;
#3450 = DIRECTION ( 'NONE',  ( 0.000000000000000000, 0.000000000000000000, -1.000000000000000000 ) ) ;
#3451 = CARTESIAN_POINT ( 'NONE',  ( 11.59812687119604213, 8.500000000000000000, -11.60711068600007856 ) ) ;
#3452 = DIRECTION ( 'NONE',  ( -0.000000000000000000, 1.000000000000000000, -0.000000000000000000 ) ) ;
#3453 = EDGE_LOOP ( 'NONE', ( #1588, #780, #719, #3183 ) ) ;
#3454 = ADVANCED_FACE ( 'NONE', ( #604 ), #2889, .F. ) ;
#3455 = ORIENTED_EDGE ( 'NONE', *, *, #2939, .T. ) ;
#3456 = AXIS2_PLACEMENT_3D ( 'NONE', #660, #1826, #3333 ) ;
#3457 = CARTESIAN_POINT ( 'NONE',  ( 23.09401076758504701, 1.500000000000000000, 0.000000000000000000 ) ) ;
#3458 = DIRECTION ( 'NONE',  ( 0.000000000000000000, -1.000000000000000000, 0.000000000000000000 ) ) ;
#3459 = AXIS2_PLACEMENT_3D ( 'NONE', #1537, #3005, #159 ) ;
#3460 = APPLICATION_PROTOCOL_DEFINITION ( 'draft international standard', 'automotive_design', 1998, #3410 ) ;
#3461 = VERTEX_POINT ( 'NONE', #32 ) ;
#3462 = CARTESIAN_POINT ( 'NONE',  ( 9.469357670820770068, 8.500000000000000000, 10.66266986216881207 ) ) ;
#3463 = ADVANCED_FACE ( 'NONE', ( #3437 ), #1179, .F. ) ;
#3464 = CARTESIAN_POINT ( 'NONE',  ( -8.750000000000053291, -1.500000000000000000, -15.15544456622765246 ) ) ;
#3465 = CIRCLE ( 'NONE', #1280, 1.000000000000000888 ) ;
#3466 = EDGE_CURVE ( 'NONE', #329, #577, #3497, .T. ) ;
#3467 = ORIENTED_EDGE ( 'NONE', *, *, #2345, .T. ) ;
#3468 = DIRECTION ( 'NONE',  ( -0.000000000000000000, -1.000000000000000000, -0.000000000000000000 ) ) ;
#3469 = DIRECTION ( 'NONE',  ( -0.4999999999999950040, 0.000000000000000000, 0.8660254037844414832 ) ) ;
#3470 = ORIENTED_EDGE ( 'NONE', *, *, #2962, .T. ) ;
#3471 = ORIENTED_EDGE ( 'NONE', *, *, #2730, .F. ) ;
#3472 = DIRECTION ( 'NONE',  ( -0.000000000000000000, 1.000000000000000000, -0.000000000000000000 ) ) ;
#3473 = CYLINDRICAL_SURFACE ( 'NONE', #3631, 1.000000000000000000 ) ;
#3474 = CIRCLE ( 'NONE', #1233, 1.000000000000000888 ) ;
#3475 = DIRECTION ( 'NONE',  ( -0.000000000000000000, -1.000000000000000000, -0.000000000000000000 ) ) ;
#3476 = VERTEX_POINT ( 'NONE', #175 ) ;
#3477 = VERTEX_POINT ( 'NONE', #1900 ) ;
#3478 = EDGE_CURVE ( 'NONE', #238, #788, #2575, .T. ) ;
#3479 = CARTESIAN_POINT ( 'NONE',  ( 17.50000000000001421, -1.500000000000000000, 1.550000000000007594 ) ) ;
#3480 = CARTESIAN_POINT ( 'NONE',  ( 8.750000000000005329, -1.500000000000000000, 13.60544456622769260 ) ) ;
#3481 = ORIENTED_EDGE ( 'NONE', *, *, #354, .F. ) ;
#3482 = APPLICATION_PROTOCOL_DEFINITION ( 'draft international standard', 'automotive_design', 1998, #1140 ) ;
#3483 = DIRECTION ( 'NONE',  ( 1.000000000000000000, 0.000000000000000000, -0.000000000000000000 ) ) ;
#3484 = DIRECTION ( 'NONE',  ( 0.000000000000000000, 0.000000000000000000, 1.000000000000000000 ) ) ;
#3485 = ORIENTED_EDGE ( 'NONE', *, *, #3573, .F. ) ;
#3486 = CARTESIAN_POINT ( 'NONE',  ( 2.165063509463540203, 1.500000000000000000, 1.250000000001411982 ) ) ;
#3487 = CYLINDRICAL_SURFACE ( 'NONE', #2029, 1.000000000000000000 ) ;
#3488 = VECTOR ( 'NONE', #2415, 1000.000000000000000 ) ;
#3489 = ORIENTED_EDGE ( 'NONE', *, *, #811, .F. ) ;
#3490 = FACE_OUTER_BOUND ( 'NONE', #3668, .T. ) ;
#3491 = FACE_OUTER_BOUND ( 'NONE', #3264, .T. ) ;
#3492 = CARTESIAN_POINT ( 'NONE',  ( 8.750000000000003553, 1.500000000000000000, -13.60544456622767839 ) ) ;
#3493 = AXIS2_PLACEMENT_3D ( 'NONE', #2840, #1747, #1393 ) ;
#3494 = CIRCLE ( 'NONE', #1427, 4.550000000000001599 ) ;
#3495 = ORIENTED_EDGE ( 'NONE', *, *, #922, .F. ) ;
#3496 = CARTESIAN_POINT ( 'NONE',  ( 0.8418944329592917830, 8.500000000000000000, 7.458203932499626987 ) ) ;
#3497 = CIRCLE ( 'NONE', #49, 1.000000000000000000 ) ;
#3498 = DIRECTION ( 'NONE',  ( -0.000000000000000000, -1.000000000000000000, -0.000000000000000000 ) ) ;
#3499 = EDGE_CURVE ( 'NONE', #3199, #1421, #657, .T. ) ;
#3500 = AXIS2_PLACEMENT_3D ( 'NONE', #152, #2144, #3248 ) ;
#3501 = ORIENTED_EDGE ( 'NONE', *, *, #1640, .T. ) ;
#3502 = DIRECTION ( 'NONE',  ( 0.000000000000000000, 1.000000000000000000, 0.000000000000000000 ) ) ;
#3503 = LINE ( 'NONE', #145, #829 ) ;
#3504 = ADVANCED_FACE ( 'NONE', ( #3575 ), #2989, .F. ) ;
#3505 = AXIS2_PLACEMENT_3D ( 'NONE', #162, #1306, #3527 ) ;
#3506 = EDGE_CURVE ( 'NONE', #329, #3167, #3004, .T. ) ;
#3507 = ORIENTED_EDGE ( 'NONE', *, *, #2649, .T. ) ;
#3508 = DIRECTION ( 'NONE',  ( 0.000000000000000000, 1.000000000000000000, 0.000000000000000000 ) ) ;
#3509 = CARTESIAN_POINT ( 'NONE',  ( 0.000000000000000000, -1.500000000000000000, 16.99999999999987566 ) ) ;
#3510 = EDGE_LOOP ( 'NONE', ( #1487, #848, #1340, #70 ) ) ;
#3511 = FACE_OUTER_BOUND ( 'NONE', #2616, .T. ) ;
#3512 = CYLINDRICAL_SURFACE ( 'NONE', #497, 4.550000000000001599 ) ;
#3513 = DIRECTION ( 'NONE',  ( 0.000000000000000000, 1.000000000000000000, 0.000000000000000000 ) ) ;
#3514 = EDGE_CURVE ( 'NONE', #1261, #2167, #1322, .T. ) ;
#3515 = ORIENTED_EDGE ( 'NONE', *, *, #21, .T. ) ;
#3516 = ORIENTED_EDGE ( 'NONE', *, *, #2879, .F. ) ;
#3517 = DIRECTION ( 'NONE',  ( 0.000000000000000000, 1.000000000000000000, 0.000000000000000000 ) ) ;
#3518 = ORIENTED_EDGE ( 'NONE', *, *, #1145, .T. ) ;
#3519 = ORIENTED_EDGE ( 'NONE', *, *, #1687, .F. ) ;
#3520 = CYLINDRICAL_SURFACE ( 'NONE', #535, 1.000000000000000000 ) ;
#3521 = ORIENTED_EDGE ( 'NONE', *, *, #878, .T. ) ;
#3522 = FACE_OUTER_BOUND ( 'NONE', #1641, .T. ) ;
#3523 = CIRCLE ( 'NONE', #1460, 1.000000000000000000 ) ;
#3524 = DIRECTION ( 'NONE',  ( 0.000000000000000000, 0.000000000000000000, 1.000000000000000000 ) ) ;
#3525 = ORIENTED_EDGE ( 'NONE', *, *, #2236, .F. ) ;
#3526 = EDGE_CURVE ( 'NONE', #3016, #1579, #897, .T. ) ;
#3527 = DIRECTION ( 'NONE',  ( 0.000000000000000000, 0.000000000000000000, 1.000000000000000000 ) ) ;
#3528 = CARTESIAN_POINT ( 'NONE',  ( 9.469357670820770068, 1.499999999999999556, 10.66266986216881207 ) ) ;
#3529 = ORIENTED_EDGE ( 'NONE', *, *, #1417, .T. ) ;
#3530 = FACE_OUTER_BOUND ( 'NONE', #1419, .T. ) ;
#3531 = DIRECTION ( 'NONE',  ( 0.000000000000000000, -1.000000000000000000, 0.000000000000000000 ) ) ;
#3532 = EDGE_CURVE ( 'NONE', #2195, #631, #3557, .T. ) ;
#3533 = ORIENTED_EDGE ( 'NONE', *, *, #96, .T. ) ;
#3534 = FACE_OUTER_BOUND ( 'NONE', #2116, .T. ) ;
#3535 = LINE ( 'NONE', #643, #3092 ) ;
#3536 = ORIENTED_EDGE ( 'NONE', *, *, #45, .F. ) ;
#3537 = DIRECTION ( 'NONE',  ( 0.000000000000000000, 1.000000000000000000, 0.000000000000000000 ) ) ;
#3538 = DIRECTION ( 'NONE',  ( -0.000000000000000000, 1.000000000000000000, -0.000000000000000000 ) ) ;
#3539 = CARTESIAN_POINT ( 'NONE',  ( -8.750000000000053291, 1.500000000000000000, -15.15544456622765246 ) ) ;
#3540 = ORIENTED_EDGE ( 'NONE', *, *, #1422, .F. ) ;
#3541 = DIRECTION ( 'NONE',  ( 0.000000000000000000, 1.000000000000000000, 0.000000000000000000 ) ) ;
#3542 = CYLINDRICAL_SURFACE ( 'NONE', #1611, 1.000000000000000888 ) ;
#3543 = EDGE_CURVE ( 'NONE', #1773, #636, #3018, .T. ) ;
#3544 = CARTESIAN_POINT ( 'NONE',  ( 2.165063509459043800, 8.500000000000000000, -1.249999999998814282 ) ) ;
#3545 = DIRECTION ( 'NONE',  ( -0.000000000000000000, -1.000000000000000000, -0.000000000000000000 ) ) ;
#3546 = AXIS2_PLACEMENT_3D ( 'NONE', #1362, #2507, #1750 ) ;
#3547 = EDGE_CURVE ( 'NONE', #1536, #3344, #2754, .T. ) ;
#3548 = AXIS2_PLACEMENT_3D ( 'NONE', #1395, #2547, #2256 ) ;
#3549 = ORIENTED_EDGE ( 'NONE', *, *, #272, .T. ) ;
#3550 = ORIENTED_EDGE ( 'NONE', *, *, #1889, .T. ) ;
#3551 = DIRECTION ( 'NONE',  ( 1.734723475976805517E-15, 0.000000000000000000, 1.000000000000000000 ) ) ;
#3552 = AXIS2_PLACEMENT_3D ( 'NONE', #2043, #3085, #2021 ) ;
#3553 = ADVANCED_FACE ( 'NONE', ( #1007 ), #2188, .F. ) ;
#3554 = AXIS2_PLACEMENT_3D ( 'NONE', #3099, #543, #221 ) ;
#3555 = ORIENTED_EDGE ( 'NONE', *, *, #1288, .T. ) ;
#3556 = CIRCLE ( 'NONE', #717, 1.000000000000000888 ) ;
#3557 = LINE ( 'NONE', #158, #412 ) ;
#3558 = CARTESIAN_POINT ( 'NONE',  ( 0.000000000000000000, 0.5000000000000000000, 0.000000000000000000 ) ) ;
#3559 = CARTESIAN_POINT ( 'NONE',  ( 15.85111615421197584, 8.500000000000000000, 4.240717163770687748 ) ) ;
#3560 = ADVANCED_FACE ( 'NONE', ( #422 ), #1283, .F. ) ;
#3561 = CIRCLE ( 'NONE', #1683, 1.000000000000000888 ) ;
#3562 = EDGE_LOOP ( 'NONE', ( #1922, #3550, #2607, #579 ) ) ;
#3563 = CARTESIAN_POINT ( 'NONE',  ( 13.19273868914365444, -1.499999999999999556, 3.499999999999999556 ) ) ;
#3564 = DIRECTION ( 'NONE',  ( 0.000000000000000000, 1.000000000000000000, 0.000000000000000000 ) ) ;
#3565 = AXIS2_PLACEMENT_3D ( 'NONE', #2228, #2213, #1114 ) ;
#3566 = ORIENTED_EDGE ( 'NONE', *, *, #2432, .F. ) ;
#3567 = DIRECTION ( 'NONE',  ( 0.000000000000000000, 0.000000000000000000, 1.000000000000000000 ) ) ;
#3568 = DIRECTION ( 'NONE',  ( -0.000000000000000000, -1.000000000000000000, -0.000000000000000000 ) ) ;
#3569 = VECTOR ( 'NONE', #349, 1000.000000000000000 ) ;
#3570 = VERTEX_POINT ( 'NONE', #2718 ) ;
#3571 = ADVANCED_FACE ( 'NONE', ( #3033 ), #142, .F. ) ;
#3572 = ORIENTED_EDGE ( 'NONE', *, *, #2439, .T. ) ;
#3573 = EDGE_CURVE ( 'NONE', #3228, #3116, #1926, .T. ) ;
#3574 = CARTESIAN_POINT ( 'NONE',  ( 0.000000000000000000, 8.500000000000000000, 0.000000000000000000 ) ) ;
#3575 = FACE_OUTER_BOUND ( 'NONE', #1154, .T. ) ;
#3576 = DIRECTION ( 'NONE',  ( 0.000000000000000000, -1.000000000000000000, 0.000000000000000000 ) ) ;
#3577 = LINE ( 'NONE', #740, #283 ) ;
#3578 = EDGE_CURVE ( 'NONE', #1160, #1088, #725, .T. ) ;
#3579 = VECTOR ( 'NONE', #3531, 1000.000000000000000 ) ;
#3580 = CARTESIAN_POINT ( 'NONE',  ( -7.745966692414834931, 8.500000000000000000, 2.499999999999999556 ) ) ;
#3581 = DIRECTION ( 'NONE',  ( -1.000000000000000000, 0.000000000000000000, 3.455323577095457193E-15 ) ) ;
#3582 = ORIENTED_EDGE ( 'NONE', *, *, #1308, .F. ) ;
#3583 = DIRECTION ( 'NONE',  ( -0.000000000000000000, -1.000000000000000000, -0.000000000000000000 ) ) ;
#3584 = ORIENTED_EDGE ( 'NONE', *, *, #2963, .F. ) ;
#3585 = ORIENTED_EDGE ( 'NONE', *, *, #2879, .T. ) ;
#3586 = ORIENTED_EDGE ( 'NONE', *, *, #68, .T. ) ;
#3587 = CIRCLE ( 'NONE', #448, 4.550000000000001599 ) ;
#3588 = LINE ( 'NONE', #188, #2811 ) ;
#3589 = ADVANCED_FACE ( 'NONE', ( #1608 ), #189, .F. ) ;
#3590 = AXIS2_PLACEMENT_3D ( 'NONE', #355, #315, #2887 ) ;
#3591 = CARTESIAN_POINT ( 'NONE',  ( -8.750000000000053291, 1.500000000000000000, -15.15544456622765246 ) ) ;
#3592 = DIRECTION ( 'NONE',  ( -0.000000000000000000, -1.000000000000000000, -0.000000000000000000 ) ) ;
#3593 = DIRECTION ( 'NONE',  ( 0.000000000000000000, 0.000000000000000000, -1.000000000000000000 ) ) ;
#3594 = ORIENTED_EDGE ( 'NONE', *, *, #2340, .F. ) ;
#3595 = ADVANCED_FACE ( 'NONE', ( #1935 ), #3274, .F. ) ;
#3596 = FACE_BOUND ( 'NONE', #65, .T. ) ;
#3597 = CARTESIAN_POINT ( 'NONE',  ( -6.038046855670029522, -1.500000000000000000, -5.458203932497259103 ) ) ;
#3598 = ORIENTED_EDGE ( 'NONE', *, *, #2011, .F. ) ;
#3599 = CARTESIAN_POINT ( 'NONE',  ( -8.750000000000053291, -1.500000000000000000, -15.15544456622765246 ) ) ;
#3600 = CARTESIAN_POINT ( 'NONE',  ( -23.09401076758504345, 1.500000000000000000, 1.612646152681311659E-13 ) ) ;
#3601 = EDGE_LOOP ( 'NONE', ( #1442, #1414, #682, #3507, #1787, #1456, #3529, #278, #914, #2609, #3515, #2828, #2443 ) ) ;
#3602 = EDGE_LOOP ( 'NONE', ( #1372, #117, #2054, #3079 ) ) ;
#3603 = DIRECTION ( 'NONE',  ( -0.000000000000000000, -1.000000000000000000, -0.000000000000000000 ) ) ;
#3604 = CIRCLE ( 'NONE', #406, 4.549999999999998934 ) ;
#3605 = CARTESIAN_POINT ( 'NONE',  ( 11.54700538379247732, 1.500000000000000000, -20.00000000000004263 ) ) ;
#3606 = AXIS2_PLACEMENT_3D ( 'NONE', #3162, #3624, #3672 ) ;
#3607 = CARTESIAN_POINT ( 'NONE',  ( 0.000000000000000000, 1.500000000000000000, 0.000000000000000000 ) ) ;
#3608 = CARTESIAN_POINT ( 'NONE',  ( 0.000000000000000000, 0.5000000000000000000, 0.000000000000000000 ) ) ;
#3609 = VECTOR ( 'NONE', #1337, 1000.000000000000114 ) ;
#3610 = VECTOR ( 'NONE', #1649, 999.9999999999998863 ) ;
#3611 = CARTESIAN_POINT ( 'NONE',  ( 0.000000000000000000, 1.500000000000000000, -2.500000000000000444 ) ) ;
#3612 = CARTESIAN_POINT ( 'NONE',  ( 8.750000000000003553, 1.500000000000000000, -16.70544456622767626 ) ) ;
#3613 = VECTOR ( 'NONE', #2715, 1000.000000000000114 ) ;
#3614 = VECTOR ( 'NONE', #3164, 1000.000000000000000 ) ;
#3615 = EDGE_LOOP ( 'NONE', ( #2877, #3152, #1955, #421 ) ) ;
#3616 = CIRCLE ( 'NONE', #2336, 4.549999999999998934 ) ;
#3617 = DIRECTION ( 'NONE',  ( -0.000000000000000000, -1.000000000000000000, 0.000000000000000000 ) ) ;
#3618 = DIRECTION ( 'NONE',  ( 0.000000000000000000, 0.000000000000000000, 1.000000000000000000 ) ) ;
#3619 = ORIENTED_EDGE ( 'NONE', *, *, #2201, .F. ) ;
#3620 = ORIENTED_EDGE ( 'NONE', *, *, #573, .F. ) ;
#3621 = CARTESIAN_POINT ( 'NONE',  ( 12.22408882090945781, 8.500000000000000000, -10.82725708595005543 ) ) ;
#3622 = CARTESIAN_POINT ( 'NONE',  ( 0.000000000000000000, -1.500000000000000000, -7.500000000000000000 ) ) ;
#3623 = CARTESIAN_POINT ( 'NONE',  ( 6.834676493307206613, -1.500000000000000000, -3.088235294117646745 ) ) ;
#3624 = DIRECTION ( 'NONE',  ( 0.000000000000000000, 1.000000000000000000, 0.000000000000000000 ) ) ;
#3625 = AXIS2_PLACEMENT_3D ( 'NONE', #2476, #3583, #2198 ) ;
#3626 = PLANE ( 'NONE',  #1191 ) ;
#3627 = LINE ( 'NONE', #1029, #2858 ) ;
#3628 = VERTEX_POINT ( 'NONE', #2698 ) ;
#3629 = EDGE_CURVE ( 'NONE', #1730, #803, #3535, .T. ) ;
#3630 = EDGE_CURVE ( 'NONE', #2982, #469, #3255, .T. ) ;
#3631 = AXIS2_PLACEMENT_3D ( 'NONE', #3265, #1585, #675 ) ;
#3632 = PLANE ( 'NONE',  #952 ) ;
#3633 = CARTESIAN_POINT ( 'NONE',  ( 9.469357670826191509, -1.500000000000000000, -10.66266986216967183 ) ) ;
#3634 = VECTOR ( 'NONE', #2352, 1000.000000000000000 ) ;
#3635 = VERTEX_POINT ( 'NONE', #2153 ) ;
#3636 = DIRECTION ( 'NONE',  ( 0.000000000000000000, 1.000000000000000000, 0.000000000000000000 ) ) ;
#3637 = VECTOR ( 'NONE', #2853, 1000.000000000000000 ) ;
#3638 = VECTOR ( 'NONE', #3654, 1000.000000000000000 ) ;
#3639 = DIRECTION ( 'NONE',  ( 0.000000000000000000, 0.000000000000000000, 1.000000000000000000 ) ) ;
#3640 = LINE ( 'NONE', #2272, #3638 ) ;
#3641 = DIRECTION ( 'NONE',  ( -0.000000000000000000, -1.000000000000000000, -0.000000000000000000 ) ) ;
#3642 = CARTESIAN_POINT ( 'NONE',  ( 9.627458257820958210, 1.499999999999999556, -9.675246850288791833 ) ) ;
#3643 = CARTESIAN_POINT ( 'NONE',  ( 11.54700538379275621, 1.500000000000000000, 19.99999999999987566 ) ) ;
#3644 = VERTEX_POINT ( 'NONE', #61 ) ;
#3645 = LINE ( 'NONE', #254, #1923 ) ;
#3646 = CYLINDRICAL_SURFACE ( 'NONE', #308, 1.000000000000000888 ) ;
#3647 = ADVANCED_FACE ( 'NONE', ( #1229 ), #3520, .F. ) ;
#3648 = ORIENTED_EDGE ( 'NONE', *, *, #1149, .T. ) ;
#3649 = CARTESIAN_POINT ( 'NONE',  ( -17.50000000000000000, 1.500000000000000000, 1.769808360342463528E-14 ) ) ;
#3650 = EDGE_CURVE ( 'NONE', #813, #3363, #81, .T. ) ;
#3651 = CARTESIAN_POINT ( 'NONE',  ( 0.000000000000000000, 8.500000000000000000, -16.99999999999996447 ) ) ;
#3652 = EDGE_CURVE ( 'NONE', #2374, #324, #2967, .T. ) ;
#3653 = CYLINDRICAL_SURFACE ( 'NONE', #930, 1.000000000000000000 ) ;
#3654 = DIRECTION ( 'NONE',  ( -0.000000000000000000, -1.000000000000000000, -0.000000000000000000 ) ) ;
#3655 = DIRECTION ( 'NONE',  ( -0.000000000000000000, -1.000000000000000000, -0.000000000000000000 ) ) ;
#3656 = AXIS2_PLACEMENT_3D ( 'NONE', #458, #1382, #1613 ) ;
#3657 = CIRCLE ( 'NONE', #2096, 1.000000000000000000 ) ;
#3658 = DIRECTION ( 'NONE',  ( 0.000000000000000000, 1.000000000000000000, 0.000000000000000000 ) ) ;
#3659 = DIRECTION ( 'NONE',  ( 0.000000000000000000, 1.000000000000000000, 0.000000000000000000 ) ) ;
#3660 = CIRCLE ( 'NONE', #351, 1.000000000000000888 ) ;
#3661 = EDGE_LOOP ( 'NONE', ( #220, #382 ) ) ;
#3662 = CARTESIAN_POINT ( 'NONE',  ( 4.252989283015858213, -1.500000000000000000, 15.84782784977065084 ) ) ;
#3663 = DIRECTION ( 'NONE',  ( 0.000000000000000000, 0.000000000000000000, 1.000000000000000000 ) ) ;
#3664 = ORIENTED_EDGE ( 'NONE', *, *, #206, .F. ) ;
#3665 = VECTOR ( 'NONE', #1779, 1000.000000000000000 ) ;
#3666 = ORIENTED_EDGE ( 'NONE', *, *, #2367, .F. ) ;
#3667 = DIRECTION ( 'NONE',  ( 0.000000000000000000, 1.000000000000000000, 0.000000000000000000 ) ) ;
#3668 = EDGE_LOOP ( 'NONE', ( #2653, #3664, #3328, #2287 ) ) ;
#3669 = DIRECTION ( 'NONE',  ( -0.000000000000000000, -1.000000000000000000, -0.000000000000000000 ) ) ;
#3670 = EDGE_CURVE ( 'NONE', #9, #3476, #3214, .T. ) ;
#3671 = CARTESIAN_POINT ( 'NONE',  ( 4.431305835112031133, 8.500000000000000000, -12.67524685028481990 ) ) ;
#3672 = DIRECTION ( 'NONE',  ( 0.000000000000000000, 0.000000000000000000, 1.000000000000000000 ) ) ;
ENDSEC;
END-ISO-10303-21;
