ISO-10303-21;
HEADER;
FILE_DESCRIPTION (( 'STEP AP214' ),
    '1' );
FILE_NAME ('motor plate.STEP',
    '2026-06-21T12:24:12',
    ( '' ),
    ( '' ),
    'SwSTEP 2.0',
    'SolidWorks 2022',
    '' );
FILE_SCHEMA (( 'AUTOMOTIVE_DESIGN' ));
ENDSEC;

DATA;
#1 = AXIS2_PLACEMENT_3D ( 'NONE', #1375, #1196, #1826 ) ;
#2 = DIRECTION ( 'NONE',  ( -0.000000000000000000, -1.000000000000000000, -0.000000000000000000 ) ) ;
#3 = AXIS2_PLACEMENT_3D ( 'NONE', #2115, #2290, #944 ) ;
#4 = EDGE_CURVE ( 'NONE', #1499, #1315, #1354, .T. ) ;
#5 = EDGE_LOOP ( 'NONE', ( #2363, #1463 ) ) ;
#6 = CARTESIAN_POINT ( 'NONE',  ( -30.25000000000000711, -1.499999999999999556, 9.022071167035003114 ) ) ;
#7 = LINE ( 'NONE', #793, #2020 ) ;
#8 = CARTESIAN_POINT ( 'NONE',  ( 19.99999999999998579, -1.500000000000001332, 47.49999999999999289 ) ) ;
#9 = ORIENTED_EDGE ( 'NONE', *, *, #1838, .T. ) ;
#10 = EDGE_CURVE ( 'NONE', #1632, #1787, #1347, .T. ) ;
#11 = LINE ( 'NONE', #820, #1027 ) ;
#12 = ORIENTED_EDGE ( 'NONE', *, *, #1956, .T. ) ;
#13 = DIRECTION ( 'NONE',  ( 0.000000000000000000, -1.000000000000000000, 0.000000000000000000 ) ) ;
#14 = EDGE_CURVE ( 'NONE', #1777, #27, #1672, .T. ) ;
#15 = VERTEX_POINT ( 'NONE', #1485 ) ;
#16 = FACE_OUTER_BOUND ( 'NONE', #398, .T. ) ;
#17 = VERTEX_POINT ( 'NONE', #2135 ) ;
#18 = CARTESIAN_POINT ( 'NONE',  ( 12.37436867076456259, -1.500000000000000000, 10.37563132923547116 ) ) ;
#19 = CARTESIAN_POINT ( 'NONE',  ( -12.37436867076456437, -1.500000000000000000, -39.62436867076459635 ) ) ;
#20 = CARTESIAN_POINT ( 'NONE',  ( 19.99999999999998579, -1.500000000000001332, -45.89999999999999858 ) ) ;
#21 = ORIENTED_EDGE ( 'NONE', *, *, #687, .T. ) ;
#22 = DIRECTION ( 'NONE',  ( 8.659560562354936556E-17, -0.7071067811865473507, 0.7071067811865477948 ) ) ;
#23 = EDGE_LOOP ( 'NONE', ( #85, #2253, #477, #145 ) ) ;
#24 = FACE_OUTER_BOUND ( 'NONE', #1484, .T. ) ;
#25 = ORIENTED_EDGE ( 'NONE', *, *, #1229, .T. ) ;
#26 = SURFACE_SIDE_STYLE ('',( #2042 ) ) ;
#27 = VERTEX_POINT ( 'NONE', #139 ) ;
#28 = CARTESIAN_POINT ( 'NONE',  ( -39.99999999999999289, -1.500000000000000000, 16.00000000000000000 ) ) ;
#29 = CARTESIAN_POINT ( 'NONE',  ( 12.37436867076456259, -1.500000000000000000, -12.62563132923547116 ) ) ;
#30 = FACE_OUTER_BOUND ( 'NONE', #671, .T. ) ;
#31 = ORIENTED_EDGE ( 'NONE', *, *, #778, .F. ) ;
#32 = DIRECTION ( 'NONE',  ( -0.000000000000000000, -1.000000000000000000, -0.000000000000000000 ) ) ;
#33 = VECTOR ( 'NONE', #103, 1000.000000000000000 ) ;
#34 = ORIENTED_EDGE ( 'NONE', *, *, #1534, .T. ) ;
#35 = CIRCLE ( 'NONE', #818, 4.700000000000002842 ) ;
#36 = FACE_BOUND ( 'NONE', #633, .T. ) ;
#37 = ORIENTED_EDGE ( 'NONE', *, *, #857, .F. ) ;
#38 = VECTOR ( 'NONE', #1090, 1000.000000000000000 ) ;
#39 = CYLINDRICAL_SURFACE ( 'NONE', #2480, 1.600000000000001865 ) ;
#40 = CIRCLE ( 'NONE', #1518, 2.250000000000001776 ) ;
#41 = ORIENTED_EDGE ( 'NONE', *, *, #1136, .F. ) ;
#42 = EDGE_CURVE ( 'NONE', #2490, #1221, #2090, .T. ) ;
#43 = DIRECTION ( 'NONE',  ( -0.000000000000000000, 1.000000000000000000, -0.000000000000000000 ) ) ;
#44 = AXIS2_PLACEMENT_3D ( 'NONE', #855, #2021, #2009 ) ;
#45 = VECTOR ( 'NONE', #585, 1000.000000000000000 ) ;
#46 = EDGE_CURVE ( 'NONE', #1296, #2359, #67, .T. ) ;
#47 = CARTESIAN_POINT ( 'NONE',  ( 25.00000000000000000, 1.500000000000000000, 55.00000000000000000 ) ) ;
#48 = LINE ( 'NONE', #1863, #987 ) ;
#49 = ORIENTED_EDGE ( 'NONE', *, *, #2349, .T. ) ;
#50 = FACE_OUTER_BOUND ( 'NONE', #308, .T. ) ;
#51 = DIRECTION ( 'NONE',  ( 0.000000000000000000, 0.000000000000000000, -1.000000000000000000 ) ) ;
#52 = ADVANCED_FACE ( 'NONE', ( #113 ), #2083, .F. ) ;
#53 = VERTEX_POINT ( 'NONE', #715 ) ;
#54 = FACE_OUTER_BOUND ( 'NONE', #1640, .T. ) ;
#55 = EDGE_CURVE ( 'NONE', #1616, #770, #1880, .T. ) ;
#56 = VERTEX_POINT ( 'NONE', #1739 ) ;
#57 = DIRECTION ( 'NONE',  ( -0.000000000000000000, -1.000000000000000000, -0.000000000000000000 ) ) ;
#58 = VERTEX_POINT ( 'NONE', #351 ) ;
#59 = LINE ( 'NONE', #1050, #106 ) ;
#60 = ORIENTED_EDGE ( 'NONE', *, *, #1235, .T. ) ;
#61 = EDGE_CURVE ( 'NONE', #1608, #1499, #747, .T. ) ;
#62 = FACE_OUTER_BOUND ( 'NONE', #1928, .T. ) ;
#63 = LINE ( 'NONE', #817, #1408 ) ;
#64 = ORIENTED_EDGE ( 'NONE', *, *, #2343, .T. ) ;
#65 = DIRECTION ( 'NONE',  ( 0.000000000000000000, 0.000000000000000000, 1.000000000000000000 ) ) ;
#66 = DIRECTION ( 'NONE',  ( -0.000000000000000000, 1.000000000000000000, -0.000000000000000000 ) ) ;
#67 = CIRCLE ( 'NONE', #104, 2.250000000000001776 ) ;
#68 = ORIENTED_EDGE ( 'NONE', *, *, #448, .T. ) ;
#69 = CARTESIAN_POINT ( 'NONE',  ( -12.37436867076456615, 1.500000000000000000, -12.62563132923546405 ) ) ;
#70 = VECTOR ( 'NONE', #2456, 999.9999999999998863 ) ;
#71 = EDGE_CURVE ( 'NONE', #53, #980, #1100, .T. ) ;
#72 = CONICAL_SURFACE ( 'NONE', #153, 4.700000000000002842, 0.7853981633974483900 ) ;
#73 = CARTESIAN_POINT ( 'NONE',  ( 0.000000000000000000, -1.500000000000000000, 25.00000000000000000 ) ) ;
#74 = CARTESIAN_POINT ( 'NONE',  ( 12.37436867076456259, -1.500000000000000000, 7.925631329235470979 ) ) ;
#75 = AXIS2_PLACEMENT_3D ( 'NONE', #337, #1540, #2089 ) ;
#76 = AXIS2_PLACEMENT_3D ( 'NONE', #2518, #716, #1471 ) ;
#77 = CARTESIAN_POINT ( 'NONE',  ( -44.99999999999999289, 1.500000000000000000, -11.00000000000000000 ) ) ;
#78 = EDGE_CURVE ( 'NONE', #1877, #1451, #1310, .T. ) ;
#79 = CIRCLE ( 'NONE', #649, 13.00000000000000178 ) ;
#80 = ORIENTED_EDGE ( 'NONE', *, *, #834, .T. ) ;
#81 = DIRECTION ( 'NONE',  ( 0.000000000000000000, 1.000000000000000000, 0.000000000000000000 ) ) ;
#82 = DIRECTION ( 'NONE',  ( 0.000000000000000000, 0.000000000000000000, -1.000000000000000000 ) ) ;
#83 = AXIS2_PLACEMENT_3D ( 'NONE', #2499, #701, #329 ) ;
#84 = ADVANCED_FACE ( 'NONE', ( #1958 ), #2512, .F. ) ;
#85 = ORIENTED_EDGE ( 'NONE', *, *, #1683, .F. ) ;
#86 = LINE ( 'NONE', #876, #70 ) ;
#87 = EDGE_CURVE ( 'NONE', #2563, #1827, #2206, .T. ) ;
#88 = CARTESIAN_POINT ( 'NONE',  ( -8.908387170517835685, -1.300036412054941470, 34.47637589890956633 ) ) ;
#89 = ORIENTED_EDGE ( 'NONE', *, *, #288, .T. ) ;
#90 = CARTESIAN_POINT ( 'NONE',  ( 8.329353358609083102, -1.500000000000000000, -15.01892427503790550 ) ) ;
#91 = FACE_BOUND ( 'NONE', #2300, .T. ) ;
#92 = ORIENTED_EDGE ( 'NONE', *, *, #1854, .F. ) ;
#93 = DIRECTION ( 'NONE',  ( -0.000000000000000000, 1.000000000000000000, -0.000000000000000000 ) ) ;
#94 = DIRECTION ( 'NONE',  ( 0.000000000000000000, 0.000000000000000000, -1.000000000000000000 ) ) ;
#95 = ADVANCED_FACE ( 'NONE', ( #2341 ), #775, .T. ) ;
#96 = CARTESIAN_POINT ( 'NONE',  ( 0.000000000000000000, 1.500000000000000000, -25.00000000000000000 ) ) ;
#97 = CARTESIAN_POINT ( 'NONE',  ( -19.99999999999998579, 1.500000000000000000, -47.49999999999999289 ) ) ;
#98 = ORIENTED_EDGE ( 'NONE', *, *, #419, .F. ) ;
#99 = ORIENTED_EDGE ( 'NONE', *, *, #1302, .T. ) ;
#100 = DIRECTION ( 'NONE',  ( 0.000000000000000000, 0.000000000000000000, -1.000000000000000000 ) ) ;
#101 = CARTESIAN_POINT ( 'NONE',  ( 19.99999999999998579, 1.500000000000000000, 47.49999999999999289 ) ) ;
#102 = ORIENTED_EDGE ( 'NONE', *, *, #1757, .F. ) ;
#103 = DIRECTION ( 'NONE',  ( 8.659560562354934091E-17, -0.7071067811865474617, 0.7071067811865475727 ) ) ;
#104 = AXIS2_PLACEMENT_3D ( 'NONE', #2301, #1886, #129 ) ;
#105 = ORIENTED_EDGE ( 'NONE', *, *, #1992, .T. ) ;
#106 = VECTOR ( 'NONE', #93, 1000.000000000000000 ) ;
#107 = FACE_OUTER_BOUND ( 'NONE', #561, .T. ) ;
#108 = CIRCLE ( 'NONE', #815, 2.149999999999995470 ) ;
#109 = CIRCLE ( 'NONE', #470, 2.249999999999998668 ) ;
#110 =( NAMED_UNIT ( * ) PLANE_ANGLE_UNIT ( ) SI_UNIT ( $, .RADIAN. ) );
#111 = CIRCLE ( 'NONE', #2228, 2.249999999999998668 ) ;
#112 = ORIENTED_EDGE ( 'NONE', *, *, #1638, .F. ) ;
#113 = FACE_OUTER_BOUND ( 'NONE', #1140, .T. ) ;
#114 = EDGE_CURVE ( 'NONE', #1016, #1267, #1577, .T. ) ;
#115 = DIRECTION ( 'NONE',  ( -1.000000000000000000, 0.000000000000000000, 0.000000000000000000 ) ) ;
#116 = DIRECTION ( 'NONE',  ( 0.000000000000000000, 0.000000000000000000, -1.000000000000000000 ) ) ;
#117 = CIRCLE ( 'NONE', #316, 1.599999999999997202 ) ;
#118 = ORIENTED_EDGE ( 'NONE', *, *, #1428, .T. ) ;
#119 = AXIS2_PLACEMENT_3D ( 'NONE', #2229, #854, #2242 ) ;
#120 = DIRECTION ( 'NONE',  ( -0.000000000000000000, 1.000000000000000000, -0.000000000000000000 ) ) ;
#121 = EDGE_CURVE ( 'NONE', #1384, #1861, #554, .T. ) ;
#122 = CIRCLE ( 'NONE', #282, 13.00000000000000178 ) ;
#123 = EDGE_LOOP ( 'NONE', ( #180, #112, #1007, #831 ) ) ;
#124 = CIRCLE ( 'NONE', #1567, 4.699999999999999289 ) ;
#125 = CARTESIAN_POINT ( 'NONE',  ( -39.99999999999999289, 1.500000000000000000, 16.00000000000000000 ) ) ;
#126 = DIRECTION ( 'NONE',  ( 0.000000000000000000, 0.000000000000000000, -1.000000000000000000 ) ) ;
#127 = ADVANCED_FACE ( 'NONE', ( #2176 ), #207, .T. ) ;
#128 = ORIENTED_EDGE ( 'NONE', *, *, #1448, .T. ) ;
#129 = DIRECTION ( 'NONE',  ( 0.000000000000000000, 0.000000000000000000, -1.000000000000000000 ) ) ;
#130 = CARTESIAN_POINT ( 'NONE',  ( -30.25000000000000711, -1.499999999999999556, 6.872071167035008088 ) ) ;
#131 = DIRECTION ( 'NONE',  ( -0.000000000000000000, 1.000000000000000000, -0.000000000000000000 ) ) ;
#132 = ADVANCED_FACE ( 'NONE', ( #2166 ), #1218, .F. ) ;
#133 = ORIENTED_EDGE ( 'NONE', *, *, #42, .F. ) ;
#134 = DIRECTION ( 'NONE',  ( -0.000000000000000000, -1.000000000000000000, -0.000000000000000000 ) ) ;
#135 = ORIENTED_EDGE ( 'NONE', *, *, #615, .T. ) ;
#136 = CARTESIAN_POINT ( 'NONE',  ( 19.99999999999998579, -1.500000000000001332, 47.49999999999999289 ) ) ;
#137 = FILL_AREA_STYLE_COLOUR ( '', #906 ) ;
#138 = ORIENTED_EDGE ( 'NONE', *, *, #1838, .F. ) ;
#139 = CARTESIAN_POINT ( 'NONE',  ( 12.37436867076456259, -1.500000000000000000, -7.925631329235470979 ) ) ;
#140 = CARTESIAN_POINT ( 'NONE',  ( -39.99999999999999289, 1.500000000000000000, -11.00000000000000000 ) ) ;
#141 = CYLINDRICAL_SURFACE ( 'NONE', #442, 2.149999999999999023 ) ;
#142 = ORIENTED_EDGE ( 'NONE', *, *, #2531, .T. ) ;
#143 = LINE ( 'NONE', #503, #978 ) ;
#144 = CARTESIAN_POINT ( 'NONE',  ( -25.00000000000000000, 1.500000000000000000, -60.00000000000000000 ) ) ;
#145 = ORIENTED_EDGE ( 'NONE', *, *, #2408, .F. ) ;
#146 = CARTESIAN_POINT ( 'NONE',  ( 25.00000000000000000, 1.500000000000000000, 60.00000000000000000 ) ) ;
#147 = EDGE_CURVE ( 'NONE', #1787, #493, #1551, .T. ) ;
#148 = DIRECTION ( 'NONE',  ( 0.000000000000000000, 1.000000000000000000, -0.000000000000000000 ) ) ;
#149 = DIRECTION ( 'NONE',  ( -0.000000000000000000, -1.000000000000000000, -0.000000000000000000 ) ) ;
#150 = VECTOR ( 'NONE', #2172, 1000.000000000000000 ) ;
#151 = ORIENTED_EDGE ( 'NONE', *, *, #1617, .F. ) ;
#152 = DIRECTION ( 'NONE',  ( -0.000000000000000000, -1.000000000000000000, -0.000000000000000000 ) ) ;
#153 = AXIS2_PLACEMENT_3D ( 'NONE', #783, #32, #1786 ) ;
#154 = LINE ( 'NONE', #19, #507 ) ;
#155 = DIRECTION ( 'NONE',  ( -0.000000000000000000, -1.000000000000000000, -0.000000000000000000 ) ) ;
#156 = AXIS2_PLACEMENT_3D ( 'NONE', #999, #1546, #1591 ) ;
#157 = ORIENTED_EDGE ( 'NONE', *, *, #2317, .F. ) ;
#158 = DIRECTION ( 'NONE',  ( 0.000000000000000000, 0.000000000000000000, 1.000000000000000000 ) ) ;
#159 = EDGE_CURVE ( 'NONE', #871, #350, #975, .T. ) ;
#160 = AXIS2_PLACEMENT_3D ( 'NONE', #2535, #717, #1299 ) ;
#161 = ORIENTED_EDGE ( 'NONE', *, *, #309, .T. ) ;
#162 = CARTESIAN_POINT ( 'NONE',  ( -12.37436867076456437, -1.500000000000000000, 39.62436867076459635 ) ) ;
#163 = CIRCLE ( 'NONE', #1943, 4.699999999999999289 ) ;
#164 = EDGE_CURVE ( 'NONE', #344, #2255, #1807, .T. ) ;
#165 = CARTESIAN_POINT ( 'NONE',  ( -25.00000000000000000, 1.500000000000000000, 55.00000000000000000 ) ) ;
#166 = VERTEX_POINT ( 'NONE', #379 ) ;
#167 = CARTESIAN_POINT ( 'NONE',  ( 19.99999999999997868, 1.500000000000000000, 1.131955512893109662E-31 ) ) ;
#168 = CARTESIAN_POINT ( 'NONE',  ( 0.000000000000000000, -1.500000000000000000, -25.00000000000000000 ) ) ;
#169 = FACE_OUTER_BOUND ( 'NONE', #318, .T. ) ;
#170 = VERTEX_POINT ( 'NONE', #1402 ) ;
#171 = DIRECTION ( 'NONE',  ( -0.000000000000000000, -1.000000000000000000, -0.000000000000000000 ) ) ;
#172 = ORIENTED_EDGE ( 'NONE', *, *, #1858, .T. ) ;
#173 = FACE_OUTER_BOUND ( 'NONE', #1735, .T. ) ;
#174 = ORIENTED_EDGE ( 'NONE', *, *, #452, .F. ) ;
#175 = CARTESIAN_POINT ( 'NONE',  ( 19.99999999999999645, -1.500000000000000000, -60.00000000000000000 ) ) ;
#176 = ORIENTED_EDGE ( 'NONE', *, *, #1582, .T. ) ;
#177 = DIRECTION ( 'NONE',  ( 0.000000000000000000, 0.000000000000000000, -1.000000000000000000 ) ) ;
#178 = DIRECTION ( 'NONE',  ( 0.000000000000000000, 0.000000000000000000, -1.000000000000000000 ) ) ;
#179 = DIRECTION ( 'NONE',  ( 0.000000000000000000, -1.000000000000000000, 0.000000000000000000 ) ) ;
#180 = ORIENTED_EDGE ( 'NONE', *, *, #1490, .F. ) ;
#181 = CARTESIAN_POINT ( 'NONE',  ( -9.737766343023563920, -1.372968972341208183, -16.37908867030158078 ) ) ;
#182 = ORIENTED_EDGE ( 'NONE', *, *, #1043, .F. ) ;
#183 = CARTESIAN_POINT ( 'NONE',  ( -30.25000000000000000, -8.500000000000000000, -6.872071167035004535 ) ) ;
#184 = CARTESIAN_POINT ( 'NONE',  ( -19.99999999999998579, -198.5000000000000000, -47.49999999999999289 ) ) ;
#185 = EDGE_CURVE ( 'NONE', #980, #1777, #1997, .T. ) ;
#186 = VERTEX_POINT ( 'NONE', #2360 ) ;
#187 = CYLINDRICAL_SURFACE ( 'NONE', #688, 2.250000000000001776 ) ;
#188 = ORIENTED_EDGE ( 'NONE', *, *, #269, .F. ) ;
#189 = CARTESIAN_POINT ( 'NONE',  ( 12.37436867076456259, 0.9500000000000002887, 14.87563132923546938 ) ) ;
#190 = DIRECTION ( 'NONE',  ( 0.000000000000000000, -1.000000000000000000, 0.000000000000000000 ) ) ;
#191 = VECTOR ( 'NONE', #367, 1000.000000000000000 ) ;
#192 = LINE ( 'NONE', #1999, #2197 ) ;
#193 = AXIS2_PLACEMENT_3D ( 'NONE', #233, #1029, #1622 ) ;
#194 = EDGE_CURVE ( 'NONE', #455, #2549, #1186, .T. ) ;
#195 = ORIENTED_EDGE ( 'NONE', *, *, #1320, .T. ) ;
#196 = CARTESIAN_POINT ( 'NONE',  ( -19.99999999999998579, -1.500000000000001332, -47.49999999999999289 ) ) ;
#197 = AXIS2_PLACEMENT_3D ( 'NONE', #73, #618, #1293 ) ;
#198 = ORIENTED_EDGE ( 'NONE', *, *, #721, .F. ) ;
#199 = FACE_BOUND ( 'NONE', #1521, .T. ) ;
#200 = EDGE_CURVE ( 'NONE', #1861, #1052, #556, .T. ) ;
#201 = VECTOR ( 'NONE', #1232, 1000.000000000000000 ) ;
#202 = VERTEX_POINT ( 'NONE', #218 ) ;
#203 = CIRCLE ( 'NONE', #650, 4.699999999999999289 ) ;
#204 = DIRECTION ( 'NONE',  ( 0.000000000000000000, 0.000000000000000000, -1.000000000000000000 ) ) ;
#205 = STYLED_ITEM ( 'NONE', ( #315 ), #2384 ) ;
#206 = VERTEX_POINT ( 'NONE', #1969 ) ;
#207 = CYLINDRICAL_SURFACE ( 'NONE', #724, 4.999999999999997335 ) ;
#208 = CARTESIAN_POINT ( 'NONE',  ( 9.476375898909548567, -1.300036412054940582, 33.90838717051786233 ) ) ;
#209 = CARTESIAN_POINT ( 'NONE',  ( -20.00000000000000000, 1.500000000000000000, 60.00000000000000000 ) ) ;
#210 = VERTEX_POINT ( 'NONE', #189 ) ;
#211 = CARTESIAN_POINT ( 'NONE',  ( -8.620937377680874647, -1.372957623304978503, -15.26225539439794510 ) ) ;
#212 = EDGE_CURVE ( 'NONE', #997, #723, #1010, .T. ) ;
#213 = ORIENTED_EDGE ( 'NONE', *, *, #727, .F. ) ;
#214 = DIRECTION ( 'NONE',  ( -0.000000000000000000, 1.000000000000000000, -0.000000000000000000 ) ) ;
#215 = CARTESIAN_POINT ( 'NONE',  ( -9.476375898909608964, -1.300036412054903501, 16.09161282948219807 ) ) ;
#216 = CARTESIAN_POINT ( 'NONE',  ( 19.99999999999998579, 1.500000000000000000, -49.09999999999999432 ) ) ;
#217 = VERTEX_POINT ( 'NONE', #2400 ) ;
#218 = CARTESIAN_POINT ( 'NONE',  ( -12.37436867076456615, 1.500000000000000000, 14.87563132923546227 ) ) ;
#219 = CARTESIAN_POINT ( 'NONE',  ( -19.99999999999997868, -1.500000000000001332, 1.131955512893109662E-31 ) ) ;
#220 = DIRECTION ( 'NONE',  ( -0.000000000000000000, -1.000000000000000000, -0.000000000000000000 ) ) ;
#221 = EDGE_CURVE ( 'NONE', #758, #364, #1950, .T. ) ;
#222 = ORIENTED_EDGE ( 'NONE', *, *, #687, .F. ) ;
#223 = DIRECTION ( 'NONE',  ( 0.000000000000000000, 0.000000000000000000, -1.000000000000000000 ) ) ;
#224 = CARTESIAN_POINT ( 'NONE',  ( -12.37436867076456615, 0.9500000000000002887, 12.62563132923546405 ) ) ;
#225 = ORIENTED_EDGE ( 'NONE', *, *, #1761, .F. ) ;
#226 = CARTESIAN_POINT ( 'NONE',  ( 8.329353358609083102, -1.500000000000000000, -15.01892427503790550 ) ) ;
#227 = EDGE_CURVE ( 'NONE', #911, #1342, #540, .T. ) ;
#228 = EDGE_LOOP ( 'NONE', ( #378, #1817 ) ) ;
#229 = ORIENTED_EDGE ( 'NONE', *, *, #2033, .T. ) ;
#230 = DIRECTION ( 'NONE',  ( 0.000000000000000000, 0.000000000000000000, 1.000000000000000000 ) ) ;
#231 = DIRECTION ( 'NONE',  ( -0.000000000000000000, -1.000000000000000000, -0.000000000000000000 ) ) ;
#232 = ORIENTED_EDGE ( 'NONE', *, *, #1878, .T. ) ;
#233 = CARTESIAN_POINT ( 'NONE',  ( -12.37436867076456437, -1.500000000000000000, -37.37436867076459635 ) ) ;
#234 = CARTESIAN_POINT ( 'NONE',  ( 12.37436867076456259, 0.9500000000000002887, 10.37563132923547116 ) ) ;
#235 = VECTOR ( 'NONE', #1660, 1000.000000000000000 ) ;
#236 = ORIENTED_EDGE ( 'NONE', *, *, #185, .F. ) ;
#237 = FACE_BOUND ( 'NONE', #565, .T. ) ;
#238 = ADVANCED_FACE ( 'NONE', ( #24 ), #2161, .F. ) ;
#239 = AXIS2_PLACEMENT_3D ( 'NONE', #1011, #2487, #700 ) ;
#240 = AXIS2_PLACEMENT_3D ( 'NONE', #1693, #918, #2304 ) ;
#241 = EDGE_CURVE ( 'NONE', #970, #252, #769, .T. ) ;
#242 = B_SPLINE_CURVE_WITH_KNOTS ( 'NONE', 3,
 ( #2167, #1176, #353, #208, #983, #1959 ),
 .UNSPECIFIED., .F., .F.,
 ( 4, 2, 4 ),
 ( 6.224426168165709629E-07, 0.001187034362935207284, 0.002373446283253598070 ),
 .UNSPECIFIED. ) ;
#243 = CIRCLE ( 'NONE', #1073, 2.249999999999998668 ) ;
#244 = ORIENTED_EDGE ( 'NONE', *, *, #1690, .F. ) ;
#245 = CARTESIAN_POINT ( 'NONE',  ( -30.00000000000000355, -1.500000000000000000, 16.00000000000000000 ) ) ;
#246 = CARTESIAN_POINT ( 'NONE',  ( -19.99999999999997868, 1.500000000000000000, -1.600000000000001865 ) ) ;
#247 = VECTOR ( 'NONE', #1795, 1000.000000000000000 ) ;
#248 = VERTEX_POINT ( 'NONE', #1760 ) ;
#249 = AXIS2_PLACEMENT_3D ( 'NONE', #2461, #966, #204 ) ;
#250 = FACE_OUTER_BOUND ( 'NONE', #1252, .T. ) ;
#251 = DIRECTION ( 'NONE',  ( 1.387778780781445676E-15, 0.000000000000000000, -1.000000000000000000 ) ) ;
#252 = VERTEX_POINT ( 'NONE', #1385 ) ;
#253 = CARTESIAN_POINT ( 'NONE',  ( -30.00000000000000355, -1.500000000000000000, 21.00000000000000000 ) ) ;
#254 = ORIENTED_EDGE ( 'NONE', *, *, #2343, .F. ) ;
#255 = DIRECTION ( 'NONE',  ( 0.000000000000000000, 0.000000000000000000, -1.000000000000000000 ) ) ;
#256 = DIRECTION ( 'NONE',  ( 0.000000000000000000, 0.000000000000000000, -1.000000000000000000 ) ) ;
#257 = ORIENTED_EDGE ( 'NONE', *, *, #1320, .F. ) ;
#258 = EDGE_CURVE ( 'NONE', #644, #217, #374, .T. ) ;
#259 = CARTESIAN_POINT ( 'NONE',  ( -12.37436867076456437, 0.9500000000000002887, -35.12436867076458924 ) ) ;
#260 = CARTESIAN_POINT ( 'NONE',  ( 12.37436867076456437, -1.500000000000000000, -37.37436867076459635 ) ) ;
#261 = EDGE_LOOP ( 'NONE', ( #2024, #1225, #812, #714 ) ) ;
#262 = CARTESIAN_POINT ( 'NONE',  ( 12.37436867076456259, 1.500000000000000000, 12.62563132923547116 ) ) ;
#263 = DIRECTION ( 'NONE',  ( 0.000000000000000000, 0.000000000000000000, -1.000000000000000000 ) ) ;
#264 = EDGE_CURVE ( 'NONE', #1691, #2263, #2203, .T. ) ;
#265 = CARTESIAN_POINT ( 'NONE',  ( -44.99999999999999289, -1.500000000000000000, -11.00000000000000000 ) ) ;
#266 = EDGE_CURVE ( 'NONE', #1315, #1499, #1634, .T. ) ;
#267 = ORIENTED_EDGE ( 'NONE', *, *, #2123, .F. ) ;
#268 = CARTESIAN_POINT ( 'NONE',  ( 19.99999999999997868, -198.5000000000000000, 1.131955512893109662E-31 ) ) ;
#269 = EDGE_CURVE ( 'NONE', #1934, #2209, #469, .T. ) ;
#270 = ORIENTED_EDGE ( 'NONE', *, *, #799, .F. ) ;
#271 = DIRECTION ( 'NONE',  ( 0.000000000000000000, -1.000000000000000000, 0.000000000000000000 ) ) ;
#272 = AXIS2_PLACEMENT_3D ( 'NONE', #792, #1590, #575 ) ;
#273 = DIRECTION ( 'NONE',  ( 0.000000000000000000, 0.000000000000000000, 1.000000000000000000 ) ) ;
#274 = CARTESIAN_POINT ( 'NONE',  ( -9.981075724962009232, -1.500000000000000000, 33.32935335860918968 ) ) ;
#275 = AXIS2_PLACEMENT_3D ( 'NONE', #935, #712, #1151 ) ;
#276 = DIRECTION ( 'NONE',  ( 1.000000000000000000, 0.000000000000000000, 0.000000000000000000 ) ) ;
#277 = VECTOR ( 'NONE', #2072, 1000.000000000000000 ) ;
#278 = DIRECTION ( 'NONE',  ( -0.000000000000000000, -1.000000000000000000, 0.000000000000000000 ) ) ;
#279 = DIRECTION ( 'NONE',  ( -0.000000000000000000, -1.000000000000000000, -0.000000000000000000 ) ) ;
#280 = AXIS2_PLACEMENT_3D ( 'NONE', #2246, #2212, #2254 ) ;
#281 = ORIENTED_EDGE ( 'NONE', *, *, #2408, .T. ) ;
#282 = AXIS2_PLACEMENT_3D ( 'NONE', #1694, #1289, #2492 ) ;
#283 = DIRECTION ( 'NONE',  ( 0.000000000000000000, 0.000000000000000000, -1.000000000000000000 ) ) ;
#284 = FACE_BOUND ( 'NONE', #1335, .T. ) ;
#285 = VECTOR ( 'NONE', #2554, 1000.000000000000000 ) ;
#286 = ORIENTED_EDGE ( 'NONE', *, *, #2005, .F. ) ;
#287 = CARTESIAN_POINT ( 'NONE',  ( -39.99999999999999289, 1.500000000000000000, -16.00000000000000000 ) ) ;
#288 = EDGE_CURVE ( 'NONE', #364, #1864, #1843, .T. ) ;
#289 = DIRECTION ( 'NONE',  ( -0.000000000000000000, 1.000000000000000000, -0.000000000000000000 ) ) ;
#290 = LINE ( 'NONE', #1519, #2407 ) ;
#291 = EDGE_LOOP ( 'NONE', ( #625, #2396, #2443, #161, #1698, #1172 ) ) ;
#292 = ORIENTED_EDGE ( 'NONE', *, *, #1769, .T. ) ;
#293 = DIRECTION ( 'NONE',  ( 0.000000000000000000, -1.000000000000000000, 0.000000000000000000 ) ) ;
#294 = CARTESIAN_POINT ( 'NONE',  ( 9.476375898909553896, -1.300036412054939472, -33.90838717051785522 ) ) ;
#295 = ORIENTED_EDGE ( 'NONE', *, *, #4, .F. ) ;
#296 = CARTESIAN_POINT ( 'NONE',  ( -39.99999999999999289, -1.500000000000000000, -16.00000000000000000 ) ) ;
#297 = VERTEX_POINT ( 'NONE', #1994 ) ;
#298 = CYLINDRICAL_SURFACE ( 'NONE', #239, 4.999999999999997335 ) ;
#299 = ADVANCED_FACE ( 'NONE', ( #2014, #787, #1800, #1192, #1036, #237, #1005, #36, #2366, #2395, #199, #610, #798, #1411, #992, #825, #1224, #1818, #50 ), #1778, .F. ) ;
#300 = FACE_OUTER_BOUND ( 'NONE', #502, .T. ) ;
#301 = ORIENTED_EDGE ( 'NONE', *, *, #2029, .T. ) ;
#302 = CARTESIAN_POINT ( 'NONE',  ( -30.00000000000000355, 1.500000000000000000, -21.00000000000000355 ) ) ;
#303 = ADVANCED_FACE ( 'NONE', ( #1625 ), #2004, .F. ) ;
#304 = CARTESIAN_POINT ( 'NONE',  ( -12.37436867076456437, -1.500000000000000000, 37.37436867076459635 ) ) ;
#305 = DIRECTION ( 'NONE',  ( -0.000000000000000000, -1.000000000000000000, -0.000000000000000000 ) ) ;
#306 = ORIENTED_EDGE ( 'NONE', *, *, #878, .F. ) ;
#307 = DIRECTION ( 'NONE',  ( 0.000000000000000000, 0.000000000000000000, -1.000000000000000000 ) ) ;
#308 = EDGE_LOOP ( 'NONE', ( #1668, #99, #2095, #2428, #1719, #232, #2544, #763, #2346, #1132, #933, #529, #651, #1981, #1034, #229 ) ) ;
#309 = EDGE_CURVE ( 'NONE', #447, #340, #2016, .T. ) ;
#310 = AXIS2_PLACEMENT_3D ( 'NONE', #2008, #998, #230 ) ;
#311 = DIRECTION ( 'NONE',  ( 0.000000000000000000, 0.000000000000000000, -1.000000000000000000 ) ) ;
#312 = AXIS2_PLACEMENT_3D ( 'NONE', #1594, #2409, #1409 ) ;
#313 = CIRCLE ( 'NONE', #2098, 2.249999999999998668 ) ;
#314 = ADVANCED_FACE ( 'NONE', ( #2223 ), #1756, .F. ) ;
#315 = PRESENTATION_STYLE_ASSIGNMENT (( #926 ) ) ;
#316 = AXIS2_PLACEMENT_3D ( 'NONE', #1120, #293, #1918 ) ;
#317 = ORIENTED_EDGE ( 'NONE', *, *, #2213, .F. ) ;
#318 = EDGE_LOOP ( 'NONE', ( #2175, #1944, #1977, #1505, #655, #2329, #875, #2421 ) ) ;
#319 = CARTESIAN_POINT ( 'NONE',  ( 12.37436867076456437, -1.500000000000000000, 35.12436867076458924 ) ) ;
#320 = DIRECTION ( 'NONE',  ( 0.000000000000000000, 0.000000000000000000, -1.000000000000000000 ) ) ;
#321 = ORIENTED_EDGE ( 'NONE', *, *, #2376, .T. ) ;
#322 = CIRCLE ( 'NONE', #611, 4.700000000000002842 ) ;
#323 = CARTESIAN_POINT ( 'NONE',  ( 25.00000000000000000, -1.500000000000000000, 55.00000000000000000 ) ) ;
#324 = AXIS2_PLACEMENT_3D ( 'NONE', #804, #1741, #1987 ) ;
#325 = ORIENTED_EDGE ( 'NONE', *, *, #1455, .T. ) ;
#326 = AXIS2_PLACEMENT_3D ( 'NONE', #2369, #1531, #1183 ) ;
#327 = CARTESIAN_POINT ( 'NONE',  ( -12.37436867076456615, -1.500000000000000000, -17.32563132923546334 ) ) ;
#328 = DIRECTION ( 'NONE',  ( 0.000000000000000000, 1.000000000000000000, 0.000000000000000000 ) ) ;
#329 = DIRECTION ( 'NONE',  ( 0.000000000000000000, 0.000000000000000000, -1.000000000000000000 ) ) ;
#330 = ORIENTED_EDGE ( 'NONE', *, *, #2401, .T. ) ;
#331 = ORIENTED_EDGE ( 'NONE', *, *, #784, .T. ) ;
#332 = CARTESIAN_POINT ( 'NONE',  ( 19.99999999999997868, 1.500000000000000000, -1.600000000000001865 ) ) ;
#333 = CARTESIAN_POINT ( 'NONE',  ( -12.37436867076456615, -1.500000000000000000, -12.62563132923546405 ) ) ;
#334 = ORIENTED_EDGE ( 'NONE', *, *, #2113, .F. ) ;
#335 = CARTESIAN_POINT ( 'NONE',  ( -19.99999999999998579, -1.500000000000001332, 49.09999999999999432 ) ) ;
#336 = ORIENTED_EDGE ( 'NONE', *, *, #884, .F. ) ;
#337 = CARTESIAN_POINT ( 'NONE',  ( -12.37436867076456437, -1.500000000000000000, -37.37436867076459635 ) ) ;
#338 = DIRECTION ( 'NONE',  ( -0.000000000000000000, 1.000000000000000000, -0.000000000000000000 ) ) ;
#339 = ORIENTED_EDGE ( 'NONE', *, *, #438, .T. ) ;
#340 = VERTEX_POINT ( 'NONE', #1058 ) ;
#341 = ADVANCED_FACE ( 'NONE', ( #1432 ), #436, .F. ) ;
#342 = DIRECTION ( 'NONE',  ( 0.000000000000000000, 1.000000000000000000, 0.000000000000000000 ) ) ;
#343 = FACE_OUTER_BOUND ( 'NONE', #579, .T. ) ;
#344 = VERTEX_POINT ( 'NONE', #296 ) ;
#345 = DIRECTION ( 'NONE',  ( 0.000000000000000000, 0.000000000000000000, -1.000000000000000000 ) ) ;
#346 = EDGE_CURVE ( 'NONE', #1673, #340, #2435, .T. ) ;
#347 = ORIENTED_EDGE ( 'NONE', *, *, #1453, .F. ) ;
#348 = DIRECTION ( 'NONE',  ( 0.000000000000000000, -1.000000000000000000, 0.000000000000000000 ) ) ;
#349 = CARTESIAN_POINT ( 'NONE',  ( 12.37436867076456437, -1.500000000000000000, -37.37436867076459635 ) ) ;
#350 = VERTEX_POINT ( 'NONE', #1268 ) ;
#351 = CARTESIAN_POINT ( 'NONE',  ( 8.329353358609159486, -1.500000000000000000, 34.98107572496203233 ) ) ;
#352 = VECTOR ( 'NONE', #2201, 1000.000000000000000 ) ;
#353 = CARTESIAN_POINT ( 'NONE',  ( 8.908829169878048404, -1.299963615442133680, 34.47596037239556210 ) ) ;
#354 = DIRECTION ( 'NONE',  ( 0.000000000000000000, 0.000000000000000000, -1.000000000000000000 ) ) ;
#355 = AXIS2_PLACEMENT_3D ( 'NONE', #1553, #2352, #311 ) ;
#356 = ORIENTED_EDGE ( 'NONE', *, *, #989, .T. ) ;
#357 = CARTESIAN_POINT ( 'NONE',  ( 12.37436867076456259, -1.500000000000000000, -12.62563132923547116 ) ) ;
#358 = CONICAL_SURFACE ( 'NONE', #1852, 4.699999999999999289, 0.7853981633974483900 ) ;
#359 = VERTEX_POINT ( 'NONE', #2448 ) ;
#360 = PLANE ( 'NONE',  #606 ) ;
#361 = AXIS2_PLACEMENT_3D ( 'NONE', #2477, #2127, #2305 ) ;
#362 = PRESENTATION_LAYER_ASSIGNMENT (  '', '', ( #205 ) ) ;
#363 = ADVANCED_FACE ( 'NONE', ( #483 ), #850, .F. ) ;
#364 = VERTEX_POINT ( 'NONE', #2271 ) ;
#365 = DIRECTION ( 'NONE',  ( -0.000000000000000000, -1.000000000000000000, -0.000000000000000000 ) ) ;
#366 = EDGE_LOOP ( 'NONE', ( #133, #879, #2533, #2222 ) ) ;
#367 = DIRECTION ( 'NONE',  ( -0.000000000000000000, 1.000000000000000000, -0.000000000000000000 ) ) ;
#368 = LINE ( 'NONE', #1946, #1317 ) ;
#369 = CARTESIAN_POINT ( 'NONE',  ( 19.99999999999997868, -1.500000000000001332, -1.600000000000001865 ) ) ;
#370 = EDGE_LOOP ( 'NONE', ( #1412, #2007, #281, #1754, #356, #1728 ) ) ;
#371 = CARTESIAN_POINT ( 'NONE',  ( -9.476375898909605411, -1.300036412054903057, -16.09161282948219096 ) ) ;
#372 = VERTEX_POINT ( 'NONE', #659 ) ;
#373 = EDGE_CURVE ( 'NONE', #1710, #1052, #108, .T. ) ;
#374 = LINE ( 'NONE', #2186, #2560 ) ;
#375 = ORIENTED_EDGE ( 'NONE', *, *, #639, .T. ) ;
#376 = CARTESIAN_POINT ( 'NONE',  ( -19.99999999999998579, -1.500000000000001332, 47.49999999999999289 ) ) ;
#377 = EDGE_CURVE ( 'NONE', #1632, #1645, #1675, .T. ) ;
#378 = ORIENTED_EDGE ( 'NONE', *, *, #2066, .T. ) ;
#379 = CARTESIAN_POINT ( 'NONE',  ( -12.37436867076456615, 1.500000000000000000, 10.37563132923546583 ) ) ;
#380 = DIRECTION ( 'NONE',  ( -0.000000000000000000, -1.000000000000000000, -0.000000000000000000 ) ) ;
#381 = CYLINDRICAL_SURFACE ( 'NONE', #1210, 1.599999999999997202 ) ;
#382 = ORIENTED_EDGE ( 'NONE', *, *, #1858, .F. ) ;
#383 = CARTESIAN_POINT ( 'NONE',  ( -12.37436867076456437, 1.500000000000000000, -37.37436867076459635 ) ) ;
#384 = ORIENTED_EDGE ( 'NONE', *, *, #1558, .F. ) ;
#385 = DIRECTION ( 'NONE',  ( 0.000000000000000000, 0.000000000000000000, 1.000000000000000000 ) ) ;
#386 = EDGE_CURVE ( 'NONE', #819, #1108, #1093, .T. ) ;
#387 = ORIENTED_EDGE ( 'NONE', *, *, #1638, .T. ) ;
#388 = CYLINDRICAL_SURFACE ( 'NONE', #326, 1.600000000000001865 ) ;
#389 = ORIENTED_EDGE ( 'NONE', *, *, #584, .F. ) ;
#390 = CARTESIAN_POINT ( 'NONE',  ( -20.00000000000000000, 1.500000000000000000, -54.99999999999999289 ) ) ;
#391 = EDGE_CURVE ( 'NONE', #1673, #359, #646, .T. ) ;
#392 = CARTESIAN_POINT ( 'NONE',  ( 12.37436867076456259, -1.500000000000000000, 12.62563132923547116 ) ) ;
#393 = CIRCLE ( 'NONE', #858, 5.000000000000000888 ) ;
#394 = CARTESIAN_POINT ( 'NONE',  ( 9.981075724962009232, -1.500000000000000000, 33.32935335860918258 ) ) ;
#395 = AXIS2_PLACEMENT_3D ( 'NONE', #392, #942, #2195 ) ;
#396 = ORIENTED_EDGE ( 'NONE', *, *, #1676, .F. ) ;
#397 = CARTESIAN_POINT ( 'NONE',  ( 12.37436867076456259, 1.500000000000000000, -14.87563132923546938 ) ) ;
#398 = EDGE_LOOP ( 'NONE', ( #182, #2032, #2157, #1849 ) ) ;
#399 = CIRCLE ( 'NONE', #1721, 1.599999999999997202 ) ;
#400 = CARTESIAN_POINT ( 'NONE',  ( -30.25000000000000000, -8.500000000000000000, -9.022071167035003114 ) ) ;
#401 = CIRCLE ( 'NONE', #1724, 1.599999999999997202 ) ;
#402 = AXIS2_PLACEMENT_3D ( 'NONE', #8, #984, #794 ) ;
#403 = VERTEX_POINT ( 'NONE', #2039 ) ;
#404 = DIRECTION ( 'NONE',  ( -0.000000000000000000, -1.000000000000000000, -0.000000000000000000 ) ) ;
#405 = CARTESIAN_POINT ( 'NONE',  ( 12.37436867076456259, -1.500000000000000000, -14.87563132923546938 ) ) ;
#406 = DIRECTION ( 'NONE',  ( 0.000000000000000000, -1.000000000000000000, 0.000000000000000000 ) ) ;
#407 = ORIENTED_EDGE ( 'NONE', *, *, #936, .T. ) ;
#408 = DIRECTION ( 'NONE',  ( 0.000000000000000000, 0.000000000000000000, -1.000000000000000000 ) ) ;
#409 = EDGE_CURVE ( 'NONE', #1108, #2134, #393, .T. ) ;
#410 = ORIENTED_EDGE ( 'NONE', *, *, #496, .F. ) ;
#411 = DIRECTION ( 'NONE',  ( -0.000000000000000000, -1.000000000000000000, -0.000000000000000000 ) ) ;
#412 = ORIENTED_EDGE ( 'NONE', *, *, #884, .T. ) ;
#413 =( NAMED_UNIT ( * ) PLANE_ANGLE_UNIT ( ) SI_UNIT ( $, .RADIAN. ) );
#414 = ORIENTED_EDGE ( 'NONE', *, *, #1695, .T. ) ;
#415 = DIRECTION ( 'NONE',  ( 0.000000000000000000, -1.000000000000000000, 0.000000000000000000 ) ) ;
#416 = DIRECTION ( 'NONE',  ( -0.000000000000000000, -1.000000000000000000, -0.000000000000000000 ) ) ;
#417 = CARTESIAN_POINT ( 'NONE',  ( 8.329353358609077773, -1.500000000000000000, 15.01892427503789840 ) ) ;
#418 = EDGE_LOOP ( 'NONE', ( #1780, #1425, #2106, #629 ) ) ;
#419 = EDGE_CURVE ( 'NONE', #493, #1019, #86, .T. ) ;
#420 = CARTESIAN_POINT ( 'NONE',  ( 19.99999999999998579, 1.500000000000000000, -45.89999999999999858 ) ) ;
#421 = CARTESIAN_POINT ( 'NONE',  ( 12.37436867076456259, 1.500000000000000000, -12.62563132923547116 ) ) ;
#422 = DIRECTION ( 'NONE',  ( 0.000000000000000000, 0.000000000000000000, -1.000000000000000000 ) ) ;
#423 = ORIENTED_EDGE ( 'NONE', *, *, #934, .T. ) ;
#424 = CARTESIAN_POINT ( 'NONE',  ( 19.99999999999997868, 1.500000000000000000, 1.131955512893109662E-31 ) ) ;
#425 = EDGE_CURVE ( 'NONE', #53, #27, #1669, .T. ) ;
#426 = CARTESIAN_POINT ( 'NONE',  ( -12.37436867076456615, -1.500000000000000000, 12.62563132923546405 ) ) ;
#427 = EDGE_LOOP ( 'NONE', ( #387, #991 ) ) ;
#428 = CARTESIAN_POINT ( 'NONE',  ( -12.37436867076456615, -1.500000000000000000, 7.925631329235463873 ) ) ;
#429 = LINE ( 'NONE', #1239, #2105 ) ;
#430 = ORIENTED_EDGE ( 'NONE', *, *, #448, .F. ) ;
#431 = CARTESIAN_POINT ( 'NONE',  ( -19.99999999999998579, 1.500000000000000000, 47.49999999999999289 ) ) ;
#432 = CARTESIAN_POINT ( 'NONE',  ( -12.37436867076456615, 0.9500000000000002887, -10.37563132923546583 ) ) ;
#433 = DIRECTION ( 'NONE',  ( -0.000000000000000000, -1.000000000000000000, -0.000000000000000000 ) ) ;
#434 = ORIENTED_EDGE ( 'NONE', *, *, #1054, .T. ) ;
#435 = CIRCLE ( 'NONE', #557, 5.000000000000000888 ) ;
#436 = CYLINDRICAL_SURFACE ( 'NONE', #2259, 5.000000000000000888 ) ;
#437 = VECTOR ( 'NONE', #910, 1000.000000000000000 ) ;
#438 = EDGE_CURVE ( 'NONE', #2010, #972, #59, .T. ) ;
#439 = CIRCLE ( 'NONE', #564, 5.000000000000000000 ) ;
#440 = ORIENTED_EDGE ( 'NONE', *, *, #241, .F. ) ;
#441 = DIRECTION ( 'NONE',  ( -0.000000000000000000, -1.000000000000000000, -0.000000000000000000 ) ) ;
#442 = AXIS2_PLACEMENT_3D ( 'NONE', #735, #1121, #532 ) ;
#443 = ORIENTED_EDGE ( 'NONE', *, *, #1018, .T. ) ;
#444 = VECTOR ( 'NONE', #538, 1000.000000000000000 ) ;
#445 = DIRECTION ( 'NONE',  ( 0.000000000000000000, -1.000000000000000000, 0.000000000000000000 ) ) ;
#446 = CARTESIAN_POINT ( 'NONE',  ( 9.981075724962112261, -1.500000000000000000, 16.67064664139093821 ) ) ;
#447 = VERTEX_POINT ( 'NONE', #1444 ) ;
#448 = EDGE_CURVE ( 'NONE', #344, #403, #2030, .T. ) ;
#449 = DIRECTION ( 'NONE',  ( 0.000000000000000000, -0.7071067811865476838, -0.7071067811865474617 ) ) ;
#450 = DIRECTION ( 'NONE',  ( 1.000000000000000000, 0.000000000000000000, -0.000000000000000000 ) ) ;
#451 = EDGE_CURVE ( 'NONE', #533, #1514, #2467, .T. ) ;
#452 = EDGE_CURVE ( 'NONE', #1124, #447, #1828, .T. ) ;
#453 = DIRECTION ( 'NONE',  ( -0.000000000000000000, 1.000000000000000000, -0.000000000000000000 ) ) ;
#454 = CARTESIAN_POINT ( 'NONE',  ( -44.99999999999999289, 1.500000000000000000, 11.00000000000000000 ) ) ;
#455 = VERTEX_POINT ( 'NONE', #1259 ) ;
#456 = CARTESIAN_POINT ( 'NONE',  ( 19.99999999999997868, -1.500000000000001332, 1.131955512893109662E-31 ) ) ;
#457 = DIRECTION ( 'NONE',  ( 0.000000000000000000, 0.000000000000000000, -1.000000000000000000 ) ) ;
#458 = CARTESIAN_POINT ( 'NONE',  ( 12.37436867076456437, 1.500000000000000000, 37.37436867076459635 ) ) ;
#459 = ORIENTED_EDGE ( 'NONE', *, *, #1835, .F. ) ;
#460 = CARTESIAN_POINT ( 'NONE',  ( -30.00000000000000355, -1.500000000000000000, 21.00000000000000000 ) ) ;
#461 = CARTESIAN_POINT ( 'NONE',  ( -19.99999999999998579, -1.500000000000001332, -49.09999999999999432 ) ) ;
#462 = CYLINDRICAL_SURFACE ( 'NONE', #696, 2.250000000000001776 ) ;
#463 = EDGE_CURVE ( 'NONE', #1629, #2563, #2055, .T. ) ;
#464 = ORIENTED_EDGE ( 'NONE', *, *, #1520, .F. ) ;
#465 = DIRECTION ( 'NONE',  ( 0.000000000000000000, 0.000000000000000000, 1.000000000000000000 ) ) ;
#466 = DIRECTION ( 'NONE',  ( 0.000000000000000000, 0.000000000000000000, -1.000000000000000000 ) ) ;
#467 = ORIENTED_EDGE ( 'NONE', *, *, #164, .F. ) ;
#468 = DIRECTION ( 'NONE',  ( -0.000000000000000000, 1.000000000000000000, -0.000000000000000000 ) ) ;
#469 = CIRCLE ( 'NONE', #2224, 13.00000000000000178 ) ;
#470 = AXIS2_PLACEMENT_3D ( 'NONE', #1510, #1316, #2101 ) ;
#471 = DIRECTION ( 'NONE',  ( -0.000000000000000000, -1.000000000000000000, -0.000000000000000000 ) ) ;
#472 = AXIS2_PLACEMENT_3D ( 'NONE', #1604, #1670, #864 ) ;
#473 = AXIS2_PLACEMENT_3D ( 'NONE', #1244, #1015, #1860 ) ;
#474 = CYLINDRICAL_SURFACE ( 'NONE', #1483, 13.00000000000000533 ) ;
#475 = PRESENTATION_LAYER_ASSIGNMENT (  '', '', ( #2524 ) ) ;
#476 = AXIS2_PLACEMENT_3D ( 'NONE', #1079, #1440, #641 ) ;
#477 = ORIENTED_EDGE ( 'NONE', *, *, #594, .T. ) ;
#478 = AXIS2_PLACEMENT_3D ( 'NONE', #619, #453, #1062 ) ;
#479 = LINE ( 'NONE', #1134, #562 ) ;
#480 = CARTESIAN_POINT ( 'NONE',  ( 12.37436867076456259, -1.500000000000000000, 12.62563132923547116 ) ) ;
#481 = AXIS2_PLACEMENT_3D ( 'NONE', #2403, #1228, #1437 ) ;
#482 = ORIENTED_EDGE ( 'NONE', *, *, #1339, .F. ) ;
#483 = FACE_OUTER_BOUND ( 'NONE', #123, .T. ) ;
#484 = ADVANCED_FACE ( 'NONE', ( #534 ), #1024, .F. ) ;
#485 = ORIENTED_EDGE ( 'NONE', *, *, #862, .F. ) ;
#486 = CARTESIAN_POINT ( 'NONE',  ( 12.37436867076456437, -1.500000000000000000, 37.37436867076459635 ) ) ;
#487 = CARTESIAN_POINT ( 'NONE',  ( 12.37436867076456437, 0.9500000000000002887, -35.12436867076458924 ) ) ;
#488 = ORIENTED_EDGE ( 'NONE', *, *, #1695, .F. ) ;
#489 = ORIENTED_EDGE ( 'NONE', *, *, #2123, .T. ) ;
#490 = FACE_OUTER_BOUND ( 'NONE', #504, .T. ) ;
#491 = FACE_OUTER_BOUND ( 'NONE', #1957, .T. ) ;
#492 = EDGE_CURVE ( 'NONE', #574, #2010, #2138, .T. ) ;
#493 = VERTEX_POINT ( 'NONE', #2309 ) ;
#494 = CYLINDRICAL_SURFACE ( 'NONE', #603, 5.000000000000000888 ) ;
#495 = ORIENTED_EDGE ( 'NONE', *, *, #2479, .F. ) ;
#496 = EDGE_CURVE ( 'NONE', #210, #1827, #773, .T. ) ;
#497 = CARTESIAN_POINT ( 'NONE',  ( -12.37436867076456615, 1.500000000000000000, 12.62563132923546405 ) ) ;
#498 = ORIENTED_EDGE ( 'NONE', *, *, #87, .T. ) ;
#499 = ORIENTED_EDGE ( 'NONE', *, *, #1323, .T. ) ;
#500 = DIRECTION ( 'NONE',  ( -0.000000000000000000, -1.000000000000000000, -0.000000000000000000 ) ) ;
#501 = CARTESIAN_POINT ( 'NONE',  ( 0.000000000000000000, -1.500000000000000000, -25.00000000000000000 ) ) ;
#502 = EDGE_LOOP ( 'NONE', ( #1178, #1331, #2411, #1427, #270, #2367, #1624, #741 ) ) ;
#503 = CARTESIAN_POINT ( 'NONE',  ( -44.99999999999999289, 1.500000000000000000, 0.000000000000000000 ) ) ;
#504 = EDGE_LOOP ( 'NONE', ( #1823, #750, #2086, #382, #2399, #2295 ) ) ;
#505 = VECTOR ( 'NONE', #468, 1000.000000000000000 ) ;
#506 = DIRECTION ( 'NONE',  ( -0.000000000000000000, -1.000000000000000000, -0.000000000000000000 ) ) ;
#507 = VECTOR ( 'NONE', #968, 1000.000000000000000 ) ;
#508 = DIRECTION ( 'NONE',  ( 0.000000000000000000, 0.000000000000000000, -1.000000000000000000 ) ) ;
#509 = AXIS2_PLACEMENT_3D ( 'NONE', #168, #600, #777 ) ;
#510 = DIRECTION ( 'NONE',  ( 1.000000000000000000, -0.000000000000000000, 0.000000000000000000 ) ) ;
#511 = ADVANCED_FACE ( 'NONE', ( #909 ), #1682, .F. ) ;
#512 = CIRCLE ( 'NONE', #782, 4.700000000000002842 ) ;
#513 = ORIENTED_EDGE ( 'NONE', *, *, #438, .F. ) ;
#514 = DIRECTION ( 'NONE',  ( 0.000000000000000000, 0.000000000000000000, -1.000000000000000000 ) ) ;
#515 = CARTESIAN_POINT ( 'NONE',  ( -9.981075724962016338, -1.500000000000000000, -33.32935335860917547 ) ) ;
#516 = ADVANCED_FACE ( 'NONE', ( #2282 ), #1538, .F. ) ;
#517 = LINE ( 'NONE', #1873, #2192 ) ;
#518 = CIRCLE ( 'NONE', #1445, 2.249999999999998668 ) ;
#519 = ORIENTED_EDGE ( 'NONE', *, *, #2429, .F. ) ;
#520 = CIRCLE ( 'NONE', #3, 13.00000000000000178 ) ;
#521 = CARTESIAN_POINT ( 'NONE',  ( 12.37436867076456259, 0.9500000000000002887, 12.62563132923547116 ) ) ;
#522 = CIRCLE ( 'NONE', #2200, 4.699999999999999289 ) ;
#523 = EDGE_CURVE ( 'NONE', #27, #1342, #1890, .T. ) ;
#524 = ORIENTED_EDGE ( 'NONE', *, *, #1206, .F. ) ;
#525 = CARTESIAN_POINT ( 'NONE',  ( -39.99999999999999289, -1.500000000000000000, 11.00000000000000000 ) ) ;
#526 = EDGE_CURVE ( 'NONE', #166, #202, #642, .T. ) ;
#527 = CARTESIAN_POINT ( 'NONE',  ( -12.37436867076456615, -1.500000000000000000, 17.32563132923546334 ) ) ;
#528 = EDGE_LOOP ( 'NONE', ( #1799, #1952, #495, #766 ) ) ;
#529 = ORIENTED_EDGE ( 'NONE', *, *, #539, .T. ) ;
#530 = ADVANCED_FACE ( 'NONE', ( #1500 ), #1165, .T. ) ;
#531 = DIRECTION ( 'NONE',  ( 0.000000000000000000, 1.000000000000000000, 0.000000000000000000 ) ) ;
#532 = DIRECTION ( 'NONE',  ( 0.000000000000000000, 0.000000000000000000, 1.000000000000000000 ) ) ;
#533 = VERTEX_POINT ( 'NONE', #323 ) ;
#534 = FACE_OUTER_BOUND ( 'NONE', #1318, .T. ) ;
#535 = LINE ( 'NONE', #1876, #437 ) ;
#536 = ORIENTED_EDGE ( 'NONE', *, *, #811, .F. ) ;
#537 = LINE ( 'NONE', #2120, #2437 ) ;
#538 = DIRECTION ( 'NONE',  ( 0.000000000000000000, -0.7071067811865476838, -0.7071067811865474617 ) ) ;
#539 = EDGE_CURVE ( 'NONE', #372, #17, #726, .T. ) ;
#540 = B_SPLINE_CURVE_WITH_KNOTS ( 'NONE', 3,
 ( #1584, #808, #1372, #626, #1569, #226 ),
 .UNSPECIFIED., .F., .F.,
 ( 4, 2, 4 ),
 ( 6.224426168039804534E-07, 0.001187034362935338906, 0.002373446283253873891 ),
 .UNSPECIFIED. ) ;
#541 = EDGE_LOOP ( 'NONE', ( #1526, #1443, #591, #1191 ) ) ;
#542 = ORIENTED_EDGE ( 'NONE', *, *, #874, .F. ) ;
#543 = CYLINDRICAL_SURFACE ( 'NONE', #395, 2.249999999999998668 ) ;
#544 = CARTESIAN_POINT ( 'NONE',  ( 19.99999999999998579, -198.5000000000000000, 45.89999999999999858 ) ) ;
#545 = CARTESIAN_POINT ( 'NONE',  ( -12.37436867076456615, 0.9500000000000002887, 10.37563132923546583 ) ) ;
#546 = ADVANCED_FACE ( 'NONE', ( #1951 ), #494, .T. ) ;
#547 = VERTEX_POINT ( 'NONE', #949 ) ;
#548 = CARTESIAN_POINT ( 'NONE',  ( 19.99999999999999645, 1.500000000000000000, -55.00000000000000000 ) ) ;
#549 = ADVANCED_FACE ( 'NONE', ( #1105 ), #1894, .F. ) ;
#550 = ORIENTED_EDGE ( 'NONE', *, *, #965, .F. ) ;
#551 = CYLINDRICAL_SURFACE ( 'NONE', #2059, 13.00000000000000178 ) ;
#552 = EDGE_LOOP ( 'NONE', ( #658, #1226, #1924, #732 ) ) ;
#553 = DIRECTION ( 'NONE',  ( 8.659560562354934091E-17, -0.7071067811865474617, 0.7071067811865475727 ) ) ;
#554 = CIRCLE ( 'NONE', #1356, 2.149999999999995470 ) ;
#555 = ORIENTED_EDGE ( 'NONE', *, *, #1349, .T. ) ;
#556 = LINE ( 'NONE', #2153, #191 ) ;
#557 = AXIS2_PLACEMENT_3D ( 'NONE', #1991, #580, #1003 ) ;
#558 = CARTESIAN_POINT ( 'NONE',  ( -12.37436867076456615, 0.9500000000000002887, 14.87563132923546227 ) ) ;
#559 = CARTESIAN_POINT ( 'NONE',  ( 19.99999999999998579, -198.5000000000000000, -47.49999999999999289 ) ) ;
#560 = AXIS2_PLACEMENT_3D ( 'NONE', #2559, #1740, #2373 ) ;
#561 = EDGE_LOOP ( 'NONE', ( #225, #2118, #2542, #1621 ) ) ;
#562 = VECTOR ( 'NONE', #2084, 1000.000000000000000 ) ;
#563 = DIRECTION ( 'NONE',  ( 0.000000000000000000, -1.000000000000000000, 0.000000000000000000 ) ) ;
#564 = AXIS2_PLACEMENT_3D ( 'NONE', #1667, #66, #251 ) ;
#565 = EDGE_LOOP ( 'NONE', ( #1474, #2365 ) ) ;
#566 = CARTESIAN_POINT ( 'NONE',  ( -8.620937377680881752, -1.372957623304974728, 15.26225539439795575 ) ) ;
#567 = EDGE_CURVE ( 'NONE', #2173, #1522, #143, .T. ) ;
#568 = VECTOR ( 'NONE', #1960, 1000.000000000000000 ) ;
#569 = CONICAL_SURFACE ( 'NONE', #2316, 4.700000000000002842, 0.7853981633974481680 ) ;
#570 = ORIENTED_EDGE ( 'NONE', *, *, #1992, .F. ) ;
#571 = DIRECTION ( 'NONE',  ( 0.000000000000000000, 0.000000000000000000, -1.000000000000000000 ) ) ;
#572 = EDGE_CURVE ( 'NONE', #2563, #1629, #109, .T. ) ;
#573 = CARTESIAN_POINT ( 'NONE',  ( 12.37436867076456259, -1.500000000000000000, 17.32563132923547045 ) ) ;
#574 = VERTEX_POINT ( 'NONE', #335 ) ;
#575 = DIRECTION ( 'NONE',  ( 0.000000000000000000, 0.000000000000000000, -1.000000000000000000 ) ) ;
#576 = CARTESIAN_POINT ( 'NONE',  ( -25.00000000000000000, 1.500000000000000000, 21.00000000000000355 ) ) ;
#577 = B_SPLINE_CURVE_WITH_KNOTS ( 'NONE', 3,
 ( #796, #1419, #1797, #1743, #1383, #1550 ),
 .UNSPECIFIED., .F., .F.,
 ( 4, 2, 4 ),
 ( 6.224426167989661243E-07, 0.001187034362935328715, 0.002373446283253858712 ),
 .UNSPECIFIED. ) ;
#578 = CARTESIAN_POINT ( 'NONE',  ( 12.37436867076456437, -1.500000000000000000, -39.62436867076459635 ) ) ;
#579 = EDGE_LOOP ( 'NONE', ( #1355, #931, #1195, #963 ) ) ;
#580 = DIRECTION ( 'NONE',  ( -0.000000000000000000, 1.000000000000000000, -0.000000000000000000 ) ) ;
#581 = ADVANCED_FACE ( 'NONE', ( #1138 ), #1921, .T. ) ;
#582 = ORIENTED_EDGE ( 'NONE', *, *, #1775, .F. ) ;
#583 = DIRECTION ( 'NONE',  ( 0.000000000000000000, 1.000000000000000000, 0.000000000000000000 ) ) ;
#584 = EDGE_CURVE ( 'NONE', #1296, #1451, #1527, .T. ) ;
#585 = DIRECTION ( 'NONE',  ( 1.000000000000000000, 0.000000000000000000, 0.000000000000000000 ) ) ;
#586 = CARTESIAN_POINT ( 'NONE',  ( -25.00000000000000000, 1.500000000000000000, -21.00000000000000355 ) ) ;
#587 = ORIENTED_EDGE ( 'NONE', *, *, #2392, .T. ) ;
#588 = DIRECTION ( 'NONE',  ( -0.000000000000000000, -1.000000000000000000, -0.000000000000000000 ) ) ;
#589 = DIRECTION ( 'NONE',  ( 1.000000000000000000, -0.000000000000000000, 0.000000000000000000 ) ) ;
#590 = DIRECTION ( 'NONE',  ( -0.000000000000000000, 1.000000000000000000, -0.000000000000000000 ) ) ;
#591 = ORIENTED_EDGE ( 'NONE', *, *, #1139, .T. ) ;
#592 = DIRECTION ( 'NONE',  ( 0.000000000000000000, 0.000000000000000000, -1.000000000000000000 ) ) ;
#593 = ORIENTED_EDGE ( 'NONE', *, *, #1054, .F. ) ;
#594 = EDGE_CURVE ( 'NONE', #1267, #1892, #35, .T. ) ;
#595 = CARTESIAN_POINT ( 'NONE',  ( -30.25000000000000000, 1.500000000000000000, -9.022071167035003114 ) ) ;
#596 = ORIENTED_EDGE ( 'NONE', *, *, #463, .F. ) ;
#597 = CYLINDRICAL_SURFACE ( 'NONE', #2268, 2.249999999999998668 ) ;
#598 = EDGE_LOOP ( 'NONE', ( #1820, #1368, #489, #334 ) ) ;
#599 = DIRECTION ( 'NONE',  ( 2.081668171172169697E-15, 0.000000000000000000, -1.000000000000000000 ) ) ;
#600 = DIRECTION ( 'NONE',  ( 0.000000000000000000, 1.000000000000000000, 0.000000000000000000 ) ) ;
#601 = VECTOR ( 'NONE', #449, 1000.000000000000000 ) ;
#602 = CARTESIAN_POINT ( 'NONE',  ( -8.620911329698477843, -1.372968972341229943, -34.73776634302351596 ) ) ;
#603 = AXIS2_PLACEMENT_3D ( 'NONE', #2294, #2087, #307 ) ;
#604 = ORIENTED_EDGE ( 'NONE', *, *, #1428, .F. ) ;
#605 = CARTESIAN_POINT ( 'NONE',  ( -19.99999999999998579, -1.500000000000001332, -45.89999999999999858 ) ) ;
#606 = AXIS2_PLACEMENT_3D ( 'NONE', #146, #964, #925 ) ;
#607 = DIRECTION ( 'NONE',  ( -0.000000000000000000, -1.000000000000000000, -0.000000000000000000 ) ) ;
#608 = EDGE_LOOP ( 'NONE', ( #2006, #1159, #1796, #1089 ) ) ;
#609 = VECTOR ( 'NONE', #624, 1000.000000000000000 ) ;
#610 = FACE_BOUND ( 'NONE', #1701, .T. ) ;
#611 = AXIS2_PLACEMENT_3D ( 'NONE', #260, #1057, #1243 ) ;
#612 = VERTEX_POINT ( 'NONE', #420 ) ;
#613 = AXIS2_PLACEMENT_3D ( 'NONE', #333, #1330, #116 ) ;
#614 = AXIS2_PLACEMENT_3D ( 'NONE', #2514, #1114, #1285 ) ;
#615 = EDGE_CURVE ( 'NONE', #1784, #2209, #577, .T. ) ;
#616 = ORIENTED_EDGE ( 'NONE', *, *, #660, .T. ) ;
#617 = CARTESIAN_POINT ( 'NONE',  ( -8.329353358609100866, -1.500000000000000000, 15.01892427503792149 ) ) ;
#618 = DIRECTION ( 'NONE',  ( -0.000000000000000000, -1.000000000000000000, -0.000000000000000000 ) ) ;
#619 = CARTESIAN_POINT ( 'NONE',  ( -19.99999999999998579, -198.5000000000000000, 47.49999999999999289 ) ) ;
#620 = ADVANCED_FACE ( 'NONE', ( #1962 ), #2210, .F. ) ;
#621 = EDGE_LOOP ( 'NONE', ( #222, #823, #1435, #737 ) ) ;
#622 = DIRECTION ( 'NONE',  ( -0.000000000000000000, 1.000000000000000000, -0.000000000000000000 ) ) ;
#623 = CARTESIAN_POINT ( 'NONE',  ( 19.99999999999998579, 1.500000000000000000, 47.49999999999999289 ) ) ;
#624 = DIRECTION ( 'NONE',  ( -0.000000000000000000, 1.000000000000000000, -0.000000000000000000 ) ) ;
#625 = ORIENTED_EDGE ( 'NONE', *, *, #660, .F. ) ;
#626 = CARTESIAN_POINT ( 'NONE',  ( 8.908387170517826803, -1.300036412054896617, -15.52362410109041946 ) ) ;
#627 = ORIENTED_EDGE ( 'NONE', *, *, #61, .F. ) ;
#628 = SHAPE_DEFINITION_REPRESENTATION ( #709, #2040 ) ;
#629 = ORIENTED_EDGE ( 'NONE', *, *, #857, .T. ) ;
#630 = CARTESIAN_POINT ( 'NONE',  ( 12.37436867076456259, -1.500000000000000000, 12.62563132923547116 ) ) ;
#631 = VERTEX_POINT ( 'NONE', #1370 ) ;
#632 = DIRECTION ( 'NONE',  ( 0.000000000000000000, 0.000000000000000000, -1.000000000000000000 ) ) ;
#633 = EDGE_LOOP ( 'NONE', ( #295, #2131 ) ) ;
#634 = CARTESIAN_POINT ( 'NONE',  ( -12.37436867076456615, -1.500000000000000000, 12.62563132923546405 ) ) ;
#635 = DIRECTION ( 'NONE',  ( -0.000000000000000000, -1.000000000000000000, -0.000000000000000000 ) ) ;
#636 = EDGE_LOOP ( 'NONE', ( #1506, #2557, #797, #64 ) ) ;
#637 = DIRECTION ( 'NONE',  ( -0.000000000000000000, -1.000000000000000000, -0.000000000000000000 ) ) ;
#638 = CYLINDRICAL_SURFACE ( 'NONE', #1609, 2.249999999999998668 ) ;
#639 = EDGE_CURVE ( 'NONE', #1827, #210, #1554, .T. ) ;
#640 = ORIENTED_EDGE ( 'NONE', *, *, #1723, .F. ) ;
#641 = DIRECTION ( 'NONE',  ( 0.000000000000000000, -0.000000000000000000, -1.000000000000000000 ) ) ;
#642 = CIRCLE ( 'NONE', #1845, 2.249999999999998668 ) ;
#643 = LINE ( 'NONE', #183, #1765 ) ;
#644 = VERTEX_POINT ( 'NONE', #605 ) ;
#645 = CIRCLE ( 'NONE', #2520, 4.699999999999999289 ) ;
#646 = LINE ( 'NONE', #1853, #505 ) ;
#647 = AXIS2_PLACEMENT_3D ( 'NONE', #304, #734, #100 ) ;
#648 = EDGE_CURVE ( 'NONE', #882, #644, #1240, .T. ) ;
#649 = AXIS2_PLACEMENT_3D ( 'NONE', #2257, #661, #1031 ) ;
#650 = AXIS2_PLACEMENT_3D ( 'NONE', #1146, #2519, #320 ) ;
#651 = ORIENTED_EDGE ( 'NONE', *, *, #2108, .T. ) ;
#652 = LINE ( 'NONE', #1619, #903 ) ;
#653 = CARTESIAN_POINT ( 'NONE',  ( 0.000000000000000000, -1.500000000000000000, 38.00000000000000711 ) ) ;
#654 = CIRCLE ( 'NONE', #1900, 13.00000000000000178 ) ;
#655 = ORIENTED_EDGE ( 'NONE', *, *, #874, .T. ) ;
#656 = CIRCLE ( 'NONE', #1447, 1.599999999999997202 ) ;
#657 = DIRECTION ( 'NONE',  ( 0.000000000000000000, 0.000000000000000000, 1.000000000000000000 ) ) ;
#658 = ORIENTED_EDGE ( 'NONE', *, *, #1413, .F. ) ;
#659 = CARTESIAN_POINT ( 'NONE',  ( 25.00000000000000000, 1.500000000000000000, -54.99999999999999289 ) ) ;
#660 = EDGE_CURVE ( 'NONE', #1168, #691, #1231, .T. ) ;
#661 = DIRECTION ( 'NONE',  ( 0.000000000000000000, 1.000000000000000000, 0.000000000000000000 ) ) ;
#662 = DIRECTION ( 'NONE',  ( 0.000000000000000000, 0.000000000000000000, -1.000000000000000000 ) ) ;
#663 = DIRECTION ( 'NONE',  ( 0.000000000000000000, -0.7071067811865474617, -0.7071067811865475727 ) ) ;
#664 =( NAMED_UNIT ( * ) SI_UNIT ( $, .STERADIAN. ) SOLID_ANGLE_UNIT ( ) );
#665 = EDGE_CURVE ( 'NONE', #1645, #493, #2182, .T. ) ;
#666 = DIRECTION ( 'NONE',  ( 0.000000000000000000, 0.000000000000000000, -1.000000000000000000 ) ) ;
#667 = ADVANCED_FACE ( 'NONE', ( #1014 ), #1636, .F. ) ;
#668 = ORIENTED_EDGE ( 'NONE', *, *, #526, .F. ) ;
#669 = CARTESIAN_POINT ( 'NONE',  ( -12.37436867076456615, 0.9500000000000002887, -12.62563132923546405 ) ) ;
#670 = DIRECTION ( 'NONE',  ( -0.000000000000000000, -1.000000000000000000, -0.000000000000000000 ) ) ;
#671 = EDGE_LOOP ( 'NONE', ( #396, #791, #498, #375 ) ) ;
#672 = CARTESIAN_POINT ( 'NONE',  ( 12.37436867076456259, -1.500000000000000000, -7.925631329235470979 ) ) ;
#673 = CARTESIAN_POINT ( 'NONE',  ( -20.00000000000000000, -1.500000000000000000, 55.00000000000000000 ) ) ;
#674 = LINE ( 'NONE', #1478, #822 ) ;
#675 = DIRECTION ( 'NONE',  ( -0.000000000000000000, -1.000000000000000000, -0.000000000000000000 ) ) ;
#676 = VERTEX_POINT ( 'NONE', #397 ) ;
#677 = EDGE_CURVE ( 'NONE', #186, #888, #1785, .T. ) ;
#678 = DIRECTION ( 'NONE',  ( 0.000000000000000000, 0.000000000000000000, -1.000000000000000000 ) ) ;
#679 = FACE_BOUND ( 'NONE', #2307, .T. ) ;
#680 = ORIENTED_EDGE ( 'NONE', *, *, #2119, .F. ) ;
#681 = DIRECTION ( 'NONE',  ( 0.000000000000000000, 0.000000000000000000, -1.000000000000000000 ) ) ;
#682 = CONICAL_SURFACE ( 'NONE', #193, 4.700000000000002842, 0.7853981633974481680 ) ;
#683 = CARTESIAN_POINT ( 'NONE',  ( -19.99999999999998579, 1.500000000000000000, 45.89999999999999858 ) ) ;
#684 = CIRCLE ( 'NONE', #1475, 13.00000000000000178 ) ;
#685 = AXIS2_PLACEMENT_3D ( 'NONE', #1798, #1664, #1303 ) ;
#686 = DIRECTION ( 'NONE',  ( -0.000000000000000000, 1.000000000000000000, -0.000000000000000000 ) ) ;
#687 = EDGE_CURVE ( 'NONE', #731, #1137, #1887, .T. ) ;
#688 = AXIS2_PLACEMENT_3D ( 'NONE', #977, #1764, #51 ) ;
#689 = VECTOR ( 'NONE', #979, 1000.000000000000000 ) ;
#690 = EDGE_LOOP ( 'NONE', ( #151, #2311, #1362, #1537 ) ) ;
#691 = VERTEX_POINT ( 'NONE', #2390 ) ;
#692 = VECTOR ( 'NONE', #1417, 1000.000000000000000 ) ;
#693 = FACE_OUTER_BOUND ( 'NONE', #1665, .T. ) ;
#694 = DIRECTION ( 'NONE',  ( 0.000000000000000000, 0.000000000000000000, -1.000000000000000000 ) ) ;
#695 = ADVANCED_FACE ( 'NONE', ( #1774 ), #1209, .F. ) ;
#696 = AXIS2_PLACEMENT_3D ( 'NONE', #1270, #279, #2208 ) ;
#697 = ORIENTED_EDGE ( 'NONE', *, *, #2420, .F. ) ;
#698 = CARTESIAN_POINT ( 'NONE',  ( -12.37436867076456615, 1.500000000000000000, 12.62563132923546405 ) ) ;
#699 = ORIENTED_EDGE ( 'NONE', *, *, #1247, .F. ) ;
#700 = DIRECTION ( 'NONE',  ( 0.000000000000000000, 0.000000000000000000, -1.000000000000000000 ) ) ;
#701 = DIRECTION ( 'NONE',  ( -0.000000000000000000, -1.000000000000000000, -0.000000000000000000 ) ) ;
#702 = EDGE_CURVE ( 'NONE', #2255, #2263, #435, .T. ) ;
#703 = ORIENTED_EDGE ( 'NONE', *, *, #2495, .T. ) ;
#704 = ORIENTED_EDGE ( 'NONE', *, *, #1789, .T. ) ;
#705 = PRODUCT_RELATED_PRODUCT_CATEGORY ( 'part', '', ( #1517 ) ) ;
#706 = CARTESIAN_POINT ( 'NONE',  ( 12.37436867076456437, 1.500000000000000000, -35.12436867076458924 ) ) ;
#707 = CARTESIAN_POINT ( 'NONE',  ( 12.37436867076456437, 0.9500000000000002887, -39.62436867076459635 ) ) ;
#708 = EDGE_LOOP ( 'NONE', ( #2393, #2371, #856, #2244 ) ) ;
#709 = PRODUCT_DEFINITION_SHAPE ( 'NONE', 'NONE',  #2469 ) ;
#710 = DIRECTION ( 'NONE',  ( 0.000000000000000000, 0.000000000000000000, -1.000000000000000000 ) ) ;
#711 = ORIENTED_EDGE ( 'NONE', *, *, #936, .F. ) ;
#712 = DIRECTION ( 'NONE',  ( -0.000000000000000000, 1.000000000000000000, -0.000000000000000000 ) ) ;
#713 = DIRECTION ( 'NONE',  ( 0.000000000000000000, 0.000000000000000000, -1.000000000000000000 ) ) ;
#714 = ORIENTED_EDGE ( 'NONE', *, *, #194, .T. ) ;
#715 = CARTESIAN_POINT ( 'NONE',  ( 12.37436867076456259, 0.9500000000000002887, -10.37563132923547116 ) ) ;
#716 = DIRECTION ( 'NONE',  ( -0.000000000000000000, -1.000000000000000000, -0.000000000000000000 ) ) ;
#717 = DIRECTION ( 'NONE',  ( -0.000000000000000000, -1.000000000000000000, -0.000000000000000000 ) ) ;
#718 = ADVANCED_FACE ( 'NONE', ( #2564 ), #72, .F. ) ;
#719 = ORIENTED_EDGE ( 'NONE', *, *, #451, .F. ) ;
#720 = DIRECTION ( 'NONE',  ( -0.000000000000000000, -1.000000000000000000, -0.000000000000000000 ) ) ;
#721 = EDGE_CURVE ( 'NONE', #1787, #297, #11, .T. ) ;
#722 = AXIS2_PLACEMENT_3D ( 'NONE', #1916, #152, #1495 ) ;
#723 = VERTEX_POINT ( 'NONE', #806 ) ;
#724 = AXIS2_PLACEMENT_3D ( 'NONE', #390, #1202, #177 ) ;
#725 = DIRECTION ( 'NONE',  ( 0.000000000000000000, 0.000000000000000000, 1.000000000000000000 ) ) ;
#726 = CIRCLE ( 'NONE', #1198, 4.999999999999997335 ) ;
#727 = EDGE_CURVE ( 'NONE', #758, #1934, #1154, .T. ) ;
#728 = CIRCLE ( 'NONE', #2565, 5.000000000000000000 ) ;
#729 = DIRECTION ( 'NONE',  ( 0.000000000000000000, 0.000000000000000000, 1.000000000000000000 ) ) ;
#730 = CIRCLE ( 'NONE', #2189, 1.600000000000001865 ) ;
#731 = VERTEX_POINT ( 'NONE', #1222 ) ;
#732 = ORIENTED_EDGE ( 'NONE', *, *, #1199, .T. ) ;
#733 = ADVANCED_FACE ( 'NONE', ( #835 ), #682, .F. ) ;
#734 = DIRECTION ( 'NONE',  ( -0.000000000000000000, -1.000000000000000000, -0.000000000000000000 ) ) ;
#735 = CARTESIAN_POINT ( 'NONE',  ( -30.25000000000000000, -8.500000000000000000, -9.022071167035003114 ) ) ;
#736 = VECTOR ( 'NONE', #2419, 1000.000000000000000 ) ;
#737 = ORIENTED_EDGE ( 'NONE', *, *, #762, .F. ) ;
#738 = CIRCLE ( 'NONE', #947, 4.700000000000002842 ) ;
#739 = DIRECTION ( 'NONE',  ( 1.000000000000000000, 0.000000000000000000, 0.000000000000000000 ) ) ;
#740 = CONICAL_SURFACE ( 'NONE', #1041, 4.699999999999999289, 0.7853981633974483900 ) ;
#741 = ORIENTED_EDGE ( 'NONE', *, *, #1746, .F. ) ;
#742 = EDGE_CURVE ( 'NONE', #350, #533, #1813, .T. ) ;
#743 = DIRECTION ( 'NONE',  ( 0.000000000000000000, -1.000000000000000000, 0.000000000000000000 ) ) ;
#744 = EDGE_CURVE ( 'NONE', #1691, #455, #1759, .T. ) ;
#745 = DIRECTION ( 'NONE',  ( -0.000000000000000000, -1.000000000000000000, -0.000000000000000000 ) ) ;
#746 = VERTEX_POINT ( 'NONE', #2547 ) ;
#747 = LINE ( 'NONE', #1533, #974 ) ;
#748 = DIRECTION ( 'NONE',  ( -0.000000000000000000, -1.000000000000000000, -0.000000000000000000 ) ) ;
#749 = CYLINDRICAL_SURFACE ( 'NONE', #324, 13.00000000000000533 ) ;
#750 = ORIENTED_EDGE ( 'NONE', *, *, #755, .T. ) ;
#751 = CARTESIAN_POINT ( 'NONE',  ( -19.99999999999997868, -198.5000000000000000, 1.131955512893109662E-31 ) ) ;
#752 = ORIENTED_EDGE ( 'NONE', *, *, #55, .F. ) ;
#753 = DIRECTION ( 'NONE',  ( 0.000000000000000000, 0.000000000000000000, -1.000000000000000000 ) ) ;
#754 = CARTESIAN_POINT ( 'NONE',  ( 1.592040838891558898E-15, -1.500000000000000000, -38.00000000000000711 ) ) ;
#755 = EDGE_CURVE ( 'NONE', #1451, #1674, #368, .T. ) ;
#756 = VERTEX_POINT ( 'NONE', #1203 ) ;
#757 = CYLINDRICAL_SURFACE ( 'NONE', #943, 2.249999999999998668 ) ;
#758 = VERTEX_POINT ( 'NONE', #1404 ) ;
#759 = DIRECTION ( 'NONE',  ( 1.000000000000000000, -0.000000000000000000, 0.000000000000000000 ) ) ;
#760 = LINE ( 'NONE', #405, #1556 ) ;
#761 = LINE ( 'NONE', #578, #568 ) ;
#762 = EDGE_CURVE ( 'NONE', #1137, #1124, #154, .T. ) ;
#763 = ORIENTED_EDGE ( 'NONE', *, *, #42, .T. ) ;
#764 = CARTESIAN_POINT ( 'NONE',  ( -12.37436867076456437, -1.500000000000000000, 37.37436867076459635 ) ) ;
#765 = ADVANCED_FACE ( 'NONE', ( #1986 ), #543, .F. ) ;
#766 = ORIENTED_EDGE ( 'NONE', *, *, #2093, .T. ) ;
#767 = CYLINDRICAL_SURFACE ( 'NONE', #355, 2.249999999999998668 ) ;
#768 = AXIS2_PLACEMENT_3D ( 'NONE', #302, #941, #514 ) ;
#769 = CIRCLE ( 'NONE', #2345, 2.149999999999999023 ) ;
#770 = VERTEX_POINT ( 'NONE', #2534 ) ;
#771 = DIRECTION ( 'NONE',  ( -0.000000000000000000, -1.000000000000000000, -0.000000000000000000 ) ) ;
#772 = DIRECTION ( 'NONE',  ( -0.000000000000000000, -1.000000000000000000, -0.000000000000000000 ) ) ;
#773 = CIRCLE ( 'NONE', #1276, 2.249999999999998668 ) ;
#774 = ORIENTED_EDGE ( 'NONE', *, *, #1002, .F. ) ;
#775 = CYLINDRICAL_SURFACE ( 'NONE', #272, 4.999999999999997335 ) ;
#776 = CIRCLE ( 'NONE', #1068, 4.700000000000002842 ) ;
#777 = DIRECTION ( 'NONE',  ( 0.000000000000000000, 0.000000000000000000, 1.000000000000000000 ) ) ;
#778 = EDGE_CURVE ( 'NONE', #1309, #2129, #1512, .T. ) ;
#779 = DIRECTION ( 'NONE',  ( 0.000000000000000000, -1.000000000000000000, 0.000000000000000000 ) ) ;
#780 = AXIS2_PLACEMENT_3D ( 'NONE', #1416, #471, #2258 ) ;
#781 = VERTEX_POINT ( 'NONE', #1364 ) ;
#782 = AXIS2_PLACEMENT_3D ( 'NONE', #1862, #500, #1496 ) ;
#783 = CARTESIAN_POINT ( 'NONE',  ( 12.37436867076456437, -1.500000000000000000, 37.37436867076459635 ) ) ;
#784 = EDGE_CURVE ( 'NONE', #202, #860, #1768, .T. ) ;
#785 = AXIS2_PLACEMENT_3D ( 'NONE', #2454, #670, #1704 ) ;
#786 = ORIENTED_EDGE ( 'NONE', *, *, #1302, .F. ) ;
#787 = FACE_BOUND ( 'NONE', #2336, .T. ) ;
#788 = VECTOR ( 'NONE', #2322, 1000.000000000000000 ) ;
#789 = AXIS2_PLACEMENT_3D ( 'NONE', #630, #1450, #1238 ) ;
#790 = DIRECTION ( 'NONE',  ( -0.000000000000000000, -0.000000000000000000, 1.000000000000000000 ) ) ;
#791 = ORIENTED_EDGE ( 'NONE', *, *, #572, .F. ) ;
#792 = CARTESIAN_POINT ( 'NONE',  ( 20.00000000000000000, 1.500000000000000000, 55.00000000000000000 ) ) ;
#793 = CARTESIAN_POINT ( 'NONE',  ( 0.000000000000000000, -1.500000000000000000, 16.00000000000000000 ) ) ;
#794 = DIRECTION ( 'NONE',  ( 0.000000000000000000, 0.000000000000000000, -1.000000000000000000 ) ) ;
#795 = ORIENTED_EDGE ( 'NONE', *, *, #1349, .F. ) ;
#796 = CARTESIAN_POINT ( 'NONE',  ( 9.981075724962112261, -1.500000000000000000, 16.67064664139093821 ) ) ;
#797 = ORIENTED_EDGE ( 'NONE', *, *, #2450, .T. ) ;
#798 = FACE_BOUND ( 'NONE', #1715, .T. ) ;
#799 = EDGE_CURVE ( 'NONE', #58, #1973, #242, .T. ) ;
#800 = DIRECTION ( 'NONE',  ( 0.000000000000000000, 0.000000000000000000, -1.000000000000000000 ) ) ;
#801 = ORIENTED_EDGE ( 'NONE', *, *, #1167, .F. ) ;
#802 = DIRECTION ( 'NONE',  ( -0.000000000000000000, -1.000000000000000000, -0.000000000000000000 ) ) ;
#803 = CYLINDRICAL_SURFACE ( 'NONE', #1438, 1.599999999999997202 ) ;
#804 = CARTESIAN_POINT ( 'NONE',  ( 0.000000000000000000, -1.500000000000000000, 25.00000000000000000 ) ) ;
#805 = ORIENTED_EDGE ( 'NONE', *, *, #523, .F. ) ;
#806 = CARTESIAN_POINT ( 'NONE',  ( -39.99999999999999289, -1.500000000000000000, 16.00000000000000000 ) ) ;
#807 = EDGE_LOOP ( 'NONE', ( #410, #1593, #958, #135, #325, #927 ) ) ;
#808 = CARTESIAN_POINT ( 'NONE',  ( 9.737744605602085102, -1.372957623304974950, -16.37906262231916088 ) ) ;
#809 = ADVANCED_FACE ( 'NONE', ( #1578 ), #1160, .F. ) ;
#810 = ORIENTED_EDGE ( 'NONE', *, *, #1080, .T. ) ;
#811 = EDGE_CURVE ( 'NONE', #186, #2432, #2394, .T. ) ;
#812 = ORIENTED_EDGE ( 'NONE', *, *, #1353, .T. ) ;
#813 = DIRECTION ( 'NONE',  ( -0.000000000000000000, -1.000000000000000000, -0.000000000000000000 ) ) ;
#814 = FACE_OUTER_BOUND ( 'NONE', #608, .T. ) ;
#815 = AXIS2_PLACEMENT_3D ( 'NONE', #1865, #2433, #1454 ) ;
#816 = CARTESIAN_POINT ( 'NONE',  ( -20.00000000000000000, -1.500000000000000000, 60.00000000000000000 ) ) ;
#817 = CARTESIAN_POINT ( 'NONE',  ( -19.99999999999997868, -198.5000000000000000, -1.600000000000001865 ) ) ;
#818 = AXIS2_PLACEMENT_3D ( 'NONE', #764, #1190, #408 ) ;
#819 = VERTEX_POINT ( 'NONE', #576 ) ;
#820 = CARTESIAN_POINT ( 'NONE',  ( -12.37436867076456615, -1.500000000000000000, -7.925631329235463873 ) ) ;
#821 = DIRECTION ( 'NONE',  ( 0.000000000000000000, 0.000000000000000000, -1.000000000000000000 ) ) ;
#822 = VECTOR ( 'NONE', #2274, 1000.000000000000000 ) ;
#823 = ORIENTED_EDGE ( 'NONE', *, *, #1753, .T. ) ;
#824 = CIRCLE ( 'NONE', #76, 4.700000000000002842 ) ;
#825 = FACE_BOUND ( 'NONE', #1705, .T. ) ;
#826 = VECTOR ( 'NONE', #844, 1000.000000000000000 ) ;
#827 = EDGE_LOOP ( 'NONE', ( #434, #1985 ) ) ;
#828 = CIRCLE ( 'NONE', #44, 13.00000000000000178 ) ;
#829 = DIRECTION ( 'NONE',  ( 0.000000000000000000, 0.000000000000000000, 1.000000000000000000 ) ) ;
#830 = AXIS2_PLACEMENT_3D ( 'NONE', #349, #149, #995 ) ;
#831 = ORIENTED_EDGE ( 'NONE', *, *, #1844, .T. ) ;
#832 = CARTESIAN_POINT ( 'NONE',  ( -30.00000000000000355, -1.500000000000000000, 16.00000000000000000 ) ) ;
#833 = ORIENTED_EDGE ( 'NONE', *, *, #1917, .F. ) ;
#834 = EDGE_CURVE ( 'NONE', #1137, #731, #1359, .T. ) ;
#835 = FACE_OUTER_BOUND ( 'NONE', #291, .T. ) ;
#836 = CARTESIAN_POINT ( 'NONE',  ( 19.99999999999998579, -1.500000000000001332, 49.09999999999999432 ) ) ;
#837 = ORIENTED_EDGE ( 'NONE', *, *, #1193, .F. ) ;
#838 = CARTESIAN_POINT ( 'NONE',  ( 0.000000000000000000, 1.500000000000000000, 0.000000000000000000 ) ) ;
#839 = CARTESIAN_POINT ( 'NONE',  ( 25.00000000000000000, -1.500000000000000000, -54.99999999999999289 ) ) ;
#840 = FILL_AREA_STYLE ('',( #2204 ) ) ;
#841 = CARTESIAN_POINT ( 'NONE',  ( -19.99999999999998579, 1.500000000000000000, -47.49999999999999289 ) ) ;
#842 = EDGE_LOOP ( 'NONE', ( #2111, #2521, #1571, #2415 ) ) ;
#843 = EDGE_CURVE ( 'NONE', #676, #980, #760, .T. ) ;
#844 = DIRECTION ( 'NONE',  ( 0.000000000000000000, 1.000000000000000000, 0.000000000000000000 ) ) ;
#845 = DIRECTION ( 'NONE',  ( 0.000000000000000000, 0.000000000000000000, -1.000000000000000000 ) ) ;
#846 = ORIENTED_EDGE ( 'NONE', *, *, #227, .F. ) ;
#847 = CARTESIAN_POINT ( 'NONE',  ( -30.25000000000000711, 1.500000000000000000, 6.872071167035008088 ) ) ;
#848 = EDGE_CURVE ( 'NONE', #2184, #1267, #776, .T. ) ;
#849 = ORIENTED_EDGE ( 'NONE', *, *, #194, .F. ) ;
#850 = CYLINDRICAL_SURFACE ( 'NONE', #1194, 2.250000000000001776 ) ;
#851 = ADVANCED_FACE ( 'NONE', ( #1782 ), #803, .F. ) ;
#852 =( LENGTH_UNIT ( ) NAMED_UNIT ( * ) SI_UNIT ( .MILLI., .METRE. ) );
#853 = ORIENTED_EDGE ( 'NONE', *, *, #2187, .F. ) ;
#854 = DIRECTION ( 'NONE',  ( -0.000000000000000000, -1.000000000000000000, -0.000000000000000000 ) ) ;
#855 = CARTESIAN_POINT ( 'NONE',  ( 0.000000000000000000, -1.500000000000000000, 25.00000000000000000 ) ) ;
#856 = ORIENTED_EDGE ( 'NONE', *, *, #665, .T. ) ;
#857 = EDGE_CURVE ( 'NONE', #746, #1522, #1562, .T. ) ;
#858 = AXIS2_PLACEMENT_3D ( 'NONE', #253, #1875, #1837 ) ;
#859 = FACE_BOUND ( 'NONE', #2526, .T. ) ;
#860 = VERTEX_POINT ( 'NONE', #558 ) ;
#861 = DIRECTION ( 'NONE',  ( 0.000000000000000000, 1.000000000000000000, 0.000000000000000000 ) ) ;
#862 = EDGE_CURVE ( 'NONE', #723, #2134, #7, .T. ) ;
#863 = CIRCLE ( 'NONE', #1112, 1.599999999999997202 ) ;
#864 = DIRECTION ( 'NONE',  ( 0.000000000000000000, 0.000000000000000000, -1.000000000000000000 ) ) ;
#865 =( GEOMETRIC_REPRESENTATION_CONTEXT ( 3 ) GLOBAL_UNCERTAINTY_ASSIGNED_CONTEXT ( ( #2462 ) ) GLOBAL_UNIT_ASSIGNED_CONTEXT ( ( #1446, #1424, #664 ) ) REPRESENTATION_CONTEXT ( 'NONE', 'WORKASPACE' ) );
#866 = CIRCLE ( 'NONE', #1480, 2.250000000000001776 ) ;
#867 = CARTESIAN_POINT ( 'NONE',  ( 12.37436867076456259, 1.500000000000000000, 10.37563132923547116 ) ) ;
#868 = AXIS2_PLACEMENT_3D ( 'NONE', #501, #131, #919 ) ;
#869 = DIRECTION ( 'NONE',  ( 0.000000000000000000, 0.000000000000000000, -1.000000000000000000 ) ) ;
#870 = CONICAL_SURFACE ( 'NONE', #2529, 4.699999999999999289, 0.7853981633974485010 ) ;
#871 = VERTEX_POINT ( 'NONE', #1391 ) ;
#872 = DIRECTION ( 'NONE',  ( 0.000000000000000000, 0.000000000000000000, 1.000000000000000000 ) ) ;
#873 = CARTESIAN_POINT ( 'NONE',  ( 12.37436867076456437, 1.500000000000000000, 35.12436867076458924 ) ) ;
#874 = EDGE_CURVE ( 'NONE', #1568, #2184, #1603, .T. ) ;
#875 = ORIENTED_EDGE ( 'NONE', *, *, #1917, .T. ) ;
#876 = CARTESIAN_POINT ( 'NONE',  ( -12.37436867076456615, -1.500000000000000000, -17.32563132923546334 ) ) ;
#877 = CARTESIAN_POINT ( 'NONE',  ( -8.620911329698476067, -1.372968972341231275, 34.73776634302351596 ) ) ;
#878 = EDGE_CURVE ( 'NONE', #1052, #1710, #898, .T. ) ;
#879 = ORIENTED_EDGE ( 'NONE', *, *, #1229, .F. ) ;
#880 = DIRECTION ( 'NONE',  ( -0.000000000000000000, 1.000000000000000000, -0.000000000000000000 ) ) ;
#881 = LINE ( 'NONE', #1048, #201 ) ;
#882 = VERTEX_POINT ( 'NONE', #461 ) ;
#883 = CARTESIAN_POINT ( 'NONE',  ( -12.37436867076456437, -1.500000000000000000, -37.37436867076459635 ) ) ;
#884 = EDGE_CURVE ( 'NONE', #1973, #1185, #2188, .T. ) ;
#885 = DIRECTION ( 'NONE',  ( 0.000000000000000000, 0.000000000000000000, -1.000000000000000000 ) ) ;
#886 = EDGE_CURVE ( 'NONE', #1124, #1168, #1980, .T. ) ;
#887 = FILL_AREA_STYLE ('',( #137 ) ) ;
#888 = VERTEX_POINT ( 'NONE', #2078 ) ;
#889 = VERTEX_POINT ( 'NONE', #1059 ) ;
#890 = DIRECTION ( 'NONE',  ( 0.000000000000000000, 0.000000000000000000, 1.000000000000000000 ) ) ;
#891 = DIRECTION ( 'NONE',  ( 0.000000000000000000, 0.000000000000000000, -1.000000000000000000 ) ) ;
#892 = ORIENTED_EDGE ( 'NONE', *, *, #1006, .T. ) ;
#893 = CARTESIAN_POINT ( 'NONE',  ( -25.00000000000000000, 1.500000000000000000, 21.00000000000000355 ) ) ;
#894 = AXIS2_PLACEMENT_3D ( 'NONE', #634, #1069, #2053 ) ;
#895 = VERTEX_POINT ( 'NONE', #1841 ) ;
#896 = AXIS2_PLACEMENT_3D ( 'NONE', #932, #2523, #739 ) ;
#897 = CARTESIAN_POINT ( 'NONE',  ( 19.99999999999998579, -1.500000000000001332, -47.49999999999999289 ) ) ;
#898 = CIRCLE ( 'NONE', #1808, 2.149999999999995470 ) ;
#899 = AXIS2_PLACEMENT_3D ( 'NONE', #2031, #1026, #256 ) ;
#900 = AXIS2_PLACEMENT_3D ( 'NONE', #101, #1135, #930 ) ;
#901 = ORIENTED_EDGE ( 'NONE', *, *, #2376, .F. ) ;
#902 = DIRECTION ( 'NONE',  ( 0.000000000000000000, 0.000000000000000000, -1.000000000000000000 ) ) ;
#903 = VECTOR ( 'NONE', #255, 1000.000000000000000 ) ;
#904 = DIRECTION ( 'NONE',  ( 0.000000000000000000, 0.000000000000000000, 1.000000000000000000 ) ) ;
#905 = FACE_OUTER_BOUND ( 'NONE', #541, .T. ) ;
#906 = COLOUR_RGB ( '',0.7921568627450980005, 0.8196078431372548767, 0.9333333333333333481 ) ;
#907 = ADVANCED_FACE ( 'NONE', ( #1879 ), #298, .T. ) ;
#908 = EDGE_LOOP ( 'NONE', ( #2493, #1304, #604, #1082 ) ) ;
#909 = FACE_OUTER_BOUND ( 'NONE', #2538, .T. ) ;
#910 = DIRECTION ( 'NONE',  ( -0.000000000000000000, -1.000000000000000000, -0.000000000000000000 ) ) ;
#911 = VERTEX_POINT ( 'NONE', #2068 ) ;
#912 = DIRECTION ( 'NONE',  ( 0.000000000000000000, -1.000000000000000000, 0.000000000000000000 ) ) ;
#913 = EDGE_CURVE ( 'NONE', #2077, #1608, #1893, .T. ) ;
#914 = DIRECTION ( 'NONE',  ( 0.000000000000000000, 0.000000000000000000, -1.000000000000000000 ) ) ;
#915 = ORIENTED_EDGE ( 'NONE', *, *, #2392, .F. ) ;
#916 = CARTESIAN_POINT ( 'NONE',  ( 12.37436867076456259, -1.500000000000000000, 12.62563132923547116 ) ) ;
#917 = EDGE_CURVE ( 'NONE', #631, #206, #1681, .T. ) ;
#918 = DIRECTION ( 'NONE',  ( 0.000000000000000000, 0.000000000000000000, -1.000000000000000000 ) ) ;
#919 = DIRECTION ( 'NONE',  ( 0.000000000000000000, 0.000000000000000000, 1.000000000000000000 ) ) ;
#920 = ORIENTED_EDGE ( 'NONE', *, *, #1448, .F. ) ;
#921 = DIRECTION ( 'NONE',  ( 0.000000000000000000, -1.000000000000000000, 0.000000000000000000 ) ) ;
#922 = ADVANCED_FACE ( 'NONE', ( #107 ), #1652, .F. ) ;
#923 = CARTESIAN_POINT ( 'NONE',  ( 19.99999999999997868, 1.500000000000000000, 1.600000000000001865 ) ) ;
#924 = EDGE_LOOP ( 'NONE', ( #1702, #1449, #1022, #2501 ) ) ;
#925 = DIRECTION ( 'NONE',  ( 0.000000000000000000, 0.000000000000000000, 1.000000000000000000 ) ) ;
#926 = SURFACE_STYLE_USAGE ( .BOTH. , #1671 ) ;
#927 = ORIENTED_EDGE ( 'NONE', *, *, #1139, .F. ) ;
#928 = EDGE_LOOP ( 'NONE', ( #1601, #1230 ) ) ;
#929 = LINE ( 'NONE', #319, #277 ) ;
#930 = DIRECTION ( 'NONE',  ( 0.000000000000000000, 0.000000000000000000, 1.000000000000000000 ) ) ;
#931 = ORIENTED_EDGE ( 'NONE', *, *, #2001, .T. ) ;
#932 = CARTESIAN_POINT ( 'NONE',  ( 0.000000000000000000, -1.500000000000000000, 16.00000000000000000 ) ) ;
#933 = ORIENTED_EDGE ( 'NONE', *, *, #2213, .T. ) ;
#934 = EDGE_CURVE ( 'NONE', #2035, #248, #2351, .T. ) ;
#935 = CARTESIAN_POINT ( 'NONE',  ( -30.25000000000000711, -8.500000000000000000, 9.022071167035003114 ) ) ;
#936 = EDGE_CURVE ( 'NONE', #202, #166, #111, .T. ) ;
#937 = VECTOR ( 'NONE', #2342, 1000.000000000000000 ) ;
#938 = DIRECTION ( 'NONE',  ( 0.000000000000000000, 0.000000000000000000, -1.000000000000000000 ) ) ;
#939 = AXIS2_PLACEMENT_3D ( 'NONE', #669, #1047, #821 ) ;
#940 = VERTEX_POINT ( 'NONE', #1686 ) ;
#941 = DIRECTION ( 'NONE',  ( 0.000000000000000000, -1.000000000000000000, 0.000000000000000000 ) ) ;
#942 = DIRECTION ( 'NONE',  ( -0.000000000000000000, -1.000000000000000000, -0.000000000000000000 ) ) ;
#943 = AXIS2_PLACEMENT_3D ( 'NONE', #2530, #745, #571 ) ;
#944 = DIRECTION ( 'NONE',  ( 0.000000000000000000, 0.000000000000000000, 1.000000000000000000 ) ) ;
#945 = CIRCLE ( 'NONE', #160, 2.250000000000001776 ) ;
#946 = ORIENTED_EDGE ( 'NONE', *, *, #2128, .F. ) ;
#947 = AXIS2_PLACEMENT_3D ( 'NONE', #960, #1592, #2156 ) ;
#948 = ADVANCED_FACE ( 'NONE', ( #814 ), #1456, .F. ) ;
#949 = CARTESIAN_POINT ( 'NONE',  ( 12.37436867076456437, 0.9500000000000002887, 35.12436867076458924 ) ) ;
#950 = EDGE_LOOP ( 'NONE', ( #1790, #2003, #1836, #846, #2283, #236 ) ) ;
#951 = DIRECTION ( 'NONE',  ( 0.000000000000000000, -1.000000000000000000, 0.000000000000000000 ) ) ;
#952 = DIRECTION ( 'NONE',  ( -0.000000000000000000, -1.000000000000000000, 0.000000000000000000 ) ) ;
#953 = CARTESIAN_POINT ( 'NONE',  ( -19.99999999999997868, -1.500000000000001332, 1.131955512893109662E-31 ) ) ;
#954 = CARTESIAN_POINT ( 'NONE',  ( 12.37436867076456259, -1.500000000000000000, 14.87563132923546938 ) ) ;
#955 = LINE ( 'NONE', #1942, #45 ) ;
#956 = EDGE_CURVE ( 'NONE', #186, #297, #645, .T. ) ;
#957 = ORIENTED_EDGE ( 'NONE', *, *, #1585, .T. ) ;
#958 = ORIENTED_EDGE ( 'NONE', *, *, #2420, .T. ) ;
#959 = DIRECTION ( 'NONE',  ( -0.000000000000000000, -1.000000000000000000, -0.000000000000000000 ) ) ;
#960 = CARTESIAN_POINT ( 'NONE',  ( -12.37436867076456437, -1.500000000000000000, -37.37436867076459635 ) ) ;
#961 = ORIENTED_EDGE ( 'NONE', *, *, #78, .T. ) ;
#962 = DIRECTION ( 'NONE',  ( -0.000000000000000000, 1.000000000000000000, -0.000000000000000000 ) ) ;
#963 = ORIENTED_EDGE ( 'NONE', *, *, #1152, .T. ) ;
#964 = DIRECTION ( 'NONE',  ( -1.000000000000000000, 0.000000000000000000, 0.000000000000000000 ) ) ;
#965 = EDGE_CURVE ( 'NONE', #819, #2490, #1260, .T. ) ;
#966 = DIRECTION ( 'NONE',  ( 0.000000000000000000, -1.000000000000000000, 0.000000000000000000 ) ) ;
#967 = ORIENTED_EDGE ( 'NONE', *, *, #1534, .F. ) ;
#968 = DIRECTION ( 'NONE',  ( -0.000000000000000000, -1.000000000000000000, -0.000000000000000000 ) ) ;
#969 = DIRECTION ( 'NONE',  ( 0.000000000000000000, 0.000000000000000000, 1.000000000000000000 ) ) ;
#970 = VERTEX_POINT ( 'NONE', #2468 ) ;
#971 = DIRECTION ( 'NONE',  ( 0.000000000000000000, 0.000000000000000000, -1.000000000000000000 ) ) ;
#972 = VERTEX_POINT ( 'NONE', #683 ) ;
#973 = CARTESIAN_POINT ( 'NONE',  ( -9.981075724962106932, -1.500000000000000000, 16.67064664139093111 ) ) ;
#974 = VECTOR ( 'NONE', #1945, 1000.000000000000000 ) ;
#975 = CIRCLE ( 'NONE', #1273, 4.999999999999997335 ) ;
#976 = EDGE_LOOP ( 'NONE', ( #1245, #488 ) ) ;
#977 = CARTESIAN_POINT ( 'NONE',  ( 12.37436867076456437, -1.500000000000000000, -37.37436867076459635 ) ) ;
#978 = VECTOR ( 'NONE', #158, 1000.000000000000000 ) ;
#979 = DIRECTION ( 'NONE',  ( 8.659560562354934091E-17, -0.7071067811865474617, 0.7071067811865475727 ) ) ;
#980 = VERTEX_POINT ( 'NONE', #2054 ) ;
#981 = DIRECTION ( 'NONE',  ( 0.000000000000000000, 0.000000000000000000, -1.000000000000000000 ) ) ;
#982 = AXIS2_PLACEMENT_3D ( 'NONE', #1912, #743, #2511 ) ;
#983 = CARTESIAN_POINT ( 'NONE',  ( 9.737766343023491089, -1.372968972341228389, 33.62091132969850804 ) ) ;
#984 = DIRECTION ( 'NONE',  ( 0.000000000000000000, -1.000000000000000000, 0.000000000000000000 ) ) ;
#985 = VECTOR ( 'NONE', #1751, 1000.000000000000000 ) ;
#986 = ORIENTED_EDGE ( 'NONE', *, *, #241, .T. ) ;
#987 = VECTOR ( 'NONE', #657, 1000.000000000000000 ) ;
#988 = CARTESIAN_POINT ( 'NONE',  ( -12.37436867076456615, -1.500000000000000000, -14.87563132923546227 ) ) ;
#989 = EDGE_CURVE ( 'NONE', #2536, #2184, #1081, .T. ) ;
#990 = CIRCLE ( 'NONE', #1039, 5.000000000000000888 ) ;
#991 = ORIENTED_EDGE ( 'NONE', *, *, #1617, .T. ) ;
#992 = FACE_BOUND ( 'NONE', #827, .T. ) ;
#993 = VECTOR ( 'NONE', #2357, 1000.000000000000000 ) ;
#994 = EDGE_LOOP ( 'NONE', ( #1327, #1748, #1418, #98 ) ) ;
#995 = DIRECTION ( 'NONE',  ( 0.000000000000000000, 0.000000000000000000, -1.000000000000000000 ) ) ;
#996 = EDGE_CURVE ( 'NONE', #248, #1583, #674, .T. ) ;
#997 = VERTEX_POINT ( 'NONE', #125 ) ;
#998 = DIRECTION ( 'NONE',  ( -0.000000000000000000, 1.000000000000000000, -0.000000000000000000 ) ) ;
#999 = CARTESIAN_POINT ( 'NONE',  ( 12.37436867076456437, -1.500000000000000000, 37.37436867076459635 ) ) ;
#1000 = FACE_OUTER_BOUND ( 'NONE', #1431, .T. ) ;
#1001 = EDGE_LOOP ( 'NONE', ( #1966, #668, #2323, #2227 ) ) ;
#1002 = EDGE_CURVE ( 'NONE', #2019, #1016, #2313, .T. ) ;
#1003 = DIRECTION ( 'NONE',  ( 0.000000000000000000, 0.000000000000000000, -1.000000000000000000 ) ) ;
#1004 = ORIENTED_EDGE ( 'NONE', *, *, #391, .F. ) ;
#1005 = FACE_BOUND ( 'NONE', #1077, .T. ) ;
#1006 = EDGE_CURVE ( 'NONE', #723, #746, #728, .T. ) ;
#1007 = ORIENTED_EDGE ( 'NONE', *, *, #1306, .T. ) ;
#1008 = DIRECTION ( 'NONE',  ( -0.000000000000000000, 1.000000000000000000, -0.000000000000000000 ) ) ;
#1009 = VERTEX_POINT ( 'NONE', #1321 ) ;
#1010 = LINE ( 'NONE', #28, #2299 ) ;
#1011 = CARTESIAN_POINT ( 'NONE',  ( -20.00000000000000000, 1.500000000000000000, 55.00000000000000000 ) ) ;
#1012 = CARTESIAN_POINT ( 'NONE',  ( -8.908387170517841014, -1.300036412054939916, -34.47637589890958054 ) ) ;
#1013 = ORIENTED_EDGE ( 'NONE', *, *, #200, .T. ) ;
#1014 = FACE_OUTER_BOUND ( 'NONE', #370, .T. ) ;
#1015 = DIRECTION ( 'NONE',  ( -0.000000000000000000, 1.000000000000000000, -0.000000000000000000 ) ) ;
#1016 = VERTEX_POINT ( 'NONE', #2337 ) ;
#1017 = CARTESIAN_POINT ( 'NONE',  ( 0.000000000000000000, -1.500000000000000000, 25.00000000000000000 ) ) ;
#1018 = EDGE_CURVE ( 'NONE', #1645, #1632, #313, .T. ) ;
#1019 = VERTEX_POINT ( 'NONE', #327 ) ;
#1020 = CARTESIAN_POINT ( 'NONE',  ( 0.000000000000000000, -1.500000000000000000, -16.00000000000000000 ) ) ;
#1021 = APPLICATION_PROTOCOL_DEFINITION ( 'draft international standard', 'automotive_design', 1998, #2500 ) ;
#1022 = ORIENTED_EDGE ( 'NONE', *, *, #61, .T. ) ;
#1023 = DIRECTION ( 'NONE',  ( 0.000000000000000000, 0.000000000000000000, -1.000000000000000000 ) ) ;
#1024 = CONICAL_SURFACE ( 'NONE', #2017, 4.700000000000002842, 0.7853981633974483900 ) ;
#1025 = LINE ( 'NONE', #1809, #2155 ) ;
#1026 = DIRECTION ( 'NONE',  ( -0.000000000000000000, -1.000000000000000000, -0.000000000000000000 ) ) ;
#1027 = VECTOR ( 'NONE', #22, 999.9999999999998863 ) ;
#1028 = ORIENTED_EDGE ( 'NONE', *, *, #1498, .T. ) ;
#1029 = DIRECTION ( 'NONE',  ( -0.000000000000000000, -1.000000000000000000, -0.000000000000000000 ) ) ;
#1030 = CARTESIAN_POINT ( 'NONE',  ( -30.25000000000000000, 1.500000000000000000, -9.022071167035003114 ) ) ;
#1031 = DIRECTION ( 'NONE',  ( 0.000000000000000000, 0.000000000000000000, 1.000000000000000000 ) ) ;
#1032 = CIRCLE ( 'NONE', #1938, 2.149999999999999023 ) ;
#1033 = CARTESIAN_POINT ( 'NONE',  ( -19.99999999999997868, 1.500000000000000000, 1.131955512893109662E-31 ) ) ;
#1034 = ORIENTED_EDGE ( 'NONE', *, *, #2429, .T. ) ;
#1035 = AXIS2_PLACEMENT_3D ( 'NONE', #144, #273, #450 ) ;
#1036 = FACE_BOUND ( 'NONE', #1207, .T. ) ;
#1037 = CIRCLE ( 'NONE', #1479, 1.599999999999997202 ) ;
#1038 = CIRCLE ( 'NONE', #1812, 13.00000000000000178 ) ;
#1039 = AXIS2_PLACEMENT_3D ( 'NONE', #2344, #179, #2137 ) ;
#1040 = CARTESIAN_POINT ( 'NONE',  ( 0.000000000000000000, 0.000000000000000000, 0.000000000000000000 ) ) ;
#1041 = AXIS2_PLACEMENT_3D ( 'NONE', #1295, #675, #1902 ) ;
#1042 = EDGE_LOOP ( 'NONE', ( #423, #1707, #176, #699 ) ) ;
#1043 = EDGE_CURVE ( 'NONE', #1223, #53, #537, .T. ) ;
#1044 = DIRECTION ( 'NONE',  ( 0.000000000000000000, 0.000000000000000000, -1.000000000000000000 ) ) ;
#1045 = DIRECTION ( 'NONE',  ( -0.000000000000000000, -1.000000000000000000, -0.000000000000000000 ) ) ;
#1046 = ORIENTED_EDGE ( 'NONE', *, *, #778, .T. ) ;
#1047 = DIRECTION ( 'NONE',  ( -0.000000000000000000, -1.000000000000000000, -0.000000000000000000 ) ) ;
#1048 = CARTESIAN_POINT ( 'NONE',  ( -25.00000000000000000, 1.500000000000000000, -21.00000000000000355 ) ) ;
#1049 = ORIENTED_EDGE ( 'NONE', *, *, #1956, .F. ) ;
#1050 = CARTESIAN_POINT ( 'NONE',  ( -19.99999999999998579, -198.5000000000000000, 45.89999999999999858 ) ) ;
#1051 = ADVANCED_FACE ( 'NONE', ( #1128 ), #1141, .F. ) ;
#1052 = VERTEX_POINT ( 'NONE', #1343 ) ;
#1053 = LINE ( 'NONE', #1460, #1074 ) ;
#1054 = EDGE_CURVE ( 'NONE', #2359, #1296, #1279, .T. ) ;
#1055 = VERTEX_POINT ( 'NONE', #1953 ) ;
#1056 = DIRECTION ( 'NONE',  ( -0.000000000000000000, -1.000000000000000000, -0.000000000000000000 ) ) ;
#1057 = DIRECTION ( 'NONE',  ( -0.000000000000000000, -1.000000000000000000, -0.000000000000000000 ) ) ;
#1058 = CARTESIAN_POINT ( 'NONE',  ( -8.329353358609152380, -1.500000000000000000, -34.98107572496203233 ) ) ;
#1059 = CARTESIAN_POINT ( 'NONE',  ( -30.00000000000000355, 1.500000000000000000, -16.00000000000000000 ) ) ;
#1060 = EDGE_CURVE ( 'NONE', #1744, #1009, #1319, .T. ) ;
#1061 = CARTESIAN_POINT ( 'NONE',  ( 19.99999999999997868, -1.500000000000001332, 1.600000000000001865 ) ) ;
#1062 = DIRECTION ( 'NONE',  ( 0.000000000000000000, 0.000000000000000000, 1.000000000000000000 ) ) ;
#1063 = EDGE_LOOP ( 'NONE', ( #853, #849, #1401, #2553 ) ) ;
#1064 = AXIS2_PLACEMENT_3D ( 'NONE', #1227, #1415, #981 ) ;
#1065 = LINE ( 'NONE', #1611, #1896 ) ;
#1066 = FACE_OUTER_BOUND ( 'NONE', #950, .T. ) ;
#1067 = EDGE_LOOP ( 'NONE', ( #2193, #1711 ) ) ;
#1068 = AXIS2_PLACEMENT_3D ( 'NONE', #1379, #380, #1750 ) ;
#1069 = DIRECTION ( 'NONE',  ( -0.000000000000000000, -1.000000000000000000, -0.000000000000000000 ) ) ;
#1070 = ADVANCED_FACE ( 'NONE', ( #1305 ), #2539, .F. ) ;
#1071 = CIRCLE ( 'NONE', #1982, 13.00000000000000178 ) ;
#1072 = CARTESIAN_POINT ( 'NONE',  ( -9.737744605601990955, -1.372957623304998043, 33.62093737768094570 ) ) ;
#1073 = AXIS2_PLACEMENT_3D ( 'NONE', #2022, #1045, #1822 ) ;
#1074 = VECTOR ( 'NONE', #43, 1000.000000000000000 ) ;
#1075 = CARTESIAN_POINT ( 'NONE',  ( 19.99999999999998579, -198.5000000000000000, 49.09999999999999432 ) ) ;
#1076 = VECTOR ( 'NONE', #637, 1000.000000000000000 ) ;
#1077 = EDGE_LOOP ( 'NONE', ( #1954, #138 ) ) ;
#1078 = FACE_OUTER_BOUND ( 'NONE', #2000, .T. ) ;
#1079 = CARTESIAN_POINT ( 'NONE',  ( 0.000000000000000000, -1.500000000000000000, 0.000000000000000000 ) ) ;
#1080 = EDGE_CURVE ( 'NONE', #2205, #344, #1515, .T. ) ;
#1081 = B_SPLINE_CURVE_WITH_KNOTS ( 'NONE', 3,
 ( #274, #1072, #1857, #88, #877, #2459 ),
 .UNSPECIFIED., .F., .F.,
 ( 4, 2, 4 ),
 ( 6.224426168076947988E-07, 0.001187034362935194490, 0.002373446283253581590 ),
 .UNSPECIFIED. ) ;
#1082 = ORIENTED_EDGE ( 'NONE', *, *, #258, .F. ) ;
#1083 = DIRECTION ( 'NONE',  ( 0.000000000000000000, 0.000000000000000000, 1.000000000000000000 ) ) ;
#1084 = ADVANCED_FACE ( 'NONE', ( #2132 ), #1529, .F. ) ;
#1085 = DIRECTION ( 'NONE',  ( 0.000000000000000000, 0.000000000000000000, -1.000000000000000000 ) ) ;
#1086 = LINE ( 'NONE', #527, #1615 ) ;
#1087 = FACE_OUTER_BOUND ( 'NONE', #552, .T. ) ;
#1088 = EDGE_LOOP ( 'NONE', ( #2293, #1580, #786, #430 ) ) ;
#1089 = ORIENTED_EDGE ( 'NONE', *, *, #2036, .F. ) ;
#1090 = DIRECTION ( 'NONE',  ( 0.000000000000000000, -0.7071067811865474617, -0.7071067811865475727 ) ) ;
#1091 = CARTESIAN_POINT ( 'NONE',  ( -12.37436867076456437, 0.9500000000000002887, 35.12436867076458924 ) ) ;
#1092 = ORIENTED_EDGE ( 'NONE', *, *, #346, .T. ) ;
#1093 = LINE ( 'NONE', #893, #235 ) ;
#1094 = ORIENTED_EDGE ( 'NONE', *, *, #425, .F. ) ;
#1095 = DIRECTION ( 'NONE',  ( 0.000000000000000000, 0.000000000000000000, -1.000000000000000000 ) ) ;
#1096 = CARTESIAN_POINT ( 'NONE',  ( 19.99999999999998579, 1.500000000000000000, -47.49999999999999289 ) ) ;
#1097 = CARTESIAN_POINT ( 'NONE',  ( 1.592040838891559293E-15, 1.500000000000000000, 12.00000000000000000 ) ) ;
#1098 = ORIENTED_EDGE ( 'NONE', *, *, #956, .T. ) ;
#1099 = DIRECTION ( 'NONE',  ( -0.000000000000000000, -1.000000000000000000, -0.000000000000000000 ) ) ;
#1100 = CIRCLE ( 'NONE', #2555, 2.249999999999998668 ) ;
#1101 = PLANE ( 'NONE',  #2100 ) ;
#1102 = DIRECTION ( 'NONE',  ( 0.000000000000000000, 0.000000000000000000, -1.000000000000000000 ) ) ;
#1103 = VECTOR ( 'NONE', #1464, 1000.000000000000000 ) ;
#1104 = EDGE_LOOP ( 'NONE', ( #1595, #34, #31, #1733 ) ) ;
#1105 = FACE_OUTER_BOUND ( 'NONE', #1491, .T. ) ;
#1106 = VECTOR ( 'NONE', #190, 1000.000000000000000 ) ;
#1107 = ADVANCED_FACE ( 'NONE', ( #173 ), #551, .F. ) ;
#1108 = VERTEX_POINT ( 'NONE', #1745 ) ;
#1109 = VECTOR ( 'NONE', #1866, 1000.000000000000000 ) ;
#1110 = CARTESIAN_POINT ( 'NONE',  ( 0.000000000000000000, -1.500000000000000000, -25.00000000000000000 ) ) ;
#1111 = CIRCLE ( 'NONE', #2308, 1.600000000000001865 ) ;
#1112 = AXIS2_PLACEMENT_3D ( 'NONE', #431, #1056, #1833 ) ;
#1113 = DIRECTION ( 'NONE',  ( -0.000000000000000000, -1.000000000000000000, -0.000000000000000000 ) ) ;
#1114 = DIRECTION ( 'NONE',  ( -0.000000000000000000, -1.000000000000000000, -0.000000000000000000 ) ) ;
#1115 = AXIS2_PLACEMENT_3D ( 'NONE', #1142, #1113, #508 ) ;
#1116 = ORIENTED_EDGE ( 'NONE', *, *, #2546, .F. ) ;
#1117 = EDGE_LOOP ( 'NONE', ( #60, #703, #1389, #627 ) ) ;
#1118 = ADVANCED_FACE ( 'NONE', ( #1357 ), #360, .F. ) ;
#1119 = AXIS2_PLACEMENT_3D ( 'NONE', #1366, #220, #354 ) ;
#1120 = CARTESIAN_POINT ( 'NONE',  ( 19.99999999999998579, -1.500000000000001332, -47.49999999999999289 ) ) ;
#1121 = DIRECTION ( 'NONE',  ( -0.000000000000000000, 1.000000000000000000, -0.000000000000000000 ) ) ;
#1122 = CIRCLE ( 'NONE', #830, 4.700000000000002842 ) ;
#1123 = CARTESIAN_POINT ( 'NONE',  ( 1.592040838891559293E-15, -1.500000000000000000, 12.00000000000000000 ) ) ;
#1124 = VERTEX_POINT ( 'NONE', #2296 ) ;
#1125 = DIRECTION ( 'NONE',  ( 0.000000000000000000, 0.000000000000000000, -1.000000000000000000 ) ) ;
#1126 = DIRECTION ( 'NONE',  ( 0.000000000000000000, 0.000000000000000000, -1.000000000000000000 ) ) ;
#1127 = ORIENTED_EDGE ( 'NONE', *, *, #2191, .F. ) ;
#1128 = FACE_OUTER_BOUND ( 'NONE', #1656, .T. ) ;
#1129 = DIRECTION ( 'NONE',  ( -0.000000000000000000, 1.000000000000000000, -0.000000000000000000 ) ) ;
#1130 = CARTESIAN_POINT ( 'NONE',  ( 0.000000000000000000, -1.500000000000000000, 25.00000000000000000 ) ) ;
#1131 = ADVANCED_FACE ( 'NONE', ( #1708 ), #767, .F. ) ;
#1132 = ORIENTED_EDGE ( 'NONE', *, *, #159, .T. ) ;
#1133 = DIRECTION ( 'NONE',  ( 0.000000000000000000, 0.000000000000000000, 1.000000000000000000 ) ) ;
#1134 = CARTESIAN_POINT ( 'NONE',  ( -25.00000000000000000, -1.500000000000000000, -60.00000000000000000 ) ) ;
#1135 = DIRECTION ( 'NONE',  ( 0.000000000000000000, 1.000000000000000000, 0.000000000000000000 ) ) ;
#1136 = EDGE_CURVE ( 'NONE', #911, #1393, #684, .T. ) ;
#1137 = VERTEX_POINT ( 'NONE', #1720 ) ;
#1138 = FACE_OUTER_BOUND ( 'NONE', #1398, .T. ) ;
#1139 = EDGE_CURVE ( 'NONE', #1827, #1616, #2527, .T. ) ;
#1140 = EDGE_LOOP ( 'NONE', ( #1255, #1241, #1560, #1211 ) ) ;
#1141 = CYLINDRICAL_SURFACE ( 'NONE', #2306, 2.149999999999995470 ) ;
#1142 = CARTESIAN_POINT ( 'NONE',  ( -12.37436867076456437, 0.9500000000000002887, -37.37436867076459635 ) ) ;
#1143 = DIRECTION ( 'NONE',  ( -0.000000000000000000, 1.000000000000000000, -0.000000000000000000 ) ) ;
#1144 = ORIENTED_EDGE ( 'NONE', *, *, #762, .T. ) ;
#1145 = ORIENTED_EDGE ( 'NONE', *, *, #702, .T. ) ;
#1146 = CARTESIAN_POINT ( 'NONE',  ( -12.37436867076456615, -1.500000000000000000, -12.62563132923546405 ) ) ;
#1147 = VERTEX_POINT ( 'NONE', #1653 ) ;
#1148 = DIRECTION ( 'NONE',  ( -0.000000000000000000, 1.000000000000000000, -0.000000000000000000 ) ) ;
#1149 = ORIENTED_EDGE ( 'NONE', *, *, #451, .T. ) ;
#1150 = VECTOR ( 'NONE', #1793, 1000.000000000000000 ) ;
#1151 = DIRECTION ( 'NONE',  ( 0.000000000000000000, 0.000000000000000000, 1.000000000000000000 ) ) ;
#1152 = EDGE_CURVE ( 'NONE', #252, #970, #1032, .T. ) ;
#1153 = CARTESIAN_POINT ( 'NONE',  ( -25.00000000000000000, 1.500000000000000000, -54.99999999999999289 ) ) ;
#1154 = CIRCLE ( 'NONE', #312, 13.00000000000000178 ) ;
#1155 = AXIS2_PLACEMENT_3D ( 'NONE', #136, #951, #1736 ) ;
#1156 = FACE_OUTER_BOUND ( 'NONE', #1961, .T. ) ;
#1157 = CIRCLE ( 'NONE', #1684, 5.000000000000000888 ) ;
#1158 = ORIENTED_EDGE ( 'NONE', *, *, #373, .F. ) ;
#1159 = ORIENTED_EDGE ( 'NONE', *, *, #1002, .T. ) ;
#1160 = CYLINDRICAL_SURFACE ( 'NONE', #156, 2.250000000000001776 ) ;
#1161 = CARTESIAN_POINT ( 'NONE',  ( -9.737744605602003389, -1.372957623305000485, -33.62093737768093860 ) ) ;
#1162 = AXIS2_PLACEMENT_3D ( 'NONE', #1312, #2097, #891 ) ;
#1163 = ORIENTED_EDGE ( 'NONE', *, *, #409, .F. ) ;
#1164 = AXIS2_PLACEMENT_3D ( 'NONE', #2034, #441, #845 ) ;
#1165 = CYLINDRICAL_SURFACE ( 'NONE', #1600, 4.999999999999997335 ) ;
#1166 = CONICAL_SURFACE ( 'NONE', #1776, 4.699999999999999289, 0.7853981633974483900 ) ;
#1167 = EDGE_CURVE ( 'NONE', #493, #1787, #1406, .T. ) ;
#1168 = VERTEX_POINT ( 'NONE', #259 ) ;
#1169 = DIRECTION ( 'NONE',  ( 0.000000000000000000, -1.000000000000000000, 0.000000000000000000 ) ) ;
#1170 = LINE ( 'NONE', #954, #2356 ) ;
#1171 = ADVANCED_FACE ( 'NONE', ( #250 ), #2418, .F. ) ;
#1172 = ORIENTED_EDGE ( 'NONE', *, *, #2050, .T. ) ;
#1173 = CARTESIAN_POINT ( 'NONE',  ( 12.37436867076456437, -1.500000000000000000, 32.67436867076459350 ) ) ;
#1174 = ORIENTED_EDGE ( 'NONE', *, *, #2074, .T. ) ;
#1175 = CARTESIAN_POINT ( 'NONE',  ( 12.37436867076456437, 0.9500000000000002887, -37.37436867076459635 ) ) ;
#1176 = CARTESIAN_POINT ( 'NONE',  ( 8.620937377680910174, -1.372957623304999153, 34.73774460560201760 ) ) ;
#1177 = LINE ( 'NONE', #1536, #1855 ) ;
#1178 = ORIENTED_EDGE ( 'NONE', *, *, #1644, .F. ) ;
#1179 = DIRECTION ( 'NONE',  ( -0.000000000000000000, -1.000000000000000000, -0.000000000000000000 ) ) ;
#1180 = EDGE_LOOP ( 'NONE', ( #198, #801, #2375, #2047, #2028, #1098 ) ) ;
#1181 = DIRECTION ( 'NONE',  ( 0.000000000000000000, 1.000000000000000000, 0.000000000000000000 ) ) ;
#1182 = VERTEX_POINT ( 'NONE', #1274 ) ;
#1183 = DIRECTION ( 'NONE',  ( 0.000000000000000000, 0.000000000000000000, 1.000000000000000000 ) ) ;
#1184 = DIRECTION ( 'NONE',  ( 0.000000000000000000, 0.000000000000000000, -1.000000000000000000 ) ) ;
#1185 = VERTEX_POINT ( 'NONE', #1824 ) ;
#1186 = LINE ( 'NONE', #1363, #1150 ) ;
#1187 = DIRECTION ( 'NONE',  ( 0.000000000000000000, -1.000000000000000000, 0.000000000000000000 ) ) ;
#1188 = LINE ( 'NONE', #1972, #247 ) ;
#1189 = ORIENTED_EDGE ( 'NONE', *, *, #409, .T. ) ;
#1190 = DIRECTION ( 'NONE',  ( -0.000000000000000000, -1.000000000000000000, -0.000000000000000000 ) ) ;
#1191 = ORIENTED_EDGE ( 'NONE', *, *, #55, .T. ) ;
#1192 = FACE_BOUND ( 'NONE', #1067, .T. ) ;
#1193 = EDGE_CURVE ( 'NONE', #1108, #1147, #1065, .T. ) ;
#1194 = AXIS2_PLACEMENT_3D ( 'NONE', #2065, #1291, #1647 ) ;
#1195 = ORIENTED_EDGE ( 'NONE', *, *, #1690, .T. ) ;
#1196 = DIRECTION ( 'NONE',  ( -0.000000000000000000, -1.000000000000000000, -0.000000000000000000 ) ) ;
#1197 = CARTESIAN_POINT ( 'NONE',  ( 12.37436867076456259, -1.500000000000000000, 12.62563132923547116 ) ) ;
#1198 = AXIS2_PLACEMENT_3D ( 'NONE', #548, #1148, #1352 ) ;
#1199 = EDGE_CURVE ( 'NONE', #56, #2124, #2231, .T. ) ;
#1200 = LINE ( 'NONE', #573, #689 ) ;
#1201 = ORIENTED_EDGE ( 'NONE', *, *, #1746, .T. ) ;
#1202 = DIRECTION ( 'NONE',  ( -0.000000000000000000, -1.000000000000000000, 0.000000000000000000 ) ) ;
#1203 = CARTESIAN_POINT ( 'NONE',  ( -30.25000000000000000, -1.499999999999999556, -11.17207116703500347 ) ) ;
#1204 = CARTESIAN_POINT ( 'NONE',  ( -9.981075724962016338, -1.500000000000000000, -33.32935335860917547 ) ) ;
#1205 = VECTOR ( 'NONE', #2114, 1000.000000000000000 ) ;
#1206 = EDGE_CURVE ( 'NONE', #2432, #2496, #2219, .T. ) ;
#1207 = EDGE_LOOP ( 'NONE', ( #1046, #2385 ) ) ;
#1208 = CIRCLE ( 'NONE', #2482, 2.249999999999998668 ) ;
#1209 = PLANE ( 'NONE',  #2436 ) ;
#1210 = AXIS2_PLACEMENT_3D ( 'NONE', #559, #590, #969 ) ;
#1211 = ORIENTED_EDGE ( 'NONE', *, *, #1801, .F. ) ;
#1212 = DIRECTION ( 'NONE',  ( 0.000000000000000000, 0.000000000000000000, -1.000000000000000000 ) ) ;
#1213 = EDGE_CURVE ( 'NONE', #1182, #972, #863, .T. ) ;
#1214 = CIRCLE ( 'NONE', #614, 4.700000000000002842 ) ;
#1215 = EDGE_LOOP ( 'NONE', ( #1742, #2199, #1144, #1258 ) ) ;
#1216 = DIRECTION ( 'NONE',  ( -0.000000000000000000, -1.000000000000000000, -0.000000000000000000 ) ) ;
#1217 = ORIENTED_EDGE ( 'NONE', *, *, #1413, .T. ) ;
#1218 = CYLINDRICAL_SURFACE ( 'NONE', #310, 1.599999999999997202 ) ;
#1219 = DIRECTION ( 'NONE',  ( 8.659560562354934091E-17, -0.7071067811865474617, 0.7071067811865475727 ) ) ;
#1220 = CARTESIAN_POINT ( 'NONE',  ( 0.000000000000000000, 1.500000000000000000, 38.00000000000000711 ) ) ;
#1221 = VERTEX_POINT ( 'NONE', #2061 ) ;
#1222 = CARTESIAN_POINT ( 'NONE',  ( -12.37436867076456437, 1.500000000000000000, -35.12436867076458924 ) ) ;
#1223 = VERTEX_POINT ( 'NONE', #1242 ) ;
#1224 = FACE_BOUND ( 'NONE', #1613, .T. ) ;
#1225 = ORIENTED_EDGE ( 'NONE', *, *, #2119, .T. ) ;
#1226 = ORIENTED_EDGE ( 'NONE', *, *, #2005, .T. ) ;
#1227 = CARTESIAN_POINT ( 'NONE',  ( -12.37436867076456615, -1.500000000000000000, -12.62563132923546405 ) ) ;
#1228 = DIRECTION ( 'NONE',  ( -0.000000000000000000, -1.000000000000000000, -0.000000000000000000 ) ) ;
#1229 = EDGE_CURVE ( 'NONE', #1147, #2490, #2026, .T. ) ;
#1230 = ORIENTED_EDGE ( 'NONE', *, *, #2144, .T. ) ;
#1231 = LINE ( 'NONE', #1394, #1679 ) ;
#1232 = DIRECTION ( 'NONE',  ( 0.000000000000000000, 1.000000000000000000, -0.000000000000000000 ) ) ;
#1233 = ORIENTED_EDGE ( 'NONE', *, *, #1588, .F. ) ;
#1234 = CARTESIAN_POINT ( 'NONE',  ( -12.37436867076456615, -1.500000000000000000, 12.62563132923546405 ) ) ;
#1235 = EDGE_CURVE ( 'NONE', #1608, #2077, #1111, .T. ) ;
#1236 = CLOSED_SHELL ( 'NONE', ( #238, #1051, #851, #2159, #2566, #132, #1171, #2457, #2198, #948, #484, #809, #2333, #765, #314, #1570, #84, #549, #1829, #922, #1277, #2261, #2162, #516, #2046, #1107, #2380, #1118, #1502, #695, #1403, #299, #1709, #1970, #2312, #1070, #733, #2541, #1605, #2505, #2460, #1131, #1881, #2510, #2291, #2225, #1913, #363, #718, #1386, #667, #95, #907, #530, #127, #1805, #1466, #2104, #511, #620, #303, #1388, #1420, #581, #52, #546, #1250, #341, #1084, #1936 ) ) ;
#1237 = ORIENTED_EDGE ( 'NONE', *, *, #1006, .F. ) ;
#1238 = DIRECTION ( 'NONE',  ( 0.000000000000000000, 0.000000000000000000, -1.000000000000000000 ) ) ;
#1239 = CARTESIAN_POINT ( 'NONE',  ( 0.000000000000000000, -1.500000000000000000, 38.00000000000000711 ) ) ;
#1240 = CIRCLE ( 'NONE', #1978, 1.599999999999997202 ) ;
#1241 = ORIENTED_EDGE ( 'NONE', *, *, #1585, .F. ) ;
#1242 = CARTESIAN_POINT ( 'NONE',  ( 12.37436867076456259, 1.500000000000000000, -10.37563132923547116 ) ) ;
#1243 = DIRECTION ( 'NONE',  ( 0.000000000000000000, 0.000000000000000000, -1.000000000000000000 ) ) ;
#1244 = CARTESIAN_POINT ( 'NONE',  ( 19.99999999999998579, -198.5000000000000000, 47.49999999999999289 ) ) ;
#1245 = ORIENTED_EDGE ( 'NONE', *, *, #1574, .F. ) ;
#1246 = DIRECTION ( 'NONE',  ( 0.000000000000000000, 0.000000000000000000, 1.000000000000000000 ) ) ;
#1247 = EDGE_CURVE ( 'NONE', #2035, #612, #1256, .T. ) ;
#1248 = CIRCLE ( 'NONE', #2398, 2.250000000000001776 ) ;
#1249 = AXIS2_PLACEMENT_3D ( 'NONE', #480, #155, #1732 ) ;
#1250 = ADVANCED_FACE ( 'NONE', ( #1078 ), #2453, .T. ) ;
#1251 = CIRCLE ( 'NONE', #2238, 1.599999999999997202 ) ;
#1252 = EDGE_LOOP ( 'NONE', ( #1598, #1217, #9, #1127 ) ) ;
#1253 = CARTESIAN_POINT ( 'NONE',  ( -12.37436867076456437, 1.500000000000000000, 37.37436867076459635 ) ) ;
#1254 = UNCERTAINTY_MEASURE_WITH_UNIT (LENGTH_MEASURE( 1.000000000000000082E-05 ), #2275, 'distance_accuracy_value', 'NONE');
#1255 = ORIENTED_EDGE ( 'NONE', *, *, #702, .F. ) ;
#1256 = LINE ( 'NONE', #1265, #1322 ) ;
#1257 = DIRECTION ( 'NONE',  ( -0.000000000000000000, 1.000000000000000000, -0.000000000000000000 ) ) ;
#1258 = ORIENTED_EDGE ( 'NONE', *, *, #886, .T. ) ;
#1259 = CARTESIAN_POINT ( 'NONE',  ( -20.00000000000000000, -1.500000000000000000, -60.00000000000000000 ) ) ;
#1260 = LINE ( 'NONE', #2041, #1109 ) ;
#1261 = CARTESIAN_POINT ( 'NONE',  ( -19.99999999999998579, 1.500000000000000000, 47.49999999999999289 ) ) ;
#1262 = CARTESIAN_POINT ( 'NONE',  ( -20.00000000000000000, 1.500000000000000000, -54.99999999999999289 ) ) ;
#1263 = CARTESIAN_POINT ( 'NONE',  ( -25.00000000000000000, -1.500000000000000000, -54.99999999999999289 ) ) ;
#1264 = ORIENTED_EDGE ( 'NONE', *, *, #526, .T. ) ;
#1265 = CARTESIAN_POINT ( 'NONE',  ( 19.99999999999998579, -198.5000000000000000, -45.89999999999999858 ) ) ;
#1266 = CARTESIAN_POINT ( 'NONE',  ( -19.99999999999998579, -1.500000000000001332, -47.49999999999999289 ) ) ;
#1267 = VERTEX_POINT ( 'NONE', #1486 ) ;
#1268 = CARTESIAN_POINT ( 'NONE',  ( 25.00000000000000000, 1.500000000000000000, 55.00000000000000000 ) ) ;
#1269 = DIRECTION ( 'NONE',  ( -0.000000000000000000, -1.000000000000000000, -0.000000000000000000 ) ) ;
#1270 = CARTESIAN_POINT ( 'NONE',  ( 12.37436867076456437, -1.500000000000000000, -37.37436867076459635 ) ) ;
#1271 = EDGE_CURVE ( 'NONE', #1892, #2536, #512, .T. ) ;
#1272 = EDGE_LOOP ( 'NONE', ( #596, #1509, #1494, #2506 ) ) ;
#1273 = AXIS2_PLACEMENT_3D ( 'NONE', #2386, #1749, #599 ) ;
#1274 = CARTESIAN_POINT ( 'NONE',  ( -19.99999999999998579, 1.500000000000000000, 49.09999999999999432 ) ) ;
#1275 = FACE_BOUND ( 'NONE', #2378, .T. ) ;
#1276 = AXIS2_PLACEMENT_3D ( 'NONE', #521, #134, #345 ) ;
#1277 = ADVANCED_FACE ( 'NONE', ( #490 ), #2354, .F. ) ;
#1278 = VERTEX_POINT ( 'NONE', #1677 ) ;
#1279 = CIRCLE ( 'NONE', #982, 2.250000000000001776 ) ;
#1280 = CARTESIAN_POINT ( 'NONE',  ( 25.00000000000000000, -1.500000000000000000, 60.00000000000000000 ) ) ;
#1281 = AXIS2_PLACEMENT_3D ( 'NONE', #1033, #607, #2070 ) ;
#1282 = DIRECTION ( 'NONE',  ( 0.000000000000000000, -1.000000000000000000, 0.000000000000000000 ) ) ;
#1283 = AXIS2_PLACEMENT_3D ( 'NONE', #1040, #1842, #2424 ) ;
#1284 = AXIS2_PLACEMENT_3D ( 'NONE', #1096, #148, #1725 ) ;
#1285 = DIRECTION ( 'NONE',  ( 0.000000000000000000, 0.000000000000000000, -1.000000000000000000 ) ) ;
#1286 = CIRCLE ( 'NONE', #83, 4.700000000000002842 ) ;
#1287 = ORIENTED_EDGE ( 'NONE', *, *, #346, .F. ) ;
#1288 = CARTESIAN_POINT ( 'NONE',  ( -19.99999999999997868, 1.500000000000000000, 1.600000000000001865 ) ) ;
#1289 = DIRECTION ( 'NONE',  ( 0.000000000000000000, 1.000000000000000000, 0.000000000000000000 ) ) ;
#1290 = EDGE_LOOP ( 'NONE', ( #2071, #286 ) ) ;
#1291 = DIRECTION ( 'NONE',  ( -0.000000000000000000, -1.000000000000000000, -0.000000000000000000 ) ) ;
#1292 = ORIENTED_EDGE ( 'NONE', *, *, #956, .F. ) ;
#1293 = DIRECTION ( 'NONE',  ( 0.000000000000000000, 0.000000000000000000, -1.000000000000000000 ) ) ;
#1294 = B_SPLINE_CURVE_WITH_KNOTS ( 'NONE', 3,
 ( #1204, #1161, #1579, #1012, #602, #1350 ),
 .UNSPECIFIED., .F., .F.,
 ( 4, 2, 4 ),
 ( 6.224426167902741898E-07, 0.001187034362935186684, 0.002373446283253583325 ),
 .UNSPECIFIED. ) ;
#1295 = CARTESIAN_POINT ( 'NONE',  ( 12.37436867076456259, -1.500000000000000000, 12.62563132923547116 ) ) ;
#1296 = VERTEX_POINT ( 'NONE', #706 ) ;
#1297 = CARTESIAN_POINT ( 'NONE',  ( 12.37436867076456259, 0.9500000000000002887, -12.62563132923547116 ) ) ;
#1298 = DIRECTION ( 'NONE',  ( 0.000000000000000000, 0.000000000000000000, -1.000000000000000000 ) ) ;
#1299 = DIRECTION ( 'NONE',  ( 0.000000000000000000, 0.000000000000000000, -1.000000000000000000 ) ) ;
#1300 = ORIENTED_EDGE ( 'NONE', *, *, #2001, .F. ) ;
#1301 = DIRECTION ( 'NONE',  ( 0.000000000000000000, 0.000000000000000000, -1.000000000000000000 ) ) ;
#1302 = EDGE_CURVE ( 'NONE', #403, #2173, #1157, .T. ) ;
#1303 = DIRECTION ( 'NONE',  ( 0.000000000000000000, 0.000000000000000000, -1.000000000000000000 ) ) ;
#1304 = ORIENTED_EDGE ( 'NONE', *, *, #1339, .T. ) ;
#1305 = FACE_OUTER_BOUND ( 'NONE', #1215, .T. ) ;
#1306 = EDGE_CURVE ( 'NONE', #1758, #547, #929, .T. ) ;
#1307 = DIRECTION ( 'NONE',  ( -0.000000000000000000, -1.000000000000000000, -0.000000000000000000 ) ) ;
#1308 = EDGE_LOOP ( 'NONE', ( #482, #1555, #1989, #901 ) ) ;
#1309 = VERTEX_POINT ( 'NONE', #1288 ) ;
#1310 = CIRCLE ( 'NONE', #1974, 2.250000000000001776 ) ;
#1311 = CARTESIAN_POINT ( 'NONE',  ( 12.37436867076456437, -1.500000000000000000, -37.37436867076459635 ) ) ;
#1312 = CARTESIAN_POINT ( 'NONE',  ( 12.37436867076456259, 0.9500000000000002887, -12.62563132923547116 ) ) ;
#1313 = AXIS2_PLACEMENT_3D ( 'NONE', #1781, #813, #2194 ) ;
#1314 = LINE ( 'NONE', #1123, #1984 ) ;
#1315 = VERTEX_POINT ( 'NONE', #332 ) ;
#1316 = DIRECTION ( 'NONE',  ( 0.000000000000000000, -1.000000000000000000, 0.000000000000000000 ) ) ;
#1317 = VECTOR ( 'NONE', #1219, 1000.000000000000000 ) ;
#1318 = EDGE_LOOP ( 'NONE', ( #464, #142, #1028, #1897, #412, #2052 ) ) ;
#1319 = CIRCLE ( 'NONE', #1155, 1.599999999999997202 ) ;
#1320 = EDGE_CURVE ( 'NONE', #248, #2035, #117, .T. ) ;
#1321 = CARTESIAN_POINT ( 'NONE',  ( 19.99999999999998579, -1.500000000000001332, 45.89999999999999858 ) ) ;
#1322 = VECTOR ( 'NONE', #2048, 1000.000000000000000 ) ;
#1323 = EDGE_CURVE ( 'NONE', #533, #1278, #1763, .T. ) ;
#1324 = DIRECTION ( 'NONE',  ( -0.000000000000000000, -1.000000000000000000, -0.000000000000000000 ) ) ;
#1325 = CIRCLE ( 'NONE', #2235, 4.999999999999997335 ) ;
#1326 = ORIENTED_EDGE ( 'NONE', *, *, #1206, .T. ) ;
#1327 = ORIENTED_EDGE ( 'NONE', *, *, #147, .F. ) ;
#1328 = AXIS2_PLACEMENT_3D ( 'NONE', #2091, #2080, #713 ) ;
#1329 = LINE ( 'NONE', #544, #985 ) ;
#1330 = DIRECTION ( 'NONE',  ( -0.000000000000000000, -1.000000000000000000, -0.000000000000000000 ) ) ;
#1331 = ORIENTED_EDGE ( 'NONE', *, *, #269, .T. ) ;
#1332 = DIRECTION ( 'NONE',  ( 0.000000000000000000, 0.000000000000000000, -1.000000000000000000 ) ) ;
#1333 = ORIENTED_EDGE ( 'NONE', *, *, #1323, .F. ) ;
#1334 = DIRECTION ( 'NONE',  ( 0.000000000000000000, 0.000000000000000000, 1.000000000000000000 ) ) ;
#1335 = EDGE_LOOP ( 'NONE', ( #1292, #2169, #1871, #805, #1905, #459, #2202, #2139, #1544, #2425, #555, #1092, #2334, #1371, #1792, #12, #1374, #157 ) ) ;
#1336 = ORIENTED_EDGE ( 'NONE', *, *, #862, .T. ) ;
#1337 = FACE_OUTER_BOUND ( 'NONE', #528, .T. ) ;
#1338 = CYLINDRICAL_SURFACE ( 'NONE', #868, 13.00000000000000178 ) ;
#1339 = EDGE_CURVE ( 'NONE', #882, #895, #2503, .T. ) ;
#1340 = ORIENTED_EDGE ( 'NONE', *, *, #1271, .F. ) ;
#1341 = DIRECTION ( 'NONE',  ( 0.000000000000000000, 0.000000000000000000, 1.000000000000000000 ) ) ;
#1342 = VERTEX_POINT ( 'NONE', #90 ) ;
#1343 = CARTESIAN_POINT ( 'NONE',  ( -30.25000000000000711, 1.500000000000000000, 11.17207116703499992 ) ) ;
#1344 = LINE ( 'NONE', #1153, #1564 ) ;
#1345 = FACE_OUTER_BOUND ( 'NONE', #1117, .T. ) ;
#1346 = ORIENTED_EDGE ( 'NONE', *, *, #1867, .T. ) ;
#1347 = LINE ( 'NONE', #2125, #2431 ) ;
#1348 = CARTESIAN_POINT ( 'NONE',  ( -12.37436867076456615, -1.500000000000000000, 14.87563132923546227 ) ) ;
#1349 = EDGE_CURVE ( 'NONE', #781, #1673, #1071, .T. ) ;
#1350 = CARTESIAN_POINT ( 'NONE',  ( -8.329353358609152380, -1.500000000000000000, -34.98107572496203233 ) ) ;
#1351 = ORIENTED_EDGE ( 'NONE', *, *, #2423, .F. ) ;
#1352 = DIRECTION ( 'NONE',  ( -6.938893903907232322E-16, 0.000000000000000000, -1.000000000000000000 ) ) ;
#1353 = EDGE_CURVE ( 'NONE', #2532, #455, #479, .T. ) ;
#1354 = CIRCLE ( 'NONE', #1549, 1.600000000000001865 ) ;
#1355 = ORIENTED_EDGE ( 'NONE', *, *, #1433, .F. ) ;
#1356 = AXIS2_PLACEMENT_3D ( 'NONE', #6, #415, #1767 ) ;
#1357 = FACE_OUTER_BOUND ( 'NONE', #1659, .T. ) ;
#1358 = AXIS2_PLACEMENT_3D ( 'NONE', #1535, #1187, #178 ) ;
#1359 = CIRCLE ( 'NONE', #560, 2.250000000000001776 ) ;
#1360 = CARTESIAN_POINT ( 'NONE',  ( 19.99999999999997868, -198.5000000000000000, -1.600000000000001865 ) ) ;
#1361 = AXIS2_PLACEMENT_3D ( 'NONE', #673, #1649, #2273 ) ;
#1362 = ORIENTED_EDGE ( 'NONE', *, *, #1520, .T. ) ;
#1363 = CARTESIAN_POINT ( 'NONE',  ( -20.00000000000000000, 1.500000000000000000, -60.00000000000000000 ) ) ;
#1364 = CARTESIAN_POINT ( 'NONE',  ( 8.329353358609154157, -1.500000000000000000, -34.98107572496203233 ) ) ;
#1365 = PRODUCT_DEFINITION_FORMATION_WITH_SPECIFIED_SOURCE ( 'ANY', '', #1517, .NOT_KNOWN. ) ;
#1366 = CARTESIAN_POINT ( 'NONE',  ( -12.37436867076456437, 0.9500000000000002887, 37.37436867076459635 ) ) ;
#1367 = CIRCLE ( 'NONE', #2148, 13.00000000000000178 ) ;
#1368 = ORIENTED_EDGE ( 'NONE', *, *, #2383, .T. ) ;
#1369 = AXIS2_PLACEMENT_3D ( 'NONE', #1472, #1919, #694 ) ;
#1370 = CARTESIAN_POINT ( 'NONE',  ( -19.99999999999997868, -1.500000000000001332, -1.600000000000001865 ) ) ;
#1371 = ORIENTED_EDGE ( 'NONE', *, *, #2303, .F. ) ;
#1372 = CARTESIAN_POINT ( 'NONE',  ( 9.475960372395594078, -1.299963615442089271, -16.09117083012198535 ) ) ;
#1373 = EDGE_CURVE ( 'NONE', #1877, #170, #1666, .T. ) ;
#1374 = ORIENTED_EDGE ( 'NONE', *, *, #1922, .F. ) ;
#1375 = CARTESIAN_POINT ( 'NONE',  ( -12.37436867076456437, 0.9500000000000002887, 37.37436867076459635 ) ) ;
#1376 = CARTESIAN_POINT ( 'NONE',  ( -9.981075724962009232, -1.500000000000000000, 33.32935335860918968 ) ) ;
#1377 = ORIENTED_EDGE ( 'NONE', *, *, #121, .T. ) ;
#1378 = CARTESIAN_POINT ( 'NONE',  ( 0.000000000000000000, -1.500000000000000000, -16.00000000000000000 ) ) ;
#1379 = CARTESIAN_POINT ( 'NONE',  ( -12.37436867076456437, -1.500000000000000000, 37.37436867076459635 ) ) ;
#1380 = DIRECTION ( 'NONE',  ( 0.000000000000000000, 0.000000000000000000, -1.000000000000000000 ) ) ;
#1381 = VERTEX_POINT ( 'NONE', #2096 ) ;
#1382 = EDGE_CURVE ( 'NONE', #1674, #1393, #824, .T. ) ;
#1383 = CARTESIAN_POINT ( 'NONE',  ( 8.620911329698429881, -1.372968972341205074, 15.26223365697644496 ) ) ;
#1384 = VERTEX_POINT ( 'NONE', #130 ) ;
#1385 = CARTESIAN_POINT ( 'NONE',  ( -30.25000000000000000, 1.500000000000000000, -6.872071167035004535 ) ) ;
#1386 = ADVANCED_FACE ( 'NONE', ( #693 ), #1872, .F. ) ;
#1387 = LINE ( 'NONE', #1360, #2110 ) ;
#1388 = ADVANCED_FACE ( 'NONE', ( #1703 ), #1101, .T. ) ;
#1389 = ORIENTED_EDGE ( 'NONE', *, *, #266, .T. ) ;
#1390 = CARTESIAN_POINT ( 'NONE',  ( -12.37436867076456437, -1.500000000000000000, 42.07436867076459919 ) ) ;
#1391 = CARTESIAN_POINT ( 'NONE',  ( 19.99999999999999645, 1.500000000000000000, 60.00000000000000000 ) ) ;
#1392 = DIRECTION ( 'NONE',  ( -1.000000000000000000, -0.000000000000000000, -0.000000000000000000 ) ) ;
#1393 = VERTEX_POINT ( 'NONE', #1507 ) ;
#1394 = CARTESIAN_POINT ( 'NONE',  ( -12.37436867076456437, -1.500000000000000000, -32.67436867076459350 ) ) ;
#1395 = ORIENTED_EDGE ( 'NONE', *, *, #2423, .T. ) ;
#1396 = DIRECTION ( 'NONE',  ( 0.000000000000000000, 0.000000000000000000, 1.000000000000000000 ) ) ;
#1397 = VECTOR ( 'NONE', #2372, 1000.000000000000000 ) ;
#1398 = EDGE_LOOP ( 'NONE', ( #2152, #2485, #1336, #1874 ) ) ;
#1399 = DIRECTION ( 'NONE',  ( 0.000000000000000000, 0.000000000000000000, -1.000000000000000000 ) ) ;
#1400 = AXIS2_PLACEMENT_3D ( 'NONE', #1730, #2154, #2136 ) ;
#1401 = ORIENTED_EDGE ( 'NONE', *, *, #744, .F. ) ;
#1402 = CARTESIAN_POINT ( 'NONE',  ( 12.37436867076456437, -1.500000000000000000, -42.07436867076459919 ) ) ;
#1403 = ADVANCED_FACE ( 'NONE', ( #1337 ), #2126, .F. ) ;
#1404 = CARTESIAN_POINT ( 'NONE',  ( -8.329353358609100866, -1.500000000000000000, 15.01892427503792149 ) ) ;
#1405 = DIRECTION ( 'NONE',  ( 0.000000000000000000, 0.000000000000000000, -1.000000000000000000 ) ) ;
#1406 = CIRCLE ( 'NONE', #939, 2.249999999999998668 ) ;
#1407 = ORIENTED_EDGE ( 'NONE', *, *, #742, .T. ) ;
#1408 = VECTOR ( 'NONE', #2441, 1000.000000000000000 ) ;
#1409 = DIRECTION ( 'NONE',  ( 0.000000000000000000, 0.000000000000000000, -1.000000000000000000 ) ) ;
#1410 = VERTEX_POINT ( 'NONE', #515 ) ;
#1411 = FACE_BOUND ( 'NONE', #228, .T. ) ;
#1412 = ORIENTED_EDGE ( 'NONE', *, *, #114, .F. ) ;
#1413 = EDGE_CURVE ( 'NONE', #1009, #2124, #1329, .T. ) ;
#1414 = ORIENTED_EDGE ( 'NONE', *, *, #1878, .F. ) ;
#1415 = DIRECTION ( 'NONE',  ( -0.000000000000000000, -1.000000000000000000, -0.000000000000000000 ) ) ;
#1416 = CARTESIAN_POINT ( 'NONE',  ( -12.37436867076456437, 0.9500000000000002887, -37.37436867076459635 ) ) ;
#1417 = DIRECTION ( 'NONE',  ( -0.000000000000000000, 1.000000000000000000, -0.000000000000000000 ) ) ;
#1418 = ORIENTED_EDGE ( 'NONE', *, *, #2317, .T. ) ;
#1419 = CARTESIAN_POINT ( 'NONE',  ( 9.737744605602074444, -1.372957623304969621, 16.37906262231914312 ) ) ;
#1420 = ADVANCED_FACE ( 'NONE', ( #1901 ), #2368, .F. ) ;
#1421 = ORIENTED_EDGE ( 'NONE', *, *, #221, .T. ) ;
#1422 = DIRECTION ( 'NONE',  ( 0.000000000000000000, 0.000000000000000000, -1.000000000000000000 ) ) ;
#1423 = EDGE_LOOP ( 'NONE', ( #1811, #2218, #519, #2463 ) ) ;
#1424 =( NAMED_UNIT ( * ) PLANE_ANGLE_UNIT ( ) SI_UNIT ( $, .RADIAN. ) );
#1425 = ORIENTED_EDGE ( 'NONE', *, *, #2239, .T. ) ;
#1426 = CYLINDRICAL_SURFACE ( 'NONE', #478, 1.599999999999997202 ) ;
#1427 = ORIENTED_EDGE ( 'NONE', *, *, #2178, .T. ) ;
#1428 = EDGE_CURVE ( 'NONE', #217, #895, #399, .T. ) ;
#1429 = DIRECTION ( 'NONE',  ( -0.000000000000000000, -0.000000000000000000, 1.000000000000000000 ) ) ;
#1430 = DIRECTION ( 'NONE',  ( 0.000000000000000000, -1.000000000000000000, 0.000000000000000000 ) ) ;
#1431 = EDGE_LOOP ( 'NONE', ( #1772, #195, #1931, #1576 ) ) ;
#1432 = FACE_OUTER_BOUND ( 'NONE', #2515, .T. ) ;
#1433 = EDGE_CURVE ( 'NONE', #756, #970, #1722, .T. ) ;
#1434 = AXIS2_PLACEMENT_3D ( 'NONE', #184, #2412, #2422 ) ;
#1435 = ORIENTED_EDGE ( 'NONE', *, *, #1572, .T. ) ;
#1436 = AXIS2_PLACEMENT_3D ( 'NONE', #2483, #1716, #2537 ) ;
#1437 = DIRECTION ( 'NONE',  ( 0.000000000000000000, 0.000000000000000000, -1.000000000000000000 ) ) ;
#1438 = AXIS2_PLACEMENT_3D ( 'NONE', #2177, #2387, #2331 ) ;
#1439 = EDGE_LOOP ( 'NONE', ( #2350, #2099, #1333, #2545 ) ) ;
#1440 = DIRECTION ( 'NONE',  ( 0.000000000000000000, -1.000000000000000000, 0.000000000000000000 ) ) ;
#1441 = AXIS2_PLACEMENT_3D ( 'NONE', #1641, #1814, #465 ) ;
#1442 =( GEOMETRIC_REPRESENTATION_CONTEXT ( 3 ) GLOBAL_UNCERTAINTY_ASSIGNED_CONTEXT ( ( #2276 ) ) GLOBAL_UNIT_ASSIGNED_CONTEXT ( ( #852, #413, #1626 ) ) REPRESENTATION_CONTEXT ( 'NONE', 'WORKASPACE' ) );
#1443 = ORIENTED_EDGE ( 'NONE', *, *, #639, .F. ) ;
#1444 = CARTESIAN_POINT ( 'NONE',  ( -12.37436867076456437, -1.500000000000000000, -42.07436867076459919 ) ) ;
#1445 = AXIS2_PLACEMENT_3D ( 'NONE', #421, #1642, #457 ) ;
#1446 =( LENGTH_UNIT ( ) NAMED_UNIT ( * ) SI_UNIT ( .MILLI., .METRE. ) );
#1447 = AXIS2_PLACEMENT_3D ( 'NONE', #376, #2327, #800 ) ;
#1448 = EDGE_CURVE ( 'NONE', #206, #631, #730, .T. ) ;
#1449 = ORIENTED_EDGE ( 'NONE', *, *, #913, .T. ) ;
#1450 = DIRECTION ( 'NONE',  ( -0.000000000000000000, -1.000000000000000000, -0.000000000000000000 ) ) ;
#1451 = VERTEX_POINT ( 'NONE', #487 ) ;
#1452 = FACE_BOUND ( 'NONE', #1806, .T. ) ;
#1453 = EDGE_CURVE ( 'NONE', #1384, #1710, #2079, .T. ) ;
#1454 = DIRECTION ( 'NONE',  ( 0.000000000000000000, 0.000000000000000000, -1.000000000000000000 ) ) ;
#1455 = EDGE_CURVE ( 'NONE', #2209, #1616, #2063, .T. ) ;
#1456 = CYLINDRICAL_SURFACE ( 'NONE', #2473, 2.250000000000001776 ) ;
#1457 = PRESENTATION_STYLE_ASSIGNMENT (( #1995 ) ) ;
#1458 = EDGE_CURVE ( 'NONE', #2129, #1309, #2397, .T. ) ;
#1459 = CARTESIAN_POINT ( 'NONE',  ( -30.00000000000000355, -1.500000000000000000, -16.00000000000000000 ) ) ;
#1460 = CARTESIAN_POINT ( 'NONE',  ( 25.00000000000000000, 1.500000000000000000, -54.99999999999999289 ) ) ;
#1461 = ORIENTED_EDGE ( 'NONE', *, *, #1453, .T. ) ;
#1462 = FACE_BOUND ( 'NONE', #2406, .T. ) ;
#1463 = ORIENTED_EDGE ( 'NONE', *, *, #121, .F. ) ;
#1464 = DIRECTION ( 'NONE',  ( 0.000000000000000000, 1.000000000000000000, -0.000000000000000000 ) ) ;
#1465 = CARTESIAN_POINT ( 'NONE',  ( -30.25000000000000711, 1.500000000000000000, 9.022071167035003114 ) ) ;
#1466 = ADVANCED_FACE ( 'NONE', ( #1087 ), #1869, .F. ) ;
#1467 = DIRECTION ( 'NONE',  ( 0.000000000000000000, 0.000000000000000000, -1.000000000000000000 ) ) ;
#1468 = EDGE_CURVE ( 'NONE', #1861, #1384, #1810, .T. ) ;
#1469 = EDGE_LOOP ( 'NONE', ( #513, #2214, #1395, #1116 ) ) ;
#1470 = AXIS2_PLACEMENT_3D ( 'NONE', #262, #1697, #1125 ) ;
#1471 = DIRECTION ( 'NONE',  ( 0.000000000000000000, 0.000000000000000000, -1.000000000000000000 ) ) ;
#1472 = CARTESIAN_POINT ( 'NONE',  ( 0.000000000000000000, -1.500000000000000000, 25.00000000000000000 ) ) ;
#1473 = AXIS2_PLACEMENT_3D ( 'NONE', #2507, #720, #2494 ) ;
#1474 = ORIENTED_EDGE ( 'NONE', *, *, #2297, .F. ) ;
#1475 = AXIS2_PLACEMENT_3D ( 'NONE', #1110, #1516, #725 ) ;
#1476 = DIRECTION ( 'NONE',  ( 0.000000000000000000, 1.000000000000000000, 0.000000000000000000 ) ) ;
#1477 = AXIS2_PLACEMENT_3D ( 'NONE', #2508, #2102, #1126 ) ;
#1478 = CARTESIAN_POINT ( 'NONE',  ( 19.99999999999998579, -198.5000000000000000, -49.09999999999999432 ) ) ;
#1479 = AXIS2_PLACEMENT_3D ( 'NONE', #1261, #1216, #829 ) ;
#1480 = AXIS2_PLACEMENT_3D ( 'NONE', #1543, #2339, #1184 ) ;
#1481 = AXIS2_PLACEMENT_3D ( 'NONE', #1262, #2440, #869 ) ;
#1482 = FACE_OUTER_BOUND ( 'NONE', #1423, .T. ) ;
#1483 = AXIS2_PLACEMENT_3D ( 'NONE', #1130, #686, #729 ) ;
#1484 = EDGE_LOOP ( 'NONE', ( #330, #2381, #986, #244 ) ) ;
#1485 = CARTESIAN_POINT ( 'NONE',  ( -30.00000000000000355, 1.500000000000000000, 16.00000000000000000 ) ) ;
#1486 = CARTESIAN_POINT ( 'NONE',  ( -12.37436867076456437, -1.500000000000000000, 42.07436867076459919 ) ) ;
#1487 = CARTESIAN_POINT ( 'NONE',  ( 1.592040838891559293E-15, -1.500000000000000000, 12.00000000000000000 ) ) ;
#1488 = ORIENTED_EDGE ( 'NONE', *, *, #391, .T. ) ;
#1489 = DIRECTION ( 'NONE',  ( -0.000000000000000000, -1.000000000000000000, -0.000000000000000000 ) ) ;
#1490 = EDGE_CURVE ( 'NONE', #1055, #1635, #535, .T. ) ;
#1491 = EDGE_LOOP ( 'NONE', ( #1949, #2475, #1885, #2567 ) ) ;
#1492 = CARTESIAN_POINT ( 'NONE',  ( -12.37436867076456437, -1.500000000000000000, 37.37436867076459635 ) ) ;
#1493 = DIRECTION ( 'NONE',  ( 1.000000000000000000, -0.000000000000000000, 0.000000000000000000 ) ) ;
#1494 = ORIENTED_EDGE ( 'NONE', *, *, #496, .T. ) ;
#1495 = DIRECTION ( 'NONE',  ( 0.000000000000000000, 0.000000000000000000, -1.000000000000000000 ) ) ;
#1496 = DIRECTION ( 'NONE',  ( 0.000000000000000000, 0.000000000000000000, -1.000000000000000000 ) ) ;
#1497 = CARTESIAN_POINT ( 'NONE',  ( 9.981075724962014561, -1.500000000000000000, -33.32935335860918258 ) ) ;
#1498 = EDGE_CURVE ( 'NONE', #1589, #58, #1607, .T. ) ;
#1499 = VERTEX_POINT ( 'NONE', #923 ) ;
#1500 = FACE_OUTER_BOUND ( 'NONE', #2160, .T. ) ;
#1501 = EDGE_LOOP ( 'NONE', ( #2236, #957, #467, #68 ) ) ;
#1502 = ADVANCED_FACE ( 'NONE', ( #1513 ), #1923, .F. ) ;
#1503 = DIRECTION ( 'NONE',  ( 0.000000000000000000, 0.000000000000000000, -1.000000000000000000 ) ) ;
#1504 = CARTESIAN_POINT ( 'NONE',  ( -12.37436867076456615, -1.500000000000000000, 12.62563132923546405 ) ) ;
#1505 = ORIENTED_EDGE ( 'NONE', *, *, #1530, .F. ) ;
#1506 = ORIENTED_EDGE ( 'NONE', *, *, #2531, .F. ) ;
#1507 = CARTESIAN_POINT ( 'NONE',  ( 9.981075724962014561, -1.500000000000000000, -33.32935335860918258 ) ) ;
#1508 = CARTESIAN_POINT ( 'NONE',  ( 0.000000000000000000, 1.500000000000000000, 25.00000000000000000 ) ) ;
#1509 = ORIENTED_EDGE ( 'NONE', *, *, #1676, .T. ) ;
#1510 = CARTESIAN_POINT ( 'NONE',  ( 12.37436867076456259, 1.500000000000000000, 12.62563132923547116 ) ) ;
#1511 = EDGE_CURVE ( 'NONE', #2232, #1147, #2478, .T. ) ;
#1512 = CIRCLE ( 'NONE', #1400, 1.600000000000001865 ) ;
#1513 = FACE_OUTER_BOUND ( 'NONE', #261, .T. ) ;
#1514 = VERTEX_POINT ( 'NONE', #839 ) ;
#1515 = CIRCLE ( 'NONE', #1848, 5.000000000000000888 ) ;
#1516 = DIRECTION ( 'NONE',  ( 0.000000000000000000, 1.000000000000000000, 0.000000000000000000 ) ) ;
#1517 = PRODUCT ( 'motor plate', 'motor plate', '', ( #1804 ) ) ;
#1518 = AXIS2_PLACEMENT_3D ( 'NONE', #2220, #1430, #466 ) ;
#1519 = CARTESIAN_POINT ( 'NONE',  ( -19.99999999999997868, -198.5000000000000000, 1.600000000000001865 ) ) ;
#1520 = EDGE_CURVE ( 'NONE', #1635, #547, #2023, .T. ) ;
#1521 = EDGE_LOOP ( 'NONE', ( #2447, #2165 ) ) ;
#1522 = VERTEX_POINT ( 'NONE', #454 ) ;
#1523 = MECHANICAL_DESIGN_GEOMETRIC_PRESENTATION_REPRESENTATION (  '', ( #205 ), #2361 ) ;
#1524 = CARTESIAN_POINT ( 'NONE',  ( 0.000000000000000000, -1.500000000000000000, -25.00000000000000000 ) ) ;
#1525 = LINE ( 'NONE', #1907, #788 ) ;
#1526 = ORIENTED_EDGE ( 'NONE', *, *, #1620, .F. ) ;
#1527 = LINE ( 'NONE', #1932, #2348 ) ;
#1528 = ORIENTED_EDGE ( 'NONE', *, *, #1235, .F. ) ;
#1529 = CYLINDRICAL_SURFACE ( 'NONE', #275, 2.149999999999995470 ) ;
#1530 = EDGE_CURVE ( 'NONE', #1568, #2094, #429, .T. ) ;
#1531 = DIRECTION ( 'NONE',  ( -0.000000000000000000, 1.000000000000000000, -0.000000000000000000 ) ) ;
#1532 = EDGE_LOOP ( 'NONE', ( #389, #593, #1174, #961 ) ) ;
#1533 = CARTESIAN_POINT ( 'NONE',  ( 19.99999999999997868, -198.5000000000000000, 1.600000000000001865 ) ) ;
#1534 = EDGE_CURVE ( 'NONE', #631, #2129, #63, .T. ) ;
#1535 = CARTESIAN_POINT ( 'NONE',  ( -20.00000000000000000, -1.500000000000000000, -54.99999999999999289 ) ) ;
#1536 = CARTESIAN_POINT ( 'NONE',  ( -25.00000000000000000, 1.500000000000000000, -60.00000000000000000 ) ) ;
#1537 = ORIENTED_EDGE ( 'NONE', *, *, #1306, .F. ) ;
#1538 = CYLINDRICAL_SURFACE ( 'NONE', #1717, 2.250000000000001776 ) ;
#1539 = ORIENTED_EDGE ( 'NONE', *, *, #934, .F. ) ;
#1540 = DIRECTION ( 'NONE',  ( -0.000000000000000000, -1.000000000000000000, -0.000000000000000000 ) ) ;
#1541 = CARTESIAN_POINT ( 'NONE',  ( 12.37436867076456437, -1.500000000000000000, -32.67436867076459350 ) ) ;
#1542 = CARTESIAN_POINT ( 'NONE',  ( -12.37436867076456437, 1.500000000000000000, 35.12436867076458924 ) ) ;
#1543 = CARTESIAN_POINT ( 'NONE',  ( 12.37436867076456437, 1.500000000000000000, 37.37436867076459635 ) ) ;
#1544 = ORIENTED_EDGE ( 'NONE', *, *, #1789, .F. ) ;
#1545 = DIRECTION ( 'NONE',  ( 0.000000000000000000, -0.7071067811865474617, -0.7071067811865475727 ) ) ;
#1546 = DIRECTION ( 'NONE',  ( -0.000000000000000000, -1.000000000000000000, -0.000000000000000000 ) ) ;
#1547 = LINE ( 'NONE', #209, #1771 ) ;
#1548 = EDGE_LOOP ( 'NONE', ( #2075, #1968, #2509, #704 ) ) ;
#1549 = AXIS2_PLACEMENT_3D ( 'NONE', #167, #2112, #1133 ) ;
#1550 = CARTESIAN_POINT ( 'NONE',  ( 8.329353358609077773, -1.500000000000000000, 15.01892427503789840 ) ) ;
#1551 = CIRCLE ( 'NONE', #1313, 2.249999999999998668 ) ;
#1552 = ORIENTED_EDGE ( 'NONE', *, *, #200, .F. ) ;
#1553 = CARTESIAN_POINT ( 'NONE',  ( -12.37436867076456615, -1.500000000000000000, -12.62563132923546405 ) ) ;
#1554 = CIRCLE ( 'NONE', #2185, 2.249999999999998668 ) ;
#1555 = ORIENTED_EDGE ( 'NONE', *, *, #1769, .F. ) ;
#1556 = VECTOR ( 'NONE', #748, 1000.000000000000000 ) ;
#1557 = CARTESIAN_POINT ( 'NONE',  ( 0.000000000000000000, 1.500000000000000000, -12.00000000000000000 ) ) ;
#1558 = EDGE_CURVE ( 'NONE', #2013, #860, #243, .T. ) ;
#1559 = AXIS2_PLACEMENT_3D ( 'NONE', #2472, #433, #422 ) ;
#1560 = ORIENTED_EDGE ( 'NONE', *, *, #2033, .F. ) ;
#1561 = CARTESIAN_POINT ( 'NONE',  ( 12.37436867076456259, -1.500000000000000000, -17.32563132923547045 ) ) ;
#1562 = LINE ( 'NONE', #1971, #937 ) ;
#1563 = CARTESIAN_POINT ( 'NONE',  ( -12.37436867076456437, -1.500000000000000000, 35.12436867076458924 ) ) ;
#1564 = VECTOR ( 'NONE', #952, 1000.000000000000000 ) ;
#1565 = ORIENTED_EDGE ( 'NONE', *, *, #2113, .T. ) ;
#1566 = DIRECTION ( 'NONE',  ( 8.659560562354931626E-17, -0.7071067811865476838, 0.7071067811865474617 ) ) ;
#1567 = AXIS2_PLACEMENT_3D ( 'NONE', #2298, #1307, #1663 ) ;
#1568 = VERTEX_POINT ( 'NONE', #653 ) ;
#1569 = CARTESIAN_POINT ( 'NONE',  ( 8.620911329698436987, -1.372968972341202187, -15.26223365697645207 ) ) ;
#1570 = ADVANCED_FACE ( 'NONE', ( #2404 ), #638, .F. ) ;
#1571 = ORIENTED_EDGE ( 'NONE', *, *, #2267, .T. ) ;
#1572 = EDGE_CURVE ( 'NONE', #1168, #1124, #2233, .T. ) ;
#1573 = CARTESIAN_POINT ( 'NONE',  ( 0.000000000000000000, -1.500000000000000000, -12.00000000000000000 ) ) ;
#1574 = EDGE_CURVE ( 'NONE', #2496, #359, #1038, .T. ) ;
#1575 = CARTESIAN_POINT ( 'NONE',  ( 12.37436867076456437, 0.9500000000000002887, 39.62436867076459635 ) ) ;
#1576 = ORIENTED_EDGE ( 'NONE', *, *, #2297, .T. ) ;
#1577 = LINE ( 'NONE', #1390, #1397 ) ;
#1578 = FACE_OUTER_BOUND ( 'NONE', #690, .T. ) ;
#1579 = CARTESIAN_POINT ( 'NONE',  ( -9.475960372395544340, -1.299963615442133680, -33.90882916987807505 ) ) ;
#1580 = ORIENTED_EDGE ( 'NONE', *, *, #2239, .F. ) ;
#1581 = CARTESIAN_POINT ( 'NONE',  ( 12.37436867076456259, 0.9500000000000002887, 12.62563132923547116 ) ) ;
#1582 = EDGE_CURVE ( 'NONE', #1583, #612, #2525, .T. ) ;
#1583 = VERTEX_POINT ( 'NONE', #216 ) ;
#1584 = CARTESIAN_POINT ( 'NONE',  ( 9.981075724962126472, -1.500000000000000000, -16.67064664139094887 ) ) ;
#1585 = EDGE_CURVE ( 'NONE', #889, #2255, #2149, .T. ) ;
#1586 = ORIENTED_EDGE ( 'NONE', *, *, #227, .T. ) ;
#1587 = CARTESIAN_POINT ( 'NONE',  ( 19.99999999999999645, 1.500000000000000000, 60.00000000000000000 ) ) ;
#1588 = EDGE_CURVE ( 'NONE', #2134, #15, #1846, .T. ) ;
#1589 = VERTEX_POINT ( 'NONE', #2057 ) ;
#1590 = DIRECTION ( 'NONE',  ( 0.000000000000000000, -1.000000000000000000, 0.000000000000000000 ) ) ;
#1591 = DIRECTION ( 'NONE',  ( 0.000000000000000000, 0.000000000000000000, -1.000000000000000000 ) ) ;
#1592 = DIRECTION ( 'NONE',  ( -0.000000000000000000, -1.000000000000000000, -0.000000000000000000 ) ) ;
#1593 = ORIENTED_EDGE ( 'NONE', *, *, #1620, .T. ) ;
#1594 = CARTESIAN_POINT ( 'NONE',  ( 0.000000000000000000, -1.500000000000000000, 25.00000000000000000 ) ) ;
#1595 = ORIENTED_EDGE ( 'NONE', *, *, #917, .F. ) ;
#1596 = DIRECTION ( 'NONE',  ( 0.000000000000000000, 0.000000000000000000, 1.000000000000000000 ) ) ;
#1597 = AXIS2_PLACEMENT_3D ( 'NONE', #883, #2249, #1633 ) ;
#1598 = ORIENTED_EDGE ( 'NONE', *, *, #1060, .T. ) ;
#1599 = CARTESIAN_POINT ( 'NONE',  ( -20.00000000000000000, 1.500000000000000000, -60.00000000000000000 ) ) ;
#1600 = AXIS2_PLACEMENT_3D ( 'NONE', #2335, #2117, #1301 ) ;
#1601 = ORIENTED_EDGE ( 'NONE', *, *, #1775, .T. ) ;
#1602 = DIRECTION ( 'NONE',  ( -0.000000000000000000, -1.000000000000000000, -0.000000000000000000 ) ) ;
#1603 = CIRCLE ( 'NONE', #197, 13.00000000000000178 ) ;
#1604 = CARTESIAN_POINT ( 'NONE',  ( 19.99999999999997868, -1.500000000000001332, 1.131955512893109662E-31 ) ) ;
#1605 = ADVANCED_FACE ( 'NONE', ( #2426 ), #1899, .F. ) ;
#1606 = CARTESIAN_POINT ( 'NONE',  ( -25.00000000000000000, -1.500000000000000000, -21.00000000000000355 ) ) ;
#1607 = CIRCLE ( 'NONE', #1477, 4.700000000000002842 ) ;
#1608 = VERTEX_POINT ( 'NONE', #1061 ) ;
#1609 = AXIS2_PLACEMENT_3D ( 'NONE', #426, #1840, #2458 ) ;
#1610 = CARTESIAN_POINT ( 'NONE',  ( -9.981075724962106932, -1.500000000000000000, -16.67064664139093111 ) ) ;
#1611 = CARTESIAN_POINT ( 'NONE',  ( -25.00000000000000000, -1.500000000000000000, 60.00000000000000000 ) ) ;
#1612 = CIRCLE ( 'NONE', #1119, 2.250000000000001776 ) ;
#1613 = EDGE_LOOP ( 'NONE', ( #1346, #1201 ) ) ;
#1614 = DIRECTION ( 'NONE',  ( 0.000000000000000000, -0.000000000000000000, -1.000000000000000000 ) ) ;
#1615 = VECTOR ( 'NONE', #2286, 999.9999999999998863 ) ;
#1616 = VERTEX_POINT ( 'NONE', #2556 ) ;
#1617 = EDGE_CURVE ( 'NONE', #1055, #1758, #866, .T. ) ;
#1618 = VERTEX_POINT ( 'NONE', #586 ) ;
#1619 = CARTESIAN_POINT ( 'NONE',  ( 25.00000000000000000, 1.500000000000000000, 60.00000000000000000 ) ) ;
#1620 = EDGE_CURVE ( 'NONE', #210, #770, #1200, .T. ) ;
#1621 = ORIENTED_EDGE ( 'NONE', *, *, #843, .F. ) ;
#1622 = DIRECTION ( 'NONE',  ( 0.000000000000000000, 0.000000000000000000, -1.000000000000000000 ) ) ;
#1623 = CARTESIAN_POINT ( 'NONE',  ( -12.37436867076456437, -1.500000000000000000, -35.12436867076458924 ) ) ;
#1624 = ORIENTED_EDGE ( 'NONE', *, *, #1530, .T. ) ;
#1625 = FACE_OUTER_BOUND ( 'NONE', #1308, .T. ) ;
#1626 =( NAMED_UNIT ( * ) SI_UNIT ( $, .STERADIAN. ) SOLID_ANGLE_UNIT ( ) );
#1627 = ORIENTED_EDGE ( 'NONE', *, *, #288, .F. ) ;
#1628 = CARTESIAN_POINT ( 'NONE',  ( -8.329353358609155933, -1.500000000000000000, 34.98107572496203233 ) ) ;
#1629 = VERTEX_POINT ( 'NONE', #2370 ) ;
#1630 = DIRECTION ( 'NONE',  ( 0.000000000000000000, 1.000000000000000000, -0.000000000000000000 ) ) ;
#1631 = DIRECTION ( 'NONE',  ( -0.000000000000000000, 1.000000000000000000, -0.000000000000000000 ) ) ;
#1632 = VERTEX_POINT ( 'NONE', #2328 ) ;
#1633 = DIRECTION ( 'NONE',  ( 0.000000000000000000, 0.000000000000000000, -1.000000000000000000 ) ) ;
#1634 = CIRCLE ( 'NONE', #1802, 1.600000000000001865 ) ;
#1635 = VERTEX_POINT ( 'NONE', #1575 ) ;
#1636 = CONICAL_SURFACE ( 'NONE', #2562, 4.700000000000002842, 0.7853981633974481680 ) ;
#1637 = CARTESIAN_POINT ( 'NONE',  ( -44.99999999999999289, -1.500000000000000000, -11.00000000000000000 ) ) ;
#1638 = EDGE_CURVE ( 'NONE', #1758, #1055, #1248, .T. ) ;
#1639 = AXIS2_PLACEMENT_3D ( 'NONE', #29, #1794, #1085 ) ;
#1640 = EDGE_LOOP ( 'NONE', ( #1996, #616, #2455, #174 ) ) ;
#1641 = CARTESIAN_POINT ( 'NONE',  ( 19.99999999999998579, -198.5000000000000000, 47.49999999999999289 ) ) ;
#1642 = DIRECTION ( 'NONE',  ( 0.000000000000000000, -1.000000000000000000, 0.000000000000000000 ) ) ;
#1643 = AXIS2_PLACEMENT_3D ( 'NONE', #2321, #531, #890 ) ;
#1644 = EDGE_CURVE ( 'NONE', #1934, #2288, #1314, .T. ) ;
#1645 = VERTEX_POINT ( 'NONE', #2051 ) ;
#1646 = AXIS2_PLACEMENT_3D ( 'NONE', #268, #1257, #2465 ) ;
#1647 = DIRECTION ( 'NONE',  ( 0.000000000000000000, 0.000000000000000000, -1.000000000000000000 ) ) ;
#1648 = CIRCLE ( 'NONE', #361, 5.000000000000000888 ) ;
#1649 = DIRECTION ( 'NONE',  ( 0.000000000000000000, -1.000000000000000000, 0.000000000000000000 ) ) ;
#1650 = EDGE_CURVE ( 'NONE', #860, #2013, #1208, .T. ) ;
#1651 = CIRCLE ( 'NONE', #249, 2.149999999999999023 ) ;
#1652 = CYLINDRICAL_SURFACE ( 'NONE', #1639, 2.249999999999998668 ) ;
#1653 = CARTESIAN_POINT ( 'NONE',  ( -25.00000000000000000, -1.500000000000000000, 55.00000000000000000 ) ) ;
#1654 = FACE_OUTER_BOUND ( 'NONE', #1104, .T. ) ;
#1655 = CARTESIAN_POINT ( 'NONE',  ( -12.37436867076456615, -1.500000000000000000, 10.37563132923546583 ) ) ;
#1656 = EDGE_LOOP ( 'NONE', ( #2038, #1461, #2269, #1552 ) ) ;
#1657 = DIRECTION ( 'NONE',  ( -0.000000000000000000, 1.000000000000000000, -0.000000000000000000 ) ) ;
#1658 = DIRECTION ( 'NONE',  ( 0.000000000000000000, 0.000000000000000000, -1.000000000000000000 ) ) ;
#1659 = EDGE_LOOP ( 'NONE', ( #317, #1407, #1149, #2147 ) ) ;
#1660 = DIRECTION ( 'NONE',  ( -0.000000000000000000, -1.000000000000000000, -0.000000000000000000 ) ) ;
#1661 = DIRECTION ( 'NONE',  ( 0.000000000000000000, 1.000000000000000000, -0.000000000000000000 ) ) ;
#1662 = EDGE_CURVE ( 'NONE', #1381, #1691, #1344, .T. ) ;
#1663 = DIRECTION ( 'NONE',  ( 0.000000000000000000, 0.000000000000000000, -1.000000000000000000 ) ) ;
#1664 = DIRECTION ( 'NONE',  ( 0.000000000000000000, -1.000000000000000000, 0.000000000000000000 ) ) ;
#1665 = EDGE_LOOP ( 'NONE', ( #774, #582, #1915, #2452 ) ) ;
#1666 = LINE ( 'NONE', #1712, #38 ) ;
#1667 = CARTESIAN_POINT ( 'NONE',  ( -39.99999999999999289, 1.500000000000000000, 11.00000000000000000 ) ) ;
#1668 = ORIENTED_EDGE ( 'NONE', *, *, #1839, .F. ) ;
#1669 = LINE ( 'NONE', #672, #33 ) ;
#1670 = DIRECTION ( 'NONE',  ( 0.000000000000000000, -1.000000000000000000, 0.000000000000000000 ) ) ;
#1671 = SURFACE_SIDE_STYLE ('',( #2122 ) ) ;
#1672 = CIRCLE ( 'NONE', #722, 4.699999999999999289 ) ;
#1673 = VERTEX_POINT ( 'NONE', #754 ) ;
#1674 = VERTEX_POINT ( 'NONE', #1541 ) ;
#1675 = CIRCLE ( 'NONE', #2470, 2.249999999999998668 ) ;
#1676 = EDGE_CURVE ( 'NONE', #1629, #210, #1170, .T. ) ;
#1677 = CARTESIAN_POINT ( 'NONE',  ( 19.99999999999999645, -1.500000000000000000, 60.00000000000000000 ) ) ;
#1678 = CARTESIAN_POINT ( 'NONE',  ( -12.37436867076456615, -1.500000000000000000, 17.32563132923546334 ) ) ;
#1679 = VECTOR ( 'NONE', #1566, 1000.000000000000000 ) ;
#1680 = EDGE_LOOP ( 'NONE', ( #2474, #384, #1565, #587, #1421, #89 ) ) ;
#1681 = CIRCLE ( 'NONE', #1762, 1.600000000000001865 ) ;
#1682 = CYLINDRICAL_SURFACE ( 'NONE', #2471, 1.600000000000001865 ) ;
#1683 = EDGE_CURVE ( 'NONE', #1016, #1927, #1687, .T. ) ;
#1684 = AXIS2_PLACEMENT_3D ( 'NONE', #140, #880, #1298 ) ;
#1685 = EDGE_LOOP ( 'NONE', ( #2088, #440 ) ) ;
#1686 = CARTESIAN_POINT ( 'NONE',  ( -30.25000000000000000, -1.499999999999999556, -6.872071167035004535 ) ) ;
#1687 = CIRCLE ( 'NONE', #1, 2.250000000000001776 ) ;
#1688 = CIRCLE ( 'NONE', #1481, 4.999999999999997335 ) ;
#1689 = DIRECTION ( 'NONE',  ( 0.000000000000000000, 0.000000000000000000, -1.000000000000000000 ) ) ;
#1690 = EDGE_CURVE ( 'NONE', #940, #252, #643, .T. ) ;
#1691 = VERTEX_POINT ( 'NONE', #1263 ) ;
#1692 = DIRECTION ( 'NONE',  ( -0.000000000000000000, -1.000000000000000000, -0.000000000000000000 ) ) ;
#1693 = CARTESIAN_POINT ( 'NONE',  ( -25.00000000000000000, 1.500000000000000000, 60.00000000000000000 ) ) ;
#1694 = CARTESIAN_POINT ( 'NONE',  ( 0.000000000000000000, -1.500000000000000000, -25.00000000000000000 ) ) ;
#1695 = EDGE_CURVE ( 'NONE', #359, #2496, #79, .T. ) ;
#1696 = ORIENTED_EDGE ( 'NONE', *, *, #913, .F. ) ;
#1697 = DIRECTION ( 'NONE',  ( 0.000000000000000000, -1.000000000000000000, 0.000000000000000000 ) ) ;
#1698 = ORIENTED_EDGE ( 'NONE', *, *, #2029, .F. ) ;
#1699 = DIRECTION ( 'NONE',  ( -0.000000000000000000, -1.000000000000000000, -0.000000000000000000 ) ) ;
#1700 = DIRECTION ( 'NONE',  ( -0.000000000000000000, -1.000000000000000000, -0.000000000000000000 ) ) ;
#1701 = EDGE_LOOP ( 'NONE', ( #1264, #407 ) ) ;
#1702 = ORIENTED_EDGE ( 'NONE', *, *, #2495, .F. ) ;
#1703 = FACE_OUTER_BOUND ( 'NONE', #418, .T. ) ;
#1704 = DIRECTION ( 'NONE',  ( 0.000000000000000000, 0.000000000000000000, -1.000000000000000000 ) ) ;
#1705 = EDGE_LOOP ( 'NONE', ( #80, #21 ) ) ;
#1706 = DIRECTION ( 'NONE',  ( 0.000000000000000000, 0.000000000000000000, -1.000000000000000000 ) ) ;
#1707 = ORIENTED_EDGE ( 'NONE', *, *, #996, .T. ) ;
#1708 = FACE_OUTER_BOUND ( 'NONE', #708, .T. ) ;
#1709 = ADVANCED_FACE ( 'NONE', ( #2062, #2445, #1275, #91, #1452, #679, #1815, #859, #1462, #284, #2234 ), #2037, .T. ) ;
#1710 = VERTEX_POINT ( 'NONE', #847 ) ;
#1711 = ORIENTED_EDGE ( 'NONE', *, *, #2546, .T. ) ;
#1712 = CARTESIAN_POINT ( 'NONE',  ( 12.37436867076456437, -1.500000000000000000, -42.07436867076459919 ) ) ;
#1713 = FACE_OUTER_BOUND ( 'NONE', #1180, .T. ) ;
#1714 = AXIS2_PLACEMENT_3D ( 'NONE', #1234, #1979, #1212 ) ;
#1715 = EDGE_LOOP ( 'NONE', ( #443, #1909 ) ) ;
#1716 = DIRECTION ( 'NONE',  ( -0.000000000000000000, 1.000000000000000000, -0.000000000000000000 ) ) ;
#1717 = AXIS2_PLACEMENT_3D ( 'NONE', #2130, #1489, #1910 ) ;
#1718 = EDGE_CURVE ( 'NONE', #2205, #746, #48, .T. ) ;
#1719 = ORIENTED_EDGE ( 'NONE', *, *, #2285, .T. ) ;
#1720 = CARTESIAN_POINT ( 'NONE',  ( -12.37436867076456437, 1.500000000000000000, -39.62436867076459635 ) ) ;
#1721 = AXIS2_PLACEMENT_3D ( 'NONE', #841, #635, #1939 ) ;
#1722 = LINE ( 'NONE', #2121, #1851 ) ;
#1723 = EDGE_CURVE ( 'NONE', #58, #1568, #2442, .T. ) ;
#1724 = AXIS2_PLACEMENT_3D ( 'NONE', #1266, #1631, #632 ) ;
#1725 = DIRECTION ( 'NONE',  ( 0.000000000000000000, 0.000000000000000000, -1.000000000000000000 ) ) ;
#1726 = CARTESIAN_POINT ( 'NONE',  ( -19.99999999999998579, -198.5000000000000000, 49.09999999999999432 ) ) ;
#1727 = CONICAL_SURFACE ( 'NONE', #613, 4.699999999999999289, 0.7853981633974485010 ) ;
#1728 = ORIENTED_EDGE ( 'NONE', *, *, #848, .T. ) ;
#1729 = DIRECTION ( 'NONE',  ( 0.000000000000000000, 0.000000000000000000, -1.000000000000000000 ) ) ;
#1730 = CARTESIAN_POINT ( 'NONE',  ( -19.99999999999997868, 1.500000000000000000, 1.131955512893109662E-31 ) ) ;
#1731 = CIRCLE ( 'NONE', #481, 2.250000000000001776 ) ;
#1732 = DIRECTION ( 'NONE',  ( 0.000000000000000000, 0.000000000000000000, -1.000000000000000000 ) ) ;
#1733 = ORIENTED_EDGE ( 'NONE', *, *, #2349, .F. ) ;
#1734 = DIRECTION ( 'NONE',  ( -0.000000000000000000, -1.000000000000000000, -0.000000000000000000 ) ) ;
#1735 = EDGE_LOOP ( 'NONE', ( #1287, #1488, #414, #524, #536, #2417, #1049, #301 ) ) ;
#1736 = DIRECTION ( 'NONE',  ( 0.000000000000000000, 0.000000000000000000, -1.000000000000000000 ) ) ;
#1737 = DIRECTION ( 'NONE',  ( 0.000000000000000000, 0.000000000000000000, -1.000000000000000000 ) ) ;
#1738 = ORIENTED_EDGE ( 'NONE', *, *, #744, .T. ) ;
#1739 = CARTESIAN_POINT ( 'NONE',  ( 19.99999999999998579, 1.500000000000000000, 49.09999999999999432 ) ) ;
#1740 = DIRECTION ( 'NONE',  ( 0.000000000000000000, -1.000000000000000000, 0.000000000000000000 ) ) ;
#1741 = DIRECTION ( 'NONE',  ( -0.000000000000000000, 1.000000000000000000, -0.000000000000000000 ) ) ;
#1742 = ORIENTED_EDGE ( 'NONE', *, *, #1753, .F. ) ;
#1743 = CARTESIAN_POINT ( 'NONE',  ( 8.908387170517821474, -1.300036412054898616, 15.52362410109040702 ) ) ;
#1744 = VERTEX_POINT ( 'NONE', #836 ) ;
#1745 = CARTESIAN_POINT ( 'NONE',  ( -25.00000000000000000, -1.500000000000000000, 21.00000000000000355 ) ) ;
#1746 = EDGE_CURVE ( 'NONE', #2288, #2094, #1367, .T. ) ;
#1747 = LINE ( 'NONE', #2133, #444 ) ;
#1748 = ORIENTED_EDGE ( 'NONE', *, *, #721, .T. ) ;
#1749 = DIRECTION ( 'NONE',  ( -0.000000000000000000, 1.000000000000000000, -0.000000000000000000 ) ) ;
#1750 = DIRECTION ( 'NONE',  ( 0.000000000000000000, 0.000000000000000000, -1.000000000000000000 ) ) ;
#1751 = DIRECTION ( 'NONE',  ( -0.000000000000000000, 1.000000000000000000, -0.000000000000000000 ) ) ;
#1752 = CARTESIAN_POINT ( 'NONE',  ( -12.37436867076456615, -1.500000000000000000, 12.62563132923546405 ) ) ;
#1753 = EDGE_CURVE ( 'NONE', #731, #1168, #1834, .T. ) ;
#1754 = ORIENTED_EDGE ( 'NONE', *, *, #1271, .T. ) ;
#1755 = DIRECTION ( 'NONE',  ( 1.000000000000000000, -0.000000000000000000, 0.000000000000000000 ) ) ;
#1756 = CONICAL_SURFACE ( 'NONE', #894, 4.699999999999999289, 0.7853981633974485010 ) ;
#1757 = EDGE_CURVE ( 'NONE', #1522, #997, #439, .T. ) ;
#1758 = VERTEX_POINT ( 'NONE', #873 ) ;
#1759 = CIRCLE ( 'NONE', #1358, 4.999999999999997335 ) ;
#1760 = CARTESIAN_POINT ( 'NONE',  ( 19.99999999999998579, -1.500000000000001332, -49.09999999999999432 ) ) ;
#1761 = EDGE_CURVE ( 'NONE', #1223, #676, #518, .T. ) ;
#1762 = AXIS2_PLACEMENT_3D ( 'NONE', #219, #289, #1095 ) ;
#1763 = CIRCLE ( 'NONE', #2522, 4.999999999999997335 ) ;
#1764 = DIRECTION ( 'NONE',  ( -0.000000000000000000, -1.000000000000000000, -0.000000000000000000 ) ) ;
#1765 = VECTOR ( 'NONE', #214, 1000.000000000000000 ) ;
#1766 = ORIENTED_EDGE ( 'NONE', *, *, #1498, .F. ) ;
#1767 = DIRECTION ( 'NONE',  ( 0.000000000000000000, 0.000000000000000000, -1.000000000000000000 ) ) ;
#1768 = LINE ( 'NONE', #1348, #2056 ) ;
#1769 = EDGE_CURVE ( 'NONE', #644, #882, #401, .T. ) ;
#1770 = CARTESIAN_POINT ( 'NONE',  ( 19.99999999999999645, -1.500000000000000000, -55.00000000000000000 ) ) ;
#1771 = VECTOR ( 'NONE', #2374, 1000.000000000000000 ) ;
#1772 = ORIENTED_EDGE ( 'NONE', *, *, #996, .F. ) ;
#1773 = CIRCLE ( 'NONE', #1988, 2.149999999999999023 ) ;
#1774 = FACE_OUTER_BOUND ( 'NONE', #2319, .T. ) ;
#1775 = EDGE_CURVE ( 'NONE', #2516, #2019, #40, .T. ) ;
#1776 = AXIS2_PLACEMENT_3D ( 'NONE', #1779, #772, #1737 ) ;
#1777 = VERTEX_POINT ( 'NONE', #1850 ) ;
#1778 = PLANE ( 'NONE',  #2391 ) ;
#1779 = CARTESIAN_POINT ( 'NONE',  ( 12.37436867076456259, -1.500000000000000000, -12.62563132923547116 ) ) ;
#1780 = ORIENTED_EDGE ( 'NONE', *, *, #567, .F. ) ;
#1781 = CARTESIAN_POINT ( 'NONE',  ( -12.37436867076456615, 0.9500000000000002887, -12.62563132923546405 ) ) ;
#1782 = FACE_OUTER_BOUND ( 'NONE', #908, .T. ) ;
#1783 = DIRECTION ( 'NONE',  ( 0.000000000000000000, 0.000000000000000000, -1.000000000000000000 ) ) ;
#1784 = VERTEX_POINT ( 'NONE', #446 ) ;
#1785 = B_SPLINE_CURVE_WITH_KNOTS ( 'NONE', 3,
 ( #2170, #211, #2002, #371, #181, #1610 ),
 .UNSPECIFIED., .F., .F.,
 ( 4, 2, 4 ),
 ( 6.224426167877853952E-07, 0.001187034362935301826, 0.002373446283253815778 ),
 .UNSPECIFIED. ) ;
#1786 = DIRECTION ( 'NONE',  ( 0.000000000000000000, 0.000000000000000000, -1.000000000000000000 ) ) ;
#1787 = VERTEX_POINT ( 'NONE', #432 ) ;
#1788 = CARTESIAN_POINT ( 'NONE',  ( -8.908829169878048404, -1.299963615442094156, 15.52403962760443967 ) ) ;
#1789 = EDGE_CURVE ( 'NONE', #170, #1674, #322, .T. ) ;
#1790 = ORIENTED_EDGE ( 'NONE', *, *, #71, .F. ) ;
#1791 = DIRECTION ( 'NONE',  ( 0.000000000000000000, 0.000000000000000000, 1.000000000000000000 ) ) ;
#1792 = ORIENTED_EDGE ( 'NONE', *, *, #2050, .F. ) ;
#1793 = DIRECTION ( 'NONE',  ( -0.000000000000000000, 1.000000000000000000, -0.000000000000000000 ) ) ;
#1794 = DIRECTION ( 'NONE',  ( -0.000000000000000000, -1.000000000000000000, -0.000000000000000000 ) ) ;
#1795 = DIRECTION ( 'NONE',  ( 0.000000000000000000, -1.000000000000000000, 0.000000000000000000 ) ) ;
#1796 = ORIENTED_EDGE ( 'NONE', *, *, #1683, .T. ) ;
#1797 = CARTESIAN_POINT ( 'NONE',  ( 9.475960372395585196, -1.299963615442089271, 16.09117083012197824 ) ) ;
#1798 = CARTESIAN_POINT ( 'NONE',  ( -30.25000000000000711, -1.499999999999999556, 9.022071167035003114 ) ) ;
#1799 = ORIENTED_EDGE ( 'NONE', *, *, #1965, .T. ) ;
#1800 = FACE_BOUND ( 'NONE', #2320, .T. ) ;
#1801 = EDGE_CURVE ( 'NONE', #2263, #1618, #881, .T. ) ;
#1802 = AXIS2_PLACEMENT_3D ( 'NONE', #424, #1181, #385 ) ;
#1803 = ORIENTED_EDGE ( 'NONE', *, *, #2178, .F. ) ;
#1804 = PRODUCT_CONTEXT ( 'NONE', #2500, 'mechanical' ) ;
#1805 = ADVANCED_FACE ( 'NONE', ( #2049 ), #2027, .F. ) ;
#1806 = EDGE_LOOP ( 'NONE', ( #128, #2163 ) ) ;
#1807 = LINE ( 'NONE', #1378, #1883 ) ;
#1808 = AXIS2_PLACEMENT_3D ( 'NONE', #1465, #1661, #2402 ) ;
#1809 = CARTESIAN_POINT ( 'NONE',  ( 0.000000000000000000, 1.500000000000000000, 16.00000000000000000 ) ) ;
#1810 = CIRCLE ( 'NONE', #685, 2.149999999999995470 ) ;
#1811 = ORIENTED_EDGE ( 'NONE', *, *, #264, .T. ) ;
#1812 = AXIS2_PLACEMENT_3D ( 'NONE', #96, #328, #2513 ) ;
#1813 = LINE ( 'NONE', #47, #1106 ) ;
#1814 = DIRECTION ( 'NONE',  ( -0.000000000000000000, 1.000000000000000000, -0.000000000000000000 ) ) ;
#1815 = FACE_BOUND ( 'NONE', #1290, .T. ) ;
#1816 = CIRCLE ( 'NONE', #2315, 2.249999999999998668 ) ;
#1817 = ORIENTED_EDGE ( 'NONE', *, *, #1761, .T. ) ;
#1818 = FACE_BOUND ( 'NONE', #976, .T. ) ;
#1819 = CIRCLE ( 'NONE', #1328, 1.599999999999997202 ) ;
#1820 = ORIENTED_EDGE ( 'NONE', *, *, #1650, .F. ) ;
#1821 = DIRECTION ( 'NONE',  ( 0.000000000000000000, 0.000000000000000000, -1.000000000000000000 ) ) ;
#1822 = DIRECTION ( 'NONE',  ( 0.000000000000000000, 0.000000000000000000, -1.000000000000000000 ) ) ;
#1823 = ORIENTED_EDGE ( 'NONE', *, *, #2267, .F. ) ;
#1824 = CARTESIAN_POINT ( 'NONE',  ( 12.37436867076456437, -1.500000000000000000, 32.67436867076459350 ) ) ;
#1825 = CARTESIAN_POINT ( 'NONE',  ( 12.37436867076456259, -1.500000000000000000, -12.62563132923547116 ) ) ;
#1826 = DIRECTION ( 'NONE',  ( 0.000000000000000000, 0.000000000000000000, -1.000000000000000000 ) ) ;
#1827 = VERTEX_POINT ( 'NONE', #234 ) ;
#1828 = LINE ( 'NONE', #2237, #601 ) ;
#1829 = ADVANCED_FACE ( 'NONE', ( #1066 ), #358, .F. ) ;
#1830 = ORIENTED_EDGE ( 'NONE', *, *, #1353, .F. ) ;
#1831 = CYLINDRICAL_SURFACE ( 'NONE', #789, 2.249999999999998668 ) ;
#1832 = ORIENTED_EDGE ( 'NONE', *, *, #878, .T. ) ;
#1833 = DIRECTION ( 'NONE',  ( 0.000000000000000000, 0.000000000000000000, 1.000000000000000000 ) ) ;
#1834 = LINE ( 'NONE', #1623, #736 ) ;
#1835 = EDGE_CURVE ( 'NONE', #911, #1777, #2270, .T. ) ;
#1836 = ORIENTED_EDGE ( 'NONE', *, *, #523, .T. ) ;
#1837 = DIRECTION ( 'NONE',  ( -6.938893903907227392E-16, 0.000000000000000000, -1.000000000000000000 ) ) ;
#1838 = EDGE_CURVE ( 'NONE', #2124, #56, #2025, .T. ) ;
#1839 = EDGE_CURVE ( 'NONE', #403, #889, #517, .T. ) ;
#1841 = CARTESIAN_POINT ( 'NONE',  ( -19.99999999999998579, 1.500000000000000000, -49.09999999999999432 ) ) ;
#1840 = DIRECTION ( 'NONE',  ( -0.000000000000000000, -1.000000000000000000, -0.000000000000000000 ) ) ;
#1842 = DIRECTION ( 'NONE',  ( 0.000000000000000000, 0.000000000000000000, 1.000000000000000000 ) ) ;
#1843 = CIRCLE ( 'NONE', #1714, 4.699999999999999289 ) ;
#1844 = EDGE_CURVE ( 'NONE', #547, #1635, #945, .T. ) ;
#1845 = AXIS2_PLACEMENT_3D ( 'NONE', #698, #921, #1706 ) ;
#1846 = LINE ( 'NONE', #245, #826 ) ;
#1847 = LINE ( 'NONE', #1655, #2446 ) ;
#1848 = AXIS2_PLACEMENT_3D ( 'NONE', #1898, #912, #2326 ) ;
#1849 = ORIENTED_EDGE ( 'NONE', *, *, #1854, .T. ) ;
#1850 = CARTESIAN_POINT ( 'NONE',  ( 12.37436867076456259, -1.500000000000000000, -17.32563132923547045 ) ) ;
#1851 = VECTOR ( 'NONE', #338, 1000.000000000000000 ) ;
#1852 = AXIS2_PLACEMENT_3D ( 'NONE', #1825, #57, #82 ) ;
#1853 = CARTESIAN_POINT ( 'NONE',  ( 1.592040838891559293E-15, -1.500000000000000000, -38.00000000000000711 ) ) ;
#1854 = EDGE_CURVE ( 'NONE', #980, #53, #1941, .T. ) ;
#1855 = VECTOR ( 'NONE', #1392, 1000.000000000000000 ) ;
#1856 = AXIS2_PLACEMENT_3D ( 'NONE', #1197, #2, #938 ) ;
#1857 = CARTESIAN_POINT ( 'NONE',  ( -9.475960372395537235, -1.299963615442132792, 33.90882916987808215 ) ) ;
#1858 = EDGE_CURVE ( 'NONE', #781, #1393, #2314, .T. ) ;
#1859 =( NAMED_UNIT ( * ) SI_UNIT ( $, .STERADIAN. ) SOLID_ANGLE_UNIT ( ) );
#1860 = DIRECTION ( 'NONE',  ( 0.000000000000000000, 0.000000000000000000, 1.000000000000000000 ) ) ;
#1861 = VERTEX_POINT ( 'NONE', #2085 ) ;
#1862 = CARTESIAN_POINT ( 'NONE',  ( -12.37436867076456437, -1.500000000000000000, 37.37436867076459635 ) ) ;
#1863 = CARTESIAN_POINT ( 'NONE',  ( -44.99999999999999289, -1.500000000000000000, 0.000000000000000000 ) ) ;
#1864 = VERTEX_POINT ( 'NONE', #1678 ) ;
#1865 = CARTESIAN_POINT ( 'NONE',  ( -30.25000000000000711, 1.500000000000000000, 9.022071167035003114 ) ) ;
#1866 = DIRECTION ( 'NONE',  ( -0.000000000000000000, -0.000000000000000000, 1.000000000000000000 ) ) ;
#1867 = EDGE_CURVE ( 'NONE', #2094, #2288, #654, .T. ) ;
#1868 = DIRECTION ( 'NONE',  ( -0.000000000000000000, -1.000000000000000000, -0.000000000000000000 ) ) ;
#1869 = CYLINDRICAL_SURFACE ( 'NONE', #473, 1.599999999999997202 ) ;
#1870 = ORIENTED_EDGE ( 'NONE', *, *, #1193, .T. ) ;
#1871 = ORIENTED_EDGE ( 'NONE', *, *, #1908, .T. ) ;
#1872 = CYLINDRICAL_SURFACE ( 'NONE', #647, 2.250000000000001776 ) ;
#1873 = CARTESIAN_POINT ( 'NONE',  ( 0.000000000000000000, 1.500000000000000000, -16.00000000000000000 ) ) ;
#1874 = ORIENTED_EDGE ( 'NONE', *, *, #1588, .T. ) ;
#1875 = DIRECTION ( 'NONE',  ( -0.000000000000000000, 1.000000000000000000, -0.000000000000000000 ) ) ;
#1876 = CARTESIAN_POINT ( 'NONE',  ( 12.37436867076456437, -1.500000000000000000, 39.62436867076459635 ) ) ;
#1877 = VERTEX_POINT ( 'NONE', #707 ) ;
#1878 = EDGE_CURVE ( 'NONE', #15, #819, #1648, .T. ) ;
#1879 = FACE_OUTER_BOUND ( 'NONE', #366, .T. ) ;
#1880 = CIRCLE ( 'NONE', #2221, 4.699999999999999289 ) ;
#1881 = ADVANCED_FACE ( 'NONE', ( #1713 ), #1727, .F. ) ;
#1882 = CARTESIAN_POINT ( 'NONE',  ( 12.37436867076456437, 1.500000000000000000, -39.62436867076459635 ) ) ;
#1883 = VECTOR ( 'NONE', #759, 1000.000000000000000 ) ;
#1884 = PRODUCT_DEFINITION_CONTEXT ( 'detailed design', #2018, 'design' ) ;
#1885 = ORIENTED_EDGE ( 'NONE', *, *, #147, .T. ) ;
#1886 = DIRECTION ( 'NONE',  ( 0.000000000000000000, -1.000000000000000000, 0.000000000000000000 ) ) ;
#1887 = CIRCLE ( 'NONE', #2517, 2.250000000000001776 ) ;
#1888 = CARTESIAN_POINT ( 'NONE',  ( -44.99999999999999289, -1.500000000000000000, 0.000000000000000000 ) ) ;
#1889 = CARTESIAN_POINT ( 'NONE',  ( 8.620937377680906621, -1.372957623304999375, -34.73774460560202471 ) ) ;
#1890 = CIRCLE ( 'NONE', #2302, 4.699999999999999289 ) ;
#1891 = DIRECTION ( 'NONE',  ( 0.000000000000000000, -1.000000000000000000, 0.000000000000000000 ) ) ;
#1892 = VERTEX_POINT ( 'NONE', #1929 ) ;
#1893 = CIRCLE ( 'NONE', #472, 1.600000000000001865 ) ;
#1894 = CYLINDRICAL_SURFACE ( 'NONE', #1473, 2.249999999999998668 ) ;
#1895 = MECHANICAL_DESIGN_GEOMETRIC_PRESENTATION_REPRESENTATION (  '', ( #2524 ), #1442 ) ;
#1896 = VECTOR ( 'NONE', #1429, 1000.000000000000000 ) ;
#1897 = ORIENTED_EDGE ( 'NONE', *, *, #799, .T. ) ;
#1898 = CARTESIAN_POINT ( 'NONE',  ( -39.99999999999999289, -1.500000000000000000, -11.00000000000000000 ) ) ;
#1899 = CONICAL_SURFACE ( 'NONE', #119, 4.700000000000002842, 0.7853981633974483900 ) ;
#1900 = AXIS2_PLACEMENT_3D ( 'NONE', #1508, #305, #1102 ) ;
#1901 = FACE_OUTER_BOUND ( 'NONE', #1501, .T. ) ;
#1902 = DIRECTION ( 'NONE',  ( 0.000000000000000000, 0.000000000000000000, -1.000000000000000000 ) ) ;
#1903 = CIRCLE ( 'NONE', #1856, 4.699999999999999289 ) ;
#1904 = ORIENTED_EDGE ( 'NONE', *, *, #848, .F. ) ;
#1905 = ORIENTED_EDGE ( 'NONE', *, *, #14, .F. ) ;
#1906 = DIRECTION ( 'NONE',  ( 0.000000000000000000, 0.000000000000000000, 1.000000000000000000 ) ) ;
#1907 = CARTESIAN_POINT ( 'NONE',  ( -25.00000000000000000, -1.500000000000000000, 60.00000000000000000 ) ) ;
#1908 = EDGE_CURVE ( 'NONE', #2432, #1342, #520, .T. ) ;
#1909 = ORIENTED_EDGE ( 'NONE', *, *, #377, .T. ) ;
#1910 = DIRECTION ( 'NONE',  ( 0.000000000000000000, 0.000000000000000000, -1.000000000000000000 ) ) ;
#1911 = ORIENTED_EDGE ( 'NONE', *, *, #185, .T. ) ;
#1912 = CARTESIAN_POINT ( 'NONE',  ( 12.37436867076456437, 1.500000000000000000, -37.37436867076459635 ) ) ;
#1913 = ADVANCED_FACE ( 'NONE', ( #905 ), #2358, .F. ) ;
#1914 = CARTESIAN_POINT ( 'NONE',  ( -25.00000000000000000, 1.500000000000000000, 60.00000000000000000 ) ) ;
#1915 = ORIENTED_EDGE ( 'NONE', *, *, #2036, .T. ) ;
#1916 = CARTESIAN_POINT ( 'NONE',  ( 12.37436867076456259, -1.500000000000000000, -12.62563132923547116 ) ) ;
#1917 = EDGE_CURVE ( 'NONE', #2536, #364, #2067, .T. ) ;
#1918 = DIRECTION ( 'NONE',  ( 0.000000000000000000, 0.000000000000000000, -1.000000000000000000 ) ) ;
#1919 = DIRECTION ( 'NONE',  ( -0.000000000000000000, -1.000000000000000000, -0.000000000000000000 ) ) ;
#1920 = ORIENTED_EDGE ( 'NONE', *, *, #1455, .F. ) ;
#1921 = PLANE ( 'NONE',  #896 ) ;
#1922 = EDGE_CURVE ( 'NONE', #1019, #888, #203, .T. ) ;
#1923 = PLANE ( 'NONE',  #1035 ) ;
#1924 = ORIENTED_EDGE ( 'NONE', *, *, #2191, .T. ) ;
#1925 = CARTESIAN_POINT ( 'NONE',  ( -30.25000000000000711, -8.500000000000000000, 9.022071167035003114 ) ) ;
#1926 = LINE ( 'NONE', #2174, #1947 ) ;
#1927 = VERTEX_POINT ( 'NONE', #1091 ) ;
#1928 = EDGE_LOOP ( 'NONE', ( #2171, #339, #2060, #1351 ) ) ;
#1929 = CARTESIAN_POINT ( 'NONE',  ( -12.37436867076456437, -1.500000000000000000, 32.67436867076459350 ) ) ;
#1930 = VECTOR ( 'NONE', #1545, 1000.000000000000000 ) ;
#1931 = ORIENTED_EDGE ( 'NONE', *, *, #1247, .T. ) ;
#1932 = CARTESIAN_POINT ( 'NONE',  ( 12.37436867076456437, -1.500000000000000000, -35.12436867076458924 ) ) ;
#1933 = AXIS2_PLACEMENT_3D ( 'NONE', #1975, #622, #2011 ) ;
#1934 = VERTEX_POINT ( 'NONE', #1487 ) ;
#1935 = AXIS2_PLACEMENT_3D ( 'NONE', #897, #2207, #94 ) ;
#1936 = ADVANCED_FACE ( 'NONE', ( #343 ), #141, .F. ) ;
#1937 = CARTESIAN_POINT ( 'NONE',  ( 0.000000000000000000, -1.500000000000000000, -25.00000000000000000 ) ) ;
#1938 = AXIS2_PLACEMENT_3D ( 'NONE', #1030, #81, #65 ) ;
#1939 = DIRECTION ( 'NONE',  ( 0.000000000000000000, 0.000000000000000000, -1.000000000000000000 ) ) ;
#1940 = EDGE_LOOP ( 'NONE', ( #347, #1377, #1013, #1832 ) ) ;
#1941 = CIRCLE ( 'NONE', #1162, 2.249999999999998668 ) ;
#1942 = CARTESIAN_POINT ( 'NONE',  ( -25.00000000000000000, 1.500000000000000000, 60.00000000000000000 ) ) ;
#1943 = AXIS2_PLACEMENT_3D ( 'NONE', #1752, #2561, #1044 ) ;
#1944 = ORIENTED_EDGE ( 'NONE', *, *, #1644, .T. ) ;
#1945 = DIRECTION ( 'NONE',  ( -0.000000000000000000, 1.000000000000000000, -0.000000000000000000 ) ) ;
#1946 = CARTESIAN_POINT ( 'NONE',  ( 12.37436867076456437, -1.500000000000000000, -32.67436867076459350 ) ) ;
#1947 = VECTOR ( 'NONE', #790, 1000.000000000000000 ) ;
#1948 = CARTESIAN_POINT ( 'NONE',  ( -12.37436867076456437, 1.500000000000000000, 39.62436867076459635 ) ) ;
#1949 = ORIENTED_EDGE ( 'NONE', *, *, #377, .F. ) ;
#1950 = B_SPLINE_CURVE_WITH_KNOTS ( 'NONE', 3,
 ( #617, #566, #1788, #215, #2379, #973 ),
 .UNSPECIFIED., .F., .F.,
 ( 4, 2, 4 ),
 ( 6.224426168026813167E-07, 0.001187034362935313319, 0.002373446283253820115 ),
 .UNSPECIFIED. ) ;
#1951 = FACE_OUTER_BOUND ( 'NONE', #1088, .T. ) ;
#1952 = ORIENTED_EDGE ( 'NONE', *, *, #2498, .T. ) ;
#1953 = CARTESIAN_POINT ( 'NONE',  ( 12.37436867076456437, 1.500000000000000000, 39.62436867076459635 ) ) ;
#1954 = ORIENTED_EDGE ( 'NONE', *, *, #1199, .F. ) ;
#1955 = FACE_OUTER_BOUND ( 'NONE', #1001, .T. ) ;
#1956 = EDGE_CURVE ( 'NONE', #1410, #888, #122, .T. ) ;
#1957 = EDGE_LOOP ( 'NONE', ( #1004, #795, #172, #41, #1586, #2325, #1326, #1963 ) ) ;
#1958 = FACE_OUTER_BOUND ( 'NONE', #994, .T. ) ;
#1959 = CARTESIAN_POINT ( 'NONE',  ( 9.981075724962009232, -1.500000000000000000, 33.32935335860918258 ) ) ;
#1960 = DIRECTION ( 'NONE',  ( -0.000000000000000000, -1.000000000000000000, -0.000000000000000000 ) ) ;
#1961 = EDGE_LOOP ( 'NONE', ( #1094, #92, #1911, #2281 ) ) ;
#1962 = FACE_OUTER_BOUND ( 'NONE', #1469, .T. ) ;
#1963 = ORIENTED_EDGE ( 'NONE', *, *, #1574, .T. ) ;
#1964 = DIRECTION ( 'NONE',  ( -0.000000000000000000, 1.000000000000000000, -0.000000000000000000 ) ) ;
#1965 = EDGE_CURVE ( 'NONE', #2232, #1278, #1525, .T. ) ;
#1966 = ORIENTED_EDGE ( 'NONE', *, *, #784, .F. ) ;
#1967 = LINE ( 'NONE', #2338, #2353 ) ;
#1968 = ORIENTED_EDGE ( 'NONE', *, *, #78, .F. ) ;
#1969 = CARTESIAN_POINT ( 'NONE',  ( -19.99999999999997868, -1.500000000000001332, 1.600000000000001865 ) ) ;
#1970 = ADVANCED_FACE ( 'NONE', ( #491 ), #1338, .F. ) ;
#1971 = CARTESIAN_POINT ( 'NONE',  ( -44.99999999999999289, -1.500000000000000000, 11.00000000000000000 ) ) ;
#1972 = CARTESIAN_POINT ( 'NONE',  ( 19.99999999999999645, 1.500000000000000000, -60.00000000000000000 ) ) ;
#1973 = VERTEX_POINT ( 'NONE', #394 ) ;
#1974 = AXIS2_PLACEMENT_3D ( 'NONE', #1175, #802, #1023 ) ;
#1975 = CARTESIAN_POINT ( 'NONE',  ( -19.99999999999998579, -198.5000000000000000, 47.49999999999999289 ) ) ;
#1976 = AXIS2_PLACEMENT_3D ( 'NONE', #400, #2215, #1596 ) ;
#1977 = ORIENTED_EDGE ( 'NONE', *, *, #1867, .F. ) ;
#1978 = AXIS2_PLACEMENT_3D ( 'NONE', #196, #962, #592 ) ;
#1979 = DIRECTION ( 'NONE',  ( -0.000000000000000000, -1.000000000000000000, -0.000000000000000000 ) ) ;
#1980 = CIRCLE ( 'NONE', #780, 2.250000000000001776 ) ;
#1981 = ORIENTED_EDGE ( 'NONE', *, *, #2187, .T. ) ;
#1982 = AXIS2_PLACEMENT_3D ( 'NONE', #1524, #342, #1906 ) ;
#1983 = DIRECTION ( 'NONE',  ( -0.000000000000000000, 1.000000000000000000, -0.000000000000000000 ) ) ;
#1984 = VECTOR ( 'NONE', #2247, 1000.000000000000000 ) ;
#1985 = ORIENTED_EDGE ( 'NONE', *, *, #46, .T. ) ;
#1986 = FACE_OUTER_BOUND ( 'NONE', #1272, .T. ) ;
#1987 = DIRECTION ( 'NONE',  ( 0.000000000000000000, 0.000000000000000000, 1.000000000000000000 ) ) ;
#1988 = AXIS2_PLACEMENT_3D ( 'NONE', #2388, #2332, #1380 ) ;
#1989 = ORIENTED_EDGE ( 'NONE', *, *, #258, .T. ) ;
#1990 = VECTOR ( 'NONE', #1143, 1000.000000000000000 ) ;
#1991 = CARTESIAN_POINT ( 'NONE',  ( -30.00000000000000355, -1.500000000000000000, -21.00000000000000355 ) ) ;
#1992 = EDGE_CURVE ( 'NONE', #2532, #1514, #1325, .T. ) ;
#1993 = ORIENTED_EDGE ( 'NONE', *, *, #2401, .F. ) ;
#1994 = CARTESIAN_POINT ( 'NONE',  ( -12.37436867076456615, -1.500000000000000000, -7.925631329235463873 ) ) ;
#1995 = SURFACE_STYLE_USAGE ( .BOTH. , #26 ) ;
#1996 = ORIENTED_EDGE ( 'NONE', *, *, #1572, .F. ) ;
#1997 = LINE ( 'NONE', #1561, #1930 ) ;
#1998 = DIRECTION ( 'NONE',  ( 0.000000000000000000, 0.000000000000000000, -1.000000000000000000 ) ) ;
#1999 = CARTESIAN_POINT ( 'NONE',  ( -12.37436867076456615, -1.500000000000000000, 7.925631329235463873 ) ) ;
#2000 = EDGE_LOOP ( 'NONE', ( #1237, #2116, #102, #37 ) ) ;
#2001 = EDGE_CURVE ( 'NONE', #756, #940, #1773, .T. ) ;
#2002 = CARTESIAN_POINT ( 'NONE',  ( -8.908829169878046628, -1.299963615442095044, -15.52403962760443790 ) ) ;
#2003 = ORIENTED_EDGE ( 'NONE', *, *, #425, .T. ) ;
#2004 = CYLINDRICAL_SURFACE ( 'NONE', #1434, 1.599999999999997202 ) ;
#2005 = EDGE_CURVE ( 'NONE', #1009, #1744, #2151, .T. ) ;
#2006 = ORIENTED_EDGE ( 'NONE', *, *, #2144, .F. ) ;
#2007 = ORIENTED_EDGE ( 'NONE', *, *, #2043, .F. ) ;
#2008 = CARTESIAN_POINT ( 'NONE',  ( 19.99999999999998579, -198.5000000000000000, -47.49999999999999289 ) ) ;
#2009 = DIRECTION ( 'NONE',  ( 0.000000000000000000, 0.000000000000000000, -1.000000000000000000 ) ) ;
#2010 = VERTEX_POINT ( 'NONE', #2196 ) ;
#2011 = DIRECTION ( 'NONE',  ( 0.000000000000000000, 0.000000000000000000, 1.000000000000000000 ) ) ;
#2012 = CARTESIAN_POINT ( 'NONE',  ( 0.000000000000000000, 1.500000000000000000, 25.00000000000000000 ) ) ;
#2013 = VERTEX_POINT ( 'NONE', #545 ) ;
#2014 = FACE_BOUND ( 'NONE', #1685, .T. ) ;
#2015 = AXIS2_PLACEMENT_3D ( 'NONE', #2491, #2330, #902 ) ;
#2016 = CIRCLE ( 'NONE', #1597, 4.700000000000002842 ) ;
#2017 = AXIS2_PLACEMENT_3D ( 'NONE', #2140, #1734, #1332 ) ;
#2018 = APPLICATION_CONTEXT ( 'automotive_design' ) ;
#2019 = VERTEX_POINT ( 'NONE', #1948 ) ;
#2020 = VECTOR ( 'NONE', #589, 1000.000000000000000 ) ;
#2021 = DIRECTION ( 'NONE',  ( -0.000000000000000000, -1.000000000000000000, -0.000000000000000000 ) ) ;
#2022 = CARTESIAN_POINT ( 'NONE',  ( -12.37436867076456615, 0.9500000000000002887, 12.62563132923546405 ) ) ;
#2023 = CIRCLE ( 'NONE', #899, 2.250000000000001776 ) ;
#2024 = ORIENTED_EDGE ( 'NONE', *, *, #2108, .F. ) ;
#2025 = CIRCLE ( 'NONE', #900, 1.599999999999997202 ) ;
#2026 = LINE ( 'NONE', #2444, #2266 ) ;
#2027 = CYLINDRICAL_SURFACE ( 'NONE', #1646, 1.600000000000001865 ) ;
#2028 = ORIENTED_EDGE ( 'NONE', *, *, #677, .F. ) ;
#2029 = EDGE_CURVE ( 'NONE', #1410, #340, #1294, .T. ) ;
#2030 = LINE ( 'NONE', #287, #1103 ) ;
#2031 = CARTESIAN_POINT ( 'NONE',  ( 12.37436867076456437, 0.9500000000000002887, 37.37436867076459635 ) ) ;
#2032 = ORIENTED_EDGE ( 'NONE', *, *, #2066, .F. ) ;
#2033 = EDGE_CURVE ( 'NONE', #1618, #889, #990, .T. ) ;
#2034 = CARTESIAN_POINT ( 'NONE',  ( -12.37436867076456437, -1.500000000000000000, -37.37436867076459635 ) ) ;
#2035 = VERTEX_POINT ( 'NONE', #20 ) ;
#2036 = EDGE_CURVE ( 'NONE', #2516, #1927, #2168, .T. ) ;
#2037 = PLANE ( 'NONE',  #476 ) ;
#2038 = ORIENTED_EDGE ( 'NONE', *, *, #1468, .T. ) ;
#2039 = CARTESIAN_POINT ( 'NONE',  ( -39.99999999999999289, 1.500000000000000000, -16.00000000000000000 ) ) ;
#2040 = ADVANCED_BREP_SHAPE_REPRESENTATION ( 'motor plate', ( #2384, #1283 ), #865 ) ;
#2041 = CARTESIAN_POINT ( 'NONE',  ( -25.00000000000000000, 1.500000000000000000, 60.00000000000000000 ) ) ;
#2042 = SURFACE_STYLE_FILL_AREA ( #840 ) ;
#2043 = EDGE_CURVE ( 'NONE', #1927, #1016, #1612, .T. ) ;
#2044 = LINE ( 'NONE', #265, #1076 ) ;
#2045 = DIRECTION ( 'NONE',  ( -0.000000000000000000, 1.000000000000000000, -0.000000000000000000 ) ) ;
#2046 = ADVANCED_FACE ( 'NONE', ( #169 ), #749, .F. ) ;
#2047 = ORIENTED_EDGE ( 'NONE', *, *, #1922, .T. ) ;
#2048 = DIRECTION ( 'NONE',  ( -0.000000000000000000, 1.000000000000000000, -0.000000000000000000 ) ) ;
#2049 = FACE_OUTER_BOUND ( 'NONE', #924, .T. ) ;
#2050 = EDGE_CURVE ( 'NONE', #1410, #691, #738, .T. ) ;
#2051 = CARTESIAN_POINT ( 'NONE',  ( -12.37436867076456615, 1.500000000000000000, -14.87563132923546227 ) ) ;
#2052 = ORIENTED_EDGE ( 'NONE', *, *, #2450, .F. ) ;
#2053 = DIRECTION ( 'NONE',  ( 0.000000000000000000, 0.000000000000000000, -1.000000000000000000 ) ) ;
#2054 = CARTESIAN_POINT ( 'NONE',  ( 12.37436867076456259, 0.9500000000000002887, -14.87563132923546938 ) ) ;
#2055 = CIRCLE ( 'NONE', #1470, 2.249999999999998668 ) ;
#2056 = VECTOR ( 'NONE', #959, 1000.000000000000000 ) ;
#2057 = CARTESIAN_POINT ( 'NONE',  ( 12.37436867076456437, -1.500000000000000000, 42.07436867076459919 ) ) ;
#2058 = LINE ( 'NONE', #1075, #692 ) ;
#2059 = AXIS2_PLACEMENT_3D ( 'NONE', #1937, #2143, #2552 ) ;
#2060 = ORIENTED_EDGE ( 'NONE', *, *, #1213, .F. ) ;
#2061 = CARTESIAN_POINT ( 'NONE',  ( -20.00000000000000000, 1.500000000000000000, 60.00000000000000000 ) ) ;
#2062 = FACE_BOUND ( 'NONE', #2180, .T. ) ;
#2063 = CIRCLE ( 'NONE', #1559, 4.699999999999999289 ) ;
#2064 = ORIENTED_EDGE ( 'NONE', *, *, #1511, .T. ) ;
#2065 = CARTESIAN_POINT ( 'NONE',  ( 12.37436867076456437, -1.500000000000000000, 37.37436867076459635 ) ) ;
#2066 = EDGE_CURVE ( 'NONE', #676, #1223, #1816, .T. ) ;
#2067 = CIRCLE ( 'NONE', #1369, 13.00000000000000178 ) ;
#2068 = CARTESIAN_POINT ( 'NONE',  ( 9.981075724962126472, -1.500000000000000000, -16.67064664139094887 ) ) ;
#2069 = FACE_OUTER_BOUND ( 'NONE', #807, .T. ) ;
#2070 = DIRECTION ( 'NONE',  ( 0.000000000000000000, 0.000000000000000000, 1.000000000000000000 ) ) ;
#2071 = ORIENTED_EDGE ( 'NONE', *, *, #1060, .F. ) ;
#2072 = DIRECTION ( 'NONE',  ( -0.000000000000000000, -1.000000000000000000, -0.000000000000000000 ) ) ;
#2073 = CARTESIAN_POINT ( 'NONE',  ( 8.908829169878050180, -1.299963615442132570, -34.47596037239556210 ) ) ;
#2074 = EDGE_CURVE ( 'NONE', #2359, #1877, #761, .T. ) ;
#2075 = ORIENTED_EDGE ( 'NONE', *, *, #755, .F. ) ;
#2076 = DIRECTION ( 'NONE',  ( 0.000000000000000000, 0.000000000000000000, -1.000000000000000000 ) ) ;
#2077 = VERTEX_POINT ( 'NONE', #369 ) ;
#2078 = CARTESIAN_POINT ( 'NONE',  ( -9.981075724962106932, -1.500000000000000000, -16.67064664139093111 ) ) ;
#2079 = LINE ( 'NONE', #2081, #609 ) ;
#2080 = DIRECTION ( 'NONE',  ( 0.000000000000000000, 1.000000000000000000, -0.000000000000000000 ) ) ;
#2081 = CARTESIAN_POINT ( 'NONE',  ( -30.25000000000000711, -8.500000000000000000, 6.872071167035008088 ) ) ;
#2082 = ORIENTED_EDGE ( 'NONE', *, *, #386, .F. ) ;
#2083 = CYLINDRICAL_SURFACE ( 'NONE', #768, 5.000000000000000888 ) ;
#2084 = DIRECTION ( 'NONE',  ( -1.000000000000000000, -0.000000000000000000, -0.000000000000000000 ) ) ;
#2085 = CARTESIAN_POINT ( 'NONE',  ( -30.25000000000000711, -1.499999999999999556, 11.17207116703499992 ) ) ;
#2086 = ORIENTED_EDGE ( 'NONE', *, *, #1382, .T. ) ;
#2087 = DIRECTION ( 'NONE',  ( 0.000000000000000000, -1.000000000000000000, 0.000000000000000000 ) ) ;
#2088 = ORIENTED_EDGE ( 'NONE', *, *, #1152, .F. ) ;
#2089 = DIRECTION ( 'NONE',  ( 0.000000000000000000, 0.000000000000000000, -1.000000000000000000 ) ) ;
#2090 = CIRCLE ( 'NONE', #2015, 4.999999999999997335 ) ;
#2091 = CARTESIAN_POINT ( 'NONE',  ( 19.99999999999998579, 1.500000000000000000, -47.49999999999999289 ) ) ;
#2092 = AXIS2_PLACEMENT_3D ( 'NONE', #2256, #1476, #1246 ) ;
#2093 = EDGE_CURVE ( 'NONE', #1221, #2232, #1547, .T. ) ;
#2094 = VERTEX_POINT ( 'NONE', #1220 ) ;
#2095 = ORIENTED_EDGE ( 'NONE', *, *, #567, .T. ) ;
#2096 = CARTESIAN_POINT ( 'NONE',  ( -25.00000000000000000, 1.500000000000000000, -54.99999999999999289 ) ) ;
#2097 = DIRECTION ( 'NONE',  ( -0.000000000000000000, -1.000000000000000000, -0.000000000000000000 ) ) ;
#2098 = AXIS2_PLACEMENT_3D ( 'NONE', #2107, #348, #1503 ) ;
#2099 = ORIENTED_EDGE ( 'NONE', *, *, #2498, .F. ) ;
#2100 = AXIS2_PLACEMENT_3D ( 'NONE', #1888, #115, #904 ) ;
#2101 = DIRECTION ( 'NONE',  ( 0.000000000000000000, 0.000000000000000000, -1.000000000000000000 ) ) ;
#2102 = DIRECTION ( 'NONE',  ( -0.000000000000000000, -1.000000000000000000, -0.000000000000000000 ) ) ;
#2103 = COLOUR_RGB ( '',0.7921568627450980005, 0.8196078431372548767, 0.9333333333333333481 ) ;
#2104 = ADVANCED_FACE ( 'NONE', ( #1000 ), #381, .F. ) ;
#2105 = VECTOR ( 'NONE', #2045, 1000.000000000000000 ) ;
#2106 = ORIENTED_EDGE ( 'NONE', *, *, #1718, .T. ) ;
#2107 = CARTESIAN_POINT ( 'NONE',  ( -12.37436867076456615, 1.500000000000000000, -12.62563132923546405 ) ) ;
#2108 = EDGE_CURVE ( 'NONE', #17, #2549, #1177, .T. ) ;
#2109 = CARTESIAN_POINT ( 'NONE',  ( -12.37436867076456615, -1.500000000000000000, -12.62563132923546405 ) ) ;
#2110 = VECTOR ( 'NONE', #1983, 1000.000000000000000 ) ;
#2111 = ORIENTED_EDGE ( 'NONE', *, *, #46, .F. ) ;
#2112 = DIRECTION ( 'NONE',  ( 0.000000000000000000, 1.000000000000000000, 0.000000000000000000 ) ) ;
#2113 = EDGE_CURVE ( 'NONE', #2013, #2278, #192, .T. ) ;
#2114 = DIRECTION ( 'NONE',  ( -0.000000000000000000, 1.000000000000000000, -0.000000000000000000 ) ) ;
#2115 = CARTESIAN_POINT ( 'NONE',  ( 0.000000000000000000, -1.500000000000000000, -25.00000000000000000 ) ) ;
#2116 = ORIENTED_EDGE ( 'NONE', *, *, #212, .F. ) ;
#2117 = DIRECTION ( 'NONE',  ( 0.000000000000000000, -1.000000000000000000, 0.000000000000000000 ) ) ;
#2118 = ORIENTED_EDGE ( 'NONE', *, *, #1043, .T. ) ;
#2119 = EDGE_CURVE ( 'NONE', #17, #2532, #1188, .T. ) ;
#2120 = CARTESIAN_POINT ( 'NONE',  ( 12.37436867076456259, -1.500000000000000000, -10.37563132923547116 ) ) ;
#2121 = CARTESIAN_POINT ( 'NONE',  ( -30.25000000000000000, -8.500000000000000000, -11.17207116703500347 ) ) ;
#2122 = SURFACE_STYLE_FILL_AREA ( #887 ) ;
#2123 = EDGE_CURVE ( 'NONE', #1864, #2278, #163, .T. ) ;
#2124 = VERTEX_POINT ( 'NONE', #2243 ) ;
#2125 = CARTESIAN_POINT ( 'NONE',  ( -12.37436867076456615, -1.500000000000000000, -10.37563132923546583 ) ) ;
#2126 = PLANE ( 'NONE',  #240 ) ;
#2127 = DIRECTION ( 'NONE',  ( 0.000000000000000000, -1.000000000000000000, 0.000000000000000000 ) ) ;
#2128 = EDGE_CURVE ( 'NONE', #1514, #372, #1053, .T. ) ;
#2129 = VERTEX_POINT ( 'NONE', #246 ) ;
#2130 = CARTESIAN_POINT ( 'NONE',  ( -12.37436867076456437, -1.500000000000000000, -37.37436867076459635 ) ) ;
#2131 = ORIENTED_EDGE ( 'NONE', *, *, #266, .F. ) ;
#2132 = FACE_OUTER_BOUND ( 'NONE', #1940, .T. ) ;
#2133 = CARTESIAN_POINT ( 'NONE',  ( -12.37436867076456437, -1.500000000000000000, 32.67436867076459350 ) ) ;
#2134 = VERTEX_POINT ( 'NONE', #832 ) ;
#2135 = CARTESIAN_POINT ( 'NONE',  ( 19.99999999999999645, 1.500000000000000000, -60.00000000000000000 ) ) ;
#2136 = DIRECTION ( 'NONE',  ( 0.000000000000000000, 0.000000000000000000, 1.000000000000000000 ) ) ;
#2137 = DIRECTION ( 'NONE',  ( 0.000000000000000000, 0.000000000000000000, -1.000000000000000000 ) ) ;
#2138 = CIRCLE ( 'NONE', #1436, 1.599999999999997202 ) ;
#2139 = ORIENTED_EDGE ( 'NONE', *, *, #1382, .F. ) ;
#2140 = CARTESIAN_POINT ( 'NONE',  ( 12.37436867076456437, -1.500000000000000000, 37.37436867076459635 ) ) ;
#2141 = ORIENTED_EDGE ( 'NONE', *, *, #386, .T. ) ;
#2142 = VECTOR ( 'NONE', #663, 1000.000000000000000 ) ;
#2143 = DIRECTION ( 'NONE',  ( -0.000000000000000000, 1.000000000000000000, -0.000000000000000000 ) ) ;
#2144 = EDGE_CURVE ( 'NONE', #2019, #2516, #2528, .T. ) ;
#2145 = DIRECTION ( 'NONE',  ( 0.000000000000000000, 0.000000000000000000, -1.000000000000000000 ) ) ;
#2146 = AXIS2_PLACEMENT_3D ( 'NONE', #1311, #2289, #2264 ) ;
#2147 = ORIENTED_EDGE ( 'NONE', *, *, #2128, .T. ) ;
#2148 = AXIS2_PLACEMENT_3D ( 'NONE', #2012, #2430, #1658 ) ;
#2149 = LINE ( 'NONE', #1459, #2310 ) ;
#2150 = CARTESIAN_POINT ( 'NONE',  ( 12.37436867076456259, -1.500000000000000000, -12.62563132923547116 ) ) ;
#2151 = CIRCLE ( 'NONE', #402, 1.599999999999997202 ) ;
#2152 = ORIENTED_EDGE ( 'NONE', *, *, #2285, .F. ) ;
#2153 = CARTESIAN_POINT ( 'NONE',  ( -30.25000000000000711, -8.500000000000000000, 11.17207116703499992 ) ) ;
#2154 = DIRECTION ( 'NONE',  ( -0.000000000000000000, -1.000000000000000000, -0.000000000000000000 ) ) ;
#2155 = VECTOR ( 'NONE', #510, 1000.000000000000000 ) ;
#2156 = DIRECTION ( 'NONE',  ( 0.000000000000000000, 0.000000000000000000, -1.000000000000000000 ) ) ;
#2157 = ORIENTED_EDGE ( 'NONE', *, *, #843, .T. ) ;
#2158 = DIRECTION ( 'NONE',  ( 0.000000000000000000, 0.000000000000000000, -1.000000000000000000 ) ) ;
#2159 = ADVANCED_FACE ( 'NONE', ( #62 ), #1426, .F. ) ;
#2160 = EDGE_LOOP ( 'NONE', ( #2355, #946, #570, #680 ) ) ;
#2161 = CYLINDRICAL_SURFACE ( 'NONE', #1976, 2.149999999999999023 ) ;
#2162 = ADVANCED_FACE ( 'NONE', ( #54 ), #2272, .F. ) ;
#2163 = ORIENTED_EDGE ( 'NONE', *, *, #917, .T. ) ;
#2164 = FACE_OUTER_BOUND ( 'NONE', #1532, .T. ) ;
#2165 = ORIENTED_EDGE ( 'NONE', *, *, #463, .T. ) ;
#2166 = FACE_OUTER_BOUND ( 'NONE', #1042, .T. ) ;
#2167 = CARTESIAN_POINT ( 'NONE',  ( 8.329353358609159486, -1.500000000000000000, 34.98107572496203233 ) ) ;
#2168 = LINE ( 'NONE', #1563, #2484 ) ;
#2169 = ORIENTED_EDGE ( 'NONE', *, *, #811, .T. ) ;
#2170 = CARTESIAN_POINT ( 'NONE',  ( -8.329353358609093760, -1.500000000000000000, -15.01892427503791261 ) ) ;
#2171 = ORIENTED_EDGE ( 'NONE', *, *, #2488, .F. ) ;
#2172 = DIRECTION ( 'NONE',  ( -0.000000000000000000, -0.000000000000000000, 1.000000000000000000 ) ) ;
#2173 = VERTEX_POINT ( 'NONE', #77 ) ;
#2174 = CARTESIAN_POINT ( 'NONE',  ( -25.00000000000000000, 1.500000000000000000, 60.00000000000000000 ) ) ;
#2175 = ORIENTED_EDGE ( 'NONE', *, *, #727, .T. ) ;
#2176 = FACE_OUTER_BOUND ( 'NONE', #1063, .T. ) ;
#2177 = CARTESIAN_POINT ( 'NONE',  ( -19.99999999999998579, -198.5000000000000000, -47.49999999999999289 ) ) ;
#2178 = EDGE_CURVE ( 'NONE', #1784, #1973, #828, .T. ) ;
#2179 = DIRECTION ( 'NONE',  ( 0.000000000000000000, -0.7071067811865473507, -0.7071067811865477948 ) ) ;
#2180 = EDGE_LOOP ( 'NONE', ( #1993, #1300 ) ) ;
#2181 = VECTOR ( 'NONE', #404, 1000.000000000000000 ) ;
#2182 = LINE ( 'NONE', #988, #352 ) ;
#2183 = VECTOR ( 'NONE', #681, 1000.000000000000000 ) ;
#2184 = VERTEX_POINT ( 'NONE', #1628 ) ;
#2185 = AXIS2_PLACEMENT_3D ( 'NONE', #1581, #2377, #2158 ) ;
#2186 = CARTESIAN_POINT ( 'NONE',  ( -19.99999999999998579, -198.5000000000000000, -45.89999999999999858 ) ) ;
#2187 = EDGE_CURVE ( 'NONE', #2549, #1381, #1688, .T. ) ;
#2188 = CIRCLE ( 'NONE', #2226, 4.700000000000002842 ) ;
#2189 = AXIS2_PLACEMENT_3D ( 'NONE', #953, #1129, #2540 ) ;
#2190 = LINE ( 'NONE', #1726, #1990 ) ;
#2191 = EDGE_CURVE ( 'NONE', #1744, #56, #2058, .T. ) ;
#2192 = VECTOR ( 'NONE', #2280, 1000.000000000000000 ) ;
#2193 = ORIENTED_EDGE ( 'NONE', *, *, #1213, .T. ) ;
#2194 = DIRECTION ( 'NONE',  ( 0.000000000000000000, 0.000000000000000000, -1.000000000000000000 ) ) ;
#2195 = DIRECTION ( 'NONE',  ( 0.000000000000000000, 0.000000000000000000, -1.000000000000000000 ) ) ;
#2196 = CARTESIAN_POINT ( 'NONE',  ( -19.99999999999998579, -1.500000000000001332, 45.89999999999999858 ) ) ;
#2197 = VECTOR ( 'NONE', #2179, 999.9999999999998863 ) ;
#2198 = ADVANCED_FACE ( 'NONE', ( #2217 ), #569, .F. ) ;
#2199 = ORIENTED_EDGE ( 'NONE', *, *, #834, .F. ) ;
#2200 = AXIS2_PLACEMENT_3D ( 'NONE', #2109, #1868, #914 ) ;
#2201 = DIRECTION ( 'NONE',  ( -0.000000000000000000, -1.000000000000000000, -0.000000000000000000 ) ) ;
#2202 = ORIENTED_EDGE ( 'NONE', *, *, #1136, .T. ) ;
#2203 = LINE ( 'NONE', #2569, #150 ) ;
#2204 = FILL_AREA_STYLE_COLOUR ( '', #2103 ) ;
#2205 = VERTEX_POINT ( 'NONE', #1637 ) ;
#2206 = LINE ( 'NONE', #18, #2181 ) ;
#2207 = DIRECTION ( 'NONE',  ( 0.000000000000000000, -1.000000000000000000, 0.000000000000000000 ) ) ;
#2208 = DIRECTION ( 'NONE',  ( 0.000000000000000000, 0.000000000000000000, -1.000000000000000000 ) ) ;
#2209 = VERTEX_POINT ( 'NONE', #417 ) ;
#2210 = CYLINDRICAL_SURFACE ( 'NONE', #1933, 1.599999999999997202 ) ;
#2211 = DIRECTION ( 'NONE',  ( 0.000000000000000000, 1.000000000000000000, 0.000000000000000000 ) ) ;
#2212 = DIRECTION ( 'NONE',  ( -0.000000000000000000, -1.000000000000000000, -0.000000000000000000 ) ) ;
#2213 = EDGE_CURVE ( 'NONE', #350, #372, #652, .T. ) ;
#2214 = ORIENTED_EDGE ( 'NONE', *, *, #492, .F. ) ;
#2215 = DIRECTION ( 'NONE',  ( -0.000000000000000000, 1.000000000000000000, -0.000000000000000000 ) ) ;
#2216 = ORIENTED_EDGE ( 'NONE', *, *, #594, .F. ) ;
#2217 = FACE_OUTER_BOUND ( 'NONE', #23, .T. ) ;
#2218 = ORIENTED_EDGE ( 'NONE', *, *, #1801, .T. ) ;
#2219 = LINE ( 'NONE', #2245, #2568 ) ;
#2220 = CARTESIAN_POINT ( 'NONE',  ( -12.37436867076456437, 1.500000000000000000, 37.37436867076459635 ) ) ;
#2221 = AXIS2_PLACEMENT_3D ( 'NONE', #916, #1692, #1729 ) ;
#2222 = ORIENTED_EDGE ( 'NONE', *, *, #2093, .F. ) ;
#2223 = FACE_OUTER_BOUND ( 'NONE', #598, .T. ) ;
#2224 = AXIS2_PLACEMENT_3D ( 'NONE', #1017, #411, #1422 ) ;
#2225 = ADVANCED_FACE ( 'NONE', ( #30 ), #1831, .F. ) ;
#2226 = AXIS2_PLACEMENT_3D ( 'NONE', #486, #1269, #885 ) ;
#2227 = ORIENTED_EDGE ( 'NONE', *, *, #1558, .T. ) ;
#2228 = AXIS2_PLACEMENT_3D ( 'NONE', #497, #1282, #662 ) ;
#2229 = CARTESIAN_POINT ( 'NONE',  ( 12.37436867076456437, -1.500000000000000000, -37.37436867076459635 ) ) ;
#2230 = DIRECTION ( 'NONE',  ( 0.000000000000000000, -1.000000000000000000, 0.000000000000000000 ) ) ;
#2231 = CIRCLE ( 'NONE', #2570, 1.599999999999997202 ) ;
#2232 = VERTEX_POINT ( 'NONE', #816 ) ;
#2233 = CIRCLE ( 'NONE', #1115, 2.250000000000001776 ) ;
#2234 = FACE_OUTER_BOUND ( 'NONE', #2481, .T. ) ;
#2235 = AXIS2_PLACEMENT_3D ( 'NONE', #1770, #779, #1783 ) ;
#2236 = ORIENTED_EDGE ( 'NONE', *, *, #1839, .T. ) ;
#2237 = CARTESIAN_POINT ( 'NONE',  ( -12.37436867076456437, -1.500000000000000000, -42.07436867076459919 ) ) ;
#2238 = AXIS2_PLACEMENT_3D ( 'NONE', #97, #1700, #126 ) ;
#2239 = EDGE_CURVE ( 'NONE', #2173, #2205, #2044, .T. ) ;
#2240 = EDGE_CURVE ( 'NONE', #166, #2013, #1847, .T. ) ;
#2241 = ORIENTED_EDGE ( 'NONE', *, *, #1650, .T. ) ;
#2242 = DIRECTION ( 'NONE',  ( 0.000000000000000000, 0.000000000000000000, -1.000000000000000000 ) ) ;
#2243 = CARTESIAN_POINT ( 'NONE',  ( 19.99999999999998579, 1.500000000000000000, 45.89999999999999858 ) ) ;
#2244 = ORIENTED_EDGE ( 'NONE', *, *, #1167, .T. ) ;
#2245 = CARTESIAN_POINT ( 'NONE',  ( 0.000000000000000000, -1.500000000000000000, -12.00000000000000000 ) ) ;
#2246 = CARTESIAN_POINT ( 'NONE',  ( 0.000000000000000000, -1.500000000000000000, 25.00000000000000000 ) ) ;
#2247 = DIRECTION ( 'NONE',  ( -0.000000000000000000, 1.000000000000000000, -0.000000000000000000 ) ) ;
#2248 = ORIENTED_EDGE ( 'NONE', *, *, #164, .T. ) ;
#2249 = DIRECTION ( 'NONE',  ( -0.000000000000000000, -1.000000000000000000, -0.000000000000000000 ) ) ;
#2250 = CARTESIAN_POINT ( 'NONE',  ( -12.37436867076456615, -1.500000000000000000, -12.62563132923546405 ) ) ;
#2251 = DIRECTION ( 'NONE',  ( -0.000000000000000000, 0.000000000000000000, 1.000000000000000000 ) ) ;
#2252 = CARTESIAN_POINT ( 'NONE',  ( -12.37436867076456437, -1.500000000000000000, 37.37436867076459635 ) ) ;
#2253 = ORIENTED_EDGE ( 'NONE', *, *, #114, .T. ) ;
#2254 = DIRECTION ( 'NONE',  ( 0.000000000000000000, 0.000000000000000000, -1.000000000000000000 ) ) ;
#2255 = VERTEX_POINT ( 'NONE', #2451 ) ;
#2256 = CARTESIAN_POINT ( 'NONE',  ( 0.000000000000000000, -1.500000000000000000, -25.00000000000000000 ) ) ;
#2257 = CARTESIAN_POINT ( 'NONE',  ( 0.000000000000000000, 1.500000000000000000, -25.00000000000000000 ) ) ;
#2258 = DIRECTION ( 'NONE',  ( 0.000000000000000000, 0.000000000000000000, -1.000000000000000000 ) ) ;
#2259 = AXIS2_PLACEMENT_3D ( 'NONE', #460, #861, #1083 ) ;
#2260 = FACE_OUTER_BOUND ( 'NONE', #1680, .T. ) ;
#2261 = ADVANCED_FACE ( 'NONE', ( #2416 ), #462, .F. ) ;
#2262 = VECTOR ( 'NONE', #506, 1000.000000000000000 ) ;
#2263 = VERTEX_POINT ( 'NONE', #1606 ) ;
#2264 = DIRECTION ( 'NONE',  ( 0.000000000000000000, 0.000000000000000000, -1.000000000000000000 ) ) ;
#2265 = CARTESIAN_POINT ( 'NONE',  ( 8.329353358609154157, -1.500000000000000000, -34.98107572496203233 ) ) ;
#2266 = VECTOR ( 'NONE', #1630, 1000.000000000000000 ) ;
#2267 = EDGE_CURVE ( 'NONE', #1451, #1877, #1731, .T. ) ;
#2268 = AXIS2_PLACEMENT_3D ( 'NONE', #2150, #365, #1399 ) ;
#2269 = ORIENTED_EDGE ( 'NONE', *, *, #373, .T. ) ;
#2270 = CIRCLE ( 'NONE', #785, 4.699999999999999289 ) ;
#2271 = CARTESIAN_POINT ( 'NONE',  ( -9.981075724962106932, -1.500000000000000000, 16.67064664139093111 ) ) ;
#2272 = CONICAL_SURFACE ( 'NONE', #1164, 4.700000000000002842, 0.7853981633974481680 ) ;
#2273 = DIRECTION ( 'NONE',  ( 0.000000000000000000, 0.000000000000000000, -1.000000000000000000 ) ) ;
#2274 = DIRECTION ( 'NONE',  ( -0.000000000000000000, 1.000000000000000000, -0.000000000000000000 ) ) ;
#2275 =( LENGTH_UNIT ( ) NAMED_UNIT ( * ) SI_UNIT ( .MILLI., .METRE. ) );
#2276 = UNCERTAINTY_MEASURE_WITH_UNIT (LENGTH_MEASURE( 1.000000000000000082E-05 ), #852, 'distance_accuracy_value', 'NONE');
#2277 = ORIENTED_EDGE ( 'NONE', *, *, #264, .F. ) ;
#2278 = VERTEX_POINT ( 'NONE', #428 ) ;
#2279 = CARTESIAN_POINT ( 'NONE',  ( 20.00000000000000000, -1.500000000000000000, 55.00000000000000000 ) ) ;
#2280 = DIRECTION ( 'NONE',  ( 1.000000000000000000, -0.000000000000000000, 0.000000000000000000 ) ) ;
#2281 = ORIENTED_EDGE ( 'NONE', *, *, #14, .T. ) ;
#2282 = FACE_OUTER_BOUND ( 'NONE', #621, .T. ) ;
#2283 = ORIENTED_EDGE ( 'NONE', *, *, #1835, .T. ) ;
#2284 = DIRECTION ( 'NONE',  ( -0.000000000000000000, -1.000000000000000000, -0.000000000000000000 ) ) ;
#2285 = EDGE_CURVE ( 'NONE', #997, #15, #1025, .T. ) ;
#2286 = DIRECTION ( 'NONE',  ( 8.659560562354936556E-17, -0.7071067811865473507, 0.7071067811865477948 ) ) ;
#2287 = ORIENTED_EDGE ( 'NONE', *, *, #1718, .F. ) ;
#2288 = VERTEX_POINT ( 'NONE', #1097 ) ;
#2289 = DIRECTION ( 'NONE',  ( -0.000000000000000000, -1.000000000000000000, -0.000000000000000000 ) ) ;
#2290 = DIRECTION ( 'NONE',  ( 0.000000000000000000, 1.000000000000000000, 0.000000000000000000 ) ) ;
#2291 = ADVANCED_FACE ( 'NONE', ( #2260 ), #870, .F. ) ;
#2292 = DIRECTION ( 'NONE',  ( 0.000000000000000000, 0.000000000000000000, -1.000000000000000000 ) ) ;
#2293 = ORIENTED_EDGE ( 'NONE', *, *, #1080, .F. ) ;
#2294 = CARTESIAN_POINT ( 'NONE',  ( -39.99999999999999289, -1.500000000000000000, -11.00000000000000000 ) ) ;
#2295 = ORIENTED_EDGE ( 'NONE', *, *, #1373, .F. ) ;
#2296 = CARTESIAN_POINT ( 'NONE',  ( -12.37436867076456437, 0.9500000000000002887, -39.62436867076459635 ) ) ;
#2297 = EDGE_CURVE ( 'NONE', #612, #1583, #1819, .T. ) ;
#2298 = CARTESIAN_POINT ( 'NONE',  ( -12.37436867076456615, -1.500000000000000000, 12.62563132923546405 ) ) ;
#2299 = VECTOR ( 'NONE', #1602, 1000.000000000000000 ) ;
#2300 = EDGE_LOOP ( 'NONE', ( #2551, #2413 ) ) ;
#2301 = CARTESIAN_POINT ( 'NONE',  ( 12.37436867076456437, 1.500000000000000000, -37.37436867076459635 ) ) ;
#2302 = AXIS2_PLACEMENT_3D ( 'NONE', #357, #171, #710 ) ;
#2303 = EDGE_CURVE ( 'NONE', #691, #447, #1214, .T. ) ;
#2304 = DIRECTION ( 'NONE',  ( -1.000000000000000000, 0.000000000000000000, -0.000000000000000000 ) ) ;
#2305 = DIRECTION ( 'NONE',  ( 0.000000000000000000, 0.000000000000000000, -1.000000000000000000 ) ) ;
#2306 = AXIS2_PLACEMENT_3D ( 'NONE', #1925, #2497, #1334 ) ;
#2307 = EDGE_LOOP ( 'NONE', ( #1539, #257 ) ) ;
#2308 = AXIS2_PLACEMENT_3D ( 'NONE', #456, #445, #283 ) ;
#2309 = CARTESIAN_POINT ( 'NONE',  ( -12.37436867076456615, 0.9500000000000002887, -14.87563132923546227 ) ) ;
#2310 = VECTOR ( 'NONE', #278, 1000.000000000000000 ) ;
#2311 = ORIENTED_EDGE ( 'NONE', *, *, #1490, .T. ) ;
#2312 = ADVANCED_FACE ( 'NONE', ( #300 ), #474, .F. ) ;
#2313 = LINE ( 'NONE', #162, #2262 ) ;
#2314 = B_SPLINE_CURVE_WITH_KNOTS ( 'NONE', 3,
 ( #2265, #1889, #2073, #294, #2504, #1497 ),
 .UNSPECIFIED., .F., .F.,
 ( 4, 2, 4 ),
 ( 6.224426167940990730E-07, 0.001187034362935188853, 0.002373446283253583325 ),
 .UNSPECIFIED. ) ;
#2315 = AXIS2_PLACEMENT_3D ( 'NONE', #2548, #406, #1405 ) ;
#2316 = AXIS2_PLACEMENT_3D ( 'NONE', #2252, #2427, #666 ) ;
#2317 = EDGE_CURVE ( 'NONE', #297, #1019, #522, .T. ) ;
#2318 = PLANE ( 'NONE',  #2486 ) ;
#2319 = EDGE_LOOP ( 'NONE', ( #550, #2141, #1870, #25 ) ) ;
#2320 = EDGE_LOOP ( 'NONE', ( #118, #321 ) ) ;
#2321 = CARTESIAN_POINT ( 'NONE',  ( -39.99999999999999289, -1.500000000000000000, 11.00000000000000000 ) ) ;
#2322 = DIRECTION ( 'NONE',  ( 1.000000000000000000, 0.000000000000000000, 0.000000000000000000 ) ) ;
#2323 = ORIENTED_EDGE ( 'NONE', *, *, #2240, .T. ) ;
#2324 = DIRECTION ( 'NONE',  ( -0.000000000000000000, -1.000000000000000000, -0.000000000000000000 ) ) ;
#2325 = ORIENTED_EDGE ( 'NONE', *, *, #1908, .F. ) ;
#2326 = DIRECTION ( 'NONE',  ( 0.000000000000000000, 0.000000000000000000, -1.000000000000000000 ) ) ;
#2327 = DIRECTION ( 'NONE',  ( -0.000000000000000000, 1.000000000000000000, -0.000000000000000000 ) ) ;
#2328 = CARTESIAN_POINT ( 'NONE',  ( -12.37436867076456615, 1.500000000000000000, -10.37563132923546583 ) ) ;
#2329 = ORIENTED_EDGE ( 'NONE', *, *, #989, .F. ) ;
#2330 = DIRECTION ( 'NONE',  ( -0.000000000000000000, 1.000000000000000000, -0.000000000000000000 ) ) ;
#2331 = DIRECTION ( 'NONE',  ( 0.000000000000000000, 0.000000000000000000, 1.000000000000000000 ) ) ;
#2332 = DIRECTION ( 'NONE',  ( 0.000000000000000000, -1.000000000000000000, 0.000000000000000000 ) ) ;
#2333 = ADVANCED_FACE ( 'NONE', ( #2069 ), #740, .F. ) ;
#2334 = ORIENTED_EDGE ( 'NONE', *, *, #309, .F. ) ;
#2335 = CARTESIAN_POINT ( 'NONE',  ( 19.99999999999999645, 1.500000000000000000, -55.00000000000000000 ) ) ;
#2336 = EDGE_LOOP ( 'NONE', ( #306, #1158 ) ) ;
#2337 = CARTESIAN_POINT ( 'NONE',  ( -12.37436867076456437, 0.9500000000000002887, 39.62436867076459635 ) ) ;
#2338 = CARTESIAN_POINT ( 'NONE',  ( 12.37436867076456437, -1.500000000000000000, 42.07436867076459919 ) ) ;
#2339 = DIRECTION ( 'NONE',  ( 0.000000000000000000, -1.000000000000000000, 0.000000000000000000 ) ) ;
#2340 = ORIENTED_EDGE ( 'NONE', *, *, #648, .T. ) ;
#2341 = FACE_OUTER_BOUND ( 'NONE', #1439, .T. ) ;
#2342 = DIRECTION ( 'NONE',  ( 0.000000000000000000, 1.000000000000000000, 0.000000000000000000 ) ) ;
#2343 = EDGE_CURVE ( 'NONE', #1185, #1589, #1286, .T. ) ;
#2344 = CARTESIAN_POINT ( 'NONE',  ( -30.00000000000000355, 1.500000000000000000, -21.00000000000000355 ) ) ;
#2345 = AXIS2_PLACEMENT_3D ( 'NONE', #595, #583, #1396 ) ;
#2346 = ORIENTED_EDGE ( 'NONE', *, *, #2479, .T. ) ;
#2347 = DIRECTION ( 'NONE',  ( 0.000000000000000000, 0.000000000000000000, -1.000000000000000000 ) ) ;
#2348 = VECTOR ( 'NONE', #2324, 1000.000000000000000 ) ;
#2349 = EDGE_CURVE ( 'NONE', #206, #1309, #290, .T. ) ;
#2350 = ORIENTED_EDGE ( 'NONE', *, *, #159, .F. ) ;
#2351 = CIRCLE ( 'NONE', #1935, 1.599999999999997202 ) ;
#2352 = DIRECTION ( 'NONE',  ( -0.000000000000000000, -1.000000000000000000, -0.000000000000000000 ) ) ;
#2353 = VECTOR ( 'NONE', #553, 1000.000000000000000 ) ;
#2354 = CONICAL_SURFACE ( 'NONE', #2146, 4.700000000000002842, 0.7853981633974483900 ) ;
#2355 = ORIENTED_EDGE ( 'NONE', *, *, #539, .F. ) ;
#2356 = VECTOR ( 'NONE', #771, 1000.000000000000000 ) ;
#2357 = DIRECTION ( 'NONE',  ( -0.000000000000000000, 1.000000000000000000, -0.000000000000000000 ) ) ;
#2358 = CONICAL_SURFACE ( 'NONE', #1249, 4.699999999999999289, 0.7853981633974483900 ) ;
#2359 = VERTEX_POINT ( 'NONE', #1882 ) ;
#2360 = CARTESIAN_POINT ( 'NONE',  ( -8.329353358609093760, -1.500000000000000000, -15.01892427503791261 ) ) ;
#2361 =( GEOMETRIC_REPRESENTATION_CONTEXT ( 3 ) GLOBAL_UNCERTAINTY_ASSIGNED_CONTEXT ( ( #1254 ) ) GLOBAL_UNIT_ASSIGNED_CONTEXT ( ( #2275, #110, #1859 ) ) REPRESENTATION_CONTEXT ( 'NONE', 'WORKASPACE' ) );
#2362 = DIRECTION ( 'NONE',  ( -0.000000000000000000, -1.000000000000000000, -0.000000000000000000 ) ) ;
#2363 = ORIENTED_EDGE ( 'NONE', *, *, #1468, .F. ) ;
#2364 = CARTESIAN_POINT ( 'NONE',  ( -25.00000000000000000, 1.500000000000000000, 60.00000000000000000 ) ) ;
#2365 = ORIENTED_EDGE ( 'NONE', *, *, #1582, .F. ) ;
#2366 = FACE_BOUND ( 'NONE', #928, .T. ) ;
#2367 = ORIENTED_EDGE ( 'NONE', *, *, #1723, .T. ) ;
#2368 = PLANE ( 'NONE',  #2439 ) ;
#2369 = CARTESIAN_POINT ( 'NONE',  ( 19.99999999999997868, -198.5000000000000000, 1.131955512893109662E-31 ) ) ;
#2370 = CARTESIAN_POINT ( 'NONE',  ( 12.37436867076456259, 1.500000000000000000, 14.87563132923546938 ) ) ;
#2371 = ORIENTED_EDGE ( 'NONE', *, *, #1018, .F. ) ;
#2372 = DIRECTION ( 'NONE',  ( 8.659560562354931626E-17, -0.7071067811865476838, 0.7071067811865474617 ) ) ;
#2373 = DIRECTION ( 'NONE',  ( 0.000000000000000000, 0.000000000000000000, -1.000000000000000000 ) ) ;
#2374 = DIRECTION ( 'NONE',  ( 0.000000000000000000, -1.000000000000000000, 0.000000000000000000 ) ) ;
#2375 = ORIENTED_EDGE ( 'NONE', *, *, #419, .T. ) ;
#2376 = EDGE_CURVE ( 'NONE', #895, #217, #1251, .T. ) ;
#2377 = DIRECTION ( 'NONE',  ( -0.000000000000000000, -1.000000000000000000, -0.000000000000000000 ) ) ;
#2378 = EDGE_LOOP ( 'NONE', ( #292, #2340 ) ) ;
#2379 = CARTESIAN_POINT ( 'NONE',  ( -9.737766343023567472, -1.372968972341208405, 16.37908867030158788 ) ) ;
#2380 = ADVANCED_FACE ( 'NONE', ( #1482 ), #2318, .F. ) ;
#2381 = ORIENTED_EDGE ( 'NONE', *, *, #1433, .T. ) ;
#2382 = LINE ( 'NONE', #1173, #285 ) ;
#2383 = EDGE_CURVE ( 'NONE', #860, #1864, #1086, .T. ) ;
#2384 = MANIFOLD_SOLID_BREP ( '∂Øƒ - âüÇµèoÇµ4', #1236 ) ;
#2385 = ORIENTED_EDGE ( 'NONE', *, *, #1458, .T. ) ;
#2386 = CARTESIAN_POINT ( 'NONE',  ( 20.00000000000000000, 1.500000000000000000, 55.00000000000000000 ) ) ;
#2387 = DIRECTION ( 'NONE',  ( -0.000000000000000000, 1.000000000000000000, -0.000000000000000000 ) ) ;
#2388 = CARTESIAN_POINT ( 'NONE',  ( -30.25000000000000000, -1.499999999999999556, -9.022071167035003114 ) ) ;
#2389 = ORIENTED_EDGE ( 'NONE', *, *, #1458, .F. ) ;
#2390 = CARTESIAN_POINT ( 'NONE',  ( -12.37436867076456437, -1.500000000000000000, -32.67436867076459350 ) ) ;
#2391 = AXIS2_PLACEMENT_3D ( 'NONE', #838, #13, #1614 ) ;
#2392 = EDGE_CURVE ( 'NONE', #2278, #758, #124, .T. ) ;
#2393 = ORIENTED_EDGE ( 'NONE', *, *, #10, .F. ) ;
#2394 = CIRCLE ( 'NONE', #509, 13.00000000000000178 ) ;
#2395 = FACE_BOUND ( 'NONE', #427, .T. ) ;
#2396 = ORIENTED_EDGE ( 'NONE', *, *, #886, .F. ) ;
#2397 = CIRCLE ( 'NONE', #1281, 1.600000000000001865 ) ;
#2398 = AXIS2_PLACEMENT_3D ( 'NONE', #458, #1891, #2292 ) ;
#2399 = ORIENTED_EDGE ( 'NONE', *, *, #2434, .T. ) ;
#2400 = CARTESIAN_POINT ( 'NONE',  ( -19.99999999999998579, 1.500000000000000000, -45.89999999999999858 ) ) ;
#2401 = EDGE_CURVE ( 'NONE', #940, #756, #1651, .T. ) ;
#2402 = DIRECTION ( 'NONE',  ( 0.000000000000000000, 0.000000000000000000, -1.000000000000000000 ) ) ;
#2403 = CARTESIAN_POINT ( 'NONE',  ( 12.37436867076456437, 0.9500000000000002887, -37.37436867076459635 ) ) ;
#2404 = FACE_OUTER_BOUND ( 'NONE', #2466, .T. ) ;
#2405 = AXIS2_PLACEMENT_3D ( 'NONE', #1253, #2230, #1821 ) ;
#2406 = EDGE_LOOP ( 'NONE', ( #1904, #542, #640, #1766, #254, #336, #1803, #697, #752, #1920, #188, #213, #915, #267, #1627, #833, #1340, #2216 ) ) ;
#2407 = VECTOR ( 'NONE', #2489, 1000.000000000000000 ) ;
#2408 = EDGE_CURVE ( 'NONE', #1927, #1892, #1747, .T. ) ;
#2409 = DIRECTION ( 'NONE',  ( -0.000000000000000000, -1.000000000000000000, -0.000000000000000000 ) ) ;
#2410 = DIRECTION ( 'NONE',  ( -0.000000000000000000, -1.000000000000000000, -0.000000000000000000 ) ) ;
#2411 = ORIENTED_EDGE ( 'NONE', *, *, #615, .F. ) ;
#2412 = DIRECTION ( 'NONE',  ( -0.000000000000000000, 1.000000000000000000, -0.000000000000000000 ) ) ;
#2413 = ORIENTED_EDGE ( 'NONE', *, *, #2488, .T. ) ;
#2414 = APPLICATION_PROTOCOL_DEFINITION ( 'draft international standard', 'automotive_design', 1998, #2018 ) ;
#2415 = ORIENTED_EDGE ( 'NONE', *, *, #2074, .F. ) ;
#2416 = FACE_OUTER_BOUND ( 'NONE', #842, .T. ) ;
#2417 = ORIENTED_EDGE ( 'NONE', *, *, #677, .T. ) ;
#2418 = CYLINDRICAL_SURFACE ( 'NONE', #1441, 1.599999999999997202 ) ;
#2419 = DIRECTION ( 'NONE',  ( -0.000000000000000000, -1.000000000000000000, -0.000000000000000000 ) ) ;
#2420 = EDGE_CURVE ( 'NONE', #770, #1784, #1903, .T. ) ;
#2421 = ORIENTED_EDGE ( 'NONE', *, *, #221, .F. ) ;
#2422 = DIRECTION ( 'NONE',  ( 0.000000000000000000, 0.000000000000000000, 1.000000000000000000 ) ) ;
#2423 = EDGE_CURVE ( 'NONE', #574, #1182, #2190, .T. ) ;
#2424 = DIRECTION ( 'NONE',  ( 1.000000000000000000, 0.000000000000000000, 0.000000000000000000 ) ) ;
#2425 = ORIENTED_EDGE ( 'NONE', *, *, #2434, .F. ) ;
#2426 = FACE_OUTER_BOUND ( 'NONE', #1548, .T. ) ;
#2427 = DIRECTION ( 'NONE',  ( -0.000000000000000000, -1.000000000000000000, -0.000000000000000000 ) ) ;
#2428 = ORIENTED_EDGE ( 'NONE', *, *, #1757, .T. ) ;
#2429 = EDGE_CURVE ( 'NONE', #1381, #1618, #1926, .T. ) ;
#2430 = DIRECTION ( 'NONE',  ( -0.000000000000000000, -1.000000000000000000, -0.000000000000000000 ) ) ;
#2431 = VECTOR ( 'NONE', #1099, 1000.000000000000000 ) ;
#2432 = VERTEX_POINT ( 'NONE', #1573 ) ;
#2433 = DIRECTION ( 'NONE',  ( 0.000000000000000000, 1.000000000000000000, -0.000000000000000000 ) ) ;
#2434 = EDGE_CURVE ( 'NONE', #781, #170, #1122, .T. ) ;
#2435 = CIRCLE ( 'NONE', #2092, 13.00000000000000178 ) ;
#2436 = AXIS2_PLACEMENT_3D ( 'NONE', #2364, #1755, #223 ) ;
#2437 = VECTOR ( 'NONE', #1699, 1000.000000000000000 ) ;
#2438 = ORIENTED_EDGE ( 'NONE', *, *, #2240, .F. ) ;
#2439 = AXIS2_PLACEMENT_3D ( 'NONE', #1020, #2251, #276 ) ;
#2440 = DIRECTION ( 'NONE',  ( -0.000000000000000000, 1.000000000000000000, -0.000000000000000000 ) ) ;
#2441 = DIRECTION ( 'NONE',  ( -0.000000000000000000, 1.000000000000000000, -0.000000000000000000 ) ) ;
#2442 = CIRCLE ( 'NONE', #280, 13.00000000000000178 ) ;
#2443 = ORIENTED_EDGE ( 'NONE', *, *, #452, .T. ) ;
#2444 = CARTESIAN_POINT ( 'NONE',  ( -25.00000000000000000, 1.500000000000000000, 55.00000000000000000 ) ) ;
#2445 = FACE_BOUND ( 'NONE', #5, .T. ) ;
#2446 = VECTOR ( 'NONE', #231, 1000.000000000000000 ) ;
#2447 = ORIENTED_EDGE ( 'NONE', *, *, #572, .T. ) ;
#2448 = CARTESIAN_POINT ( 'NONE',  ( 1.592040838891558898E-15, 1.500000000000000000, -38.00000000000000711 ) ) ;
#2449 = CARTESIAN_POINT ( 'NONE',  ( -19.99999999999997868, -198.5000000000000000, 1.131955512893109662E-31 ) ) ;
#2450 = EDGE_CURVE ( 'NONE', #547, #1185, #2382, .T. ) ;
#2451 = CARTESIAN_POINT ( 'NONE',  ( -30.00000000000000355, -1.500000000000000000, -16.00000000000000000 ) ) ;
#2452 = ORIENTED_EDGE ( 'NONE', *, *, #2043, .T. ) ;
#2453 = CYLINDRICAL_SURFACE ( 'NONE', #1643, 5.000000000000000888 ) ;
#2454 = CARTESIAN_POINT ( 'NONE',  ( 12.37436867076456259, -1.500000000000000000, -12.62563132923547116 ) ) ;
#2455 = ORIENTED_EDGE ( 'NONE', *, *, #2303, .T. ) ;
#2456 = DIRECTION ( 'NONE',  ( 0.000000000000000000, -0.7071067811865473507, -0.7071067811865477948 ) ) ;
#2457 = ADVANCED_FACE ( 'NONE', ( #1345 ), #388, .F. ) ;
#2459 = CARTESIAN_POINT ( 'NONE',  ( -8.329353358609155933, -1.500000000000000000, 34.98107572496203233 ) ) ;
#2458 = DIRECTION ( 'NONE',  ( 0.000000000000000000, 0.000000000000000000, -1.000000000000000000 ) ) ;
#2460 = ADVANCED_FACE ( 'NONE', ( #1156 ), #1166, .F. ) ;
#2461 = CARTESIAN_POINT ( 'NONE',  ( -30.25000000000000000, -1.499999999999999556, -9.022071167035003114 ) ) ;
#2462 = UNCERTAINTY_MEASURE_WITH_UNIT (LENGTH_MEASURE( 1.000000000000000082E-05 ), #1446, 'distance_accuracy_value', 'NONE');
#2463 = ORIENTED_EDGE ( 'NONE', *, *, #1662, .T. ) ;
#2464 = DIRECTION ( 'NONE',  ( 0.000000000000000000, -1.000000000000000000, 0.000000000000000000 ) ) ;
#2465 = DIRECTION ( 'NONE',  ( 0.000000000000000000, 0.000000000000000000, 1.000000000000000000 ) ) ;
#2466 = EDGE_LOOP ( 'NONE', ( #711, #331, #2241, #2438 ) ) ;
#2467 = LINE ( 'NONE', #1280, #2183 ) ;
#2468 = CARTESIAN_POINT ( 'NONE',  ( -30.25000000000000000, 1.500000000000000000, -11.17207116703500347 ) ) ;
#2469 = PRODUCT_DEFINITION ( 'UNKNOWN', '', #1365, #1884 ) ;
#2470 = AXIS2_PLACEMENT_3D ( 'NONE', #69, #271, #2076 ) ;
#2471 = AXIS2_PLACEMENT_3D ( 'NONE', #751, #120, #1341 ) ;
#2472 = CARTESIAN_POINT ( 'NONE',  ( 12.37436867076456259, -1.500000000000000000, 12.62563132923547116 ) ) ;
#2473 = AXIS2_PLACEMENT_3D ( 'NONE', #1492, #416, #263 ) ;
#2474 = ORIENTED_EDGE ( 'NONE', *, *, #2383, .F. ) ;
#2475 = ORIENTED_EDGE ( 'NONE', *, *, #10, .T. ) ;
#2476 = CARTESIAN_POINT ( 'NONE',  ( -19.99999999999998579, -198.5000000000000000, -49.09999999999999432 ) ) ;
#2477 = CARTESIAN_POINT ( 'NONE',  ( -30.00000000000000355, 1.500000000000000000, 21.00000000000000000 ) ) ;
#2478 = CIRCLE ( 'NONE', #1361, 4.999999999999997335 ) ;
#2479 = EDGE_CURVE ( 'NONE', #1221, #871, #955, .T. ) ;
#2480 = AXIS2_PLACEMENT_3D ( 'NONE', #2449, #1008, #1791 ) ;
#2481 = EDGE_LOOP ( 'NONE', ( #2287, #810, #2248, #1145, #2277, #1738, #1830, #105, #719, #499, #2502, #2064, #837, #1189, #485, #892 ) ) ;
#2482 = AXIS2_PLACEMENT_3D ( 'NONE', #224, #2410, #2145 ) ;
#2483 = CARTESIAN_POINT ( 'NONE',  ( -19.99999999999998579, -1.500000000000001332, 47.49999999999999289 ) ) ;
#2484 = VECTOR ( 'NONE', #2362, 1000.000000000000000 ) ;
#2485 = ORIENTED_EDGE ( 'NONE', *, *, #212, .T. ) ;
#2486 = AXIS2_PLACEMENT_3D ( 'NONE', #1914, #1493, #1467 ) ;
#2487 = DIRECTION ( 'NONE',  ( 0.000000000000000000, -1.000000000000000000, 0.000000000000000000 ) ) ;
#2488 = EDGE_CURVE ( 'NONE', #2010, #574, #656, .T. ) ;
#2489 = DIRECTION ( 'NONE',  ( -0.000000000000000000, 1.000000000000000000, -0.000000000000000000 ) ) ;
#2490 = VERTEX_POINT ( 'NONE', #165 ) ;
#2491 = CARTESIAN_POINT ( 'NONE',  ( -20.00000000000000000, 1.500000000000000000, 55.00000000000000000 ) ) ;
#2492 = DIRECTION ( 'NONE',  ( 0.000000000000000000, 0.000000000000000000, 1.000000000000000000 ) ) ;
#2493 = ORIENTED_EDGE ( 'NONE', *, *, #648, .F. ) ;
#2494 = DIRECTION ( 'NONE',  ( 0.000000000000000000, 0.000000000000000000, -1.000000000000000000 ) ) ;
#2495 = EDGE_CURVE ( 'NONE', #2077, #1315, #1387, .T. ) ;
#2496 = VERTEX_POINT ( 'NONE', #1557 ) ;
#2497 = DIRECTION ( 'NONE',  ( -0.000000000000000000, 1.000000000000000000, -0.000000000000000000 ) ) ;
#2498 = EDGE_CURVE ( 'NONE', #1278, #871, #2543, .T. ) ;
#2499 = CARTESIAN_POINT ( 'NONE',  ( 12.37436867076456437, -1.500000000000000000, 37.37436867076459635 ) ) ;
#2500 = APPLICATION_CONTEXT ( 'automotive_design' ) ;
#2501 = ORIENTED_EDGE ( 'NONE', *, *, #4, .T. ) ;
#2502 = ORIENTED_EDGE ( 'NONE', *, *, #1965, .F. ) ;
#2503 = LINE ( 'NONE', #2476, #1205 ) ;
#2504 = CARTESIAN_POINT ( 'NONE',  ( 9.737766343023494642, -1.372968972341229721, -33.62091132969850804 ) ) ;
#2505 = ADVANCED_FACE ( 'NONE', ( #16 ), #597, .F. ) ;
#2506 = ORIENTED_EDGE ( 'NONE', *, *, #87, .F. ) ;
#2507 = CARTESIAN_POINT ( 'NONE',  ( -12.37436867076456615, -1.500000000000000000, -12.62563132923546405 ) ) ;
#2508 = CARTESIAN_POINT ( 'NONE',  ( 12.37436867076456437, -1.500000000000000000, 37.37436867076459635 ) ) ;
#2509 = ORIENTED_EDGE ( 'NONE', *, *, #1373, .T. ) ;
#2510 = ADVANCED_FACE ( 'NONE', ( #1955 ), #757, .F. ) ;
#2511 = DIRECTION ( 'NONE',  ( 0.000000000000000000, 0.000000000000000000, -1.000000000000000000 ) ) ;
#2512 = CONICAL_SURFACE ( 'NONE', #1064, 4.699999999999999289, 0.7853981633974485010 ) ;
#2513 = DIRECTION ( 'NONE',  ( 0.000000000000000000, 0.000000000000000000, 1.000000000000000000 ) ) ;
#2514 = CARTESIAN_POINT ( 'NONE',  ( -12.37436867076456437, -1.500000000000000000, -37.37436867076459635 ) ) ;
#2515 = EDGE_LOOP ( 'NONE', ( #1163, #2082, #1414, #1233 ) ) ;
#2516 = VERTEX_POINT ( 'NONE', #1542 ) ;
#2517 = AXIS2_PLACEMENT_3D ( 'NONE', #383, #563, #971 ) ;
#2518 = CARTESIAN_POINT ( 'NONE',  ( 12.37436867076456437, -1.500000000000000000, -37.37436867076459635 ) ) ;
#2519 = DIRECTION ( 'NONE',  ( -0.000000000000000000, -1.000000000000000000, -0.000000000000000000 ) ) ;
#2520 = AXIS2_PLACEMENT_3D ( 'NONE', #2250, #2284, #1998 ) ;
#2521 = ORIENTED_EDGE ( 'NONE', *, *, #584, .T. ) ;
#2522 = AXIS2_PLACEMENT_3D ( 'NONE', #2279, #2464, #678 ) ;
#2523 = DIRECTION ( 'NONE',  ( -0.000000000000000000, 0.000000000000000000, 1.000000000000000000 ) ) ;
#2524 = STYLED_ITEM ( 'NONE', ( #1457 ), #2040 ) ;
#2525 = CIRCLE ( 'NONE', #1284, 1.599999999999997202 ) ;
#2526 = EDGE_LOOP ( 'NONE', ( #1528, #1696 ) ) ;
#2527 = LINE ( 'NONE', #74, #2142 ) ;
#2528 = CIRCLE ( 'NONE', #2405, 2.250000000000001776 ) ;
#2529 = AXIS2_PLACEMENT_3D ( 'NONE', #1504, #1324, #1689 ) ;
#2530 = CARTESIAN_POINT ( 'NONE',  ( -12.37436867076456615, -1.500000000000000000, 12.62563132923546405 ) ) ;
#2531 = EDGE_CURVE ( 'NONE', #1635, #1589, #1967, .T. ) ;
#2532 = VERTEX_POINT ( 'NONE', #175 ) ;
#2533 = ORIENTED_EDGE ( 'NONE', *, *, #1511, .F. ) ;
#2534 = CARTESIAN_POINT ( 'NONE',  ( 12.37436867076456259, -1.500000000000000000, 17.32563132923547045 ) ) ;
#2535 = CARTESIAN_POINT ( 'NONE',  ( 12.37436867076456437, 0.9500000000000002887, 37.37436867076459635 ) ) ;
#2536 = VERTEX_POINT ( 'NONE', #1376 ) ;
#2537 = DIRECTION ( 'NONE',  ( 0.000000000000000000, 0.000000000000000000, -1.000000000000000000 ) ) ;
#2538 = EDGE_LOOP ( 'NONE', ( #967, #920, #49, #2389 ) ) ;
#2539 = CYLINDRICAL_SURFACE ( 'NONE', #75, 2.250000000000001776 ) ;
#2540 = DIRECTION ( 'NONE',  ( 0.000000000000000000, 0.000000000000000000, -1.000000000000000000 ) ) ;
#2541 = ADVANCED_FACE ( 'NONE', ( #2164 ), #187, .F. ) ;
#2542 = ORIENTED_EDGE ( 'NONE', *, *, #71, .T. ) ;
#2543 = LINE ( 'NONE', #1587, #993 ) ;
#2544 = ORIENTED_EDGE ( 'NONE', *, *, #965, .T. ) ;
#2545 = ORIENTED_EDGE ( 'NONE', *, *, #742, .F. ) ;
#2546 = EDGE_CURVE ( 'NONE', #972, #1182, #1037, .T. ) ;
#2547 = CARTESIAN_POINT ( 'NONE',  ( -44.99999999999999289, -1.500000000000000000, 11.00000000000000000 ) ) ;
#2548 = CARTESIAN_POINT ( 'NONE',  ( 12.37436867076456259, 1.500000000000000000, -12.62563132923547116 ) ) ;
#2549 = VERTEX_POINT ( 'NONE', #1599 ) ;
#2550 = CARTESIAN_POINT ( 'NONE',  ( -12.37436867076456437, -1.500000000000000000, 37.37436867076459635 ) ) ;
#2551 = ORIENTED_EDGE ( 'NONE', *, *, #492, .T. ) ;
#2552 = DIRECTION ( 'NONE',  ( 0.000000000000000000, 0.000000000000000000, 1.000000000000000000 ) ) ;
#2553 = ORIENTED_EDGE ( 'NONE', *, *, #1662, .F. ) ;
#2554 = DIRECTION ( 'NONE',  ( 0.000000000000000000, -0.7071067811865474617, -0.7071067811865475727 ) ) ;
#2555 = AXIS2_PLACEMENT_3D ( 'NONE', #1297, #588, #2558 ) ;
#2556 = CARTESIAN_POINT ( 'NONE',  ( 12.37436867076456259, -1.500000000000000000, 7.925631329235470979 ) ) ;
#2557 = ORIENTED_EDGE ( 'NONE', *, *, #1844, .F. ) ;
#2558 = DIRECTION ( 'NONE',  ( 0.000000000000000000, 0.000000000000000000, -1.000000000000000000 ) ) ;
#2559 = CARTESIAN_POINT ( 'NONE',  ( -12.37436867076456437, 1.500000000000000000, -37.37436867076459635 ) ) ;
#2560 = VECTOR ( 'NONE', #1964, 1000.000000000000000 ) ;
#2561 = DIRECTION ( 'NONE',  ( -0.000000000000000000, -1.000000000000000000, -0.000000000000000000 ) ) ;
#2562 = AXIS2_PLACEMENT_3D ( 'NONE', #2550, #1179, #2347 ) ;
#2563 = VERTEX_POINT ( 'NONE', #867 ) ;
#2564 = FACE_OUTER_BOUND ( 'NONE', #636, .T. ) ;
#2565 = AXIS2_PLACEMENT_3D ( 'NONE', #525, #1169, #753 ) ;
#2566 = ADVANCED_FACE ( 'NONE', ( #1654 ), #39, .F. ) ;
#2567 = ORIENTED_EDGE ( 'NONE', *, *, #665, .F. ) ;
#2568 = VECTOR ( 'NONE', #1657, 1000.000000000000000 ) ;
#2569 = CARTESIAN_POINT ( 'NONE',  ( -25.00000000000000000, -1.500000000000000000, 60.00000000000000000 ) ) ;
#2570 = AXIS2_PLACEMENT_3D ( 'NONE', #623, #2211, #872 ) ;
ENDSEC;
END-ISO-10303-21;
