ISO-10303-21;
HEADER;
FILE_DESCRIPTION (( 'STEP AP214' ),
    '1' );
FILE_NAME ('Part1^top motor drive.STEP',
    '2026-08-05T14:33:48',
    ( '' ),
    ( '' ),
    'SwSTEP 2.0',
    'SolidWorks 2025',
    '' );
FILE_SCHEMA (( 'AUTOMOTIVE_DESIGN' ));
ENDSEC;

DATA;
#1 = DIRECTION ( 'NONE',  ( -0.000000000000000000, 1.000000000000000000, -0.000000000000000000 ) ) ;
#2 = DIRECTION ( 'NONE',  ( 0.000000000000000000, 0.000000000000000000, 1.000000000000000000 ) ) ;
#3 = VERTEX_POINT ( 'NONE', #1640 ) ;
#4 = EDGE_CURVE ( 'NONE', #433, #1533, #1027, .T. ) ;
#5 = ORIENTED_EDGE ( 'NONE', *, *, #3030, .T. ) ;
#6 = DIRECTION ( 'NONE',  ( -0.000000000000000000, 1.000000000000000000, -0.000000000000000000 ) ) ;
#7 = CARTESIAN_POINT ( 'NONE',  ( -4.252989283015924826, 1.500000000000000000, 15.84782784977072367 ) ) ;
#8 = CARTESIAN_POINT ( 'NONE',  ( -11.54700538379261232, -1.500000000000000000, -19.99999999999996092 ) ) ;
#9 = CARTESIAN_POINT ( 'NONE',  ( -9.184850993605148438E-17, -8.500000000000000000, 1.742924699575454705E-16 ) ) ;
#10 = EDGE_CURVE ( 'NONE', #319, #2188, #96, .T. ) ;
#11 = EDGE_LOOP ( 'NONE', ( #3759, #3337 ) ) ;
#12 = DIRECTION ( 'NONE',  ( -0.000000000000000000, 1.000000000000000000, -0.000000000000000000 ) ) ;
#13 = ORIENTED_EDGE ( 'NONE', *, *, #2217, .T. ) ;
#14 = CARTESIAN_POINT ( 'NONE',  ( -15.85111615421191544, -8.500000000000000000, 4.240717163770646891 ) ) ;
#15 = CARTESIAN_POINT ( 'NONE',  ( -3.264635279283147007, 1.500000000000000000, 15.99999999999996625 ) ) ;
#16 = AXIS2_PLACEMENT_3D ( 'NONE', #2684, #1504, #324 ) ;
#17 = CARTESIAN_POINT ( 'NONE',  ( -4.252989283015852884, -1.499999999999999556, -15.84782784977065084 ) ) ;
#18 = DIRECTION ( 'NONE',  ( 0.000000000000000000, 0.000000000000000000, 1.000000000000000000 ) ) ;
#19 = VERTEX_POINT ( 'NONE', #2012 ) ;
#20 = VERTEX_POINT ( 'NONE', #777 ) ;
#21 = ADVANCED_FACE ( 'NONE', ( #3780 ), #2925, .F. ) ;
#22 = CARTESIAN_POINT ( 'NONE',  ( -6.834676493307208389, -1.499999999999999556, -3.088235294117646745 ) ) ;
#23 = LINE ( 'NONE', #3880, #1900 ) ;
#24 = LINE ( 'NONE', #2357, #2404 ) ;
#25 = CARTESIAN_POINT ( 'NONE',  ( -8.749999999999996447, 1.500000000000001776, 18.30544456622769545 ) ) ;
#26 = ORIENTED_EDGE ( 'NONE', *, *, #2762, .F. ) ;
#27 = DIRECTION ( 'NONE',  ( 0.000000000000000000, 1.000000000000000000, 0.000000000000000000 ) ) ;
#28 = ORIENTED_EDGE ( 'NONE', *, *, #3624, .T. ) ;
#29 = DIRECTION ( 'NONE',  ( -0.5000000000000001110, 0.000000000000000000, -0.8660254037844385966 ) ) ;
#30 = VERTEX_POINT ( 'NONE', #217 ) ;
#31 = AXIS2_PLACEMENT_3D ( 'NONE', #568, #878, #332 ) ;
#32 = CYLINDRICAL_SURFACE ( 'NONE', #3168, 1.000000000000000888 ) ;
#33 = EDGE_CURVE ( 'NONE', #329, #220, #962, .T. ) ;
#34 = CIRCLE ( 'NONE', #3609, 1.699999999999996625 ) ;
#35 = LINE ( 'NONE', #2666, #3111 ) ;
#36 = DIRECTION ( 'NONE',  ( 0.5000000000000001110, -0.000000000000000000, 0.8660254037844385966 ) ) ;
#37 = AXIS2_PLACEMENT_3D ( 'NONE', #1355, #185, #816 ) ;
#38 = VERTEX_POINT ( 'NONE', #1408 ) ;
#39 = CONICAL_SURFACE ( 'NONE', #2737, 3.149999999999999911, 0.7853981633974477239 ) ;
#40 = ORIENTED_EDGE ( 'NONE', *, *, #2202, .F. ) ;
#41 = DIRECTION ( 'NONE',  ( 0.000000000000000000, 0.000000000000000000, 1.000000000000000000 ) ) ;
#42 = CARTESIAN_POINT ( 'NONE',  ( 4.499464137394695307, -8.500000000000000000, 13.53203923153578714 ) ) ;
#43 = CARTESIAN_POINT ( 'NONE',  ( -8.749999999999996447, 0.04999999999999665823, 13.45544456622769580 ) ) ;
#44 = AXIS2_PLACEMENT_3D ( 'NONE', #233, #3543, #1495 ) ;
#45 = EDGE_LOOP ( 'NONE', ( #1875, #3345, #2065, #2573 ) ) ;
#46 = AXIS2_PLACEMENT_3D ( 'NONE', #1127, #931, #907 ) ;
#47 = DIRECTION ( 'NONE',  ( 0.000000000000000000, 0.000000000000000000, 1.000000000000000000 ) ) ;
#48 = ORIENTED_EDGE ( 'NONE', *, *, #2691, .T. ) ;
#49 = EDGE_CURVE ( 'NONE', #3203, #3485, #1697, .T. ) ;
#50 = AXIS2_PLACEMENT_3D ( 'NONE', #1142, #3471, #3847 ) ;
#51 = EDGE_CURVE ( 'NONE', #3263, #3404, #1349, .T. ) ;
#52 = LINE ( 'NONE', #1240, #2964 ) ;
#53 = VERTEX_POINT ( 'NONE', #3144 ) ;
#54 = CARTESIAN_POINT ( 'NONE',  ( -14.72243186433539108, -1.500000000000000000, -8.500000000000115463 ) ) ;
#55 = CONICAL_SURFACE ( 'NONE', #3311, 3.149999999999999911, 0.7853981633974477239 ) ;
#56 = EDGE_CURVE ( 'NONE', #1919, #3869, #1071, .T. ) ;
#57 = DIRECTION ( 'NONE',  ( 0.000000000000000000, 1.000000000000000000, -0.000000000000000000 ) ) ;
#58 = DIRECTION ( 'NONE',  ( 0.000000000000000000, 1.000000000000000000, -0.000000000000000000 ) ) ;
#59 = ORIENTED_EDGE ( 'NONE', *, *, #3192, .F. ) ;
#60 = ORIENTED_EDGE ( 'NONE', *, *, #2270, .F. ) ;
#61 = CARTESIAN_POINT ( 'NONE',  ( -0.7428480290812981002, -8.500000000000000000, -7.463121116911479724 ) ) ;
#62 = LINE ( 'NONE', #1251, #1276 ) ;
#63 = EDGE_LOOP ( 'NONE', ( #2659, #2817, #1642, #3347 ) ) ;
#64 = DIRECTION ( 'NONE',  ( 0.000000000000000000, 1.000000000000000000, 0.000000000000000000 ) ) ;
#65 = ORIENTED_EDGE ( 'NONE', *, *, #386, .F. ) ;
#66 = DIRECTION ( 'NONE',  ( 0.000000000000000000, 1.000000000000000000, 0.000000000000000000 ) ) ;
#67 = VERTEX_POINT ( 'NONE', #2273 ) ;
#68 = FACE_BOUND ( 'NONE', #1005, .T. ) ;
#69 = CARTESIAN_POINT ( 'NONE',  ( 11.54700538379275621, -1.500000000000000000, 19.99999999999987566 ) ) ;
#70 = LINE ( 'NONE', #3333, #1805 ) ;
#71 = EDGE_CURVE ( 'NONE', #875, #1919, #1785, .T. ) ;
#72 = DIRECTION ( 'NONE',  ( -0.8660254037844385966, 0.000000000000000000, 0.5000000000000003331 ) ) ;
#73 = CYLINDRICAL_SURFACE ( 'NONE', #267, 1.000000000000000444 ) ;
#74 = ORIENTED_EDGE ( 'NONE', *, *, #2297, .F. ) ;
#75 = AXIS2_PLACEMENT_3D ( 'NONE', #1632, #964, #708 ) ;
#76 = AXIS2_PLACEMENT_3D ( 'NONE', #1591, #2155, #144 ) ;
#77 = ORIENTED_EDGE ( 'NONE', *, *, #120, .F. ) ;
#78 = CARTESIAN_POINT ( 'NONE',  ( -12.22408882090944182, -8.500000000000000000, -10.82725708595006431 ) ) ;
#79 = FACE_OUTER_BOUND ( 'NONE', #1367, .T. ) ;
#80 = CIRCLE ( 'NONE', #2269, 1.000000000000000888 ) ;
#81 = VERTEX_POINT ( 'NONE', #760 ) ;
#82 = CYLINDRICAL_SURFACE ( 'NONE', #3059, 0.9999999999999991118 ) ;
#83 = ORIENTED_EDGE ( 'NONE', *, *, #2758, .F. ) ;
#84 = DIRECTION ( 'NONE',  ( 1.000000000000000000, 0.000000000000000000, -7.962163080346640843E-17 ) ) ;
#85 = ORIENTED_EDGE ( 'NONE', *, *, #1600, .F. ) ;
#86 = CARTESIAN_POINT ( 'NONE',  ( -2.165063509463149849, -8.500000000000000000, -1.250000000001184164 ) ) ;
#87 = DIRECTION ( 'NONE',  ( -0.000000000000000000, 1.000000000000000000, -0.000000000000000000 ) ) ;
#88 = DIRECTION ( 'NONE',  ( -0.000000000000000000, 1.000000000000000000, -0.000000000000000000 ) ) ;
#89 = CARTESIAN_POINT ( 'NONE',  ( -14.72243186433539108, -8.500000000000000000, -8.500000000000115463 ) ) ;
#90 = CARTESIAN_POINT ( 'NONE',  ( -1.707919836748908349, -1.499999999999999556, 7.958203932499114508 ) ) ;
#91 = ORIENTED_EDGE ( 'NONE', *, *, #2513, .F. ) ;
#92 = CIRCLE ( 'NONE', #2279, 1.000000000000000888 ) ;
#93 = DIRECTION ( 'NONE',  ( 8.659560562354925463E-17, 0.7071067811865482389, -0.7071067811865469066 ) ) ;
#94 = ADVANCED_FACE ( 'NONE', ( #2845 ), #162, .T. ) ;
#95 = ORIENTED_EDGE ( 'NONE', *, *, #1744, .F. ) ;
#96 = CIRCLE ( 'NONE', #37, 1.699999999999996625 ) ;
#97 = CARTESIAN_POINT ( 'NONE',  ( -9.627458257813785281, 1.500000000000000000, -9.675246850287658518 ) ) ;
#98 = DIRECTION ( 'NONE',  ( -0.000000000000000000, 1.000000000000000000, -0.000000000000000000 ) ) ;
#99 = EDGE_CURVE ( 'NONE', #3321, #1055, #1954, .T. ) ;
#100 = ORIENTED_EDGE ( 'NONE', *, *, #2149, .F. ) ;
#101 = DIRECTION ( 'NONE',  ( 0.000000000000000000, 0.000000000000000000, 1.000000000000000000 ) ) ;
#102 = ORIENTED_EDGE ( 'NONE', *, *, #2782, .F. ) ;
#103 = AXIS2_PLACEMENT_3D ( 'NONE', #97, #1602, #1547 ) ;
#104 = VECTOR ( 'NONE', #2083, 1000.000000000000000 ) ;
#105 = FACE_OUTER_BOUND ( 'NONE', #3552, .T. ) ;
#106 = FACE_OUTER_BOUND ( 'NONE', #767, .T. ) ;
#107 = DIRECTION ( 'NONE',  ( 0.000000000000000000, 1.000000000000000000, -0.000000000000000000 ) ) ;
#108 = DIRECTION ( 'NONE',  ( 0.5000000000000001110, 0.000000000000000000, 0.8660254037844385966 ) ) ;
#109 = CIRCLE ( 'NONE', #1493, 4.549999999999998934 ) ;
#110 = VERTEX_POINT ( 'NONE', #3181 ) ;
#111 = CIRCLE ( 'NONE', #3122, 4.550000000000001599 ) ;
#112 = VECTOR ( 'NONE', #2067, 1000.000000000000000 ) ;
#113 = AXIS2_PLACEMENT_3D ( 'NONE', #3361, #3140, #2607 ) ;
#114 = FACE_OUTER_BOUND ( 'NONE', #1618, .T. ) ;
#115 = VERTEX_POINT ( 'NONE', #3161 ) ;
#116 = CARTESIAN_POINT ( 'NONE',  ( -0.7428480290862983226, -1.499999999999999556, 7.463121116910982344 ) ) ;
#117 = CIRCLE ( 'NONE', #796, 1.000000000000000888 ) ;
#118 = CARTESIAN_POINT ( 'NONE',  ( -9.184850993605148438E-17, 1.500000000000000000, 1.742924699575454705E-16 ) ) ;
#119 = CIRCLE ( 'NONE', #556, 4.549999999999997158 ) ;
#120 = EDGE_CURVE ( 'NONE', #680, #2837, #468, .T. ) ;
#121 = VERTEX_POINT ( 'NONE', #1091 ) ;
#122 = CYLINDRICAL_SURFACE ( 'NONE', #1182, 1.699999999999996625 ) ;
#123 = EDGE_LOOP ( 'NONE', ( #2015, #1169, #1830, #397, #389, #3173, #3063, #3653, #583, #2414, #1555, #2903, #3379 ) ) ;
#124 = EDGE_CURVE ( 'NONE', #1125, #1950, #3296, .T. ) ;
#125 = DIRECTION ( 'NONE',  ( 0.000000000000000000, 0.000000000000000000, 1.000000000000000000 ) ) ;
#126 = VERTEX_POINT ( 'NONE', #506 ) ;
#127 = DIRECTION ( 'NONE',  ( 0.000000000000000000, 0.000000000000000000, 1.000000000000000000 ) ) ;
#128 = DIRECTION ( 'NONE',  ( 0.000000000000000000, 1.000000000000000000, -0.000000000000000000 ) ) ;
#129 = ADVANCED_FACE ( 'NONE', ( #2905 ), #3580, .F. ) ;
#130 = PLANE ( 'NONE',  #1977 ) ;
#131 = DIRECTION ( 'NONE',  ( 0.000000000000000000, 0.000000000000000000, 1.000000000000000000 ) ) ;
#132 = VERTEX_POINT ( 'NONE', #2698 ) ;
#133 = ORIENTED_EDGE ( 'NONE', *, *, #3091, .F. ) ;
#134 = CARTESIAN_POINT ( 'NONE',  ( -3.199999999999999734, -1.500000000000000000, 2.399999999999999911 ) ) ;
#135 = AXIS2_PLACEMENT_3D ( 'NONE', #3734, #1578, #1262 ) ;
#136 = DIRECTION ( 'NONE',  ( -0.5000000000000003331, 0.000000000000000000, -0.8660254037844383745 ) ) ;
#137 = VECTOR ( 'NONE', #644, 1000.000000000000000 ) ;
#138 = EDGE_CURVE ( 'NONE', #3165, #1307, #2334, .T. ) ;
#139 = ORIENTED_EDGE ( 'NONE', *, *, #756, .F. ) ;
#140 = FACE_OUTER_BOUND ( 'NONE', #3444, .T. ) ;
#141 = ORIENTED_EDGE ( 'NONE', *, *, #778, .T. ) ;
#142 = EDGE_CURVE ( 'NONE', #2338, #3485, #3745, .T. ) ;
#143 = EDGE_LOOP ( 'NONE', ( #1788, #2167, #3569, #271 ) ) ;
#144 = DIRECTION ( 'NONE',  ( 0.000000000000000000, 0.000000000000000000, 1.000000000000000000 ) ) ;
#145 = ORIENTED_EDGE ( 'NONE', *, *, #518, .F. ) ;
#146 = EDGE_CURVE ( 'NONE', #433, #1766, #1966, .T. ) ;
#147 = DIRECTION ( 'NONE',  ( 0.000000000000000000, 0.000000000000000000, 1.000000000000000000 ) ) ;
#148 = CARTESIAN_POINT ( 'NONE',  ( 8.750000000000007105, 1.500000000000000000, -13.45544456622769758 ) ) ;
#149 = DIRECTION ( 'NONE',  ( 0.000000000000000000, 0.000000000000000000, 1.000000000000000000 ) ) ;
#150 = LINE ( 'NONE', #3714, #3494 ) ;
#151 = LINE ( 'NONE', #1041, #3654 ) ;
#152 = EDGE_CURVE ( 'NONE', #3528, #1525, #836, .T. ) ;
#153 = EDGE_LOOP ( 'NONE', ( #372, #829, #2274, #3473, #2873, #2331 ) ) ;
#154 = CARTESIAN_POINT ( 'NONE',  ( 0.7428480290817266463, -1.499999999999999556, -7.463121116911437092 ) ) ;
#155 = ORIENTED_EDGE ( 'NONE', *, *, #375, .F. ) ;
#156 = CARTESIAN_POINT ( 'NONE',  ( 14.72243186433544970, 1.500000000000000000, 8.499999999999994671 ) ) ;
#157 = VECTOR ( 'NONE', #3014, 1000.000000000000000 ) ;
#158 = ORIENTED_EDGE ( 'NONE', *, *, #1721, .T. ) ;
#159 = VECTOR ( 'NONE', #3811, 1000.000000000000000 ) ;
#160 = ORIENTED_EDGE ( 'NONE', *, *, #1934, .T. ) ;
#161 = CARTESIAN_POINT ( 'NONE',  ( 0.8418944329592915610, 1.500000000000000000, -8.458203932499628763 ) ) ;
#162 = CYLINDRICAL_SURFACE ( 'NONE', #3103, 4.550000000000001599 ) ;
#163 = VECTOR ( 'NONE', #3797, 1000.000000000000114 ) ;
#164 = AXIS2_PLACEMENT_3D ( 'NONE', #811, #2961, #3194 ) ;
#165 = ORIENTED_EDGE ( 'NONE', *, *, #742, .F. ) ;
#166 = VECTOR ( 'NONE', #351, 1000.000000000000000 ) ;
#167 = CARTESIAN_POINT ( 'NONE',  ( -6.038046855670033075, 1.500000000000000000, 5.458203932497262656 ) ) ;
#168 = ORIENTED_EDGE ( 'NONE', *, *, #1713, .F. ) ;
#169 = EDGE_CURVE ( 'NONE', #2965, #3201, #1477, .T. ) ;
#170 = CARTESIAN_POINT ( 'NONE',  ( 11.54700538379247732, 1.500000000000000000, -20.00000000000004263 ) ) ;
#171 = CARTESIAN_POINT ( 'NONE',  ( -15.85111615421194031, -1.499999999999999556, -4.240717163770692189 ) ) ;
#172 = VECTOR ( 'NONE', #579, 1000.000000000000000 ) ;
#173 = DIRECTION ( 'NONE',  ( 0.4999999999999948930, 0.000000000000000000, -0.8660254037844415942 ) ) ;
#174 = FACE_BOUND ( 'NONE', #11, .T. ) ;
#175 = ORIENTED_EDGE ( 'NONE', *, *, #3187, .T. ) ;
#176 = ADVANCED_FACE ( 'NONE', ( #3598 ), #2073, .F. ) ;
#177 = AXIS2_PLACEMENT_3D ( 'NONE', #1489, #3354, #651 ) ;
#178 = CARTESIAN_POINT ( 'NONE',  ( 15.48872410019256129, -8.500000000000000000, 5.172742914049921481 ) ) ;
#179 = ORIENTED_EDGE ( 'NONE', *, *, #3658, .F. ) ;
#180 = CARTESIAN_POINT ( 'NONE',  ( 8.750000000000007105, -1.500000000000000000, -16.85544456622768905 ) ) ;
#181 = AXIS2_PLACEMENT_3D ( 'NONE', #882, #2952, #265 ) ;
#182 = ADVANCED_FACE ( 'NONE', ( #1496 ), #286, .F. ) ;
#183 = ORIENTED_EDGE ( 'NONE', *, *, #2247, .T. ) ;
#184 = CARTESIAN_POINT ( 'NONE',  ( -8.761432854029347794, -1.499999999999999556, -10.17524685028766029 ) ) ;
#185 = DIRECTION ( 'NONE',  ( -0.000000000000000000, 1.000000000000000000, -0.000000000000000000 ) ) ;
#186 = VERTEX_POINT ( 'NONE', #7 ) ;
#187 = EDGE_CURVE ( 'NONE', #1014, #2747, #3243, .T. ) ;
#188 = DIRECTION ( 'NONE',  ( 0.000000000000000000, 1.000000000000000000, -0.000000000000000000 ) ) ;
#189 = ORIENTED_EDGE ( 'NONE', *, *, #2003, .T. ) ;
#190 = CARTESIAN_POINT ( 'NONE',  ( -7.745966692414836707, -8.500000000000000000, 3.500000000000001776 ) ) ;
#191 = PLANE ( 'NONE',  #3113 ) ;
#192 = FACE_BOUND ( 'NONE', #3795, .T. ) ;
#193 = EDGE_CURVE ( 'NONE', #3485, #2747, #1405, .T. ) ;
#194 = ORIENTED_EDGE ( 'NONE', *, *, #456, .T. ) ;
#195 = DIRECTION ( 'NONE',  ( 0.000000000000000000, 0.000000000000000000, 1.000000000000000000 ) ) ;
#196 = DIRECTION ( 'NONE',  ( -0.000000000000000000, 1.000000000000000000, -0.000000000000000000 ) ) ;
#197 = VERTEX_POINT ( 'NONE', #2712 ) ;
#198 = DIRECTION ( 'NONE',  ( -0.000000000000000000, 1.000000000000000000, -0.000000000000000000 ) ) ;
#199 = ORIENTED_EDGE ( 'NONE', *, *, #1286, .F. ) ;
#200 = PLANE ( 'NONE',  #1498 ) ;
#201 = ORIENTED_EDGE ( 'NONE', *, *, #1765, .F. ) ;
#202 = VECTOR ( 'NONE', #1283, 1000.000000000000000 ) ;
#203 = ORIENTED_EDGE ( 'NONE', *, *, #2546, .F. ) ;
#204 = DIRECTION ( 'NONE',  ( 0.000000000000000000, 0.000000000000000000, 1.000000000000000000 ) ) ;
#205 = EDGE_LOOP ( 'NONE', ( #1377, #2575, #3269, #2350 ) ) ;
#206 = DIRECTION ( 'NONE',  ( -0.000000000000000000, 1.000000000000000000, -0.000000000000000000 ) ) ;
#207 = CARTESIAN_POINT ( 'NONE',  ( 8.750000000000005329, -8.500000000000000000, 15.15544456622768088 ) ) ;
#208 = ORIENTED_EDGE ( 'NONE', *, *, #2356, .T. ) ;
#209 = CARTESIAN_POINT ( 'NONE',  ( 13.19273868914366687, -8.500000000000000000, 3.500000000000000888 ) ) ;
#210 = CARTESIAN_POINT ( 'NONE',  ( 0.000000000000000000, 1.500000000000000000, 2.500000000000000444 ) ) ;
#211 = ORIENTED_EDGE ( 'NONE', *, *, #1093, .F. ) ;
#212 = LINE ( 'NONE', #156, #2089 ) ;
#213 = EDGE_CURVE ( 'NONE', #1841, #1950, #3283, .T. ) ;
#214 = ORIENTED_EDGE ( 'NONE', *, *, #1735, .T. ) ;
#215 = AXIS2_PLACEMENT_3D ( 'NONE', #1092, #418, #1611 ) ;
#216 = CARTESIAN_POINT ( 'NONE',  ( 16.35474950397707161, 1.500000000000000000, -5.672742914049951679 ) ) ;
#217 = CARTESIAN_POINT ( 'NONE',  ( -13.19273868914366332, 1.500000000000000000, 2.500000000000001332 ) ) ;
#218 = PRESENTATION_STYLE_ASSIGNMENT (( #2792 ) ) ;
#219 = EDGE_CURVE ( 'NONE', #3259, #3528, #23, .T. ) ;
#220 = VERTEX_POINT ( 'NONE', #259 ) ;
#221 = CARTESIAN_POINT ( 'NONE',  ( 3.264635279283078617, -1.499999999999999556, -16.99999999999987921 ) ) ;
#222 = EDGE_LOOP ( 'NONE', ( #1676, #242, #1336, #3218 ) ) ;
#223 = AXIS2_PLACEMENT_3D ( 'NONE', #2676, #2391, #586 ) ;
#224 = CARTESIAN_POINT ( 'NONE',  ( 4.252989283015875088, -1.499999999999999556, 15.84782784977072367 ) ) ;
#225 = EDGE_LOOP ( 'NONE', ( #3389, #2071, #155, #1448 ) ) ;
#226 = AXIS2_PLACEMENT_3D ( 'NONE', #1543, #3002, #1506 ) ;
#227 = DIRECTION ( 'NONE',  ( 0.4999999999999944489, 0.000000000000000000, 0.8660254037844418162 ) ) ;
#228 = DIRECTION ( 'NONE',  ( -0.000000000000000000, 1.000000000000000000, -0.000000000000000000 ) ) ;
#229 = ORIENTED_EDGE ( 'NONE', *, *, #1534, .F. ) ;
#230 = DIRECTION ( 'NONE',  ( 0.000000000000000000, -0.000000000000000000, 1.000000000000000000 ) ) ;
#231 = CONICAL_SURFACE ( 'NONE', #1233, 3.149999999999999911, 0.7853981633974477239 ) ;
#232 = ORIENTED_EDGE ( 'NONE', *, *, #2456, .T. ) ;
#233 = CARTESIAN_POINT ( 'NONE',  ( 0.000000000000000000, -8.500000000000000000, 2.500000000000001332 ) ) ;
#234 = CARTESIAN_POINT ( 'NONE',  ( -17.50000000000000355, 0.04999999999999665823, -1.655234598692008349E-14 ) ) ;
#235 = CARTESIAN_POINT ( 'NONE',  ( 16.35474950397700056, -8.500000000000000000, 5.672742914049922369 ) ) ;
#236 = CARTESIAN_POINT ( 'NONE',  ( 0.000000000000000000, -1.500000000000000000, 2.500000000000001332 ) ) ;
#237 = EDGE_CURVE ( 'NONE', #3671, #1149, #2351, .T. ) ;
#238 = VECTOR ( 'NONE', #3779, 1000.000000000000000 ) ;
#239 = AXIS2_PLACEMENT_3D ( 'NONE', #2910, #844, #3251 ) ;
#240 = VERTEX_POINT ( 'NONE', #2408 ) ;
#241 = DIRECTION ( 'NONE',  ( 0.000000000000000000, 0.000000000000000000, 1.000000000000000000 ) ) ;
#242 = ORIENTED_EDGE ( 'NONE', *, *, #2325, .F. ) ;
#243 = EDGE_CURVE ( 'NONE', #1684, #2448, #279, .T. ) ;
#244 = CARTESIAN_POINT ( 'NONE',  ( 14.72243186433544970, -8.500000000000000000, 8.499999999999994671 ) ) ;
#245 = EDGE_CURVE ( 'NONE', #1219, #1606, #3564, .T. ) ;
#246 = PRODUCT_DEFINITION_CONTEXT ( 'detailed design', #2859, 'design' ) ;
#247 = AXIS2_PLACEMENT_3D ( 'NONE', #745, #1942, #3150 ) ;
#248 = CIRCLE ( 'NONE', #177, 4.550000000000001599 ) ;
#249 = DIRECTION ( 'NONE',  ( -0.000000000000000000, 1.000000000000000000, -0.000000000000000000 ) ) ;
#250 = CYLINDRICAL_SURFACE ( 'NONE', #754, 4.549999999999997158 ) ;
#251 = EDGE_LOOP ( 'NONE', ( #214, #1074, #1818, #296 ) ) ;
#252 = CARTESIAN_POINT ( 'NONE',  ( -9.469357670820309991, -1.499999999999999556, -10.66266986216874635 ) ) ;
#253 = CYLINDRICAL_SURFACE ( 'NONE', #3746, 5.000000000000000000 ) ;
#254 = ORIENTED_EDGE ( 'NONE', *, *, #2183, .F. ) ;
#255 = DIRECTION ( 'NONE',  ( 0.000000000000000000, 1.000000000000000000, 0.000000000000000000 ) ) ;
#256 = ORIENTED_EDGE ( 'NONE', *, *, #1541, .T. ) ;
#257 = ORIENTED_EDGE ( 'NONE', *, *, #3187, .F. ) ;
#258 = CARTESIAN_POINT ( 'NONE',  ( 7.745966692414836707, -8.500000000000000000, -3.500000000000000888 ) ) ;
#259 = CARTESIAN_POINT ( 'NONE',  ( -9.469357670820309991, 1.500000000000000000, -10.66266986216874635 ) ) ;
#260 = FACE_OUTER_BOUND ( 'NONE', #3483, .T. ) ;
#261 = FACE_OUTER_BOUND ( 'NONE', #3813, .T. ) ;
#262 = EDGE_CURVE ( 'NONE', #3644, #3562, #3676, .T. ) ;
#263 = EDGE_CURVE ( 'NONE', #2192, #2213, #2411, .T. ) ;
#264 = EDGE_LOOP ( 'NONE', ( #179, #2017, #2042, #2289, #3749, #1870, #2586, #2395, #883, #955, #1884, #661 ) ) ;
#265 = DIRECTION ( 'NONE',  ( 0.000000000000000000, 0.000000000000000000, 1.000000000000000000 ) ) ;
#266 = ORIENTED_EDGE ( 'NONE', *, *, #269, .T. ) ;
#267 = AXIS2_PLACEMENT_3D ( 'NONE', #3397, #2777, #2795 ) ;
#268 = CIRCLE ( 'NONE', #1667, 1.000000000000000444 ) ;
#269 = EDGE_CURVE ( 'NONE', #2703, #3124, #2915, .T. ) ;
#270 = CARTESIAN_POINT ( 'NONE',  ( -23.09401076758504345, 1.500000000000000000, 1.612646152681311659E-13 ) ) ;
#271 = ORIENTED_EDGE ( 'NONE', *, *, #2031, .T. ) ;
#272 = EDGE_CURVE ( 'NONE', #3747, #3762, #1536, .T. ) ;
#273 = DIRECTION ( 'NONE',  ( -0.000000000000000000, 1.000000000000000000, -0.000000000000000000 ) ) ;
#274 = CARTESIAN_POINT ( 'NONE',  ( 2.165063509463538871, -1.500000000000000000, -1.250000000001410871 ) ) ;
#275 = CYLINDRICAL_SURFACE ( 'NONE', #2850, 4.550000000000002487 ) ;
#276 = VERTEX_POINT ( 'NONE', #1521 ) ;
#277 = VERTEX_POINT ( 'NONE', #69 ) ;
#278 = CARTESIAN_POINT ( 'NONE',  ( -13.19273868914366332, -8.500000000000000000, 3.500000000000002220 ) ) ;
#279 = LINE ( 'NONE', #621, #2282 ) ;
#280 = LINE ( 'NONE', #862, #1343 ) ;
#281 = DIRECTION ( 'NONE',  ( -0.000000000000000000, 1.000000000000000000, -0.000000000000000000 ) ) ;
#282 = ORIENTED_EDGE ( 'NONE', *, *, #3066, .F. ) ;
#283 = DIRECTION ( 'NONE',  ( 0.000000000000000000, 1.000000000000000000, 0.000000000000000000 ) ) ;
#284 = EDGE_LOOP ( 'NONE', ( #2600, #85, #2128, #3540 ) ) ;
#285 = AXIS2_PLACEMENT_3D ( 'NONE', #695, #3659, #2802 ) ;
#286 = CONICAL_SURFACE ( 'NONE', #903, 3.149999999999999911, 0.7853981633974473908 ) ;
#287 = CARTESIAN_POINT ( 'NONE',  ( 8.750000000000005329, 1.500000000000001776, 12.00544456622768941 ) ) ;
#288 = ORIENTED_EDGE ( 'NONE', *, *, #1178, .F. ) ;
#289 = EDGE_CURVE ( 'NONE', #1684, #2432, #2984, .T. ) ;
#290 = DIRECTION ( 'NONE',  ( 0.000000000000000000, 0.000000000000000000, 1.000000000000000000 ) ) ;
#291 = CARTESIAN_POINT ( 'NONE',  ( -2.165063509458653446, -1.500000000000000000, 1.249999999998590239 ) ) ;
#292 = CARTESIAN_POINT ( 'NONE',  ( -9.184850993605148438E-17, -8.500000000000000000, 1.742924699575454705E-16 ) ) ;
#293 = EDGE_LOOP ( 'NONE', ( #3682, #2146 ) ) ;
#294 = EDGE_CURVE ( 'NONE', #618, #552, #2852, .T. ) ;
#295 = VECTOR ( 'NONE', #1689, 1000.000000000000000 ) ;
#296 = ORIENTED_EDGE ( 'NONE', *, *, #977, .F. ) ;
#297 = DIRECTION ( 'NONE',  ( 0.000000000000000000, 0.000000000000000000, 1.000000000000000000 ) ) ;
#298 = DIRECTION ( 'NONE',  ( 0.000000000000000000, 0.000000000000000000, 1.000000000000000000 ) ) ;
#299 = AXIS2_PLACEMENT_3D ( 'NONE', #2278, #2855, #1647 ) ;
#300 = CARTESIAN_POINT ( 'NONE',  ( -17.50000000000000355, 1.500000000000000000, 1.699999999999980194 ) ) ;
#301 = FACE_OUTER_BOUND ( 'NONE', #1827, .T. ) ;
#302 = EDGE_LOOP ( 'NONE', ( #2487, #3198, #3737, #2230 ) ) ;
#303 = CONICAL_SURFACE ( 'NONE', #665, 3.149999999999999911, 0.7853981633974473908 ) ;
#304 = CYLINDRICAL_SURFACE ( 'NONE', #670, 1.000000000000000444 ) ;
#305 = ORIENTED_EDGE ( 'NONE', *, *, #2052, .T. ) ;
#306 = CIRCLE ( 'NONE', #924, 1.000000000000001776 ) ;
#307 = EDGE_CURVE ( 'NONE', #186, #3418, #3363, .T. ) ;
#308 = FACE_BOUND ( 'NONE', #2045, .T. ) ;
#309 = CARTESIAN_POINT ( 'NONE',  ( 13.19273868914366687, -8.500000000000000000, 2.500000000000000444 ) ) ;
#310 = DIRECTION ( 'NONE',  ( 0.000000000000000000, 1.000000000000000000, 0.000000000000000000 ) ) ;
#311 = EDGE_CURVE ( 'NONE', #2637, #2895, #1281, .T. ) ;
#312 = DIRECTION ( 'NONE',  ( 0.000000000000000000, 0.000000000000000000, 1.000000000000000000 ) ) ;
#313 = ORIENTED_EDGE ( 'NONE', *, *, #2539, .T. ) ;
#314 = ORIENTED_EDGE ( 'NONE', *, *, #395, .T. ) ;
#315 = CARTESIAN_POINT ( 'NONE',  ( 0.000000000000000000, -1.500000000000000000, 0.000000000000000000 ) ) ;
#316 = DIRECTION ( 'NONE',  ( -0.000000000000000000, 1.000000000000000000, -0.000000000000000000 ) ) ;
#317 = FACE_OUTER_BOUND ( 'NONE', #378, .T. ) ;
#318 = DIRECTION ( 'NONE',  ( 0.000000000000000000, 0.000000000000000000, 1.000000000000000000 ) ) ;
#319 = VERTEX_POINT ( 'NONE', #961 ) ;
#320 = PRODUCT ( 'Part1^top motor drive', 'Part1^top motor drive', '', ( #1167 ) ) ;
#321 = CARTESIAN_POINT ( 'NONE',  ( 13.19273868914366687, 1.500000000000000000, 2.500000000000000444 ) ) ;
#322 = VERTEX_POINT ( 'NONE', #1259 ) ;
#323 = DIRECTION ( 'NONE',  ( 1.000000000000000000, 0.000000000000000000, 0.000000000000000000 ) ) ;
#324 = DIRECTION ( 'NONE',  ( 0.000000000000000000, -0.000000000000000000, 1.000000000000000000 ) ) ;
#325 = CIRCLE ( 'NONE', #2070, 3.149999999999999911 ) ;
#326 = CARTESIAN_POINT ( 'NONE',  ( -9.469357670825701234, 1.500000000000000000, 10.66266986216955814 ) ) ;
#327 = CARTESIAN_POINT ( 'NONE',  ( -0.8418944329588047282, 1.500000000000000000, -8.458203932499678501 ) ) ;
#328 = ORIENTED_EDGE ( 'NONE', *, *, #1930, .T. ) ;
#329 = VERTEX_POINT ( 'NONE', #1881 ) ;
#330 = ADVANCED_FACE ( 'NONE', ( #685 ), #905, .F. ) ;
#331 = DIRECTION ( 'NONE',  ( -0.000000000000000000, 1.000000000000000000, -0.000000000000000000 ) ) ;
#332 = DIRECTION ( 'NONE',  ( 0.000000000000000000, 0.000000000000000000, 1.000000000000000000 ) ) ;
#333 = DIRECTION ( 'NONE',  ( -0.5000000000000067724, 0.000000000000000000, 0.8660254037844347108 ) ) ;
#334 = ADVANCED_FACE ( 'NONE', ( #928 ), #2121, .T. ) ;
#335 = ORIENTED_EDGE ( 'NONE', *, *, #1463, .F. ) ;
#336 = DIRECTION ( 'NONE',  ( -0.000000000000000000, 1.000000000000000000, -0.000000000000000000 ) ) ;
#337 = ORIENTED_EDGE ( 'NONE', *, *, #737, .T. ) ;
#338 = EDGE_CURVE ( 'NONE', #1584, #2686, #3680, .T. ) ;
#339 = LINE ( 'NONE', #270, #2709 ) ;
#340 = CIRCLE ( 'NONE', #1020, 3.149999999999999911 ) ;
#341 = LINE ( 'NONE', #944, #1672 ) ;
#342 = FACE_OUTER_BOUND ( 'NONE', #284, .T. ) ;
#343 = DIRECTION ( 'NONE',  ( -0.000000000000000000, 1.000000000000000000, -0.000000000000000000 ) ) ;
#344 = AXIS2_PLACEMENT_3D ( 'NONE', #15, #3629, #2721 ) ;
#345 = ORIENTED_EDGE ( 'NONE', *, *, #946, .F. ) ;
#346 = AXIS2_PLACEMENT_3D ( 'NONE', #539, #1128, #1148 ) ;
#348 = ADVANCED_FACE ( 'NONE', ( #2182 ), #32, .F. ) ;
#347 = AXIS2_PLACEMENT_3D ( 'NONE', #2390, #1781, #1800 ) ;
#349 = EDGE_LOOP ( 'NONE', ( #2503, #368, #3792, #1912 ) ) ;
#350 = MANIFOLD_SOLID_BREP ( 'M3 \X2\4e3876bf306d3058752876bf7a74\X0\1', #843 ) ;
#351 = DIRECTION ( 'NONE',  ( -0.000000000000000000, 1.000000000000000000, -0.000000000000000000 ) ) ;
#352 = CARTESIAN_POINT ( 'NONE',  ( -17.50000000000000355, 1.500000000000001776, -1.655234598692008349E-14 ) ) ;
#353 = VECTOR ( 'NONE', #3020, 1000.000000000000000 ) ;
#354 = VERTEX_POINT ( 'NONE', #3220 ) ;
#355 = AXIS2_PLACEMENT_3D ( 'NONE', #3803, #2893, #2937 ) ;
#356 = DIRECTION ( 'NONE',  ( 0.000000000000000000, 1.000000000000000000, 0.000000000000000000 ) ) ;
#357 = ORIENTED_EDGE ( 'NONE', *, *, #1491, .T. ) ;
#358 = EDGE_CURVE ( 'NONE', #1695, #354, #2342, .T. ) ;
#359 = DIRECTION ( 'NONE',  ( -0.000000000000000000, 1.000000000000000000, -0.000000000000000000 ) ) ;
#360 = EDGE_LOOP ( 'NONE', ( #2674, #2459, #683, #2029 ) ) ;
#361 = ADVANCED_FACE ( 'NONE', ( #3545 ), #2634, .F. ) ;
#362 = CARTESIAN_POINT ( 'NONE',  ( 1.707919836749406839, -8.500000000000000000, 7.958203932499066546 ) ) ;
#363 = VECTOR ( 'NONE', #2041, 1000.000000000000000 ) ;
#364 = CARTESIAN_POINT ( 'NONE',  ( 6.834676493307207501, -1.499999999999999556, -3.088235294117648078 ) ) ;
#365 = CARTESIAN_POINT ( 'NONE',  ( -8.750000000000055067, -1.499999999999999556, 15.15544456622765601 ) ) ;
#366 = FACE_OUTER_BOUND ( 'NONE', #1174, .T. ) ;
#367 = ORIENTED_EDGE ( 'NONE', *, *, #2207, .F. ) ;
#368 = ORIENTED_EDGE ( 'NONE', *, *, #2378, .T. ) ;
#369 = CARTESIAN_POINT ( 'NONE',  ( -13.09011422469387753, -8.500000000000000000, -11.32725708595006964 ) ) ;
#370 = ADVANCED_BREP_SHAPE_REPRESENTATION ( 'Part1^top motor drive', ( #350, #1662 ), #2864 ) ;
#371 = DIRECTION ( 'NONE',  ( -0.000000000000000000, 1.000000000000000000, -0.000000000000000000 ) ) ;
#372 = ORIENTED_EDGE ( 'NONE', *, *, #1793, .T. ) ;
#373 = DIRECTION ( 'NONE',  ( -0.000000000000000000, 1.000000000000000000, -0.000000000000000000 ) ) ;
#374 = ORIENTED_EDGE ( 'NONE', *, *, #1285, .T. ) ;
#375 = EDGE_CURVE ( 'NONE', #2267, #519, #2927, .T. ) ;
#376 = EDGE_CURVE ( 'NONE', #912, #849, #1698, .T. ) ;
#377 = CARTESIAN_POINT ( 'NONE',  ( -1.990540770086660026E-16, -1.500000000000000000, -2.499999999999999556 ) ) ;
#378 = EDGE_LOOP ( 'NONE', ( #3501, #3525, #515, #3355 ) ) ;
#379 = FACE_OUTER_BOUND ( 'NONE', #542, .T. ) ;
#380 = CARTESIAN_POINT ( 'NONE',  ( 11.54700538379247732, -1.500000000000000000, -20.00000000000004263 ) ) ;
#381 = EDGE_CURVE ( 'NONE', #3075, #3341, #1590, .T. ) ;
#382 = CARTESIAN_POINT ( 'NONE',  ( 2.165063509463538871, -8.500000000000000000, -1.250000000001410649 ) ) ;
#383 = LINE ( 'NONE', #441, #3080 ) ;
#384 = VERTEX_POINT ( 'NONE', #2335 ) ;
#385 = AXIS2_PLACEMENT_3D ( 'NONE', #807, #2622, #3848 ) ;
#386 = EDGE_CURVE ( 'NONE', #1312, #667, #3420, .T. ) ;
#387 = CARTESIAN_POINT ( 'NONE',  ( -8.749999999999996447, 0.04999999999999665823, 16.85544456622768905 ) ) ;
#388 = CIRCLE ( 'NONE', #2581, 1.699999999999996625 ) ;
#389 = ORIENTED_EDGE ( 'NONE', *, *, #381, .F. ) ;
#390 = DIRECTION ( 'NONE',  ( 0.000000000000000000, 0.000000000000000000, 1.000000000000000000 ) ) ;
#391 = DIRECTION ( 'NONE',  ( 0.000000000000000000, 0.000000000000000000, 1.000000000000000000 ) ) ;
#392 = VERTEX_POINT ( 'NONE', #1996 ) ;
#393 = DIRECTION ( 'NONE',  ( 0.000000000000000000, 0.000000000000000000, 1.000000000000000000 ) ) ;
#394 = ORIENTED_EDGE ( 'NONE', *, *, #3456, .F. ) ;
#395 = EDGE_CURVE ( 'NONE', #1235, #793, #1081, .T. ) ;
#396 = LINE ( 'NONE', #3128, #630 ) ;
#397 = ORIENTED_EDGE ( 'NONE', *, *, #2202, .T. ) ;
#398 = CARTESIAN_POINT ( 'NONE',  ( 15.85111615421197762, -8.500000000000000000, -4.240717163770688636 ) ) ;
#399 = UNCERTAINTY_MEASURE_WITH_UNIT (LENGTH_MEASURE( 1.000000000000000082E-05 ), #2518, 'distance_accuracy_value', 'NONE');
#400 = DIRECTION ( 'NONE',  ( 0.000000000000000000, 0.000000000000000000, 1.000000000000000000 ) ) ;
#401 = AXIS2_PLACEMENT_3D ( 'NONE', #1921, #1718, #2613 ) ;
#402 = DIRECTION ( 'NONE',  ( -0.000000000000000000, 0.000000000000000000, -1.000000000000000000 ) ) ;
#403 = EDGE_CURVE ( 'NONE', #121, #240, #340, .T. ) ;
#404 = EDGE_LOOP ( 'NONE', ( #3450, #1351, #1663, #678 ) ) ;
#405 = VECTOR ( 'NONE', #198, 1000.000000000000000 ) ;
#406 = DIRECTION ( 'NONE',  ( -0.000000000000000000, 1.000000000000000000, -0.000000000000000000 ) ) ;
#407 = ORIENTED_EDGE ( 'NONE', *, *, #3541, .F. ) ;
#408 = AXIS2_PLACEMENT_3D ( 'NONE', #1661, #2291, #3503 ) ;
#409 = CARTESIAN_POINT ( 'NONE',  ( 17.50000000000001776, 1.500000000000000000, -5.650474260863225751E-15 ) ) ;
#410 = EDGE_CURVE ( 'NONE', #3671, #740, #3410, .T. ) ;
#411 = DIRECTION ( 'NONE',  ( -0.000000000000000000, 1.000000000000000000, -0.000000000000000000 ) ) ;
#412 = ORIENTED_EDGE ( 'NONE', *, *, #1225, .F. ) ;
#413 = DIRECTION ( 'NONE',  ( 0.000000000000000000, 0.000000000000000000, 1.000000000000000000 ) ) ;
#414 = VERTEX_POINT ( 'NONE', #817 ) ;
#415 = AXIS2_PLACEMENT_3D ( 'NONE', #1105, #1443, #227 ) ;
#416 = DIRECTION ( 'NONE',  ( -0.000000000000000000, 1.000000000000000000, -0.000000000000000000 ) ) ;
#417 = ORIENTED_EDGE ( 'NONE', *, *, #307, .F. ) ;
#418 = DIRECTION ( 'NONE',  ( -0.000000000000000000, 0.000000000000000000, -1.000000000000000000 ) ) ;
#419 = CARTESIAN_POINT ( 'NONE',  ( -6.091828464224532169, -1.499999999999999556, 4.374885822791697798 ) ) ;
#420 = DIRECTION ( 'NONE',  ( 0.000000000000000000, 1.000000000000000000, 0.000000000000000000 ) ) ;
#421 = CARTESIAN_POINT ( 'NONE',  ( -11.59812687119602792, -8.500000000000000000, -11.60711068600008922 ) ) ;
#422 = ORIENTED_EDGE ( 'NONE', *, *, #2645, .T. ) ;
#423 = EDGE_CURVE ( 'NONE', #1309, #552, #2219, .T. ) ;
#424 = ADVANCED_FACE ( 'NONE', ( #3106 ), #2013, .F. ) ;
#425 = CARTESIAN_POINT ( 'NONE',  ( 15.48872410019262880, -1.499999999999999556, -5.172742914049958785 ) ) ;
#426 = ORIENTED_EDGE ( 'NONE', *, *, #3594, .F. ) ;
#427 = LINE ( 'NONE', #1028, #1535 ) ;
#428 = AXIS2_PLACEMENT_3D ( 'NONE', #2220, #3432, #3132 ) ;
#429 = CARTESIAN_POINT ( 'NONE',  ( -6.834676493307209277, 1.500000000000000000, 3.088235294117645857 ) ) ;
#430 = ADVANCED_FACE ( 'NONE', ( #2314 ), #3862, .F. ) ;
#431 = VERTEX_POINT ( 'NONE', #2814 ) ;
#432 = DIRECTION ( 'NONE',  ( -0.000000000000000000, 1.000000000000000000, -0.000000000000000000 ) ) ;
#433 = VERTEX_POINT ( 'NONE', #1629 ) ;
#434 = EDGE_CURVE ( 'NONE', #2993, #3762, #527, .T. ) ;
#435 = CARTESIAN_POINT ( 'NONE',  ( -2.165063509463150737, 1.500000000000000000, -1.250000000001184830 ) ) ;
#436 = ORIENTED_EDGE ( 'NONE', *, *, #3030, .F. ) ;
#437 = DIRECTION ( 'NONE',  ( 0.000000000000000000, 0.000000000000000000, 1.000000000000000000 ) ) ;
#438 = CARTESIAN_POINT ( 'NONE',  ( 6.834676493307207501, -8.500000000000000000, -3.088235294117648078 ) ) ;
#439 = CARTESIAN_POINT ( 'NONE',  ( -0.8418944329644685309, -1.499999999999999556, 8.458203932499115396 ) ) ;
#440 = FACE_OUTER_BOUND ( 'NONE', #1654, .T. ) ;
#441 = CARTESIAN_POINT ( 'NONE',  ( -8.749999999999998224, 1.500000000000000000, -16.85544456622768905 ) ) ;
#442 = CARTESIAN_POINT ( 'NONE',  ( 8.761432854036520723, -1.499999999999999556, 10.17524685028879361 ) ) ;
#443 = ORIENTED_EDGE ( 'NONE', *, *, #2386, .T. ) ;
#444 = CARTESIAN_POINT ( 'NONE',  ( -7.745966692414836707, -1.499999999999999556, 2.500000000000001332 ) ) ;
#445 = ORIENTED_EDGE ( 'NONE', *, *, #1015, .T. ) ;
#446 = LINE ( 'NONE', #1327, #3099 ) ;
#447 = VECTOR ( 'NONE', #3290, 1000.000000000000000 ) ;
#448 = EDGE_CURVE ( 'NONE', #53, #1756, #2783, .T. ) ;
#449 = EDGE_LOOP ( 'NONE', ( #1284, #2523, #2006, #3887 ) ) ;
#450 = CARTESIAN_POINT ( 'NONE',  ( -8.749999999999996447, 1.500000000000001776, 12.00544456622769118 ) ) ;
#451 = DIRECTION ( 'NONE',  ( -0.000000000000000000, 1.000000000000000000, -0.000000000000000000 ) ) ;
#452 = ORIENTED_EDGE ( 'NONE', *, *, #1534, .T. ) ;
#453 = CARTESIAN_POINT ( 'NONE',  ( 13.19273868914366687, 1.500000000000000000, 3.500000000000000888 ) ) ;
#454 = ORIENTED_EDGE ( 'NONE', *, *, #622, .T. ) ;
#455 = CARTESIAN_POINT ( 'NONE',  ( 9.627458257814346609, -1.499999999999999556, -9.675246850287742006 ) ) ;
#456 = EDGE_CURVE ( 'NONE', #1307, #1772, #834, .T. ) ;
#457 = CARTESIAN_POINT ( 'NONE',  ( -8.750000000000055067, 1.500000000000000000, 15.15544456622765601 ) ) ;
#458 = CARTESIAN_POINT ( 'NONE',  ( -17.50000000000000355, 1.500000000000001776, 3.149999999999983480 ) ) ;
#459 = FACE_OUTER_BOUND ( 'NONE', #2683, .T. ) ;
#460 = VERTEX_POINT ( 'NONE', #3028 ) ;
#461 = AXIS2_PLACEMENT_3D ( 'NONE', #1761, #916, #549 ) ;
#462 = CARTESIAN_POINT ( 'NONE',  ( -12.22408882090951288, -1.499999999999999556, 10.82725708595003411 ) ) ;
#463 = VERTEX_POINT ( 'NONE', #1475 ) ;
#464 = CARTESIAN_POINT ( 'NONE',  ( -4.000000000000000000, -1.500000000000000000, 1.800000000000000044 ) ) ;
#465 = AXIS2_PLACEMENT_3D ( 'NONE', #3261, #1258, #1468 ) ;
#466 = EDGE_LOOP ( 'NONE', ( #853, #935, #3197, #593 ) ) ;
#467 = DIRECTION ( 'NONE',  ( -0.000000000000000000, 1.000000000000000000, -0.000000000000000000 ) ) ;
#468 = LINE ( 'NONE', #491, #163 ) ;
#469 = AXIS2_PLACEMENT_3D ( 'NONE', #1812, #2475, #3690 ) ;
#470 = VECTOR ( 'NONE', #3475, 1000.000000000000000 ) ;
#471 = EDGE_CURVE ( 'NONE', #2192, #771, #1706, .T. ) ;
#472 = VERTEX_POINT ( 'NONE', #2057 ) ;
#473 = VECTOR ( 'NONE', #1871, 1000.000000000000000 ) ;
#474 = DIRECTION ( 'NONE',  ( 0.000000000000000000, 0.000000000000000000, 1.000000000000000000 ) ) ;
#475 = ORIENTED_EDGE ( 'NONE', *, *, #557, .T. ) ;
#476 = DIRECTION ( 'NONE',  ( 0.000000000000000000, 0.000000000000000000, 1.000000000000000000 ) ) ;
#477 = AXIS2_PLACEMENT_3D ( 'NONE', #209, #482, #538 ) ;
#478 = DIRECTION ( 'NONE',  ( 0.4999999999999999445, 0.000000000000000000, -0.8660254037844385966 ) ) ;
#479 = PRODUCT_DEFINITION_FORMATION_WITH_SPECIFIED_SOURCE ( 'ANY', '', #320, .NOT_KNOWN. ) ;
#480 = VERTEX_POINT ( 'NONE', #2409 ) ;
#481 = AXIS2_PLACEMENT_3D ( 'NONE', #3622, #1746, #2362 ) ;
#482 = DIRECTION ( 'NONE',  ( -0.000000000000000000, 1.000000000000000000, -0.000000000000000000 ) ) ;
#483 = CARTESIAN_POINT ( 'NONE',  ( -8.749999999999998224, 1.500000000000001776, -12.00544456622769474 ) ) ;
#484 = ORIENTED_EDGE ( 'NONE', *, *, #2415, .T. ) ;
#485 = DIRECTION ( 'NONE',  ( -0.000000000000000000, -1.000000000000000000, -0.000000000000000000 ) ) ;
#486 = VECTOR ( 'NONE', #3101, 1000.000000000000000 ) ;
#487 = CIRCLE ( 'NONE', #2689, 1.000000000000000888 ) ;
#488 = AXIS2_PLACEMENT_3D ( 'NONE', #3839, #1002, #2242 ) ;
#489 = EDGE_LOOP ( 'NONE', ( #1635, #288, #1935, #2468 ) ) ;
#490 = CARTESIAN_POINT ( 'NONE',  ( 13.19273868914365799, -1.499999999999999556, -3.500000000000000888 ) ) ;
#491 = CARTESIAN_POINT ( 'NONE',  ( -2.165063509458653002, 1.500000000000000000, 1.249999999998590239 ) ) ;
#492 = ORIENTED_EDGE ( 'NONE', *, *, #1749, .T. ) ;
#493 = DIRECTION ( 'NONE',  ( 0.000000000000000000, 0.000000000000000000, 1.000000000000000000 ) ) ;
#494 = EDGE_LOOP ( 'NONE', ( #3468, #2208, #3250, #1516 ) ) ;
#495 = EDGE_CURVE ( 'NONE', #2188, #319, #1273, .T. ) ;
#496 = LINE ( 'NONE', #3534, #1066 ) ;
#497 = VERTEX_POINT ( 'NONE', #3324 ) ;
#498 = EDGE_CURVE ( 'NONE', #3201, #1295, #1527, .T. ) ;
#499 = CARTESIAN_POINT ( 'NONE',  ( 12.22408882090946136, -8.500000000000000000, 10.82725708595005720 ) ) ;
#500 = DIRECTION ( 'NONE',  ( 0.000000000000000000, 1.000000000000000000, -0.000000000000000000 ) ) ;
#501 = ORIENTED_EDGE ( 'NONE', *, *, #868, .F. ) ;
#502 = CARTESIAN_POINT ( 'NONE',  ( -1.707919836743244657, -8.500000000000000000, -7.958203932499678501 ) ) ;
#503 = EDGE_CURVE ( 'NONE', #3573, #460, #2344, .T. ) ;
#504 = VERTEX_POINT ( 'NONE', #3599 ) ;
#505 = FACE_OUTER_BOUND ( 'NONE', #222, .T. ) ;
#506 = CARTESIAN_POINT ( 'NONE',  ( -13.96882180821685360, -1.499999999999999556, -2.869369369369372258 ) ) ;
#507 = AXIS2_PLACEMENT_3D ( 'NONE', #3253, #1729, #1704 ) ;
#508 = ORIENTED_EDGE ( 'NONE', *, *, #3514, .F. ) ;
#509 = CYLINDRICAL_SURFACE ( 'NONE', #3630, 1.000000000000002665 ) ;
#510 = ORIENTED_EDGE ( 'NONE', *, *, #2288, .T. ) ;
#511 = CYLINDRICAL_SURFACE ( 'NONE', #1926, 1.699999999999996625 ) ;
#512 = EDGE_CURVE ( 'NONE', #2205, #1097, #2376, .T. ) ;
#513 = DIRECTION ( 'NONE',  ( -0.000000000000000000, 1.000000000000000000, -0.000000000000000000 ) ) ;
#514 = LINE ( 'NONE', #847, #2388 ) ;
#515 = ORIENTED_EDGE ( 'NONE', *, *, #272, .T. ) ;
#516 = CARTESIAN_POINT ( 'NONE',  ( 6.038046855666997281, -8.500000000000000000, -5.458203932501485944 ) ) ;
#517 = CYLINDRICAL_SURFACE ( 'NONE', #2157, 1.699999999999996625 ) ;
#518 = EDGE_CURVE ( 'NONE', #2267, #2197, #3882, .T. ) ;
#519 = VERTEX_POINT ( 'NONE', #3245 ) ;
#520 = LINE ( 'NONE', #2919, #3672 ) ;
#521 = ADVANCED_FACE ( 'NONE', ( #2677 ), #623, .F. ) ;
#522 = ADVANCED_FACE ( 'NONE', ( #260 ), #937, .F. ) ;
#523 = EDGE_LOOP ( 'NONE', ( #3060, #2953, #1551, #3556 ) ) ;
#524 = VECTOR ( 'NONE', #3817, 1000.000000000000000 ) ;
#525 = DIRECTION ( 'NONE',  ( -0.000000000000000000, 1.000000000000000000, -0.000000000000000000 ) ) ;
#526 = ORIENTED_EDGE ( 'NONE', *, *, #1280, .T. ) ;
#527 = LINE ( 'NONE', #148, #3739 ) ;
#528 = VERTEX_POINT ( 'NONE', #2699 ) ;
#529 = DIRECTION ( 'NONE',  ( -0.000000000000000000, -1.000000000000000000, -0.000000000000000000 ) ) ;
#530 = ORIENTED_EDGE ( 'NONE', *, *, #2415, .F. ) ;
#531 = DIRECTION ( 'NONE',  ( 0.000000000000000000, 0.000000000000000000, 1.000000000000000000 ) ) ;
#532 = AXIS2_PLACEMENT_3D ( 'NONE', #2483, #2209, #694 ) ;
#533 = CYLINDRICAL_SURFACE ( 'NONE', #3812, 0.9999999999999991118 ) ;
#534 = FACE_BOUND ( 'NONE', #2088, .T. ) ;
#535 = VECTOR ( 'NONE', #3095, 1000.000000000000000 ) ;
#536 = ORIENTED_EDGE ( 'NONE', *, *, #503, .F. ) ;
#537 = CONICAL_SURFACE ( 'NONE', #3051, 3.150000000000001688, 0.7853981633974473908 ) ;
#538 = DIRECTION ( 'NONE',  ( 0.000000000000000000, 0.000000000000000000, 1.000000000000000000 ) ) ;
#539 = CARTESIAN_POINT ( 'NONE',  ( 2.165063509463543312, -8.500000000000000000, -1.250000000001412870 ) ) ;
#540 = ORIENTED_EDGE ( 'NONE', *, *, #3732, .F. ) ;
#541 = CARTESIAN_POINT ( 'NONE',  ( 16.35474950397700056, -1.499999999999999556, 5.672742914049922369 ) ) ;
#542 = EDGE_LOOP ( 'NONE', ( #1332, #898, #1987, #1423 ) ) ;
#543 = AXIS2_PLACEMENT_3D ( 'NONE', #3825, #206, #765 ) ;
#544 = EDGE_CURVE ( 'NONE', #3211, #472, #707, .T. ) ;
#545 = ORIENTED_EDGE ( 'NONE', *, *, #3788, .T. ) ;
#546 = DIRECTION ( 'NONE',  ( -0.000000000000000000, 1.000000000000000000, -0.000000000000000000 ) ) ;
#547 = CARTESIAN_POINT ( 'NONE',  ( -16.35474950397699700, -8.500000000000000000, 5.672742914049908158 ) ) ;
#548 = AXIS2_PLACEMENT_3D ( 'NONE', #939, #2807, #1294 ) ;
#549 = DIRECTION ( 'NONE',  ( 0.000000000000000000, 0.000000000000000000, 1.000000000000000000 ) ) ;
#550 = CARTESIAN_POINT ( 'NONE',  ( -0.7428480290862983226, 1.500000000000000000, 7.463121116910982344 ) ) ;
#551 = EDGE_CURVE ( 'NONE', #3214, #1919, #2989, .T. ) ;
#552 = VERTEX_POINT ( 'NONE', #1453 ) ;
#553 = FACE_OUTER_BOUND ( 'NONE', #2772, .T. ) ;
#554 = ORIENTED_EDGE ( 'NONE', *, *, #3624, .F. ) ;
#555 = DIRECTION ( 'NONE',  ( -0.000000000000000000, 1.000000000000000000, -0.000000000000000000 ) ) ;
#556 = AXIS2_PLACEMENT_3D ( 'NONE', #2474, #3089, #3130 ) ;
#557 = EDGE_CURVE ( 'NONE', #3367, #1766, #3860, .T. ) ;
#558 = CARTESIAN_POINT ( 'NONE',  ( 0.000000000000000000, 0.000000000000000000, 0.000000000000000000 ) ) ;
#559 = FACE_BOUND ( 'NONE', #2891, .T. ) ;
#560 = ORIENTED_EDGE ( 'NONE', *, *, #2957, .F. ) ;
#561 = DIRECTION ( 'NONE',  ( 0.000000000000000000, 0.000000000000000000, 1.000000000000000000 ) ) ;
#562 = LINE ( 'NONE', #1753, #845 ) ;
#563 = DIRECTION ( 'NONE',  ( 0.000000000000000000, 0.000000000000000000, 1.000000000000000000 ) ) ;
#564 = EDGE_LOOP ( 'NONE', ( #3642, #1289, #1204, #1457, #775, #1044, #3298, #2883, #1414, #3317, #1627, #232 ) ) ;
#565 = ORIENTED_EDGE ( 'NONE', *, *, #213, .T. ) ;
#566 = CARTESIAN_POINT ( 'NONE',  ( 23.09401076758504701, -1.500000000000000000, 0.000000000000000000 ) ) ;
#567 = DIRECTION ( 'NONE',  ( 0.000000000000000000, 1.000000000000000000, 0.000000000000000000 ) ) ;
#568 = CARTESIAN_POINT ( 'NONE',  ( 17.50000000000001421, 0.04999999999999665823, 4.853321584273757548E-15 ) ) ;
#569 = CARTESIAN_POINT ( 'NONE',  ( 11.59812687119611674, 1.500000000000000000, -11.60711068600014784 ) ) ;
#570 = ORIENTED_EDGE ( 'NONE', *, *, #3427, .F. ) ;
#571 = DIRECTION ( 'NONE',  ( 0.000000000000000000, 1.000000000000000000, -0.000000000000000000 ) ) ;
#572 = ORIENTED_EDGE ( 'NONE', *, *, #3750, .T. ) ;
#573 = EDGE_CURVE ( 'NONE', #717, #1524, #1157, .T. ) ;
#574 = AXIS2_PLACEMENT_3D ( 'NONE', #3134, #3435, #2185 ) ;
#575 = AXIS2_PLACEMENT_3D ( 'NONE', #3391, #2533, #1036 ) ;
#576 = DIRECTION ( 'NONE',  ( 1.000000000000000000, 0.000000000000000000, -1.051620219116008738E-14 ) ) ;
#577 = EDGE_CURVE ( 'NONE', #1055, #3259, #24, .T. ) ;
#578 = ORIENTED_EDGE ( 'NONE', *, *, #2386, .F. ) ;
#579 = DIRECTION ( 'NONE',  ( -0.000000000000000000, 1.000000000000000000, -0.000000000000000000 ) ) ;
#580 = DIRECTION ( 'NONE',  ( 0.000000000000000000, 0.000000000000000000, 1.000000000000000000 ) ) ;
#581 = EDGE_CURVE ( 'NONE', #2909, #1395, #280, .T. ) ;
#582 = DIRECTION ( 'NONE',  ( 0.000000000000000000, 0.000000000000000000, 1.000000000000000000 ) ) ;
#583 = ORIENTED_EDGE ( 'NONE', *, *, #3237, .F. ) ;
#584 = ORIENTED_EDGE ( 'NONE', *, *, #2085, .F. ) ;
#585 = FACE_OUTER_BOUND ( 'NONE', #2480, .T. ) ;
#586 = DIRECTION ( 'NONE',  ( 0.000000000000000000, 0.000000000000000000, 1.000000000000000000 ) ) ;
#587 = CARTESIAN_POINT ( 'NONE',  ( 0.8418944329592915610, -8.500000000000000000, -8.458203932499628763 ) ) ;
#588 = DIRECTION ( 'NONE',  ( -0.000000000000000000, 1.000000000000000000, -0.000000000000000000 ) ) ;
#589 = EDGE_CURVE ( 'NONE', #1162, #2106, #1803, .T. ) ;
#590 = AXIS2_PLACEMENT_3D ( 'NONE', #3711, #838, #127 ) ;
#591 = ORIENTED_EDGE ( 'NONE', *, *, #3482, .F. ) ;
#592 = CARTESIAN_POINT ( 'NONE',  ( 3.264635279283078617, 1.500000000000000000, -15.99999999999987921 ) ) ;
#593 = ORIENTED_EDGE ( 'NONE', *, *, #1117, .T. ) ;
#594 = AXIS2_PLACEMENT_3D ( 'NONE', #1855, #1586, #136 ) ;
#595 = ADVANCED_FACE ( 'NONE', ( #317 ), #637, .F. ) ;
#596 = VECTOR ( 'NONE', #3837, 1000.000000000000000 ) ;
#597 = FACE_OUTER_BOUND ( 'NONE', #2733, .T. ) ;
#598 = DIRECTION ( 'NONE',  ( 1.000000000000000000, 0.000000000000000000, -3.455323577095457193E-15 ) ) ;
#599 = CARTESIAN_POINT ( 'NONE',  ( 2.165063509459042024, 1.500000000000000000, 1.249999999998812061 ) ) ;
#600 = VECTOR ( 'NONE', #2187, 1000.000000000000000 ) ;
#601 = ORIENTED_EDGE ( 'NONE', *, *, #3171, .T. ) ;
#602 = ORIENTED_EDGE ( 'NONE', *, *, #2082, .F. ) ;
#603 = PLANE ( 'NONE',  #2679 ) ;
#604 = DIRECTION ( 'NONE',  ( 0.5000000000000068834, 0.000000000000000000, 0.8660254037844345998 ) ) ;
#605 = DIRECTION ( 'NONE',  ( -1.000000000000000000, 0.000000000000000000, 0.000000000000000000 ) ) ;
#606 = CARTESIAN_POINT ( 'NONE',  ( -6.904072259451150551, 1.500000000000000000, -4.958203932501882960 ) ) ;
#607 = ORIENTED_EDGE ( 'NONE', *, *, #56, .T. ) ;
#608 = DIRECTION ( 'NONE',  ( 0.000000000000000000, 0.000000000000000000, 1.000000000000000000 ) ) ;
#609 = ORIENTED_EDGE ( 'NONE', *, *, #2003, .F. ) ;
#610 = AXIS2_PLACEMENT_3D ( 'NONE', #2904, #1639, #1070 ) ;
#611 = DIRECTION ( 'NONE',  ( -0.000000000000000000, 1.000000000000000000, -0.000000000000000000 ) ) ;
#612 = CIRCLE ( 'NONE', #2809, 5.000000000000000000 ) ;
#613 = FILL_AREA_STYLE_COLOUR ( '', #2672 ) ;
#614 = AXIS2_PLACEMENT_3D ( 'NONE', #1981, #3822, #3844 ) ;
#615 = CARTESIAN_POINT ( 'NONE',  ( -23.09401076758504345, 1.500000000000000000, 1.612646152681311659E-13 ) ) ;
#616 = CARTESIAN_POINT ( 'NONE',  ( -13.19273868914366332, -8.500000000000000000, 2.500000000000001332 ) ) ;
#617 = EDGE_CURVE ( 'NONE', #1145, #3878, #897, .T. ) ;
#618 = VERTEX_POINT ( 'NONE', #429 ) ;
#619 = ORIENTED_EDGE ( 'NONE', *, *, #2123, .T. ) ;
#620 = FACE_OUTER_BOUND ( 'NONE', #3429, .T. ) ;
#621 = CARTESIAN_POINT ( 'NONE',  ( 4.252989283015859101, -8.500000000000000000, -15.84782784977065795 ) ) ;
#622 = EDGE_CURVE ( 'NONE', #504, #3819, #1398, .T. ) ;
#623 = CYLINDRICAL_SURFACE ( 'NONE', #3159, 1.000000000000002665 ) ;
#624 = CYLINDRICAL_SURFACE ( 'NONE', #1582, 1.699999999999996625 ) ;
#625 = ORIENTED_EDGE ( 'NONE', *, *, #2252, .F. ) ;
#626 = CARTESIAN_POINT ( 'NONE',  ( -7.745966692414836707, -8.500000000000000000, -3.500000000000000000 ) ) ;
#627 = EDGE_LOOP ( 'NONE', ( #2294, #2010, #656, #2144 ) ) ;
#628 = CARTESIAN_POINT ( 'NONE',  ( -8.750000000000055067, -8.500000000000000000, 15.15544456622765601 ) ) ;
#629 = VECTOR ( 'NONE', #2418, 1000.000000000000000 ) ;
#630 = VECTOR ( 'NONE', #1877, 1000.000000000000000 ) ;
#631 = DIRECTION ( 'NONE',  ( 0.000000000000000000, 0.000000000000000000, 1.000000000000000000 ) ) ;
#632 = LINE ( 'NONE', #291, #3638 ) ;
#633 = ORIENTED_EDGE ( 'NONE', *, *, #2522, .F. ) ;
#634 = ADVANCED_FACE ( 'NONE', ( #2169 ), #1910, .F. ) ;
#635 = ORIENTED_EDGE ( 'NONE', *, *, #71, .F. ) ;
#636 = FACE_OUTER_BOUND ( 'NONE', #449, .T. ) ;
#637 = CYLINDRICAL_SURFACE ( 'NONE', #1646, 1.699999999999996625 ) ;
#638 = EDGE_CURVE ( 'NONE', #20, #3799, #92, .T. ) ;
#639 = ADVANCED_FACE ( 'NONE', ( #2821 ), #2508, .T. ) ;
#640 = ORIENTED_EDGE ( 'NONE', *, *, #733, .F. ) ;
#641 = CARTESIAN_POINT ( 'NONE',  ( 3.565280431327592758, -8.500000000000000000, 13.17524685028481990 ) ) ;
#642 = ORIENTED_EDGE ( 'NONE', *, *, #2232, .F. ) ;
#643 = AXIS2_PLACEMENT_3D ( 'NONE', #3310, #2832, #3838 ) ;
#644 = DIRECTION ( 'NONE',  ( -0.000000000000000000, 1.000000000000000000, -0.000000000000000000 ) ) ;
#645 = AXIS2_PLACEMENT_3D ( 'NONE', #2428, #2074, #2949 ) ;
#646 = CARTESIAN_POINT ( 'NONE',  ( -0.7428480290812981002, 1.500000000000000000, -7.463121116911479724 ) ) ;
#647 = DIRECTION ( 'NONE',  ( -0.000000000000000000, 1.000000000000000000, -0.000000000000000000 ) ) ;
#648 = CARTESIAN_POINT ( 'NONE',  ( -9.184850993605148438E-17, 1.500000000000000000, 1.742924699575454705E-16 ) ) ;
#649 = AXIS2_PLACEMENT_3D ( 'NONE', #3139, #1048, #2569 ) ;
#650 = DIRECTION ( 'NONE',  ( 0.000000000000000000, 0.000000000000000000, 1.000000000000000000 ) ) ;
#651 = DIRECTION ( 'NONE',  ( 0.000000000000000000, 0.000000000000000000, 1.000000000000000000 ) ) ;
#652 = AXIS2_PLACEMENT_3D ( 'NONE', #3332, #2774, #1505 ) ;
#653 = VERTEX_POINT ( 'NONE', #1009 ) ;
#654 = CIRCLE ( 'NONE', #164, 1.699999999999996625 ) ;
#655 = AXIS2_PLACEMENT_3D ( 'NONE', #2109, #2924, #3579 ) ;
#656 = ORIENTED_EDGE ( 'NONE', *, *, #456, .F. ) ;
#657 = DIRECTION ( 'NONE',  ( 0.000000000000000000, 0.000000000000000000, 1.000000000000000000 ) ) ;
#658 = FACE_OUTER_BOUND ( 'NONE', #3455, .T. ) ;
#659 = ADVANCED_FACE ( 'NONE', ( #658 ), #3343, .F. ) ;
#660 = AXIS2_PLACEMENT_3D ( 'NONE', #3399, #2481, #2799 ) ;
#661 = ORIENTED_EDGE ( 'NONE', *, *, #1049, .T. ) ;
#662 = VECTOR ( 'NONE', #2162, 1000.000000000000000 ) ;
#663 = CYLINDRICAL_SURFACE ( 'NONE', #2111, 7.500000000000003553 ) ;
#664 = ORIENTED_EDGE ( 'NONE', *, *, #2833, .T. ) ;
#665 = AXIS2_PLACEMENT_3D ( 'NONE', #1313, #2212, #3388 ) ;
#666 = CARTESIAN_POINT ( 'NONE',  ( 8.750000000000007105, 1.500000000000001776, -12.00544456622769296 ) ) ;
#667 = VERTEX_POINT ( 'NONE', #2527 ) ;
#668 = CARTESIAN_POINT ( 'NONE',  ( 2.165063509459042024, -1.500000000000000000, 1.249999999998811839 ) ) ;
#669 = ADVANCED_FACE ( 'NONE', ( #2210 ), #3740, .F. ) ;
#670 = AXIS2_PLACEMENT_3D ( 'NONE', #626, #1826, #3017 ) ;
#671 = CARTESIAN_POINT ( 'NONE',  ( 8.750000000000007105, 0.04999999999999665823, -16.85544456622768905 ) ) ;
#672 = FACE_OUTER_BOUND ( 'NONE', #45, .T. ) ;
#673 = ORIENTED_EDGE ( 'NONE', *, *, #2494, .F. ) ;
#674 = DIRECTION ( 'NONE',  ( 0.000000000000000000, 0.000000000000000000, 1.000000000000000000 ) ) ;
#675 = ORIENTED_EDGE ( 'NONE', *, *, #2971, .T. ) ;
#676 = CARTESIAN_POINT ( 'NONE',  ( -13.19273868914363312, -1.499999999999999556, -3.499999999999999556 ) ) ;
#677 = DIRECTION ( 'NONE',  ( 0.5000000000000008882, 0.000000000000000000, 0.8660254037844381525 ) ) ;
#678 = ORIENTED_EDGE ( 'NONE', *, *, #237, .F. ) ;
#679 = CARTESIAN_POINT ( 'NONE',  ( 4.431305835109641045, -8.500000000000000000, -12.67524685029108156 ) ) ;
#680 = VERTEX_POINT ( 'NONE', #1890 ) ;
#681 = EDGE_CURVE ( 'NONE', #1695, #1224, #2784, .T. ) ;
#682 = LINE ( 'NONE', #699, #137 ) ;
#683 = ORIENTED_EDGE ( 'NONE', *, *, #1793, .F. ) ;
#684 = DIRECTION ( 'NONE',  ( 0.000000000000000000, 0.000000000000000000, 1.000000000000000000 ) ) ;
#685 = FACE_OUTER_BOUND ( 'NONE', #2871, .T. ) ;
#686 = ADVANCED_FACE ( 'NONE', ( #2751 ), #1087, .F. ) ;
#687 = CYLINDRICAL_SURFACE ( 'NONE', #1102, 4.550000000000001599 ) ;
#688 = DIRECTION ( 'NONE',  ( -0.000000000000000000, 1.000000000000000000, -0.000000000000000000 ) ) ;
#689 = CARTESIAN_POINT ( 'NONE',  ( -17.50000000000000355, 1.500000000000001776, -1.655234598692008349E-14 ) ) ;
#690 = ORIENTED_EDGE ( 'NONE', *, *, #3289, .F. ) ;
#691 = CIRCLE ( 'NONE', #3274, 1.000000000000000444 ) ;
#692 = CARTESIAN_POINT ( 'NONE',  ( -8.749999999999998224, 1.500000000000001776, -18.30544456622769545 ) ) ;
#693 = EDGE_LOOP ( 'NONE', ( #3765, #1249, #3684, #2323 ) ) ;
#694 = DIRECTION ( 'NONE',  ( 0.000000000000000000, 0.000000000000000000, 1.000000000000000000 ) ) ;
#695 = CARTESIAN_POINT ( 'NONE',  ( -17.50000000000000355, 1.500000000000000000, -1.655234598692008349E-14 ) ) ;
#696 = ORIENTED_EDGE ( 'NONE', *, *, #1340, .F. ) ;
#697 = LINE ( 'NONE', #679, #486 ) ;
#698 = ORIENTED_EDGE ( 'NONE', *, *, #2440, .F. ) ;
#699 = CARTESIAN_POINT ( 'NONE',  ( -17.50000000000000355, 1.500000000000000000, -1.700000000000013056 ) ) ;
#700 = ORIENTED_EDGE ( 'NONE', *, *, #681, .T. ) ;
#701 = ADVANCED_FACE ( 'NONE', ( #1836 ), #3678, .F. ) ;
#702 = FACE_OUTER_BOUND ( 'NONE', #2624, .T. ) ;
#703 = DIRECTION ( 'NONE',  ( 0.000000000000000000, 1.000000000000000000, 0.000000000000000000 ) ) ;
#704 = CARTESIAN_POINT ( 'NONE',  ( -9.469357670825701234, -1.499999999999999556, 10.66266986216955814 ) ) ;
#705 = EDGE_CURVE ( 'NONE', #3841, #3578, #2465, .T. ) ;
#706 = DIRECTION ( 'NONE',  ( 0.000000000000000000, 0.000000000000000000, 1.000000000000000000 ) ) ;
#707 = CIRCLE ( 'NONE', #461, 3.150000000000001688 ) ;
#708 = DIRECTION ( 'NONE',  ( 0.000000000000000000, 0.000000000000000000, 1.000000000000000000 ) ) ;
#709 = ORIENTED_EDGE ( 'NONE', *, *, #99, .F. ) ;
#710 = EDGE_CURVE ( 'NONE', #431, #761, #62, .T. ) ;
#711 = AXIS2_PLACEMENT_3D ( 'NONE', #2484, #3044, #3720 ) ;
#712 = CARTESIAN_POINT ( 'NONE',  ( 9.469357670820771844, -8.500000000000000000, -10.66266986216881563 ) ) ;
#713 = VERTEX_POINT ( 'NONE', #1603 ) ;
#714 = PLANE ( 'NONE',  #1896 ) ;
#715 = CARTESIAN_POINT ( 'NONE',  ( 8.750000000000007105, 1.500000000000000000, -15.15544456622769331 ) ) ;
#716 = ADVANCED_FACE ( 'NONE', ( #79 ), #2446, .F. ) ;
#717 = VERTEX_POINT ( 'NONE', #3362 ) ;
#718 = DIRECTION ( 'NONE',  ( 0.000000000000000000, 0.000000000000000000, 1.000000000000000000 ) ) ;
#719 = ORIENTED_EDGE ( 'NONE', *, *, #1886, .F. ) ;
#720 = DIRECTION ( 'NONE',  ( 1.000000000000000000, -0.000000000000000000, 0.000000000000000000 ) ) ;
#721 = ORIENTED_EDGE ( 'NONE', *, *, #1713, .T. ) ;
#722 = DIRECTION ( 'NONE',  ( 0.000000000000000000, 1.000000000000000000, 0.000000000000000000 ) ) ;
#723 = DIRECTION ( 'NONE',  ( -0.000000000000000000, 1.000000000000000000, -0.000000000000000000 ) ) ;
#724 = AXIS2_PLACEMENT_3D ( 'NONE', #3375, #3668, #3692 ) ;
#725 = DIRECTION ( 'NONE',  ( 0.000000000000000000, 0.000000000000000000, 1.000000000000000000 ) ) ;
#726 = DIRECTION ( 'NONE',  ( 0.000000000000000000, 0.000000000000000000, 1.000000000000000000 ) ) ;
#727 = CARTESIAN_POINT ( 'NONE',  ( 11.54700538379247732, 1.500000000000000000, -20.00000000000004263 ) ) ;
#728 = AXIS2_PLACEMENT_3D ( 'NONE', #1218, #2117, #1203 ) ;
#729 = DIRECTION ( 'NONE',  ( 0.000000000000000000, 0.000000000000000000, 1.000000000000000000 ) ) ;
#730 = VERTEX_POINT ( 'NONE', #1269 ) ;
#731 = EDGE_CURVE ( 'NONE', #740, #3404, #2912, .T. ) ;
#732 = CARTESIAN_POINT ( 'NONE',  ( -4.431305835111842839, -8.500000000000000000, 12.67524685028541676 ) ) ;
#733 = EDGE_CURVE ( 'NONE', #891, #1584, #3760, .T. ) ;
#734 = ORIENTED_EDGE ( 'NONE', *, *, #2221, .F. ) ;
#735 = LINE ( 'NONE', #1970, #1159 ) ;
#736 = AXIS2_PLACEMENT_3D ( 'NONE', #1299, #2497, #1000 ) ;
#737 = EDGE_CURVE ( 'NONE', #3644, #761, #1472, .T. ) ;
#738 = ORIENTED_EDGE ( 'NONE', *, *, #1687, .T. ) ;
#739 = DIRECTION ( 'NONE',  ( 0.000000000000000000, 0.000000000000000000, 1.000000000000000000 ) ) ;
#740 = VERTEX_POINT ( 'NONE', #3477 ) ;
#741 = ORIENTED_EDGE ( 'NONE', *, *, #1340, .T. ) ;
#742 = EDGE_CURVE ( 'NONE', #2747, #849, #212, .T. ) ;
#743 = DIRECTION ( 'NONE',  ( 0.000000000000000000, 0.000000000000000000, 1.000000000000000000 ) ) ;
#744 = VERTEX_POINT ( 'NONE', #1402 ) ;
#745 = CARTESIAN_POINT ( 'NONE',  ( 8.750000000000005329, 1.500000000000000000, 15.15544456622768976 ) ) ;
#746 = CYLINDRICAL_SURFACE ( 'NONE', #3318, 7.500000000000001776 ) ;
#747 = FACE_OUTER_BOUND ( 'NONE', #1445, .T. ) ;
#748 = CARTESIAN_POINT ( 'NONE',  ( -14.72243186433551188, -1.500000000000000000, 8.499999999999907629 ) ) ;
#749 = EDGE_CURVE ( 'NONE', #1266, #1397, #1086, .T. ) ;
#750 = ORIENTED_EDGE ( 'NONE', *, *, #3465, .F. ) ;
#751 = LINE ( 'NONE', #692, #3172 ) ;
#752 = ORIENTED_EDGE ( 'NONE', *, *, #1694, .F. ) ;
#753 = FACE_BOUND ( 'NONE', #3280, .T. ) ;
#754 = AXIS2_PLACEMENT_3D ( 'NONE', #207, #2280, #1985 ) ;
#755 = VERTEX_POINT ( 'NONE', #3793 ) ;
#756 = EDGE_CURVE ( 'NONE', #2532, #653, #1107, .T. ) ;
#757 = VECTOR ( 'NONE', #3708, 1000.000000000000000 ) ;
#758 = EDGE_LOOP ( 'NONE', ( #933, #1979, #826, #367 ) ) ;
#759 = DIRECTION ( 'NONE',  ( -0.000000000000000000, 1.000000000000000000, -0.000000000000000000 ) ) ;
#760 = CARTESIAN_POINT ( 'NONE',  ( 13.96882180821687491, -1.499999999999999556, -2.869369369369369593 ) ) ;
#761 = VERTEX_POINT ( 'NONE', #464 ) ;
#762 = PLANE ( 'NONE',  #2748 ) ;
#763 = ORIENTED_EDGE ( 'NONE', *, *, #448, .T. ) ;
#764 = CARTESIAN_POINT ( 'NONE',  ( -4.000000000000000000, -1.500000000000000000, -3.000000000000000000 ) ) ;
#765 = DIRECTION ( 'NONE',  ( 0.000000000000000000, 0.000000000000000000, 1.000000000000000000 ) ) ;
#766 = DIRECTION ( 'NONE',  ( -0.000000000000000000, 1.000000000000000000, -0.000000000000000000 ) ) ;
#767 = EDGE_LOOP ( 'NONE', ( #3048, #2505, #2426, #1345 ) ) ;
#768 = AXIS2_PLACEMENT_3D ( 'NONE', #587, #3581, #1783 ) ;
#769 = DIRECTION ( 'NONE',  ( 0.000000000000000000, 1.000000000000000000, -0.000000000000000000 ) ) ;
#770 = CARTESIAN_POINT ( 'NONE',  ( 12.22408882090946136, -1.499999999999999556, 10.82725708595005720 ) ) ;
#771 = VERTEX_POINT ( 'NONE', #1370 ) ;
#772 = CARTESIAN_POINT ( 'NONE',  ( -7.745966692414836707, -8.500000000000000000, -2.499999999999999556 ) ) ;
#773 = CONICAL_SURFACE ( 'NONE', #2941, 3.149999999999999911, 0.7853981633974477239 ) ;
#774 = AXIS2_PLACEMENT_3D ( 'NONE', #2988, #3323, #298 ) ;
#775 = ORIENTED_EDGE ( 'NONE', *, *, #3777, .F. ) ;
#776 = CARTESIAN_POINT ( 'NONE',  ( -3.264635279283073288, -1.499999999999999556, -16.99999999999987921 ) ) ;
#777 = CARTESIAN_POINT ( 'NONE',  ( 4.431305835109641045, 1.500000000000000000, -12.67524685029108156 ) ) ;
#778 = EDGE_CURVE ( 'NONE', #2188, #121, #735, .T. ) ;
#779 = EDGE_LOOP ( 'NONE', ( #565, #2725, #976, #3735 ) ) ;
#780 = VECTOR ( 'NONE', #1288, 1000.000000000000000 ) ;
#781 = FACE_OUTER_BOUND ( 'NONE', #3522, .T. ) ;
#782 = ORIENTED_EDGE ( 'NONE', *, *, #1711, .F. ) ;
#783 = ADVANCED_FACE ( 'NONE', ( #3196 ), #1951, .T. ) ;
#784 = FACE_OUTER_BOUND ( 'NONE', #63, .T. ) ;
#785 = AXIS2_PLACEMENT_3D ( 'NONE', #2835, #107, #400 ) ;
#786 = CARTESIAN_POINT ( 'NONE',  ( -6.834676493307208389, 1.500000000000000000, -3.088235294117646745 ) ) ;
#787 = EDGE_CURVE ( 'NONE', #1187, #2643, #446, .T. ) ;
#788 = CIRCLE ( 'NONE', #355, 7.500000000000001776 ) ;
#789 = ORIENTED_EDGE ( 'NONE', *, *, #3561, .T. ) ;
#790 = AXIS2_PLACEMENT_3D ( 'NONE', #3346, #2134, #718 ) ;
#791 = FACE_OUTER_BOUND ( 'NONE', #1503, .T. ) ;
#792 = LINE ( 'NONE', #1466, #1539 ) ;
#793 = VERTEX_POINT ( 'NONE', #2251 ) ;
#794 = LINE ( 'NONE', #772, #2349 ) ;
#795 = AXIS2_PLACEMENT_3D ( 'NONE', #2011, #798, #2254 ) ;
#796 = AXIS2_PLACEMENT_3D ( 'NONE', #1899, #3452, #3151 ) ;
#797 = ORIENTED_EDGE ( 'NONE', *, *, #1694, .T. ) ;
#798 = DIRECTION ( 'NONE',  ( 0.000000000000000000, 1.000000000000000000, 0.000000000000000000 ) ) ;
#799 = CARTESIAN_POINT ( 'NONE',  ( -8.749999999999998224, 1.500000000000000000, -15.15544456622769509 ) ) ;
#800 = AXIS2_PLACEMENT_3D ( 'NONE', #2654, #2190, #2507 ) ;
#801 = ORIENTED_EDGE ( 'NONE', *, *, #263, .F. ) ;
#802 = DIRECTION ( 'NONE',  ( 0.000000000000000000, 0.000000000000000000, 1.000000000000000000 ) ) ;
#803 = ORIENTED_EDGE ( 'NONE', *, *, #2019, .T. ) ;
#804 = DIRECTION ( 'NONE',  ( -0.000000000000000000, 1.000000000000000000, -0.000000000000000000 ) ) ;
#805 = EDGE_CURVE ( 'NONE', #1851, #3404, #3460, .T. ) ;
#806 = DIRECTION ( 'NONE',  ( 0.000000000000000000, 0.000000000000000000, 1.000000000000000000 ) ) ;
#807 = CARTESIAN_POINT ( 'NONE',  ( 0.8418944329592915610, 1.500000000000000000, -8.458203932499628763 ) ) ;
#808 = ORIENTED_EDGE ( 'NONE', *, *, #1268, .T. ) ;
#809 = EDGE_CURVE ( 'NONE', #1388, #3179, #794, .T. ) ;
#810 = PLANE ( 'NONE',  #415 ) ;
#811 = CARTESIAN_POINT ( 'NONE',  ( 17.50000000000001421, -1.500000000000000000, 4.853321584273757548E-15 ) ) ;
#812 = FACE_BOUND ( 'NONE', #3185, .T. ) ;
#813 = EDGE_CURVE ( 'NONE', #2993, #832, #34, .T. ) ;
#814 = ORIENTED_EDGE ( 'NONE', *, *, #1073, .T. ) ;
#815 = LINE ( 'NONE', #3180, #3506 ) ;
#816 = DIRECTION ( 'NONE',  ( 0.000000000000000000, 0.000000000000000000, 1.000000000000000000 ) ) ;
#817 = CARTESIAN_POINT ( 'NONE',  ( -12.22408882090951288, 1.500000000000000000, 11.82725708595003411 ) ) ;
#818 = DIRECTION ( 'NONE',  ( 0.000000000000000000, 1.000000000000000000, 0.000000000000000000 ) ) ;
#819 = VECTOR ( 'NONE', #2543, 1000.000000000000000 ) ;
#820 = ORIENTED_EDGE ( 'NONE', *, *, #263, .T. ) ;
#821 = CARTESIAN_POINT ( 'NONE',  ( -4.499464137392565455, -8.500000000000000000, -13.53203923154135246 ) ) ;
#822 = ORIENTED_EDGE ( 'NONE', *, *, #2085, .T. ) ;
#823 = PLANE ( 'NONE',  #1114 ) ;
#824 = FACE_OUTER_BOUND ( 'NONE', #3833, .T. ) ;
#825 = FACE_BOUND ( 'NONE', #1202, .T. ) ;
#826 = ORIENTED_EDGE ( 'NONE', *, *, #1541, .F. ) ;
#827 = FACE_OUTER_BOUND ( 'NONE', #302, .T. ) ;
#828 = LINE ( 'NONE', #483, #470 ) ;
#829 = ORIENTED_EDGE ( 'NONE', *, *, #710, .T. ) ;
#830 = CARTESIAN_POINT ( 'NONE',  ( -0.7428480290812981002, -1.499999999999999556, -7.463121116911479724 ) ) ;
#831 = ADVANCED_FACE ( 'NONE', ( #1350 ), #714, .F. ) ;
#832 = VERTEX_POINT ( 'NONE', #180 ) ;
#833 = EDGE_LOOP ( 'NONE', ( #1786, #3849, #1141, #3821 ) ) ;
#834 = CIRCLE ( 'NONE', #3607, 7.500000000000001776 ) ;
#835 = DIRECTION ( 'NONE',  ( 0.000000000000000000, 0.000000000000000000, 1.000000000000000000 ) ) ;
#836 = LINE ( 'NONE', #914, #1652 ) ;
#837 = EDGE_CURVE ( 'NONE', #1525, #3025, #427, .T. ) ;
#838 = DIRECTION ( 'NONE',  ( 0.000000000000000000, 1.000000000000000000, 0.000000000000000000 ) ) ;
#839 = DIRECTION ( 'NONE',  ( 0.000000000000000000, 0.000000000000000000, 1.000000000000000000 ) ) ;
#840 = ORIENTED_EDGE ( 'NONE', *, *, #3794, .T. ) ;
#841 = LINE ( 'NONE', #899, #3885 ) ;
#842 = ORIENTED_EDGE ( 'NONE', *, *, #3437, .T. ) ;
#843 = CLOSED_SHELL ( 'NONE', ( #3667, #1410, #2433, #1062, #3508, #2741, #1972, #716, #182, #2921, #2302, #595, #1464, #1446, #3344, #1315, #701, #1559, #1116, #857, #2009, #2885, #634, #3488, #3774, #831, #1222, #2417, #361, #3084, #1637, #864, #2467, #3679, #3071, #783, #3319, #1172, #1460, #639, #2535, #3013, #129, #424, #1433, #3726, #659, #1085, #522, #2565, #855, #3673, #3850, #1837, #1166, #334, #2442, #2787, #1333, #94, #176, #2420, #3006, #1319, #1363, #3268, #348, #1146, #1581, #2321, #3704, #1485, #330, #2719, #1797, #1876, #3326, #3875, #3442, #1929, #21, #2962, #997, #2097, #1211, #2614, #521, #880, #3240, #669, #2664, #3369, #2636, #1099, #2920, #2902, #1126, #1483, #3604, #2492, #3827, #2130, #3358, #1552, #430, #3840, #2592, #2736, #686, #934, #2394, #1393, #2929, #1152, #973 ) ) ;
#844 = DIRECTION ( 'NONE',  ( 0.8660254037844385966, 0.000000000000000000, -0.5000000000000001110 ) ) ;
#845 = VECTOR ( 'NONE', #2917, 1000.000000000000000 ) ;
#846 = CIRCLE ( 'NONE', #3685, 1.000000000000000444 ) ;
#847 = CARTESIAN_POINT ( 'NONE',  ( 0.000000000000000000, -1.500000000000000000, -16.99999999999987921 ) ) ;
#848 = CIRCLE ( 'NONE', #3560, 1.000000000000000888 ) ;
#849 = VERTEX_POINT ( 'NONE', #2550 ) ;
#850 = AXIS2_PLACEMENT_3D ( 'NONE', #3515, #3206, #806 ) ;
#851 = CARTESIAN_POINT ( 'NONE',  ( 15.85111615421192255, -1.499999999999999556, 4.240717163770654885 ) ) ;
#852 = DIRECTION ( 'NONE',  ( 0.000000000000000000, 1.000000000000000000, 0.000000000000000000 ) ) ;
#853 = ORIENTED_EDGE ( 'NONE', *, *, #1509, .F. ) ;
#854 = CARTESIAN_POINT ( 'NONE',  ( 8.750000000000007105, 1.500000000000001776, -15.15544456622769331 ) ) ;
#855 = ADVANCED_FACE ( 'NONE', ( #1933 ), #1619, .F. ) ;
#856 = ORIENTED_EDGE ( 'NONE', *, *, #1248, .T. ) ;
#857 = ADVANCED_FACE ( 'NONE', ( #753, #1677, #3157, #1065, #2268, #2884, #1846, #68, #1173, #2630, #1776, #1150, #812, #3236 ), #2692, .T. ) ;
#858 = ORIENTED_EDGE ( 'NONE', *, *, #10, .F. ) ;
#859 = LINE ( 'NONE', #1511, #1790 ) ;
#860 = DIRECTION ( 'NONE',  ( -0.000000000000000000, -1.000000000000000000, 0.000000000000000000 ) ) ;
#861 = CIRCLE ( 'NONE', #3816, 7.500000000000001776 ) ;
#862 = CARTESIAN_POINT ( 'NONE',  ( 0.000000000000000000, 1.500000000000000000, -16.99999999999987921 ) ) ;
#863 = DIRECTION ( 'NONE',  ( -0.4999999999999950595, 0.000000000000000000, -0.8660254037844415942 ) ) ;
#864 = ADVANCED_FACE ( 'NONE', ( #2007 ), #275, .T. ) ;
#865 = ORIENTED_EDGE ( 'NONE', *, *, #1497, .F. ) ;
#866 = CYLINDRICAL_SURFACE ( 'NONE', #919, 7.500000000000001776 ) ;
#867 = VERTEX_POINT ( 'NONE', #830 ) ;
#868 = EDGE_CURVE ( 'NONE', #1097, #680, #2406, .T. ) ;
#869 = LINE ( 'NONE', #3605, #1828 ) ;
#870 = EDGE_LOOP ( 'NONE', ( #3121, #1888 ) ) ;
#871 = FACE_OUTER_BOUND ( 'NONE', #2958, .T. ) ;
#872 = CYLINDRICAL_SURFACE ( 'NONE', #1670, 1.000000000000000444 ) ;
#873 = FACE_OUTER_BOUND ( 'NONE', #2311, .T. ) ;
#874 = ORIENTED_EDGE ( 'NONE', *, *, #1816, .F. ) ;
#875 = VERTEX_POINT ( 'NONE', #3854 ) ;
#876 = DIRECTION ( 'NONE',  ( 7.962163080346676589E-17, 0.000000000000000000, 1.000000000000000000 ) ) ;
#877 = CARTESIAN_POINT ( 'NONE',  ( 12.22408882090946136, 1.500000000000000000, 10.82725708595005720 ) ) ;
#878 = DIRECTION ( 'NONE',  ( -0.000000000000000000, 1.000000000000000000, -0.000000000000000000 ) ) ;
#879 = CYLINDRICAL_SURFACE ( 'NONE', #1072, 1.000000000000000888 ) ;
#880 = ADVANCED_FACE ( 'NONE', ( #873 ), #2140, .T. ) ;
#881 = ORIENTED_EDGE ( 'NONE', *, *, #1371, .F. ) ;
#882 = CARTESIAN_POINT ( 'NONE',  ( -8.749999999999998224, 1.500000000000001776, -15.15544456622769509 ) ) ;
#883 = ORIENTED_EDGE ( 'NONE', *, *, #1735, .F. ) ;
#884 = AXIS2_PLACEMENT_3D ( 'NONE', #2836, #2244, #131 ) ;
#885 = VECTOR ( 'NONE', #529, 1000.000000000000000 ) ;
#886 = CARTESIAN_POINT ( 'NONE',  ( -4.499464137394546981, -1.499999999999999556, 13.53203923153626853 ) ) ;
#887 = ORIENTED_EDGE ( 'NONE', *, *, #410, .F. ) ;
#888 = VECTOR ( 'NONE', #333, 1000.000000000000114 ) ;
#889 = LINE ( 'NONE', #309, #3305 ) ;
#890 = CARTESIAN_POINT ( 'NONE',  ( -7.745966692414836707, -1.499999999999999556, -3.500000000000000000 ) ) ;
#891 = VERTEX_POINT ( 'NONE', #1490 ) ;
#892 = ORIENTED_EDGE ( 'NONE', *, *, #1861, .T. ) ;
#893 = CARTESIAN_POINT ( 'NONE',  ( -0.8418944329588047282, -8.500000000000000000, -7.458203932499677613 ) ) ;
#894 = CARTESIAN_POINT ( 'NONE',  ( -3.565280431324996169, 1.500000000000000000, -13.17524685029160736 ) ) ;
#895 = DIRECTION ( 'NONE',  ( -0.000000000000000000, 1.000000000000000000, -0.000000000000000000 ) ) ;
#896 = DIRECTION ( 'NONE',  ( 0.000000000000000000, 0.000000000000000000, 1.000000000000000000 ) ) ;
#897 = CIRCLE ( 'NONE', #3353, 1.000000000000000888 ) ;
#898 = ORIENTED_EDGE ( 'NONE', *, *, #2494, .T. ) ;
#899 = CARTESIAN_POINT ( 'NONE',  ( -2.165063509463149849, 1.500000000000000000, -1.250000000001184164 ) ) ;
#900 = VERTEX_POINT ( 'NONE', #646 ) ;
#901 = AXIS2_PLACEMENT_3D ( 'NONE', #118, #1384, #1636 ) ;
#902 = EDGE_CURVE ( 'NONE', #1317, #891, #2982, .T. ) ;
#903 = AXIS2_PLACEMENT_3D ( 'NONE', #2091, #2375, #2355 ) ;
#904 = CARTESIAN_POINT ( 'NONE',  ( -8.750000000000055067, -8.500000000000000000, 15.15544456622765601 ) ) ;
#905 = CYLINDRICAL_SURFACE ( 'NONE', #3870, 0.9999999999999991118 ) ;
#906 = EDGE_CURVE ( 'NONE', #1950, #1052, #943, .T. ) ;
#907 = DIRECTION ( 'NONE',  ( 0.000000000000000000, 0.000000000000000000, 1.000000000000000000 ) ) ;
#908 = LINE ( 'NONE', #616, #984 ) ;
#909 = AXIS2_PLACEMENT_3D ( 'NONE', #990, #1583, #674 ) ;
#910 = ORIENTED_EDGE ( 'NONE', *, *, #272, .F. ) ;
#911 = AXIS2_PLACEMENT_3D ( 'NONE', #3574, #2722, #631 ) ;
#912 = VERTEX_POINT ( 'NONE', #541 ) ;
#913 = CARTESIAN_POINT ( 'NONE',  ( 2.165063509463538871, 1.500000000000000000, -1.250000000001410649 ) ) ;
#914 = CARTESIAN_POINT ( 'NONE',  ( -23.09401076758504345, 1.500000000000000000, 1.612646152681311659E-13 ) ) ;
#915 = CIRCLE ( 'NONE', #543, 1.699999999999998401 ) ;
#916 = DIRECTION ( 'NONE',  ( -0.000000000000000000, 1.000000000000000000, -0.000000000000000000 ) ) ;
#917 = DIRECTION ( 'NONE',  ( -0.000000000000000000, 1.000000000000000000, -0.000000000000000000 ) ) ;
#918 = ORIENTED_EDGE ( 'NONE', *, *, #1864, .T. ) ;
#919 = AXIS2_PLACEMENT_3D ( 'NONE', #1787, #2658, #3886 ) ;
#920 = LINE ( 'NONE', #1479, #3000 ) ;
#921 = ORIENTED_EDGE ( 'NONE', *, *, #3777, .T. ) ;
#922 = EDGE_CURVE ( 'NONE', #354, #1695, #2216, .T. ) ;
#923 = EDGE_CURVE ( 'NONE', #3383, #2837, #2944, .T. ) ;
#924 = AXIS2_PLACEMENT_3D ( 'NONE', #2555, #2571, #3524 ) ;
#925 = DIRECTION ( 'NONE',  ( 0.000000000000000000, 1.000000000000000000, 0.000000000000000000 ) ) ;
#926 = AXIS2_PLACEMENT_3D ( 'NONE', #439, #2834, #149 ) ;
#927 = VERTEX_POINT ( 'NONE', #2436 ) ;
#928 = FACE_OUTER_BOUND ( 'NONE', #1518, .T. ) ;
#929 = VECTOR ( 'NONE', #3729, 1000.000000000000000 ) ;
#930 = EDGE_CURVE ( 'NONE', #1608, #2353, #3356, .T. ) ;
#931 = DIRECTION ( 'NONE',  ( -0.000000000000000000, 1.000000000000000000, -0.000000000000000000 ) ) ;
#932 = DIRECTION ( 'NONE',  ( -0.4999999999999995004, 0.000000000000000000, 0.8660254037844390407 ) ) ;
#933 = ORIENTED_EDGE ( 'NONE', *, *, #3042, .T. ) ;
#934 = ADVANCED_FACE ( 'NONE', ( #1710 ), #2757, .F. ) ;
#935 = ORIENTED_EDGE ( 'NONE', *, *, #3340, .F. ) ;
#936 = CARTESIAN_POINT ( 'NONE',  ( 0.000000000000000000, -1.500000000000000000, 0.000000000000000000 ) ) ;
#937 = CYLINDRICAL_SURFACE ( 'NONE', #768, 1.000000000000000888 ) ;
#938 = ORIENTED_EDGE ( 'NONE', *, *, #2553, .F. ) ;
#939 = CARTESIAN_POINT ( 'NONE',  ( 2.165063509459042024, -8.500000000000000000, 1.249999999998812061 ) ) ;
#940 = EDGE_LOOP ( 'NONE', ( #2165, #3230, #199, #1915, #2805, #820 ) ) ;
#941 = DIRECTION ( 'NONE',  ( 0.000000000000000000, 1.000000000000000000, 0.000000000000000000 ) ) ;
#942 = ORIENTED_EDGE ( 'NONE', *, *, #581, .F. ) ;
#943 = LINE ( 'NONE', #3350, #1712 ) ;
#944 = CARTESIAN_POINT ( 'NONE',  ( 13.96882180821688202, -8.500000000000000000, 2.869369369369367373 ) ) ;
#945 = VECTOR ( 'NONE', #2472, 1000.000000000000000 ) ;
#946 = EDGE_CURVE ( 'NONE', #2403, #744, #2150, .T. ) ;
#947 = DIRECTION ( 'NONE',  ( -0.000000000000000000, 1.000000000000000000, -0.000000000000000000 ) ) ;
#948 = CARTESIAN_POINT ( 'NONE',  ( 13.96882180821688202, 1.500000000000000000, 2.869369369369367373 ) ) ;
#949 = EDGE_CURVE ( 'NONE', #2309, #2363, #960, .T. ) ;
#950 = ORIENTED_EDGE ( 'NONE', *, *, #1909, .F. ) ;
#951 = ORIENTED_EDGE ( 'NONE', *, *, #1860, .T. ) ;
#952 = CARTESIAN_POINT ( 'NONE',  ( -1.990540770086669147E-16, 1.500000000000000000, -2.500000000000000000 ) ) ;
#953 = CARTESIAN_POINT ( 'NONE',  ( 9.469357670826193285, -8.500000000000000000, 10.66266986216967361 ) ) ;
#954 = EDGE_CURVE ( 'NONE', #793, #2188, #520, .T. ) ;
#955 = ORIENTED_EDGE ( 'NONE', *, *, #3191, .T. ) ;
#956 = CARTESIAN_POINT ( 'NONE',  ( -9.184850993605148438E-17, -1.499999999999999556, 1.742924699575454705E-16 ) ) ;
#957 = EDGE_LOOP ( 'NONE', ( #2246, #3438, #2631, #3256 ) ) ;
#958 = LINE ( 'NONE', #2514, #2330 ) ;
#959 = ORIENTED_EDGE ( 'NONE', *, *, #3868, .F. ) ;
#960 = CIRCLE ( 'NONE', #3162, 1.000000000000000444 ) ;
#961 = CARTESIAN_POINT ( 'NONE',  ( 17.50000000000001421, 0.04999999999999665823, -1.699999999999991962 ) ) ;
#962 = CIRCLE ( 'NONE', #2154, 4.549999999999999822 ) ;
#963 = CARTESIAN_POINT ( 'NONE',  ( -6.091828464221602069, -8.500000000000000000, -4.374885822795779866 ) ) ;
#964 = DIRECTION ( 'NONE',  ( -0.000000000000000000, 1.000000000000000000, -0.000000000000000000 ) ) ;
#965 = STYLED_ITEM ( 'NONE', ( #218 ), #350 ) ;
#966 = ORIENTED_EDGE ( 'NONE', *, *, #338, .T. ) ;
#967 = AXIS2_PLACEMENT_3D ( 'NONE', #2460, #3382, #3137 ) ;
#968 = CARTESIAN_POINT ( 'NONE',  ( -7.745966692414836707, 1.500000000000000000, -2.499999999999999556 ) ) ;
#969 = ORIENTED_EDGE ( 'NONE', *, *, #495, .F. ) ;
#970 = CARTESIAN_POINT ( 'NONE',  ( -12.22408882090944182, -1.499999999999999556, -10.82725708595006431 ) ) ;
#971 = DIRECTION ( 'NONE',  ( -0.8660254037844381525, 0.000000000000000000, 0.5000000000000008882 ) ) ;
#972 = CIRCLE ( 'NONE', #1604, 1.000000000000000888 ) ;
#973 = ADVANCED_FACE ( 'NONE', ( #2028 ), #773, .F. ) ;
#974 = VERTEX_POINT ( 'NONE', #2218 ) ;
#975 = DIRECTION ( 'NONE',  ( -0.000000000000000000, 1.000000000000000000, -0.000000000000000000 ) ) ;
#976 = ORIENTED_EDGE ( 'NONE', *, *, #1239, .F. ) ;
#977 = EDGE_CURVE ( 'NONE', #3843, #2637, #1277, .T. ) ;
#978 = AXIS2_PLACEMENT_3D ( 'NONE', #2380, #3306, #608 ) ;
#979 = LINE ( 'NONE', #2179, #1386 ) ;
#980 = VERTEX_POINT ( 'NONE', #3105 ) ;
#981 = DIRECTION ( 'NONE',  ( 0.8660254037844388186, 0.000000000000000000, 0.4999999999999996669 ) ) ;
#982 = DIRECTION ( 'NONE',  ( 0.000000000000000000, 0.000000000000000000, 1.000000000000000000 ) ) ;
#983 = VECTOR ( 'NONE', #759, 1000.000000000000000 ) ;
#984 = VECTOR ( 'NONE', #2105, 1000.000000000000000 ) ;
#985 = VECTOR ( 'NONE', #88, 1000.000000000000000 ) ;
#986 = DIRECTION ( 'NONE',  ( 0.4999999999999950040, 0.000000000000000000, -0.8660254037844414832 ) ) ;
#987 = LINE ( 'NONE', #1322, #3403 ) ;
#988 = ORIENTED_EDGE ( 'NONE', *, *, #33, .F. ) ;
#989 = EDGE_CURVE ( 'NONE', #2432, #3799, #2536, .T. ) ;
#990 = CARTESIAN_POINT ( 'NONE',  ( 0.8418944329649671321, -8.500000000000000000, 8.458203932499065658 ) ) ;
#991 = ORIENTED_EDGE ( 'NONE', *, *, #2249, .T. ) ;
#992 = CARTESIAN_POINT ( 'NONE',  ( -3.565280431324996169, -1.499999999999999556, -13.17524685029160736 ) ) ;
#993 = DIRECTION ( 'NONE',  ( 0.000000000000000000, 0.000000000000000000, 1.000000000000000000 ) ) ;
#994 = ORIENTED_EDGE ( 'NONE', *, *, #2853, .F. ) ;
#995 = CARTESIAN_POINT ( 'NONE',  ( -17.50000000000000355, -1.499999999999999556, -1.655234598692008349E-14 ) ) ;
#996 = ORIENTED_EDGE ( 'NONE', *, *, #573, .T. ) ;
#997 = ADVANCED_FACE ( 'NONE', ( #3751 ), #3409, .F. ) ;
#998 = DIRECTION ( 'NONE',  ( 0.000000000000000000, 1.000000000000000000, 0.000000000000000000 ) ) ;
#999 = EDGE_LOOP ( 'NONE', ( #2566, #1747, #2618, #2797 ) ) ;
#1000 = DIRECTION ( 'NONE',  ( 0.000000000000000000, 0.000000000000000000, 1.000000000000000000 ) ) ;
#1001 = DIRECTION ( 'NONE',  ( 0.000000000000000000, 0.000000000000000000, 1.000000000000000000 ) ) ;
#1002 = DIRECTION ( 'NONE',  ( -0.000000000000000000, 1.000000000000000000, -0.000000000000000000 ) ) ;
#1003 = DIRECTION ( 'NONE',  ( 0.5000000000000002220, 0.000000000000000000, 0.8660254037844384856 ) ) ;
#1004 = DIRECTION ( 'NONE',  ( -0.000000000000000000, -1.000000000000000000, -0.000000000000000000 ) ) ;
#1005 = EDGE_LOOP ( 'NONE', ( #165, #2639, #1863, #256, #2753, #3238, #2899, #3772, #1754, #2176, #2749, #2118, #3186 ) ) ;
#1006 = LINE ( 'NONE', #1949, #1482 ) ;
#1007 = ORIENTED_EDGE ( 'NONE', *, *, #56, .F. ) ;
#1008 = LINE ( 'NONE', #2129, #3303 ) ;
#1009 = CARTESIAN_POINT ( 'NONE',  ( -1.707919836743244657, 1.500000000000000000, -7.958203932499678501 ) ) ;
#1010 = VERTEX_POINT ( 'NONE', #1038 ) ;
#1011 = DIRECTION ( 'NONE',  ( 0.000000000000000000, 0.000000000000000000, 1.000000000000000000 ) ) ;
#1012 = ORIENTED_EDGE ( 'NONE', *, *, #2252, .T. ) ;
#1013 = CARTESIAN_POINT ( 'NONE',  ( 15.48872410019256129, -1.499999999999999556, 5.172742914049921481 ) ) ;
#1014 = VERTEX_POINT ( 'NONE', #1016 ) ;
#1015 = EDGE_CURVE ( 'NONE', #2532, #2240, #1741, .T. ) ;
#1016 = CARTESIAN_POINT ( 'NONE',  ( 13.09011422469390418, -1.499999999999999556, 11.32725708595005898 ) ) ;
#1017 = CARTESIAN_POINT ( 'NONE',  ( 17.50000000000001421, -1.500000000000000000, 4.853321584273757548E-15 ) ) ;
#1018 = FACE_OUTER_BOUND ( 'NONE', #957, .T. ) ;
#1019 = DIRECTION ( 'NONE',  ( 0.000000000000000000, 0.000000000000000000, 1.000000000000000000 ) ) ;
#1020 = AXIS2_PLACEMENT_3D ( 'NONE', #1409, #2200, #1115 ) ;
#1021 = LINE ( 'NONE', #3670, #202 ) ;
#1022 = ORIENTED_EDGE ( 'NONE', *, *, #99, .T. ) ;
#1023 = AXIS2_PLACEMENT_3D ( 'NONE', #134, #1908, #2863 ) ;
#1024 = EDGE_CURVE ( 'NONE', #2197, #1851, #1806, .T. ) ;
#1025 = DIRECTION ( 'NONE',  ( 0.000000000000000000, 1.000000000000000000, 0.000000000000000000 ) ) ;
#1026 = EDGE_LOOP ( 'NONE', ( #407, #3163, #3007, #2534 ) ) ;
#1027 = CIRCLE ( 'NONE', #2788, 4.549999999999998934 ) ;
#1028 = CARTESIAN_POINT ( 'NONE',  ( -11.54700538379233699, 1.500000000000000000, 20.00000000000011724 ) ) ;
#1029 = AXIS2_PLACEMENT_3D ( 'NONE', #258, #1451, #1759 ) ;
#1030 = ORIENTED_EDGE ( 'NONE', *, *, #269, .F. ) ;
#1031 = DIRECTION ( 'NONE',  ( 0.000000000000000000, 0.000000000000000000, 1.000000000000000000 ) ) ;
#1032 = VERTEX_POINT ( 'NONE', #1920 ) ;
#1033 = VECTOR ( 'NONE', #406, 1000.000000000000000 ) ;
#1034 = ORIENTED_EDGE ( 'NONE', *, *, #403, .F. ) ;
#1035 = EDGE_CURVE ( 'NONE', #1097, #1678, #119, .T. ) ;
#1036 = DIRECTION ( 'NONE',  ( 0.000000000000000000, 0.000000000000000000, 1.000000000000000000 ) ) ;
#1037 = VERTEX_POINT ( 'NONE', #1644 ) ;
#1038 = CARTESIAN_POINT ( 'NONE',  ( -1.707919836748908349, 1.500000000000000000, 7.958203932499114508 ) ) ;
#1039 = CARTESIAN_POINT ( 'NONE',  ( 3.264635279283097713, -1.499999999999999556, 16.99999999999996803 ) ) ;
#1040 = DIRECTION ( 'NONE',  ( -0.000000000000000000, 1.000000000000000000, -0.000000000000000000 ) ) ;
#1041 = CARTESIAN_POINT ( 'NONE',  ( -4.000000000000000000, -1.500000000000000000, -1.800000000000000044 ) ) ;
#1042 = CIRCLE ( 'NONE', #3443, 1.000000000000000888 ) ;
#1043 = EDGE_CURVE ( 'NONE', #1247, #717, #2773, .T. ) ;
#1044 = ORIENTED_EDGE ( 'NONE', *, *, #3555, .T. ) ;
#1045 = VECTOR ( 'NONE', #1198, 1000.000000000000000 ) ;
#1046 = LINE ( 'NONE', #712, #780 ) ;
#1047 = ORIENTED_EDGE ( 'NONE', *, *, #358, .F. ) ;
#1048 = DIRECTION ( 'NONE',  ( -0.000000000000000000, 1.000000000000000000, -0.000000000000000000 ) ) ;
#1049 = EDGE_CURVE ( 'NONE', #528, #1231, #1558, .T. ) ;
#1050 = ORIENTED_EDGE ( 'NONE', *, *, #3135, .T. ) ;
#1051 = VECTOR ( 'NONE', #1865, 1000.000000000000114 ) ;
#1052 = VERTEX_POINT ( 'NONE', #1337 ) ;
#1053 = CARTESIAN_POINT ( 'NONE',  ( -11.59812687119602792, -1.499999999999999556, -11.60711068600008922 ) ) ;
#1054 = CARTESIAN_POINT ( 'NONE',  ( 23.09401076758504701, 1.500000000000000000, 0.000000000000000000 ) ) ;
#1055 = VERTEX_POINT ( 'NONE', #170 ) ;
#1056 = PLANE ( 'NONE',  #1104 ) ;
#1057 = EDGE_LOOP ( 'NONE', ( #501, #1492, #1745, #642, #417, #1229, #1796, #168, #1878, #194, #1809, #394, #77 ) ) ;
#1058 = DIRECTION ( 'NONE',  ( 0.000000000000000000, 0.000000000000000000, 1.000000000000000000 ) ) ;
#1059 = CARTESIAN_POINT ( 'NONE',  ( 9.469357670826193285, -1.499999999999999556, 10.66266986216967361 ) ) ;
#1060 = DIRECTION ( 'NONE',  ( 0.000000000000000000, 1.000000000000000000, -0.000000000000000000 ) ) ;
#1061 = ORIENTED_EDGE ( 'NONE', *, *, #1764, .T. ) ;
#1062 = ADVANCED_FACE ( 'NONE', ( #106 ), #2241, .F. ) ;
#1063 = FACE_OUTER_BOUND ( 'NONE', #779, .T. ) ;
#1064 = ORIENTED_EDGE ( 'NONE', *, *, #2063, .F. ) ;
#1065 = FACE_BOUND ( 'NONE', #3716, .T. ) ;
#1066 = VECTOR ( 'NONE', #3551, 1000.000000000000000 ) ;
#1067 = VECTOR ( 'NONE', #84, 1000.000000000000000 ) ;
#1068 = EDGE_CURVE ( 'NONE', #927, #2267, #2752, .T. ) ;
#1069 = ORIENTED_EDGE ( 'NONE', *, *, #3120, .F. ) ;
#1070 = DIRECTION ( 'NONE',  ( -0.4999999999999950040, 0.000000000000000000, 0.8660254037844414832 ) ) ;
#1071 = LINE ( 'NONE', #2591, #3359 ) ;
#1072 = AXIS2_PLACEMENT_3D ( 'NONE', #3285, #588, #318 ) ;
#1073 = EDGE_CURVE ( 'NONE', #1825, #497, #2158, .T. ) ;
#1074 = ORIENTED_EDGE ( 'NONE', *, *, #3482, .T. ) ;
#1075 = DIRECTION ( 'NONE',  ( -0.000000000000000000, 1.000000000000000000, -0.000000000000000000 ) ) ;
#1076 = EDGE_LOOP ( 'NONE', ( #1638, #2234, #1701, #3425 ) ) ;
#1077 = CARTESIAN_POINT ( 'NONE',  ( 17.50000000000001421, 1.500000000000000000, 4.853321584273757548E-15 ) ) ;
#1078 = CARTESIAN_POINT ( 'NONE',  ( -11.54700538379261232, 1.500000000000000000, -19.99999999999996092 ) ) ;
#1079 = CARTESIAN_POINT ( 'NONE',  ( -8.761432854035911433, -8.500000000000000000, 10.17524685028866038 ) ) ;
#1080 = VERTEX_POINT ( 'NONE', #3069 ) ;
#1081 = CIRCLE ( 'NONE', #2843, 1.699999999999996625 ) ;
#1082 = DIRECTION ( 'NONE',  ( 0.000000000000000000, 0.000000000000000000, 1.000000000000000000 ) ) ;
#1083 = LINE ( 'NONE', #210, #2352 ) ;
#1084 = ORIENTED_EDGE ( 'NONE', *, *, #146, .T. ) ;
#1085 = ADVANCED_FACE ( 'NONE', ( #379 ), #1573, .F. ) ;
#1086 = LINE ( 'NONE', #3776, #405 ) ;
#1087 = CONICAL_SURFACE ( 'NONE', #3041, 3.149999999999999911, 0.7853981633974477239 ) ;
#1088 = VECTOR ( 'NONE', #2313, 1000.000000000000000 ) ;
#1089 = VERTEX_POINT ( 'NONE', #1880 ) ;
#1090 = DIRECTION ( 'NONE',  ( 0.000000000000000000, 1.000000000000000000, 0.000000000000000000 ) ) ;
#1091 = CARTESIAN_POINT ( 'NONE',  ( 17.50000000000001421, 1.500000000000001776, 3.150000000000004796 ) ) ;
#1092 = CARTESIAN_POINT ( 'NONE',  ( 0.000000000000000000, -8.500000000000000000, -16.99999999999987921 ) ) ;
#1093 = EDGE_CURVE ( 'NONE', #3383, #19, #2429, .T. ) ;
#1094 = ORIENTED_EDGE ( 'NONE', *, *, #2217, .F. ) ;
#1095 = AXIS2_PLACEMENT_3D ( 'NONE', #2675, #2407, #3299 ) ;
#1096 = CARTESIAN_POINT ( 'NONE',  ( 0.000000000000000000, -1.500000000000000000, 16.99999999999996803 ) ) ;
#1097 = VERTEX_POINT ( 'NONE', #2199 ) ;
#1098 = DIRECTION ( 'NONE',  ( -0.000000000000000000, 1.000000000000000000, -0.000000000000000000 ) ) ;
#1099 = ADVANCED_FACE ( 'NONE', ( #702 ), #1897, .T. ) ;
#1100 = AXIS2_PLACEMENT_3D ( 'NONE', #1752, #3193, #3808 ) ;
#1101 = DIRECTION ( 'NONE',  ( 0.000000000000000000, 0.000000000000000000, 1.000000000000000000 ) ) ;
#1102 = AXIS2_PLACEMENT_3D ( 'NONE', #2203, #3413, #706 ) ;
#1103 = ORIENTED_EDGE ( 'NONE', *, *, #710, .F. ) ;
#1104 = AXIS2_PLACEMENT_3D ( 'NONE', #3467, #1140, #493 ) ;
#1105 = CARTESIAN_POINT ( 'NONE',  ( -14.72243186433551365, -8.500000000000000000, 8.499999999999907629 ) ) ;
#1106 = CARTESIAN_POINT ( 'NONE',  ( 0.7428480290867359725, -8.500000000000000000, 7.463121116910939712 ) ) ;
#1107 = LINE ( 'NONE', #502, #159 ) ;
#1108 = CIRCLE ( 'NONE', #3696, 3.149999999999999911 ) ;
#1109 = AXIS2_PLACEMENT_3D ( 'NONE', #689, #2724, #2502 ) ;
#1110 = AXIS2_PLACEMENT_3D ( 'NONE', #1613, #1943, #3107 ) ;
#1111 = ORIENTED_EDGE ( 'NONE', *, *, #423, .T. ) ;
#1112 = CARTESIAN_POINT ( 'NONE',  ( -8.749999999999996447, 1.500000000000000000, 15.15544456622769154 ) ) ;
#1113 = DIRECTION ( 'NONE',  ( 0.000000000000000000, 0.000000000000000000, 1.000000000000000000 ) ) ;
#1114 = AXIS2_PLACEMENT_3D ( 'NONE', #244, #2339, #3224 ) ;
#1115 = DIRECTION ( 'NONE',  ( 0.000000000000000000, 0.000000000000000000, 1.000000000000000000 ) ) ;
#1116 = ADVANCED_FACE ( 'NONE', ( #2043 ), #2576, .F. ) ;
#1117 = EDGE_CURVE ( 'NONE', #771, #2263, #1431, .T. ) ;
#1118 = ORIENTED_EDGE ( 'NONE', *, *, #3465, .T. ) ;
#1119 = LINE ( 'NONE', #2559, #2137 ) ;
#1120 = ORIENTED_EDGE ( 'NONE', *, *, #2195, .T. ) ;
#1121 = CARTESIAN_POINT ( 'NONE',  ( 7.745966692414836707, -8.500000000000000000, 2.500000000000000444 ) ) ;
#1122 = EDGE_CURVE ( 'NONE', #2309, #713, #3470, .T. ) ;
#1123 = FACE_OUTER_BOUND ( 'NONE', #1993, .T. ) ;
#1124 = DIRECTION ( 'NONE',  ( 0.4999999999999950040, 0.000000000000000000, -0.8660254037844414832 ) ) ;
#1125 = VERTEX_POINT ( 'NONE', #1438 ) ;
#1126 = ADVANCED_FACE ( 'NONE', ( #3768 ), #1748, .F. ) ;
#1127 = CARTESIAN_POINT ( 'NONE',  ( 8.750000000000005329, 1.500000000000001776, 15.15544456622768976 ) ) ;
#1128 = DIRECTION ( 'NONE',  ( -0.8660254037844385966, 0.000000000000000000, 0.5000000000000001110 ) ) ;
#1129 = ORIENTED_EDGE ( 'NONE', *, *, #2461, .F. ) ;
#1130 = DIRECTION ( 'NONE',  ( 0.000000000000000000, 1.000000000000000000, 0.000000000000000000 ) ) ;
#1131 = ORIENTED_EDGE ( 'NONE', *, *, #2232, .T. ) ;
#1132 = CIRCLE ( 'NONE', #3024, 1.000000000000002665 ) ;
#1133 = ORIENTED_EDGE ( 'NONE', *, *, #3023, .F. ) ;
#1134 = DIRECTION ( 'NONE',  ( -0.000000000000000000, 1.000000000000000000, -0.000000000000000000 ) ) ;
#1135 = CARTESIAN_POINT ( 'NONE',  ( 0.000000000000000000, -1.500000000000000000, 0.000000000000000000 ) ) ;
#1136 = CARTESIAN_POINT ( 'NONE',  ( 17.50000000000001776, -1.499999999999999556, -5.650474260863225751E-15 ) ) ;
#1137 = FACE_OUTER_BOUND ( 'NONE', #3601, .T. ) ;
#1138 = CIRCLE ( 'NONE', #3339, 1.000000000000000888 ) ;
#1139 = ORIENTED_EDGE ( 'NONE', *, *, #1934, .F. ) ;
#1140 = DIRECTION ( 'NONE',  ( -1.000000000000000000, 0.000000000000000000, 0.000000000000000000 ) ) ;
#1141 = ORIENTED_EDGE ( 'NONE', *, *, #923, .F. ) ;
#1142 = CARTESIAN_POINT ( 'NONE',  ( 3.565280431327592758, -1.499999999999999556, 13.17524685028481990 ) ) ;
#1143 = EDGE_CURVE ( 'NONE', #319, #240, #2640, .T. ) ;
#1144 = FACE_BOUND ( 'NONE', #153, .T. ) ;
#1145 = VERTEX_POINT ( 'NONE', #2934 ) ;
#1146 = ADVANCED_FACE ( 'NONE', ( #2320 ), #823, .F. ) ;
#1147 = FACE_OUTER_BOUND ( 'NONE', #2496, .T. ) ;
#1148 = DIRECTION ( 'NONE',  ( 0.5000000000000001110, 0.000000000000000000, 0.8660254037844385966 ) ) ;
#1149 = VERTEX_POINT ( 'NONE', #2298 ) ;
#1150 = FACE_BOUND ( 'NONE', #2708, .T. ) ;
#1151 = ORIENTED_EDGE ( 'NONE', *, *, #2605, .F. ) ;
#1152 = ADVANCED_FACE ( 'NONE', ( #784 ), #511, .F. ) ;
#1153 = ORIENTED_EDGE ( 'NONE', *, *, #403, .T. ) ;
#1154 = VECTOR ( 'NONE', #3647, 1000.000000000000000 ) ;
#1155 = PLANE ( 'NONE',  #44 ) ;
#1156 = DIRECTION ( 'NONE',  ( 0.000000000000000000, 0.000000000000000000, 1.000000000000000000 ) ) ;
#1157 = LINE ( 'NONE', #8, #3039 ) ;
#1158 = DIRECTION ( 'NONE',  ( 0.000000000000000000, 0.7071067811865482389, 0.7071067811865469066 ) ) ;
#1159 = VECTOR ( 'NONE', #2286, 1000.000000000000000 ) ;
#1160 = ORIENTED_EDGE ( 'NONE', *, *, #169, .T. ) ;
#1161 = DIRECTION ( 'NONE',  ( -0.000000000000000000, 1.000000000000000000, -0.000000000000000000 ) ) ;
#1162 = VERTEX_POINT ( 'NONE', #764 ) ;
#1163 = AXIS2_PLACEMENT_3D ( 'NONE', #1540, #3608, #1866 ) ;
#1164 = AXIS2_PLACEMENT_3D ( 'NONE', #3258, #852, #2025 ) ;
#1166 = ADVANCED_FACE ( 'NONE', ( #2000 ), #1959, .F. ) ;
#1165 = VECTOR ( 'NONE', #2444, 1000.000000000000000 ) ;
#1167 = PRODUCT_CONTEXT ( 'NONE', #2992, 'mechanical' ) ;
#1168 = LINE ( 'NONE', #2081, #447 ) ;
#1169 = ORIENTED_EDGE ( 'NONE', *, *, #1563, .T. ) ;
#1170 = AXIS2_PLACEMENT_3D ( 'NONE', #2641, #1416, #2877 ) ;
#1171 = CARTESIAN_POINT ( 'NONE',  ( -8.749999999999996447, -1.500000000000000000, 13.45544456622769580 ) ) ;
#1172 = ADVANCED_FACE ( 'NONE', ( #3549 ), #2955, .F. ) ;
#1173 = FACE_BOUND ( 'NONE', #1348, .T. ) ;
#1174 = EDGE_LOOP ( 'NONE', ( #2256, #2259, #95, #59 ) ) ;
#1175 = AXIS2_PLACEMENT_3D ( 'NONE', #365, #3004, #2760 ) ;
#1176 = AXIS2_PLACEMENT_3D ( 'NONE', #995, #356, #1623 ) ;
#1177 = EDGE_CURVE ( 'NONE', #1235, #319, #2874, .T. ) ;
#1178 = EDGE_CURVE ( 'NONE', #3762, #3747, #3254, .T. ) ;
#1179 = EDGE_LOOP ( 'NONE', ( #328, #822, #988, #719 ) ) ;
#1180 = PLANE ( 'NONE',  #2922 ) ;
#1181 = DIRECTION ( 'NONE',  ( 0.000000000000000000, 1.000000000000000000, -0.000000000000000000 ) ) ;
#1182 = AXIS2_PLACEMENT_3D ( 'NONE', #1858, #373, #393 ) ;
#1183 = CARTESIAN_POINT ( 'NONE',  ( 2.165063509459046021, -1.500000000000000000, 1.249999999998814948 ) ) ;
#1184 = VECTOR ( 'NONE', #36, 1000.000000000000000 ) ;
#1185 = DIRECTION ( 'NONE',  ( -0.000000000000000000, 1.000000000000000000, -0.000000000000000000 ) ) ;
#1186 = AXIS2_PLACEMENT_3D ( 'NONE', #1579, #1366, #729 ) ;
#1187 = VERTEX_POINT ( 'NONE', #2445 ) ;
#1188 = CARTESIAN_POINT ( 'NONE',  ( 0.8418944329592915610, -1.499999999999999556, -8.458203932499628763 ) ) ;
#1189 = ORIENTED_EDGE ( 'NONE', *, *, #3606, .F. ) ;
#1190 = CARTESIAN_POINT ( 'NONE',  ( -4.000000000000000000, 1.500000000000000000, -3.000000000000000000 ) ) ;
#1191 = ORIENTED_EDGE ( 'NONE', *, *, #906, .F. ) ;
#1192 = CARTESIAN_POINT ( 'NONE',  ( 11.54700538379247732, 1.500000000000000000, -20.00000000000004263 ) ) ;
#1193 = ORIENTED_EDGE ( 'NONE', *, *, #4, .T. ) ;
#1194 = EDGE_CURVE ( 'NONE', #1219, #3841, #2875, .T. ) ;
#1195 = ORIENTED_EDGE ( 'NONE', *, *, #1201, .F. ) ;
#1196 = CARTESIAN_POINT ( 'NONE',  ( -3.264635279283073288, -8.500000000000000000, -16.99999999999987921 ) ) ;
#1197 = DIRECTION ( 'NONE',  ( 0.000000000000000000, 0.000000000000000000, 1.000000000000000000 ) ) ;
#1198 = DIRECTION ( 'NONE',  ( -0.000000000000000000, 1.000000000000000000, -0.000000000000000000 ) ) ;
#1199 = DIRECTION ( 'NONE',  ( -0.4999999999999949485, 0.000000000000000000, 0.8660254037844415942 ) ) ;
#1200 = CARTESIAN_POINT ( 'NONE',  ( 11.54700538379275621, 1.500000000000000000, 19.99999999999987566 ) ) ;
#1201 = EDGE_CURVE ( 'NONE', #30, #197, #3507, .T. ) ;
#1202 = EDGE_LOOP ( 'NONE', ( #1293, #2923 ) ) ;
#1203 = DIRECTION ( 'NONE',  ( 0.000000000000000000, 0.000000000000000000, 1.000000000000000000 ) ) ;
#1204 = ORIENTED_EDGE ( 'NONE', *, *, #2102, .T. ) ;
#1205 = VECTOR ( 'NONE', #2365, 1000.000000000000000 ) ;
#1206 = EDGE_CURVE ( 'NONE', #3869, #2405, #3635, .T. ) ;
#1207 = CARTESIAN_POINT ( 'NONE',  ( 8.750000000000005329, 1.500000000000001776, 12.00544456622768941 ) ) ;
#1208 = CARTESIAN_POINT ( 'NONE',  ( -8.749999999999998224, -1.500000000000000000, -13.45544456622769935 ) ) ;
#1209 = DIRECTION ( 'NONE',  ( 0.000000000000000000, 1.000000000000000000, -0.000000000000000000 ) ) ;
#1210 = ORIENTED_EDGE ( 'NONE', *, *, #809, .T. ) ;
#1211 = ADVANCED_FACE ( 'NONE', ( #366 ), #3074, .F. ) ;
#1212 = ORIENTED_EDGE ( 'NONE', *, *, #2437, .T. ) ;
#1213 = DIRECTION ( 'NONE',  ( 1.000000000000000000, 0.000000000000000000, -0.000000000000000000 ) ) ;
#1214 = DIRECTION ( 'NONE',  ( -0.4999999999999949485, 0.000000000000000000, 0.8660254037844415942 ) ) ;
#1215 = CARTESIAN_POINT ( 'NONE',  ( -4.000000000000000000, -1.500000000000000000, -3.000000000000000000 ) ) ;
#1216 = CARTESIAN_POINT ( 'NONE',  ( -7.745966692414836707, -1.499999999999999556, -2.499999999999999556 ) ) ;
#1217 = EDGE_LOOP ( 'NONE', ( #1947, #3478, #1241, #3459 ) ) ;
#1218 = CARTESIAN_POINT ( 'NONE',  ( -15.48872410019258616, -1.499999999999999556, -5.172742914049957896 ) ) ;
#1219 = VERTEX_POINT ( 'NONE', #442 ) ;
#1220 = EDGE_CURVE ( 'NONE', #2053, #19, #3512, .T. ) ;
#1221 = AXIS2_PLACEMENT_3D ( 'NONE', #2963, #1130, #230 ) ;
#1222 = ADVANCED_FACE ( 'NONE', ( #3255 ), #2401, .F. ) ;
#1223 = FACE_OUTER_BOUND ( 'NONE', #2332, .T. ) ;
#1224 = VERTEX_POINT ( 'NONE', #2775 ) ;
#1225 = EDGE_CURVE ( 'NONE', #528, #3723, #1301, .T. ) ;
#1226 = CARTESIAN_POINT ( 'NONE',  ( -13.19273868914363312, -1.499999999999999556, -2.499999999999999112 ) ) ;
#1227 = DIRECTION ( 'NONE',  ( -0.000000000000000000, 1.000000000000000000, -0.000000000000000000 ) ) ;
#1228 = CIRCLE ( 'NONE', #3619, 4.550000000000001599 ) ;
#1229 = ORIENTED_EDGE ( 'NONE', *, *, #2605, .T. ) ;
#1230 = CIRCLE ( 'NONE', #2479, 1.000000000000000888 ) ;
#1231 = VERTEX_POINT ( 'NONE', #2160 ) ;
#1232 = CARTESIAN_POINT ( 'NONE',  ( -11.54700538379233699, -1.500000000000000000, 20.00000000000011724 ) ) ;
#1233 = AXIS2_PLACEMENT_3D ( 'NONE', #3056, #3092, #2776 ) ;
#1234 = DIRECTION ( 'NONE',  ( 0.000000000000000000, 0.000000000000000000, 1.000000000000000000 ) ) ;
#1235 = VERTEX_POINT ( 'NONE', #3312 ) ;
#1236 = DIRECTION ( 'NONE',  ( 0.000000000000000000, 0.000000000000000000, 1.000000000000000000 ) ) ;
#1237 = ORIENTED_EDGE ( 'NONE', *, *, #705, .F. ) ;
#1238 = EDGE_CURVE ( 'NONE', #3603, #3068, #2122, .T. ) ;
#1239 = EDGE_CURVE ( 'NONE', #1032, #1052, #70, .T. ) ;
#1240 = CARTESIAN_POINT ( 'NONE',  ( 13.19273868914365799, -8.500000000000000000, -2.500000000000000444 ) ) ;
#1241 = ORIENTED_EDGE ( 'NONE', *, *, #787, .F. ) ;
#1242 = DIRECTION ( 'NONE',  ( 0.4999999999999944489, 0.000000000000000000, 0.8660254037844418162 ) ) ;
#1243 = FILL_AREA_STYLE ('',( #613 ) ) ;
#1244 = EDGE_CURVE ( 'NONE', #3075, #1691, #341, .T. ) ;
#1245 = DIRECTION ( 'NONE',  ( -0.000000000000000000, 1.000000000000000000, -0.000000000000000000 ) ) ;
#1246 = CARTESIAN_POINT ( 'NONE',  ( 4.252989283015859101, -1.499999999999999556, -15.84782784977065795 ) ) ;
#1247 = VERTEX_POINT ( 'NONE', #380 ) ;
#1248 = EDGE_CURVE ( 'NONE', #1738, #1964, #3891, .T. ) ;
#1249 = ORIENTED_EDGE ( 'NONE', *, *, #3334, .T. ) ;
#1250 = CARTESIAN_POINT ( 'NONE',  ( -11.59812687119609365, 1.500000000000000000, 11.60711068600005191 ) ) ;
#1251 = CARTESIAN_POINT ( 'NONE',  ( -4.000000000000000000, -1.500000000000000000, 0.000000000000000000 ) ) ;
#1252 = ORIENTED_EDGE ( 'NONE', *, *, #386, .T. ) ;
#1253 = DIRECTION ( 'NONE',  ( 0.000000000000000000, 0.000000000000000000, 1.000000000000000000 ) ) ;
#1254 = EDGE_LOOP ( 'NONE', ( #2022, #5, #3190, #2180 ) ) ;
#1255 = CARTESIAN_POINT ( 'NONE',  ( 6.123233995736766282E-16, 1.500000000000000000, -5.000000000000000000 ) ) ;
#1256 = VERTEX_POINT ( 'NONE', #2851 ) ;
#1257 = VECTOR ( 'NONE', #2579, 1000.000000000000000 ) ;
#1258 = DIRECTION ( 'NONE',  ( -0.000000000000000000, 1.000000000000000000, -0.000000000000000000 ) ) ;
#1259 = CARTESIAN_POINT ( 'NONE',  ( 0.7428480290867359725, 1.500000000000000000, 7.463121116910939712 ) ) ;
#1260 = AXIS2_PLACEMENT_3D ( 'NONE', #628, #1537, #3331 ) ;
#1261 = CYLINDRICAL_SURFACE ( 'NONE', #3244, 0.9999999999999991118 ) ;
#1262 = DIRECTION ( 'NONE',  ( 0.000000000000000000, 0.000000000000000000, 1.000000000000000000 ) ) ;
#1263 = ORIENTED_EDGE ( 'NONE', *, *, #3587, .T. ) ;
#1264 = VECTOR ( 'NONE', #3582, 1000.000000000000000 ) ;
#1265 = DIRECTION ( 'NONE',  ( 0.000000000000000000, 0.000000000000000000, 1.000000000000000000 ) ) ;
#1266 = VERTEX_POINT ( 'NONE', #1039 ) ;
#1267 = LINE ( 'NONE', #2463, #473 ) ;
#1268 = EDGE_CURVE ( 'NONE', #392, #3857, #1362, .T. ) ;
#1269 = CARTESIAN_POINT ( 'NONE',  ( 8.750000000000005329, -1.500000000000000000, 13.45544456622769403 ) ) ;
#1270 = ORIENTED_EDGE ( 'NONE', *, *, #2325, .T. ) ;
#1271 = CARTESIAN_POINT ( 'NONE',  ( -17.50000000000000355, 1.500000000000001776, -3.150000000000016342 ) ) ;
#1272 = ORIENTED_EDGE ( 'NONE', *, *, #2954, .F. ) ;
#1273 = CIRCLE ( 'NONE', #31, 1.699999999999996625 ) ;
#1274 = LINE ( 'NONE', #3687, #3278 ) ;
#1275 = ORIENTED_EDGE ( 'NONE', *, *, #1529, .F. ) ;
#1276 = VECTOR ( 'NONE', #1291, 1000.000000000000000 ) ;
#1277 = LINE ( 'NONE', #398, #929 ) ;
#1278 = CARTESIAN_POINT ( 'NONE',  ( 15.48872410019262880, 1.500000000000000000, -5.172742914049958785 ) ) ;
#1279 = CARTESIAN_POINT ( 'NONE',  ( 13.09011422469399122, -8.500000000000000000, -11.32725708595013359 ) ) ;
#1280 = EDGE_CURVE ( 'NONE', #1397, #1678, #117, .T. ) ;
#1281 = CIRCLE ( 'NONE', #3486, 1.000000000000000888 ) ;
#1282 = DIRECTION ( 'NONE',  ( -0.8660254037844347108, 0.000000000000000000, -0.5000000000000067724 ) ) ;
#1283 = DIRECTION ( 'NONE',  ( -0.000000000000000000, 1.000000000000000000, -0.000000000000000000 ) ) ;
#1284 = ORIENTED_EDGE ( 'NONE', *, *, #1886, .T. ) ;
#1285 = EDGE_CURVE ( 'NONE', #472, #3211, #2305, .T. ) ;
#1286 = EDGE_CURVE ( 'NONE', #2263, #2106, #612, .T. ) ;
#1287 = AXIS2_PLACEMENT_3D ( 'NONE', #1634, #3114, #1265 ) ;
#1288 = DIRECTION ( 'NONE',  ( -0.000000000000000000, 1.000000000000000000, -0.000000000000000000 ) ) ;
#1289 = ORIENTED_EDGE ( 'NONE', *, *, #3066, .T. ) ;
#1290 = CARTESIAN_POINT ( 'NONE',  ( -13.19273868914363312, 1.500000000000000000, -3.499999999999999556 ) ) ;
#1291 = DIRECTION ( 'NONE',  ( 0.000000000000000000, 0.000000000000000000, 1.000000000000000000 ) ) ;
#1292 = AXIS2_PLACEMENT_3D ( 'NONE', #3133, #1631, #726 ) ;
#1293 = ORIENTED_EDGE ( 'NONE', *, *, #2149, .T. ) ;
#1294 = DIRECTION ( 'NONE',  ( -0.4999999999999994449, 0.000000000000000000, 0.8660254037844389297 ) ) ;
#1295 = VERTEX_POINT ( 'NONE', #2635 ) ;
#1296 = AXIS2_PLACEMENT_3D ( 'NONE', #3123, #3405, #3643 ) ;
#1297 = CARTESIAN_POINT ( 'NONE',  ( 8.750000000000007105, 1.500000000000001776, -15.15544456622769331 ) ) ;
#1298 = ORIENTED_EDGE ( 'NONE', *, *, #1073, .F. ) ;
#1299 = CARTESIAN_POINT ( 'NONE',  ( 0.8418944329649671321, -1.499999999999999556, 8.458203932499065658 ) ) ;
#1300 = CIRCLE ( 'NONE', #2623, 7.500000000000001776 ) ;
#1301 = LINE ( 'NONE', #1279, #3385 ) ;
#1302 = VECTOR ( 'NONE', #1775, 1000.000000000000000 ) ;
#1303 = CIRCLE ( 'NONE', #2493, 4.550000000000001599 ) ;
#1304 = CARTESIAN_POINT ( 'NONE',  ( -4.000000000000000000, -1.500000000000000000, 3.000000000000000000 ) ) ;
#1305 = DIRECTION ( 'NONE',  ( -0.000000000000000000, 1.000000000000000000, -0.000000000000000000 ) ) ;
#1306 = VECTOR ( 'NONE', #3665, 1000.000000000000000 ) ;
#1307 = VERTEX_POINT ( 'NONE', #550 ) ;
#1308 = CYLINDRICAL_SURFACE ( 'NONE', #909, 1.000000000000000888 ) ;
#1309 = VERTEX_POINT ( 'NONE', #419 ) ;
#1310 = LINE ( 'NONE', #369, #3235 ) ;
#1311 = DIRECTION ( 'NONE',  ( -0.000000000000000000, 1.000000000000000000, -0.000000000000000000 ) ) ;
#1312 = VERTEX_POINT ( 'NONE', #704 ) ;
#1313 = CARTESIAN_POINT ( 'NONE',  ( -8.749999999999998224, 1.500000000000001776, -15.15544456622769509 ) ) ;
#1314 = ORIENTED_EDGE ( 'NONE', *, *, #3500, .F. ) ;
#1315 = ADVANCED_FACE ( 'NONE', ( #1137 ), #1743, .F. ) ;
#1316 = DIRECTION ( 'NONE',  ( 0.000000000000000000, 1.000000000000000000, -0.000000000000000000 ) ) ;
#1317 = VERTEX_POINT ( 'NONE', #2950 ) ;
#1318 = DIRECTION ( 'NONE',  ( -0.000000000000000000, 1.000000000000000000, -0.000000000000000000 ) ) ;
#1319 = ADVANCED_FACE ( 'NONE', ( #261 ), #746, .T. ) ;
#1320 = DIRECTION ( 'NONE',  ( 0.000000000000000000, 0.000000000000000000, 1.000000000000000000 ) ) ;
#1321 = LINE ( 'NONE', #2794, #1418 ) ;
#1322 = CARTESIAN_POINT ( 'NONE',  ( 11.59812687119611674, -8.500000000000000000, -11.60711068600014784 ) ) ;
#1323 = ORIENTED_EDGE ( 'NONE', *, *, #423, .F. ) ;
#1324 = AXIS2_PLACEMENT_3D ( 'NONE', #1669, #2044, #2856 ) ;
#1325 = CARTESIAN_POINT ( 'NONE',  ( 6.038046855666997281, 1.500000000000000000, -5.458203932501485944 ) ) ;
#1326 = ORIENTED_EDGE ( 'NONE', *, *, #2619, .T. ) ;
#1327 = CARTESIAN_POINT ( 'NONE',  ( -6.038046855666712176, -8.500000000000000000, -5.458203932501884736 ) ) ;
#1328 = CARTESIAN_POINT ( 'NONE',  ( 0.8418944329592915610, -8.500000000000000000, -8.458203932499628763 ) ) ;
#1329 = EDGE_CURVE ( 'NONE', #1684, #2373, #3702, .T. ) ;
#1330 = ORIENTED_EDGE ( 'NONE', *, *, #2833, .F. ) ;
#1331 = DIRECTION ( 'NONE',  ( 0.000000000000000000, 0.000000000000000000, 1.000000000000000000 ) ) ;
#1332 = ORIENTED_EDGE ( 'NONE', *, *, #3649, .T. ) ;
#1333 = ADVANCED_FACE ( 'NONE', ( #2201 ), #2928, .F. ) ;
#1334 = EDGE_LOOP ( 'NONE', ( #763, #3656 ) ) ;
#1335 = DIRECTION ( 'NONE',  ( -0.000000000000000000, 1.000000000000000000, -0.000000000000000000 ) ) ;
#1336 = ORIENTED_EDGE ( 'NONE', *, *, #3721, .F. ) ;
#1337 = CARTESIAN_POINT ( 'NONE',  ( -13.09011422469395391, 1.499999999999999556, 11.32725708595003233 ) ) ;
#1338 =( NAMED_UNIT ( * ) PLANE_ANGLE_UNIT ( ) SI_UNIT ( $, .RADIAN. ) );
#1339 = LINE ( 'NONE', #236, #2626 ) ;
#1340 = EDGE_CURVE ( 'NONE', #3201, #2703, #1339, .T. ) ;
#1341 = EDGE_CURVE ( 'NONE', #3573, #3083, #1303, .T. ) ;
#1342 = DIRECTION ( 'NONE',  ( 0.000000000000000000, 1.000000000000000000, 0.000000000000000000 ) ) ;
#1343 = VECTOR ( 'NONE', #605, 1000.000000000000000 ) ;
#1344 = CARTESIAN_POINT ( 'NONE',  ( 2.165063509463543312, 1.500000000000000000, -1.250000000001412870 ) ) ;
#1345 = ORIENTED_EDGE ( 'NONE', *, *, #2841, .F. ) ;
#1346 = AXIS2_PLACEMENT_3D ( 'NONE', #1736, #3874, #582 ) ;
#1347 = DIRECTION ( 'NONE',  ( -0.000000000000000000, 1.000000000000000000, -0.000000000000000000 ) ) ;
#1348 = EDGE_LOOP ( 'NONE', ( #942, #938, #484, #1891, #673, #609, #3158, #2716, #752, #2693, #3628, #1893, #1193, #2430 ) ) ;
#1349 = CIRCLE ( 'NONE', #1843, 1.000000000000000888 ) ;
#1350 = FACE_OUTER_BOUND ( 'NONE', #143, .T. ) ;
#1351 = ORIENTED_EDGE ( 'NONE', *, *, #1682, .T. ) ;
#1352 = CIRCLE ( 'NONE', #2991, 1.000000000000000888 ) ;
#1353 = ORIENTED_EDGE ( 'NONE', *, *, #3757, .T. ) ;
#1354 = CARTESIAN_POINT ( 'NONE',  ( -9.184850993605148438E-17, 1.500000000000000000, 1.742924699575454705E-16 ) ) ;
#1355 = CARTESIAN_POINT ( 'NONE',  ( 17.50000000000001421, 0.04999999999999665823, 4.853321584273757548E-15 ) ) ;
#1356 = AXIS2_PLACEMENT_3D ( 'NONE', #1989, #3474, #3257 ) ;
#1357 = CARTESIAN_POINT ( 'NONE',  ( 17.50000000000001421, 1.500000000000000000, -1.699999999999991962 ) ) ;
#1358 = ORIENTED_EDGE ( 'NONE', *, *, #2588, .F. ) ;
#1359 = CARTESIAN_POINT ( 'NONE',  ( 8.750000000000007105, 1.500000000000000000, -15.15544456622769331 ) ) ;
#1360 = EDGE_LOOP ( 'NONE', ( #572, #1111, #3535, #2946 ) ) ;
#1361 = DIRECTION ( 'NONE',  ( 0.000000000000000000, 0.000000000000000000, 1.000000000000000000 ) ) ;
#1362 = LINE ( 'NONE', #2037, #2178 ) ;
#1363 = ADVANCED_FACE ( 'NONE', ( #1018 ), #1630, .F. ) ;
#1364 = CARTESIAN_POINT ( 'NONE',  ( 15.85111615421197762, -1.499999999999999556, -4.240717163770688636 ) ) ;
#1365 = DIRECTION ( 'NONE',  ( -0.000000000000000000, 1.000000000000000000, -0.000000000000000000 ) ) ;
#1366 = DIRECTION ( 'NONE',  ( -0.000000000000000000, 1.000000000000000000, -0.000000000000000000 ) ) ;
#1367 = EDGE_LOOP ( 'NONE', ( #102, #1120, #1869, #2317 ) ) ;
#1368 = CARTESIAN_POINT ( 'NONE',  ( -3.264635279283147007, 1.500000000000000000, 16.99999999999996803 ) ) ;
#1369 = ORIENTED_EDGE ( 'NONE', *, *, #1682, .F. ) ;
#1370 = CARTESIAN_POINT ( 'NONE',  ( 0.000000000000000000, 1.500000000000000000, 5.000000000000000000 ) ) ;
#1371 = EDGE_CURVE ( 'NONE', #3165, #1825, #2114, .T. ) ;
#1372 = ORIENTED_EDGE ( 'NONE', *, *, #1978, .F. ) ;
#1373 = DIRECTION ( 'NONE',  ( 0.000000000000000000, 1.000000000000000000, -0.000000000000000000 ) ) ;
#1374 = CARTESIAN_POINT ( 'NONE',  ( 12.22408882090946136, -8.500000000000000000, 11.82725708595006076 ) ) ;
#1375 = ORIENTED_EDGE ( 'NONE', *, *, #954, .F. ) ;
#1376 = LINE ( 'NONE', #821, #1948 ) ;
#1377 = ORIENTED_EDGE ( 'NONE', *, *, #2898, .T. ) ;
#1378 = FACE_OUTER_BOUND ( 'NONE', #2379, .T. ) ;
#1379 = FACE_BOUND ( 'NONE', #564, .T. ) ;
#1380 = VERTEX_POINT ( 'NONE', #171 ) ;
#1381 = CARTESIAN_POINT ( 'NONE',  ( -16.35474950397701832, 1.500000000000000000, -5.672742914049964114 ) ) ;
#1382 = EDGE_CURVE ( 'NONE', #1125, #197, #3125, .T. ) ;
#1383 = ORIENTED_EDGE ( 'NONE', *, *, #3652, .T. ) ;
#1384 = DIRECTION ( 'NONE',  ( 0.000000000000000000, 1.000000000000000000, -0.000000000000000000 ) ) ;
#1385 = CIRCLE ( 'NONE', #884, 1.000000000000000222 ) ;
#1386 = VECTOR ( 'NONE', #416, 1000.000000000000000 ) ;
#1387 = EDGE_CURVE ( 'NONE', #2895, #3723, #2562, .T. ) ;
#1388 = VERTEX_POINT ( 'NONE', #1216 ) ;
#1389 = CARTESIAN_POINT ( 'NONE',  ( -17.50000000000000355, -1.500000000000000000, -1.700000000000013056 ) ) ;
#1390 = CARTESIAN_POINT ( 'NONE',  ( 3.264635279283097713, -8.500000000000000000, 15.99999999999996625 ) ) ;
#1391 = AXIS2_PLACEMENT_3D ( 'NONE', #2538, #3752, #1645 ) ;
#1392 = ORIENTED_EDGE ( 'NONE', *, *, #1687, .F. ) ;
#1393 = ADVANCED_FACE ( 'NONE', ( #2678 ), #3861, .F. ) ;
#1394 = LINE ( 'NONE', #1096, #1917 ) ;
#1395 = VERTEX_POINT ( 'NONE', #2113 ) ;
#1396 = CARTESIAN_POINT ( 'NONE',  ( 12.22408882090955018, 1.500000000000000000, -10.82725708595013714 ) ) ;
#1397 = VERTEX_POINT ( 'NONE', #3302 ) ;
#1398 = CIRCLE ( 'NONE', #3669, 0.9999999999999991118 ) ;
#1399 = CARTESIAN_POINT ( 'NONE',  ( 1.707919836749406839, -1.499999999999999556, 7.958203932499066546 ) ) ;
#1400 = CARTESIAN_POINT ( 'NONE',  ( -4.252989283015851996, 1.500000000000000000, -15.84782784977065084 ) ) ;
#1401 = ORIENTED_EDGE ( 'NONE', *, *, #2695, .T. ) ;
#1402 = CARTESIAN_POINT ( 'NONE',  ( -3.264635279283147007, -1.499999999999999556, 16.99999999999996803 ) ) ;
#1403 = VECTOR ( 'NONE', #1656, 1000.000000000000000 ) ;
#1404 = EDGE_CURVE ( 'NONE', #1738, #2643, #80, .T. ) ;
#1405 = CIRCLE ( 'NONE', #3612, 1.000000000000002665 ) ;
#1406 = EDGE_LOOP ( 'NONE', ( #690, #3010, #3461, #1189 ) ) ;
#1407 = DIRECTION ( 'NONE',  ( 0.000000000000000000, 0.000000000000000000, 1.000000000000000000 ) ) ;
#1408 = CARTESIAN_POINT ( 'NONE',  ( 9.469357670820771844, 1.499999999999999556, -10.66266986216881385 ) ) ;
#1409 = CARTESIAN_POINT ( 'NONE',  ( 17.50000000000001421, 1.500000000000001776, 4.853321584273757548E-15 ) ) ;
#1410 = ADVANCED_FACE ( 'NONE', ( #301 ), #624, .F. ) ;
#1411 = ORIENTED_EDGE ( 'NONE', *, *, #1842, .F. ) ;
#1412 = CIRCLE ( 'NONE', #347, 1.000000000000000888 ) ;
#1413 = CARTESIAN_POINT ( 'NONE',  ( 12.22408882090955018, -8.500000000000000000, -10.82725708595013714 ) ) ;
#1414 = ORIENTED_EDGE ( 'NONE', *, *, #1930, .F. ) ;
#1415 = DIRECTION ( 'NONE',  ( 8.659560562354927928E-17, 0.7071067811865479058, -0.7071067811865471286 ) ) ;
#1416 = DIRECTION ( 'NONE',  ( -0.000000000000000000, 1.000000000000000000, -0.000000000000000000 ) ) ;
#1417 = DIRECTION ( 'NONE',  ( 0.000000000000000000, 0.000000000000000000, 1.000000000000000000 ) ) ;
#1418 = VECTOR ( 'NONE', #1882, 1000.000000000000000 ) ;
#1419 = ORIENTED_EDGE ( 'NONE', *, *, #930, .T. ) ;
#1420 = CIRCLE ( 'NONE', #1857, 4.550000000000001599 ) ;
#1421 = DIRECTION ( 'NONE',  ( -0.000000000000000000, 1.000000000000000000, -0.000000000000000000 ) ) ;
#1422 = CARTESIAN_POINT ( 'NONE',  ( -11.54700538379233699, 1.500000000000000000, 20.00000000000011724 ) ) ;
#1423 = ORIENTED_EDGE ( 'NONE', *, *, #2126, .F. ) ;
#1424 = DIRECTION ( 'NONE',  ( -0.000000000000000000, 1.000000000000000000, -0.000000000000000000 ) ) ;
#1425 = AXIS2_PLACEMENT_3D ( 'NONE', #1112, #1660, #1407 ) ;
#1426 = AXIS2_PLACEMENT_3D ( 'NONE', #3855, #2983, #312 ) ;
#1427 = AXIS2_PLACEMENT_3D ( 'NONE', #648, #1574, #839 ) ;
#1428 = EDGE_LOOP ( 'NONE', ( #2389, #2718, #874, #345 ) ) ;
#1429 = CYLINDRICAL_SURFACE ( 'NONE', #1848, 1.000000000000000888 ) ;
#1430 = DIRECTION ( 'NONE',  ( 0.000000000000000000, 1.000000000000000000, -0.000000000000000000 ) ) ;
#1431 = CIRCLE ( 'NONE', #2627, 5.000000000000000000 ) ;
#1432 = VECTOR ( 'NONE', #932, 999.9999999999998863 ) ;
#1433 = ADVANCED_FACE ( 'NONE', ( #2656 ), #3618, .F. ) ;
#1434 = ORIENTED_EDGE ( 'NONE', *, *, #2177, .T. ) ;
#1435 = FACE_OUTER_BOUND ( 'NONE', #2462, .T. ) ;
#1436 = VERTEX_POINT ( 'NONE', #569 ) ;
#1437 = EDGE_CURVE ( 'NONE', #3307, #472, #2075, .T. ) ;
#1438 = CARTESIAN_POINT ( 'NONE',  ( -15.85111615421191544, 1.500000000000000000, 4.240717163770646891 ) ) ;
#1439 = DIRECTION ( 'NONE',  ( 0.000000000000000000, 0.000000000000000000, 1.000000000000000000 ) ) ;
#1440 = DIRECTION ( 'NONE',  ( -1.000000000000000000, 0.000000000000000000, 0.000000000000000000 ) ) ;
#1441 = EDGE_CURVE ( 'NONE', #132, #1584, #2410, .T. ) ;
#1442 = VERTEX_POINT ( 'NONE', #43 ) ;
#1443 = DIRECTION ( 'NONE',  ( -0.8660254037844419273, 0.000000000000000000, 0.4999999999999945044 ) ) ;
#1444 = DIRECTION ( 'NONE',  ( 0.5000000000000002220, -0.000000000000000000, 0.8660254037844384856 ) ) ;
#1445 = EDGE_LOOP ( 'NONE', ( #1973, #2435, #1817, #1991 ) ) ;
#1446 = ADVANCED_FACE ( 'NONE', ( #3267 ), #1528, .T. ) ;
#1447 = CARTESIAN_POINT ( 'NONE',  ( 17.50000000000001421, 1.500000000000001776, 4.853321584273757548E-15 ) ) ;
#1448 = ORIENTED_EDGE ( 'NONE', *, *, #1068, .F. ) ;
#1449 = CIRCLE ( 'NONE', #2076, 0.9999999999999991118 ) ;
#1450 = ORIENTED_EDGE ( 'NONE', *, *, #3141, .F. ) ;
#1451 = DIRECTION ( 'NONE',  ( -0.000000000000000000, 1.000000000000000000, -0.000000000000000000 ) ) ;
#1452 = DIRECTION ( 'NONE',  ( 0.000000000000000000, 1.000000000000000000, -0.000000000000000000 ) ) ;
#1453 = CARTESIAN_POINT ( 'NONE',  ( -6.091828464224532169, 1.500000000000000000, 4.374885822791697798 ) ) ;
#1454 = DIRECTION ( 'NONE',  ( -0.000000000000000000, 1.000000000000000000, -0.000000000000000000 ) ) ;
#1455 = EDGE_CURVE ( 'NONE', #653, #1089, #3596, .T. ) ;
#1456 = VECTOR ( 'NONE', #720, 1000.000000000000000 ) ;
#1457 = ORIENTED_EDGE ( 'NONE', *, *, #1621, .T. ) ;
#1458 = LINE ( 'NONE', #2734, #363 ) ;
#1459 = ORIENTED_EDGE ( 'NONE', *, *, #1711, .T. ) ;
#1460 = ADVANCED_FACE ( 'NONE', ( #3566 ), #2093, .F. ) ;
#1461 = LINE ( 'NONE', #1207, #1205 ) ;
#1462 = ORIENTED_EDGE ( 'NONE', *, *, #1387, .T. ) ;
#1463 = EDGE_CURVE ( 'NONE', #1256, #277, #2377, .T. ) ;
#1464 = ADVANCED_FACE ( 'NONE', ( #2393 ), #879, .F. ) ;
#1465 = LINE ( 'NONE', #2124, #3686 ) ;
#1466 = CARTESIAN_POINT ( 'NONE',  ( 23.09401076758504701, -1.500000000000000000, 0.000000000000000000 ) ) ;
#1467 = ORIENTED_EDGE ( 'NONE', *, *, #805, .T. ) ;
#1468 = DIRECTION ( 'NONE',  ( 0.000000000000000000, 0.000000000000000000, 1.000000000000000000 ) ) ;
#1469 = ORIENTED_EDGE ( 'NONE', *, *, #1177, .T. ) ;
#1470 = MECHANICAL_DESIGN_GEOMETRIC_PRESENTATION_REPRESENTATION (  '', ( #965 ), #2277 ) ;
#1471 = VERTEX_POINT ( 'NONE', #1804 ) ;
#1472 = CIRCLE ( 'NONE', #1023, 1.000000000000000444 ) ;
#1473 = DIRECTION ( 'NONE',  ( 0.000000000000000000, 0.000000000000000000, 1.000000000000000000 ) ) ;
#1474 = CARTESIAN_POINT ( 'NONE',  ( 13.19273868914365799, -8.500000000000000000, -3.500000000000000888 ) ) ;
#1475 = CARTESIAN_POINT ( 'NONE',  ( 6.038046855670324398, -1.499999999999999556, 5.458203932496853206 ) ) ;
#1476 = DIRECTION ( 'NONE',  ( 0.000000000000000000, 0.000000000000000000, 1.000000000000000000 ) ) ;
#1477 = CIRCLE ( 'NONE', #774, 1.000000000000000444 ) ;
#1478 = ORIENTED_EDGE ( 'NONE', *, *, #3631, .F. ) ;
#1479 = CARTESIAN_POINT ( 'NONE',  ( 7.745966692414836707, -8.500000000000000000, -2.500000000000000000 ) ) ;
#1480 = ORIENTED_EDGE ( 'NONE', *, *, #1600, .T. ) ;
#1481 = AXIS2_PLACEMENT_3D ( 'NONE', #2159, #87, #3070 ) ;
#1482 = VECTOR ( 'NONE', #2548, 1000.000000000000000 ) ;
#1483 = ADVANCED_FACE ( 'NONE', ( #3015 ), #1514, .T. ) ;
#1484 = CARTESIAN_POINT ( 'NONE',  ( -2.165063509458655222, -1.500000000000000000, 1.249999999998590905 ) ) ;
#1485 = ADVANCED_FACE ( 'NONE', ( #3519 ), #3554, .F. ) ;
#1486 = AXIS2_PLACEMENT_3D ( 'NONE', #499, #2265, #561 ) ;
#1487 = ORIENTED_EDGE ( 'NONE', *, *, #1824, .T. ) ;
#1488 = FACE_OUTER_BOUND ( 'NONE', #2651, .T. ) ;
#1489 = CARTESIAN_POINT ( 'NONE',  ( 17.50000000000001776, -1.499999999999999556, -5.650474260863225751E-15 ) ) ;
#1490 = CARTESIAN_POINT ( 'NONE',  ( -16.35474950397701832, -1.499999999999999556, -5.672742914049964114 ) ) ;
#1491 = EDGE_CURVE ( 'NONE', #793, #1235, #654, .T. ) ;
#1492 = ORIENTED_EDGE ( 'NONE', *, *, #1035, .T. ) ;
#1493 = AXIS2_PLACEMENT_3D ( 'NONE', #2337, #283, #2413 ) ;
#1494 = VERTEX_POINT ( 'NONE', #1990 ) ;
#1495 = DIRECTION ( 'NONE',  ( -1.000000000000000000, 0.000000000000000000, 0.000000000000000000 ) ) ;
#1496 = FACE_OUTER_BOUND ( 'NONE', #2491, .T. ) ;
#1497 = EDGE_CURVE ( 'NONE', #2593, #3586, #3364, .T. ) ;
#1498 = AXIS2_PLACEMENT_3D ( 'NONE', #2590, #3814, #2610 ) ;
#1499 = CARTESIAN_POINT ( 'NONE',  ( -9.184850993605148438E-17, 1.500000000000000000, 1.742924699575454705E-16 ) ) ;
#1500 = CARTESIAN_POINT ( 'NONE',  ( 17.50000000000001421, 1.500000000000000000, 4.853321584273757548E-15 ) ) ;
#1501 = EDGE_LOOP ( 'NONE', ( #1569, #3709, #1777, #3387 ) ) ;
#1502 = DIRECTION ( 'NONE',  ( 0.000000000000000000, 0.000000000000000000, 1.000000000000000000 ) ) ;
#1503 = EDGE_LOOP ( 'NONE', ( #2515, #2172, #3675, #40 ) ) ;
#1504 = DIRECTION ( 'NONE',  ( 0.000000000000000000, 1.000000000000000000, 0.000000000000000000 ) ) ;
#1505 = DIRECTION ( 'NONE',  ( 0.000000000000000000, 0.000000000000000000, 1.000000000000000000 ) ) ;
#1506 = DIRECTION ( 'NONE',  ( 0.000000000000000000, 0.000000000000000000, 1.000000000000000000 ) ) ;
#1507 = CARTESIAN_POINT ( 'NONE',  ( 8.761432854036520723, 1.500000000000000000, 10.17524685028879361 ) ) ;
#1508 = ORIENTED_EDGE ( 'NONE', *, *, #923, .T. ) ;
#1509 = EDGE_CURVE ( 'NONE', #3102, #2263, #562, .T. ) ;
#1510 = EDGE_LOOP ( 'NONE', ( #3559, #570, #560, #2367, #3815, #229 ) ) ;
#1511 = CARTESIAN_POINT ( 'NONE',  ( -23.09401076758504345, -1.500000000000000000, 1.612646152681311659E-13 ) ) ;
#1512 = CARTESIAN_POINT ( 'NONE',  ( 12.22408882090946136, 1.500000000000000000, 10.82725708595005720 ) ) ;
#1513 = CARTESIAN_POINT ( 'NONE',  ( -0.8418944329644685309, -8.500000000000000000, 8.458203932499115396 ) ) ;
#1514 = CYLINDRICAL_SURFACE ( 'NONE', #1657, 7.500000000000001776 ) ;
#1515 = EDGE_CURVE ( 'NONE', #2570, #713, #1083, .T. ) ;
#1516 = ORIENTED_EDGE ( 'NONE', *, *, #681, .F. ) ;
#1517 = DIRECTION ( 'NONE',  ( 0.4999999999999996669, 0.000000000000000000, -0.8660254037844388186 ) ) ;
#1518 = EDGE_LOOP ( 'NONE', ( #2974, #1487, #1478, #2823 ) ) ;
#1519 = VECTOR ( 'NONE', #1946, 999.9999999999998863 ) ;
#1520 = CARTESIAN_POINT ( 'NONE',  ( -4.000000000000000000, -1.500000000000000000, 1.800000000000000044 ) ) ;
#1521 = CARTESIAN_POINT ( 'NONE',  ( -4.499464137392565455, -1.499999999999999556, -13.53203923154135246 ) ) ;
#1522 = CARTESIAN_POINT ( 'NONE',  ( 13.96882180821687491, -8.500000000000000000, -2.869369369369369593 ) ) ;
#1523 = LINE ( 'NONE', #3021, #3127 ) ;
#1524 = VERTEX_POINT ( 'NONE', #2882 ) ;
#1525 = VERTEX_POINT ( 'NONE', #1422 ) ;
#1526 = DIRECTION ( 'NONE',  ( -0.4999999999999950595, 0.000000000000000000, -0.8660254037844415942 ) ) ;
#1527 = LINE ( 'NONE', #3617, #2596 ) ;
#1528 = CYLINDRICAL_SURFACE ( 'NONE', #3088, 7.500000000000001776 ) ;
#1529 = EDGE_CURVE ( 'NONE', #3367, #2532, #2327, .T. ) ;
#1530 = AXIS2_PLACEMENT_3D ( 'NONE', #3504, #3431, #3131 ) ;
#1531 = EDGE_LOOP ( 'NONE', ( #2780, #510, #3408, #60 ) ) ;
#1532 = DIRECTION ( 'NONE',  ( 0.000000000000000000, 0.000000000000000000, 1.000000000000000000 ) ) ;
#1533 = VERTEX_POINT ( 'NONE', #1400 ) ;
#1534 = EDGE_CURVE ( 'NONE', #2978, #1247, #792, .T. ) ;
#1535 = VECTOR ( 'NONE', #485, 1000.000000000000000 ) ;
#1536 = CIRCLE ( 'NONE', #2030, 1.699999999999996625 ) ;
#1537 = DIRECTION ( 'NONE',  ( -0.000000000000000000, 1.000000000000000000, -0.000000000000000000 ) ) ;
#1538 = EDGE_LOOP ( 'NONE', ( #3058, #3595, #3476, #3094 ) ) ;
#1539 = VECTOR ( 'NONE', #2667, 1000.000000000000227 ) ;
#1540 = CARTESIAN_POINT ( 'NONE',  ( -9.184850993605148438E-17, 1.500000000000000000, 1.742924699575454705E-16 ) ) ;
#1541 = EDGE_CURVE ( 'NONE', #2338, #3578, #3871, .T. ) ;
#1542 = AXIS2_PLACEMENT_3D ( 'NONE', #78, #1565, #3342 ) ;
#1543 = CARTESIAN_POINT ( 'NONE',  ( -17.50000000000000355, 1.500000000000000000, -1.655234598692008349E-14 ) ) ;
#1544 = AXIS2_PLACEMENT_3D ( 'NONE', #462, #2248, #2504 ) ;
#1545 = ORIENTED_EDGE ( 'NONE', *, *, #3145, .T. ) ;
#1546 = ORIENTED_EDGE ( 'NONE', *, *, #3209, .T. ) ;
#1547 = DIRECTION ( 'NONE',  ( 0.000000000000000000, 0.000000000000000000, 1.000000000000000000 ) ) ;
#1548 = DIRECTION ( 'NONE',  ( 0.000000000000000000, 0.000000000000000000, 1.000000000000000000 ) ) ;
#1549 = EDGE_LOOP ( 'NONE', ( #2372, #991 ) ) ;
#1550 = DIRECTION ( 'NONE',  ( 8.659560562354927928E-17, 0.7071067811865479058, -0.7071067811865471286 ) ) ;
#1551 = ORIENTED_EDGE ( 'NONE', *, *, #551, .T. ) ;
#1552 = ADVANCED_FACE ( 'NONE', ( #1734 ), #517, .F. ) ;
#1553 = EDGE_CURVE ( 'NONE', #2027, #1717, #828, .T. ) ;
#1554 = CARTESIAN_POINT ( 'NONE',  ( -4.000000000000000000, 1.500000000000000000, 3.000000000000000000 ) ) ;
#1555 = ORIENTED_EDGE ( 'NONE', *, *, #1625, .T. ) ;
#1556 = DIRECTION ( 'NONE',  ( 0.000000000000000000, 0.000000000000000000, 1.000000000000000000 ) ) ;
#1557 = DIRECTION ( 'NONE',  ( 0.000000000000000000, 1.000000000000000000, -0.000000000000000000 ) ) ;
#1558 = CIRCLE ( 'NONE', #3824, 1.000000000000002665 ) ;
#1559 = ADVANCED_FACE ( 'NONE', ( #2628 ), #253, .F. ) ;
#1560 = DIRECTION ( 'NONE',  ( -0.000000000000000000, 1.000000000000000000, -0.000000000000000000 ) ) ;
#1561 = LINE ( 'NONE', #2723, #1184 ) ;
#1562 = ORIENTED_EDGE ( 'NONE', *, *, #2671, .T. ) ;
#1563 = EDGE_CURVE ( 'NONE', #3203, #1014, #3681, .T. ) ;
#1564 = EDGE_LOOP ( 'NONE', ( #3831, #1562, #1237, #2453 ) ) ;
#1565 = DIRECTION ( 'NONE',  ( -0.000000000000000000, 1.000000000000000000, -0.000000000000000000 ) ) ;
#1566 = CARTESIAN_POINT ( 'NONE',  ( 8.750000000000005329, 1.500000000000001776, 18.30544456622769189 ) ) ;
#1567 = ORIENTED_EDGE ( 'NONE', *, *, #2798, .T. ) ;
#1568 = CARTESIAN_POINT ( 'NONE',  ( -9.184850993605148438E-17, -8.500000000000000000, 1.742924699575454705E-16 ) ) ;
#1569 = ORIENTED_EDGE ( 'NONE', *, *, #2901, .F. ) ;
#1570 = DIRECTION ( 'NONE',  ( 0.000000000000000000, 0.000000000000000000, 1.000000000000000000 ) ) ;
#1571 = ORIENTED_EDGE ( 'NONE', *, *, #33, .T. ) ;
#1572 = VECTOR ( 'NONE', #108, 1000.000000000000000 ) ;
#1573 = PLANE ( 'NONE',  #2306 ) ;
#1574 = DIRECTION ( 'NONE',  ( 0.000000000000000000, 1.000000000000000000, -0.000000000000000000 ) ) ;
#1575 = EDGE_CURVE ( 'NONE', #1312, #3573, #3213, .T. ) ;
#1576 = CONICAL_SURFACE ( 'NONE', #3085, 3.149999999999999911, 0.7853981633974477239 ) ;
#1577 = DIRECTION ( 'NONE',  ( 0.000000000000000000, 1.000000000000000000, 0.000000000000000000 ) ) ;
#1578 = DIRECTION ( 'NONE',  ( -0.000000000000000000, 1.000000000000000000, -0.000000000000000000 ) ) ;
#1579 = CARTESIAN_POINT ( 'NONE',  ( -3.565280431327402244, -8.500000000000000000, 13.17524685028541320 ) ) ;
#1580 = ORIENTED_EDGE ( 'NONE', *, *, #2145, .T. ) ;
#1581 = ADVANCED_FACE ( 'NONE', ( #3176 ), #1708, .F. ) ;
#1582 = AXIS2_PLACEMENT_3D ( 'NONE', #1500, #1185, #896 ) ;
#1583 = DIRECTION ( 'NONE',  ( -0.000000000000000000, 1.000000000000000000, -0.000000000000000000 ) ) ;
#1584 = VERTEX_POINT ( 'NONE', #1381 ) ;
#1585 = CARTESIAN_POINT ( 'NONE',  ( -13.96882180821687847, -1.499999999999999556, 2.869369369369367817 ) ) ;
#1586 = DIRECTION ( 'NONE',  ( 0.8660254037844384856, 0.000000000000000000, -0.5000000000000004441 ) ) ;
#1587 = ORIENTED_EDGE ( 'NONE', *, *, #2876, .T. ) ;
#1588 = CARTESIAN_POINT ( 'NONE',  ( -8.750000000000055067, 1.500000000000000000, 15.15544456622765601 ) ) ;
#1589 = ORIENTED_EDGE ( 'NONE', *, *, #544, .T. ) ;
#1590 = CIRCLE ( 'NONE', #1778, 4.550000000000001599 ) ;
#1591 = CARTESIAN_POINT ( 'NONE',  ( 8.750000000000007105, -1.500000000000000000, -15.15544456622769331 ) ) ;
#1592 = ORIENTED_EDGE ( 'NONE', *, *, #2935, .F. ) ;
#1593 = DIRECTION ( 'NONE',  ( 0.000000000000000000, 0.000000000000000000, 1.000000000000000000 ) ) ;
#1594 =( NAMED_UNIT ( * ) SI_UNIT ( $, .STERADIAN. ) SOLID_ANGLE_UNIT ( ) );
#1595 = DIRECTION ( 'NONE',  ( -0.000000000000000000, 1.000000000000000000, -0.000000000000000000 ) ) ;
#1596 = CARTESIAN_POINT ( 'NONE',  ( 8.750000000000007105, -1.499999999999999556, -15.15544456622769331 ) ) ;
#1597 = LINE ( 'NONE', #727, #3781 ) ;
#1598 = ORIENTED_EDGE ( 'NONE', *, *, #2136, .F. ) ;
#1599 = CARTESIAN_POINT ( 'NONE',  ( 0.8418944329592915610, -8.500000000000000000, -7.458203932499627875 ) ) ;
#1600 = EDGE_CURVE ( 'NONE', #3259, #717, #2284, .T. ) ;
#1601 = VERTEX_POINT ( 'NONE', #2897 ) ;
#1602 = DIRECTION ( 'NONE',  ( 0.000000000000000000, 1.000000000000000000, -0.000000000000000000 ) ) ;
#1603 = CARTESIAN_POINT ( 'NONE',  ( 7.745966692414836707, 1.500000000000000000, 2.500000000000000444 ) ) ;
#1604 = AXIS2_PLACEMENT_3D ( 'NONE', #3591, #3610, #650 ) ;
#1605 = EDGE_CURVE ( 'NONE', #19, #322, #3809, .T. ) ;
#1606 = VERTEX_POINT ( 'NONE', #1507 ) ;
#1607 = FACE_OUTER_BOUND ( 'NONE', #2558, .T. ) ;
#1608 = VERTEX_POINT ( 'NONE', #3592 ) ;
#1609 = AXIS2_PLACEMENT_3D ( 'NONE', #1700, #3147, #241 ) ;
#1610 = ORIENTED_EDGE ( 'NONE', *, *, #3505, .F. ) ;
#1611 = DIRECTION ( 'NONE',  ( -1.000000000000000000, 0.000000000000000000, 0.000000000000000000 ) ) ;
#1612 = VECTOR ( 'NONE', #1134, 1000.000000000000000 ) ;
#1613 = CARTESIAN_POINT ( 'NONE',  ( -0.8418944329588047282, -8.500000000000000000, -8.458203932499678501 ) ) ;
#1614 = DIRECTION ( 'NONE',  ( 0.000000000000000000, 0.000000000000000000, 1.000000000000000000 ) ) ;
#1615 = DIRECTION ( 'NONE',  ( -0.000000000000000000, 1.000000000000000000, -0.000000000000000000 ) ) ;
#1616 = ORIENTED_EDGE ( 'NONE', *, *, #577, .T. ) ;
#1617 = DIRECTION ( 'NONE',  ( -1.000000000000000000, 0.000000000000000000, 0.000000000000000000 ) ) ;
#1618 = EDGE_LOOP ( 'NONE', ( #3081, #1050, #584, #3584 ) ) ;
#1619 = CYLINDRICAL_SURFACE ( 'NONE', #649, 1.000000000000001776 ) ;
#1620 = DIRECTION ( 'NONE',  ( 0.000000000000000000, 1.000000000000000000, -0.000000000000000000 ) ) ;
#1621 = EDGE_CURVE ( 'NONE', #1388, #2940, #3697, .T. ) ;
#1622 = ORIENTED_EDGE ( 'NONE', *, *, #3427, .T. ) ;
#1623 = DIRECTION ( 'NONE',  ( 0.000000000000000000, 0.000000000000000000, 1.000000000000000000 ) ) ;
#1624 = ORIENTED_EDGE ( 'NONE', *, *, #1201, .T. ) ;
#1625 = EDGE_CURVE ( 'NONE', #463, #1219, #1561, .T. ) ;
#1626 = DIRECTION ( 'NONE',  ( 0.4999999999999997224, 0.000000000000000000, -0.8660254037844387076 ) ) ;
#1627 = ORIENTED_EDGE ( 'NONE', *, *, #902, .T. ) ;
#1628 = CARTESIAN_POINT ( 'NONE',  ( 11.54700538379247732, -1.500000000000000000, -20.00000000000004263 ) ) ;
#1629 = CARTESIAN_POINT ( 'NONE',  ( -4.499464137392565455, 1.500000000000000000, -13.53203923154135246 ) ) ;
#1630 = CYLINDRICAL_SURFACE ( 'NONE', #428, 1.000000000000000888 ) ;
#1631 = DIRECTION ( 'NONE',  ( 0.000000000000000000, 1.000000000000000000, 0.000000000000000000 ) ) ;
#1632 = CARTESIAN_POINT ( 'NONE',  ( -8.749999999999998224, -8.500000000000000000, -15.15544456622769509 ) ) ;
#1633 = ORIENTED_EDGE ( 'NONE', *, *, #1625, .F. ) ;
#1634 = CARTESIAN_POINT ( 'NONE',  ( -9.184850993605148438E-17, -1.499999999999999556, 1.742924699575454705E-16 ) ) ;
#1635 = ORIENTED_EDGE ( 'NONE', *, *, #3652, .F. ) ;
#1636 = DIRECTION ( 'NONE',  ( 0.000000000000000000, 0.000000000000000000, 1.000000000000000000 ) ) ;
#1637 = ADVANCED_FACE ( 'NONE', ( #1832 ), #872, .F. ) ;
#1638 = ORIENTED_EDGE ( 'NONE', *, *, #49, .F. ) ;
#1639 = DIRECTION ( 'NONE',  ( -0.8660254037844415942, 0.000000000000000000, -0.4999999999999950595 ) ) ;
#1640 = CARTESIAN_POINT ( 'NONE',  ( -13.96882180821685360, 1.499999999999999556, -2.869369369369372258 ) ) ;
#1641 = EDGE_CURVE ( 'NONE', #3214, #2769, #3003, .T. ) ;
#1642 = ORIENTED_EDGE ( 'NONE', *, *, #954, .T. ) ;
#1643 = ORIENTED_EDGE ( 'NONE', *, *, #4, .F. ) ;
#1644 = CARTESIAN_POINT ( 'NONE',  ( 6.091828464224791517, -1.499999999999999556, 4.374885822791341639 ) ) ;
#1645 = DIRECTION ( 'NONE',  ( 0.000000000000000000, 0.000000000000000000, 1.000000000000000000 ) ) ;
#1646 = AXIS2_PLACEMENT_3D ( 'NONE', #715, #1311, #1548 ) ;
#1647 = DIRECTION ( 'NONE',  ( 0.000000000000000000, 0.000000000000000000, 1.000000000000000000 ) ) ;
#1648 = AXIS2_PLACEMENT_3D ( 'NONE', #854, #2068, #1556 ) ;
#1649 = CARTESIAN_POINT ( 'NONE',  ( -4.431305835109433211, 1.500000000000000000, -12.67524685029160914 ) ) ;
#1650 = EDGE_CURVE ( 'NONE', #713, #1471, #3889, .T. ) ;
#1651 = ORIENTED_EDGE ( 'NONE', *, *, #2898, .F. ) ;
#1652 = VECTOR ( 'NONE', #604, 1000.000000000000227 ) ;
#1653 = CARTESIAN_POINT ( 'NONE',  ( -9.627458257813785281, -8.500000000000000000, -9.675246850287658518 ) ) ;
#1654 = EDGE_LOOP ( 'NONE', ( #475, #675, #139, #1275 ) ) ;
#1655 = VECTOR ( 'NONE', #3300, 1000.000000000000000 ) ;
#1656 = DIRECTION ( 'NONE',  ( -0.000000000000000000, 1.000000000000000000, -0.000000000000000000 ) ) ;
#1657 = AXIS2_PLACEMENT_3D ( 'NONE', #3852, #228, #2048 ) ;
#1658 = CIRCLE ( 'NONE', #3049, 0.9999999999999991118 ) ;
#1659 = ORIENTED_EDGE ( 'NONE', *, *, #219, .T. ) ;
#1660 = DIRECTION ( 'NONE',  ( -0.000000000000000000, 1.000000000000000000, -0.000000000000000000 ) ) ;
#1661 = CARTESIAN_POINT ( 'NONE',  ( -15.48872410019255597, 1.500000000000000000, 5.172742914049913487 ) ) ;
#1662 = AXIS2_PLACEMENT_3D ( 'NONE', #558, #2660, #323 ) ;
#1663 = ORIENTED_EDGE ( 'NONE', *, *, #2486, .F. ) ;
#1664 = LINE ( 'NONE', #2872, #885 ) ;
#1665 = ORIENTED_EDGE ( 'NONE', *, *, #1206, .F. ) ;
#1666 = CARTESIAN_POINT ( 'NONE',  ( 17.50000000000001421, 1.500000000000001776, -3.149999999999995470 ) ) ;
#1667 = AXIS2_PLACEMENT_3D ( 'NONE', #453, #188, #3842 ) ;
#1668 = FACE_OUTER_BOUND ( 'NONE', #2343, .T. ) ;
#1669 = CARTESIAN_POINT ( 'NONE',  ( 8.750000000000005329, -1.500000000000000000, 15.15544456622768976 ) ) ;
#1670 = AXIS2_PLACEMENT_3D ( 'NONE', #2746, #1227, #1850 ) ;
#1671 = ORIENTED_EDGE ( 'NONE', *, *, #1329, .F. ) ;
#1672 = VECTOR ( 'NONE', #2141, 1000.000000000000000 ) ;
#1673 = EDGE_CURVE ( 'NONE', #463, #3819, #3611, .T. ) ;
#1674 = CARTESIAN_POINT ( 'NONE',  ( -8.749999999999996447, 1.500000000000000000, 16.85544456622768550 ) ) ;
#1675 = CARTESIAN_POINT ( 'NONE',  ( 12.22408882090946136, -8.500000000000000000, 10.82725708595005720 ) ) ;
#1676 = ORIENTED_EDGE ( 'NONE', *, *, #1916, .T. ) ;
#1677 = FACE_BOUND ( 'NONE', #1969, .T. ) ;
#1678 = VERTEX_POINT ( 'NONE', #2084 ) ;
#1679 = CARTESIAN_POINT ( 'NONE',  ( 13.19273868914366687, -1.499999999999999556, 3.500000000000000888 ) ) ;
#1680 = DIRECTION ( 'NONE',  ( 0.000000000000000000, 1.000000000000000000, -0.000000000000000000 ) ) ;
#1681 = ORIENTED_EDGE ( 'NONE', *, *, #946, .T. ) ;
#1682 = EDGE_CURVE ( 'NONE', #740, #110, #487, .T. ) ;
#1683 = CARTESIAN_POINT ( 'NONE',  ( -9.184850993605148438E-17, -1.499999999999999556, 1.742924699575454705E-16 ) ) ;
#1684 = VERTEX_POINT ( 'NONE', #1246 ) ;
#1685 = CARTESIAN_POINT ( 'NONE',  ( -9.627458257820350696, -8.500000000000000000, 9.675246850288658607 ) ) ;
#1686 = DIRECTION ( 'NONE',  ( -0.000000000000000000, 1.000000000000000000, -0.000000000000000000 ) ) ;
#1687 = EDGE_CURVE ( 'NONE', #2703, #30, #908, .T. ) ;
#1688 = ORIENTED_EDGE ( 'NONE', *, *, #3019, .F. ) ;
#1689 = DIRECTION ( 'NONE',  ( -0.5000000000000001110, 0.000000000000000000, -0.8660254037844385966 ) ) ;
#1690 = DIRECTION ( 'NONE',  ( -0.000000000000000000, -1.000000000000000000, -0.000000000000000000 ) ) ;
#1691 = VERTEX_POINT ( 'NONE', #948 ) ;
#1692 = DIRECTION ( 'NONE',  ( -0.000000000000000000, 1.000000000000000000, -0.000000000000000000 ) ) ;
#1693 = CIRCLE ( 'NONE', #507, 1.000000000000000888 ) ;
#1694 = EDGE_CURVE ( 'NONE', #1089, #900, #1928, .T. ) ;
#1695 = VERTEX_POINT ( 'NONE', #2981 ) ;
#1696 = PLANE ( 'NONE',  #610 ) ;
#1697 = LINE ( 'NONE', #1374, #1088 ) ;
#1698 = LINE ( 'NONE', #235, #2023 ) ;
#1699 = VERTEX_POINT ( 'NONE', #2707 ) ;
#1700 = CARTESIAN_POINT ( 'NONE',  ( -8.749999999999996447, 1.500000000000001776, 15.15544456622769154 ) ) ;
#1701 = ORIENTED_EDGE ( 'NONE', *, *, #2207, .T. ) ;
#1702 = DIRECTION ( 'NONE',  ( 0.000000000000000000, 1.000000000000000000, -0.000000000000000000 ) ) ;
#1703 = CARTESIAN_POINT ( 'NONE',  ( 6.038046855670324398, 1.500000000000000000, 5.458203932496853206 ) ) ;
#1704 = DIRECTION ( 'NONE',  ( 0.000000000000000000, 0.000000000000000000, 1.000000000000000000 ) ) ;
#1705 = ORIENTED_EDGE ( 'NONE', *, *, #2582, .F. ) ;
#1706 = CIRCLE ( 'NONE', #2977, 5.000000000000000000 ) ;
#1707 = DIRECTION ( 'NONE',  ( 0.000000000000000000, 0.000000000000000000, 1.000000000000000000 ) ) ;
#1708 = CYLINDRICAL_SURFACE ( 'NONE', #3184, 1.000000000000002665 ) ;
#1709 = ORIENTED_EDGE ( 'NONE', *, *, #1143, .F. ) ;
#1710 = FACE_OUTER_BOUND ( 'NONE', #1731, .T. ) ;
#1711 = EDGE_CURVE ( 'NONE', #3810, #1678, #1523, .T. ) ;
#1712 = VECTOR ( 'NONE', #1242, 1000.000000000000114 ) ;
#1713 = EDGE_CURVE ( 'NONE', #1010, #1145, #3634, .T. ) ;
#1714 = AXIS2_PLACEMENT_3D ( 'NONE', #877, #2948, #2035 ) ;
#1715 = ORIENTED_EDGE ( 'NONE', *, *, #1244, .F. ) ;
#1716 = DIRECTION ( 'NONE',  ( 0.000000000000000000, 1.000000000000000000, -0.000000000000000000 ) ) ;
#1717 = VERTEX_POINT ( 'NONE', #2125 ) ;
#1718 = DIRECTION ( 'NONE',  ( -0.000000000000000000, 1.000000000000000000, -0.000000000000000000 ) ) ;
#1719 = DIRECTION ( 'NONE',  ( 0.000000000000000000, 0.000000000000000000, 1.000000000000000000 ) ) ;
#1720 = AXIS2_PLACEMENT_3D ( 'NONE', #3384, #3419, #41 ) ;
#1721 = EDGE_CURVE ( 'NONE', #1080, #3383, #632, .T. ) ;
#1722 = ORIENTED_EDGE ( 'NONE', *, *, #219, .F. ) ;
#1723 = VECTOR ( 'NONE', #546, 1000.000000000000000 ) ;
#1724 = DIRECTION ( 'NONE',  ( 0.000000000000000000, 1.000000000000000000, -0.000000000000000000 ) ) ;
#1725 = ORIENTED_EDGE ( 'NONE', *, *, #498, .T. ) ;
#1726 = DIRECTION ( 'NONE',  ( 0.000000000000000000, 0.000000000000000000, 1.000000000000000000 ) ) ;
#1727 = CIRCLE ( 'NONE', #2101, 5.000000000000000000 ) ;
#1728 = CYLINDRICAL_SURFACE ( 'NONE', #299, 4.550000000000001599 ) ;
#1729 = DIRECTION ( 'NONE',  ( 0.000000000000000000, 1.000000000000000000, -0.000000000000000000 ) ) ;
#1730 = AXIS2_PLACEMENT_3D ( 'NONE', #3072, #1577, #1901 ) ;
#1731 = EDGE_LOOP ( 'NONE', ( #91, #2670, #2735, #1326 ) ) ;
#1732 = CIRCLE ( 'NONE', #3694, 1.000000000000000444 ) ;
#1733 = CARTESIAN_POINT ( 'NONE',  ( -4.431305835109433211, -1.499999999999999556, -12.67524685029160914 ) ) ;
#1734 = FACE_OUTER_BOUND ( 'NONE', #1538, .T. ) ;
#1735 = EDGE_CURVE ( 'NONE', #3843, #81, #248, .T. ) ;
#1736 = CARTESIAN_POINT ( 'NONE',  ( 3.565280431327592758, 1.500000000000000000, 13.17524685028481990 ) ) ;
#1737 = ORIENTED_EDGE ( 'NONE', *, *, #294, .T. ) ;
#1738 = VERTEX_POINT ( 'NONE', #1795 ) ;
#1739 = FACE_OUTER_BOUND ( 'NONE', #404, .T. ) ;
#1740 = DIRECTION ( 'NONE',  ( -0.000000000000000000, 1.000000000000000000, -0.000000000000000000 ) ) ;
#1741 = CIRCLE ( 'NONE', #3513, 1.000000000000001776 ) ;
#1742 = DIRECTION ( 'NONE',  ( -0.000000000000000000, 1.000000000000000000, -0.000000000000000000 ) ) ;
#1743 = CYLINDRICAL_SURFACE ( 'NONE', #1110, 1.000000000000001776 ) ;
#1744 = EDGE_CURVE ( 'NONE', #2060, #3878, #3037, .T. ) ;
#1745 = ORIENTED_EDGE ( 'NONE', *, *, #1280, .F. ) ;
#1746 = DIRECTION ( 'NONE',  ( 0.8660254037844388186, 0.000000000000000000, 0.4999999999999997780 ) ) ;
#1747 = ORIENTED_EDGE ( 'NONE', *, *, #742, .T. ) ;
#1748 = CYLINDRICAL_SURFACE ( 'NONE', #3009, 1.000000000000000444 ) ;
#1749 = EDGE_CURVE ( 'NONE', #2403, #2060, #2867, .T. ) ;
#1750 = CARTESIAN_POINT ( 'NONE',  ( -1.990540770086669147E-16, -1.500000000000000000, -2.500000000000000000 ) ) ;
#1751 = ORIENTED_EDGE ( 'NONE', *, *, #749, .F. ) ;
#1752 = CARTESIAN_POINT ( 'NONE',  ( 17.50000000000001776, 1.500000000000000000, -5.650474260863225751E-15 ) ) ;
#1753 = CARTESIAN_POINT ( 'NONE',  ( 6.123233995736766282E-16, -1.500000000000000000, -5.000000000000000000 ) ) ;
#1754 = ORIENTED_EDGE ( 'NONE', *, *, #1650, .F. ) ;
#1755 = DIRECTION ( 'NONE',  ( -0.000000000000000000, 1.000000000000000000, -0.000000000000000000 ) ) ;
#1756 = VERTEX_POINT ( 'NONE', #1171 ) ;
#1757 = VECTOR ( 'NONE', #29, 1000.000000000000000 ) ;
#1758 = ORIENTED_EDGE ( 'NONE', *, *, #2998, .F. ) ;
#1759 = DIRECTION ( 'NONE',  ( 0.000000000000000000, 0.000000000000000000, 1.000000000000000000 ) ) ;
#1760 = DIRECTION ( 'NONE',  ( 0.000000000000000000, 0.000000000000000000, 1.000000000000000000 ) ) ;
#1761 = CARTESIAN_POINT ( 'NONE',  ( -8.749999999999996447, 1.500000000000001776, 15.15544456622769154 ) ) ;
#1762 = CARTESIAN_POINT ( 'NONE',  ( -0.8418944329588047282, 1.500000000000000000, -8.458203932499678501 ) ) ;
#1763 = CIRCLE ( 'NONE', #76, 1.699999999999996625 ) ;
#1764 = EDGE_CURVE ( 'NONE', #1307, #1010, #3377, .T. ) ;
#1765 = EDGE_CURVE ( 'NONE', #1052, #414, #2466, .T. ) ;
#1766 = VERTEX_POINT ( 'NONE', #1649 ) ;
#1767 = DIRECTION ( 'NONE',  ( 0.000000000000000000, 0.000000000000000000, 1.000000000000000000 ) ) ;
#1768 = EDGE_LOOP ( 'NONE', ( #3664, #1545, #3589, #3718 ) ) ;
#1769 = AXIS2_PLACEMENT_3D ( 'NONE', #2990, #3883, #1784 ) ;
#1770 = EDGE_CURVE ( 'NONE', #431, #1601, #151, .T. ) ;
#1771 = CARTESIAN_POINT ( 'NONE',  ( -8.749999999999998224, 0.04999999999999665823, -13.45544456622769758 ) ) ;
#1772 = VERTEX_POINT ( 'NONE', #1925 ) ;
#1773 = EDGE_CURVE ( 'NONE', #1312, #392, #1944, .T. ) ;
#1774 = DIRECTION ( 'NONE',  ( 3.455323577095457193E-15, -0.000000000000000000, 1.000000000000000000 ) ) ;
#1775 = DIRECTION ( 'NONE',  ( -0.000000000000000000, 1.000000000000000000, -0.000000000000000000 ) ) ;
#1776 = FACE_BOUND ( 'NONE', #940, .T. ) ;
#1777 = ORIENTED_EDGE ( 'NONE', *, *, #1286, .T. ) ;
#1778 = AXIS2_PLACEMENT_3D ( 'NONE', #1136, #2906, #2498 ) ;
#1779 = EDGE_LOOP ( 'NONE', ( #1580, #305, #591, #83 ) ) ;
#1780 = VECTOR ( 'NONE', #3421, 1000.000000000000000 ) ;
#1781 = DIRECTION ( 'NONE',  ( 0.000000000000000000, 1.000000000000000000, 0.000000000000000000 ) ) ;
#1782 = DIRECTION ( 'NONE',  ( 0.000000000000000000, 0.000000000000000000, 1.000000000000000000 ) ) ;
#1783 = DIRECTION ( 'NONE',  ( 0.000000000000000000, 0.000000000000000000, 1.000000000000000000 ) ) ;
#1784 = DIRECTION ( 'NONE',  ( 0.000000000000000000, 0.000000000000000000, 1.000000000000000000 ) ) ;
#1785 = CIRCLE ( 'NONE', #3426, 1.699999999999996625 ) ;
#1786 = ORIENTED_EDGE ( 'NONE', *, *, #2297, .T. ) ;
#1787 = CARTESIAN_POINT ( 'NONE',  ( -9.184850993605148438E-17, -8.500000000000000000, 1.742924699575454705E-16 ) ) ;
#1788 = ORIENTED_EDGE ( 'NONE', *, *, #2957, .T. ) ;
#1789 = EDGE_CURVE ( 'NONE', #1055, #1247, #1597, .T. ) ;
#1790 = VECTOR ( 'NONE', #3011, 1000.000000000000227 ) ;
#1791 = DIRECTION ( 'NONE',  ( 0.000000000000000000, 0.000000000000000000, 1.000000000000000000 ) ) ;
#1792 = CIRCLE ( 'NONE', #3621, 7.500000000000001776 ) ;
#1793 = EDGE_CURVE ( 'NONE', #1162, #431, #1385, .T. ) ;
#1794 = CARTESIAN_POINT ( 'NONE',  ( 12.22408882090946136, 1.500000000000000000, 11.82725708595006076 ) ) ;
#1795 = CARTESIAN_POINT ( 'NONE',  ( -6.091828464221602069, 1.500000000000000000, -4.374885822795779866 ) ) ;
#1796 = ORIENTED_EDGE ( 'NONE', *, *, #617, .F. ) ;
#1797 = ADVANCED_FACE ( 'NONE', ( #672 ), #73, .F. ) ;
#1798 = VECTOR ( 'NONE', #3585, 1000.000000000000000 ) ;
#1799 = ORIENTED_EDGE ( 'NONE', *, *, #512, .F. ) ;
#1800 = DIRECTION ( 'NONE',  ( 0.000000000000000000, 0.000000000000000000, 1.000000000000000000 ) ) ;
#1801 = DIRECTION ( 'NONE',  ( -0.000000000000000000, 1.000000000000000000, -0.000000000000000000 ) ) ;
#1802 = CIRCLE ( 'NONE', #3314, 1.000000000000000444 ) ;
#1803 = LINE ( 'NONE', #1215, #157 ) ;
#1804 = CARTESIAN_POINT ( 'NONE',  ( 6.834676493307208389, 1.500000000000000000, 3.088235294117648522 ) ) ;
#1805 = VECTOR ( 'NONE', #2499, 1000.000000000000000 ) ;
#1806 = CIRCLE ( 'NONE', #2245, 1.000000000000000888 ) ;
#1807 = ORIENTED_EDGE ( 'NONE', *, *, #3631, .T. ) ;
#1808 = CARTESIAN_POINT ( 'NONE',  ( -1.707919836743244657, -1.499999999999999556, -7.958203932499678501 ) ) ;
#1809 = ORIENTED_EDGE ( 'NONE', *, *, #3412, .T. ) ;
#1810 = SHAPE_DEFINITION_REPRESENTATION ( #3834, #370 ) ;
#1811 = DIRECTION ( 'NONE',  ( 0.000000000000000000, 0.000000000000000000, 1.000000000000000000 ) ) ;
#1812 = CARTESIAN_POINT ( 'NONE',  ( -15.48872410019258616, 1.500000000000000000, -5.172742914049957896 ) ) ;
#1813 = EDGE_CURVE ( 'NONE', #3819, #1606, #3414, .T. ) ;
#1814 = LINE ( 'NONE', #2104, #353 ) ;
#1815 = CARTESIAN_POINT ( 'NONE',  ( 7.745966692414836707, 1.500000000000000000, -3.500000000000000888 ) ) ;
#1816 = EDGE_CURVE ( 'NONE', #744, #3418, #1868, .T. ) ;
#1817 = ORIENTED_EDGE ( 'NONE', *, *, #1903, .F. ) ;
#1818 = ORIENTED_EDGE ( 'NONE', *, *, #3437, .F. ) ;
#1819 = DIRECTION ( 'NONE',  ( 0.000000000000000000, 1.000000000000000000, -0.000000000000000000 ) ) ;
#1820 = DIRECTION ( 'NONE',  ( -0.000000000000000000, 1.000000000000000000, -0.000000000000000000 ) ) ;
#1821 = DIRECTION ( 'NONE',  ( -0.4999999999999996669, 0.000000000000000000, 0.8660254037844388186 ) ) ;
#1822 = DIRECTION ( 'NONE',  ( -0.000000000000000000, 1.000000000000000000, -0.000000000000000000 ) ) ;
#1823 = VECTOR ( 'NONE', #611, 1000.000000000000000 ) ;
#1824 = EDGE_CURVE ( 'NONE', #1231, #1436, #987, .T. ) ;
#1825 = VERTEX_POINT ( 'NONE', #90 ) ;
#1826 = DIRECTION ( 'NONE',  ( -0.000000000000000000, 1.000000000000000000, -0.000000000000000000 ) ) ;
#1827 = EDGE_LOOP ( 'NONE', ( #3221, #1469, #3327, #1375 ) ) ;
#1828 = VECTOR ( 'NONE', #576, 1000.000000000000000 ) ;
#1829 = CARTESIAN_POINT ( 'NONE',  ( 13.96882180821687491, 1.500000000000000000, -2.869369369369369593 ) ) ;
#1830 = ORIENTED_EDGE ( 'NONE', *, *, #3881, .T. ) ;
#1831 = CYLINDRICAL_SURFACE ( 'NONE', #1976, 1.000000000000001776 ) ;
#1832 = FACE_OUTER_BOUND ( 'NONE', #3620, .T. ) ;
#1833 = ORIENTED_EDGE ( 'NONE', *, *, #3637, .F. ) ;
#1834 = EDGE_CURVE ( 'NONE', #1841, #1032, #3073, .T. ) ;
#1835 = DIRECTION ( 'NONE',  ( 0.000000000000000000, 0.000000000000000000, 1.000000000000000000 ) ) ;
#1836 = FACE_OUTER_BOUND ( 'NONE', #3112, .T. ) ;
#1837 = ADVANCED_FACE ( 'NONE', ( #459 ), #2501, .T. ) ;
#1838 = VECTOR ( 'NONE', #895, 1000.000000000000000 ) ;
#1839 = ORIENTED_EDGE ( 'NONE', *, *, #1437, .F. ) ;
#1840 = DIRECTION ( 'NONE',  ( -0.000000000000000000, 1.000000000000000000, -0.000000000000000000 ) ) ;
#1841 = VERTEX_POINT ( 'NONE', #2224 ) ;
#1842 = EDGE_CURVE ( 'NONE', #1919, #875, #3205, .T. ) ;
#1843 = AXIS2_PLACEMENT_3D ( 'NONE', #3446, #1680, #3200 ) ;
#1844 = CARTESIAN_POINT ( 'NONE',  ( -6.834676493307209277, -8.500000000000000000, 3.088235294117645857 ) ) ;
#1845 = ORIENTED_EDGE ( 'NONE', *, *, #1268, .F. ) ;
#1846 = FACE_BOUND ( 'NONE', #2839, .T. ) ;
#1847 = DIRECTION ( 'NONE',  ( -0.000000000000000000, 1.000000000000000000, -0.000000000000000000 ) ) ;
#1848 = AXIS2_PLACEMENT_3D ( 'NONE', #278, #3858, #1473 ) ;
#1849 = CARTESIAN_POINT ( 'NONE',  ( -8.749999999999998224, 0.04999999999999665823, -16.85544456622769260 ) ) ;
#1850 = DIRECTION ( 'NONE',  ( 0.000000000000000000, 0.000000000000000000, 1.000000000000000000 ) ) ;
#1851 = VERTEX_POINT ( 'NONE', #3153 ) ;
#1852 = VECTOR ( 'NONE', #986, 1000.000000000000227 ) ;
#1853 = EDGE_LOOP ( 'NONE', ( #921, #789, #2253, #540 ) ) ;
#1854 = DIRECTION ( 'NONE',  ( 0.000000000000000000, 1.000000000000000000, -0.000000000000000000 ) ) ;
#1855 = CARTESIAN_POINT ( 'NONE',  ( -2.165063509458653002, -8.500000000000000000, 1.249999999998590239 ) ) ;
#1856 = EDGE_LOOP ( 'NONE', ( #2153, #1932, #2985, #2572 ) ) ;
#1857 = AXIS2_PLACEMENT_3D ( 'NONE', #1359, #1724, #3820 ) ;
#1858 = CARTESIAN_POINT ( 'NONE',  ( -17.50000000000000355, 1.500000000000000000, -1.655234598692008349E-14 ) ) ;
#1859 = EDGE_LOOP ( 'NONE', ( #3892, #526, #782, #2595 ) ) ;
#1860 = EDGE_CURVE ( 'NONE', #2593, #3660, #383, .T. ) ;
#1861 = EDGE_CURVE ( 'NONE', #3660, #2027, #3722, .T. ) ;
#1862 = CARTESIAN_POINT ( 'NONE',  ( 6.038046855666997281, -1.499999999999999556, -5.458203932501485944 ) ) ;
#1863 = ORIENTED_EDGE ( 'NONE', *, *, #142, .F. ) ;
#1864 = EDGE_CURVE ( 'NONE', #3586, #2027, #1021, .T. ) ;
#1865 = DIRECTION ( 'NONE',  ( -0.4999999999999994449, 0.000000000000000000, 0.8660254037844389297 ) ) ;
#1866 = DIRECTION ( 'NONE',  ( 0.000000000000000000, 0.000000000000000000, 1.000000000000000000 ) ) ;
#1867 = FACE_OUTER_BOUND ( 'NONE', #1564, .T. ) ;
#1868 = LINE ( 'NONE', #2458, #819 ) ;
#1869 = ORIENTED_EDGE ( 'NONE', *, *, #71, .T. ) ;
#1870 = ORIENTED_EDGE ( 'NONE', *, *, #237, .T. ) ;
#1871 = DIRECTION ( 'NONE',  ( -0.000000000000000000, 1.000000000000000000, -0.000000000000000000 ) ) ;
#1872 = DIRECTION ( 'NONE',  ( 0.000000000000000000, 0.000000000000000000, 1.000000000000000000 ) ) ;
#1873 = ORIENTED_EDGE ( 'NONE', *, *, #1605, .T. ) ;
#1874 = FACE_OUTER_BOUND ( 'NONE', #3511, .T. ) ;
#1875 = ORIENTED_EDGE ( 'NONE', *, *, #1122, .T. ) ;
#1876 = ADVANCED_FACE ( 'NONE', ( #2478 ), #1902, .F. ) ;
#1877 = DIRECTION ( 'NONE',  ( -0.000000000000000000, 1.000000000000000000, -0.000000000000000000 ) ) ;
#1878 = ORIENTED_EDGE ( 'NONE', *, *, #1764, .F. ) ;
#1879 = AXIS2_PLACEMENT_3D ( 'NONE', #2894, #2322, #1417 ) ;
#1880 = CARTESIAN_POINT ( 'NONE',  ( -0.8418944329588047282, 1.500000000000000000, -7.458203932499677613 ) ) ;
#1881 = CARTESIAN_POINT ( 'NONE',  ( -11.59812687119602792, 1.500000000000000000, -11.60711068600008922 ) ) ;
#1882 = DIRECTION ( 'NONE',  ( 8.659560562354927928E-17, 0.7071067811865479058, -0.7071067811865471286 ) ) ;
#1883 = CARTESIAN_POINT ( 'NONE',  ( 0.000000000000000000, -8.500000000000000000, 2.500000000000000444 ) ) ;
#1884 = ORIENTED_EDGE ( 'NONE', *, *, #3019, .T. ) ;
#1885 = AXIS2_PLACEMENT_3D ( 'NONE', #1762, #2358, #2058 ) ;
#1886 = EDGE_CURVE ( 'NONE', #2842, #329, #3110, .T. ) ;
#1887 = CARTESIAN_POINT ( 'NONE',  ( -4.000000000000000000, 1.500000000000000000, 0.000000000000000000 ) ) ;
#1888 = ORIENTED_EDGE ( 'NONE', *, *, #544, .F. ) ;
#1889 = CYLINDRICAL_SURFACE ( 'NONE', #1542, 1.000000000000000888 ) ;
#1890 = CARTESIAN_POINT ( 'NONE',  ( 4.431305835112030245, 1.500000000000000000, 12.67524685028481990 ) ) ;
#1891 = ORIENTED_EDGE ( 'NONE', *, *, #638, .F. ) ;
#1892 = DIRECTION ( 'NONE',  ( 0.000000000000000000, 1.000000000000000000, -0.000000000000000000 ) ) ;
#1893 = ORIENTED_EDGE ( 'NONE', *, *, #146, .F. ) ;
#1894 = PRODUCT_DEFINITION ( 'UNKNOWN', '', #479, #246 ) ;
#1895 = CARTESIAN_POINT ( 'NONE',  ( 8.750000000000005329, -1.499999999999999556, 15.15544456622768088 ) ) ;
#1896 = AXIS2_PLACEMENT_3D ( 'NONE', #3117, #3738, #2606 ) ;
#1897 = CYLINDRICAL_SURFACE ( 'NONE', #2056, 4.550000000000001599 ) ;
#1898 = DIRECTION ( 'NONE',  ( -0.000000000000000000, 1.000000000000000000, -0.000000000000000000 ) ) ;
#1899 = CARTESIAN_POINT ( 'NONE',  ( 3.264635279283097713, 1.500000000000000000, 15.99999999999996625 ) ) ;
#1900 = VECTOR ( 'NONE', #1214, 1000.000000000000000 ) ;
#1901 = DIRECTION ( 'NONE',  ( 0.000000000000000000, 0.000000000000000000, 1.000000000000000000 ) ) ;
#1902 = PLANE ( 'NONE',  #3338 ) ;
#1903 = EDGE_CURVE ( 'NONE', #392, #460, #2521, .T. ) ;
#1904 = EDGE_LOOP ( 'NONE', ( #858, #2966, #13, #3077 ) ) ;
#1905 = VECTOR ( 'NONE', #1347, 1000.000000000000000 ) ;
#1906 = CARTESIAN_POINT ( 'NONE',  ( -11.54700538379261232, 1.500000000000000000, -19.99999999999996092 ) ) ;
#1907 = ORIENTED_EDGE ( 'NONE', *, *, #1938, .F. ) ;
#1908 = DIRECTION ( 'NONE',  ( -0.000000000000000000, -1.000000000000000000, 0.000000000000000000 ) ) ;
#1909 = EDGE_CURVE ( 'NONE', #3723, #1436, #1132, .T. ) ;
#1910 = PLANE ( 'NONE',  #1961 ) ;
#1911 = VECTOR ( 'NONE', #2345, 1000.000000000000000 ) ;
#1912 = ORIENTED_EDGE ( 'NONE', *, *, #2846, .F. ) ;
#1913 = AXIS2_PLACEMENT_3D ( 'NONE', #3109, #420, #1614 ) ;
#1914 = CARTESIAN_POINT ( 'NONE',  ( -8.749999999999998224, -1.500000000000000000, -16.85544456622768905 ) ) ;
#1915 = ORIENTED_EDGE ( 'NONE', *, *, #1117, .F. ) ;
#1916 = EDGE_CURVE ( 'NONE', #277, #2978, #3208, .T. ) ;
#1917 = VECTOR ( 'NONE', #3510, 1000.000000000000000 ) ;
#1918 = CARTESIAN_POINT ( 'NONE',  ( 17.50000000000001421, 0.04999999999999665823, 1.700000000000001510 ) ) ;
#1919 = VERTEX_POINT ( 'NONE', #2878 ) ;
#1920 = CARTESIAN_POINT ( 'NONE',  ( -13.09011422469395569, -1.499999999999999556, 11.32725708595003233 ) ) ;
#1921 = CARTESIAN_POINT ( 'NONE',  ( -3.199999999999999734, -1.500000000000000000, -2.399999999999999911 ) ) ;
#1922 = CIRCLE ( 'NONE', #795, 1.699999999999996625 ) ;
#1923 = CARTESIAN_POINT ( 'NONE',  ( 3.264635279283078617, -1.499999999999999556, -15.99999999999987921 ) ) ;
#1924 = CARTESIAN_POINT ( 'NONE',  ( 3.264635279283078617, -8.500000000000000000, -16.99999999999987921 ) ) ;
#1925 = CARTESIAN_POINT ( 'NONE',  ( -9.184850993605148438E-17, 1.500000000000000000, 7.500000000000001776 ) ) ;
#1926 = AXIS2_PLACEMENT_3D ( 'NONE', #1077, #804, #531 ) ;
#1927 = ORIENTED_EDGE ( 'NONE', *, *, #557, .F. ) ;
#1928 = CIRCLE ( 'NONE', #2629, 1.000000000000001776 ) ;
#1929 = ADVANCED_FACE ( 'NONE', ( #2599 ), #250, .T. ) ;
#1930 = EDGE_CURVE ( 'NONE', #2842, #3357, #2644, .T. ) ;
#1931 = FACE_OUTER_BOUND ( 'NONE', #2945, .T. ) ;
#1932 = ORIENTED_EDGE ( 'NONE', *, *, #1909, .T. ) ;
#1933 = FACE_OUTER_BOUND ( 'NONE', #2077, .T. ) ;
#1934 = EDGE_CURVE ( 'NONE', #519, #3263, #496, .T. ) ;
#1935 = ORIENTED_EDGE ( 'NONE', *, *, #2170, .T. ) ;
#1936 = CARTESIAN_POINT ( 'NONE',  ( -15.85111615421194031, -8.500000000000000000, -4.240717163770692189 ) ) ;
#1937 = DIRECTION ( 'NONE',  ( -0.000000000000000000, 1.000000000000000000, -0.000000000000000000 ) ) ;
#1938 = EDGE_CURVE ( 'NONE', #414, #3083, #1693, .T. ) ;
#1939 = ORIENTED_EDGE ( 'NONE', *, *, #1834, .T. ) ;
#1940 = CARTESIAN_POINT ( 'NONE',  ( 8.750000000000005329, -8.500000000000000000, 15.15544456622768088 ) ) ;
#1941 = ORIENTED_EDGE ( 'NONE', *, *, #2954, .T. ) ;
#1942 = DIRECTION ( 'NONE',  ( -0.000000000000000000, 1.000000000000000000, -0.000000000000000000 ) ) ;
#1943 = DIRECTION ( 'NONE',  ( -0.000000000000000000, 1.000000000000000000, -0.000000000000000000 ) ) ;
#1944 = CIRCLE ( 'NONE', #574, 0.9999999999999991118 ) ;
#1945 = DIRECTION ( 'NONE',  ( 0.000000000000000000, 0.000000000000000000, 1.000000000000000000 ) ) ;
#1946 = DIRECTION ( 'NONE',  ( 0.4999999999999945044, -0.000000000000000000, 0.8660254037844419273 ) ) ;
#1947 = ORIENTED_EDGE ( 'NONE', *, *, #3732, .T. ) ;
#1948 = VECTOR ( 'NONE', #2318, 1000.000000000000000 ) ;
#1949 = CARTESIAN_POINT ( 'NONE',  ( 0.000000000000000000, 1.500000000000000000, 2.500000000000001332 ) ) ;
#1950 = VERTEX_POINT ( 'NONE', #2301 ) ;
#1951 = CYLINDRICAL_SURFACE ( 'NONE', #2598, 4.549999999999999822 ) ;
#1952 = VERTEX_POINT ( 'NONE', #3804 ) ;
#1953 = CARTESIAN_POINT ( 'NONE',  ( -15.85111615421191544, -1.499999999999999556, 4.240717163770646891 ) ) ;
#1954 = LINE ( 'NONE', #1054, #3231 ) ;
#1955 = EDGE_CURVE ( 'NONE', #1037, #504, #3771, .T. ) ;
#1956 = ORIENTED_EDGE ( 'NONE', *, *, #1329, .T. ) ;
#1957 = DIRECTION ( 'NONE',  ( 7.962163080346640843E-17, 0.000000000000000000, 1.000000000000000000 ) ) ;
#1958 = ORIENTED_EDGE ( 'NONE', *, *, #3390, .F. ) ;
#1959 = CYLINDRICAL_SURFACE ( 'NONE', #3005, 1.000000000000000888 ) ;
#1960 = EDGE_CURVE ( 'NONE', #2353, #1608, #325, .T. ) ;
#1961 = AXIS2_PLACEMENT_3D ( 'NONE', #3386, #971, #677 ) ;
#1962 = CARTESIAN_POINT ( 'NONE',  ( -13.96882180821685360, -8.500000000000000000, -2.869369369369372258 ) ) ;
#1963 = LINE ( 'NONE', #3170, #2132 ) ;
#1964 = VERTEX_POINT ( 'NONE', #786 ) ;
#1965 = EDGE_CURVE ( 'NONE', #480, #730, #3532, .T. ) ;
#1966 = CIRCLE ( 'NONE', #3802, 0.9999999999999991118 ) ;
#1967 = CARTESIAN_POINT ( 'NONE',  ( 0.8418944329592915610, 1.500000000000000000, -7.458203932499627875 ) ) ;
#1968 = DIRECTION ( 'NONE',  ( -0.000000000000000000, 1.000000000000000000, -0.000000000000000000 ) ) ;
#1969 = EDGE_LOOP ( 'NONE', ( #750, #2397 ) ) ;
#1970 = CARTESIAN_POINT ( 'NONE',  ( 17.50000000000001421, 1.500000000000001776, 3.150000000000004796 ) ) ;
#1972 = ADVANCED_FACE ( 'NONE', ( #3490 ), #2892, .F. ) ;
#1971 = CIRCLE ( 'NONE', #1287, 7.500000000000003553 ) ;
#1973 = ORIENTED_EDGE ( 'NONE', *, *, #1575, .T. ) ;
#1974 = CARTESIAN_POINT ( 'NONE',  ( 1.707919836749406839, 1.500000000000000000, 7.958203932499066546 ) ) ;
#1975 = DIRECTION ( 'NONE',  ( 0.000000000000000000, 1.000000000000000000, -0.000000000000000000 ) ) ;
#1976 = AXIS2_PLACEMENT_3D ( 'NONE', #2422, #3294, #2706 ) ;
#1977 = AXIS2_PLACEMENT_3D ( 'NONE', #89, #1282, #2184 ) ;
#1978 = EDGE_CURVE ( 'NONE', #2373, #2790, #514, .T. ) ;
#1979 = ORIENTED_EDGE ( 'NONE', *, *, #705, .T. ) ;
#1980 = VERTEX_POINT ( 'NONE', #2341 ) ;
#1981 = CARTESIAN_POINT ( 'NONE',  ( 0.000000000000000000, -1.500000000000000000, 0.000000000000000000 ) ) ;
#1982 = AXIS2_PLACEMENT_3D ( 'NONE', #1188, #2995, #2702 ) ;
#1983 = EDGE_CURVE ( 'NONE', #3857, #2336, #1963, .T. ) ;
#1984 =( LENGTH_UNIT ( ) NAMED_UNIT ( * ) SI_UNIT ( .MILLI., .METRE. ) );
#1985 = DIRECTION ( 'NONE',  ( 0.000000000000000000, 0.000000000000000000, 1.000000000000000000 ) ) ;
#1986 = AXIS2_PLACEMENT_3D ( 'NONE', #161, #1716, #1331 ) ;
#1987 = ORIENTED_EDGE ( 'NONE', *, *, #2695, .F. ) ;
#1988 = AXIS2_PLACEMENT_3D ( 'NONE', #1923, #818, #3713 ) ;
#1989 = CARTESIAN_POINT ( 'NONE',  ( -8.749999999999996447, -1.500000000000000000, 15.15544456622769154 ) ) ;
#1990 = CARTESIAN_POINT ( 'NONE',  ( 13.19273868914365799, 1.500000000000000000, -2.500000000000000444 ) ) ;
#1991 = ORIENTED_EDGE ( 'NONE', *, *, #1773, .F. ) ;
#1992 = DIRECTION ( 'NONE',  ( -0.000000000000000000, 1.000000000000000000, -0.000000000000000000 ) ) ;
#1993 = EDGE_LOOP ( 'NONE', ( #2412, #183, #3053, #1715 ) ) ;
#1994 = DIRECTION ( 'NONE',  ( 0.000000000000000000, 0.000000000000000000, 1.000000000000000000 ) ) ;
#1995 = DIRECTION ( 'NONE',  ( 0.000000000000000000, 0.000000000000000000, 1.000000000000000000 ) ) ;
#1996 = CARTESIAN_POINT ( 'NONE',  ( -8.761432854035911433, -1.499999999999999556, 10.17524685028866038 ) ) ;
#1997 = ORIENTED_EDGE ( 'NONE', *, *, #1404, .F. ) ;
#1998 = FACE_OUTER_BOUND ( 'NONE', #1856, .T. ) ;
#1999 = ORIENTED_EDGE ( 'NONE', *, *, #2257, .T. ) ;
#2000 = FACE_OUTER_BOUND ( 'NONE', #205, .T. ) ;
#2001 = DIRECTION ( 'NONE',  ( 0.000000000000000000, 0.000000000000000000, 1.000000000000000000 ) ) ;
#2002 = VERTEX_POINT ( 'NONE', #2913 ) ;
#2003 = EDGE_CURVE ( 'NONE', #3423, #2778, #2260, .T. ) ;
#2004 = DIRECTION ( 'NONE',  ( -0.000000000000000000, 1.000000000000000000, -0.000000000000000000 ) ) ;
#2005 = DIRECTION ( 'NONE',  ( -0.000000000000000000, 1.000000000000000000, -0.000000000000000000 ) ) ;
#2006 = ORIENTED_EDGE ( 'NONE', *, *, #3050, .F. ) ;
#2007 = FACE_OUTER_BOUND ( 'NONE', #3767, .T. ) ;
#2008 = VECTOR ( 'NONE', #1615, 1000.000000000000000 ) ;
#2009 = ADVANCED_FACE ( 'NONE', ( #3826, #174, #2938, #192, #825, #2021, #559, #3229, #534, #1144, #2564, #1379, #2434, #308 ), #2999, .F. ) ;
#2010 = ORIENTED_EDGE ( 'NONE', *, *, #3091, .T. ) ;
#2011 = CARTESIAN_POINT ( 'NONE',  ( -17.50000000000000355, -1.500000000000000000, -1.655234598692008349E-14 ) ) ;
#2012 = CARTESIAN_POINT ( 'NONE',  ( 0.7428480290867359725, -1.499999999999999556, 7.463121116910939712 ) ) ;
#2013 = PLANE ( 'NONE',  #215 ) ;
#2014 = DIRECTION ( 'NONE',  ( 0.000000000000000000, 0.000000000000000000, 1.000000000000000000 ) ) ;
#2015 = ORIENTED_EDGE ( 'NONE', *, *, #3712, .T. ) ;
#2016 = DIRECTION ( 'NONE',  ( -0.000000000000000000, 1.000000000000000000, -0.000000000000000000 ) ) ;
#2017 = ORIENTED_EDGE ( 'NONE', *, *, #1068, .T. ) ;
#2018 = DIRECTION ( 'NONE',  ( -0.000000000000000000, 1.000000000000000000, -0.000000000000000000 ) ) ;
#2019 = EDGE_CURVE ( 'NONE', #1525, #1256, #869, .T. ) ;
#2020 = CYLINDRICAL_SURFACE ( 'NONE', #1170, 1.699999999999996625 ) ;
#2021 = FACE_BOUND ( 'NONE', #1549, .T. ) ;
#2022 = ORIENTED_EDGE ( 'NONE', *, *, #1238, .T. ) ;
#2023 = VECTOR ( 'NONE', #3526, 1000.000000000000000 ) ;
#2024 = DIRECTION ( 'NONE',  ( -0.000000000000000000, 1.000000000000000000, -0.000000000000000000 ) ) ;
#2025 = DIRECTION ( 'NONE',  ( 0.000000000000000000, 0.000000000000000000, 1.000000000000000000 ) ) ;
#2026 = EDGE_CURVE ( 'NONE', #1187, #2756, #2099, .T. ) ;
#2027 = VERTEX_POINT ( 'NONE', #1771 ) ;
#2028 = FACE_OUTER_BOUND ( 'NONE', #3835, .T. ) ;
#2029 = ORIENTED_EDGE ( 'NONE', *, *, #589, .T. ) ;
#2030 = AXIS2_PLACEMENT_3D ( 'NONE', #2968, #1847, #3394 ) ;
#2031 = EDGE_CURVE ( 'NONE', #3528, #1524, #339, .T. ) ;
#2032 = AXIS2_PLACEMENT_3D ( 'NONE', #770, #3791, #2943 ) ;
#2033 = ORIENTED_EDGE ( 'NONE', *, *, #1015, .F. ) ;
#2034 = CARTESIAN_POINT ( 'NONE',  ( 8.750000000000005329, 1.500000000000001776, 15.15544456622768976 ) ) ;
#2035 = DIRECTION ( 'NONE',  ( 0.000000000000000000, 0.000000000000000000, 1.000000000000000000 ) ) ;
#2036 = CARTESIAN_POINT ( 'NONE',  ( -6.091828464224532169, -8.500000000000000000, 4.374885822791697798 ) ) ;
#2037 = CARTESIAN_POINT ( 'NONE',  ( -2.165063509463150737, -1.500000000000000000, -1.250000000001184830 ) ) ;
#2038 = AXIS2_PLACEMENT_3D ( 'NONE', #936, #2764, #3097 ) ;
#2039 = ORIENTED_EDGE ( 'NONE', *, *, #243, .F. ) ;
#2040 = CIRCLE ( 'NONE', #1100, 4.550000000000001599 ) ;
#2041 = DIRECTION ( 'NONE',  ( -0.000000000000000000, 1.000000000000000000, -0.000000000000000000 ) ) ;
#2042 = ORIENTED_EDGE ( 'NONE', *, *, #518, .T. ) ;
#2043 = FACE_OUTER_BOUND ( 'NONE', #466, .T. ) ;
#2044 = DIRECTION ( 'NONE',  ( 0.000000000000000000, 1.000000000000000000, 0.000000000000000000 ) ) ;
#2045 = EDGE_LOOP ( 'NONE', ( #3273, #545, #158, #3705, #2889, #2865, #3530, #814, #2554, #3523, #1681, #2296, #3548 ) ) ;
#2046 = CIRCLE ( 'NONE', #3252, 4.550000000000001599 ) ;
#2047 = CARTESIAN_POINT ( 'NONE',  ( -9.184850993605148438E-17, 1.500000000000000000, 1.742924699575454705E-16 ) ) ;
#2048 = DIRECTION ( 'NONE',  ( 0.000000000000000000, 0.000000000000000000, 1.000000000000000000 ) ) ;
#2049 = ORIENTED_EDGE ( 'NONE', *, *, #2126, .T. ) ;
#2050 = DIRECTION ( 'NONE',  ( 0.000000000000000000, 0.000000000000000000, 1.000000000000000000 ) ) ;
#2051 = VERTEX_POINT ( 'NONE', #287 ) ;
#2052 = EDGE_CURVE ( 'NONE', #1494, #2135, #691, .T. ) ;
#2053 = VERTEX_POINT ( 'NONE', #3309 ) ;
#2054 = CARTESIAN_POINT ( 'NONE',  ( -6.834676493307209277, -1.499999999999999556, 3.088235294117645857 ) ) ;
#2055 = DIRECTION ( 'NONE',  ( 8.673617379884031528E-16, 0.000000000000000000, 1.000000000000000000 ) ) ;
#2056 = AXIS2_PLACEMENT_3D ( 'NONE', #3487, #2018, #1726 ) ;
#2057 = CARTESIAN_POINT ( 'NONE',  ( -8.749999999999996447, 1.500000000000001776, 18.30544456622769545 ) ) ;
#2058 = DIRECTION ( 'NONE',  ( 0.000000000000000000, 0.000000000000000000, 1.000000000000000000 ) ) ;
#2059 = EDGE_CURVE ( 'NONE', #2825, #1125, #2704, .T. ) ;
#2060 = VERTEX_POINT ( 'NONE', #886 ) ;
#2061 = FACE_OUTER_BOUND ( 'NONE', #3440, .T. ) ;
#2062 = ORIENTED_EDGE ( 'NONE', *, *, #1341, .T. ) ;
#2063 = EDGE_CURVE ( 'NONE', #761, #2213, #3272, .T. ) ;
#2064 = DIRECTION ( 'NONE',  ( -0.000000000000000000, -1.000000000000000000, -0.000000000000000000 ) ) ;
#2065 = ORIENTED_EDGE ( 'NONE', *, *, #3700, .F. ) ;
#2066 = DIRECTION ( 'NONE',  ( -0.000000000000000000, 1.000000000000000000, -0.000000000000000000 ) ) ;
#2067 = DIRECTION ( 'NONE',  ( -0.000000000000000000, 1.000000000000000000, -0.000000000000000000 ) ) ;
#2068 = DIRECTION ( 'NONE',  ( -0.000000000000000000, 1.000000000000000000, -0.000000000000000000 ) ) ;
#2069 = ORIENTED_EDGE ( 'NONE', *, *, #2522, .T. ) ;
#2070 = AXIS2_PLACEMENT_3D ( 'NONE', #3472, #766, #2001 ) ;
#2071 = ORIENTED_EDGE ( 'NONE', *, *, #3761, .T. ) ;
#2072 = CARTESIAN_POINT ( 'NONE',  ( 8.750000000000007105, -1.500000000000000000, -13.45544456622769758 ) ) ;
#2073 = CYLINDRICAL_SURFACE ( 'NONE', #2601, 1.000000000000000444 ) ;
#2074 = DIRECTION ( 'NONE',  ( 0.000000000000000000, 1.000000000000000000, -0.000000000000000000 ) ) ;
#2075 = LINE ( 'NONE', #25, #3281 ) ;
#2076 = AXIS2_PLACEMENT_3D ( 'NONE', #3034, #941, #2739 ) ;
#2077 = EDGE_LOOP ( 'NONE', ( #1272, #2033, #2568, #2829 ) ) ;
#2078 = CARTESIAN_POINT ( 'NONE',  ( -9.184850993605148438E-17, -1.499999999999999556, 1.742924699575454705E-16 ) ) ;
#2079 = ORIENTED_EDGE ( 'NONE', *, *, #731, .F. ) ;
#2080 = VECTOR ( 'NONE', #863, 1000.000000000000000 ) ;
#2081 = CARTESIAN_POINT ( 'NONE',  ( -2.165063509463149849, -1.500000000000000000, -1.250000000001184164 ) ) ;
#2082 = EDGE_CURVE ( 'NONE', #354, #2051, #1461, .T. ) ;
#2083 = DIRECTION ( 'NONE',  ( -0.000000000000000000, 1.000000000000000000, -0.000000000000000000 ) ) ;
#2084 = CARTESIAN_POINT ( 'NONE',  ( 4.252989283015875088, 1.500000000000000000, 15.84782784977072367 ) ) ;
#2085 = EDGE_CURVE ( 'NONE', #3357, #220, #2399, .T. ) ;
#2086 = ORIENTED_EDGE ( 'NONE', *, *, #2019, .F. ) ;
#2087 = VECTOR ( 'NONE', #1742, 1000.000000000000000 ) ;
#2088 = EDGE_LOOP ( 'NONE', ( #1956, #3398, #619, #2127, #601, #3304, #445, #840, #2226, #1353, #3038, #2049, #3865, #3156 ) ) ;
#2089 = VECTOR ( 'NONE', #3441, 999.9999999999998863 ) ;
#2090 = CARTESIAN_POINT ( 'NONE',  ( 3.264635279283078617, 1.500000000000000000, -16.99999999999987921 ) ) ;
#2091 = CARTESIAN_POINT ( 'NONE',  ( -8.749999999999998224, 1.500000000000001776, -15.15544456622769509 ) ) ;
#2092 = DIRECTION ( 'NONE',  ( -0.000000000000000000, 1.000000000000000000, -0.000000000000000000 ) ) ;
#2093 = CYLINDRICAL_SURFACE ( 'NONE', #2398, 1.000000000000000888 ) ;
#2094 = ORIENTED_EDGE ( 'NONE', *, *, #3308, .T. ) ;
#2095 = CYLINDRICAL_SURFACE ( 'NONE', #2171, 0.9999999999999974465 ) ;
#2096 = ORIENTED_EDGE ( 'NONE', *, *, #512, .T. ) ;
#2097 = ADVANCED_FACE ( 'NONE', ( #1223 ), #2956, .T. ) ;
#2098 = CIRCLE ( 'NONE', #532, 3.149999999999999911 ) ;
#2099 = LINE ( 'NONE', #1484, #1757 ) ;
#2100 = CARTESIAN_POINT ( 'NONE',  ( 6.904072259454761884, -8.500000000000000000, 4.958203932496853206 ) ) ;
#2101 = AXIS2_PLACEMENT_3D ( 'NONE', #3536, #2283, #1082 ) ;
#2102 = EDGE_CURVE ( 'NONE', #3603, #1388, #3018, .T. ) ;
#2103 = AXIS2_PLACEMENT_3D ( 'NONE', #1596, #1342, #1019 ) ;
#2104 = CARTESIAN_POINT ( 'NONE',  ( 8.750000000000005329, 1.500000000000000000, 13.45544456622769403 ) ) ;
#2105 = DIRECTION ( 'NONE',  ( -0.000000000000000000, 1.000000000000000000, -0.000000000000000000 ) ) ;
#2106 = VERTEX_POINT ( 'NONE', #1190 ) ;
#2107 = CIRCLE ( 'NONE', #1296, 1.699999999999996625 ) ;
#2108 = ORIENTED_EDGE ( 'NONE', *, *, #1382, .T. ) ;
#2109 = CARTESIAN_POINT ( 'NONE',  ( -3.264635279283073288, 1.500000000000000000, -15.99999999999987921 ) ) ;
#2110 = CARTESIAN_POINT ( 'NONE',  ( 13.09011422469390418, -8.500000000000000000, 11.32725708595005898 ) ) ;
#2111 = AXIS2_PLACEMENT_3D ( 'NONE', #1568, #3064, #2449 ) ;
#2112 = DIRECTION ( 'NONE',  ( 0.000000000000000000, 0.000000000000000000, 1.000000000000000000 ) ) ;
#2113 = CARTESIAN_POINT ( 'NONE',  ( -3.264635279283073288, 1.499999999999999556, -16.99999999999987921 ) ) ;
#2114 = CIRCLE ( 'NONE', #926, 1.000000000000002665 ) ;
#2115 = AXIS2_PLACEMENT_3D ( 'NONE', #455, #2455, #684 ) ;
#2116 = ORIENTED_EDGE ( 'NONE', *, *, #1220, .T. ) ;
#2117 = DIRECTION ( 'NONE',  ( 0.000000000000000000, 1.000000000000000000, 0.000000000000000000 ) ) ;
#2118 = ORIENTED_EDGE ( 'NONE', *, *, #3055, .T. ) ;
#2119 = CYLINDRICAL_SURFACE ( 'NONE', #1260, 4.550000000000001599 ) ;
#2120 = EDGE_LOOP ( 'NONE', ( #1508, #2972, #2387, #211 ) ) ;
#2121 = CYLINDRICAL_SURFACE ( 'NONE', #1481, 4.550000000000001599 ) ;
#2122 = LINE ( 'NONE', #3035, #985 ) ;
#2123 = EDGE_CURVE ( 'NONE', #2790, #3538, #3531, .T. ) ;
#2124 = CARTESIAN_POINT ( 'NONE',  ( -6.834676493307208389, -8.500000000000000000, -3.088235294117646745 ) ) ;
#2125 = CARTESIAN_POINT ( 'NONE',  ( -8.749999999999998224, 1.500000000000001776, -12.00544456622769474 ) ) ;
#2126 = EDGE_CURVE ( 'NONE', #384, #974, #1168, .T. ) ;
#2127 = ORIENTED_EDGE ( 'NONE', *, *, #2539, .F. ) ;
#2128 = ORIENTED_EDGE ( 'NONE', *, *, #577, .F. ) ;
#2129 = CARTESIAN_POINT ( 'NONE',  ( 14.72243186433557938, -1.500000000000000000, -8.499999999999959144 ) ) ;
#2130 = ADVANCED_FACE ( 'NONE', ( #597 ), #2119, .T. ) ;
#2131 = DIRECTION ( 'NONE',  ( 0.000000000000000000, 1.000000000000000000, -0.000000000000000000 ) ) ;
#2132 = VECTOR ( 'NONE', #1365, 1000.000000000000000 ) ;
#2133 = ORIENTED_EDGE ( 'NONE', *, *, #3500, .T. ) ;
#2134 = DIRECTION ( 'NONE',  ( -0.000000000000000000, 1.000000000000000000, -0.000000000000000000 ) ) ;
#2135 = VERTEX_POINT ( 'NONE', #1829 ) ;
#2136 = EDGE_CURVE ( 'NONE', #2825, #1841, #1449, .T. ) ;
#2137 = VECTOR ( 'NONE', #3222, 1000.000000000000000 ) ;
#2138 = CARTESIAN_POINT ( 'NONE',  ( -8.749999999999998224, -1.500000000000000000, -15.15544456622769509 ) ) ;
#2139 = ORIENTED_EDGE ( 'NONE', *, *, #1441, .F. ) ;
#2140 = CYLINDRICAL_SURFACE ( 'NONE', #3422, 7.500000000000001776 ) ;
#2141 = DIRECTION ( 'NONE',  ( -0.000000000000000000, 1.000000000000000000, -0.000000000000000000 ) ) ;
#2142 = CARTESIAN_POINT ( 'NONE',  ( -8.749999999999996447, 0.04999999999999665823, 15.15544456622769154 ) ) ;
#2143 = DIRECTION ( 'NONE',  ( 0.000000000000000000, 0.000000000000000000, 1.000000000000000000 ) ) ;
#2144 = ORIENTED_EDGE ( 'NONE', *, *, #138, .F. ) ;
#2145 = EDGE_CURVE ( 'NONE', #1980, #1494, #52, .T. ) ;
#2146 = ORIENTED_EDGE ( 'NONE', *, *, #930, .F. ) ;
#2147 = FACE_OUTER_BOUND ( 'NONE', #3065, .T. ) ;
#2148 = DIRECTION ( 'NONE',  ( -0.000000000000000000, 1.000000000000000000, -0.000000000000000000 ) ) ;
#2149 = EDGE_CURVE ( 'NONE', #3586, #2593, #388, .T. ) ;
#2150 = CIRCLE ( 'NONE', #2665, 1.000000000000000888 ) ;
#2151 = ORIENTED_EDGE ( 'NONE', *, *, #289, .T. ) ;
#2152 = LINE ( 'NONE', #2768, #3380 ) ;
#2153 = ORIENTED_EDGE ( 'NONE', *, *, #1225, .T. ) ;
#2154 = AXIS2_PLACEMENT_3D ( 'NONE', #3744, #1975, #2236 ) ;
#2155 = DIRECTION ( 'NONE',  ( 0.000000000000000000, 1.000000000000000000, 0.000000000000000000 ) ) ;
#2156 = ORIENTED_EDGE ( 'NONE', *, *, #152, .T. ) ;
#2157 = AXIS2_PLACEMENT_3D ( 'NONE', #2308, #2585, #2647 ) ;
#2158 = LINE ( 'NONE', #668, #1051 ) ;
#2159 = CARTESIAN_POINT ( 'NONE',  ( 8.750000000000007105, -8.500000000000000000, -15.15544456622769331 ) ) ;
#2160 = CARTESIAN_POINT ( 'NONE',  ( 11.59812687119611674, -1.499999999999999556, -11.60711068600014784 ) ) ;
#2161 = CIRCLE ( 'NONE', #967, 1.000000000000000888 ) ;
#2162 = DIRECTION ( 'NONE',  ( -0.000000000000000000, 1.000000000000000000, -0.000000000000000000 ) ) ;
#2163 = DIRECTION ( 'NONE',  ( 0.000000000000000000, 1.000000000000000000, -0.000000000000000000 ) ) ;
#2164 = CIRCLE ( 'NONE', #1356, 1.699999999999994849 ) ;
#2165 = ORIENTED_EDGE ( 'NONE', *, *, #3308, .F. ) ;
#2166 = PLANE ( 'NONE',  #660 ) ;
#2167 = ORIENTED_EDGE ( 'NONE', *, *, #837, .F. ) ;
#2168 = CARTESIAN_POINT ( 'NONE',  ( -12.22408882090951288, -8.500000000000000000, 11.82725708595003411 ) ) ;
#2169 = FACE_OUTER_BOUND ( 'NONE', #3876, .T. ) ;
#2170 = EDGE_CURVE ( 'NONE', #3762, #2353, #3727, .T. ) ;
#2171 = AXIS2_PLACEMENT_3D ( 'NONE', #3287, #3602, #47 ) ;
#2172 = ORIENTED_EDGE ( 'NONE', *, *, #3583, .T. ) ;
#2173 = CIRCLE ( 'NONE', #1986, 1.000000000000000888 ) ;
#2174 = AXIS2_PLACEMENT_3D ( 'NONE', #3651, #1209, #18 ) ;
#2175 = CARTESIAN_POINT ( 'NONE',  ( -15.48872410019255597, -8.500000000000000000, 5.172742914049913487 ) ) ;
#2176 = ORIENTED_EDGE ( 'NONE', *, *, #1515, .F. ) ;
#2177 = EDGE_CURVE ( 'NONE', #2965, #618, #3052, .T. ) ;
#2178 = VECTOR ( 'NONE', #3731, 1000.000000000000114 ) ;
#2179 = CARTESIAN_POINT ( 'NONE',  ( 4.431305835112030245, -8.500000000000000000, 12.67524685028481990 ) ) ;
#2180 = ORIENTED_EDGE ( 'NONE', *, *, #2102, .F. ) ;
#2181 = DIRECTION ( 'NONE',  ( 0.000000000000000000, 1.000000000000000000, 0.000000000000000000 ) ) ;
#2182 = FACE_OUTER_BOUND ( 'NONE', #225, .T. ) ;
#2183 = EDGE_CURVE ( 'NONE', #1699, #2895, #958, .T. ) ;
#2184 = DIRECTION ( 'NONE',  ( -0.5000000000000067724, 0.000000000000000000, 0.8660254037844347108 ) ) ;
#2185 = DIRECTION ( 'NONE',  ( 0.000000000000000000, 0.000000000000000000, 1.000000000000000000 ) ) ;
#2186 = ORIENTED_EDGE ( 'NONE', *, *, #3412, .F. ) ;
#2187 = DIRECTION ( 'NONE',  ( -0.000000000000000000, 1.000000000000000000, -0.000000000000000000 ) ) ;
#2188 = VERTEX_POINT ( 'NONE', #1918 ) ;
#2189 = DIRECTION ( 'NONE',  ( 0.000000000000000000, 1.000000000000000000, 0.000000000000000000 ) ) ;
#2190 = DIRECTION ( 'NONE',  ( -0.000000000000000000, 1.000000000000000000, -0.000000000000000000 ) ) ;
#2191 = DIRECTION ( 'NONE',  ( 0.000000000000000000, 0.000000000000000000, 1.000000000000000000 ) ) ;
#2192 = VERTEX_POINT ( 'NONE', #1554 ) ;
#2193 = CARTESIAN_POINT ( 'NONE',  ( 9.627458257820959986, 1.500000000000000000, 9.675246850288791833 ) ) ;
#2194 = EDGE_LOOP ( 'NONE', ( #865, #951, #892, #2215 ) ) ;
#2195 = EDGE_CURVE ( 'NONE', #2769, #875, #682, .T. ) ;
#2196 = CARTESIAN_POINT ( 'NONE',  ( 0.000000000000000000, 1.500000000000000000, 16.99999999999996803 ) ) ;
#2197 = VERTEX_POINT ( 'NONE', #1862 ) ;
#2198 = VECTOR ( 'NONE', #3348, 1000.000000000000000 ) ;
#2199 = CARTESIAN_POINT ( 'NONE',  ( 4.499464137394694419, 1.499999999999999556, 13.53203923153578714 ) ) ;
#2200 = DIRECTION ( 'NONE',  ( -0.000000000000000000, 1.000000000000000000, -0.000000000000000000 ) ) ;
#2201 = FACE_OUTER_BOUND ( 'NONE', #2800, .T. ) ;
#2202 = EDGE_CURVE ( 'NONE', #912, #3341, #1138, .T. ) ;
#2203 = CARTESIAN_POINT ( 'NONE',  ( 8.750000000000007105, -8.500000000000000000, -15.15544456622769331 ) ) ;
#2204 = DIRECTION ( 'NONE',  ( -1.000000000000000000, 0.000000000000000000, 0.000000000000000000 ) ) ;
#2205 = VERTEX_POINT ( 'NONE', #2755 ) ;
#2206 = CARTESIAN_POINT ( 'NONE',  ( 12.22408882090946136, -1.499999999999999556, 11.82725708595006076 ) ) ;
#2207 = EDGE_CURVE ( 'NONE', #2002, #2338, #396, .T. ) ;
#2208 = ORIENTED_EDGE ( 'NONE', *, *, #2082, .T. ) ;
#2209 = DIRECTION ( 'NONE',  ( -0.000000000000000000, 1.000000000000000000, -0.000000000000000000 ) ) ;
#2210 = FACE_OUTER_BOUND ( 'NONE', #833, .T. ) ;
#2211 = EDGE_LOOP ( 'NONE', ( #1999, #1459, #2986, #1799 ) ) ;
#2212 = DIRECTION ( 'NONE',  ( -0.000000000000000000, 1.000000000000000000, -0.000000000000000000 ) ) ;
#2213 = VERTEX_POINT ( 'NONE', #2239 ) ;
#2214 = DIRECTION ( 'NONE',  ( 0.000000000000000000, 0.000000000000000000, 1.000000000000000000 ) ) ;
#2215 = ORIENTED_EDGE ( 'NONE', *, *, #1864, .F. ) ;
#2216 = CIRCLE ( 'NONE', #2728, 1.699999999999996625 ) ;
#2217 = EDGE_CURVE ( 'NONE', #240, #121, #3469, .T. ) ;
#2218 = CARTESIAN_POINT ( 'NONE',  ( 4.431305835109641045, -1.499999999999999556, -12.67524685029108156 ) ) ;
#2219 = LINE ( 'NONE', #2036, #3225 ) ;
#2220 = CARTESIAN_POINT ( 'NONE',  ( 6.904072259451436544, -8.500000000000000000, -4.958203932501485056 ) ) ;
#2221 = EDGE_CURVE ( 'NONE', #504, #1471, #2770, .T. ) ;
#2222 = AXIS2_PLACEMENT_3D ( 'NONE', #3859, #860, #2055 ) ;
#2223 = CARTESIAN_POINT ( 'NONE',  ( 11.54700538379275621, 1.500000000000000000, 19.99999999999987566 ) ) ;
#2224 = CARTESIAN_POINT ( 'NONE',  ( -16.35474950397699700, -1.499999999999999556, 5.672742914049908158 ) ) ;
#2225 = AXIS2_PLACEMENT_3D ( 'NONE', #676, #3640, #1835 ) ;
#2226 = ORIENTED_EDGE ( 'NONE', *, *, #2583, .F. ) ;
#2227 = EDGE_CURVE ( 'NONE', #460, #2336, #3371, .T. ) ;
#2228 = CIRCLE ( 'NONE', #911, 1.000000000000000888 ) ;
#2229 = LINE ( 'NONE', #2818, #1905 ) ;
#2230 = ORIENTED_EDGE ( 'NONE', *, *, #187, .F. ) ;
#2231 = DIRECTION ( 'NONE',  ( -0.000000000000000000, 1.000000000000000000, -0.000000000000000000 ) ) ;
#2232 = EDGE_CURVE ( 'NONE', #3418, #1397, #3428, .T. ) ;
#2233 = CIRCLE ( 'NONE', #226, 4.550000000000002487 ) ;
#2234 = ORIENTED_EDGE ( 'NONE', *, *, #3712, .F. ) ;
#2235 = LINE ( 'NONE', #3199, #983 ) ;
#2236 = DIRECTION ( 'NONE',  ( 0.000000000000000000, 0.000000000000000000, 1.000000000000000000 ) ) ;
#2237 = AXIS2_PLACEMENT_3D ( 'NONE', #641, #1840, #1011 ) ;
#2238 = ORIENTED_EDGE ( 'NONE', *, *, #3191, .F. ) ;
#2239 = CARTESIAN_POINT ( 'NONE',  ( -4.000000000000000000, 1.500000000000000000, 1.800000000000000044 ) ) ;
#2240 = VERTEX_POINT ( 'NONE', #2828 ) ;
#2241 = CYLINDRICAL_SURFACE ( 'NONE', #247, 1.699999999999996625 ) ;
#2242 = DIRECTION ( 'NONE',  ( 0.000000000000000000, 0.000000000000000000, 1.000000000000000000 ) ) ;
#2243 = DIRECTION ( 'NONE',  ( 0.000000000000000000, 0.000000000000000000, 1.000000000000000000 ) ) ;
#2244 = DIRECTION ( 'NONE',  ( 0.000000000000000000, 1.000000000000000000, -0.000000000000000000 ) ) ;
#2245 = AXIS2_PLACEMENT_3D ( 'NONE', #2813, #2181, #1593 ) ;
#2246 = ORIENTED_EDGE ( 'NONE', *, *, #3457, .T. ) ;
#2247 = EDGE_CURVE ( 'NONE', #3341, #755, #3748, .T. ) ;
#2248 = DIRECTION ( 'NONE',  ( 0.000000000000000000, 1.000000000000000000, 0.000000000000000000 ) ) ;
#2249 = EDGE_CURVE ( 'NONE', #832, #2993, #1763, .T. ) ;
#2250 = ORIENTED_EDGE ( 'NONE', *, *, #3561, .F. ) ;
#2251 = CARTESIAN_POINT ( 'NONE',  ( 17.50000000000001421, -1.500000000000000000, 1.700000000000001510 ) ) ;
#2252 = EDGE_CURVE ( 'NONE', #2336, #552, #2264, .T. ) ;
#2253 = ORIENTED_EDGE ( 'NONE', *, *, #1248, .F. ) ;
#2254 = DIRECTION ( 'NONE',  ( 0.000000000000000000, 0.000000000000000000, 1.000000000000000000 ) ) ;
#2255 = DIRECTION ( 'NONE',  ( -0.5000000000000008882, 0.000000000000000000, -0.8660254037844380415 ) ) ;
#2256 = ORIENTED_EDGE ( 'NONE', *, *, #3313, .T. ) ;
#2257 = EDGE_CURVE ( 'NONE', #2205, #3810, #2830, .T. ) ;
#2258 = CARTESIAN_POINT ( 'NONE',  ( -17.50000000000000355, 1.500000000000001776, -1.655234598692008349E-14 ) ) ;
#2259 = ORIENTED_EDGE ( 'NONE', *, *, #617, .T. ) ;
#2260 = CIRCLE ( 'NONE', #385, 1.000000000000000888 ) ;
#2261 = LINE ( 'NONE', #3169, #3755 ) ;
#2262 = DIRECTION ( 'NONE',  ( 0.000000000000000000, 0.000000000000000000, 1.000000000000000000 ) ) ;
#2263 = VERTEX_POINT ( 'NONE', #1255 ) ;
#2264 = CIRCLE ( 'NONE', #575, 1.000000000000001776 ) ;
#2265 = DIRECTION ( 'NONE',  ( -0.000000000000000000, 1.000000000000000000, -0.000000000000000000 ) ) ;
#2266 = DIRECTION ( 'NONE',  ( 0.000000000000000000, 0.000000000000000000, 1.000000000000000000 ) ) ;
#2267 = VERTEX_POINT ( 'NONE', #2452 ) ;
#2268 = FACE_BOUND ( 'NONE', #2696, .T. ) ;
#2269 = AXIS2_PLACEMENT_3D ( 'NONE', #606, #3325, #2714 ) ;
#2270 = EDGE_CURVE ( 'NONE', #1149, #1980, #3663, .T. ) ;
#2271 = ORIENTED_EDGE ( 'NONE', *, *, #2136, .T. ) ;
#2272 = LINE ( 'NONE', #1196, #1612 ) ;
#2273 = CARTESIAN_POINT ( 'NONE',  ( 0.8418944329592915610, -1.499999999999999556, -7.458203932499627875 ) ) ;
#2274 = ORIENTED_EDGE ( 'NONE', *, *, #737, .F. ) ;
#2275 = CARTESIAN_POINT ( 'NONE',  ( 7.745966692414836707, -1.499999999999999556, 2.500000000000000444 ) ) ;
#2276 = ORIENTED_EDGE ( 'NONE', *, *, #1441, .T. ) ;
#2277 =( GEOMETRIC_REPRESENTATION_CONTEXT ( 3 ) GLOBAL_UNCERTAINTY_ASSIGNED_CONTEXT ( ( #399 ) ) GLOBAL_UNIT_ASSIGNED_CONTEXT ( ( #2518, #1338, #1594 ) ) REPRESENTATION_CONTEXT ( 'NONE', 'WORKASPACE' ) );
#2278 = CARTESIAN_POINT ( 'NONE',  ( 17.50000000000001776, -8.500000000000000000, -5.650474260863225751E-15 ) ) ;
#2279 = AXIS2_PLACEMENT_3D ( 'NONE', #3402, #1620, #1872 ) ;
#2280 = DIRECTION ( 'NONE',  ( -0.000000000000000000, 1.000000000000000000, -0.000000000000000000 ) ) ;
#2281 = ORIENTED_EDGE ( 'NONE', *, *, #3794, .F. ) ;
#2282 = VECTOR ( 'NONE', #3027, 1000.000000000000000 ) ;
#2283 = DIRECTION ( 'NONE',  ( 0.000000000000000000, 1.000000000000000000, -0.000000000000000000 ) ) ;
#2284 = LINE ( 'NONE', #3496, #2489 ) ;
#2285 = ORIENTED_EDGE ( 'NONE', *, *, #2876, .F. ) ;
#2286 = DIRECTION ( 'NONE',  ( 0.000000000000000000, 0.7071067811865479058, 0.7071067811865471286 ) ) ;
#2287 = AXIS2_PLACEMENT_3D ( 'NONE', #970, #3078, #390 ) ;
#2288 = EDGE_CURVE ( 'NONE', #110, #1494, #1274, .T. ) ;
#2289 = ORIENTED_EDGE ( 'NONE', *, *, #1024, .T. ) ;
#2290 = LINE ( 'NONE', #1936, #2303 ) ;
#2291 = DIRECTION ( 'NONE',  ( 0.000000000000000000, 1.000000000000000000, -0.000000000000000000 ) ) ;
#2292 = AXIS2_PLACEMENT_3D ( 'NONE', #2745, #57, #3315 ) ;
#2293 = CARTESIAN_POINT ( 'NONE',  ( -8.749999999999996447, -1.500000000000000000, 15.15544456622769154 ) ) ;
#2294 = ORIENTED_EDGE ( 'NONE', *, *, #2715, .T. ) ;
#2295 = CARTESIAN_POINT ( 'NONE',  ( -1.990540770086660026E-16, -8.500000000000000000, -2.499999999999999556 ) ) ;
#2296 = ORIENTED_EDGE ( 'NONE', *, *, #2440, .T. ) ;
#2297 = EDGE_CURVE ( 'NONE', #1080, #680, #979, .T. ) ;
#2298 = CARTESIAN_POINT ( 'NONE',  ( 7.745966692414836707, -1.499999999999999556, -2.500000000000000000 ) ) ;
#2299 = CIRCLE ( 'NONE', #1982, 1.000000000000000888 ) ;
#2300 = DIRECTION ( 'NONE',  ( 0.000000000000000000, 0.000000000000000000, 1.000000000000000000 ) ) ;
#2301 = CARTESIAN_POINT ( 'NONE',  ( -16.35474950397699700, 1.500000000000000000, 5.672742914049908158 ) ) ;
#2302 = ADVANCED_FACE ( 'NONE', ( #105 ), #1576, .F. ) ;
#2303 = VECTOR ( 'NONE', #3143, 1000.000000000000000 ) ;
#2304 = ORIENTED_EDGE ( 'NONE', *, *, #338, .F. ) ;
#2305 = CIRCLE ( 'NONE', #488, 3.150000000000001688 ) ;
#2306 = AXIS2_PLACEMENT_3D ( 'NONE', #86, #981, #2791 ) ;
#2307 = CYLINDRICAL_SURFACE ( 'NONE', #477, 1.000000000000000444 ) ;
#2308 = CARTESIAN_POINT ( 'NONE',  ( 8.750000000000007105, 1.500000000000000000, -15.15544456622769331 ) ) ;
#2309 = VERTEX_POINT ( 'NONE', #2275 ) ;
#2310 = DIRECTION ( 'NONE',  ( 0.000000000000000000, 0.000000000000000000, 1.000000000000000000 ) ) ;
#2311 = EDGE_LOOP ( 'NONE', ( #133, #2116, #1873, #2186 ) ) ;
#2312 = CARTESIAN_POINT ( 'NONE',  ( 8.750000000000005329, 1.500000000000001776, 15.15544456622768976 ) ) ;
#2313 = DIRECTION ( 'NONE',  ( -0.000000000000000000, 1.000000000000000000, -0.000000000000000000 ) ) ;
#2314 = FACE_OUTER_BOUND ( 'NONE', #489, .T. ) ;
#2315 = CARTESIAN_POINT ( 'NONE',  ( 0.000000000000000000, 1.500000000000000000, 0.000000000000000000 ) ) ;
#2316 = EDGE_CURVE ( 'NONE', #832, #3747, #1119, .T. ) ;
#2317 = ORIENTED_EDGE ( 'NONE', *, *, #551, .F. ) ;
#2318 = DIRECTION ( 'NONE',  ( -0.000000000000000000, 1.000000000000000000, -0.000000000000000000 ) ) ;
#2319 = ORIENTED_EDGE ( 'NONE', *, *, #1765, .T. ) ;
#2320 = FACE_OUTER_BOUND ( 'NONE', #999, .T. ) ;
#2321 = ADVANCED_FACE ( 'NONE', ( #3766 ), #2594, .T. ) ;
#2322 = DIRECTION ( 'NONE',  ( 0.000000000000000000, 1.000000000000000000, 0.000000000000000000 ) ) ;
#2323 = ORIENTED_EDGE ( 'NONE', *, *, #2026, .F. ) ;
#2324 = AXIS2_PLACEMENT_3D ( 'NONE', #904, #3890, #1811 ) ;
#2325 = EDGE_CURVE ( 'NONE', #3321, #2978, #1664, .T. ) ;
#2326 = FACE_OUTER_BOUND ( 'NONE', #349, .T. ) ;
#2327 = LINE ( 'NONE', #274, #2673 ) ;
#2328 = EDGE_LOOP ( 'NONE', ( #357, #314 ) ) ;
#2329 = CARTESIAN_POINT ( 'NONE',  ( -17.50000000000000355, -8.500000000000000000, -1.655234598692008349E-14 ) ) ;
#2330 = VECTOR ( 'NONE', #359, 1000.000000000000000 ) ;
#2331 = ORIENTED_EDGE ( 'NONE', *, *, #2901, .T. ) ;
#2332 = EDGE_LOOP ( 'NONE', ( #492, #3116, #1151, #26 ) ) ;
#2333 = CYLINDRICAL_SURFACE ( 'NONE', #3557, 1.699999999999996625 ) ;
#2334 = LINE ( 'NONE', #3616, #1655 ) ;
#2335 = CARTESIAN_POINT ( 'NONE',  ( 1.707919836743731157, -1.499999999999999556, -7.958203932499630540 ) ) ;
#2336 = VERTEX_POINT ( 'NONE', #167 ) ;
#2337 = CARTESIAN_POINT ( 'NONE',  ( -8.749999999999998224, -1.499999999999999556, -15.15544456622769509 ) ) ;
#2338 = VERTEX_POINT ( 'NONE', #3449 ) ;
#2339 = DIRECTION ( 'NONE',  ( 0.8660254037844387076, 0.000000000000000000, 0.5000000000000000000 ) ) ;
#2340 = CARTESIAN_POINT ( 'NONE',  ( 8.750000000000007105, 0.04999999999999665823, -13.45544456622769758 ) ) ;
#2341 = CARTESIAN_POINT ( 'NONE',  ( 13.19273868914365799, -1.499999999999999556, -2.500000000000000444 ) ) ;
#2342 = CIRCLE ( 'NONE', #643, 1.699999999999996625 ) ;
#2343 = EDGE_LOOP ( 'NONE', ( #2360, #100, #918, #3884 ) ) ;
#2344 = CIRCLE ( 'NONE', #645, 0.9999999999999991118 ) ;
#2345 = DIRECTION ( 'NONE',  ( 1.000000000000000000, 0.000000000000000000, -1.051620219116008738E-14 ) ) ;
#2346 = DIRECTION ( 'NONE',  ( 0.000000000000000000, 0.000000000000000000, 1.000000000000000000 ) ) ;
#2347 = ORIENTED_EDGE ( 'NONE', *, *, #3207, .T. ) ;
#2348 = DIRECTION ( 'NONE',  ( -0.000000000000000000, 1.000000000000000000, -0.000000000000000000 ) ) ;
#2349 = VECTOR ( 'NONE', #2231, 1000.000000000000000 ) ;
#2350 = ORIENTED_EDGE ( 'NONE', *, *, #2123, .F. ) ;
#2351 = CIRCLE ( 'NONE', #223, 1.000000000000000888 ) ;
#2352 = VECTOR ( 'NONE', #3537, 1000.000000000000000 ) ;
#2353 = VERTEX_POINT ( 'NONE', #3800 ) ;
#2354 = LINE ( 'NONE', #893, #2359 ) ;
#2355 = DIRECTION ( 'NONE',  ( 0.000000000000000000, 0.000000000000000000, 1.000000000000000000 ) ) ;
#2356 = EDGE_CURVE ( 'NONE', #276, #433, #1376, .T. ) ;
#2357 = CARTESIAN_POINT ( 'NONE',  ( 11.54700538379247732, 1.500000000000000000, -20.00000000000004263 ) ) ;
#2358 = DIRECTION ( 'NONE',  ( 0.000000000000000000, 1.000000000000000000, -0.000000000000000000 ) ) ;
#2359 = VECTOR ( 'NONE', #6, 1000.000000000000000 ) ;
#2360 = ORIENTED_EDGE ( 'NONE', *, *, #1860, .F. ) ;
#2361 = VECTOR ( 'NONE', #2500, 1000.000000000000000 ) ;
#2362 = DIRECTION ( 'NONE',  ( 0.4999999999999997224, 0.000000000000000000, -0.8660254037844387076 ) ) ;
#2363 = VERTEX_POINT ( 'NONE', #2932 ) ;
#2364 = CIRCLE ( 'NONE', #3373, 1.000000000000000888 ) ;
#2365 = DIRECTION ( 'NONE',  ( 8.659560562354927928E-17, 0.7071067811865479058, -0.7071067811865471286 ) ) ;
#2366 = VECTOR ( 'NONE', #343, 1000.000000000000000 ) ;
#2367 = ORIENTED_EDGE ( 'NONE', *, *, #573, .F. ) ;
#2368 = CIRCLE ( 'NONE', #2557, 3.149999999999999911 ) ;
#2369 = CARTESIAN_POINT ( 'NONE',  ( -8.749999999999996447, 1.500000000000001776, 15.15544456622769154 ) ) ;
#2370 = CARTESIAN_POINT ( 'NONE',  ( -0.8418944329644685309, 1.500000000000000000, 8.458203932499115396 ) ) ;
#2371 = CARTESIAN_POINT ( 'NONE',  ( 7.745966692414836707, -1.499999999999999556, 3.500000000000000888 ) ) ;
#2372 = ORIENTED_EDGE ( 'NONE', *, *, #813, .T. ) ;
#2373 = VERTEX_POINT ( 'NONE', #221 ) ;
#2374 = CARTESIAN_POINT ( 'NONE',  ( -1.990540770086669147E-16, -8.500000000000000000, -2.500000000000000000 ) ) ;
#2375 = DIRECTION ( 'NONE',  ( -0.000000000000000000, 1.000000000000000000, -0.000000000000000000 ) ) ;
#2376 = LINE ( 'NONE', #42, #1838 ) ;
#2377 = LINE ( 'NONE', #1200, #1264 ) ;
#2378 = EDGE_CURVE ( 'NONE', #1691, #2570, #268, .T. ) ;
#2379 = EDGE_LOOP ( 'NONE', ( #208, #1084, #1927, #3828 ) ) ;
#2380 = CARTESIAN_POINT ( 'NONE',  ( -12.22408882090944182, 1.500000000000000000, -10.82725708595006431 ) ) ;
#2381 = ORIENTED_EDGE ( 'NONE', *, *, #3514, .T. ) ;
#2382 = DIRECTION ( 'NONE',  ( 0.000000000000000000, 0.000000000000000000, 1.000000000000000000 ) ) ;
#2383 = ORIENTED_EDGE ( 'NONE', *, *, #1770, .T. ) ;
#2384 = CARTESIAN_POINT ( 'NONE',  ( 3.565280431325201338, -1.499999999999999556, -13.17524685029108156 ) ) ;
#2385 = CARTESIAN_POINT ( 'NONE',  ( -12.22408882090951288, 1.500000000000000000, 10.82725708595003411 ) ) ;
#2386 = EDGE_CURVE ( 'NONE', #2405, #3869, #2368, .T. ) ;
#2387 = ORIENTED_EDGE ( 'NONE', *, *, #1605, .F. ) ;
#2388 = VECTOR ( 'NONE', #1440, 1000.000000000000000 ) ;
#2389 = ORIENTED_EDGE ( 'NONE', *, *, #2762, .T. ) ;
#2390 = CARTESIAN_POINT ( 'NONE',  ( 3.264635279283097713, -1.499999999999999556, 15.99999999999996625 ) ) ;
#2391 = DIRECTION ( 'NONE',  ( 0.000000000000000000, 1.000000000000000000, 0.000000000000000000 ) ) ;
#2392 = DIRECTION ( 'NONE',  ( 0.000000000000000000, 0.000000000000000000, 1.000000000000000000 ) ) ;
#2393 = FACE_OUTER_BOUND ( 'NONE', #1406, .T. ) ;
#2394 = ADVANCED_FACE ( 'NONE', ( #781 ), #3570, .F. ) ;
#2395 = ORIENTED_EDGE ( 'NONE', *, *, #2758, .T. ) ;
#2396 = CARTESIAN_POINT ( 'NONE',  ( -4.000000000000000000, -1.500000000000000000, 3.000000000000000000 ) ) ;
#2397 = ORIENTED_EDGE ( 'NONE', *, *, #2804, .F. ) ;
#2398 = AXIS2_PLACEMENT_3D ( 'NONE', #2970, #281, #1476 ) ;
#2399 = LINE ( 'NONE', #2661, #2198 ) ;
#2400 = DIRECTION ( 'NONE',  ( 0.000000000000000000, 0.000000000000000000, 1.000000000000000000 ) ) ;
#2401 = PLANE ( 'NONE',  #2694 ) ;
#2402 = CARTESIAN_POINT ( 'NONE',  ( 6.038046855670324398, -8.500000000000000000, 5.458203932496853206 ) ) ;
#2403 = VERTEX_POINT ( 'NONE', #3529 ) ;
#2404 = VECTOR ( 'NONE', #3565, 1000.000000000000000 ) ;
#2405 = VERTEX_POINT ( 'NONE', #2848 ) ;
#2406 = CIRCLE ( 'NONE', #1346, 1.000000000000000888 ) ;
#2407 = DIRECTION ( 'NONE',  ( 0.000000000000000000, 1.000000000000000000, 0.000000000000000000 ) ) ;
#2408 = CARTESIAN_POINT ( 'NONE',  ( 17.50000000000001421, 1.500000000000001776, -3.149999999999995470 ) ) ;
#2409 = CARTESIAN_POINT ( 'NONE',  ( 8.750000000000005329, -1.500000000000000000, 16.85544456622768550 ) ) ;
#2410 = LINE ( 'NONE', #3029, #888 ) ;
#2411 = CIRCLE ( 'NONE', #2222, 1.000000000000000444 ) ;
#2412 = ORIENTED_EDGE ( 'NONE', *, *, #381, .T. ) ;
#2413 = DIRECTION ( 'NONE',  ( 0.000000000000000000, 0.000000000000000000, 1.000000000000000000 ) ) ;
#2414 = ORIENTED_EDGE ( 'NONE', *, *, #3637, .T. ) ;
#2415 = EDGE_CURVE ( 'NONE', #2448, #3799, #1420, .T. ) ;
#2416 = CIRCLE ( 'NONE', #655, 1.000000000000000888 ) ;
#2417 = ADVANCED_FACE ( 'NONE', ( #1435 ), #1056, .F. ) ;
#2418 = DIRECTION ( 'NONE',  ( 1.000000000000000000, 0.000000000000000000, -7.962163080346676589E-17 ) ) ;
#2419 = DIRECTION ( 'NONE',  ( 0.000000000000000000, 0.000000000000000000, 1.000000000000000000 ) ) ;
#2420 = ADVANCED_FACE ( 'NONE', ( #3484 ), #762, .F. ) ;
#2421 = VECTOR ( 'NONE', #1040, 1000.000000000000000 ) ;
#2422 = CARTESIAN_POINT ( 'NONE',  ( -6.904072259454470561, -8.500000000000000000, 4.958203932497259991 ) ) ;
#2423 = DIRECTION ( 'NONE',  ( -0.000000000000000000, 1.000000000000000000, -0.000000000000000000 ) ) ;
#2424 = ORIENTED_EDGE ( 'NONE', *, *, #1861, .F. ) ;
#2425 = CIRCLE ( 'NONE', #728, 0.9999999999999974465 ) ;
#2426 = ORIENTED_EDGE ( 'NONE', *, *, #922, .T. ) ;
#2427 = CARTESIAN_POINT ( 'NONE',  ( -3.199999999999999734, 1.500000000000000000, -2.399999999999999911 ) ) ;
#2428 = CARTESIAN_POINT ( 'NONE',  ( -9.627458257820350696, 1.500000000000000000, 9.675246850288658607 ) ) ;
#2429 = CIRCLE ( 'NONE', #736, 1.000000000000000888 ) ;
#2430 = ORIENTED_EDGE ( 'NONE', *, *, #2975, .F. ) ;
#2431 = CARTESIAN_POINT ( 'NONE',  ( -13.19273868914366332, -1.499999999999999556, 2.500000000000001332 ) ) ;
#2432 = VERTEX_POINT ( 'NONE', #3164 ) ;
#2433 = ADVANCED_FACE ( 'NONE', ( #2574 ), #55, .F. ) ;
#2434 = FACE_BOUND ( 'NONE', #123, .T. ) ;
#2435 = ORIENTED_EDGE ( 'NONE', *, *, #503, .T. ) ;
#2436 = CARTESIAN_POINT ( 'NONE',  ( 9.469357670820771844, -1.499999999999999556, -10.66266986216881563 ) ) ;
#2437 = EDGE_CURVE ( 'NONE', #3671, #1851, #2685, .T. ) ;
#2438 = CARTESIAN_POINT ( 'NONE',  ( 0.000000000000000000, -1.500000000000000000, 5.000000000000000000 ) ) ;
#2439 = DIRECTION ( 'NONE',  ( 0.000000000000000000, 1.000000000000000000, 0.000000000000000000 ) ) ;
#2440 = EDGE_CURVE ( 'NONE', #744, #1266, #1394, .T. ) ;
#2441 = ORIENTED_EDGE ( 'NONE', *, *, #1239, .T. ) ;
#2442 = ADVANCED_FACE ( 'NONE', ( #1998 ), #509, .F. ) ;
#2443 = ORIENTED_EDGE ( 'NONE', *, *, #3606, .T. ) ;
#2444 = DIRECTION ( 'NONE',  ( -0.000000000000000000, 1.000000000000000000, -0.000000000000000000 ) ) ;
#2445 = CARTESIAN_POINT ( 'NONE',  ( -6.038046855666712176, -1.499999999999999556, -5.458203932501884736 ) ) ;
#2446 = CYLINDRICAL_SURFACE ( 'NONE', #285, 1.699999999999996625 ) ;
#2447 = AXIS2_PLACEMENT_3D ( 'NONE', #3715, #688, #3093 ) ;
#2448 = VERTEX_POINT ( 'NONE', #3547 ) ;
#2449 = DIRECTION ( 'NONE',  ( 0.000000000000000000, 0.000000000000000000, 1.000000000000000000 ) ) ;
#2450 = ORIENTED_EDGE ( 'NONE', *, *, #245, .F. ) ;
#2451 = AXIS2_PLACEMENT_3D ( 'NONE', #3086, #1335, #1570 ) ;
#2452 = CARTESIAN_POINT ( 'NONE',  ( 8.761432854029905570, -1.499999999999999556, -10.17524685028773845 ) ) ;
#2453 = ORIENTED_EDGE ( 'NONE', *, *, #1194, .F. ) ;
#2454 = AXIS2_PLACEMENT_3D ( 'NONE', #2731, #1822, #2700 ) ;
#2455 = DIRECTION ( 'NONE',  ( 0.000000000000000000, 1.000000000000000000, 0.000000000000000000 ) ) ;
#2456 = EDGE_CURVE ( 'NONE', #891, #1380, #2425, .T. ) ;
#2457 = CARTESIAN_POINT ( 'NONE',  ( 9.627458257820959986, -8.500000000000000000, 9.675246850288791833 ) ) ;
#2458 = CARTESIAN_POINT ( 'NONE',  ( -3.264635279283147007, -8.500000000000000000, 16.99999999999996803 ) ) ;
#2459 = ORIENTED_EDGE ( 'NONE', *, *, #1770, .F. ) ;
#2460 = CARTESIAN_POINT ( 'NONE',  ( -3.565280431327402244, -1.499999999999999556, 13.17524685028541320 ) ) ;
#2461 = EDGE_CURVE ( 'NONE', #3644, #2192, #3032, .T. ) ;
#2462 = EDGE_LOOP ( 'NONE', ( #2094, #1064, #1103, #2383 ) ) ;
#2463 = CARTESIAN_POINT ( 'NONE',  ( -9.184850993605148438E-17, -8.500000000000000000, 7.500000000000001776 ) ) ;
#2464 = VECTOR ( 'NONE', #1898, 1000.000000000000000 ) ;
#2465 = LINE ( 'NONE', #953, #3741 ) ;
#2466 = CIRCLE ( 'NONE', #2516, 1.000000000000000888 ) ;
#2467 = ADVANCED_FACE ( 'NONE', ( #553 ), #2095, .F. ) ;
#2468 = ORIENTED_EDGE ( 'NONE', *, *, #1960, .T. ) ;
#2469 = FACE_OUTER_BOUND ( 'NONE', #2886, .T. ) ;
#2470 = ORIENTED_EDGE ( 'NONE', *, *, #3334, .F. ) ;
#2471 = AXIS2_PLACEMENT_3D ( 'NONE', #1135, #1452, #2653 ) ;
#2472 = DIRECTION ( 'NONE',  ( 0.000000000000000000, 0.7071067811865479058, 0.7071067811865471286 ) ) ;
#2473 = EDGE_LOOP ( 'NONE', ( #2907, #3699, #3136, #3040 ) ) ;
#2474 = CARTESIAN_POINT ( 'NONE',  ( 8.750000000000005329, 1.500000000000000000, 15.15544456622768088 ) ) ;
#2475 = DIRECTION ( 'NONE',  ( 0.000000000000000000, 1.000000000000000000, -0.000000000000000000 ) ) ;
#2476 = VECTOR ( 'NONE', #3322, 1000.000000000000114 ) ;
#2477 = LINE ( 'NONE', #2223, #1852 ) ;
#2478 = FACE_OUTER_BOUND ( 'NONE', #2473, .T. ) ;
#2479 = AXIS2_PLACEMENT_3D ( 'NONE', #3212, #2881, #2584 ) ;
#2480 = EDGE_LOOP ( 'NONE', ( #1725, #1546, #1392, #696 ) ) ;
#2481 = DIRECTION ( 'NONE',  ( -0.8660254037844388186, 0.000000000000000000, -0.4999999999999996669 ) ) ;
#2482 = ORIENTED_EDGE ( 'NONE', *, *, #902, .F. ) ;
#2483 = CARTESIAN_POINT ( 'NONE',  ( -8.749999999999998224, 1.500000000000001776, -15.15544456622769509 ) ) ;
#2484 = CARTESIAN_POINT ( 'NONE',  ( -9.184850993605148438E-17, -8.500000000000000000, 1.742924699575454705E-16 ) ) ;
#2485 = CIRCLE ( 'NONE', #978, 1.000000000000000888 ) ;
#2486 = EDGE_CURVE ( 'NONE', #1149, #110, #920, .T. ) ;
#2487 = ORIENTED_EDGE ( 'NONE', *, *, #1563, .F. ) ;
#2488 = CIRCLE ( 'NONE', #3888, 1.000000000000000444 ) ;
#2489 = VECTOR ( 'NONE', #1690, 1000.000000000000000 ) ;
#2490 = CARTESIAN_POINT ( 'NONE',  ( 15.85111615421197762, 1.500000000000000000, -4.240717163770688636 ) ) ;
#2491 = EDGE_LOOP ( 'NONE', ( #2424, #2347, #2510, #3262 ) ) ;
#2492 = ADVANCED_FACE ( 'NONE', ( #2061 ), #3270, .F. ) ;
#2493 = AXIS2_PLACEMENT_3D ( 'NONE', #457, #128, #1320 ) ;
#2494 = EDGE_CURVE ( 'NONE', #2778, #20, #841, .T. ) ;
#2495 = DIRECTION ( 'NONE',  ( -0.000000000000000000, 1.000000000000000000, -0.000000000000000000 ) ) ;
#2496 = EDGE_LOOP ( 'NONE', ( #1069, #1592, #2441, #2319 ) ) ;
#2497 = DIRECTION ( 'NONE',  ( 0.000000000000000000, 1.000000000000000000, 0.000000000000000000 ) ) ;
#2498 = DIRECTION ( 'NONE',  ( 0.000000000000000000, 0.000000000000000000, 1.000000000000000000 ) ) ;
#2499 = DIRECTION ( 'NONE',  ( -0.000000000000000000, 1.000000000000000000, -0.000000000000000000 ) ) ;
#2500 = DIRECTION ( 'NONE',  ( -0.000000000000000000, 1.000000000000000000, -0.000000000000000000 ) ) ;
#2501 = CYLINDRICAL_SURFACE ( 'NONE', #75, 4.549999999999998934 ) ;
#2502 = DIRECTION ( 'NONE',  ( 0.000000000000000000, 0.000000000000000000, 1.000000000000000000 ) ) ;
#2503 = ORIENTED_EDGE ( 'NONE', *, *, #1244, .T. ) ;
#2504 = DIRECTION ( 'NONE',  ( 0.000000000000000000, 0.000000000000000000, 1.000000000000000000 ) ) ;
#2505 = ORIENTED_EDGE ( 'NONE', *, *, #3541, .T. ) ;
#2506 = LINE ( 'NONE', #952, #3108 ) ;
#2507 = DIRECTION ( 'NONE',  ( 0.000000000000000000, 0.000000000000000000, 1.000000000000000000 ) ) ;
#2508 = CYLINDRICAL_SURFACE ( 'NONE', #711, 7.500000000000001776 ) ;
#2509 = EDGE_CURVE ( 'NONE', #329, #132, #2485, .T. ) ;
#2510 = ORIENTED_EDGE ( 'NONE', *, *, #3023, .T. ) ;
#2511 = CARTESIAN_POINT ( 'NONE',  ( -8.761432854029347794, 1.500000000000000000, -10.17524685028766029 ) ) ;
#2512 = ORIENTED_EDGE ( 'NONE', *, *, #2798, .F. ) ;
#2513 = EDGE_CURVE ( 'NONE', #1756, #1442, #2717, .T. ) ;
#2514 = CARTESIAN_POINT ( 'NONE',  ( 16.35474950397707161, -8.500000000000000000, -5.672742914049951679 ) ) ;
#2515 = ORIENTED_EDGE ( 'NONE', *, *, #376, .T. ) ;
#2516 = AXIS2_PLACEMENT_3D ( 'NONE', #2385, #2163, #3376 ) ;
#2517 = DIRECTION ( 'NONE',  ( 0.000000000000000000, 0.000000000000000000, 1.000000000000000000 ) ) ;
#2518 =( LENGTH_UNIT ( ) NAMED_UNIT ( * ) SI_UNIT ( .MILLI., .METRE. ) );
#2519 = CARTESIAN_POINT ( 'NONE',  ( 15.48872410019262880, -8.500000000000000000, -5.172742914049958785 ) ) ;
#2520 = DIRECTION ( 'NONE',  ( -0.000000000000000000, 1.000000000000000000, -0.000000000000000000 ) ) ;
#2521 = LINE ( 'NONE', #1079, #1257 ) ;
#2522 = EDGE_CURVE ( 'NONE', #1717, #980, #3182, .T. ) ;
#2523 = ORIENTED_EDGE ( 'NONE', *, *, #2509, .T. ) ;
#2524 = LINE ( 'NONE', #732, #1033 ) ;
#2525 = ORIENTED_EDGE ( 'NONE', *, *, #2183, .T. ) ;
#2526 = CARTESIAN_POINT ( 'NONE',  ( 8.750000000000007105, -1.500000000000000000, -15.15544456622769331 ) ) ;
#2527 = CARTESIAN_POINT ( 'NONE',  ( -11.59812687119609365, -1.499999999999999556, 11.60711068600005191 ) ) ;
#2528 = ORIENTED_EDGE ( 'NONE', *, *, #2509, .F. ) ;
#2529 = DIRECTION ( 'NONE',  ( 0.000000000000000000, 1.000000000000000000, 0.000000000000000000 ) ) ;
#2530 = DIRECTION ( 'NONE',  ( 0.000000000000000000, 0.7071067811865479058, 0.7071067811865471286 ) ) ;
#2531 = AXIS2_PLACEMENT_3D ( 'NONE', #2293, #2655, #1234 ) ;
#2532 = VERTEX_POINT ( 'NONE', #1808 ) ;
#2533 = DIRECTION ( 'NONE',  ( 0.000000000000000000, 1.000000000000000000, -0.000000000000000000 ) ) ;
#2534 = ORIENTED_EDGE ( 'NONE', *, *, #358, .T. ) ;
#2535 = ADVANCED_FACE ( 'NONE', ( #3328 ), #304, .F. ) ;
#2536 = LINE ( 'NONE', #3451, #3320 ) ;
#2537 = DIRECTION ( 'NONE',  ( -0.000000000000000000, 1.000000000000000000, -0.000000000000000000 ) ) ;
#2538 = CARTESIAN_POINT ( 'NONE',  ( -17.50000000000000355, 1.500000000000000000, -1.655234598692008349E-14 ) ) ;
#2539 = EDGE_CURVE ( 'NONE', #276, #3538, #109, .T. ) ;
#2540 = VECTOR ( 'NONE', #1820, 1000.000000000000000 ) ;
#2541 = VECTOR ( 'NONE', #1968, 1000.000000000000000 ) ;
#2542 = FACE_OUTER_BOUND ( 'NONE', #1904, .T. ) ;
#2543 = DIRECTION ( 'NONE',  ( -0.000000000000000000, 1.000000000000000000, -0.000000000000000000 ) ) ;
#2544 = CIRCLE ( 'NONE', #103, 1.000000000000000888 ) ;
#2545 = EDGE_LOOP ( 'NONE', ( #3031, #1411, #607, #2879 ) ) ;
#2546 = EDGE_CURVE ( 'NONE', #3124, #197, #1458, .T. ) ;
#2547 = AXIS2_PLACEMENT_3D ( 'NONE', #2142, #1245, #3352 ) ;
#2548 = DIRECTION ( 'NONE',  ( -1.000000000000000000, 0.000000000000000000, 0.000000000000000000 ) ) ;
#2549 = ORIENTED_EDGE ( 'NONE', *, *, #124, .T. ) ;
#2550 = CARTESIAN_POINT ( 'NONE',  ( 16.35474950397700056, 1.499999999999999556, 5.672742914049922369 ) ) ;
#2551 = EDGE_LOOP ( 'NONE', ( #3138, #2549, #3623, #1598 ) ) ;
#2552 = CIRCLE ( 'NONE', #50, 1.000000000000000888 ) ;
#2553 = EDGE_CURVE ( 'NONE', #2448, #2909, #1042, .T. ) ;
#2554 = ORIENTED_EDGE ( 'NONE', *, *, #3192, .T. ) ;
#2555 = CARTESIAN_POINT ( 'NONE',  ( -6.904072259454470561, -1.499999999999999556, 4.958203932497259991 ) ) ;
#2556 = DIRECTION ( 'NONE',  ( 0.000000000000000000, 0.000000000000000000, 1.000000000000000000 ) ) ;
#2557 = AXIS2_PLACEMENT_3D ( 'NONE', #2258, #2638, #743 ) ;
#2558 = EDGE_LOOP ( 'NONE', ( #3688, #2951, #734, #3492 ) ) ;
#2559 = CARTESIAN_POINT ( 'NONE',  ( 8.750000000000007105, 1.500000000000000000, -16.85544456622768905 ) ) ;
#2560 = ORIENTED_EDGE ( 'NONE', *, *, #2619, .F. ) ;
#2561 = CARTESIAN_POINT ( 'NONE',  ( 0.000000000000000000, 1.500000000000000000, 0.000000000000000000 ) ) ;
#2562 = LINE ( 'NONE', #3769, #2080 ) ;
#2563 = CARTESIAN_POINT ( 'NONE',  ( -4.499464137394546981, 1.500000000000000000, 13.53203923153626853 ) ) ;
#2564 = FACE_OUTER_BOUND ( 'NONE', #1510, .T. ) ;
#2565 = ADVANCED_FACE ( 'NONE', ( #3249 ), #866, .T. ) ;
#2566 = ORIENTED_EDGE ( 'NONE', *, *, #187, .T. ) ;
#2567 = LINE ( 'NONE', #3175, #1911 ) ;
#2568 = ORIENTED_EDGE ( 'NONE', *, *, #756, .T. ) ;
#2569 = DIRECTION ( 'NONE',  ( 0.000000000000000000, 0.000000000000000000, 1.000000000000000000 ) ) ;
#2570 = VERTEX_POINT ( 'NONE', #321 ) ;
#2571 = DIRECTION ( 'NONE',  ( 0.000000000000000000, 1.000000000000000000, 0.000000000000000000 ) ) ;
#2572 = ORIENTED_EDGE ( 'NONE', *, *, #1049, .F. ) ;
#2573 = ORIENTED_EDGE ( 'NONE', *, *, #949, .F. ) ;
#2574 = FACE_OUTER_BOUND ( 'NONE', #494, .T. ) ;
#2575 = ORIENTED_EDGE ( 'NONE', *, *, #2975, .T. ) ;
#2576 = CYLINDRICAL_SURFACE ( 'NONE', #614, 5.000000000000000000 ) ;
#2577 = VECTOR ( 'NONE', #2976, 1000.000000000000000 ) ;
#2578 = DIRECTION ( 'NONE',  ( 0.8660254037844415942, -0.000000000000000000, 0.4999999999999948930 ) ) ;
#2579 = DIRECTION ( 'NONE',  ( -0.000000000000000000, 1.000000000000000000, -0.000000000000000000 ) ) ;
#2580 = ORIENTED_EDGE ( 'NONE', *, *, #3207, .F. ) ;
#2581 = AXIS2_PLACEMENT_3D ( 'NONE', #2138, #3867, #3571 ) ;
#2582 = EDGE_CURVE ( 'NONE', #3179, #1964, #1732, .T. ) ;
#2583 = EDGE_CURVE ( 'NONE', #3177, #867, #861, .T. ) ;
#2584 = DIRECTION ( 'NONE',  ( 0.000000000000000000, 0.000000000000000000, 1.000000000000000000 ) ) ;
#2585 = DIRECTION ( 'NONE',  ( -0.000000000000000000, 1.000000000000000000, -0.000000000000000000 ) ) ;
#2586 = ORIENTED_EDGE ( 'NONE', *, *, #2270, .T. ) ;
#2587 = CARTESIAN_POINT ( 'NONE',  ( -16.35474950397701832, -8.500000000000000000, -5.672742914049964114 ) ) ;
#2588 = EDGE_CURVE ( 'NONE', #67, #384, #2299, .T. ) ;
#2589 = ORIENTED_EDGE ( 'NONE', *, *, #2822, .T. ) ;
#2590 = CARTESIAN_POINT ( 'NONE',  ( 14.72243186433557938, -8.500000000000000000, -8.499999999999959144 ) ) ;
#2591 = CARTESIAN_POINT ( 'NONE',  ( -17.50000000000000355, 1.500000000000001776, 3.149999999999983480 ) ) ;
#2592 = ADVANCED_FACE ( 'NONE', ( #1874 ), #303, .F. ) ;
#2593 = VERTEX_POINT ( 'NONE', #1914 ) ;
#2594 = CYLINDRICAL_SURFACE ( 'NONE', #2649, 4.549999999999999822 ) ;
#2595 = ORIENTED_EDGE ( 'NONE', *, *, #2908, .F. ) ;
#2596 = VECTOR ( 'NONE', #2730, 1000.000000000000000 ) ;
#2597 =( NAMED_UNIT ( * ) PLANE_ANGLE_UNIT ( ) SI_UNIT ( $, .RADIAN. ) );
#2598 = AXIS2_PLACEMENT_3D ( 'NONE', #3178, #1692, #2840 ) ;
#2599 = FACE_OUTER_BOUND ( 'NONE', #2211, .T. ) ;
#2600 = ORIENTED_EDGE ( 'NONE', *, *, #1043, .T. ) ;
#2601 = AXIS2_PLACEMENT_3D ( 'NONE', #1474, #1740, #3012 ) ;
#2602 = CARTESIAN_POINT ( 'NONE',  ( 6.091828464221856088, 1.500000000000000000, -4.374885822795427259 ) ) ;
#2603 = CARTESIAN_POINT ( 'NONE',  ( 0.000000000000000000, -1.500000000000000000, 0.000000000000000000 ) ) ;
#2604 = VERTEX_POINT ( 'NONE', #2511 ) ;
#2605 = EDGE_CURVE ( 'NONE', #186, #3878, #2046, .T. ) ;
#2606 = DIRECTION ( 'NONE',  ( -0.5000000000000067724, 0.000000000000000000, -0.8660254037844345998 ) ) ;
#2607 = DIRECTION ( 'NONE',  ( 0.000000000000000000, 0.000000000000000000, 1.000000000000000000 ) ) ;
#2608 = CIRCLE ( 'NONE', #1720, 4.549999999999999822 ) ;
#2609 = ORIENTED_EDGE ( 'NONE', *, *, #3761, .F. ) ;
#2610 = DIRECTION ( 'NONE',  ( -0.4999999999999950595, 0.000000000000000000, -0.8660254037844415942 ) ) ;
#2611 = EDGE_LOOP ( 'NONE', ( #1210, #2701, #2250, #3406 ) ) ;
#2612 = CIRCLE ( 'NONE', #46, 3.149999999999999911 ) ;
#2613 = DIRECTION ( 'NONE',  ( 0.000000000000000000, 0.000000000000000000, 1.000000000000000000 ) ) ;
#2614 = ADVANCED_FACE ( 'NONE', ( #3724 ), #3424, .F. ) ;
#2615 = CIRCLE ( 'NONE', #2103, 4.550000000000001599 ) ;
#2616 = ORIENTED_EDGE ( 'NONE', *, *, #1983, .T. ) ;
#2617 = DIRECTION ( 'NONE',  ( 0.000000000000000000, 0.000000000000000000, 1.000000000000000000 ) ) ;
#2618 = ORIENTED_EDGE ( 'NONE', *, *, #376, .F. ) ;
#2619 = EDGE_CURVE ( 'NONE', #3307, #1442, #2803, .T. ) ;
#2620 = AXIS2_PLACEMENT_3D ( 'NONE', #2193, #1892, #413 ) ;
#2621 = LINE ( 'NONE', #1962, #2743 ) ;
#2622 = DIRECTION ( 'NONE',  ( 0.000000000000000000, 1.000000000000000000, -0.000000000000000000 ) ) ;
#2623 = AXIS2_PLACEMENT_3D ( 'NONE', #1354, #1373, #1994 ) ;
#2624 = EDGE_LOOP ( 'NONE', ( #3279, #3154, #3593, #3329 ) ) ;
#2625 = EDGE_CURVE ( 'NONE', #730, #480, #2107, .T. ) ;
#2626 = VECTOR ( 'NONE', #2815, 1000.000000000000000 ) ;
#2627 = AXIS2_PLACEMENT_3D ( 'NONE', #2561, #1702, #1361 ) ;
#2628 = FACE_OUTER_BOUND ( 'NONE', #1501, .T. ) ;
#2629 = AXIS2_PLACEMENT_3D ( 'NONE', #327, #3575, #2143 ) ;
#2630 = FACE_OUTER_BOUND ( 'NONE', #2858, .T. ) ;
#2631 = ORIENTED_EDGE ( 'NONE', *, *, #805, .F. ) ;
#2632 = LINE ( 'NONE', #3836, #1723 ) ;
#2633 = CARTESIAN_POINT ( 'NONE',  ( 8.761432854036520723, -8.500000000000000000, 10.17524685028879361 ) ) ;
#2634 = CYLINDRICAL_SURFACE ( 'NONE', #401, 1.000000000000000222 ) ;
#2635 = CARTESIAN_POINT ( 'NONE',  ( -7.745966692414836707, 1.500000000000000000, 2.500000000000001332 ) ) ;
#2636 = ADVANCED_FACE ( 'NONE', ( #2824 ), #82, .F. ) ;
#2637 = VERTEX_POINT ( 'NONE', #2490 ) ;
#2638 = DIRECTION ( 'NONE',  ( -0.000000000000000000, 1.000000000000000000, -0.000000000000000000 ) ) ;
#2639 = ORIENTED_EDGE ( 'NONE', *, *, #193, .F. ) ;
#2640 = LINE ( 'NONE', #1666, #2810 ) ;
#2641 = CARTESIAN_POINT ( 'NONE',  ( -8.749999999999998224, 1.500000000000000000, -15.15544456622769509 ) ) ;
#2642 = CARTESIAN_POINT ( 'NONE',  ( 6.091828464224791517, -8.500000000000000000, 4.374885822791341639 ) ) ;
#2643 = VERTEX_POINT ( 'NONE', #3706 ) ;
#2644 = CIRCLE ( 'NONE', #1879, 4.549999999999999822 ) ;
#2645 = EDGE_CURVE ( 'NONE', #126, #1380, #2869, .T. ) ;
#2646 = LINE ( 'NONE', #1674, #3753 ) ;
#2647 = DIRECTION ( 'NONE',  ( 0.000000000000000000, 0.000000000000000000, 1.000000000000000000 ) ) ;
#2648 = DIRECTION ( 'NONE',  ( -0.000000000000000000, 1.000000000000000000, -0.000000000000000000 ) ) ;
#2649 = AXIS2_PLACEMENT_3D ( 'NONE', #1940, #2016, #2617 ) ;
#2650 = EDGE_LOOP ( 'NONE', ( #1434, #3639, #3789, #3234 ) ) ;
#2651 = EDGE_LOOP ( 'NONE', ( #508, #3778, #1589, #1839 ) ) ;
#2652 = DIRECTION ( 'NONE',  ( -0.000000000000000000, 1.000000000000000000, -0.000000000000000000 ) ) ;
#2653 = DIRECTION ( 'NONE',  ( 0.000000000000000000, 0.000000000000000000, 1.000000000000000000 ) ) ;
#2654 = CARTESIAN_POINT ( 'NONE',  ( 8.750000000000007105, 0.04999999999999665823, -15.15544456622769331 ) ) ;
#2655 = DIRECTION ( 'NONE',  ( 0.000000000000000000, 1.000000000000000000, 0.000000000000000000 ) ) ;
#2656 = FACE_OUTER_BOUND ( 'NONE', #3466, .T. ) ;
#2657 = ORIENTED_EDGE ( 'NONE', *, *, #3209, .F. ) ;
#2658 = DIRECTION ( 'NONE',  ( -0.000000000000000000, 1.000000000000000000, -0.000000000000000000 ) ) ;
#2659 = ORIENTED_EDGE ( 'NONE', *, *, #1177, .F. ) ;
#2660 = DIRECTION ( 'NONE',  ( 0.000000000000000000, 0.000000000000000000, 1.000000000000000000 ) ) ;
#2661 = CARTESIAN_POINT ( 'NONE',  ( -9.469357670820309991, -8.500000000000000000, -10.66266986216874635 ) ) ;
#2662 = PRESENTATION_LAYER_ASSIGNMENT (  '', '', ( #965 ) ) ;
#2663 = ORIENTED_EDGE ( 'NONE', *, *, #2782, .T. ) ;
#2664 = ADVANCED_FACE ( 'NONE', ( #2469 ), #3683, .F. ) ;
#2665 = AXIS2_PLACEMENT_3D ( 'NONE', #3521, #255, #3215 ) ;
#2666 = CARTESIAN_POINT ( 'NONE',  ( -4.252989283015851996, -8.500000000000000000, -15.84782784977065084 ) ) ;
#2667 = DIRECTION ( 'NONE',  ( -0.5000000000000008882, 0.000000000000000000, -0.8660254037844380415 ) ) ;
#2668 = DIRECTION ( 'NONE',  ( 0.000000000000000000, 0.000000000000000000, 1.000000000000000000 ) ) ;
#2669 = AXIS2_PLACEMENT_3D ( 'NONE', #3544, #1801, #1782 ) ;
#2670 = ORIENTED_EDGE ( 'NONE', *, *, #448, .F. ) ;
#2671 = EDGE_CURVE ( 'NONE', #1606, #3578, #3378, .T. ) ;
#2672 = COLOUR_RGB ( '',0.7921568627450980005, 0.8196078431372548767, 0.9333333333333333481 ) ;
#2673 = VECTOR ( 'NONE', #1444, 1000.000000000000000 ) ;
#2674 = ORIENTED_EDGE ( 'NONE', *, *, #3045, .T. ) ;
#2675 = CARTESIAN_POINT ( 'NONE',  ( -12.22408882090951288, -1.499999999999999556, 10.82725708595003411 ) ) ;
#2676 = CARTESIAN_POINT ( 'NONE',  ( 7.745966692414836707, -1.499999999999999556, -3.500000000000000888 ) ) ;
#2677 = FACE_OUTER_BOUND ( 'NONE', #3756, .T. ) ;
#2678 = FACE_OUTER_BOUND ( 'NONE', #1026, .T. ) ;
#2679 = AXIS2_PLACEMENT_3D ( 'NONE', #3563, #3264, #1213 ) ;
#2680 = ORIENTED_EDGE ( 'NONE', *, *, #1673, .F. ) ;
#2681 = CIRCLE ( 'NONE', #2547, 1.699999999999998401 ) ;
#2682 = CARTESIAN_POINT ( 'NONE',  ( -8.749999999999996447, 1.500000000000000000, 13.45544456622769580 ) ) ;
#2683 = EDGE_LOOP ( 'NONE', ( #313, #1263, #1643, #3100 ) ) ;
#2684 = CARTESIAN_POINT ( 'NONE',  ( 0.000000000000000000, -1.500000000000000000, 0.000000000000000000 ) ) ;
#2685 = CIRCLE ( 'NONE', #3119, 7.500000000000001776 ) ;
#2686 = VERTEX_POINT ( 'NONE', #3082 ) ;
#2687 = VECTOR ( 'NONE', #3796, 1000.000000000000000 ) ;
#2688 = LINE ( 'NONE', #1924, #2361 ) ;
#2689 = AXIS2_PLACEMENT_3D ( 'NONE', #1815, #58, #3316 ) ;
#2690 = DIRECTION ( 'NONE',  ( 0.000000000000000000, 1.000000000000000000, -0.000000000000000000 ) ) ;
#2691 = EDGE_CURVE ( 'NONE', #875, #2405, #3661, .T. ) ;
#2692 = PLANE ( 'NONE',  #1221 ) ;
#2693 = ORIENTED_EDGE ( 'NONE', *, *, #1455, .F. ) ;
#2694 = AXIS2_PLACEMENT_3D ( 'NONE', #3210, #3666, #3395 ) ;
#2695 = EDGE_CURVE ( 'NONE', #974, #20, #697, .T. ) ;
#2696 = EDGE_LOOP ( 'NONE', ( #633, #1133 ) ) ;
#2697 = DIRECTION ( 'NONE',  ( -0.000000000000000000, 1.000000000000000000, -0.000000000000000000 ) ) ;
#2698 = CARTESIAN_POINT ( 'NONE',  ( -13.09011422469387753, 1.500000000000000000, -11.32725708595006964 ) ) ;
#2699 = CARTESIAN_POINT ( 'NONE',  ( 13.09011422469399122, -1.499999999999999556, -11.32725708595013359 ) ) ;
#2700 = DIRECTION ( 'NONE',  ( 0.000000000000000000, 0.000000000000000000, 1.000000000000000000 ) ) ;
#2701 = ORIENTED_EDGE ( 'NONE', *, *, #2582, .T. ) ;
#2702 = DIRECTION ( 'NONE',  ( 0.000000000000000000, 0.000000000000000000, 1.000000000000000000 ) ) ;
#2703 = VERTEX_POINT ( 'NONE', #2431 ) ;
#2704 = LINE ( 'NONE', #14, #1823 ) ;
#2705 = CARTESIAN_POINT ( 'NONE',  ( -9.184850993605148438E-17, -1.499999999999999556, 1.742924699575454705E-16 ) ) ;
#2706 = DIRECTION ( 'NONE',  ( 0.000000000000000000, 0.000000000000000000, 1.000000000000000000 ) ) ;
#2707 = CARTESIAN_POINT ( 'NONE',  ( 16.35474950397707161, -1.499999999999999556, -5.672742914049951679 ) ) ;
#2708 = EDGE_LOOP ( 'NONE', ( #1450, #2133, #2304, #2139, #2528, #1571, #3096, #2470, #1997, #856, #1705, #436 ) ) ;
#2709 = VECTOR ( 'NONE', #2064, 1000.000000000000000 ) ;
#2710 = ORIENTED_EDGE ( 'NONE', *, *, #989, .T. ) ;
#2711 = FACE_OUTER_BOUND ( 'NONE', #3806, .T. ) ;
#2712 = CARTESIAN_POINT ( 'NONE',  ( -13.96882180821687847, 1.500000000000000000, 2.869369369369367817 ) ) ;
#2713 = DIRECTION ( 'NONE',  ( -0.000000000000000000, 1.000000000000000000, -0.000000000000000000 ) ) ;
#2714 = DIRECTION ( 'NONE',  ( 0.000000000000000000, 0.000000000000000000, 1.000000000000000000 ) ) ;
#2715 = EDGE_CURVE ( 'NONE', #3165, #2053, #3001, .T. ) ;
#2716 = ORIENTED_EDGE ( 'NONE', *, *, #2826, .T. ) ;
#2717 = LINE ( 'NONE', #2682, #1798 ) ;
#2718 = ORIENTED_EDGE ( 'NONE', *, *, #307, .T. ) ;
#2719 = ADVANCED_FACE ( 'NONE', ( #1607 ), #663, .T. ) ;
#2720 = CARTESIAN_POINT ( 'NONE',  ( -3.264635279283073288, -1.499999999999999556, -15.99999999999987921 ) ) ;
#2721 = DIRECTION ( 'NONE',  ( 0.000000000000000000, 0.000000000000000000, 1.000000000000000000 ) ) ;
#2722 = DIRECTION ( 'NONE',  ( 0.000000000000000000, 1.000000000000000000, -0.000000000000000000 ) ) ;
#2723 = CARTESIAN_POINT ( 'NONE',  ( 2.165063509463543312, -1.500000000000000000, -1.250000000001412870 ) ) ;
#2724 = DIRECTION ( 'NONE',  ( -0.000000000000000000, 1.000000000000000000, -0.000000000000000000 ) ) ;
#2725 = ORIENTED_EDGE ( 'NONE', *, *, #906, .T. ) ;
#2726 = EDGE_CURVE ( 'NONE', #2756, #2604, #2152, .T. ) ;
#2727 = ORIENTED_EDGE ( 'NONE', *, *, #1553, .T. ) ;
#2728 = AXIS2_PLACEMENT_3D ( 'NONE', #3054, #3277, #563 ) ;
#2729 = CARTESIAN_POINT ( 'NONE',  ( 13.96882180821688202, -1.499999999999999556, 2.869369369369367373 ) ) ;
#2730 = DIRECTION ( 'NONE',  ( -0.000000000000000000, 1.000000000000000000, -0.000000000000000000 ) ) ;
#2731 = CARTESIAN_POINT ( 'NONE',  ( 3.264635279283078617, -8.500000000000000000, -15.99999999999987921 ) ) ;
#2732 = AXIS2_PLACEMENT_3D ( 'NONE', #3265, #567, #1760 ) ;
#2733 = EDGE_LOOP ( 'NONE', ( #1252, #2443, #3365, #3636 ) ) ;
#2734 = CARTESIAN_POINT ( 'NONE',  ( -13.96882180821687847, -8.500000000000000000, 2.869369369369367817 ) ) ;
#2735 = ORIENTED_EDGE ( 'NONE', *, *, #3416, .T. ) ;
#2736 = ADVANCED_FACE ( 'NONE', ( #3366 ), #122, .F. ) ;
#2737 = AXIS2_PLACEMENT_3D ( 'NONE', #2034, #2697, #297 ) ;
#2738 = CIRCLE ( 'NONE', #1544, 1.000000000000000888 ) ;
#2739 = DIRECTION ( 'NONE',  ( 0.000000000000000000, 0.000000000000000000, 1.000000000000000000 ) ) ;
#2740 = EDGE_LOOP ( 'NONE', ( #738, #1624, #203, #1030 ) ) ;
#2741 = ADVANCED_FACE ( 'NONE', ( #2844 ), #3480, .F. ) ;
#2742 = CARTESIAN_POINT ( 'NONE',  ( 9.627458257814346609, -8.500000000000000000, -9.675246850287742006 ) ) ;
#2743 = VECTOR ( 'NONE', #3786, 1000.000000000000000 ) ;
#2744 = CIRCLE ( 'NONE', #1730, 7.500000000000001776 ) ;
#2745 = CARTESIAN_POINT ( 'NONE',  ( -7.745966692414836707, 1.500000000000000000, 3.500000000000001776 ) ) ;
#2746 = CARTESIAN_POINT ( 'NONE',  ( -3.199999999999999734, -1.500000000000000000, 2.399999999999999911 ) ) ;
#2747 = VERTEX_POINT ( 'NONE', #3502 ) ;
#2748 = AXIS2_PLACEMENT_3D ( 'NONE', #2295, #1957, #3202 ) ;
#2749 = ORIENTED_EDGE ( 'NONE', *, *, #2378, .F. ) ;
#2750 = LINE ( 'NONE', #61, #1165 ) ;
#2751 = FACE_OUTER_BOUND ( 'NONE', #2545, .T. ) ;
#2752 = CIRCLE ( 'NONE', #2115, 1.000000000000000888 ) ;
#2753 = ORIENTED_EDGE ( 'NONE', *, *, #2671, .F. ) ;
#2754 = ORIENTED_EDGE ( 'NONE', *, *, #2935, .T. ) ;
#2755 = CARTESIAN_POINT ( 'NONE',  ( 4.499464137394695307, -1.499999999999999556, 13.53203923153578714 ) ) ;
#2756 = VERTEX_POINT ( 'NONE', #184 ) ;
#2757 = CYLINDRICAL_SURFACE ( 'NONE', #465, 1.699999999999994849 ) ;
#2758 = EDGE_CURVE ( 'NONE', #1980, #81, #2488, .T. ) ;
#2759 = FACE_OUTER_BOUND ( 'NONE', #3129, .T. ) ;
#2760 = DIRECTION ( 'NONE',  ( 0.000000000000000000, 0.000000000000000000, 1.000000000000000000 ) ) ;
#2761 = ORIENTED_EDGE ( 'NONE', *, *, #1903, .T. ) ;
#2762 = EDGE_CURVE ( 'NONE', #2403, #186, #2235, .T. ) ;
#2763 = ORIENTED_EDGE ( 'NONE', *, *, #3868, .T. ) ;
#2764 = DIRECTION ( 'NONE',  ( -0.000000000000000000, 1.000000000000000000, -0.000000000000000000 ) ) ;
#2765 = DIRECTION ( 'NONE',  ( 0.000000000000000000, 0.000000000000000000, 1.000000000000000000 ) ) ;
#2766 = AXIS2_PLACEMENT_3D ( 'NONE', #3189, #1686, #1101 ) ;
#2767 = ORIENTED_EDGE ( 'NONE', *, *, #1437, .T. ) ;
#2768 = CARTESIAN_POINT ( 'NONE',  ( -8.761432854029347794, -8.500000000000000000, -10.17524685028766029 ) ) ;
#2769 = VERTEX_POINT ( 'NONE', #1389 ) ;
#2770 = CIRCLE ( 'NONE', #3149, 7.500000000000003553 ) ;
#2771 = DIRECTION ( 'NONE',  ( -0.000000000000000000, 1.000000000000000000, -0.000000000000000000 ) ) ;
#2772 = EDGE_LOOP ( 'NONE', ( #3033, #966, #2285, #2931 ) ) ;
#2773 = LINE ( 'NONE', #1628, #1306 ) ;
#2774 = DIRECTION ( 'NONE',  ( 0.000000000000000000, 1.000000000000000000, 0.000000000000000000 ) ) ;
#2775 = CARTESIAN_POINT ( 'NONE',  ( 8.750000000000005329, 1.500000000000001776, 18.30544456622769189 ) ) ;
#2776 = DIRECTION ( 'NONE',  ( 0.000000000000000000, 0.000000000000000000, 1.000000000000000000 ) ) ;
#2777 = DIRECTION ( 'NONE',  ( -0.000000000000000000, 1.000000000000000000, -0.000000000000000000 ) ) ;
#2778 = VERTEX_POINT ( 'NONE', #2887 ) ;
#2779 = LINE ( 'NONE', #3439, #2793 ) ;
#2780 = ORIENTED_EDGE ( 'NONE', *, *, #2486, .T. ) ;
#2781 = DIRECTION ( 'NONE',  ( 1.000000000000000000, 0.000000000000000000, -7.962163080346676589E-17 ) ) ;
#2782 = EDGE_CURVE ( 'NONE', #2769, #3214, #1922, .T. ) ;
#2783 = CIRCLE ( 'NONE', #2531, 1.699999999999994849 ) ;
#2784 = LINE ( 'NONE', #1566, #1780 ) ;
#2785 = ORIENTED_EDGE ( 'NONE', *, *, #1983, .F. ) ;
#2786 = ORIENTED_EDGE ( 'NONE', *, *, #2227, .F. ) ;
#2787 = ADVANCED_FACE ( 'NONE', ( #140 ), #200, .F. ) ;
#2788 = AXIS2_PLACEMENT_3D ( 'NONE', #799, #2868, #1113 ) ;
#2789 = DIRECTION ( 'NONE',  ( 1.000000000000000000, 0.000000000000000000, -7.962163080346640843E-17 ) ) ;
#2790 = VERTEX_POINT ( 'NONE', #776 ) ;
#2791 = DIRECTION ( 'NONE',  ( 0.4999999999999996669, 0.000000000000000000, -0.8660254037844388186 ) ) ;
#2792 = SURFACE_STYLE_USAGE ( .BOTH. , #3351 ) ;
#2793 = VECTOR ( 'NONE', #1617, 1000.000000000000000 ) ;
#2794 = CARTESIAN_POINT ( 'NONE',  ( 8.750000000000007105, 1.500000000000001776, -18.30544456622769545 ) ) ;
#2795 = DIRECTION ( 'NONE',  ( 0.000000000000000000, 0.000000000000000000, 1.000000000000000000 ) ) ;
#2796 = AXIS2_PLACEMENT_3D ( 'NONE', #2896, #1421, #2916 ) ;
#2797 = ORIENTED_EDGE ( 'NONE', *, *, #3881, .F. ) ;
#2798 = EDGE_CURVE ( 'NONE', #1825, #1010, #3763, .T. ) ;
#2799 = DIRECTION ( 'NONE',  ( -0.4999999999999996669, 0.000000000000000000, 0.8660254037844388186 ) ) ;
#2800 = EDGE_LOOP ( 'NONE', ( #3464, #3448, #254, #2238 ) ) ;
#2801 = DIRECTION ( 'NONE',  ( 0.000000000000000000, 1.000000000000000000, -0.000000000000000000 ) ) ;
#2802 = DIRECTION ( 'NONE',  ( 0.000000000000000000, 0.000000000000000000, 1.000000000000000000 ) ) ;
#2803 = CIRCLE ( 'NONE', #790, 1.699999999999998401 ) ;
#2804 = EDGE_CURVE ( 'NONE', #2051, #1224, #1108, .T. ) ;
#2805 = ORIENTED_EDGE ( 'NONE', *, *, #471, .F. ) ;
#2806 = CIRCLE ( 'NONE', #3818, 5.000000000000000000 ) ;
#2807 = DIRECTION ( 'NONE',  ( -0.8660254037844390407, 0.000000000000000000, -0.4999999999999995004 ) ) ;
#2808 = ORIENTED_EDGE ( 'NONE', *, *, #3788, .F. ) ;
#2809 = AXIS2_PLACEMENT_3D ( 'NONE', #2315, #3246, #1719 ) ;
#2810 = VECTOR ( 'NONE', #1415, 1000.000000000000000 ) ;
#2811 = CARTESIAN_POINT ( 'NONE',  ( 15.85111615421192255, -8.500000000000000000, 4.240717163770653997 ) ) ;
#2812 = ORIENTED_EDGE ( 'NONE', *, *, #2227, .T. ) ;
#2813 = CARTESIAN_POINT ( 'NONE',  ( 6.904072259451436544, -1.499999999999999556, -4.958203932501485056 ) ) ;
#2814 = CARTESIAN_POINT ( 'NONE',  ( -4.000000000000000000, -1.500000000000000000, -1.800000000000000044 ) ) ;
#2815 = DIRECTION ( 'NONE',  ( -1.000000000000000000, 0.000000000000000000, 0.000000000000000000 ) ) ;
#2816 = LINE ( 'NONE', #3396, #2421 ) ;
#2817 = ORIENTED_EDGE ( 'NONE', *, *, #1491, .F. ) ;
#2818 = CARTESIAN_POINT ( 'NONE',  ( 0.7428480290817266463, -8.500000000000000000, -7.463121116911437092 ) ) ;
#2819 = ORIENTED_EDGE ( 'NONE', *, *, #2031, .F. ) ;
#2820 = DIRECTION ( 'NONE',  ( -0.000000000000000000, 1.000000000000000000, -0.000000000000000000 ) ) ;
#2821 = FACE_OUTER_BOUND ( 'NONE', #1853, .T. ) ;
#2822 = EDGE_CURVE ( 'NONE', #3016, #3423, #2173, .T. ) ;
#2823 = ORIENTED_EDGE ( 'NONE', *, *, #3219, .F. ) ;
#2824 = FACE_OUTER_BOUND ( 'NONE', #2551, .T. ) ;
#2825 = VERTEX_POINT ( 'NONE', #1953 ) ;
#2826 = EDGE_CURVE ( 'NONE', #3016, #900, #1300, .T. ) ;
#2827 = AXIS2_PLACEMENT_3D ( 'NONE', #2720, #925, #2382 ) ;
#2828 = CARTESIAN_POINT ( 'NONE',  ( -0.8418944329588047282, -1.499999999999999556, -7.458203932499677613 ) ) ;
#2829 = ORIENTED_EDGE ( 'NONE', *, *, #1455, .T. ) ;
#2830 = CIRCLE ( 'NONE', #3846, 4.549999999999997158 ) ;
#2831 = CARTESIAN_POINT ( 'NONE',  ( 12.22408882090955018, -1.499999999999999556, -10.82725708595013714 ) ) ;
#2832 = DIRECTION ( 'NONE',  ( -0.000000000000000000, 1.000000000000000000, -0.000000000000000000 ) ) ;
#2833 = EDGE_CURVE ( 'NONE', #3857, #1309, #306, .T. ) ;
#2834 = DIRECTION ( 'NONE',  ( 0.000000000000000000, 1.000000000000000000, 0.000000000000000000 ) ) ;
#2835 = CARTESIAN_POINT ( 'NONE',  ( 8.750000000000007105, 1.500000000000000000, -15.15544456622769331 ) ) ;
#2836 = CARTESIAN_POINT ( 'NONE',  ( -3.199999999999999734, -1.500000000000000000, -2.399999999999999911 ) ) ;
#2837 = VERTEX_POINT ( 'NONE', #1974 ) ;
#2838 = CYLINDRICAL_SURFACE ( 'NONE', #3239, 1.000000000000000888 ) ;
#2839 = EDGE_LOOP ( 'NONE', ( #1191, #3542, #2108, #1195, #2657, #1610, #1737, #625, #2786, #536, #2062, #1907, #201 ) ) ;
#2840 = DIRECTION ( 'NONE',  ( 0.000000000000000000, 0.000000000000000000, 1.000000000000000000 ) ) ;
#2841 = EDGE_CURVE ( 'NONE', #480, #1695, #815, .T. ) ;
#2842 = VERTEX_POINT ( 'NONE', #1053 ) ;
#2843 = AXIS2_PLACEMENT_3D ( 'NONE', #1017, #703, #1001 ) ;
#2844 = FACE_OUTER_BOUND ( 'NONE', #2862, .T. ) ;
#2845 = FACE_OUTER_BOUND ( 'NONE', #251, .T. ) ;
#2846 = EDGE_CURVE ( 'NONE', #3075, #1952, #1802, .T. ) ;
#2847 = ORIENTED_EDGE ( 'NONE', *, *, #2063, .T. ) ;
#2848 = CARTESIAN_POINT ( 'NONE',  ( -17.50000000000000355, 1.500000000000001776, -3.150000000000016342 ) ) ;
#2849 = ORIENTED_EDGE ( 'NONE', *, *, #3845, .F. ) ;
#2850 = AXIS2_PLACEMENT_3D ( 'NONE', #2329, #1424, #3539 ) ;
#2851 = CARTESIAN_POINT ( 'NONE',  ( 11.54700538379275621, 1.500000000000000000, 19.99999999999987566 ) ) ;
#2852 = CIRCLE ( 'NONE', #1163, 7.500000000000001776 ) ;
#2853 = EDGE_CURVE ( 'NONE', #2825, #3124, #111, .T. ) ;
#2854 = AXIS2_PLACEMENT_3D ( 'NONE', #3873, #500, #2266 ) ;
#2855 = DIRECTION ( 'NONE',  ( -0.000000000000000000, 1.000000000000000000, -0.000000000000000000 ) ) ;
#2856 = DIRECTION ( 'NONE',  ( 0.000000000000000000, 0.000000000000000000, 1.000000000000000000 ) ) ;
#2857 = CIRCLE ( 'NONE', #2287, 1.000000000000000888 ) ;
#2858 = EDGE_LOOP ( 'NONE', ( #3146, #1022, #1616, #1659, #2156, #803 ) ) ;
#2859 = APPLICATION_CONTEXT ( 'automotive_design' ) ;
#2860 = CIRCLE ( 'NONE', #3807, 1.000000000000000888 ) ;
#2861 = DIRECTION ( 'NONE',  ( -0.000000000000000000, 1.000000000000000000, -0.000000000000000000 ) ) ;
#2862 = EDGE_LOOP ( 'NONE', ( #1958, #3286, #2381, #3415 ) ) ;
#2863 = DIRECTION ( 'NONE',  ( 8.673617379884031528E-16, 0.000000000000000000, 1.000000000000000000 ) ) ;
#2864 =( GEOMETRIC_REPRESENTATION_CONTEXT ( 3 ) GLOBAL_UNCERTAINTY_ASSIGNED_CONTEXT ( ( #3226 ) ) GLOBAL_UNIT_ASSIGNED_CONTEXT ( ( #1984, #2597, #3533 ) ) REPRESENTATION_CONTEXT ( 'NONE', 'WORKASPACE' ) );
#2865 = ORIENTED_EDGE ( 'NONE', *, *, #2715, .F. ) ;
#2866 = LINE ( 'NONE', #450, #238 ) ;
#2867 = CIRCLE ( 'NONE', #1175, 4.550000000000001599 ) ;
#2868 = DIRECTION ( 'NONE',  ( 0.000000000000000000, 1.000000000000000000, -0.000000000000000000 ) ) ;
#2869 = CIRCLE ( 'NONE', #1176, 4.550000000000002487 ) ;
#2870 = AXIS2_PLACEMENT_3D ( 'NONE', #890, #2439, #3276 ) ;
#2871 = EDGE_LOOP ( 'NONE', ( #3782, #454, #2680, #1833 ) ) ;
#2872 = CARTESIAN_POINT ( 'NONE',  ( 23.09401076758504701, 1.500000000000000000, 0.000000000000000000 ) ) ;
#2873 = ORIENTED_EDGE ( 'NONE', *, *, #3340, .T. ) ;
#2874 = LINE ( 'NONE', #1357, #1045 ) ;
#2875 = CIRCLE ( 'NONE', #113, 0.9999999999999991118 ) ;
#2876 = EDGE_CURVE ( 'NONE', #1380, #2686, #2290, .T. ) ;
#2877 = DIRECTION ( 'NONE',  ( 0.000000000000000000, 0.000000000000000000, 1.000000000000000000 ) ) ;
#2878 = CARTESIAN_POINT ( 'NONE',  ( -17.50000000000000355, 0.04999999999999665823, 1.699999999999980194 ) ) ;
#2879 = ORIENTED_EDGE ( 'NONE', *, *, #1206, .T. ) ;
#2880 = EDGE_CURVE ( 'NONE', #1442, #3211, #2866, .T. ) ;
#2881 = DIRECTION ( 'NONE',  ( 0.000000000000000000, 1.000000000000000000, -0.000000000000000000 ) ) ;
#2882 = CARTESIAN_POINT ( 'NONE',  ( -23.09401076758504345, -1.500000000000000000, 1.612646152681311659E-13 ) ) ;
#2883 = ORIENTED_EDGE ( 'NONE', *, *, #3293, .T. ) ;
#2884 = FACE_BOUND ( 'NONE', #293, .T. ) ;
#2885 = ADVANCED_FACE ( 'NONE', ( #505 ), #1696, .F. ) ;
#2886 = EDGE_LOOP ( 'NONE', ( #2096, #3775, #74, #2808 ) ) ;
#2887 = CARTESIAN_POINT ( 'NONE',  ( 1.707919836743731157, 1.500000000000000000, -7.958203932499630540 ) ) ;
#2888 = DIRECTION ( 'NONE',  ( 0.000000000000000000, 0.000000000000000000, 1.000000000000000000 ) ) ;
#2889 = ORIENTED_EDGE ( 'NONE', *, *, #1220, .F. ) ;
#2890 = DIRECTION ( 'NONE',  ( 0.000000000000000000, 1.000000000000000000, 0.000000000000000000 ) ) ;
#2891 = EDGE_LOOP ( 'NONE', ( #2271, #1939, #2754, #2933, #65, #3567, #808, #664, #3349, #1160, #741, #266, #994 ) ) ;
#2892 = CONICAL_SURFACE ( 'NONE', #2766, 3.149999999999999911, 0.7853981633974477239 ) ;
#2893 = DIRECTION ( 'NONE',  ( 0.000000000000000000, 1.000000000000000000, 0.000000000000000000 ) ) ;
#2894 = CARTESIAN_POINT ( 'NONE',  ( -8.749999999999998224, -1.499999999999999556, -15.15544456622769509 ) ) ;
#2895 = VERTEX_POINT ( 'NONE', #216 ) ;
#2896 = CARTESIAN_POINT ( 'NONE',  ( -12.22408882090951288, -8.500000000000000000, 10.82725708595003411 ) ) ;
#2897 = CARTESIAN_POINT ( 'NONE',  ( -4.000000000000000000, 1.500000000000000000, -1.800000000000000044 ) ) ;
#2898 = EDGE_CURVE ( 'NONE', #2790, #1395, #2272, .T. ) ;
#2899 = ORIENTED_EDGE ( 'NONE', *, *, #622, .F. ) ;
#2900 = DIRECTION ( 'NONE',  ( 0.000000000000000000, 1.000000000000000000, 0.000000000000000000 ) ) ;
#2901 = EDGE_CURVE ( 'NONE', #3102, #1162, #2806, .T. ) ;
#2902 = ADVANCED_FACE ( 'NONE', ( #585 ), #1155, .F. ) ;
#2903 = ORIENTED_EDGE ( 'NONE', *, *, #1194, .T. ) ;
#2904 = CARTESIAN_POINT ( 'NONE',  ( 11.54700538379275621, 1.500000000000000000, 19.99999999999987566 ) ) ;
#2905 = FACE_OUTER_BOUND ( 'NONE', #2996, .T. ) ;
#2906 = DIRECTION ( 'NONE',  ( 0.000000000000000000, 1.000000000000000000, 0.000000000000000000 ) ) ;
#2907 = ORIENTED_EDGE ( 'NONE', *, *, #3493, .T. ) ;
#2908 = EDGE_CURVE ( 'NONE', #1266, #3810, #1412, .T. ) ;
#2909 = VERTEX_POINT ( 'NONE', #2090 ) ;
#2910 = CARTESIAN_POINT ( 'NONE',  ( -2.165063509458655222, -8.500000000000000000, 1.249999999998590905 ) ) ;
#2911 = CARTESIAN_POINT ( 'NONE',  ( -6.038046855670033075, -1.499999999999999556, 5.458203932497262656 ) ) ;
#2912 = CIRCLE ( 'NONE', #901, 7.500000000000001776 ) ;
#2913 = CARTESIAN_POINT ( 'NONE',  ( 11.59812687119604391, -1.499999999999999556, 11.60711068600008034 ) ) ;
#2914 = EDGE_LOOP ( 'NONE', ( #2151, #2710, #530, #2039 ) ) ;
#2915 = CIRCLE ( 'NONE', #2732, 1.000000000000000888 ) ;
#2916 = DIRECTION ( 'NONE',  ( 0.000000000000000000, 0.000000000000000000, 1.000000000000000000 ) ) ;
#2917 = DIRECTION ( 'NONE',  ( -0.000000000000000000, 1.000000000000000000, -0.000000000000000000 ) ) ;
#2918 = ORIENTED_EDGE ( 'NONE', *, *, #2170, .F. ) ;
#2919 = CARTESIAN_POINT ( 'NONE',  ( 17.50000000000001421, 1.500000000000000000, 1.700000000000001510 ) ) ;
#2920 = ADVANCED_FACE ( 'NONE', ( #3597 ), #1429, .F. ) ;
#2921 = ADVANCED_FACE ( 'NONE', ( #2987 ), #2333, .F. ) ;
#2922 = AXIS2_PLACEMENT_3D ( 'NONE', #2374, #876, #3657 ) ;
#2923 = ORIENTED_EDGE ( 'NONE', *, *, #1497, .T. ) ;
#2924 = DIRECTION ( 'NONE',  ( 0.000000000000000000, 1.000000000000000000, -0.000000000000000000 ) ) ;
#2925 = CYLINDRICAL_SURFACE ( 'NONE', #3866, 1.000000000000000888 ) ;
#2926 = AXIS2_PLACEMENT_3D ( 'NONE', #178, #2004, #195 ) ;
#2927 = LINE ( 'NONE', #3730, #524 ) ;
#2928 = CYLINDRICAL_SURFACE ( 'NONE', #3823, 1.000000000000000888 ) ;
#2929 = ADVANCED_FACE ( 'NONE', ( #620 ), #39, .F. ) ;
#2930 = CIRCLE ( 'NONE', #724, 1.000000000000002665 ) ;
#2931 = ORIENTED_EDGE ( 'NONE', *, *, #2456, .F. ) ;
#2932 = CARTESIAN_POINT ( 'NONE',  ( 6.834676493307208389, -1.499999999999999556, 3.088235294117648522 ) ) ;
#2933 = ORIENTED_EDGE ( 'NONE', *, *, #3289, .T. ) ;
#2934 = CARTESIAN_POINT ( 'NONE',  ( -4.431305835111842839, 1.500000000000000000, 12.67524685028541676 ) ) ;
#2935 = EDGE_CURVE ( 'NONE', #1032, #3613, #3805, .T. ) ;
#2936 = VECTOR ( 'NONE', #12, 1000.000000000000000 ) ;
#2937 = DIRECTION ( 'NONE',  ( 0.000000000000000000, 0.000000000000000000, 1.000000000000000000 ) ) ;
#2938 = FACE_BOUND ( 'NONE', #1334, .T. ) ;
#2939 = DIRECTION ( 'NONE',  ( 0.000000000000000000, 1.000000000000000000, 0.000000000000000000 ) ) ;
#2940 = VERTEX_POINT ( 'NONE', #22 ) ;
#2941 = AXIS2_PLACEMENT_3D ( 'NONE', #1447, #1755, #2668 ) ;
#2942 = CARTESIAN_POINT ( 'NONE',  ( -2.165063509458655222, 1.500000000000000000, 1.249999999998590905 ) ) ;
#2943 = DIRECTION ( 'NONE',  ( 0.000000000000000000, 0.000000000000000000, 1.000000000000000000 ) ) ;
#2944 = LINE ( 'NONE', #362, #3228 ) ;
#2945 = EDGE_LOOP ( 'NONE', ( #3142, #160, #3216, #145 ) ) ;
#2946 = ORIENTED_EDGE ( 'NONE', *, *, #2177, .F. ) ;
#2947 = CYLINDRICAL_SURFACE ( 'NONE', #1029, 1.000000000000000888 ) ;
#2948 = DIRECTION ( 'NONE',  ( 0.000000000000000000, 1.000000000000000000, -0.000000000000000000 ) ) ;
#2949 = DIRECTION ( 'NONE',  ( 0.000000000000000000, 0.000000000000000000, 1.000000000000000000 ) ) ;
#2950 = CARTESIAN_POINT ( 'NONE',  ( -13.09011422469387753, -1.499999999999999556, -11.32725708595006964 ) ) ;
#2951 = ORIENTED_EDGE ( 'NONE', *, *, #3700, .T. ) ;
#2952 = DIRECTION ( 'NONE',  ( -0.000000000000000000, 1.000000000000000000, -0.000000000000000000 ) ) ;
#2953 = ORIENTED_EDGE ( 'NONE', *, *, #1641, .F. ) ;
#2954 = EDGE_CURVE ( 'NONE', #2240, #1089, #2354, .T. ) ;
#2955 = PLANE ( 'NONE',  #239 ) ;
#2956 = CYLINDRICAL_SURFACE ( 'NONE', #2324, 4.550000000000001599 ) ;
#2957 = EDGE_CURVE ( 'NONE', #1524, #3025, #859, .T. ) ;
#2958 = EDGE_LOOP ( 'NONE', ( #2616, #1012, #1323, #1330 ) ) ;
#2959 = VECTOR ( 'NONE', #1124, 1000.000000000000227 ) ;
#2960 = PLANE ( 'NONE',  #3370 ) ;
#2961 = DIRECTION ( 'NONE',  ( 0.000000000000000000, 1.000000000000000000, 0.000000000000000000 ) ) ;
#2962 = ADVANCED_FACE ( 'NONE', ( #2711 ), #603, .F. ) ;
#2963 = CARTESIAN_POINT ( 'NONE',  ( 0.000000000000000000, 1.500000000000000000, 0.000000000000000000 ) ) ;
#2964 = VECTOR ( 'NONE', #3645, 1000.000000000000000 ) ;
#2965 = VERTEX_POINT ( 'NONE', #2054 ) ;
#2966 = ORIENTED_EDGE ( 'NONE', *, *, #1143, .T. ) ;
#2967 = CARTESIAN_POINT ( 'NONE',  ( -8.749999999999998224, 1.500000000000000000, -15.15544456622769509 ) ) ;
#2968 = CARTESIAN_POINT ( 'NONE',  ( 8.750000000000007105, 0.04999999999999665823, -15.15544456622769331 ) ) ;
#2969 = DIRECTION ( 'NONE',  ( 0.000000000000000000, 1.000000000000000000, -0.000000000000000000 ) ) ;
#2970 = CARTESIAN_POINT ( 'NONE',  ( -6.904072259451150551, -8.500000000000000000, -4.958203932501882960 ) ) ;
#2971 = EDGE_CURVE ( 'NONE', #1766, #653, #3615, .T. ) ;
#2972 = ORIENTED_EDGE ( 'NONE', *, *, #3456, .T. ) ;
#2973 = DIRECTION ( 'NONE',  ( 0.000000000000000000, 0.000000000000000000, 1.000000000000000000 ) ) ;
#2974 = ORIENTED_EDGE ( 'NONE', *, *, #3658, .T. ) ;
#2975 = EDGE_CURVE ( 'NONE', #1395, #1533, #2416, .T. ) ;
#2976 = DIRECTION ( 'NONE',  ( -0.000000000000000000, 1.000000000000000000, -0.000000000000000000 ) ) ;
#2977 = AXIS2_PLACEMENT_3D ( 'NONE', #3641, #2969, #3284 ) ;
#2978 = VERTEX_POINT ( 'NONE', #566 ) ;
#2979 = AXIS2_PLACEMENT_3D ( 'NONE', #3079, #371, #391 ) ;
#2980 = CARTESIAN_POINT ( 'NONE',  ( -12.22408882090951288, -1.499999999999999556, 11.82725708595003411 ) ) ;
#2981 = CARTESIAN_POINT ( 'NONE',  ( 8.750000000000005329, 0.04999999999999665823, 16.85544456622768550 ) ) ;
#2982 = LINE ( 'NONE', #54, #1154 ) ;
#2983 = DIRECTION ( 'NONE',  ( 0.000000000000000000, 1.000000000000000000, -0.000000000000000000 ) ) ;
#2984 = CIRCLE ( 'NONE', #652, 4.550000000000001599 ) ;
#2985 = ORIENTED_EDGE ( 'NONE', *, *, #1824, .F. ) ;
#2986 = ORIENTED_EDGE ( 'NONE', *, *, #1035, .F. ) ;
#2987 = FACE_OUTER_BOUND ( 'NONE', #2194, .T. ) ;
#2988 = CARTESIAN_POINT ( 'NONE',  ( -7.745966692414836707, -1.499999999999999556, 3.500000000000001776 ) ) ;
#2989 = LINE ( 'NONE', #300, #2087 ) ;
#2990 = CARTESIAN_POINT ( 'NONE',  ( 8.750000000000005329, 1.500000000000000000, 15.15544456622768976 ) ) ;
#2991 = AXIS2_PLACEMENT_3D ( 'NONE', #425, #3674, #3758 ) ;
#2992 = APPLICATION_CONTEXT ( 'automotive_design' ) ;
#2993 = VERTEX_POINT ( 'NONE', #2072 ) ;
#2994 = CIRCLE ( 'NONE', #1292, 0.9999999999999991118 ) ;
#2995 = DIRECTION ( 'NONE',  ( 0.000000000000000000, 1.000000000000000000, 0.000000000000000000 ) ) ;
#2996 = EDGE_LOOP ( 'NONE', ( #2763, #3546, #3195, #282 ) ) ;
#2997 = CIRCLE ( 'NONE', #1913, 1.000000000000000888 ) ;
#2998 = EDGE_CURVE ( 'NONE', #3562, #771, #2632, .T. ) ;
#2999 = PLANE ( 'NONE',  #16 ) ;
#3000 = VECTOR ( 'NONE', #336, 1000.000000000000000 ) ;
#3001 = CIRCLE ( 'NONE', #3632, 7.500000000000001776 ) ;
#3002 = DIRECTION ( 'NONE',  ( 0.000000000000000000, 1.000000000000000000, -0.000000000000000000 ) ) ;
#3003 = CIRCLE ( 'NONE', #3381, 1.699999999999996625 ) ;
#3004 = DIRECTION ( 'NONE',  ( 0.000000000000000000, 1.000000000000000000, 0.000000000000000000 ) ) ;
#3005 = AXIS2_PLACEMENT_3D ( 'NONE', #3167, #3204, #476 ) ;
#3006 = ADVANCED_FACE ( 'NONE', ( #1739 ), #2947, .F. ) ;
#3007 = ORIENTED_EDGE ( 'NONE', *, *, #2841, .T. ) ;
#3008 = AXIS2_PLACEMENT_3D ( 'NONE', #2705, #2939, #3572 ) ;
#3009 = AXIS2_PLACEMENT_3D ( 'NONE', #190, #555, #1058 ) ;
#3010 = ORIENTED_EDGE ( 'NONE', *, *, #3120, .T. ) ;
#3011 = DIRECTION ( 'NONE',  ( 0.5000000000000068834, 0.000000000000000000, 0.8660254037844345998 ) ) ;
#3012 = DIRECTION ( 'NONE',  ( 0.000000000000000000, 0.000000000000000000, 1.000000000000000000 ) ) ;
#3013 = ADVANCED_FACE ( 'NONE', ( #3879 ), #1180, .F. ) ;
#3014 = DIRECTION ( 'NONE',  ( -0.000000000000000000, 1.000000000000000000, -0.000000000000000000 ) ) ;
#3015 = FACE_OUTER_BOUND ( 'NONE', #1360, .T. ) ;
#3016 = VERTEX_POINT ( 'NONE', #3719 ) ;
#3017 = DIRECTION ( 'NONE',  ( 0.000000000000000000, 0.000000000000000000, 1.000000000000000000 ) ) ;
#3018 = LINE ( 'NONE', #1750, #629 ) ;
#3019 = EDGE_CURVE ( 'NONE', #1699, #528, #1008, .T. ) ;
#3020 = DIRECTION ( 'NONE',  ( -0.000000000000000000, 1.000000000000000000, -0.000000000000000000 ) ) ;
#3021 = CARTESIAN_POINT ( 'NONE',  ( 4.252989283015875088, -8.500000000000000000, 15.84782784977072367 ) ) ;
#3022 = ORIENTED_EDGE ( 'NONE', *, *, #2880, .F. ) ;
#3023 = EDGE_CURVE ( 'NONE', #980, #1717, #2098, .T. ) ;
#3024 = AXIS2_PLACEMENT_3D ( 'NONE', #1396, #1060, #2262 ) ;
#3025 = VERTEX_POINT ( 'NONE', #1232 ) ;
#3026 = CARTESIAN_POINT ( 'NONE',  ( -13.19273868914363312, 1.500000000000000000, -2.499999999999999112 ) ) ;
#3027 = DIRECTION ( 'NONE',  ( -0.000000000000000000, 1.000000000000000000, -0.000000000000000000 ) ) ;
#3028 = CARTESIAN_POINT ( 'NONE',  ( -8.761432854035911433, 1.500000000000000000, 10.17524685028866038 ) ) ;
#3029 = CARTESIAN_POINT ( 'NONE',  ( -14.72243186433539108, 1.500000000000000000, -8.500000000000115463 ) ) ;
#3030 = EDGE_CURVE ( 'NONE', #3068, #3179, #2506, .T. ) ;
#3031 = ORIENTED_EDGE ( 'NONE', *, *, #2691, .F. ) ;
#3032 = LINE ( 'NONE', #2396, #2936 ) ;
#3033 = ORIENTED_EDGE ( 'NONE', *, *, #733, .T. ) ;
#3034 = CARTESIAN_POINT ( 'NONE',  ( -15.48872410019255597, -1.499999999999999556, 5.172742914049913487 ) ) ;
#3035 = CARTESIAN_POINT ( 'NONE',  ( -13.19273868914363312, -8.500000000000000000, -2.499999999999999112 ) ) ;
#3036 = CARTESIAN_POINT ( 'NONE',  ( -11.59812687119609365, -8.500000000000000000, 11.60711068600005191 ) ) ;
#3037 = LINE ( 'NONE', #3057, #2366 ) ;
#3038 = ORIENTED_EDGE ( 'NONE', *, *, #2588, .T. ) ;
#3039 = VECTOR ( 'NONE', #1199, 1000.000000000000000 ) ;
#3040 = ORIENTED_EDGE ( 'NONE', *, *, #3247, .F. ) ;
#3041 = AXIS2_PLACEMENT_3D ( 'NONE', #352, #2148, #2765 ) ;
#3042 = EDGE_CURVE ( 'NONE', #2002, #3841, #2608, .T. ) ;
#3043 = LINE ( 'NONE', #2168, #166 ) ;
#3044 = DIRECTION ( 'NONE',  ( -0.000000000000000000, 1.000000000000000000, -0.000000000000000000 ) ) ;
#3045 = EDGE_CURVE ( 'NONE', #2106, #1601, #3491, .T. ) ;
#3046 = ORIENTED_EDGE ( 'NONE', *, *, #471, .T. ) ;
#3047 = DIRECTION ( 'NONE',  ( 0.000000000000000000, 1.000000000000000000, -0.000000000000000000 ) ) ;
#3048 = ORIENTED_EDGE ( 'NONE', *, *, #2625, .F. ) ;
#3049 = AXIS2_PLACEMENT_3D ( 'NONE', #992, #2189, #3401 ) ;
#3050 = EDGE_CURVE ( 'NONE', #1317, #132, #1310, .T. ) ;
#3051 = AXIS2_PLACEMENT_3D ( 'NONE', #2369, #2066, #3633 ) ;
#3052 = LINE ( 'NONE', #1844, #757 ) ;
#3053 = ORIENTED_EDGE ( 'NONE', *, *, #3055, .F. ) ;
#3054 = CARTESIAN_POINT ( 'NONE',  ( 8.750000000000005329, 0.04999999999999665823, 15.15544456622768976 ) ) ;
#3055 = EDGE_CURVE ( 'NONE', #1691, #755, #1228, .T. ) ;
#3056 = CARTESIAN_POINT ( 'NONE',  ( 17.50000000000001421, 1.500000000000001776, 4.853321584273757548E-15 ) ) ;
#3057 = CARTESIAN_POINT ( 'NONE',  ( -4.499464137394546981, -8.500000000000000000, 13.53203923153626853 ) ) ;
#3058 = ORIENTED_EDGE ( 'NONE', *, *, #2316, .F. ) ;
#3059 = AXIS2_PLACEMENT_3D ( 'NONE', #2175, #432, #1236 ) ;
#3060 = ORIENTED_EDGE ( 'NONE', *, *, #2195, .F. ) ;
#3061 = DIRECTION ( 'NONE',  ( 0.000000000000000000, 0.000000000000000000, 1.000000000000000000 ) ) ;
#3062 = CARTESIAN_POINT ( 'NONE',  ( 6.904072259454761884, 1.500000000000000000, 4.958203932496853206 ) ) ;
#3063 = ORIENTED_EDGE ( 'NONE', *, *, #3247, .T. ) ;
#3064 = DIRECTION ( 'NONE',  ( -0.000000000000000000, 1.000000000000000000, -0.000000000000000000 ) ) ;
#3065 = EDGE_LOOP ( 'NONE', ( #1758, #3462, #3742, #3046 ) ) ;
#3066 = EDGE_CURVE ( 'NONE', #126, #3603, #3433, .T. ) ;
#3067 = DIRECTION ( 'NONE',  ( 0.000000000000000000, 0.000000000000000000, 1.000000000000000000 ) ) ;
#3068 = VERTEX_POINT ( 'NONE', #3026 ) ;
#3069 = CARTESIAN_POINT ( 'NONE',  ( 4.431305835112031133, -1.499999999999999556, 12.67524685028481990 ) ) ;
#3070 = DIRECTION ( 'NONE',  ( 0.000000000000000000, 0.000000000000000000, 1.000000000000000000 ) ) ;
#3071 = ADVANCED_FACE ( 'NONE', ( #636 ), #1889, .F. ) ;
#3072 = CARTESIAN_POINT ( 'NONE',  ( -9.184850993605148438E-17, -1.499999999999999556, 1.742924699575454705E-16 ) ) ;
#3073 = LINE ( 'NONE', #748, #1519 ) ;
#3074 = CYLINDRICAL_SURFACE ( 'NONE', #1186, 1.000000000000000888 ) ;
#3075 = VERTEX_POINT ( 'NONE', #2729 ) ;
#3076 = LINE ( 'NONE', #1887, #535 ) ;
#3077 = ORIENTED_EDGE ( 'NONE', *, *, #778, .F. ) ;
#3078 = DIRECTION ( 'NONE',  ( 0.000000000000000000, 1.000000000000000000, 0.000000000000000000 ) ) ;
#3079 = CARTESIAN_POINT ( 'NONE',  ( 3.565280431325201338, -8.500000000000000000, -13.17524685029108156 ) ) ;
#3080 = VECTOR ( 'NONE', #3693, 1000.000000000000000 ) ;
#3081 = ORIENTED_EDGE ( 'NONE', *, *, #2726, .T. ) ;
#3082 = CARTESIAN_POINT ( 'NONE',  ( -15.85111615421194031, 1.500000000000000000, -4.240717163770692189 ) ) ;
#3083 = VERTEX_POINT ( 'NONE', #1250 ) ;
#3084 = ADVANCED_FACE ( 'NONE', ( #2147 ), #3360, .F. ) ;
#3085 = AXIS2_PLACEMENT_3D ( 'NONE', #1297, #2495, #474 ) ;
#3086 = CARTESIAN_POINT ( 'NONE',  ( 17.50000000000001421, 1.500000000000001776, 4.853321584273757548E-15 ) ) ;
#3087 = ORIENTED_EDGE ( 'NONE', *, *, #1816, .T. ) ;
#3088 = AXIS2_PLACEMENT_3D ( 'NONE', #9, #917, #3600 ) ;
#3089 = DIRECTION ( 'NONE',  ( 0.000000000000000000, 1.000000000000000000, -0.000000000000000000 ) ) ;
#3090 = DIRECTION ( 'NONE',  ( -0.000000000000000000, 1.000000000000000000, -0.000000000000000000 ) ) ;
#3091 = EDGE_CURVE ( 'NONE', #2053, #1772, #1267, .T. ) ;
#3092 = DIRECTION ( 'NONE',  ( -0.000000000000000000, 1.000000000000000000, -0.000000000000000000 ) ) ;
#3093 = DIRECTION ( 'NONE',  ( 0.000000000000000000, 0.000000000000000000, 1.000000000000000000 ) ) ;
#3094 = ORIENTED_EDGE ( 'NONE', *, *, #1178, .T. ) ;
#3095 = DIRECTION ( 'NONE',  ( 0.000000000000000000, 0.000000000000000000, 1.000000000000000000 ) ) ;
#3096 = ORIENTED_EDGE ( 'NONE', *, *, #3135, .F. ) ;
#3097 = DIRECTION ( 'NONE',  ( 0.000000000000000000, 0.000000000000000000, 1.000000000000000000 ) ) ;
#3098 = CARTESIAN_POINT ( 'NONE',  ( -3.565280431327402244, 1.500000000000000000, 13.17524685028541320 ) ) ;
#3099 = VECTOR ( 'NONE', #2820, 1000.000000000000000 ) ;
#3100 = ORIENTED_EDGE ( 'NONE', *, *, #2356, .F. ) ;
#3101 = DIRECTION ( 'NONE',  ( -0.000000000000000000, 1.000000000000000000, -0.000000000000000000 ) ) ;
#3102 = VERTEX_POINT ( 'NONE', #3677 ) ;
#3103 = AXIS2_PLACEMENT_3D ( 'NONE', #3764, #3481, #1995 ) ;
#3104 = ORIENTED_EDGE ( 'NONE', *, *, #3145, .F. ) ;
#3105 = CARTESIAN_POINT ( 'NONE',  ( -8.749999999999998224, 1.500000000000001776, -18.30544456622769545 ) ) ;
#3106 = FACE_OUTER_BOUND ( 'NONE', #3784, .T. ) ;
#3107 = DIRECTION ( 'NONE',  ( 0.000000000000000000, 0.000000000000000000, 1.000000000000000000 ) ) ;
#3108 = VECTOR ( 'NONE', #2781, 1000.000000000000000 ) ;
#3109 = CARTESIAN_POINT ( 'NONE',  ( 0.8418944329592915610, -1.499999999999999556, -8.458203932499628763 ) ) ;
#3110 = LINE ( 'NONE', #421, #2008 ) ;
#3111 = VECTOR ( 'NONE', #947, 1000.000000000000000 ) ;
#3112 = EDGE_LOOP ( 'NONE', ( #1358, #175, #189, #3728 ) ) ;
#3113 = AXIS2_PLACEMENT_3D ( 'NONE', #1078, #2578, #173 ) ;
#3114 = DIRECTION ( 'NONE',  ( 0.000000000000000000, 1.000000000000000000, 0.000000000000000000 ) ) ;
#3115 = EDGE_CURVE ( 'NONE', #2842, #1317, #2857, .T. ) ;
#3116 = ORIENTED_EDGE ( 'NONE', *, *, #1744, .T. ) ;
#3117 = CARTESIAN_POINT ( 'NONE',  ( -23.09401076758504345, 1.500000000000000000, 1.612646152681311659E-13 ) ) ;
#3118 = DIRECTION ( 'NONE',  ( 0.000000000000000000, 0.000000000000000000, 1.000000000000000000 ) ) ;
#3119 = AXIS2_PLACEMENT_3D ( 'NONE', #1683, #2890, #204 ) ;
#3120 = EDGE_CURVE ( 'NONE', #3613, #414, #3043, .T. ) ;
#3121 = ORIENTED_EDGE ( 'NONE', *, *, #1285, .F. ) ;
#3122 = AXIS2_PLACEMENT_3D ( 'NONE', #3463, #3160, #1031 ) ;
#3123 = CARTESIAN_POINT ( 'NONE',  ( 8.750000000000005329, -1.500000000000000000, 15.15544456622768976 ) ) ;
#3124 = VERTEX_POINT ( 'NONE', #1585 ) ;
#3125 = CIRCLE ( 'NONE', #1391, 4.550000000000001599 ) ;
#3126 = AXIS2_PLACEMENT_3D ( 'NONE', #3393, #1318, #2517 ) ;
#3127 = VECTOR ( 'NONE', #2423, 1000.000000000000000 ) ;
#3128 = CARTESIAN_POINT ( 'NONE',  ( 11.59812687119604391, -8.500000000000000000, 11.60711068600008034 ) ) ;
#3129 = EDGE_LOOP ( 'NONE', ( #3707, #2276, #640, #2482 ) ) ;
#3130 = DIRECTION ( 'NONE',  ( 0.000000000000000000, 0.000000000000000000, 1.000000000000000000 ) ) ;
#3131 = DIRECTION ( 'NONE',  ( 0.000000000000000000, 0.000000000000000000, 1.000000000000000000 ) ) ;
#3132 = DIRECTION ( 'NONE',  ( 0.000000000000000000, 0.000000000000000000, 1.000000000000000000 ) ) ;
#3133 = CARTESIAN_POINT ( 'NONE',  ( 6.904072259454761884, -1.499999999999999556, 4.958203932496853206 ) ) ;
#3134 = CARTESIAN_POINT ( 'NONE',  ( -9.627458257820350696, -1.499999999999999556, 9.675246850288658607 ) ) ;
#3135 = EDGE_CURVE ( 'NONE', #2604, #220, #2544, .T. ) ;
#3136 = ORIENTED_EDGE ( 'NONE', *, *, #1122, .F. ) ;
#3137 = DIRECTION ( 'NONE',  ( 0.000000000000000000, 0.000000000000000000, 1.000000000000000000 ) ) ;
#3138 = ORIENTED_EDGE ( 'NONE', *, *, #2059, .T. ) ;
#3139 = CARTESIAN_POINT ( 'NONE',  ( -0.8418944329588047282, -8.500000000000000000, -8.458203932499678501 ) ) ;
#3140 = DIRECTION ( 'NONE',  ( 0.000000000000000000, 1.000000000000000000, 0.000000000000000000 ) ) ;
#3141 = EDGE_CURVE ( 'NONE', #3, #3068, #846, .T. ) ;
#3142 = ORIENTED_EDGE ( 'NONE', *, *, #375, .T. ) ;
#3143 = DIRECTION ( 'NONE',  ( -0.000000000000000000, 1.000000000000000000, -0.000000000000000000 ) ) ;
#3144 = CARTESIAN_POINT ( 'NONE',  ( -8.749999999999996447, -1.500000000000000000, 16.85544456622768550 ) ) ;
#3145 = EDGE_CURVE ( 'NONE', #867, #900, #2750, .T. ) ;
#3146 = ORIENTED_EDGE ( 'NONE', *, *, #3721, .T. ) ;
#3147 = DIRECTION ( 'NONE',  ( -0.000000000000000000, 1.000000000000000000, -0.000000000000000000 ) ) ;
#3148 = ORIENTED_EDGE ( 'NONE', *, *, #581, .T. ) ;
#3149 = AXIS2_PLACEMENT_3D ( 'NONE', #3407, #1316, #2214 ) ;
#3150 = DIRECTION ( 'NONE',  ( 0.000000000000000000, 0.000000000000000000, 1.000000000000000000 ) ) ;
#3151 = DIRECTION ( 'NONE',  ( 0.000000000000000000, 0.000000000000000000, 1.000000000000000000 ) ) ;
#3152 = CARTESIAN_POINT ( 'NONE',  ( -3.565280431324996169, -8.500000000000000000, -13.17524685029160736 ) ) ;
#3153 = CARTESIAN_POINT ( 'NONE',  ( 6.091828464221856088, -1.499999999999999556, -4.374885822795427259 ) ) ;
#3154 = ORIENTED_EDGE ( 'NONE', *, *, #2546, .T. ) ;
#3155 = CARTESIAN_POINT ( 'NONE',  ( -17.50000000000000355, -1.500000000000000000, 1.699999999999980194 ) ) ;
#3156 = ORIENTED_EDGE ( 'NONE', *, *, #289, .F. ) ;
#3157 = FACE_BOUND ( 'NONE', #870, .T. ) ;
#3158 = ORIENTED_EDGE ( 'NONE', *, *, #2822, .F. ) ;
#3159 = AXIS2_PLACEMENT_3D ( 'NONE', #1513, #2092, #2112 ) ;
#3160 = DIRECTION ( 'NONE',  ( 0.000000000000000000, 1.000000000000000000, 0.000000000000000000 ) ) ;
#3161 = CARTESIAN_POINT ( 'NONE',  ( -6.091828464221602069, -1.499999999999999556, -4.374885822795779866 ) ) ;
#3162 = AXIS2_PLACEMENT_3D ( 'NONE', #2371, #3576, #3558 ) ;
#3163 = ORIENTED_EDGE ( 'NONE', *, *, #1965, .F. ) ;
#3164 = CARTESIAN_POINT ( 'NONE',  ( 4.499464137392734209, -1.499999999999999556, -13.53203923154092259 ) ) ;
#3165 = VERTEX_POINT ( 'NONE', #116 ) ;
#3166 = VECTOR ( 'NONE', #316, 1000.000000000000000 ) ;
#3167 = CARTESIAN_POINT ( 'NONE',  ( -3.264635279283073288, -8.500000000000000000, -15.99999999999987921 ) ) ;
#3168 = AXIS2_PLACEMENT_3D ( 'NONE', #2742, #3090, #2400 ) ;
#3169 = CARTESIAN_POINT ( 'NONE',  ( 14.72243186433544970, -1.500000000000000000, 8.499999999999994671 ) ) ;
#3170 = CARTESIAN_POINT ( 'NONE',  ( -6.038046855670033075, -8.500000000000000000, 5.458203932497262656 ) ) ;
#3171 = EDGE_CURVE ( 'NONE', #276, #3367, #1658, .T. ) ;
#3172 = VECTOR ( 'NONE', #93, 1000.000000000000000 ) ;
#3173 = ORIENTED_EDGE ( 'NONE', *, *, #2846, .T. ) ;
#3174 = CIRCLE ( 'NONE', #785, 4.550000000000001599 ) ;
#3175 = CARTESIAN_POINT ( 'NONE',  ( -11.54700538379233699, -1.500000000000000000, 20.00000000000011724 ) ) ;
#3176 = FACE_OUTER_BOUND ( 'NONE', #1076, .T. ) ;
#3177 = VERTEX_POINT ( 'NONE', #154 ) ;
#3178 = CARTESIAN_POINT ( 'NONE',  ( -8.749999999999998224, -8.500000000000000000, -15.15544456622769509 ) ) ;
#3179 = VERTEX_POINT ( 'NONE', #968 ) ;
#3180 = CARTESIAN_POINT ( 'NONE',  ( 8.750000000000005329, 1.500000000000000000, 16.85544456622768550 ) ) ;
#3181 = CARTESIAN_POINT ( 'NONE',  ( 7.745966692414836707, 1.500000000000000000, -2.500000000000000000 ) ) ;
#3182 = CIRCLE ( 'NONE', #181, 3.149999999999999911 ) ;
#3183 = VECTOR ( 'NONE', #1550, 1000.000000000000000 ) ;
#3184 = AXIS2_PLACEMENT_3D ( 'NONE', #1675, #196, #3830 ) ;
#3185 = EDGE_LOOP ( 'NONE', ( #2609, #1807, #950, #3241, #3288, #842, #3853, #3863, #1369, #3517, #3695, #1139 ) ) ;
#3186 = ORIENTED_EDGE ( 'NONE', *, *, #3583, .F. ) ;
#3187 = EDGE_CURVE ( 'NONE', #67, #3423, #3736, .T. ) ;
#3188 = CARTESIAN_POINT ( 'NONE',  ( 4.499464137392734209, 1.500000000000000000, -13.53203923154092259 ) ) ;
#3189 = CARTESIAN_POINT ( 'NONE',  ( -17.50000000000000355, 1.500000000000001776, -1.655234598692008349E-14 ) ) ;
#3190 = ORIENTED_EDGE ( 'NONE', *, *, #809, .F. ) ;
#3191 = EDGE_CURVE ( 'NONE', #3843, #1699, #1352, .T. ) ;
#3192 = EDGE_CURVE ( 'NONE', #497, #2060, #2161, .T. ) ;
#3193 = DIRECTION ( 'NONE',  ( 0.000000000000000000, 1.000000000000000000, -0.000000000000000000 ) ) ;
#3194 = DIRECTION ( 'NONE',  ( 0.000000000000000000, 0.000000000000000000, 1.000000000000000000 ) ) ;
#3195 = ORIENTED_EDGE ( 'NONE', *, *, #1238, .F. ) ;
#3196 = FACE_OUTER_BOUND ( 'NONE', #1179, .T. ) ;
#3197 = ORIENTED_EDGE ( 'NONE', *, *, #2998, .T. ) ;
#3198 = ORIENTED_EDGE ( 'NONE', *, *, #49, .T. ) ;
#3199 = CARTESIAN_POINT ( 'NONE',  ( -4.252989283015924826, -8.500000000000000000, 15.84782784977072367 ) ) ;
#3200 = DIRECTION ( 'NONE',  ( 0.000000000000000000, 0.000000000000000000, 1.000000000000000000 ) ) ;
#3201 = VERTEX_POINT ( 'NONE', #444 ) ;
#3202 = DIRECTION ( 'NONE',  ( 1.000000000000000000, 0.000000000000000000, -7.962163080346640843E-17 ) ) ;
#3203 = VERTEX_POINT ( 'NONE', #2206 ) ;
#3204 = DIRECTION ( 'NONE',  ( -0.000000000000000000, 1.000000000000000000, -0.000000000000000000 ) ) ;
#3205 = CIRCLE ( 'NONE', #2447, 1.699999999999996625 ) ;
#3206 = DIRECTION ( 'NONE',  ( 0.000000000000000000, 1.000000000000000000, 0.000000000000000000 ) ) ;
#3207 = EDGE_CURVE ( 'NONE', #3660, #980, #751, .T. ) ;
#3208 = LINE ( 'NONE', #3787, #2959 ) ;
#3209 = EDGE_CURVE ( 'NONE', #1295, #30, #1006, .T. ) ;
#3210 = CARTESIAN_POINT ( 'NONE',  ( -11.54700538379233699, 1.500000000000000000, 20.00000000000011724 ) ) ;
#3211 = VERTEX_POINT ( 'NONE', #3417 ) ;
#3212 = CARTESIAN_POINT ( 'NONE',  ( 0.8418944329649671321, 1.500000000000000000, 8.458203932499065658 ) ) ;
#3213 = LINE ( 'NONE', #3233, #2541 ) ;
#3214 = VERTEX_POINT ( 'NONE', #3155 ) ;
#3215 = DIRECTION ( 'NONE',  ( 0.000000000000000000, 0.000000000000000000, 1.000000000000000000 ) ) ;
#3216 = ORIENTED_EDGE ( 'NONE', *, *, #3457, .F. ) ;
#3217 = DIRECTION ( 'NONE',  ( 0.000000000000000000, 0.000000000000000000, 1.000000000000000000 ) ) ;
#3218 = ORIENTED_EDGE ( 'NONE', *, *, #1463, .T. ) ;
#3219 = EDGE_CURVE ( 'NONE', #927, #38, #1046, .T. ) ;
#3220 = CARTESIAN_POINT ( 'NONE',  ( 8.750000000000005329, 0.04999999999999665823, 13.45544456622769403 ) ) ;
#3221 = ORIENTED_EDGE ( 'NONE', *, *, #395, .F. ) ;
#3222 = DIRECTION ( 'NONE',  ( -0.000000000000000000, 1.000000000000000000, -0.000000000000000000 ) ) ;
#3223 = ORIENTED_EDGE ( 'NONE', *, *, #1813, .T. ) ;
#3224 = DIRECTION ( 'NONE',  ( 0.4999999999999999445, 0.000000000000000000, -0.8660254037844385966 ) ) ;
#3225 = VECTOR ( 'NONE', #723, 1000.000000000000000 ) ;
#3226 = UNCERTAINTY_MEASURE_WITH_UNIT (LENGTH_MEASURE( 1.000000000000000082E-05 ), #1984, 'distance_accuracy_value', 'NONE');
#3227 = CARTESIAN_POINT ( 'NONE',  ( 9.627458257814346609, 1.500000000000000000, -9.675246850287742006 ) ) ;
#3228 = VECTOR ( 'NONE', #2348, 1000.000000000000000 ) ;
#3229 = FACE_BOUND ( 'NONE', #264, .T. ) ;
#3230 = ORIENTED_EDGE ( 'NONE', *, *, #3045, .F. ) ;
#3231 = VECTOR ( 'NONE', #2255, 1000.000000000000227 ) ;
#3232 = CYLINDRICAL_SURFACE ( 'NONE', #2926, 1.000000000000000888 ) ;
#3233 = CARTESIAN_POINT ( 'NONE',  ( -9.469357670825701234, -8.500000000000000000, 10.66266986216955814 ) ) ;
#3234 = ORIENTED_EDGE ( 'NONE', *, *, #169, .F. ) ;
#3235 = VECTOR ( 'NONE', #331, 1000.000000000000000 ) ;
#3236 = FACE_BOUND ( 'NONE', #1057, .T. ) ;
#3237 = EDGE_CURVE ( 'NONE', #1037, #2363, #1971, .T. ) ;
#3238 = ORIENTED_EDGE ( 'NONE', *, *, #1813, .F. ) ;
#3239 = AXIS2_PLACEMENT_3D ( 'NONE', #1653, #2861, #3773 ) ;
#3240 = ADVANCED_FACE ( 'NONE', ( #3698 ), #1308, .F. ) ;
#3241 = ORIENTED_EDGE ( 'NONE', *, *, #1387, .F. ) ;
#3242 = DIRECTION ( 'NONE',  ( 0.000000000000000000, 0.000000000000000000, 1.000000000000000000 ) ) ;
#3243 = LINE ( 'NONE', #2110, #3166 ) ;
#3244 = AXIS2_PLACEMENT_3D ( 'NONE', #2457, #2520, #2243 ) ;
#3245 = CARTESIAN_POINT ( 'NONE',  ( 8.761432854029905570, 1.500000000000000000, -10.17524685028773845 ) ) ;
#3246 = DIRECTION ( 'NONE',  ( 0.000000000000000000, 1.000000000000000000, -0.000000000000000000 ) ) ;
#3247 = EDGE_CURVE ( 'NONE', #1952, #2309, #2779, .T. ) ;
#3248 = ORIENTED_EDGE ( 'NONE', *, *, #2553, .T. ) ;
#3249 = FACE_OUTER_BOUND ( 'NONE', #1768, .T. ) ;
#3250 = ORIENTED_EDGE ( 'NONE', *, *, #2804, .T. ) ;
#3251 = DIRECTION ( 'NONE',  ( -0.5000000000000001110, 0.000000000000000000, -0.8660254037844385966 ) ) ;
#3252 = AXIS2_PLACEMENT_3D ( 'NONE', #1588, #3047, #101 ) ;
#3253 = CARTESIAN_POINT ( 'NONE',  ( -12.22408882090951288, 1.500000000000000000, 10.82725708595003411 ) ) ;
#3254 = CIRCLE ( 'NONE', #800, 1.699999999999996625 ) ;
#3255 = FACE_OUTER_BOUND ( 'NONE', #3400, .T. ) ;
#3256 = ORIENTED_EDGE ( 'NONE', *, *, #1024, .F. ) ;
#3257 = DIRECTION ( 'NONE',  ( 0.000000000000000000, 0.000000000000000000, 1.000000000000000000 ) ) ;
#3258 = CARTESIAN_POINT ( 'NONE',  ( -8.749999999999998224, -1.500000000000000000, -15.15544456622769509 ) ) ;
#3259 = VERTEX_POINT ( 'NONE', #1906 ) ;
#3260 = EDGE_CURVE ( 'NONE', #3177, #3016, #2229, .T. ) ;
#3261 = CARTESIAN_POINT ( 'NONE',  ( -8.749999999999996447, 1.500000000000000000, 15.15544456622769154 ) ) ;
#3262 = ORIENTED_EDGE ( 'NONE', *, *, #1553, .F. ) ;
#3263 = VERTEX_POINT ( 'NONE', #1325 ) ;
#3264 = DIRECTION ( 'NONE',  ( 0.000000000000000000, 0.000000000000000000, 1.000000000000000000 ) ) ;
#3265 = CARTESIAN_POINT ( 'NONE',  ( -13.19273868914366332, -1.499999999999999556, 3.500000000000002220 ) ) ;
#3266 = DIRECTION ( 'NONE',  ( 0.000000000000000000, 1.000000000000000000, -0.000000000000000000 ) ) ;
#3267 = FACE_OUTER_BOUND ( 'NONE', #627, .T. ) ;
#3268 = ADVANCED_FACE ( 'NONE', ( #1931 ), #2166, .F. ) ;
#3269 = ORIENTED_EDGE ( 'NONE', *, *, #3587, .F. ) ;
#3270 = PLANE ( 'NONE',  #481 ) ;
#3271 = ORIENTED_EDGE ( 'NONE', *, *, #3757, .F. ) ;
#3272 = LINE ( 'NONE', #1520, #2577 ) ;
#3273 = ORIENTED_EDGE ( 'NONE', *, *, #2257, .F. ) ;
#3274 = AXIS2_PLACEMENT_3D ( 'NONE', #3627, #3588, #1791 ) ;
#3275 = LINE ( 'NONE', #3036, #172 ) ;
#3276 = DIRECTION ( 'NONE',  ( 0.000000000000000000, 0.000000000000000000, 1.000000000000000000 ) ) ;
#3277 = DIRECTION ( 'NONE',  ( -0.000000000000000000, 1.000000000000000000, -0.000000000000000000 ) ) ;
#3278 = VECTOR ( 'NONE', #2789, 1000.000000000000000 ) ;
#3279 = ORIENTED_EDGE ( 'NONE', *, *, #2853, .T. ) ;
#3280 = EDGE_LOOP ( 'NONE', ( #1034, #1094 ) ) ;
#3281 = VECTOR ( 'NONE', #1158, 1000.000000000000000 ) ;
#3282 = DIRECTION ( 'NONE',  ( 0.000000000000000000, 1.000000000000000000, -0.000000000000000000 ) ) ;
#3283 = LINE ( 'NONE', #547, #2540 ) ;
#3284 = DIRECTION ( 'NONE',  ( 0.000000000000000000, 0.000000000000000000, 1.000000000000000000 ) ) ;
#3285 = CARTESIAN_POINT ( 'NONE',  ( -12.22408882090951288, -8.500000000000000000, 10.82725708595003411 ) ) ;
#3286 = ORIENTED_EDGE ( 'NONE', *, *, #2513, .T. ) ;
#3287 = CARTESIAN_POINT ( 'NONE',  ( -15.48872410019258616, -8.500000000000000000, -5.172742914049957896 ) ) ;
#3288 = ORIENTED_EDGE ( 'NONE', *, *, #311, .F. ) ;
#3289 = EDGE_CURVE ( 'NONE', #3613, #667, #2738, .T. ) ;
#3290 = DIRECTION ( 'NONE',  ( 0.4999999999999996669, 0.000000000000000000, -0.8660254037844388186 ) ) ;
#3291 = VECTOR ( 'NONE', #1821, 1000.000000000000000 ) ;
#3292 = VECTOR ( 'NONE', #1992, 1000.000000000000000 ) ;
#3293 = EDGE_CURVE ( 'NONE', #2756, #3357, #2860, .T. ) ;
#3294 = DIRECTION ( 'NONE',  ( -0.000000000000000000, 1.000000000000000000, -0.000000000000000000 ) ) ;
#3295 = CARTESIAN_POINT ( 'NONE',  ( -17.50000000000000355, -1.500000000000000000, -1.655234598692008349E-14 ) ) ;
#3296 = CIRCLE ( 'NONE', #408, 0.9999999999999991118 ) ;
#3297 = ORIENTED_EDGE ( 'NONE', *, *, #243, .T. ) ;
#3298 = ORIENTED_EDGE ( 'NONE', *, *, #2026, .T. ) ;
#3299 = DIRECTION ( 'NONE',  ( 0.000000000000000000, 0.000000000000000000, 1.000000000000000000 ) ) ;
#3300 = DIRECTION ( 'NONE',  ( -0.000000000000000000, 1.000000000000000000, -0.000000000000000000 ) ) ;
#3301 = CARTESIAN_POINT ( 'NONE',  ( -4.431305835109433211, -8.500000000000000000, -12.67524685029160914 ) ) ;
#3302 = CARTESIAN_POINT ( 'NONE',  ( 3.264635279283097713, 1.500000000000000000, 16.99999999999996803 ) ) ;
#3303 = VECTOR ( 'NONE', #1526, 1000.000000000000000 ) ;
#3304 = ORIENTED_EDGE ( 'NONE', *, *, #1529, .T. ) ;
#3305 = VECTOR ( 'NONE', #273, 1000.000000000000000 ) ;
#3306 = DIRECTION ( 'NONE',  ( 0.000000000000000000, 1.000000000000000000, -0.000000000000000000 ) ) ;
#3307 = VERTEX_POINT ( 'NONE', #387 ) ;
#3308 = EDGE_CURVE ( 'NONE', #1601, #2213, #3076, .T. ) ;
#3309 = CARTESIAN_POINT ( 'NONE',  ( -9.184850993605148438E-17, -1.499999999999999556, 7.500000000000001776 ) ) ;
#3310 = CARTESIAN_POINT ( 'NONE',  ( 8.750000000000005329, 0.04999999999999665823, 15.15544456622768976 ) ) ;
#3311 = AXIS2_PLACEMENT_3D ( 'NONE', #3783, #1075, #802 ) ;
#3312 = CARTESIAN_POINT ( 'NONE',  ( 17.50000000000001421, -1.500000000000000000, -1.699999999999991962 ) ) ;
#3313 = EDGE_CURVE ( 'NONE', #497, #1145, #2524, .T. ) ;
#3314 = AXIS2_PLACEMENT_3D ( 'NONE', #1679, #2529, #3743 ) ;
#3315 = DIRECTION ( 'NONE',  ( 0.000000000000000000, 0.000000000000000000, 1.000000000000000000 ) ) ;
#3316 = DIRECTION ( 'NONE',  ( 0.000000000000000000, 0.000000000000000000, 1.000000000000000000 ) ) ;
#3317 = ORIENTED_EDGE ( 'NONE', *, *, #3115, .T. ) ;
#3318 = AXIS2_PLACEMENT_3D ( 'NONE', #3527, #1454, #725 ) ;
#3319 = ADVANCED_FACE ( 'NONE', ( #114 ), #2838, .F. ) ;
#3320 = VECTOR ( 'NONE', #3710, 1000.000000000000000 ) ;
#3321 = VERTEX_POINT ( 'NONE', #3553 ) ;
#3322 = DIRECTION ( 'NONE',  ( 0.5000000000000002220, 0.000000000000000000, 0.8660254037844384856 ) ) ;
#3323 = DIRECTION ( 'NONE',  ( 0.000000000000000000, 1.000000000000000000, 0.000000000000000000 ) ) ;
#3324 = CARTESIAN_POINT ( 'NONE',  ( -4.431305835111842839, -1.499999999999999556, 12.67524685028541676 ) ) ;
#3325 = DIRECTION ( 'NONE',  ( 0.000000000000000000, 1.000000000000000000, -0.000000000000000000 ) ) ;
#3326 = ADVANCED_FACE ( 'NONE', ( #2326 ), #2307, .F. ) ;
#3327 = ORIENTED_EDGE ( 'NONE', *, *, #10, .T. ) ;
#3328 = FACE_OUTER_BOUND ( 'NONE', #2611, .T. ) ;
#3329 = ORIENTED_EDGE ( 'NONE', *, *, #2059, .F. ) ;
#3330 = APPLICATION_PROTOCOL_DEFINITION ( 'draft international standard', 'automotive_design', 1998, #2859 ) ;
#3331 = DIRECTION ( 'NONE',  ( 0.000000000000000000, 0.000000000000000000, 1.000000000000000000 ) ) ;
#3332 = CARTESIAN_POINT ( 'NONE',  ( 8.750000000000007105, -1.499999999999999556, -15.15544456622769331 ) ) ;
#3333 = CARTESIAN_POINT ( 'NONE',  ( -13.09011422469395569, -8.500000000000000000, 11.32725708595003233 ) ) ;
#3334 = EDGE_CURVE ( 'NONE', #2643, #2604, #3518, .T. ) ;
#3335 = DIRECTION ( 'NONE',  ( 0.000000000000000000, 1.000000000000000000, 0.000000000000000000 ) ) ;
#3336 = DIRECTION ( 'NONE',  ( -0.5000000000000003331, 0.000000000000000000, -0.8660254037844383745 ) ) ;
#3337 = ORIENTED_EDGE ( 'NONE', *, *, #2625, .T. ) ;
#3338 = AXIS2_PLACEMENT_3D ( 'NONE', #1883, #402, #2204 ) ;
#3339 = AXIS2_PLACEMENT_3D ( 'NONE', #1013, #998, #125 ) ;
#3340 = EDGE_CURVE ( 'NONE', #3562, #3102, #1727, .T. ) ;
#3341 = VERTEX_POINT ( 'NONE', #851 ) ;
#3342 = DIRECTION ( 'NONE',  ( 0.000000000000000000, 0.000000000000000000, 1.000000000000000000 ) ) ;
#3343 = CYLINDRICAL_SURFACE ( 'NONE', #2979, 1.000000000000000888 ) ;
#3344 = ADVANCED_FACE ( 'NONE', ( #827 ), #3851, .F. ) ;
#3345 = ORIENTED_EDGE ( 'NONE', *, *, #1650, .T. ) ;
#3346 = CARTESIAN_POINT ( 'NONE',  ( -8.749999999999996447, 0.04999999999999665823, 15.15544456622769154 ) ) ;
#3347 = ORIENTED_EDGE ( 'NONE', *, *, #495, .T. ) ;
#3348 = DIRECTION ( 'NONE',  ( -0.000000000000000000, 1.000000000000000000, -0.000000000000000000 ) ) ;
#3349 = ORIENTED_EDGE ( 'NONE', *, *, #3750, .F. ) ;
#3350 = CARTESIAN_POINT ( 'NONE',  ( -14.72243186433551365, 1.500000000000000000, 8.499999999999907629 ) ) ;
#3351 = SURFACE_SIDE_STYLE ('',( #3648 ) ) ;
#3352 = DIRECTION ( 'NONE',  ( 0.000000000000000000, 0.000000000000000000, 1.000000000000000000 ) ) ;
#3353 = AXIS2_PLACEMENT_3D ( 'NONE', #3098, #2131, #3118 ) ;
#3354 = DIRECTION ( 'NONE',  ( 0.000000000000000000, 1.000000000000000000, 0.000000000000000000 ) ) ;
#3355 = ORIENTED_EDGE ( 'NONE', *, *, #434, .F. ) ;
#3356 = CIRCLE ( 'NONE', #1648, 3.149999999999999911 ) ;
#3357 = VERTEX_POINT ( 'NONE', #252 ) ;
#3358 = ADVANCED_FACE ( 'NONE', ( #1147 ), #3495, .F. ) ;
#3359 = VECTOR ( 'NONE', #2530, 1000.000000000000000 ) ;
#3360 = CYLINDRICAL_SURFACE ( 'NONE', #2038, 5.000000000000000000 ) ;
#3361 = CARTESIAN_POINT ( 'NONE',  ( 9.627458257820959986, -1.499999999999999556, 9.675246850288791833 ) ) ;
#3362 = CARTESIAN_POINT ( 'NONE',  ( -11.54700538379261232, -1.500000000000000000, -19.99999999999996092 ) ) ;
#3363 = CIRCLE ( 'NONE', #344, 1.000000000000000888 ) ;
#3364 = CIRCLE ( 'NONE', #1164, 1.699999999999996625 ) ;
#3365 = ORIENTED_EDGE ( 'NONE', *, *, #1341, .F. ) ;
#3366 = FACE_OUTER_BOUND ( 'NONE', #523, .T. ) ;
#3367 = VERTEX_POINT ( 'NONE', #1733 ) ;
#3368 = AXIS2_PLACEMENT_3D ( 'NONE', #2427, #1819, #3061 ) ;
#3369 = ADVANCED_FACE ( 'NONE', ( #1063 ), #810, .F. ) ;
#3370 = AXIS2_PLACEMENT_3D ( 'NONE', #1192, #1774, #598 ) ;
#3371 = LINE ( 'NONE', #435, #3785 ) ;
#3372 = ORIENTED_EDGE ( 'NONE', *, *, #989, .F. ) ;
#3373 = AXIS2_PLACEMENT_3D ( 'NONE', #3227, #3770, #2300 ) ;
#3374 = AXIS2_PLACEMENT_3D ( 'NONE', #2370, #2690, #2 ) ;
#3375 = CARTESIAN_POINT ( 'NONE',  ( 12.22408882090946136, -1.499999999999999556, 10.82725708595005720 ) ) ;
#3376 = DIRECTION ( 'NONE',  ( 0.000000000000000000, 0.000000000000000000, 1.000000000000000000 ) ) ;
#3377 = CIRCLE ( 'NONE', #3374, 1.000000000000002665 ) ;
#3378 = CIRCLE ( 'NONE', #2620, 0.9999999999999991118 ) ;
#3379 = ORIENTED_EDGE ( 'NONE', *, *, #3042, .F. ) ;
#3380 = VECTOR ( 'NONE', #975, 1000.000000000000000 ) ;
#3381 = AXIS2_PLACEMENT_3D ( 'NONE', #3295, #310, #580 ) ;
#3382 = DIRECTION ( 'NONE',  ( 0.000000000000000000, 1.000000000000000000, 0.000000000000000000 ) ) ;
#3383 = VERTEX_POINT ( 'NONE', #1399 ) ;
#3384 = CARTESIAN_POINT ( 'NONE',  ( 8.750000000000005329, -1.499999999999999556, 15.15544456622768088 ) ) ;
#3385 = VECTOR ( 'NONE', #1595, 1000.000000000000000 ) ;
#3386 = CARTESIAN_POINT ( 'NONE',  ( 23.09401076758504701, 1.500000000000000000, 0.000000000000000000 ) ) ;
#3387 = ORIENTED_EDGE ( 'NONE', *, *, #589, .F. ) ;
#3388 = DIRECTION ( 'NONE',  ( 0.000000000000000000, 0.000000000000000000, 1.000000000000000000 ) ) ;
#3389 = ORIENTED_EDGE ( 'NONE', *, *, #3219, .T. ) ;
#3390 = EDGE_CURVE ( 'NONE', #1756, #53, #2164, .T. ) ;
#3391 = CARTESIAN_POINT ( 'NONE',  ( -6.904072259454470561, 1.500000000000000000, 4.958203932497259991 ) ) ;
#3392 = ORIENTED_EDGE ( 'NONE', *, *, #837, .T. ) ;
#3393 = CARTESIAN_POINT ( 'NONE',  ( -3.264635279283147007, -8.500000000000000000, 15.99999999999996625 ) ) ;
#3394 = DIRECTION ( 'NONE',  ( 0.000000000000000000, 0.000000000000000000, 1.000000000000000000 ) ) ;
#3395 = DIRECTION ( 'NONE',  ( -1.000000000000000000, 0.000000000000000000, 1.051620219116008581E-14 ) ) ;
#3396 = CARTESIAN_POINT ( 'NONE',  ( 6.834676493307208389, -8.500000000000000000, 3.088235294117648522 ) ) ;
#3397 = CARTESIAN_POINT ( 'NONE',  ( 7.745966692414836707, -8.500000000000000000, 3.500000000000000888 ) ) ;
#3398 = ORIENTED_EDGE ( 'NONE', *, *, #1978, .T. ) ;
#3399 = CARTESIAN_POINT ( 'NONE',  ( 2.165063509459046021, -8.500000000000000000, 1.249999999998814948 ) ) ;
#3400 = EDGE_LOOP ( 'NONE', ( #1622, #335, #2086, #3392 ) ) ;
#3401 = DIRECTION ( 'NONE',  ( 0.000000000000000000, 0.000000000000000000, 1.000000000000000000 ) ) ;
#3402 = CARTESIAN_POINT ( 'NONE',  ( 3.565280431325201338, 1.500000000000000000, -13.17524685029108156 ) ) ;
#3403 = VECTOR ( 'NONE', #3454, 1000.000000000000000 ) ;
#3404 = VERTEX_POINT ( 'NONE', #2602 ) ;
#3405 = DIRECTION ( 'NONE',  ( 0.000000000000000000, 1.000000000000000000, 0.000000000000000000 ) ) ;
#3406 = ORIENTED_EDGE ( 'NONE', *, *, #1621, .F. ) ;
#3407 = CARTESIAN_POINT ( 'NONE',  ( -9.184850993605148438E-17, 1.500000000000000000, 1.742924699575454705E-16 ) ) ;
#3408 = ORIENTED_EDGE ( 'NONE', *, *, #2145, .F. ) ;
#3409 = CYLINDRICAL_SURFACE ( 'NONE', #3126, 1.000000000000000888 ) ;
#3410 = LINE ( 'NONE', #438, #2464 ) ;
#3411 = DIRECTION ( 'NONE',  ( -0.000000000000000000, 1.000000000000000000, -0.000000000000000000 ) ) ;
#3412 = EDGE_CURVE ( 'NONE', #1772, #322, #1792, .T. ) ;
#3413 = DIRECTION ( 'NONE',  ( -0.000000000000000000, 1.000000000000000000, -0.000000000000000000 ) ) ;
#3414 = LINE ( 'NONE', #1344, #1572 ) ;
#3415 = ORIENTED_EDGE ( 'NONE', *, *, #3416, .F. ) ;
#3416 = EDGE_CURVE ( 'NONE', #53, #3307, #2646, .T. ) ;
#3417 = CARTESIAN_POINT ( 'NONE',  ( -8.749999999999996447, 1.500000000000001776, 12.00544456622769118 ) ) ;
#3418 = VERTEX_POINT ( 'NONE', #1368 ) ;
#3419 = DIRECTION ( 'NONE',  ( 0.000000000000000000, 1.000000000000000000, 0.000000000000000000 ) ) ;
#3420 = CIRCLE ( 'NONE', #590, 4.550000000000001599 ) ;
#3421 = DIRECTION ( 'NONE',  ( 0.000000000000000000, 0.7071067811865479058, 0.7071067811865471286 ) ) ;
#3422 = AXIS2_PLACEMENT_3D ( 'NONE', #292, #2648, #2050 ) ;
#3423 = VERTEX_POINT ( 'NONE', #1967 ) ;
#3424 = PLANE ( 'NONE',  #548 ) ;
#3425 = ORIENTED_EDGE ( 'NONE', *, *, #142, .T. ) ;
#3426 = AXIS2_PLACEMENT_3D ( 'NONE', #234, #451, #2888 ) ;
#3427 = EDGE_CURVE ( 'NONE', #3025, #277, #2567, .T. ) ;
#3428 = LINE ( 'NONE', #2196, #1456 ) ;
#3429 = EDGE_LOOP ( 'NONE', ( #602, #1047, #700, #1118 ) ) ;
#3430 = CARTESIAN_POINT ( 'NONE',  ( -0.8418944329588047282, -1.499999999999999556, -8.458203932499678501 ) ) ;
#3431 = DIRECTION ( 'NONE',  ( -0.000000000000000000, 1.000000000000000000, -0.000000000000000000 ) ) ;
#3432 = DIRECTION ( 'NONE',  ( -0.000000000000000000, 1.000000000000000000, -0.000000000000000000 ) ) ;
#3433 = CIRCLE ( 'NONE', #2225, 1.000000000000000444 ) ;
#3434 = LINE ( 'NONE', #963, #662 ) ;
#3435 = DIRECTION ( 'NONE',  ( 0.000000000000000000, 1.000000000000000000, 0.000000000000000000 ) ) ;
#3436 = VECTOR ( 'NONE', #3829, 1000.000000000000000 ) ;
#3437 = EDGE_CURVE ( 'NONE', #2637, #2135, #2040, .T. ) ;
#3438 = ORIENTED_EDGE ( 'NONE', *, *, #51, .T. ) ;
#3439 = CARTESIAN_POINT ( 'NONE',  ( 0.000000000000000000, -1.500000000000000000, 2.500000000000000444 ) ) ;
#3440 = EDGE_LOOP ( 'NONE', ( #2761, #2812, #2785, #1845 ) ) ;
#3441 = DIRECTION ( 'NONE',  ( 0.5000000000000001110, 0.000000000000000000, -0.8660254037844387076 ) ) ;
#3442 = ADVANCED_FACE ( 'NONE', ( #791 ), #3232, .F. ) ;
#3443 = AXIS2_PLACEMENT_3D ( 'NONE', #592, #3568, #1502 ) ;
#3444 = EDGE_LOOP ( 'NONE', ( #2525, #1462, #412, #1688 ) ) ;
#3445 = CARTESIAN_POINT ( 'NONE',  ( -1.707919836748908349, -8.500000000000000000, 7.958203932499114508 ) ) ;
#3446 = CARTESIAN_POINT ( 'NONE',  ( 6.904072259451436544, 1.500000000000000000, -4.958203932501485056 ) ) ;
#3447 = VECTOR ( 'NONE', #1098, 1000.000000000000000 ) ;
#3448 = ORIENTED_EDGE ( 'NONE', *, *, #311, .T. ) ;
#3449 = CARTESIAN_POINT ( 'NONE',  ( 11.59812687119604391, 1.500000000000000000, 11.60711068600008034 ) ) ;
#3450 = ORIENTED_EDGE ( 'NONE', *, *, #410, .T. ) ;
#3451 = CARTESIAN_POINT ( 'NONE',  ( 4.499464137392734209, -8.500000000000000000, -13.53203923154092259 ) ) ;
#3452 = DIRECTION ( 'NONE',  ( 0.000000000000000000, 1.000000000000000000, -0.000000000000000000 ) ) ;
#3453 = FACE_OUTER_BOUND ( 'NONE', #2914, .T. ) ;
#3454 = DIRECTION ( 'NONE',  ( -0.000000000000000000, 1.000000000000000000, -0.000000000000000000 ) ) ;
#3455 = EDGE_LOOP ( 'NONE', ( #1401, #3497, #3372, #426 ) ) ;
#3456 = EDGE_CURVE ( 'NONE', #2837, #322, #1230, .T. ) ;
#3457 = EDGE_CURVE ( 'NONE', #2197, #3263, #3790, .T. ) ;
#3458 = DIRECTION ( 'NONE',  ( 0.000000000000000000, 0.000000000000000000, 1.000000000000000000 ) ) ;
#3459 = ORIENTED_EDGE ( 'NONE', *, *, #3555, .F. ) ;
#3460 = LINE ( 'NONE', #3498, #1403 ) ;
#3461 = ORIENTED_EDGE ( 'NONE', *, *, #1938, .T. ) ;
#3462 = ORIENTED_EDGE ( 'NONE', *, *, #262, .F. ) ;
#3463 = CARTESIAN_POINT ( 'NONE',  ( -17.50000000000000355, -1.499999999999999556, -1.655234598692008349E-14 ) ) ;
#3464 = ORIENTED_EDGE ( 'NONE', *, *, #977, .T. ) ;
#3465 = EDGE_CURVE ( 'NONE', #1224, #2051, #2612, .T. ) ;
#3466 = EDGE_LOOP ( 'NONE', ( #3297, #3248, #554, #1671 ) ) ;
#3467 = CARTESIAN_POINT ( 'NONE',  ( -4.000000000000000000, -1.500000000000000000, 0.000000000000000000 ) ) ;
#3468 = ORIENTED_EDGE ( 'NONE', *, *, #922, .F. ) ;
#3469 = CIRCLE ( 'NONE', #2451, 3.149999999999999911 ) ;
#3470 = LINE ( 'NONE', #1121, #3447 ) ;
#3471 = DIRECTION ( 'NONE',  ( 0.000000000000000000, 1.000000000000000000, 0.000000000000000000 ) ) ;
#3472 = CARTESIAN_POINT ( 'NONE',  ( 8.750000000000007105, 1.500000000000001776, -15.15544456622769331 ) ) ;
#3473 = ORIENTED_EDGE ( 'NONE', *, *, #262, .T. ) ;
#3474 = DIRECTION ( 'NONE',  ( 0.000000000000000000, 1.000000000000000000, 0.000000000000000000 ) ) ;
#3475 = DIRECTION ( 'NONE',  ( 0.000000000000000000, 0.7071067811865482389, 0.7071067811865469066 ) ) ;
#3476 = ORIENTED_EDGE ( 'NONE', *, *, #434, .T. ) ;
#3477 = CARTESIAN_POINT ( 'NONE',  ( 6.834676493307207501, 1.500000000000000000, -3.088235294117648078 ) ) ;
#3478 = ORIENTED_EDGE ( 'NONE', *, *, #1404, .T. ) ;
#3479 = VECTOR ( 'NONE', #2713, 1000.000000000000000 ) ;
#3480 = CYLINDRICAL_SURFACE ( 'NONE', #1425, 1.699999999999994849 ) ;
#3481 = DIRECTION ( 'NONE',  ( -0.000000000000000000, 1.000000000000000000, -0.000000000000000000 ) ) ;
#3482 = EDGE_CURVE ( 'NONE', #81, #2135, #3872, .T. ) ;
#3483 = EDGE_LOOP ( 'NONE', ( #257, #3271, #3856, #2589 ) ) ;
#3484 = FACE_OUTER_BOUND ( 'NONE', #1531, .T. ) ;
#3485 = VERTEX_POINT ( 'NONE', #1794 ) ;
#3486 = AXIS2_PLACEMENT_3D ( 'NONE', #1278, #1557, #982 ) ;
#3487 = CARTESIAN_POINT ( 'NONE',  ( -17.50000000000000355, -8.500000000000000000, -1.655234598692008349E-14 ) ) ;
#3488 = ADVANCED_FACE ( 'NONE', ( #342 ), #2960, .F. ) ;
#3489 = CYLINDRICAL_SURFACE ( 'NONE', #3625, 0.9999999999999991118 ) ;
#3490 = FACE_OUTER_BOUND ( 'NONE', #3646, .T. ) ;
#3491 = CIRCLE ( 'NONE', #3368, 1.000000000000000222 ) ;
#3492 = ORIENTED_EDGE ( 'NONE', *, *, #1955, .F. ) ;
#3493 = EDGE_CURVE ( 'NONE', #1952, #2570, #889, .T. ) ;
#3494 = VECTOR ( 'NONE', #1560, 1000.000000000000000 ) ;
#3495 = CYLINDRICAL_SURFACE ( 'NONE', #2796, 1.000000000000000888 ) ;
#3496 = CARTESIAN_POINT ( 'NONE',  ( -11.54700538379261232, 1.500000000000000000, -19.99999999999996092 ) ) ;
#3497 = ORIENTED_EDGE ( 'NONE', *, *, #638, .T. ) ;
#3498 = CARTESIAN_POINT ( 'NONE',  ( 6.091828464221856088, -8.500000000000000000, -4.374885822795427259 ) ) ;
#3499 = AXIS2_PLACEMENT_3D ( 'NONE', #382, #72, #1003 ) ;
#3500 = EDGE_CURVE ( 'NONE', #3, #2686, #2233, .T. ) ;
#3501 = ORIENTED_EDGE ( 'NONE', *, *, #2249, .F. ) ;
#3502 = CARTESIAN_POINT ( 'NONE',  ( 13.09011422469390418, 1.500000000000000000, 11.32725708595005898 ) ) ;
#3503 = DIRECTION ( 'NONE',  ( 0.000000000000000000, 0.000000000000000000, 1.000000000000000000 ) ) ;
#3504 = CARTESIAN_POINT ( 'NONE',  ( 8.750000000000007105, 1.500000000000001776, -15.15544456622769331 ) ) ;
#3505 = EDGE_CURVE ( 'NONE', #618, #1295, #3877, .T. ) ;
#3506 = VECTOR ( 'NONE', #467, 1000.000000000000000 ) ;
#3507 = CIRCLE ( 'NONE', #1426, 1.000000000000000888 ) ;
#3508 = ADVANCED_FACE ( 'NONE', ( #1488 ), #537, .F. ) ;
#3509 = ORIENTED_EDGE ( 'NONE', *, *, #1673, .T. ) ;
#3510 = DIRECTION ( 'NONE',  ( 1.000000000000000000, 0.000000000000000000, 0.000000000000000000 ) ) ;
#3511 = EDGE_LOOP ( 'NONE', ( #2580, #2849, #2727, #2069 ) ) ;
#3512 = CIRCLE ( 'NONE', #3008, 7.500000000000001776 ) ;
#3513 = AXIS2_PLACEMENT_3D ( 'NONE', #3430, #722, #437 ) ;
#3514 = EDGE_CURVE ( 'NONE', #1442, #3307, #2681, .T. ) ;
#3515 = CARTESIAN_POINT ( 'NONE',  ( -0.8418944329588047282, -1.499999999999999556, -8.458203932499678501 ) ) ;
#3516 = DIRECTION ( 'NONE',  ( -0.000000000000000000, 1.000000000000000000, -0.000000000000000000 ) ) ;
#3517 = ORIENTED_EDGE ( 'NONE', *, *, #731, .T. ) ;
#3518 = LINE ( 'NONE', #2942, #295 ) ;
#3519 = FACE_OUTER_BOUND ( 'NONE', #3801, .T. ) ;
#3520 = ORIENTED_EDGE ( 'NONE', *, *, #138, .T. ) ;
#3521 = CARTESIAN_POINT ( 'NONE',  ( -3.264635279283147007, -1.499999999999999556, 15.99999999999996625 ) ) ;
#3522 = EDGE_LOOP ( 'NONE', ( #3022, #2560, #2767, #374 ) ) ;
#3523 = ORIENTED_EDGE ( 'NONE', *, *, #1749, .F. ) ;
#3524 = DIRECTION ( 'NONE',  ( 0.000000000000000000, 0.000000000000000000, 1.000000000000000000 ) ) ;
#3525 = ORIENTED_EDGE ( 'NONE', *, *, #2316, .T. ) ;
#3526 = DIRECTION ( 'NONE',  ( -0.000000000000000000, 1.000000000000000000, -0.000000000000000000 ) ) ;
#3527 = CARTESIAN_POINT ( 'NONE',  ( -9.184850993605148438E-17, -8.500000000000000000, 1.742924699575454705E-16 ) ) ;
#3528 = VERTEX_POINT ( 'NONE', #615 ) ;
#3529 = CARTESIAN_POINT ( 'NONE',  ( -4.252989283015924826, -1.499999999999999556, 15.84782784977072367 ) ) ;
#3530 = ORIENTED_EDGE ( 'NONE', *, *, #1371, .T. ) ;
#3531 = CIRCLE ( 'NONE', #2827, 1.000000000000000888 ) ;
#3532 = CIRCLE ( 'NONE', #1324, 1.699999999999996625 ) ;
#3533 =( NAMED_UNIT ( * ) SI_UNIT ( $, .STERADIAN. ) SOLID_ANGLE_UNIT ( ) );
#3534 = CARTESIAN_POINT ( 'NONE',  ( 2.165063509459046021, 1.500000000000000000, 1.249999999998814948 ) ) ;
#3535 = ORIENTED_EDGE ( 'NONE', *, *, #294, .F. ) ;
#3536 = CARTESIAN_POINT ( 'NONE',  ( 0.000000000000000000, -1.500000000000000000, 0.000000000000000000 ) ) ;
#3537 = DIRECTION ( 'NONE',  ( -1.000000000000000000, 0.000000000000000000, 0.000000000000000000 ) ) ;
#3538 = VERTEX_POINT ( 'NONE', #17 ) ;
#3539 = DIRECTION ( 'NONE',  ( 0.000000000000000000, 0.000000000000000000, 1.000000000000000000 ) ) ;
#3540 = ORIENTED_EDGE ( 'NONE', *, *, #1789, .T. ) ;
#3541 = EDGE_CURVE ( 'NONE', #730, #354, #1814, .T. ) ;
#3542 = ORIENTED_EDGE ( 'NONE', *, *, #124, .F. ) ;
#3543 = DIRECTION ( 'NONE',  ( -0.000000000000000000, 0.000000000000000000, -1.000000000000000000 ) ) ;
#3544 = CARTESIAN_POINT ( 'NONE',  ( -13.19273868914363312, -8.500000000000000000, -3.499999999999999556 ) ) ;
#3545 = FACE_OUTER_BOUND ( 'NONE', #360, .T. ) ;
#3546 = ORIENTED_EDGE ( 'NONE', *, *, #3141, .T. ) ;
#3547 = CARTESIAN_POINT ( 'NONE',  ( 4.252989283015859101, 1.500000000000000000, -15.84782784977065795 ) ) ;
#3548 = ORIENTED_EDGE ( 'NONE', *, *, #2908, .T. ) ;
#3549 = FACE_OUTER_BOUND ( 'NONE', #693, .T. ) ;
#3550 = PRODUCT_RELATED_PRODUCT_CATEGORY ( 'part', '', ( #320 ) ) ;
#3551 = DIRECTION ( 'NONE',  ( -0.4999999999999996669, 0.000000000000000000, 0.8660254037844388186 ) ) ;
#3552 = EDGE_LOOP ( 'NONE', ( #910, #1383, #1419, #2918 ) ) ;
#3553 = CARTESIAN_POINT ( 'NONE',  ( 23.09401076758504701, 1.500000000000000000, 0.000000000000000000 ) ) ;
#3554 = PLANE ( 'NONE',  #346 ) ;
#3555 = EDGE_CURVE ( 'NONE', #115, #1187, #972, .T. ) ;
#3556 = ORIENTED_EDGE ( 'NONE', *, *, #1842, .T. ) ;
#3557 = AXIS2_PLACEMENT_3D ( 'NONE', #2967, #2652, #3242 ) ;
#3558 = DIRECTION ( 'NONE',  ( 0.000000000000000000, 0.000000000000000000, 1.000000000000000000 ) ) ;
#3559 = ORIENTED_EDGE ( 'NONE', *, *, #1916, .F. ) ;
#3560 = AXIS2_PLACEMENT_3D ( 'NONE', #2384, #3335, #290 ) ;
#3561 = EDGE_CURVE ( 'NONE', #2940, #1964, #1465, .T. ) ;
#3562 = VERTEX_POINT ( 'NONE', #2438 ) ;
#3563 = CARTESIAN_POINT ( 'NONE',  ( 0.000000000000000000, -8.500000000000000000, 16.99999999999996803 ) ) ;
#3564 = LINE ( 'NONE', #2633, #596 ) ;
#3565 = DIRECTION ( 'NONE',  ( -1.000000000000000000, 0.000000000000000000, 3.455323577095457193E-15 ) ) ;
#3566 = FACE_OUTER_BOUND ( 'NONE', #1217, .T. ) ;
#3567 = ORIENTED_EDGE ( 'NONE', *, *, #1773, .T. ) ;
#3568 = DIRECTION ( 'NONE',  ( 0.000000000000000000, 1.000000000000000000, -0.000000000000000000 ) ) ;
#3569 = ORIENTED_EDGE ( 'NONE', *, *, #152, .F. ) ;
#3570 = CONICAL_SURFACE ( 'NONE', #1609, 3.150000000000001688, 0.7853981633974473908 ) ;
#3571 = DIRECTION ( 'NONE',  ( 0.000000000000000000, 0.000000000000000000, 1.000000000000000000 ) ) ;
#3572 = DIRECTION ( 'NONE',  ( 0.000000000000000000, 0.000000000000000000, 1.000000000000000000 ) ) ;
#3573 = VERTEX_POINT ( 'NONE', #326 ) ;
#3574 = CARTESIAN_POINT ( 'NONE',  ( 15.48872410019256129, 1.500000000000000000, 5.172742914049921481 ) ) ;
#3575 = DIRECTION ( 'NONE',  ( 0.000000000000000000, 1.000000000000000000, -0.000000000000000000 ) ) ;
#3576 = DIRECTION ( 'NONE',  ( 0.000000000000000000, 1.000000000000000000, 0.000000000000000000 ) ) ;
#3577 = ORIENTED_EDGE ( 'NONE', *, *, #1641, .T. ) ;
#3578 = VERTEX_POINT ( 'NONE', #3650 ) ;
#3579 = DIRECTION ( 'NONE',  ( 0.000000000000000000, 0.000000000000000000, 1.000000000000000000 ) ) ;
#3580 = CYLINDRICAL_SURFACE ( 'NONE', #2669, 1.000000000000000444 ) ;
#3581 = DIRECTION ( 'NONE',  ( -0.000000000000000000, 1.000000000000000000, -0.000000000000000000 ) ) ;
#3582 = DIRECTION ( 'NONE',  ( -0.000000000000000000, -1.000000000000000000, -0.000000000000000000 ) ) ;
#3583 = EDGE_CURVE ( 'NONE', #849, #755, #2228, .T. ) ;
#3584 = ORIENTED_EDGE ( 'NONE', *, *, #3293, .F. ) ;
#3585 = DIRECTION ( 'NONE',  ( -0.000000000000000000, 1.000000000000000000, -0.000000000000000000 ) ) ;
#3586 = VERTEX_POINT ( 'NONE', #1208 ) ;
#3587 = EDGE_CURVE ( 'NONE', #3538, #1533, #35, .T. ) ;
#3588 = DIRECTION ( 'NONE',  ( 0.000000000000000000, 1.000000000000000000, -0.000000000000000000 ) ) ;
#3589 = ORIENTED_EDGE ( 'NONE', *, *, #2826, .F. ) ;
#3590 = VECTOR ( 'NONE', #3516, 1000.000000000000000 ) ;
#3591 = CARTESIAN_POINT ( 'NONE',  ( -6.904072259451150551, -1.499999999999999556, -4.958203932501882960 ) ) ;
#3592 = CARTESIAN_POINT ( 'NONE',  ( 8.750000000000007105, 1.500000000000001776, -18.30544456622769545 ) ) ;
#3593 = ORIENTED_EDGE ( 'NONE', *, *, #1382, .F. ) ;
#3594 = EDGE_CURVE ( 'NONE', #974, #2432, #848, .T. ) ;
#3595 = ORIENTED_EDGE ( 'NONE', *, *, #813, .F. ) ;
#3596 = CIRCLE ( 'NONE', #1885, 1.000000000000001776 ) ;
#3597 = FACE_OUTER_BOUND ( 'NONE', #2740, .T. ) ;
#3598 = FACE_OUTER_BOUND ( 'NONE', #1779, .T. ) ;
#3599 = CARTESIAN_POINT ( 'NONE',  ( 6.091828464224791517, 1.500000000000000000, 4.374885822791341639 ) ) ;
#3600 = DIRECTION ( 'NONE',  ( 0.000000000000000000, 0.000000000000000000, 1.000000000000000000 ) ) ;
#3601 = EDGE_LOOP ( 'NONE', ( #2281, #1941, #797, #3104 ) ) ;
#3602 = DIRECTION ( 'NONE',  ( -0.000000000000000000, 1.000000000000000000, -0.000000000000000000 ) ) ;
#3603 = VERTEX_POINT ( 'NONE', #1226 ) ;
#3604 = ADVANCED_FACE ( 'NONE', ( #871 ), #1831, .F. ) ;
#3605 = CARTESIAN_POINT ( 'NONE',  ( -11.54700538379233699, 1.500000000000000000, 20.00000000000011724 ) ) ;
#3606 = EDGE_CURVE ( 'NONE', #667, #3083, #3275, .T. ) ;
#3607 = AXIS2_PLACEMENT_3D ( 'NONE', #1499, #3266, #2392 ) ;
#3608 = DIRECTION ( 'NONE',  ( 0.000000000000000000, 1.000000000000000000, -0.000000000000000000 ) ) ;
#3609 = AXIS2_PLACEMENT_3D ( 'NONE', #2526, #2900, #2310 ) ;
#3610 = DIRECTION ( 'NONE',  ( 0.000000000000000000, 1.000000000000000000, 0.000000000000000000 ) ) ;
#3611 = LINE ( 'NONE', #2402, #1302 ) ;
#3612 = AXIS2_PLACEMENT_3D ( 'NONE', #1512, #1430, #1197 ) ;
#3613 = VERTEX_POINT ( 'NONE', #2980 ) ;
#3614 = ORIENTED_EDGE ( 'NONE', *, *, #1789, .F. ) ;
#3615 = LINE ( 'NONE', #913, #2476 ) ;
#3616 = CARTESIAN_POINT ( 'NONE',  ( -0.7428480290862983226, -8.500000000000000000, 7.463121116910982344 ) ) ;
#3617 = CARTESIAN_POINT ( 'NONE',  ( -7.745966692414836707, -8.500000000000000000, 2.500000000000001332 ) ) ;
#3618 = CYLINDRICAL_SURFACE ( 'NONE', #2454, 1.000000000000000888 ) ;
#3619 = AXIS2_PLACEMENT_3D ( 'NONE', #409, #1854, #657 ) ;
#3620 = EDGE_LOOP ( 'NONE', ( #801, #1129, #337, #2847 ) ) ;
#3621 = AXIS2_PLACEMENT_3D ( 'NONE', #2047, #769, #1707 ) ;
#3622 = CARTESIAN_POINT ( 'NONE',  ( -2.165063509463150737, -8.500000000000000000, -1.250000000001184830 ) ) ;
#3623 = ORIENTED_EDGE ( 'NONE', *, *, #213, .F. ) ;
#3624 = EDGE_CURVE ( 'NONE', #2373, #2909, #2688, .T. ) ;
#3625 = AXIS2_PLACEMENT_3D ( 'NONE', #1685, #249, #1945 ) ;
#3626 = APPLICATION_PROTOCOL_DEFINITION ( 'draft international standard', 'automotive_design', 1998, #2992 ) ;
#3627 = CARTESIAN_POINT ( 'NONE',  ( 13.19273868914365799, 1.500000000000000000, -3.500000000000000888 ) ) ;
#3628 = ORIENTED_EDGE ( 'NONE', *, *, #2971, .F. ) ;
#3629 = DIRECTION ( 'NONE',  ( 0.000000000000000000, 1.000000000000000000, -0.000000000000000000 ) ) ;
#3630 = AXIS2_PLACEMENT_3D ( 'NONE', #1413, #1161, #1532 ) ;
#3631 = EDGE_CURVE ( 'NONE', #38, #1436, #3174, .T. ) ;
#3632 = AXIS2_PLACEMENT_3D ( 'NONE', #956, #64, #1253 ) ;
#3633 = DIRECTION ( 'NONE',  ( 0.000000000000000000, 0.000000000000000000, 1.000000000000000000 ) ) ;
#3634 = LINE ( 'NONE', #599, #1432 ) ;
#3635 = CIRCLE ( 'NONE', #1109, 3.149999999999999911 ) ;
#3636 = ORIENTED_EDGE ( 'NONE', *, *, #1575, .F. ) ;
#3637 = EDGE_CURVE ( 'NONE', #1037, #463, #2994, .T. ) ;
#3638 = VECTOR ( 'NONE', #3336, 1000.000000000000114 ) ;
#3639 = ORIENTED_EDGE ( 'NONE', *, *, #3505, .T. ) ;
#3640 = DIRECTION ( 'NONE',  ( 0.000000000000000000, 1.000000000000000000, 0.000000000000000000 ) ) ;
#3641 = CARTESIAN_POINT ( 'NONE',  ( 0.000000000000000000, 1.500000000000000000, 0.000000000000000000 ) ) ;
#3642 = ORIENTED_EDGE ( 'NONE', *, *, #2645, .F. ) ;
#3643 = DIRECTION ( 'NONE',  ( 0.000000000000000000, 0.000000000000000000, 1.000000000000000000 ) ) ;
#3644 = VERTEX_POINT ( 'NONE', #1304 ) ;
#3645 = DIRECTION ( 'NONE',  ( -0.000000000000000000, 1.000000000000000000, -0.000000000000000000 ) ) ;
#3646 = EDGE_LOOP ( 'NONE', ( #635, #48, #443, #1007 ) ) ;
#3647 = DIRECTION ( 'NONE',  ( -0.5000000000000067724, 0.000000000000000000, 0.8660254037844347108 ) ) ;
#3648 = SURFACE_STYLE_FILL_AREA ( #1243 ) ;
#3649 = EDGE_CURVE ( 'NONE', #384, #2778, #150, .T. ) ;
#3650 = CARTESIAN_POINT ( 'NONE',  ( 9.469357670826193285, 1.500000000000000000, 10.66266986216967361 ) ) ;
#3651 = CARTESIAN_POINT ( 'NONE',  ( 7.745966692414836707, 1.500000000000000000, 3.500000000000000888 ) ) ;
#3652 = EDGE_CURVE ( 'NONE', #3747, #1608, #1321, .T. ) ;
#3653 = ORIENTED_EDGE ( 'NONE', *, *, #949, .T. ) ;
#3654 = VECTOR ( 'NONE', #1305, 1000.000000000000000 ) ;
#3655 = VECTOR ( 'NONE', #2771, 1000.000000000000000 ) ;
#3656 = ORIENTED_EDGE ( 'NONE', *, *, #3390, .T. ) ;
#3657 = DIRECTION ( 'NONE',  ( 1.000000000000000000, 0.000000000000000000, -7.962163080346676589E-17 ) ) ;
#3658 = EDGE_CURVE ( 'NONE', #927, #1231, #2615, .T. ) ;
#3659 = DIRECTION ( 'NONE',  ( -0.000000000000000000, 1.000000000000000000, -0.000000000000000000 ) ) ;
#3660 = VERTEX_POINT ( 'NONE', #1849 ) ;
#3661 = LINE ( 'NONE', #1271, #3183 ) ;
#3662 = ORIENTED_EDGE ( 'NONE', *, *, #3313, .F. ) ;
#3663 = LINE ( 'NONE', #377, #1067 ) ;
#3664 = ORIENTED_EDGE ( 'NONE', *, *, #2583, .T. ) ;
#3665 = DIRECTION ( 'NONE',  ( -1.000000000000000000, 0.000000000000000000, 3.455323577095457193E-15 ) ) ;
#3666 = DIRECTION ( 'NONE',  ( -1.051620219116008581E-14, 0.000000000000000000, -1.000000000000000000 ) ) ;
#3667 = ADVANCED_FACE ( 'NONE', ( #2542 ), #231, .F. ) ;
#3668 = DIRECTION ( 'NONE',  ( 0.000000000000000000, 1.000000000000000000, 0.000000000000000000 ) ) ;
#3669 = AXIS2_PLACEMENT_3D ( 'NONE', #3062, #3703, #993 ) ;
#3670 = CARTESIAN_POINT ( 'NONE',  ( -8.749999999999998224, 1.500000000000000000, -13.45544456622769935 ) ) ;
#3671 = VERTEX_POINT ( 'NONE', #364 ) ;
#3672 = VECTOR ( 'NONE', #3832, 1000.000000000000000 ) ;
#3673 = ADVANCED_FACE ( 'NONE', ( #440 ), #3754, .F. ) ;
#3674 = DIRECTION ( 'NONE',  ( 0.000000000000000000, 1.000000000000000000, 0.000000000000000000 ) ) ;
#3675 = ORIENTED_EDGE ( 'NONE', *, *, #2247, .F. ) ;
#3676 = CIRCLE ( 'NONE', #2471, 5.000000000000000000 ) ;
#3677 = CARTESIAN_POINT ( 'NONE',  ( 6.123233995736766282E-16, -1.500000000000000000, -5.000000000000000000 ) ) ;
#3678 = CYLINDRICAL_SURFACE ( 'NONE', #3798, 1.000000000000000888 ) ;
#3679 = ADVANCED_FACE ( 'NONE', ( #2759 ), #130, .F. ) ;
#3680 = CIRCLE ( 'NONE', #469, 0.9999999999999974465 ) ;
#3681 = CIRCLE ( 'NONE', #2032, 1.000000000000002665 ) ;
#3682 = ORIENTED_EDGE ( 'NONE', *, *, #1960, .F. ) ;
#3683 = CYLINDRICAL_SURFACE ( 'NONE', #2237, 1.000000000000000888 ) ;
#3684 = ORIENTED_EDGE ( 'NONE', *, *, #2726, .F. ) ;
#3685 = AXIS2_PLACEMENT_3D ( 'NONE', #1290, #2801, #3701 ) ;
#3686 = VECTOR ( 'NONE', #1, 1000.000000000000000 ) ;
#3687 = CARTESIAN_POINT ( 'NONE',  ( -1.990540770086660026E-16, 1.500000000000000000, -2.499999999999999556 ) ) ;
#3688 = ORIENTED_EDGE ( 'NONE', *, *, #3237, .T. ) ;
#3689 = DIRECTION ( 'NONE',  ( 0.000000000000000000, 1.000000000000000000, 0.000000000000000000 ) ) ;
#3690 = DIRECTION ( 'NONE',  ( 0.000000000000000000, 0.000000000000000000, 1.000000000000000000 ) ) ;
#3691 = CIRCLE ( 'NONE', #850, 1.000000000000001776 ) ;
#3692 = DIRECTION ( 'NONE',  ( 0.000000000000000000, 0.000000000000000000, 1.000000000000000000 ) ) ;
#3693 = DIRECTION ( 'NONE',  ( -0.000000000000000000, 1.000000000000000000, -0.000000000000000000 ) ) ;
#3694 = AXIS2_PLACEMENT_3D ( 'NONE', #3864, #571, #1767 ) ;
#3695 = ORIENTED_EDGE ( 'NONE', *, *, #51, .F. ) ;
#3696 = AXIS2_PLACEMENT_3D ( 'NONE', #2312, #525, #3217 ) ;
#3697 = CIRCLE ( 'NONE', #2870, 1.000000000000000444 ) ;
#3698 = FACE_OUTER_BOUND ( 'NONE', #2120, .T. ) ;
#3699 = ORIENTED_EDGE ( 'NONE', *, *, #1515, .T. ) ;
#3700 = EDGE_CURVE ( 'NONE', #2363, #1471, #2816, .T. ) ;
#3701 = DIRECTION ( 'NONE',  ( 0.000000000000000000, 0.000000000000000000, 1.000000000000000000 ) ) ;
#3702 = CIRCLE ( 'NONE', #1988, 1.000000000000000888 ) ;
#3703 = DIRECTION ( 'NONE',  ( 0.000000000000000000, 1.000000000000000000, -0.000000000000000000 ) ) ;
#3704 = ADVANCED_FACE ( 'NONE', ( #1867 ), #1261, .F. ) ;
#3705 = ORIENTED_EDGE ( 'NONE', *, *, #1093, .T. ) ;
#3706 = CARTESIAN_POINT ( 'NONE',  ( -6.038046855666712176, 1.500000000000000000, -5.458203932501884736 ) ) ;
#3707 = ORIENTED_EDGE ( 'NONE', *, *, #3050, .T. ) ;
#3708 = DIRECTION ( 'NONE',  ( -0.000000000000000000, 1.000000000000000000, -0.000000000000000000 ) ) ;
#3709 = ORIENTED_EDGE ( 'NONE', *, *, #1509, .T. ) ;
#3710 = DIRECTION ( 'NONE',  ( -0.000000000000000000, 1.000000000000000000, -0.000000000000000000 ) ) ;
#3711 = CARTESIAN_POINT ( 'NONE',  ( -8.750000000000055067, -1.499999999999999556, 15.15544456622765601 ) ) ;
#3712 = EDGE_CURVE ( 'NONE', #2002, #3203, #2930, .T. ) ;
#3713 = DIRECTION ( 'NONE',  ( 0.000000000000000000, 0.000000000000000000, 1.000000000000000000 ) ) ;
#3714 = CARTESIAN_POINT ( 'NONE',  ( 1.707919836743731157, -8.500000000000000000, -7.958203932499630540 ) ) ;
#3715 = CARTESIAN_POINT ( 'NONE',  ( -17.50000000000000355, 0.04999999999999665823, -1.655234598692008349E-14 ) ) ;
#3716 = EDGE_LOOP ( 'NONE', ( #1665, #578 ) ) ;
#3717 = CARTESIAN_POINT ( 'NONE',  ( -9.627458257813785281, -1.499999999999999556, -9.675246850287658518 ) ) ;
#3718 = ORIENTED_EDGE ( 'NONE', *, *, #3260, .F. ) ;
#3719 = CARTESIAN_POINT ( 'NONE',  ( 0.7428480290817266463, 1.500000000000000000, -7.463121116911437092 ) ) ;
#3720 = DIRECTION ( 'NONE',  ( 0.000000000000000000, 0.000000000000000000, 1.000000000000000000 ) ) ;
#3721 = EDGE_CURVE ( 'NONE', #1256, #3321, #2477, .T. ) ;
#3722 = CIRCLE ( 'NONE', #135, 1.699999999999998401 ) ;
#3723 = VERTEX_POINT ( 'NONE', #3733 ) ;
#3724 = FACE_OUTER_BOUND ( 'NONE', #3725, .T. ) ;
#3725 = EDGE_LOOP ( 'NONE', ( #1567, #721, #3662, #1298 ) ) ;
#3726 = ADVANCED_FACE ( 'NONE', ( #3453 ), #687, .T. ) ;
#3727 = LINE ( 'NONE', #666, #945 ) ;
#3728 = ORIENTED_EDGE ( 'NONE', *, *, #3649, .F. ) ;
#3729 = DIRECTION ( 'NONE',  ( -0.000000000000000000, 1.000000000000000000, -0.000000000000000000 ) ) ;
#3730 = CARTESIAN_POINT ( 'NONE',  ( 8.761432854029905570, -8.500000000000000000, -10.17524685028773845 ) ) ;
#3731 = DIRECTION ( 'NONE',  ( 0.4999999999999997224, 0.000000000000000000, -0.8660254037844387076 ) ) ;
#3732 = EDGE_CURVE ( 'NONE', #115, #1738, #3434, .T. ) ;
#3733 = CARTESIAN_POINT ( 'NONE',  ( 13.09011422469399122, 1.500000000000000000, -11.32725708595013359 ) ) ;
#3734 = CARTESIAN_POINT ( 'NONE',  ( -8.749999999999998224, 0.04999999999999665823, -15.15544456622769509 ) ) ;
#3735 = ORIENTED_EDGE ( 'NONE', *, *, #1834, .F. ) ;
#3736 = LINE ( 'NONE', #1599, #600 ) ;
#3737 = ORIENTED_EDGE ( 'NONE', *, *, #193, .T. ) ;
#3738 = DIRECTION ( 'NONE',  ( 0.8660254037844347108, 0.000000000000000000, -0.5000000000000068834 ) ) ;
#3739 = VECTOR ( 'NONE', #2537, 1000.000000000000000 ) ;
#3740 = PLANE ( 'NONE',  #594 ) ;
#3741 = VECTOR ( 'NONE', #98, 1000.000000000000000 ) ;
#3742 = ORIENTED_EDGE ( 'NONE', *, *, #2461, .T. ) ;
#3743 = DIRECTION ( 'NONE',  ( 0.000000000000000000, 0.000000000000000000, 1.000000000000000000 ) ) ;
#3744 = CARTESIAN_POINT ( 'NONE',  ( -8.749999999999998224, 1.500000000000000000, -15.15544456622769509 ) ) ;
#3745 = CIRCLE ( 'NONE', #1714, 1.000000000000002665 ) ;
#3746 = AXIS2_PLACEMENT_3D ( 'NONE', #2603, #2005, #2346 ) ;
#3747 = VERTEX_POINT ( 'NONE', #671 ) ;
#3748 = LINE ( 'NONE', #2811, #3655 ) ;
#3749 = ORIENTED_EDGE ( 'NONE', *, *, #2437, .F. ) ;
#3750 = EDGE_CURVE ( 'NONE', #2965, #1309, #2744, .T. ) ;
#3751 = FACE_OUTER_BOUND ( 'NONE', #1428, .T. ) ;
#3752 = DIRECTION ( 'NONE',  ( 0.000000000000000000, 1.000000000000000000, -0.000000000000000000 ) ) ;
#3753 = VECTOR ( 'NONE', #2024, 1000.000000000000000 ) ;
#3754 = PLANE ( 'NONE',  #3499 ) ;
#3755 = VECTOR ( 'NONE', #478, 1000.000000000000114 ) ;
#3756 = EDGE_LOOP ( 'NONE', ( #3520, #1061, #2512, #881 ) ) ;
#3757 = EDGE_CURVE ( 'NONE', #3177, #67, #2997, .T. ) ;
#3758 = DIRECTION ( 'NONE',  ( 0.000000000000000000, 0.000000000000000000, 1.000000000000000000 ) ) ;
#3759 = ORIENTED_EDGE ( 'NONE', *, *, #1965, .T. ) ;
#3760 = LINE ( 'NONE', #2587, #3292 ) ;
#3761 = EDGE_CURVE ( 'NONE', #38, #519, #2364, .T. ) ;
#3762 = VERTEX_POINT ( 'NONE', #2340 ) ;
#3763 = LINE ( 'NONE', #3445, #2687 ) ;
#3764 = CARTESIAN_POINT ( 'NONE',  ( 17.50000000000001776, -8.500000000000000000, -5.650474260863225751E-15 ) ) ;
#3765 = ORIENTED_EDGE ( 'NONE', *, *, #787, .T. ) ;
#3766 = FACE_OUTER_BOUND ( 'NONE', #758, .T. ) ;
#3767 = EDGE_LOOP ( 'NONE', ( #422, #1587, #1314, #959 ) ) ;
#3768 = FACE_OUTER_BOUND ( 'NONE', #2650, .T. ) ;
#3769 = CARTESIAN_POINT ( 'NONE',  ( 14.72243186433557938, 1.500000000000000000, -8.499999999999959144 ) ) ;
#3770 = DIRECTION ( 'NONE',  ( 0.000000000000000000, 1.000000000000000000, -0.000000000000000000 ) ) ;
#3771 = LINE ( 'NONE', #2642, #3590 ) ;
#3772 = ORIENTED_EDGE ( 'NONE', *, *, #2221, .T. ) ;
#3773 = DIRECTION ( 'NONE',  ( 0.000000000000000000, 0.000000000000000000, 1.000000000000000000 ) ) ;
#3774 = ADVANCED_FACE ( 'NONE', ( #824 ), #191, .F. ) ;
#3775 = ORIENTED_EDGE ( 'NONE', *, *, #868, .T. ) ;
#3776 = CARTESIAN_POINT ( 'NONE',  ( 3.264635279283097713, -8.500000000000000000, 16.99999999999996803 ) ) ;
#3777 = EDGE_CURVE ( 'NONE', #115, #2940, #788, .T. ) ;
#3778 = ORIENTED_EDGE ( 'NONE', *, *, #2880, .T. ) ;
#3779 = DIRECTION ( 'NONE',  ( 8.659560562354925463E-17, 0.7071067811865482389, -0.7071067811865469066 ) ) ;
#3780 = FACE_OUTER_BOUND ( 'NONE', #1859, .T. ) ;
#3781 = VECTOR ( 'NONE', #1004, 1000.000000000000000 ) ;
#3782 = ORIENTED_EDGE ( 'NONE', *, *, #1955, .T. ) ;
#3783 = CARTESIAN_POINT ( 'NONE',  ( 8.750000000000005329, 1.500000000000001776, 15.15544456622768976 ) ) ;
#3784 = EDGE_LOOP ( 'NONE', ( #28, #3148, #1651, #1372 ) ) ;
#3785 = VECTOR ( 'NONE', #1626, 1000.000000000000114 ) ;
#3786 = DIRECTION ( 'NONE',  ( -0.000000000000000000, 1.000000000000000000, -0.000000000000000000 ) ) ;
#3787 = CARTESIAN_POINT ( 'NONE',  ( 11.54700538379275621, -1.500000000000000000, 19.99999999999987566 ) ) ;
#3788 = EDGE_CURVE ( 'NONE', #2205, #1080, #2552, .T. ) ;
#3789 = ORIENTED_EDGE ( 'NONE', *, *, #498, .F. ) ;
#3790 = LINE ( 'NONE', #516, #3436 ) ;
#3791 = DIRECTION ( 'NONE',  ( 0.000000000000000000, 1.000000000000000000, 0.000000000000000000 ) ) ;
#3792 = ORIENTED_EDGE ( 'NONE', *, *, #3493, .F. ) ;
#3793 = CARTESIAN_POINT ( 'NONE',  ( 15.85111615421192255, 1.500000000000000000, 4.240717163770653997 ) ) ;
#3794 = EDGE_CURVE ( 'NONE', #2240, #867, #3691, .T. ) ;
#3795 = EDGE_LOOP ( 'NONE', ( #3577, #2663 ) ) ;
#3796 = DIRECTION ( 'NONE',  ( -0.000000000000000000, 1.000000000000000000, -0.000000000000000000 ) ) ;
#3797 = DIRECTION ( 'NONE',  ( -0.5000000000000003331, 0.000000000000000000, -0.8660254037844383745 ) ) ;
#3798 = AXIS2_PLACEMENT_3D ( 'NONE', #1328, #411, #2191 ) ;
#3799 = VERTEX_POINT ( 'NONE', #3188 ) ;
#3800 = CARTESIAN_POINT ( 'NONE',  ( 8.750000000000007105, 1.500000000000001776, -12.00544456622769296 ) ) ;
#3801 = EDGE_LOOP ( 'NONE', ( #3509, #3223, #2450, #1633 ) ) ;
#3802 = AXIS2_PLACEMENT_3D ( 'NONE', #894, #1181, #1156 ) ;
#3803 = CARTESIAN_POINT ( 'NONE',  ( -9.184850993605148438E-17, -1.499999999999999556, 1.742924699575454705E-16 ) ) ;
#3804 = CARTESIAN_POINT ( 'NONE',  ( 13.19273868914366687, -1.499999999999999556, 2.500000000000000444 ) ) ;
#3805 = CIRCLE ( 'NONE', #1095, 1.000000000000000888 ) ;
#3806 = EDGE_LOOP ( 'NONE', ( #3087, #1131, #1751, #698 ) ) ;
#3807 = AXIS2_PLACEMENT_3D ( 'NONE', #3717, #1025, #3458 ) ;
#3808 = DIRECTION ( 'NONE',  ( 0.000000000000000000, 0.000000000000000000, 1.000000000000000000 ) ) ;
#3809 = LINE ( 'NONE', #1106, #112 ) ;
#3810 = VERTEX_POINT ( 'NONE', #224 ) ;
#3811 = DIRECTION ( 'NONE',  ( -0.000000000000000000, 1.000000000000000000, -0.000000000000000000 ) ) ;
#3812 = AXIS2_PLACEMENT_3D ( 'NONE', #3152, #513, #1439 ) ;
#3813 = EDGE_LOOP ( 'NONE', ( #1212, #1467, #2079, #887 ) ) ;
#3814 = DIRECTION ( 'NONE',  ( 0.8660254037844415942, 0.000000000000000000, -0.4999999999999950595 ) ) ;
#3815 = ORIENTED_EDGE ( 'NONE', *, *, #1043, .F. ) ;
#3816 = AXIS2_PLACEMENT_3D ( 'NONE', #2078, #27, #2973 ) ;
#3817 = DIRECTION ( 'NONE',  ( -0.000000000000000000, 1.000000000000000000, -0.000000000000000000 ) ) ;
#3818 = AXIS2_PLACEMENT_3D ( 'NONE', #315, #3282, #835 ) ;
#3819 = VERTEX_POINT ( 'NONE', #1703 ) ;
#3820 = DIRECTION ( 'NONE',  ( 0.000000000000000000, 0.000000000000000000, 1.000000000000000000 ) ) ;
#3821 = ORIENTED_EDGE ( 'NONE', *, *, #1721, .F. ) ;
#3822 = DIRECTION ( 'NONE',  ( -0.000000000000000000, 1.000000000000000000, -0.000000000000000000 ) ) ;
#3823 = AXIS2_PLACEMENT_3D ( 'NONE', #2519, #3411, #2014 ) ;
#3824 = AXIS2_PLACEMENT_3D ( 'NONE', #2831, #3689, #147 ) ;
#3825 = CARTESIAN_POINT ( 'NONE',  ( -8.749999999999998224, 0.04999999999999665823, -15.15544456622769509 ) ) ;
#3826 = FACE_BOUND ( 'NONE', #2328, .T. ) ;
#3827 = ADVANCED_FACE ( 'NONE', ( #747 ), #3489, .F. ) ;
#3828 = ORIENTED_EDGE ( 'NONE', *, *, #3171, .F. ) ;
#3829 = DIRECTION ( 'NONE',  ( -0.000000000000000000, 1.000000000000000000, -0.000000000000000000 ) ) ;
#3830 = DIRECTION ( 'NONE',  ( 0.000000000000000000, 0.000000000000000000, 1.000000000000000000 ) ) ;
#3831 = ORIENTED_EDGE ( 'NONE', *, *, #245, .T. ) ;
#3832 = DIRECTION ( 'NONE',  ( -0.000000000000000000, 1.000000000000000000, -0.000000000000000000 ) ) ;
#3833 = EDGE_LOOP ( 'NONE', ( #996, #2819, #1722, #1480 ) ) ;
#3834 = PRODUCT_DEFINITION_SHAPE ( 'NONE', 'NONE',  #1894 ) ;
#3835 = EDGE_LOOP ( 'NONE', ( #1709, #969, #141, #1153 ) ) ;
#3836 = CARTESIAN_POINT ( 'NONE',  ( 0.000000000000000000, -1.500000000000000000, 5.000000000000000000 ) ) ;
#3837 = DIRECTION ( 'NONE',  ( -0.000000000000000000, 1.000000000000000000, -0.000000000000000000 ) ) ;
#3838 = DIRECTION ( 'NONE',  ( 0.000000000000000000, 0.000000000000000000, 1.000000000000000000 ) ) ;
#3839 = CARTESIAN_POINT ( 'NONE',  ( -8.749999999999996447, 1.500000000000001776, 15.15544456622769154 ) ) ;
#3840 = ADVANCED_FACE ( 'NONE', ( #1668 ), #2020, .F. ) ;
#3841 = VERTEX_POINT ( 'NONE', #1059 ) ;
#3842 = DIRECTION ( 'NONE',  ( 0.000000000000000000, 0.000000000000000000, 1.000000000000000000 ) ) ;
#3843 = VERTEX_POINT ( 'NONE', #1364 ) ;
#3844 = DIRECTION ( 'NONE',  ( 0.000000000000000000, 0.000000000000000000, 1.000000000000000000 ) ) ;
#3845 = EDGE_CURVE ( 'NONE', #2027, #3660, #915, .T. ) ;
#3846 = AXIS2_PLACEMENT_3D ( 'NONE', #1895, #66, #3067 ) ;
#3847 = DIRECTION ( 'NONE',  ( 0.000000000000000000, 0.000000000000000000, 1.000000000000000000 ) ) ;
#3848 = DIRECTION ( 'NONE',  ( 0.000000000000000000, 0.000000000000000000, 1.000000000000000000 ) ) ;
#3849 = ORIENTED_EDGE ( 'NONE', *, *, #120, .T. ) ;
#3850 = ADVANCED_FACE ( 'NONE', ( #1378 ), #533, .F. ) ;
#3851 = CYLINDRICAL_SURFACE ( 'NONE', #1486, 1.000000000000002665 ) ;
#3852 = CARTESIAN_POINT ( 'NONE',  ( -9.184850993605148438E-17, -8.500000000000000000, 1.742924699575454705E-16 ) ) ;
#3853 = ORIENTED_EDGE ( 'NONE', *, *, #2052, .F. ) ;
#3854 = CARTESIAN_POINT ( 'NONE',  ( -17.50000000000000355, 0.04999999999999665823, -1.700000000000013056 ) ) ;
#3855 = CARTESIAN_POINT ( 'NONE',  ( -13.19273868914366332, 1.500000000000000000, 3.500000000000002220 ) ) ;
#3856 = ORIENTED_EDGE ( 'NONE', *, *, #3260, .T. ) ;
#3857 = VERTEX_POINT ( 'NONE', #2911 ) ;
#3858 = DIRECTION ( 'NONE',  ( -0.000000000000000000, 1.000000000000000000, -0.000000000000000000 ) ) ;
#3859 = CARTESIAN_POINT ( 'NONE',  ( -3.199999999999999734, 1.500000000000000000, 2.399999999999999911 ) ) ;
#3860 = LINE ( 'NONE', #3301, #3479 ) ;
#3861 = CYLINDRICAL_SURFACE ( 'NONE', #1769, 1.699999999999996625 ) ;
#3862 = CONICAL_SURFACE ( 'NONE', #1530, 3.149999999999999911, 0.7853981633974477239 ) ;
#3863 = ORIENTED_EDGE ( 'NONE', *, *, #2288, .F. ) ;
#3864 = CARTESIAN_POINT ( 'NONE',  ( -7.745966692414836707, 1.500000000000000000, -3.500000000000000000 ) ) ;
#3865 = ORIENTED_EDGE ( 'NONE', *, *, #3594, .T. ) ;
#3866 = AXIS2_PLACEMENT_3D ( 'NONE', #1390, #1937, #2556 ) ;
#3867 = DIRECTION ( 'NONE',  ( 0.000000000000000000, 1.000000000000000000, 0.000000000000000000 ) ) ;
#3868 = EDGE_CURVE ( 'NONE', #126, #3, #2621, .T. ) ;
#3869 = VERTEX_POINT ( 'NONE', #458 ) ;
#3870 = AXIS2_PLACEMENT_3D ( 'NONE', #2100, #647, #2419 ) ;
#3871 = CIRCLE ( 'NONE', #2854, 4.549999999999999822 ) ;
#3872 = LINE ( 'NONE', #1522, #104 ) ;
#3873 = CARTESIAN_POINT ( 'NONE',  ( 8.750000000000005329, 1.500000000000000000, 15.15544456622768088 ) ) ;
#3874 = DIRECTION ( 'NONE',  ( 0.000000000000000000, 1.000000000000000000, -0.000000000000000000 ) ) ;
#3875 = ADVANCED_FACE ( 'NONE', ( #1123 ), #1728, .T. ) ;
#3876 = EDGE_LOOP ( 'NONE', ( #452, #3614, #709, #1270 ) ) ;
#3877 = CIRCLE ( 'NONE', #2292, 1.000000000000000444 ) ;
#3878 = VERTEX_POINT ( 'NONE', #2563 ) ;
#3879 = FACE_OUTER_BOUND ( 'NONE', #1254, .T. ) ;
#3880 = CARTESIAN_POINT ( 'NONE',  ( -11.54700538379261232, 1.500000000000000000, -19.99999999999996092 ) ) ;
#3881 = EDGE_CURVE ( 'NONE', #1014, #912, #2261, .T. ) ;
#3882 = LINE ( 'NONE', #1183, #3291 ) ;
#3883 = DIRECTION ( 'NONE',  ( -0.000000000000000000, 1.000000000000000000, -0.000000000000000000 ) ) ;
#3884 = ORIENTED_EDGE ( 'NONE', *, *, #3845, .T. ) ;
#3885 = VECTOR ( 'NONE', #1517, 1000.000000000000000 ) ;
#3886 = DIRECTION ( 'NONE',  ( 0.000000000000000000, 0.000000000000000000, 1.000000000000000000 ) ) ;
#3887 = ORIENTED_EDGE ( 'NONE', *, *, #3115, .F. ) ;
#3888 = AXIS2_PLACEMENT_3D ( 'NONE', #490, #1090, #739 ) ;
#3889 = CIRCLE ( 'NONE', #2174, 1.000000000000000444 ) ;
#3890 = DIRECTION ( 'NONE',  ( -0.000000000000000000, 1.000000000000000000, -0.000000000000000000 ) ) ;
#3891 = CIRCLE ( 'NONE', #1427, 7.500000000000001776 ) ;
#3892 = ORIENTED_EDGE ( 'NONE', *, *, #749, .T. ) ;
ENDSEC;
END-ISO-10303-21;
