ISO-10303-21;
HEADER;
FILE_DESCRIPTION (( 'STEP AP214' ),
    '1' );
FILE_NAME ('Part2^Assem1_Assem2_Assem1_differential drive unit.STEP',
    '2026-06-20T13:18:21',
    ( '' ),
    ( '' ),
    'SwSTEP 2.0',
    'SolidWorks 2022',
    '' );
FILE_SCHEMA (( 'AUTOMOTIVE_DESIGN' ));
ENDSEC;

DATA;
#1 = ADVANCED_FACE ( 'NONE', ( #291 ), #1374, .T. ) ;
#2 = ADVANCED_FACE ( 'NONE', ( #650 ), #76, .F. ) ;
#3 = DIRECTION ( 'NONE',  ( 0.000000000000000000, 0.8611344955626607511, 0.5083772030215770732 ) ) ;
#4 = ORIENTED_EDGE ( 'NONE', *, *, #1044, .T. ) ;
#5 = CIRCLE ( 'NONE', #913, 1.250000000000001110 ) ;
#6 = EDGE_LOOP ( 'NONE', ( #118, #1351, #225, #1525 ) ) ;
#7 = CARTESIAN_POINT ( 'NONE',  ( 2.500000000000000000, -4.999999999999984901, 0.000000000000000000 ) ) ;
#8 = LINE ( 'NONE', #583, #609 ) ;
#9 = EDGE_CURVE ( 'NONE', #1313, #924, #1107, .T. ) ;
#10 = CARTESIAN_POINT ( 'NONE',  ( 0.000000000000000000, 24.98999999999997002, -47.49999999999994316 ) ) ;
#11 = COLOUR_RGB ( '',0.7921568627450980005, 0.8196078431372548767, 0.9333333333333333481 ) ;
#12 = ORIENTED_EDGE ( 'NONE', *, *, #616, .T. ) ;
#13 = EDGE_LOOP ( 'NONE', ( #282, #935, #498, #335 ) ) ;
#14 = DIRECTION ( 'NONE',  ( -1.000000000000000000, 0.000000000000000000, -0.000000000000000000 ) ) ;
#15 = CIRCLE ( 'NONE', #216, 4.999999999999997335 ) ;
#16 = CARTESIAN_POINT ( 'NONE',  ( 0.000000000000000000, 32.48999999999997357, -46.24999999999995026 ) ) ;
#17 = ORIENTED_EDGE ( 'NONE', *, *, #1287, .T. ) ;
#18 = ADVANCED_FACE ( 'NONE', ( #779 ), #1479, .F. ) ;
#19 = CARTESIAN_POINT ( 'NONE',  ( -2.500000000000000000, 31.50675440604317501, -62.35153888787217369 ) ) ;
#20 = VERTEX_POINT ( 'NONE', #1358 ) ;
#21 = ORIENTED_EDGE ( 'NONE', *, *, #766, .F. ) ;
#22 = CARTESIAN_POINT ( 'NONE',  ( 2.500000000000000000, 0.000000000000000000, 65.49999999999994316 ) ) ;
#23 = VECTOR ( 'NONE', #206, 1000.000000000000000 ) ;
#24 = DIRECTION ( 'NONE',  ( -0.000000000000000000, 1.000000000000000000, -9.020562075079400835E-16 ) ) ;
#25 = CARTESIAN_POINT ( 'NONE',  ( 2.500000000000000000, -4.999999999999968026, -66.49999999999994316 ) ) ;
#26 = EDGE_LOOP ( 'NONE', ( #856, #1165, #579, #1090 ) ) ;
#27 = FACE_OUTER_BOUND ( 'NONE', #290, .T. ) ;
#28 = EDGE_CURVE ( 'NONE', #1488, #827, #788, .T. ) ;
#29 = ORIENTED_EDGE ( 'NONE', *, *, #599, .F. ) ;
#30 = ORIENTED_EDGE ( 'NONE', *, *, #1255, .T. ) ;
#31 = DIRECTION ( 'NONE',  ( -1.000000000000000000, 0.000000000000000000, -0.000000000000000000 ) ) ;
#32 = CARTESIAN_POINT ( 'NONE',  ( 2.500000000000000000, -4.999999999999979572, -8.673617379883992085E-16 ) ) ;
#33 = DIRECTION ( 'NONE',  ( -0.000000000000000000, 1.000000000000000000, -9.020562075079400835E-16 ) ) ;
#34 = ORIENTED_EDGE ( 'NONE', *, *, #1315, .T. ) ;
#35 = VERTEX_POINT ( 'NONE', #922 ) ;
#37 = DIRECTION ( 'NONE',  ( -1.000000000000000000, 0.000000000000000000, -0.000000000000000000 ) ) ;
#36 = FACE_BOUND ( 'NONE', #87, .T. ) ;
#38 = EDGE_CURVE ( 'NONE', #75, #480, #152, .T. ) ;
#39 = CARTESIAN_POINT ( 'NONE',  ( 2.500000000000000000, 19.99000000000000554, 54.63480632006641002 ) ) ;
#40 = LINE ( 'NONE', #855, #1403 ) ;
#41 = VERTEX_POINT ( 'NONE', #344 ) ;
#42 = ORIENTED_EDGE ( 'NONE', *, *, #1062, .F. ) ;
#44 = CARTESIAN_POINT ( 'NONE',  ( -2.500000000000000000, -4.999999999999979572, -8.673617379883992085E-16 ) ) ;
#43 = DIRECTION ( 'NONE',  ( 0.000000000000000000, -1.156482317317870492E-16, 1.000000000000000000 ) ) ;
#45 = EDGE_CURVE ( 'NONE', #1253, #123, #712, .T. ) ;
#46 = DIRECTION ( 'NONE',  ( -1.000000000000000000, 0.000000000000000000, -0.000000000000000000 ) ) ;
#47 = VECTOR ( 'NONE', #1019, 1000.000000000000000 ) ;
#48 = DIRECTION ( 'NONE',  ( -0.000000000000000000, 1.000000000000000000, -9.020562075079400835E-16 ) ) ;
#49 = CIRCLE ( 'NONE', #909, 2.000000000000001776 ) ;
#50 = EDGE_LOOP ( 'NONE', ( #523, #134, #264, #1231 ) ) ;
#51 = FILL_AREA_STYLE ('',( #1462 ) ) ;
#52 = CIRCLE ( 'NONE', #1389, 1.250000000000001110 ) ;
#53 = DIRECTION ( 'NONE',  ( 1.000000000000000000, -0.000000000000000000, 0.000000000000000000 ) ) ;
#54 = FACE_BOUND ( 'NONE', #105, .T. ) ;
#55 = EDGE_CURVE ( 'NONE', #768, #1350, #1286, .T. ) ;
#56 = CIRCLE ( 'NONE', #956, 1.250000000000000000 ) ;
#57 = CARTESIAN_POINT ( 'NONE',  ( 2.500000000000000000, 32.49000000000001620, -60.62926989674684819 ) ) ;
#58 = ADVANCED_FACE ( 'NONE', ( #1025 ), #1295, .F. ) ;
#59 = ORIENTED_EDGE ( 'NONE', *, *, #286, .T. ) ;
#60 = ORIENTED_EDGE ( 'NONE', *, *, #1125, .T. ) ;
#62 = CARTESIAN_POINT ( 'NONE',  ( -2.500000000000000000, 5.097631072937833352, 71.80073712587862644 ) ) ;
#61 = SURFACE_SIDE_STYLE ('',( #193 ) ) ;
#63 = VECTOR ( 'NONE', #306, 1000.000000000000000 ) ;
#64 = PLANE ( 'NONE',  #612 ) ;
#65 = VECTOR ( 'NONE', #832, 1000.000000000000000 ) ;
#66 = ORIENTED_EDGE ( 'NONE', *, *, #294, .T. ) ;
#67 = EDGE_CURVE ( 'NONE', #740, #768, #131, .T. ) ;
#68 = DIRECTION ( 'NONE',  ( -1.000000000000000000, 0.000000000000000000, -0.000000000000000000 ) ) ;
#69 = DIRECTION ( 'NONE',  ( 1.000000000000000000, 0.000000000000000000, -0.000000000000000000 ) ) ;
#70 = CARTESIAN_POINT ( 'NONE',  ( 1.530808498934196994E-16, 24.98999999999997002, -48.74999999999994316 ) ) ;
#71 = CARTESIAN_POINT ( 'NONE',  ( -2.500000000000000000, -4.999999999999984901, 70.49999999999995737 ) ) ;
#72 = ORIENTED_EDGE ( 'NONE', *, *, #904, .T. ) ;
#73 = CARTESIAN_POINT ( 'NONE',  ( -2.499999999999998224, 24.99000000000000554, 54.63480632006641002 ) ) ;
#74 = AXIS2_PLACEMENT_3D ( 'NONE', #1396, #108, #546 ) ;
#75 = VERTEX_POINT ( 'NONE', #232 ) ;
#76 = PLANE ( 'NONE',  #80 ) ;
#78 = CARTESIAN_POINT ( 'NONE',  ( 1.249999999999997335, 1.561251128379126385E-14, -70.49999999999995737 ) ) ;
#77 = SURFACE_STYLE_USAGE ( .BOTH. , #61 ) ;
#79 = ADVANCED_FACE ( 'NONE', ( #1520 ), #1168, .F. ) ;
#80 = AXIS2_PLACEMENT_3D ( 'NONE', #539, #1007, #1496 ) ;
#81 = CARTESIAN_POINT ( 'NONE',  ( -2.500000000000000000, -4.999999999999968026, -66.49999999999994316 ) ) ;
#82 = DIRECTION ( 'NONE',  ( 0.000000000000000000, -1.387778780781444413E-14, -1.000000000000000000 ) ) ;
#83 = CARTESIAN_POINT ( 'NONE',  ( 1.530808498934195022E-16, 24.99000000000005528, 46.24999999999997158 ) ) ;
#84 = VECTOR ( 'NONE', #1283, 1000.000000000000000 ) ;
#85 = EDGE_LOOP ( 'NONE', ( #697, #761, #507, #1238 ) ) ;
#86 = DIRECTION ( 'NONE',  ( 0.000000000000000000, 1.000000000000000000, -9.020562075079400835E-16 ) ) ;
#87 = EDGE_LOOP ( 'NONE', ( #1329, #557 ) ) ;
#88 = CARTESIAN_POINT ( 'NONE',  ( 0.000000000000000000, 24.98999999999997002, -47.49999999999994316 ) ) ;
#89 = EDGE_CURVE ( 'NONE', #1073, #470, #887, .T. ) ;
#90 = DIRECTION ( 'NONE',  ( 0.000000000000000000, -3.209238430557089969E-14, -1.000000000000000000 ) ) ;
#91 = CARTESIAN_POINT ( 'NONE',  ( 2.500000000000000000, 10.05501359437924869, -65.49999999999994316 ) ) ;
#92 = CARTESIAN_POINT ( 'NONE',  ( -2.500000000000000000, 6.000000000000036415, -76.24838371846196594 ) ) ;
#93 = DIRECTION ( 'NONE',  ( -0.000000000000000000, 1.000000000000000000, -9.020562075079400835E-16 ) ) ;
#94 = CARTESIAN_POINT ( 'NONE',  ( 2.500000000000000000, 6.508377203021606050, -77.10951821402461803 ) ) ;
#95 = AXIS2_PLACEMENT_3D ( 'NONE', #1004, #646, #313 ) ;
#96 = ORIENTED_EDGE ( 'NONE', *, *, #263, .F. ) ;
#97 = ORIENTED_EDGE ( 'NONE', *, *, #1353, .F. ) ;
#98 = FACE_OUTER_BOUND ( 'NONE', #115, .T. ) ;
#99 = DIRECTION ( 'NONE',  ( 0.000000000000000000, -1.000000000000000000, 0.000000000000000000 ) ) ;
#100 = CARTESIAN_POINT ( 'NONE',  ( -2.500000000000000000, 5.000000000000015099, 76.24838371846196594 ) ) ;
#101 = EDGE_CURVE ( 'NONE', #470, #1220, #552, .T. ) ;
#102 = CARTESIAN_POINT ( 'NONE',  ( 2.500000000000000000, 6.000000000000015099, 77.24838371846196594 ) ) ;
#103 = VECTOR ( 'NONE', #527, 1000.000000000000000 ) ;
#104 = DIRECTION ( 'NONE',  ( 0.000000000000000000, -0.8611344955626607511, 0.5083772030215770732 ) ) ;
#105 = EDGE_LOOP ( 'NONE', ( #388, #1297 ) ) ;
#106 = VECTOR ( 'NONE', #986, 1000.000000000000000 ) ;
#107 = CARTESIAN_POINT ( 'NONE',  ( 2.500000000000000000, 0.000000000000000000, -70.49999999999995737 ) ) ;
#108 = DIRECTION ( 'NONE',  ( 1.000000000000000000, -0.000000000000000000, 0.000000000000000000 ) ) ;
#109 = DIRECTION ( 'NONE',  ( 0.000000000000000000, 0.000000000000000000, 1.000000000000000000 ) ) ;
#110 = ADVANCED_FACE ( 'NONE', ( #328 ), #792, .T. ) ;
#111 = AXIS2_PLACEMENT_3D ( 'NONE', #326, #549, #791 ) ;
#112 = EDGE_CURVE ( 'NONE', #304, #1205, #423, .T. ) ;
#113 = CYLINDRICAL_SURFACE ( 'NONE', #593, 4.999999999999997335 ) ;
#114 = AXIS2_PLACEMENT_3D ( 'NONE', #10, #250, #1181 ) ;
#115 = EDGE_LOOP ( 'NONE', ( #1531, #1043, #405, #966 ) ) ;
#116 = VERTEX_POINT ( 'NONE', #62 ) ;
#117 = DIRECTION ( 'NONE',  ( 0.000000000000000000, -0.8611344955626607511, -0.5083772030215770732 ) ) ;
#118 = ORIENTED_EDGE ( 'NONE', *, *, #359, .F. ) ;
#119 = EDGE_CURVE ( 'NONE', #420, #846, #1412, .T. ) ;
#120 = EDGE_LOOP ( 'NONE', ( #1503, #463 ) ) ;
#121 = EDGE_LOOP ( 'NONE', ( #575, #1478, #445, #530 ) ) ;
#122 = FACE_OUTER_BOUND ( 'NONE', #265, .T. ) ;
#123 = VERTEX_POINT ( 'NONE', #1083 ) ;
#124 = VERTEX_POINT ( 'NONE', #881 ) ;
#125 = ORIENTED_EDGE ( 'NONE', *, *, #542, .T. ) ;
#126 = EDGE_CURVE ( 'NONE', #958, #304, #178, .T. ) ;
#127 = VECTOR ( 'NONE', #450, 1000.000000000000000 ) ;
#128 = AXIS2_PLACEMENT_3D ( 'NONE', #1101, #622, #1224 ) ;
#129 = CARTESIAN_POINT ( 'NONE',  ( 1.530808498934205622E-16, 32.49000000000005173, 46.24999999999996447 ) ) ;
#130 = ORIENTED_EDGE ( 'NONE', *, *, #798, .T. ) ;
#131 = CIRCLE ( 'NONE', #494, 4.999999999999997335 ) ;
#132 = LINE ( 'NONE', #159, #302 ) ;
#133 = CIRCLE ( 'NONE', #1265, 1.249999999999997335 ) ;
#134 = ORIENTED_EDGE ( 'NONE', *, *, #1094, .F. ) ;
#135 = FACE_OUTER_BOUND ( 'NONE', #493, .T. ) ;
#136 = CIRCLE ( 'NONE', #114, 1.250000000000001110 ) ;
#137 = ADVANCED_FACE ( 'NONE', ( #993, #643 ), #285, .T. ) ;
#138 = LINE ( 'NONE', #598, #1001 ) ;
#139 = VECTOR ( 'NONE', #603, 1000.000000000000000 ) ;
#140 = CARTESIAN_POINT ( 'NONE',  ( 0.000000000000000000, 24.99000000000001265, 1.052283260527531657E-14 ) ) ;
#141 = ORIENTED_EDGE ( 'NONE', *, *, #1010, .T. ) ;
#142 = CARTESIAN_POINT ( 'NONE',  ( 2.500000000000000000, 32.49000000000000199, 60.62926989674684108 ) ) ;
#143 = CARTESIAN_POINT ( 'NONE',  ( 2.500000000000000000, 31.62633728990264714, -53.57150133161847094 ) ) ;
#144 = ORIENTED_EDGE ( 'NONE', *, *, #164, .F. ) ;
#145 = ADVANCED_FACE ( 'NONE', ( #400, #866 ), #1208, .F. ) ;
#146 = ORIENTED_EDGE ( 'NONE', *, *, #1212, .T. ) ;
#147 = ORIENTED_EDGE ( 'NONE', *, *, #824, .T. ) ;
#148 = CARTESIAN_POINT ( 'NONE',  ( 2.500000000000000000, 3.699262874121324707, 70.40236892706212757 ) ) ;
#149 = VECTOR ( 'NONE', #903, 1000.000000000000000 ) ;
#150 = DIRECTION ( 'NONE',  ( 0.000000000000000000, 6.938893903907222067E-15, -1.000000000000000000 ) ) ;
#151 = FACE_BOUND ( 'NONE', #1505, .T. ) ;
#152 = CIRCLE ( 'NONE', #1185, 1.999999999999994893 ) ;
#153 = ORIENTED_EDGE ( 'NONE', *, *, #89, .T. ) ;
#154 = ADVANCED_FACE ( 'NONE', ( #517, #984 ), #620, .T. ) ;
#155 = EDGE_LOOP ( 'NONE', ( #311, #503, #810, #813 ) ) ;
#156 = LINE ( 'NONE', #276, #711 ) ;
#157 = AXIS2_PLACEMENT_3D ( 'NONE', #574, #458, #1524 ) ;
#158 = DIRECTION ( 'NONE',  ( 1.000000000000000000, -0.000000000000000000, 0.000000000000000000 ) ) ;
#159 = CARTESIAN_POINT ( 'NONE',  ( -2.500000000000000000, -4.999999999999984901, 0.000000000000000000 ) ) ;
#160 = ORIENTED_EDGE ( 'NONE', *, *, #777, .T. ) ;
#161 = ORIENTED_EDGE ( 'NONE', *, *, #777, .F. ) ;
#162 = CARTESIAN_POINT ( 'NONE',  ( 2.500000000000000000, 24.99000000000001265, 3.016264245611685362E-15 ) ) ;
#163 = EDGE_CURVE ( 'NONE', #297, #1200, #327, .T. ) ;
#164 = EDGE_CURVE ( 'NONE', #1313, #821, #738, .T. ) ;
#165 = CARTESIAN_POINT ( 'NONE',  ( 2.500000000000000000, 30.49000000000000199, 60.62926989674684108 ) ) ;
#166 = CARTESIAN_POINT ( 'NONE',  ( 2.500000000000000000, 4.292893218813482292, -71.20710678118649639 ) ) ;
#167 = DIRECTION ( 'NONE',  ( 0.000000000000000000, 0.000000000000000000, 1.000000000000000000 ) ) ;
#168 = ORIENTED_EDGE ( 'NONE', *, *, #512, .F. ) ;
#169 = ORIENTED_EDGE ( 'NONE', *, *, #1018, .T. ) ;
#170 = CARTESIAN_POINT ( 'NONE',  ( 2.500000000000000000, 3.402447701775251243, 69.99999999999995737 ) ) ;
#171 = EDGE_CURVE ( 'NONE', #1246, #831, #299, .T. ) ;
#172 = CIRCLE ( 'NONE', #491, 1.000000000000000888 ) ;
#173 = CARTESIAN_POINT ( 'NONE',  ( 2.500000000000000000, 5.000000000000015099, 72.09755229822469857 ) ) ;
#174 = CIRCLE ( 'NONE', #511, 1.250000000000001110 ) ;
#175 = ORIENTED_EDGE ( 'NONE', *, *, #1481, .T. ) ;
#176 = ORIENTED_EDGE ( 'NONE', *, *, #163, .T. ) ;
#178 = LINE ( 'NONE', #532, #1291 ) ;
#177 =( LENGTH_UNIT ( ) NAMED_UNIT ( * ) SI_UNIT ( .MILLI., .METRE. ) );
#179 = CARTESIAN_POINT ( 'NONE',  ( 0.000000000000000000, 1.561251128379126385E-14, -70.49999999999995737 ) ) ;
#180 = DIRECTION ( 'NONE',  ( -1.000000000000000000, 0.000000000000000000, 0.000000000000000000 ) ) ;
#181 = EDGE_CURVE ( 'NONE', #1284, #1071, #508, .T. ) ;
#182 = CYLINDRICAL_SURFACE ( 'NONE', #259, 4.999999999999997335 ) ;
#183 = ORIENTED_EDGE ( 'NONE', *, *, #38, .F. ) ;
#184 = ORIENTED_EDGE ( 'NONE', *, *, #163, .F. ) ;
#186 = DIRECTION ( 'NONE',  ( 0.000000000000000000, -1.000000000000000000, 0.000000000000000000 ) ) ;
#185 = DIRECTION ( 'NONE',  ( -1.000000000000000000, -0.000000000000000000, -0.000000000000000000 ) ) ;
#187 = DIRECTION ( 'NONE',  ( 0.000000000000000000, 0.8611344955626607511, -0.5083772030215770732 ) ) ;
#188 = EDGE_CURVE ( 'NONE', #1451, #480, #975, .T. ) ;
#189 = CARTESIAN_POINT ( 'NONE',  ( 2.500000000000000000, 6.000000000000015099, 76.24838371846196594 ) ) ;
#190 = AXIS2_PLACEMENT_3D ( 'NONE', #1485, #662, #396 ) ;
#191 = ORIENTED_EDGE ( 'NONE', *, *, #757, .T. ) ;
#192 = ORIENTED_EDGE ( 'NONE', *, *, #730, .T. ) ;
#194 = CARTESIAN_POINT ( 'NONE',  ( 0.000000000000000000, 32.49000000000005173, 47.49999999999996447 ) ) ;
#193 = SURFACE_STYLE_FILL_AREA ( #873 ) ;
#195 = CARTESIAN_POINT ( 'NONE',  ( -2.500000000000000000, 35.43916631256448113, 60.03001004833841847 ) ) ;
#196 = CARTESIAN_POINT ( 'NONE',  ( 2.500000000000000000, 5.000000000000023093, 5.782411586589379332E-16 ) ) ;
#197 = DIRECTION ( 'NONE',  ( 0.000000000000000000, 0.000000000000000000, -1.000000000000000000 ) ) ;
#198 = VECTOR ( 'NONE', #254, 1000.000000000000000 ) ;
#199 = EDGE_LOOP ( 'NONE', ( #1469, #184, #1089, #21 ) ) ;
#200 = CARTESIAN_POINT ( 'NONE',  ( 2.500000000000000000, 4.292893218813464529, 71.20710678118649639 ) ) ;
#202 = CARTESIAN_POINT ( 'NONE',  ( 0.000000000000000000, 24.98999999999997002, -46.24999999999994316 ) ) ;
#201 = LINE ( 'NONE', #431, #1448 ) ;
#203 = EDGE_CURVE ( 'NONE', #1306, #365, #651, .T. ) ;
#204 = AXIS2_PLACEMENT_3D ( 'NONE', #736, #37, #1240 ) ;
#205 = DIRECTION ( 'NONE',  ( 1.000000000000000000, 0.000000000000000000, 0.000000000000000000 ) ) ;
#206 = DIRECTION ( 'NONE',  ( -1.000000000000000000, -0.000000000000000000, -0.000000000000000000 ) ) ;
#207 = AXIS2_PLACEMENT_3D ( 'NONE', #1234, #867, #652 ) ;
#208 = PLANE ( 'NONE',  #808 ) ;
#209 = DIRECTION ( 'NONE',  ( -1.000000000000000000, 0.000000000000000000, 0.000000000000000000 ) ) ;
#210 = ORIENTED_EDGE ( 'NONE', *, *, #943, .T. ) ;
#211 = VERTEX_POINT ( 'NONE', #874 ) ;
#212 = CYLINDRICAL_SURFACE ( 'NONE', #518, 1.000000000000000888 ) ;
#213 = CARTESIAN_POINT ( 'NONE',  ( 2.500000000000000000, 5.097631072937832464, 71.80073712587862644 ) ) ;
#214 = FACE_OUTER_BOUND ( 'NONE', #753, .T. ) ;
#215 = DIRECTION ( 'NONE',  ( 0.000000000000000000, 0.000000000000000000, -1.000000000000000000 ) ) ;
#216 = AXIS2_PLACEMENT_3D ( 'NONE', #655, #1120, #197 ) ;
#217 = EDGE_LOOP ( 'NONE', ( #230, #72, #17, #1401 ) ) ;
#218 = EDGE_CURVE ( 'NONE', #1179, #734, #1316, .T. ) ;
#219 = DIRECTION ( 'NONE',  ( 0.000000000000000000, 1.000000000000000000, -9.020562075079400835E-16 ) ) ;
#220 = CYLINDRICAL_SURFACE ( 'NONE', #223, 0.5000000000000004441 ) ;
#221 = ADVANCED_FACE ( 'NONE', ( #1332 ), #635, .T. ) ;
#222 = CARTESIAN_POINT ( 'NONE',  ( 2.500000000000000000, 5.000000000000024869, 5.782411586589381305E-16 ) ) ;
#223 = AXIS2_PLACEMENT_3D ( 'NONE', #545, #1395, #1262 ) ;
#224 = DIRECTION ( 'NONE',  ( 0.000000000000000000, -8.673617379884027583E-15, -1.000000000000000000 ) ) ;
#225 = ORIENTED_EDGE ( 'NONE', *, *, #171, .T. ) ;
#226 = CIRCLE ( 'NONE', #1434, 1.000000000000000888 ) ;
#227 = LINE ( 'NONE', #688, #127 ) ;
#228 = VERTEX_POINT ( 'NONE', #409 ) ;
#229 = VECTOR ( 'NONE', #548, 1000.000000000000000 ) ;
#230 = ORIENTED_EDGE ( 'NONE', *, *, #564, .F. ) ;
#231 = ORIENTED_EDGE ( 'NONE', *, *, #1418, .T. ) ;
#232 = CARTESIAN_POINT ( 'NONE',  ( -2.500000000000000000, 32.49000000000001620, -60.62926989674684819 ) ) ;
#233 = FACE_OUTER_BOUND ( 'NONE', #1312, .T. ) ;
#234 = ORIENTED_EDGE ( 'NONE', *, *, #1345, .T. ) ;
#235 = COLOUR_RGB ( '',0.7921568627450980005, 0.8196078431372548767, 0.9333333333333333481 ) ;
#236 = ADVANCED_FACE ( 'NONE', ( #1352 ), #795, .T. ) ;
#237 = VERTEX_POINT ( 'NONE', #94 ) ;
#238 = EDGE_LOOP ( 'NONE', ( #997, #300, #522, #950 ) ) ;
#239 = LINE ( 'NONE', #1296, #733 ) ;
#240 = PLANE ( 'NONE',  #1477 ) ;
#241 = ORIENTED_EDGE ( 'NONE', *, *, #1053, .F. ) ;
#242 = ORIENTED_EDGE ( 'NONE', *, *, #1439, .T. ) ;
#243 = DIRECTION ( 'NONE',  ( 0.000000000000000000, 0.000000000000000000, -1.000000000000000000 ) ) ;
#244 = ADVANCED_FACE ( 'NONE', ( #566 ), #1160, .T. ) ;
#245 = AXIS2_PLACEMENT_3D ( 'NONE', #1067, #1415, #722 ) ;
#246 = VECTOR ( 'NONE', #895, 1000.000000000000000 ) ;
#247 = CYLINDRICAL_SURFACE ( 'NONE', #245, 4.999999999999997335 ) ;
#248 = ORIENTED_EDGE ( 'NONE', *, *, #1315, .F. ) ;
#249 = VECTOR ( 'NONE', #186, 1000.000000000000000 ) ;
#250 = DIRECTION ( 'NONE',  ( 0.000000000000000000, 1.000000000000000000, -9.020562075079400835E-16 ) ) ;
#251 = APPLICATION_CONTEXT ( 'automotive_design' ) ;
#252 = VERTEX_POINT ( 'NONE', #1275 ) ;
#253 = LINE ( 'NONE', #720, #139 ) ;
#254 = DIRECTION ( 'NONE',  ( 0.000000000000000000, 1.000000000000000000, 0.000000000000000000 ) ) ;
#255 = ORIENTED_EDGE ( 'NONE', *, *, #836, .F. ) ;
#256 = DIRECTION ( 'NONE',  ( 1.000000000000000000, -0.000000000000000000, -0.000000000000000000 ) ) ;
#257 = ORIENTED_EDGE ( 'NONE', *, *, #1326, .T. ) ;
#258 = DIRECTION ( 'NONE',  ( 1.000000000000000000, -0.000000000000000000, 0.000000000000000000 ) ) ;
#259 = AXIS2_PLACEMENT_3D ( 'NONE', #1397, #580, #1411 ) ;
#260 = CARTESIAN_POINT ( 'NONE',  ( 2.500000000000000000, 10.05501359437924869, -60.49999999999995026 ) ) ;
#261 = ORIENTED_EDGE ( 'NONE', *, *, #101, .T. ) ;
#262 = CARTESIAN_POINT ( 'NONE',  ( 2.500000000000000000, 12.59689960948713683, -64.80567247781326046 ) ) ;
#263 = EDGE_CURVE ( 'NONE', #1041, #454, #1367, .T. ) ;
#264 = ORIENTED_EDGE ( 'NONE', *, *, #931, .F. ) ;
#265 = EDGE_LOOP ( 'NONE', ( #1400, #1442, #772, #955 ) ) ;
#267 = DIRECTION ( 'NONE',  ( -1.000000000000000000, -0.000000000000000000, -0.000000000000000000 ) ) ;
#266 = LINE ( 'NONE', #383, #371 ) ;
#268 = VECTOR ( 'NONE', #364, 1000.000000000000000 ) ;
#269 = FACE_OUTER_BOUND ( 'NONE', #121, .T. ) ;
#270 = ADVANCED_FACE ( 'NONE', ( #673 ), #1498, .T. ) ;
#271 = EDGE_CURVE ( 'NONE', #455, #982, #402, .T. ) ;
#272 = CARTESIAN_POINT ( 'NONE',  ( 2.500000000000000000, 0.000000000000000000, -70.49999999999995737 ) ) ;
#273 = LINE ( 'NONE', #1459, #1052 ) ;
#274 = ORIENTED_EDGE ( 'NONE', *, *, #1085, .F. ) ;
#275 = EDGE_LOOP ( 'NONE', ( #1470, #568, #618, #732 ) ) ;
#277 = CARTESIAN_POINT ( 'NONE',  ( 0.000000000000000000, 1.561251128379126385E-14, -70.49999999999995737 ) ) ;
#276 = CARTESIAN_POINT ( 'NONE',  ( -2.500000000000000000, 5.000000000000023093, 5.782411586589379332E-16 ) ) ;
#278 = VECTOR ( 'NONE', #1504, 1000.000000000000000 ) ;
#279 = DIRECTION ( 'NONE',  ( 1.000000000000000000, 0.000000000000000000, 0.000000000000000000 ) ) ;
#280 = CYLINDRICAL_SURFACE ( 'NONE', #581, 1.250000000000000000 ) ;
#281 = EDGE_CURVE ( 'NONE', #924, #1047, #671, .T. ) ;
#282 = ORIENTED_EDGE ( 'NONE', *, *, #842, .F. ) ;
#283 = EDGE_LOOP ( 'NONE', ( #29, #361, #1096, #675 ) ) ;
#285 = PLANE ( 'NONE',  #911 ) ;
#284 = DIRECTION ( 'NONE',  ( 1.000000000000000000, 0.000000000000000000, 0.000000000000000000 ) ) ;
#286 = EDGE_CURVE ( 'NONE', #237, #708, #771, .T. ) ;
#287 = CARTESIAN_POINT ( 'NONE',  ( 2.500000000000000000, 31.50675440604317501, -62.35153888787217369 ) ) ;
#288 = DIRECTION ( 'NONE',  ( -1.000000000000000000, 0.000000000000000000, -0.000000000000000000 ) ) ;
#289 = CYLINDRICAL_SURFACE ( 'NONE', #825, 1.250000000000000000 ) ;
#290 = EDGE_LOOP ( 'NONE', ( #42, #1452, #1510, #817 ) ) ;
#291 = FACE_OUTER_BOUND ( 'NONE', #26, .T. ) ;
#293 = CARTESIAN_POINT ( 'NONE',  ( -2.500000000000000000, 35.43916631256449534, -60.03001004833843268 ) ) ;
#292 = LINE ( 'NONE', #770, #677 ) ;
#294 = EDGE_CURVE ( 'NONE', #1182, #252, #1009, .T. ) ;
#295 = DIRECTION ( 'NONE',  ( -1.000000000000000000, -0.000000000000000000, -0.000000000000000000 ) ) ;
#296 = VECTOR ( 'NONE', #386, 1000.000000000000000 ) ;
#297 = VERTEX_POINT ( 'NONE', #78 ) ;
#298 = CARTESIAN_POINT ( 'NONE',  ( -2.500000000000000000, 30.49000000000001620, -60.62926989674684819 ) ) ;
#299 = LINE ( 'NONE', #44, #1388 ) ;
#300 = ORIENTED_EDGE ( 'NONE', *, *, #1103, .T. ) ;
#301 = DIRECTION ( 'NONE',  ( 0.000000000000000000, 0.000000000000000000, 1.000000000000000000 ) ) ;
#302 = VECTOR ( 'NONE', #387, 1000.000000000000000 ) ;
#303 = CARTESIAN_POINT ( 'NONE',  ( 0.000000000000000000, 24.99000000000001265, 1.052283260527531657E-14 ) ) ;
#304 = VERTEX_POINT ( 'NONE', #438 ) ;
#305 = ORIENTED_EDGE ( 'NONE', *, *, #647, .T. ) ;
#307 = CARTESIAN_POINT ( 'NONE',  ( 2.500000000000000000, 6.000000000000036415, -76.24838371846196594 ) ) ;
#306 = DIRECTION ( 'NONE',  ( -1.000000000000000000, -0.000000000000000000, -0.000000000000000000 ) ) ;
#308 = ORIENTED_EDGE ( 'NONE', *, *, #218, .T. ) ;
#309 = DIRECTION ( 'NONE',  ( 1.000000000000000000, 0.000000000000000000, 0.000000000000000000 ) ) ;
#310 = CYLINDRICAL_SURFACE ( 'NONE', #759, 1.000000000000000888 ) ;
#311 = ORIENTED_EDGE ( 'NONE', *, *, #721, .F. ) ;
#312 = DIRECTION ( 'NONE',  ( 0.000000000000000000, -1.156482317317870492E-16, 1.000000000000000000 ) ) ;
#313 = DIRECTION ( 'NONE',  ( 0.000000000000000000, 0.000000000000000000, 1.000000000000000000 ) ) ;
#314 = ORIENTED_EDGE ( 'NONE', *, *, #67, .T. ) ;
#315 = DIRECTION ( 'NONE',  ( -0.000000000000000000, 1.000000000000000000, -9.020562075079400835E-16 ) ) ;
#317 = CARTESIAN_POINT ( 'NONE',  ( -2.500000000000000000, 12.59689960948712262, 64.80567247781326046 ) ) ;
#316 = CARTESIAN_POINT ( 'NONE',  ( 0.000000000000000000, 1.561251128379126385E-14, -129.5000000000000568 ) ) ;
#318 = DIRECTION ( 'NONE',  ( 0.000000000000000000, 0.000000000000000000, -1.000000000000000000 ) ) ;
#319 = CARTESIAN_POINT ( 'NONE',  ( -1.249999999999997335, 1.576559213368468278E-14, -70.49999999999995737 ) ) ;
#320 = DIRECTION ( 'NONE',  ( 0.000000000000000000, -0.5083772030215769622, -0.8611344955626608622 ) ) ;
#321 = AXIS2_PLACEMENT_3D ( 'NONE', #92, #1128, #82 ) ;
#322 = EDGE_CURVE ( 'NONE', #723, #602, #1031, .T. ) ;
#323 = EDGE_CURVE ( 'NONE', #1305, #252, #1414, .T. ) ;
#324 = CYLINDRICAL_SURFACE ( 'NONE', #892, 1.249999999999997335 ) ;
#325 = CIRCLE ( 'NONE', #567, 1.000000000000000888 ) ;
#326 = CARTESIAN_POINT ( 'NONE',  ( 2.500000000000000000, 0.000000000000000000, 0.000000000000000000 ) ) ;
#327 = CIRCLE ( 'NONE', #349, 1.249999999999997335 ) ;
#328 = FACE_OUTER_BOUND ( 'NONE', #648, .T. ) ;
#329 = LINE ( 'NONE', #793, #1260 ) ;
#330 = VECTOR ( 'NONE', #1273, 1000.000000000000000 ) ;
#331 = LINE ( 'NONE', #680, #47 ) ;
#332 = DIRECTION ( 'NONE',  ( 1.000000000000000000, -0.000000000000000000, 0.000000000000000000 ) ) ;
#333 = EDGE_CURVE ( 'NONE', #381, #116, #1342, .T. ) ;
#334 = VERTEX_POINT ( 'NONE', #1517 ) ;
#335 = ORIENTED_EDGE ( 'NONE', *, *, #1429, .F. ) ;
#336 = CARTESIAN_POINT ( 'NONE',  ( 0.000000000000000000, 1.561251128379126385E-14, 65.49999999999994316 ) ) ;
#337 = ADVANCED_FACE ( 'NONE', ( #1140 ), #113, .F. ) ;
#338 = DIRECTION ( 'NONE',  ( 0.000000000000000000, 0.000000000000000000, -1.000000000000000000 ) ) ;
#339 = LINE ( 'NONE', #426, #246 ) ;
#340 = CARTESIAN_POINT ( 'NONE',  ( 0.000000000000000000, 24.98999999999997002, -47.49999999999994316 ) ) ;
#341 = DIRECTION ( 'NONE',  ( 0.000000000000000000, 0.000000000000000000, 1.000000000000000000 ) ) ;
#342 = AXIS2_PLACEMENT_3D ( 'NONE', #529, #1252, #1219 ) ;
#343 = DIRECTION ( 'NONE',  ( 0.000000000000000000, 1.000000000000000000, -9.020562075079400835E-16 ) ) ;
#344 = CARTESIAN_POINT ( 'NONE',  ( 2.500000000000000000, -4.999999999999984901, 70.49999999999995737 ) ) ;
#345 = CIRCLE ( 'NONE', #1045, 4.999999999999997335 ) ;
#346 = ORIENTED_EDGE ( 'NONE', *, *, #377, .F. ) ;
#347 = ORIENTED_EDGE ( 'NONE', *, *, #1110, .T. ) ;
#348 = ADVANCED_FACE ( 'NONE', ( #422 ), #324, .F. ) ;
#349 = AXIS2_PLACEMENT_3D ( 'NONE', #277, #1216, #627 ) ;
#350 = DIRECTION ( 'NONE',  ( -1.000000000000000000, 0.000000000000000000, -0.000000000000000000 ) ) ;
#351 = EDGE_LOOP ( 'NONE', ( #1032, #146, #725, #1097 ) ) ;
#352 = LINE ( 'NONE', #83, #385 ) ;
#353 = AXIS2_PLACEMENT_3D ( 'NONE', #999, #901, #1124 ) ;
#354 = EDGE_LOOP ( 'NONE', ( #515, #820, #175, #231 ) ) ;
#355 = EDGE_LOOP ( 'NONE', ( #849, #168 ) ) ;
#356 = PRODUCT_DEFINITION_CONTEXT ( 'detailed design', #251, 'design' ) ;
#357 = DIRECTION ( 'NONE',  ( 1.000000000000000000, -0.000000000000000000, -0.000000000000000000 ) ) ;
#358 = VERTEX_POINT ( 'NONE', #202 ) ;
#359 = EDGE_CURVE ( 'NONE', #992, #1416, #1509, .T. ) ;
#360 = DIRECTION ( 'NONE',  ( 0.000000000000000000, -1.000000000000000000, 0.000000000000000000 ) ) ;
#361 = ORIENTED_EDGE ( 'NONE', *, *, #488, .F. ) ;
#362 = EDGE_LOOP ( 'NONE', ( #1256, #570, #1276, #473 ) ) ;
#363 = DIRECTION ( 'NONE',  ( 0.000000000000000000, 6.938893903907222067E-15, -1.000000000000000000 ) ) ;
#364 = DIRECTION ( 'NONE',  ( 1.000000000000000000, -0.000000000000000000, -0.000000000000000000 ) ) ;
#365 = VERTEX_POINT ( 'NONE', #317 ) ;
#366 = EDGE_CURVE ( 'NONE', #466, #558, #781, .T. ) ;
#367 = ORIENTED_EDGE ( 'NONE', *, *, #757, .F. ) ;
#368 = AXIS2_PLACEMENT_3D ( 'NONE', #774, #765, #799 ) ;
#369 = ORIENTED_EDGE ( 'NONE', *, *, #45, .F. ) ;
#370 = CARTESIAN_POINT ( 'NONE',  ( -2.500000000000000000, 30.49000000000000199, 60.62926989674684108 ) ) ;
#371 = VECTOR ( 'NONE', #851, 1000.000000000000114 ) ;
#372 = DIRECTION ( 'NONE',  ( 0.000000000000000000, -0.8611344955626606401, -0.5083772030215771842 ) ) ;
#373 = ORIENTED_EDGE ( 'NONE', *, *, #512, .T. ) ;
#374 = CARTESIAN_POINT ( 'NONE',  ( -2.500000000000000000, 5.000000000000033751, -76.24838371846196594 ) ) ;
#375 = ORIENTED_EDGE ( 'NONE', *, *, #1335, .T. ) ;
#376 = CYLINDRICAL_SURFACE ( 'NONE', #587, 1.249999999999997335 ) ;
#377 = EDGE_CURVE ( 'NONE', #334, #1305, #665, .T. ) ;
#378 = CYLINDRICAL_SURFACE ( 'NONE', #1408, 0.5000000000000004441 ) ;
#379 = ORIENTED_EDGE ( 'NONE', *, *, #1157, .F. ) ;
#380 = DIRECTION ( 'NONE',  ( -1.000000000000000000, 0.000000000000000000, 0.000000000000000000 ) ) ;
#381 = VERTEX_POINT ( 'NONE', #923 ) ;
#382 = ORIENTED_EDGE ( 'NONE', *, *, #1244, .F. ) ;
#384 = DIRECTION ( 'NONE',  ( 1.000000000000000000, -0.000000000000000000, 0.000000000000000000 ) ) ;
#383 = CARTESIAN_POINT ( 'NONE',  ( -2.500000000000000000, 31.62633728990264714, -53.57150133161847094 ) ) ;
#385 = VECTOR ( 'NONE', #93, 1000.000000000000000 ) ;
#386 = DIRECTION ( 'NONE',  ( 1.000000000000000000, -0.000000000000000000, -0.000000000000000000 ) ) ;
#387 = DIRECTION ( 'NONE',  ( -0.000000000000000000, 0.000000000000000000, 1.000000000000000000 ) ) ;
#388 = ORIENTED_EDGE ( 'NONE', *, *, #441, .F. ) ;
#389 = EDGE_LOOP ( 'NONE', ( #1245, #144, #1033, #1068 ) ) ;
#391 = DIRECTION ( 'NONE',  ( -0.000000000000000000, 1.000000000000000000, -9.020562075079400835E-16 ) ) ;
#390 = DIRECTION ( 'NONE',  ( 0.000000000000000000, 0.000000000000000000, -1.000000000000000000 ) ) ;
#392 = VECTOR ( 'NONE', #1432, 1000.000000000000000 ) ;
#393 = CARTESIAN_POINT ( 'NONE',  ( -1.249999999999997335, 1.576559213368468278E-14, 70.49999999999995737 ) ) ;
#394 = CARTESIAN_POINT ( 'NONE',  ( 2.500000000000000000, -3.999999999999984457, 65.49999999999994316 ) ) ;
#395 = EDGE_CURVE ( 'NONE', #1049, #1306, #519, .T. ) ;
#396 = DIRECTION ( 'NONE',  ( 1.000000000000000000, 0.000000000000000000, 0.000000000000000000 ) ) ;
#397 = AXIS2_PLACEMENT_3D ( 'NONE', #983, #664, #1228 ) ;
#398 = ORIENTED_EDGE ( 'NONE', *, *, #281, .F. ) ;
#400 = FACE_BOUND ( 'NONE', #1057, .T. ) ;
#399 = SURFACE_SIDE_STYLE ('',( #1247 ) ) ;
#401 = AXIS2_PLACEMENT_3D ( 'NONE', #179, #893, #309 ) ;
#402 = CIRCLE ( 'NONE', #1494, 4.999999999999997335 ) ;
#403 = CARTESIAN_POINT ( 'NONE',  ( 2.500000000000000000, 4.292893218813482292, -71.20710678118649639 ) ) ;
#404 = CYLINDRICAL_SURFACE ( 'NONE', #681, 1.999999999999994893 ) ;
#405 = ORIENTED_EDGE ( 'NONE', *, *, #1298, .T. ) ;
#406 = EDGE_CURVE ( 'NONE', #1133, #617, #1406, .T. ) ;
#407 = DIRECTION ( 'NONE',  ( -0.000000000000000000, -0.000000000000000000, 1.000000000000000000 ) ) ;
#409 = CARTESIAN_POINT ( 'NONE',  ( 2.500000000000000000, 12.59689960948713328, -64.80567247781326046 ) ) ;
#408 = CARTESIAN_POINT ( 'NONE',  ( 1.249999999999997335, 1.561251128379126385E-14, -65.49999999999994316 ) ) ;
#410 = LINE ( 'NONE', #1218, #756 ) ;
#411 = CARTESIAN_POINT ( 'NONE',  ( 0.000000000000000000, 24.98999999999997002, -47.49999999999994316 ) ) ;
#412 = ORIENTED_EDGE ( 'NONE', *, *, #1146, .T. ) ;
#413 = ORIENTED_EDGE ( 'NONE', *, *, #476, .F. ) ;
#414 = DIRECTION ( 'NONE',  ( -1.000000000000000000, 0.000000000000000000, -0.000000000000000000 ) ) ;
#415 = ADVANCED_FACE ( 'NONE', ( #717 ), #1311, .F. ) ;
#416 = ORIENTED_EDGE ( 'NONE', *, *, #599, .T. ) ;
#417 = VECTOR ( 'NONE', #902, 1000.000000000000000 ) ;
#418 = CARTESIAN_POINT ( 'NONE',  ( 2.500000000000000000, 32.49000000000000909, 3.757411048965767322E-15 ) ) ;
#419 = AXIS2_PLACEMENT_3D ( 'NONE', #829, #258, #243 ) ;
#420 = VERTEX_POINT ( 'NONE', #495 ) ;
#421 = ORIENTED_EDGE ( 'NONE', *, *, #990, .F. ) ;
#422 = FACE_OUTER_BOUND ( 'NONE', #199, .T. ) ;
#423 = CIRCLE ( 'NONE', #1362, 1.250000000000000000 ) ;
#424 = ORIENTED_EDGE ( 'NONE', *, *, #836, .T. ) ;
#425 = EDGE_CURVE ( 'NONE', #454, #912, #764, .T. ) ;
#426 = CARTESIAN_POINT ( 'NONE',  ( 2.500000000000000000, 4.292893218813482292, -70.20710678118649639 ) ) ;
#427 = CARTESIAN_POINT ( 'NONE',  ( -2.500000000000000000, -4.999999999999967137, -70.49999999999995737 ) ) ;
#428 = DIRECTION ( 'NONE',  ( -0.000000000000000000, 1.000000000000000000, -9.020562075079400835E-16 ) ) ;
#429 = ORIENTED_EDGE ( 'NONE', *, *, #38, .T. ) ;
#430 = CARTESIAN_POINT ( 'NONE',  ( 0.000000000000000000, 24.99000000000005528, 48.74999999999997158 ) ) ;
#432 = CARTESIAN_POINT ( 'NONE',  ( 2.500000000000000000, 35.43916631256448113, 60.03001004833841847 ) ) ;
#431 = CARTESIAN_POINT ( 'NONE',  ( 2.500000000000000000, -4.999999999999967137, -70.49999999999995737 ) ) ;
#433 = DIRECTION ( 'NONE',  ( -0.000000000000000000, -0.000000000000000000, 1.000000000000000000 ) ) ;
#434 = CARTESIAN_POINT ( 'NONE',  ( 2.500000000000000000, 12.59689960948712262, 64.80567247781326046 ) ) ;
#435 = EDGE_CURVE ( 'NONE', #723, #358, #136, .T. ) ;
#436 = ADVANCED_FACE ( 'NONE', ( #27 ), #615, .T. ) ;
#437 = CARTESIAN_POINT ( 'NONE',  ( 1.530808498934191571E-16, 24.99000000000001265, -1.249999999999989342 ) ) ;
#438 = CARTESIAN_POINT ( 'NONE',  ( 0.000000000000000000, 32.49000000000000909, 1.250000000000003775 ) ) ;
#439 = DIRECTION ( 'NONE',  ( -0.000000000000000000, -0.000000000000000000, 1.000000000000000000 ) ) ;
#440 = CARTESIAN_POINT ( 'NONE',  ( -2.500000000000000000, -4.999999999999984901, 66.49999999999994316 ) ) ;
#441 = EDGE_CURVE ( 'NONE', #1013, #602, #1188, .T. ) ;
#442 = EDGE_CURVE ( 'NONE', #958, #1391, #56, .T. ) ;
#443 = DIRECTION ( 'NONE',  ( -1.000000000000000000, 0.000000000000000000, 0.000000000000000000 ) ) ;
#444 = EDGE_LOOP ( 'NONE', ( #367, #1064, #465, #1196 ) ) ;
#445 = ORIENTED_EDGE ( 'NONE', *, *, #67, .F. ) ;
#446 = CARTESIAN_POINT ( 'NONE',  ( -2.500000000000000000, -3.999999999999968026, -65.49999999999994316 ) ) ;
#447 = VECTOR ( 'NONE', #1222, 1000.000000000000000 ) ;
#448 = LINE ( 'NONE', #107, #417 ) ;
#449 = AXIS2_PLACEMENT_3D ( 'NONE', #1483, #1423, #1317 ) ;
#450 = DIRECTION ( 'NONE',  ( -1.000000000000000000, 0.000000000000000000, 0.000000000000000000 ) ) ;
#452 = DIRECTION ( 'NONE',  ( 0.000000000000000000, 0.000000000000000000, -1.000000000000000000 ) ) ;
#451 = DIRECTION ( 'NONE',  ( 0.000000000000000000, 0.000000000000000000, 1.000000000000000000 ) ) ;
#453 = EDGE_CURVE ( 'NONE', #846, #1199, #132, .T. ) ;
#454 = VERTEX_POINT ( 'NONE', #964 ) ;
#455 = VERTEX_POINT ( 'NONE', #1435 ) ;
#456 = CARTESIAN_POINT ( 'NONE',  ( 2.500000000000000000, 4.292893218813482292, -71.20710678118649639 ) ) ;
#457 = DIRECTION ( 'NONE',  ( 0.000000000000000000, 0.000000000000000000, -1.000000000000000000 ) ) ;
#458 = DIRECTION ( 'NONE',  ( -1.000000000000000000, 0.000000000000000000, -0.000000000000000000 ) ) ;
#459 = ORIENTED_EDGE ( 'NONE', *, *, #1335, .F. ) ;
#460 = EDGE_CURVE ( 'NONE', #768, #365, #40, .T. ) ;
#461 = DIRECTION ( 'NONE',  ( 1.000000000000000000, -0.000000000000000000, 0.000000000000000000 ) ) ;
#462 = DIRECTION ( 'NONE',  ( -1.000000000000000000, 0.000000000000000000, 0.000000000000000000 ) ) ;
#463 = ORIENTED_EDGE ( 'NONE', *, *, #500, .F. ) ;
#464 = CIRCLE ( 'NONE', #1259, 0.5000000000000004441 ) ;
#465 = ORIENTED_EDGE ( 'NONE', *, *, #969, .T. ) ;
#466 = VERTEX_POINT ( 'NONE', #374 ) ;
#467 = AXIS2_PLACEMENT_3D ( 'NONE', #806, #1527, #925 ) ;
#468 = ADVANCED_FACE ( 'NONE', ( #151, #957 ), #240, .F. ) ;
#469 = CARTESIAN_POINT ( 'NONE',  ( 2.500000000000000000, 22.53188601510790079, -58.94047879787971311 ) ) ;
#470 = VERTEX_POINT ( 'NONE', #1321 ) ;
#471 = AXIS2_PLACEMENT_3D ( 'NONE', #194, #86, #1390 ) ;
#472 = VERTEX_POINT ( 'NONE', #826 ) ;
#473 = ORIENTED_EDGE ( 'NONE', *, *, #1298, .F. ) ;
#474 = FACE_OUTER_BOUND ( 'NONE', #50, .T. ) ;
#475 = DIRECTION ( 'NONE',  ( 0.000000000000000000, 0.000000000000000000, 1.000000000000000000 ) ) ;
#476 = EDGE_CURVE ( 'NONE', #211, #420, #486, .T. ) ;
#477 =( GEOMETRIC_REPRESENTATION_CONTEXT ( 3 ) GLOBAL_UNCERTAINTY_ASSIGNED_CONTEXT ( ( #932 ) ) GLOBAL_UNIT_ASSIGNED_CONTEXT ( ( #177, #1292, #1020 ) ) REPRESENTATION_CONTEXT ( 'NONE', 'WORKASPACE' ) );
#478 = CARTESIAN_POINT ( 'NONE',  ( 0.000000000000000000, 24.99000000000005528, 47.49999999999997158 ) ) ;
#479 = ORIENTED_EDGE ( 'NONE', *, *, #1254, .T. ) ;
#480 = VERTEX_POINT ( 'NONE', #19 ) ;
#481 = DIRECTION ( 'NONE',  ( 0.000000000000000000, -1.206988493642130460E-16, 1.000000000000000000 ) ) ;
#482 = VECTOR ( 'NONE', #944, 1000.000000000000000 ) ;
#483 = DIRECTION ( 'NONE',  ( -1.000000000000000000, 0.000000000000000000, -0.000000000000000000 ) ) ;
#484 = ORIENTED_EDGE ( 'NONE', *, *, #766, .T. ) ;
#485 = EDGE_CURVE ( 'NONE', #252, #657, #1056, .T. ) ;
#486 = LINE ( 'NONE', #731, #1116 ) ;
#487 = EDGE_LOOP ( 'NONE', ( #812, #261, #382, #1167 ) ) ;
#488 = EDGE_CURVE ( 'NONE', #663, #1071, #1427, .T. ) ;
#489 = CIRCLE ( 'NONE', #1512, 1.000000000000000888 ) ;
#490 = CARTESIAN_POINT ( 'NONE',  ( 0.000000000000000000, 32.49000000000005173, 47.49999999999996447 ) ) ;
#491 = AXIS2_PLACEMENT_3D ( 'NONE', #403, #288, #1334 ) ;
#492 = CARTESIAN_POINT ( 'NONE',  ( 1.249999999999997335, 1.561251128379126385E-14, 70.49999999999995737 ) ) ;
#493 = EDGE_LOOP ( 'NONE', ( #937, #989, #1461, #424 ) ) ;
#494 = AXIS2_PLACEMENT_3D ( 'NONE', #1137, #461, #338 ) ;
#495 = CARTESIAN_POINT ( 'NONE',  ( -2.500000000000000000, -3.999999999999984457, 65.49999999999994316 ) ) ;
#496 = VECTOR ( 'NONE', #1134, 1000.000000000000000 ) ;
#497 = EDGE_LOOP ( 'NONE', ( #161, #305, #34, #951 ) ) ;
#498 = ORIENTED_EDGE ( 'NONE', *, *, #875, .F. ) ;
#499 = DIRECTION ( 'NONE',  ( 0.000000000000000000, -1.000000000000000000, 0.000000000000000000 ) ) ;
#500 = EDGE_CURVE ( 'NONE', #700, #590, #775, .T. ) ;
#501 = DIRECTION ( 'NONE',  ( -0.000000000000000000, 1.000000000000000000, 1.734723475976805862E-16 ) ) ;
#502 = VERTEX_POINT ( 'NONE', #1204 ) ;
#503 = ORIENTED_EDGE ( 'NONE', *, *, #647, .F. ) ;
#504 = DIRECTION ( 'NONE',  ( 0.000000000000000000, -1.000000000000000000, -1.206988493642130460E-16 ) ) ;
#505 = DIRECTION ( 'NONE',  ( 0.000000000000000000, 0.000000000000000000, -1.000000000000000000 ) ) ;
#506 = EDGE_LOOP ( 'NONE', ( #974, #459, #726, #691 ) ) ;
#507 = ORIENTED_EDGE ( 'NONE', *, *, #1254, .F. ) ;
#508 = LINE ( 'NONE', #749, #249 ) ;
#509 = CIRCLE ( 'NONE', #74, 0.5000000000000004441 ) ;
#510 = DIRECTION ( 'NONE',  ( -1.000000000000000000, 0.000000000000000000, -0.000000000000000000 ) ) ;
#511 = AXIS2_PLACEMENT_3D ( 'NONE', #490, #946, #1446 ) ;
#512 = EDGE_CURVE ( 'NONE', #714, #919, #801, .T. ) ;
#513 = CARTESIAN_POINT ( 'NONE',  ( -2.500000000000000000, 5.000000000000024869, 5.782411586589381305E-16 ) ) ;
#514 = AXIS2_PLACEMENT_3D ( 'NONE', #1092, #1359, #1230 ) ;
#515 = ORIENTED_EDGE ( 'NONE', *, *, #1279, .F. ) ;
#516 = VERTEX_POINT ( 'NONE', #988 ) ;
#517 = FACE_BOUND ( 'NONE', #120, .T. ) ;
#518 = AXIS2_PLACEMENT_3D ( 'NONE', #1394, #1511, #676 ) ;
#519 = CIRCLE ( 'NONE', #157, 4.999999999999997335 ) ;
#520 = DIRECTION ( 'NONE',  ( -1.000000000000000000, 0.000000000000000000, 0.000000000000000000 ) ) ;
#521 = ADVANCED_FACE ( 'NONE', ( #995 ), #886, .T. ) ;
#522 = ORIENTED_EDGE ( 'NONE', *, *, #286, .F. ) ;
#523 = ORIENTED_EDGE ( 'NONE', *, *, #894, .F. ) ;
#525 = DIRECTION ( 'NONE',  ( 0.000000000000000000, 0.000000000000000000, 1.000000000000000000 ) ) ;
#524 = DIRECTION ( 'NONE',  ( -0.000000000000000000, -0.000000000000000000, 1.000000000000000000 ) ) ;
#526 = EDGE_LOOP ( 'NONE', ( #883, #941, #656, #1482 ) ) ;
#527 = DIRECTION ( 'NONE',  ( 1.000000000000000000, -0.000000000000000000, -0.000000000000000000 ) ) ;
#528 = AXIS2_PLACEMENT_3D ( 'NONE', #877, #1225, #1105 ) ;
#529 = CARTESIAN_POINT ( 'NONE',  ( 0.000000000000000000, 1.561251128379126385E-14, 70.49999999999995737 ) ) ;
#530 = ORIENTED_EDGE ( 'NONE', *, *, #854, .F. ) ;
#531 = ORIENTED_EDGE ( 'NONE', *, *, #1402, .T. ) ;
#532 = CARTESIAN_POINT ( 'NONE',  ( 0.000000000000000000, 24.99000000000001265, 1.250000000000010658 ) ) ;
#533 = ADVANCED_FACE ( 'NONE', ( #638 ), #289, .F. ) ;
#534 = AXIS2_PLACEMENT_3D ( 'NONE', #692, #578, #1060 ) ;
#535 = DIRECTION ( 'NONE',  ( 1.000000000000000000, -0.000000000000000000, 0.000000000000000000 ) ) ;
#536 = DIRECTION ( 'NONE',  ( 0.000000000000000000, -7.806255641895625614E-15, -1.000000000000000000 ) ) ;
#537 = FACE_OUTER_BOUND ( 'NONE', #362, .T. ) ;
#538 = ORIENTED_EDGE ( 'NONE', *, *, #894, .T. ) ;
#539 = CARTESIAN_POINT ( 'NONE',  ( -2.500000000000000000, 0.000000000000000000, 0.000000000000000000 ) ) ;
#540 = DIRECTION ( 'NONE',  ( -0.000000000000000000, 0.5083772030215770732, 0.8611344955626607511 ) ) ;
#541 = AXIS2_PLACEMENT_3D ( 'NONE', #1500, #433, #205 ) ;
#542 = EDGE_CURVE ( 'NONE', #1305, #466, #971, .T. ) ;
#543 = EDGE_CURVE ( 'NONE', #919, #714, #1450, .T. ) ;
#544 = DIRECTION ( 'NONE',  ( 1.000000000000000000, -0.000000000000000000, -0.000000000000000000 ) ) ;
#545 = CARTESIAN_POINT ( 'NONE',  ( 2.500000000000000000, 5.500000000000015099, 72.09755229822469857 ) ) ;
#546 = DIRECTION ( 'NONE',  ( 0.000000000000000000, 0.000000000000000000, -1.000000000000000000 ) ) ;
#547 = ORIENTED_EDGE ( 'NONE', *, *, #1110, .F. ) ;
#548 = DIRECTION ( 'NONE',  ( 1.000000000000000000, -0.000000000000000000, -0.000000000000000000 ) ) ;
#549 = DIRECTION ( 'NONE',  ( 1.000000000000000000, -0.000000000000000000, 0.000000000000000000 ) ) ;
#550 = PRESENTATION_LAYER_ASSIGNMENT (  '', '', ( #649 ) ) ;
#551 = ADVANCED_FACE ( 'NONE', ( #537 ), #767, .F. ) ;
#552 = LINE ( 'NONE', #1016, #979 ) ;
#553 = DIRECTION ( 'NONE',  ( -1.000000000000000000, -0.000000000000000000, -0.000000000000000000 ) ) ;
#554 = LINE ( 'NONE', #908, #330 ) ;
#555 = AXIS2_PLACEMENT_3D ( 'NONE', #189, #897, #167 ) ;
#556 = DIRECTION ( 'NONE',  ( 0.000000000000000000, 0.000000000000000000, 1.000000000000000000 ) ) ;
#557 = ORIENTED_EDGE ( 'NONE', *, *, #435, .T. ) ;
#558 = VERTEX_POINT ( 'NONE', #1343 ) ;
#559 = CYLINDRICAL_SURFACE ( 'NONE', #644, 1.250000000000001110 ) ;
#560 = DIRECTION ( 'NONE',  ( 0.000000000000000000, -0.000000000000000000, -1.000000000000000000 ) ) ;
#561 = DIRECTION ( 'NONE',  ( -0.000000000000000000, 0.000000000000000000, 1.000000000000000000 ) ) ;
#562 = VECTOR ( 'NONE', #685, 1000.000000000000000 ) ;
#563 = LINE ( 'NONE', #196, #782 ) ;
#564 = EDGE_CURVE ( 'NONE', #1391, #958, #1349, .T. ) ;
#566 = FACE_OUTER_BOUND ( 'NONE', #13, .T. ) ;
#565 = APPLICATION_PROTOCOL_DEFINITION ( 'draft international standard', 'automotive_design', 1998, #848 ) ;
#567 = AXIS2_PLACEMENT_3D ( 'NONE', #1307, #14, #390 ) ;
#568 = ORIENTED_EDGE ( 'NONE', *, *, #442, .F. ) ;
#569 = LINE ( 'NONE', #1127, #1100 ) ;
#570 = ORIENTED_EDGE ( 'NONE', *, *, #322, .T. ) ;
#571 = CARTESIAN_POINT ( 'NONE',  ( -2.500000000000000000, 24.99000000000001975, -54.63480632006640292 ) ) ;
#572 = ORIENTED_EDGE ( 'NONE', *, *, #969, .F. ) ;
#573 = ADVANCED_FACE ( 'NONE', ( #1112 ), #404, .T. ) ;
#574 = CARTESIAN_POINT ( 'NONE',  ( 2.500000000000000000, 10.05501359437923803, 60.49999999999995026 ) ) ;
#575 = ORIENTED_EDGE ( 'NONE', *, *, #981, .F. ) ;
#576 = ORIENTED_EDGE ( 'NONE', *, *, #542, .F. ) ;
#577 = DIRECTION ( 'NONE',  ( -1.000000000000000000, 0.000000000000000000, -0.000000000000000000 ) ) ;
#578 = DIRECTION ( 'NONE',  ( 1.000000000000000000, -0.000000000000000000, 0.000000000000000000 ) ) ;
#579 = ORIENTED_EDGE ( 'NONE', *, *, #119, .F. ) ;
#580 = DIRECTION ( 'NONE',  ( 1.000000000000000000, 0.000000000000000000, 0.000000000000000000 ) ) ;
#581 = AXIS2_PLACEMENT_3D ( 'NONE', #1237, #428, #1348 ) ;
#582 = ORIENTED_EDGE ( 'NONE', *, *, #476, .T. ) ;
#583 = CARTESIAN_POINT ( 'NONE',  ( 1.249999999999997335, 1.561251128379126385E-14, -129.5000000000000568 ) ) ;
#584 = VERTEX_POINT ( 'NONE', #57 ) ;
#585 = EDGE_LOOP ( 'NONE', ( #1038, #1213 ) ) ;
#586 = ORIENTED_EDGE ( 'NONE', *, *, #1235, .F. ) ;
#587 = AXIS2_PLACEMENT_3D ( 'NONE', #1184, #595, #1215 ) ;
#588 = EDGE_CURVE ( 'NONE', #365, #211, #15, .T. ) ;
#589 = CARTESIAN_POINT ( 'NONE',  ( 2.500000000000000000, 0.000000000000000000, 70.49999999999995737 ) ) ;
#590 = VERTEX_POINT ( 'NONE', #1129 ) ;
#591 = CIRCLE ( 'NONE', #207, 4.999999999999997335 ) ;
#592 = DIRECTION ( 'NONE',  ( 0.000000000000000000, 0.000000000000000000, 1.000000000000000000 ) ) ;
#593 = AXIS2_PLACEMENT_3D ( 'NONE', #1490, #1382, #341 ) ;
#594 = ORIENTED_EDGE ( 'NONE', *, *, #741, .F. ) ;
#595 = DIRECTION ( 'NONE',  ( -0.000000000000000000, -0.000000000000000000, 1.000000000000000000 ) ) ;
#596 = ADVANCED_FACE ( 'NONE', ( #1458 ), #280, .F. ) ;
#597 = VECTOR ( 'NONE', #499, 1000.000000000000000 ) ;
#598 = CARTESIAN_POINT ( 'NONE',  ( 2.500000000000000000, 6.508377203021581181, 77.10951821402460382 ) ) ;
#599 = EDGE_CURVE ( 'NONE', #1071, #992, #654, .T. ) ;
#600 = DIRECTION ( 'NONE',  ( 0.000000000000000000, 1.000000000000000000, -9.020562075079400835E-16 ) ) ;
#601 = EDGE_LOOP ( 'NONE', ( #479, #531, #160, #429, #805, #624, #576, #899, #1322, #796, #153, #972, #1529, #234, #1189, #696, #1495, #1227, #762, #314, #641, #1061, #582, #747, #703, #169, #4, #719, #871, #1162, #879, #769 ) ) ;
#602 = VERTEX_POINT ( 'NONE', #1355 ) ;
#603 = DIRECTION ( 'NONE',  ( -1.000000000000000000, 0.000000000000000000, 0.000000000000000000 ) ) ;
#604 = AXIS2_PLACEMENT_3D ( 'NONE', #1198, #1443, #847 ) ;
#605 = DIRECTION ( 'NONE',  ( 0.000000000000000000, 0.5083772030215770732, -0.8611344955626607511 ) ) ;
#606 = ORIENTED_EDGE ( 'NONE', *, *, #425, .F. ) ;
#607 = ADVANCED_FACE ( 'NONE', ( #760 ), #182, .F. ) ;
#608 = ORIENTED_EDGE ( 'NONE', *, *, #1526, .F. ) ;
#609 = VECTOR ( 'NONE', #1187, 1000.000000000000000 ) ;
#610 = ORIENTED_EDGE ( 'NONE', *, *, #453, .F. ) ;
#611 = DIRECTION ( 'NONE',  ( -1.000000000000000000, 0.000000000000000000, -0.000000000000000000 ) ) ;
#612 = AXIS2_PLACEMENT_3D ( 'NONE', #418, #884, #728 ) ;
#613 = LINE ( 'NONE', #1236, #1156 ) ;
#614 = AXIS2_PLACEMENT_3D ( 'NONE', #859, #744, #968 ) ;
#615 = CYLINDRICAL_SURFACE ( 'NONE', #1392, 1.000000000000000888 ) ;
#616 = EDGE_CURVE ( 'NONE', #821, #1047, #352, .T. ) ;
#617 = VERTEX_POINT ( 'NONE', #705 ) ;
#618 = ORIENTED_EDGE ( 'NONE', *, *, #126, .T. ) ;
#620 = PLANE ( 'NONE',  #1264 ) ;
#619 = FACE_BOUND ( 'NONE', #1407, .T. ) ;
#621 = AXIS2_PLACEMENT_3D ( 'NONE', #682, #917, #689 ) ;
#622 = DIRECTION ( 'NONE',  ( 1.000000000000000000, -0.000000000000000000, 0.000000000000000000 ) ) ;
#623 = DIRECTION ( 'NONE',  ( 0.000000000000000000, 1.000000000000000000, -9.020562075079400835E-16 ) ) ;
#624 = ORIENTED_EDGE ( 'NONE', *, *, #875, .T. ) ;
#625 = ORIENTED_EDGE ( 'NONE', *, *, #721, .T. ) ;
#627 = DIRECTION ( 'NONE',  ( 1.000000000000000000, 0.000000000000000000, 0.000000000000000000 ) ) ;
#626 = CARTESIAN_POINT ( 'NONE',  ( 2.500000000000000000, 24.99000000000001975, -54.63480632006640292 ) ) ;
#628 = AXIS2_PLACEMENT_3D ( 'NONE', #411, #869, #1474 ) ;
#629 = EDGE_CURVE ( 'NONE', #982, #228, #942, .T. ) ;
#630 = DIRECTION ( 'NONE',  ( -1.000000000000000000, 0.000000000000000000, 0.000000000000000000 ) ) ;
#631 = DIRECTION ( 'NONE',  ( 0.000000000000000000, 1.156482317317870492E-16, -1.000000000000000000 ) ) ;
#632 = EDGE_LOOP ( 'NONE', ( #1150, #1113, #1302, #838 ) ) ;
#633 = VERTEX_POINT ( 'NONE', #716 ) ;
#635 = CYLINDRICAL_SURFACE ( 'NONE', #1294, 0.5000000000000004441 ) ;
#634 = CYLINDRICAL_SURFACE ( 'NONE', #1217, 1.249999999999997335 ) ;
#636 = CARTESIAN_POINT ( 'NONE',  ( 2.500000000000000000, -3.999999999999984457, 65.49999999999994316 ) ) ;
#637 = VECTOR ( 'NONE', #481, 1000.000000000000000 ) ;
#638 = FACE_OUTER_BOUND ( 'NONE', #275, .T. ) ;
#639 = AXIS2_PLACEMENT_3D ( 'NONE', #170, #384, #852 ) ;
#640 = ORIENTED_EDGE ( 'NONE', *, *, #366, .T. ) ;
#641 = ORIENTED_EDGE ( 'NONE', *, *, #460, .T. ) ;
#643 = FACE_OUTER_BOUND ( 'NONE', #778, .T. ) ;
#642 = LINE ( 'NONE', #890, #63 ) ;
#644 = AXIS2_PLACEMENT_3D ( 'NONE', #88, #24, #1333 ) ;
#645 = LINE ( 'NONE', #173, #296 ) ;
#646 = DIRECTION ( 'NONE',  ( 0.000000000000000000, 1.000000000000000000, -9.020562075079400835E-16 ) ) ;
#647 = EDGE_CURVE ( 'NONE', #1206, #1393, #1169, .T. ) ;
#648 = EDGE_LOOP ( 'NONE', ( #610, #828, #30, #1037 ) ) ;
#649 = STYLED_ITEM ( 'NONE', ( #1221 ), #1170 ) ;
#650 = FACE_OUTER_BOUND ( 'NONE', #601, .T. ) ;
#651 = LINE ( 'NONE', #1447, #447 ) ;
#652 = DIRECTION ( 'NONE',  ( 0.000000000000000000, 2.081668171172169697E-15, -1.000000000000000000 ) ) ;
#653 = CARTESIAN_POINT ( 'NONE',  ( 2.500000000000000000, 35.43916631256448113, 60.03001004833841847 ) ) ;
#654 = CIRCLE ( 'NONE', #528, 1.000000000000000888 ) ;
#655 = CARTESIAN_POINT ( 'NONE',  ( -2.500000000000000000, 10.05501359437923803, 60.49999999999995026 ) ) ;
#656 = ORIENTED_EDGE ( 'NONE', *, *, #1093, .T. ) ;
#657 = VERTEX_POINT ( 'NONE', #914 ) ;
#658 = DIRECTION ( 'NONE',  ( 1.000000000000000000, -0.000000000000000000, 0.000000000000000000 ) ) ;
#659 = AXIS2_PLACEMENT_3D ( 'NONE', #1493, #1147, #809 ) ;
#660 = CARTESIAN_POINT ( 'NONE',  ( 1.530808498934195761E-16, 32.49000000000000909, -1.249999999999996447 ) ) ;
#661 = PLANE ( 'NONE',  #1186 ) ;
#662 = DIRECTION ( 'NONE',  ( 0.000000000000000000, 0.000000000000000000, 1.000000000000000000 ) ) ;
#663 = VERTEX_POINT ( 'NONE', #446 ) ;
#664 = DIRECTION ( 'NONE',  ( -1.000000000000000000, 0.000000000000000000, 0.000000000000000000 ) ) ;
#665 = LINE ( 'NONE', #1014, #278 ) ;
#666 = ADVANCED_FACE ( 'NONE', ( #1384 ), #1377, .T. ) ;
#667 = CIRCLE ( 'NONE', #401, 1.249999999999997335 ) ;
#668 = DIRECTION ( 'NONE',  ( -1.000000000000000000, 0.000000000000000000, 0.000000000000000000 ) ) ;
#669 = DIRECTION ( 'NONE',  ( -1.000000000000000000, 0.000000000000000000, -0.000000000000000000 ) ) ;
#670 = FACE_OUTER_BOUND ( 'NONE', #1055, .T. ) ;
#671 = CIRCLE ( 'NONE', #471, 1.250000000000001110 ) ;
#672 = CARTESIAN_POINT ( 'NONE',  ( 0.000000000000000000, 1.561251128379126385E-14, -65.49999999999994316 ) ) ;
#673 = FACE_OUTER_BOUND ( 'NONE', #85, .T. ) ;
#674 = ORIENTED_EDGE ( 'NONE', *, *, #1084, .T. ) ;
#675 = ORIENTED_EDGE ( 'NONE', *, *, #843, .F. ) ;
#676 = DIRECTION ( 'NONE',  ( 0.000000000000000000, 0.000000000000000000, 1.000000000000000000 ) ) ;
#677 = VECTOR ( 'NONE', #1229, 1000.000000000000000 ) ;
#678 = EDGE_CURVE ( 'NONE', #297, #1522, #1023, .T. ) ;
#679 = DIRECTION ( 'NONE',  ( 0.000000000000000000, 0.000000000000000000, -1.000000000000000000 ) ) ;
#680 = CARTESIAN_POINT ( 'NONE',  ( 2.500000000000000000, 24.99000000000001975, -54.63480632006640292 ) ) ;
#681 = AXIS2_PLACEMENT_3D ( 'NONE', #1243, #1372, #752 ) ;
#682 = CARTESIAN_POINT ( 'NONE',  ( 2.500000000000000000, 30.49000000000000199, 60.62926989674684108 ) ) ;
#683 = FACE_OUTER_BOUND ( 'NONE', #1192, .T. ) ;
#684 = DIRECTION ( 'NONE',  ( 0.000000000000000000, 0.000000000000000000, 1.000000000000000000 ) ) ;
#685 = DIRECTION ( 'NONE',  ( 0.000000000000000000, 0.8611344955626607511, -0.5083772030215770732 ) ) ;
#686 = ADVANCED_FACE ( 'NONE', ( #683 ), #212, .F. ) ;
#687 = AXIS2_PLACEMENT_3D ( 'NONE', #1117, #1281, #679 ) ;
#688 = CARTESIAN_POINT ( 'NONE',  ( 2.500000000000000000, -4.999999999999968026, -66.49999999999994316 ) ) ;
#689 = DIRECTION ( 'NONE',  ( 0.000000000000000000, 0.000000000000000000, 1.000000000000000000 ) ) ;
#690 = VECTOR ( 'NONE', #561, 1000.000000000000000 ) ;
#691 = ORIENTED_EDGE ( 'NONE', *, *, #203, .F. ) ;
#692 = CARTESIAN_POINT ( 'NONE',  ( 2.500000000000000000, 3.402447701775268563, -69.99999999999995737 ) ) ;
#693 = AXIS2_PLACEMENT_3D ( 'NONE', #432, #540, #104 ) ;
#694 = ORIENTED_EDGE ( 'NONE', *, *, #695, .T. ) ;
#695 = EDGE_CURVE ( 'NONE', #590, #700, #980, .T. ) ;
#696 = ORIENTED_EDGE ( 'NONE', *, *, #271, .T. ) ;
#697 = ORIENTED_EDGE ( 'NONE', *, *, #1197, .T. ) ;
#698 =( GEOMETRIC_REPRESENTATION_CONTEXT ( 3 ) GLOBAL_UNCERTAINTY_ASSIGNED_CONTEXT ( ( #1171 ) ) GLOBAL_UNIT_ASSIGNED_CONTEXT ( ( #998, #780, #1489 ) ) REPRESENTATION_CONTEXT ( 'NONE', 'WORKASPACE' ) );
#699 = LINE ( 'NONE', #928, #268 ) ;
#700 = VERTEX_POINT ( 'NONE', #1142 ) ;
#701 = ADVANCED_FACE ( 'NONE', ( #98 ), #559, .F. ) ;
#702 = ORIENTED_EDGE ( 'NONE', *, *, #333, .F. ) ;
#703 = ORIENTED_EDGE ( 'NONE', *, *, #453, .T. ) ;
#704 = DIRECTION ( 'NONE',  ( -1.000000000000000000, 0.000000000000000000, -0.000000000000000000 ) ) ;
#705 = CARTESIAN_POINT ( 'NONE',  ( -2.500000000000000000, 31.50675440604315369, 62.35153888787215948 ) ) ;
#706 = AXIS2_PLACEMENT_3D ( 'NONE', #1054, #483, #837 ) ;
#707 = DIRECTION ( 'NONE',  ( 0.000000000000000000, 0.000000000000000000, 1.000000000000000000 ) ) ;
#708 = VERTEX_POINT ( 'NONE', #287 ) ;
#709 = PLANE ( 'NONE',  #1232 ) ;
#710 = EDGE_CURVE ( 'NONE', #1360, #1041, #591, .T. ) ;
#711 = VECTOR ( 'NONE', #43, 1000.000000000000000 ) ;
#712 = CIRCLE ( 'NONE', #1209, 1.000000000000000888 ) ;
#713 = FACE_OUTER_BOUND ( 'NONE', #889, .T. ) ;
#714 = VERTEX_POINT ( 'NONE', #393 ) ;
#715 = AXIS2_PLACEMENT_3D ( 'NONE', #336, #318, #668 ) ;
#716 = CARTESIAN_POINT ( 'NONE',  ( 2.500000000000000000, 3.699262874121343803, -70.40236892706212757 ) ) ;
#717 = FACE_OUTER_BOUND ( 'NONE', #389, .T. ) ;
#718 = AXIS2_PLACEMENT_3D ( 'NONE', #1191, #623, #839 ) ;
#719 = ORIENTED_EDGE ( 'NONE', *, *, #333, .T. ) ;
#720 = CARTESIAN_POINT ( 'NONE',  ( 2.500000000000000000, 6.508377203021606050, -77.10951821402461803 ) ) ;
#721 = EDGE_CURVE ( 'NONE', #1393, #1133, #1515, .T. ) ;
#722 = DIRECTION ( 'NONE',  ( 0.000000000000000000, 0.000000000000000000, -1.000000000000000000 ) ) ;
#723 = VERTEX_POINT ( 'NONE', #70 ) ;
#724 = CARTESIAN_POINT ( 'NONE',  ( 2.500000000000000000, 5.097631072937850227, -71.80073712587862644 ) ) ;
#725 = ORIENTED_EDGE ( 'NONE', *, *, #1146, .F. ) ;
#726 = ORIENTED_EDGE ( 'NONE', *, *, #588, .F. ) ;
#727 = CARTESIAN_POINT ( 'NONE',  ( -2.500000000000000000, 6.508377203021606050, -77.10951821402461803 ) ) ;
#728 = DIRECTION ( 'NONE',  ( 0.000000000000000000, -1.156482317317871971E-16, 1.000000000000000000 ) ) ;
#729 = ORIENTED_EDGE ( 'NONE', *, *, #1157, .T. ) ;
#730 = EDGE_CURVE ( 'NONE', #1200, #297, #667, .T. ) ;
#731 = CARTESIAN_POINT ( 'NONE',  ( -2.500000000000000000, 0.000000000000000000, 65.49999999999994316 ) ) ;
#732 = ORIENTED_EDGE ( 'NONE', *, *, #112, .T. ) ;
#733 = VECTOR ( 'NONE', #1195, 1000.000000000000000 ) ;
#734 = VERTEX_POINT ( 'NONE', #773 ) ;
#736 = CARTESIAN_POINT ( 'NONE',  ( -2.500000000000000000, -3.999999999999984457, 66.49999999999994316 ) ) ;
#735 = CARTESIAN_POINT ( 'NONE',  ( 2.500000000000000000, 5.000000000000023093, 5.782411586589379332E-16 ) ) ;
#737 = CYLINDRICAL_SURFACE ( 'NONE', #1431, 4.999999999999997335 ) ;
#738 = CIRCLE ( 'NONE', #514, 1.250000000000001110 ) ;
#739 = DIRECTION ( 'NONE',  ( 0.000000000000000000, 0.000000000000000000, 1.000000000000000000 ) ) ;
#740 = VERTEX_POINT ( 'NONE', #926 ) ;
#741 = EDGE_CURVE ( 'NONE', #472, #1253, #822, .T. ) ;
#742 = ORIENTED_EDGE ( 'NONE', *, *, #1370, .T. ) ;
#744 = DIRECTION ( 'NONE',  ( 0.000000000000000000, 0.000000000000000000, -1.000000000000000000 ) ) ;
#743 = CARTESIAN_POINT ( 'NONE',  ( 1.530808498934191571E-16, 24.99000000000001265, -1.249999999999989342 ) ) ;
#745 = DIRECTION ( 'NONE',  ( 0.000000000000000000, -1.206988493642130460E-16, 1.000000000000000000 ) ) ;
#746 = VECTOR ( 'NONE', #952, 1000.000000000000000 ) ;
#747 = ORIENTED_EDGE ( 'NONE', *, *, #119, .T. ) ;
#749 = CARTESIAN_POINT ( 'NONE',  ( 2.500000000000000000, 0.000000000000000000, -65.49999999999994316 ) ) ;
#748 = SURFACE_STYLE_USAGE ( .BOTH. , #399 ) ;
#750 = EDGE_CURVE ( 'NONE', #516, #1058, #1104, .T. ) ;
#751 = CARTESIAN_POINT ( 'NONE',  ( 2.500000000000000444, 31.50675440604317501, -62.35153888787217369 ) ) ;
#752 = DIRECTION ( 'NONE',  ( 0.000000000000000000, 0.000000000000000000, -1.000000000000000000 ) ) ;
#753 = EDGE_LOOP ( 'NONE', ( #1122, #840, #125, #640 ) ) ;
#754 = ORIENTED_EDGE ( 'NONE', *, *, #218, .F. ) ;
#755 = FACE_OUTER_BOUND ( 'NONE', #444, .T. ) ;
#756 = VECTOR ( 'NONE', #1449, 1000.000000000000000 ) ;
#757 = EDGE_CURVE ( 'NONE', #700, #714, #273, .T. ) ;
#758 = LINE ( 'NONE', #751, #103 ) ;
#759 = AXIS2_PLACEMENT_3D ( 'NONE', #1017, #1501, #1250 ) ;
#760 = FACE_OUTER_BOUND ( 'NONE', #506, .T. ) ;
#761 = ORIENTED_EDGE ( 'NONE', *, *, #406, .T. ) ;
#762 = ORIENTED_EDGE ( 'NONE', *, *, #1417, .T. ) ;
#763 = DIRECTION ( 'NONE',  ( 0.000000000000000000, 1.734723475976805615E-16, -1.000000000000000000 ) ) ;
#764 = CIRCLE ( 'NONE', #1467, 4.999999999999997335 ) ;
#765 = DIRECTION ( 'NONE',  ( 0.000000000000000000, 1.000000000000000000, -9.020562075079400835E-16 ) ) ;
#766 = EDGE_CURVE ( 'NONE', #965, #1522, #133, .T. ) ;
#767 = CYLINDRICAL_SURFACE ( 'NONE', #628, 1.250000000000001110 ) ;
#768 = VERTEX_POINT ( 'NONE', #794 ) ;
#769 = ORIENTED_EDGE ( 'NONE', *, *, #863, .T. ) ;
#771 = LINE ( 'NONE', #787, #816 ) ;
#770 = CARTESIAN_POINT ( 'NONE',  ( 2.500000000000000000, 31.62633728990264004, 53.57150133161847094 ) ) ;
#772 = ORIENTED_EDGE ( 'NONE', *, *, #89, .F. ) ;
#773 = CARTESIAN_POINT ( 'NONE',  ( 2.500000000000000000, 3.402447701775251243, 70.49999999999995737 ) ) ;
#774 = CARTESIAN_POINT ( 'NONE',  ( 0.000000000000000000, 32.49000000000000909, 3.757411048965764955E-15 ) ) ;
#775 = CIRCLE ( 'NONE', #604, 1.249999999999997335 ) ;
#776 = CARTESIAN_POINT ( 'NONE',  ( 1.530808498934196994E-16, 24.99000000000005528, 46.24999999999997158 ) ) ;
#777 = EDGE_CURVE ( 'NONE', #1206, #75, #554, .T. ) ;
#778 = EDGE_LOOP ( 'NONE', ( #210, #1121, #1368, #241 ) ) ;
#779 = FACE_OUTER_BOUND ( 'NONE', #959, .T. ) ;
#781 = LINE ( 'NONE', #1258, #229 ) ;
#780 =( NAMED_UNIT ( * ) PLANE_ANGLE_UNIT ( ) SI_UNIT ( $, .RADIAN. ) );
#782 = VECTOR ( 'NONE', #312, 1000.000000000000000 ) ;
#783 = CARTESIAN_POINT ( 'NONE',  ( -2.500000000000000000, 6.000000000000015099, 76.24838371846196594 ) ) ;
#784 = CARTESIAN_POINT ( 'NONE',  ( 2.500000000000000000, 4.292893218813464529, 71.20710678118649639 ) ) ;
#785 = LINE ( 'NONE', #1034, #1383 ) ;
#786 = CIRCLE ( 'NONE', #1151, 1.000000000000000888 ) ;
#787 = CARTESIAN_POINT ( 'NONE',  ( 2.500000000000000000, 35.43916631256449534, -60.03001004833843268 ) ) ;
#788 = CIRCLE ( 'NONE', #1158, 1.000000000000000888 ) ;
#789 = ADVANCED_FACE ( 'NONE', ( #214 ), #661, .F. ) ;
#790 = VECTOR ( 'NONE', #1233, 1000.000000000000000 ) ;
#791 = DIRECTION ( 'NONE',  ( 0.000000000000000000, 0.000000000000000000, -1.000000000000000000 ) ) ;
#792 = PLANE ( 'NONE',  #861 ) ;
#793 = CARTESIAN_POINT ( 'NONE',  ( 2.500000000000000000, 32.49000000000000909, 3.757411048965767322E-15 ) ) ;
#794 = CARTESIAN_POINT ( 'NONE',  ( -2.500000000000000000, 22.53188601510788658, 58.94047879787972022 ) ) ;
#795 = CYLINDRICAL_SURFACE ( 'NONE', #621, 2.000000000000001776 ) ;
#796 = ORIENTED_EDGE ( 'NONE', *, *, #1418, .F. ) ;
#797 = VERTEX_POINT ( 'NONE', #1404 ) ;
#798 = EDGE_CURVE ( 'NONE', #821, #1313, #52, .T. ) ;
#799 = DIRECTION ( 'NONE',  ( 0.000000000000000000, 0.000000000000000000, 1.000000000000000000 ) ) ;
#800 = DIRECTION ( 'NONE',  ( 0.000000000000000000, 1.000000000000000000, -9.020562075079400835E-16 ) ) ;
#801 = CIRCLE ( 'NONE', #342, 1.249999999999997335 ) ;
#803 = DIRECTION ( 'NONE',  ( -0.000000000000000000, 1.000000000000000000, -9.020562075079400835E-16 ) ) ;
#802 = PRODUCT_CONTEXT ( 'NONE', #848, 'mechanical' ) ;
#804 = ORIENTED_EDGE ( 'NONE', *, *, #9, .F. ) ;
#805 = ORIENTED_EDGE ( 'NONE', *, *, #188, .F. ) ;
#806 = CARTESIAN_POINT ( 'NONE',  ( 0.000000000000000000, 24.99000000000005528, 47.49999999999997158 ) ) ;
#807 = EDGE_CURVE ( 'NONE', #358, #723, #5, .T. ) ;
#808 = AXIS2_PLACEMENT_3D ( 'NONE', #1387, #320, #1139 ) ;
#809 = DIRECTION ( 'NONE',  ( 0.000000000000000000, 0.000000000000000000, -1.000000000000000000 ) ) ;
#810 = ORIENTED_EDGE ( 'NONE', *, *, #1402, .F. ) ;
#811 = AXIS2_PLACEMENT_3D ( 'NONE', #260, #46, #1473 ) ;
#812 = ORIENTED_EDGE ( 'NONE', *, *, #1516, .T. ) ;
#813 = ORIENTED_EDGE ( 'NONE', *, *, #406, .F. ) ;
#814 = UNCERTAINTY_MEASURE_WITH_UNIT (LENGTH_MEASURE( 1.000000000000000082E-05 ), #1115, 'distance_accuracy_value', 'NONE');
#815 = CARTESIAN_POINT ( 'NONE',  ( -2.500000000000000000, 32.49000000000001620, -60.62926989674684819 ) ) ;
#816 = VECTOR ( 'NONE', #1248, 1000.000000000000114 ) ;
#817 = ORIENTED_EDGE ( 'NONE', *, *, #863, .F. ) ;
#818 = ADVANCED_FACE ( 'NONE', ( #1508 ), #1003, .F. ) ;
#819 = CARTESIAN_POINT ( 'NONE',  ( 0.000000000000000000, 0.000000000000000000, 0.000000000000000000 ) ) ;
#820 = ORIENTED_EDGE ( 'NONE', *, *, #1125, .F. ) ;
#821 = VERTEX_POINT ( 'NONE', #776 ) ;
#822 = LINE ( 'NONE', #1472, #790 ) ;
#823 = CARTESIAN_POINT ( 'NONE',  ( -2.500000000000000000, 3.402447701775251243, 69.99999999999995737 ) ) ;
#824 = EDGE_CURVE ( 'NONE', #35, #472, #563, .T. ) ;
#825 = AXIS2_PLACEMENT_3D ( 'NONE', #303, #48, #1468 ) ;
#826 = CARTESIAN_POINT ( 'NONE',  ( 2.500000000000000000, 5.000000000000015099, 76.24838371846196594 ) ) ;
#827 = VERTEX_POINT ( 'NONE', #102 ) ;
#828 = ORIENTED_EDGE ( 'NONE', *, *, #1030, .T. ) ;
#829 = CARTESIAN_POINT ( 'NONE',  ( 2.500000000000000000, 5.500000000000034639, -72.09755229822469857 ) ) ;
#830 = CARTESIAN_POINT ( 'NONE',  ( 2.500000000000000000, 10.05501359437923803, 65.49999999999994316 ) ) ;
#831 = VERTEX_POINT ( 'NONE', #427 ) ;
#832 = DIRECTION ( 'NONE',  ( 1.000000000000000000, -0.000000000000000000, -0.000000000000000000 ) ) ;
#833 = EDGE_LOOP ( 'NONE', ( #1428, #1410, #369, #594 ) ) ;
#834 = ORIENTED_EDGE ( 'NONE', *, *, #1223, .T. ) ;
#835 = PLANE ( 'NONE',  #1460 ) ;
#836 = EDGE_CURVE ( 'NONE', #912, #1360, #331, .T. ) ;
#837 = DIRECTION ( 'NONE',  ( 0.000000000000000000, -3.469446951953611033E-15, -1.000000000000000000 ) ) ;
#838 = ORIENTED_EDGE ( 'NONE', *, *, #55, .T. ) ;
#839 = DIRECTION ( 'NONE',  ( 0.000000000000000000, 0.000000000000000000, -1.000000000000000000 ) ) ;
#840 = ORIENTED_EDGE ( 'NONE', *, *, #377, .T. ) ;
#841 = DIRECTION ( 'NONE',  ( 1.000000000000000000, 0.000000000000000000, 0.000000000000000000 ) ) ;
#842 = EDGE_CURVE ( 'NONE', #558, #237, #906, .T. ) ;
#843 = EDGE_CURVE ( 'NONE', #992, #1246, #227, .T. ) ;
#844 = PRESENTATION_LAYER_ASSIGNMENT (  '', '', ( #1242 ) ) ;
#845 = CARTESIAN_POINT ( 'NONE',  ( -2.500000000000000000, 12.59689960948713328, -64.80567247781326046 ) ) ;
#846 = VERTEX_POINT ( 'NONE', #440 ) ;
#847 = DIRECTION ( 'NONE',  ( -1.000000000000000000, 0.000000000000000000, 0.000000000000000000 ) ) ;
#848 = APPLICATION_CONTEXT ( 'automotive_design' ) ;
#849 = ORIENTED_EDGE ( 'NONE', *, *, #543, .F. ) ;
#850 = EDGE_LOOP ( 'NONE', ( #1289, #929 ) ) ;
#852 = DIRECTION ( 'NONE',  ( 0.000000000000000000, 0.000000000000000000, -1.000000000000000000 ) ) ;
#851 = DIRECTION ( 'NONE',  ( 0.000000000000000000, -0.8611344955626607511, -0.5083772030215770732 ) ) ;
#853 = FACE_BOUND ( 'NONE', #1065, .T. ) ;
#854 = EDGE_CURVE ( 'NONE', #124, #740, #1119, .T. ) ;
#855 = CARTESIAN_POINT ( 'NONE',  ( -2.500000000000000000, 31.62633728990264004, 53.57150133161847094 ) ) ;
#856 = ORIENTED_EDGE ( 'NONE', *, *, #750, .F. ) ;
#857 = ORIENTED_EDGE ( 'NONE', *, *, #1439, .F. ) ;
#859 = CARTESIAN_POINT ( 'NONE',  ( 2.500000000000000000, 0.000000000000000000, -65.49999999999994316 ) ) ;
#858 = CARTESIAN_POINT ( 'NONE',  ( 2.500000000000000000, 22.53188601510788658, 58.94047879787972022 ) ) ;
#860 = CARTESIAN_POINT ( 'NONE',  ( 2.500000000000000000, 6.000000000000015099, 76.24838371846196594 ) ) ;
#861 = AXIS2_PLACEMENT_3D ( 'NONE', #1271, #99, #560 ) ;
#862 = PRODUCT_RELATED_PRODUCT_CATEGORY ( 'part', '', ( #1190 ) ) ;
#863 = EDGE_CURVE ( 'NONE', #123, #878, #1486, .T. ) ;
#864 = EDGE_LOOP ( 'NONE', ( #754, #1106, #898, #1444 ) ) ;
#866 = FACE_OUTER_BOUND ( 'NONE', #526, .T. ) ;
#865 = LINE ( 'NONE', #1375, #962 ) ;
#867 = DIRECTION ( 'NONE',  ( -1.000000000000000000, 0.000000000000000000, -0.000000000000000000 ) ) ;
#868 = CARTESIAN_POINT ( 'NONE',  ( 0.000000000000000000, 1.561251128379126385E-14, -65.49999999999994316 ) ) ;
#869 = DIRECTION ( 'NONE',  ( -0.000000000000000000, 1.000000000000000000, -9.020562075079400835E-16 ) ) ;
#870 = ADVANCED_FACE ( 'NONE', ( #1282 ), #208, .T. ) ;
#871 = ORIENTED_EDGE ( 'NONE', *, *, #931, .T. ) ;
#872 = ORIENTED_EDGE ( 'NONE', *, *, #842, .T. ) ;
#874 = CARTESIAN_POINT ( 'NONE',  ( -2.500000000000000000, 10.05501359437923803, 65.49999999999994316 ) ) ;
#873 = FILL_AREA_STYLE ('',( #1123 ) ) ;
#875 = EDGE_CURVE ( 'NONE', #1451, #466, #973, .T. ) ;
#876 = CARTESIAN_POINT ( 'NONE',  ( 2.500000000000000000, -3.999999999999968026, -65.49999999999994316 ) ) ;
#877 = CARTESIAN_POINT ( 'NONE',  ( 2.500000000000000000, -3.999999999999968026, -66.49999999999994316 ) ) ;
#878 = VERTEX_POINT ( 'NONE', #916 ) ;
#879 = ORIENTED_EDGE ( 'NONE', *, *, #45, .T. ) ;
#881 = CARTESIAN_POINT ( 'NONE',  ( 2.500000000000000000, 24.99000000000000554, 54.63480632006641002 ) ) ;
#880 =( NAMED_UNIT ( * ) PLANE_ANGLE_UNIT ( ) SI_UNIT ( $, .RADIAN. ) );
#882 = CIRCLE ( 'NONE', #811, 4.999999999999997335 ) ;
#883 = ORIENTED_EDGE ( 'NONE', *, *, #181, .F. ) ;
#884 = DIRECTION ( 'NONE',  ( -0.000000000000000000, 1.000000000000000000, 1.156482317317871971E-16 ) ) ;
#885 = AXIS2_PLACEMENT_3D ( 'NONE', #32, #501, #963 ) ;
#886 = CYLINDRICAL_SURFACE ( 'NONE', #555, 1.000000000000000888 ) ;
#887 = CIRCLE ( 'NONE', #1076, 0.5000000000000004441 ) ;
#888 = ORIENTED_EDGE ( 'NONE', *, *, #1279, .T. ) ;
#889 = EDGE_LOOP ( 'NONE', ( #547, #1366, #1175, #1118 ) ) ;
#891 = CARTESIAN_POINT ( 'NONE',  ( 0.000000000000000000, 1.561251128379126385E-14, -129.5000000000000568 ) ) ;
#890 = CARTESIAN_POINT ( 'NONE',  ( 2.500000000000000000, 3.699262874121342026, -70.40236892706212757 ) ) ;
#892 = AXIS2_PLACEMENT_3D ( 'NONE', #891, #1376, #1266 ) ;
#893 = DIRECTION ( 'NONE',  ( 0.000000000000000000, 0.000000000000000000, 1.000000000000000000 ) ) ;
#894 = EDGE_CURVE ( 'NONE', #35, #20, #509, .T. ) ;
#895 = DIRECTION ( 'NONE',  ( -1.000000000000000000, -0.000000000000000000, -0.000000000000000000 ) ) ;
#896 = DIRECTION ( 'NONE',  ( -1.000000000000000000, 0.000000000000000000, 0.000000000000000000 ) ) ;
#897 = DIRECTION ( 'NONE',  ( -1.000000000000000000, 0.000000000000000000, 0.000000000000000000 ) ) ;
#898 = ORIENTED_EDGE ( 'NONE', *, *, #1044, .F. ) ;
#899 = ORIENTED_EDGE ( 'NONE', *, *, #323, .T. ) ;
#901 = DIRECTION ( 'NONE',  ( -1.000000000000000000, 0.000000000000000000, -0.000000000000000000 ) ) ;
#900 = PRESENTATION_STYLE_ASSIGNMENT (( #77 ) ) ;
#902 = DIRECTION ( 'NONE',  ( 0.000000000000000000, 1.000000000000000000, 0.000000000000000000 ) ) ;
#903 = DIRECTION ( 'NONE',  ( -0.000000000000000000, 1.000000000000000000, -9.020562075079400835E-16 ) ) ;
#904 = EDGE_CURVE ( 'NONE', #1391, #1205, #1502, .T. ) ;
#905 = CARTESIAN_POINT ( 'NONE',  ( 2.500000000000000000, 22.53188601510790079, -58.94047879787971311 ) ) ;
#906 = CIRCLE ( 'NONE', #659, 1.000000000000000888 ) ;
#907 = DIRECTION ( 'NONE',  ( -0.000000000000000000, 1.000000000000000000, -9.020562075079400835E-16 ) ) ;
#908 = CARTESIAN_POINT ( 'NONE',  ( -2.500000000000000000, 32.49000000000000909, 3.757411048965767322E-15 ) ) ;
#909 = AXIS2_PLACEMENT_3D ( 'NONE', #370, #611, #1074 ) ;
#910 = CARTESIAN_POINT ( 'NONE',  ( 2.500000000000000000, -4.999999999999979572, -8.673617379883992085E-16 ) ) ;
#911 = AXIS2_PLACEMENT_3D ( 'NONE', #1108, #525, #69 ) ;
#912 = VERTEX_POINT ( 'NONE', #571 ) ;
#913 = AXIS2_PLACEMENT_3D ( 'NONE', #340, #800, #1012 ) ;
#914 = CARTESIAN_POINT ( 'NONE',  ( 2.500000000000000000, 5.097631072937851116, -71.80073712587862644 ) ) ;
#915 = LINE ( 'NONE', #195, #953 ) ;
#916 = CARTESIAN_POINT ( 'NONE',  ( -2.500000000000000000, 6.508377203021581181, 77.10951821402460382 ) ) ;
#917 = DIRECTION ( 'NONE',  ( -1.000000000000000000, 0.000000000000000000, 0.000000000000000000 ) ) ;
#918 = EDGE_CURVE ( 'NONE', #1284, #455, #785, .T. ) ;
#919 = VERTEX_POINT ( 'NONE', #492 ) ;
#920 = ADVANCED_FACE ( 'NONE', ( #1409 ), #1327, .F. ) ;
#921 = DIRECTION ( 'NONE',  ( -0.000000000000000000, 1.000000000000000000, 1.156482317317870492E-16 ) ) ;
#922 = CARTESIAN_POINT ( 'NONE',  ( 2.500000000000000000, 5.000000000000015099, 72.09755229822469857 ) ) ;
#923 = CARTESIAN_POINT ( 'NONE',  ( -2.500000000000000000, 3.699262874121326483, 70.40236892706212757 ) ) ;
#924 = VERTEX_POINT ( 'NONE', #1040 ) ;
#925 = DIRECTION ( 'NONE',  ( 0.000000000000000000, 0.000000000000000000, 1.000000000000000000 ) ) ;
#926 = CARTESIAN_POINT ( 'NONE',  ( -2.500000000000000000, 24.99000000000000554, 54.63480632006641002 ) ) ;
#927 = AXIS2_PLACEMENT_3D ( 'NONE', #143, #605, #3 ) ;
#928 = CARTESIAN_POINT ( 'NONE',  ( 2.500000000000000000, -4.999999999999984901, 66.49999999999994316 ) ) ;
#929 = ORIENTED_EDGE ( 'NONE', *, *, #1287, .F. ) ;
#930 = ORIENTED_EDGE ( 'NONE', *, *, #1085, .T. ) ;
#931 = EDGE_CURVE ( 'NONE', #116, #797, #1285, .T. ) ;
#932 = UNCERTAINTY_MEASURE_WITH_UNIT (LENGTH_MEASURE( 1.000000000000000082E-05 ), #177, 'distance_accuracy_value', 'NONE');
#933 = LINE ( 'NONE', #589, #198 ) ;
#934 = VECTOR ( 'NONE', #380, 1000.000000000000000 ) ;
#935 = ORIENTED_EDGE ( 'NONE', *, *, #366, .F. ) ;
#936 = DIRECTION ( 'NONE',  ( 0.000000000000000000, -0.8611344955626608622, 0.5083772030215769622 ) ) ;
#937 = ORIENTED_EDGE ( 'NONE', *, *, #1176, .T. ) ;
#938 = EDGE_LOOP ( 'NONE', ( #274, #1373, #183, #421 ) ) ;
#939 = CARTESIAN_POINT ( 'NONE',  ( 2.500000000000000000, -4.999999999999967137, -70.49999999999995737 ) ) ;
#940 = PLANE ( 'NONE',  #927 ) ;
#941 = ORIENTED_EDGE ( 'NONE', *, *, #918, .T. ) ;
#942 = LINE ( 'NONE', #262, #65 ) ;
#943 = EDGE_CURVE ( 'NONE', #41, #734, #933, .T. ) ;
#944 = DIRECTION ( 'NONE',  ( 1.000000000000000000, 0.000000000000000000, 0.000000000000000000 ) ) ;
#945 = ORIENTED_EDGE ( 'NONE', *, *, #741, .T. ) ;
#946 = DIRECTION ( 'NONE',  ( 0.000000000000000000, 1.000000000000000000, -9.020562075079400835E-16 ) ) ;
#947 = DIRECTION ( 'NONE',  ( -1.000000000000000000, -0.000000000000000000, -0.000000000000000000 ) ) ;
#948 = EDGE_LOOP ( 'NONE', ( #1149, #1022, #147, #945 ) ) ;
#949 = VECTOR ( 'NONE', #630, 1000.000000000000000 ) ;
#950 = ORIENTED_EDGE ( 'NONE', *, *, #1429, .T. ) ;
#951 = ORIENTED_EDGE ( 'NONE', *, *, #990, .T. ) ;
#952 = DIRECTION ( 'NONE',  ( 0.000000000000000000, 1.156482317317870492E-16, -1.000000000000000000 ) ) ;
#953 = VECTOR ( 'NONE', #187, 1000.000000000000000 ) ;
#954 = CARTESIAN_POINT ( 'NONE',  ( 2.500000000000000000, 35.43916631256449534, -60.03001004833843268 ) ) ;
#955 = ORIENTED_EDGE ( 'NONE', *, *, #1481, .F. ) ;
#956 = AXIS2_PLACEMENT_3D ( 'NONE', #140, #600, #1211 ) ;
#957 = FACE_OUTER_BOUND ( 'NONE', #487, .T. ) ;
#958 = VERTEX_POINT ( 'NONE', #1308 ) ;
#959 = EDGE_LOOP ( 'NONE', ( #702, #742, #1433, #834 ) ) ;
#960 = CARTESIAN_POINT ( 'NONE',  ( 2.500000000000000000, 5.000000000000024869, 5.782411586589381305E-16 ) ) ;
#961 = ADVANCED_FACE ( 'NONE', ( #713 ), #247, .F. ) ;
#962 = VECTOR ( 'NONE', #1257, 1000.000000000000000 ) ;
#963 = DIRECTION ( 'NONE',  ( 0.000000000000000000, -1.734723475976805862E-16, 1.000000000000000000 ) ) ;
#964 = CARTESIAN_POINT ( 'NONE',  ( -2.500000000000000000, 22.53188601510790079, -58.94047879787971311 ) ) ;
#965 = VERTEX_POINT ( 'NONE', #1172 ) ;
#966 = ORIENTED_EDGE ( 'NONE', *, *, #441, .T. ) ;
#968 = DIRECTION ( 'NONE',  ( -1.000000000000000000, 0.000000000000000000, -0.000000000000000000 ) ) ;
#967 = DIRECTION ( 'NONE',  ( 0.000000000000000000, 1.206988493642130460E-16, -1.000000000000000000 ) ) ;
#969 = EDGE_CURVE ( 'NONE', #590, #919, #8, .T. ) ;
#970 = LINE ( 'NONE', #1455, #1048 ) ;
#971 = LINE ( 'NONE', #513, #1144 ) ;
#972 = ORIENTED_EDGE ( 'NONE', *, *, #1516, .F. ) ;
#973 = CIRCLE ( 'NONE', #321, 1.000000000000000888 ) ;
#974 = ORIENTED_EDGE ( 'NONE', *, *, #395, .F. ) ;
#975 = LINE ( 'NONE', #293, #1102 ) ;
#976 = VECTOR ( 'NONE', #1314, 1000.000000000000000 ) ;
#977 = CARTESIAN_POINT ( 'NONE',  ( -2.500000000000000000, 3.699262874121343803, -70.40236892706212757 ) ) ;
#978 = EDGE_CURVE ( 'NONE', #878, #1488, #138, .T. ) ;
#979 = VECTOR ( 'NONE', #1506, 1000.000000000000000 ) ;
#980 = CIRCLE ( 'NONE', #715, 1.249999999999997335 ) ;
#981 = EDGE_CURVE ( 'NONE', #1350, #124, #345, .T. ) ;
#982 = VERTEX_POINT ( 'NONE', #845 ) ;
#983 = CARTESIAN_POINT ( 'NONE',  ( 2.500000000000000000, -3.999999999999984457, 66.49999999999994316 ) ) ;
#984 = FACE_OUTER_BOUND ( 'NONE', #1420, .T. ) ;
#985 = AXIS2_PLACEMENT_3D ( 'NONE', #1148, #1008, #224 ) ;
#986 = DIRECTION ( 'NONE',  ( 0.000000000000000000, -1.000000000000000000, 0.000000000000000000 ) ) ;
#987 = AXIS2_PLACEMENT_3D ( 'NONE', #819, #451, #1159 ) ;
#988 = CARTESIAN_POINT ( 'NONE',  ( 2.500000000000000000, -4.999999999999984901, 66.49999999999994316 ) ) ;
#989 = ORIENTED_EDGE ( 'NONE', *, *, #854, .T. ) ;
#990 = EDGE_CURVE ( 'NONE', #584, #75, #1301, .T. ) ;
#991 = EDGE_CURVE ( 'NONE', #1220, #633, #1203, .T. ) ;
#992 = VERTEX_POINT ( 'NONE', #25 ) ;
#993 = FACE_BOUND ( 'NONE', #355, .T. ) ;
#994 = LINE ( 'NONE', #636, #949 ) ;
#995 = FACE_OUTER_BOUND ( 'NONE', #833, .T. ) ;
#996 = ORIENTED_EDGE ( 'NONE', *, *, #359, .T. ) ;
#997 = ORIENTED_EDGE ( 'NONE', *, *, #188, .T. ) ;
#999 = CARTESIAN_POINT ( 'NONE',  ( -2.500000000000000000, 4.292893218813482292, -71.20710678118649639 ) ) ;
#998 =( LENGTH_UNIT ( ) NAMED_UNIT ( * ) SI_UNIT ( .MILLI., .METRE. ) );
#1000 = ADVANCED_FACE ( 'NONE', ( #122 ), #378, .T. ) ;
#1001 = VECTOR ( 'NONE', #357, 1000.000000000000000 ) ;
#1002 = LINE ( 'NONE', #7, #690 ) ;
#1003 = CYLINDRICAL_SURFACE ( 'NONE', #1336, 1.000000000000000888 ) ;
#1004 = CARTESIAN_POINT ( 'NONE',  ( 0.000000000000000000, 24.99000000000001265, 1.052283260527531657E-14 ) ) ;
#1005 = VECTOR ( 'NONE', #315, 1000.000000000000000 ) ;
#1006 = ORIENTED_EDGE ( 'NONE', *, *, #1176, .F. ) ;
#1007 = DIRECTION ( 'NONE',  ( 1.000000000000000000, -0.000000000000000000, 0.000000000000000000 ) ) ;
#1008 = DIRECTION ( 'NONE',  ( -1.000000000000000000, 0.000000000000000000, -0.000000000000000000 ) ) ;
#1009 = CIRCLE ( 'NONE', #353, 1.000000000000000888 ) ;
#1010 = EDGE_CURVE ( 'NONE', #1041, #228, #1424, .T. ) ;
#1011 = CARTESIAN_POINT ( 'NONE',  ( 0.000000000000000000, 24.98999999999997002, -46.24999999999994316 ) ) ;
#1012 = DIRECTION ( 'NONE',  ( 0.000000000000000000, 0.000000000000000000, -1.000000000000000000 ) ) ;
#1013 = VERTEX_POINT ( 'NONE', #16 ) ;
#1014 = CARTESIAN_POINT ( 'NONE',  ( 2.500000000000000000, 5.000000000000033751, -72.09755229822469857 ) ) ;
#1015 = ORIENTED_EDGE ( 'NONE', *, *, #263, .T. ) ;
#1016 = CARTESIAN_POINT ( 'NONE',  ( 2.500000000000000000, 3.402447701775268563, -70.49999999999995737 ) ) ;
#1017 = CARTESIAN_POINT ( 'NONE',  ( 2.500000000000000000, -3.999999999999968026, -66.49999999999994316 ) ) ;
#1018 = EDGE_CURVE ( 'NONE', #1199, #502, #239, .T. ) ;
#1019 = DIRECTION ( 'NONE',  ( 1.000000000000000000, -0.000000000000000000, -0.000000000000000000 ) ) ;
#1021 = CARTESIAN_POINT ( 'NONE',  ( -2.500000000000000000, 4.292893218813464529, 71.20710678118649639 ) ) ;
#1020 =( NAMED_UNIT ( * ) SI_UNIT ( $, .STERADIAN. ) SOLID_ANGLE_UNIT ( ) );
#1022 = ORIENTED_EDGE ( 'NONE', *, *, #1094, .T. ) ;
#1023 = LINE ( 'NONE', #1269, #496 ) ;
#1024 = AXIS2_PLACEMENT_3D ( 'NONE', #1363, #553, #301 ) ;
#1025 = FACE_OUTER_BOUND ( 'NONE', #1328, .T. ) ;
#1026 = DIRECTION ( 'NONE',  ( 0.000000000000000000, 0.000000000000000000, -1.000000000000000000 ) ) ;
#1027 = CARTESIAN_POINT ( 'NONE',  ( 0.000000000000000000, 24.99000000000005528, 47.49999999999997158 ) ) ;
#1028 = ADVANCED_FACE ( 'NONE', ( #233 ), #940, .F. ) ;
#1029 = CIRCLE ( 'NONE', #368, 1.250000000000000000 ) ;
#1030 = EDGE_CURVE ( 'NONE', #846, #516, #699, .T. ) ;
#1031 = LINE ( 'NONE', #1399, #1364 ) ;
#1032 = ORIENTED_EDGE ( 'NONE', *, *, #730, .F. ) ;
#1033 = ORIENTED_EDGE ( 'NONE', *, *, #9, .T. ) ;
#1034 = CARTESIAN_POINT ( 'NONE',  ( -2.500000000000000000, 10.05501359437924869, -65.49999999999994316 ) ) ;
#1035 = CARTESIAN_POINT ( 'NONE',  ( 2.500000000000000000, 6.000000000000015099, 76.24838371846196594 ) ) ;
#1036 = CARTESIAN_POINT ( 'NONE',  ( 2.500000000000000000, 31.50675440604315369, 62.35153888787215948 ) ) ;
#1037 = ORIENTED_EDGE ( 'NONE', *, *, #1053, .T. ) ;
#1038 = ORIENTED_EDGE ( 'NONE', *, *, #442, .T. ) ;
#1039 = CARTESIAN_POINT ( 'NONE',  ( 2.500000000000000000, 22.53188601510788658, 58.94047879787972022 ) ) ;
#1040 = CARTESIAN_POINT ( 'NONE',  ( 0.000000000000000000, 32.49000000000005173, 48.74999999999996447 ) ) ;
#1041 = VERTEX_POINT ( 'NONE', #469 ) ;
#1042 = APPLICATION_PROTOCOL_DEFINITION ( 'draft international standard', 'automotive_design', 1998, #251 ) ;
#1043 = ORIENTED_EDGE ( 'NONE', *, *, #807, .F. ) ;
#1044 = EDGE_CURVE ( 'NONE', #502, #381, #464, .T. ) ;
#1045 = AXIS2_PLACEMENT_3D ( 'NONE', #1441, #350, #1528 ) ;
#1046 = CARTESIAN_POINT ( 'NONE',  ( 2.500000000000000000, 3.402447701775268563, -69.99999999999995737 ) ) ;
#1047 = VERTEX_POINT ( 'NONE', #129 ) ;
#1048 = VECTOR ( 'NONE', #745, 1000.000000000000000 ) ;
#1049 = VERTEX_POINT ( 'NONE', #830 ) ;
#1050 = LINE ( 'NONE', #213, #23 ) ;
#1051 = CLOSED_SHELL ( 'NONE', ( #1318, #79, #58, #596, #551, #521, #686, #270, #1380, #18, #137, #110, #154, #870, #1325, #1028, #145, #1143, #468, #818, #789, #920, #1136, #666, #2, #244, #1304, #1, #436, #221, #1267, #1000, #1270, #701, #533, #415, #348, #1476, #607, #1166, #337, #961, #236, #573 ) ) ;
#1052 = VECTOR ( 'NONE', #407, 1000.000000000000000 ) ;
#1053 = EDGE_CURVE ( 'NONE', #41, #1199, #1210, .T. ) ;
#1054 = CARTESIAN_POINT ( 'NONE',  ( -2.500000000000000000, 5.500000000000015099, 72.09755229822469857 ) ) ;
#1055 = EDGE_LOOP ( 'NONE', ( #1309, #1344, #1338, #346 ) ) ;
#1056 = LINE ( 'NONE', #724, #482 ) ;
#1057 = EDGE_LOOP ( 'NONE', ( #412, #484 ) ) ;
#1058 = VERTEX_POINT ( 'NONE', #394 ) ;
#1059 = FACE_BOUND ( 'NONE', #585, .T. ) ;
#1060 = DIRECTION ( 'NONE',  ( 0.000000000000000000, 0.000000000000000000, -1.000000000000000000 ) ) ;
#1061 = ORIENTED_EDGE ( 'NONE', *, *, #588, .T. ) ;
#1062 = EDGE_CURVE ( 'NONE', #827, #123, #410, .T. ) ;
#1063 = DIRECTION ( 'NONE',  ( 0.000000000000000000, 0.000000000000000000, -1.000000000000000000 ) ) ;
#1064 = ORIENTED_EDGE ( 'NONE', *, *, #500, .T. ) ;
#1065 = EDGE_LOOP ( 'NONE', ( #398, #97 ) ) ;
#1066 = LINE ( 'NONE', #22, #597 ) ;
#1067 = CARTESIAN_POINT ( 'NONE',  ( 2.500000000000000000, 10.05501359437924869, -60.49999999999995026 ) ) ;
#1068 = ORIENTED_EDGE ( 'NONE', *, *, #281, .T. ) ;
#1069 = AXIS2_PLACEMENT_3D ( 'NONE', #784, #535, #1026 ) ;
#1070 = CARTESIAN_POINT ( 'NONE',  ( -2.500000000000000000, 19.99000000000001620, -54.63480632006640292 ) ) ;
#1071 = VERTEX_POINT ( 'NONE', #876 ) ;
#1072 = EDGE_CURVE ( 'NONE', #1058, #420, #994, .T. ) ;
#1073 = VERTEX_POINT ( 'NONE', #977 ) ;
#1074 = DIRECTION ( 'NONE',  ( 0.000000000000000000, 0.000000000000000000, -1.000000000000000000 ) ) ;
#1075 = CIRCLE ( 'NONE', #419, 0.5000000000000004441 ) ;
#1076 = AXIS2_PLACEMENT_3D ( 'NONE', #1152, #669, #90 ) ;
#1077 = PLANE ( 'NONE',  #885 ) ;
#1078 = AXIS2_PLACEMENT_3D ( 'NONE', #307, #209, #556 ) ;
#1079 = CARTESIAN_POINT ( 'NONE',  ( 2.500000000000000000, 6.000000000000015099, 76.24838371846196594 ) ) ;
#1080 = EDGE_LOOP ( 'NONE', ( #248, #625, #1141, #1131, #674, #1339, #538, #586, #308, #1425, #1357, #1293, #857, #1519, #608, #1081, #1006, #1445, #141, #347, #1437, #416, #996, #1173, #1365, #60, #729, #1413, #1174, #872, #59, #930 ) ) ;
#1081 = ORIENTED_EDGE ( 'NONE', *, *, #981, .T. ) ;
#1083 = CARTESIAN_POINT ( 'NONE',  ( -2.500000000000000000, 6.000000000000015099, 77.24838371846196594 ) ) ;
#1082 = DIRECTION ( 'NONE',  ( 0.000000000000000000, 1.156482317317871971E-16, -1.000000000000000000 ) ) ;
#1084 = EDGE_CURVE ( 'NONE', #827, #472, #786, .T. ) ;
#1085 = EDGE_CURVE ( 'NONE', #708, #584, #1356, .T. ) ;
#1086 = MECHANICAL_DESIGN_GEOMETRIC_PRESENTATION_REPRESENTATION (  '', ( #649 ), #477 ) ;
#1087 = CARTESIAN_POINT ( 'NONE',  ( -2.500000000000000000, -0.000000000000000000, -65.49999999999994316 ) ) ;
#1088 = DIRECTION ( 'NONE',  ( -1.000000000000000000, 0.000000000000000000, 0.000000000000000000 ) ) ;
#1089 = ORIENTED_EDGE ( 'NONE', *, *, #678, .T. ) ;
#1090 = ORIENTED_EDGE ( 'NONE', *, *, #1072, .F. ) ;
#1092 = CARTESIAN_POINT ( 'NONE',  ( 0.000000000000000000, 24.99000000000005528, 47.49999999999997158 ) ) ;
#1091 = DIRECTION ( 'NONE',  ( 0.000000000000000000, 1.156482317317870492E-16, -1.000000000000000000 ) ) ;
#1093 = EDGE_CURVE ( 'NONE', #455, #663, #1354, .T. ) ;
#1094 = EDGE_CURVE ( 'NONE', #797, #35, #645, .T. ) ;
#1095 = CARTESIAN_POINT ( 'NONE',  ( 2.500000000000000000, -4.999999999999984901, 70.49999999999995737 ) ) ;
#1096 = ORIENTED_EDGE ( 'NONE', *, *, #1345, .F. ) ;
#1097 = ORIENTED_EDGE ( 'NONE', *, *, #678, .F. ) ;
#1099 = CARTESIAN_POINT ( 'NONE',  ( 2.500000000000000000, 3.402447701775251243, 69.99999999999995737 ) ) ;
#1098 =( NAMED_UNIT ( * ) SI_UNIT ( $, .STERADIAN. ) SOLID_ANGLE_UNIT ( ) );
#1100 = VECTOR ( 'NONE', #439, 1000.000000000000000 ) ;
#1101 = CARTESIAN_POINT ( 'NONE',  ( 2.500000000000000000, 30.49000000000001620, -60.62926989674684819 ) ) ;
#1102 = VECTOR ( 'NONE', #1463, 1000.000000000000114 ) ;
#1103 = EDGE_CURVE ( 'NONE', #480, #708, #758, .T. ) ;
#1104 = CIRCLE ( 'NONE', #449, 1.000000000000000888 ) ;
#1105 = DIRECTION ( 'NONE',  ( 0.000000000000000000, 0.000000000000000000, -1.000000000000000000 ) ) ;
#1106 = ORIENTED_EDGE ( 'NONE', *, *, #1370, .F. ) ;
#1107 = LINE ( 'NONE', #430, #1005 ) ;
#1108 = CARTESIAN_POINT ( 'NONE',  ( 2.500000000000000000, 0.000000000000000000, 70.49999999999995737 ) ) ;
#1109 = FACE_BOUND ( 'NONE', #850, .T. ) ;
#1110 = EDGE_CURVE ( 'NONE', #228, #1284, #882, .T. ) ;
#1111 = EDGE_CURVE ( 'NONE', #734, #502, #613, .T. ) ;
#1112 = FACE_OUTER_BOUND ( 'NONE', #938, .T. ) ;
#1113 = ORIENTED_EDGE ( 'NONE', *, *, #203, .T. ) ;
#1114 = DIRECTION ( 'NONE',  ( 1.000000000000000000, -0.000000000000000000, 0.000000000000000000 ) ) ;
#1115 =( LENGTH_UNIT ( ) NAMED_UNIT ( * ) SI_UNIT ( .MILLI., .METRE. ) );
#1116 = VECTOR ( 'NONE', #360, 1000.000000000000000 ) ;
#1117 = CARTESIAN_POINT ( 'NONE',  ( 0.000000000000000000, 32.48999999999997357, -47.49999999999995026 ) ) ;
#1118 = ORIENTED_EDGE ( 'NONE', *, *, #918, .F. ) ;
#1119 = LINE ( 'NONE', #73, #1457 ) ;
#1120 = DIRECTION ( 'NONE',  ( 1.000000000000000000, -0.000000000000000000, 0.000000000000000000 ) ) ;
#1121 = ORIENTED_EDGE ( 'NONE', *, *, #1111, .T. ) ;
#1122 = ORIENTED_EDGE ( 'NONE', *, *, #1456, .F. ) ;
#1124 = DIRECTION ( 'NONE',  ( 0.000000000000000000, 0.000000000000000000, -1.000000000000000000 ) ) ;
#1123 = FILL_AREA_STYLE_COLOUR ( '', #235 ) ;
#1125 = EDGE_CURVE ( 'NONE', #633, #1214, #489, .T. ) ;
#1126 = VECTOR ( 'NONE', #117, 1000.000000000000114 ) ;
#1127 = CARTESIAN_POINT ( 'NONE',  ( -1.249999999999997335, 1.576559213368468278E-14, -129.5000000000000568 ) ) ;
#1128 = DIRECTION ( 'NONE',  ( -1.000000000000000000, 0.000000000000000000, -0.000000000000000000 ) ) ;
#1129 = CARTESIAN_POINT ( 'NONE',  ( 1.249999999999997335, 1.561251128379126385E-14, 65.49999999999994316 ) ) ;
#1130 = VECTOR ( 'NONE', #544, 1000.000000000000000 ) ;
#1131 = ORIENTED_EDGE ( 'NONE', *, *, #28, .T. ) ;
#1132 = CARTESIAN_POINT ( 'NONE',  ( -2.500000000000000000, 10.05501359437924869, -60.49999999999995026 ) ) ;
#1133 = VERTEX_POINT ( 'NONE', #1341 ) ;
#1134 = DIRECTION ( 'NONE',  ( -0.000000000000000000, -0.000000000000000000, 1.000000000000000000 ) ) ;
#1135 = PRODUCT_DEFINITION ( 'UNKNOWN', '', #1523, #356 ) ;
#1136 = ADVANCED_FACE ( 'NONE', ( #853, #1109, #54, #1466 ), #64, .T. ) ;
#1137 = CARTESIAN_POINT ( 'NONE',  ( -2.500000000000000000, 19.99000000000000554, 54.63480632006641002 ) ) ;
#1138 = CARTESIAN_POINT ( 'NONE',  ( 2.500000000000000000, 4.292893218813482292, -70.20710678118649639 ) ) ;
#1139 = DIRECTION ( 'NONE',  ( 0.000000000000000000, 0.8611344955626608622, -0.5083772030215769622 ) ) ;
#1140 = FACE_OUTER_BOUND ( 'NONE', #1330, .T. ) ;
#1141 = ORIENTED_EDGE ( 'NONE', *, *, #1197, .F. ) ;
#1142 = CARTESIAN_POINT ( 'NONE',  ( -1.249999999999997335, 1.576559213368468278E-14, 65.49999999999994316 ) ) ;
#1143 = ADVANCED_FACE ( 'NONE', ( #1202 ), #1077, .F. ) ;
#1144 = VECTOR ( 'NONE', #631, 1000.000000000000000 ) ;
#1145 = CARTESIAN_POINT ( 'NONE',  ( -2.500000000000000000, 32.49000000000000199, 60.62926989674684108 ) ) ;
#1146 = EDGE_CURVE ( 'NONE', #1522, #965, #1361, .T. ) ;
#1147 = DIRECTION ( 'NONE',  ( 1.000000000000000000, -0.000000000000000000, 0.000000000000000000 ) ) ;
#1148 = CARTESIAN_POINT ( 'NONE',  ( -2.500000000000000000, 5.500000000000034639, -72.09755229822469857 ) ) ;
#1149 = ORIENTED_EDGE ( 'NONE', *, *, #1381, .F. ) ;
#1150 = ORIENTED_EDGE ( 'NONE', *, *, #1526, .T. ) ;
#1151 = AXIS2_PLACEMENT_3D ( 'NONE', #860, #158, #1484 ) ;
#1152 = CARTESIAN_POINT ( 'NONE',  ( -2.500000000000000000, 3.402447701775268563, -69.99999999999995737 ) ) ;
#1153 = FACE_OUTER_BOUND ( 'NONE', #283, .T. ) ;
#1154 = CARTESIAN_POINT ( 'NONE',  ( -2.500000000000000000, 6.000000000000015099, 76.24838371846196594 ) ) ;
#1155 = DIRECTION ( 'NONE',  ( -1.000000000000000000, -0.000000000000000000, -0.000000000000000000 ) ) ;
#1156 = VECTOR ( 'NONE', #180, 1000.000000000000000 ) ;
#1157 = EDGE_CURVE ( 'NONE', #1214, #657, #172, .T. ) ;
#1158 = AXIS2_PLACEMENT_3D ( 'NONE', #1035, #1114, #457 ) ;
#1160 = CYLINDRICAL_SURFACE ( 'NONE', #1078, 1.000000000000000888 ) ;
#1159 = DIRECTION ( 'NONE',  ( 1.000000000000000000, 0.000000000000000000, 0.000000000000000000 ) ) ;
#1161 = ORIENTED_EDGE ( 'NONE', *, *, #629, .T. ) ;
#1162 = ORIENTED_EDGE ( 'NONE', *, *, #1381, .T. ) ;
#1163 = AXIS2_PLACEMENT_3D ( 'NONE', #478, #33, #739 ) ;
#1164 = CARTESIAN_POINT ( 'NONE',  ( 2.500000000000000000, 31.62633728990264714, -53.57150133161847094 ) ) ;
#1165 = ORIENTED_EDGE ( 'NONE', *, *, #1030, .F. ) ;
#1166 = ADVANCED_FACE ( 'NONE', ( #269 ), #737, .F. ) ;
#1167 = ORIENTED_EDGE ( 'NONE', *, *, #1499, .T. ) ;
#1168 = CYLINDRICAL_SURFACE ( 'NONE', #541, 1.249999999999997335 ) ;
#1169 = LINE ( 'NONE', #1299, #1249 ) ;
#1170 = ADVANCED_BREP_SHAPE_REPRESENTATION ( 'Part2^Assem1_Assem2_Assem1_differential drive unit', ( #1475, #987 ), #1274 ) ;
#1171 = UNCERTAINTY_MEASURE_WITH_UNIT (LENGTH_MEASURE( 1.000000000000000082E-05 ), #998, 'distance_accuracy_value', 'NONE');
#1172 = CARTESIAN_POINT ( 'NONE',  ( -1.249999999999997335, 1.576559213368468278E-14, -65.49999999999994316 ) ) ;
#1173 = ORIENTED_EDGE ( 'NONE', *, *, #1244, .T. ) ;
#1174 = ORIENTED_EDGE ( 'NONE', *, *, #1456, .T. ) ;
#1175 = ORIENTED_EDGE ( 'NONE', *, *, #271, .F. ) ;
#1176 = EDGE_CURVE ( 'NONE', #1360, #124, #970, .T. ) ;
#1177 = AXIS2_PLACEMENT_3D ( 'NONE', #954, #1319, #372 ) ;
#1178 = DIRECTION ( 'NONE',  ( 0.000000000000000000, -1.301042606982604216E-14, -1.000000000000000000 ) ) ;
#1179 = VERTEX_POINT ( 'NONE', #1513 ) ;
#1180 = AXIS2_PLACEMENT_3D ( 'NONE', #868, #1347, #520 ) ;
#1181 = DIRECTION ( 'NONE',  ( 0.000000000000000000, 0.000000000000000000, -1.000000000000000000 ) ) ;
#1182 = VERTEX_POINT ( 'NONE', #1378 ) ;
#1183 = EDGE_LOOP ( 'NONE', ( #694, #191, #373, #572 ) ) ;
#1184 = CARTESIAN_POINT ( 'NONE',  ( 0.000000000000000000, 1.561251128379126385E-14, -129.5000000000000568 ) ) ;
#1185 = AXIS2_PLACEMENT_3D ( 'NONE', #298, #68, #1405 ) ;
#1186 = AXIS2_PLACEMENT_3D ( 'NONE', #222, #921, #1514 ) ;
#1187 = DIRECTION ( 'NONE',  ( -0.000000000000000000, -0.000000000000000000, 1.000000000000000000 ) ) ;
#1188 = CIRCLE ( 'NONE', #718, 1.250000000000001110 ) ;
#1189 = ORIENTED_EDGE ( 'NONE', *, *, #1093, .F. ) ;
#1190 = PRODUCT ( 'Part2^Assem1_Assem2_Assem1_differential drive unit', 'Part2^Assem1_Assem2_Assem1_differential drive unit', '', ( #802 ) ) ;
#1191 = CARTESIAN_POINT ( 'NONE',  ( 0.000000000000000000, 32.48999999999997357, -47.49999999999995026 ) ) ;
#1192 = EDGE_LOOP ( 'NONE', ( #379, #888, #66, #1518 ) ) ;
#1193 = FACE_OUTER_BOUND ( 'NONE', #1183, .T. ) ;
#1194 = EDGE_CURVE ( 'NONE', #602, #1013, #1226, .T. ) ;
#1195 = DIRECTION ( 'NONE',  ( 0.000000000000000000, 1.000000000000000000, 0.000000000000000000 ) ) ;
#1196 = ORIENTED_EDGE ( 'NONE', *, *, #543, .T. ) ;
#1197 = EDGE_CURVE ( 'NONE', #1488, #1133, #1241, .T. ) ;
#1198 = CARTESIAN_POINT ( 'NONE',  ( 0.000000000000000000, 1.561251128379126385E-14, 65.49999999999994316 ) ) ;
#1199 = VERTEX_POINT ( 'NONE', #71 ) ;
#1200 = VERTEX_POINT ( 'NONE', #319 ) ;
#1201 = LINE ( 'NONE', #960, #746 ) ;
#1202 = FACE_OUTER_BOUND ( 'NONE', #6, .T. ) ;
#1203 = CIRCLE ( 'NONE', #534, 0.5000000000000004441 ) ;
#1204 = CARTESIAN_POINT ( 'NONE',  ( -2.500000000000000000, 3.402447701775251243, 70.49999999999995737 ) ) ;
#1205 = VERTEX_POINT ( 'NONE', #660 ) ;
#1206 = VERTEX_POINT ( 'NONE', #1145 ) ;
#1208 = PLANE ( 'NONE',  #614 ) ;
#1207 = DIRECTION ( 'NONE',  ( 0.000000000000000000, -1.000000000000000000, -1.156482317317870492E-16 ) ) ;
#1209 = AXIS2_PLACEMENT_3D ( 'NONE', #783, #577, #1261 ) ;
#1210 = LINE ( 'NONE', #1095, #1491 ) ;
#1211 = DIRECTION ( 'NONE',  ( 0.000000000000000000, 0.000000000000000000, 1.000000000000000000 ) ) ;
#1212 = EDGE_CURVE ( 'NONE', #1200, #965, #569, .T. ) ;
#1213 = ORIENTED_EDGE ( 'NONE', *, *, #564, .T. ) ;
#1214 = VERTEX_POINT ( 'NONE', #1138 ) ;
#1216 = DIRECTION ( 'NONE',  ( 0.000000000000000000, 0.000000000000000000, 1.000000000000000000 ) ) ;
#1215 = DIRECTION ( 'NONE',  ( 1.000000000000000000, 0.000000000000000000, 0.000000000000000000 ) ) ;
#1217 = AXIS2_PLACEMENT_3D ( 'NONE', #316, #524, #284 ) ;
#1218 = CARTESIAN_POINT ( 'NONE',  ( 2.500000000000000000, 6.000000000000015099, 77.24838371846196594 ) ) ;
#1219 = DIRECTION ( 'NONE',  ( 1.000000000000000000, 0.000000000000000000, 0.000000000000000000 ) ) ;
#1220 = VERTEX_POINT ( 'NONE', #1272 ) ;
#1222 = DIRECTION ( 'NONE',  ( -1.000000000000000000, 0.000000000000000000, 0.000000000000000000 ) ) ;
#1221 = PRESENTATION_STYLE_ASSIGNMENT (( #748 ) ) ;
#1223 = EDGE_CURVE ( 'NONE', #20, #116, #1050, .T. ) ;
#1224 = DIRECTION ( 'NONE',  ( 0.000000000000000000, 0.000000000000000000, -1.000000000000000000 ) ) ;
#1225 = DIRECTION ( 'NONE',  ( 1.000000000000000000, -0.000000000000000000, 0.000000000000000000 ) ) ;
#1226 = CIRCLE ( 'NONE', #687, 1.250000000000001110 ) ;
#1227 = ORIENTED_EDGE ( 'NONE', *, *, #425, .T. ) ;
#1228 = DIRECTION ( 'NONE',  ( 0.000000000000000000, 0.000000000000000000, 1.000000000000000000 ) ) ;
#1230 = DIRECTION ( 'NONE',  ( 0.000000000000000000, 0.000000000000000000, 1.000000000000000000 ) ) ;
#1229 = DIRECTION ( 'NONE',  ( 0.000000000000000000, -0.8611344955626608622, 0.5083772030215769622 ) ) ;
#1231 = ORIENTED_EDGE ( 'NONE', *, *, #1223, .F. ) ;
#1232 = AXIS2_PLACEMENT_3D ( 'NONE', #735, #1207, #1091 ) ;
#1233 = DIRECTION ( 'NONE',  ( -1.000000000000000000, 0.000000000000000000, 0.000000000000000000 ) ) ;
#1234 = CARTESIAN_POINT ( 'NONE',  ( 2.500000000000000000, 19.99000000000001620, -54.63480632006640292 ) ) ;
#1235 = EDGE_CURVE ( 'NONE', #1179, #20, #1290, .T. ) ;
#1236 = CARTESIAN_POINT ( 'NONE',  ( 2.500000000000000000, 3.402447701775251243, 70.49999999999995737 ) ) ;
#1237 = CARTESIAN_POINT ( 'NONE',  ( 0.000000000000000000, 24.99000000000001265, 1.052283260527531657E-14 ) ) ;
#1238 = ORIENTED_EDGE ( 'NONE', *, *, #978, .T. ) ;
#1239 = ORIENTED_EDGE ( 'NONE', *, *, #710, .F. ) ;
#1240 = DIRECTION ( 'NONE',  ( 0.000000000000000000, 0.000000000000000000, -1.000000000000000000 ) ) ;
#1241 = LINE ( 'NONE', #653, #562 ) ;
#1242 = STYLED_ITEM ( 'NONE', ( #900 ), #1475 ) ;
#1243 = CARTESIAN_POINT ( 'NONE',  ( 2.500000000000000000, 30.49000000000001620, -60.62926989674684819 ) ) ;
#1244 = EDGE_CURVE ( 'NONE', #1416, #1220, #448, .T. ) ;
#1245 = ORIENTED_EDGE ( 'NONE', *, *, #616, .F. ) ;
#1246 = VERTEX_POINT ( 'NONE', #81 ) ;
#1248 = DIRECTION ( 'NONE',  ( 0.000000000000000000, 0.8611344955626606401, 0.5083772030215771842 ) ) ;
#1247 = SURFACE_STYLE_FILL_AREA ( #51 ) ;
#1249 = VECTOR ( 'NONE', #1278, 1000.000000000000000 ) ;
#1250 = DIRECTION ( 'NONE',  ( 0.000000000000000000, 0.000000000000000000, 1.000000000000000000 ) ) ;
#1251 = DIRECTION ( 'NONE',  ( 0.000000000000000000, 0.000000000000000000, 1.000000000000000000 ) ) ;
#1252 = DIRECTION ( 'NONE',  ( 0.000000000000000000, 0.000000000000000000, 1.000000000000000000 ) ) ;
#1253 = VERTEX_POINT ( 'NONE', #100 ) ;
#1254 = EDGE_CURVE ( 'NONE', #878, #617, #915, .T. ) ;
#1255 = EDGE_CURVE ( 'NONE', #516, #41, #1002, .T. ) ;
#1256 = ORIENTED_EDGE ( 'NONE', *, *, #435, .F. ) ;
#1258 = CARTESIAN_POINT ( 'NONE',  ( 2.500000000000000000, 5.000000000000033751, -76.24838371846196594 ) ) ;
#1257 = DIRECTION ( 'NONE',  ( 0.000000000000000000, 1.000000000000000000, 0.000000000000000000 ) ) ;
#1259 = AXIS2_PLACEMENT_3D ( 'NONE', #823, #704, #1178 ) ;
#1260 = VECTOR ( 'NONE', #1082, 1000.000000000000000 ) ;
#1261 = DIRECTION ( 'NONE',  ( 0.000000000000000000, 0.000000000000000000, -1.000000000000000000 ) ) ;
#1262 = DIRECTION ( 'NONE',  ( 0.000000000000000000, 0.000000000000000000, 1.000000000000000000 ) ) ;
#1263 = DIRECTION ( 'NONE',  ( -1.000000000000000000, 0.000000000000000000, 0.000000000000000000 ) ) ;
#1264 = AXIS2_PLACEMENT_3D ( 'NONE', #1480, #1454, #414 ) ;
#1265 = AXIS2_PLACEMENT_3D ( 'NONE', #672, #1521, #1263 ) ;
#1266 = DIRECTION ( 'NONE',  ( 1.000000000000000000, 0.000000000000000000, 0.000000000000000000 ) ) ;
#1267 = ADVANCED_FACE ( 'NONE', ( #474 ), #220, .T. ) ;
#1268 = AXIS2_PLACEMENT_3D ( 'NONE', #1021, #332, #452 ) ;
#1269 = CARTESIAN_POINT ( 'NONE',  ( 1.249999999999997335, 1.561251128379126385E-14, -129.5000000000000568 ) ) ;
#1270 = ADVANCED_FACE ( 'NONE', ( #670 ), #1492, .T. ) ;
#1271 = CARTESIAN_POINT ( 'NONE',  ( 2.500000000000000000, -4.999999999999984901, 0.000000000000000000 ) ) ;
#1272 = CARTESIAN_POINT ( 'NONE',  ( 2.500000000000000000, 3.402447701775268563, -70.49999999999995737 ) ) ;
#1273 = DIRECTION ( 'NONE',  ( 0.000000000000000000, 1.156482317317871971E-16, -1.000000000000000000 ) ) ;
#1274 =( GEOMETRIC_REPRESENTATION_CONTEXT ( 3 ) GLOBAL_UNCERTAINTY_ASSIGNED_CONTEXT ( ( #814 ) ) GLOBAL_UNIT_ASSIGNED_CONTEXT ( ( #1115, #880, #1098 ) ) REPRESENTATION_CONTEXT ( 'NONE', 'WORKASPACE' ) );
#1275 = CARTESIAN_POINT ( 'NONE',  ( -2.500000000000000000, 5.097631072937851116, -71.80073712587862644 ) ) ;
#1276 = ORIENTED_EDGE ( 'NONE', *, *, #1194, .T. ) ;
#1277 = ORIENTED_EDGE ( 'NONE', *, *, #164, .T. ) ;
#1278 = DIRECTION ( 'NONE',  ( 1.000000000000000000, -0.000000000000000000, -0.000000000000000000 ) ) ;
#1279 = EDGE_CURVE ( 'NONE', #1214, #1182, #339, .T. ) ;
#1280 = CARTESIAN_POINT ( 'NONE',  ( 0.000000000000000000, 32.49000000000000909, 3.757411048965764955E-15 ) ) ;
#1281 = DIRECTION ( 'NONE',  ( 0.000000000000000000, 1.000000000000000000, -9.020562075079400835E-16 ) ) ;
#1282 = FACE_OUTER_BOUND ( 'NONE', #632, .T. ) ;
#1283 = DIRECTION ( 'NONE',  ( 0.000000000000000000, 1.734723475976805615E-16, -1.000000000000000000 ) ) ;
#1284 = VERTEX_POINT ( 'NONE', #91 ) ;
#1285 = CIRCLE ( 'NONE', #706, 0.5000000000000004441 ) ;
#1286 = LINE ( 'NONE', #1039, #1130 ) ;
#1287 = EDGE_CURVE ( 'NONE', #1205, #304, #1029, .T. ) ;
#1288 = DIRECTION ( 'NONE',  ( 0.000000000000000000, 0.000000000000000000, 1.000000000000000000 ) ) ;
#1289 = ORIENTED_EDGE ( 'NONE', *, *, #112, .F. ) ;
#1290 = CIRCLE ( 'NONE', #1069, 1.000000000000000888 ) ;
#1291 = VECTOR ( 'NONE', #391, 1000.000000000000000 ) ;
#1292 =( NAMED_UNIT ( * ) PLANE_ANGLE_UNIT ( ) SI_UNIT ( $, .RADIAN. ) );
#1293 = ORIENTED_EDGE ( 'NONE', *, *, #750, .T. ) ;
#1294 = AXIS2_PLACEMENT_3D ( 'NONE', #1099, #267, #1471 ) ;
#1295 = CYLINDRICAL_SURFACE ( 'NONE', #467, 1.250000000000001110 ) ;
#1296 = CARTESIAN_POINT ( 'NONE',  ( -2.500000000000000000, -0.000000000000000000, 70.49999999999995737 ) ) ;
#1297 = ORIENTED_EDGE ( 'NONE', *, *, #1194, .F. ) ;
#1298 = EDGE_CURVE ( 'NONE', #358, #1013, #1369, .T. ) ;
#1299 = CARTESIAN_POINT ( 'NONE',  ( 2.500000000000000000, 32.49000000000000199, 60.62926989674684108 ) ) ;
#1300 = VECTOR ( 'NONE', #256, 1000.000000000000000 ) ;
#1301 = LINE ( 'NONE', #815, #392 ) ;
#1302 = ORIENTED_EDGE ( 'NONE', *, *, #460, .F. ) ;
#1303 = CARTESIAN_POINT ( 'NONE',  ( 2.500000000000000000, -3.999999999999968026, -65.49999999999994316 ) ) ;
#1304 = ADVANCED_FACE ( 'NONE', ( #1153 ), #310, .T. ) ;
#1305 = VERTEX_POINT ( 'NONE', #1386 ) ;
#1306 = VERTEX_POINT ( 'NONE', #434 ) ;
#1307 = CARTESIAN_POINT ( 'NONE',  ( -2.500000000000000000, -3.999999999999968026, -66.49999999999994316 ) ) ;
#1308 = CARTESIAN_POINT ( 'NONE',  ( 0.000000000000000000, 24.99000000000001265, 1.250000000000010658 ) ) ;
#1309 = ORIENTED_EDGE ( 'NONE', *, *, #1426, .F. ) ;
#1310 = VECTOR ( 'NONE', #907, 1000.000000000000000 ) ;
#1311 = CYLINDRICAL_SURFACE ( 'NONE', #1163, 1.250000000000001110 ) ;
#1312 = EDGE_LOOP ( 'NONE', ( #1436, #1015, #257, #1161 ) ) ;
#1313 = VERTEX_POINT ( 'NONE', #1507 ) ;
#1314 = DIRECTION ( 'NONE',  ( 1.000000000000000000, -0.000000000000000000, -0.000000000000000000 ) ) ;
#1315 = EDGE_CURVE ( 'NONE', #1393, #584, #329, .T. ) ;
#1316 = CIRCLE ( 'NONE', #639, 0.5000000000000004441 ) ;
#1317 = DIRECTION ( 'NONE',  ( 0.000000000000000000, 0.000000000000000000, -1.000000000000000000 ) ) ;
#1318 = ADVANCED_FACE ( 'NONE', ( #1193 ), #376, .F. ) ;
#1319 = DIRECTION ( 'NONE',  ( 0.000000000000000000, -0.5083772030215771842, 0.8611344955626606401 ) ) ;
#1320 = ORIENTED_EDGE ( 'NONE', *, *, #798, .F. ) ;
#1321 = CARTESIAN_POINT ( 'NONE',  ( -2.500000000000000000, 3.402447701775268563, -70.49999999999995737 ) ) ;
#1322 = ORIENTED_EDGE ( 'NONE', *, *, #294, .F. ) ;
#1323 = LINE ( 'NONE', #1430, #637 ) ;
#1324 = MECHANICAL_DESIGN_GEOMETRIC_PRESENTATION_REPRESENTATION (  '', ( #1242 ), #698 ) ;
#1325 = ADVANCED_FACE ( 'NONE', ( #619, #1059, #36, #135 ), #835, .T. ) ;
#1326 = EDGE_CURVE ( 'NONE', #454, #982, #266, .T. ) ;
#1327 = PLANE ( 'NONE',  #1177 ) ;
#1328 = EDGE_LOOP ( 'NONE', ( #1320, #12, #1421, #804 ) ) ;
#1329 = ORIENTED_EDGE ( 'NONE', *, *, #807, .T. ) ;
#1330 = EDGE_LOOP ( 'NONE', ( #1239, #255, #606, #96 ) ) ;
#1332 = FACE_OUTER_BOUND ( 'NONE', #864, .T. ) ;
#1331 = LINE ( 'NONE', #1453, #976 ) ;
#1333 = DIRECTION ( 'NONE',  ( 0.000000000000000000, 0.000000000000000000, 1.000000000000000000 ) ) ;
#1334 = DIRECTION ( 'NONE',  ( 0.000000000000000000, 0.000000000000000000, -1.000000000000000000 ) ) ;
#1335 = EDGE_CURVE ( 'NONE', #211, #1049, #1331, .T. ) ;
#1336 = AXIS2_PLACEMENT_3D ( 'NONE', #456, #1379, #1251 ) ;
#1337 = DIRECTION ( 'NONE',  ( 1.000000000000000000, -0.000000000000000000, 0.000000000000000000 ) ) ;
#1338 = ORIENTED_EDGE ( 'NONE', *, *, #323, .F. ) ;
#1339 = ORIENTED_EDGE ( 'NONE', *, *, #824, .F. ) ;
#1340 = FACE_OUTER_BOUND ( 'NONE', #948, .T. ) ;
#1341 = CARTESIAN_POINT ( 'NONE',  ( 2.500000000000000000, 31.50675440604315369, 62.35153888787215948 ) ) ;
#1342 = CIRCLE ( 'NONE', #1268, 1.000000000000000888 ) ;
#1343 = CARTESIAN_POINT ( 'NONE',  ( 2.500000000000000000, 5.000000000000033751, -76.24838371846196594 ) ) ;
#1344 = ORIENTED_EDGE ( 'NONE', *, *, #485, .F. ) ;
#1345 = EDGE_CURVE ( 'NONE', #1246, #663, #325, .T. ) ;
#1346 = DIRECTION ( 'NONE',  ( 0.000000000000000000, 0.000000000000000000, -1.000000000000000000 ) ) ;
#1347 = DIRECTION ( 'NONE',  ( 0.000000000000000000, 0.000000000000000000, -1.000000000000000000 ) ) ;
#1348 = DIRECTION ( 'NONE',  ( 0.000000000000000000, 0.000000000000000000, 1.000000000000000000 ) ) ;
#1349 = CIRCLE ( 'NONE', #95, 1.250000000000000000 ) ;
#1350 = VERTEX_POINT ( 'NONE', #858 ) ;
#1351 = ORIENTED_EDGE ( 'NONE', *, *, #843, .T. ) ;
#1352 = FACE_OUTER_BOUND ( 'NONE', #155, .T. ) ;
#1353 = EDGE_CURVE ( 'NONE', #1047, #924, #174, .T. ) ;
#1354 = LINE ( 'NONE', #1087, #106 ) ;
#1355 = CARTESIAN_POINT ( 'NONE',  ( 1.530808498934205622E-16, 32.48999999999997357, -48.74999999999995026 ) ) ;
#1356 = CIRCLE ( 'NONE', #128, 1.999999999999994893 ) ;
#1357 = ORIENTED_EDGE ( 'NONE', *, *, #1255, .F. ) ;
#1358 = CARTESIAN_POINT ( 'NONE',  ( 2.500000000000000000, 5.097631072937833352, 71.80073712587862644 ) ) ;
#1359 = DIRECTION ( 'NONE',  ( 0.000000000000000000, 1.000000000000000000, -9.020562075079400835E-16 ) ) ;
#1360 = VERTEX_POINT ( 'NONE', #626 ) ;
#1361 = CIRCLE ( 'NONE', #1180, 1.249999999999997335 ) ;
#1362 = AXIS2_PLACEMENT_3D ( 'NONE', #1280, #219, #684 ) ;
#1363 = CARTESIAN_POINT ( 'NONE',  ( 2.500000000000000000, 5.500000000000034639, -72.09755229822469857 ) ) ;
#1364 = VECTOR ( 'NONE', #803, 1000.000000000000000 ) ;
#1365 = ORIENTED_EDGE ( 'NONE', *, *, #991, .T. ) ;
#1366 = ORIENTED_EDGE ( 'NONE', *, *, #629, .F. ) ;
#1367 = LINE ( 'NONE', #905, #1440 ) ;
#1368 = ORIENTED_EDGE ( 'NONE', *, *, #1018, .F. ) ;
#1369 = LINE ( 'NONE', #1011, #1310 ) ;
#1370 = EDGE_CURVE ( 'NONE', #381, #1179, #1438, .T. ) ;
#1371 = DIRECTION ( 'NONE',  ( -1.000000000000000000, 0.000000000000000000, -0.000000000000000000 ) ) ;
#1372 = DIRECTION ( 'NONE',  ( 1.000000000000000000, 0.000000000000000000, 0.000000000000000000 ) ) ;
#1373 = ORIENTED_EDGE ( 'NONE', *, *, #1103, .F. ) ;
#1374 = CYLINDRICAL_SURFACE ( 'NONE', #397, 1.000000000000000888 ) ;
#1376 = DIRECTION ( 'NONE',  ( -0.000000000000000000, -0.000000000000000000, 1.000000000000000000 ) ) ;
#1375 = CARTESIAN_POINT ( 'NONE',  ( -2.500000000000000000, 0.000000000000000000, -70.49999999999995737 ) ) ;
#1377 = PLANE ( 'NONE',  #111 ) ;
#1378 = CARTESIAN_POINT ( 'NONE',  ( -2.500000000000000000, 4.292893218813482292, -70.20710678118649639 ) ) ;
#1379 = DIRECTION ( 'NONE',  ( -1.000000000000000000, -0.000000000000000000, -0.000000000000000000 ) ) ;
#1380 = ADVANCED_FACE ( 'NONE', ( #1340 ), #709, .T. ) ;
#1381 = EDGE_CURVE ( 'NONE', #797, #1253, #156, .T. ) ;
#1382 = DIRECTION ( 'NONE',  ( -1.000000000000000000, 0.000000000000000000, 0.000000000000000000 ) ) ;
#1383 = VECTOR ( 'NONE', #462, 1000.000000000000000 ) ;
#1384 = FACE_OUTER_BOUND ( 'NONE', #1080, .T. ) ;
#1385 = VECTOR ( 'NONE', #841, 1000.000000000000000 ) ;
#1386 = CARTESIAN_POINT ( 'NONE',  ( -2.500000000000000000, 5.000000000000033751, -72.09755229822469857 ) ) ;
#1387 = CARTESIAN_POINT ( 'NONE',  ( 2.500000000000000000, 31.62633728990264004, 53.57150133161847094 ) ) ;
#1388 = VECTOR ( 'NONE', #763, 1000.000000000000000 ) ;
#1389 = AXIS2_PLACEMENT_3D ( 'NONE', #1027, #343, #1288 ) ;
#1390 = DIRECTION ( 'NONE',  ( 0.000000000000000000, 0.000000000000000000, 1.000000000000000000 ) ) ;
#1391 = VERTEX_POINT ( 'NONE', #743 ) ;
#1392 = AXIS2_PLACEMENT_3D ( 'NONE', #1079, #1088, #592 ) ;
#1393 = VERTEX_POINT ( 'NONE', #142 ) ;
#1394 = CARTESIAN_POINT ( 'NONE',  ( 2.500000000000000000, 4.292893218813482292, -71.20710678118649639 ) ) ;
#1395 = DIRECTION ( 'NONE',  ( -1.000000000000000000, -0.000000000000000000, -0.000000000000000000 ) ) ;
#1396 = CARTESIAN_POINT ( 'NONE',  ( 2.500000000000000000, 5.500000000000015099, 72.09755229822469857 ) ) ;
#1397 = CARTESIAN_POINT ( 'NONE',  ( 2.500000000000000000, 10.05501359437923803, 60.49999999999995026 ) ) ;
#1399 = CARTESIAN_POINT ( 'NONE',  ( 1.530808498934195022E-16, 24.98999999999997002, -48.74999999999994316 ) ) ;
#1398 = SHAPE_DEFINITION_REPRESENTATION ( #1530, #1170 ) ;
#1400 = ORIENTED_EDGE ( 'NONE', *, *, #991, .F. ) ;
#1401 = ORIENTED_EDGE ( 'NONE', *, *, #126, .F. ) ;
#1402 = EDGE_CURVE ( 'NONE', #617, #1206, #49, .T. ) ;
#1403 = VECTOR ( 'NONE', #936, 1000.000000000000000 ) ;
#1404 = CARTESIAN_POINT ( 'NONE',  ( -2.500000000000000000, 5.000000000000015099, 72.09755229822469857 ) ) ;
#1405 = DIRECTION ( 'NONE',  ( 0.000000000000000000, 6.938893903907245733E-15, -1.000000000000000000 ) ) ;
#1406 = LINE ( 'NONE', #1036, #934 ) ;
#1407 = EDGE_LOOP ( 'NONE', ( #1277, #130 ) ) ;
#1408 = AXIS2_PLACEMENT_3D ( 'NONE', #1046, #947, #475 ) ;
#1409 = FACE_OUTER_BOUND ( 'NONE', #238, .T. ) ;
#1410 = ORIENTED_EDGE ( 'NONE', *, *, #1062, .T. ) ;
#1411 = DIRECTION ( 'NONE',  ( 0.000000000000000000, 0.000000000000000000, -1.000000000000000000 ) ) ;
#1412 = CIRCLE ( 'NONE', #204, 1.000000000000000888 ) ;
#1413 = ORIENTED_EDGE ( 'NONE', *, *, #1426, .T. ) ;
#1414 = CIRCLE ( 'NONE', #985, 0.5000000000000004441 ) ;
#1415 = DIRECTION ( 'NONE',  ( 1.000000000000000000, 0.000000000000000000, 0.000000000000000000 ) ) ;
#1416 = VERTEX_POINT ( 'NONE', #939 ) ;
#1417 = EDGE_CURVE ( 'NONE', #912, #740, #1323, .T. ) ;
#1418 = EDGE_CURVE ( 'NONE', #1073, #1182, #226, .T. ) ;
#1419 = DIRECTION ( 'NONE',  ( 1.000000000000000000, 0.000000000000000000, -0.000000000000000000 ) ) ;
#1420 = EDGE_LOOP ( 'NONE', ( #413, #375, #242, #1487 ) ) ;
#1421 = ORIENTED_EDGE ( 'NONE', *, *, #1353, .T. ) ;
#1422 = CARTESIAN_POINT ( 'NONE',  ( -2.500000000000000000, 4.292893218813482292, -71.20710678118649639 ) ) ;
#1423 = DIRECTION ( 'NONE',  ( 1.000000000000000000, -0.000000000000000000, 0.000000000000000000 ) ) ;
#1424 = LINE ( 'NONE', #1164, #1126 ) ;
#1425 = ORIENTED_EDGE ( 'NONE', *, *, #943, .F. ) ;
#1426 = EDGE_CURVE ( 'NONE', #657, #334, #1075, .T. ) ;
#1427 = LINE ( 'NONE', #1303, #1300 ) ;
#1428 = ORIENTED_EDGE ( 'NONE', *, *, #1084, .F. ) ;
#1429 = EDGE_CURVE ( 'NONE', #237, #1451, #253, .T. ) ;
#1430 = CARTESIAN_POINT ( 'NONE',  ( -2.500000000000000000, 24.99000000000001265, 3.016264245611685362E-15 ) ) ;
#1431 = AXIS2_PLACEMENT_3D ( 'NONE', #39, #279, #505 ) ;
#1432 = DIRECTION ( 'NONE',  ( -1.000000000000000000, 0.000000000000000000, 0.000000000000000000 ) ) ;
#1433 = ORIENTED_EDGE ( 'NONE', *, *, #1235, .T. ) ;
#1434 = AXIS2_PLACEMENT_3D ( 'NONE', #1422, #31, #363 ) ;
#1435 = CARTESIAN_POINT ( 'NONE',  ( -2.500000000000000000, 10.05501359437924869, -65.49999999999994316 ) ) ;
#1436 = ORIENTED_EDGE ( 'NONE', *, *, #1010, .F. ) ;
#1437 = ORIENTED_EDGE ( 'NONE', *, *, #181, .T. ) ;
#1438 = LINE ( 'NONE', #148, #1385 ) ;
#1439 = EDGE_CURVE ( 'NONE', #1049, #1058, #1066, .T. ) ;
#1440 = VECTOR ( 'NONE', #443, 1000.000000000000000 ) ;
#1441 = CARTESIAN_POINT ( 'NONE',  ( 2.500000000000000000, 19.99000000000000554, 54.63480632006641002 ) ) ;
#1442 = ORIENTED_EDGE ( 'NONE', *, *, #101, .F. ) ;
#1443 = DIRECTION ( 'NONE',  ( 0.000000000000000000, 0.000000000000000000, -1.000000000000000000 ) ) ;
#1444 = ORIENTED_EDGE ( 'NONE', *, *, #1111, .F. ) ;
#1445 = ORIENTED_EDGE ( 'NONE', *, *, #710, .T. ) ;
#1447 = CARTESIAN_POINT ( 'NONE',  ( -2.500000000000000000, 12.59689960948712439, 64.80567247781326046 ) ) ;
#1446 = DIRECTION ( 'NONE',  ( 0.000000000000000000, 0.000000000000000000, 1.000000000000000000 ) ) ;
#1448 = VECTOR ( 'NONE', #185, 1000.000000000000000 ) ;
#1449 = DIRECTION ( 'NONE',  ( -1.000000000000000000, 0.000000000000000000, 0.000000000000000000 ) ) ;
#1450 = CIRCLE ( 'NONE', #190, 1.249999999999997335 ) ;
#1451 = VERTEX_POINT ( 'NONE', #727 ) ;
#1452 = ORIENTED_EDGE ( 'NONE', *, *, #28, .F. ) ;
#1454 = DIRECTION ( 'NONE',  ( 0.000000000000000000, 0.000000000000000000, -1.000000000000000000 ) ) ;
#1453 = CARTESIAN_POINT ( 'NONE',  ( 2.500000000000000000, 10.05501359437923803, 65.49999999999994316 ) ) ;
#1455 = CARTESIAN_POINT ( 'NONE',  ( 2.500000000000000000, 24.99000000000001265, 3.016264245611685362E-15 ) ) ;
#1456 = EDGE_CURVE ( 'NONE', #334, #558, #1201, .T. ) ;
#1457 = VECTOR ( 'NONE', #896, 1000.000000000000000 ) ;
#1458 = FACE_OUTER_BOUND ( 'NONE', #217, .T. ) ;
#1459 = CARTESIAN_POINT ( 'NONE',  ( -1.249999999999997335, 1.576559213368468278E-14, -129.5000000000000568 ) ) ;
#1460 = AXIS2_PLACEMENT_3D ( 'NONE', #162, #504, #967 ) ;
#1461 = ORIENTED_EDGE ( 'NONE', *, *, #1417, .F. ) ;
#1463 = DIRECTION ( 'NONE',  ( 0.000000000000000000, 0.8611344955626606401, 0.5083772030215771842 ) ) ;
#1462 = FILL_AREA_STYLE_COLOUR ( '', #11 ) ;
#1464 = AXIS2_PLACEMENT_3D ( 'NONE', #200, #1155, #109 ) ;
#1465 = AXIS2_PLACEMENT_3D ( 'NONE', #165, #53, #1346 ) ;
#1466 = FACE_OUTER_BOUND ( 'NONE', #497, .T. ) ;
#1467 = AXIS2_PLACEMENT_3D ( 'NONE', #1070, #1337, #1063 ) ;
#1468 = DIRECTION ( 'NONE',  ( 0.000000000000000000, 0.000000000000000000, 1.000000000000000000 ) ) ;
#1469 = ORIENTED_EDGE ( 'NONE', *, *, #1212, .F. ) ;
#1470 = ORIENTED_EDGE ( 'NONE', *, *, #904, .F. ) ;
#1471 = DIRECTION ( 'NONE',  ( 0.000000000000000000, 0.000000000000000000, 1.000000000000000000 ) ) ;
#1472 = CARTESIAN_POINT ( 'NONE',  ( 2.500000000000000000, 5.000000000000015099, 76.24838371846196594 ) ) ;
#1473 = DIRECTION ( 'NONE',  ( 0.000000000000000000, 0.000000000000000000, -1.000000000000000000 ) ) ;
#1474 = DIRECTION ( 'NONE',  ( 0.000000000000000000, 0.000000000000000000, 1.000000000000000000 ) ) ;
#1475 = MANIFOLD_SOLID_BREP ( '̨گ�5', #1051 ) ;
#1476 = ADVANCED_FACE ( 'NONE', ( #755 ), #634, .F. ) ;
#1477 = AXIS2_PLACEMENT_3D ( 'NONE', #272, #707, #1419 ) ;
#1478 = ORIENTED_EDGE ( 'NONE', *, *, #55, .F. ) ;
#1479 = CYLINDRICAL_SURFACE ( 'NONE', #1464, 1.000000000000000888 ) ;
#1480 = CARTESIAN_POINT ( 'NONE',  ( 2.500000000000000000, 0.000000000000000000, 65.49999999999994316 ) ) ;
#1481 = EDGE_CURVE ( 'NONE', #633, #1073, #642, .T. ) ;
#1482 = ORIENTED_EDGE ( 'NONE', *, *, #488, .T. ) ;
#1483 = CARTESIAN_POINT ( 'NONE',  ( 2.500000000000000000, -3.999999999999984457, 66.49999999999994316 ) ) ;
#1484 = DIRECTION ( 'NONE',  ( 0.000000000000000000, 0.000000000000000000, -1.000000000000000000 ) ) ;
#1485 = CARTESIAN_POINT ( 'NONE',  ( 0.000000000000000000, 1.561251128379126385E-14, 70.49999999999995737 ) ) ;
#1486 = CIRCLE ( 'NONE', #1532, 1.000000000000000888 ) ;
#1487 = ORIENTED_EDGE ( 'NONE', *, *, #1072, .T. ) ;
#1488 = VERTEX_POINT ( 'NONE', #1497 ) ;
#1490 = CARTESIAN_POINT ( 'NONE',  ( 2.500000000000000000, 19.99000000000001620, -54.63480632006640292 ) ) ;
#1489 =( NAMED_UNIT ( * ) SI_UNIT ( $, .STERADIAN. ) SOLID_ANGLE_UNIT ( ) );
#1491 = VECTOR ( 'NONE', #295, 1000.000000000000000 ) ;
#1492 = CYLINDRICAL_SURFACE ( 'NONE', #1024, 0.5000000000000004441 ) ;
#1493 = CARTESIAN_POINT ( 'NONE',  ( 2.500000000000000000, 6.000000000000036415, -76.24838371846196594 ) ) ;
#1494 = AXIS2_PLACEMENT_3D ( 'NONE', #1132, #658, #215 ) ;
#1495 = ORIENTED_EDGE ( 'NONE', *, *, #1326, .F. ) ;
#1496 = DIRECTION ( 'NONE',  ( 0.000000000000000000, 0.000000000000000000, -1.000000000000000000 ) ) ;
#1498 = PLANE ( 'NONE',  #693 ) ;
#1497 = CARTESIAN_POINT ( 'NONE',  ( 2.500000000000000000, 6.508377203021581181, 77.10951821402460382 ) ) ;
#1499 = EDGE_CURVE ( 'NONE', #1416, #831, #201, .T. ) ;
#1500 = CARTESIAN_POINT ( 'NONE',  ( 0.000000000000000000, 1.561251128379126385E-14, -129.5000000000000568 ) ) ;
#1501 = DIRECTION ( 'NONE',  ( -1.000000000000000000, 0.000000000000000000, 0.000000000000000000 ) ) ;
#1502 = LINE ( 'NONE', #437, #149 ) ;
#1503 = ORIENTED_EDGE ( 'NONE', *, *, #695, .F. ) ;
#1504 = DIRECTION ( 'NONE',  ( -1.000000000000000000, 0.000000000000000000, 0.000000000000000000 ) ) ;
#1505 = EDGE_LOOP ( 'NONE', ( #176, #192 ) ) ;
#1506 = DIRECTION ( 'NONE',  ( 1.000000000000000000, -0.000000000000000000, -0.000000000000000000 ) ) ;
#1507 = CARTESIAN_POINT ( 'NONE',  ( 0.000000000000000000, 24.99000000000005528, 48.74999999999997158 ) ) ;
#1508 = FACE_OUTER_BOUND ( 'NONE', #354, .T. ) ;
#1509 = LINE ( 'NONE', #910, #84 ) ;
#1510 = ORIENTED_EDGE ( 'NONE', *, *, #978, .F. ) ;
#1511 = DIRECTION ( 'NONE',  ( -1.000000000000000000, -0.000000000000000000, -0.000000000000000000 ) ) ;
#1512 = AXIS2_PLACEMENT_3D ( 'NONE', #166, #510, #150 ) ;
#1513 = CARTESIAN_POINT ( 'NONE',  ( 2.500000000000000000, 3.699262874121326483, 70.40236892706212757 ) ) ;
#1514 = DIRECTION ( 'NONE',  ( 0.000000000000000000, -1.156482317317870492E-16, 1.000000000000000000 ) ) ;
#1515 = CIRCLE ( 'NONE', #1465, 2.000000000000001776 ) ;
#1516 = EDGE_CURVE ( 'NONE', #831, #470, #865, .T. ) ;
#1517 = CARTESIAN_POINT ( 'NONE',  ( 2.500000000000000000, 5.000000000000033751, -72.09755229822469857 ) ) ;
#1518 = ORIENTED_EDGE ( 'NONE', *, *, #485, .T. ) ;
#1519 = ORIENTED_EDGE ( 'NONE', *, *, #395, .T. ) ;
#1520 = FACE_OUTER_BOUND ( 'NONE', #351, .T. ) ;
#1521 = DIRECTION ( 'NONE',  ( 0.000000000000000000, 0.000000000000000000, -1.000000000000000000 ) ) ;
#1522 = VERTEX_POINT ( 'NONE', #408 ) ;
#1523 = PRODUCT_DEFINITION_FORMATION_WITH_SPECIFIED_SOURCE ( 'ANY', '', #1190, .NOT_KNOWN. ) ;
#1524 = DIRECTION ( 'NONE',  ( 0.000000000000000000, 0.000000000000000000, -1.000000000000000000 ) ) ;
#1525 = ORIENTED_EDGE ( 'NONE', *, *, #1499, .F. ) ;
#1526 = EDGE_CURVE ( 'NONE', #1350, #1306, #292, .T. ) ;
#1527 = DIRECTION ( 'NONE',  ( -0.000000000000000000, 1.000000000000000000, -9.020562075079400835E-16 ) ) ;
#1528 = DIRECTION ( 'NONE',  ( 0.000000000000000000, 0.000000000000000000, -1.000000000000000000 ) ) ;
#1529 = ORIENTED_EDGE ( 'NONE', *, *, #171, .F. ) ;
#1530 = PRODUCT_DEFINITION_SHAPE ( 'NONE', 'NONE',  #1135 ) ;
#1531 = ORIENTED_EDGE ( 'NONE', *, *, #322, .F. ) ;
#1532 = AXIS2_PLACEMENT_3D ( 'NONE', #1154, #1371, #536 ) ;
ENDSEC;
END-ISO-10303-21;
