ISO-10303-21;
HEADER;
FILE_DESCRIPTION (( 'STEP AP214' ),
    '1' );
FILE_NAME ('plate.STEP',
    '2026-08-05T13:03:46',
    ( '' ),
    ( '' ),
    'SwSTEP 2.0',
    'SolidWorks 2025',
    '' );
FILE_SCHEMA (( 'AUTOMOTIVE_DESIGN' ));
ENDSEC;

DATA;
#1 = CARTESIAN_POINT ( 'NONE',  ( -3.264635279283073288, -1.499999999999999556, -15.99999999999987921 ) ) ;
#2 = EDGE_LOOP ( 'NONE', ( #1479, #2286, #2433, #1345 ) ) ;
#3 = ORIENTED_EDGE ( 'NONE', *, *, #2875, .F. ) ;
#4 = ADVANCED_FACE ( 'NONE', ( #1680 ), #911, .F. ) ;
#5 = EDGE_CURVE ( 'NONE', #3501, #269, #1425, .T. ) ;
#6 = VERTEX_POINT ( 'NONE', #2227 ) ;
#7 = EDGE_CURVE ( 'NONE', #3188, #2688, #1604, .T. ) ;
#8 = DIRECTION ( 'NONE',  ( 0.000000000000000000, 0.000000000000000000, 1.000000000000000000 ) ) ;
#9 = DIRECTION ( 'NONE',  ( 0.000000000000000000, 0.000000000000000000, 1.000000000000000000 ) ) ;
#10 = VERTEX_POINT ( 'NONE', #314 ) ;
#11 = DIRECTION ( 'NONE',  ( 0.000000000000000000, 1.000000000000000000, 0.000000000000000000 ) ) ;
#12 = CARTESIAN_POINT ( 'NONE',  ( -3.264635279283073288, -8.500000000000000000, -15.99999999999987921 ) ) ;
#13 = ORIENTED_EDGE ( 'NONE', *, *, #636, .T. ) ;
#14 = AXIS2_PLACEMENT_3D ( 'NONE', #3254, #1617, #2733 ) ;
#15 = ADVANCED_FACE ( 'NONE', ( #2743 ), #1110, .F. ) ;
#16 = ORIENTED_EDGE ( 'NONE', *, *, #3262, .T. ) ;
#17 = DIRECTION ( 'NONE',  ( -0.000000000000000000, 1.000000000000000000, -0.000000000000000000 ) ) ;
#18 = VECTOR ( 'NONE', #2351, 1000.000000000000000 ) ;
#19 = CARTESIAN_POINT ( 'NONE',  ( -23.09401076758504345, 1.500000000000000000, 1.612646152681311659E-13 ) ) ;
#20 = DIRECTION ( 'NONE',  ( 0.000000000000000000, 1.000000000000000000, -0.000000000000000000 ) ) ;
#21 = ORIENTED_EDGE ( 'NONE', *, *, #3385, .T. ) ;
#22 = CIRCLE ( 'NONE', #2820, 1.000000000000000888 ) ;
#23 = VERTEX_POINT ( 'NONE', #1658 ) ;
#24 = AXIS2_PLACEMENT_3D ( 'NONE', #2367, #3378, #916 ) ;
#25 = ADVANCED_FACE ( 'NONE', ( #2762 ), #279, .F. ) ;
#26 = EDGE_LOOP ( 'NONE', ( #2819, #426, #1032, #1729 ) ) ;
#27 = AXIS2_PLACEMENT_3D ( 'NONE', #1012, #2930, #3469 ) ;
#28 = DIRECTION ( 'NONE',  ( 0.000000000000000000, 0.000000000000000000, 1.000000000000000000 ) ) ;
#29 = DIRECTION ( 'NONE',  ( -0.000000000000000000, 1.000000000000000000, -0.000000000000000000 ) ) ;
#30 = AXIS2_PLACEMENT_3D ( 'NONE', #3173, #2860, #709 ) ;
#31 = DIRECTION ( 'NONE',  ( -0.000000000000000000, 1.000000000000000000, -0.000000000000000000 ) ) ;
#32 = ORIENTED_EDGE ( 'NONE', *, *, #129, .T. ) ;
#33 = CARTESIAN_POINT ( 'NONE',  ( 8.750000000000005329, 1.500000000000000000, 15.15544456622768088 ) ) ;
#34 = CARTESIAN_POINT ( 'NONE',  ( 6.834676493307208389, 1.500000000000000000, 3.088235294117648522 ) ) ;
#35 = CIRCLE ( 'NONE', #570, 1.250000000000001110 ) ;
#36 = DIRECTION ( 'NONE',  ( 0.000000000000000000, 0.000000000000000000, -1.000000000000000000 ) ) ;
#37 = ORIENTED_EDGE ( 'NONE', *, *, #1498, .F. ) ;
#38 = VECTOR ( 'NONE', #1688, 1000.000000000000114 ) ;
#39 = ORIENTED_EDGE ( 'NONE', *, *, #3315, .F. ) ;
#40 = DIRECTION ( 'NONE',  ( 0.000000000000000000, 0.000000000000000000, -1.000000000000000000 ) ) ;
#41 = DIRECTION ( 'NONE',  ( 0.000000000000000000, 0.000000000000000000, 1.000000000000000000 ) ) ;
#42 = AXIS2_PLACEMENT_3D ( 'NONE', #2630, #994, #1303 ) ;
#43 = DIRECTION ( 'NONE',  ( 0.4999999999999999445, 0.000000000000000000, -0.8660254037844385966 ) ) ;
#44 = CARTESIAN_POINT ( 'NONE',  ( 4.431305835112030245, -8.500000000000000000, 12.67524685028481990 ) ) ;
#45 = ORIENTED_EDGE ( 'NONE', *, *, #3579, .T. ) ;
#46 = AXIS2_PLACEMENT_3D ( 'NONE', #2881, #3181, #1526 ) ;
#47 = VERTEX_POINT ( 'NONE', #1126 ) ;
#48 = CARTESIAN_POINT ( 'NONE',  ( 13.96882180821688202, 1.500000000000000000, 2.869369369369367373 ) ) ;
#49 = EDGE_CURVE ( 'NONE', #460, #3187, #846, .T. ) ;
#50 = EDGE_LOOP ( 'NONE', ( #1932, #1389, #1146, #620 ) ) ;
#51 = DIRECTION ( 'NONE',  ( -0.000000000000000000, 1.000000000000000000, -0.000000000000000000 ) ) ;
#52 = CYLINDRICAL_SURFACE ( 'NONE', #1857, 1.249999999999999334 ) ;
#53 = CARTESIAN_POINT ( 'NONE',  ( -4.000000000000000000, -1.500000000000000000, 1.800000000000000044 ) ) ;
#54 = ORIENTED_EDGE ( 'NONE', *, *, #2557, .T. ) ;
#55 = CARTESIAN_POINT ( 'NONE',  ( 13.19273868914365799, 1.500000000000000000, -2.500000000000000444 ) ) ;
#56 = FACE_OUTER_BOUND ( 'NONE', #159, .T. ) ;
#57 = EDGE_CURVE ( 'NONE', #353, #1051, #2064, .T. ) ;
#58 = LINE ( 'NONE', #2970, #2443 ) ;
#59 = ORIENTED_EDGE ( 'NONE', *, *, #1953, .F. ) ;
#60 = ORIENTED_EDGE ( 'NONE', *, *, #290, .T. ) ;
#61 = CARTESIAN_POINT ( 'NONE',  ( 15.85111615421192255, -1.499999999999999556, 4.240717163770654885 ) ) ;
#62 = DIRECTION ( 'NONE',  ( 0.000000000000000000, 0.000000000000000000, 1.000000000000000000 ) ) ;
#63 = DIRECTION ( 'NONE',  ( 0.000000000000000000, 0.000000000000000000, 1.000000000000000000 ) ) ;
#64 = EDGE_CURVE ( 'NONE', #3329, #23, #2469, .T. ) ;
#65 = ORIENTED_EDGE ( 'NONE', *, *, #1713, .T. ) ;
#66 = ORIENTED_EDGE ( 'NONE', *, *, #514, .F. ) ;
#67 = CYLINDRICAL_SURFACE ( 'NONE', #406, 1.249999999999999334 ) ;
#68 = CARTESIAN_POINT ( 'NONE',  ( 6.091828464221856088, -8.500000000000000000, -4.374885822795427259 ) ) ;
#69 = EDGE_CURVE ( 'NONE', #531, #622, #2707, .T. ) ;
#70 = CARTESIAN_POINT ( 'NONE',  ( 15.85111615421192255, 1.500000000000000000, 4.240717163770653997 ) ) ;
#71 = CARTESIAN_POINT ( 'NONE',  ( -12.22408882090951288, -1.499999999999999556, 10.82725708595003411 ) ) ;
#72 = FACE_BOUND ( 'NONE', #1980, .T. ) ;
#73 = CARTESIAN_POINT ( 'NONE',  ( -4.000000000000000000, -1.500000000000000000, 0.000000000000000000 ) ) ;
#74 = CARTESIAN_POINT ( 'NONE',  ( 7.745966692414836707, -1.499999999999999556, -2.500000000000000000 ) ) ;
#75 = DIRECTION ( 'NONE',  ( -0.000000000000000000, 1.000000000000000000, -0.000000000000000000 ) ) ;
#76 = CYLINDRICAL_SURFACE ( 'NONE', #2610, 0.9999999999999974465 ) ;
#77 = EDGE_LOOP ( 'NONE', ( #1114, #1981, #1849, #941 ) ) ;
#78 = EDGE_CURVE ( 'NONE', #2354, #1264, #858, .T. ) ;
#79 = ORIENTED_EDGE ( 'NONE', *, *, #2716, .F. ) ;
#80 = DIRECTION ( 'NONE',  ( 0.000000000000000000, 0.000000000000000000, 1.000000000000000000 ) ) ;
#81 = CARTESIAN_POINT ( 'NONE',  ( 17.50000000000001421, -1.500000000000000000, 4.853321584273757548E-15 ) ) ;
#82 = AXIS2_PLACEMENT_3D ( 'NONE', #211, #1860, #481 ) ;
#83 = LINE ( 'NONE', #2562, #2941 ) ;
#84 = ORIENTED_EDGE ( 'NONE', *, *, #344, .T. ) ;
#85 = ADVANCED_FACE ( 'NONE', ( #2006 ), #1275, .F. ) ;
#86 = EDGE_LOOP ( 'NONE', ( #603, #1061, #2239, #3005 ) ) ;
#87 = AXIS2_PLACEMENT_3D ( 'NONE', #1654, #2207, #1106 ) ;
#88 = DIRECTION ( 'NONE',  ( 0.000000000000000000, 0.000000000000000000, 1.000000000000000000 ) ) ;
#89 = AXIS2_PLACEMENT_3D ( 'NONE', #1025, #2118, #162 ) ;
#90 = CYLINDRICAL_SURFACE ( 'NONE', #1784, 7.500000000000001776 ) ;
#91 = AXIS2_PLACEMENT_3D ( 'NONE', #2988, #1634, #509 ) ;
#92 = PLANE ( 'NONE',  #3013 ) ;
#93 = FACE_OUTER_BOUND ( 'NONE', #1848, .T. ) ;
#94 = AXIS2_PLACEMENT_3D ( 'NONE', #558, #1666, #2769 ) ;
#95 = DIRECTION ( 'NONE',  ( -0.000000000000000000, -1.000000000000000000, 0.000000000000000000 ) ) ;
#96 = CARTESIAN_POINT ( 'NONE',  ( -13.96882180821685360, -1.499999999999999556, -2.869369369369372258 ) ) ;
#97 = CIRCLE ( 'NONE', #1387, 0.9999999999999991118 ) ;
#98 = CARTESIAN_POINT ( 'NONE',  ( 11.54700538379275621, 1.500000000000000000, 19.99999999999987566 ) ) ;
#99 = CARTESIAN_POINT ( 'NONE',  ( 3.264635279283078617, 1.500000000000000000, -15.99999999999987921 ) ) ;
#100 = ORIENTED_EDGE ( 'NONE', *, *, #3296, .T. ) ;
#101 = ORIENTED_EDGE ( 'NONE', *, *, #1183, .T. ) ;
#102 = EDGE_LOOP ( 'NONE', ( #1319, #2062, #1609, #2137, #1404, #1089 ) ) ;
#103 = AXIS2_PLACEMENT_3D ( 'NONE', #2298, #2575, #3078 ) ;
#104 = CARTESIAN_POINT ( 'NONE',  ( 17.50000000000001421, 1.500000000000000000, -1.249999999999996447 ) ) ;
#105 = AXIS2_PLACEMENT_3D ( 'NONE', #3326, #1104, #887 ) ;
#106 = APPLICATION_CONTEXT ( 'automotive_design' ) ;
#107 = DIRECTION ( 'NONE',  ( 0.000000000000000000, 1.000000000000000000, -0.000000000000000000 ) ) ;
#108 = ORIENTED_EDGE ( 'NONE', *, *, #892, .F. ) ;
#109 = ORIENTED_EDGE ( 'NONE', *, *, #870, .T. ) ;
#110 = PRODUCT ( 'plate', 'plate', '', ( #3267 ) ) ;
#111 = ADVANCED_FACE ( 'NONE', ( #1201 ), #2032, .F. ) ;
#112 = CARTESIAN_POINT ( 'NONE',  ( -11.59812687119602792, -1.499999999999999556, -11.60711068600008922 ) ) ;
#113 = AXIS2_PLACEMENT_3D ( 'NONE', #3218, #2091, #3441 ) ;
#114 = LINE ( 'NONE', #1743, #214 ) ;
#115 = CIRCLE ( 'NONE', #2963, 7.500000000000001776 ) ;
#116 = DIRECTION ( 'NONE',  ( -0.000000000000000000, 1.000000000000000000, -0.000000000000000000 ) ) ;
#117 = CARTESIAN_POINT ( 'NONE',  ( -4.252989283015924826, -1.499999999999999556, 15.84782784977072367 ) ) ;
#118 = FACE_OUTER_BOUND ( 'NONE', #348, .T. ) ;
#119 = LINE ( 'NONE', #1245, #708 ) ;
#120 = DIRECTION ( 'NONE',  ( -0.000000000000000000, 1.000000000000000000, -0.000000000000000000 ) ) ;
#121 = ORIENTED_EDGE ( 'NONE', *, *, #1816, .F. ) ;
#122 = EDGE_LOOP ( 'NONE', ( #121, #2616, #526, #160 ) ) ;
#123 = EDGE_CURVE ( 'NONE', #1490, #1349, #114, .T. ) ;
#124 = DIRECTION ( 'NONE',  ( 0.000000000000000000, 0.000000000000000000, 1.000000000000000000 ) ) ;
#125 = CARTESIAN_POINT ( 'NONE',  ( -9.184850993605148438E-17, -8.500000000000000000, 1.742924699575454705E-16 ) ) ;
#126 = ORIENTED_EDGE ( 'NONE', *, *, #1660, .T. ) ;
#127 = ORIENTED_EDGE ( 'NONE', *, *, #2295, .F. ) ;
#128 = DIRECTION ( 'NONE',  ( 0.000000000000000000, 0.000000000000000000, 1.000000000000000000 ) ) ;
#129 = EDGE_CURVE ( 'NONE', #47, #2119, #1764, .T. ) ;
#130 = EDGE_CURVE ( 'NONE', #1920, #2689, #3160, .T. ) ;
#131 = DIRECTION ( 'NONE',  ( 0.000000000000000000, 1.000000000000000000, 0.000000000000000000 ) ) ;
#132 = CARTESIAN_POINT ( 'NONE',  ( -9.627458257820350696, 1.500000000000000000, 9.675246850288658607 ) ) ;
#133 = DIRECTION ( 'NONE',  ( 0.000000000000000000, 0.000000000000000000, 1.000000000000000000 ) ) ;
#134 = EDGE_CURVE ( 'NONE', #465, #2811, #2327, .T. ) ;
#135 = DIRECTION ( 'NONE',  ( -0.000000000000000000, 1.000000000000000000, -0.000000000000000000 ) ) ;
#136 = LINE ( 'NONE', #380, #3048 ) ;
#137 = CARTESIAN_POINT ( 'NONE',  ( -14.72243186433539108, -8.500000000000000000, -8.500000000000115463 ) ) ;
#138 = CARTESIAN_POINT ( 'NONE',  ( 4.499464137392734209, -8.500000000000000000, -13.53203923154092259 ) ) ;
#139 = EDGE_LOOP ( 'NONE', ( #1161, #3310, #1690, #161 ) ) ;
#140 = ORIENTED_EDGE ( 'NONE', *, *, #668, .F. ) ;
#141 = ORIENTED_EDGE ( 'NONE', *, *, #2740, .F. ) ;
#142 = CARTESIAN_POINT ( 'NONE',  ( 2.165063509459046021, -1.500000000000000000, 1.249999999998814948 ) ) ;
#143 = FACE_OUTER_BOUND ( 'NONE', #2888, .T. ) ;
#144 = EDGE_CURVE ( 'NONE', #3186, #1547, #932, .T. ) ;
#145 = CYLINDRICAL_SURFACE ( 'NONE', #1331, 1.250000000000001110 ) ;
#146 = ORIENTED_EDGE ( 'NONE', *, *, #3587, .T. ) ;
#147 = VERTEX_POINT ( 'NONE', #1800 ) ;
#148 = LINE ( 'NONE', #3517, #1863 ) ;
#149 = CARTESIAN_POINT ( 'NONE',  ( 9.627458257820959986, 1.500000000000000000, 9.675246850288791833 ) ) ;
#150 = AXIS2_PLACEMENT_3D ( 'NONE', #1585, #2685, #554 ) ;
#151 = CARTESIAN_POINT ( 'NONE',  ( -14.72243186433539108, -1.500000000000000000, -8.500000000000115463 ) ) ;
#152 = CARTESIAN_POINT ( 'NONE',  ( 7.745966692414836707, -1.499999999999999556, -3.500000000000000888 ) ) ;
#153 = AXIS2_PLACEMENT_3D ( 'NONE', #3103, #2917, #133 ) ;
#154 = DIRECTION ( 'NONE',  ( 0.000000000000000000, 1.000000000000000000, 0.000000000000000000 ) ) ;
#155 = EDGE_CURVE ( 'NONE', #1196, #332, #376, .T. ) ;
#156 = CARTESIAN_POINT ( 'NONE',  ( 16.35474950397700056, -1.499999999999999556, 5.672742914049922369 ) ) ;
#157 = CARTESIAN_POINT ( 'NONE',  ( 6.834676493307208389, -1.499999999999999556, 3.088235294117648522 ) ) ;
#158 = VECTOR ( 'NONE', #2499, 1000.000000000000000 ) ;
#159 = EDGE_LOOP ( 'NONE', ( #2852, #1813, #1080, #405 ) ) ;
#160 = ORIENTED_EDGE ( 'NONE', *, *, #3165, .F. ) ;
#161 = ORIENTED_EDGE ( 'NONE', *, *, #1086, .F. ) ;
#162 = DIRECTION ( 'NONE',  ( 0.000000000000000000, 0.000000000000000000, 1.000000000000000000 ) ) ;
#163 = CARTESIAN_POINT ( 'NONE',  ( -4.000000000000000000, -1.500000000000000000, 0.000000000000000000 ) ) ;
#164 = EDGE_CURVE ( 'NONE', #1379, #2339, #2843, .T. ) ;
#165 = CARTESIAN_POINT ( 'NONE',  ( -4.000000000000000000, 1.500000000000000000, 3.000000000000000000 ) ) ;
#166 = ORIENTED_EDGE ( 'NONE', *, *, #3018, .T. ) ;
#167 = AXIS2_PLACEMENT_3D ( 'NONE', #1356, #1594, #2140 ) ;
#168 = VERTEX_POINT ( 'NONE', #2641 ) ;
#169 = CARTESIAN_POINT ( 'NONE',  ( -4.499464137392565455, -8.500000000000000000, -13.53203923154135246 ) ) ;
#170 = ORIENTED_EDGE ( 'NONE', *, *, #977, .T. ) ;
#171 = AXIS2_PLACEMENT_3D ( 'NONE', #345, #1456, #1188 ) ;
#172 = DIRECTION ( 'NONE',  ( 0.000000000000000000, 0.000000000000000000, -1.000000000000000000 ) ) ;
#173 = VECTOR ( 'NONE', #3071, 1000.000000000000000 ) ;
#174 = CARTESIAN_POINT ( 'NONE',  ( -4.499464137392565455, 1.500000000000000000, -13.53203923154135246 ) ) ;
#175 = DIRECTION ( 'NONE',  ( 0.000000000000000000, 0.000000000000000000, 1.000000000000000000 ) ) ;
#176 = ORIENTED_EDGE ( 'NONE', *, *, #3194, .F. ) ;
#177 = ORIENTED_EDGE ( 'NONE', *, *, #471, .F. ) ;
#178 = EDGE_LOOP ( 'NONE', ( #2545, #733 ) ) ;
#179 = EDGE_CURVE ( 'NONE', #1415, #2810, #2049, .T. ) ;
#180 = EDGE_CURVE ( 'NONE', #2423, #1920, #431, .T. ) ;
#181 = DIRECTION ( 'NONE',  ( 0.000000000000000000, 0.000000000000000000, 1.000000000000000000 ) ) ;
#182 = DIRECTION ( 'NONE',  ( 0.000000000000000000, 0.000000000000000000, 1.000000000000000000 ) ) ;
#183 = ORIENTED_EDGE ( 'NONE', *, *, #1192, .T. ) ;
#184 = ADVANCED_FACE ( 'NONE', ( #3450 ), #90, .T. ) ;
#185 = ORIENTED_EDGE ( 'NONE', *, *, #1789, .T. ) ;
#186 = ADVANCED_BREP_SHAPE_REPRESENTATION ( 'plate', ( #1423, #1174 ), #767 ) ;
#187 = FACE_OUTER_BOUND ( 'NONE', #891, .T. ) ;
#188 = EDGE_CURVE ( 'NONE', #3245, #1293, #3096, .T. ) ;
#189 = EDGE_LOOP ( 'NONE', ( #1788, #2081, #1974, #2660 ) ) ;
#190 = DIRECTION ( 'NONE',  ( 0.000000000000000000, 0.000000000000000000, 1.000000000000000000 ) ) ;
#191 = CARTESIAN_POINT ( 'NONE',  ( -23.09401076758504345, 1.500000000000000000, 1.612646152681311659E-13 ) ) ;
#192 = FACE_BOUND ( 'NONE', #1633, .T. ) ;
#193 = CARTESIAN_POINT ( 'NONE',  ( 8.750000000000007105, -8.500000000000000000, -15.15544456622769331 ) ) ;
#194 = LINE ( 'NONE', #1531, #2661 ) ;
#195 = CARTESIAN_POINT ( 'NONE',  ( -7.745966692414836707, -8.500000000000000000, -2.499999999999999556 ) ) ;
#196 = ORIENTED_EDGE ( 'NONE', *, *, #1718, .T. ) ;
#197 = ORIENTED_EDGE ( 'NONE', *, *, #408, .T. ) ;
#198 = ORIENTED_EDGE ( 'NONE', *, *, #636, .F. ) ;
#199 = DIRECTION ( 'NONE',  ( 0.000000000000000000, 0.000000000000000000, 1.000000000000000000 ) ) ;
#200 = ORIENTED_EDGE ( 'NONE', *, *, #2668, .T. ) ;
#201 = LINE ( 'NONE', #2101, #2717 ) ;
#202 = CARTESIAN_POINT ( 'NONE',  ( 16.35474950397707161, 1.500000000000000000, -5.672742914049951679 ) ) ;
#203 = ORIENTED_EDGE ( 'NONE', *, *, #3234, .F. ) ;
#204 = EDGE_CURVE ( 'NONE', #2002, #2129, #537, .T. ) ;
#205 = AXIS2_PLACEMENT_3D ( 'NONE', #2347, #1240, #3437 ) ;
#206 = CARTESIAN_POINT ( 'NONE',  ( 4.252989283015859101, 1.500000000000000000, -15.84782784977065795 ) ) ;
#207 = AXIS2_PLACEMENT_3D ( 'NONE', #273, #3043, #257 ) ;
#208 = CARTESIAN_POINT ( 'NONE',  ( -6.834676493307209277, -8.500000000000000000, 3.088235294117645857 ) ) ;
#209 = EDGE_CURVE ( 'NONE', #3250, #979, #2987, .T. ) ;
#210 = DIRECTION ( 'NONE',  ( 0.000000000000000000, 0.000000000000000000, 1.000000000000000000 ) ) ;
#211 = CARTESIAN_POINT ( 'NONE',  ( 0.000000000000000000, -1.500000000000000000, 0.000000000000000000 ) ) ;
#212 = ORIENTED_EDGE ( 'NONE', *, *, #973, .T. ) ;
#213 = CIRCLE ( 'NONE', #2374, 1.250000000000001110 ) ;
#214 = VECTOR ( 'NONE', #2084, 1000.000000000000000 ) ;
#215 = EDGE_CURVE ( 'NONE', #2427, #2767, #2406, .T. ) ;
#216 = VECTOR ( 'NONE', #3360, 1000.000000000000000 ) ;
#217 = DIRECTION ( 'NONE',  ( 0.000000000000000000, 1.000000000000000000, -0.000000000000000000 ) ) ;
#218 = VERTEX_POINT ( 'NONE', #525 ) ;
#219 = VERTEX_POINT ( 'NONE', #2149 ) ;
#220 = CARTESIAN_POINT ( 'NONE',  ( 3.264635279283078617, -8.500000000000000000, -15.99999999999987921 ) ) ;
#221 = PLANE ( 'NONE',  #799 ) ;
#222 = ORIENTED_EDGE ( 'NONE', *, *, #3350, .T. ) ;
#223 = EDGE_CURVE ( 'NONE', #3501, #1458, #2464, .T. ) ;
#224 = VECTOR ( 'NONE', #2317, 1000.000000000000000 ) ;
#225 = EDGE_CURVE ( 'NONE', #2823, #717, #1015, .T. ) ;
#226 = AXIS2_PLACEMENT_3D ( 'NONE', #2375, #3189, #719 ) ;
#227 = ADVANCED_FACE ( 'NONE', ( #231 ), #2420, .F. ) ;
#228 = CIRCLE ( 'NONE', #113, 0.9999999999999991118 ) ;
#229 = DIRECTION ( 'NONE',  ( 0.000000000000000000, 0.000000000000000000, 1.000000000000000000 ) ) ;
#230 = ADVANCED_FACE ( 'NONE', ( #1348 ), #3491, .T. ) ;
#231 = FACE_OUTER_BOUND ( 'NONE', #699, .T. ) ;
#232 = ORIENTED_EDGE ( 'NONE', *, *, #2000, .F. ) ;
#233 = AXIS2_PLACEMENT_3D ( 'NONE', #132, #728, #190 ) ;
#234 = DIRECTION ( 'NONE',  ( 0.000000000000000000, 0.000000000000000000, 1.000000000000000000 ) ) ;
#235 = EDGE_CURVE ( 'NONE', #2129, #3381, #2472, .T. ) ;
#236 = DIRECTION ( 'NONE',  ( 0.000000000000000000, 1.000000000000000000, 0.000000000000000000 ) ) ;
#237 = ORIENTED_EDGE ( 'NONE', *, *, #442, .F. ) ;
#238 = ADVANCED_FACE ( 'NONE', ( #2128 ), #784, .F. ) ;
#239 = EDGE_LOOP ( 'NONE', ( #127, #3498, #1755, #2701 ) ) ;
#240 = DIRECTION ( 'NONE',  ( 0.000000000000000000, 0.000000000000000000, 1.000000000000000000 ) ) ;
#241 = FACE_OUTER_BOUND ( 'NONE', #2234, .T. ) ;
#242 = ORIENTED_EDGE ( 'NONE', *, *, #823, .F. ) ;
#243 = ADVANCED_FACE ( 'NONE', ( #3270 ), #2452, .F. ) ;
#244 = ADVANCED_FACE ( 'NONE', ( #2936 ), #1334, .F. ) ;
#245 = FACE_OUTER_BOUND ( 'NONE', #139, .T. ) ;
#246 = CARTESIAN_POINT ( 'NONE',  ( -1.707919836748908349, -8.500000000000000000, 7.958203932499114508 ) ) ;
#247 = EDGE_CURVE ( 'NONE', #3149, #289, #1895, .T. ) ;
#248 = CARTESIAN_POINT ( 'NONE',  ( -6.834676493307208389, -1.499999999999999556, -3.088235294117646745 ) ) ;
#249 = ORIENTED_EDGE ( 'NONE', *, *, #49, .F. ) ;
#250 = DIRECTION ( 'NONE',  ( 0.5000000000000002220, -0.000000000000000000, 0.8660254037844384856 ) ) ;
#251 = LINE ( 'NONE', #286, #2441 ) ;
#252 = EDGE_CURVE ( 'NONE', #1293, #1068, #2181, .T. ) ;
#253 = VERTEX_POINT ( 'NONE', #1906 ) ;
#254 = ORIENTED_EDGE ( 'NONE', *, *, #1698, .T. ) ;
#255 = DIRECTION ( 'NONE',  ( -0.000000000000000000, -1.000000000000000000, -0.000000000000000000 ) ) ;
#256 = EDGE_CURVE ( 'NONE', #3073, #3186, #3039, .T. ) ;
#257 = DIRECTION ( 'NONE',  ( -1.000000000000000000, 0.000000000000000000, 0.000000000000000000 ) ) ;
#258 = EDGE_LOOP ( 'NONE', ( #555, #838, #3346, #2094, #2407, #2830 ) ) ;
#259 = ORIENTED_EDGE ( 'NONE', *, *, #1044, .F. ) ;
#260 = ADVANCED_FACE ( 'NONE', ( #1632 ), #1887, .F. ) ;
#261 = AXIS2_PLACEMENT_3D ( 'NONE', #2623, #131, #175 ) ;
#262 = CYLINDRICAL_SURFACE ( 'NONE', #2960, 4.549999999999997158 ) ;
#263 = DIRECTION ( 'NONE',  ( -0.000000000000000000, -1.000000000000000000, -0.000000000000000000 ) ) ;
#264 = EDGE_LOOP ( 'NONE', ( #1077, #2614, #3066, #3261 ) ) ;
#265 = CIRCLE ( 'NONE', #2880, 1.000000000000000888 ) ;
#266 = CARTESIAN_POINT ( 'NONE',  ( -13.09011422469395569, -8.500000000000000000, 11.32725708595003233 ) ) ;
#267 = CARTESIAN_POINT ( 'NONE',  ( 4.431305835112031133, -1.499999999999999556, 12.67524685028481990 ) ) ;
#268 = VECTOR ( 'NONE', #2318, 1000.000000000000000 ) ;
#269 = VERTEX_POINT ( 'NONE', #248 ) ;
#270 = EDGE_LOOP ( 'NONE', ( #878, #2218, #1870, #1462 ) ) ;
#271 = VECTOR ( 'NONE', #1591, 1000.000000000000000 ) ;
#272 = CARTESIAN_POINT ( 'NONE',  ( -15.48872410019255597, -8.500000000000000000, 5.172742914049913487 ) ) ;
#273 = CARTESIAN_POINT ( 'NONE',  ( 0.000000000000000000, -8.500000000000000000, -16.99999999999987921 ) ) ;
#274 = VECTOR ( 'NONE', #3257, 1000.000000000000000 ) ;
#275 = EDGE_LOOP ( 'NONE', ( #65, #366, #1776, #232 ) ) ;
#276 = CIRCLE ( 'NONE', #2999, 1.000000000000002665 ) ;
#277 = DIRECTION ( 'NONE',  ( -0.5000000000000001110, 0.000000000000000000, -0.8660254037844385966 ) ) ;
#278 = CIRCLE ( 'NONE', #869, 1.000000000000000888 ) ;
#279 = PLANE ( 'NONE',  #794 ) ;
#280 = ADVANCED_FACE ( 'NONE', ( #732 ), #2719, .F. ) ;
#281 = CARTESIAN_POINT ( 'NONE',  ( 8.750000000000005329, -1.500000000000000000, 15.15544456622768976 ) ) ;
#282 = CARTESIAN_POINT ( 'NONE',  ( -16.35474950397699700, 1.500000000000000000, 5.672742914049908158 ) ) ;
#283 = ORIENTED_EDGE ( 'NONE', *, *, #740, .F. ) ;
#284 = CIRCLE ( 'NONE', #1291, 1.000000000000002665 ) ;
#285 = CARTESIAN_POINT ( 'NONE',  ( -9.184850993605148438E-17, -1.499999999999999556, 1.742924699575454705E-16 ) ) ;
#286 = CARTESIAN_POINT ( 'NONE',  ( -4.000000000000000000, -1.500000000000000000, -3.000000000000000000 ) ) ;
#287 = CIRCLE ( 'NONE', #2334, 1.249999999999997558 ) ;
#288 = EDGE_CURVE ( 'NONE', #10, #501, #1373, .T. ) ;
#289 = VERTEX_POINT ( 'NONE', #3034 ) ;
#290 = EDGE_CURVE ( 'NONE', #147, #425, #552, .T. ) ;
#291 = ORIENTED_EDGE ( 'NONE', *, *, #3216, .F. ) ;
#292 = DIRECTION ( 'NONE',  ( 0.000000000000000000, 0.000000000000000000, 1.000000000000000000 ) ) ;
#293 = DIRECTION ( 'NONE',  ( -0.000000000000000000, 1.000000000000000000, -0.000000000000000000 ) ) ;
#294 = CIRCLE ( 'NONE', #1236, 1.249999999999999334 ) ;
#295 = DIRECTION ( 'NONE',  ( 1.000000000000000000, 0.000000000000000000, -1.051620219116008738E-14 ) ) ;
#296 = DIRECTION ( 'NONE',  ( -0.000000000000000000, 1.000000000000000000, -0.000000000000000000 ) ) ;
#297 = ORIENTED_EDGE ( 'NONE', *, *, #769, .T. ) ;
#298 = CARTESIAN_POINT ( 'NONE',  ( 6.123233995736766282E-16, -1.500000000000000000, -5.000000000000000000 ) ) ;
#299 = DIRECTION ( 'NONE',  ( 0.000000000000000000, 1.000000000000000000, 0.000000000000000000 ) ) ;
#300 = CARTESIAN_POINT ( 'NONE',  ( 0.000000000000000000, -1.500000000000000000, 0.000000000000000000 ) ) ;
#301 = DIRECTION ( 'NONE',  ( 0.4999999999999997224, 0.000000000000000000, -0.8660254037844387076 ) ) ;
#302 = DIRECTION ( 'NONE',  ( 0.000000000000000000, 0.000000000000000000, 1.000000000000000000 ) ) ;
#303 = VERTEX_POINT ( 'NONE', #1145 ) ;
#304 = DIRECTION ( 'NONE',  ( 0.000000000000000000, 0.000000000000000000, 1.000000000000000000 ) ) ;
#305 = DIRECTION ( 'NONE',  ( -0.000000000000000000, 1.000000000000000000, -0.000000000000000000 ) ) ;
#306 = ORIENTED_EDGE ( 'NONE', *, *, #1000, .F. ) ;
#307 = ORIENTED_EDGE ( 'NONE', *, *, #1991, .F. ) ;
#308 = DIRECTION ( 'NONE',  ( -0.000000000000000000, 1.000000000000000000, -0.000000000000000000 ) ) ;
#309 = DIRECTION ( 'NONE',  ( -0.000000000000000000, 1.000000000000000000, -0.000000000000000000 ) ) ;
#310 = CARTESIAN_POINT ( 'NONE',  ( -13.19273868914363312, 1.500000000000000000, -3.499999999999999556 ) ) ;
#311 = ORIENTED_EDGE ( 'NONE', *, *, #2995, .T. ) ;
#312 = VERTEX_POINT ( 'NONE', #1647 ) ;
#313 = EDGE_CURVE ( 'NONE', #2929, #3150, #1129, .T. ) ;
#314 = CARTESIAN_POINT ( 'NONE',  ( -8.750000000000053291, 1.500000000000000000, -13.90544456622765246 ) ) ;
#315 = ADVANCED_FACE ( 'NONE', ( #1451 ), #2513, .T. ) ;
#316 = DIRECTION ( 'NONE',  ( 0.000000000000000000, 1.000000000000000000, -0.000000000000000000 ) ) ;
#317 = CYLINDRICAL_SURFACE ( 'NONE', #1562, 4.550000000000001599 ) ;
#318 = CARTESIAN_POINT ( 'NONE',  ( 0.000000000000000000, 1.500000000000000000, 2.500000000000000444 ) ) ;
#319 = ORIENTED_EDGE ( 'NONE', *, *, #3512, .T. ) ;
#320 = CARTESIAN_POINT ( 'NONE',  ( -6.038046855666712176, 1.500000000000000000, -5.458203932501884736 ) ) ;
#321 = CLOSED_SHELL ( 'NONE', ( #370, #230, #2316, #2346, #3301, #227, #2957, #238, #3008, #1795, #15, #3166, #497, #2904, #2108, #851, #2494, #624, #3097, #3431, #280, #568, #1962, #2643, #2974, #2224, #1010, #2699, #2817, #243, #502, #812, #3059, #3174, #967, #2085, #427, #1922, #1689, #2393, #2629, #1559, #1364, #798, #2249, #2028, #2206, #2939, #1571, #1008, #832, #1528, #244, #1296, #1915, #3176, #1470, #4, #2693, #1545, #830, #1596, #1253, #315, #2382, #1681, #3129, #2574, #3364, #1469, #1043, #111, #3404, #521, #1985, #1197, #2505, #2796, #1482, #3212, #2945, #3285, #2075, #1422, #2841, #583, #1602, #184, #2178, #260, #1436, #25, #2401, #3248, #1124, #85, #1704, #2898, #2216, #724, #1109, #1820, #1741 ) ) ;
#322 = DIRECTION ( 'NONE',  ( 0.000000000000000000, 0.000000000000000000, 1.000000000000000000 ) ) ;
#323 = ORIENTED_EDGE ( 'NONE', *, *, #2355, .F. ) ;
#324 = AXIS2_PLACEMENT_3D ( 'NONE', #2985, #770, #3203 ) ;
#325 = VERTEX_POINT ( 'NONE', #3072 ) ;
#326 = DIRECTION ( 'NONE',  ( 0.000000000000000000, 0.000000000000000000, 1.000000000000000000 ) ) ;
#327 = AXIS2_PLACEMENT_3D ( 'NONE', #99, #2055, #676 ) ;
#328 = DIRECTION ( 'NONE',  ( 0.8660254037844387076, 0.000000000000000000, 0.5000000000000000000 ) ) ;
#329 = CARTESIAN_POINT ( 'NONE',  ( -3.565280431327402244, -1.499999999999999556, 13.17524685028541320 ) ) ;
#330 = ORIENTED_EDGE ( 'NONE', *, *, #839, .F. ) ;
#331 = VECTOR ( 'NONE', #3115, 1000.000000000000000 ) ;
#332 = VERTEX_POINT ( 'NONE', #282 ) ;
#333 = VECTOR ( 'NONE', #250, 1000.000000000000000 ) ;
#334 = EDGE_CURVE ( 'NONE', #2354, #1603, #796, .T. ) ;
#335 = VERTEX_POINT ( 'NONE', #834 ) ;
#336 = VECTOR ( 'NONE', #2640, 1000.000000000000227 ) ;
#337 = DIRECTION ( 'NONE',  ( 0.000000000000000000, 0.000000000000000000, 1.000000000000000000 ) ) ;
#338 = DIRECTION ( 'NONE',  ( 0.000000000000000000, 1.000000000000000000, -0.000000000000000000 ) ) ;
#339 = CYLINDRICAL_SURFACE ( 'NONE', #2581, 1.000000000000000888 ) ;
#340 = ORIENTED_EDGE ( 'NONE', *, *, #2866, .T. ) ;
#341 = EDGE_CURVE ( 'NONE', #979, #2922, #2250, .T. ) ;
#342 = CARTESIAN_POINT ( 'NONE',  ( -4.252989283015924826, -8.500000000000000000, 15.84782784977072367 ) ) ;
#343 = CYLINDRICAL_SURFACE ( 'NONE', #3167, 1.000000000000000888 ) ;
#344 = EDGE_CURVE ( 'NONE', #1123, #809, #1551, .T. ) ;
#345 = CARTESIAN_POINT ( 'NONE',  ( -17.50000000000000000, 1.500000000000000000, 1.769808360342463528E-14 ) ) ;
#346 = VERTEX_POINT ( 'NONE', #3318 ) ;
#347 = AXIS2_PLACEMENT_3D ( 'NONE', #900, #2867, #960 ) ;
#348 = EDGE_LOOP ( 'NONE', ( #1408, #1710, #3211, #3077 ) ) ;
#349 = CARTESIAN_POINT ( 'NONE',  ( 6.038046855670324398, 1.500000000000000000, 5.458203932496853206 ) ) ;
#350 = AXIS2_PLACEMENT_3D ( 'NONE', #1333, #1923, #2439 ) ;
#351 = CARTESIAN_POINT ( 'NONE',  ( -4.000000000000000000, 1.500000000000000000, -3.000000000000000000 ) ) ;
#352 = PLANE ( 'NONE',  #927 ) ;
#353 = VERTEX_POINT ( 'NONE', #1430 ) ;
#354 = VERTEX_POINT ( 'NONE', #1684 ) ;
#355 = DIRECTION ( 'NONE',  ( -0.000000000000000000, 1.000000000000000000, -0.000000000000000000 ) ) ;
#356 = DIRECTION ( 'NONE',  ( 0.000000000000000000, 0.000000000000000000, 1.000000000000000000 ) ) ;
#357 = DIRECTION ( 'NONE',  ( 0.000000000000000000, 1.000000000000000000, 0.000000000000000000 ) ) ;
#358 = LINE ( 'NONE', #2366, #386 ) ;
#359 = ORIENTED_EDGE ( 'NONE', *, *, #2687, .F. ) ;
#360 = CARTESIAN_POINT ( 'NONE',  ( -11.54700538379233699, -1.500000000000000000, 20.00000000000011724 ) ) ;
#361 = CYLINDRICAL_SURFACE ( 'NONE', #1794, 1.000000000000000444 ) ;
#362 = DIRECTION ( 'NONE',  ( 0.000000000000000000, 1.000000000000000000, 0.000000000000000000 ) ) ;
#363 = DIRECTION ( 'NONE',  ( 0.000000000000000000, 0.000000000000000000, 1.000000000000000000 ) ) ;
#364 = CARTESIAN_POINT ( 'NONE',  ( 16.35474950397707161, -8.500000000000000000, -5.672742914049951679 ) ) ;
#365 = ORIENTED_EDGE ( 'NONE', *, *, #3287, .T. ) ;
#366 = ORIENTED_EDGE ( 'NONE', *, *, #623, .T. ) ;
#367 = CARTESIAN_POINT ( 'NONE',  ( -13.19273868914363312, 1.500000000000000000, -2.499999999999999112 ) ) ;
#368 = CARTESIAN_POINT ( 'NONE',  ( 6.091828464221856088, -1.499999999999999556, -4.374885822795427259 ) ) ;
#369 = CARTESIAN_POINT ( 'NONE',  ( -6.038046855670033075, -8.500000000000000000, 5.458203932497262656 ) ) ;
#370 = ADVANCED_FACE ( 'NONE', ( #2530 ), #2766, .F. ) ;
#371 = LINE ( 'NONE', #1214, #632 ) ;
#372 = ORIENTED_EDGE ( 'NONE', *, *, #78, .T. ) ;
#373 = FACE_BOUND ( 'NONE', #1084, .T. ) ;
#374 = ORIENTED_EDGE ( 'NONE', *, *, #964, .F. ) ;
#375 = DIRECTION ( 'NONE',  ( 0.000000000000000000, 0.000000000000000000, -1.000000000000000000 ) ) ;
#376 = LINE ( 'NONE', #2363, #2368 ) ;
#377 = CARTESIAN_POINT ( 'NONE',  ( -9.184850993605148438E-17, 1.500000000000000000, 1.742924699575454705E-16 ) ) ;
#378 = CARTESIAN_POINT ( 'NONE',  ( -8.750000000000053291, 1.500000000000000000, -15.15544456622765246 ) ) ;
#379 = DIRECTION ( 'NONE',  ( -0.000000000000000000, 1.000000000000000000, -0.000000000000000000 ) ) ;
#380 = CARTESIAN_POINT ( 'NONE',  ( 15.85111615421192255, -8.500000000000000000, 4.240717163770653997 ) ) ;
#381 = CYLINDRICAL_SURFACE ( 'NONE', #643, 1.249999999999999334 ) ;
#382 = VERTEX_POINT ( 'NONE', #1168 ) ;
#383 = EDGE_LOOP ( 'NONE', ( #495, #661, #2061, #3095 ) ) ;
#384 = EDGE_CURVE ( 'NONE', #501, #814, #2229, .T. ) ;
#385 = CARTESIAN_POINT ( 'NONE',  ( 15.48872410019262880, -8.500000000000000000, -5.172742914049958785 ) ) ;
#386 = VECTOR ( 'NONE', #1204, 1000.000000000000000 ) ;
#387 = DIRECTION ( 'NONE',  ( 0.000000000000000000, 0.000000000000000000, 1.000000000000000000 ) ) ;
#388 = ORIENTED_EDGE ( 'NONE', *, *, #3202, .T. ) ;
#389 = VERTEX_POINT ( 'NONE', #3021 ) ;
#390 = AXIS2_PLACEMENT_3D ( 'NONE', #1343, #1388, #780 ) ;
#391 = DIRECTION ( 'NONE',  ( 0.000000000000000000, 0.000000000000000000, 1.000000000000000000 ) ) ;
#392 = CIRCLE ( 'NONE', #3221, 7.500000000000001776 ) ;
#393 = AXIS2_PLACEMENT_3D ( 'NONE', #953, #2380, #356 ) ;
#394 = DIRECTION ( 'NONE',  ( -1.000000000000000000, 0.000000000000000000, 0.000000000000000000 ) ) ;
#395 = AXIS2_PLACEMENT_3D ( 'NONE', #597, #3341, #2807 ) ;
#396 = DIRECTION ( 'NONE',  ( -0.000000000000000000, 1.000000000000000000, -0.000000000000000000 ) ) ;
#397 = DIRECTION ( 'NONE',  ( 0.000000000000000000, 1.000000000000000000, 0.000000000000000000 ) ) ;
#398 = EDGE_CURVE ( 'NONE', #717, #1492, #503, .T. ) ;
#399 = CARTESIAN_POINT ( 'NONE',  ( -1.707919836748908349, -1.499999999999999556, 7.958203932499114508 ) ) ;
#400 = LINE ( 'NONE', #2013, #510 ) ;
#401 = FACE_OUTER_BOUND ( 'NONE', #2003, .T. ) ;
#402 = AXIS2_PLACEMENT_3D ( 'NONE', #2115, #467, #1575 ) ;
#403 = CARTESIAN_POINT ( 'NONE',  ( -7.745966692414836707, -1.499999999999999556, 3.500000000000001776 ) ) ;
#404 = ORIENTED_EDGE ( 'NONE', *, *, #2506, .T. ) ;
#405 = ORIENTED_EDGE ( 'NONE', *, *, #408, .F. ) ;
#406 = AXIS2_PLACEMENT_3D ( 'NONE', #650, #2063, #375 ) ;
#407 = CARTESIAN_POINT ( 'NONE',  ( -7.745966692414836707, -8.500000000000000000, -3.500000000000000000 ) ) ;
#408 = EDGE_CURVE ( 'NONE', #1311, #1003, #1488, .T. ) ;
#409 = CIRCLE ( 'NONE', #1448, 1.249999999999999334 ) ;
#410 = ORIENTED_EDGE ( 'NONE', *, *, #591, .F. ) ;
#411 = ORIENTED_EDGE ( 'NONE', *, *, #3387, .T. ) ;
#412 = CIRCLE ( 'NONE', #3417, 1.000000000000000444 ) ;
#413 = CYLINDRICAL_SURFACE ( 'NONE', #3050, 1.000000000000000888 ) ;
#414 = DIRECTION ( 'NONE',  ( -0.000000000000000000, 1.000000000000000000, -0.000000000000000000 ) ) ;
#415 = DIRECTION ( 'NONE',  ( 0.000000000000000000, 0.000000000000000000, 1.000000000000000000 ) ) ;
#416 = DIRECTION ( 'NONE',  ( -0.000000000000000000, -1.000000000000000000, -0.000000000000000000 ) ) ;
#417 = CARTESIAN_POINT ( 'NONE',  ( 11.54700538379275621, -1.500000000000000000, 19.99999999999987566 ) ) ;
#418 = CARTESIAN_POINT ( 'NONE',  ( 2.165063509463538871, -8.500000000000000000, -1.250000000001410649 ) ) ;
#419 = DIRECTION ( 'NONE',  ( 0.000000000000000000, 0.000000000000000000, 1.000000000000000000 ) ) ;
#420 = DIRECTION ( 'NONE',  ( -0.8660254037844347108, 0.000000000000000000, -0.5000000000000067724 ) ) ;
#421 = EDGE_CURVE ( 'NONE', #3164, #2929, #852, .T. ) ;
#422 = ORIENTED_EDGE ( 'NONE', *, *, #1273, .F. ) ;
#423 = ORIENTED_EDGE ( 'NONE', *, *, #3124, .F. ) ;
#424 = DIRECTION ( 'NONE',  ( 0.000000000000000000, 0.000000000000000000, 1.000000000000000000 ) ) ;
#425 = VERTEX_POINT ( 'NONE', #1724 ) ;
#426 = ORIENTED_EDGE ( 'NONE', *, *, #2295, .T. ) ;
#427 = ADVANCED_FACE ( 'NONE', ( #2822 ), #339, .F. ) ;
#428 = CARTESIAN_POINT ( 'NONE',  ( -16.35474950397701832, -1.499999999999999556, -5.672742914049964114 ) ) ;
#429 = CARTESIAN_POINT ( 'NONE',  ( -23.09401076758504345, -1.500000000000000000, 1.612646152681311659E-13 ) ) ;
#430 = DIRECTION ( 'NONE',  ( 0.000000000000000000, 1.000000000000000000, -0.000000000000000000 ) ) ;
#431 = LINE ( 'NONE', #3177, #2525 ) ;
#432 = EDGE_CURVE ( 'NONE', #2573, #2223, #1378, .T. ) ;
#433 = FACE_OUTER_BOUND ( 'NONE', #1978, .T. ) ;
#434 = CARTESIAN_POINT ( 'NONE',  ( -11.54700538379233699, 1.500000000000000000, 20.00000000000011724 ) ) ;
#435 = PRODUCT_DEFINITION_SHAPE ( 'NONE', 'NONE',  #3372 ) ;
#436 = VERTEX_POINT ( 'NONE', #53 ) ;
#437 = VERTEX_POINT ( 'NONE', #974 ) ;
#438 = VERTEX_POINT ( 'NONE', #1243 ) ;
#439 = LINE ( 'NONE', #3322, #2839 ) ;
#440 = DIRECTION ( 'NONE',  ( 0.000000000000000000, 0.000000000000000000, 1.000000000000000000 ) ) ;
#441 = ORIENTED_EDGE ( 'NONE', *, *, #204, .T. ) ;
#442 = EDGE_CURVE ( 'NONE', #2759, #2114, #1039, .T. ) ;
#443 = ORIENTED_EDGE ( 'NONE', *, *, #998, .F. ) ;
#444 = AXIS2_PLACEMENT_3D ( 'NONE', #2211, #2801, #1720 ) ;
#445 = DIRECTION ( 'NONE',  ( -0.4999999999999949485, 0.000000000000000000, 0.8660254037844415942 ) ) ;
#446 = AXIS2_PLACEMENT_3D ( 'NONE', #574, #3568, #1113 ) ;
#447 = ORIENTED_EDGE ( 'NONE', *, *, #578, .F. ) ;
#448 = DIRECTION ( 'NONE',  ( 0.000000000000000000, 0.000000000000000000, 1.000000000000000000 ) ) ;
#449 = AXIS2_PLACEMENT_3D ( 'NONE', #1316, #454, #1280 ) ;
#450 = CARTESIAN_POINT ( 'NONE',  ( -0.7428480290812981002, -8.500000000000000000, -7.463121116911479724 ) ) ;
#451 = DIRECTION ( 'NONE',  ( 0.000000000000000000, 0.000000000000000000, 1.000000000000000000 ) ) ;
#452 = EDGE_CURVE ( 'NONE', #312, #3271, #358, .T. ) ;
#453 = EDGE_CURVE ( 'NONE', #1365, #436, #3140, .T. ) ;
#454 = DIRECTION ( 'NONE',  ( 0.000000000000000000, 1.000000000000000000, -0.000000000000000000 ) ) ;
#455 = CIRCLE ( 'NONE', #1212, 0.9999999999999991118 ) ;
#456 = FACE_OUTER_BOUND ( 'NONE', #483, .T. ) ;
#457 = CIRCLE ( 'NONE', #3560, 1.000000000000001776 ) ;
#458 = CARTESIAN_POINT ( 'NONE',  ( -9.184850993605148438E-17, -1.499999999999999556, 1.742924699575454705E-16 ) ) ;
#459 = ORIENTED_EDGE ( 'NONE', *, *, #845, .T. ) ;
#460 = VERTEX_POINT ( 'NONE', #117 ) ;
#461 = DIRECTION ( 'NONE',  ( -0.4999999999999996669, 0.000000000000000000, 0.8660254037844388186 ) ) ;
#462 = AXIS2_PLACEMENT_3D ( 'NONE', #1509, #695, #419 ) ;
#463 = CARTESIAN_POINT ( 'NONE',  ( -4.431305835111842839, -8.500000000000000000, 12.67524685028541676 ) ) ;
#464 = DIRECTION ( 'NONE',  ( 0.000000000000000000, 1.000000000000000000, 0.000000000000000000 ) ) ;
#465 = VERTEX_POINT ( 'NONE', #936 ) ;
#466 = AXIS2_PLACEMENT_3D ( 'NONE', #2503, #308, #1965 ) ;
#467 = DIRECTION ( 'NONE',  ( -0.000000000000000000, 1.000000000000000000, -0.000000000000000000 ) ) ;
#468 = EDGE_LOOP ( 'NONE', ( #3045, #1232, #949, #882 ) ) ;
#469 = CIRCLE ( 'NONE', #1446, 0.9999999999999991118 ) ;
#470 = DIRECTION ( 'NONE',  ( 0.000000000000000000, 0.000000000000000000, 1.000000000000000000 ) ) ;
#471 = EDGE_CURVE ( 'NONE', #785, #2949, #1767, .T. ) ;
#472 = VECTOR ( 'NONE', #1570, 1000.000000000000000 ) ;
#473 = ORIENTED_EDGE ( 'NONE', *, *, #1855, .T. ) ;
#474 = VECTOR ( 'NONE', #2167, 1000.000000000000000 ) ;
#475 = DIRECTION ( 'NONE',  ( 0.000000000000000000, 1.000000000000000000, 0.000000000000000000 ) ) ;
#476 = LINE ( 'NONE', #1835, #754 ) ;
#477 = CARTESIAN_POINT ( 'NONE',  ( -6.904072259451150551, 1.500000000000000000, -4.958203932501882960 ) ) ;
#478 = AXIS2_PLACEMENT_3D ( 'NONE', #1802, #1854, #415 ) ;
#479 = EDGE_CURVE ( 'NONE', #2650, #2160, #556, .T. ) ;
#480 = DIRECTION ( 'NONE',  ( -0.000000000000000000, 1.000000000000000000, -0.000000000000000000 ) ) ;
#481 = DIRECTION ( 'NONE',  ( 0.000000000000000000, 0.000000000000000000, 1.000000000000000000 ) ) ;
#482 = ORIENTED_EDGE ( 'NONE', *, *, #3399, .T. ) ;
#483 = EDGE_LOOP ( 'NONE', ( #2359, #2356, #2256, #177 ) ) ;
#484 = ORIENTED_EDGE ( 'NONE', *, *, #2691, .F. ) ;
#485 = CARTESIAN_POINT ( 'NONE',  ( 4.499464137394695307, -1.499999999999999556, 13.53203923153578714 ) ) ;
#486 = DIRECTION ( 'NONE',  ( 0.000000000000000000, 0.000000000000000000, 1.000000000000000000 ) ) ;
#487 = DIRECTION ( 'NONE',  ( 0.000000000000000000, 1.000000000000000000, 0.000000000000000000 ) ) ;
#488 = ORIENTED_EDGE ( 'NONE', *, *, #2435, .T. ) ;
#489 = ORIENTED_EDGE ( 'NONE', *, *, #2038, .T. ) ;
#490 = CARTESIAN_POINT ( 'NONE',  ( 7.745966692414836707, -8.500000000000000000, -2.500000000000000000 ) ) ;
#491 = EDGE_LOOP ( 'NONE', ( #1180, #562, #666, #1120 ) ) ;
#492 = CARTESIAN_POINT ( 'NONE',  ( 7.745966692414836707, -8.500000000000000000, 2.500000000000000444 ) ) ;
#493 = CARTESIAN_POINT ( 'NONE',  ( 8.750000000000003553, 1.500000000000000000, -15.15544456622767733 ) ) ;
#494 = DIRECTION ( 'NONE',  ( -0.000000000000000000, 1.000000000000000000, -0.000000000000000000 ) ) ;
#495 = ORIENTED_EDGE ( 'NONE', *, *, #3315, .T. ) ;
#496 = DIRECTION ( 'NONE',  ( 0.000000000000000000, 0.000000000000000000, 1.000000000000000000 ) ) ;
#497 = ADVANCED_FACE ( 'NONE', ( #3376 ), #2011, .F. ) ;
#498 = ORIENTED_EDGE ( 'NONE', *, *, #1238, .T. ) ;
#499 = CYLINDRICAL_SURFACE ( 'NONE', #2896, 1.000000000000001776 ) ;
#500 = CARTESIAN_POINT ( 'NONE',  ( 8.750000000000005329, 1.500000000000000000, 15.15544456622768976 ) ) ;
#501 = VERTEX_POINT ( 'NONE', #2587 ) ;
#502 = ADVANCED_FACE ( 'NONE', ( #93 ), #1226, .F. ) ;
#503 = CIRCLE ( 'NONE', #917, 1.000000000000000888 ) ;
#504 = AXIS2_PLACEMENT_3D ( 'NONE', #3422, #2883, #2609 ) ;
#505 = DIRECTION ( 'NONE',  ( 0.000000000000000000, 1.000000000000000000, -0.000000000000000000 ) ) ;
#506 = DIRECTION ( 'NONE',  ( 0.000000000000000000, 0.000000000000000000, 1.000000000000000000 ) ) ;
#507 = VERTEX_POINT ( 'NONE', #2051 ) ;
#508 = VECTOR ( 'NONE', #2814, 1000.000000000000000 ) ;
#509 = DIRECTION ( 'NONE',  ( 0.000000000000000000, 0.000000000000000000, 1.000000000000000000 ) ) ;
#510 = VECTOR ( 'NONE', #1508, 1000.000000000000000 ) ;
#511 = FACE_BOUND ( 'NONE', #721, .T. ) ;
#512 = ORIENTED_EDGE ( 'NONE', *, *, #3216, .T. ) ;
#513 = AXIS2_PLACEMENT_3D ( 'NONE', #1143, #338, #1450 ) ;
#514 = EDGE_CURVE ( 'NONE', #3040, #541, #3400, .T. ) ;
#515 = FACE_OUTER_BOUND ( 'NONE', #773, .T. ) ;
#516 = AXIS2_PLACEMENT_3D ( 'NONE', #2599, #1737, #968 ) ;
#517 = DIRECTION ( 'NONE',  ( -0.000000000000000000, 1.000000000000000000, -0.000000000000000000 ) ) ;
#518 = DIRECTION ( 'NONE',  ( 0.000000000000000000, 1.000000000000000000, 0.000000000000000000 ) ) ;
#519 = ORIENTED_EDGE ( 'NONE', *, *, #535, .F. ) ;
#520 = AXIS2_PLACEMENT_3D ( 'NONE', #3247, #2447, #3533 ) ;
#521 = ADVANCED_FACE ( 'NONE', ( #433 ), #2308, .T. ) ;
#522 = VECTOR ( 'NONE', #1615, 1000.000000000000000 ) ;
#523 = EDGE_CURVE ( 'NONE', #596, #1365, #1787, .T. ) ;
#524 = FACE_OUTER_BOUND ( 'NONE', #588, .T. ) ;
#525 = CARTESIAN_POINT ( 'NONE',  ( 8.750000000000003553, 1.500000000000000000, -13.90544456622767910 ) ) ;
#526 = ORIENTED_EDGE ( 'NONE', *, *, #398, .T. ) ;
#527 = AXIS2_PLACEMENT_3D ( 'NONE', #2288, #895, #3374 ) ;
#528 = LINE ( 'NONE', #2768, #990 ) ;
#529 = EDGE_CURVE ( 'NONE', #2114, #425, #3453, .T. ) ;
#530 = DIRECTION ( 'NONE',  ( -0.000000000000000000, 1.000000000000000000, -0.000000000000000000 ) ) ;
#531 = VERTEX_POINT ( 'NONE', #656 ) ;
#532 = VERTEX_POINT ( 'NONE', #3158 ) ;
#533 = CARTESIAN_POINT ( 'NONE',  ( -9.184850993605148438E-17, -1.499999999999999556, 7.500000000000001776 ) ) ;
#534 = DIRECTION ( 'NONE',  ( 0.8660254037844388186, 0.000000000000000000, 0.4999999999999997780 ) ) ;
#535 = EDGE_CURVE ( 'NONE', #738, #1829, #1555, .T. ) ;
#536 = ORIENTED_EDGE ( 'NONE', *, *, #2450, .T. ) ;
#537 = LINE ( 'NONE', #971, #2877 ) ;
#538 = FACE_OUTER_BOUND ( 'NONE', #275, .T. ) ;
#539 = CARTESIAN_POINT ( 'NONE',  ( 0.7428480290817266463, -1.499999999999999556, -7.463121116911437092 ) ) ;
#540 = DIRECTION ( 'NONE',  ( 0.000000000000000000, 0.000000000000000000, 1.000000000000000000 ) ) ;
#541 = VERTEX_POINT ( 'NONE', #417 ) ;
#542 = EDGE_CURVE ( 'NONE', #1458, #354, #1328, .T. ) ;
#543 = CYLINDRICAL_SURFACE ( 'NONE', #1557, 1.000000000000000888 ) ;
#544 = PLANE ( 'NONE',  #1668 ) ;
#545 = CARTESIAN_POINT ( 'NONE',  ( -13.96882180821687847, 1.500000000000000000, 2.869369369369367817 ) ) ;
#546 = ORIENTED_EDGE ( 'NONE', *, *, #479, .T. ) ;
#547 = CARTESIAN_POINT ( 'NONE',  ( 23.09401076758504701, 1.500000000000000000, 0.000000000000000000 ) ) ;
#548 = CARTESIAN_POINT ( 'NONE',  ( 6.123233995736766282E-16, -1.500000000000000000, -5.000000000000000000 ) ) ;
#549 = VERTEX_POINT ( 'NONE', #399 ) ;
#550 = CYLINDRICAL_SURFACE ( 'NONE', #3339, 4.550000000000001599 ) ;
#551 = CARTESIAN_POINT ( 'NONE',  ( -7.745966692414836707, -1.499999999999999556, -3.500000000000000000 ) ) ;
#552 = CIRCLE ( 'NONE', #848, 7.500000000000001776 ) ;
#553 = DIRECTION ( 'NONE',  ( -0.000000000000000000, 1.000000000000000000, -0.000000000000000000 ) ) ;
#554 = DIRECTION ( 'NONE',  ( 0.000000000000000000, 0.000000000000000000, 1.000000000000000000 ) ) ;
#555 = ORIENTED_EDGE ( 'NONE', *, *, #2955, .T. ) ;
#556 = CIRCLE ( 'NONE', #1271, 1.000000000000000222 ) ;
#557 = DIRECTION ( 'NONE',  ( -1.000000000000000000, 0.000000000000000000, 0.000000000000000000 ) ) ;
#558 = CARTESIAN_POINT ( 'NONE',  ( -9.184850993605148438E-17, 1.500000000000000000, 1.742924699575454705E-16 ) ) ;
#559 = CARTESIAN_POINT ( 'NONE',  ( 0.8418944329592915610, 1.500000000000000000, -8.458203932499628763 ) ) ;
#560 = CIRCLE ( 'NONE', #1659, 1.000000000000000888 ) ;
#561 = ORIENTED_EDGE ( 'NONE', *, *, #2879, .T. ) ;
#562 = ORIENTED_EDGE ( 'NONE', *, *, #3499, .F. ) ;
#563 = AXIS2_PLACEMENT_3D ( 'NONE', #1485, #937, #2036 ) ;
#564 = DIRECTION ( 'NONE',  ( 0.000000000000000000, 0.000000000000000000, 1.000000000000000000 ) ) ;
#565 = LINE ( 'NONE', #2176, #2755 ) ;
#566 = AXIS2_PLACEMENT_3D ( 'NONE', #1250, #1757, #616 ) ;
#567 = ORIENTED_EDGE ( 'NONE', *, *, #2578, .T. ) ;
#568 = ADVANCED_FACE ( 'NONE', ( #1527 ), #1507, .F. ) ;
#569 = LINE ( 'NONE', #3371, #2770 ) ;
#570 = AXIS2_PLACEMENT_3D ( 'NONE', #1556, #2657, #1297 ) ;
#571 = CARTESIAN_POINT ( 'NONE',  ( 17.50000000000001421, 1.500000000000000000, 4.853321584273757548E-15 ) ) ;
#572 = AXIS2_PLACEMENT_3D ( 'NONE', #3259, #3540, #2172 ) ;
#573 = CARTESIAN_POINT ( 'NONE',  ( -9.184850993605148438E-17, -1.499999999999999556, 1.742924699575454705E-16 ) ) ;
#574 = CARTESIAN_POINT ( 'NONE',  ( 12.22408882090955018, 1.500000000000000000, -10.82725708595013714 ) ) ;
#575 = ORIENTED_EDGE ( 'NONE', *, *, #2658, .T. ) ;
#576 = AXIS2_PLACEMENT_3D ( 'NONE', #644, #1758, #62 ) ;
#578 = EDGE_CURVE ( 'NONE', #2730, #2619, #2683, .T. ) ;
#577 = DIRECTION ( 'NONE',  ( -0.4999999999999995004, 0.000000000000000000, 0.8660254037844390407 ) ) ;
#579 = DIRECTION ( 'NONE',  ( 0.5000000000000068834, 0.000000000000000000, 0.8660254037844345998 ) ) ;
#580 = VECTOR ( 'NONE', #3490, 1000.000000000000000 ) ;
#581 = CYLINDRICAL_SURFACE ( 'NONE', #2950, 1.000000000000000888 ) ;
#582 = ORIENTED_EDGE ( 'NONE', *, *, #1713, .F. ) ;
#583 = ADVANCED_FACE ( 'NONE', ( #2932 ), #1561, .F. ) ;
#584 = DIRECTION ( 'NONE',  ( 1.000000000000000000, 0.000000000000000000, 0.000000000000000000 ) ) ;
#585 = CIRCLE ( 'NONE', #2675, 1.000000000000000444 ) ;
#586 = CARTESIAN_POINT ( 'NONE',  ( -11.54700538379233699, -1.500000000000000000, 20.00000000000011724 ) ) ;
#587 = DIRECTION ( 'NONE',  ( 0.000000000000000000, 0.000000000000000000, 1.000000000000000000 ) ) ;
#588 = EDGE_LOOP ( 'NONE', ( #2486, #3380, #459, #649 ) ) ;
#589 = EDGE_CURVE ( 'NONE', #1920, #1911, #3041, .T. ) ;
#590 = ORIENTED_EDGE ( 'NONE', *, *, #2735, .T. ) ;
#591 = EDGE_CURVE ( 'NONE', #640, #253, #1047, .T. ) ;
#592 = ORIENTED_EDGE ( 'NONE', *, *, #2647, .F. ) ;
#593 = CARTESIAN_POINT ( 'NONE',  ( 0.000000000000000000, 1.500000000000000000, 0.000000000000000000 ) ) ;
#594 = FACE_OUTER_BOUND ( 'NONE', #3135, .T. ) ;
#595 = DIRECTION ( 'NONE',  ( 0.000000000000000000, 1.000000000000000000, -0.000000000000000000 ) ) ;
#596 = VERTEX_POINT ( 'NONE', #2969 ) ;
#597 = CARTESIAN_POINT ( 'NONE',  ( 7.745966692414836707, 1.500000000000000000, 3.500000000000000888 ) ) ;
#598 = CARTESIAN_POINT ( 'NONE',  ( -15.48872410019258616, -1.499999999999999556, -5.172742914049957896 ) ) ;
#599 = VERTEX_POINT ( 'NONE', #2123 ) ;
#600 = ORIENTED_EDGE ( 'NONE', *, *, #1063, .T. ) ;
#601 = CARTESIAN_POINT ( 'NONE',  ( -13.09011422469395569, -1.499999999999999556, 11.32725708595003233 ) ) ;
#602 = DIRECTION ( 'NONE',  ( -0.5000000000000003331, 0.000000000000000000, -0.8660254037844383745 ) ) ;
#603 = ORIENTED_EDGE ( 'NONE', *, *, #179, .T. ) ;
#604 = ORIENTED_EDGE ( 'NONE', *, *, #823, .T. ) ;
#605 = EDGE_CURVE ( 'NONE', #2563, #2823, #265, .T. ) ;
#606 = ORIENTED_EDGE ( 'NONE', *, *, #3439, .F. ) ;
#607 = CARTESIAN_POINT ( 'NONE',  ( 17.50000000000001421, 1.500000000000000000, 1.250000000000005773 ) ) ;
#608 = DIRECTION ( 'NONE',  ( 0.000000000000000000, 1.000000000000000000, 0.000000000000000000 ) ) ;
#609 = DIRECTION ( 'NONE',  ( 0.000000000000000000, 0.000000000000000000, 1.000000000000000000 ) ) ;
#610 = ORIENTED_EDGE ( 'NONE', *, *, #668, .T. ) ;
#611 = LINE ( 'NONE', #1783, #216 ) ;
#612 = CARTESIAN_POINT ( 'NONE',  ( -15.48872410019258616, -8.500000000000000000, -5.172742914049957896 ) ) ;
#613 = ORIENTED_EDGE ( 'NONE', *, *, #1238, .F. ) ;
#614 = EDGE_LOOP ( 'NONE', ( #13, #2257, #3081, #737 ) ) ;
#615 = LINE ( 'NONE', #1474, #1672 ) ;
#616 = DIRECTION ( 'NONE',  ( 0.000000000000000000, 0.000000000000000000, 1.000000000000000000 ) ) ;
#617 = AXIS2_PLACEMENT_3D ( 'NONE', #3518, #518, #1627 ) ;
#618 = DIRECTION ( 'NONE',  ( 0.000000000000000000, 1.000000000000000000, -0.000000000000000000 ) ) ;
#619 = DIRECTION ( 'NONE',  ( 0.000000000000000000, 1.000000000000000000, 0.000000000000000000 ) ) ;
#620 = ORIENTED_EDGE ( 'NONE', *, *, #1427, .F. ) ;
#621 = CIRCLE ( 'NONE', #2477, 0.9999999999999991118 ) ;
#622 = VERTEX_POINT ( 'NONE', #2106 ) ;
#623 = EDGE_CURVE ( 'NONE', #2240, #1548, #2134, .T. ) ;
#624 = ADVANCED_FACE ( 'NONE', ( #1856 ), #3199, .F. ) ;
#625 = CARTESIAN_POINT ( 'NONE',  ( -6.904072259454470561, -8.500000000000000000, 4.958203932497259991 ) ) ;
#626 = AXIS2_PLACEMENT_3D ( 'NONE', #33, #2053, #674 ) ;
#627 = CARTESIAN_POINT ( 'NONE',  ( 8.750000000000007105, -8.500000000000000000, -15.15544456622769331 ) ) ;
#628 = DIRECTION ( 'NONE',  ( 0.000000000000000000, 1.000000000000000000, -0.000000000000000000 ) ) ;
#629 = AXIS2_PLACEMENT_3D ( 'NONE', #3403, #1823, #3106 ) ;
#630 = EDGE_CURVE ( 'NONE', #1884, #3150, #2145, .T. ) ;
#631 = CARTESIAN_POINT ( 'NONE',  ( -9.627458257813785281, 1.500000000000000000, -9.675246850287658518 ) ) ;
#632 = VECTOR ( 'NONE', #3410, 1000.000000000000000 ) ;
#633 = CARTESIAN_POINT ( 'NONE',  ( -3.199999999999999734, -1.500000000000000000, -2.399999999999999911 ) ) ;
#634 = EDGE_LOOP ( 'NONE', ( #2531, #978, #2572, #2399 ) ) ;
#635 = DIRECTION ( 'NONE',  ( -0.000000000000000000, 1.000000000000000000, -0.000000000000000000 ) ) ;
#636 = EDGE_CURVE ( 'NONE', #1102, #2354, #2697, .T. ) ;
#637 = DIRECTION ( 'NONE',  ( 0.000000000000000000, 1.000000000000000000, -0.000000000000000000 ) ) ;
#638 = ORIENTED_EDGE ( 'NONE', *, *, #1475, .F. ) ;
#639 = VECTOR ( 'NONE', #3406, 1000.000000000000227 ) ;
#640 = VERTEX_POINT ( 'NONE', #156 ) ;
#641 = EDGE_CURVE ( 'NONE', #2633, #2510, #1846, .T. ) ;
#642 = CARTESIAN_POINT ( 'NONE',  ( -13.09011422469395391, 1.499999999999999556, 11.32725708595003233 ) ) ;
#643 = AXIS2_PLACEMENT_3D ( 'NONE', #1727, #2292, #675 ) ;
#644 = CARTESIAN_POINT ( 'NONE',  ( 3.565280431325201338, 1.500000000000000000, -13.17524685029108156 ) ) ;
#645 = FACE_OUTER_BOUND ( 'NONE', #264, .T. ) ;
#646 = EDGE_LOOP ( 'NONE', ( #1021, #1305, #1186, #3414 ) ) ;
#647 = VECTOR ( 'NONE', #1429, 1000.000000000000000 ) ;
#648 = CARTESIAN_POINT ( 'NONE',  ( -3.565280431324996169, -1.499999999999999556, -13.17524685029160736 ) ) ;
#649 = ORIENTED_EDGE ( 'NONE', *, *, #3226, .F. ) ;
#650 = CARTESIAN_POINT ( 'NONE',  ( -8.749999999999996447, 1.500000000000000000, 15.15544456622769154 ) ) ;
#651 = EDGE_CURVE ( 'NONE', #2619, #1840, #761, .T. ) ;
#652 = DIRECTION ( 'NONE',  ( -0.000000000000000000, 1.000000000000000000, -0.000000000000000000 ) ) ;
#653 = DIRECTION ( 'NONE',  ( 0.000000000000000000, 0.000000000000000000, 1.000000000000000000 ) ) ;
#654 = EDGE_CURVE ( 'NONE', #47, #465, #2431, .T. ) ;
#655 = EDGE_CURVE ( 'NONE', #3511, #2926, #3554, .T. ) ;
#656 = CARTESIAN_POINT ( 'NONE',  ( 12.22408882090946136, -1.499999999999999556, 11.82725708595006076 ) ) ;
#657 = DIRECTION ( 'NONE',  ( 0.000000000000000000, 0.000000000000000000, 1.000000000000000000 ) ) ;
#658 = DIRECTION ( 'NONE',  ( 0.000000000000000000, 1.000000000000000000, 0.000000000000000000 ) ) ;
#659 = EDGE_CURVE ( 'NONE', #2799, #3209, #1726, .T. ) ;
#660 = ORIENTED_EDGE ( 'NONE', *, *, #1367, .F. ) ;
#661 = ORIENTED_EDGE ( 'NONE', *, *, #3194, .T. ) ;
#662 = CARTESIAN_POINT ( 'NONE',  ( -7.745966692414836707, -8.500000000000000000, 3.500000000000001776 ) ) ;
#663 = DIRECTION ( 'NONE',  ( 0.000000000000000000, 0.000000000000000000, 1.000000000000000000 ) ) ;
#664 = LINE ( 'NONE', #1216, #3509 ) ;
#665 = ORIENTED_EDGE ( 'NONE', *, *, #654, .T. ) ;
#666 = ORIENTED_EDGE ( 'NONE', *, *, #452, .T. ) ;
#667 = FACE_OUTER_BOUND ( 'NONE', #3028, .T. ) ;
#668 = EDGE_CURVE ( 'NONE', #269, #354, #2921, .T. ) ;
#669 = CARTESIAN_POINT ( 'NONE',  ( -14.72243186433539108, 1.500000000000000000, -8.500000000000115463 ) ) ;
#671 = CARTESIAN_POINT ( 'NONE',  ( -12.22408882090951288, -8.500000000000000000, 10.82725708595003411 ) ) ;
#670 = FACE_BOUND ( 'NONE', #1270, .T. ) ;
#672 = DIRECTION ( 'NONE',  ( -0.000000000000000000, 1.000000000000000000, -0.000000000000000000 ) ) ;
#673 = DIRECTION ( 'NONE',  ( -0.000000000000000000, -1.000000000000000000, -0.000000000000000000 ) ) ;
#674 = DIRECTION ( 'NONE',  ( 0.000000000000000000, 0.000000000000000000, 1.000000000000000000 ) ) ;
#675 = DIRECTION ( 'NONE',  ( 0.000000000000000000, 0.000000000000000000, -1.000000000000000000 ) ) ;
#676 = DIRECTION ( 'NONE',  ( 0.000000000000000000, 0.000000000000000000, 1.000000000000000000 ) ) ;
#677 = ORIENTED_EDGE ( 'NONE', *, *, #3519, .T. ) ;
#678 = ORIENTED_EDGE ( 'NONE', *, *, #2243, .T. ) ;
#679 = ORIENTED_EDGE ( 'NONE', *, *, #2542, .F. ) ;
#680 = EDGE_CURVE ( 'NONE', #868, #549, #1491, .T. ) ;
#681 = CARTESIAN_POINT ( 'NONE',  ( -12.22408882090944182, 1.500000000000000000, -10.82725708595006431 ) ) ;
#682 = VECTOR ( 'NONE', #1938, 1000.000000000000000 ) ;
#683 = ORIENTED_EDGE ( 'NONE', *, *, #1721, .T. ) ;
#684 = VERTEX_POINT ( 'NONE', #2592 ) ;
#685 = CARTESIAN_POINT ( 'NONE',  ( 0.000000000000000000, -1.500000000000000000, 5.000000000000000000 ) ) ;
#686 = AXIS2_PLACEMENT_3D ( 'NONE', #2567, #628, #2304 ) ;
#687 = DIRECTION ( 'NONE',  ( 0.000000000000000000, 1.000000000000000000, -0.000000000000000000 ) ) ;
#688 = EDGE_CURVE ( 'NONE', #1993, #1671, #2905, .T. ) ;
#689 = AXIS2_PLACEMENT_3D ( 'NONE', #3112, #3591, #41 ) ;
#690 = CARTESIAN_POINT ( 'NONE',  ( -4.000000000000000000, -1.500000000000000000, -1.800000000000000044 ) ) ;
#691 = DIRECTION ( 'NONE',  ( 0.000000000000000000, 1.000000000000000000, 0.000000000000000000 ) ) ;
#692 = CARTESIAN_POINT ( 'NONE',  ( 11.54700538379275621, 1.500000000000000000, 19.99999999999987566 ) ) ;
#693 = CIRCLE ( 'NONE', #2534, 1.000000000000000888 ) ;
#694 = CARTESIAN_POINT ( 'NONE',  ( 3.565280431327592758, -8.500000000000000000, 13.17524685028481990 ) ) ;
#695 = DIRECTION ( 'NONE',  ( -0.000000000000000000, 1.000000000000000000, -0.000000000000000000 ) ) ;
#696 = AXIS2_PLACEMENT_3D ( 'NONE', #2853, #1945, #40 ) ;
#697 = DIRECTION ( 'NONE',  ( 0.000000000000000000, 0.000000000000000000, 1.000000000000000000 ) ) ;
#698 = CARTESIAN_POINT ( 'NONE',  ( 8.750000000000003553, -1.500000000000000000, -13.90544456622767910 ) ) ;
#699 = EDGE_LOOP ( 'NONE', ( #3169, #489, #2973, #2173 ) ) ;
#700 = EDGE_CURVE ( 'NONE', #1655, #2012, #1899, .T. ) ;
#701 = ORIENTED_EDGE ( 'NONE', *, *, #2586, .T. ) ;
#702 = ORIENTED_EDGE ( 'NONE', *, *, #727, .T. ) ;
#703 = VECTOR ( 'NONE', #1272, 1000.000000000000000 ) ;
#704 = CARTESIAN_POINT ( 'NONE',  ( 13.09011422469399122, -8.500000000000000000, -11.32725708595013359 ) ) ;
#705 = VECTOR ( 'NONE', #1669, 1000.000000000000000 ) ;
#706 = ORIENTED_EDGE ( 'NONE', *, *, #973, .F. ) ;
#707 = ORIENTED_EDGE ( 'NONE', *, *, #64, .T. ) ;
#708 = VECTOR ( 'NONE', #1317, 1000.000000000000114 ) ;
#709 = DIRECTION ( 'NONE',  ( 0.000000000000000000, 0.000000000000000000, 1.000000000000000000 ) ) ;
#710 = AXIS2_PLACEMENT_3D ( 'NONE', #875, #3083, #337 ) ;
#711 = EDGE_CURVE ( 'NONE', #3116, #1911, #1753, .T. ) ;
#712 = DIRECTION ( 'NONE',  ( 0.000000000000000000, 1.000000000000000000, -0.000000000000000000 ) ) ;
#713 = DIRECTION ( 'NONE',  ( 0.000000000000000000, 1.000000000000000000, 0.000000000000000000 ) ) ;
#714 = CARTESIAN_POINT ( 'NONE',  ( 9.469357670826193285, -1.499999999999999556, 10.66266986216967361 ) ) ;
#715 = CARTESIAN_POINT ( 'NONE',  ( -8.749999999999996447, 1.500000000000000000, 16.40544456622768976 ) ) ;
#716 = DIRECTION ( 'NONE',  ( -0.000000000000000000, -1.000000000000000000, -0.000000000000000000 ) ) ;
#717 = VERTEX_POINT ( 'NONE', #2631 ) ;
#718 = ORIENTED_EDGE ( 'NONE', *, *, #155, .T. ) ;
#719 = DIRECTION ( 'NONE',  ( 0.000000000000000000, 0.000000000000000000, 1.000000000000000000 ) ) ;
#720 = DIRECTION ( 'NONE',  ( 0.000000000000000000, 1.000000000000000000, -0.000000000000000000 ) ) ;
#721 = EDGE_LOOP ( 'NONE', ( #1986, #2998 ) ) ;
#722 = ORIENTED_EDGE ( 'NONE', *, *, #2716, .T. ) ;
#723 = EDGE_CURVE ( 'NONE', #2772, #2656, #2613, .T. ) ;
#724 = ADVANCED_FACE ( 'NONE', ( #2071 ), #221, .F. ) ;
#725 = CARTESIAN_POINT ( 'NONE',  ( 0.000000000000000000, -1.500000000000000000, 2.500000000000001332 ) ) ;
#726 = ORIENTED_EDGE ( 'NONE', *, *, #1324, .F. ) ;
#727 = EDGE_CURVE ( 'NONE', #6, #3082, #1934, .T. ) ;
#728 = DIRECTION ( 'NONE',  ( 0.000000000000000000, 1.000000000000000000, -0.000000000000000000 ) ) ;
#729 = CARTESIAN_POINT ( 'NONE',  ( -8.761432854029347794, 1.500000000000000000, -10.17524685028766029 ) ) ;
#730 = CARTESIAN_POINT ( 'NONE',  ( -0.8418944329588047282, -1.499999999999999556, -8.458203932499678501 ) ) ;
#731 = LINE ( 'NONE', #434, #879 ) ;
#732 = FACE_OUTER_BOUND ( 'NONE', #3319, .T. ) ;
#733 = ORIENTED_EDGE ( 'NONE', *, *, #844, .F. ) ;
#734 = ORIENTED_EDGE ( 'NONE', *, *, #2200, .T. ) ;
#735 = DIRECTION ( 'NONE',  ( 0.4999999999999950040, 0.000000000000000000, -0.8660254037844414832 ) ) ;
#736 = CARTESIAN_POINT ( 'NONE',  ( -4.000000000000000000, 1.500000000000000000, 0.000000000000000000 ) ) ;
#737 = ORIENTED_EDGE ( 'NONE', *, *, #2488, .F. ) ;
#738 = VERTEX_POINT ( 'NONE', #1076 ) ;
#739 = DIRECTION ( 'NONE',  ( 0.000000000000000000, 1.000000000000000000, -0.000000000000000000 ) ) ;
#740 = EDGE_CURVE ( 'NONE', #1196, #2563, #565, .T. ) ;
#741 = VECTOR ( 'NONE', #3559, 1000.000000000000000 ) ;
#742 = ORIENTED_EDGE ( 'NONE', *, *, #700, .F. ) ;
#743 = CIRCLE ( 'NONE', #3330, 1.000000000000000888 ) ;
#744 = DIRECTION ( 'NONE',  ( -0.000000000000000000, 1.000000000000000000, -0.000000000000000000 ) ) ;
#745 = DIRECTION ( 'NONE',  ( -0.000000000000000000, -1.000000000000000000, -0.000000000000000000 ) ) ;
#746 = DIRECTION ( 'NONE',  ( 0.000000000000000000, 1.000000000000000000, 0.000000000000000000 ) ) ;
#747 = EDGE_CURVE ( 'NONE', #1987, #1458, #1947, .T. ) ;
#748 = VECTOR ( 'NONE', #577, 999.9999999999998863 ) ;
#749 = DIRECTION ( 'NONE',  ( 0.000000000000000000, 0.000000000000000000, -1.000000000000000000 ) ) ;
#750 = COLOUR_RGB ( '',0.7921568627450980005, 0.8196078431372548767, 0.9333333333333333481 ) ;
#751 = DIRECTION ( 'NONE',  ( 0.000000000000000000, 0.000000000000000000, -1.000000000000000000 ) ) ;
#752 = ORIENTED_EDGE ( 'NONE', *, *, #2434, .F. ) ;
#753 = ORIENTED_EDGE ( 'NONE', *, *, #1406, .T. ) ;
#754 = VECTOR ( 'NONE', #745, 1000.000000000000000 ) ;
#755 = DIRECTION ( 'NONE',  ( 0.000000000000000000, 0.000000000000000000, 1.000000000000000000 ) ) ;
#756 = FACE_OUTER_BOUND ( 'NONE', #270, .T. ) ;
#757 = ORIENTED_EDGE ( 'NONE', *, *, #2952, .T. ) ;
#758 = CIRCLE ( 'NONE', #1909, 1.000000000000000888 ) ;
#759 = CIRCLE ( 'NONE', #2541, 1.000000000000001776 ) ;
#760 = DIRECTION ( 'NONE',  ( 0.000000000000000000, 1.000000000000000000, -0.000000000000000000 ) ) ;
#761 = LINE ( 'NONE', #1918, #2242 ) ;
#762 = AXIS2_PLACEMENT_3D ( 'NONE', #163, #2652, #181 ) ;
#763 = VERTEX_POINT ( 'NONE', #548 ) ;
#764 = AXIS2_PLACEMENT_3D ( 'NONE', #800, #1393, #3269 ) ;
#765 = DIRECTION ( 'NONE',  ( 0.000000000000000000, 0.000000000000000000, 1.000000000000000000 ) ) ;
#766 = DIRECTION ( 'NONE',  ( -0.000000000000000000, 1.000000000000000000, -0.000000000000000000 ) ) ;
#767 =( GEOMETRIC_REPRESENTATION_CONTEXT ( 3 ) GLOBAL_UNCERTAINTY_ASSIGNED_CONTEXT ( ( #908 ) ) GLOBAL_UNIT_ASSIGNED_CONTEXT ( ( #2662, #2417, #2383 ) ) REPRESENTATION_CONTEXT ( 'NONE', 'WORKASPACE' ) );
#768 = CARTESIAN_POINT ( 'NONE',  ( 13.19273868914366687, -1.499999999999999556, 2.500000000000000444 ) ) ;
#769 = EDGE_CURVE ( 'NONE', #3117, #2688, #1403, .T. ) ;
#770 = DIRECTION ( 'NONE',  ( 0.000000000000000000, 1.000000000000000000, 0.000000000000000000 ) ) ;
#771 = ORIENTED_EDGE ( 'NONE', *, *, #523, .T. ) ;
#772 = EDGE_LOOP ( 'NONE', ( #2962, #677, #1153, #3208 ) ) ;
#773 = EDGE_LOOP ( 'NONE', ( #2600, #1169, #1677, #1814 ) ) ;
#774 = CARTESIAN_POINT ( 'NONE',  ( -16.35474950397701832, 1.500000000000000000, -5.672742914049964114 ) ) ;
#775 = EDGE_CURVE ( 'NONE', #3245, #873, #3312, .T. ) ;
#776 = ORIENTED_EDGE ( 'NONE', *, *, #2324, .F. ) ;
#777 = EDGE_LOOP ( 'NONE', ( #1036, #1939, #1692, #3094 ) ) ;
#778 = CYLINDRICAL_SURFACE ( 'NONE', #1569, 1.000000000000000888 ) ;
#779 = DIRECTION ( 'NONE',  ( 0.000000000000000000, 0.000000000000000000, 1.000000000000000000 ) ) ;
#780 = DIRECTION ( 'NONE',  ( 0.000000000000000000, 0.000000000000000000, 1.000000000000000000 ) ) ;
#781 = ORIENTED_EDGE ( 'NONE', *, *, #1955, .T. ) ;
#782 = FACE_OUTER_BOUND ( 'NONE', #2046, .T. ) ;
#783 = CARTESIAN_POINT ( 'NONE',  ( 11.59812687119604391, 1.500000000000000000, 11.60711068600008034 ) ) ;
#784 = CYLINDRICAL_SURFACE ( 'NONE', #1656, 1.250000000000001110 ) ;
#785 = VERTEX_POINT ( 'NONE', #2741 ) ;
#786 = DIRECTION ( 'NONE',  ( -0.000000000000000000, 1.000000000000000000, -0.000000000000000000 ) ) ;
#787 = FACE_BOUND ( 'NONE', #178, .T. ) ;
#788 = EDGE_LOOP ( 'NONE', ( #443, #3239 ) ) ;
#789 = ORIENTED_EDGE ( 'NONE', *, *, #2159, .T. ) ;
#790 = ORIENTED_EDGE ( 'NONE', *, *, #3124, .T. ) ;
#791 = CYLINDRICAL_SURFACE ( 'NONE', #2438, 1.000000000000002665 ) ;
#792 = DIRECTION ( 'NONE',  ( -0.000000000000000000, 1.000000000000000000, -0.000000000000000000 ) ) ;
#793 = EDGE_LOOP ( 'NONE', ( #1189, #3088 ) ) ;
#794 = AXIS2_PLACEMENT_3D ( 'NONE', #1392, #2495, #3582 ) ;
#795 = APPLICATION_PROTOCOL_DEFINITION ( 'draft international standard', 'automotive_design', 1998, #2751 ) ;
#796 = CIRCLE ( 'NONE', #1092, 1.000000000000000888 ) ;
#797 = EDGE_CURVE ( 'NONE', #218, #785, #3217, .T. ) ;
#798 = ADVANCED_FACE ( 'NONE', ( #3015 ), #2757, .F. ) ;
#799 = AXIS2_PLACEMENT_3D ( 'NONE', #3249, #534, #3030 ) ;
#800 = CARTESIAN_POINT ( 'NONE',  ( -17.50000000000000355, -8.500000000000000000, -1.655234598692008349E-14 ) ) ;
#801 = CARTESIAN_POINT ( 'NONE',  ( -17.50000000000000000, 1.500000000000000000, 1.769808360342463528E-14 ) ) ;
#802 = ORIENTED_EDGE ( 'NONE', *, *, #1667, .F. ) ;
#803 = VECTOR ( 'NONE', #2653, 1000.000000000000000 ) ;
#804 = DIRECTION ( 'NONE',  ( 0.000000000000000000, 0.000000000000000000, 1.000000000000000000 ) ) ;
#805 = CIRCLE ( 'NONE', #3283, 5.000000000000000000 ) ;
#806 = DIRECTION ( 'NONE',  ( 0.000000000000000000, 1.000000000000000000, -0.000000000000000000 ) ) ;
#807 = EDGE_CURVE ( 'NONE', #1312, #1567, #1371, .T. ) ;
#808 = ORIENTED_EDGE ( 'NONE', *, *, #2189, .T. ) ;
#809 = VERTEX_POINT ( 'NONE', #3580 ) ;
#810 = AXIS2_PLACEMENT_3D ( 'NONE', #2666, #3001, #1302 ) ;
#811 = CYLINDRICAL_SURFACE ( 'NONE', #3053, 0.9999999999999991118 ) ;
#812 = ADVANCED_FACE ( 'NONE', ( #828 ), #2164, .T. ) ;
#813 = CARTESIAN_POINT ( 'NONE',  ( 0.7428480290817266463, -8.500000000000000000, -7.463121116911437092 ) ) ;
#814 = VERTEX_POINT ( 'NONE', #2448 ) ;
#815 = AXIS2_PLACEMENT_3D ( 'NONE', #3092, #328, #43 ) ;
#816 = VECTOR ( 'NONE', #735, 1000.000000000000227 ) ;
#817 = VECTOR ( 'NONE', #3567, 1000.000000000000000 ) ;
#818 = CYLINDRICAL_SURFACE ( 'NONE', #350, 1.000000000000000888 ) ;
#819 = CARTESIAN_POINT ( 'NONE',  ( -13.19273868914363312, -1.499999999999999556, -3.499999999999999556 ) ) ;
#820 = VERTEX_POINT ( 'NONE', #2491 ) ;
#821 = CIRCLE ( 'NONE', #527, 4.550000000000002487 ) ;
#822 = CARTESIAN_POINT ( 'NONE',  ( -3.264635279283073288, 1.500000000000000000, -15.99999999999987921 ) ) ;
#823 = EDGE_CURVE ( 'NONE', #1499, #2339, #1950, .T. ) ;
#824 = FACE_BOUND ( 'NONE', #1532, .T. ) ;
#825 = ORIENTED_EDGE ( 'NONE', *, *, #2746, .T. ) ;
#826 = ORIENTED_EDGE ( 'NONE', *, *, #2668, .F. ) ;
#827 = CARTESIAN_POINT ( 'NONE',  ( 6.834676493307207501, 1.500000000000000000, -3.088235294117648078 ) ) ;
#828 = FACE_OUTER_BOUND ( 'NONE', #2859, .T. ) ;
#829 = ORIENTED_EDGE ( 'NONE', *, *, #2866, .F. ) ;
#830 = ADVANCED_FACE ( 'NONE', ( #3534 ), #1676, .F. ) ;
#831 = ORIENTED_EDGE ( 'NONE', *, *, #129, .F. ) ;
#832 = ADVANCED_FACE ( 'NONE', ( #241 ), #2710, .F. ) ;
#833 = DIRECTION ( 'NONE',  ( 0.000000000000000000, 0.000000000000000000, 1.000000000000000000 ) ) ;
#834 = CARTESIAN_POINT ( 'NONE',  ( -1.707919836743244657, 1.500000000000000000, -7.958203932499678501 ) ) ;
#835 = EDGE_LOOP ( 'NONE', ( #222, #3130 ) ) ;
#836 = DIRECTION ( 'NONE',  ( 0.000000000000000000, 1.000000000000000000, -0.000000000000000000 ) ) ;
#837 = FACE_BOUND ( 'NONE', #3508, .T. ) ;
#838 = ORIENTED_EDGE ( 'NONE', *, *, #1646, .T. ) ;
#839 = EDGE_CURVE ( 'NONE', #3082, #2111, #22, .T. ) ;
#840 = ORIENTED_EDGE ( 'NONE', *, *, #2370, .F. ) ;
#841 = DIRECTION ( 'NONE',  ( 0.5000000000000008882, 0.000000000000000000, 0.8660254037844381525 ) ) ;
#842 = DIRECTION ( 'NONE',  ( 0.000000000000000000, 0.000000000000000000, 1.000000000000000000 ) ) ;
#843 = ORIENTED_EDGE ( 'NONE', *, *, #1953, .T. ) ;
#844 = EDGE_CURVE ( 'NONE', #168, #2271, #2076, .T. ) ;
#845 = EDGE_CURVE ( 'NONE', #1068, #1375, #743, .T. ) ;
#846 = CIRCLE ( 'NONE', #1549, 4.550000000000001599 ) ;
#847 = ORIENTED_EDGE ( 'NONE', *, *, #3419, .F. ) ;
#848 = AXIS2_PLACEMENT_3D ( 'NONE', #2195, #877, #9 ) ;
#849 = FACE_OUTER_BOUND ( 'NONE', #2620, .T. ) ;
#850 = FACE_BOUND ( 'NONE', #2678, .T. ) ;
#851 = ADVANCED_FACE ( 'NONE', ( #2299 ), #352, .F. ) ;
#852 = LINE ( 'NONE', #1662, #1843 ) ;
#853 = ORIENTED_EDGE ( 'NONE', *, *, #1330, .F. ) ;
#854 = VECTOR ( 'NONE', #296, 1000.000000000000000 ) ;
#855 = CARTESIAN_POINT ( 'NONE',  ( 8.750000000000007105, -1.499999999999999556, -15.15544456622769331 ) ) ;
#856 = CARTESIAN_POINT ( 'NONE',  ( 14.72243186433544970, -1.500000000000000000, 8.499999999999994671 ) ) ;
#857 = AXIS2_PLACEMENT_3D ( 'NONE', #3485, #430, #2103 ) ;
#858 = CIRCLE ( 'NONE', #1792, 4.549999999999997158 ) ;
#859 = ORIENTED_EDGE ( 'NONE', *, *, #807, .T. ) ;
#860 = ORIENTED_EDGE ( 'NONE', *, *, #845, .F. ) ;
#861 = CARTESIAN_POINT ( 'NONE',  ( 9.627458257814346609, 1.500000000000000000, -9.675246850287742006 ) ) ;
#862 = FILL_AREA_STYLE_COLOUR ( '', #750 ) ;
#863 = VECTOR ( 'NONE', #2555, 1000.000000000000000 ) ;
#864 = DIRECTION ( 'NONE',  ( -0.000000000000000000, 1.000000000000000000, -0.000000000000000000 ) ) ;
#865 = CARTESIAN_POINT ( 'NONE',  ( 11.54700538379247732, 1.500000000000000000, -20.00000000000004263 ) ) ;
#866 = ORIENTED_EDGE ( 'NONE', *, *, #957, .F. ) ;
#867 = VECTOR ( 'NONE', #3489, 1000.000000000000227 ) ;
#868 = VERTEX_POINT ( 'NONE', #2597 ) ;
#869 = AXIS2_PLACEMENT_3D ( 'NONE', #2236, #1731, #80 ) ;
#870 = EDGE_CURVE ( 'NONE', #532, #425, #2884, .T. ) ;
#871 = CARTESIAN_POINT ( 'NONE',  ( -4.499464137394546981, -8.500000000000000000, 13.53203923153626853 ) ) ;
#872 = VECTOR ( 'NONE', #255, 1000.000000000000000 ) ;
#873 = VERTEX_POINT ( 'NONE', #3367 ) ;
#874 = AXIS2_PLACEMENT_3D ( 'NONE', #2635, #2690, #199 ) ;
#875 = CARTESIAN_POINT ( 'NONE',  ( -8.749999999999998224, 1.500000000000000000, -15.15544456622769509 ) ) ;
#876 = FACE_OUTER_BOUND ( 'NONE', #1321, .T. ) ;
#877 = DIRECTION ( 'NONE',  ( 0.000000000000000000, 1.000000000000000000, -0.000000000000000000 ) ) ;
#878 = ORIENTED_EDGE ( 'NONE', *, *, #1355, .T. ) ;
#879 = VECTOR ( 'NONE', #2903, 1000.000000000000000 ) ;
#880 = DIRECTION ( 'NONE',  ( 0.4999999999999996669, 0.000000000000000000, -0.8660254037844388186 ) ) ;
#881 = CIRCLE ( 'NONE', #2551, 7.500000000000003553 ) ;
#882 = ORIENTED_EDGE ( 'NONE', *, *, #384, .F. ) ;
#883 = ORIENTED_EDGE ( 'NONE', *, *, #398, .F. ) ;
#884 = DIRECTION ( 'NONE',  ( -0.000000000000000000, 1.000000000000000000, -0.000000000000000000 ) ) ;
#885 = DIRECTION ( 'NONE',  ( -0.000000000000000000, 1.000000000000000000, -0.000000000000000000 ) ) ;
#886 = EDGE_CURVE ( 'NONE', #907, #2650, #2138, .T. ) ;
#887 = DIRECTION ( 'NONE',  ( 8.673617379884031528E-16, 0.000000000000000000, 1.000000000000000000 ) ) ;
#888 = CARTESIAN_POINT ( 'NONE',  ( 4.252989283015859101, -1.499999999999999556, -15.84782784977065795 ) ) ;
#889 = EDGE_CURVE ( 'NONE', #1349, #1447, #1715, .T. ) ;
#890 = ORIENTED_EDGE ( 'NONE', *, *, #453, .T. ) ;
#891 = EDGE_LOOP ( 'NONE', ( #2152, #126, #1263, #2428 ) ) ;
#892 = EDGE_CURVE ( 'NONE', #1603, #532, #3388, .T. ) ;
#893 = ORIENTED_EDGE ( 'NONE', *, *, #7, .F. ) ;
#894 = EDGE_CURVE ( 'NONE', #2502, #1264, #560, .T. ) ;
#895 = DIRECTION ( 'NONE',  ( 0.000000000000000000, 1.000000000000000000, 0.000000000000000000 ) ) ;
#896 = CARTESIAN_POINT ( 'NONE',  ( -6.038046855666712176, -8.500000000000000000, -5.458203932501884736 ) ) ;
#897 = VERTEX_POINT ( 'NONE', #3093 ) ;
#898 = CARTESIAN_POINT ( 'NONE',  ( 13.19273868914365799, -1.499999999999999556, -2.500000000000000444 ) ) ;
#899 = FACE_OUTER_BOUND ( 'NONE', #2116, .T. ) ;
#900 = CARTESIAN_POINT ( 'NONE',  ( 0.000000000000000000, -1.500000000000000000, 0.000000000000000000 ) ) ;
#901 = EDGE_CURVE ( 'NONE', #2688, #2502, #664, .T. ) ;
#902 = VERTEX_POINT ( 'NONE', #1775 ) ;
#903 = ORIENTED_EDGE ( 'NONE', *, *, #2808, .F. ) ;
#904 = PRESENTATION_STYLE_ASSIGNMENT (( #2277 ) ) ;
#905 = DIRECTION ( 'NONE',  ( 0.000000000000000000, 1.000000000000000000, -0.000000000000000000 ) ) ;
#906 = DIRECTION ( 'NONE',  ( -0.5000000000000001110, 0.000000000000000000, -0.8660254037844385966 ) ) ;
#907 = VERTEX_POINT ( 'NONE', #1477 ) ;
#908 = UNCERTAINTY_MEASURE_WITH_UNIT (LENGTH_MEASURE( 1.000000000000000082E-05 ), #2662, 'distance_accuracy_value', 'NONE');
#909 = EDGE_LOOP ( 'NONE', ( #2681, #323, #2344, #2025 ) ) ;
#910 = CARTESIAN_POINT ( 'NONE',  ( -11.59812687119602792, 1.500000000000000000, -11.60711068600008922 ) ) ;
#911 = PLANE ( 'NONE',  #2005 ) ;
#912 = DIRECTION ( 'NONE',  ( 0.8660254037844347108, 0.000000000000000000, -0.5000000000000068834 ) ) ;
#913 = LINE ( 'NONE', #2804, #1220 ) ;
#914 = EDGE_CURVE ( 'NONE', #2906, #1603, #1969, .T. ) ;
#915 = ORIENTED_EDGE ( 'NONE', *, *, #1719, .T. ) ;
#916 = DIRECTION ( 'NONE',  ( 0.000000000000000000, 0.000000000000000000, 1.000000000000000000 ) ) ;
#917 = AXIS2_PLACEMENT_3D ( 'NONE', #3358, #2788, #302 ) ;
#918 = CARTESIAN_POINT ( 'NONE',  ( -15.85111615421191544, 1.500000000000000000, 4.240717163770646891 ) ) ;
#919 = EDGE_LOOP ( 'NONE', ( #1957, #3377, #2263, #1055 ) ) ;
#920 = ORIENTED_EDGE ( 'NONE', *, *, #3449, .F. ) ;
#921 = CARTESIAN_POINT ( 'NONE',  ( 0.000000000000000000, -1.500000000000000000, 16.99999999999996803 ) ) ;
#922 = CYLINDRICAL_SURFACE ( 'NONE', #933, 1.000000000000000444 ) ;
#923 = AXIS2_PLACEMENT_3D ( 'NONE', #2418, #2953, #2385 ) ;
#924 = LINE ( 'NONE', #1178, #999 ) ;
#925 = CARTESIAN_POINT ( 'NONE',  ( 0.000000000000000000, 1.500000000000000000, 0.000000000000000000 ) ) ;
#926 = ORIENTED_EDGE ( 'NONE', *, *, #651, .F. ) ;
#927 = AXIS2_PLACEMENT_3D ( 'NONE', #1734, #2797, #2543 ) ;
#928 = EDGE_LOOP ( 'NONE', ( #1772, #3434, #926, #3363 ) ) ;
#929 = EDGE_CURVE ( 'NONE', #1809, #325, #1728, .T. ) ;
#930 = LINE ( 'NONE', #685, #2086 ) ;
#931 = AXIS2_PLACEMENT_3D ( 'NONE', #285, #1131, #2722 ) ;
#932 = LINE ( 'NONE', #1541, #1207 ) ;
#933 = AXIS2_PLACEMENT_3D ( 'NONE', #662, #1712, #326 ) ;
#934 = CARTESIAN_POINT ( 'NONE',  ( -8.761432854035911433, -8.500000000000000000, 10.17524685028866038 ) ) ;
#935 = AXIS2_PLACEMENT_3D ( 'NONE', #2897, #1255, #3370 ) ;
#936 = CARTESIAN_POINT ( 'NONE',  ( -13.09011422469387753, 1.500000000000000000, -11.32725708595006964 ) ) ;
#937 = DIRECTION ( 'NONE',  ( 0.000000000000000000, 1.000000000000000000, 0.000000000000000000 ) ) ;
#938 = CARTESIAN_POINT ( 'NONE',  ( -9.184850993605148438E-17, 1.500000000000000000, 1.742924699575454705E-16 ) ) ;
#939 = ORIENTED_EDGE ( 'NONE', *, *, #2827, .T. ) ;
#940 = AXIS2_PLACEMENT_3D ( 'NONE', #1132, #2752, #2501 ) ;
#941 = ORIENTED_EDGE ( 'NONE', *, *, #2894, .F. ) ;
#942 = EDGE_CURVE ( 'NONE', #1825, #3492, #83, .T. ) ;
#943 = AXIS2_PLACEMENT_3D ( 'NONE', #1752, #1785, #36 ) ;
#944 = DIRECTION ( 'NONE',  ( 0.000000000000000000, 1.000000000000000000, -0.000000000000000000 ) ) ;
#945 = DIRECTION ( 'NONE',  ( 0.000000000000000000, 1.000000000000000000, 0.000000000000000000 ) ) ;
#946 = DIRECTION ( 'NONE',  ( 0.000000000000000000, 0.000000000000000000, 1.000000000000000000 ) ) ;
#947 = ORIENTED_EDGE ( 'NONE', *, *, #2033, .F. ) ;
#948 = AXIS2_PLACEMENT_3D ( 'NONE', #2569, #2307, #653 ) ;
#949 = ORIENTED_EDGE ( 'NONE', *, *, #2802, .F. ) ;
#950 = DIRECTION ( 'NONE',  ( -0.000000000000000000, 1.000000000000000000, -0.000000000000000000 ) ) ;
#951 = CARTESIAN_POINT ( 'NONE',  ( 7.745966692414836707, -1.499999999999999556, 2.500000000000000444 ) ) ;
#952 = EDGE_CURVE ( 'NONE', #3309, #1196, #621, .T. ) ;
#953 = CARTESIAN_POINT ( 'NONE',  ( 12.22408882090946136, -1.499999999999999556, 10.82725708595005720 ) ) ;
#954 = DIRECTION ( 'NONE',  ( 0.000000000000000000, 1.000000000000000000, -0.000000000000000000 ) ) ;
#955 = DIRECTION ( 'NONE',  ( -0.4999999999999994449, 0.000000000000000000, 0.8660254037844389297 ) ) ;
#956 = CARTESIAN_POINT ( 'NONE',  ( 0.8418944329649671321, -1.499999999999999556, 8.458203932499065658 ) ) ;
#957 = EDGE_CURVE ( 'NONE', #2730, #3225, #1496, .T. ) ;
#958 = DIRECTION ( 'NONE',  ( 0.000000000000000000, 0.000000000000000000, 1.000000000000000000 ) ) ;
#959 = LINE ( 'NONE', #1750, #2432 ) ;
#960 = DIRECTION ( 'NONE',  ( 0.000000000000000000, 0.000000000000000000, 1.000000000000000000 ) ) ;
#961 = ORIENTED_EDGE ( 'NONE', *, *, #3226, .T. ) ;
#962 = EDGE_LOOP ( 'NONE', ( #254, #1017, #1537, #638 ) ) ;
#963 = LINE ( 'NONE', #2279, #2546 ) ;
#964 = EDGE_CURVE ( 'NONE', #3329, #1987, #1380, .T. ) ;
#965 = CARTESIAN_POINT ( 'NONE',  ( -13.19273868914363312, -1.499999999999999556, -2.499999999999999112 ) ) ;
#966 = ORIENTED_EDGE ( 'NONE', *, *, #1019, .T. ) ;
#967 = ADVANCED_FACE ( 'NONE', ( #645 ), #3062, .F. ) ;
#968 = DIRECTION ( 'NONE',  ( 0.000000000000000000, 0.000000000000000000, 1.000000000000000000 ) ) ;
#969 = EDGE_LOOP ( 'NONE', ( #701, #1497, #2537, #1951 ) ) ;
#970 = CARTESIAN_POINT ( 'NONE',  ( 3.565280431325201338, -8.500000000000000000, -13.17524685029108156 ) ) ;
#971 = CARTESIAN_POINT ( 'NONE',  ( 13.96882180821688202, -8.500000000000000000, 2.869369369369367373 ) ) ;
#972 = DIRECTION ( 'NONE',  ( 0.000000000000000000, 0.000000000000000000, 1.000000000000000000 ) ) ;
#973 = EDGE_CURVE ( 'NONE', #1209, #814, #1952, .T. ) ;
#974 = CARTESIAN_POINT ( 'NONE',  ( -9.469357670820309991, -1.499999999999999556, -10.66266986216874635 ) ) ;
#975 = CYLINDRICAL_SURFACE ( 'NONE', #3162, 4.549999999999999822 ) ;
#976 = CARTESIAN_POINT ( 'NONE',  ( 6.038046855670324398, -8.500000000000000000, 5.458203932496853206 ) ) ;
#977 = EDGE_CURVE ( 'NONE', #2798, #1447, #1195, .T. ) ;
#978 = ORIENTED_EDGE ( 'NONE', *, *, #3268, .T. ) ;
#979 = VERTEX_POINT ( 'NONE', #1696 ) ;
#980 = VERTEX_POINT ( 'NONE', #888 ) ;
#981 = DIRECTION ( 'NONE',  ( 0.000000000000000000, 0.000000000000000000, -1.000000000000000000 ) ) ;
#982 = VECTOR ( 'NONE', #1481, 1000.000000000000000 ) ;
#983 = DIRECTION ( 'NONE',  ( -0.000000000000000000, 1.000000000000000000, -0.000000000000000000 ) ) ;
#984 = VERTEX_POINT ( 'NONE', #1983 ) ;
#985 = EDGE_LOOP ( 'NONE', ( #3457, #2453, #2858, #726 ) ) ;
#986 = CARTESIAN_POINT ( 'NONE',  ( 8.750000000000005329, -1.500000000000000000, 13.90544456622769154 ) ) ;
#987 = AXIS2_PLACEMENT_3D ( 'NONE', #329, #464, #3207 ) ;
#988 = DIRECTION ( 'NONE',  ( -0.000000000000000000, 0.000000000000000000, -1.000000000000000000 ) ) ;
#989 = EDGE_CURVE ( 'NONE', #1730, #3187, #2528, .T. ) ;
#990 = VECTOR ( 'NONE', #2455, 1000.000000000000000 ) ;
#991 = DIRECTION ( 'NONE',  ( 0.000000000000000000, 1.000000000000000000, 0.000000000000000000 ) ) ;
#992 = DIRECTION ( 'NONE',  ( 0.000000000000000000, 1.000000000000000000, -0.000000000000000000 ) ) ;
#993 = AXIS2_PLACEMENT_3D ( 'NONE', #2933, #1988, #2007 ) ;
#994 = DIRECTION ( 'NONE',  ( 0.8660254037844415942, -0.000000000000000000, 0.4999999999999948930 ) ) ;
#995 = ORIENTED_EDGE ( 'NONE', *, *, #1501, .T. ) ;
#996 = ORIENTED_EDGE ( 'NONE', *, *, #1589, .F. ) ;
#997 = EDGE_LOOP ( 'NONE', ( #3344, #1372, #2174, #1628 ) ) ;
#998 = EDGE_CURVE ( 'NONE', #2615, #3535, #213, .T. ) ;
#999 = VECTOR ( 'NONE', #1439, 1000.000000000000000 ) ;
#1000 = EDGE_CURVE ( 'NONE', #2759, #532, #2342, .T. ) ;
#1001 = CARTESIAN_POINT ( 'NONE',  ( 17.50000000000001776, -8.500000000000000000, -5.650474260863225751E-15 ) ) ;
#1002 = CYLINDRICAL_SURFACE ( 'NONE', #2429, 7.500000000000001776 ) ;
#1003 = VERTEX_POINT ( 'NONE', #965 ) ;
#1004 = EDGE_CURVE ( 'NONE', #2160, #1218, #1573, .T. ) ;
#1005 = ORIENTED_EDGE ( 'NONE', *, *, #1409, .F. ) ;
#1006 = AXIS2_PLACEMENT_3D ( 'NONE', #3184, #1029, #2419 ) ;
#1007 = CARTESIAN_POINT ( 'NONE',  ( -11.54700538379261232, -1.500000000000000000, -19.99999999999996092 ) ) ;
#1008 = ADVANCED_FACE ( 'NONE', ( #2636 ), #1002, .T. ) ;
#1009 = DIRECTION ( 'NONE',  ( 0.000000000000000000, 1.000000000000000000, -0.000000000000000000 ) ) ;
#1010 = ADVANCED_FACE ( 'NONE', ( #2098 ), #145, .F. ) ;
#1011 = VERTEX_POINT ( 'NONE', #2677 ) ;
#1012 = CARTESIAN_POINT ( 'NONE',  ( 8.750000000000005329, 1.500000000000000000, 15.15544456622768976 ) ) ;
#1013 = DIRECTION ( 'NONE',  ( -0.000000000000000000, 1.000000000000000000, -0.000000000000000000 ) ) ;
#1014 = CARTESIAN_POINT ( 'NONE',  ( -4.252989283015924826, 1.500000000000000000, 15.84782784977072367 ) ) ;
#1015 = LINE ( 'NONE', #1318, #3152 ) ;
#1016 = ORIENTED_EDGE ( 'NONE', *, *, #1330, .T. ) ;
#1017 = ORIENTED_EDGE ( 'NONE', *, *, #1215, .T. ) ;
#1018 = CARTESIAN_POINT ( 'NONE',  ( -11.54700538379233699, 1.500000000000000000, 20.00000000000011724 ) ) ;
#1019 = EDGE_CURVE ( 'NONE', #1655, #2656, #2018, .T. ) ;
#1020 = CARTESIAN_POINT ( 'NONE',  ( 17.50000000000001776, -1.499999999999999556, -5.650474260863225751E-15 ) ) ;
#1021 = ORIENTED_EDGE ( 'NONE', *, *, #180, .T. ) ;
#1022 = CYLINDRICAL_SURFACE ( 'NONE', #402, 1.000000000000000888 ) ;
#1023 = EDGE_LOOP ( 'NONE', ( #678, #866, #2074, #2235 ) ) ;
#1024 = DIRECTION ( 'NONE',  ( -0.4999999999999950595, 0.000000000000000000, -0.8660254037844415942 ) ) ;
#1025 = CARTESIAN_POINT ( 'NONE',  ( 8.750000000000003553, 1.500000000000000000, -15.15544456622767733 ) ) ;
#1026 = ORIENTED_EDGE ( 'NONE', *, *, #290, .F. ) ;
#1027 = CARTESIAN_POINT ( 'NONE',  ( -12.22408882090944182, -1.499999999999999556, -10.82725708595006431 ) ) ;
#1028 = DIRECTION ( 'NONE',  ( 0.000000000000000000, 0.000000000000000000, 1.000000000000000000 ) ) ;
#1029 = DIRECTION ( 'NONE',  ( 0.000000000000000000, 1.000000000000000000, -0.000000000000000000 ) ) ;
#1030 = DIRECTION ( 'NONE',  ( 0.000000000000000000, 0.000000000000000000, 1.000000000000000000 ) ) ;
#1031 = ORIENTED_EDGE ( 'NONE', *, *, #1337, .T. ) ;
#1032 = ORIENTED_EDGE ( 'NONE', *, *, #655, .F. ) ;
#1033 = VERTEX_POINT ( 'NONE', #1847 ) ;
#1034 = CARTESIAN_POINT ( 'NONE',  ( -6.834676493307209277, 1.500000000000000000, 3.088235294117645857 ) ) ;
#1035 = CARTESIAN_POINT ( 'NONE',  ( 1.707919836749406839, -8.500000000000000000, 7.958203932499066546 ) ) ;
#1036 = ORIENTED_EDGE ( 'NONE', *, *, #69, .F. ) ;
#1037 = FACE_OUTER_BOUND ( 'NONE', #772, .T. ) ;
#1038 = ORIENTED_EDGE ( 'NONE', *, *, #134, .F. ) ;
#1039 = CIRCLE ( 'NONE', #3504, 1.000000000000000888 ) ;
#1040 = LINE ( 'NONE', #169, #1803 ) ;
#1041 = AXIS2_PLACEMENT_3D ( 'NONE', #2627, #3472, #172 ) ;
#1042 = EDGE_LOOP ( 'NONE', ( #734, #2158, #840, #2789 ) ) ;
#1043 = ADVANCED_FACE ( 'NONE', ( #756 ), #2925, .F. ) ;
#1044 = EDGE_CURVE ( 'NONE', #436, #1218, #1552, .T. ) ;
#1045 = CIRCLE ( 'NONE', #857, 1.000000000000000444 ) ;
#1046 = DIRECTION ( 'NONE',  ( 0.000000000000000000, 1.000000000000000000, -0.000000000000000000 ) ) ;
#1047 = LINE ( 'NONE', #1597, #3155 ) ;
#1048 = CARTESIAN_POINT ( 'NONE',  ( -11.59812687119609365, -8.500000000000000000, 11.60711068600005191 ) ) ;
#1049 = CIRCLE ( 'NONE', #94, 7.500000000000001776 ) ;
#1050 = CARTESIAN_POINT ( 'NONE',  ( 17.50000000000001776, 1.500000000000000000, -5.650474260863225751E-15 ) ) ;
#1051 = VERTEX_POINT ( 'NONE', #165 ) ;
#1052 = ORIENTED_EDGE ( 'NONE', *, *, #288, .F. ) ;
#1053 = ORIENTED_EDGE ( 'NONE', *, *, #3354, .T. ) ;
#1054 = LINE ( 'NONE', #463, #1865 ) ;
#1055 = ORIENTED_EDGE ( 'NONE', *, *, #3287, .F. ) ;
#1056 = VECTOR ( 'NONE', #3297, 1000.000000000000000 ) ;
#1057 = ORIENTED_EDGE ( 'NONE', *, *, #1262, .T. ) ;
#1058 = AXIS2_PLACEMENT_3D ( 'NONE', #681, #944, #3131 ) ;
#1059 = LINE ( 'NONE', #725, #703 ) ;
#1060 = CIRCLE ( 'NONE', #1514, 1.000000000000000888 ) ;
#1061 = ORIENTED_EDGE ( 'NONE', *, *, #2818, .T. ) ;
#1062 = AXIS2_PLACEMENT_3D ( 'NONE', #1954, #2212, #2745 ) ;
#1063 = EDGE_CURVE ( 'NONE', #2423, #2019, #2758, .T. ) ;
#1064 = CIRCLE ( 'NONE', #1396, 1.000000000000002665 ) ;
#1065 = LINE ( 'NONE', #208, #1919 ) ;
#1066 = EDGE_CURVE ( 'NONE', #2961, #332, #455, .T. ) ;
#1067 = DIRECTION ( 'NONE',  ( -0.000000000000000000, 1.000000000000000000, -0.000000000000000000 ) ) ;
#1068 = VERTEX_POINT ( 'NONE', #2135 ) ;
#1069 = CARTESIAN_POINT ( 'NONE',  ( -16.35474950397699700, -1.499999999999999556, 5.672742914049908158 ) ) ;
#1070 = CYLINDRICAL_SURFACE ( 'NONE', #572, 7.500000000000001776 ) ;
#1071 = EDGE_CURVE ( 'NONE', #2869, #3359, #392, .T. ) ;
#1072 = ORIENTED_EDGE ( 'NONE', *, *, #2450, .F. ) ;
#1073 = ORIENTED_EDGE ( 'NONE', *, *, #3024, .F. ) ;
#1074 = CARTESIAN_POINT ( 'NONE',  ( 6.091828464221856088, 1.500000000000000000, -4.374885822795427259 ) ) ;
#1075 = EDGE_CURVE ( 'NONE', #2129, #2929, #1045, .T. ) ;
#1076 = CARTESIAN_POINT ( 'NONE',  ( 9.469357670820771844, -1.499999999999999556, -10.66266986216881563 ) ) ;
#1077 = ORIENTED_EDGE ( 'NONE', *, *, #2232, .T. ) ;
#1078 = DIRECTION ( 'NONE',  ( 0.000000000000000000, 1.000000000000000000, 0.000000000000000000 ) ) ;
#1079 = DIRECTION ( 'NONE',  ( -0.000000000000000000, 1.000000000000000000, -0.000000000000000000 ) ) ;
#1080 = ORIENTED_EDGE ( 'NONE', *, *, #3354, .F. ) ;
#1081 = DIRECTION ( 'NONE',  ( -0.000000000000000000, 0.000000000000000000, -1.000000000000000000 ) ) ;
#1082 = CARTESIAN_POINT ( 'NONE',  ( -15.48872410019258616, 1.500000000000000000, -5.172742914049957896 ) ) ;
#1083 = EDGE_CURVE ( 'NONE', #785, #218, #1274, .T. ) ;
#1084 = EDGE_LOOP ( 'NONE', ( #2692, #2446, #1335, #2267, #2313, #2712, #1516, #488, #3085, #166, #2421, #1566, #1797 ) ) ;
#1085 = LINE ( 'NONE', #2187, #1960 ) ;
#1086 = EDGE_CURVE ( 'NONE', #219, #2536, #1844, .T. ) ;
#1087 = PLANE ( 'NONE',  #2384 ) ;
#1088 = CARTESIAN_POINT ( 'NONE',  ( 6.904072259451436544, 1.500000000000000000, -4.958203932501485056 ) ) ;
#1089 = ORIENTED_EDGE ( 'NONE', *, *, #2243, .F. ) ;
#1090 = AXIS2_PLACEMENT_3D ( 'NONE', #551, #3565, #3047 ) ;
#1091 = CARTESIAN_POINT ( 'NONE',  ( 0.000000000000000000, 0.000000000000000000, 0.000000000000000000 ) ) ;
#1092 = AXIS2_PLACEMENT_3D ( 'NONE', #3305, #595, #1706 ) ;
#1093 = VECTOR ( 'NONE', #766, 1000.000000000000000 ) ;
#1094 = PLANE ( 'NONE',  #1749 ) ;
#1095 = DIRECTION ( 'NONE',  ( 0.000000000000000000, 0.000000000000000000, 1.000000000000000000 ) ) ;
#1096 = ORIENTED_EDGE ( 'NONE', *, *, #894, .F. ) ;
#1097 = AXIS2_PLACEMENT_3D ( 'NONE', #1020, #2113, #182 ) ;
#1098 = DIRECTION ( 'NONE',  ( -0.000000000000000000, 1.000000000000000000, -0.000000000000000000 ) ) ;
#1099 = AXIS2_PLACEMENT_3D ( 'NONE', #694, #135, #2919 ) ;
#1100 = DIRECTION ( 'NONE',  ( 0.000000000000000000, 0.000000000000000000, 1.000000000000000000 ) ) ;
#1101 = ORIENTED_EDGE ( 'NONE', *, *, #1183, .F. ) ;
#1102 = VERTEX_POINT ( 'NONE', #485 ) ;
#1103 = CIRCLE ( 'NONE', #2889, 1.000000000000000888 ) ;
#1104 = DIRECTION ( 'NONE',  ( -0.000000000000000000, -1.000000000000000000, 0.000000000000000000 ) ) ;
#1105 = AXIS2_PLACEMENT_3D ( 'NONE', #1495, #1173, #210 ) ;
#1106 = DIRECTION ( 'NONE',  ( 0.000000000000000000, 0.000000000000000000, 1.000000000000000000 ) ) ;
#1107 = ORIENTED_EDGE ( 'NONE', *, *, #2918, .T. ) ;
#1108 = AXIS2_PLACEMENT_3D ( 'NONE', #2540, #2561, #1999 ) ;
#1109 = ADVANCED_FACE ( 'NONE', ( #2790 ), #3273, .F. ) ;
#1110 = CYLINDRICAL_SURFACE ( 'NONE', #2520, 1.250000000000001110 ) ;
#1111 = VECTOR ( 'NONE', #1766, 1000.000000000000000 ) ;
#1112 = CARTESIAN_POINT ( 'NONE',  ( 1.707919836743731157, -8.500000000000000000, -7.958203932499630540 ) ) ;
#1113 = DIRECTION ( 'NONE',  ( 0.000000000000000000, 0.000000000000000000, 1.000000000000000000 ) ) ;
#1114 = ORIENTED_EDGE ( 'NONE', *, *, #535, .T. ) ;
#1115 = CIRCLE ( 'NONE', #2612, 1.000000000000000888 ) ;
#1116 = DIRECTION ( 'NONE',  ( -0.000000000000000000, 1.000000000000000000, -0.000000000000000000 ) ) ;
#1117 = FACE_OUTER_BOUND ( 'NONE', #3241, .T. ) ;
#1118 = LINE ( 'NONE', #856, #38 ) ;
#1119 = ORIENTED_EDGE ( 'NONE', *, *, #2352, .T. ) ;
#1120 = ORIENTED_EDGE ( 'NONE', *, *, #3277, .T. ) ;
#1121 = DIRECTION ( 'NONE',  ( 0.000000000000000000, 1.000000000000000000, 0.000000000000000000 ) ) ;
#1122 = PRODUCT_DEFINITION_CONTEXT ( 'detailed design', #2751, 'design' ) ;
#1123 = VERTEX_POINT ( 'NONE', #3585 ) ;
#1124 = ADVANCED_FACE ( 'NONE', ( #2482 ), #543, .F. ) ;
#1125 = DIRECTION ( 'NONE',  ( -0.000000000000000000, 1.000000000000000000, -0.000000000000000000 ) ) ;
#1126 = CARTESIAN_POINT ( 'NONE',  ( -13.09011422469387753, -1.499999999999999556, -11.32725708595006964 ) ) ;
#1127 = CYLINDRICAL_SURFACE ( 'NONE', #1442, 1.000000000000000888 ) ;
#1128 = LINE ( 'NONE', #1112, #1170 ) ;
#1129 = LINE ( 'NONE', #318, #2069 ) ;
#1130 = ORIENTED_EDGE ( 'NONE', *, *, #2163, .F. ) ;
#1131 = DIRECTION ( 'NONE',  ( 0.000000000000000000, 1.000000000000000000, 0.000000000000000000 ) ) ;
#1132 = CARTESIAN_POINT ( 'NONE',  ( -3.565280431327402244, -8.500000000000000000, 13.17524685028541320 ) ) ;
#1133 = FACE_OUTER_BOUND ( 'NONE', #2294, .T. ) ;
#1134 = ORIENTED_EDGE ( 'NONE', *, *, #1044, .T. ) ;
#1135 = CARTESIAN_POINT ( 'NONE',  ( -8.749999999999996447, -1.500000000000000000, 15.15544456622769154 ) ) ;
#1136 = DIRECTION ( 'NONE',  ( -0.8660254037844381525, 0.000000000000000000, 0.5000000000000008882 ) ) ;
#1137 = DIRECTION ( 'NONE',  ( 0.000000000000000000, 0.000000000000000000, 1.000000000000000000 ) ) ;
#1138 = ORIENTED_EDGE ( 'NONE', *, *, #1698, .F. ) ;
#1139 = ORIENTED_EDGE ( 'NONE', *, *, #3579, .F. ) ;
#1140 = ORIENTED_EDGE ( 'NONE', *, *, #1973, .T. ) ;
#1141 = VECTOR ( 'NONE', #2971, 1000.000000000000000 ) ;
#1142 = CARTESIAN_POINT ( 'NONE',  ( -13.96882180821685360, 1.499999999999999556, -2.869369369369372258 ) ) ;
#1143 = CARTESIAN_POINT ( 'NONE',  ( 12.22408882090946136, 1.500000000000000000, 10.82725708595005720 ) ) ;
#1144 = FACE_BOUND ( 'NONE', #793, .T. ) ;
#1145 = CARTESIAN_POINT ( 'NONE',  ( -9.469357670820309991, 1.500000000000000000, -10.66266986216874635 ) ) ;
#1146 = ORIENTED_EDGE ( 'NONE', *, *, #1475, .T. ) ;
#1147 = VECTOR ( 'NONE', #517, 1000.000000000000000 ) ;
#1148 = EDGE_CURVE ( 'NONE', #980, #2772, #3101, .T. ) ;
#1149 = DIRECTION ( 'NONE',  ( 0.000000000000000000, 0.000000000000000000, 1.000000000000000000 ) ) ;
#1150 = AXIS2_PLACEMENT_3D ( 'NONE', #1626, #792, #2508 ) ;
#1151 = VECTOR ( 'NONE', #3418, 1000.000000000000000 ) ;
#1152 = ORIENTED_EDGE ( 'NONE', *, *, #807, .F. ) ;
#1153 = ORIENTED_EDGE ( 'NONE', *, *, #2189, .F. ) ;
#1154 = AXIS2_PLACEMENT_3D ( 'NONE', #1135, #2052, #1748 ) ;
#1155 = DIRECTION ( 'NONE',  ( 0.000000000000000000, 0.000000000000000000, 1.000000000000000000 ) ) ;
#1156 = EDGE_CURVE ( 'NONE', #1875, #2927, #457, .T. ) ;
#1157 = DIRECTION ( 'NONE',  ( 1.000000000000000000, -0.000000000000000000, 0.000000000000000000 ) ) ;
#1158 = ORIENTED_EDGE ( 'NONE', *, *, #1282, .F. ) ;
#1159 = CIRCLE ( 'NONE', #2083, 1.250000000000001110 ) ;
#1160 = UNCERTAINTY_MEASURE_WITH_UNIT (LENGTH_MEASURE( 1.000000000000000082E-05 ), #2394, 'distance_accuracy_value', 'NONE');
#1161 = ORIENTED_EDGE ( 'NONE', *, *, #1241, .T. ) ;
#1162 = CIRCLE ( 'NONE', #935, 1.000000000000001776 ) ;
#1163 = AXIS2_PLACEMENT_3D ( 'NONE', #1639, #2473, #1402 ) ;
#1164 = DIRECTION ( 'NONE',  ( -0.000000000000000000, -1.000000000000000000, -0.000000000000000000 ) ) ;
#1165 = VECTOR ( 'NONE', #530, 1000.000000000000000 ) ;
#1166 = LINE ( 'NONE', #2034, #173 ) ;
#1167 = EDGE_CURVE ( 'NONE', #2498, #269, #1958, .T. ) ;
#1168 = CARTESIAN_POINT ( 'NONE',  ( -3.264635279283073288, 1.499999999999999556, -16.99999999999987921 ) ) ;
#1169 = ORIENTED_EDGE ( 'NONE', *, *, #1066, .T. ) ;
#1170 = VECTOR ( 'NONE', #3003, 1000.000000000000000 ) ;
#1171 = LINE ( 'NONE', #2533, #2946 ) ;
#1172 = LINE ( 'NONE', #1709, #3010 ) ;
#1173 = DIRECTION ( 'NONE',  ( 0.000000000000000000, 1.000000000000000000, -0.000000000000000000 ) ) ;
#1174 = AXIS2_PLACEMENT_3D ( 'NONE', #1091, #3563, #1346 ) ;
#1175 = ORIENTED_EDGE ( 'NONE', *, *, #204, .F. ) ;
#1176 = ORIENTED_EDGE ( 'NONE', *, *, #452, .F. ) ;
#1177 = SURFACE_SIDE_STYLE ('',( #1694 ) ) ;
#1178 = CARTESIAN_POINT ( 'NONE',  ( 8.750000000000003553, 1.500000000000000000, -13.90544456622767910 ) ) ;
#1179 = DIRECTION ( 'NONE',  ( 0.000000000000000000, 1.000000000000000000, -0.000000000000000000 ) ) ;
#1180 = ORIENTED_EDGE ( 'NONE', *, *, #2731, .F. ) ;
#1181 = ORIENTED_EDGE ( 'NONE', *, *, #1381, .T. ) ;
#1182 = CARTESIAN_POINT ( 'NONE',  ( -4.252989283015852884, -1.499999999999999556, -15.84782784977065084 ) ) ;
#1183 = EDGE_CURVE ( 'NONE', #382, #599, #1332, .T. ) ;
#1184 = ORIENTED_EDGE ( 'NONE', *, *, #2462, .F. ) ;
#1185 = CARTESIAN_POINT ( 'NONE',  ( -23.09401076758504345, 1.500000000000000000, 1.612646152681311659E-13 ) ) ;
#1186 = ORIENTED_EDGE ( 'NONE', *, *, #711, .F. ) ;
#1187 = FACE_OUTER_BOUND ( 'NONE', #1412, .T. ) ;
#1188 = DIRECTION ( 'NONE',  ( 0.000000000000000000, 0.000000000000000000, 1.000000000000000000 ) ) ;
#1189 = ORIENTED_EDGE ( 'NONE', *, *, #2624, .T. ) ;
#1190 = ORIENTED_EDGE ( 'NONE', *, *, #2783, .T. ) ;
#1191 = EDGE_CURVE ( 'NONE', #3225, #3456, #528, .T. ) ;
#1192 = EDGE_CURVE ( 'NONE', #6, #2012, #3036, .T. ) ;
#1193 = CARTESIAN_POINT ( 'NONE',  ( 13.96882180821687491, -8.500000000000000000, -2.869369369369369593 ) ) ;
#1194 = CARTESIAN_POINT ( 'NONE',  ( 13.96882180821687491, 1.500000000000000000, -2.869369369369369593 ) ) ;
#1195 = LINE ( 'NONE', #2857, #331 ) ;
#1196 = VERTEX_POINT ( 'NONE', #1069 ) ;
#1197 = ADVANCED_FACE ( 'NONE', ( #3320 ), #3539, .F. ) ;
#1198 = ORIENTED_EDGE ( 'NONE', *, *, #164, .T. ) ;
#1199 = CARTESIAN_POINT ( 'NONE',  ( 6.904072259454761884, 1.500000000000000000, 4.958203932496853206 ) ) ;
#1200 = EDGE_CURVE ( 'NONE', #1375, #2986, #1665, .T. ) ;
#1201 = FACE_OUTER_BOUND ( 'NONE', #2959, .T. ) ;
#1202 = DIRECTION ( 'NONE',  ( 0.000000000000000000, 0.000000000000000000, 1.000000000000000000 ) ) ;
#1203 = CARTESIAN_POINT ( 'NONE',  ( 6.904072259454761884, -8.500000000000000000, 4.958203932496853206 ) ) ;
#1204 = DIRECTION ( 'NONE',  ( -0.000000000000000000, 1.000000000000000000, -0.000000000000000000 ) ) ;
#1205 = CYLINDRICAL_SURFACE ( 'NONE', #1099, 1.000000000000000888 ) ;
#1206 = DIRECTION ( 'NONE',  ( 0.000000000000000000, 0.000000000000000000, 1.000000000000000000 ) ) ;
#1207 = VECTOR ( 'NONE', #2861, 1000.000000000000000 ) ;
#1208 = LINE ( 'NONE', #2312, #1914 ) ;
#1209 = VERTEX_POINT ( 'NONE', #1687 ) ;
#1210 = VECTOR ( 'NONE', #3281, 1000.000000000000000 ) ;
#1211 = ORIENTED_EDGE ( 'NONE', *, *, #2740, .T. ) ;
#1212 = AXIS2_PLACEMENT_3D ( 'NONE', #1866, #107, #1309 ) ;
#1213 = LINE ( 'NONE', #369, #224 ) ;
#1214 = CARTESIAN_POINT ( 'NONE',  ( -9.469357670825701234, -8.500000000000000000, 10.66266986216955814 ) ) ;
#1215 = EDGE_CURVE ( 'NONE', #3149, #3444, #3052, .T. ) ;
#1216 = CARTESIAN_POINT ( 'NONE',  ( 0.000000000000000000, 1.500000000000000000, 16.99999999999996803 ) ) ;
#1217 = ORIENTED_EDGE ( 'NONE', *, *, #3303, .F. ) ;
#1218 = VERTEX_POINT ( 'NONE', #2197 ) ;
#1219 = CARTESIAN_POINT ( 'NONE',  ( -0.8418944329588047282, -1.499999999999999556, -8.458203932499678501 ) ) ;
#1220 = VECTOR ( 'NONE', #955, 1000.000000000000114 ) ;
#1221 = CARTESIAN_POINT ( 'NONE',  ( 0.000000000000000000, -8.500000000000000000, 2.500000000000001332 ) ) ;
#1222 = AXIS2_PLACEMENT_3D ( 'NONE', #3179, #713, #1818 ) ;
#1223 = DIRECTION ( 'NONE',  ( 0.5000000000000001110, 0.000000000000000000, -0.8660254037844387076 ) ) ;
#1224 = CARTESIAN_POINT ( 'NONE',  ( -8.749999999999996447, -1.500000000000000000, 16.40544456622768976 ) ) ;
#1225 = AXIS2_PLACEMENT_3D ( 'NONE', #2549, #1700, #2226 ) ;
#1226 = CYLINDRICAL_SURFACE ( 'NONE', #153, 1.000000000000000444 ) ;
#1227 = CARTESIAN_POINT ( 'NONE',  ( -11.59812687119609365, 1.500000000000000000, 11.60711068600005191 ) ) ;
#1228 = CIRCLE ( 'NONE', #2147, 1.000000000000000888 ) ;
#1229 = DIRECTION ( 'NONE',  ( 0.000000000000000000, 0.000000000000000000, 1.000000000000000000 ) ) ;
#1230 = ORIENTED_EDGE ( 'NONE', *, *, #542, .F. ) ;
#1231 = VECTOR ( 'NONE', #1338, 1000.000000000000000 ) ;
#1232 = ORIENTED_EDGE ( 'NONE', *, *, #1837, .T. ) ;
#1233 = AXIS2_PLACEMENT_3D ( 'NONE', #493, #2611, #749 ) ;
#1234 = DIRECTION ( 'NONE',  ( 0.000000000000000000, 1.000000000000000000, 0.000000000000000000 ) ) ;
#1235 = EDGE_LOOP ( 'NONE', ( #441, #2694, #3011, #2314 ) ) ;
#1236 = AXIS2_PLACEMENT_3D ( 'NONE', #1989, #357, #1483 ) ;
#1237 = ORIENTED_EDGE ( 'NONE', *, *, #2783, .F. ) ;
#1238 = EDGE_CURVE ( 'NONE', #820, #3389, #2183, .T. ) ;
#1239 = DIRECTION ( 'NONE',  ( -0.000000000000000000, 1.000000000000000000, -0.000000000000000000 ) ) ;
#1240 = DIRECTION ( 'NONE',  ( 0.000000000000000000, 1.000000000000000000, 0.000000000000000000 ) ) ;
#1241 = EDGE_CURVE ( 'NONE', #219, #507, #3529, .T. ) ;
#1242 = DIRECTION ( 'NONE',  ( -0.000000000000000000, 1.000000000000000000, -0.000000000000000000 ) ) ;
#1243 = CARTESIAN_POINT ( 'NONE',  ( 3.264635279283097713, -1.499999999999999556, 16.99999999999996803 ) ) ;
#1244 = CARTESIAN_POINT ( 'NONE',  ( 23.09401076758504701, 1.500000000000000000, 0.000000000000000000 ) ) ;
#1245 = CARTESIAN_POINT ( 'NONE',  ( -2.165063509463150737, 1.500000000000000000, -1.250000000001184830 ) ) ;
#1246 = DIRECTION ( 'NONE',  ( 0.000000000000000000, 0.000000000000000000, 1.000000000000000000 ) ) ;
#1247 = EDGE_LOOP ( 'NONE', ( #1119, #340, #1158, #1852 ) ) ;
#1248 = ORIENTED_EDGE ( 'NONE', *, *, #3018, .F. ) ;
#1249 = ORIENTED_EDGE ( 'NONE', *, *, #442, .T. ) ;
#1250 = CARTESIAN_POINT ( 'NONE',  ( -8.749999999999996447, 1.500000000000000000, 15.15544456622769154 ) ) ;
#1251 = DIRECTION ( 'NONE',  ( -0.000000000000000000, 1.000000000000000000, -0.000000000000000000 ) ) ;
#1252 = ORIENTED_EDGE ( 'NONE', *, *, #2000, .T. ) ;
#1253 = ADVANCED_FACE ( 'NONE', ( #3007 ), #3023, .F. ) ;
#1254 = ORIENTED_EDGE ( 'NONE', *, *, #1086, .T. ) ;
#1255 = DIRECTION ( 'NONE',  ( 0.000000000000000000, 1.000000000000000000, -0.000000000000000000 ) ) ;
#1256 = DIRECTION ( 'NONE',  ( -1.000000000000000000, 0.000000000000000000, 0.000000000000000000 ) ) ;
#1257 = CARTESIAN_POINT ( 'NONE',  ( 17.50000000000001776, 1.500000000000000000, -5.650474260863225751E-15 ) ) ;
#1258 = DIRECTION ( 'NONE',  ( -0.000000000000000000, 1.000000000000000000, -0.000000000000000000 ) ) ;
#1259 = CARTESIAN_POINT ( 'NONE',  ( 8.750000000000003553, 1.500000000000000000, -16.40544456622767910 ) ) ;
#1260 = CYLINDRICAL_SURFACE ( 'NONE', #24, 1.000000000000002665 ) ;
#1261 = FACE_OUTER_BOUND ( 'NONE', #2992, .T. ) ;
#1262 = EDGE_CURVE ( 'NONE', #1415, #1580, #1619, .T. ) ;
#1263 = ORIENTED_EDGE ( 'NONE', *, *, #1156, .T. ) ;
#1264 = VERTEX_POINT ( 'NONE', #1649 ) ;
#1265 = ORIENTED_EDGE ( 'NONE', *, *, #164, .F. ) ;
#1266 = EDGE_CURVE ( 'NONE', #3089, #3555, #2315, .T. ) ;
#1267 = CYLINDRICAL_SURFACE ( 'NONE', #226, 1.000000000000000222 ) ;
#1268 = AXIS2_PLACEMENT_3D ( 'NONE', #1257, #712, #2582 ) ;
#1269 = CARTESIAN_POINT ( 'NONE',  ( 8.750000000000007105, 1.500000000000000000, -15.15544456622769331 ) ) ;
#1270 = EDGE_LOOP ( 'NONE', ( #771, #890, #1707, #1294, #3012, #753 ) ) ;
#1271 = AXIS2_PLACEMENT_3D ( 'NONE', #2289, #1821, #2067 ) ;
#1272 = DIRECTION ( 'NONE',  ( -1.000000000000000000, 0.000000000000000000, 0.000000000000000000 ) ) ;
#1273 = EDGE_CURVE ( 'NONE', #2563, #1416, #3551, .T. ) ;
#1274 = CIRCLE ( 'NONE', #89, 1.249999999999999334 ) ;
#1275 = PLANE ( 'NONE',  #1612 ) ;
#1276 = VECTOR ( 'NONE', #1908, 1000.000000000000000 ) ;
#1277 = CARTESIAN_POINT ( 'NONE',  ( -9.469357670825701234, -1.499999999999999556, 10.66266986216955814 ) ) ;
#1278 = DIRECTION ( 'NONE',  ( 0.000000000000000000, 0.000000000000000000, 1.000000000000000000 ) ) ;
#1279 = CARTESIAN_POINT ( 'NONE',  ( -8.750000000000055067, -8.500000000000000000, 15.15544456622765601 ) ) ;
#1280 = DIRECTION ( 'NONE',  ( 0.000000000000000000, 0.000000000000000000, 1.000000000000000000 ) ) ;
#1281 = VECTOR ( 'NONE', #2179, 1000.000000000000000 ) ;
#1282 = EDGE_CURVE ( 'NONE', #902, #23, #1171, .T. ) ;
#1283 = AXIS2_PLACEMENT_3D ( 'NONE', #1199, #2345, #128 ) ;
#1284 = LINE ( 'NONE', #1048, #2900 ) ;
#1285 = LINE ( 'NONE', #2127, #3111 ) ;
#1286 = ORIENTED_EDGE ( 'NONE', *, *, #1928, .T. ) ;
#1287 = ORIENTED_EDGE ( 'NONE', *, *, #1156, .F. ) ;
#1288 = ORIENTED_EDGE ( 'NONE', *, *, #889, .T. ) ;
#1289 = AXIS2_PLACEMENT_3D ( 'NONE', #81, #1234, #124 ) ;
#1290 = CARTESIAN_POINT ( 'NONE',  ( 12.22408882090946136, -8.500000000000000000, 11.82725708595006076 ) ) ;
#1291 = AXIS2_PLACEMENT_3D ( 'NONE', #1460, #905, #3409 ) ;
#1292 = CARTESIAN_POINT ( 'NONE',  ( 17.50000000000001421, 1.500000000000000000, 4.853321584273757548E-15 ) ) ;
#1293 = VERTEX_POINT ( 'NONE', #3126 ) ;
#1294 = ORIENTED_EDGE ( 'NONE', *, *, #2355, .T. ) ;
#1295 = CIRCLE ( 'NONE', #2390, 4.550000000000001599 ) ;
#1296 = ADVANCED_FACE ( 'NONE', ( #3424 ), #2015, .T. ) ;
#1297 = DIRECTION ( 'NONE',  ( 0.000000000000000000, 0.000000000000000000, 1.000000000000000000 ) ) ;
#1298 = CIRCLE ( 'NONE', #2096, 5.000000000000000000 ) ;
#1299 = ORIENTED_EDGE ( 'NONE', *, *, #2016, .F. ) ;
#1300 = APPLICATION_PROTOCOL_DEFINITION ( 'draft international standard', 'automotive_design', 1998, #106 ) ;
#1301 = DIRECTION ( 'NONE',  ( 0.000000000000000000, 0.000000000000000000, 1.000000000000000000 ) ) ;
#1302 = DIRECTION ( 'NONE',  ( 0.000000000000000000, 0.000000000000000000, 1.000000000000000000 ) ) ;
#1303 = DIRECTION ( 'NONE',  ( 0.4999999999999948930, 0.000000000000000000, -0.8660254037844415942 ) ) ;
#1304 = CARTESIAN_POINT ( 'NONE',  ( -7.745966692414836707, -8.500000000000000000, 2.500000000000001332 ) ) ;
#1305 = ORIENTED_EDGE ( 'NONE', *, *, #589, .T. ) ;
#1306 = ORIENTED_EDGE ( 'NONE', *, *, #2255, .F. ) ;
#1307 = ORIENTED_EDGE ( 'NONE', *, *, #3574, .T. ) ;
#1308 = FACE_OUTER_BOUND ( 'NONE', #1735, .T. ) ;
#1309 = DIRECTION ( 'NONE',  ( 0.000000000000000000, 0.000000000000000000, 1.000000000000000000 ) ) ;
#1310 = EDGE_CURVE ( 'NONE', #3150, #1547, #2377, .T. ) ;
#1311 = VERTEX_POINT ( 'NONE', #96 ) ;
#1312 = VERTEX_POINT ( 'NONE', #2335 ) ;
#1313 = DIRECTION ( 'NONE',  ( -0.000000000000000000, 1.000000000000000000, -0.000000000000000000 ) ) ;
#1314 = ORIENTED_EDGE ( 'NONE', *, *, #256, .F. ) ;
#1315 = DIRECTION ( 'NONE',  ( 0.000000000000000000, 0.000000000000000000, 1.000000000000000000 ) ) ;
#1316 = CARTESIAN_POINT ( 'NONE',  ( 15.48872410019262880, 1.500000000000000000, -5.172742914049958785 ) ) ;
#1317 = DIRECTION ( 'NONE',  ( 0.4999999999999997224, 0.000000000000000000, -0.8660254037844387076 ) ) ;
#1318 = CARTESIAN_POINT ( 'NONE',  ( -12.22408882090951288, -8.500000000000000000, 11.82725708595003411 ) ) ;
#1319 = ORIENTED_EDGE ( 'NONE', *, *, #2746, .F. ) ;
#1320 = EDGE_LOOP ( 'NONE', ( #2170, #610, #996, #582 ) ) ;
#1321 = EDGE_LOOP ( 'NONE', ( #789, #2230, #826, #3331 ) ) ;
#1322 = CARTESIAN_POINT ( 'NONE',  ( -7.745966692414836707, 1.500000000000000000, 2.500000000000001332 ) ) ;
#1323 = ORIENTED_EDGE ( 'NONE', *, *, #1004, .F. ) ;
#1324 = EDGE_CURVE ( 'NONE', #460, #3188, #1708, .T. ) ;
#1325 = AXIS2_PLACEMENT_3D ( 'NONE', #1360, #1839, #1565 ) ;
#1326 = EDGE_CURVE ( 'NONE', #2619, #3456, #959, .T. ) ;
#1327 = CARTESIAN_POINT ( 'NONE',  ( -11.59812687119609365, -1.499999999999999556, 11.60711068600005191 ) ) ;
#1328 = CIRCLE ( 'NONE', #504, 1.000000000000000444 ) ;
#1329 = ORIENTED_EDGE ( 'NONE', *, *, #1831, .T. ) ;
#1330 = EDGE_CURVE ( 'NONE', #3271, #984, #2824, .T. ) ;
#1331 = AXIS2_PLACEMENT_3D ( 'NONE', #2618, #3433, #3190 ) ;
#1332 = CIRCLE ( 'NONE', #2022, 1.000000000000000888 ) ;
#1333 = CARTESIAN_POINT ( 'NONE',  ( 0.8418944329592915610, -8.500000000000000000, -8.458203932499628763 ) ) ;
#1334 = CYLINDRICAL_SURFACE ( 'NONE', #2702, 0.9999999999999991118 ) ;
#1335 = ORIENTED_EDGE ( 'NONE', *, *, #605, .T. ) ;
#1336 = AXIS2_PLACEMENT_3D ( 'NONE', #1219, #2284, #88 ) ;
#1337 = EDGE_CURVE ( 'NONE', #3082, #382, #611, .T. ) ;
#1338 = DIRECTION ( 'NONE',  ( -0.000000000000000000, 1.000000000000000000, -0.000000000000000000 ) ) ;
#1339 = EDGE_LOOP ( 'NONE', ( #1288, #722, #3109, #752 ) ) ;
#1340 = CIRCLE ( 'NONE', #3342, 1.000000000000000888 ) ;
#1341 = ORIENTED_EDGE ( 'NONE', *, *, #1367, .T. ) ;
#1342 = DIRECTION ( 'NONE',  ( -0.000000000000000000, 1.000000000000000000, -0.000000000000000000 ) ) ;
#1343 = CARTESIAN_POINT ( 'NONE',  ( -17.50000000000000355, -8.500000000000000000, -1.655234598692008349E-14 ) ) ;
#1344 = AXIS2_PLACEMENT_3D ( 'NONE', #598, #2254, #322 ) ;
#1345 = ORIENTED_EDGE ( 'NONE', *, *, #1881, .F. ) ;
#1346 = DIRECTION ( 'NONE',  ( 1.000000000000000000, 0.000000000000000000, 0.000000000000000000 ) ) ;
#1347 = DIRECTION ( 'NONE',  ( 0.000000000000000000, 0.000000000000000000, 1.000000000000000000 ) ) ;
#1348 = FACE_OUTER_BOUND ( 'NONE', #2831, .T. ) ;
#1349 = VERTEX_POINT ( 'NONE', #898 ) ;
#1350 = CARTESIAN_POINT ( 'NONE',  ( 3.264635279283078617, -8.500000000000000000, -16.99999999999987921 ) ) ;
#1351 = DIRECTION ( 'NONE',  ( 0.000000000000000000, 1.000000000000000000, -0.000000000000000000 ) ) ;
#1352 = ORIENTED_EDGE ( 'NONE', *, *, #2506, .F. ) ;
#1353 = DIRECTION ( 'NONE',  ( -0.8660254037844385966, 0.000000000000000000, 0.5000000000000003331 ) ) ;
#1354 = CARTESIAN_POINT ( 'NONE',  ( 6.038046855666997281, -1.499999999999999556, -5.458203932501485944 ) ) ;
#1355 = EDGE_CURVE ( 'NONE', #3089, #1671, #1455, .T. ) ;
#1356 = CARTESIAN_POINT ( 'NONE',  ( -8.750000000000055067, 1.500000000000000000, 15.15544456622765601 ) ) ;
#1357 = CARTESIAN_POINT ( 'NONE',  ( -1.990540770086669147E-16, 1.500000000000000000, -2.500000000000000000 ) ) ;
#1358 = EDGE_LOOP ( 'NONE', ( #3064, #1925, #2376, #2182 ) ) ;
#1359 = CARTESIAN_POINT ( 'NONE',  ( 11.54700538379247732, -1.500000000000000000, -20.00000000000004263 ) ) ;
#1360 = CARTESIAN_POINT ( 'NONE',  ( -11.54700538379233699, 1.500000000000000000, 20.00000000000011724 ) ) ;
#1361 = ORIENTED_EDGE ( 'NONE', *, *, #3296, .F. ) ;
#1362 = CARTESIAN_POINT ( 'NONE',  ( 9.627458257820959986, -1.499999999999999556, 9.675246850288791833 ) ) ;
#1363 = CARTESIAN_POINT ( 'NONE',  ( -8.761432854035911433, -1.499999999999999556, 10.17524685028866038 ) ) ;
#1364 = ADVANCED_FACE ( 'NONE', ( #56 ), #361, .F. ) ;
#1365 = VERTEX_POINT ( 'NONE', #2311 ) ;
#1366 = ORIENTED_EDGE ( 'NONE', *, *, #901, .F. ) ;
#1367 = EDGE_CURVE ( 'NONE', #312, #3555, #2997, .T. ) ;
#1368 = CARTESIAN_POINT ( 'NONE',  ( 17.50000000000001776, -8.500000000000000000, -5.650474260863225751E-15 ) ) ;
#1369 = DIRECTION ( 'NONE',  ( 0.000000000000000000, 0.000000000000000000, 1.000000000000000000 ) ) ;
#1370 = EDGE_CURVE ( 'NONE', #2019, #2689, #2518, .T. ) ;
#1371 = LINE ( 'NONE', #2474, #3505 ) ;
#1372 = ORIENTED_EDGE ( 'NONE', *, *, #7, .T. ) ;
#1373 = CIRCLE ( 'NONE', #150, 1.249999999999999334 ) ;
#1374 = VECTOR ( 'NONE', #2847, 1000.000000000000000 ) ;
#1375 = VERTEX_POINT ( 'NONE', #1673 ) ;
#1376 = AXIS2_PLACEMENT_3D ( 'NONE', #378, #1484, #3182 ) ;
#1377 = CARTESIAN_POINT ( 'NONE',  ( 0.000000000000000000, -8.500000000000000000, 16.99999999999996803 ) ) ;
#1378 = LINE ( 'NONE', #2213, #2754 ) ;
#1379 = VERTEX_POINT ( 'NONE', #368 ) ;
#1380 = CIRCLE ( 'NONE', #3279, 1.000000000000000444 ) ;
#1381 = EDGE_CURVE ( 'NONE', #3555, #984, #2297, .T. ) ;
#1382 = DIRECTION ( 'NONE',  ( -0.000000000000000000, 1.000000000000000000, -0.000000000000000000 ) ) ;
#1383 = PRESENTATION_LAYER_ASSIGNMENT (  '', '', ( #2655 ) ) ;
#1384 = CARTESIAN_POINT ( 'NONE',  ( -0.7428480290812981002, 1.500000000000000000, -7.463121116911479724 ) ) ;
#1385 = VERTEX_POINT ( 'NONE', #2220 ) ;
#1386 = CARTESIAN_POINT ( 'NONE',  ( 13.19273868914365799, -1.499999999999999556, -3.500000000000000888 ) ) ;
#1387 = AXIS2_PLACEMENT_3D ( 'NONE', #648, #2564, #1761 ) ;
#1388 = DIRECTION ( 'NONE',  ( -0.000000000000000000, 1.000000000000000000, -0.000000000000000000 ) ) ;
#1389 = ORIENTED_EDGE ( 'NONE', *, *, #247, .T. ) ;
#1390 = AXIS2_PLACEMENT_3D ( 'NONE', #3543, #3577, #1417 ) ;
#1391 = CIRCLE ( 'NONE', #2329, 4.550000000000001599 ) ;
#1392 = CARTESIAN_POINT ( 'NONE',  ( -14.72243186433551365, -8.500000000000000000, 8.499999999999907629 ) ) ;
#1393 = DIRECTION ( 'NONE',  ( -0.000000000000000000, 1.000000000000000000, -0.000000000000000000 ) ) ;
#1394 = DIRECTION ( 'NONE',  ( -0.000000000000000000, 1.000000000000000000, -0.000000000000000000 ) ) ;
#1395 = ORIENTED_EDGE ( 'NONE', *, *, #432, .F. ) ;
#1396 = AXIS2_PLACEMENT_3D ( 'NONE', #3156, #991, #3502 ) ;
#1397 = DIRECTION ( 'NONE',  ( 0.000000000000000000, 1.000000000000000000, -0.000000000000000000 ) ) ;
#1398 = DIRECTION ( 'NONE',  ( 7.962163080346676589E-17, 0.000000000000000000, 1.000000000000000000 ) ) ;
#1399 = CYLINDRICAL_SURFACE ( 'NONE', #940, 1.000000000000000888 ) ;
#1400 = ORIENTED_EDGE ( 'NONE', *, *, #3132, .F. ) ;
#1401 = FACE_OUTER_BOUND ( 'NONE', #985, .T. ) ;
#1402 = DIRECTION ( 'NONE',  ( 0.000000000000000000, 0.000000000000000000, 1.000000000000000000 ) ) ;
#1403 = LINE ( 'NONE', #1883, #1147 ) ;
#1404 = ORIENTED_EDGE ( 'NONE', *, *, #1191, .F. ) ;
#1405 = ORIENTED_EDGE ( 'NONE', *, *, #711, .T. ) ;
#1406 = EDGE_CURVE ( 'NONE', #763, #596, #805, .T. ) ;
#1407 = DIRECTION ( 'NONE',  ( -0.000000000000000000, 1.000000000000000000, -0.000000000000000000 ) ) ;
#1408 = ORIENTED_EDGE ( 'NONE', *, *, #591, .T. ) ;
#1409 = EDGE_CURVE ( 'NONE', #3117, #438, #3382, .T. ) ;
#1410 = CARTESIAN_POINT ( 'NONE',  ( 12.22408882090946136, -8.500000000000000000, 10.82725708595005720 ) ) ;
#1411 = CARTESIAN_POINT ( 'NONE',  ( -9.627458257813785281, -8.500000000000000000, -9.675246850287658518 ) ) ;
#1412 = EDGE_LOOP ( 'NONE', ( #1211, #84, #1299, #3446 ) ) ;
#1413 = CARTESIAN_POINT ( 'NONE',  ( -8.749999999999996447, 1.500000000000000000, 16.40544456622768976 ) ) ;
#1414 = DIRECTION ( 'NONE',  ( 0.000000000000000000, 0.000000000000000000, 1.000000000000000000 ) ) ;
#1415 = VERTEX_POINT ( 'NONE', #2021 ) ;
#1416 = VERTEX_POINT ( 'NONE', #642 ) ;
#1417 = DIRECTION ( 'NONE',  ( 0.000000000000000000, 0.000000000000000000, 1.000000000000000000 ) ) ;
#1418 = DIRECTION ( 'NONE',  ( 0.000000000000000000, 0.000000000000000000, 1.000000000000000000 ) ) ;
#1419 = ORIENTED_EDGE ( 'NONE', *, *, #2120, .F. ) ;
#1420 = ORIENTED_EDGE ( 'NONE', *, *, #223, .F. ) ;
#1421 = EDGE_CURVE ( 'NONE', #3309, #2961, #2539, .T. ) ;
#1422 = ADVANCED_FACE ( 'NONE', ( #1401 ), #2504, .T. ) ;
#1423 = MANIFOLD_SOLID_BREP ( '\X2\ff76ff6fff84\X0\ - \X2\62bc305751fa3057\X0\2', #321 ) ;
#1424 = FACE_OUTER_BOUND ( 'NONE', #997, .T. ) ;
#1425 = CIRCLE ( 'NONE', #1090, 1.000000000000000444 ) ;
#1426 = EDGE_LOOP ( 'NONE', ( #2944, #2554, #2209, #2577 ) ) ;
#1427 = EDGE_CURVE ( 'NONE', #3444, #3191, #1613, .T. ) ;
#1428 = VECTOR ( 'NONE', #3219, 1000.000000000000000 ) ;
#1429 = DIRECTION ( 'NONE',  ( -0.000000000000000000, 1.000000000000000000, -0.000000000000000000 ) ) ;
#1430 = CARTESIAN_POINT ( 'NONE',  ( -4.000000000000000000, -1.500000000000000000, 3.000000000000000000 ) ) ;
#1431 = ORIENTED_EDGE ( 'NONE', *, *, #1019, .F. ) ;
#1432 = VECTOR ( 'NONE', #2996, 1000.000000000000000 ) ;
#1433 = DIRECTION ( 'NONE',  ( -0.000000000000000000, 1.000000000000000000, -0.000000000000000000 ) ) ;
#1434 = ORIENTED_EDGE ( 'NONE', *, *, #2850, .T. ) ;
#1435 = ORIENTED_EDGE ( 'NONE', *, *, #839, .T. ) ;
#1436 = ADVANCED_FACE ( 'NONE', ( #1822 ), #1205, .F. ) ;
#1437 = CARTESIAN_POINT ( 'NONE',  ( 9.469357670826193285, -8.500000000000000000, 10.66266986216967361 ) ) ;
#1438 = VECTOR ( 'NONE', #584, 1000.000000000000000 ) ;
#1439 = DIRECTION ( 'NONE',  ( -0.000000000000000000, -1.000000000000000000, -0.000000000000000000 ) ) ;
#1440 = CARTESIAN_POINT ( 'NONE',  ( 3.264635279283097713, 1.500000000000000000, 15.99999999999996625 ) ) ;
#1441 = EDGE_LOOP ( 'NONE', ( #1648, #54, #3051, #1605, #1642, #2251, #79, #2527, #2696, #2784, #242, #307 ) ) ;
#1442 = AXIS2_PLACEMENT_3D ( 'NONE', #2862, #2568, #1202 ) ;
#1443 = ORIENTED_EDGE ( 'NONE', *, *, #3429, .T. ) ;
#1444 = CIRCLE ( 'NONE', #1283, 0.9999999999999991118 ) ;
#1445 = DIRECTION ( 'NONE',  ( 0.000000000000000000, 0.000000000000000000, 1.000000000000000000 ) ) ;
#1446 = AXIS2_PLACEMENT_3D ( 'NONE', #1539, #739, #3465 ) ;
#1447 = VERTEX_POINT ( 'NONE', #55 ) ;
#1448 = AXIS2_PLACEMENT_3D ( 'NONE', #2425, #2964, #486 ) ;
#1449 = DIRECTION ( 'NONE',  ( -0.000000000000000000, -1.000000000000000000, -0.000000000000000000 ) ) ;
#1450 = DIRECTION ( 'NONE',  ( 0.000000000000000000, 0.000000000000000000, 1.000000000000000000 ) ) ;
#1451 = FACE_OUTER_BOUND ( 'NONE', #2470, .T. ) ;
#1452 = ORIENTED_EDGE ( 'NONE', *, *, #894, .T. ) ;
#1453 = CARTESIAN_POINT ( 'NONE',  ( -7.745966692414836707, 1.500000000000000000, -2.499999999999999556 ) ) ;
#1454 = CIRCLE ( 'NONE', #3523, 1.000000000000000888 ) ;
#1455 = LINE ( 'NONE', #1994, #863 ) ;
#1456 = DIRECTION ( 'NONE',  ( 0.000000000000000000, 1.000000000000000000, 0.000000000000000000 ) ) ;
#1457 = VECTOR ( 'NONE', #116, 1000.000000000000000 ) ;
#1458 = VERTEX_POINT ( 'NONE', #1453 ) ;
#1459 = VERTEX_POINT ( 'NONE', #360 ) ;
#1460 = CARTESIAN_POINT ( 'NONE',  ( -0.8418944329644685309, 1.500000000000000000, 8.458203932499115396 ) ) ;
#1461 = CARTESIAN_POINT ( 'NONE',  ( -15.48872410019255597, -1.499999999999999556, 5.172742914049913487 ) ) ;
#1462 = ORIENTED_EDGE ( 'NONE', *, *, #1266, .F. ) ;
#1463 = ORIENTED_EDGE ( 'NONE', *, *, #3327, .T. ) ;
#1464 = LINE ( 'NONE', #2082, #2258 ) ;
#1465 = DIRECTION ( 'NONE',  ( 0.000000000000000000, 0.000000000000000000, 1.000000000000000000 ) ) ;
#1466 = CYLINDRICAL_SURFACE ( 'NONE', #1629, 1.000000000000002665 ) ;
#1467 = DIRECTION ( 'NONE',  ( 0.000000000000000000, 0.000000000000000000, 1.000000000000000000 ) ) ;
#1468 = CARTESIAN_POINT ( 'NONE',  ( -13.19273868914363312, -8.500000000000000000, -3.499999999999999556 ) ) ;
#1469 = ADVANCED_FACE ( 'NONE', ( #1768 ), #975, .T. ) ;
#1470 = ADVANCED_FACE ( 'NONE', ( #1187 ), #1260, .F. ) ;
#1471 = DIRECTION ( 'NONE',  ( 0.000000000000000000, 0.000000000000000000, 1.000000000000000000 ) ) ;
#1472 = ORIENTED_EDGE ( 'NONE', *, *, #1282, .T. ) ;
#1473 = ORIENTED_EDGE ( 'NONE', *, *, #1779, .F. ) ;
#1474 = CARTESIAN_POINT ( 'NONE',  ( 2.165063509459046021, 1.500000000000000000, 1.249999999998814948 ) ) ;
#1475 = EDGE_CURVE ( 'NONE', #289, #3191, #400, .T. ) ;
#1476 = CARTESIAN_POINT ( 'NONE',  ( 17.50000000000001421, -1.500000000000000000, -1.249999999999996447 ) ) ;
#1477 = CARTESIAN_POINT ( 'NONE',  ( 6.123233995736766282E-16, 1.500000000000000000, -5.000000000000000000 ) ) ;
#1478 = VERTEX_POINT ( 'NONE', #3402 ) ;
#1479 = ORIENTED_EDGE ( 'NONE', *, *, #421, .T. ) ;
#1480 = CARTESIAN_POINT ( 'NONE',  ( -1.990540770086669147E-16, -1.500000000000000000, -2.500000000000000000 ) ) ;
#1481 = DIRECTION ( 'NONE',  ( -0.000000000000000000, 1.000000000000000000, -0.000000000000000000 ) ) ;
#1482 = ADVANCED_FACE ( 'NONE', ( #118 ), #2570, .F. ) ;
#1483 = DIRECTION ( 'NONE',  ( 0.000000000000000000, 0.000000000000000000, 1.000000000000000000 ) ) ;
#1484 = DIRECTION ( 'NONE',  ( -0.000000000000000000, -1.000000000000000000, -0.000000000000000000 ) ) ;
#1485 = CARTESIAN_POINT ( 'NONE',  ( -8.750000000000053291, 1.500000000000000000, -15.15544456622765246 ) ) ;
#1486 = DIRECTION ( 'NONE',  ( -0.000000000000000000, 1.000000000000000000, -0.000000000000000000 ) ) ;
#1487 = DIRECTION ( 'NONE',  ( -0.000000000000000000, 1.000000000000000000, -0.000000000000000000 ) ) ;
#1488 = CIRCLE ( 'NONE', #3386, 1.000000000000000444 ) ;
#1489 = FACE_OUTER_BOUND ( 'NONE', #962, .T. ) ;
#1490 = VERTEX_POINT ( 'NONE', #74 ) ;
#1491 = CIRCLE ( 'NONE', #3394, 1.000000000000002665 ) ;
#1492 = VERTEX_POINT ( 'NONE', #1227 ) ;
#1493 = AXIS2_PLACEMENT_3D ( 'NONE', #925, #3328, #946 ) ;
#1494 = DIRECTION ( 'NONE',  ( 0.000000000000000000, 0.000000000000000000, 1.000000000000000000 ) ) ;
#1495 = CARTESIAN_POINT ( 'NONE',  ( 0.000000000000000000, -1.500000000000000000, 0.000000000000000000 ) ) ;
#1496 = LINE ( 'NONE', #865, #508 ) ;
#1497 = ORIENTED_EDGE ( 'NONE', *, *, #2151, .T. ) ;
#1498 = EDGE_CURVE ( 'NONE', #501, #10, #1853, .T. ) ;
#1499 = VERTEX_POINT ( 'NONE', #3125 ) ;
#1500 = DIRECTION ( 'NONE',  ( -0.000000000000000000, 1.000000000000000000, -0.000000000000000000 ) ) ;
#1501 = EDGE_CURVE ( 'NONE', #353, #436, #1903, .T. ) ;
#1502 = CARTESIAN_POINT ( 'NONE',  ( -9.184850993605148438E-17, -8.500000000000000000, 1.742924699575454705E-16 ) ) ;
#1503 = CIRCLE ( 'NONE', #3000, 4.549999999999999822 ) ;
#1504 = CARTESIAN_POINT ( 'NONE',  ( -7.745966692414836707, -1.499999999999999556, -2.499999999999999556 ) ) ;
#1505 = DIRECTION ( 'NONE',  ( 0.000000000000000000, 1.000000000000000000, 0.000000000000000000 ) ) ;
#1506 = CIRCLE ( 'NONE', #105, 1.000000000000000444 ) ;
#1507 = CYLINDRICAL_SURFACE ( 'NONE', #1041, 1.250000000000001110 ) ;
#1508 = DIRECTION ( 'NONE',  ( -0.000000000000000000, -1.000000000000000000, -0.000000000000000000 ) ) ;
#1509 = CARTESIAN_POINT ( 'NONE',  ( -0.8418944329644685309, -8.500000000000000000, 8.458203932499115396 ) ) ;
#1510 = CIRCLE ( 'NONE', #576, 1.000000000000000888 ) ;
#1511 = LINE ( 'NONE', #3075, #2386 ) ;
#1512 = DIRECTION ( 'NONE',  ( -0.000000000000000000, 1.000000000000000000, -0.000000000000000000 ) ) ;
#1513 = ORIENTED_EDGE ( 'NONE', *, *, #1540, .F. ) ;
#1514 = AXIS2_PLACEMENT_3D ( 'NONE', #1769, #11, #1471 ) ;
#1515 = ORIENTED_EDGE ( 'NONE', *, *, #2410, .T. ) ;
#1516 = ORIENTED_EDGE ( 'NONE', *, *, #3321, .T. ) ;
#1517 = CIRCLE ( 'NONE', #233, 0.9999999999999991118 ) ;
#1518 = CARTESIAN_POINT ( 'NONE',  ( 4.499464137392734209, 1.500000000000000000, -13.53203923154092259 ) ) ;
#1519 = ORIENTED_EDGE ( 'NONE', *, *, #252, .F. ) ;
#1520 = VECTOR ( 'NONE', #1449, 1000.000000000000000 ) ;
#1521 = ORIENTED_EDGE ( 'NONE', *, *, #3552, .T. ) ;
#1522 = CARTESIAN_POINT ( 'NONE',  ( 6.834676493307207501, -8.500000000000000000, -3.088235294117648078 ) ) ;
#1523 = DIRECTION ( 'NONE',  ( 0.000000000000000000, 0.000000000000000000, 1.000000000000000000 ) ) ;
#1524 = CARTESIAN_POINT ( 'NONE',  ( 8.750000000000005329, 1.500000000000000000, 15.15544456622768088 ) ) ;
#1525 = LINE ( 'NONE', #2583, #2659 ) ;
#1526 = DIRECTION ( 'NONE',  ( 0.000000000000000000, 0.000000000000000000, 1.000000000000000000 ) ) ;
#1527 = FACE_OUTER_BOUND ( 'NONE', #1894, .T. ) ;
#1528 = ADVANCED_FACE ( 'NONE', ( #2333 ), #3423, .F. ) ;
#1529 = CARTESIAN_POINT ( 'NONE',  ( 4.431305835112030245, 1.500000000000000000, 12.67524685028481990 ) ) ;
#1530 = CARTESIAN_POINT ( 'NONE',  ( 16.35474950397707161, -1.499999999999999556, -5.672742914049951679 ) ) ;
#1531 = CARTESIAN_POINT ( 'NONE',  ( 17.50000000000001421, 1.500000000000000000, -1.249999999999996447 ) ) ;
#1532 = EDGE_LOOP ( 'NONE', ( #37, #1052 ) ) ;
#1533 = ORIENTED_EDGE ( 'NONE', *, *, #144, .T. ) ;
#1534 = EDGE_LOOP ( 'NONE', ( #2296, #372, #1096, #1366, #893, #2598, #1538, #613, #1558, #2892, #60, #2837, #108 ) ) ;
#1535 = CARTESIAN_POINT ( 'NONE',  ( 7.745966692414836707, 1.500000000000000000, -2.500000000000000000 ) ) ;
#1536 = DIRECTION ( 'NONE',  ( 0.000000000000000000, 0.000000000000000000, 1.000000000000000000 ) ) ;
#1537 = ORIENTED_EDGE ( 'NONE', *, *, #1770, .F. ) ;
#1538 = ORIENTED_EDGE ( 'NONE', *, *, #3268, .F. ) ;
#1539 = CARTESIAN_POINT ( 'NONE',  ( -3.565280431324996169, 1.500000000000000000, -13.17524685029160736 ) ) ;
#1540 = EDGE_CURVE ( 'NONE', #1311, #3329, #1085, .T. ) ;
#1541 = CARTESIAN_POINT ( 'NONE',  ( 6.834676493307208389, -8.500000000000000000, 3.088235294117648522 ) ) ;
#1542 = DIRECTION ( 'NONE',  ( -0.000000000000000000, -1.000000000000000000, -0.000000000000000000 ) ) ;
#1543 = LINE ( 'NONE', #450, #2726 ) ;
#1544 = CARTESIAN_POINT ( 'NONE',  ( 4.499464137394695307, -8.500000000000000000, 13.53203923153578714 ) ) ;
#1545 = ADVANCED_FACE ( 'NONE', ( #1638 ), #2471, .T. ) ;
#1546 = DIRECTION ( 'NONE',  ( -0.000000000000000000, 1.000000000000000000, -0.000000000000000000 ) ) ;
#1547 = VERTEX_POINT ( 'NONE', #34 ) ;
#1548 = VERTEX_POINT ( 'NONE', #320 ) ;
#1549 = AXIS2_PLACEMENT_3D ( 'NONE', #3316, #299, #3467 ) ;
#1550 = CYLINDRICAL_SURFACE ( 'NONE', #1679, 4.550000000000001599 ) ;
#1551 = CIRCLE ( 'NONE', #446, 1.000000000000002665 ) ;
#1552 = LINE ( 'NONE', #3480, #803 ) ;
#1553 = ORIENTED_EDGE ( 'NONE', *, *, #2125, .F. ) ;
#1554 = EDGE_LOOP ( 'NONE', ( #297, #1701, #2742, #1005 ) ) ;
#1555 = CIRCLE ( 'NONE', #2649, 4.550000000000001599 ) ;
#1556 = CARTESIAN_POINT ( 'NONE',  ( 17.50000000000001421, -1.500000000000000000, 4.853321584273757548E-15 ) ) ;
#1557 = AXIS2_PLACEMENT_3D ( 'NONE', #3571, #1116, #804 ) ;
#1558 = ORIENTED_EDGE ( 'NONE', *, *, #2658, .F. ) ;
#1559 = ADVANCED_FACE ( 'NONE', ( #899 ), #544, .F. ) ;
#1560 = CARTESIAN_POINT ( 'NONE',  ( 15.48872410019262880, -1.499999999999999556, -5.172742914049958785 ) ) ;
#1561 = PLANE ( 'NONE',  #2475 ) ;
#1562 = AXIS2_PLACEMENT_3D ( 'NONE', #1279, #3471, #765 ) ;
#1563 = CIRCLE ( 'NONE', #1336, 1.000000000000001776 ) ;
#1564 = CARTESIAN_POINT ( 'NONE',  ( 6.091828464224791517, -1.499999999999999556, 4.374885822791341639 ) ) ;
#1565 = DIRECTION ( 'NONE',  ( -1.000000000000000000, 0.000000000000000000, 1.051620219116008581E-14 ) ) ;
#1566 = ORIENTED_EDGE ( 'NONE', *, *, #209, .T. ) ;
#1567 = VERTEX_POINT ( 'NONE', #2826 ) ;
#1568 = ORIENTED_EDGE ( 'NONE', *, *, #3481, .T. ) ;
#1569 = AXIS2_PLACEMENT_3D ( 'NONE', #220, #2994, #2117 ) ;
#1570 = DIRECTION ( 'NONE',  ( 1.000000000000000000, 0.000000000000000000, -1.051620219116008738E-14 ) ) ;
#1571 = ADVANCED_FACE ( 'NONE', ( #1117 ), #343, .F. ) ;
#1572 = AXIS2_PLACEMENT_3D ( 'NONE', #2924, #1590, #1864 ) ;
#1573 = LINE ( 'NONE', #736, #2993 ) ;
#1574 = ORIENTED_EDGE ( 'NONE', *, *, #3070, .F. ) ;
#1575 = DIRECTION ( 'NONE',  ( 0.000000000000000000, 0.000000000000000000, 1.000000000000000000 ) ) ;
#1576 = ORIENTED_EDGE ( 'NONE', *, *, #1370, .T. ) ;
#1577 = AXIS2_PLACEMENT_3D ( 'NONE', #938, #637, #1229 ) ;
#1578 = CARTESIAN_POINT ( 'NONE',  ( -16.35474950397701832, -8.500000000000000000, -5.672742914049964114 ) ) ;
#1579 = VECTOR ( 'NONE', #51, 1000.000000000000000 ) ;
#1580 = VERTEX_POINT ( 'NONE', #3572 ) ;
#1581 = CARTESIAN_POINT ( 'NONE',  ( -12.22408882090951288, 1.500000000000000000, 10.82725708595003411 ) ) ;
#1582 = CARTESIAN_POINT ( 'NONE',  ( -9.184850993605148438E-17, 1.500000000000000000, 1.742924699575454705E-16 ) ) ;
#1583 = DIRECTION ( 'NONE',  ( 0.000000000000000000, 1.000000000000000000, -0.000000000000000000 ) ) ;
#1584 = DIRECTION ( 'NONE',  ( -0.5000000000000067724, 0.000000000000000000, 0.8660254037844347108 ) ) ;
#1585 = CARTESIAN_POINT ( 'NONE',  ( -8.750000000000053291, 1.500000000000000000, -15.15544456622765246 ) ) ;
#1586 = EDGE_LOOP ( 'NONE', ( #1341, #1181, #853, #1176 ) ) ;
#1587 = ORIENTED_EDGE ( 'NONE', *, *, #384, .T. ) ;
#1588 = ORIENTED_EDGE ( 'NONE', *, *, #747, .T. ) ;
#1589 = EDGE_CURVE ( 'NONE', #2240, #354, #1049, .T. ) ;
#1590 = DIRECTION ( 'NONE',  ( 0.000000000000000000, 1.000000000000000000, 0.000000000000000000 ) ) ;
#1591 = DIRECTION ( 'NONE',  ( -0.000000000000000000, 1.000000000000000000, -0.000000000000000000 ) ) ;
#1592 = EDGE_LOOP ( 'NONE', ( #291, #742, #966, #359, #1725, #860, #2397, #473, #1287, #2559, #3284, #1842, #21, #1101 ) ) ;
#1593 = CARTESIAN_POINT ( 'NONE',  ( 8.750000000000005329, 1.500000000000000000, 13.90544456622769154 ) ) ;
#1594 = DIRECTION ( 'NONE',  ( 0.000000000000000000, 1.000000000000000000, -0.000000000000000000 ) ) ;
#1595 = ORIENTED_EDGE ( 'NONE', *, *, #2225, .T. ) ;
#1596 = ADVANCED_FACE ( 'NONE', ( #2500 ), #3586, .F. ) ;
#1597 = CARTESIAN_POINT ( 'NONE',  ( 16.35474950397700056, -8.500000000000000000, 5.672742914049922369 ) ) ;
#1598 = DIRECTION ( 'NONE',  ( -1.000000000000000000, 0.000000000000000000, 0.000000000000000000 ) ) ;
#1599 = DIRECTION ( 'NONE',  ( 0.000000000000000000, 0.000000000000000000, 1.000000000000000000 ) ) ;
#1600 = ORIENTED_EDGE ( 'NONE', *, *, #3154, .F. ) ;
#1601 = FACE_OUTER_BOUND ( 'NONE', #2476, .T. ) ;
#1602 = ADVANCED_FACE ( 'NONE', ( #401 ), #1751, .F. ) ;
#1603 = VERTEX_POINT ( 'NONE', #1529 ) ;
#1604 = CIRCLE ( 'NONE', #444, 1.000000000000000888 ) ;
#1605 = ORIENTED_EDGE ( 'NONE', *, *, #2952, .F. ) ;
#1606 = VECTOR ( 'NONE', #2878, 1000.000000000000114 ) ;
#1607 = DIRECTION ( 'NONE',  ( -0.5000000000000008882, 0.000000000000000000, -0.8660254037844380415 ) ) ;
#1608 = DIRECTION ( 'NONE',  ( 0.000000000000000000, 0.000000000000000000, 1.000000000000000000 ) ) ;
#1609 = ORIENTED_EDGE ( 'NONE', *, *, #1891, .F. ) ;
#1610 = VECTOR ( 'NONE', #602, 1000.000000000000114 ) ;
#1611 = EDGE_CURVE ( 'NONE', #1888, #1829, #276, .T. ) ;
#1612 = AXIS2_PLACEMENT_3D ( 'NONE', #1221, #988, #394 ) ;
#1613 = CIRCLE ( 'NONE', #1154, 1.249999999999999334 ) ;
#1614 = CARTESIAN_POINT ( 'NONE',  ( -0.8418944329588047282, -8.500000000000000000, -7.458203932499677613 ) ) ;
#1615 = DIRECTION ( 'NONE',  ( -1.000000000000000000, 0.000000000000000000, 0.000000000000000000 ) ) ;
#1616 = CIRCLE ( 'NONE', #2436, 1.000000000000000888 ) ;
#1617 = DIRECTION ( 'NONE',  ( 0.8660254037844384856, 0.000000000000000000, -0.5000000000000004441 ) ) ;
#1618 = EDGE_LOOP ( 'NONE', ( #1405, #757, #141, #3295 ) ) ;
#1619 = LINE ( 'NONE', #2736, #333 ) ;
#1620 = CIRCLE ( 'NONE', #1858, 4.550000000000001599 ) ;
#1621 = FACE_OUTER_BOUND ( 'NONE', #258, .T. ) ;
#1622 = ORIENTED_EDGE ( 'NONE', *, *, #1421, .F. ) ;
#1623 = EDGE_LOOP ( 'NONE', ( #3520, #2093, #3435, #1016, #3026, #2947, #2686, #2196, #2185, #2838, #3430, #3542, #2340 ) ) ;
#1624 = VECTOR ( 'NONE', #3244, 1000.000000000000000 ) ;
#1625 = DIRECTION ( 'NONE',  ( 0.000000000000000000, 0.000000000000000000, 1.000000000000000000 ) ) ;
#1626 = CARTESIAN_POINT ( 'NONE',  ( -0.8418944329588047282, -8.500000000000000000, -8.458203932499678501 ) ) ;
#1627 = DIRECTION ( 'NONE',  ( 0.000000000000000000, 0.000000000000000000, 1.000000000000000000 ) ) ;
#1628 = ORIENTED_EDGE ( 'NONE', *, *, #3552, .F. ) ;
#1629 = AXIS2_PLACEMENT_3D ( 'NONE', #1410, #2821, #2863 ) ;
#1630 = EDGE_CURVE ( 'NONE', #1963, #3381, #136, .T. ) ;
#1631 = CARTESIAN_POINT ( 'NONE',  ( 2.165063509463543312, -1.500000000000000000, -1.250000000001412870 ) ) ;
#1632 = FACE_OUTER_BOUND ( 'NONE', #3204, .T. ) ;
#1633 = EDGE_LOOP ( 'NONE', ( #2389, #2047, #561, #3163, #1361, #1515, #3146, #3589, #1314, #388, #3147, #1830, #660 ) ) ;
#1634 = DIRECTION ( 'NONE',  ( -0.000000000000000000, 1.000000000000000000, -0.000000000000000000 ) ) ;
#1635 = FACE_BOUND ( 'NONE', #2104, .T. ) ;
#1636 = ORIENTED_EDGE ( 'NONE', *, *, #700, .T. ) ;
#1637 = EDGE_LOOP ( 'NONE', ( #411, #1636, #3483, #3569 ) ) ;
#1638 = FACE_OUTER_BOUND ( 'NONE', #3462, .T. ) ;
#1639 = CARTESIAN_POINT ( 'NONE',  ( 3.565280431327592758, -1.499999999999999556, 13.17524685028481990 ) ) ;
#1640 = CARTESIAN_POINT ( 'NONE',  ( 0.000000000000000000, -1.500000000000000000, -16.99999999999987921 ) ) ;
#1641 = DIRECTION ( 'NONE',  ( 0.000000000000000000, 1.000000000000000000, 0.000000000000000000 ) ) ;
#1642 = ORIENTED_EDGE ( 'NONE', *, *, #589, .F. ) ;
#1643 = CARTESIAN_POINT ( 'NONE',  ( -2.165063509458655222, -8.500000000000000000, 1.249999999998590905 ) ) ;
#1644 = DIRECTION ( 'NONE',  ( 0.8660254037844415942, 0.000000000000000000, -0.4999999999999950595 ) ) ;
#1645 = CARTESIAN_POINT ( 'NONE',  ( 0.000000000000000000, 1.500000000000000000, 2.500000000000001332 ) ) ;
#1646 = EDGE_CURVE ( 'NONE', #2573, #2730, #3142, .T. ) ;
#1647 = CARTESIAN_POINT ( 'NONE',  ( 11.59812687119604391, -1.499999999999999556, 11.60711068600008034 ) ) ;
#1648 = ORIENTED_EDGE ( 'NONE', *, *, #1973, .F. ) ;
#1649 = CARTESIAN_POINT ( 'NONE',  ( 4.252989283015875088, 1.500000000000000000, 15.84782784977072367 ) ) ;
#1650 = CARTESIAN_POINT ( 'NONE',  ( 0.8418944329592915610, -8.500000000000000000, -8.458203932499628763 ) ) ;
#1651 = CARTESIAN_POINT ( 'NONE',  ( -17.50000000000000000, -1.500000000000000000, 1.250000000000018874 ) ) ;
#1652 = EDGE_LOOP ( 'NONE', ( #519, #1286, #1254, #536, #2478, #3266, #2851, #2870, #3055, #3413, #1738, #2792 ) ) ;
#1653 = DIRECTION ( 'NONE',  ( -0.000000000000000000, -1.000000000000000000, -0.000000000000000000 ) ) ;
#1654 = CARTESIAN_POINT ( 'NONE',  ( 8.750000000000003553, 1.500000000000000000, -15.15544456622767733 ) ) ;
#1655 = VERTEX_POINT ( 'NONE', #206 ) ;
#1656 = AXIS2_PLACEMENT_3D ( 'NONE', #801, #2700, #751 ) ;
#1657 = VECTOR ( 'NONE', #673, 1000.000000000000000 ) ;
#1658 = CARTESIAN_POINT ( 'NONE',  ( -15.85111615421194031, 1.500000000000000000, -4.240717163770692189 ) ) ;
#1659 = AXIS2_PLACEMENT_3D ( 'NONE', #1440, #2521, #1418 ) ;
#1660 = EDGE_CURVE ( 'NONE', #2633, #1875, #1885, .T. ) ;
#1661 = CARTESIAN_POINT ( 'NONE',  ( -6.091828464224532169, 1.500000000000000000, 4.374885822791697798 ) ) ;
#1662 = CARTESIAN_POINT ( 'NONE',  ( 13.19273868914366687, -8.500000000000000000, 2.500000000000000444 ) ) ;
#1663 = ORIENTED_EDGE ( 'NONE', *, *, #2414, .T. ) ;
#1664 = AXIS2_PLACEMENT_3D ( 'NONE', #3105, #379, #958 ) ;
#1665 = LINE ( 'NONE', #2231, #1276 ) ;
#1666 = DIRECTION ( 'NONE',  ( 0.000000000000000000, 1.000000000000000000, -0.000000000000000000 ) ) ;
#1667 = EDGE_CURVE ( 'NONE', #2136, #437, #3286, .T. ) ;
#1668 = AXIS2_PLACEMENT_3D ( 'NONE', #1995, #1398, #3086 ) ;
#1669 = DIRECTION ( 'NONE',  ( -0.000000000000000000, 1.000000000000000000, -0.000000000000000000 ) ) ;
#1670 = ORIENTED_EDGE ( 'NONE', *, *, #2293, .F. ) ;
#1671 = VERTEX_POINT ( 'NONE', #2124 ) ;
#1672 = VECTOR ( 'NONE', #3590, 1000.000000000000000 ) ;
#1673 = CARTESIAN_POINT ( 'NONE',  ( 1.707919836743731157, 1.500000000000000000, -7.958203932499630540 ) ) ;
#1674 = CARTESIAN_POINT ( 'NONE',  ( -6.904072259454470561, -1.499999999999999556, 4.958203932497259991 ) ) ;
#1675 = CIRCLE ( 'NONE', #30, 4.549999999999997158 ) ;
#1676 = CYLINDRICAL_SURFACE ( 'NONE', #3397, 1.000000000000000444 ) ;
#1677 = ORIENTED_EDGE ( 'NONE', *, *, #155, .F. ) ;
#1678 = VECTOR ( 'NONE', #1653, 1000.000000000000000 ) ;
#1679 = AXIS2_PLACEMENT_3D ( 'NONE', #1001, #2409, #3494 ) ;
#1680 = FACE_OUTER_BOUND ( 'NONE', #1618, .T. ) ;
#1681 = ADVANCED_FACE ( 'NONE', ( #245 ), #3200, .F. ) ;
#1682 = VECTOR ( 'NONE', #301, 1000.000000000000114 ) ;
#1683 = DIRECTION ( 'NONE',  ( 0.000000000000000000, 1.000000000000000000, -0.000000000000000000 ) ) ;
#1684 = CARTESIAN_POINT ( 'NONE',  ( -6.834676493307208389, 1.500000000000000000, -3.088235294117646745 ) ) ;
#1685 = ORIENTED_EDGE ( 'NONE', *, *, #179, .F. ) ;
#1686 = AXIS2_PLACEMENT_3D ( 'NONE', #1203, #2050, #28 ) ;
#1687 = CARTESIAN_POINT ( 'NONE',  ( -8.750000000000053291, -1.500000000000000000, -13.90544456622765246 ) ) ;
#1688 = DIRECTION ( 'NONE',  ( 0.4999999999999999445, 0.000000000000000000, -0.8660254037844385966 ) ) ;
#1689 = ADVANCED_FACE ( 'NONE', ( #538 ), #1127, .F. ) ;
#1690 = ORIENTED_EDGE ( 'NONE', *, *, #2029, .F. ) ;
#1691 = EDGE_CURVE ( 'NONE', #1809, #3511, #2605, .T. ) ;
#1692 = ORIENTED_EDGE ( 'NONE', *, *, #1812, .T. ) ;
#1693 = CARTESIAN_POINT ( 'NONE',  ( 13.96882180821688202, -1.499999999999999556, 2.869369369369367373 ) ) ;
#1694 = SURFACE_STYLE_FILL_AREA ( #3058 ) ;
#1695 = DIRECTION ( 'NONE',  ( 0.000000000000000000, 1.000000000000000000, -0.000000000000000000 ) ) ;
#1696 = CARTESIAN_POINT ( 'NONE',  ( -13.96882180821687847, -1.499999999999999556, 2.869369369369367817 ) ) ;
#1697 = ORIENTED_EDGE ( 'NONE', *, *, #2977, .F. ) ;
#1698 = EDGE_CURVE ( 'NONE', #289, #3149, #1736, .T. ) ;
#1699 = VERTEX_POINT ( 'NONE', #1732 ) ;
#1700 = DIRECTION ( 'NONE',  ( 0.000000000000000000, 1.000000000000000000, 0.000000000000000000 ) ) ;
#1701 = ORIENTED_EDGE ( 'NONE', *, *, #901, .T. ) ;
#1702 = DIRECTION ( 'NONE',  ( 0.000000000000000000, 1.000000000000000000, 0.000000000000000000 ) ) ;
#1703 = FACE_OUTER_BOUND ( 'NONE', #1358, .T. ) ;
#1704 = ADVANCED_FACE ( 'NONE', ( #3383 ), #922, .F. ) ;
#1705 = DIRECTION ( 'NONE',  ( 0.000000000000000000, 0.000000000000000000, 1.000000000000000000 ) ) ;
#1706 = DIRECTION ( 'NONE',  ( 0.000000000000000000, 0.000000000000000000, 1.000000000000000000 ) ) ;
#1707 = ORIENTED_EDGE ( 'NONE', *, *, #1501, .F. ) ;
#1708 = LINE ( 'NONE', #342, #2532 ) ;
#1709 = CARTESIAN_POINT ( 'NONE',  ( 6.091828464224791517, -8.500000000000000000, 4.374885822791341639 ) ) ;
#1710 = ORIENTED_EDGE ( 'NONE', *, *, #3393, .T. ) ;
#1711 = ORIENTED_EDGE ( 'NONE', *, *, #2918, .F. ) ;
#1712 = DIRECTION ( 'NONE',  ( -0.000000000000000000, 1.000000000000000000, -0.000000000000000000 ) ) ;
#1713 = EDGE_CURVE ( 'NONE', #2498, #2240, #2278, .T. ) ;
#1714 = DIRECTION ( 'NONE',  ( 0.000000000000000000, 0.000000000000000000, 1.000000000000000000 ) ) ;
#1715 = LINE ( 'NONE', #2045, #268 ) ;
#1716 = ORIENTED_EDGE ( 'NONE', *, *, #479, .F. ) ;
#1717 = ORIENTED_EDGE ( 'NONE', *, *, #2033, .T. ) ;
#1718 = EDGE_CURVE ( 'NONE', #2271, #168, #2480, .T. ) ;
#1719 = EDGE_CURVE ( 'NONE', #3535, #2615, #1159, .T. ) ;
#1720 = DIRECTION ( 'NONE',  ( 0.000000000000000000, 0.000000000000000000, 1.000000000000000000 ) ) ;
#1721 = EDGE_CURVE ( 'NONE', #3427, #253, #1525, .T. ) ;
#1722 = AXIS2_PLACEMENT_3D ( 'NONE', #458, #2169, #3004 ) ;
#1723 = DIRECTION ( 'NONE',  ( 0.000000000000000000, 0.000000000000000000, 1.000000000000000000 ) ) ;
#1724 = CARTESIAN_POINT ( 'NONE',  ( 0.7428480290867359725, 1.500000000000000000, 7.463121116910939712 ) ) ;
#1725 = ORIENTED_EDGE ( 'NONE', *, *, #1200, .F. ) ;
#1726 = CIRCLE ( 'NONE', #2014, 7.500000000000001776 ) ;
#1727 = CARTESIAN_POINT ( 'NONE',  ( 8.750000000000005329, 1.500000000000000000, 15.15544456622768976 ) ) ;
#1728 = CIRCLE ( 'NONE', #2310, 1.250000000000001110 ) ;
#1729 = ORIENTED_EDGE ( 'NONE', *, *, #1691, .F. ) ;
#1730 = VERTEX_POINT ( 'NONE', #3420 ) ;
#1731 = DIRECTION ( 'NONE',  ( 0.000000000000000000, 1.000000000000000000, 0.000000000000000000 ) ) ;
#1732 = CARTESIAN_POINT ( 'NONE',  ( 0.000000000000000000, 1.500000000000000000, 5.000000000000000000 ) ) ;
#1733 = CARTESIAN_POINT ( 'NONE',  ( -0.7428480290862983226, 1.500000000000000000, 7.463121116910982344 ) ) ;
#1734 = CARTESIAN_POINT ( 'NONE',  ( 11.54700538379275621, 1.500000000000000000, 19.99999999999987566 ) ) ;
#1735 = EDGE_LOOP ( 'NONE', ( #100, #3031, #1762, #1175 ) ) ;
#1736 = CIRCLE ( 'NONE', #566, 1.249999999999999334 ) ;
#1737 = DIRECTION ( 'NONE',  ( -0.000000000000000000, 1.000000000000000000, -0.000000000000000000 ) ) ;
#1738 = ORIENTED_EDGE ( 'NONE', *, *, #2322, .T. ) ;
#1739 = CIRCLE ( 'NONE', #167, 4.550000000000001599 ) ;
#1740 = LINE ( 'NONE', #3392, #2146 ) ;
#1741 = ADVANCED_FACE ( 'NONE', ( #3138 ), #2364, .F. ) ;
#1742 = VECTOR ( 'NONE', #295, 1000.000000000000000 ) ;
#1743 = CARTESIAN_POINT ( 'NONE',  ( -1.990540770086660026E-16, -1.500000000000000000, -2.499999999999999556 ) ) ;
#1744 = VECTOR ( 'NONE', #579, 1000.000000000000227 ) ;
#1745 = LINE ( 'NONE', #3336, #1682 ) ;
#1746 = CARTESIAN_POINT ( 'NONE',  ( 0.7428480290867359725, -8.500000000000000000, 7.463121116910939712 ) ) ;
#1747 = ORIENTED_EDGE ( 'NONE', *, *, #2151, .F. ) ;
#1748 = DIRECTION ( 'NONE',  ( 0.000000000000000000, 0.000000000000000000, 1.000000000000000000 ) ) ;
#1749 = AXIS2_PLACEMENT_3D ( 'NONE', #1377, #2698, #2479 ) ;
#1750 = CARTESIAN_POINT ( 'NONE',  ( -11.54700538379261232, 1.500000000000000000, -19.99999999999996092 ) ) ;
#1751 = CYLINDRICAL_SURFACE ( 'NONE', #462, 1.000000000000002665 ) ;
#1752 = CARTESIAN_POINT ( 'NONE',  ( -8.749999999999996447, 1.500000000000000000, 15.15544456622769154 ) ) ;
#1753 = LINE ( 'NONE', #364, #2306 ) ;
#1754 = VERTEX_POINT ( 'NONE', #1277 ) ;
#1755 = ORIENTED_EDGE ( 'NONE', *, *, #1691, .T. ) ;
#1756 = DIRECTION ( 'NONE',  ( 0.000000000000000000, 0.000000000000000000, 1.000000000000000000 ) ) ;
#1757 = DIRECTION ( 'NONE',  ( 0.000000000000000000, 1.000000000000000000, 0.000000000000000000 ) ) ;
#1758 = DIRECTION ( 'NONE',  ( 0.000000000000000000, 1.000000000000000000, -0.000000000000000000 ) ) ;
#1759 = DIRECTION ( 'NONE',  ( 0.000000000000000000, 1.000000000000000000, 0.000000000000000000 ) ) ;
#1760 = ORIENTED_EDGE ( 'NONE', *, *, #2800, .T. ) ;
#1761 = DIRECTION ( 'NONE',  ( 0.000000000000000000, 0.000000000000000000, 1.000000000000000000 ) ) ;
#1762 = ORIENTED_EDGE ( 'NONE', *, *, #235, .F. ) ;
#1763 = DIRECTION ( 'NONE',  ( 0.000000000000000000, 0.000000000000000000, 1.000000000000000000 ) ) ;
#1764 = LINE ( 'NONE', #151, #2246 ) ;
#1765 = DIRECTION ( 'NONE',  ( 0.000000000000000000, 1.000000000000000000, 0.000000000000000000 ) ) ;
#1766 = DIRECTION ( 'NONE',  ( -0.000000000000000000, 1.000000000000000000, -0.000000000000000000 ) ) ;
#1767 = LINE ( 'NONE', #1259, #18 ) ;
#1768 = FACE_OUTER_BOUND ( 'NONE', #1586, .T. ) ;
#1769 = CARTESIAN_POINT ( 'NONE',  ( 3.264635279283097713, -1.499999999999999556, 15.99999999999996625 ) ) ;
#1770 = EDGE_CURVE ( 'NONE', #3191, #3444, #2320, .T. ) ;
#1771 = ORIENTED_EDGE ( 'NONE', *, *, #523, .F. ) ;
#1772 = ORIENTED_EDGE ( 'NONE', *, *, #2287, .T. ) ;
#1773 = CYLINDRICAL_SURFACE ( 'NONE', #2603, 1.000000000000000444 ) ;
#1774 = EDGE_CURVE ( 'NONE', #1011, #1490, #1103, .T. ) ;
#1775 = CARTESIAN_POINT ( 'NONE',  ( -15.85111615421194031, -1.499999999999999556, -4.240717163770692189 ) ) ;
#1776 = ORIENTED_EDGE ( 'NONE', *, *, #1789, .F. ) ;
#1777 = ORIENTED_EDGE ( 'NONE', *, *, #2488, .T. ) ;
#1778 = FACE_OUTER_BOUND ( 'NONE', #969, .T. ) ;
#1779 = EDGE_CURVE ( 'NONE', #549, #1730, #913, .T. ) ;
#1780 = CARTESIAN_POINT ( 'NONE',  ( -4.431305835109433211, -8.500000000000000000, -12.67524685029160914 ) ) ;
#1781 = DIRECTION ( 'NONE',  ( 0.000000000000000000, 0.000000000000000000, 1.000000000000000000 ) ) ;
#1782 = CARTESIAN_POINT ( 'NONE',  ( 8.750000000000007105, -1.499999999999999556, -15.15544456622769331 ) ) ;
#1783 = CARTESIAN_POINT ( 'NONE',  ( -3.264635279283073288, -8.500000000000000000, -16.99999999999987921 ) ) ;
#1784 = AXIS2_PLACEMENT_3D ( 'NONE', #1502, #2604, #2899 ) ;
#1785 = DIRECTION ( 'NONE',  ( -0.000000000000000000, -1.000000000000000000, -0.000000000000000000 ) ) ;
#1786 = EDGE_LOOP ( 'NONE', ( #2923, #109, #2072, #237 ) ) ;
#1787 = CIRCLE ( 'NONE', #2584, 1.000000000000000222 ) ;
#1788 = ORIENTED_EDGE ( 'NONE', *, *, #2038, .F. ) ;
#1789 = EDGE_CURVE ( 'NONE', #1825, #1548, #3375, .T. ) ;
#1790 = AXIS2_PLACEMENT_3D ( 'NONE', #1269, #720, #1828 ) ;
#1791 = CARTESIAN_POINT ( 'NONE',  ( 23.09401076758504701, 1.500000000000000000, 0.000000000000000000 ) ) ;
#1792 = AXIS2_PLACEMENT_3D ( 'NONE', #1524, #687, #1465 ) ;
#1793 = EDGE_LOOP ( 'NONE', ( #718, #2099, #422, #283 ) ) ;
#1794 = AXIS2_PLACEMENT_3D ( 'NONE', #1468, #75, #1206 ) ;
#1795 = ADVANCED_FACE ( 'NONE', ( #594 ), #52, .F. ) ;
#1796 = CYLINDRICAL_SURFACE ( 'NONE', #516, 4.549999999999999822 ) ;
#1797 = ORIENTED_EDGE ( 'NONE', *, *, #3251, .F. ) ;
#1798 = DIRECTION ( 'NONE',  ( -0.5000000000000003331, 0.000000000000000000, -0.8660254037844383745 ) ) ;
#1799 = AXIS2_PLACEMENT_3D ( 'NONE', #2931, #3503, #451 ) ;
#1800 = CARTESIAN_POINT ( 'NONE',  ( -9.184850993605148438E-17, 1.500000000000000000, 7.500000000000001776 ) ) ;
#1801 = CIRCLE ( 'NONE', #1225, 4.549999999999998934 ) ;
#1802 = CARTESIAN_POINT ( 'NONE',  ( -9.184850993605148438E-17, -1.499999999999999556, 1.742924699575454705E-16 ) ) ;
#1803 = VECTOR ( 'NONE', #1832, 1000.000000000000000 ) ;
#1804 = CARTESIAN_POINT ( 'NONE',  ( -9.184850993605148438E-17, -8.500000000000000000, 1.742924699575454705E-16 ) ) ;
#1805 = CIRCLE ( 'NONE', #874, 1.249999999999999334 ) ;
#1806 = DIRECTION ( 'NONE',  ( 0.000000000000000000, 0.000000000000000000, 1.000000000000000000 ) ) ;
#1807 = DIRECTION ( 'NONE',  ( -0.000000000000000000, 1.000000000000000000, -0.000000000000000000 ) ) ;
#1808 = ORIENTED_EDGE ( 'NONE', *, *, #914, .T. ) ;
#1809 = VERTEX_POINT ( 'NONE', #2846 ) ;
#1810 = CIRCLE ( 'NONE', #2844, 7.500000000000001776 ) ;
#1811 = CARTESIAN_POINT ( 'NONE',  ( 1.707919836749406839, -1.499999999999999556, 7.958203932499066546 ) ) ;
#1812 = EDGE_CURVE ( 'NONE', #1033, #3427, #3516, .T. ) ;
#1813 = ORIENTED_EDGE ( 'NONE', *, *, #964, .T. ) ;
#1814 = ORIENTED_EDGE ( 'NONE', *, *, #952, .F. ) ;
#1815 = DIRECTION ( 'NONE',  ( 0.000000000000000000, 1.000000000000000000, 0.000000000000000000 ) ) ;
#1816 = EDGE_CURVE ( 'NONE', #2823, #2281, #1616, .T. ) ;
#1817 = DIRECTION ( 'NONE',  ( -0.000000000000000000, 1.000000000000000000, -0.000000000000000000 ) ) ;
#1818 = DIRECTION ( 'NONE',  ( 0.000000000000000000, 0.000000000000000000, 1.000000000000000000 ) ) ;
#1819 = CARTESIAN_POINT ( 'NONE',  ( -0.8418944329588047282, 1.500000000000000000, -8.458203932499678501 ) ) ;
#1820 = ADVANCED_FACE ( 'NONE', ( #876 ), #317, .T. ) ;
#1821 = DIRECTION ( 'NONE',  ( 0.000000000000000000, 1.000000000000000000, -0.000000000000000000 ) ) ;
#1822 = FACE_OUTER_BOUND ( 'NONE', #614, .T. ) ;
#1823 = DIRECTION ( 'NONE',  ( 7.962163080346640843E-17, 0.000000000000000000, 1.000000000000000000 ) ) ;
#1824 = CARTESIAN_POINT ( 'NONE',  ( -23.09401076758504345, -1.500000000000000000, 1.612646152681311659E-13 ) ) ;
#1825 = VERTEX_POINT ( 'NONE', #2403 ) ;
#1826 = ORIENTED_EDGE ( 'NONE', *, *, #223, .T. ) ;
#1827 = CARTESIAN_POINT ( 'NONE',  ( 11.54700538379275621, -1.500000000000000000, 19.99999999999987566 ) ) ;
#1828 = DIRECTION ( 'NONE',  ( 0.000000000000000000, 0.000000000000000000, 1.000000000000000000 ) ) ;
#1829 = VERTEX_POINT ( 'NONE', #2122 ) ;
#1830 = ORIENTED_EDGE ( 'NONE', *, *, #1266, .T. ) ;
#1831 = EDGE_CURVE ( 'NONE', #1385, #2110, #3227, .T. ) ;
#1832 = DIRECTION ( 'NONE',  ( -0.000000000000000000, 1.000000000000000000, -0.000000000000000000 ) ) ;
#1833 = VERTEX_POINT ( 'NONE', #729 ) ;
#1834 = DIRECTION ( 'NONE',  ( 0.000000000000000000, 0.000000000000000000, 1.000000000000000000 ) ) ;
#1835 = CARTESIAN_POINT ( 'NONE',  ( -8.750000000000053291, 1.500000000000000000, -13.90544456622765246 ) ) ;
#1836 = CARTESIAN_POINT ( 'NONE',  ( 11.54700538379247732, 1.500000000000000000, -20.00000000000004263 ) ) ;
#1837 = EDGE_CURVE ( 'NONE', #10, #1209, #476, .T. ) ;
#1838 = CYLINDRICAL_SURFACE ( 'NONE', #2161, 4.550000000000001599 ) ;
#1839 = DIRECTION ( 'NONE',  ( -1.051620219116008581E-14, 0.000000000000000000, -1.000000000000000000 ) ) ;
#1840 = VERTEX_POINT ( 'NONE', #191 ) ;
#1841 = ORIENTED_EDGE ( 'NONE', *, *, #2328, .T. ) ;
#1842 = ORIENTED_EDGE ( 'NONE', *, *, #2328, .F. ) ;
#1843 = VECTOR ( 'NONE', #1394, 1000.000000000000000 ) ;
#1844 = LINE ( 'NONE', #142, #2245 ) ;
#1845 = LINE ( 'NONE', #1018, #472 ) ;
#1846 = CIRCLE ( 'NONE', #2938, 1.000000000000001776 ) ;
#1847 = CARTESIAN_POINT ( 'NONE',  ( 12.22408882090946136, 1.500000000000000000, 11.82725708595006076 ) ) ;
#1848 = EDGE_LOOP ( 'NONE', ( #1352, #3477, #995, #1134 ) ) ;
#1849 = ORIENTED_EDGE ( 'NONE', *, *, #2557, .F. ) ;
#1850 = DIRECTION ( 'NONE',  ( -0.000000000000000000, 1.000000000000000000, -0.000000000000000000 ) ) ;
#1851 = AXIS2_PLACEMENT_3D ( 'NONE', #2280, #2001, #587 ) ;
#1852 = ORIENTED_EDGE ( 'NONE', *, *, #2995, .F. ) ;
#1853 = CIRCLE ( 'NONE', #563, 1.249999999999999334 ) ;
#1854 = DIRECTION ( 'NONE',  ( 0.000000000000000000, 1.000000000000000000, 0.000000000000000000 ) ) ;
#1855 = EDGE_CURVE ( 'NONE', #873, #2927, #3562, .T. ) ;
#1856 = FACE_OUTER_BOUND ( 'NONE', #2177, .T. ) ;
#1857 = AXIS2_PLACEMENT_3D ( 'NONE', #2331, #3139, #1990 ) ;
#1858 = AXIS2_PLACEMENT_3D ( 'NONE', #2840, #1815, #1763 ) ;
#1859 = FACE_OUTER_BOUND ( 'NONE', #928, .T. ) ;
#1860 = DIRECTION ( 'NONE',  ( -0.000000000000000000, 1.000000000000000000, -0.000000000000000000 ) ) ;
#1861 = EDGE_LOOP ( 'NONE', ( #1717, #3561, #3246, #1670 ) ) ;
#1862 = EDGE_LOOP ( 'NONE', ( #1998, #146, #1900, #2911 ) ) ;
#1863 = VECTOR ( 'NONE', #1607, 1000.000000000000227 ) ;
#1864 = DIRECTION ( 'NONE',  ( 0.000000000000000000, 0.000000000000000000, 1.000000000000000000 ) ) ;
#1865 = VECTOR ( 'NONE', #2395, 1000.000000000000000 ) ;
#1866 = CARTESIAN_POINT ( 'NONE',  ( -15.48872410019255597, 1.500000000000000000, 5.172742914049913487 ) ) ;
#1867 = ORIENTED_EDGE ( 'NONE', *, *, #3313, .F. ) ;
#1868 = CIRCLE ( 'NONE', #1006, 1.000000000000000444 ) ;
#1869 = LINE ( 'NONE', #1578, #2088 ) ;
#1870 = ORIENTED_EDGE ( 'NONE', *, *, #1381, .F. ) ;
#1871 = EDGE_CURVE ( 'NONE', #640, #1963, #2763, .T. ) ;
#1872 = EDGE_CURVE ( 'NONE', #2271, #2110, #2066, .T. ) ;
#1873 = CYLINDRICAL_SURFACE ( 'NONE', #3294, 1.000000000000000888 ) ;
#1874 = DIRECTION ( 'NONE',  ( -0.000000000000000000, 1.000000000000000000, -0.000000000000000000 ) ) ;
#1875 = VERTEX_POINT ( 'NONE', #3157 ) ;
#1876 = ORIENTED_EDGE ( 'NONE', *, *, #1589, .T. ) ;
#1877 = ORIENTED_EDGE ( 'NONE', *, *, #1872, .T. ) ;
#1878 = EDGE_CURVE ( 'NONE', #2423, #3116, #693, .T. ) ;
#1879 = LINE ( 'NONE', #1290, #1624 ) ;
#1880 = ORIENTED_EDGE ( 'NONE', *, *, #341, .F. ) ;
#1881 = EDGE_CURVE ( 'NONE', #3164, #1884, #3214, .T. ) ;
#1882 = DIRECTION ( 'NONE',  ( 0.000000000000000000, 0.000000000000000000, 1.000000000000000000 ) ) ;
#1883 = CARTESIAN_POINT ( 'NONE',  ( -3.264635279283147007, -8.500000000000000000, 16.99999999999996803 ) ) ;
#1884 = VERTEX_POINT ( 'NONE', #951 ) ;
#1885 = LINE ( 'NONE', #1614, #1281 ) ;
#1886 = CARTESIAN_POINT ( 'NONE',  ( 8.750000000000005329, -8.500000000000000000, 15.15544456622768088 ) ) ;
#1887 = PLANE ( 'NONE',  #14 ) ;
#1888 = VERTEX_POINT ( 'NONE', #2362 ) ;
#1889 = CARTESIAN_POINT ( 'NONE',  ( 0.000000000000000000, -8.500000000000000000, 2.500000000000000444 ) ) ;
#1890 = FACE_BOUND ( 'NONE', #1592, .T. ) ;
#1891 = EDGE_CURVE ( 'NONE', #3076, #1459, #2102, .T. ) ;
#1892 = ORIENTED_EDGE ( 'NONE', *, *, #3512, .F. ) ;
#1893 = EDGE_CURVE ( 'NONE', #1671, #984, #2379, .T. ) ;
#1894 = EDGE_LOOP ( 'NONE', ( #3032, #3022, #1587, #706 ) ) ;
#1895 = CIRCLE ( 'NONE', #324, 1.249999999999999334 ) ;
#1896 = FACE_OUTER_BOUND ( 'NONE', #1637, .T. ) ;
#1897 = DIRECTION ( 'NONE',  ( 0.000000000000000000, 1.000000000000000000, 0.000000000000000000 ) ) ;
#1898 = CARTESIAN_POINT ( 'NONE',  ( 13.96882180821687491, -1.499999999999999556, -2.869369369369369593 ) ) ;
#1899 = CIRCLE ( 'NONE', #327, 1.000000000000000888 ) ;
#1900 = ORIENTED_EDGE ( 'NONE', *, *, #1855, .F. ) ;
#1901 = EDGE_CURVE ( 'NONE', #3188, #2517, #1739, .T. ) ;
#1902 = AXIS2_PLACEMENT_3D ( 'NONE', #2215, #1098, #304 ) ;
#1903 = CIRCLE ( 'NONE', #2194, 1.000000000000000444 ) ;
#1904 = DIRECTION ( 'NONE',  ( 0.000000000000000000, 0.000000000000000000, 1.000000000000000000 ) ) ;
#1905 = VECTOR ( 'NONE', #29, 1000.000000000000000 ) ;
#1906 = CARTESIAN_POINT ( 'NONE',  ( 16.35474950397700056, 1.499999999999999556, 5.672742914049922369 ) ) ;
#1907 = ORIENTED_EDGE ( 'NONE', *, *, #2324, .T. ) ;
#1908 = DIRECTION ( 'NONE',  ( 0.4999999999999996669, 0.000000000000000000, -0.8660254037844388186 ) ) ;
#1909 = AXIS2_PLACEMENT_3D ( 'NONE', #861, #2775, #292 ) ;
#1910 = LINE ( 'NONE', #3009, #1165 ) ;
#1911 = VERTEX_POINT ( 'NONE', #202 ) ;
#1912 = CIRCLE ( 'NONE', #1163, 1.000000000000000888 ) ;
#1913 = EDGE_LOOP ( 'NONE', ( #3581, #212 ) ) ;
#1914 = VECTOR ( 'NONE', #3087, 1000.000000000000000 ) ;
#1915 = ADVANCED_FACE ( 'NONE', ( #1133 ), #581, .F. ) ;
#1916 = DIRECTION ( 'NONE',  ( 0.000000000000000000, 1.000000000000000000, 0.000000000000000000 ) ) ;
#1917 = DIRECTION ( 'NONE',  ( 0.4999999999999945044, -0.000000000000000000, 0.8660254037844419273 ) ) ;
#1918 = CARTESIAN_POINT ( 'NONE',  ( -11.54700538379261232, 1.500000000000000000, -19.99999999999996092 ) ) ;
#1919 = VECTOR ( 'NONE', #2451, 1000.000000000000000 ) ;
#1920 = VERTEX_POINT ( 'NONE', #3230 ) ;
#1921 = CIRCLE ( 'NONE', #478, 7.500000000000001776 ) ;
#1922 = ADVANCED_FACE ( 'NONE', ( #782 ), #3546, .F. ) ;
#1923 = DIRECTION ( 'NONE',  ( -0.000000000000000000, 1.000000000000000000, -0.000000000000000000 ) ) ;
#1924 = DIRECTION ( 'NONE',  ( -0.000000000000000000, 1.000000000000000000, -0.000000000000000000 ) ) ;
#1925 = ORIENTED_EDGE ( 'NONE', *, *, #2205, .T. ) ;
#1926 = DIRECTION ( 'NONE',  ( 0.000000000000000000, 0.000000000000000000, 1.000000000000000000 ) ) ;
#1927 = DIRECTION ( 'NONE',  ( 0.000000000000000000, 0.000000000000000000, 1.000000000000000000 ) ) ;
#1928 = EDGE_CURVE ( 'NONE', #738, #219, #3564, .T. ) ;
#1929 = EDGE_CURVE ( 'NONE', #1754, #3352, #371, .T. ) ;
#1930 = CARTESIAN_POINT ( 'NONE',  ( 0.000000000000000000, 1.500000000000000000, 0.000000000000000000 ) ) ;
#1931 = EDGE_LOOP ( 'NONE', ( #1130, #1777, #2654, #1249, #3532, #1237, #3584, #2412, #2264, #249, #1521, #2042, #3057 ) ) ;
#1932 = ORIENTED_EDGE ( 'NONE', *, *, #1215, .F. ) ;
#1933 = DIRECTION ( 'NONE',  ( 0.4999999999999944489, 0.000000000000000000, 0.8660254037844418162 ) ) ;
#1934 = LINE ( 'NONE', #1640, #741 ) ;
#1935 = EDGE_LOOP ( 'NONE', ( #590, #702, #1435, #947, #3035, #1057, #2544, #2673, #920, #3486, #2522, #859, #3510, #3016 ) ) ;
#1936 = DIRECTION ( 'NONE',  ( -0.4999999999999950595, 0.000000000000000000, -0.8660254037844415942 ) ) ;
#1937 = DIRECTION ( 'NONE',  ( 0.000000000000000000, 1.000000000000000000, -0.000000000000000000 ) ) ;
#1938 = DIRECTION ( 'NONE',  ( -0.000000000000000000, 1.000000000000000000, -0.000000000000000000 ) ) ;
#1939 = ORIENTED_EDGE ( 'NONE', *, *, #2731, .T. ) ;
#1940 = EDGE_CURVE ( 'NONE', #2895, #763, #2323, .T. ) ;
#1941 = DIRECTION ( 'NONE',  ( 0.000000000000000000, 0.000000000000000000, 1.000000000000000000 ) ) ;
#1942 = FACE_BOUND ( 'NONE', #788, .T. ) ;
#1943 = ORIENTED_EDGE ( 'NONE', *, *, #5, .F. ) ;
#1944 = VERTEX_POINT ( 'NONE', #698 ) ;
#1945 = DIRECTION ( 'NONE',  ( -0.000000000000000000, -1.000000000000000000, -0.000000000000000000 ) ) ;
#1946 = LINE ( 'NONE', #2204, #3002 ) ;
#1947 = LINE ( 'NONE', #1357, #1210 ) ;
#1948 = ORIENTED_EDGE ( 'NONE', *, *, #2578, .F. ) ;
#1949 = VECTOR ( 'NONE', #263, 1000.000000000000000 ) ;
#1950 = CIRCLE ( 'NONE', #2526, 1.000000000000000888 ) ;
#1951 = ORIENTED_EDGE ( 'NONE', *, *, #2435, .F. ) ;
#1952 = CIRCLE ( 'NONE', #3044, 1.249999999999999334 ) ;
#1953 = EDGE_CURVE ( 'NONE', #2615, #2558, #194, .T. ) ;
#1954 = CARTESIAN_POINT ( 'NONE',  ( -17.50000000000000355, -1.499999999999999556, -1.655234598692008349E-14 ) ) ;
#1955 = EDGE_CURVE ( 'NONE', #1580, #335, #1285, .T. ) ;
#1956 = CARTESIAN_POINT ( 'NONE',  ( -12.22408882090951288, -8.500000000000000000, 10.82725708595003411 ) ) ;
#1957 = ORIENTED_EDGE ( 'NONE', *, *, #1071, .T. ) ;
#1958 = CIRCLE ( 'NONE', #931, 7.500000000000001776 ) ;
#1959 = CARTESIAN_POINT ( 'NONE',  ( 2.165063509459042024, 1.500000000000000000, 1.249999999998812061 ) ) ;
#1960 = VECTOR ( 'NONE', #3278, 1000.000000000000000 ) ;
#1961 = LINE ( 'NONE', #3054, #705 ) ;
#1962 = ADVANCED_FACE ( 'NONE', ( #2168 ), #3253, .F. ) ;
#1963 = VERTEX_POINT ( 'NONE', #61 ) ;
#1964 = ORIENTED_EDGE ( 'NONE', *, *, #3027, .F. ) ;
#1965 = DIRECTION ( 'NONE',  ( 0.000000000000000000, 0.000000000000000000, 1.000000000000000000 ) ) ;
#1966 = CARTESIAN_POINT ( 'NONE',  ( 8.750000000000005329, -1.499999999999999556, 15.15544456622768088 ) ) ;
#1967 = DIRECTION ( 'NONE',  ( -0.000000000000000000, 1.000000000000000000, -0.000000000000000000 ) ) ;
#1968 = CIRCLE ( 'NONE', #3114, 5.000000000000000000 ) ;
#1969 = LINE ( 'NONE', #44, #2706 ) ;
#1970 = EDGE_LOOP ( 'NONE', ( #2492, #915, #843, #2319 ) ) ;
#1971 = EDGE_LOOP ( 'NONE', ( #1184, #3038, #1877, #2408 ) ) ;
#1972 = CIRCLE ( 'NONE', #2489, 7.500000000000001776 ) ;
#1973 = EDGE_CURVE ( 'NONE', #2793, #507, #758, .T. ) ;
#1974 = ORIENTED_EDGE ( 'NONE', *, *, #2186, .T. ) ;
#1975 = CARTESIAN_POINT ( 'NONE',  ( 15.48872410019256129, 1.500000000000000000, 5.172742914049921481 ) ) ;
#1976 = FACE_BOUND ( 'NONE', #835, .T. ) ;
#1977 = DIRECTION ( 'NONE',  ( 0.000000000000000000, 0.000000000000000000, 1.000000000000000000 ) ) ;
#1978 = EDGE_LOOP ( 'NONE', ( #2937, #1533, #3334, #1964 ) ) ;
#1979 = CYLINDRICAL_SURFACE ( 'NONE', #3006, 1.000000000000000888 ) ;
#1980 = EDGE_LOOP ( 'NONE', ( #3549, #2637 ) ) ;
#1981 = ORIENTED_EDGE ( 'NONE', *, *, #2016, .T. ) ;
#1982 = FACE_OUTER_BOUND ( 'NONE', #1023, .T. ) ;
#1983 = CARTESIAN_POINT ( 'NONE',  ( 9.469357670826193285, 1.500000000000000000, 10.66266986216967361 ) ) ;
#1984 = EDGE_LOOP ( 'NONE', ( #825, #1395, #3545, #2981 ) ) ;
#1985 = ADVANCED_FACE ( 'NONE', ( #2276 ), #3090, .F. ) ;
#1986 = ORIENTED_EDGE ( 'NONE', *, *, #1083, .F. ) ;
#1987 = VERTEX_POINT ( 'NONE', #367 ) ;
#1988 = DIRECTION ( 'NONE',  ( -0.8660254037844388186, 0.000000000000000000, -0.4999999999999996669 ) ) ;
#1989 = CARTESIAN_POINT ( 'NONE',  ( 8.750000000000003553, -1.500000000000000000, -15.15544456622767733 ) ) ;
#1990 = DIRECTION ( 'NONE',  ( 0.000000000000000000, 0.000000000000000000, -1.000000000000000000 ) ) ;
#1991 = EDGE_CURVE ( 'NONE', #507, #1499, #615, .T. ) ;
#1992 = DIRECTION ( 'NONE',  ( 0.000000000000000000, 1.000000000000000000, 0.000000000000000000 ) ) ;
#1993 = VERTEX_POINT ( 'NONE', #349 ) ;
#1994 = CARTESIAN_POINT ( 'NONE',  ( 8.761432854036520723, -8.500000000000000000, 10.17524685028879361 ) ) ;
#1995 = CARTESIAN_POINT ( 'NONE',  ( -1.990540770086669147E-16, -8.500000000000000000, -2.500000000000000000 ) ) ;
#1996 = CARTESIAN_POINT ( 'NONE',  ( 8.750000000000003553, -1.500000000000000000, -16.40544456622767910 ) ) ;
#1997 = ORIENTED_EDGE ( 'NONE', *, *, #3355, .F. ) ;
#1998 = ORIENTED_EDGE ( 'NONE', *, *, #3449, .T. ) ;
#1999 = DIRECTION ( 'NONE',  ( 0.000000000000000000, 0.000000000000000000, 1.000000000000000000 ) ) ;
#2000 = EDGE_CURVE ( 'NONE', #2498, #1825, #278, .T. ) ;
#2001 = DIRECTION ( 'NONE',  ( -0.000000000000000000, 1.000000000000000000, -0.000000000000000000 ) ) ;
#2002 = VERTEX_POINT ( 'NONE', #1693 ) ;
#2003 = EDGE_LOOP ( 'NONE', ( #3496, #575, #1867, #3134 ) ) ;
#2004 = DIRECTION ( 'NONE',  ( 0.000000000000000000, 0.000000000000000000, 1.000000000000000000 ) ) ;
#2005 = AXIS2_PLACEMENT_3D ( 'NONE', #3019, #1644, #1936 ) ;
#2006 = FACE_OUTER_BOUND ( 'NONE', #2190, .T. ) ;
#2007 = DIRECTION ( 'NONE',  ( -0.4999999999999996669, 0.000000000000000000, 0.8660254037844388186 ) ) ;
#2008 = VECTOR ( 'NONE', #1067, 1000.000000000000000 ) ;
#2009 = DIRECTION ( 'NONE',  ( -0.5000000000000067724, 0.000000000000000000, -0.8660254037844345998 ) ) ;
#2010 = EDGE_CURVE ( 'NONE', #868, #2674, #2794, .T. ) ;
#2011 = CYLINDRICAL_SURFACE ( 'NONE', #1376, 1.250000000000001110 ) ;
#2012 = VERTEX_POINT ( 'NONE', #2560 ) ;
#2013 = CARTESIAN_POINT ( 'NONE',  ( -8.749999999999996447, 1.500000000000000000, 13.90544456622769331 ) ) ;
#2014 = AXIS2_PLACEMENT_3D ( 'NONE', #2729, #2092, #1246 ) ;
#2015 = CYLINDRICAL_SURFACE ( 'NONE', #3332, 4.549999999999998934 ) ;
#2016 = EDGE_CURVE ( 'NONE', #1829, #809, #2259, .T. ) ;
#2017 = CARTESIAN_POINT ( 'NONE',  ( 3.264635279283097713, -8.500000000000000000, 15.99999999999996625 ) ) ;
#2018 = CIRCLE ( 'NONE', #1790, 4.550000000000001599 ) ;
#2019 = VERTEX_POINT ( 'NONE', #1898 ) ;
#2020 = ORIENTED_EDGE ( 'NONE', *, *, #5, .T. ) ;
#2021 = CARTESIAN_POINT ( 'NONE',  ( -4.431305835109433211, -1.499999999999999556, -12.67524685029160914 ) ) ;
#2022 = AXIS2_PLACEMENT_3D ( 'NONE', #822, #1397, #1926 ) ;
#2023 = FACE_OUTER_BOUND ( 'NONE', #2753, .T. ) ;
#2024 = CARTESIAN_POINT ( 'NONE',  ( -2.165063509458653002, 1.500000000000000000, 1.249999999998590239 ) ) ;
#2025 = ORIENTED_EDGE ( 'NONE', *, *, #3355, .T. ) ;
#2026 = AXIS2_PLACEMENT_3D ( 'NONE', #149, #1009, #3195 ) ;
#2027 = ORIENTED_EDGE ( 'NONE', *, *, #247, .F. ) ;
#2028 = ADVANCED_FACE ( 'NONE', ( #3395 ), #550, .T. ) ;
#2029 = EDGE_CURVE ( 'NONE', #2536, #1499, #569, .T. ) ;
#2030 = AXIS2_PLACEMENT_3D ( 'NONE', #2714, #945, #2856 ) ;
#2031 = DIRECTION ( 'NONE',  ( 0.000000000000000000, 1.000000000000000000, -0.000000000000000000 ) ) ;
#2032 = PLANE ( 'NONE',  #2078 ) ;
#2033 = EDGE_CURVE ( 'NONE', #389, #2111, #1801, .T. ) ;
#2034 = CARTESIAN_POINT ( 'NONE',  ( -13.19273868914363312, -8.500000000000000000, -2.499999999999999112 ) ) ;
#2035 = DIRECTION ( 'NONE',  ( 0.000000000000000000, 0.000000000000000000, 1.000000000000000000 ) ) ;
#2036 = DIRECTION ( 'NONE',  ( 0.000000000000000000, 0.000000000000000000, 1.000000000000000000 ) ) ;
#2037 = AXIS2_PLACEMENT_3D ( 'NONE', #3547, #1937, #1904 ) ;
#2038 = EDGE_CURVE ( 'NONE', #763, #907, #2842, .T. ) ;
#2039 = CARTESIAN_POINT ( 'NONE',  ( 4.431305835109641045, 1.500000000000000000, -12.67524685029108156 ) ) ;
#2040 = VECTOR ( 'NONE', #672, 1000.000000000000000 ) ;
#2041 = ORIENTED_EDGE ( 'NONE', *, *, #1928, .F. ) ;
#2042 = ORIENTED_EDGE ( 'NONE', *, *, #1409, .T. ) ;
#2043 =( NAMED_UNIT ( * ) PLANE_ANGLE_UNIT ( ) SI_UNIT ( $, .RADIAN. ) );
#2044 = CARTESIAN_POINT ( 'NONE',  ( -3.264635279283147007, 1.500000000000000000, 16.99999999999996803 ) ) ;
#2045 = CARTESIAN_POINT ( 'NONE',  ( 13.19273868914365799, -8.500000000000000000, -2.500000000000000444 ) ) ;
#2046 = EDGE_LOOP ( 'NONE', ( #185, #1907, #1892, #2565 ) ) ;
#2047 = ORIENTED_EDGE ( 'NONE', *, *, #69, .T. ) ;
#2048 = DIRECTION ( 'NONE',  ( 0.000000000000000000, 0.000000000000000000, 1.000000000000000000 ) ) ;
#2049 = LINE ( 'NONE', #1780, #982 ) ;
#2050 = DIRECTION ( 'NONE',  ( -0.000000000000000000, 1.000000000000000000, -0.000000000000000000 ) ) ;
#2051 = CARTESIAN_POINT ( 'NONE',  ( 8.761432854029905570, 1.500000000000000000, -10.17524685028773845 ) ) ;
#2052 = DIRECTION ( 'NONE',  ( 0.000000000000000000, 1.000000000000000000, 0.000000000000000000 ) ) ;
#2053 = DIRECTION ( 'NONE',  ( 0.000000000000000000, 1.000000000000000000, -0.000000000000000000 ) ) ;
#2054 = FACE_OUTER_BOUND ( 'NONE', #1971, .T. ) ;
#2055 = DIRECTION ( 'NONE',  ( 0.000000000000000000, 1.000000000000000000, -0.000000000000000000 ) ) ;
#2056 = ORIENTED_EDGE ( 'NONE', *, *, #957, .T. ) ;
#2057 = ORIENTED_EDGE ( 'NONE', *, *, #3262, .F. ) ;
#2058 = ORIENTED_EDGE ( 'NONE', *, *, #3313, .T. ) ;
#2059 = EDGE_CURVE ( 'NONE', #3187, #2517, #3333, .T. ) ;
#2060 = CYLINDRICAL_SURFACE ( 'NONE', #3118, 1.000000000000000888 ) ;
#2061 = ORIENTED_EDGE ( 'NONE', *, *, #2586, .F. ) ;
#2062 = ORIENTED_EDGE ( 'NONE', *, *, #2437, .F. ) ;
#2063 = DIRECTION ( 'NONE',  ( -0.000000000000000000, -1.000000000000000000, -0.000000000000000000 ) ) ;
#2064 = LINE ( 'NONE', #3396, #1151 ) ;
#2065 = CARTESIAN_POINT ( 'NONE',  ( 7.745966692414836707, -1.499999999999999556, 3.500000000000000888 ) ) ;
#2066 = LINE ( 'NONE', #2608, #2253 ) ;
#2067 = DIRECTION ( 'NONE',  ( 0.000000000000000000, 0.000000000000000000, 1.000000000000000000 ) ) ;
#2068 = DIRECTION ( 'NONE',  ( 8.673617379884031528E-16, 0.000000000000000000, 1.000000000000000000 ) ) ;
#2069 = VECTOR ( 'NONE', #3084, 1000.000000000000000 ) ;
#2070 = CARTESIAN_POINT ( 'NONE',  ( 6.904072259454761884, -1.499999999999999556, 4.958203932496853206 ) ) ;
#2071 = FACE_OUTER_BOUND ( 'NONE', #383, .T. ) ;
#2072 = ORIENTED_EDGE ( 'NONE', *, *, #529, .F. ) ;
#2073 = ORIENTED_EDGE ( 'NONE', *, *, #2200, .F. ) ;
#2074 = ORIENTED_EDGE ( 'NONE', *, *, #1646, .F. ) ;
#2075 = ADVANCED_FACE ( 'NONE', ( #1424 ), #1022, .F. ) ;
#2076 = CIRCLE ( 'NONE', #3159, 1.249999999999997558 ) ;
#2077 = DIRECTION ( 'NONE',  ( 0.000000000000000000, 0.000000000000000000, 1.000000000000000000 ) ) ;
#2078 = AXIS2_PLACEMENT_3D ( 'NONE', #3121, #2915, #3100 ) ;
#2079 = VERTEX_POINT ( 'NONE', #3497 ) ;
#2080 = AXIS2_PLACEMENT_3D ( 'NONE', #1966, #2812, #1756 ) ;
#2081 = ORIENTED_EDGE ( 'NONE', *, *, #1940, .F. ) ;
#2082 = CARTESIAN_POINT ( 'NONE',  ( -4.252989283015851996, -8.500000000000000000, -15.84782784977065084 ) ) ;
#2083 = AXIS2_PLACEMENT_3D ( 'NONE', #3197, #1765, #448 ) ;
#2084 = DIRECTION ( 'NONE',  ( 1.000000000000000000, 0.000000000000000000, -7.962163080346640843E-17 ) ) ;
#2085 = ADVANCED_FACE ( 'NONE', ( #1037 ), #1796, .T. ) ;
#2086 = VECTOR ( 'NONE', #950, 1000.000000000000000 ) ;
#2087 = LINE ( 'NONE', #2121, #1457 ) ;
#2088 = VECTOR ( 'NONE', #1313, 1000.000000000000000 ) ;
#2089 = DIRECTION ( 'NONE',  ( 0.000000000000000000, 0.000000000000000000, 1.000000000000000000 ) ) ;
#2090 = CIRCLE ( 'NONE', #1058, 1.000000000000000888 ) ;
#2091 = DIRECTION ( 'NONE',  ( 0.000000000000000000, 1.000000000000000000, 0.000000000000000000 ) ) ;
#2092 = DIRECTION ( 'NONE',  ( 0.000000000000000000, 1.000000000000000000, -0.000000000000000000 ) ) ;
#2093 = ORIENTED_EDGE ( 'NONE', *, *, #1812, .F. ) ;
#2094 = ORIENTED_EDGE ( 'NONE', *, *, #651, .T. ) ;
#2095 = ORIENTED_EDGE ( 'NONE', *, *, #2977, .T. ) ;
#2096 = AXIS2_PLACEMENT_3D ( 'NONE', #593, #316, #2845 ) ;
#2097 = CARTESIAN_POINT ( 'NONE',  ( -9.184850993605148438E-17, -1.499999999999999556, 1.742924699575454705E-16 ) ) ;
#2098 = FACE_OUTER_BOUND ( 'NONE', #239, .T. ) ;
#2099 = ORIENTED_EDGE ( 'NONE', *, *, #2445, .T. ) ;
#2100 = EDGE_CURVE ( 'NONE', #389, #1415, #97, .T. ) ;
#2101 = CARTESIAN_POINT ( 'NONE',  ( -17.50000000000000000, 1.500000000000000000, 1.250000000000018874 ) ) ;
#2102 = LINE ( 'NONE', #429, #336 ) ;
#2103 = DIRECTION ( 'NONE',  ( 0.000000000000000000, 0.000000000000000000, 1.000000000000000000 ) ) ;
#2104 = EDGE_LOOP ( 'NONE', ( #374, #707, #829, #1038, #484, #808, #3442, #776, #2131, #1876, #1230, #2481 ) ) ;
#2105 = DIRECTION ( 'NONE',  ( 0.000000000000000000, 0.000000000000000000, 1.000000000000000000 ) ) ;
#2106 = CARTESIAN_POINT ( 'NONE',  ( 13.09011422469390418, -1.499999999999999556, 11.32725708595005898 ) ) ;
#2107 = PLANE ( 'NONE',  #2724 ) ;
#2108 = ADVANCED_FACE ( 'NONE', ( #373, #2523, #2282, #670, #3578, #72, #850, #1144, #1976, #3272, #3256, #2454, #192, #2350 ), #2626, .F. ) ;
#2109 = CARTESIAN_POINT ( 'NONE',  ( -3.565280431324996169, -8.500000000000000000, -13.17524685029160736 ) ) ;
#2110 = VERTEX_POINT ( 'NONE', #986 ) ;
#2111 = VERTEX_POINT ( 'NONE', #1182 ) ;
#2112 = LINE ( 'NONE', #1827, #816 ) ;
#2113 = DIRECTION ( 'NONE',  ( 0.000000000000000000, 1.000000000000000000, 0.000000000000000000 ) ) ;
#2114 = VERTEX_POINT ( 'NONE', #2547 ) ;
#2115 = CARTESIAN_POINT ( 'NONE',  ( -3.264635279283147007, -8.500000000000000000, 15.99999999999996625 ) ) ;
#2116 = EDGE_LOOP ( 'NONE', ( #1053, #1588, #1420, #2725 ) ) ;
#2117 = DIRECTION ( 'NONE',  ( 0.000000000000000000, 0.000000000000000000, 1.000000000000000000 ) ) ;
#2118 = DIRECTION ( 'NONE',  ( 0.000000000000000000, 1.000000000000000000, 0.000000000000000000 ) ) ;
#2119 = VERTEX_POINT ( 'NONE', #428 ) ;
#2120 = EDGE_CURVE ( 'NONE', #2906, #2759, #1740, .T. ) ;
#2121 = CARTESIAN_POINT ( 'NONE',  ( -8.761432854029347794, -8.500000000000000000, -10.17524685028766029 ) ) ;
#2122 = CARTESIAN_POINT ( 'NONE',  ( 11.59812687119611674, -1.499999999999999556, -11.60711068600014784 ) ) ;
#2123 = CARTESIAN_POINT ( 'NONE',  ( -4.252989283015851996, 1.500000000000000000, -15.84782784977065084 ) ) ;
#2124 = CARTESIAN_POINT ( 'NONE',  ( 8.761432854036520723, 1.500000000000000000, 10.17524685028879361 ) ) ;
#2125 = EDGE_CURVE ( 'NONE', #1580, #2633, #1563, .T. ) ;
#2126 = CARTESIAN_POINT ( 'NONE',  ( 9.627458257814346609, -8.500000000000000000, -9.675246850287742006 ) ) ;
#2127 = CARTESIAN_POINT ( 'NONE',  ( -1.707919836743244657, -8.500000000000000000, -7.958203932499678501 ) ) ;
#2128 = FACE_OUTER_BOUND ( 'NONE', #26, .T. ) ;
#2129 = VERTEX_POINT ( 'NONE', #48 ) ;
#2130 = ORIENTED_EDGE ( 'NONE', *, *, #180, .F. ) ;
#2131 = ORIENTED_EDGE ( 'NONE', *, *, #623, .F. ) ;
#2132 = AXIS2_PLACEMENT_3D ( 'NONE', #1050, #3537, #1599 ) ;
#2133 = CARTESIAN_POINT ( 'NONE',  ( -6.091828464224532169, -8.500000000000000000, 4.374885822791697798 ) ) ;
#2134 = CIRCLE ( 'NONE', #3325, 1.000000000000000888 ) ;
#2135 = CARTESIAN_POINT ( 'NONE',  ( 0.8418944329592915610, 1.500000000000000000, -7.458203932499627875 ) ) ;
#2136 = VERTEX_POINT ( 'NONE', #112 ) ;
#2137 = ORIENTED_EDGE ( 'NONE', *, *, #2287, .F. ) ;
#2138 = CIRCLE ( 'NONE', #1493, 5.000000000000000000 ) ;
#2139 = CARTESIAN_POINT ( 'NONE',  ( -0.8418944329588047282, -8.500000000000000000, -8.458203932499678501 ) ) ;
#2140 = DIRECTION ( 'NONE',  ( 0.000000000000000000, 0.000000000000000000, 1.000000000000000000 ) ) ;
#2141 = VECTOR ( 'NONE', #2854, 1000.000000000000000 ) ;
#2142 = EDGE_CURVE ( 'NONE', #2111, #599, #1464, .T. ) ;
#2143 = ORIENTED_EDGE ( 'NONE', *, *, #3419, .T. ) ;
#2144 = AXIS2_PLACEMENT_3D ( 'NONE', #418, #1353, #2642 ) ;
#2145 = LINE ( 'NONE', #492, #1093 ) ;
#2146 = VECTOR ( 'NONE', #1798, 1000.000000000000114 ) ;
#2147 = AXIS2_PLACEMENT_3D ( 'NONE', #2519, #3311, #1155 ) ;
#2148 = CYLINDRICAL_SURFACE ( 'NONE', #1233, 1.249999999999999334 ) ;
#2149 = CARTESIAN_POINT ( 'NONE',  ( 8.761432854029905570, -1.499999999999999556, -10.17524685028773845 ) ) ;
#2150 = ORIENTED_EDGE ( 'NONE', *, *, #630, .T. ) ;
#2151 = EDGE_CURVE ( 'NONE', #897, #3209, #1162, .T. ) ;
#2152 = ORIENTED_EDGE ( 'NONE', *, *, #641, .F. ) ;
#2153 = ORIENTED_EDGE ( 'NONE', *, *, #1326, .F. ) ;
#2154 = AXIS2_PLACEMENT_3D ( 'NONE', #2459, #309, #1625 ) ;
#2155 = DIRECTION ( 'NONE',  ( 0.000000000000000000, 1.000000000000000000, 0.000000000000000000 ) ) ;
#2156 = AXIS2_PLACEMENT_3D ( 'NONE', #2467, #236, #1414 ) ;
#2157 = PRODUCT_RELATED_PRODUCT_CATEGORY ( 'part', '', ( #110 ) ) ;
#2158 = ORIENTED_EDGE ( 'NONE', *, *, #3258, .T. ) ;
#2159 = EDGE_CURVE ( 'NONE', #1754, #2281, #1620, .T. ) ;
#2160 = VERTEX_POINT ( 'NONE', #3448 ) ;
#2161 = AXIS2_PLACEMENT_3D ( 'NONE', #193, #3201, #2646 ) ;
#2162 = CYLINDRICAL_SURFACE ( 'NONE', #520, 1.000000000000000888 ) ;
#2163 = EDGE_CURVE ( 'NONE', #1102, #3080, #1675, .T. ) ;
#2164 = CYLINDRICAL_SURFACE ( 'NONE', #390, 4.550000000000002487 ) ;
#2165 = AXIS2_PLACEMENT_3D ( 'NONE', #1581, #1046, #1781 ) ;
#2166 = VERTEX_POINT ( 'NONE', #910 ) ;
#2167 = DIRECTION ( 'NONE',  ( 0.5000000000000001110, -0.000000000000000000, 0.8660254037844385966 ) ) ;
#2168 = FACE_OUTER_BOUND ( 'NONE', #2201, .T. ) ;
#2169 = DIRECTION ( 'NONE',  ( 0.000000000000000000, 1.000000000000000000, 0.000000000000000000 ) ) ;
#2170 = ORIENTED_EDGE ( 'NONE', *, *, #1167, .T. ) ;
#2171 = CARTESIAN_POINT ( 'NONE',  ( 8.761432854029905570, -8.500000000000000000, -10.17524685028773845 ) ) ;
#2172 = DIRECTION ( 'NONE',  ( 0.000000000000000000, 0.000000000000000000, 1.000000000000000000 ) ) ;
#2173 = ORIENTED_EDGE ( 'NONE', *, *, #2827, .F. ) ;
#2174 = ORIENTED_EDGE ( 'NONE', *, *, #769, .F. ) ;
#2175 = CARTESIAN_POINT ( 'NONE',  ( -6.091828464221602069, 1.500000000000000000, -4.374885822795779866 ) ) ;
#2176 = CARTESIAN_POINT ( 'NONE',  ( -14.72243186433551188, -1.500000000000000000, 8.499999999999907629 ) ) ;
#2177 = EDGE_LOOP ( 'NONE', ( #3300, #2153, #447, #2056 ) ) ;
#2178 = ADVANCED_FACE ( 'NONE', ( #2622 ), #413, .F. ) ;
#2179 = DIRECTION ( 'NONE',  ( -0.000000000000000000, 1.000000000000000000, -0.000000000000000000 ) ) ;
#2180 = DIRECTION ( 'NONE',  ( 0.000000000000000000, 0.000000000000000000, 1.000000000000000000 ) ) ;
#2181 = LINE ( 'NONE', #3525, #2008 ) ;
#2182 = ORIENTED_EDGE ( 'NONE', *, *, #3202, .F. ) ;
#2183 = LINE ( 'NONE', #1959, #748 ) ;
#2184 = FACE_BOUND ( 'NONE', #2283, .T. ) ;
#2185 = ORIENTED_EDGE ( 'NONE', *, *, #1310, .F. ) ;
#2186 = EDGE_CURVE ( 'NONE', #2895, #1699, #930, .T. ) ;
#2187 = CARTESIAN_POINT ( 'NONE',  ( -13.96882180821685360, -8.500000000000000000, -2.869369369369372258 ) ) ;
#2188 = CARTESIAN_POINT ( 'NONE',  ( -4.499464137394546981, 1.500000000000000000, 13.53203923153626853 ) ) ;
#2189 = EDGE_CURVE ( 'NONE', #2166, #303, #1503, .T. ) ;
#2190 = EDGE_LOOP ( 'NONE', ( #2972, #16, #1697, #1306 ) ) ;
#2191 = AXIS2_PLACEMENT_3D ( 'NONE', #3133, #20, #2238 ) ;
#2192 = VECTOR ( 'NONE', #786, 1000.000000000000000 ) ;
#2193 = CARTESIAN_POINT ( 'NONE',  ( 17.50000000000001776, -1.499999999999999556, -5.650474260863225751E-15 ) ) ;
#2194 = AXIS2_PLACEMENT_3D ( 'NONE', #2588, #95, #2068 ) ;
#2195 = CARTESIAN_POINT ( 'NONE',  ( -9.184850993605148438E-17, 1.500000000000000000, 1.742924699575454705E-16 ) ) ;
#2196 = ORIENTED_EDGE ( 'NONE', *, *, #3337, .T. ) ;
#2197 = CARTESIAN_POINT ( 'NONE',  ( -4.000000000000000000, 1.500000000000000000, 1.800000000000000044 ) ) ;
#2198 = AXIS2_PLACEMENT_3D ( 'NONE', #1643, #2982, #277 ) ;
#2199 = FACE_BOUND ( 'NONE', #2705, .T. ) ;
#2200 = EDGE_CURVE ( 'NONE', #1011, #2402, #3098, .T. ) ;
#2201 = EDGE_LOOP ( 'NONE', ( #2219, #3482, #3220, #903 ) ) ;
#2202 = CIRCLE ( 'NONE', #1108, 4.550000000000001599 ) ;
#2203 = CIRCLE ( 'NONE', #1572, 1.000000000000000888 ) ;
#2204 = CARTESIAN_POINT ( 'NONE',  ( -14.72243186433551365, 1.500000000000000000, 8.499999999999907629 ) ) ;
#2205 = EDGE_CURVE ( 'NONE', #1478, #1993, #1444, .T. ) ;
#2206 = ADVANCED_FACE ( 'NONE', ( #667 ), #3119, .F. ) ;
#2207 = DIRECTION ( 'NONE',  ( 0.000000000000000000, 1.000000000000000000, 0.000000000000000000 ) ) ;
#2208 = AXIS2_PLACEMENT_3D ( 'NONE', #2193, #1078, #833 ) ;
#2209 = ORIENTED_EDGE ( 'NONE', *, *, #1273, .T. ) ;
#2210 = CIRCLE ( 'NONE', #710, 4.549999999999998934 ) ;
#2211 = CARTESIAN_POINT ( 'NONE',  ( -3.264635279283147007, 1.500000000000000000, 15.99999999999996625 ) ) ;
#2212 = DIRECTION ( 'NONE',  ( 0.000000000000000000, 1.000000000000000000, 0.000000000000000000 ) ) ;
#2213 = CARTESIAN_POINT ( 'NONE',  ( 23.09401076758504701, 1.500000000000000000, 0.000000000000000000 ) ) ;
#2214 = EDGE_LOOP ( 'NONE', ( #3493, #2514, #2632, #198 ) ) ;
#2215 = CARTESIAN_POINT ( 'NONE',  ( -9.627458257820350696, -8.500000000000000000, 9.675246850288658607 ) ) ;
#2216 = ADVANCED_FACE ( 'NONE', ( #1778 ), #2876, .F. ) ;
#2217 = DIRECTION ( 'NONE',  ( 0.5000000000000002220, 0.000000000000000000, 0.8660254037844384856 ) ) ;
#2218 = ORIENTED_EDGE ( 'NONE', *, *, #1893, .T. ) ;
#2219 = ORIENTED_EDGE ( 'NONE', *, *, #2621, .F. ) ;
#2220 = CARTESIAN_POINT ( 'NONE',  ( 8.750000000000005329, -1.500000000000000000, 16.40544456622768621 ) ) ;
#2221 = DIRECTION ( 'NONE',  ( 0.000000000000000000, 0.000000000000000000, 1.000000000000000000 ) ) ;
#2222 = DIRECTION ( 'NONE',  ( 0.000000000000000000, 1.000000000000000000, -0.000000000000000000 ) ) ;
#2223 = VERTEX_POINT ( 'NONE', #2566 ) ;
#2224 = ADVANCED_FACE ( 'NONE', ( #3436 ), #67, .F. ) ;
#2225 = EDGE_CURVE ( 'NONE', #1003, #3501, #3151, .T. ) ;
#2226 = DIRECTION ( 'NONE',  ( 0.000000000000000000, 0.000000000000000000, 1.000000000000000000 ) ) ;
#2227 = CARTESIAN_POINT ( 'NONE',  ( 3.264635279283078617, -1.499999999999999556, -16.99999999999987921 ) ) ;
#2228 = LINE ( 'NONE', #1645, #3240 ) ;
#2229 = LINE ( 'NONE', #2270, #1949 ) ;
#2230 = ORIENTED_EDGE ( 'NONE', *, *, #3165, .T. ) ;
#2231 = CARTESIAN_POINT ( 'NONE',  ( -2.165063509463149849, 1.500000000000000000, -1.250000000001184164 ) ) ;
#2232 = EDGE_CURVE ( 'NONE', #2136, #2166, #2325, .T. ) ;
#2233 = CARTESIAN_POINT ( 'NONE',  ( -23.09401076758504345, 1.500000000000000000, 1.612646152681311659E-13 ) ) ;
#2234 = EDGE_LOOP ( 'NONE', ( #3515, #1553, #781, #1307 ) ) ;
#2235 = ORIENTED_EDGE ( 'NONE', *, *, #432, .T. ) ;
#2236 = CARTESIAN_POINT ( 'NONE',  ( -6.904072259451150551, -1.499999999999999556, -4.958203932501882960 ) ) ;
#2237 = CARTESIAN_POINT ( 'NONE',  ( 3.264635279283097713, 1.500000000000000000, 16.99999999999996803 ) ) ;
#2238 = DIRECTION ( 'NONE',  ( 0.000000000000000000, 0.000000000000000000, 1.000000000000000000 ) ) ;
#2239 = ORIENTED_EDGE ( 'NONE', *, *, #1955, .F. ) ;
#2240 = VERTEX_POINT ( 'NONE', #2175 ) ;
#2241 = AXIS2_PLACEMENT_3D ( 'NONE', #2958, #1874, #1030 ) ;
#2242 = VECTOR ( 'NONE', #3299, 1000.000000000000000 ) ;
#2243 = EDGE_CURVE ( 'NONE', #2223, #3225, #148, .T. ) ;
#2244 = EDGE_LOOP ( 'NONE', ( #319, #1463, #3171, #1948 ) ) ;
#2245 = VECTOR ( 'NONE', #461, 1000.000000000000000 ) ;
#2246 = VECTOR ( 'NONE', #3137, 1000.000000000000000 ) ;
#2247 = FACE_OUTER_BOUND ( 'NONE', #491, .T. ) ;
#2248 = DIRECTION ( 'NONE',  ( 0.000000000000000000, 1.000000000000000000, 0.000000000000000000 ) ) ;
#2249 = ADVANCED_FACE ( 'NONE', ( #1896 ), #778, .F. ) ;
#2250 = LINE ( 'NONE', #2805, #682 ) ;
#2251 = ORIENTED_EDGE ( 'NONE', *, *, #130, .T. ) ;
#2252 = VECTOR ( 'NONE', #293, 1000.000000000000000 ) ;
#2253 = VECTOR ( 'NONE', #416, 1000.000000000000000 ) ;
#2254 = DIRECTION ( 'NONE',  ( 0.000000000000000000, 1.000000000000000000, 0.000000000000000000 ) ) ;
#2255 = EDGE_CURVE ( 'NONE', #2427, #3250, #1059, .T. ) ;
#2256 = ORIENTED_EDGE ( 'NONE', *, *, #3350, .F. ) ;
#2257 = ORIENTED_EDGE ( 'NONE', *, *, #334, .T. ) ;
#2258 = VECTOR ( 'NONE', #2302, 1000.000000000000000 ) ;
#2259 = LINE ( 'NONE', #3347, #3170 ) ;
#2260 = CARTESIAN_POINT ( 'NONE',  ( -13.19273868914366332, 1.500000000000000000, 3.500000000000002220 ) ) ;
#2261 = CIRCLE ( 'NONE', #1390, 1.000000000000000444 ) ;
#2262 = DIRECTION ( 'NONE',  ( 0.000000000000000000, 1.000000000000000000, 0.000000000000000000 ) ) ;
#2263 = ORIENTED_EDGE ( 'NONE', *, *, #659, .F. ) ;
#2264 = ORIENTED_EDGE ( 'NONE', *, *, #989, .T. ) ;
#2265 = AXIS2_PLACEMENT_3D ( 'NONE', #1082, #1351, #3588 ) ;
#2266 = CIRCLE ( 'NONE', #171, 1.250000000000001110 ) ;
#2267 = ORIENTED_EDGE ( 'NONE', *, *, #1816, .T. ) ;
#2268 = CIRCLE ( 'NONE', #948, 5.000000000000000000 ) ;
#2269 = CARTESIAN_POINT ( 'NONE',  ( 4.252989283015859101, -8.500000000000000000, -15.84782784977065795 ) ) ;
#2270 = CARTESIAN_POINT ( 'NONE',  ( -8.750000000000053291, 1.500000000000000000, -16.40544456622765424 ) ) ;
#2271 = VERTEX_POINT ( 'NONE', #1593 ) ;
#2272 = DIRECTION ( 'NONE',  ( -0.000000000000000000, -1.000000000000000000, -0.000000000000000000 ) ) ;
#2273 = CARTESIAN_POINT ( 'NONE',  ( 11.54700538379275621, 1.500000000000000000, 19.99999999999987566 ) ) ;
#2274 = ORIENTED_EDGE ( 'NONE', *, *, #2370, .T. ) ;
#2275 = VERTEX_POINT ( 'NONE', #2928 ) ;
#2276 = FACE_OUTER_BOUND ( 'NONE', #2511, .T. ) ;
#2277 = SURFACE_STYLE_USAGE ( .BOTH. , #1177 ) ;
#2278 = LINE ( 'NONE', #2348, #2713 ) ;
#2279 = CARTESIAN_POINT ( 'NONE',  ( 4.431305835109641045, -8.500000000000000000, -12.67524685029108156 ) ) ;
#2280 = CARTESIAN_POINT ( 'NONE',  ( -12.22408882090944182, -8.500000000000000000, -10.82725708595006431 ) ) ;
#2281 = VERTEX_POINT ( 'NONE', #1327 ) ;
#2282 = FACE_BOUND ( 'NONE', #1935, .T. ) ;
#2283 = EDGE_LOOP ( 'NONE', ( #1138, #2027 ) ) ;
#2284 = DIRECTION ( 'NONE',  ( 0.000000000000000000, 1.000000000000000000, 0.000000000000000000 ) ) ;
#2285 = DIRECTION ( 'NONE',  ( -0.000000000000000000, 1.000000000000000000, -0.000000000000000000 ) ) ;
#2286 = ORIENTED_EDGE ( 'NONE', *, *, #313, .T. ) ;
#2287 = EDGE_CURVE ( 'NONE', #3456, #3076, #2413, .T. ) ;
#2288 = CARTESIAN_POINT ( 'NONE',  ( -17.50000000000000355, -1.499999999999999556, -1.655234598692008349E-14 ) ) ;
#2289 = CARTESIAN_POINT ( 'NONE',  ( -3.199999999999999734, 1.500000000000000000, -2.399999999999999911 ) ) ;
#2290 = ORIENTED_EDGE ( 'NONE', *, *, #2142, .F. ) ;
#2291 = DIRECTION ( 'NONE',  ( -0.000000000000000000, 1.000000000000000000, -0.000000000000000000 ) ) ;
#2292 = DIRECTION ( 'NONE',  ( -0.000000000000000000, -1.000000000000000000, -0.000000000000000000 ) ) ;
#2293 = EDGE_CURVE ( 'NONE', #389, #3104, #1040, .T. ) ;
#2294 = EDGE_LOOP ( 'NONE', ( #1031, #101, #2290, #330 ) ) ;
#2295 = EDGE_CURVE ( 'NONE', #325, #2926, #201, .T. ) ;
#2296 = ORIENTED_EDGE ( 'NONE', *, *, #334, .F. ) ;
#2297 = LINE ( 'NONE', #1437, #3401 ) ;
#2298 = CARTESIAN_POINT ( 'NONE',  ( 3.565280431325201338, -1.499999999999999556, -13.17524685029108156 ) ) ;
#2299 = FACE_OUTER_BOUND ( 'NONE', #1984, .T. ) ;
#2300 = ORIENTED_EDGE ( 'NONE', *, *, #3234, .T. ) ;
#2301 = ORIENTED_EDGE ( 'NONE', *, *, #341, .T. ) ;
#2302 = DIRECTION ( 'NONE',  ( -0.000000000000000000, 1.000000000000000000, -0.000000000000000000 ) ) ;
#2303 = EDGE_CURVE ( 'NONE', #3231, #2558, #35, .T. ) ;
#2304 = DIRECTION ( 'NONE',  ( 0.000000000000000000, 0.000000000000000000, 1.000000000000000000 ) ) ;
#2305 = DIRECTION ( 'NONE',  ( 0.000000000000000000, 0.000000000000000000, 1.000000000000000000 ) ) ;
#2306 = VECTOR ( 'NONE', #1512, 1000.000000000000000 ) ;
#2307 = DIRECTION ( 'NONE',  ( 0.000000000000000000, 1.000000000000000000, -0.000000000000000000 ) ) ;
#2308 = CYLINDRICAL_SURFACE ( 'NONE', #2990, 7.500000000000003553 ) ;
#2309 = CARTESIAN_POINT ( 'NONE',  ( 8.750000000000005329, -8.500000000000000000, 15.15544456622768088 ) ) ;
#2310 = AXIS2_PLACEMENT_3D ( 'NONE', #2872, #619, #63 ) ;
#2311 = CARTESIAN_POINT ( 'NONE',  ( -4.000000000000000000, -1.500000000000000000, -1.800000000000000044 ) ) ;
#2312 = CARTESIAN_POINT ( 'NONE',  ( 14.72243186433557938, 1.500000000000000000, -8.499999999999959144 ) ) ;
#2313 = ORIENTED_EDGE ( 'NONE', *, *, #2159, .F. ) ;
#2314 = ORIENTED_EDGE ( 'NONE', *, *, #2410, .F. ) ;
#2315 = CIRCLE ( 'NONE', #3513, 0.9999999999999991118 ) ;
#2316 = ADVANCED_FACE ( 'NONE', ( #2680 ), #791, .F. ) ;
#2317 = DIRECTION ( 'NONE',  ( -0.000000000000000000, 1.000000000000000000, -0.000000000000000000 ) ) ;
#2318 = DIRECTION ( 'NONE',  ( -0.000000000000000000, 1.000000000000000000, -0.000000000000000000 ) ) ;
#2319 = ORIENTED_EDGE ( 'NONE', *, *, #2303, .F. ) ;
#2320 = CIRCLE ( 'NONE', #1222, 1.249999999999999334 ) ;
#2321 = ORIENTED_EDGE ( 'NONE', *, *, #2100, .F. ) ;
#2322 = EDGE_CURVE ( 'NONE', #3116, #1888, #3484, .T. ) ;
#2323 = CIRCLE ( 'NONE', #1105, 5.000000000000000000 ) ;
#2324 = EDGE_CURVE ( 'NONE', #1548, #1833, #2948, .T. ) ;
#2325 = LINE ( 'NONE', #3416, #2773 ) ;
#2326 = CIRCLE ( 'NONE', #3411, 1.000000000000000444 ) ;
#2327 = LINE ( 'NONE', #669, #1606 ) ;
#2328 = EDGE_CURVE ( 'NONE', #3104, #2810, #469, .T. ) ;
#2329 = AXIS2_PLACEMENT_3D ( 'NONE', #3113, #618, #2813 ) ;
#2330 = CARTESIAN_POINT ( 'NONE',  ( -6.091828464224532169, -1.499999999999999556, 4.374885822791697798 ) ) ;
#2331 = CARTESIAN_POINT ( 'NONE',  ( 8.750000000000005329, 1.500000000000000000, 15.15544456622768976 ) ) ;
#2332 = DIRECTION ( 'NONE',  ( 0.000000000000000000, 0.000000000000000000, 1.000000000000000000 ) ) ;
#2333 = FACE_OUTER_BOUND ( 'NONE', #86, .T. ) ;
#2334 = AXIS2_PLACEMENT_3D ( 'NONE', #281, #3049, #2180 ) ;
#2335 = CARTESIAN_POINT ( 'NONE',  ( 1.707919836743731157, -1.499999999999999556, -7.958203932499630540 ) ) ;
#2336 = CARTESIAN_POINT ( 'NONE',  ( 12.22408882090955018, -1.499999999999999556, -10.82725708595013714 ) ) ;
#2337 = LINE ( 'NONE', #98, #639 ) ;
#2338 = AXIS2_PLACEMENT_3D ( 'NONE', #631, #3398, #8 ) ;
#2339 = VERTEX_POINT ( 'NONE', #1074 ) ;
#2340 = ORIENTED_EDGE ( 'NONE', *, *, #3393, .F. ) ;
#2341 = CARTESIAN_POINT ( 'NONE',  ( -0.8418944329588047282, -1.499999999999999556, -7.458203932499677613 ) ) ;
#2342 = LINE ( 'NONE', #1035, #271 ) ;
#2343 = ORIENTED_EDGE ( 'NONE', *, *, #529, .T. ) ;
#2344 = ORIENTED_EDGE ( 'NONE', *, *, #57, .T. ) ;
#2345 = DIRECTION ( 'NONE',  ( 0.000000000000000000, 1.000000000000000000, -0.000000000000000000 ) ) ;
#2346 = ADVANCED_FACE ( 'NONE', ( #187 ), #499, .F. ) ;
#2347 = CARTESIAN_POINT ( 'NONE',  ( 0.8418944329592915610, -1.499999999999999556, -8.458203932499628763 ) ) ;
#2348 = CARTESIAN_POINT ( 'NONE',  ( -6.091828464221602069, -8.500000000000000000, -4.374885822795779866 ) ) ;
#2349 = LINE ( 'NONE', #690, #2040 ) ;
#2350 = FACE_BOUND ( 'NONE', #1931, .T. ) ;
#2351 = DIRECTION ( 'NONE',  ( -0.000000000000000000, -1.000000000000000000, -0.000000000000000000 ) ) ;
#2352 = EDGE_CURVE ( 'NONE', #2119, #2811, #1869, .T. ) ;
#2353 = LINE ( 'NONE', #976, #580 ) ;
#2354 = VERTEX_POINT ( 'NONE', #3500 ) ;
#2355 = EDGE_CURVE ( 'NONE', #353, #2895, #1968, .T. ) ;
#2356 = ORIENTED_EDGE ( 'NONE', *, *, #2621, .T. ) ;
#2357 = ORIENTED_EDGE ( 'NONE', *, *, #3063, .F. ) ;
#2358 = CARTESIAN_POINT ( 'NONE',  ( -9.627458257813785281, -1.499999999999999556, -9.675246850287658518 ) ) ;
#2359 = ORIENTED_EDGE ( 'NONE', *, *, #1083, .T. ) ;
#2360 = ORIENTED_EDGE ( 'NONE', *, *, #2894, .T. ) ;
#2361 = DIRECTION ( 'NONE',  ( -0.000000000000000000, 1.000000000000000000, -0.000000000000000000 ) ) ;
#2362 = CARTESIAN_POINT ( 'NONE',  ( 13.09011422469399122, -1.499999999999999556, -11.32725708595013359 ) ) ;
#2363 = CARTESIAN_POINT ( 'NONE',  ( -16.35474950397699700, -8.500000000000000000, 5.672742914049908158 ) ) ;
#2364 = CYLINDRICAL_SURFACE ( 'NONE', #3107, 1.000000000000000888 ) ;
#2365 = CARTESIAN_POINT ( 'NONE',  ( -8.761432854029347794, -1.499999999999999556, -10.17524685028766029 ) ) ;
#2366 = CARTESIAN_POINT ( 'NONE',  ( 11.59812687119604391, -8.500000000000000000, 11.60711068600008034 ) ) ;
#2367 = CARTESIAN_POINT ( 'NONE',  ( 12.22408882090955018, -8.500000000000000000, -10.82725708595013714 ) ) ;
#2368 = VECTOR ( 'NONE', #1817, 1000.000000000000000 ) ;
#2369 = CARTESIAN_POINT ( 'NONE',  ( 4.252989283015875088, -1.499999999999999556, 15.84782784977072367 ) ) ;
#2370 = EDGE_CURVE ( 'NONE', #1490, #2798, #2967, .T. ) ;
#2371 = ORIENTED_EDGE ( 'NONE', *, *, #144, .F. ) ;
#2372 = ORIENTED_EDGE ( 'NONE', *, *, #2029, .T. ) ;
#2373 = ORIENTED_EDGE ( 'NONE', *, *, #2708, .F. ) ;
#2374 = AXIS2_PLACEMENT_3D ( 'NONE', #1292, #2891, #1536 ) ;
#2375 = CARTESIAN_POINT ( 'NONE',  ( -3.199999999999999734, -1.500000000000000000, -2.399999999999999911 ) ) ;
#2376 = ORIENTED_EDGE ( 'NONE', *, *, #3198, .F. ) ;
#2377 = CIRCLE ( 'NONE', #395, 1.000000000000000444 ) ;
#2378 = DIRECTION ( 'NONE',  ( -0.5000000000000001110, 0.000000000000000000, -0.8660254037844385966 ) ) ;
#2379 = CIRCLE ( 'NONE', #2026, 0.9999999999999991118 ) ;
#2380 = DIRECTION ( 'NONE',  ( 0.000000000000000000, 1.000000000000000000, 0.000000000000000000 ) ) ;
#2381 = AXIS2_PLACEMENT_3D ( 'NONE', #970, #2361, #2048 ) ;
#2382 = ADVANCED_FACE ( 'NONE', ( #2695 ), #2162, .F. ) ;
#2383 =( NAMED_UNIT ( * ) SI_UNIT ( $, .STERADIAN. ) SOLID_ANGLE_UNIT ( ) );
#2384 = AXIS2_PLACEMENT_3D ( 'NONE', #547, #1136, #841 ) ;
#2385 = DIRECTION ( 'NONE',  ( 1.000000000000000000, 0.000000000000000000, -3.455323577095457193E-15 ) ) ;
#2386 = VECTOR ( 'NONE', #2829, 1000.000000000000000 ) ;
#2387 = CARTESIAN_POINT ( 'NONE',  ( -4.499464137394546981, -1.499999999999999556, 13.53203923153626853 ) ) ;
#2388 = DIRECTION ( 'NONE',  ( 0.5000000000000001110, 0.000000000000000000, 0.8660254037844385966 ) ) ;
#2389 = ORIENTED_EDGE ( 'NONE', *, *, #3499, .T. ) ;
#2390 = AXIS2_PLACEMENT_3D ( 'NONE', #2885, #2849, #2809 ) ;
#2391 = ORIENTED_EDGE ( 'NONE', *, *, #3198, .T. ) ;
#2392 = EDGE_LOOP ( 'NONE', ( #665, #3526, #3556, #831 ) ) ;
#2393 = ADVANCED_FACE ( 'NONE', ( #3263 ), #2778, .T. ) ;
#2394 =( LENGTH_UNIT ( ) NAMED_UNIT ( * ) SI_UNIT ( .MILLI., .METRE. ) );
#2395 = DIRECTION ( 'NONE',  ( -0.000000000000000000, 1.000000000000000000, -0.000000000000000000 ) ) ;
#2396 = DIRECTION ( 'NONE',  ( 0.000000000000000000, 0.000000000000000000, 1.000000000000000000 ) ) ;
#2397 = ORIENTED_EDGE ( 'NONE', *, *, #2912, .F. ) ;
#2398 = EDGE_CURVE ( 'NONE', #438, #2502, #3280, .T. ) ;
#2399 = ORIENTED_EDGE ( 'NONE', *, *, #989, .F. ) ;
#2400 = CARTESIAN_POINT ( 'NONE',  ( 12.22408882090946136, -8.500000000000000000, 10.82725708595005720 ) ) ;
#2401 = ADVANCED_FACE ( 'NONE', ( #515 ), #811, .F. ) ;
#2402 = VERTEX_POINT ( 'NONE', #827 ) ;
#2403 = CARTESIAN_POINT ( 'NONE',  ( -6.038046855666712176, -1.499999999999999556, -5.458203932501884736 ) ) ;
#2404 = CARTESIAN_POINT ( 'NONE',  ( 2.165063509459042024, -8.500000000000000000, 1.249999999998812061 ) ) ;
#2405 = DIRECTION ( 'NONE',  ( -0.000000000000000000, 1.000000000000000000, -0.000000000000000000 ) ) ;
#2406 = LINE ( 'NONE', #1304, #1428 ) ;
#2407 = ORIENTED_EDGE ( 'NONE', *, *, #2875, .T. ) ;
#2408 = ORIENTED_EDGE ( 'NONE', *, *, #1831, .F. ) ;
#2409 = DIRECTION ( 'NONE',  ( -0.000000000000000000, 1.000000000000000000, -0.000000000000000000 ) ) ;
#2410 = EDGE_CURVE ( 'NONE', #2002, #3164, #2261, .T. ) ;
#2411 = ORIENTED_EDGE ( 'NONE', *, *, #1148, .T. ) ;
#2412 = ORIENTED_EDGE ( 'NONE', *, *, #1779, .T. ) ;
#2413 = LINE ( 'NONE', #1007, #3566 ) ;
#2414 = EDGE_CURVE ( 'NONE', #1840, #3076, #3014, .T. ) ;
#2415 = DIRECTION ( 'NONE',  ( -0.000000000000000000, 1.000000000000000000, -0.000000000000000000 ) ) ;
#2416 = EDGE_LOOP ( 'NONE', ( #847, #197, #1595, #2020, #2874, #1252, #3538, #567, #802, #1568, #32, #311 ) ) ;
#2417 =( NAMED_UNIT ( * ) PLANE_ANGLE_UNIT ( ) SI_UNIT ( $, .RADIAN. ) );
#2418 = CARTESIAN_POINT ( 'NONE',  ( 11.54700538379247732, 1.500000000000000000, -20.00000000000004263 ) ) ;
#2419 = DIRECTION ( 'NONE',  ( 0.000000000000000000, 0.000000000000000000, 1.000000000000000000 ) ) ;
#2420 = CYLINDRICAL_SURFACE ( 'NONE', #2241, 5.000000000000000000 ) ;
#2421 = ORIENTED_EDGE ( 'NONE', *, *, #2255, .T. ) ;
#2422 = ORIENTED_EDGE ( 'NONE', *, *, #1004, .T. ) ;
#2423 = VERTEX_POINT ( 'NONE', #3592 ) ;
#2424 = VECTOR ( 'NONE', #652, 1000.000000000000000 ) ;
#2425 = CARTESIAN_POINT ( 'NONE',  ( -8.750000000000053291, -1.500000000000000000, -15.15544456622765246 ) ) ;
#2426 = VECTOR ( 'NONE', #2388, 1000.000000000000000 ) ;
#2427 = VERTEX_POINT ( 'NONE', #2739 ) ;
#2428 = ORIENTED_EDGE ( 'NONE', *, *, #3587, .F. ) ;
#2429 = AXIS2_PLACEMENT_3D ( 'NONE', #125, #983, #2396 ) ;
#2430 = DIRECTION ( 'NONE',  ( 0.000000000000000000, 0.000000000000000000, 1.000000000000000000 ) ) ;
#2431 = LINE ( 'NONE', #3265, #1432 ) ;
#2432 = VECTOR ( 'NONE', #2272, 1000.000000000000000 ) ;
#2433 = ORIENTED_EDGE ( 'NONE', *, *, #630, .F. ) ;
#2434 = EDGE_CURVE ( 'NONE', #1349, #2019, #2326, .T. ) ;
#2435 = EDGE_CURVE ( 'NONE', #3110, #3359, #759, .T. ) ;
#2436 = AXIS2_PLACEMENT_3D ( 'NONE', #71, #2248, #3338 ) ;
#2437 = EDGE_CURVE ( 'NONE', #1459, #541, #2795, .T. ) ;
#2438 = AXIS2_PLACEMENT_3D ( 'NONE', #2400, #2639, #1882 ) ;
#2439 = DIRECTION ( 'NONE',  ( 0.000000000000000000, 0.000000000000000000, 1.000000000000000000 ) ) ;
#2440 = ORIENTED_EDGE ( 'NONE', *, *, #2879, .F. ) ;
#2441 = VECTOR ( 'NONE', #305, 1000.000000000000000 ) ;
#2442 = CARTESIAN_POINT ( 'NONE',  ( 4.499464137392734209, -1.499999999999999556, -13.53203923154092259 ) ) ;
#2443 = VECTOR ( 'NONE', #1546, 1000.000000000000000 ) ;
#2444 = ORIENTED_EDGE ( 'NONE', *, *, #3463, .F. ) ;
#2445 = EDGE_CURVE ( 'NONE', #332, #1416, #1946, .T. ) ;
#2446 = ORIENTED_EDGE ( 'NONE', *, *, #740, .T. ) ;
#2447 = DIRECTION ( 'NONE',  ( -0.000000000000000000, 1.000000000000000000, -0.000000000000000000 ) ) ;
#2448 = CARTESIAN_POINT ( 'NONE',  ( -8.750000000000053291, -1.500000000000000000, -16.40544456622765424 ) ) ;
#2449 = EDGE_LOOP ( 'NONE', ( #1443, #683, #410, #2440 ) ) ;
#2450 = EDGE_CURVE ( 'NONE', #2536, #1379, #1228, .T. ) ;
#2451 = DIRECTION ( 'NONE',  ( -0.000000000000000000, 1.000000000000000000, -0.000000000000000000 ) ) ;
#2452 = CYLINDRICAL_SURFACE ( 'NONE', #82, 5.000000000000000000 ) ;
#2453 = ORIENTED_EDGE ( 'NONE', *, *, #2059, .T. ) ;
#2454 = FACE_BOUND ( 'NONE', #2416, .T. ) ;
#2455 = DIRECTION ( 'NONE',  ( -1.000000000000000000, 0.000000000000000000, 3.455323577095457193E-15 ) ) ;
#2456 = FACE_BOUND ( 'NONE', #1623, .T. ) ;
#2457 = EDGE_CURVE ( 'NONE', #346, #2922, #3233, .T. ) ;
#2458 = ORIENTED_EDGE ( 'NONE', *, *, #3017, .F. ) ;
#2459 = CARTESIAN_POINT ( 'NONE',  ( -9.184850993605148438E-17, -8.500000000000000000, 1.742924699575454705E-16 ) ) ;
#2460 = DIRECTION ( 'NONE',  ( 0.000000000000000000, 0.000000000000000000, 1.000000000000000000 ) ) ;
#2461 = ORIENTED_EDGE ( 'NONE', *, *, #2983, .F. ) ;
#2462 = EDGE_CURVE ( 'NONE', #168, #1385, #3349, .T. ) ;
#2463 = FACE_OUTER_BOUND ( 'NONE', #1554, .T. ) ;
#2464 = LINE ( 'NONE', #195, #1141 ) ;
#2465 = ORIENTED_EDGE ( 'NONE', *, *, #453, .F. ) ;
#2466 = DIRECTION ( 'NONE',  ( 0.000000000000000000, 1.000000000000000000, 0.000000000000000000 ) ) ;
#2467 = CARTESIAN_POINT ( 'NONE',  ( -17.50000000000000000, -1.500000000000000000, 1.769808360342463528E-14 ) ) ;
#2468 = VERTEX_POINT ( 'NONE', #533 ) ;
#2469 = CIRCLE ( 'NONE', #686, 4.550000000000002487 ) ;
#2470 = EDGE_LOOP ( 'NONE', ( #1760, #1198, #3369, #2073 ) ) ;
#2471 = CYLINDRICAL_SURFACE ( 'NONE', #2828, 4.550000000000001599 ) ;
#2472 = CIRCLE ( 'NONE', #2132, 4.550000000000001599 ) ;
#2473 = DIRECTION ( 'NONE',  ( 0.000000000000000000, 1.000000000000000000, 0.000000000000000000 ) ) ;
#2474 = CARTESIAN_POINT ( 'NONE',  ( -2.165063509463149849, -1.500000000000000000, -1.250000000001184164 ) ) ;
#2475 = AXIS2_PLACEMENT_3D ( 'NONE', #2404, #3235, #3215 ) ;
#2476 = EDGE_LOOP ( 'NONE', ( #2422, #259, #2465, #3390 ) ) ;
#2477 = AXIS2_PLACEMENT_3D ( 'NONE', #1461, #1759, #387 ) ;
#2478 = ORIENTED_EDGE ( 'NONE', *, *, #2800, .F. ) ;
#2479 = DIRECTION ( 'NONE',  ( 1.000000000000000000, 0.000000000000000000, -0.000000000000000000 ) ) ;
#2480 = CIRCLE ( 'NONE', #27, 1.249999999999997558 ) ;
#2481 = ORIENTED_EDGE ( 'NONE', *, *, #747, .F. ) ;
#2482 = FACE_OUTER_BOUND ( 'NONE', #2738, .T. ) ;
#2483 = DIRECTION ( 'NONE',  ( 0.000000000000000000, 0.000000000000000000, 1.000000000000000000 ) ) ;
#2484 = VECTOR ( 'NONE', #3068, 1000.000000000000000 ) ;
#2485 = CARTESIAN_POINT ( 'NONE',  ( 13.19273868914366687, 1.500000000000000000, 2.500000000000000444 ) ) ;
#2486 = ORIENTED_EDGE ( 'NONE', *, *, #2787, .F. ) ;
#2487 = VECTOR ( 'NONE', #2378, 1000.000000000000000 ) ;
#2488 = EDGE_CURVE ( 'NONE', #1102, #2906, #1912, .T. ) ;
#2489 = AXIS2_PLACEMENT_3D ( 'NONE', #2097, #2155, #755 ) ;
#2490 = DIRECTION ( 'NONE',  ( 0.000000000000000000, 0.000000000000000000, 1.000000000000000000 ) ) ;
#2491 = CARTESIAN_POINT ( 'NONE',  ( -1.707919836748908349, 1.500000000000000000, 7.958203932499114508 ) ) ;
#2492 = ORIENTED_EDGE ( 'NONE', *, *, #3399, .F. ) ;
#2493 = CIRCLE ( 'NONE', #46, 1.000000000000000888 ) ;
#2494 = ADVANCED_FACE ( 'NONE', ( #1982 ), #1087, .F. ) ;
#2495 = DIRECTION ( 'NONE',  ( -0.8660254037844419273, 0.000000000000000000, 0.4999999999999945044 ) ) ;
#2496 = CARTESIAN_POINT ( 'NONE',  ( -13.19273868914366332, -1.499999999999999556, 2.500000000000001332 ) ) ;
#2497 = DIRECTION ( 'NONE',  ( -0.000000000000000000, -1.000000000000000000, -0.000000000000000000 ) ) ;
#2498 = VERTEX_POINT ( 'NONE', #2507 ) ;
#2499 = DIRECTION ( 'NONE',  ( -0.000000000000000000, -1.000000000000000000, -0.000000000000000000 ) ) ;
#2500 = FACE_OUTER_BOUND ( 'NONE', #3478, .T. ) ;
#2501 = DIRECTION ( 'NONE',  ( 0.000000000000000000, 0.000000000000000000, 1.000000000000000000 ) ) ;
#2502 = VERTEX_POINT ( 'NONE', #2237 ) ;
#2503 = CARTESIAN_POINT ( 'NONE',  ( 7.745966692414836707, -8.500000000000000000, 3.500000000000000888 ) ) ;
#2504 = CYLINDRICAL_SURFACE ( 'NONE', #689, 4.550000000000001599 ) ;
#2505 = ADVANCED_FACE ( 'NONE', ( #3558 ), #3061, .F. ) ;
#2506 = EDGE_CURVE ( 'NONE', #1051, #1218, #1506, .T. ) ;
#2507 = CARTESIAN_POINT ( 'NONE',  ( -6.091828464221602069, -1.499999999999999556, -4.374885822795779866 ) ) ;
#2508 = DIRECTION ( 'NONE',  ( 0.000000000000000000, 0.000000000000000000, 1.000000000000000000 ) ) ;
#2509 = ORIENTED_EDGE ( 'NONE', *, *, #188, .F. ) ;
#2510 = VERTEX_POINT ( 'NONE', #2727 ) ;
#2511 = EDGE_LOOP ( 'NONE', ( #2150, #3255, #2371, #2444 ) ) ;
#2512 = CARTESIAN_POINT ( 'NONE',  ( 13.09011422469390418, 1.500000000000000000, 11.32725708595005898 ) ) ;
#2513 = CYLINDRICAL_SURFACE ( 'NONE', #2645, 7.500000000000001776 ) ;
#2514 = ORIENTED_EDGE ( 'NONE', *, *, #3070, .T. ) ;
#2515 = LINE ( 'NONE', #2233, #1744 ) ;
#2516 = ORIENTED_EDGE ( 'NONE', *, *, #2647, .T. ) ;
#2517 = VERTEX_POINT ( 'NONE', #2188 ) ;
#2518 = LINE ( 'NONE', #1193, #2141 ) ;
#2519 = CARTESIAN_POINT ( 'NONE',  ( 6.904072259451436544, -1.499999999999999556, -4.958203932501485056 ) ) ;
#2520 = AXIS2_PLACEMENT_3D ( 'NONE', #571, #1164, #3302 ) ;
#2521 = DIRECTION ( 'NONE',  ( 0.000000000000000000, 1.000000000000000000, -0.000000000000000000 ) ) ;
#2522 = ORIENTED_EDGE ( 'NONE', *, *, #2787, .T. ) ;
#2523 = FACE_BOUND ( 'NONE', #1652, .T. ) ;
#2524 = ORIENTED_EDGE ( 'NONE', *, *, #123, .F. ) ;
#2525 = VECTOR ( 'NONE', #3153, 1000.000000000000000 ) ;
#2526 = AXIS2_PLACEMENT_3D ( 'NONE', #1088, #2222, #842 ) ;
#2527 = ORIENTED_EDGE ( 'NONE', *, *, #977, .F. ) ;
#2528 = CIRCLE ( 'NONE', #987, 1.000000000000000888 ) ;
#2529 = LINE ( 'NONE', #607, #1520 ) ;
#2530 = FACE_OUTER_BOUND ( 'NONE', #122, .T. ) ;
#2531 = ORIENTED_EDGE ( 'NONE', *, *, #2708, .T. ) ;
#2532 = VECTOR ( 'NONE', #635, 1000.000000000000000 ) ;
#2533 = CARTESIAN_POINT ( 'NONE',  ( -15.85111615421194031, -8.500000000000000000, -4.240717163770692189 ) ) ;
#2534 = AXIS2_PLACEMENT_3D ( 'NONE', #1560, #691, #2663 ) ;
#2535 = PLANE ( 'NONE',  #3175 ) ;
#2536 = VERTEX_POINT ( 'NONE', #1354 ) ;
#2537 = ORIENTED_EDGE ( 'NONE', *, *, #2774, .F. ) ;
#2538 = VECTOR ( 'NONE', #1239, 1000.000000000000000 ) ;
#2539 = LINE ( 'NONE', #2776, #2252 ) ;
#2540 = CARTESIAN_POINT ( 'NONE',  ( 8.750000000000007105, 1.500000000000000000, -15.15544456622769331 ) ) ;
#2541 = AXIS2_PLACEMENT_3D ( 'NONE', #1674, #1121, #240 ) ;
#2542 = EDGE_CURVE ( 'NONE', #1567, #2772, #3521, .T. ) ;
#2543 = DIRECTION ( 'NONE',  ( -0.4999999999999950040, 0.000000000000000000, 0.8660254037844414832 ) ) ;
#2544 = ORIENTED_EDGE ( 'NONE', *, *, #2125, .T. ) ;
#2545 = ORIENTED_EDGE ( 'NONE', *, *, #1718, .F. ) ;
#2546 = VECTOR ( 'NONE', #3366, 1000.000000000000000 ) ;
#2547 = CARTESIAN_POINT ( 'NONE',  ( 0.7428480290867359725, -1.499999999999999556, 7.463121116910939712 ) ) ;
#2548 = CIRCLE ( 'NONE', #3470, 1.000000000000002665 ) ;
#2549 = CARTESIAN_POINT ( 'NONE',  ( -8.749999999999998224, -1.499999999999999556, -15.15544456622769509 ) ) ;
#2550 = EDGE_LOOP ( 'NONE', ( #3205, #1600, #3, #1663 ) ) ;
#2551 = AXIS2_PLACEMENT_3D ( 'NONE', #377, #1683, #1723 ) ;
#2552 = CYLINDRICAL_SURFACE ( 'NONE', #1686, 0.9999999999999991118 ) ;
#2553 = DIRECTION ( 'NONE',  ( -0.000000000000000000, 1.000000000000000000, -0.000000000000000000 ) ) ;
#2554 = ORIENTED_EDGE ( 'NONE', *, *, #605, .F. ) ;
#2555 = DIRECTION ( 'NONE',  ( -0.000000000000000000, 1.000000000000000000, -0.000000000000000000 ) ) ;
#2556 = FACE_OUTER_BOUND ( 'NONE', #189, .T. ) ;
#2557 = EDGE_CURVE ( 'NONE', #2793, #809, #2202, .T. ) ;
#2558 = VERTEX_POINT ( 'NONE', #1476 ) ;
#2559 = ORIENTED_EDGE ( 'NONE', *, *, #3574, .F. ) ;
#2560 = CARTESIAN_POINT ( 'NONE',  ( 3.264635279283078617, 1.500000000000000000, -16.99999999999987921 ) ) ;
#2561 = DIRECTION ( 'NONE',  ( 0.000000000000000000, 1.000000000000000000, -0.000000000000000000 ) ) ;
#2562 = CARTESIAN_POINT ( 'NONE',  ( -2.165063509458655222, -1.500000000000000000, 1.249999999998590905 ) ) ;
#2563 = VERTEX_POINT ( 'NONE', #601 ) ;
#2564 = DIRECTION ( 'NONE',  ( 0.000000000000000000, 1.000000000000000000, 0.000000000000000000 ) ) ;
#2565 = ORIENTED_EDGE ( 'NONE', *, *, #942, .F. ) ;
#2566 = CARTESIAN_POINT ( 'NONE',  ( 23.09401076758504701, -1.500000000000000000, 0.000000000000000000 ) ) ;
#2567 = CARTESIAN_POINT ( 'NONE',  ( -17.50000000000000355, 1.500000000000000000, -1.655234598692008349E-14 ) ) ;
#2568 = DIRECTION ( 'NONE',  ( -0.000000000000000000, 1.000000000000000000, -0.000000000000000000 ) ) ;
#2569 = CARTESIAN_POINT ( 'NONE',  ( 0.000000000000000000, 1.500000000000000000, 0.000000000000000000 ) ) ;
#2570 = CYLINDRICAL_SURFACE ( 'NONE', #1664, 1.000000000000000888 ) ;
#2571 = FACE_OUTER_BOUND ( 'NONE', #1247, .T. ) ;
#2572 = ORIENTED_EDGE ( 'NONE', *, *, #2059, .F. ) ;
#2573 = VERTEX_POINT ( 'NONE', #1791 ) ;
#2574 = ADVANCED_FACE ( 'NONE', ( #2855 ), #2617, .F. ) ;
#2575 = DIRECTION ( 'NONE',  ( 0.000000000000000000, 1.000000000000000000, 0.000000000000000000 ) ) ;
#2576 = DIRECTION ( 'NONE',  ( -0.000000000000000000, 1.000000000000000000, -0.000000000000000000 ) ) ;
#2577 = ORIENTED_EDGE ( 'NONE', *, *, #3528, .T. ) ;
#2578 = EDGE_CURVE ( 'NONE', #3492, #437, #1340, .T. ) ;
#2579 = EDGE_LOOP ( 'NONE', ( #961, #3447, #592, #1152 ) ) ;
#2580 = DIRECTION ( 'NONE',  ( 1.000000000000000000, 0.000000000000000000, -7.962163080346676589E-17 ) ) ;
#2581 = AXIS2_PLACEMENT_3D ( 'NONE', #1411, #1924, #540 ) ;
#2582 = DIRECTION ( 'NONE',  ( 0.000000000000000000, 0.000000000000000000, 1.000000000000000000 ) ) ;
#2583 = CARTESIAN_POINT ( 'NONE',  ( 14.72243186433544970, 1.500000000000000000, 8.499999999999994671 ) ) ;
#2584 = AXIS2_PLACEMENT_3D ( 'NONE', #633, #2902, #3123 ) ;
#2585 = CARTESIAN_POINT ( 'NONE',  ( -9.469357670825701234, 1.500000000000000000, 10.66266986216955814 ) ) ;
#2586 = EDGE_CURVE ( 'NONE', #3110, #897, #1213, .T. ) ;
#2587 = CARTESIAN_POINT ( 'NONE',  ( -8.750000000000053291, 1.500000000000000000, -16.40544456622765424 ) ) ;
#2588 = CARTESIAN_POINT ( 'NONE',  ( -3.199999999999999734, -1.500000000000000000, 2.399999999999999911 ) ) ;
#2589 = CARTESIAN_POINT ( 'NONE',  ( -8.749999999999998224, -8.500000000000000000, -15.15544456622769509 ) ) ;
#2590 = CYLINDRICAL_SURFACE ( 'NONE', #943, 1.249999999999999334 ) ;
#2591 = AXIS2_PLACEMENT_3D ( 'NONE', #1889, #1081, #557 ) ;
#2592 = CARTESIAN_POINT ( 'NONE',  ( -8.761432854035911433, 1.500000000000000000, 10.17524685028866038 ) ) ;
#2593 = ORIENTED_EDGE ( 'NONE', *, *, #2437, .T. ) ;
#2594 = ORIENTED_EDGE ( 'NONE', *, *, #2457, .T. ) ;
#2595 = ORIENTED_EDGE ( 'NONE', *, *, #64, .F. ) ;
#2596 = DIRECTION ( 'NONE',  ( 0.000000000000000000, 1.000000000000000000, 0.000000000000000000 ) ) ;
#2597 = CARTESIAN_POINT ( 'NONE',  ( -0.7428480290862983226, -1.499999999999999556, 7.463121116910982344 ) ) ;
#2598 = ORIENTED_EDGE ( 'NONE', *, *, #1901, .T. ) ;
#2599 = CARTESIAN_POINT ( 'NONE',  ( -8.749999999999998224, -8.500000000000000000, -15.15544456622769509 ) ) ;
#2600 = ORIENTED_EDGE ( 'NONE', *, *, #1421, .T. ) ;
#2601 = VECTOR ( 'NONE', #1024, 1000.000000000000000 ) ;
#2602 = DIRECTION ( 'NONE',  ( 0.000000000000000000, 0.000000000000000000, 1.000000000000000000 ) ) ;
#2603 = AXIS2_PLACEMENT_3D ( 'NONE', #407, #1251, #1714 ) ;
#2604 = DIRECTION ( 'NONE',  ( -0.000000000000000000, 1.000000000000000000, -0.000000000000000000 ) ) ;
#2605 = LINE ( 'NONE', #3178, #3405 ) ;
#2606 = AXIS2_PLACEMENT_3D ( 'NONE', #1930, #2737, #3553 ) ;
#2607 = DIRECTION ( 'NONE',  ( 0.000000000000000000, 0.000000000000000000, 1.000000000000000000 ) ) ;
#2608 = CARTESIAN_POINT ( 'NONE',  ( 8.750000000000005329, 1.500000000000000000, 13.90544456622769154 ) ) ;
#2609 = DIRECTION ( 'NONE',  ( 0.000000000000000000, 0.000000000000000000, 1.000000000000000000 ) ) ;
#2610 = AXIS2_PLACEMENT_3D ( 'NONE', #612, #3343, #1149 ) ;
#2611 = DIRECTION ( 'NONE',  ( -0.000000000000000000, -1.000000000000000000, -0.000000000000000000 ) ) ;
#2612 = AXIS2_PLACEMENT_3D ( 'NONE', #1027, #154, #972 ) ;
#2613 = LINE ( 'NONE', #138, #2704 ) ;
#2614 = ORIENTED_EDGE ( 'NONE', *, *, #2691, .T. ) ;
#2615 = VERTEX_POINT ( 'NONE', #104 ) ;
#2616 = ORIENTED_EDGE ( 'NONE', *, *, #225, .T. ) ;
#2617 = PLANE ( 'NONE',  #815 ) ;
#2618 = CARTESIAN_POINT ( 'NONE',  ( -17.50000000000000000, 1.500000000000000000, 1.769808360342463528E-14 ) ) ;
#2619 = VERTEX_POINT ( 'NONE', #3384 ) ;
#2620 = EDGE_LOOP ( 'NONE', ( #2720, #2301, #2458, #1622 ) ) ;
#2621 = EDGE_CURVE ( 'NONE', #218, #1944, #924, .T. ) ;
#2622 = FACE_OUTER_BOUND ( 'NONE', #1786, .T. ) ;
#2623 = CARTESIAN_POINT ( 'NONE',  ( -13.19273868914366332, -1.499999999999999556, 3.500000000000002220 ) ) ;
#2624 = EDGE_CURVE ( 'NONE', #2558, #3231, #2835, .T. ) ;
#2625 = DIRECTION ( 'NONE',  ( 0.000000000000000000, 0.000000000000000000, 1.000000000000000000 ) ) ;
#2626 = PLANE ( 'NONE',  #2893 ) ;
#2627 = CARTESIAN_POINT ( 'NONE',  ( -8.750000000000053291, 1.500000000000000000, -15.15544456622765246 ) ) ;
#2628 =( NAMED_UNIT ( * ) SI_UNIT ( $, .STERADIAN. ) SOLID_ANGLE_UNIT ( ) );
#2629 = ADVANCED_FACE ( 'NONE', ( #2023 ), #1773, .F. ) ;
#2630 = CARTESIAN_POINT ( 'NONE',  ( -11.54700538379261232, 1.500000000000000000, -19.99999999999996092 ) ) ;
#2631 = CARTESIAN_POINT ( 'NONE',  ( -12.22408882090951288, 1.500000000000000000, 11.82725708595003411 ) ) ;
#2632 = ORIENTED_EDGE ( 'NONE', *, *, #78, .F. ) ;
#2633 = VERTEX_POINT ( 'NONE', #2341 ) ;
#2634 = EDGE_LOOP ( 'NONE', ( #3340, #482, #2910, #59 ) ) ;
#2635 = CARTESIAN_POINT ( 'NONE',  ( 8.750000000000003553, -1.500000000000000000, -15.15544456622767733 ) ) ;
#2636 = FACE_OUTER_BOUND ( 'NONE', #1862, .T. ) ;
#2637 = ORIENTED_EDGE ( 'NONE', *, *, #1427, .T. ) ;
#2638 = ORIENTED_EDGE ( 'NONE', *, *, #727, .F. ) ;
#2639 = DIRECTION ( 'NONE',  ( -0.000000000000000000, 1.000000000000000000, -0.000000000000000000 ) ) ;
#2640 = DIRECTION ( 'NONE',  ( 0.5000000000000068834, 0.000000000000000000, 0.8660254037844345998 ) ) ;
#2641 = CARTESIAN_POINT ( 'NONE',  ( 8.750000000000005329, 1.500000000000000000, 16.40544456622768621 ) ) ;
#2642 = DIRECTION ( 'NONE',  ( 0.5000000000000002220, 0.000000000000000000, 0.8660254037844384856 ) ) ;
#2643 = ADVANCED_FACE ( 'NONE', ( #3445 ), #2834, .F. ) ;
#2644 = DIRECTION ( 'NONE',  ( -0.000000000000000000, 1.000000000000000000, -0.000000000000000000 ) ) ;
#2645 = AXIS2_PLACEMENT_3D ( 'NONE', #3548, #2747, #1977 ) ;
#2646 = DIRECTION ( 'NONE',  ( 0.000000000000000000, 0.000000000000000000, 1.000000000000000000 ) ) ;
#2647 = EDGE_CURVE ( 'NONE', #1567, #2986, #963, .T. ) ;
#2648 = EDGE_LOOP ( 'NONE', ( #2372, #604, #1265, #1072 ) ) ;
#2649 = AXIS2_PLACEMENT_3D ( 'NONE', #1782, #2864, #2332 ) ;
#2650 = VERTEX_POINT ( 'NONE', #351 ) ;
#2651 = AXIS2_PLACEMENT_3D ( 'NONE', #2943, #3495, #440 ) ;
#2652 = DIRECTION ( 'NONE',  ( -1.000000000000000000, 0.000000000000000000, 0.000000000000000000 ) ) ;
#2653 = DIRECTION ( 'NONE',  ( -0.000000000000000000, 1.000000000000000000, -0.000000000000000000 ) ) ;
#2654 = ORIENTED_EDGE ( 'NONE', *, *, #2120, .T. ) ;
#2655 = STYLED_ITEM ( 'NONE', ( #904 ), #1423 ) ;
#2656 = VERTEX_POINT ( 'NONE', #1518 ) ;
#2657 = DIRECTION ( 'NONE',  ( 0.000000000000000000, 1.000000000000000000, 0.000000000000000000 ) ) ;
#2658 = EDGE_CURVE ( 'NONE', #2674, #820, #284, .T. ) ;
#2659 = VECTOR ( 'NONE', #1223, 999.9999999999998863 ) ;
#2660 = ORIENTED_EDGE ( 'NONE', *, *, #3439, .T. ) ;
#2661 = VECTOR ( 'NONE', #716, 1000.000000000000000 ) ;
#2662 =( LENGTH_UNIT ( ) NAMED_UNIT ( * ) SI_UNIT ( .MILLI., .METRE. ) );
#2663 = DIRECTION ( 'NONE',  ( 0.000000000000000000, 0.000000000000000000, 1.000000000000000000 ) ) ;
#2664 = AXIS2_PLACEMENT_3D ( 'NONE', #3042, #1967, #564 ) ;
#2665 = DIRECTION ( 'NONE',  ( -1.000000000000000000, 0.000000000000000000, 3.455323577095457193E-15 ) ) ;
#2666 = CARTESIAN_POINT ( 'NONE',  ( -8.749999999999998224, -1.499999999999999556, -15.15544456622769509 ) ) ;
#2667 = CIRCLE ( 'NONE', #3056, 1.000000000000000444 ) ;
#2668 = EDGE_CURVE ( 'NONE', #3352, #1492, #1391, .T. ) ;
#2669 = CARTESIAN_POINT ( 'NONE',  ( -3.264635279283147007, -1.499999999999999556, 16.99999999999996803 ) ) ;
#2670 = DIRECTION ( 'NONE',  ( 0.000000000000000000, 0.000000000000000000, 1.000000000000000000 ) ) ;
#2671 = ORIENTED_EDGE ( 'NONE', *, *, #723, .T. ) ;
#2672 = CIRCLE ( 'NONE', #1344, 0.9999999999999974465 ) ;
#2673 = ORIENTED_EDGE ( 'NONE', *, *, #641, .T. ) ;
#2674 = VERTEX_POINT ( 'NONE', #1733 ) ;
#2675 = AXIS2_PLACEMENT_3D ( 'NONE', #2065, #397, #2607 ) ;
#2676 = LINE ( 'NONE', #2133, #3570 ) ;
#2677 = CARTESIAN_POINT ( 'NONE',  ( 6.834676493307207501, -1.499999999999999556, -3.088235294117648078 ) ) ;
#2678 = EDGE_LOOP ( 'NONE', ( #2300, #1329 ) ) ;
#2679 = EDGE_LOOP ( 'NONE', ( #2968, #45, #39, #1400 ) ) ;
#2680 = FACE_OUTER_BOUND ( 'NONE', #777, .T. ) ;
#2681 = ORIENTED_EDGE ( 'NONE', *, *, #2186, .F. ) ;
#2682 = DIRECTION ( 'NONE',  ( 0.000000000000000000, 1.000000000000000000, -0.000000000000000000 ) ) ;
#2683 = LINE ( 'NONE', #1836, #3275 ) ;
#2684 = FACE_OUTER_BOUND ( 'NONE', #77, .T. ) ;
#2685 = DIRECTION ( 'NONE',  ( 0.000000000000000000, 1.000000000000000000, 0.000000000000000000 ) ) ;
#2686 = ORIENTED_EDGE ( 'NONE', *, *, #2205, .F. ) ;
#2687 = EDGE_CURVE ( 'NONE', #2986, #2656, #1510, .T. ) ;
#2688 = VERTEX_POINT ( 'NONE', #2044 ) ;
#2689 = VERTEX_POINT ( 'NONE', #1194 ) ;
#2690 = DIRECTION ( 'NONE',  ( 0.000000000000000000, 1.000000000000000000, 0.000000000000000000 ) ) ;
#2691 = EDGE_CURVE ( 'NONE', #2166, #465, #2090, .T. ) ;
#2692 = ORIENTED_EDGE ( 'NONE', *, *, #952, .T. ) ;
#2693 = ADVANCED_FACE ( 'NONE', ( #2871 ), #2060, .F. ) ;
#2694 = ORIENTED_EDGE ( 'NONE', *, *, #1075, .T. ) ;
#2695 = FACE_OUTER_BOUND ( 'NONE', #2648, .T. ) ;
#2696 = ORIENTED_EDGE ( 'NONE', *, *, #3258, .F. ) ;
#2697 = LINE ( 'NONE', #1544, #3099 ) ;
#2698 = DIRECTION ( 'NONE',  ( 0.000000000000000000, 0.000000000000000000, 1.000000000000000000 ) ) ;
#2699 = ADVANCED_FACE ( 'NONE', ( #1601 ), #3206, .F. ) ;
#2700 = DIRECTION ( 'NONE',  ( -0.000000000000000000, -1.000000000000000000, -0.000000000000000000 ) ) ;
#2701 = ORIENTED_EDGE ( 'NONE', *, *, #2850, .F. ) ;
#2702 = AXIS2_PLACEMENT_3D ( 'NONE', #2109, #1079, #506 ) ;
#2703 = CARTESIAN_POINT ( 'NONE',  ( 3.264635279283078617, -1.499999999999999556, -15.99999999999987921 ) ) ;
#2704 = VECTOR ( 'NONE', #120, 1000.000000000000000 ) ;
#2705 = EDGE_LOOP ( 'NONE', ( #3290, #2357 ) ) ;
#2706 = VECTOR ( 'NONE', #2576, 1000.000000000000000 ) ;
#2707 = CIRCLE ( 'NONE', #393, 1.000000000000002665 ) ;
#2708 = EDGE_CURVE ( 'NONE', #1730, #3389, #1054, .T. ) ;
#2709 = DIRECTION ( 'NONE',  ( -0.000000000000000000, -1.000000000000000000, -0.000000000000000000 ) ) ;
#2710 = CYLINDRICAL_SURFACE ( 'NONE', #1150, 1.000000000000001776 ) ;
#2711 =( GEOMETRIC_REPRESENTATION_CONTEXT ( 3 ) GLOBAL_UNCERTAINTY_ASSIGNED_CONTEXT ( ( #1160 ) ) GLOBAL_UNIT_ASSIGNED_CONTEXT ( ( #2394, #2043, #2628 ) ) REPRESENTATION_CONTEXT ( 'NONE', 'WORKASPACE' ) );
#2712 = ORIENTED_EDGE ( 'NONE', *, *, #3132, .T. ) ;
#2713 = VECTOR ( 'NONE', #396, 1000.000000000000000 ) ;
#2714 = CARTESIAN_POINT ( 'NONE',  ( 9.627458257814346609, -1.499999999999999556, -9.675246850287742006 ) ) ;
#2715 = VECTOR ( 'NONE', #17, 1000.000000000000000 ) ;
#2716 = EDGE_CURVE ( 'NONE', #1447, #2689, #2667, .T. ) ;
#2717 = VECTOR ( 'NONE', #2709, 1000.000000000000000 ) ;
#2718 = CARTESIAN_POINT ( 'NONE',  ( 12.22408882090946136, 1.500000000000000000, 10.82725708595005720 ) ) ;
#2719 = PLANE ( 'NONE',  #1325 ) ;
#2720 = ORIENTED_EDGE ( 'NONE', *, *, #3251, .T. ) ;
#2721 = AXIS2_PLACEMENT_3D ( 'NONE', #559, #806, #1100 ) ;
#2722 = DIRECTION ( 'NONE',  ( 0.000000000000000000, 0.000000000000000000, 1.000000000000000000 ) ) ;
#2723 = PLANE ( 'NONE',  #2606 ) ;
#2724 = AXIS2_PLACEMENT_3D ( 'NONE', #137, #420, #1584 ) ;
#2725 = ORIENTED_EDGE ( 'NONE', *, *, #2225, .F. ) ;
#2726 = VECTOR ( 'NONE', #1258, 1000.000000000000000 ) ;
#2727 = CARTESIAN_POINT ( 'NONE',  ( -0.7428480290812981002, -1.499999999999999556, -7.463121116911479724 ) ) ;
#2728 = DIRECTION ( 'NONE',  ( 0.000000000000000000, 1.000000000000000000, 0.000000000000000000 ) ) ;
#2729 = CARTESIAN_POINT ( 'NONE',  ( -9.184850993605148438E-17, 1.500000000000000000, 1.742924699575454705E-16 ) ) ;
#2730 = VERTEX_POINT ( 'NONE', #3168 ) ;
#2731 = EDGE_CURVE ( 'NONE', #531, #1033, #1879, .T. ) ;
#2732 = LINE ( 'NONE', #246, #817 ) ;
#2733 = DIRECTION ( 'NONE',  ( -0.5000000000000003331, 0.000000000000000000, -0.8660254037844383745 ) ) ;
#2734 = ORIENTED_EDGE ( 'NONE', *, *, #3154, .T. ) ;
#2735 = EDGE_CURVE ( 'NONE', #980, #6, #2777, .T. ) ;
#2736 = CARTESIAN_POINT ( 'NONE',  ( 2.165063509463538871, -1.500000000000000000, -1.250000000001410871 ) ) ;
#2737 = DIRECTION ( 'NONE',  ( 0.000000000000000000, 1.000000000000000000, 0.000000000000000000 ) ) ;
#2738 = EDGE_LOOP ( 'NONE', ( #2095, #2594, #1880, #2848 ) ) ;
#2739 = CARTESIAN_POINT ( 'NONE',  ( -7.745966692414836707, -1.499999999999999556, 2.500000000000001332 ) ) ;
#2740 = EDGE_CURVE ( 'NONE', #1888, #1123, #3223, .T. ) ;
#2741 = CARTESIAN_POINT ( 'NONE',  ( 8.750000000000003553, 1.500000000000000000, -16.40544456622767910 ) ) ;
#2742 = ORIENTED_EDGE ( 'NONE', *, *, #2398, .F. ) ;
#2743 = FACE_OUTER_BOUND ( 'NONE', #2634, .T. ) ;
#2744 = EDGE_CURVE ( 'NONE', #2275, #3040, #1845, .T. ) ;
#2745 = DIRECTION ( 'NONE',  ( 0.000000000000000000, 0.000000000000000000, 1.000000000000000000 ) ) ;
#2746 = EDGE_CURVE ( 'NONE', #541, #2223, #2112, .T. ) ;
#2747 = DIRECTION ( 'NONE',  ( -0.000000000000000000, 1.000000000000000000, -0.000000000000000000 ) ) ;
#2748 = ORIENTED_EDGE ( 'NONE', *, *, #130, .F. ) ;
#2749 = DIRECTION ( 'NONE',  ( 0.000000000000000000, 0.000000000000000000, 1.000000000000000000 ) ) ;
#2750 = DIRECTION ( 'NONE',  ( -0.000000000000000000, 1.000000000000000000, -0.000000000000000000 ) ) ;
#2751 = APPLICATION_CONTEXT ( 'automotive_design' ) ;
#2752 = DIRECTION ( 'NONE',  ( -0.000000000000000000, 1.000000000000000000, -0.000000000000000000 ) ) ;
#2753 = EDGE_LOOP ( 'NONE', ( #1826, #2781, #140, #1943 ) ) ;
#2754 = VECTOR ( 'NONE', #2497, 1000.000000000000000 ) ;
#2755 = VECTOR ( 'NONE', #1917, 999.9999999999998863 ) ;
#2756 = CARTESIAN_POINT ( 'NONE',  ( 3.264635279283097713, -8.500000000000000000, 16.99999999999996803 ) ) ;
#2757 = PLANE ( 'NONE',  #207 ) ;
#2758 = CIRCLE ( 'NONE', #1097, 4.550000000000001599 ) ;
#2759 = VERTEX_POINT ( 'NONE', #1811 ) ;
#2760 = MECHANICAL_DESIGN_GEOMETRIC_PRESENTATION_REPRESENTATION (  '', ( #2655 ), #2711 ) ;
#2761 = SHAPE_DEFINITION_REPRESENTATION ( #435, #186 ) ;
#2762 = FACE_OUTER_BOUND ( 'NONE', #1793, .T. ) ;
#2763 = CIRCLE ( 'NONE', #1799, 1.000000000000000888 ) ;
#2764 = CARTESIAN_POINT ( 'NONE',  ( 17.50000000000001421, -1.500000000000000000, 1.250000000000005773 ) ) ;
#2765 = AXIS2_PLACEMENT_3D ( 'NONE', #1582, #992, #1315 ) ;
#2766 = CYLINDRICAL_SURFACE ( 'NONE', #2934, 1.000000000000000888 ) ;
#2767 = VERTEX_POINT ( 'NONE', #1322 ) ;
#2768 = CARTESIAN_POINT ( 'NONE',  ( 11.54700538379247732, -1.500000000000000000, -20.00000000000004263 ) ) ;
#2769 = DIRECTION ( 'NONE',  ( 0.000000000000000000, 0.000000000000000000, 1.000000000000000000 ) ) ;
#2770 = VECTOR ( 'NONE', #1125, 1000.000000000000000 ) ;
#2771 = FACE_OUTER_BOUND ( 'NONE', #2579, .T. ) ;
#2772 = VERTEX_POINT ( 'NONE', #2442 ) ;
#2773 = VECTOR ( 'NONE', #2978, 1000.000000000000000 ) ;
#2774 = EDGE_CURVE ( 'NONE', #3359, #3209, #2676, .T. ) ;
#2775 = DIRECTION ( 'NONE',  ( 0.000000000000000000, 1.000000000000000000, -0.000000000000000000 ) ) ;
#2776 = CARTESIAN_POINT ( 'NONE',  ( -15.85111615421191544, -8.500000000000000000, 4.240717163770646891 ) ) ;
#2777 = CIRCLE ( 'NONE', #3345, 1.000000000000000888 ) ;
#2778 = CYLINDRICAL_SURFACE ( 'NONE', #2154, 7.500000000000001776 ) ;
#2779 = CARTESIAN_POINT ( 'NONE',  ( 13.19273868914365799, -8.500000000000000000, -3.500000000000000888 ) ) ;
#2780 = CIRCLE ( 'NONE', #2037, 1.000000000000000888 ) ;
#2781 = ORIENTED_EDGE ( 'NONE', *, *, #542, .T. ) ;
#2782 = AXIS2_PLACEMENT_3D ( 'NONE', #1819, #2682, #2625 ) ;
#2783 = EDGE_CURVE ( 'NONE', #868, #2468, #3522, .T. ) ;
#2784 = ORIENTED_EDGE ( 'NONE', *, *, #3468, .T. ) ;
#2785 = CARTESIAN_POINT ( 'NONE',  ( -4.431305835111842839, 1.500000000000000000, 12.67524685028541676 ) ) ;
#2786 = DIRECTION ( 'NONE',  ( -0.000000000000000000, 1.000000000000000000, -0.000000000000000000 ) ) ;
#2787 = EDGE_CURVE ( 'NONE', #1293, #1312, #2203, .T. ) ;
#2788 = DIRECTION ( 'NONE',  ( 0.000000000000000000, 1.000000000000000000, -0.000000000000000000 ) ) ;
#2789 = ORIENTED_EDGE ( 'NONE', *, *, #1774, .F. ) ;
#2790 = FACE_OUTER_BOUND ( 'NONE', #2679, .T. ) ;
#2791 = CARTESIAN_POINT ( 'NONE',  ( -12.22408882090951288, -1.499999999999999556, 11.82725708595003411 ) ) ;
#2792 = ORIENTED_EDGE ( 'NONE', *, *, #1611, .T. ) ;
#2793 = VERTEX_POINT ( 'NONE', #2942 ) ;
#2794 = LINE ( 'NONE', #2833, #2715 ) ;
#2795 = LINE ( 'NONE', #586, #1742 ) ;
#2796 = ADVANCED_FACE ( 'NONE', ( #1308 ), #1550, .T. ) ;
#2797 = DIRECTION ( 'NONE',  ( -0.8660254037844415942, 0.000000000000000000, -0.4999999999999950595 ) ) ;
#2798 = VERTEX_POINT ( 'NONE', #1535 ) ;
#2799 = VERTEX_POINT ( 'NONE', #1034 ) ;
#2800 = EDGE_CURVE ( 'NONE', #1011, #1379, #1972, .T. ) ;
#2801 = DIRECTION ( 'NONE',  ( 0.000000000000000000, 1.000000000000000000, -0.000000000000000000 ) ) ;
#2802 = EDGE_CURVE ( 'NONE', #814, #1209, #409, .T. ) ;
#2803 = CARTESIAN_POINT ( 'NONE',  ( 13.09011422469390418, -8.500000000000000000, 11.32725708595005898 ) ) ;
#2804 = CARTESIAN_POINT ( 'NONE',  ( 2.165063509459042024, -1.500000000000000000, 1.249999999998811839 ) ) ;
#2805 = CARTESIAN_POINT ( 'NONE',  ( -13.96882180821687847, -8.500000000000000000, 2.869369369369367817 ) ) ;
#2806 = ORIENTED_EDGE ( 'NONE', *, *, #1066, .F. ) ;
#2807 = DIRECTION ( 'NONE',  ( 0.000000000000000000, 0.000000000000000000, 1.000000000000000000 ) ) ;
#2808 = EDGE_CURVE ( 'NONE', #1944, #2949, #1805, .T. ) ;
#2809 = DIRECTION ( 'NONE',  ( 0.000000000000000000, 0.000000000000000000, 1.000000000000000000 ) ) ;
#2810 = VERTEX_POINT ( 'NONE', #3514 ) ;
#2811 = VERTEX_POINT ( 'NONE', #774 ) ;
#2812 = DIRECTION ( 'NONE',  ( 0.000000000000000000, 1.000000000000000000, 0.000000000000000000 ) ) ;
#2813 = DIRECTION ( 'NONE',  ( 0.000000000000000000, 0.000000000000000000, 1.000000000000000000 ) ) ;
#2814 = DIRECTION ( 'NONE',  ( -0.000000000000000000, -1.000000000000000000, -0.000000000000000000 ) ) ;
#2815 = ORIENTED_EDGE ( 'NONE', *, *, #215, .F. ) ;
#2816 = ORIENTED_EDGE ( 'NONE', *, *, #2445, .F. ) ;
#2817 = ADVANCED_FACE ( 'NONE', ( #143 ), #1267, .F. ) ;
#2818 = EDGE_CURVE ( 'NONE', #2810, #335, #439, .T. ) ;
#2819 = ORIENTED_EDGE ( 'NONE', *, *, #929, .T. ) ;
#2820 = AXIS2_PLACEMENT_3D ( 'NONE', #1, #1897, #2979 ) ;
#2821 = DIRECTION ( 'NONE',  ( -0.000000000000000000, 1.000000000000000000, -0.000000000000000000 ) ) ;
#2822 = FACE_OUTER_BOUND ( 'NONE', #2244, .T. ) ;
#2823 = VERTEX_POINT ( 'NONE', #2791 ) ;
#2824 = CIRCLE ( 'NONE', #626, 4.549999999999999822 ) ;
#2825 = DIRECTION ( 'NONE',  ( 0.000000000000000000, 0.000000000000000000, 1.000000000000000000 ) ) ;
#2826 = CARTESIAN_POINT ( 'NONE',  ( 4.431305835109641045, -1.499999999999999556, -12.67524685029108156 ) ) ;
#2827 = EDGE_CURVE ( 'NONE', #596, #2650, #251, .T. ) ;
#2828 = AXIS2_PLACEMENT_3D ( 'NONE', #1368, #3074, #1927 ) ;
#2829 = DIRECTION ( 'NONE',  ( -0.000000000000000000, 1.000000000000000000, -0.000000000000000000 ) ) ;
#2830 = ORIENTED_EDGE ( 'NONE', *, *, #2744, .T. ) ;
#2831 = EDGE_LOOP ( 'NONE', ( #1190, #1107, #2461, #3408 ) ) ;
#2832 = AXIS2_PLACEMENT_3D ( 'NONE', #625, #355, #391 ) ;
#2833 = CARTESIAN_POINT ( 'NONE',  ( -0.7428480290862983226, -8.500000000000000000, 7.463121116910982344 ) ) ;
#2834 = CYLINDRICAL_SURFACE ( 'NONE', #2954, 1.250000000000001110 ) ;
#2835 = CIRCLE ( 'NONE', #1289, 1.250000000000001110 ) ;
#2836 = DIRECTION ( 'NONE',  ( 0.000000000000000000, 1.000000000000000000, -0.000000000000000000 ) ) ;
#2837 = ORIENTED_EDGE ( 'NONE', *, *, #870, .F. ) ;
#2838 = ORIENTED_EDGE ( 'NONE', *, *, #313, .F. ) ;
#2839 = VECTOR ( 'NONE', #2217, 1000.000000000000114 ) ;
#2840 = CARTESIAN_POINT ( 'NONE',  ( -8.750000000000055067, -1.499999999999999556, 15.15544456622765601 ) ) ;
#2841 = ADVANCED_FACE ( 'NONE', ( #3573 ), #1399, .F. ) ;
#2842 = LINE ( 'NONE', #298, #3232 ) ;
#2843 = LINE ( 'NONE', #68, #2424 ) ;
#2844 = AXIS2_PLACEMENT_3D ( 'NONE', #573, #475, #1834 ) ;
#2845 = DIRECTION ( 'NONE',  ( 0.000000000000000000, 0.000000000000000000, 1.000000000000000000 ) ) ;
#2846 = CARTESIAN_POINT ( 'NONE',  ( -17.50000000000000000, 1.500000000000000000, -1.249999999999983347 ) ) ;
#2847 = DIRECTION ( 'NONE',  ( -0.000000000000000000, 1.000000000000000000, -0.000000000000000000 ) ) ;
#2848 = ORIENTED_EDGE ( 'NONE', *, *, #209, .F. ) ;
#2849 = DIRECTION ( 'NONE',  ( 0.000000000000000000, 1.000000000000000000, -0.000000000000000000 ) ) ;
#2850 = EDGE_CURVE ( 'NONE', #2926, #3511, #3415, .T. ) ;
#2851 = ORIENTED_EDGE ( 'NONE', *, *, #123, .T. ) ;
#2852 = ORIENTED_EDGE ( 'NONE', *, *, #1540, .T. ) ;
#2853 = CARTESIAN_POINT ( 'NONE',  ( 8.750000000000003553, 1.500000000000000000, -15.15544456622767733 ) ) ;
#2854 = DIRECTION ( 'NONE',  ( -0.000000000000000000, 1.000000000000000000, -0.000000000000000000 ) ) ;
#2855 = FACE_OUTER_BOUND ( 'NONE', #2449, .T. ) ;
#2856 = DIRECTION ( 'NONE',  ( 0.000000000000000000, 0.000000000000000000, 1.000000000000000000 ) ) ;
#2857 = CARTESIAN_POINT ( 'NONE',  ( -1.990540770086660026E-16, 1.500000000000000000, -2.499999999999999556 ) ) ;
#2858 = ORIENTED_EDGE ( 'NONE', *, *, #1901, .F. ) ;
#2859 = EDGE_LOOP ( 'NONE', ( #2143, #1472, #2595, #1513 ) ) ;
#2860 = DIRECTION ( 'NONE',  ( 0.000000000000000000, 1.000000000000000000, 0.000000000000000000 ) ) ;
#2861 = DIRECTION ( 'NONE',  ( -0.000000000000000000, 1.000000000000000000, -0.000000000000000000 ) ) ;
#2862 = CARTESIAN_POINT ( 'NONE',  ( -6.904072259451150551, -8.500000000000000000, -4.958203932501882960 ) ) ;
#2863 = DIRECTION ( 'NONE',  ( 0.000000000000000000, 0.000000000000000000, 1.000000000000000000 ) ) ;
#2864 = DIRECTION ( 'NONE',  ( 0.000000000000000000, 1.000000000000000000, 0.000000000000000000 ) ) ;
#2865 = DIRECTION ( 'NONE',  ( 0.000000000000000000, 0.000000000000000000, 1.000000000000000000 ) ) ;
#2866 = EDGE_CURVE ( 'NONE', #2811, #23, #3291, .T. ) ;
#2867 = DIRECTION ( 'NONE',  ( -0.000000000000000000, 1.000000000000000000, -0.000000000000000000 ) ) ;
#2868 = DIRECTION ( 'NONE',  ( 0.000000000000000000, 0.000000000000000000, 1.000000000000000000 ) ) ;
#2869 = VERTEX_POINT ( 'NONE', #2989 ) ;
#2870 = ORIENTED_EDGE ( 'NONE', *, *, #2434, .T. ) ;
#2871 = FACE_OUTER_BOUND ( 'NONE', #646, .T. ) ;
#2872 = CARTESIAN_POINT ( 'NONE',  ( -17.50000000000000000, 1.500000000000000000, 1.769808360342463528E-14 ) ) ;
#2873 = ORIENTED_EDGE ( 'NONE', *, *, #1241, .F. ) ;
#2874 = ORIENTED_EDGE ( 'NONE', *, *, #1167, .F. ) ;
#2875 = EDGE_CURVE ( 'NONE', #1840, #2275, #2515, .T. ) ;
#2876 = CYLINDRICAL_SURFACE ( 'NONE', #2832, 1.000000000000001776 ) ;
#2877 = VECTOR ( 'NONE', #414, 1000.000000000000000 ) ;
#2878 = DIRECTION ( 'NONE',  ( -0.5000000000000067724, 0.000000000000000000, 0.8660254037844347108 ) ) ;
#2879 = EDGE_CURVE ( 'NONE', #622, #640, #1118, .T. ) ;
#2880 = AXIS2_PLACEMENT_3D ( 'NONE', #3488, #746, #1301 ) ;
#2881 = CARTESIAN_POINT ( 'NONE',  ( -3.264635279283147007, -1.499999999999999556, 15.99999999999996625 ) ) ;
#2882 = CARTESIAN_POINT ( 'NONE',  ( 8.750000000000005329, -1.500000000000000000, 15.15544456622768976 ) ) ;
#2883 = DIRECTION ( 'NONE',  ( 0.000000000000000000, 1.000000000000000000, -0.000000000000000000 ) ) ;
#2884 = CIRCLE ( 'NONE', #2191, 1.000000000000000888 ) ;
#2885 = CARTESIAN_POINT ( 'NONE',  ( -17.50000000000000355, 1.500000000000000000, -1.655234598692008349E-14 ) ) ;
#2886 = VERTEX_POINT ( 'NONE', #1363 ) ;
#2887 = ORIENTED_EDGE ( 'NONE', *, *, #892, .T. ) ;
#2888 = EDGE_LOOP ( 'NONE', ( #546, #3069, #1771, #939 ) ) ;
#2889 = AXIS2_PLACEMENT_3D ( 'NONE', #152, #608, #1705 ) ;
#2890 = DIRECTION ( 'NONE',  ( -0.000000000000000000, -1.000000000000000000, -0.000000000000000000 ) ) ;
#2891 = DIRECTION ( 'NONE',  ( 0.000000000000000000, 1.000000000000000000, 0.000000000000000000 ) ) ;
#2892 = ORIENTED_EDGE ( 'NONE', *, *, #2983, .T. ) ;
#2893 = AXIS2_PLACEMENT_3D ( 'NONE', #300, #1702, #2980 ) ;
#2894 = EDGE_CURVE ( 'NONE', #738, #2793, #1961, .T. ) ;
#2895 = VERTEX_POINT ( 'NONE', #3308 ) ;
#2896 = AXIS2_PLACEMENT_3D ( 'NONE', #2139, #1850, #470 ) ;
#2897 = CARTESIAN_POINT ( 'NONE',  ( -6.904072259454470561, 1.500000000000000000, 4.958203932497259991 ) ) ;
#2898 = ADVANCED_FACE ( 'NONE', ( #3293 ), #1070, .T. ) ;
#2899 = DIRECTION ( 'NONE',  ( 0.000000000000000000, 0.000000000000000000, 1.000000000000000000 ) ) ;
#2900 = VECTOR ( 'NONE', #480, 1000.000000000000000 ) ;
#2901 = CARTESIAN_POINT ( 'NONE',  ( -11.54700538379261232, -1.500000000000000000, -19.99999999999996092 ) ) ;
#2902 = DIRECTION ( 'NONE',  ( 0.000000000000000000, 1.000000000000000000, -0.000000000000000000 ) ) ;
#2903 = DIRECTION ( 'NONE',  ( -0.000000000000000000, -1.000000000000000000, -0.000000000000000000 ) ) ;
#2904 = ADVANCED_FACE ( 'NONE', ( #837, #2456, #1890, #2199, #787, #511, #1621, #824, #1942, #2184, #3274, #1635, #3025, #3037 ), #2723, .T. ) ;
#2905 = LINE ( 'NONE', #3475, #2426 ) ;
#2906 = VERTEX_POINT ( 'NONE', #267 ) ;
#2907 = ORIENTED_EDGE ( 'NONE', *, *, #3387, .F. ) ;
#2908 = EDGE_LOOP ( 'NONE', ( #365, #790, #2815, #1248 ) ) ;
#2909 = DIRECTION ( 'NONE',  ( 0.000000000000000000, 1.000000000000000000, 0.000000000000000000 ) ) ;
#2910 = ORIENTED_EDGE ( 'NONE', *, *, #2624, .F. ) ;
#2911 = ORIENTED_EDGE ( 'NONE', *, *, #775, .F. ) ;
#2912 = EDGE_CURVE ( 'NONE', #873, #1068, #3466, .T. ) ;
#2913 = CARTESIAN_POINT ( 'NONE',  ( -8.749999999999998224, 1.500000000000000000, -15.15544456622769509 ) ) ;
#2914 = CARTESIAN_POINT ( 'NONE',  ( 0.000000000000000000, -1.500000000000000000, 2.500000000000000444 ) ) ;
#2915 = DIRECTION ( 'NONE',  ( -0.8660254037844385966, 0.000000000000000000, 0.5000000000000001110 ) ) ;
#2916 = CARTESIAN_POINT ( 'NONE',  ( -9.184850993605148438E-17, 1.500000000000000000, 1.742924699575454705E-16 ) ) ;
#2917 = DIRECTION ( 'NONE',  ( -0.000000000000000000, 1.000000000000000000, -0.000000000000000000 ) ) ;
#2918 = EDGE_CURVE ( 'NONE', #2468, #147, #1910, .T. ) ;
#2919 = DIRECTION ( 'NONE',  ( 0.000000000000000000, 0.000000000000000000, 1.000000000000000000 ) ) ;
#2920 = CARTESIAN_POINT ( 'NONE',  ( 7.745966692414836707, 1.500000000000000000, 2.500000000000000444 ) ) ;
#2921 = LINE ( 'NONE', #3185, #3451 ) ;
#2922 = VERTEX_POINT ( 'NONE', #545 ) ;
#2923 = ORIENTED_EDGE ( 'NONE', *, *, #1000, .T. ) ;
#2924 = CARTESIAN_POINT ( 'NONE',  ( 0.8418944329592915610, -1.499999999999999556, -8.458203932499628763 ) ) ;
#2925 = CYLINDRICAL_SURFACE ( 'NONE', #2651, 0.9999999999999991118 ) ;
#2926 = VERTEX_POINT ( 'NONE', #1651 ) ;
#2927 = VERTEX_POINT ( 'NONE', #1384 ) ;
#2928 = CARTESIAN_POINT ( 'NONE',  ( -11.54700538379233699, 1.500000000000000000, 20.00000000000011724 ) ) ;
#2929 = VERTEX_POINT ( 'NONE', #2485 ) ;
#2930 = DIRECTION ( 'NONE',  ( 0.000000000000000000, 1.000000000000000000, 0.000000000000000000 ) ) ;
#2931 = CARTESIAN_POINT ( 'NONE',  ( 15.48872410019256129, -1.499999999999999556, 5.172742914049921481 ) ) ;
#2932 = FACE_OUTER_BOUND ( 'NONE', #3128, .T. ) ;
#2933 = CARTESIAN_POINT ( 'NONE',  ( 2.165063509459046021, -8.500000000000000000, 1.249999999998814948 ) ) ;
#2934 = AXIS2_PLACEMENT_3D ( 'NONE', #1956, #31, #1095 ) ;
#2935 = CARTESIAN_POINT ( 'NONE',  ( -8.749999999999996447, -1.500000000000000000, 13.90544456622769331 ) ) ;
#2936 = FACE_OUTER_BOUND ( 'NONE', #3476, .T. ) ;
#2937 = ORIENTED_EDGE ( 'NONE', *, *, #256, .T. ) ;
#2938 = AXIS2_PLACEMENT_3D ( 'NONE', #730, #1641, #3282 ) ;
#2939 = ADVANCED_FACE ( 'NONE', ( #2771 ), #2535, .F. ) ;
#2940 = ORIENTED_EDGE ( 'NONE', *, *, #3528, .F. ) ;
#2941 = VECTOR ( 'NONE', #906, 1000.000000000000000 ) ;
#2942 = CARTESIAN_POINT ( 'NONE',  ( 9.469357670820771844, 1.499999999999999556, -10.66266986216881385 ) ) ;
#2943 = CARTESIAN_POINT ( 'NONE',  ( 9.627458257820959986, -8.500000000000000000, 9.675246850288791833 ) ) ;
#2944 = ORIENTED_EDGE ( 'NONE', *, *, #225, .F. ) ;
#2945 = ADVANCED_FACE ( 'NONE', ( #3143 ), #1979, .F. ) ;
#2946 = VECTOR ( 'NONE', #1486, 1000.000000000000000 ) ;
#2947 = ORIENTED_EDGE ( 'NONE', *, *, #688, .F. ) ;
#2948 = LINE ( 'NONE', #3210, #2487 ) ;
#2949 = VERTEX_POINT ( 'NONE', #1996 ) ;
#2950 = AXIS2_PLACEMENT_3D ( 'NONE', #12, #2415, #779 ) ;
#2951 = CARTESIAN_POINT ( 'NONE',  ( -17.50000000000000000, -1.500000000000000000, -1.249999999999983347 ) ) ;
#2952 = EDGE_CURVE ( 'NONE', #1911, #1123, #1208, .T. ) ;
#2953 = DIRECTION ( 'NONE',  ( 3.455323577095457193E-15, -0.000000000000000000, 1.000000000000000000 ) ) ;
#2954 = AXIS2_PLACEMENT_3D ( 'NONE', #3432, #2890, #981 ) ;
#2955 = EDGE_CURVE ( 'NONE', #3040, #2573, #2337, .T. ) ;
#2956 = CARTESIAN_POINT ( 'NONE',  ( -3.264635279283073288, -1.499999999999999556, -16.99999999999987921 ) ) ;
#2957 = ADVANCED_FACE ( 'NONE', ( #2556 ), #3108, .F. ) ;
#2958 = CARTESIAN_POINT ( 'NONE',  ( 0.000000000000000000, -1.500000000000000000, 0.000000000000000000 ) ) ;
#2959 = EDGE_LOOP ( 'NONE', ( #2391, #3306, #3323, #1217 ) ) ;
#2960 = AXIS2_PLACEMENT_3D ( 'NONE', #1886, #553, #3317 ) ;
#2961 = VERTEX_POINT ( 'NONE', #918 ) ;
#2962 = ORIENTED_EDGE ( 'NONE', *, *, #1667, .T. ) ;
#2963 = AXIS2_PLACEMENT_3D ( 'NONE', #2916, #3438, #1278 ) ;
#2964 = DIRECTION ( 'NONE',  ( 0.000000000000000000, 1.000000000000000000, 0.000000000000000000 ) ) ;
#2965 = CARTESIAN_POINT ( 'NONE',  ( -9.184850993605148438E-17, -1.499999999999999556, 1.742924699575454705E-16 ) ) ;
#2966 = ORIENTED_EDGE ( 'NONE', *, *, #655, .T. ) ;
#2967 = LINE ( 'NONE', #490, #3464 ) ;
#2968 = ORIENTED_EDGE ( 'NONE', *, *, #1929, .T. ) ;
#2969 = CARTESIAN_POINT ( 'NONE',  ( -4.000000000000000000, -1.500000000000000000, -3.000000000000000000 ) ) ;
#2970 = CARTESIAN_POINT ( 'NONE',  ( 4.252989283015875088, -8.500000000000000000, 15.84782784977072367 ) ) ;
#2971 = DIRECTION ( 'NONE',  ( -0.000000000000000000, 1.000000000000000000, -0.000000000000000000 ) ) ;
#2972 = ORIENTED_EDGE ( 'NONE', *, *, #215, .T. ) ;
#2973 = ORIENTED_EDGE ( 'NONE', *, *, #886, .T. ) ;
#2974 = ADVANCED_FACE ( 'NONE', ( #2054 ), #381, .F. ) ;
#2975 = CARTESIAN_POINT ( 'NONE',  ( 13.19273868914365799, 1.500000000000000000, -3.500000000000000888 ) ) ;
#2976 = ORIENTED_EDGE ( 'NONE', *, *, #659, .T. ) ;
#2977 = EDGE_CURVE ( 'NONE', #3250, #346, #1511, .T. ) ;
#2978 = DIRECTION ( 'NONE',  ( -0.000000000000000000, 1.000000000000000000, -0.000000000000000000 ) ) ;
#2979 = DIRECTION ( 'NONE',  ( 0.000000000000000000, 0.000000000000000000, 1.000000000000000000 ) ) ;
#2980 = DIRECTION ( 'NONE',  ( 0.000000000000000000, -0.000000000000000000, 1.000000000000000000 ) ) ;
#2981 = ORIENTED_EDGE ( 'NONE', *, *, #514, .T. ) ;
#2982 = DIRECTION ( 'NONE',  ( 0.8660254037844385966, 0.000000000000000000, -0.5000000000000001110 ) ) ;
#2983 = EDGE_CURVE ( 'NONE', #2674, #147, #3120, .T. ) ;
#2984 = CARTESIAN_POINT ( 'NONE',  ( -3.565280431327402244, 1.500000000000000000, 13.17524685028541320 ) ) ;
#2985 = CARTESIAN_POINT ( 'NONE',  ( -8.749999999999996447, 1.500000000000000000, 15.15544456622769154 ) ) ;
#2986 = VERTEX_POINT ( 'NONE', #2039 ) ;
#2987 = CIRCLE ( 'NONE', #261, 1.000000000000000888 ) ;
#2988 = CARTESIAN_POINT ( 'NONE',  ( 7.745966692414836707, -8.500000000000000000, -3.500000000000000888 ) ) ;
#2989 = CARTESIAN_POINT ( 'NONE',  ( -6.834676493307209277, -1.499999999999999556, 3.088235294117645857 ) ) ;
#2990 = AXIS2_PLACEMENT_3D ( 'NONE', #1804, #2553, #2035 ) ;
#2991 = ORIENTED_EDGE ( 'NONE', *, *, #1337, .F. ) ;
#2992 = EDGE_LOOP ( 'NONE', ( #2360, #1140, #2873, #2041 ) ) ;
#2993 = VECTOR ( 'NONE', #3224, 1000.000000000000000 ) ;
#2994 = DIRECTION ( 'NONE',  ( -0.000000000000000000, 1.000000000000000000, -0.000000000000000000 ) ) ;
#2995 = EDGE_CURVE ( 'NONE', #2119, #902, #2672, .T. ) ;
#2996 = DIRECTION ( 'NONE',  ( -0.000000000000000000, 1.000000000000000000, -0.000000000000000000 ) ) ;
#2997 = CIRCLE ( 'NONE', #2080, 4.549999999999999822 ) ;
#2998 = ORIENTED_EDGE ( 'NONE', *, *, #797, .F. ) ;
#2999 = AXIS2_PLACEMENT_3D ( 'NONE', #2336, #362, #657 ) ;
#3000 = AXIS2_PLACEMENT_3D ( 'NONE', #2913, #2031, #2004 ) ;
#3001 = DIRECTION ( 'NONE',  ( 0.000000000000000000, 1.000000000000000000, 0.000000000000000000 ) ) ;
#3002 = VECTOR ( 'NONE', #1933, 1000.000000000000114 ) ;
#3003 = DIRECTION ( 'NONE',  ( -0.000000000000000000, 1.000000000000000000, -0.000000000000000000 ) ) ;
#3004 = DIRECTION ( 'NONE',  ( 0.000000000000000000, 0.000000000000000000, 1.000000000000000000 ) ) ;
#3005 = ORIENTED_EDGE ( 'NONE', *, *, #1262, .F. ) ;
#3006 = AXIS2_PLACEMENT_3D ( 'NONE', #2017, #3425, #3379 ) ;
#3007 = FACE_OUTER_BOUND ( 'NONE', #1042, .T. ) ;
#3008 = ADVANCED_FACE ( 'NONE', ( #1489 ), #2590, .F. ) ;
#3009 = CARTESIAN_POINT ( 'NONE',  ( -9.184850993605148438E-17, -8.500000000000000000, 7.500000000000001776 ) ) ;
#3010 = VECTOR ( 'NONE', #1433, 1000.000000000000000 ) ;
#3011 = ORIENTED_EDGE ( 'NONE', *, *, #421, .F. ) ;
#3012 = ORIENTED_EDGE ( 'NONE', *, *, #1940, .T. ) ;
#3013 = AXIS2_PLACEMENT_3D ( 'NONE', #1185, #912, #2009 ) ;
#3014 = LINE ( 'NONE', #19, #872 ) ;
#3015 = FACE_OUTER_BOUND ( 'NONE', #3276, .T. ) ;
#3016 = ORIENTED_EDGE ( 'NONE', *, *, #1148, .F. ) ;
#3017 = EDGE_CURVE ( 'NONE', #2961, #2922, #1295, .T. ) ;
#3018 = EDGE_CURVE ( 'NONE', #2869, #2427, #412, .T. ) ;
#3019 = CARTESIAN_POINT ( 'NONE',  ( 14.72243186433557938, -8.500000000000000000, -8.499999999999959144 ) ) ;
#3020 = LINE ( 'NONE', #1631, #474 ) ;
#3021 = CARTESIAN_POINT ( 'NONE',  ( -4.499464137392565455, -1.499999999999999556, -13.53203923154135246 ) ) ;
#3022 = ORIENTED_EDGE ( 'NONE', *, *, #288, .T. ) ;
#3023 = CYLINDRICAL_SURFACE ( 'NONE', #91, 1.000000000000000888 ) ;
#3024 = EDGE_CURVE ( 'NONE', #438, #3080, #1060, .T. ) ;
#3025 = FACE_BOUND ( 'NONE', #1441, .T. ) ;
#3026 = ORIENTED_EDGE ( 'NONE', *, *, #1893, .F. ) ;
#3027 = EDGE_CURVE ( 'NONE', #3073, #1478, #1172, .T. ) ;
#3028 = EDGE_LOOP ( 'NONE', ( #2516, #3228, #3368, #679 ) ) ;
#3029 = CARTESIAN_POINT ( 'NONE',  ( 8.750000000000005329, 1.500000000000000000, 16.40544456622768621 ) ) ;
#3030 = DIRECTION ( 'NONE',  ( 0.4999999999999997224, 0.000000000000000000, -0.8660254037844387076 ) ) ;
#3031 = ORIENTED_EDGE ( 'NONE', *, *, #1630, .T. ) ;
#3032 = ORIENTED_EDGE ( 'NONE', *, *, #1837, .F. ) ;
#3033 = DIRECTION ( 'NONE',  ( 0.000000000000000000, 1.000000000000000000, -0.000000000000000000 ) ) ;
#3034 = CARTESIAN_POINT ( 'NONE',  ( -8.749999999999996447, 1.500000000000000000, 13.90544456622769331 ) ) ;
#3035 = ORIENTED_EDGE ( 'NONE', *, *, #2100, .T. ) ;
#3036 = LINE ( 'NONE', #1350, #274 ) ;
#3037 = FACE_BOUND ( 'NONE', #1534, .T. ) ;
#3038 = ORIENTED_EDGE ( 'NONE', *, *, #844, .T. ) ;
#3039 = CIRCLE ( 'NONE', #1722, 7.500000000000003553 ) ;
#3040 = VERTEX_POINT ( 'NONE', #2273 ) ;
#3041 = CIRCLE ( 'NONE', #449, 1.000000000000000888 ) ;
#3042 = CARTESIAN_POINT ( 'NONE',  ( 13.19273868914366687, -8.500000000000000000, 3.500000000000000888 ) ) ;
#3043 = DIRECTION ( 'NONE',  ( -0.000000000000000000, 0.000000000000000000, -1.000000000000000000 ) ) ;
#3044 = AXIS2_PLACEMENT_3D ( 'NONE', #3351, #2262, #3412 ) ;
#3045 = ORIENTED_EDGE ( 'NONE', *, *, #1498, .T. ) ;
#3046 = VECTOR ( 'NONE', #1382, 1000.000000000000000 ) ;
#3047 = DIRECTION ( 'NONE',  ( 0.000000000000000000, 0.000000000000000000, 1.000000000000000000 ) ) ;
#3048 = VECTOR ( 'NONE', #1487, 1000.000000000000000 ) ;
#3049 = DIRECTION ( 'NONE',  ( 0.000000000000000000, 1.000000000000000000, 0.000000000000000000 ) ) ;
#3050 = AXIS2_PLACEMENT_3D ( 'NONE', #3136, #1500, #2602 ) ;
#3051 = ORIENTED_EDGE ( 'NONE', *, *, #344, .F. ) ;
#3052 = LINE ( 'NONE', #1413, #158 ) ;
#3053 = AXIS2_PLACEMENT_3D ( 'NONE', #272, #864, #2490 ) ;
#3054 = CARTESIAN_POINT ( 'NONE',  ( 9.469357670820771844, -8.500000000000000000, -10.66266986216881563 ) ) ;
#3055 = ORIENTED_EDGE ( 'NONE', *, *, #1063, .F. ) ;
#3056 = AXIS2_PLACEMENT_3D ( 'NONE', #2975, #217, #2077 ) ;
#3057 = ORIENTED_EDGE ( 'NONE', *, *, #3024, .T. ) ;
#3058 = FILL_AREA_STYLE ('',( #862 ) ) ;
#3059 = ADVANCED_FACE ( 'NONE', ( #2571 ), #76, .F. ) ;
#3060 = CIRCLE ( 'NONE', #1062, 4.550000000000001599 ) ;
#3061 = CYLINDRICAL_SURFACE ( 'NONE', #2664, 1.000000000000000444 ) ;
#3062 = CYLINDRICAL_SURFACE ( 'NONE', #1851, 1.000000000000000888 ) ;
#3063 = EDGE_CURVE ( 'NONE', #325, #1809, #2266, .T. ) ;
#3064 = ORIENTED_EDGE ( 'NONE', *, *, #3027, .T. ) ;
#3065 = CIRCLE ( 'NONE', #2208, 4.550000000000001599 ) ;
#3066 = ORIENTED_EDGE ( 'NONE', *, *, #654, .F. ) ;
#3067 = VECTOR ( 'NONE', #744, 1000.000000000000000 ) ;
#3068 = DIRECTION ( 'NONE',  ( -0.000000000000000000, 1.000000000000000000, -0.000000000000000000 ) ) ;
#3069 = ORIENTED_EDGE ( 'NONE', *, *, #3459, .F. ) ;
#3070 = EDGE_CURVE ( 'NONE', #3080, #1264, #58, .T. ) ;
#3071 = DIRECTION ( 'NONE',  ( -0.000000000000000000, 1.000000000000000000, -0.000000000000000000 ) ) ;
#3072 = CARTESIAN_POINT ( 'NONE',  ( -17.50000000000000000, 1.500000000000000000, 1.250000000000018874 ) ) ;
#3073 = VERTEX_POINT ( 'NONE', #1564 ) ;
#3074 = DIRECTION ( 'NONE',  ( -0.000000000000000000, 1.000000000000000000, -0.000000000000000000 ) ) ;
#3075 = CARTESIAN_POINT ( 'NONE',  ( -13.19273868914366332, -8.500000000000000000, 2.500000000000001332 ) ) ;
#3076 = VERTEX_POINT ( 'NONE', #1824 ) ;
#3077 = ORIENTED_EDGE ( 'NONE', *, *, #1871, .F. ) ;
#3078 = DIRECTION ( 'NONE',  ( 0.000000000000000000, 0.000000000000000000, 1.000000000000000000 ) ) ;
#3079 = DIRECTION ( 'NONE',  ( 0.000000000000000000, 0.000000000000000000, 1.000000000000000000 ) ) ;
#3080 = VERTEX_POINT ( 'NONE', #2369 ) ;
#3081 = ORIENTED_EDGE ( 'NONE', *, *, #914, .F. ) ;
#3082 = VERTEX_POINT ( 'NONE', #2956 ) ;
#3083 = DIRECTION ( 'NONE',  ( 0.000000000000000000, 1.000000000000000000, -0.000000000000000000 ) ) ;
#3084 = DIRECTION ( 'NONE',  ( -1.000000000000000000, 0.000000000000000000, 0.000000000000000000 ) ) ;
#3085 = ORIENTED_EDGE ( 'NONE', *, *, #1071, .F. ) ;
#3086 = DIRECTION ( 'NONE',  ( 1.000000000000000000, 0.000000000000000000, -7.962163080346676589E-17 ) ) ;
#3087 = DIRECTION ( 'NONE',  ( -0.4999999999999950595, 0.000000000000000000, -0.8660254037844415942 ) ) ;
#3088 = ORIENTED_EDGE ( 'NONE', *, *, #2303, .T. ) ;
#3089 = VERTEX_POINT ( 'NONE', #3454 ) ;
#3090 = CYLINDRICAL_SURFACE ( 'NONE', #466, 1.000000000000000444 ) ;
#3091 = DIRECTION ( 'NONE',  ( 0.000000000000000000, 1.000000000000000000, -0.000000000000000000 ) ) ;
#3092 = CARTESIAN_POINT ( 'NONE',  ( 14.72243186433544970, -8.500000000000000000, 8.499999999999994671 ) ) ;
#3093 = CARTESIAN_POINT ( 'NONE',  ( -6.038046855670033075, 1.500000000000000000, 5.458203932497262656 ) ) ;
#3094 = ORIENTED_EDGE ( 'NONE', *, *, #3429, .F. ) ;
#3095 = ORIENTED_EDGE ( 'NONE', *, *, #3321, .F. ) ;
#3096 = CIRCLE ( 'NONE', #205, 1.000000000000000888 ) ;
#3097 = ADVANCED_FACE ( 'NONE', ( #1859 ), #3474, .F. ) ;
#3098 = LINE ( 'NONE', #1522, #2538 ) ;
#3099 = VECTOR ( 'NONE', #2644, 1000.000000000000000 ) ;
#3100 = DIRECTION ( 'NONE',  ( 0.5000000000000001110, 0.000000000000000000, 0.8660254037844385966 ) ) ;
#3101 = CIRCLE ( 'NONE', #3557, 4.550000000000001599 ) ;
#3102 = LINE ( 'NONE', #2803, #1579 ) ;
#3103 = CARTESIAN_POINT ( 'NONE',  ( -3.199999999999999734, -1.500000000000000000, 2.399999999999999911 ) ) ;
#3104 = VERTEX_POINT ( 'NONE', #174 ) ;
#3105 = CARTESIAN_POINT ( 'NONE',  ( 15.48872410019256129, -8.500000000000000000, 5.172742914049921481 ) ) ;
#3106 = DIRECTION ( 'NONE',  ( 1.000000000000000000, 0.000000000000000000, -7.962163080346640843E-17 ) ) ;
#3107 = AXIS2_PLACEMENT_3D ( 'NONE', #671, #1242, #2305 ) ;
#3108 = CYLINDRICAL_SURFACE ( 'NONE', #347, 5.000000000000000000 ) ;
#3109 = ORIENTED_EDGE ( 'NONE', *, *, #1370, .F. ) ;
#3110 = VERTEX_POINT ( 'NONE', #3506 ) ;
#3111 = VECTOR ( 'NONE', #2786, 1000.000000000000000 ) ;
#3112 = CARTESIAN_POINT ( 'NONE',  ( -8.750000000000055067, -8.500000000000000000, 15.15544456622765601 ) ) ;
#3113 = CARTESIAN_POINT ( 'NONE',  ( -8.750000000000055067, 1.500000000000000000, 15.15544456622765601 ) ) ;
#3114 = AXIS2_PLACEMENT_3D ( 'NONE', #3229, #760, #2430 ) ;
#3115 = DIRECTION ( 'NONE',  ( 1.000000000000000000, 0.000000000000000000, -7.962163080346640843E-17 ) ) ;
#3116 = VERTEX_POINT ( 'NONE', #1530 ) ;
#3117 = VERTEX_POINT ( 'NONE', #2669 ) ;
#3118 = AXIS2_PLACEMENT_3D ( 'NONE', #385, #3148, #1494 ) ;
#3119 = CYLINDRICAL_SURFACE ( 'NONE', #2381, 1.000000000000000888 ) ;
#3120 = CIRCLE ( 'NONE', #1577, 7.500000000000001776 ) ;
#3121 = CARTESIAN_POINT ( 'NONE',  ( 2.165063509463543312, -8.500000000000000000, -1.250000000001412870 ) ) ;
#3122 = FACE_OUTER_BOUND ( 'NONE', #2550, .T. ) ;
#3123 = DIRECTION ( 'NONE',  ( 0.000000000000000000, 0.000000000000000000, 1.000000000000000000 ) ) ;
#3124 = EDGE_CURVE ( 'NONE', #2799, #2767, #1868, .T. ) ;
#3125 = CARTESIAN_POINT ( 'NONE',  ( 6.038046855666997281, 1.500000000000000000, -5.458203932501485944 ) ) ;
#3126 = CARTESIAN_POINT ( 'NONE',  ( 0.8418944329592915610, -1.499999999999999556, -7.458203932499627875 ) ) ;
#3127 = CARTESIAN_POINT ( 'NONE',  ( -2.165063509463149849, -8.500000000000000000, -1.250000000001184164 ) ) ;
#3128 = EDGE_LOOP ( 'NONE', ( #2058, #498, #2373, #1473 ) ) ;
#3129 = ADVANCED_FACE ( 'NONE', ( #1261 ), #1873, .F. ) ;
#3130 = ORIENTED_EDGE ( 'NONE', *, *, #2808, .T. ) ;
#3131 = DIRECTION ( 'NONE',  ( 0.000000000000000000, 0.000000000000000000, 1.000000000000000000 ) ) ;
#3132 = EDGE_CURVE ( 'NONE', #1754, #2886, #228, .T. ) ;
#3133 = CARTESIAN_POINT ( 'NONE',  ( 0.8418944329649671321, 1.500000000000000000, 8.458203932499065658 ) ) ;
#3134 = ORIENTED_EDGE ( 'NONE', *, *, #680, .F. ) ;
#3135 = EDGE_LOOP ( 'NONE', ( #196, #3373, #203, #3242 ) ) ;
#3136 = CARTESIAN_POINT ( 'NONE',  ( 0.8418944329649671321, -8.500000000000000000, 8.458203932499065658 ) ) ;
#3137 = DIRECTION ( 'NONE',  ( -0.5000000000000067724, 0.000000000000000000, 0.8660254037844347108 ) ) ;
#3138 = FACE_OUTER_BOUND ( 'NONE', #1426, .T. ) ;
#3139 = DIRECTION ( 'NONE',  ( -0.000000000000000000, -1.000000000000000000, -0.000000000000000000 ) ) ;
#3140 = LINE ( 'NONE', #73, #3391 ) ;
#3141 = DIRECTION ( 'NONE',  ( -0.000000000000000000, 1.000000000000000000, -0.000000000000000000 ) ) ;
#3142 = LINE ( 'NONE', #1244, #867 ) ;
#3143 = FACE_OUTER_BOUND ( 'NONE', #3428, .T. ) ;
#3144 = CARTESIAN_POINT ( 'NONE',  ( -0.8418944329644685309, -1.499999999999999556, 8.458203932499115396 ) ) ;
#3145 = ORIENTED_EDGE ( 'NONE', *, *, #2293, .T. ) ;
#3146 = ORIENTED_EDGE ( 'NONE', *, *, #1881, .T. ) ;
#3147 = ORIENTED_EDGE ( 'NONE', *, *, #3303, .T. ) ;
#3148 = DIRECTION ( 'NONE',  ( -0.000000000000000000, 1.000000000000000000, -0.000000000000000000 ) ) ;
#3149 = VERTEX_POINT ( 'NONE', #715 ) ;
#3150 = VERTEX_POINT ( 'NONE', #2920 ) ;
#3151 = LINE ( 'NONE', #1480, #3288 ) ;
#3152 = VECTOR ( 'NONE', #494, 1000.000000000000000 ) ;
#3153 = DIRECTION ( 'NONE',  ( -0.000000000000000000, 1.000000000000000000, -0.000000000000000000 ) ) ;
#3154 = EDGE_CURVE ( 'NONE', #2275, #1459, #731, .T. ) ;
#3155 = VECTOR ( 'NONE', #1013, 1000.000000000000000 ) ;
#3156 = CARTESIAN_POINT ( 'NONE',  ( 12.22408882090946136, -1.499999999999999556, 10.82725708595005720 ) ) ;
#3157 = CARTESIAN_POINT ( 'NONE',  ( -0.8418944329588047282, 1.500000000000000000, -7.458203932499677613 ) ) ;
#3158 = CARTESIAN_POINT ( 'NONE',  ( 1.707919836749406839, 1.500000000000000000, 7.958203932499066546 ) ) ;
#3159 = AXIS2_PLACEMENT_3D ( 'NONE', #500, #2728, #2460 ) ;
#3160 = CIRCLE ( 'NONE', #1268, 4.550000000000001599 ) ;
#3161 = DIRECTION ( 'NONE',  ( 0.000000000000000000, 1.000000000000000000, 0.000000000000000000 ) ) ;
#3162 = AXIS2_PLACEMENT_3D ( 'NONE', #2309, #2291, #2865 ) ;
#3163 = ORIENTED_EDGE ( 'NONE', *, *, #1871, .T. ) ;
#3164 = VERTEX_POINT ( 'NONE', #768 ) ;
#3165 = EDGE_CURVE ( 'NONE', #2281, #1492, #1284, .T. ) ;
#3166 = ADVANCED_FACE ( 'NONE', ( #456 ), #2148, .F. ) ;
#3167 = AXIS2_PLACEMENT_3D ( 'NONE', #1650, #2750, #2483 ) ;
#3168 = CARTESIAN_POINT ( 'NONE',  ( 11.54700538379247732, 1.500000000000000000, -20.00000000000004263 ) ) ;
#3169 = ORIENTED_EDGE ( 'NONE', *, *, #1406, .F. ) ;
#3170 = VECTOR ( 'NONE', #884, 1000.000000000000000 ) ;
#3171 = ORIENTED_EDGE ( 'NONE', *, *, #3519, .F. ) ;
#3172 = AXIS2_PLACEMENT_3D ( 'NONE', #2260, #1695, #1369 ) ;
#3173 = CARTESIAN_POINT ( 'NONE',  ( 8.750000000000005329, -1.499999999999999556, 15.15544456622768088 ) ) ;
#3174 = ADVANCED_FACE ( 'NONE', ( #3237 ), #2107, .F. ) ;
#3175 = AXIS2_PLACEMENT_3D ( 'NONE', #3127, #3361, #880 ) ;
#3176 = ADVANCED_FACE ( 'NONE', ( #2684 ), #1838, .T. ) ;
#3177 = CARTESIAN_POINT ( 'NONE',  ( 15.85111615421197762, -8.500000000000000000, -4.240717163770688636 ) ) ;
#3178 = CARTESIAN_POINT ( 'NONE',  ( -17.50000000000000000, 1.500000000000000000, -1.249999999999983347 ) ) ;
#3179 = CARTESIAN_POINT ( 'NONE',  ( -8.749999999999996447, -1.500000000000000000, 15.15544456622769154 ) ) ;
#3180 = AXIS2_PLACEMENT_3D ( 'NONE', #2070, #3161, #697 ) ;
#3181 = DIRECTION ( 'NONE',  ( 0.000000000000000000, 1.000000000000000000, 0.000000000000000000 ) ) ;
#3182 = DIRECTION ( 'NONE',  ( 0.000000000000000000, 0.000000000000000000, -1.000000000000000000 ) ) ;
#3183 = CIRCLE ( 'NONE', #2338, 1.000000000000000888 ) ;
#3184 = CARTESIAN_POINT ( 'NONE',  ( -7.745966692414836707, 1.500000000000000000, 3.500000000000001776 ) ) ;
#3185 = CARTESIAN_POINT ( 'NONE',  ( -6.834676493307208389, -8.500000000000000000, -3.088235294117646745 ) ) ;
#3186 = VERTEX_POINT ( 'NONE', #157 ) ;
#3187 = VERTEX_POINT ( 'NONE', #2387 ) ;
#3188 = VERTEX_POINT ( 'NONE', #1014 ) ;
#3189 = DIRECTION ( 'NONE',  ( -0.000000000000000000, 1.000000000000000000, -0.000000000000000000 ) ) ;
#3190 = DIRECTION ( 'NONE',  ( 0.000000000000000000, 0.000000000000000000, -1.000000000000000000 ) ) ;
#3191 = VERTEX_POINT ( 'NONE', #2935 ) ;
#3192 = ORIENTED_EDGE ( 'NONE', *, *, #3541, .T. ) ;
#3193 = CARTESIAN_POINT ( 'NONE',  ( 14.72243186433557938, -1.500000000000000000, -8.499999999999959144 ) ) ;
#3194 = EDGE_CURVE ( 'NONE', #684, #897, #119, .T. ) ;
#3195 = DIRECTION ( 'NONE',  ( 0.000000000000000000, 0.000000000000000000, 1.000000000000000000 ) ) ;
#3196 = ORIENTED_EDGE ( 'NONE', *, *, #2457, .F. ) ;
#3197 = CARTESIAN_POINT ( 'NONE',  ( 17.50000000000001421, 1.500000000000000000, 4.853321584273757548E-15 ) ) ;
#3198 = EDGE_CURVE ( 'NONE', #2079, #1993, #2353, .T. ) ;
#3199 = PLANE ( 'NONE',  #923 ) ;
#3200 = PLANE ( 'NONE',  #993 ) ;
#3201 = DIRECTION ( 'NONE',  ( -0.000000000000000000, 1.000000000000000000, -0.000000000000000000 ) ) ;
#3202 = EDGE_CURVE ( 'NONE', #3073, #2079, #3348, .T. ) ;
#3203 = DIRECTION ( 'NONE',  ( 0.000000000000000000, 0.000000000000000000, 1.000000000000000000 ) ) ;
#3204 = EDGE_LOOP ( 'NONE', ( #1808, #2887, #306, #1419 ) ) ;
#3205 = ORIENTED_EDGE ( 'NONE', *, *, #1891, .T. ) ;
#3206 = PLANE ( 'NONE',  #762 ) ;
#3207 = DIRECTION ( 'NONE',  ( 0.000000000000000000, 0.000000000000000000, 1.000000000000000000 ) ) ;
#3208 = ORIENTED_EDGE ( 'NONE', *, *, #2232, .F. ) ;
#3209 = VERTEX_POINT ( 'NONE', #1661 ) ;
#3210 = CARTESIAN_POINT ( 'NONE',  ( -2.165063509458655222, 1.500000000000000000, 1.249999999998590905 ) ) ;
#3211 = ORIENTED_EDGE ( 'NONE', *, *, #1630, .F. ) ;
#3212 = ADVANCED_FACE ( 'NONE', ( #3524 ), #262, .T. ) ;
#3213 = LINE ( 'NONE', #3452, #3067 ) ;
#3214 = LINE ( 'NONE', #2914, #3458 ) ;
#3215 = DIRECTION ( 'NONE',  ( -0.4999999999999994449, 0.000000000000000000, 0.8660254037844389297 ) ) ;
#3216 = EDGE_CURVE ( 'NONE', #2012, #382, #3536, .T. ) ;
#3217 = CIRCLE ( 'NONE', #87, 1.249999999999999334 ) ;
#3218 = CARTESIAN_POINT ( 'NONE',  ( -9.627458257820350696, -1.499999999999999556, 9.675246850288658607 ) ) ;
#3219 = DIRECTION ( 'NONE',  ( -0.000000000000000000, 1.000000000000000000, -0.000000000000000000 ) ) ;
#3220 = ORIENTED_EDGE ( 'NONE', *, *, #471, .T. ) ;
#3221 = AXIS2_PLACEMENT_3D ( 'NONE', #2965, #487, #1523 ) ;
#3222 = ORIENTED_EDGE ( 'NONE', *, *, #886, .F. ) ;
#3223 = LINE ( 'NONE', #704, #1231 ) ;
#3224 = DIRECTION ( 'NONE',  ( 0.000000000000000000, 0.000000000000000000, 1.000000000000000000 ) ) ;
#3225 = VERTEX_POINT ( 'NONE', #1359 ) ;
#3226 = EDGE_CURVE ( 'NONE', #1312, #1375, #1128, .T. ) ;
#3227 = CIRCLE ( 'NONE', #3335, 1.249999999999997558 ) ;
#3228 = ORIENTED_EDGE ( 'NONE', *, *, #2687, .T. ) ;
#3229 = CARTESIAN_POINT ( 'NONE',  ( 0.000000000000000000, -1.500000000000000000, 0.000000000000000000 ) ) ;
#3230 = CARTESIAN_POINT ( 'NONE',  ( 15.85111615421197762, 1.500000000000000000, -4.240717163770688636 ) ) ;
#3231 = VERTEX_POINT ( 'NONE', #2764 ) ;
#3232 = VECTOR ( 'NONE', #1407, 1000.000000000000000 ) ;
#3233 = CIRCLE ( 'NONE', #3172, 1.000000000000000888 ) ;
#3234 = EDGE_CURVE ( 'NONE', #2110, #1385, #287, .T. ) ;
#3235 = DIRECTION ( 'NONE',  ( -0.8660254037844390407, 0.000000000000000000, -0.4999999999999995004 ) ) ;
#3236 = AXIS2_PLACEMENT_3D ( 'NONE', #3531, #2909, #424 ) ;
#3237 = FACE_OUTER_BOUND ( 'NONE', #2392, .T. ) ;
#3238 = CARTESIAN_POINT ( 'NONE',  ( -9.184850993605148438E-17, -8.500000000000000000, 1.742924699575454705E-16 ) ) ;
#3239 = ORIENTED_EDGE ( 'NONE', *, *, #1719, .F. ) ;
#3240 = VECTOR ( 'NONE', #1598, 1000.000000000000000 ) ;
#3241 = EDGE_LOOP ( 'NONE', ( #1519, #2509, #3455, #3407 ) ) ;
#3242 = ORIENTED_EDGE ( 'NONE', *, *, #1872, .F. ) ;
#3243 = PRODUCT_DEFINITION_FORMATION_WITH_SPECIFIED_SOURCE ( 'ANY', '', #110, .NOT_KNOWN. ) ;
#3244 = DIRECTION ( 'NONE',  ( -0.000000000000000000, 1.000000000000000000, -0.000000000000000000 ) ) ;
#3245 = VERTEX_POINT ( 'NONE', #539 ) ;
#3246 = ORIENTED_EDGE ( 'NONE', *, *, #3385, .F. ) ;
#3247 = CARTESIAN_POINT ( 'NONE',  ( 6.904072259451436544, -8.500000000000000000, -4.958203932501485056 ) ) ;
#3248 = ADVANCED_FACE ( 'NONE', ( #849 ), #3583, .T. ) ;
#3249 = CARTESIAN_POINT ( 'NONE',  ( -2.165063509463150737, -8.500000000000000000, -1.250000000001184830 ) ) ;
#3250 = VERTEX_POINT ( 'NONE', #2496 ) ;
#3251 = EDGE_CURVE ( 'NONE', #3309, #979, #3060, .T. ) ;
#3252 = CARTESIAN_POINT ( 'NONE',  ( -15.85111615421191544, -1.499999999999999556, 4.240717163770646891 ) ) ;
#3253 = CYLINDRICAL_SURFACE ( 'NONE', #696, 1.249999999999999334 ) ;
#3254 = CARTESIAN_POINT ( 'NONE',  ( -2.165063509458653002, -8.500000000000000000, 1.249999999998590239 ) ) ;
#3255 = ORIENTED_EDGE ( 'NONE', *, *, #1310, .T. ) ;
#3256 = FACE_OUTER_BOUND ( 'NONE', #102, .T. ) ;
#3257 = DIRECTION ( 'NONE',  ( -0.000000000000000000, 1.000000000000000000, -0.000000000000000000 ) ) ;
#3258 = EDGE_CURVE ( 'NONE', #2402, #2798, #2780, .T. ) ;
#3259 = CARTESIAN_POINT ( 'NONE',  ( -9.184850993605148438E-17, -8.500000000000000000, 1.742924699575454705E-16 ) ) ;
#3260 = ORIENTED_EDGE ( 'NONE', *, *, #2398, .T. ) ;
#3261 = ORIENTED_EDGE ( 'NONE', *, *, #3481, .F. ) ;
#3262 = EDGE_CURVE ( 'NONE', #2767, #346, #2228, .T. ) ;
#3263 = FACE_OUTER_BOUND ( 'NONE', #1320, .T. ) ;
#3264 = DIRECTION ( 'NONE',  ( -0.000000000000000000, 1.000000000000000000, -0.000000000000000000 ) ) ;
#3265 = CARTESIAN_POINT ( 'NONE',  ( -13.09011422469387753, -8.500000000000000000, -11.32725708595006964 ) ) ;
#3266 = ORIENTED_EDGE ( 'NONE', *, *, #1774, .T. ) ;
#3267 = PRODUCT_CONTEXT ( 'NONE', #106, 'mechanical' ) ;
#3268 = EDGE_CURVE ( 'NONE', #3389, #2517, #1454, .T. ) ;
#3269 = DIRECTION ( 'NONE',  ( 0.000000000000000000, 0.000000000000000000, 1.000000000000000000 ) ) ;
#3270 = FACE_OUTER_BOUND ( 'NONE', #909, .T. ) ;
#3271 = VERTEX_POINT ( 'NONE', #783 ) ;
#3272 = FACE_BOUND ( 'NONE', #1913, .T. ) ;
#3273 = CYLINDRICAL_SURFACE ( 'NONE', #1902, 0.9999999999999991118 ) ;
#3274 = FACE_BOUND ( 'NONE', #3443, .T. ) ;
#3275 = VECTOR ( 'NONE', #2665, 1000.000000000000000 ) ;
#3276 = EDGE_LOOP ( 'NONE', ( #183, #512, #2991, #2638 ) ) ;
#3277 = EDGE_CURVE ( 'NONE', #3271, #1033, #2548, .T. ) ;
#3278 = DIRECTION ( 'NONE',  ( -0.000000000000000000, 1.000000000000000000, -0.000000000000000000 ) ) ;
#3279 = AXIS2_PLACEMENT_3D ( 'NONE', #310, #1179, #1137 ) ;
#3280 = LINE ( 'NONE', #2756, #1056 ) ;
#3281 = DIRECTION ( 'NONE',  ( 1.000000000000000000, 0.000000000000000000, -7.962163080346676589E-17 ) ) ;
#3282 = DIRECTION ( 'NONE',  ( 0.000000000000000000, 0.000000000000000000, 1.000000000000000000 ) ) ;
#3283 = AXIS2_PLACEMENT_3D ( 'NONE', #3324, #3091, #3365 ) ;
#3284 = ORIENTED_EDGE ( 'NONE', *, *, #2818, .F. ) ;
#3285 = ADVANCED_FACE ( 'NONE', ( #2463 ), #1094, .F. ) ;
#3286 = CIRCLE ( 'NONE', #810, 4.549999999999999822 ) ;
#3287 = EDGE_CURVE ( 'NONE', #2869, #2799, #1065, .T. ) ;
#3288 = VECTOR ( 'NONE', #2580, 1000.000000000000000 ) ;
#3289 = CARTESIAN_POINT ( 'NONE',  ( 0.000000000000000000, 1.500000000000000000, -16.99999999999987921 ) ) ;
#3290 = ORIENTED_EDGE ( 'NONE', *, *, #929, .F. ) ;
#3291 = CIRCLE ( 'NONE', #2265, 0.9999999999999974465 ) ;
#3292 = CARTESIAN_POINT ( 'NONE',  ( -0.8418944329588047282, 1.500000000000000000, -8.458203932499678501 ) ) ;
#3293 = FACE_OUTER_BOUND ( 'NONE', #919, .T. ) ;
#3294 = AXIS2_PLACEMENT_3D ( 'NONE', #2126, #2405, #1806 ) ;
#3295 = ORIENTED_EDGE ( 'NONE', *, *, #2322, .F. ) ;
#3296 = EDGE_CURVE ( 'NONE', #2002, #1963, #3065, .T. ) ;
#3297 = DIRECTION ( 'NONE',  ( -0.000000000000000000, 1.000000000000000000, -0.000000000000000000 ) ) ;
#3298 = DIRECTION ( 'NONE',  ( 0.4999999999999996669, 0.000000000000000000, -0.8660254037844388186 ) ) ;
#3299 = DIRECTION ( 'NONE',  ( -0.4999999999999949485, 0.000000000000000000, 0.8660254037844415942 ) ) ;
#3300 = ORIENTED_EDGE ( 'NONE', *, *, #1191, .T. ) ;
#3301 = ADVANCED_FACE ( 'NONE', ( #524 ), #818, .F. ) ;
#3302 = DIRECTION ( 'NONE',  ( 0.000000000000000000, 0.000000000000000000, -1.000000000000000000 ) ) ;
#3303 = EDGE_CURVE ( 'NONE', #2079, #3089, #3020, .T. ) ;
#3304 = LINE ( 'NONE', #934, #1111 ) ;
#3305 = CARTESIAN_POINT ( 'NONE',  ( 3.565280431327592758, 1.500000000000000000, 13.17524685028481990 ) ) ;
#3306 = ORIENTED_EDGE ( 'NONE', *, *, #688, .T. ) ;
#3307 = DIRECTION ( 'NONE',  ( 0.000000000000000000, 1.000000000000000000, 0.000000000000000000 ) ) ;
#3308 = CARTESIAN_POINT ( 'NONE',  ( 0.000000000000000000, -1.500000000000000000, 5.000000000000000000 ) ) ;
#3309 = VERTEX_POINT ( 'NONE', #3252 ) ;
#3310 = ORIENTED_EDGE ( 'NONE', *, *, #1991, .T. ) ;
#3311 = DIRECTION ( 'NONE',  ( 0.000000000000000000, 1.000000000000000000, 0.000000000000000000 ) ) ;
#3312 = LINE ( 'NONE', #813, #854 ) ;
#3313 = EDGE_CURVE ( 'NONE', #549, #820, #2732, .T. ) ;
#3314 = EDGE_LOOP ( 'NONE', ( #2966, #1434 ) ) ;
#3315 = EDGE_CURVE ( 'NONE', #2886, #684, #3304, .T. ) ;
#3316 = CARTESIAN_POINT ( 'NONE',  ( -8.750000000000055067, -1.499999999999999556, 15.15544456622765601 ) ) ;
#3317 = DIRECTION ( 'NONE',  ( 0.000000000000000000, 0.000000000000000000, 1.000000000000000000 ) ) ;
#3318 = CARTESIAN_POINT ( 'NONE',  ( -13.19273868914366332, 1.500000000000000000, 2.500000000000001332 ) ) ;
#3319 = EDGE_LOOP ( 'NONE', ( #2593, #66, #3575, #2734 ) ) ;
#3320 = FACE_OUTER_BOUND ( 'NONE', #2, .T. ) ;
#3321 = EDGE_CURVE ( 'NONE', #2886, #3110, #1745, .T. ) ;
#3322 = CARTESIAN_POINT ( 'NONE',  ( 2.165063509463538871, 1.500000000000000000, -1.250000000001410649 ) ) ;
#3323 = ORIENTED_EDGE ( 'NONE', *, *, #1355, .F. ) ;
#3324 = CARTESIAN_POINT ( 'NONE',  ( 0.000000000000000000, -1.500000000000000000, 0.000000000000000000 ) ) ;
#3325 = AXIS2_PLACEMENT_3D ( 'NONE', #477, #1583, #1028 ) ;
#3326 = CARTESIAN_POINT ( 'NONE',  ( -3.199999999999999734, 1.500000000000000000, 2.399999999999999911 ) ) ;
#3327 = EDGE_CURVE ( 'NONE', #1833, #303, #3183, .T. ) ;
#3328 = DIRECTION ( 'NONE',  ( 0.000000000000000000, 1.000000000000000000, -0.000000000000000000 ) ) ;
#3329 = VERTEX_POINT ( 'NONE', #1142 ) ;
#3330 = AXIS2_PLACEMENT_3D ( 'NONE', #3544, #2836, #3079 ) ;
#3331 = ORIENTED_EDGE ( 'NONE', *, *, #1929, .F. ) ;
#3332 = AXIS2_PLACEMENT_3D ( 'NONE', #2589, #3141, #2825 ) ;
#3333 = LINE ( 'NONE', #871, #2484 ) ;
#3334 = ORIENTED_EDGE ( 'NONE', *, *, #3337, .F. ) ;
#3335 = AXIS2_PLACEMENT_3D ( 'NONE', #2882, #1505, #2105 ) ;
#3336 = CARTESIAN_POINT ( 'NONE',  ( -2.165063509463150737, -1.500000000000000000, -1.250000000001184830 ) ) ;
#3337 = EDGE_CURVE ( 'NONE', #1478, #1547, #881, .T. ) ;
#3338 = DIRECTION ( 'NONE',  ( 0.000000000000000000, 0.000000000000000000, 1.000000000000000000 ) ) ;
#3339 = AXIS2_PLACEMENT_3D ( 'NONE', #627, #2285, #1445 ) ;
#3340 = ORIENTED_EDGE ( 'NONE', *, *, #998, .T. ) ;
#3341 = DIRECTION ( 'NONE',  ( 0.000000000000000000, 1.000000000000000000, -0.000000000000000000 ) ) ;
#3342 = AXIS2_PLACEMENT_3D ( 'NONE', #2358, #2596, #663 ) ;
#3343 = DIRECTION ( 'NONE',  ( -0.000000000000000000, 1.000000000000000000, -0.000000000000000000 ) ) ;
#3344 = ORIENTED_EDGE ( 'NONE', *, *, #1324, .T. ) ;
#3345 = AXIS2_PLACEMENT_3D ( 'NONE', #2703, #3479, #496 ) ;
#3346 = ORIENTED_EDGE ( 'NONE', *, *, #578, .T. ) ;
#3347 = CARTESIAN_POINT ( 'NONE',  ( 11.59812687119611674, -8.500000000000000000, -11.60711068600014784 ) ) ;
#3348 = CIRCLE ( 'NONE', #3180, 0.9999999999999991118 ) ;
#3349 = LINE ( 'NONE', #3029, #1678 ) ;
#3350 = EDGE_CURVE ( 'NONE', #2949, #1944, #294, .T. ) ;
#3351 = CARTESIAN_POINT ( 'NONE',  ( -8.750000000000053291, -1.500000000000000000, -15.15544456622765246 ) ) ;
#3352 = VERTEX_POINT ( 'NONE', #2585 ) ;
#3353 = EDGE_LOOP ( 'NONE', ( #1711, #3192, #2343, #1026 ) ) ;
#3354 = EDGE_CURVE ( 'NONE', #1003, #1987, #1166, .T. ) ;
#3355 = EDGE_CURVE ( 'NONE', #1051, #1699, #1298, .T. ) ;
#3356 = EDGE_LOOP ( 'NONE', ( #2411, #2671, #1431, #2907 ) ) ;
#3357 = DIRECTION ( 'NONE',  ( 0.000000000000000000, 0.000000000000000000, 1.000000000000000000 ) ) ;
#3358 = CARTESIAN_POINT ( 'NONE',  ( -12.22408882090951288, 1.500000000000000000, 10.82725708595003411 ) ) ;
#3359 = VERTEX_POINT ( 'NONE', #2330 ) ;
#3360 = DIRECTION ( 'NONE',  ( -0.000000000000000000, 1.000000000000000000, -0.000000000000000000 ) ) ;
#3361 = DIRECTION ( 'NONE',  ( 0.8660254037844388186, 0.000000000000000000, 0.4999999999999996669 ) ) ;
#3362 = ORIENTED_EDGE ( 'NONE', *, *, #889, .F. ) ;
#3363 = ORIENTED_EDGE ( 'NONE', *, *, #1326, .T. ) ;
#3364 = ADVANCED_FACE ( 'NONE', ( #2247 ), #1466, .F. ) ;
#3365 = DIRECTION ( 'NONE',  ( 0.000000000000000000, 0.000000000000000000, 1.000000000000000000 ) ) ;
#3366 = DIRECTION ( 'NONE',  ( -0.000000000000000000, 1.000000000000000000, -0.000000000000000000 ) ) ;
#3367 = CARTESIAN_POINT ( 'NONE',  ( 0.7428480290817266463, 1.500000000000000000, -7.463121116911437092 ) ) ;
#3368 = ORIENTED_EDGE ( 'NONE', *, *, #723, .F. ) ;
#3369 = ORIENTED_EDGE ( 'NONE', *, *, #3468, .F. ) ;
#3370 = DIRECTION ( 'NONE',  ( 0.000000000000000000, 0.000000000000000000, 1.000000000000000000 ) ) ;
#3371 = CARTESIAN_POINT ( 'NONE',  ( 6.038046855666997281, -8.500000000000000000, -5.458203932501485944 ) ) ;
#3372 = PRODUCT_DEFINITION ( 'UNKNOWN', '', #3243, #1122 ) ;
#3373 = ORIENTED_EDGE ( 'NONE', *, *, #2462, .T. ) ;
#3374 = DIRECTION ( 'NONE',  ( 0.000000000000000000, 0.000000000000000000, 1.000000000000000000 ) ) ;
#3375 = LINE ( 'NONE', #896, #1905 ) ;
#3376 = FACE_OUTER_BOUND ( 'NONE', #468, .T. ) ;
#3377 = ORIENTED_EDGE ( 'NONE', *, *, #2774, .T. ) ;
#3378 = DIRECTION ( 'NONE',  ( -0.000000000000000000, 1.000000000000000000, -0.000000000000000000 ) ) ;
#3379 = DIRECTION ( 'NONE',  ( 0.000000000000000000, 0.000000000000000000, 1.000000000000000000 ) ) ;
#3380 = ORIENTED_EDGE ( 'NONE', *, *, #252, .T. ) ;
#3381 = VERTEX_POINT ( 'NONE', #70 ) ;
#3382 = LINE ( 'NONE', #921, #1438 ) ;
#3383 = FACE_OUTER_BOUND ( 'NONE', #2908, .T. ) ;
#3384 = CARTESIAN_POINT ( 'NONE',  ( -11.54700538379261232, 1.500000000000000000, -19.99999999999996092 ) ) ;
#3385 = EDGE_CURVE ( 'NONE', #3104, #599, #2210, .T. ) ;
#3386 = AXIS2_PLACEMENT_3D ( 'NONE', #819, #1992, #609 ) ;
#3387 = EDGE_CURVE ( 'NONE', #980, #1655, #3421, .T. ) ;
#3388 = LINE ( 'NONE', #2024, #1610 ) ;
#3389 = VERTEX_POINT ( 'NONE', #2785 ) ;
#3390 = ORIENTED_EDGE ( 'NONE', *, *, #3459, .T. ) ;
#3391 = VECTOR ( 'NONE', #2089, 1000.000000000000000 ) ;
#3392 = CARTESIAN_POINT ( 'NONE',  ( -2.165063509458653446, -1.500000000000000000, 1.249999999998590239 ) ) ;
#3393 = EDGE_CURVE ( 'NONE', #253, #3381, #3473, .T. ) ;
#3394 = AXIS2_PLACEMENT_3D ( 'NONE', #3144, #3426, #2868 ) ;
#3395 = FACE_OUTER_BOUND ( 'NONE', #3356, .T. ) ;
#3396 = CARTESIAN_POINT ( 'NONE',  ( -4.000000000000000000, -1.500000000000000000, 3.000000000000000000 ) ) ;
#3397 = AXIS2_PLACEMENT_3D ( 'NONE', #2779, #3264, #1608 ) ;
#3398 = DIRECTION ( 'NONE',  ( 0.000000000000000000, 1.000000000000000000, -0.000000000000000000 ) ) ;
#3399 = EDGE_CURVE ( 'NONE', #3535, #3231, #2529, .T. ) ;
#3400 = LINE ( 'NONE', #692, #1657 ) ;
#3401 = VECTOR ( 'NONE', #885, 1000.000000000000000 ) ;
#3402 = CARTESIAN_POINT ( 'NONE',  ( 6.091828464224791517, 1.500000000000000000, 4.374885822791341639 ) ) ;
#3403 = CARTESIAN_POINT ( 'NONE',  ( -1.990540770086660026E-16, -8.500000000000000000, -2.499999999999999556 ) ) ;
#3404 = ADVANCED_FACE ( 'NONE', ( #1703 ), #2552, .F. ) ;
#3405 = VECTOR ( 'NONE', #1542, 1000.000000000000000 ) ;
#3406 = DIRECTION ( 'NONE',  ( 0.4999999999999950040, 0.000000000000000000, -0.8660254037844414832 ) ) ;
#3407 = ORIENTED_EDGE ( 'NONE', *, *, #2912, .T. ) ;
#3408 = ORIENTED_EDGE ( 'NONE', *, *, #2010, .F. ) ;
#3409 = DIRECTION ( 'NONE',  ( 0.000000000000000000, 0.000000000000000000, 1.000000000000000000 ) ) ;
#3410 = DIRECTION ( 'NONE',  ( -0.000000000000000000, 1.000000000000000000, -0.000000000000000000 ) ) ;
#3411 = AXIS2_PLACEMENT_3D ( 'NONE', #1386, #1916, #2221 ) ;
#3412 = DIRECTION ( 'NONE',  ( 0.000000000000000000, 0.000000000000000000, 1.000000000000000000 ) ) ;
#3413 = ORIENTED_EDGE ( 'NONE', *, *, #1878, .T. ) ;
#3414 = ORIENTED_EDGE ( 'NONE', *, *, #1878, .F. ) ;
#3415 = CIRCLE ( 'NONE', #2156, 1.250000000000001110 ) ;
#3416 = CARTESIAN_POINT ( 'NONE',  ( -11.59812687119602792, -8.500000000000000000, -11.60711068600008922 ) ) ;
#3417 = AXIS2_PLACEMENT_3D ( 'NONE', #403, #658, #363 ) ;
#3418 = DIRECTION ( 'NONE',  ( -0.000000000000000000, 1.000000000000000000, -0.000000000000000000 ) ) ;
#3419 = EDGE_CURVE ( 'NONE', #1311, #902, #821, .T. ) ;
#3420 = CARTESIAN_POINT ( 'NONE',  ( -4.431305835111842839, -1.499999999999999556, 12.67524685028541676 ) ) ;
#3421 = LINE ( 'NONE', #2269, #647 ) ;
#3422 = CARTESIAN_POINT ( 'NONE',  ( -7.745966692414836707, 1.500000000000000000, -3.500000000000000000 ) ) ;
#3423 = PLANE ( 'NONE',  #2144 ) ;
#3424 = FACE_OUTER_BOUND ( 'NONE', #1861, .T. ) ;
#3425 = DIRECTION ( 'NONE',  ( -0.000000000000000000, 1.000000000000000000, -0.000000000000000000 ) ) ;
#3426 = DIRECTION ( 'NONE',  ( 0.000000000000000000, 1.000000000000000000, 0.000000000000000000 ) ) ;
#3427 = VERTEX_POINT ( 'NONE', #2512 ) ;
#3428 = EDGE_LOOP ( 'NONE', ( #3260, #1452, #1574, #1073 ) ) ;
#3429 = EDGE_CURVE ( 'NONE', #622, #3427, #3102, .T. ) ;
#3430 = ORIENTED_EDGE ( 'NONE', *, *, #1075, .F. ) ;
#3431 = ADVANCED_FACE ( 'NONE', ( #3122 ), #92, .F. ) ;
#3432 = CARTESIAN_POINT ( 'NONE',  ( 17.50000000000001421, 1.500000000000000000, 4.853321584273757548E-15 ) ) ;
#3433 = DIRECTION ( 'NONE',  ( -0.000000000000000000, -1.000000000000000000, -0.000000000000000000 ) ) ;
#3434 = ORIENTED_EDGE ( 'NONE', *, *, #2414, .F. ) ;
#3435 = ORIENTED_EDGE ( 'NONE', *, *, #3277, .F. ) ;
#3436 = FACE_OUTER_BOUND ( 'NONE', #50, .T. ) ;
#3437 = DIRECTION ( 'NONE',  ( 0.000000000000000000, 0.000000000000000000, 1.000000000000000000 ) ) ;
#3438 = DIRECTION ( 'NONE',  ( 0.000000000000000000, 1.000000000000000000, -0.000000000000000000 ) ) ;
#3439 = EDGE_CURVE ( 'NONE', #1699, #907, #2268, .T. ) ;
#3440 = DIRECTION ( 'NONE',  ( 0.000000000000000000, 1.000000000000000000, 0.000000000000000000 ) ) ;
#3441 = DIRECTION ( 'NONE',  ( 0.000000000000000000, 0.000000000000000000, 1.000000000000000000 ) ) ;
#3442 = ORIENTED_EDGE ( 'NONE', *, *, #3327, .F. ) ;
#3443 = EDGE_LOOP ( 'NONE', ( #1323, #1716, #3222, #606, #1997, #404 ) ) ;
#3444 = VERTEX_POINT ( 'NONE', #1224 ) ;
#3445 = FACE_OUTER_BOUND ( 'NONE', #1970, .T. ) ;
#3446 = ORIENTED_EDGE ( 'NONE', *, *, #1611, .F. ) ;
#3447 = ORIENTED_EDGE ( 'NONE', *, *, #1200, .T. ) ;
#3448 = CARTESIAN_POINT ( 'NONE',  ( -4.000000000000000000, 1.500000000000000000, -1.800000000000000044 ) ) ;
#3449 = EDGE_CURVE ( 'NONE', #3245, #2510, #1810, .T. ) ;
#3450 = FACE_OUTER_BOUND ( 'NONE', #3353, .T. ) ;
#3451 = VECTOR ( 'NONE', #1807, 1000.000000000000000 ) ;
#3452 = CARTESIAN_POINT ( 'NONE',  ( -9.469357670820309991, -8.500000000000000000, -10.66266986216874635 ) ) ;
#3453 = LINE ( 'NONE', #1746, #1374 ) ;
#3454 = CARTESIAN_POINT ( 'NONE',  ( 8.761432854036520723, -1.499999999999999556, 10.17524685028879361 ) ) ;
#3455 = ORIENTED_EDGE ( 'NONE', *, *, #775, .T. ) ;
#3456 = VERTEX_POINT ( 'NONE', #2901 ) ;
#3457 = ORIENTED_EDGE ( 'NONE', *, *, #49, .T. ) ;
#3458 = VECTOR ( 'NONE', #1256, 1000.000000000000000 ) ;
#3459 = EDGE_CURVE ( 'NONE', #1365, #2160, #2349, .T. ) ;
#3460 = DIRECTION ( 'NONE',  ( -0.000000000000000000, 1.000000000000000000, -0.000000000000000000 ) ) ;
#3461 = ORIENTED_EDGE ( 'NONE', *, *, #3017, .T. ) ;
#3462 = EDGE_LOOP ( 'NONE', ( #600, #1576, #2748, #2130 ) ) ;
#3463 = EDGE_CURVE ( 'NONE', #1884, #3186, #585, .T. ) ;
#3464 = VECTOR ( 'NONE', #1342, 1000.000000000000000 ) ;
#3465 = DIRECTION ( 'NONE',  ( 0.000000000000000000, 0.000000000000000000, 1.000000000000000000 ) ) ;
#3466 = CIRCLE ( 'NONE', #2721, 1.000000000000000888 ) ;
#3467 = DIRECTION ( 'NONE',  ( 0.000000000000000000, 0.000000000000000000, 1.000000000000000000 ) ) ;
#3468 = EDGE_CURVE ( 'NONE', #2402, #2339, #115, .T. ) ;
#3469 = DIRECTION ( 'NONE',  ( 0.000000000000000000, 0.000000000000000000, 1.000000000000000000 ) ) ;
#3470 = AXIS2_PLACEMENT_3D ( 'NONE', #2718, #3033, #1347 ) ;
#3471 = DIRECTION ( 'NONE',  ( -0.000000000000000000, 1.000000000000000000, -0.000000000000000000 ) ) ;
#3472 = DIRECTION ( 'NONE',  ( -0.000000000000000000, -1.000000000000000000, -0.000000000000000000 ) ) ;
#3473 = CIRCLE ( 'NONE', #3576, 1.000000000000000888 ) ;
#3474 = PLANE ( 'NONE',  #42 ) ;
#3475 = CARTESIAN_POINT ( 'NONE',  ( 2.165063509463543312, 1.500000000000000000, -1.250000000001412870 ) ) ;
#3476 = EDGE_LOOP ( 'NONE', ( #3145, #1841, #1685, #2321 ) ) ;
#3477 = ORIENTED_EDGE ( 'NONE', *, *, #57, .F. ) ;
#3478 = EDGE_LOOP ( 'NONE', ( #2274, #170, #3362, #2524 ) ) ;
#3479 = DIRECTION ( 'NONE',  ( 0.000000000000000000, 1.000000000000000000, 0.000000000000000000 ) ) ;
#3480 = CARTESIAN_POINT ( 'NONE',  ( -4.000000000000000000, -1.500000000000000000, 1.800000000000000044 ) ) ;
#3481 = EDGE_CURVE ( 'NONE', #2136, #47, #1115, .T. ) ;
#3482 = ORIENTED_EDGE ( 'NONE', *, *, #797, .T. ) ;
#3483 = ORIENTED_EDGE ( 'NONE', *, *, #1192, .F. ) ;
#3484 = LINE ( 'NONE', #3193, #2601 ) ;
#3485 = CARTESIAN_POINT ( 'NONE',  ( 13.19273868914366687, 1.500000000000000000, 3.500000000000000888 ) ) ;
#3486 = ORIENTED_EDGE ( 'NONE', *, *, #188, .T. ) ;
#3487 = CARTESIAN_POINT ( 'NONE',  ( 17.50000000000001421, 1.500000000000000000, 1.250000000000005773 ) ) ;
#3488 = CARTESIAN_POINT ( 'NONE',  ( -12.22408882090951288, -1.499999999999999556, 10.82725708595003411 ) ) ;
#3489 = DIRECTION ( 'NONE',  ( -0.5000000000000008882, 0.000000000000000000, -0.8660254037844380415 ) ) ;
#3490 = DIRECTION ( 'NONE',  ( -0.000000000000000000, 1.000000000000000000, -0.000000000000000000 ) ) ;
#3491 = CYLINDRICAL_SURFACE ( 'NONE', #3550, 7.500000000000001776 ) ;
#3492 = VERTEX_POINT ( 'NONE', #2365 ) ;
#3493 = ORIENTED_EDGE ( 'NONE', *, *, #2163, .T. ) ;
#3494 = DIRECTION ( 'NONE',  ( 0.000000000000000000, 0.000000000000000000, 1.000000000000000000 ) ) ;
#3495 = DIRECTION ( 'NONE',  ( -0.000000000000000000, 1.000000000000000000, -0.000000000000000000 ) ) ;
#3496 = ORIENTED_EDGE ( 'NONE', *, *, #2010, .T. ) ;
#3497 = CARTESIAN_POINT ( 'NONE',  ( 6.038046855670324398, -1.499999999999999556, 5.458203932496853206 ) ) ;
#3498 = ORIENTED_EDGE ( 'NONE', *, *, #3063, .T. ) ;
#3499 = EDGE_CURVE ( 'NONE', #312, #531, #1064, .T. ) ;
#3500 = CARTESIAN_POINT ( 'NONE',  ( 4.499464137394694419, 1.499999999999999556, 13.53203923153578714 ) ) ;
#3501 = VERTEX_POINT ( 'NONE', #1504 ) ;
#3502 = DIRECTION ( 'NONE',  ( 0.000000000000000000, 0.000000000000000000, 1.000000000000000000 ) ) ;
#3503 = DIRECTION ( 'NONE',  ( 0.000000000000000000, 1.000000000000000000, 0.000000000000000000 ) ) ;
#3504 = AXIS2_PLACEMENT_3D ( 'NONE', #956, #3440, #1467 ) ;
#3505 = VECTOR ( 'NONE', #3298, 1000.000000000000000 ) ;
#3506 = CARTESIAN_POINT ( 'NONE',  ( -6.038046855670033075, -1.499999999999999556, 5.458203932497262656 ) ) ;
#3507 = DIRECTION ( 'NONE',  ( -0.000000000000000000, 1.000000000000000000, -0.000000000000000000 ) ) ;
#3508 = EDGE_LOOP ( 'NONE', ( #2816, #2806, #3461, #3196, #2057, #423, #2976, #1747, #176, #1139, #200, #883, #2940 ) ) ;
#3509 = VECTOR ( 'NONE', #1157, 1000.000000000000000 ) ;
#3510 = ORIENTED_EDGE ( 'NONE', *, *, #2542, .T. ) ;
#3511 = VERTEX_POINT ( 'NONE', #2951 ) ;
#3512 = EDGE_CURVE ( 'NONE', #3492, #1833, #2087, .T. ) ;
#3513 = AXIS2_PLACEMENT_3D ( 'NONE', #1362, #2466, #2749 ) ;
#3514 = CARTESIAN_POINT ( 'NONE',  ( -4.431305835109433211, 1.500000000000000000, -12.67524685029160914 ) ) ;
#3515 = ORIENTED_EDGE ( 'NONE', *, *, #1660, .F. ) ;
#3516 = CIRCLE ( 'NONE', #513, 1.000000000000002665 ) ;
#3517 = CARTESIAN_POINT ( 'NONE',  ( 23.09401076758504701, -1.500000000000000000, 0.000000000000000000 ) ) ;
#3518 = CARTESIAN_POINT ( 'NONE',  ( -17.50000000000000000, -1.500000000000000000, 1.769808360342463528E-14 ) ) ;
#3519 = EDGE_CURVE ( 'NONE', #437, #303, #3213, .T. ) ;
#3520 = ORIENTED_EDGE ( 'NONE', *, *, #1721, .F. ) ;
#3521 = CIRCLE ( 'NONE', #103, 1.000000000000000888 ) ;
#3522 = CIRCLE ( 'NONE', #3236, 7.500000000000001776 ) ;
#3523 = AXIS2_PLACEMENT_3D ( 'NONE', #2984, #505, #229 ) ;
#3524 = FACE_OUTER_BOUND ( 'NONE', #2214, .T. ) ;
#3525 = CARTESIAN_POINT ( 'NONE',  ( 0.8418944329592915610, -8.500000000000000000, -7.458203932499627875 ) ) ;
#3526 = ORIENTED_EDGE ( 'NONE', *, *, #134, .T. ) ;
#3527 = CIRCLE ( 'NONE', #2165, 1.000000000000000888 ) ;
#3528 = EDGE_CURVE ( 'NONE', #1416, #717, #3527, .T. ) ;
#3529 = LINE ( 'NONE', #2171, #2192 ) ;
#3530 = CIRCLE ( 'NONE', #2782, 1.000000000000001776 ) ;
#3531 = CARTESIAN_POINT ( 'NONE',  ( -9.184850993605148438E-17, -1.499999999999999556, 1.742924699575454705E-16 ) ) ;
#3532 = ORIENTED_EDGE ( 'NONE', *, *, #3541, .F. ) ;
#3533 = DIRECTION ( 'NONE',  ( 0.000000000000000000, 0.000000000000000000, 1.000000000000000000 ) ) ;
#3534 = FACE_OUTER_BOUND ( 'NONE', #1339, .T. ) ;
#3535 = VERTEX_POINT ( 'NONE', #3487 ) ;
#3536 = LINE ( 'NONE', #3289, #522 ) ;
#3537 = DIRECTION ( 'NONE',  ( 0.000000000000000000, 1.000000000000000000, -0.000000000000000000 ) ) ;
#3538 = ORIENTED_EDGE ( 'NONE', *, *, #942, .T. ) ;
#3539 = PLANE ( 'NONE',  #2591 ) ;
#3540 = DIRECTION ( 'NONE',  ( -0.000000000000000000, 1.000000000000000000, -0.000000000000000000 ) ) ;
#3541 = EDGE_CURVE ( 'NONE', #2468, #2114, #1921, .T. ) ;
#3542 = ORIENTED_EDGE ( 'NONE', *, *, #235, .T. ) ;
#3543 = CARTESIAN_POINT ( 'NONE',  ( 13.19273868914366687, -1.499999999999999556, 3.500000000000000888 ) ) ;
#3544 = CARTESIAN_POINT ( 'NONE',  ( 0.8418944329592915610, 1.500000000000000000, -8.458203932499628763 ) ) ;
#3545 = ORIENTED_EDGE ( 'NONE', *, *, #2955, .F. ) ;
#3546 = PLANE ( 'NONE',  #2198 ) ;
#3547 = CARTESIAN_POINT ( 'NONE',  ( 7.745966692414836707, 1.500000000000000000, -3.500000000000000888 ) ) ;
#3548 = CARTESIAN_POINT ( 'NONE',  ( -9.184850993605148438E-17, -8.500000000000000000, 1.742924699575454705E-16 ) ) ;
#3549 = ORIENTED_EDGE ( 'NONE', *, *, #1770, .T. ) ;
#3550 = AXIS2_PLACEMENT_3D ( 'NONE', #3238, #3507, #2670 ) ;
#3552 = EDGE_CURVE ( 'NONE', #460, #3117, #2493, .T. ) ;
#3551 = LINE ( 'NONE', #266, #3046 ) ;
#3553 = DIRECTION ( 'NONE',  ( 0.000000000000000000, -0.000000000000000000, 1.000000000000000000 ) ) ;
#3554 = CIRCLE ( 'NONE', #617, 1.250000000000001110 ) ;
#3555 = VERTEX_POINT ( 'NONE', #714 ) ;
#3556 = ORIENTED_EDGE ( 'NONE', *, *, #2352, .F. ) ;
#3557 = AXIS2_PLACEMENT_3D ( 'NONE', #855, #3307, #234 ) ;
#3558 = FACE_OUTER_BOUND ( 'NONE', #1235, .T. ) ;
#3559 = DIRECTION ( 'NONE',  ( -1.000000000000000000, 0.000000000000000000, 0.000000000000000000 ) ) ;
#3560 = AXIS2_PLACEMENT_3D ( 'NONE', #3292, #836, #1941 ) ;
#3561 = ORIENTED_EDGE ( 'NONE', *, *, #2142, .T. ) ;
#3562 = CIRCLE ( 'NONE', #2765, 7.500000000000001776 ) ;
#3563 = DIRECTION ( 'NONE',  ( 0.000000000000000000, 0.000000000000000000, 1.000000000000000000 ) ) ;
#3564 = CIRCLE ( 'NONE', #2030, 1.000000000000000888 ) ;
#3565 = DIRECTION ( 'NONE',  ( 0.000000000000000000, 1.000000000000000000, 0.000000000000000000 ) ) ;
#3566 = VECTOR ( 'NONE', #445, 1000.000000000000000 ) ;
#3567 = DIRECTION ( 'NONE',  ( -0.000000000000000000, 1.000000000000000000, -0.000000000000000000 ) ) ;
#3568 = DIRECTION ( 'NONE',  ( 0.000000000000000000, 1.000000000000000000, -0.000000000000000000 ) ) ;
#3569 = ORIENTED_EDGE ( 'NONE', *, *, #2735, .F. ) ;
#3570 = VECTOR ( 'NONE', #3460, 1000.000000000000000 ) ;
#3571 = CARTESIAN_POINT ( 'NONE',  ( -13.19273868914366332, -8.500000000000000000, 3.500000000000002220 ) ) ;
#3572 = CARTESIAN_POINT ( 'NONE',  ( -1.707919836743244657, -1.499999999999999556, -7.958203932499678501 ) ) ;
#3573 = FACE_OUTER_BOUND ( 'NONE', #634, .T. ) ;
#3574 = EDGE_CURVE ( 'NONE', #335, #1875, #3530, .T. ) ;
#3575 = ORIENTED_EDGE ( 'NONE', *, *, #2744, .F. ) ;
#3576 = AXIS2_PLACEMENT_3D ( 'NONE', #1975, #954, #3357 ) ;
#3577 = DIRECTION ( 'NONE',  ( 0.000000000000000000, 1.000000000000000000, 0.000000000000000000 ) ) ;
#3578 = FACE_BOUND ( 'NONE', #3314, .T. ) ;
#3579 = EDGE_CURVE ( 'NONE', #3352, #684, #1517, .T. ) ;
#3580 = CARTESIAN_POINT ( 'NONE',  ( 11.59812687119611674, 1.500000000000000000, -11.60711068600014784 ) ) ;
#3581 = ORIENTED_EDGE ( 'NONE', *, *, #2802, .T. ) ;
#3582 = DIRECTION ( 'NONE',  ( 0.4999999999999944489, 0.000000000000000000, 0.8660254037844418162 ) ) ;
#3583 = CYLINDRICAL_SURFACE ( 'NONE', #764, 4.550000000000001599 ) ;
#3584 = ORIENTED_EDGE ( 'NONE', *, *, #680, .T. ) ;
#3585 = CARTESIAN_POINT ( 'NONE',  ( 13.09011422469399122, 1.500000000000000000, -11.32725708595013359 ) ) ;
#3586 = PLANE ( 'NONE',  #629 ) ;
#3587 = EDGE_CURVE ( 'NONE', #2510, #2927, #1543, .T. ) ;
#3588 = DIRECTION ( 'NONE',  ( 0.000000000000000000, 0.000000000000000000, 1.000000000000000000 ) ) ;
#3589 = ORIENTED_EDGE ( 'NONE', *, *, #3463, .T. ) ;
#3590 = DIRECTION ( 'NONE',  ( -0.4999999999999996669, 0.000000000000000000, 0.8660254037844388186 ) ) ;
#3591 = DIRECTION ( 'NONE',  ( -0.000000000000000000, 1.000000000000000000, -0.000000000000000000 ) ) ;
#3592 = CARTESIAN_POINT ( 'NONE',  ( 15.85111615421197762, -1.499999999999999556, -4.240717163770688636 ) ) ;
ENDSEC;
END-ISO-10303-21;
