ISO-10303-21;
HEADER;
FILE_DESCRIPTION (( 'STEP AP214' ),
    '1' );
FILE_NAME ('shaftplate bottom.STEP',
    '2026-06-21T13:32:43',
    ( '' ),
    ( '' ),
    'SwSTEP 2.0',
    'SolidWorks 2022',
    '' );
FILE_SCHEMA (( 'AUTOMOTIVE_DESIGN' ));
ENDSEC;

DATA;
#1 = VERTEX_POINT ( 'NONE', #2098 ) ;
#2 = DIRECTION ( 'NONE',  ( 0.000000000000000000, -1.000000000000000000, 0.000000000000000000 ) ) ;
#3 = DIRECTION ( 'NONE',  ( 0.000000000000000000, 0.000000000000000000, -1.000000000000000000 ) ) ;
#4 = ORIENTED_EDGE ( 'NONE', *, *, #3646, .T. ) ;
#5 = FACE_OUTER_BOUND ( 'NONE', #2733, .T. ) ;
#6 = EDGE_CURVE ( 'NONE', #2218, #2225, #2504, .T. ) ;
#7 = VECTOR ( 'NONE', #3367, 1000.000000000000000 ) ;
#8 = DIRECTION ( 'NONE',  ( 0.000000000000000000, -1.000000000000000000, 0.000000000000000000 ) ) ;
#9 = CARTESIAN_POINT ( 'NONE',  ( -12.22408882090950932, -1.499999999999999556, -11.82725708595003233 ) ) ;
#10 = ADVANCED_FACE ( 'NONE', ( #1609 ), #3053, .T. ) ;
#11 = ADVANCED_FACE ( 'NONE', ( #1928 ), #2459, .T. ) ;
#12 = LINE ( 'NONE', #573, #1879 ) ;
#13 = DIRECTION ( 'NONE',  ( 0.000000000000000000, 1.000000000000000000, 0.000000000000000000 ) ) ;
#14 = DIRECTION ( 'NONE',  ( -0.000000000000000000, -1.000000000000000000, -0.000000000000000000 ) ) ;
#15 = EDGE_CURVE ( 'NONE', #3027, #90, #2484, .T. ) ;
#16 = CARTESIAN_POINT ( 'NONE',  ( -6.038046855670028634, 1.499999999999999556, -5.458203932497259103 ) ) ;
#17 = EDGE_CURVE ( 'NONE', #201, #354, #1413, .T. ) ;
#18 = LINE ( 'NONE', #1486, #2851 ) ;
#19 = VERTEX_POINT ( 'NONE', #3640 ) ;
#20 = VECTOR ( 'NONE', #2385, 1000.000000000000000 ) ;
#21 = DIRECTION ( 'NONE',  ( 1.776356839400250465E-15, 0.000000000000000000, 1.000000000000000000 ) ) ;
#22 = CARTESIAN_POINT ( 'NONE',  ( -3.264635279283147007, -1.500000000000000000, -16.99999999999996447 ) ) ;
#23 = EDGE_CURVE ( 'NONE', #1225, #35, #2635, .T. ) ;
#24 = CARTESIAN_POINT ( 'NONE',  ( 4.252989283015858213, -1.500000000000000000, 15.84782784977065084 ) ) ;
#25 = ORIENTED_EDGE ( 'NONE', *, *, #1571, .F. ) ;
#26 = FACE_OUTER_BOUND ( 'NONE', #176, .T. ) ;
#27 = CARTESIAN_POINT ( 'NONE',  ( -11.54700538379233699, 1.500000000000000000, 20.00000000000011724 ) ) ;
#28 = MECHANICAL_DESIGN_GEOMETRIC_PRESENTATION_REPRESENTATION (  '', ( #2959 ), #2191 ) ;
#29 = AXIS2_PLACEMENT_3D ( 'NONE', #773, #788, #2429 ) ;
#30 = CARTESIAN_POINT ( 'NONE',  ( -23.09401076758504345, -1.500000000000000000, 1.612646152681311659E-13 ) ) ;
#31 = DIRECTION ( 'NONE',  ( 0.000000000000000000, 1.000000000000000000, 0.000000000000000000 ) ) ;
#32 = DIRECTION ( 'NONE',  ( 0.000000000000000000, -1.000000000000000000, 0.000000000000000000 ) ) ;
#33 = EDGE_LOOP ( 'NONE', ( #1939, #1843, #1627, #1874 ) ) ;
#34 = CARTESIAN_POINT ( 'NONE',  ( -16.35474950397701477, 1.500000000000000000, 5.672742914049963225 ) ) ;
#35 = VERTEX_POINT ( 'NONE', #3072 ) ;
#36 = LINE ( 'NONE', #2109, #2703 ) ;
#37 = CARTESIAN_POINT ( 'NONE',  ( 17.50000000000001421, -1.500000000000000000, 1.550000000000007594 ) ) ;
#38 = EDGE_CURVE ( 'NONE', #2189, #645, #2483, .T. ) ;
#39 = AXIS2_PLACEMENT_3D ( 'NONE', #812, #3635, #1241 ) ;
#40 = VERTEX_POINT ( 'NONE', #2525 ) ;
#41 = VERTEX_POINT ( 'NONE', #2821 ) ;
#42 = AXIS2_PLACEMENT_3D ( 'NONE', #1658, #2791, #1722 ) ;
#43 = CARTESIAN_POINT ( 'NONE',  ( -17.50000000000000000, -1.500000000000000000, -1.549999999999984945 ) ) ;
#44 = EDGE_CURVE ( 'NONE', #2453, #3568, #2869, .T. ) ;
#45 = ORIENTED_EDGE ( 'NONE', *, *, #84, .F. ) ;
#46 = DIRECTION ( 'NONE',  ( 0.000000000000000000, 0.000000000000000000, 1.000000000000000000 ) ) ;
#47 = CARTESIAN_POINT ( 'NONE',  ( 0.000000000000000000, -1.500000000000000000, 0.000000000000000000 ) ) ;
#48 = CARTESIAN_POINT ( 'NONE',  ( 11.54700538379275621, -1.500000000000000000, 19.99999999999987566 ) ) ;
#49 = FACE_OUTER_BOUND ( 'NONE', #3295, .T. ) ;
#50 = ORIENTED_EDGE ( 'NONE', *, *, #1490, .F. ) ;
#51 = ORIENTED_EDGE ( 'NONE', *, *, #1528, .T. ) ;
#52 = CARTESIAN_POINT ( 'NONE',  ( 0.8418944329592917830, 1.499999999999999556, 8.458203932499626987 ) ) ;
#53 = CARTESIAN_POINT ( 'NONE',  ( -17.50000000000000000, -1.500000000000000000, 1.550000000000020473 ) ) ;
#54 = ADVANCED_FACE ( 'NONE', ( #2268 ), #3057, .F. ) ;
#55 = ORIENTED_EDGE ( 'NONE', *, *, #2736, .T. ) ;
#56 = VERTEX_POINT ( 'NONE', #3398 ) ;
#57 = CARTESIAN_POINT ( 'NONE',  ( 13.96882180821688024, 1.499999999999999556, -2.869369369369369149 ) ) ;
#58 = ORIENTED_EDGE ( 'NONE', *, *, #621, .T. ) ;
#59 = PLANE ( 'NONE',  #3604 ) ;
#60 = CARTESIAN_POINT ( 'NONE',  ( -17.50000000000000000, 1.500000000000000000, 1.550000000000020473 ) ) ;
#61 = ORIENTED_EDGE ( 'NONE', *, *, #2692, .F. ) ;
#62 = CARTESIAN_POINT ( 'NONE',  ( -0.8418944329644686420, 1.499999999999999556, -8.458203932499113620 ) ) ;
#63 = CARTESIAN_POINT ( 'NONE',  ( -2.165063509463149405, 1.500000000000000000, 1.250000000001184386 ) ) ;
#64 = VECTOR ( 'NONE', #952, 1000.000000000000000 ) ;
#65 = CYLINDRICAL_SURFACE ( 'NONE', #228, 4.549999999999997158 ) ;
#66 = CARTESIAN_POINT ( 'NONE',  ( -8.750000000000053291, -1.500000000000000000, -16.70544456622765139 ) ) ;
#67 = CARTESIAN_POINT ( 'NONE',  ( 4.499464137394692642, -1.500000000000000000, -13.53203923153578359 ) ) ;
#68 = ORIENTED_EDGE ( 'NONE', *, *, #2284, .T. ) ;
#69 = ORIENTED_EDGE ( 'NONE', *, *, #471, .T. ) ;
#70 = EDGE_CURVE ( 'NONE', #1536, #2516, #3383, .T. ) ;
#71 = VECTOR ( 'NONE', #1476, 1000.000000000000000 ) ;
#72 = VERTEX_POINT ( 'NONE', #1977 ) ;
#73 = DIRECTION ( 'NONE',  ( 0.000000000000000000, 1.000000000000000000, 0.000000000000000000 ) ) ;
#74 = CIRCLE ( 'NONE', #1989, 1.000000000000000888 ) ;
#75 = VERTEX_POINT ( 'NONE', #272 ) ;
#76 = ADVANCED_FACE ( 'NONE', ( #2029 ), #1496, .F. ) ;
#77 = CIRCLE ( 'NONE', #2181, 1.000000000000000000 ) ;
#78 = ORIENTED_EDGE ( 'NONE', *, *, #888, .T. ) ;
#79 = CARTESIAN_POINT ( 'NONE',  ( -2.165063509463149405, 8.500000000000000000, 1.250000000001184386 ) ) ;
#80 = CARTESIAN_POINT ( 'NONE',  ( -4.499464137392563678, -1.500000000000000000, 13.53203923154135069 ) ) ;
#81 = EDGE_CURVE ( 'NONE', #3545, #459, #2264, .T. ) ;
#82 = CARTESIAN_POINT ( 'NONE',  ( 13.96882180821687136, 8.500000000000000000, 2.869369369369369593 ) ) ;
#83 = DIRECTION ( 'NONE',  ( 0.000000000000000000, 1.000000000000000000, 0.000000000000000000 ) ) ;
#84 = EDGE_CURVE ( 'NONE', #3544, #2982, #1120, .T. ) ;
#85 = VECTOR ( 'NONE', #2461, 1000.000000000000000 ) ;
#86 = CYLINDRICAL_SURFACE ( 'NONE', #3626, 1.000000000000000000 ) ;
#87 = CIRCLE ( 'NONE', #2065, 1.000000000000000000 ) ;
#88 = CARTESIAN_POINT ( 'NONE',  ( 6.834676493307206613, 1.499999999999999556, -3.088235294117646745 ) ) ;
#89 = DIRECTION ( 'NONE',  ( 0.000000000000000000, 1.000000000000000000, 0.000000000000000000 ) ) ;
#90 = VERTEX_POINT ( 'NONE', #2787 ) ;
#91 = VECTOR ( 'NONE', #1194, 1000.000000000000000 ) ;
#92 = ORIENTED_EDGE ( 'NONE', *, *, #2944, .T. ) ;
#93 = ORIENTED_EDGE ( 'NONE', *, *, #2779, .T. ) ;
#94 = ORIENTED_EDGE ( 'NONE', *, *, #404, .T. ) ;
#95 = VECTOR ( 'NONE', #258, 1000.000000000000000 ) ;
#96 = CARTESIAN_POINT ( 'NONE',  ( -13.19273868914362957, 1.500000000000000000, 2.499999999999999556 ) ) ;
#97 = VECTOR ( 'NONE', #1265, 1000.000000000000000 ) ;
#98 = VERTEX_POINT ( 'NONE', #1671 ) ;
#99 = ORIENTED_EDGE ( 'NONE', *, *, #3662, .F. ) ;
#100 = AXIS2_PLACEMENT_3D ( 'NONE', #3274, #2211, #2185 ) ;
#101 = CIRCLE ( 'NONE', #3443, 1.000000000000000444 ) ;
#102 = ORIENTED_EDGE ( 'NONE', *, *, #2798, .F. ) ;
#103 = CIRCLE ( 'NONE', #2669, 1.000000000000000000 ) ;
#104 = DIRECTION ( 'NONE',  ( -0.000000000000000000, -1.000000000000000000, -0.000000000000000000 ) ) ;
#105 = DIRECTION ( 'NONE',  ( 0.000000000000000000, 0.000000000000000000, 1.000000000000000000 ) ) ;
#106 = DIRECTION ( 'NONE',  ( 0.000000000000000000, 1.000000000000000000, 0.000000000000000000 ) ) ;
#107 = FACE_OUTER_BOUND ( 'NONE', #2547, .T. ) ;
#108 = ORIENTED_EDGE ( 'NONE', *, *, #2944, .F. ) ;
#109 = DIRECTION ( 'NONE',  ( -0.000000000000000000, 1.000000000000000000, -0.000000000000000000 ) ) ;
#110 = CARTESIAN_POINT ( 'NONE',  ( 0.000000000000000000, -1.500000000000000000, 0.000000000000000000 ) ) ;
#111 = EDGE_LOOP ( 'NONE', ( #2137, #2750, #712, #798 ) ) ;
#112 = ORIENTED_EDGE ( 'NONE', *, *, #1684, .T. ) ;
#113 = ORIENTED_EDGE ( 'NONE', *, *, #529, .F. ) ;
#114 = FACE_BOUND ( 'NONE', #2117, .T. ) ;
#115 = VERTEX_POINT ( 'NONE', #1348 ) ;
#116 = EDGE_CURVE ( 'NONE', #923, #2678, #2204, .T. ) ;
#117 = DIRECTION ( 'NONE',  ( -0.000000000000000000, -1.000000000000000000, -0.000000000000000000 ) ) ;
#118 = CARTESIAN_POINT ( 'NONE',  ( -8.749999999999996447, 1.499999999999999556, 15.15544456622769154 ) ) ;
#119 = EDGE_CURVE ( 'NONE', #3545, #3291, #230, .T. ) ;
#120 = EDGE_CURVE ( 'NONE', #3346, #989, #1503, .T. ) ;
#121 = DIRECTION ( 'NONE',  ( 0.000000000000000000, 1.000000000000000000, 0.000000000000000000 ) ) ;
#122 = DIRECTION ( 'NONE',  ( 0.000000000000000000, 1.000000000000000000, 0.000000000000000000 ) ) ;
#123 = EDGE_CURVE ( 'NONE', #1664, #2800, #163, .T. ) ;
#124 = CARTESIAN_POINT ( 'NONE',  ( -17.50000000000000000, 1.499999999999999556, 1.769808360342463528E-14 ) ) ;
#125 = EDGE_CURVE ( 'NONE', #2650, #3572, #644, .T. ) ;
#126 = EDGE_CURVE ( 'NONE', #250, #3381, #1238, .T. ) ;
#127 = ORIENTED_EDGE ( 'NONE', *, *, #3582, .T. ) ;
#128 = VECTOR ( 'NONE', #106, 1000.000000000000000 ) ;
#129 = DIRECTION ( 'NONE',  ( -0.000000000000000000, -1.000000000000000000, -0.000000000000000000 ) ) ;
#130 = ORIENTED_EDGE ( 'NONE', *, *, #2383, .T. ) ;
#131 = CARTESIAN_POINT ( 'NONE',  ( -11.59812687119609365, 8.500000000000000000, -11.60711068600005369 ) ) ;
#132 = VERTEX_POINT ( 'NONE', #1453 ) ;
#133 = ORIENTED_EDGE ( 'NONE', *, *, #3023, .T. ) ;
#134 = CIRCLE ( 'NONE', #313, 1.549999999999997602 ) ;
#135 = EDGE_LOOP ( 'NONE', ( #2964, #2238, #3220, #127 ) ) ;
#136 = CARTESIAN_POINT ( 'NONE',  ( -3.199999999999999734, -1.500000000000000000, 2.399999999999999911 ) ) ;
#137 = DIRECTION ( 'NONE',  ( 0.000000000000000000, 0.000000000000000000, -1.000000000000000000 ) ) ;
#138 = ORIENTED_EDGE ( 'NONE', *, *, #834, .T. ) ;
#139 = VERTEX_POINT ( 'NONE', #1471 ) ;
#140 = VECTOR ( 'NONE', #2579, 1000.000000000000227 ) ;
#141 = ADVANCED_FACE ( 'NONE', ( #1740 ), #65, .T. ) ;
#142 = AXIS2_PLACEMENT_3D ( 'NONE', #1277, #2701, #3533 ) ;
#143 = ORIENTED_EDGE ( 'NONE', *, *, #3412, .F. ) ;
#144 = DIRECTION ( 'NONE',  ( 0.000000000000000000, 0.000000000000000000, 1.000000000000000000 ) ) ;
#145 = AXIS2_PLACEMENT_3D ( 'NONE', #641, #3448, #1484 ) ;
#146 = DIRECTION ( 'NONE',  ( 0.5000000000000001110, 0.000000000000000000, 0.8660254037844385966 ) ) ;
#147 = CARTESIAN_POINT ( 'NONE',  ( -11.54700538379233699, -1.500000000000000000, 20.00000000000011724 ) ) ;
#148 = CARTESIAN_POINT ( 'NONE',  ( -9.469357670820308215, -1.500000000000000000, 10.66266986216874635 ) ) ;
#149 = ORIENTED_EDGE ( 'NONE', *, *, #2115, .F. ) ;
#150 = LINE ( 'NONE', #2428, #3305 ) ;
#151 = CARTESIAN_POINT ( 'NONE',  ( -2.165063509458652558, 1.500000000000000000, -1.249999999998590017 ) ) ;
#152 = ORIENTED_EDGE ( 'NONE', *, *, #891, .F. ) ;
#153 = CARTESIAN_POINT ( 'NONE',  ( 0.8418944329649665770, -1.499999999999999556, -8.458203932499063882 ) ) ;
#154 = ORIENTED_EDGE ( 'NONE', *, *, #1844, .F. ) ;
#155 = VERTEX_POINT ( 'NONE', #871 ) ;
#156 = AXIS2_PLACEMENT_3D ( 'NONE', #2251, #1364, #2219 ) ;
#157 = ORIENTED_EDGE ( 'NONE', *, *, #205, .T. ) ;
#158 = DIRECTION ( 'NONE',  ( 0.000000000000000000, -1.000000000000000000, 0.000000000000000000 ) ) ;
#159 = CARTESIAN_POINT ( 'NONE',  ( 7.745966692414834931, 8.500000000000000000, 2.499999999999999556 ) ) ;
#160 = AXIS2_PLACEMENT_3D ( 'NONE', #1001, #1070, #2471 ) ;
#161 = ORIENTED_EDGE ( 'NONE', *, *, #23, .F. ) ;
#162 = ORIENTED_EDGE ( 'NONE', *, *, #2858, .F. ) ;
#163 = CIRCLE ( 'NONE', #771, 5.000000000000000000 ) ;
#164 = VERTEX_POINT ( 'NONE', #1204 ) ;
#165 =( LENGTH_UNIT ( ) NAMED_UNIT ( * ) SI_UNIT ( .MILLI., .METRE. ) );
#166 = CIRCLE ( 'NONE', #2265, 1.000000000000000888 ) ;
#167 = DIRECTION ( 'NONE',  ( 0.000000000000000000, 0.000000000000000000, -1.000000000000000000 ) ) ;
#168 = CARTESIAN_POINT ( 'NONE',  ( -4.431305835111842839, -1.500000000000000000, -12.67524685028541143 ) ) ;
#169 = CARTESIAN_POINT ( 'NONE',  ( 0.8418944329592917830, -1.499999999999999556, 8.458203932499626987 ) ) ;
#170 = VERTEX_POINT ( 'NONE', #34 ) ;
#171 = DIRECTION ( 'NONE',  ( 0.000000000000000000, 1.000000000000000000, 0.000000000000000000 ) ) ;
#172 = CYLINDRICAL_SURFACE ( 'NONE', #622, 5.000000000000000000 ) ;
#173 = ORIENTED_EDGE ( 'NONE', *, *, #2395, .T. ) ;
#174 = DIRECTION ( 'NONE',  ( 0.000000000000000000, 0.000000000000000000, -1.000000000000000000 ) ) ;
#175 = CYLINDRICAL_SURFACE ( 'NONE', #2537, 7.500000000000000000 ) ;
#176 = EDGE_LOOP ( 'NONE', ( #3292, #519, #2044, #2735 ) ) ;
#177 = ORIENTED_EDGE ( 'NONE', *, *, #680, .T. ) ;
#178 = FACE_OUTER_BOUND ( 'NONE', #1192, .T. ) ;
#179 = ADVANCED_FACE ( 'NONE', ( #2864 ), #2623, .F. ) ;
#180 = DIRECTION ( 'NONE',  ( 0.000000000000000000, 0.000000000000000000, 1.000000000000000000 ) ) ;
#181 = ORIENTED_EDGE ( 'NONE', *, *, #2510, .T. ) ;
#182 = EDGE_LOOP ( 'NONE', ( #3583, #1183, #3575, #1648 ) ) ;
#183 = EDGE_CURVE ( 'NONE', #1011, #3268, #369, .T. ) ;
#184 = DIRECTION ( 'NONE',  ( -0.5000000000000001110, 0.000000000000000000, -0.8660254037844385966 ) ) ;
#185 = ORIENTED_EDGE ( 'NONE', *, *, #1772, .T. ) ;
#186 = DIRECTION ( 'NONE',  ( 0.000000000000000000, 0.000000000000000000, 1.000000000000000000 ) ) ;
#187 = CARTESIAN_POINT ( 'NONE',  ( 8.750000000000005329, 8.500000000000000000, 15.15544456622768976 ) ) ;
#188 = EDGE_CURVE ( 'NONE', #2391, #2057, #18, .T. ) ;
#189 = VERTEX_POINT ( 'NONE', #3146 ) ;
#190 = LINE ( 'NONE', #3563, #3467 ) ;
#191 = CARTESIAN_POINT ( 'NONE',  ( -4.252989283015850219, 8.500000000000000000, 15.84782784977065084 ) ) ;
#192 = EDGE_LOOP ( 'NONE', ( #579, #854, #1815, #1254 ) ) ;
#193 = DIRECTION ( 'NONE',  ( 0.000000000000000000, 0.000000000000000000, 1.000000000000000000 ) ) ;
#194 = ORIENTED_EDGE ( 'NONE', *, *, #1418, .F. ) ;
#195 = AXIS2_PLACEMENT_3D ( 'NONE', #2446, #1546, #2682 ) ;
#196 = ORIENTED_EDGE ( 'NONE', *, *, #1444, .F. ) ;
#197 = CARTESIAN_POINT ( 'NONE',  ( 15.48872410019262524, 1.499999999999999556, 5.172742914049957008 ) ) ;
#198 = CARTESIAN_POINT ( 'NONE',  ( -11.54700538379233699, -1.500000000000000000, 20.00000000000011724 ) ) ;
#199 = CARTESIAN_POINT ( 'NONE',  ( -8.749999999999996447, -1.500000000000000000, 15.15544456622769154 ) ) ;
#200 = EDGE_LOOP ( 'NONE', ( #3316, #245, #2775, #815, #1012, #1829, #2675, #468, #2947, #1626, #58, #1586 ) ) ;
#201 = VERTEX_POINT ( 'NONE', #2035 ) ;
#202 = VECTOR ( 'NONE', #863, 1000.000000000000000 ) ;
#203 = VERTEX_POINT ( 'NONE', #578 ) ;
#204 = DIRECTION ( 'NONE',  ( 0.000000000000000000, -1.000000000000000000, 0.000000000000000000 ) ) ;
#205 = EDGE_CURVE ( 'NONE', #2389, #2620, #287, .T. ) ;
#206 = DIRECTION ( 'NONE',  ( 0.000000000000000000, 1.000000000000000000, 0.000000000000000000 ) ) ;
#207 = CARTESIAN_POINT ( 'NONE',  ( -11.54700538379261232, -1.500000000000000000, -19.99999999999996092 ) ) ;
#208 = ADVANCED_FACE ( 'NONE', ( #49 ), #1758, .F. ) ;
#209 = CARTESIAN_POINT ( 'NONE',  ( -0.7428480290862957691, 8.500000000000000000, -7.463121116910980568 ) ) ;
#210 = ADVANCED_FACE ( 'NONE', ( #1435 ), #86, .F. ) ;
#211 = CARTESIAN_POINT ( 'NONE',  ( 8.750000000000003553, -1.500000000000000000, -13.60544456622767839 ) ) ;
#212 = CARTESIAN_POINT ( 'NONE',  ( -4.000000000000000000, -1.500000000000000000, 0.000000000000000000 ) ) ;
#213 = CARTESIAN_POINT ( 'NONE',  ( -12.22408882090950932, 1.499999999999999556, -10.82725708595003233 ) ) ;
#214 = ORIENTED_EDGE ( 'NONE', *, *, #3236, .T. ) ;
#215 = CARTESIAN_POINT ( 'NONE',  ( 8.750000000000003553, -1.500000000000000000, -13.60544456622767839 ) ) ;
#216 = CARTESIAN_POINT ( 'NONE',  ( 8.750000000000005329, -1.500000000000000000, 16.70544456622769047 ) ) ;
#217 = DIRECTION ( 'NONE',  ( 0.000000000000000000, 1.000000000000000000, 0.000000000000000000 ) ) ;
#218 = ORIENTED_EDGE ( 'NONE', *, *, #1729, .F. ) ;
#219 = ORIENTED_EDGE ( 'NONE', *, *, #1500, .T. ) ;
#220 = AXIS2_PLACEMENT_3D ( 'NONE', #3599, #819, #1631 ) ;
#221 = VERTEX_POINT ( 'NONE', #3431 ) ;
#222 = DIRECTION ( 'NONE',  ( 0.000000000000000000, -1.000000000000000000, 0.000000000000000000 ) ) ;
#223 = AXIS2_PLACEMENT_3D ( 'NONE', #1167, #869, #591 ) ;
#224 = CARTESIAN_POINT ( 'NONE',  ( 8.750000000000005329, 1.499999999999999556, 15.15544456622768976 ) ) ;
#225 = EDGE_CURVE ( 'NONE', #1475, #2155, #1223, .T. ) ;
#226 = DIRECTION ( 'NONE',  ( -0.000000000000000000, -1.000000000000000000, -0.000000000000000000 ) ) ;
#227 = STYLED_ITEM ( 'NONE', ( #3499 ), #1289 ) ;
#228 = AXIS2_PLACEMENT_3D ( 'NONE', #2575, #1190, #605 ) ;
#229 = VECTOR ( 'NONE', #3418, 1000.000000000000000 ) ;
#230 = LINE ( 'NONE', #1085, #1723 ) ;
#231 = VECTOR ( 'NONE', #2811, 1000.000000000000000 ) ;
#232 = CIRCLE ( 'NONE', #3494, 1.549999999999997602 ) ;
#233 = CYLINDRICAL_SURFACE ( 'NONE', #1880, 4.549999999999998934 ) ;
#234 = CARTESIAN_POINT ( 'NONE',  ( -0.7428480290862956581, -1.500000000000000000, -7.463121116910980568 ) ) ;
#235 = DIRECTION ( 'NONE',  ( 0.000000000000000000, 0.000000000000000000, -1.000000000000000000 ) ) ;
#236 = VERTEX_POINT ( 'NONE', #2589 ) ;
#237 = DIRECTION ( 'NONE',  ( 0.000000000000000000, 0.000000000000000000, 1.000000000000000000 ) ) ;
#238 = CARTESIAN_POINT ( 'NONE',  ( -13.09011422469395036, 1.500000000000000000, -11.32725708595002878 ) ) ;
#239 = LINE ( 'NONE', #813, #1281 ) ;
#240 = ORIENTED_EDGE ( 'NONE', *, *, #116, .F. ) ;
#241 = VERTEX_POINT ( 'NONE', #333 ) ;
#242 = DIRECTION ( 'NONE',  ( 0.000000000000000000, 1.000000000000000000, 0.000000000000000000 ) ) ;
#243 = DIRECTION ( 'NONE',  ( 0.000000000000000000, 0.000000000000000000, -1.000000000000000000 ) ) ;
#244 = ADVANCED_FACE ( 'NONE', ( #3501 ), #1170, .F. ) ;
#245 = ORIENTED_EDGE ( 'NONE', *, *, #3097, .T. ) ;
#246 = FACE_OUTER_BOUND ( 'NONE', #2091, .T. ) ;
#247 = CARTESIAN_POINT ( 'NONE',  ( 8.761432854036518947, 1.500000000000000000, -10.17524685028879183 ) ) ;
#248 = DIRECTION ( 'NONE',  ( 0.000000000000000000, 0.000000000000000000, 1.000000000000000000 ) ) ;
#249 = EDGE_CURVE ( 'NONE', #2092, #2298, #394, .T. ) ;
#250 = VERTEX_POINT ( 'NONE', #899 ) ;
#251 = EDGE_CURVE ( 'NONE', #2679, #1831, #3123, .T. ) ;
#252 = DIRECTION ( 'NONE',  ( 0.000000000000000000, 0.000000000000000000, 1.000000000000000000 ) ) ;
#253 = CARTESIAN_POINT ( 'NONE',  ( 4.252989283015872424, -1.500000000000000000, -15.84782784977072012 ) ) ;
#254 = CARTESIAN_POINT ( 'NONE',  ( -17.50000000000000000, 1.500000000000000000, 1.769808360342463528E-14 ) ) ;
#255 = DIRECTION ( 'NONE',  ( -0.4999999999999947820, 0.000000000000000000, 0.8660254037844415942 ) ) ;
#256 = AXIS2_PLACEMENT_3D ( 'NONE', #1322, #1915, #725 ) ;
#257 = EDGE_LOOP ( 'NONE', ( #2110, #3051, #196, #3632 ) ) ;
#258 = DIRECTION ( 'NONE',  ( -0.000000000000000000, 1.000000000000000000, -0.000000000000000000 ) ) ;
#259 = DIRECTION ( 'NONE',  ( 0.000000000000000000, 1.000000000000000000, 0.000000000000000000 ) ) ;
#260 = DIRECTION ( 'NONE',  ( 0.000000000000000000, 0.000000000000000000, 1.000000000000000000 ) ) ;
#261 = ORIENTED_EDGE ( 'NONE', *, *, #2168, .T. ) ;
#262 = AXIS2_PLACEMENT_3D ( 'NONE', #3060, #171, #2767 ) ;
#263 = AXIS2_PLACEMENT_3D ( 'NONE', #2082, #3530, #722 ) ;
#264 = CARTESIAN_POINT ( 'NONE',  ( 0.7428480290867349733, -1.500000000000000000, -7.463121116910937047 ) ) ;
#265 = DIRECTION ( 'NONE',  ( 8.673617379884031528E-16, 0.000000000000000000, 1.000000000000000000 ) ) ;
#266 = AXIS2_PLACEMENT_3D ( 'NONE', #1369, #868, #1420 ) ;
#267 = EDGE_LOOP ( 'NONE', ( #2740, #3091, #2865, #2633 ) ) ;
#268 = CARTESIAN_POINT ( 'NONE',  ( -8.749999999999996447, -1.500000000000000000, 16.70544456622769047 ) ) ;
#269 = DIRECTION ( 'NONE',  ( 0.000000000000000000, 0.000000000000000000, -1.000000000000000000 ) ) ;
#270 = CARTESIAN_POINT ( 'NONE',  ( 2.165063509463540203, 8.500000000000000000, 1.250000000001411982 ) ) ;
#271 = ORIENTED_EDGE ( 'NONE', *, *, #1096, .T. ) ;
#272 = CARTESIAN_POINT ( 'NONE',  ( -11.54700538379261232, 1.500000000000000000, -19.99999999999996092 ) ) ;
#273 = EDGE_CURVE ( 'NONE', #631, #1129, #1712, .T. ) ;
#274 = CARTESIAN_POINT ( 'NONE',  ( -4.000000000000000000, -1.500000000000000000, -1.800000000000000044 ) ) ;
#275 = AXIS2_PLACEMENT_3D ( 'NONE', #2037, #2090, #3230 ) ;
#276 = AXIS2_PLACEMENT_3D ( 'NONE', #291, #1751, #2890 ) ;
#277 = AXIS2_PLACEMENT_3D ( 'NONE', #1974, #3119, #1677 ) ;
#278 = DIRECTION ( 'NONE',  ( -0.000000000000000000, -1.000000000000000000, -0.000000000000000000 ) ) ;
#279 = CARTESIAN_POINT ( 'NONE',  ( 7.745966692414834931, 8.500000000000000000, -3.500000000000000444 ) ) ;
#280 = LINE ( 'NONE', #1071, #2212 ) ;
#281 = ORIENTED_EDGE ( 'NONE', *, *, #1133, .F. ) ;
#282 = AXIS2_PLACEMENT_3D ( 'NONE', #3682, #3394, #3133 ) ;
#283 = VECTOR ( 'NONE', #2048, 1000.000000000000000 ) ;
#284 = AXIS2_PLACEMENT_3D ( 'NONE', #343, #1197, #2054 ) ;
#285 = CARTESIAN_POINT ( 'NONE',  ( 6.834676493307206613, -1.500000000000000000, -3.088235294117646745 ) ) ;
#286 = DIRECTION ( 'NONE',  ( -0.000000000000000000, 1.000000000000000000, -0.000000000000000000 ) ) ;
#287 = CIRCLE ( 'NONE', #1530, 7.500000000000000000 ) ;
#288 = EDGE_CURVE ( 'NONE', #1689, #1543, #2968, .T. ) ;
#289 = CARTESIAN_POINT ( 'NONE',  ( 8.750000000000005329, -1.500000000000000000, 15.15544456622768976 ) ) ;
#290 = ADVANCED_FACE ( 'NONE', ( #26 ), #2568, .F. ) ;
#291 = CARTESIAN_POINT ( 'NONE',  ( -12.22408882090943827, 8.500000000000000000, 10.82725708595006253 ) ) ;
#292 = EDGE_CURVE ( 'NONE', #1542, #1814, #1901, .T. ) ;
#293 = EDGE_CURVE ( 'NONE', #2152, #1318, #862, .T. ) ;
#294 = DIRECTION ( 'NONE',  ( 0.4999999999999997780, -0.000000000000000000, 0.8660254037844387076 ) ) ;
#295 = CARTESIAN_POINT ( 'NONE',  ( 8.750000000000003553, -1.500000000000000000, -15.15544456622767733 ) ) ;
#296 = ORIENTED_EDGE ( 'NONE', *, *, #1742, .F. ) ;
#297 = CARTESIAN_POINT ( 'NONE',  ( -3.264635279283147007, -1.499999999999999556, -15.99999999999996270 ) ) ;
#298 = CARTESIAN_POINT ( 'NONE',  ( -6.091828464224531281, 8.500000000000000000, -4.374885822791697798 ) ) ;
#299 = CARTESIAN_POINT ( 'NONE',  ( 0.000000000000000000, -1.500000000000000000, 5.000000000000000000 ) ) ;
#300 = VERTEX_POINT ( 'NONE', #846 ) ;
#301 = DIRECTION ( 'NONE',  ( 0.5000000000000068834, 0.000000000000000000, 0.8660254037844345998 ) ) ;
#302 = ORIENTED_EDGE ( 'NONE', *, *, #2692, .T. ) ;
#303 = EDGE_CURVE ( 'NONE', #90, #2333, #2540, .T. ) ;
#304 = EDGE_CURVE ( 'NONE', #1094, #3538, #2062, .T. ) ;
#305 = CARTESIAN_POINT ( 'NONE',  ( 0.000000000000000000, -1.000000000000000000, 0.000000000000000000 ) ) ;
#306 = CARTESIAN_POINT ( 'NONE',  ( 4.499464137394692642, 1.499999999999999556, -13.53203923153578359 ) ) ;
#307 = ORIENTED_EDGE ( 'NONE', *, *, #2658, .T. ) ;
#308 = DIRECTION ( 'NONE',  ( 0.000000000000000000, 1.000000000000000000, 0.000000000000000000 ) ) ;
#309 = ORIENTED_EDGE ( 'NONE', *, *, #2063, .F. ) ;
#310 = CIRCLE ( 'NONE', #195, 1.000000000000000222 ) ;
#311 = CARTESIAN_POINT ( 'NONE',  ( 0.000000000000000000, -1.000000000000000000, 2.600000000000000089 ) ) ;
#312 = ORIENTED_EDGE ( 'NONE', *, *, #3423, .T. ) ;
#313 = AXIS2_PLACEMENT_3D ( 'NONE', #894, #2309, #382 ) ;
#314 = VECTOR ( 'NONE', #1911, 1000.000000000000000 ) ;
#315 = EDGE_CURVE ( 'NONE', #781, #1543, #1565, .T. ) ;
#316 = CARTESIAN_POINT ( 'NONE',  ( -13.96882180821687491, -1.500000000000000000, -2.869369369369366929 ) ) ;
#317 = CARTESIAN_POINT ( 'NONE',  ( -11.54700538379261232, 1.500000000000000000, -19.99999999999996092 ) ) ;
#318 = LINE ( 'NONE', #1452, #2014 ) ;
#319 = DIRECTION ( 'NONE',  ( 0.000000000000000000, 0.000000000000000000, 1.000000000000000000 ) ) ;
#320 = CIRCLE ( 'NONE', #2474, 1.000000000000000888 ) ;
#321 = AXIS2_PLACEMENT_3D ( 'NONE', #2680, #1498, #1784 ) ;
#322 = ADVANCED_FACE ( 'NONE', ( #2723 ), #3008, .T. ) ;
#323 = AXIS2_PLACEMENT_3D ( 'NONE', #1720, #2789, #824 ) ;
#324 = DIRECTION ( 'NONE',  ( -0.000000000000000000, -1.000000000000000000, -0.000000000000000000 ) ) ;
#325 = DIRECTION ( 'NONE',  ( 0.000000000000000000, -1.000000000000000000, 0.000000000000000000 ) ) ;
#326 = CARTESIAN_POINT ( 'NONE',  ( 0.000000000000000000, 1.500000000000000000, 2.499999999999999556 ) ) ;
#327 = DIRECTION ( 'NONE',  ( 0.000000000000000000, 0.000000000000000000, 1.000000000000000000 ) ) ;
#328 = CIRCLE ( 'NONE', #1705, 0.9999999999999991118 ) ;
#329 = VECTOR ( 'NONE', #2593, 1000.000000000000000 ) ;
#330 = DIRECTION ( 'NONE',  ( 0.000000000000000000, 0.000000000000000000, 1.000000000000000000 ) ) ;
#331 = APPLICATION_PROTOCOL_DEFINITION ( 'draft international standard', 'automotive_design', 1998, #2946 ) ;
#332 = DIRECTION ( 'NONE',  ( -1.734723475976805517E-15, 0.000000000000000000, 1.000000000000000000 ) ) ;
#333 = CARTESIAN_POINT ( 'NONE',  ( -11.54700538379261232, -1.500000000000000000, -19.99999999999996092 ) ) ;
#334 = ORIENTED_EDGE ( 'NONE', *, *, #491, .F. ) ;
#335 = ORIENTED_EDGE ( 'NONE', *, *, #2306, .T. ) ;
#336 = CARTESIAN_POINT ( 'NONE',  ( 17.50000000000001421, 8.500000000000000000, 4.853321584273757548E-15 ) ) ;
#337 = FACE_BOUND ( 'NONE', #2119, .T. ) ;
#338 = AXIS2_PLACEMENT_3D ( 'NONE', #474, #953, #3605 ) ;
#339 = AXIS2_PLACEMENT_3D ( 'NONE', #2479, #3532, #3243 ) ;
#340 = EDGE_LOOP ( 'NONE', ( #1665, #2328 ) ) ;
#341 = ORIENTED_EDGE ( 'NONE', *, *, #1099, .T. ) ;
#342 = ORIENTED_EDGE ( 'NONE', *, *, #499, .F. ) ;
#343 = CARTESIAN_POINT ( 'NONE',  ( 7.745966692414834931, -1.499999999999999556, -3.500000000000000444 ) ) ;
#344 = VECTOR ( 'NONE', #439, 1000.000000000000114 ) ;
#345 = ORIENTED_EDGE ( 'NONE', *, *, #120, .T. ) ;
#346 = CYLINDRICAL_SURFACE ( 'NONE', #3366, 4.549999999999999822 ) ;
#347 = EDGE_CURVE ( 'NONE', #752, #56, #1205, .T. ) ;
#348 = CARTESIAN_POINT ( 'NONE',  ( 8.750000000000003553, 1.500000000000000000, -16.70544456622767626 ) ) ;
#349 = DIRECTION ( 'NONE',  ( 0.4999999999999948930, 0.000000000000000000, -0.8660254037844415942 ) ) ;
#350 = DIRECTION ( 'NONE',  ( -0.5000000000000003331, 0.000000000000000000, 0.8660254037844383745 ) ) ;
#351 = EDGE_CURVE ( 'NONE', #2333, #41, #3578, .T. ) ;
#352 = PLANE ( 'NONE',  #1146 ) ;
#353 = DIRECTION ( 'NONE',  ( -0.000000000000000000, -1.000000000000000000, -0.000000000000000000 ) ) ;
#354 = VERTEX_POINT ( 'NONE', #426 ) ;
#355 = EDGE_CURVE ( 'NONE', #3538, #2406, #3303, .T. ) ;
#356 = ORIENTED_EDGE ( 'NONE', *, *, #2383, .F. ) ;
#357 = LINE ( 'NONE', #3469, #3445 ) ;
#358 = EDGE_CURVE ( 'NONE', #378, #1704, #1505, .T. ) ;
#359 = EDGE_LOOP ( 'NONE', ( #733, #597, #719, #2645 ) ) ;
#360 = ORIENTED_EDGE ( 'NONE', *, *, #2743, .T. ) ;
#361 = EDGE_CURVE ( 'NONE', #2678, #465, #2989, .T. ) ;
#362 = DIRECTION ( 'NONE',  ( 0.5000000000000003331, 0.000000000000000000, -0.8660254037844383745 ) ) ;
#363 = DIRECTION ( 'NONE',  ( 0.000000000000000000, 0.000000000000000000, -1.000000000000000000 ) ) ;
#364 = ORIENTED_EDGE ( 'NONE', *, *, #2127, .T. ) ;
#365 = AXIS2_PLACEMENT_3D ( 'NONE', #47, #935, #2641 ) ;
#366 = DIRECTION ( 'NONE',  ( 0.5000000000000068834, 0.000000000000000000, 0.8660254037844345998 ) ) ;
#367 = DIRECTION ( 'NONE',  ( -1.000000000000000000, 0.000000000000000000, 0.000000000000000000 ) ) ;
#368 = AXIS2_PLACEMENT_3D ( 'NONE', #2891, #1483, #327 ) ;
#369 = LINE ( 'NONE', #2346, #2358 ) ;
#370 = EDGE_LOOP ( 'NONE', ( #3607, #2053, #2021, #3510 ) ) ;
#371 = FACE_OUTER_BOUND ( 'NONE', #257, .T. ) ;
#372 = FACE_BOUND ( 'NONE', #675, .T. ) ;
#373 = ORIENTED_EDGE ( 'NONE', *, *, #3236, .F. ) ;
#374 = EDGE_LOOP ( 'NONE', ( #1320, #460, #2631, #634 ) ) ;
#375 = AXIS2_PLACEMENT_3D ( 'NONE', #3104, #324, #1106 ) ;
#376 = ORIENTED_EDGE ( 'NONE', *, *, #398, .T. ) ;
#377 = DIRECTION ( 'NONE',  ( 0.000000000000000000, 1.000000000000000000, 0.000000000000000000 ) ) ;
#378 = VERTEX_POINT ( 'NONE', #1589 ) ;
#379 = VERTEX_POINT ( 'NONE', #3283 ) ;
#380 = ORIENTED_EDGE ( 'NONE', *, *, #3240, .F. ) ;
#381 = CYLINDRICAL_SURFACE ( 'NONE', #321, 7.500000000000000000 ) ;
#382 = DIRECTION ( 'NONE',  ( 0.000000000000000000, 0.000000000000000000, 1.000000000000000000 ) ) ;
#383 = EDGE_CURVE ( 'NONE', #777, #721, #2340, .T. ) ;
#384 = CARTESIAN_POINT ( 'NONE',  ( 0.000000000000000000, 8.500000000000000000, 0.000000000000000000 ) ) ;
#385 = CARTESIAN_POINT ( 'NONE',  ( -14.72243186433538575, -1.500000000000000000, 8.500000000000119016 ) ) ;
#386 = VECTOR ( 'NONE', #1310, 1000.000000000000114 ) ;
#387 = EDGE_LOOP ( 'NONE', ( #720, #1308, #3073, #2690 ) ) ;
#388 = DIRECTION ( 'NONE',  ( 0.000000000000000000, 1.000000000000000000, 0.000000000000000000 ) ) ;
#389 = FACE_BOUND ( 'NONE', #3406, .T. ) ;
#390 = ORIENTED_EDGE ( 'NONE', *, *, #1846, .T. ) ;
#391 = CIRCLE ( 'NONE', #2965, 1.000000000000000888 ) ;
#392 = VERTEX_POINT ( 'NONE', #1569 ) ;
#393 = ORIENTED_EDGE ( 'NONE', *, *, #2103, .F. ) ;
#394 = CIRCLE ( 'NONE', #2367, 1.550000000000002709 ) ;
#395 = CARTESIAN_POINT ( 'NONE',  ( 8.750000000000003553, -1.500000000000000000, -15.15544456622767733 ) ) ;
#396 = AXIS2_PLACEMENT_3D ( 'NONE', #2452, #2177, #415 ) ;
#397 = ORIENTED_EDGE ( 'NONE', *, *, #351, .F. ) ;
#398 = EDGE_CURVE ( 'NONE', #72, #1799, #1698, .T. ) ;
#399 = ORIENTED_EDGE ( 'NONE', *, *, #1797, .F. ) ;
#400 = EDGE_LOOP ( 'NONE', ( #102, #544, #3164, #2427 ) ) ;
#401 = EDGE_CURVE ( 'NONE', #638, #164, #1098, .T. ) ;
#402 = AXIS2_PLACEMENT_3D ( 'NONE', #2344, #2588, #3211 ) ;
#403 = VECTOR ( 'NONE', #1817, 1000.000000000000000 ) ;
#404 = EDGE_CURVE ( 'NONE', #3027, #3483, #1578, .T. ) ;
#405 = SURFACE_STYLE_FILL_AREA ( #2966 ) ;
#406 = DIRECTION ( 'NONE',  ( 0.000000000000000000, -1.000000000000000000, 0.000000000000000000 ) ) ;
#407 = ADVANCED_FACE ( 'NONE', ( #3265 ), #708, .F. ) ;
#408 = EDGE_CURVE ( 'NONE', #1163, #1078, #2399, .T. ) ;
#409 = LINE ( 'NONE', #1612, #553 ) ;
#410 = FACE_OUTER_BOUND ( 'NONE', #135, .T. ) ;
#411 = DIRECTION ( 'NONE',  ( -0.000000000000000000, -1.000000000000000000, 0.000000000000000000 ) ) ;
#412 = ORIENTED_EDGE ( 'NONE', *, *, #2205, .T. ) ;
#413 = CARTESIAN_POINT ( 'NONE',  ( 6.038046855670322621, -1.499999999999999556, -5.458203932496852318 ) ) ;
#414 = ORIENTED_EDGE ( 'NONE', *, *, #1172, .T. ) ;
#415 = DIRECTION ( 'NONE',  ( 0.000000000000000000, 0.000000000000000000, -1.000000000000000000 ) ) ;
#416 = ORIENTED_EDGE ( 'NONE', *, *, #116, .T. ) ;
#417 = EDGE_CURVE ( 'NONE', #3298, #1798, #608, .T. ) ;
#418 = ORIENTED_EDGE ( 'NONE', *, *, #1067, .F. ) ;
#419 = VERTEX_POINT ( 'NONE', #1016 ) ;
#420 = CARTESIAN_POINT ( 'NONE',  ( 9.469357670826191509, -1.500000000000000000, -10.66266986216967183 ) ) ;
#421 = LINE ( 'NONE', #1883, #1465 ) ;
#422 = ORIENTED_EDGE ( 'NONE', *, *, #3169, .F. ) ;
#423 = ORIENTED_EDGE ( 'NONE', *, *, #802, .T. ) ;
#424 = ORIENTED_EDGE ( 'NONE', *, *, #2462, .F. ) ;
#425 = CARTESIAN_POINT ( 'NONE',  ( 13.96882180821687847, 8.500000000000000000, -2.869369369369369593 ) ) ;
#426 = CARTESIAN_POINT ( 'NONE',  ( -15.85111615421193676, -1.500000000000000000, 4.240717163770690412 ) ) ;
#427 = CARTESIAN_POINT ( 'NONE',  ( -15.85111615421193676, 8.500000000000000000, 4.240717163770690412 ) ) ;
#428 = PLANE ( 'NONE',  #1592 ) ;
#429 = EDGE_CURVE ( 'NONE', #2979, #1536, #3529, .T. ) ;
#430 = ORIENTED_EDGE ( 'NONE', *, *, #1010, .T. ) ;
#431 = AXIS2_PLACEMENT_3D ( 'NONE', #3498, #3172, #2894 ) ;
#432 = CARTESIAN_POINT ( 'NONE',  ( -9.627458257820348919, 8.500000000000000000, -9.675246850288656830 ) ) ;
#433 = LINE ( 'NONE', #1574, #1111 ) ;
#434 = ORIENTED_EDGE ( 'NONE', *, *, #3066, .F. ) ;
#435 = PLANE ( 'NONE',  #1666 ) ;
#436 = ORIENTED_EDGE ( 'NONE', *, *, #3668, .F. ) ;
#437 = ORIENTED_EDGE ( 'NONE', *, *, #891, .T. ) ;
#438 = ORIENTED_EDGE ( 'NONE', *, *, #1652, .F. ) ;
#439 = DIRECTION ( 'NONE',  ( 0.4999999999999951150, 0.000000000000000000, -0.8660254037844414832 ) ) ;
#440 = CYLINDRICAL_SURFACE ( 'NONE', #100, 1.000000000000000888 ) ;
#441 = ORIENTED_EDGE ( 'NONE', *, *, #126, .T. ) ;
#442 = ORIENTED_EDGE ( 'NONE', *, *, #358, .F. ) ;
#443 = VECTOR ( 'NONE', #2, 1000.000000000000000 ) ;
#444 = EDGE_LOOP ( 'NONE', ( #2597, #3468, #3183, #1264 ) ) ;
#445 = ORIENTED_EDGE ( 'NONE', *, *, #2205, .F. ) ;
#446 = DIRECTION ( 'NONE',  ( 0.000000000000000000, 0.000000000000000000, 1.000000000000000000 ) ) ;
#447 = VECTOR ( 'NONE', #2709, 1000.000000000000000 ) ;
#448 = DIRECTION ( 'NONE',  ( 0.000000000000000000, -1.000000000000000000, 0.000000000000000000 ) ) ;
#449 = LINE ( 'NONE', #1868, #1023 ) ;
#450 = CYLINDRICAL_SURFACE ( 'NONE', #338, 7.500000000000000000 ) ;
#451 = EDGE_CURVE ( 'NONE', #716, #3574, #1991, .T. ) ;
#452 = ORIENTED_EDGE ( 'NONE', *, *, #1892, .T. ) ;
#453 = EDGE_CURVE ( 'NONE', #300, #75, #12, .T. ) ;
#454 = CARTESIAN_POINT ( 'NONE',  ( 0.8418944329592917830, -1.499999999999999556, 7.458203932499626987 ) ) ;
#455 = CARTESIAN_POINT ( 'NONE',  ( 0.000000000000000000, -1.000000000000000000, 2.600000000000000089 ) ) ;
#456 = VERTEX_POINT ( 'NONE', #2861 ) ;
#457 = DIRECTION ( 'NONE',  ( 0.000000000000000000, 0.000000000000000000, -1.000000000000000000 ) ) ;
#458 = FACE_OUTER_BOUND ( 'NONE', #2173, .T. ) ;
#459 = VERTEX_POINT ( 'NONE', #865 ) ;
#460 = ORIENTED_EDGE ( 'NONE', *, *, #293, .T. ) ;
#461 = CARTESIAN_POINT ( 'NONE',  ( 15.48872410019255774, -1.499999999999999556, -5.172742914049921481 ) ) ;
#462 = CARTESIAN_POINT ( 'NONE',  ( -15.48872410019258261, 8.500000000000000000, 5.172742914049957896 ) ) ;
#463 = VECTOR ( 'NONE', #1227, 1000.000000000000000 ) ;
#464 = ORIENTED_EDGE ( 'NONE', *, *, #1857, .T. ) ;
#465 = VERTEX_POINT ( 'NONE', #557 ) ;
#466 = AXIS2_PLACEMENT_3D ( 'NONE', #3425, #1735, #2874 ) ;
#467 = EDGE_LOOP ( 'NONE', ( #218, #45, #2187, #2942 ) ) ;
#468 = ORIENTED_EDGE ( 'NONE', *, *, #1458, .T. ) ;
#469 = CARTESIAN_POINT ( 'NONE',  ( 0.8418944329592917830, 8.500000000000000000, 7.458203932499626987 ) ) ;
#470 = CIRCLE ( 'NONE', #1891, 1.000000000000000888 ) ;
#471 = EDGE_CURVE ( 'NONE', #1152, #3201, #74, .T. ) ;
#472 = AXIS2_PLACEMENT_3D ( 'NONE', #1334, #2499, #950 ) ;
#473 = CYLINDRICAL_SURFACE ( 'NONE', #3461, 4.549999999999997158 ) ;
#474 = CARTESIAN_POINT ( 'NONE',  ( 0.000000000000000000, 8.500000000000000000, 0.000000000000000000 ) ) ;
#475 = ORIENTED_EDGE ( 'NONE', *, *, #2779, .F. ) ;
#476 = CARTESIAN_POINT ( 'NONE',  ( -8.750000000000053291, 1.499999999999999556, -15.15544456622765246 ) ) ;
#477 = DIRECTION ( 'NONE',  ( 0.000000000000000000, 1.000000000000000000, 0.000000000000000000 ) ) ;
#478 = ORIENTED_EDGE ( 'NONE', *, *, #3007, .T. ) ;
#479 = DIRECTION ( 'NONE',  ( 0.000000000000000000, 1.000000000000000000, 0.000000000000000000 ) ) ;
#480 = ORIENTED_EDGE ( 'NONE', *, *, #833, .T. ) ;
#481 = ADVANCED_FACE ( 'NONE', ( #458 ), #175, .T. ) ;
#482 = FACE_OUTER_BOUND ( 'NONE', #3238, .T. ) ;
#483 = CARTESIAN_POINT ( 'NONE',  ( -4.431305835111841063, 8.500000000000000000, -12.67524685028540787 ) ) ;
#484 = DIRECTION ( 'NONE',  ( 0.000000000000000000, 0.000000000000000000, 1.000000000000000000 ) ) ;
#485 = ORIENTED_EDGE ( 'NONE', *, *, #3558, .F. ) ;
#486 = VERTEX_POINT ( 'NONE', #971 ) ;
#487 = CARTESIAN_POINT ( 'NONE',  ( 0.000000000000000000, 8.500000000000000000, 0.000000000000000000 ) ) ;
#488 = VERTEX_POINT ( 'NONE', #2659 ) ;
#489 = EDGE_CURVE ( 'NONE', #1814, #599, #3082, .T. ) ;
#490 = DIRECTION ( 'NONE',  ( 0.000000000000000000, 1.000000000000000000, 0.000000000000000000 ) ) ;
#491 = EDGE_CURVE ( 'NONE', #2141, #1191, #1544, .T. ) ;
#492 = DIRECTION ( 'NONE',  ( -0.000000000000000000, -1.000000000000000000, -0.000000000000000000 ) ) ;
#493 = LINE ( 'NONE', #1634, #2425 ) ;
#494 = LINE ( 'NONE', #2199, #2106 ) ;
#495 = DIRECTION ( 'NONE',  ( -0.8660254037844381525, 0.000000000000000000, 0.5000000000000008882 ) ) ;
#496 = DIRECTION ( 'NONE',  ( 0.8660254037844414832, -0.000000000000000000, 0.4999999999999951150 ) ) ;
#497 = DIRECTION ( 'NONE',  ( 0.000000000000000000, 0.000000000000000000, -1.000000000000000000 ) ) ;
#498 = ORIENTED_EDGE ( 'NONE', *, *, #2507, .T. ) ;
#499 = EDGE_CURVE ( 'NONE', #2319, #2370, #2988, .T. ) ;
#500 = AXIS2_PLACEMENT_3D ( 'NONE', #1715, #2279, #2220 ) ;
#501 = CARTESIAN_POINT ( 'NONE',  ( 8.750000000000003553, -1.500000000000000000, -15.15544456622767733 ) ) ;
#502 = DIRECTION ( 'NONE',  ( 0.000000000000000000, 1.000000000000000000, 0.000000000000000000 ) ) ;
#503 = CARTESIAN_POINT ( 'NONE',  ( 3.264635279283095937, -1.499999999999999556, -15.99999999999996270 ) ) ;
#504 = ORIENTED_EDGE ( 'NONE', *, *, #589, .F. ) ;
#505 = ORIENTED_EDGE ( 'NONE', *, *, #859, .T. ) ;
#506 = DIRECTION ( 'NONE',  ( -0.000000000000000000, -1.000000000000000000, -0.000000000000000000 ) ) ;
#507 = ORIENTED_EDGE ( 'NONE', *, *, #3138, .T. ) ;
#508 = PLANE ( 'NONE',  #1216 ) ;
#509 = CIRCLE ( 'NONE', #963, 0.9999999999999991118 ) ;
#510 = CARTESIAN_POINT ( 'NONE',  ( -6.038046855666710400, 1.500000000000000000, 5.458203932501883848 ) ) ;
#511 = CARTESIAN_POINT ( 'NONE',  ( 15.48872410019262524, 8.500000000000000000, 5.172742914049957008 ) ) ;
#512 = CARTESIAN_POINT ( 'NONE',  ( 15.85111615421191900, 1.499999999999999556, -4.240717163770655773 ) ) ;
#513 = FACE_OUTER_BOUND ( 'NONE', #3178, .T. ) ;
#514 = ORIENTED_EDGE ( 'NONE', *, *, #119, .T. ) ;
#515 = CYLINDRICAL_SURFACE ( 'NONE', #3333, 1.000000000000000000 ) ;
#516 = DIRECTION ( 'NONE',  ( 1.734723475976807094E-15, 0.000000000000000000, 1.000000000000000000 ) ) ;
#517 = DIRECTION ( 'NONE',  ( 0.000000000000000000, 0.000000000000000000, -1.000000000000000000 ) ) ;
#518 = ORIENTED_EDGE ( 'NONE', *, *, #1948, .F. ) ;
#519 = ORIENTED_EDGE ( 'NONE', *, *, #2556, .F. ) ;
#520 = AXIS2_PLACEMENT_3D ( 'NONE', #1440, #3137, #1731 ) ;
#521 = AXIS2_PLACEMENT_3D ( 'NONE', #279, #14, #2296 ) ;
#522 = ADVANCED_FACE ( 'NONE', ( #3474 ), #381, .T. ) ;
#523 =( NAMED_UNIT ( * ) SI_UNIT ( $, .STERADIAN. ) SOLID_ANGLE_UNIT ( ) );
#524 = EDGE_CURVE ( 'NONE', #132, #1689, #1036, .T. ) ;
#525 = EDGE_CURVE ( 'NONE', #419, #923, #3513, .T. ) ;
#526 = DIRECTION ( 'NONE',  ( -1.000000000000000000, 0.000000000000000000, -0.000000000000000000 ) ) ;
#527 = AXIS2_PLACEMENT_3D ( 'NONE', #1054, #2228, #1906 ) ;
#528 = VECTOR ( 'NONE', #1312, 1000.000000000000000 ) ;
#529 = EDGE_CURVE ( 'NONE', #2406, #1457, #3134, .T. ) ;
#530 = AXIS2_PLACEMENT_3D ( 'NONE', #3659, #1687, #2828 ) ;
#531 = AXIS2_PLACEMENT_3D ( 'NONE', #2390, #2118, #3255 ) ;
#532 = DIRECTION ( 'NONE',  ( 0.000000000000000000, 0.000000000000000000, -1.000000000000000000 ) ) ;
#533 = CARTESIAN_POINT ( 'NONE',  ( 11.54700538379247732, -1.500000000000000000, -20.00000000000004263 ) ) ;
#534 = CARTESIAN_POINT ( 'NONE',  ( 8.761432854029903794, 8.500000000000000000, 10.17524685028773668 ) ) ;
#535 = ORIENTED_EDGE ( 'NONE', *, *, #288, .T. ) ;
#536 = FACE_OUTER_BOUND ( 'NONE', #2922, .T. ) ;
#537 = LINE ( 'NONE', #216, #2794 ) ;
#538 = CARTESIAN_POINT ( 'NONE',  ( 0.000000000000000000, -1.500000000000000000, 16.99999999999987566 ) ) ;
#539 = ADVANCED_FACE ( 'NONE', ( #2100 ), #59, .T. ) ;
#540 = ORIENTED_EDGE ( 'NONE', *, *, #1968, .F. ) ;
#541 = DIRECTION ( 'NONE',  ( 0.000000000000000000, 1.000000000000000000, 0.000000000000000000 ) ) ;
#542 = ORIENTED_EDGE ( 'NONE', *, *, #2031, .F. ) ;
#543 = CARTESIAN_POINT ( 'NONE',  ( 1.707919836743731157, -1.499999999999999556, 7.958203932499626987 ) ) ;
#544 = ORIENTED_EDGE ( 'NONE', *, *, #600, .T. ) ;
#545 = CYLINDRICAL_SURFACE ( 'NONE', #742, 1.000000000000000000 ) ;
#546 = DIRECTION ( 'NONE',  ( 0.8660254037844415942, -0.000000000000000000, 0.4999999999999948930 ) ) ;
#547 = DIRECTION ( 'NONE',  ( -0.5000000000000003331, 0.000000000000000000, 0.8660254037844383745 ) ) ;
#548 = ORIENTED_EDGE ( 'NONE', *, *, #3407, .T. ) ;
#549 = LINE ( 'NONE', #1744, #3420 ) ;
#550 = CARTESIAN_POINT ( 'NONE',  ( 1.707919836743731157, 1.500000000000000000, 7.958203932499628763 ) ) ;
#551 = EDGE_CURVE ( 'NONE', #1781, #1551, #3369, .T. ) ;
#552 = DIRECTION ( 'NONE',  ( 0.5000000000000003331, 0.000000000000000000, -0.8660254037844383745 ) ) ;
#553 = VECTOR ( 'NONE', #3603, 1000.000000000000000 ) ;
#554 = ORIENTED_EDGE ( 'NONE', *, *, #1561, .F. ) ;
#555 = DIRECTION ( 'NONE',  ( -0.4999999999999949485, 0.000000000000000000, 0.8660254037844415942 ) ) ;
#556 = CIRCLE ( 'NONE', #1647, 4.550000000000001599 ) ;
#557 = CARTESIAN_POINT ( 'NONE',  ( 7.745966692414834931, 1.500000000000000000, -2.500000000000000444 ) ) ;
#558 = VECTOR ( 'NONE', #362, 1000.000000000000114 ) ;
#559 = DIRECTION ( 'NONE',  ( 0.000000000000000000, 0.000000000000000000, -1.000000000000000000 ) ) ;
#560 = CYLINDRICAL_SURFACE ( 'NONE', #2786, 1.000000000000000888 ) ;
#561 = CARTESIAN_POINT ( 'NONE',  ( -7.745966692414834931, 8.500000000000000000, 2.499999999999999556 ) ) ;
#562 = ORIENTED_EDGE ( 'NONE', *, *, #1015, .T. ) ;
#563 = EDGE_CURVE ( 'NONE', #465, #1361, #2247, .T. ) ;
#564 = EDGE_CURVE ( 'NONE', #1689, #887, #2421, .T. ) ;
#565 = CARTESIAN_POINT ( 'NONE',  ( 4.431305835112030245, 1.500000000000000000, -12.67524685028481635 ) ) ;
#566 = FACE_OUTER_BOUND ( 'NONE', #444, .T. ) ;
#567 = DIRECTION ( 'NONE',  ( -0.000000000000000000, -1.000000000000000000, -0.000000000000000000 ) ) ;
#568 = AXIS2_PLACEMENT_3D ( 'NONE', #3033, #204, #1667 ) ;
#569 = VERTEX_POINT ( 'NONE', #2124 ) ;
#570 = DIRECTION ( 'NONE',  ( 0.000000000000000000, -1.000000000000000000, 0.000000000000000000 ) ) ;
#571 = VECTOR ( 'NONE', #840, 1000.000000000000000 ) ;
#572 = ADVANCED_FACE ( 'NONE', ( #2356 ), #2926, .F. ) ;
#573 = CARTESIAN_POINT ( 'NONE',  ( 11.54700538379247732, 1.500000000000000000, -20.00000000000004263 ) ) ;
#574 = AXIS2_PLACEMENT_3D ( 'NONE', #3175, #2930, #1777 ) ;
#575 = CIRCLE ( 'NONE', #3152, 1.000000000000000000 ) ;
#576 = LINE ( 'NONE', #2862, #3187 ) ;
#577 = FACE_OUTER_BOUND ( 'NONE', #906, .T. ) ;
#578 = CARTESIAN_POINT ( 'NONE',  ( 3.264635279283078617, 1.500000000000000000, 16.99999999999987566 ) ) ;
#579 = ORIENTED_EDGE ( 'NONE', *, *, #355, .F. ) ;
#580 = CIRCLE ( 'NONE', #3193, 1.000000000000000888 ) ;
#581 = AXIS2_PLACEMENT_3D ( 'NONE', #2325, #32, #2622 ) ;
#582 = CIRCLE ( 'NONE', #1537, 4.549999999999999822 ) ;
#583 = LINE ( 'NONE', #1727, #140 ) ;
#584 = FACE_OUTER_BOUND ( 'NONE', #2776, .T. ) ;
#585 = DIRECTION ( 'NONE',  ( 2.602085213965208275E-15, 0.000000000000000000, 1.000000000000000000 ) ) ;
#586 = ADVANCED_FACE ( 'NONE', ( #949 ), #3495, .F. ) ;
#587 = DIRECTION ( 'NONE',  ( 0.000000000000000000, 0.000000000000000000, 1.000000000000000000 ) ) ;
#588 = CARTESIAN_POINT ( 'NONE',  ( 8.750000000000003553, -1.500000000000000000, -15.15544456622767733 ) ) ;
#589 = EDGE_CURVE ( 'NONE', #201, #164, #994, .T. ) ;
#590 = FACE_OUTER_BOUND ( 'NONE', #1614, .T. ) ;
#591 = DIRECTION ( 'NONE',  ( 0.000000000000000000, 0.000000000000000000, 1.000000000000000000 ) ) ;
#592 = DIRECTION ( 'NONE',  ( 0.4999999999999997780, -0.000000000000000000, 0.8660254037844387076 ) ) ;
#593 = DIRECTION ( 'NONE',  ( 0.000000000000000000, 1.000000000000000000, 0.000000000000000000 ) ) ;
#594 = CYLINDRICAL_SURFACE ( 'NONE', #1338, 0.9999999999999991118 ) ;
#595 = LINE ( 'NONE', #940, #329 ) ;
#596 = EDGE_CURVE ( 'NONE', #378, #2435, #910, .T. ) ;
#597 = ORIENTED_EDGE ( 'NONE', *, *, #1688, .F. ) ;
#598 = CYLINDRICAL_SURFACE ( 'NONE', #1820, 1.549999999999999378 ) ;
#599 = VERTEX_POINT ( 'NONE', #2060 ) ;
#600 = EDGE_CURVE ( 'NONE', #645, #40, #3223, .T. ) ;
#601 = AXIS2_PLACEMENT_3D ( 'NONE', #3124, #2807, #3094 ) ;
#602 = DIRECTION ( 'NONE',  ( -0.000000000000000000, 1.000000000000000000, -0.000000000000000000 ) ) ;
#603 = DIRECTION ( 'NONE',  ( -0.000000000000000000, -1.000000000000000000, -0.000000000000000000 ) ) ;
#604 = CARTESIAN_POINT ( 'NONE',  ( -2.165063509458652558, -1.500000000000000000, -1.249999999998590017 ) ) ;
#605 = DIRECTION ( 'NONE',  ( 0.000000000000000000, 0.000000000000000000, -1.000000000000000000 ) ) ;
#606 = ORIENTED_EDGE ( 'NONE', *, *, #3639, .T. ) ;
#607 = AXIS2_PLACEMENT_3D ( 'NONE', #1455, #2814, #2001 ) ;
#608 = CIRCLE ( 'NONE', #1269, 7.500000000000000000 ) ;
#609 = CIRCLE ( 'NONE', #3471, 4.549999999999998934 ) ;
#610 = DIRECTION ( 'NONE',  ( 0.000000000000000000, 0.000000000000000000, 1.000000000000000000 ) ) ;
#611 = CYLINDRICAL_SURFACE ( 'NONE', #275, 1.000000000000000000 ) ;
#612 = ORIENTED_EDGE ( 'NONE', *, *, #596, .T. ) ;
#613 = FACE_OUTER_BOUND ( 'NONE', #1286, .T. ) ;
#614 = ORIENTED_EDGE ( 'NONE', *, *, #2729, .F. ) ;
#615 = MANIFOLD_SOLID_BREP ( '̨گ�1', #1870 ) ;
#616 = ORIENTED_EDGE ( 'NONE', *, *, #3646, .F. ) ;
#617 = EDGE_CURVE ( 'NONE', #2617, #486, #1519, .T. ) ;
#618 = DIRECTION ( 'NONE',  ( -8.673617379884027583E-16, 0.000000000000000000, 1.000000000000000000 ) ) ;
#619 = CARTESIAN_POINT ( 'NONE',  ( 3.264635279283078617, 8.500000000000000000, 15.99999999999987566 ) ) ;
#620 = AXIS2_PLACEMENT_3D ( 'NONE', #1142, #567, #2026 ) ;
#621 = EDGE_CURVE ( 'NONE', #3222, #2979, #2843, .T. ) ;
#622 = AXIS2_PLACEMENT_3D ( 'NONE', #2223, #1657, #3355 ) ;
#623 = DIRECTION ( 'NONE',  ( -0.000000000000000000, -1.000000000000000000, -0.000000000000000000 ) ) ;
#624 = ADVANCED_FACE ( 'NONE', ( #3055 ), #2780, .T. ) ;
#625 = DIRECTION ( 'NONE',  ( 0.000000000000000000, 0.000000000000000000, 1.000000000000000000 ) ) ;
#626 = CARTESIAN_POINT ( 'NONE',  ( 17.50000000000001421, 1.500000000000000000, 4.853321584273757548E-15 ) ) ;
#627 = AXIS2_PLACEMENT_3D ( 'NONE', #1382, #2221, #3353 ) ;
#628 = EDGE_LOOP ( 'NONE', ( #1837, #761 ) ) ;
#629 = CARTESIAN_POINT ( 'NONE',  ( 0.000000000000000000, 1.499999999999999556, 0.000000000000000000 ) ) ;
#630 = FACE_BOUND ( 'NONE', #3181, .T. ) ;
#631 = VERTEX_POINT ( 'NONE', #1321 ) ;
#632 = AXIS2_PLACEMENT_3D ( 'NONE', #1031, #987, #180 ) ;
#633 = VECTOR ( 'NONE', #1905, 1000.000000000000000 ) ;
#634 = ORIENTED_EDGE ( 'NONE', *, *, #3547, .T. ) ;
#635 = EDGE_CURVE ( 'NONE', #3271, #2992, #1588, .T. ) ;
#636 = ORIENTED_EDGE ( 'NONE', *, *, #3506, .F. ) ;
#637 = CARTESIAN_POINT ( 'NONE',  ( 14.72243186433557405, -1.500000000000000000, 8.499999999999957367 ) ) ;
#638 = VERTEX_POINT ( 'NONE', #3576 ) ;
#639 = DIRECTION ( 'NONE',  ( -0.000000000000000000, -1.000000000000000000, -0.000000000000000000 ) ) ;
#640 = DIRECTION ( 'NONE',  ( -0.000000000000000000, -1.000000000000000000, -0.000000000000000000 ) ) ;
#641 = CARTESIAN_POINT ( 'NONE',  ( -13.19273868914362957, 8.500000000000000000, 3.499999999999999556 ) ) ;
#642 = FILL_AREA_STYLE_COLOUR ( '', #3036 ) ;
#643 = LINE ( 'NONE', #1188, #1668 ) ;
#644 = LINE ( 'NONE', #3450, #866 ) ;
#645 = VERTEX_POINT ( 'NONE', #1013 ) ;
#646 = DIRECTION ( 'NONE',  ( -0.000000000000000000, 1.000000000000000000, -0.000000000000000000 ) ) ;
#647 = FACE_BOUND ( 'NONE', #2696, .T. ) ;
#648 = EDGE_LOOP ( 'NONE', ( #1559, #2670 ) ) ;
#649 = EDGE_CURVE ( 'NONE', #1492, #1475, #816, .T. ) ;
#650 = ORIENTED_EDGE ( 'NONE', *, *, #664, .F. ) ;
#651 = ORIENTED_EDGE ( 'NONE', *, *, #2467, .F. ) ;
#652 = CARTESIAN_POINT ( 'NONE',  ( -7.745966692414834931, -1.500000000000000000, -2.500000000000000444 ) ) ;
#653 = ORIENTED_EDGE ( 'NONE', *, *, #453, .F. ) ;
#654 = ORIENTED_EDGE ( 'NONE', *, *, #1022, .F. ) ;
#655 = ORIENTED_EDGE ( 'NONE', *, *, #303, .T. ) ;
#656 = CARTESIAN_POINT ( 'NONE',  ( 0.8418944329592917830, 8.500000000000000000, 8.458203932499626987 ) ) ;
#657 = DIRECTION ( 'NONE',  ( 0.000000000000000000, 1.000000000000000000, 0.000000000000000000 ) ) ;
#658 = VECTOR ( 'NONE', #1278, 1000.000000000000000 ) ;
#659 = DIRECTION ( 'NONE',  ( 0.000000000000000000, 0.000000000000000000, -1.000000000000000000 ) ) ;
#660 =( NAMED_UNIT ( * ) SI_UNIT ( $, .STERADIAN. ) SOLID_ANGLE_UNIT ( ) );
#661 = CARTESIAN_POINT ( 'NONE',  ( 3.565280431327590982, 1.499999999999999556, -13.17524685028481635 ) ) ;
#662 = AXIS2_PLACEMENT_3D ( 'NONE', #2927, #2043, #46 ) ;
#663 = ORIENTED_EDGE ( 'NONE', *, *, #2842, .F. ) ;
#664 = EDGE_CURVE ( 'NONE', #1152, #1549, #2232, .T. ) ;
#665 = ORIENTED_EDGE ( 'NONE', *, *, #70, .F. ) ;
#666 = CARTESIAN_POINT ( 'NONE',  ( -3.565280431327402244, 8.500000000000000000, -13.17524685028540965 ) ) ;
#667 = FACE_OUTER_BOUND ( 'NONE', #1881, .T. ) ;
#668 = EDGE_LOOP ( 'NONE', ( #782, #740, #838, #2986 ) ) ;
#669 = EDGE_CURVE ( 'NONE', #2391, #155, #1950, .T. ) ;
#670 = ORIENTED_EDGE ( 'NONE', *, *, #1282, .T. ) ;
#671 = EDGE_CURVE ( 'NONE', #2145, #465, #1380, .T. ) ;
#672 = AXIS2_PLACEMENT_3D ( 'NONE', #305, #3421, #21 ) ;
#673 = ORIENTED_EDGE ( 'NONE', *, *, #1999, .T. ) ;
#674 = FACE_BOUND ( 'NONE', #200, .T. ) ;
#675 = EDGE_LOOP ( 'NONE', ( #161, #3357 ) ) ;
#676 = VERTEX_POINT ( 'NONE', #3380 ) ;
#677 = ADVANCED_FACE ( 'NONE', ( #741 ), #1611, .F. ) ;
#678 = DIRECTION ( 'NONE',  ( 0.000000000000000000, 0.000000000000000000, 1.000000000000000000 ) ) ;
#679 = DIRECTION ( 'NONE',  ( 0.000000000000000000, 0.000000000000000000, -1.000000000000000000 ) ) ;
#680 = EDGE_CURVE ( 'NONE', #2574, #2453, #2256, .T. ) ;
#681 = CARTESIAN_POINT ( 'NONE',  ( 11.54700538379275621, 1.500000000000000000, 19.99999999999987566 ) ) ;
#682 = EDGE_CURVE ( 'NONE', #1078, #3419, #328, .T. ) ;
#683 = DIRECTION ( 'NONE',  ( 0.000000000000000000, 0.000000000000000000, 1.000000000000000000 ) ) ;
#684 = AXIS2_PLACEMENT_3D ( 'NONE', #3121, #2887, #255 ) ;
#685 = VECTOR ( 'NONE', #1596, 1000.000000000000000 ) ;
#686 = ORIENTED_EDGE ( 'NONE', *, *, #2240, .F. ) ;
#687 = CYLINDRICAL_SURFACE ( 'NONE', #2042, 1.000000000000000888 ) ;
#688 = ORIENTED_EDGE ( 'NONE', *, *, #800, .F. ) ;
#689 = CARTESIAN_POINT ( 'NONE',  ( -8.761432854029346018, 1.500000000000000000, 10.17524685028765852 ) ) ;
#690 = ORIENTED_EDGE ( 'NONE', *, *, #2753, .F. ) ;
#691 = EDGE_LOOP ( 'NONE', ( #2563, #3595, #475, #1819 ) ) ;
#692 = ORIENTED_EDGE ( 'NONE', *, *, #1528, .F. ) ;
#693 = PRODUCT_DEFINITION_FORMATION_WITH_SPECIFIED_SOURCE ( 'ANY', '', #2835, .NOT_KNOWN. ) ;
#694 = FACE_OUTER_BOUND ( 'NONE', #2072, .T. ) ;
#695 = AXIS2_PLACEMENT_3D ( 'NONE', #3067, #502, #1643 ) ;
#696 = EDGE_LOOP ( 'NONE', ( #688, #790, #738, #1245 ) ) ;
#697 = ORIENTED_EDGE ( 'NONE', *, *, #3330, .F. ) ;
#698 = VECTOR ( 'NONE', #3478, 1000.000000000000000 ) ;
#699 = ORIENTED_EDGE ( 'NONE', *, *, #1914, .T. ) ;
#700 = EDGE_LOOP ( 'NONE', ( #3044, #3019, #2686, #3028 ) ) ;
#701 = VECTOR ( 'NONE', #2041, 1000.000000000000114 ) ;
#702 = CARTESIAN_POINT ( 'NONE',  ( -15.85111615421191189, 8.500000000000000000, -4.240717163770646003 ) ) ;
#703 = EDGE_CURVE ( 'NONE', #486, #1704, #3322, .T. ) ;
#704 = DIRECTION ( 'NONE',  ( 0.000000000000000000, 0.000000000000000000, -1.000000000000000000 ) ) ;
#705 = DIRECTION ( 'NONE',  ( 0.000000000000000000, 1.000000000000000000, 0.000000000000000000 ) ) ;
#706 = CARTESIAN_POINT ( 'NONE',  ( -11.54700538379261232, 1.500000000000000000, -19.99999999999996092 ) ) ;
#707 = ADVANCED_FACE ( 'NONE', ( #1888 ), #508, .F. ) ;
#708 = CYLINDRICAL_SURFACE ( 'NONE', #803, 1.000000000000000000 ) ;
#709 = EDGE_LOOP ( 'NONE', ( #2144, #3054 ) ) ;
#710 = DIRECTION ( 'NONE',  ( 0.000000000000000000, -1.000000000000000000, 0.000000000000000000 ) ) ;
#711 = FACE_OUTER_BOUND ( 'NONE', #3052, .T. ) ;
#712 = ORIENTED_EDGE ( 'NONE', *, *, #1490, .T. ) ;
#713 = DIRECTION ( 'NONE',  ( -0.000000000000000000, -1.000000000000000000, -0.000000000000000000 ) ) ;
#714 = EDGE_LOOP ( 'NONE', ( #3512, #2866, #1912, #2676, #1248, #61, #441, #1026, #1404, #2935, #1679, #130, #895 ) ) ;
#715 = ORIENTED_EDGE ( 'NONE', *, *, #417, .F. ) ;
#716 = VERTEX_POINT ( 'NONE', #785 ) ;
#717 = DIRECTION ( 'NONE',  ( -0.8660254037844415942, 0.000000000000000000, -0.4999999999999950595 ) ) ;
#718 = FACE_OUTER_BOUND ( 'NONE', #3647, .T. ) ;
#719 = ORIENTED_EDGE ( 'NONE', *, *, #1244, .F. ) ;
#720 = ORIENTED_EDGE ( 'NONE', *, *, #3113, .F. ) ;
#721 = VERTEX_POINT ( 'NONE', #1182 ) ;
#722 = DIRECTION ( 'NONE',  ( 0.000000000000000000, 0.000000000000000000, 1.000000000000000000 ) ) ;
#723 = EDGE_CURVE ( 'NONE', #2913, #1186, #2305, .T. ) ;
#724 = DIRECTION ( 'NONE',  ( 0.000000000000000000, -1.000000000000000000, 0.000000000000000000 ) ) ;
#725 = DIRECTION ( 'NONE',  ( 0.000000000000000000, 0.000000000000000000, 1.000000000000000000 ) ) ;
#726 = LINE ( 'NONE', #1916, #985 ) ;
#727 = ORIENTED_EDGE ( 'NONE', *, *, #1342, .T. ) ;
#728 = AXIS2_PLACEMENT_3D ( 'NONE', #384, #1525, #3459 ) ;
#729 = CARTESIAN_POINT ( 'NONE',  ( 6.038046855666995505, 1.500000000000000000, 5.458203932501484168 ) ) ;
#730 = CYLINDRICAL_SURFACE ( 'NONE', #160, 1.000000000000000888 ) ;
#731 = VERTEX_POINT ( 'NONE', #43 ) ;
#732 = LINE ( 'NONE', #981, #2206 ) ;
#733 = ORIENTED_EDGE ( 'NONE', *, *, #2895, .F. ) ;
#734 = EDGE_LOOP ( 'NONE', ( #814, #1329, #505, #380 ) ) ;
#735 = CARTESIAN_POINT ( 'NONE',  ( 1.707919836749405507, 8.500000000000000000, -7.958203932499064770 ) ) ;
#736 = DIRECTION ( 'NONE',  ( -0.000000000000000000, 1.000000000000000000, -0.000000000000000000 ) ) ;
#737 = ORIENTED_EDGE ( 'NONE', *, *, #2744, .F. ) ;
#738 = ORIENTED_EDGE ( 'NONE', *, *, #1564, .F. ) ;
#739 = AXIS2_PLACEMENT_3D ( 'NONE', #1304, #995, #167 ) ;
#740 = ORIENTED_EDGE ( 'NONE', *, *, #834, .F. ) ;
#741 = FACE_OUTER_BOUND ( 'NONE', #877, .T. ) ;
#742 = AXIS2_PLACEMENT_3D ( 'NONE', #1993, #2295, #3428 ) ;
#743 = EDGE_CURVE ( 'NONE', #2679, #1341, #1280, .T. ) ;
#744 = FACE_OUTER_BOUND ( 'NONE', #374, .T. ) ;
#745 = DIRECTION ( 'NONE',  ( 0.000000000000000000, 1.000000000000000000, 0.000000000000000000 ) ) ;
#746 = EDGE_CURVE ( 'NONE', #3268, #3005, #2000, .T. ) ;
#747 = ORIENTED_EDGE ( 'NONE', *, *, #2116, .T. ) ;
#748 = CARTESIAN_POINT ( 'NONE',  ( 0.000000000000000000, -1.500000000000000000, 2.499999999999999556 ) ) ;
#749 = DIRECTION ( 'NONE',  ( 0.000000000000000000, 0.000000000000000000, 1.000000000000000000 ) ) ;
#750 = ORIENTED_EDGE ( 'NONE', *, *, #723, .F. ) ;
#751 = DIRECTION ( 'NONE',  ( 0.000000000000000000, 0.000000000000000000, 1.000000000000000000 ) ) ;
#752 = VERTEX_POINT ( 'NONE', #1748 ) ;
#753 = ADVANCED_FACE ( 'NONE', ( #3167 ), #598, .F. ) ;
#754 = AXIS2_PLACEMENT_3D ( 'NONE', #1018, #2668, #998 ) ;
#755 = ORIENTED_EDGE ( 'NONE', *, *, #273, .T. ) ;
#756 = DIRECTION ( 'NONE',  ( -0.4999999999999997780, 0.000000000000000000, -0.8660254037844387076 ) ) ;
#757 = LINE ( 'NONE', #1822, #633 ) ;
#758 = CARTESIAN_POINT ( 'NONE',  ( 17.50000000000001421, 1.500000000000000000, 4.853321584273757548E-15 ) ) ;
#759 = CIRCLE ( 'NONE', #2904, 7.500000000000000000 ) ;
#760 = ORIENTED_EDGE ( 'NONE', *, *, #3168, .T. ) ;
#761 = ORIENTED_EDGE ( 'NONE', *, *, #1732, .T. ) ;
#762 = ADVANCED_FACE ( 'NONE', ( #3456 ), #2321, .T. ) ;
#763 = DIRECTION ( 'NONE',  ( 0.000000000000000000, 0.000000000000000000, 1.000000000000000000 ) ) ;
#764 = ORIENTED_EDGE ( 'NONE', *, *, #2614, .F. ) ;
#765 = AXIS2_PLACEMENT_3D ( 'NONE', #795, #1545, #105 ) ;
#766 = DIRECTION ( 'NONE',  ( -1.000000000000000000, 0.000000000000000000, 0.000000000000000000 ) ) ;
#767 = VECTOR ( 'NONE', #2034, 1000.000000000000114 ) ;
#768 = VECTOR ( 'NONE', #367, 1000.000000000000000 ) ;
#769 = DIRECTION ( 'NONE',  ( 0.000000000000000000, 0.000000000000000000, 1.000000000000000000 ) ) ;
#770 = LINE ( 'NONE', #385, #2055 ) ;
#771 = AXIS2_PLACEMENT_3D ( 'NONE', #2608, #2299, #2881 ) ;
#772 = FACE_OUTER_BOUND ( 'NONE', #3107, .T. ) ;
#773 = CARTESIAN_POINT ( 'NONE',  ( 0.000000000000000000, -1.000000000000000000, 0.000000000000000000 ) ) ;
#774 = ORIENTED_EDGE ( 'NONE', *, *, #2031, .T. ) ;
#775 = CARTESIAN_POINT ( 'NONE',  ( -2.165063509463149405, 8.500000000000000000, 1.250000000001184386 ) ) ;
#776 = ORIENTED_EDGE ( 'NONE', *, *, #1797, .T. ) ;
#777 = VERTEX_POINT ( 'NONE', #1158 ) ;
#778 = DIRECTION ( 'NONE',  ( 0.000000000000000000, 0.000000000000000000, -1.000000000000000000 ) ) ;
#779 = DIRECTION ( 'NONE',  ( -0.000000000000000000, -1.000000000000000000, -0.000000000000000000 ) ) ;
#780 = CYLINDRICAL_SURFACE ( 'NONE', #3390, 1.549999999999997602 ) ;
#781 = VERTEX_POINT ( 'NONE', #3424 ) ;
#782 = ORIENTED_EDGE ( 'NONE', *, *, #888, .F. ) ;
#783 = CARTESIAN_POINT ( 'NONE',  ( -8.750000000000053291, 1.500000000000000000, -15.15544456622765246 ) ) ;
#784 = VERTEX_POINT ( 'NONE', #24 ) ;
#785 = CARTESIAN_POINT ( 'NONE',  ( 6.038046855670322621, 1.500000000000000000, -5.458203932496852318 ) ) ;
#786 = CARTESIAN_POINT ( 'NONE',  ( 0.000000000000000000, 8.500000000000000000, 2.499999999999999556 ) ) ;
#787 = DIRECTION ( 'NONE',  ( 0.000000000000000000, 0.000000000000000000, 1.000000000000000000 ) ) ;
#788 = DIRECTION ( 'NONE',  ( -0.000000000000000000, 1.000000000000000000, -0.000000000000000000 ) ) ;
#789 = LINE ( 'NONE', #3372, #2138 ) ;
#790 = ORIENTED_EDGE ( 'NONE', *, *, #1857, .F. ) ;
#791 = EDGE_CURVE ( 'NONE', #2057, #2229, #2487, .T. ) ;
#792 = AXIS2_PLACEMENT_3D ( 'NONE', #2313, #1242, #1501 ) ;
#793 = CARTESIAN_POINT ( 'NONE',  ( 3.184081677783118191E-16, 1.500000000000000000, -2.600000000000000089 ) ) ;
#794 = ADVANCED_FACE ( 'NONE', ( #3396 ), #2871, .F. ) ;
#795 = CARTESIAN_POINT ( 'NONE',  ( -7.745966692414834931, -1.499999999999999556, -3.500000000000000444 ) ) ;
#796 = CYLINDRICAL_SURFACE ( 'NONE', #3102, 1.000000000000000000 ) ;
#797 = ORIENTED_EDGE ( 'NONE', *, *, #3436, .F. ) ;
#798 = ORIENTED_EDGE ( 'NONE', *, *, #398, .F. ) ;
#799 = EDGE_CURVE ( 'NONE', #1341, #1049, #3444, .T. ) ;
#800 = EDGE_CURVE ( 'NONE', #1558, #3291, #2591, .T. ) ;
#801 = CARTESIAN_POINT ( 'NONE',  ( 8.750000000000005329, -1.500000000000000000, 15.15544456622768976 ) ) ;
#802 = EDGE_CURVE ( 'NONE', #3574, #2122, #2720, .T. ) ;
#803 = AXIS2_PLACEMENT_3D ( 'NONE', #2702, #2445, #3056 ) ;
#804 = VECTOR ( 'NONE', #3416, 1000.000000000000000 ) ;
#805 = CARTESIAN_POINT ( 'NONE',  ( 13.09011422469398589, -1.500000000000000000, 11.32725708595013181 ) ) ;
#806 = EDGE_CURVE ( 'NONE', #3567, #2617, #2819, .T. ) ;
#807 = CYLINDRICAL_SURFACE ( 'NONE', #1039, 1.000000000000000000 ) ;
#808 = CARTESIAN_POINT ( 'NONE',  ( 11.59812687119611496, -1.500000000000000000, 11.60711068600014606 ) ) ;
#809 = LINE ( 'NONE', #534, #231 ) ;
#810 = ORIENTED_EDGE ( 'NONE', *, *, #2736, .F. ) ;
#811 = DIRECTION ( 'NONE',  ( 0.000000000000000000, 0.000000000000000000, -1.000000000000000000 ) ) ;
#812 = CARTESIAN_POINT ( 'NONE',  ( -3.565280431324994392, 1.499999999999999556, 13.17524685029160381 ) ) ;
#813 = CARTESIAN_POINT ( 'NONE',  ( -4.000000000000000000, -1.500000000000000000, 1.800000000000000044 ) ) ;
#814 = ORIENTED_EDGE ( 'NONE', *, *, #2280, .F. ) ;
#815 = ORIENTED_EDGE ( 'NONE', *, *, #3169, .T. ) ;
#816 = CIRCLE ( 'NONE', #568, 4.549999999999998934 ) ;
#817 = EDGE_LOOP ( 'NONE', ( #1403, #1959, #2412, #390 ) ) ;
#818 = AXIS2_PLACEMENT_3D ( 'NONE', #2790, #477, #1918 ) ;
#819 = DIRECTION ( 'NONE',  ( -0.000000000000000000, -1.000000000000000000, -0.000000000000000000 ) ) ;
#820 = CYLINDRICAL_SURFACE ( 'NONE', #601, 1.549999999999999378 ) ;
#821 = CIRCLE ( 'NONE', #1415, 1.000000000000000000 ) ;
#822 = CIRCLE ( 'NONE', #3493, 7.500000000000000000 ) ;
#823 = VECTOR ( 'NONE', #158, 1000.000000000000000 ) ;
#824 = DIRECTION ( 'NONE',  ( 0.000000000000000000, 0.000000000000000000, 1.000000000000000000 ) ) ;
#825 = DIRECTION ( 'NONE',  ( -0.000000000000000000, 1.000000000000000000, -0.000000000000000000 ) ) ;
#826 = DIRECTION ( 'NONE',  ( 0.5000000000000003331, 0.000000000000000000, -0.8660254037844383745 ) ) ;
#827 = ORIENTED_EDGE ( 'NONE', *, *, #2788, .F. ) ;
#828 = CYLINDRICAL_SURFACE ( 'NONE', #375, 0.9999999999999991118 ) ;
#829 = CARTESIAN_POINT ( 'NONE',  ( 2.165063509463540203, 8.500000000000000000, 1.250000000001411982 ) ) ;
#830 = PLANE ( 'NONE',  #2656 ) ;
#831 = DIRECTION ( 'NONE',  ( 0.000000000000000000, 0.000000000000000000, 1.000000000000000000 ) ) ;
#832 = CARTESIAN_POINT ( 'NONE',  ( 8.750000000000005329, 1.500000000000000000, 13.60544456622769260 ) ) ;
#833 = EDGE_CURVE ( 'NONE', #132, #919, #3667, .T. ) ;
#834 = EDGE_CURVE ( 'NONE', #139, #3374, #2140, .T. ) ;
#835 = LINE ( 'NONE', #2017, #804 ) ;
#836 = DIRECTION ( 'NONE',  ( -1.000000000000000000, 0.000000000000000000, 3.455323577095457193E-15 ) ) ;
#837 = DIRECTION ( 'NONE',  ( -0.000000000000000000, -1.000000000000000000, 0.000000000000000000 ) ) ;
#838 = ORIENTED_EDGE ( 'NONE', *, *, #2336, .T. ) ;
#839 = DIRECTION ( 'NONE',  ( -0.5000000000000003331, 0.000000000000000000, 0.8660254037844383745 ) ) ;
#840 = DIRECTION ( 'NONE',  ( -0.000000000000000000, 1.000000000000000000, -0.000000000000000000 ) ) ;
#841 = EDGE_CURVE ( 'NONE', #155, #2391, #2803, .T. ) ;
#842 = DIRECTION ( 'NONE',  ( 0.000000000000000000, -0.000000000000000000, -1.000000000000000000 ) ) ;
#843 = CIRCLE ( 'NONE', #1143, 1.000000000000000000 ) ;
#844 = ORIENTED_EDGE ( 'NONE', *, *, #3077, .F. ) ;
#845 = UNCERTAINTY_MEASURE_WITH_UNIT (LENGTH_MEASURE( 1.000000000000000082E-05 ), #2273, 'distance_accuracy_value', 'NONE');
#846 = CARTESIAN_POINT ( 'NONE',  ( 11.54700538379247732, 1.500000000000000000, -20.00000000000004263 ) ) ;
#847 = FACE_OUTER_BOUND ( 'NONE', #3277, .T. ) ;
#848 = VECTOR ( 'NONE', #1406, 1000.000000000000114 ) ;
#849 = VECTOR ( 'NONE', #3534, 1000.000000000000000 ) ;
#850 = DIRECTION ( 'NONE',  ( -0.000000000000000000, -1.000000000000000000, -0.000000000000000000 ) ) ;
#851 = CARTESIAN_POINT ( 'NONE',  ( 0.000000000000000000, -1.500000000000000000, -2.500000000000000444 ) ) ;
#852 = LINE ( 'NONE', #2514, #229 ) ;
#853 = ADVANCED_FACE ( 'NONE', ( #5 ), #1695, .F. ) ;
#854 = ORIENTED_EDGE ( 'NONE', *, *, #901, .T. ) ;
#855 = CARTESIAN_POINT ( 'NONE',  ( -8.750000000000053291, 1.500000000000000000, -13.60544456622765352 ) ) ;
#856 = DIRECTION ( 'NONE',  ( 0.8660254037844347108, 0.000000000000000000, -0.5000000000000068834 ) ) ;
#857 = EDGE_CURVE ( 'NONE', #2152, #2824, #2914, .T. ) ;
#858 = DIRECTION ( 'NONE',  ( 0.000000000000000000, 0.000000000000000000, -1.000000000000000000 ) ) ;
#859 = EDGE_CURVE ( 'NONE', #35, #1225, #1302, .T. ) ;
#860 = COLOUR_RGB ( '',0.7921568627450980005, 0.8196078431372548767, 0.9333333333333333481 ) ;
#861 = CIRCLE ( 'NONE', #2548, 1.000000000000000888 ) ;
#862 = LINE ( 'NONE', #2308, #3203 ) ;
#863 = DIRECTION ( 'NONE',  ( -0.000000000000000000, 1.000000000000000000, -0.000000000000000000 ) ) ;
#864 = VECTOR ( 'NONE', #2878, 1000.000000000000000 ) ;
#865 = CARTESIAN_POINT ( 'NONE',  ( 4.252989283015872424, 1.499999999999999556, -15.84782784977072012 ) ) ;
#866 = VECTOR ( 'NONE', #2049, 1000.000000000000000 ) ;
#867 = VECTOR ( 'NONE', #1618, 1000.000000000000000 ) ;
#868 = DIRECTION ( 'NONE',  ( 0.000000000000000000, 1.000000000000000000, 0.000000000000000000 ) ) ;
#869 = DIRECTION ( 'NONE',  ( -0.000000000000000000, 1.000000000000000000, -0.000000000000000000 ) ) ;
#870 = PLANE ( 'NONE',  #2666 ) ;
#871 = CARTESIAN_POINT ( 'NONE',  ( 8.750000000000005329, -1.500000000000000000, 16.70544456622769047 ) ) ;
#872 = VERTEX_POINT ( 'NONE', #1480 ) ;
#873 = VECTOR ( 'NONE', #1938, 1000.000000000000000 ) ;
#874 = DIRECTION ( 'NONE',  ( 0.000000000000000000, 0.000000000000000000, 1.000000000000000000 ) ) ;
#875 = FACE_BOUND ( 'NONE', #3218, .T. ) ;
#876 = ORIENTED_EDGE ( 'NONE', *, *, #3282, .T. ) ;
#877 = EDGE_LOOP ( 'NONE', ( #1587, #3470, #1541, #1300 ) ) ;
#878 = CARTESIAN_POINT ( 'NONE',  ( 6.904072259454760108, -1.499999999999999556, -4.958203932496852318 ) ) ;
#879 = DIRECTION ( 'NONE',  ( 0.000000000000000000, 0.000000000000000000, -1.000000000000000000 ) ) ;
#880 = DIRECTION ( 'NONE',  ( -0.000000000000000000, -1.000000000000000000, -0.000000000000000000 ) ) ;
#881 = LINE ( 'NONE', #604, #767 ) ;
#882 = ORIENTED_EDGE ( 'NONE', *, *, #125, .T. ) ;
#883 = DIRECTION ( 'NONE',  ( -0.000000000000000000, -1.000000000000000000, -0.000000000000000000 ) ) ;
#884 = ORIENTED_EDGE ( 'NONE', *, *, #2624, .F. ) ;
#885 = DIRECTION ( 'NONE',  ( -0.000000000000000000, 1.000000000000000000, -0.000000000000000000 ) ) ;
#886 = PLANE ( 'NONE',  #3385 ) ;
#887 = VERTEX_POINT ( 'NONE', #3489 ) ;
#888 = EDGE_CURVE ( 'NONE', #3374, #1228, #1514, .T. ) ;
#889 = EDGE_LOOP ( 'NONE', ( #2275, #1311, #412, #1005 ) ) ;
#890 = CARTESIAN_POINT ( 'NONE',  ( 8.750000000000003553, -1.500000000000000000, -15.15544456622767733 ) ) ;
#891 = EDGE_CURVE ( 'NONE', #1094, #2052, #2908, .T. ) ;
#892 = EDGE_CURVE ( 'NONE', #1332, #3568, #357, .T. ) ;
#893 = VECTOR ( 'NONE', #1467, 1000.000000000000227 ) ;
#894 = CARTESIAN_POINT ( 'NONE',  ( -8.749999999999996447, 1.500000000000000000, 15.15544456622769154 ) ) ;
#895 = ORIENTED_EDGE ( 'NONE', *, *, #1444, .T. ) ;
#896 = CYLINDRICAL_SURFACE ( 'NONE', #145, 1.000000000000000000 ) ;
#897 = CARTESIAN_POINT ( 'NONE',  ( 11.59812687119611496, 8.500000000000000000, 11.60711068600014428 ) ) ;
#898 = VERTEX_POINT ( 'NONE', #2651 ) ;
#899 = CARTESIAN_POINT ( 'NONE',  ( 4.431305835112030245, -1.500000000000000000, -12.67524685028481635 ) ) ;
#900 = CIRCLE ( 'NONE', #1987, 0.9999999999999991118 ) ;
#901 = EDGE_CURVE ( 'NONE', #3538, #1560, #1838, .T. ) ;
#902 = AXIS2_PLACEMENT_3D ( 'NONE', #955, #1827, #2976 ) ;
#903 = CIRCLE ( 'NONE', #3014, 1.550000000000002709 ) ;
#904 = LINE ( 'NONE', #920, #3368 ) ;
#905 = DIRECTION ( 'NONE',  ( 1.734723475976805517E-15, 0.000000000000000000, 1.000000000000000000 ) ) ;
#906 = EDGE_LOOP ( 'NONE', ( #3275, #1602, #2213, #1554 ) ) ;
#907 = EDGE_LOOP ( 'NONE', ( #3612, #2176, #2440, #654 ) ) ;
#908 = DIRECTION ( 'NONE',  ( -0.000000000000000000, 1.000000000000000000, -0.000000000000000000 ) ) ;
#909 = EDGE_LOOP ( 'NONE', ( #334, #1237, #138, #3289, #927, #2870, #3389, #2135, #2093, #1645, #1856, #2495, #2392 ) ) ;
#910 = LINE ( 'NONE', #702, #1044 ) ;
#911 = CARTESIAN_POINT ( 'NONE',  ( 13.19273868914365444, 8.500000000000000000, 3.499999999999999556 ) ) ;
#912 = ORIENTED_EDGE ( 'NONE', *, *, #3365, .F. ) ;
#913 = CIRCLE ( 'NONE', #3321, 1.000000000000000000 ) ;
#914 = AXIS2_PLACEMENT_3D ( 'NONE', #317, #546, #1738 ) ;
#915 = LINE ( 'NONE', #2085, #64 ) ;
#916 = CARTESIAN_POINT ( 'NONE',  ( -8.749999999999996447, 1.499999999999999556, 15.15544456622769154 ) ) ;
#917 = DIRECTION ( 'NONE',  ( -0.8660254037844347108, 0.000000000000000000, 0.5000000000000069944 ) ) ;
#918 = PRESENTATION_LAYER_ASSIGNMENT (  '', '', ( #227 ) ) ;
#919 = VERTEX_POINT ( 'NONE', #96 ) ;
#920 = CARTESIAN_POINT ( 'NONE',  ( 6.123233995736766282E-16, -1.500000000000000000, -5.000000000000000000 ) ) ;
#921 = ADVANCED_FACE ( 'NONE', ( #2079 ), #928, .F. ) ;
#922 = DIRECTION ( 'NONE',  ( 0.000000000000000000, 1.000000000000000000, -0.000000000000000000 ) ) ;
#923 = VERTEX_POINT ( 'NONE', #57 ) ;
#924 = CIRCLE ( 'NONE', #695, 1.000000000000000000 ) ;
#925 = ORIENTED_EDGE ( 'NONE', *, *, #44, .T. ) ;
#926 = AXIS2_PLACEMENT_3D ( 'NONE', #136, #3549, #1923 ) ;
#927 = ORIENTED_EDGE ( 'NONE', *, *, #1729, .T. ) ;
#928 = CYLINDRICAL_SURFACE ( 'NONE', #2364, 2.600000000000000089 ) ;
#929 = ORIENTED_EDGE ( 'NONE', *, *, #649, .T. ) ;
#930 = VERTEX_POINT ( 'NONE', #2923 ) ;
#931 = EDGE_LOOP ( 'NONE', ( #1274, #2906, #3101, #2648 ) ) ;
#932 = DIRECTION ( 'NONE',  ( -0.000000000000000000, -1.000000000000000000, -0.000000000000000000 ) ) ;
#933 = LINE ( 'NONE', #2323, #1441 ) ;
#934 = EDGE_CURVE ( 'NONE', #1270, #2145, #1836, .T. ) ;
#935 = DIRECTION ( 'NONE',  ( 0.000000000000000000, 1.000000000000000000, -0.000000000000000000 ) ) ;
#936 = CARTESIAN_POINT ( 'NONE',  ( 6.904072259451434768, -1.499999999999999556, 4.958203932501484168 ) ) ;
#937 = EDGE_CURVE ( 'NONE', #3381, #3251, #1539, .T. ) ;
#938 = ADVANCED_FACE ( 'NONE', ( #2961 ), #2413, .F. ) ;
#939 = LINE ( 'NONE', #2050, #1034 ) ;
#940 = CARTESIAN_POINT ( 'NONE',  ( 0.000000000000000000, 1.500000000000000000, 16.99999999999987566 ) ) ;
#941 = ORIENTED_EDGE ( 'NONE', *, *, #703, .F. ) ;
#942 = ORIENTED_EDGE ( 'NONE', *, *, #1966, .F. ) ;
#943 = VERTEX_POINT ( 'NONE', #420 ) ;
#944 = FACE_BOUND ( 'NONE', #709, .T. ) ;
#945 = VERTEX_POINT ( 'NONE', #2677 ) ;
#946 = ORIENTED_EDGE ( 'NONE', *, *, #2116, .F. ) ;
#947 = EDGE_CURVE ( 'NONE', #1531, #2458, #2857, .T. ) ;
#948 = ORIENTED_EDGE ( 'NONE', *, *, #2291, .F. ) ;
#949 = FACE_OUTER_BOUND ( 'NONE', #2901, .T. ) ;
#950 = DIRECTION ( 'NONE',  ( 8.673617379884031528E-16, 0.000000000000000000, 1.000000000000000000 ) ) ;
#951 = CIRCLE ( 'NONE', #1934, 1.000000000000000888 ) ;
#952 = DIRECTION ( 'NONE',  ( -0.000000000000000000, -1.000000000000000000, -0.000000000000000000 ) ) ;
#953 = DIRECTION ( 'NONE',  ( -0.000000000000000000, -1.000000000000000000, -0.000000000000000000 ) ) ;
#954 = AXIS2_PLACEMENT_3D ( 'NONE', #911, #640, #1218 ) ;
#955 = CARTESIAN_POINT ( 'NONE',  ( 13.19273868914365444, 1.499999999999999556, 3.499999999999999556 ) ) ;
#956 = ORIENTED_EDGE ( 'NONE', *, *, #1113, .F. ) ;
#957 = CYLINDRICAL_SURFACE ( 'NONE', #2583, 4.550000000000001599 ) ;
#958 = VERTEX_POINT ( 'NONE', #1211 ) ;
#959 = CARTESIAN_POINT ( 'NONE',  ( -3.264635279283071512, 1.499999999999999556, 15.99999999999987566 ) ) ;
#960 = ORIENTED_EDGE ( 'NONE', *, *, #2304, .F. ) ;
#961 = ORIENTED_EDGE ( 'NONE', *, *, #2907, .T. ) ;
#962 = AXIS2_PLACEMENT_3D ( 'NONE', #3537, #977, #2130 ) ;
#963 = AXIS2_PLACEMENT_3D ( 'NONE', #3354, #2748, #3083 ) ;
#964 = VERTEX_POINT ( 'NONE', #652 ) ;
#965 = PLANE ( 'NONE',  #531 ) ;
#966 = ADVANCED_FACE ( 'NONE', ( #2372, #2352, #3219, #1235, #944, #2094, #2983, #2616, #2694, #613, #3235, #1766, #674, #114 ), #965, .F. ) ;
#967 = ORIENTED_EDGE ( 'NONE', *, *, #947, .T. ) ;
#968 = ORIENTED_EDGE ( 'NONE', *, *, #2196, .T. ) ;
#969 = EDGE_LOOP ( 'NONE', ( #1095, #764, #948, #2300 ) ) ;
#970 = ADVANCED_FACE ( 'NONE', ( #694 ), #1556, .F. ) ;
#971 = CARTESIAN_POINT ( 'NONE',  ( -13.96882180821687491, 1.499999999999999556, -2.869369369369366929 ) ) ;
#972 = CYLINDRICAL_SURFACE ( 'NONE', #2266, 1.000000000000000888 ) ;
#973 = CARTESIAN_POINT ( 'NONE',  ( 14.72243186433544437, -1.500000000000000000, -8.499999999999994671 ) ) ;
#974 = DIRECTION ( 'NONE',  ( 0.000000000000000000, 1.000000000000000000, 0.000000000000000000 ) ) ;
#975 = FACE_OUTER_BOUND ( 'NONE', #2737, .T. ) ;
#976 = VECTOR ( 'NONE', #2486, 1000.000000000000000 ) ;
#977 = DIRECTION ( 'NONE',  ( -0.000000000000000000, -1.000000000000000000, -0.000000000000000000 ) ) ;
#978 = VECTOR ( 'NONE', #286, 1000.000000000000000 ) ;
#979 = CARTESIAN_POINT ( 'NONE',  ( -1.707919836743243325, 1.500000000000000000, 7.958203932499676725 ) ) ;
#980 = VERTEX_POINT ( 'NONE', #215 ) ;
#981 = CARTESIAN_POINT ( 'NONE',  ( -3.264635279283071512, 8.500000000000000000, 16.99999999999987566 ) ) ;
#982 = ORIENTED_EDGE ( 'NONE', *, *, #2674, .F. ) ;
#983 = ORIENTED_EDGE ( 'NONE', *, *, #563, .T. ) ;
#984 = ORIENTED_EDGE ( 'NONE', *, *, #2216, .F. ) ;
#985 = VECTOR ( 'NONE', #1890, 1000.000000000000114 ) ;
#986 = CARTESIAN_POINT ( 'NONE',  ( -1.707919836748907683, -1.500000000000000000, -7.958203932499112732 ) ) ;
#987 = DIRECTION ( 'NONE',  ( 0.000000000000000000, 1.000000000000000000, 0.000000000000000000 ) ) ;
#988 = CIRCLE ( 'NONE', #1119, 1.000000000000000888 ) ;
#989 = VERTEX_POINT ( 'NONE', #793 ) ;
#990 = ORIENTED_EDGE ( 'NONE', *, *, #1282, .F. ) ;
#991 = VECTOR ( 'NONE', #3173, 1000.000000000000000 ) ;
#992 = EDGE_LOOP ( 'NONE', ( #112, #3491 ) ) ;
#993 = CIRCLE ( 'NONE', #3041, 1.550000000000002709 ) ;
#994 = LINE ( 'NONE', #1256, #1460 ) ;
#995 = DIRECTION ( 'NONE',  ( -0.000000000000000000, -1.000000000000000000, -0.000000000000000000 ) ) ;
#996 = CARTESIAN_POINT ( 'NONE',  ( 0.000000000000000000, -1.500000000000000000, 0.000000000000000000 ) ) ;
#997 = DIRECTION ( 'NONE',  ( 0.000000000000000000, 0.000000000000000000, 1.000000000000000000 ) ) ;
#998 = DIRECTION ( 'NONE',  ( 0.4999999999999997780, 0.000000000000000000, 0.8660254037844387076 ) ) ;
#999 = EDGE_LOOP ( 'NONE', ( #690, #1214, #3320, #3524 ) ) ;
#1000 = DIRECTION ( 'NONE',  ( -0.4999999999999997780, 0.000000000000000000, -0.8660254037844387076 ) ) ;
#1001 = CARTESIAN_POINT ( 'NONE',  ( 12.22408882090954663, 8.500000000000000000, 10.82725708595013536 ) ) ;
#1002 = ORIENTED_EDGE ( 'NONE', *, *, #1540, .F. ) ;
#1003 = DIRECTION ( 'NONE',  ( 0.000000000000000000, 1.000000000000000000, 0.000000000000000000 ) ) ;
#1004 = ORIENTED_EDGE ( 'NONE', *, *, #2511, .F. ) ;
#1005 = ORIENTED_EDGE ( 'NONE', *, *, #3633, .T. ) ;
#1006 = EDGE_LOOP ( 'NONE', ( #2038, #434, #1234, #1298 ) ) ;
#1007 = CARTESIAN_POINT ( 'NONE',  ( 14.72243186433557582, 1.500000000000000000, 8.499999999999959144 ) ) ;
#1008 = CYLINDRICAL_SURFACE ( 'NONE', #1603, 1.000000000000000000 ) ;
#1009 = VERTEX_POINT ( 'NONE', #3313 ) ;
#1010 = EDGE_CURVE ( 'NONE', #1944, #1424, #3592, .T. ) ;
#1011 = VERTEX_POINT ( 'NONE', #3343 ) ;
#1012 = ORIENTED_EDGE ( 'NONE', *, *, #1892, .F. ) ;
#1013 = CARTESIAN_POINT ( 'NONE',  ( -8.761432854035909656, 1.500000000000000000, -10.17524685028865861 ) ) ;
#1014 = EDGE_CURVE ( 'NONE', #2958, #1781, #2795, .T. ) ;
#1015 = EDGE_CURVE ( 'NONE', #1584, #676, #2498, .T. ) ;
#1016 = CARTESIAN_POINT ( 'NONE',  ( 13.96882180821688024, -1.500000000000000000, -2.869369369369369149 ) ) ;
#1017 = DIRECTION ( 'NONE',  ( 0.000000000000000000, 0.000000000000000000, 1.000000000000000000 ) ) ;
#1018 = CARTESIAN_POINT ( 'NONE',  ( 2.165063509459043800, 8.500000000000000000, -1.249999999998814282 ) ) ;
#1019 = EDGE_CURVE ( 'NONE', #3619, #2758, #232, .T. ) ;
#1020 = AXIS2_PLACEMENT_3D ( 'NONE', #2527, #2270, #1084 ) ;
#1021 = ORIENTED_EDGE ( 'NONE', *, *, #1113, .T. ) ;
#1022 = EDGE_CURVE ( 'NONE', #1191, #250, #3048, .T. ) ;
#1023 = VECTOR ( 'NONE', #3010, 1000.000000000000000 ) ;
#1024 = DIRECTION ( 'NONE',  ( -0.4999999999999997780, 0.000000000000000000, -0.8660254037844387076 ) ) ;
#1025 = CYLINDRICAL_SURFACE ( 'NONE', #29, 2.600000000000000089 ) ;
#1026 = ORIENTED_EDGE ( 'NONE', *, *, #1125, .T. ) ;
#1027 = CARTESIAN_POINT ( 'NONE',  ( 11.59812687119611496, 1.499999999999999556, 11.60711068600014606 ) ) ;
#1028 = ORIENTED_EDGE ( 'NONE', *, *, #2441, .T. ) ;
#1029 = VERTEX_POINT ( 'NONE', #986 ) ;
#1030 = CARTESIAN_POINT ( 'NONE',  ( 17.50000000000001421, -1.500000000000000000, 4.853321584273757548E-15 ) ) ;
#1031 = CARTESIAN_POINT ( 'NONE',  ( -6.904072259454468785, -1.499999999999999556, -4.958203932497259103 ) ) ;
#1032 = ORIENTED_EDGE ( 'NONE', *, *, #2830, .F. ) ;
#1033 = ORIENTED_EDGE ( 'NONE', *, *, #1405, .F. ) ;
#1034 = VECTOR ( 'NONE', #1226, 1000.000000000000000 ) ;
#1035 = DIRECTION ( 'NONE',  ( 0.000000000000000000, 1.000000000000000000, 0.000000000000000000 ) ) ;
#1036 = CIRCLE ( 'NONE', #263, 1.000000000000000000 ) ;
#1037 = ORIENTED_EDGE ( 'NONE', *, *, #123, .F. ) ;
#1038 = CARTESIAN_POINT ( 'NONE',  ( -4.000000000000000000, -1.500000000000000000, 0.000000000000000000 ) ) ;
#1039 = AXIS2_PLACEMENT_3D ( 'NONE', #511, #278, #2560 ) ;
#1040 = DIRECTION ( 'NONE',  ( 0.000000000000000000, 1.000000000000000000, 0.000000000000000000 ) ) ;
#1041 = CARTESIAN_POINT ( 'NONE',  ( -12.22408882090943827, 1.499999999999999556, 10.82725708595006253 ) ) ;
#1042 = ORIENTED_EDGE ( 'NONE', *, *, #2744, .T. ) ;
#1043 = ORIENTED_EDGE ( 'NONE', *, *, #3506, .T. ) ;
#1044 = VECTOR ( 'NONE', #1845, 1000.000000000000000 ) ;
#1045 = LINE ( 'NONE', #211, #2241 ) ;
#1046 = CARTESIAN_POINT ( 'NONE',  ( 3.264635279283095937, 1.500000000000000000, -16.99999999999996447 ) ) ;
#1047 = VERTEX_POINT ( 'NONE', #1294 ) ;
#1048 = DIRECTION ( 'NONE',  ( 0.4999999999999951150, 0.000000000000000000, -0.8660254037844414832 ) ) ;
#1049 = VERTEX_POINT ( 'NONE', #2738 ) ;
#1050 = AXIS2_PLACEMENT_3D ( 'NONE', #3150, #1438, #3 ) ;
#1051 = ORIENTED_EDGE ( 'NONE', *, *, #3365, .T. ) ;
#1052 = DIRECTION ( 'NONE',  ( 0.000000000000000000, -1.000000000000000000, 0.000000000000000000 ) ) ;
#1053 = DIRECTION ( 'NONE',  ( -0.000000000000000000, -1.000000000000000000, -0.000000000000000000 ) ) ;
#1054 = CARTESIAN_POINT ( 'NONE',  ( -13.19273868914365977, 8.500000000000000000, -3.500000000000000444 ) ) ;
#1055 = AXIS2_PLACEMENT_3D ( 'NONE', #3215, #3163, #2023 ) ;
#1056 = ORIENTED_EDGE ( 'NONE', *, *, #2286, .F. ) ;
#1057 = ORIENTED_EDGE ( 'NONE', *, *, #303, .F. ) ;
#1058 = CARTESIAN_POINT ( 'NONE',  ( -17.50000000000000000, -1.500000000000000000, 1.769808360342463528E-14 ) ) ;
#1059 = ORIENTED_EDGE ( 'NONE', *, *, #1540, .T. ) ;
#1060 = CIRCLE ( 'NONE', #2728, 4.550000000000001599 ) ;
#1061 = DIRECTION ( 'NONE',  ( 0.000000000000000000, 0.000000000000000000, 1.000000000000000000 ) ) ;
#1062 = AXIS2_PLACEMENT_3D ( 'NONE', #2739, #1582, #3360 ) ;
#1063 = CIRCLE ( 'NONE', #2602, 2.600000000000000089 ) ;
#1064 = VECTOR ( 'NONE', #3614, 1000.000000000000000 ) ;
#1065 = CYLINDRICAL_SURFACE ( 'NONE', #1981, 4.550000000000001599 ) ;
#1066 = EDGE_CURVE ( 'NONE', #2574, #1255, #1904, .T. ) ;
#1067 = EDGE_CURVE ( 'NONE', #1584, #3347, #1661, .T. ) ;
#1068 = ADVANCED_FACE ( 'NONE', ( #482 ), #515, .F. ) ;
#1069 = FACE_OUTER_BOUND ( 'NONE', #2384, .T. ) ;
#1070 = DIRECTION ( 'NONE',  ( -0.000000000000000000, -1.000000000000000000, -0.000000000000000000 ) ) ;
#1071 = CARTESIAN_POINT ( 'NONE',  ( -2.165063509458652558, -1.500000000000000000, -1.249999999998590017 ) ) ;
#1072 = ORIENTED_EDGE ( 'NONE', *, *, #3553, .T. ) ;
#1073 = EDGE_CURVE ( 'NONE', #1617, #1314, #993, .T. ) ;
#1074 = PLANE ( 'NONE',  #3109 ) ;
#1075 = CARTESIAN_POINT ( 'NONE',  ( 0.000000000000000000, -1.500000000000000000, 0.000000000000000000 ) ) ;
#1076 = DIRECTION ( 'NONE',  ( 0.000000000000000000, 0.000000000000000000, 1.000000000000000000 ) ) ;
#1077 = VERTEX_POINT ( 'NONE', #2755 ) ;
#1078 = VERTEX_POINT ( 'NONE', #3088 ) ;
#1079 = DIRECTION ( 'NONE',  ( 0.000000000000000000, 0.000000000000000000, 1.000000000000000000 ) ) ;
#1080 = EDGE_LOOP ( 'NONE', ( #2925, #797, #2713, #2411 ) ) ;
#1081 = CARTESIAN_POINT ( 'NONE',  ( 0.000000000000000000, -1.500000000000000000, -16.99999999999996447 ) ) ;
#1082 = ADVANCED_FACE ( 'NONE', ( #178 ), #1074, .F. ) ;
#1083 = EDGE_CURVE ( 'NONE', #3486, #203, #1417, .T. ) ;
#1084 = DIRECTION ( 'NONE',  ( 0.000000000000000000, 0.000000000000000000, -1.000000000000000000 ) ) ;
#1085 = CARTESIAN_POINT ( 'NONE',  ( 0.000000000000000000, 1.500000000000000000, -16.99999999999996447 ) ) ;
#1086 = CARTESIAN_POINT ( 'NONE',  ( -17.50000000000000000, 1.500000000000000000, 1.769808360342463528E-14 ) ) ;
#1087 = DIRECTION ( 'NONE',  ( 0.000000000000000000, 0.000000000000000000, -1.000000000000000000 ) ) ;
#1088 = LINE ( 'NONE', #2237, #2855 ) ;
#1089 = ORIENTED_EDGE ( 'NONE', *, *, #1571, .T. ) ;
#1090 = AXIS2_PLACEMENT_3D ( 'NONE', #2785, #1670, #1117 ) ;
#1091 = CARTESIAN_POINT ( 'NONE',  ( 8.750000000000005329, -1.500000000000000000, 15.15544456622768976 ) ) ;
#1092 = DIRECTION ( 'NONE',  ( 0.000000000000000000, 0.000000000000000000, 1.000000000000000000 ) ) ;
#1093 = CYLINDRICAL_SURFACE ( 'NONE', #1160, 1.000000000000000888 ) ;
#1094 = VERTEX_POINT ( 'NONE', #2226 ) ;
#1095 = ORIENTED_EDGE ( 'NONE', *, *, #1742, .T. ) ;
#1096 = EDGE_CURVE ( 'NONE', #221, #2141, #3358, .T. ) ;
#1097 = CIRCLE ( 'NONE', #262, 1.000000000000000888 ) ;
#1098 = CIRCLE ( 'NONE', #2836, 4.550000000000001599 ) ;
#1099 = EDGE_CURVE ( 'NONE', #930, #41, #2434, .T. ) ;
#1100 = CARTESIAN_POINT ( 'NONE',  ( 0.000000000000000000, -1.500000000000000000, 0.000000000000000000 ) ) ;
#1101 = CIRCLE ( 'NONE', #323, 1.550000000000002709 ) ;
#1102 = CYLINDRICAL_SURFACE ( 'NONE', #2578, 1.550000000000002709 ) ;
#1103 = DIRECTION ( 'NONE',  ( 0.000000000000000000, 0.000000000000000000, 1.000000000000000000 ) ) ;
#1104 = CYLINDRICAL_SURFACE ( 'NONE', #223, 1.549999999999999378 ) ;
#1105 = CYLINDRICAL_SURFACE ( 'NONE', #2599, 4.550000000000001599 ) ;
#1106 = DIRECTION ( 'NONE',  ( 0.000000000000000000, 0.000000000000000000, -1.000000000000000000 ) ) ;
#1107 = DIRECTION ( 'NONE',  ( 0.000000000000000000, -1.000000000000000000, 0.000000000000000000 ) ) ;
#1108 = LINE ( 'NONE', #2580, #2058 ) ;
#1109 = AXIS2_PLACEMENT_3D ( 'NONE', #1710, #1410, #2555 ) ;
#1110 = EDGE_CURVE ( 'NONE', #2458, #3419, #2436, .T. ) ;
#1111 = VECTOR ( 'NONE', #2732, 1000.000000000000000 ) ;
#1112 = DIRECTION ( 'NONE',  ( 0.000000000000000000, 0.000000000000000000, 1.000000000000000000 ) ) ;
#1113 = EDGE_CURVE ( 'NONE', #1560, #1255, #103, .T. ) ;
#1114 = AXIS2_PLACEMENT_3D ( 'NONE', #2558, #1714, #1397 ) ;
#1115 = PRODUCT_DEFINITION_CONTEXT ( 'detailed design', #2946, 'design' ) ;
#1116 = CARTESIAN_POINT ( 'NONE',  ( 0.000000000000000000, -1.500000000000000000, 0.000000000000000000 ) ) ;
#1117 = DIRECTION ( 'NONE',  ( 0.000000000000000000, 0.000000000000000000, 1.000000000000000000 ) ) ;
#1118 = VECTOR ( 'NONE', #2438, 1000.000000000000000 ) ;
#1119 = AXIS2_PLACEMENT_3D ( 'NONE', #2101, #779, #1662 ) ;
#1120 = LINE ( 'NONE', #209, #1423 ) ;
#1121 = CARTESIAN_POINT ( 'NONE',  ( -11.59812687119602614, 8.500000000000000000, 11.60711068600008744 ) ) ;
#1122 = FACE_OUTER_BOUND ( 'NONE', #3306, .T. ) ;
#1123 = LINE ( 'NONE', #1674, #3103 ) ;
#1124 = ORIENTED_EDGE ( 'NONE', *, *, #293, .F. ) ;
#1125 = EDGE_CURVE ( 'NONE', #3381, #2417, #582, .T. ) ;
#1126 = FACE_OUTER_BOUND ( 'NONE', #2056, .T. ) ;
#1127 = FACE_OUTER_BOUND ( 'NONE', #2897, .T. ) ;
#1128 = DIRECTION ( 'NONE',  ( -0.8660254037844388186, 0.000000000000000000, 0.4999999999999998335 ) ) ;
#1129 = VERTEX_POINT ( 'NONE', #2772 ) ;
#1130 = ADVANCED_FACE ( 'NONE', ( #536 ), #828, .F. ) ;
#1131 = LINE ( 'NONE', #3401, #7 ) ;
#1132 = DIRECTION ( 'NONE',  ( -1.000000000000000000, 0.000000000000000000, 0.000000000000000000 ) ) ;
#1133 = EDGE_CURVE ( 'NONE', #1988, #1, #583, .T. ) ;
#1134 = DIRECTION ( 'NONE',  ( 0.000000000000000000, 1.000000000000000000, 0.000000000000000000 ) ) ;
#1135 = DIRECTION ( 'NONE',  ( -0.000000000000000000, -1.000000000000000000, -0.000000000000000000 ) ) ;
#1136 = CARTESIAN_POINT ( 'NONE',  ( 13.19273868914366332, 8.500000000000000000, -3.500000000000000444 ) ) ;
#1137 = ORIENTED_EDGE ( 'NONE', *, *, #2341, .F. ) ;
#1138 = ADVANCED_FACE ( 'NONE', ( #1676 ), #2261, .F. ) ;
#1139 = DIRECTION ( 'NONE',  ( 0.000000000000000000, 0.000000000000000000, 1.000000000000000000 ) ) ;
#1140 = CYLINDRICAL_SURFACE ( 'NONE', #282, 1.000000000000000000 ) ;
#1141 = AXIS2_PLACEMENT_3D ( 'NONE', #3580, #705, #769 ) ;
#1142 = CARTESIAN_POINT ( 'NONE',  ( -3.264635279283147007, 1.499999999999999556, -15.99999999999996270 ) ) ;
#1143 = AXIS2_PLACEMENT_3D ( 'NONE', #1463, #2619, #2601 ) ;
#1144 = DIRECTION ( 'NONE',  ( 0.000000000000000000, 0.000000000000000000, 1.000000000000000000 ) ) ;
#1145 = DIRECTION ( 'NONE',  ( 0.000000000000000000, 0.000000000000000000, 1.000000000000000000 ) ) ;
#1146 = AXIS2_PLACEMENT_3D ( 'NONE', #1487, #2626, #1532 ) ;
#1147 = DIRECTION ( 'NONE',  ( 0.5000000000000003331, 0.000000000000000000, -0.8660254037844383745 ) ) ;
#1148 = ADVANCED_FACE ( 'NONE', ( #2833 ), #2242, .F. ) ;
#1149 = DIRECTION ( 'NONE',  ( 0.000000000000000000, 0.000000000000000000, 1.000000000000000000 ) ) ;
#1150 = FACE_OUTER_BOUND ( 'NONE', #1885, .T. ) ;
#1151 = LINE ( 'NONE', #897, #698 ) ;
#1152 = VERTEX_POINT ( 'NONE', #2565 ) ;
#1153 = DIRECTION ( 'NONE',  ( -0.000000000000000000, -1.000000000000000000, -0.000000000000000000 ) ) ;
#1154 = VERTEX_POINT ( 'NONE', #3392 ) ;
#1155 = CARTESIAN_POINT ( 'NONE',  ( -12.22408882090943827, -1.499999999999999556, 10.82725708595006253 ) ) ;
#1156 = CARTESIAN_POINT ( 'NONE',  ( -8.750000000000053291, -1.500000000000000000, -13.60544456622765352 ) ) ;
#1157 = ORIENTED_EDGE ( 'NONE', *, *, #15, .F. ) ;
#1158 = CARTESIAN_POINT ( 'NONE',  ( 13.19273868914365444, 1.500000000000000000, 2.499999999999999556 ) ) ;
#1159 = VECTOR ( 'NONE', #1392, 1000.000000000000000 ) ;
#1160 = AXIS2_PLACEMENT_3D ( 'NONE', #2244, #3120, #269 ) ;
#1161 = DIRECTION ( 'NONE',  ( -0.000000000000000000, -1.000000000000000000, -0.000000000000000000 ) ) ;
#1162 = DIRECTION ( 'NONE',  ( -0.000000000000000000, -1.000000000000000000, -0.000000000000000000 ) ) ;
#1163 = VERTEX_POINT ( 'NONE', #3149 ) ;
#1164 = AXIS2_PLACEMENT_3D ( 'NONE', #3566, #1003, #1330 ) ;
#1165 = EDGE_CURVE ( 'NONE', #1551, #1781, #3182, .T. ) ;
#1166 = CARTESIAN_POINT ( 'NONE',  ( 23.09401076758504701, -1.500000000000000000, 0.000000000000000000 ) ) ;
#1167 = CARTESIAN_POINT ( 'NONE',  ( -8.750000000000053291, -1.500000000000000000, -15.15544456622765246 ) ) ;
#1168 = DIRECTION ( 'NONE',  ( 0.4999999999999997780, -0.000000000000000000, 0.8660254037844387076 ) ) ;
#1169 = ORIENTED_EDGE ( 'NONE', *, *, #2216, .T. ) ;
#1170 = CYLINDRICAL_SURFACE ( 'NONE', #2009, 1.000000000000000000 ) ;
#1171 = ORIENTED_EDGE ( 'NONE', *, *, #3402, .F. ) ;
#1172 = EDGE_CURVE ( 'NONE', #3542, #898, #549, .T. ) ;
#1173 = VECTOR ( 'NONE', #83, 1000.000000000000000 ) ;
#1174 = AXIS2_PLACEMENT_3D ( 'NONE', #2839, #1128, #3410 ) ;
#1175 = EDGE_CURVE ( 'NONE', #2027, #2293, #1973, .T. ) ;
#1176 = EDGE_CURVE ( 'NONE', #1154, #488, #3602, .T. ) ;
#1177 = DIRECTION ( 'NONE',  ( 0.000000000000000000, 0.000000000000000000, 1.000000000000000000 ) ) ;
#1178 = FACE_BOUND ( 'NONE', #3548, .T. ) ;
#1179 = EDGE_LOOP ( 'NONE', ( #1516, #884, #422, #3598 ) ) ;
#1180 = EDGE_CURVE ( 'NONE', #2758, #488, #3663, .T. ) ;
#1181 = ORIENTED_EDGE ( 'NONE', *, *, #2577, .T. ) ;
#1182 = CARTESIAN_POINT ( 'NONE',  ( 13.96882180821687136, 1.499999999999999556, 2.869369369369369593 ) ) ;
#1183 = ORIENTED_EDGE ( 'NONE', *, *, #2121, .F. ) ;
#1184 = LINE ( 'NONE', #2012, #1983 ) ;
#1185 = EDGE_CURVE ( 'NONE', #721, #1560, #556, .T. ) ;
#1186 = VERTEX_POINT ( 'NONE', #3375 ) ;
#1187 = DIRECTION ( 'NONE',  ( -0.000000000000000000, -1.000000000000000000, 0.000000000000000000 ) ) ;
#1188 = CARTESIAN_POINT ( 'NONE',  ( -11.54700538379233699, 1.500000000000000000, 20.00000000000011724 ) ) ;
#1189 = AXIS2_PLACEMENT_3D ( 'NONE', #224, #1367, #2806 ) ;
#1190 = DIRECTION ( 'NONE',  ( -0.000000000000000000, -1.000000000000000000, -0.000000000000000000 ) ) ;
#1191 = VERTEX_POINT ( 'NONE', #565 ) ;
#1192 = EDGE_LOOP ( 'NONE', ( #3339, #162, #281, #1511 ) ) ;
#1193 = CARTESIAN_POINT ( 'NONE',  ( -4.499464137392563678, 1.499999999999999556, 13.53203923154135069 ) ) ;
#1194 = DIRECTION ( 'NONE',  ( -0.000000000000000000, 1.000000000000000000, -0.000000000000000000 ) ) ;
#1195 = ORIENTED_EDGE ( 'NONE', *, *, #3170, .T. ) ;
#1196 = EDGE_LOOP ( 'NONE', ( #636, #1317, #3569, #1292 ) ) ;
#1197 = DIRECTION ( 'NONE',  ( 0.000000000000000000, 1.000000000000000000, 0.000000000000000000 ) ) ;
#1198 = ORIENTED_EDGE ( 'NONE', *, *, #2895, .T. ) ;
#1199 = AXIS2_PLACEMENT_3D ( 'NONE', #2990, #492, #1567 ) ;
#1200 = DIRECTION ( 'NONE',  ( -0.8660254037844388186, 0.000000000000000000, 0.4999999999999998335 ) ) ;
#1201 = CARTESIAN_POINT ( 'NONE',  ( -3.199999999999999734, -1.500000000000000000, -2.399999999999999911 ) ) ;
#1202 = DIRECTION ( 'NONE',  ( 0.000000000000000000, 0.000000000000000000, 1.000000000000000000 ) ) ;
#1203 = FACE_OUTER_BOUND ( 'NONE', #467, .T. ) ;
#1204 = CARTESIAN_POINT ( 'NONE',  ( -13.96882180821685004, 1.499999999999999556, 2.869369369369372702 ) ) ;
#1205 = CIRCLE ( 'NONE', #142, 1.000000000000000888 ) ;
#1206 = LINE ( 'NONE', #1246, #20 ) ;
#1207 = FACE_BOUND ( 'NONE', #909, .T. ) ;
#1208 = ORIENTED_EDGE ( 'NONE', *, *, #3276, .T. ) ;
#1209 = EDGE_LOOP ( 'NONE', ( #1886, #3554, #2609, #670 ) ) ;
#1210 = ORIENTED_EDGE ( 'NONE', *, *, #3064, .F. ) ;
#1211 = CARTESIAN_POINT ( 'NONE',  ( -4.431305835109432323, 1.500000000000000000, 12.67524685029160381 ) ) ;
#1212 = ORIENTED_EDGE ( 'NONE', *, *, #2378, .F. ) ;
#1213 = EDGE_CURVE ( 'NONE', #1029, #2006, #2867, .T. ) ;
#1214 = ORIENTED_EDGE ( 'NONE', *, *, #315, .F. ) ;
#1215 = ADVANCED_FACE ( 'NONE', ( #3437 ), #1692, .F. ) ;
#1216 = AXIS2_PLACEMENT_3D ( 'NONE', #1038, #766, #1061 ) ;
#1217 = CARTESIAN_POINT ( 'NONE',  ( 7.745966692414834931, 1.499999999999999556, -3.500000000000000444 ) ) ;
#1218 = DIRECTION ( 'NONE',  ( 0.000000000000000000, 0.000000000000000000, -1.000000000000000000 ) ) ;
#1219 = AXIS2_PLACEMENT_3D ( 'NONE', #3630, #3043, #2710 ) ;
#1220 = CARTESIAN_POINT ( 'NONE',  ( -3.199999999999999734, -1.000000000000000000, -2.399999999999999911 ) ) ;
#1221 = DIRECTION ( 'NONE',  ( -0.000000000000000000, -1.000000000000000000, -0.000000000000000000 ) ) ;
#1222 = CARTESIAN_POINT ( 'NONE',  ( -7.745966692414834931, 8.500000000000000000, -3.500000000000000444 ) ) ;
#1223 = CIRCLE ( 'NONE', #3439, 1.000000000000000888 ) ;
#1224 = AXIS2_PLACEMENT_3D ( 'NONE', #2996, #479, #751 ) ;
#1225 = VERTEX_POINT ( 'NONE', #855 ) ;
#1226 = DIRECTION ( 'NONE',  ( 1.000000000000000000, 0.000000000000000000, -1.051620219116008738E-14 ) ) ;
#1227 = DIRECTION ( 'NONE',  ( -0.000000000000000000, -1.000000000000000000, -0.000000000000000000 ) ) ;
#1228 = VERTEX_POINT ( 'NONE', #1706 ) ;
#1229 = AXIS2_PLACEMENT_3D ( 'NONE', #187, #1869, #2991 ) ;
#1230 = EDGE_CURVE ( 'NONE', #2818, #1972, #3656, .T. ) ;
#1231 = CIRCLE ( 'NONE', #530, 1.000000000000000000 ) ;
#1232 = ORIENTED_EDGE ( 'NONE', *, *, #1842, .T. ) ;
#1233 = VECTOR ( 'NONE', #2455, 1000.000000000000000 ) ;
#1234 = ORIENTED_EDGE ( 'NONE', *, *, #3639, .F. ) ;
#1235 = FACE_BOUND ( 'NONE', #992, .T. ) ;
#1236 = EDGE_LOOP ( 'NONE', ( #1572, #1746, #2502, #3507, #4, #1858, #1028, #341, #397, #699, #2485, #3147, #1478 ) ) ;
#1237 = ORIENTED_EDGE ( 'NONE', *, *, #2077, .T. ) ;
#1238 = CIRCLE ( 'NONE', #574, 1.000000000000000888 ) ;
#1239 = EDGE_LOOP ( 'NONE', ( #1887, #1835, #2987, #1795 ) ) ;
#1240 = DIRECTION ( 'NONE',  ( -0.000000000000000000, -1.000000000000000000, -0.000000000000000000 ) ) ;
#1241 = DIRECTION ( 'NONE',  ( 0.000000000000000000, 0.000000000000000000, 1.000000000000000000 ) ) ;
#1242 = DIRECTION ( 'NONE',  ( -0.000000000000000000, 1.000000000000000000, -0.000000000000000000 ) ) ;
#1243 = DIRECTION ( 'NONE',  ( -0.000000000000000000, -1.000000000000000000, -0.000000000000000000 ) ) ;
#1244 = EDGE_CURVE ( 'NONE', #3572, #3222, #320, .T. ) ;
#1245 = ORIENTED_EDGE ( 'NONE', *, *, #2168, .F. ) ;
#1246 = CARTESIAN_POINT ( 'NONE',  ( 6.091828464224787965, 8.500000000000000000, -4.374885822791339862 ) ) ;
#1247 = DIRECTION ( 'NONE',  ( 0.000000000000000000, 1.000000000000000000, 0.000000000000000000 ) ) ;
#1248 = ORIENTED_EDGE ( 'NONE', *, *, #2570, .T. ) ;
#1249 = ORIENTED_EDGE ( 'NONE', *, *, #2441, .F. ) ;
#1250 = ADVANCED_FACE ( 'NONE', ( #1126 ), #594, .F. ) ;
#1251 = ORIENTED_EDGE ( 'NONE', *, *, #2729, .T. ) ;
#1252 = CARTESIAN_POINT ( 'NONE',  ( 4.499464137394692642, 8.500000000000000000, -13.53203923153578359 ) ) ;
#1253 = ORIENTED_EDGE ( 'NONE', *, *, #2280, .T. ) ;
#1254 = ORIENTED_EDGE ( 'NONE', *, *, #1733, .T. ) ;
#1255 = VERTEX_POINT ( 'NONE', #1956 ) ;
#1256 = CARTESIAN_POINT ( 'NONE',  ( -13.96882180821685004, 8.500000000000000000, 2.869369369369373146 ) ) ;
#1257 = DIRECTION ( 'NONE',  ( -0.000000000000000000, -1.000000000000000000, -0.000000000000000000 ) ) ;
#1258 = CARTESIAN_POINT ( 'NONE',  ( -9.627458257820348919, -1.499999999999999556, -9.675246850288656830 ) ) ;
#1259 = DIRECTION ( 'NONE',  ( -0.000000000000000000, -1.000000000000000000, -0.000000000000000000 ) ) ;
#1260 = AXIS2_PLACEMENT_3D ( 'NONE', #295, #2294, #1145 ) ;
#1261 = DIRECTION ( 'NONE',  ( 0.000000000000000000, 0.000000000000000000, 1.000000000000000000 ) ) ;
#1262 = ORIENTED_EDGE ( 'NONE', *, *, #491, .T. ) ;
#1263 = DIRECTION ( 'NONE',  ( 0.000000000000000000, 0.000000000000000000, -1.000000000000000000 ) ) ;
#1264 = ORIENTED_EDGE ( 'NONE', *, *, #1998, .F. ) ;
#1265 = DIRECTION ( 'NONE',  ( -0.000000000000000000, -1.000000000000000000, -0.000000000000000000 ) ) ;
#1266 = AXIS2_PLACEMENT_3D ( 'NONE', #2174, #1917, #2407 ) ;
#1267 = ORIENTED_EDGE ( 'NONE', *, *, #1636, .T. ) ;
#1268 = ORIENTED_EDGE ( 'NONE', *, *, #596, .F. ) ;
#1269 = AXIS2_PLACEMENT_3D ( 'NONE', #996, #3579, #3324 ) ;
#1270 = VERTEX_POINT ( 'NONE', #285 ) ;
#1271 = DIRECTION ( 'NONE',  ( 0.000000000000000000, 0.000000000000000000, 1.000000000000000000 ) ) ;
#1272 = DIRECTION ( 'NONE',  ( 0.000000000000000000, 1.000000000000000000, 0.000000000000000000 ) ) ;
#1273 = ORIENTED_EDGE ( 'NONE', *, *, #3546, .T. ) ;
#1274 = ORIENTED_EDGE ( 'NONE', *, *, #1694, .F. ) ;
#1275 = ORIENTED_EDGE ( 'NONE', *, *, #1083, .F. ) ;
#1276 = DIRECTION ( 'NONE',  ( 0.000000000000000000, 1.000000000000000000, 0.000000000000000000 ) ) ;
#1277 = CARTESIAN_POINT ( 'NONE',  ( 12.22408882090945781, -1.499999999999999556, -10.82725708595005543 ) ) ;
#1278 = DIRECTION ( 'NONE',  ( 1.000000000000000000, 0.000000000000000000, -1.051620219116008738E-14 ) ) ;
#1279 = CARTESIAN_POINT ( 'NONE',  ( -13.19273868914362957, 1.499999999999999556, 3.499999999999999556 ) ) ;
#1280 = CIRCLE ( 'NONE', #3318, 1.000000000000000888 ) ;
#1281 = VECTOR ( 'NONE', #2816, 1000.000000000000000 ) ;
#1282 = EDGE_CURVE ( 'NONE', #716, #3268, #2646, .T. ) ;
#1283 = EDGE_LOOP ( 'NONE', ( #1288, #194, #2652, #990 ) ) ;
#1284 = DIRECTION ( 'NONE',  ( -1.000000000000000000, 0.000000000000000000, -0.000000000000000000 ) ) ;
#1285 = FACE_OUTER_BOUND ( 'NONE', #1006, .T. ) ;
#1286 = EDGE_LOOP ( 'NONE', ( #2654, #540, #1599, #1210, #99, #296 ) ) ;
#1287 = LINE ( 'NONE', #2202, #3039 ) ;
#1288 = ORIENTED_EDGE ( 'NONE', *, *, #3208, .F. ) ;
#1289 = ADVANCED_BREP_SHAPE_REPRESENTATION ( 'shaftplate bottom', ( #615, #1464 ), #3202 ) ;
#1290 = ORIENTED_EDGE ( 'NONE', *, *, #1790, .F. ) ;
#1291 = EDGE_CURVE ( 'NONE', #1664, #1972, #904, .T. ) ;
#1292 = ORIENTED_EDGE ( 'NONE', *, *, #2782, .T. ) ;
#1293 = CIRCLE ( 'NONE', #3480, 1.550000000000002709 ) ;
#1294 = CARTESIAN_POINT ( 'NONE',  ( 6.091828464224789741, 1.499999999999999556, -4.374885822791340750 ) ) ;
#1295 = CARTESIAN_POINT ( 'NONE',  ( -9.627458257813785281, 8.500000000000000000, 9.675246850287656741 ) ) ;
#1296 = AXIS2_PLACEMENT_3D ( 'NONE', #1640, #713, #2769 ) ;
#1297 = VERTEX_POINT ( 'NONE', #2036 ) ;
#1298 = ORIENTED_EDGE ( 'NONE', *, *, #2782, .F. ) ;
#1299 = EDGE_CURVE ( 'NONE', #2824, #3022, #1697, .T. ) ;
#1300 = ORIENTED_EDGE ( 'NONE', *, *, #2524, .F. ) ;
#1301 = VERTEX_POINT ( 'NONE', #2592 ) ;
#1302 = CIRCLE ( 'NONE', #2503, 1.549999999999999378 ) ;
#1303 = DIRECTION ( 'NONE',  ( -0.000000000000000000, -1.000000000000000000, -0.000000000000000000 ) ) ;
#1304 = CARTESIAN_POINT ( 'NONE',  ( -17.50000000000000000, 8.500000000000000000, 1.769808360342463528E-14 ) ) ;
#1305 = EDGE_CURVE ( 'NONE', #3619, #1154, #36, .T. ) ;
#1306 = PLANE ( 'NONE',  #2234 ) ;
#1307 = DIRECTION ( 'NONE',  ( 0.5000000000000068834, 0.000000000000000000, 0.8660254037844345998 ) ) ;
#1308 = ORIENTED_EDGE ( 'NONE', *, *, #2377, .F. ) ;
#1309 = CARTESIAN_POINT ( 'NONE',  ( -9.469357670825699458, -1.500000000000000000, -10.66266986216955814 ) ) ;
#1310 = DIRECTION ( 'NONE',  ( 0.5000000000000003331, 0.000000000000000000, -0.8660254037844383745 ) ) ;
#1311 = ORIENTED_EDGE ( 'NONE', *, *, #2553, .F. ) ;
#1312 = DIRECTION ( 'NONE',  ( -0.000000000000000000, -1.000000000000000000, -0.000000000000000000 ) ) ;
#1313 = ORIENTED_EDGE ( 'NONE', *, *, #2524, .T. ) ;
#1314 = VERTEX_POINT ( 'NONE', #3196 ) ;
#1315 = DIRECTION ( 'NONE',  ( 0.000000000000000000, 0.000000000000000000, 1.000000000000000000 ) ) ;
#1316 = LINE ( 'NONE', #2415, #1771 ) ;
#1317 = ORIENTED_EDGE ( 'NONE', *, *, #892, .T. ) ;
#1318 = VERTEX_POINT ( 'NONE', #1193 ) ;
#1319 = CARTESIAN_POINT ( 'NONE',  ( -9.627458257820348919, 1.499999999999999556, -9.675246850288656830 ) ) ;
#1320 = ORIENTED_EDGE ( 'NONE', *, *, #857, .F. ) ;
#1321 = CARTESIAN_POINT ( 'NONE',  ( -6.834676493307206613, -1.500000000000000000, -3.088235294117646745 ) ) ;
#1322 = CARTESIAN_POINT ( 'NONE',  ( -17.50000000000000000, 1.499999999999999556, 1.769808360342463528E-14 ) ) ;
#1323 = LINE ( 'NONE', #3304, #2854 ) ;
#1324 = CIRCLE ( 'NONE', #3174, 1.549999999999999378 ) ;
#1325 = VERTEX_POINT ( 'NONE', #3519 ) ;
#1326 = CIRCLE ( 'NONE', #662, 0.9999999999999991118 ) ;
#1327 = DIRECTION ( 'NONE',  ( -0.000000000000000000, 1.000000000000000000, -0.000000000000000000 ) ) ;
#1328 = CARTESIAN_POINT ( 'NONE',  ( -8.750000000000053291, -1.500000000000000000, -15.15544456622765246 ) ) ;
#1329 = ORIENTED_EDGE ( 'NONE', *, *, #1412, .T. ) ;
#1330 = DIRECTION ( 'NONE',  ( 0.000000000000000000, 0.000000000000000000, 1.000000000000000000 ) ) ;
#1331 = ORIENTED_EDGE ( 'NONE', *, *, #2337, .T. ) ;
#1332 = VERTEX_POINT ( 'NONE', #3214 ) ;
#1333 = DIRECTION ( 'NONE',  ( -0.000000000000000000, -1.000000000000000000, -0.000000000000000000 ) ) ;
#1334 = CARTESIAN_POINT ( 'NONE',  ( -3.199999999999999734, -1.000000000000000000, 2.399999999999999911 ) ) ;
#1335 = DIRECTION ( 'NONE',  ( -0.000000000000000000, -1.000000000000000000, -0.000000000000000000 ) ) ;
#1336 = ORIENTED_EDGE ( 'NONE', *, *, #3662, .T. ) ;
#1337 = VERTEX_POINT ( 'NONE', #2611 ) ;
#1338 = AXIS2_PLACEMENT_3D ( 'NONE', #3648, #2276, #811 ) ;
#1339 = DIRECTION ( 'NONE',  ( -0.000000000000000000, -1.000000000000000000, -0.000000000000000000 ) ) ;
#1340 = VECTOR ( 'NONE', #2422, 1000.000000000000000 ) ;
#1341 = VERTEX_POINT ( 'NONE', #2933 ) ;
#1342 = EDGE_CURVE ( 'NONE', #2122, #98, #1504, .T. ) ;
#1343 = EDGE_CURVE ( 'NONE', #1424, #1152, #2400, .T. ) ;
#1344 = EDGE_CURVE ( 'NONE', #943, #1011, #900, .T. ) ;
#1345 = UNCERTAINTY_MEASURE_WITH_UNIT (LENGTH_MEASURE( 1.000000000000000082E-05 ), #165, 'distance_accuracy_value', 'NONE');
#1346 = LINE ( 'NONE', #147, #658 ) ;
#1347 = DIRECTION ( 'NONE',  ( -0.4999999999999949485, 0.000000000000000000, 0.8660254037844415942 ) ) ;
#1348 = CARTESIAN_POINT ( 'NONE',  ( 8.761432854029905570, 1.500000000000000000, 10.17524685028773845 ) ) ;
#1349 = EDGE_CURVE ( 'NONE', #2207, #1988, #939, .T. ) ;
#1350 = VECTOR ( 'NONE', #2523, 1000.000000000000000 ) ;
#1351 = FACE_OUTER_BOUND ( 'NONE', #370, .T. ) ;
#1352 = DIRECTION ( 'NONE',  ( 0.000000000000000000, 0.000000000000000000, 1.000000000000000000 ) ) ;
#1353 = DIRECTION ( 'NONE',  ( -0.000000000000000000, -1.000000000000000000, -0.000000000000000000 ) ) ;
#1354 = ORIENTED_EDGE ( 'NONE', *, *, #2345, .T. ) ;
#1355 = DIRECTION ( 'NONE',  ( -0.000000000000000000, 1.000000000000000000, -0.000000000000000000 ) ) ;
#1356 = CARTESIAN_POINT ( 'NONE',  ( 23.09401076758504701, 1.500000000000000000, 0.000000000000000000 ) ) ;
#1357 = PLANE ( 'NONE',  #1961 ) ;
#1358 = VECTOR ( 'NONE', #836, 1000.000000000000000 ) ;
#1359 = EDGE_CURVE ( 'NONE', #1361, #1047, #3131, .T. ) ;
#1360 = ORIENTED_EDGE ( 'NONE', *, *, #791, .F. ) ;
#1361 = VERTEX_POINT ( 'NONE', #88 ) ;
#1362 = AXIS2_PLACEMENT_3D ( 'NONE', #1681, #259, #1144 ) ;
#1363 = ORIENTED_EDGE ( 'NONE', *, *, #3064, .T. ) ;
#1364 = DIRECTION ( 'NONE',  ( -0.000000000000000000, -1.000000000000000000, -0.000000000000000000 ) ) ;
#1365 = CIRCLE ( 'NONE', #1834, 1.000000000000000000 ) ;
#1366 = VECTOR ( 'NONE', #3204, 1000.000000000000000 ) ;
#1367 = DIRECTION ( 'NONE',  ( 0.000000000000000000, 1.000000000000000000, 0.000000000000000000 ) ) ;
#1368 = DIRECTION ( 'NONE',  ( -0.000000000000000000, 1.000000000000000000, -0.000000000000000000 ) ) ;
#1369 = CARTESIAN_POINT ( 'NONE',  ( 3.264635279283078617, -1.499999999999999556, 15.99999999999987566 ) ) ;
#1370 = CARTESIAN_POINT ( 'NONE',  ( 0.000000000000000000, 1.500000000000000000, 2.600000000000000089 ) ) ;
#1371 = DIRECTION ( 'NONE',  ( -0.000000000000000000, -1.000000000000000000, -0.000000000000000000 ) ) ;
#1372 = ORIENTED_EDGE ( 'NONE', *, *, #1213, .T. ) ;
#1373 = EDGE_CURVE ( 'NONE', #2146, #1542, #2978, .T. ) ;
#1374 = DIRECTION ( 'NONE',  ( 0.000000000000000000, 1.000000000000000000, 0.000000000000000000 ) ) ;
#1375 = CARTESIAN_POINT ( 'NONE',  ( -4.431305835109433211, -1.499999999999999556, 12.67524685029160381 ) ) ;
#1376 = LINE ( 'NONE', #538, #3484 ) ;
#1377 = EDGE_LOOP ( 'NONE', ( #1056, #651, #2909, #3004 ) ) ;
#1378 = ORIENTED_EDGE ( 'NONE', *, *, #2196, .F. ) ;
#1379 = ADVANCED_FACE ( 'NONE', ( #3248 ), #957, .T. ) ;
#1380 = LINE ( 'NONE', #1931, #1350 ) ;
#1381 = CARTESIAN_POINT ( 'NONE',  ( 17.50000000000001421, 1.500000000000000000, 1.550000000000007594 ) ) ;
#1382 = CARTESIAN_POINT ( 'NONE',  ( 13.19273868914366332, 1.499999999999999556, -3.500000000000000444 ) ) ;
#1383 = CARTESIAN_POINT ( 'NONE',  ( -16.35474950397699345, -1.500000000000000000, -5.672742914049906382 ) ) ;
#1384 = FACE_OUTER_BOUND ( 'NONE', #1239, .T. ) ;
#1385 = CARTESIAN_POINT ( 'NONE',  ( -6.038046855670029522, 1.500000000000000000, -5.458203932497259103 ) ) ;
#1386 = ORIENTED_EDGE ( 'NONE', *, *, #1968, .T. ) ;
#1387 = ADVANCED_FACE ( 'NONE', ( #371 ), #687, .F. ) ;
#1388 = CIRCLE ( 'NONE', #1141, 1.000000000000000888 ) ;
#1389 = DIRECTION ( 'NONE',  ( 0.000000000000000000, 1.000000000000000000, 0.000000000000000000 ) ) ;
#1390 = PLANE ( 'NONE',  #3627 ) ;
#1391 = CARTESIAN_POINT ( 'NONE',  ( 6.904072259454760108, 1.499999999999999556, -4.958203932496852318 ) ) ;
#1392 = DIRECTION ( 'NONE',  ( -0.000000000000000000, -1.000000000000000000, -0.000000000000000000 ) ) ;
#1393 = CIRCLE ( 'NONE', #1947, 1.000000000000000888 ) ;
#1394 = AXIS2_PLACEMENT_3D ( 'NONE', #2170, #3300, #2126 ) ;
#1395 = CARTESIAN_POINT ( 'NONE',  ( -8.761432854029346018, 8.500000000000000000, 10.17524685028765852 ) ) ;
#1396 = AXIS2_PLACEMENT_3D ( 'NONE', #3386, #2845, #1672 ) ;
#1397 = DIRECTION ( 'NONE',  ( 0.000000000000000000, 0.000000000000000000, -1.000000000000000000 ) ) ;
#1398 = DIRECTION ( 'NONE',  ( 0.000000000000000000, 1.000000000000000000, 0.000000000000000000 ) ) ;
#1399 = ORIENTED_EDGE ( 'NONE', *, *, #671, .T. ) ;
#1400 = FACE_OUTER_BOUND ( 'NONE', #668, .T. ) ;
#1401 = PLANE ( 'NONE',  #914 ) ;
#1402 = CARTESIAN_POINT ( 'NONE',  ( -13.09011422469387220, 1.500000000000000000, 11.32725708595006964 ) ) ;
#1403 = ORIENTED_EDGE ( 'NONE', *, *, #17, .F. ) ;
#1404 = ORIENTED_EDGE ( 'NONE', *, *, #3075, .T. ) ;
#1405 = EDGE_CURVE ( 'NONE', #1163, #1424, #3531, .T. ) ;
#1406 = DIRECTION ( 'NONE',  ( -0.4999999999999997780, 0.000000000000000000, -0.8660254037844387076 ) ) ;
#1407 = DIRECTION ( 'NONE',  ( 0.000000000000000000, 0.000000000000000000, 1.000000000000000000 ) ) ;
#1408 = ADVANCED_FACE ( 'NONE', ( #1778, #2918 ), #352, .F. ) ;
#1409 = VECTOR ( 'NONE', #1247, 1000.000000000000000 ) ;
#1410 = DIRECTION ( 'NONE',  ( -0.000000000000000000, -1.000000000000000000, -0.000000000000000000 ) ) ;
#1411 = VECTOR ( 'NONE', #3110, 1000.000000000000000 ) ;
#1412 = EDGE_CURVE ( 'NONE', #1301, #35, #1508, .T. ) ;
#1413 = CIRCLE ( 'NONE', #2045, 4.550000000000001599 ) ;
#1414 = CARTESIAN_POINT ( 'NONE',  ( -0.8418944329588039510, 8.500000000000000000, 8.458203932499676725 ) ) ;
#1415 = AXIS2_PLACEMENT_3D ( 'NONE', #1279, #3037, #3012 ) ;
#1416 = CIRCLE ( 'NONE', #3440, 4.549999999999997158 ) ;
#1417 = CIRCLE ( 'NONE', #1910, 1.000000000000000888 ) ;
#1418 = EDGE_CURVE ( 'NONE', #3005, #1047, #1206, .T. ) ;
#1419 = DIRECTION ( 'NONE',  ( -1.000000000000000000, 0.000000000000000000, 3.455323577095457193E-15 ) ) ;
#1420 = DIRECTION ( 'NONE',  ( 0.000000000000000000, 0.000000000000000000, 1.000000000000000000 ) ) ;
#1421 = DIRECTION ( 'NONE',  ( 1.000000000000000000, 0.000000000000000000, 0.000000000000000000 ) ) ;
#1422 = CYLINDRICAL_SURFACE ( 'NONE', #3331, 5.000000000000000000 ) ;
#1423 = VECTOR ( 'NONE', #1653, 1000.000000000000000 ) ;
#1424 = VERTEX_POINT ( 'NONE', #3584 ) ;
#1425 = DIRECTION ( 'NONE',  ( 0.000000000000000000, 1.000000000000000000, 0.000000000000000000 ) ) ;
#1426 = CARTESIAN_POINT ( 'NONE',  ( 15.48872410019255774, 8.500000000000000000, -5.172742914049921481 ) ) ;
#1427 = DIRECTION ( 'NONE',  ( 0.000000000000000000, 0.000000000000000000, 1.000000000000000000 ) ) ;
#1428 = ORIENTED_EDGE ( 'NONE', *, *, #3077, .T. ) ;
#1429 = FACE_OUTER_BOUND ( 'NONE', #1196, .T. ) ;
#1430 = LINE ( 'NONE', #2826, #2342 ) ;
#1431 = DIRECTION ( 'NONE',  ( -0.000000000000000000, -1.000000000000000000, -0.000000000000000000 ) ) ;
#1432 = LINE ( 'NONE', #16, #1173 ) ;
#1433 = ORIENTED_EDGE ( 'NONE', *, *, #1654, .T. ) ;
#1434 = EDGE_CURVE ( 'NONE', #919, #1325, #494, .T. ) ;
#1435 = FACE_OUTER_BOUND ( 'NONE', #3589, .T. ) ;
#1436 = ORIENTED_EDGE ( 'NONE', *, *, #3472, .F. ) ;
#1437 = CARTESIAN_POINT ( 'NONE',  ( -6.038046855666710400, 8.500000000000000000, 5.458203932501883848 ) ) ;
#1438 = DIRECTION ( 'NONE',  ( -0.000000000000000000, -1.000000000000000000, -0.000000000000000000 ) ) ;
#1439 = VECTOR ( 'NONE', #555, 1000.000000000000000 ) ;
#1440 = CARTESIAN_POINT ( 'NONE',  ( 8.750000000000005329, 1.500000000000000000, 15.15544456622768976 ) ) ;
#1441 = VECTOR ( 'NONE', #2638, 1000.000000000000000 ) ;
#1442 = EDGE_CURVE ( 'NONE', #2742, #1332, #509, .T. ) ;
#1443 = DIRECTION ( 'NONE',  ( 0.4999999999999950040, 0.000000000000000000, -0.8660254037844414832 ) ) ;
#1444 = EDGE_CURVE ( 'NONE', #1049, #2006, #1393, .T. ) ;
#1445 = AXIS2_PLACEMENT_3D ( 'NONE', #2700, #2618, #144 ) ;
#1446 = ADVANCED_FACE ( 'NONE', ( #772 ), #1550, .T. ) ;
#1447 = EDGE_CURVE ( 'NONE', #1479, #40, #190, .T. ) ;
#1448 = AXIS2_PLACEMENT_3D ( 'NONE', #2073, #3464, #3229 ) ;
#1449 = DIRECTION ( 'NONE',  ( 0.000000000000000000, 0.000000000000000000, 1.000000000000000000 ) ) ;
#1450 = LINE ( 'NONE', #3429, #864 ) ;
#1451 = ADVANCED_FACE ( 'NONE', ( #2222 ), #3335, .F. ) ;
#1452 = CARTESIAN_POINT ( 'NONE',  ( 23.09401076758504701, 1.500000000000000000, 0.000000000000000000 ) ) ;
#1453 = CARTESIAN_POINT ( 'NONE',  ( -7.745966692414834931, 1.500000000000000000, 2.499999999999999556 ) ) ;
#1454 = ORIENTED_EDGE ( 'NONE', *, *, #3138, .F. ) ;
#1455 = CARTESIAN_POINT ( 'NONE',  ( 0.000000000000000000, 8.500000000000000000, 2.499999999999999556 ) ) ;
#1456 = CARTESIAN_POINT ( 'NONE',  ( 3.184081677783118191E-16, -1.000000000000000000, -2.600000000000000089 ) ) ;
#1457 = VERTEX_POINT ( 'NONE', #2134 ) ;
#1458 = EDGE_CURVE ( 'NONE', #354, #379, #2886, .T. ) ;
#1459 = DIRECTION ( 'NONE',  ( 0.000000000000000000, 1.000000000000000000, 0.000000000000000000 ) ) ;
#1460 = VECTOR ( 'NONE', #2148, 1000.000000000000000 ) ;
#1461 = ORIENTED_EDGE ( 'NONE', *, *, #2685, .T. ) ;
#1462 = AXIS2_PLACEMENT_3D ( 'NONE', #2850, #856, #1533 ) ;
#1463 = CARTESIAN_POINT ( 'NONE',  ( -0.8418944329644686420, -1.499999999999999556, -8.458203932499113620 ) ) ;
#1464 = AXIS2_PLACEMENT_3D ( 'NONE', #1468, #3245, #2380 ) ;
#1465 = VECTOR ( 'NONE', #3026, 1000.000000000000000 ) ;
#1466 = VECTOR ( 'NONE', #1995, 1000.000000000000000 ) ;
#1467 = DIRECTION ( 'NONE',  ( -0.5000000000000008882, 0.000000000000000000, -0.8660254037844380415 ) ) ;
#1468 = CARTESIAN_POINT ( 'NONE',  ( 0.000000000000000000, 0.000000000000000000, 0.000000000000000000 ) ) ;
#1469 = CARTESIAN_POINT ( 'NONE',  ( 0.000000000000000000, -1.000000000000000000, 0.000000000000000000 ) ) ;
#1470 = ORIENTED_EDGE ( 'NONE', *, *, #2975, .T. ) ;
#1471 = CARTESIAN_POINT ( 'NONE',  ( 0.7428480290867349733, 1.499999999999999556, -7.463121116910937047 ) ) ;
#1472 = ORIENTED_EDGE ( 'NONE', *, *, #2831, .F. ) ;
#1473 = AXIS2_PLACEMENT_3D ( 'NONE', #3405, #1371, #3631 ) ;
#1474 = VECTOR ( 'NONE', #2999, 1000.000000000000000 ) ;
#1475 = VERTEX_POINT ( 'NONE', #3307 ) ;
#1476 = DIRECTION ( 'NONE',  ( -0.000000000000000000, -1.000000000000000000, -0.000000000000000000 ) ) ;
#1477 = FACE_BOUND ( 'NONE', #3661, .T. ) ;
#1478 = ORIENTED_EDGE ( 'NONE', *, *, #1344, .T. ) ;
#1479 = VERTEX_POINT ( 'NONE', #2993 ) ;
#1480 = CARTESIAN_POINT ( 'NONE',  ( -7.745966692414834931, 1.500000000000000000, -2.500000000000000444 ) ) ;
#1481 = ORIENTED_EDGE ( 'NONE', *, *, #2830, .T. ) ;
#1482 = DIRECTION ( 'NONE',  ( 0.000000000000000000, 1.000000000000000000, 0.000000000000000000 ) ) ;
#1483 = DIRECTION ( 'NONE',  ( 0.000000000000000000, 1.000000000000000000, 0.000000000000000000 ) ) ;
#1484 = DIRECTION ( 'NONE',  ( 0.000000000000000000, 0.000000000000000000, -1.000000000000000000 ) ) ;
#1485 = LINE ( 'NONE', #3159, #1535 ) ;
#1486 = CARTESIAN_POINT ( 'NONE',  ( 8.750000000000005329, -1.500000000000000000, 13.60544456622769260 ) ) ;
#1487 = CARTESIAN_POINT ( 'NONE',  ( 0.000000000000000000, -1.000000000000000000, 0.000000000000000000 ) ) ;
#1488 = LINE ( 'NONE', #1745, #463 ) ;
#1489 = ORIENTED_EDGE ( 'NONE', *, *, #1948, .T. ) ;
#1490 = EDGE_CURVE ( 'NONE', #189, #1799, #3608, .T. ) ;
#1491 = EDGE_CURVE ( 'NONE', #980, #1551, #1045, .T. ) ;
#1492 = VERTEX_POINT ( 'NONE', #1309 ) ;
#1493 = CARTESIAN_POINT ( 'NONE',  ( -0.8418944329588039510, 1.499999999999999556, 8.458203932499676725 ) ) ;
#1494 = ORIENTED_EDGE ( 'NONE', *, *, #2951, .F. ) ;
#1495 = CIRCLE ( 'NONE', #431, 0.9999999999999991118 ) ;
#1496 = CYLINDRICAL_SURFACE ( 'NONE', #276, 1.000000000000000888 ) ;
#1497 = VECTOR ( 'NONE', #1682, 1000.000000000000000 ) ;
#1498 = DIRECTION ( 'NONE',  ( -0.000000000000000000, -1.000000000000000000, -0.000000000000000000 ) ) ;
#1499 = CARTESIAN_POINT ( 'NONE',  ( -8.749999999999996447, -1.500000000000000000, 15.15544456622769154 ) ) ;
#1500 = EDGE_CURVE ( 'NONE', #945, #1584, #1097, .T. ) ;
#1501 = DIRECTION ( 'NONE',  ( 0.000000000000000000, 0.000000000000000000, 1.000000000000000000 ) ) ;
#1502 = LINE ( 'NONE', #63, #1717 ) ;
#1503 = LINE ( 'NONE', #2917, #3675 ) ;
#1504 = CIRCLE ( 'NONE', #1810, 4.549999999999998934 ) ;
#1505 = CIRCLE ( 'NONE', #3185, 4.550000000000001599 ) ;
#1506 = ORIENTED_EDGE ( 'NONE', *, *, #2331, .F. ) ;
#1507 = CIRCLE ( 'NONE', #2312, 1.000000000000000000 ) ;
#1508 = LINE ( 'NONE', #66, #3242 ) ;
#1509 = LINE ( 'NONE', #53, #91 ) ;
#1510 = ORIENTED_EDGE ( 'NONE', *, *, #3208, .T. ) ;
#1511 = ORIENTED_EDGE ( 'NONE', *, *, #3399, .T. ) ;
#1512 = AXIS2_PLACEMENT_3D ( 'NONE', #783, #1035, #1079 ) ;
#1513 = ORIENTED_EDGE ( 'NONE', *, *, #2115, .T. ) ;
#1514 = LINE ( 'NONE', #3508, #1366 ) ;
#1515 = ORIENTED_EDGE ( 'NONE', *, *, #2860, .T. ) ;
#1516 = ORIENTED_EDGE ( 'NONE', *, *, #524, .F. ) ;
#1517 = ADVANCED_FACE ( 'NONE', ( #1351 ), #3287, .F. ) ;
#1518 = ORIENTED_EDGE ( 'NONE', *, *, #2801, .F. ) ;
#1519 = CIRCLE ( 'NONE', #3253, 1.000000000000000000 ) ;
#1520 = DIRECTION ( 'NONE',  ( 0.000000000000000000, 0.000000000000000000, 1.000000000000000000 ) ) ;
#1521 = CARTESIAN_POINT ( 'NONE',  ( -23.09401076758504345, -1.500000000000000000, 1.612646152681311659E-13 ) ) ;
#1522 = ADVANCED_FACE ( 'NONE', ( #1069 ), #2449, .F. ) ;
#1523 = VECTOR ( 'NONE', #325, 1000.000000000000000 ) ;
#1524 = VECTOR ( 'NONE', #825, 1000.000000000000000 ) ;
#1525 = DIRECTION ( 'NONE',  ( -0.000000000000000000, -1.000000000000000000, -0.000000000000000000 ) ) ;
#1526 = SURFACE_STYLE_FILL_AREA ( #2033 ) ;
#1527 = DIRECTION ( 'NONE',  ( -0.5000000000000069944, 0.000000000000000000, -0.8660254037844345998 ) ) ;
#1528 = EDGE_CURVE ( 'NONE', #1077, #1457, #3541, .T. ) ;
#1529 = EDGE_LOOP ( 'NONE', ( #2369, #416, #1909, #983, #2260, #1510, #2327, #423, #727, #1839, #3040, #1157, #94 ) ) ;
#1530 = AXIS2_PLACEMENT_3D ( 'NONE', #1788, #3479, #2020 ) ;
#1531 = VERTEX_POINT ( 'NONE', #979 ) ;
#1532 = DIRECTION ( 'NONE',  ( 0.000000000000000000, 0.000000000000000000, 1.000000000000000000 ) ) ;
#1533 = DIRECTION ( 'NONE',  ( -0.5000000000000067724, 0.000000000000000000, -0.8660254037844345998 ) ) ;
#1534 = EDGE_LOOP ( 'NONE', ( #1386, #1927, #1607, #1481 ) ) ;
#1535 = VECTOR ( 'NONE', #592, 1000.000000000000114 ) ;
#1536 = VERTEX_POINT ( 'NONE', #3267 ) ;
#1537 = AXIS2_PLACEMENT_3D ( 'NONE', #501, #1052, #1642 ) ;
#1538 = ORIENTED_EDGE ( 'NONE', *, *, #1110, .F. ) ;
#1539 = LINE ( 'NONE', #1252, #403 ) ;
#1540 = EDGE_CURVE ( 'NONE', #2742, #2146, #150, .T. ) ;
#1541 = ORIENTED_EDGE ( 'NONE', *, *, #225, .F. ) ;
#1542 = VERTEX_POINT ( 'NONE', #729 ) ;
#1543 = VERTEX_POINT ( 'NONE', #1872 ) ;
#1544 = LINE ( 'NONE', #3006, #558 ) ;
#1545 = DIRECTION ( 'NONE',  ( 0.000000000000000000, 1.000000000000000000, 0.000000000000000000 ) ) ;
#1546 = DIRECTION ( 'NONE',  ( 0.000000000000000000, 1.000000000000000000, -0.000000000000000000 ) ) ;
#1547 = CYLINDRICAL_SURFACE ( 'NONE', #1229, 4.550000000000001599 ) ;
#1548 = DIRECTION ( 'NONE',  ( 0.000000000000000000, 0.000000000000000000, 1.000000000000000000 ) ) ;
#1549 = VERTEX_POINT ( 'NONE', #454 ) ;
#1550 = PLANE ( 'NONE',  #1940 ) ;
#1551 = VERTEX_POINT ( 'NONE', #2731 ) ;
#1552 = CARTESIAN_POINT ( 'NONE',  ( -9.469357670820308215, 8.500000000000000000, 10.66266986216874635 ) ) ;
#1553 = ORIENTED_EDGE ( 'NONE', *, *, #1848, .F. ) ;
#1554 = ORIENTED_EDGE ( 'NONE', *, *, #2345, .F. ) ;
#1555 = ORIENTED_EDGE ( 'NONE', *, *, #3023, .F. ) ;
#1556 = CYLINDRICAL_SURFACE ( 'NONE', #926, 1.000000000000000444 ) ;
#1557 = DIRECTION ( 'NONE',  ( -1.051620219116008581E-14, 0.000000000000000000, -1.000000000000000000 ) ) ;
#1558 = VERTEX_POINT ( 'NONE', #1896 ) ;
#1559 = ORIENTED_EDGE ( 'NONE', *, *, #2553, .T. ) ;
#1560 = VERTEX_POINT ( 'NONE', #3042 ) ;
#1561 = EDGE_CURVE ( 'NONE', #2872, #2189, #609, .T. ) ;
#1562 = ORIENTED_EDGE ( 'NONE', *, *, #857, .T. ) ;
#1563 = DIRECTION ( 'NONE',  ( 0.000000000000000000, 0.000000000000000000, 1.000000000000000000 ) ) ;
#1564 = EDGE_CURVE ( 'NONE', #3271, #19, #1579, .T. ) ;
#1565 = LINE ( 'NONE', #2444, #2551 ) ;
#1566 = VECTOR ( 'NONE', #366, 1000.000000000000227 ) ;
#1567 = DIRECTION ( 'NONE',  ( 0.000000000000000000, 0.000000000000000000, -1.000000000000000000 ) ) ;
#1568 = CARTESIAN_POINT ( 'NONE',  ( 11.54700538379247732, 1.500000000000000000, -20.00000000000004263 ) ) ;
#1569 = CARTESIAN_POINT ( 'NONE',  ( 23.09401076758504701, -1.500000000000000000, 0.000000000000000000 ) ) ;
#1570 = EDGE_CURVE ( 'NONE', #1492, #2189, #835, .T. ) ;
#1571 = EDGE_CURVE ( 'NONE', #1297, #2165, #903, .T. ) ;
#1572 = ORIENTED_EDGE ( 'NONE', *, *, #183, .T. ) ;
#1573 = DIRECTION ( 'NONE',  ( -0.000000000000000000, 1.000000000000000000, -0.000000000000000000 ) ) ;
#1574 = CARTESIAN_POINT ( 'NONE',  ( 0.000000000000000000, -1.500000000000000000, 5.000000000000000000 ) ) ;
#1575 = VERTEX_POINT ( 'NONE', #1383 ) ;
#1576 = DIRECTION ( 'NONE',  ( 0.000000000000000000, 0.000000000000000000, 1.000000000000000000 ) ) ;
#1577 = ORIENTED_EDGE ( 'NONE', *, *, #1373, .F. ) ;
#1578 = CIRCLE ( 'NONE', #962, 1.000000000000000000 ) ;
#1579 = CIRCLE ( 'NONE', #2538, 1.000000000000000888 ) ;
#1580 = ORIENTED_EDGE ( 'NONE', *, *, #1405, .T. ) ;
#1581 = CARTESIAN_POINT ( 'NONE',  ( 4.431305835112031133, 8.500000000000000000, -12.67524685028481990 ) ) ;
#1582 = DIRECTION ( 'NONE',  ( 0.000000000000000000, 1.000000000000000000, 0.000000000000000000 ) ) ;
#1583 = ORIENTED_EDGE ( 'NONE', *, *, #1099, .F. ) ;
#1584 = VERTEX_POINT ( 'NONE', #1969 ) ;
#1585 = EDGE_CURVE ( 'NONE', #2992, #3545, #1430, .T. ) ;
#1586 = ORIENTED_EDGE ( 'NONE', *, *, #429, .T. ) ;
#1587 = ORIENTED_EDGE ( 'NONE', *, *, #2510, .F. ) ;
#1588 = LINE ( 'NONE', #1081, #976 ) ;
#1589 = CARTESIAN_POINT ( 'NONE',  ( -15.85111615421191189, -1.500000000000000000, -4.240717163770646003 ) ) ;
#1590 = DIRECTION ( 'NONE',  ( 0.000000000000000000, -1.000000000000000000, 0.000000000000000000 ) ) ;
#1591 = DIRECTION ( 'NONE',  ( 0.000000000000000000, 0.000000000000000000, 1.000000000000000000 ) ) ;
#1592 = AXIS2_PLACEMENT_3D ( 'NONE', #1568, #2706, #3560 ) ;
#1593 = AXIS2_PLACEMENT_3D ( 'NONE', #2303, #2868, #2550 ) ;
#1594 = ORIENTED_EDGE ( 'NONE', *, *, #2938, .F. ) ;
#1595 = DIRECTION ( 'NONE',  ( 0.000000000000000000, 1.000000000000000000, 0.000000000000000000 ) ) ;
#1596 = DIRECTION ( 'NONE',  ( -0.000000000000000000, -1.000000000000000000, -0.000000000000000000 ) ) ;
#1597 = VERTEX_POINT ( 'NONE', #264 ) ;
#1598 = CARTESIAN_POINT ( 'NONE',  ( 12.22408882090945781, 8.500000000000000000, -10.82725708595005543 ) ) ;
#1599 = ORIENTED_EDGE ( 'NONE', *, *, #1730, .F. ) ;
#1600 = VECTOR ( 'NONE', #2269, 1000.000000000000000 ) ;
#1601 = AXIS2_PLACEMENT_3D ( 'NONE', #487, #1339, #2760 ) ;
#1602 = ORIENTED_EDGE ( 'NONE', *, *, #188, .T. ) ;
#1603 = AXIS2_PLACEMENT_3D ( 'NONE', #1426, #2566, #517 ) ;
#1604 = CARTESIAN_POINT ( 'NONE',  ( -0.8418944329588039510, 8.500000000000000000, 8.458203932499676725 ) ) ;
#1605 = DIRECTION ( 'NONE',  ( 0.000000000000000000, 1.000000000000000000, 0.000000000000000000 ) ) ;
#1606 = CIRCLE ( 'NONE', #765, 1.000000000000000000 ) ;
#1607 = ORIENTED_EDGE ( 'NONE', *, *, #1349, .F. ) ;
#1608 = ORIENTED_EDGE ( 'NONE', *, *, #1628, .F. ) ;
#1609 = FACE_OUTER_BOUND ( 'NONE', #2349, .T. ) ;
#1610 = ORIENTED_EDGE ( 'NONE', *, *, #802, .F. ) ;
#1611 = CYLINDRICAL_SURFACE ( 'NONE', #2123, 1.000000000000000888 ) ;
#1612 = CARTESIAN_POINT ( 'NONE',  ( 4.252989283015871536, 8.500000000000000000, -15.84782784977072012 ) ) ;
#1613 = CARTESIAN_POINT ( 'NONE',  ( -11.59812687119602614, 1.499999999999999556, 11.60711068600008744 ) ) ;
#1614 = EDGE_LOOP ( 'NONE', ( #1922, #1765, #3562, #760 ) ) ;
#1615 = DIRECTION ( 'NONE',  ( 0.000000000000000000, 0.000000000000000000, -1.000000000000000000 ) ) ;
#1616 = CARTESIAN_POINT ( 'NONE',  ( -1.707919836743243325, -1.500000000000000000, 7.958203932499676725 ) ) ;
#1617 = VERTEX_POINT ( 'NONE', #1979 ) ;
#1618 = DIRECTION ( 'NONE',  ( 0.000000000000000000, 1.000000000000000000, 0.000000000000000000 ) ) ;
#1619 = DIRECTION ( 'NONE',  ( -0.000000000000000000, -1.000000000000000000, -0.000000000000000000 ) ) ;
#1620 = EDGE_LOOP ( 'NONE', ( #3031, #2981, #2998, #2995 ) ) ;
#1621 = ORIENTED_EDGE ( 'NONE', *, *, #1840, .F. ) ;
#1622 = DIRECTION ( 'NONE',  ( -0.000000000000000000, -1.000000000000000000, -0.000000000000000000 ) ) ;
#1623 = ADVANCED_FACE ( 'NONE', ( #246 ), #807, .F. ) ;
#1624 = DIRECTION ( 'NONE',  ( -0.000000000000000000, 1.000000000000000000, -0.000000000000000000 ) ) ;
#1625 = DIRECTION ( 'NONE',  ( 0.000000000000000000, 0.000000000000000000, 1.000000000000000000 ) ) ;
#1626 = ORIENTED_EDGE ( 'NONE', *, *, #1244, .T. ) ;
#1627 = ORIENTED_EDGE ( 'NONE', *, *, #551, .T. ) ;
#1628 = EDGE_CURVE ( 'NONE', #236, #784, #1699, .T. ) ;
#1629 = DIRECTION ( 'NONE',  ( 0.000000000000000000, 0.000000000000000000, -1.000000000000000000 ) ) ;
#1630 = EDGE_LOOP ( 'NONE', ( #2759, #2590, #1553, #1489 ) ) ;
#1631 = DIRECTION ( 'NONE',  ( -3.469446951953611033E-15, 0.000000000000000000, 1.000000000000000000 ) ) ;
#1632 = ADVANCED_FACE ( 'NONE', ( #3685 ), #545, .F. ) ;
#1633 = CARTESIAN_POINT ( 'NONE',  ( 0.7428480290817280896, -1.500000000000000000, 7.463121116911435315 ) ) ;
#1634 = CARTESIAN_POINT ( 'NONE',  ( 13.09011422469398767, 8.500000000000000000, 11.32725708595013181 ) ) ;
#1635 = CIRCLE ( 'NONE', #365, 5.000000000000000000 ) ;
#1636 = EDGE_CURVE ( 'NONE', #2620, #872, #77, .T. ) ;
#1637 = CIRCLE ( 'NONE', #1260, 1.549999999999999378 ) ;
#1638 = DIRECTION ( 'NONE',  ( -0.000000000000000000, 1.000000000000000000, -0.000000000000000000 ) ) ;
#1639 = DIRECTION ( 'NONE',  ( 0.000000000000000000, 1.000000000000000000, 0.000000000000000000 ) ) ;
#1640 = CARTESIAN_POINT ( 'NONE',  ( 0.000000000000000000, 8.500000000000000000, 0.000000000000000000 ) ) ;
#1641 = ORIENTED_EDGE ( 'NONE', *, *, #3282, .F. ) ;
#1642 = DIRECTION ( 'NONE',  ( 0.000000000000000000, 0.000000000000000000, -1.000000000000000000 ) ) ;
#1643 = DIRECTION ( 'NONE',  ( 0.000000000000000000, 0.000000000000000000, 1.000000000000000000 ) ) ;
#1644 = DIRECTION ( 'NONE',  ( 0.000000000000000000, 0.000000000000000000, -1.000000000000000000 ) ) ;
#1645 = ORIENTED_EDGE ( 'NONE', *, *, #119, .F. ) ;
#1646 = ORIENTED_EDGE ( 'NONE', *, *, #3334, .F. ) ;
#1647 = AXIS2_PLACEMENT_3D ( 'NONE', #3132, #3408, #1139 ) ;
#1648 = ORIENTED_EDGE ( 'NONE', *, *, #1165, .T. ) ;
#1649 = DIRECTION ( 'NONE',  ( 0.000000000000000000, 0.000000000000000000, -1.000000000000000000 ) ) ;
#1650 = ADVANCED_FACE ( 'NONE', ( #1400 ), #3098, .T. ) ;
#1651 = CARTESIAN_POINT ( 'NONE',  ( 0.000000000000000000, 8.500000000000000000, 16.99999999999987566 ) ) ;
#1652 = EDGE_CURVE ( 'NONE', #1704, #3567, #2640, .T. ) ;
#1653 = DIRECTION ( 'NONE',  ( 0.000000000000000000, 1.000000000000000000, 0.000000000000000000 ) ) ;
#1654 = EDGE_CURVE ( 'NONE', #1549, #1944, #2837, .T. ) ;
#1655 = AXIS2_PLACEMENT_3D ( 'NONE', #2721, #222, #1649 ) ;
#1656 = CARTESIAN_POINT ( 'NONE',  ( 6.123233995736766282E-16, -1.500000000000000000, -5.000000000000000000 ) ) ;
#1657 = DIRECTION ( 'NONE',  ( -0.000000000000000000, 1.000000000000000000, -0.000000000000000000 ) ) ;
#1658 = CARTESIAN_POINT ( 'NONE',  ( 8.750000000000005329, -1.500000000000000000, 15.15544456622768976 ) ) ;
#1659 = ORIENTED_EDGE ( 'NONE', *, *, #664, .T. ) ;
#1660 = AXIS2_PLACEMENT_3D ( 'NONE', #1897, #3609, #3564 ) ;
#1661 = LINE ( 'NONE', #2518, #1669 ) ;
#1662 = DIRECTION ( 'NONE',  ( 0.000000000000000000, 0.000000000000000000, 1.000000000000000000 ) ) ;
#1663 = DIRECTION ( 'NONE',  ( 0.5000000000000068834, -0.000000000000000000, 0.8660254037844345998 ) ) ;
#1664 = VERTEX_POINT ( 'NONE', #1656 ) ;
#1665 = ORIENTED_EDGE ( 'NONE', *, *, #841, .T. ) ;
#1666 = AXIS2_PLACEMENT_3D ( 'NONE', #2473, #496, #1048 ) ;
#1667 = DIRECTION ( 'NONE',  ( 0.000000000000000000, 0.000000000000000000, -1.000000000000000000 ) ) ;
#1668 = VECTOR ( 'NONE', #2896, 1000.000000000000000 ) ;
#1669 = VECTOR ( 'NONE', #2142, 1000.000000000000000 ) ;
#1670 = DIRECTION ( 'NONE',  ( -0.000000000000000000, -1.000000000000000000, -0.000000000000000000 ) ) ;
#1671 = CARTESIAN_POINT ( 'NONE',  ( 11.59812687119604213, 1.499999999999999556, -11.60711068600007856 ) ) ;
#1672 = DIRECTION ( 'NONE',  ( 0.000000000000000000, 0.000000000000000000, 1.000000000000000000 ) ) ;
#1673 = CARTESIAN_POINT ( 'NONE',  ( -12.22408882090950932, -1.499999999999999556, -10.82725708595003233 ) ) ;
#1674 = CARTESIAN_POINT ( 'NONE',  ( 11.54700538379247732, 1.500000000000000000, -20.00000000000004263 ) ) ;
#1675 = ORIENTED_EDGE ( 'NONE', *, *, #2378, .T. ) ;
#1676 = FACE_OUTER_BOUND ( 'NONE', #2634, .T. ) ;
#1677 = DIRECTION ( 'NONE',  ( 8.673617379884035472E-16, 0.000000000000000000, 1.000000000000000000 ) ) ;
#1678 = FACE_OUTER_BOUND ( 'NONE', #2475, .T. ) ;
#1679 = ORIENTED_EDGE ( 'NONE', *, *, #1564, .T. ) ;
#1680 = DIRECTION ( 'NONE',  ( 0.8660254037844384856, -0.000000000000000000, 0.5000000000000004441 ) ) ;
#1681 = CARTESIAN_POINT ( 'NONE',  ( 0.000000000000000000, 1.499999999999999556, 0.000000000000000000 ) ) ;
#1682 = DIRECTION ( 'NONE',  ( -0.000000000000000000, -1.000000000000000000, -0.000000000000000000 ) ) ;
#1683 = EDGE_LOOP ( 'NONE', ( #1290, #3176, #2120, #2442 ) ) ;
#1684 = EDGE_CURVE ( 'NONE', #1801, #731, #1101, .T. ) ;
#1685 = CARTESIAN_POINT ( 'NONE',  ( -6.834676493307206613, 1.499999999999999556, 3.088235294117646301 ) ) ;
#1686 = DIRECTION ( 'NONE',  ( -0.000000000000000000, -1.000000000000000000, -0.000000000000000000 ) ) ;
#1687 = DIRECTION ( 'NONE',  ( -0.000000000000000000, -1.000000000000000000, -0.000000000000000000 ) ) ;
#1688 = EDGE_CURVE ( 'NONE', #3222, #2921, #2282, .T. ) ;
#1689 = VERTEX_POINT ( 'NONE', #1685 ) ;
#1690 = ADVANCED_FACE ( 'NONE', ( #2272 ), #233, .T. ) ;
#1691 = VECTOR ( 'NONE', #121, 1000.000000000000000 ) ;
#1692 = CYLINDRICAL_SURFACE ( 'NONE', #3009, 1.000000000000000000 ) ;
#1693 = CARTESIAN_POINT ( 'NONE',  ( -3.264635279283147007, 1.500000000000000000, -16.99999999999996447 ) ) ;
#1694 = EDGE_CURVE ( 'NONE', #1314, #2298, #576, .T. ) ;
#1695 = PLANE ( 'NONE',  #1174 ) ;
#1696 = EDGE_CURVE ( 'NONE', #3005, #1270, #3373, .T. ) ;
#1697 = CIRCLE ( 'NONE', #1448, 1.000000000000000888 ) ;
#1698 = CIRCLE ( 'NONE', #2582, 5.000000000000000000 ) ;
#1699 = CIRCLE ( 'NONE', #266, 1.000000000000000888 ) ;
#1700 = CARTESIAN_POINT ( 'NONE',  ( 0.000000000000000000, -1.500000000000000000, 0.000000000000000000 ) ) ;
#1701 = CARTESIAN_POINT ( 'NONE',  ( -8.750000000000053291, 8.500000000000000000, -15.15544456622765246 ) ) ;
#1702 = CARTESIAN_POINT ( 'NONE',  ( 3.565280431325201338, 8.500000000000000000, 13.17524685029107800 ) ) ;
#1703 = CYLINDRICAL_SURFACE ( 'NONE', #42, 1.549999999999999378 ) ;
#1704 = VERTEX_POINT ( 'NONE', #316 ) ;
#1705 = AXIS2_PLACEMENT_3D ( 'NONE', #3623, #490, #446 ) ;
#1706 = CARTESIAN_POINT ( 'NONE',  ( 0.000000000000000000, -1.500000000000000000, -7.500000000000000000 ) ) ;
#1707 = PLANE ( 'NONE',  #1462 ) ;
#1708 = CIRCLE ( 'NONE', #2208, 1.550000000000002709 ) ;
#1709 = CIRCLE ( 'NONE', #1769, 1.549999999999999378 ) ;
#1710 = CARTESIAN_POINT ( 'NONE',  ( 9.627458257820958210, 1.499999999999999556, -9.675246850288791833 ) ) ;
#1711 = ORIENTED_EDGE ( 'NONE', *, *, #1291, .T. ) ;
#1712 = CIRCLE ( 'NONE', #2725, 7.500000000000000000 ) ;
#1713 = AXIS2_PLACEMENT_3D ( 'NONE', #3649, #1624, #1092 ) ;
#1714 = DIRECTION ( 'NONE',  ( -0.000000000000000000, -1.000000000000000000, -0.000000000000000000 ) ) ;
#1715 = CARTESIAN_POINT ( 'NONE',  ( -12.22408882090950932, 1.499999999999999556, -10.82725708595003233 ) ) ;
#1716 = AXIS2_PLACEMENT_3D ( 'NONE', #758, #3636, #2161 ) ;
#1717 = VECTOR ( 'NONE', #1168, 1000.000000000000114 ) ;
#1718 = AXIS2_PLACEMENT_3D ( 'NONE', #1493, #2632, #3525 ) ;
#1719 = CARTESIAN_POINT ( 'NONE',  ( 2.165063509463540203, 1.500000000000000000, 1.250000000001411982 ) ) ;
#1720 = CARTESIAN_POINT ( 'NONE',  ( -17.50000000000000000, -1.500000000000000000, 1.769808360342463528E-14 ) ) ;
#1721 = DIRECTION ( 'NONE',  ( 0.000000000000000000, 0.000000000000000000, 1.000000000000000000 ) ) ;
#1722 = DIRECTION ( 'NONE',  ( 0.000000000000000000, 0.000000000000000000, 1.000000000000000000 ) ) ;
#1723 = VECTOR ( 'NONE', #1132, 1000.000000000000000 ) ;
#1724 = DIRECTION ( 'NONE',  ( -0.000000000000000000, 1.000000000000000000, -0.000000000000000000 ) ) ;
#1725 = ORIENTED_EDGE ( 'NONE', *, *, #3334, .T. ) ;
#1726 = ADVANCED_FACE ( 'NONE', ( #1737 ), #896, .F. ) ;
#1727 = CARTESIAN_POINT ( 'NONE',  ( 11.54700538379275621, 1.500000000000000000, 19.99999999999987566 ) ) ;
#1728 = CARTESIAN_POINT ( 'NONE',  ( 6.038046855670322621, -1.500000000000000000, -5.458203932496852318 ) ) ;
#1729 = EDGE_CURVE ( 'NONE', #2982, #1831, #1507, .T. ) ;
#1730 = EDGE_CURVE ( 'NONE', #2225, #2316, #2621, .T. ) ;
#1731 = DIRECTION ( 'NONE',  ( 0.000000000000000000, 0.000000000000000000, 1.000000000000000000 ) ) ;
#1732 = EDGE_CURVE ( 'NONE', #2958, #980, #1324, .T. ) ;
#1733 = EDGE_CURVE ( 'NONE', #721, #2406, #2877, .T. ) ;
#1734 = EDGE_CURVE ( 'NONE', #1186, #2818, #2463, .T. ) ;
#1735 = DIRECTION ( 'NONE',  ( 0.000000000000000000, 1.000000000000000000, 0.000000000000000000 ) ) ;
#1736 = LINE ( 'NONE', #1785, #2099 ) ;
#1737 = FACE_OUTER_BOUND ( 'NONE', #3586, .T. ) ;
#1738 = DIRECTION ( 'NONE',  ( 0.4999999999999948930, 0.000000000000000000, -0.8660254037844415942 ) ) ;
#1739 = DIRECTION ( 'NONE',  ( 0.000000000000000000, 1.000000000000000000, 0.000000000000000000 ) ) ;
#1740 = FACE_OUTER_BOUND ( 'NONE', #1620, .T. ) ;
#1741 = ORIENTED_EDGE ( 'NONE', *, *, #292, .F. ) ;
#1742 = EDGE_CURVE ( 'NONE', #392, #3279, #2343, .T. ) ;
#1743 = EDGE_CURVE ( 'NONE', #2229, #2057, #2332, .T. ) ;
#1744 = CARTESIAN_POINT ( 'NONE',  ( 2.165063509463540203, -1.500000000000000000, 1.250000000001411982 ) ) ;
#1745 = CARTESIAN_POINT ( 'NONE',  ( 11.54700538379275621, 1.500000000000000000, 19.99999999999987566 ) ) ;
#1746 = ORIENTED_EDGE ( 'NONE', *, *, #746, .T. ) ;
#1747 = CIRCLE ( 'NONE', #256, 4.550000000000001599 ) ;
#1748 = CARTESIAN_POINT ( 'NONE',  ( 12.22408882090945781, -1.499999999999999556, -11.82725708595005720 ) ) ;
#1749 = AXIS2_PLACEMENT_3D ( 'NONE', #1700, #570, #243 ) ;
#1750 = ORIENTED_EDGE ( 'NONE', *, *, #723, .T. ) ;
#1751 = DIRECTION ( 'NONE',  ( -0.000000000000000000, -1.000000000000000000, -0.000000000000000000 ) ) ;
#1752 = VECTOR ( 'NONE', #1573, 1000.000000000000000 ) ;
#1753 = DIRECTION ( 'NONE',  ( 0.000000000000000000, 0.000000000000000000, 1.000000000000000000 ) ) ;
#1754 = AXIS2_PLACEMENT_3D ( 'NONE', #1865, #1276, #678 ) ;
#1755 = AXIS2_PLACEMENT_3D ( 'NONE', #2235, #3370, #532 ) ;
#1756 = FACE_OUTER_BOUND ( 'NONE', #3451, .T. ) ;
#1757 = DIRECTION ( 'NONE',  ( 0.000000000000000000, 0.000000000000000000, -1.000000000000000000 ) ) ;
#1758 = CYLINDRICAL_SURFACE ( 'NONE', #1828, 1.000000000000000000 ) ;
#1759 = ORIENTED_EDGE ( 'NONE', *, *, #1842, .F. ) ;
#1760 = ADVANCED_FACE ( 'NONE', ( #1774 ), #3476, .F. ) ;
#1761 = ORIENTED_EDGE ( 'NONE', *, *, #1066, .F. ) ;
#1762 = DIRECTION ( 'NONE',  ( 0.000000000000000000, 1.000000000000000000, 0.000000000000000000 ) ) ;
#1763 = LINE ( 'NONE', #37, #2594 ) ;
#1764 = ORIENTED_EDGE ( 'NONE', *, *, #1175, .T. ) ;
#1765 = ORIENTED_EDGE ( 'NONE', *, *, #1418, .T. ) ;
#1766 = FACE_BOUND ( 'NONE', #714, .T. ) ;
#1767 = VECTOR ( 'NONE', #3364, 1000.000000000000000 ) ;
#1768 = ORIENTED_EDGE ( 'NONE', *, *, #1585, .T. ) ;
#1769 = AXIS2_PLACEMENT_3D ( 'NONE', #1328, #1639, #1352 ) ;
#1770 = DIRECTION ( 'NONE',  ( -0.000000000000000000, -1.000000000000000000, -0.000000000000000000 ) ) ;
#1771 = VECTOR ( 'NONE', #3616, 1000.000000000000000 ) ;
#1772 = EDGE_CURVE ( 'NONE', #2678, #456, #915, .T. ) ;
#1773 = AXIS2_PLACEMENT_3D ( 'NONE', #153, #2751, #193 ) ;
#1774 = FACE_OUTER_BOUND ( 'NONE', #2468, .T. ) ;
#1775 = CARTESIAN_POINT ( 'NONE',  ( -14.72243186433550477, -1.500000000000000000, -8.499999999999911182 ) ) ;
#1776 = ADVANCED_FACE ( 'NONE', ( #1756 ), #2928, .F. ) ;
#1777 = DIRECTION ( 'NONE',  ( 0.000000000000000000, 0.000000000000000000, 1.000000000000000000 ) ) ;
#1778 = FACE_BOUND ( 'NONE', #648, .T. ) ;
#1779 = CARTESIAN_POINT ( 'NONE',  ( -0.8418944329588039510, -1.499999999999999556, 7.458203932499677613 ) ) ;
#1780 = ORIENTED_EDGE ( 'NONE', *, *, #2005, .F. ) ;
#1781 = VERTEX_POINT ( 'NONE', #348 ) ;
#1782 = CARTESIAN_POINT ( 'NONE',  ( 15.85111615421197584, 8.500000000000000000, 4.240717163770687748 ) ) ;
#1783 = ORIENTED_EDGE ( 'NONE', *, *, #3666, .T. ) ;
#1784 = DIRECTION ( 'NONE',  ( 0.000000000000000000, 0.000000000000000000, -1.000000000000000000 ) ) ;
#1785 = CARTESIAN_POINT ( 'NONE',  ( -3.264635279283147007, 8.500000000000000000, -16.99999999999996447 ) ) ;
#1786 = CARTESIAN_POINT ( 'NONE',  ( -8.750000000000053291, 1.499999999999999556, -15.15544456622765246 ) ) ;
#1787 = CARTESIAN_POINT ( 'NONE',  ( 0.000000000000000000, 1.500000000000000000, -2.500000000000000444 ) ) ;
#1788 = CARTESIAN_POINT ( 'NONE',  ( 0.000000000000000000, 1.499999999999999556, 0.000000000000000000 ) ) ;
#1789 = ORIENTED_EDGE ( 'NONE', *, *, #2331, .T. ) ;
#1790 = EDGE_CURVE ( 'NONE', #2458, #1163, #1495, .T. ) ;
#1791 = DIRECTION ( 'NONE',  ( 0.000000000000000000, 0.000000000000000000, -1.000000000000000000 ) ) ;
#1792 = FACE_BOUND ( 'NONE', #1921, .T. ) ;
#1793 = EDGE_LOOP ( 'NONE', ( #1249, #2374, #3311, #3257 ) ) ;
#1794 = ORIENTED_EDGE ( 'NONE', *, *, #2685, .F. ) ;
#1795 = ORIENTED_EDGE ( 'NONE', *, *, #3168, .F. ) ;
#1796 = DIRECTION ( 'NONE',  ( 0.000000000000000000, 0.000000000000000000, 1.000000000000000000 ) ) ;
#1797 = EDGE_CURVE ( 'NONE', #2657, #1664, #1635, .T. ) ;
#1798 = VERTEX_POINT ( 'NONE', #3157 ) ;
#1799 = VERTEX_POINT ( 'NONE', #2324 ) ;
#1800 = AXIS2_PLACEMENT_3D ( 'NONE', #1258, #974, #186 ) ;
#1801 = VERTEX_POINT ( 'NONE', #2952 ) ;
#1802 = ORIENTED_EDGE ( 'NONE', *, *, #2291, .T. ) ;
#1803 = ADVANCED_FACE ( 'NONE', ( #590 ), #2032, .T. ) ;
#1804 = CIRCLE ( 'NONE', #3233, 0.9999999999999991118 ) ;
#1805 = CARTESIAN_POINT ( 'NONE',  ( -8.761432854035909656, -1.499999999999999556, -10.17524685028865861 ) ) ;
#1806 = DIRECTION ( 'NONE',  ( 0.000000000000000000, 0.000000000000000000, 1.000000000000000000 ) ) ;
#1807 = DIRECTION ( 'NONE',  ( -1.000000000000000000, 0.000000000000000000, -0.000000000000000000 ) ) ;
#1808 = PRODUCT_CONTEXT ( 'NONE', #2808, 'mechanical' ) ;
#1809 = DIRECTION ( 'NONE',  ( -0.000000000000000000, -1.000000000000000000, -0.000000000000000000 ) ) ;
#1810 = AXIS2_PLACEMENT_3D ( 'NONE', #1812, #3179, #610 ) ;
#1811 = EDGE_LOOP ( 'NONE', ( #2439, #2416, #2931, #307 ) ) ;
#1812 = CARTESIAN_POINT ( 'NONE',  ( 8.750000000000003553, 1.499999999999999556, -15.15544456622767733 ) ) ;
#1813 = DIRECTION ( 'NONE',  ( 0.000000000000000000, 0.000000000000000000, 1.000000000000000000 ) ) ;
#1814 = VERTEX_POINT ( 'NONE', #2047 ) ;
#1815 = ORIENTED_EDGE ( 'NONE', *, *, #1185, .F. ) ;
#1816 = EDGE_LOOP ( 'NONE', ( #2505, #399, #1072, #1841 ) ) ;
#1817 = DIRECTION ( 'NONE',  ( 0.000000000000000000, 1.000000000000000000, 0.000000000000000000 ) ) ;
#1818 = EDGE_LOOP ( 'NONE', ( #1275, #3247, #1608, #373 ) ) ;
#1819 = ORIENTED_EDGE ( 'NONE', *, *, #2103, .T. ) ;
#1820 = AXIS2_PLACEMENT_3D ( 'NONE', #890, #2278, #1427 ) ;
#1821 = FILL_AREA_STYLE_COLOUR ( '', #860 ) ;
#1822 = CARTESIAN_POINT ( 'NONE',  ( 0.000000000000000000, -1.500000000000000000, -2.500000000000000444 ) ) ;
#1823 = VECTOR ( 'NONE', #3127, 1000.000000000000000 ) ;
#1824 = AXIS2_PLACEMENT_3D ( 'NONE', #1673, #2810, #1721 ) ;
#1825 = DIRECTION ( 'NONE',  ( -0.000000000000000000, -1.000000000000000000, -0.000000000000000000 ) ) ;
#1826 = DIRECTION ( 'NONE',  ( 0.000000000000000000, 0.000000000000000000, 1.000000000000000000 ) ) ;
#1827 = DIRECTION ( 'NONE',  ( -0.000000000000000000, -1.000000000000000000, -0.000000000000000000 ) ) ;
#1828 = AXIS2_PLACEMENT_3D ( 'NONE', #3213, #1153, #2326 ) ;
#1829 = ORIENTED_EDGE ( 'NONE', *, *, #3166, .T. ) ;
#1830 = DIRECTION ( 'NONE',  ( 0.000000000000000000, 0.000000000000000000, 1.000000000000000000 ) ) ;
#1831 = VERTEX_POINT ( 'NONE', #2067 ) ;
#1832 = PLANE ( 'NONE',  #2307 ) ;
#1833 = ORIENTED_EDGE ( 'NONE', *, *, #1848, .T. ) ;
#1834 = AXIS2_PLACEMENT_3D ( 'NONE', #2259, #2224, #3100 ) ;
#1835 = ORIENTED_EDGE ( 'NONE', *, *, #671, .F. ) ;
#1836 = CIRCLE ( 'NONE', #284, 1.000000000000000000 ) ;
#1837 = ORIENTED_EDGE ( 'NONE', *, *, #2121, .T. ) ;
#1838 = LINE ( 'NONE', #1782, #2016 ) ;
#1839 = ORIENTED_EDGE ( 'NONE', *, *, #2377, .T. ) ;
#1840 = EDGE_CURVE ( 'NONE', #1011, #3574, #2379, .T. ) ;
#1841 = ORIENTED_EDGE ( 'NONE', *, *, #3442, .F. ) ;
#1842 = EDGE_CURVE ( 'NONE', #3347, #3270, #951, .T. ) ;
#1843 = ORIENTED_EDGE ( 'NONE', *, *, #1014, .T. ) ;
#1844 = EDGE_CURVE ( 'NONE', #1341, #1558, #2528, .T. ) ;
#1845 = DIRECTION ( 'NONE',  ( 0.000000000000000000, 1.000000000000000000, 0.000000000000000000 ) ) ;
#1846 = EDGE_CURVE ( 'NONE', #638, #354, #2401, .T. ) ;
#1847 = ORIENTED_EDGE ( 'NONE', *, *, #3113, .T. ) ;
#1848 = EDGE_CURVE ( 'NONE', #2800, #2088, #310, .T. ) ;
#1849 = FACE_OUTER_BOUND ( 'NONE', #2451, .T. ) ;
#1850 = FACE_OUTER_BOUND ( 'NONE', #1997, .T. ) ;
#1851 = ORIENTED_EDGE ( 'NONE', *, *, #1966, .T. ) ;
#1852 = CARTESIAN_POINT ( 'NONE',  ( 0.000000000000000000, 8.500000000000000000, -2.500000000000000444 ) ) ;
#1853 = CARTESIAN_POINT ( 'NONE',  ( -17.50000000000000000, -1.500000000000000000, 1.769808360342463528E-14 ) ) ;
#1854 = ORIENTED_EDGE ( 'NONE', *, *, #1176, .T. ) ;
#1855 = DIRECTION ( 'NONE',  ( -0.000000000000000000, -1.000000000000000000, -0.000000000000000000 ) ) ;
#1856 = ORIENTED_EDGE ( 'NONE', *, *, #81, .T. ) ;
#1857 = EDGE_CURVE ( 'NONE', #19, #1558, #3244, .T. ) ;
#1858 = ORIENTED_EDGE ( 'NONE', *, *, #2938, .T. ) ;
#1859 = EDGE_LOOP ( 'NONE', ( #715, #3200, #2096, #3249 ) ) ;
#1860 = CARTESIAN_POINT ( 'NONE',  ( -2.165063509463149405, -1.500000000000000000, 1.250000000001184386 ) ) ;
#1861 = DIRECTION ( 'NONE',  ( 0.000000000000000000, 0.000000000000000000, 1.000000000000000000 ) ) ;
#1862 = VERTEX_POINT ( 'NONE', #2489 ) ;
#1863 = ORIENTED_EDGE ( 'NONE', *, *, #1992, .F. ) ;
#1864 = ORIENTED_EDGE ( 'NONE', *, *, #3674, .F. ) ;
#1865 = CARTESIAN_POINT ( 'NONE',  ( 8.750000000000003553, 1.500000000000000000, -15.15544456622767733 ) ) ;
#1866 = DIRECTION ( 'NONE',  ( 0.000000000000000000, 1.000000000000000000, 0.000000000000000000 ) ) ;
#1867 = AXIS2_PLACEMENT_3D ( 'NONE', #2362, #659, #1807 ) ;
#1868 = CARTESIAN_POINT ( 'NONE',  ( 4.499464137392734209, 8.500000000000000000, 13.53203923154091903 ) ) ;
#1869 = DIRECTION ( 'NONE',  ( -0.000000000000000000, -1.000000000000000000, -0.000000000000000000 ) ) ;
#1870 = CLOSED_SHELL ( 'NONE', ( #2025, #677, #2113, #586, #481, #1451, #1760, #2655, #2107, #938, #3606, #921, #2653, #54, #3403, #966, #707, #2255, #3497, #970, #1082, #3539, #3029, #3577, #3340, #3071, #1408, #3473, #2059, #753, #2382, #1148, #3095, #3485, #1803, #2784, #1379, #3015, #1963, #2419, #1650, #3281, #2252, #1776, #10, #853, #2893, #2517, #1690, #794, #322, #1446, #2488, #2071, #2604, #179, #141, #3395, #11, #762, #1930, #2013, #2936, #539, #522, #2969, #2015, #2469, #624, #1138, #3221, #3457, #1623, #2167, #244, #407, #1130, #290, #2248, #3600, #208, #1068, #1726, #3135, #76, #3129, #3427, #1215, #1517, #3447, #3197, #3125, #210, #1522, #3165, #2394, #1387, #2781, #572, #2664, #3177, #2585, #1250, #1632, #3601, #3328 ) ) ;
#1871 = EDGE_LOOP ( 'NONE', ( #2432, #430, #1033, #2761 ) ) ;
#1872 = CARTESIAN_POINT ( 'NONE',  ( -6.091828464221601180, 1.499999999999999556, 4.374885822795778090 ) ) ;
#1873 = FACE_OUTER_BOUND ( 'NONE', #111, .T. ) ;
#1874 = ORIENTED_EDGE ( 'NONE', *, *, #1491, .F. ) ;
#1875 = LINE ( 'NONE', #3338, #2852 ) ;
#1876 = AXIS2_PLACEMENT_3D ( 'NONE', #2153, #1638, #1936 ) ;
#1877 = CARTESIAN_POINT ( 'NONE',  ( 0.8418944329592917830, 1.499999999999999556, 8.458203932499626987 ) ) ;
#1878 = ORIENTED_EDGE ( 'NONE', *, *, #3546, .F. ) ;
#1879 = VECTOR ( 'NONE', #1419, 1000.000000000000000 ) ;
#1880 = AXIS2_PLACEMENT_3D ( 'NONE', #1701, #850, #3404 ) ;
#1881 = EDGE_LOOP ( 'NONE', ( #3234, #3505, #1273, #1764 ) ) ;
#1882 = DIRECTION ( 'NONE',  ( 0.000000000000000000, 1.000000000000000000, 0.000000000000000000 ) ) ;
#1883 = CARTESIAN_POINT ( 'NONE',  ( 6.834676493307206613, 8.500000000000000000, -3.088235294117646745 ) ) ;
#1884 = ORIENTED_EDGE ( 'NONE', *, *, #1636, .F. ) ;
#1885 = EDGE_LOOP ( 'NONE', ( #1759, #418, #2457, #1780 ) ) ;
#1886 = ORIENTED_EDGE ( 'NONE', *, *, #183, .F. ) ;
#1887 = ORIENTED_EDGE ( 'NONE', *, *, #563, .F. ) ;
#1888 = FACE_OUTER_BOUND ( 'NONE', #2876, .T. ) ;
#1889 = CARTESIAN_POINT ( 'NONE',  ( 0.000000000000000000, -1.500000000000000000, 0.000000000000000000 ) ) ;
#1890 = DIRECTION ( 'NONE',  ( 0.4999999999999997780, -0.000000000000000000, 0.8660254037844387076 ) ) ;
#1891 = AXIS2_PLACEMENT_3D ( 'NONE', #169, #122, #683 ) ;
#1892 = EDGE_CURVE ( 'NONE', #1325, #2924, #3535, .T. ) ;
#1893 = AXIS2_PLACEMENT_3D ( 'NONE', #110, #922, #2647 ) ;
#1894 = ORIENTED_EDGE ( 'NONE', *, *, #453, .T. ) ;
#1895 = EDGE_CURVE ( 'NONE', #40, #1492, #3413, .T. ) ;
#1896 = CARTESIAN_POINT ( 'NONE',  ( -4.252989283015923050, 1.499999999999999556, -15.84782784977071657 ) ) ;
#1897 = CARTESIAN_POINT ( 'NONE',  ( 0.000000000000000000, -1.000000000000000000, 0.000000000000000000 ) ) ;
#1898 = ORIENTED_EDGE ( 'NONE', *, *, #3633, .F. ) ;
#1899 = FACE_OUTER_BOUND ( 'NONE', #2557, .T. ) ;
#1900 = ORIENTED_EDGE ( 'NONE', *, *, #1694, .T. ) ;
#1901 = CIRCLE ( 'NONE', #3341, 1.000000000000000000 ) ;
#1902 = VECTOR ( 'NONE', #3359, 1000.000000000000000 ) ;
#1903 = ORIENTED_EDGE ( 'NONE', *, *, #351, .T. ) ;
#1904 = LINE ( 'NONE', #1007, #344 ) ;
#1905 = DIRECTION ( 'NONE',  ( 1.000000000000000000, 0.000000000000000000, 0.000000000000000000 ) ) ;
#1906 = DIRECTION ( 'NONE',  ( 0.000000000000000000, 0.000000000000000000, -1.000000000000000000 ) ) ;
#1907 = AXIS2_PLACEMENT_3D ( 'NONE', #213, #1353, #1576 ) ;
#1908 = ORIENTED_EDGE ( 'NONE', *, *, #1743, .F. ) ;
#1909 = ORIENTED_EDGE ( 'NONE', *, *, #361, .T. ) ;
#1910 = AXIS2_PLACEMENT_3D ( 'NONE', #2160, #2183, #237 ) ;
#1911 = DIRECTION ( 'NONE',  ( -0.000000000000000000, -1.000000000000000000, -0.000000000000000000 ) ) ;
#1912 = ORIENTED_EDGE ( 'NONE', *, *, #1992, .T. ) ;
#1913 = DIRECTION ( 'NONE',  ( 0.000000000000000000, 0.000000000000000000, 1.000000000000000000 ) ) ;
#1914 = EDGE_CURVE ( 'NONE', #2333, #752, #1388, .T. ) ;
#1915 = DIRECTION ( 'NONE',  ( 0.000000000000000000, 1.000000000000000000, 0.000000000000000000 ) ) ;
#1916 = CARTESIAN_POINT ( 'NONE',  ( 2.165063509459043800, 1.500000000000000000, -1.249999999998814060 ) ) ;
#1917 = DIRECTION ( 'NONE',  ( 0.000000000000000000, 1.000000000000000000, 0.000000000000000000 ) ) ;
#1918 = DIRECTION ( 'NONE',  ( 0.000000000000000000, 0.000000000000000000, 1.000000000000000000 ) ) ;
#1919 = ORIENTED_EDGE ( 'NONE', *, *, #529, .T. ) ;
#1920 = CARTESIAN_POINT ( 'NONE',  ( -0.8418944329588039510, 1.499999999999999556, 7.458203932499677613 ) ) ;
#1921 = EDGE_LOOP ( 'NONE', ( #3463, #3186, #2139, #747, #157, #1267, #2802, #3252, #2472, #55, #342, #774, #181 ) ) ;
#1922 = ORIENTED_EDGE ( 'NONE', *, *, #1696, .F. ) ;
#1923 = DIRECTION ( 'NONE',  ( 0.000000000000000000, 0.000000000000000000, 1.000000000000000000 ) ) ;
#1924 = CARTESIAN_POINT ( 'NONE',  ( 8.750000000000005329, -1.500000000000000000, 13.60544456622769260 ) ) ;
#1925 = CYLINDRICAL_SURFACE ( 'NONE', #3670, 0.9999999999999991118 ) ;
#1926 = ORIENTED_EDGE ( 'NONE', *, *, #251, .T. ) ;
#1927 = ORIENTED_EDGE ( 'NONE', *, *, #3399, .F. ) ;
#1928 = FACE_OUTER_BOUND ( 'NONE', #1871, .T. ) ;
#1929 = EDGE_LOOP ( 'NONE', ( #3466, #1789, #2691, #1051 ) ) ;
#1930 = ADVANCED_FACE ( 'NONE', ( #744 ), #473, .T. ) ;
#1931 = CARTESIAN_POINT ( 'NONE',  ( 7.745966692414834931, 1.499999999999999556, -2.500000000000000444 ) ) ;
#1932 = EDGE_CURVE ( 'NONE', #486, #2435, #1747, .T. ) ;
#1933 = CARTESIAN_POINT ( 'NONE',  ( -8.750000000000053291, -1.500000000000000000, -13.60544456622765352 ) ) ;
#1934 = AXIS2_PLACEMENT_3D ( 'NONE', #3190, #623, #3209 ) ;
#1935 = CIRCLE ( 'NONE', #3596, 4.549999999999999822 ) ;
#1936 = DIRECTION ( 'NONE',  ( 0.000000000000000000, 0.000000000000000000, 1.000000000000000000 ) ) ;
#1937 = DIRECTION ( 'NONE',  ( 0.000000000000000000, -1.000000000000000000, 0.000000000000000000 ) ) ;
#1938 = DIRECTION ( 'NONE',  ( 0.000000000000000000, -1.000000000000000000, 0.000000000000000000 ) ) ;
#1939 = ORIENTED_EDGE ( 'NONE', *, *, #1732, .F. ) ;
#1940 = AXIS2_PLACEMENT_3D ( 'NONE', #1852, #3629, #1284 ) ;
#1941 = DIRECTION ( 'NONE',  ( 0.000000000000000000, 0.000000000000000000, 1.000000000000000000 ) ) ;
#1942 = DIRECTION ( 'NONE',  ( 0.000000000000000000, 1.000000000000000000, 0.000000000000000000 ) ) ;
#1943 = DIRECTION ( 'NONE',  ( -0.000000000000000000, -1.000000000000000000, -0.000000000000000000 ) ) ;
#1944 = VERTEX_POINT ( 'NONE', #1633 ) ;
#1945 = ORIENTED_EDGE ( 'NONE', *, *, #2063, .T. ) ;
#1946 = VECTOR ( 'NONE', #146, 1000.000000000000000 ) ;
#1947 = AXIS2_PLACEMENT_3D ( 'NONE', #3017, #1595, #787 ) ;
#1948 = EDGE_CURVE ( 'NONE', #2800, #2818, #2193, .T. ) ;
#1949 = PLANE ( 'NONE',  #3518 ) ;
#1950 = CIRCLE ( 'NONE', #3382, 1.549999999999999378 ) ;
#1951 = DIRECTION ( 'NONE',  ( 0.000000000000000000, 1.000000000000000000, 0.000000000000000000 ) ) ;
#1952 = DIRECTION ( 'NONE',  ( 0.000000000000000000, 0.000000000000000000, 1.000000000000000000 ) ) ;
#1953 = FACE_OUTER_BOUND ( 'NONE', #2201, .T. ) ;
#1954 = ORIENTED_EDGE ( 'NONE', *, *, #1305, .T. ) ;
#1955 = CIRCLE ( 'NONE', #1660, 5.000000000000000000 ) ;
#1956 = CARTESIAN_POINT ( 'NONE',  ( 16.35474950397707161, 1.500000000000000000, 5.672742914049951679 ) ) ;
#1957 = DIRECTION ( 'NONE',  ( -0.000000000000000000, -1.000000000000000000, -0.000000000000000000 ) ) ;
#1958 = CARTESIAN_POINT ( 'NONE',  ( 11.54700538379247732, -1.500000000000000000, -20.00000000000004263 ) ) ;
#1959 = ORIENTED_EDGE ( 'NONE', *, *, #589, .T. ) ;
#1960 = ORIENTED_EDGE ( 'NONE', *, *, #3435, .F. ) ;
#1961 = AXIS2_PLACEMENT_3D ( 'NONE', #2774, #1557, #3315 ) ;
#1962 = CIRCLE ( 'NONE', #3391, 1.000000000000000888 ) ;
#1963 = ADVANCED_FACE ( 'NONE', ( #1849 ), #2102, .T. ) ;
#1964 = AXIS2_PLACEMENT_3D ( 'NONE', #289, #2267, #831 ) ;
#1965 = DIRECTION ( 'NONE',  ( -0.000000000000000000, 1.000000000000000000, -0.000000000000000000 ) ) ;
#1966 = EDGE_CURVE ( 'NONE', #989, #3522, #3654, .T. ) ;
#1967 = FACE_OUTER_BOUND ( 'NONE', #1080, .T. ) ;
#1968 = EDGE_CURVE ( 'NONE', #2316, #2817, #1346, .T. ) ;
#1969 = CARTESIAN_POINT ( 'NONE',  ( 4.431305835109641045, -1.500000000000000000, 12.67524685029107800 ) ) ;
#1970 = CARTESIAN_POINT ( 'NONE',  ( 6.091828464221853423, 8.500000000000000000, 4.374885822795426371 ) ) ;
#1971 = CARTESIAN_POINT ( 'NONE',  ( 13.19273868914366332, 1.500000000000000000, -2.500000000000000444 ) ) ;
#1972 = VERTEX_POINT ( 'NONE', #2423 ) ;
#1973 = LINE ( 'NONE', #1437, #443 ) ;
#1974 = CARTESIAN_POINT ( 'NONE',  ( 7.745966692414834931, 1.499999999999999556, 3.499999999999999556 ) ) ;
#1975 = LINE ( 'NONE', #3090, #3323 ) ;
#1976 = DIRECTION ( 'NONE',  ( -0.000000000000000000, -1.000000000000000000, -0.000000000000000000 ) ) ;
#1977 = CARTESIAN_POINT ( 'NONE',  ( 0.000000000000000000, -1.000000000000000000, 5.000000000000000000 ) ) ;
#1978 = CYLINDRICAL_SURFACE ( 'NONE', #1020, 1.000000000000000888 ) ;
#1979 = CARTESIAN_POINT ( 'NONE',  ( 17.50000000000001421, -1.500000000000000000, 1.550000000000007594 ) ) ;
#1980 = DIRECTION ( 'NONE',  ( -0.000000000000000000, 1.000000000000000000, -0.000000000000000000 ) ) ;
#1981 = AXIS2_PLACEMENT_3D ( 'NONE', #2233, #3414, #2541 ) ;
#1982 = ORIENTED_EDGE ( 'NONE', *, *, #2005, .T. ) ;
#1983 = VECTOR ( 'NONE', #1443, 1000.000000000000227 ) ;
#1984 = CARTESIAN_POINT ( 'NONE',  ( 2.165063509459043800, -1.500000000000000000, -1.249999999998814282 ) ) ;
#1985 = CARTESIAN_POINT ( 'NONE',  ( -2.165063509458652558, 8.500000000000000000, -1.249999999998590017 ) ) ;
#1986 = DIRECTION ( 'NONE',  ( 0.000000000000000000, 0.000000000000000000, 1.000000000000000000 ) ) ;
#1987 = AXIS2_PLACEMENT_3D ( 'NONE', #3452, #3481, #2347 ) ;
#1988 = VERTEX_POINT ( 'NONE', #681 ) ;
#1989 = AXIS2_PLACEMENT_3D ( 'NONE', #1877, #3021, #3588 ) ;
#1990 = CARTESIAN_POINT ( 'NONE',  ( 17.50000000000001421, -1.500000000000000000, 4.853321584273757548E-15 ) ) ;
#1991 = LINE ( 'NONE', #1719, #2476 ) ;
#1992 = EDGE_CURVE ( 'NONE', #3544, #1228, #3590, .T. ) ;
#1993 = CARTESIAN_POINT ( 'NONE',  ( 6.904072259454760108, 8.500000000000000000, -4.958203932496852318 ) ) ;
#1994 = LINE ( 'NONE', #298, #3199 ) ;
#1995 = DIRECTION ( 'NONE',  ( -0.000000000000000000, 1.000000000000000000, -0.000000000000000000 ) ) ;
#1996 = DIRECTION ( 'NONE',  ( 0.000000000000000000, 0.000000000000000000, 1.000000000000000000 ) ) ;
#1997 = EDGE_LOOP ( 'NONE', ( #1336, #1555, #653, #3286 ) ) ;
#1998 = EDGE_CURVE ( 'NONE', #459, #2417, #409, .T. ) ;
#1999 = EDGE_CURVE ( 'NONE', #3270, #3486, #3076, .T. ) ;
#2000 = CIRCLE ( 'NONE', #2649, 1.000000000000000000 ) ;
#2001 = DIRECTION ( 'NONE',  ( -1.000000000000000000, 0.000000000000000000, -0.000000000000000000 ) ) ;
#2002 = FACE_OUTER_BOUND ( 'NONE', #2076, .T. ) ;
#2003 = AXIS2_PLACEMENT_3D ( 'NONE', #3084, #495, #2513 ) ;
#2004 = EDGE_CURVE ( 'NONE', #1831, #1029, #3625, .T. ) ;
#2005 = EDGE_CURVE ( 'NONE', #3270, #945, #449, .T. ) ;
#2006 = VERTEX_POINT ( 'NONE', #168 ) ;
#2007 = VECTOR ( 'NONE', #1421, 1000.000000000000000 ) ;
#2008 = CARTESIAN_POINT ( 'NONE',  ( -8.750000000000053291, 1.500000000000000000, -15.15544456622765246 ) ) ;
#2009 = AXIS2_PLACEMENT_3D ( 'NONE', #2315, #883, #3462 ) ;
#2010 = VECTOR ( 'NONE', #3062, 1000.000000000000000 ) ;
#2011 = CARTESIAN_POINT ( 'NONE',  ( 6.904072259451434768, 1.499999999999999556, 4.958203932501484168 ) ) ;
#2012 = CARTESIAN_POINT ( 'NONE',  ( 11.54700538379275621, -1.500000000000000000, 19.99999999999987566 ) ) ;
#2013 = ADVANCED_FACE ( 'NONE', ( #2724 ), #1306, .F. ) ;
#2014 = VECTOR ( 'NONE', #1221, 1000.000000000000000 ) ;
#2015 = ADVANCED_FACE ( 'NONE', ( #1429 ), #1065, .T. ) ;
#2016 = VECTOR ( 'NONE', #73, 1000.000000000000000 ) ;
#2017 = CARTESIAN_POINT ( 'NONE',  ( -9.469357670825699458, 8.500000000000000000, -10.66266986216955814 ) ) ;
#2018 = CARTESIAN_POINT ( 'NONE',  ( -13.09011422469387398, -1.500000000000000000, 11.32725708595006964 ) ) ;
#2019 = CARTESIAN_POINT ( 'NONE',  ( 0.000000000000000000, 8.500000000000000000, -2.500000000000000444 ) ) ;
#2020 = DIRECTION ( 'NONE',  ( 0.000000000000000000, 0.000000000000000000, 1.000000000000000000 ) ) ;
#2021 = ORIENTED_EDGE ( 'NONE', *, *, #1895, .F. ) ;
#2022 = DIRECTION ( 'NONE',  ( -0.000000000000000000, 1.000000000000000000, -0.000000000000000000 ) ) ;
#2023 = DIRECTION ( 'NONE',  ( 0.5000000000000003331, 0.000000000000000000, -0.8660254037844383745 ) ) ;
#2024 = ORIENTED_EDGE ( 'NONE', *, *, #429, .F. ) ;
#2025 = ADVANCED_FACE ( 'NONE', ( #847 ), #1978, .F. ) ;
#2026 = DIRECTION ( 'NONE',  ( 8.673617379884027583E-16, 0.000000000000000000, 1.000000000000000000 ) ) ;
#2027 = VERTEX_POINT ( 'NONE', #510 ) ;
#2028 = EDGE_CURVE ( 'NONE', #3483, #930, #1131, .T. ) ;
#2029 = FACE_OUTER_BOUND ( 'NONE', #359, .T. ) ;
#2030 = FACE_OUTER_BOUND ( 'NONE', #1630, .T. ) ;
#2031 = EDGE_CURVE ( 'NONE', #2319, #1009, #2097, .T. ) ;
#2032 = CYLINDRICAL_SURFACE ( 'NONE', #728, 7.500000000000000000 ) ;
#2033 = FILL_AREA_STYLE ('',( #642 ) ) ;
#2034 = DIRECTION ( 'NONE',  ( -0.5000000000000003331, 0.000000000000000000, 0.8660254037844383745 ) ) ;
#2035 = CARTESIAN_POINT ( 'NONE',  ( -13.96882180821685004, -1.500000000000000000, 2.869369369369372702 ) ) ;
#2036 = CARTESIAN_POINT ( 'NONE',  ( -17.50000000000000000, 1.500000000000000000, -1.549999999999984945 ) ) ;
#2037 = CARTESIAN_POINT ( 'NONE',  ( -6.904072259451148774, 8.500000000000000000, 4.958203932501882960 ) ) ;
#2038 = ORIENTED_EDGE ( 'NONE', *, *, #680, .F. ) ;
#2039 = AXIS2_PLACEMENT_3D ( 'NONE', #2704, #206, #1017 ) ;
#2040 = ORIENTED_EDGE ( 'NONE', *, *, #1066, .T. ) ;
#2041 = DIRECTION ( 'NONE',  ( -0.4999999999999951150, 0.000000000000000000, 0.8660254037844414832 ) ) ;
#2042 = AXIS2_PLACEMENT_3D ( 'NONE', #666, #2671, #2329 ) ;
#2043 = DIRECTION ( 'NONE',  ( -0.000000000000000000, -1.000000000000000000, -0.000000000000000000 ) ) ;
#2044 = ORIENTED_EDGE ( 'NONE', *, *, #1299, .F. ) ;
#2045 = AXIS2_PLACEMENT_3D ( 'NONE', #1058, #2217, #2777 ) ;
#2046 = AXIS2_PLACEMENT_3D ( 'NONE', #1217, #1240, #1563 ) ;
#2047 = CARTESIAN_POINT ( 'NONE',  ( 6.091828464221853423, 1.499999999999999556, 4.374885822795426371 ) ) ;
#2048 = DIRECTION ( 'NONE',  ( -0.000000000000000000, -1.000000000000000000, -0.000000000000000000 ) ) ;
#2049 = DIRECTION ( 'NONE',  ( 0.000000000000000000, -1.000000000000000000, 0.000000000000000000 ) ) ;
#2050 = CARTESIAN_POINT ( 'NONE',  ( -11.54700538379233699, 1.500000000000000000, 20.00000000000011724 ) ) ;
#2051 = PLANE ( 'NONE',  #1055 ) ;
#2052 = VERTEX_POINT ( 'NONE', #805 ) ;
#2053 = ORIENTED_EDGE ( 'NONE', *, *, #1570, .F. ) ;
#2054 = DIRECTION ( 'NONE',  ( 0.000000000000000000, 0.000000000000000000, 1.000000000000000000 ) ) ;
#2055 = VECTOR ( 'NONE', #1527, 1000.000000000000000 ) ;
#2056 = EDGE_LOOP ( 'NONE', ( #1610, #1621, #2629, #3432 ) ) ;
#2057 = VERTEX_POINT ( 'NONE', #832 ) ;
#2058 = VECTOR ( 'NONE', #2797, 1000.000000000000000 ) ;
#2059 = ADVANCED_FACE ( 'NONE', ( #1967 ), #820, .F. ) ;
#2060 = CARTESIAN_POINT ( 'NONE',  ( 6.834676493307206613, 1.499999999999999556, 3.088235294117646301 ) ) ;
#2061 = CARTESIAN_POINT ( 'NONE',  ( 6.038046855666995505, -1.500000000000000000, 5.458203932501484168 ) ) ;
#2062 = CIRCLE ( 'NONE', #466, 1.000000000000000000 ) ;
#2063 = EDGE_CURVE ( 'NONE', #75, #2218, #3642, .T. ) ;
#2064 = VECTOR ( 'NONE', #184, 1000.000000000000000 ) ;
#2065 = AXIS2_PLACEMENT_3D ( 'NONE', #2684, #745, #1591 ) ;
#2066 = CIRCLE ( 'NONE', #1907, 1.000000000000000888 ) ;
#2067 = CARTESIAN_POINT ( 'NONE',  ( -1.707919836748907683, 1.500000000000000000, -7.958203932499112732 ) ) ;
#2068 = CARTESIAN_POINT ( 'NONE',  ( -4.252989283015851996, -1.500000000000000000, 15.84782784977065084 ) ) ;
#2069 = CARTESIAN_POINT ( 'NONE',  ( -14.72243186433538575, 8.500000000000000000, 8.500000000000119016 ) ) ;
#2070 = ORIENTED_EDGE ( 'NONE', *, *, #1895, .T. ) ;
#2071 = ADVANCED_FACE ( 'NONE', ( #3111 ), #1949, .F. ) ;
#2072 = EDGE_LOOP ( 'NONE', ( #3594, #1212, #50, #1461 ) ) ;
#2073 = CARTESIAN_POINT ( 'NONE',  ( -3.264635279283071512, -1.499999999999999556, 15.99999999999987566 ) ) ;
#2074 = LINE ( 'NONE', #2903, #3256 ) ;
#2075 = ORIENTED_EDGE ( 'NONE', *, *, #3502, .T. ) ;
#2076 = EDGE_LOOP ( 'NONE', ( #810, #1268, #2081, #3188 ) ) ;
#2077 = EDGE_CURVE ( 'NONE', #2141, #139, #2698, .T. ) ;
#2078 = ORIENTED_EDGE ( 'NONE', *, *, #1999, .F. ) ;
#2079 = FACE_OUTER_BOUND ( 'NONE', #3678, .T. ) ;
#2080 = ORIENTED_EDGE ( 'NONE', *, *, #551, .F. ) ;
#2081 = ORIENTED_EDGE ( 'NONE', *, *, #2414, .F. ) ;
#2082 = CARTESIAN_POINT ( 'NONE',  ( -7.745966692414834931, 1.499999999999999556, 3.499999999999999556 ) ) ;
#2083 = CARTESIAN_POINT ( 'NONE',  ( 8.750000000000005329, 1.500000000000000000, 16.70544456622769047 ) ) ;
#2084 = EDGE_CURVE ( 'NONE', #1228, #1597, #3415, .T. ) ;
#2085 = CARTESIAN_POINT ( 'NONE',  ( 13.19273868914366332, -1.499999999999999556, -2.500000000000000444 ) ) ;
#2086 = SURFACE_SIDE_STYLE ('',( #1526 ) ) ;
#2087 = CARTESIAN_POINT ( 'NONE',  ( -11.59812687119609365, 1.499999999999999556, -11.60711068600005191 ) ) ;
#2088 = VERTEX_POINT ( 'NONE', #274 ) ;
#2089 = DIRECTION ( 'NONE',  ( -0.000000000000000000, -1.000000000000000000, -0.000000000000000000 ) ) ;
#2090 = DIRECTION ( 'NONE',  ( -0.000000000000000000, -1.000000000000000000, -0.000000000000000000 ) ) ;
#2091 = EDGE_LOOP ( 'NONE', ( #956, #2231, #2829, #3205 ) ) ;
#2092 = VERTEX_POINT ( 'NONE', #1381 ) ;
#2093 = ORIENTED_EDGE ( 'NONE', *, *, #800, .T. ) ;
#2094 = FACE_BOUND ( 'NONE', #340, .T. ) ;
#2095 = ORIENTED_EDGE ( 'NONE', *, *, #3276, .F. ) ;
#2096 = ORIENTED_EDGE ( 'NONE', *, *, #489, .F. ) ;
#2097 = CIRCLE ( 'NONE', #500, 1.000000000000000888 ) ;
#2098 = CARTESIAN_POINT ( 'NONE',  ( 23.09401076758504701, 1.500000000000000000, 0.000000000000000000 ) ) ;
#2099 = VECTOR ( 'NONE', #2357, 1000.000000000000000 ) ;
#2100 = FACE_OUTER_BOUND ( 'NONE', #691, .T. ) ;
#2101 = CARTESIAN_POINT ( 'NONE',  ( 12.22408882090945781, 1.499999999999999556, -10.82725708595005543 ) ) ;
#2102 = CYLINDRICAL_SURFACE ( 'NONE', #1199, 4.549999999999999822 ) ;
#2103 = EDGE_CURVE ( 'NONE', #3201, #676, #3655, .T. ) ;
#2104 = CARTESIAN_POINT ( 'NONE',  ( -4.000000000000000000, -1.000000000000000000, 1.799999999999999822 ) ) ;
#2105 = CARTESIAN_POINT ( 'NONE',  ( 0.000000000000000000, -1.000000000000000000, 0.000000000000000000 ) ) ;
#2106 = VECTOR ( 'NONE', #710, 1000.000000000000000 ) ;
#2107 = ADVANCED_FACE ( 'NONE', ( #2823 ), #1102, .F. ) ;
#2108 = ORIENTED_EDGE ( 'NONE', *, *, #525, .F. ) ;
#2109 = CARTESIAN_POINT ( 'NONE',  ( -8.749999999999996447, -1.500000000000000000, 13.60544456622769260 ) ) ;
#2110 = ORIENTED_EDGE ( 'NONE', *, *, #743, .F. ) ;
#2111 = CARTESIAN_POINT ( 'NONE',  ( -16.35474950397701477, 8.500000000000000000, 5.672742914049964114 ) ) ;
#2112 = ORIENTED_EDGE ( 'NONE', *, *, #3363, .T. ) ;
#2113 = ADVANCED_FACE ( 'NONE', ( #2254 ), #3079, .F. ) ;
#2114 = VERTEX_POINT ( 'NONE', #1933 ) ;
#2115 = EDGE_CURVE ( 'NONE', #3419, #3542, #1804, .T. ) ;
#2116 = EDGE_CURVE ( 'NONE', #2747, #2389, #3078, .T. ) ;
#2117 = EDGE_LOOP ( 'NONE', ( #692, #1181, #3161, #1515, #1002, #2718, #1043, #606, #152, #3669, #2198, #1919 ) ) ;
#2118 = DIRECTION ( 'NONE',  ( 0.000000000000000000, 1.000000000000000000, 0.000000000000000000 ) ) ;
#2119 = EDGE_LOOP ( 'NONE', ( #984, #2158 ) ) ;
#2120 = ORIENTED_EDGE ( 'NONE', *, *, #682, .F. ) ;
#2121 = EDGE_CURVE ( 'NONE', #980, #2958, #1637, .T. ) ;
#2122 = VERTEX_POINT ( 'NONE', #3224 ) ;
#2123 = AXIS2_PLACEMENT_3D ( 'NONE', #3350, #3074, #2190 ) ;
#2124 = CARTESIAN_POINT ( 'NONE',  ( 12.22408882090945781, 1.499999999999999556, -11.82725708595005720 ) ) ;
#2125 = DIRECTION ( 'NONE',  ( 0.000000000000000000, 0.000000000000000000, -1.000000000000000000 ) ) ;
#2126 = DIRECTION ( 'NONE',  ( 0.000000000000000000, 0.000000000000000000, 1.000000000000000000 ) ) ;
#2127 = EDGE_CURVE ( 'NONE', #56, #98, #933, .T. ) ;
#2128 = DIRECTION ( 'NONE',  ( 0.000000000000000000, 0.000000000000000000, -1.000000000000000000 ) ) ;
#2129 = DIRECTION ( 'NONE',  ( -0.5000000000000001110, 0.000000000000000000, -0.8660254037844385966 ) ) ;
#2130 = DIRECTION ( 'NONE',  ( 0.000000000000000000, 0.000000000000000000, 1.000000000000000000 ) ) ;
#2131 = CIRCLE ( 'NONE', #3492, 4.549999999999998934 ) ;
#2132 = CIRCLE ( 'NONE', #1773, 1.000000000000000000 ) ;
#2133 = ORIENTED_EDGE ( 'NONE', *, *, #2304, .T. ) ;
#2134 = CARTESIAN_POINT ( 'NONE',  ( 13.19273868914365444, -1.500000000000000000, 2.499999999999999556 ) ) ;
#2135 = ORIENTED_EDGE ( 'NONE', *, *, #1844, .T. ) ;
#2136 = LINE ( 'NONE', #3020, #867 ) ;
#2137 = ORIENTED_EDGE ( 'NONE', *, *, #3553, .F. ) ;
#2138 = VECTOR ( 'NONE', #826, 1000.000000000000114 ) ;
#2139 = ORIENTED_EDGE ( 'NONE', *, *, #2798, .T. ) ;
#2140 = CIRCLE ( 'NONE', #2215, 7.500000000000000000 ) ;
#2141 = VERTEX_POINT ( 'NONE', #3475 ) ;
#2142 = DIRECTION ( 'NONE',  ( 0.000000000000000000, 1.000000000000000000, 0.000000000000000000 ) ) ;
#2143 = CARTESIAN_POINT ( 'NONE',  ( -7.745966692414834931, -1.499999999999999556, 3.499999999999999556 ) ) ;
#2144 = ORIENTED_EDGE ( 'NONE', *, *, #2240, .T. ) ;
#2145 = VERTEX_POINT ( 'NONE', #3207 ) ;
#2146 = VERTEX_POINT ( 'NONE', #2061 ) ;
#2147 = EDGE_LOOP ( 'NONE', ( #3232, #1253 ) ) ;
#2148 = DIRECTION ( 'NONE',  ( 0.000000000000000000, 1.000000000000000000, 0.000000000000000000 ) ) ;
#2149 = CARTESIAN_POINT ( 'NONE',  ( 17.50000000000001421, -1.500000000000000000, 4.853321584273757548E-15 ) ) ;
#2150 = CARTESIAN_POINT ( 'NONE',  ( -1.707919836748907239, 8.500000000000000000, -7.958203932499111843 ) ) ;
#2151 = CARTESIAN_POINT ( 'NONE',  ( -4.000000000000000000, -1.500000000000000000, 1.800000000000000044 ) ) ;
#2152 = VERTEX_POINT ( 'NONE', #80 ) ;
#2153 = CARTESIAN_POINT ( 'NONE',  ( -17.50000000000000000, -1.500000000000000000, 1.769808360342463528E-14 ) ) ;
#2154 = DIRECTION ( 'NONE',  ( -0.000000000000000000, 1.000000000000000000, -0.000000000000000000 ) ) ;
#2155 = VERTEX_POINT ( 'NONE', #9 ) ;
#2156 = FACE_OUTER_BOUND ( 'NONE', #387, .T. ) ;
#2157 = EDGE_LOOP ( 'NONE', ( #1741, #1577, #3108, #1864 ) ) ;
#2158 = ORIENTED_EDGE ( 'NONE', *, *, #1176, .F. ) ;
#2159 = EDGE_LOOP ( 'NONE', ( #3063, #2899 ) ) ;
#2160 = CARTESIAN_POINT ( 'NONE',  ( 3.264635279283078617, 1.499999999999999556, 15.99999999999987566 ) ) ;
#2161 = DIRECTION ( 'NONE',  ( 0.000000000000000000, 0.000000000000000000, 1.000000000000000000 ) ) ;
#2162 = ORIENTED_EDGE ( 'NONE', *, *, #383, .F. ) ;
#2163 = ORIENTED_EDGE ( 'NONE', *, *, #3433, .T. ) ;
#2164 = ORIENTED_EDGE ( 'NONE', *, *, #2610, .F. ) ;
#2165 = VERTEX_POINT ( 'NONE', #60 ) ;
#2166 = CARTESIAN_POINT ( 'NONE',  ( -13.96882180821687491, 8.500000000000000000, -2.869369369369367817 ) ) ;
#2167 = ADVANCED_FACE ( 'NONE', ( #3426 ), #3458, .F. ) ;
#2168 = EDGE_CURVE ( 'NONE', #3291, #3271, #1736, .T. ) ;
#2169 = AXIS2_PLACEMENT_3D ( 'NONE', #1889, #1590, #2465 ) ;
#2170 = CARTESIAN_POINT ( 'NONE',  ( -9.627458257813785281, -1.499999999999999556, 9.675246850287656741 ) ) ;
#2171 = DIRECTION ( 'NONE',  ( -0.000000000000000000, -1.000000000000000000, -0.000000000000000000 ) ) ;
#2172 = CARTESIAN_POINT ( 'NONE',  ( -0.7428480290862956581, 1.499999999999999556, -7.463121116910980568 ) ) ;
#2173 = EDGE_LOOP ( 'NONE', ( #2350, #78, #1863, #3613 ) ) ;
#2174 = CARTESIAN_POINT ( 'NONE',  ( -15.48872410019258261, -1.499999999999999556, 5.172742914049957896 ) ) ;
#2175 = LINE ( 'NONE', #212, #2197 ) ;
#2176 = ORIENTED_EDGE ( 'NONE', *, *, #937, .F. ) ;
#2177 = DIRECTION ( 'NONE',  ( 0.000000000000000000, -1.000000000000000000, 0.000000000000000000 ) ) ;
#2178 = AXIS2_PLACEMENT_3D ( 'NONE', #2302, #1425, #2549 ) ;
#2179 = CARTESIAN_POINT ( 'NONE',  ( 0.000000000000000000, 8.500000000000000000, 0.000000000000000000 ) ) ;
#2180 = ORIENTED_EDGE ( 'NONE', *, *, #2467, .T. ) ;
#2181 = AXIS2_PLACEMENT_3D ( 'NONE', #2512, #3114, #2571 ) ;
#2182 = ORIENTED_EDGE ( 'NONE', *, *, #806, .T. ) ;
#2183 = DIRECTION ( 'NONE',  ( -0.000000000000000000, -1.000000000000000000, -0.000000000000000000 ) ) ;
#2184 = CARTESIAN_POINT ( 'NONE',  ( -15.48872410019258261, 1.499999999999999556, 5.172742914049957896 ) ) ;
#2185 = DIRECTION ( 'NONE',  ( 0.000000000000000000, 0.000000000000000000, -1.000000000000000000 ) ) ;
#2186 = EDGE_CURVE ( 'NONE', #56, #943, #1935, .T. ) ;
#2187 = ORIENTED_EDGE ( 'NONE', *, *, #2281, .F. ) ;
#2188 = ORIENTED_EDGE ( 'NONE', *, *, #401, .T. ) ;
#2189 = VERTEX_POINT ( 'NONE', #3156 ) ;
#2190 = DIRECTION ( 'NONE',  ( 0.000000000000000000, 0.000000000000000000, -1.000000000000000000 ) ) ;
#2191 =( GEOMETRIC_REPRESENTATION_CONTEXT ( 3 ) GLOBAL_UNCERTAINTY_ASSIGNED_CONTEXT ( ( #1345 ) ) GLOBAL_UNIT_ASSIGNED_CONTEXT ( ( #165, #2506, #523 ) ) REPRESENTATION_CONTEXT ( 'NONE', 'WORKASPACE' ) );
#2192 = CARTESIAN_POINT ( 'NONE',  ( -0.7428480290812975451, 8.500000000000000000, 7.463121116911478836 ) ) ;
#2193 = LINE ( 'NONE', #2745, #2825 ) ;
#2194 = CARTESIAN_POINT ( 'NONE',  ( -17.50000000000000000, -1.500000000000000000, 1.769808360342463528E-14 ) ) ;
#2195 = VECTOR ( 'NONE', #1243, 1000.000000000000000 ) ;
#2196 = EDGE_CURVE ( 'NONE', #3568, #115, #1326, .T. ) ;
#2197 = VECTOR ( 'NONE', #3585, 1000.000000000000000 ) ;
#2198 = ORIENTED_EDGE ( 'NONE', *, *, #355, .T. ) ;
#2199 = CARTESIAN_POINT ( 'NONE',  ( -13.19273868914362957, 8.500000000000000000, 2.499999999999999556 ) ) ;
#2200 = LINE ( 'NONE', #3658, #1823 ) ;
#2201 = EDGE_LOOP ( 'NONE', ( #240, #2108, #1594, #2752 ) ) ;
#2202 = CARTESIAN_POINT ( 'NONE',  ( -4.000000000000000000, -1.500000000000000000, -1.800000000000000044 ) ) ;
#2203 = EDGE_LOOP ( 'NONE', ( #1750, #2521, #3087, #3591, #376, #1675 ) ) ;
#2204 = CIRCLE ( 'NONE', #627, 1.000000000000000000 ) ;
#2205 = EDGE_CURVE ( 'NONE', #3540, #3522, #3496, .T. ) ;
#2206 = VECTOR ( 'NONE', #2712, 1000.000000000000000 ) ;
#2207 = VERTEX_POINT ( 'NONE', #27 ) ;
#2208 = AXIS2_PLACEMENT_3D ( 'NONE', #2194, #2447, #1826 ) ;
#2209 = CARTESIAN_POINT ( 'NONE',  ( 0.7428480290817282006, 8.500000000000000000, 7.463121116911437092 ) ) ;
#2210 = FACE_OUTER_BOUND ( 'NONE', #931, .T. ) ;
#2211 = DIRECTION ( 'NONE',  ( -0.000000000000000000, -1.000000000000000000, -0.000000000000000000 ) ) ;
#2212 = VECTOR ( 'NONE', #547, 1000.000000000000114 ) ;
#2213 = ORIENTED_EDGE ( 'NONE', *, *, #791, .T. ) ;
#2214 = ORIENTED_EDGE ( 'NONE', *, *, #635, .T. ) ;
#2215 = AXIS2_PLACEMENT_3D ( 'NONE', #2539, #541, #1112 ) ;
#2216 = EDGE_CURVE ( 'NONE', #488, #1154, #134, .T. ) ;
#2217 = DIRECTION ( 'NONE',  ( 0.000000000000000000, -1.000000000000000000, 0.000000000000000000 ) ) ;
#2218 = VERTEX_POINT ( 'NONE', #3189 ) ;
#2219 = DIRECTION ( 'NONE',  ( 0.000000000000000000, 0.000000000000000000, -1.000000000000000000 ) ) ;
#2220 = DIRECTION ( 'NONE',  ( 1.734723475976805517E-15, 0.000000000000000000, 1.000000000000000000 ) ) ;
#2221 = DIRECTION ( 'NONE',  ( -0.000000000000000000, -1.000000000000000000, -0.000000000000000000 ) ) ;
#2222 = FACE_OUTER_BOUND ( 'NONE', #3551, .T. ) ;
#2223 = CARTESIAN_POINT ( 'NONE',  ( 0.000000000000000000, -1.500000000000000000, 0.000000000000000000 ) ) ;
#2224 = DIRECTION ( 'NONE',  ( -0.000000000000000000, -1.000000000000000000, -0.000000000000000000 ) ) ;
#2225 = VERTEX_POINT ( 'NONE', #1521 ) ;
#2226 = CARTESIAN_POINT ( 'NONE',  ( 16.35474950397706806, -1.500000000000000000, 5.672742914049950791 ) ) ;
#2227 = CARTESIAN_POINT ( 'NONE',  ( 17.50000000000001421, 1.500000000000000000, -1.549999999999998046 ) ) ;
#2228 = DIRECTION ( 'NONE',  ( -0.000000000000000000, -1.000000000000000000, -0.000000000000000000 ) ) ;
#2229 = VERTEX_POINT ( 'NONE', #2083 ) ;
#2230 = EDGE_LOOP ( 'NONE', ( #2820, #2180, #876, #882 ) ) ;
#2231 = ORIENTED_EDGE ( 'NONE', *, *, #901, .F. ) ;
#2232 = LINE ( 'NONE', #469, #1767 ) ;
#2233 = CARTESIAN_POINT ( 'NONE',  ( 8.750000000000005329, 8.500000000000000000, 15.15544456622768976 ) ) ;
#2234 = AXIS2_PLACEMENT_3D ( 'NONE', #1651, #2841, #2508 ) ;
#2235 = CARTESIAN_POINT ( 'NONE',  ( 0.000000000000000000, -1.500000000000000000, 0.000000000000000000 ) ) ;
#2236 = LINE ( 'NONE', #151, #386 ) ;
#2237 = CARTESIAN_POINT ( 'NONE',  ( 16.35474950397699700, 8.500000000000000000, -5.672742914049922369 ) ) ;
#2238 = ORIENTED_EDGE ( 'NONE', *, *, #3402, .T. ) ;
#2239 = AXIS2_PLACEMENT_3D ( 'NONE', #3597, #506, #1629 ) ;
#2240 = EDGE_CURVE ( 'NONE', #2758, #3619, #2288, .T. ) ;
#2241 = VECTOR ( 'NONE', #1327, 1000.000000000000000 ) ;
#2242 = CYLINDRICAL_SURFACE ( 'NONE', #2533, 1.549999999999999378 ) ;
#2243 = FACE_OUTER_BOUND ( 'NONE', #696, .T. ) ;
#2244 = CARTESIAN_POINT ( 'NONE',  ( 3.264635279283095937, 8.500000000000000000, -15.99999999999996270 ) ) ;
#2245 = ORIENTED_EDGE ( 'NONE', *, *, #3582, .F. ) ;
#2246 = EDGE_LOOP ( 'NONE', ( #562, #92, #1433, #335, #2477, #1513, #414, #2075, #1562, #2532, #2095, #3332, #3521, #219 ) ) ;
#2247 = CIRCLE ( 'NONE', #2046, 1.000000000000000000 ) ;
#2248 = ADVANCED_FACE ( 'NONE', ( #3446 ), #2949, .F. ) ;
#2249 = EDGE_CURVE ( 'NONE', #2817, #392, #1184, .T. ) ;
#2250 = AXIS2_PLACEMENT_3D ( 'NONE', #3676, #2529, #559 ) ;
#2251 = CARTESIAN_POINT ( 'NONE',  ( 17.50000000000001421, 8.500000000000000000, 4.853321584273757548E-15 ) ) ;
#2252 = ADVANCED_FACE ( 'NONE', ( #2912 ), #346, .T. ) ;
#2253 = DIRECTION ( 'NONE',  ( 0.000000000000000000, 0.000000000000000000, 1.000000000000000000 ) ) ;
#2254 = FACE_OUTER_BOUND ( 'NONE', #1683, .T. ) ;
#2255 = ADVANCED_FACE ( 'NONE', ( #2030 ), #3171, .F. ) ;
#2256 = CIRCLE ( 'NONE', #220, 1.000000000000000888 ) ;
#2257 = DIRECTION ( 'NONE',  ( 0.000000000000000000, 1.000000000000000000, 0.000000000000000000 ) ) ;
#2258 = CARTESIAN_POINT ( 'NONE',  ( -17.50000000000000000, -1.500000000000000000, -1.549999999999984945 ) ) ;
#2259 = CARTESIAN_POINT ( 'NONE',  ( -15.48872410019255241, 1.499999999999999556, -5.172742914049911711 ) ) ;
#2260 = ORIENTED_EDGE ( 'NONE', *, *, #1359, .T. ) ;
#2261 = PLANE ( 'NONE',  #607 ) ;
#2262 = CARTESIAN_POINT ( 'NONE',  ( -15.85111615421191189, 1.499999999999999556, -4.240717163770646003 ) ) ;
#2263 = DIRECTION ( 'NONE',  ( 0.8660254037844384856, -0.000000000000000000, 0.5000000000000004441 ) ) ;
#2264 = CIRCLE ( 'NONE', #2662, 1.000000000000000888 ) ;
#2265 = AXIS2_PLACEMENT_3D ( 'NONE', #661, #1809, #332 ) ;
#2266 = AXIS2_PLACEMENT_3D ( 'NONE', #3376, #1957, #679 ) ;
#2267 = DIRECTION ( 'NONE',  ( 0.000000000000000000, 1.000000000000000000, 0.000000000000000000 ) ) ;
#2268 = FACE_OUTER_BOUND ( 'NONE', #1816, .T. ) ;
#2269 = DIRECTION ( 'NONE',  ( 0.000000000000000000, -1.000000000000000000, 0.000000000000000000 ) ) ;
#2270 = DIRECTION ( 'NONE',  ( -0.000000000000000000, -1.000000000000000000, -0.000000000000000000 ) ) ;
#2271 = PRODUCT_DEFINITION_SHAPE ( 'NONE', 'NONE',  #2353 ) ;
#2272 = FACE_OUTER_BOUND ( 'NONE', #2960, .T. ) ;
#2273 =( LENGTH_UNIT ( ) NAMED_UNIT ( * ) SI_UNIT ( .MILLI., .METRE. ) );
#2274 = CARTESIAN_POINT ( 'NONE',  ( -17.50000000000000000, 8.500000000000000000, 1.769808360342463528E-14 ) ) ;
#2275 = ORIENTED_EDGE ( 'NONE', *, *, #120, .F. ) ;
#2276 = DIRECTION ( 'NONE',  ( -0.000000000000000000, -1.000000000000000000, -0.000000000000000000 ) ) ;
#2277 = CARTESIAN_POINT ( 'NONE',  ( 7.745966692414834931, 1.500000000000000000, 2.499999999999999556 ) ) ;
#2278 = DIRECTION ( 'NONE',  ( -0.000000000000000000, 1.000000000000000000, -0.000000000000000000 ) ) ;
#2279 = DIRECTION ( 'NONE',  ( -0.000000000000000000, -1.000000000000000000, -0.000000000000000000 ) ) ;
#2280 = EDGE_CURVE ( 'NONE', #1301, #2114, #2763, .T. ) ;
#2281 = EDGE_CURVE ( 'NONE', #1029, #3544, #843, .T. ) ;
#2282 = LINE ( 'NONE', #1121, #3660 ) ;
#2283 =( NAMED_UNIT ( * ) PLANE_ANGLE_UNIT ( ) SI_UNIT ( $, .RADIAN. ) );
#2284 = EDGE_CURVE ( 'NONE', #1862, #2921, #1416, .T. ) ;
#2285 = CARTESIAN_POINT ( 'NONE',  ( -3.199999999999999734, -1.500000000000000000, 2.399999999999999911 ) ) ;
#2286 = EDGE_CURVE ( 'NONE', #170, #638, #575, .T. ) ;
#2287 = EDGE_LOOP ( 'NONE', ( #2162, #485, #113, #2985 ) ) ;
#2288 = CIRCLE ( 'NONE', #2396, 1.549999999999997602 ) ;
#2289 = DIRECTION ( 'NONE',  ( 0.000000000000000000, 0.000000000000000000, -1.000000000000000000 ) ) ;
#2290 = LINE ( 'NONE', #1156, #571 ) ;
#2291 = EDGE_CURVE ( 'NONE', #1, #300, #2796, .T. ) ;
#2292 = DIRECTION ( 'NONE',  ( 0.000000000000000000, -1.000000000000000000, 0.000000000000000000 ) ) ;
#2293 = VERTEX_POINT ( 'NONE', #2967 ) ;
#2294 = DIRECTION ( 'NONE',  ( 0.000000000000000000, 1.000000000000000000, 0.000000000000000000 ) ) ;
#2295 = DIRECTION ( 'NONE',  ( -0.000000000000000000, -1.000000000000000000, -0.000000000000000000 ) ) ;
#2296 = DIRECTION ( 'NONE',  ( 0.000000000000000000, 0.000000000000000000, -1.000000000000000000 ) ) ;
#2297 = LINE ( 'NONE', #2643, #283 ) ;
#2298 = VERTEX_POINT ( 'NONE', #2227 ) ;
#2299 = DIRECTION ( 'NONE',  ( 0.000000000000000000, 1.000000000000000000, -0.000000000000000000 ) ) ;
#2300 = ORIENTED_EDGE ( 'NONE', *, *, #2858, .T. ) ;
#2301 = AXIS2_PLACEMENT_3D ( 'NONE', #270, #1680, #552 ) ;
#2302 = CARTESIAN_POINT ( 'NONE',  ( 8.750000000000003553, 1.500000000000000000, -15.15544456622767733 ) ) ;
#2303 = CARTESIAN_POINT ( 'NONE',  ( 17.50000000000001421, 1.499999999999999556, 4.853321584273757548E-15 ) ) ;
#2304 = EDGE_CURVE ( 'NONE', #1318, #958, #2359, .T. ) ;
#2305 = LINE ( 'NONE', #2856, #2900 ) ;
#2306 = EDGE_CURVE ( 'NONE', #1944, #1078, #822, .T. ) ;
#2307 = AXIS2_PLACEMENT_3D ( 'NONE', #775, #3045, #2409 ) ;
#2308 = CARTESIAN_POINT ( 'NONE',  ( -4.499464137392563678, 8.500000000000000000, 13.53203923154135069 ) ) ;
#2309 = DIRECTION ( 'NONE',  ( 0.000000000000000000, 1.000000000000000000, 0.000000000000000000 ) ) ;
#2310 = AXIS2_PLACEMENT_3D ( 'NONE', #1136, #2847, #235 ) ;
#2311 = ORIENTED_EDGE ( 'NONE', *, *, #2437, .F. ) ;
#2312 = AXIS2_PLACEMENT_3D ( 'NONE', #62, #880, #330 ) ;
#2313 = CARTESIAN_POINT ( 'NONE',  ( -8.749999999999996447, -1.500000000000000000, 15.15544456622769154 ) ) ;
#2314 = CYLINDRICAL_SURFACE ( 'NONE', #402, 1.000000000000000888 ) ;
#2315 = CARTESIAN_POINT ( 'NONE',  ( 7.745966692414834931, 8.500000000000000000, 3.499999999999999556 ) ) ;
#2316 = VERTEX_POINT ( 'NONE', #198 ) ;
#2317 = DIRECTION ( 'NONE',  ( -0.000000000000000000, -1.000000000000000000, -0.000000000000000000 ) ) ;
#2318 = CARTESIAN_POINT ( 'NONE',  ( 0.000000000000000000, 1.500000000000000000, 0.000000000000000000 ) ) ;
#2319 = VERTEX_POINT ( 'NONE', #238 ) ;
#2320 = ORIENTED_EDGE ( 'NONE', *, *, #1022, .T. ) ;
#2321 = PLANE ( 'NONE',  #2301 ) ;
#2322 = DIRECTION ( 'NONE',  ( -0.000000000000000000, -1.000000000000000000, -0.000000000000000000 ) ) ;
#2323 = CARTESIAN_POINT ( 'NONE',  ( 11.59812687119604213, 8.500000000000000000, -11.60711068600007856 ) ) ;
#2324 = CARTESIAN_POINT ( 'NONE',  ( -4.000000000000000000, -1.000000000000000000, 3.000000000000000000 ) ) ;
#2325 = CARTESIAN_POINT ( 'NONE',  ( 0.000000000000000000, -1.500000000000000000, 0.000000000000000000 ) ) ;
#2326 = DIRECTION ( 'NONE',  ( 0.000000000000000000, 0.000000000000000000, -1.000000000000000000 ) ) ;
#2327 = ORIENTED_EDGE ( 'NONE', *, *, #451, .T. ) ;
#2328 = ORIENTED_EDGE ( 'NONE', *, *, #669, .T. ) ;
#2329 = DIRECTION ( 'NONE',  ( 0.000000000000000000, 0.000000000000000000, -1.000000000000000000 ) ) ;
#2330 = CARTESIAN_POINT ( 'NONE',  ( 12.22408882090945781, 1.499999999999999556, -10.82725708595005543 ) ) ;
#2331 = EDGE_CURVE ( 'NONE', #958, #898, #3105, .T. ) ;
#2332 = CIRCLE ( 'NONE', #3297, 1.549999999999999378 ) ;
#2333 = VERTEX_POINT ( 'NONE', #3314 ) ;
#2334 = DIRECTION ( 'NONE',  ( 0.000000000000000000, 0.000000000000000000, 1.000000000000000000 ) ) ;
#2335 = EDGE_LOOP ( 'NONE', ( #3349, #2408, #1354, #3231 ) ) ;
#2336 = EDGE_CURVE ( 'NONE', #139, #1597, #2756, .T. ) ;
#2337 = EDGE_CURVE ( 'NONE', #2006, #2679, #2660, .T. ) ;
#2338 = DIRECTION ( 'NONE',  ( 0.4999999999999997780, 0.000000000000000000, 0.8660254037844387076 ) ) ;
#2339 = DIRECTION ( 'NONE',  ( 0.000000000000000000, 0.000000000000000000, -1.000000000000000000 ) ) ;
#2340 = CIRCLE ( 'NONE', #902, 1.000000000000000000 ) ;
#2341 = EDGE_CURVE ( 'NONE', #964, #631, #1606, .T. ) ;
#2342 = VECTOR ( 'NONE', #3143, 1000.000000000000000 ) ;
#2343 = LINE ( 'NONE', #1166, #893 ) ;
#2344 = CARTESIAN_POINT ( 'NONE',  ( -0.8418944329644686420, 8.500000000000000000, -8.458203932499113620 ) ) ;
#2345 = EDGE_CURVE ( 'NONE', #155, #2229, #537, .T. ) ;
#2346 = CARTESIAN_POINT ( 'NONE',  ( 2.165063509463540203, -1.500000000000000000, 1.250000000001411982 ) ) ;
#2347 = DIRECTION ( 'NONE',  ( 0.000000000000000000, 0.000000000000000000, 1.000000000000000000 ) ) ;
#2348 = CARTESIAN_POINT ( 'NONE',  ( 0.000000000000000000, 1.499999999999999556, 0.000000000000000000 ) ) ;
#2349 = EDGE_LOOP ( 'NONE', ( #356, #464, #154, #2882 ) ) ;
#2350 = ORIENTED_EDGE ( 'NONE', *, *, #3351, .F. ) ;
#2351 = ORIENTED_EDGE ( 'NONE', *, *, #3212, .F. ) ;
#2352 = FACE_BOUND ( 'NONE', #2711, .T. ) ;
#2353 = PRODUCT_DEFINITION ( 'UNKNOWN', '', #693, #1115 ) ;
#2354 = AXIS2_PLACEMENT_3D ( 'NONE', #936, #3449, #625 ) ;
#2355 = ORIENTED_EDGE ( 'NONE', *, *, #2624, .T. ) ;
#2356 = FACE_OUTER_BOUND ( 'NONE', #700, .T. ) ;
#2357 = DIRECTION ( 'NONE',  ( 0.000000000000000000, -1.000000000000000000, 0.000000000000000000 ) ) ;
#2358 = VECTOR ( 'NONE', #350, 1000.000000000000114 ) ;
#2359 = CIRCLE ( 'NONE', #39, 0.9999999999999991118 ) ;
#2360 = AXIS2_PLACEMENT_3D ( 'NONE', #1391, #1943, #2520 ) ;
#2361 = AXIS2_PLACEMENT_3D ( 'NONE', #916, #1739, #2363 ) ;
#2362 = CARTESIAN_POINT ( 'NONE',  ( 0.000000000000000000, 8.500000000000000000, -16.99999999999996447 ) ) ;
#2363 = DIRECTION ( 'NONE',  ( 0.000000000000000000, 0.000000000000000000, 1.000000000000000000 ) ) ;
#2364 = AXIS2_PLACEMENT_3D ( 'NONE', #3184, #908, #1271 ) ;
#2365 = DIRECTION ( 'NONE',  ( 0.000000000000000000, 0.000000000000000000, -1.000000000000000000 ) ) ;
#2366 = DIRECTION ( 'NONE',  ( 0.000000000000000000, 0.000000000000000000, 1.000000000000000000 ) ) ;
#2367 = AXIS2_PLACEMENT_3D ( 'NONE', #626, #2898, #1996 ) ;
#2368 = CARTESIAN_POINT ( 'NONE',  ( 16.35474950397706806, 8.500000000000000000, 5.672742914049951679 ) ) ;
#2369 = ORIENTED_EDGE ( 'NONE', *, *, #3228, .T. ) ;
#2370 = VERTEX_POINT ( 'NONE', #3089 ) ;
#2371 = ORIENTED_EDGE ( 'NONE', *, *, #2395, .F. ) ;
#2372 = FACE_BOUND ( 'NONE', #2246, .T. ) ;
#2373 = ORIENTED_EDGE ( 'NONE', *, *, #3502, .F. ) ;
#2374 = ORIENTED_EDGE ( 'NONE', *, *, #525, .T. ) ;
#2375 = DIRECTION ( 'NONE',  ( 0.000000000000000000, 0.000000000000000000, -1.000000000000000000 ) ) ;
#2376 = CARTESIAN_POINT ( 'NONE',  ( 0.7428480290867349733, 8.500000000000000000, -7.463121116910937936 ) ) ;
#2377 = EDGE_CURVE ( 'NONE', #98, #569, #988, .T. ) ;
#2378 = EDGE_CURVE ( 'NONE', #1799, #2913, #2554, .T. ) ;
#2379 = LINE ( 'NONE', #2915, #128 ) ;
#2380 = DIRECTION ( 'NONE',  ( 1.000000000000000000, 0.000000000000000000, 0.000000000000000000 ) ) ;
#2381 = CARTESIAN_POINT ( 'NONE',  ( 16.35474950397699700, 1.500000000000000000, -5.672742914049922369 ) ) ;
#2382 = ADVANCED_FACE ( 'NONE', ( #2210 ), #2519, .F. ) ;
#2383 = EDGE_CURVE ( 'NONE', #19, #1049, #3680, .T. ) ;
#2384 = EDGE_LOOP ( 'NONE', ( #946, #827, #1454, #2245 ) ) ;
#2385 = DIRECTION ( 'NONE',  ( 0.000000000000000000, 1.000000000000000000, 0.000000000000000000 ) ) ;
#2386 = FACE_BOUND ( 'NONE', #2905, .T. ) ;
#2387 = ORIENTED_EDGE ( 'NONE', *, *, #1442, .F. ) ;
#2388 = ORIENTED_EDGE ( 'NONE', *, *, #2892, .F. ) ;
#2389 = VERTEX_POINT ( 'NONE', #2681 ) ;
#2390 = CARTESIAN_POINT ( 'NONE',  ( 0.000000000000000000, -1.500000000000000000, 0.000000000000000000 ) ) ;
#2391 = VERTEX_POINT ( 'NONE', #1924 ) ;
#2392 = ORIENTED_EDGE ( 'NONE', *, *, #2873, .T. ) ;
#2393 = VECTOR ( 'NONE', #3284, 1000.000000000000000 ) ;
#2394 = ADVANCED_FACE ( 'NONE', ( #2243 ), #972, .F. ) ;
#2395 = EDGE_CURVE ( 'NONE', #3567, #964, #757, .T. ) ;
#2396 = AXIS2_PLACEMENT_3D ( 'NONE', #1499, #657, #1806 ) ;
#2397 = CARTESIAN_POINT ( 'NONE',  ( -13.19273868914365977, 1.499999999999999556, -3.500000000000000444 ) ) ;
#2398 = DIRECTION ( 'NONE',  ( -0.5000000000000008882, 0.000000000000000000, -0.8660254037844380415 ) ) ;
#2399 = LINE ( 'NONE', #2192, #849 ) ;
#2400 = CIRCLE ( 'NONE', #2637, 1.000000000000000888 ) ;
#2401 = LINE ( 'NONE', #427, #2880 ) ;
#2402 = VECTOR ( 'NONE', #1482, 1000.000000000000000 ) ;
#2403 = CARTESIAN_POINT ( 'NONE',  ( 14.72243186433544437, 8.500000000000000000, -8.499999999999994671 ) ) ;
#2404 = DIRECTION ( 'NONE',  ( 0.000000000000000000, 1.000000000000000000, 0.000000000000000000 ) ) ;
#2405 = AXIS2_PLACEMENT_3D ( 'NONE', #2687, #129, #1263 ) ;
#2406 = VERTEX_POINT ( 'NONE', #3049 ) ;
#2407 = DIRECTION ( 'NONE',  ( 0.000000000000000000, 0.000000000000000000, 1.000000000000000000 ) ) ;
#2408 = ORIENTED_EDGE ( 'NONE', *, *, #841, .F. ) ;
#2409 = DIRECTION ( 'NONE',  ( 0.4999999999999997780, 0.000000000000000000, 0.8660254037844387076 ) ) ;
#2410 = ORIENTED_EDGE ( 'NONE', *, *, #2801, .T. ) ;
#2411 = ORIENTED_EDGE ( 'NONE', *, *, #23, .T. ) ;
#2412 = ORIENTED_EDGE ( 'NONE', *, *, #401, .F. ) ;
#2413 = CYLINDRICAL_SURFACE ( 'NONE', #3561, 1.549999999999999378 ) ;
#2414 = EDGE_CURVE ( 'NONE', #1575, #378, #924, .T. ) ;
#2415 = CARTESIAN_POINT ( 'NONE',  ( 12.22408882090945781, 8.500000000000000000, -11.82725708595005720 ) ) ;
#2416 = ORIENTED_EDGE ( 'NONE', *, *, #3212, .T. ) ;
#2417 = VERTEX_POINT ( 'NONE', #253 ) ;
#2418 = ORIENTED_EDGE ( 'NONE', *, *, #649, .F. ) ;
#2419 = ADVANCED_FACE ( 'NONE', ( #3664 ), #1390, .T. ) ;
#2420 = AXIS2_PLACEMENT_3D ( 'NONE', #656, #932, #2375 ) ;
#2421 = LINE ( 'NONE', #3206, #2705 ) ;
#2422 = DIRECTION ( 'NONE',  ( -1.000000000000000000, 0.000000000000000000, 0.000000000000000000 ) ) ;
#2423 = CARTESIAN_POINT ( 'NONE',  ( 6.123233995736766282E-16, -1.000000000000000000, -5.000000000000000000 ) ) ;
#2424 = PLANE ( 'NONE',  #2910 ) ;
#2425 = VECTOR ( 'NONE', #3059, 1000.000000000000000 ) ;
#2426 = AXIS2_PLACEMENT_3D ( 'NONE', #1598, #2734, #174 ) ;
#2427 = ORIENTED_EDGE ( 'NONE', *, *, #2788, .T. ) ;
#2428 = CARTESIAN_POINT ( 'NONE',  ( 2.165063509459043800, -1.500000000000000000, -1.249999999998814282 ) ) ;
#2429 = DIRECTION ( 'NONE',  ( 0.000000000000000000, 0.000000000000000000, 1.000000000000000000 ) ) ;
#2430 = ORIENTED_EDGE ( 'NONE', *, *, #3433, .F. ) ;
#2431 = CARTESIAN_POINT ( 'NONE',  ( 13.09011422469398944, 1.500000000000000000, 11.32725708595013359 ) ) ;
#2432 = ORIENTED_EDGE ( 'NONE', *, *, #2306, .F. ) ;
#2433 = EDGE_LOOP ( 'NONE', ( #2164, #542, #2351, #3296 ) ) ;
#2434 = CIRCLE ( 'NONE', #3155, 1.000000000000000000 ) ;
#2435 = VERTEX_POINT ( 'NONE', #2262 ) ;
#2436 = LINE ( 'NONE', #3570, #1233 ) ;
#2437 = EDGE_CURVE ( 'NONE', #599, #3237, #2663, .T. ) ;
#2438 = DIRECTION ( 'NONE',  ( 0.000000000000000000, -1.000000000000000000, 0.000000000000000000 ) ) ;
#2439 = ORIENTED_EDGE ( 'NONE', *, *, #2892, .T. ) ;
#2440 = ORIENTED_EDGE ( 'NONE', *, *, #126, .F. ) ;
#2441 = EDGE_CURVE ( 'NONE', #419, #930, #1060, .T. ) ;
#2442 = ORIENTED_EDGE ( 'NONE', *, *, #408, .F. ) ;
#2443 = SURFACE_SIDE_STYLE ('',( #405 ) ) ;
#2444 = CARTESIAN_POINT ( 'NONE',  ( -6.091828464221601180, 8.500000000000000000, 4.374885822795778090 ) ) ;
#2445 = DIRECTION ( 'NONE',  ( -0.000000000000000000, -1.000000000000000000, -0.000000000000000000 ) ) ;
#2446 = CARTESIAN_POINT ( 'NONE',  ( -3.199999999999999734, -1.500000000000000000, -2.399999999999999911 ) ) ;
#2447 = DIRECTION ( 'NONE',  ( 0.000000000000000000, 1.000000000000000000, 0.000000000000000000 ) ) ;
#2448 = ORIENTED_EDGE ( 'NONE', *, *, #1932, .F. ) ;
#2449 = CYLINDRICAL_SURFACE ( 'NONE', #2405, 1.000000000000000000 ) ;
#2450 = CYLINDRICAL_SURFACE ( 'NONE', #1219, 1.000000000000000888 ) ;
#2451 = EDGE_LOOP ( 'NONE', ( #3016, #364, #3361, #2542 ) ) ;
#2452 = CARTESIAN_POINT ( 'NONE',  ( 8.750000000000005329, -1.500000000000000000, 15.15544456622768976 ) ) ;
#2453 = VERTEX_POINT ( 'NONE', #1027 ) ;
#2454 = ORIENTED_EDGE ( 'NONE', *, *, #1180, .F. ) ;
#2455 = DIRECTION ( 'NONE',  ( -0.000000000000000000, -1.000000000000000000, -0.000000000000000000 ) ) ;
#2456 = FACE_OUTER_BOUND ( 'NONE', #907, .T. ) ;
#2457 = ORIENTED_EDGE ( 'NONE', *, *, #1500, .F. ) ;
#2458 = VERTEX_POINT ( 'NONE', #1920 ) ;
#2459 = CYLINDRICAL_SURFACE ( 'NONE', #1601, 7.500000000000000000 ) ;
#2460 = ORIENTED_EDGE ( 'NONE', *, *, #1010, .F. ) ;
#2461 = DIRECTION ( 'NONE',  ( -0.000000000000000000, -1.000000000000000000, -0.000000000000000000 ) ) ;
#2462 = EDGE_CURVE ( 'NONE', #784, #945, #2911, .T. ) ;
#2463 = CIRCLE ( 'NONE', #2625, 1.000000000000000222 ) ;
#2464 = AXIS2_PLACEMENT_3D ( 'NONE', #1201, #602, #1753 ) ;
#2465 = DIRECTION ( 'NONE',  ( 0.000000000000000000, 0.000000000000000000, -1.000000000000000000 ) ) ;
#2466 = DIRECTION ( 'NONE',  ( 0.000000000000000000, 0.000000000000000000, 1.000000000000000000 ) ) ;
#2467 = EDGE_CURVE ( 'NONE', #379, #170, #2980, .T. ) ;
#2468 = EDGE_LOOP ( 'NONE', ( #2963, #1954, #1854, #2454 ) ) ;
#2469 = ADVANCED_FACE ( 'NONE', ( #1899 ), #435, .F. ) ;
#2470 = CARTESIAN_POINT ( 'NONE',  ( -4.000000000000000000, -1.500000000000000000, 3.000000000000000000 ) ) ;
#2471 = DIRECTION ( 'NONE',  ( 0.000000000000000000, 0.000000000000000000, -1.000000000000000000 ) ) ;
#2472 = ORIENTED_EDGE ( 'NONE', *, *, #1932, .T. ) ;
#2473 = CARTESIAN_POINT ( 'NONE',  ( 14.72243186433557405, 8.500000000000000000, 8.499999999999957367 ) ) ;
#2474 = AXIS2_PLACEMENT_3D ( 'NONE', #1155, #2849, #874 ) ;
#2475 = EDGE_LOOP ( 'NONE', ( #1262, #2320, #302, #271 ) ) ;
#2476 = VECTOR ( 'NONE', #1147, 1000.000000000000114 ) ;
#2477 = ORIENTED_EDGE ( 'NONE', *, *, #682, .T. ) ;
#2478 = DIRECTION ( 'NONE',  ( -5.204170427930421283E-15, 0.000000000000000000, 1.000000000000000000 ) ) ;
#2479 = CARTESIAN_POINT ( 'NONE',  ( -8.750000000000053291, -1.500000000000000000, -15.15544456622765246 ) ) ;
#2480 = CARTESIAN_POINT ( 'NONE',  ( -13.19273868914362957, -1.499999999999999556, 3.499999999999999556 ) ) ;
#2481 = ORIENTED_EDGE ( 'NONE', *, *, #2341, .T. ) ;
#2482 = ORIENTED_EDGE ( 'NONE', *, *, #2853, .F. ) ;
#2483 = CIRCLE ( 'NONE', #2805, 1.000000000000000888 ) ;
#2484 = LINE ( 'NONE', #3620, #2064 ) ;
#2485 = ORIENTED_EDGE ( 'NONE', *, *, #347, .T. ) ;
#2486 = DIRECTION ( 'NONE',  ( 1.000000000000000000, 0.000000000000000000, 0.000000000000000000 ) ) ;
#2487 = CIRCLE ( 'NONE', #520, 1.549999999999999378 ) ;
#2488 = ADVANCED_FACE ( 'NONE', ( #3587 ), #3310, .T. ) ;
#2489 = CARTESIAN_POINT ( 'NONE',  ( -9.469357670820308215, 1.499999999999999556, 10.66266986216874635 ) ) ;
#2490 = AXIS2_PLACEMENT_3D ( 'NONE', #254, #2834, #1407 ) ;
#2491 = CIRCLE ( 'NONE', #3148, 2.600000000000000089 ) ;
#2492 = DIRECTION ( 'NONE',  ( -0.000000000000000000, -1.000000000000000000, -0.000000000000000000 ) ) ;
#2493 = CARTESIAN_POINT ( 'NONE',  ( -3.264635279283071512, 1.500000000000000000, 16.99999999999987566 ) ) ;
#2494 = LINE ( 'NONE', #561, #1466 ) ;
#2495 = ORIENTED_EDGE ( 'NONE', *, *, #3080, .T. ) ;
#2496 = VECTOR ( 'NONE', #294, 1000.000000000000114 ) ;
#2497 = CIRCLE ( 'NONE', #1224, 2.600000000000000089 ) ;
#2498 = LINE ( 'NONE', #1860, #3628 ) ;
#2499 = DIRECTION ( 'NONE',  ( -0.000000000000000000, -1.000000000000000000, 0.000000000000000000 ) ) ;
#2500 = DIRECTION ( 'NONE',  ( 0.000000000000000000, 1.000000000000000000, 0.000000000000000000 ) ) ;
#2501 = ORIENTED_EDGE ( 'NONE', *, *, #947, .F. ) ;
#2502 = ORIENTED_EDGE ( 'NONE', *, *, #1696, .T. ) ;
#2503 = AXIS2_PLACEMENT_3D ( 'NONE', #2008, #3154, #2334 ) ;
#2504 = LINE ( 'NONE', #3348, #314 ) ;
#2505 = ORIENTED_EDGE ( 'NONE', *, *, #1291, .F. ) ;
#2506 =( NAMED_UNIT ( * ) PLANE_ANGLE_UNIT ( ) SI_UNIT ( $, .RADIAN. ) );
#2507 = EDGE_CURVE ( 'NONE', #2088, #1186, #1287, .T. ) ;
#2508 = DIRECTION ( 'NONE',  ( 1.000000000000000000, 0.000000000000000000, -0.000000000000000000 ) ) ;
#2509 = EDGE_CURVE ( 'NONE', #1862, #2979, #3611, .T. ) ;
#2510 = EDGE_CURVE ( 'NONE', #1009, #2872, #2066, .T. ) ;
#2511 = EDGE_CURVE ( 'NONE', #777, #3237, #1875, .T. ) ;
#2512 = CARTESIAN_POINT ( 'NONE',  ( -7.745966692414834931, 1.499999999999999556, -3.500000000000000444 ) ) ;
#2513 = DIRECTION ( 'NONE',  ( 0.5000000000000008882, 0.000000000000000000, 0.8660254037844381525 ) ) ;
#2514 = CARTESIAN_POINT ( 'NONE',  ( -12.22408882090950932, 8.500000000000000000, -11.82725708595003233 ) ) ;
#2515 = EDGE_CURVE ( 'NONE', #3441, #1337, #1962, .T. ) ;
#2516 = VERTEX_POINT ( 'NONE', #689 ) ;
#2517 = ADVANCED_FACE ( 'NONE', ( #3269 ), #1832, .T. ) ;
#2518 = CARTESIAN_POINT ( 'NONE',  ( 4.431305835109641933, 1.499999999999999556, 12.67524685029107800 ) ) ;
#2519 = CYLINDRICAL_SURFACE ( 'NONE', #1713, 1.550000000000002709 ) ;
#2520 = DIRECTION ( 'NONE',  ( 0.000000000000000000, 0.000000000000000000, 1.000000000000000000 ) ) ;
#2521 = ORIENTED_EDGE ( 'NONE', *, *, #1734, .T. ) ;
#2522 = EDGE_LOOP ( 'NONE', ( #1833, #2804, #1794, #2112, #776, #3227 ) ) ;
#2523 = DIRECTION ( 'NONE',  ( 0.000000000000000000, 1.000000000000000000, 0.000000000000000000 ) ) ;
#2524 = EDGE_CURVE ( 'NONE', #2872, #1475, #2689, .T. ) ;
#2525 = CARTESIAN_POINT ( 'NONE',  ( -8.761432854035909656, -1.500000000000000000, -10.17524685028865861 ) ) ;
#2526 = DIRECTION ( 'NONE',  ( 0.000000000000000000, 1.000000000000000000, 0.000000000000000000 ) ) ;
#2527 = CARTESIAN_POINT ( 'NONE',  ( 12.22408882090945781, 8.500000000000000000, -10.82725708595005543 ) ) ;
#2528 = CIRCLE ( 'NONE', #3003, 4.549999999999998934 ) ;
#2529 = DIRECTION ( 'NONE',  ( -0.000000000000000000, -1.000000000000000000, -0.000000000000000000 ) ) ;
#2530 = FACE_OUTER_BOUND ( 'NONE', #734, .T. ) ;
#2531 = DIRECTION ( 'NONE',  ( -0.000000000000000000, -1.000000000000000000, -0.000000000000000000 ) ) ;
#2532 = ORIENTED_EDGE ( 'NONE', *, *, #1299, .T. ) ;
#2533 = AXIS2_PLACEMENT_3D ( 'NONE', #1091, #2022, #252 ) ;
#2534 = DIRECTION ( 'NONE',  ( 0.000000000000000000, 0.000000000000000000, 1.000000000000000000 ) ) ;
#2535 = DIRECTION ( 'NONE',  ( 0.5000000000000003331, 0.000000000000000000, -0.8660254037844383745 ) ) ;
#2536 = CARTESIAN_POINT ( 'NONE',  ( -13.09011422469395036, 8.500000000000000000, -11.32725708595002700 ) ) ;
#2537 = AXIS2_PLACEMENT_3D ( 'NONE', #2179, #1619, #497 ) ;
#2538 = AXIS2_PLACEMENT_3D ( 'NONE', #297, #2257, #3657 ) ;
#2539 = CARTESIAN_POINT ( 'NONE',  ( 0.000000000000000000, 1.499999999999999556, 0.000000000000000000 ) ) ;
#2540 = LINE ( 'NONE', #3671, #1600 ) ;
#2541 = DIRECTION ( 'NONE',  ( 0.000000000000000000, 0.000000000000000000, -1.000000000000000000 ) ) ;
#2542 = ORIENTED_EDGE ( 'NONE', *, *, #3617, .T. ) ;
#2543 = CIRCLE ( 'NONE', #632, 1.000000000000000000 ) ;
#2544 = DIRECTION ( 'NONE',  ( 0.000000000000000000, 1.000000000000000000, 0.000000000000000000 ) ) ;
#2545 = CYLINDRICAL_SURFACE ( 'NONE', #521, 1.000000000000000000 ) ;
#2546 = CARTESIAN_POINT ( 'NONE',  ( -13.19273868914365977, 1.500000000000000000, -2.500000000000000444 ) ) ;
#2547 = EDGE_LOOP ( 'NONE', ( #1903, #1251, #2848, #655 ) ) ;
#2548 = AXIS2_PLACEMENT_3D ( 'NONE', #2330, #353, #905 ) ;
#2549 = DIRECTION ( 'NONE',  ( 0.000000000000000000, 0.000000000000000000, 1.000000000000000000 ) ) ;
#2550 = DIRECTION ( 'NONE',  ( 0.000000000000000000, 0.000000000000000000, 1.000000000000000000 ) ) ;
#2551 = VECTOR ( 'NONE', #1866, 1000.000000000000000 ) ;
#2552 = AXIS2_PLACEMENT_3D ( 'NONE', #503, #2500, #3593 ) ;
#2553 = EDGE_CURVE ( 'NONE', #3540, #3346, #2497, .T. ) ;
#2554 = CIRCLE ( 'NONE', #472, 1.000000000000000444 ) ;
#2555 = DIRECTION ( 'NONE',  ( 0.000000000000000000, 0.000000000000000000, 1.000000000000000000 ) ) ;
#2556 = EDGE_CURVE ( 'NONE', #3022, #3441, #732, .T. ) ;
#2557 = EDGE_LOOP ( 'NONE', ( #437, #3195, #2040, #312 ) ) ;
#2558 = CARTESIAN_POINT ( 'NONE',  ( -3.264635279283071512, 8.500000000000000000, 15.99999999999987566 ) ) ;
#2559 = CARTESIAN_POINT ( 'NONE',  ( -0.8418944329588039510, -1.499999999999999556, 8.458203932499676725 ) ) ;
#2560 = DIRECTION ( 'NONE',  ( 0.000000000000000000, 0.000000000000000000, -1.000000000000000000 ) ) ;
#2561 = LINE ( 'NONE', #1970, #3624 ) ;
#2562 = DIRECTION ( 'NONE',  ( 0.000000000000000000, 0.000000000000000000, -1.000000000000000000 ) ) ;
#2563 = ORIENTED_EDGE ( 'NONE', *, *, #1015, .F. ) ;
#2564 = EDGE_CURVE ( 'NONE', #784, #3486, #2136, .T. ) ;
#2565 = CARTESIAN_POINT ( 'NONE',  ( 0.8418944329592917830, 1.499999999999999556, 7.458203932499626987 ) ) ;
#2566 = DIRECTION ( 'NONE',  ( -0.000000000000000000, -1.000000000000000000, -0.000000000000000000 ) ) ;
#2567 = CARTESIAN_POINT ( 'NONE',  ( -8.749999999999996447, -1.500000000000000000, 15.15544456622769154 ) ) ;
#2568 = CYLINDRICAL_SURFACE ( 'NONE', #1114, 1.000000000000000888 ) ;
#2569 = CARTESIAN_POINT ( 'NONE',  ( -11.54700538379261232, 1.500000000000000000, -19.99999999999996092 ) ) ;
#2570 = EDGE_CURVE ( 'NONE', #1597, #221, #2132, .T. ) ;
#2571 = DIRECTION ( 'NONE',  ( 1.734723475976807094E-15, 0.000000000000000000, 1.000000000000000000 ) ) ;
#2572 = DIRECTION ( 'NONE',  ( 0.000000000000000000, 0.000000000000000000, -1.000000000000000000 ) ) ;
#2573 = LINE ( 'NONE', #1775, #2598 ) ;
#2574 = VERTEX_POINT ( 'NONE', #2431 ) ;
#2575 = CARTESIAN_POINT ( 'NONE',  ( -8.749999999999996447, 8.500000000000000000, 15.15544456622769154 ) ) ;
#2576 = ORIENTED_EDGE ( 'NONE', *, *, #2414, .T. ) ;
#2577 = EDGE_CURVE ( 'NONE', #1077, #3298, #2970, .T. ) ;
#2578 = AXIS2_PLACEMENT_3D ( 'NONE', #1990, #1368, #260 ) ;
#2579 = DIRECTION ( 'NONE',  ( 0.4999999999999950040, 0.000000000000000000, -0.8660254037844414832 ) ) ;
#2580 = CARTESIAN_POINT ( 'NONE',  ( 3.264635279283078617, 8.500000000000000000, 16.99999999999987566 ) ) ;
#2581 = CARTESIAN_POINT ( 'NONE',  ( -4.499464137394546093, 8.500000000000000000, -13.53203923153626498 ) ) ;
#2582 = AXIS2_PLACEMENT_3D ( 'NONE', #2105, #411, #1548 ) ;
#2583 = AXIS2_PLACEMENT_3D ( 'NONE', #336, #2089, #1791 ) ;
#2584 = CARTESIAN_POINT ( 'NONE',  ( 8.750000000000003553, 8.500000000000000000, -15.15544456622767733 ) ) ;
#2585 = ADVANCED_FACE ( 'NONE', ( #2156 ), #3290, .F. ) ;
#2586 = CARTESIAN_POINT ( 'NONE',  ( 8.750000000000003553, -1.500000000000000000, -15.15544456622767733 ) ) ;
#2587 = CARTESIAN_POINT ( 'NONE',  ( 12.22408882090954663, -1.499999999999999556, 10.82725708595013536 ) ) ;
#2588 = DIRECTION ( 'NONE',  ( -0.000000000000000000, -1.000000000000000000, -0.000000000000000000 ) ) ;
#2589 = CARTESIAN_POINT ( 'NONE',  ( 3.264635279283078617, -1.500000000000000000, 16.99999999999987566 ) ) ;
#2590 = ORIENTED_EDGE ( 'NONE', *, *, #2507, .F. ) ;
#2591 = CIRCLE ( 'NONE', #620, 1.000000000000000888 ) ;
#2592 = CARTESIAN_POINT ( 'NONE',  ( -8.750000000000053291, -1.500000000000000000, -16.70544456622765139 ) ) ;
#2593 = DIRECTION ( 'NONE',  ( 1.000000000000000000, 0.000000000000000000, -0.000000000000000000 ) ) ;
#2594 = VECTOR ( 'NONE', #2612, 1000.000000000000000 ) ;
#2595 = ORIENTED_EDGE ( 'NONE', *, *, #471, .F. ) ;
#2596 = CARTESIAN_POINT ( 'NONE',  ( -3.565280431327402244, 1.499999999999999556, -13.17524685028540965 ) ) ;
#2597 = ORIENTED_EDGE ( 'NONE', *, *, #81, .F. ) ;
#2598 = VECTOR ( 'NONE', #349, 999.9999999999998863 ) ;
#2599 = AXIS2_PLACEMENT_3D ( 'NONE', #2274, #3128, #2562 ) ;
#2600 = CARTESIAN_POINT ( 'NONE',  ( 3.264635279283095937, 1.499999999999999556, -15.99999999999996270 ) ) ;
#2601 = DIRECTION ( 'NONE',  ( 0.000000000000000000, 0.000000000000000000, 1.000000000000000000 ) ) ;
#2602 = AXIS2_PLACEMENT_3D ( 'NONE', #1469, #2929, #3226 ) ;
#2603 = VECTOR ( 'NONE', #1355, 1000.000000000000000 ) ;
#2604 = ADVANCED_FACE ( 'NONE', ( #2863 ), #1105, .T. ) ;
#2605 = DIRECTION ( 'NONE',  ( 0.000000000000000000, 1.000000000000000000, 0.000000000000000000 ) ) ;
#2606 = SHAPE_DEFINITION_REPRESENTATION ( #2271, #1289 ) ;
#2607 = CARTESIAN_POINT ( 'NONE',  ( 6.834676493307206613, 8.500000000000000000, 3.088235294117646301 ) ) ;
#2608 = CARTESIAN_POINT ( 'NONE',  ( 0.000000000000000000, -1.500000000000000000, 0.000000000000000000 ) ) ;
#2609 = ORIENTED_EDGE ( 'NONE', *, *, #451, .F. ) ;
#2610 = EDGE_CURVE ( 'NONE', #1009, #2155, #852, .T. ) ;
#2611 = CARTESIAN_POINT ( 'NONE',  ( -4.252989283015851996, 1.499999999999999556, 15.84782784977065084 ) ) ;
#2612 = DIRECTION ( 'NONE',  ( -0.000000000000000000, 1.000000000000000000, -0.000000000000000000 ) ) ;
#2613 = ORIENTED_EDGE ( 'NONE', *, *, #1914, .F. ) ;
#2614 = EDGE_CURVE ( 'NONE', #300, #3279, #1123, .T. ) ;
#2615 = ORIENTED_EDGE ( 'NONE', *, *, #2753, .T. ) ;
#2616 = FACE_BOUND ( 'NONE', #628, .T. ) ;
#2617 = VERTEX_POINT ( 'NONE', #2546 ) ;
#2618 = DIRECTION ( 'NONE',  ( 0.000000000000000000, 1.000000000000000000, 0.000000000000000000 ) ) ;
#2619 = DIRECTION ( 'NONE',  ( 0.000000000000000000, 1.000000000000000000, 0.000000000000000000 ) ) ;
#2620 = VERTEX_POINT ( 'NONE', #3085 ) ;
#2621 = LINE ( 'NONE', #30, #1566 ) ;
#2622 = DIRECTION ( 'NONE',  ( 0.000000000000000000, 0.000000000000000000, -1.000000000000000000 ) ) ;
#2623 = PLANE ( 'NONE',  #3151 ) ;
#2624 = EDGE_CURVE ( 'NONE', #2924, #132, #2494, .T. ) ;
#2625 = AXIS2_PLACEMENT_3D ( 'NONE', #1220, #1187, #1202 ) ;
#2626 = DIRECTION ( 'NONE',  ( 0.000000000000000000, 1.000000000000000000, -0.000000000000000000 ) ) ;
#2627 = FACE_BOUND ( 'NONE', #1529, .T. ) ;
#2628 = ORIENTED_EDGE ( 'NONE', *, *, #404, .F. ) ;
#2629 = ORIENTED_EDGE ( 'NONE', *, *, #1344, .F. ) ;
#2630 = AXIS2_PLACEMENT_3D ( 'NONE', #3302, #3559, #997 ) ;
#2631 = ORIENTED_EDGE ( 'NONE', *, *, #2813, .F. ) ;
#2632 = DIRECTION ( 'NONE',  ( -0.000000000000000000, -1.000000000000000000, -0.000000000000000000 ) ) ;
#2633 = ORIENTED_EDGE ( 'NONE', *, *, #1998, .T. ) ;
#2634 = EDGE_LOOP ( 'NONE', ( #51, #2673, #2778, #1195 ) ) ;
#2635 = CIRCLE ( 'NONE', #1512, 1.549999999999999378 ) ;
#2636 = DIRECTION ( 'NONE',  ( 0.000000000000000000, 1.000000000000000000, 0.000000000000000000 ) ) ;
#2637 = AXIS2_PLACEMENT_3D ( 'NONE', #52, #2317, #1177 ) ;
#2638 = DIRECTION ( 'NONE',  ( 0.000000000000000000, 1.000000000000000000, 0.000000000000000000 ) ) ;
#2639 = VECTOR ( 'NONE', #3555, 999.9999999999998863 ) ;
#2640 = CIRCLE ( 'NONE', #1396, 1.000000000000000000 ) ;
#2641 = DIRECTION ( 'NONE',  ( 0.000000000000000000, 0.000000000000000000, 1.000000000000000000 ) ) ;
#2642 = APPLICATION_PROTOCOL_DEFINITION ( 'draft international standard', 'automotive_design', 1998, #2808 ) ;
#2643 = CARTESIAN_POINT ( 'NONE',  ( -7.745966692414834931, -1.499999999999999556, -2.500000000000000444 ) ) ;
#2644 = DIRECTION ( 'NONE',  ( -0.000000000000000000, 1.000000000000000000, -0.000000000000000000 ) ) ;
#2645 = ORIENTED_EDGE ( 'NONE', *, *, #125, .F. ) ;
#2646 = LINE ( 'NONE', #413, #71 ) ;
#2647 = DIRECTION ( 'NONE',  ( 0.000000000000000000, 0.000000000000000000, 1.000000000000000000 ) ) ;
#2648 = ORIENTED_EDGE ( 'NONE', *, *, #249, .T. ) ;
#2649 = AXIS2_PLACEMENT_3D ( 'NONE', #878, #308, #1986 ) ;
#2650 = VERTEX_POINT ( 'NONE', #1402 ) ;
#2651 = CARTESIAN_POINT ( 'NONE',  ( -4.431305835109432323, -1.500000000000000000, 12.67524685029160381 ) ) ;
#2652 = ORIENTED_EDGE ( 'NONE', *, *, #746, .F. ) ;
#2653 = ADVANCED_FACE ( 'NONE', ( #513 ), #1422, .F. ) ;
#2654 = ORIENTED_EDGE ( 'NONE', *, *, #2249, .F. ) ;
#2655 = ADVANCED_FACE ( 'NONE', ( #577 ), #1703, .F. ) ;
#2656 = AXIS2_PLACEMENT_3D ( 'NONE', #1985, #2263, #3377 ) ;
#2657 = VERTEX_POINT ( 'NONE', #299 ) ;
#2658 = EDGE_CURVE ( 'NONE', #2370, #1575, #3677, .T. ) ;
#2659 = CARTESIAN_POINT ( 'NONE',  ( -8.749999999999996447, 1.500000000000000000, 16.70544456622769047 ) ) ;
#2660 = LINE ( 'NONE', #483, #1902 ) ;
#2661 =( GEOMETRIC_REPRESENTATION_CONTEXT ( 3 ) GLOBAL_UNCERTAINTY_ASSIGNED_CONTEXT ( ( #3400 ) ) GLOBAL_UNIT_ASSIGNED_CONTEXT ( ( #3477, #2953, #660 ) ) REPRESENTATION_CONTEXT ( 'NONE', 'WORKASPACE' ) );
#2662 = AXIS2_PLACEMENT_3D ( 'NONE', #2600, #2322, #618 ) ;
#2663 = CIRCLE ( 'NONE', #277, 1.000000000000000000 ) ;
#2664 = ADVANCED_FACE ( 'NONE', ( #1953 ), #3116, .F. ) ;
#2665 = CIRCLE ( 'NONE', #1716, 1.550000000000002709 ) ;
#2666 = AXIS2_PLACEMENT_3D ( 'NONE', #2019, #1757, #3460 ) ;
#2667 = CARTESIAN_POINT ( 'NONE',  ( 8.750000000000005329, 1.500000000000000000, 15.15544456622768976 ) ) ;
#2668 = DIRECTION ( 'NONE',  ( -0.8660254037844388186, 0.000000000000000000, 0.4999999999999998335 ) ) ;
#2669 = AXIS2_PLACEMENT_3D ( 'NONE', #197, #1333, #2478 ) ;
#2670 = ORIENTED_EDGE ( 'NONE', *, *, #2831, .T. ) ;
#2671 = DIRECTION ( 'NONE',  ( -0.000000000000000000, -1.000000000000000000, -0.000000000000000000 ) ) ;
#2672 = CARTESIAN_POINT ( 'NONE',  ( 4.431305835109641045, 1.500000000000000000, 12.67524685029107800 ) ) ;
#2673 = ORIENTED_EDGE ( 'NONE', *, *, #3558, .T. ) ;
#2674 = EDGE_CURVE ( 'NONE', #2516, #1862, #2971, .T. ) ;
#2675 = ORIENTED_EDGE ( 'NONE', *, *, #17, .T. ) ;
#2676 = ORIENTED_EDGE ( 'NONE', *, *, #2084, .T. ) ;
#2677 = CARTESIAN_POINT ( 'NONE',  ( 4.499464137392735097, -1.500000000000000000, 13.53203923154091903 ) ) ;
#2678 = VERTEX_POINT ( 'NONE', #1971 ) ;
#2679 = VERTEX_POINT ( 'NONE', #3645 ) ;
#2680 = CARTESIAN_POINT ( 'NONE',  ( 0.000000000000000000, 8.500000000000000000, 0.000000000000000000 ) ) ;
#2681 = CARTESIAN_POINT ( 'NONE',  ( -6.091828464224531281, 1.499999999999999556, -4.374885822791697798 ) ) ;
#2682 = DIRECTION ( 'NONE',  ( 0.000000000000000000, 0.000000000000000000, 1.000000000000000000 ) ) ;
#2683 = SURFACE_STYLE_USAGE ( .BOTH. , #2086 ) ;
#2684 = CARTESIAN_POINT ( 'NONE',  ( 13.19273868914366332, -1.499999999999999556, -3.500000000000000444 ) ) ;
#2685 = EDGE_CURVE ( 'NONE', #189, #3030, #101, .T. ) ;
#2686 = ORIENTED_EDGE ( 'NONE', *, *, #2570, .F. ) ;
#2687 = CARTESIAN_POINT ( 'NONE',  ( -6.904072259454468785, 8.500000000000000000, -4.958203932497259103 ) ) ;
#2688 = ORIENTED_EDGE ( 'NONE', *, *, #703, .T. ) ;
#2689 = LINE ( 'NONE', #131, #97 ) ;
#2690 = ORIENTED_EDGE ( 'NONE', *, *, #347, .F. ) ;
#2691 = ORIENTED_EDGE ( 'NONE', *, *, #1172, .F. ) ;
#2692 = EDGE_CURVE ( 'NONE', #250, #221, #280, .T. ) ;
#2693 = ORIENTED_EDGE ( 'NONE', *, *, #2813, .T. ) ;
#2694 = FACE_BOUND ( 'NONE', #2147, .T. ) ;
#2695 = FACE_OUTER_BOUND ( 'NONE', #3526, .T. ) ;
#2696 = EDGE_LOOP ( 'NONE', ( #1908, #1360 ) ) ;
#2697 = ORIENTED_EDGE ( 'NONE', *, *, #617, .F. ) ;
#2698 = CIRCLE ( 'NONE', #1090, 1.000000000000000000 ) ;
#2699 = EDGE_LOOP ( 'NONE', ( #3378, #1900, #1428, #143 ) ) ;
#2700 = CARTESIAN_POINT ( 'NONE',  ( 0.000000000000000000, 1.499999999999999556, 0.000000000000000000 ) ) ;
#2701 = DIRECTION ( 'NONE',  ( 0.000000000000000000, 1.000000000000000000, 0.000000000000000000 ) ) ;
#2702 = CARTESIAN_POINT ( 'NONE',  ( 6.904072259451434768, 8.500000000000000000, 4.958203932501484168 ) ) ;
#2703 = VECTOR ( 'NONE', #2956, 1000.000000000000000 ) ;
#2704 = CARTESIAN_POINT ( 'NONE',  ( 0.000000000000000000, 1.500000000000000000, 0.000000000000000000 ) ) ;
#2705 = VECTOR ( 'NONE', #104, 1000.000000000000000 ) ;
#2706 = DIRECTION ( 'NONE',  ( 3.455323577095457193E-15, -0.000000000000000000, 1.000000000000000000 ) ) ;
#2707 = AXIS2_PLACEMENT_3D ( 'NONE', #3126, #1134, #1149 ) ;
#2708 = ORIENTED_EDGE ( 'NONE', *, *, #2515, .T. ) ;
#2709 = DIRECTION ( 'NONE',  ( 1.000000000000000000, 0.000000000000000000, 0.000000000000000000 ) ) ;
#2710 = DIRECTION ( 'NONE',  ( 0.000000000000000000, 0.000000000000000000, -1.000000000000000000 ) ) ;
#2711 = EDGE_LOOP ( 'NONE', ( #173, #2481, #755, #507, #3342, #2070, #929, #3070, #1783, #2388, #2576, #3266, #3312 ) ) ;
#2712 = DIRECTION ( 'NONE',  ( -0.000000000000000000, 1.000000000000000000, -0.000000000000000000 ) ) ;
#2713 = ORIENTED_EDGE ( 'NONE', *, *, #3240, .T. ) ;
#2714 = ORIENTED_EDGE ( 'NONE', *, *, #1373, .T. ) ;
#2715 = DIRECTION ( 'NONE',  ( 0.000000000000000000, 1.000000000000000000, 0.000000000000000000 ) ) ;
#2716 = LINE ( 'NONE', #159, #1118 ) ;
#2717 = ORIENTED_EDGE ( 'NONE', *, *, #6, .F. ) ;
#2718 = ORIENTED_EDGE ( 'NONE', *, *, #1442, .T. ) ;
#2719 = ORIENTED_EDGE ( 'NONE', *, *, #806, .F. ) ;
#2720 = CIRCLE ( 'NONE', #1109, 0.9999999999999991118 ) ;
#2721 = CARTESIAN_POINT ( 'NONE',  ( -8.749999999999996447, -1.500000000000000000, 15.15544456622769154 ) ) ;
#2722 = CIRCLE ( 'NONE', #3622, 4.550000000000001599 ) ;
#2723 = FACE_OUTER_BOUND ( 'NONE', #2838, .T. ) ;
#2724 = FACE_OUTER_BOUND ( 'NONE', #3455, .T. ) ;
#2725 = AXIS2_PLACEMENT_3D ( 'NONE', #1116, #8, #2840 ) ;
#2726 = CARTESIAN_POINT ( 'NONE',  ( -7.745966692414834931, -1.500000000000000000, 2.499999999999999556 ) ) ;
#2727 = AXIS2_PLACEMENT_3D ( 'NONE', #2143, #1272, #1861 ) ;
#2728 = AXIS2_PLACEMENT_3D ( 'NONE', #2815, #1107, #457 ) ;
#2729 = EDGE_CURVE ( 'NONE', #41, #3027, #1088, .T. ) ;
#2730 = EDGE_LOOP ( 'NONE', ( #3411, #185, #616, #1399 ) ) ;
#2731 = CARTESIAN_POINT ( 'NONE',  ( 8.750000000000003553, 1.500000000000000000, -13.60544456622767839 ) ) ;
#2732 = DIRECTION ( 'NONE',  ( -0.000000000000000000, 1.000000000000000000, -0.000000000000000000 ) ) ;
#2733 = EDGE_LOOP ( 'NONE', ( #1372, #1331, #1926, #3621 ) ) ;
#2734 = DIRECTION ( 'NONE',  ( -0.000000000000000000, -1.000000000000000000, -0.000000000000000000 ) ) ;
#2735 = ORIENTED_EDGE ( 'NONE', *, *, #3547, .F. ) ;
#2736 = EDGE_CURVE ( 'NONE', #2435, #2370, #1365, .T. ) ;
#2737 = EDGE_LOOP ( 'NONE', ( #1470, #1042, #1059, #2714 ) ) ;
#2738 = CARTESIAN_POINT ( 'NONE',  ( -4.499464137394546093, -1.500000000000000000, -13.53203923153626498 ) ) ;
#2739 = CARTESIAN_POINT ( 'NONE',  ( -6.904072259451148774, -1.499999999999999556, 4.958203932501882960 ) ) ;
#2740 = ORIENTED_EDGE ( 'NONE', *, *, #1125, .F. ) ;
#2741 = ORIENTED_EDGE ( 'NONE', *, *, #2975, .F. ) ;
#2742 = VERTEX_POINT ( 'NONE', #3356 ) ;
#2743 = EDGE_CURVE ( 'NONE', #958, #1531, #789, .T. ) ;
#2744 = EDGE_CURVE ( 'NONE', #115, #2742, #809, .T. ) ;
#2745 = CARTESIAN_POINT ( 'NONE',  ( -4.000000000000000000, -1.500000000000000000, -3.000000000000000000 ) ) ;
#2746 = FACE_OUTER_BOUND ( 'NONE', #3651, .T. ) ;
#2747 = VERTEX_POINT ( 'NONE', #1385 ) ;
#2748 = DIRECTION ( 'NONE',  ( 0.000000000000000000, 1.000000000000000000, 0.000000000000000000 ) ) ;
#2749 = CARTESIAN_POINT ( 'NONE',  ( 8.750000000000005329, -1.500000000000000000, 15.15544456622768976 ) ) ;
#2750 = ORIENTED_EDGE ( 'NONE', *, *, #3363, .F. ) ;
#2751 = DIRECTION ( 'NONE',  ( 0.000000000000000000, 1.000000000000000000, 0.000000000000000000 ) ) ;
#2752 = ORIENTED_EDGE ( 'NONE', *, *, #1772, .F. ) ;
#2753 = EDGE_CURVE ( 'NONE', #1543, #2027, #1231, .T. ) ;
#2754 = ORIENTED_EDGE ( 'NONE', *, *, #6, .T. ) ;
#2755 = CARTESIAN_POINT ( 'NONE',  ( 7.745966692414834931, -1.500000000000000000, 2.499999999999999556 ) ) ;
#2756 = LINE ( 'NONE', #2376, #3490 ) ;
#2757 = FACE_OUTER_BOUND ( 'NONE', #1377, .T. ) ;
#2758 = VERTEX_POINT ( 'NONE', #2954 ) ;
#2759 = ORIENTED_EDGE ( 'NONE', *, *, #1734, .F. ) ;
#2760 = DIRECTION ( 'NONE',  ( 0.000000000000000000, 0.000000000000000000, -1.000000000000000000 ) ) ;
#2761 = ORIENTED_EDGE ( 'NONE', *, *, #408, .T. ) ;
#2762 = ORIENTED_EDGE ( 'NONE', *, *, #1349, .T. ) ;
#2763 = CIRCLE ( 'NONE', #368, 1.549999999999999378 ) ;
#2764 = CARTESIAN_POINT ( 'NONE',  ( -8.749999999999996447, 8.500000000000000000, 15.15544456622769154 ) ) ;
#2765 = FACE_OUTER_BOUND ( 'NONE', #1534, .T. ) ;
#2766 = EDGE_CURVE ( 'NONE', #781, #887, #2799, .T. ) ;
#2767 = DIRECTION ( 'NONE',  ( 0.000000000000000000, 0.000000000000000000, 1.000000000000000000 ) ) ;
#2768 = FACE_OUTER_BOUND ( 'NONE', #2433, .T. ) ;
#2769 = DIRECTION ( 'NONE',  ( 0.000000000000000000, 0.000000000000000000, -1.000000000000000000 ) ) ;
#2770 = AXIS2_PLACEMENT_3D ( 'NONE', #2902, #1762, #2366 ) ;
#2771 = EDGE_LOOP ( 'NONE', ( #480, #3517, #452, #2355 ) ) ;
#2772 = CARTESIAN_POINT ( 'NONE',  ( -6.091828464224531281, -1.500000000000000000, -4.374885822791697798 ) ) ;
#2773 = DIRECTION ( 'NONE',  ( 0.000000000000000000, 0.000000000000000000, 1.000000000000000000 ) ) ;
#2774 = CARTESIAN_POINT ( 'NONE',  ( -11.54700538379233699, 1.500000000000000000, 20.00000000000011724 ) ) ;
#2775 = ORIENTED_EDGE ( 'NONE', *, *, #2766, .T. ) ;
#2776 = EDGE_LOOP ( 'NONE', ( #1378, #3216, #2387, #737 ) ) ;
#2777 = DIRECTION ( 'NONE',  ( 0.000000000000000000, 0.000000000000000000, -1.000000000000000000 ) ) ;
#2778 = ORIENTED_EDGE ( 'NONE', *, *, #2511, .T. ) ;
#2779 = EDGE_CURVE ( 'NONE', #3201, #3347, #1502, .T. ) ;
#2780 = CYLINDRICAL_SURFACE ( 'NONE', #156, 4.550000000000001599 ) ;
#2781 = ADVANCED_FACE ( 'NONE', ( #1203 ), #2314, .F. ) ;
#2782 = EDGE_CURVE ( 'NONE', #2453, #3638, #1151, .T. ) ;
#2783 = VECTOR ( 'NONE', #639, 1000.000000000000000 ) ;
#2784 = ADVANCED_FACE ( 'NONE', ( #2879 ), #870, .T. ) ;
#2785 = CARTESIAN_POINT ( 'NONE',  ( 0.8418944329649665770, 1.499999999999999556, -8.458203932499063882 ) ) ;
#2786 = AXIS2_PLACEMENT_3D ( 'NONE', #1702, #1686, #2572 ) ;
#2787 = CARTESIAN_POINT ( 'NONE',  ( 13.09011422469389885, 1.500000000000000000, -11.32725708595005898 ) ) ;
#2788 = EDGE_CURVE ( 'NONE', #1479, #2747, #1432, .T. ) ;
#2789 = DIRECTION ( 'NONE',  ( 0.000000000000000000, 1.000000000000000000, 0.000000000000000000 ) ) ;
#2790 = CARTESIAN_POINT ( 'NONE',  ( -3.565280431324994392, -1.499999999999999556, 13.17524685029160381 ) ) ;
#2791 = DIRECTION ( 'NONE',  ( -0.000000000000000000, 1.000000000000000000, -0.000000000000000000 ) ) ;
#2792 = ORIENTED_EDGE ( 'NONE', *, *, #1083, .T. ) ;
#2793 = MECHANICAL_DESIGN_GEOMETRIC_PRESENTATION_REPRESENTATION (  '', ( #227 ), #2661 ) ;
#2794 = VECTOR ( 'NONE', #3344, 1000.000000000000000 ) ;
#2795 = LINE ( 'NONE', #3293, #2603 ) ;
#2796 = LINE ( 'NONE', #1356, #3327 ) ;
#2797 = DIRECTION ( 'NONE',  ( 0.000000000000000000, -1.000000000000000000, 0.000000000000000000 ) ) ;
#2798 = EDGE_CURVE ( 'NONE', #645, #2747, #1485, .T. ) ;
#2799 = CIRCLE ( 'NONE', #581, 7.500000000000000000 ) ;
#2800 = VERTEX_POINT ( 'NONE', #3430 ) ;
#2801 = EDGE_CURVE ( 'NONE', #872, #964, #2297, .T. ) ;
#2802 = ORIENTED_EDGE ( 'NONE', *, *, #2853, .T. ) ;
#2803 = CIRCLE ( 'NONE', #1964, 1.549999999999999378 ) ;
#2804 = ORIENTED_EDGE ( 'NONE', *, *, #3472, .T. ) ;
#2805 = AXIS2_PLACEMENT_3D ( 'NONE', #1319, #3319, #763 ) ;
#2806 = DIRECTION ( 'NONE',  ( 0.000000000000000000, 0.000000000000000000, 1.000000000000000000 ) ) ;
#2807 = DIRECTION ( 'NONE',  ( -0.000000000000000000, 1.000000000000000000, -0.000000000000000000 ) ) ;
#2808 = APPLICATION_CONTEXT ( 'automotive_design' ) ;
#2809 = DIRECTION ( 'NONE',  ( 0.000000000000000000, 0.000000000000000000, 1.000000000000000000 ) ) ;
#2810 = DIRECTION ( 'NONE',  ( 0.000000000000000000, 1.000000000000000000, 0.000000000000000000 ) ) ;
#2811 = DIRECTION ( 'NONE',  ( 0.000000000000000000, -1.000000000000000000, 0.000000000000000000 ) ) ;
#2812 = EDGE_LOOP ( 'NONE', ( #1898, #942 ) ) ;
#2813 = EDGE_CURVE ( 'NONE', #1337, #1318, #3262, .T. ) ;
#2814 = DIRECTION ( 'NONE',  ( 0.000000000000000000, 0.000000000000000000, -1.000000000000000000 ) ) ;
#2815 = CARTESIAN_POINT ( 'NONE',  ( 17.50000000000001421, -1.500000000000000000, 4.853321584273757548E-15 ) ) ;
#2816 = DIRECTION ( 'NONE',  ( -0.000000000000000000, 1.000000000000000000, -0.000000000000000000 ) ) ;
#2817 = VERTEX_POINT ( 'NONE', #48 ) ;
#2818 = VERTEX_POINT ( 'NONE', #2916 ) ;
#2819 = LINE ( 'NONE', #3683, #3194 ) ;
#2820 = ORIENTED_EDGE ( 'NONE', *, *, #3013, .T. ) ;
#2821 = CARTESIAN_POINT ( 'NONE',  ( 16.35474950397699700, -1.500000000000000000, -5.672742914049922369 ) ) ;
#2822 = CARTESIAN_POINT ( 'NONE',  ( 2.165063509459043800, 1.500000000000000000, -1.249999999998814060 ) ) ;
#2823 = FACE_OUTER_BOUND ( 'NONE', #2699, .T. ) ;
#2824 = VERTEX_POINT ( 'NONE', #2068 ) ;
#2825 = VECTOR ( 'NONE', #3263, 1000.000000000000000 ) ;
#2826 = CARTESIAN_POINT ( 'NONE',  ( 3.264635279283095937, 8.500000000000000000, -16.99999999999996447 ) ) ;
#2827 = DIRECTION ( 'NONE',  ( 0.000000000000000000, 1.000000000000000000, 0.000000000000000000 ) ) ;
#2828 = DIRECTION ( 'NONE',  ( 0.000000000000000000, 0.000000000000000000, 1.000000000000000000 ) ) ;
#2829 = ORIENTED_EDGE ( 'NONE', *, *, #304, .F. ) ;
#2830 = EDGE_CURVE ( 'NONE', #2207, #2316, #643, .T. ) ;
#2831 = EDGE_CURVE ( 'NONE', #3346, #3540, #1063, .T. ) ;
#2832 = VECTOR ( 'NONE', #646, 1000.000000000000000 ) ;
#2833 = FACE_OUTER_BOUND ( 'NONE', #2335, .T. ) ;
#2834 = DIRECTION ( 'NONE',  ( 0.000000000000000000, 1.000000000000000000, 0.000000000000000000 ) ) ;
#2835 = PRODUCT ( 'shaftplate bottom', 'shaftplate bottom', '', ( #1808 ) ) ;
#2836 = AXIS2_PLACEMENT_3D ( 'NONE', #124, #2404, #1261 ) ;
#2837 = CIRCLE ( 'NONE', #2707, 1.000000000000000888 ) ;
#2838 = EDGE_LOOP ( 'NONE', ( #442, #612, #2448, #2688 ) ) ;
#2839 = CARTESIAN_POINT ( 'NONE',  ( 2.165063509459043800, 8.500000000000000000, -1.249999999998814282 ) ) ;
#2840 = DIRECTION ( 'NONE',  ( 0.000000000000000000, 0.000000000000000000, -1.000000000000000000 ) ) ;
#2841 = DIRECTION ( 'NONE',  ( 0.000000000000000000, -0.000000000000000000, 1.000000000000000000 ) ) ;
#2842 = EDGE_CURVE ( 'NONE', #3298, #599, #3500, .T. ) ;
#2843 = CIRCLE ( 'NONE', #1655, 4.549999999999997158 ) ;
#2844 = CIRCLE ( 'NONE', #1062, 1.000000000000000000 ) ;
#2845 = DIRECTION ( 'NONE',  ( 0.000000000000000000, 1.000000000000000000, 0.000000000000000000 ) ) ;
#2846 = CARTESIAN_POINT ( 'NONE',  ( 0.000000000000000000, 1.500000000000000000, 0.000000000000000000 ) ) ;
#2847 = DIRECTION ( 'NONE',  ( -0.000000000000000000, -1.000000000000000000, -0.000000000000000000 ) ) ;
#2848 = ORIENTED_EDGE ( 'NONE', *, *, #15, .T. ) ;
#2849 = DIRECTION ( 'NONE',  ( 0.000000000000000000, 1.000000000000000000, 0.000000000000000000 ) ) ;
#2850 = CARTESIAN_POINT ( 'NONE',  ( -23.09401076758504345, 1.500000000000000000, 1.612646152681311659E-13 ) ) ;
#2851 = VECTOR ( 'NONE', #2644, 1000.000000000000000 ) ;
#2852 = VECTOR ( 'NONE', #3520, 1000.000000000000000 ) ;
#2853 = EDGE_CURVE ( 'NONE', #872, #2617, #3191, .T. ) ;
#2854 = VECTOR ( 'NONE', #1307, 1000.000000000000227 ) ;
#2855 = VECTOR ( 'NONE', #1980, 1000.000000000000000 ) ;
#2856 = CARTESIAN_POINT ( 'NONE',  ( -4.000000000000000000, -1.000000000000000000, -0.000000000000000000 ) ) ;
#2857 = CIRCLE ( 'NONE', #1718, 0.9999999999999991118 ) ;
#2858 = EDGE_CURVE ( 'NONE', #1, #392, #318, .T. ) ;
#2859 = DIRECTION ( 'NONE',  ( -2.602085213965210642E-15, 0.000000000000000000, 1.000000000000000000 ) ) ;
#2860 = EDGE_CURVE ( 'NONE', #1798, #2146, #3153, .T. ) ;
#2861 = CARTESIAN_POINT ( 'NONE',  ( 13.19273868914366332, -1.500000000000000000, -2.500000000000000444 ) ) ;
#2862 = CARTESIAN_POINT ( 'NONE',  ( 17.50000000000001421, -1.500000000000000000, -1.549999999999998046 ) ) ;
#2863 = FACE_OUTER_BOUND ( 'NONE', #817, .T. ) ;
#2864 = FACE_OUTER_BOUND ( 'NONE', #2230, .T. ) ;
#2865 = ORIENTED_EDGE ( 'NONE', *, *, #3080, .F. ) ;
#2866 = ORIENTED_EDGE ( 'NONE', *, *, #2281, .T. ) ;
#2867 = LINE ( 'NONE', #1984, #848 ) ;
#2868 = DIRECTION ( 'NONE',  ( 0.000000000000000000, 1.000000000000000000, 0.000000000000000000 ) ) ;
#2869 = CIRCLE ( 'NONE', #1189, 4.550000000000001599 ) ;
#2870 = ORIENTED_EDGE ( 'NONE', *, *, #251, .F. ) ;
#2871 = PLANE ( 'NONE',  #684 ) ;
#2872 = VERTEX_POINT ( 'NONE', #2087 ) ;
#2873 = EDGE_CURVE ( 'NONE', #3251, #1191, #166, .T. ) ;
#2874 = DIRECTION ( 'NONE',  ( 0.000000000000000000, 0.000000000000000000, 1.000000000000000000 ) ) ;
#2875 = DIRECTION ( 'NONE',  ( 0.000000000000000000, -1.000000000000000000, 0.000000000000000000 ) ) ;
#2876 = EDGE_LOOP ( 'NONE', ( #750, #697, #1436, #498 ) ) ;
#2877 = LINE ( 'NONE', #82, #3122 ) ;
#2878 = DIRECTION ( 'NONE',  ( -0.000000000000000000, -1.000000000000000000, -0.000000000000000000 ) ) ;
#2879 = FACE_OUTER_BOUND ( 'NONE', #2730, .T. ) ;
#2880 = VECTOR ( 'NONE', #1825, 1000.000000000000000 ) ;
#2881 = DIRECTION ( 'NONE',  ( 0.000000000000000000, 0.000000000000000000, 1.000000000000000000 ) ) ;
#2882 = ORIENTED_EDGE ( 'NONE', *, *, #799, .T. ) ;
#2883 = AXIS2_PLACEMENT_3D ( 'NONE', #619, #1770, #879 ) ;
#2884 = CARTESIAN_POINT ( 'NONE',  ( -8.749999999999996447, 1.500000000000000000, 15.15544456622769154 ) ) ;
#2885 = FACE_BOUND ( 'NONE', #2812, .T. ) ;
#2886 = CIRCLE ( 'NONE', #1266, 1.000000000000000000 ) ;
#2887 = DIRECTION ( 'NONE',  ( -0.8660254037844417052, 0.000000000000000000, -0.4999999999999948375 ) ) ;
#2888 = AXIS2_PLACEMENT_3D ( 'NONE', #3241, #2636, #1520 ) ;
#2889 = EDGE_CURVE ( 'NONE', #2293, #1536, #881, .T. ) ;
#2890 = DIRECTION ( 'NONE',  ( 0.000000000000000000, 0.000000000000000000, -1.000000000000000000 ) ) ;
#2891 = CARTESIAN_POINT ( 'NONE',  ( -8.750000000000053291, -1.500000000000000000, -15.15544456622765246 ) ) ;
#2892 = EDGE_CURVE ( 'NONE', #1575, #3679, #2573, .T. ) ;
#2893 = ADVANCED_FACE ( 'NONE', ( #410 ), #450, .T. ) ;
#2894 = DIRECTION ( 'NONE',  ( 0.000000000000000000, 0.000000000000000000, 1.000000000000000000 ) ) ;
#2895 = EDGE_CURVE ( 'NONE', #2921, #2650, #580, .T. ) ;
#2896 = DIRECTION ( 'NONE',  ( -0.000000000000000000, -1.000000000000000000, -0.000000000000000000 ) ) ;
#2897 = EDGE_LOOP ( 'NONE', ( #3272, #1032, #3002, #2754 ) ) ;
#2898 = DIRECTION ( 'NONE',  ( 0.000000000000000000, 1.000000000000000000, 0.000000000000000000 ) ) ;
#2899 = ORIENTED_EDGE ( 'NONE', *, *, #3081, .T. ) ;
#2900 = VECTOR ( 'NONE', #842, 1000.000000000000000 ) ;
#2901 = EDGE_LOOP ( 'NONE', ( #2595, #1659, #108, #393 ) ) ;
#2902 = CARTESIAN_POINT ( 'NONE',  ( 0.000000000000000000, 1.499999999999999556, 0.000000000000000000 ) ) ;
#2903 = CARTESIAN_POINT ( 'NONE',  ( -1.707919836743243325, 1.499999999999999556, 7.958203932499676725 ) ) ;
#2904 = AXIS2_PLACEMENT_3D ( 'NONE', #2348, #3465, #1813 ) ;
#2905 = EDGE_LOOP ( 'NONE', ( #3069, #2940, #535, #2615, #1878, #2955, #68, #1198, #1641, #3511, #2188, #478 ) ) ;
#2906 = ORIENTED_EDGE ( 'NONE', *, *, #1073, .F. ) ;
#2907 = EDGE_CURVE ( 'NONE', #2218, #2207, #1323, .T. ) ;
#2908 = LINE ( 'NONE', #637, #701 ) ;
#2909 = ORIENTED_EDGE ( 'NONE', *, *, #1458, .F. ) ;
#2910 = AXIS2_PLACEMENT_3D ( 'NONE', #2403, #3516, #2129 ) ;
#2911 = CIRCLE ( 'NONE', #396, 4.550000000000001599 ) ;
#2912 = FACE_OUTER_BOUND ( 'NONE', #267, .T. ) ;
#2913 = VERTEX_POINT ( 'NONE', #2104 ) ;
#2914 = CIRCLE ( 'NONE', #2974, 4.549999999999997158 ) ;
#2915 = CARTESIAN_POINT ( 'NONE',  ( 8.761432854036518947, 1.499999999999999556, -10.17524685028879183 ) ) ;
#2916 = CARTESIAN_POINT ( 'NONE',  ( -4.000000000000000888, -1.000000000000000000, -2.999999999999999112 ) ) ;
#2917 = CARTESIAN_POINT ( 'NONE',  ( 3.184081677783118191E-16, -1.000000000000000000, -2.600000000000000089 ) ) ;
#2918 = FACE_OUTER_BOUND ( 'NONE', #2203, .T. ) ;
#2919 = DIRECTION ( 'NONE',  ( 0.000000000000000000, 1.000000000000000000, 0.000000000000000000 ) ) ;
#2920 = ORIENTED_EDGE ( 'NONE', *, *, #1343, .T. ) ;
#2921 = VERTEX_POINT ( 'NONE', #1613 ) ;
#2922 = EDGE_LOOP ( 'NONE', ( #960, #1124, #2373, #1506 ) ) ;
#2923 = CARTESIAN_POINT ( 'NONE',  ( 15.85111615421191900, -1.500000000000000000, -4.240717163770655773 ) ) ;
#2924 = VERTEX_POINT ( 'NONE', #2726 ) ;
#2925 = ORIENTED_EDGE ( 'NONE', *, *, #1412, .F. ) ;
#2926 = CYLINDRICAL_SURFACE ( 'NONE', #3011, 0.9999999999999991118 ) ;
#2927 = CARTESIAN_POINT ( 'NONE',  ( 9.627458257814344833, 1.499999999999999556, 9.675246850287740230 ) ) ;
#2928 = PLANE ( 'NONE',  #1867 ) ;
#2929 = DIRECTION ( 'NONE',  ( 0.000000000000000000, 1.000000000000000000, 0.000000000000000000 ) ) ;
#2930 = DIRECTION ( 'NONE',  ( 0.000000000000000000, 1.000000000000000000, 0.000000000000000000 ) ) ;
#2931 = ORIENTED_EDGE ( 'NONE', *, *, #499, .T. ) ;
#2932 = VECTOR ( 'NONE', #3035, 1000.000000000000000 ) ;
#2933 = CARTESIAN_POINT ( 'NONE',  ( -4.499464137394546093, 1.499999999999999556, -13.53203923153626498 ) ) ;
#2934 = LINE ( 'NONE', #2957, #1409 ) ;
#2935 = ORIENTED_EDGE ( 'NONE', *, *, #635, .F. ) ;
#2936 = ADVANCED_FACE ( 'NONE', ( #2746 ), #1547, .T. ) ;
#2937 = ORIENTED_EDGE ( 'NONE', *, *, #3170, .F. ) ;
#2938 = EDGE_CURVE ( 'NONE', #456, #419, #87, .T. ) ;
#2939 = AXIS2_PLACEMENT_3D ( 'NONE', #3139, #226, #2859 ) ;
#2940 = ORIENTED_EDGE ( 'NONE', *, *, #524, .T. ) ;
#2941 = DIRECTION ( 'NONE',  ( -0.000000000000000000, 1.000000000000000000, -0.000000000000000000 ) ) ;
#2942 = ORIENTED_EDGE ( 'NONE', *, *, #2004, .F. ) ;
#2943 = EDGE_LOOP ( 'NONE', ( #3337, #3573, #3618, #2945 ) ) ;
#2944 = EDGE_CURVE ( 'NONE', #676, #1549, #470, .T. ) ;
#2945 = ORIENTED_EDGE ( 'NONE', *, *, #564, .T. ) ;
#2946 = APPLICATION_CONTEXT ( 'automotive_design' ) ;
#2947 = ORIENTED_EDGE ( 'NONE', *, *, #3013, .F. ) ;
#2948 = CARTESIAN_POINT ( 'NONE',  ( -14.72243186433550477, 1.500000000000000000, -8.499999999999911182 ) ) ;
#2949 = CYLINDRICAL_SURFACE ( 'NONE', #2883, 1.000000000000000888 ) ;
#2950 = AXIS2_PLACEMENT_3D ( 'NONE', #2149, #724, #704 ) ;
#2951 = EDGE_CURVE ( 'NONE', #731, #1801, #1708, .T. ) ;
#2952 = CARTESIAN_POINT ( 'NONE',  ( -17.50000000000000000, -1.500000000000000000, 1.550000000000020473 ) ) ;
#2953 =( NAMED_UNIT ( * ) PLANE_ANGLE_UNIT ( ) SI_UNIT ( $, .RADIAN. ) );
#2954 = CARTESIAN_POINT ( 'NONE',  ( -8.749999999999996447, -1.500000000000000000, 16.70544456622769047 ) ) ;
#2955 = ORIENTED_EDGE ( 'NONE', *, *, #2674, .T. ) ;
#2956 = DIRECTION ( 'NONE',  ( -0.000000000000000000, 1.000000000000000000, -0.000000000000000000 ) ) ;
#2957 = CARTESIAN_POINT ( 'NONE',  ( -6.834676493307206613, 8.500000000000000000, -3.088235294117646745 ) ) ;
#2958 = VERTEX_POINT ( 'NONE', #3536 ) ;
#2959 = STYLED_ITEM ( 'NONE', ( #3299 ), #615 ) ;
#2960 = EDGE_LOOP ( 'NONE', ( #2418, #3652, #554, #1313 ) ) ;
#2961 = FACE_OUTER_BOUND ( 'NONE', #33, .T. ) ;
#2962 = AXIS2_PLACEMENT_3D ( 'NONE', #1853, #2154, #749 ) ;
#2963 = ORIENTED_EDGE ( 'NONE', *, *, #1019, .F. ) ;
#2964 = ORIENTED_EDGE ( 'NONE', *, *, #273, .F. ) ;
#2965 = AXIS2_PLACEMENT_3D ( 'NONE', #2587, #31, #1952 ) ;
#2966 = FILL_AREA_STYLE ('',( #1821 ) ) ;
#2967 = CARTESIAN_POINT ( 'NONE',  ( -6.038046855666710400, -1.500000000000000000, 5.458203932501883848 ) ) ;
#2968 = CIRCLE ( 'NONE', #1362, 7.500000000000000000 ) ;
#2969 = ADVANCED_FACE ( 'NONE', ( #975 ), #3581, .F. ) ;
#2970 = CIRCLE ( 'NONE', #1164, 1.000000000000000000 ) ;
#2971 = CIRCLE ( 'NONE', #1473, 0.9999999999999991118 ) ;
#2972 = DIRECTION ( 'NONE',  ( 0.000000000000000000, 0.000000000000000000, 1.000000000000000000 ) ) ;
#2973 = CARTESIAN_POINT ( 'NONE',  ( -3.264635279283071512, -1.500000000000000000, 16.99999999999987566 ) ) ;
#2974 = AXIS2_PLACEMENT_3D ( 'NONE', #2567, #2292, #858 ) ;
#2975 = EDGE_CURVE ( 'NONE', #1542, #115, #726, .T. ) ;
#2976 = DIRECTION ( 'NONE',  ( 1.734723475976807094E-15, 0.000000000000000000, 1.000000000000000000 ) ) ;
#2977 = ORIENTED_EDGE ( 'NONE', *, *, #1230, .F. ) ;
#2978 = LINE ( 'NONE', #3503, #2832 ) ;
#2979 = VERTEX_POINT ( 'NONE', #148 ) ;
#2980 = LINE ( 'NONE', #2111, #2010 ) ;
#2981 = ORIENTED_EDGE ( 'NONE', *, *, #1688, .T. ) ;
#2982 = VERTEX_POINT ( 'NONE', #2172 ) ;
#2983 = FACE_BOUND ( 'NONE', #2159, .T. ) ;
#2984 = DIRECTION ( 'NONE',  ( 0.000000000000000000, 0.000000000000000000, 1.000000000000000000 ) ) ;
#2985 = ORIENTED_EDGE ( 'NONE', *, *, #1733, .F. ) ;
#2986 = ORIENTED_EDGE ( 'NONE', *, *, #2084, .F. ) ;
#2987 = ORIENTED_EDGE ( 'NONE', *, *, #934, .F. ) ;
#2988 = LINE ( 'NONE', #2948, #2639 ) ;
#2989 = LINE ( 'NONE', #3261, #1340 ) ;
#2990 = CARTESIAN_POINT ( 'NONE',  ( 8.750000000000003553, 8.500000000000000000, -15.15544456622767733 ) ) ;
#2991 = DIRECTION ( 'NONE',  ( 0.000000000000000000, 0.000000000000000000, -1.000000000000000000 ) ) ;
#2992 = VERTEX_POINT ( 'NONE', #3326 ) ;
#2993 = CARTESIAN_POINT ( 'NONE',  ( -6.038046855670029522, -1.500000000000000000, -5.458203932497259103 ) ) ;
#2994 = LINE ( 'NONE', #191, #685 ) ;
#2995 = ORIENTED_EDGE ( 'NONE', *, *, #2509, .T. ) ;
#2996 = CARTESIAN_POINT ( 'NONE',  ( 0.000000000000000000, -1.000000000000000000, 0.000000000000000000 ) ) ;
#2997 = EDGE_LOOP ( 'NONE', ( #3024, #1802, #1894, #1945, #961, #2762 ) ) ;
#2998 = ORIENTED_EDGE ( 'NONE', *, *, #2284, .F. ) ;
#2999 = DIRECTION ( 'NONE',  ( -0.000000000000000000, 1.000000000000000000, -0.000000000000000000 ) ) ;
#3000 = CARTESIAN_POINT ( 'NONE',  ( 8.750000000000003553, 1.499999999999999556, -15.15544456622767733 ) ) ;
#3001 = EDGE_LOOP ( 'NONE', ( #2628, #614, #1583, #3397 ) ) ;
#3002 = ORIENTED_EDGE ( 'NONE', *, *, #2907, .F. ) ;
#3003 = AXIS2_PLACEMENT_3D ( 'NONE', #1786, #1040, #2972 ) ;
#3004 = ORIENTED_EDGE ( 'NONE', *, *, #1846, .F. ) ;
#3005 = VERTEX_POINT ( 'NONE', #3246 ) ;
#3006 = CARTESIAN_POINT ( 'NONE',  ( -2.165063509458652558, 1.500000000000000000, -1.249999999998590017 ) ) ;
#3007 = EDGE_CURVE ( 'NONE', #164, #919, #821, .T. ) ;
#3008 = CYLINDRICAL_SURFACE ( 'NONE', #739, 4.550000000000001599 ) ;
#3009 = AXIS2_PLACEMENT_3D ( 'NONE', #3162, #3681, #2289 ) ;
#3010 = DIRECTION ( 'NONE',  ( -0.000000000000000000, -1.000000000000000000, -0.000000000000000000 ) ) ;
#3011 = AXIS2_PLACEMENT_3D ( 'NONE', #3259, #117, #3280 ) ;
#3012 = DIRECTION ( 'NONE',  ( 0.000000000000000000, 0.000000000000000000, 1.000000000000000000 ) ) ;
#3013 = EDGE_CURVE ( 'NONE', #3572, #379, #770, .T. ) ;
#3014 = AXIS2_PLACEMENT_3D ( 'NONE', #1086, #13, #1103 ) ;
#3015 = ADVANCED_FACE ( 'NONE', ( #107 ), #2424, .F. ) ;
#3016 = ORIENTED_EDGE ( 'NONE', *, *, #2186, .F. ) ;
#3017 = CARTESIAN_POINT ( 'NONE',  ( -3.565280431327402244, -1.499999999999999556, -13.17524685028540965 ) ) ;
#3018 = PLANE ( 'NONE',  #2003 ) ;
#3019 = ORIENTED_EDGE ( 'NONE', *, *, #1096, .F. ) ;
#3020 = CARTESIAN_POINT ( 'NONE',  ( 4.252989283015858213, 8.500000000000000000, 15.84782784977065084 ) ) ;
#3021 = DIRECTION ( 'NONE',  ( -0.000000000000000000, -1.000000000000000000, -0.000000000000000000 ) ) ;
#3022 = VERTEX_POINT ( 'NONE', #2973 ) ;
#3023 = EDGE_CURVE ( 'NONE', #75, #241, #3264, .T. ) ;
#3024 = ORIENTED_EDGE ( 'NONE', *, *, #1133, .T. ) ;
#3025 = DIRECTION ( 'NONE',  ( 0.000000000000000000, 0.000000000000000000, 1.000000000000000000 ) ) ;
#3026 = DIRECTION ( 'NONE',  ( -0.000000000000000000, -1.000000000000000000, -0.000000000000000000 ) ) ;
#3027 = VERTEX_POINT ( 'NONE', #2381 ) ;
#3028 = ORIENTED_EDGE ( 'NONE', *, *, #2336, .F. ) ;
#3029 = ADVANCED_FACE ( 'NONE', ( #1850 ), #428, .F. ) ;
#3030 = VERTEX_POINT ( 'NONE', #2151 ) ;
#3031 = ORIENTED_EDGE ( 'NONE', *, *, #621, .F. ) ;
#3032 = CIRCLE ( 'NONE', #2552, 1.000000000000000888 ) ;
#3033 = CARTESIAN_POINT ( 'NONE',  ( -8.750000000000053291, -1.500000000000000000, -15.15544456622765246 ) ) ;
#3034 = CIRCLE ( 'NONE', #1593, 4.550000000000001599 ) ;
#3035 = DIRECTION ( 'NONE',  ( 1.000000000000000000, 0.000000000000000000, 0.000000000000000000 ) ) ;
#3036 = COLOUR_RGB ( '',0.7921568627450980005, 0.8196078431372548767, 0.9333333333333333481 ) ;
#3037 = DIRECTION ( 'NONE',  ( -0.000000000000000000, -1.000000000000000000, -0.000000000000000000 ) ) ;
#3038 = CIRCLE ( 'NONE', #2360, 1.000000000000000000 ) ;
#3039 = VECTOR ( 'NONE', #3543, 1000.000000000000000 ) ;
#3040 = ORIENTED_EDGE ( 'NONE', *, *, #3435, .T. ) ;
#3041 = AXIS2_PLACEMENT_3D ( 'NONE', #1030, #1882, #3025 ) ;
#3042 = CARTESIAN_POINT ( 'NONE',  ( 15.85111615421197584, 1.499999999999999556, 4.240717163770687748 ) ) ;
#3043 = DIRECTION ( 'NONE',  ( -0.000000000000000000, -1.000000000000000000, -0.000000000000000000 ) ) ;
#3044 = ORIENTED_EDGE ( 'NONE', *, *, #2077, .F. ) ;
#3045 = DIRECTION ( 'NONE',  ( -0.8660254037844388186, 0.000000000000000000, 0.4999999999999998335 ) ) ;
#3046 = ORIENTED_EDGE ( 'NONE', *, *, #2437, .T. ) ;
#3047 = ORIENTED_EDGE ( 'NONE', *, *, #249, .F. ) ;
#3048 = LINE ( 'NONE', #1581, #823 ) ;
#3049 = CARTESIAN_POINT ( 'NONE',  ( 13.96882180821687136, -1.500000000000000000, 2.869369369369369593 ) ) ;
#3050 = DIRECTION ( 'NONE',  ( -0.000000000000000000, -1.000000000000000000, -0.000000000000000000 ) ) ;
#3051 = ORIENTED_EDGE ( 'NONE', *, *, #2337, .F. ) ;
#3052 = EDGE_LOOP ( 'NONE', ( #436, #3487, #2163, #1725 ) ) ;
#3053 = CYLINDRICAL_SURFACE ( 'NONE', #2239, 4.549999999999998934 ) ;
#3054 = ORIENTED_EDGE ( 'NONE', *, *, #1019, .T. ) ;
#3055 = FACE_OUTER_BOUND ( 'NONE', #192, .T. ) ;
#3056 = DIRECTION ( 'NONE',  ( 0.000000000000000000, 0.000000000000000000, -1.000000000000000000 ) ) ;
#3057 = CYLINDRICAL_SURFACE ( 'NONE', #3488, 5.000000000000000000 ) ;
#3058 = CARTESIAN_POINT ( 'NONE',  ( 0.000000000000000000, -1.500000000000000000, 2.499999999999999556 ) ) ;
#3059 = DIRECTION ( 'NONE',  ( -0.000000000000000000, 1.000000000000000000, -0.000000000000000000 ) ) ;
#3060 = CARTESIAN_POINT ( 'NONE',  ( 3.565280431325201338, -1.499999999999999556, 13.17524685029107800 ) ) ;
#3061 = FACE_OUTER_BOUND ( 'NONE', #969, .T. ) ;
#3062 = DIRECTION ( 'NONE',  ( -0.000000000000000000, 1.000000000000000000, -0.000000000000000000 ) ) ;
#3063 = ORIENTED_EDGE ( 'NONE', *, *, #1073, .T. ) ;
#3064 = EDGE_CURVE ( 'NONE', #241, #2225, #3285, .T. ) ;
#3065 = DIRECTION ( 'NONE',  ( -0.4999999999999950040, 0.000000000000000000, 0.8660254037844414832 ) ) ;
#3066 = EDGE_CURVE ( 'NONE', #2052, #2574, #493, .T. ) ;
#3067 = CARTESIAN_POINT ( 'NONE',  ( -15.48872410019255241, -1.499999999999999556, -5.172742914049911711 ) ) ;
#3068 = DIRECTION ( 'NONE',  ( 0.000000000000000000, 1.000000000000000000, 0.000000000000000000 ) ) ;
#3069 = ORIENTED_EDGE ( 'NONE', *, *, #833, .F. ) ;
#3070 = ORIENTED_EDGE ( 'NONE', *, *, #225, .T. ) ;
#3071 = ADVANCED_FACE ( 'NONE', ( #2765 ), #1357, .F. ) ;
#3072 = CARTESIAN_POINT ( 'NONE',  ( -8.750000000000053291, 1.500000000000000000, -16.70544456622765139 ) ) ;
#3073 = ORIENTED_EDGE ( 'NONE', *, *, #2127, .F. ) ;
#3074 = DIRECTION ( 'NONE',  ( -0.000000000000000000, -1.000000000000000000, -0.000000000000000000 ) ) ;
#3075 = EDGE_CURVE ( 'NONE', #2417, #2992, #3032, .T. ) ;
#3076 = CIRCLE ( 'NONE', #2630, 4.550000000000001599 ) ;
#3077 = EDGE_CURVE ( 'NONE', #2298, #2092, #2665, .T. ) ;
#3078 = CIRCLE ( 'NONE', #2939, 1.000000000000000000 ) ;
#3079 = CYLINDRICAL_SURFACE ( 'NONE', #3523, 1.000000000000000000 ) ;
#3080 = EDGE_CURVE ( 'NONE', #459, #3251, #2131, .T. ) ;
#3081 = EDGE_CURVE ( 'NONE', #1314, #1617, #1293, .T. ) ;
#3082 = CIRCLE ( 'NONE', #1445, 7.500000000000000000 ) ;
#3083 = DIRECTION ( 'NONE',  ( 0.000000000000000000, 0.000000000000000000, 1.000000000000000000 ) ) ;
#3084 = CARTESIAN_POINT ( 'NONE',  ( 23.09401076758504701, 1.500000000000000000, 0.000000000000000000 ) ) ;
#3085 = CARTESIAN_POINT ( 'NONE',  ( -6.834676493307206613, 1.499999999999999556, -3.088235294117646745 ) ) ;
#3086 = VECTOR ( 'NONE', #3118, 1000.000000000000000 ) ;
#3087 = ORIENTED_EDGE ( 'NONE', *, *, #1230, .T. ) ;
#3088 = CARTESIAN_POINT ( 'NONE',  ( -0.7428480290812975451, -1.500000000000000000, 7.463121116911478836 ) ) ;
#3089 = CARTESIAN_POINT ( 'NONE',  ( -16.35474950397699345, 1.500000000000000000, -5.672742914049905494 ) ) ;
#3090 = CARTESIAN_POINT ( 'NONE',  ( -14.72243186433538575, 1.500000000000000000, 8.500000000000117240 ) ) ;
#3091 = ORIENTED_EDGE ( 'NONE', *, *, #937, .T. ) ;
#3092 = ORIENTED_EDGE ( 'NONE', *, *, #1305, .F. ) ;
#3093 = DIRECTION ( 'NONE',  ( 0.000000000000000000, 0.000000000000000000, 1.000000000000000000 ) ) ;
#3094 = DIRECTION ( 'NONE',  ( 0.000000000000000000, 0.000000000000000000, 1.000000000000000000 ) ) ;
#3095 = ADVANCED_FACE ( 'NONE', ( #3345 ), #780, .F. ) ;
#3096 = CIRCLE ( 'NONE', #2490, 1.550000000000002709 ) ;
#3097 = EDGE_CURVE ( 'NONE', #2293, #781, #2844, .T. ) ;
#3098 = CYLINDRICAL_SURFACE ( 'NONE', #2250, 7.500000000000000000 ) ;
#3099 = LINE ( 'NONE', #851, #2007 ) ;
#3100 = DIRECTION ( 'NONE',  ( 0.000000000000000000, 0.000000000000000000, 1.000000000000000000 ) ) ;
#3101 = ORIENTED_EDGE ( 'NONE', *, *, #3412, .T. ) ;
#3102 = AXIS2_PLACEMENT_3D ( 'NONE', #462, #1335, #137 ) ;
#3103 = VECTOR ( 'NONE', #2531, 1000.000000000000000 ) ;
#3104 = CARTESIAN_POINT ( 'NONE',  ( -3.565280431324994392, 8.500000000000000000, 13.17524685029160381 ) ) ;
#3105 = LINE ( 'NONE', #1375, #3260 ) ;
#3106 = LINE ( 'NONE', #2536, #978 ) ;
#3107 = EDGE_LOOP ( 'NONE', ( #2371, #2182, #2482, #2410 ) ) ;
#3108 = ORIENTED_EDGE ( 'NONE', *, *, #2860, .F. ) ;
#3109 = AXIS2_PLACEMENT_3D ( 'NONE', #3273, #717, #3065 ) ;
#3110 = DIRECTION ( 'NONE',  ( -1.000000000000000000, 0.000000000000000000, 0.000000000000000000 ) ) ;
#3111 = FACE_OUTER_BOUND ( 'NONE', #2771, .T. ) ;
#3112 = ORIENTED_EDGE ( 'NONE', *, *, #3407, .F. ) ;
#3113 = EDGE_CURVE ( 'NONE', #569, #752, #1316, .T. ) ;
#3114 = DIRECTION ( 'NONE',  ( -0.000000000000000000, -1.000000000000000000, -0.000000000000000000 ) ) ;
#3115 = CARTESIAN_POINT ( 'NONE',  ( -13.09011422469395036, -1.500000000000000000, -11.32725708595002700 ) ) ;
#3116 = CYLINDRICAL_SURFACE ( 'NONE', #2310, 1.000000000000000000 ) ;
#3117 = ORIENTED_EDGE ( 'NONE', *, *, #2556, .T. ) ;
#3118 = DIRECTION ( 'NONE',  ( -0.000000000000000000, 1.000000000000000000, -0.000000000000000000 ) ) ;
#3119 = DIRECTION ( 'NONE',  ( -0.000000000000000000, -1.000000000000000000, -0.000000000000000000 ) ) ;
#3120 = DIRECTION ( 'NONE',  ( -0.000000000000000000, -1.000000000000000000, -0.000000000000000000 ) ) ;
#3121 = CARTESIAN_POINT ( 'NONE',  ( -14.72243186433550477, 8.500000000000000000, -8.499999999999911182 ) ) ;
#3122 = VECTOR ( 'NONE', #603, 1000.000000000000000 ) ;
#3123 = LINE ( 'NONE', #2822, #2496 ) ;
#3124 = CARTESIAN_POINT ( 'NONE',  ( -8.750000000000053291, -1.500000000000000000, -15.15544456622765246 ) ) ;
#3125 = ADVANCED_FACE ( 'NONE', ( #2695 ), #3550, .F. ) ;
#3126 = CARTESIAN_POINT ( 'NONE',  ( 0.8418944329592917830, -1.499999999999999556, 8.458203932499626987 ) ) ;
#3127 = DIRECTION ( 'NONE',  ( -0.000000000000000000, 1.000000000000000000, -0.000000000000000000 ) ) ;
#3128 = DIRECTION ( 'NONE',  ( -0.000000000000000000, -1.000000000000000000, -0.000000000000000000 ) ) ;
#3129 = ADVANCED_FACE ( 'NONE', ( #718 ), #1925, .F. ) ;
#3130 = ORIENTED_EDGE ( 'NONE', *, *, #2577, .F. ) ;
#3131 = CIRCLE ( 'NONE', #2770, 7.500000000000000000 ) ;
#3132 = CARTESIAN_POINT ( 'NONE',  ( 17.50000000000001421, 1.499999999999999556, 4.853321584273757548E-15 ) ) ;
#3133 = DIRECTION ( 'NONE',  ( 0.000000000000000000, 0.000000000000000000, -1.000000000000000000 ) ) ;
#3134 = CIRCLE ( 'NONE', #2888, 1.000000000000000000 ) ;
#3135 = ADVANCED_FACE ( 'NONE', ( #2757 ), #796, .F. ) ;
#3136 = AXIS2_PLACEMENT_3D ( 'NONE', #432, #2492, #1615 ) ;
#3137 = DIRECTION ( 'NONE',  ( 0.000000000000000000, 1.000000000000000000, 0.000000000000000000 ) ) ;
#3138 = EDGE_CURVE ( 'NONE', #1129, #1479, #2543, .T. ) ;
#3139 = CARTESIAN_POINT ( 'NONE',  ( -6.904072259454468785, 1.499999999999999556, -4.958203932497259103 ) ) ;
#3140 = PRESENTATION_LAYER_ASSIGNMENT (  '', '', ( #2959 ) ) ;
#3141 = PRODUCT_RELATED_PRODUCT_CATEGORY ( 'part', '', ( #2835 ) ) ;
#3142 = CIRCLE ( 'NONE', #818, 0.9999999999999991118 ) ;
#3143 = DIRECTION ( 'NONE',  ( -0.000000000000000000, 1.000000000000000000, -0.000000000000000000 ) ) ;
#3144 = LINE ( 'NONE', #2258, #1524 ) ;
#3145 = CARTESIAN_POINT ( 'NONE',  ( 0.000000000000000000, -1.500000000000000000, 0.000000000000000000 ) ) ;
#3146 = CARTESIAN_POINT ( 'NONE',  ( -4.000000000000000000, -1.500000000000000000, 3.000000000000000000 ) ) ;
#3147 = ORIENTED_EDGE ( 'NONE', *, *, #2186, .T. ) ;
#3148 = AXIS2_PLACEMENT_3D ( 'NONE', #2846, #2827, #3158 ) ;
#3149 = CARTESIAN_POINT ( 'NONE',  ( -0.7428480290812975451, 1.499999999999999556, 7.463121116911478836 ) ) ;
#3150 = CARTESIAN_POINT ( 'NONE',  ( 9.627458257814344833, 8.500000000000000000, 9.675246850287740230 ) ) ;
#3151 = AXIS2_PLACEMENT_3D ( 'NONE', #2069, #917, #301 ) ;
#3152 = AXIS2_PLACEMENT_3D ( 'NONE', #2184, #1257, #516 ) ;
#3153 = CIRCLE ( 'NONE', #2354, 1.000000000000000000 ) ;
#3154 = DIRECTION ( 'NONE',  ( 0.000000000000000000, 1.000000000000000000, 0.000000000000000000 ) ) ;
#3155 = AXIS2_PLACEMENT_3D ( 'NONE', #461, #2715, #1315 ) ;
#3156 = CARTESIAN_POINT ( 'NONE',  ( -9.469357670825699458, 1.499999999999999556, -10.66266986216955814 ) ) ;
#3157 = CARTESIAN_POINT ( 'NONE',  ( 6.091828464221853423, -1.500000000000000000, 4.374885822795426371 ) ) ;
#3158 = DIRECTION ( 'NONE',  ( 0.000000000000000000, 0.000000000000000000, 1.000000000000000000 ) ) ;
#3159 = CARTESIAN_POINT ( 'NONE',  ( -2.165063509463149405, 1.500000000000000000, 1.250000000001184386 ) ) ;
#3160 = DIRECTION ( 'NONE',  ( -0.000000000000000000, -1.000000000000000000, -0.000000000000000000 ) ) ;
#3161 = ORIENTED_EDGE ( 'NONE', *, *, #417, .T. ) ;
#3162 = CARTESIAN_POINT ( 'NONE',  ( -7.745966692414834931, 8.500000000000000000, 3.499999999999999556 ) ) ;
#3163 = DIRECTION ( 'NONE',  ( 0.8660254037844384856, -0.000000000000000000, 0.5000000000000004441 ) ) ;
#3164 = ORIENTED_EDGE ( 'NONE', *, *, #1447, .F. ) ;
#3165 = ADVANCED_FACE ( 'NONE', ( #2456 ), #440, .F. ) ;
#3166 = EDGE_CURVE ( 'NONE', #1325, #201, #913, .T. ) ;
#3167 = FACE_OUTER_BOUND ( 'NONE', #182, .T. ) ;
#3168 = EDGE_CURVE ( 'NONE', #1361, #1270, #421, .T. ) ;
#3169 = EDGE_CURVE ( 'NONE', #887, #2924, #3556, .T. ) ;
#3170 = EDGE_CURVE ( 'NONE', #3237, #1077, #2716, .T. ) ;
#3171 = CYLINDRICAL_SURFACE ( 'NONE', #2464, 1.000000000000000222 ) ;
#3172 = DIRECTION ( 'NONE',  ( -0.000000000000000000, -1.000000000000000000, -0.000000000000000000 ) ) ;
#3173 = DIRECTION ( 'NONE',  ( 0.000000000000000000, 1.000000000000000000, 0.000000000000000000 ) ) ;
#3174 = AXIS2_PLACEMENT_3D ( 'NONE', #2586, #3515, #3225 ) ;
#3175 = CARTESIAN_POINT ( 'NONE',  ( 3.565280431327590982, -1.499999999999999556, -13.17524685028481635 ) ) ;
#3176 = ORIENTED_EDGE ( 'NONE', *, *, #1110, .T. ) ;
#3177 = ADVANCED_FACE ( 'NONE', ( #3571 ), #1008, .F. ) ;
#3178 = EDGE_LOOP ( 'NONE', ( #1037, #1711, #2977, #518 ) ) ;
#3179 = DIRECTION ( 'NONE',  ( 0.000000000000000000, 1.000000000000000000, 0.000000000000000000 ) ) ;
#3180 = CARTESIAN_POINT ( 'NONE',  ( 0.000000000000000000, 1.499999999999999556, -7.500000000000000000 ) ) ;
#3181 = EDGE_LOOP ( 'NONE', ( #3610, #2080 ) ) ;
#3182 = CIRCLE ( 'NONE', #2178, 1.549999999999999378 ) ;
#3183 = ORIENTED_EDGE ( 'NONE', *, *, #3075, .F. ) ;
#3184 = CARTESIAN_POINT ( 'NONE',  ( 0.000000000000000000, -1.000000000000000000, 0.000000000000000000 ) ) ;
#3185 = AXIS2_PLACEMENT_3D ( 'NONE', #3557, #448, #2125 ) ;
#3186 = ORIENTED_EDGE ( 'NONE', *, *, #38, .T. ) ;
#3187 = VECTOR ( 'NONE', #3643, 1000.000000000000000 ) ;
#3188 = ORIENTED_EDGE ( 'NONE', *, *, #2658, .F. ) ;
#3189 = CARTESIAN_POINT ( 'NONE',  ( -23.09401076758504345, 1.500000000000000000, 1.612646152681311659E-13 ) ) ;
#3190 = CARTESIAN_POINT ( 'NONE',  ( 3.565280431325201338, 1.499999999999999556, 13.17524685029107800 ) ) ;
#3191 = LINE ( 'NONE', #1787, #768 ) ;
#3192 = CARTESIAN_POINT ( 'NONE',  ( -12.22408882090950932, -1.499999999999999556, -10.82725708595003233 ) ) ;
#3193 = AXIS2_PLACEMENT_3D ( 'NONE', #1041, #1259, #2466 ) ;
#3194 = VECTOR ( 'NONE', #1459, 1000.000000000000000 ) ;
#3195 = ORIENTED_EDGE ( 'NONE', *, *, #3066, .T. ) ;
#3196 = CARTESIAN_POINT ( 'NONE',  ( 17.50000000000001421, -1.500000000000000000, -1.549999999999998046 ) ) ;
#3197 = ADVANCED_FACE ( 'NONE', ( #2002 ), #1140, .F. ) ;
#3198 = LINE ( 'NONE', #2368, #1523 ) ;
#3199 = VECTOR ( 'NONE', #1431, 1000.000000000000000 ) ;
#3200 = ORIENTED_EDGE ( 'NONE', *, *, #2842, .T. ) ;
#3201 = VERTEX_POINT ( 'NONE', #550 ) ;
#3202 =( GEOMETRIC_REPRESENTATION_CONTEXT ( 3 ) GLOBAL_UNCERTAINTY_ASSIGNED_CONTEXT ( ( #845 ) ) GLOBAL_UNIT_ASSIGNED_CONTEXT ( ( #2273, #2283, #3210 ) ) REPRESENTATION_CONTEXT ( 'NONE', 'WORKASPACE' ) );
#3203 = VECTOR ( 'NONE', #2526, 1000.000000000000000 ) ;
#3204 = DIRECTION ( 'NONE',  ( -0.000000000000000000, -1.000000000000000000, -0.000000000000000000 ) ) ;
#3205 = ORIENTED_EDGE ( 'NONE', *, *, #3423, .F. ) ;
#3206 = CARTESIAN_POINT ( 'NONE',  ( -6.834676493307206613, 8.500000000000000000, 3.088235294117646301 ) ) ;
#3207 = CARTESIAN_POINT ( 'NONE',  ( 7.745966692414834931, -1.500000000000000000, -2.500000000000000444 ) ) ;
#3208 = EDGE_CURVE ( 'NONE', #1047, #716, #3038, .T. ) ;
#3209 = DIRECTION ( 'NONE',  ( 6.938893903907222067E-15, 0.000000000000000000, 1.000000000000000000 ) ) ;
#3210 =( NAMED_UNIT ( * ) SI_UNIT ( $, .STERADIAN. ) SOLID_ANGLE_UNIT ( ) );
#3211 = DIRECTION ( 'NONE',  ( 0.000000000000000000, 0.000000000000000000, -1.000000000000000000 ) ) ;
#3212 = EDGE_CURVE ( 'NONE', #3679, #2319, #3106, .T. ) ;
#3213 = CARTESIAN_POINT ( 'NONE',  ( 0.8418944329592917830, 8.500000000000000000, 8.458203932499626987 ) ) ;
#3214 = CARTESIAN_POINT ( 'NONE',  ( 9.469357670820770068, -1.500000000000000000, 10.66266986216881207 ) ) ;
#3215 = CARTESIAN_POINT ( 'NONE',  ( -2.165063509458652558, 8.500000000000000000, -1.249999999998590017 ) ) ;
#3216 = ORIENTED_EDGE ( 'NONE', *, *, #892, .F. ) ;
#3217 = ORIENTED_EDGE ( 'NONE', *, *, #3668, .T. ) ;
#3218 = EDGE_LOOP ( 'NONE', ( #3047, #844 ) ) ;
#3219 = FACE_BOUND ( 'NONE', #1236, .T. ) ;
#3220 = ORIENTED_EDGE ( 'NONE', *, *, #205, .F. ) ;
#3221 = ADVANCED_FACE ( 'NONE', ( #584 ), #3665, .F. ) ;
#3222 = VERTEX_POINT ( 'NONE', #3409 ) ;
#3223 = LINE ( 'NONE', #1805, #2783 ) ;
#3224 = CARTESIAN_POINT ( 'NONE',  ( 9.469357670826191509, 1.499999999999999556, -10.66266986216967183 ) ) ;
#3225 = DIRECTION ( 'NONE',  ( 0.000000000000000000, 0.000000000000000000, 1.000000000000000000 ) ) ;
#3226 = DIRECTION ( 'NONE',  ( 0.000000000000000000, 0.000000000000000000, 1.000000000000000000 ) ) ;
#3227 = ORIENTED_EDGE ( 'NONE', *, *, #123, .T. ) ;
#3228 = EDGE_CURVE ( 'NONE', #3483, #923, #3034, .T. ) ;
#3229 = DIRECTION ( 'NONE',  ( 0.000000000000000000, 0.000000000000000000, 1.000000000000000000 ) ) ;
#3230 = DIRECTION ( 'NONE',  ( 0.000000000000000000, 0.000000000000000000, -1.000000000000000000 ) ) ;
#3231 = ORIENTED_EDGE ( 'NONE', *, *, #1743, .T. ) ;
#3232 = ORIENTED_EDGE ( 'NONE', *, *, #3436, .T. ) ;
#3233 = AXIS2_PLACEMENT_3D ( 'NONE', #2559, #1398, #3684 ) ;
#3234 = ORIENTED_EDGE ( 'NONE', *, *, #2889, .T. ) ;
#3235 = FACE_BOUND ( 'NONE', #2522, .T. ) ;
#3236 = EDGE_CURVE ( 'NONE', #203, #236, #1108, .T. ) ;
#3237 = VERTEX_POINT ( 'NONE', #2277 ) ;
#3238 = EDGE_LOOP ( 'NONE', ( #1538, #2501, #912, #149 ) ) ;
#3239 = ORIENTED_EDGE ( 'NONE', *, *, #292, .T. ) ;
#3240 = EDGE_CURVE ( 'NONE', #2114, #1225, #2290, .T. ) ;
#3241 = CARTESIAN_POINT ( 'NONE',  ( 13.19273868914365444, -1.499999999999999556, 3.499999999999999556 ) ) ;
#3242 = VECTOR ( 'NONE', #109, 1000.000000000000000 ) ;
#3243 = DIRECTION ( 'NONE',  ( 0.000000000000000000, 0.000000000000000000, -1.000000000000000000 ) ) ;
#3244 = LINE ( 'NONE', #3325, #1691 ) ;
#3245 = DIRECTION ( 'NONE',  ( 0.000000000000000000, 0.000000000000000000, 1.000000000000000000 ) ) ;
#3246 = CARTESIAN_POINT ( 'NONE',  ( 6.091828464224789741, -1.500000000000000000, -4.374885822791340750 ) ) ;
#3247 = ORIENTED_EDGE ( 'NONE', *, *, #2564, .F. ) ;
#3248 = FACE_OUTER_BOUND ( 'NONE', #1793, .T. ) ;
#3249 = ORIENTED_EDGE ( 'NONE', *, *, #3674, .T. ) ;
#3250 = DIRECTION ( 'NONE',  ( 0.000000000000000000, 0.000000000000000000, 1.000000000000000000 ) ) ;
#3251 = VERTEX_POINT ( 'NONE', #306 ) ;
#3252 = ORIENTED_EDGE ( 'NONE', *, *, #617, .T. ) ;
#3253 = AXIS2_PLACEMENT_3D ( 'NONE', #2397, #1303, #1913 ) ;
#3254 = EDGE_LOOP ( 'NONE', ( #3092, #686, #3527, #1169 ) ) ;
#3255 = DIRECTION ( 'NONE',  ( 0.000000000000000000, -0.000000000000000000, 1.000000000000000000 ) ) ;
#3256 = VECTOR ( 'NONE', #2919, 1000.000000000000000 ) ;
#3257 = ORIENTED_EDGE ( 'NONE', *, *, #2028, .T. ) ;
#3258 = ORIENTED_EDGE ( 'NONE', *, *, #3007, .F. ) ;
#3259 = CARTESIAN_POINT ( 'NONE',  ( 0.8418944329649665770, 8.500000000000000000, -8.458203932499063882 ) ) ;
#3260 = VECTOR ( 'NONE', #1053, 1000.000000000000000 ) ;
#3261 = CARTESIAN_POINT ( 'NONE',  ( 0.000000000000000000, 1.500000000000000000, -2.500000000000000444 ) ) ;
#3262 = CIRCLE ( 'NONE', #2361, 4.549999999999997158 ) ;
#3263 = DIRECTION ( 'NONE',  ( -0.000000000000000000, 1.000000000000000000, -0.000000000000000000 ) ) ;
#3264 = LINE ( 'NONE', #706, #2195 ) ;
#3265 = FACE_OUTER_BOUND ( 'NONE', #2157, .T. ) ;
#3266 = ORIENTED_EDGE ( 'NONE', *, *, #358, .T. ) ;
#3267 = CARTESIAN_POINT ( 'NONE',  ( -8.761432854029346018, -1.500000000000000000, 10.17524685028765852 ) ) ;
#3268 = VERTEX_POINT ( 'NONE', #1728 ) ;
#3269 = FACE_OUTER_BOUND ( 'NONE', #400, .T. ) ;
#3270 = VERTEX_POINT ( 'NONE', #3438 ) ;
#3271 = VERTEX_POINT ( 'NONE', #22 ) ;
#3272 = ORIENTED_EDGE ( 'NONE', *, *, #1730, .T. ) ;
#3273 = CARTESIAN_POINT ( 'NONE',  ( 11.54700538379275621, 1.500000000000000000, 19.99999999999987566 ) ) ;
#3274 = CARTESIAN_POINT ( 'NONE',  ( 3.565280431327590982, 8.500000000000000000, -13.17524685028481635 ) ) ;
#3275 = ORIENTED_EDGE ( 'NONE', *, *, #669, .F. ) ;
#3276 = EDGE_CURVE ( 'NONE', #236, #3022, #1376, .T. ) ;
#3277 = EDGE_LOOP ( 'NONE', ( #1960, #1847, #2613, #1057 ) ) ;
#3278 = ORIENTED_EDGE ( 'NONE', *, *, #3166, .F. ) ;
#3279 = VERTEX_POINT ( 'NONE', #1958 ) ;
#3280 = DIRECTION ( 'NONE',  ( 0.000000000000000000, 0.000000000000000000, -1.000000000000000000 ) ) ;
#3281 = ADVANCED_FACE ( 'NONE', ( #1678 ), #830, .F. ) ;
#3282 = EDGE_CURVE ( 'NONE', #170, #2650, #1975, .T. ) ;
#3283 = CARTESIAN_POINT ( 'NONE',  ( -16.35474950397701477, -1.500000000000000000, 5.672742914049964114 ) ) ;
#3284 = DIRECTION ( 'NONE',  ( 0.000000000000000000, -1.000000000000000000, 0.000000000000000000 ) ) ;
#3285 = LINE ( 'NONE', #207, #3329 ) ;
#3286 = ORIENTED_EDGE ( 'NONE', *, *, #2614, .T. ) ;
#3287 = CYLINDRICAL_SURFACE ( 'NONE', #3136, 1.000000000000000888 ) ;
#3288 = CARTESIAN_POINT ( 'NONE',  ( 4.252989283015858213, 1.499999999999999556, 15.84782784977065084 ) ) ;
#3289 = ORIENTED_EDGE ( 'NONE', *, *, #3351, .T. ) ;
#3290 = CYLINDRICAL_SURFACE ( 'NONE', #2426, 1.000000000000000888 ) ;
#3291 = VERTEX_POINT ( 'NONE', #1693 ) ;
#3292 = ORIENTED_EDGE ( 'NONE', *, *, #2515, .F. ) ;
#3293 = CARTESIAN_POINT ( 'NONE',  ( 8.750000000000003553, -1.500000000000000000, -16.70544456622767626 ) ) ;
#3294 = CARTESIAN_POINT ( 'NONE',  ( 17.50000000000001421, -1.500000000000000000, 4.853321584273757548E-15 ) ) ;
#3295 = EDGE_LOOP ( 'NONE', ( #650, #3309, #2460, #3379 ) ) ;
#3296 = ORIENTED_EDGE ( 'NONE', *, *, #3666, .F. ) ;
#3297 = AXIS2_PLACEMENT_3D ( 'NONE', #2667, #2605, #1449 ) ;
#3298 = VERTEX_POINT ( 'NONE', #3422 ) ;
#3299 = PRESENTATION_STYLE_ASSIGNMENT (( #3653 ) ) ;
#3300 = DIRECTION ( 'NONE',  ( 0.000000000000000000, 1.000000000000000000, 0.000000000000000000 ) ) ;
#3301 = AXIS2_PLACEMENT_3D ( 'NONE', #2884, #1389, #2534 ) ;
#3302 = CARTESIAN_POINT ( 'NONE',  ( 8.750000000000005329, 1.499999999999999556, 15.15544456622768976 ) ) ;
#3303 = CIRCLE ( 'NONE', #2950, 4.550000000000001599 ) ;
#3304 = CARTESIAN_POINT ( 'NONE',  ( -23.09401076758504345, 1.500000000000000000, 1.612646152681311659E-13 ) ) ;
#3305 = VECTOR ( 'NONE', #1000, 1000.000000000000114 ) ;
#3306 = EDGE_LOOP ( 'NONE', ( #1363, #2717, #309, #133 ) ) ;
#3307 = CARTESIAN_POINT ( 'NONE',  ( -11.59812687119609365, -1.500000000000000000, -11.60711068600005191 ) ) ;
#3308 = CYLINDRICAL_SURFACE ( 'NONE', #2962, 1.550000000000002709 ) ;
#3309 = ORIENTED_EDGE ( 'NONE', *, *, #1343, .F. ) ;
#3310 = CYLINDRICAL_SURFACE ( 'NONE', #1296, 7.500000000000000000 ) ;
#3311 = ORIENTED_EDGE ( 'NONE', *, *, #3228, .F. ) ;
#3312 = ORIENTED_EDGE ( 'NONE', *, *, #1652, .T. ) ;
#3313 = CARTESIAN_POINT ( 'NONE',  ( -12.22408882090950932, 1.499999999999999556, -11.82725708595003233 ) ) ;
#3314 = CARTESIAN_POINT ( 'NONE',  ( 13.09011422469389885, -1.500000000000000000, -11.32725708595005898 ) ) ;
#3315 = DIRECTION ( 'NONE',  ( -1.000000000000000000, 0.000000000000000000, 1.051620219116008581E-14 ) ) ;
#3316 = ORIENTED_EDGE ( 'NONE', *, *, #2889, .F. ) ;
#3317 = ORIENTED_EDGE ( 'NONE', *, *, #1185, .T. ) ;
#3318 = AXIS2_PLACEMENT_3D ( 'NONE', #2596, #1976, #585 ) ;
#3319 = DIRECTION ( 'NONE',  ( -0.000000000000000000, -1.000000000000000000, -0.000000000000000000 ) ) ;
#3320 = ORIENTED_EDGE ( 'NONE', *, *, #3097, .F. ) ;
#3321 = AXIS2_PLACEMENT_3D ( 'NONE', #2480, #1605, #2984 ) ;
#3322 = LINE ( 'NONE', #2166, #85 ) ;
#3323 = VECTOR ( 'NONE', #1663, 1000.000000000000114 ) ;
#3324 = DIRECTION ( 'NONE',  ( 0.000000000000000000, 0.000000000000000000, -1.000000000000000000 ) ) ;
#3325 = CARTESIAN_POINT ( 'NONE',  ( -4.252989283015923050, 8.500000000000000000, -15.84782784977071657 ) ) ;
#3326 = CARTESIAN_POINT ( 'NONE',  ( 3.264635279283095937, -1.500000000000000000, -16.99999999999996447 ) ) ;
#3327 = VECTOR ( 'NONE', #2398, 1000.000000000000227 ) ;
#3328 = ADVANCED_FACE ( 'NONE', ( #566 ), #1093, .F. ) ;
#3329 = VECTOR ( 'NONE', #1347, 1000.000000000000000 ) ;
#3330 = EDGE_CURVE ( 'NONE', #3030, #2913, #239, .T. ) ;
#3331 = AXIS2_PLACEMENT_3D ( 'NONE', #3145, #3687, #248 ) ;
#3332 = ORIENTED_EDGE ( 'NONE', *, *, #1628, .T. ) ;
#3333 = AXIS2_PLACEMENT_3D ( 'NONE', #1604, #1622, #778 ) ;
#3334 = EDGE_CURVE ( 'NONE', #2165, #1297, #3096, .T. ) ;
#3335 = CYLINDRICAL_SURFACE ( 'NONE', #1876, 1.550000000000002709 ) ;
#3336 = CARTESIAN_POINT ( 'NONE',  ( 15.85111615421197584, -1.500000000000000000, 4.240717163770687748 ) ) ;
#3337 = ORIENTED_EDGE ( 'NONE', *, *, #2766, .F. ) ;
#3338 = CARTESIAN_POINT ( 'NONE',  ( 0.000000000000000000, 1.500000000000000000, 2.499999999999999556 ) ) ;
#3339 = ORIENTED_EDGE ( 'NONE', *, *, #2249, .T. ) ;
#3340 = ADVANCED_FACE ( 'NONE', ( #1127 ), #1707, .F. ) ;
#3341 = AXIS2_PLACEMENT_3D ( 'NONE', #2011, #1161, #587 ) ;
#3342 = ORIENTED_EDGE ( 'NONE', *, *, #1447, .T. ) ;
#3343 = CARTESIAN_POINT ( 'NONE',  ( 8.761432854036518947, -1.500000000000000000, -10.17524685028879183 ) ) ;
#3344 = DIRECTION ( 'NONE',  ( -0.000000000000000000, 1.000000000000000000, -0.000000000000000000 ) ) ;
#3345 = FACE_OUTER_BOUND ( 'NONE', #3254, .T. ) ;
#3346 = VERTEX_POINT ( 'NONE', #1456 ) ;
#3347 = VERTEX_POINT ( 'NONE', #2672 ) ;
#3348 = CARTESIAN_POINT ( 'NONE',  ( -23.09401076758504345, 1.500000000000000000, 1.612646152681311659E-13 ) ) ;
#3349 = ORIENTED_EDGE ( 'NONE', *, *, #188, .F. ) ;
#3350 = CARTESIAN_POINT ( 'NONE',  ( -12.22408882090950932, 8.500000000000000000, -10.82725708595003233 ) ) ;
#3351 = EDGE_CURVE ( 'NONE', #3374, #2982, #759, .T. ) ;
#3352 = DIRECTION ( 'NONE',  ( 0.000000000000000000, 0.000000000000000000, -1.000000000000000000 ) ) ;
#3353 = DIRECTION ( 'NONE',  ( -5.204170427930421283E-15, 0.000000000000000000, 1.000000000000000000 ) ) ;
#3354 = CARTESIAN_POINT ( 'NONE',  ( 9.627458257814344833, -1.499999999999999556, 9.675246850287740230 ) ) ;
#3355 = DIRECTION ( 'NONE',  ( 0.000000000000000000, 0.000000000000000000, 1.000000000000000000 ) ) ;
#3356 = CARTESIAN_POINT ( 'NONE',  ( 8.761432854029905570, -1.500000000000000000, 10.17524685028773845 ) ) ;
#3357 = ORIENTED_EDGE ( 'NONE', *, *, #859, .F. ) ;
#3358 = LINE ( 'NONE', #735, #1474 ) ;
#3359 = DIRECTION ( 'NONE',  ( -0.000000000000000000, 1.000000000000000000, -0.000000000000000000 ) ) ;
#3360 = DIRECTION ( 'NONE',  ( 0.000000000000000000, 0.000000000000000000, 1.000000000000000000 ) ) ;
#3361 = ORIENTED_EDGE ( 'NONE', *, *, #1342, .F. ) ;
#3362 = ORIENTED_EDGE ( 'NONE', *, *, #489, .T. ) ;
#3363 = EDGE_CURVE ( 'NONE', #189, #2657, #3673, .T. ) ;
#3364 = DIRECTION ( 'NONE',  ( -0.000000000000000000, -1.000000000000000000, -0.000000000000000000 ) ) ;
#3365 = EDGE_CURVE ( 'NONE', #3542, #1531, #2074, .T. ) ;
#3366 = AXIS2_PLACEMENT_3D ( 'NONE', #2584, #1162, #363 ) ;
#3367 = DIRECTION ( 'NONE',  ( -0.000000000000000000, -1.000000000000000000, -0.000000000000000000 ) ) ;
#3368 = VECTOR ( 'NONE', #885, 1000.000000000000000 ) ;
#3369 = CIRCLE ( 'NONE', #1754, 1.549999999999999378 ) ;
#3370 = DIRECTION ( 'NONE',  ( 0.000000000000000000, -1.000000000000000000, 0.000000000000000000 ) ) ;
#3371 = CARTESIAN_POINT ( 'NONE',  ( -13.19273868914365977, -1.500000000000000000, -2.500000000000000444 ) ) ;
#3372 = CARTESIAN_POINT ( 'NONE',  ( 2.165063509463540203, 1.500000000000000000, 1.250000000001411982 ) ) ;
#3373 = CIRCLE ( 'NONE', #1755, 7.500000000000000000 ) ;
#3374 = VERTEX_POINT ( 'NONE', #3180 ) ;
#3375 = CARTESIAN_POINT ( 'NONE',  ( -4.000000000000000000, -1.000000000000000000, -1.800000000000000044 ) ) ;
#3376 = CARTESIAN_POINT ( 'NONE',  ( -3.264635279283147007, 8.500000000000000000, -15.99999999999996270 ) ) ;
#3377 = DIRECTION ( 'NONE',  ( 0.5000000000000003331, 0.000000000000000000, -0.8660254037844383745 ) ) ;
#3378 = ORIENTED_EDGE ( 'NONE', *, *, #3081, .F. ) ;
#3379 = ORIENTED_EDGE ( 'NONE', *, *, #1654, .F. ) ;
#3380 = CARTESIAN_POINT ( 'NONE',  ( 1.707919836743731157, -1.500000000000000000, 7.958203932499628763 ) ) ;
#3381 = VERTEX_POINT ( 'NONE', #67 ) ;
#3382 = AXIS2_PLACEMENT_3D ( 'NONE', #801, #242, #3093 ) ;
#3383 = LINE ( 'NONE', #1395, #95 ) ;
#3384 = DIRECTION ( 'NONE',  ( 0.000000000000000000, 0.000000000000000000, -1.000000000000000000 ) ) ;
#3385 = AXIS2_PLACEMENT_3D ( 'NONE', #2318, #89, #3482 ) ;
#3386 = CARTESIAN_POINT ( 'NONE',  ( -13.19273868914365977, -1.499999999999999556, -3.500000000000000444 ) ) ;
#3387 = CARTESIAN_POINT ( 'NONE',  ( 9.469357670820770068, 1.499999999999999556, 10.66266986216881207 ) ) ;
#3388 = CARTESIAN_POINT ( 'NONE',  ( -16.35474950397699345, 8.500000000000000000, -5.672742914049906382 ) ) ;
#3389 = ORIENTED_EDGE ( 'NONE', *, *, #743, .T. ) ;
#3390 = AXIS2_PLACEMENT_3D ( 'NONE', #199, #736, #484 ) ;
#3391 = AXIS2_PLACEMENT_3D ( 'NONE', #959, #1855, #3250 ) ;
#3392 = CARTESIAN_POINT ( 'NONE',  ( -8.749999999999996447, 1.500000000000000000, 13.60544456622769260 ) ) ;
#3393 = DIRECTION ( 'NONE',  ( 0.8660254037844384856, -0.000000000000000000, 0.5000000000000004441 ) ) ;
#3394 = DIRECTION ( 'NONE',  ( -0.000000000000000000, -1.000000000000000000, -0.000000000000000000 ) ) ;
#3395 = ADVANCED_FACE ( 'NONE', ( #667 ), #2051, .F. ) ;
#3396 = FACE_OUTER_BOUND ( 'NONE', #1811, .T. ) ;
#3397 = ORIENTED_EDGE ( 'NONE', *, *, #2028, .F. ) ;
#3398 = CARTESIAN_POINT ( 'NONE',  ( 11.59812687119604213, -1.500000000000000000, -11.60711068600007856 ) ) ;
#3399 = EDGE_CURVE ( 'NONE', #1988, #2817, #1488, .T. ) ;
#3400 = UNCERTAINTY_MEASURE_WITH_UNIT (LENGTH_MEASURE( 1.000000000000000082E-05 ), #3477, 'distance_accuracy_value', 'NONE');
#3401 = CARTESIAN_POINT ( 'NONE',  ( 15.85111615421191900, 8.500000000000000000, -4.240717163770655773 ) ) ;
#3402 = EDGE_CURVE ( 'NONE', #631, #2620, #2934, .T. ) ;
#3403 = ADVANCED_FACE ( 'NONE', ( #389, #337, #647, #875, #630, #372, #2885, #3453, #2627, #1207, #1792, #2386, #1477, #1178 ), #886, .T. ) ;
#3404 = DIRECTION ( 'NONE',  ( 0.000000000000000000, 0.000000000000000000, -1.000000000000000000 ) ) ;
#3405 = CARTESIAN_POINT ( 'NONE',  ( -9.627458257813785281, 1.499999999999999556, 9.675246850287656741 ) ) ;
#3406 = EDGE_LOOP ( 'NONE', ( #1646, #25 ) ) ;
#3407 = EDGE_CURVE ( 'NONE', #3441, #203, #595, .T. ) ;
#3408 = DIRECTION ( 'NONE',  ( 0.000000000000000000, 1.000000000000000000, 0.000000000000000000 ) ) ;
#3409 = CARTESIAN_POINT ( 'NONE',  ( -11.59812687119602614, -1.500000000000000000, 11.60711068600008744 ) ) ;
#3410 = DIRECTION ( 'NONE',  ( 0.4999999999999997780, 0.000000000000000000, 0.8660254037844387076 ) ) ;
#3411 = ORIENTED_EDGE ( 'NONE', *, *, #361, .F. ) ;
#3412 = EDGE_CURVE ( 'NONE', #1617, #2092, #1763, .T. ) ;
#3413 = CIRCLE ( 'NONE', #1800, 1.000000000000000888 ) ;
#3414 = DIRECTION ( 'NONE',  ( -0.000000000000000000, -1.000000000000000000, -0.000000000000000000 ) ) ;
#3415 = CIRCLE ( 'NONE', #1749, 7.500000000000000000 ) ;
#3416 = DIRECTION ( 'NONE',  ( 0.000000000000000000, 1.000000000000000000, 0.000000000000000000 ) ) ;
#3417 = CARTESIAN_POINT ( 'NONE',  ( -8.749999999999996447, -1.500000000000000000, 13.60544456622769260 ) ) ;
#3418 = DIRECTION ( 'NONE',  ( -0.000000000000000000, -1.000000000000000000, -0.000000000000000000 ) ) ;
#3419 = VERTEX_POINT ( 'NONE', #1779 ) ;
#3420 = VECTOR ( 'NONE', #839, 1000.000000000000114 ) ;
#3421 = DIRECTION ( 'NONE',  ( -0.000000000000000000, -1.000000000000000000, 0.000000000000000000 ) ) ;
#3422 = CARTESIAN_POINT ( 'NONE',  ( 6.834676493307206613, -1.500000000000000000, 3.088235294117646301 ) ) ;
#3423 = EDGE_CURVE ( 'NONE', #1255, #1094, #3198, .T. ) ;
#3424 = CARTESIAN_POINT ( 'NONE',  ( -6.091828464221601180, -1.500000000000000000, 4.374885822795778090 ) ) ;
#3425 = CARTESIAN_POINT ( 'NONE',  ( 15.48872410019262524, -1.499999999999999556, 5.172742914049957008 ) ) ;
#3426 = FACE_OUTER_BOUND ( 'NONE', #2287, .T. ) ;
#3427 = ADVANCED_FACE ( 'NONE', ( #3504 ), #611, .F. ) ;
#3428 = DIRECTION ( 'NONE',  ( 0.000000000000000000, 0.000000000000000000, -1.000000000000000000 ) ) ;
#3429 = CARTESIAN_POINT ( 'NONE',  ( 9.469357670826191509, 8.500000000000000000, -10.66266986216967183 ) ) ;
#3430 = CARTESIAN_POINT ( 'NONE',  ( -4.000000000000000000, -1.500000000000000000, -3.000000000000000000 ) ) ;
#3431 = CARTESIAN_POINT ( 'NONE',  ( 1.707919836749405507, -1.500000000000000000, -7.958203932499064770 ) ) ;
#3432 = ORIENTED_EDGE ( 'NONE', *, *, #3617, .F. ) ;
#3433 = EDGE_CURVE ( 'NONE', #1801, #2165, #1509, .T. ) ;
#3434 = CIRCLE ( 'NONE', #1824, 1.000000000000000888 ) ;
#3435 = EDGE_CURVE ( 'NONE', #569, #90, #861, .T. ) ;
#3436 = EDGE_CURVE ( 'NONE', #2114, #1301, #1709, .T. ) ;
#3437 = FACE_OUTER_BOUND ( 'NONE', #1179, .T. ) ;
#3438 = CARTESIAN_POINT ( 'NONE',  ( 4.499464137392735097, 1.499999999999999556, 13.53203923154091903 ) ) ;
#3439 = AXIS2_PLACEMENT_3D ( 'NONE', #3192, #593, #319 ) ;
#3440 = AXIS2_PLACEMENT_3D ( 'NONE', #118, #1942, #2773 ) ;
#3441 = VERTEX_POINT ( 'NONE', #2493 ) ;
#3442 = EDGE_CURVE ( 'NONE', #1972, #72, #1955, .T. ) ;
#3443 = AXIS2_PLACEMENT_3D ( 'NONE', #2285, #837, #265 ) ;
#3444 = LINE ( 'NONE', #2581, #1159 ) ;
#3445 = VECTOR ( 'NONE', #377, 1000.000000000000000 ) ;
#3446 = FACE_OUTER_BOUND ( 'NONE', #1818, .T. ) ;
#3447 = ADVANCED_FACE ( 'NONE', ( #2768 ), #2450, .F. ) ;
#3448 = DIRECTION ( 'NONE',  ( -0.000000000000000000, -1.000000000000000000, -0.000000000000000000 ) ) ;
#3449 = DIRECTION ( 'NONE',  ( 0.000000000000000000, 1.000000000000000000, 0.000000000000000000 ) ) ;
#3450 = CARTESIAN_POINT ( 'NONE',  ( -13.09011422469387398, 8.500000000000000000, 11.32725708595006964 ) ) ;
#3451 = EDGE_LOOP ( 'NONE', ( #514, #261, #2214, #1768 ) ) ;
#3452 = CARTESIAN_POINT ( 'NONE',  ( 9.627458257820958210, -1.499999999999999556, -9.675246850288791833 ) ) ;
#3453 = FACE_OUTER_BOUND ( 'NONE', #2997, .T. ) ;
#3454 = EDGE_LOOP ( 'NONE', ( #2311, #663, #3130, #2937 ) ) ;
#3455 = EDGE_LOOP ( 'NONE', ( #1208, #3117, #548, #214 ) ) ;
#3456 = FACE_OUTER_BOUND ( 'NONE', #1929, .T. ) ;
#3457 = ADVANCED_FACE ( 'NONE', ( #1285 ), #730, .F. ) ;
#3458 = CYLINDRICAL_SURFACE ( 'NONE', #954, 1.000000000000000000 ) ;
#3459 = DIRECTION ( 'NONE',  ( 0.000000000000000000, 0.000000000000000000, -1.000000000000000000 ) ) ;
#3460 = DIRECTION ( 'NONE',  ( -1.000000000000000000, 0.000000000000000000, -0.000000000000000000 ) ) ;
#3461 = AXIS2_PLACEMENT_3D ( 'NONE', #2764, #2171, #2128 ) ;
#3462 = DIRECTION ( 'NONE',  ( 0.000000000000000000, 0.000000000000000000, -1.000000000000000000 ) ) ;
#3463 = ORIENTED_EDGE ( 'NONE', *, *, #1561, .T. ) ;
#3464 = DIRECTION ( 'NONE',  ( 0.000000000000000000, 1.000000000000000000, 0.000000000000000000 ) ) ;
#3465 = DIRECTION ( 'NONE',  ( 0.000000000000000000, 1.000000000000000000, 0.000000000000000000 ) ) ;
#3466 = ORIENTED_EDGE ( 'NONE', *, *, #2743, .F. ) ;
#3467 = VECTOR ( 'NONE', #1024, 1000.000000000000114 ) ;
#3468 = ORIENTED_EDGE ( 'NONE', *, *, #1585, .F. ) ;
#3469 = CARTESIAN_POINT ( 'NONE',  ( 9.469357670820770068, 8.500000000000000000, 10.66266986216881207 ) ) ;
#3470 = ORIENTED_EDGE ( 'NONE', *, *, #2610, .T. ) ;
#3471 = AXIS2_PLACEMENT_3D ( 'NONE', #476, #2544, #2809 ) ;
#3472 = EDGE_CURVE ( 'NONE', #2088, #3030, #2175, .T. ) ;
#3473 = ADVANCED_FACE ( 'NONE', ( #3644 ), #1025, .F. ) ;
#3474 = FACE_OUTER_BOUND ( 'NONE', #1859, .T. ) ;
#3475 = CARTESIAN_POINT ( 'NONE',  ( 1.707919836749405507, 1.500000000000000000, -7.958203932499064770 ) ) ;
#3476 = CYLINDRICAL_SURFACE ( 'NONE', #792, 1.549999999999997602 ) ;
#3477 =( LENGTH_UNIT ( ) NAMED_UNIT ( * ) SI_UNIT ( .MILLI., .METRE. ) );
#3478 = DIRECTION ( 'NONE',  ( -0.000000000000000000, -1.000000000000000000, -0.000000000000000000 ) ) ;
#3479 = DIRECTION ( 'NONE',  ( 0.000000000000000000, 1.000000000000000000, 0.000000000000000000 ) ) ;
#3480 = AXIS2_PLACEMENT_3D ( 'NONE', #3294, #217, #1076 ) ;
#3481 = DIRECTION ( 'NONE',  ( 0.000000000000000000, 1.000000000000000000, 0.000000000000000000 ) ) ;
#3482 = DIRECTION ( 'NONE',  ( 0.000000000000000000, -0.000000000000000000, 1.000000000000000000 ) ) ;
#3483 = VERTEX_POINT ( 'NONE', #512 ) ;
#3484 = VECTOR ( 'NONE', #3650, 1000.000000000000000 ) ;
#3485 = ADVANCED_FACE ( 'NONE', ( #711 ), #3308, .F. ) ;
#3486 = VERTEX_POINT ( 'NONE', #3288 ) ;
#3487 = ORIENTED_EDGE ( 'NONE', *, *, #1684, .F. ) ;
#3488 = AXIS2_PLACEMENT_3D ( 'NONE', #1100, #1965, #2253 ) ;
#3489 = CARTESIAN_POINT ( 'NONE',  ( -6.834676493307206613, -1.500000000000000000, 3.088235294117646301 ) ) ;
#3490 = VECTOR ( 'NONE', #3514, 1000.000000000000000 ) ;
#3491 = ORIENTED_EDGE ( 'NONE', *, *, #2951, .T. ) ;
#3492 = AXIS2_PLACEMENT_3D ( 'NONE', #3000, #3068, #1625 ) ;
#3493 = AXIS2_PLACEMENT_3D ( 'NONE', #1075, #406, #3615 ) ;
#3494 = AXIS2_PLACEMENT_3D ( 'NONE', #3634, #1374, #1941 ) ;
#3495 = CYLINDRICAL_SURFACE ( 'NONE', #2420, 1.000000000000000000 ) ;
#3496 = LINE ( 'NONE', #311, #202 ) ;
#3497 = ADVANCED_FACE ( 'NONE', ( #1873 ), #172, .F. ) ;
#3498 = CARTESIAN_POINT ( 'NONE',  ( -0.8418944329588039510, 1.499999999999999556, 8.458203932499676725 ) ) ;
#3499 = PRESENTATION_STYLE_ASSIGNMENT (( #2683 ) ) ;
#3500 = LINE ( 'NONE', #2607, #991 ) ;
#3501 = FACE_OUTER_BOUND ( 'NONE', #3454, .T. ) ;
#3502 = EDGE_CURVE ( 'NONE', #898, #2152, #3142, .T. ) ;
#3503 = CARTESIAN_POINT ( 'NONE',  ( 6.038046855666994617, 8.500000000000000000, 5.458203932501483280 ) ) ;
#3504 = FACE_OUTER_BOUND ( 'NONE', #999, .T. ) ;
#3505 = ORIENTED_EDGE ( 'NONE', *, *, #70, .T. ) ;
#3506 = EDGE_CURVE ( 'NONE', #1332, #3638, #2722, .T. ) ;
#3507 = ORIENTED_EDGE ( 'NONE', *, *, #934, .T. ) ;
#3508 = CARTESIAN_POINT ( 'NONE',  ( 0.000000000000000000, 8.500000000000000000, -7.500000000000000000 ) ) ;
#3509 = ORIENTED_EDGE ( 'NONE', *, *, #1790, .T. ) ;
#3510 = ORIENTED_EDGE ( 'NONE', *, *, #600, .F. ) ;
#3511 = ORIENTED_EDGE ( 'NONE', *, *, #2286, .T. ) ;
#3512 = ORIENTED_EDGE ( 'NONE', *, *, #1213, .F. ) ;
#3513 = LINE ( 'NONE', #425, #2402 ) ;
#3514 = DIRECTION ( 'NONE',  ( -0.000000000000000000, -1.000000000000000000, -0.000000000000000000 ) ) ;
#3515 = DIRECTION ( 'NONE',  ( 0.000000000000000000, 1.000000000000000000, 0.000000000000000000 ) ) ;
#3516 = DIRECTION ( 'NONE',  ( 0.8660254037844385966, 0.000000000000000000, -0.5000000000000001110 ) ) ;
#3517 = ORIENTED_EDGE ( 'NONE', *, *, #1434, .T. ) ;
#3518 = AXIS2_PLACEMENT_3D ( 'NONE', #786, #3352, #526 ) ;
#3519 = CARTESIAN_POINT ( 'NONE',  ( -13.19273868914362957, -1.500000000000000000, 2.499999999999999556 ) ) ;
#3520 = DIRECTION ( 'NONE',  ( -1.000000000000000000, 0.000000000000000000, 0.000000000000000000 ) ) ;
#3521 = ORIENTED_EDGE ( 'NONE', *, *, #2462, .T. ) ;
#3522 = VERTEX_POINT ( 'NONE', #1370 ) ;
#3523 = AXIS2_PLACEMENT_3D ( 'NONE', #1414, #3672, #3384 ) ;
#3524 = ORIENTED_EDGE ( 'NONE', *, *, #1175, .F. ) ;
#3525 = DIRECTION ( 'NONE',  ( 1.734723475976808672E-15, 0.000000000000000000, 1.000000000000000000 ) ) ;
#3526 = EDGE_LOOP ( 'NONE', ( #2697, #2719, #438, #941 ) ) ;
#3527 = ORIENTED_EDGE ( 'NONE', *, *, #1180, .T. ) ;
#3528 = AXIS2_PLACEMENT_3D ( 'NONE', #629, #388, #1830 ) ;
#3529 = CIRCLE ( 'NONE', #1394, 0.9999999999999991118 ) ;
#3530 = DIRECTION ( 'NONE',  ( -0.000000000000000000, -1.000000000000000000, -0.000000000000000000 ) ) ;
#3531 = CIRCLE ( 'NONE', #3528, 7.500000000000000000 ) ;
#3532 = DIRECTION ( 'NONE',  ( 0.000000000000000000, -1.000000000000000000, 0.000000000000000000 ) ) ;
#3533 = DIRECTION ( 'NONE',  ( 0.000000000000000000, 0.000000000000000000, 1.000000000000000000 ) ) ;
#3534 = DIRECTION ( 'NONE',  ( -0.000000000000000000, -1.000000000000000000, -0.000000000000000000 ) ) ;
#3535 = LINE ( 'NONE', #3058, #2932 ) ;
#3536 = CARTESIAN_POINT ( 'NONE',  ( 8.750000000000003553, -1.500000000000000000, -16.70544456622767626 ) ) ;
#3537 = CARTESIAN_POINT ( 'NONE',  ( 15.48872410019255774, 1.499999999999999556, -5.172742914049921481 ) ) ;
#3538 = VERTEX_POINT ( 'NONE', #3336 ) ;
#3539 = ADVANCED_FACE ( 'NONE', ( #3061 ), #3018, .F. ) ;
#3540 = VERTEX_POINT ( 'NONE', #455 ) ;
#3541 = LINE ( 'NONE', #748, #447 ) ;
#3542 = VERTEX_POINT ( 'NONE', #1616 ) ;
#3543 = DIRECTION ( 'NONE',  ( -0.000000000000000000, 1.000000000000000000, -0.000000000000000000 ) ) ;
#3544 = VERTEX_POINT ( 'NONE', #234 ) ;
#3545 = VERTEX_POINT ( 'NONE', #1046 ) ;
#3546 = EDGE_CURVE ( 'NONE', #2516, #2027, #2236, .T. ) ;
#3547 = EDGE_CURVE ( 'NONE', #1337, #2824, #2994, .T. ) ;
#3548 = EDGE_LOOP ( 'NONE', ( #2741, #3239, #3362, #3046, #1004, #3641, #3317, #1021, #1761, #177, #925, #968 ) ) ;
#3549 = DIRECTION ( 'NONE',  ( -0.000000000000000000, 1.000000000000000000, -0.000000000000000000 ) ) ;
#3550 = CYLINDRICAL_SURFACE ( 'NONE', #527, 1.000000000000000000 ) ;
#3551 = EDGE_LOOP ( 'NONE', ( #1494, #3217, #1089, #2430 ) ) ;
#3552 = ORIENTED_EDGE ( 'NONE', *, *, #2564, .T. ) ;
#3553 = EDGE_CURVE ( 'NONE', #2657, #72, #433, .T. ) ;
#3554 = ORIENTED_EDGE ( 'NONE', *, *, #1840, .T. ) ;
#3555 = DIRECTION ( 'NONE',  ( -0.4999999999999948375, 0.000000000000000000, 0.8660254037844415942 ) ) ;
#3556 = CIRCLE ( 'NONE', #2727, 1.000000000000000000 ) ;
#3557 = CARTESIAN_POINT ( 'NONE',  ( -17.50000000000000000, -1.500000000000000000, 1.769808360342463528E-14 ) ) ;
#3558 = EDGE_CURVE ( 'NONE', #1457, #777, #2200, .T. ) ;
#3559 = DIRECTION ( 'NONE',  ( 0.000000000000000000, 1.000000000000000000, 0.000000000000000000 ) ) ;
#3560 = DIRECTION ( 'NONE',  ( 1.000000000000000000, 0.000000000000000000, -3.455323577095457193E-15 ) ) ;
#3561 = AXIS2_PLACEMENT_3D ( 'NONE', #395, #2941, #1796 ) ;
#3562 = ORIENTED_EDGE ( 'NONE', *, *, #1359, .F. ) ;
#3563 = CARTESIAN_POINT ( 'NONE',  ( -2.165063509463149405, -1.500000000000000000, 1.250000000001184386 ) ) ;
#3564 = DIRECTION ( 'NONE',  ( 0.000000000000000000, 0.000000000000000000, 1.000000000000000000 ) ) ;
#3565 = ORIENTED_EDGE ( 'NONE', *, *, #1434, .F. ) ;
#3566 = CARTESIAN_POINT ( 'NONE',  ( 7.745966692414834931, -1.499999999999999556, 3.499999999999999556 ) ) ;
#3567 = VERTEX_POINT ( 'NONE', #3371 ) ;
#3568 = VERTEX_POINT ( 'NONE', #3387 ) ;
#3569 = ORIENTED_EDGE ( 'NONE', *, *, #44, .F. ) ;
#3570 = CARTESIAN_POINT ( 'NONE',  ( -0.8418944329588039510, 8.500000000000000000, 7.458203932499677613 ) ) ;
#3571 = FACE_OUTER_BOUND ( 'NONE', #3001, .T. ) ;
#3572 = VERTEX_POINT ( 'NONE', #2018 ) ;
#3573 = ORIENTED_EDGE ( 'NONE', *, *, #315, .T. ) ;
#3574 = VERTEX_POINT ( 'NONE', #247 ) ;
#3575 = ORIENTED_EDGE ( 'NONE', *, *, #1491, .T. ) ;
#3576 = CARTESIAN_POINT ( 'NONE',  ( -15.85111615421193676, 1.499999999999999556, 4.240717163770690412 ) ) ;
#3577 = ADVANCED_FACE ( 'NONE', ( #1122 ), #1401, .F. ) ;
#3578 = LINE ( 'NONE', #973, #1946 ) ;
#3579 = DIRECTION ( 'NONE',  ( 0.000000000000000000, -1.000000000000000000, 0.000000000000000000 ) ) ;
#3580 = CARTESIAN_POINT ( 'NONE',  ( 12.22408882090945781, -1.499999999999999556, -10.82725708595005543 ) ) ;
#3581 = PLANE ( 'NONE',  #754 ) ;
#3582 = EDGE_CURVE ( 'NONE', #2389, #1129, #1994, .T. ) ;
#3583 = ORIENTED_EDGE ( 'NONE', *, *, #1014, .F. ) ;
#3584 = CARTESIAN_POINT ( 'NONE',  ( 0.7428480290817280896, 1.499999999999999556, 7.463121116911435315 ) ) ;
#3585 = DIRECTION ( 'NONE',  ( 0.000000000000000000, 0.000000000000000000, 1.000000000000000000 ) ) ;
#3586 = EDGE_LOOP ( 'NONE', ( #3258, #504, #3278, #3565 ) ) ;
#3587 = FACE_OUTER_BOUND ( 'NONE', #2943, .T. ) ;
#3588 = DIRECTION ( 'NONE',  ( 0.000000000000000000, 0.000000000000000000, 1.000000000000000000 ) ) ;
#3589 = EDGE_LOOP ( 'NONE', ( #1884, #1171, #1137, #1518 ) ) ;
#3590 = CIRCLE ( 'NONE', #2169, 7.500000000000000000 ) ;
#3591 = ORIENTED_EDGE ( 'NONE', *, *, #3442, .T. ) ;
#3592 = LINE ( 'NONE', #2209, #1064 ) ;
#3593 = DIRECTION ( 'NONE',  ( 0.000000000000000000, 0.000000000000000000, 1.000000000000000000 ) ) ;
#3594 = ORIENTED_EDGE ( 'NONE', *, *, #3330, .T. ) ;
#3595 = ORIENTED_EDGE ( 'NONE', *, *, #1067, .T. ) ;
#3596 = AXIS2_PLACEMENT_3D ( 'NONE', #588, #2875, #2339 ) ;
#3597 = CARTESIAN_POINT ( 'NONE',  ( -8.750000000000053291, 8.500000000000000000, -15.15544456622765246 ) ) ;
#3598 = ORIENTED_EDGE ( 'NONE', *, *, #564, .F. ) ;
#3599 = CARTESIAN_POINT ( 'NONE',  ( 12.22408882090954663, 1.499999999999999556, 10.82725708595013536 ) ) ;
#3600 = ADVANCED_FACE ( 'NONE', ( #1150 ), #560, .F. ) ;
#3601 = ADVANCED_FACE ( 'NONE', ( #1384 ), #2545, .F. ) ;
#3602 = CIRCLE ( 'NONE', #3301, 1.549999999999997602 ) ;
#3603 = DIRECTION ( 'NONE',  ( -0.000000000000000000, -1.000000000000000000, -0.000000000000000000 ) ) ;
#3604 = AXIS2_PLACEMENT_3D ( 'NONE', #79, #1200, #2338 ) ;
#3605 = DIRECTION ( 'NONE',  ( 0.000000000000000000, 0.000000000000000000, -1.000000000000000000 ) ) ;
#3606 = ADVANCED_FACE ( 'NONE', ( #2530 ), #1104, .F. ) ;
#3607 = ORIENTED_EDGE ( 'NONE', *, *, #38, .F. ) ;
#3608 = LINE ( 'NONE', #2470, #1752 ) ;
#3609 = DIRECTION ( 'NONE',  ( -0.000000000000000000, -1.000000000000000000, 0.000000000000000000 ) ) ;
#3610 = ORIENTED_EDGE ( 'NONE', *, *, #1165, .F. ) ;
#3611 = LINE ( 'NONE', #1552, #528 ) ;
#3612 = ORIENTED_EDGE ( 'NONE', *, *, #2873, .F. ) ;
#3613 = ORIENTED_EDGE ( 'NONE', *, *, #84, .T. ) ;
#3614 = DIRECTION ( 'NONE',  ( 0.000000000000000000, 1.000000000000000000, 0.000000000000000000 ) ) ;
#3615 = DIRECTION ( 'NONE',  ( 0.000000000000000000, 0.000000000000000000, -1.000000000000000000 ) ) ;
#3616 = DIRECTION ( 'NONE',  ( -0.000000000000000000, -1.000000000000000000, -0.000000000000000000 ) ) ;
#3617 = EDGE_CURVE ( 'NONE', #2122, #943, #1450, .T. ) ;
#3618 = ORIENTED_EDGE ( 'NONE', *, *, #288, .F. ) ;
#3619 = VERTEX_POINT ( 'NONE', #3417 ) ;
#3620 = CARTESIAN_POINT ( 'NONE',  ( 14.72243186433544437, 1.500000000000000000, -8.499999999999994671 ) ) ;
#3621 = ORIENTED_EDGE ( 'NONE', *, *, #2004, .T. ) ;
#3622 = AXIS2_PLACEMENT_3D ( 'NONE', #2749, #1937, #1087 ) ;
#3623 = CARTESIAN_POINT ( 'NONE',  ( -0.8418944329588039510, -1.499999999999999556, 8.458203932499676725 ) ) ;
#3624 = VECTOR ( 'NONE', #1135, 1000.000000000000000 ) ;
#3625 = LINE ( 'NONE', #2150, #2393 ) ;
#3626 = AXIS2_PLACEMENT_3D ( 'NONE', #1222, #3160, #2365 ) ;
#3627 = AXIS2_PLACEMENT_3D ( 'NONE', #829, #3393, #2535 ) ;
#3628 = VECTOR ( 'NONE', #756, 1000.000000000000114 ) ;
#3629 = DIRECTION ( 'NONE',  ( 0.000000000000000000, 0.000000000000000000, -1.000000000000000000 ) ) ;
#3630 = CARTESIAN_POINT ( 'NONE',  ( -12.22408882090950932, 8.500000000000000000, -10.82725708595003233 ) ) ;
#3631 = DIRECTION ( 'NONE',  ( -3.469446951953617344E-15, 0.000000000000000000, 1.000000000000000000 ) ) ;
#3632 = ORIENTED_EDGE ( 'NONE', *, *, #799, .F. ) ;
#3633 = EDGE_CURVE ( 'NONE', #3522, #989, #2491, .T. ) ;
#3634 = CARTESIAN_POINT ( 'NONE',  ( -8.749999999999996447, -1.500000000000000000, 15.15544456622769154 ) ) ;
#3635 = DIRECTION ( 'NONE',  ( -0.000000000000000000, -1.000000000000000000, -0.000000000000000000 ) ) ;
#3636 = DIRECTION ( 'NONE',  ( 0.000000000000000000, 1.000000000000000000, 0.000000000000000000 ) ) ;
#3637 = ORIENTED_EDGE ( 'NONE', *, *, #2509, .F. ) ;
#3638 = VERTEX_POINT ( 'NONE', #808 ) ;
#3639 = EDGE_CURVE ( 'NONE', #3638, #2052, #391, .T. ) ;
#3640 = CARTESIAN_POINT ( 'NONE',  ( -4.252989283015923050, -1.500000000000000000, -15.84782784977071657 ) ) ;
#3641 = ORIENTED_EDGE ( 'NONE', *, *, #383, .T. ) ;
#3642 = LINE ( 'NONE', #2569, #1439 ) ;
#3643 = DIRECTION ( 'NONE',  ( -0.000000000000000000, 1.000000000000000000, -0.000000000000000000 ) ) ;
#3644 = FACE_OUTER_BOUND ( 'NONE', #889, .T. ) ;
#3645 = CARTESIAN_POINT ( 'NONE',  ( -4.431305835111842839, 1.500000000000000000, -12.67524685028541143 ) ) ;
#3646 = EDGE_CURVE ( 'NONE', #2145, #456, #3099, .T. ) ;
#3647 = EDGE_LOOP ( 'NONE', ( #982, #665, #2024, #3637 ) ) ;
#3648 = CARTESIAN_POINT ( 'NONE',  ( 9.627458257820958210, 8.500000000000000000, -9.675246850288791833 ) ) ;
#3649 = CARTESIAN_POINT ( 'NONE',  ( 17.50000000000001421, -1.500000000000000000, 4.853321584273757548E-15 ) ) ;
#3650 = DIRECTION ( 'NONE',  ( -1.000000000000000000, 0.000000000000000000, 0.000000000000000000 ) ) ;
#3651 = EDGE_LOOP ( 'NONE', ( #424, #3552, #2078, #1982 ) ) ;
#3652 = ORIENTED_EDGE ( 'NONE', *, *, #1570, .T. ) ;
#3653 = SURFACE_STYLE_USAGE ( .BOTH. , #2443 ) ;
#3654 = CIRCLE ( 'NONE', #2039, 2.600000000000000089 ) ;
#3655 = LINE ( 'NONE', #543, #1497 ) ;
#3656 = CIRCLE ( 'NONE', #672, 5.000000000000000000 ) ;
#3657 = DIRECTION ( 'NONE',  ( 0.000000000000000000, 0.000000000000000000, 1.000000000000000000 ) ) ;
#3658 = CARTESIAN_POINT ( 'NONE',  ( 13.19273868914365444, 8.500000000000000000, 2.499999999999999556 ) ) ;
#3659 = CARTESIAN_POINT ( 'NONE',  ( -6.904072259451148774, 1.499999999999999556, 4.958203932501882960 ) ) ;
#3660 = VECTOR ( 'NONE', #1951, 1000.000000000000000 ) ;
#3661 = EDGE_LOOP ( 'NONE', ( #2693, #2133, #360, #967, #3509, #1580, #2920, #69, #93, #1232, #673, #2792, #3112, #2708 ) ) ;
#3662 = EDGE_CURVE ( 'NONE', #3279, #241, #3686, .T. ) ;
#3663 = LINE ( 'NONE', #268, #3086 ) ;
#3664 = FACE_OUTER_BOUND ( 'NONE', #1209, .T. ) ;
#3665 = CYLINDRICAL_SURFACE ( 'NONE', #1050, 0.9999999999999991118 ) ;
#3666 = EDGE_CURVE ( 'NONE', #2155, #3679, #3434, .T. ) ;
#3667 = LINE ( 'NONE', #326, #1411 ) ;
#3668 = EDGE_CURVE ( 'NONE', #731, #1297, #3144, .T. ) ;
#3669 = ORIENTED_EDGE ( 'NONE', *, *, #304, .T. ) ;
#3670 = AXIS2_PLACEMENT_3D ( 'NONE', #1295, #3050, #1644 ) ;
#3671 = CARTESIAN_POINT ( 'NONE',  ( 13.09011422469389885, 8.500000000000000000, -11.32725708595005898 ) ) ;
#3672 = DIRECTION ( 'NONE',  ( -0.000000000000000000, -1.000000000000000000, -0.000000000000000000 ) ) ;
#3673 = CIRCLE ( 'NONE', #1893, 5.000000000000000000 ) ;
#3674 = EDGE_CURVE ( 'NONE', #1814, #1798, #2561, .T. ) ;
#3675 = VECTOR ( 'NONE', #1724, 1000.000000000000000 ) ;
#3676 = CARTESIAN_POINT ( 'NONE',  ( 0.000000000000000000, 8.500000000000000000, 0.000000000000000000 ) ) ;
#3677 = LINE ( 'NONE', #3388, #873 ) ;
#3678 = EDGE_LOOP ( 'NONE', ( #1472, #345, #1851, #445 ) ) ;
#3679 = VERTEX_POINT ( 'NONE', #3115 ) ;
#3680 = CIRCLE ( 'NONE', #339, 4.549999999999998934 ) ;
#3681 = DIRECTION ( 'NONE',  ( -0.000000000000000000, -1.000000000000000000, -0.000000000000000000 ) ) ;
#3682 = CARTESIAN_POINT ( 'NONE',  ( -15.48872410019255241, 8.500000000000000000, -5.172742914049911711 ) ) ;
#3683 = CARTESIAN_POINT ( 'NONE',  ( -13.19273868914365977, 1.499999999999999556, -2.500000000000000444 ) ) ;
#3684 = DIRECTION ( 'NONE',  ( 0.000000000000000000, 0.000000000000000000, 1.000000000000000000 ) ) ;
#3685 = FACE_OUTER_BOUND ( 'NONE', #1283, .T. ) ;
#3686 = LINE ( 'NONE', #533, #1358 ) ;
#3687 = DIRECTION ( 'NONE',  ( -0.000000000000000000, 1.000000000000000000, -0.000000000000000000 ) ) ;
ENDSEC;
END-ISO-10303-21;
