ISO-10303-21;
HEADER;
FILE_DESCRIPTION (( 'STEP AP214' ),
    '1' );
FILE_NAME ('shaft plate top.STEP',
    '2026-06-21T13:34:01',
    ( '' ),
    ( '' ),
    'SwSTEP 2.0',
    'SolidWorks 2022',
    '' );
FILE_SCHEMA (( 'AUTOMOTIVE_DESIGN' ));
ENDSEC;

DATA;
#1 = DIRECTION ( 'NONE',  ( -0.000000000000000000, 1.000000000000000000, -0.000000000000000000 ) ) ;
#2 = EDGE_LOOP ( 'NONE', ( #2986, #1379, #2710, #858 ) ) ;
#3 = CIRCLE ( 'NONE', #1630, 1.000000000000000888 ) ;
#4 = EDGE_CURVE ( 'NONE', #688, #777, #2133, .T. ) ;
#5 = CARTESIAN_POINT ( 'NONE',  ( 8.750000000000005329, -1.500000000000000000, 16.40544456622768621 ) ) ;
#6 = DIRECTION ( 'NONE',  ( -0.5000000000000003331, 0.000000000000000000, -0.8660254037844383745 ) ) ;
#7 = ORIENTED_EDGE ( 'NONE', *, *, #29, .F. ) ;
#8 = EDGE_LOOP ( 'NONE', ( #1885, #3359, #263, #45 ) ) ;
#9 = EDGE_CURVE ( 'NONE', #1861, #2466, #3441, .T. ) ;
#10 = ORIENTED_EDGE ( 'NONE', *, *, #3481, .T. ) ;
#11 = DIRECTION ( 'NONE',  ( 0.000000000000000000, 0.000000000000000000, 1.000000000000000000 ) ) ;
#12 = EDGE_CURVE ( 'NONE', #1631, #1150, #2903, .T. ) ;
#13 = FACE_BOUND ( 'NONE', #1779, .T. ) ;
#14 = ORIENTED_EDGE ( 'NONE', *, *, #3536, .F. ) ;
#15 = ORIENTED_EDGE ( 'NONE', *, *, #1689, .F. ) ;
#16 = AXIS2_PLACEMENT_3D ( 'NONE', #1054, #2166, #3235 ) ;
#17 = DIRECTION ( 'NONE',  ( 0.000000000000000000, 0.000000000000000000, 1.000000000000000000 ) ) ;
#18 = DIRECTION ( 'NONE',  ( -0.000000000000000000, 1.000000000000000000, -0.000000000000000000 ) ) ;
#19 = AXIS2_PLACEMENT_3D ( 'NONE', #108, #1494, #1448 ) ;
#20 = DIRECTION ( 'NONE',  ( -0.000000000000000000, 1.000000000000000000, -0.000000000000000000 ) ) ;
#21 = CARTESIAN_POINT ( 'NONE',  ( 0.000000000000000000, -1.500000000000000000, 0.000000000000000000 ) ) ;
#22 = ORIENTED_EDGE ( 'NONE', *, *, #1549, .T. ) ;
#23 = DIRECTION ( 'NONE',  ( -0.000000000000000000, 1.000000000000000000, -0.000000000000000000 ) ) ;
#24 = DIRECTION ( 'NONE',  ( -0.000000000000000000, -1.000000000000000000, -0.000000000000000000 ) ) ;
#25 = AXIS2_PLACEMENT_3D ( 'NONE', #1161, #2256, #1423 ) ;
#26 = EDGE_LOOP ( 'NONE', ( #3220, #3020, #959, #2332 ) ) ;
#27 = ORIENTED_EDGE ( 'NONE', *, *, #1435, .F. ) ;
#28 = CARTESIAN_POINT ( 'NONE',  ( -14.72243186433551365, 1.500000000000000000, 8.499999999999907629 ) ) ;
#29 = EDGE_CURVE ( 'NONE', #433, #1355, #2834, .T. ) ;
#30 = LINE ( 'NONE', #1138, #226 ) ;
#31 = ORIENTED_EDGE ( 'NONE', *, *, #620, .T. ) ;
#32 = CIRCLE ( 'NONE', #1832, 4.550000000000001599 ) ;
#33 = CARTESIAN_POINT ( 'NONE',  ( -0.8418944329588047282, -8.500000000000000000, -7.458203932499677613 ) ) ;
#34 = ORIENTED_EDGE ( 'NONE', *, *, #1177, .T. ) ;
#35 = PLANE ( 'NONE',  #1304 ) ;
#36 = CARTESIAN_POINT ( 'NONE',  ( -14.72243186433551365, -8.500000000000000000, 8.499999999999907629 ) ) ;
#37 = CARTESIAN_POINT ( 'NONE',  ( 2.165063509459046021, -8.500000000000000000, 1.249999999998814948 ) ) ;
#38 = EDGE_CURVE ( 'NONE', #3447, #3149, #2967, .T. ) ;
#39 = DIRECTION ( 'NONE',  ( 0.000000000000000000, 1.000000000000000000, -0.000000000000000000 ) ) ;
#40 = CYLINDRICAL_SURFACE ( 'NONE', #675, 1.000000000000000888 ) ;
#41 = ORIENTED_EDGE ( 'NONE', *, *, #753, .T. ) ;
#42 = EDGE_CURVE ( 'NONE', #3342, #320, #573, .T. ) ;
#43 = CARTESIAN_POINT ( 'NONE',  ( 8.750000000000003553, 1.500000000000000000, -15.15544456622767733 ) ) ;
#44 = DIRECTION ( 'NONE',  ( 0.000000000000000000, 0.000000000000000000, 1.000000000000000000 ) ) ;
#45 = ORIENTED_EDGE ( 'NONE', *, *, #643, .F. ) ;
#46 = VERTEX_POINT ( 'NONE', #3363 ) ;
#47 = ORIENTED_EDGE ( 'NONE', *, *, #1544, .T. ) ;
#48 = DIRECTION ( 'NONE',  ( 0.000000000000000000, 0.000000000000000000, 1.000000000000000000 ) ) ;
#49 = PRODUCT_DEFINITION_FORMATION_WITH_SPECIFIED_SOURCE ( 'ANY', '', #1701, .NOT_KNOWN. ) ;
#50 = LINE ( 'NONE', #1196, #922 ) ;
#51 = EDGE_CURVE ( 'NONE', #1861, #1150, #1437, .T. ) ;
#52 = EDGE_LOOP ( 'NONE', ( #782, #203, #2348, #3150 ) ) ;
#53 = DIRECTION ( 'NONE',  ( 0.000000000000000000, 0.000000000000000000, 1.000000000000000000 ) ) ;
#54 = FACE_OUTER_BOUND ( 'NONE', #436, .T. ) ;
#55 = CIRCLE ( 'NONE', #3005, 4.550000000000001599 ) ;
#56 = VECTOR ( 'NONE', #3328, 1000.000000000000000 ) ;
#57 = DIRECTION ( 'NONE',  ( 0.000000000000000000, 1.000000000000000000, 0.000000000000000000 ) ) ;
#58 = DIRECTION ( 'NONE',  ( 0.4999999999999997224, 0.000000000000000000, -0.8660254037844387076 ) ) ;
#59 = EDGE_CURVE ( 'NONE', #1931, #1616, #984, .T. ) ;
#60 = CIRCLE ( 'NONE', #1922, 1.000000000000000888 ) ;
#61 = DIRECTION ( 'NONE',  ( -0.000000000000000000, 1.000000000000000000, -0.000000000000000000 ) ) ;
#62 = VECTOR ( 'NONE', #6, 1000.000000000000114 ) ;
#63 = DIRECTION ( 'NONE',  ( -0.000000000000000000, 1.000000000000000000, -0.000000000000000000 ) ) ;
#64 = ORIENTED_EDGE ( 'NONE', *, *, #535, .F. ) ;
#65 = EDGE_LOOP ( 'NONE', ( #1211, #1062, #86, #1592 ) ) ;
#66 = CARTESIAN_POINT ( 'NONE',  ( 15.85111615421192255, 1.500000000000000000, 4.240717163770653997 ) ) ;
#67 = LINE ( 'NONE', #1178, #866 ) ;
#68 = ORIENTED_EDGE ( 'NONE', *, *, #793, .T. ) ;
#69 = CARTESIAN_POINT ( 'NONE',  ( -4.000000000000000000, 1.500000000000000000, 0.000000000000000000 ) ) ;
#70 = CARTESIAN_POINT ( 'NONE',  ( 17.50000000000001421, 1.500000000000000000, 1.250000000000005773 ) ) ;
#71 = AXIS2_PLACEMENT_3D ( 'NONE', #2275, #2803, #3110 ) ;
#72 = DIRECTION ( 'NONE',  ( 0.000000000000000000, 0.000000000000000000, 1.000000000000000000 ) ) ;
#73 = CARTESIAN_POINT ( 'NONE',  ( 0.7428480290867359725, 1.500000000000000000, 7.463121116910939712 ) ) ;
#74 = EDGE_CURVE ( 'NONE', #3182, #1317, #1230, .T. ) ;
#75 = AXIS2_PLACEMENT_3D ( 'NONE', #3440, #1755, #2853 ) ;
#76 = DIRECTION ( 'NONE',  ( 0.000000000000000000, 1.000000000000000000, 0.000000000000000000 ) ) ;
#77 = CARTESIAN_POINT ( 'NONE',  ( -6.038046855666712176, -1.499999999999999556, -5.458203932501884736 ) ) ;
#78 = VERTEX_POINT ( 'NONE', #3151 ) ;
#79 = VECTOR ( 'NONE', #2406, 1000.000000000000000 ) ;
#80 = EDGE_CURVE ( 'NONE', #243, #3099, #3552, .T. ) ;
#81 = VERTEX_POINT ( 'NONE', #3488 ) ;
#82 = CARTESIAN_POINT ( 'NONE',  ( -13.19273868914363312, 1.500000000000000000, -2.499999999999999112 ) ) ;
#83 = AXIS2_PLACEMENT_3D ( 'NONE', #1439, #357, #1200 ) ;
#84 = DIRECTION ( 'NONE',  ( 0.000000000000000000, 0.000000000000000000, 1.000000000000000000 ) ) ;
#85 = ORIENTED_EDGE ( 'NONE', *, *, #145, .T. ) ;
#86 = ORIENTED_EDGE ( 'NONE', *, *, #2407, .F. ) ;
#87 = DIRECTION ( 'NONE',  ( 0.000000000000000000, 1.000000000000000000, 0.000000000000000000 ) ) ;
#88 = DIRECTION ( 'NONE',  ( 0.5000000000000002220, -0.000000000000000000, 0.8660254037844384856 ) ) ;
#89 = LINE ( 'NONE', #2832, #1666 ) ;
#90 = FACE_OUTER_BOUND ( 'NONE', #3201, .T. ) ;
#91 = EDGE_CURVE ( 'NONE', #3065, #2446, #485, .T. ) ;
#92 = CARTESIAN_POINT ( 'NONE',  ( 13.09011422469399122, -8.500000000000000000, -11.32725708595013359 ) ) ;
#93 = VERTEX_POINT ( 'NONE', #1311 ) ;
#94 = LINE ( 'NONE', #833, #3250 ) ;
#95 = ORIENTED_EDGE ( 'NONE', *, *, #1043, .T. ) ;
#96 = ORIENTED_EDGE ( 'NONE', *, *, #224, .T. ) ;
#97 = CARTESIAN_POINT ( 'NONE',  ( -13.19273868914366332, 1.500000000000000000, 3.500000000000002220 ) ) ;
#98 = EDGE_CURVE ( 'NONE', #3149, #2387, #2669, .T. ) ;
#99 = ORIENTED_EDGE ( 'NONE', *, *, #2476, .T. ) ;
#100 = VECTOR ( 'NONE', #2682, 1000.000000000000000 ) ;
#101 = FACE_OUTER_BOUND ( 'NONE', #1088, .T. ) ;
#102 = FACE_OUTER_BOUND ( 'NONE', #840, .T. ) ;
#103 = EDGE_CURVE ( 'NONE', #3116, #1714, #644, .T. ) ;
#104 = CARTESIAN_POINT ( 'NONE',  ( 3.565280431325201338, -1.499999999999999556, -13.17524685029108156 ) ) ;
#105 = AXIS2_PLACEMENT_3D ( 'NONE', #141, #2163, #1857 ) ;
#106 = PLANE ( 'NONE',  #1027 ) ;
#107 = VECTOR ( 'NONE', #310, 1000.000000000000227 ) ;
#108 = CARTESIAN_POINT ( 'NONE',  ( 3.264635279283097713, -8.500000000000000000, 15.99999999999996625 ) ) ;
#109 = AXIS2_PLACEMENT_3D ( 'NONE', #3301, #804, #286 ) ;
#110 = CARTESIAN_POINT ( 'NONE',  ( 6.123233995736766282E-16, 1.500000000000000000, -5.000000000000000000 ) ) ;
#111 = EDGE_CURVE ( 'NONE', #3292, #3272, #1179, .T. ) ;
#112 = VERTEX_POINT ( 'NONE', #2941 ) ;
#113 = VERTEX_POINT ( 'NONE', #737 ) ;
#114 = AXIS2_PLACEMENT_3D ( 'NONE', #1277, #2922, #3477 ) ;
#115 = FACE_OUTER_BOUND ( 'NONE', #8, .T. ) ;
#116 = EDGE_CURVE ( 'NONE', #3534, #1344, #2619, .T. ) ;
#117 = AXIS2_PLACEMENT_3D ( 'NONE', #3095, #1711, #2536 ) ;
#118 = ORIENTED_EDGE ( 'NONE', *, *, #1527, .F. ) ;
#119 = VERTEX_POINT ( 'NONE', #1292 ) ;
#120 = ADVANCED_FACE ( 'NONE', ( #973 ), #2097, .F. ) ;
#121 = CARTESIAN_POINT ( 'NONE',  ( -13.09011422469395391, 1.499999999999999556, 11.32725708595003233 ) ) ;
#122 = CARTESIAN_POINT ( 'NONE',  ( 9.469357670826193285, -1.499999999999999556, 10.66266986216967361 ) ) ;
#123 = EDGE_CURVE ( 'NONE', #490, #1617, #3495, .T. ) ;
#124 = CARTESIAN_POINT ( 'NONE',  ( -12.22408882090944182, -8.500000000000000000, -10.82725708595006431 ) ) ;
#125 = DIRECTION ( 'NONE',  ( 0.000000000000000000, 0.000000000000000000, 1.000000000000000000 ) ) ;
#126 = AXIS2_PLACEMENT_3D ( 'NONE', #147, #1826, #2920 ) ;
#127 = CARTESIAN_POINT ( 'NONE',  ( 8.750000000000005329, -1.500000000000000000, 15.15544456622768976 ) ) ;
#128 = CARTESIAN_POINT ( 'NONE',  ( -15.85111615421194031, -8.500000000000000000, -4.240717163770692189 ) ) ;
#129 = EDGE_LOOP ( 'NONE', ( #2119, #1741, #3079, #1700, #2729, #3041, #3147, #2045, #531, #2491, #803, #2029, #2169, #3592 ) ) ;
#130 = VERTEX_POINT ( 'NONE', #469 ) ;
#131 = LINE ( 'NONE', #1239, #516 ) ;
#132 = ORIENTED_EDGE ( 'NONE', *, *, #1899, .F. ) ;
#133 = ORIENTED_EDGE ( 'NONE', *, *, #515, .T. ) ;
#134 = CYLINDRICAL_SURFACE ( 'NONE', #856, 0.9999999999999991118 ) ;
#135 = DIRECTION ( 'NONE',  ( 0.000000000000000000, 0.000000000000000000, 1.000000000000000000 ) ) ;
#136 = DIRECTION ( 'NONE',  ( -0.000000000000000000, 1.000000000000000000, -0.000000000000000000 ) ) ;
#137 = AXIS2_PLACEMENT_3D ( 'NONE', #2025, #935, #347 ) ;
#138 = EDGE_CURVE ( 'NONE', #2757, #3577, #1581, .T. ) ;
#139 = DIRECTION ( 'NONE',  ( -0.000000000000000000, -1.000000000000000000, -0.000000000000000000 ) ) ;
#140 = DIRECTION ( 'NONE',  ( -0.000000000000000000, 1.000000000000000000, -0.000000000000000000 ) ) ;
#141 = CARTESIAN_POINT ( 'NONE',  ( 9.627458257814346609, -8.500000000000000000, -9.675246850287742006 ) ) ;
#142 = AXIS2_PLACEMENT_3D ( 'NONE', #2673, #1299, #3519 ) ;
#143 = VERTEX_POINT ( 'NONE', #2132 ) ;
#144 = LINE ( 'NONE', #399, #3544 ) ;
#145 = EDGE_CURVE ( 'NONE', #2656, #1595, #181, .T. ) ;
#146 = EDGE_LOOP ( 'NONE', ( #831, #2501, #3516, #2171 ) ) ;
#147 = CARTESIAN_POINT ( 'NONE',  ( -15.48872410019255597, 1.500000000000000000, 5.172742914049913487 ) ) ;
#148 = CARTESIAN_POINT ( 'NONE',  ( -8.761432854035911433, -1.499999999999999556, 10.17524685028866038 ) ) ;
#149 = VERTEX_POINT ( 'NONE', #718 ) ;
#150 = VERTEX_POINT ( 'NONE', #2438 ) ;
#151 = DIRECTION ( 'NONE',  ( 0.000000000000000000, 0.000000000000000000, -1.000000000000000000 ) ) ;
#152 = ADVANCED_FACE ( 'NONE', ( #3550 ), #3475, .F. ) ;
#153 = LINE ( 'NONE', #459, #1134 ) ;
#154 = DIRECTION ( 'NONE',  ( 0.000000000000000000, 1.000000000000000000, 0.000000000000000000 ) ) ;
#155 = MECHANICAL_DESIGN_GEOMETRIC_PRESENTATION_REPRESENTATION (  '', ( #1612 ), #390 ) ;
#156 = ADVANCED_FACE ( 'NONE', ( #701 ), #1844, .T. ) ;
#157 = CARTESIAN_POINT ( 'NONE',  ( 9.627458257820959986, -1.499999999999999556, 9.675246850288791833 ) ) ;
#158 = LINE ( 'NONE', #696, #2475 ) ;
#159 = ORIENTED_EDGE ( 'NONE', *, *, #1767, .T. ) ;
#160 = DIRECTION ( 'NONE',  ( 0.000000000000000000, 0.000000000000000000, 1.000000000000000000 ) ) ;
#161 = AXIS2_PLACEMENT_3D ( 'NONE', #848, #255, #3071 ) ;
#162 = ORIENTED_EDGE ( 'NONE', *, *, #1369, .T. ) ;
#163 = EDGE_LOOP ( 'NONE', ( #1537, #1638, #2209, #1331 ) ) ;
#164 = DIRECTION ( 'NONE',  ( 0.000000000000000000, 0.000000000000000000, 1.000000000000000000 ) ) ;
#165 = VECTOR ( 'NONE', #88, 1000.000000000000000 ) ;
#166 = CYLINDRICAL_SURFACE ( 'NONE', #1038, 1.000000000000000222 ) ;
#167 = ORIENTED_EDGE ( 'NONE', *, *, #2279, .T. ) ;
#168 = ORIENTED_EDGE ( 'NONE', *, *, #2867, .T. ) ;
#169 = AXIS2_PLACEMENT_3D ( 'NONE', #2103, #1245, #726 ) ;
#170 = DIRECTION ( 'NONE',  ( 0.000000000000000000, 1.000000000000000000, -0.000000000000000000 ) ) ;
#171 = AXIS2_PLACEMENT_3D ( 'NONE', #3530, #1035, #260 ) ;
#172 = DIRECTION ( 'NONE',  ( 0.000000000000000000, 0.000000000000000000, 1.000000000000000000 ) ) ;
#173 = ORIENTED_EDGE ( 'NONE', *, *, #365, .F. ) ;
#174 = DIRECTION ( 'NONE',  ( -0.4999999999999950595, 0.000000000000000000, -0.8660254037844415942 ) ) ;
#175 = CARTESIAN_POINT ( 'NONE',  ( -4.499464137392565455, -8.500000000000000000, -13.53203923154135246 ) ) ;
#176 = LINE ( 'NONE', #2955, #2513 ) ;
#177 = ADVANCED_FACE ( 'NONE', ( #3528 ), #1881, .F. ) ;
#178 = DIRECTION ( 'NONE',  ( -0.000000000000000000, 1.000000000000000000, -0.000000000000000000 ) ) ;
#179 = VERTEX_POINT ( 'NONE', #3276 ) ;
#180 = PLANE ( 'NONE',  #1341 ) ;
#181 = CIRCLE ( 'NONE', #1815, 4.550000000000002487 ) ;
#182 = CARTESIAN_POINT ( 'NONE',  ( 17.50000000000001776, 1.500000000000000000, -5.650474260863225751E-15 ) ) ;
#183 = CARTESIAN_POINT ( 'NONE',  ( 23.09401076758504701, 1.500000000000000000, 0.000000000000000000 ) ) ;
#184 = ORIENTED_EDGE ( 'NONE', *, *, #59, .F. ) ;
#185 = AXIS2_PLACEMENT_3D ( 'NONE', #985, #695, #2970 ) ;
#186 = EDGE_CURVE ( 'NONE', #2730, #143, #1762, .T. ) ;
#187 = ORIENTED_EDGE ( 'NONE', *, *, #751, .F. ) ;
#188 = ORIENTED_EDGE ( 'NONE', *, *, #604, .T. ) ;
#189 = CARTESIAN_POINT ( 'NONE',  ( 4.252989283015875088, 1.500000000000000000, 15.84782784977072367 ) ) ;
#190 = DIRECTION ( 'NONE',  ( 0.000000000000000000, 0.000000000000000000, 1.000000000000000000 ) ) ;
#191 = LINE ( 'NONE', #441, #2012 ) ;
#192 = FACE_OUTER_BOUND ( 'NONE', #574, .T. ) ;
#193 = AXIS2_PLACEMENT_3D ( 'NONE', #309, #3386, #1461 ) ;
#194 = DIRECTION ( 'NONE',  ( 0.000000000000000000, 0.000000000000000000, 1.000000000000000000 ) ) ;
#195 = PLANE ( 'NONE',  #429 ) ;
#196 = ORIENTED_EDGE ( 'NONE', *, *, #736, .T. ) ;
#197 = CARTESIAN_POINT ( 'NONE',  ( -3.264635279283147007, -1.499999999999999556, 16.99999999999996803 ) ) ;
#198 = EDGE_CURVE ( 'NONE', #3447, #635, #1901, .T. ) ;
#199 = VECTOR ( 'NONE', #174, 1000.000000000000000 ) ;
#200 = ORIENTED_EDGE ( 'NONE', *, *, #3056, .F. ) ;
#201 = DIRECTION ( 'NONE',  ( -0.000000000000000000, 1.000000000000000000, -0.000000000000000000 ) ) ;
#202 = DIRECTION ( 'NONE',  ( 0.000000000000000000, 1.000000000000000000, -0.000000000000000000 ) ) ;
#203 = ORIENTED_EDGE ( 'NONE', *, *, #1419, .T. ) ;
#204 = VERTEX_POINT ( 'NONE', #2634 ) ;
#205 = ORIENTED_EDGE ( 'NONE', *, *, #2545, .T. ) ;
#206 = DIRECTION ( 'NONE',  ( 0.000000000000000000, 0.000000000000000000, 1.000000000000000000 ) ) ;
#207 = EDGE_CURVE ( 'NONE', #2302, #2229, #2222, .T. ) ;
#208 = CARTESIAN_POINT ( 'NONE',  ( -1.990540770086660026E-16, -1.500000000000000000, -2.499999999999999556 ) ) ;
#209 = ORIENTED_EDGE ( 'NONE', *, *, #1566, .F. ) ;
#210 = CARTESIAN_POINT ( 'NONE',  ( -9.184850993605148438E-17, -8.500000000000000000, 1.742924699575454705E-16 ) ) ;
#211 = PLANE ( 'NONE',  #2715 ) ;
#212 = EDGE_CURVE ( 'NONE', #320, #1809, #3087, .T. ) ;
#213 = CARTESIAN_POINT ( 'NONE',  ( 17.50000000000001776, -1.499999999999999556, -5.650474260863225751E-15 ) ) ;
#214 = CARTESIAN_POINT ( 'NONE',  ( 0.000000000000000000, -1.500000000000000000, 0.000000000000000000 ) ) ;
#215 = ORIENTED_EDGE ( 'NONE', *, *, #2338, .T. ) ;
#216 = CARTESIAN_POINT ( 'NONE',  ( -11.54700538379233699, 1.500000000000000000, 20.00000000000011724 ) ) ;
#217 = DIRECTION ( 'NONE',  ( 0.000000000000000000, 0.000000000000000000, 1.000000000000000000 ) ) ;
#218 = CIRCLE ( 'NONE', #2318, 1.000000000000000888 ) ;
#219 = LINE ( 'NONE', #1882, #2090 ) ;
#220 = ORIENTED_EDGE ( 'NONE', *, *, #2445, .F. ) ;
#221 = ORIENTED_EDGE ( 'NONE', *, *, #3056, .T. ) ;
#222 = ORIENTED_EDGE ( 'NONE', *, *, #3205, .F. ) ;
#223 = DIRECTION ( 'NONE',  ( -0.000000000000000000, 1.000000000000000000, -0.000000000000000000 ) ) ;
#224 = EDGE_CURVE ( 'NONE', #1192, #3192, #1996, .T. ) ;
#225 = DIRECTION ( 'NONE',  ( -0.000000000000000000, -1.000000000000000000, -0.000000000000000000 ) ) ;
#226 = VECTOR ( 'NONE', #1536, 1000.000000000000000 ) ;
#227 = EDGE_CURVE ( 'NONE', #3099, #682, #1118, .T. ) ;
#228 = CIRCLE ( 'NONE', #3377, 1.000000000000000888 ) ;
#229 = CARTESIAN_POINT ( 'NONE',  ( -9.469357670825701234, -1.499999999999999556, 10.66266986216955814 ) ) ;
#230 = CARTESIAN_POINT ( 'NONE',  ( -3.264635279283147007, -8.500000000000000000, 16.99999999999996803 ) ) ;
#231 = VERTEX_POINT ( 'NONE', #3355 ) ;
#232 = AXIS2_PLACEMENT_3D ( 'NONE', #2095, #970, #2331 ) ;
#233 = EDGE_CURVE ( 'NONE', #1135, #490, #1356, .T. ) ;
#234 = CARTESIAN_POINT ( 'NONE',  ( -15.48872410019258616, -8.500000000000000000, -5.172742914049957896 ) ) ;
#235 = CARTESIAN_POINT ( 'NONE',  ( -7.745966692414836707, -8.500000000000000000, 3.500000000000001776 ) ) ;
#236 = ORIENTED_EDGE ( 'NONE', *, *, #2057, .F. ) ;
#237 = DIRECTION ( 'NONE',  ( 0.000000000000000000, 0.000000000000000000, 1.000000000000000000 ) ) ;
#238 = ORIENTED_EDGE ( 'NONE', *, *, #1339, .T. ) ;
#239 = CARTESIAN_POINT ( 'NONE',  ( -3.264635279283073288, 1.499999999999999556, -16.99999999999987921 ) ) ;
#240 = VECTOR ( 'NONE', #1706, 1000.000000000000000 ) ;
#241 = CIRCLE ( 'NONE', #1986, 5.000000000000000000 ) ;
#242 = DIRECTION ( 'NONE',  ( 0.000000000000000000, 0.000000000000000000, 1.000000000000000000 ) ) ;
#243 = VERTEX_POINT ( 'NONE', #1960 ) ;
#244 = ORIENTED_EDGE ( 'NONE', *, *, #80, .F. ) ;
#245 = VERTEX_POINT ( 'NONE', #5 ) ;
#246 = AXIS2_PLACEMENT_3D ( 'NONE', #2385, #1940, #1921 ) ;
#247 = CARTESIAN_POINT ( 'NONE',  ( -6.834676493307208389, 1.500000000000000000, -3.088235294117646745 ) ) ;
#248 = FACE_BOUND ( 'NONE', #2155, .T. ) ;
#249 = AXIS2_PLACEMENT_3D ( 'NONE', #2245, #560, #3017 ) ;
#250 = ORIENTED_EDGE ( 'NONE', *, *, #2072, .F. ) ;
#251 = ADVANCED_FACE ( 'NONE', ( #584 ), #1411, .T. ) ;
#252 = FACE_OUTER_BOUND ( 'NONE', #3177, .T. ) ;
#253 = DIRECTION ( 'NONE',  ( 0.000000000000000000, 0.000000000000000000, 1.000000000000000000 ) ) ;
#254 = LINE ( 'NONE', #2719, #2508 ) ;
#255 = DIRECTION ( 'NONE',  ( -0.000000000000000000, 1.000000000000000000, -0.000000000000000000 ) ) ;
#256 = VERTEX_POINT ( 'NONE', #1113 ) ;
#257 = EDGE_CURVE ( 'NONE', #3060, #639, #413, .T. ) ;
#258 = ORIENTED_EDGE ( 'NONE', *, *, #670, .T. ) ;
#259 = FACE_OUTER_BOUND ( 'NONE', #1077, .T. ) ;
#260 = DIRECTION ( 'NONE',  ( 0.000000000000000000, 0.000000000000000000, 1.000000000000000000 ) ) ;
#261 = ADVANCED_FACE ( 'NONE', ( #2201 ), #2514, .F. ) ;
#262 = VERTEX_POINT ( 'NONE', #2183 ) ;
#263 = ORIENTED_EDGE ( 'NONE', *, *, #2193, .F. ) ;
#264 = CARTESIAN_POINT ( 'NONE',  ( 0.8418944329592915610, -8.500000000000000000, -7.458203932499627875 ) ) ;
#265 = EDGE_LOOP ( 'NONE', ( #3478, #2776, #3459, #1069 ) ) ;
#266 = DIRECTION ( 'NONE',  ( 0.000000000000000000, 1.000000000000000000, 0.000000000000000000 ) ) ;
#267 = ORIENTED_EDGE ( 'NONE', *, *, #2627, .T. ) ;
#268 = VERTEX_POINT ( 'NONE', #1691 ) ;
#269 = DIRECTION ( 'NONE',  ( 0.000000000000000000, 1.000000000000000000, 0.000000000000000000 ) ) ;
#270 = PLANE ( 'NONE',  #919 ) ;
#271 = ADVANCED_FACE ( 'NONE', ( #2805 ), #3076, .T. ) ;
#272 = DIRECTION ( 'NONE',  ( 0.000000000000000000, 0.000000000000000000, 1.000000000000000000 ) ) ;
#273 = DIRECTION ( 'NONE',  ( -0.000000000000000000, 1.000000000000000000, -0.000000000000000000 ) ) ;
#274 = VERTEX_POINT ( 'NONE', #1390 ) ;
#275 = EDGE_CURVE ( 'NONE', #1192, #2015, #3295, .T. ) ;
#276 = EDGE_CURVE ( 'NONE', #1470, #3313, #818, .T. ) ;
#277 = VECTOR ( 'NONE', #2528, 1000.000000000000000 ) ;
#278 = DIRECTION ( 'NONE',  ( 0.000000000000000000, 0.000000000000000000, 1.000000000000000000 ) ) ;
#279 = DIRECTION ( 'NONE',  ( -1.000000000000000000, 0.000000000000000000, 0.000000000000000000 ) ) ;
#280 = VERTEX_POINT ( 'NONE', #832 ) ;
#281 = ORIENTED_EDGE ( 'NONE', *, *, #2076, .T. ) ;
#282 = VERTEX_POINT ( 'NONE', #1131 ) ;
#283 = CIRCLE ( 'NONE', #3529, 0.9999999999999991118 ) ;
#284 = CARTESIAN_POINT ( 'NONE',  ( 8.750000000000003553, 1.500000000000000000, -16.40544456622767910 ) ) ;
#285 = ORIENTED_EDGE ( 'NONE', *, *, #670, .F. ) ;
#286 = DIRECTION ( 'NONE',  ( 0.000000000000000000, 0.000000000000000000, 1.000000000000000000 ) ) ;
#287 = AXIS2_PLACEMENT_3D ( 'NONE', #2764, #2490, #521 ) ;
#288 = ORIENTED_EDGE ( 'NONE', *, *, #2712, .T. ) ;
#289 = ORIENTED_EDGE ( 'NONE', *, *, #1459, .F. ) ;
#290 = LINE ( 'NONE', #2217, #2522 ) ;
#291 = STYLED_ITEM ( 'NONE', ( #673 ), #2581 ) ;
#292 = FACE_OUTER_BOUND ( 'NONE', #1433, .T. ) ;
#293 = CIRCLE ( 'NONE', #3539, 1.000000000000000888 ) ;
#294 = FACE_OUTER_BOUND ( 'NONE', #2998, .T. ) ;
#295 = FACE_OUTER_BOUND ( 'NONE', #2554, .T. ) ;
#296 = ORIENTED_EDGE ( 'NONE', *, *, #2742, .F. ) ;
#297 = EDGE_CURVE ( 'NONE', #1621, #1559, #934, .T. ) ;
#298 = DIRECTION ( 'NONE',  ( 0.000000000000000000, 1.000000000000000000, 0.000000000000000000 ) ) ;
#299 = CARTESIAN_POINT ( 'NONE',  ( -0.8418944329588047282, -1.499999999999999556, -7.458203932499677613 ) ) ;
#300 = ORIENTED_EDGE ( 'NONE', *, *, #123, .T. ) ;
#301 = CYLINDRICAL_SURFACE ( 'NONE', #1677, 0.9999999999999991118 ) ;
#302 = LINE ( 'NONE', #1420, #2894 ) ;
#303 = ADVANCED_FACE ( 'NONE', ( #851 ), #524, .T. ) ;
#304 = ORIENTED_EDGE ( 'NONE', *, *, #3254, .F. ) ;
#305 = AXIS2_PLACEMENT_3D ( 'NONE', #2704, #1015, #434 ) ;
#306 = VERTEX_POINT ( 'NONE', #239 ) ;
#307 = ORIENTED_EDGE ( 'NONE', *, *, #903, .T. ) ;
#308 = VECTOR ( 'NONE', #481, 1000.000000000000000 ) ;
#309 = CARTESIAN_POINT ( 'NONE',  ( -8.749999999999998224, 1.500000000000000000, -15.15544456622769509 ) ) ;
#310 = DIRECTION ( 'NONE',  ( -0.5000000000000008882, 0.000000000000000000, -0.8660254037844380415 ) ) ;
#311 = VECTOR ( 'NONE', #2145, 1000.000000000000114 ) ;
#312 = FACE_OUTER_BOUND ( 'NONE', #1438, .T. ) ;
#313 = LINE ( 'NONE', #790, #3303 ) ;
#314 = ORIENTED_EDGE ( 'NONE', *, *, #1637, .T. ) ;
#315 = CYLINDRICAL_SURFACE ( 'NONE', #363, 0.9999999999999991118 ) ;
#316 = CARTESIAN_POINT ( 'NONE',  ( -11.54700538379233699, -1.500000000000000000, 20.00000000000011724 ) ) ;
#317 = ADVANCED_FACE ( 'NONE', ( #259 ), #315, .F. ) ;
#318 = ORIENTED_EDGE ( 'NONE', *, *, #488, .T. ) ;
#319 = EDGE_LOOP ( 'NONE', ( #1316, #1381, #1342, #2487 ) ) ;
#320 = VERTEX_POINT ( 'NONE', #1153 ) ;
#321 = LINE ( 'NONE', #1965, #1312 ) ;
#322 = DIRECTION ( 'NONE',  ( 0.000000000000000000, 0.000000000000000000, 1.000000000000000000 ) ) ;
#323 = AXIS2_PLACEMENT_3D ( 'NONE', #3433, #915, #2022 ) ;
#324 = AXIS2_PLACEMENT_3D ( 'NONE', #3388, #1736, #378 ) ;
#325 = EDGE_CURVE ( 'NONE', #3279, #638, #2263, .T. ) ;
#326 = ORIENTED_EDGE ( 'NONE', *, *, #1944, .F. ) ;
#327 = CARTESIAN_POINT ( 'NONE',  ( 6.123233995736766282E-16, -1.500000000000000000, -5.000000000000000000 ) ) ;
#328 = DIRECTION ( 'NONE',  ( 0.4999999999999999445, 0.000000000000000000, -0.8660254037844385966 ) ) ;
#329 = LINE ( 'NONE', #1444, #1598 ) ;
#330 = DIRECTION ( 'NONE',  ( -0.000000000000000000, -1.000000000000000000, -0.000000000000000000 ) ) ;
#331 = CYLINDRICAL_SURFACE ( 'NONE', #19, 1.000000000000000888 ) ;
#332 = DIRECTION ( 'NONE',  ( 0.000000000000000000, 1.000000000000000000, 0.000000000000000000 ) ) ;
#333 = ORIENTED_EDGE ( 'NONE', *, *, #1583, .F. ) ;
#334 = VERTEX_POINT ( 'NONE', #2477 ) ;
#335 = EDGE_LOOP ( 'NONE', ( #3281, #2389, #3203, #2136 ) ) ;
#336 = FACE_BOUND ( 'NONE', #3298, .T. ) ;
#337 = AXIS2_PLACEMENT_3D ( 'NONE', #2347, #1772, #417 ) ;
#338 = DIRECTION ( 'NONE',  ( 0.4999999999999997224, 0.000000000000000000, -0.8660254037844387076 ) ) ;
#339 = ORIENTED_EDGE ( 'NONE', *, *, #2815, .F. ) ;
#340 = ORIENTED_EDGE ( 'NONE', *, *, #38, .F. ) ;
#341 = ADVANCED_FACE ( 'NONE', ( #3588 ), #331, .F. ) ;
#342 = ORIENTED_EDGE ( 'NONE', *, *, #938, .T. ) ;
#343 = DIRECTION ( 'NONE',  ( -0.000000000000000000, 1.000000000000000000, -0.000000000000000000 ) ) ;
#344 = CARTESIAN_POINT ( 'NONE',  ( 14.72243186433544970, -1.500000000000000000, 8.499999999999994671 ) ) ;
#345 = CIRCLE ( 'NONE', #1975, 1.000000000000000888 ) ;
#346 = AXIS2_PLACEMENT_3D ( 'NONE', #2760, #1385, #2527 ) ;
#347 = DIRECTION ( 'NONE',  ( 0.000000000000000000, 0.000000000000000000, 1.000000000000000000 ) ) ;
#348 = DIRECTION ( 'NONE',  ( 0.000000000000000000, 0.000000000000000000, 1.000000000000000000 ) ) ;
#349 = EDGE_CURVE ( 'NONE', #256, #245, #757, .T. ) ;
#350 = DIRECTION ( 'NONE',  ( -0.000000000000000000, 1.000000000000000000, -0.000000000000000000 ) ) ;
#351 = VECTOR ( 'NONE', #1334, 1000.000000000000000 ) ;
#352 = CARTESIAN_POINT ( 'NONE',  ( -11.54700538379233699, -1.500000000000000000, 20.00000000000011724 ) ) ;
#353 = VERTEX_POINT ( 'NONE', #2583 ) ;
#354 = FACE_BOUND ( 'NONE', #1837, .T. ) ;
#355 = CARTESIAN_POINT ( 'NONE',  ( 15.48872410019256129, 1.500000000000000000, 5.172742914049921481 ) ) ;
#356 = ORIENTED_EDGE ( 'NONE', *, *, #3521, .F. ) ;
#357 = DIRECTION ( 'NONE',  ( 0.000000000000000000, 1.000000000000000000, -0.000000000000000000 ) ) ;
#358 = DIRECTION ( 'NONE',  ( -1.000000000000000000, 0.000000000000000000, 0.000000000000000000 ) ) ;
#359 = EDGE_CURVE ( 'NONE', #2079, #112, #906, .T. ) ;
#360 = AXIS2_PLACEMENT_3D ( 'NONE', #1551, #1033, #2368 ) ;
#361 = DIRECTION ( 'NONE',  ( 0.000000000000000000, 1.000000000000000000, 0.000000000000000000 ) ) ;
#362 = CARTESIAN_POINT ( 'NONE',  ( -6.904072259451150551, -1.499999999999999556, -4.958203932501882960 ) ) ;
#363 = AXIS2_PLACEMENT_3D ( 'NONE', #3375, #2535, #1429 ) ;
#364 = CARTESIAN_POINT ( 'NONE',  ( -4.252989283015852884, -1.499999999999999556, -15.84782784977065084 ) ) ;
#365 = EDGE_CURVE ( 'NONE', #2784, #507, #2299, .T. ) ;
#366 = DIRECTION ( 'NONE',  ( 0.000000000000000000, 0.000000000000000000, 1.000000000000000000 ) ) ;
#367 = ORIENTED_EDGE ( 'NONE', *, *, #9, .F. ) ;
#368 = VERTEX_POINT ( 'NONE', #2550 ) ;
#369 = LINE ( 'NONE', #2305, #719 ) ;
#370 = EDGE_CURVE ( 'NONE', #762, #666, #1188, .T. ) ;
#371 = DIRECTION ( 'NONE',  ( -0.000000000000000000, 1.000000000000000000, -0.000000000000000000 ) ) ;
#372 = VERTEX_POINT ( 'NONE', #662 ) ;
#373 = ORIENTED_EDGE ( 'NONE', *, *, #2072, .T. ) ;
#374 = DIRECTION ( 'NONE',  ( 0.000000000000000000, 1.000000000000000000, -0.000000000000000000 ) ) ;
#375 = DIRECTION ( 'NONE',  ( -0.4999999999999950595, 0.000000000000000000, -0.8660254037844415942 ) ) ;
#376 = CYLINDRICAL_SURFACE ( 'NONE', #1397, 1.000000000000001776 ) ;
#377 = CIRCLE ( 'NONE', #2298, 4.549999999999997158 ) ;
#378 = DIRECTION ( 'NONE',  ( 0.000000000000000000, 0.000000000000000000, 1.000000000000000000 ) ) ;
#379 = EDGE_CURVE ( 'NONE', #179, #1654, #940, .T. ) ;
#380 = DIRECTION ( 'NONE',  ( 0.000000000000000000, 0.000000000000000000, 1.000000000000000000 ) ) ;
#381 = DIRECTION ( 'NONE',  ( 0.000000000000000000, 1.000000000000000000, -0.000000000000000000 ) ) ;
#382 = EDGE_CURVE ( 'NONE', #1712, #1180, #1236, .T. ) ;
#383 = CARTESIAN_POINT ( 'NONE',  ( 6.904072259451436544, -8.500000000000000000, -4.958203932501485056 ) ) ;
#384 = EDGE_LOOP ( 'NONE', ( #2553, #1064, #2861, #2157, #2769, #899 ) ) ;
#385 = EDGE_CURVE ( 'NONE', #1099, #1181, #648, .T. ) ;
#386 = VERTEX_POINT ( 'NONE', #614 ) ;
#387 = CYLINDRICAL_SURFACE ( 'NONE', #2559, 0.9999999999999991118 ) ;
#388 = VERTEX_POINT ( 'NONE', #2884 ) ;
#389 = ORIENTED_EDGE ( 'NONE', *, *, #736, .F. ) ;
#390 =( GEOMETRIC_REPRESENTATION_CONTEXT ( 3 ) GLOBAL_UNCERTAINTY_ASSIGNED_CONTEXT ( ( #1428 ) ) GLOBAL_UNIT_ASSIGNED_CONTEXT ( ( #1601, #3435, #2311 ) ) REPRESENTATION_CONTEXT ( 'NONE', 'WORKASPACE' ) );
#391 = DIRECTION ( 'NONE',  ( -0.000000000000000000, 1.000000000000000000, -0.000000000000000000 ) ) ;
#392 = DIRECTION ( 'NONE',  ( 0.5000000000000068834, 0.000000000000000000, 0.8660254037844345998 ) ) ;
#393 = FACE_OUTER_BOUND ( 'NONE', #3305, .T. ) ;
#394 = VECTOR ( 'NONE', #2953, 1000.000000000000000 ) ;
#395 = CARTESIAN_POINT ( 'NONE',  ( -11.54700538379233699, 1.500000000000000000, 20.00000000000011724 ) ) ;
#396 = AXIS2_PLACEMENT_3D ( 'NONE', #625, #1750, #658 ) ;
#397 = DIRECTION ( 'NONE',  ( -0.000000000000000000, 1.000000000000000000, -0.000000000000000000 ) ) ;
#398 = VECTOR ( 'NONE', #3186, 999.9999999999998863 ) ;
#399 = CARTESIAN_POINT ( 'NONE',  ( 8.761432854036520723, -8.500000000000000000, 10.17524685028879361 ) ) ;
#400 = EDGE_CURVE ( 'NONE', #3577, #3313, #2027, .T. ) ;
#401 = ORIENTED_EDGE ( 'NONE', *, *, #1294, .F. ) ;
#402 = VECTOR ( 'NONE', #2705, 1000.000000000000000 ) ;
#403 = DIRECTION ( 'NONE',  ( 0.8660254037844415942, -0.000000000000000000, 0.4999999999999948930 ) ) ;
#404 = AXIS2_PLACEMENT_3D ( 'NONE', #1271, #2112, #2383 ) ;
#405 = VERTEX_POINT ( 'NONE', #3094 ) ;
#406 = ORIENTED_EDGE ( 'NONE', *, *, #1348, .T. ) ;
#407 = LINE ( 'NONE', #1523, #2886 ) ;
#408 = EDGE_CURVE ( 'NONE', #1278, #1628, #598, .T. ) ;
#409 = DIRECTION ( 'NONE',  ( -0.000000000000000000, 1.000000000000000000, -0.000000000000000000 ) ) ;
#410 = VECTOR ( 'NONE', #3300, 1000.000000000000000 ) ;
#411 = DIRECTION ( 'NONE',  ( 0.000000000000000000, 0.000000000000000000, -1.000000000000000000 ) ) ;
#412 = ADVANCED_FACE ( 'NONE', ( #1725 ), #923, .T. ) ;
#413 = CIRCLE ( 'NONE', #2447, 1.249999999999999334 ) ;
#414 = DIRECTION ( 'NONE',  ( -0.000000000000000000, -1.000000000000000000, -0.000000000000000000 ) ) ;
#415 = CARTESIAN_POINT ( 'NONE',  ( -7.745966692414836707, -1.499999999999999556, 3.500000000000001776 ) ) ;
#416 = CIRCLE ( 'NONE', #2451, 1.000000000000000888 ) ;
#417 = DIRECTION ( 'NONE',  ( 0.000000000000000000, 0.000000000000000000, 1.000000000000000000 ) ) ;
#418 = ORIENTED_EDGE ( 'NONE', *, *, #3075, .F. ) ;
#419 = EDGE_CURVE ( 'NONE', #3522, #1559, #3444, .T. ) ;
#420 = DIRECTION ( 'NONE',  ( 0.000000000000000000, 0.000000000000000000, 1.000000000000000000 ) ) ;
#421 = ORIENTED_EDGE ( 'NONE', *, *, #2548, .T. ) ;
#422 = EDGE_LOOP ( 'NONE', ( #99, #552, #2893, #3010 ) ) ;
#423 = CYLINDRICAL_SURFACE ( 'NONE', #2353, 4.550000000000001599 ) ;
#424 = FACE_OUTER_BOUND ( 'NONE', #146, .T. ) ;
#425 = ADVANCED_FACE ( 'NONE', ( #3423 ), #2280, .F. ) ;
#426 = CARTESIAN_POINT ( 'NONE',  ( -3.264635279283073288, 1.500000000000000000, -15.99999999999987921 ) ) ;
#427 = CARTESIAN_POINT ( 'NONE',  ( -3.264635279283147007, 1.500000000000000000, 15.99999999999996625 ) ) ;
#428 = AXIS2_PLACEMENT_3D ( 'NONE', #1166, #361, #1465 ) ;
#429 = AXIS2_PLACEMENT_3D ( 'NONE', #3526, #3469, #1012 ) ;
#430 = CARTESIAN_POINT ( 'NONE',  ( -7.745966692414836707, -8.500000000000000000, 2.500000000000001332 ) ) ;
#431 = DIRECTION ( 'NONE',  ( 0.000000000000000000, 1.000000000000000000, 0.000000000000000000 ) ) ;
#432 = LINE ( 'NONE', #128, #1738 ) ;
#433 = VERTEX_POINT ( 'NONE', #1468 ) ;
#434 = DIRECTION ( 'NONE',  ( 0.000000000000000000, 0.000000000000000000, 1.000000000000000000 ) ) ;
#435 = DIRECTION ( 'NONE',  ( 0.000000000000000000, 0.000000000000000000, 1.000000000000000000 ) ) ;
#436 = EDGE_LOOP ( 'NONE', ( #1257, #623, #2403, #1048 ) ) ;
#437 = EDGE_LOOP ( 'NONE', ( #2289, #1985, #1083, #222 ) ) ;
#438 = LINE ( 'NONE', #1001, #2574 ) ;
#439 = DIRECTION ( 'NONE',  ( 0.000000000000000000, 0.000000000000000000, 1.000000000000000000 ) ) ;
#440 = EDGE_CURVE ( 'NONE', #2671, #1616, #1053, .T. ) ;
#441 = CARTESIAN_POINT ( 'NONE',  ( 0.000000000000000000, -1.500000000000000000, 2.500000000000000444 ) ) ;
#442 = LINE ( 'NONE', #2410, #3476 ) ;
#443 = LINE ( 'NONE', #430, #2223 ) ;
#444 = DIRECTION ( 'NONE',  ( 0.000000000000000000, 1.000000000000000000, 0.000000000000000000 ) ) ;
#445 = ORIENTED_EDGE ( 'NONE', *, *, #116, .T. ) ;
#446 = EDGE_CURVE ( 'NONE', #3577, #699, #2676, .T. ) ;
#447 = CARTESIAN_POINT ( 'NONE',  ( -6.904072259451150551, -8.500000000000000000, -4.958203932501882960 ) ) ;
#448 = VECTOR ( 'NONE', #1737, 1000.000000000000000 ) ;
#449 = VERTEX_POINT ( 'NONE', #631 ) ;
#450 = DIRECTION ( 'NONE',  ( 0.000000000000000000, 1.000000000000000000, 0.000000000000000000 ) ) ;
#451 = CIRCLE ( 'NONE', #2551, 1.000000000000002665 ) ;
#452 = DIRECTION ( 'NONE',  ( -0.000000000000000000, 1.000000000000000000, -0.000000000000000000 ) ) ;
#453 = ORIENTED_EDGE ( 'NONE', *, *, #1519, .F. ) ;
#454 = ORIENTED_EDGE ( 'NONE', *, *, #2137, .F. ) ;
#455 = AXIS2_PLACEMENT_3D ( 'NONE', #2674, #2374, #961 ) ;
#456 = DIRECTION ( 'NONE',  ( -0.5000000000000003331, 0.000000000000000000, -0.8660254037844383745 ) ) ;
#457 = LINE ( 'NONE', #1868, #1333 ) ;
#458 = ORIENTED_EDGE ( 'NONE', *, *, #3223, .F. ) ;
#459 = CARTESIAN_POINT ( 'NONE',  ( 1.707919836749406839, -8.500000000000000000, 7.958203932499066546 ) ) ;
#460 = CARTESIAN_POINT ( 'NONE',  ( 4.499464137392734209, -8.500000000000000000, -13.53203923154092259 ) ) ;
#461 = EDGE_CURVE ( 'NONE', #3068, #46, #1232, .T. ) ;
#462 = DIRECTION ( 'NONE',  ( 0.000000000000000000, 1.000000000000000000, 0.000000000000000000 ) ) ;
#463 = DIRECTION ( 'NONE',  ( 0.000000000000000000, 0.000000000000000000, 1.000000000000000000 ) ) ;
#464 = VERTEX_POINT ( 'NONE', #364 ) ;
#465 = DIRECTION ( 'NONE',  ( -0.000000000000000000, 1.000000000000000000, -0.000000000000000000 ) ) ;
#466 = AXIS2_PLACEMENT_3D ( 'NONE', #2178, #2989, #1619 ) ;
#467 = ADVANCED_FACE ( 'NONE', ( #1481 ), #2044, .T. ) ;
#468 = AXIS2_PLACEMENT_3D ( 'NONE', #2996, #2685, #164 ) ;
#469 = CARTESIAN_POINT ( 'NONE',  ( 4.499464137394695307, -1.499999999999999556, 13.53203923153578714 ) ) ;
#470 = CARTESIAN_POINT ( 'NONE',  ( -8.750000000000055067, -8.500000000000000000, 15.15544456622765601 ) ) ;
#471 = ORIENTED_EDGE ( 'NONE', *, *, #1493, .T. ) ;
#472 = ORIENTED_EDGE ( 'NONE', *, *, #2123, .F. ) ;
#473 = ORIENTED_EDGE ( 'NONE', *, *, #1609, .T. ) ;
#474 = ADVANCED_FACE ( 'NONE', ( #1266 ), #2128, .F. ) ;
#475 = DIRECTION ( 'NONE',  ( 0.000000000000000000, 0.000000000000000000, 1.000000000000000000 ) ) ;
#476 = LINE ( 'NONE', #1594, #805 ) ;
#477 = AXIS2_PLACEMENT_3D ( 'NONE', #1384, #1086, #2467 ) ;
#478 = ORIENTED_EDGE ( 'NONE', *, *, #2043, .T. ) ;
#479 = FACE_OUTER_BOUND ( 'NONE', #3289, .T. ) ;
#480 = CARTESIAN_POINT ( 'NONE',  ( 6.038046855670324398, -8.500000000000000000, 5.458203932496853206 ) ) ;
#481 = DIRECTION ( 'NONE',  ( 1.000000000000000000, 0.000000000000000000, -7.962163080346640843E-17 ) ) ;
#482 = FACE_OUTER_BOUND ( 'NONE', #2537, .T. ) ;
#483 = ORIENTED_EDGE ( 'NONE', *, *, #1899, .T. ) ;
#484 = AXIS2_PLACEMENT_3D ( 'NONE', #2865, #39, #3420 ) ;
#485 = LINE ( 'NONE', #1276, #1416 ) ;
#486 = DIRECTION ( 'NONE',  ( -0.4999999999999995004, 0.000000000000000000, 0.8660254037844390407 ) ) ;
#487 = DIRECTION ( 'NONE',  ( 0.000000000000000000, 0.000000000000000000, 1.000000000000000000 ) ) ;
#488 = EDGE_CURVE ( 'NONE', #1139, #507, #1011, .T. ) ;
#489 = ORIENTED_EDGE ( 'NONE', *, *, #1508, .F. ) ;
#490 = VERTEX_POINT ( 'NONE', #2430 ) ;
#491 = VERTEX_POINT ( 'NONE', #1530 ) ;
#492 = CARTESIAN_POINT ( 'NONE',  ( -12.22408882090951288, 1.500000000000000000, 10.82725708595003411 ) ) ;
#493 = DIRECTION ( 'NONE',  ( 0.000000000000000000, 0.000000000000000000, 1.000000000000000000 ) ) ;
#494 = EDGE_CURVE ( 'NONE', #1150, #1631, #1878, .T. ) ;
#495 = ORIENTED_EDGE ( 'NONE', *, *, #903, .F. ) ;
#496 = CARTESIAN_POINT ( 'NONE',  ( -8.749999999999996447, 1.500000000000000000, 16.40544456622768976 ) ) ;
#497 = LINE ( 'NONE', #1087, #3178 ) ;
#498 = ORIENTED_EDGE ( 'NONE', *, *, #601, .F. ) ;
#499 = CARTESIAN_POINT ( 'NONE',  ( -1.707919836748908349, 1.500000000000000000, 7.958203932499114508 ) ) ;
#500 = DIRECTION ( 'NONE',  ( 0.000000000000000000, 1.000000000000000000, -0.000000000000000000 ) ) ;
#501 = CARTESIAN_POINT ( 'NONE',  ( 8.761432854029905570, 1.500000000000000000, -10.17524685028773845 ) ) ;
#502 = DIRECTION ( 'NONE',  ( -0.8660254037844385966, 0.000000000000000000, 0.5000000000000001110 ) ) ;
#503 = VECTOR ( 'NONE', #3156, 1000.000000000000000 ) ;
#504 = CARTESIAN_POINT ( 'NONE',  ( -13.96882180821685360, -1.499999999999999556, -2.869369369369372258 ) ) ;
#505 = EDGE_CURVE ( 'NONE', #2923, #150, #1856, .T. ) ;
#506 = ORIENTED_EDGE ( 'NONE', *, *, #3376, .T. ) ;
#507 = VERTEX_POINT ( 'NONE', #2397 ) ;
#508 = ORIENTED_EDGE ( 'NONE', *, *, #3176, .F. ) ;
#509 = CIRCLE ( 'NONE', #346, 1.249999999999999334 ) ;
#510 = DIRECTION ( 'NONE',  ( 0.000000000000000000, 1.000000000000000000, 0.000000000000000000 ) ) ;
#511 = EDGE_LOOP ( 'NONE', ( #652, #478, #244, #2034 ) ) ;
#512 = DIRECTION ( 'NONE',  ( 0.000000000000000000, 0.000000000000000000, 1.000000000000000000 ) ) ;
#513 = CIRCLE ( 'NONE', #1569, 1.249999999999999334 ) ;
#514 = ORIENTED_EDGE ( 'NONE', *, *, #2808, .F. ) ;
#515 = EDGE_CURVE ( 'NONE', #3534, #1378, #176, .T. ) ;
#516 = VECTOR ( 'NONE', #1776, 1000.000000000000000 ) ;
#517 = CARTESIAN_POINT ( 'NONE',  ( 3.264635279283097713, -1.499999999999999556, 16.99999999999996803 ) ) ;
#518 = DIRECTION ( 'NONE',  ( 0.000000000000000000, 0.000000000000000000, 1.000000000000000000 ) ) ;
#519 = CARTESIAN_POINT ( 'NONE',  ( 0.000000000000000000, -8.500000000000000000, 2.500000000000000444 ) ) ;
#520 = EDGE_CURVE ( 'NONE', #3344, #3510, #3031, .T. ) ;
#521 = DIRECTION ( 'NONE',  ( 0.5000000000000008882, 0.000000000000000000, 0.8660254037844381525 ) ) ;
#522 = CARTESIAN_POINT ( 'NONE',  ( 12.22408882090946136, -1.499999999999999556, 11.82725708595006076 ) ) ;
#523 = VERTEX_POINT ( 'NONE', #3251 ) ;
#524 = CYLINDRICAL_SURFACE ( 'NONE', #1939, 4.550000000000001599 ) ;
#525 = CARTESIAN_POINT ( 'NONE',  ( -9.184850993605148438E-17, 1.500000000000000000, 1.742924699575454705E-16 ) ) ;
#526 = ORIENTED_EDGE ( 'NONE', *, *, #1924, .F. ) ;
#527 = VERTEX_POINT ( 'NONE', #2074 ) ;
#528 = VECTOR ( 'NONE', #23, 1000.000000000000000 ) ;
#529 = EDGE_CURVE ( 'NONE', #334, #2519, #3501, .T. ) ;
#530 = CARTESIAN_POINT ( 'NONE',  ( 13.19273868914366687, -1.499999999999999556, 3.500000000000000888 ) ) ;
#531 = ORIENTED_EDGE ( 'NONE', *, *, #212, .F. ) ;
#532 = DIRECTION ( 'NONE',  ( 0.000000000000000000, 1.000000000000000000, -0.000000000000000000 ) ) ;
#533 = EDGE_LOOP ( 'NONE', ( #483, #215, #333, #389 ) ) ;
#534 = ORIENTED_EDGE ( 'NONE', *, *, #2411, .F. ) ;
#535 = EDGE_CURVE ( 'NONE', #149, #3006, #2680, .T. ) ;
#536 = DIRECTION ( 'NONE',  ( 0.000000000000000000, 1.000000000000000000, -0.000000000000000000 ) ) ;
#537 = CARTESIAN_POINT ( 'NONE',  ( -0.8418944329644685309, 1.500000000000000000, 8.458203932499115396 ) ) ;
#538 = EDGE_CURVE ( 'NONE', #245, #256, #3329, .T. ) ;
#539 = ORIENTED_EDGE ( 'NONE', *, *, #3217, .F. ) ;
#540 = DIRECTION ( 'NONE',  ( 0.000000000000000000, 0.000000000000000000, 1.000000000000000000 ) ) ;
#541 = CIRCLE ( 'NONE', #2343, 4.549999999999998934 ) ;
#542 = LINE ( 'NONE', #2783, #566 ) ;
#543 = EDGE_LOOP ( 'NONE', ( #977, #2319, #3259, #586 ) ) ;
#544 = AXIS2_PLACEMENT_3D ( 'NONE', #124, #1233, #962 ) ;
#545 = DIRECTION ( 'NONE',  ( -0.000000000000000000, -1.000000000000000000, -0.000000000000000000 ) ) ;
#546 = DIRECTION ( 'NONE',  ( -0.8660254037844347108, 0.000000000000000000, -0.5000000000000067724 ) ) ;
#547 = ORIENTED_EDGE ( 'NONE', *, *, #1788, .T. ) ;
#548 = CIRCLE ( 'NONE', #1009, 1.000000000000000888 ) ;
#549 = ORIENTED_EDGE ( 'NONE', *, *, #931, .T. ) ;
#550 = DIRECTION ( 'NONE',  ( -0.5000000000000067724, 0.000000000000000000, 0.8660254037844347108 ) ) ;
#551 = CARTESIAN_POINT ( 'NONE',  ( 0.000000000000000000, 1.500000000000000000, 0.000000000000000000 ) ) ;
#552 = ORIENTED_EDGE ( 'NONE', *, *, #872, .T. ) ;
#553 = CARTESIAN_POINT ( 'NONE',  ( 13.09011422469399122, 1.500000000000000000, -11.32725708595013359 ) ) ;
#554 = AXIS2_PLACEMENT_3D ( 'NONE', #603, #2003, #3413 ) ;
#555 = CARTESIAN_POINT ( 'NONE',  ( -15.85111615421191544, -1.499999999999999556, 4.240717163770646891 ) ) ;
#556 = EDGE_CURVE ( 'NONE', #813, #231, #1816, .T. ) ;
#557 = CARTESIAN_POINT ( 'NONE',  ( -4.431305835109433211, 1.500000000000000000, -12.67524685029160914 ) ) ;
#558 = CYLINDRICAL_SURFACE ( 'NONE', #1324, 1.250000000000001110 ) ;
#559 = VERTEX_POINT ( 'NONE', #1582 ) ;
#560 = DIRECTION ( 'NONE',  ( 0.000000000000000000, 1.000000000000000000, -0.000000000000000000 ) ) ;
#561 = EDGE_CURVE ( 'NONE', #2822, #527, #937, .T. ) ;
#562 = CYLINDRICAL_SURFACE ( 'NONE', #3431, 1.000000000000000888 ) ;
#563 = EDGE_LOOP ( 'NONE', ( #806, #300 ) ) ;
#564 = ORIENTED_EDGE ( 'NONE', *, *, #1395, .F. ) ;
#565 = EDGE_LOOP ( 'NONE', ( #1227, #3044, #993, #2450 ) ) ;
#566 = VECTOR ( 'NONE', #273, 1000.000000000000000 ) ;
#567 = DIRECTION ( 'NONE',  ( 0.000000000000000000, 1.000000000000000000, 0.000000000000000000 ) ) ;
#568 = ORIENTED_EDGE ( 'NONE', *, *, #908, .F. ) ;
#569 = LINE ( 'NONE', #208, #2786 ) ;
#570 = ORIENTED_EDGE ( 'NONE', *, *, #91, .T. ) ;
#571 = AXIS2_PLACEMENT_3D ( 'NONE', #2327, #933, #1506 ) ;
#572 = ORIENTED_EDGE ( 'NONE', *, *, #908, .T. ) ;
#573 = LINE ( 'NONE', #33, #3144 ) ;
#574 = EDGE_LOOP ( 'NONE', ( #31, #267, #2335, #3600 ) ) ;
#575 = CARTESIAN_POINT ( 'NONE',  ( 11.54700538379247732, -1.500000000000000000, -20.00000000000004263 ) ) ;
#576 = AXIS2_PLACEMENT_3D ( 'NONE', #2121, #708, #190 ) ;
#577 = CARTESIAN_POINT ( 'NONE',  ( -13.96882180821687847, 1.500000000000000000, 2.869369369369367817 ) ) ;
#578 = VECTOR ( 'NONE', #3497, 1000.000000000000000 ) ;
#579 = CARTESIAN_POINT ( 'NONE',  ( -0.8418944329644685309, -1.499999999999999556, 8.458203932499115396 ) ) ;
#580 = ADVANCED_FACE ( 'NONE', ( #2108 ), #2630, .T. ) ;
#581 = CARTESIAN_POINT ( 'NONE',  ( 13.19273868914366687, 1.500000000000000000, 3.500000000000000888 ) ) ;
#582 = ORIENTED_EDGE ( 'NONE', *, *, #2117, .T. ) ;
#583 = AXIS2_PLACEMENT_3D ( 'NONE', #1997, #615, #2806 ) ;
#584 = FACE_OUTER_BOUND ( 'NONE', #3581, .T. ) ;
#585 = CARTESIAN_POINT ( 'NONE',  ( -4.499464137394546981, 1.500000000000000000, 13.53203923153626853 ) ) ;
#586 = ORIENTED_EDGE ( 'NONE', *, *, #538, .F. ) ;
#587 = ORIENTED_EDGE ( 'NONE', *, *, #2849, .T. ) ;
#588 = CARTESIAN_POINT ( 'NONE',  ( -9.627458257820350696, 1.500000000000000000, 9.675246850288658607 ) ) ;
#589 = LINE ( 'NONE', #1716, #1696 ) ;
#590 = VECTOR ( 'NONE', #139, 1000.000000000000000 ) ;
#591 = EDGE_CURVE ( 'NONE', #231, #2624, #443, .T. ) ;
#592 = ORIENTED_EDGE ( 'NONE', *, *, #1124, .T. ) ;
#593 = AXIS2_PLACEMENT_3D ( 'NONE', #213, #1325, #2645 ) ;
#594 = CARTESIAN_POINT ( 'NONE',  ( -8.750000000000053291, 1.500000000000000000, -13.90544456622765246 ) ) ;
#595 = DIRECTION ( 'NONE',  ( 0.000000000000000000, 1.000000000000000000, 0.000000000000000000 ) ) ;
#596 = DIRECTION ( 'NONE',  ( -0.4999999999999950595, 0.000000000000000000, -0.8660254037844415942 ) ) ;
#597 = CYLINDRICAL_SURFACE ( 'NONE', #1850, 1.000000000000000444 ) ;
#598 = LINE ( 'NONE', #1513, #2054 ) ;
#599 = DIRECTION ( 'NONE',  ( 0.000000000000000000, 1.000000000000000000, -0.000000000000000000 ) ) ;
#600 = ORIENTED_EDGE ( 'NONE', *, *, #2179, .T. ) ;
#601 = EDGE_CURVE ( 'NONE', #3131, #1142, #1545, .T. ) ;
#602 = ORIENTED_EDGE ( 'NONE', *, *, #3350, .T. ) ;
#603 = CARTESIAN_POINT ( 'NONE',  ( -15.48872410019258616, -1.499999999999999556, -5.172742914049957896 ) ) ;
#604 = EDGE_CURVE ( 'NONE', #274, #2730, #752, .T. ) ;
#605 = CARTESIAN_POINT ( 'NONE',  ( -3.199999999999999734, -1.500000000000000000, 2.399999999999999911 ) ) ;
#606 = VECTOR ( 'NONE', #2880, 1000.000000000000000 ) ;
#607 = DIRECTION ( 'NONE',  ( 0.000000000000000000, 1.000000000000000000, 0.000000000000000000 ) ) ;
#608 = ORIENTED_EDGE ( 'NONE', *, *, #2407, .T. ) ;
#609 = DIRECTION ( 'NONE',  ( 0.000000000000000000, 0.000000000000000000, 1.000000000000000000 ) ) ;
#610 = EDGE_CURVE ( 'NONE', #3594, #3309, #2336, .T. ) ;
#611 = CARTESIAN_POINT ( 'NONE',  ( -9.627458257820350696, -1.499999999999999556, 9.675246850288658607 ) ) ;
#612 = FACE_OUTER_BOUND ( 'NONE', #3285, .T. ) ;
#613 = PLANE ( 'NONE',  #1853 ) ;
#614 = CARTESIAN_POINT ( 'NONE',  ( 11.59812687119611674, 1.500000000000000000, -11.60711068600014784 ) ) ;
#615 = DIRECTION ( 'NONE',  ( 0.000000000000000000, 1.000000000000000000, 0.000000000000000000 ) ) ;
#616 = VERTEX_POINT ( 'NONE', #679 ) ;
#617 = EDGE_LOOP ( 'NONE', ( #2539, #1846, #2002, #2525 ) ) ;
#618 = ORIENTED_EDGE ( 'NONE', *, *, #98, .F. ) ;
#619 = PLANE ( 'NONE',  #1443 ) ;
#620 = EDGE_CURVE ( 'NONE', #405, #669, #1804, .T. ) ;
#621 = CARTESIAN_POINT ( 'NONE',  ( 3.565280431327592758, -8.500000000000000000, 13.17524685028481990 ) ) ;
#622 = ORIENTED_EDGE ( 'NONE', *, *, #1459, .T. ) ;
#623 = ORIENTED_EDGE ( 'NONE', *, *, #2459, .T. ) ;
#624 = DIRECTION ( 'NONE',  ( -0.000000000000000000, 1.000000000000000000, -0.000000000000000000 ) ) ;
#625 = CARTESIAN_POINT ( 'NONE',  ( 11.54700538379275621, 1.500000000000000000, 19.99999999999987566 ) ) ;
#626 = VECTOR ( 'NONE', #754, 1000.000000000000000 ) ;
#627 = CYLINDRICAL_SURFACE ( 'NONE', #137, 1.000000000000000888 ) ;
#628 = DIRECTION ( 'NONE',  ( 0.8660254037844388186, 0.000000000000000000, 0.4999999999999997780 ) ) ;
#629 = AXIS2_PLACEMENT_3D ( 'NONE', #1680, #266, #512 ) ;
#630 = EDGE_CURVE ( 'NONE', #1142, #777, #788, .T. ) ;
#631 = CARTESIAN_POINT ( 'NONE',  ( 1.707919836743731157, -1.499999999999999556, -7.958203932499630540 ) ) ;
#632 = VECTOR ( 'NONE', #2116, 1000.000000000000000 ) ;
#633 = LINE ( 'NONE', #1190, #807 ) ;
#634 = ORIENTED_EDGE ( 'NONE', *, *, #2279, .F. ) ;
#635 = VERTEX_POINT ( 'NONE', #3330 ) ;
#636 = DIRECTION ( 'NONE',  ( -0.000000000000000000, 1.000000000000000000, -0.000000000000000000 ) ) ;
#637 = DIRECTION ( 'NONE',  ( -0.000000000000000000, -1.000000000000000000, -0.000000000000000000 ) ) ;
#638 = VERTEX_POINT ( 'NONE', #3607 ) ;
#639 = VERTEX_POINT ( 'NONE', #2162 ) ;
#640 = EDGE_CURVE ( 'NONE', #1139, #433, #416, .T. ) ;
#641 = DIRECTION ( 'NONE',  ( -0.5000000000000001110, 0.000000000000000000, -0.8660254037844385966 ) ) ;
#642 = CARTESIAN_POINT ( 'NONE',  ( -3.264635279283073288, -1.499999999999999556, -15.99999999999987921 ) ) ;
#643 = EDGE_CURVE ( 'NONE', #1963, #2708, #883, .T. ) ;
#644 = CIRCLE ( 'NONE', #1871, 4.550000000000001599 ) ;
#645 = CARTESIAN_POINT ( 'NONE',  ( 0.7428480290867359725, -1.499999999999999556, 7.463121116910939712 ) ) ;
#646 = CARTESIAN_POINT ( 'NONE',  ( -8.761432854029347794, -8.500000000000000000, -10.17524685028766029 ) ) ;
#647 = ADVANCED_FACE ( 'NONE', ( #3584 ), #769, .F. ) ;
#648 = CIRCLE ( 'NONE', #3202, 7.500000000000001776 ) ;
#649 = DIRECTION ( 'NONE',  ( 1.000000000000000000, 0.000000000000000000, -0.000000000000000000 ) ) ;
#650 = AXIS2_PLACEMENT_3D ( 'NONE', #3482, #689, #3222 ) ;
#651 = FACE_OUTER_BOUND ( 'NONE', #1575, .T. ) ;
#652 = ORIENTED_EDGE ( 'NONE', *, *, #2167, .T. ) ;
#653 = AXIS2_PLACEMENT_3D ( 'NONE', #2829, #2576, #53 ) ;
#654 = DIRECTION ( 'NONE',  ( -0.000000000000000000, 1.000000000000000000, -0.000000000000000000 ) ) ;
#655 = ORIENTED_EDGE ( 'NONE', *, *, #1387, .T. ) ;
#656 = EDGE_LOOP ( 'NONE', ( #568, #85, #418, #2647, #3470, #1417, #1160, #1611, #2186, #687, #1652, #707 ) ) ;
#657 = CARTESIAN_POINT ( 'NONE',  ( 15.85111615421197762, 1.500000000000000000, -4.240717163770688636 ) ) ;
#658 = DIRECTION ( 'NONE',  ( -0.4999999999999950040, 0.000000000000000000, 0.8660254037844414832 ) ) ;
#659 = CARTESIAN_POINT ( 'NONE',  ( 9.469357670820771844, -1.499999999999999556, -10.66266986216881563 ) ) ;
#660 = CARTESIAN_POINT ( 'NONE',  ( -9.184850993605148438E-17, 1.500000000000000000, 7.500000000000001776 ) ) ;
#661 = EDGE_CURVE ( 'NONE', #1142, #2047, #1653, .T. ) ;
#662 = CARTESIAN_POINT ( 'NONE',  ( -4.000000000000000000, 1.500000000000000000, -1.800000000000000044 ) ) ;
#663 = LINE ( 'NONE', #773, #100 ) ;
#664 = ORIENTED_EDGE ( 'NONE', *, *, #440, .T. ) ;
#665 = EDGE_CURVE ( 'NONE', #2216, #2124, #1350, .T. ) ;
#666 = VERTEX_POINT ( 'NONE', #1917 ) ;
#667 = LINE ( 'NONE', #1792, #578 ) ;
#668 = ORIENTED_EDGE ( 'NONE', *, *, #1684, .T. ) ;
#669 = VERTEX_POINT ( 'NONE', #557 ) ;
#670 = EDGE_CURVE ( 'NONE', #3084, #3574, #2277, .T. ) ;
#671 = VECTOR ( 'NONE', #990, 1000.000000000000000 ) ;
#672 = DIRECTION ( 'NONE',  ( -0.000000000000000000, -1.000000000000000000, -0.000000000000000000 ) ) ;
#673 = PRESENTATION_STYLE_ASSIGNMENT (( #2069 ) ) ;
#674 = DIRECTION ( 'NONE',  ( -1.000000000000000000, 0.000000000000000000, 0.000000000000000000 ) ) ;
#675 = AXIS2_PLACEMENT_3D ( 'NONE', #2533, #1667, #2510 ) ;
#676 = DIRECTION ( 'NONE',  ( 0.000000000000000000, 0.000000000000000000, 1.000000000000000000 ) ) ;
#677 = AXIS2_PLACEMENT_3D ( 'NONE', #1818, #750, #2969 ) ;
#678 = ADVANCED_FACE ( 'NONE', ( #294 ), #1407, .T. ) ;
#679 = CARTESIAN_POINT ( 'NONE',  ( 4.431305835112030245, 1.500000000000000000, 12.67524685028481990 ) ) ;
#680 = DIRECTION ( 'NONE',  ( 0.000000000000000000, 0.000000000000000000, 1.000000000000000000 ) ) ;
#681 = ORIENTED_EDGE ( 'NONE', *, *, #2733, .T. ) ;
#682 = VERTEX_POINT ( 'NONE', #1128 ) ;
#683 = CIRCLE ( 'NONE', #1464, 1.000000000000000888 ) ;
#684 = FACE_OUTER_BOUND ( 'NONE', #2902, .T. ) ;
#685 = EDGE_CURVE ( 'NONE', #1352, #843, #1283, .T. ) ;
#686 = AXIS2_PLACEMENT_3D ( 'NONE', #3174, #1237, #680 ) ;
#687 = ORIENTED_EDGE ( 'NONE', *, *, #297, .T. ) ;
#688 = VERTEX_POINT ( 'NONE', #499 ) ;
#689 = DIRECTION ( 'NONE',  ( 0.000000000000000000, 1.000000000000000000, 0.000000000000000000 ) ) ;
#690 = FACE_OUTER_BOUND ( 'NONE', #879, .T. ) ;
#691 = ORIENTED_EDGE ( 'NONE', *, *, #1280, .T. ) ;
#692 = FACE_OUTER_BOUND ( 'NONE', #2741, .T. ) ;
#693 = VECTOR ( 'NONE', #223, 1000.000000000000000 ) ;
#694 = CARTESIAN_POINT ( 'NONE',  ( -16.35474950397699700, 1.500000000000000000, 5.672742914049908158 ) ) ;
#695 = DIRECTION ( 'NONE',  ( 0.000000000000000000, 1.000000000000000000, 0.000000000000000000 ) ) ;
#696 = CARTESIAN_POINT ( 'NONE',  ( -3.264635279283073288, -8.500000000000000000, -16.99999999999987921 ) ) ;
#697 = VECTOR ( 'NONE', #61, 1000.000000000000000 ) ;
#698 = DIRECTION ( 'NONE',  ( 3.455323577095457193E-15, -0.000000000000000000, 1.000000000000000000 ) ) ;
#699 = VERTEX_POINT ( 'NONE', #1935 ) ;
#700 = ORIENTED_EDGE ( 'NONE', *, *, #1115, .T. ) ;
#701 = FACE_OUTER_BOUND ( 'NONE', #2255, .T. ) ;
#702 = CARTESIAN_POINT ( 'NONE',  ( -3.199999999999999734, -1.500000000000000000, -2.399999999999999911 ) ) ;
#703 = EDGE_CURVE ( 'NONE', #2650, #666, #254, .T. ) ;
#704 = ORIENTED_EDGE ( 'NONE', *, *, #1231, .T. ) ;
#705 = ORIENTED_EDGE ( 'NONE', *, *, #1827, .T. ) ;
#706 = CARTESIAN_POINT ( 'NONE',  ( 0.7428480290817266463, -8.500000000000000000, -7.463121116911437092 ) ) ;
#707 = ORIENTED_EDGE ( 'NONE', *, *, #1339, .F. ) ;
#708 = DIRECTION ( 'NONE',  ( 0.000000000000000000, 1.000000000000000000, -0.000000000000000000 ) ) ;
#709 = ADVANCED_FACE ( 'NONE', ( #2196 ), #847, .F. ) ;
#710 = DIRECTION ( 'NONE',  ( -0.000000000000000000, 1.000000000000000000, -0.000000000000000000 ) ) ;
#711 = CARTESIAN_POINT ( 'NONE',  ( 4.431305835109641045, -1.499999999999999556, -12.67524685029108156 ) ) ;
#712 = CIRCLE ( 'NONE', #1665, 1.000000000000002665 ) ;
#713 = CIRCLE ( 'NONE', #2981, 4.550000000000001599 ) ;
#714 = DIRECTION ( 'NONE',  ( 0.000000000000000000, 0.000000000000000000, 1.000000000000000000 ) ) ;
#715 = CARTESIAN_POINT ( 'NONE',  ( 17.50000000000001421, 1.500000000000000000, -1.249999999999996447 ) ) ;
#716 = ORIENTED_EDGE ( 'NONE', *, *, #59, .T. ) ;
#717 = CARTESIAN_POINT ( 'NONE',  ( 0.000000000000000000, 1.500000000000000000, 5.000000000000000000 ) ) ;
#718 = CARTESIAN_POINT ( 'NONE',  ( 11.54700538379275621, 1.500000000000000000, 19.99999999999987566 ) ) ;
#719 = VECTOR ( 'NONE', #2019, 1000.000000000000000 ) ;
#720 = CARTESIAN_POINT ( 'NONE',  ( 6.091828464224791517, -8.500000000000000000, 4.374885822791341639 ) ) ;
#721 = ORIENTED_EDGE ( 'NONE', *, *, #2835, .T. ) ;
#722 = ORIENTED_EDGE ( 'NONE', *, *, #665, .T. ) ;
#723 = ADVANCED_FACE ( 'NONE', ( #1972 ), #3034, .T. ) ;
#724 = VECTOR ( 'NONE', #2658, 1000.000000000000000 ) ;
#725 = CARTESIAN_POINT ( 'NONE',  ( -9.184850993605148438E-17, 1.500000000000000000, 1.742924699575454705E-16 ) ) ;
#726 = DIRECTION ( 'NONE',  ( 0.000000000000000000, 0.000000000000000000, 1.000000000000000000 ) ) ;
#727 = DIRECTION ( 'NONE',  ( -0.000000000000000000, -1.000000000000000000, -0.000000000000000000 ) ) ;
#728 = LINE ( 'NONE', #3507, #2603 ) ;
#729 = ADVANCED_FACE ( 'NONE', ( #3351 ), #2763, .F. ) ;
#730 = AXIS2_PLACEMENT_3D ( 'NONE', #3169, #2106, #411 ) ;
#731 = DIRECTION ( 'NONE',  ( -0.000000000000000000, 1.000000000000000000, -0.000000000000000000 ) ) ;
#732 = CYLINDRICAL_SURFACE ( 'NONE', #105, 1.000000000000000888 ) ;
#733 = ORIENTED_EDGE ( 'NONE', *, *, #953, .T. ) ;
#734 = DIRECTION ( 'NONE',  ( 0.000000000000000000, 1.000000000000000000, 0.000000000000000000 ) ) ;
#735 = CIRCLE ( 'NONE', #863, 1.000000000000000888 ) ;
#736 = EDGE_CURVE ( 'NONE', #3068, #3131, #712, .T. ) ;
#737 = CARTESIAN_POINT ( 'NONE',  ( -4.499464137392565455, -1.499999999999999556, -13.53203923154135246 ) ) ;
#738 = VECTOR ( 'NONE', #18, 1000.000000000000000 ) ;
#739 = CARTESIAN_POINT ( 'NONE',  ( 17.50000000000001421, 1.500000000000000000, 4.853321584273757548E-15 ) ) ;
#740 = DIRECTION ( 'NONE',  ( 0.000000000000000000, 0.000000000000000000, 1.000000000000000000 ) ) ;
#741 = ORIENTED_EDGE ( 'NONE', *, *, #3159, .T. ) ;
#742 = ORIENTED_EDGE ( 'NONE', *, *, #3324, .F. ) ;
#743 = VERTEX_POINT ( 'NONE', #1642 ) ;
#744 = DIRECTION ( 'NONE',  ( 0.000000000000000000, 0.000000000000000000, 1.000000000000000000 ) ) ;
#745 = AXIS2_PLACEMENT_3D ( 'NONE', #525, #1357, #1627 ) ;
#746 = LINE ( 'NONE', #3224, #398 ) ;
#747 = ADVANCED_FACE ( 'NONE', ( #312 ), #1425, .T. ) ;
#748 = ORIENTED_EDGE ( 'NONE', *, *, #878, .T. ) ;
#749 = DIRECTION ( 'NONE',  ( 7.962163080346640843E-17, 0.000000000000000000, 1.000000000000000000 ) ) ;
#750 = DIRECTION ( 'NONE',  ( -0.000000000000000000, 1.000000000000000000, -0.000000000000000000 ) ) ;
#751 = EDGE_CURVE ( 'NONE', #1963, #1810, #834, .T. ) ;
#752 = LINE ( 'NONE', #1876, #308 ) ;
#753 = EDGE_CURVE ( 'NONE', #1624, #449, #2405, .T. ) ;
#754 = DIRECTION ( 'NONE',  ( -0.4999999999999996669, 0.000000000000000000, 0.8660254037844388186 ) ) ;
#755 = ORIENTED_EDGE ( 'NONE', *, *, #2123, .T. ) ;
#756 = VECTOR ( 'NONE', #486, 999.9999999999998863 ) ;
#757 = CIRCLE ( 'NONE', #1182, 1.249999999999997558 ) ;
#758 = DIRECTION ( 'NONE',  ( 0.000000000000000000, 0.000000000000000000, 1.000000000000000000 ) ) ;
#759 = EDGE_CURVE ( 'NONE', #639, #3060, #948, .T. ) ;
#760 = CARTESIAN_POINT ( 'NONE',  ( -1.707919836748908349, -1.499999999999999556, 7.958203932499114508 ) ) ;
#761 = ORIENTED_EDGE ( 'NONE', *, *, #971, .F. ) ;
#762 = VERTEX_POINT ( 'NONE', #1510 ) ;
#763 = DIRECTION ( 'NONE',  ( 0.000000000000000000, 0.000000000000000000, 1.000000000000000000 ) ) ;
#764 = FACE_BOUND ( 'NONE', #1097, .T. ) ;
#765 = VECTOR ( 'NONE', #1126, 1000.000000000000000 ) ;
#766 = ORIENTED_EDGE ( 'NONE', *, *, #103, .F. ) ;
#767 = LINE ( 'NONE', #1892, #3513 ) ;
#768 = DIRECTION ( 'NONE',  ( -0.8660254037844390407, 0.000000000000000000, -0.4999999999999995004 ) ) ;
#769 = CYLINDRICAL_SURFACE ( 'NONE', #2107, 1.000000000000000888 ) ;
#770 = EDGE_CURVE ( 'NONE', #2302, #2387, #2694, .T. ) ;
#771 = CARTESIAN_POINT ( 'NONE',  ( -8.749999999999996447, 1.500000000000000000, 15.15544456622769154 ) ) ;
#772 = ORIENTED_EDGE ( 'NONE', *, *, #123, .F. ) ;
#773 = CARTESIAN_POINT ( 'NONE',  ( 8.750000000000003553, 1.500000000000000000, -13.90544456622767910 ) ) ;
#774 = AXIS2_PLACEMENT_3D ( 'NONE', #426, #2358, #1801 ) ;
#775 = CARTESIAN_POINT ( 'NONE',  ( -13.19273868914366332, -8.500000000000000000, 2.500000000000001332 ) ) ;
#776 = CARTESIAN_POINT ( 'NONE',  ( -12.22408882090951288, 1.500000000000000000, 10.82725708595003411 ) ) ;
#777 = VERTEX_POINT ( 'NONE', #3437 ) ;
#778 = ORIENTED_EDGE ( 'NONE', *, *, #2742, .T. ) ;
#779 = EDGE_CURVE ( 'NONE', #3309, #1714, #89, .T. ) ;
#780 = ORIENTED_EDGE ( 'NONE', *, *, #2883, .F. ) ;
#781 = CARTESIAN_POINT ( 'NONE',  ( -1.707919836743244657, 1.500000000000000000, -7.958203932499678501 ) ) ;
#782 = ORIENTED_EDGE ( 'NONE', *, *, #1235, .T. ) ;
#783 = DIRECTION ( 'NONE',  ( -0.5000000000000067724, 0.000000000000000000, 0.8660254037844347108 ) ) ;
#784 = VERTEX_POINT ( 'NONE', #659 ) ;
#785 = ORIENTED_EDGE ( 'NONE', *, *, #2531, .F. ) ;
#786 = CARTESIAN_POINT ( 'NONE',  ( -2.165063509463149849, -8.500000000000000000, -1.250000000001184164 ) ) ;
#787 = CARTESIAN_POINT ( 'NONE',  ( -2.165063509458653002, -8.500000000000000000, 1.249999999998590239 ) ) ;
#788 = LINE ( 'NONE', #1686, #2001 ) ;
#789 = AXIS2_PLACEMENT_3D ( 'NONE', #2887, #2917, #3492 ) ;
#790 = CARTESIAN_POINT ( 'NONE',  ( -0.7428480290862983226, -8.500000000000000000, 7.463121116910982344 ) ) ;
#791 = EDGE_LOOP ( 'NONE', ( #2511, #1554, #3266, #3253 ) ) ;
#792 = CARTESIAN_POINT ( 'NONE',  ( -8.750000000000053291, 1.500000000000000000, -15.15544456622765246 ) ) ;
#793 = EDGE_CURVE ( 'NONE', #2796, #2322, #1243, .T. ) ;
#794 = ORIENTED_EDGE ( 'NONE', *, *, #2688, .T. ) ;
#795 = DIRECTION ( 'NONE',  ( -0.000000000000000000, 1.000000000000000000, -0.000000000000000000 ) ) ;
#796 = AXIS2_PLACEMENT_3D ( 'NONE', #21, #3567, #3331 ) ;
#797 = FACE_OUTER_BOUND ( 'NONE', #1498, .T. ) ;
#798 = EDGE_LOOP ( 'NONE', ( #3445, #2111, #2212, #634 ) ) ;
#799 = EDGE_CURVE ( 'NONE', #2113, #2221, #1957, .T. ) ;
#800 = ORIENTED_EDGE ( 'NONE', *, *, #4, .T. ) ;
#801 = CARTESIAN_POINT ( 'NONE',  ( -9.184850993605148438E-17, -1.499999999999999556, 1.742924699575454705E-16 ) ) ;
#802 = ADVANCED_FACE ( 'NONE', ( #2041 ), #627, .F. ) ;
#803 = ORIENTED_EDGE ( 'NONE', *, *, #2627, .F. ) ;
#804 = DIRECTION ( 'NONE',  ( 0.000000000000000000, 1.000000000000000000, 0.000000000000000000 ) ) ;
#805 = VECTOR ( 'NONE', #2502, 1000.000000000000000 ) ;
#806 = ORIENTED_EDGE ( 'NONE', *, *, #3601, .T. ) ;
#807 = VECTOR ( 'NONE', #1756, 1000.000000000000000 ) ;
#808 = CARTESIAN_POINT ( 'NONE',  ( 8.750000000000005329, 1.500000000000000000, 15.15544456622768088 ) ) ;
#809 = CARTESIAN_POINT ( 'NONE',  ( 8.750000000000003553, 1.500000000000000000, -15.15544456622767733 ) ) ;
#810 = VERTEX_POINT ( 'NONE', #2596 ) ;
#811 = DIRECTION ( 'NONE',  ( 0.000000000000000000, 0.000000000000000000, 1.000000000000000000 ) ) ;
#812 = DIRECTION ( 'NONE',  ( 0.000000000000000000, 0.000000000000000000, 1.000000000000000000 ) ) ;
#813 = VERTEX_POINT ( 'NONE', #869 ) ;
#814 = CARTESIAN_POINT ( 'NONE',  ( -9.469357670825701234, -8.500000000000000000, 10.66266986216955814 ) ) ;
#815 = DIRECTION ( 'NONE',  ( 0.000000000000000000, 1.000000000000000000, 0.000000000000000000 ) ) ;
#816 = EDGE_LOOP ( 'NONE', ( #2005, #1501, #1520, #3373 ) ) ;
#817 = ORIENTED_EDGE ( 'NONE', *, *, #1903, .F. ) ;
#818 = CIRCLE ( 'NONE', #2512, 1.000000000000002665 ) ;
#819 = ORIENTED_EDGE ( 'NONE', *, *, #349, .F. ) ;
#820 = CARTESIAN_POINT ( 'NONE',  ( 8.750000000000005329, -8.500000000000000000, 15.15544456622768088 ) ) ;
#821 = EDGE_CURVE ( 'NONE', #2755, #1884, #713, .T. ) ;
#822 = FACE_OUTER_BOUND ( 'NONE', #163, .T. ) ;
#823 = AXIS2_PLACEMENT_3D ( 'NONE', #2598, #1220, #649 ) ;
#824 = CIRCLE ( 'NONE', #1821, 1.250000000000001110 ) ;
#825 = VERTEX_POINT ( 'NONE', #1991 ) ;
#826 = CARTESIAN_POINT ( 'NONE',  ( -0.8418944329588047282, 1.500000000000000000, -8.458203932499678501 ) ) ;
#827 = FACE_OUTER_BOUND ( 'NONE', #3072, .T. ) ;
#828 = EDGE_CURVE ( 'NONE', #78, #1355, #377, .T. ) ;
#829 = CARTESIAN_POINT ( 'NONE',  ( 6.904072259454761884, -1.499999999999999556, 4.958203932496853206 ) ) ;
#830 = CARTESIAN_POINT ( 'NONE',  ( 17.50000000000001421, 1.500000000000000000, 4.853321584273757548E-15 ) ) ;
#831 = ORIENTED_EDGE ( 'NONE', *, *, #1141, .T. ) ;
#832 = CARTESIAN_POINT ( 'NONE',  ( -6.091828464221602069, -1.499999999999999556, -4.374885822795779866 ) ) ;
#833 = CARTESIAN_POINT ( 'NONE',  ( 23.09401076758504701, 1.500000000000000000, 0.000000000000000000 ) ) ;
#834 = CIRCLE ( 'NONE', #1306, 7.500000000000003553 ) ;
#835 = ORIENTED_EDGE ( 'NONE', *, *, #529, .F. ) ;
#836 = ORIENTED_EDGE ( 'NONE', *, *, #3269, .T. ) ;
#837 = CIRCLE ( 'NONE', #1430, 1.000000000000000444 ) ;
#838 = DIRECTION ( 'NONE',  ( 0.000000000000000000, 1.000000000000000000, -0.000000000000000000 ) ) ;
#839 = DIRECTION ( 'NONE',  ( 0.000000000000000000, 0.000000000000000000, 1.000000000000000000 ) ) ;
#840 = EDGE_LOOP ( 'NONE', ( #1358, #3137, #2960, #514 ) ) ;
#841 = AXIS2_PLACEMENT_3D ( 'NONE', #771, #1896, #986 ) ;
#842 = EDGE_CURVE ( 'NONE', #2235, #849, #548, .T. ) ;
#843 = VERTEX_POINT ( 'NONE', #645 ) ;
#844 = LINE ( 'NONE', #3066, #1824 ) ;
#845 = PLANE ( 'NONE',  #1799 ) ;
#846 = CIRCLE ( 'NONE', #1441, 7.500000000000001776 ) ;
#847 = CYLINDRICAL_SURFACE ( 'NONE', #2238, 0.9999999999999974465 ) ;
#848 = CARTESIAN_POINT ( 'NONE',  ( 13.19273868914366687, -8.500000000000000000, 3.500000000000000888 ) ) ;
#849 = VERTEX_POINT ( 'NONE', #1768 ) ;
#850 = EDGE_CURVE ( 'NONE', #3594, #3116, #3088, .T. ) ;
#851 = FACE_OUTER_BOUND ( 'NONE', #1157, .T. ) ;
#852 = FACE_OUTER_BOUND ( 'NONE', #1422, .T. ) ;
#853 = ADVANCED_FACE ( 'NONE', ( #393 ), #1148, .F. ) ;
#854 = EDGE_LOOP ( 'NONE', ( #622, #1657, #1980, #2985 ) ) ;
#855 = EDGE_LOOP ( 'NONE', ( #2460, #785, #3411, #3591 ) ) ;
#856 = AXIS2_PLACEMENT_3D ( 'NONE', #2102, #2390, #1781 ) ;
#857 = AXIS2_PLACEMENT_3D ( 'NONE', #1259, #1797, #2373 ) ;
#858 = ORIENTED_EDGE ( 'NONE', *, *, #2057, .T. ) ;
#859 = VECTOR ( 'NONE', #1305, 1000.000000000000000 ) ;
#860 = DIRECTION ( 'NONE',  ( 0.8660254037844347108, 0.000000000000000000, -0.5000000000000068834 ) ) ;
#861 = DIRECTION ( 'NONE',  ( 0.000000000000000000, 0.000000000000000000, 1.000000000000000000 ) ) ;
#862 = AXIS2_PLACEMENT_3D ( 'NONE', #3546, #178, #1822 ) ;
#863 = AXIS2_PLACEMENT_3D ( 'NONE', #2449, #2486, #2237 ) ;
#864 = EDGE_LOOP ( 'NONE', ( #755, #2227, #356, #2021 ) ) ;
#865 = DIRECTION ( 'NONE',  ( 0.000000000000000000, 1.000000000000000000, -0.000000000000000000 ) ) ;
#866 = VECTOR ( 'NONE', #654, 1000.000000000000000 ) ;
#867 = DIRECTION ( 'NONE',  ( -0.000000000000000000, 1.000000000000000000, -0.000000000000000000 ) ) ;
#868 = CIRCLE ( 'NONE', #1571, 1.000000000000001776 ) ;
#869 = CARTESIAN_POINT ( 'NONE',  ( -6.834676493307209277, -1.499999999999999556, 3.088235294117645857 ) ) ;
#870 = CARTESIAN_POINT ( 'NONE',  ( 8.750000000000007105, 1.500000000000000000, -15.15544456622769331 ) ) ;
#871 = ORIENTED_EDGE ( 'NONE', *, *, #620, .F. ) ;
#872 = EDGE_CURVE ( 'NONE', #1328, #1180, #1185, .T. ) ;
#873 = AXIS2_PLACEMENT_3D ( 'NONE', #1726, #1413, #366 ) ;
#874 = EDGE_CURVE ( 'NONE', #2796, #3490, #1722, .T. ) ;
#875 = CARTESIAN_POINT ( 'NONE',  ( -2.165063509458655222, -1.500000000000000000, 1.249999999998590905 ) ) ;
#876 = DIRECTION ( 'NONE',  ( -0.000000000000000000, 1.000000000000000000, -0.000000000000000000 ) ) ;
#877 = ORIENTED_EDGE ( 'NONE', *, *, #2053, .T. ) ;
#878 = EDGE_CURVE ( 'NONE', #843, #2100, #329, .T. ) ;
#879 = EDGE_LOOP ( 'NONE', ( #184, #307, #1897, #3560 ) ) ;
#880 = FACE_BOUND ( 'NONE', #1058, .T. ) ;
#881 = DIRECTION ( 'NONE',  ( 0.000000000000000000, 1.000000000000000000, 0.000000000000000000 ) ) ;
#882 = ORIENTED_EDGE ( 'NONE', *, *, #2615, .T. ) ;
#883 = CIRCLE ( 'NONE', #2907, 0.9999999999999991118 ) ;
#884 = CARTESIAN_POINT ( 'NONE',  ( -3.199999999999999734, 1.500000000000000000, -2.399999999999999911 ) ) ;
#885 = PLANE ( 'NONE',  #571 ) ;
#886 = DIRECTION ( 'NONE',  ( 1.000000000000000000, 0.000000000000000000, 0.000000000000000000 ) ) ;
#887 = CARTESIAN_POINT ( 'NONE',  ( 14.72243186433557938, 1.500000000000000000, -8.499999999999959144 ) ) ;
#888 = DIRECTION ( 'NONE',  ( 0.000000000000000000, 0.000000000000000000, 1.000000000000000000 ) ) ;
#889 = ADVANCED_FACE ( 'NONE', ( #612 ), #2088, .F. ) ;
#890 = DIRECTION ( 'NONE',  ( 0.000000000000000000, 0.000000000000000000, 1.000000000000000000 ) ) ;
#891 = CARTESIAN_POINT ( 'NONE',  ( 15.85111615421192255, -1.499999999999999556, 4.240717163770654885 ) ) ;
#892 = ORIENTED_EDGE ( 'NONE', *, *, #2909, .T. ) ;
#893 = VERTEX_POINT ( 'NONE', #2395 ) ;
#894 = DIRECTION ( 'NONE',  ( 0.4999999999999944489, 0.000000000000000000, 0.8660254037844418162 ) ) ;
#895 = CARTESIAN_POINT ( 'NONE',  ( 0.000000000000000000, -1.500000000000000000, 0.000000000000000000 ) ) ;
#896 = VECTOR ( 'NONE', #1303, 1000.000000000000000 ) ;
#897 = EDGE_CURVE ( 'NONE', #1399, #1712, #3506, .T. ) ;
#898 = CIRCLE ( 'NONE', #2921, 4.549999999999999822 ) ;
#899 = ORIENTED_EDGE ( 'NONE', *, *, #2357, .F. ) ;
#900 = CYLINDRICAL_SURFACE ( 'NONE', #25, 1.000000000000002665 ) ;
#901 = CIRCLE ( 'NONE', #142, 1.249999999999999334 ) ;
#902 = DIRECTION ( 'NONE',  ( 0.000000000000000000, 0.000000000000000000, 1.000000000000000000 ) ) ;
#903 = EDGE_CURVE ( 'NONE', #1931, #1155, #2241, .T. ) ;
#904 = DIRECTION ( 'NONE',  ( 0.000000000000000000, 0.000000000000000000, 1.000000000000000000 ) ) ;
#905 = DIRECTION ( 'NONE',  ( 0.000000000000000000, 1.000000000000000000, 0.000000000000000000 ) ) ;
#906 = LINE ( 'NONE', #2013, #2284 ) ;
#907 = CARTESIAN_POINT ( 'NONE',  ( -12.22408882090944182, 1.500000000000000000, -10.82725708595006431 ) ) ;
#908 = EDGE_CURVE ( 'NONE', #2656, #1636, #3576, .T. ) ;
#909 = ORIENTED_EDGE ( 'NONE', *, *, #186, .F. ) ;
#910 = ORIENTED_EDGE ( 'NONE', *, *, #2845, .F. ) ;
#911 = DIRECTION ( 'NONE',  ( 0.000000000000000000, 0.000000000000000000, 1.000000000000000000 ) ) ;
#912 = DIRECTION ( 'NONE',  ( -0.000000000000000000, 1.000000000000000000, -0.000000000000000000 ) ) ;
#913 = ADVANCED_FACE ( 'NONE', ( #3228 ), #2642, .F. ) ;
#914 = EDGE_CURVE ( 'NONE', #1352, #2215, #153, .T. ) ;
#915 = DIRECTION ( 'NONE',  ( -0.000000000000000000, 1.000000000000000000, -0.000000000000000000 ) ) ;
#916 = CARTESIAN_POINT ( 'NONE',  ( -11.54700538379233699, 1.500000000000000000, 20.00000000000011724 ) ) ;
#917 = DIRECTION ( 'NONE',  ( 0.000000000000000000, 0.000000000000000000, 1.000000000000000000 ) ) ;
#918 = VECTOR ( 'NONE', #2314, 1000.000000000000000 ) ;
#919 = AXIS2_PLACEMENT_3D ( 'NONE', #787, #1346, #1127 ) ;
#920 = DIRECTION ( 'NONE',  ( 0.000000000000000000, 1.000000000000000000, -0.000000000000000000 ) ) ;
#921 = CARTESIAN_POINT ( 'NONE',  ( 2.165063509459046021, 1.500000000000000000, 1.249999999998814948 ) ) ;
#922 = VECTOR ( 'NONE', #912, 1000.000000000000000 ) ;
#923 = CYLINDRICAL_SURFACE ( 'NONE', #1648, 4.550000000000001599 ) ;
#924 = VECTOR ( 'NONE', #2478, 1000.000000000000000 ) ;
#925 = DIRECTION ( 'NONE',  ( 0.000000000000000000, 1.000000000000000000, 0.000000000000000000 ) ) ;
#926 = VERTEX_POINT ( 'NONE', #2930 ) ;
#927 = ORIENTED_EDGE ( 'NONE', *, *, #275, .T. ) ;
#928 = FACE_OUTER_BOUND ( 'NONE', #26, .T. ) ;
#929 = ORIENTED_EDGE ( 'NONE', *, *, #207, .F. ) ;
#930 = DIRECTION ( 'NONE',  ( 0.000000000000000000, 0.000000000000000000, 1.000000000000000000 ) ) ;
#931 = EDGE_CURVE ( 'NONE', #1475, #143, #32, .T. ) ;
#932 = LINE ( 'NONE', #575, #2294 ) ;
#933 = DIRECTION ( 'NONE',  ( 7.962163080346676589E-17, 0.000000000000000000, 1.000000000000000000 ) ) ;
#934 = CIRCLE ( 'NONE', #249, 7.500000000000001776 ) ;
#935 = DIRECTION ( 'NONE',  ( -0.000000000000000000, 1.000000000000000000, -0.000000000000000000 ) ) ;
#936 = DIRECTION ( 'NONE',  ( 0.000000000000000000, 1.000000000000000000, -0.000000000000000000 ) ) ;
#937 = CIRCLE ( 'NONE', #185, 7.500000000000001776 ) ;
#938 = EDGE_CURVE ( 'NONE', #1654, #682, #1890, .T. ) ;
#939 = APPLICATION_CONTEXT ( 'automotive_design' ) ;
#940 = LINE ( 'NONE', #3128, #697 ) ;
#941 = CARTESIAN_POINT ( 'NONE',  ( 6.834676493307208389, -8.500000000000000000, 3.088235294117648522 ) ) ;
#942 = ORIENTED_EDGE ( 'NONE', *, *, #1602, .T. ) ;
#943 = CARTESIAN_POINT ( 'NONE',  ( -2.165063509463149849, 1.500000000000000000, -1.250000000001184164 ) ) ;
#944 = ORIENTED_EDGE ( 'NONE', *, *, #3205, .T. ) ;
#945 = ORIENTED_EDGE ( 'NONE', *, *, #1141, .F. ) ;
#946 = DIRECTION ( 'NONE',  ( 0.000000000000000000, 0.000000000000000000, 1.000000000000000000 ) ) ;
#947 = EDGE_CURVE ( 'NONE', #1847, #268, #191, .T. ) ;
#948 = CIRCLE ( 'NONE', #324, 1.249999999999999334 ) ;
#949 = DIRECTION ( 'NONE',  ( 0.000000000000000000, 0.000000000000000000, 1.000000000000000000 ) ) ;
#950 = DIRECTION ( 'NONE',  ( -0.000000000000000000, 1.000000000000000000, -0.000000000000000000 ) ) ;
#951 = ADVANCED_BREP_SHAPE_REPRESENTATION ( 'shaft plate top', ( #2581, #1912 ), #3125 ) ;
#952 = CARTESIAN_POINT ( 'NONE',  ( 16.35474950397700056, -8.500000000000000000, 5.672742914049922369 ) ) ;
#953 = EDGE_CURVE ( 'NONE', #2732, #3344, #1579, .T. ) ;
#954 = FACE_OUTER_BOUND ( 'NONE', #1238, .T. ) ;
#955 = ORIENTED_EDGE ( 'NONE', *, *, #1522, .T. ) ;
#956 = ORIENTED_EDGE ( 'NONE', *, *, #2791, .T. ) ;
#957 = CARTESIAN_POINT ( 'NONE',  ( -13.19273868914363312, -1.499999999999999556, -2.499999999999999112 ) ) ;
#958 = EDGE_LOOP ( 'NONE', ( #1272, #3036, #250, #2618 ) ) ;
#959 = ORIENTED_EDGE ( 'NONE', *, *, #1944, .T. ) ;
#960 = FACE_OUTER_BOUND ( 'NONE', #998, .T. ) ;
#961 = DIRECTION ( 'NONE',  ( 0.000000000000000000, 0.000000000000000000, 1.000000000000000000 ) ) ;
#962 = DIRECTION ( 'NONE',  ( 0.000000000000000000, 0.000000000000000000, 1.000000000000000000 ) ) ;
#963 = VECTOR ( 'NONE', #1687, 1000.000000000000000 ) ;
#964 = CARTESIAN_POINT ( 'NONE',  ( 2.165063509463538871, -8.500000000000000000, -1.250000000001410649 ) ) ;
#965 = VECTOR ( 'NONE', #1990, 1000.000000000000000 ) ;
#966 = DIRECTION ( 'NONE',  ( 0.000000000000000000, 1.000000000000000000, 0.000000000000000000 ) ) ;
#967 = CYLINDRICAL_SURFACE ( 'NONE', #841, 1.249999999999999334 ) ;
#968 = VECTOR ( 'NONE', #2050, 1000.000000000000000 ) ;
#969 = ORIENTED_EDGE ( 'NONE', *, *, #2023, .T. ) ;
#970 = DIRECTION ( 'NONE',  ( 0.000000000000000000, 1.000000000000000000, -0.000000000000000000 ) ) ;
#971 = EDGE_CURVE ( 'NONE', #777, #3272, #1197, .T. ) ;
#972 = ORIENTED_EDGE ( 'NONE', *, *, #1775, .T. ) ;
#973 = FACE_OUTER_BOUND ( 'NONE', #2269, .T. ) ;
#974 = CARTESIAN_POINT ( 'NONE',  ( -17.50000000000000000, 1.500000000000000000, 1.769808360342463528E-14 ) ) ;
#975 = ORIENTED_EDGE ( 'NONE', *, *, #370, .F. ) ;
#976 = EDGE_CURVE ( 'NONE', #306, #2393, #2582, .T. ) ;
#977 = ORIENTED_EDGE ( 'NONE', *, *, #1314, .F. ) ;
#978 = CARTESIAN_POINT ( 'NONE',  ( 11.59812687119604391, 1.500000000000000000, 11.60711068600008034 ) ) ;
#979 =( NAMED_UNIT ( * ) SI_UNIT ( $, .STERADIAN. ) SOLID_ANGLE_UNIT ( ) );
#980 = CARTESIAN_POINT ( 'NONE',  ( 1.707919836743731157, -8.500000000000000000, -7.958203932499630540 ) ) ;
#981 = CIRCLE ( 'NONE', #2901, 1.000000000000000888 ) ;
#982 = DIRECTION ( 'NONE',  ( 0.000000000000000000, 1.000000000000000000, -0.000000000000000000 ) ) ;
#983 = CLOSED_SHELL ( 'NONE', ( #3275, #3302, #120, #2567, #2825, #1932, #889, #1500, #2149, #3383, #1886, #2307, #3548, #2679, #1754, #2516, #1948, #3396, #3046, #1633, #2099, #2706, #913, #1955, #1446, #1794, #2648, #3172, #2939, #1880, #2831, #1021, #709, #3196, #1023, #580, #2211, #1207, #3389, #747, #2782, #2454, #1806, #2474, #2349, #412, #3566, #1171, #177, #467, #1193, #2231, #1727, #156, #152, #303, #3451, #1252, #2285, #2579, #3226, #1002, #1910, #678, #3436, #3564, #1819, #2421, #2584, #2572, #317, #261, #2949, #271, #1874, #729, #1977, #723, #474, #1484, #341, #425, #2061, #1403, #802, #2361, #1249, #251, #2971, #2297, #2872, #2321, #2984, #1273, #647, #1858, #2017, #1164, #853, #2091, #1480, #3073, #1591 ) ) ;
#984 = LINE ( 'NONE', #3210, #3261 ) ;
#985 = CARTESIAN_POINT ( 'NONE',  ( -9.184850993605148438E-17, -1.499999999999999556, 1.742924699575454705E-16 ) ) ;
#986 = DIRECTION ( 'NONE',  ( 0.000000000000000000, 0.000000000000000000, -1.000000000000000000 ) ) ;
#987 = ORIENTED_EDGE ( 'NONE', *, *, #3572, .T. ) ;
#988 = AXIS2_PLACEMENT_3D ( 'NONE', #2665, #966, #3487 ) ;
#989 = ORIENTED_EDGE ( 'NONE', *, *, #770, .T. ) ;
#990 = DIRECTION ( 'NONE',  ( -0.000000000000000000, -1.000000000000000000, -0.000000000000000000 ) ) ;
#991 = ORIENTED_EDGE ( 'NONE', *, *, #2254, .F. ) ;
#992 = EDGE_CURVE ( 'NONE', #3344, #1060, #2462, .T. ) ;
#993 = ORIENTED_EDGE ( 'NONE', *, *, #385, .F. ) ;
#994 = CIRCLE ( 'NONE', #650, 4.549999999999997158 ) ;
#995 = DIRECTION ( 'NONE',  ( -0.000000000000000000, 1.000000000000000000, -0.000000000000000000 ) ) ;
#996 = CARTESIAN_POINT ( 'NONE',  ( 11.54700538379247732, 1.500000000000000000, -20.00000000000004263 ) ) ;
#997 = EDGE_LOOP ( 'NONE', ( #3239, #3014 ) ) ;
#998 = EDGE_LOOP ( 'NONE', ( #2809, #2933, #2204, #1851 ) ) ;
#999 = ORIENTED_EDGE ( 'NONE', *, *, #2587, .F. ) ;
#1000 = VECTOR ( 'NONE', #1345, 1000.000000000000000 ) ;
#1001 = CARTESIAN_POINT ( 'NONE',  ( -4.000000000000000000, -1.500000000000000000, 0.000000000000000000 ) ) ;
#1002 = ADVANCED_FACE ( 'NONE', ( #692 ), #2628, .F. ) ;
#1003 = CIRCLE ( 'NONE', #1949, 1.000000000000000888 ) ;
#1004 =( LENGTH_UNIT ( ) NAMED_UNIT ( * ) SI_UNIT ( .MILLI., .METRE. ) );
#1005 = AXIS2_PLACEMENT_3D ( 'NONE', #2739, #2448, #1405 ) ;
#1006 = CARTESIAN_POINT ( 'NONE',  ( 14.72243186433557938, -1.500000000000000000, -8.499999999999959144 ) ) ;
#1007 = DIRECTION ( 'NONE',  ( -0.000000000000000000, 1.000000000000000000, -0.000000000000000000 ) ) ;
#1008 = PRODUCT_DEFINITION ( 'UNKNOWN', '', #49, #3392 ) ;
#1009 = AXIS2_PLACEMENT_3D ( 'NONE', #104, #2059, #3155 ) ;
#1010 = AXIS2_PLACEMENT_3D ( 'NONE', #210, #2159, #3348 ) ;
#1011 = LINE ( 'NONE', #2379, #2570 ) ;
#1012 = DIRECTION ( 'NONE',  ( 0.000000000000000000, -0.000000000000000000, 1.000000000000000000 ) ) ;
#1013 = ORIENTED_EDGE ( 'NONE', *, *, #2524, .T. ) ;
#1014 = VERTEX_POINT ( 'NONE', #2897 ) ;
#1015 = DIRECTION ( 'NONE',  ( 0.000000000000000000, 1.000000000000000000, 0.000000000000000000 ) ) ;
#1016 = CIRCLE ( 'NONE', #1604, 1.249999999999997558 ) ;
#1017 = DIRECTION ( 'NONE',  ( 0.000000000000000000, 0.000000000000000000, 1.000000000000000000 ) ) ;
#1018 = ORIENTED_EDGE ( 'NONE', *, *, #1177, .F. ) ;
#1019 = EDGE_LOOP ( 'NONE', ( #2189, #1521, #2977, #2761 ) ) ;
#1020 = CYLINDRICAL_SURFACE ( 'NONE', #1502, 1.249999999999999334 ) ;
#1021 = ADVANCED_FACE ( 'NONE', ( #3484 ), #1872, .T. ) ;
#1022 = SURFACE_STYLE_FILL_AREA ( #1282 ) ;
#1023 = ADVANCED_FACE ( 'NONE', ( #479 ), #2613, .F. ) ;
#1024 = ORIENTED_EDGE ( 'NONE', *, *, #529, .T. ) ;
#1025 = CARTESIAN_POINT ( 'NONE',  ( -3.565280431327402244, 1.500000000000000000, 13.17524685028541320 ) ) ;
#1026 = CARTESIAN_POINT ( 'NONE',  ( 3.264635279283078617, 1.500000000000000000, -16.99999999999987921 ) ) ;
#1027 = AXIS2_PLACEMENT_3D ( 'NONE', #395, #1479, #3421 ) ;
#1028 = DIRECTION ( 'NONE',  ( -0.000000000000000000, 1.000000000000000000, -0.000000000000000000 ) ) ;
#1029 = CARTESIAN_POINT ( 'NONE',  ( 2.165063509459046021, -1.500000000000000000, 1.249999999998814948 ) ) ;
#1030 = ORIENTED_EDGE ( 'NONE', *, *, #1684, .F. ) ;
#1031 = DIRECTION ( 'NONE',  ( 0.000000000000000000, 0.000000000000000000, -1.000000000000000000 ) ) ;
#1032 = AXIS2_PLACEMENT_3D ( 'NONE', #2848, #3387, #328 ) ;
#1033 = DIRECTION ( 'NONE',  ( 0.000000000000000000, 1.000000000000000000, -0.000000000000000000 ) ) ;
#1034 = VECTOR ( 'NONE', #3399, 1000.000000000000000 ) ;
#1035 = DIRECTION ( 'NONE',  ( 0.000000000000000000, 1.000000000000000000, 0.000000000000000000 ) ) ;
#1036 = ORIENTED_EDGE ( 'NONE', *, *, #2954, .T. ) ;
#1037 = ORIENTED_EDGE ( 'NONE', *, *, #1527, .T. ) ;
#1038 = AXIS2_PLACEMENT_3D ( 'NONE', #702, #2369, #3218 ) ;
#1039 = VERTEX_POINT ( 'NONE', #1817 ) ;
#1040 = CARTESIAN_POINT ( 'NONE',  ( 3.264635279283078617, -8.500000000000000000, -16.99999999999987921 ) ) ;
#1041 = CIRCLE ( 'NONE', #686, 1.000000000000000888 ) ;
#1042 = FACE_BOUND ( 'NONE', #1795, .T. ) ;
#1043 = EDGE_CURVE ( 'NONE', #449, #119, #2376, .T. ) ;
#1044 = DIRECTION ( 'NONE',  ( 0.000000000000000000, 1.000000000000000000, -0.000000000000000000 ) ) ;
#1045 = DIRECTION ( 'NONE',  ( 0.000000000000000000, 0.000000000000000000, 1.000000000000000000 ) ) ;
#1046 = CARTESIAN_POINT ( 'NONE',  ( -3.565280431327402244, -1.499999999999999556, 13.17524685028541320 ) ) ;
#1047 = CARTESIAN_POINT ( 'NONE',  ( 7.745966692414836707, -1.499999999999999556, 3.500000000000000888 ) ) ;
#1048 = ORIENTED_EDGE ( 'NONE', *, *, #1936, .F. ) ;
#1049 = EDGE_CURVE ( 'NONE', #1344, #3192, #1003, .T. ) ;
#1050 = SURFACE_STYLE_FILL_AREA ( #3511 ) ;
#1051 = VECTOR ( 'NONE', #1535, 1000.000000000000000 ) ;
#1052 = ORIENTED_EDGE ( 'NONE', *, *, #640, .F. ) ;
#1053 = CIRCLE ( 'NONE', #2623, 1.250000000000001110 ) ;
#1054 = CARTESIAN_POINT ( 'NONE',  ( 0.8418944329592915610, -8.500000000000000000, -8.458203932499628763 ) ) ;
#1055 = CARTESIAN_POINT ( 'NONE',  ( -13.96882180821687847, -1.499999999999999556, 2.869369369369367817 ) ) ;
#1056 = EDGE_CURVE ( 'NONE', #2365, #2480, #2016, .T. ) ;
#1057 = ORIENTED_EDGE ( 'NONE', *, *, #2317, .F. ) ;
#1058 = EDGE_LOOP ( 'NONE', ( #2188, #2505, #205, #2350, #1123, #1013, #2370, #288, #2823, #2873, #41, #221, #1359, #3319 ) ) ;
#1059 = ORIENTED_EDGE ( 'NONE', *, *, #3032, .F. ) ;
#1060 = VERTEX_POINT ( 'NONE', #2485 ) ;
#1061 = FACE_OUTER_BOUND ( 'NONE', #3132, .T. ) ;
#1062 = ORIENTED_EDGE ( 'NONE', *, *, #665, .F. ) ;
#1063 = CARTESIAN_POINT ( 'NONE',  ( -0.8418944329588047282, -1.499999999999999556, -8.458203932499678501 ) ) ;
#1064 = ORIENTED_EDGE ( 'NONE', *, *, #3245, .F. ) ;
#1065 = ORIENTED_EDGE ( 'NONE', *, *, #3454, .F. ) ;
#1066 = CYLINDRICAL_SURFACE ( 'NONE', #323, 1.000000000000001776 ) ;
#1067 = LINE ( 'NONE', #1705, #2086 ) ;
#1068 = EDGE_CURVE ( 'NONE', #1651, #616, #290, .T. ) ;
#1069 = ORIENTED_EDGE ( 'NONE', *, *, #3159, .F. ) ;
#1070 = CARTESIAN_POINT ( 'NONE',  ( 17.50000000000001776, -8.500000000000000000, -5.650474260863225751E-15 ) ) ;
#1071 = CARTESIAN_POINT ( 'NONE',  ( -6.904072259451150551, 1.500000000000000000, -4.958203932501882960 ) ) ;
#1072 = ORIENTED_EDGE ( 'NONE', *, *, #3454, .T. ) ;
#1073 = CARTESIAN_POINT ( 'NONE',  ( 13.96882180821687491, -1.499999999999999556, -2.869369369369369593 ) ) ;
#1074 = EDGE_CURVE ( 'NONE', #784, #1590, #1240, .T. ) ;
#1075 = DIRECTION ( 'NONE',  ( -0.000000000000000000, 1.000000000000000000, -0.000000000000000000 ) ) ;
#1076 = DIRECTION ( 'NONE',  ( 0.000000000000000000, 1.000000000000000000, 0.000000000000000000 ) ) ;
#1077 = EDGE_LOOP ( 'NONE', ( #2943, #582, #2839, #835 ) ) ;
#1078 = EDGE_LOOP ( 'NONE', ( #1414, #2173, #975, #220 ) ) ;
#1079 = ORIENTED_EDGE ( 'NONE', *, *, #3107, .F. ) ;
#1080 = DIRECTION ( 'NONE',  ( 0.000000000000000000, 0.000000000000000000, 1.000000000000000000 ) ) ;
#1081 = ORIENTED_EDGE ( 'NONE', *, *, #1771, .T. ) ;
#1082 = CARTESIAN_POINT ( 'NONE',  ( 13.19273868914365799, 1.500000000000000000, -2.500000000000000444 ) ) ;
#1083 = ORIENTED_EDGE ( 'NONE', *, *, #914, .F. ) ;
#1084 = VECTOR ( 'NONE', #2639, 1000.000000000000000 ) ;
#1085 = ORIENTED_EDGE ( 'NONE', *, *, #2076, .F. ) ;
#1086 = DIRECTION ( 'NONE',  ( 0.000000000000000000, 1.000000000000000000, 0.000000000000000000 ) ) ;
#1087 = CARTESIAN_POINT ( 'NONE',  ( 4.499464137394695307, -8.500000000000000000, 13.53203923153578714 ) ) ;
#1088 = EDGE_LOOP ( 'NONE', ( #969, #2828, #1757, #1338 ) ) ;
#1089 = CARTESIAN_POINT ( 'NONE',  ( 0.8418944329649671321, -1.499999999999999556, 8.458203932499065658 ) ) ;
#1090 = CIRCLE ( 'NONE', #1152, 1.000000000000000888 ) ;
#1091 = CARTESIAN_POINT ( 'NONE',  ( 4.431305835109641045, 1.500000000000000000, -12.67524685029108156 ) ) ;
#1092 = EDGE_LOOP ( 'NONE', ( #1793, #1688, #3493, #1404 ) ) ;
#1093 = EDGE_CURVE ( 'NONE', #2757, #1470, #844, .T. ) ;
#1094 = DIRECTION ( 'NONE',  ( 0.000000000000000000, 0.000000000000000000, 1.000000000000000000 ) ) ;
#1095 = VECTOR ( 'NONE', #1351, 1000.000000000000000 ) ;
#1096 = DIRECTION ( 'NONE',  ( 0.000000000000000000, 0.000000000000000000, 1.000000000000000000 ) ) ;
#1097 = EDGE_LOOP ( 'NONE', ( #2937, #2473 ) ) ;
#1098 = EDGE_LOOP ( 'NONE', ( #167, #572, #2006, #3256 ) ) ;
#1099 = VERTEX_POINT ( 'NONE', #2506 ) ;
#1100 = VECTOR ( 'NONE', #1490, 1000.000000000000114 ) ;
#1101 = CYLINDRICAL_SURFACE ( 'NONE', #1175, 1.250000000000001110 ) ;
#1102 = EDGE_LOOP ( 'NONE', ( #547, #3379, #2266, #3165 ) ) ;
#1103 = FACE_BOUND ( 'NONE', #2381, .T. ) ;
#1104 = EDGE_CURVE ( 'NONE', #113, #464, #541, .T. ) ;
#1105 = AXIS2_PLACEMENT_3D ( 'NONE', #605, #3083, #84 ) ;
#1106 = VECTOR ( 'NONE', #2635, 1000.000000000000000 ) ;
#1107 = ORIENTED_EDGE ( 'NONE', *, *, #2503, .F. ) ;
#1108 = LINE ( 'NONE', #3582, #1000 ) ;
#1109 = DIRECTION ( 'NONE',  ( 0.4999999999999944489, 0.000000000000000000, 0.8660254037844418162 ) ) ;
#1110 = CARTESIAN_POINT ( 'NONE',  ( 3.264635279283097713, -1.499999999999999556, 15.99999999999996625 ) ) ;
#1111 = PLANE ( 'NONE',  #287 ) ;
#1112 = ORIENTED_EDGE ( 'NONE', *, *, #2187, .F. ) ;
#1113 = CARTESIAN_POINT ( 'NONE',  ( 8.750000000000005329, -1.500000000000000000, 13.90544456622769154 ) ) ;
#1114 = CARTESIAN_POINT ( 'NONE',  ( 12.22408882090946136, 1.500000000000000000, 10.82725708595005720 ) ) ;
#1115 = EDGE_CURVE ( 'NONE', #784, #491, #3286, .T. ) ;
#1116 = ORIENTED_EDGE ( 'NONE', *, *, #1186, .F. ) ;
#1117 = ORIENTED_EDGE ( 'NONE', *, *, #2852, .F. ) ;
#1118 = CIRCLE ( 'NONE', #2051, 1.000000000000000888 ) ;
#1119 = ORIENTED_EDGE ( 'NONE', *, *, #3154, .F. ) ;
#1120 = FACE_BOUND ( 'NONE', #1962, .T. ) ;
#1121 = FACE_OUTER_BOUND ( 'NONE', #1485, .T. ) ;
#1122 = AXIS2_PLACEMENT_3D ( 'NONE', #1565, #1028, #714 ) ;
#1123 = ORIENTED_EDGE ( 'NONE', *, *, #3254, .T. ) ;
#1124 = EDGE_CURVE ( 'NONE', #1039, #353, #1108, .T. ) ;
#1125 = ORIENTED_EDGE ( 'NONE', *, *, #385, .T. ) ;
#1126 = DIRECTION ( 'NONE',  ( -0.000000000000000000, 1.000000000000000000, -0.000000000000000000 ) ) ;
#1127 = DIRECTION ( 'NONE',  ( -0.5000000000000003331, 0.000000000000000000, -0.8660254037844383745 ) ) ;
#1128 = CARTESIAN_POINT ( 'NONE',  ( 6.091828464221856088, 1.500000000000000000, -4.374885822795427259 ) ) ;
#1129 = DIRECTION ( 'NONE',  ( 0.000000000000000000, 0.000000000000000000, -1.000000000000000000 ) ) ;
#1130 = ORIENTED_EDGE ( 'NONE', *, *, #2167, .F. ) ;
#1131 = CARTESIAN_POINT ( 'NONE',  ( 0.000000000000000000, -1.500000000000000000, 5.000000000000000000 ) ) ;
#1132 = DIRECTION ( 'NONE',  ( 0.000000000000000000, 0.000000000000000000, -1.000000000000000000 ) ) ;
#1133 = ORIENTED_EDGE ( 'NONE', *, *, #2317, .T. ) ;
#1134 = VECTOR ( 'NONE', #2409, 1000.000000000000000 ) ;
#1135 = VERTEX_POINT ( 'NONE', #496 ) ;
#1136 = FACE_BOUND ( 'NONE', #2207, .T. ) ;
#1137 = CIRCLE ( 'NONE', #1784, 1.000000000000000888 ) ;
#1138 = CARTESIAN_POINT ( 'NONE',  ( -17.50000000000000000, 1.500000000000000000, -1.249999999999983347 ) ) ;
#1139 = VERTEX_POINT ( 'NONE', #517 ) ;
#1140 = DIRECTION ( 'NONE',  ( -0.000000000000000000, 1.000000000000000000, -0.000000000000000000 ) ) ;
#1141 = EDGE_CURVE ( 'NONE', #2757, #2519, #3039, .T. ) ;
#1142 = VERTEX_POINT ( 'NONE', #1969 ) ;
#1143 = CARTESIAN_POINT ( 'NONE',  ( -7.745966692414836707, -1.499999999999999556, -3.500000000000000000 ) ) ;
#1144 = CIRCLE ( 'NONE', #2127, 0.9999999999999991118 ) ;
#1145 = FACE_OUTER_BOUND ( 'NONE', #2586, .T. ) ;
#1146 = EDGE_CURVE ( 'NONE', #1517, #320, #2980, .T. ) ;
#1147 = CIRCLE ( 'NONE', #2993, 1.000000000000000444 ) ;
#1148 = CYLINDRICAL_SURFACE ( 'NONE', #3345, 1.000000000000001776 ) ;
#1149 = DIRECTION ( 'NONE',  ( -0.000000000000000000, -1.000000000000000000, -0.000000000000000000 ) ) ;
#1150 = VERTEX_POINT ( 'NONE', #3306 ) ;
#1151 = EDGE_CURVE ( 'NONE', #1470, #2205, #898, .T. ) ;
#1152 = AXIS2_PLACEMENT_3D ( 'NONE', #2364, #3471, #1548 ) ;
#1153 = CARTESIAN_POINT ( 'NONE',  ( -0.8418944329588047282, 1.500000000000000000, -7.458203932499677613 ) ) ;
#1154 = CARTESIAN_POINT ( 'NONE',  ( -9.184850993605148438E-17, -8.500000000000000000, 1.742924699575454705E-16 ) ) ;
#1155 = VERTEX_POINT ( 'NONE', #2236 ) ;
#1156 = VECTOR ( 'NONE', #2709, 1000.000000000000000 ) ;
#1157 = EDGE_LOOP ( 'NONE', ( #1274, #281, #3063, #1568 ) ) ;
#1158 = CARTESIAN_POINT ( 'NONE',  ( -17.50000000000000000, -1.500000000000000000, 1.769808360342463528E-14 ) ) ;
#1159 = CYLINDRICAL_SURFACE ( 'NONE', #1462, 1.000000000000000888 ) ;
#1160 = ORIENTED_EDGE ( 'NONE', *, *, #1641, .F. ) ;
#1161 = CARTESIAN_POINT ( 'NONE',  ( -0.8418944329644685309, -8.500000000000000000, 8.458203932499115396 ) ) ;
#1162 = AXIS2_PLACEMENT_3D ( 'NONE', #1849, #1814, #2408 ) ;
#1163 = DIRECTION ( 'NONE',  ( 0.000000000000000000, 0.000000000000000000, 1.000000000000000000 ) ) ;
#1164 = ADVANCED_FACE ( 'NONE', ( #1662 ), #1596, .T. ) ;
#1165 = AXIS2_PLACEMENT_3D ( 'NONE', #470, #1392, #3019 ) ;
#1166 = CARTESIAN_POINT ( 'NONE',  ( 8.750000000000003553, -1.500000000000000000, -15.15544456622767733 ) ) ;
#1167 = LINE ( 'NONE', #2329, #503 ) ;
#1168 = AXIS2_PLACEMENT_3D ( 'NONE', #2515, #24, #1132 ) ;
#1169 = UNCERTAINTY_MEASURE_WITH_UNIT (LENGTH_MEASURE( 1.000000000000000082E-05 ), #1004, 'distance_accuracy_value', 'NONE');
#1170 = DIRECTION ( 'NONE',  ( 0.000000000000000000, 1.000000000000000000, -0.000000000000000000 ) ) ;
#1171 = ADVANCED_FACE ( 'NONE', ( #252 ), #1366, .F. ) ;
#1172 = CARTESIAN_POINT ( 'NONE',  ( -3.565280431324996169, -1.499999999999999556, -13.17524685029160736 ) ) ;
#1173 = ORIENTED_EDGE ( 'NONE', *, *, #2909, .F. ) ;
#1174 = ORIENTED_EDGE ( 'NONE', *, *, #3346, .F. ) ;
#1175 = AXIS2_PLACEMENT_3D ( 'NONE', #2482, #3578, #3243 ) ;
#1176 = DIRECTION ( 'NONE',  ( 0.000000000000000000, 1.000000000000000000, -0.000000000000000000 ) ) ;
#1177 = EDGE_CURVE ( 'NONE', #1180, #386, #1774, .T. ) ;
#1178 = CARTESIAN_POINT ( 'NONE',  ( 6.091828464221856088, -8.500000000000000000, -4.374885822795427259 ) ) ;
#1179 = CIRCLE ( 'NONE', #360, 4.550000000000001599 ) ;
#1180 = VERTEX_POINT ( 'NONE', #553 ) ;
#1181 = VERTEX_POINT ( 'NONE', #1913 ) ;
#1182 = AXIS2_PLACEMENT_3D ( 'NONE', #127, #2616, #2836 ) ;
#1183 = PLANE ( 'NONE',  #3570 ) ;
#1184 = CARTESIAN_POINT ( 'NONE',  ( 0.000000000000000000, -8.500000000000000000, -16.99999999999987921 ) ) ;
#1185 = LINE ( 'NONE', #887, #3157 ) ;
#1186 = EDGE_CURVE ( 'NONE', #1297, #1758, #767, .T. ) ;
#1187 = CARTESIAN_POINT ( 'NONE',  ( -9.184850993605148438E-17, 1.500000000000000000, 1.742924699575454705E-16 ) ) ;
#1188 = LINE ( 'NONE', #952, #2804 ) ;
#1189 = EDGE_CURVE ( 'NONE', #81, #1181, #2987, .T. ) ;
#1190 = CARTESIAN_POINT ( 'NONE',  ( 13.19273868914365799, -8.500000000000000000, -2.500000000000000444 ) ) ;
#1191 = VECTOR ( 'NONE', #343, 1000.000000000000000 ) ;
#1192 = VERTEX_POINT ( 'NONE', #229 ) ;
#1193 = ADVANCED_FACE ( 'NONE', ( #3562 ), #1066, .F. ) ;
#1194 = CARTESIAN_POINT ( 'NONE',  ( -9.184850993605148438E-17, -1.499999999999999556, 1.742924699575454705E-16 ) ) ;
#1195 = AXIS2_PLACEMENT_3D ( 'NONE', #1070, #1664, #2219 ) ;
#1196 = CARTESIAN_POINT ( 'NONE',  ( -8.761432854035911433, -8.500000000000000000, 10.17524685028866038 ) ) ;
#1197 = CIRCLE ( 'NONE', #3215, 1.000000000000000888 ) ;
#1198 = ORIENTED_EDGE ( 'NONE', *, *, #2503, .T. ) ;
#1199 = CIRCLE ( 'NONE', #1670, 1.000000000000000888 ) ;
#1200 = DIRECTION ( 'NONE',  ( 0.000000000000000000, 0.000000000000000000, 1.000000000000000000 ) ) ;
#1201 = FACE_OUTER_BOUND ( 'NONE', #1078, .T. ) ;
#1202 = CARTESIAN_POINT ( 'NONE',  ( -17.50000000000000355, 1.500000000000000000, -1.655234598692008349E-14 ) ) ;
#1203 = CIRCLE ( 'NONE', #3225, 7.500000000000001776 ) ;
#1204 = CARTESIAN_POINT ( 'NONE',  ( -11.54700538379261232, 1.500000000000000000, -19.99999999999996092 ) ) ;
#1205 = DIRECTION ( 'NONE',  ( -0.000000000000000000, 1.000000000000000000, -0.000000000000000000 ) ) ;
#1206 = CARTESIAN_POINT ( 'NONE',  ( 13.19273868914365799, -8.500000000000000000, -3.500000000000000888 ) ) ;
#1207 = ADVANCED_FACE ( 'NONE', ( #2036 ), #35, .F. ) ;
#1208 = VECTOR ( 'NONE', #1898, 1000.000000000000000 ) ;
#1209 = EDGE_LOOP ( 'NONE', ( #987, #2096, #472, #3197 ) ) ;
#1210 = DIRECTION ( 'NONE',  ( 0.000000000000000000, 0.000000000000000000, 1.000000000000000000 ) ) ;
#1211 = ORIENTED_EDGE ( 'NONE', *, *, #2357, .T. ) ;
#1212 = EDGE_LOOP ( 'NONE', ( #3115, #3240 ) ) ;
#1213 = AXIS2_PLACEMENT_3D ( 'NONE', #3252, #2646, #1600 ) ;
#1214 = LINE ( 'NONE', #3104, #3400 ) ;
#1215 = EDGE_CURVE ( 'NONE', #1758, #1181, #3274, .T. ) ;
#1216 = CARTESIAN_POINT ( 'NONE',  ( -0.8418944329588047282, -8.500000000000000000, -8.458203932499678501 ) ) ;
#1217 = VECTOR ( 'NONE', #637, 1000.000000000000000 ) ;
#1218 = CARTESIAN_POINT ( 'NONE',  ( -9.184850993605148438E-17, -8.500000000000000000, 1.742924699575454705E-16 ) ) ;
#1219 = CARTESIAN_POINT ( 'NONE',  ( 9.627458257820959986, 1.500000000000000000, 9.675246850288791833 ) ) ;
#1220 = DIRECTION ( 'NONE',  ( 0.000000000000000000, 0.000000000000000000, 1.000000000000000000 ) ) ;
#1221 = AXIS2_PLACEMENT_3D ( 'NONE', #1206, #63, #1431 ) ;
#1222 = ORIENTED_EDGE ( 'NONE', *, *, #2811, .F. ) ;
#1223 = LINE ( 'NONE', #2649, #671 ) ;
#1224 = ORIENTED_EDGE ( 'NONE', *, *, #1903, .T. ) ;
#1225 = EDGE_CURVE ( 'NONE', #825, #2393, #2864, .T. ) ;
#1226 = CARTESIAN_POINT ( 'NONE',  ( 0.8418944329592915610, 1.500000000000000000, -8.458203932499628763 ) ) ;
#1227 = ORIENTED_EDGE ( 'NONE', *, *, #2608, .T. ) ;
#1228 = ORIENTED_EDGE ( 'NONE', *, *, #610, .T. ) ;
#1229 = DIRECTION ( 'NONE',  ( 0.000000000000000000, 0.000000000000000000, 1.000000000000000000 ) ) ;
#1230 = CIRCLE ( 'NONE', #1286, 4.549999999999999822 ) ;
#1231 = EDGE_CURVE ( 'NONE', #372, #1060, #1765, .T. ) ;
#1232 = CIRCLE ( 'NONE', #75, 7.500000000000001776 ) ;
#1233 = DIRECTION ( 'NONE',  ( -0.000000000000000000, 1.000000000000000000, -0.000000000000000000 ) ) ;
#1234 = CARTESIAN_POINT ( 'NONE',  ( 8.761432854029905570, -1.499999999999999556, -10.17524685028773845 ) ) ;
#1235 = EDGE_CURVE ( 'NONE', #813, #1099, #1214, .T. ) ;
#1236 = LINE ( 'NONE', #92, #1713 ) ;
#1237 = DIRECTION ( 'NONE',  ( 0.000000000000000000, 1.000000000000000000, 0.000000000000000000 ) ) ;
#1238 = EDGE_LOOP ( 'NONE', ( #691, #236, #3357, #722 ) ) ;
#1239 = CARTESIAN_POINT ( 'NONE',  ( -2.165063509463149849, -1.500000000000000000, -1.250000000001184164 ) ) ;
#1240 = CIRCLE ( 'NONE', #1005, 4.550000000000001599 ) ;
#1241 = ORIENTED_EDGE ( 'NONE', *, *, #1387, .F. ) ;
#1242 = ORIENTED_EDGE ( 'NONE', *, *, #29, .T. ) ;
#1243 = CIRCLE ( 'NONE', #484, 1.000000000000000222 ) ;
#1244 = CARTESIAN_POINT ( 'NONE',  ( 8.761432854036520723, 1.500000000000000000, 10.17524685028879361 ) ) ;
#1245 = DIRECTION ( 'NONE',  ( -0.000000000000000000, 1.000000000000000000, -0.000000000000000000 ) ) ;
#1246 = EDGE_CURVE ( 'NONE', #2243, #3338, #3336, .T. ) ;
#1247 = DIRECTION ( 'NONE',  ( 0.000000000000000000, 0.000000000000000000, 1.000000000000000000 ) ) ;
#1248 = CARTESIAN_POINT ( 'NONE',  ( 9.469357670826193285, 1.500000000000000000, 10.66266986216967361 ) ) ;
#1249 = ADVANCED_FACE ( 'NONE', ( #2593 ), #900, .F. ) ;
#1250 = DIRECTION ( 'NONE',  ( 0.000000000000000000, 1.000000000000000000, 0.000000000000000000 ) ) ;
#1251 = DIRECTION ( 'NONE',  ( -0.000000000000000000, 0.000000000000000000, -1.000000000000000000 ) ) ;
#1252 = ADVANCED_FACE ( 'NONE', ( #2847 ), #1183, .F. ) ;
#1253 = CARTESIAN_POINT ( 'NONE',  ( -4.000000000000000000, 1.500000000000000000, -3.000000000000000000 ) ) ;
#1254 = ORIENTED_EDGE ( 'NONE', *, *, #3025, .T. ) ;
#1255 = DIRECTION ( 'NONE',  ( 0.000000000000000000, 0.000000000000000000, 1.000000000000000000 ) ) ;
#1256 = DIRECTION ( 'NONE',  ( 0.000000000000000000, 1.000000000000000000, -0.000000000000000000 ) ) ;
#1257 = ORIENTED_EDGE ( 'NONE', *, *, #1508, .T. ) ;
#1258 = ORIENTED_EDGE ( 'NONE', *, *, #3350, .F. ) ;
#1259 = CARTESIAN_POINT ( 'NONE',  ( 17.50000000000001776, -1.499999999999999556, -5.650474260863225751E-15 ) ) ;
#1260 = DIRECTION ( 'NONE',  ( -0.000000000000000000, 1.000000000000000000, -0.000000000000000000 ) ) ;
#1261 = DIRECTION ( 'NONE',  ( 8.673617379884031528E-16, 0.000000000000000000, 1.000000000000000000 ) ) ;
#1262 = AXIS2_PLACEMENT_3D ( 'NONE', #3291, #3013, #2242 ) ;
#1263 = CARTESIAN_POINT ( 'NONE',  ( 6.091828464221856088, -1.499999999999999556, -4.374885822795427259 ) ) ;
#1264 = EDGE_CURVE ( 'NONE', #2499, #3342, #1301, .T. ) ;
#1265 = AXIS2_PLACEMENT_3D ( 'NONE', #36, #1914, #1109 ) ;
#1266 = FACE_OUTER_BOUND ( 'NONE', #3500, .T. ) ;
#1267 = DIRECTION ( 'NONE',  ( 0.000000000000000000, 1.000000000000000000, -0.000000000000000000 ) ) ;
#1268 = ORIENTED_EDGE ( 'NONE', *, *, #2254, .T. ) ;
#1269 = VECTOR ( 'NONE', #3135, 1000.000000000000000 ) ;
#1270 = ORIENTED_EDGE ( 'NONE', *, *, #1348, .F. ) ;
#1271 = CARTESIAN_POINT ( 'NONE',  ( 12.22408882090955018, -8.500000000000000000, -10.82725708595013714 ) ) ;
#1272 = ORIENTED_EDGE ( 'NONE', *, *, #751, .T. ) ;
#1273 = ADVANCED_FACE ( 'NONE', ( #101 ), #2814, .T. ) ;
#1274 = ORIENTED_EDGE ( 'NONE', *, *, #1074, .T. ) ;
#1275 = VECTOR ( 'NONE', #2670, 1000.000000000000000 ) ;
#1276 = CARTESIAN_POINT ( 'NONE',  ( -1.990540770086669147E-16, -1.500000000000000000, -2.500000000000000000 ) ) ;
#1277 = CARTESIAN_POINT ( 'NONE',  ( -15.48872410019255597, -8.500000000000000000, 5.172742914049913487 ) ) ;
#1278 = VERTEX_POINT ( 'NONE', #2325 ) ;
#1279 = ORIENTED_EDGE ( 'NONE', *, *, #9, .T. ) ;
#1280 = EDGE_CURVE ( 'NONE', #2124, #743, #932, .T. ) ;
#1281 = FACE_OUTER_BOUND ( 'NONE', #543, .T. ) ;
#1282 = FILL_AREA_STYLE ('',( #2085 ) ) ;
#1283 = CIRCLE ( 'NONE', #1869, 1.000000000000000888 ) ;
#1284 = DIRECTION ( 'NONE',  ( 0.000000000000000000, 1.000000000000000000, 0.000000000000000000 ) ) ;
#1285 = LINE ( 'NONE', #1597, #2779 ) ;
#1286 = AXIS2_PLACEMENT_3D ( 'NONE', #1780, #374, #930 ) ;
#1287 = EDGE_CURVE ( 'NONE', #559, #3474, #2291, .T. ) ;
#1288 = DIRECTION ( 'NONE',  ( 0.000000000000000000, 0.000000000000000000, 1.000000000000000000 ) ) ;
#1289 = CARTESIAN_POINT ( 'NONE',  ( 13.19273868914366687, -1.499999999999999556, 2.500000000000000444 ) ) ;
#1290 = AXIS2_PLACEMENT_3D ( 'NONE', #157, #1250, #1599 ) ;
#1291 = EDGE_CURVE ( 'NONE', #2446, #1831, #3098, .T. ) ;
#1292 = CARTESIAN_POINT ( 'NONE',  ( 1.707919836743731157, 1.500000000000000000, -7.958203932499630540 ) ) ;
#1293 = DIRECTION ( 'NONE',  ( 0.000000000000000000, 1.000000000000000000, 0.000000000000000000 ) ) ;
#1294 = EDGE_CURVE ( 'NONE', #2466, #1861, #824, .T. ) ;
#1295 = AXIS2_PLACEMENT_3D ( 'NONE', #3541, #2175, #17 ) ;
#1296 = EDGE_LOOP ( 'NONE', ( #700, #2363, #1130, #991 ) ) ;
#1297 = VERTEX_POINT ( 'NONE', #2543 ) ;
#1298 = EDGE_LOOP ( 'NONE', ( #2870, #1242, #2418, #2234 ) ) ;
#1299 = DIRECTION ( 'NONE',  ( 0.000000000000000000, 1.000000000000000000, 0.000000000000000000 ) ) ;
#1300 = CYLINDRICAL_SURFACE ( 'NONE', #1162, 1.250000000000001110 ) ;
#1301 = CIRCLE ( 'NONE', #3042, 1.000000000000001776 ) ;
#1302 = EDGE_LOOP ( 'NONE', ( #3321, #892, #618, #340 ) ) ;
#1303 = DIRECTION ( 'NONE',  ( -0.000000000000000000, 1.000000000000000000, -0.000000000000000000 ) ) ;
#1304 = AXIS2_PLACEMENT_3D ( 'NONE', #2007, #3138, #641 ) ;
#1305 = DIRECTION ( 'NONE',  ( -0.000000000000000000, 1.000000000000000000, -0.000000000000000000 ) ) ;
#1306 = AXIS2_PLACEMENT_3D ( 'NONE', #2578, #2546, #2850 ) ;
#1307 = DIRECTION ( 'NONE',  ( 0.000000000000000000, 0.000000000000000000, 1.000000000000000000 ) ) ;
#1308 = CYLINDRICAL_SURFACE ( 'NONE', #3422, 5.000000000000000000 ) ;
#1309 = ORIENTED_EDGE ( 'NONE', *, *, #2925, .F. ) ;
#1310 = CARTESIAN_POINT ( 'NONE',  ( -23.09401076758504345, -1.500000000000000000, 1.612646152681311659E-13 ) ) ;
#1311 = CARTESIAN_POINT ( 'NONE',  ( -4.000000000000000000, -1.500000000000000000, 1.800000000000000044 ) ) ;
#1312 = VECTOR ( 'NONE', #636, 1000.000000000000000 ) ;
#1313 = CARTESIAN_POINT ( 'NONE',  ( -4.252989283015924826, -1.499999999999999556, 15.84782784977072367 ) ) ;
#1314 = EDGE_CURVE ( 'NONE', #1374, #245, #1748, .T. ) ;
#1315 = ORIENTED_EDGE ( 'NONE', *, *, #1291, .T. ) ;
#1316 = ORIENTED_EDGE ( 'NONE', *, *, #408, .T. ) ;
#1317 = VERTEX_POINT ( 'NONE', #3417 ) ;
#1318 = CARTESIAN_POINT ( 'NONE',  ( -17.50000000000000000, -1.500000000000000000, 1.250000000000018874 ) ) ;
#1319 = DIRECTION ( 'NONE',  ( 1.000000000000000000, 0.000000000000000000, -7.962163080346640843E-17 ) ) ;
#1320 = EDGE_CURVE ( 'NONE', #3490, #372, #2748, .T. ) ;
#1321 = CARTESIAN_POINT ( 'NONE',  ( 9.469357670820771844, -8.500000000000000000, -10.66266986216881563 ) ) ;
#1322 = CARTESIAN_POINT ( 'NONE',  ( 0.000000000000000000, 1.500000000000000000, 2.500000000000000444 ) ) ;
#1323 = ORIENTED_EDGE ( 'NONE', *, *, #2493, .F. ) ;
#1324 = AXIS2_PLACEMENT_3D ( 'NONE', #2453, #3035, #1408 ) ;
#1325 = DIRECTION ( 'NONE',  ( 0.000000000000000000, 1.000000000000000000, 0.000000000000000000 ) ) ;
#1326 = EDGE_CURVE ( 'NONE', #3553, #1761, #3085, .T. ) ;
#1327 = DIRECTION ( 'NONE',  ( 0.000000000000000000, 1.000000000000000000, 0.000000000000000000 ) ) ;
#1328 = VERTEX_POINT ( 'NONE', #1833 ) ;
#1329 = DIRECTION ( 'NONE',  ( 1.000000000000000000, 0.000000000000000000, -1.051620219116008738E-14 ) ) ;
#1330 = AXIS2_PLACEMENT_3D ( 'NONE', #1524, #1260, #172 ) ;
#1331 = ORIENTED_EDGE ( 'NONE', *, *, #1291, .F. ) ;
#1332 = DIRECTION ( 'NONE',  ( 0.000000000000000000, 0.000000000000000000, 1.000000000000000000 ) ) ;
#1333 = VECTOR ( 'NONE', #2966, 1000.000000000000000 ) ;
#1334 = DIRECTION ( 'NONE',  ( 1.000000000000000000, 0.000000000000000000, 0.000000000000000000 ) ) ;
#1335 = VERTEX_POINT ( 'NONE', #1812 ) ;
#1336 = ORIENTED_EDGE ( 'NONE', *, *, #1602, .F. ) ;
#1337 = AXIS2_PLACEMENT_3D ( 'NONE', #1114, #2225, #740 ) ;
#1338 = ORIENTED_EDGE ( 'NONE', *, *, #1669, .F. ) ;
#1339 = EDGE_CURVE ( 'NONE', #1636, #3522, #2926, .T. ) ;
#1340 = CARTESIAN_POINT ( 'NONE',  ( -12.22408882090951288, -8.500000000000000000, 10.82725708595003411 ) ) ;
#1341 = AXIS2_PLACEMENT_3D ( 'NONE', #2075, #698, #1789 ) ;
#1342 = ORIENTED_EDGE ( 'NONE', *, *, #3467, .F. ) ;
#1343 = FACE_BOUND ( 'NONE', #2940, .T. ) ;
#1344 = VERTEX_POINT ( 'NONE', #1848 ) ;
#1345 = DIRECTION ( 'NONE',  ( -0.4999999999999949485, 0.000000000000000000, 0.8660254037844415942 ) ) ;
#1346 = DIRECTION ( 'NONE',  ( 0.8660254037844384856, 0.000000000000000000, -0.5000000000000004441 ) ) ;
#1347 = ORIENTED_EDGE ( 'NONE', *, *, #793, .F. ) ;
#1348 = EDGE_CURVE ( 'NONE', #2322, #372, #3166, .T. ) ;
#1349 = AXIS2_PLACEMENT_3D ( 'NONE', #3282, #1380, #11 ) ;
#1350 = LINE ( 'NONE', #2744, #240 ) ;
#1351 = DIRECTION ( 'NONE',  ( -0.000000000000000000, 1.000000000000000000, -0.000000000000000000 ) ) ;
#1352 = VERTEX_POINT ( 'NONE', #3184 ) ;
#1353 = CARTESIAN_POINT ( 'NONE',  ( -8.750000000000053291, 1.500000000000000000, -13.90544456622765246 ) ) ;
#1354 = VECTOR ( 'NONE', #995, 1000.000000000000000 ) ;
#1355 = VERTEX_POINT ( 'NONE', #189 ) ;
#1356 = LINE ( 'NONE', #3571, #2281 ) ;
#1357 = DIRECTION ( 'NONE',  ( 0.000000000000000000, 1.000000000000000000, -0.000000000000000000 ) ) ;
#1358 = ORIENTED_EDGE ( 'NONE', *, *, #2712, .F. ) ;
#1359 = ORIENTED_EDGE ( 'NONE', *, *, #842, .T. ) ;
#1360 = ORIENTED_EDGE ( 'NONE', *, *, #1415, .T. ) ;
#1361 = DIRECTION ( 'NONE',  ( -0.000000000000000000, 1.000000000000000000, -0.000000000000000000 ) ) ;
#1362 = DIRECTION ( 'NONE',  ( 0.000000000000000000, 1.000000000000000000, 0.000000000000000000 ) ) ;
#1363 = EDGE_LOOP ( 'NONE', ( #1452, #587, #1888, #2684 ) ) ;
#1364 = VERTEX_POINT ( 'NONE', #1244 ) ;
#1365 = VECTOR ( 'NONE', #710, 1000.000000000000000 ) ;
#1366 = PLANE ( 'NONE',  #3405 ) ;
#1367 = CARTESIAN_POINT ( 'NONE',  ( 23.09401076758504701, -1.500000000000000000, 0.000000000000000000 ) ) ;
#1368 = EDGE_LOOP ( 'NONE', ( #3494, #3332, #1119, #2461 ) ) ;
#1369 = EDGE_CURVE ( 'NONE', #2322, #93, #438, .T. ) ;
#1370 = CARTESIAN_POINT ( 'NONE',  ( -13.19273868914366332, -8.500000000000000000, 3.500000000000002220 ) ) ;
#1371 = AXIS2_PLACEMENT_3D ( 'NONE', #2341, #3248, #2140 ) ;
#1372 = FACE_OUTER_BOUND ( 'NONE', #52, .T. ) ;
#1373 =( LENGTH_UNIT ( ) NAMED_UNIT ( * ) SI_UNIT ( .MILLI., .METRE. ) );
#1374 = VERTEX_POINT ( 'NONE', #2120 ) ;
#1375 = DIRECTION ( 'NONE',  ( -0.5000000000000001110, 0.000000000000000000, -0.8660254037844385966 ) ) ;
#1376 = EDGE_CURVE ( 'NONE', #130, #433, #994, .T. ) ;
#1377 = CARTESIAN_POINT ( 'NONE',  ( -8.750000000000053291, -1.500000000000000000, -15.15544456622765246 ) ) ;
#1378 = VERTEX_POINT ( 'NONE', #121 ) ;
#1379 = ORIENTED_EDGE ( 'NONE', *, *, #3515, .F. ) ;
#1380 = DIRECTION ( 'NONE',  ( 0.000000000000000000, 1.000000000000000000, 0.000000000000000000 ) ) ;
#1381 = ORIENTED_EDGE ( 'NONE', *, *, #3075, .T. ) ;
#1382 = DIRECTION ( 'NONE',  ( 0.000000000000000000, 0.000000000000000000, 1.000000000000000000 ) ) ;
#1383 = ORIENTED_EDGE ( 'NONE', *, *, #2852, .T. ) ;
#1384 = CARTESIAN_POINT ( 'NONE',  ( -15.48872410019255597, -1.499999999999999556, 5.172742914049913487 ) ) ;
#1385 = DIRECTION ( 'NONE',  ( 0.000000000000000000, 1.000000000000000000, 0.000000000000000000 ) ) ;
#1386 = DIRECTION ( 'NONE',  ( -0.000000000000000000, 0.000000000000000000, -1.000000000000000000 ) ) ;
#1387 = EDGE_CURVE ( 'NONE', #2371, #2110, #2518, .T. ) ;
#1388 = FACE_OUTER_BOUND ( 'NONE', #1451, .T. ) ;
#1389 = ORIENTED_EDGE ( 'NONE', *, *, #379, .F. ) ;
#1390 = CARTESIAN_POINT ( 'NONE',  ( 7.745966692414836707, 1.500000000000000000, -2.500000000000000000 ) ) ;
#1391 = VECTOR ( 'NONE', #1786, 1000.000000000000114 ) ;
#1392 = DIRECTION ( 'NONE',  ( -0.000000000000000000, 1.000000000000000000, -0.000000000000000000 ) ) ;
#1393 = ORIENTED_EDGE ( 'NONE', *, *, #2668, .F. ) ;
#1394 = ORIENTED_EDGE ( 'NONE', *, *, #3593, .F. ) ;
#1395 = EDGE_CURVE ( 'NONE', #616, #2215, #3204, .T. ) ;
#1396 = ORIENTED_EDGE ( 'NONE', *, *, #1320, .T. ) ;
#1397 = AXIS2_PLACEMENT_3D ( 'NONE', #1216, #867, #3086 ) ;
#1398 = DIRECTION ( 'NONE',  ( -0.000000000000000000, -1.000000000000000000, -0.000000000000000000 ) ) ;
#1399 = VERTEX_POINT ( 'NONE', #2910 ) ;
#1400 = CARTESIAN_POINT ( 'NONE',  ( -8.750000000000053291, -1.500000000000000000, -15.15544456622765246 ) ) ;
#1401 = CIRCLE ( 'NONE', #3428, 5.000000000000000000 ) ;
#1402 = ORIENTED_EDGE ( 'NONE', *, *, #2200, .T. ) ;
#1403 = ADVANCED_FACE ( 'NONE', ( #960 ), #423, .T. ) ;
#1404 = ORIENTED_EDGE ( 'NONE', *, *, #3429, .T. ) ;
#1405 = DIRECTION ( 'NONE',  ( 0.000000000000000000, 0.000000000000000000, 1.000000000000000000 ) ) ;
#1406 = CYLINDRICAL_SURFACE ( 'NONE', #2141, 1.249999999999999334 ) ;
#1407 = CYLINDRICAL_SURFACE ( 'NONE', #466, 7.500000000000001776 ) ;
#1408 = DIRECTION ( 'NONE',  ( 0.000000000000000000, 0.000000000000000000, -1.000000000000000000 ) ) ;
#1409 = ORIENTED_EDGE ( 'NONE', *, *, #3107, .T. ) ;
#1410 = CARTESIAN_POINT ( 'NONE',  ( -13.19273868914366332, -1.499999999999999556, 3.500000000000002220 ) ) ;
#1411 = CYLINDRICAL_SURFACE ( 'NONE', #1646, 7.500000000000001776 ) ;
#1412 = AXIS2_PLACEMENT_3D ( 'NONE', #1410, #607, #3064 ) ;
#1413 = DIRECTION ( 'NONE',  ( 0.000000000000000000, 1.000000000000000000, -0.000000000000000000 ) ) ;
#1414 = ORIENTED_EDGE ( 'NONE', *, *, #2039, .T. ) ;
#1415 = EDGE_CURVE ( 'NONE', #1135, #204, #901, .T. ) ;
#1416 = VECTOR ( 'NONE', #2975, 1000.000000000000000 ) ;
#1417 = ORIENTED_EDGE ( 'NONE', *, *, #74, .T. ) ;
#1418 = DIRECTION ( 'NONE',  ( -0.000000000000000000, 1.000000000000000000, -0.000000000000000000 ) ) ;
#1419 = EDGE_CURVE ( 'NONE', #1099, #2624, #1432, .T. ) ;
#1420 = CARTESIAN_POINT ( 'NONE',  ( -8.749999999999996447, 1.500000000000000000, 13.90544456622769331 ) ) ;
#1421 = AXIS2_PLACEMENT_3D ( 'NONE', #1820, #2701, #1307 ) ;
#1422 = EDGE_LOOP ( 'NONE', ( #10, #2414, #2440, #2689 ) ) ;
#1423 = DIRECTION ( 'NONE',  ( 0.000000000000000000, 0.000000000000000000, 1.000000000000000000 ) ) ;
#1424 = DIRECTION ( 'NONE',  ( -0.000000000000000000, 1.000000000000000000, -0.000000000000000000 ) ) ;
#1425 = CYLINDRICAL_SURFACE ( 'NONE', #1724, 7.500000000000001776 ) ;
#1426 = DIRECTION ( 'NONE',  ( 0.000000000000000000, 1.000000000000000000, -0.000000000000000000 ) ) ;
#1427 = ORIENTED_EDGE ( 'NONE', *, *, #440, .F. ) ;
#1428 = UNCERTAINTY_MEASURE_WITH_UNIT (LENGTH_MEASURE( 1.000000000000000082E-05 ), #1601, 'distance_accuracy_value', 'NONE');
#1429 = DIRECTION ( 'NONE',  ( 0.000000000000000000, 0.000000000000000000, 1.000000000000000000 ) ) ;
#1430 = AXIS2_PLACEMENT_3D ( 'NONE', #1047, #1327, #463 ) ;
#1431 = DIRECTION ( 'NONE',  ( 0.000000000000000000, 0.000000000000000000, 1.000000000000000000 ) ) ;
#1432 = CIRCLE ( 'NONE', #2588, 1.000000000000000444 ) ;
#1433 = EDGE_LOOP ( 'NONE', ( #2731, #3062, #534, #118 ) ) ;
#1434 = DIRECTION ( 'NONE',  ( -0.5000000000000067724, 0.000000000000000000, -0.8660254037844345998 ) ) ;
#1435 = EDGE_CURVE ( 'NONE', #2697, #1317, #2068, .T. ) ;
#1436 = DIRECTION ( 'NONE',  ( 0.000000000000000000, 0.000000000000000000, 1.000000000000000000 ) ) ;
#1437 = LINE ( 'NONE', #2644, #590 ) ;
#1438 = EDGE_LOOP ( 'NONE', ( #942, #2261, #2290, #3022 ) ) ;
#1439 = CARTESIAN_POINT ( 'NONE',  ( -6.904072259454470561, 1.500000000000000000, 4.958203932497259991 ) ) ;
#1440 = CARTESIAN_POINT ( 'NONE',  ( -7.745966692414836707, -1.499999999999999556, -2.499999999999999556 ) ) ;
#1441 = AXIS2_PLACEMENT_3D ( 'NONE', #801, #3024, #744 ) ;
#1442 = EDGE_CURVE ( 'NONE', #2822, #2077, #1540, .T. ) ;
#1443 = AXIS2_PLACEMENT_3D ( 'NONE', #1455, #860, #1434 ) ;
#1444 = CARTESIAN_POINT ( 'NONE',  ( 0.7428480290867359725, -8.500000000000000000, 7.463121116910939712 ) ) ;
#1445 = LINE ( 'NONE', #646, #2657 ) ;
#1446 = ADVANCED_FACE ( 'NONE', ( #1281 ), #1020, .F. ) ;
#1447 = AXIS2_PLACEMENT_3D ( 'NONE', #37, #2131, #1920 ) ;
#1448 = DIRECTION ( 'NONE',  ( 0.000000000000000000, 0.000000000000000000, 1.000000000000000000 ) ) ;
#1449 = DIRECTION ( 'NONE',  ( 0.000000000000000000, 0.000000000000000000, 1.000000000000000000 ) ) ;
#1450 = ORIENTED_EDGE ( 'NONE', *, *, #2811, .T. ) ;
#1451 = EDGE_LOOP ( 'NONE', ( #1915, #2182, #668, #2807 ) ) ;
#1452 = ORIENTED_EDGE ( 'NONE', *, *, #2193, .T. ) ;
#1453 = ORIENTED_EDGE ( 'NONE', *, *, #703, .F. ) ;
#1454 = CIRCLE ( 'NONE', #1796, 7.500000000000003553 ) ;
#1455 = CARTESIAN_POINT ( 'NONE',  ( -23.09401076758504345, 1.500000000000000000, 1.612646152681311659E-13 ) ) ;
#1456 = DIRECTION ( 'NONE',  ( -0.000000000000000000, 1.000000000000000000, -0.000000000000000000 ) ) ;
#1457 = ORIENTED_EDGE ( 'NONE', *, *, #400, .F. ) ;
#1458 = PRESENTATION_LAYER_ASSIGNMENT (  '', '', ( #291 ) ) ;
#1459 = EDGE_CURVE ( 'NONE', #388, #3561, #3234, .T. ) ;
#1460 = ORIENTED_EDGE ( 'NONE', *, *, #138, .T. ) ;
#1461 = DIRECTION ( 'NONE',  ( 0.000000000000000000, 0.000000000000000000, 1.000000000000000000 ) ) ;
#1462 = AXIS2_PLACEMENT_3D ( 'NONE', #621, #2590, #3148 ) ;
#1463 = DIRECTION ( 'NONE',  ( 0.4999999999999950040, 0.000000000000000000, -0.8660254037844414832 ) ) ;
#1464 = AXIS2_PLACEMENT_3D ( 'NONE', #2028, #599, #2264 ) ;
#1465 = DIRECTION ( 'NONE',  ( 0.000000000000000000, 0.000000000000000000, 1.000000000000000000 ) ) ;
#1466 = CARTESIAN_POINT ( 'NONE',  ( -3.264635279283073288, -1.499999999999999556, -16.99999999999987921 ) ) ;
#1467 = EDGE_CURVE ( 'NONE', #2499, #1517, #407, .T. ) ;
#1468 = CARTESIAN_POINT ( 'NONE',  ( 4.252989283015875088, -1.499999999999999556, 15.84782784977072367 ) ) ;
#1469 = CARTESIAN_POINT ( 'NONE',  ( -12.22408882090951288, -8.500000000000000000, 10.82725708595003411 ) ) ;
#1470 = VERTEX_POINT ( 'NONE', #978 ) ;
#1471 = EDGE_LOOP ( 'NONE', ( #704, #910, #3479, #406 ) ) ;
#1472 = DIRECTION ( 'NONE',  ( 0.000000000000000000, 0.000000000000000000, 1.000000000000000000 ) ) ;
#1473 = LINE ( 'NONE', #2288, #1034 ) ;
#1474 = ORIENTED_EDGE ( 'NONE', *, *, #103, .T. ) ;
#1475 = VERTEX_POINT ( 'NONE', #657 ) ;
#1476 = CARTESIAN_POINT ( 'NONE',  ( 17.50000000000001421, 1.500000000000000000, 4.853321584273757548E-15 ) ) ;
#1477 = LINE ( 'NONE', #2577, #165 ) ;
#1478 = DIRECTION ( 'NONE',  ( 0.000000000000000000, 0.000000000000000000, 1.000000000000000000 ) ) ;
#1479 = DIRECTION ( 'NONE',  ( -1.051620219116008581E-14, 0.000000000000000000, -1.000000000000000000 ) ) ;
#1480 = ADVANCED_FACE ( 'NONE', ( #2625 ), #134, .F. ) ;
#1481 = FACE_OUTER_BOUND ( 'NONE', #335, .T. ) ;
#1482 = DIRECTION ( 'NONE',  ( 0.000000000000000000, 0.000000000000000000, 1.000000000000000000 ) ) ;
#1483 = ORIENTED_EDGE ( 'NONE', *, *, #2720, .T. ) ;
#1484 = ADVANCED_FACE ( 'NONE', ( #2878 ), #1593, .T. ) ;
#1485 = EDGE_LOOP ( 'NONE', ( #3556, #2813, #1694, #1079 ) ) ;
#1486 = CYLINDRICAL_SURFACE ( 'NONE', #1105, 1.000000000000000444 ) ;
#1487 = EDGE_LOOP ( 'NONE', ( #3401, #2991, #1778, #1309 ) ) ;
#1488 = EDGE_LOOP ( 'NONE', ( #367, #401 ) ) ;
#1489 = DIRECTION ( 'NONE',  ( 0.8660254037844415942, 0.000000000000000000, -0.4999999999999950595 ) ) ;
#1490 = DIRECTION ( 'NONE',  ( 0.4999999999999999445, 0.000000000000000000, -0.8660254037844385966 ) ) ;
#1491 = CARTESIAN_POINT ( 'NONE',  ( 0.8418944329592915610, -1.499999999999999556, -8.458203932499628763 ) ) ;
#1492 = CYLINDRICAL_SURFACE ( 'NONE', #2488, 1.000000000000000888 ) ;
#1493 = EDGE_CURVE ( 'NONE', #2708, #334, #3596, .T. ) ;
#1494 = DIRECTION ( 'NONE',  ( -0.000000000000000000, 1.000000000000000000, -0.000000000000000000 ) ) ;
#1495 = EDGE_LOOP ( 'NONE', ( #3491, #3052, #445, #2963, #2384, #2114, #2504, #2419, #3163, #1866, #2758, #2995, #2707 ) ) ;
#1496 = CYLINDRICAL_SURFACE ( 'NONE', #404, 1.000000000000002665 ) ;
#1497 = CIRCLE ( 'NONE', #3231, 1.000000000000000888 ) ;
#1498 = EDGE_LOOP ( 'NONE', ( #3161, #1483, #2927, #209 ) ) ;
#1499 = DIRECTION ( 'NONE',  ( 0.000000000000000000, 0.000000000000000000, 1.000000000000000000 ) ) ;
#1500 = ADVANCED_FACE ( 'NONE', ( #2771 ), #1101, .F. ) ;
#1501 = ORIENTED_EDGE ( 'NONE', *, *, #1924, .T. ) ;
#1502 = AXIS2_PLACEMENT_3D ( 'NONE', #3463, #672, #151 ) ;
#1503 = ORIENTED_EDGE ( 'NONE', *, *, #461, .F. ) ;
#1504 = CIRCLE ( 'NONE', #3236, 5.000000000000000000 ) ;
#1505 = CARTESIAN_POINT ( 'NONE',  ( -4.000000000000000000, -1.500000000000000000, -1.800000000000000044 ) ) ;
#1506 = DIRECTION ( 'NONE',  ( 1.000000000000000000, 0.000000000000000000, -7.962163080346676589E-17 ) ) ;
#1507 = CIRCLE ( 'NONE', #1564, 1.000000000000000888 ) ;
#1508 = EDGE_CURVE ( 'NONE', #2877, #2153, #2982, .T. ) ;
#1509 = VECTOR ( 'NONE', #1577, 1000.000000000000000 ) ;
#1510 = CARTESIAN_POINT ( 'NONE',  ( 16.35474950397700056, -1.499999999999999556, 5.672742914049922369 ) ) ;
#1511 = FACE_OUTER_BOUND ( 'NONE', #3499, .T. ) ;
#1512 = CIRCLE ( 'NONE', #3246, 1.000000000000000888 ) ;
#1513 = CARTESIAN_POINT ( 'NONE',  ( -16.35474950397701832, -8.500000000000000000, -5.672742914049964114 ) ) ;
#1514 = VECTOR ( 'NONE', #550, 1000.000000000000000 ) ;
#1515 = AXIS2_PLACEMENT_3D ( 'NONE', #907, #3130, #1482 ) ;
#1516 = CARTESIAN_POINT ( 'NONE',  ( 3.565280431325201338, 1.500000000000000000, -13.17524685029108156 ) ) ;
#1517 = VERTEX_POINT ( 'NONE', #781 ) ;
#1518 = LINE ( 'NONE', #996, #632 ) ;
#1519 = EDGE_CURVE ( 'NONE', #1378, #2352, #981, .T. ) ;
#1520 = ORIENTED_EDGE ( 'NONE', *, *, #3572, .F. ) ;
#1521 = ORIENTED_EDGE ( 'NONE', *, *, #227, .T. ) ;
#1522 = EDGE_CURVE ( 'NONE', #1624, #3547, #1887, .T. ) ;
#1523 = CARTESIAN_POINT ( 'NONE',  ( -1.707919836743244657, -8.500000000000000000, -7.958203932499678501 ) ) ;
#1524 = CARTESIAN_POINT ( 'NONE',  ( 8.750000000000005329, -8.500000000000000000, 15.15544456622768088 ) ) ;
#1525 = AXIS2_PLACEMENT_3D ( 'NONE', #739, #1828, #2296 ) ;
#1526 = VECTOR ( 'NONE', #2092, 1000.000000000000000 ) ;
#1527 = EDGE_CURVE ( 'NONE', #3060, #2221, #3263, .T. ) ;
#1528 = CARTESIAN_POINT ( 'NONE',  ( -3.199999999999999734, 1.500000000000000000, 2.399999999999999911 ) ) ;
#1529 = CARTESIAN_POINT ( 'NONE',  ( -3.565280431324996169, 1.500000000000000000, -13.17524685029160736 ) ) ;
#1530 = CARTESIAN_POINT ( 'NONE',  ( 9.469357670820771844, 1.499999999999999556, -10.66266986216881385 ) ) ;
#1531 = CARTESIAN_POINT ( 'NONE',  ( 13.09011422469399122, -1.499999999999999556, -11.32725708595013359 ) ) ;
#1532 = DIRECTION ( 'NONE',  ( -0.000000000000000000, 1.000000000000000000, -0.000000000000000000 ) ) ;
#1533 = ORIENTED_EDGE ( 'NONE', *, *, #3245, .T. ) ;
#1534 = AXIS2_PLACEMENT_3D ( 'NONE', #1560, #749, #3465 ) ;
#1535 = DIRECTION ( 'NONE',  ( -0.000000000000000000, 1.000000000000000000, -0.000000000000000000 ) ) ;
#1536 = DIRECTION ( 'NONE',  ( -0.000000000000000000, -1.000000000000000000, -0.000000000000000000 ) ) ;
#1537 = ORIENTED_EDGE ( 'NONE', *, *, #2083, .T. ) ;
#1538 = ORIENTED_EDGE ( 'NONE', *, *, #400, .T. ) ;
#1539 = EDGE_CURVE ( 'NONE', #3084, #2047, #2278, .T. ) ;
#1540 = LINE ( 'NONE', #706, #1084 ) ;
#1541 = CYLINDRICAL_SURFACE ( 'NONE', #1330, 4.549999999999999822 ) ;
#1542 = CARTESIAN_POINT ( 'NONE',  ( 8.750000000000003553, 1.500000000000000000, -15.15544456622767733 ) ) ;
#1543 = LINE ( 'NONE', #460, #859 ) ;
#1544 = EDGE_CURVE ( 'NONE', #464, #2393, #1608, .T. ) ;
#1545 = LINE ( 'NONE', #3525, #311 ) ;
#1546 = DIRECTION ( 'NONE',  ( 0.000000000000000000, 0.000000000000000000, 1.000000000000000000 ) ) ;
#1547 = ORIENTED_EDGE ( 'NONE', *, *, #138, .F. ) ;
#1548 = DIRECTION ( 'NONE',  ( 0.000000000000000000, 0.000000000000000000, 1.000000000000000000 ) ) ;
#1549 = EDGE_CURVE ( 'NONE', #893, #3561, #1811, .T. ) ;
#1550 = ORIENTED_EDGE ( 'NONE', *, *, #1673, .F. ) ;
#1551 = CARTESIAN_POINT ( 'NONE',  ( -8.750000000000055067, 1.500000000000000000, 15.15544456622765601 ) ) ;
#1552 = CARTESIAN_POINT ( 'NONE',  ( -8.749999999999996447, 1.500000000000000000, 15.15544456622769154 ) ) ;
#1553 = ORIENTED_EDGE ( 'NONE', *, *, #685, .F. ) ;
#1554 = ORIENTED_EDGE ( 'NONE', *, *, #359, .T. ) ;
#1555 = COLOUR_RGB ( '',0.7921568627450980005, 0.8196078431372548767, 0.9333333333333333481 ) ;
#1556 = DIRECTION ( 'NONE',  ( 0.000000000000000000, 0.000000000000000000, 1.000000000000000000 ) ) ;
#1557 = DIRECTION ( 'NONE',  ( 0.5000000000000002220, 0.000000000000000000, 0.8660254037844384856 ) ) ;
#1558 = EDGE_CURVE ( 'NONE', #559, #2796, #241, .T. ) ;
#1559 = VERTEX_POINT ( 'NONE', #247 ) ;
#1560 = CARTESIAN_POINT ( 'NONE',  ( -1.990540770086660026E-16, -8.500000000000000000, -2.499999999999999556 ) ) ;
#1561 = VECTOR ( 'NONE', #330, 1000.000000000000000 ) ;
#1562 = LINE ( 'NONE', #2662, #1623 ) ;
#1563 = EDGE_CURVE ( 'NONE', #1344, #2352, #2154, .T. ) ;
#1564 = AXIS2_PLACEMENT_3D ( 'NONE', #2594, #2310, #1163 ) ;
#1565 = CARTESIAN_POINT ( 'NONE',  ( 15.48872410019256129, -8.500000000000000000, 5.172742914049921481 ) ) ;
#1566 = EDGE_CURVE ( 'NONE', #2923, #1278, #1945, .T. ) ;
#1567 = FACE_BOUND ( 'NONE', #2247, .T. ) ;
#1568 = ORIENTED_EDGE ( 'NONE', *, *, #1115, .F. ) ;
#1569 = AXIS2_PLACEMENT_3D ( 'NONE', #1400, #1635, #493 ) ;
#1570 = CARTESIAN_POINT ( 'NONE',  ( -13.09011422469395569, -1.499999999999999556, 11.32725708595003233 ) ) ;
#1571 = AXIS2_PLACEMENT_3D ( 'NONE', #3277, #815, #1096 ) ;
#1572 = CARTESIAN_POINT ( 'NONE',  ( -8.749999999999998224, -8.500000000000000000, -15.15544456622769509 ) ) ;
#1573 = LINE ( 'NONE', #943, #1106 ) ;
#1574 = ORIENTED_EDGE ( 'NONE', *, *, #3114, .F. ) ;
#1575 = EDGE_LOOP ( 'NONE', ( #1629, #34, #1085, #1695 ) ) ;
#1576 = CARTESIAN_POINT ( 'NONE',  ( -8.750000000000055067, -8.500000000000000000, 15.15544456622765601 ) ) ;
#1577 = DIRECTION ( 'NONE',  ( -1.000000000000000000, 0.000000000000000000, 0.000000000000000000 ) ) ;
#1578 = ORIENTED_EDGE ( 'NONE', *, *, #186, .T. ) ;
#1579 = LINE ( 'NONE', #2677, #896 ) ;
#1580 = LINE ( 'NONE', #175, #2780 ) ;
#1581 = CIRCLE ( 'NONE', #3326, 1.000000000000002665 ) ;
#1582 = CARTESIAN_POINT ( 'NONE',  ( 6.123233995736766282E-16, -1.500000000000000000, -5.000000000000000000 ) ) ;
#1583 = EDGE_CURVE ( 'NONE', #3131, #688, #1678, .T. ) ;
#1584 = CARTESIAN_POINT ( 'NONE',  ( -8.750000000000053291, -1.500000000000000000, -13.90544456622765246 ) ) ;
#1585 = EDGE_LOOP ( 'NONE', ( #1224, #3395, #3260, #2432 ) ) ;
#1586 = AXIS2_PLACEMENT_3D ( 'NONE', #2346, #381, #890 ) ;
#1587 = CARTESIAN_POINT ( 'NONE',  ( 0.8418944329592915610, 1.500000000000000000, -7.458203932499627875 ) ) ;
#1588 = CARTESIAN_POINT ( 'NONE',  ( -17.50000000000000355, 1.500000000000000000, -1.655234598692008349E-14 ) ) ;
#1589 = DIRECTION ( 'NONE',  ( -0.4999999999999949485, 0.000000000000000000, 0.8660254037844415942 ) ) ;
#1590 = VERTEX_POINT ( 'NONE', #3537 ) ;
#1591 = ADVANCED_FACE ( 'NONE', ( #1061 ), #1867, .F. ) ;
#1592 = ORIENTED_EDGE ( 'NONE', *, *, #3324, .T. ) ;
#1593 = CYLINDRICAL_SURFACE ( 'NONE', #2080, 4.549999999999997158 ) ;
#1594 = CARTESIAN_POINT ( 'NONE',  ( 0.000000000000000000, -1.500000000000000000, 2.500000000000001332 ) ) ;
#1595 = VERTEX_POINT ( 'NONE', #2138 ) ;
#1596 = CYLINDRICAL_SURFACE ( 'NONE', #1010, 7.500000000000001776 ) ;
#1597 = CARTESIAN_POINT ( 'NONE',  ( -13.19273868914363312, -8.500000000000000000, -2.499999999999999112 ) ) ;
#1598 = VECTOR ( 'NONE', #2010, 1000.000000000000000 ) ;
#1599 = DIRECTION ( 'NONE',  ( 0.000000000000000000, 0.000000000000000000, 1.000000000000000000 ) ) ;
#1600 = DIRECTION ( 'NONE',  ( 0.000000000000000000, 0.000000000000000000, 1.000000000000000000 ) ) ;
#1601 =( LENGTH_UNIT ( ) NAMED_UNIT ( * ) SI_UNIT ( .MILLI., .METRE. ) );
#1602 = EDGE_CURVE ( 'NONE', #280, #1831, #846, .T. ) ;
#1603 = CARTESIAN_POINT ( 'NONE',  ( -13.96882180821687847, -8.500000000000000000, 2.869369369369367817 ) ) ;
#1604 = AXIS2_PLACEMENT_3D ( 'NONE', #3360, #1759, #3398 ) ;
#1605 = LINE ( 'NONE', #2750, #924 ) ;
#1606 = ORIENTED_EDGE ( 'NONE', *, *, #520, .F. ) ;
#1607 = ORIENTED_EDGE ( 'NONE', *, *, #51, .T. ) ;
#1608 = LINE ( 'NONE', #3043, #693 ) ;
#1609 = EDGE_CURVE ( 'NONE', #3594, #1847, #1147, .T. ) ;
#1610 = CARTESIAN_POINT ( 'NONE',  ( -12.22408882090944182, -1.499999999999999556, -10.82725708595006431 ) ) ;
#1611 = ORIENTED_EDGE ( 'NONE', *, *, #359, .F. ) ;
#1612 = STYLED_ITEM ( 'NONE', ( #3233 ), #951 ) ;
#1613 = EDGE_LOOP ( 'NONE', ( #1533, #339, #1394, #3058 ) ) ;
#1614 = DIRECTION ( 'NONE',  ( 0.000000000000000000, 0.000000000000000000, 1.000000000000000000 ) ) ;
#1615 = CARTESIAN_POINT ( 'NONE',  ( 7.745966692414836707, -8.500000000000000000, -2.500000000000000000 ) ) ;
#1616 = VERTEX_POINT ( 'NONE', #1318 ) ;
#1617 = VERTEX_POINT ( 'NONE', #2420 ) ;
#1618 = AXIS2_PLACEMENT_3D ( 'NONE', #870, #2197, #1993 ) ;
#1619 = DIRECTION ( 'NONE',  ( 0.000000000000000000, 0.000000000000000000, 1.000000000000000000 ) ) ;
#1620 = CARTESIAN_POINT ( 'NONE',  ( -6.834676493307208389, -1.499999999999999556, -3.088235294117646745 ) ) ;
#1621 = VERTEX_POINT ( 'NONE', #2443 ) ;
#1622 = DIRECTION ( 'NONE',  ( -0.000000000000000000, -1.000000000000000000, -0.000000000000000000 ) ) ;
#1623 = VECTOR ( 'NONE', #2396, 1000.000000000000000 ) ;
#1624 = VERTEX_POINT ( 'NONE', #1656 ) ;
#1625 = DIRECTION ( 'NONE',  ( 0.000000000000000000, 0.000000000000000000, 1.000000000000000000 ) ) ;
#1626 = CIRCLE ( 'NONE', #629, 4.550000000000001599 ) ;
#1627 = DIRECTION ( 'NONE',  ( 0.000000000000000000, 0.000000000000000000, 1.000000000000000000 ) ) ;
#1628 = VERTEX_POINT ( 'NONE', #2557 ) ;
#1629 = ORIENTED_EDGE ( 'NONE', *, *, #382, .T. ) ;
#1630 = AXIS2_PLACEMENT_3D ( 'NONE', #776, #1941, #3038 ) ;
#1631 = VERTEX_POINT ( 'NONE', #1730 ) ;
#1632 = CARTESIAN_POINT ( 'NONE',  ( 0.000000000000000000, -1.500000000000000000, 0.000000000000000000 ) ) ;
#1633 = ADVANCED_FACE ( 'NONE', ( #2571 ), #619, .F. ) ;
#1634 = CIRCLE ( 'NONE', #1515, 1.000000000000000888 ) ;
#1635 = DIRECTION ( 'NONE',  ( 0.000000000000000000, 1.000000000000000000, 0.000000000000000000 ) ) ;
#1636 = VERTEX_POINT ( 'NONE', #82 ) ;
#1637 = EDGE_CURVE ( 'NONE', #2229, #1378, #2810, .T. ) ;
#1638 = ORIENTED_EDGE ( 'NONE', *, *, #419, .T. ) ;
#1639 = CARTESIAN_POINT ( 'NONE',  ( -12.22408882090951288, -1.499999999999999556, 10.82725708595003411 ) ) ;
#1640 = PLANE ( 'NONE',  #1265 ) ;
#1641 = EDGE_CURVE ( 'NONE', #112, #1317, #3111, .T. ) ;
#1642 = CARTESIAN_POINT ( 'NONE',  ( -11.54700538379261232, -1.500000000000000000, -19.99999999999996092 ) ) ;
#1643 = CYLINDRICAL_SURFACE ( 'NONE', #161, 1.000000000000000444 ) ;
#1644 = ORIENTED_EDGE ( 'NONE', *, *, #3593, .T. ) ;
#1645 = CYLINDRICAL_SURFACE ( 'NONE', #2882, 1.000000000000000888 ) ;
#1646 = AXIS2_PLACEMENT_3D ( 'NONE', #2787, #1075, #1094 ) ;
#1647 = ORIENTED_EDGE ( 'NONE', *, *, #2239, .F. ) ;
#1648 = AXIS2_PLACEMENT_3D ( 'NONE', #2820, #1770, #2315 ) ;
#1649 = DIRECTION ( 'NONE',  ( 0.000000000000000000, 1.000000000000000000, -0.000000000000000000 ) ) ;
#1650 = DIRECTION ( 'NONE',  ( -0.000000000000000000, 1.000000000000000000, -0.000000000000000000 ) ) ;
#1651 = VERTEX_POINT ( 'NONE', #3082 ) ;
#1652 = ORIENTED_EDGE ( 'NONE', *, *, #419, .F. ) ;
#1653 = CIRCLE ( 'NONE', #3323, 1.000000000000000888 ) ;
#1654 = VERTEX_POINT ( 'NONE', #2267 ) ;
#1655 = ORIENTED_EDGE ( 'NONE', *, *, #2324, .F. ) ;
#1656 = CARTESIAN_POINT ( 'NONE',  ( 0.8418944329592915610, -1.499999999999999556, -7.458203932499627875 ) ) ;
#1657 = ORIENTED_EDGE ( 'NONE', *, *, #3119, .T. ) ;
#1658 = CARTESIAN_POINT ( 'NONE',  ( 6.038046855670324398, -1.499999999999999556, 5.458203932496853206 ) ) ;
#1659 = ORIENTED_EDGE ( 'NONE', *, *, #1467, .T. ) ;
#1660 = EDGE_CURVE ( 'NONE', #2064, #2877, #1137, .T. ) ;
#1661 = ORIENTED_EDGE ( 'NONE', *, *, #2083, .F. ) ;
#1662 = FACE_OUTER_BOUND ( 'NONE', #565, .T. ) ;
#1663 = CARTESIAN_POINT ( 'NONE',  ( 23.09401076758504701, 1.500000000000000000, 0.000000000000000000 ) ) ;
#1664 = DIRECTION ( 'NONE',  ( -0.000000000000000000, 1.000000000000000000, -0.000000000000000000 ) ) ;
#1665 = AXIS2_PLACEMENT_3D ( 'NONE', #579, #2801, #3290 ) ;
#1666 = VECTOR ( 'NONE', #2313, 1000.000000000000000 ) ;
#1667 = DIRECTION ( 'NONE',  ( -0.000000000000000000, 1.000000000000000000, -0.000000000000000000 ) ) ;
#1668 = ORIENTED_EDGE ( 'NONE', *, *, #2883, .T. ) ;
#1669 = EDGE_CURVE ( 'NONE', #2365, #2302, #369, .T. ) ;
#1670 = AXIS2_PLACEMENT_3D ( 'NONE', #3191, #1267, #3271 ) ;
#1671 = CARTESIAN_POINT ( 'NONE',  ( 2.165063509463543312, -8.500000000000000000, -1.250000000001412870 ) ) ;
#1672 = DIRECTION ( 'NONE',  ( -0.5000000000000067724, 0.000000000000000000, 0.8660254037844347108 ) ) ;
#1673 = EDGE_CURVE ( 'NONE', #46, #843, #1203, .T. ) ;
#1674 = ORIENTED_EDGE ( 'NONE', *, *, #1146, .T. ) ;
#1675 = ORIENTED_EDGE ( 'NONE', *, *, #2262, .F. ) ;
#1676 = ORIENTED_EDGE ( 'NONE', *, *, #1673, .T. ) ;
#1677 = AXIS2_PLACEMENT_3D ( 'NONE', #2858, #1418, #2520 ) ;
#1678 = LINE ( 'NONE', #2464, #410 ) ;
#1679 = EDGE_LOOP ( 'NONE', ( #1791, #2752, #871, #304 ) ) ;
#1680 = CARTESIAN_POINT ( 'NONE',  ( 8.750000000000007105, -1.499999999999999556, -15.15544456622769331 ) ) ;
#1681 = ORIENTED_EDGE ( 'NONE', *, *, #938, .F. ) ;
#1682 = DIRECTION ( 'NONE',  ( -0.000000000000000000, 1.000000000000000000, -0.000000000000000000 ) ) ;
#1683 = DIRECTION ( 'NONE',  ( -0.000000000000000000, 1.000000000000000000, -0.000000000000000000 ) ) ;
#1684 = EDGE_CURVE ( 'NONE', #3474, #3490, #2700, .T. ) ;
#1685 = CIRCLE ( 'NONE', #337, 4.550000000000001599 ) ;
#1686 = CARTESIAN_POINT ( 'NONE',  ( -4.431305835111842839, -8.500000000000000000, 12.67524685028541676 ) ) ;
#1687 = DIRECTION ( 'NONE',  ( -1.000000000000000000, 0.000000000000000000, 0.000000000000000000 ) ) ;
#1688 = ORIENTED_EDGE ( 'NONE', *, *, #2470, .F. ) ;
#1689 = EDGE_CURVE ( 'NONE', #2015, #262, #1144, .T. ) ;
#1690 = EDGE_CURVE ( 'NONE', #3279, #2079, #321, .T. ) ;
#1691 = CARTESIAN_POINT ( 'NONE',  ( 7.745966692414836707, -1.499999999999999556, 2.500000000000000444 ) ) ;
#1692 = AXIS2_PLACEMENT_3D ( 'NONE', #1836, #154, #1045 ) ;
#1693 = CYLINDRICAL_SURFACE ( 'NONE', #1221, 1.000000000000000444 ) ;
#1694 = ORIENTED_EDGE ( 'NONE', *, *, #2187, .T. ) ;
#1695 = ORIENTED_EDGE ( 'NONE', *, *, #1813, .F. ) ;
#1696 = VECTOR ( 'NONE', #1744, 1000.000000000000000 ) ;
#1697 = DIRECTION ( 'NONE',  ( 0.000000000000000000, 0.000000000000000000, 1.000000000000000000 ) ) ;
#1698 = CARTESIAN_POINT ( 'NONE',  ( 11.59812687119604391, -1.499999999999999556, 11.60711068600008034 ) ) ;
#1699 = CIRCLE ( 'NONE', #2609, 0.9999999999999991118 ) ;
#1700 = ORIENTED_EDGE ( 'NONE', *, *, #3486, .F. ) ;
#1701 = PRODUCT ( 'shaft plate top', 'shaft plate top', '', ( #1783 ) ) ;
#1702 = CIRCLE ( 'NONE', #583, 1.249999999999999334 ) ;
#1703 = ORIENTED_EDGE ( 'NONE', *, *, #1294, .T. ) ;
#1704 = DIRECTION ( 'NONE',  ( -0.000000000000000000, 1.000000000000000000, -0.000000000000000000 ) ) ;
#1705 = CARTESIAN_POINT ( 'NONE',  ( -4.252989283015924826, -8.500000000000000000, 15.84782784977072367 ) ) ;
#1706 = DIRECTION ( 'NONE',  ( -0.000000000000000000, -1.000000000000000000, -0.000000000000000000 ) ) ;
#1707 = LINE ( 'NONE', #2802, #1095 ) ;
#1708 = ORIENTED_EDGE ( 'NONE', *, *, #2161, .T. ) ;
#1709 = DIRECTION ( 'NONE',  ( 0.000000000000000000, 0.000000000000000000, 1.000000000000000000 ) ) ;
#1710 = VECTOR ( 'NONE', #3238, 1000.000000000000000 ) ;
#1711 = DIRECTION ( 'NONE',  ( 0.000000000000000000, 1.000000000000000000, 0.000000000000000000 ) ) ;
#1712 = VERTEX_POINT ( 'NONE', #1531 ) ;
#1713 = VECTOR ( 'NONE', #1787, 1000.000000000000000 ) ;
#1714 = VERTEX_POINT ( 'NONE', #66 ) ;
#1715 = DIRECTION ( 'NONE',  ( 0.000000000000000000, 0.000000000000000000, 1.000000000000000000 ) ) ;
#1716 = CARTESIAN_POINT ( 'NONE',  ( -4.000000000000000000, -1.500000000000000000, 1.800000000000000044 ) ) ;
#1717 = EDGE_CURVE ( 'NONE', #1278, #2226, #3164, .T. ) ;
#1718 = ORIENTED_EDGE ( 'NONE', *, *, #1104, .T. ) ;
#1719 = DIRECTION ( 'NONE',  ( 0.000000000000000000, 1.000000000000000000, 0.000000000000000000 ) ) ;
#1720 = DIRECTION ( 'NONE',  ( -0.000000000000000000, 0.000000000000000000, -1.000000000000000000 ) ) ;
#1721 = EDGE_CURVE ( 'NONE', #1374, #2538, #1016, .T. ) ;
#1722 = LINE ( 'NONE', #2293, #3280 ) ;
#1723 = CARTESIAN_POINT ( 'NONE',  ( -4.499464137394546981, -1.499999999999999556, 13.53203923153626853 ) ) ;
#1724 = AXIS2_PLACEMENT_3D ( 'NONE', #1218, #3407, #904 ) ;
#1725 = FACE_OUTER_BOUND ( 'NONE', #2018, .T. ) ;
#1726 = CARTESIAN_POINT ( 'NONE',  ( 7.745966692414836707, 1.500000000000000000, -3.500000000000000888 ) ) ;
#1727 = ADVANCED_FACE ( 'NONE', ( #2824 ), #301, .F. ) ;
#1728 = EDGE_LOOP ( 'NONE', ( #2185, #314, #3299, #2081 ) ) ;
#1729 = ORIENTED_EDGE ( 'NONE', *, *, #3025, .F. ) ;
#1730 = CARTESIAN_POINT ( 'NONE',  ( 17.50000000000001421, -1.500000000000000000, 1.250000000000005773 ) ) ;
#1731 = CARTESIAN_POINT ( 'NONE',  ( -0.7428480290812981002, -8.500000000000000000, -7.463121116911479724 ) ) ;
#1732 = EDGE_CURVE ( 'NONE', #1616, #2671, #3354, .T. ) ;
#1733 = EDGE_LOOP ( 'NONE', ( #2367, #2214, #3262, #3339 ) ) ;
#1734 = DIRECTION ( 'NONE',  ( 0.000000000000000000, 0.000000000000000000, 1.000000000000000000 ) ) ;
#1735 = PLANE ( 'NONE',  #1032 ) ;
#1736 = DIRECTION ( 'NONE',  ( 0.000000000000000000, 1.000000000000000000, 0.000000000000000000 ) ) ;
#1737 = DIRECTION ( 'NONE',  ( -0.000000000000000000, 1.000000000000000000, -0.000000000000000000 ) ) ;
#1738 = VECTOR ( 'NONE', #1805, 1000.000000000000000 ) ;
#1739 = CARTESIAN_POINT ( 'NONE',  ( 12.22408882090946136, -8.500000000000000000, 11.82725708595006076 ) ) ;
#1740 = DIRECTION ( 'NONE',  ( -0.000000000000000000, 1.000000000000000000, -0.000000000000000000 ) ) ;
#1741 = ORIENTED_EDGE ( 'NONE', *, *, #3269, .F. ) ;
#1742 = CIRCLE ( 'NONE', #2888, 1.000000000000000888 ) ;
#1743 = FACE_BOUND ( 'NONE', #1929, .T. ) ;
#1744 = DIRECTION ( 'NONE',  ( -0.000000000000000000, 1.000000000000000000, -0.000000000000000000 ) ) ;
#1745 = AXIS2_PLACEMENT_3D ( 'NONE', #1184, #1720, #358 ) ;
#1746 = EDGE_LOOP ( 'NONE', ( #2919, #1268, #2286, #3227, #2638, #159, #956, #22, #289, #3587, #1843, #2233 ) ) ;
#1747 = VERTEX_POINT ( 'NONE', #2631 ) ;
#1748 = LINE ( 'NONE', #2271, #3333 ) ;
#1749 = VECTOR ( 'NONE', #783, 1000.000000000000114 ) ;
#1750 = DIRECTION ( 'NONE',  ( -0.8660254037844415942, 0.000000000000000000, -0.4999999999999950595 ) ) ;
#1751 = AXIS2_PLACEMENT_3D ( 'NONE', #3460, #403, #3514 ) ;
#1752 = DIRECTION ( 'NONE',  ( 0.000000000000000000, 0.000000000000000000, 1.000000000000000000 ) ) ;
#1753 = CARTESIAN_POINT ( 'NONE',  ( 7.745966692414836707, -8.500000000000000000, 2.500000000000000444 ) ) ;
#1754 = ADVANCED_FACE ( 'NONE', ( #2230, #3382, #880, #3100, #336, #2287, #1136, #3117, #3059, #1743, #2842, #354, #1120, #1567 ), #195, .F. ) ;
#1755 = DIRECTION ( 'NONE',  ( 0.000000000000000000, 1.000000000000000000, 0.000000000000000000 ) ) ;
#1756 = DIRECTION ( 'NONE',  ( -0.000000000000000000, 1.000000000000000000, -0.000000000000000000 ) ) ;
#1757 = ORIENTED_EDGE ( 'NONE', *, *, #770, .F. ) ;
#1758 = VERTEX_POINT ( 'NONE', #3489 ) ;
#1759 = DIRECTION ( 'NONE',  ( 0.000000000000000000, 1.000000000000000000, 0.000000000000000000 ) ) ;
#1760 = LINE ( 'NONE', #2541, #1217 ) ;
#1761 = VERTEX_POINT ( 'NONE', #1584 ) ;
#1762 = CIRCLE ( 'NONE', #468, 1.000000000000000444 ) ;
#1763 = ORIENTED_EDGE ( 'NONE', *, *, #1566, .T. ) ;
#1764 = AXIS2_PLACEMENT_3D ( 'NONE', #3171, #462, #1288 ) ;
#1765 = LINE ( 'NONE', #69, #3102 ) ;
#1766 = DIRECTION ( 'NONE',  ( 0.000000000000000000, 0.000000000000000000, 1.000000000000000000 ) ) ;
#1767 = EDGE_CURVE ( 'NONE', #179, #3033, #2468, .T. ) ;
#1768 = CARTESIAN_POINT ( 'NONE',  ( 4.499464137392734209, -1.499999999999999556, -13.53203923154092259 ) ) ;
#1769 = CARTESIAN_POINT ( 'NONE',  ( 0.7428480290817266463, 1.500000000000000000, -7.463121116911437092 ) ) ;
#1770 = DIRECTION ( 'NONE',  ( -0.000000000000000000, 1.000000000000000000, -0.000000000000000000 ) ) ;
#1771 = EDGE_CURVE ( 'NONE', #507, #1355, #1199, .T. ) ;
#1772 = DIRECTION ( 'NONE',  ( 0.000000000000000000, 1.000000000000000000, -0.000000000000000000 ) ) ;
#1773 = ORIENTED_EDGE ( 'NONE', *, *, #3032, .T. ) ;
#1774 = CIRCLE ( 'NONE', #2693, 1.000000000000002665 ) ;
#1775 = EDGE_CURVE ( 'NONE', #268, #1810, #837, .T. ) ;
#1776 = DIRECTION ( 'NONE',  ( 0.4999999999999996669, 0.000000000000000000, -0.8660254037844388186 ) ) ;
#1777 = AXIS2_PLACEMENT_3D ( 'NONE', #1202, #2328, #3126 ) ;
#1778 = ORIENTED_EDGE ( 'NONE', *, *, #3601, .F. ) ;
#1779 = EDGE_LOOP ( 'NONE', ( #3241, #929, #989, #1173, #2560, #2944, #1125, #2772, #2827, #15, #3000, #2633, #453 ) ) ;
#1780 = CARTESIAN_POINT ( 'NONE',  ( -8.749999999999998224, 1.500000000000000000, -15.15544456622769509 ) ) ;
#1781 = DIRECTION ( 'NONE',  ( 0.000000000000000000, 0.000000000000000000, 1.000000000000000000 ) ) ;
#1782 = LINE ( 'NONE', #916, #2035 ) ;
#1783 = PRODUCT_CONTEXT ( 'NONE', #2929, 'mechanical' ) ;
#1784 = AXIS2_PLACEMENT_3D ( 'NONE', #3341, #567, #48 ) ;
#1785 = CARTESIAN_POINT ( 'NONE',  ( 13.96882180821688202, -8.500000000000000000, 2.869369369369367373 ) ) ;
#1786 = DIRECTION ( 'NONE',  ( 0.4999999999999997224, 0.000000000000000000, -0.8660254037844387076 ) ) ;
#1787 = DIRECTION ( 'NONE',  ( -0.000000000000000000, 1.000000000000000000, -0.000000000000000000 ) ) ;
#1788 = EDGE_CURVE ( 'NONE', #2030, #306, #158, .T. ) ;
#1789 = DIRECTION ( 'NONE',  ( 1.000000000000000000, 0.000000000000000000, -3.455323577095457193E-15 ) ) ;
#1790 = ORIENTED_EDGE ( 'NONE', *, *, #3053, .T. ) ;
#1791 = ORIENTED_EDGE ( 'NONE', *, *, #2239, .T. ) ;
#1792 = CARTESIAN_POINT ( 'NONE',  ( -9.184850993605148438E-17, -8.500000000000000000, 7.500000000000001776 ) ) ;
#1793 = ORIENTED_EDGE ( 'NONE', *, *, #1522, .F. ) ;
#1794 = ADVANCED_FACE ( 'NONE', ( #482 ), #967, .F. ) ;
#1795 = EDGE_LOOP ( 'NONE', ( #2951, #2857, #3595, #173, #1906, #3462, #761, #1900, #2147, #655, #2354, #296, #564 ) ) ;
#1796 = AXIS2_PLACEMENT_3D ( 'NONE', #1187, #3390, #2547 ) ;
#1797 = DIRECTION ( 'NONE',  ( 0.000000000000000000, 1.000000000000000000, 0.000000000000000000 ) ) ;
#1798 =( NAMED_UNIT ( * ) PLANE_ANGLE_UNIT ( ) SI_UNIT ( $, .RADIAN. ) );
#1799 = AXIS2_PLACEMENT_3D ( 'NONE', #3268, #768, #3563 ) ;
#1800 = CIRCLE ( 'NONE', #2429, 1.000000000000000888 ) ;
#1801 = DIRECTION ( 'NONE',  ( 0.000000000000000000, 0.000000000000000000, 1.000000000000000000 ) ) ;
#1802 = CARTESIAN_POINT ( 'NONE',  ( 1.707919836749406839, 1.500000000000000000, 7.958203932499066546 ) ) ;
#1803 = CIRCLE ( 'NONE', #2208, 1.249999999999999334 ) ;
#1804 = LINE ( 'NONE', #2899, #3559 ) ;
#1805 = DIRECTION ( 'NONE',  ( -0.000000000000000000, 1.000000000000000000, -0.000000000000000000 ) ) ;
#1806 = ADVANCED_FACE ( 'NONE', ( #2666 ), #2129, .F. ) ;
#1807 = ORIENTED_EDGE ( 'NONE', *, *, #2476, .F. ) ;
#1808 = CYLINDRICAL_SURFACE ( 'NONE', #1165, 4.550000000000001599 ) ;
#1809 = VERTEX_POINT ( 'NONE', #2916 ) ;
#1810 = VERTEX_POINT ( 'NONE', #2936 ) ;
#1811 = CIRCLE ( 'NONE', #3195, 1.000000000000000444 ) ;
#1812 = CARTESIAN_POINT ( 'NONE',  ( -8.750000000000053291, -1.500000000000000000, -16.40544456622765424 ) ) ;
#1813 = EDGE_CURVE ( 'NONE', #1712, #1590, #3369, .T. ) ;
#1814 = DIRECTION ( 'NONE',  ( -0.000000000000000000, -1.000000000000000000, -0.000000000000000000 ) ) ;
#1815 = AXIS2_PLACEMENT_3D ( 'NONE', #1588, #3199, #1332 ) ;
#1816 = CIRCLE ( 'NONE', #3092, 1.000000000000000444 ) ;
#1817 = CARTESIAN_POINT ( 'NONE',  ( -11.54700538379261232, 1.500000000000000000, -19.99999999999996092 ) ) ;
#1818 = CARTESIAN_POINT ( 'NONE',  ( -9.627458257813785281, -8.500000000000000000, -9.675246850287658518 ) ) ;
#1819 = ADVANCED_FACE ( 'NONE', ( #2990 ), #732, .F. ) ;
#1820 = CARTESIAN_POINT ( 'NONE',  ( -8.749999999999998224, -8.500000000000000000, -15.15544456622769509 ) ) ;
#1821 = AXIS2_PLACEMENT_3D ( 'NONE', #1476, #87, #2561 ) ;
#1822 = DIRECTION ( 'NONE',  ( 0.000000000000000000, 0.000000000000000000, 1.000000000000000000 ) ) ;
#1823 = DIRECTION ( 'NONE',  ( 0.000000000000000000, 0.000000000000000000, 1.000000000000000000 ) ) ;
#1824 = VECTOR ( 'NONE', #3029, 1000.000000000000000 ) ;
#1825 = ORIENTED_EDGE ( 'NONE', *, *, #640, .T. ) ;
#1826 = DIRECTION ( 'NONE',  ( 0.000000000000000000, 1.000000000000000000, -0.000000000000000000 ) ) ;
#1827 = EDGE_CURVE ( 'NONE', #282, #559, #1504, .T. ) ;
#1828 = DIRECTION ( 'NONE',  ( 0.000000000000000000, 1.000000000000000000, 0.000000000000000000 ) ) ;
#1829 = DIRECTION ( 'NONE',  ( -0.000000000000000000, 1.000000000000000000, -0.000000000000000000 ) ) ;
#1830 = ORIENTED_EDGE ( 'NONE', *, *, #379, .T. ) ;
#1831 = VERTEX_POINT ( 'NONE', #1620 ) ;
#1832 = AXIS2_PLACEMENT_3D ( 'NONE', #3452, #2913, #1852 ) ;
#1833 = CARTESIAN_POINT ( 'NONE',  ( 16.35474950397707161, 1.500000000000000000, -5.672742914049951679 ) ) ;
#1834 = EDGE_CURVE ( 'NONE', #2101, #243, #3212, .T. ) ;
#1835 = DIRECTION ( 'NONE',  ( -0.000000000000000000, -1.000000000000000000, 0.000000000000000000 ) ) ;
#1836 = CARTESIAN_POINT ( 'NONE',  ( 9.627458257814346609, -1.499999999999999556, -9.675246850287742006 ) ) ;
#1837 = EDGE_LOOP ( 'NONE', ( #2652, #2974, #570, #1315, #1336, #2765, #2601, #1072, #14, #794, #1763, #2435 ) ) ;
#1838 = CARTESIAN_POINT ( 'NONE',  ( 11.54700538379275621, 1.500000000000000000, 19.99999999999987566 ) ) ;
#1839 = FACE_OUTER_BOUND ( 'NONE', #3505, .T. ) ;
#1840 = ORIENTED_EDGE ( 'NONE', *, *, #3317, .T. ) ;
#1841 = ORIENTED_EDGE ( 'NONE', *, *, #1151, .T. ) ;
#1842 = DIRECTION ( 'NONE',  ( -0.000000000000000000, 1.000000000000000000, -0.000000000000000000 ) ) ;
#1843 = ORIENTED_EDGE ( 'NONE', *, *, #897, .T. ) ;
#1844 = CYLINDRICAL_SURFACE ( 'NONE', #2158, 4.549999999999998934 ) ;
#1845 = CARTESIAN_POINT ( 'NONE',  ( 0.8418944329649671321, -8.500000000000000000, 8.458203932499065658 ) ) ;
#1846 = ORIENTED_EDGE ( 'NONE', *, *, #1435, .T. ) ;
#1847 = VERTEX_POINT ( 'NONE', #1289 ) ;
#1848 = CARTESIAN_POINT ( 'NONE',  ( -12.22408882090951288, -1.499999999999999556, 11.82725708595003411 ) ) ;
#1849 = CARTESIAN_POINT ( 'NONE',  ( -17.50000000000000000, 1.500000000000000000, 1.769808360342463528E-14 ) ) ;
#1850 = AXIS2_PLACEMENT_3D ( 'NONE', #235, #2472, #812 ) ;
#1851 = ORIENTED_EDGE ( 'NONE', *, *, #2399, .F. ) ;
#1852 = DIRECTION ( 'NONE',  ( 0.000000000000000000, 0.000000000000000000, 1.000000000000000000 ) ) ;
#1853 = AXIS2_PLACEMENT_3D ( 'NONE', #2042, #628, #58 ) ;
#1854 = FACE_OUTER_BOUND ( 'NONE', #2575, .T. ) ;
#1855 = COLOUR_RGB ( '',0.7921568627450980005, 0.8196078431372548767, 0.9333333333333333481 ) ;
#1856 = LINE ( 'NONE', #3545, #1526 ) ;
#1857 = DIRECTION ( 'NONE',  ( 0.000000000000000000, 0.000000000000000000, 1.000000000000000000 ) ) ;
#1858 = ADVANCED_FACE ( 'NONE', ( #2398 ), #3509, .F. ) ;
#1859 = AXIS2_PLACEMENT_3D ( 'NONE', #3118, #881, #1436 ) ;
#1860 = SURFACE_STYLE_USAGE ( .BOTH. , #3255 ) ;
#1861 = VERTEX_POINT ( 'NONE', #715 ) ;
#1862 = VECTOR ( 'NONE', #2568, 1000.000000000000000 ) ;
#1863 = CARTESIAN_POINT ( 'NONE',  ( -12.22408882090951288, -1.499999999999999556, 10.82725708595003411 ) ) ;
#1864 = CARTESIAN_POINT ( 'NONE',  ( 15.48872410019256129, -1.499999999999999556, 5.172742914049921481 ) ) ;
#1865 = EDGE_LOOP ( 'NONE', ( #318, #1081, #7, #1052 ) ) ;
#1866 = ORIENTED_EDGE ( 'NONE', *, *, #556, .T. ) ;
#1867 = CYLINDRICAL_SURFACE ( 'NONE', #2250, 1.000000000000000888 ) ;
#1868 = CARTESIAN_POINT ( 'NONE',  ( 8.750000000000005329, 1.500000000000000000, 13.90544456622769154 ) ) ;
#1869 = AXIS2_PLACEMENT_3D ( 'NONE', #1089, #2530, #3311 ) ;
#1870 = ORIENTED_EDGE ( 'NONE', *, *, #2265, .T. ) ;
#1871 = AXIS2_PLACEMENT_3D ( 'NONE', #182, #3496, #3216 ) ;
#1872 = CYLINDRICAL_SURFACE ( 'NONE', #2009, 4.550000000000002487 ) ;
#1873 = CARTESIAN_POINT ( 'NONE',  ( -15.85111615421194031, -1.499999999999999556, -4.240717163770692189 ) ) ;
#1874 = ADVANCED_FACE ( 'NONE', ( #2972 ), #2380, .F. ) ;
#1875 = AXIS2_PLACEMENT_3D ( 'NONE', #3112, #76, #3409 ) ;
#1876 = CARTESIAN_POINT ( 'NONE',  ( -1.990540770086660026E-16, 1.500000000000000000, -2.499999999999999556 ) ) ;
#1877 = DIRECTION ( 'NONE',  ( 0.000000000000000000, 0.000000000000000000, 1.000000000000000000 ) ) ;
#1878 = CIRCLE ( 'NONE', #988, 1.250000000000001110 ) ;
#1879 = LINE ( 'NONE', #3293, #277 ) ;
#1880 = ADVANCED_FACE ( 'NONE', ( #1839 ), #1308, .F. ) ;
#1881 = CYLINDRICAL_SURFACE ( 'NONE', #16, 1.000000000000000888 ) ;
#1882 = CARTESIAN_POINT ( 'NONE',  ( -11.54700538379261232, -1.500000000000000000, -19.99999999999996092 ) ) ;
#1883 = ORIENTED_EDGE ( 'NONE', *, *, #12, .F. ) ;
#1884 = VERTEX_POINT ( 'NONE', #2702 ) ;
#1885 = ORIENTED_EDGE ( 'NONE', *, *, #3002, .T. ) ;
#1886 = ADVANCED_FACE ( 'NONE', ( #2180 ), #558, .F. ) ;
#1887 = LINE ( 'NONE', #264, #2736 ) ;
#1888 = ORIENTED_EDGE ( 'NONE', *, *, #3412, .F. ) ;
#1889 = FACE_BOUND ( 'NONE', #129, .T. ) ;
#1890 = CIRCLE ( 'NONE', #2918, 7.500000000000001776 ) ;
#1891 = ORIENTED_EDGE ( 'NONE', *, *, #1376, .F. ) ;
#1892 = CARTESIAN_POINT ( 'NONE',  ( -6.038046855670033075, -8.500000000000000000, 5.458203932497262656 ) ) ;
#1893 = DIRECTION ( 'NONE',  ( -0.5000000000000008882, 0.000000000000000000, -0.8660254037844380415 ) ) ;
#1894 = AXIS2_PLACEMENT_3D ( 'NONE', #1491, #57, #1478 ) ;
#1895 = DIRECTION ( 'NONE',  ( 0.000000000000000000, 0.000000000000000000, 1.000000000000000000 ) ) ;
#1896 = DIRECTION ( 'NONE',  ( -0.000000000000000000, -1.000000000000000000, -0.000000000000000000 ) ) ;
#1897 = ORIENTED_EDGE ( 'NONE', *, *, #2932, .T. ) ;
#1898 = DIRECTION ( 'NONE',  ( -0.000000000000000000, 1.000000000000000000, -0.000000000000000000 ) ) ;
#1899 = EDGE_CURVE ( 'NONE', #3068, #2371, #313, .T. ) ;
#1900 = ORIENTED_EDGE ( 'NONE', *, *, #4, .F. ) ;
#1901 = LINE ( 'NONE', #775, #1051 ) ;
#1902 = DIRECTION ( 'NONE',  ( 0.000000000000000000, 0.000000000000000000, 1.000000000000000000 ) ) ;
#1903 = EDGE_CURVE ( 'NONE', #2235, #1974, #542, .T. ) ;
#1904 = ORIENTED_EDGE ( 'NONE', *, *, #591, .T. ) ;
#1905 = ORIENTED_EDGE ( 'NONE', *, *, #276, .F. ) ;
#1906 = ORIENTED_EDGE ( 'NONE', *, *, #2179, .F. ) ;
#1907 = CARTESIAN_POINT ( 'NONE',  ( 13.19273868914365799, -1.499999999999999556, -3.500000000000000888 ) ) ;
#1908 = ORIENTED_EDGE ( 'NONE', *, *, #2276, .F. ) ;
#1909 = CARTESIAN_POINT ( 'NONE',  ( -4.000000000000000000, -1.500000000000000000, 3.000000000000000000 ) ) ;
#1910 = ADVANCED_FACE ( 'NONE', ( #1958 ), #40, .F. ) ;
#1911 = ORIENTED_EDGE ( 'NONE', *, *, #1558, .T. ) ;
#1912 = AXIS2_PLACEMENT_3D ( 'NONE', #2595, #917, #886 ) ;
#1913 = CARTESIAN_POINT ( 'NONE',  ( -6.091828464224532169, 1.500000000000000000, 4.374885822791697798 ) ) ;
#1914 = DIRECTION ( 'NONE',  ( -0.8660254037844419273, 0.000000000000000000, 0.4999999999999945044 ) ) ;
#1915 = ORIENTED_EDGE ( 'NONE', *, *, #1558, .F. ) ;
#1916 = VECTOR ( 'NONE', #2377, 1000.000000000000000 ) ;
#1917 = CARTESIAN_POINT ( 'NONE',  ( 16.35474950397700056, 1.499999999999999556, 5.672742914049922369 ) ) ;
#1918 = CYLINDRICAL_SURFACE ( 'NONE', #796, 5.000000000000000000 ) ;
#1919 = ORIENTED_EDGE ( 'NONE', *, *, #3418, .T. ) ;
#1920 = DIRECTION ( 'NONE',  ( -0.4999999999999996669, 0.000000000000000000, 0.8660254037844388186 ) ) ;
#1921 = DIRECTION ( 'NONE',  ( 0.000000000000000000, 0.000000000000000000, 1.000000000000000000 ) ) ;
#1922 = AXIS2_PLACEMENT_3D ( 'NONE', #1610, #1362, #2735 ) ;
#1923 = PLANE ( 'NONE',  #2378 ) ;
#1924 = EDGE_CURVE ( 'NONE', #3116, #2130, #2372, .T. ) ;
#1925 = EDGE_LOOP ( 'NONE', ( #1107, #3288 ) ) ;
#1926 = AXIS2_PLACEMENT_3D ( 'NONE', #2417, #202, #242 ) ;
#1927 = EDGE_LOOP ( 'NONE', ( #2889, #778, #2798, #1553 ) ) ;
#1928 = DIRECTION ( 'NONE',  ( 0.000000000000000000, 1.000000000000000000, -0.000000000000000000 ) ) ;
#1929 = EDGE_LOOP ( 'NONE', ( #2605, #1409 ) ) ;
#1930 = DIRECTION ( 'NONE',  ( 0.000000000000000000, 0.000000000000000000, -1.000000000000000000 ) ) ;
#1931 = VERTEX_POINT ( 'NONE', #3586 ) ;
#1932 = ADVANCED_FACE ( 'NONE', ( #1388 ), #1918, .F. ) ;
#1933 = DIRECTION ( 'NONE',  ( 0.000000000000000000, 1.000000000000000000, -0.000000000000000000 ) ) ;
#1934 = FACE_OUTER_BOUND ( 'NONE', #1728, .T. ) ;
#1935 = CARTESIAN_POINT ( 'NONE',  ( 13.09011422469390418, -1.499999999999999556, 11.32725708595005898 ) ) ;
#1936 = EDGE_CURVE ( 'NONE', #2877, #2030, #2745, .T. ) ;
#1937 = CARTESIAN_POINT ( 'NONE',  ( -17.50000000000000355, -1.499999999999999556, -1.655234598692008349E-14 ) ) ;
#1938 = UNCERTAINTY_MEASURE_WITH_UNIT (LENGTH_MEASURE( 1.000000000000000082E-05 ), #1373, 'distance_accuracy_value', 'NONE');
#1939 = AXIS2_PLACEMENT_3D ( 'NONE', #1976, #2749, #2727 ) ;
#1940 = DIRECTION ( 'NONE',  ( 0.000000000000000000, 1.000000000000000000, -0.000000000000000000 ) ) ;
#1941 = DIRECTION ( 'NONE',  ( 0.000000000000000000, 1.000000000000000000, -0.000000000000000000 ) ) ;
#1942 = ORIENTED_EDGE ( 'NONE', *, *, #2849, .F. ) ;
#1943 = ORIENTED_EDGE ( 'NONE', *, *, #3223, .T. ) ;
#1944 = EDGE_CURVE ( 'NONE', #2732, #93, #2082, .T. ) ;
#1945 = LINE ( 'NONE', #2172, #1514 ) ;
#1946 = ORIENTED_EDGE ( 'NONE', *, *, #3120, .F. ) ;
#1947 = FACE_BOUND ( 'NONE', #1925, .T. ) ;
#1948 = ADVANCED_FACE ( 'NONE', ( #3372 ), #1111, .F. ) ;
#1949 = AXIS2_PLACEMENT_3D ( 'NONE', #1639, #269, #3007 ) ;
#1950 = ORIENTED_EDGE ( 'NONE', *, *, #1246, .F. ) ;
#1951 = DIRECTION ( 'NONE',  ( 0.000000000000000000, 0.000000000000000000, 1.000000000000000000 ) ) ;
#1952 = DIRECTION ( 'NONE',  ( -0.000000000000000000, 1.000000000000000000, -0.000000000000000000 ) ) ;
#1953 = ORIENTED_EDGE ( 'NONE', *, *, #1326, .T. ) ;
#1954 = AXIS2_PLACEMENT_3D ( 'NONE', #3402, #624, #2526 ) ;
#1955 = ADVANCED_FACE ( 'NONE', ( #295 ), #2220, .F. ) ;
#1956 = DIRECTION ( 'NONE',  ( -0.000000000000000000, 1.000000000000000000, -0.000000000000000000 ) ) ;
#1957 = CIRCLE ( 'NONE', #428, 1.249999999999999334 ) ;
#1958 = FACE_OUTER_BOUND ( 'NONE', #2382, .T. ) ;
#1959 = ORIENTED_EDGE ( 'NONE', *, *, #1669, .T. ) ;
#1960 = CARTESIAN_POINT ( 'NONE',  ( 6.038046855666997281, -1.499999999999999556, -5.458203932501485944 ) ) ;
#1961 = CARTESIAN_POINT ( 'NONE',  ( -11.59812687119602792, -8.500000000000000000, -11.60711068600008922 ) ) ;
#1962 = EDGE_LOOP ( 'NONE', ( #1460, #2840, #3294, #1943, #2164, #473, #3517, #972, #187, #2846, #471, #1024, #945 ) ) ;
#1963 = VERTEX_POINT ( 'NONE', #2260 ) ;
#1964 = ORIENTED_EDGE ( 'NONE', *, *, #1186, .T. ) ;
#1965 = CARTESIAN_POINT ( 'NONE',  ( -6.038046855666712176, -8.500000000000000000, -5.458203932501884736 ) ) ;
#1966 = CARTESIAN_POINT ( 'NONE',  ( -3.264635279283147007, 1.500000000000000000, 16.99999999999996803 ) ) ;
#1967 = ORIENTED_EDGE ( 'NONE', *, *, #1264, .F. ) ;
#1968 = ORIENTED_EDGE ( 'NONE', *, *, #2835, .F. ) ;
#1969 = CARTESIAN_POINT ( 'NONE',  ( -4.431305835111842839, -1.499999999999999556, 12.67524685028541676 ) ) ;
#1970 = LINE ( 'NONE', #230, #738 ) ;
#1971 = EDGE_CURVE ( 'NONE', #1621, #2079, #1742, .T. ) ;
#1972 = FACE_OUTER_BOUND ( 'NONE', #3219, .T. ) ;
#1973 = DIRECTION ( 'NONE',  ( 0.000000000000000000, 1.000000000000000000, -0.000000000000000000 ) ) ;
#1974 = VERTEX_POINT ( 'NONE', #1091 ) ;
#1975 = AXIS2_PLACEMENT_3D ( 'NONE', #427, #982, #3485 ) ;
#1976 = CARTESIAN_POINT ( 'NONE',  ( 8.750000000000007105, -8.500000000000000000, -15.15544456622769331 ) ) ;
#1977 = ADVANCED_FACE ( 'NONE', ( #3352 ), #1643, .F. ) ;
#1978 = AXIS2_PLACEMENT_3D ( 'NONE', #2024, #2008, #2610 ) ;
#1979 = CYLINDRICAL_SURFACE ( 'NONE', #2150, 1.000000000000000888 ) ;
#1980 = ORIENTED_EDGE ( 'NONE', *, *, #931, .F. ) ;
#1981 = VECTOR ( 'NONE', #338, 1000.000000000000114 ) ;
#1982 = DIRECTION ( 'NONE',  ( 0.000000000000000000, 1.000000000000000000, -0.000000000000000000 ) ) ;
#1983 = CARTESIAN_POINT ( 'NONE',  ( 0.7428480290817266463, -1.499999999999999556, -7.463121116911437092 ) ) ;
#1984 = CIRCLE ( 'NONE', #3015, 1.249999999999999334 ) ;
#1985 = ORIENTED_EDGE ( 'NONE', *, *, #1395, .T. ) ;
#1986 = AXIS2_PLACEMENT_3D ( 'NONE', #1632, #2695, #206 ) ;
#1987 = CIRCLE ( 'NONE', #232, 1.000000000000000888 ) ;
#1988 = ORIENTED_EDGE ( 'NONE', *, *, #1689, .T. ) ;
#1989 = DIRECTION ( 'NONE',  ( 0.000000000000000000, 0.000000000000000000, 1.000000000000000000 ) ) ;
#1990 = DIRECTION ( 'NONE',  ( -1.000000000000000000, 0.000000000000000000, 0.000000000000000000 ) ) ;
#1991 = CARTESIAN_POINT ( 'NONE',  ( -4.499464137392565455, 1.500000000000000000, -13.53203923154135246 ) ) ;
#1992 = EDGE_CURVE ( 'NONE', #1831, #1559, #1707, .T. ) ;
#1993 = DIRECTION ( 'NONE',  ( 0.000000000000000000, 0.000000000000000000, 1.000000000000000000 ) ) ;
#1994 = EDGE_LOOP ( 'NONE', ( #2737, #3575, #3121, #1946 ) ) ;
#1995 = DIRECTION ( 'NONE',  ( 0.000000000000000000, 0.000000000000000000, 1.000000000000000000 ) ) ;
#1996 = CIRCLE ( 'NONE', #2675, 4.550000000000001599 ) ;
#1997 = CARTESIAN_POINT ( 'NONE',  ( -8.750000000000053291, 1.500000000000000000, -15.15544456622765246 ) ) ;
#1998 = EDGE_LOOP ( 'NONE', ( #3415, #1967, #1659, #1674 ) ) ;
#1999 = ORIENTED_EDGE ( 'NONE', *, *, #1539, .F. ) ;
#2000 = EDGE_CURVE ( 'NONE', #491, #386, #3175, .T. ) ;
#2001 = VECTOR ( 'NONE', #20, 1000.000000000000000 ) ;
#2002 = ORIENTED_EDGE ( 'NONE', *, *, #74, .F. ) ;
#2003 = DIRECTION ( 'NONE',  ( 0.000000000000000000, 1.000000000000000000, 0.000000000000000000 ) ) ;
#2004 = DIRECTION ( 'NONE',  ( 0.000000000000000000, 1.000000000000000000, -0.000000000000000000 ) ) ;
#2005 = ORIENTED_EDGE ( 'NONE', *, *, #850, .T. ) ;
#2006 = ORIENTED_EDGE ( 'NONE', *, *, #2161, .F. ) ;
#2007 = CARTESIAN_POINT ( 'NONE',  ( -2.165063509458655222, -8.500000000000000000, 1.249999999998590905 ) ) ;
#2008 = DIRECTION ( 'NONE',  ( 0.000000000000000000, 1.000000000000000000, 0.000000000000000000 ) ) ;
#2009 = AXIS2_PLACEMENT_3D ( 'NONE', #2968, #409, #1247 ) ;
#2010 = DIRECTION ( 'NONE',  ( -0.000000000000000000, 1.000000000000000000, -0.000000000000000000 ) ) ;
#2011 = LINE ( 'NONE', #1753, #2945 ) ;
#2012 = VECTOR ( 'NONE', #674, 1000.000000000000000 ) ;
#2013 = CARTESIAN_POINT ( 'NONE',  ( -2.165063509458655222, 1.500000000000000000, 1.249999999998590905 ) ) ;
#2014 = DIRECTION ( 'NONE',  ( -0.000000000000000000, 1.000000000000000000, -0.000000000000000000 ) ) ;
#2015 = VERTEX_POINT ( 'NONE', #3089 ) ;
#2016 = CIRCLE ( 'NONE', #477, 0.9999999999999991118 ) ;
#2017 = ADVANCED_FACE ( 'NONE', ( #1372 ), #597, .F. ) ;
#2018 = EDGE_LOOP ( 'NONE', ( #681, #1402, #3518, #2746 ) ) ;
#2019 = DIRECTION ( 'NONE',  ( -0.000000000000000000, 1.000000000000000000, -0.000000000000000000 ) ) ;
#2020 = LINE ( 'NONE', #2252, #968 ) ;
#2021 = ORIENTED_EDGE ( 'NONE', *, *, #1775, .F. ) ;
#2022 = DIRECTION ( 'NONE',  ( 0.000000000000000000, 0.000000000000000000, 1.000000000000000000 ) ) ;
#2023 = EDGE_CURVE ( 'NONE', #2365, #3149, #55, .T. ) ;
#2024 = CARTESIAN_POINT ( 'NONE',  ( -8.750000000000053291, 1.500000000000000000, -15.15544456622765246 ) ) ;
#2025 = CARTESIAN_POINT ( 'NONE',  ( -3.565280431327402244, -8.500000000000000000, 13.17524685028541320 ) ) ;
#2026 = CARTESIAN_POINT ( 'NONE',  ( 4.252989283015859101, -1.499999999999999556, -15.84782784977065795 ) ) ;
#2027 = LINE ( 'NONE', #1739, #3146 ) ;
#2028 = CARTESIAN_POINT ( 'NONE',  ( 3.264635279283078617, 1.500000000000000000, -15.99999999999987921 ) ) ;
#2029 = ORIENTED_EDGE ( 'NONE', *, *, #2206, .F. ) ;
#2030 = VERTEX_POINT ( 'NONE', #1466 ) ;
#2031 = AXIS2_PLACEMENT_3D ( 'NONE', #830, #1149, #1129 ) ;
#2032 = DIRECTION ( 'NONE',  ( 0.000000000000000000, 1.000000000000000000, 0.000000000000000000 ) ) ;
#2033 = CARTESIAN_POINT ( 'NONE',  ( 9.469357670826193285, -8.500000000000000000, 10.66266986216967361 ) ) ;
#2034 = ORIENTED_EDGE ( 'NONE', *, *, #1834, .F. ) ;
#2035 = VECTOR ( 'NONE', #2038, 1000.000000000000000 ) ;
#2036 = FACE_OUTER_BOUND ( 'NONE', #791, .T. ) ;
#2037 =( GEOMETRIC_REPRESENTATION_CONTEXT ( 3 ) GLOBAL_UNCERTAINTY_ASSIGNED_CONTEXT ( ( #1169 ) ) GLOBAL_UNIT_ASSIGNED_CONTEXT ( ( #1004, #1798, #979 ) ) REPRESENTATION_CONTEXT ( 'NONE', 'WORKASPACE' ) );
#2038 = DIRECTION ( 'NONE',  ( -0.000000000000000000, -1.000000000000000000, -0.000000000000000000 ) ) ;
#2039 = EDGE_CURVE ( 'NONE', #699, #2650, #1167, .T. ) ;
#2040 = AXIS2_PLACEMENT_3D ( 'NONE', #974, #1293, #420 ) ;
#2041 = FACE_OUTER_BOUND ( 'NONE', #1368, .T. ) ;
#2042 = CARTESIAN_POINT ( 'NONE',  ( -2.165063509463150737, -8.500000000000000000, -1.250000000001184830 ) ) ;
#2043 = EDGE_CURVE ( 'NONE', #3549, #3099, #3141, .T. ) ;
#2044 = CYLINDRICAL_SURFACE ( 'NONE', #2104, 7.500000000000001776 ) ;
#2045 = ORIENTED_EDGE ( 'NONE', *, *, #2620, .T. ) ;
#2046 = CARTESIAN_POINT ( 'NONE',  ( -7.745966692414836707, 1.500000000000000000, -2.499999999999999556 ) ) ;
#2047 = VERTEX_POINT ( 'NONE', #1723 ) ;
#2048 = EDGE_LOOP ( 'NONE', ( #1396, #1270, #1347, #2253 ) ) ;
#2049 = AXIS2_PLACEMENT_3D ( 'NONE', #2781, #3270, #1895 ) ;
#2050 = DIRECTION ( 'NONE',  ( 0.5000000000000001110, 0.000000000000000000, 0.8660254037844385966 ) ) ;
#2051 = AXIS2_PLACEMENT_3D ( 'NONE', #3054, #1649, #3037 ) ;
#2052 = ORIENTED_EDGE ( 'NONE', *, *, #630, .F. ) ;
#2053 = EDGE_CURVE ( 'NONE', #638, #112, #1445, .T. ) ;
#2054 = VECTOR ( 'NONE', #397, 1000.000000000000000 ) ;
#2055 = DIRECTION ( 'NONE',  ( -1.000000000000000000, 0.000000000000000000, 3.455323577095457193E-15 ) ) ;
#2056 = CARTESIAN_POINT ( 'NONE',  ( -16.35474950397699700, -1.499999999999999556, 5.672742914049908158 ) ) ;
#2057 = EDGE_CURVE ( 'NONE', #1039, #743, #2060, .T. ) ;
#2058 = VECTOR ( 'NONE', #391, 1000.000000000000000 ) ;
#2059 = DIRECTION ( 'NONE',  ( 0.000000000000000000, 1.000000000000000000, 0.000000000000000000 ) ) ;
#2060 = LINE ( 'NONE', #1204, #1561 ) ;
#2061 = ADVANCED_FACE ( 'NONE', ( #1511 ), #1492, .F. ) ;
#2062 = CARTESIAN_POINT ( 'NONE',  ( 0.000000000000000000, 1.500000000000000000, 16.99999999999996803 ) ) ;
#2063 = DIRECTION ( 'NONE',  ( 0.000000000000000000, 0.000000000000000000, 1.000000000000000000 ) ) ;
#2064 = VERTEX_POINT ( 'NONE', #2026 ) ;
#2065 = DIRECTION ( 'NONE',  ( -0.000000000000000000, 1.000000000000000000, -0.000000000000000000 ) ) ;
#2066 = ORIENTED_EDGE ( 'NONE', *, *, #1314, .T. ) ;
#2067 = ORIENTED_EDGE ( 'NONE', *, *, #198, .F. ) ;
#2068 = LINE ( 'NONE', #2895, #724 ) ;
#2069 = SURFACE_STYLE_USAGE ( .BOTH. , #3450 ) ;
#2070 = DIRECTION ( 'NONE',  ( 0.000000000000000000, 1.000000000000000000, -0.000000000000000000 ) ) ;
#2071 = CARTESIAN_POINT ( 'NONE',  ( 11.59812687119611674, -8.500000000000000000, -11.60711068600014784 ) ) ;
#2072 = EDGE_CURVE ( 'NONE', #810, #3338, #1454, .T. ) ;
#2073 = VECTOR ( 'NONE', #894, 1000.000000000000114 ) ;
#2074 = CARTESIAN_POINT ( 'NONE',  ( -0.7428480290812981002, -1.499999999999999556, -7.463121116911479724 ) ) ;
#2075 = CARTESIAN_POINT ( 'NONE',  ( 11.54700538379247732, 1.500000000000000000, -20.00000000000004263 ) ) ;
#2076 = EDGE_CURVE ( 'NONE', #1590, #386, #2866, .T. ) ;
#2077 = VERTEX_POINT ( 'NONE', #1769 ) ;
#2078 = DIRECTION ( 'NONE',  ( 0.000000000000000000, 1.000000000000000000, 0.000000000000000000 ) ) ;
#2079 = VERTEX_POINT ( 'NONE', #2819 ) ;
#2080 = AXIS2_PLACEMENT_3D ( 'NONE', #820, #1361, #1080 ) ;
#2081 = ORIENTED_EDGE ( 'NONE', *, *, #2641, .F. ) ;
#2082 = CIRCLE ( 'NONE', #1262, 1.000000000000000444 ) ;
#2083 = EDGE_CURVE ( 'NONE', #2446, #3522, #3127, .T. ) ;
#2084 = DIRECTION ( 'NONE',  ( -0.000000000000000000, 1.000000000000000000, -0.000000000000000000 ) ) ;
#2085 = FILL_AREA_STYLE_COLOUR ( '', #1855 ) ;
#2086 = VECTOR ( 'NONE', #2176, 1000.000000000000000 ) ;
#2087 = VECTOR ( 'NONE', #1557, 1000.000000000000114 ) ;
#2088 = CYLINDRICAL_SURFACE ( 'NONE', #2532, 5.000000000000000000 ) ;
#2089 = DIRECTION ( 'NONE',  ( -1.000000000000000000, 0.000000000000000000, 0.000000000000000000 ) ) ;
#2090 = VECTOR ( 'NONE', #1589, 1000.000000000000000 ) ;
#2091 = ADVANCED_FACE ( 'NONE', ( #90 ), #613, .F. ) ;
#2092 = DIRECTION ( 'NONE',  ( -0.000000000000000000, 1.000000000000000000, -0.000000000000000000 ) ) ;
#2093 = DIRECTION ( 'NONE',  ( 0.000000000000000000, 0.000000000000000000, 1.000000000000000000 ) ) ;
#2094 = EDGE_LOOP ( 'NONE', ( #927, #1988, #1968, #1323 ) ) ;
#2095 = CARTESIAN_POINT ( 'NONE',  ( 0.8418944329592915610, 1.500000000000000000, -8.458203932499628763 ) ) ;
#2096 = ORIENTED_EDGE ( 'NONE', *, *, #2262, .T. ) ;
#2097 = CYLINDRICAL_SURFACE ( 'NONE', #3198, 1.000000000000002665 ) ;
#2098 = FACE_OUTER_BOUND ( 'NONE', #3023, .T. ) ;
#2099 = ADVANCED_FACE ( 'NONE', ( #2881 ), #106, .F. ) ;
#2100 = VERTEX_POINT ( 'NONE', #73 ) ;
#2101 = VERTEX_POINT ( 'NONE', #1234 ) ;
#2102 = CARTESIAN_POINT ( 'NONE',  ( -9.627458257820350696, -8.500000000000000000, 9.675246850288658607 ) ) ;
#2103 = CARTESIAN_POINT ( 'NONE',  ( 12.22408882090946136, -8.500000000000000000, 10.82725708595005720 ) ) ;
#2104 = AXIS2_PLACEMENT_3D ( 'NONE', #3508, #2360, #194 ) ;
#2105 = DIRECTION ( 'NONE',  ( 0.000000000000000000, 0.000000000000000000, -1.000000000000000000 ) ) ;
#2106 = DIRECTION ( 'NONE',  ( -0.000000000000000000, -1.000000000000000000, -0.000000000000000000 ) ) ;
#2107 = AXIS2_PLACEMENT_3D ( 'NONE', #1370, #1956, #540 ) ;
#2108 = FACE_OUTER_BOUND ( 'NONE', #617, .T. ) ;
#2109 = DIRECTION ( 'NONE',  ( 0.000000000000000000, 0.000000000000000000, 1.000000000000000000 ) ) ;
#2110 = VERTEX_POINT ( 'NONE', #660 ) ;
#2111 = ORIENTED_EDGE ( 'NONE', *, *, #3467, .T. ) ;
#2112 = DIRECTION ( 'NONE',  ( -0.000000000000000000, 1.000000000000000000, -0.000000000000000000 ) ) ;
#2113 = VERTEX_POINT ( 'NONE', #2295 ) ;
#2114 = ORIENTED_EDGE ( 'NONE', *, *, #2493, .T. ) ;
#2115 = CARTESIAN_POINT ( 'NONE',  ( 12.22408882090946136, -1.499999999999999556, 10.82725708595005720 ) ) ;
#2116 = DIRECTION ( 'NONE',  ( -1.000000000000000000, 0.000000000000000000, 3.455323577095457193E-15 ) ) ;
#2117 = EDGE_CURVE ( 'NONE', #1364, #2205, #283, .T. ) ;
#2118 = ORIENTED_EDGE ( 'NONE', *, *, #1225, .F. ) ;
#2119 = ORIENTED_EDGE ( 'NONE', *, *, #2459, .F. ) ;
#2120 = CARTESIAN_POINT ( 'NONE',  ( 8.750000000000005329, 1.500000000000000000, 16.40544456622768621 ) ) ;
#2121 = CARTESIAN_POINT ( 'NONE',  ( -9.184850993605148438E-17, 1.500000000000000000, 1.742924699575454705E-16 ) ) ;
#2122 = AXIS2_PLACEMENT_3D ( 'NONE', #826, #536, #1614 ) ;
#2123 = EDGE_CURVE ( 'NONE', #268, #2243, #2011, .T. ) ;
#2124 = VERTEX_POINT ( 'NONE', #2274 ) ;
#2125 = CARTESIAN_POINT ( 'NONE',  ( -17.50000000000000000, 1.500000000000000000, 1.769808360342463528E-14 ) ) ;
#2126 = LINE ( 'NONE', #3209, #394 ) ;
#2127 = AXIS2_PLACEMENT_3D ( 'NONE', #588, #1176, #1715 ) ;
#2128 = CYLINDRICAL_SURFACE ( 'NONE', #1122, 1.000000000000000888 ) ;
#2129 = CYLINDRICAL_SURFACE ( 'NONE', #862, 1.000000000000000444 ) ;
#2130 = VERTEX_POINT ( 'NONE', #2851 ) ;
#2131 = DIRECTION ( 'NONE',  ( -0.8660254037844388186, 0.000000000000000000, -0.4999999999999996669 ) ) ;
#2132 = CARTESIAN_POINT ( 'NONE',  ( 13.96882180821687491, 1.500000000000000000, -2.869369369369369593 ) ) ;
#2133 = LINE ( 'NONE', #2686, #756 ) ;
#2134 = DIRECTION ( 'NONE',  ( 0.000000000000000000, 0.000000000000000000, 1.000000000000000000 ) ) ;
#2135 = CIRCLE ( 'NONE', #2366, 1.249999999999999334 ) ;
#2136 = ORIENTED_EDGE ( 'NONE', *, *, #1442, .F. ) ;
#2137 = EDGE_CURVE ( 'NONE', #3026, #1297, #2833, .T. ) ;
#2138 = CARTESIAN_POINT ( 'NONE',  ( -15.85111615421194031, 1.500000000000000000, -4.240717163770692189 ) ) ;
#2139 = EDGE_LOOP ( 'NONE', ( #3103, #955, #1036, #2497 ) ) ;
#2140 = DIRECTION ( 'NONE',  ( 0.000000000000000000, 0.000000000000000000, 1.000000000000000000 ) ) ;
#2141 = AXIS2_PLACEMENT_3D ( 'NONE', #809, #3605, #2740 ) ;
#2142 = CARTESIAN_POINT ( 'NONE',  ( 8.761432854029905570, -8.500000000000000000, -10.17524685028773845 ) ) ;
#2143 = EDGE_CURVE ( 'NONE', #280, #3279, #218, .T. ) ;
#2144 = CIRCLE ( 'NONE', #3374, 1.000000000000000888 ) ;
#2145 = DIRECTION ( 'NONE',  ( -0.4999999999999994449, 0.000000000000000000, 0.8660254037844389297 ) ) ;
#2146 = DIRECTION ( 'NONE',  ( -0.000000000000000000, 1.000000000000000000, -0.000000000000000000 ) ) ;
#2147 = ORIENTED_EDGE ( 'NONE', *, *, #2338, .F. ) ;
#2148 = VECTOR ( 'NONE', #1829, 1000.000000000000000 ) ;
#2149 = ADVANCED_FACE ( 'NONE', ( #2342 ), #3453, .F. ) ;
#2150 = AXIS2_PLACEMENT_3D ( 'NONE', #447, #3160, #3458 ) ;
#2151 = DIRECTION ( 'NONE',  ( 0.000000000000000000, 1.000000000000000000, 0.000000000000000000 ) ) ;
#2152 = DIRECTION ( 'NONE',  ( 0.000000000000000000, 1.000000000000000000, -0.000000000000000000 ) ) ;
#2153 = VERTEX_POINT ( 'NONE', #1026 ) ;
#2154 = LINE ( 'NONE', #2500, #3028 ) ;
#2155 = EDGE_LOOP ( 'NONE', ( #2308, #2442 ) ) ;
#2156 = FACE_BOUND ( 'NONE', #3385, .T. ) ;
#2157 = ORIENTED_EDGE ( 'NONE', *, *, #3142, .F. ) ;
#2158 = AXIS2_PLACEMENT_3D ( 'NONE', #1572, #3512, #758 ) ;
#2159 = DIRECTION ( 'NONE',  ( -0.000000000000000000, 1.000000000000000000, -0.000000000000000000 ) ) ;
#2160 = LINE ( 'NONE', #2142, #1916 ) ;
#2161 = EDGE_CURVE ( 'NONE', #3065, #1636, #1285, .T. ) ;
#2162 = CARTESIAN_POINT ( 'NONE',  ( 8.750000000000003553, 1.500000000000000000, -13.90544456622767910 ) ) ;
#2163 = DIRECTION ( 'NONE',  ( -0.000000000000000000, 1.000000000000000000, -0.000000000000000000 ) ) ;
#2164 = ORIENTED_EDGE ( 'NONE', *, *, #610, .F. ) ;
#2165 = FACE_OUTER_BOUND ( 'NONE', #1585, .T. ) ;
#2166 = DIRECTION ( 'NONE',  ( -0.000000000000000000, 1.000000000000000000, -0.000000000000000000 ) ) ;
#2167 = EDGE_CURVE ( 'NONE', #2101, #3549, #2160, .T. ) ;
#2168 = CARTESIAN_POINT ( 'NONE',  ( 0.000000000000000000, 1.500000000000000000, 0.000000000000000000 ) ) ;
#2169 = ORIENTED_EDGE ( 'NONE', *, *, #1225, .T. ) ;
#2170 = ORIENTED_EDGE ( 'NONE', *, *, #1767, .F. ) ;
#2171 = ORIENTED_EDGE ( 'NONE', *, *, #1093, .F. ) ;
#2172 = CARTESIAN_POINT ( 'NONE',  ( -14.72243186433539108, -1.500000000000000000, -8.500000000000115463 ) ) ;
#2173 = ORIENTED_EDGE ( 'NONE', *, *, #703, .T. ) ;
#2174 = DIRECTION ( 'NONE',  ( 0.000000000000000000, 0.000000000000000000, 1.000000000000000000 ) ) ;
#2175 = DIRECTION ( 'NONE',  ( 0.000000000000000000, 1.000000000000000000, 0.000000000000000000 ) ) ;
#2176 = DIRECTION ( 'NONE',  ( -0.000000000000000000, 1.000000000000000000, -0.000000000000000000 ) ) ;
#2177 = ORIENTED_EDGE ( 'NONE', *, *, #461, .T. ) ;
#2178 = CARTESIAN_POINT ( 'NONE',  ( -9.184850993605148438E-17, -8.500000000000000000, 1.742924699575454705E-16 ) ) ;
#2179 = EDGE_CURVE ( 'NONE', #3292, #2784, #345, .T. ) ;
#2180 = FACE_OUTER_BOUND ( 'NONE', #2198, .T. ) ;
#2181 = LINE ( 'NONE', #2703, #1208 ) ;
#2182 = ORIENTED_EDGE ( 'NONE', *, *, #1287, .T. ) ;
#2183 = CARTESIAN_POINT ( 'NONE',  ( -8.761432854035911433, 1.500000000000000000, 10.17524685028866038 ) ) ;
#2184 = LINE ( 'NONE', #2687, #3136 ) ;
#2185 = ORIENTED_EDGE ( 'NONE', *, *, #2978, .T. ) ;
#2186 = ORIENTED_EDGE ( 'NONE', *, *, #1971, .F. ) ;
#2187 = EDGE_CURVE ( 'NONE', #1747, #1335, #2126, .T. ) ;
#2188 = ORIENTED_EDGE ( 'NONE', *, *, #1660, .T. ) ;
#2189 = ORIENTED_EDGE ( 'NONE', *, *, #80, .T. ) ;
#2190 = DIRECTION ( 'NONE',  ( 0.000000000000000000, 1.000000000000000000, 0.000000000000000000 ) ) ;
#2191 = CARTESIAN_POINT ( 'NONE',  ( 4.252989283015859101, 1.500000000000000000, -15.84782784977065795 ) ) ;
#2192 = EDGE_LOOP ( 'NONE', ( #2979, #3362, #1037, #3427 ) ) ;
#2193 = EDGE_CURVE ( 'NONE', #2708, #926, #3229, .T. ) ;
#2194 = DIRECTION ( 'NONE',  ( 0.000000000000000000, 0.000000000000000000, 1.000000000000000000 ) ) ;
#2195 = DIRECTION ( 'NONE',  ( 0.000000000000000000, 1.000000000000000000, -0.000000000000000000 ) ) ;
#2196 = FACE_OUTER_BOUND ( 'NONE', #319, .T. ) ;
#2197 = DIRECTION ( 'NONE',  ( 0.000000000000000000, 1.000000000000000000, -0.000000000000000000 ) ) ;
#2198 = EDGE_LOOP ( 'NONE', ( #1279, #1450, #3448, #3325 ) ) ;
#2199 = AXIS2_PLACEMENT_3D ( 'NONE', #642, #595, #1766 ) ;
#2200 = EDGE_CURVE ( 'NONE', #849, #1884, #1543, .T. ) ;
#2201 = FACE_OUTER_BOUND ( 'NONE', #1363, .T. ) ;
#2202 = AXIS2_PLACEMENT_3D ( 'NONE', #3579, #225, #1930 ) ;
#2203 = CARTESIAN_POINT ( 'NONE',  ( -4.000000000000000000, -1.500000000000000000, 0.000000000000000000 ) ) ;
#2204 = ORIENTED_EDGE ( 'NONE', *, *, #111, .F. ) ;
#2205 = VERTEX_POINT ( 'NONE', #1248 ) ;
#2206 = EDGE_CURVE ( 'NONE', #825, #669, #2549, .T. ) ;
#2207 = EDGE_LOOP ( 'NONE', ( #2248, #3597 ) ) ;
#2208 = AXIS2_PLACEMENT_3D ( 'NONE', #1552, #2386, #2134 ) ;
#2209 = ORIENTED_EDGE ( 'NONE', *, *, #1992, .F. ) ;
#2210 = DIRECTION ( 'NONE',  ( -0.000000000000000000, 1.000000000000000000, -0.000000000000000000 ) ) ;
#2211 = ADVANCED_FACE ( 'NONE', ( #3466 ), #2678, .F. ) ;
#2212 = ORIENTED_EDGE ( 'NONE', *, *, #145, .F. ) ;
#2213 = CARTESIAN_POINT ( 'NONE',  ( -14.72243186433539108, 1.500000000000000000, -8.500000000000115463 ) ) ;
#2214 = ORIENTED_EDGE ( 'NONE', *, *, #3498, .T. ) ;
#2215 = VERTEX_POINT ( 'NONE', #1802 ) ;
#2216 = VERTEX_POINT ( 'NONE', #3249 ) ;
#2217 = CARTESIAN_POINT ( 'NONE',  ( 4.431305835112030245, -8.500000000000000000, 12.67524685028481990 ) ) ;
#2218 = FACE_OUTER_BOUND ( 'NONE', #437, .T. ) ;
#2219 = DIRECTION ( 'NONE',  ( 0.000000000000000000, 0.000000000000000000, 1.000000000000000000 ) ) ;
#2220 = CYLINDRICAL_SURFACE ( 'NONE', #2031, 1.250000000000001110 ) ;
#2221 = VERTEX_POINT ( 'NONE', #2898 ) ;
#2222 = CIRCLE ( 'NONE', #126, 0.9999999999999991118 ) ;
#2223 = VECTOR ( 'NONE', #2412, 1000.000000000000000 ) ;
#2224 = CARTESIAN_POINT ( 'NONE',  ( -8.750000000000055067, -1.499999999999999556, 15.15544456622765601 ) ) ;
#2225 = DIRECTION ( 'NONE',  ( 0.000000000000000000, 1.000000000000000000, -0.000000000000000000 ) ) ;
#2226 = VERTEX_POINT ( 'NONE', #1873 ) ;
#2227 = ORIENTED_EDGE ( 'NONE', *, *, #1246, .T. ) ;
#2228 = AXIS2_PLACEMENT_3D ( 'NONE', #884, #865, #1989 ) ;
#2229 = VERTEX_POINT ( 'NONE', #694 ) ;
#2230 = FACE_BOUND ( 'NONE', #1495, .T. ) ;
#2231 = ADVANCED_FACE ( 'NONE', ( #192 ), #211, .F. ) ;
#2232 = CARTESIAN_POINT ( 'NONE',  ( -7.745966692414836707, -8.500000000000000000, -3.500000000000000000 ) ) ;
#2233 = ORIENTED_EDGE ( 'NONE', *, *, #1813, .T. ) ;
#2234 = ORIENTED_EDGE ( 'NONE', *, *, #2388, .F. ) ;
#2235 = VERTEX_POINT ( 'NONE', #711 ) ;
#2236 = CARTESIAN_POINT ( 'NONE',  ( -17.50000000000000000, 1.500000000000000000, -1.249999999999983347 ) ) ;
#2237 = DIRECTION ( 'NONE',  ( 0.000000000000000000, 0.000000000000000000, 1.000000000000000000 ) ) ;
#2238 = AXIS2_PLACEMENT_3D ( 'NONE', #234, #2240, #811 ) ;
#2239 = EDGE_CURVE ( 'NONE', #113, #825, #1580, .T. ) ;
#2240 = DIRECTION ( 'NONE',  ( -0.000000000000000000, 1.000000000000000000, -0.000000000000000000 ) ) ;
#2241 = CIRCLE ( 'NONE', #3404, 1.250000000000001110 ) ;
#2242 = DIRECTION ( 'NONE',  ( 8.673617379884031528E-16, 0.000000000000000000, 1.000000000000000000 ) ) ;
#2243 = VERTEX_POINT ( 'NONE', #2643 ) ;
#2244 = AXIS2_PLACEMENT_3D ( 'NONE', #2540, #1982, #1697 ) ;
#2245 = CARTESIAN_POINT ( 'NONE',  ( -9.184850993605148438E-17, 1.500000000000000000, 1.742924699575454705E-16 ) ) ;
#2246 = DIRECTION ( 'NONE',  ( 0.000000000000000000, 0.000000000000000000, 1.000000000000000000 ) ) ;
#2247 = EDGE_LOOP ( 'NONE', ( #1891, #1919, #944, #3397, #1550, #1503, #196, #2713, #3221, #1999, #258, #741, #1825 ) ) ;
#2248 = ORIENTED_EDGE ( 'NONE', *, *, #349, .T. ) ;
#2249 = ORIENTED_EDGE ( 'NONE', *, *, #2791, .F. ) ;
#2250 = AXIS2_PLACEMENT_3D ( 'NONE', #1340, #3001, #763 ) ;
#2251 = CARTESIAN_POINT ( 'NONE',  ( 0.000000000000000000, 1.500000000000000000, 0.000000000000000000 ) ) ;
#2252 = CARTESIAN_POINT ( 'NONE',  ( 2.165063509463543312, 1.500000000000000000, -1.250000000001412870 ) ) ;
#2253 = ORIENTED_EDGE ( 'NONE', *, *, #874, .T. ) ;
#2254 = EDGE_CURVE ( 'NONE', #784, #2101, #3129, .T. ) ;
#2255 = EDGE_LOOP ( 'NONE', ( #1718, #47, #2118, #1647 ) ) ;
#2256 = DIRECTION ( 'NONE',  ( -0.000000000000000000, 1.000000000000000000, -0.000000000000000000 ) ) ;
#2257 = FACE_OUTER_BOUND ( 'NONE', #3264, .T. ) ;
#2258 = AXIS2_PLACEMENT_3D ( 'NONE', #792, #1622, #1031 ) ;
#2259 = DIRECTION ( 'NONE',  ( -0.000000000000000000, 1.000000000000000000, -0.000000000000000000 ) ) ;
#2260 = CARTESIAN_POINT ( 'NONE',  ( 6.091828464224791517, -1.499999999999999556, 4.374885822791341639 ) ) ;
#2261 = ORIENTED_EDGE ( 'NONE', *, *, #1992, .T. ) ;
#2262 = EDGE_CURVE ( 'NONE', #2130, #2243, #2629, .T. ) ;
#2263 = LINE ( 'NONE', #875, #2743 ) ;
#2264 = DIRECTION ( 'NONE',  ( 0.000000000000000000, 0.000000000000000000, 1.000000000000000000 ) ) ;
#2265 = EDGE_CURVE ( 'NONE', #2064, #2755, #442, .T. ) ;
#2266 = ORIENTED_EDGE ( 'NONE', *, *, #1544, .F. ) ;
#2267 = CARTESIAN_POINT ( 'NONE',  ( 6.834676493307207501, 1.500000000000000000, -3.088235294117648078 ) ) ;
#2268 = CARTESIAN_POINT ( 'NONE',  ( 3.264635279283078617, -1.499999999999999556, -16.99999999999987921 ) ) ;
#2269 = EDGE_LOOP ( 'NONE', ( #3047, #1538, #2481, #2973 ) ) ;
#2270 = VERTEX_POINT ( 'NONE', #1263 ) ;
#2271 = CARTESIAN_POINT ( 'NONE',  ( 8.750000000000005329, 1.500000000000000000, 16.40544456622768621 ) ) ;
#2272 = PLANE ( 'NONE',  #1745 ) ;
#2273 = DIRECTION ( 'NONE',  ( 0.000000000000000000, 0.000000000000000000, 1.000000000000000000 ) ) ;
#2274 = CARTESIAN_POINT ( 'NONE',  ( 11.54700538379247732, -1.500000000000000000, -20.00000000000004263 ) ) ;
#2275 = CARTESIAN_POINT ( 'NONE',  ( 17.50000000000001421, -1.500000000000000000, 4.853321584273757548E-15 ) ) ;
#2276 = EDGE_CURVE ( 'NONE', #282, #3510, #1562, .T. ) ;
#2277 = CIRCLE ( 'NONE', #2049, 1.000000000000000888 ) ;
#2278 = CIRCLE ( 'NONE', #1349, 4.550000000000001599 ) ;
#2279 = EDGE_CURVE ( 'NONE', #3194, #2656, #728, .T. ) ;
#2280 = PLANE ( 'NONE',  #823 ) ;
#2281 = VECTOR ( 'NONE', #545, 1000.000000000000000 ) ;
#2282 = DIRECTION ( 'NONE',  ( 0.000000000000000000, 0.000000000000000000, 1.000000000000000000 ) ) ;
#2283 = ORIENTED_EDGE ( 'NONE', *, *, #1093, .T. ) ;
#2284 = VECTOR ( 'NONE', #2869, 1000.000000000000000 ) ;
#2285 = ADVANCED_FACE ( 'NONE', ( #1854 ), #2427, .F. ) ;
#2286 = ORIENTED_EDGE ( 'NONE', *, *, #1834, .T. ) ;
#2287 = FACE_BOUND ( 'NONE', #563, .T. ) ;
#2288 = CARTESIAN_POINT ( 'NONE',  ( 17.50000000000001421, 1.500000000000000000, 1.250000000000005773 ) ) ;
#2289 = ORIENTED_EDGE ( 'NONE', *, *, #1068, .T. ) ;
#2290 = ORIENTED_EDGE ( 'NONE', *, *, #297, .F. ) ;
#2291 = LINE ( 'NONE', #327, #1191 ) ;
#2292 = DIRECTION ( 'NONE',  ( 0.000000000000000000, 1.000000000000000000, 0.000000000000000000 ) ) ;
#2293 = CARTESIAN_POINT ( 'NONE',  ( -4.000000000000000000, -1.500000000000000000, -3.000000000000000000 ) ) ;
#2294 = VECTOR ( 'NONE', #2055, 1000.000000000000000 ) ;
#2295 = CARTESIAN_POINT ( 'NONE',  ( 8.750000000000003553, -1.500000000000000000, -13.90544456622767910 ) ) ;
#2296 = DIRECTION ( 'NONE',  ( 0.000000000000000000, 0.000000000000000000, 1.000000000000000000 ) ) ;
#2297 = ADVANCED_FACE ( 'NONE', ( #2218 ), #270, .F. ) ;
#2298 = AXIS2_PLACEMENT_3D ( 'NONE', #3108, #3140, #2273 ) ;
#2299 = LINE ( 'NONE', #2062, #2394 ) ;
#2300 = AXIS2_PLACEMENT_3D ( 'NONE', #1158, #3134, #1472 ) ;
#2301 = DIRECTION ( 'NONE',  ( -0.000000000000000000, -1.000000000000000000, -0.000000000000000000 ) ) ;
#2302 = VERTEX_POINT ( 'NONE', #3049 ) ;
#2303 = AXIS2_PLACEMENT_3D ( 'NONE', #725, #2355, #3449 ) ;
#2304 = EDGE_LOOP ( 'NONE', ( #1840, #1578, #2622, #2636 ) ) ;
#2305 = CARTESIAN_POINT ( 'NONE',  ( -15.85111615421191544, -8.500000000000000000, 4.240717163770646891 ) ) ;
#2306 = DIRECTION ( 'NONE',  ( 0.000000000000000000, 0.000000000000000000, 1.000000000000000000 ) ) ;
#2307 = ADVANCED_FACE ( 'NONE', ( #292 ), #1406, .F. ) ;
#2308 = ORIENTED_EDGE ( 'NONE', *, *, #3018, .F. ) ;
#2309 = DIRECTION ( 'NONE',  ( -0.000000000000000000, -1.000000000000000000, -0.000000000000000000 ) ) ;
#2310 = DIRECTION ( 'NONE',  ( 0.000000000000000000, 1.000000000000000000, 0.000000000000000000 ) ) ;
#2311 =( NAMED_UNIT ( * ) SI_UNIT ( $, .STERADIAN. ) SOLID_ANGLE_UNIT ( ) );
#2312 = EDGE_CURVE ( 'NONE', #3580, #3247, #3009, .T. ) ;
#2313 = DIRECTION ( 'NONE',  ( -0.000000000000000000, 1.000000000000000000, -0.000000000000000000 ) ) ;
#2314 = DIRECTION ( 'NONE',  ( -0.000000000000000000, 1.000000000000000000, -0.000000000000000000 ) ) ;
#2315 = DIRECTION ( 'NONE',  ( 0.000000000000000000, 0.000000000000000000, 1.000000000000000000 ) ) ;
#2316 = DIRECTION ( 'NONE',  ( -0.000000000000000000, 1.000000000000000000, -0.000000000000000000 ) ) ;
#2317 = EDGE_CURVE ( 'NONE', #1475, #1328, #735, .T. ) ;
#2318 = AXIS2_PLACEMENT_3D ( 'NONE', #362, #2614, #348 ) ;
#2319 = ORIENTED_EDGE ( 'NONE', *, *, #1721, .T. ) ;
#2320 = CARTESIAN_POINT ( 'NONE',  ( -4.000000000000000000, -1.500000000000000000, -3.000000000000000000 ) ) ;
#2321 = ADVANCED_FACE ( 'NONE', ( #1934 ), #1640, .F. ) ;
#2322 = VERTEX_POINT ( 'NONE', #2716 ) ;
#2323 = MECHANICAL_DESIGN_GEOMETRIC_PRESENTATION_REPRESENTATION (  '', ( #291 ), #2037 ) ;
#2324 = EDGE_CURVE ( 'NONE', #3033, #274, #3287, .T. ) ;
#2325 = CARTESIAN_POINT ( 'NONE',  ( -16.35474950397701832, -1.499999999999999556, -5.672742914049964114 ) ) ;
#2326 = AXIS2_PLACEMENT_3D ( 'NONE', #2626, #2356, #439 ) ;
#2327 = CARTESIAN_POINT ( 'NONE',  ( -1.990540770086669147E-16, -8.500000000000000000, -2.500000000000000000 ) ) ;
#2328 = DIRECTION ( 'NONE',  ( 0.000000000000000000, 1.000000000000000000, -0.000000000000000000 ) ) ;
#2329 = CARTESIAN_POINT ( 'NONE',  ( 13.09011422469390418, -8.500000000000000000, 11.32725708595005898 ) ) ;
#2330 = CARTESIAN_POINT ( 'NONE',  ( -17.50000000000000000, -1.500000000000000000, 1.769808360342463528E-14 ) ) ;
#2331 = DIRECTION ( 'NONE',  ( 0.000000000000000000, 0.000000000000000000, 1.000000000000000000 ) ) ;
#2332 = ORIENTED_EDGE ( 'NONE', *, *, #2845, .T. ) ;
#2333 = VECTOR ( 'NONE', #2785, 1000.000000000000000 ) ;
#2334 = CARTESIAN_POINT ( 'NONE',  ( 6.904072259454761884, -8.500000000000000000, 4.958203932496853206 ) ) ;
#2335 = ORIENTED_EDGE ( 'NONE', *, *, #1467, .F. ) ;
#2336 = CIRCLE ( 'NONE', #593, 4.550000000000001599 ) ;
#2337 = ORIENTED_EDGE ( 'NONE', *, *, #520, .T. ) ;
#2338 = EDGE_CURVE ( 'NONE', #2371, #688, #451, .T. ) ;
#2339 = CARTESIAN_POINT ( 'NONE',  ( -7.745966692414836707, 1.500000000000000000, 3.500000000000001776 ) ) ;
#2340 = DIRECTION ( 'NONE',  ( -0.000000000000000000, 1.000000000000000000, -0.000000000000000000 ) ) ;
#2341 = CARTESIAN_POINT ( 'NONE',  ( -13.19273868914363312, 1.500000000000000000, -3.499999999999999556 ) ) ;
#2342 = FACE_OUTER_BOUND ( 'NONE', #1487, .T. ) ;
#2343 = AXIS2_PLACEMENT_3D ( 'NONE', #2698, #3603, #2194 ) ;
#2344 = EDGE_CURVE ( 'NONE', #3574, #2784, #1970, .T. ) ;
#2345 = AXIS2_PLACEMENT_3D ( 'NONE', #1528, #1835, #1261 ) ;
#2346 = CARTESIAN_POINT ( 'NONE',  ( -7.745966692414836707, 1.500000000000000000, -3.500000000000000000 ) ) ;
#2347 = CARTESIAN_POINT ( 'NONE',  ( -8.750000000000055067, 1.500000000000000000, 15.15544456622765601 ) ) ;
#2348 = ORIENTED_EDGE ( 'NONE', *, *, #591, .F. ) ;
#2349 = ADVANCED_FACE ( 'NONE', ( #827 ), #3308, .F. ) ;
#2350 = ORIENTED_EDGE ( 'NONE', *, *, #1104, .F. ) ;
#2351 = CARTESIAN_POINT ( 'NONE',  ( 8.750000000000003553, 1.500000000000000000, -16.40544456622767910 ) ) ;
#2352 = VERTEX_POINT ( 'NONE', #2988 ) ;
#2353 = AXIS2_PLACEMENT_3D ( 'NONE', #1576, #2084, #1229 ) ;
#2354 = ORIENTED_EDGE ( 'NONE', *, *, #3081, .T. ) ;
#2355 = DIRECTION ( 'NONE',  ( 0.000000000000000000, 1.000000000000000000, -0.000000000000000000 ) ) ;
#2356 = DIRECTION ( 'NONE',  ( 0.000000000000000000, 1.000000000000000000, 0.000000000000000000 ) ) ;
#2357 = EDGE_CURVE ( 'NONE', #3358, #2124, #3349, .T. ) ;
#2358 = DIRECTION ( 'NONE',  ( 0.000000000000000000, 1.000000000000000000, -0.000000000000000000 ) ) ;
#2359 = DIRECTION ( 'NONE',  ( -0.000000000000000000, 1.000000000000000000, -0.000000000000000000 ) ) ;
#2360 = DIRECTION ( 'NONE',  ( -0.000000000000000000, 1.000000000000000000, -0.000000000000000000 ) ) ;
#2361 = ADVANCED_FACE ( 'NONE', ( #1145 ), #845, .F. ) ;
#2362 = DIRECTION ( 'NONE',  ( -1.000000000000000000, 0.000000000000000000, 0.000000000000000000 ) ) ;
#2363 = ORIENTED_EDGE ( 'NONE', *, *, #3457, .T. ) ;
#2364 = CARTESIAN_POINT ( 'NONE',  ( 3.565280431327592758, 1.500000000000000000, 13.17524685028481990 ) ) ;
#2365 = VERTEX_POINT ( 'NONE', #555 ) ;
#2366 = AXIS2_PLACEMENT_3D ( 'NONE', #2434, #734, #237 ) ;
#2367 = ORIENTED_EDGE ( 'NONE', *, *, #2388, .T. ) ;
#2368 = DIRECTION ( 'NONE',  ( 0.000000000000000000, 0.000000000000000000, 1.000000000000000000 ) ) ;
#2369 = DIRECTION ( 'NONE',  ( -0.000000000000000000, 1.000000000000000000, -0.000000000000000000 ) ) ;
#2370 = ORIENTED_EDGE ( 'NONE', *, *, #1264, .T. ) ;
#2371 = VERTEX_POINT ( 'NONE', #3067 ) ;
#2372 = CIRCLE ( 'NONE', #3599, 1.000000000000000444 ) ;
#2373 = DIRECTION ( 'NONE',  ( 0.000000000000000000, 0.000000000000000000, 1.000000000000000000 ) ) ;
#2374 = DIRECTION ( 'NONE',  ( 0.000000000000000000, 1.000000000000000000, 0.000000000000000000 ) ) ;
#2375 = VECTOR ( 'NONE', #1463, 1000.000000000000227 ) ;
#2376 = LINE ( 'NONE', #980, #1365 ) ;
#2377 = DIRECTION ( 'NONE',  ( -0.000000000000000000, 1.000000000000000000, -0.000000000000000000 ) ) ;
#2378 = AXIS2_PLACEMENT_3D ( 'NONE', #3589, #546, #1672 ) ;
#2379 = CARTESIAN_POINT ( 'NONE',  ( 3.264635279283097713, -8.500000000000000000, 16.99999999999996803 ) ) ;
#2380 = CYLINDRICAL_SURFACE ( 'NONE', #1213, 1.000000000000000444 ) ;
#2381 = EDGE_LOOP ( 'NONE', ( #2606, #2483, #1018, #3283, #1057, #549, #909, #2404, #1258, #342, #2523, #2479 ) ) ;
#2382 = EDGE_LOOP ( 'NONE', ( #1830, #602, #1655, #2170 ) ) ;
#2383 = DIRECTION ( 'NONE',  ( 0.000000000000000000, 0.000000000000000000, 1.000000000000000000 ) ) ;
#2384 = ORIENTED_EDGE ( 'NONE', *, *, #224, .F. ) ;
#2385 = CARTESIAN_POINT ( 'NONE',  ( -0.8418944329588047282, 1.500000000000000000, -8.458203932499678501 ) ) ;
#2386 = DIRECTION ( 'NONE',  ( 0.000000000000000000, 1.000000000000000000, 0.000000000000000000 ) ) ;
#2387 = VERTEX_POINT ( 'NONE', #577 ) ;
#2388 = EDGE_CURVE ( 'NONE', #130, #78, #497, .T. ) ;
#2389 = ORIENTED_EDGE ( 'NONE', *, *, #2808, .T. ) ;
#2390 = DIRECTION ( 'NONE',  ( -0.000000000000000000, 1.000000000000000000, -0.000000000000000000 ) ) ;
#2391 = CARTESIAN_POINT ( 'NONE',  ( 0.000000000000000000, 1.500000000000000000, 2.500000000000001332 ) ) ;
#2392 = AXIS2_PLACEMENT_3D ( 'NONE', #3315, #795, #278 ) ;
#2393 = VERTEX_POINT ( 'NONE', #2778 ) ;
#2394 = VECTOR ( 'NONE', #3456, 1000.000000000000000 ) ;
#2395 = CARTESIAN_POINT ( 'NONE',  ( 13.19273868914365799, -1.499999999999999556, -2.500000000000000444 ) ) ;
#2396 = DIRECTION ( 'NONE',  ( -0.000000000000000000, 1.000000000000000000, -0.000000000000000000 ) ) ;
#2397 = CARTESIAN_POINT ( 'NONE',  ( 3.264635279283097713, 1.500000000000000000, 16.99999999999996803 ) ) ;
#2398 = FACE_OUTER_BOUND ( 'NONE', #3568, .T. ) ;
#2399 = EDGE_CURVE ( 'NONE', #3084, #3292, #1067, .T. ) ;
#2400 = DIRECTION ( 'NONE',  ( -0.000000000000000000, 1.000000000000000000, -0.000000000000000000 ) ) ;
#2401 = FACE_OUTER_BOUND ( 'NONE', #2, .T. ) ;
#2402 = ORIENTED_EDGE ( 'NONE', *, *, #3473, .F. ) ;
#2403 = ORIENTED_EDGE ( 'NONE', *, *, #1788, .F. ) ;
#2404 = ORIENTED_EDGE ( 'NONE', *, *, #604, .F. ) ;
#2405 = CIRCLE ( 'NONE', #1894, 1.000000000000000888 ) ;
#2406 = DIRECTION ( 'NONE',  ( 1.000000000000000000, 0.000000000000000000, -7.962163080346676589E-17 ) ) ;
#2407 = EDGE_CURVE ( 'NONE', #3006, #2216, #2800, .T. ) ;
#2408 = DIRECTION ( 'NONE',  ( 0.000000000000000000, 0.000000000000000000, -1.000000000000000000 ) ) ;
#2409 = DIRECTION ( 'NONE',  ( -0.000000000000000000, 1.000000000000000000, -0.000000000000000000 ) ) ;
#2410 = CARTESIAN_POINT ( 'NONE',  ( 4.252989283015859101, -8.500000000000000000, -15.84782784977065795 ) ) ;
#2411 = EDGE_CURVE ( 'NONE', #2221, #2113, #509, .T. ) ;
#2412 = DIRECTION ( 'NONE',  ( -0.000000000000000000, 1.000000000000000000, -0.000000000000000000 ) ) ;
#2413 = CARTESIAN_POINT ( 'NONE',  ( 0.000000000000000000, -1.500000000000000000, 0.000000000000000000 ) ) ;
#2414 = ORIENTED_EDGE ( 'NONE', *, *, #1971, .T. ) ;
#2415 =( NAMED_UNIT ( * ) PLANE_ANGLE_UNIT ( ) SI_UNIT ( $, .RADIAN. ) );
#2416 = CARTESIAN_POINT ( 'NONE',  ( 12.22408882090946136, -8.500000000000000000, 10.82725708595005720 ) ) ;
#2417 = CARTESIAN_POINT ( 'NONE',  ( -15.48872410019258616, 1.500000000000000000, -5.172742914049957896 ) ) ;
#2418 = ORIENTED_EDGE ( 'NONE', *, *, #828, .F. ) ;
#2419 = ORIENTED_EDGE ( 'NONE', *, *, #3176, .T. ) ;
#2420 = CARTESIAN_POINT ( 'NONE',  ( -8.749999999999996447, -1.500000000000000000, 13.90544456622769331 ) ) ;
#2421 = ADVANCED_FACE ( 'NONE', ( #1201 ), #1735, .F. ) ;
#2422 = DIRECTION ( 'NONE',  ( 0.000000000000000000, -0.000000000000000000, 1.000000000000000000 ) ) ;
#2423 = VECTOR ( 'NONE', #136, 1000.000000000000000 ) ;
#2424 = ORIENTED_EDGE ( 'NONE', *, *, #3120, .T. ) ;
#2425 = DIRECTION ( 'NONE',  ( 0.8660254037844388186, 0.000000000000000000, 0.4999999999999996669 ) ) ;
#2426 = AXIS2_PLACEMENT_3D ( 'NONE', #2507, #1952, #253 ) ;
#2427 = CYLINDRICAL_SURFACE ( 'NONE', #3424, 1.000000000000000888 ) ;
#2428 = EDGE_CURVE ( 'NONE', #1014, #3358, #2816, .T. ) ;
#2429 = AXIS2_PLACEMENT_3D ( 'NONE', #97, #2558, #1210 ) ;
#2430 = CARTESIAN_POINT ( 'NONE',  ( -8.749999999999996447, -1.500000000000000000, 16.40544456622768976 ) ) ;
#2431 = CARTESIAN_POINT ( 'NONE',  ( 7.745966692414836707, -1.499999999999999556, -3.500000000000000888 ) ) ;
#2432 = ORIENTED_EDGE ( 'NONE', *, *, #842, .F. ) ;
#2433 = AXIS2_PLACEMENT_3D ( 'NONE', #2203, #279, #2439 ) ;
#2434 = CARTESIAN_POINT ( 'NONE',  ( -8.749999999999996447, -1.500000000000000000, 15.15544456622769154 ) ) ;
#2435 = ORIENTED_EDGE ( 'NONE', *, *, #1717, .T. ) ;
#2436 = VECTOR ( 'NONE', #1398, 1000.000000000000000 ) ;
#2437 = CIRCLE ( 'NONE', #873, 1.000000000000000888 ) ;
#2438 = CARTESIAN_POINT ( 'NONE',  ( -13.09011422469387753, 1.500000000000000000, -11.32725708595006964 ) ) ;
#2439 = DIRECTION ( 'NONE',  ( 0.000000000000000000, 0.000000000000000000, 1.000000000000000000 ) ) ;
#2440 = ORIENTED_EDGE ( 'NONE', *, *, #1690, .F. ) ;
#2441 = ORIENTED_EDGE ( 'NONE', *, *, #2912, .T. ) ;
#2442 = ORIENTED_EDGE ( 'NONE', *, *, #1415, .F. ) ;
#2443 = CARTESIAN_POINT ( 'NONE',  ( -6.091828464221602069, 1.500000000000000000, -4.374885822795779866 ) ) ;
#2444 = DIRECTION ( 'NONE',  ( 0.000000000000000000, 1.000000000000000000, 0.000000000000000000 ) ) ;
#2445 = EDGE_CURVE ( 'NONE', #699, #762, #2562, .T. ) ;
#2446 = VERTEX_POINT ( 'NONE', #1440 ) ;
#2447 = AXIS2_PLACEMENT_3D ( 'NONE', #43, #298, #1709 ) ;
#2448 = DIRECTION ( 'NONE',  ( 0.000000000000000000, 1.000000000000000000, 0.000000000000000000 ) ) ;
#2449 = CARTESIAN_POINT ( 'NONE',  ( 15.48872410019262880, 1.500000000000000000, -5.172742914049958785 ) ) ;
#2450 = ORIENTED_EDGE ( 'NONE', *, *, #1235, .F. ) ;
#2451 = AXIS2_PLACEMENT_3D ( 'NONE', #1110, #3565, #272 ) ;
#2452 = DIRECTION ( 'NONE',  ( 0.000000000000000000, 0.000000000000000000, 1.000000000000000000 ) ) ;
#2453 = CARTESIAN_POINT ( 'NONE',  ( 17.50000000000001421, 1.500000000000000000, 4.853321584273757548E-15 ) ) ;
#2454 = ADVANCED_FACE ( 'NONE', ( #2257 ), #885, .F. ) ;
#2455 = CARTESIAN_POINT ( 'NONE',  ( 3.565280431325201338, -8.500000000000000000, -13.17524685029108156 ) ) ;
#2456 = AXIS2_PLACEMENT_3D ( 'NONE', #1143, #3365, #1734 ) ;
#2457 = DIRECTION ( 'NONE',  ( 0.000000000000000000, 1.000000000000000000, 0.000000000000000000 ) ) ;
#2458 = LINE ( 'NONE', #2976, #351 ) ;
#2459 = EDGE_CURVE ( 'NONE', #2153, #306, #2830, .T. ) ;
#2460 = ORIENTED_EDGE ( 'NONE', *, *, #2312, .T. ) ;
#2461 = ORIENTED_EDGE ( 'NONE', *, *, #661, .F. ) ;
#2462 = CIRCLE ( 'NONE', #2345, 1.000000000000000444 ) ;
#2463 = ORIENTED_EDGE ( 'NONE', *, *, #2767, .F. ) ;
#2464 = CARTESIAN_POINT ( 'NONE',  ( -1.707919836748908349, -8.500000000000000000, 7.958203932499114508 ) ) ;
#2465 = CARTESIAN_POINT ( 'NONE',  ( -9.469357670820309991, -1.499999999999999556, -10.66266986216874635 ) ) ;
#2466 = VERTEX_POINT ( 'NONE', #70 ) ;
#2467 = DIRECTION ( 'NONE',  ( 0.000000000000000000, 0.000000000000000000, 1.000000000000000000 ) ) ;
#2468 = CIRCLE ( 'NONE', #3406, 1.000000000000000888 ) ;
#2469 = CARTESIAN_POINT ( 'NONE',  ( -23.09401076758504345, -1.500000000000000000, 1.612646152681311659E-13 ) ) ;
#2470 = EDGE_CURVE ( 'NONE', #2822, #1624, #1507, .T. ) ;
#2471 = DIRECTION ( 'NONE',  ( 0.000000000000000000, 1.000000000000000000, 0.000000000000000000 ) ) ;
#2472 = DIRECTION ( 'NONE',  ( -0.000000000000000000, 1.000000000000000000, -0.000000000000000000 ) ) ;
#2473 = ORIENTED_EDGE ( 'NONE', *, *, #759, .F. ) ;
#2474 = ADVANCED_FACE ( 'NONE', ( #54 ), #2272, .F. ) ;
#2475 = VECTOR ( 'NONE', #2681, 1000.000000000000000 ) ;
#2476 = EDGE_CURVE ( 'NONE', #1399, #1328, #3434, .T. ) ;
#2477 = CARTESIAN_POINT ( 'NONE',  ( 8.761432854036520723, -1.499999999999999556, 10.17524685028879361 ) ) ;
#2478 = DIRECTION ( 'NONE',  ( -0.000000000000000000, 1.000000000000000000, -0.000000000000000000 ) ) ;
#2479 = ORIENTED_EDGE ( 'NONE', *, *, #2043, .F. ) ;
#2480 = VERTEX_POINT ( 'NONE', #2056 ) ;
#2481 = ORIENTED_EDGE ( 'NONE', *, *, #3217, .T. ) ;
#2482 = CARTESIAN_POINT ( 'NONE',  ( -17.50000000000000000, 1.500000000000000000, 1.769808360342463528E-14 ) ) ;
#2483 = ORIENTED_EDGE ( 'NONE', *, *, #2000, .T. ) ;
#2484 = DIRECTION ( 'NONE',  ( 0.000000000000000000, 0.000000000000000000, 1.000000000000000000 ) ) ;
#2485 = CARTESIAN_POINT ( 'NONE',  ( -4.000000000000000000, 1.500000000000000000, 1.800000000000000044 ) ) ;
#2486 = DIRECTION ( 'NONE',  ( 0.000000000000000000, 1.000000000000000000, -0.000000000000000000 ) ) ;
#2487 = ORIENTED_EDGE ( 'NONE', *, *, #1717, .F. ) ;
#2488 = AXIS2_PLACEMENT_3D ( 'NONE', #3438, #950, #125 ) ;
#2489 = DIRECTION ( 'NONE',  ( -0.000000000000000000, 1.000000000000000000, -0.000000000000000000 ) ) ;
#2490 = DIRECTION ( 'NONE',  ( -0.8660254037844381525, 0.000000000000000000, 0.5000000000000008882 ) ) ;
#2491 = ORIENTED_EDGE ( 'NONE', *, *, #1146, .F. ) ;
#2492 = VECTOR ( 'NONE', #1893, 1000.000000000000227 ) ;
#2493 = EDGE_CURVE ( 'NONE', #1192, #3026, #3008, .T. ) ;
#2494 = CARTESIAN_POINT ( 'NONE',  ( 12.22408882090946136, 1.500000000000000000, 10.82725708595005720 ) ) ;
#2495 = AXIS2_PLACEMENT_3D ( 'NONE', #2232, #3343, #839 ) ;
#2496 = CARTESIAN_POINT ( 'NONE',  ( -2.165063509458653446, -1.500000000000000000, 1.249999999998590239 ) ) ;
#2497 = ORIENTED_EDGE ( 'NONE', *, *, #1043, .F. ) ;
#2498 = AXIS2_PLACEMENT_3D ( 'NONE', #2168, #2152, #1902 ) ;
#2499 = VERTEX_POINT ( 'NONE', #3153 ) ;
#2500 = CARTESIAN_POINT ( 'NONE',  ( -12.22408882090951288, -8.500000000000000000, 11.82725708595003411 ) ) ;
#2501 = ORIENTED_EDGE ( 'NONE', *, *, #2905, .T. ) ;
#2502 = DIRECTION ( 'NONE',  ( -1.000000000000000000, 0.000000000000000000, 0.000000000000000000 ) ) ;
#2503 = EDGE_CURVE ( 'NONE', #1747, #3553, #3604, .T. ) ;
#2504 = ORIENTED_EDGE ( 'NONE', *, *, #2137, .T. ) ;
#2505 = ORIENTED_EDGE ( 'NONE', *, *, #1936, .T. ) ;
#2506 = CARTESIAN_POINT ( 'NONE',  ( -6.834676493307209277, 1.500000000000000000, 3.088235294117645857 ) ) ;
#2507 = CARTESIAN_POINT ( 'NONE',  ( 3.264635279283078617, -8.500000000000000000, -15.99999999999987921 ) ) ;
#2508 = VECTOR ( 'NONE', #3012, 999.9999999999998863 ) ;
#2509 = DIRECTION ( 'NONE',  ( 0.000000000000000000, 0.000000000000000000, 1.000000000000000000 ) ) ;
#2510 = DIRECTION ( 'NONE',  ( 0.000000000000000000, 0.000000000000000000, 1.000000000000000000 ) ) ;
#2511 = ORIENTED_EDGE ( 'NONE', *, *, #1690, .T. ) ;
#2512 = AXIS2_PLACEMENT_3D ( 'NONE', #2494, #3334, #1625 ) ;
#2513 = VECTOR ( 'NONE', #140, 1000.000000000000000 ) ;
#2514 = PLANE ( 'NONE',  #2738 ) ;
#2515 = CARTESIAN_POINT ( 'NONE',  ( 8.750000000000005329, 1.500000000000000000, 15.15544456622768976 ) ) ;
#2516 = ADVANCED_FACE ( 'NONE', ( #3105 ), #3123, .F. ) ;
#2517 = ORIENTED_EDGE ( 'NONE', *, *, #1563, .F. ) ;
#2518 = CIRCLE ( 'NONE', #2303, 7.500000000000001776 ) ;
#2519 = VERTEX_POINT ( 'NONE', #122 ) ;
#2520 = DIRECTION ( 'NONE',  ( 0.000000000000000000, 0.000000000000000000, 1.000000000000000000 ) ) ;
#2521 = DIRECTION ( 'NONE',  ( -0.000000000000000000, -1.000000000000000000, -0.000000000000000000 ) ) ;
#2522 = VECTOR ( 'NONE', #3327, 1000.000000000000000 ) ;
#2523 = ORIENTED_EDGE ( 'NONE', *, *, #227, .F. ) ;
#2524 = EDGE_CURVE ( 'NONE', #405, #2499, #1477, .T. ) ;
#2525 = ORIENTED_EDGE ( 'NONE', *, *, #3368, .F. ) ;
#2526 = DIRECTION ( 'NONE',  ( 0.000000000000000000, 0.000000000000000000, 1.000000000000000000 ) ) ;
#2527 = DIRECTION ( 'NONE',  ( 0.000000000000000000, 0.000000000000000000, 1.000000000000000000 ) ) ;
#2528 = DIRECTION ( 'NONE',  ( -0.000000000000000000, 1.000000000000000000, -0.000000000000000000 ) ) ;
#2529 = AXIS2_PLACEMENT_3D ( 'NONE', #519, #1386, #3070 ) ;
#2530 = DIRECTION ( 'NONE',  ( 0.000000000000000000, 1.000000000000000000, 0.000000000000000000 ) ) ;
#2531 = EDGE_CURVE ( 'NONE', #2875, #3247, #1782, .T. ) ;
#2532 = AXIS2_PLACEMENT_3D ( 'NONE', #2661, #3188, #3208 ) ;
#2533 = CARTESIAN_POINT ( 'NONE',  ( 7.745966692414836707, -8.500000000000000000, -3.500000000000000888 ) ) ;
#2534 = ORIENTED_EDGE ( 'NONE', *, *, #2932, .F. ) ;
#2535 = DIRECTION ( 'NONE',  ( -0.000000000000000000, 1.000000000000000000, -0.000000000000000000 ) ) ;
#2536 = DIRECTION ( 'NONE',  ( 0.000000000000000000, 0.000000000000000000, 1.000000000000000000 ) ) ;
#2537 = EDGE_LOOP ( 'NONE', ( #2999, #1360, #3353, #772 ) ) ;
#2538 = VERTEX_POINT ( 'NONE', #3139 ) ;
#2539 = ORIENTED_EDGE ( 'NONE', *, *, #3536, .T. ) ;
#2540 = CARTESIAN_POINT ( 'NONE',  ( -9.627458257813785281, 1.500000000000000000, -9.675246850287658518 ) ) ;
#2541 = CARTESIAN_POINT ( 'NONE',  ( 11.54700538379275621, 1.500000000000000000, 19.99999999999987566 ) ) ;
#2542 = ORIENTED_EDGE ( 'NONE', *, *, #1583, .T. ) ;
#2543 = CARTESIAN_POINT ( 'NONE',  ( -6.038046855670033075, -1.499999999999999556, 5.458203932497262656 ) ) ;
#2544 = CARTESIAN_POINT ( 'NONE',  ( 0.000000000000000000, 1.500000000000000000, -16.99999999999987921 ) ) ;
#2545 = EDGE_CURVE ( 'NONE', #2030, #464, #2948, .T. ) ;
#2546 = DIRECTION ( 'NONE',  ( 0.000000000000000000, 1.000000000000000000, 0.000000000000000000 ) ) ;
#2547 = DIRECTION ( 'NONE',  ( 0.000000000000000000, 0.000000000000000000, 1.000000000000000000 ) ) ;
#2548 = EDGE_CURVE ( 'NONE', #353, #2875, #2863, .T. ) ;
#2549 = CIRCLE ( 'NONE', #3370, 0.9999999999999991118 ) ;
#2550 = CARTESIAN_POINT ( 'NONE',  ( -11.59812687119602792, -1.499999999999999556, -11.60711068600008922 ) ) ;
#2551 = AXIS2_PLACEMENT_3D ( 'NONE', #537, #2195, #3030 ) ;
#2552 = CARTESIAN_POINT ( 'NONE',  ( 23.09401076758504701, -1.500000000000000000, 0.000000000000000000 ) ) ;
#2553 = ORIENTED_EDGE ( 'NONE', *, *, #2428, .F. ) ;
#2554 = EDGE_LOOP ( 'NONE', ( #1222, #1703, #1607, #1883 ) ) ;
#2555 = ORIENTED_EDGE ( 'NONE', *, *, #1320, .F. ) ;
#2556 = CIRCLE ( 'NONE', #3310, 1.000000000000001776 ) ;
#2557 = CARTESIAN_POINT ( 'NONE',  ( -16.35474950397701832, 1.500000000000000000, -5.672742914049964114 ) ) ;
#2558 = DIRECTION ( 'NONE',  ( 0.000000000000000000, 1.000000000000000000, -0.000000000000000000 ) ) ;
#2559 = AXIS2_PLACEMENT_3D ( 'NONE', #2334, #2065, #1499 ) ;
#2560 = ORIENTED_EDGE ( 'NONE', *, *, #2615, .F. ) ;
#2561 = DIRECTION ( 'NONE',  ( 0.000000000000000000, 0.000000000000000000, 1.000000000000000000 ) ) ;
#2562 = LINE ( 'NONE', #344, #1100 ) ;
#2563 = CARTESIAN_POINT ( 'NONE',  ( 8.750000000000007105, 1.500000000000000000, -15.15544456622769331 ) ) ;
#2564 = DIRECTION ( 'NONE',  ( -0.4999999999999996669, 0.000000000000000000, 0.8660254037844388186 ) ) ;
#2565 = VECTOR ( 'NONE', #2734, 1000.000000000000000 ) ;
#2566 = DIRECTION ( 'NONE',  ( 0.000000000000000000, 1.000000000000000000, 0.000000000000000000 ) ) ;
#2567 = ADVANCED_FACE ( 'NONE', ( #102 ), #376, .F. ) ;
#2568 = DIRECTION ( 'NONE',  ( 1.000000000000000000, 0.000000000000000000, -1.051620219116008738E-14 ) ) ;
#2569 = ORIENTED_EDGE ( 'NONE', *, *, #2117, .F. ) ;
#2570 = VECTOR ( 'NONE', #731, 1000.000000000000000 ) ;
#2571 = FACE_OUTER_BOUND ( 'NONE', #855, .T. ) ;
#2572 = ADVANCED_FACE ( 'NONE', ( #424 ), #1541, .T. ) ;
#2573 = FACE_OUTER_BOUND ( 'NONE', #2139, .T. ) ;
#2574 = VECTOR ( 'NONE', #946, 1000.000000000000000 ) ;
#2575 = EDGE_LOOP ( 'NONE', ( #3057, #1133, #1807, #1174 ) ) ;
#2576 = DIRECTION ( 'NONE',  ( 0.000000000000000000, 1.000000000000000000, -0.000000000000000000 ) ) ;
#2577 = CARTESIAN_POINT ( 'NONE',  ( 2.165063509463538871, -1.500000000000000000, -1.250000000001410871 ) ) ;
#2578 = CARTESIAN_POINT ( 'NONE',  ( -9.184850993605148438E-17, -1.499999999999999556, 1.742924699575454705E-16 ) ) ;
#2579 = ADVANCED_FACE ( 'NONE', ( #3520 ), #3504, .T. ) ;
#2580 = DIRECTION ( 'NONE',  ( -0.000000000000000000, 1.000000000000000000, -0.000000000000000000 ) ) ;
#2581 = MANIFOLD_SOLID_BREP ( '∂Øƒ - âüÇµèoÇµ2', #983 ) ;
#2582 = CIRCLE ( 'NONE', #774, 1.000000000000000888 ) ;
#2583 = CARTESIAN_POINT ( 'NONE',  ( -23.09401076758504345, 1.500000000000000000, 1.612646152681311659E-13 ) ) ;
#2584 = ADVANCED_FACE ( 'NONE', ( #3244 ), #2640, .F. ) ;
#2585 = FACE_OUTER_BOUND ( 'NONE', #3554, .T. ) ;
#2586 = EDGE_LOOP ( 'NONE', ( #2542, #800, #2052, #498 ) ) ;
#2587 = EDGE_CURVE ( 'NONE', #2538, #1374, #2788, .T. ) ;
#2588 = AXIS2_PLACEMENT_3D ( 'NONE', #2339, #170, #1556 ) ;
#2589 = ORIENTED_EDGE ( 'NONE', *, *, #2994, .T. ) ;
#2590 = DIRECTION ( 'NONE',  ( -0.000000000000000000, 1.000000000000000000, -0.000000000000000000 ) ) ;
#2591 = EDGE_LOOP ( 'NONE', ( #2602, #2555, #1030, #1574, #1606, #3318 ) ) ;
#2592 = ORIENTED_EDGE ( 'NONE', *, *, #1732, .T. ) ;
#2593 = FACE_OUTER_BOUND ( 'NONE', #533, .T. ) ;
#2594 = CARTESIAN_POINT ( 'NONE',  ( 0.8418944329592915610, -1.499999999999999556, -8.458203932499628763 ) ) ;
#2595 = CARTESIAN_POINT ( 'NONE',  ( 0.000000000000000000, 0.000000000000000000, 0.000000000000000000 ) ) ;
#2596 = CARTESIAN_POINT ( 'NONE',  ( 6.091828464224791517, 1.500000000000000000, 4.374885822791341639 ) ) ;
#2597 = CARTESIAN_POINT ( 'NONE',  ( -7.745966692414836707, -8.500000000000000000, -2.499999999999999556 ) ) ;
#2598 = CARTESIAN_POINT ( 'NONE',  ( 0.000000000000000000, -8.500000000000000000, 16.99999999999996803 ) ) ;
#2599 = CARTESIAN_POINT ( 'NONE',  ( -9.627458257813785281, -1.499999999999999556, -9.675246850287658518 ) ) ;
#2600 = VECTOR ( 'NONE', #2564, 1000.000000000000000 ) ;
#2601 = ORIENTED_EDGE ( 'NONE', *, *, #325, .T. ) ;
#2602 = ORIENTED_EDGE ( 'NONE', *, *, #1231, .F. ) ;
#2603 = VECTOR ( 'NONE', #1007, 1000.000000000000000 ) ;
#2604 = CARTESIAN_POINT ( 'NONE',  ( -13.19273868914363312, -1.499999999999999556, -3.499999999999999556 ) ) ;
#2605 = ORIENTED_EDGE ( 'NONE', *, *, #2683, .T. ) ;
#2606 = ORIENTED_EDGE ( 'NONE', *, *, #3457, .F. ) ;
#2607 = DIRECTION ( 'NONE',  ( -0.000000000000000000, -1.000000000000000000, -0.000000000000000000 ) ) ;
#2608 = EDGE_CURVE ( 'NONE', #813, #81, #2950, .T. ) ;
#2609 = AXIS2_PLACEMENT_3D ( 'NONE', #1172, #3078, #44 ) ;
#2610 = DIRECTION ( 'NONE',  ( 0.000000000000000000, 0.000000000000000000, 1.000000000000000000 ) ) ;
#2611 = AXIS2_PLACEMENT_3D ( 'NONE', #3232, #431, #1546 ) ;
#2612 = VECTOR ( 'NONE', #1740, 1000.000000000000000 ) ;
#2613 = CYLINDRICAL_SURFACE ( 'NONE', #544, 1.000000000000000888 ) ;
#2614 = DIRECTION ( 'NONE',  ( 0.000000000000000000, 1.000000000000000000, 0.000000000000000000 ) ) ;
#2615 = EDGE_CURVE ( 'NONE', #2624, #635, #3206, .T. ) ;
#2616 = DIRECTION ( 'NONE',  ( 0.000000000000000000, 1.000000000000000000, 0.000000000000000000 ) ) ;
#2617 = DIRECTION ( 'NONE',  ( -0.000000000000000000, 1.000000000000000000, -0.000000000000000000 ) ) ;
#2618 = ORIENTED_EDGE ( 'NONE', *, *, #3002, .F. ) ;
#2619 = CIRCLE ( 'NONE', #3439, 1.000000000000000888 ) ;
#2620 = EDGE_CURVE ( 'NONE', #2077, #1809, #3183, .T. ) ;
#2621 = CARTESIAN_POINT ( 'NONE',  ( 7.745966692414836707, -1.499999999999999556, -2.500000000000000000 ) ) ;
#2622 = ORIENTED_EDGE ( 'NONE', *, *, #3119, .F. ) ;
#2623 = AXIS2_PLACEMENT_3D ( 'NONE', #2330, #2566, #3393 ) ;
#2624 = VERTEX_POINT ( 'NONE', #3464 ) ;
#2625 = FACE_OUTER_BOUND ( 'NONE', #2094, .T. ) ;
#2626 = CARTESIAN_POINT ( 'NONE',  ( 8.750000000000005329, 1.500000000000000000, 15.15544456622768976 ) ) ;
#2627 = EDGE_CURVE ( 'NONE', #669, #1517, #2928, .T. ) ;
#2628 = PLANE ( 'NONE',  #1534 ) ;
#2629 = LINE ( 'NONE', #1322, #3307 ) ;
#2630 = CYLINDRICAL_SURFACE ( 'NONE', #1421, 4.549999999999999822 ) ;
#2631 = CARTESIAN_POINT ( 'NONE',  ( -8.750000000000053291, 1.500000000000000000, -16.40544456622765424 ) ) ;
#2632 = DIRECTION ( 'NONE',  ( 0.000000000000000000, 0.000000000000000000, 1.000000000000000000 ) ) ;
#2633 = ORIENTED_EDGE ( 'NONE', *, *, #3181, .F. ) ;
#2634 = CARTESIAN_POINT ( 'NONE',  ( -8.749999999999996447, 1.500000000000000000, 13.90544456622769331 ) ) ;
#2635 = DIRECTION ( 'NONE',  ( 0.4999999999999996669, 0.000000000000000000, -0.8660254037844388186 ) ) ;
#2636 = ORIENTED_EDGE ( 'NONE', *, *, #1549, .F. ) ;
#2637 = VECTOR ( 'NONE', #456, 1000.000000000000114 ) ;
#2638 = ORIENTED_EDGE ( 'NONE', *, *, #2867, .F. ) ;
#2639 = DIRECTION ( 'NONE',  ( -0.000000000000000000, 1.000000000000000000, -0.000000000000000000 ) ) ;
#2640 = CYLINDRICAL_SURFACE ( 'NONE', #169, 1.000000000000002665 ) ;
#2641 = EDGE_CURVE ( 'NONE', #2480, #3534, #746, .T. ) ;
#2642 = CYLINDRICAL_SURFACE ( 'NONE', #3455, 1.249999999999999334 ) ;
#2643 = CARTESIAN_POINT ( 'NONE',  ( 7.745966692414836707, 1.500000000000000000, 2.500000000000000444 ) ) ;
#2644 = CARTESIAN_POINT ( 'NONE',  ( 17.50000000000001421, 1.500000000000000000, -1.249999999999996447 ) ) ;
#2645 = DIRECTION ( 'NONE',  ( 0.000000000000000000, 0.000000000000000000, 1.000000000000000000 ) ) ;
#2646 = DIRECTION ( 'NONE',  ( -0.000000000000000000, 1.000000000000000000, -0.000000000000000000 ) ) ;
#2647 = ORIENTED_EDGE ( 'NONE', *, *, #2720, .F. ) ;
#2648 = ADVANCED_FACE ( 'NONE', ( #690 ), #1300, .F. ) ;
#2649 = CARTESIAN_POINT ( 'NONE',  ( -23.09401076758504345, 1.500000000000000000, 1.612646152681311659E-13 ) ) ;
#2650 = VERTEX_POINT ( 'NONE', #2911 ) ;
#2651 = CIRCLE ( 'NONE', #789, 1.000000000000000888 ) ;
#2652 = ORIENTED_EDGE ( 'NONE', *, *, #2762, .F. ) ;
#2653 = DIRECTION ( 'NONE',  ( 0.000000000000000000, 0.000000000000000000, 1.000000000000000000 ) ) ;
#2654 = FACE_OUTER_BOUND ( 'NONE', #2048, .T. ) ;
#2655 = ORIENTED_EDGE ( 'NONE', *, *, #2587, .T. ) ;
#2656 = VERTEX_POINT ( 'NONE', #2947 ) ;
#2657 = VECTOR ( 'NONE', #2580, 1000.000000000000000 ) ;
#2658 = DIRECTION ( 'NONE',  ( -0.000000000000000000, 1.000000000000000000, -0.000000000000000000 ) ) ;
#2659 = CARTESIAN_POINT ( 'NONE',  ( 17.50000000000001776, -8.500000000000000000, -5.650474260863225751E-15 ) ) ;
#2660 = AXIS2_PLACEMENT_3D ( 'NONE', #2659, #2340, #3167 ) ;
#2661 = CARTESIAN_POINT ( 'NONE',  ( 0.000000000000000000, -1.500000000000000000, 0.000000000000000000 ) ) ;
#2662 = CARTESIAN_POINT ( 'NONE',  ( 0.000000000000000000, -1.500000000000000000, 5.000000000000000000 ) ) ;
#2663 = EDGE_CURVE ( 'NONE', #2538, #256, #457, .T. ) ;
#2664 = CIRCLE ( 'NONE', #2498, 5.000000000000000000 ) ;
#2665 = CARTESIAN_POINT ( 'NONE',  ( 17.50000000000001421, -1.500000000000000000, 4.853321584273757548E-15 ) ) ;
#2666 = FACE_OUTER_BOUND ( 'NONE', #1098, .T. ) ;
#2667 = CARTESIAN_POINT ( 'NONE',  ( -8.749999999999998224, -1.499999999999999556, -15.15544456622769509 ) ) ;
#2668 = EDGE_CURVE ( 'NONE', #231, #3447, #476, .T. ) ;
#2669 = LINE ( 'NONE', #1603, #1354 ) ;
#2670 = DIRECTION ( 'NONE',  ( -0.000000000000000000, 1.000000000000000000, -0.000000000000000000 ) ) ;
#2671 = VERTEX_POINT ( 'NONE', #3045 ) ;
#2672 = ORIENTED_EDGE ( 'NONE', *, *, #276, .T. ) ;
#2673 = CARTESIAN_POINT ( 'NONE',  ( -8.749999999999996447, 1.500000000000000000, 15.15544456622769154 ) ) ;
#2674 = CARTESIAN_POINT ( 'NONE',  ( -9.184850993605148438E-17, -1.499999999999999556, 1.742924699575454705E-16 ) ) ;
#2675 = AXIS2_PLACEMENT_3D ( 'NONE', #2224, #2457, #1995 ) ;
#2676 = CIRCLE ( 'NONE', #1875, 1.000000000000002665 ) ;
#2677 = CARTESIAN_POINT ( 'NONE',  ( -4.000000000000000000, -1.500000000000000000, 3.000000000000000000 ) ) ;
#2678 = CYLINDRICAL_SURFACE ( 'NONE', #677, 1.000000000000000888 ) ;
#2679 = ADVANCED_FACE ( 'NONE', ( #13, #1343, #1889, #2156, #3538, #764, #3265, #1947, #2756, #248, #3558, #3284, #1103, #1042 ), #2983, .T. ) ;
#2680 = LINE ( 'NONE', #1838, #3391 ) ;
#2681 = DIRECTION ( 'NONE',  ( -0.000000000000000000, 1.000000000000000000, -0.000000000000000000 ) ) ;
#2682 = DIRECTION ( 'NONE',  ( -0.000000000000000000, -1.000000000000000000, -0.000000000000000000 ) ) ;
#2683 = EDGE_CURVE ( 'NONE', #1335, #1761, #513, .T. ) ;
#2684 = ORIENTED_EDGE ( 'NONE', *, *, #1493, .F. ) ;
#2685 = DIRECTION ( 'NONE',  ( 0.000000000000000000, 1.000000000000000000, -0.000000000000000000 ) ) ;
#2686 = CARTESIAN_POINT ( 'NONE',  ( 2.165063509459042024, 1.500000000000000000, 1.249999999998812061 ) ) ;
#2687 = CARTESIAN_POINT ( 'NONE',  ( 13.96882180821687491, -8.500000000000000000, -2.869369369369369593 ) ) ;
#2688 = EDGE_CURVE ( 'NONE', #368, #2923, #60, .T. ) ;
#2689 = ORIENTED_EDGE ( 'NONE', *, *, #2143, .F. ) ;
#2690 = ORIENTED_EDGE ( 'NONE', *, *, #779, .T. ) ;
#2691 = EDGE_LOOP ( 'NONE', ( #999, #3304 ) ) ;
#2692 = ORIENTED_EDGE ( 'NONE', *, *, #2663, .F. ) ;
#2693 = AXIS2_PLACEMENT_3D ( 'NONE', #3048, #1933, #2759 ) ;
#2694 = CIRCLE ( 'NONE', #1777, 4.550000000000001599 ) ;
#2695 = DIRECTION ( 'NONE',  ( 0.000000000000000000, 1.000000000000000000, -0.000000000000000000 ) ) ;
#2696 = CARTESIAN_POINT ( 'NONE',  ( 2.165063509463538871, 1.500000000000000000, -1.250000000001410649 ) ) ;
#2697 = VERTEX_POINT ( 'NONE', #2465 ) ;
#2698 = CARTESIAN_POINT ( 'NONE',  ( -8.749999999999998224, -1.499999999999999556, -15.15544456622769509 ) ) ;
#2699 = DIRECTION ( 'NONE',  ( -0.8660254037844385966, 0.000000000000000000, 0.5000000000000003331 ) ) ;
#2700 = CIRCLE ( 'NONE', #2876, 5.000000000000000000 ) ;
#2701 = DIRECTION ( 'NONE',  ( -0.000000000000000000, 1.000000000000000000, -0.000000000000000000 ) ) ;
#2702 = CARTESIAN_POINT ( 'NONE',  ( 4.499464137392734209, 1.500000000000000000, -13.53203923154092259 ) ) ;
#2703 = CARTESIAN_POINT ( 'NONE',  ( 13.19273868914366687, -8.500000000000000000, 2.500000000000000444 ) ) ;
#2704 = CARTESIAN_POINT ( 'NONE',  ( -8.749999999999996447, -1.500000000000000000, 15.15544456622769154 ) ) ;
#2705 = DIRECTION ( 'NONE',  ( -0.000000000000000000, 1.000000000000000000, -0.000000000000000000 ) ) ;
#2706 = ADVANCED_FACE ( 'NONE', ( #1121 ), #2711, .F. ) ;
#2707 = ORIENTED_EDGE ( 'NONE', *, *, #2023, .F. ) ;
#2708 = VERTEX_POINT ( 'NONE', #1658 ) ;
#2709 = DIRECTION ( 'NONE',  ( 0.5000000000000001110, -0.000000000000000000, 0.8660254037844385966 ) ) ;
#2710 = ORIENTED_EDGE ( 'NONE', *, *, #1124, .F. ) ;
#2711 = CYLINDRICAL_SURFACE ( 'NONE', #2202, 1.250000000000001110 ) ;
#2712 = EDGE_CURVE ( 'NONE', #3342, #527, #2556, .T. ) ;
#2713 = ORIENTED_EDGE ( 'NONE', *, *, #601, .T. ) ;
#2714 = DIRECTION ( 'NONE',  ( -0.000000000000000000, 1.000000000000000000, -0.000000000000000000 ) ) ;
#2715 = AXIS2_PLACEMENT_3D ( 'NONE', #964, #2699, #2914 ) ;
#2716 = CARTESIAN_POINT ( 'NONE',  ( -4.000000000000000000, -1.500000000000000000, -1.800000000000000044 ) ) ;
#2717 = ORIENTED_EDGE ( 'NONE', *, *, #207, .T. ) ;
#2718 = CIRCLE ( 'NONE', #109, 4.550000000000002487 ) ;
#2719 = CARTESIAN_POINT ( 'NONE',  ( 14.72243186433544970, 1.500000000000000000, 8.499999999999994671 ) ) ;
#2720 = EDGE_CURVE ( 'NONE', #150, #1628, #3004, .T. ) ;
#2721 = DIRECTION ( 'NONE',  ( 0.000000000000000000, 0.000000000000000000, 1.000000000000000000 ) ) ;
#2722 = ORIENTED_EDGE ( 'NONE', *, *, #2978, .F. ) ;
#2723 = PRODUCT_DEFINITION_SHAPE ( 'NONE', 'NONE',  #1008 ) ;
#2724 = AXIS2_PLACEMENT_3D ( 'NONE', #2604, #2078, #435 ) ;
#2725 = CARTESIAN_POINT ( 'NONE',  ( 13.96882180821688202, -1.499999999999999556, 2.869369369369367373 ) ) ;
#2726 = CIRCLE ( 'NONE', #117, 1.000000000000000888 ) ;
#2727 = DIRECTION ( 'NONE',  ( 0.000000000000000000, 0.000000000000000000, 1.000000000000000000 ) ) ;
#2728 = FACE_OUTER_BOUND ( 'NONE', #1471, .T. ) ;
#2729 = ORIENTED_EDGE ( 'NONE', *, *, #2994, .F. ) ;
#2730 = VERTEX_POINT ( 'NONE', #1082 ) ;
#2731 = ORIENTED_EDGE ( 'NONE', *, *, #257, .T. ) ;
#2732 = VERTEX_POINT ( 'NONE', #1909 ) ;
#2733 = EDGE_CURVE ( 'NONE', #2064, #849, #1626, .T. ) ;
#2734 = DIRECTION ( 'NONE',  ( -0.000000000000000000, 1.000000000000000000, -0.000000000000000000 ) ) ;
#2735 = DIRECTION ( 'NONE',  ( 0.000000000000000000, 0.000000000000000000, 1.000000000000000000 ) ) ;
#2736 = VECTOR ( 'NONE', #2210, 1000.000000000000000 ) ;
#2737 = ORIENTED_EDGE ( 'NONE', *, *, #1049, .F. ) ;
#2738 = AXIS2_PLACEMENT_3D ( 'NONE', #1671, #502, #2766 ) ;
#2739 = CARTESIAN_POINT ( 'NONE',  ( 8.750000000000007105, -1.499999999999999556, -15.15544456622769331 ) ) ;
#2740 = DIRECTION ( 'NONE',  ( 0.000000000000000000, 0.000000000000000000, -1.000000000000000000 ) ) ;
#2741 = EDGE_LOOP ( 'NONE', ( #3003, #188, #3380, #2249 ) ) ;
#2742 = EDGE_CURVE ( 'NONE', #2215, #2100, #2144, .T. ) ;
#2743 = VECTOR ( 'NONE', #1375, 1000.000000000000000 ) ;
#2744 = CARTESIAN_POINT ( 'NONE',  ( 11.54700538379247732, 1.500000000000000000, -20.00000000000004263 ) ) ;
#2745 = LINE ( 'NONE', #3051, #963 ) ;
#2746 = ORIENTED_EDGE ( 'NONE', *, *, #2265, .F. ) ;
#2747 = DIRECTION ( 'NONE',  ( 0.000000000000000000, 0.000000000000000000, 1.000000000000000000 ) ) ;
#2748 = CIRCLE ( 'NONE', #2228, 1.000000000000000222 ) ;
#2749 = DIRECTION ( 'NONE',  ( -0.000000000000000000, 1.000000000000000000, -0.000000000000000000 ) ) ;
#2750 = CARTESIAN_POINT ( 'NONE',  ( -11.59812687119609365, -8.500000000000000000, 11.60711068600005191 ) ) ;
#2751 = ORIENTED_EDGE ( 'NONE', *, *, #1189, .F. ) ;
#2752 = ORIENTED_EDGE ( 'NONE', *, *, #2206, .T. ) ;
#2753 = ORIENTED_EDGE ( 'NONE', *, *, #275, .F. ) ;
#2754 = DIRECTION ( 'NONE',  ( 0.000000000000000000, 0.000000000000000000, 1.000000000000000000 ) ) ;
#2755 = VERTEX_POINT ( 'NONE', #2191 ) ;
#2756 = FACE_BOUND ( 'NONE', #1488, .T. ) ;
#2757 = VERTEX_POINT ( 'NONE', #1698 ) ;
#2758 = ORIENTED_EDGE ( 'NONE', *, *, #2668, .T. ) ;
#2759 = DIRECTION ( 'NONE',  ( 0.000000000000000000, 0.000000000000000000, 1.000000000000000000 ) ) ;
#2760 = CARTESIAN_POINT ( 'NONE',  ( 8.750000000000003553, -1.500000000000000000, -15.15544456622767733 ) ) ;
#2761 = ORIENTED_EDGE ( 'NONE', *, *, #3093, .F. ) ;
#2762 = EDGE_CURVE ( 'NONE', #3194, #2226, #2718, .T. ) ;
#2763 = PLANE ( 'NONE',  #2529 ) ;
#2764 = CARTESIAN_POINT ( 'NONE',  ( 23.09401076758504701, 1.500000000000000000, 0.000000000000000000 ) ) ;
#2765 = ORIENTED_EDGE ( 'NONE', *, *, #2143, .T. ) ;
#2766 = DIRECTION ( 'NONE',  ( 0.5000000000000001110, 0.000000000000000000, 0.8660254037844385966 ) ) ;
#2767 = EDGE_CURVE ( 'NONE', #810, #926, #3606, .T. ) ;
#2768 = LINE ( 'NONE', #2496, #62 ) ;
#2769 = ORIENTED_EDGE ( 'NONE', *, *, #1280, .F. ) ;
#2770 = ORIENTED_EDGE ( 'NONE', *, *, #1827, .F. ) ;
#2771 = FACE_OUTER_BOUND ( 'NONE', #3347, .T. ) ;
#2772 = ORIENTED_EDGE ( 'NONE', *, *, #1215, .F. ) ;
#2773 = AXIS2_PLACEMENT_3D ( 'NONE', #2667, #925, #2063 ) ;
#2774 = DIRECTION ( 'NONE',  ( 0.000000000000000000, 1.000000000000000000, -0.000000000000000000 ) ) ;
#2775 = ORIENTED_EDGE ( 'NONE', *, *, #2683, .F. ) ;
#2776 = ORIENTED_EDGE ( 'NONE', *, *, #365, .T. ) ;
#2777 = CARTESIAN_POINT ( 'NONE',  ( -6.091828464224532169, -8.500000000000000000, 4.374885822791697798 ) ) ;
#2778 = CARTESIAN_POINT ( 'NONE',  ( -4.252989283015851996, 1.500000000000000000, -15.84782784977065084 ) ) ;
#2779 = VECTOR ( 'NONE', #2359, 1000.000000000000000 ) ;
#2780 = VECTOR ( 'NONE', #2931, 1000.000000000000000 ) ;
#2781 = CARTESIAN_POINT ( 'NONE',  ( -3.264635279283147007, -1.499999999999999556, 15.99999999999996625 ) ) ;
#2782 = ADVANCED_FACE ( 'NONE', ( #822 ), #3061, .F. ) ;
#2783 = CARTESIAN_POINT ( 'NONE',  ( 4.431305835109641045, -8.500000000000000000, -12.67524685029108156 ) ) ;
#2784 = VERTEX_POINT ( 'NONE', #1966 ) ;
#2785 = DIRECTION ( 'NONE',  ( -0.000000000000000000, 1.000000000000000000, -0.000000000000000000 ) ) ;
#2786 = VECTOR ( 'NONE', #1319, 1000.000000000000000 ) ;
#2787 = CARTESIAN_POINT ( 'NONE',  ( -9.184850993605148438E-17, -8.500000000000000000, 1.742924699575454705E-16 ) ) ;
#2788 = CIRCLE ( 'NONE', #2326, 1.249999999999997558 ) ;
#2789 = CYLINDRICAL_SURFACE ( 'NONE', #2792, 7.500000000000001776 ) ;
#2790 = ORIENTED_EDGE ( 'NONE', *, *, #2428, .T. ) ;
#2791 = EDGE_CURVE ( 'NONE', #3033, #893, #569, .T. ) ;
#2792 = AXIS2_PLACEMENT_3D ( 'NONE', #1154, #2014, #1449 ) ;
#2793 = ORIENTED_EDGE ( 'NONE', *, *, #2276, .T. ) ;
#2794 = DIRECTION ( 'NONE',  ( 0.000000000000000000, 0.000000000000000000, 1.000000000000000000 ) ) ;
#2795 = CARTESIAN_POINT ( 'NONE',  ( -13.09011422469387753, -1.499999999999999556, -11.32725708595006964 ) ) ;
#2796 = VERTEX_POINT ( 'NONE', #2320 ) ;
#2797 = PRODUCT_RELATED_PRODUCT_CATEGORY ( 'part', '', ( #1701 ) ) ;
#2798 = ORIENTED_EDGE ( 'NONE', *, *, #878, .F. ) ;
#2799 = DIRECTION ( 'NONE',  ( 0.000000000000000000, 0.000000000000000000, 1.000000000000000000 ) ) ;
#2800 = LINE ( 'NONE', #1663, #107 ) ;
#2801 = DIRECTION ( 'NONE',  ( 0.000000000000000000, 1.000000000000000000, 0.000000000000000000 ) ) ;
#2802 = CARTESIAN_POINT ( 'NONE',  ( -6.834676493307208389, -8.500000000000000000, -3.088235294117646745 ) ) ;
#2803 = DIRECTION ( 'NONE',  ( 0.000000000000000000, 1.000000000000000000, 0.000000000000000000 ) ) ;
#2804 = VECTOR ( 'NONE', #350, 1000.000000000000000 ) ;
#2805 = FACE_OUTER_BOUND ( 'NONE', #958, .T. ) ;
#2806 = DIRECTION ( 'NONE',  ( 0.000000000000000000, 0.000000000000000000, 1.000000000000000000 ) ) ;
#2807 = ORIENTED_EDGE ( 'NONE', *, *, #874, .F. ) ;
#2808 = EDGE_CURVE ( 'NONE', #527, #1809, #3430, .T. ) ;
#2809 = ORIENTED_EDGE ( 'NONE', *, *, #1539, .T. ) ;
#2810 = LINE ( 'NONE', #28, #2073 ) ;
#2811 = EDGE_CURVE ( 'NONE', #2466, #1631, #1473, .T. ) ;
#2812 = DIRECTION ( 'NONE',  ( 0.000000000000000000, 1.000000000000000000, -0.000000000000000000 ) ) ;
#2813 = ORIENTED_EDGE ( 'NONE', *, *, #3340, .T. ) ;
#2814 = CYLINDRICAL_SURFACE ( 'NONE', #1954, 4.550000000000001599 ) ;
#2815 = EDGE_CURVE ( 'NONE', #149, #1014, #1760, .T. ) ;
#2816 = LINE ( 'NONE', #3403, #2375 ) ;
#2817 = APPLICATION_PROTOCOL_DEFINITION ( 'draft international standard', 'automotive_design', 1998, #2929 ) ;
#2818 = DIRECTION ( 'NONE',  ( -0.000000000000000000, 1.000000000000000000, -0.000000000000000000 ) ) ;
#2819 = CARTESIAN_POINT ( 'NONE',  ( -6.038046855666712176, 1.500000000000000000, -5.458203932501884736 ) ) ;
#2820 = CARTESIAN_POINT ( 'NONE',  ( 8.750000000000007105, -8.500000000000000000, -15.15544456622769331 ) ) ;
#2821 = FACE_OUTER_BOUND ( 'NONE', #3532, .T. ) ;
#2822 = VERTEX_POINT ( 'NONE', #1983 ) ;
#2823 = ORIENTED_EDGE ( 'NONE', *, *, #561, .F. ) ;
#2824 = FACE_OUTER_BOUND ( 'NONE', #1679, .T. ) ;
#2825 = ADVANCED_FACE ( 'NONE', ( #2573 ), #3384, .F. ) ;
#2826 = CARTESIAN_POINT ( 'NONE',  ( -2.165063509463150737, 1.500000000000000000, -1.250000000001184830 ) ) ;
#2827 = ORIENTED_EDGE ( 'NONE', *, *, #2891, .F. ) ;
#2828 = ORIENTED_EDGE ( 'NONE', *, *, #98, .T. ) ;
#2829 = CARTESIAN_POINT ( 'NONE',  ( 7.745966692414836707, 1.500000000000000000, 3.500000000000000888 ) ) ;
#2830 = LINE ( 'NONE', #2544, #965 ) ;
#2831 = ADVANCED_FACE ( 'NONE', ( #928 ), #1486, .F. ) ;
#2832 = CARTESIAN_POINT ( 'NONE',  ( 15.85111615421192255, -8.500000000000000000, 4.240717163770653997 ) ) ;
#2833 = LINE ( 'NONE', #3408, #1391 ) ;
#2834 = LINE ( 'NONE', #3091, #2333 ) ;
#2835 = EDGE_CURVE ( 'NONE', #3026, #262, #50, .T. ) ;
#2836 = DIRECTION ( 'NONE',  ( 0.000000000000000000, 0.000000000000000000, 1.000000000000000000 ) ) ;
#2837 = VECTOR ( 'NONE', #3583, 1000.000000000000227 ) ;
#2838 = LINE ( 'NONE', #316, #1862 ) ;
#2839 = ORIENTED_EDGE ( 'NONE', *, *, #2905, .F. ) ;
#2840 = ORIENTED_EDGE ( 'NONE', *, *, #446, .T. ) ;
#2841 = AXIS2_PLACEMENT_3D ( 'NONE', #551, #2444, #2422 ) ;
#2842 = FACE_OUTER_BOUND ( 'NONE', #384, .T. ) ;
#2843 = CARTESIAN_POINT ( 'NONE',  ( -11.54700538379233699, 1.500000000000000000, 20.00000000000011724 ) ) ;
#2844 = CIRCLE ( 'NONE', #2724, 1.000000000000000444 ) ;
#2845 = EDGE_CURVE ( 'NONE', #93, #1060, #589, .T. ) ;
#2846 = ORIENTED_EDGE ( 'NONE', *, *, #643, .T. ) ;
#2847 = FACE_OUTER_BOUND ( 'NONE', #422, .T. ) ;
#2848 = CARTESIAN_POINT ( 'NONE',  ( 14.72243186433544970, -8.500000000000000000, 8.499999999999994671 ) ) ;
#2849 = EDGE_CURVE ( 'NONE', #926, #1364, #2020, .T. ) ;
#2850 = DIRECTION ( 'NONE',  ( 0.000000000000000000, 0.000000000000000000, 1.000000000000000000 ) ) ;
#2851 = CARTESIAN_POINT ( 'NONE',  ( 13.19273868914366687, 1.500000000000000000, 2.500000000000000444 ) ) ;
#2852 = EDGE_CURVE ( 'NONE', #2732, #282, #1401, .T. ) ;
#2853 = DIRECTION ( 'NONE',  ( 0.000000000000000000, 0.000000000000000000, 1.000000000000000000 ) ) ;
#2854 = CARTESIAN_POINT ( 'NONE',  ( 6.834676493307208389, 1.500000000000000000, 3.088235294117648522 ) ) ;
#2855 = EDGE_LOOP ( 'NONE', ( #2790, #742, #64, #3090 ) ) ;
#2856 = AXIS2_PLACEMENT_3D ( 'NONE', #3468, #3211, #2915 ) ;
#2857 = ORIENTED_EDGE ( 'NONE', *, *, #828, .T. ) ;
#2858 = CARTESIAN_POINT ( 'NONE',  ( -3.565280431324996169, -8.500000000000000000, -13.17524685029160736 ) ) ;
#2859 = FACE_OUTER_BOUND ( 'NONE', #1733, .T. ) ;
#2860 = ORIENTED_EDGE ( 'NONE', *, *, #2399, .T. ) ;
#2861 = ORIENTED_EDGE ( 'NONE', *, *, #2312, .F. ) ;
#2862 = CARTESIAN_POINT ( 'NONE',  ( 14.72243186433557938, -8.500000000000000000, -8.499999999999959144 ) ) ;
#2863 = LINE ( 'NONE', #2879, #3242 ) ;
#2864 = CIRCLE ( 'NONE', #193, 4.549999999999998934 ) ;
#2865 = CARTESIAN_POINT ( 'NONE',  ( -3.199999999999999734, -1.500000000000000000, -2.399999999999999911 ) ) ;
#2866 = LINE ( 'NONE', #2071, #918 ) ;
#2867 = EDGE_CURVE ( 'NONE', #179, #2270, #3074, .T. ) ;
#2868 = VECTOR ( 'NONE', #2714, 1000.000000000000000 ) ;
#2869 = DIRECTION ( 'NONE',  ( -0.5000000000000001110, 0.000000000000000000, -0.8660254037844385966 ) ) ;
#2870 = ORIENTED_EDGE ( 'NONE', *, *, #1376, .T. ) ;
#2871 = FACE_OUTER_BOUND ( 'NONE', #1019, .T. ) ;
#2872 = ADVANCED_FACE ( 'NONE', ( #2859 ), #1159, .F. ) ;
#2873 = ORIENTED_EDGE ( 'NONE', *, *, #2470, .T. ) ;
#2874 = FACE_OUTER_BOUND ( 'NONE', #1927, .T. ) ;
#2875 = VERTEX_POINT ( 'NONE', #2843 ) ;
#2876 = AXIS2_PLACEMENT_3D ( 'NONE', #2251, #838, #2794 ) ;
#2877 = VERTEX_POINT ( 'NONE', #2268 ) ;
#2878 = FACE_OUTER_BOUND ( 'NONE', #1298, .T. ) ;
#2879 = CARTESIAN_POINT ( 'NONE',  ( -23.09401076758504345, 1.500000000000000000, 1.612646152681311659E-13 ) ) ;
#2880 = DIRECTION ( 'NONE',  ( -0.000000000000000000, 1.000000000000000000, -0.000000000000000000 ) ) ;
#2881 = FACE_OUTER_BOUND ( 'NONE', #1613, .T. ) ;
#2882 = AXIS2_PLACEMENT_3D ( 'NONE', #2455, #465, #2747 ) ;
#2883 = EDGE_CURVE ( 'NONE', #666, #1714, #293, .T. ) ;
#2884 = CARTESIAN_POINT ( 'NONE',  ( 15.85111615421197762, -1.499999999999999556, -4.240717163770688636 ) ) ;
#2885 = ORIENTED_EDGE ( 'NONE', *, *, #1215, .T. ) ;
#2886 = VECTOR ( 'NONE', #3152, 1000.000000000000000 ) ;
#2887 = CARTESIAN_POINT ( 'NONE',  ( 9.627458257814346609, 1.500000000000000000, -9.675246850287742006 ) ) ;
#2888 = AXIS2_PLACEMENT_3D ( 'NONE', #1071, #1973, #2721 ) ;
#2889 = ORIENTED_EDGE ( 'NONE', *, *, #914, .T. ) ;
#2890 = CYLINDRICAL_SURFACE ( 'NONE', #3077, 1.000000000000000888 ) ;
#2891 = EDGE_CURVE ( 'NONE', #262, #1758, #3101, .T. ) ;
#2892 = ORIENTED_EDGE ( 'NONE', *, *, #3081, .F. ) ;
#2893 = ORIENTED_EDGE ( 'NONE', *, *, #382, .F. ) ;
#2894 = VECTOR ( 'NONE', #2521, 1000.000000000000000 ) ;
#2895 = CARTESIAN_POINT ( 'NONE',  ( -9.469357670820309991, -8.500000000000000000, -10.66266986216874635 ) ) ;
#2896 = CIRCLE ( 'NONE', #1337, 1.000000000000002665 ) ;
#2897 = CARTESIAN_POINT ( 'NONE',  ( 11.54700538379275621, -1.500000000000000000, 19.99999999999987566 ) ) ;
#2898 = CARTESIAN_POINT ( 'NONE',  ( 8.750000000000003553, -1.500000000000000000, -16.40544456622767910 ) ) ;
#2899 = CARTESIAN_POINT ( 'NONE',  ( -4.431305835109433211, -8.500000000000000000, -12.67524685029160914 ) ) ;
#2900 = DIRECTION ( 'NONE',  ( 0.000000000000000000, 1.000000000000000000, -0.000000000000000000 ) ) ;
#2901 = AXIS2_PLACEMENT_3D ( 'NONE', #492, #1928, #2754 ) ;
#2902 = EDGE_LOOP ( 'NONE', ( #96, #2424, #2402, #2753 ) ) ;
#2903 = CIRCLE ( 'NONE', #71, 1.250000000000001110 ) ;
#2904 = LINE ( 'NONE', #720, #1275 ) ;
#2905 = EDGE_CURVE ( 'NONE', #2519, #2205, #3361, .T. ) ;
#2906 = ORIENTED_EDGE ( 'NONE', *, *, #1641, .T. ) ;
#2907 = AXIS2_PLACEMENT_3D ( 'NONE', #829, #2471, #2452 ) ;
#2908 = ORIENTED_EDGE ( 'NONE', *, *, #2344, .F. ) ;
#2909 = EDGE_CURVE ( 'NONE', #635, #2387, #1800, .T. ) ;
#2910 = CARTESIAN_POINT ( 'NONE',  ( 16.35474950397707161, -1.499999999999999556, -5.672742914049951679 ) ) ;
#2911 = CARTESIAN_POINT ( 'NONE',  ( 13.09011422469390418, 1.500000000000000000, 11.32725708595005898 ) ) ;
#2912 = EDGE_CURVE ( 'NONE', #2270, #682, #67, .T. ) ;
#2913 = DIRECTION ( 'NONE',  ( 0.000000000000000000, 1.000000000000000000, -0.000000000000000000 ) ) ;
#2914 = DIRECTION ( 'NONE',  ( 0.5000000000000002220, 0.000000000000000000, 0.8660254037844384856 ) ) ;
#2915 = DIRECTION ( 'NONE',  ( 0.000000000000000000, 0.000000000000000000, 1.000000000000000000 ) ) ;
#2916 = CARTESIAN_POINT ( 'NONE',  ( -0.7428480290812981002, 1.500000000000000000, -7.463121116911479724 ) ) ;
#2917 = DIRECTION ( 'NONE',  ( 0.000000000000000000, 1.000000000000000000, -0.000000000000000000 ) ) ;
#2918 = AXIS2_PLACEMENT_3D ( 'NONE', #2952, #2070, #135 ) ;
#2919 = ORIENTED_EDGE ( 'NONE', *, *, #1074, .F. ) ;
#2920 = DIRECTION ( 'NONE',  ( 0.000000000000000000, 0.000000000000000000, 1.000000000000000000 ) ) ;
#2921 = AXIS2_PLACEMENT_3D ( 'NONE', #808, #1044, #1951 ) ;
#2922 = DIRECTION ( 'NONE',  ( -0.000000000000000000, 1.000000000000000000, -0.000000000000000000 ) ) ;
#2923 = VERTEX_POINT ( 'NONE', #2795 ) ;
#2924 = ORIENTED_EDGE ( 'NONE', *, *, #2891, .T. ) ;
#2925 = EDGE_CURVE ( 'NONE', #204, #1617, #302, .T. ) ;
#2926 = LINE ( 'NONE', #3503, #79 ) ;
#2927 = ORIENTED_EDGE ( 'NONE', *, *, #408, .F. ) ;
#2928 = LINE ( 'NONE', #2696, #2087 ) ;
#2930 = CARTESIAN_POINT ( 'NONE',  ( 6.038046855670324398, 1.500000000000000000, 5.458203932496853206 ) ) ;
#2929 = APPLICATION_CONTEXT ( 'automotive_design' ) ;
#2931 = DIRECTION ( 'NONE',  ( -0.000000000000000000, 1.000000000000000000, -0.000000000000000000 ) ) ;
#2932 = EDGE_CURVE ( 'NONE', #1155, #2671, #30, .T. ) ;
#2933 = ORIENTED_EDGE ( 'NONE', *, *, #3154, .T. ) ;
#2934 = DIRECTION ( 'NONE',  ( 0.000000000000000000, 1.000000000000000000, 0.000000000000000000 ) ) ;
#2935 = CIRCLE ( 'NONE', #2773, 4.549999999999999822 ) ;
#2936 = CARTESIAN_POINT ( 'NONE',  ( 6.834676493307208389, -1.499999999999999556, 3.088235294117648522 ) ) ;
#2937 = ORIENTED_EDGE ( 'NONE', *, *, #257, .F. ) ;
#2938 = CARTESIAN_POINT ( 'NONE',  ( -13.19273868914366332, -1.499999999999999556, 2.500000000000001332 ) ) ;
#2939 = ADVANCED_FACE ( 'NONE', ( #2654 ), #166, .F. ) ;
#2940 = EDGE_LOOP ( 'NONE', ( #1453, #539, #1905, #1841, #2569, #1942, #2463, #373, #1950, #1675, #526, #1474, #780 ) ) ;
#2941 = CARTESIAN_POINT ( 'NONE',  ( -8.761432854029347794, 1.500000000000000000, -10.17524685028766029 ) ) ;
#2942 = CYLINDRICAL_SURFACE ( 'NONE', #114, 0.9999999999999991118 ) ;
#2943 = ORIENTED_EDGE ( 'NONE', *, *, #3412, .T. ) ;
#2944 = ORIENTED_EDGE ( 'NONE', *, *, #1419, .F. ) ;
#2945 = VECTOR ( 'NONE', #3109, 1000.000000000000000 ) ;
#2946 = CARTESIAN_POINT ( 'NONE',  ( -2.165063509458653002, 1.500000000000000000, 1.249999999998590239 ) ) ;
#2947 = CARTESIAN_POINT ( 'NONE',  ( -13.96882180821685360, 1.499999999999999556, -2.869369369369372258 ) ) ;
#2948 = CIRCLE ( 'NONE', #2199, 1.000000000000000888 ) ;
#2949 = ADVANCED_FACE ( 'NONE', ( #115 ), #387, .F. ) ;
#2950 = CIRCLE ( 'NONE', #455, 7.500000000000001776 ) ;
#2951 = ORIENTED_EDGE ( 'NONE', *, *, #3498, .F. ) ;
#2952 = CARTESIAN_POINT ( 'NONE',  ( -9.184850993605148438E-17, 1.500000000000000000, 1.742924699575454705E-16 ) ) ;
#2953 = DIRECTION ( 'NONE',  ( -0.000000000000000000, -1.000000000000000000, -0.000000000000000000 ) ) ;
#2954 = EDGE_CURVE ( 'NONE', #3547, #119, #1512, .T. ) ;
#2955 = CARTESIAN_POINT ( 'NONE',  ( -13.09011422469395569, -8.500000000000000000, 11.32725708595003233 ) ) ;
#2956 = EDGE_CURVE ( 'NONE', #3194, #3065, #2844, .T. ) ;
#2957 = CARTESIAN_POINT ( 'NONE',  ( 0.000000000000000000, -8.500000000000000000, 2.500000000000001332 ) ) ;
#2958 = ORIENTED_EDGE ( 'NONE', *, *, #2688, .F. ) ;
#2959 = CYLINDRICAL_SURFACE ( 'NONE', #2258, 1.250000000000001110 ) ;
#2960 = ORIENTED_EDGE ( 'NONE', *, *, #212, .T. ) ;
#2961 = DIRECTION ( 'NONE',  ( 0.000000000000000000, 0.000000000000000000, 1.000000000000000000 ) ) ;
#2962 = CARTESIAN_POINT ( 'NONE',  ( -4.499464137394546981, -8.500000000000000000, 13.53203923153626853 ) ) ;
#2963 = ORIENTED_EDGE ( 'NONE', *, *, #1049, .T. ) ;
#2964 = ORIENTED_EDGE ( 'NONE', *, *, #91, .F. ) ;
#2965 = CARTESIAN_POINT ( 'NONE',  ( 2.165063509463543312, -1.500000000000000000, -1.250000000001412870 ) ) ;
#2966 = DIRECTION ( 'NONE',  ( -0.000000000000000000, -1.000000000000000000, -0.000000000000000000 ) ) ;
#2967 = CIRCLE ( 'NONE', #1412, 1.000000000000000888 ) ;
#2968 = CARTESIAN_POINT ( 'NONE',  ( -17.50000000000000355, -8.500000000000000000, -1.655234598692008349E-14 ) ) ;
#2969 = DIRECTION ( 'NONE',  ( 0.000000000000000000, 0.000000000000000000, 1.000000000000000000 ) ) ;
#2970 = DIRECTION ( 'NONE',  ( 0.000000000000000000, 0.000000000000000000, 1.000000000000000000 ) ) ;
#2971 = ADVANCED_FACE ( 'NONE', ( #2874 ), #2890, .F. ) ;
#2972 = FACE_OUTER_BOUND ( 'NONE', #864, .T. ) ;
#2973 = ORIENTED_EDGE ( 'NONE', *, *, #2039, .F. ) ;
#2974 = ORIENTED_EDGE ( 'NONE', *, *, #2956, .T. ) ;
#2975 = DIRECTION ( 'NONE',  ( 1.000000000000000000, 0.000000000000000000, -7.962163080346676589E-17 ) ) ;
#2976 = CARTESIAN_POINT ( 'NONE',  ( 0.000000000000000000, -1.500000000000000000, 16.99999999999996803 ) ) ;
#2977 = ORIENTED_EDGE ( 'NONE', *, *, #2912, .F. ) ;
#2978 = EDGE_CURVE ( 'NONE', #2480, #2229, #3162, .T. ) ;
#2979 = ORIENTED_EDGE ( 'NONE', *, *, #3543, .F. ) ;
#2980 = CIRCLE ( 'NONE', #2122, 1.000000000000001776 ) ;
#2981 = AXIS2_PLACEMENT_3D ( 'NONE', #2563, #920, #1752 ) ;
#2982 = LINE ( 'NONE', #1040, #2565 ) ;
#2983 = PLANE ( 'NONE',  #2841 ) ;
#2984 = ADVANCED_FACE ( 'NONE', ( #2098 ), #2942, .F. ) ;
#2985 = ORIENTED_EDGE ( 'NONE', *, *, #3585, .F. ) ;
#2986 = ORIENTED_EDGE ( 'NONE', *, *, #3142, .T. ) ;
#2987 = LINE ( 'NONE', #2777, #2868 ) ;
#2988 = CARTESIAN_POINT ( 'NONE',  ( -12.22408882090951288, 1.500000000000000000, 11.82725708595003411 ) ) ;
#2989 = DIRECTION ( 'NONE',  ( -0.000000000000000000, 1.000000000000000000, -0.000000000000000000 ) ) ;
#2990 = FACE_OUTER_BOUND ( 'NONE', #1296, .T. ) ;
#2991 = ORIENTED_EDGE ( 'NONE', *, *, #233, .T. ) ;
#2992 = LINE ( 'NONE', #216, #3416 ) ;
#2993 = AXIS2_PLACEMENT_3D ( 'NONE', #530, #510, #475 ) ;
#2994 = EDGE_CURVE ( 'NONE', #119, #1974, #1573, .T. ) ;
#2995 = ORIENTED_EDGE ( 'NONE', *, *, #38, .T. ) ;
#2996 = CARTESIAN_POINT ( 'NONE',  ( 13.19273868914365799, 1.500000000000000000, -3.500000000000000888 ) ) ;
#2997 = CARTESIAN_POINT ( 'NONE',  ( -11.59812687119609365, -1.499999999999999556, 11.60711068600005191 ) ) ;
#2998 = EDGE_LOOP ( 'NONE', ( #168, #2441, #1681, #1389 ) ) ;
#2999 = ORIENTED_EDGE ( 'NONE', *, *, #233, .F. ) ;
#3000 = ORIENTED_EDGE ( 'NONE', *, *, #3473, .T. ) ;
#3001 = DIRECTION ( 'NONE',  ( -0.000000000000000000, 1.000000000000000000, -0.000000000000000000 ) ) ;
#3002 = EDGE_CURVE ( 'NONE', #1963, #810, #2904, .T. ) ;
#3003 = ORIENTED_EDGE ( 'NONE', *, *, #2324, .T. ) ;
#3004 = LINE ( 'NONE', #2213, #1749 ) ;
#3005 = AXIS2_PLACEMENT_3D ( 'NONE', #1937, #905, #380 ) ;
#3006 = VERTEX_POINT ( 'NONE', #183 ) ;
#3007 = DIRECTION ( 'NONE',  ( 0.000000000000000000, 0.000000000000000000, 1.000000000000000000 ) ) ;
#3008 = CIRCLE ( 'NONE', #3535, 0.9999999999999991118 ) ;
#3009 = LINE ( 'NONE', #2469, #2837 ) ;
#3010 = ORIENTED_EDGE ( 'NONE', *, *, #897, .F. ) ;
#3011 = AXIS2_PLACEMENT_3D ( 'NONE', #3027, #532, #2484 ) ;
#3012 = DIRECTION ( 'NONE',  ( 0.5000000000000001110, 0.000000000000000000, -0.8660254037844387076 ) ) ;
#3013 = DIRECTION ( 'NONE',  ( -0.000000000000000000, -1.000000000000000000, 0.000000000000000000 ) ) ;
#3014 = ORIENTED_EDGE ( 'NONE', *, *, #12, .T. ) ;
#3015 = AXIS2_PLACEMENT_3D ( 'NONE', #1377, #1076, #487 ) ;
#3016 = FACE_OUTER_BOUND ( 'NONE', #3461, .T. ) ;
#3017 = DIRECTION ( 'NONE',  ( 0.000000000000000000, 0.000000000000000000, 1.000000000000000000 ) ) ;
#3018 = EDGE_CURVE ( 'NONE', #204, #1135, #1803, .T. ) ;
#3019 = DIRECTION ( 'NONE',  ( 0.000000000000000000, 0.000000000000000000, 1.000000000000000000 ) ) ;
#3020 = ORIENTED_EDGE ( 'NONE', *, *, #953, .F. ) ;
#3021 = ORIENTED_EDGE ( 'NONE', *, *, #1287, .F. ) ;
#3022 = ORIENTED_EDGE ( 'NONE', *, *, #3481, .F. ) ;
#3023 = EDGE_LOOP ( 'NONE', ( #1959, #2717, #2722, #3096 ) ) ;
#3024 = DIRECTION ( 'NONE',  ( 0.000000000000000000, 1.000000000000000000, 0.000000000000000000 ) ) ;
#3025 = EDGE_CURVE ( 'NONE', #46, #2110, #667, .T. ) ;
#3026 = VERTEX_POINT ( 'NONE', #148 ) ;
#3027 = CARTESIAN_POINT ( 'NONE',  ( 6.904072259454761884, 1.500000000000000000, 4.958203932496853206 ) ) ;
#3028 = VECTOR ( 'NONE', #3557, 1000.000000000000000 ) ;
#3029 = DIRECTION ( 'NONE',  ( -0.000000000000000000, 1.000000000000000000, -0.000000000000000000 ) ) ;
#3030 = DIRECTION ( 'NONE',  ( 0.000000000000000000, 0.000000000000000000, 1.000000000000000000 ) ) ;
#3031 = CIRCLE ( 'NONE', #2856, 5.000000000000000000 ) ;
#3032 = EDGE_CURVE ( 'NONE', #1155, #1931, #3314, .T. ) ;
#3033 = VERTEX_POINT ( 'NONE', #2621 ) ;
#3034 = CYLINDRICAL_SURFACE ( 'NONE', #1195, 4.550000000000001599 ) ;
#3035 = DIRECTION ( 'NONE',  ( -0.000000000000000000, -1.000000000000000000, -0.000000000000000000 ) ) ;
#3036 = ORIENTED_EDGE ( 'NONE', *, *, #3521, .T. ) ;
#3037 = DIRECTION ( 'NONE',  ( 0.000000000000000000, 0.000000000000000000, 1.000000000000000000 ) ) ;
#3038 = DIRECTION ( 'NONE',  ( 0.000000000000000000, 0.000000000000000000, 1.000000000000000000 ) ) ;
#3039 = CIRCLE ( 'NONE', #1295, 4.549999999999999822 ) ;
#3040 = ORIENTED_EDGE ( 'NONE', *, *, #3368, .T. ) ;
#3041 = ORIENTED_EDGE ( 'NONE', *, *, #2954, .F. ) ;
#3042 = AXIS2_PLACEMENT_3D ( 'NONE', #3122, #1719, #609 ) ;
#3043 = CARTESIAN_POINT ( 'NONE',  ( -4.252989283015851996, -8.500000000000000000, -15.84782784977065084 ) ) ;
#3044 = ORIENTED_EDGE ( 'NONE', *, *, #1189, .T. ) ;
#3045 = CARTESIAN_POINT ( 'NONE',  ( -17.50000000000000000, -1.500000000000000000, -1.249999999999983347 ) ) ;
#3046 = ADVANCED_FACE ( 'NONE', ( #2401 ), #3200, .F. ) ;
#3047 = ORIENTED_EDGE ( 'NONE', *, *, #446, .F. ) ;
#3048 = CARTESIAN_POINT ( 'NONE',  ( 12.22408882090955018, 1.500000000000000000, -10.82725708595013714 ) ) ;
#3049 = CARTESIAN_POINT ( 'NONE',  ( -15.85111615421191544, 1.500000000000000000, 4.240717163770646891 ) ) ;
#3050 = DIRECTION ( 'NONE',  ( 0.000000000000000000, 1.000000000000000000, 0.000000000000000000 ) ) ;
#3051 = CARTESIAN_POINT ( 'NONE',  ( 0.000000000000000000, -1.500000000000000000, -16.99999999999987921 ) ) ;
#3052 = ORIENTED_EDGE ( 'NONE', *, *, #2641, .T. ) ;
#3053 = EDGE_CURVE ( 'NONE', #2216, #1039, #1518, .T. ) ;
#3054 = CARTESIAN_POINT ( 'NONE',  ( 6.904072259451436544, 1.500000000000000000, -4.958203932501485056 ) ) ;
#3055 = FACE_OUTER_BOUND ( 'NONE', #2304, .T. ) ;
#3056 = EDGE_CURVE ( 'NONE', #449, #2235, #131, .T. ) ;
#3057 = ORIENTED_EDGE ( 'NONE', *, *, #3585, .T. ) ;
#3058 = ORIENTED_EDGE ( 'NONE', *, *, #2531, .T. ) ;
#3059 = FACE_BOUND ( 'NONE', #1212, .T. ) ;
#3060 = VERTEX_POINT ( 'NONE', #2351 ) ;
#3061 = CYLINDRICAL_SURFACE ( 'NONE', #2495, 1.000000000000000444 ) ;
#3062 = ORIENTED_EDGE ( 'NONE', *, *, #3543, .T. ) ;
#3063 = ORIENTED_EDGE ( 'NONE', *, *, #2000, .F. ) ;
#3064 = DIRECTION ( 'NONE',  ( 0.000000000000000000, 0.000000000000000000, 1.000000000000000000 ) ) ;
#3065 = VERTEX_POINT ( 'NONE', #957 ) ;
#3066 = CARTESIAN_POINT ( 'NONE',  ( 11.59812687119604391, -8.500000000000000000, 11.60711068600008034 ) ) ;
#3067 = CARTESIAN_POINT ( 'NONE',  ( -0.7428480290862983226, 1.500000000000000000, 7.463121116910982344 ) ) ;
#3068 = VERTEX_POINT ( 'NONE', #3179 ) ;
#3069 = VECTOR ( 'NONE', #3419, 1000.000000000000000 ) ;
#3070 = DIRECTION ( 'NONE',  ( -1.000000000000000000, 0.000000000000000000, 0.000000000000000000 ) ) ;
#3071 = DIRECTION ( 'NONE',  ( 0.000000000000000000, 0.000000000000000000, 1.000000000000000000 ) ) ;
#3072 = EDGE_LOOP ( 'NONE', ( #1870, #836, #489, #3337 ) ) ;
#3073 = ADVANCED_FACE ( 'NONE', ( #684 ), #1808, .T. ) ;
#3074 = CIRCLE ( 'NONE', #1859, 7.500000000000001776 ) ;
#3075 = EDGE_CURVE ( 'NONE', #1628, #1595, #3540, .T. ) ;
#3076 = CYLINDRICAL_SURFACE ( 'NONE', #2392, 7.500000000000003553 ) ;
#3077 = AXIS2_PLACEMENT_3D ( 'NONE', #1845, #452, #1017 ) ;
#3078 = DIRECTION ( 'NONE',  ( 0.000000000000000000, 1.000000000000000000, 0.000000000000000000 ) ) ;
#3079 = ORIENTED_EDGE ( 'NONE', *, *, #821, .T. ) ;
#3080 = AXIS2_PLACEMENT_3D ( 'NONE', #2599, #3193, #1823 ) ;
#3081 = EDGE_CURVE ( 'NONE', #2110, #2100, #3185, .T. ) ;
#3082 = CARTESIAN_POINT ( 'NONE',  ( 4.431305835112031133, -1.499999999999999556, 12.67524685028481990 ) ) ;
#3083 = DIRECTION ( 'NONE',  ( -0.000000000000000000, 1.000000000000000000, -0.000000000000000000 ) ) ;
#3084 = VERTEX_POINT ( 'NONE', #1313 ) ;
#3085 = LINE ( 'NONE', #594, #3207 ) ;
#3086 = DIRECTION ( 'NONE',  ( 0.000000000000000000, 0.000000000000000000, 1.000000000000000000 ) ) ;
#3087 = CIRCLE ( 'NONE', #246, 1.000000000000001776 ) ;
#3088 = LINE ( 'NONE', #1785, #606 ) ;
#3089 = CARTESIAN_POINT ( 'NONE',  ( -9.469357670825701234, 1.500000000000000000, 10.66266986216955814 ) ) ;
#3090 = ORIENTED_EDGE ( 'NONE', *, *, #2815, .T. ) ;
#3091 = CARTESIAN_POINT ( 'NONE',  ( 4.252989283015875088, -8.500000000000000000, 15.84782784977072367 ) ) ;
#3092 = AXIS2_PLACEMENT_3D ( 'NONE', #415, #2934, #3230 ) ;
#3093 = EDGE_CURVE ( 'NONE', #243, #2270, #3483, .T. ) ;
#3094 = CARTESIAN_POINT ( 'NONE',  ( -4.431305835109433211, -1.499999999999999556, -12.67524685029160914 ) ) ;
#3095 = CARTESIAN_POINT ( 'NONE',  ( 15.48872410019262880, -1.499999999999999556, -5.172742914049958785 ) ) ;
#3096 = ORIENTED_EDGE ( 'NONE', *, *, #1056, .F. ) ;
#3097 = ORIENTED_EDGE ( 'NONE', *, *, #779, .F. ) ;
#3098 = CIRCLE ( 'NONE', #2456, 1.000000000000000444 ) ;
#3099 = VERTEX_POINT ( 'NONE', #3551 ) ;
#3100 = FACE_BOUND ( 'NONE', #3425, .T. ) ;
#3101 = LINE ( 'NONE', #2826, #1981 ) ;
#3102 = VECTOR ( 'NONE', #2799, 1000.000000000000000 ) ;
#3103 = ORIENTED_EDGE ( 'NONE', *, *, #753, .F. ) ;
#3104 = CARTESIAN_POINT ( 'NONE',  ( -6.834676493307209277, -8.500000000000000000, 3.088235294117645857 ) ) ;
#3105 = FACE_OUTER_BOUND ( 'NONE', #2855, .T. ) ;
#3106 = SHAPE_DEFINITION_REPRESENTATION ( #2723, #951 ) ;
#3107 = EDGE_CURVE ( 'NONE', #1761, #1335, #1984, .T. ) ;
#3108 = CARTESIAN_POINT ( 'NONE',  ( 8.750000000000005329, 1.500000000000000000, 15.15544456622768088 ) ) ;
#3109 = DIRECTION ( 'NONE',  ( -0.000000000000000000, 1.000000000000000000, -0.000000000000000000 ) ) ;
#3110 = DIRECTION ( 'NONE',  ( 0.000000000000000000, 0.000000000000000000, 1.000000000000000000 ) ) ;
#3111 = CIRCLE ( 'NONE', #2244, 1.000000000000000888 ) ;
#3112 = CARTESIAN_POINT ( 'NONE',  ( 12.22408882090946136, -1.499999999999999556, 10.82725708595005720 ) ) ;
#3113 = FACE_OUTER_BOUND ( 'NONE', #1994, .T. ) ;
#3114 = EDGE_CURVE ( 'NONE', #3510, #3474, #2664, .T. ) ;
#3115 = ORIENTED_EDGE ( 'NONE', *, *, #2411, .T. ) ;
#3116 = VERTEX_POINT ( 'NONE', #3258 ) ;
#3117 = FACE_BOUND ( 'NONE', #997, .T. ) ;
#3118 = CARTESIAN_POINT ( 'NONE',  ( -9.184850993605148438E-17, -1.499999999999999556, 1.742924699575454705E-16 ) ) ;
#3119 = EDGE_CURVE ( 'NONE', #3561, #143, #2184, .T. ) ;
#3120 = EDGE_CURVE ( 'NONE', #3192, #523, #1605, .T. ) ;
#3121 = ORIENTED_EDGE ( 'NONE', *, *, #3181, .T. ) ;
#3122 = CARTESIAN_POINT ( 'NONE',  ( -0.8418944329588047282, -1.499999999999999556, -8.458203932499678501 ) ) ;
#3123 = PLANE ( 'NONE',  #396 ) ;
#3124 = APPLICATION_PROTOCOL_DEFINITION ( 'draft international standard', 'automotive_design', 1998, #939 ) ;
#3125 =( GEOMETRIC_REPRESENTATION_CONTEXT ( 3 ) GLOBAL_UNCERTAINTY_ASSIGNED_CONTEXT ( ( #1938 ) ) GLOBAL_UNIT_ASSIGNED_CONTEXT ( ( #1373, #2415, #3273 ) ) REPRESENTATION_CONTEXT ( 'NONE', 'WORKASPACE' ) );
#3126 = DIRECTION ( 'NONE',  ( 0.000000000000000000, 0.000000000000000000, 1.000000000000000000 ) ) ;
#3127 = LINE ( 'NONE', #2597, #448 ) ;
#3128 = CARTESIAN_POINT ( 'NONE',  ( 6.834676493307207501, -8.500000000000000000, -3.088235294117648078 ) ) ;
#3129 = CIRCLE ( 'NONE', #1692, 1.000000000000000888 ) ;
#3130 = DIRECTION ( 'NONE',  ( 0.000000000000000000, 1.000000000000000000, -0.000000000000000000 ) ) ;
#3131 = VERTEX_POINT ( 'NONE', #760 ) ;
#3132 = EDGE_LOOP ( 'NONE', ( #2517, #3278, #133, #3180 ) ) ;
#3133 = AXIS2_PLACEMENT_3D ( 'NONE', #3414, #371, #861 ) ;
#3134 = DIRECTION ( 'NONE',  ( 0.000000000000000000, 1.000000000000000000, 0.000000000000000000 ) ) ;
#3135 = DIRECTION ( 'NONE',  ( -0.000000000000000000, 1.000000000000000000, -0.000000000000000000 ) ) ;
#3136 = VECTOR ( 'NONE', #1650, 1000.000000000000000 ) ;
#3137 = ORIENTED_EDGE ( 'NONE', *, *, #42, .T. ) ;
#3138 = DIRECTION ( 'NONE',  ( 0.8660254037844385966, 0.000000000000000000, -0.5000000000000001110 ) ) ;
#3139 = CARTESIAN_POINT ( 'NONE',  ( 8.750000000000005329, 1.500000000000000000, 13.90544456622769154 ) ) ;
#3140 = DIRECTION ( 'NONE',  ( 0.000000000000000000, 1.000000000000000000, -0.000000000000000000 ) ) ;
#3141 = LINE ( 'NONE', #921, #2600 ) ;
#3142 = EDGE_CURVE ( 'NONE', #743, #3580, #219, .T. ) ;
#3143 = CARTESIAN_POINT ( 'NONE',  ( -9.184850993605148438E-17, 1.500000000000000000, 1.742924699575454705E-16 ) ) ;
#3144 = VECTOR ( 'NONE', #1140, 1000.000000000000000 ) ;
#3145 = LINE ( 'NONE', #3213, #3297 ) ;
#3146 = VECTOR ( 'NONE', #1205, 1000.000000000000000 ) ;
#3147 = ORIENTED_EDGE ( 'NONE', *, *, #3429, .F. ) ;
#3148 = DIRECTION ( 'NONE',  ( 0.000000000000000000, 0.000000000000000000, 1.000000000000000000 ) ) ;
#3149 = VERTEX_POINT ( 'NONE', #1055 ) ;
#3150 = ORIENTED_EDGE ( 'NONE', *, *, #556, .F. ) ;
#3151 = CARTESIAN_POINT ( 'NONE',  ( 4.499464137394694419, 1.499999999999999556, 13.53203923153578714 ) ) ;
#3152 = DIRECTION ( 'NONE',  ( -0.000000000000000000, 1.000000000000000000, -0.000000000000000000 ) ) ;
#3153 = CARTESIAN_POINT ( 'NONE',  ( -1.707919836743244657, -1.499999999999999556, -7.958203932499678501 ) ) ;
#3154 = EDGE_CURVE ( 'NONE', #2047, #3272, #3316, .T. ) ;
#3155 = DIRECTION ( 'NONE',  ( 0.000000000000000000, 0.000000000000000000, 1.000000000000000000 ) ) ;
#3156 = DIRECTION ( 'NONE',  ( -0.000000000000000000, 1.000000000000000000, -0.000000000000000000 ) ) ;
#3157 = VECTOR ( 'NONE', #596, 1000.000000000000000 ) ;
#3158 = DIRECTION ( 'NONE',  ( 0.000000000000000000, 0.000000000000000000, 1.000000000000000000 ) ) ;
#3159 = EDGE_CURVE ( 'NONE', #3574, #1139, #2458, .T. ) ;
#3160 = DIRECTION ( 'NONE',  ( -0.000000000000000000, 1.000000000000000000, -0.000000000000000000 ) ) ;
#3161 = ORIENTED_EDGE ( 'NONE', *, *, #505, .T. ) ;
#3162 = LINE ( 'NONE', #3446, #2148 ) ;
#3163 = ORIENTED_EDGE ( 'NONE', *, *, #2608, .F. ) ;
#3164 = CIRCLE ( 'NONE', #554, 0.9999999999999974465 ) ;
#3165 = ORIENTED_EDGE ( 'NONE', *, *, #2545, .F. ) ;
#3166 = LINE ( 'NONE', #1505, #2058 ) ;
#3167 = DIRECTION ( 'NONE',  ( 0.000000000000000000, 0.000000000000000000, 1.000000000000000000 ) ) ;
#3168 = DIRECTION ( 'NONE',  ( 0.000000000000000000, 0.000000000000000000, 1.000000000000000000 ) ) ;
#3169 = CARTESIAN_POINT ( 'NONE',  ( -8.749999999999996447, 1.500000000000000000, 15.15544456622769154 ) ) ;
#3170 = VECTOR ( 'NONE', #1842, 1000.000000000000000 ) ;
#3171 = CARTESIAN_POINT ( 'NONE',  ( 8.750000000000005329, -1.500000000000000000, 15.15544456622768976 ) ) ;
#3172 = ADVANCED_FACE ( 'NONE', ( #2728 ), #3573, .F. ) ;
#3173 = EDGE_LOOP ( 'NONE', ( #1457, #1547, #2283, #2672 ) ) ;
#3174 = CARTESIAN_POINT ( 'NONE',  ( 3.565280431327592758, -1.499999999999999556, 13.17524685028481990 ) ) ;
#3175 = CIRCLE ( 'NONE', #1618, 4.550000000000001599 ) ;
#3176 = EDGE_CURVE ( 'NONE', #1297, #81, #868, .T. ) ;
#3177 = EDGE_LOOP ( 'NONE', ( #95, #2589, #817, #200 ) ) ;
#3178 = VECTOR ( 'NONE', #1683, 1000.000000000000000 ) ;
#3179 = CARTESIAN_POINT ( 'NONE',  ( -0.7428480290862983226, -1.499999999999999556, 7.463121116910982344 ) ) ;
#3180 = ORIENTED_EDGE ( 'NONE', *, *, #1519, .T. ) ;
#3181 = EDGE_CURVE ( 'NONE', #2352, #523, #3, .T. ) ;
#3182 = VERTEX_POINT ( 'NONE', #3296 ) ;
#3183 = CIRCLE ( 'NONE', #576, 7.500000000000001776 ) ;
#3184 = CARTESIAN_POINT ( 'NONE',  ( 1.707919836749406839, -1.499999999999999556, 7.958203932499066546 ) ) ;
#3185 = CIRCLE ( 'NONE', #745, 7.500000000000001776 ) ;
#3186 = DIRECTION ( 'NONE',  ( 0.4999999999999945044, -0.000000000000000000, 0.8660254037844419273 ) ) ;
#3187 = AXIS2_PLACEMENT_3D ( 'NONE', #383, #1532, #160 ) ;
#3188 = DIRECTION ( 'NONE',  ( -0.000000000000000000, 1.000000000000000000, -0.000000000000000000 ) ) ;
#3189 = DIRECTION ( 'NONE',  ( -0.000000000000000000, 1.000000000000000000, -0.000000000000000000 ) ) ;
#3190 = DIRECTION ( 'NONE',  ( 0.4999999999999950040, 0.000000000000000000, -0.8660254037844414832 ) ) ;
#3191 = CARTESIAN_POINT ( 'NONE',  ( 3.264635279283097713, 1.500000000000000000, 15.99999999999996625 ) ) ;
#3192 = VERTEX_POINT ( 'NONE', #2997 ) ;
#3193 = DIRECTION ( 'NONE',  ( 0.000000000000000000, 1.000000000000000000, 0.000000000000000000 ) ) ;
#3194 = VERTEX_POINT ( 'NONE', #504 ) ;
#3195 = AXIS2_PLACEMENT_3D ( 'NONE', #1907, #2190, #3320 ) ;
#3196 = ADVANCED_FACE ( 'NONE', ( #797 ), #1923, .F. ) ;
#3197 = ORIENTED_EDGE ( 'NONE', *, *, #947, .F. ) ;
#3198 = AXIS2_PLACEMENT_3D ( 'NONE', #2416, #201, #2653 ) ;
#3199 = DIRECTION ( 'NONE',  ( 0.000000000000000000, 1.000000000000000000, -0.000000000000000000 ) ) ;
#3200 = PLANE ( 'NONE',  #1751 ) ;
#3201 = EDGE_LOOP ( 'NONE', ( #721, #2924, #1116, #454 ) ) ;
#3202 = AXIS2_PLACEMENT_3D ( 'NONE', #3143, #1170, #3158 ) ;
#3203 = ORIENTED_EDGE ( 'NONE', *, *, #2620, .F. ) ;
#3204 = LINE ( 'NONE', #2946, #2637 ) ;
#3205 = EDGE_CURVE ( 'NONE', #1651, #1352, #2768, .T. ) ;
#3206 = LINE ( 'NONE', #2391, #1509 ) ;
#3207 = VECTOR ( 'NONE', #2607, 1000.000000000000000 ) ;
#3208 = DIRECTION ( 'NONE',  ( 0.000000000000000000, 0.000000000000000000, 1.000000000000000000 ) ) ;
#3209 = CARTESIAN_POINT ( 'NONE',  ( -8.750000000000053291, 1.500000000000000000, -16.40544456622765424 ) ) ;
#3210 = CARTESIAN_POINT ( 'NONE',  ( -17.50000000000000000, 1.500000000000000000, 1.250000000000018874 ) ) ;
#3211 = DIRECTION ( 'NONE',  ( 0.000000000000000000, 1.000000000000000000, -0.000000000000000000 ) ) ;
#3212 = LINE ( 'NONE', #1029, #626 ) ;
#3213 = CARTESIAN_POINT ( 'NONE',  ( -6.091828464221602069, -8.500000000000000000, -4.374885822795779866 ) ) ;
#3214 = EDGE_LOOP ( 'NONE', ( #3533, #608, #1790, #592, #421, #1644 ) ) ;
#3215 = AXIS2_PLACEMENT_3D ( 'NONE', #1025, #3523, #3168 ) ;
#3216 = DIRECTION ( 'NONE',  ( 0.000000000000000000, 0.000000000000000000, 1.000000000000000000 ) ) ;
#3217 = EDGE_CURVE ( 'NONE', #3313, #2650, #2896, .T. ) ;
#3218 = DIRECTION ( 'NONE',  ( 0.000000000000000000, 0.000000000000000000, 1.000000000000000000 ) ) ;
#3219 = EDGE_LOOP ( 'NONE', ( #1228, #2690, #766, #3443 ) ) ;
#3220 = ORIENTED_EDGE ( 'NONE', *, *, #992, .F. ) ;
#3221 = ORIENTED_EDGE ( 'NONE', *, *, #661, .T. ) ;
#3222 = DIRECTION ( 'NONE',  ( 0.000000000000000000, 0.000000000000000000, 1.000000000000000000 ) ) ;
#3223 = EDGE_CURVE ( 'NONE', #762, #3309, #228, .T. ) ;
#3224 = CARTESIAN_POINT ( 'NONE',  ( -14.72243186433551188, -1.500000000000000000, 8.499999999999907629 ) ) ;
#3225 = AXIS2_PLACEMENT_3D ( 'NONE', #1194, #2032, #911 ) ;
#3226 = ADVANCED_FACE ( 'NONE', ( #3055 ), #1693, .F. ) ;
#3227 = ORIENTED_EDGE ( 'NONE', *, *, #3093, .T. ) ;
#3228 = FACE_OUTER_BOUND ( 'NONE', #2192, .T. ) ;
#3229 = LINE ( 'NONE', #480, #2423 ) ;
#3230 = DIRECTION ( 'NONE',  ( 0.000000000000000000, 0.000000000000000000, 1.000000000000000000 ) ) ;
#3231 = AXIS2_PLACEMENT_3D ( 'NONE', #1516, #2900, #2632 ) ;
#3232 = CARTESIAN_POINT ( 'NONE',  ( 12.22408882090955018, -1.499999999999999556, -10.82725708595013714 ) ) ;
#3233 = PRESENTATION_STYLE_ASSIGNMENT (( #1860 ) ) ;
#3234 = CIRCLE ( 'NONE', #857, 4.550000000000001599 ) ;
#3235 = DIRECTION ( 'NONE',  ( 0.000000000000000000, 0.000000000000000000, 1.000000000000000000 ) ) ;
#3236 = AXIS2_PLACEMENT_3D ( 'NONE', #214, #500, #2109 ) ;
#3237 = DIRECTION ( 'NONE',  ( 0.000000000000000000, 0.000000000000000000, 1.000000000000000000 ) ) ;
#3238 = DIRECTION ( 'NONE',  ( -0.000000000000000000, 1.000000000000000000, -0.000000000000000000 ) ) ;
#3239 = ORIENTED_EDGE ( 'NONE', *, *, #494, .T. ) ;
#3240 = ORIENTED_EDGE ( 'NONE', *, *, #799, .T. ) ;
#3241 = ORIENTED_EDGE ( 'NONE', *, *, #1637, .F. ) ;
#3242 = VECTOR ( 'NONE', #392, 1000.000000000000227 ) ;
#3243 = DIRECTION ( 'NONE',  ( 0.000000000000000000, 0.000000000000000000, -1.000000000000000000 ) ) ;
#3244 = FACE_OUTER_BOUND ( 'NONE', #3173, .T. ) ;
#3245 = EDGE_CURVE ( 'NONE', #3247, #1014, #2838, .T. ) ;
#3246 = AXIS2_PLACEMENT_3D ( 'NONE', #1226, #1256, #3237 ) ;
#3247 = VERTEX_POINT ( 'NONE', #352 ) ;
#3248 = DIRECTION ( 'NONE',  ( 0.000000000000000000, 1.000000000000000000, -0.000000000000000000 ) ) ;
#3249 = CARTESIAN_POINT ( 'NONE',  ( 11.54700538379247732, 1.500000000000000000, -20.00000000000004263 ) ) ;
#3250 = VECTOR ( 'NONE', #2301, 1000.000000000000000 ) ;
#3251 = CARTESIAN_POINT ( 'NONE',  ( -11.59812687119609365, 1.500000000000000000, 11.60711068600005191 ) ) ;
#3252 = CARTESIAN_POINT ( 'NONE',  ( 7.745966692414836707, -8.500000000000000000, 3.500000000000000888 ) ) ;
#3253 = ORIENTED_EDGE ( 'NONE', *, *, #325, .F. ) ;
#3254 = EDGE_CURVE ( 'NONE', #113, #405, #1699, .T. ) ;
#3255 = SURFACE_SIDE_STYLE ('',( #1050 ) ) ;
#3256 = ORIENTED_EDGE ( 'NONE', *, *, #2956, .F. ) ;
#3257 = CARTESIAN_POINT ( 'NONE',  ( -3.264635279283073288, -8.500000000000000000, -15.99999999999987921 ) ) ;
#3258 = CARTESIAN_POINT ( 'NONE',  ( 13.96882180821688202, 1.500000000000000000, 2.869369369369367373 ) ) ;
#3259 = ORIENTED_EDGE ( 'NONE', *, *, #2663, .T. ) ;
#3260 = ORIENTED_EDGE ( 'NONE', *, *, #2200, .F. ) ;
#3261 = VECTOR ( 'NONE', #414, 1000.000000000000000 ) ;
#3262 = ORIENTED_EDGE ( 'NONE', *, *, #1068, .F. ) ;
#3263 = LINE ( 'NONE', #284, #2436 ) ;
#3264 = EDGE_LOOP ( 'NONE', ( #1708, #238, #1661, #2964 ) ) ;
#3265 = FACE_OUTER_BOUND ( 'NONE', #3214, .T. ) ;
#3266 = ORIENTED_EDGE ( 'NONE', *, *, #2053, .F. ) ;
#3267 = DIRECTION ( 'NONE',  ( 0.4999999999999996669, 0.000000000000000000, -0.8660254037844388186 ) ) ;
#3268 = CARTESIAN_POINT ( 'NONE',  ( 2.165063509459042024, -8.500000000000000000, 1.249999999998812061 ) ) ;
#3269 = EDGE_CURVE ( 'NONE', #2755, #2153, #683, .T. ) ;
#3270 = DIRECTION ( 'NONE',  ( 0.000000000000000000, 1.000000000000000000, 0.000000000000000000 ) ) ;
#3271 = DIRECTION ( 'NONE',  ( 0.000000000000000000, 0.000000000000000000, 1.000000000000000000 ) ) ;
#3272 = VERTEX_POINT ( 'NONE', #585 ) ;
#3273 =( NAMED_UNIT ( * ) SI_UNIT ( $, .STERADIAN. ) SOLID_ANGLE_UNIT ( ) );
#3274 = CIRCLE ( 'NONE', #83, 1.000000000000001776 ) ;
#3275 = ADVANCED_FACE ( 'NONE', ( #3113 ), #562, .F. ) ;
#3276 = CARTESIAN_POINT ( 'NONE',  ( 6.834676493307207501, -1.499999999999999556, -3.088235294117648078 ) ) ;
#3277 = CARTESIAN_POINT ( 'NONE',  ( -6.904072259454470561, -1.499999999999999556, 4.958203932497259991 ) ) ;
#3278 = ORIENTED_EDGE ( 'NONE', *, *, #116, .F. ) ;
#3279 = VERTEX_POINT ( 'NONE', #77 ) ;
#3280 = VECTOR ( 'NONE', #2818, 1000.000000000000000 ) ;
#3281 = ORIENTED_EDGE ( 'NONE', *, *, #561, .T. ) ;
#3282 = CARTESIAN_POINT ( 'NONE',  ( -8.750000000000055067, -1.499999999999999556, 15.15544456622765601 ) ) ;
#3283 = ORIENTED_EDGE ( 'NONE', *, *, #872, .F. ) ;
#3284 = FACE_BOUND ( 'NONE', #656, .T. ) ;
#3285 = EDGE_LOOP ( 'NONE', ( #3021, #2770, #2793, #3602 ) ) ;
#3286 = LINE ( 'NONE', #1321, #765 ) ;
#3287 = LINE ( 'NONE', #1615, #56 ) ;
#3288 = ORIENTED_EDGE ( 'NONE', *, *, #3340, .F. ) ;
#3289 = EDGE_LOOP ( 'NONE', ( #3040, #506, #3364, #2958 ) ) ;
#3290 = DIRECTION ( 'NONE',  ( 0.000000000000000000, 0.000000000000000000, 1.000000000000000000 ) ) ;
#3291 = CARTESIAN_POINT ( 'NONE',  ( -3.199999999999999734, -1.500000000000000000, 2.399999999999999911 ) ) ;
#3292 = VERTEX_POINT ( 'NONE', #3394 ) ;
#3293 = CARTESIAN_POINT ( 'NONE',  ( 15.85111615421197762, -8.500000000000000000, -4.240717163770688636 ) ) ;
#3294 = ORIENTED_EDGE ( 'NONE', *, *, #2445, .T. ) ;
#3295 = LINE ( 'NONE', #814, #528 ) ;
#3296 = CARTESIAN_POINT ( 'NONE',  ( -11.59812687119602792, 1.500000000000000000, -11.60711068600008922 ) ) ;
#3297 = VECTOR ( 'NONE', #2316, 1000.000000000000000 ) ;
#3298 = EDGE_LOOP ( 'NONE', ( #664, #2592 ) ) ;
#3299 = ORIENTED_EDGE ( 'NONE', *, *, #515, .F. ) ;
#3300 = DIRECTION ( 'NONE',  ( -0.000000000000000000, 1.000000000000000000, -0.000000000000000000 ) ) ;
#3301 = CARTESIAN_POINT ( 'NONE',  ( -17.50000000000000355, -1.499999999999999556, -1.655234598692008349E-14 ) ) ;
#3302 = ADVANCED_FACE ( 'NONE', ( #2821 ), #2789, .T. ) ;
#3303 = VECTOR ( 'NONE', #1, 1000.000000000000000 ) ;
#3304 = ORIENTED_EDGE ( 'NONE', *, *, #1721, .F. ) ;
#3305 = EDGE_LOOP ( 'NONE', ( #1964, #2885, #2751, #508 ) ) ;
#3306 = CARTESIAN_POINT ( 'NONE',  ( 17.50000000000001421, -1.500000000000000000, -1.249999999999996447 ) ) ;
#3307 = VECTOR ( 'NONE', #2089, 1000.000000000000000 ) ;
#3308 = CYLINDRICAL_SURFACE ( 'NONE', #2426, 1.000000000000000888 ) ;
#3309 = VERTEX_POINT ( 'NONE', #891 ) ;
#3310 = AXIS2_PLACEMENT_3D ( 'NONE', #1063, #3322, #2174 ) ;
#3311 = DIRECTION ( 'NONE',  ( 0.000000000000000000, 0.000000000000000000, 1.000000000000000000 ) ) ;
#3312 = DIRECTION ( 'NONE',  ( 0.000000000000000000, 0.000000000000000000, 1.000000000000000000 ) ) ;
#3313 = VERTEX_POINT ( 'NONE', #3378 ) ;
#3314 = CIRCLE ( 'NONE', #2040, 1.250000000000001110 ) ;
#3315 = CARTESIAN_POINT ( 'NONE',  ( -9.184850993605148438E-17, -8.500000000000000000, 1.742924699575454705E-16 ) ) ;
#3316 = LINE ( 'NONE', #2962, #402 ) ;
#3317 = EDGE_CURVE ( 'NONE', #893, #2730, #633, .T. ) ;
#3318 = ORIENTED_EDGE ( 'NONE', *, *, #992, .T. ) ;
#3319 = ORIENTED_EDGE ( 'NONE', *, *, #2733, .F. ) ;
#3320 = DIRECTION ( 'NONE',  ( 0.000000000000000000, 0.000000000000000000, 1.000000000000000000 ) ) ;
#3321 = ORIENTED_EDGE ( 'NONE', *, *, #198, .T. ) ;
#3322 = DIRECTION ( 'NONE',  ( 0.000000000000000000, 1.000000000000000000, 0.000000000000000000 ) ) ;
#3323 = AXIS2_PLACEMENT_3D ( 'NONE', #1046, #3050, #2509 ) ;
#3324 = EDGE_CURVE ( 'NONE', #3006, #3358, #94, .T. ) ;
#3325 = ORIENTED_EDGE ( 'NONE', *, *, #51, .F. ) ;
#3326 = AXIS2_PLACEMENT_3D ( 'NONE', #2115, #2151, #217 ) ;
#3327 = DIRECTION ( 'NONE',  ( -0.000000000000000000, 1.000000000000000000, -0.000000000000000000 ) ) ;
#3328 = DIRECTION ( 'NONE',  ( -0.000000000000000000, 1.000000000000000000, -0.000000000000000000 ) ) ;
#3329 = CIRCLE ( 'NONE', #1764, 1.249999999999997558 ) ;
#3330 = CARTESIAN_POINT ( 'NONE',  ( -13.19273868914366332, 1.500000000000000000, 2.500000000000001332 ) ) ;
#3331 = DIRECTION ( 'NONE',  ( 0.000000000000000000, 0.000000000000000000, 1.000000000000000000 ) ) ;
#3332 = ORIENTED_EDGE ( 'NONE', *, *, #971, .T. ) ;
#3333 = VECTOR ( 'NONE', #2309, 1000.000000000000000 ) ;
#3334 = DIRECTION ( 'NONE',  ( 0.000000000000000000, 1.000000000000000000, -0.000000000000000000 ) ) ;
#3335 = CYLINDRICAL_SURFACE ( 'NONE', #1168, 1.249999999999999334 ) ;
#3336 = CIRCLE ( 'NONE', #653, 1.000000000000000444 ) ;
#3337 = ORIENTED_EDGE ( 'NONE', *, *, #1660, .F. ) ;
#3338 = VERTEX_POINT ( 'NONE', #2854 ) ;
#3339 = ORIENTED_EDGE ( 'NONE', *, *, #3418, .F. ) ;
#3340 = EDGE_CURVE ( 'NONE', #3553, #1747, #1702, .T. ) ;
#3341 = CARTESIAN_POINT ( 'NONE',  ( 3.264635279283078617, -1.499999999999999556, -15.99999999999987921 ) ) ;
#3342 = VERTEX_POINT ( 'NONE', #299 ) ;
#3343 = DIRECTION ( 'NONE',  ( -0.000000000000000000, 1.000000000000000000, -0.000000000000000000 ) ) ;
#3344 = VERTEX_POINT ( 'NONE', #3356 ) ;
#3345 = AXIS2_PLACEMENT_3D ( 'NONE', #3371, #2259, #72 ) ;
#3346 = EDGE_CURVE ( 'NONE', #388, #1399, #2726, .T. ) ;
#3347 = EDGE_LOOP ( 'NONE', ( #1773, #716, #1427, #2534 ) ) ;
#3348 = DIRECTION ( 'NONE',  ( 0.000000000000000000, 0.000000000000000000, 1.000000000000000000 ) ) ;
#3349 = LINE ( 'NONE', #1367, #2492 ) ;
#3350 = EDGE_CURVE ( 'NONE', #1654, #274, #2437, .T. ) ;
#3351 = FACE_OUTER_BOUND ( 'NONE', #1209, .T. ) ;
#3352 = FACE_OUTER_BOUND ( 'NONE', #816, .T. ) ;
#3353 = ORIENTED_EDGE ( 'NONE', *, *, #2925, .T. ) ;
#3354 = CIRCLE ( 'NONE', #2300, 1.250000000000001110 ) ;
#3355 = CARTESIAN_POINT ( 'NONE',  ( -7.745966692414836707, -1.499999999999999556, 2.500000000000001332 ) ) ;
#3356 = CARTESIAN_POINT ( 'NONE',  ( -4.000000000000000000, 1.500000000000000000, 3.000000000000000000 ) ) ;
#3357 = ORIENTED_EDGE ( 'NONE', *, *, #3053, .F. ) ;
#3358 = VERTEX_POINT ( 'NONE', #2552 ) ;
#3359 = ORIENTED_EDGE ( 'NONE', *, *, #2767, .T. ) ;
#3360 = CARTESIAN_POINT ( 'NONE',  ( 8.750000000000005329, 1.500000000000000000, 15.15544456622768976 ) ) ;
#3361 = LINE ( 'NONE', #2033, #3480 ) ;
#3362 = ORIENTED_EDGE ( 'NONE', *, *, #759, .T. ) ;
#3363 = CARTESIAN_POINT ( 'NONE',  ( -9.184850993605148438E-17, -1.499999999999999556, 7.500000000000001776 ) ) ;
#3364 = ORIENTED_EDGE ( 'NONE', *, *, #505, .F. ) ;
#3365 = DIRECTION ( 'NONE',  ( 0.000000000000000000, 1.000000000000000000, 0.000000000000000000 ) ) ;
#3366 = CARTESIAN_POINT ( 'NONE',  ( 16.35474950397707161, -8.500000000000000000, -5.672742914049951679 ) ) ;
#3367 = PLANE ( 'NONE',  #1447 ) ;
#3368 = EDGE_CURVE ( 'NONE', #368, #3182, #3410, .T. ) ;
#3369 = CIRCLE ( 'NONE', #2611, 1.000000000000002665 ) ;
#3370 = AXIS2_PLACEMENT_3D ( 'NONE', #1529, #3524, #676 ) ;
#3371 = CARTESIAN_POINT ( 'NONE',  ( -6.904072259454470561, -8.500000000000000000, 4.958203932497259991 ) ) ;
#3372 = FACE_OUTER_BOUND ( 'NONE', #65, .T. ) ;
#3373 = ORIENTED_EDGE ( 'NONE', *, *, #1609, .F. ) ;
#3374 = AXIS2_PLACEMENT_3D ( 'NONE', #3598, #2774, #1382 ) ;
#3375 = CARTESIAN_POINT ( 'NONE',  ( 9.627458257820959986, -8.500000000000000000, 9.675246850288791833 ) ) ;
#3376 = EDGE_CURVE ( 'NONE', #3182, #150, #1634, .T. ) ;
#3377 = AXIS2_PLACEMENT_3D ( 'NONE', #1864, #332, #2246 ) ;
#3378 = CARTESIAN_POINT ( 'NONE',  ( 12.22408882090946136, 1.500000000000000000, 11.82725708595006076 ) ) ;
#3379 = ORIENTED_EDGE ( 'NONE', *, *, #976, .T. ) ;
#3380 = ORIENTED_EDGE ( 'NONE', *, *, #3317, .F. ) ;
#3381 = CIRCLE ( 'NONE', #3080, 1.000000000000000888 ) ;
#3382 = FACE_BOUND ( 'NONE', #1746, .T. ) ;
#3383 = ADVANCED_FACE ( 'NONE', ( #2585 ), #3335, .F. ) ;
#3384 = CYLINDRICAL_SURFACE ( 'NONE', #3133, 1.000000000000000888 ) ;
#3385 = EDGE_LOOP ( 'NONE', ( #1059, #495 ) ) ;
#3386 = DIRECTION ( 'NONE',  ( 0.000000000000000000, 1.000000000000000000, -0.000000000000000000 ) ) ;
#3387 = DIRECTION ( 'NONE',  ( 0.8660254037844387076, 0.000000000000000000, 0.5000000000000000000 ) ) ;
#3388 = CARTESIAN_POINT ( 'NONE',  ( 8.750000000000003553, 1.500000000000000000, -15.15544456622767733 ) ) ;
#3389 = ADVANCED_FACE ( 'NONE', ( #852 ), #1979, .F. ) ;
#3390 = DIRECTION ( 'NONE',  ( 0.000000000000000000, 1.000000000000000000, -0.000000000000000000 ) ) ;
#3391 = VECTOR ( 'NONE', #3190, 1000.000000000000227 ) ;
#3392 = PRODUCT_DEFINITION_CONTEXT ( 'detailed design', #939, 'design' ) ;
#3393 = DIRECTION ( 'NONE',  ( 0.000000000000000000, 0.000000000000000000, 1.000000000000000000 ) ) ;
#3394 = CARTESIAN_POINT ( 'NONE',  ( -4.252989283015924826, 1.500000000000000000, 15.84782784977072367 ) ) ;
#3395 = ORIENTED_EDGE ( 'NONE', *, *, #3486, .T. ) ;
#3396 = ADVANCED_FACE ( 'NONE', ( #954 ), #180, .F. ) ;
#3397 = ORIENTED_EDGE ( 'NONE', *, *, #685, .T. ) ;
#3398 = DIRECTION ( 'NONE',  ( 0.000000000000000000, 0.000000000000000000, 1.000000000000000000 ) ) ;
#3399 = DIRECTION ( 'NONE',  ( -0.000000000000000000, -1.000000000000000000, -0.000000000000000000 ) ) ;
#3400 = VECTOR ( 'NONE', #1704, 1000.000000000000000 ) ;
#3401 = ORIENTED_EDGE ( 'NONE', *, *, #3018, .T. ) ;
#3402 = CARTESIAN_POINT ( 'NONE',  ( -17.50000000000000355, -8.500000000000000000, -1.655234598692008349E-14 ) ) ;
#3403 = CARTESIAN_POINT ( 'NONE',  ( 11.54700538379275621, -1.500000000000000000, 19.99999999999987566 ) ) ;
#3404 = AXIS2_PLACEMENT_3D ( 'NONE', #2125, #1284, #949 ) ;
#3405 = AXIS2_PLACEMENT_3D ( 'NONE', #786, #2425, #3267 ) ;
#3406 = AXIS2_PLACEMENT_3D ( 'NONE', #2431, #444, #2093 ) ;
#3407 = DIRECTION ( 'NONE',  ( -0.000000000000000000, 1.000000000000000000, -0.000000000000000000 ) ) ;
#3408 = CARTESIAN_POINT ( 'NONE',  ( -2.165063509463150737, -1.500000000000000000, -1.250000000001184830 ) ) ;
#3409 = DIRECTION ( 'NONE',  ( 0.000000000000000000, 0.000000000000000000, 1.000000000000000000 ) ) ;
#3410 = LINE ( 'NONE', #1961, #2612 ) ;
#3411 = ORIENTED_EDGE ( 'NONE', *, *, #2548, .F. ) ;
#3412 = EDGE_CURVE ( 'NONE', #334, #1364, #144, .T. ) ;
#3413 = DIRECTION ( 'NONE',  ( 0.000000000000000000, 0.000000000000000000, 1.000000000000000000 ) ) ;
#3414 = CARTESIAN_POINT ( 'NONE',  ( 0.8418944329592915610, -8.500000000000000000, -8.458203932499628763 ) ) ;
#3415 = ORIENTED_EDGE ( 'NONE', *, *, #42, .F. ) ;
#3416 = VECTOR ( 'NONE', #1329, 1000.000000000000000 ) ;
#3417 = CARTESIAN_POINT ( 'NONE',  ( -9.469357670820309991, 1.500000000000000000, -10.66266986216874635 ) ) ;
#3418 = EDGE_CURVE ( 'NONE', #130, #1651, #1041, .T. ) ;
#3419 = DIRECTION ( 'NONE',  ( -0.000000000000000000, 1.000000000000000000, -0.000000000000000000 ) ) ;
#3420 = DIRECTION ( 'NONE',  ( 0.000000000000000000, 0.000000000000000000, 1.000000000000000000 ) ) ;
#3421 = DIRECTION ( 'NONE',  ( -1.000000000000000000, 0.000000000000000000, 1.051620219116008581E-14 ) ) ;
#3422 = AXIS2_PLACEMENT_3D ( 'NONE', #2413, #2146, #1877 ) ;
#3423 = FACE_OUTER_BOUND ( 'NONE', #265, .T. ) ;
#3424 = AXIS2_PLACEMENT_3D ( 'NONE', #3542, #1424, #518 ) ;
#3425 = EDGE_LOOP ( 'NONE', ( #68, #162, #326, #1383, #705, #1911 ) ) ;
#3426 = CYLINDRICAL_SURFACE ( 'NONE', #3187, 1.000000000000000888 ) ;
#3427 = ORIENTED_EDGE ( 'NONE', *, *, #799, .F. ) ;
#3428 = AXIS2_PLACEMENT_3D ( 'NONE', #895, #2812, #322 ) ;
#3429 = EDGE_CURVE ( 'NONE', #2077, #3547, #1987, .T. ) ;
#3430 = LINE ( 'NONE', #1731, #1269 ) ;
#3431 = AXIS2_PLACEMENT_3D ( 'NONE', #1469, #876, #2282 ) ;
#3432 = EDGE_LOOP ( 'NONE', ( #877, #2906, #27, #1065 ) ) ;
#3433 = CARTESIAN_POINT ( 'NONE',  ( -0.8418944329588047282, -8.500000000000000000, -8.458203932499678501 ) ) ;
#3434 = LINE ( 'NONE', #3366, #3069 ) ;
#3435 =( NAMED_UNIT ( * ) PLANE_ANGLE_UNIT ( ) SI_UNIT ( $, .RADIAN. ) );
#3436 = ADVANCED_FACE ( 'NONE', ( #2871 ), #3426, .F. ) ;
#3437 = CARTESIAN_POINT ( 'NONE',  ( -4.431305835111842839, 1.500000000000000000, 12.67524685028541676 ) ) ;
#3438 = CARTESIAN_POINT ( 'NONE',  ( -3.264635279283147007, -8.500000000000000000, 15.99999999999996625 ) ) ;
#3439 = AXIS2_PLACEMENT_3D ( 'NONE', #1863, #450, #1255 ) ;
#3440 = CARTESIAN_POINT ( 'NONE',  ( -9.184850993605148438E-17, -1.499999999999999556, 1.742924699575454705E-16 ) ) ;
#3441 = CIRCLE ( 'NONE', #1525, 1.250000000000001110 ) ;
#3442 = LINE ( 'NONE', #941, #3170 ) ;
#3443 = ORIENTED_EDGE ( 'NONE', *, *, #850, .F. ) ;
#3444 = CIRCLE ( 'NONE', #1586, 1.000000000000000444 ) ;
#3445 = ORIENTED_EDGE ( 'NONE', *, *, #2762, .T. ) ;
#3446 = CARTESIAN_POINT ( 'NONE',  ( -16.35474950397699700, -8.500000000000000000, 5.672742914049908158 ) ) ;
#3447 = VERTEX_POINT ( 'NONE', #2938 ) ;
#3448 = ORIENTED_EDGE ( 'NONE', *, *, #494, .F. ) ;
#3449 = DIRECTION ( 'NONE',  ( 0.000000000000000000, 0.000000000000000000, 1.000000000000000000 ) ) ;
#3450 = SURFACE_SIDE_STYLE ('',( #1022 ) ) ;
#3451 = ADVANCED_FACE ( 'NONE', ( #651 ), #1496, .F. ) ;
#3452 = CARTESIAN_POINT ( 'NONE',  ( 17.50000000000001776, 1.500000000000000000, -5.650474260863225751E-15 ) ) ;
#3453 = CYLINDRICAL_SURFACE ( 'NONE', #730, 1.249999999999999334 ) ;
#3454 = EDGE_CURVE ( 'NONE', #638, #2697, #3381, .T. ) ;
#3455 = AXIS2_PLACEMENT_3D ( 'NONE', #1542, #727, #2105 ) ;
#3456 = DIRECTION ( 'NONE',  ( 1.000000000000000000, -0.000000000000000000, 0.000000000000000000 ) ) ;
#3457 = EDGE_CURVE ( 'NONE', #491, #3549, #2651, .T. ) ;
#3458 = DIRECTION ( 'NONE',  ( 0.000000000000000000, 0.000000000000000000, 1.000000000000000000 ) ) ;
#3459 = ORIENTED_EDGE ( 'NONE', *, *, #488, .F. ) ;
#3460 = CARTESIAN_POINT ( 'NONE',  ( -11.54700538379261232, 1.500000000000000000, -19.99999999999996092 ) ) ;
#3461 = EDGE_LOOP ( 'NONE', ( #1198, #1953, #2775, #1112 ) ) ;
#3462 = ORIENTED_EDGE ( 'NONE', *, *, #111, .T. ) ;
#3463 = CARTESIAN_POINT ( 'NONE',  ( 8.750000000000005329, 1.500000000000000000, 15.15544456622768976 ) ) ;
#3464 = CARTESIAN_POINT ( 'NONE',  ( -7.745966692414836707, 1.500000000000000000, 2.500000000000001332 ) ) ;
#3465 = DIRECTION ( 'NONE',  ( 1.000000000000000000, 0.000000000000000000, -7.962163080346640843E-17 ) ) ;
#3466 = FACE_OUTER_BOUND ( 'NONE', #3432, .T. ) ;
#3467 = EDGE_CURVE ( 'NONE', #2226, #1595, #432, .T. ) ;
#3468 = CARTESIAN_POINT ( 'NONE',  ( 0.000000000000000000, 1.500000000000000000, 0.000000000000000000 ) ) ;
#3469 = DIRECTION ( 'NONE',  ( 0.000000000000000000, 1.000000000000000000, 0.000000000000000000 ) ) ;
#3470 = ORIENTED_EDGE ( 'NONE', *, *, #3376, .F. ) ;
#3471 = DIRECTION ( 'NONE',  ( 0.000000000000000000, 1.000000000000000000, -0.000000000000000000 ) ) ;
#3472 = AXIS2_PLACEMENT_3D ( 'NONE', #2957, #1251, #2362 ) ;
#3473 = EDGE_CURVE ( 'NONE', #2015, #523, #1685, .T. ) ;
#3474 = VERTEX_POINT ( 'NONE', #110 ) ;
#3475 = CYLINDRICAL_SURFACE ( 'NONE', #3555, 1.000000000000000888 ) ;
#3476 = VECTOR ( 'NONE', #3189, 1000.000000000000000 ) ;
#3477 = DIRECTION ( 'NONE',  ( 0.000000000000000000, 0.000000000000000000, 1.000000000000000000 ) ) ;
#3478 = ORIENTED_EDGE ( 'NONE', *, *, #2344, .T. ) ;
#3479 = ORIENTED_EDGE ( 'NONE', *, *, #1369, .F. ) ;
#3480 = VECTOR ( 'NONE', #1456, 1000.000000000000000 ) ;
#3481 = EDGE_CURVE ( 'NONE', #280, #1621, #3145, .T. ) ;
#3482 = CARTESIAN_POINT ( 'NONE',  ( 8.750000000000005329, -1.499999999999999556, 15.15544456622768088 ) ) ;
#3483 = CIRCLE ( 'NONE', #171, 1.000000000000000888 ) ;
#3484 = FACE_OUTER_BOUND ( 'NONE', #798, .T. ) ;
#3485 = DIRECTION ( 'NONE',  ( 0.000000000000000000, 0.000000000000000000, 1.000000000000000000 ) ) ;
#3486 = EDGE_CURVE ( 'NONE', #1974, #1884, #1497, .T. ) ;
#3487 = DIRECTION ( 'NONE',  ( 0.000000000000000000, 0.000000000000000000, 1.000000000000000000 ) ) ;
#3488 = CARTESIAN_POINT ( 'NONE',  ( -6.091828464224532169, -1.499999999999999556, 4.374885822791697798 ) ) ;
#3489 = CARTESIAN_POINT ( 'NONE',  ( -6.038046855670033075, 1.500000000000000000, 5.458203932497262656 ) ) ;
#3490 = VERTEX_POINT ( 'NONE', #1253 ) ;
#3491 = ORIENTED_EDGE ( 'NONE', *, *, #1056, .T. ) ;
#3492 = DIRECTION ( 'NONE',  ( 0.000000000000000000, 0.000000000000000000, 1.000000000000000000 ) ) ;
#3493 = ORIENTED_EDGE ( 'NONE', *, *, #1442, .T. ) ;
#3494 = ORIENTED_EDGE ( 'NONE', *, *, #630, .T. ) ;
#3495 = CIRCLE ( 'NONE', #305, 1.249999999999999334 ) ;
#3496 = DIRECTION ( 'NONE',  ( 0.000000000000000000, 1.000000000000000000, -0.000000000000000000 ) ) ;
#3497 = DIRECTION ( 'NONE',  ( -0.000000000000000000, 1.000000000000000000, -0.000000000000000000 ) ) ;
#3498 = EDGE_CURVE ( 'NONE', #78, #616, #1090, .T. ) ;
#3499 = EDGE_LOOP ( 'NONE', ( #2860, #600, #2908, #285 ) ) ;
#3500 = EDGE_LOOP ( 'NONE', ( #3502, #1668, #3097, #458 ) ) ;
#3501 = CIRCLE ( 'NONE', #1290, 0.9999999999999991118 ) ;
#3502 = ORIENTED_EDGE ( 'NONE', *, *, #370, .T. ) ;
#3503 = CARTESIAN_POINT ( 'NONE',  ( -1.990540770086669147E-16, 1.500000000000000000, -2.500000000000000000 ) ) ;
#3504 = CYLINDRICAL_SURFACE ( 'NONE', #2660, 4.550000000000001599 ) ;
#3505 = EDGE_LOOP ( 'NONE', ( #1908, #1117, #733, #2337 ) ) ;
#3506 = LINE ( 'NONE', #1006, #199 ) ;
#3507 = CARTESIAN_POINT ( 'NONE',  ( -13.96882180821685360, -8.500000000000000000, -2.869369369369372258 ) ) ;
#3508 = CARTESIAN_POINT ( 'NONE',  ( -9.184850993605148438E-17, -8.500000000000000000, 1.742924699575454705E-16 ) ) ;
#3509 = PLANE ( 'NONE',  #3472 ) ;
#3510 = VERTEX_POINT ( 'NONE', #717 ) ;
#3511 = FILL_AREA_STYLE ('',( #3527 ) ) ;
#3512 = DIRECTION ( 'NONE',  ( -0.000000000000000000, 1.000000000000000000, -0.000000000000000000 ) ) ;
#3513 = VECTOR ( 'NONE', #1682, 1000.000000000000000 ) ;
#3514 = DIRECTION ( 'NONE',  ( 0.4999999999999948930, 0.000000000000000000, -0.8660254037844415942 ) ) ;
#3515 = EDGE_CURVE ( 'NONE', #353, #3580, #1223, .T. ) ;
#3516 = ORIENTED_EDGE ( 'NONE', *, *, #1151, .F. ) ;
#3517 = ORIENTED_EDGE ( 'NONE', *, *, #947, .T. ) ;
#3518 = ORIENTED_EDGE ( 'NONE', *, *, #821, .F. ) ;
#3519 = DIRECTION ( 'NONE',  ( 0.000000000000000000, 0.000000000000000000, 1.000000000000000000 ) ) ;
#3520 = FACE_OUTER_BOUND ( 'NONE', #854, .T. ) ;
#3521 = EDGE_CURVE ( 'NONE', #1810, #3338, #3442, .T. ) ;
#3522 = VERTEX_POINT ( 'NONE', #2046 ) ;
#3523 = DIRECTION ( 'NONE',  ( 0.000000000000000000, 1.000000000000000000, -0.000000000000000000 ) ) ;
#3524 = DIRECTION ( 'NONE',  ( 0.000000000000000000, 1.000000000000000000, -0.000000000000000000 ) ) ;
#3525 = CARTESIAN_POINT ( 'NONE',  ( 2.165063509459042024, -1.500000000000000000, 1.249999999998811839 ) ) ;
#3526 = CARTESIAN_POINT ( 'NONE',  ( 0.000000000000000000, -1.500000000000000000, 0.000000000000000000 ) ) ;
#3527 = FILL_AREA_STYLE_COLOUR ( '', #1555 ) ;
#3528 = FACE_OUTER_BOUND ( 'NONE', #1092, .T. ) ;
#3529 = AXIS2_PLACEMENT_3D ( 'NONE', #1219, #936, #888 ) ;
#3530 = CARTESIAN_POINT ( 'NONE',  ( 6.904072259451436544, -1.499999999999999556, -4.958203932501485056 ) ) ;
#3531 = CARTESIAN_POINT ( 'NONE',  ( 6.038046855666997281, -8.500000000000000000, -5.458203932501485944 ) ) ;
#3532 = EDGE_LOOP ( 'NONE', ( #2177, #1254, #1241, #132 ) ) ;
#3533 = ORIENTED_EDGE ( 'NONE', *, *, #535, .T. ) ;
#3534 = VERTEX_POINT ( 'NONE', #1570 ) ;
#3535 = AXIS2_PLACEMENT_3D ( 'NONE', #611, #2292, #902 ) ;
#3536 = EDGE_CURVE ( 'NONE', #368, #2697, #2935, .T. ) ;
#3537 = CARTESIAN_POINT ( 'NONE',  ( 11.59812687119611674, -1.499999999999999556, -11.60711068600014784 ) ) ;
#3538 = FACE_BOUND ( 'NONE', #2691, .T. ) ;
#3539 = AXIS2_PLACEMENT_3D ( 'NONE', #355, #2004, #2306 ) ;
#3540 = CIRCLE ( 'NONE', #1926, 0.9999999999999974465 ) ;
#3541 = CARTESIAN_POINT ( 'NONE',  ( 8.750000000000005329, -1.499999999999999556, 15.15544456622768088 ) ) ;
#3542 = CARTESIAN_POINT ( 'NONE',  ( 15.48872410019262880, -8.500000000000000000, -5.172742914049958785 ) ) ;
#3543 = EDGE_CURVE ( 'NONE', #639, #2113, #663, .T. ) ;
#3544 = VECTOR ( 'NONE', #2617, 1000.000000000000000 ) ;
#3545 = CARTESIAN_POINT ( 'NONE',  ( -13.09011422469387753, -8.500000000000000000, -11.32725708595006964 ) ) ;
#3546 = CARTESIAN_POINT ( 'NONE',  ( -13.19273868914363312, -8.500000000000000000, -3.499999999999999556 ) ) ;
#3547 = VERTEX_POINT ( 'NONE', #1587 ) ;
#3548 = ADVANCED_FACE ( 'NONE', ( #3016 ), #2959, .F. ) ;
#3549 = VERTEX_POINT ( 'NONE', #501 ) ;
#3550 = FACE_OUTER_BOUND ( 'NONE', #1102, .T. ) ;
#3551 = CARTESIAN_POINT ( 'NONE',  ( 6.038046855666997281, 1.500000000000000000, -5.458203932501485944 ) ) ;
#3552 = LINE ( 'NONE', #3531, #1710 ) ;
#3553 = VERTEX_POINT ( 'NONE', #1353 ) ;
#3554 = EDGE_LOOP ( 'NONE', ( #2655, #2066, #819, #2692 ) ) ;
#3555 = AXIS2_PLACEMENT_3D ( 'NONE', #3257, #2400, #2961 ) ;
#3556 = ORIENTED_EDGE ( 'NONE', *, *, #1326, .F. ) ;
#3557 = DIRECTION ( 'NONE',  ( -0.000000000000000000, 1.000000000000000000, -0.000000000000000000 ) ) ;
#3558 = FACE_BOUND ( 'NONE', #2591, .T. ) ;
#3559 = VECTOR ( 'NONE', #2489, 1000.000000000000000 ) ;
#3560 = ORIENTED_EDGE ( 'NONE', *, *, #1732, .F. ) ;
#3561 = VERTEX_POINT ( 'NONE', #1073 ) ;
#3562 = FACE_OUTER_BOUND ( 'NONE', #1998, .T. ) ;
#3563 = DIRECTION ( 'NONE',  ( -0.4999999999999994449, 0.000000000000000000, 0.8660254037844389297 ) ) ;
#3564 = ADVANCED_FACE ( 'NONE', ( #3569 ), #3367, .F. ) ;
#3565 = DIRECTION ( 'NONE',  ( 0.000000000000000000, 1.000000000000000000, 0.000000000000000000 ) ) ;
#3566 = ADVANCED_FACE ( 'NONE', ( #2165 ), #1645, .F. ) ;
#3567 = DIRECTION ( 'NONE',  ( -0.000000000000000000, 1.000000000000000000, -0.000000000000000000 ) ) ;
#3568 = EDGE_LOOP ( 'NONE', ( #1904, #882, #2067, #1393 ) ) ;
#3569 = FACE_OUTER_BOUND ( 'NONE', #511, .T. ) ;
#3570 = AXIS2_PLACEMENT_3D ( 'NONE', #2862, #1489, #375 ) ;
#3571 = CARTESIAN_POINT ( 'NONE',  ( -8.749999999999996447, 1.500000000000000000, 16.40544456622768976 ) ) ;
#3572 = EDGE_CURVE ( 'NONE', #1847, #2130, #2181, .T. ) ;
#3573 = PLANE ( 'NONE',  #2433 ) ;
#3574 = VERTEX_POINT ( 'NONE', #197 ) ;
#3575 = ORIENTED_EDGE ( 'NONE', *, *, #1563, .T. ) ;
#3576 = CIRCLE ( 'NONE', #1371, 1.000000000000000444 ) ;
#3577 = VERTEX_POINT ( 'NONE', #522 ) ;
#3578 = DIRECTION ( 'NONE',  ( -0.000000000000000000, -1.000000000000000000, -0.000000000000000000 ) ) ;
#3579 = CARTESIAN_POINT ( 'NONE',  ( -8.750000000000053291, 1.500000000000000000, -15.15544456622765246 ) ) ;
#3580 = VERTEX_POINT ( 'NONE', #1310 ) ;
#3581 = EDGE_LOOP ( 'NONE', ( #1729, #1676, #748, #2892 ) ) ;
#3582 = CARTESIAN_POINT ( 'NONE',  ( -11.54700538379261232, 1.500000000000000000, -19.99999999999996092 ) ) ;
#3583 = DIRECTION ( 'NONE',  ( 0.5000000000000068834, 0.000000000000000000, 0.8660254037844345998 ) ) ;
#3584 = FACE_OUTER_BOUND ( 'NONE', #1302, .T. ) ;
#3585 = EDGE_CURVE ( 'NONE', #388, #1475, #1879, .T. ) ;
#3586 = CARTESIAN_POINT ( 'NONE',  ( -17.50000000000000000, 1.500000000000000000, 1.250000000000018874 ) ) ;
#3587 = ORIENTED_EDGE ( 'NONE', *, *, #3346, .T. ) ;
#3588 = FACE_OUTER_BOUND ( 'NONE', #1865, .T. ) ;
#3589 = CARTESIAN_POINT ( 'NONE',  ( -14.72243186433539108, -8.500000000000000000, -8.500000000000115463 ) ) ;
#3590 = PRESENTATION_LAYER_ASSIGNMENT (  '', '', ( #1612 ) ) ;
#3591 = ORIENTED_EDGE ( 'NONE', *, *, #3515, .T. ) ;
#3592 = ORIENTED_EDGE ( 'NONE', *, *, #976, .F. ) ;
#3593 = EDGE_CURVE ( 'NONE', #2875, #149, #2992, .T. ) ;
#3594 = VERTEX_POINT ( 'NONE', #2725 ) ;
#3595 = ORIENTED_EDGE ( 'NONE', *, *, #1771, .F. ) ;
#3596 = LINE ( 'NONE', #2965, #1156 ) ;
#3597 = ORIENTED_EDGE ( 'NONE', *, *, #538, .T. ) ;
#3598 = CARTESIAN_POINT ( 'NONE',  ( 0.8418944329649671321, 1.500000000000000000, 8.458203932499065658 ) ) ;
#3599 = AXIS2_PLACEMENT_3D ( 'NONE', #581, #1426, #3312 ) ;
#3600 = ORIENTED_EDGE ( 'NONE', *, *, #2524, .F. ) ;
#3601 = EDGE_CURVE ( 'NONE', #1617, #490, #2135, .T. ) ;
#3602 = ORIENTED_EDGE ( 'NONE', *, *, #3114, .T. ) ;
#3603 = DIRECTION ( 'NONE',  ( 0.000000000000000000, 1.000000000000000000, 0.000000000000000000 ) ) ;
#3604 = CIRCLE ( 'NONE', #1978, 1.249999999999999334 ) ;
#3605 = DIRECTION ( 'NONE',  ( -0.000000000000000000, -1.000000000000000000, -0.000000000000000000 ) ) ;
#3606 = CIRCLE ( 'NONE', #3011, 0.9999999999999991118 ) ;
#3607 = CARTESIAN_POINT ( 'NONE',  ( -8.761432854029347794, -1.499999999999999556, -10.17524685028766029 ) ) ;
ENDSEC;
END-ISO-10303-21;
