ISO-10303-21;
HEADER;
FILE_DESCRIPTION (( 'STEP AP214' ),
    '1' );
FILE_NAME ('bottom palte_1.STEP',
    '2026-09-08T09:16:58',
    ( '' ),
    ( '' ),
    'SwSTEP 2.0',
    'SolidWorks 2025',
    '' );
FILE_SCHEMA (( 'AUTOMOTIVE_DESIGN' ));
ENDSEC;

DATA;
#1 = EDGE_LOOP ( 'NONE', ( #1360, #404, #695, #937 ) ) ;
#2 = CARTESIAN_POINT ( 'NONE',  ( 1.750000000000000000, -1.500000000000000000, -9.082159740806346804 ) ) ;
#3 = ORIENTED_EDGE ( 'NONE', *, *, #386, .T. ) ;
#4 = FACE_BOUND ( 'NONE', #43, .T. ) ;
#5 = CARTESIAN_POINT ( 'NONE',  ( -19.97507764050038759, -1.500000000000000000, 9.987538820250186689 ) ) ;
#6 = ORIENTED_EDGE ( 'NONE', *, *, #373, .T. ) ;
#7 = LINE ( 'NONE', #687, #1247 ) ;
#8 = ORIENTED_EDGE ( 'NONE', *, *, #814, .T. ) ;
#9 = DIRECTION ( 'NONE',  ( -0.000000000000000000, 1.000000000000000000, 0.000000000000000000 ) ) ;
#10 = CARTESIAN_POINT ( 'NONE',  ( -29.12499999999999645, 1.500000000000000000, -15.50518148554091802 ) ) ;
#11 = ADVANCED_FACE ( 'NONE', ( #1618 ), #163, .F. ) ;
#12 = LINE ( 'NONE', #1333, #1280 ) ;
#13 = VERTEX_POINT ( 'NONE', #157 ) ;
#14 = DIRECTION ( 'NONE',  ( 0.000000000000000000, 0.000000000000000000, 1.000000000000000000 ) ) ;
#15 = VERTEX_POINT ( 'NONE', #1189 ) ;
#16 = CIRCLE ( 'NONE', #1084, 1.749999999999999778 ) ;
#17 = DIRECTION ( 'NONE',  ( 0.000000000000000000, 1.000000000000000000, 0.000000000000000000 ) ) ;
#18 = DIRECTION ( 'NONE',  ( 0.3973597071195114627, 0.000000000000000000, -0.9176629354822477547 ) ) ;
#19 = STYLED_ITEM ( 'NONE', ( #206 ), #767 ) ;
#20 = EDGE_CURVE ( 'NONE', #1629, #424, #16, .T. ) ;
#21 = CIRCLE ( 'NONE', #275, 1.600000000000001643 ) ;
#22 = LINE ( 'NONE', #1297, #1338 ) ;
#23 = ADVANCED_FACE ( 'NONE', ( #829 ), #962, .F. ) ;
#24 = VECTOR ( 'NONE', #866, 1000.000000000000000 ) ;
#25 = ORIENTED_EDGE ( 'NONE', *, *, #448, .F. ) ;
#26 = CARTESIAN_POINT ( 'NONE',  ( 17.84021765691029415, -1.500000000000000000, -42.34983660014386686 ) ) ;
#27 = ORIENTED_EDGE ( 'NONE', *, *, #133, .F. ) ;
#28 = VERTEX_POINT ( 'NONE', #1213 ) ;
#29 = EDGE_CURVE ( 'NONE', #807, #499, #45, .T. ) ;
#30 = CARTESIAN_POINT ( 'NONE',  ( 17.90063509461088032, 1.500000000000000000, -33.99519052838336819 ) ) ;
#31 = DIRECTION ( 'NONE',  ( 0.000000000000000000, 0.000000000000000000, -1.000000000000000000 ) ) ;
#32 = EDGE_CURVE ( 'NONE', #1611, #591, #923, .T. ) ;
#33 = VERTEX_POINT ( 'NONE', #1231 ) ;
#34 = DIRECTION ( 'NONE',  ( 0.000000000000000000, 0.000000000000000000, 1.000000000000000000 ) ) ;
#35 = ORIENTED_EDGE ( 'NONE', *, *, #402, .T. ) ;
#36 = CARTESIAN_POINT ( 'NONE',  ( -13.91844051968769946, 1.500000000000000000, 28.25000000000000355 ) ) ;
#37 = ORIENTED_EDGE ( 'NONE', *, *, #460, .T. ) ;
#38 = DIRECTION ( 'NONE',  ( -0.000000000000000000, 1.000000000000000000, 0.000000000000000000 ) ) ;
#39 = LINE ( 'NONE', #1600, #598 ) ;
#40 = VERTEX_POINT ( 'NONE', #721 ) ;
#41 = CARTESIAN_POINT ( 'NONE',  ( 11.83983358869399716, -1.500000000000000000, -13.07174617851899967 ) ) ;
#42 = EDGE_CURVE ( 'NONE', #13, #1341, #446, .T. ) ;
#43 = EDGE_LOOP ( 'NONE', ( #1631, #1378 ) ) ;
#44 = CYLINDRICAL_SURFACE ( 'NONE', #757, 1.600000000000000755 ) ;
#45 = LINE ( 'NONE', #1314, #136 ) ;
#46 = CARTESIAN_POINT ( 'NONE',  ( 0.5801270189221621187, 1.500000000000000000, -23.99519052838326871 ) ) ;
#47 = CIRCLE ( 'NONE', #1028, 1.750000000000001554 ) ;
#48 = DIRECTION ( 'NONE',  ( 0.000000000000000000, 0.000000000000000000, 1.000000000000000000 ) ) ;
#49 = VECTOR ( 'NONE', #1431, 1000.000000000000000 ) ;
#50 = AXIS2_PLACEMENT_3D ( 'NONE', #1021, #618, #1155 ) ;
#51 = EDGE_LOOP ( 'NONE', ( #147, #192, #1597, #477 ) ) ;
#52 = DIRECTION ( 'NONE',  ( 0.000000000000000000, 1.000000000000000000, 0.000000000000000000 ) ) ;
#53 = CIRCLE ( 'NONE', #1701, 1.599999999999997202 ) ;
#54 = VERTEX_POINT ( 'NONE', #730 ) ;
#55 = CIRCLE ( 'NONE', #1421, 1.599999999999997202 ) ;
#56 = CARTESIAN_POINT ( 'NONE',  ( 11.83983358869399716, 1.500000000000000000, -11.32174617851899967 ) ) ;
#57 = EDGE_CURVE ( 'NONE', #1579, #490, #588, .T. ) ;
#58 = AXIS2_PLACEMENT_3D ( 'NONE', #485, #476, #240 ) ;
#59 = ORIENTED_EDGE ( 'NONE', *, *, #964, .F. ) ;
#60 = CARTESIAN_POINT ( 'NONE',  ( -15.48368810393755268, -1.500000000000000000, 29.03262379212493016 ) ) ;
#61 = FACE_BOUND ( 'NONE', #1251, .T. ) ;
#62 = ORIENTED_EDGE ( 'NONE', *, *, #1573, .F. ) ;
#63 = DIRECTION ( 'NONE',  ( -0.000000000000000000, 1.000000000000000000, 0.000000000000000000 ) ) ;
#64 = ORIENTED_EDGE ( 'NONE', *, *, #1160, .T. ) ;
#65 = CARTESIAN_POINT ( 'NONE',  ( -30.00000000000000000, -1.500000000000000000, -0.4131189606246223889 ) ) ;
#66 = CARTESIAN_POINT ( 'NONE',  ( -22.13728757031316263, -1.500000000000000000, 0.000000000000000000 ) ) ;
#67 = EDGE_CURVE ( 'NONE', #1047, #1399, #486, .T. ) ;
#68 = DIRECTION ( 'NONE',  ( -0.4999999999999977796, 0.000000000000000000, 0.8660254037844399289 ) ) ;
#69 = ORIENTED_EDGE ( 'NONE', *, *, #722, .F. ) ;
#70 = CARTESIAN_POINT ( 'NONE',  ( -23.70253515456301585, 1.500000000000000000, 2.532623792124924833 ) ) ;
#71 = ORIENTED_EDGE ( 'NONE', *, *, #1078, .F. ) ;
#72 = DIRECTION ( 'NONE',  ( 0.000000000000000000, 0.000000000000000000, -1.000000000000000000 ) ) ;
#73 = DIRECTION ( 'NONE',  ( -0.000000000000000000, -1.000000000000000000, -0.000000000000000000 ) ) ;
#74 = CARTESIAN_POINT ( 'NONE',  ( 1.749999999999999778, -1.500000000000000000, 10.22972637552514463 ) ) ;
#75 = CIRCLE ( 'NONE', #108, 1.600000000000000755 ) ;
#76 = EDGE_CURVE ( 'NONE', #479, #1206, #1655, .T. ) ;
#77 = ORIENTED_EDGE ( 'NONE', *, *, #1415, .F. ) ;
#78 = VECTOR ( 'NONE', #1088, 1000.000000000000000 ) ;
#79 = DIRECTION ( 'NONE',  ( 0.000000000000000000, 1.000000000000000000, 0.000000000000000000 ) ) ;
#80 = VECTOR ( 'NONE', #79, 1000.000000000000000 ) ;
#81 = ORIENTED_EDGE ( 'NONE', *, *, #268, .T. ) ;
#82 = DIRECTION ( 'NONE',  ( 0.000000000000000000, -1.000000000000000000, -0.000000000000000000 ) ) ;
#83 = DIRECTION ( 'NONE',  ( 0.000000000000000000, 0.000000000000000000, -1.000000000000000000 ) ) ;
#84 = AXIS2_PLACEMENT_3D ( 'NONE', #1621, #854, #723 ) ;
#85 = CIRCLE ( 'NONE', #118, 1.600000000000000755 ) ;
#86 = EDGE_CURVE ( 'NONE', #479, #656, #1382, .T. ) ;
#87 = CARTESIAN_POINT ( 'NONE',  ( 17.90063509461088032, -1.500000000000000000, -32.39519052838336677 ) ) ;
#88 = APPLICATION_PROTOCOL_DEFINITION ( 'draft international standard', 'automotive_design', 1998, #890 ) ;
#89 = ORIENTED_EDGE ( 'NONE', *, *, #537, .F. ) ;
#90 = CYLINDRICAL_SURFACE ( 'NONE', #1307, 1.749999999999999778 ) ;
#91 = ORIENTED_EDGE ( 'NONE', *, *, #1216, .T. ) ;
#92 = CARTESIAN_POINT ( 'NONE',  ( 6.809785048659601436, 1.500000000000000000, 2.948723423225317219 ) ) ;
#93 = CYLINDRICAL_SURFACE ( 'NONE', #1065, 1.600000000000000755 ) ;
#94 = EDGE_LOOP ( 'NONE', ( #150, #652, #851, #436, #180, #827, #428, #772 ) ) ;
#95 = DIRECTION ( 'NONE',  ( -0.000000000000000000, -1.000000000000000000, -0.000000000000000000 ) ) ;
#96 = DIRECTION ( 'NONE',  ( -1.982541115402065307E-15, 0.000000000000000000, -1.000000000000000000 ) ) ;
#97 = DIRECTION ( 'NONE',  ( 0.000000000000000000, 1.000000000000000000, 0.000000000000000000 ) ) ;
#98 = ORIENTED_EDGE ( 'NONE', *, *, #483, .F. ) ;
#99 = DIRECTION ( 'NONE',  ( 0.000000000000000000, 0.000000000000000000, 1.000000000000000000 ) ) ;
#100 = ORIENTED_EDGE ( 'NONE', *, *, #268, .F. ) ;
#101 = LINE ( 'NONE', #751, #1441 ) ;
#102 = EDGE_CURVE ( 'NONE', #499, #544, #949, .T. ) ;
#103 = ADVANCED_FACE ( 'NONE', ( #452 ), #977, .T. ) ;
#104 = CARTESIAN_POINT ( 'NONE',  ( 13.44574372578792953, 1.500000000000000000, -12.37636669105985554 ) ) ;
#105 = DIRECTION ( 'NONE',  ( 0.000000000000000000, -1.000000000000000000, 0.000000000000000000 ) ) ;
#106 = ORIENTED_EDGE ( 'NONE', *, *, #1676, .T. ) ;
#107 = CYLINDRICAL_SURFACE ( 'NONE', #1675, 1.600000000000001643 ) ;
#108 = AXIS2_PLACEMENT_3D ( 'NONE', #993, #1516, #349 ) ;
#109 = AXIS2_PLACEMENT_3D ( 'NONE', #393, #509, #1552 ) ;
#110 = ORIENTED_EDGE ( 'NONE', *, *, #568, .F. ) ;
#111 = FACE_OUTER_BOUND ( 'NONE', #1, .T. ) ;
#112 = AXIS2_PLACEMENT_3D ( 'NONE', #135, #526, #1043 ) ;
#113 = VERTEX_POINT ( 'NONE', #1258 ) ;
#114 = AXIS2_PLACEMENT_3D ( 'NONE', #1505, #437, #967 ) ;
#115 = DIRECTION ( 'NONE',  ( -0.000000000000000000, 1.000000000000000000, 0.000000000000000000 ) ) ;
#116 = ADVANCED_FACE ( 'NONE', ( #1501 ), #844, .F. ) ;
#117 = AXIS2_PLACEMENT_3D ( 'NONE', #769, #749, #356 ) ;
#118 = AXIS2_PLACEMENT_3D ( 'NONE', #913, #131, #1165 ) ;
#119 = LINE ( 'NONE', #634, #1473 ) ;
#120 = LINE ( 'NONE', #1533, #363 ) ;
#121 = DIRECTION ( 'NONE',  ( 0.000000000000000000, 0.000000000000000000, -1.000000000000000000 ) ) ;
#122 = ORIENTED_EDGE ( 'NONE', *, *, #852, .T. ) ;
#123 = CARTESIAN_POINT ( 'NONE',  ( -15.00000000000000000, -1.500000000000000000, 1.750000000000000000 ) ) ;
#124 = CARTESIAN_POINT ( 'NONE',  ( -13.91844051968769946, 1.500000000000000000, 30.00000000000000711 ) ) ;
#125 = DIRECTION ( 'NONE',  ( 0.000000000000000000, 0.000000000000000000, -1.000000000000000000 ) ) ;
#126 = EDGE_CURVE ( 'NONE', #354, #1565, #47, .T. ) ;
#127 = LINE ( 'NONE', #891, #1392 ) ;
#128 = ORIENTED_EDGE ( 'NONE', *, *, #126, .F. ) ;
#129 = DIRECTION ( 'NONE',  ( 0.000000000000000000, -1.000000000000000000, -0.000000000000000000 ) ) ;
#130 = CARTESIAN_POINT ( 'NONE',  ( -25.00000000000000000, -1.500000000000000000, -7.499999999999997335 ) ) ;
#131 = DIRECTION ( 'NONE',  ( 0.000000000000000000, 1.000000000000000000, 0.000000000000000000 ) ) ;
#132 = CARTESIAN_POINT ( 'NONE',  ( -1.149246059487656568, -1.500000000000000000, 30.00000000000000355 ) ) ;
#133 = EDGE_CURVE ( 'NONE', #544, #1161, #1272, .T. ) ;
#134 = EDGE_LOOP ( 'NONE', ( #128, #1460, #293, #1220 ) ) ;
#135 = CARTESIAN_POINT ( 'NONE',  ( -7.500000000000043521, -1.500000000000000000, 25.00000000000000000 ) ) ;
#136 = VECTOR ( 'NONE', #438, 1000.000000000000000 ) ;
#137 = VERTEX_POINT ( 'NONE', #60 ) ;
#138 = DIRECTION ( 'NONE',  ( 0.000000000000000000, 1.000000000000000000, 0.000000000000000000 ) ) ;
#139 = VECTOR ( 'NONE', #384, 1000.000000000000000 ) ;
#140 = COLOUR_RGB ( '',0.7921568627450980005, 0.8196078431372548767, 0.9333333333333333481 ) ;
#141 = LINE ( 'NONE', #1329, #1702 ) ;
#142 = VECTOR ( 'NONE', #277, 999.9999999999998863 ) ;
#143 = EDGE_CURVE ( 'NONE', #162, #1519, #353, .T. ) ;
#144 = VECTOR ( 'NONE', #729, 1000.000000000000000 ) ;
#145 = CARTESIAN_POINT ( 'NONE',  ( -16.75000000000000000, -1.500000000000000000, 0.000000000000000000 ) ) ;
#146 = AXIS2_PLACEMENT_3D ( 'NONE', #596, #1679, #1541 ) ;
#147 = ORIENTED_EDGE ( 'NONE', *, *, #1069, .F. ) ;
#148 = FACE_OUTER_BOUND ( 'NONE', #361, .T. ) ;
#149 = EDGE_CURVE ( 'NONE', #261, #33, #75, .T. ) ;
#150 = ORIENTED_EDGE ( 'NONE', *, *, #281, .F. ) ;
#151 = DIRECTION ( 'NONE',  ( -0.000000000000000000, 1.000000000000000000, -0.000000000000000000 ) ) ;
#152 = LINE ( 'NONE', #552, #1420 ) ;
#153 = ORIENTED_EDGE ( 'NONE', *, *, #806, .F. ) ;
#154 = CARTESIAN_POINT ( 'NONE',  ( 25.63092211095741035, 1.500000000000000000, -29.19207912135866678 ) ) ;
#155 = VERTEX_POINT ( 'NONE', #868 ) ;
#156 = ADVANCED_FACE ( 'NONE', ( #222 ), #1027, .F. ) ;
#157 = CARTESIAN_POINT ( 'NONE',  ( -22.13728757031316263, 1.500000000000000000, 0.000000000000000000 ) ) ;
#158 = DIRECTION ( 'NONE',  ( 0.000000000000000000, 0.000000000000000000, -1.000000000000000000 ) ) ;
#159 = DIRECTION ( 'NONE',  ( 0.4472135954999577057, 0.000000000000000000, 0.8944271909999159664 ) ) ;
#160 = ORIENTED_EDGE ( 'NONE', *, *, #402, .F. ) ;
#161 = FACE_OUTER_BOUND ( 'NONE', #289, .T. ) ;
#162 = VERTEX_POINT ( 'NONE', #370 ) ;
#163 = PLANE ( 'NONE',  #1521 ) ;
#164 = CARTESIAN_POINT ( 'NONE',  ( -23.70253515456301585, -1.500000000000000000, 2.532623792124923945 ) ) ;
#165 = VECTOR ( 'NONE', #1144, 1000.000000000000000 ) ;
#166 = AXIS2_PLACEMENT_3D ( 'NONE', #215, #234, #1387 ) ;
#167 = CARTESIAN_POINT ( 'NONE',  ( 1.750000000000000000, 1.500000000000000000, -9.082159740806346804 ) ) ;
#168 = VECTOR ( 'NONE', #1381, 1000.000000000000000 ) ;
#169 = EDGE_LOOP ( 'NONE', ( #563, #494, #1624, #945 ) ) ;
#170 = DIRECTION ( 'NONE',  ( 0.000000000000000000, 1.000000000000000000, 0.000000000000000000 ) ) ;
#171 = ORIENTED_EDGE ( 'NONE', *, *, #1211, .F. ) ;
#172 = DIRECTION ( 'NONE',  ( -1.982541115402063335E-15, 0.000000000000000000, -1.000000000000000000 ) ) ;
#173 = ORIENTED_EDGE ( 'NONE', *, *, #32, .F. ) ;
#174 = CARTESIAN_POINT ( 'NONE',  ( 1.750000000000000000, 1.500000000000000000, -9.082159740806346804 ) ) ;
#175 = DIRECTION ( 'NONE',  ( 0.8660254037844399289, 0.000000000000000000, 0.4999999999999977796 ) ) ;
#176 = EDGE_CURVE ( 'NONE', #449, #15, #620, .T. ) ;
#177 = ORIENTED_EDGE ( 'NONE', *, *, #256, .T. ) ;
#178 = DIRECTION ( 'NONE',  ( 0.5000000000000035527, 0.000000000000000000, 0.8660254037844365982 ) ) ;
#179 = ORIENTED_EDGE ( 'NONE', *, *, #32, .T. ) ;
#180 = ORIENTED_EDGE ( 'NONE', *, *, #608, .T. ) ;
#181 = CARTESIAN_POINT ( 'NONE',  ( 5.124999999999977796, -1.500000000000000000, -17.95892012959685502 ) ) ;
#182 = DIRECTION ( 'NONE',  ( -0.000000000000000000, -1.000000000000000000, -0.000000000000000000 ) ) ;
#183 = ORIENTED_EDGE ( 'NONE', *, *, #1407, .T. ) ;
#184 = FACE_OUTER_BOUND ( 'NONE', #803, .T. ) ;
#185 = EDGE_CURVE ( 'NONE', #1670, #995, #1563, .T. ) ;
#186 = ORIENTED_EDGE ( 'NONE', *, *, #841, .F. ) ;
#187 = CARTESIAN_POINT ( 'NONE',  ( -5.000000000000000888, 1.500000000000000000, -7.499999999999999112 ) ) ;
#188 = CARTESIAN_POINT ( 'NONE',  ( 10.96483358869400426, -1.500000000000000000, -11.55620172189623318 ) ) ;
#189 = DIRECTION ( 'NONE',  ( 0.000000000000000000, 0.000000000000000000, -1.000000000000000000 ) ) ;
#190 = AXIS2_PLACEMENT_3D ( 'NONE', #1683, #129, #610 ) ;
#191 = AXIS2_PLACEMENT_3D ( 'NONE', #1085, #579, #1210 ) ;
#192 = ORIENTED_EDGE ( 'NONE', *, *, #143, .F. ) ;
#193 = LINE ( 'NONE', #712, #1277 ) ;
#194 = AXIS2_PLACEMENT_3D ( 'NONE', #1290, #616, #226 ) ;
#195 = AXIS2_PLACEMENT_3D ( 'NONE', #371, #1540, #747 ) ;
#196 = CARTESIAN_POINT ( 'NONE',  ( 25.63092211095741035, 1.500000000000000000, -29.19207912135866678 ) ) ;
#197 = ADVANCED_FACE ( 'NONE', ( #1140 ), #1674, .T. ) ;
#198 = CARTESIAN_POINT ( 'NONE',  ( 5.245190528383274930, -1.500000000000000000, -9.084936490538931153 ) ) ;
#199 = ORIENTED_EDGE ( 'NONE', *, *, #1101, .F. ) ;
#200 = FACE_OUTER_BOUND ( 'NONE', #602, .T. ) ;
#201 = ORIENTED_EDGE ( 'NONE', *, *, #1564, .F. ) ;
#202 = CARTESIAN_POINT ( 'NONE',  ( -23.70253515456301585, 1.500000000000000000, 2.532623792124923945 ) ) ;
#203 = EDGE_CURVE ( 'NONE', #1629, #544, #1301, .T. ) ;
#204 = CARTESIAN_POINT ( 'NONE',  ( 6.809785048659601436, 1.500000000000000000, 2.948723423225317219 ) ) ;
#205 = ORIENTED_EDGE ( 'NONE', *, *, #143, .T. ) ;
#206 = PRESENTATION_STYLE_ASSIGNMENT (( #459 ) ) ;
#207 = ORIENTED_EDGE ( 'NONE', *, *, #1233, .T. ) ;
#208 = CARTESIAN_POINT ( 'NONE',  ( 17.90063509461088032, 1.500000000000000000, -32.39519052838336677 ) ) ;
#209 = DIRECTION ( 'NONE',  ( 0.000000000000000000, 0.000000000000000000, 1.000000000000000000 ) ) ;
#210 = CARTESIAN_POINT ( 'NONE',  ( -16.75000000000000000, 1.500000000000000000, 12.52457514062632704 ) ) ;
#211 = EDGE_CURVE ( 'NONE', #1622, #554, #1416, .T. ) ;
#212 = LINE ( 'NONE', #987, #1339 ) ;
#213 = CARTESIAN_POINT ( 'NONE',  ( 0.4566640776062780294, -1.500000000000000000, 28.94537948745913525 ) ) ;
#214 = ORIENTED_EDGE ( 'NONE', *, *, #1004, .T. ) ;
#215 = CARTESIAN_POINT ( 'NONE',  ( 8.439833588694011013, 1.500000000000000000, -5.219782517540081379 ) ) ;
#216 = VECTOR ( 'NONE', #668, 1000.000000000000000 ) ;
#217 = ORIENTED_EDGE ( 'NONE', *, *, #684, .T. ) ;
#218 = DIRECTION ( 'NONE',  ( -0.000000000000000000, -1.000000000000000000, -0.000000000000000000 ) ) ;
#219 = CYLINDRICAL_SURFACE ( 'NONE', #1475, 1.750000000000001554 ) ;
#220 = VECTOR ( 'NONE', #1377, 1000.000000000000000 ) ;
#221 = CIRCLE ( 'NONE', #1677, 1.750000000000001554 ) ;
#222 = FACE_OUTER_BOUND ( 'NONE', #903, .T. ) ;
#223 = CARTESIAN_POINT ( 'NONE',  ( -22.13728757031316263, -1.500000000000000000, 0.000000000000000000 ) ) ;
#224 = DIRECTION ( 'NONE',  ( 0.000000000000000000, -1.000000000000000000, -0.000000000000000000 ) ) ;
#225 = VERTEX_POINT ( 'NONE', #639 ) ;
#226 = DIRECTION ( 'NONE',  ( 0.3973597071195114627, 0.000000000000000000, -0.9176629354822477547 ) ) ;
#227 = EDGE_CURVE ( 'NONE', #864, #228, #541, .T. ) ;
#228 = VERTEX_POINT ( 'NONE', #880 ) ;
#229 = PLANE ( 'NONE',  #50 ) ;
#230 = VERTEX_POINT ( 'NONE', #510 ) ;
#231 = DIRECTION ( 'NONE',  ( 0.000000000000000000, 0.000000000000000000, 1.000000000000000000 ) ) ;
#232 = DIRECTION ( 'NONE',  ( -0.8660254037844399289, 0.000000000000000000, -0.4999999999999977796 ) ) ;
#233 = ORIENTED_EDGE ( 'NONE', *, *, #1666, .T. ) ;
#234 = DIRECTION ( 'NONE',  ( 0.000000000000000000, -1.000000000000000000, -0.000000000000000000 ) ) ;
#235 = EDGE_CURVE ( 'NONE', #1206, #1565, #654, .T. ) ;
#236 = ORIENTED_EDGE ( 'NONE', *, *, #1427, .T. ) ;
#237 = DIRECTION ( 'NONE',  ( 0.000000000000000000, 0.000000000000000000, 1.000000000000000000 ) ) ;
#238 = CARTESIAN_POINT ( 'NONE',  ( 7.745190528383267825, -1.500000000000000000, -13.41506350946113635 ) ) ;
#239 = LINE ( 'NONE', #1134, #1145 ) ;
#240 = DIRECTION ( 'NONE',  ( 1.000000000000000000, 0.000000000000000000, 0.000000000000000000 ) ) ;
#241 = DIRECTION ( 'NONE',  ( -0.8660254037844375974, -0.000000000000000000, 0.5000000000000016653 ) ) ;
#242 = AXIS2_PLACEMENT_3D ( 'NONE', #1349, #17, #697 ) ;
#243 = ORIENTED_EDGE ( 'NONE', *, *, #722, .T. ) ;
#244 = FACE_OUTER_BOUND ( 'NONE', #1590, .T. ) ;
#245 = AXIS2_PLACEMENT_3D ( 'NONE', #312, #1373, #1649 ) ;
#246 = CIRCLE ( 'NONE', #546, 1.749999999999999778 ) ;
#247 = DIRECTION ( 'NONE',  ( 0.000000000000000000, -1.000000000000000000, -0.000000000000000000 ) ) ;
#248 = EDGE_CURVE ( 'NONE', #1670, #599, #765, .T. ) ;
#249 = VECTOR ( 'NONE', #1207, 1000.000000000000000 ) ;
#250 = FACE_OUTER_BOUND ( 'NONE', #1284, .T. ) ;
#251 = CARTESIAN_POINT ( 'NONE',  ( -5.000000000000000888, 1.500000000000000000, -7.499999999999999112 ) ) ;
#252 = VERTEX_POINT ( 'NONE', #1547 ) ;
#253 = CARTESIAN_POINT ( 'NONE',  ( -25.00000000000000000, 1.500000000000000000, -9.099999999999997868 ) ) ;
#254 = UNCERTAINTY_MEASURE_WITH_UNIT (LENGTH_MEASURE( 1.000000000000000082E-05 ), #1630, 'distance_accuracy_value', 'NONE');
#255 = CARTESIAN_POINT ( 'NONE',  ( 5.245190528383274930, -1.500000000000000000, -9.084936490538931153 ) ) ;
#256 = EDGE_CURVE ( 'NONE', #1594, #1243, #888, .T. ) ;
#257 = CARTESIAN_POINT ( 'NONE',  ( 17.33896611825060674, 1.500000000000000000, -21.36737867627352827 ) ) ;
#258 = DIRECTION ( 'NONE',  ( 0.000000000000000000, 1.000000000000000000, 0.000000000000000000 ) ) ;
#259 = VERTEX_POINT ( 'NONE', #1148 ) ;
#260 = DIRECTION ( 'NONE',  ( 0.000000000000000000, 1.000000000000000000, 0.000000000000000000 ) ) ;
#261 = VERTEX_POINT ( 'NONE', #1287 ) ;
#262 = CARTESIAN_POINT ( 'NONE',  ( -30.00000000000000000, 1.500000000000000000, -0.4131189606246223889 ) ) ;
#263 = EDGE_CURVE ( 'NONE', #1325, #424, #904, .T. ) ;
#264 = ORIENTED_EDGE ( 'NONE', *, *, #1253, .F. ) ;
#265 = FACE_BOUND ( 'NONE', #1128, .T. ) ;
#266 = EDGE_CURVE ( 'NONE', #995, #137, #453, .T. ) ;
#267 = DIRECTION ( 'NONE',  ( 0.4472135954999575946, -0.000000000000000000, 0.8944271909999160775 ) ) ;
#268 = EDGE_CURVE ( 'NONE', #1522, #259, #1609, .T. ) ;
#269 = VERTEX_POINT ( 'NONE', #388 ) ;
#270 = CARTESIAN_POINT ( 'NONE',  ( 5.124999999999989342, 1.500000000000000000, -14.92783121635132204 ) ) ;
#271 = VECTOR ( 'NONE', #778, 1000.000000000000000 ) ;
#272 = CIRCLE ( 'NONE', #245, 1.749999999999999778 ) ;
#273 = EDGE_LOOP ( 'NONE', ( #1470, #1479 ) ) ;
#274 = CARTESIAN_POINT ( 'NONE',  ( 17.84021765691029415, 1.500000000000000000, -40.59983660014386686 ) ) ;
#275 = AXIS2_PLACEMENT_3D ( 'NONE', #1306, #258, #1436 ) ;
#276 = AXIS2_PLACEMENT_3D ( 'NONE', #861, #870, #1150 ) ;
#277 = DIRECTION ( 'NONE',  ( 0.8660254037844399289, 0.000000000000000000, 0.4999999999999978351 ) ) ;
#278 = PRODUCT ( 'bottom palte_1', 'bottom palte_1', '', ( #1151 ) ) ;
#279 = ORIENTED_EDGE ( 'NONE', *, *, #126, .T. ) ;
#280 = CARTESIAN_POINT ( 'NONE',  ( 17.90063509461088032, 1.500000000000000000, -35.59519052838336250 ) ) ;
#281 = EDGE_CURVE ( 'NONE', #864, #1594, #1426, .T. ) ;
#282 = EDGE_LOOP ( 'NONE', ( #431, #862, #1614, #295 ) ) ;
#283 = EDGE_LOOP ( 'NONE', ( #719, #37, #514, #303, #482, #1217, #341 ) ) ;
#284 = CARTESIAN_POINT ( 'NONE',  ( 2.624999999999994671, 1.500000000000000000, -10.59770419742911507 ) ) ;
#285 = DIRECTION ( 'NONE',  ( 0.000000000000000000, -1.000000000000000000, 0.000000000000000000 ) ) ;
#286 = EDGE_CURVE ( 'NONE', #1356, #662, #786, .T. ) ;
#287 = ORIENTED_EDGE ( 'NONE', *, *, #1463, .T. ) ;
#288 = DIRECTION ( 'NONE',  ( 0.000000000000000000, 0.000000000000000000, -1.000000000000000000 ) ) ;
#289 = EDGE_LOOP ( 'NONE', ( #671, #1013, #311, #186 ) ) ;
#290 = ORIENTED_EDGE ( 'NONE', *, *, #1620, .T. ) ;
#291 = FACE_BOUND ( 'NONE', #94, .T. ) ;
#292 = DIRECTION ( 'NONE',  ( 0.000000000000000000, -1.000000000000000000, 0.000000000000000000 ) ) ;
#293 = ORIENTED_EDGE ( 'NONE', *, *, #684, .F. ) ;
#294 = CARTESIAN_POINT ( 'NONE',  ( 18.48076211353305709, 1.500000000000000000, -42.99038105676664401 ) ) ;
#295 = ORIENTED_EDGE ( 'NONE', *, *, #673, .F. ) ;
#296 = AXIS2_PLACEMENT_3D ( 'NONE', #187, #714, #593 ) ;
#297 = ORIENTED_EDGE ( 'NONE', *, *, #1015, .T. ) ;
#298 = CARTESIAN_POINT ( 'NONE',  ( -5.000000000000000888, 1.500000000000000000, -5.899999999999998579 ) ) ;
#299 = ADVANCED_FACE ( 'NONE', ( #1039 ), #44, .F. ) ;
#300 = AXIS2_PLACEMENT_3D ( 'NONE', #198, #68, #175 ) ;
#301 = FACE_BOUND ( 'NONE', #781, .T. ) ;
#302 = AXIS2_PLACEMENT_3D ( 'NONE', #622, #343, #351 ) ;
#303 = ORIENTED_EDGE ( 'NONE', *, *, #832, .T. ) ;
#304 = LINE ( 'NONE', #534, #1391 ) ;
#305 = VERTEX_POINT ( 'NONE', #816 ) ;
#306 = CARTESIAN_POINT ( 'NONE',  ( -5.000000000000000888, -1.500000000000000000, -5.899999999999998579 ) ) ;
#307 = VERTEX_POINT ( 'NONE', #663 ) ;
#308 = LINE ( 'NONE', #1130, #1094 ) ;
#309 = EDGE_CURVE ( 'NONE', #1087, #1670, #1583, .T. ) ;
#310 = DIRECTION ( 'NONE',  ( 0.000000000000000000, 1.000000000000000000, 0.000000000000000000 ) ) ;
#311 = ORIENTED_EDGE ( 'NONE', *, *, #102, .F. ) ;
#312 = CARTESIAN_POINT ( 'NONE',  ( 1.750000000000000000, -1.500000000000000000, -9.082159740806346804 ) ) ;
#313 = EDGE_LOOP ( 'NONE', ( #1374, #741, #1318, #1661 ) ) ;
#314 = DIRECTION ( 'NONE',  ( 0.000000000000000000, 1.000000000000000000, 0.000000000000000000 ) ) ;
#315 = ORIENTED_EDGE ( 'NONE', *, *, #1573, .T. ) ;
#316 = FACE_OUTER_BOUND ( 'NONE', #779, .T. ) ;
#317 = PRODUCT_DEFINITION ( 'UNKNOWN', '', #332, #1311 ) ;
#318 = EDGE_LOOP ( 'NONE', ( #287, #1270 ) ) ;
#319 = LINE ( 'NONE', #718, #1031 ) ;
#320 = EDGE_CURVE ( 'NONE', #574, #1688, #564, .T. ) ;
#321 = ORIENTED_EDGE ( 'NONE', *, *, #1695, .F. ) ;
#322 = CARTESIAN_POINT ( 'NONE',  ( -7.500000000000043521, 1.500000000000000000, 23.40000000000000213 ) ) ;
#323 = DIRECTION ( 'NONE',  ( 0.000000000000000000, -1.000000000000000000, 0.000000000000000000 ) ) ;
#324 = CYLINDRICAL_SURFACE ( 'NONE', #518, 1.750000000000001554 ) ;
#325 = CIRCLE ( 'NONE', #545, 1.749999999999999778 ) ;
#326 = VERTEX_POINT ( 'NONE', #306 ) ;
#327 =( NAMED_UNIT ( * ) SI_UNIT ( $, .STERADIAN. ) SOLID_ANGLE_UNIT ( ) );
#328 = AXIS2_PLACEMENT_3D ( 'NONE', #539, #1316, #940 ) ;
#329 = ADVANCED_FACE ( 'NONE', ( #828 ), #1348, .F. ) ;
#330 = ORIENTED_EDGE ( 'NONE', *, *, #340, .F. ) ;
#331 = LINE ( 'NONE', #1616, #813 ) ;
#332 = PRODUCT_DEFINITION_FORMATION_WITH_SPECIFIED_SOURCE ( 'ANY', '', #278, .NOT_KNOWN. ) ;
#333 = DIRECTION ( 'NONE',  ( -0.000000000000000000, 1.000000000000000000, 0.000000000000000000 ) ) ;
#334 = DIRECTION ( 'NONE',  ( 0.3973597071195114627, 0.000000000000000000, -0.9176629354822478657 ) ) ;
#335 = EDGE_LOOP ( 'NONE', ( #669, #25 ) ) ;
#336 = FACE_OUTER_BOUND ( 'NONE', #444, .T. ) ;
#337 = ORIENTED_EDGE ( 'NONE', *, *, #884, .F. ) ;
#338 = FACE_OUTER_BOUND ( 'NONE', #1053, .T. ) ;
#339 = DIRECTION ( 'NONE',  ( 0.000000000000000000, 0.000000000000000000, -1.000000000000000000 ) ) ;
#340 = EDGE_CURVE ( 'NONE', #1156, #155, #678, .T. ) ;
#341 = ORIENTED_EDGE ( 'NONE', *, *, #20, .T. ) ;
#342 = DIRECTION ( 'NONE',  ( 0.000000000000000000, 0.000000000000000000, -1.000000000000000000 ) ) ;
#343 = DIRECTION ( 'NONE',  ( 0.000000000000000000, 1.000000000000000000, 0.000000000000000000 ) ) ;
#344 = ORIENTED_EDGE ( 'NONE', *, *, #601, .F. ) ;
#345 = DIRECTION ( 'NONE',  ( 0.000000000000000000, 0.000000000000000000, 1.000000000000000000 ) ) ;
#346 = VERTEX_POINT ( 'NONE', #581 ) ;
#347 = DIRECTION ( 'NONE',  ( -0.000000000000000000, 1.000000000000000000, 0.000000000000000000 ) ) ;
#348 = CARTESIAN_POINT ( 'NONE',  ( -19.97507764050038759, 1.500000000000000000, 9.987538820250186689 ) ) ;
#349 = DIRECTION ( 'NONE',  ( 0.000000000000000000, 0.000000000000000000, 1.000000000000000000 ) ) ;
#350 = ADVANCED_FACE ( 'NONE', ( #1375 ), #470, .F. ) ;
#351 = DIRECTION ( 'NONE',  ( 0.000000000000000000, 0.000000000000000000, 1.000000000000000000 ) ) ;
#352 = CARTESIAN_POINT ( 'NONE',  ( 0.000000000000000000, -1.500000000000000000, 10.22972637552514463 ) ) ;
#353 = CIRCLE ( 'NONE', #1002, 1.750000000000001554 ) ;
#354 = VERTEX_POINT ( 'NONE', #1221 ) ;
#355 = VECTOR ( 'NONE', #746, 1000.000000000000000 ) ;
#356 = DIRECTION ( 'NONE',  ( 0.000000000000000000, 0.000000000000000000, -1.000000000000000000 ) ) ;
#357 = AXIS2_PLACEMENT_3D ( 'NONE', #935, #1595, #288 ) ;
#358 = ORIENTED_EDGE ( 'NONE', *, *, #102, .T. ) ;
#359 = CARTESIAN_POINT ( 'NONE',  ( 0.4566640776062780294, 1.500000000000000000, 28.94537948745913525 ) ) ;
#360 = DIRECTION ( 'NONE',  ( 0.000000000000000000, -1.000000000000000000, 0.000000000000000000 ) ) ;
#361 = EDGE_LOOP ( 'NONE', ( #968, #527, #1482, #984 ) ) ;
#362 = DIRECTION ( 'NONE',  ( -1.000000000000000000, 0.000000000000000000, 0.000000000000000000 ) ) ;
#363 = VECTOR ( 'NONE', #97, 1000.000000000000000 ) ;
#364 = CYLINDRICAL_SURFACE ( 'NONE', #848, 1.600000000000000755 ) ;
#365 = EDGE_CURVE ( 'NONE', #617, #1399, #1481, .T. ) ;
#366 = ORIENTED_EDGE ( 'NONE', *, *, #1036, .F. ) ;
#367 = DIRECTION ( 'NONE',  ( 0.000000000000000000, -1.000000000000000000, 0.000000000000000000 ) ) ;
#368 = ORIENTED_EDGE ( 'NONE', *, *, #956, .T. ) ;
#369 = DIRECTION ( 'NONE',  ( -0.000000000000000000, 1.000000000000000000, 0.000000000000000000 ) ) ;
#370 = CARTESIAN_POINT ( 'NONE',  ( 19.35576211353306419, 1.500000000000000000, -41.47483660014387397 ) ) ;
#371 = CARTESIAN_POINT ( 'NONE',  ( -28.24999999999999289, -1.500000000000000000, -13.98963702891815153 ) ) ;
#372 = DIRECTION ( 'NONE',  ( 9.912705577010326536E-16, 0.000000000000000000, -1.000000000000000000 ) ) ;
#373 = EDGE_CURVE ( 'NONE', #599, #574, #594, .T. ) ;
#374 = VERTEX_POINT ( 'NONE', #56 ) ;
#375 = LINE ( 'NONE', #1662, #49 ) ;
#376 = EDGE_CURVE ( 'NONE', #1138, #807, #896, .T. ) ;
#377 = VERTEX_POINT ( 'NONE', #322 ) ;
#378 = DIRECTION ( 'NONE',  ( 0.000000000000000000, 0.000000000000000000, -1.000000000000000000 ) ) ;
#379 = PLANE ( 'NONE',  #276 ) ;
#380 = FACE_OUTER_BOUND ( 'NONE', #1494, .T. ) ;
#381 = AXIS2_PLACEMENT_3D ( 'NONE', #1001, #582, #1106 ) ;
#382 = CIRCLE ( 'NONE', #296, 1.599999999999999867 ) ;
#383 = VERTEX_POINT ( 'NONE', #1490 ) ;
#384 = DIRECTION ( 'NONE',  ( 0.000000000000000000, 0.000000000000000000, -1.000000000000000000 ) ) ;
#385 = AXIS2_PLACEMENT_3D ( 'NONE', #1588, #416, #826 ) ;
#386 = EDGE_CURVE ( 'NONE', #490, #305, #1275, .T. ) ;
#387 = CIRCLE ( 'NONE', #978, 1.749999999999999778 ) ;
#388 = CARTESIAN_POINT ( 'NONE',  ( -25.00000000000000000, 1.500000000000000000, -5.899999999999995914 ) ) ;
#389 = AXIS2_PLACEMENT_3D ( 'NONE', #1634, #182, #958 ) ;
#390 = FACE_BOUND ( 'NONE', #318, .T. ) ;
#391 = LINE ( 'NONE', #1429, #142 ) ;
#392 = ORIENTED_EDGE ( 'NONE', *, *, #414, .T. ) ;
#393 = CARTESIAN_POINT ( 'NONE',  ( -7.500000000000040856, 1.500000000000000000, 5.000000000000000888 ) ) ;
#394 = ORIENTED_EDGE ( 'NONE', *, *, #608, .F. ) ;
#395 = CYLINDRICAL_SURFACE ( 'NONE', #1589, 1.599999999999999867 ) ;
#396 = DIRECTION ( 'NONE',  ( -0.000000000000000000, -1.000000000000000000, -0.000000000000000000 ) ) ;
#397 = VERTEX_POINT ( 'NONE', #202 ) ;
#398 = DIRECTION ( 'NONE',  ( -0.000000000000000000, 1.000000000000000000, 0.000000000000000000 ) ) ;
#399 = CARTESIAN_POINT ( 'NONE',  ( 1.749999999999999778, -1.500000000000000000, 10.22972637552514463 ) ) ;
#400 = ORIENTED_EDGE ( 'NONE', *, *, #309, .T. ) ;
#401 = DIRECTION ( 'NONE',  ( -0.8944271909999159664, 0.000000000000000000, 0.4472135954999577057 ) ) ;
#402 = EDGE_CURVE ( 'NONE', #1345, #54, #1105, .T. ) ;
#403 = CARTESIAN_POINT ( 'NONE',  ( 0.5801270189221621187, -1.500000000000000000, -25.59519052838326658 ) ) ;
#404 = ORIENTED_EDGE ( 'NONE', *, *, #448, .T. ) ;
#405 = CLOSED_SHELL ( 'NONE', ( #633, #1295, #785, #329, #692, #1310, #1408, #299, #472, #1517, #1626, #1263, #1508, #1353, #583, #775, #798, #350, #156, #1330, #589, #553, #1435, #986, #1485, #1550, #1492, #1355, #905, #1288, #914, #11, #197, #1526, #116, #23, #912, #766, #1534, #1396, #1276, #1350, #1650, #1664, #1182, #103, #571, #983, #1058 ) ) ;
#406 = CARTESIAN_POINT ( 'NONE',  ( -7.500000000000040856, -1.500000000000000000, 5.000000000000000888 ) ) ;
#407 = ORIENTED_EDGE ( 'NONE', *, *, #1601, .T. ) ;
#408 = CIRCLE ( 'NONE', #489, 1.749999999999999778 ) ;
#409 = EDGE_LOOP ( 'NONE', ( #1489, #675 ) ) ;
#410 = FACE_BOUND ( 'NONE', #283, .T. ) ;
#411 = VECTOR ( 'NONE', #947, 1000.000000000000000 ) ;
#412 = AXIS2_PLACEMENT_3D ( 'NONE', #1040, #1303, #18 ) ;
#413 = CARTESIAN_POINT ( 'NONE',  ( -5.000000000000000888, 1.500000000000000000, -9.099999999999997868 ) ) ;
#414 = EDGE_CURVE ( 'NONE', #569, #269, #1698, .T. ) ;
#415 = ORIENTED_EDGE ( 'NONE', *, *, #832, .F. ) ;
#416 = DIRECTION ( 'NONE',  ( 0.000000000000000000, -1.000000000000000000, -0.000000000000000000 ) ) ;
#417 = VERTEX_POINT ( 'NONE', #196 ) ;
#418 = ORIENTED_EDGE ( 'NONE', *, *, #1627, .F. ) ;
#419 = FACE_BOUND ( 'NONE', #1188, .T. ) ;
#420 = FACE_OUTER_BOUND ( 'NONE', #1103, .T. ) ;
#421 = EDGE_LOOP ( 'NONE', ( #981, #1178, #153, #207 ) ) ;
#422 = DIRECTION ( 'NONE',  ( 0.000000000000000000, 0.000000000000000000, -1.000000000000000000 ) ) ;
#423 = EDGE_CURVE ( 'NONE', #1170, #599, #1255, .T. ) ;
#424 = VERTEX_POINT ( 'NONE', #1230 ) ;
#425 = CARTESIAN_POINT ( 'NONE',  ( 0.000000000000000000, -1.500000000000000000, 0.000000000000000000 ) ) ;
#426 = LINE ( 'NONE', #432, #249 ) ;
#427 = DIRECTION ( 'NONE',  ( 0.000000000000000000, 1.000000000000000000, 0.000000000000000000 ) ) ;
#428 = ORIENTED_EDGE ( 'NONE', *, *, #211, .T. ) ;
#429 = CARTESIAN_POINT ( 'NONE',  ( -1.149246059487656568, 1.500000000000000000, 30.00000000000000355 ) ) ;
#430 = EDGE_CURVE ( 'NONE', #269, #662, #331, .T. ) ;
#431 = ORIENTED_EDGE ( 'NONE', *, *, #820, .F. ) ;
#432 = CARTESIAN_POINT ( 'NONE',  ( 0.5801270189221621187, 1.500000000000000000, -25.59519052838326658 ) ) ;
#433 = VECTOR ( 'NONE', #1692, 1000.000000000000000 ) ;
#434 = FACE_BOUND ( 'NONE', #1257, .T. ) ;
#435 = AXIS2_PLACEMENT_3D ( 'NONE', #1289, #1518, #96 ) ;
#436 = ORIENTED_EDGE ( 'NONE', *, *, #1604, .F. ) ;
#437 = DIRECTION ( 'NONE',  ( -0.9176629354822478657, 0.000000000000000000, -0.3973597071195114627 ) ) ;
#438 = DIRECTION ( 'NONE',  ( 0.000000000000000000, 0.000000000000000000, 1.000000000000000000 ) ) ;
#439 = CARTESIAN_POINT ( 'NONE',  ( 5.124999999999989342, -1.500000000000000000, -14.92783121635132204 ) ) ;
#440 = EDGE_CURVE ( 'NONE', #54, #554, #835, .T. ) ;
#441 = CARTESIAN_POINT ( 'NONE',  ( 15.73305598115667259, -1.500000000000000000, -22.06275816373266707 ) ) ;
#442 = ORIENTED_EDGE ( 'NONE', *, *, #483, .T. ) ;
#443 = FILL_AREA_STYLE_COLOUR ( '', #140 ) ;
#444 = EDGE_LOOP ( 'NONE', ( #796, #557, #1321, #1312 ) ) ;
#445 = DIRECTION ( 'NONE',  ( 0.5000000000000016653, -0.000000000000000000, 0.8660254037844377084 ) ) ;
#446 = LINE ( 'NONE', #66, #1636 ) ;
#447 = PLANE ( 'NONE',  #84 ) ;
#448 = EDGE_CURVE ( 'NONE', #230, #1637, #382, .T. ) ;
#449 = VERTEX_POINT ( 'NONE', #65 ) ;
#450 = ORIENTED_EDGE ( 'NONE', *, *, #498, .F. ) ;
#451 = CARTESIAN_POINT ( 'NONE',  ( -16.75000000000000000, 1.500000000000000000, 1.750000000000000000 ) ) ;
#452 = FACE_OUTER_BOUND ( 'NONE', #51, .T. ) ;
#453 = CIRCLE ( 'NONE', #1580, 1.750000000000001554 ) ;
#454 = EDGE_CURVE ( 'NONE', #800, #113, #1380, .T. ) ;
#455 = LINE ( 'NONE', #979, #551 ) ;
#456 = SHAPE_DEFINITION_REPRESENTATION ( #837, #1332 ) ;
#457 = CIRCLE ( 'NONE', #709, 1.599999999999997202 ) ;
#458 = ORIENTED_EDGE ( 'NONE', *, *, #67, .F. ) ;
#459 = SURFACE_STYLE_USAGE ( .BOTH. , #989 ) ;
#460 = EDGE_CURVE ( 'NONE', #1325, #1033, #1246, .T. ) ;
#461 = AXIS2_PLACEMENT_3D ( 'NONE', #575, #858, #821 ) ;
#462 = VERTEX_POINT ( 'NONE', #1507 ) ;
#463 = DIRECTION ( 'NONE',  ( 0.8660254037844377084, 0.000000000000000000, -0.5000000000000016653 ) ) ;
#464 = DIRECTION ( 'NONE',  ( -9.912705577010316675E-16, 0.000000000000000000, -1.000000000000000000 ) ) ;
#465 = DIRECTION ( 'NONE',  ( 0.000000000000000000, 0.000000000000000000, -1.000000000000000000 ) ) ;
#466 = DIRECTION ( 'NONE',  ( 0.000000000000000000, -1.000000000000000000, 0.000000000000000000 ) ) ;
#467 = ORIENTED_EDGE ( 'NONE', *, *, #376, .T. ) ;
#468 = DIRECTION ( 'NONE',  ( 0.4472135954999575946, -0.000000000000000000, 0.8944271909999160775 ) ) ;
#469 = ORIENTED_EDGE ( 'NONE', *, *, #715, .F. ) ;
#470 = PLANE ( 'NONE',  #706 ) ;
#471 = CARTESIAN_POINT ( 'NONE',  ( -5.000000000000000888, 1.500000000000000000, -9.099999999999997868 ) ) ;
#472 = ADVANCED_FACE ( 'NONE', ( #338 ), #878, .F. ) ;
#473 = VERTEX_POINT ( 'NONE', #480 ) ;
#474 = CARTESIAN_POINT ( 'NONE',  ( 17.84021765691029415, 1.500000000000000000, -40.59983660014386686 ) ) ;
#475 = DIRECTION ( 'NONE',  ( -0.000000000000000000, 1.000000000000000000, -0.000000000000000000 ) ) ;
#476 = DIRECTION ( 'NONE',  ( 0.000000000000000000, 0.000000000000000000, 1.000000000000000000 ) ) ;
#477 = ORIENTED_EDGE ( 'NONE', *, *, #1383, .F. ) ;
#478 = DIRECTION ( 'NONE',  ( 0.000000000000000000, 0.000000000000000000, 1.000000000000000000 ) ) ;
#479 = VERTEX_POINT ( 'NONE', #491 ) ;
#480 = CARTESIAN_POINT ( 'NONE',  ( -18.31524758424985322, -1.500000000000000000, 13.30719893275125365 ) ) ;
#481 = CARTESIAN_POINT ( 'NONE',  ( 9.314833588694007460, -1.500000000000000000, -6.735326974162850533 ) ) ;
#482 = ORIENTED_EDGE ( 'NONE', *, *, #1152, .T. ) ;
#483 = EDGE_CURVE ( 'NONE', #259, #1704, #1406, .T. ) ;
#484 = DIRECTION ( 'NONE',  ( 0.000000000000000000, 0.000000000000000000, -1.000000000000000000 ) ) ;
#485 = CARTESIAN_POINT ( 'NONE',  ( 0.000000000000000000, 0.000000000000000000, 0.000000000000000000 ) ) ;
#486 = CIRCLE ( 'NONE', #381, 1.599999999999997202 ) ;
#487 = ORIENTED_EDGE ( 'NONE', *, *, #376, .F. ) ;
#488 = CARTESIAN_POINT ( 'NONE',  ( 3.355910137093933709, -1.500000000000000000, 10.92510586298428876 ) ) ;
#489 = AXIS2_PLACEMENT_3D ( 'NONE', #503, #369, #1538 ) ;
#490 = VERTEX_POINT ( 'NONE', #901 ) ;
#491 = CARTESIAN_POINT ( 'NONE',  ( 10.96483358869400426, 1.500000000000000000, -11.55620172189623318 ) ) ;
#492 = AXIS2_PLACEMENT_3D ( 'NONE', #1681, #1669, #99 ) ;
#493 = AXIS2_PLACEMENT_3D ( 'NONE', #46, #558, #209 ) ;
#494 = ORIENTED_EDGE ( 'NONE', *, *, #1685, .T. ) ;
#495 = CARTESIAN_POINT ( 'NONE',  ( 6.809785048659601436, -1.500000000000000000, 2.948723423225317219 ) ) ;
#496 = CYLINDRICAL_SURFACE ( 'NONE', #1281, 1.750000000000000000 ) ;
#497 = LINE ( 'NONE', #352, #1037 ) ;
#498 = EDGE_CURVE ( 'NONE', #615, #1044, #1034, .T. ) ;
#499 = VERTEX_POINT ( 'NONE', #1694 ) ;
#500 = CARTESIAN_POINT ( 'NONE',  ( 2.624999999999994671, -1.500000000000000000, -10.59770419742911507 ) ) ;
#501 = EDGE_CURVE ( 'NONE', #397, #13, #573, .T. ) ;
#502 = ORIENTED_EDGE ( 'NONE', *, *, #1487, .F. ) ;
#503 = CARTESIAN_POINT ( 'NONE',  ( -16.75000000000000000, -1.500000000000000000, 12.52457514062632704 ) ) ;
#504 = CARTESIAN_POINT ( 'NONE',  ( -13.91844051968769946, -1.500000000000000000, 28.25000000000000355 ) ) ;
#505 = CARTESIAN_POINT ( 'NONE',  ( 3.355910137093932821, 1.500000000000000000, 10.92510586298429232 ) ) ;
#506 = CARTESIAN_POINT ( 'NONE',  ( 0.000000000000000000, -1.500000000000000000, 10.22972637552514463 ) ) ;
#507 = EDGE_CURVE ( 'NONE', #1565, #656, #101, .T. ) ;
#508 = ORIENTED_EDGE ( 'NONE', *, *, #1232, .T. ) ;
#509 = DIRECTION ( 'NONE',  ( -0.000000000000000000, -1.000000000000000000, -0.000000000000000000 ) ) ;
#510 = CARTESIAN_POINT ( 'NONE',  ( -5.000000000000000888, 1.500000000000000000, -5.899999999999998579 ) ) ;
#511 = CARTESIAN_POINT ( 'NONE',  ( 11.83983358869399716, -1.500000000000000000, -13.07174617851899967 ) ) ;
#512 = DIRECTION ( 'NONE',  ( 0.000000000000000000, 0.000000000000000000, -1.000000000000000000 ) ) ;
#513 = VECTOR ( 'NONE', #138, 1000.000000000000000 ) ;
#514 = ORIENTED_EDGE ( 'NONE', *, *, #1364, .T. ) ;
#515 = CARTESIAN_POINT ( 'NONE',  ( -7.500000000000043521, -1.500000000000000000, 25.00000000000000000 ) ) ;
#516 = AXIS2_PLACEMENT_3D ( 'NONE', #542, #1052, #34 ) ;
#517 = ORIENTED_EDGE ( 'NONE', *, *, #1004, .F. ) ;
#518 = AXIS2_PLACEMENT_3D ( 'NONE', #441, #310, #847 ) ;
#519 = CARTESIAN_POINT ( 'NONE',  ( 1.749999999999999778, 1.500000000000000000, 10.22972637552514463 ) ) ;
#520 = AXIS2_PLACEMENT_3D ( 'NONE', #740, #731, #484 ) ;
#521 = EDGE_CURVE ( 'NONE', #377, #1080, #909, .T. ) ;
#522 = CIRCLE ( 'NONE', #146, 1.749999999999999778 ) ;
#523 = DIRECTION ( 'NONE',  ( -0.000000000000000000, -1.000000000000000000, -0.000000000000000000 ) ) ;
#524 = CARTESIAN_POINT ( 'NONE',  ( 17.90063509461088032, -1.500000000000000000, -33.99519052838336819 ) ) ;
#525 = ORIENTED_EDGE ( 'NONE', *, *, #619, .F. ) ;
#526 = DIRECTION ( 'NONE',  ( 0.000000000000000000, 1.000000000000000000, 0.000000000000000000 ) ) ;
#527 = ORIENTED_EDGE ( 'NONE', *, *, #1564, .T. ) ;
#528 = CARTESIAN_POINT ( 'NONE',  ( -15.00000000000000000, -1.500000000000000000, 0.000000000000000000 ) ) ;
#529 = EDGE_CURVE ( 'NONE', #225, #374, #375, .T. ) ;
#530 = ORIENTED_EDGE ( 'NONE', *, *, #365, .T. ) ;
#531 = FACE_BOUND ( 'NONE', #1587, .T. ) ;
#532 = CARTESIAN_POINT ( 'NONE',  ( -29.12499999999999645, -1.500000000000000000, -15.50518148554091802 ) ) ;
#533 = ORIENTED_EDGE ( 'NONE', *, *, #57, .T. ) ;
#534 = CARTESIAN_POINT ( 'NONE',  ( -18.31524758424985322, -1.500000000000000000, 13.30719893275125365 ) ) ;
#535 = ORIENTED_EDGE ( 'NONE', *, *, #1640, .T. ) ;
#536 = ORIENTED_EDGE ( 'NONE', *, *, #1015, .F. ) ;
#537 = EDGE_CURVE ( 'NONE', #113, #1080, #1495, .T. ) ;
#538 = FACE_BOUND ( 'NONE', #273, .T. ) ;
#539 = CARTESIAN_POINT ( 'NONE',  ( -25.00000000000000000, -1.500000000000000000, -7.499999999999997335 ) ) ;
#540 = ORIENTED_EDGE ( 'NONE', *, *, #1575, .T. ) ;
#541 = CIRCLE ( 'NONE', #755, 1.749999999999999778 ) ;
#542 = CARTESIAN_POINT ( 'NONE',  ( -7.500000000000040856, 1.500000000000000000, 5.000000000000000888 ) ) ;
#543 = CIRCLE ( 'NONE', #190, 1.750000000000001554 ) ;
#544 = VERTEX_POINT ( 'NONE', #1285 ) ;
#545 = AXIS2_PLACEMENT_3D ( 'NONE', #840, #1110, #1362 ) ;
#546 = AXIS2_PLACEMENT_3D ( 'NONE', #167, #802, #1324 ) ;
#547 = DIRECTION ( 'NONE',  ( -1.000000000000000000, 0.000000000000000000, 0.000000000000000000 ) ) ;
#548 = CARTESIAN_POINT ( 'NONE',  ( 17.84021765691029415, 1.500000000000000000, -42.34983660014386686 ) ) ;
#549 = AXIS2_PLACEMENT_3D ( 'NONE', #1532, #1656, #232 ) ;
#550 = EDGE_CURVE ( 'NONE', #807, #1325, #1271, .T. ) ;
#551 = VECTOR ( 'NONE', #831, 1000.000000000000000 ) ;
#552 = CARTESIAN_POINT ( 'NONE',  ( -6.495190528383327333, -1.500000000000000000, -11.24999999999993605 ) ) ;
#553 = ADVANCED_FACE ( 'NONE', ( #1299 ), #1414, .F. ) ;
#554 = VERTEX_POINT ( 'NONE', #998 ) ;
#555 = DIRECTION ( 'NONE',  ( -0.000000000000000000, 1.000000000000000000, 0.000000000000000000 ) ) ;
#556 = ORIENTED_EDGE ( 'NONE', *, *, #1706, .F. ) ;
#557 = ORIENTED_EDGE ( 'NONE', *, *, #320, .T. ) ;
#558 = DIRECTION ( 'NONE',  ( 0.000000000000000000, 1.000000000000000000, 0.000000000000000000 ) ) ;
#559 = CARTESIAN_POINT ( 'NONE',  ( -7.500000000000043521, -1.500000000000000000, 23.40000000000000213 ) ) ;
#560 = ORIENTED_EDGE ( 'NONE', *, *, #1463, .F. ) ;
#561 = CARTESIAN_POINT ( 'NONE',  ( 17.33896611825060674, -1.500000000000000000, -21.36737867627352117 ) ) ;
#562 = EDGE_CURVE ( 'NONE', #1688, #1170, #543, .T. ) ;
#563 = ORIENTED_EDGE ( 'NONE', *, *, #1364, .F. ) ;
#564 = LINE ( 'NONE', #1181, #1418 ) ;
#565 = ORIENTED_EDGE ( 'NONE', *, *, #133, .T. ) ;
#566 = DIRECTION ( 'NONE',  ( 0.000000000000000000, 1.000000000000000000, 0.000000000000000000 ) ) ;
#567 = DIRECTION ( 'NONE',  ( -1.734723475976807292E-15, 0.000000000000000000, -1.000000000000000000 ) ) ;
#568 = EDGE_CURVE ( 'NONE', #473, #1629, #408, .T. ) ;
#569 = VERTEX_POINT ( 'NONE', #253 ) ;
#570 = FACE_OUTER_BOUND ( 'NONE', #659, .T. ) ;
#571 = ADVANCED_FACE ( 'NONE', ( #244 ), #771, .T. ) ;
#572 = AXIS2_PLACEMENT_3D ( 'NONE', #528, #362, #231 ) ;
#573 = CIRCLE ( 'NONE', #1525, 1.750000000000000000 ) ;
#574 = VERTEX_POINT ( 'NONE', #359 ) ;
#575 = CARTESIAN_POINT ( 'NONE',  ( -6.495190528383327333, -1.500000000000000000, -11.24999999999993605 ) ) ;
#576 = AXIS2_PLACEMENT_3D ( 'NONE', #1153, #1687, #1024 ) ;
#577 = CARTESIAN_POINT ( 'NONE',  ( 14.85805598115666548, 1.500000000000000000, -23.57830262035543001 ) ) ;
#578 = ORIENTED_EDGE ( 'NONE', *, *, #211, .F. ) ;
#579 = DIRECTION ( 'NONE',  ( 0.000000000000000000, 1.000000000000000000, -0.000000000000000000 ) ) ;
#580 =( GEOMETRIC_REPRESENTATION_CONTEXT ( 3 ) GLOBAL_UNCERTAINTY_ASSIGNED_CONTEXT ( ( #679 ) ) GLOBAL_UNIT_ASSIGNED_CONTEXT ( ( #1657, #724, #635 ) ) REPRESENTATION_CONTEXT ( 'NONE', 'WORKASPACE' ) );
#581 = CARTESIAN_POINT ( 'NONE',  ( 5.124999999999977796, 1.500000000000000000, -17.95892012959685502 ) ) ;
#582 = DIRECTION ( 'NONE',  ( 0.000000000000000000, 1.000000000000000000, 0.000000000000000000 ) ) ;
#583 = ADVANCED_FACE ( 'NONE', ( #1671 ), #229, .F. ) ;
#584 = LINE ( 'NONE', #204, #760 ) ;
#585 = ORIENTED_EDGE ( 'NONE', *, *, #705, .F. ) ;
#586 = ORIENTED_EDGE ( 'NONE', *, *, #1078, .T. ) ;
#587 = DIRECTION ( 'NONE',  ( 0.000000000000000000, 0.000000000000000000, 1.000000000000000000 ) ) ;
#588 = LINE ( 'NONE', #1509, #784 ) ;
#589 = ADVANCED_FACE ( 'NONE', ( #111 ), #1292, .F. ) ;
#590 = CYLINDRICAL_SURFACE ( 'NONE', #902, 1.750000000000001554 ) ;
#591 = VERTEX_POINT ( 'NONE', #744 ) ;
#592 = ORIENTED_EDGE ( 'NONE', *, *, #501, .F. ) ;
#593 = DIRECTION ( 'NONE',  ( 0.000000000000000000, 0.000000000000000000, 1.000000000000000000 ) ) ;
#594 = CIRCLE ( 'NONE', #1638, 1.750000000000001554 ) ;
#595 = CARTESIAN_POINT ( 'NONE',  ( 24.02501197386348153, 1.500000000000000000, -29.88745860881780914 ) ) ;
#596 = CARTESIAN_POINT ( 'NONE',  ( -28.24999999999999645, -1.500000000000000000, -0.4131189606246220558 ) ) ;
#597 = CIRCLE ( 'NONE', #817, 1.600000000000000755 ) ;
#598 = VECTOR ( 'NONE', #1493, 1000.000000000000000 ) ;
#599 = VERTEX_POINT ( 'NONE', #429 ) ;
#600 = CYLINDRICAL_SURFACE ( 'NONE', #191, 1.749999999999999778 ) ;
#601 = EDGE_CURVE ( 'NONE', #417, #1579, #1528, .T. ) ;
#602 = EDGE_LOOP ( 'NONE', ( #735, #533, #1064, #183 ) ) ;
#603 = CARTESIAN_POINT ( 'NONE',  ( -1.149246059487657012, 1.500000000000000000, 30.00000000000000355 ) ) ;
#604 = CARTESIAN_POINT ( 'NONE',  ( 18.48076211353305709, -1.500000000000000000, -42.99038105676664401 ) ) ;
#605 = FACE_OUTER_BOUND ( 'NONE', #1092, .T. ) ;
#606 = ORIENTED_EDGE ( 'NONE', *, *, #1026, .T. ) ;
#607 = CARTESIAN_POINT ( 'NONE',  ( -28.24999999999999645, 1.500000000000000000, -0.4131189606246220558 ) ) ;
#608 = EDGE_CURVE ( 'NONE', #961, #28, #1167, .T. ) ;
#609 = EDGE_LOOP ( 'NONE', ( #201, #1038, #536, #1154 ) ) ;
#610 = DIRECTION ( 'NONE',  ( 0.000000000000000000, 0.000000000000000000, -1.000000000000000000 ) ) ;
#611 = CARTESIAN_POINT ( 'NONE',  ( -16.75000000000000000, -1.500000000000000000, 14.27457514062632704 ) ) ;
#612 = EDGE_LOOP ( 'NONE', ( #578, #1025, #35, #738 ) ) ;
#613 = CARTESIAN_POINT ( 'NONE',  ( 17.84021765691029415, -1.500000000000000000, -40.59983660014386686 ) ) ;
#614 = DIRECTION ( 'NONE',  ( 0.000000000000000000, 0.000000000000000000, -1.000000000000000000 ) ) ;
#615 = VERTEX_POINT ( 'NONE', #1195 ) ;
#616 = DIRECTION ( 'NONE',  ( 0.9176629354822477547, 0.000000000000000000, 0.3973597071195114627 ) ) ;
#617 = VERTEX_POINT ( 'NONE', #1319 ) ;
#618 = DIRECTION ( 'NONE',  ( -2.312964634635740492E-16, 0.000000000000000000, -1.000000000000000000 ) ) ;
#619 = EDGE_CURVE ( 'NONE', #1345, #1522, #1089, .T. ) ;
#620 = LINE ( 'NONE', #262, #1057 ) ;
#621 = EDGE_CURVE ( 'NONE', #615, #700, #927, .T. ) ;
#622 = CARTESIAN_POINT ( 'NONE',  ( -7.500000000000043521, 1.500000000000000000, 25.00000000000000000 ) ) ;
#623 = FACE_OUTER_BOUND ( 'NONE', #1602, .T. ) ;
#624 = AXIS2_PLACEMENT_3D ( 'NONE', #791, #1313, #587 ) ;
#625 = ORIENTED_EDGE ( 'NONE', *, *, #650, .F. ) ;
#626 = DIRECTION ( 'NONE',  ( -0.000000000000000000, 1.000000000000000000, 0.000000000000000000 ) ) ;
#627 = APPLICATION_CONTEXT ( 'automotive_design' ) ;
#628 = ORIENTED_EDGE ( 'NONE', *, *, #621, .F. ) ;
#629 = DIRECTION ( 'NONE',  ( -0.000000000000000000, -1.000000000000000000, -0.000000000000000000 ) ) ;
#630 = AXIS2_PLACEMENT_3D ( 'NONE', #907, #1703, #1177 ) ;
#631 = AXIS2_PLACEMENT_3D ( 'NONE', #511, #1029, #1093 ) ;
#632 = DIRECTION ( 'NONE',  ( -0.000000000000000000, 1.000000000000000000, -0.000000000000000000 ) ) ;
#633 = ADVANCED_FACE ( 'NONE', ( #148 ), #1447, .F. ) ;
#634 = CARTESIAN_POINT ( 'NONE',  ( 6.809785048659601436, -1.500000000000000000, 2.948723423225317219 ) ) ;
#635 =( NAMED_UNIT ( * ) SI_UNIT ( $, .STERADIAN. ) SOLID_ANGLE_UNIT ( ) );
#636 = CARTESIAN_POINT ( 'NONE',  ( -13.91844051968769591, -1.500000000000000000, 30.00000000000000711 ) ) ;
#637 = VERTEX_POINT ( 'NONE', #280 ) ;
#638 = DIRECTION ( 'NONE',  ( 0.000000000000000000, -1.000000000000000000, 0.000000000000000000 ) ) ;
#639 = CARTESIAN_POINT ( 'NONE',  ( 11.83983358869399716, -1.500000000000000000, -11.32174617851899967 ) ) ;
#640 = CYLINDRICAL_SURFACE ( 'NONE', #631, 1.749999999999999778 ) ;
#641 = EDGE_CURVE ( 'NONE', #305, #417, #917, .T. ) ;
#642 = CARTESIAN_POINT ( 'NONE',  ( 0.000000000000000000, 1.500000000000000000, -9.082159740806346804 ) ) ;
#643 = ORIENTED_EDGE ( 'NONE', *, *, #266, .T. ) ;
#644 = CARTESIAN_POINT ( 'NONE',  ( -29.99999999999999645, -1.500000000000000000, -14.99999999999999467 ) ) ;
#645 = DIRECTION ( 'NONE',  ( -0.000000000000000000, 1.000000000000000000, -0.000000000000000000 ) ) ;
#646 = CYLINDRICAL_SURFACE ( 'NONE', #1224, 1.750000000000001554 ) ;
#647 = AXIS2_PLACEMENT_3D ( 'NONE', #1491, #323, #1116 ) ;
#648 = ORIENTED_EDGE ( 'NONE', *, *, #1660, .F. ) ;
#649 = LINE ( 'NONE', #294, #789 ) ;
#650 = EDGE_CURVE ( 'NONE', #1605, #1409, #1179, .T. ) ;
#651 = CIRCLE ( 'NONE', #516, 1.600000000000000755 ) ;
#652 = ORIENTED_EDGE ( 'NONE', *, *, #227, .T. ) ;
#653 = CIRCLE ( 'NONE', #576, 1.750000000000001554 ) ;
#654 = LINE ( 'NONE', #238, #973 ) ;
#655 = AXIS2_PLACEMENT_3D ( 'NONE', #1410, #994, #1267 ) ;
#656 = VERTEX_POINT ( 'NONE', #270 ) ;
#657 = DIRECTION ( 'NONE',  ( 0.000000000000000000, 1.000000000000000000, 0.000000000000000000 ) ) ;
#658 = LINE ( 'NONE', #1567, #1169 ) ;
#659 = EDGE_LOOP ( 'NONE', ( #988, #1204, #990, #825 ) ) ;
#660 = DIRECTION ( 'NONE',  ( -2.312964634635742957E-16, -0.000000000000000000, 1.000000000000000000 ) ) ;
#661 = EDGE_CURVE ( 'NONE', #462, #449, #1705, .T. ) ;
#662 = VERTEX_POINT ( 'NONE', #1454 ) ;
#663 = CARTESIAN_POINT ( 'NONE',  ( -7.500000000000040856, 1.500000000000000000, 3.399999999999999911 ) ) ;
#664 = DIRECTION ( 'NONE',  ( 0.000000000000000000, 0.000000000000000000, -1.000000000000000000 ) ) ;
#665 = FACE_BOUND ( 'NONE', #1066, .T. ) ;
#666 = DIRECTION ( 'NONE',  ( -0.000000000000000000, 1.000000000000000000, 0.000000000000000000 ) ) ;
#667 = ORIENTED_EDGE ( 'NONE', *, *, #365, .F. ) ;
#668 = DIRECTION ( 'NONE',  ( -0.000000000000000000, 1.000000000000000000, -0.000000000000000000 ) ) ;
#669 = ORIENTED_EDGE ( 'NONE', *, *, #956, .F. ) ;
#670 = EDGE_CURVE ( 'NONE', #1579, #162, #649, .T. ) ;
#671 = ORIENTED_EDGE ( 'NONE', *, *, #20, .F. ) ;
#672 = CARTESIAN_POINT ( 'NONE',  ( -19.97507764050038759, -1.500000000000000000, 9.987538820250186689 ) ) ;
#673 = EDGE_CURVE ( 'NONE', #1126, #748, #1366, .T. ) ;
#674 = DIRECTION ( 'NONE',  ( 0.3973597071195114627, -0.000000000000000000, -0.9176629354822478657 ) ) ;
#675 = ORIENTED_EDGE ( 'NONE', *, *, #1601, .F. ) ;
#676 = VECTOR ( 'NONE', #780, 1000.000000000000000 ) ;
#677 = CARTESIAN_POINT ( 'NONE',  ( -16.75000000000000000, -1.500000000000000000, 12.52457514062632704 ) ) ;
#678 = CIRCLE ( 'NONE', #624, 1.600000000000000755 ) ;
#679 = UNCERTAINTY_MEASURE_WITH_UNIT (LENGTH_MEASURE( 1.000000000000000082E-05 ), #1657, 'distance_accuracy_value', 'NONE');
#680 = CIRCLE ( 'NONE', #897, 1.750000000000000000 ) ;
#681 = CIRCLE ( 'NONE', #1644, 1.749999999999999778 ) ;
#682 = ORIENTED_EDGE ( 'NONE', *, *, #1036, .T. ) ;
#683 = DIRECTION ( 'NONE',  ( 0.000000000000000000, 0.000000000000000000, -1.000000000000000000 ) ) ;
#684 = EDGE_CURVE ( 'NONE', #656, #346, #976, .T. ) ;
#685 = CARTESIAN_POINT ( 'NONE',  ( -30.00000000000000000, 1.500000000000000000, 5.510910596163088767E-15 ) ) ;
#686 = ORIENTED_EDGE ( 'NONE', *, *, #185, .F. ) ;
#687 = CARTESIAN_POINT ( 'NONE',  ( -6.495190528383327333, 1.500000000000000000, -11.24999999999993605 ) ) ;
#688 = ORIENTED_EDGE ( 'NONE', *, *, #754, .T. ) ;
#689 = DIRECTION ( 'NONE',  ( -0.000000000000000000, 1.000000000000000000, 0.000000000000000000 ) ) ;
#690 = CARTESIAN_POINT ( 'NONE',  ( 25.54055643048624447, 1.500000000000000000, -30.76245860881781624 ) ) ;
#691 = FACE_OUTER_BOUND ( 'NONE', #1175, .T. ) ;
#692 = ADVANCED_FACE ( 'NONE', ( #161 ), #788, .F. ) ;
#693 = EDGE_LOOP ( 'NONE', ( #1386, #400, #919, #6, #64, #1654, #815, #205, #943, #876, #606, #934, #1430 ) ) ;
#694 =( NAMED_UNIT ( * ) PLANE_ANGLE_UNIT ( ) SI_UNIT ( $, .RADIAN. ) );
#695 = ORIENTED_EDGE ( 'NONE', *, *, #1108, .T. ) ;
#696 = DIRECTION ( 'NONE',  ( 0.000000000000000000, 1.000000000000000000, 0.000000000000000000 ) ) ;
#697 = DIRECTION ( 'NONE',  ( 0.000000000000000000, 0.000000000000000000, 1.000000000000000000 ) ) ;
#698 = CARTESIAN_POINT ( 'NONE',  ( 0.5801270189221621187, 1.500000000000000000, -23.99519052838326871 ) ) ;
#699 = FACE_BOUND ( 'NONE', #335, .T. ) ;
#700 = VERTEX_POINT ( 'NONE', #26 ) ;
#701 = PLANE ( 'NONE',  #114 ) ;
#702 = EDGE_CURVE ( 'NONE', #346, #1212, #7, .T. ) ;
#703 = ORIENTED_EDGE ( 'NONE', *, *, #1101, .T. ) ;
#704 = CARTESIAN_POINT ( 'NONE',  ( -29.99999999999999645, 1.500000000000000000, -14.99999999999999467 ) ) ;
#705 = EDGE_CURVE ( 'NONE', #1161, #473, #304, .T. ) ;
#706 = AXIS2_PLACEMENT_3D ( 'NONE', #704, #445, #463 ) ;
#707 = DIRECTION ( 'NONE',  ( 0.000000000000000000, 0.000000000000000000, 1.000000000000000000 ) ) ;
#708 = AXIS2_PLACEMENT_3D ( 'NONE', #926, #812, #1337 ) ;
#709 = AXIS2_PLACEMENT_3D ( 'NONE', #1608, #838, #1359 ) ;
#710 = LINE ( 'NONE', #1226, #411 ) ;
#711 = EDGE_LOOP ( 'NONE', ( #805, #703, #1180, #366 ) ) ;
#712 = CARTESIAN_POINT ( 'NONE',  ( -7.500000000000040856, 1.500000000000000000, 6.600000000000001421 ) ) ;
#713 = EDGE_LOOP ( 'NONE', ( #160, #1020, #81, #442, #1061, #540, #1581, #1546 ) ) ;
#714 = DIRECTION ( 'NONE',  ( 0.000000000000000000, 1.000000000000000000, 0.000000000000000000 ) ) ;
#715 = EDGE_CURVE ( 'NONE', #307, #1504, #651, .T. ) ;
#716 = DIRECTION ( 'NONE',  ( -0.000000000000000000, 1.000000000000000000, 0.000000000000000000 ) ) ;
#717 = ORIENTED_EDGE ( 'NONE', *, *, #715, .T. ) ;
#718 = CARTESIAN_POINT ( 'NONE',  ( -15.00000000000001421, 1.500000000000000000, 30.00000000000000711 ) ) ;
#719 = ORIENTED_EDGE ( 'NONE', *, *, #263, .F. ) ;
#720 = DIRECTION ( 'NONE',  ( 0.000000000000000000, 0.000000000000000000, 1.000000000000000000 ) ) ;
#721 = CARTESIAN_POINT ( 'NONE',  ( 1.750000000000000000, 1.500000000000000000, -10.83215974080634680 ) ) ;
#722 = EDGE_CURVE ( 'NONE', #1456, #1611, #1171, .T. ) ;
#723 = DIRECTION ( 'NONE',  ( 0.000000000000000000, 0.000000000000000000, -1.000000000000000000 ) ) ;
#724 =( NAMED_UNIT ( * ) PLANE_ANGLE_UNIT ( ) SI_UNIT ( $, .RADIAN. ) );
#725 = ORIENTED_EDGE ( 'NONE', *, *, #76, .T. ) ;
#726 = DIRECTION ( 'NONE',  ( 0.000000000000000000, 0.000000000000000000, 1.000000000000000000 ) ) ;
#727 = EDGE_LOOP ( 'NONE', ( #1268, #110, #585, #27 ) ) ;
#728 = CARTESIAN_POINT ( 'NONE',  ( 10.04574372578794339, -1.500000000000000000, -4.524403030080936361 ) ) ;
#729 = DIRECTION ( 'NONE',  ( -0.000000000000000000, -1.000000000000000000, 0.000000000000000000 ) ) ;
#730 = CARTESIAN_POINT ( 'NONE',  ( 10.04574372578794517, 1.500000000000000000, -4.524403030080938137 ) ) ;
#731 = DIRECTION ( 'NONE',  ( 0.000000000000000000, -1.000000000000000000, 0.000000000000000000 ) ) ;
#732 = MECHANICAL_DESIGN_GEOMETRIC_PRESENTATION_REPRESENTATION (  '', ( #19 ), #845 ) ;
#733 = EDGE_CURVE ( 'NONE', #1080, #113, #1699, .T. ) ;
#734 = AXIS2_PLACEMENT_3D ( 'NONE', #251, #1269, #1009 ) ;
#735 = ORIENTED_EDGE ( 'NONE', *, *, #670, .F. ) ;
#736 = CARTESIAN_POINT ( 'NONE',  ( 11.83983358869399716, 1.500000000000000000, -13.07174617851899967 ) ) ;
#737 = AXIS2_PLACEMENT_3D ( 'NONE', #613, #889, #465 ) ;
#738 = ORIENTED_EDGE ( 'NONE', *, *, #440, .T. ) ;
#739 = CARTESIAN_POINT ( 'NONE',  ( -13.91844051968769946, 1.500000000000000000, 28.25000000000000355 ) ) ;
#740 = CARTESIAN_POINT ( 'NONE',  ( 5.999999999999985789, -1.500000000000000000, -16.44337567297408853 ) ) ;
#741 = ORIENTED_EDGE ( 'NONE', *, *, #550, .T. ) ;
#742 = FACE_OUTER_BOUND ( 'NONE', #612, .T. ) ;
#743 = ORIENTED_EDGE ( 'NONE', *, *, #1666, .F. ) ;
#744 = CARTESIAN_POINT ( 'NONE',  ( 14.85805598115666548, -1.500000000000000000, -23.57830262035543001 ) ) ;
#745 = EDGE_CURVE ( 'NONE', #748, #1126, #1641, .T. ) ;
#746 = DIRECTION ( 'NONE',  ( 1.000000000000000000, -0.000000000000000000, -2.312964634635740492E-16 ) ) ;
#747 = DIRECTION ( 'NONE',  ( 0.000000000000000000, 0.000000000000000000, -1.000000000000000000 ) ) ;
#748 = VERTEX_POINT ( 'NONE', #1098 ) ;
#749 = DIRECTION ( 'NONE',  ( 1.000000000000000000, 0.000000000000000000, 0.000000000000000000 ) ) ;
#750 = ORIENTED_EDGE ( 'NONE', *, *, #1706, .T. ) ;
#751 = CARTESIAN_POINT ( 'NONE',  ( 5.124999999999990230, 1.500000000000000000, -14.92783121635132204 ) ) ;
#752 = EDGE_CURVE ( 'NONE', #228, #383, #272, .T. ) ;
#753 = CARTESIAN_POINT ( 'NONE',  ( 9.314833588694005684, -1.500000000000000000, -6.735326974162850533 ) ) ;
#754 = EDGE_CURVE ( 'NONE', #1648, #397, #850, .T. ) ;
#755 = AXIS2_PLACEMENT_3D ( 'NONE', #2, #115, #1266 ) ;
#756 = CARTESIAN_POINT ( 'NONE',  ( 25.98076211353308551, -1.500000000000000000, -30.00000000000013145 ) ) ;
#757 = AXIS2_PLACEMENT_3D ( 'NONE', #1205, #1054, #944 ) ;
#758 = VECTOR ( 'NONE', #1578, 1000.000000000000000 ) ;
#759 = CARTESIAN_POINT ( 'NONE',  ( -25.00000000000000000, 1.500000000000000000, -7.499999999999997335 ) ) ;
#760 = VECTOR ( 'NONE', #334, 1000.000000000000114 ) ;
#761 = ORIENTED_EDGE ( 'NONE', *, *, #972, .T. ) ;
#762 = CARTESIAN_POINT ( 'NONE',  ( -28.24999999999999289, 1.500000000000000000, -13.98963702891815153 ) ) ;
#763 = CIRCLE ( 'NONE', #1645, 1.749999999999999778 ) ;
#764 = ORIENTED_EDGE ( 'NONE', *, *, #414, .F. ) ;
#765 = LINE ( 'NONE', #1157, #355 ) ;
#766 = ADVANCED_FACE ( 'NONE', ( #570 ), #600, .F. ) ;
#767 = MANIFOLD_SOLID_BREP ( '\X2\ff8cff68ff9aff6fff84\X0\2', #405 ) ;
#768 = FACE_OUTER_BOUND ( 'NONE', #1486, .T. ) ;
#769 = CARTESIAN_POINT ( 'NONE',  ( 0.000000000000000000, -1.500000000000000000, 0.000000000000000000 ) ) ;
#770 = EDGE_LOOP ( 'NONE', ( #1365, #1433 ) ) ;
#771 = CYLINDRICAL_SURFACE ( 'NONE', #1115, 1.750000000000001554 ) ;
#772 = ORIENTED_EDGE ( 'NONE', *, *, #1320, .T. ) ;
#773 = DIRECTION ( 'NONE',  ( 0.8660254037844399289, 0.000000000000000000, 0.4999999999999978351 ) ) ;
#774 = FACE_OUTER_BOUND ( 'NONE', #1535, .T. ) ;
#775 = ADVANCED_FACE ( 'NONE', ( #336 ), #701, .F. ) ;
#776 = DIRECTION ( 'NONE',  ( -0.000000000000000000, -1.000000000000000000, -0.000000000000000000 ) ) ;
#777 = ORIENTED_EDGE ( 'NONE', *, *, #266, .F. ) ;
#778 = DIRECTION ( 'NONE',  ( -0.000000000000000000, -1.000000000000000000, -0.000000000000000000 ) ) ;
#779 = EDGE_LOOP ( 'NONE', ( #1237, #910, #628, #648 ) ) ;
#780 = DIRECTION ( 'NONE',  ( 0.000000000000000000, -1.000000000000000000, 0.000000000000000000 ) ) ;
#781 = EDGE_LOOP ( 'NONE', ( #1462, #217, #1186, #214, #1480, #761, #1570 ) ) ;
#782 = FACE_OUTER_BOUND ( 'NONE', #1537, .T. ) ;
#783 = FACE_OUTER_BOUND ( 'NONE', #609, .T. ) ;
#784 = VECTOR ( 'NONE', #1133, 1000.000000000000000 ) ;
#785 = ADVANCED_FACE ( 'NONE', ( #184 ), #1512, .F. ) ;
#786 = CIRCLE ( 'NONE', #1192, 1.600000000000001643 ) ;
#787 = ORIENTED_EDGE ( 'NONE', *, *, #661, .F. ) ;
#788 = CYLINDRICAL_SURFACE ( 'NONE', #1193, 1.749999999999999778 ) ;
#789 = VECTOR ( 'NONE', #804, 1000.000000000000000 ) ;
#790 = CIRCLE ( 'NONE', #328, 1.600000000000001643 ) ;
#791 = CARTESIAN_POINT ( 'NONE',  ( 0.5801270189221621187, -1.500000000000000000, -23.99519052838326871 ) ) ;
#792 = AXIS2_PLACEMENT_3D ( 'NONE', #1048, #1434, #1323 ) ;
#793 = ORIENTED_EDGE ( 'NONE', *, *, #972, .F. ) ;
#794 = DIRECTION ( 'NONE',  ( -0.000000000000000000, -1.000000000000000000, -0.000000000000000000 ) ) ;
#795 = LINE ( 'NONE', #413, #1007 ) ;
#796 = ORIENTED_EDGE ( 'NONE', *, *, #1160, .F. ) ;
#797 = DIRECTION ( 'NONE',  ( 0.000000000000000000, 1.000000000000000000, 0.000000000000000000 ) ) ;
#798 = ADVANCED_FACE ( 'NONE', ( #200 ), #960, .F. ) ;
#799 = ORIENTED_EDGE ( 'NONE', *, *, #1026, .F. ) ;
#800 = VERTEX_POINT ( 'NONE', #971 ) ;
#801 = CARTESIAN_POINT ( 'NONE',  ( -7.500000000000040856, 1.500000000000000000, 6.600000000000001421 ) ) ;
#802 = DIRECTION ( 'NONE',  ( 0.000000000000000000, -1.000000000000000000, -0.000000000000000000 ) ) ;
#803 = EDGE_LOOP ( 'NONE', ( #887, #1423, #793, #625 ) ) ;
#804 = DIRECTION ( 'NONE',  ( -0.5000000000000035527, -0.000000000000000000, -0.8660254037844367092 ) ) ;
#805 = ORIENTED_EDGE ( 'NONE', *, *, #430, .F. ) ;
#806 = EDGE_CURVE ( 'NONE', #1642, #1087, #319, .T. ) ;
#807 = VERTEX_POINT ( 'NONE', #1496 ) ;
#808 = PLANE ( 'NONE',  #412 ) ;
#809 = DIRECTION ( 'NONE',  ( -2.312964634635742957E-16, -0.000000000000000000, 1.000000000000000000 ) ) ;
#810 = EDGE_LOOP ( 'NONE', ( #873, #1194, #106, #1354 ) ) ;
#811 = AXIS2_PLACEMENT_3D ( 'NONE', #1225, #853, #342 ) ;
#812 = DIRECTION ( 'NONE',  ( 0.000000000000000000, -1.000000000000000000, -0.000000000000000000 ) ) ;
#813 = VECTOR ( 'NONE', #865, 1000.000000000000000 ) ;
#814 = EDGE_CURVE ( 'NONE', #1206, #225, #325, .T. ) ;
#815 = ORIENTED_EDGE ( 'NONE', *, *, #670, .T. ) ;
#816 = CARTESIAN_POINT ( 'NONE',  ( 25.63092211095741035, -1.500000000000000000, -29.19207912135866678 ) ) ;
#817 = AXIS2_PLACEMENT_3D ( 'NONE', #1536, #1127, #478 ) ;
#818 = AXIS2_PLACEMENT_3D ( 'NONE', #1200, #666, #31 ) ;
#819 = ORIENTED_EDGE ( 'NONE', *, *, #1444, .F. ) ;
#820 = EDGE_CURVE ( 'NONE', #1504, #1126, #193, .T. ) ;
#821 = DIRECTION ( 'NONE',  ( 0.8660254037844361541, 0.000000000000000000, -0.5000000000000042188 ) ) ;
#822 = VECTOR ( 'NONE', #475, 1000.000000000000000 ) ;
#823 = AXIS2_PLACEMENT_3D ( 'NONE', #1411, #224, #614 ) ;
#824 = DIRECTION ( 'NONE',  ( 0.000000000000000000, -1.000000000000000000, 0.000000000000000000 ) ) ;
#825 = ORIENTED_EDGE ( 'NONE', *, *, #256, .F. ) ;
#826 = DIRECTION ( 'NONE',  ( 0.000000000000000000, 0.000000000000000000, -1.000000000000000000 ) ) ;
#827 = ORIENTED_EDGE ( 'NONE', *, *, #1253, .T. ) ;
#828 = FACE_OUTER_BOUND ( 'NONE', #1668, .T. ) ;
#829 = FACE_OUTER_BOUND ( 'NONE', #727, .T. ) ;
#830 = CARTESIAN_POINT ( 'NONE',  ( 13.44574372578792953, -1.500000000000000000, -12.37636669105985554 ) ) ;
#831 = DIRECTION ( 'NONE',  ( -0.000000000000000000, -1.000000000000000000, -0.000000000000000000 ) ) ;
#832 = EDGE_CURVE ( 'NONE', #1341, #1648, #680, .T. ) ;
#833 = EDGE_LOOP ( 'NONE', ( #1476, #643, #997, #233, #787, #1682, #450, #1132, #857, #1264, #3, #1146, #1591 ) ) ;
#834 = EDGE_LOOP ( 'NONE', ( #173, #69, #517, #911 ) ) ;
#835 = LINE ( 'NONE', #728, #78 ) ;
#836 = DIRECTION ( 'NONE',  ( 0.000000000000000000, 1.000000000000000000, 0.000000000000000000 ) ) ;
#837 = PRODUCT_DEFINITION_SHAPE ( 'NONE', 'NONE',  #317 ) ;
#838 = DIRECTION ( 'NONE',  ( 0.000000000000000000, 1.000000000000000000, 0.000000000000000000 ) ) ;
#839 = VERTEX_POINT ( 'NONE', #1639 ) ;
#840 = CARTESIAN_POINT ( 'NONE',  ( 11.83983358869399716, -1.500000000000000000, -13.07174617851899967 ) ) ;
#841 = EDGE_CURVE ( 'NONE', #424, #499, #856, .T. ) ;
#842 = CARTESIAN_POINT ( 'NONE',  ( 24.02501197386348153, -1.500000000000000000, -29.88745860881780914 ) ) ;
#843 = VECTOR ( 'NONE', #893, 1000.000000000000000 ) ;
#844 = CYLINDRICAL_SURFACE ( 'NONE', #1302, 1.750000000000000000 ) ;
#845 =( GEOMETRIC_REPRESENTATION_CONTEXT ( 3 ) GLOBAL_UNCERTAINTY_ASSIGNED_CONTEXT ( ( #254 ) ) GLOBAL_UNIT_ASSIGNED_CONTEXT ( ( #1630, #694, #327 ) ) REPRESENTATION_CONTEXT ( 'NONE', 'WORKASPACE' ) );
#846 = VECTOR ( 'NONE', #809, 1000.000000000000000 ) ;
#847 = DIRECTION ( 'NONE',  ( 0.000000000000000000, 0.000000000000000000, 1.000000000000000000 ) ) ;
#848 = AXIS2_PLACEMENT_3D ( 'NONE', #881, #1646, #125 ) ;
#849 = ORIENTED_EDGE ( 'NONE', *, *, #745, .F. ) ;
#850 = LINE ( 'NONE', #70, #871 ) ;
#851 = ORIENTED_EDGE ( 'NONE', *, *, #752, .T. ) ;
#852 = EDGE_CURVE ( 'NONE', #28, #1522, #1542, .T. ) ;
#853 = DIRECTION ( 'NONE',  ( 0.000000000000000000, -1.000000000000000000, -0.000000000000000000 ) ) ;
#854 = DIRECTION ( 'NONE',  ( 0.000000000000000000, -1.000000000000000000, 0.000000000000000000 ) ) ;
#855 = EDGE_LOOP ( 'NONE', ( #1042, #1439, #1513, #1347 ) ) ;
#856 = LINE ( 'NONE', #1242, #80 ) ;
#857 = ORIENTED_EDGE ( 'NONE', *, *, #1383, .T. ) ;
#858 = DIRECTION ( 'NONE',  ( 0.5000000000000043299, 0.000000000000000000, 0.8660254037844362651 ) ) ;
#859 = DIRECTION ( 'NONE',  ( 7.930164461608253340E-15, 0.000000000000000000, -1.000000000000000000 ) ) ;
#860 = EDGE_CURVE ( 'NONE', #1138, #13, #1019, .T. ) ;
#861 = CARTESIAN_POINT ( 'NONE',  ( -15.00000000000001421, 1.500000000000000000, 30.00000000000000711 ) ) ;
#862 = ORIENTED_EDGE ( 'NONE', *, *, #1487, .T. ) ;
#863 = PLANE ( 'NONE',  #117 ) ;
#864 = VERTEX_POINT ( 'NONE', #500 ) ;
#865 = DIRECTION ( 'NONE',  ( -0.000000000000000000, -1.000000000000000000, -0.000000000000000000 ) ) ;
#866 = DIRECTION ( 'NONE',  ( -0.000000000000000000, -1.000000000000000000, -0.000000000000000000 ) ) ;
#867 = EDGE_CURVE ( 'NONE', #377, #800, #597, .T. ) ;
#868 = CARTESIAN_POINT ( 'NONE',  ( 0.5801270189221623408, -1.500000000000000000, -22.39519052838326729 ) ) ;
#869 = AXIS2_PLACEMENT_3D ( 'NONE', #451, #1244, #72 ) ;
#870 = DIRECTION ( 'NONE',  ( 0.8944271909999160775, 0.000000000000000000, -0.4472135954999575946 ) ) ;
#871 = VECTOR ( 'NONE', #52, 1000.000000000000000 ) ;
#872 = CIRCLE ( 'NONE', #630, 1.750000000000001554 ) ;
#873 = ORIENTED_EDGE ( 'NONE', *, *, #248, .F. ) ;
#874 = DIRECTION ( 'NONE',  ( 0.000000000000000000, 0.000000000000000000, -1.000000000000000000 ) ) ;
#875 = VECTOR ( 'NONE', #1278, 1000.000000000000227 ) ;
#876 = ORIENTED_EDGE ( 'NONE', *, *, #964, .T. ) ;
#877 = AXIS2_PLACEMENT_3D ( 'NONE', #1260, #105, #1279 ) ;
#878 = CYLINDRICAL_SURFACE ( 'NONE', #109, 1.600000000000000755 ) ;
#879 = LINE ( 'NONE', #348, #168 ) ;
#880 = CARTESIAN_POINT ( 'NONE',  ( 1.750000000000000000, -1.500000000000000000, -10.83215974080634680 ) ) ;
#881 = CARTESIAN_POINT ( 'NONE',  ( 0.5801270189221621187, 1.500000000000000000, -23.99519052838326871 ) ) ;
#882 = EDGE_LOOP ( 'NONE', ( #368, #1568, #560, #1446 ) ) ;
#883 = FACE_OUTER_BOUND ( 'NONE', #711, .T. ) ;
#884 = EDGE_CURVE ( 'NONE', #155, #1156, #1558, .T. ) ;
#885 = ORIENTED_EDGE ( 'NONE', *, *, #1017, .F. ) ;
#886 = CARTESIAN_POINT ( 'NONE',  ( -5.000000000000000888, 1.500000000000000000, -7.499999999999999112 ) ) ;
#887 = ORIENTED_EDGE ( 'NONE', *, *, #936, .F. ) ;
#888 = LINE ( 'NONE', #753, #1086 ) ;
#889 = DIRECTION ( 'NONE',  ( 0.000000000000000000, -1.000000000000000000, -0.000000000000000000 ) ) ;
#890 = APPLICATION_CONTEXT ( 'automotive_design' ) ;
#891 = CARTESIAN_POINT ( 'NONE',  ( -29.99999999999999645, 1.500000000000000000, -14.99999999999999467 ) ) ;
#892 = ORIENTED_EDGE ( 'NONE', *, *, #1452, .F. ) ;
#893 = DIRECTION ( 'NONE',  ( -0.000000000000000000, -1.000000000000000000, -0.000000000000000000 ) ) ;
#894 = DIRECTION ( 'NONE',  ( 0.000000000000000000, 1.000000000000000000, -0.000000000000000000 ) ) ;
#895 = CARTESIAN_POINT ( 'NONE',  ( 19.35576211353306419, 1.500000000000000000, -41.47483660014387397 ) ) ;
#896 = CIRCLE ( 'NONE', #869, 1.750000000000000000 ) ;
#897 = AXIS2_PLACEMENT_3D ( 'NONE', #1228, #63, #1236 ) ;
#898 = CARTESIAN_POINT ( 'NONE',  ( 11.83983358869399716, -1.500000000000000000, -13.07174617851899967 ) ) ;
#899 = AXIS2_PLACEMENT_3D ( 'NONE', #736, #1252, #512 ) ;
#900 = ORIENTED_EDGE ( 'NONE', *, *, #176, .T. ) ;
#901 = CARTESIAN_POINT ( 'NONE',  ( 25.54055643048624447, -1.500000000000000000, -30.76245860881781624 ) ) ;
#902 = AXIS2_PLACEMENT_3D ( 'NONE', #1107, #824, #1344 ) ;
#903 = EDGE_LOOP ( 'NONE', ( #885, #1109, #1273, #900 ) ) ;
#904 = LINE ( 'NONE', #1274, #1219 ) ;
#905 = ADVANCED_FACE ( 'NONE', ( #1412 ), #863, .T. ) ;
#906 = CARTESIAN_POINT ( 'NONE',  ( -7.500000000000043521, 1.500000000000000000, 25.00000000000000000 ) ) ;
#907 = CARTESIAN_POINT ( 'NONE',  ( -28.24999999999999289, 1.500000000000000000, -13.98963702891815153 ) ) ;
#908 = EDGE_LOOP ( 'NONE', ( #764, #199 ) ) ;
#909 = LINE ( 'NONE', #1545, #843 ) ;
#910 = ORIENTED_EDGE ( 'NONE', *, *, #1069, .T. ) ;
#911 = ORIENTED_EDGE ( 'NONE', *, *, #1596, .F. ) ;
#912 = ADVANCED_FACE ( 'NONE', ( #380 ), #1404, .F. ) ;
#913 = CARTESIAN_POINT ( 'NONE',  ( -7.500000000000040856, 1.500000000000000000, 5.000000000000000888 ) ) ;
#914 = ADVANCED_FACE ( 'NONE', ( #742 ), #1560, .F. ) ;
#915 = CARTESIAN_POINT ( 'NONE',  ( -7.500000000000040856, -1.500000000000000000, 6.600000000000001421 ) ) ;
#916 = ORIENTED_EDGE ( 'NONE', *, *, #745, .T. ) ;
#917 = LINE ( 'NONE', #154, #216 ) ;
#918 = ORIENTED_EDGE ( 'NONE', *, *, #754, .F. ) ;
#919 = ORIENTED_EDGE ( 'NONE', *, *, #248, .T. ) ;
#920 = DIRECTION ( 'NONE',  ( 0.000000000000000000, 0.000000000000000000, 1.000000000000000000 ) ) ;
#921 = EDGE_CURVE ( 'NONE', #1243, #54, #1063, .T. ) ;
#922 = LINE ( 'NONE', #1443, #1091 ) ;
#923 = CIRCLE ( 'NONE', #1111, 1.750000000000001554 ) ;
#924 = EDGE_CURVE ( 'NONE', #1622, #1345, #1032, .T. ) ;
#925 = EDGE_LOOP ( 'NONE', ( #1198, #1658, #1327, #321 ) ) ;
#926 = CARTESIAN_POINT ( 'NONE',  ( 5.999999999999985789, 1.500000000000000000, -16.44337567297408853 ) ) ;
#927 = CIRCLE ( 'NONE', #357, 1.750000000000001554 ) ;
#928 = EDGE_LOOP ( 'NONE', ( #415, #1553, #592, #918 ) ) ;
#929 = CIRCLE ( 'NONE', #818, 1.749999999999999778 ) ;
#930 = CIRCLE ( 'NONE', #1172, 1.599999999999999867 ) ;
#931 = ORIENTED_EDGE ( 'NONE', *, *, #1046, .F. ) ;
#932 = FACE_OUTER_BOUND ( 'NONE', #882, .T. ) ;
#933 = DIRECTION ( 'NONE',  ( 0.8660254037844361541, 0.000000000000000000, -0.5000000000000042188 ) ) ;
#934 = ORIENTED_EDGE ( 'NONE', *, *, #1017, .T. ) ;
#935 = CARTESIAN_POINT ( 'NONE',  ( 17.84021765691029415, -1.500000000000000000, -40.59983660014386686 ) ) ;
#936 = EDGE_CURVE ( 'NONE', #225, #1605, #387, .T. ) ;
#937 = ORIENTED_EDGE ( 'NONE', *, *, #1223, .F. ) ;
#938 = ORIENTED_EDGE ( 'NONE', *, *, #936, .T. ) ;
#939 = CARTESIAN_POINT ( 'NONE',  ( 1.749999999999999778, 1.500000000000000000, 11.97972637552514463 ) ) ;
#940 = DIRECTION ( 'NONE',  ( 0.000000000000000000, 0.000000000000000000, 1.000000000000000000 ) ) ;
#941 = ORIENTED_EDGE ( 'NONE', *, *, #1049, .F. ) ;
#942 = CARTESIAN_POINT ( 'NONE',  ( 24.02501197386348153, 1.500000000000000000, -29.88745860881780914 ) ) ;
#943 = ORIENTED_EDGE ( 'NONE', *, *, #1455, .T. ) ;
#944 = DIRECTION ( 'NONE',  ( 0.000000000000000000, 0.000000000000000000, -1.000000000000000000 ) ) ;
#945 = ORIENTED_EDGE ( 'NONE', *, *, #42, .T. ) ;
#946 = CARTESIAN_POINT ( 'NONE',  ( 16.96521765691029771, 1.500000000000000000, -42.11538105676663690 ) ) ;
#947 = DIRECTION ( 'NONE',  ( 0.000000000000000000, -1.000000000000000000, 0.000000000000000000 ) ) ;
#948 = ORIENTED_EDGE ( 'NONE', *, *, #498, .T. ) ;
#949 = CIRCLE ( 'NONE', #1164, 1.749999999999999778 ) ;
#950 = CARTESIAN_POINT ( 'NONE',  ( -30.00000000000000000, -1.500000000000000000, 5.510910596163088767E-15 ) ) ;
#951 = AXIS2_PLACEMENT_3D ( 'NONE', #1123, #314, #720 ) ;
#952 = ORIENTED_EDGE ( 'NONE', *, *, #149, .F. ) ;
#953 = AXIS2_PLACEMENT_3D ( 'NONE', #1218, #1346, #178 ) ;
#954 = ORIENTED_EDGE ( 'NONE', *, *, #454, .T. ) ;
#955 = FACE_OUTER_BOUND ( 'NONE', #855, .T. ) ;
#956 = EDGE_CURVE ( 'NONE', #1637, #230, #1368, .T. ) ;
#957 = VECTOR ( 'NONE', #151, 1000.000000000000000 ) ;
#958 = DIRECTION ( 'NONE',  ( 0.000000000000000000, 0.000000000000000000, -1.000000000000000000 ) ) ;
#959 = ORIENTED_EDGE ( 'NONE', *, *, #57, .F. ) ;
#960 = PLANE ( 'NONE',  #953 ) ;
#961 = VERTEX_POINT ( 'NONE', #506 ) ;
#962 = CYLINDRICAL_SURFACE ( 'NONE', #242, 1.749999999999999778 ) ;
#963 = LINE ( 'NONE', #298, #1369 ) ;
#964 = EDGE_CURVE ( 'NONE', #839, #1511, #127, .T. ) ;
#965 = CARTESIAN_POINT ( 'NONE',  ( -5.000000000000000888, -1.500000000000000000, -7.499999999999999112 ) ) ;
#966 = ORIENTED_EDGE ( 'NONE', *, *, #1427, .F. ) ;
#967 = DIRECTION ( 'NONE',  ( -0.3973597071195114627, 0.000000000000000000, 0.9176629354822478657 ) ) ;
#968 = ORIENTED_EDGE ( 'NONE', *, *, #1575, .F. ) ;
#969 = FACE_OUTER_BOUND ( 'NONE', #834, .T. ) ;
#970 = ORIENTED_EDGE ( 'NONE', *, *, #1090, .F. ) ;
#971 = CARTESIAN_POINT ( 'NONE',  ( -7.500000000000043521, 1.500000000000000000, 26.60000000000000142 ) ) ;
#972 = EDGE_CURVE ( 'NONE', #1409, #374, #1530, .T. ) ;
#973 = VECTOR ( 'NONE', #1294, 999.9999999999998863 ) ;
#974 = ORIENTED_EDGE ( 'NONE', *, *, #507, .T. ) ;
#975 = AXIS2_PLACEMENT_3D ( 'NONE', #36, #1340, #172 ) ;
#976 = CIRCLE ( 'NONE', #708, 1.750000000000001554 ) ;
#977 = CYLINDRICAL_SURFACE ( 'NONE', #647, 1.750000000000001554 ) ;
#978 = AXIS2_PLACEMENT_3D ( 'NONE', #898, #1159, #372 ) ;
#979 = CARTESIAN_POINT ( 'NONE',  ( -25.00000000000000000, 1.500000000000000000, -9.099999999999997868 ) ) ;
#980 = CARTESIAN_POINT ( 'NONE',  ( -13.91844051968769591, 1.500000000000000000, 30.00000000000000711 ) ) ;
#981 = ORIENTED_EDGE ( 'NONE', *, *, #1149, .T. ) ;
#982 = DIRECTION ( 'NONE',  ( -0.000000000000000000, -1.000000000000000000, -0.000000000000000000 ) ) ;
#983 = ADVANCED_FACE ( 'NONE', ( #1262 ), #90, .T. ) ;
#984 = ORIENTED_EDGE ( 'NONE', *, *, #1640, .F. ) ;
#985 = CARTESIAN_POINT ( 'NONE',  ( -7.500000000000043521, 1.500000000000000000, 26.60000000000000142 ) ) ;
#986 = ADVANCED_FACE ( 'NONE', ( #883 ), #107, .F. ) ;
#987 = CARTESIAN_POINT ( 'NONE',  ( 0.000000000000000000, -1.500000000000000000, 0.000000000000000000 ) ) ;
#988 = ORIENTED_EDGE ( 'NONE', *, *, #1320, .F. ) ;
#989 = SURFACE_SIDE_STYLE ('',( #1623 ) ) ;
#990 = ORIENTED_EDGE ( 'NONE', *, *, #921, .F. ) ;
#991 = CARTESIAN_POINT ( 'NONE',  ( -1.149246059487657456, 1.500000000000000000, 28.24999999999999645 ) ) ;
#992 = CARTESIAN_POINT ( 'NONE',  ( 2.624999999999996003, -1.500000000000000000, -10.59770419742911507 ) ) ;
#993 = CARTESIAN_POINT ( 'NONE',  ( 0.5801270189221621187, 1.500000000000000000, -23.99519052838326871 ) ) ;
#994 = DIRECTION ( 'NONE',  ( -0.000000000000000000, -1.000000000000000000, -0.000000000000000000 ) ) ;
#995 = VERTEX_POINT ( 'NONE', #636 ) ;
#996 = DIRECTION ( 'NONE',  ( 0.000000000000000000, 1.000000000000000000, 0.000000000000000000 ) ) ;
#997 = ORIENTED_EDGE ( 'NONE', *, *, #1149, .F. ) ;
#998 = CARTESIAN_POINT ( 'NONE',  ( 10.04574372578794517, -1.500000000000000000, -4.524403030080938137 ) ) ;
#999 = LINE ( 'NONE', #992, #24 ) ;
#1000 = ORIENTED_EDGE ( 'NONE', *, *, #860, .F. ) ;
#1001 = CARTESIAN_POINT ( 'NONE',  ( 17.90063509461088032, -1.500000000000000000, -33.99519052838336819 ) ) ;
#1002 = AXIS2_PLACEMENT_3D ( 'NONE', #474, #1248, #859 ) ;
#1003 = AXIS2_PLACEMENT_3D ( 'NONE', #515, #260, #237 ) ;
#1004 = EDGE_CURVE ( 'NONE', #1212, #1456, #653, .T. ) ;
#1005 = DIRECTION ( 'NONE',  ( 0.000000000000000000, 0.000000000000000000, -1.000000000000000000 ) ) ;
#1006 = AXIS2_PLACEMENT_3D ( 'NONE', #406, #1569, #726 ) ;
#1007 = VECTOR ( 'NONE', #776, 1000.000000000000000 ) ;
#1008 = ORIENTED_EDGE ( 'NONE', *, *, #1604, .T. ) ;
#1009 = DIRECTION ( 'NONE',  ( 0.000000000000000000, 0.000000000000000000, 1.000000000000000000 ) ) ;
#1010 = VECTOR ( 'NONE', #339, 1000.000000000000000 ) ;
#1011 = ORIENTED_EDGE ( 'NONE', *, *, #1343, .T. ) ;
#1012 = CARTESIAN_POINT ( 'NONE',  ( -7.500000000000040856, 1.500000000000000000, 5.000000000000000888 ) ) ;
#1013 = ORIENTED_EDGE ( 'NONE', *, *, #203, .T. ) ;
#1014 = CARTESIAN_POINT ( 'NONE',  ( -30.00000000000000000, 1.500000000000000000, 5.510910596163088767E-15 ) ) ;
#1015 = EDGE_CURVE ( 'NONE', #383, #1704, #1549, .T. ) ;
#1016 = DIRECTION ( 'NONE',  ( -1.000000000000000000, 0.000000000000000000, 0.000000000000000000 ) ) ;
#1017 = EDGE_CURVE ( 'NONE', #1527, #15, #1059, .T. ) ;
#1018 = ORIENTED_EDGE ( 'NONE', *, *, #673, .T. ) ;
#1019 = LINE ( 'NONE', #1398, #1335 ) ;
#1020 = ORIENTED_EDGE ( 'NONE', *, *, #619, .T. ) ;
#1021 = CARTESIAN_POINT ( 'NONE',  ( 3.673940397442059967E-15, 1.500000000000000000, 30.00000000000000355 ) ) ;
#1022 = DIRECTION ( 'NONE',  ( 0.000000000000000000, 0.000000000000000000, -1.000000000000000000 ) ) ;
#1023 = DIRECTION ( 'NONE',  ( 0.000000000000000000, -1.000000000000000000, 0.000000000000000000 ) ) ;
#1024 = DIRECTION ( 'NONE',  ( 0.000000000000000000, 0.000000000000000000, -1.000000000000000000 ) ) ;
#1025 = ORIENTED_EDGE ( 'NONE', *, *, #924, .T. ) ;
#1026 = EDGE_CURVE ( 'NONE', #1511, #1527, #872, .T. ) ;
#1027 = PLANE ( 'NONE',  #1361 ) ;
#1028 = AXIS2_PLACEMENT_3D ( 'NONE', #1358, #333, #464 ) ;
#1029 = DIRECTION ( 'NONE',  ( -0.000000000000000000, 1.000000000000000000, 0.000000000000000000 ) ) ;
#1030 = AXIS2_PLACEMENT_3D ( 'NONE', #519, #247, #378 ) ;
#1031 = VECTOR ( 'NONE', #468, 1000.000000000000000 ) ;
#1032 = LINE ( 'NONE', #488, #1117 ) ;
#1033 = VERTEX_POINT ( 'NONE', #145 ) ;
#1034 = LINE ( 'NONE', #644, #1304 ) ;
#1035 = VECTOR ( 'NONE', #1245, 1000.000000000000000 ) ;
#1036 = EDGE_CURVE ( 'NONE', #662, #1356, #790, .T. ) ;
#1037 = VECTOR ( 'NONE', #1647, 1000.000000000000000 ) ;
#1038 = ORIENTED_EDGE ( 'NONE', *, *, #1131, .F. ) ;
#1039 = FACE_OUTER_BOUND ( 'NONE', #1472, .T. ) ;
#1040 = CARTESIAN_POINT ( 'NONE',  ( 6.809785048659601436, -1.500000000000000000, 2.948723423225317219 ) ) ;
#1041 = CARTESIAN_POINT ( 'NONE',  ( -5.000000000000000888, -1.500000000000000000, -9.099999999999997868 ) ) ;
#1042 = ORIENTED_EDGE ( 'NONE', *, *, #702, .F. ) ;
#1043 = DIRECTION ( 'NONE',  ( 0.000000000000000000, 0.000000000000000000, 1.000000000000000000 ) ) ;
#1044 = VERTEX_POINT ( 'NONE', #532 ) ;
#1045 = CARTESIAN_POINT ( 'NONE',  ( -16.75000000000000000, -1.500000000000000000, 14.27457514062632704 ) ) ;
#1046 = EDGE_CURVE ( 'NONE', #261, #155, #658, .T. ) ;
#1047 = VERTEX_POINT ( 'NONE', #1050 ) ;
#1048 = CARTESIAN_POINT ( 'NONE',  ( 0.000000000000000000, -1.500000000000000000, 0.000000000000000000 ) ) ;
#1049 = EDGE_CURVE ( 'NONE', #15, #1642, #929, .T. ) ;
#1050 = CARTESIAN_POINT ( 'NONE',  ( 17.90063509461088032, -1.500000000000000000, -35.59519052838336250 ) ) ;
#1051 = ORIENTED_EDGE ( 'NONE', *, *, #1141, .F. ) ;
#1052 = DIRECTION ( 'NONE',  ( 0.000000000000000000, 1.000000000000000000, 0.000000000000000000 ) ) ;
#1053 = EDGE_LOOP ( 'NONE', ( #717, #1073, #849, #1379 ) ) ;
#1054 = DIRECTION ( 'NONE',  ( -0.000000000000000000, -1.000000000000000000, -0.000000000000000000 ) ) ;
#1055 = DIRECTION ( 'NONE',  ( -3.965082230804126670E-15, 0.000000000000000000, -1.000000000000000000 ) ) ;
#1056 = CYLINDRICAL_SURFACE ( 'NONE', #1531, 1.599999999999997202 ) ;
#1057 = VECTOR ( 'NONE', #632, 1000.000000000000000 ) ;
#1058 = ADVANCED_FACE ( 'NONE', ( #783 ), #1593, .F. ) ;
#1059 = LINE ( 'NONE', #685, #846 ) ;
#1060 = AXIS2_PLACEMENT_3D ( 'NONE', #41, #1488, #345 ) ;
#1061 = ORIENTED_EDGE ( 'NONE', *, *, #1131, .T. ) ;
#1062 = DIRECTION ( 'NONE',  ( 0.000000000000000000, 0.000000000000000000, -1.000000000000000000 ) ) ;
#1063 = CIRCLE ( 'NONE', #166, 1.749999999999999778 ) ;
#1064 = ORIENTED_EDGE ( 'NONE', *, *, #1635, .T. ) ;
#1065 = AXIS2_PLACEMENT_3D ( 'NONE', #698, #1214, #83 ) ;
#1066 = EDGE_LOOP ( 'NONE', ( #916, #1018 ) ) ;
#1067 = DIRECTION ( 'NONE',  ( 0.4472135954999577057, 0.000000000000000000, 0.8944271909999159664 ) ) ;
#1068 = CARTESIAN_POINT ( 'NONE',  ( -18.31524758424985322, 1.500000000000000000, 13.30719893275125365 ) ) ;
#1069 = EDGE_CURVE ( 'NONE', #1519, #700, #12, .T. ) ;
#1070 = ORIENTED_EDGE ( 'NONE', *, *, #1152, .F. ) ;
#1071 = CARTESIAN_POINT ( 'NONE',  ( 1.749999999999999778, -1.500000000000000000, 10.22972637552514463 ) ) ;
#1072 = ORIENTED_EDGE ( 'NONE', *, *, #430, .T. ) ;
#1073 = ORIENTED_EDGE ( 'NONE', *, *, #820, .T. ) ;
#1074 = CARTESIAN_POINT ( 'NONE',  ( 0.000000000000000000, -1.500000000000000000, 0.000000000000000000 ) ) ;
#1075 = CARTESIAN_POINT ( 'NONE',  ( -15.48368810393755268, 1.500000000000000000, 29.03262379212493016 ) ) ;
#1076 = ORIENTED_EDGE ( 'NONE', *, *, #1620, .F. ) ;
#1077 = DIRECTION ( 'NONE',  ( 0.000000000000000000, -1.000000000000000000, -0.000000000000000000 ) ) ;
#1078 = EDGE_CURVE ( 'NONE', #1399, #1047, #53, .T. ) ;
#1079 = ORIENTED_EDGE ( 'NONE', *, *, #650, .T. ) ;
#1080 = VERTEX_POINT ( 'NONE', #559 ) ;
#1081 = DIRECTION ( 'NONE',  ( 0.000000000000000000, 0.000000000000000000, 1.000000000000000000 ) ) ;
#1082 = CARTESIAN_POINT ( 'NONE',  ( 17.90063509461088032, 1.500000000000000000, -35.59519052838336250 ) ) ;
#1083 = EDGE_LOOP ( 'NONE', ( #98, #750, #1008, #297 ) ) ;
#1084 = AXIS2_PLACEMENT_3D ( 'NONE', #1598, #689, #664 ) ;
#1085 = CARTESIAN_POINT ( 'NONE',  ( 8.439833588694011013, -1.500000000000000000, -5.219782517540081379 ) ) ;
#1086 = VECTOR ( 'NONE', #894, 1000.000000000000000 ) ;
#1087 = VERTEX_POINT ( 'NONE', #1075 ) ;
#1088 = DIRECTION ( 'NONE',  ( -0.000000000000000000, -1.000000000000000000, -0.000000000000000000 ) ) ;
#1089 = CIRCLE ( 'NONE', #385, 1.749999999999999778 ) ;
#1090 = EDGE_CURVE ( 'NONE', #1437, #1243, #391, .T. ) ;
#1091 = VECTOR ( 'NONE', #674, 1000.000000000000227 ) ;
#1092 = EDGE_LOOP ( 'NONE', ( #392, #1072, #1457, #1449 ) ) ;
#1093 = DIRECTION ( 'NONE',  ( 0.000000000000000000, 0.000000000000000000, 1.000000000000000000 ) ) ;
#1094 = VECTOR ( 'NONE', #38, 1000.000000000000000 ) ;
#1095 = VECTOR ( 'NONE', #1395, 1000.000000000000000 ) ;
#1096 = FACE_BOUND ( 'NONE', #713, .T. ) ;
#1097 = VERTEX_POINT ( 'NONE', #1584 ) ;
#1098 = CARTESIAN_POINT ( 'NONE',  ( -7.500000000000040856, -1.500000000000000000, 3.399999999999999911 ) ) ;
#1099 = ORIENTED_EDGE ( 'NONE', *, *, #705, .T. ) ;
#1100 = DIRECTION ( 'NONE',  ( 0.000000000000000000, -1.000000000000000000, -0.000000000000000000 ) ) ;
#1101 = EDGE_CURVE ( 'NONE', #269, #569, #21, .T. ) ;
#1102 = CARTESIAN_POINT ( 'NONE',  ( 10.96483358869400426, -1.500000000000000000, -11.55620172189623318 ) ) ;
#1103 = EDGE_LOOP ( 'NONE', ( #344, #1209, #1300, #959 ) ) ;
#1104 = VERTEX_POINT ( 'NONE', #1041 ) ;
#1105 = LINE ( 'NONE', #92, #1555 ) ;
#1106 = DIRECTION ( 'NONE',  ( 0.000000000000000000, 0.000000000000000000, 1.000000000000000000 ) ) ;
#1107 = CARTESIAN_POINT ( 'NONE',  ( 17.84021765691029415, 1.500000000000000000, -40.59983660014386686 ) ) ;
#1108 = EDGE_CURVE ( 'NONE', #1637, #1104, #795, .T. ) ;
#1109 = ORIENTED_EDGE ( 'NONE', *, *, #1415, .T. ) ;
#1110 = DIRECTION ( 'NONE',  ( -0.000000000000000000, 1.000000000000000000, 0.000000000000000000 ) ) ;
#1111 = AXIS2_PLACEMENT_3D ( 'NONE', #1183, #9, #1055 ) ;
#1112 = EDGE_LOOP ( 'NONE', ( #1425, #819, #777, #686 ) ) ;
#1113 = DIRECTION ( 'NONE',  ( -0.000000000000000000, 1.000000000000000000, 0.000000000000000000 ) ) ;
#1114 = AXIS2_PLACEMENT_3D ( 'NONE', #842, #82, #1357 ) ;
#1115 = AXIS2_PLACEMENT_3D ( 'NONE', #762, #638, #1523 ) ;
#1116 = DIRECTION ( 'NONE',  ( 0.000000000000000000, 0.000000000000000000, -1.000000000000000000 ) ) ;
#1117 = VECTOR ( 'NONE', #626, 1000.000000000000000 ) ;
#1118 = CIRCLE ( 'NONE', #435, 1.749999999999999778 ) ;
#1119 = CARTESIAN_POINT ( 'NONE',  ( -22.13728757031316263, -1.500000000000000000, 1.749999999999999778 ) ) ;
#1120 = ORIENTED_EDGE ( 'NONE', *, *, #235, .T. ) ;
#1121 = PRODUCT_RELATED_PRODUCT_CATEGORY ( 'part', '', ( #278 ) ) ;
#1122 = ORIENTED_EDGE ( 'NONE', *, *, #562, .F. ) ;
#1123 = CARTESIAN_POINT ( 'NONE',  ( -25.00000000000000000, 1.500000000000000000, -7.499999999999997335 ) ) ;
#1124 = DIRECTION ( 'NONE',  ( -0.5000000000000035527, -0.000000000000000000, -0.8660254037844367092 ) ) ;
#1125 = CYLINDRICAL_SURFACE ( 'NONE', #655, 1.600000000000001643 ) ;
#1126 = VERTEX_POINT ( 'NONE', #915 ) ;
#1127 = DIRECTION ( 'NONE',  ( 0.000000000000000000, 1.000000000000000000, 0.000000000000000000 ) ) ;
#1128 = EDGE_LOOP ( 'NONE', ( #1498, #682 ) ) ;
#1129 = CARTESIAN_POINT ( 'NONE',  ( 0.000000000000000000, 1.500000000000000000, 0.000000000000000000 ) ) ;
#1130 = CARTESIAN_POINT ( 'NONE',  ( 14.85805598115666548, -1.500000000000000000, -23.57830262035543001 ) ) ;
#1131 = EDGE_CURVE ( 'NONE', #1704, #40, #246, .T. ) ;
#1132 = ORIENTED_EDGE ( 'NONE', *, *, #621, .T. ) ;
#1133 = DIRECTION ( 'NONE',  ( 0.000000000000000000, -1.000000000000000000, 0.000000000000000000 ) ) ;
#1134 = CARTESIAN_POINT ( 'NONE',  ( -29.99999999999999645, 1.500000000000000000, -13.98963702891815153 ) ) ;
#1135 = CARTESIAN_POINT ( 'NONE',  ( 0.000000000000000000, 1.500000000000000000, -9.082159740806346804 ) ) ;
#1136 = ORIENTED_EDGE ( 'NONE', *, *, #281, .T. ) ;
#1137 = CARTESIAN_POINT ( 'NONE',  ( 0.5801270189221621187, -1.500000000000000000, -23.99519052838326871 ) ) ;
#1138 = VERTEX_POINT ( 'NONE', #1191 ) ;
#1139 = DIRECTION ( 'NONE',  ( 0.000000000000000000, 0.000000000000000000, -1.000000000000000000 ) ) ;
#1140 = FACE_OUTER_BOUND ( 'NONE', #313, .T. ) ;
#1141 = EDGE_CURVE ( 'NONE', #354, #591, #152, .T. ) ;
#1142 = AXIS2_PLACEMENT_3D ( 'NONE', #1012, #1424, #1139 ) ;
#1143 = LINE ( 'NONE', #756, #875 ) ;
#1144 = DIRECTION ( 'NONE',  ( 0.000000000000000000, 1.000000000000000000, 0.000000000000000000 ) ) ;
#1145 = VECTOR ( 'NONE', #1667, 1000.000000000000000 ) ;
#1146 = ORIENTED_EDGE ( 'NONE', *, *, #1417, .F. ) ;
#1147 = DIRECTION ( 'NONE',  ( 0.000000000000000000, 0.000000000000000000, -1.000000000000000000 ) ) ;
#1148 = CARTESIAN_POINT ( 'NONE',  ( 0.000000000000000000, 1.500000000000000000, 10.22972637552514463 ) ) ;
#1149 = EDGE_CURVE ( 'NONE', #252, #137, #22, .T. ) ;
#1150 = DIRECTION ( 'NONE',  ( -0.4472135954999575391, 0.000000000000000000, -0.8944271909999159664 ) ) ;
#1151 = PRODUCT_CONTEXT ( 'NONE', #627, 'mechanical' ) ;
#1152 = EDGE_CURVE ( 'NONE', #1648, #473, #1451, .T. ) ;
#1153 = CARTESIAN_POINT ( 'NONE',  ( 15.73305598115667259, 1.500000000000000000, -22.06275816373266707 ) ) ;
#1154 = ORIENTED_EDGE ( 'NONE', *, *, #752, .F. ) ;
#1155 = DIRECTION ( 'NONE',  ( -1.000000000000000000, 0.000000000000000000, 2.312964634635740492E-16 ) ) ;
#1156 = VERTEX_POINT ( 'NONE', #403 ) ;
#1157 = CARTESIAN_POINT ( 'NONE',  ( 3.673940397442059967E-15, 1.500000000000000000, 30.00000000000000355 ) ) ;
#1158 = FACE_OUTER_BOUND ( 'NONE', #833, .T. ) ;
#1159 = DIRECTION ( 'NONE',  ( -0.000000000000000000, 1.000000000000000000, 0.000000000000000000 ) ) ;
#1160 = EDGE_CURVE ( 'NONE', #574, #417, #922, .T. ) ;
#1161 = VERTEX_POINT ( 'NONE', #1068 ) ;
#1162 = DIRECTION ( 'NONE',  ( 0.000000000000000000, 0.000000000000000000, -1.000000000000000000 ) ) ;
#1163 = DIRECTION ( 'NONE',  ( 2.312964634635742957E-16, 0.000000000000000000, -1.000000000000000000 ) ) ;
#1164 = AXIS2_PLACEMENT_3D ( 'NONE', #210, #1100, #1633 ) ;
#1165 = DIRECTION ( 'NONE',  ( 0.000000000000000000, 0.000000000000000000, 1.000000000000000000 ) ) ;
#1166 = AXIS2_PLACEMENT_3D ( 'NONE', #1238, #1113, #1643 ) ;
#1167 = CIRCLE ( 'NONE', #1442, 1.749999999999999778 ) ;
#1168 = DIRECTION ( 'NONE',  ( 0.000000000000000000, 0.000000000000000000, 1.000000000000000000 ) ) ;
#1169 = VECTOR ( 'NONE', #396, 1000.000000000000000 ) ;
#1170 = VERTEX_POINT ( 'NONE', #132 ) ;
#1171 = LINE ( 'NONE', #561, #1673 ) ;
#1172 = AXIS2_PLACEMENT_3D ( 'NONE', #1315, #657, #920 ) ;
#1173 = ORIENTED_EDGE ( 'NONE', *, *, #423, .F. ) ;
#1174 = DIRECTION ( 'NONE',  ( 0.000000000000000000, 1.000000000000000000, 0.000000000000000000 ) ) ;
#1175 = EDGE_LOOP ( 'NONE', ( #508, #530, #458, #171 ) ) ;
#1176 = DIRECTION ( 'NONE',  ( -0.000000000000000000, 1.000000000000000000, 0.000000000000000000 ) ) ;
#1177 = DIRECTION ( 'NONE',  ( 0.000000000000000000, 0.000000000000000000, -1.000000000000000000 ) ) ;
#1178 = ORIENTED_EDGE ( 'NONE', *, *, #1444, .T. ) ;
#1179 = LINE ( 'NONE', #1438, #758 ) ;
#1180 = ORIENTED_EDGE ( 'NONE', *, *, #1317, .T. ) ;
#1181 = CARTESIAN_POINT ( 'NONE',  ( 0.4566640776062780294, 1.500000000000000000, 28.94537948745912814 ) ) ;
#1182 = ADVANCED_FACE ( 'NONE', ( #420 ), #646, .T. ) ;
#1183 = CARTESIAN_POINT ( 'NONE',  ( 15.73305598115667259, -1.500000000000000000, -22.06275816373266707 ) ) ;
#1184 = PLANE ( 'NONE',  #792 ) ;
#1185 = DIRECTION ( 'NONE',  ( 0.000000000000000000, 0.000000000000000000, -1.000000000000000000 ) ) ;
#1186 = ORIENTED_EDGE ( 'NONE', *, *, #702, .T. ) ;
#1187 = DIRECTION ( 'NONE',  ( 0.000000000000000000, -1.000000000000000000, 0.000000000000000000 ) ) ;
#1188 = EDGE_LOOP ( 'NONE', ( #1693, #586 ) ) ;
#1189 = CARTESIAN_POINT ( 'NONE',  ( -30.00000000000000000, 1.500000000000000000, -0.4131189606246223889 ) ) ;
#1190 = CARTESIAN_POINT ( 'NONE',  ( -29.12499999999999645, 1.500000000000000000, -15.50518148554091802 ) ) ;
#1191 = CARTESIAN_POINT ( 'NONE',  ( -16.75000000000000000, 1.500000000000000000, 0.000000000000000000 ) ) ;
#1192 = AXIS2_PLACEMENT_3D ( 'NONE', #130, #1174, #1697 ) ;
#1193 = AXIS2_PLACEMENT_3D ( 'NONE', #677, #797, #14 ) ;
#1194 = ORIENTED_EDGE ( 'NONE', *, *, #185, .T. ) ;
#1195 = CARTESIAN_POINT ( 'NONE',  ( 16.96521765691029771, -1.500000000000000000, -42.11538105676663690 ) ) ;
#1196 = CIRCLE ( 'NONE', #1445, 1.599999999999999867 ) ;
#1197 = CIRCLE ( 'NONE', #302, 1.600000000000000755 ) ;
#1198 = ORIENTED_EDGE ( 'NONE', *, *, #529, .F. ) ;
#1199 = LINE ( 'NONE', #946, #1617 ) ;
#1200 = CARTESIAN_POINT ( 'NONE',  ( -28.24999999999999645, 1.500000000000000000, -0.4131189606246220558 ) ) ;
#1201 = EDGE_CURVE ( 'NONE', #307, #748, #39, .T. ) ;
#1202 = ORIENTED_EDGE ( 'NONE', *, *, #852, .F. ) ;
#1203 = DIRECTION ( 'NONE',  ( 0.8660254037844361541, 0.000000000000000000, -0.5000000000000042188 ) ) ;
#1204 = ORIENTED_EDGE ( 'NONE', *, *, #440, .F. ) ;
#1205 = CARTESIAN_POINT ( 'NONE',  ( -7.500000000000043521, 1.500000000000000000, 25.00000000000000000 ) ) ;
#1206 = VERTEX_POINT ( 'NONE', #1102 ) ;
#1207 = DIRECTION ( 'NONE',  ( -0.000000000000000000, -1.000000000000000000, -0.000000000000000000 ) ) ;
#1208 = CYLINDRICAL_SURFACE ( 'NONE', #389, 1.599999999999997202 ) ;
#1209 = ORIENTED_EDGE ( 'NONE', *, *, #641, .F. ) ;
#1210 = DIRECTION ( 'NONE',  ( 0.000000000000000000, 0.000000000000000000, 1.000000000000000000 ) ) ;
#1211 = EDGE_CURVE ( 'NONE', #637, #1047, #1234, .T. ) ;
#1212 = VERTEX_POINT ( 'NONE', #577 ) ;
#1213 = CARTESIAN_POINT ( 'NONE',  ( 1.749999999999999778, -1.500000000000000000, 11.97972637552514463 ) ) ;
#1214 = DIRECTION ( 'NONE',  ( -0.000000000000000000, -1.000000000000000000, -0.000000000000000000 ) ) ;
#1215 = FACE_BOUND ( 'NONE', #770, .T. ) ;
#1216 = EDGE_CURVE ( 'NONE', #1409, #1456, #584, .T. ) ;
#1217 = ORIENTED_EDGE ( 'NONE', *, *, #568, .T. ) ;
#1218 = CARTESIAN_POINT ( 'NONE',  ( 18.48076211353305709, 1.500000000000000000, -42.99038105676664401 ) ) ;
#1219 = VECTOR ( 'NONE', #1684, 1000.000000000000000 ) ;
#1220 = ORIENTED_EDGE ( 'NONE', *, *, #507, .F. ) ;
#1221 = CARTESIAN_POINT ( 'NONE',  ( 5.124999999999977796, -1.500000000000000000, -17.95892012959685502 ) ) ;
#1222 = AXIS2_PLACEMENT_3D ( 'NONE', #1471, #170, #1326 ) ;
#1223 = EDGE_CURVE ( 'NONE', #326, #1104, #1196, .T. ) ;
#1224 = AXIS2_PLACEMENT_3D ( 'NONE', #595, #1240, #189 ) ;
#1225 = CARTESIAN_POINT ( 'NONE',  ( -16.75000000000000000, 1.500000000000000000, 12.52457514062632704 ) ) ;
#1226 = CARTESIAN_POINT ( 'NONE',  ( -29.81524758424985322, 1.500000000000000000, 0.3695048315003023331 ) ) ;
#1227 = ORIENTED_EDGE ( 'NONE', *, *, #1367, .F. ) ;
#1228 = CARTESIAN_POINT ( 'NONE',  ( -22.13728757031316263, -1.500000000000000000, 1.749999999999999778 ) ) ;
#1229 = EDGE_LOOP ( 'NONE', ( #418, #952 ) ) ;
#1230 = CARTESIAN_POINT ( 'NONE',  ( -15.00000000000000000, -1.500000000000000000, 12.52457514062632704 ) ) ;
#1231 = CARTESIAN_POINT ( 'NONE',  ( 0.5801270189221621187, 1.500000000000000000, -25.59519052838326658 ) ) ;
#1232 = EDGE_CURVE ( 'NONE', #637, #617, #457, .T. ) ;
#1233 = EDGE_CURVE ( 'NONE', #1642, #252, #710, .T. ) ;
#1234 = LINE ( 'NONE', #1082, #220 ) ;
#1235 = EDGE_LOOP ( 'NONE', ( #1261, #1322, #330, #62 ) ) ;
#1236 = DIRECTION ( 'NONE',  ( 0.000000000000000000, 0.000000000000000000, -1.000000000000000000 ) ) ;
#1237 = ORIENTED_EDGE ( 'NONE', *, *, #1455, .F. ) ;
#1238 = CARTESIAN_POINT ( 'NONE',  ( -16.75000000000000000, -1.500000000000000000, 1.750000000000000000 ) ) ;
#1239 = DIRECTION ( 'NONE',  ( -0.8660254037844399289, 0.000000000000000000, -0.4999999999999978351 ) ) ;
#1240 = DIRECTION ( 'NONE',  ( 0.000000000000000000, -1.000000000000000000, 0.000000000000000000 ) ) ;
#1241 = EDGE_LOOP ( 'NONE', ( #290, #1099, #1070, #688 ) ) ;
#1242 = CARTESIAN_POINT ( 'NONE',  ( -15.00000000000000000, -1.500000000000000000, 12.52457514062632704 ) ) ;
#1243 = VERTEX_POINT ( 'NONE', #1467 ) ;
#1244 = DIRECTION ( 'NONE',  ( 0.000000000000000000, -1.000000000000000000, -0.000000000000000000 ) ) ;
#1245 = DIRECTION ( 'NONE',  ( 0.000000000000000000, -1.000000000000000000, 0.000000000000000000 ) ) ;
#1246 = CIRCLE ( 'NONE', #1166, 1.750000000000000000 ) ;
#1247 = VECTOR ( 'NONE', #1203, 1000.000000000000114 ) ;
#1248 = DIRECTION ( 'NONE',  ( -0.000000000000000000, 1.000000000000000000, 0.000000000000000000 ) ) ;
#1249 = FACE_OUTER_BOUND ( 'NONE', #928, .T. ) ;
#1250 = APPLICATION_PROTOCOL_DEFINITION ( 'draft international standard', 'automotive_design', 1998, #627 ) ;
#1251 = EDGE_LOOP ( 'NONE', ( #1076, #1397, #1000, #467, #1544, #358, #565 ) ) ;
#1252 = DIRECTION ( 'NONE',  ( 0.000000000000000000, -1.000000000000000000, -0.000000000000000000 ) ) ;
#1253 = EDGE_CURVE ( 'NONE', #28, #1622, #681, .T. ) ;
#1254 = ORIENTED_EDGE ( 'NONE', *, *, #86, .F. ) ;
#1255 = LINE ( 'NONE', #603, #1672 ) ;
#1256 = CARTESIAN_POINT ( 'NONE',  ( 17.33896611825060674, -1.500000000000000000, -21.36737867627352827 ) ) ;
#1257 = EDGE_LOOP ( 'NONE', ( #469, #502 ) ) ;
#1258 = CARTESIAN_POINT ( 'NONE',  ( -7.500000000000043521, -1.500000000000000000, 26.60000000000000142 ) ) ;
#1259 = PLANE ( 'NONE',  #549 ) ;
#1260 = CARTESIAN_POINT ( 'NONE',  ( -1.149246059487657456, 1.500000000000000000, 28.24999999999999645 ) ) ;
#1261 = ORIENTED_EDGE ( 'NONE', *, *, #1627, .T. ) ;
#1262 = FACE_OUTER_BOUND ( 'NONE', #1572, .T. ) ;
#1263 = ADVANCED_FACE ( 'NONE', ( #61, #301, #1502, #1352, #699, #434, #1215, #1478, #1628, #1096 ), #447, .F. ) ;
#1264 = ORIENTED_EDGE ( 'NONE', *, *, #1635, .F. ) ;
#1265 = DIRECTION ( 'NONE',  ( 0.000000000000000000, -1.000000000000000000, -0.000000000000000000 ) ) ;
#1266 = DIRECTION ( 'NONE',  ( 1.065615849528610275E-14, 0.000000000000000000, -1.000000000000000000 ) ) ;
#1267 = DIRECTION ( 'NONE',  ( 0.000000000000000000, 0.000000000000000000, -1.000000000000000000 ) ) ;
#1268 = ORIENTED_EDGE ( 'NONE', *, *, #203, .F. ) ;
#1269 = DIRECTION ( 'NONE',  ( 0.000000000000000000, 1.000000000000000000, 0.000000000000000000 ) ) ;
#1270 = ORIENTED_EDGE ( 'NONE', *, *, #1223, .T. ) ;
#1271 = LINE ( 'NONE', #123, #271 ) ;
#1272 = CIRCLE ( 'NONE', #811, 1.749999999999999778 ) ;
#1273 = ORIENTED_EDGE ( 'NONE', *, *, #661, .T. ) ;
#1274 = CARTESIAN_POINT ( 'NONE',  ( -15.00000000000000000, -1.500000000000000000, 0.000000000000000000 ) ) ;
#1275 = CIRCLE ( 'NONE', #1114, 1.750000000000001554 ) ;
#1276 = ADVANCED_FACE ( 'NONE', ( #969 ), #324, .F. ) ;
#1277 = VECTOR ( 'NONE', #982, 1000.000000000000000 ) ;
#1278 = DIRECTION ( 'NONE',  ( 0.3973597071195114627, -0.000000000000000000, -0.9176629354822478657 ) ) ;
#1279 = DIRECTION ( 'NONE',  ( 0.000000000000000000, 0.000000000000000000, -1.000000000000000000 ) ) ;
#1280 = VECTOR ( 'NONE', #285, 1000.000000000000000 ) ;
#1281 = AXIS2_PLACEMENT_3D ( 'NONE', #1119, #1023, #1005 ) ;
#1282 = DIRECTION ( 'NONE',  ( -0.000000000000000000, -1.000000000000000000, -0.000000000000000000 ) ) ;
#1283 = CIRCLE ( 'NONE', #493, 1.600000000000000755 ) ;
#1284 = EDGE_LOOP ( 'NONE', ( #1336, #1011, #1286, #89 ) ) ;
#1285 = CARTESIAN_POINT ( 'NONE',  ( -16.75000000000000000, 1.500000000000000000, 14.27457514062632704 ) ) ;
#1286 = ORIENTED_EDGE ( 'NONE', *, *, #521, .T. ) ;
#1287 = CARTESIAN_POINT ( 'NONE',  ( 0.5801270189221623408, 1.500000000000000000, -22.39519052838326729 ) ) ;
#1288 = ADVANCED_FACE ( 'NONE', ( #1371 ), #1484, .T. ) ;
#1289 = CARTESIAN_POINT ( 'NONE',  ( 8.439833588694011013, -1.500000000000000000, -5.219782517540081379 ) ) ;
#1290 = CARTESIAN_POINT ( 'NONE',  ( 6.809785048659601436, -1.500000000000000000, 2.948723423225317219 ) ) ;
#1291 = EDGE_LOOP ( 'NONE', ( #1136, #177, #970, #535 ) ) ;
#1292 = CYLINDRICAL_SURFACE ( 'NONE', #1469, 1.599999999999999867 ) ;
#1293 = ORIENTED_EDGE ( 'NONE', *, *, #521, .F. ) ;
#1294 = DIRECTION ( 'NONE',  ( -0.8660254037844399289, 0.000000000000000000, -0.4999999999999978351 ) ) ;
#1295 = ADVANCED_FACE ( 'NONE', ( #316 ), #590, .T. ) ;
#1296 = CARTESIAN_POINT ( 'NONE',  ( 17.90063509461088032, 1.500000000000000000, -33.99519052838336819 ) ) ;
#1297 = CARTESIAN_POINT ( 'NONE',  ( -15.00000000000001421, -1.500000000000000000, 30.00000000000000711 ) ) ;
#1298 = ORIENTED_EDGE ( 'NONE', *, *, #176, .F. ) ;
#1299 = FACE_OUTER_BOUND ( 'NONE', #282, .T. ) ;
#1300 = ORIENTED_EDGE ( 'NONE', *, *, #386, .F. ) ;
#1301 = LINE ( 'NONE', #1045, #513 ) ;
#1302 = AXIS2_PLACEMENT_3D ( 'NONE', #1529, #836, #707 ) ;
#1303 = DIRECTION ( 'NONE',  ( 0.9176629354822477547, 0.000000000000000000, 0.3973597071195114627 ) ) ;
#1304 = VECTOR ( 'NONE', #1689, 1000.000000000000114 ) ;
#1305 = VECTOR ( 'NONE', #660, 1000.000000000000000 ) ;
#1306 = CARTESIAN_POINT ( 'NONE',  ( -25.00000000000000000, 1.500000000000000000, -7.499999999999997335 ) ) ;
#1307 = AXIS2_PLACEMENT_3D ( 'NONE', #607, #367, #874 ) ;
#1308 = ORIENTED_EDGE ( 'NONE', *, *, #550, .F. ) ;
#1309 = DIRECTION ( 'NONE',  ( -0.000000000000000000, -1.000000000000000000, -0.000000000000000000 ) ) ;
#1310 = ADVANCED_FACE ( 'NONE', ( #691 ), #1208, .F. ) ;
#1311 = PRODUCT_DEFINITION_CONTEXT ( 'detailed design', #890, 'design' ) ;
#1312 = ORIENTED_EDGE ( 'NONE', *, *, #641, .T. ) ;
#1313 = DIRECTION ( 'NONE',  ( 0.000000000000000000, 1.000000000000000000, 0.000000000000000000 ) ) ;
#1314 = CARTESIAN_POINT ( 'NONE',  ( -15.00000000000000000, 1.500000000000000000, 0.000000000000000000 ) ) ;
#1315 = CARTESIAN_POINT ( 'NONE',  ( -5.000000000000000888, -1.500000000000000000, -7.499999999999999112 ) ) ;
#1316 = DIRECTION ( 'NONE',  ( 0.000000000000000000, 1.000000000000000000, 0.000000000000000000 ) ) ;
#1317 = EDGE_CURVE ( 'NONE', #569, #1356, #455, .T. ) ;
#1318 = ORIENTED_EDGE ( 'NONE', *, *, #263, .T. ) ;
#1319 = CARTESIAN_POINT ( 'NONE',  ( 17.90063509461088032, 1.500000000000000000, -32.39519052838336677 ) ) ;
#1320 = EDGE_CURVE ( 'NONE', #554, #1594, #1118, .T. ) ;
#1321 = ORIENTED_EDGE ( 'NONE', *, *, #1417, .T. ) ;
#1322 = ORIENTED_EDGE ( 'NONE', *, *, #1046, .T. ) ;
#1323 = DIRECTION ( 'NONE',  ( 0.000000000000000000, 0.000000000000000000, -1.000000000000000000 ) ) ;
#1324 = DIRECTION ( 'NONE',  ( 0.000000000000000000, 0.000000000000000000, -1.000000000000000000 ) ) ;
#1325 = VERTEX_POINT ( 'NONE', #1678 ) ;
#1326 = DIRECTION ( 'NONE',  ( 0.000000000000000000, 0.000000000000000000, 1.000000000000000000 ) ) ;
#1327 = ORIENTED_EDGE ( 'NONE', *, *, #76, .F. ) ;
#1328 = DIRECTION ( 'NONE',  ( -0.000000000000000000, 0.000000000000000000, -1.000000000000000000 ) ) ;
#1329 = CARTESIAN_POINT ( 'NONE',  ( -15.48368810393755268, 1.500000000000000000, 29.03262379212493016 ) ) ;
#1330 = ADVANCED_FACE ( 'NONE', ( #768 ), #364, .F. ) ;
#1331 = VECTOR ( 'NONE', #1554, 1000.000000000000114 ) ;
#1332 = ADVANCED_BREP_SHAPE_REPRESENTATION ( 'bottom palte_1', ( #767, #58 ), #580 ) ;
#1333 = CARTESIAN_POINT ( 'NONE',  ( 17.84021765691029415, 1.500000000000000000, -42.34983660014386686 ) ) ;
#1334 = VECTOR ( 'NONE', #1632, 1000.000000000000000 ) ;
#1335 = VECTOR ( 'NONE', #1422, 1000.000000000000000 ) ;
#1336 = ORIENTED_EDGE ( 'NONE', *, *, #454, .F. ) ;
#1337 = DIRECTION ( 'NONE',  ( 0.000000000000000000, 0.000000000000000000, -1.000000000000000000 ) ) ;
#1338 = VECTOR ( 'NONE', #267, 1000.000000000000000 ) ;
#1339 = VECTOR ( 'NONE', #1016, 1000.000000000000000 ) ;
#1340 = DIRECTION ( 'NONE',  ( -0.000000000000000000, 1.000000000000000000, 0.000000000000000000 ) ) ;
#1341 = VERTEX_POINT ( 'NONE', #223 ) ;
#1342 = PLANE ( 'NONE',  #461 ) ;
#1343 = EDGE_CURVE ( 'NONE', #800, #377, #1197, .T. ) ;
#1344 = DIRECTION ( 'NONE',  ( 0.000000000000000000, 0.000000000000000000, -1.000000000000000000 ) ) ;
#1345 = VERTEX_POINT ( 'NONE', #505 ) ;
#1346 = DIRECTION ( 'NONE',  ( -0.8660254037844365982, 0.000000000000000000, 0.5000000000000035527 ) ) ;
#1347 = ORIENTED_EDGE ( 'NONE', *, *, #1596, .T. ) ;
#1348 = CYLINDRICAL_SURFACE ( 'NONE', #1468, 1.749999999999999778 ) ;
#1349 = CARTESIAN_POINT ( 'NONE',  ( -16.75000000000000000, -1.500000000000000000, 12.52457514062632704 ) ) ;
#1350 = ADVANCED_FACE ( 'NONE', ( #1249 ), #496, .F. ) ;
#1351 = CARTESIAN_POINT ( 'NONE',  ( 3.355910137093932821, -1.500000000000000000, 10.92510586298429232 ) ) ;
#1352 = FACE_BOUND ( 'NONE', #1229, .T. ) ;
#1353 = ADVANCED_FACE ( 'NONE', ( #1384 ), #379, .F. ) ;
#1354 = ORIENTED_EDGE ( 'NONE', *, *, #423, .T. ) ;
#1355 = ADVANCED_FACE ( 'NONE', ( #1394 ), #1259, .T. ) ;
#1356 = VERTEX_POINT ( 'NONE', #1401 ) ;
#1357 = DIRECTION ( 'NONE',  ( 0.000000000000000000, 0.000000000000000000, -1.000000000000000000 ) ) ;
#1358 = CARTESIAN_POINT ( 'NONE',  ( 5.999999999999985789, -1.500000000000000000, -16.44337567297408853 ) ) ;
#1359 = DIRECTION ( 'NONE',  ( 0.000000000000000000, 0.000000000000000000, 1.000000000000000000 ) ) ;
#1360 = ORIENTED_EDGE ( 'NONE', *, *, #1543, .F. ) ;
#1361 = AXIS2_PLACEMENT_3D ( 'NONE', #1014, #1539, #1163 ) ;
#1362 = DIRECTION ( 'NONE',  ( -2.973811673103098158E-15, 0.000000000000000000, -1.000000000000000000 ) ) ;
#1363 = VECTOR ( 'NONE', #773, 999.9999999999998863 ) ;
#1364 = EDGE_CURVE ( 'NONE', #1033, #1341, #212, .T. ) ;
#1365 = ORIENTED_EDGE ( 'NONE', *, *, #867, .F. ) ;
#1366 = CIRCLE ( 'NONE', #1222, 1.600000000000000755 ) ;
#1367 = EDGE_CURVE ( 'NONE', #462, #1044, #1615, .T. ) ;
#1368 = CIRCLE ( 'NONE', #734, 1.599999999999999867 ) ;
#1369 = VECTOR ( 'NONE', #1619, 1000.000000000000000 ) ;
#1370 = CIRCLE ( 'NONE', #823, 1.749999999999999778 ) ;
#1371 = FACE_OUTER_BOUND ( 'NONE', #1291, .T. ) ;
#1372 = ORIENTED_EDGE ( 'NONE', *, *, #1233, .F. ) ;
#1373 = DIRECTION ( 'NONE',  ( -0.000000000000000000, 1.000000000000000000, 0.000000000000000000 ) ) ;
#1374 = ORIENTED_EDGE ( 'NONE', *, *, #29, .F. ) ;
#1375 = FACE_OUTER_BOUND ( 'NONE', #1561, .T. ) ;
#1376 = CARTESIAN_POINT ( 'NONE',  ( 7.745190528383267825, 1.500000000000000000, -13.41506350946113635 ) ) ;
#1377 = DIRECTION ( 'NONE',  ( -0.000000000000000000, -1.000000000000000000, -0.000000000000000000 ) ) ;
#1378 = ORIENTED_EDGE ( 'NONE', *, *, #884, .T. ) ;
#1379 = ORIENTED_EDGE ( 'NONE', *, *, #1201, .F. ) ;
#1380 = LINE ( 'NONE', #985, #1334 ) ;
#1381 = DIRECTION ( 'NONE',  ( 0.4472135954999577057, 0.000000000000000000, 0.8944271909999159664 ) ) ;
#1382 = LINE ( 'NONE', #1376, #1696 ) ;
#1383 = EDGE_CURVE ( 'NONE', #700, #1097, #1500, .T. ) ;
#1384 = FACE_OUTER_BOUND ( 'NONE', #421, .T. ) ;
#1385 = CYLINDRICAL_SURFACE ( 'NONE', #877, 1.750000000000001554 ) ;
#1386 = ORIENTED_EDGE ( 'NONE', *, *, #806, .T. ) ;
#1387 = DIRECTION ( 'NONE',  ( 0.000000000000000000, 0.000000000000000000, -1.000000000000000000 ) ) ;
#1388 = ORIENTED_EDGE ( 'NONE', *, *, #1685, .F. ) ;
#1389 = CARTESIAN_POINT ( 'NONE',  ( -29.81524758424984967, 1.500000000000000000, 0.3695048315003057748 ) ) ;
#1390 = VECTOR ( 'NONE', #218, 1000.000000000000000 ) ;
#1391 = VECTOR ( 'NONE', #1309, 1000.000000000000000 ) ;
#1392 = VECTOR ( 'NONE', #241, 1000.000000000000114 ) ;
#1393 = AXIS2_PLACEMENT_3D ( 'NONE', #672, #401, #1067 ) ;
#1394 = FACE_OUTER_BOUND ( 'NONE', #1606, .T. ) ;
#1395 = DIRECTION ( 'NONE',  ( 1.000000000000000000, -0.000000000000000000, -2.312964634635740492E-16 ) ) ;
#1396 = ADVANCED_FACE ( 'NONE', ( #1419 ), #1510, .F. ) ;
#1397 = ORIENTED_EDGE ( 'NONE', *, *, #501, .T. ) ;
#1398 = CARTESIAN_POINT ( 'NONE',  ( 0.000000000000000000, 1.500000000000000000, -0.000000000000000000 ) ) ;
#1399 = VERTEX_POINT ( 'NONE', #87 ) ;
#1400 = DIRECTION ( 'NONE',  ( -0.000000000000000000, 1.000000000000000000, 0.000000000000000000 ) ) ;
#1401 = CARTESIAN_POINT ( 'NONE',  ( -25.00000000000000000, -1.500000000000000000, -9.099999999999997868 ) ) ;
#1402 = LINE ( 'NONE', #1503, #1095 ) ;
#1403 = ORIENTED_EDGE ( 'NONE', *, *, #460, .F. ) ;
#1404 = CYLINDRICAL_SURFACE ( 'NONE', #492, 1.749999999999999778 ) ;
#1405 = ORIENTED_EDGE ( 'NONE', *, *, #924, .F. ) ;
#1406 = LINE ( 'NONE', #1129, #139 ) ;
#1407 = EDGE_CURVE ( 'NONE', #1097, #162, #1548, .T. ) ;
#1408 = ADVANCED_FACE ( 'NONE', ( #605 ), #1125, .F. ) ;
#1409 = VERTEX_POINT ( 'NONE', #104 ) ;
#1410 = CARTESIAN_POINT ( 'NONE',  ( -25.00000000000000000, 1.500000000000000000, -7.499999999999997335 ) ) ;
#1411 = CARTESIAN_POINT ( 'NONE',  ( 11.83983358869399716, 1.500000000000000000, -13.07174617851899967 ) ) ;
#1412 = FACE_OUTER_BOUND ( 'NONE', #1083, .T. ) ;
#1413 = EDGE_LOOP ( 'NONE', ( #1403, #1308, #487, #1388 ) ) ;
#1414 = CYLINDRICAL_SURFACE ( 'NONE', #1142, 1.600000000000000755 ) ;
#1415 = EDGE_CURVE ( 'NONE', #1527, #462, #239, .T. ) ;
#1416 = LINE ( 'NONE', #495, #1331 ) ;
#1417 = EDGE_CURVE ( 'NONE', #1688, #305, #1143, .T. ) ;
#1418 = VECTOR ( 'NONE', #1474, 1000.000000000000000 ) ;
#1419 = FACE_OUTER_BOUND ( 'NONE', #134, .T. ) ;
#1420 = VECTOR ( 'NONE', #933, 1000.000000000000114 ) ;
#1421 = AXIS2_PLACEMENT_3D ( 'NONE', #30, #566, #1081 ) ;
#1422 = DIRECTION ( 'NONE',  ( -1.000000000000000000, 0.000000000000000000, 0.000000000000000000 ) ) ;
#1423 = ORIENTED_EDGE ( 'NONE', *, *, #529, .T. ) ;
#1424 = DIRECTION ( 'NONE',  ( -0.000000000000000000, -1.000000000000000000, -0.000000000000000000 ) ) ;
#1425 = ORIENTED_EDGE ( 'NONE', *, *, #309, .F. ) ;
#1426 = LINE ( 'NONE', #255, #1363 ) ;
#1427 = EDGE_CURVE ( 'NONE', #1605, #1611, #119, .T. ) ;
#1428 = CYLINDRICAL_SURFACE ( 'NONE', #1559, 1.600000000000000755 ) ;
#1429 = CARTESIAN_POINT ( 'NONE',  ( 5.245190528383274930, 1.500000000000000000, -9.084936490538931153 ) ) ;
#1430 = ORIENTED_EDGE ( 'NONE', *, *, #1049, .T. ) ;
#1431 = DIRECTION ( 'NONE',  ( -0.000000000000000000, 1.000000000000000000, 0.000000000000000000 ) ) ;
#1432 = ORIENTED_EDGE ( 'NONE', *, *, #1452, .T. ) ;
#1433 = ORIENTED_EDGE ( 'NONE', *, *, #1343, .F. ) ;
#1434 = DIRECTION ( 'NONE',  ( 0.000000000000000000, -1.000000000000000000, 0.000000000000000000 ) ) ;
#1435 = ADVANCED_FACE ( 'NONE', ( #250 ), #1428, .F. ) ;
#1436 = DIRECTION ( 'NONE',  ( 0.000000000000000000, 0.000000000000000000, 1.000000000000000000 ) ) ;
#1437 = VERTEX_POINT ( 'NONE', #284 ) ;
#1438 = CARTESIAN_POINT ( 'NONE',  ( 13.44574372578792953, -1.500000000000000000, -12.37636669105985199 ) ) ;
#1439 = ORIENTED_EDGE ( 'NONE', *, *, #1585, .T. ) ;
#1440 = DIRECTION ( 'NONE',  ( 0.000000000000000000, 0.000000000000000000, -1.000000000000000000 ) ) ;
#1441 = VECTOR ( 'NONE', #1400, 1000.000000000000000 ) ;
#1442 = AXIS2_PLACEMENT_3D ( 'NONE', #1071, #555, #1062 ) ;
#1443 = CARTESIAN_POINT ( 'NONE',  ( 25.98076211353308551, 1.500000000000000000, -30.00000000000013145 ) ) ;
#1444 = EDGE_CURVE ( 'NONE', #137, #1087, #141, .T. ) ;
#1445 = AXIS2_PLACEMENT_3D ( 'NONE', #965, #427, #48 ) ;
#1446 = ORIENTED_EDGE ( 'NONE', *, *, #1108, .F. ) ;
#1447 = CYLINDRICAL_SURFACE ( 'NONE', #1610, 1.749999999999999778 ) ;
#1448 = VECTOR ( 'NONE', #1124, 1000.000000000000000 ) ;
#1449 = ORIENTED_EDGE ( 'NONE', *, *, #1317, .F. ) ;
#1450 = LINE ( 'NONE', #1190, #957 ) ;
#1451 = LINE ( 'NONE', #5, #1499 ) ;
#1452 = EDGE_CURVE ( 'NONE', #1044, #1511, #1450, .T. ) ;
#1453 = ORIENTED_EDGE ( 'NONE', *, *, #149, .T. ) ;
#1454 = CARTESIAN_POINT ( 'NONE',  ( -25.00000000000000000, -1.500000000000000000, -5.899999999999995914 ) ) ;
#1455 = EDGE_CURVE ( 'NONE', #1519, #839, #221, .T. ) ;
#1456 = VERTEX_POINT ( 'NONE', #257 ) ;
#1457 = ORIENTED_EDGE ( 'NONE', *, *, #286, .F. ) ;
#1458 = CARTESIAN_POINT ( 'NONE',  ( -29.99999999999999645, 1.500000000000000000, -13.98963702891815153 ) ) ;
#1459 = CARTESIAN_POINT ( 'NONE',  ( 1.750000000000000000, -1.500000000000000000, -9.082159740806346804 ) ) ;
#1460 = ORIENTED_EDGE ( 'NONE', *, *, #1585, .F. ) ;
#1461 = CARTESIAN_POINT ( 'NONE',  ( 1.750000000000000000, -1.500000000000000000, -9.082159740806346804 ) ) ;
#1462 = ORIENTED_EDGE ( 'NONE', *, *, #86, .T. ) ;
#1463 = EDGE_CURVE ( 'NONE', #1104, #326, #930, .T. ) ;
#1464 = ORIENTED_EDGE ( 'NONE', *, *, #1211, .T. ) ;
#1465 = LINE ( 'NONE', #1607, #1035 ) ;
#1466 = VECTOR ( 'NONE', #73, 1000.000000000000000 ) ;
#1467 = CARTESIAN_POINT ( 'NONE',  ( 9.314833588694007460, 1.500000000000000000, -6.735326974162850533 ) ) ;
#1468 = AXIS2_PLACEMENT_3D ( 'NONE', #399, #696, #1571 ) ;
#1469 = AXIS2_PLACEMENT_3D ( 'NONE', #886, #629, #1147 ) ;
#1470 = ORIENTED_EDGE ( 'NONE', *, *, #733, .T. ) ;
#1471 = CARTESIAN_POINT ( 'NONE',  ( -7.500000000000040856, -1.500000000000000000, 5.000000000000000888 ) ) ;
#1472 = EDGE_LOOP ( 'NONE', ( #1551, #954, #1577, #1293 ) ) ;
#1473 = VECTOR ( 'NONE', #1686, 1000.000000000000114 ) ;
#1474 = DIRECTION ( 'NONE',  ( 0.000000000000000000, -1.000000000000000000, 0.000000000000000000 ) ) ;
#1475 = AXIS2_PLACEMENT_3D ( 'NONE', #739, #360, #683 ) ;
#1476 = ORIENTED_EDGE ( 'NONE', *, *, #1676, .F. ) ;
#1477 = DIRECTION ( 'NONE',  ( 0.000000000000000000, -1.000000000000000000, -0.000000000000000000 ) ) ;
#1478 = FACE_BOUND ( 'NONE', #908, .T. ) ;
#1479 = ORIENTED_EDGE ( 'NONE', *, *, #537, .T. ) ;
#1480 = ORIENTED_EDGE ( 'NONE', *, *, #1216, .F. ) ;
#1481 = LINE ( 'NONE', #208, #1390 ) ;
#1482 = ORIENTED_EDGE ( 'NONE', *, *, #227, .F. ) ;
#1483 = LINE ( 'NONE', #181, #144 ) ;
#1484 = PLANE ( 'NONE',  #300 ) ;
#1485 = ADVANCED_FACE ( 'NONE', ( #774 ), #1056, .F. ) ;
#1486 = EDGE_LOOP ( 'NONE', ( #931, #1453, #315, #337 ) ) ;
#1487 = EDGE_CURVE ( 'NONE', #1504, #307, #85, .T. ) ;
#1488 = DIRECTION ( 'NONE',  ( -0.000000000000000000, 1.000000000000000000, 0.000000000000000000 ) ) ;
#1489 = ORIENTED_EDGE ( 'NONE', *, *, #1232, .F. ) ;
#1490 = CARTESIAN_POINT ( 'NONE',  ( 0.000000000000000000, -1.500000000000000000, -9.082159740806346804 ) ) ;
#1491 = CARTESIAN_POINT ( 'NONE',  ( 17.84021765691029415, 1.500000000000000000, -40.59983660014386686 ) ) ;
#1492 = ADVANCED_FACE ( 'NONE', ( #782 ), #808, .F. ) ;
#1493 = DIRECTION ( 'NONE',  ( -0.000000000000000000, -1.000000000000000000, -0.000000000000000000 ) ) ;
#1494 = EDGE_LOOP ( 'NONE', ( #1202, #394, #556, #100 ) ) ;
#1495 = CIRCLE ( 'NONE', #1003, 1.600000000000000755 ) ;
#1496 = CARTESIAN_POINT ( 'NONE',  ( -15.00000000000000000, 1.500000000000000000, 1.750000000000000000 ) ) ;
#1497 = AXIS2_PLACEMENT_3D ( 'NONE', #942, #398, #1603 ) ;
#1498 = ORIENTED_EDGE ( 'NONE', *, *, #286, .T. ) ;
#1499 = VECTOR ( 'NONE', #159, 1000.000000000000000 ) ;
#1500 = CIRCLE ( 'NONE', #737, 1.750000000000001554 ) ;
#1501 = FACE_OUTER_BOUND ( 'NONE', #1413, .T. ) ;
#1502 = FACE_OUTER_BOUND ( 'NONE', #693, .T. ) ;
#1503 = CARTESIAN_POINT ( 'NONE',  ( 3.673940397442059967E-15, -1.500000000000000000, 30.00000000000000355 ) ) ;
#1504 = VERTEX_POINT ( 'NONE', #801 ) ;
#1505 = CARTESIAN_POINT ( 'NONE',  ( 25.98076211353308551, 1.500000000000000000, -30.00000000000013145 ) ) ;
#1506 = ORIENTED_EDGE ( 'NONE', *, *, #1660, .T. ) ;
#1507 = CARTESIAN_POINT ( 'NONE',  ( -29.99999999999999645, -1.500000000000000000, -13.98963702891815153 ) ) ;
#1508 = ADVANCED_FACE ( 'NONE', ( #410, #265, #665, #4, #1158, #390, #538, #419, #531, #291 ), #1184, .T. ) ;
#1509 = CARTESIAN_POINT ( 'NONE',  ( 25.54055643048624802, 1.500000000000000000, -30.76245860881781624 ) ) ;
#1510 = CYLINDRICAL_SURFACE ( 'NONE', #520, 1.750000000000001554 ) ;
#1511 = VERTEX_POINT ( 'NONE', #10 ) ;
#1512 = CYLINDRICAL_SURFACE ( 'NONE', #1060, 1.749999999999999778 ) ;
#1513 = ORIENTED_EDGE ( 'NONE', *, *, #1141, .T. ) ;
#1514 = DIRECTION ( 'NONE',  ( -1.734723475976805517E-15, 0.000000000000000000, -1.000000000000000000 ) ) ;
#1515 = LINE ( 'NONE', #1074, #1010 ) ;
#1516 = DIRECTION ( 'NONE',  ( 0.000000000000000000, 1.000000000000000000, 0.000000000000000000 ) ) ;
#1517 = ADVANCED_FACE ( 'NONE', ( #932 ), #395, .F. ) ;
#1518 = DIRECTION ( 'NONE',  ( -0.000000000000000000, 1.000000000000000000, 0.000000000000000000 ) ) ;
#1519 = VERTEX_POINT ( 'NONE', #548 ) ;
#1520 = DIRECTION ( 'NONE',  ( 0.000000000000000000, 0.000000000000000000, 1.000000000000000000 ) ) ;
#1521 = AXIS2_PLACEMENT_3D ( 'NONE', #425, #1328, #547 ) ;
#1522 = VERTEX_POINT ( 'NONE', #939 ) ;
#1523 = DIRECTION ( 'NONE',  ( 0.000000000000000000, 0.000000000000000000, -1.000000000000000000 ) ) ;
#1524 = FACE_OUTER_BOUND ( 'NONE', #1112, .T. ) ;
#1525 = AXIS2_PLACEMENT_3D ( 'NONE', #1562, #1265, #1162 ) ;
#1526 = ADVANCED_FACE ( 'NONE', ( #1566 ), #1574, .F. ) ;
#1527 = VERTEX_POINT ( 'NONE', #1458 ) ;
#1528 = CIRCLE ( 'NONE', #1497, 1.750000000000001554 ) ;
#1529 = CARTESIAN_POINT ( 'NONE',  ( -16.75000000000000000, -1.500000000000000000, 1.750000000000000000 ) ) ;
#1530 = CIRCLE ( 'NONE', #899, 1.749999999999999778 ) ;
#1531 = AXIS2_PLACEMENT_3D ( 'NONE', #1296, #794, #1582 ) ;
#1532 = CARTESIAN_POINT ( 'NONE',  ( 7.745190528383267825, -1.500000000000000000, -13.41506350946113635 ) ) ;
#1533 = CARTESIAN_POINT ( 'NONE',  ( -16.75000000000000000, -1.500000000000000000, 0.000000000000000000 ) ) ;
#1534 = ADVANCED_FACE ( 'NONE', ( #1691 ), #640, .F. ) ;
#1535 = EDGE_LOOP ( 'NONE', ( #667, #407, #1464, #71 ) ) ;
#1536 = CARTESIAN_POINT ( 'NONE',  ( -7.500000000000043521, 1.500000000000000000, 25.00000000000000000 ) ) ;
#1537 = EDGE_LOOP ( 'NONE', ( #966, #1079, #91, #243 ) ) ;
#1538 = DIRECTION ( 'NONE',  ( 0.000000000000000000, 0.000000000000000000, -1.000000000000000000 ) ) ;
#1539 = DIRECTION ( 'NONE',  ( 1.000000000000000000, -0.000000000000000000, 2.312964634635742957E-16 ) ) ;
#1540 = DIRECTION ( 'NONE',  ( 0.000000000000000000, -1.000000000000000000, -0.000000000000000000 ) ) ;
#1541 = DIRECTION ( 'NONE',  ( 0.000000000000000000, 0.000000000000000000, -1.000000000000000000 ) ) ;
#1542 = LINE ( 'NONE', #1659, #165 ) ;
#1543 = EDGE_CURVE ( 'NONE', #230, #326, #963, .T. ) ;
#1544 = ORIENTED_EDGE ( 'NONE', *, *, #29, .T. ) ;
#1545 = CARTESIAN_POINT ( 'NONE',  ( -7.500000000000043521, 1.500000000000000000, 23.40000000000000213 ) ) ;
#1546 = ORIENTED_EDGE ( 'NONE', *, *, #921, .T. ) ;
#1547 = CARTESIAN_POINT ( 'NONE',  ( -29.81524758424984967, -1.500000000000000000, 0.3695048315003057748 ) ) ;
#1548 = LINE ( 'NONE', #895, #822 ) ;
#1549 = LINE ( 'NONE', #642, #433 ) ;
#1550 = ADVANCED_FACE ( 'NONE', ( #955 ), #1342, .T. ) ;
#1551 = ORIENTED_EDGE ( 'NONE', *, *, #867, .T. ) ;
#1552 = DIRECTION ( 'NONE',  ( 0.000000000000000000, 0.000000000000000000, -1.000000000000000000 ) ) ;
#1553 = ORIENTED_EDGE ( 'NONE', *, *, #42, .F. ) ;
#1554 = DIRECTION ( 'NONE',  ( 0.3973597071195114627, 0.000000000000000000, -0.9176629354822478657 ) ) ;
#1555 = VECTOR ( 'NONE', #1625, 1000.000000000000114 ) ;
#1556 = PRESENTATION_LAYER_ASSIGNMENT (  '', '', ( #19 ) ) ;
#1557 = CARTESIAN_POINT ( 'NONE',  ( -5.000000000000000888, 1.500000000000000000, -7.499999999999999112 ) ) ;
#1558 = CIRCLE ( 'NONE', #1586, 1.600000000000000755 ) ;
#1559 = AXIS2_PLACEMENT_3D ( 'NONE', #906, #1592, #1700 ) ;
#1560 = PLANE ( 'NONE',  #194 ) ;
#1561 = EDGE_LOOP ( 'NONE', ( #59, #1506, #948, #1432 ) ) ;
#1562 = CARTESIAN_POINT ( 'NONE',  ( -22.13728757031316263, 1.500000000000000000, 1.749999999999999778 ) ) ;
#1563 = LINE ( 'NONE', #124, #676 ) ;
#1564 = EDGE_CURVE ( 'NONE', #40, #228, #1465, .T. ) ;
#1565 = VERTEX_POINT ( 'NONE', #439 ) ;
#1566 = FACE_OUTER_BOUND ( 'NONE', #1241, .T. ) ;
#1567 = CARTESIAN_POINT ( 'NONE',  ( 0.5801270189221623408, 1.500000000000000000, -22.39519052838326729 ) ) ;
#1568 = ORIENTED_EDGE ( 'NONE', *, *, #1543, .T. ) ;
#1569 = DIRECTION ( 'NONE',  ( 0.000000000000000000, 1.000000000000000000, 0.000000000000000000 ) ) ;
#1570 = ORIENTED_EDGE ( 'NONE', *, *, #1695, .T. ) ;
#1571 = DIRECTION ( 'NONE',  ( 0.000000000000000000, 0.000000000000000000, 1.000000000000000000 ) ) ;
#1572 = EDGE_LOOP ( 'NONE', ( #941, #1298, #743, #1372 ) ) ;
#1573 = EDGE_CURVE ( 'NONE', #33, #1156, #426, .T. ) ;
#1574 = PLANE ( 'NONE',  #1393 ) ;
#1575 = EDGE_CURVE ( 'NONE', #40, #1437, #763, .T. ) ;
#1576 = DIRECTION ( 'NONE',  ( 0.000000000000000000, 1.000000000000000000, 0.000000000000000000 ) ) ;
#1577 = ORIENTED_EDGE ( 'NONE', *, *, #733, .F. ) ;
#1578 = DIRECTION ( 'NONE',  ( -0.000000000000000000, 1.000000000000000000, 0.000000000000000000 ) ) ;
#1579 = VERTEX_POINT ( 'NONE', #690 ) ;
#1580 = AXIS2_PLACEMENT_3D ( 'NONE', #504, #1690, #1022 ) ;
#1581 = ORIENTED_EDGE ( 'NONE', *, *, #1090, .T. ) ;
#1582 = DIRECTION ( 'NONE',  ( 0.000000000000000000, 0.000000000000000000, -1.000000000000000000 ) ) ;
#1583 = CIRCLE ( 'NONE', #975, 1.750000000000001554 ) ;
#1584 = CARTESIAN_POINT ( 'NONE',  ( 19.35576211353306419, -1.500000000000000000, -41.47483660014387397 ) ) ;
#1585 = EDGE_CURVE ( 'NONE', #346, #354, #1483, .T. ) ;
#1586 = AXIS2_PLACEMENT_3D ( 'NONE', #1137, #996, #1520 ) ;
#1587 = EDGE_LOOP ( 'NONE', ( #1665, #8, #938, #236, #179, #1051, #279 ) ) ;
#1588 = CARTESIAN_POINT ( 'NONE',  ( 1.749999999999999778, 1.500000000000000000, 10.22972637552514463 ) ) ;
#1589 = AXIS2_PLACEMENT_3D ( 'NONE', #1557, #523, #158 ) ;
#1590 = EDGE_LOOP ( 'NONE', ( #799, #892, #1227, #77 ) ) ;
#1591 = ORIENTED_EDGE ( 'NONE', *, *, #562, .T. ) ;
#1592 = DIRECTION ( 'NONE',  ( -0.000000000000000000, -1.000000000000000000, -0.000000000000000000 ) ) ;
#1593 = CYLINDRICAL_SURFACE ( 'NONE', #1613, 1.749999999999999778 ) ;
#1594 = VERTEX_POINT ( 'NONE', #481 ) ;
#1595 = DIRECTION ( 'NONE',  ( 0.000000000000000000, -1.000000000000000000, -0.000000000000000000 ) ) ;
#1596 = EDGE_CURVE ( 'NONE', #591, #1212, #308, .T. ) ;
#1597 = ORIENTED_EDGE ( 'NONE', *, *, #1407, .F. ) ;
#1598 = CARTESIAN_POINT ( 'NONE',  ( -16.75000000000000000, -1.500000000000000000, 12.52457514062632704 ) ) ;
#1599 = LINE ( 'NONE', #604, #1448 ) ;
#1600 = CARTESIAN_POINT ( 'NONE',  ( -7.500000000000040856, 1.500000000000000000, 3.400000000000000355 ) ) ;
#1601 = EDGE_CURVE ( 'NONE', #617, #637, #55, .T. ) ;
#1602 = EDGE_LOOP ( 'NONE', ( #1651, #1173, #1122, #1680 ) ) ;
#1603 = DIRECTION ( 'NONE',  ( 7.930164461608253340E-15, 0.000000000000000000, -1.000000000000000000 ) ) ;
#1604 = EDGE_CURVE ( 'NONE', #961, #383, #1515, .T. ) ;
#1605 = VERTEX_POINT ( 'NONE', #830 ) ;
#1606 = EDGE_LOOP ( 'NONE', ( #1254, #725, #1120, #974 ) ) ;
#1607 = CARTESIAN_POINT ( 'NONE',  ( 1.750000000000000000, -1.500000000000000000, -10.83215974080634680 ) ) ;
#1608 = CARTESIAN_POINT ( 'NONE',  ( 17.90063509461088032, 1.500000000000000000, -33.99519052838336819 ) ) ;
#1609 = CIRCLE ( 'NONE', #1030, 1.749999999999999778 ) ;
#1610 = AXIS2_PLACEMENT_3D ( 'NONE', #1461, #1187, #422 ) ;
#1611 = VERTEX_POINT ( 'NONE', #1256 ) ;
#1612 = FILL_AREA_STYLE ('',( #443 ) ) ;
#1613 = AXIS2_PLACEMENT_3D ( 'NONE', #1459, #292, #1185 ) ;
#1614 = ORIENTED_EDGE ( 'NONE', *, *, #1201, .T. ) ;
#1615 = CIRCLE ( 'NONE', #195, 1.750000000000001554 ) ;
#1616 = CARTESIAN_POINT ( 'NONE',  ( -25.00000000000000000, 1.500000000000000000, -5.899999999999995914 ) ) ;
#1617 = VECTOR ( 'NONE', #466, 1000.000000000000000 ) ;
#1618 = FACE_OUTER_BOUND ( 'NONE', #169, .T. ) ;
#1619 = DIRECTION ( 'NONE',  ( -0.000000000000000000, -1.000000000000000000, -0.000000000000000000 ) ) ;
#1620 = EDGE_CURVE ( 'NONE', #397, #1161, #879, .T. ) ;
#1621 = CARTESIAN_POINT ( 'NONE',  ( 0.000000000000000000, 1.500000000000000000, 0.000000000000000000 ) ) ;
#1622 = VERTEX_POINT ( 'NONE', #1351 ) ;
#1623 = SURFACE_STYLE_FILL_AREA ( #1612 ) ;
#1624 = ORIENTED_EDGE ( 'NONE', *, *, #860, .T. ) ;
#1625 = DIRECTION ( 'NONE',  ( 0.3973597071195114627, 0.000000000000000000, -0.9176629354822478657 ) ) ;
#1626 = ADVANCED_FACE ( 'NONE', ( #1663 ), #93, .F. ) ;
#1627 = EDGE_CURVE ( 'NONE', #33, #261, #1283, .T. ) ;
#1628 = FACE_BOUND ( 'NONE', #409, .T. ) ;
#1629 = VERTEX_POINT ( 'NONE', #611 ) ;
#1630 =( LENGTH_UNIT ( ) NAMED_UNIT ( * ) SI_UNIT ( .MILLI., .METRE. ) );
#1631 = ORIENTED_EDGE ( 'NONE', *, *, #340, .T. ) ;
#1632 = DIRECTION ( 'NONE',  ( -0.000000000000000000, -1.000000000000000000, -0.000000000000000000 ) ) ;
#1633 = DIRECTION ( 'NONE',  ( 0.000000000000000000, 0.000000000000000000, -1.000000000000000000 ) ) ;
#1634 = CARTESIAN_POINT ( 'NONE',  ( 17.90063509461088032, 1.500000000000000000, -33.99519052838336819 ) ) ;
#1635 = EDGE_CURVE ( 'NONE', #490, #1097, #1599, .T. ) ;
#1636 = VECTOR ( 'NONE', #95, 1000.000000000000000 ) ;
#1637 = VERTEX_POINT ( 'NONE', #471 ) ;
#1638 = AXIS2_PLACEMENT_3D ( 'NONE', #991, #347, #1514 ) ;
#1639 = CARTESIAN_POINT ( 'NONE',  ( 16.96521765691029771, 1.500000000000000000, -42.11538105676663690 ) ) ;
#1640 = EDGE_CURVE ( 'NONE', #1437, #864, #999, .T. ) ;
#1641 = CIRCLE ( 'NONE', #1006, 1.600000000000000755 ) ;
#1642 = VERTEX_POINT ( 'NONE', #1389 ) ;
#1643 = DIRECTION ( 'NONE',  ( 0.000000000000000000, 0.000000000000000000, -1.000000000000000000 ) ) ;
#1644 = AXIS2_PLACEMENT_3D ( 'NONE', #74, #716, #567 ) ;
#1645 = AXIS2_PLACEMENT_3D ( 'NONE', #174, #1477, #1653 ) ;
#1646 = DIRECTION ( 'NONE',  ( -0.000000000000000000, -1.000000000000000000, -0.000000000000000000 ) ) ;
#1647 = DIRECTION ( 'NONE',  ( 0.000000000000000000, -1.000000000000000000, -0.000000000000000000 ) ) ;
#1648 = VERTEX_POINT ( 'NONE', #164 ) ;
#1649 = DIRECTION ( 'NONE',  ( 0.000000000000000000, 0.000000000000000000, -1.000000000000000000 ) ) ;
#1650 = ADVANCED_FACE ( 'NONE', ( #1524 ), #219, .T. ) ;
#1651 = ORIENTED_EDGE ( 'NONE', *, *, #373, .F. ) ;
#1652 = DIRECTION ( 'NONE',  ( -0.000000000000000000, 1.000000000000000000, -0.000000000000000000 ) ) ;
#1653 = DIRECTION ( 'NONE',  ( 0.000000000000000000, 0.000000000000000000, -1.000000000000000000 ) ) ;
#1654 = ORIENTED_EDGE ( 'NONE', *, *, #601, .T. ) ;
#1655 = LINE ( 'NONE', #188, #1466 ) ;
#1656 = DIRECTION ( 'NONE',  ( 0.4999999999999977796, 0.000000000000000000, -0.8660254037844399289 ) ) ;
#1657 =( LENGTH_UNIT ( ) NAMED_UNIT ( * ) SI_UNIT ( .MILLI., .METRE. ) );
#1658 = ORIENTED_EDGE ( 'NONE', *, *, #814, .F. ) ;
#1659 = CARTESIAN_POINT ( 'NONE',  ( 1.749999999999999778, -1.500000000000000000, 11.97972637552514463 ) ) ;
#1660 = EDGE_CURVE ( 'NONE', #839, #615, #1199, .T. ) ;
#1661 = ORIENTED_EDGE ( 'NONE', *, *, #841, .T. ) ;
#1662 = CARTESIAN_POINT ( 'NONE',  ( 11.83983358869399716, -1.500000000000000000, -11.32174617851899967 ) ) ;
#1663 = FACE_OUTER_BOUND ( 'NONE', #1235, .T. ) ;
#1664 = ADVANCED_FACE ( 'NONE', ( #623 ), #1385, .T. ) ;
#1665 = ORIENTED_EDGE ( 'NONE', *, *, #235, .F. ) ;
#1666 = EDGE_CURVE ( 'NONE', #252, #449, #522, .T. ) ;
#1667 = DIRECTION ( 'NONE',  ( 0.000000000000000000, -1.000000000000000000, 0.000000000000000000 ) ) ;
#1668 = EDGE_LOOP ( 'NONE', ( #264, #122, #525, #1405 ) ) ;
#1669 = DIRECTION ( 'NONE',  ( 0.000000000000000000, 1.000000000000000000, 0.000000000000000000 ) ) ;
#1670 = VERTEX_POINT ( 'NONE', #980 ) ;
#1671 = FACE_OUTER_BOUND ( 'NONE', #810, .T. ) ;
#1672 = VECTOR ( 'NONE', #1652, 1000.000000000000000 ) ;
#1673 = VECTOR ( 'NONE', #1077, 1000.000000000000000 ) ;
#1674 = PLANE ( 'NONE',  #572 ) ;
#1675 = AXIS2_PLACEMENT_3D ( 'NONE', #759, #1282, #121 ) ;
#1676 = EDGE_CURVE ( 'NONE', #995, #1170, #1402, .T. ) ;
#1677 = AXIS2_PLACEMENT_3D ( 'NONE', #274, #1176, #1440 ) ;
#1678 = CARTESIAN_POINT ( 'NONE',  ( -15.00000000000000000, -1.500000000000000000, 1.750000000000000000 ) ) ;
#1679 = DIRECTION ( 'NONE',  ( 0.000000000000000000, -1.000000000000000000, -0.000000000000000000 ) ) ;
#1680 = ORIENTED_EDGE ( 'NONE', *, *, #320, .F. ) ;
#1681 = CARTESIAN_POINT ( 'NONE',  ( 1.749999999999999778, -1.500000000000000000, 10.22972637552514463 ) ) ;
#1682 = ORIENTED_EDGE ( 'NONE', *, *, #1367, .T. ) ;
#1683 = CARTESIAN_POINT ( 'NONE',  ( -1.149246059487657456, -1.500000000000000000, 28.24999999999999645 ) ) ;
#1684 = DIRECTION ( 'NONE',  ( 0.000000000000000000, 0.000000000000000000, 1.000000000000000000 ) ) ;
#1685 = EDGE_CURVE ( 'NONE', #1033, #1138, #120, .T. ) ;
#1686 = DIRECTION ( 'NONE',  ( 0.3973597071195114627, 0.000000000000000000, -0.9176629354822478657 ) ) ;
#1687 = DIRECTION ( 'NONE',  ( 0.000000000000000000, -1.000000000000000000, -0.000000000000000000 ) ) ;
#1688 = VERTEX_POINT ( 'NONE', #213 ) ;
#1689 = DIRECTION ( 'NONE',  ( -0.8660254037844375974, -0.000000000000000000, 0.5000000000000016653 ) ) ;
#1690 = DIRECTION ( 'NONE',  ( 0.000000000000000000, -1.000000000000000000, -0.000000000000000000 ) ) ;
#1691 = FACE_OUTER_BOUND ( 'NONE', #925, .T. ) ;
#1692 = DIRECTION ( 'NONE',  ( 0.000000000000000000, 1.000000000000000000, -0.000000000000000000 ) ) ;
#1693 = ORIENTED_EDGE ( 'NONE', *, *, #67, .T. ) ;
#1694 = CARTESIAN_POINT ( 'NONE',  ( -15.00000000000000000, 1.500000000000000000, 12.52457514062632704 ) ) ;
#1695 = EDGE_CURVE ( 'NONE', #374, #479, #1370, .T. ) ;
#1696 = VECTOR ( 'NONE', #1239, 999.9999999999998863 ) ;
#1697 = DIRECTION ( 'NONE',  ( 0.000000000000000000, 0.000000000000000000, 1.000000000000000000 ) ) ;
#1698 = CIRCLE ( 'NONE', #951, 1.600000000000001643 ) ;
#1699 = CIRCLE ( 'NONE', #112, 1.600000000000000755 ) ;
#1700 = DIRECTION ( 'NONE',  ( 0.000000000000000000, 0.000000000000000000, -1.000000000000000000 ) ) ;
#1701 = AXIS2_PLACEMENT_3D ( 'NONE', #524, #1576, #1168 ) ;
#1702 = VECTOR ( 'NONE', #645, 1000.000000000000000 ) ;
#1703 = DIRECTION ( 'NONE',  ( -0.000000000000000000, 1.000000000000000000, 0.000000000000000000 ) ) ;
#1704 = VERTEX_POINT ( 'NONE', #1135 ) ;
#1705 = LINE ( 'NONE', #950, #1305 ) ;
#1706 = EDGE_CURVE ( 'NONE', #259, #961, #497, .T. ) ;
ENDSEC;
END-ISO-10303-21;
