ISO-10303-21;
HEADER;
FILE_DESCRIPTION (( 'STEP AP214' ),
    '1' );
FILE_NAME ('Copy of Part7^motor plate.STEP',
    '2026-09-08T09:16:02',
    ( '' ),
    ( '' ),
    'SwSTEP 2.0',
    'SolidWorks 2025',
    '' );
FILE_SCHEMA (( 'AUTOMOTIVE_DESIGN' ));
ENDSEC;

DATA;
#1 = DIRECTION ( 'NONE',  ( -0.000000000000000000, 1.000000000000000000, -0.000000000000000000 ) ) ;
#2 = EDGE_CURVE ( 'NONE', #2203, #2518, #2301, .T. ) ;
#3 = CIRCLE ( 'NONE', #1675, 2.250000000000001776 ) ;
#4 = DIRECTION ( 'NONE',  ( -0.000000000000000000, -1.000000000000000000, -0.000000000000000000 ) ) ;
#5 = ADVANCED_FACE ( 'NONE', ( #220 ), #700, .T. ) ;
#6 = ORIENTED_EDGE ( 'NONE', *, *, #1354, .T. ) ;
#7 = DIRECTION ( 'NONE',  ( -0.000000000000000000, -1.000000000000000000, -0.000000000000000000 ) ) ;
#8 = VERTEX_POINT ( 'NONE', #1558 ) ;
#9 = DIRECTION ( 'NONE',  ( 8.659560562354934091E-17, -0.7071067811865474617, 0.7071067811865475727 ) ) ;
#10 = CARTESIAN_POINT ( 'NONE',  ( -44.99999999999999289, 1.500000000000000000, 0.000000000000000000 ) ) ;
#11 = CARTESIAN_POINT ( 'NONE',  ( 19.99999999999997868, 1.500000000000000000, 1.600000000000001865 ) ) ;
#12 = FACE_OUTER_BOUND ( 'NONE', #1982, .T. ) ;
#13 = CYLINDRICAL_SURFACE ( 'NONE', #470, 1.599999999999997202 ) ;
#14 = DIRECTION ( 'NONE',  ( 8.659560562354931626E-17, -0.7071067811865476838, 0.7071067811865474617 ) ) ;
#15 = EDGE_CURVE ( 'NONE', #436, #1687, #2339, .T. ) ;
#16 = VERTEX_POINT ( 'NONE', #1499 ) ;
#17 = CARTESIAN_POINT ( 'NONE',  ( -25.00000000000000000, 1.500000000000000000, -21.00000000000000355 ) ) ;
#18 = ORIENTED_EDGE ( 'NONE', *, *, #1190, .F. ) ;
#19 = CARTESIAN_POINT ( 'NONE',  ( 19.99999999999998579, -198.5000000000000000, 47.49999999999999289 ) ) ;
#20 = CARTESIAN_POINT ( 'NONE',  ( 0.000000000000000000, 1.500000000000000000, 16.00000000000000000 ) ) ;
#21 = CARTESIAN_POINT ( 'NONE',  ( -25.00000000000000000, -1.500000000000000000, 21.00000000000000355 ) ) ;
#22 = EDGE_LOOP ( 'NONE', ( #281, #2832 ) ) ;
#23 = CARTESIAN_POINT ( 'NONE',  ( 12.37436867076456437, -1.500000000000000000, -32.67436867076459350 ) ) ;
#24 = CARTESIAN_POINT ( 'NONE',  ( -19.99999999999998579, 1.500000000000000000, 47.49999999999999289 ) ) ;
#25 = AXIS2_PLACEMENT_3D ( 'NONE', #2101, #2786, #740 ) ;
#26 = FACE_OUTER_BOUND ( 'NONE', #444, .T. ) ;
#27 = LINE ( 'NONE', #1652, #1704 ) ;
#28 = ORIENTED_EDGE ( 'NONE', *, *, #218, .T. ) ;
#29 = EDGE_CURVE ( 'NONE', #270, #165, #40, .T. ) ;
#30 = ORIENTED_EDGE ( 'NONE', *, *, #2621, .F. ) ;
#31 = AXIS2_PLACEMENT_3D ( 'NONE', #1144, #1356, #1837 ) ;
#32 = CARTESIAN_POINT ( 'NONE',  ( 12.37436867076456259, 0.9500000000000002887, -10.37563132923547116 ) ) ;
#33 = LINE ( 'NONE', #476, #1986 ) ;
#34 = CIRCLE ( 'NONE', #2023, 2.249999999999998668 ) ;
#35 = VECTOR ( 'NONE', #1500, 1000.000000000000000 ) ;
#36 = ADVANCED_FACE ( 'NONE', ( #1739 ), #1305, .T. ) ;
#37 = CIRCLE ( 'NONE', #2116, 2.249999999999998668 ) ;
#38 = DIRECTION ( 'NONE',  ( 0.000000000000000000, -1.000000000000000000, 0.000000000000000000 ) ) ;
#39 = AXIS2_PLACEMENT_3D ( 'NONE', #217, #494, #688 ) ;
#40 = CIRCLE ( 'NONE', #1304, 13.00000000000000178 ) ;
#41 = DIRECTION ( 'NONE',  ( 0.000000000000000000, -1.000000000000000000, 0.000000000000000000 ) ) ;
#42 = ORIENTED_EDGE ( 'NONE', *, *, #2660, .T. ) ;
#43 = AXIS2_PLACEMENT_3D ( 'NONE', #2870, #2425, #1278 ) ;
#44 = ORIENTED_EDGE ( 'NONE', *, *, #2956, .T. ) ;
#45 = DIRECTION ( 'NONE',  ( 0.000000000000000000, -1.000000000000000000, 0.000000000000000000 ) ) ;
#46 = VERTEX_POINT ( 'NONE', #2751 ) ;
#47 = PLANE ( 'NONE',  #1926 ) ;
#48 = LINE ( 'NONE', #2715, #1390 ) ;
#49 = ORIENTED_EDGE ( 'NONE', *, *, #1158, .T. ) ;
#50 = DIRECTION ( 'NONE',  ( 0.000000000000000000, -1.000000000000000000, 0.000000000000000000 ) ) ;
#51 = DIRECTION ( 'NONE',  ( -0.000000000000000000, -1.000000000000000000, -0.000000000000000000 ) ) ;
#52 = CARTESIAN_POINT ( 'NONE',  ( -9.737744605601990955, -1.372957623304998043, 33.62093737768094570 ) ) ;
#53 = VERTEX_POINT ( 'NONE', #1809 ) ;
#54 = DIRECTION ( 'NONE',  ( -0.000000000000000000, 1.000000000000000000, -0.000000000000000000 ) ) ;
#55 = VERTEX_POINT ( 'NONE', #1163 ) ;
#56 = VERTEX_POINT ( 'NONE', #1351 ) ;
#57 = ORIENTED_EDGE ( 'NONE', *, *, #896, .F. ) ;
#58 = DIRECTION ( 'NONE',  ( 0.000000000000000000, -1.000000000000000000, 0.000000000000000000 ) ) ;
#59 = CARTESIAN_POINT ( 'NONE',  ( 1.592040838891558898E-15, -1.500000000000000000, -38.00000000000000711 ) ) ;
#60 = VERTEX_POINT ( 'NONE', #2274 ) ;
#61 = EDGE_CURVE ( 'NONE', #1101, #2683, #1068, .T. ) ;
#62 = DIRECTION ( 'NONE',  ( -0.000000000000000000, -1.000000000000000000, -0.000000000000000000 ) ) ;
#63 = VERTEX_POINT ( 'NONE', #2722 ) ;
#64 = ORIENTED_EDGE ( 'NONE', *, *, #664, .F. ) ;
#65 = DIRECTION ( 'NONE',  ( -0.000000000000000000, 1.000000000000000000, -0.000000000000000000 ) ) ;
#66 = CARTESIAN_POINT ( 'NONE',  ( 30.50000000000000711, -42.73105625617660763, -20.00000000000000000 ) ) ;
#67 = ORIENTED_EDGE ( 'NONE', *, *, #1763, .T. ) ;
#68 = ORIENTED_EDGE ( 'NONE', *, *, #1285, .T. ) ;
#69 = EDGE_LOOP ( 'NONE', ( #2721, #1845, #1125, #138 ) ) ;
#70 = AXIS2_PLACEMENT_3D ( 'NONE', #2574, #2844, #2861 ) ;
#71 = CIRCLE ( 'NONE', #1230, 2.150000000000000799 ) ;
#72 = ORIENTED_EDGE ( 'NONE', *, *, #1054, .T. ) ;
#73 = DIRECTION ( 'NONE',  ( 0.000000000000000000, 1.000000000000000000, -0.000000000000000000 ) ) ;
#74 = ORIENTED_EDGE ( 'NONE', *, *, #1294, .F. ) ;
#75 = CIRCLE ( 'NONE', #2344, 13.00000000000000178 ) ;
#76 = DIRECTION ( 'NONE',  ( 0.000000000000000000, -1.000000000000000000, 0.000000000000000000 ) ) ;
#77 = VECTOR ( 'NONE', #1019, 1000.000000000000000 ) ;
#78 = EDGE_LOOP ( 'NONE', ( #1259, #295, #2690, #1442 ) ) ;
#79 = VECTOR ( 'NONE', #456, 1000.000000000000000 ) ;
#80 = CARTESIAN_POINT ( 'NONE',  ( 27.00000000000000355, 1.500000000000000000, -20.00000000000000000 ) ) ;
#81 = CARTESIAN_POINT ( 'NONE',  ( 19.99999999999998579, -198.5000000000000000, 49.09999999999999432 ) ) ;
#82 = CARTESIAN_POINT ( 'NONE',  ( 12.37436867076456437, 1.500000000000000000, 39.62436867076459635 ) ) ;
#83 = CONICAL_SURFACE ( 'NONE', #2395, 4.700000000000002842, 0.7853981633974481680 ) ;
#84 = AXIS2_PLACEMENT_3D ( 'NONE', #1157, #2323, #1846 ) ;
#85 = LINE ( 'NONE', #2835, #1901 ) ;
#86 = ORIENTED_EDGE ( 'NONE', *, *, #978, .F. ) ;
#87 = CIRCLE ( 'NONE', #1544, 1.600000000000001865 ) ;
#88 = EDGE_CURVE ( 'NONE', #60, #2892, #214, .T. ) ;
#89 = VERTEX_POINT ( 'NONE', #2507 ) ;
#90 = CARTESIAN_POINT ( 'NONE',  ( -39.99999999999999289, -1.500000000000000000, -11.00000000000000000 ) ) ;
#91 = DIRECTION ( 'NONE',  ( 0.000000000000000000, -1.000000000000000000, 0.000000000000000000 ) ) ;
#92 = CARTESIAN_POINT ( 'NONE',  ( -9.981075724962009232, -1.500000000000000000, 33.32935335860918968 ) ) ;
#93 = DIRECTION ( 'NONE',  ( 0.000000000000000000, 0.000000000000000000, -1.000000000000000000 ) ) ;
#94 = ORIENTED_EDGE ( 'NONE', *, *, #2381, .F. ) ;
#95 = CARTESIAN_POINT ( 'NONE',  ( -12.37436867076456437, -1.500000000000000000, 42.07436867076459919 ) ) ;
#96 = EDGE_CURVE ( 'NONE', #157, #2509, #725, .T. ) ;
#97 = EDGE_CURVE ( 'NONE', #1406, #1932, #1213, .T. ) ;
#98 = ORIENTED_EDGE ( 'NONE', *, *, #2807, .T. ) ;
#99 = ORIENTED_EDGE ( 'NONE', *, *, #1052, .F. ) ;
#100 = CARTESIAN_POINT ( 'NONE',  ( 0.000000000000000000, -1.500000000000000000, -25.00000000000000000 ) ) ;
#101 = DIRECTION ( 'NONE',  ( 0.000000000000000000, 0.000000000000000000, 1.000000000000000000 ) ) ;
#102 = VERTEX_POINT ( 'NONE', #995 ) ;
#103 = CARTESIAN_POINT ( 'NONE',  ( -30.24999999999999289, 1.500000000000000000, -11.17207116703665370 ) ) ;
#104 = CARTESIAN_POINT ( 'NONE',  ( 32.50000000000000711, -42.73105625617660763, 18.00000000000000711 ) ) ;
#105 = ORIENTED_EDGE ( 'NONE', *, *, #824, .F. ) ;
#106 = DIRECTION ( 'NONE',  ( 0.000000000000000000, 0.000000000000000000, -1.000000000000000000 ) ) ;
#107 = ORIENTED_EDGE ( 'NONE', *, *, #738, .F. ) ;
#108 = CARTESIAN_POINT ( 'NONE',  ( 8.329353358609154157, -1.500000000000000000, -34.98107572496203233 ) ) ;
#109 = DIRECTION ( 'NONE',  ( 0.000000000000000000, 0.000000000000000000, 1.000000000000000000 ) ) ;
#110 = ORIENTED_EDGE ( 'NONE', *, *, #1091, .T. ) ;
#111 = ORIENTED_EDGE ( 'NONE', *, *, #1931, .T. ) ;
#112 = FACE_BOUND ( 'NONE', #792, .T. ) ;
#113 = AXIS2_PLACEMENT_3D ( 'NONE', #1245, #798, #1063 ) ;
#114 = ORIENTED_EDGE ( 'NONE', *, *, #1267, .F. ) ;
#115 = ADVANCED_FACE ( 'NONE', ( #561 ), #284, .F. ) ;
#116 = EDGE_CURVE ( 'NONE', #2292, #2894, #699, .T. ) ;
#117 = CIRCLE ( 'NONE', #1618, 4.999999999999997335 ) ;
#118 = DIRECTION ( 'NONE',  ( -0.000000000000000000, 1.000000000000000000, -0.000000000000000000 ) ) ;
#119 = EDGE_LOOP ( 'NONE', ( #2664, #1332 ) ) ;
#120 = CIRCLE ( 'NONE', #1865, 2.249999999999998668 ) ;
#121 = CARTESIAN_POINT ( 'NONE',  ( -30.24999999999999289, -1.499999999999999556, -9.022071167036653350 ) ) ;
#122 = CYLINDRICAL_SURFACE ( 'NONE', #2159, 2.249999999999998668 ) ;
#123 = VECTOR ( 'NONE', #1848, 1000.000000000000000 ) ;
#124 = EDGE_CURVE ( 'NONE', #1036, #268, #2908, .T. ) ;
#125 = FACE_OUTER_BOUND ( 'NONE', #2877, .T. ) ;
#126 = VERTEX_POINT ( 'NONE', #1671 ) ;
#127 = VECTOR ( 'NONE', #2433, 1000.000000000000000 ) ;
#128 = LINE ( 'NONE', #2484, #1051 ) ;
#129 = DIRECTION ( 'NONE',  ( 1.000000000000000000, 0.000000000000000000, 0.000000000000000000 ) ) ;
#130 = DIRECTION ( 'NONE',  ( 0.000000000000000000, 0.000000000000000000, -1.000000000000000000 ) ) ;
#131 = ORIENTED_EDGE ( 'NONE', *, *, #635, .T. ) ;
#132 = DIRECTION ( 'NONE',  ( -0.000000000000000000, 1.000000000000000000, -0.000000000000000000 ) ) ;
#133 = AXIS2_PLACEMENT_3D ( 'NONE', #2397, #2415, #355 ) ;
#134 = EDGE_CURVE ( 'NONE', #1808, #1977, #728, .T. ) ;
#135 = CARTESIAN_POINT ( 'NONE',  ( 0.000000000000000000, 1.500000000000000000, -25.00000000000000000 ) ) ;
#136 = VECTOR ( 'NONE', #265, 1000.000000000000000 ) ;
#137 = AXIS2_PLACEMENT_3D ( 'NONE', #701, #221, #1139 ) ;
#138 = ORIENTED_EDGE ( 'NONE', *, *, #2857, .F. ) ;
#139 = VECTOR ( 'NONE', #902, 1000.000000000000000 ) ;
#140 = LINE ( 'NONE', #1233, #77 ) ;
#141 = VERTEX_POINT ( 'NONE', #267 ) ;
#142 = EDGE_CURVE ( 'NONE', #141, #2669, #1852, .T. ) ;
#143 = LINE ( 'NONE', #2472, #1437 ) ;
#144 = CARTESIAN_POINT ( 'NONE',  ( -19.99999999999997868, 1.500000000000000000, -1.600000000000001865 ) ) ;
#145 = ORIENTED_EDGE ( 'NONE', *, *, #1738, .T. ) ;
#146 = CARTESIAN_POINT ( 'NONE',  ( -30.24999999999999289, -8.500000000000000000, -6.872071167036652106 ) ) ;
#147 = LINE ( 'NONE', #1076, #1624 ) ;
#148 = DIRECTION ( 'NONE',  ( -0.000000000000000000, -1.000000000000000000, 0.000000000000000000 ) ) ;
#149 = ORIENTED_EDGE ( 'NONE', *, *, #2151, .F. ) ;
#150 = DIRECTION ( 'NONE',  ( 0.000000000000000000, 0.000000000000000000, 1.000000000000000000 ) ) ;
#151 = ADVANCED_FACE ( 'NONE', ( #2592 ), #2819, .F. ) ;
#152 = EDGE_LOOP ( 'NONE', ( #754, #67, #973, #770, #2600, #1453 ) ) ;
#153 = ORIENTED_EDGE ( 'NONE', *, *, #1669, .T. ) ;
#154 = FACE_OUTER_BOUND ( 'NONE', #2050, .T. ) ;
#155 = DIRECTION ( 'NONE',  ( 1.000000000000000000, 0.000000000000000000, -0.000000000000000000 ) ) ;
#156 = CARTESIAN_POINT ( 'NONE',  ( -12.37436867076456615, 0.9500000000000002887, -12.62563132923546405 ) ) ;
#157 = VERTEX_POINT ( 'NONE', #1227 ) ;
#158 = CYLINDRICAL_SURFACE ( 'NONE', #826, 1.599999999999997202 ) ;
#159 = CARTESIAN_POINT ( 'NONE',  ( 9.737744605602074444, -1.372957623304969621, 16.37906262231914312 ) ) ;
#160 = EDGE_CURVE ( 'NONE', #2840, #886, #85, .T. ) ;
#161 = ORIENTED_EDGE ( 'NONE', *, *, #2413, .T. ) ;
#162 = DIRECTION ( 'NONE',  ( 0.000000000000000000, -1.000000000000000000, 0.000000000000000000 ) ) ;
#163 = DIRECTION ( 'NONE',  ( 0.000000000000000000, -0.7071067811865474617, -0.7071067811865475727 ) ) ;
#164 = CARTESIAN_POINT ( 'NONE',  ( -12.37436867076456437, -1.500000000000000000, -42.07436867076459919 ) ) ;
#165 = VERTEX_POINT ( 'NONE', #1697 ) ;
#166 = DIRECTION ( 'NONE',  ( -0.000000000000000000, -1.000000000000000000, 0.000000000000000000 ) ) ;
#167 = DIRECTION ( 'NONE',  ( 0.000000000000000000, -0.7071067811865473507, -0.7071067811865477948 ) ) ;
#168 = VERTEX_POINT ( 'NONE', #2392 ) ;
#169 = VECTOR ( 'NONE', #2137, 1000.000000000000000 ) ;
#170 = CARTESIAN_POINT ( 'NONE',  ( -19.99999999999998579, -1.500000000000001332, 49.09999999999999432 ) ) ;
#171 = EDGE_LOOP ( 'NONE', ( #2264, #1015 ) ) ;
#172 = VERTEX_POINT ( 'NONE', #1177 ) ;
#173 = AXIS2_PLACEMENT_3D ( 'NONE', #1357, #499, #975 ) ;
#174 = CIRCLE ( 'NONE', #612, 4.700000000000002842 ) ;
#175 = ORIENTED_EDGE ( 'NONE', *, *, #466, .T. ) ;
#176 = ADVANCED_FACE ( 'NONE', ( #1555 ), #1952, .F. ) ;
#177 = CARTESIAN_POINT ( 'NONE',  ( 9.981075724962016338, -1.500000000000000000, 33.32935335860917547 ) ) ;
#178 = DIRECTION ( 'NONE',  ( 0.000000000000000000, 0.000000000000000000, -1.000000000000000000 ) ) ;
#179 = DIRECTION ( 'NONE',  ( 0.000000000000000000, -1.000000000000000000, 0.000000000000000000 ) ) ;
#180 = AXIS2_PLACEMENT_3D ( 'NONE', #1487, #2207, #783 ) ;
#181 = CIRCLE ( 'NONE', #1386, 2.250000000000001776 ) ;
#182 = CARTESIAN_POINT ( 'NONE',  ( 27.00000000000000355, 1.500000000000000000, 22.00000000000000000 ) ) ;
#183 = ORIENTED_EDGE ( 'NONE', *, *, #1778, .F. ) ;
#184 = AXIS2_PLACEMENT_3D ( 'NONE', #1850, #2759, #2539 ) ;
#185 = DIRECTION ( 'NONE',  ( 0.000000000000000000, -1.000000000000000000, 0.000000000000000000 ) ) ;
#186 = ORIENTED_EDGE ( 'NONE', *, *, #2035, .F. ) ;
#187 = CONICAL_SURFACE ( 'NONE', #1872, 4.700000000000002842, 0.7853981633974483900 ) ;
#188 = CARTESIAN_POINT ( 'NONE',  ( 8.329353358609083102, -1.500000000000000000, -15.01892427503790550 ) ) ;
#189 = DIRECTION ( 'NONE',  ( 0.000000000000000000, 1.000000000000000000, 0.000000000000000000 ) ) ;
#190 = ORIENTED_EDGE ( 'NONE', *, *, #1483, .T. ) ;
#191 = ADVANCED_FACE ( 'NONE', ( #609, #1045, #1080, #2646, #2410, #1067, #352, #2905, #112, #1764, #2199, #2872, #1513, #368, #1993, #1593, #704, #1801, #2958, #484, #721 ), #1820, .F. ) ;
#192 = CIRCLE ( 'NONE', #2874, 1.599999999999997202 ) ;
#193 = DIRECTION ( 'NONE',  ( -0.000000000000000000, -1.000000000000000000, -0.000000000000000000 ) ) ;
#194 = VERTEX_POINT ( 'NONE', #2142 ) ;
#195 = CIRCLE ( 'NONE', #2456, 1.250000000000001110 ) ;
#196 = DIRECTION ( 'NONE',  ( 0.000000000000000000, 1.000000000000000000, -0.000000000000000000 ) ) ;
#197 = DIRECTION ( 'NONE',  ( -0.000000000000000000, -1.000000000000000000, -0.000000000000000000 ) ) ;
#198 = CARTESIAN_POINT ( 'NONE',  ( -30.24999999999999289, -8.500000000000000000, -9.022071167036653350 ) ) ;
#199 = CARTESIAN_POINT ( 'NONE',  ( -12.37436867076456437, 1.500000000000000000, 39.62436867076459635 ) ) ;
#200 = ORIENTED_EDGE ( 'NONE', *, *, #2560, .F. ) ;
#201 = CARTESIAN_POINT ( 'NONE',  ( -12.37436867076456615, -1.500000000000000000, 12.62563132923546405 ) ) ;
#202 = ADVANCED_FACE ( 'NONE', ( #2804 ), #549, .F. ) ;
#203 = ORIENTED_EDGE ( 'NONE', *, *, #209, .F. ) ;
#204 = EDGE_CURVE ( 'NONE', #344, #2845, #1609, .T. ) ;
#205 = CARTESIAN_POINT ( 'NONE',  ( 0.000000000000000000, -1.500000000000000000, -16.00000000000000000 ) ) ;
#206 = ORIENTED_EDGE ( 'NONE', *, *, #1956, .F. ) ;
#207 = CARTESIAN_POINT ( 'NONE',  ( 12.37436867076456259, -1.500000000000000000, 10.37563132923547116 ) ) ;
#208 = ORIENTED_EDGE ( 'NONE', *, *, #441, .T. ) ;
#209 = EDGE_CURVE ( 'NONE', #515, #1732, #263, .T. ) ;
#210 = PRODUCT_DEFINITION_SHAPE ( 'NONE', 'NONE',  #1908 ) ;
#211 = FACE_OUTER_BOUND ( 'NONE', #1268, .T. ) ;
#212 = DIRECTION ( 'NONE',  ( -0.000000000000000000, -1.000000000000000000, -0.000000000000000000 ) ) ;
#213 = ORIENTED_EDGE ( 'NONE', *, *, #1893, .T. ) ;
#214 = LINE ( 'NONE', #205, #2034 ) ;
#215 = CARTESIAN_POINT ( 'NONE',  ( 19.99999999999997868, 1.500000000000000000, 1.131955512893109662E-31 ) ) ;
#216 = ORIENTED_EDGE ( 'NONE', *, *, #2352, .F. ) ;
#217 = CARTESIAN_POINT ( 'NONE',  ( 19.99999999999998579, -1.500000000000001332, 47.49999999999999289 ) ) ;
#218 = EDGE_CURVE ( 'NONE', #1522, #876, #986, .T. ) ;
#219 = DIRECTION ( 'NONE',  ( 0.000000000000000000, 1.000000000000000000, 0.000000000000000000 ) ) ;
#220 = FACE_OUTER_BOUND ( 'NONE', #901, .T. ) ;
#221 = DIRECTION ( 'NONE',  ( 0.000000000000000000, -1.000000000000000000, 0.000000000000000000 ) ) ;
#222 = LINE ( 'NONE', #239, #1532 ) ;
#223 = AXIS2_PLACEMENT_3D ( 'NONE', #2551, #2363, #297 ) ;
#224 = LINE ( 'NONE', #1159, #123 ) ;
#225 = CARTESIAN_POINT ( 'NONE',  ( 27.00000000000000355, 1.500000000000000000, -21.99999999999999289 ) ) ;
#226 = DIRECTION ( 'NONE',  ( 0.000000000000000000, 1.000000000000000000, 0.000000000000000000 ) ) ;
#227 = VECTOR ( 'NONE', #1299, 1000.000000000000000 ) ;
#228 = EDGE_CURVE ( 'NONE', #536, #1239, #967, .T. ) ;
#229 = CIRCLE ( 'NONE', #180, 2.150000000000000799 ) ;
#230 = ADVANCED_FACE ( 'NONE', ( #2541 ), #1330, .F. ) ;
#231 = CIRCLE ( 'NONE', #998, 1.599999999999997202 ) ;
#232 = CIRCLE ( 'NONE', #519, 1.599999999999997202 ) ;
#233 = VERTEX_POINT ( 'NONE', #1885 ) ;
#234 = VECTOR ( 'NONE', #1861, 1000.000000000000000 ) ;
#235 = CARTESIAN_POINT ( 'NONE',  ( 30.50000000000000711, -42.73105625617660763, 20.00000000000000000 ) ) ;
#236 = VECTOR ( 'NONE', #825, 1000.000000000000000 ) ;
#237 = EDGE_LOOP ( 'NONE', ( #2176, #2262, #2193, #2790, #2566, #1377 ) ) ;
#238 = PLANE ( 'NONE',  #2542 ) ;
#239 = CARTESIAN_POINT ( 'NONE',  ( -12.37436867076456615, -1.500000000000000000, -14.87563132923546227 ) ) ;
#240 = VECTOR ( 'NONE', #458, 1000.000000000000000 ) ;
#241 = EDGE_CURVE ( 'NONE', #1886, #515, #1371, .T. ) ;
#242 = LINE ( 'NONE', #2731, #2616 ) ;
#243 = FACE_OUTER_BOUND ( 'NONE', #1968, .T. ) ;
#244 = ORIENTED_EDGE ( 'NONE', *, *, #1492, .F. ) ;
#245 = DIRECTION ( 'NONE',  ( -0.000000000000000000, -1.000000000000000000, -0.000000000000000000 ) ) ;
#246 = ORIENTED_EDGE ( 'NONE', *, *, #1605, .T. ) ;
#247 = EDGE_CURVE ( 'NONE', #1545, #2343, #27, .T. ) ;
#248 = CARTESIAN_POINT ( 'NONE',  ( -12.37436867076456615, -1.500000000000000000, 12.62563132923546405 ) ) ;
#249 = ORIENTED_EDGE ( 'NONE', *, *, #2303, .T. ) ;
#250 = DIRECTION ( 'NONE',  ( 0.000000000000000000, -1.000000000000000000, 0.000000000000000000 ) ) ;
#251 = CARTESIAN_POINT ( 'NONE',  ( -20.00000000000000000, 1.500000000000000000, 55.00000000000000000 ) ) ;
#252 = DIRECTION ( 'NONE',  ( 0.000000000000000000, -1.000000000000000000, 0.000000000000000000 ) ) ;
#253 = CARTESIAN_POINT ( 'NONE',  ( 27.49999999999999645, 1.500000000000000000, -12.50000000000000355 ) ) ;
#254 = DIRECTION ( 'NONE',  ( 0.000000000000000000, 0.000000000000000000, -1.000000000000000000 ) ) ;
#255 = DIRECTION ( 'NONE',  ( 0.000000000000000000, 1.000000000000000000, 0.000000000000000000 ) ) ;
#256 = EDGE_CURVE ( 'NONE', #2840, #2237, #2405, .T. ) ;
#257 = ORIENTED_EDGE ( 'NONE', *, *, #1052, .T. ) ;
#258 = ORIENTED_EDGE ( 'NONE', *, *, #2125, .T. ) ;
#259 = CARTESIAN_POINT ( 'NONE',  ( -9.476375898909608964, -1.300036412054903501, 16.09161282948219807 ) ) ;
#260 = DIRECTION ( 'NONE',  ( -0.000000000000000000, 1.000000000000000000, -0.000000000000000000 ) ) ;
#261 = DIRECTION ( 'NONE',  ( 0.000000000000000000, 1.000000000000000000, -0.000000000000000000 ) ) ;
#262 = CARTESIAN_POINT ( 'NONE',  ( 19.99999999999998579, -198.5000000000000000, 47.49999999999999289 ) ) ;
#263 = LINE ( 'NONE', #2091, #945 ) ;
#264 = VECTOR ( 'NONE', #2901, 1000.000000000000000 ) ;
#265 = DIRECTION ( 'NONE',  ( -0.000000000000000000, 1.000000000000000000, -0.000000000000000000 ) ) ;
#266 = AXIS2_PLACEMENT_3D ( 'NONE', #814, #73, #1273 ) ;
#267 = CARTESIAN_POINT ( 'NONE',  ( 12.37436867076456437, 0.9500000000000002887, 39.62436867076459635 ) ) ;
#268 = VERTEX_POINT ( 'NONE', #1934 ) ;
#269 = CARTESIAN_POINT ( 'NONE',  ( 0.000000000000000000, -1.500000000000000000, -25.00000000000000000 ) ) ;
#270 = VERTEX_POINT ( 'NONE', #1746 ) ;
#271 = VECTOR ( 'NONE', #1367, 1000.000000000000000 ) ;
#272 = AXIS2_PLACEMENT_3D ( 'NONE', #2744, #196, #692 ) ;
#273 = DIRECTION ( 'NONE',  ( 1.000000000000000000, -0.000000000000000000, 0.000000000000000000 ) ) ;
#274 = CONICAL_SURFACE ( 'NONE', #2972, 4.699999999999999289, 0.7853981633974483900 ) ;
#275 = VERTEX_POINT ( 'NONE', #2831 ) ;
#276 = VECTOR ( 'NONE', #2082, 999.9999999999998863 ) ;
#277 = DIRECTION ( 'NONE',  ( 0.000000000000000000, 0.000000000000000000, -1.000000000000000000 ) ) ;
#278 = ORIENTED_EDGE ( 'NONE', *, *, #2470, .F. ) ;
#279 = VECTOR ( 'NONE', #9, 1000.000000000000000 ) ;
#280 = LINE ( 'NONE', #1881, #2217 ) ;
#281 = ORIENTED_EDGE ( 'NONE', *, *, #930, .F. ) ;
#282 = LINE ( 'NONE', #979, #1627 ) ;
#283 = B_SPLINE_CURVE_WITH_KNOTS ( 'NONE', 3,
 ( #92, #52, #977, #2846, #1444, #2589 ),
 .UNSPECIFIED., .F., .F.,
 ( 4, 2, 4 ),
 ( 6.224426168076947988E-07, 0.001187034362935194490, 0.002373446283253581590 ),
 .UNSPECIFIED. ) ;
#284 = CYLINDRICAL_SURFACE ( 'NONE', #1420, 2.250000000000001776 ) ;
#285 = VERTEX_POINT ( 'NONE', #1495 ) ;
#286 = APPLICATION_CONTEXT ( 'automotive_design' ) ;
#287 = VERTEX_POINT ( 'NONE', #1710 ) ;
#288 = ADVANCED_FACE ( 'NONE', ( #2388 ), #1261, .F. ) ;
#289 = EDGE_CURVE ( 'NONE', #2246, #1028, #2590, .T. ) ;
#290 = APPLICATION_PROTOCOL_DEFINITION ( 'draft international standard', 'automotive_design', 1998, #916 ) ;
#291 = EDGE_LOOP ( 'NONE', ( #99, #2494, #244, #2710 ) ) ;
#292 = DIRECTION ( 'NONE',  ( -0.000000000000000000, -1.000000000000000000, -0.000000000000000000 ) ) ;
#293 = ORIENTED_EDGE ( 'NONE', *, *, #442, .F. ) ;
#294 = DIRECTION ( 'NONE',  ( 0.000000000000000000, 0.000000000000000000, -1.000000000000000000 ) ) ;
#295 = ORIENTED_EDGE ( 'NONE', *, *, #2893, .T. ) ;
#296 = LINE ( 'NONE', #656, #1873 ) ;
#297 = DIRECTION ( 'NONE',  ( 0.000000000000000000, 0.000000000000000000, -1.000000000000000000 ) ) ;
#298 = ORIENTED_EDGE ( 'NONE', *, *, #88, .T. ) ;
#299 = ORIENTED_EDGE ( 'NONE', *, *, #1664, .T. ) ;
#300 = PRODUCT_CONTEXT ( 'NONE', #286, 'mechanical' ) ;
#301 = FACE_BOUND ( 'NONE', #2143, .T. ) ;
#302 = CARTESIAN_POINT ( 'NONE',  ( -25.00000000000000000, 1.500000000000000000, -21.00000000000000355 ) ) ;
#303 = EDGE_CURVE ( 'NONE', #2675, #1977, #2852, .T. ) ;
#304 = LINE ( 'NONE', #574, #2111 ) ;
#305 = ORIENTED_EDGE ( 'NONE', *, *, #2883, .T. ) ;
#306 = DIRECTION ( 'NONE',  ( -0.000000000000000000, 1.000000000000000000, -0.000000000000000000 ) ) ;
#307 = CARTESIAN_POINT ( 'NONE',  ( 12.37436867076456259, -1.500000000000000000, 12.62563132923547116 ) ) ;
#308 = EDGE_CURVE ( 'NONE', #2907, #168, #2868, .T. ) ;
#309 = DIRECTION ( 'NONE',  ( 0.000000000000000000, 0.000000000000000000, -1.000000000000000000 ) ) ;
#310 = DIRECTION ( 'NONE',  ( 0.000000000000000000, 0.000000000000000000, -1.000000000000000000 ) ) ;
#311 = EDGE_LOOP ( 'NONE', ( #1786, #2740, #213, #1326 ) ) ;
#312 = VECTOR ( 'NONE', #1838, 1000.000000000000000 ) ;
#313 = DIRECTION ( 'NONE',  ( 0.000000000000000000, 0.000000000000000000, 1.000000000000000000 ) ) ;
#314 = ORIENTED_EDGE ( 'NONE', *, *, #29, .F. ) ;
#315 = CARTESIAN_POINT ( 'NONE',  ( 8.329353358609083102, -1.500000000000000000, -15.01892427503790550 ) ) ;
#316 = DIRECTION ( 'NONE',  ( 1.000000000000000000, -0.000000000000000000, 0.000000000000000000 ) ) ;
#317 = AXIS2_PLACEMENT_3D ( 'NONE', #2745, #2537, #1171 ) ;
#318 = ORIENTED_EDGE ( 'NONE', *, *, #607, .F. ) ;
#319 = PLANE ( 'NONE',  #2256 ) ;
#320 = ORIENTED_EDGE ( 'NONE', *, *, #1142, .T. ) ;
#321 = CIRCLE ( 'NONE', #1055, 2.250000000000001776 ) ;
#322 = EDGE_CURVE ( 'NONE', #270, #1124, #898, .T. ) ;
#323 = ADVANCED_FACE ( 'NONE', ( #1970 ), #705, .F. ) ;
#324 = EDGE_LOOP ( 'NONE', ( #2150, #2380, #2706, #2286 ) ) ;
#325 = CIRCLE ( 'NONE', #2345, 4.699999999999999289 ) ;
#326 = LINE ( 'NONE', #2346, #1916 ) ;
#327 = FACE_OUTER_BOUND ( 'NONE', #2853, .T. ) ;
#328 = DIRECTION ( 'NONE',  ( 0.000000000000000000, 0.000000000000000000, 1.000000000000000000 ) ) ;
#329 = DIRECTION ( 'NONE',  ( 0.000000000000000000, 0.000000000000000000, -1.000000000000000000 ) ) ;
#330 = VERTEX_POINT ( 'NONE', #1211 ) ;
#331 = CARTESIAN_POINT ( 'NONE',  ( -9.981075724962103379, -1.500000000000000000, -16.67064664139092756 ) ) ;
#332 = AXIS2_PLACEMENT_3D ( 'NONE', #1512, #1331, #367 ) ;
#333 = CIRCLE ( 'NONE', #524, 4.699999999999999289 ) ;
#334 = ORIENTED_EDGE ( 'NONE', *, *, #1451, .F. ) ;
#335 = ORIENTED_EDGE ( 'NONE', *, *, #442, .T. ) ;
#336 = ORIENTED_EDGE ( 'NONE', *, *, #2787, .T. ) ;
#337 = DIRECTION ( 'NONE',  ( -0.000000000000000000, -1.000000000000000000, -0.000000000000000000 ) ) ;
#338 = CARTESIAN_POINT ( 'NONE',  ( 19.99999999999997868, -198.5000000000000000, 1.131955512893109662E-31 ) ) ;
#339 = ORIENTED_EDGE ( 'NONE', *, *, #1162, .T. ) ;
#340 = CARTESIAN_POINT ( 'NONE',  ( 27.00000000000000355, 1.500000000000000000, 20.00000000000000000 ) ) ;
#341 = DIRECTION ( 'NONE',  ( 0.000000000000000000, 0.000000000000000000, -1.000000000000000000 ) ) ;
#342 = DIRECTION ( 'NONE',  ( 0.000000000000000000, 0.000000000000000000, 1.000000000000000000 ) ) ;
#343 = ORIENTED_EDGE ( 'NONE', *, *, #1372, .F. ) ;
#344 = VERTEX_POINT ( 'NONE', #580 ) ;
#345 = DIRECTION ( 'NONE',  ( 0.000000000000000000, 0.000000000000000000, -1.000000000000000000 ) ) ;
#346 = EDGE_CURVE ( 'NONE', #56, #2518, #1807, .T. ) ;
#347 = CARTESIAN_POINT ( 'NONE',  ( 27.49999999999999645, -8.500000000000000000, 11.25000000000000355 ) ) ;
#348 = DIRECTION ( 'NONE',  ( -0.000000000000000000, -1.000000000000000000, -0.000000000000000000 ) ) ;
#349 = EDGE_LOOP ( 'NONE', ( #414, #2727, #2932, #1611 ) ) ;
#350 = CARTESIAN_POINT ( 'NONE',  ( 22.50000000000000355, -1.500000000000001332, -20.00000000000000000 ) ) ;
#351 = EDGE_CURVE ( 'NONE', #1032, #2332, #2565, .T. ) ;
#352 = FACE_BOUND ( 'NONE', #533, .T. ) ;
#353 = ORIENTED_EDGE ( 'NONE', *, *, #289, .T. ) ;
#354 = CARTESIAN_POINT ( 'NONE',  ( 0.000000000000000000, -1.500000000000000000, -25.00000000000000000 ) ) ;
#355 = DIRECTION ( 'NONE',  ( 0.000000000000000000, 0.000000000000000000, -1.000000000000000000 ) ) ;
#356 = ADVANCED_FACE ( 'NONE', ( #540 ), #1903, .F. ) ;
#357 = FACE_OUTER_BOUND ( 'NONE', #69, .T. ) ;
#358 = CARTESIAN_POINT ( 'NONE',  ( -19.99999999999997868, 1.500000000000000000, 1.600000000000001865 ) ) ;
#359 = DIRECTION ( 'NONE',  ( 0.000000000000000000, 0.000000000000000000, -1.000000000000000000 ) ) ;
#360 = DIRECTION ( 'NONE',  ( 0.000000000000000000, 0.000000000000000000, -1.000000000000000000 ) ) ;
#361 = DIRECTION ( 'NONE',  ( 0.000000000000000000, 0.000000000000000000, -1.000000000000000000 ) ) ;
#362 = EDGE_LOOP ( 'NONE', ( #1551, #2644, #404, #2708 ) ) ;
#363 = CARTESIAN_POINT ( 'NONE',  ( -19.99999999999998579, -198.5000000000000000, -49.09999999999999432 ) ) ;
#364 = PLANE ( 'NONE',  #2260 ) ;
#365 = DIRECTION ( 'NONE',  ( 0.000000000000000000, -1.000000000000000000, 0.000000000000000000 ) ) ;
#366 = VERTEX_POINT ( 'NONE', #604 ) ;
#367 = DIRECTION ( 'NONE',  ( 0.000000000000000000, 0.000000000000000000, -1.000000000000000000 ) ) ;
#368 = FACE_BOUND ( 'NONE', #2429, .T. ) ;
#369 = ADVANCED_FACE ( 'NONE', ( #993 ), #1521, .F. ) ;
#370 = VERTEX_POINT ( 'NONE', #1276 ) ;
#371 = DIRECTION ( 'NONE',  ( 0.000000000000000000, 0.000000000000000000, -1.000000000000000000 ) ) ;
#372 = EDGE_LOOP ( 'NONE', ( #2848, #2896, #1229, #2700, #2820, #686 ) ) ;
#373 = CARTESIAN_POINT ( 'NONE',  ( 19.99999999999999645, 1.500000000000000000, -55.00000000000000000 ) ) ;
#374 = AXIS2_PLACEMENT_3D ( 'NONE', #579, #2371, #1026 ) ;
#375 = DIRECTION ( 'NONE',  ( 0.000000000000000000, 0.000000000000000000, -1.000000000000000000 ) ) ;
#376 = CIRCLE ( 'NONE', #2673, 1.599999999999997202 ) ;
#377 = ORIENTED_EDGE ( 'NONE', *, *, #2755, .T. ) ;
#378 = DIRECTION ( 'NONE',  ( 0.000000000000000000, -1.000000000000000000, 0.000000000000000000 ) ) ;
#379 = VECTOR ( 'NONE', #1943, 1000.000000000000000 ) ;
#380 = DIRECTION ( 'NONE',  ( -0.000000000000000000, 1.000000000000000000, -0.000000000000000000 ) ) ;
#381 = DIRECTION ( 'NONE',  ( -6.938893903907232322E-16, 0.000000000000000000, -1.000000000000000000 ) ) ;
#382 = ORIENTED_EDGE ( 'NONE', *, *, #2140, .F. ) ;
#383 = CIRCLE ( 'NONE', #2535, 2.249999999999998668 ) ;
#384 = CYLINDRICAL_SURFACE ( 'NONE', #1002, 2.000000000000001776 ) ;
#385 = AXIS2_PLACEMENT_3D ( 'NONE', #2006, #857, #2682 ) ;
#386 = ORIENTED_EDGE ( 'NONE', *, *, #124, .F. ) ;
#387 = ORIENTED_EDGE ( 'NONE', *, *, #824, .T. ) ;
#388 = DIRECTION ( 'NONE',  ( 0.000000000000000000, 1.000000000000000000, 0.000000000000000000 ) ) ;
#389 = VECTOR ( 'NONE', #1702, 1000.000000000000000 ) ;
#390 = CARTESIAN_POINT ( 'NONE',  ( 25.00000000000000000, 1.500000000000000000, 60.00000000000000000 ) ) ;
#391 = VERTEX_POINT ( 'NONE', #1472 ) ;
#392 = CARTESIAN_POINT ( 'NONE',  ( -12.37436867076456615, -1.500000000000000000, 12.62563132923546405 ) ) ;
#393 = ORIENTED_EDGE ( 'NONE', *, *, #134, .T. ) ;
#394 = CARTESIAN_POINT ( 'NONE',  ( 12.37436867076456437, -1.500000000000000000, -37.37436867076459635 ) ) ;
#395 = CARTESIAN_POINT ( 'NONE',  ( 12.37436867076456437, -1.500000000000000000, 37.37436867076459635 ) ) ;
#396 = EDGE_LOOP ( 'NONE', ( #843, #2543, #1183, #318 ) ) ;
#397 = DIRECTION ( 'NONE',  ( 0.000000000000000000, 0.000000000000000000, -1.000000000000000000 ) ) ;
#398 = EDGE_LOOP ( 'NONE', ( #2308, #1463 ) ) ;
#399 = CARTESIAN_POINT ( 'NONE',  ( 12.37436867076456259, 1.500000000000000000, -10.37563132923547116 ) ) ;
#400 = VERTEX_POINT ( 'NONE', #2423 ) ;
#401 = ADVANCED_FACE ( 'NONE', ( #2889 ), #989, .F. ) ;
#402 = DIRECTION ( 'NONE',  ( 0.000000000000000000, 1.000000000000000000, -0.000000000000000000 ) ) ;
#403 = CARTESIAN_POINT ( 'NONE',  ( -20.00000000000000000, -1.500000000000000000, 60.00000000000000000 ) ) ;
#404 = ORIENTED_EDGE ( 'NONE', *, *, #2677, .F. ) ;
#405 = CARTESIAN_POINT ( 'NONE',  ( -19.99999999999998579, 1.500000000000000000, -47.49999999999999289 ) ) ;
#406 = LINE ( 'NONE', #1329, #1470 ) ;
#407 = DIRECTION ( 'NONE',  ( -0.000000000000000000, -1.000000000000000000, -0.000000000000000000 ) ) ;
#408 = ADVANCED_FACE ( 'NONE', ( #2814 ), #468, .F. ) ;
#409 = LINE ( 'NONE', #1161, #1400 ) ;
#410 = ORIENTED_EDGE ( 'NONE', *, *, #2855, .T. ) ;
#411 = VECTOR ( 'NONE', #129, 1000.000000000000000 ) ;
#412 = CARTESIAN_POINT ( 'NONE',  ( 9.475960372395594078, -1.299963615442089271, -16.09117083012198535 ) ) ;
#413 = CARTESIAN_POINT ( 'NONE',  ( 27.49999999999999645, -1.499999999999999556, -11.25000000000000355 ) ) ;
#414 = ORIENTED_EDGE ( 'NONE', *, *, #856, .F. ) ;
#415 = CARTESIAN_POINT ( 'NONE',  ( 12.37436867076456437, 0.9500000000000002887, -37.37436867076459635 ) ) ;
#416 = EDGE_LOOP ( 'NONE', ( #2678, #2310 ) ) ;
#417 = CARTESIAN_POINT ( 'NONE',  ( -9.475960372395544340, -1.299963615442133680, -33.90882916987807505 ) ) ;
#418 = FACE_OUTER_BOUND ( 'NONE', #2406, .T. ) ;
#419 = CARTESIAN_POINT ( 'NONE',  ( -39.99999999999999289, 1.500000000000000000, -16.00000000000000000 ) ) ;
#420 = ADVANCED_FACE ( 'NONE', ( #1460 ), #1141, .F. ) ;
#421 = FACE_OUTER_BOUND ( 'NONE', #1536, .T. ) ;
#422 = DIRECTION ( 'NONE',  ( -0.000000000000000000, 1.000000000000000000, -0.000000000000000000 ) ) ;
#423 = AXIS2_PLACEMENT_3D ( 'NONE', #894, #486, #2043 ) ;
#424 = EDGE_CURVE ( 'NONE', #2775, #2675, #2163, .T. ) ;
#425 = ADVANCED_FACE ( 'NONE', ( #865 ), #1132, .F. ) ;
#426 = CIRCLE ( 'NONE', #272, 1.250000000000001110 ) ;
#427 = CARTESIAN_POINT ( 'NONE',  ( 32.50000000000000711, -1.500000000000001332, -20.00000000000000000 ) ) ;
#428 = ORIENTED_EDGE ( 'NONE', *, *, #957, .T. ) ;
#429 = COLOUR_RGB ( '',0.7921568627450980005, 0.8196078431372548767, 0.9333333333333333481 ) ;
#430 = ORIENTED_EDGE ( 'NONE', *, *, #1955, .T. ) ;
#431 = CIRCLE ( 'NONE', #582, 13.00000000000000178 ) ;
#432 = CARTESIAN_POINT ( 'NONE',  ( -20.00000000000000000, 1.500000000000000000, -60.00000000000000000 ) ) ;
#433 = ORIENTED_EDGE ( 'NONE', *, *, #1173, .T. ) ;
#434 = CARTESIAN_POINT ( 'NONE',  ( 1.592040838891558898E-15, 1.500000000000000000, -38.00000000000000711 ) ) ;
#435 = AXIS2_PLACEMENT_3D ( 'NONE', #1564, #2465, #840 ) ;
#436 = VERTEX_POINT ( 'NONE', #1760 ) ;
#437 = CIRCLE ( 'NONE', #2270, 1.250000000000001110 ) ;
#438 = DIRECTION ( 'NONE',  ( -0.000000000000000000, -1.000000000000000000, -0.000000000000000000 ) ) ;
#439 = DIRECTION ( 'NONE',  ( 0.000000000000000000, 0.000000000000000000, 1.000000000000000000 ) ) ;
#440 = CARTESIAN_POINT ( 'NONE',  ( 8.908829169878050180, -1.299963615442132570, -34.47596037239556210 ) ) ;
#441 = EDGE_CURVE ( 'NONE', #1394, #2892, #651, .T. ) ;
#442 = EDGE_CURVE ( 'NONE', #2232, #1990, #1906, .T. ) ;
#443 = EDGE_LOOP ( 'NONE', ( #1030, #2526, #2171, #1466 ) ) ;
#444 = EDGE_LOOP ( 'NONE', ( #1516, #1971, #866, #2065 ) ) ;
#445 = DIRECTION ( 'NONE',  ( -0.000000000000000000, -1.000000000000000000, -0.000000000000000000 ) ) ;
#446 = LINE ( 'NONE', #2563, #240 ) ;
#447 = CARTESIAN_POINT ( 'NONE',  ( -12.37436867076456615, -1.500000000000000000, 7.925631329235463873 ) ) ;
#448 =( LENGTH_UNIT ( ) NAMED_UNIT ( * ) SI_UNIT ( .MILLI., .METRE. ) );
#449 = ORIENTED_EDGE ( 'NONE', *, *, #1508, .T. ) ;
#450 = CARTESIAN_POINT ( 'NONE',  ( -19.99999999999998579, -198.5000000000000000, -47.49999999999999289 ) ) ;
#451 = EDGE_CURVE ( 'NONE', #1932, #2186, #117, .T. ) ;
#452 = EDGE_CURVE ( 'NONE', #330, #275, #1563, .T. ) ;
#453 = DIRECTION ( 'NONE',  ( 0.000000000000000000, -1.000000000000000000, 0.000000000000000000 ) ) ;
#454 = ADVANCED_FACE ( 'NONE', ( #1553 ), #2269, .F. ) ;
#455 = ORIENTED_EDGE ( 'NONE', *, *, #2787, .F. ) ;
#456 = DIRECTION ( 'NONE',  ( 8.659560562354934091E-17, -0.7071067811865474617, 0.7071067811865475727 ) ) ;
#457 = EDGE_LOOP ( 'NONE', ( #789, #249, #2515, #811 ) ) ;
#458 = DIRECTION ( 'NONE',  ( -0.000000000000000000, 1.000000000000000000, -0.000000000000000000 ) ) ;
#459 = EDGE_CURVE ( 'NONE', #2186, #1863, #682, .T. ) ;
#460 = DIRECTION ( 'NONE',  ( -0.000000000000000000, 1.000000000000000000, -0.000000000000000000 ) ) ;
#461 = LINE ( 'NONE', #207, #139 ) ;
#462 = VERTEX_POINT ( 'NONE', #2012 ) ;
#463 = CARTESIAN_POINT ( 'NONE',  ( -8.329353358609155933, -1.500000000000000000, 34.98107572496203233 ) ) ;
#464 = DIRECTION ( 'NONE',  ( -0.000000000000000000, 1.000000000000000000, -0.000000000000000000 ) ) ;
#465 = DIRECTION ( 'NONE',  ( 0.000000000000000000, 0.000000000000000000, -1.000000000000000000 ) ) ;
#466 = EDGE_CURVE ( 'NONE', #2185, #775, #1077, .T. ) ;
#467 = EDGE_CURVE ( 'NONE', #1319, #2096, #174, .T. ) ;
#468 = CONICAL_SURFACE ( 'NONE', #1614, 4.699999999999999289, 0.7853981633974483900 ) ;
#469 = DIRECTION ( 'NONE',  ( 0.000000000000000000, 0.000000000000000000, -1.000000000000000000 ) ) ;
#470 = AXIS2_PLACEMENT_3D ( 'NONE', #950, #507, #2538 ) ;
#471 = CARTESIAN_POINT ( 'NONE',  ( -19.99999999999998579, -1.500000000000001332, -47.49999999999999289 ) ) ;
#472 = VECTOR ( 'NONE', #1874, 1000.000000000000000 ) ;
#473 = CIRCLE ( 'NONE', #2575, 1.600000000000001865 ) ;
#474 = DIRECTION ( 'NONE',  ( 0.000000000000000000, 0.000000000000000000, 1.000000000000000000 ) ) ;
#475 = EDGE_LOOP ( 'NONE', ( #2620, #2442 ) ) ;
#476 = CARTESIAN_POINT ( 'NONE',  ( -20.00000000000000000, 1.500000000000000000, -60.00000000000000000 ) ) ;
#477 = MECHANICAL_DESIGN_GEOMETRIC_PRESENTATION_REPRESENTATION (  '', ( #915 ), #2577 ) ;
#478 = VERTEX_POINT ( 'NONE', #2477 ) ;
#479 = ADVANCED_FACE ( 'NONE', ( #1595 ), #2231, .T. ) ;
#480 = LINE ( 'NONE', #23, #279 ) ;
#481 = CARTESIAN_POINT ( 'NONE',  ( 19.99999999999998579, 1.500000000000000000, 45.89999999999999858 ) ) ;
#482 = EDGE_CURVE ( 'NONE', #1794, #858, #2044, .T. ) ;
#483 = VECTOR ( 'NONE', #1127, 1000.000000000000000 ) ;
#484 = FACE_BOUND ( 'NONE', #730, .T. ) ;
#485 = CIRCLE ( 'NONE', #2501, 4.700000000000002842 ) ;
#486 = DIRECTION ( 'NONE',  ( -0.000000000000000000, -1.000000000000000000, -0.000000000000000000 ) ) ;
#487 = CARTESIAN_POINT ( 'NONE',  ( 12.37436867076456259, 1.500000000000000000, -12.62563132923547116 ) ) ;
#488 = VERTEX_POINT ( 'NONE', #2917 ) ;
#489 = CARTESIAN_POINT ( 'NONE',  ( -30.24999999999999289, -1.499999999999999556, -9.022071167036653350 ) ) ;
#490 = VECTOR ( 'NONE', #2952, 1000.000000000000000 ) ;
#491 = DIRECTION ( 'NONE',  ( 1.000000000000000000, 0.000000000000000000, 0.000000000000000000 ) ) ;
#492 = ADVANCED_FACE ( 'NONE', ( #850 ), #2689, .F. ) ;
#493 = ORIENTED_EDGE ( 'NONE', *, *, #2037, .T. ) ;
#494 = DIRECTION ( 'NONE',  ( 0.000000000000000000, -1.000000000000000000, 0.000000000000000000 ) ) ;
#495 = VERTEX_POINT ( 'NONE', #910 ) ;
#496 = LINE ( 'NONE', #698, #765 ) ;
#497 = ORIENTED_EDGE ( 'NONE', *, *, #554, .T. ) ;
#498 = DIRECTION ( 'NONE',  ( 0.000000000000000000, 0.000000000000000000, 1.000000000000000000 ) ) ;
#499 = DIRECTION ( 'NONE',  ( -0.000000000000000000, -1.000000000000000000, -0.000000000000000000 ) ) ;
#500 = CYLINDRICAL_SURFACE ( 'NONE', #2488, 2.250000000000001776 ) ;
#501 = EDGE_CURVE ( 'NONE', #1060, #16, #406, .T. ) ;
#502 = CARTESIAN_POINT ( 'NONE',  ( 0.000000000000000000, 1.500000000000000000, 25.00000000000000000 ) ) ;
#503 = VERTEX_POINT ( 'NONE', #2252 ) ;
#504 = ORIENTED_EDGE ( 'NONE', *, *, #1034, .T. ) ;
#505 = CYLINDRICAL_SURFACE ( 'NONE', #1825, 1.599999999999997202 ) ;
#506 = ORIENTED_EDGE ( 'NONE', *, *, #1475, .T. ) ;
#507 = DIRECTION ( 'NONE',  ( -0.000000000000000000, 1.000000000000000000, -0.000000000000000000 ) ) ;
#508 = ORIENTED_EDGE ( 'NONE', *, *, #1703, .F. ) ;
#509 = AXIS2_PLACEMENT_3D ( 'NONE', #774, #558, #2603 ) ;
#510 = EDGE_CURVE ( 'NONE', #1736, #89, #1966, .T. ) ;
#511 = EDGE_CURVE ( 'NONE', #1197, #1187, #2938, .T. ) ;
#512 = CARTESIAN_POINT ( 'NONE',  ( 1.592040838891559293E-15, 1.500000000000000000, 12.00000000000000000 ) ) ;
#513 = VECTOR ( 'NONE', #1220, 1000.000000000000000 ) ;
#514 = ORIENTED_EDGE ( 'NONE', *, *, #1605, .F. ) ;
#515 = VERTEX_POINT ( 'NONE', #1792 ) ;
#516 = AXIS2_PLACEMENT_3D ( 'NONE', #1550, #2190, #860 ) ;
#517 = VECTOR ( 'NONE', #2046, 1000.000000000000000 ) ;
#518 = DIRECTION ( 'NONE',  ( 0.000000000000000000, 0.000000000000000000, -1.000000000000000000 ) ) ;
#519 = AXIS2_PLACEMENT_3D ( 'NONE', #545, #983, #1050 ) ;
#520 = ORIENTED_EDGE ( 'NONE', *, *, #1265, .F. ) ;
#521 = CARTESIAN_POINT ( 'NONE',  ( -12.37436867076456437, 1.500000000000000000, -35.12436867076458924 ) ) ;
#522 = DIRECTION ( 'NONE',  ( 0.000000000000000000, -0.7071067811865474617, -0.7071067811865475727 ) ) ;
#523 = CARTESIAN_POINT ( 'NONE',  ( 12.37436867076456259, 1.500000000000000000, 12.62563132923547116 ) ) ;
#524 = AXIS2_PLACEMENT_3D ( 'NONE', #2841, #1033, #2204 ) ;
#525 = CARTESIAN_POINT ( 'NONE',  ( 19.99999999999999645, -1.500000000000000000, -55.00000000000000000 ) ) ;
#526 = DIRECTION ( 'NONE',  ( -0.000000000000000000, -1.000000000000000000, -0.000000000000000000 ) ) ;
#527 = ORIENTED_EDGE ( 'NONE', *, *, #1219, .T. ) ;
#528 = AXIS2_PLACEMENT_3D ( 'NONE', #2312, #2554, #1166 ) ;
#529 = DIRECTION ( 'NONE',  ( -0.000000000000000000, -1.000000000000000000, -0.000000000000000000 ) ) ;
#530 = ADVANCED_FACE ( 'NONE', ( #211 ), #1579, .F. ) ;
#531 = EDGE_CURVE ( 'NONE', #1359, #1880, #661, .T. ) ;
#532 = EDGE_LOOP ( 'NONE', ( #1753, #1128 ) ) ;
#533 = EDGE_LOOP ( 'NONE', ( #410, #387 ) ) ;
#534 = ORIENTED_EDGE ( 'NONE', *, *, #2560, .T. ) ;
#535 = CARTESIAN_POINT ( 'NONE',  ( 19.99999999999998579, -198.5000000000000000, -47.49999999999999289 ) ) ;
#536 = VERTEX_POINT ( 'NONE', #1638 ) ;
#537 = ADVANCED_FACE ( 'NONE', ( #243 ), #2295, .F. ) ;
#538 = FACE_OUTER_BOUND ( 'NONE', #818, .T. ) ;
#539 = DIRECTION ( 'NONE',  ( -0.000000000000000000, 1.000000000000000000, -0.000000000000000000 ) ) ;
#540 = FACE_OUTER_BOUND ( 'NONE', #311, .T. ) ;
#541 = ORIENTED_EDGE ( 'NONE', *, *, #1839, .F. ) ;
#542 = LINE ( 'NONE', #95, #236 ) ;
#543 = DIRECTION ( 'NONE',  ( 0.000000000000000000, 0.000000000000000000, -1.000000000000000000 ) ) ;
#544 = EDGE_LOOP ( 'NONE', ( #2084, #788, #1603, #1502 ) ) ;
#545 = CARTESIAN_POINT ( 'NONE',  ( 19.99999999999998579, -1.500000000000001332, -47.49999999999999289 ) ) ;
#546 = EDGE_CURVE ( 'NONE', #2411, #1687, #1044, .T. ) ;
#547 = FACE_OUTER_BOUND ( 'NONE', #2200, .T. ) ;
#548 = EDGE_CURVE ( 'NONE', #436, #2173, #2208, .T. ) ;
#549 = CYLINDRICAL_SURFACE ( 'NONE', #2564, 1.599999999999997202 ) ;
#550 = ORIENTED_EDGE ( 'NONE', *, *, #2923, .F. ) ;
#551 = CARTESIAN_POINT ( 'NONE',  ( 19.99999999999998579, -1.500000000000001332, 45.89999999999999858 ) ) ;
#552 = CARTESIAN_POINT ( 'NONE',  ( 12.37436867076456259, 0.9500000000000002887, -12.62563132923547116 ) ) ;
#553 = ORIENTED_EDGE ( 'NONE', *, *, #2051, .F. ) ;
#554 = EDGE_CURVE ( 'NONE', #2246, #1373, #2326, .T. ) ;
#555 = ADVANCED_FACE ( 'NONE', ( #965 ), #1403, .F. ) ;
#556 = DIRECTION ( 'NONE',  ( 0.000000000000000000, -1.000000000000000000, 0.000000000000000000 ) ) ;
#557 = DIRECTION ( 'NONE',  ( -0.000000000000000000, -1.000000000000000000, -0.000000000000000000 ) ) ;
#558 = DIRECTION ( 'NONE',  ( -0.000000000000000000, -1.000000000000000000, -0.000000000000000000 ) ) ;
#559 = ORIENTED_EDGE ( 'NONE', *, *, #1031, .T. ) ;
#560 = CARTESIAN_POINT ( 'NONE',  ( -8.908829169878044851, -1.299963615442095488, -15.52403962760443434 ) ) ;
#561 = FACE_OUTER_BOUND ( 'NONE', #1477, .T. ) ;
#562 = ORIENTED_EDGE ( 'NONE', *, *, #97, .T. ) ;
#563 = VERTEX_POINT ( 'NONE', #2100 ) ;
#564 = CIRCLE ( 'NONE', #756, 2.250000000000001776 ) ;
#565 = EDGE_LOOP ( 'NONE', ( #1415, #2187, #653, #1588, #339, #946, #2229, #186 ) ) ;
#566 = DIRECTION ( 'NONE',  ( 0.000000000000000000, 1.000000000000000000, 0.000000000000000000 ) ) ;
#567 = CIRCLE ( 'NONE', #2859, 13.00000000000000178 ) ;
#568 = CARTESIAN_POINT ( 'NONE',  ( 27.49999999999999645, -8.500000000000000000, -12.50000000000000355 ) ) ;
#569 = AXIS2_PLACEMENT_3D ( 'NONE', #2670, #380, #2701 ) ;
#570 = ORIENTED_EDGE ( 'NONE', *, *, #1956, .T. ) ;
#571 = ADVANCED_FACE ( 'NONE', ( #2746 ), #2794, .F. ) ;
#572 = ADVANCED_FACE ( 'NONE', ( #1867 ), #939, .F. ) ;
#573 = CARTESIAN_POINT ( 'NONE',  ( 27.00000000000000355, 1.500000000000000000, -21.99999999999999289 ) ) ;
#574 = CARTESIAN_POINT ( 'NONE',  ( -25.00000000000000000, -1.500000000000000000, 60.00000000000000000 ) ) ;
#575 = VERTEX_POINT ( 'NONE', #2132 ) ;
#576 = CIRCLE ( 'NONE', #1771, 1.600000000000001865 ) ;
#577 = VECTOR ( 'NONE', #2045, 1000.000000000000000 ) ;
#578 = DIRECTION ( 'NONE',  ( -0.000000000000000000, 1.000000000000000000, -0.000000000000000000 ) ) ;
#579 = CARTESIAN_POINT ( 'NONE',  ( -12.37436867076456615, 1.500000000000000000, -12.62563132923546405 ) ) ;
#580 = CARTESIAN_POINT ( 'NONE',  ( -19.99999999999998579, -1.500000000000001332, -45.89999999999999858 ) ) ;
#581 = EDGE_LOOP ( 'NONE', ( #2605, #941, #2606, #1724 ) ) ;
#582 = AXIS2_PLACEMENT_3D ( 'NONE', #135, #1749, #150 ) ;
#583 = VECTOR ( 'NONE', #1155, 1000.000000000000000 ) ;
#584 = EDGE_CURVE ( 'NONE', #1497, #168, #2525, .T. ) ;
#585 = ORIENTED_EDGE ( 'NONE', *, *, #1360, .F. ) ;
#586 = ORIENTED_EDGE ( 'NONE', *, *, #116, .T. ) ;
#587 = DIRECTION ( 'NONE',  ( 1.387778780781445676E-15, 0.000000000000000000, -1.000000000000000000 ) ) ;
#588 = DIRECTION ( 'NONE',  ( 0.000000000000000000, 0.000000000000000000, 1.000000000000000000 ) ) ;
#589 = LINE ( 'NONE', #2056, #1231 ) ;
#590 = DIRECTION ( 'NONE',  ( -0.000000000000000000, -1.000000000000000000, -0.000000000000000000 ) ) ;
#591 = DIRECTION ( 'NONE',  ( 0.000000000000000000, 0.000000000000000000, -1.000000000000000000 ) ) ;
#592 = ORIENTED_EDGE ( 'NONE', *, *, #781, .F. ) ;
#593 = DIRECTION ( 'NONE',  ( -0.000000000000000000, -1.000000000000000000, -0.000000000000000000 ) ) ;
#594 = CARTESIAN_POINT ( 'NONE',  ( -12.37436867076456615, 1.500000000000000000, -10.37563132923546583 ) ) ;
#595 = DIRECTION ( 'NONE',  ( 0.000000000000000000, 0.000000000000000000, -1.000000000000000000 ) ) ;
#596 = ORIENTED_EDGE ( 'NONE', *, *, #931, .T. ) ;
#597 = CARTESIAN_POINT ( 'NONE',  ( 12.37436867076456259, 0.9500000000000002887, 10.37563132923547116 ) ) ;
#598 = ORIENTED_EDGE ( 'NONE', *, *, #2906, .T. ) ;
#599 = FILL_AREA_STYLE_COLOUR ( '', #429 ) ;
#600 = EDGE_LOOP ( 'NONE', ( #1409, #2915, #2481, #2800 ) ) ;
#601 = CYLINDRICAL_SURFACE ( 'NONE', #2805, 5.000000000000000888 ) ;
#602 = ORIENTED_EDGE ( 'NONE', *, *, #1524, .T. ) ;
#603 = CARTESIAN_POINT ( 'NONE',  ( -44.99999999999999289, -1.500000000000000000, 11.00000000000000000 ) ) ;
#604 = CARTESIAN_POINT ( 'NONE',  ( -44.99999999999999289, 1.500000000000000000, -11.00000000000000000 ) ) ;
#605 = ORIENTED_EDGE ( 'NONE', *, *, #2881, .F. ) ;
#606 = DIRECTION ( 'NONE',  ( 0.000000000000000000, 1.000000000000000000, -0.000000000000000000 ) ) ;
#607 = EDGE_CURVE ( 'NONE', #344, #1047, #1623, .T. ) ;
#608 = ADVANCED_FACE ( 'NONE', ( #2773 ), #1849, .F. ) ;
#609 = FACE_BOUND ( 'NONE', #786, .T. ) ;
#610 = AXIS2_PLACEMENT_3D ( 'NONE', #471, #2760, #932 ) ;
#611 = AXIS2_PLACEMENT_3D ( 'NONE', #1510, #2372, #93 ) ;
#612 = AXIS2_PLACEMENT_3D ( 'NONE', #395, #1540, #178 ) ;
#613 = ORIENTED_EDGE ( 'NONE', *, *, #1819, .F. ) ;
#614 = CIRCLE ( 'NONE', #907, 1.599999999999997202 ) ;
#615 = DIRECTION ( 'NONE',  ( -0.000000000000000000, -1.000000000000000000, -0.000000000000000000 ) ) ;
#616 = DIRECTION ( 'NONE',  ( 0.000000000000000000, 0.000000000000000000, -1.000000000000000000 ) ) ;
#617 = AXIS2_PLACEMENT_3D ( 'NONE', #2306, #438, #2294 ) ;
#618 = ORIENTED_EDGE ( 'NONE', *, *, #1354, .F. ) ;
#619 = VECTOR ( 'NONE', #702, 1000.000000000000000 ) ;
#620 = CARTESIAN_POINT ( 'NONE',  ( 8.620937377680910174, -1.372957623305000041, 34.73774460560201760 ) ) ;
#621 = CARTESIAN_POINT ( 'NONE',  ( -25.00000000000000000, 1.500000000000000000, -60.00000000000000000 ) ) ;
#622 = ORIENTED_EDGE ( 'NONE', *, *, #1313, .T. ) ;
#623 = AXIS2_PLACEMENT_3D ( 'NONE', #2468, #371, #2221 ) ;
#624 = CARTESIAN_POINT ( 'NONE',  ( -12.37436867076456437, -1.500000000000000000, -37.37436867076459635 ) ) ;
#625 = AXIS2_PLACEMENT_3D ( 'NONE', #2271, #1066, #1092 ) ;
#626 = ORIENTED_EDGE ( 'NONE', *, *, #1738, .F. ) ;
#627 = DIRECTION ( 'NONE',  ( 0.000000000000000000, 0.000000000000000000, -1.000000000000000000 ) ) ;
#628 = CIRCLE ( 'NONE', #84, 1.250000000000001110 ) ;
#629 = DIRECTION ( 'NONE',  ( -0.000000000000000000, -1.000000000000000000, -0.000000000000000000 ) ) ;
#630 = VECTOR ( 'NONE', #2754, 1000.000000000000000 ) ;
#631 = AXIS2_PLACEMENT_3D ( 'NONE', #1844, #7, #2291 ) ;
#632 = CARTESIAN_POINT ( 'NONE',  ( 27.00000000000000355, -1.500000000000001332, -20.00000000000000000 ) ) ;
#633 = EDGE_LOOP ( 'NONE', ( #1935, #2336, #2586, #1899 ) ) ;
#634 = LINE ( 'NONE', #2473, #127 ) ;
#635 = EDGE_CURVE ( 'NONE', #1187, #1060, #2015, .T. ) ;
#636 = CARTESIAN_POINT ( 'NONE',  ( -12.37436867076456437, -1.500000000000000000, -37.37436867076459635 ) ) ;
#637 = VERTEX_POINT ( 'NONE', #2784 ) ;
#638 = CARTESIAN_POINT ( 'NONE',  ( -25.00000000000000000, 1.500000000000000000, 60.00000000000000000 ) ) ;
#639 = DIRECTION ( 'NONE',  ( -0.000000000000000000, -1.000000000000000000, -0.000000000000000000 ) ) ;
#640 = EDGE_LOOP ( 'NONE', ( #336, #1215 ) ) ;
#641 = CARTESIAN_POINT ( 'NONE',  ( 22.50000000000000355, 1.500000000000000000, 20.00000000000000000 ) ) ;
#642 = VERTEX_POINT ( 'NONE', #2078 ) ;
#643 = ORIENTED_EDGE ( 'NONE', *, *, #1109, .T. ) ;
#644 = ADVANCED_FACE ( 'NONE', ( #707 ), #1648, .T. ) ;
#645 = VERTEX_POINT ( 'NONE', #2558 ) ;
#646 = DIRECTION ( 'NONE',  ( 0.000000000000000000, -1.000000000000000000, 0.000000000000000000 ) ) ;
#647 = ADVANCED_FACE ( 'NONE', ( #26 ), #13, .F. ) ;
#648 = CARTESIAN_POINT ( 'NONE',  ( 19.99999999999998579, -1.500000000000001332, 47.49999999999999289 ) ) ;
#649 = EDGE_CURVE ( 'NONE', #780, #1744, #1707, .T. ) ;
#650 = DIRECTION ( 'NONE',  ( -0.000000000000000000, -1.000000000000000000, -0.000000000000000000 ) ) ;
#651 = LINE ( 'NONE', #1345, #802 ) ;
#652 = LINE ( 'NONE', #427, #2119 ) ;
#653 = ORIENTED_EDGE ( 'NONE', *, *, #2220, .F. ) ;
#654 = CYLINDRICAL_SURFACE ( 'NONE', #2536, 13.00000000000000533 ) ;
#655 = ORIENTED_EDGE ( 'NONE', *, *, #1012, .F. ) ;
#656 = CARTESIAN_POINT ( 'NONE',  ( 12.37436867076456259, -1.500000000000000000, -14.87563132923546938 ) ) ;
#657 = DIRECTION ( 'NONE',  ( 0.000000000000000000, 0.000000000000000000, 1.000000000000000000 ) ) ;
#658 = DIRECTION ( 'NONE',  ( -0.000000000000000000, 1.000000000000000000, -0.000000000000000000 ) ) ;
#659 = EDGE_LOOP ( 'NONE', ( #1557, #86, #741, #1248, #428, #2121 ) ) ;
#660 = DIRECTION ( 'NONE',  ( 0.000000000000000000, -1.000000000000000000, 0.000000000000000000 ) ) ;
#661 = CIRCLE ( 'NONE', #2335, 2.249999999999998668 ) ;
#662 = ADVANCED_FACE ( 'NONE', ( #2826 ), #122, .F. ) ;
#663 = VECTOR ( 'NONE', #1260, 1000.000000000000000 ) ;
#664 = EDGE_CURVE ( 'NONE', #2530, #2966, #1665, .T. ) ;
#665 = CARTESIAN_POINT ( 'NONE',  ( 0.000000000000000000, -1.500000000000000000, 25.00000000000000000 ) ) ;
#666 = CARTESIAN_POINT ( 'NONE',  ( -19.99999999999997868, -198.5000000000000000, 1.131955512893109662E-31 ) ) ;
#667 = CARTESIAN_POINT ( 'NONE',  ( 8.329353358609154157, -1.500000000000000000, -34.98107572496203233 ) ) ;
#668 = VECTOR ( 'NONE', #881, 1000.000000000000000 ) ;
#669 = AXIS2_PLACEMENT_3D ( 'NONE', #2756, #2282, #2042 ) ;
#670 = CIRCLE ( 'NONE', #1673, 4.700000000000002842 ) ;
#672 = ADVANCED_FACE ( 'NONE', ( #538 ), #2383, .F. ) ;
#671 = EDGE_LOOP ( 'NONE', ( #1134, #904, #1498, #1857 ) ) ;
#673 = AXIS2_PLACEMENT_3D ( 'NONE', #2135, #2350, #1447 ) ;
#674 = DIRECTION ( 'NONE',  ( 1.000000000000000000, -0.000000000000000000, 0.000000000000000000 ) ) ;
#675 = ORIENTED_EDGE ( 'NONE', *, *, #204, .T. ) ;
#676 = AXIS2_PLACEMENT_3D ( 'NONE', #924, #464, #1379 ) ;
#677 = CARTESIAN_POINT ( 'NONE',  ( 19.99999999999998579, -1.500000000000001332, 49.09999999999999432 ) ) ;
#678 = CARTESIAN_POINT ( 'NONE',  ( 20.00000000000000000, -1.500000000000000000, 55.00000000000000000 ) ) ;
#679 = ORIENTED_EDGE ( 'NONE', *, *, #467, .F. ) ;
#680 = CARTESIAN_POINT ( 'NONE',  ( 12.37436867076456437, 0.9500000000000002887, 35.12436867076458924 ) ) ;
#681 = CIRCLE ( 'NONE', #2679, 5.000000000000000888 ) ;
#682 = LINE ( 'NONE', #621, #227 ) ;
#683 = CARTESIAN_POINT ( 'NONE',  ( 19.99999999999998579, -198.5000000000000000, -45.89999999999999858 ) ) ;
#684 = ADVANCED_FACE ( 'NONE', ( #794 ), #1226, .F. ) ;
#685 = ORIENTED_EDGE ( 'NONE', *, *, #1888, .F. ) ;
#686 = ORIENTED_EDGE ( 'NONE', *, *, #2, .F. ) ;
#687 = ADVANCED_FACE ( 'NONE', ( #2400 ), #769, .F. ) ;
#688 = DIRECTION ( 'NONE',  ( 0.000000000000000000, 0.000000000000000000, -1.000000000000000000 ) ) ;
#689 = CARTESIAN_POINT ( 'NONE',  ( -30.00000000000000355, -1.500000000000000000, -16.00000000000000000 ) ) ;
#690 = ORIENTED_EDGE ( 'NONE', *, *, #1799, .F. ) ;
#691 = DIRECTION ( 'NONE',  ( 8.659560562354936556E-17, -0.7071067811865473507, 0.7071067811865477948 ) ) ;
#692 = DIRECTION ( 'NONE',  ( 0.000000000000000000, 0.000000000000000000, 1.000000000000000000 ) ) ;
#693 = DIRECTION ( 'NONE',  ( 0.000000000000000000, 0.000000000000000000, -1.000000000000000000 ) ) ;
#694 = CARTESIAN_POINT ( 'NONE',  ( -20.00000000000000000, -1.500000000000000000, 55.00000000000000000 ) ) ;
#695 = DIRECTION ( 'NONE',  ( -0.000000000000000000, 1.000000000000000000, -0.000000000000000000 ) ) ;
#696 = EDGE_LOOP ( 'NONE', ( #1708, #2349 ) ) ;
#697 = CARTESIAN_POINT ( 'NONE',  ( -9.737766343023567472, -1.372968972341208405, 16.37908867030158788 ) ) ;
#698 = CARTESIAN_POINT ( 'NONE',  ( -12.37436867076456437, -1.500000000000000000, 39.62436867076459635 ) ) ;
#699 = CIRCLE ( 'NONE', #853, 13.00000000000000178 ) ;
#700 = CYLINDRICAL_SURFACE ( 'NONE', #2544, 4.999999999999997335 ) ;
#701 = CARTESIAN_POINT ( 'NONE',  ( -30.00000000000000355, 1.500000000000000000, 21.00000000000000000 ) ) ;
#702 = DIRECTION ( 'NONE',  ( 0.000000000000000000, 0.000000000000000000, 1.000000000000000000 ) ) ;
#703 = CARTESIAN_POINT ( 'NONE',  ( -39.99999999999999289, 1.500000000000000000, -11.00000000000000000 ) ) ;
#704 = FACE_BOUND ( 'NONE', #2512, .T. ) ;
#705 = CONICAL_SURFACE ( 'NONE', #509, 4.699999999999999289, 0.7853981633974485010 ) ;
#706 = DIRECTION ( 'NONE',  ( -0.000000000000000000, -1.000000000000000000, -0.000000000000000000 ) ) ;
#707 = FACE_OUTER_BOUND ( 'NONE', #1871, .T. ) ;
#708 = ORIENTED_EDGE ( 'NONE', *, *, #649, .T. ) ;
#709 = AXIS2_PLACEMENT_3D ( 'NONE', #1884, #797, #1494 ) ;
#710 = AXIS2_PLACEMENT_3D ( 'NONE', #2937, #1988, #2916 ) ;
#711 = DIRECTION ( 'NONE',  ( -0.000000000000000000, -1.000000000000000000, 0.000000000000000000 ) ) ;
#712 = AXIS2_PLACEMENT_3D ( 'NONE', #489, #556, #1426 ) ;
#713 = DIRECTION ( 'NONE',  ( 0.000000000000000000, 0.000000000000000000, -1.000000000000000000 ) ) ;
#714 = ORIENTED_EDGE ( 'NONE', *, *, #1176, .F. ) ;
#715 = CARTESIAN_POINT ( 'NONE',  ( -25.00000000000000000, -1.500000000000000000, 55.00000000000000000 ) ) ;
#716 = AXIS2_PLACEMENT_3D ( 'NONE', #269, #695, #474 ) ;
#717 = ORIENTED_EDGE ( 'NONE', *, *, #2903, .T. ) ;
#718 = B_SPLINE_CURVE_WITH_KNOTS ( 'NONE', 3,
 ( #2452, #1523, #560, #2407, #2390, #331 ),
 .UNSPECIFIED., .F., .F.,
 ( 4, 2, 4 ),
 ( 6.224426167852966007E-07, 0.001187034362935296405, 0.002373446283253811441 ),
 .UNSPECIFIED. ) ;
#719 = DIRECTION ( 'NONE',  ( -0.000000000000000000, -1.000000000000000000, -0.000000000000000000 ) ) ;
#720 = DIRECTION ( 'NONE',  ( -0.000000000000000000, 1.000000000000000000, -0.000000000000000000 ) ) ;
#721 = FACE_BOUND ( 'NONE', #398, .T. ) ;
#722 = CIRCLE ( 'NONE', #1065, 4.699999999999999289 ) ;
#723 = DIRECTION ( 'NONE',  ( 0.000000000000000000, 0.000000000000000000, -1.000000000000000000 ) ) ;
#724 = EDGE_CURVE ( 'NONE', #2148, #2594, #614, .T. ) ;
#725 = CIRCLE ( 'NONE', #1115, 4.700000000000002842 ) ;
#726 = ORIENTED_EDGE ( 'NONE', *, *, #160, .T. ) ;
#727 = LINE ( 'NONE', #1840, #1061 ) ;
#728 = LINE ( 'NONE', #1642, #1959 ) ;
#729 = ORIENTED_EDGE ( 'NONE', *, *, #2893, .F. ) ;
#730 = EDGE_LOOP ( 'NONE', ( #2130, #1875 ) ) ;
#731 = LINE ( 'NONE', #2520, #1440 ) ;
#732 = FACE_BOUND ( 'NONE', #1716, .T. ) ;
#733 = ORIENTED_EDGE ( 'NONE', *, *, #2559, .F. ) ;
#734 = EDGE_CURVE ( 'NONE', #2516, #172, #304, .T. ) ;
#735 = LINE ( 'NONE', #1836, #1485 ) ;
#736 = EDGE_CURVE ( 'NONE', #488, #285, #1945, .T. ) ;
#737 = DIRECTION ( 'NONE',  ( 0.000000000000000000, 0.000000000000000000, 1.000000000000000000 ) ) ;
#738 = EDGE_CURVE ( 'NONE', #285, #462, #2298, .T. ) ;
#739 = DIRECTION ( 'NONE',  ( -0.000000000000000000, 1.000000000000000000, 0.000000000000000000 ) ) ;
#740 = DIRECTION ( 'NONE',  ( 0.000000000000000000, 0.000000000000000000, -1.000000000000000000 ) ) ;
#741 = ORIENTED_EDGE ( 'NONE', *, *, #452, .T. ) ;
#742 = DIRECTION ( 'NONE',  ( 0.000000000000000000, -1.000000000000000000, 0.000000000000000000 ) ) ;
#743 = DIRECTION ( 'NONE',  ( 0.000000000000000000, -1.000000000000000000, 0.000000000000000000 ) ) ;
#744 = ORIENTED_EDGE ( 'NONE', *, *, #2325, .T. ) ;
#745 = ORIENTED_EDGE ( 'NONE', *, *, #1324, .T. ) ;
#746 = ORIENTED_EDGE ( 'NONE', *, *, #29, .T. ) ;
#747 = DIRECTION ( 'NONE',  ( 0.000000000000000000, 0.000000000000000000, 1.000000000000000000 ) ) ;
#748 = ORIENTED_EDGE ( 'NONE', *, *, #751, .T. ) ;
#749 = CARTESIAN_POINT ( 'NONE',  ( 19.99999999999998579, 1.500000000000000000, 47.49999999999999289 ) ) ;
#750 = ADVANCED_FACE ( 'NONE', ( #1505 ), #1003, .F. ) ;
#751 = EDGE_CURVE ( 'NONE', #515, #1886, #2613, .T. ) ;
#752 = DIRECTION ( 'NONE',  ( 0.000000000000000000, 0.000000000000000000, -1.000000000000000000 ) ) ;
#753 = DIRECTION ( 'NONE',  ( -0.000000000000000000, -1.000000000000000000, -0.000000000000000000 ) ) ;
#754 = ORIENTED_EDGE ( 'NONE', *, *, #142, .F. ) ;
#755 = AXIS2_PLACEMENT_3D ( 'NONE', #2758, #453, #723 ) ;
#756 = AXIS2_PLACEMENT_3D ( 'NONE', #2618, #1651, #294 ) ;
#757 = CARTESIAN_POINT ( 'NONE',  ( 12.37436867076456437, -1.500000000000000000, -37.37436867076459635 ) ) ;
#758 = EDGE_LOOP ( 'NONE', ( #1175, #1484, #772, #980 ) ) ;
#759 = ORIENTED_EDGE ( 'NONE', *, *, #2694, .T. ) ;
#760 = VECTOR ( 'NONE', #706, 1000.000000000000000 ) ;
#761 = EDGE_CURVE ( 'NONE', #1339, #63, #229, .T. ) ;
#762 = SHAPE_DEFINITION_REPRESENTATION ( #210, #2813 ) ;
#763 = ORIENTED_EDGE ( 'NONE', *, *, #134, .F. ) ;
#764 = CIRCLE ( 'NONE', #2770, 1.599999999999997202 ) ;
#765 = VECTOR ( 'NONE', #1126, 1000.000000000000000 ) ;
#766 = AXIS2_PLACEMENT_3D ( 'NONE', #1043, #1247, #1683 ) ;
#767 = ORIENTED_EDGE ( 'NONE', *, *, #1596, .T. ) ;
#768 = CARTESIAN_POINT ( 'NONE',  ( 27.49999999999999645, 1.500000000000000000, 12.50000000000000355 ) ) ;
#769 = CYLINDRICAL_SURFACE ( 'NONE', #2213, 1.250000000000001110 ) ;
#770 = ORIENTED_EDGE ( 'NONE', *, *, #1006, .T. ) ;
#771 = CIRCLE ( 'NONE', #1877, 1.250000000000001110 ) ;
#772 = ORIENTED_EDGE ( 'NONE', *, *, #761, .T. ) ;
#773 = DIRECTION ( 'NONE',  ( -0.000000000000000000, 1.000000000000000000, -0.000000000000000000 ) ) ;
#774 = CARTESIAN_POINT ( 'NONE',  ( -12.37436867076456615, -1.500000000000000000, -12.62563132923546405 ) ) ;
#775 = VERTEX_POINT ( 'NONE', #1728 ) ;
#776 = AXIS2_PLACEMENT_3D ( 'NONE', #1501, #1927, #1740 ) ;
#777 = CARTESIAN_POINT ( 'NONE',  ( 25.00000000000000000, 1.500000000000000000, -54.99999999999999289 ) ) ;
#778 = ADVANCED_FACE ( 'NONE', ( #1693 ), #319, .F. ) ;
#779 = ORIENTED_EDGE ( 'NONE', *, *, #482, .F. ) ;
#780 = VERTEX_POINT ( 'NONE', #1238 ) ;
#781 = EDGE_CURVE ( 'NONE', #287, #2058, #951, .T. ) ;
#782 = ORIENTED_EDGE ( 'NONE', *, *, #554, .F. ) ;
#783 = DIRECTION ( 'NONE',  ( 0.000000000000000000, 0.000000000000000000, 1.000000000000000000 ) ) ;
#784 = EDGE_LOOP ( 'NONE', ( #1922, #1573, #1975, #2951 ) ) ;
#785 = CARTESIAN_POINT ( 'NONE',  ( 27.49999999999999645, -8.500000000000000000, -12.50000000000000355 ) ) ;
#786 = EDGE_LOOP ( 'NONE', ( #2155, #2475 ) ) ;
#787 = DIRECTION ( 'NONE',  ( -1.000000000000000000, -0.000000000000000000, -0.000000000000000000 ) ) ;
#788 = ORIENTED_EDGE ( 'NONE', *, *, #511, .F. ) ;
#789 = ORIENTED_EDGE ( 'NONE', *, *, #1612, .T. ) ;
#790 = ADVANCED_FACE ( 'NONE', ( #2808 ), #1256, .T. ) ;
#791 = CARTESIAN_POINT ( 'NONE',  ( 12.37436867076456259, -1.500000000000000000, -7.925631329235470979 ) ) ;
#792 = EDGE_LOOP ( 'NONE', ( #1831, #1281 ) ) ;
#793 = CARTESIAN_POINT ( 'NONE',  ( 12.37436867076456437, 1.500000000000000000, 37.37436867076459635 ) ) ;
#794 = FACE_OUTER_BOUND ( 'NONE', #372, .T. ) ;
#795 = ORIENTED_EDGE ( 'NONE', *, *, #1265, .T. ) ;
#796 = DIRECTION ( 'NONE',  ( 0.000000000000000000, 0.000000000000000000, -1.000000000000000000 ) ) ;
#797 = DIRECTION ( 'NONE',  ( 0.000000000000000000, 1.000000000000000000, 0.000000000000000000 ) ) ;
#798 = DIRECTION ( 'NONE',  ( -0.000000000000000000, 1.000000000000000000, -0.000000000000000000 ) ) ;
#799 = ORIENTED_EDGE ( 'NONE', *, *, #1668, .T. ) ;
#800 = EDGE_CURVE ( 'NONE', #1732, #194, #1964, .T. ) ;
#801 = CARTESIAN_POINT ( 'NONE',  ( -12.37436867076456437, -1.500000000000000000, 37.37436867076459635 ) ) ;
#802 = VECTOR ( 'NONE', #148, 1000.000000000000000 ) ;
#803 = ORIENTED_EDGE ( 'NONE', *, *, #1524, .F. ) ;
#804 = ORIENTED_EDGE ( 'NONE', *, *, #2828, .T. ) ;
#805 = VECTOR ( 'NONE', #2157, 1000.000000000000000 ) ;
#806 = ORIENTED_EDGE ( 'NONE', *, *, #1079, .F. ) ;
#807 = CARTESIAN_POINT ( 'NONE',  ( -39.99999999999999289, 1.500000000000000000, 11.00000000000000000 ) ) ;
#808 = AXIS2_PLACEMENT_3D ( 'NONE', #665, #197, #1383 ) ;
#809 = DIRECTION ( 'NONE',  ( -0.000000000000000000, 1.000000000000000000, -0.000000000000000000 ) ) ;
#810 = AXIS2_PLACEMENT_3D ( 'NONE', #392, #590, #375 ) ;
#811 = ORIENTED_EDGE ( 'NONE', *, *, #308, .F. ) ;
#812 = DIRECTION ( 'NONE',  ( 0.000000000000000000, 0.000000000000000000, 1.000000000000000000 ) ) ;
#813 = FACE_OUTER_BOUND ( 'NONE', #2102, .T. ) ;
#814 = CARTESIAN_POINT ( 'NONE',  ( -30.24999999999999289, 1.500000000000000000, 9.022071167036653350 ) ) ;
#815 = ORIENTED_EDGE ( 'NONE', *, *, #1218, .T. ) ;
#816 = PRESENTATION_LAYER_ASSIGNMENT (  '', '', ( #915 ) ) ;
#817 = CYLINDRICAL_SURFACE ( 'NONE', #921, 13.00000000000000178 ) ;
#818 = EDGE_LOOP ( 'NONE', ( #18, #2013, #2179, #2882, #1506, #1093, #2567, #831 ) ) ;
#819 = AXIS2_PLACEMENT_3D ( 'NONE', #156, #193, #2053 ) ;
#820 = CARTESIAN_POINT ( 'NONE',  ( -39.99999999999999289, 1.500000000000000000, -16.00000000000000000 ) ) ;
#821 = DIRECTION ( 'NONE',  ( 0.000000000000000000, 0.000000000000000000, -1.000000000000000000 ) ) ;
#822 = CYLINDRICAL_SURFACE ( 'NONE', #1059, 2.249999999999998668 ) ;
#823 = VERTEX_POINT ( 'NONE', #1650 ) ;
#824 = EDGE_CURVE ( 'NONE', #2212, #1439, #1712, .T. ) ;
#825 = DIRECTION ( 'NONE',  ( 8.659560562354931626E-17, -0.7071067811865476838, 0.7071067811865474617 ) ) ;
#826 = AXIS2_PLACEMENT_3D ( 'NONE', #2912, #2025, #2711 ) ;
#827 = CARTESIAN_POINT ( 'NONE',  ( 19.99999999999999645, 1.500000000000000000, -60.00000000000000000 ) ) ;
#828 = VECTOR ( 'NONE', #1263, 1000.000000000000000 ) ;
#829 = CARTESIAN_POINT ( 'NONE',  ( 27.49999999999999645, 1.500000000000000000, 11.25000000000000355 ) ) ;
#830 = ADVANCED_FACE ( 'NONE', ( #327 ), #2016, .F. ) ;
#831 = ORIENTED_EDGE ( 'NONE', *, *, #116, .F. ) ;
#832 = LINE ( 'NONE', #1742, #2876 ) ;
#833 = CARTESIAN_POINT ( 'NONE',  ( -19.99999999999997868, -1.500000000000001332, 1.131955512893109662E-31 ) ) ;
#834 = EDGE_CURVE ( 'NONE', #1808, #2801, #1382, .T. ) ;
#835 = ADVANCED_FACE ( 'NONE', ( #2550 ), #500, .F. ) ;
#836 = DIRECTION ( 'NONE',  ( -0.000000000000000000, 1.000000000000000000, -0.000000000000000000 ) ) ;
#837 = CARTESIAN_POINT ( 'NONE',  ( -12.37436867076456437, -1.500000000000000000, -37.37436867076459635 ) ) ;
#838 = DIRECTION ( 'NONE',  ( 0.000000000000000000, 0.000000000000000000, -1.000000000000000000 ) ) ;
#839 = ORIENTED_EDGE ( 'NONE', *, *, #1189, .T. ) ;
#840 = DIRECTION ( 'NONE',  ( 0.000000000000000000, 0.000000000000000000, 1.000000000000000000 ) ) ;
#841 = DIRECTION ( 'NONE',  ( 0.000000000000000000, 0.000000000000000000, -1.000000000000000000 ) ) ;
#842 = CARTESIAN_POINT ( 'NONE',  ( -12.37436867076456615, 0.9500000000000002887, -12.62563132923546405 ) ) ;
#843 = ORIENTED_EDGE ( 'NONE', *, *, #2548, .F. ) ;
#844 = CARTESIAN_POINT ( 'NONE',  ( -8.620911329698477843, -1.372968972341229943, -34.73776634302351596 ) ) ;
#845 = FACE_OUTER_BOUND ( 'NONE', #1954, .T. ) ;
#846 = CYLINDRICAL_SURFACE ( 'NONE', #2930, 2.150000000000000799 ) ;
#847 = ORIENTED_EDGE ( 'NONE', *, *, #971, .T. ) ;
#848 = ADVANCED_FACE ( 'NONE', ( #1412 ), #2327, .F. ) ;
#849 = CARTESIAN_POINT ( 'NONE',  ( -12.37436867076456437, 1.500000000000000000, 35.12436867076458924 ) ) ;
#850 = FACE_OUTER_BOUND ( 'NONE', #1828, .T. ) ;
#851 = ORIENTED_EDGE ( 'NONE', *, *, #2660, .F. ) ;
#852 = DIRECTION ( 'NONE',  ( 0.000000000000000000, 0.000000000000000000, -1.000000000000000000 ) ) ;
#853 = AXIS2_PLACEMENT_3D ( 'NONE', #502, #2788, #1203 ) ;
#854 = EDGE_LOOP ( 'NONE', ( #2593, #382 ) ) ;
#855 = AXIS2_PLACEMENT_3D ( 'NONE', #262, #1182, #1201 ) ;
#856 = EDGE_CURVE ( 'NONE', #2521, #1679, #2348, .T. ) ;
#857 = DIRECTION ( 'NONE',  ( 0.000000000000000000, 1.000000000000000000, 0.000000000000000000 ) ) ;
#858 = VERTEX_POINT ( 'NONE', #1222 ) ;
#859 = VECTOR ( 'NONE', #2370, 1000.000000000000000 ) ;
#860 = DIRECTION ( 'NONE',  ( 0.000000000000000000, 0.000000000000000000, 1.000000000000000000 ) ) ;
#861 = CIRCLE ( 'NONE', #569, 2.000000000000001776 ) ;
#862 = ORIENTED_EDGE ( 'NONE', *, *, #2956, .F. ) ;
#863 = CIRCLE ( 'NONE', #2443, 1.250000000000001110 ) ;
#864 = DIRECTION ( 'NONE',  ( -0.000000000000000000, -1.000000000000000000, -0.000000000000000000 ) ) ;
#865 = FACE_OUTER_BOUND ( 'NONE', #362, .T. ) ;
#866 = ORIENTED_EDGE ( 'NONE', *, *, #724, .F. ) ;
#867 = AXIS2_PLACEMENT_3D ( 'NONE', #338, #809, #588 ) ;
#868 = AXIS2_PLACEMENT_3D ( 'NONE', #215, #189, #1112 ) ;
#869 = CARTESIAN_POINT ( 'NONE',  ( 12.37436867076456437, 1.500000000000000000, -35.12436867076458924 ) ) ;
#870 = AXIS2_PLACEMENT_3D ( 'NONE', #1853, #491, #1404 ) ;
#871 = EDGE_CURVE ( 'NONE', #370, #157, #567, .T. ) ;
#872 = CIRCLE ( 'NONE', #2354, 4.999999999999997335 ) ;
#873 = ORIENTED_EDGE ( 'NONE', *, *, #289, .F. ) ;
#874 = EDGE_CURVE ( 'NONE', #1028, #2245, #1572, .T. ) ;
#875 = FACE_OUTER_BOUND ( 'NONE', #565, .T. ) ;
#876 = VERTEX_POINT ( 'NONE', #2404 ) ;
#877 = CARTESIAN_POINT ( 'NONE',  ( 0.000000000000000000, -1.500000000000000000, -25.00000000000000000 ) ) ;
#878 = ORIENTED_EDGE ( 'NONE', *, *, #2444, .T. ) ;
#879 = LINE ( 'NONE', #912, #517 ) ;
#880 = EDGE_LOOP ( 'NONE', ( #153, #767, #2434, #690 ) ) ;
#881 = DIRECTION ( 'NONE',  ( 0.000000000000000000, 1.000000000000000000, -0.000000000000000000 ) ) ;
#882 = DIRECTION ( 'NONE',  ( -0.000000000000000000, -1.000000000000000000, -0.000000000000000000 ) ) ;
#883 = FACE_OUTER_BOUND ( 'NONE', #1647, .T. ) ;
#884 = CARTESIAN_POINT ( 'NONE',  ( 19.99999999999998579, 1.500000000000000000, -47.49999999999999289 ) ) ;
#885 = ORIENTED_EDGE ( 'NONE', *, *, #988, .T. ) ;
#886 = VERTEX_POINT ( 'NONE', #80 ) ;
#887 = LINE ( 'NONE', #2928, #1292 ) ;
#888 = EDGE_CURVE ( 'NONE', #2007, #2717, #2067, .T. ) ;
#889 = ORIENTED_EDGE ( 'NONE', *, *, #724, .T. ) ;
#890 = EDGE_CURVE ( 'NONE', #1965, #2669, #1933, .T. ) ;
#891 = ORIENTED_EDGE ( 'NONE', *, *, #2748, .T. ) ;
#892 = DIRECTION ( 'NONE',  ( -0.000000000000000000, -1.000000000000000000, -0.000000000000000000 ) ) ;
#893 = LINE ( 'NONE', #2712, #1302 ) ;
#894 = CARTESIAN_POINT ( 'NONE',  ( 12.37436867076456259, 0.9500000000000002887, 12.62563132923547116 ) ) ;
#895 = DIRECTION ( 'NONE',  ( 0.000000000000000000, 1.000000000000000000, 0.000000000000000000 ) ) ;
#896 = EDGE_CURVE ( 'NONE', #1880, #1359, #120, .T. ) ;
#897 = ORIENTED_EDGE ( 'NONE', *, *, #2330, .F. ) ;
#898 = CIRCLE ( 'NONE', #2957, 4.700000000000002842 ) ;
#899 = DIRECTION ( 'NONE',  ( 0.000000000000000000, 0.000000000000000000, 1.000000000000000000 ) ) ;
#900 = PRODUCT_DEFINITION_CONTEXT ( 'detailed design', #916, 'design' ) ;
#901 = EDGE_LOOP ( 'NONE', ( #1480, #2825, #1560, #782 ) ) ;
#902 = DIRECTION ( 'NONE',  ( -0.000000000000000000, -1.000000000000000000, -0.000000000000000000 ) ) ;
#903 = CARTESIAN_POINT ( 'NONE',  ( -25.00000000000000000, -1.500000000000000000, -54.99999999999999289 ) ) ;
#904 = ORIENTED_EDGE ( 'NONE', *, *, #1283, .T. ) ;
#905 = DIRECTION ( 'NONE',  ( -0.000000000000000000, -1.000000000000000000, -0.000000000000000000 ) ) ;
#906 = AXIS2_PLACEMENT_3D ( 'NONE', #1894, #255, #737 ) ;
#907 = AXIS2_PLACEMENT_3D ( 'NONE', #1907, #2369, #342 ) ;
#908 = EDGE_CURVE ( 'NONE', #1439, #1353, #1471, .T. ) ;
#909 = CARTESIAN_POINT ( 'NONE',  ( 12.37436867076456437, -1.500000000000000000, -39.62436867076459635 ) ) ;
#910 = CARTESIAN_POINT ( 'NONE',  ( 1.592040838891559293E-15, -1.500000000000000000, 12.00000000000000000 ) ) ;
#911 = CIRCLE ( 'NONE', #954, 2.150000000000000799 ) ;
#912 = CARTESIAN_POINT ( 'NONE',  ( -19.99999999999998579, -198.5000000000000000, 45.89999999999999858 ) ) ;
#913 = AXIS2_PLACEMENT_3D ( 'NONE', #2699, #892, #1800 ) ;
#914 = VECTOR ( 'NONE', #219, 1000.000000000000000 ) ;
#915 = STYLED_ITEM ( 'NONE', ( #1252 ), #1860 ) ;
#916 = APPLICATION_CONTEXT ( 'automotive_design' ) ;
#917 = ORIENTED_EDGE ( 'NONE', *, *, #2112, .F. ) ;
#918 = CIRCLE ( 'NONE', #39, 1.599999999999997202 ) ;
#919 = CYLINDRICAL_SURFACE ( 'NONE', #716, 13.00000000000000178 ) ;
#920 = VERTEX_POINT ( 'NONE', #2133 ) ;
#921 = AXIS2_PLACEMENT_3D ( 'NONE', #877, #1911, #2810 ) ;
#922 = LINE ( 'NONE', #1645, #490 ) ;
#923 = ORIENTED_EDGE ( 'NONE', *, *, #1285, .F. ) ;
#924 = CARTESIAN_POINT ( 'NONE',  ( 19.99999999999997868, -198.5000000000000000, 1.131955512893109662E-31 ) ) ;
#925 = CARTESIAN_POINT ( 'NONE',  ( -12.37436867076456615, -1.500000000000000000, 17.32563132923546334 ) ) ;
#926 = LINE ( 'NONE', #2265, #2866 ) ;
#927 = DIRECTION ( 'NONE',  ( 0.000000000000000000, 0.000000000000000000, -1.000000000000000000 ) ) ;
#928 = DIRECTION ( 'NONE',  ( 0.000000000000000000, 0.000000000000000000, -1.000000000000000000 ) ) ;
#929 = CARTESIAN_POINT ( 'NONE',  ( -12.37436867076456437, -1.500000000000000000, 42.07436867076459919 ) ) ;
#930 = EDGE_CURVE ( 'NONE', #168, #1497, #1284, .T. ) ;
#931 = EDGE_CURVE ( 'NONE', #1101, #1446, #2785, .T. ) ;
#932 = DIRECTION ( 'NONE',  ( 0.000000000000000000, 0.000000000000000000, -1.000000000000000000 ) ) ;
#933 = LINE ( 'NONE', #1658, #79 ) ;
#934 = DIRECTION ( 'NONE',  ( 0.000000000000000000, 0.000000000000000000, -1.000000000000000000 ) ) ;
#935 = ORIENTED_EDGE ( 'NONE', *, *, #834, .T. ) ;
#936 = LINE ( 'NONE', #10, #619 ) ;
#937 = DIRECTION ( 'NONE',  ( 0.000000000000000000, -1.000000000000000000, 0.000000000000000000 ) ) ;
#938 = LINE ( 'NONE', #1822, #1427 ) ;
#939 = CYLINDRICAL_SURFACE ( 'NONE', #1225, 2.000000000000001776 ) ;
#940 = CARTESIAN_POINT ( 'NONE',  ( -12.37436867076456615, 0.9500000000000002887, -14.87563132923546227 ) ) ;
#941 = ORIENTED_EDGE ( 'NONE', *, *, #2578, .T. ) ;
#942 = DIRECTION ( 'NONE',  ( -0.000000000000000000, 1.000000000000000000, -0.000000000000000000 ) ) ;
#943 = EDGE_LOOP ( 'NONE', ( #49, #1772, #602, #1355 ) ) ;
#944 = CARTESIAN_POINT ( 'NONE',  ( -19.99999999999998579, -1.500000000000001332, -49.09999999999999432 ) ) ;
#945 = VECTOR ( 'NONE', #526, 1000.000000000000000 ) ;
#946 = ORIENTED_EDGE ( 'NONE', *, *, #957, .F. ) ;
#947 = CARTESIAN_POINT ( 'NONE',  ( -19.99999999999997868, 1.500000000000000000, 1.131955512893109662E-31 ) ) ;
#948 = DIRECTION ( 'NONE',  ( -0.000000000000000000, 1.000000000000000000, -0.000000000000000000 ) ) ;
#949 = DIRECTION ( 'NONE',  ( -0.000000000000000000, -1.000000000000000000, -0.000000000000000000 ) ) ;
#950 = CARTESIAN_POINT ( 'NONE',  ( -19.99999999999998579, -198.5000000000000000, 47.49999999999999289 ) ) ;
#951 = CIRCLE ( 'NONE', #2338, 2.249999999999998668 ) ;
#952 = DIRECTION ( 'NONE',  ( 1.000000000000000000, 0.000000000000000000, -0.000000000000000000 ) ) ;
#953 = ORIENTED_EDGE ( 'NONE', *, *, #1360, .T. ) ;
#954 = AXIS2_PLACEMENT_3D ( 'NONE', #1866, #2059, #927 ) ;
#955 = VECTOR ( 'NONE', #2189, 1000.000000000000000 ) ;
#956 = EDGE_LOOP ( 'NONE', ( #1024, #592, #1698, #570 ) ) ;
#957 = EDGE_CURVE ( 'NONE', #478, #2815, #283, .T. ) ;
#958 = CARTESIAN_POINT ( 'NONE',  ( -8.329353358609100866, -1.500000000000000000, 15.01892427503792149 ) ) ;
#959 = ADVANCED_FACE ( 'NONE', ( #1210 ), #2797, .T. ) ;
#960 = DIRECTION ( 'NONE',  ( -0.000000000000000000, 1.000000000000000000, -0.000000000000000000 ) ) ;
#961 = AXIS2_PLACEMENT_3D ( 'NONE', #807, #2629, #587 ) ;
#962 = CARTESIAN_POINT ( 'NONE',  ( -12.37436867076456437, 0.9500000000000002887, -37.37436867076459635 ) ) ;
#963 = AXIS2_PLACEMENT_3D ( 'NONE', #884, #606, #397 ) ;
#964 = AXIS2_PLACEMENT_3D ( 'NONE', #201, #212, #627 ) ;
#965 = FACE_OUTER_BOUND ( 'NONE', #784, .T. ) ;
#966 = CARTESIAN_POINT ( 'NONE',  ( -30.24999999999999289, -8.500000000000000000, -9.022071167036653350 ) ) ;
#967 = LINE ( 'NONE', #2750, #1661 ) ;
#968 = EDGE_LOOP ( 'NONE', ( #203, #1541, #1946, #559 ) ) ;
#969 = ORIENTED_EDGE ( 'NONE', *, *, #548, .F. ) ;
#970 = EDGE_LOOP ( 'NONE', ( #1478, #917, #293, #2235 ) ) ;
#971 = EDGE_CURVE ( 'NONE', #268, #1036, #1666, .T. ) ;
#972 = CARTESIAN_POINT ( 'NONE',  ( 9.737766343023494642, -1.372968972341229721, -33.62091132969850804 ) ) ;
#973 = ORIENTED_EDGE ( 'NONE', *, *, #467, .T. ) ;
#974 = CARTESIAN_POINT ( 'NONE',  ( 0.000000000000000000, -1.500000000000000000, -12.00000000000000000 ) ) ;
#975 = DIRECTION ( 'NONE',  ( 0.000000000000000000, 0.000000000000000000, -1.000000000000000000 ) ) ;
#976 = CARTESIAN_POINT ( 'NONE',  ( 12.37436867076456437, -1.500000000000000000, 37.37436867076459635 ) ) ;
#977 = CARTESIAN_POINT ( 'NONE',  ( -9.475960372395537235, -1.299963615442132792, 33.90882916987808215 ) ) ;
#978 = EDGE_CURVE ( 'NONE', #330, #2198, #564, .T. ) ;
#979 = CARTESIAN_POINT ( 'NONE',  ( 19.99999999999999645, 1.500000000000000000, 60.00000000000000000 ) ) ;
#980 = ORIENTED_EDGE ( 'NONE', *, *, #1293, .F. ) ;
#981 = ORIENTED_EDGE ( 'NONE', *, *, #1438, .T. ) ;
#982 = DIRECTION ( 'NONE',  ( 0.000000000000000000, -0.000000000000000000, -1.000000000000000000 ) ) ;
#983 = DIRECTION ( 'NONE',  ( 0.000000000000000000, -1.000000000000000000, 0.000000000000000000 ) ) ;
#984 = EDGE_CURVE ( 'NONE', #2530, #1711, #2439, .T. ) ;
#985 = VERTEX_POINT ( 'NONE', #1913 ) ;
#986 = CIRCLE ( 'NONE', #2662, 1.599999999999997202 ) ;
#987 = CARTESIAN_POINT ( 'NONE',  ( 12.37436867076456259, -1.500000000000000000, 12.62563132923547116 ) ) ;
#988 = EDGE_CURVE ( 'NONE', #536, #2495, #861, .T. ) ;
#989 = CONICAL_SURFACE ( 'NONE', #2666, 4.700000000000002842, 0.7853981633974481680 ) ;
#990 = DIRECTION ( 'NONE',  ( -0.000000000000000000, -1.000000000000000000, -0.000000000000000000 ) ) ;
#991 = EDGE_LOOP ( 'NONE', ( #2791, #377, #618, #708 ) ) ;
#992 = DIRECTION ( 'NONE',  ( -6.938893903907227392E-16, 0.000000000000000000, -1.000000000000000000 ) ) ;
#993 = FACE_OUTER_BOUND ( 'NONE', #1915, .T. ) ;
#994 = AXIS2_PLACEMENT_3D ( 'NONE', #987, #2144, #591 ) ;
#995 = CARTESIAN_POINT ( 'NONE',  ( -12.37436867076456615, -1.500000000000000000, -7.925631329235463873 ) ) ;
#996 = ORIENTED_EDGE ( 'NONE', *, *, #2281, .F. ) ;
#997 = ORIENTED_EDGE ( 'NONE', *, *, #322, .F. ) ;
#998 = AXIS2_PLACEMENT_3D ( 'NONE', #405, #2867, #2011 ) ;
#999 = CIRCLE ( 'NONE', #2968, 2.150000000000000799 ) ;
#1000 = CIRCLE ( 'NONE', #961, 5.000000000000000000 ) ;
#1001 = EDGE_LOOP ( 'NONE', ( #514, #2000, #534, #190 ) ) ;
#1002 = AXIS2_PLACEMENT_3D ( 'NONE', #2871, #1793, #2704 ) ;
#1003 = CYLINDRICAL_SURFACE ( 'NONE', #70, 2.249999999999998668 ) ;
#1004 = DIRECTION ( 'NONE',  ( 0.000000000000000000, 0.000000000000000000, -1.000000000000000000 ) ) ;
#1005 = ORIENTED_EDGE ( 'NONE', *, *, #459, .T. ) ;
#1006 = EDGE_CURVE ( 'NONE', #2096, #157, #1122, .T. ) ;
#1007 = DIRECTION ( 'NONE',  ( 0.000000000000000000, 0.000000000000000000, -1.000000000000000000 ) ) ;
#1008 = CARTESIAN_POINT ( 'NONE',  ( 0.000000000000000000, -1.500000000000000000, -12.00000000000000000 ) ) ;
#1009 = ORIENTED_EDGE ( 'NONE', *, *, #2352, .T. ) ;
#1010 = AXIS2_PLACEMENT_3D ( 'NONE', #694, #252, #2555 ) ;
#1011 = CARTESIAN_POINT ( 'NONE',  ( 12.37436867076456437, 1.500000000000000000, 35.12436867076458924 ) ) ;
#1012 = EDGE_CURVE ( 'NONE', #1041, #55, #1340, .T. ) ;
#1013 = CARTESIAN_POINT ( 'NONE',  ( 0.000000000000000000, -1.500000000000000000, 25.00000000000000000 ) ) ;
#1014 = DIRECTION ( 'NONE',  ( 0.000000000000000000, 0.000000000000000000, -1.000000000000000000 ) ) ;
#1015 = ORIENTED_EDGE ( 'NONE', *, *, #2360, .T. ) ;
#1016 = VERTEX_POINT ( 'NONE', #1328 ) ;
#1017 = CYLINDRICAL_SURFACE ( 'NONE', #2927, 2.250000000000001776 ) ;
#1018 =( NAMED_UNIT ( * ) PLANE_ANGLE_UNIT ( ) SI_UNIT ( $, .RADIAN. ) );
#1019 = DIRECTION ( 'NONE',  ( -0.000000000000000000, 1.000000000000000000, 0.000000000000000000 ) ) ;
#1020 = ORIENTED_EDGE ( 'NONE', *, *, #2445, .F. ) ;
#1021 = CARTESIAN_POINT ( 'NONE',  ( -12.37436867076456615, -1.500000000000000000, -10.37563132923546583 ) ) ;
#1022 = DIRECTION ( 'NONE',  ( -0.000000000000000000, -1.000000000000000000, -0.000000000000000000 ) ) ;
#1023 = DIRECTION ( 'NONE',  ( 0.000000000000000000, -1.000000000000000000, 0.000000000000000000 ) ) ;
#1024 = ORIENTED_EDGE ( 'NONE', *, *, #2765, .F. ) ;
#1025 = CARTESIAN_POINT ( 'NONE',  ( -44.99999999999999289, -1.500000000000000000, 0.000000000000000000 ) ) ;
#1026 = DIRECTION ( 'NONE',  ( 0.000000000000000000, 0.000000000000000000, -1.000000000000000000 ) ) ;
#1027 = CARTESIAN_POINT ( 'NONE',  ( 12.37436867076456259, -1.500000000000000000, -12.62563132923547116 ) ) ;
#1028 = VERTEX_POINT ( 'NONE', #1969 ) ;
#1029 = EDGE_LOOP ( 'NONE', ( #1493, #1842, #1761, #1429 ) ) ;
#1030 = ORIENTED_EDGE ( 'NONE', *, *, #1309, .F. ) ;
#1031 = EDGE_CURVE ( 'NONE', #2203, #1732, #1912, .T. ) ;
#1032 = VERTEX_POINT ( 'NONE', #1562 ) ;
#1033 = DIRECTION ( 'NONE',  ( -0.000000000000000000, -1.000000000000000000, -0.000000000000000000 ) ) ;
#1034 = EDGE_CURVE ( 'NONE', #823, #2173, #1479, .T. ) ;
#1035 = DIRECTION ( 'NONE',  ( -0.000000000000000000, 1.000000000000000000, -0.000000000000000000 ) ) ;
#1036 = VERTEX_POINT ( 'NONE', #594 ) ;
#1037 = DIRECTION ( 'NONE',  ( 0.000000000000000000, 0.000000000000000000, -1.000000000000000000 ) ) ;
#1038 = VERTEX_POINT ( 'NONE', #849 ) ;
#1039 = CARTESIAN_POINT ( 'NONE',  ( 19.99999999999997868, -1.500000000000001332, 1.600000000000001865 ) ) ;
#1040 = DIRECTION ( 'NONE',  ( 0.000000000000000000, 1.000000000000000000, 0.000000000000000000 ) ) ;
#1041 = VERTEX_POINT ( 'NONE', #108 ) ;
#1042 = CARTESIAN_POINT ( 'NONE',  ( 25.00000000000000000, -1.500000000000000000, 55.00000000000000000 ) ) ;
#1043 = CARTESIAN_POINT ( 'NONE',  ( 12.37436867076456437, -1.500000000000000000, 37.37436867076459635 ) ) ;
#1044 = CIRCLE ( 'NONE', #2716, 4.699999999999999289 ) ;
#1045 = FACE_BOUND ( 'NONE', #2695, .T. ) ;
#1046 = EDGE_LOOP ( 'NONE', ( #2918, #2821, #1798, #2869 ) ) ;
#1047 = VERTEX_POINT ( 'NONE', #1103 ) ;
#1048 = AXIS2_PLACEMENT_3D ( 'NONE', #2636, #1035, #1930 ) ;
#1049 = EDGE_LOOP ( 'NONE', ( #1084, #1938 ) ) ;
#1050 = DIRECTION ( 'NONE',  ( 0.000000000000000000, 0.000000000000000000, -1.000000000000000000 ) ) ;
#1051 = VECTOR ( 'NONE', #2001, 1000.000000000000000 ) ;
#1052 = EDGE_CURVE ( 'NONE', #2838, #60, #1770, .T. ) ;
#1053 = DIRECTION ( 'NONE',  ( 0.000000000000000000, 0.000000000000000000, -1.000000000000000000 ) ) ;
#1054 = EDGE_CURVE ( 'NONE', #46, #55, #2654, .T. ) ;
#1055 = AXIS2_PLACEMENT_3D ( 'NONE', #793, #1706, #1290 ) ;
#1056 = ORIENTED_EDGE ( 'NONE', *, *, #209, .T. ) ;
#1057 = LINE ( 'NONE', #2236, #1286 ) ;
#1058 = DIRECTION ( 'NONE',  ( 0.000000000000000000, 0.000000000000000000, -1.000000000000000000 ) ) ;
#1059 = AXIS2_PLACEMENT_3D ( 'NONE', #1735, #2643, #838 ) ;
#1060 = VERTEX_POINT ( 'NONE', #603 ) ;
#1061 = VECTOR ( 'NONE', #742, 1000.000000000000000 ) ;
#1062 = DIRECTION ( 'NONE',  ( -0.000000000000000000, -1.000000000000000000, -0.000000000000000000 ) ) ;
#1063 = DIRECTION ( 'NONE',  ( 0.000000000000000000, 0.000000000000000000, 1.000000000000000000 ) ) ;
#1064 = ORIENTED_EDGE ( 'NONE', *, *, #1646, .T. ) ;
#1065 = AXIS2_PLACEMENT_3D ( 'NONE', #2829, #2639, #361 ) ;
#1066 = DIRECTION ( 'NONE',  ( -0.000000000000000000, -1.000000000000000000, -0.000000000000000000 ) ) ;
#1067 = FACE_BOUND ( 'NONE', #1192, .T. ) ;
#1068 = CIRCLE ( 'NONE', #1443, 1.600000000000001865 ) ;
#1069 = DIRECTION ( 'NONE',  ( -0.000000000000000000, 1.000000000000000000, -0.000000000000000000 ) ) ;
#1070 = ORIENTED_EDGE ( 'NONE', *, *, #466, .F. ) ;
#1071 = EDGE_CURVE ( 'NONE', #1274, #2516, #2422, .T. ) ;
#1072 = EDGE_CURVE ( 'NONE', #1047, #563, #231, .T. ) ;
#1073 = DIRECTION ( 'NONE',  ( -0.000000000000000000, -0.000000000000000000, -1.000000000000000000 ) ) ;
#1074 = ORIENTED_EDGE ( 'NONE', *, *, #1694, .T. ) ;
#1075 = LINE ( 'NONE', #363, #472 ) ;
#1076 = CARTESIAN_POINT ( 'NONE',  ( -12.37436867076456437, -1.500000000000000000, -35.12436867076458924 ) ) ;
#1077 = LINE ( 'NONE', #1121, #2914 ) ;
#1078 = EDGE_LOOP ( 'NONE', ( #605, #455, #42, #2836 ) ) ;
#1079 = EDGE_CURVE ( 'NONE', #1794, #233, #1574, .T. ) ;
#1080 = FACE_BOUND ( 'NONE', #119, .T. ) ;
#1081 = ORIENTED_EDGE ( 'NONE', *, *, #88, .F. ) ;
#1082 = EDGE_CURVE ( 'NONE', #89, #1736, #376, .T. ) ;
#1083 = CYLINDRICAL_SURFACE ( 'NONE', #385, 2.000000000000001776 ) ;
#1084 = ORIENTED_EDGE ( 'NONE', *, *, #1324, .F. ) ;
#1085 = DIRECTION ( 'NONE',  ( -0.000000000000000000, -1.000000000000000000, -0.000000000000000000 ) ) ;
#1086 = ORIENTED_EDGE ( 'NONE', *, *, #1655, .T. ) ;
#1087 = CARTESIAN_POINT ( 'NONE',  ( -30.24999999999999289, -1.499999999999999556, 9.022071167036653350 ) ) ;
#1088 = CARTESIAN_POINT ( 'NONE',  ( 8.908829169878048404, -1.299963615442132792, 34.47596037239556210 ) ) ;
#1089 = DIRECTION ( 'NONE',  ( 0.000000000000000000, -0.7071067811865476838, -0.7071067811865474617 ) ) ;
#1090 = ORIENTED_EDGE ( 'NONE', *, *, #2945, .F. ) ;
#1091 = EDGE_CURVE ( 'NONE', #2332, #233, #147, .T. ) ;
#1092 = DIRECTION ( 'NONE',  ( 0.000000000000000000, 0.000000000000000000, -1.000000000000000000 ) ) ;
#1093 = ORIENTED_EDGE ( 'NONE', *, *, #1387, .T. ) ;
#1094 = ORIENTED_EDGE ( 'NONE', *, *, #1034, .F. ) ;
#1095 = ORIENTED_EDGE ( 'NONE', *, *, #1362, .F. ) ;
#1096 = ORIENTED_EDGE ( 'NONE', *, *, #511, .T. ) ;
#1097 = AXIS2_PLACEMENT_3D ( 'NONE', #2361, #739, #328 ) ;
#1098 = CARTESIAN_POINT ( 'NONE',  ( 25.00000000000000000, 1.500000000000000000, 22.00000000000000000 ) ) ;
#1099 = LINE ( 'NONE', #2026, #1818 ) ;
#1100 = CIRCLE ( 'NONE', #317, 2.249999999999998668 ) ;
#1101 = VERTEX_POINT ( 'NONE', #1039 ) ;
#1102 = CIRCLE ( 'NONE', #913, 4.700000000000002842 ) ;
#1103 = CARTESIAN_POINT ( 'NONE',  ( -19.99999999999998579, 1.500000000000000000, -45.89999999999999858 ) ) ;
#1104 = CARTESIAN_POINT ( 'NONE',  ( -19.99999999999998579, -1.500000000000001332, 47.49999999999999289 ) ) ;
#1105 = CARTESIAN_POINT ( 'NONE',  ( 19.99999999999999645, -1.500000000000000000, 60.00000000000000000 ) ) ;
#1106 = CIRCLE ( 'NONE', #2219, 5.000000000000000888 ) ;
#1107 = CARTESIAN_POINT ( 'NONE',  ( 27.49999999999999645, 1.500000000000000000, -11.25000000000000355 ) ) ;
#1108 = PRODUCT_RELATED_PRODUCT_CATEGORY ( 'part', '', ( #2018 ) ) ;
#1109 = EDGE_CURVE ( 'NONE', #1032, #1794, #128, .T. ) ;
#1110 = CIRCLE ( 'NONE', #137, 5.000000000000000888 ) ;
#1111 = EDGE_LOOP ( 'NONE', ( #2949, #1271, #795, #2164 ) ) ;
#1112 = DIRECTION ( 'NONE',  ( 0.000000000000000000, 0.000000000000000000, 1.000000000000000000 ) ) ;
#1113 = ORIENTED_EDGE ( 'NONE', *, *, #160, .F. ) ;
#1114 = ORIENTED_EDGE ( 'NONE', *, *, #1763, .F. ) ;
#1115 = AXIS2_PLACEMENT_3D ( 'NONE', #2967, #2103, #1014 ) ;
#1116 = CARTESIAN_POINT ( 'NONE',  ( -12.37436867076456615, -1.500000000000000000, -12.62563132923546405 ) ) ;
#1117 = EDGE_CURVE ( 'NONE', #2966, #775, #1779, .T. ) ;
#1118 = DIRECTION ( 'NONE',  ( 0.000000000000000000, 0.000000000000000000, -1.000000000000000000 ) ) ;
#1119 = DIRECTION ( 'NONE',  ( -0.000000000000000000, -1.000000000000000000, -0.000000000000000000 ) ) ;
#1120 = DIRECTION ( 'NONE',  ( 0.000000000000000000, 0.000000000000000000, -1.000000000000000000 ) ) ;
#1121 = CARTESIAN_POINT ( 'NONE',  ( -25.00000000000000000, 1.500000000000000000, 60.00000000000000000 ) ) ;
#1122 = B_SPLINE_CURVE_WITH_KNOTS ( 'NONE', 3,
 ( #1275, #620, #1088, #1520, #1509, #177 ),
 .UNSPECIFIED., .F., .F.,
 ( 4, 2, 4 ),
 ( 6.224426168152717203E-07, 0.001187034362935210970, 0.002373446283253606744 ),
 .UNSPECIFIED. ) ;
#1123 = VERTEX_POINT ( 'NONE', #2688 ) ;
#1124 = VERTEX_POINT ( 'NONE', #1791 ) ;
#1125 = ORIENTED_EDGE ( 'NONE', *, *, #2165, .T. ) ;
#1126 = DIRECTION ( 'NONE',  ( -0.000000000000000000, -1.000000000000000000, -0.000000000000000000 ) ) ;
#1127 = DIRECTION ( 'NONE',  ( -0.000000000000000000, -1.000000000000000000, -0.000000000000000000 ) ) ;
#1128 = ORIENTED_EDGE ( 'NONE', *, *, #2222, .F. ) ;
#1129 = FACE_OUTER_BOUND ( 'NONE', #396, .T. ) ;
#1130 = CARTESIAN_POINT ( 'NONE',  ( -12.37436867076456437, -1.500000000000000000, 37.37436867076459635 ) ) ;
#1131 = LINE ( 'NONE', #909, #271 ) ;
#1132 = CYLINDRICAL_SURFACE ( 'NONE', #2107, 1.600000000000001865 ) ;
#1133 = CARTESIAN_POINT ( 'NONE',  ( 19.99999999999998579, 1.500000000000000000, -45.89999999999999858 ) ) ;
#1134 = ORIENTED_EDGE ( 'NONE', *, *, #2517, .F. ) ;
#1135 = AXIS2_PLACEMENT_3D ( 'NONE', #1414, #1448, #543 ) ;
#1136 = LINE ( 'NONE', #1601, #1151 ) ;
#1137 = CARTESIAN_POINT ( 'NONE',  ( 0.000000000000000000, 1.500000000000000000, 38.00000000000000711 ) ) ;
#1138 = ORIENTED_EDGE ( 'NONE', *, *, #1091, .F. ) ;
#1139 = DIRECTION ( 'NONE',  ( 0.000000000000000000, 0.000000000000000000, -1.000000000000000000 ) ) ;
#1140 = ADVANCED_FACE ( 'NONE', ( #421 ), #364, .F. ) ;
#1141 = CONICAL_SURFACE ( 'NONE', #1474, 4.699999999999999289, 0.7853981633974483900 ) ;
#1142 = EDGE_CURVE ( 'NONE', #60, #2557, #2195, .T. ) ;
#1143 = AXIS2_PLACEMENT_3D ( 'NONE', #2146, #65, #992 ) ;
#1144 = CARTESIAN_POINT ( 'NONE',  ( -19.99999999999998579, 1.500000000000000000, -47.49999999999999289 ) ) ;
#1145 = CARTESIAN_POINT ( 'NONE',  ( 12.37436867076456259, -1.500000000000000000, 12.62563132923547116 ) ) ;
#1146 = AXIS2_PLACEMENT_3D ( 'NONE', #2757, #2077, #254 ) ;
#1147 = VECTOR ( 'NONE', #691, 999.9999999999998863 ) ;
#1148 = CIRCLE ( 'NONE', #2357, 2.250000000000001776 ) ;
#1149 = CIRCLE ( 'NONE', #2449, 4.699999999999999289 ) ;
#1150 = DIRECTION ( 'NONE',  ( 0.000000000000000000, 0.000000000000000000, -1.000000000000000000 ) ) ;
#1151 = VECTOR ( 'NONE', #460, 1000.000000000000000 ) ;
#1152 = ORIENTED_EDGE ( 'NONE', *, *, #531, .F. ) ;
#1153 = CIRCLE ( 'NONE', #964, 4.699999999999999289 ) ;
#1154 = CARTESIAN_POINT ( 'NONE',  ( 12.37436867076456437, 1.500000000000000000, -37.37436867076459635 ) ) ;
#1155 = DIRECTION ( 'NONE',  ( -0.000000000000000000, 1.000000000000000000, -0.000000000000000000 ) ) ;
#1156 = ORIENTED_EDGE ( 'NONE', *, *, #1217, .T. ) ;
#1157 = CARTESIAN_POINT ( 'NONE',  ( 27.49999999999999645, -1.499999999999999556, -12.50000000000000355 ) ) ;
#1158 = EDGE_CURVE ( 'NONE', #488, #2739, #911, .T. ) ;
#1159 = CARTESIAN_POINT ( 'NONE',  ( -19.99999999999997868, -198.5000000000000000, -1.600000000000001865 ) ) ;
#1160 = CARTESIAN_POINT ( 'NONE',  ( 0.000000000000000000, -1.500000000000000000, -16.00000000000000000 ) ) ;
#1161 = CARTESIAN_POINT ( 'NONE',  ( 25.00000000000000000, 1.500000000000000000, 55.00000000000000000 ) ) ;
#1162 = EDGE_CURVE ( 'NONE', #503, #2815, #2258, .T. ) ;
#1163 = CARTESIAN_POINT ( 'NONE',  ( 12.37436867076456437, -1.500000000000000000, -42.07436867076459919 ) ) ;
#1164 = ORIENTED_EDGE ( 'NONE', *, *, #1179, .T. ) ;
#1165 = CARTESIAN_POINT ( 'NONE',  ( -8.908829169878048404, -1.299963615442094156, 15.52403962760443967 ) ) ;
#1166 = DIRECTION ( 'NONE',  ( 0.000000000000000000, 0.000000000000000000, 1.000000000000000000 ) ) ;
#1167 = CARTESIAN_POINT ( 'NONE',  ( 27.49999999999999645, -1.499999999999999556, 11.25000000000000355 ) ) ;
#1168 = DIRECTION ( 'NONE',  ( 0.000000000000000000, -1.000000000000000000, 0.000000000000000000 ) ) ;
#1169 = DIRECTION ( 'NONE',  ( 0.000000000000000000, -1.000000000000000000, 0.000000000000000000 ) ) ;
#1170 = CARTESIAN_POINT ( 'NONE',  ( -12.37436867076456615, -1.500000000000000000, -17.32563132923546334 ) ) ;
#1171 = DIRECTION ( 'NONE',  ( 0.000000000000000000, 0.000000000000000000, -1.000000000000000000 ) ) ;
#1172 = DIRECTION ( 'NONE',  ( -0.000000000000000000, 0.000000000000000000, 1.000000000000000000 ) ) ;
#1173 = EDGE_CURVE ( 'NONE', #53, #1353, #2573, .T. ) ;
#1174 = DIRECTION ( 'NONE',  ( 0.000000000000000000, 0.000000000000000000, -1.000000000000000000 ) ) ;
#1175 = ORIENTED_EDGE ( 'NONE', *, *, #1548, .T. ) ;
#1176 = EDGE_CURVE ( 'NONE', #1960, #141, #2088, .T. ) ;
#1177 = CARTESIAN_POINT ( 'NONE',  ( -25.00000000000000000, -1.500000000000000000, -21.00000000000000355 ) ) ;
#1178 = ORIENTED_EDGE ( 'NONE', *, *, #1250, .T. ) ;
#1179 = EDGE_CURVE ( 'NONE', #2669, #2509, #242, .T. ) ;
#1180 = DIRECTION ( 'NONE',  ( 0.000000000000000000, 0.000000000000000000, -1.000000000000000000 ) ) ;
#1181 = FACE_OUTER_BOUND ( 'NONE', #2854, .T. ) ;
#1182 = DIRECTION ( 'NONE',  ( -0.000000000000000000, 1.000000000000000000, -0.000000000000000000 ) ) ;
#1183 = ORIENTED_EDGE ( 'NONE', *, *, #1072, .F. ) ;
#1184 = AXIS2_PLACEMENT_3D ( 'NONE', #90, #1023, #2191 ) ;
#1185 = AXIS2_PLACEMENT_3D ( 'NONE', #2865, #593, #1709 ) ;
#1186 = DIRECTION ( 'NONE',  ( 0.000000000000000000, 0.000000000000000000, 1.000000000000000000 ) ) ;
#1187 = VERTEX_POINT ( 'NONE', #1594 ) ;
#1188 = CIRCLE ( 'NONE', #2723, 4.700000000000002842 ) ;
#1189 = EDGE_CURVE ( 'NONE', #126, #46, #1131, .T. ) ;
#1190 = EDGE_CURVE ( 'NONE', #495, #2292, #938, .T. ) ;
#1191 = DIRECTION ( 'NONE',  ( -0.000000000000000000, -1.000000000000000000, -0.000000000000000000 ) ) ;
#1192 = EDGE_LOOP ( 'NONE', ( #847, #2724 ) ) ;
#1193 = ORIENTED_EDGE ( 'NONE', *, *, #2459, .F. ) ;
#1194 = AXIS2_PLACEMENT_3D ( 'NONE', #1013, #2409, #1897 ) ;
#1195 = DIRECTION ( 'NONE',  ( 0.000000000000000000, 0.000000000000000000, 1.000000000000000000 ) ) ;
#1196 = CIRCLE ( 'NONE', #1542, 4.999999999999997335 ) ;
#1197 = VERTEX_POINT ( 'NONE', #2959 ) ;
#1198 = DIRECTION ( 'NONE',  ( -0.000000000000000000, -1.000000000000000000, -0.000000000000000000 ) ) ;
#1199 = AXIS2_PLACEMENT_3D ( 'NONE', #2661, #2824, #1053 ) ;
#1200 = EDGE_CURVE ( 'NONE', #563, #1047, #2440, .T. ) ;
#1201 = DIRECTION ( 'NONE',  ( 0.000000000000000000, 0.000000000000000000, 1.000000000000000000 ) ) ;
#1202 = CARTESIAN_POINT ( 'NONE',  ( 20.00000000000000000, 1.500000000000000000, 55.00000000000000000 ) ) ;
#1203 = DIRECTION ( 'NONE',  ( 0.000000000000000000, 0.000000000000000000, -1.000000000000000000 ) ) ;
#1204 = ORIENTED_EDGE ( 'NONE', *, *, #142, .T. ) ;
#1205 = ORIENTED_EDGE ( 'NONE', *, *, #2112, .T. ) ;
#1206 = EDGE_CURVE ( 'NONE', #1397, #1361, #224, .T. ) ;
#1207 = ORIENTED_EDGE ( 'NONE', *, *, #2022, .F. ) ;
#1208 = ADVANCED_FACE ( 'NONE', ( #12 ), #2099, .F. ) ;
#1209 = CARTESIAN_POINT ( 'NONE',  ( -12.37436867076456615, -1.500000000000000000, 12.62563132923546405 ) ) ;
#1210 = FACE_OUTER_BOUND ( 'NONE', #1029, .T. ) ;
#1211 = CARTESIAN_POINT ( 'NONE',  ( -12.37436867076456437, 0.9500000000000002887, 35.12436867076458924 ) ) ;
#1212 = EDGE_LOOP ( 'NONE', ( #1228, #2105, #1204, #2887 ) ) ;
#1213 = LINE ( 'NONE', #2374, #169 ) ;
#1214 = ORIENTED_EDGE ( 'NONE', *, *, #2895, .F. ) ;
#1215 = ORIENTED_EDGE ( 'NONE', *, *, #1294, .T. ) ;
#1216 = EDGE_LOOP ( 'NONE', ( #2624, #2649, #2365, #334 ) ) ;
#1217 = EDGE_CURVE ( 'NONE', #2198, #330, #2340, .T. ) ;
#1218 = EDGE_CURVE ( 'NONE', #2058, #287, #1100, .T. ) ;
#1219 = EDGE_CURVE ( 'NONE', #1732, #2203, #1713, .T. ) ;
#1220 = DIRECTION ( 'NONE',  ( -0.000000000000000000, -0.000000000000000000, 1.000000000000000000 ) ) ;
#1221 = LINE ( 'NONE', #1338, #2776 ) ;
#1222 = CARTESIAN_POINT ( 'NONE',  ( -12.37436867076456437, -1.500000000000000000, -42.07436867076459919 ) ) ;
#1223 = DIRECTION ( 'NONE',  ( -0.000000000000000000, -1.000000000000000000, -0.000000000000000000 ) ) ;
#1224 = ORIENTED_EDGE ( 'NONE', *, *, #1433, .F. ) ;
#1225 = AXIS2_PLACEMENT_3D ( 'NONE', #225, #38, #928 ) ;
#1226 = CONICAL_SURFACE ( 'NONE', #994, 4.699999999999999289, 0.7853981633974483900 ) ;
#1227 = CARTESIAN_POINT ( 'NONE',  ( 9.981075724962016338, -1.500000000000000000, 33.32935335860917547 ) ) ;
#1228 = ORIENTED_EDGE ( 'NONE', *, *, #1418, .F. ) ;
#1229 = ORIENTED_EDGE ( 'NONE', *, *, #2621, .T. ) ;
#1230 = AXIS2_PLACEMENT_3D ( 'NONE', #1087, #378, #796 ) ;
#1231 = VECTOR ( 'NONE', #2513, 1000.000000000000000 ) ;
#1232 = FACE_OUTER_BOUND ( 'NONE', #2209, .T. ) ;
#1233 = CARTESIAN_POINT ( 'NONE',  ( 32.50000000000000711, -42.73105625617660763, -18.00000000000000355 ) ) ;
#1234 = AXIS2_PLACEMENT_3D ( 'NONE', #1396, #2545, #2971 ) ;
#1235 = CONICAL_SURFACE ( 'NONE', #2726, 4.699999999999999289, 0.7853981633974485010 ) ;
#1236 = EDGE_LOOP ( 'NONE', ( #2039, #2216, #2858, #2615 ) ) ;
#1237 = CIRCLE ( 'NONE', #2029, 13.00000000000000178 ) ;
#1238 = CARTESIAN_POINT ( 'NONE',  ( 32.50000000000000711, 1.500000000000000000, 18.00000000000000711 ) ) ;
#1239 = VERTEX_POINT ( 'NONE', #2946 ) ;
#1240 = AXIS2_PLACEMENT_3D ( 'NONE', #768, #2633, #2587 ) ;
#1241 = CYLINDRICAL_SURFACE ( 'NONE', #2730, 2.250000000000001776 ) ;
#1242 = CARTESIAN_POINT ( 'NONE',  ( 32.50000000000000711, 1.500000000000000000, -18.00000000000000355 ) ) ;
#1243 = CARTESIAN_POINT ( 'NONE',  ( 12.37436867076456437, -1.500000000000000000, -37.37436867076459635 ) ) ;
#1244 = DIRECTION ( 'NONE',  ( 0.000000000000000000, 0.000000000000000000, 1.000000000000000000 ) ) ;
#1245 = CARTESIAN_POINT ( 'NONE',  ( -19.99999999999998579, -198.5000000000000000, -47.49999999999999289 ) ) ;
#1246 = ORIENTED_EDGE ( 'NONE', *, *, #1606, .F. ) ;
#1247 = DIRECTION ( 'NONE',  ( -0.000000000000000000, -1.000000000000000000, -0.000000000000000000 ) ) ;
#1248 = ORIENTED_EDGE ( 'NONE', *, *, #2816, .T. ) ;
#1249 = VERTEX_POINT ( 'NONE', #2713 ) ;
#1250 = EDGE_CURVE ( 'NONE', #2683, #1101, #2863, .T. ) ;
#1251 = EDGE_LOOP ( 'NONE', ( #2122, #2875, #493, #216 ) ) ;
#1252 = PRESENTATION_STYLE_ASSIGNMENT (( #1269 ) ) ;
#1253 = VERTEX_POINT ( 'NONE', #1242 ) ;
#1254 = LINE ( 'NONE', #2634, #955 ) ;
#1255 = CARTESIAN_POINT ( 'NONE',  ( -12.37436867076456615, 1.500000000000000000, 10.37563132923546583 ) ) ;
#1256 = CYLINDRICAL_SURFACE ( 'NONE', #1184, 5.000000000000000888 ) ;
#1257 = ORIENTED_EDGE ( 'NONE', *, *, #1267, .T. ) ;
#1258 = CARTESIAN_POINT ( 'NONE',  ( 0.000000000000000000, -1.500000000000000000, 25.00000000000000000 ) ) ;
#1259 = ORIENTED_EDGE ( 'NONE', *, *, #228, .T. ) ;
#1260 = DIRECTION ( 'NONE',  ( -0.000000000000000000, -1.000000000000000000, -0.000000000000000000 ) ) ;
#1261 = CYLINDRICAL_SURFACE ( 'NONE', #113, 1.599999999999997202 ) ;
#1262 = EDGE_LOOP ( 'NONE', ( #2733, #2224, #2287, #1193 ) ) ;
#1263 = DIRECTION ( 'NONE',  ( -1.000000000000000000, 0.000000000000000000, 0.000000000000000000 ) ) ;
#1264 = ORIENTED_EDGE ( 'NONE', *, *, #482, .T. ) ;
#1265 = EDGE_CURVE ( 'NONE', #2838, #1060, #1538, .T. ) ;
#1266 = CARTESIAN_POINT ( 'NONE',  ( -30.00000000000000355, 1.500000000000000000, -21.00000000000000355 ) ) ;
#1267 = EDGE_CURVE ( 'NONE', #1744, #1239, #1530, .T. ) ;
#1268 = EDGE_LOOP ( 'NONE', ( #2169, #1152, #1653, #1449 ) ) ;
#1269 = SURFACE_STYLE_USAGE ( .BOTH. , #1464 ) ;
#1270 = CYLINDRICAL_SURFACE ( 'NONE', #1585, 1.599999999999997202 ) ;
#1271 = ORIENTED_EDGE ( 'NONE', *, *, #2253, .T. ) ;
#1272 = CARTESIAN_POINT ( 'NONE',  ( 25.00000000000000000, 1.500000000000000000, -21.99999999999999289 ) ) ;
#1273 = DIRECTION ( 'NONE',  ( 0.000000000000000000, 0.000000000000000000, -1.000000000000000000 ) ) ;
#1274 = VERTEX_POINT ( 'NONE', #1947 ) ;
#1275 = CARTESIAN_POINT ( 'NONE',  ( 8.329353358609157709, -1.500000000000000000, 34.98107572496203233 ) ) ;
#1276 = CARTESIAN_POINT ( 'NONE',  ( 9.981075724962112261, -1.500000000000000000, 16.67064664139093821 ) ) ;
#1277 = ORIENTED_EDGE ( 'NONE', *, *, #1548, .F. ) ;
#1278 = DIRECTION ( 'NONE',  ( 0.000000000000000000, 0.000000000000000000, -1.000000000000000000 ) ) ;
#1279 = CYLINDRICAL_SURFACE ( 'NONE', #435, 2.150000000000000799 ) ;
#1280 = VECTOR ( 'NONE', #2549, 1000.000000000000000 ) ;
#1281 = ORIENTED_EDGE ( 'NONE', *, *, #1418, .T. ) ;
#1282 = DIRECTION ( 'NONE',  ( 0.000000000000000000, 0.000000000000000000, -1.000000000000000000 ) ) ;
#1283 = EDGE_CURVE ( 'NONE', #2739, #488, #71, .T. ) ;
#1284 = CIRCLE ( 'NONE', #709, 1.599999999999997202 ) ;
#1285 = EDGE_CURVE ( 'NONE', #920, #2021, #1667, .T. ) ;
#1286 = VECTOR ( 'NONE', #1073, 1000.000000000000000 ) ;
#1287 = VECTOR ( 'NONE', #1534, 1000.000000000000000 ) ;
#1288 = ORIENTED_EDGE ( 'NONE', *, *, #2548, .T. ) ;
#1289 = CARTESIAN_POINT ( 'NONE',  ( 27.49999999999999645, 1.500000000000000000, 12.50000000000000355 ) ) ;
#1290 = DIRECTION ( 'NONE',  ( 0.000000000000000000, 0.000000000000000000, -1.000000000000000000 ) ) ;
#1291 = AXIS2_PLACEMENT_3D ( 'NONE', #1467, #2793, #1566 ) ;
#1292 = VECTOR ( 'NONE', #2659, 1000.000000000000000 ) ;
#1293 = EDGE_CURVE ( 'NONE', #1016, #63, #2194, .T. ) ;
#1294 = EDGE_CURVE ( 'NONE', #2152, #1038, #181, .T. ) ;
#1295 = ORIENTED_EDGE ( 'NONE', *, *, #1565, .T. ) ;
#1296 = CIRCLE ( 'NONE', #819, 2.249999999999998668 ) ;
#1297 = DIRECTION ( 'NONE',  ( 0.000000000000000000, -1.000000000000000000, 0.000000000000000000 ) ) ;
#1298 = CARTESIAN_POINT ( 'NONE',  ( -39.99999999999999289, -1.500000000000000000, -11.00000000000000000 ) ) ;
#1299 = DIRECTION ( 'NONE',  ( -1.000000000000000000, -0.000000000000000000, -0.000000000000000000 ) ) ;
#1300 = VERTEX_POINT ( 'NONE', #1507 ) ;
#1301 = FACE_OUTER_BOUND ( 'NONE', #152, .T. ) ;
#1302 = VECTOR ( 'NONE', #1773, 1000.000000000000000 ) ;
#1303 = DIRECTION ( 'NONE',  ( 0.000000000000000000, -1.000000000000000000, 0.000000000000000000 ) ) ;
#1304 = AXIS2_PLACEMENT_3D ( 'NONE', #354, #388, #2647 ) ;
#1305 = CYLINDRICAL_SURFACE ( 'NONE', #2504, 4.999999999999997335 ) ;
#1306 = CARTESIAN_POINT ( 'NONE',  ( 32.50000000000000711, -1.500000000000001332, 18.00000000000000711 ) ) ;
#1307 = ORIENTED_EDGE ( 'NONE', *, *, #2595, .T. ) ;
#1308 = FACE_OUTER_BOUND ( 'NONE', #2009, .T. ) ;
#1309 = EDGE_CURVE ( 'NONE', #2845, #563, #1075, .T. ) ;
#1310 = DIRECTION ( 'NONE',  ( 0.000000000000000000, 0.000000000000000000, -1.000000000000000000 ) ) ;
#1311 = DIRECTION ( 'NONE',  ( -0.000000000000000000, 1.000000000000000000, -0.000000000000000000 ) ) ;
#1312 = ORIENTED_EDGE ( 'NONE', *, *, #2547, .T. ) ;
#1313 = EDGE_CURVE ( 'NONE', #172, #1672, #2471, .T. ) ;
#1314 = DIRECTION ( 'NONE',  ( 0.000000000000000000, -1.000000000000000000, 0.000000000000000000 ) ) ;
#1315 = DIRECTION ( 'NONE',  ( 0.000000000000000000, 0.000000000000000000, 1.000000000000000000 ) ) ;
#1316 = ORIENTED_EDGE ( 'NONE', *, *, #2595, .F. ) ;
#1317 = CARTESIAN_POINT ( 'NONE',  ( -19.99999999999998579, 1.500000000000000000, 49.09999999999999432 ) ) ;
#1318 = CARTESIAN_POINT ( 'NONE',  ( -12.37436867076456615, -1.500000000000000000, 7.925631329235463873 ) ) ;
#1319 = VERTEX_POINT ( 'NONE', #2008 ) ;
#1320 = ORIENTED_EDGE ( 'NONE', *, *, #351, .F. ) ;
#1321 = DIRECTION ( 'NONE',  ( 0.000000000000000000, 0.000000000000000000, 1.000000000000000000 ) ) ;
#1322 = ORIENTED_EDGE ( 'NONE', *, *, #452, .F. ) ;
#1323 = CARTESIAN_POINT ( 'NONE',  ( 0.000000000000000000, -1.500000000000000000, 25.00000000000000000 ) ) ;
#1324 = EDGE_CURVE ( 'NONE', #63, #1339, #2720, .T. ) ;
#1325 = ADVANCED_FACE ( 'NONE', ( #813 ), #601, .F. ) ;
#1326 = ORIENTED_EDGE ( 'NONE', *, *, #247, .F. ) ;
#1327 = B_SPLINE_CURVE_WITH_KNOTS ( 'NONE', 3,
 ( #1503, #2417, #417, #2432, #844, #2469 ),
 .UNSPECIFIED., .F., .F.,
 ( 4, 2, 4 ),
 ( 6.224426167902741898E-07, 0.001187034362935186684, 0.002373446283253583325 ),
 .UNSPECIFIED. ) ;
#1328 = CARTESIAN_POINT ( 'NONE',  ( -30.24999999999999289, -1.499999999999999556, -6.872071167036652106 ) ) ;
#1329 = CARTESIAN_POINT ( 'NONE',  ( -44.99999999999999289, -1.500000000000000000, 11.00000000000000000 ) ) ;
#1330 = CONICAL_SURFACE ( 'NONE', #1756, 4.700000000000002842, 0.7853981633974483900 ) ;
#1331 = DIRECTION ( 'NONE',  ( -0.000000000000000000, -1.000000000000000000, -0.000000000000000000 ) ) ;
#1332 = ORIENTED_EDGE ( 'NONE', *, *, #2051, .T. ) ;
#1333 = AXIS2_PLACEMENT_3D ( 'NONE', #1607, #1172, #2523 ) ;
#1334 = ORIENTED_EDGE ( 'NONE', *, *, #1451, .T. ) ;
#1335 = CARTESIAN_POINT ( 'NONE',  ( 9.981075724962126472, -1.500000000000000000, -16.67064664139094887 ) ) ;
#1336 = CARTESIAN_POINT ( 'NONE',  ( 12.37436867076456259, -1.500000000000000000, -12.62563132923547116 ) ) ;
#1337 = ORIENTED_EDGE ( 'NONE', *, *, #2254, .T. ) ;
#1338 = CARTESIAN_POINT ( 'NONE',  ( 27.49999999999999645, -8.500000000000000000, 13.75000000000000533 ) ) ;
#1339 = VERTEX_POINT ( 'NONE', #103 ) ;
#1340 = CIRCLE ( 'NONE', #2965, 4.700000000000002842 ) ;
#1341 = CYLINDRICAL_SURFACE ( 'NONE', #676, 1.600000000000001865 ) ;
#1342 = CIRCLE ( 'NONE', #184, 1.600000000000001865 ) ;
#1343 = CARTESIAN_POINT ( 'NONE',  ( 0.000000000000000000, 1.500000000000000000, 0.000000000000000000 ) ) ;
#1344 = AXIS2_PLACEMENT_3D ( 'NONE', #1410, #2324, #1454 ) ;
#1345 = CARTESIAN_POINT ( 'NONE',  ( -30.00000000000000355, -1.500000000000000000, -16.00000000000000000 ) ) ;
#1346 = DIRECTION ( 'NONE',  ( 0.000000000000000000, 0.000000000000000000, -1.000000000000000000 ) ) ;
#1347 = AXIS2_PLACEMENT_3D ( 'NONE', #2426, #1303, #2255 ) ;
#1348 = DIRECTION ( 'NONE',  ( 0.000000000000000000, 0.000000000000000000, 1.000000000000000000 ) ) ;
#1349 = CIRCLE ( 'NONE', #43, 1.599999999999997202 ) ;
#1350 = EDGE_LOOP ( 'NONE', ( #1547, #430, #506, #1322 ) ) ;
#1351 = CARTESIAN_POINT ( 'NONE',  ( 8.329353358609077773, -1.500000000000000000, 15.01892427503789840 ) ) ;
#1352 = FACE_OUTER_BOUND ( 'NONE', #237, .T. ) ;
#1353 = VERTEX_POINT ( 'NONE', #1774 ) ;
#1354 = EDGE_CURVE ( 'NONE', #780, #1253, #1057, .T. ) ;
#1355 = ORIENTED_EDGE ( 'NONE', *, *, #736, .F. ) ;
#1356 = DIRECTION ( 'NONE',  ( -0.000000000000000000, -1.000000000000000000, -0.000000000000000000 ) ) ;
#1357 = CARTESIAN_POINT ( 'NONE',  ( 12.37436867076456259, -1.500000000000000000, -12.62563132923547116 ) ) ;
#1358 = EDGE_CURVE ( 'NONE', #2775, #1687, #2161, .T. ) ;
#1359 = VERTEX_POINT ( 'NONE', #1517 ) ;
#1360 = EDGE_CURVE ( 'NONE', #1187, #1711, #1997, .T. ) ;
#1361 = VERTEX_POINT ( 'NONE', #144 ) ;
#1362 = EDGE_CURVE ( 'NONE', #2552, #1016, #999, .T. ) ;
#1363 = ORIENTED_EDGE ( 'NONE', *, *, #2638, .F. ) ;
#1364 = LINE ( 'NONE', #1430, #2079 ) ;
#1365 = DIRECTION ( 'NONE',  ( 0.000000000000000000, 0.000000000000000000, -1.000000000000000000 ) ) ;
#1366 = CARTESIAN_POINT ( 'NONE',  ( 12.37436867076456259, -1.500000000000000000, 7.925631329235470979 ) ) ;
#1367 = DIRECTION ( 'NONE',  ( -0.000000000000000000, -1.000000000000000000, -0.000000000000000000 ) ) ;
#1368 = CARTESIAN_POINT ( 'NONE',  ( -12.37436867076456437, -1.500000000000000000, -37.37436867076459635 ) ) ;
#1369 = ORIENTED_EDGE ( 'NONE', *, *, #1606, .T. ) ;
#1370 = ORIENTED_EDGE ( 'NONE', *, *, #1492, .T. ) ;
#1371 = CIRCLE ( 'NONE', #25, 2.249999999999998668 ) ;
#1372 = EDGE_CURVE ( 'NONE', #2185, #2530, #634, .T. ) ;
#1373 = VERTEX_POINT ( 'NONE', #403 ) ;
#1374 = FACE_OUTER_BOUND ( 'NONE', #659, .T. ) ;
#1375 = CARTESIAN_POINT ( 'NONE',  ( 19.99999999999999645, -1.500000000000000000, -60.00000000000000000 ) ) ;
#1376 = LINE ( 'NONE', #235, #914 ) ;
#1377 = ORIENTED_EDGE ( 'NONE', *, *, #1581, .F. ) ;
#1378 = CARTESIAN_POINT ( 'NONE',  ( -12.37436867076456615, 0.9500000000000002887, -10.37563132923546583 ) ) ;
#1379 = DIRECTION ( 'NONE',  ( 0.000000000000000000, 0.000000000000000000, 1.000000000000000000 ) ) ;
#1380 = DIRECTION ( 'NONE',  ( 0.000000000000000000, 0.000000000000000000, 1.000000000000000000 ) ) ;
#1381 = VECTOR ( 'NONE', #882, 1000.000000000000000 ) ;
#1382 = CIRCLE ( 'NONE', #1909, 13.00000000000000178 ) ;
#1383 = DIRECTION ( 'NONE',  ( 0.000000000000000000, 0.000000000000000000, -1.000000000000000000 ) ) ;
#1384 = DIRECTION ( 'NONE',  ( 1.000000000000000000, 0.000000000000000000, 0.000000000000000000 ) ) ;
#1385 = LINE ( 'NONE', #683, #577 ) ;
#1386 = AXIS2_PLACEMENT_3D ( 'NONE', #2403, #1297, #345 ) ;
#1387 = EDGE_CURVE ( 'NONE', #2096, #503, #2617, .T. ) ;
#1388 = CIRCLE ( 'NONE', #1670, 2.000000000000001776 ) ;
#1389 = AXIS2_PLACEMENT_3D ( 'NONE', #568, #2453, #1689 ) ;
#1390 = VECTOR ( 'NONE', #273, 1000.000000000000000 ) ;
#1391 = CARTESIAN_POINT ( 'NONE',  ( 19.99999999999998579, -198.5000000000000000, 45.89999999999999858 ) ) ;
#1392 = AXIS2_PLACEMENT_3D ( 'NONE', #1613, #2311, #1180 ) ;
#1393 = DIRECTION ( 'NONE',  ( -0.000000000000000000, -1.000000000000000000, -0.000000000000000000 ) ) ;
#1394 = VERTEX_POINT ( 'NONE', #2457 ) ;
#1395 = CARTESIAN_POINT ( 'NONE',  ( -19.99999999999998579, -198.5000000000000000, 49.09999999999999432 ) ) ;
#1396 = CARTESIAN_POINT ( 'NONE',  ( 12.37436867076456437, 0.9500000000000002887, -37.37436867076459635 ) ) ;
#1397 = VERTEX_POINT ( 'NONE', #1727 ) ;
#1398 = CARTESIAN_POINT ( 'NONE',  ( 25.00000000000000000, 1.500000000000000000, 60.00000000000000000 ) ) ;
#1399 = DIRECTION ( 'NONE',  ( -0.000000000000000000, -1.000000000000000000, -0.000000000000000000 ) ) ;
#1400 = VECTOR ( 'NONE', #185, 1000.000000000000000 ) ;
#1401 = ADVANCED_FACE ( 'NONE', ( #845 ), #1718, .F. ) ;
#1402 = EDGE_CURVE ( 'NONE', #370, #56, #2648, .T. ) ;
#1403 = CYLINDRICAL_SURFACE ( 'NONE', #855, 1.599999999999997202 ) ;
#1404 = DIRECTION ( 'NONE',  ( 0.000000000000000000, 0.000000000000000000, -1.000000000000000000 ) ) ;
#1405 = DIRECTION ( 'NONE',  ( 0.000000000000000000, 0.000000000000000000, -1.000000000000000000 ) ) ;
#1406 = VERTEX_POINT ( 'NONE', #1272 ) ;
#1407 = CARTESIAN_POINT ( 'NONE',  ( -8.620937377680881752, -1.372957623304974728, 15.26225539439795575 ) ) ;
#1408 = DIRECTION ( 'NONE',  ( 0.000000000000000000, 0.000000000000000000, -1.000000000000000000 ) ) ;
#1409 = ORIENTED_EDGE ( 'NONE', *, *, #1668, .F. ) ;
#1410 = CARTESIAN_POINT ( 'NONE',  ( -20.00000000000000000, 1.500000000000000000, -54.99999999999999289 ) ) ;
#1411 = CARTESIAN_POINT ( 'NONE',  ( 12.37436867076456259, -1.500000000000000000, -12.62563132923547116 ) ) ;
#1412 = FACE_OUTER_BOUND ( 'NONE', #2273, .T. ) ;
#1413 = ORIENTED_EDGE ( 'NONE', *, *, #1489, .F. ) ;
#1414 = CARTESIAN_POINT ( 'NONE',  ( -12.37436867076456615, 1.500000000000000000, -12.62563132923546405 ) ) ;
#1415 = ORIENTED_EDGE ( 'NONE', *, *, #2281, .T. ) ;
#1416 = DIRECTION ( 'NONE',  ( 0.000000000000000000, 0.000000000000000000, -1.000000000000000000 ) ) ;
#1417 = CARTESIAN_POINT ( 'NONE',  ( -12.37436867076456615, -1.500000000000000000, -7.925631329235463873 ) ) ;
#1418 = EDGE_CURVE ( 'NONE', #1960, #1965, #321, .T. ) ;
#1419 =( NAMED_UNIT ( * ) PLANE_ANGLE_UNIT ( ) SI_UNIT ( $, .RADIAN. ) );
#1420 = AXIS2_PLACEMENT_3D ( 'NONE', #757, #1191, #1917 ) ;
#1421 = FACE_BOUND ( 'NONE', #532, .T. ) ;
#1422 = EDGE_CURVE ( 'NONE', #886, #1406, #1388, .T. ) ;
#1423 = ORIENTED_EDGE ( 'NONE', *, *, #1819, .T. ) ;
#1424 = DIRECTION ( 'NONE',  ( 0.000000000000000000, 0.000000000000000000, 1.000000000000000000 ) ) ;
#1425 = EDGE_CURVE ( 'NONE', #1397, #400, #576, .T. ) ;
#1426 = DIRECTION ( 'NONE',  ( 0.000000000000000000, 0.000000000000000000, -1.000000000000000000 ) ) ;
#1427 = VECTOR ( 'NONE', #2316, 1000.000000000000000 ) ;
#1428 = DIRECTION ( 'NONE',  ( 0.000000000000000000, 1.000000000000000000, 0.000000000000000000 ) ) ;
#1429 = ORIENTED_EDGE ( 'NONE', *, *, #2755, .F. ) ;
#1430 = CARTESIAN_POINT ( 'NONE',  ( -12.37436867076456615, -1.500000000000000000, 14.87563132923546227 ) ) ;
#1431 = PLANE ( 'NONE',  #870 ) ;
#1432 = AXIS2_PLACEMENT_3D ( 'NONE', #703, #1619, #2532 ) ;
#1433 = EDGE_CURVE ( 'NONE', #1353, #53, #34, .T. ) ;
#1434 = ORIENTED_EDGE ( 'NONE', *, *, #649, .F. ) ;
#1435 = ORIENTED_EDGE ( 'NONE', *, *, #1649, .T. ) ;
#1436 = AXIS2_PLACEMENT_3D ( 'NONE', #182, #2904, #852 ) ;
#1437 = VECTOR ( 'NONE', #402, 1000.000000000000000 ) ;
#1438 = EDGE_CURVE ( 'NONE', #858, #2801, #1188, .T. ) ;
#1439 = VERTEX_POINT ( 'NONE', #1255 ) ;
#1440 = VECTOR ( 'NONE', #260, 1000.000000000000000 ) ;
#1441 = DIRECTION ( 'NONE',  ( 0.000000000000000000, 0.000000000000000000, -1.000000000000000000 ) ) ;
#1442 = ORIENTED_EDGE ( 'NONE', *, *, #2141, .T. ) ;
#1443 = AXIS2_PLACEMENT_3D ( 'NONE', #1598, #1855, #2762 ) ;
#1444 = CARTESIAN_POINT ( 'NONE',  ( -8.620911329698476067, -1.372968972341231275, 34.73776634302351596 ) ) ;
#1445 = CARTESIAN_POINT ( 'NONE',  ( 19.99999999999998579, 1.500000000000000000, -47.49999999999999289 ) ) ;
#1446 = VERTEX_POINT ( 'NONE', #11 ) ;
#1447 = DIRECTION ( 'NONE',  ( 0.000000000000000000, 0.000000000000000000, -1.000000000000000000 ) ) ;
#1448 = DIRECTION ( 'NONE',  ( 0.000000000000000000, -1.000000000000000000, 0.000000000000000000 ) ) ;
#1449 = ORIENTED_EDGE ( 'NONE', *, *, #781, .T. ) ;
#1450 = VERTEX_POINT ( 'NONE', #2974 ) ;
#1451 = EDGE_CURVE ( 'NONE', #2186, #2007, #926, .T. ) ;
#1452 = ADVANCED_FACE ( 'NONE', ( #2248 ), #1835, .F. ) ;
#1453 = ORIENTED_EDGE ( 'NONE', *, *, #1179, .F. ) ;
#1454 = DIRECTION ( 'NONE',  ( 0.000000000000000000, 0.000000000000000000, -1.000000000000000000 ) ) ;
#1455 = SURFACE_STYLE_FILL_AREA ( #1925 ) ;
#1456 = ORIENTED_EDGE ( 'NONE', *, *, #1546, .T. ) ;
#1457 = CARTESIAN_POINT ( 'NONE',  ( 27.49999999999999645, -8.500000000000000000, 12.50000000000000355 ) ) ;
#1458 = VERTEX_POINT ( 'NONE', #1847 ) ;
#1459 = DIRECTION ( 'NONE',  ( 0.000000000000000000, 0.000000000000000000, -1.000000000000000000 ) ) ;
#1460 = FACE_OUTER_BOUND ( 'NONE', #1046, .T. ) ;
#1461 = ORIENTED_EDGE ( 'NONE', *, *, #2855, .F. ) ;
#1462 = DIRECTION ( 'NONE',  ( -0.000000000000000000, -1.000000000000000000, -0.000000000000000000 ) ) ;
#1463 = ORIENTED_EDGE ( 'NONE', *, *, #1646, .F. ) ;
#1464 = SURFACE_SIDE_STYLE ('',( #1455 ) ) ;
#1465 = FACE_OUTER_BOUND ( 'NONE', #1251, .T. ) ;
#1466 = ORIENTED_EDGE ( 'NONE', *, *, #1200, .F. ) ;
#1467 = CARTESIAN_POINT ( 'NONE',  ( -12.37436867076456437, 1.500000000000000000, 37.37436867076459635 ) ) ;
#1468 = CARTESIAN_POINT ( 'NONE',  ( -25.00000000000000000, 1.500000000000000000, 60.00000000000000000 ) ) ;
#1469 = ORIENTED_EDGE ( 'NONE', *, *, #1757, .T. ) ;
#1470 = VECTOR ( 'NONE', #895, 1000.000000000000000 ) ;
#1471 = LINE ( 'NONE', #2387, #2571 ) ;
#1472 = CARTESIAN_POINT ( 'NONE',  ( 27.49999999999999645, -1.499999999999999556, 13.75000000000000533 ) ) ;
#1473 = EDGE_LOOP ( 'NONE', ( #2628, #2389 ) ) ;
#1474 = AXIS2_PLACEMENT_3D ( 'NONE', #307, #1223, #329 ) ;
#1475 = EDGE_CURVE ( 'NONE', #1519, #275, #2263, .T. ) ;
#1476 = CYLINDRICAL_SURFACE ( 'NONE', #2454, 2.250000000000001776 ) ;
#1477 = EDGE_LOOP ( 'NONE', ( #2954, #1295, #2692, #1597 ) ) ;
#1478 = ORIENTED_EDGE ( 'NONE', *, *, #1422, .F. ) ;
#1479 = CIRCLE ( 'NONE', #2531, 4.700000000000002842 ) ;
#1480 = ORIENTED_EDGE ( 'NONE', *, *, #1655, .F. ) ;
#1481 = AXIS2_PLACEMENT_3D ( 'NONE', #1116, #1575, #2499 ) ;
#1482 = CARTESIAN_POINT ( 'NONE',  ( -25.00000000000000000, 1.500000000000000000, 60.00000000000000000 ) ) ;
#1483 = EDGE_CURVE ( 'NONE', #2240, #1249, #426, .T. ) ;
#1484 = ORIENTED_EDGE ( 'NONE', *, *, #2334, .T. ) ;
#1485 = VECTOR ( 'NONE', #2098, 1000.000000000000000 ) ;
#1486 = DIRECTION ( 'NONE',  ( 0.000000000000000000, 0.000000000000000000, -1.000000000000000000 ) ) ;
#1487 = CARTESIAN_POINT ( 'NONE',  ( -30.24999999999999289, 1.500000000000000000, -9.022071167036653350 ) ) ;
#1488 = ORIENTED_EDGE ( 'NONE', *, *, #2071, .F. ) ;
#1489 = EDGE_CURVE ( 'NONE', #495, #56, #75, .T. ) ;
#1490 = CIRCLE ( 'NONE', #2684, 13.00000000000000178 ) ;
#1491 = DIRECTION ( 'NONE',  ( -0.000000000000000000, 1.000000000000000000, -0.000000000000000000 ) ) ;
#1492 = EDGE_CURVE ( 'NONE', #2557, #366, #2115, .T. ) ;
#1493 = ORIENTED_EDGE ( 'NONE', *, *, #2903, .F. ) ;
#1494 = DIRECTION ( 'NONE',  ( 0.000000000000000000, 0.000000000000000000, 1.000000000000000000 ) ) ;
#1495 = CARTESIAN_POINT ( 'NONE',  ( -30.24999999999999289, 1.500000000000000000, 11.17207116703665370 ) ) ;
#1496 = EDGE_LOOP ( 'NONE', ( #1688, #2851, #1662, #145 ) ) ;
#1497 = VERTEX_POINT ( 'NONE', #481 ) ;
#1498 = ORIENTED_EDGE ( 'NONE', *, *, #736, .T. ) ;
#1499 = CARTESIAN_POINT ( 'NONE',  ( -44.99999999999999289, 1.500000000000000000, 11.00000000000000000 ) ) ;
#1500 = DIRECTION ( 'NONE',  ( 0.000000000000000000, 0.000000000000000000, -1.000000000000000000 ) ) ;
#1501 = CARTESIAN_POINT ( 'NONE',  ( -12.37436867076456437, -1.500000000000000000, 37.37436867076459635 ) ) ;
#1502 = ORIENTED_EDGE ( 'NONE', *, *, #501, .F. ) ;
#1503 = CARTESIAN_POINT ( 'NONE',  ( -9.981075724962016338, -1.500000000000000000, -33.32935335860917547 ) ) ;
#1504 = DIRECTION ( 'NONE',  ( 0.000000000000000000, 0.000000000000000000, 1.000000000000000000 ) ) ;
#1505 = FACE_OUTER_BOUND ( 'NONE', #1657, .T. ) ;
#1506 = ORIENTED_EDGE ( 'NONE', *, *, #1006, .F. ) ;
#1507 = CARTESIAN_POINT ( 'NONE',  ( 19.99999999999997868, 1.500000000000000000, -1.600000000000001865 ) ) ;
#1508 = EDGE_CURVE ( 'NONE', #1711, #575, #1099, .T. ) ;
#1509 = CARTESIAN_POINT ( 'NONE',  ( 9.737766343023494642, -1.372968972341229943, 33.62091132969849383 ) ) ;
#1510 = CARTESIAN_POINT ( 'NONE',  ( -12.37436867076456615, -1.500000000000000000, -12.62563132923546405 ) ) ;
#1511 = ORIENTED_EDGE ( 'NONE', *, *, #2857, .T. ) ;
#1512 = CARTESIAN_POINT ( 'NONE',  ( 0.000000000000000000, 1.500000000000000000, 25.00000000000000000 ) ) ;
#1513 = FACE_BOUND ( 'NONE', #854, .T. ) ;
#1514 = ORIENTED_EDGE ( 'NONE', *, *, #2596, .T. ) ;
#1515 = FACE_OUTER_BOUND ( 'NONE', #1350, .T. ) ;
#1516 = ORIENTED_EDGE ( 'NONE', *, *, #1082, .F. ) ;
#1517 = CARTESIAN_POINT ( 'NONE',  ( 12.37436867076456259, 1.500000000000000000, -14.87563132923546938 ) ) ;
#1518 = EDGE_CURVE ( 'NONE', #89, #2594, #879, .T. ) ;
#1519 = VERTEX_POINT ( 'NONE', #929 ) ;
#1520 = CARTESIAN_POINT ( 'NONE',  ( 9.476375898909553896, -1.300036412054939472, 33.90838717051785522 ) ) ;
#1521 = CYLINDRICAL_SURFACE ( 'NONE', #2154, 1.250000000000001110 ) ;
#1522 = VERTEX_POINT ( 'NONE', #1133 ) ;
#1523 = CARTESIAN_POINT ( 'NONE',  ( -8.620937377680872871, -1.372957623304978281, -15.26225539439795575 ) ) ;
#1524 = EDGE_CURVE ( 'NONE', #462, #285, #1869, .T. ) ;
#1525 = CARTESIAN_POINT ( 'NONE',  ( -25.00000000000000000, 1.500000000000000000, 21.00000000000000355 ) ) ;
#1526 = AXIS2_PLACEMENT_3D ( 'NONE', #2060, #2732, #2671 ) ;
#1527 = AXIS2_PLACEMENT_3D ( 'NONE', #523, #2419, #1441 ) ;
#1528 = EDGE_CURVE ( 'NONE', #233, #1124, #2962, .T. ) ;
#1529 = DIRECTION ( 'NONE',  ( 0.000000000000000000, 0.000000000000000000, 1.000000000000000000 ) ) ;
#1530 = CIRCLE ( 'NONE', #2491, 2.000000000000001776 ) ;
#1531 = CARTESIAN_POINT ( 'NONE',  ( 25.00000000000000000, -1.500000000000000000, -54.99999999999999289 ) ) ;
#1532 = VECTOR ( 'NONE', #2073, 1000.000000000000000 ) ;
#1533 = ORIENTED_EDGE ( 'NONE', *, *, #1999, .F. ) ;
#1534 = DIRECTION ( 'NONE',  ( 1.000000000000000000, -0.000000000000000000, 0.000000000000000000 ) ) ;
#1535 = CIRCLE ( 'NONE', #1234, 2.250000000000001776 ) ;
#1536 = EDGE_LOOP ( 'NONE', ( #2333, #622, #508, #2789 ) ) ;
#1537 = CIRCLE ( 'NONE', #1392, 2.250000000000001776 ) ;
#1538 = LINE ( 'NONE', #1025, #2769 ) ;
#1539 = CARTESIAN_POINT ( 'NONE',  ( 12.37436867076456437, -1.500000000000000000, -37.37436867076459635 ) ) ;
#1540 = DIRECTION ( 'NONE',  ( -0.000000000000000000, -1.000000000000000000, -0.000000000000000000 ) ) ;
#1541 = ORIENTED_EDGE ( 'NONE', *, *, #241, .F. ) ;
#1542 = AXIS2_PLACEMENT_3D ( 'NONE', #1731, #76, #1004 ) ;
#1543 = DIRECTION ( 'NONE',  ( -0.000000000000000000, 1.000000000000000000, -0.000000000000000000 ) ) ;
#1544 = AXIS2_PLACEMENT_3D ( 'NONE', #2068, #2741, #1602 ) ;
#1545 = VERTEX_POINT ( 'NONE', #940 ) ;
#1546 = EDGE_CURVE ( 'NONE', #1446, #1300, #1342, .T. ) ;
#1547 = ORIENTED_EDGE ( 'NONE', *, *, #1217, .F. ) ;
#1548 = EDGE_CURVE ( 'NONE', #1016, #2552, #2676, .T. ) ;
#1549 = ORIENTED_EDGE ( 'NONE', *, *, #1920, .F. ) ;
#1550 = CARTESIAN_POINT ( 'NONE',  ( -30.24999999999999289, 1.500000000000000000, -9.022071167036653350 ) ) ;
#1551 = ORIENTED_EDGE ( 'NONE', *, *, #1425, .F. ) ;
#1552 = DIRECTION ( 'NONE',  ( 1.000000000000000000, -0.000000000000000000, 0.000000000000000000 ) ) ;
#1553 = FACE_OUTER_BOUND ( 'NONE', #758, .T. ) ;
#1554 = DIRECTION ( 'NONE',  ( -0.000000000000000000, 1.000000000000000000, -0.000000000000000000 ) ) ;
#1555 = FACE_OUTER_BOUND ( 'NONE', #1682, .T. ) ;
#1556 = ORIENTED_EDGE ( 'NONE', *, *, #2445, .T. ) ;
#1557 = ORIENTED_EDGE ( 'NONE', *, *, #1955, .F. ) ;
#1558 = CARTESIAN_POINT ( 'NONE',  ( 12.37436867076456437, 0.9500000000000002887, -35.12436867076458924 ) ) ;
#1559 = EDGE_LOOP ( 'NONE', ( #2329, #1334, #2320, #305 ) ) ;
#1560 = ORIENTED_EDGE ( 'NONE', *, *, #2807, .F. ) ;
#1561 = CYLINDRICAL_SURFACE ( 'NONE', #1481, 2.249999999999998668 ) ;
#1562 = CARTESIAN_POINT ( 'NONE',  ( -12.37436867076456437, 1.500000000000000000, -39.62436867076459635 ) ) ;
#1563 = LINE ( 'NONE', #2462, #2487 ) ;
#1564 = CARTESIAN_POINT ( 'NONE',  ( -30.24999999999999289, -8.500000000000000000, 9.022071167036653350 ) ) ;
#1565 = EDGE_CURVE ( 'NONE', #2138, #8, #326, .T. ) ;
#1566 = DIRECTION ( 'NONE',  ( 0.000000000000000000, 0.000000000000000000, -1.000000000000000000 ) ) ;
#1567 = AXIS2_PLACEMENT_3D ( 'NONE', #2239, #2002, #2485 ) ;
#1568 = ORIENTED_EDGE ( 'NONE', *, *, #2428, .T. ) ;
#1569 = CARTESIAN_POINT ( 'NONE',  ( 12.37436867076456259, 0.9500000000000002887, 14.87563132923546938 ) ) ;
#1570 = EDGE_LOOP ( 'NONE', ( #1600, #748 ) ) ;
#1571 = FACE_OUTER_BOUND ( 'NONE', #2368, .T. ) ;
#1572 = CIRCLE ( 'NONE', #2764, 4.999999999999997335 ) ;
#1573 = ORIENTED_EDGE ( 'NONE', *, *, #2022, .T. ) ;
#1574 = CIRCLE ( 'NONE', #710, 2.250000000000001776 ) ;
#1575 = DIRECTION ( 'NONE',  ( -0.000000000000000000, -1.000000000000000000, -0.000000000000000000 ) ) ;
#1576 = AXIS2_PLACEMENT_3D ( 'NONE', #1130, #2057, #1118 ) ;
#1577 = AXIS2_PLACEMENT_3D ( 'NONE', #1810, #1587, #2261 ) ;
#1578 = CARTESIAN_POINT ( 'NONE',  ( 19.99999999999997868, -1.500000000000001332, 1.131955512893109662E-31 ) ) ;
#1579 = CYLINDRICAL_SURFACE ( 'NONE', #173, 2.249999999999998668 ) ;
#1580 = CARTESIAN_POINT ( 'NONE',  ( 8.620937377680906621, -1.372957623304999375, -34.73774460560202471 ) ) ;
#1581 = EDGE_CURVE ( 'NONE', #287, #637, #280, .T. ) ;
#1582 = EDGE_CURVE ( 'NONE', #1036, #2414, #2792, .T. ) ;
#1583 = CIRCLE ( 'NONE', #963, 1.599999999999997202 ) ;
#1584 = CIRCLE ( 'NONE', #2225, 4.699999999999999289 ) ;
#1585 = AXIS2_PLACEMENT_3D ( 'NONE', #2202, #118, #101 ) ;
#1586 = ORIENTED_EDGE ( 'NONE', *, *, #874, .T. ) ;
#1587 = DIRECTION ( 'NONE',  ( -0.000000000000000000, -1.000000000000000000, -0.000000000000000000 ) ) ;
#1588 = ORIENTED_EDGE ( 'NONE', *, *, #2049, .F. ) ;
#1589 = DIRECTION ( 'NONE',  ( 0.000000000000000000, 0.000000000000000000, -1.000000000000000000 ) ) ;
#1590 = DIRECTION ( 'NONE',  ( 0.000000000000000000, -1.000000000000000000, 0.000000000000000000 ) ) ;
#1591 = CARTESIAN_POINT ( 'NONE',  ( -19.99999999999998579, -1.500000000000001332, -47.49999999999999289 ) ) ;
#1592 = VERTEX_POINT ( 'NONE', #340 ) ;
#1593 = FACE_BOUND ( 'NONE', #2827, .T. ) ;
#1594 = CARTESIAN_POINT ( 'NONE',  ( -39.99999999999999289, -1.500000000000000000, 16.00000000000000000 ) ) ;
#1595 = FACE_OUTER_BOUND ( 'NONE', #1236, .T. ) ;
#1596 = EDGE_CURVE ( 'NONE', #1629, #876, #1254, .T. ) ;
#1597 = ORIENTED_EDGE ( 'NONE', *, *, #1189, .F. ) ;
#1598 = CARTESIAN_POINT ( 'NONE',  ( 19.99999999999997868, -1.500000000000001332, 1.131955512893109662E-31 ) ) ;
#1599 = CARTESIAN_POINT ( 'NONE',  ( 12.37436867076456437, -1.500000000000000000, 37.37436867076459635 ) ) ;
#1600 = ORIENTED_EDGE ( 'NONE', *, *, #241, .T. ) ;
#1601 = CARTESIAN_POINT ( 'NONE',  ( 0.000000000000000000, -1.500000000000000000, 38.00000000000000711 ) ) ;
#1602 = DIRECTION ( 'NONE',  ( 0.000000000000000000, 0.000000000000000000, 1.000000000000000000 ) ) ;
#1603 = ORIENTED_EDGE ( 'NONE', *, *, #1701, .F. ) ;
#1604 = DIRECTION ( 'NONE',  ( 0.000000000000000000, 0.000000000000000000, -1.000000000000000000 ) ) ;
#1605 = EDGE_CURVE ( 'NONE', #645, #1249, #589, .T. ) ;
#1606 = EDGE_CURVE ( 'NONE', #2509, #1319, #1102, .T. ) ;
#1607 = CARTESIAN_POINT ( 'NONE',  ( 0.000000000000000000, -1.500000000000000000, 16.00000000000000000 ) ) ;
#1608 = CARTESIAN_POINT ( 'NONE',  ( 9.476375898909553896, -1.300036412054939472, -33.90838717051785522 ) ) ;
#1609 = CIRCLE ( 'NONE', #610, 1.599999999999997202 ) ;
#1610 = UNCERTAINTY_MEASURE_WITH_UNIT (LENGTH_MEASURE( 1.000000000000000082E-05 ), #2823, 'distance_accuracy_value', 'NONE');
#1611 = ORIENTED_EDGE ( 'NONE', *, *, #2367, .F. ) ;
#1612 = EDGE_CURVE ( 'NONE', #2907, #2777, #764, .T. ) ;
#1613 = CARTESIAN_POINT ( 'NONE',  ( -12.37436867076456437, 1.500000000000000000, -37.37436867076459635 ) ) ;
#1614 = AXIS2_PLACEMENT_3D ( 'NONE', #1027, #2847, #1681 ) ;
#1615 = FACE_OUTER_BOUND ( 'NONE', #1111, .T. ) ;
#1616 = EDGE_LOOP ( 'NONE', ( #1114, #2687, #1164, #1369 ) ) ;
#1617 = CARTESIAN_POINT ( 'NONE',  ( 0.000000000000000000, 1.500000000000000000, -12.00000000000000000 ) ) ;
#1618 = AXIS2_PLACEMENT_3D ( 'NONE', #1780, #2284, #381 ) ;
#1619 = DIRECTION ( 'NONE',  ( -0.000000000000000000, 1.000000000000000000, -0.000000000000000000 ) ) ;
#1620 = ADVANCED_FACE ( 'NONE', ( #2247 ), #1561, .F. ) ;
#1621 = AXIS2_PLACEMENT_3D ( 'NONE', #525, #2579, #1007 ) ;
#1622 = CARTESIAN_POINT ( 'NONE',  ( -12.37436867076456437, 0.9500000000000002887, 37.37436867076459635 ) ) ;
#1623 = LINE ( 'NONE', #2089, #1280 ) ;
#1624 = VECTOR ( 'NONE', #2210, 1000.000000000000000 ) ;
#1625 = AXIS2_PLACEMENT_3D ( 'NONE', #1743, #2897, #2686 ) ;
#1626 = AXIS2_PLACEMENT_3D ( 'NONE', #2092, #179, #130 ) ;
#1627 = VECTOR ( 'NONE', #1543, 1000.000000000000000 ) ;
#1628 = DIRECTION ( 'NONE',  ( 0.000000000000000000, 0.000000000000000000, -1.000000000000000000 ) ) ;
#1629 = VERTEX_POINT ( 'NONE', #2665 ) ;
#1630 = VECTOR ( 'NONE', #2738, 1000.000000000000000 ) ;
#1631 = DIRECTION ( 'NONE',  ( 0.000000000000000000, 0.000000000000000000, -1.000000000000000000 ) ) ;
#1632 = EDGE_LOOP ( 'NONE', ( #278, #2070, #504, #1781, #1918, #2259 ) ) ;
#1633 = DIRECTION ( 'NONE',  ( 0.000000000000000000, 0.000000000000000000, -1.000000000000000000 ) ) ;
#1634 = ADVANCED_FACE ( 'NONE', ( #1129 ), #1817, .F. ) ;
#1635 = DIRECTION ( 'NONE',  ( 0.000000000000000000, 0.000000000000000000, 1.000000000000000000 ) ) ;
#1636 = EDGE_CURVE ( 'NONE', #400, #1397, #473, .T. ) ;
#1637 = CARTESIAN_POINT ( 'NONE',  ( 12.37436867076456437, -1.500000000000000000, 39.62436867076459635 ) ) ;
#1638 = CARTESIAN_POINT ( 'NONE',  ( 27.00000000000000355, -1.500000000000001332, 20.00000000000000000 ) ) ;
#1639 = CARTESIAN_POINT ( 'NONE',  ( 0.000000000000000000, -1.500000000000000000, -25.00000000000000000 ) ) ;
#1640 = ORIENTED_EDGE ( 'NONE', *, *, #1644, .F. ) ;
#1641 = FACE_OUTER_BOUND ( 'NONE', #991, .T. ) ;
#1642 = CARTESIAN_POINT ( 'NONE',  ( 1.592040838891559293E-15, -1.500000000000000000, -38.00000000000000711 ) ) ;
#1643 = ORIENTED_EDGE ( 'NONE', *, *, #1293, .T. ) ;
#1644 = EDGE_CURVE ( 'NONE', #268, #1545, #222, .T. ) ;
#1645 = CARTESIAN_POINT ( 'NONE',  ( -25.00000000000000000, -1.500000000000000000, 60.00000000000000000 ) ) ;
#1646 = EDGE_CURVE ( 'NONE', #1249, #2240, #863, .T. ) ;
#1647 = EDGE_LOOP ( 'NONE', ( #386, #2778, #1337, #1640 ) ) ;
#1648 = PLANE ( 'NONE',  #1333 ) ;
#1649 = EDGE_CURVE ( 'NONE', #53, #920, #2782, .T. ) ;
#1650 = CARTESIAN_POINT ( 'NONE',  ( 12.37436867076456437, -1.500000000000000000, -32.67436867076459350 ) ) ;
#1651 = DIRECTION ( 'NONE',  ( -0.000000000000000000, -1.000000000000000000, -0.000000000000000000 ) ) ;
#1652 = CARTESIAN_POINT ( 'NONE',  ( -12.37436867076456615, -1.500000000000000000, -17.32563132923546334 ) ) ;
#1653 = ORIENTED_EDGE ( 'NONE', *, *, #2074, .T. ) ;
#1654 = CYLINDRICAL_SURFACE ( 'NONE', #2817, 2.250000000000001776 ) ;
#1655 = EDGE_CURVE ( 'NONE', #775, #2246, #2166, .T. ) ;
#1656 = DIRECTION ( 'NONE',  ( 0.000000000000000000, 0.000000000000000000, -1.000000000000000000 ) ) ;
#1657 = EDGE_LOOP ( 'NONE', ( #2438, #1461, #1705, #2546 ) ) ;
#1658 = CARTESIAN_POINT ( 'NONE',  ( 12.37436867076456437, -1.500000000000000000, 42.07436867076459919 ) ) ;
#1659 = ORIENTED_EDGE ( 'NONE', *, *, #1684, .F. ) ;
#1660 = APPLICATION_PROTOCOL_DEFINITION ( 'draft international standard', 'automotive_design', 1998, #286 ) ;
#1661 = VECTOR ( 'NONE', #952, 1000.000000000000000 ) ;
#1662 = ORIENTED_EDGE ( 'NONE', *, *, #1644, .T. ) ;
#1663 = CARTESIAN_POINT ( 'NONE',  ( 0.000000000000000000, -1.500000000000000000, -25.00000000000000000 ) ) ;
#1664 = EDGE_CURVE ( 'NONE', #366, #16, #936, .T. ) ;
#1665 = LINE ( 'NONE', #2588, #513 ) ;
#1666 = CIRCLE ( 'NONE', #374, 2.249999999999998668 ) ;
#1667 = CIRCLE ( 'NONE', #1185, 4.699999999999999289 ) ;
#1668 = EDGE_CURVE ( 'NONE', #1863, #1274, #2533, .T. ) ;
#1669 = EDGE_CURVE ( 'NONE', #642, #1629, #232, .T. ) ;
#1670 = AXIS2_PLACEMENT_3D ( 'NONE', #573, #2418, #616 ) ;
#1671 = CARTESIAN_POINT ( 'NONE',  ( 12.37436867076456437, 1.500000000000000000, -39.62436867076459635 ) ) ;
#1672 = VERTEX_POINT ( 'NONE', #302 ) ;
#1673 = AXIS2_PLACEMENT_3D ( 'NONE', #2508, #445, #2038 ) ;
#1674 = ORIENTED_EDGE ( 'NONE', *, *, #1565, .F. ) ;
#1675 = AXIS2_PLACEMENT_3D ( 'NONE', #962, #2948, #1282 ) ;
#1676 = ORIENTED_EDGE ( 'NONE', *, *, #1438, .F. ) ;
#1677 = DIRECTION ( 'NONE',  ( 0.000000000000000000, 0.000000000000000000, -1.000000000000000000 ) ) ;
#1678 = CARTESIAN_POINT ( 'NONE',  ( -30.24999999999999289, -8.500000000000000000, 11.17207116703665370 ) ) ;
#1679 = VERTEX_POINT ( 'NONE', #829 ) ;
#1680 = CARTESIAN_POINT ( 'NONE',  ( 12.37436867076456259, -1.500000000000000000, 17.32563132923547045 ) ) ;
#1681 = DIRECTION ( 'NONE',  ( 0.000000000000000000, 0.000000000000000000, -1.000000000000000000 ) ) ;
#1682 = EDGE_LOOP ( 'NONE', ( #1214, #1928, #1796, #2942 ) ) ;
#1683 = DIRECTION ( 'NONE',  ( 0.000000000000000000, 0.000000000000000000, -1.000000000000000000 ) ) ;
#1684 = EDGE_CURVE ( 'NONE', #2518, #194, #325, .T. ) ;
#1685 = CARTESIAN_POINT ( 'NONE',  ( 12.37436867076456259, -1.500000000000000000, 12.62563132923547116 ) ) ;
#1686 = EDGE_LOOP ( 'NONE', ( #1834, #2763 ) ) ;
#1687 = VERTEX_POINT ( 'NONE', #315 ) ;
#1688 = ORIENTED_EDGE ( 'NONE', *, *, #1582, .F. ) ;
#1689 = DIRECTION ( 'NONE',  ( 0.000000000000000000, 0.000000000000000000, 1.000000000000000000 ) ) ;
#1690 = ORIENTED_EDGE ( 'NONE', *, *, #1475, .F. ) ;
#1691 = ADVANCED_FACE ( 'NONE', ( #1232 ), #1017, .F. ) ;
#1692 = CARTESIAN_POINT ( 'NONE',  ( -19.99999999999997868, -198.5000000000000000, 1.131955512893109662E-31 ) ) ;
#1693 = FACE_OUTER_BOUND ( 'NONE', #2506, .T. ) ;
#1694 = EDGE_CURVE ( 'NONE', #1450, #2775, #2027, .T. ) ;
#1695 = DIRECTION ( 'NONE',  ( 0.000000000000000000, 0.000000000000000000, -1.000000000000000000 ) ) ;
#1696 = DIRECTION ( 'NONE',  ( 0.000000000000000000, 0.000000000000000000, 1.000000000000000000 ) ) ;
#1697 = CARTESIAN_POINT ( 'NONE',  ( -9.981075724962103379, -1.500000000000000000, -16.67064664139092756 ) ) ;
#1698 = ORIENTED_EDGE ( 'NONE', *, *, #1581, .T. ) ;
#1699 = EDGE_LOOP ( 'NONE', ( #114, #1434, #2799, #729 ) ) ;
#1700 = CARTESIAN_POINT ( 'NONE',  ( 12.37436867076456259, 1.500000000000000000, 10.37563132923547116 ) ) ;
#1701 = EDGE_CURVE ( 'NONE', #16, #1197, #1000, .T. ) ;
#1702 = DIRECTION ( 'NONE',  ( 8.659560562354934091E-17, -0.7071067811865474617, 0.7071067811865475727 ) ) ;
#1703 = EDGE_CURVE ( 'NONE', #1274, #1672, #2941, .T. ) ;
#1704 = VECTOR ( 'NONE', #1870, 999.9999999999998863 ) ;
#1705 = ORIENTED_EDGE ( 'NONE', *, *, #908, .T. ) ;
#1706 = DIRECTION ( 'NONE',  ( 0.000000000000000000, -1.000000000000000000, 0.000000000000000000 ) ) ;
#1707 = LINE ( 'NONE', #104, #1813 ) ;
#1708 = ORIENTED_EDGE ( 'NONE', *, *, #1636, .T. ) ;
#1709 = DIRECTION ( 'NONE',  ( 0.000000000000000000, 0.000000000000000000, -1.000000000000000000 ) ) ;
#1710 = CARTESIAN_POINT ( 'NONE',  ( 12.37436867076456259, 0.9500000000000002887, -14.87563132923546938 ) ) ;
#1711 = VERTEX_POINT ( 'NONE', #2451 ) ;
#1712 = CIRCLE ( 'NONE', #2527, 2.249999999999998668 ) ;
#1713 = CIRCLE ( 'NONE', #423, 2.249999999999998668 ) ;
#1714 = DIRECTION ( 'NONE',  ( -0.000000000000000000, -1.000000000000000000, -0.000000000000000000 ) ) ;
#1715 = DIRECTION ( 'NONE',  ( 0.000000000000000000, 0.000000000000000000, -1.000000000000000000 ) ) ;
#1716 = EDGE_LOOP ( 'NONE', ( #1549, #1996, #2604, #679, #1246, #2693, #2402, #30, #1659, #1790, #1413, #996, #2158, #923, #1896, #2658, #2862, #1690 ) ) ;
#1717 = ORIENTED_EDGE ( 'NONE', *, *, #2881, .T. ) ;
#1718 = CONICAL_SURFACE ( 'NONE', #810, 4.699999999999999289, 0.7853981633974485010 ) ;
#1719 = VERTEX_POINT ( 'NONE', #413 ) ;
#1720 = B_SPLINE_CURVE_WITH_KNOTS ( 'NONE', 3,
 ( #667, #1580, #440, #1608, #972, #1889 ),
 .UNSPECIFIED., .F., .F.,
 ( 4, 2, 4 ),
 ( 6.224426167940990730E-07, 0.001187034362935188853, 0.002373446283253583325 ),
 .UNSPECIFIED. ) ;
#1721 =( NAMED_UNIT ( * ) SI_UNIT ( $, .STERADIAN. ) SOLID_ANGLE_UNIT ( ) );
#1722 = CARTESIAN_POINT ( 'NONE',  ( -30.24999999999999289, -1.499999999999999556, 6.872071167036652106 ) ) ;
#1723 = AXIS2_PLACEMENT_3D ( 'NONE', #2296, #226, #1195 ) ;
#1724 = ORIENTED_EDGE ( 'NONE', *, *, #2795, .T. ) ;
#1725 = ADVANCED_FACE ( 'NONE', ( #2019 ), #2275, .F. ) ;
#1726 = ADVANCED_FACE ( 'NONE', ( #875 ), #654, .F. ) ;
#1727 = CARTESIAN_POINT ( 'NONE',  ( -19.99999999999997868, -1.500000000000001332, -1.600000000000001865 ) ) ;
#1728 = CARTESIAN_POINT ( 'NONE',  ( -25.00000000000000000, 1.500000000000000000, 55.00000000000000000 ) ) ;
#1729 = ORIENTED_EDGE ( 'NONE', *, *, #1362, .T. ) ;
#1730 = AXIS2_PLACEMENT_3D ( 'NONE', #373, #646, #1633 ) ;
#1731 = CARTESIAN_POINT ( 'NONE',  ( -20.00000000000000000, -1.500000000000000000, -54.99999999999999289 ) ) ;
#1732 = VERTEX_POINT ( 'NONE', #1569 ) ;
#1733 = DIRECTION ( 'NONE',  ( -0.000000000000000000, -1.000000000000000000, 0.000000000000000000 ) ) ;
#1734 = CARTESIAN_POINT ( 'NONE',  ( -12.37436867076456437, 1.500000000000000000, -37.37436867076459635 ) ) ;
#1735 = CARTESIAN_POINT ( 'NONE',  ( -12.37436867076456615, -1.500000000000000000, -12.62563132923546405 ) ) ;
#1736 = VERTEX_POINT ( 'NONE', #170 ) ;
#1737 = LINE ( 'NONE', #2691, #2627 ) ;
#1738 = EDGE_CURVE ( 'NONE', #1545, #2414, #37, .T. ) ;
#1739 = FACE_OUTER_BOUND ( 'NONE', #600, .T. ) ;
#1740 = DIRECTION ( 'NONE',  ( 0.000000000000000000, 0.000000000000000000, -1.000000000000000000 ) ) ;
#1741 = ORIENTED_EDGE ( 'NONE', *, *, #2842, .F. ) ;
#1742 = CARTESIAN_POINT ( 'NONE',  ( -25.00000000000000000, -1.500000000000000000, -60.00000000000000000 ) ) ;
#1743 = CARTESIAN_POINT ( 'NONE',  ( 0.000000000000000000, -1.500000000000000000, -25.00000000000000000 ) ) ;
#1744 = VERTEX_POINT ( 'NONE', #1306 ) ;
#1745 = DIRECTION ( 'NONE',  ( 0.000000000000000000, 0.000000000000000000, -1.000000000000000000 ) ) ;
#1746 = CARTESIAN_POINT ( 'NONE',  ( -9.981075724962016338, -1.500000000000000000, -33.32935335860917547 ) ) ;
#1747 = EDGE_LOOP ( 'NONE', ( #675, #1288 ) ) ;
#1748 = ADVANCED_FACE ( 'NONE', ( #154 ), #1235, .F. ) ;
#1749 = DIRECTION ( 'NONE',  ( 0.000000000000000000, 1.000000000000000000, 0.000000000000000000 ) ) ;
#1750 = ADVANCED_FACE ( 'NONE', ( #2969 ), #919, .F. ) ;
#1751 = DIRECTION ( 'NONE',  ( 0.000000000000000000, 0.000000000000000000, -1.000000000000000000 ) ) ;
#1752 = CARTESIAN_POINT ( 'NONE',  ( 27.49999999999999645, -8.500000000000000000, 12.50000000000000355 ) ) ;
#1753 = ORIENTED_EDGE ( 'NONE', *, *, #2653, .F. ) ;
#1754 = CARTESIAN_POINT ( 'NONE',  ( 8.908387170517821474, -1.300036412054898616, 15.52362410109040702 ) ) ;
#1755 = ORIENTED_EDGE ( 'NONE', *, *, #2828, .F. ) ;
#1756 = AXIS2_PLACEMENT_3D ( 'NONE', #2318, #245, #1174 ) ;
#1757 = EDGE_CURVE ( 'NONE', #1672, #1394, #1106, .T. ) ;
#1758 = CARTESIAN_POINT ( 'NONE',  ( 30.50000000000000711, -1.500000000000001332, 18.00000000000000355 ) ) ;
#1759 = DIRECTION ( 'NONE',  ( 0.000000000000000000, 0.000000000000000000, -1.000000000000000000 ) ) ;
#1760 = CARTESIAN_POINT ( 'NONE',  ( 9.981075724962126472, -1.500000000000000000, -16.67064664139094887 ) ) ;
#1761 = ORIENTED_EDGE ( 'NONE', *, *, #2718, .F. ) ;
#1762 = CARTESIAN_POINT ( 'NONE',  ( -20.00000000000000000, 1.500000000000000000, 60.00000000000000000 ) ) ;
#1763 = EDGE_CURVE ( 'NONE', #141, #1319, #933, .T. ) ;
#1764 = FACE_BOUND ( 'NONE', #640, .T. ) ;
#1765 = ADVANCED_FACE ( 'NONE', ( #1830 ), #187, .F. ) ;
#1766 = DIRECTION ( 'NONE',  ( 0.000000000000000000, 0.000000000000000000, -1.000000000000000000 ) ) ;
#1767 = AXIS2_PLACEMENT_3D ( 'NONE', #966, #306, #1244 ) ;
#1768 = ORIENTED_EDGE ( 'NONE', *, *, #931, .F. ) ;
#1769 = DIRECTION ( 'NONE',  ( -1.000000000000000000, 0.000000000000000000, 0.000000000000000000 ) ) ;
#1770 = CIRCLE ( 'NONE', #1973, 5.000000000000000888 ) ;
#1771 = AXIS2_PLACEMENT_3D ( 'NONE', #833, #1311, #359 ) ;
#1772 = ORIENTED_EDGE ( 'NONE', *, *, #2517, .T. ) ;
#1773 = DIRECTION ( 'NONE',  ( -0.000000000000000000, 1.000000000000000000, -0.000000000000000000 ) ) ;
#1774 = CARTESIAN_POINT ( 'NONE',  ( -12.37436867076456615, 0.9500000000000002887, 10.37563132923546583 ) ) ;
#1775 = AXIS2_PLACEMENT_3D ( 'NONE', #2083, #1590, #934 ) ;
#1776 = CIRCLE ( 'NONE', #1626, 2.250000000000001776 ) ;
#1777 = ORIENTED_EDGE ( 'NONE', *, *, #2428, .F. ) ;
#1778 = EDGE_CURVE ( 'NONE', #126, #2138, #1776, .T. ) ;
#1779 = LINE ( 'NONE', #2030, #668 ) ;
#1780 = CARTESIAN_POINT ( 'NONE',  ( 19.99999999999999645, 1.500000000000000000, -55.00000000000000000 ) ) ;
#1781 = ORIENTED_EDGE ( 'NONE', *, *, #1829, .F. ) ;
#1782 = CIRCLE ( 'NONE', #1240, 1.250000000000001110 ) ;
#1783 = CARTESIAN_POINT ( 'NONE',  ( 9.981075724962014561, -1.500000000000000000, -33.32935335860918258 ) ) ;
#1784 = VECTOR ( 'NONE', #1979, 1000.000000000000000 ) ;
#1785 = ORIENTED_EDGE ( 'NONE', *, *, #424, .F. ) ;
#1786 = ORIENTED_EDGE ( 'NONE', *, *, #2254, .F. ) ;
#1787 = ORIENTED_EDGE ( 'NONE', *, *, #1778, .T. ) ;
#1788 = VERTEX_POINT ( 'NONE', #1105 ) ;
#1789 = ADVANCED_FACE ( 'NONE', ( #883 ), #822, .F. ) ;
#1790 = ORIENTED_EDGE ( 'NONE', *, *, #346, .F. ) ;
#1791 = CARTESIAN_POINT ( 'NONE',  ( -12.37436867076456437, -1.500000000000000000, -32.67436867076459350 ) ) ;
#1792 = CARTESIAN_POINT ( 'NONE',  ( 12.37436867076456259, 1.500000000000000000, 14.87563132923546938 ) ) ;
#1793 = DIRECTION ( 'NONE',  ( 0.000000000000000000, 1.000000000000000000, -0.000000000000000000 ) ) ;
#1794 = VERTEX_POINT ( 'NONE', #2961 ) ;
#1795 = CARTESIAN_POINT ( 'NONE',  ( -25.00000000000000000, 1.500000000000000000, 60.00000000000000000 ) ) ;
#1796 = ORIENTED_EDGE ( 'NONE', *, *, #1757, .F. ) ;
#1797 = DIRECTION ( 'NONE',  ( 0.000000000000000000, -1.000000000000000000, 0.000000000000000000 ) ) ;
#1798 = ORIENTED_EDGE ( 'NONE', *, *, #2, .T. ) ;
#1799 = EDGE_CURVE ( 'NONE', #642, #1522, #1385, .T. ) ;
#1800 = DIRECTION ( 'NONE',  ( 0.000000000000000000, 0.000000000000000000, -1.000000000000000000 ) ) ;
#1801 = FACE_BOUND ( 'NONE', #1049, .T. ) ;
#1802 = CARTESIAN_POINT ( 'NONE',  ( -30.24999999999999289, -8.500000000000000000, 9.022071167036653350 ) ) ;
#1803 = DIRECTION ( 'NONE',  ( 0.000000000000000000, -0.7071067811865474617, -0.7071067811865475727 ) ) ;
#1804 = DIRECTION ( 'NONE',  ( 0.000000000000000000, 0.000000000000000000, -1.000000000000000000 ) ) ;
#1805 = CARTESIAN_POINT ( 'NONE',  ( 30.50000000000000711, 1.500000000000000000, 20.00000000000000000 ) ) ;
#1806 = AXIS2_PLACEMENT_3D ( 'NONE', #2183, #1040, #109 ) ;
#1807 = CIRCLE ( 'NONE', #2205, 4.699999999999999289 ) ;
#1808 = VERTEX_POINT ( 'NONE', #59 ) ;
#1809 = CARTESIAN_POINT ( 'NONE',  ( -12.37436867076456615, 0.9500000000000002887, 14.87563132923546227 ) ) ;
#1810 = CARTESIAN_POINT ( 'NONE',  ( -12.37436867076456615, -1.500000000000000000, -12.62563132923546405 ) ) ;
#1811 = VERTEX_POINT ( 'NONE', #1805 ) ;
#1812 = CARTESIAN_POINT ( 'NONE',  ( 12.37436867076456437, -1.500000000000000000, -37.37436867076459635 ) ) ;
#1813 = VECTOR ( 'NONE', #2614, 1000.000000000000000 ) ;
#1814 = DIRECTION ( 'NONE',  ( 0.000000000000000000, 0.000000000000000000, -1.000000000000000000 ) ) ;
#1815 = ORIENTED_EDGE ( 'NONE', *, *, #2353, .F. ) ;
#1816 = VECTOR ( 'NONE', #578, 1000.000000000000000 ) ;
#1817 = CYLINDRICAL_SURFACE ( 'NONE', #2623, 1.599999999999997202 ) ;
#1818 = VECTOR ( 'NONE', #2935, 1000.000000000000000 ) ;
#1819 = EDGE_CURVE ( 'NONE', #2557, #1394, #48, .T. ) ;
#1820 = PLANE ( 'NONE',  #2010 ) ;
#1821 = ADVANCED_FACE ( 'NONE', ( #2486 ), #2747, .T. ) ;
#1822 = CARTESIAN_POINT ( 'NONE',  ( 1.592040838891559293E-15, -1.500000000000000000, 12.00000000000000000 ) ) ;
#1823 = DIRECTION ( 'NONE',  ( -0.000000000000000000, 1.000000000000000000, -0.000000000000000000 ) ) ;
#1824 = CARTESIAN_POINT ( 'NONE',  ( -12.37436867076456437, -1.500000000000000000, -32.67436867076459350 ) ) ;
#1825 = AXIS2_PLACEMENT_3D ( 'NONE', #19, #1858, #1876 ) ;
#1826 = AXIS2_PLACEMENT_3D ( 'NONE', #2214, #132, #2703 ) ;
#1827 = AXIS2_PLACEMENT_3D ( 'NONE', #1692, #2177, #812 ) ;
#1829 = EDGE_CURVE ( 'NONE', #1041, #2173, #1720, .T. ) ;
#1828 = EDGE_LOOP ( 'NONE', ( #714, #1090, #2479, #2431 ) ) ;
#1830 = FACE_OUTER_BOUND ( 'NONE', #1616, .T. ) ;
#1831 = ORIENTED_EDGE ( 'NONE', *, *, #2945, .T. ) ;
#1832 = DIRECTION ( 'NONE',  ( -0.000000000000000000, 1.000000000000000000, -0.000000000000000000 ) ) ;
#1833 = DIRECTION ( 'NONE',  ( -0.000000000000000000, -1.000000000000000000, -0.000000000000000000 ) ) ;
#1834 = ORIENTED_EDGE ( 'NONE', *, *, #61, .F. ) ;
#1835 = PLANE ( 'NONE',  #669 ) ;
#1836 = CARTESIAN_POINT ( 'NONE',  ( -30.24999999999999289, -8.500000000000000000, -11.17207116703665370 ) ) ;
#1837 = DIRECTION ( 'NONE',  ( 0.000000000000000000, 0.000000000000000000, -1.000000000000000000 ) ) ;
#1838 = DIRECTION ( 'NONE',  ( 0.000000000000000000, -1.000000000000000000, 0.000000000000000000 ) ) ;
#1839 = EDGE_CURVE ( 'NONE', #2583, #2495, #2572, .T. ) ;
#1840 = CARTESIAN_POINT ( 'NONE',  ( 25.00000000000000000, 1.500000000000000000, -21.99999999999999289 ) ) ;
#1841 = CARTESIAN_POINT ( 'NONE',  ( -20.00000000000000000, 1.500000000000000000, -54.99999999999999289 ) ) ;
#1842 = ORIENTED_EDGE ( 'NONE', *, *, #256, .F. ) ;
#1843 = DIRECTION ( 'NONE',  ( -0.000000000000000000, -1.000000000000000000, -0.000000000000000000 ) ) ;
#1844 = CARTESIAN_POINT ( 'NONE',  ( -12.37436867076456615, -1.500000000000000000, -12.62563132923546405 ) ) ;
#1845 = ORIENTED_EDGE ( 'NONE', *, *, #1636, .F. ) ;
#1846 = DIRECTION ( 'NONE',  ( 0.000000000000000000, 0.000000000000000000, -1.000000000000000000 ) ) ;
#1847 = CARTESIAN_POINT ( 'NONE',  ( 32.50000000000000711, -1.500000000000001332, -18.00000000000000355 ) ) ;
#1848 = DIRECTION ( 'NONE',  ( -0.000000000000000000, 1.000000000000000000, -0.000000000000000000 ) ) ;
#1849 = CYLINDRICAL_SURFACE ( 'NONE', #2610, 2.249999999999998668 ) ;
#1850 = CARTESIAN_POINT ( 'NONE',  ( 19.99999999999997868, 1.500000000000000000, 1.131955512893109662E-31 ) ) ;
#1851 = DIRECTION ( 'NONE',  ( 0.000000000000000000, 0.000000000000000000, -1.000000000000000000 ) ) ;
#1852 = CIRCLE ( 'NONE', #223, 2.250000000000001776 ) ;
#1853 = CARTESIAN_POINT ( 'NONE',  ( 32.50000000000000711, -42.73105625617660763, -20.00000000000000000 ) ) ;
#1854 = EDGE_CURVE ( 'NONE', #2669, #141, #2266, .T. ) ;
#1855 = DIRECTION ( 'NONE',  ( 0.000000000000000000, -1.000000000000000000, 0.000000000000000000 ) ) ;
#1856 = CARTESIAN_POINT ( 'NONE',  ( -30.00000000000000355, 1.500000000000000000, -21.00000000000000355 ) ) ;
#1857 = ORIENTED_EDGE ( 'NONE', *, *, #738, .T. ) ;
#1858 = DIRECTION ( 'NONE',  ( -0.000000000000000000, 1.000000000000000000, -0.000000000000000000 ) ) ;
#1859 = AXIS2_PLACEMENT_3D ( 'NONE', #749, #2514, #1424 ) ;
#1860 = MANIFOLD_SOLID_BREP ( '\X2\ff76ff6fff84\X0\ - \X2\62bc305751fa3057\X0\6', #1929 ) ;
#1861 = DIRECTION ( 'NONE',  ( 1.000000000000000000, -0.000000000000000000, 0.000000000000000000 ) ) ;
#1862 = LINE ( 'NONE', #2497, #583 ) ;
#1863 = VERTEX_POINT ( 'NONE', #432 ) ;
#1864 = CARTESIAN_POINT ( 'NONE',  ( -20.00000000000000000, 1.500000000000000000, 55.00000000000000000 ) ) ;
#1865 = AXIS2_PLACEMENT_3D ( 'NONE', #1949, #41, #1695 ) ;
#1866 = CARTESIAN_POINT ( 'NONE',  ( -30.24999999999999289, -1.499999999999999556, 9.022071167036653350 ) ) ;
#1867 = FACE_OUTER_BOUND ( 'NONE', #970, .T. ) ;
#1868 = AXIS2_PLACEMENT_3D ( 'NONE', #2461, #650, #2888 ) ;
#1869 = CIRCLE ( 'NONE', #2924, 2.150000000000000799 ) ;
#1870 = DIRECTION ( 'NONE',  ( 0.000000000000000000, -0.7071067811865473507, -0.7071067811865477948 ) ) ;
#1871 = EDGE_LOOP ( 'NONE', ( #862, #1096, #953, #449 ) ) ;
#1872 = AXIS2_PLACEMENT_3D ( 'NONE', #1599, #1393, #1628 ) ;
#1873 = VECTOR ( 'NONE', #529, 1000.000000000000000 ) ;
#1874 = DIRECTION ( 'NONE',  ( -0.000000000000000000, 1.000000000000000000, -0.000000000000000000 ) ) ;
#1875 = ORIENTED_EDGE ( 'NONE', *, *, #2367, .T. ) ;
#1876 = DIRECTION ( 'NONE',  ( 0.000000000000000000, 0.000000000000000000, 1.000000000000000000 ) ) ;
#1877 = AXIS2_PLACEMENT_3D ( 'NONE', #1289, #2226, #2685 ) ;
#1878 = CARTESIAN_POINT ( 'NONE',  ( 30.50000000000000711, -1.500000000000001332, -18.00000000000000355 ) ) ;
#1879 = FACE_OUTER_BOUND ( 'NONE', #324, .T. ) ;
#1880 = VERTEX_POINT ( 'NONE', #399 ) ;
#1881 = CARTESIAN_POINT ( 'NONE',  ( 12.37436867076456259, -1.500000000000000000, -17.32563132923547045 ) ) ;
#1882 = DIRECTION ( 'NONE',  ( -0.000000000000000000, -1.000000000000000000, -0.000000000000000000 ) ) ;
#1883 = ORIENTED_EDGE ( 'NONE', *, *, #2842, .T. ) ;
#1884 = CARTESIAN_POINT ( 'NONE',  ( 19.99999999999998579, 1.500000000000000000, 47.49999999999999289 ) ) ;
#1885 = CARTESIAN_POINT ( 'NONE',  ( -12.37436867076456437, 0.9500000000000002887, -35.12436867076458924 ) ) ;
#1886 = VERTEX_POINT ( 'NONE', #1700 ) ;
#1887 = ORIENTED_EDGE ( 'NONE', *, *, #1117, .T. ) ;
#1888 = EDGE_CURVE ( 'NONE', #2683, #1300, #887, .T. ) ;
#1889 = CARTESIAN_POINT ( 'NONE',  ( 9.981075724962014561, -1.500000000000000000, -33.32935335860918258 ) ) ;
#1890 = ORIENTED_EDGE ( 'NONE', *, *, #303, .T. ) ;
#1891 = ADVANCED_FACE ( 'NONE', ( #1352 ), #274, .F. ) ;
#1892 = DIRECTION ( 'NONE',  ( 0.000000000000000000, 0.000000000000000000, 1.000000000000000000 ) ) ;
#1893 = EDGE_CURVE ( 'NONE', #102, #2343, #2170, .T. ) ;
#1894 = CARTESIAN_POINT ( 'NONE',  ( 0.000000000000000000, -1.500000000000000000, -25.00000000000000000 ) ) ;
#1895 = DIRECTION ( 'NONE',  ( -0.000000000000000000, 1.000000000000000000, -0.000000000000000000 ) ) ;
#1896 = ORIENTED_EDGE ( 'NONE', *, *, #2430, .F. ) ;
#1897 = DIRECTION ( 'NONE',  ( 0.000000000000000000, 0.000000000000000000, -1.000000000000000000 ) ) ;
#1898 = ORIENTED_EDGE ( 'NONE', *, *, #546, .F. ) ;
#1899 = ORIENTED_EDGE ( 'NONE', *, *, #2578, .F. ) ;
#1900 = DIRECTION ( 'NONE',  ( 1.000000000000000000, 0.000000000000000000, 0.000000000000000000 ) ) ;
#1901 = VECTOR ( 'NONE', #787, 1000.000000000000000 ) ;
#1902 = FACE_BOUND ( 'NONE', #1473, .T. ) ;
#1903 = CONICAL_SURFACE ( 'NONE', #611, 4.699999999999999289, 0.7853981633974485010 ) ;
#1904 = ORIENTED_EDGE ( 'NONE', *, *, #2677, .T. ) ;
#1905 = DIRECTION ( 'NONE',  ( -0.000000000000000000, 1.000000000000000000, -0.000000000000000000 ) ) ;
#1906 = CIRCLE ( 'NONE', #1526, 2.000000000000001776 ) ;
#1907 = CARTESIAN_POINT ( 'NONE',  ( -19.99999999999998579, 1.500000000000000000, 47.49999999999999289 ) ) ;
#1908 = PRODUCT_DEFINITION ( 'UNKNOWN', '', #2926, #900 ) ;
#1909 = AXIS2_PLACEMENT_3D ( 'NONE', #1639, #1428, #2347 ) ;
#1910 = EDGE_CURVE ( 'NONE', #1300, #1446, #1978, .T. ) ;
#1911 = DIRECTION ( 'NONE',  ( -0.000000000000000000, 1.000000000000000000, -0.000000000000000000 ) ) ;
#1912 = CIRCLE ( 'NONE', #1868, 2.249999999999998668 ) ;
#1913 = CARTESIAN_POINT ( 'NONE',  ( 27.49999999999999645, 1.500000000000000000, 13.75000000000000533 ) ) ;
#1914 = DIRECTION ( 'NONE',  ( 0.000000000000000000, 0.000000000000000000, -1.000000000000000000 ) ) ;
#1915 = EDGE_LOOP ( 'NONE', ( #1919, #246, #1064, #200 ) ) ;
#1916 = VECTOR ( 'NONE', #2145, 1000.000000000000000 ) ;
#1917 = DIRECTION ( 'NONE',  ( 0.000000000000000000, 0.000000000000000000, -1.000000000000000000 ) ) ;
#1918 = ORIENTED_EDGE ( 'NONE', *, *, #1012, .T. ) ;
#1919 = ORIENTED_EDGE ( 'NONE', *, *, #2653, .T. ) ;
#1920 = EDGE_CURVE ( 'NONE', #2815, #1519, #670, .T. ) ;
#1921 = VECTOR ( 'NONE', #166, 1000.000000000000000 ) ;
#1922 = ORIENTED_EDGE ( 'NONE', *, *, #2303, .F. ) ;
#1923 = FACE_BOUND ( 'NONE', #1686, .T. ) ;
#1924 = DIRECTION ( 'NONE',  ( 0.000000000000000000, 0.000000000000000000, -1.000000000000000000 ) ) ;
#1925 = FILL_AREA_STYLE ('',( #599 ) ) ;
#1926 = AXIS2_PLACEMENT_3D ( 'NONE', #2570, #58, #982 ) ;
#1927 = DIRECTION ( 'NONE',  ( -0.000000000000000000, -1.000000000000000000, -0.000000000000000000 ) ) ;
#1928 = ORIENTED_EDGE ( 'NONE', *, *, #441, .F. ) ;
#1929 = CLOSED_SHELL ( 'NONE', ( #369, #2272, #454, #2129, #1634, #647, #425, #202, #2062, #2766, #2696, #2283, #1937, #835, #684, #608, #1748, #662, #356, #1789, #1891, #1208, #230, #115, #401, #1691, #1726, #2474, #191, #2446, #1725, #1140, #2427, #1452, #2749, #778, #1750, #672, #537, #2181, #2090, #830, #530, #408, #1620, #323, #750, #1401, #151, #420, #492, #1765, #2493, #2124, #479, #5, #2408, #36, #2631, #555, #2382, #2771, #2735, #288, #2955, #571, #644, #176, #790, #1821, #1325, #2328, #848, #1967, #1998, #2319, #959, #2280, #572, #2160, #687, #2736 ) ) ;
#1930 = DIRECTION ( 'NONE',  ( 0.000000000000000000, 0.000000000000000000, 1.000000000000000000 ) ) ;
#1931 = EDGE_CURVE ( 'NONE', #1450, #165, #718, .T. ) ;
#1932 = VERTEX_POINT ( 'NONE', #777 ) ;
#1933 = LINE ( 'NONE', #2830, #663 ) ;
#1934 = CARTESIAN_POINT ( 'NONE',  ( -12.37436867076456615, 1.500000000000000000, -14.87563132923546227 ) ) ;
#1935 = ORIENTED_EDGE ( 'NONE', *, *, #988, .F. ) ;
#1936 = FACE_OUTER_BOUND ( 'NONE', #78, .T. ) ;
#1937 = ADVANCED_FACE ( 'NONE', ( #1301 ), #2076, .F. ) ;
#1938 = ORIENTED_EDGE ( 'NONE', *, *, #761, .F. ) ;
#1939 = ORIENTED_EDGE ( 'NONE', *, *, #2430, .T. ) ;
#1940 = FACE_BOUND ( 'NONE', #2279, .T. ) ;
#1941 = CARTESIAN_POINT ( 'NONE',  ( -12.37436867076456437, -1.500000000000000000, -37.37436867076459635 ) ) ;
#1942 = ORIENTED_EDGE ( 'NONE', *, *, #2581, .T. ) ;
#1943 = DIRECTION ( 'NONE',  ( -0.000000000000000000, -1.000000000000000000, -0.000000000000000000 ) ) ;
#1944 = CARTESIAN_POINT ( 'NONE',  ( 0.000000000000000000, -1.500000000000000000, 16.00000000000000000 ) ) ;
#1945 = LINE ( 'NONE', #1678, #805 ) ;
#1946 = ORIENTED_EDGE ( 'NONE', *, *, #2923, .T. ) ;
#1947 = CARTESIAN_POINT ( 'NONE',  ( -25.00000000000000000, 1.500000000000000000, -54.99999999999999289 ) ) ;
#1948 = DIRECTION ( 'NONE',  ( 0.000000000000000000, 1.000000000000000000, -0.000000000000000000 ) ) ;
#1949 = CARTESIAN_POINT ( 'NONE',  ( 12.37436867076456259, 1.500000000000000000, -12.62563132923547116 ) ) ;
#1950 = CARTESIAN_POINT ( 'NONE',  ( -12.37436867076456437, -1.500000000000000000, -37.37436867076459635 ) ) ;
#1951 = ORIENTED_EDGE ( 'NONE', *, *, #1508, .F. ) ;
#1952 = CYLINDRICAL_SURFACE ( 'NONE', #2331, 5.000000000000000888 ) ;
#1953 = EDGE_LOOP ( 'NONE', ( #2401, #2498 ) ) ;
#1954 = EDGE_LOOP ( 'NONE', ( #2752, #1224, #1556, #2783, #2467, #1939 ) ) ;
#1955 = EDGE_CURVE ( 'NONE', #2198, #1519, #542, .T. ) ;
#1956 = EDGE_CURVE ( 'NONE', #637, #2411, #1149, .T. ) ;
#1957 = DIRECTION ( 'NONE',  ( 0.000000000000000000, 0.000000000000000000, 1.000000000000000000 ) ) ;
#1958 = FACE_OUTER_BOUND ( 'NONE', #1001, .T. ) ;
#1959 = VECTOR ( 'NONE', #54, 1000.000000000000000 ) ;
#1960 = VERTEX_POINT ( 'NONE', #82 ) ;
#1961 = CARTESIAN_POINT ( 'NONE',  ( -20.00000000000000000, -1.500000000000000000, -60.00000000000000000 ) ) ;
#1962 = CYLINDRICAL_SURFACE ( 'NONE', #1827, 1.600000000000001865 ) ;
#1963 = CARTESIAN_POINT ( 'NONE',  ( -30.00000000000000355, -1.500000000000000000, 21.00000000000000000 ) ) ;
#1964 = LINE ( 'NONE', #1680, #859 ) ;
#1965 = VERTEX_POINT ( 'NONE', #1011 ) ;
#1966 = CIRCLE ( 'NONE', #2064, 1.599999999999997202 ) ;
#1967 = ADVANCED_FACE ( 'NONE', ( #1936 ), #2833, .T. ) ;
#1968 = EDGE_LOOP ( 'NONE', ( #1138, #1320, #643, #2362 ) ) ;
#1969 = CARTESIAN_POINT ( 'NONE',  ( 19.99999999999999645, 1.500000000000000000, 60.00000000000000000 ) ) ;
#1970 = FACE_OUTER_BOUND ( 'NONE', #2276, .T. ) ;
#1971 = ORIENTED_EDGE ( 'NONE', *, *, #1518, .T. ) ;
#1972 = CARTESIAN_POINT ( 'NONE',  ( -19.99999999999998579, 1.500000000000000000, 45.89999999999999858 ) ) ;
#1973 = AXIS2_PLACEMENT_3D ( 'NONE', #1298, #1314, #2238 ) ;
#1974 = DIRECTION ( 'NONE',  ( 0.000000000000000000, 0.000000000000000000, -1.000000000000000000 ) ) ;
#1975 = ORIENTED_EDGE ( 'NONE', *, *, #308, .T. ) ;
#1976 = AXIS2_PLACEMENT_3D ( 'NONE', #1323, #1022, #2860 ) ;
#1977 = VERTEX_POINT ( 'NONE', #434 ) ;
#1978 = CIRCLE ( 'NONE', #868, 1.600000000000001865 ) ;
#1979 = DIRECTION ( 'NONE',  ( 0.000000000000000000, 0.000000000000000000, -1.000000000000000000 ) ) ;
#1980 = FACE_OUTER_BOUND ( 'NONE', #2598, .T. ) ;
#1981 = VECTOR ( 'NONE', #942, 1000.000000000000000 ) ;
#1982 = EDGE_LOOP ( 'NONE', ( #57, #878, #815, #2925 ) ) ;
#1983 = AXIS2_PLACEMENT_3D ( 'NONE', #415, #990, #1037 ) ;
#1984 = CARTESIAN_POINT ( 'NONE',  ( 9.981075724962112261, -1.500000000000000000, 16.67064664139093821 ) ) ;
#1985 = DIRECTION ( 'NONE',  ( 0.000000000000000000, 0.000000000000000000, 1.000000000000000000 ) ) ;
#1986 = VECTOR ( 'NONE', #1832, 1000.000000000000000 ) ;
#1987 = ORIENTED_EDGE ( 'NONE', *, *, #1372, .T. ) ;
#1988 = DIRECTION ( 'NONE',  ( -0.000000000000000000, -1.000000000000000000, -0.000000000000000000 ) ) ;
#1989 = CARTESIAN_POINT ( 'NONE',  ( 12.37436867076456259, -1.500000000000000000, 12.62563132923547116 ) ) ;
#1990 = VERTEX_POINT ( 'NONE', #632 ) ;
#1991 = CARTESIAN_POINT ( 'NONE',  ( 12.37436867076456259, -1.500000000000000000, -12.62563132923547116 ) ) ;
#1992 = CARTESIAN_POINT ( 'NONE',  ( 25.00000000000000000, -1.500000000000000000, -21.99999999999999289 ) ) ;
#1993 = FACE_BOUND ( 'NONE', #2899, .T. ) ;
#1994 = EDGE_LOOP ( 'NONE', ( #2356, #2656, #744, #779 ) ) ;
#1995 = CARTESIAN_POINT ( 'NONE',  ( 0.000000000000000000, -1.500000000000000000, 25.00000000000000000 ) ) ;
#1996 = ORIENTED_EDGE ( 'NONE', *, *, #1162, .F. ) ;
#1997 = LINE ( 'NONE', #1944, #1287 ) ;
#1998 = ADVANCED_FACE ( 'NONE', ( #1980 ), #2880, .T. ) ;
#1999 = EDGE_CURVE ( 'NONE', #2232, #2717, #2553, .T. ) ;
#2000 = ORIENTED_EDGE ( 'NONE', *, *, #2222, .T. ) ;
#2001 = DIRECTION ( 'NONE',  ( -0.000000000000000000, -1.000000000000000000, -0.000000000000000000 ) ) ;
#2002 = DIRECTION ( 'NONE',  ( 0.000000000000000000, -1.000000000000000000, 0.000000000000000000 ) ) ;
#2003 = ORIENTED_EDGE ( 'NONE', *, *, #247, .T. ) ;
#2004 = CARTESIAN_POINT ( 'NONE',  ( 30.50000000000000711, -1.500000000000001332, -20.00000000000000000 ) ) ;
#2005 = ORIENTED_EDGE ( 'NONE', *, *, #451, .T. ) ;
#2006 = CARTESIAN_POINT ( 'NONE',  ( 30.50000000000000711, -42.73105625617660763, 18.00000000000000355 ) ) ;
#2007 = VERTEX_POINT ( 'NONE', #1375 ) ;
#2008 = CARTESIAN_POINT ( 'NONE',  ( 12.37436867076456437, -1.500000000000000000, 42.07436867076459919 ) ) ;
#2009 = EDGE_LOOP ( 'NONE', ( #2066, #1307, #2420, #28 ) ) ;
#2010 = AXIS2_PLACEMENT_3D ( 'NONE', #1343, #1169, #2556 ) ;
#2011 = DIRECTION ( 'NONE',  ( 0.000000000000000000, 0.000000000000000000, -1.000000000000000000 ) ) ;
#2012 = CARTESIAN_POINT ( 'NONE',  ( -30.24999999999999289, 1.500000000000000000, 6.872071167036652106 ) ) ;
#2013 = ORIENTED_EDGE ( 'NONE', *, *, #1489, .T. ) ;
#2014 = DIRECTION ( 'NONE',  ( 1.000000000000000000, 0.000000000000000000, 0.000000000000000000 ) ) ;
#2015 = CIRCLE ( 'NONE', #755, 5.000000000000000000 ) ;
#2016 = CONICAL_SURFACE ( 'NONE', #2803, 4.700000000000002842, 0.7853981633974483900 ) ;
#2017 = ORIENTED_EDGE ( 'NONE', *, *, #1703, .T. ) ;
#2018 = PRODUCT ( 'Copy of Part7^motor plate', 'Copy of Part7^motor plate', '', ( #300 ) ) ;
#2019 = FACE_OUTER_BOUND ( 'NONE', #581, .T. ) ;
#2020 = VECTOR ( 'NONE', #163, 1000.000000000000000 ) ;
#2021 = VERTEX_POINT ( 'NONE', #447 ) ;
#2022 = EDGE_CURVE ( 'NONE', #2777, #2907, #918, .T. ) ;
#2023 = AXIS2_PLACEMENT_3D ( 'NONE', #2206, #1085, #1486 ) ;
#2024 = ORIENTED_EDGE ( 'NONE', *, *, #751, .F. ) ;
#2025 = DIRECTION ( 'NONE',  ( -0.000000000000000000, 1.000000000000000000, -0.000000000000000000 ) ) ;
#2026 = CARTESIAN_POINT ( 'NONE',  ( -30.00000000000000355, -1.500000000000000000, 16.00000000000000000 ) ) ;
#2027 = CIRCLE ( 'NONE', #2772, 13.00000000000000178 ) ;
#2028 = ORIENTED_EDGE ( 'NONE', *, *, #61, .T. ) ;
#2029 = AXIS2_PLACEMENT_3D ( 'NONE', #1663, #2534, #498 ) ;
#2030 = CARTESIAN_POINT ( 'NONE',  ( -25.00000000000000000, 1.500000000000000000, 55.00000000000000000 ) ) ;
#2031 = DIRECTION ( 'NONE',  ( -0.000000000000000000, 1.000000000000000000, -0.000000000000000000 ) ) ;
#2032 = CARTESIAN_POINT ( 'NONE',  ( 25.00000000000000000, 1.500000000000000000, 55.00000000000000000 ) ) ;
#2033 = ORIENTED_EDGE ( 'NONE', *, *, #2334, .F. ) ;
#2034 = VECTOR ( 'NONE', #674, 1000.000000000000000 ) ;
#2035 = EDGE_CURVE ( 'NONE', #1123, #2580, #2396, .T. ) ;
#2036 = ORIENTED_EDGE ( 'NONE', *, *, #2718, .T. ) ;
#2037 = EDGE_CURVE ( 'NONE', #1736, #2148, #2519, .T. ) ;
#2038 = DIRECTION ( 'NONE',  ( 0.000000000000000000, 0.000000000000000000, -1.000000000000000000 ) ) ;
#2039 = ORIENTED_EDGE ( 'NONE', *, *, #874, .F. ) ;
#2040 = CARTESIAN_POINT ( 'NONE',  ( 27.49999999999999645, -1.499999999999999556, 12.50000000000000355 ) ) ;
#2041 = ORIENTED_EDGE ( 'NONE', *, *, #834, .F. ) ;
#2042 = DIRECTION ( 'NONE',  ( 1.000000000000000000, 0.000000000000000000, -0.000000000000000000 ) ) ;
#2043 = DIRECTION ( 'NONE',  ( 0.000000000000000000, 0.000000000000000000, -1.000000000000000000 ) ) ;
#2044 = LINE ( 'NONE', #164, #264 ) ;
#2045 = DIRECTION ( 'NONE',  ( -0.000000000000000000, 1.000000000000000000, -0.000000000000000000 ) ) ;
#2046 = DIRECTION ( 'NONE',  ( -0.000000000000000000, 1.000000000000000000, -0.000000000000000000 ) ) ;
#2047 = ORIENTED_EDGE ( 'NONE', *, *, #2127, .F. ) ;
#2048 = UNCERTAINTY_MEASURE_WITH_UNIT (LENGTH_MEASURE( 1.000000000000000082E-05 ), #448, 'distance_accuracy_value', 'NONE');
#2049 = EDGE_CURVE ( 'NONE', #503, #2894, #1136, .T. ) ;
#2050 = EDGE_LOOP ( 'NONE', ( #2890, #1435, #68, #1020 ) ) ;
#2051 = EDGE_CURVE ( 'NONE', #2332, #1032, #1537, .T. ) ;
#2052 = CARTESIAN_POINT ( 'NONE',  ( -12.37436867076456615, 1.500000000000000000, 12.62563132923546405 ) ) ;
#2053 = DIRECTION ( 'NONE',  ( 0.000000000000000000, 0.000000000000000000, -1.000000000000000000 ) ) ;
#2054 = ORIENTED_EDGE ( 'NONE', *, *, #984, .T. ) ;
#2055 = LINE ( 'NONE', #2086, #2582 ) ;
#2056 = CARTESIAN_POINT ( 'NONE',  ( 27.49999999999999645, -8.500000000000000000, -13.75000000000000533 ) ) ;
#2057 = DIRECTION ( 'NONE',  ( -0.000000000000000000, -1.000000000000000000, -0.000000000000000000 ) ) ;
#2058 = VERTEX_POINT ( 'NONE', #32 ) ;
#2059 = DIRECTION ( 'NONE',  ( 0.000000000000000000, -1.000000000000000000, 0.000000000000000000 ) ) ;
#2060 = CARTESIAN_POINT ( 'NONE',  ( 27.00000000000000355, -1.500000000000000000, -21.99999999999999289 ) ) ;
#2061 = DIRECTION ( 'NONE',  ( 0.000000000000000000, 1.000000000000000000, -0.000000000000000000 ) ) ;
#2062 = ADVANCED_FACE ( 'NONE', ( #2094 ), #505, .F. ) ;
#2063 = VECTOR ( 'NONE', #2655, 1000.000000000000000 ) ;
#2064 = AXIS2_PLACEMENT_3D ( 'NONE', #1104, #2031, #1804 ) ;
#2065 = ORIENTED_EDGE ( 'NONE', *, *, #2037, .F. ) ;
#2066 = ORIENTED_EDGE ( 'NONE', *, *, #1596, .F. ) ;
#2067 = CIRCLE ( 'NONE', #1621, 4.999999999999997335 ) ;
#2068 = CARTESIAN_POINT ( 'NONE',  ( -19.99999999999997868, 1.500000000000000000, 1.131955512893109662E-31 ) ) ;
#2069 = DIRECTION ( 'NONE',  ( 0.000000000000000000, 0.000000000000000000, -1.000000000000000000 ) ) ;
#2070 = ORIENTED_EDGE ( 'NONE', *, *, #2638, .T. ) ;
#2071 = EDGE_CURVE ( 'NONE', #2414, #102, #2779, .T. ) ;
#2072 = VECTOR ( 'NONE', #2641, 1000.000000000000000 ) ;
#2073 = DIRECTION ( 'NONE',  ( -0.000000000000000000, -1.000000000000000000, -0.000000000000000000 ) ) ;
#2074 = EDGE_CURVE ( 'NONE', #1359, #287, #296, .T. ) ;
#2075 = CIRCLE ( 'NONE', #1291, 2.250000000000001776 ) ;
#2076 = CONICAL_SURFACE ( 'NONE', #766, 4.700000000000002842, 0.7853981633974483900 ) ;
#2077 = DIRECTION ( 'NONE',  ( -0.000000000000000000, -1.000000000000000000, -0.000000000000000000 ) ) ;
#2078 = CARTESIAN_POINT ( 'NONE',  ( 19.99999999999998579, -1.500000000000001332, -45.89999999999999858 ) ) ;
#2079 = VECTOR ( 'NONE', #2289, 1000.000000000000000 ) ;
#2080 = CIRCLE ( 'NONE', #1199, 2.000000000000001776 ) ;
#2081 = ORIENTED_EDGE ( 'NONE', *, *, #2483, .T. ) ;
#2082 = DIRECTION ( 'NONE',  ( 8.659560562354936556E-17, -0.7071067811865473507, 0.7071067811865477948 ) ) ;
#2083 = CARTESIAN_POINT ( 'NONE',  ( 12.37436867076456437, 1.500000000000000000, 37.37436867076459635 ) ) ;
#2084 = ORIENTED_EDGE ( 'NONE', *, *, #635, .F. ) ;
#2085 = CARTESIAN_POINT ( 'NONE',  ( -12.37436867076456437, -1.500000000000000000, 37.37436867076459635 ) ) ;
#2086 = CARTESIAN_POINT ( 'NONE',  ( -12.37436867076456437, -1.500000000000000000, 35.12436867076458924 ) ) ;
#2087 = CARTESIAN_POINT ( 'NONE',  ( -19.99999999999997868, -1.500000000000001332, 1.131955512893109662E-31 ) ) ;
#2088 = LINE ( 'NONE', #1637, #760 ) ;
#2089 = CARTESIAN_POINT ( 'NONE',  ( -19.99999999999998579, -198.5000000000000000, -45.89999999999999858 ) ) ;
#2090 = ADVANCED_FACE ( 'NONE', ( #1571 ), #1654, .F. ) ;
#2091 = CARTESIAN_POINT ( 'NONE',  ( 12.37436867076456259, -1.500000000000000000, 14.87563132923546938 ) ) ;
#2092 = CARTESIAN_POINT ( 'NONE',  ( 12.37436867076456437, 1.500000000000000000, -37.37436867076459635 ) ) ;
#2093 = ORIENTED_EDGE ( 'NONE', *, *, #2353, .T. ) ;
#2094 = FACE_OUTER_BOUND ( 'NONE', #457, .T. ) ;
#2095 = DIRECTION ( 'NONE',  ( 0.000000000000000000, 0.000000000000000000, -1.000000000000000000 ) ) ;
#2096 = VERTEX_POINT ( 'NONE', #2510 ) ;
#2097 = DIRECTION ( 'NONE',  ( -1.000000000000000000, 0.000000000000000000, 0.000000000000000000 ) ) ;
#2098 = DIRECTION ( 'NONE',  ( -0.000000000000000000, 1.000000000000000000, -0.000000000000000000 ) ) ;
#2099 = CYLINDRICAL_SURFACE ( 'NONE', #1146, 2.249999999999998668 ) ;
#2100 = CARTESIAN_POINT ( 'NONE',  ( -19.99999999999998579, 1.500000000000000000, -49.09999999999999432 ) ) ;
#2101 = CARTESIAN_POINT ( 'NONE',  ( 12.37436867076456259, 1.500000000000000000, 12.62563132923547116 ) ) ;
#2102 = EDGE_LOOP ( 'NONE', ( #2358, #343, #2936, #1951 ) ) ;
#2103 = DIRECTION ( 'NONE',  ( -0.000000000000000000, -1.000000000000000000, -0.000000000000000000 ) ) ;
#2104 = DIRECTION ( 'NONE',  ( -0.000000000000000000, -1.000000000000000000, -0.000000000000000000 ) ) ;
#2105 = ORIENTED_EDGE ( 'NONE', *, *, #1176, .T. ) ;
#2106 = CARTESIAN_POINT ( 'NONE',  ( 25.00000000000000000, -1.500000000000000000, 60.00000000000000000 ) ) ;
#2107 = AXIS2_PLACEMENT_3D ( 'NONE', #666, #422, #439 ) ;
#2108 = FACE_BOUND ( 'NONE', #416, .T. ) ;
#2109 = CARTESIAN_POINT ( 'NONE',  ( 12.37436867076456259, -1.500000000000000000, -7.925631329235470979 ) ) ;
#2110 = CARTESIAN_POINT ( 'NONE',  ( 19.99999999999997868, -1.500000000000001332, -1.600000000000001865 ) ) ;
#2111 = VECTOR ( 'NONE', #2886, 1000.000000000000000 ) ;
#2112 = EDGE_CURVE ( 'NONE', #1990, #886, #446, .T. ) ;
#2113 = AXIS2_PLACEMENT_3D ( 'NONE', #1578, #743, #1656 ) ;
#2114 = DIRECTION ( 'NONE',  ( -0.000000000000000000, -1.000000000000000000, -0.000000000000000000 ) ) ;
#2115 = CIRCLE ( 'NONE', #1432, 5.000000000000000888 ) ;
#2116 = AXIS2_PLACEMENT_3D ( 'NONE', #842, #629, #1751 ) ;
#2117 = DIRECTION ( 'NONE',  ( 0.000000000000000000, 1.000000000000000000, -0.000000000000000000 ) ) ;
#2118 = ORIENTED_EDGE ( 'NONE', *, *, #2909, .F. ) ;
#2119 = VECTOR ( 'NONE', #1346, 1000.000000000000000 ) ;
#2120 = VECTOR ( 'NONE', #2014, 1000.000000000000000 ) ;
#2121 = ORIENTED_EDGE ( 'NONE', *, *, #1920, .T. ) ;
#2122 = ORIENTED_EDGE ( 'NONE', *, *, #1518, .F. ) ;
#2123 = EDGE_CURVE ( 'NONE', #2212, #53, #1364, .T. ) ;
#2124 = ADVANCED_FACE ( 'NONE', ( #1374 ), #2268, .F. ) ;
#2125 = EDGE_CURVE ( 'NONE', #1788, #1028, #282, .T. ) ;
#2126 = AXIS2_PLACEMENT_3D ( 'NONE', #1591, #658, #2278 ) ;
#2127 = EDGE_CURVE ( 'NONE', #1744, #1458, #652, .T. ) ;
#2128 =( NAMED_UNIT ( * ) SI_UNIT ( $, .STERADIAN. ) SOLID_ANGLE_UNIT ( ) );
#2129 = ADVANCED_FACE ( 'NONE', ( #2921 ), #1279, .F. ) ;
#2130 = ORIENTED_EDGE ( 'NONE', *, *, #2569, .T. ) ;
#2131 = DIRECTION ( 'NONE',  ( 0.000000000000000000, 0.000000000000000000, 1.000000000000000000 ) ) ;
#2132 = CARTESIAN_POINT ( 'NONE',  ( -30.00000000000000355, 1.500000000000000000, 16.00000000000000000 ) ) ;
#2133 = CARTESIAN_POINT ( 'NONE',  ( -12.37436867076456615, -1.500000000000000000, 17.32563132923546334 ) ) ;
#2134 = ORIENTED_EDGE ( 'NONE', *, *, #2381, .T. ) ;
#2135 = CARTESIAN_POINT ( 'NONE',  ( -12.37436867076456437, -1.500000000000000000, 37.37436867076459635 ) ) ;
#2136 = LINE ( 'NONE', #1391, #136 ) ;
#2137 = DIRECTION ( 'NONE',  ( 0.000000000000000000, 0.000000000000000000, -1.000000000000000000 ) ) ;
#2138 = VERTEX_POINT ( 'NONE', #869 ) ;
#2139 = ORIENTED_EDGE ( 'NONE', *, *, #2325, .F. ) ;
#2140 = EDGE_CURVE ( 'NONE', #876, #1522, #1583, .T. ) ;
#2141 = EDGE_CURVE ( 'NONE', #1592, #536, #2215, .T. ) ;
#2142 = CARTESIAN_POINT ( 'NONE',  ( 12.37436867076456259, -1.500000000000000000, 17.32563132923547045 ) ) ;
#2143 = EDGE_LOOP ( 'NONE', ( #1277, #1095 ) ) ;
#2144 = DIRECTION ( 'NONE',  ( -0.000000000000000000, -1.000000000000000000, -0.000000000000000000 ) ) ;
#2145 = DIRECTION ( 'NONE',  ( -0.000000000000000000, -1.000000000000000000, -0.000000000000000000 ) ) ;
#2146 = CARTESIAN_POINT ( 'NONE',  ( -30.00000000000000355, -1.500000000000000000, 21.00000000000000000 ) ) ;
#2147 = DIRECTION ( 'NONE',  ( -0.000000000000000000, -1.000000000000000000, -0.000000000000000000 ) ) ;
#2148 = VERTEX_POINT ( 'NONE', #1317 ) ;
#2149 = EDGE_CURVE ( 'NONE', #1977, #2675, #431, .T. ) ;
#2150 = ORIENTED_EDGE ( 'NONE', *, *, #97, .F. ) ;
#2151 = EDGE_CURVE ( 'NONE', #436, #637, #2223, .T. ) ;
#2152 = VERTEX_POINT ( 'NONE', #199 ) ;
#2153 = DIRECTION ( 'NONE',  ( -0.000000000000000000, -1.000000000000000000, -0.000000000000000000 ) ) ;
#2154 = AXIS2_PLACEMENT_3D ( 'NONE', #785, #2619, #1696 ) ;
#2155 = ORIENTED_EDGE ( 'NONE', *, *, #303, .F. ) ;
#2156 = AXIS2_PLACEMENT_3D ( 'NONE', #198, #2502, #1315 ) ;
#2157 = DIRECTION ( 'NONE',  ( -0.000000000000000000, 1.000000000000000000, -0.000000000000000000 ) ) ;
#2158 = ORIENTED_EDGE ( 'NONE', *, *, #2492, .F. ) ;
#2159 = AXIS2_PLACEMENT_3D ( 'NONE', #1209, #62, #1058 ) ;
#2160 = ADVANCED_FACE ( 'NONE', ( #2657 ), #384, .F. ) ;
#2161 = CIRCLE ( 'NONE', #1625, 13.00000000000000178 ) ;
#2162 = CARTESIAN_POINT ( 'NONE',  ( 0.000000000000000000, -1.500000000000000000, 25.00000000000000000 ) ) ;
#2163 = LINE ( 'NONE', #1008, #2761 ) ;
#2164 = ORIENTED_EDGE ( 'NONE', *, *, #501, .T. ) ;
#2165 = EDGE_CURVE ( 'NONE', #400, #2373, #1737, .T. ) ;
#2166 = CIRCLE ( 'NONE', #2809, 4.999999999999997335 ) ;
#2167 = EDGE_CURVE ( 'NONE', #1592, #1811, #2233, .T. ) ;
#2168 =( GEOMETRIC_REPRESENTATION_CONTEXT ( 3 ) GLOBAL_UNCERTAINTY_ASSIGNED_CONTEXT ( ( #2048 ) ) GLOBAL_UNIT_ASSIGNED_CONTEXT ( ( #448, #1419, #2128 ) ) REPRESENTATION_CONTEXT ( 'NONE', 'WORKASPACE' ) );
#2169 = ORIENTED_EDGE ( 'NONE', *, *, #2444, .F. ) ;
#2170 = CIRCLE ( 'NONE', #1577, 4.699999999999999289 ) ;
#2171 = ORIENTED_EDGE ( 'NONE', *, *, #607, .T. ) ;
#2172 = AXIS2_PLACEMENT_3D ( 'NONE', #1752, #1069, #1321 ) ;
#2173 = VERTEX_POINT ( 'NONE', #1783 ) ;
#2174 = FACE_BOUND ( 'NONE', #171, .T. ) ;
#2175 = CIRCLE ( 'NONE', #2309, 1.600000000000001865 ) ;
#2176 = ORIENTED_EDGE ( 'NONE', *, *, #1218, .F. ) ;
#2177 = DIRECTION ( 'NONE',  ( -0.000000000000000000, 1.000000000000000000, -0.000000000000000000 ) ) ;
#2178 = DIRECTION ( 'NONE',  ( -1.000000000000000000, 0.000000000000000000, -0.000000000000000000 ) ) ;
#2179 = ORIENTED_EDGE ( 'NONE', *, *, #1402, .F. ) ;
#2180 = DIRECTION ( 'NONE',  ( 0.000000000000000000, 0.000000000000000000, -1.000000000000000000 ) ) ;
#2181 = ADVANCED_FACE ( 'NONE', ( #2478 ), #83, .F. ) ;
#2182 = DIRECTION ( 'NONE',  ( 2.081668171172169697E-15, 0.000000000000000000, -1.000000000000000000 ) ) ;
#2183 = CARTESIAN_POINT ( 'NONE',  ( 0.000000000000000000, 1.500000000000000000, -25.00000000000000000 ) ) ;
#2184 = ORIENTED_EDGE ( 'NONE', *, *, #1358, .T. ) ;
#2185 = VERTEX_POINT ( 'NONE', #1525 ) ;
#2186 = VERTEX_POINT ( 'NONE', #827 ) ;
#2187 = ORIENTED_EDGE ( 'NONE', *, *, #1190, .T. ) ;
#2188 = CYLINDRICAL_SURFACE ( 'NONE', #1389, 1.250000000000001110 ) ;
#2189 = DIRECTION ( 'NONE',  ( -0.000000000000000000, 1.000000000000000000, -0.000000000000000000 ) ) ;
#2190 = DIRECTION ( 'NONE',  ( 0.000000000000000000, 1.000000000000000000, 0.000000000000000000 ) ) ;
#2191 = DIRECTION ( 'NONE',  ( 0.000000000000000000, 0.000000000000000000, -1.000000000000000000 ) ) ;
#2192 = ORIENTED_EDGE ( 'NONE', *, *, #228, .F. ) ;
#2193 = ORIENTED_EDGE ( 'NONE', *, *, #546, .T. ) ;
#2194 = LINE ( 'NONE', #146, #1816 ) ;
#2195 = LINE ( 'NONE', #820, #2072 ) ;
#2196 = CARTESIAN_POINT ( 'NONE',  ( -25.00000000000000000, 1.500000000000000000, 60.00000000000000000 ) ) ;
#2197 = EDGE_LOOP ( 'NONE', ( #105, #2460, #433, #2737 ) ) ;
#2198 = VERTEX_POINT ( 'NONE', #2645 ) ;
#2199 = FACE_BOUND ( 'NONE', #475, .T. ) ;
#2200 = EDGE_LOOP ( 'NONE', ( #1070, #1987, #2243, #1887 ) ) ;
#2201 = CARTESIAN_POINT ( 'NONE',  ( 8.908387170517826803, -1.300036412054896617, -15.52362410109041946 ) ) ;
#2202 = CARTESIAN_POINT ( 'NONE',  ( -19.99999999999998579, -198.5000000000000000, 47.49999999999999289 ) ) ;
#2203 = VERTEX_POINT ( 'NONE', #597 ) ;
#2204 = DIRECTION ( 'NONE',  ( 0.000000000000000000, 0.000000000000000000, -1.000000000000000000 ) ) ;
#2205 = AXIS2_PLACEMENT_3D ( 'NONE', #1989, #2147, #821 ) ;
#2206 = CARTESIAN_POINT ( 'NONE',  ( -12.37436867076456615, 0.9500000000000002887, 12.62563132923546405 ) ) ;
#2207 = DIRECTION ( 'NONE',  ( 0.000000000000000000, 1.000000000000000000, 0.000000000000000000 ) ) ;
#2208 = CIRCLE ( 'NONE', #906, 13.00000000000000178 ) ;
#2209 = EDGE_LOOP ( 'NONE', ( #553, #110, #759, #2837 ) ) ;
#2210 = DIRECTION ( 'NONE',  ( -0.000000000000000000, -1.000000000000000000, -0.000000000000000000 ) ) ;
#2211 = DIRECTION ( 'NONE',  ( -0.000000000000000000, -1.000000000000000000, -0.000000000000000000 ) ) ;
#2212 = VERTEX_POINT ( 'NONE', #2441 ) ;
#2213 = AXIS2_PLACEMENT_3D ( 'NONE', #1457, #2359, #1985 ) ;
#2214 = CARTESIAN_POINT ( 'NONE',  ( 30.50000000000000711, 1.500000000000001332, 18.00000000000000355 ) ) ;
#2215 = LINE ( 'NONE', #2241, #1921 ) ;
#2216 = ORIENTED_EDGE ( 'NONE', *, *, #2125, .F. ) ;
#2217 = VECTOR ( 'NONE', #522, 1000.000000000000000 ) ;
#2218 = CIRCLE ( 'NONE', #631, 4.699999999999999289 ) ;
#2219 = AXIS2_PLACEMENT_3D ( 'NONE', #1856, #45, #713 ) ;
#2220 = EDGE_CURVE ( 'NONE', #2894, #2292, #2975, .T. ) ;
#2221 = DIRECTION ( 'NONE',  ( -1.000000000000000000, 0.000000000000000000, -0.000000000000000000 ) ) ;
#2222 = EDGE_CURVE ( 'NONE', #645, #1719, #2351, .T. ) ;
#2223 = CIRCLE ( 'NONE', #625, 4.699999999999999289 ) ;
#2224 = ORIENTED_EDGE ( 'NONE', *, *, #856, .T. ) ;
#2225 = AXIS2_PLACEMENT_3D ( 'NONE', #2285, #615, #1310 ) ;
#2226 = DIRECTION ( 'NONE',  ( -0.000000000000000000, -1.000000000000000000, 0.000000000000000000 ) ) ;
#2227 = DIRECTION ( 'NONE',  ( -0.000000000000000000, -1.000000000000000000, -0.000000000000000000 ) ) ;
#2228 = AXIS2_PLACEMENT_3D ( 'NONE', #2337, #313, #1900 ) ;
#2229 = ORIENTED_EDGE ( 'NONE', *, *, #2464, .T. ) ;
#2230 = DIRECTION ( 'NONE',  ( 0.000000000000000000, 0.000000000000000000, -1.000000000000000000 ) ) ;
#2231 = CYLINDRICAL_SURFACE ( 'NONE', #1567, 4.999999999999997335 ) ;
#2232 = VERTEX_POINT ( 'NONE', #1992 ) ;
#2233 = LINE ( 'NONE', #641, #2120 ) ;
#2234 = CARTESIAN_POINT ( 'NONE',  ( 8.620911329698436987, -1.372968972341202187, -15.26223365697645207 ) ) ;
#2235 = ORIENTED_EDGE ( 'NONE', *, *, #2290, .F. ) ;
#2236 = CARTESIAN_POINT ( 'NONE',  ( 32.50000000000000711, 1.500000000000000000, -20.00000000000000000 ) ) ;
#2237 = VERTEX_POINT ( 'NONE', #2004 ) ;
#2238 = DIRECTION ( 'NONE',  ( 0.000000000000000000, 0.000000000000000000, -1.000000000000000000 ) ) ;
#2239 = CARTESIAN_POINT ( 'NONE',  ( 20.00000000000000000, 1.500000000000000000, 55.00000000000000000 ) ) ;
#2240 = VERTEX_POINT ( 'NONE', #1107 ) ;
#2241 = CARTESIAN_POINT ( 'NONE',  ( 27.00000000000000355, -42.73105625617660763, 20.00000000000000000 ) ) ;
#2242 = EDGE_CURVE ( 'NONE', #2626, #1592, #2681, .T. ) ;
#2243 = ORIENTED_EDGE ( 'NONE', *, *, #664, .T. ) ;
#2244 = DIRECTION ( 'NONE',  ( -0.000000000000000000, 1.000000000000000000, -0.000000000000000000 ) ) ;
#2245 = VERTEX_POINT ( 'NONE', #2032 ) ;
#2246 = VERTEX_POINT ( 'NONE', #1762 ) ;
#2247 = FACE_OUTER_BOUND ( 'NONE', #1496, .T. ) ;
#2248 = FACE_OUTER_BOUND ( 'NONE', #1559, .T. ) ;
#2249 = AXIS2_PLACEMENT_3D ( 'NONE', #1685, #1462, #310 ) ;
#2250 = EDGE_LOOP ( 'NONE', ( #2412, #1316 ) ) ;
#2251 = CARTESIAN_POINT ( 'NONE',  ( -19.99999999999998579, -1.500000000000001332, 47.49999999999999289 ) ) ;
#2252 = CARTESIAN_POINT ( 'NONE',  ( 0.000000000000000000, -1.500000000000000000, 38.00000000000000711 ) ) ;
#2253 = EDGE_CURVE ( 'NONE', #366, #2838, #2674, .T. ) ;
#2254 = EDGE_CURVE ( 'NONE', #2414, #1545, #1296, .T. ) ;
#2255 = DIRECTION ( 'NONE',  ( 0.000000000000000000, 0.000000000000000000, -1.000000000000000000 ) ) ;
#2256 = AXIS2_PLACEMENT_3D ( 'NONE', #1468, #2599, #2178 ) ;
#2257 = ORIENTED_EDGE ( 'NONE', *, *, #1528, .F. ) ;
#2258 = CIRCLE ( 'NONE', #808, 13.00000000000000178 ) ;
#2259 = ORIENTED_EDGE ( 'NONE', *, *, #1054, .F. ) ;
#2260 = AXIS2_PLACEMENT_3D ( 'NONE', #638, #1552, #1759 ) ;
#2261 = DIRECTION ( 'NONE',  ( 0.000000000000000000, 0.000000000000000000, -1.000000000000000000 ) ) ;
#2262 = ORIENTED_EDGE ( 'NONE', *, *, #2765, .T. ) ;
#2263 = CIRCLE ( 'NONE', #1576, 4.700000000000002842 ) ;
#2264 = ORIENTED_EDGE ( 'NONE', *, *, #2540, .T. ) ;
#2265 = CARTESIAN_POINT ( 'NONE',  ( 19.99999999999999645, 1.500000000000000000, -60.00000000000000000 ) ) ;
#2266 = CIRCLE ( 'NONE', #133, 2.250000000000001776 ) ;
#2267 = DIRECTION ( 'NONE',  ( 0.000000000000000000, 0.000000000000000000, -1.000000000000000000 ) ) ;
#2268 = CONICAL_SURFACE ( 'NONE', #673, 4.700000000000002842, 0.7853981633974481680 ) ;
#2269 = CYLINDRICAL_SURFACE ( 'NONE', #2156, 2.150000000000000799 ) ;
#2270 = AXIS2_PLACEMENT_3D ( 'NONE', #2040, #2943, #1631 ) ;
#2271 = CARTESIAN_POINT ( 'NONE',  ( 12.37436867076456259, -1.500000000000000000, -12.62563132923547116 ) ) ;
#2272 = ADVANCED_FACE ( 'NONE', ( #2910 ), #2953, .F. ) ;
#2273 = EDGE_LOOP ( 'NONE', ( #2033, #1729, #1643, #745 ) ) ;
#2274 = CARTESIAN_POINT ( 'NONE',  ( -39.99999999999999289, -1.500000000000000000, -16.00000000000000000 ) ) ;
#2275 = PLANE ( 'NONE',  #2394 ) ;
#2276 = EDGE_LOOP ( 'NONE', ( #1488, #626, #2003, #804, #2632, #2093 ) ) ;
#2277 = CARTESIAN_POINT ( 'NONE',  ( 22.50000000000000355, -42.73105625617660763, 20.00000000000000000 ) ) ;
#2278 = DIRECTION ( 'NONE',  ( 0.000000000000000000, 0.000000000000000000, -1.000000000000000000 ) ) ;
#2279 = EDGE_LOOP ( 'NONE', ( #2873, #1207 ) ) ;
#2280 = ADVANCED_FACE ( 'NONE', ( #2663 ), #1083, .T. ) ;
#2281 = EDGE_CURVE ( 'NONE', #1123, #495, #2500, .T. ) ;
#2282 = DIRECTION ( 'NONE',  ( 0.000000000000000000, 0.000000000000000000, 1.000000000000000000 ) ) ;
#2283 = ADVANCED_FACE ( 'NONE', ( #2834 ), #1476, .F. ) ;
#2284 = DIRECTION ( 'NONE',  ( -0.000000000000000000, 1.000000000000000000, -0.000000000000000000 ) ) ;
#2285 = CARTESIAN_POINT ( 'NONE',  ( 12.37436867076456259, -1.500000000000000000, 12.62563132923547116 ) ) ;
#2286 = ORIENTED_EDGE ( 'NONE', *, *, #2922, .T. ) ;
#2287 = ORIENTED_EDGE ( 'NONE', *, *, #2569, .F. ) ;
#2288 = EDGE_LOOP ( 'NONE', ( #1815, #1074, #2184, #1898, #206, #149, #2602, #1094, #1777, #655, #2424, #935, #1676, #2139, #997, #746, #1755, #2315 ) ) ;
#2289 = DIRECTION ( 'NONE',  ( -0.000000000000000000, -1.000000000000000000, -0.000000000000000000 ) ) ;
#2290 = EDGE_CURVE ( 'NONE', #1406, #2232, #727, .T. ) ;
#2291 = DIRECTION ( 'NONE',  ( 0.000000000000000000, 0.000000000000000000, -1.000000000000000000 ) ) ;
#2292 = VERTEX_POINT ( 'NONE', #512 ) ;
#2293 = DIRECTION ( 'NONE',  ( -0.000000000000000000, 1.000000000000000000, -0.000000000000000000 ) ) ;
#2294 = DIRECTION ( 'NONE',  ( 0.000000000000000000, 0.000000000000000000, -1.000000000000000000 ) ) ;
#2295 = CYLINDRICAL_SURFACE ( 'NONE', #2297, 2.250000000000001776 ) ;
#2296 = CARTESIAN_POINT ( 'NONE',  ( -39.99999999999999289, -1.500000000000000000, 11.00000000000000000 ) ) ;
#2297 = AXIS2_PLACEMENT_3D ( 'NONE', #1368, #2114, #277 ) ;
#2298 = CIRCLE ( 'NONE', #266, 2.150000000000000799 ) ;
#2299 = DIRECTION ( 'NONE',  ( 0.000000000000000000, 0.000000000000000000, -1.000000000000000000 ) ) ;
#2300 = CARTESIAN_POINT ( 'NONE',  ( -12.37436867076456437, -1.500000000000000000, 37.37436867076459635 ) ) ;
#2301 = LINE ( 'NONE', #1366, #630 ) ;
#2302 = VECTOR ( 'NONE', #1733, 1000.000000000000000 ) ;
#2303 = EDGE_CURVE ( 'NONE', #2777, #1497, #2136, .T. ) ;
#2304 = CARTESIAN_POINT ( 'NONE',  ( 0.000000000000000000, -1.500000000000000000, 25.00000000000000000 ) ) ;
#2305 = VECTOR ( 'NONE', #1589, 1000.000000000000000 ) ;
#2306 = CARTESIAN_POINT ( 'NONE',  ( -12.37436867076456615, 0.9500000000000002887, 12.62563132923546405 ) ) ;
#2307 = DIRECTION ( 'NONE',  ( -0.000000000000000000, 0.000000000000000000, 1.000000000000000000 ) ) ;
#2308 = ORIENTED_EDGE ( 'NONE', *, *, #1483, .F. ) ;
#2309 = AXIS2_PLACEMENT_3D ( 'NONE', #947, #1399, #1635 ) ;
#2310 = ORIENTED_EDGE ( 'NONE', *, *, #1082, .T. ) ;
#2311 = DIRECTION ( 'NONE',  ( 0.000000000000000000, -1.000000000000000000, 0.000000000000000000 ) ) ;
#2312 = CARTESIAN_POINT ( 'NONE',  ( -44.99999999999999289, -1.500000000000000000, 0.000000000000000000 ) ) ;
#2313 = CARTESIAN_POINT ( 'NONE',  ( 12.37436867076456259, -1.500000000000000000, 7.925631329235470979 ) ) ;
#2314 = ORIENTED_EDGE ( 'NONE', *, *, #2909, .T. ) ;
#2315 = ORIENTED_EDGE ( 'NONE', *, *, #1893, .F. ) ;
#2316 = DIRECTION ( 'NONE',  ( -0.000000000000000000, 1.000000000000000000, -0.000000000000000000 ) ) ;
#2317 = DIRECTION ( 'NONE',  ( 0.000000000000000000, 0.000000000000000000, -1.000000000000000000 ) ) ;
#2318 = CARTESIAN_POINT ( 'NONE',  ( 12.37436867076456437, -1.500000000000000000, -37.37436867076459635 ) ) ;
#2319 = ADVANCED_FACE ( 'NONE', ( #1641 ), #1431, .T. ) ;
#2320 = ORIENTED_EDGE ( 'NONE', *, *, #2559, .T. ) ;
#2321 = CARTESIAN_POINT ( 'NONE',  ( -9.981075724962106932, -1.500000000000000000, 16.67064664139093111 ) ) ;
#2322 = CARTESIAN_POINT ( 'NONE',  ( -44.99999999999999289, -1.500000000000000000, -11.00000000000000000 ) ) ;
#2323 = DIRECTION ( 'NONE',  ( 0.000000000000000000, -1.000000000000000000, 0.000000000000000000 ) ) ;
#2324 = DIRECTION ( 'NONE',  ( -0.000000000000000000, 1.000000000000000000, -0.000000000000000000 ) ) ;
#2325 = EDGE_CURVE ( 'NONE', #1124, #858, #2774, .T. ) ;
#2326 = LINE ( 'NONE', #2342, #312 ) ;
#2327 = CYLINDRICAL_SURFACE ( 'NONE', #1767, 2.150000000000000799 ) ;
#2328 = ADVANCED_FACE ( 'NONE', ( #2898 ), #846, .F. ) ;
#2329 = ORIENTED_EDGE ( 'NONE', *, *, #459, .F. ) ;
#2330 = EDGE_CURVE ( 'NONE', #1041, #1808, #1237, .T. ) ;
#2331 = AXIS2_PLACEMENT_3D ( 'NONE', #1266, #2850, #1715 ) ;
#2332 = VERTEX_POINT ( 'NONE', #521 ) ;
#2333 = ORIENTED_EDGE ( 'NONE', *, *, #734, .T. ) ;
#2334 = EDGE_CURVE ( 'NONE', #2552, #1339, #735, .T. ) ;
#2335 = AXIS2_PLACEMENT_3D ( 'NONE', #487, #50, #2317 ) ;
#2336 = ORIENTED_EDGE ( 'NONE', *, *, #2141, .F. ) ;
#2337 = CARTESIAN_POINT ( 'NONE',  ( 0.000000000000000000, 0.000000000000000000, 0.000000000000000000 ) ) ;
#2338 = AXIS2_PLACEMENT_3D ( 'NONE', #552, #292, #360 ) ;
#2339 = B_SPLINE_CURVE_WITH_KNOTS ( 'NONE', 3,
 ( #1335, #2450, #412, #2201, #2234, #188 ),
 .UNSPECIFIED., .F., .F.,
 ( 4, 2, 4 ),
 ( 6.224426168039804534E-07, 0.001187034362935338906, 0.002373446283253873891 ),
 .UNSPECIFIED. ) ;
#2340 = CIRCLE ( 'NONE', #2385, 2.250000000000001776 ) ;
#2341 = ORIENTED_EDGE ( 'NONE', *, *, #734, .F. ) ;
#2342 = CARTESIAN_POINT ( 'NONE',  ( -20.00000000000000000, 1.500000000000000000, 60.00000000000000000 ) ) ;
#2343 = VERTEX_POINT ( 'NONE', #1170 ) ;
#2344 = AXIS2_PLACEMENT_3D ( 'NONE', #2304, #2522, #465 ) ;
#2345 = AXIS2_PLACEMENT_3D ( 'NONE', #2378, #2153, #1924 ) ;
#2346 = CARTESIAN_POINT ( 'NONE',  ( 12.37436867076456437, -1.500000000000000000, -35.12436867076458924 ) ) ;
#2347 = DIRECTION ( 'NONE',  ( 0.000000000000000000, 0.000000000000000000, 1.000000000000000000 ) ) ;
#2348 = LINE ( 'NONE', #347, #2919 ) ;
#2349 = ORIENTED_EDGE ( 'NONE', *, *, #1425, .T. ) ;
#2350 = DIRECTION ( 'NONE',  ( -0.000000000000000000, -1.000000000000000000, -0.000000000000000000 ) ) ;
#2351 = CIRCLE ( 'NONE', #1347, 1.250000000000001110 ) ;
#2352 = EDGE_CURVE ( 'NONE', #2594, #2148, #192, .T. ) ;
#2353 = EDGE_CURVE ( 'NONE', #1450, #102, #333, .T. ) ;
#2354 = AXIS2_PLACEMENT_3D ( 'NONE', #678, #1797, #2709 ) ;
#2355 = EDGE_LOOP ( 'NONE', ( #2024, #1056, #527, #550 ) ) ;
#2356 = ORIENTED_EDGE ( 'NONE', *, *, #2694, .F. ) ;
#2357 = AXIS2_PLACEMENT_3D ( 'NONE', #1154, #250, #1365 ) ;
#2358 = ORIENTED_EDGE ( 'NONE', *, *, #984, .F. ) ;
#2359 = DIRECTION ( 'NONE',  ( -0.000000000000000000, 1.000000000000000000, -0.000000000000000000 ) ) ;
#2360 = EDGE_CURVE ( 'NONE', #2521, #391, #195, .T. ) ;
#2361 = CARTESIAN_POINT ( 'NONE',  ( 30.50000000000000711, -42.73105625617660763, -18.00000000000000355 ) ) ;
#2362 = ORIENTED_EDGE ( 'NONE', *, *, #1079, .T. ) ;
#2363 = DIRECTION ( 'NONE',  ( -0.000000000000000000, -1.000000000000000000, -0.000000000000000000 ) ) ;
#2364 = VERTEX_POINT ( 'NONE', #1961 ) ;
#2365 = ORIENTED_EDGE ( 'NONE', *, *, #888, .F. ) ;
#2366 = FACE_BOUND ( 'NONE', #2288, .T. ) ;
#2367 = EDGE_CURVE ( 'NONE', #1679, #985, #1782, .T. ) ;
#2368 = EDGE_LOOP ( 'NONE', ( #1674, #183, #839, #2314 ) ) ;
#2369 = DIRECTION ( 'NONE',  ( -0.000000000000000000, -1.000000000000000000, -0.000000000000000000 ) ) ;
#2370 = DIRECTION ( 'NONE',  ( 8.659560562354934091E-17, -0.7071067811865474617, 0.7071067811865475727 ) ) ;
#2371 = DIRECTION ( 'NONE',  ( 0.000000000000000000, -1.000000000000000000, 0.000000000000000000 ) ) ;
#2372 = DIRECTION ( 'NONE',  ( -0.000000000000000000, -1.000000000000000000, -0.000000000000000000 ) ) ;
#2373 = VERTEX_POINT ( 'NONE', #358 ) ;
#2374 = CARTESIAN_POINT ( 'NONE',  ( 25.00000000000000000, 1.500000000000000000, 60.00000000000000000 ) ) ;
#2375 = ORIENTED_EDGE ( 'NONE', *, *, #888, .T. ) ;
#2376 = VECTOR ( 'NONE', #348, 1000.000000000000000 ) ;
#2377 = EDGE_LOOP ( 'NONE', ( #2028, #2944, #2806, #1768 ) ) ;
#2378 = CARTESIAN_POINT ( 'NONE',  ( 12.37436867076456259, -1.500000000000000000, 12.62563132923547116 ) ) ;
#2379 = AXIS2_PLACEMENT_3D ( 'NONE', #1734, #365, #595 ) ;
#2380 = ORIENTED_EDGE ( 'NONE', *, *, #2290, .T. ) ;
#2381 = EDGE_CURVE ( 'NONE', #270, #2801, #1327, .T. ) ;
#2382 = ADVANCED_FACE ( 'NONE', ( #1308 ), #158, .F. ) ;
#2383 = CYLINDRICAL_SURFACE ( 'NONE', #1048, 13.00000000000000533 ) ;
#2384 = EDGE_LOOP ( 'NONE', ( #74, #1717, #1156, #851 ) ) ;
#2385 = AXIS2_PLACEMENT_3D ( 'NONE', #1622, #949, #1120 ) ;
#2386 = DIRECTION ( 'NONE',  ( 0.000000000000000000, 0.000000000000000000, -1.000000000000000000 ) ) ;
#2387 = CARTESIAN_POINT ( 'NONE',  ( -12.37436867076456615, -1.500000000000000000, 10.37563132923546583 ) ) ;
#2388 = FACE_OUTER_BOUND ( 'NONE', #443, .T. ) ;
#2389 = ORIENTED_EDGE ( 'NONE', *, *, #1283, .F. ) ;
#2390 = CARTESIAN_POINT ( 'NONE',  ( -9.737766343023560367, -1.372968972341206184, -16.37908867030157367 ) ) ;
#2391 = VECTOR ( 'NONE', #14, 1000.000000000000000 ) ;
#2392 = CARTESIAN_POINT ( 'NONE',  ( 19.99999999999998579, 1.500000000000000000, 49.09999999999999432 ) ) ;
#2393 = ORIENTED_EDGE ( 'NONE', *, *, #2167, .T. ) ;
#2394 = AXIS2_PLACEMENT_3D ( 'NONE', #2680, #1769, #899 ) ;
#2395 = AXIS2_PLACEMENT_3D ( 'NONE', #624, #407, #1974 ) ;
#2396 = B_SPLINE_CURVE_WITH_KNOTS ( 'NONE', 3,
 ( #958, #1407, #1165, #259, #697, #2321 ),
 .UNSPECIFIED., .F., .F.,
 ( 4, 2, 4 ),
 ( 6.224426168026813167E-07, 0.001187034362935313319, 0.002373446283253820115 ),
 .UNSPECIFIED. ) ;
#2397 = CARTESIAN_POINT ( 'NONE',  ( 12.37436867076456437, 0.9500000000000002887, 37.37436867076459635 ) ) ;
#2398 = FACE_OUTER_BOUND ( 'NONE', #2377, .T. ) ;
#2399 = CARTESIAN_POINT ( 'NONE',  ( -12.37436867076456437, -1.500000000000000000, -37.37436867076459635 ) ) ;
#2400 = FACE_OUTER_BOUND ( 'NONE', #349, .T. ) ;
#2401 = ORIENTED_EDGE ( 'NONE', *, *, #531, .T. ) ;
#2402 = ORIENTED_EDGE ( 'NONE', *, *, #871, .F. ) ;
#2403 = CARTESIAN_POINT ( 'NONE',  ( -12.37436867076456437, 1.500000000000000000, 37.37436867076459635 ) ) ;
#2404 = CARTESIAN_POINT ( 'NONE',  ( 19.99999999999998579, 1.500000000000000000, -49.09999999999999432 ) ) ;
#2405 = LINE ( 'NONE', #66, #2376 ) ;
#2406 = EDGE_LOOP ( 'NONE', ( #685, #1178, #596, #1456 ) ) ;
#2407 = CARTESIAN_POINT ( 'NONE',  ( -9.476375898909596529, -1.300036412054902168, -16.09161282948218741 ) ) ;
#2408 = ADVANCED_FACE ( 'NONE', ( #2933 ), #2698, .T. ) ;
#2409 = DIRECTION ( 'NONE',  ( -0.000000000000000000, -1.000000000000000000, -0.000000000000000000 ) ) ;
#2410 = FACE_BOUND ( 'NONE', #1953, .T. ) ;
#2411 = VERTEX_POINT ( 'NONE', #2109 ) ;
#2412 = ORIENTED_EDGE ( 'NONE', *, *, #1669, .F. ) ;
#2413 = EDGE_CURVE ( 'NONE', #575, #2185, #1110, .T. ) ;
#2414 = VERTEX_POINT ( 'NONE', #1378 ) ;
#2415 = DIRECTION ( 'NONE',  ( -0.000000000000000000, -1.000000000000000000, -0.000000000000000000 ) ) ;
#2416 = ORIENTED_EDGE ( 'NONE', *, *, #1072, .T. ) ;
#2417 = CARTESIAN_POINT ( 'NONE',  ( -9.737744605602003389, -1.372957623305000485, -33.62093737768093860 ) ) ;
#2418 = DIRECTION ( 'NONE',  ( 0.000000000000000000, -1.000000000000000000, 0.000000000000000000 ) ) ;
#2419 = DIRECTION ( 'NONE',  ( 0.000000000000000000, -1.000000000000000000, 0.000000000000000000 ) ) ;
#2420 = ORIENTED_EDGE ( 'NONE', *, *, #1799, .T. ) ;
#2421 = DIRECTION ( 'NONE',  ( 0.000000000000000000, 0.000000000000000000, 1.000000000000000000 ) ) ;
#2422 = LINE ( 'NONE', #2476, #2302 ) ;
#2423 = CARTESIAN_POINT ( 'NONE',  ( -19.99999999999997868, -1.500000000000001332, 1.600000000000001865 ) ) ;
#2424 = ORIENTED_EDGE ( 'NONE', *, *, #2330, .T. ) ;
#2425 = DIRECTION ( 'NONE',  ( 0.000000000000000000, -1.000000000000000000, 0.000000000000000000 ) ) ;
#2426 = CARTESIAN_POINT ( 'NONE',  ( 27.49999999999999645, -1.499999999999999556, -12.50000000000000355 ) ) ;
#2427 = ADVANCED_FACE ( 'NONE', ( #1879 ), #238, .F. ) ;
#2428 = EDGE_CURVE ( 'NONE', #55, #823, #485, .T. ) ;
#2429 = EDGE_LOOP ( 'NONE', ( #1904, #1511 ) ) ;
#2430 = EDGE_CURVE ( 'NONE', #2580, #920, #1153, .T. ) ;
#2431 = ORIENTED_EDGE ( 'NONE', *, *, #1854, .T. ) ;
#2432 = CARTESIAN_POINT ( 'NONE',  ( -8.908387170517841014, -1.300036412054939916, -34.47637589890958054 ) ) ;
#2433 = DIRECTION ( 'NONE',  ( -0.000000000000000000, -1.000000000000000000, -0.000000000000000000 ) ) ;
#2434 = ORIENTED_EDGE ( 'NONE', *, *, #2140, .T. ) ;
#2435 = DIRECTION ( 'NONE',  ( 0.000000000000000000, 0.000000000000000000, -1.000000000000000000 ) ) ;
#2436 = DIRECTION ( 'NONE',  ( 0.000000000000000000, 0.000000000000000000, -1.000000000000000000 ) ) ;
#2437 = DIRECTION ( 'NONE',  ( -0.000000000000000000, -1.000000000000000000, -0.000000000000000000 ) ) ;
#2438 = ORIENTED_EDGE ( 'NONE', *, *, #2123, .F. ) ;
#2439 = CIRCLE ( 'NONE', #1143, 5.000000000000000888 ) ;
#2440 = CIRCLE ( 'NONE', #31, 1.599999999999997202 ) ;
#2441 = CARTESIAN_POINT ( 'NONE',  ( -12.37436867076456615, 1.500000000000000000, 14.87563132923546227 ) ) ;
#2442 = ORIENTED_EDGE ( 'NONE', *, *, #1910, .F. ) ;
#2443 = AXIS2_PLACEMENT_3D ( 'NONE', #253, #261, #1380 ) ;
#2444 = EDGE_CURVE ( 'NONE', #1880, #2058, #2719, .T. ) ;
#2445 = EDGE_CURVE ( 'NONE', #1353, #2021, #2466, .T. ) ;
#2446 = ADVANCED_FACE ( 'NONE', ( #2174, #1181, #301, #1902, #2607, #2108, #2781, #2802, #1940, #1923, #732, #2366, #1421 ), #47, .T. ) ;
#2447 = ORIENTED_EDGE ( 'NONE', *, *, #424, .T. ) ;
#2448 = AXIS2_PLACEMENT_3D ( 'NONE', #1878, #2780, #1408 ) ;
#2449 = AXIS2_PLACEMENT_3D ( 'NONE', #1991, #2891, #309 ) ;
#2450 = CARTESIAN_POINT ( 'NONE',  ( 9.737744605602085102, -1.372957623304974950, -16.37906262231916088 ) ) ;
#2451 = CARTESIAN_POINT ( 'NONE',  ( -30.00000000000000355, -1.500000000000000000, 16.00000000000000000 ) ) ;
#2452 = CARTESIAN_POINT ( 'NONE',  ( -8.329353358609091984, -1.500000000000000000, -15.01892427503791083 ) ) ;
#2453 = DIRECTION ( 'NONE',  ( -0.000000000000000000, 1.000000000000000000, -0.000000000000000000 ) ) ;
#2454 = AXIS2_PLACEMENT_3D ( 'NONE', #801, #1714, #1150 ) ;
#2455 = EDGE_LOOP ( 'NONE', ( #763, #897, #2584, #969, #2652, #2697, #2447, #1890 ) ) ;
#2456 = AXIS2_PLACEMENT_3D ( 'NONE', #2884, #1905, #1677 ) ;
#2457 = CARTESIAN_POINT ( 'NONE',  ( -30.00000000000000355, 1.500000000000000000, -16.00000000000000000 ) ) ;
#2458 = CIRCLE ( 'NONE', #1010, 4.999999999999997335 ) ;
#2459 = EDGE_CURVE ( 'NONE', #391, #985, #1221, .T. ) ;
#2460 = ORIENTED_EDGE ( 'NONE', *, *, #2123, .T. ) ;
#2461 = CARTESIAN_POINT ( 'NONE',  ( 12.37436867076456259, 0.9500000000000002887, 12.62563132923547116 ) ) ;
#2462 = CARTESIAN_POINT ( 'NONE',  ( -12.37436867076456437, -1.500000000000000000, 32.67436867076459350 ) ) ;
#2463 = ORIENTED_EDGE ( 'NONE', *, *, #256, .T. ) ;
#2464 = EDGE_CURVE ( 'NONE', #478, #2580, #1490, .T. ) ;
#2465 = DIRECTION ( 'NONE',  ( -0.000000000000000000, 1.000000000000000000, -0.000000000000000000 ) ) ;
#2466 = LINE ( 'NONE', #1318, #2818 ) ;
#2467 = ORIENTED_EDGE ( 'NONE', *, *, #2035, .T. ) ;
#2468 = CARTESIAN_POINT ( 'NONE',  ( 22.50000000000000355, -42.73105625617660763, -20.00000000000000000 ) ) ;
#2469 = CARTESIAN_POINT ( 'NONE',  ( -8.329353358609152380, -1.500000000000000000, -34.98107572496203233 ) ) ;
#2470 = EDGE_CURVE ( 'NONE', #8, #46, #2934, .T. ) ;
#2471 = LINE ( 'NONE', #17, #2920 ) ;
#2472 = CARTESIAN_POINT ( 'NONE',  ( 25.00000000000000000, 1.500000000000000000, 22.00000000000000000 ) ) ;
#2473 = CARTESIAN_POINT ( 'NONE',  ( -25.00000000000000000, 1.500000000000000000, 21.00000000000000355 ) ) ;
#2474 = ADVANCED_FACE ( 'NONE', ( #125 ), #817, .F. ) ;
#2475 = ORIENTED_EDGE ( 'NONE', *, *, #2149, .F. ) ;
#2476 = CARTESIAN_POINT ( 'NONE',  ( -25.00000000000000000, 1.500000000000000000, -54.99999999999999289 ) ) ;
#2477 = CARTESIAN_POINT ( 'NONE',  ( -9.981075724962009232, -1.500000000000000000, 33.32935335860918968 ) ) ;
#2478 = FACE_OUTER_BOUND ( 'NONE', #2768, .T. ) ;
#2479 = ORIENTED_EDGE ( 'NONE', *, *, #890, .T. ) ;
#2480 = DIRECTION ( 'NONE',  ( -0.000000000000000000, -0.000000000000000000, 1.000000000000000000 ) ) ;
#2481 = ORIENTED_EDGE ( 'NONE', *, *, #2483, .F. ) ;
#2482 = ORIENTED_EDGE ( 'NONE', *, *, #2220, .T. ) ;
#2483 = EDGE_CURVE ( 'NONE', #2516, #2364, #1196, .T. ) ;
#2484 = CARTESIAN_POINT ( 'NONE',  ( -12.37436867076456437, -1.500000000000000000, -39.62436867076459635 ) ) ;
#2485 = DIRECTION ( 'NONE',  ( 0.000000000000000000, 0.000000000000000000, -1.000000000000000000 ) ) ;
#2486 = FACE_OUTER_BOUND ( 'NONE', #544, .T. ) ;
#2487 = VECTOR ( 'NONE', #1089, 1000.000000000000000 ) ;
#2488 = AXIS2_PLACEMENT_3D ( 'NONE', #976, #2796, #752 ) ;
#2489 = DIRECTION ( 'NONE',  ( -0.000000000000000000, -1.000000000000000000, -0.000000000000000000 ) ) ;
#2490 = CARTESIAN_POINT ( 'NONE',  ( -8.329353358609152380, -1.500000000000000000, -34.98107572496203233 ) ) ;
#2491 = AXIS2_PLACEMENT_3D ( 'NONE', #1758, #162, #2435 ) ;
#2492 = EDGE_CURVE ( 'NONE', #2021, #1123, #722, .T. ) ;
#2494 = ORIENTED_EDGE ( 'NONE', *, *, #2253, .F. ) ;
#2493 = ADVANCED_FACE ( 'NONE', ( #2601 ), #1241, .F. ) ;
#2495 = VERTEX_POINT ( 'NONE', #2529 ) ;
#2496 = DIRECTION ( 'NONE',  ( 0.000000000000000000, 0.000000000000000000, -1.000000000000000000 ) ) ;
#2497 = CARTESIAN_POINT ( 'NONE',  ( -30.24999999999999289, -8.500000000000000000, 6.872071167036652106 ) ) ;
#2498 = ORIENTED_EDGE ( 'NONE', *, *, #896, .T. ) ;
#2499 = DIRECTION ( 'NONE',  ( 0.000000000000000000, 0.000000000000000000, -1.000000000000000000 ) ) ;
#2500 = CIRCLE ( 'NONE', #1194, 13.00000000000000178 ) ;
#2501 = AXIS2_PLACEMENT_3D ( 'NONE', #2705, #2489, #1766 ) ;
#2502 = DIRECTION ( 'NONE',  ( -0.000000000000000000, 1.000000000000000000, -0.000000000000000000 ) ) ;
#2503 = CIRCLE ( 'NONE', #1826, 2.000000000000001776 ) ;
#2504 = AXIS2_PLACEMENT_3D ( 'NONE', #1841, #711, #1405 ) ;
#2505 = CARTESIAN_POINT ( 'NONE',  ( 12.37436867076456259, -1.500000000000000000, -10.37563132923547116 ) ) ;
#2506 = EDGE_LOOP ( 'NONE', ( #1883, #258, #873, #497 ) ) ;
#2507 = CARTESIAN_POINT ( 'NONE',  ( -19.99999999999998579, -1.500000000000001332, 45.89999999999999858 ) ) ;
#2508 = CARTESIAN_POINT ( 'NONE',  ( -12.37436867076456437, -1.500000000000000000, 37.37436867076459635 ) ) ;
#2509 = VERTEX_POINT ( 'NONE', #2742 ) ;
#2510 = CARTESIAN_POINT ( 'NONE',  ( 8.329353358609157709, -1.500000000000000000, 34.98107572496203233 ) ) ;
#2511 = LINE ( 'NONE', #20, #234 ) ;
#2512 = EDGE_LOOP ( 'NONE', ( #107, #803 ) ) ;
#2513 = DIRECTION ( 'NONE',  ( -0.000000000000000000, 1.000000000000000000, -0.000000000000000000 ) ) ;
#2514 = DIRECTION ( 'NONE',  ( 0.000000000000000000, 1.000000000000000000, 0.000000000000000000 ) ) ;
#2515 = ORIENTED_EDGE ( 'NONE', *, *, #584, .T. ) ;
#2516 = VERTEX_POINT ( 'NONE', #903 ) ;
#2517 = EDGE_CURVE ( 'NONE', #2739, #462, #1862, .T. ) ;
#2518 = VERTEX_POINT ( 'NONE', #2313 ) ;
#2519 = LINE ( 'NONE', #1395, #1981 ) ;
#2520 = CARTESIAN_POINT ( 'NONE',  ( 25.00000000000000000, 1.500000000000000000, -54.99999999999999289 ) ) ;
#2521 = VERTEX_POINT ( 'NONE', #1167 ) ;
#2522 = DIRECTION ( 'NONE',  ( -0.000000000000000000, -1.000000000000000000, -0.000000000000000000 ) ) ;
#2523 = DIRECTION ( 'NONE',  ( 1.000000000000000000, 0.000000000000000000, 0.000000000000000000 ) ) ;
#2524 = CARTESIAN_POINT ( 'NONE',  ( -30.24999999999999289, 1.500000000000000000, 9.022071167036653350 ) ) ;
#2525 = CIRCLE ( 'NONE', #1859, 1.599999999999997202 ) ;
#2526 = ORIENTED_EDGE ( 'NONE', *, *, #204, .F. ) ;
#2527 = AXIS2_PLACEMENT_3D ( 'NONE', #2561, #91, #2386 ) ;
#2528 = PLANE ( 'NONE',  #528 ) ;
#2529 = CARTESIAN_POINT ( 'NONE',  ( 25.00000000000000000, -1.500000000000000000, 22.00000000000000000 ) ) ;
#2530 = VERTEX_POINT ( 'NONE', #21 ) ;
#2531 = AXIS2_PLACEMENT_3D ( 'NONE', #394, #1062, #1745 ) ;
#2532 = DIRECTION ( 'NONE',  ( 0.000000000000000000, 0.000000000000000000, -1.000000000000000000 ) ) ;
#2533 = CIRCLE ( 'NONE', #1344, 4.999999999999997335 ) ;
#2534 = DIRECTION ( 'NONE',  ( 0.000000000000000000, 1.000000000000000000, 0.000000000000000000 ) ) ;
#2535 = AXIS2_PLACEMENT_3D ( 'NONE', #2052, #2753, #2095 ) ;
#2536 = AXIS2_PLACEMENT_3D ( 'NONE', #1995, #2244, #1529 ) ;
#2537 = DIRECTION ( 'NONE',  ( -0.000000000000000000, -1.000000000000000000, -0.000000000000000000 ) ) ;
#2538 = DIRECTION ( 'NONE',  ( 0.000000000000000000, 0.000000000000000000, 1.000000000000000000 ) ) ;
#2539 = DIRECTION ( 'NONE',  ( 0.000000000000000000, 0.000000000000000000, 1.000000000000000000 ) ) ;
#2540 = EDGE_CURVE ( 'NONE', #391, #2521, #437, .T. ) ;
#2541 = FACE_OUTER_BOUND ( 'NONE', #1632, .T. ) ;
#2542 = AXIS2_PLACEMENT_3D ( 'NONE', #1398, #2097, #1348 ) ;
#2543 = ORIENTED_EDGE ( 'NONE', *, *, #1309, .T. ) ;
#2544 = AXIS2_PLACEMENT_3D ( 'NONE', #251, #1168, #841 ) ;
#2545 = DIRECTION ( 'NONE',  ( -0.000000000000000000, -1.000000000000000000, -0.000000000000000000 ) ) ;
#2546 = ORIENTED_EDGE ( 'NONE', *, *, #1433, .T. ) ;
#2547 = EDGE_CURVE ( 'NONE', #2583, #1788, #872, .T. ) ;
#2548 = EDGE_CURVE ( 'NONE', #2845, #344, #2630, .T. ) ;
#2549 = DIRECTION ( 'NONE',  ( -0.000000000000000000, 1.000000000000000000, -0.000000000000000000 ) ) ;
#2550 = FACE_OUTER_BOUND ( 'NONE', #1212, .T. ) ;
#2551 = CARTESIAN_POINT ( 'NONE',  ( 12.37436867076456437, 0.9500000000000002887, 37.37436867076459635 ) ) ;
#2552 = VERTEX_POINT ( 'NONE', #2667 ) ;
#2553 = LINE ( 'NONE', #2106, #2305 ) ;
#2554 = DIRECTION ( 'NONE',  ( -1.000000000000000000, 0.000000000000000000, 0.000000000000000000 ) ) ;
#2555 = DIRECTION ( 'NONE',  ( 0.000000000000000000, 0.000000000000000000, -1.000000000000000000 ) ) ;
#2556 = DIRECTION ( 'NONE',  ( 0.000000000000000000, -0.000000000000000000, -1.000000000000000000 ) ) ;
#2557 = VERTEX_POINT ( 'NONE', #419 ) ;
#2558 = CARTESIAN_POINT ( 'NONE',  ( 27.49999999999999645, -1.499999999999999556, -13.75000000000000533 ) ) ;
#2559 = EDGE_CURVE ( 'NONE', #2007, #2364, #832, .T. ) ;
#2560 = EDGE_CURVE ( 'NONE', #1719, #2240, #893, .T. ) ;
#2561 = CARTESIAN_POINT ( 'NONE',  ( -12.37436867076456615, 1.500000000000000000, 12.62563132923546405 ) ) ;
#2562 = CARTESIAN_POINT ( 'NONE',  ( 19.99999999999997868, -198.5000000000000000, 1.600000000000001865 ) ) ;
#2563 = CARTESIAN_POINT ( 'NONE',  ( 27.00000000000000355, -42.73105625617660763, -20.00000000000000000 ) ) ;
#2564 = AXIS2_PLACEMENT_3D ( 'NONE', #535, #2798, #1186 ) ;
#2565 = CIRCLE ( 'NONE', #2379, 2.250000000000001776 ) ;
#2566 = ORIENTED_EDGE ( 'NONE', *, *, #2151, .T. ) ;
#2567 = ORIENTED_EDGE ( 'NONE', *, *, #2049, .T. ) ;
#2568 = AXIS2_PLACEMENT_3D ( 'NONE', #1160, #2307, #1384 ) ;
#2569 = EDGE_CURVE ( 'NONE', #985, #1679, #771, .T. ) ;
#2570 = CARTESIAN_POINT ( 'NONE',  ( 0.000000000000000000, -1.500000000000000000, 0.000000000000000000 ) ) ;
#2571 = VECTOR ( 'NONE', #753, 1000.000000000000000 ) ;
#2572 = LINE ( 'NONE', #2609, #35 ) ;
#2573 = CIRCLE ( 'NONE', #617, 2.249999999999998668 ) ;
#2574 = CARTESIAN_POINT ( 'NONE',  ( -12.37436867076456615, -1.500000000000000000, 12.62563132923546405 ) ) ;
#2575 = AXIS2_PLACEMENT_3D ( 'NONE', #2087, #948, #518 ) ;
#2576 = AXIS2_PLACEMENT_3D ( 'NONE', #1482, #316, #2879 ) ;
#2577 =( GEOMETRIC_REPRESENTATION_CONTEXT ( 3 ) GLOBAL_UNCERTAINTY_ASSIGNED_CONTEXT ( ( #1610 ) ) GLOBAL_UNIT_ASSIGNED_CONTEXT ( ( #2823, #1018, #1721 ) ) REPRESENTATION_CONTEXT ( 'NONE', 'WORKASPACE' ) );
#2578 = EDGE_CURVE ( 'NONE', #2495, #2626, #143, .T. ) ;
#2579 = DIRECTION ( 'NONE',  ( 0.000000000000000000, -1.000000000000000000, 0.000000000000000000 ) ) ;
#2580 = VERTEX_POINT ( 'NONE', #2622 ) ;
#2581 = EDGE_CURVE ( 'NONE', #2237, #1990, #2849, .T. ) ;
#2582 = VECTOR ( 'NONE', #905, 1000.000000000000000 ) ;
#2583 = VERTEX_POINT ( 'NONE', #1042 ) ;
#2584 = ORIENTED_EDGE ( 'NONE', *, *, #1829, .T. ) ;
#2585 = CONICAL_SURFACE ( 'NONE', #776, 4.700000000000002842, 0.7853981633974481680 ) ;
#2586 = ORIENTED_EDGE ( 'NONE', *, *, #2242, .F. ) ;
#2587 = DIRECTION ( 'NONE',  ( 0.000000000000000000, 0.000000000000000000, 1.000000000000000000 ) ) ;
#2588 = CARTESIAN_POINT ( 'NONE',  ( -25.00000000000000000, -1.500000000000000000, 60.00000000000000000 ) ) ;
#2589 = CARTESIAN_POINT ( 'NONE',  ( -8.329353358609155933, -1.500000000000000000, 34.98107572496203233 ) ) ;
#2590 = LINE ( 'NONE', #2196, #411 ) ;
#2591 = EDGE_LOOP ( 'NONE', ( #1787, #598 ) ) ;
#2592 = FACE_OUTER_BOUND ( 'NONE', #968, .T. ) ;
#2593 = ORIENTED_EDGE ( 'NONE', *, *, #218, .F. ) ;
#2594 = VERTEX_POINT ( 'NONE', #1972 ) ;
#2595 = EDGE_CURVE ( 'NONE', #1629, #642, #1349, .T. ) ;
#2596 = EDGE_CURVE ( 'NONE', #1811, #780, #2503, .T. ) ;
#2597 = LINE ( 'NONE', #390, #1784 ) ;
#2598 = EDGE_LOOP ( 'NONE', ( #1113, #2463, #1942, #1205 ) ) ;
#2599 = DIRECTION ( 'NONE',  ( 0.000000000000000000, 0.000000000000000000, -1.000000000000000000 ) ) ;
#2600 = ORIENTED_EDGE ( 'NONE', *, *, #96, .T. ) ;
#2601 = FACE_OUTER_BOUND ( 'NONE', #1078, .T. ) ;
#2602 = ORIENTED_EDGE ( 'NONE', *, *, #548, .T. ) ;
#2603 = DIRECTION ( 'NONE',  ( 0.000000000000000000, 0.000000000000000000, -1.000000000000000000 ) ) ;
#2604 = ORIENTED_EDGE ( 'NONE', *, *, #1387, .F. ) ;
#2605 = ORIENTED_EDGE ( 'NONE', *, *, #1839, .T. ) ;
#2606 = ORIENTED_EDGE ( 'NONE', *, *, #2748, .F. ) ;
#2607 = FACE_BOUND ( 'NONE', #1747, .T. ) ;
#2608 = DIRECTION ( 'NONE',  ( 0.000000000000000000, 0.000000000000000000, -1.000000000000000000 ) ) ;
#2609 = CARTESIAN_POINT ( 'NONE',  ( 25.00000000000000000, -1.500000000000000000, 60.00000000000000000 ) ) ;
#2610 = AXIS2_PLACEMENT_3D ( 'NONE', #1145, #1882, #693 ) ;
#2611 = PLANE ( 'NONE',  #2576 ) ;
#2612 = ORIENTED_EDGE ( 'NONE', *, *, #1422, .T. ) ;
#2613 = CIRCLE ( 'NONE', #1527, 2.249999999999998668 ) ;
#2614 = DIRECTION ( 'NONE',  ( 0.000000000000000000, -1.000000000000000000, -0.000000000000000000 ) ) ;
#2615 = ORIENTED_EDGE ( 'NONE', *, *, #2795, .F. ) ;
#2616 = VECTOR ( 'NONE', #1803, 1000.000000000000000 ) ;
#2617 = CIRCLE ( 'NONE', #1976, 13.00000000000000178 ) ;
#2618 = CARTESIAN_POINT ( 'NONE',  ( -12.37436867076456437, 0.9500000000000002887, 37.37436867076459635 ) ) ;
#2619 = DIRECTION ( 'NONE',  ( -0.000000000000000000, 1.000000000000000000, -0.000000000000000000 ) ) ;
#2620 = ORIENTED_EDGE ( 'NONE', *, *, #1546, .F. ) ;
#2621 = EDGE_CURVE ( 'NONE', #194, #370, #1584, .T. ) ;
#2622 = CARTESIAN_POINT ( 'NONE',  ( -9.981075724962106932, -1.500000000000000000, 16.67064664139093111 ) ) ;
#2623 = AXIS2_PLACEMENT_3D ( 'NONE', #450, #2293, #747 ) ;
#2624 = ORIENTED_EDGE ( 'NONE', *, *, #451, .F. ) ;
#2625 = VECTOR ( 'NONE', #2480, 1000.000000000000000 ) ;
#2626 = VERTEX_POINT ( 'NONE', #1098 ) ;
#2627 = VECTOR ( 'NONE', #1554, 1000.000000000000000 ) ;
#2628 = ORIENTED_EDGE ( 'NONE', *, *, #1158, .F. ) ;
#2629 = DIRECTION ( 'NONE',  ( -0.000000000000000000, 1.000000000000000000, -0.000000000000000000 ) ) ;
#2630 = CIRCLE ( 'NONE', #2126, 1.599999999999997202 ) ;
#2631 = ADVANCED_FACE ( 'NONE', ( #418 ), #1341, .F. ) ;
#2632 = ORIENTED_EDGE ( 'NONE', *, *, #1931, .F. ) ;
#2633 = DIRECTION ( 'NONE',  ( -0.000000000000000000, -1.000000000000000000, 0.000000000000000000 ) ) ;
#2634 = CARTESIAN_POINT ( 'NONE',  ( 19.99999999999998579, -198.5000000000000000, -49.09999999999999432 ) ) ;
#2635 = DIRECTION ( 'NONE',  ( 0.000000000000000000, 1.000000000000000000, 0.000000000000000000 ) ) ;
#2636 = CARTESIAN_POINT ( 'NONE',  ( 0.000000000000000000, -1.500000000000000000, 25.00000000000000000 ) ) ;
#2637 = ORIENTED_EDGE ( 'NONE', *, *, #2149, .T. ) ;
#2638 = EDGE_CURVE ( 'NONE', #8, #823, #480, .T. ) ;
#2639 = DIRECTION ( 'NONE',  ( -0.000000000000000000, -1.000000000000000000, -0.000000000000000000 ) ) ;
#2640 = ORIENTED_EDGE ( 'NONE', *, *, #2581, .F. ) ;
#2641 = DIRECTION ( 'NONE',  ( 0.000000000000000000, 1.000000000000000000, -0.000000000000000000 ) ) ;
#2642 = DIRECTION ( 'NONE',  ( 0.000000000000000000, 0.000000000000000000, -1.000000000000000000 ) ) ;
#2643 = DIRECTION ( 'NONE',  ( -0.000000000000000000, -1.000000000000000000, -0.000000000000000000 ) ) ;
#2644 = ORIENTED_EDGE ( 'NONE', *, *, #1206, .T. ) ;
#2645 = CARTESIAN_POINT ( 'NONE',  ( -12.37436867076456437, 0.9500000000000002887, 39.62436867076459635 ) ) ;
#2646 = FACE_BOUND ( 'NONE', #2591, .T. ) ;
#2647 = DIRECTION ( 'NONE',  ( 0.000000000000000000, 0.000000000000000000, 1.000000000000000000 ) ) ;
#2648 = B_SPLINE_CURVE_WITH_KNOTS ( 'NONE', 3,
 ( #1984, #159, #2885, #1754, #2668, #2843 ),
 .UNSPECIFIED., .F., .F.,
 ( 4, 2, 4 ),
 ( 6.224426167989661243E-07, 0.001187034362935328715, 0.002373446283253858712 ),
 .UNSPECIFIED. ) ;
#2649 = ORIENTED_EDGE ( 'NONE', *, *, #2922, .F. ) ;
#2650 = DIRECTION ( 'NONE',  ( -1.000000000000000000, -0.000000000000000000, -0.000000000000000000 ) ) ;
#2651 = DIRECTION ( 'NONE',  ( 0.000000000000000000, -1.000000000000000000, 0.000000000000000000 ) ) ;
#2652 = ORIENTED_EDGE ( 'NONE', *, *, #15, .T. ) ;
#2653 = EDGE_CURVE ( 'NONE', #1719, #645, #628, .T. ) ;
#2654 = LINE ( 'NONE', #2900, #2020 ) ;
#2655 = DIRECTION ( 'NONE',  ( -0.000000000000000000, 1.000000000000000000, -0.000000000000000000 ) ) ;
#2656 = ORIENTED_EDGE ( 'NONE', *, *, #1528, .T. ) ;
#2657 = FACE_OUTER_BOUND ( 'NONE', #633, .T. ) ;
#2658 = ORIENTED_EDGE ( 'NONE', *, *, #2464, .F. ) ;
#2659 = DIRECTION ( 'NONE',  ( -0.000000000000000000, 1.000000000000000000, -0.000000000000000000 ) ) ;
#2660 = EDGE_CURVE ( 'NONE', #1038, #330, #2055, .T. ) ;
#2661 = CARTESIAN_POINT ( 'NONE',  ( 30.50000000000000711, 1.500000000000001332, -18.00000000000000355 ) ) ;
#2662 = AXIS2_PLACEMENT_3D ( 'NONE', #1445, #2117, #1851 ) ;
#2663 = FACE_OUTER_BOUND ( 'NONE', #1699, .T. ) ;
#2664 = ORIENTED_EDGE ( 'NONE', *, *, #351, .T. ) ;
#2665 = CARTESIAN_POINT ( 'NONE',  ( 19.99999999999998579, -1.500000000000001332, -49.09999999999999432 ) ) ;
#2666 = AXIS2_PLACEMENT_3D ( 'NONE', #837, #2437, #1914 ) ;
#2667 = CARTESIAN_POINT ( 'NONE',  ( -30.24999999999999289, -1.499999999999999556, -11.17207116703665370 ) ) ;
#2668 = CARTESIAN_POINT ( 'NONE',  ( 8.620911329698429881, -1.372968972341205074, 15.26223365697644496 ) ) ;
#2669 = VERTEX_POINT ( 'NONE', #680 ) ;
#2670 = CARTESIAN_POINT ( 'NONE',  ( 27.00000000000000355, -1.500000000000000000, 22.00000000000000000 ) ) ;
#2671 = DIRECTION ( 'NONE',  ( 0.000000000000000000, 0.000000000000000000, -1.000000000000000000 ) ) ;
#2672 = ORIENTED_EDGE ( 'NONE', *, *, #1701, .T. ) ;
#2673 = AXIS2_PLACEMENT_3D ( 'NONE', #2251, #836, #2230 ) ;
#2674 = LINE ( 'NONE', #2939, #483 ) ;
#2675 = VERTEX_POINT ( 'NONE', #1617 ) ;
#2676 = CIRCLE ( 'NONE', #712, 2.150000000000000799 ) ;
#2677 = EDGE_CURVE ( 'NONE', #2373, #1361, #2175, .T. ) ;
#2678 = ORIENTED_EDGE ( 'NONE', *, *, #510, .T. ) ;
#2679 = AXIS2_PLACEMENT_3D ( 'NONE', #2767, #960, #2299 ) ;
#2680 = CARTESIAN_POINT ( 'NONE',  ( 25.00000000000000000, 1.500000000000000000, 60.00000000000000000 ) ) ;
#2681 = CIRCLE ( 'NONE', #1436, 2.000000000000001776 ) ;
#2682 = DIRECTION ( 'NONE',  ( 0.000000000000000000, 0.000000000000000000, 1.000000000000000000 ) ) ;
#2683 = VERTEX_POINT ( 'NONE', #2110 ) ;
#2684 = AXIS2_PLACEMENT_3D ( 'NONE', #1258, #2931, #106 ) ;
#2685 = DIRECTION ( 'NONE',  ( 0.000000000000000000, 0.000000000000000000, 1.000000000000000000 ) ) ;
#2686 = DIRECTION ( 'NONE',  ( 0.000000000000000000, 0.000000000000000000, 1.000000000000000000 ) ) ;
#2687 = ORIENTED_EDGE ( 'NONE', *, *, #1854, .F. ) ;
#2688 = CARTESIAN_POINT ( 'NONE',  ( -8.329353358609100866, -1.500000000000000000, 15.01892427503792149 ) ) ;
#2689 = CYLINDRICAL_SURFACE ( 'NONE', #2963, 2.250000000000001776 ) ;
#2690 = ORIENTED_EDGE ( 'NONE', *, *, #2167, .F. ) ;
#2691 = CARTESIAN_POINT ( 'NONE',  ( -19.99999999999997868, -198.5000000000000000, 1.600000000000001865 ) ) ;
#2692 = ORIENTED_EDGE ( 'NONE', *, *, #2470, .T. ) ;
#2693 = ORIENTED_EDGE ( 'NONE', *, *, #96, .F. ) ;
#2694 = EDGE_CURVE ( 'NONE', #233, #1794, #3, .T. ) ;
#2695 = EDGE_LOOP ( 'NONE', ( #2482, #586 ) ) ;
#2696 = ADVANCED_FACE ( 'NONE', ( #1515 ), #2585, .F. ) ;
#2697 = ORIENTED_EDGE ( 'NONE', *, *, #1358, .F. ) ;
#2698 = CYLINDRICAL_SURFACE ( 'NONE', #1730, 4.999999999999997335 ) ;
#2699 = CARTESIAN_POINT ( 'NONE',  ( 12.37436867076456437, -1.500000000000000000, 37.37436867076459635 ) ) ;
#2700 = ORIENTED_EDGE ( 'NONE', *, *, #1402, .T. ) ;
#2701 = DIRECTION ( 'NONE',  ( 0.000000000000000000, 0.000000000000000000, -1.000000000000000000 ) ) ;
#2702 = DIRECTION ( 'NONE',  ( 0.000000000000000000, 0.000000000000000000, -1.000000000000000000 ) ) ;
#2703 = DIRECTION ( 'NONE',  ( 0.000000000000000000, 0.000000000000000000, -1.000000000000000000 ) ) ;
#2704 = DIRECTION ( 'NONE',  ( 0.000000000000000000, 0.000000000000000000, 1.000000000000000000 ) ) ;
#2705 = CARTESIAN_POINT ( 'NONE',  ( 12.37436867076456437, -1.500000000000000000, -37.37436867076459635 ) ) ;
#2706 = ORIENTED_EDGE ( 'NONE', *, *, #1999, .T. ) ;
#2707 = DIRECTION ( 'NONE',  ( -0.000000000000000000, -1.000000000000000000, -0.000000000000000000 ) ) ;
#2708 = ORIENTED_EDGE ( 'NONE', *, *, #2165, .F. ) ;
#2709 = DIRECTION ( 'NONE',  ( 0.000000000000000000, 0.000000000000000000, -1.000000000000000000 ) ) ;
#2710 = ORIENTED_EDGE ( 'NONE', *, *, #1142, .F. ) ;
#2711 = DIRECTION ( 'NONE',  ( 0.000000000000000000, 0.000000000000000000, 1.000000000000000000 ) ) ;
#2712 = CARTESIAN_POINT ( 'NONE',  ( 27.49999999999999645, -8.500000000000000000, -11.25000000000000355 ) ) ;
#2713 = CARTESIAN_POINT ( 'NONE',  ( 27.49999999999999645, 1.500000000000000000, -13.75000000000000533 ) ) ;
#2714 = CARTESIAN_POINT ( 'NONE',  ( -39.99999999999999289, -1.500000000000000000, 16.00000000000000000 ) ) ;
#2715 = CARTESIAN_POINT ( 'NONE',  ( 0.000000000000000000, 1.500000000000000000, -16.00000000000000000 ) ) ;
#2716 = AXIS2_PLACEMENT_3D ( 'NONE', #1411, #4, #469 ) ;
#2717 = VERTEX_POINT ( 'NONE', #1531 ) ;
#2718 = EDGE_CURVE ( 'NONE', #1253, #2840, #2080, .T. ) ;
#2719 = LINE ( 'NONE', #2505, #1630 ) ;
#2720 = CIRCLE ( 'NONE', #516, 2.150000000000000799 ) ;
#2721 = ORIENTED_EDGE ( 'NONE', *, *, #1206, .F. ) ;
#2722 = CARTESIAN_POINT ( 'NONE',  ( -30.24999999999999289, 1.500000000000000000, -6.872071167036652106 ) ) ;
#2723 = AXIS2_PLACEMENT_3D ( 'NONE', #2399, #2227, #341 ) ;
#2724 = ORIENTED_EDGE ( 'NONE', *, *, #124, .T. ) ;
#2725 = CARTESIAN_POINT ( 'NONE',  ( 30.50000000000000711, 1.500000000000000000, -20.00000000000000000 ) ) ;
#2726 = AXIS2_PLACEMENT_3D ( 'NONE', #248, #2104, #1416 ) ;
#2727 = ORIENTED_EDGE ( 'NONE', *, *, #2540, .F. ) ;
#2728 = DIRECTION ( 'NONE',  ( 0.000000000000000000, 0.000000000000000000, -1.000000000000000000 ) ) ;
#2729 = AXIS2_PLACEMENT_3D ( 'NONE', #636, #1119, #2267 ) ;
#2730 = AXIS2_PLACEMENT_3D ( 'NONE', #2300, #1833, #2069 ) ;
#2731 = CARTESIAN_POINT ( 'NONE',  ( 12.37436867076456437, -1.500000000000000000, 32.67436867076459350 ) ) ;
#2732 = DIRECTION ( 'NONE',  ( -0.000000000000000000, 1.000000000000000000, -0.000000000000000000 ) ) ;
#2733 = ORIENTED_EDGE ( 'NONE', *, *, #2360, .F. ) ;
#2734 = DIRECTION ( 'NONE',  ( 0.000000000000000000, 0.000000000000000000, -1.000000000000000000 ) ) ;
#2735 = ADVANCED_FACE ( 'NONE', ( #1465 ), #1270, .F. ) ;
#2736 = ADVANCED_FACE ( 'NONE', ( #1958 ), #2188, .F. ) ;
#2737 = ORIENTED_EDGE ( 'NONE', *, *, #908, .F. ) ;
#2738 = DIRECTION ( 'NONE',  ( -0.000000000000000000, -1.000000000000000000, -0.000000000000000000 ) ) ;
#2739 = VERTEX_POINT ( 'NONE', #1722 ) ;
#2740 = ORIENTED_EDGE ( 'NONE', *, *, #2071, .T. ) ;
#2741 = DIRECTION ( 'NONE',  ( -0.000000000000000000, -1.000000000000000000, -0.000000000000000000 ) ) ;
#2742 = CARTESIAN_POINT ( 'NONE',  ( 12.37436867076456437, -1.500000000000000000, 32.67436867076459350 ) ) ;
#2743 = ORIENTED_EDGE ( 'NONE', *, *, #1694, .F. ) ;
#2744 = CARTESIAN_POINT ( 'NONE',  ( 27.49999999999999645, 1.500000000000000000, -12.50000000000000355 ) ) ;
#2745 = CARTESIAN_POINT ( 'NONE',  ( 12.37436867076456259, 0.9500000000000002887, -12.62563132923547116 ) ) ;
#2746 = FACE_OUTER_BOUND ( 'NONE', #2911, .T. ) ;
#2747 = CYLINDRICAL_SURFACE ( 'NONE', #1723, 5.000000000000000888 ) ;
#2748 = EDGE_CURVE ( 'NONE', #2245, #2626, #2597, .T. ) ;
#2749 = ADVANCED_FACE ( 'NONE', ( #547 ), #2611, .F. ) ;
#2750 = CARTESIAN_POINT ( 'NONE',  ( 22.50000000000000355, -1.500000000000001332, 20.00000000000000000 ) ) ;
#2751 = CARTESIAN_POINT ( 'NONE',  ( 12.37436867076456437, 0.9500000000000002887, -39.62436867076459635 ) ) ;
#2752 = ORIENTED_EDGE ( 'NONE', *, *, #1649, .F. ) ;
#2753 = DIRECTION ( 'NONE',  ( 0.000000000000000000, -1.000000000000000000, 0.000000000000000000 ) ) ;
#2754 = DIRECTION ( 'NONE',  ( 0.000000000000000000, -0.7071067811865474617, -0.7071067811865475727 ) ) ;
#2755 = EDGE_CURVE ( 'NONE', #1458, #1253, #140, .T. ) ;
#2756 = CARTESIAN_POINT ( 'NONE',  ( -25.00000000000000000, 1.500000000000000000, -60.00000000000000000 ) ) ;
#2757 = CARTESIAN_POINT ( 'NONE',  ( 12.37436867076456259, -1.500000000000000000, -12.62563132923547116 ) ) ;
#2758 = CARTESIAN_POINT ( 'NONE',  ( -39.99999999999999289, -1.500000000000000000, 11.00000000000000000 ) ) ;
#2759 = DIRECTION ( 'NONE',  ( 0.000000000000000000, 1.000000000000000000, 0.000000000000000000 ) ) ;
#2760 = DIRECTION ( 'NONE',  ( -0.000000000000000000, 1.000000000000000000, -0.000000000000000000 ) ) ;
#2761 = VECTOR ( 'NONE', #1823, 1000.000000000000000 ) ;
#2762 = DIRECTION ( 'NONE',  ( 0.000000000000000000, 0.000000000000000000, -1.000000000000000000 ) ) ;
#2763 = ORIENTED_EDGE ( 'NONE', *, *, #1250, .F. ) ;
#2764 = AXIS2_PLACEMENT_3D ( 'NONE', #1202, #773, #2182 ) ;
#2765 = EDGE_CURVE ( 'NONE', #2058, #2411, #2839, .T. ) ;
#2766 = ADVANCED_FACE ( 'NONE', ( #2398 ), #2856, .F. ) ;
#2767 = CARTESIAN_POINT ( 'NONE',  ( -30.00000000000000355, -1.500000000000000000, -21.00000000000000355 ) ) ;
#2768 = EDGE_LOOP ( 'NONE', ( #2257, #806, #1264, #981, #94, #2864 ) ) ;
#2769 = VECTOR ( 'NONE', #2421, 1000.000000000000000 ) ;
#2770 = AXIS2_PLACEMENT_3D ( 'NONE', #648, #660, #2728 ) ;
#2771 = ADVANCED_FACE ( 'NONE', ( #357 ), #1962, .F. ) ;
#2772 = AXIS2_PLACEMENT_3D ( 'NONE', #100, #566, #1957 ) ;
#2773 = FACE_OUTER_BOUND ( 'NONE', #2355, .T. ) ;
#2774 = CIRCLE ( 'NONE', #2729, 4.700000000000002842 ) ;
#2775 = VERTEX_POINT ( 'NONE', #974 ) ;
#2776 = VECTOR ( 'NONE', #1491, 1000.000000000000000 ) ;
#2777 = VERTEX_POINT ( 'NONE', #551 ) ;
#2778 = ORIENTED_EDGE ( 'NONE', *, *, #1582, .T. ) ;
#2779 = LINE ( 'NONE', #1417, #276 ) ;
#2780 = DIRECTION ( 'NONE',  ( 0.000000000000000000, -1.000000000000000000, 0.000000000000000000 ) ) ;
#2781 = FACE_BOUND ( 'NONE', #696, .T. ) ;
#2782 = LINE ( 'NONE', #925, #1147 ) ;
#2783 = ORIENTED_EDGE ( 'NONE', *, *, #2492, .T. ) ;
#2784 = CARTESIAN_POINT ( 'NONE',  ( 12.37436867076456259, -1.500000000000000000, -17.32563132923547045 ) ) ;
#2785 = LINE ( 'NONE', #2562, #2964 ) ;
#2786 = DIRECTION ( 'NONE',  ( 0.000000000000000000, -1.000000000000000000, 0.000000000000000000 ) ) ;
#2787 = EDGE_CURVE ( 'NONE', #1038, #2152, #2075, .T. ) ;
#2788 = DIRECTION ( 'NONE',  ( -0.000000000000000000, -1.000000000000000000, -0.000000000000000000 ) ) ;
#2789 = ORIENTED_EDGE ( 'NONE', *, *, #1071, .T. ) ;
#2790 = ORIENTED_EDGE ( 'NONE', *, *, #15, .F. ) ;
#2791 = ORIENTED_EDGE ( 'NONE', *, *, #2127, .T. ) ;
#2792 = LINE ( 'NONE', #1021, #379 ) ;
#2793 = DIRECTION ( 'NONE',  ( 0.000000000000000000, -1.000000000000000000, 0.000000000000000000 ) ) ;
#2794 = PLANE ( 'NONE',  #2568 ) ;
#2795 = EDGE_CURVE ( 'NONE', #2245, #2583, #409, .T. ) ;
#2796 = DIRECTION ( 'NONE',  ( -0.000000000000000000, -1.000000000000000000, -0.000000000000000000 ) ) ;
#2797 = CYLINDRICAL_SURFACE ( 'NONE', #1097, 2.000000000000001776 ) ;
#2798 = DIRECTION ( 'NONE',  ( -0.000000000000000000, 1.000000000000000000, -0.000000000000000000 ) ) ;
#2799 = ORIENTED_EDGE ( 'NONE', *, *, #2596, .F. ) ;
#2800 = ORIENTED_EDGE ( 'NONE', *, *, #1071, .F. ) ;
#2801 = VERTEX_POINT ( 'NONE', #2490 ) ;
#2802 = FACE_BOUND ( 'NONE', #2250, .T. ) ;
#2803 = AXIS2_PLACEMENT_3D ( 'NONE', #1243, #51, #2180 ) ;
#2804 = FACE_OUTER_BOUND ( 'NONE', #880, .T. ) ;
#2805 = AXIS2_PLACEMENT_3D ( 'NONE', #1963, #2635, #1504 ) ;
#2806 = ORIENTED_EDGE ( 'NONE', *, *, #1910, .T. ) ;
#2807 = EDGE_CURVE ( 'NONE', #1373, #2966, #2458, .T. ) ;
#2808 = FACE_OUTER_BOUND ( 'NONE', #291, .T. ) ;
#2809 = AXIS2_PLACEMENT_3D ( 'NONE', #1864, #720, #1604 ) ;
#2810 = DIRECTION ( 'NONE',  ( 0.000000000000000000, 0.000000000000000000, 1.000000000000000000 ) ) ;
#2811 = AXIS2_PLACEMENT_3D ( 'NONE', #2085, #719, #1814 ) ;
#2812 = AXIS2_PLACEMENT_3D ( 'NONE', #2277, #657, #155 ) ;
#2813 = ADVANCED_BREP_SHAPE_REPRESENTATION ( 'Copy of Part7^motor plate', ( #1860, #2228 ), #2168 ) ;
#2814 = FACE_OUTER_BOUND ( 'NONE', #956, .T. ) ;
#2815 = VERTEX_POINT ( 'NONE', #463 ) ;
#2816 = EDGE_CURVE ( 'NONE', #275, #478, #2822, .T. ) ;
#2817 = AXIS2_PLACEMENT_3D ( 'NONE', #1812, #1843, #2496 ) ;
#2818 = VECTOR ( 'NONE', #167, 999.9999999999998863 ) ;
#2819 = CYLINDRICAL_SURFACE ( 'NONE', #2249, 2.249999999999998668 ) ;
#2820 = ORIENTED_EDGE ( 'NONE', *, *, #346, .T. ) ;
#2821 = ORIENTED_EDGE ( 'NONE', *, *, #1031, .F. ) ;
#2822 = CIRCLE ( 'NONE', #2811, 4.700000000000002842 ) ;
#2823 =( LENGTH_UNIT ( ) NAMED_UNIT ( * ) SI_UNIT ( .MILLI., .METRE. ) );
#2824 = DIRECTION ( 'NONE',  ( -0.000000000000000000, 1.000000000000000000, -0.000000000000000000 ) ) ;
#2825 = ORIENTED_EDGE ( 'NONE', *, *, #1117, .F. ) ;
#2826 = FACE_OUTER_BOUND ( 'NONE', #2197, .T. ) ;
#2827 = EDGE_LOOP ( 'NONE', ( #2416, #2902 ) ) ;
#2828 = EDGE_CURVE ( 'NONE', #2343, #165, #2218, .T. ) ;
#2829 = CARTESIAN_POINT ( 'NONE',  ( -12.37436867076456615, -1.500000000000000000, 12.62563132923546405 ) ) ;
#2830 = CARTESIAN_POINT ( 'NONE',  ( 12.37436867076456437, -1.500000000000000000, 35.12436867076458924 ) ) ;
#2831 = CARTESIAN_POINT ( 'NONE',  ( -12.37436867076456437, -1.500000000000000000, 32.67436867076459350 ) ) ;
#2832 = ORIENTED_EDGE ( 'NONE', *, *, #584, .F. ) ;
#2833 = PLANE ( 'NONE',  #2812 ) ;
#2834 = FACE_OUTER_BOUND ( 'NONE', #2384, .T. ) ;
#2835 = CARTESIAN_POINT ( 'NONE',  ( 22.50000000000000355, 1.500000000000000000, -20.00000000000000000 ) ) ;
#2836 = ORIENTED_EDGE ( 'NONE', *, *, #978, .T. ) ;
#2837 = ORIENTED_EDGE ( 'NONE', *, *, #1109, .F. ) ;
#2838 = VERTEX_POINT ( 'NONE', #2322 ) ;
#2839 = LINE ( 'NONE', #791, #389 ) ;
#2840 = VERTEX_POINT ( 'NONE', #2725 ) ;
#2841 = CARTESIAN_POINT ( 'NONE',  ( -12.37436867076456615, -1.500000000000000000, -12.62563132923546405 ) ) ;
#2842 = EDGE_CURVE ( 'NONE', #1373, #1788, #922, .T. ) ;
#2843 = CARTESIAN_POINT ( 'NONE',  ( 8.329353358609077773, -1.500000000000000000, 15.01892427503789840 ) ) ;
#2844 = DIRECTION ( 'NONE',  ( -0.000000000000000000, -1.000000000000000000, -0.000000000000000000 ) ) ;
#2845 = VERTEX_POINT ( 'NONE', #944 ) ;
#2846 = CARTESIAN_POINT ( 'NONE',  ( -8.908387170517835685, -1.300036412054941470, 34.47637589890956633 ) ) ;
#2847 = DIRECTION ( 'NONE',  ( -0.000000000000000000, -1.000000000000000000, -0.000000000000000000 ) ) ;
#2848 = ORIENTED_EDGE ( 'NONE', *, *, #1219, .F. ) ;
#2849 = LINE ( 'NONE', #350, #828 ) ;
#2850 = DIRECTION ( 'NONE',  ( 0.000000000000000000, -1.000000000000000000, 0.000000000000000000 ) ) ;
#2851 = ORIENTED_EDGE ( 'NONE', *, *, #971, .F. ) ;
#2852 = CIRCLE ( 'NONE', #1806, 13.00000000000000178 ) ;
#2853 = EDGE_LOOP ( 'NONE', ( #1363, #2118, #72, #1568 ) ) ;
#2854 = EDGE_LOOP ( 'NONE', ( #2640, #717, #2047, #1257, #2192, #885, #541, #1312, #1741, #98, #64, #2054, #585, #131, #520, #257, #298, #2940, #2341, #2081, #733, #2375, #1533, #335 ) ) ;
#2855 = EDGE_CURVE ( 'NONE', #1439, #2212, #383, .T. ) ;
#2856 = CYLINDRICAL_SURFACE ( 'NONE', #867, 1.600000000000001865 ) ;
#2857 = EDGE_CURVE ( 'NONE', #1361, #2373, #87, .T. ) ;
#2858 = ORIENTED_EDGE ( 'NONE', *, *, #2547, .F. ) ;
#2859 = AXIS2_PLACEMENT_3D ( 'NONE', #2162, #557, #1459 ) ;
#2860 = DIRECTION ( 'NONE',  ( 0.000000000000000000, 0.000000000000000000, -1.000000000000000000 ) ) ;
#2861 = DIRECTION ( 'NONE',  ( 0.000000000000000000, 0.000000000000000000, -1.000000000000000000 ) ) ;
#2862 = ORIENTED_EDGE ( 'NONE', *, *, #2816, .F. ) ;
#2863 = CIRCLE ( 'NONE', #2113, 1.600000000000001865 ) ;
#2864 = ORIENTED_EDGE ( 'NONE', *, *, #322, .T. ) ;
#2865 = CARTESIAN_POINT ( 'NONE',  ( -12.37436867076456615, -1.500000000000000000, 12.62563132923546405 ) ) ;
#2866 = VECTOR ( 'NONE', #937, 1000.000000000000000 ) ;
#2867 = DIRECTION ( 'NONE',  ( -0.000000000000000000, -1.000000000000000000, -0.000000000000000000 ) ) ;
#2868 = LINE ( 'NONE', #81, #2063 ) ;
#2869 = ORIENTED_EDGE ( 'NONE', *, *, #1684, .T. ) ;
#2870 = CARTESIAN_POINT ( 'NONE',  ( 19.99999999999998579, -1.500000000000001332, -47.49999999999999289 ) ) ;
#2871 = CARTESIAN_POINT ( 'NONE',  ( 27.00000000000000355, 1.500000000000000000, 22.00000000000000000 ) ) ;
#2872 = FACE_BOUND ( 'NONE', #22, .T. ) ;
#2873 = ORIENTED_EDGE ( 'NONE', *, *, #1612, .F. ) ;
#2874 = AXIS2_PLACEMENT_3D ( 'NONE', #24, #1198, #2131 ) ;
#2875 = ORIENTED_EDGE ( 'NONE', *, *, #510, .F. ) ;
#2876 = VECTOR ( 'NONE', #2650, 1000.000000000000000 ) ;
#2877 = EDGE_LOOP ( 'NONE', ( #2041, #393, #2637, #1785, #2743, #111, #314, #2134 ) ) ;
#2878 = CIRCLE ( 'NONE', #2448, 2.000000000000001776 ) ;
#2879 = DIRECTION ( 'NONE',  ( 0.000000000000000000, 0.000000000000000000, -1.000000000000000000 ) ) ;
#2880 = PLANE ( 'NONE',  #623 ) ;
#2881 = EDGE_CURVE ( 'NONE', #2152, #2198, #496, .T. ) ;
#2882 = ORIENTED_EDGE ( 'NONE', *, *, #871, .T. ) ;
#2883 = EDGE_CURVE ( 'NONE', #2364, #1863, #33, .T. ) ;
#2884 = CARTESIAN_POINT ( 'NONE',  ( 27.49999999999999645, -1.499999999999999556, 12.50000000000000355 ) ) ;
#2885 = CARTESIAN_POINT ( 'NONE',  ( 9.475960372395585196, -1.299963615442089271, 16.09117083012197824 ) ) ;
#2886 = DIRECTION ( 'NONE',  ( -0.000000000000000000, -0.000000000000000000, 1.000000000000000000 ) ) ;
#2887 = ORIENTED_EDGE ( 'NONE', *, *, #890, .F. ) ;
#2888 = DIRECTION ( 'NONE',  ( 0.000000000000000000, 0.000000000000000000, -1.000000000000000000 ) ) ;
#2889 = FACE_OUTER_BOUND ( 'NONE', #1994, .T. ) ;
#2890 = ORIENTED_EDGE ( 'NONE', *, *, #1173, .F. ) ;
#2891 = DIRECTION ( 'NONE',  ( -0.000000000000000000, -1.000000000000000000, -0.000000000000000000 ) ) ;
#2892 = VERTEX_POINT ( 'NONE', #689 ) ;
#2893 = EDGE_CURVE ( 'NONE', #1239, #1811, #1376, .T. ) ;
#2894 = VERTEX_POINT ( 'NONE', #1137 ) ;
#2895 = EDGE_CURVE ( 'NONE', #2892, #172, #681, .T. ) ;
#2896 = ORIENTED_EDGE ( 'NONE', *, *, #800, .T. ) ;
#2897 = DIRECTION ( 'NONE',  ( 0.000000000000000000, 1.000000000000000000, 0.000000000000000000 ) ) ;
#2898 = FACE_OUTER_BOUND ( 'NONE', #671, .T. ) ;
#2899 = EDGE_LOOP ( 'NONE', ( #889, #1009 ) ) ;
#2900 = CARTESIAN_POINT ( 'NONE',  ( 12.37436867076456437, -1.500000000000000000, -42.07436867076459919 ) ) ;
#2901 = DIRECTION ( 'NONE',  ( 0.000000000000000000, -0.7071067811865476838, -0.7071067811865474617 ) ) ;
#2902 = ORIENTED_EDGE ( 'NONE', *, *, #1200, .T. ) ;
#2903 = EDGE_CURVE ( 'NONE', #2237, #1458, #2878, .T. ) ;
#2904 = DIRECTION ( 'NONE',  ( 0.000000000000000000, -1.000000000000000000, 0.000000000000000000 ) ) ;
#2905 = FACE_BOUND ( 'NONE', #1570, .T. ) ;
#2906 = EDGE_CURVE ( 'NONE', #2138, #126, #1148, .T. ) ;
#2907 = VERTEX_POINT ( 'NONE', #677 ) ;
#2908 = CIRCLE ( 'NONE', #1135, 2.249999999999998668 ) ;
#2909 = EDGE_CURVE ( 'NONE', #46, #8, #1535, .T. ) ;
#2910 = FACE_OUTER_BOUND ( 'NONE', #1262, .T. ) ;
#2911 = EDGE_LOOP ( 'NONE', ( #1423, #208, #1081, #320 ) ) ;
#2912 = CARTESIAN_POINT ( 'NONE',  ( 19.99999999999998579, -198.5000000000000000, -47.49999999999999289 ) ) ;
#2913 = DIRECTION ( 'NONE',  ( 0.000000000000000000, 0.000000000000000000, -1.000000000000000000 ) ) ;
#2914 = VECTOR ( 'NONE', #2947, 1000.000000000000000 ) ;
#2915 = ORIENTED_EDGE ( 'NONE', *, *, #2883, .F. ) ;
#2916 = DIRECTION ( 'NONE',  ( 0.000000000000000000, 0.000000000000000000, -1.000000000000000000 ) ) ;
#2917 = CARTESIAN_POINT ( 'NONE',  ( -30.24999999999999289, -1.499999999999999556, 11.17207116703665370 ) ) ;
#2918 = ORIENTED_EDGE ( 'NONE', *, *, #800, .F. ) ;
#2919 = VECTOR ( 'NONE', #539, 1000.000000000000000 ) ;
#2920 = VECTOR ( 'NONE', #1948, 1000.000000000000000 ) ;
#2921 = FACE_OUTER_BOUND ( 'NONE', #943, .T. ) ;
#2922 = EDGE_CURVE ( 'NONE', #2717, #1932, #731, .T. ) ;
#2923 = EDGE_CURVE ( 'NONE', #1886, #2203, #461, .T. ) ;
#2924 = AXIS2_PLACEMENT_3D ( 'NONE', #2524, #2061, #2734 ) ;
#2925 = ORIENTED_EDGE ( 'NONE', *, *, #2074, .F. ) ;
#2926 = PRODUCT_DEFINITION_FORMATION_WITH_SPECIFIED_SOURCE ( 'ANY', '', #2018, .NOT_KNOWN. ) ;
#2927 = AXIS2_PLACEMENT_3D ( 'NONE', #1941, #337, #2608 ) ;
#2928 = CARTESIAN_POINT ( 'NONE',  ( 19.99999999999997868, -198.5000000000000000, -1.600000000000001865 ) ) ;
#2929 = EDGE_LOOP ( 'NONE', ( #6, #2036, #726, #2612, #562, #2005, #1005, #799, #2017, #1469, #613, #1370, #299, #2672, #44, #161, #175, #1086, #353, #1586, #891, #2973, #2393, #1514 ) ) ;
#2930 = AXIS2_PLACEMENT_3D ( 'NONE', #1802, #1, #1892 ) ;
#2931 = DIRECTION ( 'NONE',  ( -0.000000000000000000, -1.000000000000000000, -0.000000000000000000 ) ) ;
#2932 = ORIENTED_EDGE ( 'NONE', *, *, #2459, .T. ) ;
#2933 = FACE_OUTER_BOUND ( 'NONE', #1216, .T. ) ;
#2934 = CIRCLE ( 'NONE', #1983, 2.250000000000001776 ) ;
#2935 = DIRECTION ( 'NONE',  ( 0.000000000000000000, 1.000000000000000000, 0.000000000000000000 ) ) ;
#2936 = ORIENTED_EDGE ( 'NONE', *, *, #2413, .F. ) ;
#2937 = CARTESIAN_POINT ( 'NONE',  ( -12.37436867076456437, 0.9500000000000002887, -37.37436867076459635 ) ) ;
#2938 = LINE ( 'NONE', #2714, #1381 ) ;
#2939 = CARTESIAN_POINT ( 'NONE',  ( -44.99999999999999289, -1.500000000000000000, -11.00000000000000000 ) ) ;
#2940 = ORIENTED_EDGE ( 'NONE', *, *, #2895, .T. ) ;
#2941 = LINE ( 'NONE', #1795, #2625 ) ;
#2942 = ORIENTED_EDGE ( 'NONE', *, *, #1313, .F. ) ;
#2943 = DIRECTION ( 'NONE',  ( -0.000000000000000000, 1.000000000000000000, -0.000000000000000000 ) ) ;
#2944 = ORIENTED_EDGE ( 'NONE', *, *, #1888, .T. ) ;
#2945 = EDGE_CURVE ( 'NONE', #1965, #1960, #2970, .T. ) ;
#2946 = CARTESIAN_POINT ( 'NONE',  ( 30.50000000000000711, -1.500000000000001332, 20.00000000000000000 ) ) ;
#2947 = DIRECTION ( 'NONE',  ( -0.000000000000000000, -0.000000000000000000, 1.000000000000000000 ) ) ;
#2948 = DIRECTION ( 'NONE',  ( -0.000000000000000000, -1.000000000000000000, -0.000000000000000000 ) ) ;
#2949 = ORIENTED_EDGE ( 'NONE', *, *, #1664, .F. ) ;
#2950 = DIRECTION ( 'NONE',  ( 0.000000000000000000, 0.000000000000000000, -1.000000000000000000 ) ) ;
#2951 = ORIENTED_EDGE ( 'NONE', *, *, #930, .T. ) ;
#2952 = DIRECTION ( 'NONE',  ( 1.000000000000000000, 0.000000000000000000, 0.000000000000000000 ) ) ;
#2953 = CYLINDRICAL_SURFACE ( 'NONE', #2172, 1.250000000000001110 ) ;
#2954 = ORIENTED_EDGE ( 'NONE', *, *, #2906, .F. ) ;
#2955 = ADVANCED_FACE ( 'NONE', ( #1615 ), #2528, .T. ) ;
#2956 = EDGE_CURVE ( 'NONE', #1197, #575, #2511, .T. ) ;
#2957 = AXIS2_PLACEMENT_3D ( 'NONE', #1950, #2211, #2642 ) ;
#2958 = FACE_OUTER_BOUND ( 'NONE', #2929, .T. ) ;
#2959 = CARTESIAN_POINT ( 'NONE',  ( -39.99999999999999289, 1.500000000000000000, 16.00000000000000000 ) ) ;
#2960 = CARTESIAN_POINT ( 'NONE',  ( 12.37436867076456437, -1.500000000000000000, 37.37436867076459635 ) ) ;
#2961 = CARTESIAN_POINT ( 'NONE',  ( -12.37436867076456437, 0.9500000000000002887, -39.62436867076459635 ) ) ;
#2962 = LINE ( 'NONE', #1824, #2391 ) ;
#2963 = AXIS2_PLACEMENT_3D ( 'NONE', #2960, #639, #2702 ) ;
#2964 = VECTOR ( 'NONE', #1895, 1000.000000000000000 ) ;
#2965 = AXIS2_PLACEMENT_3D ( 'NONE', #1539, #864, #2436 ) ;
#2966 = VERTEX_POINT ( 'NONE', #715 ) ;
#2967 = CARTESIAN_POINT ( 'NONE',  ( 12.37436867076456437, -1.500000000000000000, 37.37436867076459635 ) ) ;
#2968 = AXIS2_PLACEMENT_3D ( 'NONE', #121, #2651, #2913 ) ;
#2969 = FACE_OUTER_BOUND ( 'NONE', #2455, .T. ) ;
#2970 = CIRCLE ( 'NONE', #1775, 2.250000000000001776 ) ;
#2971 = DIRECTION ( 'NONE',  ( 0.000000000000000000, 0.000000000000000000, -1.000000000000000000 ) ) ;
#2972 = AXIS2_PLACEMENT_3D ( 'NONE', #1336, #2707, #2950 ) ;
#2973 = ORIENTED_EDGE ( 'NONE', *, *, #2242, .T. ) ;
#2974 = CARTESIAN_POINT ( 'NONE',  ( -8.329353358609091984, -1.500000000000000000, -15.01892427503791083 ) ) ;
#2975 = CIRCLE ( 'NONE', #332, 13.00000000000000178 ) ;
ENDSEC;
END-ISO-10303-21;
