ISO-10303-21;
HEADER;
FILE_DESCRIPTION (( 'STEP AP214' ),
    '1' );
FILE_NAME ('Top plate_2.STEP',
    '2026-09-08T09:16:37',
    ( '' ),
    ( '' ),
    'SwSTEP 2.0',
    'SolidWorks 2025',
    '' );
FILE_SCHEMA (( 'AUTOMOTIVE_DESIGN' ));
ENDSEC;

DATA;
#1 = DIRECTION ( 'NONE',  ( 0.000000000000000000, 0.000000000000000000, -1.000000000000000000 ) ) ;
#2 = FACE_BOUND ( 'NONE', #1467, .T. ) ;
#3 = CARTESIAN_POINT ( 'NONE',  ( -29.81524758424984967, 1.500000000000000000, 0.3695048315003057748 ) ) ;
#4 = EDGE_CURVE ( 'NONE', #235, #634, #1334, .T. ) ;
#5 = CIRCLE ( 'NONE', #657, 1.699999999999999289 ) ;
#6 = ORIENTED_EDGE ( 'NONE', *, *, #1415, .F. ) ;
#7 = DIRECTION ( 'NONE',  ( 0.000000000000000000, -1.000000000000000000, -0.000000000000000000 ) ) ;
#8 = VERTEX_POINT ( 'NONE', #1318 ) ;
#9 = CIRCLE ( 'NONE', #1113, 1.749999999999999778 ) ;
#10 = VERTEX_POINT ( 'NONE', #849 ) ;
#11 = CIRCLE ( 'NONE', #1402, 1.750000000000001554 ) ;
#12 = VECTOR ( 'NONE', #1796, 1000.000000000000000 ) ;
#13 = LINE ( 'NONE', #1199, #1985 ) ;
#14 = DIRECTION ( 'NONE',  ( -0.000000000000000000, -1.000000000000000000, -0.000000000000000000 ) ) ;
#15 = CARTESIAN_POINT ( 'NONE',  ( 0.5801270189221621187, 1.500000000000000000, -23.99519052838326871 ) ) ;
#16 = DIRECTION ( 'NONE',  ( -0.000000000000000000, 1.000000000000000000, 0.000000000000000000 ) ) ;
#17 = ORIENTED_EDGE ( 'NONE', *, *, #777, .T. ) ;
#18 = CARTESIAN_POINT ( 'NONE',  ( -16.75000000000000000, -1.500000000000000000, 14.27457514062632704 ) ) ;
#19 = ORIENTED_EDGE ( 'NONE', *, *, #1940, .T. ) ;
#20 = AXIS2_PLACEMENT_3D ( 'NONE', #1932, #534, #97 ) ;
#21 = CARTESIAN_POINT ( 'NONE',  ( -15.48368810393755268, 1.500000000000000000, 29.03262379212493016 ) ) ;
#22 = ADVANCED_FACE ( 'NONE', ( #1347 ), #1945, .T. ) ;
#23 = DIRECTION ( 'NONE',  ( -0.000000000000000000, -1.000000000000000000, -0.000000000000000000 ) ) ;
#24 = LINE ( 'NONE', #1094, #1799 ) ;
#25 = VERTEX_POINT ( 'NONE', #81 ) ;
#26 = CARTESIAN_POINT ( 'NONE',  ( -29.12499999999999645, 1.500000000000000000, -15.50518148554091802 ) ) ;
#27 = EDGE_CURVE ( 'NONE', #185, #678, #562, .T. ) ;
#28 = ORIENTED_EDGE ( 'NONE', *, *, #154, .F. ) ;
#29 = EDGE_CURVE ( 'NONE', #652, #383, #1204, .T. ) ;
#30 = CARTESIAN_POINT ( 'NONE',  ( -7.500000000000040856, -1.500000000000000000, 5.000000000000000888 ) ) ;
#31 = PLANE ( 'NONE',  #789 ) ;
#32 = DIRECTION ( 'NONE',  ( -0.000000000000000000, 1.000000000000000000, 0.000000000000000000 ) ) ;
#33 = ORIENTED_EDGE ( 'NONE', *, *, #1170, .F. ) ;
#34 = DIRECTION ( 'NONE',  ( -0.000000000000000000, -1.000000000000000000, -0.000000000000000000 ) ) ;
#35 = CIRCLE ( 'NONE', #527, 1.749999999999999778 ) ;
#36 = ORIENTED_EDGE ( 'NONE', *, *, #421, .F. ) ;
#37 = CIRCLE ( 'NONE', #467, 1.700000000000000178 ) ;
#38 = ORIENTED_EDGE ( 'NONE', *, *, #1884, .T. ) ;
#39 = AXIS2_PLACEMENT_3D ( 'NONE', #1288, #666, #512 ) ;
#40 = CARTESIAN_POINT ( 'NONE',  ( 13.44574372578792953, 1.500000000000000000, -12.37636669105985554 ) ) ;
#41 = EDGE_CURVE ( 'NONE', #985, #1679, #5, .T. ) ;
#42 = CIRCLE ( 'NONE', #140, 1.750000000000001554 ) ;
#43 = LINE ( 'NONE', #648, #1918 ) ;
#44 = DIRECTION ( 'NONE',  ( -1.734723475976805517E-15, 0.000000000000000000, -1.000000000000000000 ) ) ;
#45 = AXIS2_PLACEMENT_3D ( 'NONE', #415, #1482, #93 ) ;
#46 = ORIENTED_EDGE ( 'NONE', *, *, #645, .F. ) ;
#47 = CIRCLE ( 'NONE', #1599, 1.750000000000001554 ) ;
#48 = ORIENTED_EDGE ( 'NONE', *, *, #1366, .T. ) ;
#49 = DIRECTION ( 'NONE',  ( 0.000000000000000000, 0.000000000000000000, -1.000000000000000000 ) ) ;
#50 = VERTEX_POINT ( 'NONE', #1016 ) ;
#51 = CIRCLE ( 'NONE', #20, 1.699999999999998845 ) ;
#52 = ORIENTED_EDGE ( 'NONE', *, *, #1052, .T. ) ;
#53 = CYLINDRICAL_SURFACE ( 'NONE', #1591, 1.750000000000001554 ) ;
#54 = EDGE_CURVE ( 'NONE', #192, #1916, #1851, .T. ) ;
#55 = DIRECTION ( 'NONE',  ( 0.000000000000000000, 0.000000000000000000, -1.000000000000000000 ) ) ;
#56 = DIRECTION ( 'NONE',  ( -0.000000000000000000, 1.000000000000000000, 0.000000000000000000 ) ) ;
#57 = VERTEX_POINT ( 'NONE', #1649 ) ;
#58 = EDGE_LOOP ( 'NONE', ( #1029, #335 ) ) ;
#59 = CARTESIAN_POINT ( 'NONE',  ( -16.75000000000000000, -1.500000000000000000, 1.750000000000000000 ) ) ;
#60 = ORIENTED_EDGE ( 'NONE', *, *, #1823, .T. ) ;
#61 = ADVANCED_FACE ( 'NONE', ( #1489 ), #1030, .F. ) ;
#62 = ORIENTED_EDGE ( 'NONE', *, *, #1015, .T. ) ;
#63 = CARTESIAN_POINT ( 'NONE',  ( -13.91844051968769946, 1.500000000000000000, 30.00000000000000711 ) ) ;
#64 = DIRECTION ( 'NONE',  ( -0.000000000000000000, -1.000000000000000000, -0.000000000000000000 ) ) ;
#65 = CARTESIAN_POINT ( 'NONE',  ( 18.48076211353305709, 1.500000000000000000, -42.99038105676664401 ) ) ;
#66 = EDGE_LOOP ( 'NONE', ( #1143, #1930, #1712, #290 ) ) ;
#67 = EDGE_LOOP ( 'NONE', ( #573, #542, #1151, #965 ) ) ;
#68 = DIRECTION ( 'NONE',  ( 0.000000000000000000, 0.000000000000000000, -1.000000000000000000 ) ) ;
#69 = EDGE_CURVE ( 'NONE', #10, #1440, #1957, .T. ) ;
#70 = ORIENTED_EDGE ( 'NONE', *, *, #668, .T. ) ;
#71 = CIRCLE ( 'NONE', #1076, 1.700000000000000178 ) ;
#72 = ORIENTED_EDGE ( 'NONE', *, *, #1042, .T. ) ;
#73 = CARTESIAN_POINT ( 'NONE',  ( -25.00000000000000000, -1.500000000000001776, -7.499999999999997335 ) ) ;
#74 = AXIS2_PLACEMENT_3D ( 'NONE', #340, #1443, #1111 ) ;
#75 = LINE ( 'NONE', #1191, #1663 ) ;
#76 = FACE_OUTER_BOUND ( 'NONE', #1815, .T. ) ;
#77 = CARTESIAN_POINT ( 'NONE',  ( 14.85805598115666548, 1.500000000000000000, -23.57830262035543001 ) ) ;
#78 = ORIENTED_EDGE ( 'NONE', *, *, #1642, .T. ) ;
#79 = AXIS2_PLACEMENT_3D ( 'NONE', #1883, #1557, #169 ) ;
#80 = AXIS2_PLACEMENT_3D ( 'NONE', #368, #32, #208 ) ;
#81 = CARTESIAN_POINT ( 'NONE',  ( -30.00000000000000000, -1.500000000000000000, -0.4131189606246223889 ) ) ;
#82 = CARTESIAN_POINT ( 'NONE',  ( 5.999999999999985789, 1.500000000000000000, -16.44337567297408853 ) ) ;
#83 = VECTOR ( 'NONE', #402, 1000.000000000000000 ) ;
#84 = EDGE_CURVE ( 'NONE', #1651, #192, #1326, .T. ) ;
#85 = VERTEX_POINT ( 'NONE', #1806 ) ;
#86 = ORIENTED_EDGE ( 'NONE', *, *, #938, .T. ) ;
#87 = DIRECTION ( 'NONE',  ( -0.5000000000000035527, -0.000000000000000000, -0.8660254037844367092 ) ) ;
#88 = CARTESIAN_POINT ( 'NONE',  ( -7.500000000000040856, 1.500000000000000000, 5.000000000000000888 ) ) ;
#89 = DIRECTION ( 'NONE',  ( -0.000000000000000000, -1.000000000000000000, -0.000000000000000000 ) ) ;
#90 = ORIENTED_EDGE ( 'NONE', *, *, #932, .T. ) ;
#91 = EDGE_CURVE ( 'NONE', #1852, #50, #35, .T. ) ;
#92 = CARTESIAN_POINT ( 'NONE',  ( 0.5801270189221623408, -1.500000000000000000, -22.29519052838326587 ) ) ;
#93 = DIRECTION ( 'NONE',  ( 0.000000000000000000, 0.000000000000000000, -1.000000000000000000 ) ) ;
#94 = EDGE_LOOP ( 'NONE', ( #351, #1379, #1466, #2002 ) ) ;
#95 = ORIENTED_EDGE ( 'NONE', *, *, #481, .T. ) ;
#96 = EDGE_CURVE ( 'NONE', #876, #478, #1559, .T. ) ;
#97 = DIRECTION ( 'NONE',  ( 0.000000000000000000, 0.000000000000000000, -1.000000000000000000 ) ) ;
#98 = DIRECTION ( 'NONE',  ( 0.3973597071195114627, 0.000000000000000000, -0.9176629354822477547 ) ) ;
#99 = DIRECTION ( 'NONE',  ( 0.000000000000000000, -1.000000000000000000, -0.000000000000000000 ) ) ;
#100 = ORIENTED_EDGE ( 'NONE', *, *, #785, .T. ) ;
#101 = DIRECTION ( 'NONE',  ( 0.000000000000000000, 0.000000000000000000, -1.000000000000000000 ) ) ;
#102 = DIRECTION ( 'NONE',  ( 0.000000000000000000, 0.000000000000000000, -1.000000000000000000 ) ) ;
#103 = ORIENTED_EDGE ( 'NONE', *, *, #1664, .T. ) ;
#104 = VECTOR ( 'NONE', #287, 1000.000000000000227 ) ;
#105 = CARTESIAN_POINT ( 'NONE',  ( 17.90063509461088032, 1.500000000000000000, -32.29519052838336535 ) ) ;
#106 = AXIS2_PLACEMENT_3D ( 'NONE', #1044, #889, #1477 ) ;
#107 = CARTESIAN_POINT ( 'NONE',  ( 17.90063509461088032, -1.500000000000001776, -37.14519052838336677 ) ) ;
#108 = CARTESIAN_POINT ( 'NONE',  ( 17.84021765691029415, 1.500000000000000000, -40.59983660014386686 ) ) ;
#109 = ORIENTED_EDGE ( 'NONE', *, *, #1703, .T. ) ;
#110 = AXIS2_PLACEMENT_3D ( 'NONE', #1579, #1724, #1266 ) ;
#111 = DIRECTION ( 'NONE',  ( -0.000000000000000000, 1.000000000000000000, 0.000000000000000000 ) ) ;
#112 = DIRECTION ( 'NONE',  ( -0.000000000000000000, -1.000000000000000000, -0.000000000000000000 ) ) ;
#113 = CIRCLE ( 'NONE', #79, 1.749999999999999778 ) ;
#114 = VERTEX_POINT ( 'NONE', #1656 ) ;
#115 = DIRECTION ( 'NONE',  ( 0.000000000000000000, -1.000000000000000000, 0.000000000000000000 ) ) ;
#116 = VECTOR ( 'NONE', #1214, 1000.000000000000000 ) ;
#117 = EDGE_CURVE ( 'NONE', #1558, #1531, #1655, .T. ) ;
#118 = DIRECTION ( 'NONE',  ( 0.4999999999999977796, 0.000000000000000000, -0.8660254037844399289 ) ) ;
#119 = DIRECTION ( 'NONE',  ( -0.000000000000000000, 0.000000000000000000, -1.000000000000000000 ) ) ;
#120 = ADVANCED_FACE ( 'NONE', ( #1973 ), #589, .F. ) ;
#121 = DIRECTION ( 'NONE',  ( -0.000000000000000000, -1.000000000000000000, -0.000000000000000000 ) ) ;
#122 = LINE ( 'NONE', #1040, #1084 ) ;
#123 = EDGE_CURVE ( 'NONE', #1959, #1558, #1915, .T. ) ;
#124 = ORIENTED_EDGE ( 'NONE', *, *, #435, .T. ) ;
#125 = CARTESIAN_POINT ( 'NONE',  ( -5.000000000000000888, -1.500000000000000000, -7.499999999999999112 ) ) ;
#126 = FACE_OUTER_BOUND ( 'NONE', #344, .T. ) ;
#127 = CARTESIAN_POINT ( 'NONE',  ( -15.00000000000001421, 1.500000000000000000, 30.00000000000000711 ) ) ;
#128 = DIRECTION ( 'NONE',  ( -0.000000000000000000, -1.000000000000000000, -0.000000000000000000 ) ) ;
#129 = DIRECTION ( 'NONE',  ( -0.000000000000000000, -1.000000000000000000, -0.000000000000000000 ) ) ;
#130 = ORIENTED_EDGE ( 'NONE', *, *, #217, .F. ) ;
#131 = CYLINDRICAL_SURFACE ( 'NONE', #1368, 1.749999999999999778 ) ;
#132 = DIRECTION ( 'NONE',  ( 0.000000000000000000, -1.000000000000000000, -0.000000000000000000 ) ) ;
#133 = DIRECTION ( 'NONE',  ( 0.8944271909999160775, 0.000000000000000000, -0.4472135954999575946 ) ) ;
#134 = CLOSED_SHELL ( 'NONE', ( #1349, #1500, #1672, #738, #696, #997, #872, #1618, #753, #1194, #720, #1139, #1456, #1840, #792, #808, #1967, #539, #181, #1759, #120, #1252, #1279, #328, #571, #1850, #416, #387, #264, #839, #1551, #1709, #22, #1002, #1107, #1442, #1740, #1473, #1462, #1648, #1437, #1307, #679, #543, #1683, #1652, #518, #1676, #505, #61, #492, #1162, #1411, #835, #456, #1507, #1975, #248, #897, #585, #1259 ) ) ;
#135 = CARTESIAN_POINT ( 'NONE',  ( 0.000000000000000000, -1.500000000000000000, 0.000000000000000000 ) ) ;
#136 = CARTESIAN_POINT ( 'NONE',  ( 14.85805598115666548, -1.500000000000000000, -23.57830262035543001 ) ) ;
#137 = AXIS2_PLACEMENT_3D ( 'NONE', #1879, #491, #990 ) ;
#138 = EDGE_LOOP ( 'NONE', ( #1258, #1397, #707, #747 ) ) ;
#139 = CARTESIAN_POINT ( 'NONE',  ( 1.749999999999999778, 1.500000000000000000, 10.22972637552514463 ) ) ;
#140 = AXIS2_PLACEMENT_3D ( 'NONE', #1458, #1304, #541 ) ;
#141 = EDGE_CURVE ( 'NONE', #371, #1801, #71, .T. ) ;
#142 = EDGE_LOOP ( 'NONE', ( #6, #1751, #1035, #1132 ) ) ;
#143 = CIRCLE ( 'NONE', #1117, 1.749999999999999778 ) ;
#144 = FACE_BOUND ( 'NONE', #1929, .T. ) ;
#145 = CARTESIAN_POINT ( 'NONE',  ( 9.314833588694007460, -1.500000000000000000, -6.735326974162850533 ) ) ;
#146 = CARTESIAN_POINT ( 'NONE',  ( -6.495190528383327333, -1.500000000000000000, -11.24999999999993605 ) ) ;
#147 = DIRECTION ( 'NONE',  ( -0.000000000000000000, 1.000000000000000000, 0.000000000000000000 ) ) ;
#148 = EDGE_CURVE ( 'NONE', #942, #1394, #930, .T. ) ;
#149 = VECTOR ( 'NONE', #868, 1000.000000000000000 ) ;
#150 = VERTEX_POINT ( 'NONE', #486 ) ;
#151 = CARTESIAN_POINT ( 'NONE',  ( 15.73305598115667259, -1.500000000000000000, -22.06275816373266707 ) ) ;
#152 = ORIENTED_EDGE ( 'NONE', *, *, #1246, .F. ) ;
#153 = CARTESIAN_POINT ( 'NONE',  ( 17.90063509461088032, -1.500000000000001776, -37.14519052838336677 ) ) ;
#154 = EDGE_CURVE ( 'NONE', #718, #439, #1374, .T. ) ;
#155 = LINE ( 'NONE', #760, #925 ) ;
#156 = CARTESIAN_POINT ( 'NONE',  ( 25.54055643048624447, 1.500000000000000000, -30.76245860881781624 ) ) ;
#157 = CARTESIAN_POINT ( 'NONE',  ( 1.750000000000000000, -1.500000000000000000, -9.082159740806346804 ) ) ;
#158 = ORIENTED_EDGE ( 'NONE', *, *, #1749, .F. ) ;
#159 = CARTESIAN_POINT ( 'NONE',  ( -30.00000000000000000, 1.500000000000000000, 5.510910596163088767E-15 ) ) ;
#160 = EDGE_LOOP ( 'NONE', ( #1869, #1619, #78, #840 ) ) ;
#161 = ORIENTED_EDGE ( 'NONE', *, *, #1056, .F. ) ;
#162 = CYLINDRICAL_SURFACE ( 'NONE', #1919, 1.750000000000001554 ) ;
#163 = CARTESIAN_POINT ( 'NONE',  ( 17.90063509461088032, -1.500000000000001776, -30.84519052838336606 ) ) ;
#164 = CARTESIAN_POINT ( 'NONE',  ( 25.98076211353308551, -1.500000000000000000, -30.00000000000013145 ) ) ;
#165 = FACE_OUTER_BOUND ( 'NONE', #142, .T. ) ;
#166 = PRESENTATION_LAYER_ASSIGNMENT (  '', '', ( #198 ) ) ;
#167 = MANIFOLD_SOLID_BREP ( 'M3 \X2\4e3876bf306d3058752876bf7a74\X0\1', #134 ) ;
#168 = VERTEX_POINT ( 'NONE', #156 ) ;
#169 = DIRECTION ( 'NONE',  ( 0.000000000000000000, 0.000000000000000000, -1.000000000000000000 ) ) ;
#170 = VECTOR ( 'NONE', #548, 1000.000000000000000 ) ;
#171 = EDGE_LOOP ( 'NONE', ( #500, #395 ) ) ;
#172 = VECTOR ( 'NONE', #1371, 1000.000000000000114 ) ;
#173 = ORIENTED_EDGE ( 'NONE', *, *, #964, .F. ) ;
#174 = CONICAL_SURFACE ( 'NONE', #1595, 3.149999999999999911, 0.7853981633974471688 ) ;
#175 = EDGE_CURVE ( 'NONE', #196, #1568, #1982, .T. ) ;
#176 = VECTOR ( 'NONE', #455, 1000.000000000000000 ) ;
#177 = DIRECTION ( 'NONE',  ( 0.000000000000000000, 0.000000000000000000, -1.000000000000000000 ) ) ;
#178 = VECTOR ( 'NONE', #1624, 1000.000000000000000 ) ;
#179 = CARTESIAN_POINT ( 'NONE',  ( -16.75000000000000000, -1.500000000000000000, 1.750000000000000000 ) ) ;
#180 = CARTESIAN_POINT ( 'NONE',  ( 8.439833588694011013, -1.500000000000000000, -5.219782517540081379 ) ) ;
#181 = ADVANCED_FACE ( 'NONE', ( #1392, #1403, #2, #1524, #1216, #627, #1224, #908, #1241, #1862 ), #476, .T. ) ;
#182 = EDGE_LOOP ( 'NONE', ( #1475, #2005, #1585, #482, #52, #28, #998 ) ) ;
#183 = CARTESIAN_POINT ( 'NONE',  ( 25.98076211353308551, 1.500000000000000000, -30.00000000000013145 ) ) ;
#184 = EDGE_CURVE ( 'NONE', #1198, #10, #495, .T. ) ;
#185 = VERTEX_POINT ( 'NONE', #1993 ) ;
#186 = CARTESIAN_POINT ( 'NONE',  ( 5.124999999999989342, -1.500000000000000000, -14.92783121635132204 ) ) ;
#187 = CARTESIAN_POINT ( 'NONE',  ( -25.00000000000000000, -1.500000000000000000, -5.799999999999997158 ) ) ;
#188 = CARTESIAN_POINT ( 'NONE',  ( 17.84021765691029415, 1.500000000000000000, -40.59983660014386686 ) ) ;
#189 = ORIENTED_EDGE ( 'NONE', *, *, #1033, .T. ) ;
#190 = DIRECTION ( 'NONE',  ( 0.4472135954999577057, 0.000000000000000000, 0.8944271909999159664 ) ) ;
#191 = EDGE_CURVE ( 'NONE', #1285, #25, #757, .T. ) ;
#192 = VERTEX_POINT ( 'NONE', #1253 ) ;
#193 = DIRECTION ( 'NONE',  ( 0.000000000000000000, 0.000000000000000000, -1.000000000000000000 ) ) ;
#194 = CARTESIAN_POINT ( 'NONE',  ( -16.75000000000000000, -1.500000000000000000, 12.52457514062632704 ) ) ;
#195 = CYLINDRICAL_SURFACE ( 'NONE', #1831, 1.699999999999999289 ) ;
#196 = VERTEX_POINT ( 'NONE', #1101 ) ;
#197 = CARTESIAN_POINT ( 'NONE',  ( -25.00000000000000000, -1.500000000000000000, -9.199999999999995737 ) ) ;
#198 = STYLED_ITEM ( 'NONE', ( #617 ), #167 ) ;
#199 = VECTOR ( 'NONE', #23, 1000.000000000000000 ) ;
#200 = ORIENTED_EDGE ( 'NONE', *, *, #1042, .F. ) ;
#201 = EDGE_CURVE ( 'NONE', #150, #1396, #1885, .T. ) ;
#202 = AXIS2_PLACEMENT_3D ( 'NONE', #1230, #898, #1079 ) ;
#203 = ORIENTED_EDGE ( 'NONE', *, *, #1200, .F. ) ;
#204 = AXIS2_PLACEMENT_3D ( 'NONE', #1719, #1528, #1395 ) ;
#205 = LINE ( 'NONE', #326, #334 ) ;
#206 = VECTOR ( 'NONE', #1356, 1000.000000000000000 ) ;
#207 = PLANE ( 'NONE',  #818 ) ;
#208 = DIRECTION ( 'NONE',  ( -9.912705577010316675E-16, 0.000000000000000000, -1.000000000000000000 ) ) ;
#209 = VECTOR ( 'NONE', #1465, 1000.000000000000000 ) ;
#210 = ORIENTED_EDGE ( 'NONE', *, *, #1233, .T. ) ;
#211 = ORIENTED_EDGE ( 'NONE', *, *, #1664, .F. ) ;
#212 = CARTESIAN_POINT ( 'NONE',  ( -25.00000000000000000, 1.500000000000000000, -7.499999999999997335 ) ) ;
#213 = EDGE_CURVE ( 'NONE', #25, #1986, #43, .T. ) ;
#214 = VERTEX_POINT ( 'NONE', #816 ) ;
#215 = ORIENTED_EDGE ( 'NONE', *, *, #1642, .F. ) ;
#216 = DIRECTION ( 'NONE',  ( 0.000000000000000000, 0.000000000000000000, -1.000000000000000000 ) ) ;
#217 = EDGE_CURVE ( 'NONE', #910, #397, #1453, .T. ) ;
#218 = CARTESIAN_POINT ( 'NONE',  ( -7.500000000000040856, -1.500000000000001776, 8.150000000000000355 ) ) ;
#219 = FACE_OUTER_BOUND ( 'NONE', #1747, .T. ) ;
#220 = ORIENTED_EDGE ( 'NONE', *, *, #900, .T. ) ;
#221 = ORIENTED_EDGE ( 'NONE', *, *, #1516, .F. ) ;
#222 = DIRECTION ( 'NONE',  ( 0.000000000000000000, 0.000000000000000000, -1.000000000000000000 ) ) ;
#223 = ORIENTED_EDGE ( 'NONE', *, *, #1603, .F. ) ;
#224 = EDGE_LOOP ( 'NONE', ( #221, #1997, #709, #1527 ) ) ;
#225 = PLANE ( 'NONE',  #761 ) ;
#226 = LINE ( 'NONE', #256, #1480 ) ;
#227 = LINE ( 'NONE', #1942, #730 ) ;
#228 = FACE_OUTER_BOUND ( 'NONE', #754, .T. ) ;
#229 = ORIENTED_EDGE ( 'NONE', *, *, #1878, .T. ) ;
#230 = EDGE_CURVE ( 'NONE', #833, #1910, #1529, .T. ) ;
#231 = ORIENTED_EDGE ( 'NONE', *, *, #577, .T. ) ;
#232 = CARTESIAN_POINT ( 'NONE',  ( -28.24999999999999645, 1.500000000000000000, -0.4131189606246220558 ) ) ;
#233 = EDGE_LOOP ( 'NONE', ( #1128, #1275, #1350, #1325, #1578, #1978, #1435, #974, #1159, #1570, #576, #782, #1277 ) ) ;
#234 =( GEOMETRIC_REPRESENTATION_CONTEXT ( 3 ) GLOBAL_UNCERTAINTY_ASSIGNED_CONTEXT ( ( #1389 ) ) GLOBAL_UNIT_ASSIGNED_CONTEXT ( ( #641, #1848, #1071 ) ) REPRESENTATION_CONTEXT ( 'NONE', 'WORKASPACE' ) );
#235 = VERTEX_POINT ( 'NONE', #1899 ) ;
#236 = DIRECTION ( 'NONE',  ( -0.000000000000000000, 1.000000000000000000, 0.000000000000000000 ) ) ;
#237 = VECTOR ( 'NONE', #1952, 1000.000000000000000 ) ;
#238 = EDGE_CURVE ( 'NONE', #985, #1733, #655, .T. ) ;
#239 = LINE ( 'NONE', #410, #710 ) ;
#240 = DIRECTION ( 'NONE',  ( -0.000000000000000000, 1.000000000000000000, 0.000000000000000000 ) ) ;
#241 = CARTESIAN_POINT ( 'NONE',  ( -28.24999999999999645, 1.500000000000000000, -0.4131189606246220558 ) ) ;
#242 = ORIENTED_EDGE ( 'NONE', *, *, #653, .T. ) ;
#243 = CIRCLE ( 'NONE', #1632, 3.150000000000000799 ) ;
#244 = ORIENTED_EDGE ( 'NONE', *, *, #117, .T. ) ;
#245 = CARTESIAN_POINT ( 'NONE',  ( -7.500000000000040856, 1.500000000000000000, 6.699999999999999289 ) ) ;
#246 = VECTOR ( 'NONE', #1382, 1000.000000000000000 ) ;
#247 = VERTEX_POINT ( 'NONE', #1261 ) ;
#248 = ADVANCED_FACE ( 'NONE', ( #676 ), #1269, .F. ) ;
#249 = LINE ( 'NONE', #1962, #1317 ) ;
#250 = CARTESIAN_POINT ( 'NONE',  ( -7.500000000000043521, 1.500000000000000000, 23.30000000000000071 ) ) ;
#251 = CARTESIAN_POINT ( 'NONE',  ( 19.35576211353306419, 1.500000000000000000, -41.47483660014387397 ) ) ;
#252 = VERTEX_POINT ( 'NONE', #1299 ) ;
#253 = CARTESIAN_POINT ( 'NONE',  ( 17.90063509461088032, -1.500000000000000000, -33.99519052838336819 ) ) ;
#254 = CARTESIAN_POINT ( 'NONE',  ( -22.13728757031316263, -1.500000000000000000, 1.749999999999999778 ) ) ;
#255 = ORIENTED_EDGE ( 'NONE', *, *, #91, .T. ) ;
#256 = CARTESIAN_POINT ( 'NONE',  ( -15.00000000000000000, 1.500000000000000000, 0.000000000000000000 ) ) ;
#257 = LINE ( 'NONE', #860, #237 ) ;
#258 = DIRECTION ( 'NONE',  ( 0.000000000000000000, -1.000000000000000000, 0.000000000000000000 ) ) ;
#259 = ORIENTED_EDGE ( 'NONE', *, *, #1979, .T. ) ;
#260 = CARTESIAN_POINT ( 'NONE',  ( -16.75000000000000000, -1.500000000000000000, 12.52457514062632704 ) ) ;
#261 = CARTESIAN_POINT ( 'NONE',  ( 0.000000000000000000, 1.500000000000000000, -0.000000000000000000 ) ) ;
#262 = VERTEX_POINT ( 'NONE', #687 ) ;
#263 = VERTEX_POINT ( 'NONE', #535 ) ;
#264 = ADVANCED_FACE ( 'NONE', ( #1416 ), #207, .T. ) ;
#265 = AXIS2_PLACEMENT_3D ( 'NONE', #1965, #1335, #1195 ) ;
#266 = LINE ( 'NONE', #1172, #1310 ) ;
#267 = VECTOR ( 'NONE', #64, 1000.000000000000000 ) ;
#268 = CARTESIAN_POINT ( 'NONE',  ( -19.97507764050038759, -1.500000000000000000, 9.987538820250186689 ) ) ;
#269 = EDGE_CURVE ( 'NONE', #553, #1688, #493, .T. ) ;
#270 = CARTESIAN_POINT ( 'NONE',  ( -7.500000000000040856, -1.500000000000001776, 8.150000000000000355 ) ) ;
#271 = AXIS2_PLACEMENT_3D ( 'NONE', #1589, #1743, #815 ) ;
#272 = ORIENTED_EDGE ( 'NONE', *, *, #751, .T. ) ;
#273 = LINE ( 'NONE', #894, #206 ) ;
#274 = AXIS2_PLACEMENT_3D ( 'NONE', #1837, #448, #291 ) ;
#275 = ORIENTED_EDGE ( 'NONE', *, *, #1911, .T. ) ;
#276 = DIRECTION ( 'NONE',  ( -0.000000000000000000, -1.000000000000000000, -0.000000000000000000 ) ) ;
#277 = VECTOR ( 'NONE', #1847, 1000.000000000000000 ) ;
#278 = DIRECTION ( 'NONE',  ( 1.000000000000000000, -0.000000000000000000, 2.312964634635742957E-16 ) ) ;
#279 = DIRECTION ( 'NONE',  ( 0.000000000000000000, 0.000000000000000000, -1.000000000000000000 ) ) ;
#280 = DIRECTION ( 'NONE',  ( 0.000000000000000000, 0.000000000000000000, -1.000000000000000000 ) ) ;
#281 = FACE_OUTER_BOUND ( 'NONE', #1103, .T. ) ;
#282 = EDGE_LOOP ( 'NONE', ( #1877, #538, #1206, #109 ) ) ;
#283 = DIRECTION ( 'NONE',  ( 0.000000000000000000, 0.000000000000000000, -1.000000000000000000 ) ) ;
#284 = ORIENTED_EDGE ( 'NONE', *, *, #1580, .T. ) ;
#285 = CARTESIAN_POINT ( 'NONE',  ( -25.00000000000000000, -1.500000000000001776, -4.349999999999996980 ) ) ;
#286 = CYLINDRICAL_SURFACE ( 'NONE', #537, 1.750000000000001554 ) ;
#287 = DIRECTION ( 'NONE',  ( 0.3973597071195114627, -0.000000000000000000, -0.9176629354822478657 ) ) ;
#288 = LINE ( 'NONE', #477, #337 ) ;
#289 = EDGE_CURVE ( 'NONE', #806, #910, #1658, .T. ) ;
#290 = ORIENTED_EDGE ( 'NONE', *, *, #1399, .T. ) ;
#291 = DIRECTION ( 'NONE',  ( 0.000000000000000000, 0.000000000000000000, -1.000000000000000000 ) ) ;
#292 = ORIENTED_EDGE ( 'NONE', *, *, #1576, .T. ) ;
#293 = ORIENTED_EDGE ( 'NONE', *, *, #1734, .F. ) ;
#294 = LINE ( 'NONE', #1533, #431 ) ;
#295 = CARTESIAN_POINT ( 'NONE',  ( 17.90063509461088032, 1.500000000000000000, -35.69519052838336393 ) ) ;
#296 = AXIS2_PLACEMENT_3D ( 'NONE', #1514, #128, #1361 ) ;
#297 = EDGE_CURVE ( 'NONE', #114, #895, #968, .T. ) ;
#298 = DIRECTION ( 'NONE',  ( 0.000000000000000000, 0.000000000000000000, 1.000000000000000000 ) ) ;
#299 = CONICAL_SURFACE ( 'NONE', #404, 3.150000000000000799, 0.7853981633974472798 ) ;
#300 = ORIENTED_EDGE ( 'NONE', *, *, #1286, .F. ) ;
#301 = CARTESIAN_POINT ( 'NONE',  ( 5.124999999999989342, 1.500000000000000000, -14.92783121635132204 ) ) ;
#302 = AXIS2_PLACEMENT_3D ( 'NONE', #905, #1518, #1987 ) ;
#303 = EDGE_CURVE ( 'NONE', #895, #652, #1337, .T. ) ;
#304 = ORIENTED_EDGE ( 'NONE', *, *, #148, .F. ) ;
#305 = AXIS2_PLACEMENT_3D ( 'NONE', #311, #1242, #298 ) ;
#306 = CIRCLE ( 'NONE', #1503, 1.750000000000000000 ) ;
#307 = APPLICATION_PROTOCOL_DEFINITION ( 'draft international standard', 'automotive_design', 1998, #624 ) ;
#308 = CYLINDRICAL_SURFACE ( 'NONE', #202, 1.700000000000000178 ) ;
#309 = CARTESIAN_POINT ( 'NONE',  ( -15.00000000000000000, -1.500000000000000000, 12.52457514062632704 ) ) ;
#310 = DIRECTION ( 'NONE',  ( 0.000000000000000000, -1.000000000000000000, -0.000000000000000000 ) ) ;
#311 = CARTESIAN_POINT ( 'NONE',  ( -16.75000000000000000, -1.500000000000000000, 12.52457514062632704 ) ) ;
#312 = ORIENTED_EDGE ( 'NONE', *, *, #1765, .T. ) ;
#313 = DIRECTION ( 'NONE',  ( -2.312964634635742957E-16, -0.000000000000000000, 1.000000000000000000 ) ) ;
#314 = ORIENTED_EDGE ( 'NONE', *, *, #1124, .F. ) ;
#315 = EDGE_CURVE ( 'NONE', #50, #1764, #852, .T. ) ;
#316 = FACE_BOUND ( 'NONE', #1074, .T. ) ;
#317 = CARTESIAN_POINT ( 'NONE',  ( -18.31524758424985322, -1.500000000000000000, 13.30719893275125365 ) ) ;
#318 = DIRECTION ( 'NONE',  ( 0.000000000000000000, -1.000000000000000000, -0.000000000000000000 ) ) ;
#319 = CARTESIAN_POINT ( 'NONE',  ( 15.73305598115667259, -1.500000000000000000, -22.06275816373266707 ) ) ;
#320 = ORIENTED_EDGE ( 'NONE', *, *, #1956, .F. ) ;
#321 = DIRECTION ( 'NONE',  ( 0.000000000000000000, -1.000000000000000000, -0.000000000000000000 ) ) ;
#322 = ORIENTED_EDGE ( 'NONE', *, *, #442, .T. ) ;
#323 = EDGE_CURVE ( 'NONE', #1910, #85, #1280, .T. ) ;
#324 = ORIENTED_EDGE ( 'NONE', *, *, #1802, .T. ) ;
#325 = EDGE_CURVE ( 'NONE', #441, #185, #809, .T. ) ;
#326 = CARTESIAN_POINT ( 'NONE',  ( 13.44574372578792953, -1.500000000000000000, -12.37636669105985199 ) ) ;
#327 = DIRECTION ( 'NONE',  ( 0.4472135954999575946, -0.000000000000000000, 0.8944271909999160775 ) ) ;
#328 = ADVANCED_FACE ( 'NONE', ( #1422 ), #31, .F. ) ;
#329 = LINE ( 'NONE', #949, #563 ) ;
#330 = CYLINDRICAL_SURFACE ( 'NONE', #664, 1.749999999999999778 ) ;
#331 = ORIENTED_EDGE ( 'NONE', *, *, #269, .F. ) ;
#332 = DIRECTION ( 'NONE',  ( 0.000000000000000000, 0.000000000000000000, -1.000000000000000000 ) ) ;
#333 = VECTOR ( 'NONE', #1192, 1000.000000000000000 ) ;
#334 = VECTOR ( 'NONE', #1278, 1000.000000000000000 ) ;
#335 = ORIENTED_EDGE ( 'NONE', *, *, #41, .T. ) ;
#336 = AXIS2_PLACEMENT_3D ( 'NONE', #2003, #1690, #489 ) ;
#337 = VECTOR ( 'NONE', #763, 1000.000000000000000 ) ;
#338 = DIRECTION ( 'NONE',  ( 0.000000000000000000, -1.000000000000000000, -0.000000000000000000 ) ) ;
#339 = AXIS2_PLACEMENT_3D ( 'NONE', #420, #1964, #1819 ) ;
#340 = CARTESIAN_POINT ( 'NONE',  ( 8.439833588694011013, 1.500000000000000000, -5.219782517540081379 ) ) ;
#341 = CARTESIAN_POINT ( 'NONE',  ( -7.500000000000043521, -1.500000000000000000, 25.00000000000000000 ) ) ;
#342 = ORIENTED_EDGE ( 'NONE', *, *, #1081, .T. ) ;
#343 = DIRECTION ( 'NONE',  ( 0.000000000000000000, 0.000000000000000000, -1.000000000000000000 ) ) ;
#344 = EDGE_LOOP ( 'NONE', ( #1424, #200, #1282, #1249 ) ) ;
#345 = FACE_OUTER_BOUND ( 'NONE', #160, .T. ) ;
#346 = DIRECTION ( 'NONE',  ( 0.000000000000000000, 0.000000000000000000, -1.000000000000000000 ) ) ;
#347 = DIRECTION ( 'NONE',  ( 0.000000000000000000, 0.000000000000000000, -1.000000000000000000 ) ) ;
#348 = VERTEX_POINT ( 'NONE', #1907 ) ;
#349 = EDGE_CURVE ( 'NONE', #1263, #1169, #1822, .T. ) ;
#350 = DIRECTION ( 'NONE',  ( -0.000000000000000000, -1.000000000000000000, -0.000000000000000000 ) ) ;
#351 = ORIENTED_EDGE ( 'NONE', *, *, #1427, .F. ) ;
#352 = ORIENTED_EDGE ( 'NONE', *, *, #1867, .F. ) ;
#353 = CARTESIAN_POINT ( 'NONE',  ( -7.500000000000040856, -1.500000000000000000, 6.699999999999999289 ) ) ;
#354 = EDGE_CURVE ( 'NONE', #942, #1583, #1497, .T. ) ;
#355 = CARTESIAN_POINT ( 'NONE',  ( -5.000000000000000888, 1.500000000000000000, -7.499999999999999112 ) ) ;
#356 = DIRECTION ( 'NONE',  ( 0.000000000000000000, 0.000000000000000000, -1.000000000000000000 ) ) ;
#357 = ORIENTED_EDGE ( 'NONE', *, *, #1793, .F. ) ;
#358 = VERTEX_POINT ( 'NONE', #367 ) ;
#359 = CARTESIAN_POINT ( 'NONE',  ( -19.97507764050038759, 1.500000000000000000, 9.987538820250186689 ) ) ;
#360 = AXIS2_PLACEMENT_3D ( 'NONE', #879, #1933, #722 ) ;
#361 = ORIENTED_EDGE ( 'NONE', *, *, #54, .T. ) ;
#362 = EDGE_CURVE ( 'NONE', #833, #348, #329, .T. ) ;
#363 = ORIENTED_EDGE ( 'NONE', *, *, #851, .F. ) ;
#364 = VECTOR ( 'NONE', #954, 1000.000000000000000 ) ;
#365 = CYLINDRICAL_SURFACE ( 'NONE', #731, 1.699999999999998845 ) ;
#366 = VECTOR ( 'NONE', #610, 1000.000000000000000 ) ;
#367 = CARTESIAN_POINT ( 'NONE',  ( -13.91844051968769591, 1.500000000000000000, 30.00000000000000711 ) ) ;
#368 = CARTESIAN_POINT ( 'NONE',  ( 5.999999999999985789, -1.500000000000000000, -16.44337567297408853 ) ) ;
#369 = AXIS2_PLACEMENT_3D ( 'NONE', #1506, #119, #430 ) ;
#370 = EDGE_LOOP ( 'NONE', ( #1556, #391 ) ) ;
#371 = VERTEX_POINT ( 'NONE', #250 ) ;
#372 = DIRECTION ( 'NONE',  ( -2.312964634635742957E-16, -0.000000000000000000, 1.000000000000000000 ) ) ;
#373 = ORIENTED_EDGE ( 'NONE', *, *, #1734, .T. ) ;
#374 = ORIENTED_EDGE ( 'NONE', *, *, #1610, .F. ) ;
#375 = CARTESIAN_POINT ( 'NONE',  ( 7.745190528383267825, 1.500000000000000000, -13.41506350946113635 ) ) ;
#376 = EDGE_CURVE ( 'NONE', #1916, #1864, #1653, .T. ) ;
#377 = CARTESIAN_POINT ( 'NONE',  ( 1.750000000000000000, 1.500000000000000000, -10.83215974080634680 ) ) ;
#378 = DIRECTION ( 'NONE',  ( 0.4472135954999577057, 0.000000000000000000, 0.8944271909999159664 ) ) ;
#379 = DIRECTION ( 'NONE',  ( 0.000000000000000000, 1.000000000000000000, -0.000000000000000000 ) ) ;
#380 = ORIENTED_EDGE ( 'NONE', *, *, #69, .F. ) ;
#381 = ORIENTED_EDGE ( 'NONE', *, *, #1406, .F. ) ;
#382 = DIRECTION ( 'NONE',  ( 0.000000000000000000, 0.000000000000000000, -1.000000000000000000 ) ) ;
#383 = VERTEX_POINT ( 'NONE', #869 ) ;
#384 = EDGE_CURVE ( 'NONE', #1043, #262, #1590, .T. ) ;
#385 = ORIENTED_EDGE ( 'NONE', *, *, #191, .F. ) ;
#386 = CARTESIAN_POINT ( 'NONE',  ( 11.83983358869399716, -1.500000000000000000, -13.07174617851899967 ) ) ;
#387 = ADVANCED_FACE ( 'NONE', ( #1353 ), #1770, .T. ) ;
#388 = CARTESIAN_POINT ( 'NONE',  ( -25.00000000000000000, -1.500000000000001776, -7.499999999999997335 ) ) ;
#389 = DIRECTION ( 'NONE',  ( 0.000000000000000000, -1.000000000000000000, 0.000000000000000000 ) ) ;
#390 = DIRECTION ( 'NONE',  ( -0.000000000000000000, 1.000000000000000000, 0.000000000000000000 ) ) ;
#391 = ORIENTED_EDGE ( 'NONE', *, *, #958, .T. ) ;
#392 = EDGE_CURVE ( 'NONE', #510, #970, #1970, .T. ) ;
#393 = ORIENTED_EDGE ( 'NONE', *, *, #1110, .F. ) ;
#394 = DIRECTION ( 'NONE',  ( -0.000000000000000000, -1.000000000000000000, -0.000000000000000000 ) ) ;
#395 = ORIENTED_EDGE ( 'NONE', *, *, #1023, .T. ) ;
#396 = AXIS2_PLACEMENT_3D ( 'NONE', #1536, #310, #901 ) ;
#397 = VERTEX_POINT ( 'NONE', #1313 ) ;
#398 = VECTOR ( 'NONE', #1980, 1000.000000000000000 ) ;
#399 = AXIS2_PLACEMENT_3D ( 'NONE', #125, #276, #1461 ) ;
#400 = CARTESIAN_POINT ( 'NONE',  ( -6.495190528383327333, 1.500000000000000000, -11.24999999999993605 ) ) ;
#401 = LINE ( 'NONE', #268, #1561 ) ;
#402 = DIRECTION ( 'NONE',  ( 0.000000000000000000, 0.000000000000000000, 1.000000000000000000 ) ) ;
#403 = ORIENTED_EDGE ( 'NONE', *, *, #1399, .F. ) ;
#404 = AXIS2_PLACEMENT_3D ( 'NONE', #1680, #1358, #1977 ) ;
#405 = DIRECTION ( 'NONE',  ( 0.000000000000000000, -1.000000000000000000, -0.000000000000000000 ) ) ;
#406 = DIRECTION ( 'NONE',  ( -0.000000000000000000, -1.000000000000000000, -0.000000000000000000 ) ) ;
#407 = AXIS2_PLACEMENT_3D ( 'NONE', #640, #929, #1696 ) ;
#408 = EDGE_LOOP ( 'NONE', ( #1805, #1245 ) ) ;
#409 = ORIENTED_EDGE ( 'NONE', *, *, #1321, .F. ) ;
#410 = CARTESIAN_POINT ( 'NONE',  ( -29.99999999999999645, 1.500000000000000000, -14.99999999999999467 ) ) ;
#411 = CARTESIAN_POINT ( 'NONE',  ( 6.809785048659601436, -1.500000000000000000, 2.948723423225317219 ) ) ;
#412 = DIRECTION ( 'NONE',  ( -0.8660254037844375974, -0.000000000000000000, 0.5000000000000016653 ) ) ;
#413 = VERTEX_POINT ( 'NONE', #1331 ) ;
#414 = DIRECTION ( 'NONE',  ( 0.000000000000000000, 0.000000000000000000, -1.000000000000000000 ) ) ;
#415 = CARTESIAN_POINT ( 'NONE',  ( -7.500000000000043521, -1.500000000000001776, 25.00000000000000000 ) ) ;
#416 = ADVANCED_FACE ( 'NONE', ( #76 ), #1154, .F. ) ;
#417 = EDGE_LOOP ( 'NONE', ( #1303, #38, #1938, #1333 ) ) ;
#418 =( NAMED_UNIT ( * ) PLANE_ANGLE_UNIT ( ) SI_UNIT ( $, .RADIAN. ) );
#419 = CARTESIAN_POINT ( 'NONE',  ( -23.70253515456301585, -1.500000000000000000, 2.532623792124923945 ) ) ;
#420 = CARTESIAN_POINT ( 'NONE',  ( 5.999999999999985789, -1.500000000000000000, -16.44337567297408853 ) ) ;
#421 = EDGE_CURVE ( 'NONE', #711, #1014, #1493, .T. ) ;
#422 = DIRECTION ( 'NONE',  ( 0.000000000000000000, -1.000000000000000000, -0.000000000000000000 ) ) ;
#423 = LINE ( 'NONE', #1984, #570 ) ;
#424 = ORIENTED_EDGE ( 'NONE', *, *, #1890, .T. ) ;
#425 = DIRECTION ( 'NONE',  ( -0.8660254037844399289, 0.000000000000000000, -0.4999999999999978351 ) ) ;
#426 = EDGE_CURVE ( 'NONE', #683, #724, #1398, .T. ) ;
#427 = AXIS2_PLACEMENT_3D ( 'NONE', #1820, #111, #739 ) ;
#428 = VECTOR ( 'NONE', #389, 1000.000000000000000 ) ;
#429 = FACE_BOUND ( 'NONE', #370, .T. ) ;
#430 = DIRECTION ( 'NONE',  ( -1.000000000000000000, 0.000000000000000000, 0.000000000000000000 ) ) ;
#431 = VECTOR ( 'NONE', #1388, 999.9999999999998863 ) ;
#432 = EDGE_LOOP ( 'NONE', ( #540, #582, #242, #520 ) ) ;
#433 = DIRECTION ( 'NONE',  ( -0.9176629354822478657, 0.000000000000000000, -0.3973597071195114627 ) ) ;
#434 = VECTOR ( 'NONE', #313, 1000.000000000000000 ) ;
#435 = EDGE_CURVE ( 'NONE', #1394, #1095, #227, .T. ) ;
#436 = AXIS2_PLACEMENT_3D ( 'NONE', #1807, #726, #1946 ) ;
#437 = ORIENTED_EDGE ( 'NONE', *, *, #1391, .F. ) ;
#438 = DIRECTION ( 'NONE',  ( 0.000000000000000000, 1.000000000000000000, 0.000000000000000000 ) ) ;
#439 = VERTEX_POINT ( 'NONE', #1626 ) ;
#440 = CIRCLE ( 'NONE', #504, 1.700000000000000178 ) ;
#441 = VERTEX_POINT ( 'NONE', #1464 ) ;
#442 = EDGE_CURVE ( 'NONE', #490, #1852, #401, .T. ) ;
#443 = LINE ( 'NONE', #937, #172 ) ;
#444 = DIRECTION ( 'NONE',  ( 0.000000000000000000, 0.000000000000000000, -1.000000000000000000 ) ) ;
#445 = DIRECTION ( 'NONE',  ( -2.312964634635740492E-16, 0.000000000000000000, -1.000000000000000000 ) ) ;
#446 = LINE ( 'NONE', #773, #366 ) ;
#447 = EDGE_LOOP ( 'NONE', ( #1484, #1519, #363, #698 ) ) ;
#448 = DIRECTION ( 'NONE',  ( -0.000000000000000000, -1.000000000000000000, -0.000000000000000000 ) ) ;
#449 = EDGE_CURVE ( 'NONE', #1095, #168, #1302, .T. ) ;
#450 = ORIENTED_EDGE ( 'NONE', *, *, #384, .T. ) ;
#451 = APPLICATION_PROTOCOL_DEFINITION ( 'draft international standard', 'automotive_design', 1998, #1868 ) ;
#452 = CARTESIAN_POINT ( 'NONE',  ( 0.000000000000000000, -1.500000000000000000, 10.22972637552514463 ) ) ;
#453 = CYLINDRICAL_SURFACE ( 'NONE', #1276, 1.749999999999999778 ) ;
#454 = DIRECTION ( 'NONE',  ( 0.000000000000000000, -1.000000000000000000, -0.000000000000000000 ) ) ;
#455 = DIRECTION ( 'NONE',  ( -0.000000000000000000, 1.000000000000000000, 0.000000000000000000 ) ) ;
#456 = ADVANCED_FACE ( 'NONE', ( #1026 ), #914, .F. ) ;
#457 = ORIENTED_EDGE ( 'NONE', *, *, #1726, .F. ) ;
#458 = FACE_OUTER_BOUND ( 'NONE', #912, .T. ) ;
#459 = ORIENTED_EDGE ( 'NONE', *, *, #469, .T. ) ;
#460 = EDGE_LOOP ( 'NONE', ( #1295, #1836, #424, #999 ) ) ;
#461 = FACE_OUTER_BOUND ( 'NONE', #233, .T. ) ;
#462 = PRODUCT_DEFINITION_CONTEXT ( 'detailed design', #1868, 'design' ) ;
#463 = CARTESIAN_POINT ( 'NONE',  ( 17.84021765691029415, 1.500000000000000000, -40.59983660014386686 ) ) ;
#464 = AXIS2_PLACEMENT_3D ( 'NONE', #355, #977, #513 ) ;
#465 = FACE_OUTER_BOUND ( 'NONE', #646, .T. ) ;
#466 = VECTOR ( 'NONE', #1441, 1000.000000000000000 ) ;
#467 = AXIS2_PLACEMENT_3D ( 'NONE', #1207, #1917, #1161 ) ;
#468 = ORIENTED_EDGE ( 'NONE', *, *, #1052, .F. ) ;
#469 = EDGE_CURVE ( 'NONE', #1801, #150, #257, .T. ) ;
#470 = DIRECTION ( 'NONE',  ( -0.000000000000000000, -1.000000000000000000, -0.000000000000000000 ) ) ;
#471 = VECTOR ( 'NONE', #1205, 1000.000000000000000 ) ;
#472 = ORIENTED_EDGE ( 'NONE', *, *, #751, .F. ) ;
#473 = CYLINDRICAL_SURFACE ( 'NONE', #529, 1.750000000000001554 ) ;
#474 = DIRECTION ( 'NONE',  ( 0.5000000000000043299, 0.000000000000000000, 0.8660254037844362651 ) ) ;
#475 = EDGE_CURVE ( 'NONE', #85, #348, #1753, .T. ) ;
#476 = PLANE ( 'NONE',  #1365 ) ;
#477 = CARTESIAN_POINT ( 'NONE',  ( -7.500000000000043521, -1.500000000000001776, 28.15000000000000213 ) ) ;
#478 = VERTEX_POINT ( 'NONE', #107 ) ;
#479 = DIRECTION ( 'NONE',  ( 0.000000000000000000, -1.000000000000000000, -0.000000000000000000 ) ) ;
#480 = ORIENTED_EDGE ( 'NONE', *, *, #1381, .F. ) ;
#481 = EDGE_CURVE ( 'NONE', #1635, #1248, #498, .T. ) ;
#482 = ORIENTED_EDGE ( 'NONE', *, *, #1749, .T. ) ;
#483 = EDGE_CURVE ( 'NONE', #85, #1568, #1173, .T. ) ;
#484 = LINE ( 'NONE', #21, #466 ) ;
#485 = DIRECTION ( 'NONE',  ( -0.4472135954999575391, 0.000000000000000000, -0.8944271909999159664 ) ) ;
#486 = CARTESIAN_POINT ( 'NONE',  ( -7.500000000000043521, -0.04999999999999753253, 26.70000000000000284 ) ) ;
#487 = CARTESIAN_POINT ( 'NONE',  ( -29.99999999999999645, 1.500000000000000000, -13.98963702891815153 ) ) ;
#488 = ORIENTED_EDGE ( 'NONE', *, *, #1197, .F. ) ;
#489 = DIRECTION ( 'NONE',  ( 0.000000000000000000, 0.000000000000000000, -1.000000000000000000 ) ) ;
#490 = VERTEX_POINT ( 'NONE', #419 ) ;
#491 = DIRECTION ( 'NONE',  ( -0.000000000000000000, -1.000000000000000000, -0.000000000000000000 ) ) ;
#492 = ADVANCED_FACE ( 'NONE', ( #734 ), #1237, .F. ) ;
#493 = LINE ( 'NONE', #218, #885 ) ;
#494 = CARTESIAN_POINT ( 'NONE',  ( 3.673940397442059967E-15, -1.500000000000000000, 30.00000000000000355 ) ) ;
#495 = CIRCLE ( 'NONE', #1625, 1.700000000000000178 ) ;
#496 = EDGE_LOOP ( 'NONE', ( #1718, #855, #210, #871 ) ) ;
#497 = CARTESIAN_POINT ( 'NONE',  ( 16.96521765691029771, -1.500000000000000000, -42.11538105676663690 ) ) ;
#498 = CIRCLE ( 'NONE', #1789, 1.699999999999998845 ) ;
#499 = VECTOR ( 'NONE', #115, 1000.000000000000000 ) ;
#500 = ORIENTED_EDGE ( 'NONE', *, *, #230, .T. ) ;
#501 = CIRCLE ( 'NONE', #274, 1.699999999999999289 ) ;
#502 = VECTOR ( 'NONE', #1525, 1000.000000000000114 ) ;
#503 = DIRECTION ( 'NONE',  ( 0.000000000000000000, 0.000000000000000000, -1.000000000000000000 ) ) ;
#504 = AXIS2_PLACEMENT_3D ( 'NONE', #1251, #14, #1522 ) ;
#505 = ADVANCED_FACE ( 'NONE', ( #1811 ), #1684, .F. ) ;
#506 = DIRECTION ( 'NONE',  ( 1.000000000000000000, 0.000000000000000000, 0.000000000000000000 ) ) ;
#507 = CARTESIAN_POINT ( 'NONE',  ( 6.809785048659601436, -1.500000000000000000, 2.948723423225317219 ) ) ;
#508 = ORIENTED_EDGE ( 'NONE', *, *, #1541, .F. ) ;
#509 = CYLINDRICAL_SURFACE ( 'NONE', #920, 1.700000000000000178 ) ;
#510 = VERTEX_POINT ( 'NONE', #1512 ) ;
#511 = EDGE_CURVE ( 'NONE', #247, #1263, #1069, .T. ) ;
#512 = DIRECTION ( 'NONE',  ( 0.000000000000000000, 0.000000000000000000, -1.000000000000000000 ) ) ;
#513 = DIRECTION ( 'NONE',  ( 0.000000000000000000, 0.000000000000000000, -1.000000000000000000 ) ) ;
#514 = DIRECTION ( 'NONE',  ( -0.000000000000000000, -1.000000000000000000, -0.000000000000000000 ) ) ;
#515 = ORIENTED_EDGE ( 'NONE', *, *, #1170, .T. ) ;
#516 = ORIENTED_EDGE ( 'NONE', *, *, #1321, .T. ) ;
#517 = CARTESIAN_POINT ( 'NONE',  ( 1.749999999999999778, -1.500000000000000000, 11.97972637552514463 ) ) ;
#518 = ADVANCED_FACE ( 'NONE', ( #126 ), #162, .T. ) ;
#519 = ORIENTED_EDGE ( 'NONE', *, *, #1860, .T. ) ;
#520 = ORIENTED_EDGE ( 'NONE', *, *, #1221, .F. ) ;
#521 = DIRECTION ( 'NONE',  ( 0.000000000000000000, 0.000000000000000000, -1.000000000000000000 ) ) ;
#522 = DIRECTION ( 'NONE',  ( -2.973811673103098158E-15, 0.000000000000000000, -1.000000000000000000 ) ) ;
#523 = DIRECTION ( 'NONE',  ( -0.8660254037844399289, 0.000000000000000000, -0.4999999999999978351 ) ) ;
#524 = ORIENTED_EDGE ( 'NONE', *, *, #1817, .T. ) ;
#525 = EDGE_LOOP ( 'NONE', ( #1088, #86, #883, #124 ) ) ;
#526 = CARTESIAN_POINT ( 'NONE',  ( 0.5801270189221621187, -1.500000000000000000, -23.99519052838326871 ) ) ;
#527 = AXIS2_PLACEMENT_3D ( 'NONE', #260, #893, #1178 ) ;
#528 = EDGE_LOOP ( 'NONE', ( #1041, #1827, #292, #981 ) ) ;
#529 = AXIS2_PLACEMENT_3D ( 'NONE', #615, #770, #1212 ) ;
#530 = ORIENTED_EDGE ( 'NONE', *, *, #601, .T. ) ;
#531 = AXIS2_PLACEMENT_3D ( 'NONE', #1096, #321, #1711 ) ;
#532 = DIRECTION ( 'NONE',  ( 0.000000000000000000, 0.000000000000000000, 1.000000000000000000 ) ) ;
#533 = AXIS2_PLACEMENT_3D ( 'NONE', #1290, #514, #1281 ) ;
#534 = DIRECTION ( 'NONE',  ( 0.000000000000000000, -1.000000000000000000, -0.000000000000000000 ) ) ;
#535 = CARTESIAN_POINT ( 'NONE',  ( 2.624999999999994671, 1.500000000000000000, -10.59770419742911507 ) ) ;
#536 = DIRECTION ( 'NONE',  ( 0.000000000000000000, 0.000000000000000000, -1.000000000000000000 ) ) ;
#537 = AXIS2_PLACEMENT_3D ( 'NONE', #463, #1223, #1839 ) ;
#538 = ORIENTED_EDGE ( 'NONE', *, *, #1768, .T. ) ;
#539 = ADVANCED_FACE ( 'NONE', ( #596, #144, #1665, #1818, #429, #1521, #787, #316, #461, #1552 ), #1832, .F. ) ;
#540 = ORIENTED_EDGE ( 'NONE', *, *, #958, .F. ) ;
#541 = DIRECTION ( 'NONE',  ( 7.930164461608253340E-15, 0.000000000000000000, -1.000000000000000000 ) ) ;
#542 = ORIENTED_EDGE ( 'NONE', *, *, #230, .F. ) ;
#543 = ADVANCED_FACE ( 'NONE', ( #1999 ), #473, .T. ) ;
#544 = ORIENTED_EDGE ( 'NONE', *, *, #577, .F. ) ;
#545 = CYLINDRICAL_SURFACE ( 'NONE', #399, 1.699999999999999289 ) ;
#546 = EDGE_CURVE ( 'NONE', #1773, #1902, #1692, .T. ) ;
#547 = DIRECTION ( 'NONE',  ( 0.000000000000000000, 0.000000000000000000, -1.000000000000000000 ) ) ;
#548 = DIRECTION ( 'NONE',  ( -0.000000000000000000, 1.000000000000000000, 0.000000000000000000 ) ) ;
#549 = CARTESIAN_POINT ( 'NONE',  ( -25.00000000000000000, -0.04999999999999753253, -5.799999999999997158 ) ) ;
#550 = ORIENTED_EDGE ( 'NONE', *, *, #1110, .T. ) ;
#551 = DIRECTION ( 'NONE',  ( -1.000000000000000000, 0.000000000000000000, 0.000000000000000000 ) ) ;
#552 = DIRECTION ( 'NONE',  ( 0.000000000000000000, -1.000000000000000000, -0.000000000000000000 ) ) ;
#553 = VERTEX_POINT ( 'NONE', #1542 ) ;
#554 = ORIENTED_EDGE ( 'NONE', *, *, #1492, .F. ) ;
#555 = DIRECTION ( 'NONE',  ( 8.659560562354921765E-17, -0.7071067811865486830, 0.7071067811865464625 ) ) ;
#556 = CARTESIAN_POINT ( 'NONE',  ( -5.000000000000000888, -1.500000000000001776, -7.499999999999999112 ) ) ;
#557 = DIRECTION ( 'NONE',  ( 0.000000000000000000, 0.000000000000000000, -1.000000000000000000 ) ) ;
#558 = ORIENTED_EDGE ( 'NONE', *, *, #1406, .T. ) ;
#559 = CARTESIAN_POINT ( 'NONE',  ( 0.000000000000000000, 1.500000000000000000, -9.082159740806346804 ) ) ;
#560 = CARTESIAN_POINT ( 'NONE',  ( -29.81524758424984967, -1.500000000000000000, 0.3695048315003057748 ) ) ;
#561 = ORIENTED_EDGE ( 'NONE', *, *, #1678, .T. ) ;
#562 = CIRCLE ( 'NONE', #1787, 3.149999999999999911 ) ;
#563 = VECTOR ( 'NONE', #1486, 1000.000000000000000 ) ;
#564 = VECTOR ( 'NONE', #604, 1000.000000000000000 ) ;
#565 = CIRCLE ( 'NONE', #821, 1.749999999999999778 ) ;
#566 = DIRECTION ( 'NONE',  ( -0.8660254037844375974, -0.000000000000000000, 0.5000000000000016653 ) ) ;
#567 = CARTESIAN_POINT ( 'NONE',  ( -5.000000000000000888, -1.500000000000001776, -4.349999999999998757 ) ) ;
#568 = CARTESIAN_POINT ( 'NONE',  ( -7.500000000000040856, -1.500000000000001776, 5.000000000000000888 ) ) ;
#569 = EDGE_LOOP ( 'NONE', ( #674, #1947, #1540, #956 ) ) ;
#570 = VECTOR ( 'NONE', #599, 999.9999999999998863 ) ;
#571 = ADVANCED_FACE ( 'NONE', ( #1202 ), #759, .F. ) ;
#572 = CIRCLE ( 'NONE', #1502, 1.750000000000000000 ) ;
#573 = ORIENTED_EDGE ( 'NONE', *, *, #323, .F. ) ;
#574 = CARTESIAN_POINT ( 'NONE',  ( 25.98076211353308551, 1.500000000000000000, -30.00000000000013145 ) ) ;
#575 = AXIS2_PLACEMENT_3D ( 'NONE', #127, #133, #485 ) ;
#576 = ORIENTED_EDGE ( 'NONE', *, *, #4, .T. ) ;
#577 = EDGE_CURVE ( 'NONE', #683, #1538, #443, .T. ) ;
#578 = AXIS2_PLACEMENT_3D ( 'NONE', #733, #1485, #1330 ) ;
#579 = DIRECTION ( 'NONE',  ( 0.000000000000000000, 0.000000000000000000, 1.000000000000000000 ) ) ;
#580 = DIRECTION ( 'NONE',  ( 0.000000000000000000, 0.000000000000000000, -1.000000000000000000 ) ) ;
#581 = LINE ( 'NONE', #1804, #1960 ) ;
#582 = ORIENTED_EDGE ( 'NONE', *, *, #69, .T. ) ;
#583 = LINE ( 'NONE', #865, #1596 ) ;
#584 = ORIENTED_EDGE ( 'NONE', *, *, #1228, .F. ) ;
#585 = ADVANCED_FACE ( 'NONE', ( #915 ), #308, .F. ) ;
#586 = CARTESIAN_POINT ( 'NONE',  ( 1.750000000000000000, -1.500000000000000000, -9.082159740806346804 ) ) ;
#587 = DIRECTION ( 'NONE',  ( 0.000000000000000000, -1.000000000000000000, 0.000000000000000000 ) ) ;
#588 = DIRECTION ( 'NONE',  ( 0.000000000000000000, -1.000000000000000000, 0.000000000000000000 ) ) ;
#589 = PLANE ( 'NONE',  #1587 ) ;
#590 = LINE ( 'NONE', #1668, #471 ) ;
#591 = ORIENTED_EDGE ( 'NONE', *, *, #1073, .F. ) ;
#592 = FACE_OUTER_BOUND ( 'NONE', #1757, .T. ) ;
#593 = EDGE_CURVE ( 'NONE', #637, #478, #1063, .T. ) ;
#594 = COLOUR_RGB ( '',0.7921568627450980005, 0.8196078431372548767, 0.9333333333333333481 ) ;
#595 = VECTOR ( 'NONE', #801, 1000.000000000000000 ) ;
#596 = FACE_BOUND ( 'NONE', #1160, .T. ) ;
#597 = CARTESIAN_POINT ( 'NONE',  ( 1.749999999999999778, -1.500000000000000000, 10.22972637552514463 ) ) ;
#598 = SURFACE_STYLE_FILL_AREA ( #1383 ) ;
#599 = DIRECTION ( 'NONE',  ( 0.000000000000000000, -0.7071067811865486830, -0.7071067811865464625 ) ) ;
#600 = AXIS2_PLACEMENT_3D ( 'NONE', #775, #470, #1126 ) ;
#601 = EDGE_CURVE ( 'NONE', #1733, #798, #1674, .T. ) ;
#602 = CIRCLE ( 'NONE', #1989, 1.699999999999999289 ) ;
#603 = EDGE_LOOP ( 'NONE', ( #867, #189, #1495, #1059, #33, #1137, #211, #17, #312, #352, #1600, #304, #1234 ) ) ;
#604 = DIRECTION ( 'NONE',  ( -0.000000000000000000, 1.000000000000000000, -0.000000000000000000 ) ) ;
#605 = CONICAL_SURFACE ( 'NONE', #1342, 3.149999999999999911, 0.7853981633974471688 ) ;
#606 = DIRECTION ( 'NONE',  ( 8.659560562354921765E-17, -0.7071067811865486830, 0.7071067811865464625 ) ) ;
#607 = EDGE_CURVE ( 'NONE', #168, #1939, #928, .T. ) ;
#608 = CARTESIAN_POINT ( 'NONE',  ( 3.673940397442059967E-15, 1.500000000000000000, 30.00000000000000355 ) ) ;
#609 = CARTESIAN_POINT ( 'NONE',  ( 3.673940397442059967E-15, 1.500000000000000000, 30.00000000000000355 ) ) ;
#610 = DIRECTION ( 'NONE',  ( 0.000000000000000000, -0.7071067811865483499, -0.7071067811865466846 ) ) ;
#611 = ORIENTED_EDGE ( 'NONE', *, *, #1056, .T. ) ;
#612 = CARTESIAN_POINT ( 'NONE',  ( -7.500000000000043521, -1.500000000000001776, 28.15000000000000213 ) ) ;
#613 = VERTEX_POINT ( 'NONE', #452 ) ;
#614 = CARTESIAN_POINT ( 'NONE',  ( 0.000000000000000000, 0.000000000000000000, 0.000000000000000000 ) ) ;
#615 = CARTESIAN_POINT ( 'NONE',  ( -1.149246059487657456, 1.500000000000000000, 28.24999999999999645 ) ) ;
#616 = LINE ( 'NONE', #1834, #1150 ) ;
#617 = PRESENTATION_STYLE_ASSIGNMENT (( #762 ) ) ;
#618 = CYLINDRICAL_SURFACE ( 'NONE', #305, 1.749999999999999778 ) ;
#619 = ORIENTED_EDGE ( 'NONE', *, *, #123, .F. ) ;
#620 = DIRECTION ( 'NONE',  ( -0.000000000000000000, 1.000000000000000000, 0.000000000000000000 ) ) ;
#621 = ORIENTED_EDGE ( 'NONE', *, *, #1940, .F. ) ;
#622 = CARTESIAN_POINT ( 'NONE',  ( -29.99999999999999645, 1.500000000000000000, -13.98963702891815153 ) ) ;
#623 = PLANE ( 'NONE',  #1698 ) ;
#624 = APPLICATION_CONTEXT ( 'automotive_design' ) ;
#625 = PRODUCT ( 'Top plate_2', 'Top plate_2', '', ( #1054 ) ) ;
#626 = AXIS2_PLACEMENT_3D ( 'NONE', #1343, #1963, #580 ) ;
#627 = FACE_BOUND ( 'NONE', #408, .T. ) ;
#628 = DIRECTION ( 'NONE',  ( 0.000000000000000000, 0.000000000000000000, -1.000000000000000000 ) ) ;
#629 = EDGE_CURVE ( 'NONE', #1440, #678, #294, .T. ) ;
#630 = CONICAL_SURFACE ( 'NONE', #886, 3.149999999999999911, 0.7853981633974472798 ) ;
#631 = AXIS2_PLACEMENT_3D ( 'NONE', #212, #552, #343 ) ;
#632 = EDGE_LOOP ( 'NONE', ( #152, #1226, #1895, #480 ) ) ;
#633 = LINE ( 'NONE', #183, #1340 ) ;
#634 = VERTEX_POINT ( 'NONE', #622 ) ;
#635 = EDGE_CURVE ( 'NONE', #1248, #553, #1706, .T. ) ;
#636 = AXIS2_PLACEMENT_3D ( 'NONE', #2001, #1994, #1225 ) ;
#637 = VERTEX_POINT ( 'NONE', #1414 ) ;
#638 = AXIS2_PLACEMENT_3D ( 'NONE', #1100, #1390, #1 ) ;
#639 = CARTESIAN_POINT ( 'NONE',  ( 0.5801270189221625628, -1.500000000000001776, -20.84519052838326658 ) ) ;
#640 = CARTESIAN_POINT ( 'NONE',  ( 1.749999999999999778, -1.500000000000000000, 10.22972637552514463 ) ) ;
#641 =( LENGTH_UNIT ( ) NAMED_UNIT ( * ) SI_UNIT ( .MILLI., .METRE. ) );
#642 = DIRECTION ( 'NONE',  ( 0.000000000000000000, 0.000000000000000000, 1.000000000000000000 ) ) ;
#643 = ORIENTED_EDGE ( 'NONE', *, *, #1134, .T. ) ;
#644 = DIRECTION ( 'NONE',  ( 0.3973597071195114627, -0.000000000000000000, -0.9176629354822478657 ) ) ;
#645 = EDGE_CURVE ( 'NONE', #1902, #1773, #1562, .T. ) ;
#646 = EDGE_LOOP ( 'NONE', ( #936, #1923, #853, #1825 ) ) ;
#647 = FACE_OUTER_BOUND ( 'NONE', #962, .T. ) ;
#648 = CARTESIAN_POINT ( 'NONE',  ( -30.00000000000000000, 1.500000000000000000, -0.4131189606246223889 ) ) ;
#649 = DIRECTION ( 'NONE',  ( 0.000000000000000000, 0.000000000000000000, -1.000000000000000000 ) ) ;
#650 = ORIENTED_EDGE ( 'NONE', *, *, #972, .T. ) ;
#651 = CARTESIAN_POINT ( 'NONE',  ( -29.81524758424985322, 1.500000000000000000, 0.3695048315003023331 ) ) ;
#652 = VERTEX_POINT ( 'NONE', #807 ) ;
#653 = EDGE_CURVE ( 'NONE', #1440, #441, #1020, .T. ) ;
#654 = DIRECTION ( 'NONE',  ( -0.000000000000000000, -1.000000000000000000, -0.000000000000000000 ) ) ;
#655 = LINE ( 'NONE', #187, #595 ) ;
#656 = CARTESIAN_POINT ( 'NONE',  ( 17.33896611825060674, 1.500000000000000000, -21.36737867627352827 ) ) ;
#657 = AXIS2_PLACEMENT_3D ( 'NONE', #1167, #405, #101 ) ;
#658 = ORIENTED_EDGE ( 'NONE', *, *, #303, .T. ) ;
#659 = DIRECTION ( 'NONE',  ( -0.000000000000000000, -1.000000000000000000, -0.000000000000000000 ) ) ;
#660 = EDGE_CURVE ( 'NONE', #786, #784, #484, .T. ) ;
#661 = CIRCLE ( 'NONE', #1955, 3.149999999999999023 ) ;
#662 = ORIENTED_EDGE ( 'NONE', *, *, #213, .F. ) ;
#663 = CIRCLE ( 'NONE', #1471, 1.750000000000001554 ) ;
#664 = AXIS2_PLACEMENT_3D ( 'NONE', #180, #379, #1423 ) ;
#665 = ORIENTED_EDGE ( 'NONE', *, *, #1381, .T. ) ;
#666 = DIRECTION ( 'NONE',  ( 0.000000000000000000, -1.000000000000000000, -0.000000000000000000 ) ) ;
#667 = CIRCLE ( 'NONE', #638, 3.149999999999999911 ) ;
#668 = EDGE_CURVE ( 'NONE', #828, #683, #205, .T. ) ;
#669 = CARTESIAN_POINT ( 'NONE',  ( -15.00000000000000000, -1.500000000000000000, 1.750000000000000000 ) ) ;
#670 = CARTESIAN_POINT ( 'NONE',  ( -5.000000000000000888, -1.500000000000000000, -7.499999999999999112 ) ) ;
#671 = ORIENTED_EDGE ( 'NONE', *, *, #668, .F. ) ;
#672 = ORIENTED_EDGE ( 'NONE', *, *, #729, .F. ) ;
#673 = CARTESIAN_POINT ( 'NONE',  ( 0.5801270189221621187, 1.500000000000000000, -25.69519052838326800 ) ) ;
#674 = ORIENTED_EDGE ( 'NONE', *, *, #376, .F. ) ;
#675 = FACE_OUTER_BOUND ( 'NONE', #831, .T. ) ;
#676 = FACE_OUTER_BOUND ( 'NONE', #460, .T. ) ;
#677 = CARTESIAN_POINT ( 'NONE',  ( 7.745190528383267825, -1.500000000000000000, -13.41506350946113635 ) ) ;
#678 = VERTEX_POINT ( 'NONE', #639 ) ;
#679 = ADVANCED_FACE ( 'NONE', ( #1099 ), #53, .T. ) ;
#680 = ORIENTED_EDGE ( 'NONE', *, *, #593, .T. ) ;
#681 = CARTESIAN_POINT ( 'NONE',  ( -7.500000000000040856, -1.500000000000001776, 5.000000000000000888 ) ) ;
#682 = ORIENTED_EDGE ( 'NONE', *, *, #1366, .F. ) ;
#683 = VERTEX_POINT ( 'NONE', #40 ) ;
#684 = CARTESIAN_POINT ( 'NONE',  ( -29.99999999999999645, -1.500000000000000000, -13.98963702891815153 ) ) ;
#685 = EDGE_CURVE ( 'NONE', #1773, #637, #1602, .T. ) ;
#686 = DIRECTION ( 'NONE',  ( 0.000000000000000000, 1.000000000000000000, 0.000000000000000000 ) ) ;
#687 = CARTESIAN_POINT ( 'NONE',  ( -7.500000000000043521, -1.500000000000001776, 21.85000000000000142 ) ) ;
#688 = CARTESIAN_POINT ( 'NONE',  ( -22.13728757031316263, 1.500000000000000000, 1.749999999999999778 ) ) ;
#689 = ORIENTED_EDGE ( 'NONE', *, *, #635, .T. ) ;
#690 = VERTEX_POINT ( 'NONE', #1129 ) ;
#691 = EDGE_CURVE ( 'NONE', #1939, #1394, #917, .T. ) ;
#692 = DIRECTION ( 'NONE',  ( -0.000000000000000000, -1.000000000000000000, -0.000000000000000000 ) ) ;
#693 = AXIS2_PLACEMENT_3D ( 'NONE', #1046, #121, #414 ) ;
#694 = AXIS2_PLACEMENT_3D ( 'NONE', #1037, #240, #846 ) ;
#695 = ORIENTED_EDGE ( 'NONE', *, *, #1048, .F. ) ;
#696 = ADVANCED_FACE ( 'NONE', ( #647 ), #951, .F. ) ;
#697 = VECTOR ( 'NONE', #1563, 1000.000000000000000 ) ;
#698 = ORIENTED_EDGE ( 'NONE', *, *, #1765, .F. ) ;
#699 = AXIS2_PLACEMENT_3D ( 'NONE', #681, #1598, #1448 ) ;
#700 = DIRECTION ( 'NONE',  ( -0.000000000000000000, -1.000000000000000000, -0.000000000000000000 ) ) ;
#701 = AXIS2_PLACEMENT_3D ( 'NONE', #157, #781, #628 ) ;
#702 = CARTESIAN_POINT ( 'NONE',  ( -18.31524758424985322, -1.500000000000000000, 13.30719893275125365 ) ) ;
#703 = CARTESIAN_POINT ( 'NONE',  ( 17.84021765691029415, 1.500000000000000000, -42.34983660014386686 ) ) ;
#704 = CARTESIAN_POINT ( 'NONE',  ( 5.245190528383274930, -1.500000000000000000, -9.084936490538931153 ) ) ;
#705 = VECTOR ( 'NONE', #523, 999.9999999999998863 ) ;
#706 = ORIENTED_EDGE ( 'NONE', *, *, #1998, .F. ) ;
#707 = ORIENTED_EDGE ( 'NONE', *, *, #691, .F. ) ;
#708 = CYLINDRICAL_SURFACE ( 'NONE', #1828, 1.750000000000000000 ) ;
#709 = ORIENTED_EDGE ( 'NONE', *, *, #354, .F. ) ;
#710 = VECTOR ( 'NONE', #566, 1000.000000000000114 ) ;
#711 = VERTEX_POINT ( 'NONE', #186 ) ;
#712 = CARTESIAN_POINT ( 'NONE',  ( -22.13728757031316263, -1.500000000000000000, 1.749999999999999778 ) ) ;
#713 = DIRECTION ( 'NONE',  ( 0.000000000000000000, 0.000000000000000000, -1.000000000000000000 ) ) ;
#714 = LINE ( 'NONE', #704, #988 ) ;
#715 = ORIENTED_EDGE ( 'NONE', *, *, #1468, .T. ) ;
#716 = DIRECTION ( 'NONE',  ( -0.000000000000000000, -1.000000000000000000, -0.000000000000000000 ) ) ;
#717 = FACE_OUTER_BOUND ( 'NONE', #1667, .T. ) ;
#718 = VERTEX_POINT ( 'NONE', #1108 ) ;
#719 = EDGE_LOOP ( 'NONE', ( #457, #1296, #1410, #508, #776, #1738, #48, #1622 ) ) ;
#720 = ADVANCED_FACE ( 'NONE', ( #675 ), #1887, .F. ) ;
#721 = CARTESIAN_POINT ( 'NONE',  ( -7.500000000000040856, -1.500000000000001776, 5.000000000000000888 ) ) ;
#722 = DIRECTION ( 'NONE',  ( 0.000000000000000000, 0.000000000000000000, -1.000000000000000000 ) ) ;
#723 = CARTESIAN_POINT ( 'NONE',  ( 0.5801270189221621187, -1.500000000000001776, -23.99519052838326871 ) ) ;
#724 = VERTEX_POINT ( 'NONE', #1120 ) ;
#725 = DIRECTION ( 'NONE',  ( 0.000000000000000000, 1.000000000000000000, -0.000000000000000000 ) ) ;
#726 = DIRECTION ( 'NONE',  ( -0.8660254037844365982, 0.000000000000000000, 0.5000000000000035527 ) ) ;
#727 = ORIENTED_EDGE ( 'NONE', *, *, #785, .F. ) ;
#728 = AXIS2_PLACEMENT_3D ( 'NONE', #253, #1481, #873 ) ;
#729 = EDGE_CURVE ( 'NONE', #1488, #1733, #854, .T. ) ;
#730 = VECTOR ( 'NONE', #1012, 1000.000000000000000 ) ;
#731 = AXIS2_PLACEMENT_3D ( 'NONE', #30, #1888, #503 ) ;
#732 = CIRCLE ( 'NONE', #1433, 1.700000000000000178 ) ;
#733 = CARTESIAN_POINT ( 'NONE',  ( -28.24999999999999289, -1.500000000000000000, -13.98963702891815153 ) ) ;
#734 = FACE_OUTER_BOUND ( 'NONE', #934, .T. ) ;
#735 = CYLINDRICAL_SURFACE ( 'NONE', #892, 1.750000000000001554 ) ;
#736 = ORIENTED_EDGE ( 'NONE', *, *, #1972, .F. ) ;
#737 = AXIS2_PLACEMENT_3D ( 'NONE', #574, #433, #1348 ) ;
#738 = ADVANCED_FACE ( 'NONE', ( #1138 ), #365, .F. ) ;
#739 = DIRECTION ( 'NONE',  ( 0.000000000000000000, 0.000000000000000000, -1.000000000000000000 ) ) ;
#740 = DIRECTION ( 'NONE',  ( 0.000000000000000000, 0.000000000000000000, -1.000000000000000000 ) ) ;
#741 = ORIENTED_EDGE ( 'NONE', *, *, #729, .T. ) ;
#742 = LINE ( 'NONE', #375, #1631 ) ;
#743 = CARTESIAN_POINT ( 'NONE',  ( 5.124999999999990230, 1.500000000000000000, -14.92783121635132204 ) ) ;
#744 = CARTESIAN_POINT ( 'NONE',  ( 11.83983358869399716, -1.500000000000000000, -13.07174617851899967 ) ) ;
#745 = DIRECTION ( 'NONE',  ( 0.000000000000000000, -1.000000000000000000, -0.000000000000000000 ) ) ;
#746 = LINE ( 'NONE', #1362, #858 ) ;
#747 = ORIENTED_EDGE ( 'NONE', *, *, #607, .F. ) ;
#748 = DIRECTION ( 'NONE',  ( 0.000000000000000000, 0.000000000000000000, -1.000000000000000000 ) ) ;
#749 = DIRECTION ( 'NONE',  ( 0.000000000000000000, 0.000000000000000000, -1.000000000000000000 ) ) ;
#750 = LINE ( 'NONE', #1685, #246 ) ;
#751 = EDGE_CURVE ( 'NONE', #1396, #150, #1209, .T. ) ;
#752 = CARTESIAN_POINT ( 'NONE',  ( 10.96483358869400426, -1.500000000000000000, -11.55620172189623318 ) ) ;
#753 = ADVANCED_FACE ( 'NONE', ( #345 ), #630, .F. ) ;
#754 = EDGE_LOOP ( 'NONE', ( #1693, #881, #643, #741 ) ) ;
#755 = DIRECTION ( 'NONE',  ( 0.8660254037844399289, 0.000000000000000000, 0.4999999999999977796 ) ) ;
#756 = EDGE_CURVE ( 'NONE', #1721, #1538, #1180, .T. ) ;
#757 = CIRCLE ( 'NONE', #1177, 1.749999999999999778 ) ;
#758 = VECTOR ( 'NONE', #1505, 999.9999999999998863 ) ;
#759 = PLANE ( 'NONE',  #1145 ) ;
#760 = CARTESIAN_POINT ( 'NONE',  ( 5.245190528383274930, 1.500000000000000000, -9.084936490538931153 ) ) ;
#761 = AXIS2_PLACEMENT_3D ( 'NONE', #1067, #1660, #755 ) ;
#762 = SURFACE_STYLE_USAGE ( .BOTH. , #1699 ) ;
#763 = DIRECTION ( 'NONE',  ( 8.659560562354922997E-17, -0.7071067811865483499, 0.7071067811865466846 ) ) ;
#764 = VECTOR ( 'NONE', #372, 1000.000000000000000 ) ;
#765 = VECTOR ( 'NONE', #1958, 1000.000000000000000 ) ;
#766 = ORIENTED_EDGE ( 'NONE', *, *, #1549, .T. ) ;
#767 = CARTESIAN_POINT ( 'NONE',  ( 1.749999999999999778, -1.500000000000000000, 11.97972637552514463 ) ) ;
#768 = AXIS2_PLACEMENT_3D ( 'NONE', #1574, #837, #649 ) ;
#769 = EDGE_LOOP ( 'NONE', ( #1783, #1339, #1118, #1418, #1935, #1594, #244 ) ) ;
#770 = DIRECTION ( 'NONE',  ( 0.000000000000000000, -1.000000000000000000, 0.000000000000000000 ) ) ;
#771 = CARTESIAN_POINT ( 'NONE',  ( 1.749999999999999778, 1.500000000000000000, 10.22972637552514463 ) ) ;
#772 = DIRECTION ( 'NONE',  ( 0.8660254037844361541, 0.000000000000000000, -0.5000000000000042188 ) ) ;
#773 = CARTESIAN_POINT ( 'NONE',  ( -7.500000000000040856, -1.500000000000001776, 1.850000000000000977 ) ) ;
#774 = ORIENTED_EDGE ( 'NONE', *, *, #1878, .F. ) ;
#775 = CARTESIAN_POINT ( 'NONE',  ( 17.90063509461088032, -0.04999999999999753253, -33.99519052838336819 ) ) ;
#776 = ORIENTED_EDGE ( 'NONE', *, *, #1523, .T. ) ;
#777 = EDGE_CURVE ( 'NONE', #924, #970, #1430, .T. ) ;
#778 = CARTESIAN_POINT ( 'NONE',  ( 25.54055643048624802, 1.500000000000000000, -30.76245860881781624 ) ) ;
#779 = FACE_OUTER_BOUND ( 'NONE', #66, .T. ) ;
#780 = DIRECTION ( 'NONE',  ( -0.000000000000000000, -1.000000000000000000, -0.000000000000000000 ) ) ;
#781 = DIRECTION ( 'NONE',  ( 0.000000000000000000, -1.000000000000000000, 0.000000000000000000 ) ) ;
#782 = ORIENTED_EDGE ( 'NONE', *, *, #948, .T. ) ;
#783 = DIRECTION ( 'NONE',  ( 0.000000000000000000, -1.000000000000000000, -0.000000000000000000 ) ) ;
#784 = VERTEX_POINT ( 'NONE', #1906 ) ;
#785 = EDGE_CURVE ( 'NONE', #1538, #1272, #13, .T. ) ;
#786 = VERTEX_POINT ( 'NONE', #1010 ) ;
#787 = FACE_BOUND ( 'NONE', #769, .T. ) ;
#788 = CARTESIAN_POINT ( 'NONE',  ( -7.500000000000043521, 1.500000000000000000, 26.70000000000000284 ) ) ;
#789 = AXIS2_PLACEMENT_3D ( 'NONE', #1121, #1736, #836 ) ;
#790 = CARTESIAN_POINT ( 'NONE',  ( -5.000000000000000888, -1.500000000000001776, -7.499999999999999112 ) ) ;
#791 = CYLINDRICAL_SURFACE ( 'NONE', #1148, 1.749999999999999778 ) ;
#792 = ADVANCED_FACE ( 'NONE', ( #1623 ), #1931, .F. ) ;
#793 = VECTOR ( 'NONE', #1135, 1000.000000000000000 ) ;
#794 = EDGE_LOOP ( 'NONE', ( #468, #727, #1628, #403 ) ) ;
#795 = LINE ( 'NONE', #159, #434 ) ;
#796 = VERTEX_POINT ( 'NONE', #1050 ) ;
#797 = AXIS2_PLACEMENT_3D ( 'NONE', #1141, #1900, #44 ) ;
#798 = VERTEX_POINT ( 'NONE', #857 ) ;
#799 = CIRCLE ( 'NONE', #1058, 1.750000000000000000 ) ;
#800 = DIRECTION ( 'NONE',  ( 0.000000000000000000, 0.000000000000000000, -1.000000000000000000 ) ) ;
#801 = DIRECTION ( 'NONE',  ( -0.000000000000000000, -1.000000000000000000, -0.000000000000000000 ) ) ;
#802 = LINE ( 'NONE', #136, #1697 ) ;
#803 = ORIENTED_EDGE ( 'NONE', *, *, #1257, .F. ) ;
#804 = EDGE_CURVE ( 'NONE', #8, #1864, #9, .T. ) ;
#805 = LINE ( 'NONE', #18, #1211 ) ;
#806 = VERTEX_POINT ( 'NONE', #1297 ) ;
#807 = CARTESIAN_POINT ( 'NONE',  ( -16.75000000000000000, -1.500000000000000000, 0.000000000000000000 ) ) ;
#808 = ADVANCED_FACE ( 'NONE', ( #1000 ), #131, .F. ) ;
#809 = LINE ( 'NONE', #1921, #1367 ) ;
#810 = CARTESIAN_POINT ( 'NONE',  ( -18.31524758424985322, 1.500000000000000000, 13.30719893275125365 ) ) ;
#811 = ORIENTED_EDGE ( 'NONE', *, *, #1890, .F. ) ;
#812 = CARTESIAN_POINT ( 'NONE',  ( 17.90063509461088032, -1.500000000000000000, -33.99519052838336819 ) ) ;
#813 = EDGE_LOOP ( 'NONE', ( #1897, #1156, #1166, #1127 ) ) ;
#814 = EDGE_CURVE ( 'NONE', #358, #796, #1612, .T. ) ;
#815 = DIRECTION ( 'NONE',  ( 0.000000000000000000, 0.000000000000000000, -1.000000000000000000 ) ) ;
#816 = CARTESIAN_POINT ( 'NONE',  ( 16.96521765691029771, 1.500000000000000000, -42.11538105676663690 ) ) ;
#817 = DIRECTION ( 'NONE',  ( -0.000000000000000000, 1.000000000000000000, 0.000000000000000000 ) ) ;
#818 = AXIS2_PLACEMENT_3D ( 'NONE', #1891, #506, #346 ) ;
#819 = EDGE_LOOP ( 'NONE', ( #1315, #1098, #706, #944 ) ) ;
#820 = CYLINDRICAL_SURFACE ( 'NONE', #1889, 1.700000000000000178 ) ;
#821 = AXIS2_PLACEMENT_3D ( 'NONE', #1284, #1903, #1814 ) ;
#822 = ORIENTED_EDGE ( 'NONE', *, *, #1914, .F. ) ;
#823 = VECTOR ( 'NONE', #1102, 1000.000000000000000 ) ;
#824 = AXIS2_PLACEMENT_3D ( 'NONE', #744, #390, #890 ) ;
#825 = DIRECTION ( 'NONE',  ( 0.000000000000000000, 0.000000000000000000, -1.000000000000000000 ) ) ;
#826 = CARTESIAN_POINT ( 'NONE',  ( 11.83983358869399716, -1.500000000000000000, -13.07174617851899967 ) ) ;
#827 = CARTESIAN_POINT ( 'NONE',  ( -16.75000000000000000, 1.500000000000000000, 14.27457514062632704 ) ) ;
#828 = VERTEX_POINT ( 'NONE', #844 ) ;
#829 = ORIENTED_EDGE ( 'NONE', *, *, #213, .T. ) ;
#830 = DIRECTION ( 'NONE',  ( -0.000000000000000000, -1.000000000000000000, -0.000000000000000000 ) ) ;
#831 = EDGE_LOOP ( 'NONE', ( #357, #519, #1125, #1136 ) ) ;
#832 = EDGE_CURVE ( 'NONE', #247, #1014, #742, .T. ) ;
#833 = VERTEX_POINT ( 'NONE', #896 ) ;
#834 = DIRECTION ( 'NONE',  ( 0.000000000000000000, -1.000000000000000000, -0.000000000000000000 ) ) ;
#835 = ADVANCED_FACE ( 'NONE', ( #1152 ), #545, .F. ) ;
#836 = DIRECTION ( 'NONE',  ( 0.8660254037844377084, 0.000000000000000000, -0.5000000000000016653 ) ) ;
#837 = DIRECTION ( 'NONE',  ( -0.000000000000000000, -1.000000000000000000, -0.000000000000000000 ) ) ;
#838 = ORIENTED_EDGE ( 'NONE', *, *, #804, .F. ) ;
#839 = ADVANCED_FACE ( 'NONE', ( #1499 ), #225, .T. ) ;
#840 = ORIENTED_EDGE ( 'NONE', *, *, #325, .F. ) ;
#841 = CARTESIAN_POINT ( 'NONE',  ( -5.000000000000000888, -0.04999999999999753253, -7.499999999999999112 ) ) ;
#842 = ORIENTED_EDGE ( 'NONE', *, *, #297, .F. ) ;
#843 = EDGE_LOOP ( 'NONE', ( #380, #1875, #1460, #880 ) ) ;
#844 = CARTESIAN_POINT ( 'NONE',  ( 13.44574372578792953, -1.500000000000000000, -12.37636669105985554 ) ) ;
#845 = DIRECTION ( 'NONE',  ( 0.000000000000000000, 0.000000000000000000, -1.000000000000000000 ) ) ;
#846 = DIRECTION ( 'NONE',  ( 7.930164461608253340E-15, 0.000000000000000000, -1.000000000000000000 ) ) ;
#847 = CYLINDRICAL_SURFACE ( 'NONE', #891, 1.700000000000000178 ) ;
#848 = EDGE_LOOP ( 'NONE', ( #1766, #1387 ) ) ;
#849 = CARTESIAN_POINT ( 'NONE',  ( 0.5801270189221623408, 1.500000000000000000, -22.29519052838326587 ) ) ;
#850 = DIRECTION ( 'NONE',  ( 0.000000000000000000, -1.000000000000000000, -0.000000000000000000 ) ) ;
#851 = EDGE_CURVE ( 'NONE', #1457, #1670, #1826, .T. ) ;
#852 = CIRCLE ( 'NONE', #1794, 1.749999999999999778 ) ;
#853 = ORIENTED_EDGE ( 'NONE', *, *, #1884, .F. ) ;
#854 = CIRCLE ( 'NONE', #983, 1.699999999999999289 ) ;
#855 = ORIENTED_EDGE ( 'NONE', *, *, #1176, .F. ) ;
#856 = CIRCLE ( 'NONE', #1306, 1.699999999999999289 ) ;
#857 = CARTESIAN_POINT ( 'NONE',  ( -25.00000000000000000, -1.500000000000001776, -4.349999999999996980 ) ) ;
#858 = VECTOR ( 'NONE', #406, 1000.000000000000000 ) ;
#859 = CARTESIAN_POINT ( 'NONE',  ( -15.00000000000000000, 1.500000000000000000, 12.52457514062632704 ) ) ;
#860 = CARTESIAN_POINT ( 'NONE',  ( -7.500000000000043521, -1.500000000000000000, 26.70000000000000284 ) ) ;
#861 = FACE_OUTER_BOUND ( 'NONE', #138, .T. ) ;
#862 = CIRCLE ( 'NONE', #1800, 3.149999999999999911 ) ;
#863 = EDGE_LOOP ( 'NONE', ( #774, #736, #1701, #1345 ) ) ;
#864 = CARTESIAN_POINT ( 'NONE',  ( 0.000000000000000000, -1.500000000000000000, 0.000000000000000000 ) ) ;
#865 = CARTESIAN_POINT ( 'NONE',  ( -5.000000000000000888, -1.500000000000001776, -10.65000000000000036 ) ) ;
#866 = EDGE_CURVE ( 'NONE', #798, #1681, #661, .T. ) ;
#867 = ORIENTED_EDGE ( 'NONE', *, *, #1576, .F. ) ;
#868 = DIRECTION ( 'NONE',  ( -0.000000000000000000, -1.000000000000000000, -0.000000000000000000 ) ) ;
#869 = CARTESIAN_POINT ( 'NONE',  ( -22.13728757031316263, -1.500000000000000000, 0.000000000000000000 ) ) ;
#870 = FACE_OUTER_BOUND ( 'NONE', #447, .T. ) ;
#871 = ORIENTED_EDGE ( 'NONE', *, *, #175, .T. ) ;
#872 = ADVANCED_FACE ( 'NONE', ( #1364 ), #299, .F. ) ;
#873 = DIRECTION ( 'NONE',  ( 0.000000000000000000, 0.000000000000000000, -1.000000000000000000 ) ) ;
#874 = DIRECTION ( 'NONE',  ( 0.000000000000000000, -1.000000000000000000, 0.000000000000000000 ) ) ;
#875 = ORIENTED_EDGE ( 'NONE', *, *, #511, .T. ) ;
#876 = VERTEX_POINT ( 'NONE', #1311 ) ;
#877 = EDGE_CURVE ( 'NONE', #441, #1440, #37, .T. ) ;
#878 =( LENGTH_UNIT ( ) NAMED_UNIT ( * ) SI_UNIT ( .MILLI., .METRE. ) );
#879 = CARTESIAN_POINT ( 'NONE',  ( -7.500000000000043521, -1.500000000000001776, 25.00000000000000000 ) ) ;
#880 = ORIENTED_EDGE ( 'NONE', *, *, #877, .T. ) ;
#881 = ORIENTED_EDGE ( 'NONE', *, *, #1089, .F. ) ;
#882 = DIRECTION ( 'NONE',  ( -0.000000000000000000, 1.000000000000000000, 0.000000000000000000 ) ) ;
#883 = ORIENTED_EDGE ( 'NONE', *, *, #148, .T. ) ;
#884 = VECTOR ( 'NONE', #551, 1000.000000000000000 ) ;
#885 = VECTOR ( 'NONE', #1130, 1000.000000000000000 ) ;
#886 = AXIS2_PLACEMENT_3D ( 'NONE', #975, #966, #825 ) ;
#887 = VECTOR ( 'NONE', #190, 1000.000000000000000 ) ;
#888 = CARTESIAN_POINT ( 'NONE',  ( -7.500000000000043521, -1.500000000000000000, 23.30000000000000071 ) ) ;
#889 = DIRECTION ( 'NONE',  ( -0.000000000000000000, -1.000000000000000000, -0.000000000000000000 ) ) ;
#890 = DIRECTION ( 'NONE',  ( 9.912705577010326536E-16, 0.000000000000000000, -1.000000000000000000 ) ) ;
#891 = AXIS2_PLACEMENT_3D ( 'NONE', #341, #1262, #1131 ) ;
#892 = AXIS2_PLACEMENT_3D ( 'NONE', #1971, #588, #1174 ) ;
#893 = DIRECTION ( 'NONE',  ( -0.000000000000000000, 1.000000000000000000, 0.000000000000000000 ) ) ;
#894 = CARTESIAN_POINT ( 'NONE',  ( 16.96521765691029771, 1.500000000000000000, -42.11538105676663690 ) ) ;
#895 = VERTEX_POINT ( 'NONE', #1778 ) ;
#896 = CARTESIAN_POINT ( 'NONE',  ( -5.000000000000000888, 1.500000000000000000, -9.199999999999997513 ) ) ;
#897 = ADVANCED_FACE ( 'NONE', ( #592 ), #174, .F. ) ;
#898 = DIRECTION ( 'NONE',  ( -0.000000000000000000, -1.000000000000000000, -0.000000000000000000 ) ) ;
#899 = DIRECTION ( 'NONE',  ( 0.000000000000000000, 0.000000000000000000, -1.000000000000000000 ) ) ;
#900 = EDGE_CURVE ( 'NONE', #1681, #798, #1661, .T. ) ;
#901 = DIRECTION ( 'NONE',  ( 0.000000000000000000, 0.000000000000000000, -1.000000000000000000 ) ) ;
#902 = DIRECTION ( 'NONE',  ( 0.000000000000000000, 1.000000000000000000, 0.000000000000000000 ) ) ;
#903 = EDGE_CURVE ( 'NONE', #690, #553, #501, .T. ) ;
#904 = ORIENTED_EDGE ( 'NONE', *, *, #1246, .T. ) ;
#905 = CARTESIAN_POINT ( 'NONE',  ( -25.00000000000000000, -1.500000000000001776, -7.499999999999997335 ) ) ;
#906 = DIRECTION ( 'NONE',  ( 0.000000000000000000, -1.000000000000000000, 0.000000000000000000 ) ) ;
#907 = FACE_OUTER_BOUND ( 'NONE', #1021, .T. ) ;
#908 = FACE_OUTER_BOUND ( 'NONE', #603, .T. ) ;
#909 = CARTESIAN_POINT ( 'NONE',  ( -7.500000000000043521, -0.04999999999999753253, 23.30000000000000071 ) ) ;
#910 = VERTEX_POINT ( 'NONE', #1452 ) ;
#911 = CARTESIAN_POINT ( 'NONE',  ( 17.84021765691029415, -1.500000000000000000, -42.34983660014386686 ) ) ;
#912 = EDGE_LOOP ( 'NONE', ( #1633, #1357, #1008, #1597 ) ) ;
#913 =( NAMED_UNIT ( * ) SI_UNIT ( $, .STERADIAN. ) SOLID_ANGLE_UNIT ( ) );
#914 = CONICAL_SURFACE ( 'NONE', #1854, 3.150000000000000799, 0.7853981633974472798 ) ;
#915 = FACE_OUTER_BOUND ( 'NONE', #1420, .T. ) ;
#916 = FACE_OUTER_BOUND ( 'NONE', #819, .T. ) ;
#917 = CIRCLE ( 'NONE', #1824, 1.750000000000001554 ) ;
#918 = DIRECTION ( 'NONE',  ( 0.000000000000000000, 0.000000000000000000, -1.000000000000000000 ) ) ;
#919 = FACE_OUTER_BOUND ( 'NONE', #1328, .T. ) ;
#920 = AXIS2_PLACEMENT_3D ( 'NONE', #1774, #350, #382 ) ;
#921 = AXIS2_PLACEMENT_3D ( 'NONE', #507, #993, #1123 ) ;
#922 = VERTEX_POINT ( 'NONE', #684 ) ;
#923 = CARTESIAN_POINT ( 'NONE',  ( 5.124999999999977796, -1.500000000000000000, -17.95892012959685502 ) ) ;
#924 = VERTEX_POINT ( 'NONE', #497 ) ;
#925 = VECTOR ( 'NONE', #2000, 999.9999999999998863 ) ;
#926 = EDGE_CURVE ( 'NONE', #413, #1095, #633, .T. ) ;
#927 = VERTEX_POINT ( 'NONE', #1732 ) ;
#928 = LINE ( 'NONE', #778, #1338 ) ;
#929 = DIRECTION ( 'NONE',  ( -0.000000000000000000, 1.000000000000000000, 0.000000000000000000 ) ) ;
#930 = LINE ( 'NONE', #164, #104 ) ;
#931 = CARTESIAN_POINT ( 'NONE',  ( 25.63092211095741035, -1.500000000000000000, -29.19207912135866678 ) ) ;
#932 = EDGE_CURVE ( 'NONE', #1426, #1285, #1702, .T. ) ;
#933 = PRODUCT_DEFINITION_SHAPE ( 'NONE', 'NONE',  #1449 ) ;
#934 = EDGE_LOOP ( 'NONE', ( #1483, #161, #680, #524 ) ) ;
#935 = DIRECTION ( 'NONE',  ( 0.000000000000000000, 0.000000000000000000, -1.000000000000000000 ) ) ;
#936 = ORIENTED_EDGE ( 'NONE', *, *, #987, .F. ) ;
#937 = CARTESIAN_POINT ( 'NONE',  ( 6.809785048659601436, 1.500000000000000000, 2.948723423225317219 ) ) ;
#938 = EDGE_CURVE ( 'NONE', #413, #942, #1547, .T. ) ;
#939 = LINE ( 'NONE', #163, #1407 ) ;
#940 = DIRECTION ( 'NONE',  ( 0.000000000000000000, 0.000000000000000000, -1.000000000000000000 ) ) ;
#941 = CYLINDRICAL_SURFACE ( 'NONE', #1893, 1.750000000000001554 ) ;
#942 = VERTEX_POINT ( 'NONE', #1087 ) ;
#943 = LINE ( 'NONE', #26, #364 ) ;
#944 = ORIENTED_EDGE ( 'NONE', *, *, #1015, .F. ) ;
#945 = ORIENTED_EDGE ( 'NONE', *, *, #932, .F. ) ;
#946 = CARTESIAN_POINT ( 'NONE',  ( 0.5801270189221621187, -0.04999999999999753253, -23.99519052838326871 ) ) ;
#947 = VECTOR ( 'NONE', #772, 1000.000000000000114 ) ;
#948 = EDGE_CURVE ( 'NONE', #634, #1986, #795, .T. ) ;
#949 = CARTESIAN_POINT ( 'NONE',  ( -5.000000000000000888, -1.500000000000000000, -9.199999999999997513 ) ) ;
#950 = CARTESIAN_POINT ( 'NONE',  ( 5.124999999999977796, 1.500000000000000000, -17.95892012959685502 ) ) ;
#951 = CONICAL_SURFACE ( 'NONE', #137, 3.149999999999999023, 0.7853981633974468357 ) ;
#952 = VECTOR ( 'NONE', #692, 1000.000000000000000 ) ;
#953 = ORIENTED_EDGE ( 'NONE', *, *, #1124, .T. ) ;
#954 = DIRECTION ( 'NONE',  ( -0.000000000000000000, 1.000000000000000000, -0.000000000000000000 ) ) ;
#955 = CIRCLE ( 'NONE', #80, 1.750000000000001554 ) ;
#956 = ORIENTED_EDGE ( 'NONE', *, *, #1316, .F. ) ;
#957 = AXIS2_PLACEMENT_3D ( 'NONE', #241, #258, #1487 ) ;
#958 = EDGE_CURVE ( 'NONE', #10, #1198, #732, .T. ) ;
#959 = CARTESIAN_POINT ( 'NONE',  ( -25.00000000000000000, -0.04999999999999753253, -7.499999999999997335 ) ) ;
#960 = CARTESIAN_POINT ( 'NONE',  ( -7.500000000000040856, -1.500000000000000000, 5.000000000000000888 ) ) ;
#961 = CARTESIAN_POINT ( 'NONE',  ( -1.149246059487656568, -1.500000000000000000, 30.00000000000000355 ) ) ;
#962 = EDGE_LOOP ( 'NONE', ( #223, #530, #1855, #584 ) ) ;
#963 = CYLINDRICAL_SURFACE ( 'NONE', #1369, 1.700000000000000178 ) ;
#964 = EDGE_CURVE ( 'NONE', #1916, #263, #113, .T. ) ;
#965 = ORIENTED_EDGE ( 'NONE', *, *, #1176, .T. ) ;
#966 = DIRECTION ( 'NONE',  ( -0.000000000000000000, -1.000000000000000000, -0.000000000000000000 ) ) ;
#967 = PRODUCT_RELATED_PRODUCT_CATEGORY ( 'part', '', ( #625 ) ) ;
#968 = LINE ( 'NONE', #669, #267 ) ;
#969 = CARTESIAN_POINT ( 'NONE',  ( 3.355910137093932821, -1.500000000000000000, 10.92510586298429232 ) ) ;
#970 = VERTEX_POINT ( 'NONE', #911 ) ;
#971 = DIRECTION ( 'NONE',  ( -0.000000000000000000, -1.000000000000000000, -0.000000000000000000 ) ) ;
#972 = EDGE_CURVE ( 'NONE', #1115, #1308, #1264, .T. ) ;
#973 = ORIENTED_EDGE ( 'NONE', *, *, #315, .T. ) ;
#974 = ORIENTED_EDGE ( 'NONE', *, *, #1189, .T. ) ;
#975 = CARTESIAN_POINT ( 'NONE',  ( 0.5801270189221621187, -1.500000000000001776, -23.99519052838326871 ) ) ;
#976 = VECTOR ( 'NONE', #725, 1000.000000000000000 ) ;
#977 = DIRECTION ( 'NONE',  ( 0.000000000000000000, -1.000000000000000000, -0.000000000000000000 ) ) ;
#978 = DIRECTION ( 'NONE',  ( 0.000000000000000000, 0.000000000000000000, -1.000000000000000000 ) ) ;
#979 = EDGE_LOOP ( 'NONE', ( #803, #1265 ) ) ;
#980 = AXIS2_PLACEMENT_3D ( 'NONE', #1581, #1140, #1755 ) ;
#981 = ORIENTED_EDGE ( 'NONE', *, *, #991, .T. ) ;
#982 = DIRECTION ( 'NONE',  ( 0.000000000000000000, 0.000000000000000000, 1.000000000000000000 ) ) ;
#983 = AXIS2_PLACEMENT_3D ( 'NONE', #959, #1572, #193 ) ;
#984 = VECTOR ( 'NONE', #1876, 1000.000000000000000 ) ;
#985 = VERTEX_POINT ( 'NONE', #1996 ) ;
#986 = VECTOR ( 'NONE', #1545, 1000.000000000000000 ) ;
#987 = EDGE_CURVE ( 'NONE', #50, #1558, #805, .T. ) ;
#988 = VECTOR ( 'NONE', #1314, 999.9999999999998863 ) ;
#989 = ORIENTED_EDGE ( 'NONE', *, *, #877, .F. ) ;
#990 = DIRECTION ( 'NONE',  ( 0.000000000000000000, 0.000000000000000000, -1.000000000000000000 ) ) ;
#991 = EDGE_CURVE ( 'NONE', #1583, #57, #1235, .T. ) ;
#992 = DIRECTION ( 'NONE',  ( -0.000000000000000000, 1.000000000000000000, -0.000000000000000000 ) ) ;
#993 = DIRECTION ( 'NONE',  ( 0.9176629354822477547, 0.000000000000000000, 0.3973597071195114627 ) ) ;
#994 = EDGE_LOOP ( 'NONE', ( #1455, #215 ) ) ;
#995 = ORIENTED_EDGE ( 'NONE', *, *, #1768, .F. ) ;
#996 = CARTESIAN_POINT ( 'NONE',  ( -15.00000000000000000, -1.500000000000000000, 12.52457514062632704 ) ) ;
#997 = ADVANCED_FACE ( 'NONE', ( #458 ), #1844, .F. ) ;
#998 = ORIENTED_EDGE ( 'NONE', *, *, #1530, .T. ) ;
#999 = ORIENTED_EDGE ( 'NONE', *, *, #903, .T. ) ;
#1000 = FACE_OUTER_BOUND ( 'NONE', #1772, .T. ) ;
#1001 = DIRECTION ( 'NONE',  ( -0.000000000000000000, 1.000000000000000000, 0.000000000000000000 ) ) ;
#1002 = ADVANCED_FACE ( 'NONE', ( #1247 ), #1104, .F. ) ;
#1003 = CARTESIAN_POINT ( 'NONE',  ( 11.83983358869399716, 1.500000000000000000, -13.07174617851899967 ) ) ;
#1004 = LINE ( 'NONE', #1892, #1535 ) ;
#1005 = ORIENTED_EDGE ( 'NONE', *, *, #1033, .F. ) ;
#1006 = ORIENTED_EDGE ( 'NONE', *, *, #1376, .F. ) ;
#1007 = CARTESIAN_POINT ( 'NONE',  ( 17.90063509461088032, -1.500000000000000000, -32.29519052838336535 ) ) ;
#1008 = ORIENTED_EDGE ( 'NONE', *, *, #1603, .T. ) ;
#1009 = EDGE_LOOP ( 'NONE', ( #488, #662, #385, #945 ) ) ;
#1010 = CARTESIAN_POINT ( 'NONE',  ( -15.48368810393755268, -1.500000000000000000, 29.03262379212493016 ) ) ;
#1011 = DIRECTION ( 'NONE',  ( -0.000000000000000000, -1.000000000000000000, -0.000000000000000000 ) ) ;
#1012 = DIRECTION ( 'NONE',  ( -0.000000000000000000, 1.000000000000000000, -0.000000000000000000 ) ) ;
#1013 = DIRECTION ( 'NONE',  ( 0.000000000000000000, -1.000000000000000000, 0.000000000000000000 ) ) ;
#1014 = VERTEX_POINT ( 'NONE', #301 ) ;
#1015 = EDGE_CURVE ( 'NONE', #1308, #1320, #1082, .T. ) ;
#1016 = CARTESIAN_POINT ( 'NONE',  ( -16.75000000000000000, -1.500000000000000000, 14.27457514062632704 ) ) ;
#1017 = CARTESIAN_POINT ( 'NONE',  ( -7.500000000000043521, -1.500000000000001776, 25.00000000000000000 ) ) ;
#1018 = AXIS2_PLACEMENT_3D ( 'NONE', #179, #1744, #1727 ) ;
#1019 = ORIENTED_EDGE ( 'NONE', *, *, #1286, .T. ) ;
#1020 = CIRCLE ( 'NONE', #1400, 1.700000000000000178 ) ;
#1021 = EDGE_LOOP ( 'NONE', ( #1575, #1968, #1106, #90 ) ) ;
#1022 = CIRCLE ( 'NONE', #1183, 1.699999999999999289 ) ;
#1023 = EDGE_CURVE ( 'NONE', #1910, #833, #856, .T. ) ;
#1024 = VECTOR ( 'NONE', #356, 1000.000000000000000 ) ;
#1025 = CARTESIAN_POINT ( 'NONE',  ( -30.00000000000000000, 1.500000000000000000, -0.4131189606246223889 ) ) ;
#1026 = FACE_OUTER_BOUND ( 'NONE', #496, .T. ) ;
#1027 = LINE ( 'NONE', #1791, #83 ) ;
#1028 = CIRCLE ( 'NONE', #407, 1.749999999999999778 ) ;
#1029 = ORIENTED_EDGE ( 'NONE', *, *, #1089, .T. ) ;
#1030 = CYLINDRICAL_SURFACE ( 'NONE', #728, 1.700000000000000178 ) ;
#1031 = DIRECTION ( 'NONE',  ( 0.000000000000000000, 0.000000000000000000, -1.000000000000000000 ) ) ;
#1032 = ORIENTED_EDGE ( 'NONE', *, *, #645, .T. ) ;
#1033 = EDGE_CURVE ( 'NONE', #796, #786, #1146, .T. ) ;
#1034 = AXIS2_PLACEMENT_3D ( 'NONE', #388, #1941, #547 ) ;
#1035 = ORIENTED_EDGE ( 'NONE', *, *, #511, .F. ) ;
#1036 = DIRECTION ( 'NONE',  ( 0.000000000000000000, -1.000000000000000000, -0.000000000000000000 ) ) ;
#1037 = CARTESIAN_POINT ( 'NONE',  ( 24.02501197386348153, 1.500000000000000000, -29.88745860881780914 ) ) ;
#1038 = ORIENTED_EDGE ( 'NONE', *, *, #685, .F. ) ;
#1039 = EDGE_LOOP ( 'NONE', ( #46, #953, #1186, #1038 ) ) ;
#1040 = CARTESIAN_POINT ( 'NONE',  ( -16.75000000000000000, -1.500000000000000000, 0.000000000000000000 ) ) ;
#1041 = ORIENTED_EDGE ( 'NONE', *, *, #1833, .F. ) ;
#1042 = EDGE_CURVE ( 'NONE', #927, #235, #943, .T. ) ;
#1043 = VERTEX_POINT ( 'NONE', #612 ) ;
#1044 = CARTESIAN_POINT ( 'NONE',  ( -5.000000000000000888, -0.04999999999999753253, -7.499999999999999112 ) ) ;
#1045 = CARTESIAN_POINT ( 'NONE',  ( -7.500000000000043521, 1.500000000000000000, 25.00000000000000000 ) ) ;
#1046 = CARTESIAN_POINT ( 'NONE',  ( 17.90063509461088032, -1.500000000000001776, -33.99519052838336819 ) ) ;
#1047 = CARTESIAN_POINT ( 'NONE',  ( -23.70253515456301585, 1.500000000000000000, 2.532623792124923945 ) ) ;
#1048 = EDGE_CURVE ( 'NONE', #1447, #718, #1569, .T. ) ;
#1049 = EDGE_LOOP ( 'NONE', ( #1776, #715, #515, #829 ) ) ;
#1050 = CARTESIAN_POINT ( 'NONE',  ( -13.91844051968769591, -1.500000000000000000, 30.00000000000000711 ) ) ;
#1051 = AXIS2_PLACEMENT_3D ( 'NONE', #1780, #118, #1803 ) ;
#1052 = EDGE_CURVE ( 'NONE', #1272, #439, #663, .T. ) ;
#1053 = AXIS2_PLACEMENT_3D ( 'NONE', #1991, #132, #1359 ) ;
#1054 = PRODUCT_CONTEXT ( 'NONE', #624, 'mechanical' ) ;
#1055 = CARTESIAN_POINT ( 'NONE',  ( -30.00000000000000000, 1.500000000000000000, 5.510910596163088767E-15 ) ) ;
#1056 = EDGE_CURVE ( 'NONE', #637, #1609, #1564, .T. ) ;
#1057 = CARTESIAN_POINT ( 'NONE',  ( -25.00000000000000000, 1.500000000000000000, -9.199999999999995737 ) ) ;
#1058 = AXIS2_PLACEMENT_3D ( 'NONE', #712, #1001, #1163 ) ;
#1059 = ORIENTED_EDGE ( 'NONE', *, *, #191, .T. ) ;
#1060 = DIRECTION ( 'NONE',  ( 0.000000000000000000, 0.000000000000000000, -1.000000000000000000 ) ) ;
#1061 = ORIENTED_EDGE ( 'NONE', *, *, #392, .T. ) ;
#1062 = CARTESIAN_POINT ( 'NONE',  ( -7.500000000000040856, -1.500000000000001776, 5.000000000000000888 ) ) ;
#1063 = LINE ( 'NONE', #153, #1305 ) ;
#1064 = FACE_OUTER_BOUND ( 'NONE', #1171, .T. ) ;
#1065 = CARTESIAN_POINT ( 'NONE',  ( -16.75000000000000000, 1.500000000000000000, 1.750000000000000000 ) ) ;
#1066 = ORIENTED_EDGE ( 'NONE', *, *, #756, .T. ) ;
#1067 = CARTESIAN_POINT ( 'NONE',  ( 5.245190528383274930, -1.500000000000000000, -9.084936490538931153 ) ) ;
#1068 = EDGE_LOOP ( 'NONE', ( #1607, #1301, #373, #342 ) ) ;
#1069 = LINE ( 'NONE', #1222, #398 ) ;
#1070 = DIRECTION ( 'NONE',  ( 0.000000000000000000, 0.000000000000000000, 1.000000000000000000 ) ) ;
#1071 =( NAMED_UNIT ( * ) SI_UNIT ( $, .STERADIAN. ) SOLID_ANGLE_UNIT ( ) );
#1072 = CARTESIAN_POINT ( 'NONE',  ( 6.809785048659601436, -1.500000000000000000, 2.948723423225317219 ) ) ;
#1073 = EDGE_CURVE ( 'NONE', #1014, #1447, #11, .T. ) ;
#1074 = EDGE_LOOP ( 'NONE', ( #1133, #1659, #259, #1066, #544, #1845, #1548 ) ) ;
#1075 = CARTESIAN_POINT ( 'NONE',  ( 0.4566640776062780294, 1.500000000000000000, 28.94537948745912814 ) ) ;
#1076 = AXIS2_PLACEMENT_3D ( 'NONE', #1841, #454, #918 ) ;
#1077 = EDGE_LOOP ( 'NONE', ( #1385, #1287, #619, #1439 ) ) ;
#1078 = AXIS2_PLACEMENT_3D ( 'NONE', #1401, #587, #2006 ) ;
#1079 = DIRECTION ( 'NONE',  ( 0.000000000000000000, 0.000000000000000000, -1.000000000000000000 ) ) ;
#1080 = DIRECTION ( 'NONE',  ( 0.3973597071195114627, 0.000000000000000000, -0.9176629354822478657 ) ) ;
#1081 = EDGE_CURVE ( 'NONE', #1764, #1959, #1577, .T. ) ;
#1082 = CIRCLE ( 'NONE', #1240, 1.749999999999999778 ) ;
#1083 = DIRECTION ( 'NONE',  ( 0.000000000000000000, 0.000000000000000000, -1.000000000000000000 ) ) ;
#1084 = VECTOR ( 'NONE', #902, 1000.000000000000000 ) ;
#1085 = CIRCLE ( 'NONE', #1990, 1.700000000000000178 ) ;
#1086 = ORIENTED_EDGE ( 'NONE', *, *, #1257, .T. ) ;
#1087 = CARTESIAN_POINT ( 'NONE',  ( 0.4566640776062780294, -1.500000000000000000, 28.94537948745913525 ) ) ;
#1088 = ORIENTED_EDGE ( 'NONE', *, *, #926, .F. ) ;
#1089 = EDGE_CURVE ( 'NONE', #1679, #985, #1924, .T. ) ;
#1090 = ORIENTED_EDGE ( 'NONE', *, *, #964, .T. ) ;
#1091 = CARTESIAN_POINT ( 'NONE',  ( 1.750000000000000000, -1.500000000000000000, -9.082159740806346804 ) ) ;
#1092 = VECTOR ( 'NONE', #1184, 1000.000000000000114 ) ;
#1093 = DIRECTION ( 'NONE',  ( 0.000000000000000000, -1.000000000000000000, -0.000000000000000000 ) ) ;
#1094 = CARTESIAN_POINT ( 'NONE',  ( 0.000000000000000000, 1.500000000000000000, 0.000000000000000000 ) ) ;
#1095 = VERTEX_POINT ( 'NONE', #1425 ) ;
#1096 = CARTESIAN_POINT ( 'NONE',  ( -13.91844051968769946, -1.500000000000000000, 28.25000000000000355 ) ) ;
#1097 = ORIENTED_EDGE ( 'NONE', *, *, #421, .T. ) ;
#1098 = ORIENTED_EDGE ( 'NONE', *, *, #1523, .F. ) ;
#1099 = FACE_OUTER_BOUND ( 'NONE', #1494, .T. ) ;
#1100 = CARTESIAN_POINT ( 'NONE',  ( 17.90063509461088032, -1.500000000000001776, -33.99519052838336819 ) ) ;
#1101 = CARTESIAN_POINT ( 'NONE',  ( -5.000000000000000888, -1.500000000000001776, -10.65000000000000036 ) ) ;
#1102 = DIRECTION ( 'NONE',  ( 0.000000000000000000, -1.000000000000000000, 0.000000000000000000 ) ) ;
#1103 = EDGE_LOOP ( 'NONE', ( #1961, #558, #450, #1926 ) ) ;
#1104 = PLANE ( 'NONE',  #204 ) ;
#1105 = EDGE_CURVE ( 'NONE', #1218, #1531, #1293, .T. ) ;
#1106 = ORIENTED_EDGE ( 'NONE', *, *, #1352, .F. ) ;
#1107 = ADVANCED_FACE ( 'NONE', ( #1584 ), #708, .F. ) ;
#1108 = CARTESIAN_POINT ( 'NONE',  ( 5.124999999999977796, -1.500000000000000000, -17.95892012959685502 ) ) ;
#1109 = AXIS2_PLACEMENT_3D ( 'NONE', #790, #780, #940 ) ;
#1110 = EDGE_CURVE ( 'NONE', #1792, #1688, #1725, .T. ) ;
#1111 = DIRECTION ( 'NONE',  ( 0.000000000000000000, 0.000000000000000000, -1.000000000000000000 ) ) ;
#1112 = DIRECTION ( 'NONE',  ( 0.3973597071195114627, 0.000000000000000000, -0.9176629354822478657 ) ) ;
#1113 = AXIS2_PLACEMENT_3D ( 'NONE', #586, #1511, #1816 ) ;
#1114 = ADVANCED_BREP_SHAPE_REPRESENTATION ( 'Top plate_2', ( #167, #1413 ), #1122 ) ;
#1115 = VERTEX_POINT ( 'NONE', #517 ) ;
#1116 = DIRECTION ( 'NONE',  ( 0.000000000000000000, -1.000000000000000000, 0.000000000000000000 ) ) ;
#1117 = AXIS2_PLACEMENT_3D ( 'NONE', #1821, #882, #102 ) ;
#1118 = ORIENTED_EDGE ( 'NONE', *, *, #1210, .F. ) ;
#1119 = VECTOR ( 'NONE', #1344, 1000.000000000000000 ) ;
#1120 = CARTESIAN_POINT ( 'NONE',  ( 11.83983358869399716, 1.500000000000000000, -11.32174617851899967 ) ) ;
#1121 = CARTESIAN_POINT ( 'NONE',  ( -29.99999999999999645, 1.500000000000000000, -14.99999999999999467 ) ) ;
#1122 =( GEOMETRIC_REPRESENTATION_CONTEXT ( 3 ) GLOBAL_UNCERTAINTY_ASSIGNED_CONTEXT ( ( #1213 ) ) GLOBAL_UNIT_ASSIGNED_CONTEXT ( ( #878, #418, #913 ) ) REPRESENTATION_CONTEXT ( 'NONE', 'WORKASPACE' ) );
#1123 = DIRECTION ( 'NONE',  ( 0.3973597071195114627, 0.000000000000000000, -0.9176629354822477547 ) ) ;
#1124 = EDGE_CURVE ( 'NONE', #1902, #1609, #1608, .T. ) ;
#1125 = ORIENTED_EDGE ( 'NONE', *, *, #96, .T. ) ;
#1126 = DIRECTION ( 'NONE',  ( 0.000000000000000000, 0.000000000000000000, -1.000000000000000000 ) ) ;
#1127 = ORIENTED_EDGE ( 'NONE', *, *, #1233, .F. ) ;
#1128 = ORIENTED_EDGE ( 'NONE', *, *, #1352, .T. ) ;
#1129 = CARTESIAN_POINT ( 'NONE',  ( -7.500000000000040856, -0.04999999999999753253, 3.300000000000001599 ) ) ;
#1130 = DIRECTION ( 'NONE',  ( 8.659560562354922997E-17, -0.7071067811865483499, 0.7071067811865466846 ) ) ;
#1131 = DIRECTION ( 'NONE',  ( 0.000000000000000000, 0.000000000000000000, -1.000000000000000000 ) ) ;
#1132 = ORIENTED_EDGE ( 'NONE', *, *, #1586, .F. ) ;
#1133 = ORIENTED_EDGE ( 'NONE', *, *, #832, .T. ) ;
#1134 = EDGE_CURVE ( 'NONE', #1679, #1488, #1168, .T. ) ;
#1135 = DIRECTION ( 'NONE',  ( 0.000000000000000000, 1.000000000000000000, 0.000000000000000000 ) ) ;
#1136 = ORIENTED_EDGE ( 'NONE', *, *, #593, .F. ) ;
#1137 = ORIENTED_EDGE ( 'NONE', *, *, #2004, .T. ) ;
#1138 = FACE_OUTER_BOUND ( 'NONE', #1905, .T. ) ;
#1139 = ADVANCED_FACE ( 'NONE', ( #1319 ), #963, .F. ) ;
#1140 = DIRECTION ( 'NONE',  ( 0.000000000000000000, -1.000000000000000000, -0.000000000000000000 ) ) ;
#1141 = CARTESIAN_POINT ( 'NONE',  ( -1.149246059487657456, 1.500000000000000000, 28.24999999999999645 ) ) ;
#1142 = ORIENTED_EDGE ( 'NONE', *, *, #29, .F. ) ;
#1143 = ORIENTED_EDGE ( 'NONE', *, *, #1979, .F. ) ;
#1144 = CARTESIAN_POINT ( 'NONE',  ( 11.83983358869399716, -1.500000000000000000, -11.32174617851899967 ) ) ;
#1145 = AXIS2_PLACEMENT_3D ( 'NONE', #1055, #278, #1858 ) ;
#1146 = CIRCLE ( 'NONE', #531, 1.750000000000001554 ) ;
#1147 = ORIENTED_EDGE ( 'NONE', *, *, #601, .F. ) ;
#1148 = AXIS2_PLACEMENT_3D ( 'NONE', #1404, #16, #642 ) ;
#1149 = EDGE_CURVE ( 'NONE', #1568, #196, #243, .T. ) ;
#1150 = VECTOR ( 'NONE', #327, 1000.000000000000000 ) ;
#1151 = ORIENTED_EDGE ( 'NONE', *, *, #362, .T. ) ;
#1152 = FACE_OUTER_BOUND ( 'NONE', #67, .T. ) ;
#1153 = LINE ( 'NONE', #400, #1092 ) ;
#1154 = PLANE ( 'NONE',  #1722 ) ;
#1155 = CARTESIAN_POINT ( 'NONE',  ( -5.000000000000000888, -1.500000000000001776, -4.349999999999998757 ) ) ;
#1156 = ORIENTED_EDGE ( 'NONE', *, *, #483, .T. ) ;
#1157 = EDGE_LOOP ( 'NONE', ( #1954, #875, #284, #1097 ) ) ;
#1158 = FACE_OUTER_BOUND ( 'NONE', #432, .T. ) ;
#1159 = ORIENTED_EDGE ( 'NONE', *, *, #1492, .T. ) ;
#1160 = EDGE_LOOP ( 'NONE', ( #1750, #561 ) ) ;
#1161 = DIRECTION ( 'NONE',  ( 0.000000000000000000, 0.000000000000000000, -1.000000000000000000 ) ) ;
#1162 = ADVANCED_FACE ( 'NONE', ( #1620 ), #820, .F. ) ;
#1163 = DIRECTION ( 'NONE',  ( 0.000000000000000000, 0.000000000000000000, -1.000000000000000000 ) ) ;
#1164 = DIRECTION ( 'NONE',  ( 0.000000000000000000, -1.000000000000000000, -0.000000000000000000 ) ) ;
#1165 = CARTESIAN_POINT ( 'NONE',  ( -7.500000000000040856, 1.500000000000000000, 3.300000000000002043 ) ) ;
#1166 = ORIENTED_EDGE ( 'NONE', *, *, #1149, .T. ) ;
#1167 = CARTESIAN_POINT ( 'NONE',  ( -25.00000000000000000, 1.500000000000000000, -7.499999999999997335 ) ) ;
#1168 = LINE ( 'NONE', #197, #1988 ) ;
#1169 = VERTEX_POINT ( 'NONE', #1144 ) ;
#1170 = EDGE_CURVE ( 'NONE', #922, #25, #1273, .T. ) ;
#1171 = EDGE_LOOP ( 'NONE', ( #554, #1061, #1621, #409 ) ) ;
#1172 = CARTESIAN_POINT ( 'NONE',  ( -7.500000000000040856, -1.500000000000000000, 3.300000000000002043 ) ) ;
#1173 = LINE ( 'NONE', #567, #758 ) ;
#1174 = DIRECTION ( 'NONE',  ( 0.000000000000000000, 0.000000000000000000, -1.000000000000000000 ) ) ;
#1175 = ORIENTED_EDGE ( 'NONE', *, *, #1809, .F. ) ;
#1176 = EDGE_CURVE ( 'NONE', #348, #85, #1022, .T. ) ;
#1177 = AXIS2_PLACEMENT_3D ( 'NONE', #1707, #318, #1554 ) ;
#1178 = DIRECTION ( 'NONE',  ( 0.000000000000000000, 0.000000000000000000, -1.000000000000000000 ) ) ;
#1179 = CARTESIAN_POINT ( 'NONE',  ( -7.500000000000043521, -1.500000000000001776, 21.85000000000000142 ) ) ;
#1180 = CIRCLE ( 'NONE', #1271, 1.750000000000001554 ) ;
#1181 = ORIENTED_EDGE ( 'NONE', *, *, #469, .F. ) ;
#1182 = VECTOR ( 'NONE', #606, 999.9999999999998863 ) ;
#1183 = AXIS2_PLACEMENT_3D ( 'NONE', #841, #971, #68 ) ;
#1184 = DIRECTION ( 'NONE',  ( 0.8660254037844361541, 0.000000000000000000, -0.5000000000000042188 ) ) ;
#1185 = DIRECTION ( 'NONE',  ( 0.000000000000000000, 0.000000000000000000, -1.000000000000000000 ) ) ;
#1186 = ORIENTED_EDGE ( 'NONE', *, *, #1793, .T. ) ;
#1187 = ORIENTED_EDGE ( 'NONE', *, *, #141, .F. ) ;
#1188 = CARTESIAN_POINT ( 'NONE',  ( 17.33896611825060674, -1.500000000000000000, -21.36737867627352827 ) ) ;
#1189 = EDGE_CURVE ( 'NONE', #1670, #510, #42, .T. ) ;
#1190 = VERTEX_POINT ( 'NONE', #1896 ) ;
#1191 = CARTESIAN_POINT ( 'NONE',  ( 18.48076211353305709, -1.500000000000000000, -42.99038105676664401 ) ) ;
#1192 = DIRECTION ( 'NONE',  ( 0.000000000000000000, -1.000000000000000000, 0.000000000000000000 ) ) ;
#1193 = FACE_OUTER_BOUND ( 'NONE', #1009, .T. ) ;
#1194 = ADVANCED_FACE ( 'NONE', ( #1158 ), #509, .F. ) ;
#1195 = DIRECTION ( 'NONE',  ( 0.000000000000000000, 0.000000000000000000, 1.000000000000000000 ) ) ;
#1196 = FACE_OUTER_BOUND ( 'NONE', #1611, .T. ) ;
#1197 = EDGE_CURVE ( 'NONE', #1986, #1426, #1797, .T. ) ;
#1198 = VERTEX_POINT ( 'NONE', #673 ) ;
#1199 = CARTESIAN_POINT ( 'NONE',  ( 17.33896611825060674, -1.500000000000000000, -21.36737867627352117 ) ) ;
#1200 = EDGE_CURVE ( 'NONE', #397, #1741, #565, .T. ) ;
#1201 = SHAPE_DEFINITION_REPRESENTATION ( #933, #1114 ) ;
#1202 = FACE_OUTER_BOUND ( 'NONE', #1049, .T. ) ;
#1203 = DIRECTION ( 'NONE',  ( 0.000000000000000000, 0.000000000000000000, -1.000000000000000000 ) ) ;
#1204 = LINE ( 'NONE', #864, #884 ) ;
#1205 = DIRECTION ( 'NONE',  ( -0.000000000000000000, 1.000000000000000000, 0.000000000000000000 ) ) ;
#1206 = ORIENTED_EDGE ( 'NONE', *, *, #1823, .F. ) ;
#1207 = CARTESIAN_POINT ( 'NONE',  ( 0.5801270189221621187, -0.04999999999999753253, -23.99519052838326871 ) ) ;
#1208 = AXIS2_PLACEMENT_3D ( 'NONE', #826, #1716, #522 ) ;
#1209 = CIRCLE ( 'NONE', #1723, 1.700000000000000178 ) ;
#1210 = EDGE_CURVE ( 'NONE', #1190, #1291, #1630, .T. ) ;
#1211 = VECTOR ( 'NONE', #1386, 1000.000000000000000 ) ;
#1212 = DIRECTION ( 'NONE',  ( 0.000000000000000000, 0.000000000000000000, -1.000000000000000000 ) ) ;
#1213 = UNCERTAINTY_MEASURE_WITH_UNIT (LENGTH_MEASURE( 1.000000000000000082E-05 ), #878, 'distance_accuracy_value', 'NONE');
#1214 = DIRECTION ( 'NONE',  ( 0.000000000000000000, 1.000000000000000000, -0.000000000000000000 ) ) ;
#1215 = AXIS2_PLACEMENT_3D ( 'NONE', #1605, #1756, #1616 ) ;
#1216 = FACE_BOUND ( 'NONE', #994, .T. ) ;
#1217 = LINE ( 'NONE', #487, #823 ) ;
#1218 = VERTEX_POINT ( 'NONE', #1047 ) ;
#1219 = DIRECTION ( 'NONE',  ( 0.000000000000000000, -1.000000000000000000, -0.000000000000000000 ) ) ;
#1220 = AXIS2_PLACEMENT_3D ( 'NONE', #1636, #686, #1920 ) ;
#1221 = EDGE_CURVE ( 'NONE', #1198, #441, #746, .T. ) ;
#1222 = CARTESIAN_POINT ( 'NONE',  ( 10.96483358869400426, -1.500000000000000000, -11.55620172189623318 ) ) ;
#1223 = DIRECTION ( 'NONE',  ( 0.000000000000000000, -1.000000000000000000, 0.000000000000000000 ) ) ;
#1224 = FACE_BOUND ( 'NONE', #1682, .T. ) ;
#1225 = DIRECTION ( 'NONE',  ( 0.000000000000000000, 0.000000000000000000, -1.000000000000000000 ) ) ;
#1226 = ORIENTED_EDGE ( 'NONE', *, *, #269, .T. ) ;
#1227 = DIRECTION ( 'NONE',  ( 0.000000000000000000, 1.000000000000000000, 0.000000000000000000 ) ) ;
#1228 = EDGE_CURVE ( 'NONE', #1488, #1681, #423, .T. ) ;
#1229 = ORIENTED_EDGE ( 'NONE', *, *, #900, .F. ) ;
#1230 = CARTESIAN_POINT ( 'NONE',  ( -7.500000000000043521, -1.500000000000000000, 25.00000000000000000 ) ) ;
#1231 = PLANE ( 'NONE',  #575 ) ;
#1232 = CARTESIAN_POINT ( 'NONE',  ( -15.00000000000001421, 1.500000000000000000, 30.00000000000000711 ) ) ;
#1233 = EDGE_CURVE ( 'NONE', #348, #196, #583, .T. ) ;
#1234 = ORIENTED_EDGE ( 'NONE', *, *, #354, .T. ) ;
#1235 = LINE ( 'NONE', #1256, #984 ) ;
#1236 = ORIENTED_EDGE ( 'NONE', *, *, #1867, .T. ) ;
#1237 = CONICAL_SURFACE ( 'NONE', #626, 3.149999999999999911, 0.7853981633974468357 ) ;
#1238 = DIRECTION ( 'NONE',  ( 0.000000000000000000, 0.000000000000000000, -1.000000000000000000 ) ) ;
#1239 = LINE ( 'NONE', #1675, #1894 ) ;
#1240 = AXIS2_PLACEMENT_3D ( 'NONE', #139, #7, #332 ) ;
#1241 = FACE_BOUND ( 'NONE', #182, .T. ) ;
#1242 = DIRECTION ( 'NONE',  ( 0.000000000000000000, 1.000000000000000000, 0.000000000000000000 ) ) ;
#1243 = CONICAL_SURFACE ( 'NONE', #1729, 3.149999999999999911, 0.7853981633974471688 ) ;
#1244 = VECTOR ( 'NONE', #1728, 1000.000000000000000 ) ;
#1245 = ORIENTED_EDGE ( 'NONE', *, *, #96, .F. ) ;
#1246 = EDGE_CURVE ( 'NONE', #553, #690, #602, .T. ) ;
#1247 = FACE_OUTER_BOUND ( 'NONE', #417, .T. ) ;
#1248 = VERTEX_POINT ( 'NONE', #245 ) ;
#1249 = ORIENTED_EDGE ( 'NONE', *, *, #1468, .F. ) ;
#1250 = CARTESIAN_POINT ( 'NONE',  ( 17.90063509461088032, -1.500000000000000000, -35.69519052838336393 ) ) ;
#1251 = CARTESIAN_POINT ( 'NONE',  ( 17.90063509461088032, -0.04999999999999753253, -33.99519052838336819 ) ) ;
#1252 = ADVANCED_FACE ( 'NONE', ( #1784 ), #1974, .F. ) ;
#1253 = CARTESIAN_POINT ( 'NONE',  ( 0.000000000000000000, 1.500000000000000000, -9.082159740806346804 ) ) ;
#1254 = DIRECTION ( 'NONE',  ( -1.982541115402063335E-15, 0.000000000000000000, -1.000000000000000000 ) ) ;
#1255 = ORIENTED_EDGE ( 'NONE', *, *, #1023, .F. ) ;
#1256 = CARTESIAN_POINT ( 'NONE',  ( -1.149246059487657012, 1.500000000000000000, 30.00000000000000355 ) ) ;
#1257 = EDGE_CURVE ( 'NONE', #262, #1043, #1857, .T. ) ;
#1258 = ORIENTED_EDGE ( 'NONE', *, *, #449, .F. ) ;
#1259 = ADVANCED_FACE ( 'NONE', ( #717 ), #1662, .F. ) ;
#1260 = DIRECTION ( 'NONE',  ( -0.000000000000000000, -1.000000000000000000, -0.000000000000000000 ) ) ;
#1261 = CARTESIAN_POINT ( 'NONE',  ( 10.96483358869400426, 1.500000000000000000, -11.55620172189623318 ) ) ;
#1262 = DIRECTION ( 'NONE',  ( -0.000000000000000000, -1.000000000000000000, -0.000000000000000000 ) ) ;
#1263 = VERTEX_POINT ( 'NONE', #752 ) ;
#1264 = LINE ( 'NONE', #767, #1856 ) ;
#1265 = ORIENTED_EDGE ( 'NONE', *, *, #384, .F. ) ;
#1266 = DIRECTION ( 'NONE',  ( 0.000000000000000000, 0.000000000000000000, -1.000000000000000000 ) ) ;
#1267 = VECTOR ( 'NONE', #716, 1000.000000000000000 ) ;
#1268 = AXIS2_PLACEMENT_3D ( 'NONE', #1003, #1164, #1185 ) ;
#1269 = CYLINDRICAL_SURFACE ( 'NONE', #1429, 1.699999999999998845 ) ;
#1270 = CARTESIAN_POINT ( 'NONE',  ( 0.000000000000000000, -1.500000000000000000, 0.000000000000000000 ) ) ;
#1271 = AXIS2_PLACEMENT_3D ( 'NONE', #1428, #834, #216 ) ;
#1272 = VERTEX_POINT ( 'NONE', #1188 ) ;
#1273 = LINE ( 'NONE', #1762, #764 ) ;
#1274 = CONICAL_SURFACE ( 'NONE', #636, 3.149999999999999911, 0.7853981633974472798 ) ;
#1275 = ORIENTED_EDGE ( 'NONE', *, *, #1376, .T. ) ;
#1276 = AXIS2_PLACEMENT_3D ( 'NONE', #597, #1534, #1070 ) ;
#1277 = ORIENTED_EDGE ( 'NONE', *, *, #1197, .T. ) ;
#1278 = DIRECTION ( 'NONE',  ( -0.000000000000000000, 1.000000000000000000, 0.000000000000000000 ) ) ;
#1279 = ADVANCED_FACE ( 'NONE', ( #1196 ), #1327, .F. ) ;
#1280 = LINE ( 'NONE', #1604, #1951 ) ;
#1281 = DIRECTION ( 'NONE',  ( 0.000000000000000000, 0.000000000000000000, -1.000000000000000000 ) ) ;
#1282 = ORIENTED_EDGE ( 'NONE', *, *, #2004, .F. ) ;
#1283 = ORIENTED_EDGE ( 'NONE', *, *, #1346, .T. ) ;
#1284 = CARTESIAN_POINT ( 'NONE',  ( 8.439833588694011013, -1.500000000000000000, -5.219782517540081379 ) ) ;
#1285 = VERTEX_POINT ( 'NONE', #560 ) ;
#1286 = EDGE_CURVE ( 'NONE', #652, #1190, #122, .T. ) ;
#1287 = ORIENTED_EDGE ( 'NONE', *, *, #987, .T. ) ;
#1288 = CARTESIAN_POINT ( 'NONE',  ( 17.84021765691029415, -1.500000000000000000, -40.59983660014386686 ) ) ;
#1289 = DIRECTION ( 'NONE',  ( -0.000000000000000000, -1.000000000000000000, -0.000000000000000000 ) ) ;
#1290 = CARTESIAN_POINT ( 'NONE',  ( -25.00000000000000000, -1.500000000000000000, -7.499999999999997335 ) ) ;
#1291 = VERTEX_POINT ( 'NONE', #1657 ) ;
#1292 = ORIENTED_EDGE ( 'NONE', *, *, #1427, .T. ) ;
#1293 = LINE ( 'NONE', #359, #887 ) ;
#1294 = EDGE_CURVE ( 'NONE', #1396, #262, #1650, .T. ) ;
#1295 = ORIENTED_EDGE ( 'NONE', *, *, #635, .F. ) ;
#1296 = ORIENTED_EDGE ( 'NONE', *, *, #804, .T. ) ;
#1297 = CARTESIAN_POINT ( 'NONE',  ( 9.314833588694007460, 1.500000000000000000, -6.735326974162850533 ) ) ;
#1298 = LINE ( 'NONE', #1463, #149 ) ;
#1299 = CARTESIAN_POINT ( 'NONE',  ( 3.355910137093932821, 1.500000000000000000, 10.92510586298429232 ) ) ;
#1300 = LINE ( 'NONE', #1270, #1024 ) ;
#1301 = ORIENTED_EDGE ( 'NONE', *, *, #297, .T. ) ;
#1302 = CIRCLE ( 'NONE', #694, 1.750000000000001554 ) ;
#1303 = ORIENTED_EDGE ( 'NONE', *, *, #1105, .T. ) ;
#1304 = DIRECTION ( 'NONE',  ( -0.000000000000000000, 1.000000000000000000, 0.000000000000000000 ) ) ;
#1305 = VECTOR ( 'NONE', #1695, 999.9999999999998863 ) ;
#1306 = AXIS2_PLACEMENT_3D ( 'NONE', #1865, #479, #1419 ) ;
#1307 = ADVANCED_FACE ( 'NONE', ( #1641 ), #1509, .F. ) ;
#1308 = VERTEX_POINT ( 'NONE', #1490 ) ;
#1309 = AXIS2_PLACEMENT_3D ( 'NONE', #1745, #56, #978 ) ;
#1310 = VECTOR ( 'NONE', #1011, 1000.000000000000000 ) ;
#1311 = CARTESIAN_POINT ( 'NONE',  ( 17.90063509461088032, -1.500000000000001776, -30.84519052838336606 ) ) ;
#1312 = LINE ( 'NONE', #888, #1567 ) ;
#1313 = CARTESIAN_POINT ( 'NONE',  ( 10.04574372578794517, -1.500000000000000000, -4.524403030080938137 ) ) ;
#1314 = DIRECTION ( 'NONE',  ( 0.8660254037844399289, 0.000000000000000000, 0.4999999999999978351 ) ) ;
#1315 = ORIENTED_EDGE ( 'NONE', *, *, #972, .F. ) ;
#1316 = EDGE_CURVE ( 'NONE', #1864, #1651, #143, .T. ) ;
#1317 = VECTOR ( 'NONE', #1036, 1000.000000000000000 ) ;
#1318 = CARTESIAN_POINT ( 'NONE',  ( 2.624999999999994671, -1.500000000000000000, -10.59770419742911507 ) ) ;
#1319 = FACE_OUTER_BOUND ( 'NONE', #1039, .T. ) ;
#1320 = VERTEX_POINT ( 'NONE', #1966 ) ;
#1321 = EDGE_CURVE ( 'NONE', #214, #924, #273, .T. ) ;
#1322 = CYLINDRICAL_SURFACE ( 'NONE', #1220, 1.749999999999999778 ) ;
#1323 = DIRECTION ( 'NONE',  ( 0.000000000000000000, -1.000000000000000000, -0.000000000000000000 ) ) ;
#1324 = CARTESIAN_POINT ( 'NONE',  ( 2.624999999999996003, -1.500000000000000000, -10.59770419742911507 ) ) ;
#1325 = ORIENTED_EDGE ( 'NONE', *, *, #1516, .T. ) ;
#1326 = LINE ( 'NONE', #559, #976 ) ;
#1327 = PLANE ( 'NONE',  #436 ) ;
#1328 = EDGE_LOOP ( 'NONE', ( #173, #1886, #838, #1843 ) ) ;
#1329 = ORIENTED_EDGE ( 'NONE', *, *, #660, .F. ) ;
#1330 = DIRECTION ( 'NONE',  ( 0.000000000000000000, 0.000000000000000000, -1.000000000000000000 ) ) ;
#1331 = CARTESIAN_POINT ( 'NONE',  ( 0.4566640776062780294, 1.500000000000000000, 28.94537948745913525 ) ) ;
#1332 = CARTESIAN_POINT ( 'NONE',  ( 0.000000000000000000, -1.500000000000000000, -9.082159740806346804 ) ) ;
#1333 = ORIENTED_EDGE ( 'NONE', *, *, #1775, .T. ) ;
#1334 = CIRCLE ( 'NONE', #427, 1.750000000000001554 ) ;
#1335 = DIRECTION ( 'NONE',  ( -1.000000000000000000, 0.000000000000000000, 0.000000000000000000 ) ) ;
#1336 = DIRECTION ( 'NONE',  ( 0.000000000000000000, -0.7071067811865483499, -0.7071067811865467956 ) ) ;
#1337 = CIRCLE ( 'NONE', #1018, 1.750000000000000000 ) ;
#1338 = VECTOR ( 'NONE', #1838, 1000.000000000000000 ) ;
#1339 = ORIENTED_EDGE ( 'NONE', *, *, #1613, .T. ) ;
#1340 = VECTOR ( 'NONE', #644, 1000.000000000000227 ) ;
#1341 = AXIS2_PLACEMENT_3D ( 'NONE', #1677, #1393, #1254 ) ;
#1342 = AXIS2_PLACEMENT_3D ( 'NONE', #568, #1654, #557 ) ;
#1343 = CARTESIAN_POINT ( 'NONE',  ( 17.90063509461088032, -1.500000000000001776, -33.99519052838336819 ) ) ;
#1344 = DIRECTION ( 'NONE',  ( -0.000000000000000000, -1.000000000000000000, -0.000000000000000000 ) ) ;
#1345 = ORIENTED_EDGE ( 'NONE', *, *, #1775, .F. ) ;
#1346 = EDGE_CURVE ( 'NONE', #1617, #252, #590, .T. ) ;
#1347 = FACE_OUTER_BOUND ( 'NONE', #1068, .T. ) ;
#1348 = DIRECTION ( 'NONE',  ( -0.3973597071195114627, 0.000000000000000000, 0.9176629354822478657 ) ) ;
#1349 = ADVANCED_FACE ( 'NONE', ( #281 ), #1243, .F. ) ;
#1350 = ORIENTED_EDGE ( 'NONE', *, *, #1833, .T. ) ;
#1351 = CARTESIAN_POINT ( 'NONE',  ( 19.35576211353306419, 1.500000000000000000, -41.47483660014387397 ) ) ;
#1352 = EDGE_CURVE ( 'NONE', #1426, #784, #1417, .T. ) ;
#1353 = FACE_OUTER_BOUND ( 'NONE', #1157, .T. ) ;
#1354 = FACE_OUTER_BOUND ( 'NONE', #1901, .T. ) ;
#1355 = DIRECTION ( 'NONE',  ( 0.000000000000000000, 0.000000000000000000, -1.000000000000000000 ) ) ;
#1356 = DIRECTION ( 'NONE',  ( 0.000000000000000000, -1.000000000000000000, 0.000000000000000000 ) ) ;
#1357 = ORIENTED_EDGE ( 'NONE', *, *, #238, .T. ) ;
#1358 = DIRECTION ( 'NONE',  ( -0.000000000000000000, -1.000000000000000000, -0.000000000000000000 ) ) ;
#1359 = DIRECTION ( 'NONE',  ( 0.000000000000000000, 0.000000000000000000, -1.000000000000000000 ) ) ;
#1360 = DIRECTION ( 'NONE',  ( 0.000000000000000000, -1.000000000000000000, -0.000000000000000000 ) ) ;
#1361 = DIRECTION ( 'NONE',  ( 0.000000000000000000, 0.000000000000000000, -1.000000000000000000 ) ) ;
#1362 = CARTESIAN_POINT ( 'NONE',  ( 0.5801270189221621187, -1.500000000000000000, -25.69519052838326800 ) ) ;
#1363 = EDGE_LOOP ( 'NONE', ( #203, #130, #1761, #995 ) ) ;
#1364 = FACE_OUTER_BOUND ( 'NONE', #813, .T. ) ;
#1365 = AXIS2_PLACEMENT_3D ( 'NONE', #135, #1873, #280 ) ;
#1366 = EDGE_CURVE ( 'NONE', #1617, #397, #1874, .T. ) ;
#1367 = VECTOR ( 'NONE', #1592, 999.9999999999998863 ) ;
#1368 = AXIS2_PLACEMENT_3D ( 'NONE', #1767, #438, #1969 ) ;
#1369 = AXIS2_PLACEMENT_3D ( 'NONE', #812, #1912, #1937 ) ;
#1370 = DIRECTION ( 'NONE',  ( 0.000000000000000000, 0.000000000000000000, 1.000000000000000000 ) ) ;
#1371 = DIRECTION ( 'NONE',  ( 0.3973597071195114627, 0.000000000000000000, -0.9176629354822478657 ) ) ;
#1372 = CARTESIAN_POINT ( 'NONE',  ( 17.84021765691029415, -1.500000000000000000, -40.59983660014386686 ) ) ;
#1373 = AXIS2_PLACEMENT_3D ( 'NONE', #1017, #112, #1060 ) ;
#1374 = LINE ( 'NONE', #146, #947 ) ;
#1375 = FACE_OUTER_BOUND ( 'NONE', #1560, .T. ) ;
#1376 = EDGE_CURVE ( 'NONE', #784, #358, #1694, .T. ) ;
#1377 = EDGE_LOOP ( 'NONE', ( #1147, #672, #1446, #220 ) ) ;
#1378 = DIRECTION ( 'NONE',  ( 0.000000000000000000, -1.000000000000000000, 0.000000000000000000 ) ) ;
#1379 = ORIENTED_EDGE ( 'NONE', *, *, #1998, .T. ) ;
#1380 = DIRECTION ( 'NONE',  ( 0.000000000000000000, -1.000000000000000000, 0.000000000000000000 ) ) ;
#1381 = EDGE_CURVE ( 'NONE', #690, #1792, #446, .T. ) ;
#1382 = DIRECTION ( 'NONE',  ( 0.000000000000000000, 1.000000000000000000, 0.000000000000000000 ) ) ;
#1383 = FILL_AREA_STYLE ('',( #1686 ) ) ;
#1384 = LINE ( 'NONE', #1842, #176 ) ;
#1385 = ORIENTED_EDGE ( 'NONE', *, *, #315, .F. ) ;
#1386 = DIRECTION ( 'NONE',  ( 0.000000000000000000, 1.000000000000000000, 0.000000000000000000 ) ) ;
#1387 = ORIENTED_EDGE ( 'NONE', *, *, #1149, .F. ) ;
#1388 = DIRECTION ( 'NONE',  ( 8.659560562354925463E-17, -0.7071067811865483499, 0.7071067811865467956 ) ) ;
#1389 = UNCERTAINTY_MEASURE_WITH_UNIT (LENGTH_MEASURE( 1.000000000000000082E-05 ), #641, 'distance_accuracy_value', 'NONE');
#1390 = DIRECTION ( 'NONE',  ( -0.000000000000000000, -1.000000000000000000, -0.000000000000000000 ) ) ;
#1391 = EDGE_CURVE ( 'NONE', #1190, #114, #572, .T. ) ;
#1392 = FACE_BOUND ( 'NONE', #979, .T. ) ;
#1393 = DIRECTION ( 'NONE',  ( -0.000000000000000000, 1.000000000000000000, 0.000000000000000000 ) ) ;
#1394 = VERTEX_POINT ( 'NONE', #931 ) ;
#1395 = DIRECTION ( 'NONE',  ( 0.4472135954999577057, 0.000000000000000000, 0.8944271909999159664 ) ) ;
#1396 = VERTEX_POINT ( 'NONE', #909 ) ;
#1397 = ORIENTED_EDGE ( 'NONE', *, *, #435, .F. ) ;
#1398 = CIRCLE ( 'NONE', #1268, 1.749999999999999778 ) ;
#1399 = EDGE_CURVE ( 'NONE', #439, #1721, #802, .T. ) ;
#1400 = AXIS2_PLACEMENT_3D ( 'NONE', #946, #1260, #1714 ) ;
#1401 = CARTESIAN_POINT ( 'NONE',  ( 0.000000000000000000, 1.500000000000000000, 0.000000000000000000 ) ) ;
#1402 = AXIS2_PLACEMENT_3D ( 'NONE', #82, #850, #1739 ) ;
#1403 = FACE_BOUND ( 'NONE', #1601, .T. ) ;
#1404 = CARTESIAN_POINT ( 'NONE',  ( 11.83983358869399716, -1.500000000000000000, -13.07174617851899967 ) ) ;
#1405 = CIRCLE ( 'NONE', #797, 1.750000000000001554 ) ;
#1406 = EDGE_CURVE ( 'NONE', #150, #1043, #288, .T. ) ;
#1407 = VECTOR ( 'NONE', #555, 999.9999999999998863 ) ;
#1408 = ORIENTED_EDGE ( 'NONE', *, *, #1802, .F. ) ;
#1409 = CARTESIAN_POINT ( 'NONE',  ( 0.5801270189221621187, 1.500000000000000000, -23.99519052838326871 ) ) ;
#1410 = ORIENTED_EDGE ( 'NONE', *, *, #1316, .T. ) ;
#1411 = ADVANCED_FACE ( 'NONE', ( #1375 ), #1274, .F. ) ;
#1412 = ORIENTED_EDGE ( 'NONE', *, *, #1549, .F. ) ;
#1413 = AXIS2_PLACEMENT_3D ( 'NONE', #614, #1370, #1520 ) ;
#1414 = CARTESIAN_POINT ( 'NONE',  ( 17.90063509461088032, -0.04999999999999753253, -35.69519052838336393 ) ) ;
#1415 = EDGE_CURVE ( 'NONE', #1169, #724, #1384, .T. ) ;
#1416 = FACE_OUTER_BOUND ( 'NONE', #94, .T. ) ;
#1417 = LINE ( 'NONE', #1232, #986 ) ;
#1418 = ORIENTED_EDGE ( 'NONE', *, *, #1391, .T. ) ;
#1419 = DIRECTION ( 'NONE',  ( 0.000000000000000000, 0.000000000000000000, -1.000000000000000000 ) ) ;
#1420 = EDGE_LOOP ( 'NONE', ( #1181, #1187, #275, #272 ) ) ;
#1421 = CARTESIAN_POINT ( 'NONE',  ( -13.91844051968769946, 1.500000000000000000, 28.25000000000000355 ) ) ;
#1422 = FACE_OUTER_BOUND ( 'NONE', #1450, .T. ) ;
#1423 = DIRECTION ( 'NONE',  ( 0.000000000000000000, 0.000000000000000000, 1.000000000000000000 ) ) ;
#1424 = ORIENTED_EDGE ( 'NONE', *, *, #4, .F. ) ;
#1425 = CARTESIAN_POINT ( 'NONE',  ( 25.63092211095741035, 1.500000000000000000, -29.19207912135866678 ) ) ;
#1426 = VERTEX_POINT ( 'NONE', #3 ) ;
#1427 = EDGE_CURVE ( 'NONE', #1320, #192, #24, .T. ) ;
#1428 = CARTESIAN_POINT ( 'NONE',  ( 15.73305598115667259, 1.500000000000000000, -22.06275816373266707 ) ) ;
#1429 = AXIS2_PLACEMENT_3D ( 'NONE', #960, #1431, #1880 ) ;
#1430 = CIRCLE ( 'NONE', #39, 1.750000000000001554 ) ;
#1431 = DIRECTION ( 'NONE',  ( -0.000000000000000000, -1.000000000000000000, -0.000000000000000000 ) ) ;
#1432 = LINE ( 'NONE', #494, #209 ) ;
#1433 = AXIS2_PLACEMENT_3D ( 'NONE', #1409, #783, #935 ) ;
#1434 = AXIS2_PLACEMENT_3D ( 'NONE', #232, #1469, #49 ) ;
#1435 = ORIENTED_EDGE ( 'NONE', *, *, #1610, .T. ) ;
#1436 = DIRECTION ( 'NONE',  ( 0.000000000000000000, 0.000000000000000000, -1.000000000000000000 ) ) ;
#1437 = ADVANCED_FACE ( 'NONE', ( #1566 ), #941, .F. ) ;
#1438 = AXIS2_PLACEMENT_3D ( 'NONE', #254, #874, #740 ) ;
#1439 = ORIENTED_EDGE ( 'NONE', *, *, #1081, .F. ) ;
#1440 = VERTEX_POINT ( 'NONE', #1700 ) ;
#1441 = DIRECTION ( 'NONE',  ( -0.000000000000000000, 1.000000000000000000, -0.000000000000000000 ) ) ;
#1442 = ADVANCED_FACE ( 'NONE', ( #465 ), #618, .F. ) ;
#1443 = DIRECTION ( 'NONE',  ( 0.000000000000000000, -1.000000000000000000, -0.000000000000000000 ) ) ;
#1444 = AXIS2_PLACEMENT_3D ( 'NONE', #721, #1769, #845 ) ;
#1445 = CARTESIAN_POINT ( 'NONE',  ( -25.00000000000000000, -0.04999999999999753253, -9.199999999999995737 ) ) ;
#1446 = ORIENTED_EDGE ( 'NONE', *, *, #1228, .T. ) ;
#1447 = VERTEX_POINT ( 'NONE', #950 ) ;
#1448 = DIRECTION ( 'NONE',  ( 0.000000000000000000, 0.000000000000000000, -1.000000000000000000 ) ) ;
#1449 = PRODUCT_DEFINITION ( 'UNKNOWN', '', #1705, #462 ) ;
#1450 = EDGE_LOOP ( 'NONE', ( #822, #516, #103, #72 ) ) ;
#1451 = ORIENTED_EDGE ( 'NONE', *, *, #1911, .F. ) ;
#1452 = CARTESIAN_POINT ( 'NONE',  ( 10.04574372578794517, 1.500000000000000000, -4.524403030080938137 ) ) ;
#1453 = LINE ( 'NONE', #1565, #199 ) ;
#1454 = LINE ( 'NONE', #65, #1244 ) ;
#1455 = ORIENTED_EDGE ( 'NONE', *, *, #27, .F. ) ;
#1456 = ADVANCED_FACE ( 'NONE', ( #919 ), #1537, .F. ) ;
#1457 = VERTEX_POINT ( 'NONE', #1555 ) ;
#1458 = CARTESIAN_POINT ( 'NONE',  ( 17.84021765691029415, 1.500000000000000000, -40.59983660014386686 ) ) ;
#1459 = ORIENTED_EDGE ( 'NONE', *, *, #426, .F. ) ;
#1460 = ORIENTED_EDGE ( 'NONE', *, *, #1221, .T. ) ;
#1461 = DIRECTION ( 'NONE',  ( 0.000000000000000000, 0.000000000000000000, -1.000000000000000000 ) ) ;
#1462 = ADVANCED_FACE ( 'NONE', ( #165 ), #791, .F. ) ;
#1463 = CARTESIAN_POINT ( 'NONE',  ( -22.13728757031316263, -1.500000000000000000, 0.000000000000000000 ) ) ;
#1464 = CARTESIAN_POINT ( 'NONE',  ( 0.5801270189221621187, -0.04999999999999753253, -25.69519052838326800 ) ) ;
#1465 = DIRECTION ( 'NONE',  ( 1.000000000000000000, -0.000000000000000000, -2.312964634635740492E-16 ) ) ;
#1466 = ORIENTED_EDGE ( 'NONE', *, *, #1541, .T. ) ;
#1467 = EDGE_LOOP ( 'NONE', ( #1229, #1643 ) ) ;
#1468 = EDGE_CURVE ( 'NONE', #634, #922, #1217, .T. ) ;
#1469 = DIRECTION ( 'NONE',  ( -0.000000000000000000, 1.000000000000000000, 0.000000000000000000 ) ) ;
#1470 = VECTOR ( 'NONE', #654, 1000.000000000000000 ) ;
#1471 = AXIS2_PLACEMENT_3D ( 'NONE', #151, #620, #1853 ) ;
#1472 = ORIENTED_EDGE ( 'NONE', *, *, #1210, .T. ) ;
#1473 = ADVANCED_FACE ( 'NONE', ( #1717 ), #330, .F. ) ;
#1474 = AXIS2_PLACEMENT_3D ( 'NONE', #108, #1013, #899 ) ;
#1475 = ORIENTED_EDGE ( 'NONE', *, *, #1580, .F. ) ;
#1476 = FACE_OUTER_BOUND ( 'NONE', #1377, .T. ) ;
#1477 = DIRECTION ( 'NONE',  ( 0.000000000000000000, 0.000000000000000000, -1.000000000000000000 ) ) ;
#1478 = LINE ( 'NONE', #1324, #1119 ) ;
#1479 = EDGE_LOOP ( 'NONE', ( #1142, #1019, #1472, #1782 ) ) ;
#1480 = VECTOR ( 'NONE', #579, 1000.000000000000000 ) ;
#1481 = DIRECTION ( 'NONE',  ( -0.000000000000000000, -1.000000000000000000, -0.000000000000000000 ) ) ;
#1482 = DIRECTION ( 'NONE',  ( -0.000000000000000000, -1.000000000000000000, -0.000000000000000000 ) ) ;
#1483 = ORIENTED_EDGE ( 'NONE', *, *, #1860, .F. ) ;
#1484 = ORIENTED_EDGE ( 'NONE', *, *, #392, .F. ) ;
#1485 = DIRECTION ( 'NONE',  ( 0.000000000000000000, -1.000000000000000000, -0.000000000000000000 ) ) ;
#1486 = DIRECTION ( 'NONE',  ( -0.000000000000000000, -1.000000000000000000, -0.000000000000000000 ) ) ;
#1487 = DIRECTION ( 'NONE',  ( 0.000000000000000000, 0.000000000000000000, -1.000000000000000000 ) ) ;
#1488 = VERTEX_POINT ( 'NONE', #1445 ) ;
#1489 = FACE_OUTER_BOUND ( 'NONE', #1995, .T. ) ;
#1490 = CARTESIAN_POINT ( 'NONE',  ( 1.749999999999999778, 1.500000000000000000, 11.97972637552514463 ) ) ;
#1491 = ORIENTED_EDGE ( 'NONE', *, *, #629, .F. ) ;
#1492 = EDGE_CURVE ( 'NONE', #510, #214, #1760, .T. ) ;
#1493 = LINE ( 'NONE', #743, #170 ) ;
#1494 = EDGE_LOOP ( 'NONE', ( #1006, #1329, #1005, #1976 ) ) ;
#1495 = ORIENTED_EDGE ( 'NONE', *, *, #1830, .F. ) ;
#1496 = CARTESIAN_POINT ( 'NONE',  ( -7.500000000000040856, -0.04999999999999753253, 5.000000000000000888 ) ) ;
#1497 = CIRCLE ( 'NONE', #980, 1.750000000000001554 ) ;
#1498 = ORIENTED_EDGE ( 'NONE', *, *, #607, .T. ) ;
#1499 = FACE_OUTER_BOUND ( 'NONE', #282, .T. ) ;
#1500 = ADVANCED_FACE ( 'NONE', ( #1908 ), #847, .F. ) ;
#1501 = VECTOR ( 'NONE', #1539, 1000.000000000000000 ) ;
#1502 = AXIS2_PLACEMENT_3D ( 'NONE', #1065, #1863, #1083 ) ;
#1503 = AXIS2_PLACEMENT_3D ( 'NONE', #688, #1737, #347 ) ;
#1504 = CARTESIAN_POINT ( 'NONE',  ( 25.54055643048624447, -1.500000000000000000, -30.76245860881781624 ) ) ;
#1505 = DIRECTION ( 'NONE',  ( 8.659560562354925463E-17, -0.7071067811865483499, 0.7071067811865467956 ) ) ;
#1506 = CARTESIAN_POINT ( 'NONE',  ( 0.000000000000000000, -1.500000000000000000, 0.000000000000000000 ) ) ;
#1507 = ADVANCED_FACE ( 'NONE', ( #228 ), #1881, .F. ) ;
#1508 = CARTESIAN_POINT ( 'NONE',  ( -16.75000000000000000, 1.500000000000000000, 12.52457514062632704 ) ) ;
#1509 = CYLINDRICAL_SURFACE ( 'NONE', #1438, 1.750000000000000000 ) ;
#1510 = ORIENTED_EDGE ( 'NONE', *, *, #217, .T. ) ;
#1511 = DIRECTION ( 'NONE',  ( -0.000000000000000000, 1.000000000000000000, 0.000000000000000000 ) ) ;
#1512 = CARTESIAN_POINT ( 'NONE',  ( 17.84021765691029415, 1.500000000000000000, -42.34983660014386686 ) ) ;
#1513 = LINE ( 'NONE', #1992, #116 ) ;
#1514 = CARTESIAN_POINT ( 'NONE',  ( -7.500000000000043521, -0.04999999999999753253, 25.00000000000000000 ) ) ;
#1515 = CARTESIAN_POINT ( 'NONE',  ( -7.500000000000043521, -1.500000000000001776, 25.00000000000000000 ) ) ;
#1516 = EDGE_CURVE ( 'NONE', #57, #413, #1405, .T. ) ;
#1517 = ORIENTED_EDGE ( 'NONE', *, *, #29, .T. ) ;
#1518 = DIRECTION ( 'NONE',  ( -0.000000000000000000, -1.000000000000000000, -0.000000000000000000 ) ) ;
#1519 = ORIENTED_EDGE ( 'NONE', *, *, #1189, .F. ) ;
#1520 = DIRECTION ( 'NONE',  ( 1.000000000000000000, 0.000000000000000000, 0.000000000000000000 ) ) ;
#1521 = FACE_BOUND ( 'NONE', #1798, .T. ) ;
#1522 = DIRECTION ( 'NONE',  ( 0.000000000000000000, 0.000000000000000000, -1.000000000000000000 ) ) ;
#1523 = EDGE_CURVE ( 'NONE', #613, #1115, #1925, .T. ) ;
#1524 = FACE_BOUND ( 'NONE', #848, .T. ) ;
#1525 = DIRECTION ( 'NONE',  ( 0.3973597071195114627, 0.000000000000000000, -0.9176629354822478657 ) ) ;
#1526 = AXIS2_PLACEMENT_3D ( 'NONE', #1508, #745, #1355 ) ;
#1527 = ORIENTED_EDGE ( 'NONE', *, *, #938, .F. ) ;
#1528 = DIRECTION ( 'NONE',  ( -0.8944271909999159664, 0.000000000000000000, 0.4472135954999577057 ) ) ;
#1529 = CIRCLE ( 'NONE', #464, 1.699999999999999289 ) ;
#1530 = EDGE_CURVE ( 'NONE', #718, #711, #955, .T. ) ;
#1531 = VERTEX_POINT ( 'NONE', #810 ) ;
#1532 = VECTOR ( 'NONE', #1378, 1000.000000000000000 ) ;
#1533 = CARTESIAN_POINT ( 'NONE',  ( 0.5801270189221625628, -1.500000000000001776, -20.84519052838326658 ) ) ;
#1534 = DIRECTION ( 'NONE',  ( 0.000000000000000000, 1.000000000000000000, 0.000000000000000000 ) ) ;
#1535 = VECTOR ( 'NONE', #1112, 1000.000000000000114 ) ;
#1536 = CARTESIAN_POINT ( 'NONE',  ( -16.75000000000000000, 1.500000000000000000, 12.52457514062632704 ) ) ;
#1537 = CYLINDRICAL_SURFACE ( 'NONE', #701, 1.749999999999999778 ) ;
#1538 = VERTEX_POINT ( 'NONE', #656 ) ;
#1539 = DIRECTION ( 'NONE',  ( -0.000000000000000000, -1.000000000000000000, 0.000000000000000000 ) ) ;
#1540 = ORIENTED_EDGE ( 'NONE', *, *, #84, .F. ) ;
#1541 = EDGE_CURVE ( 'NONE', #613, #1651, #1300, .T. ) ;
#1542 = CARTESIAN_POINT ( 'NONE',  ( -7.500000000000040856, -0.04999999999999753253, 6.700000000000000178 ) ) ;
#1543 = DIRECTION ( 'NONE',  ( 0.000000000000000000, -1.000000000000000000, -0.000000000000000000 ) ) ;
#1544 = DIRECTION ( 'NONE',  ( -1.000000000000000000, 0.000000000000000000, 2.312964634635740492E-16 ) ) ;
#1545 = DIRECTION ( 'NONE',  ( 0.4472135954999575946, -0.000000000000000000, 0.8944271909999160775 ) ) ;
#1546 = EDGE_LOOP ( 'NONE', ( #1255, #1588, #1746, #1606 ) ) ;
#1547 = LINE ( 'NONE', #1075, #1758 ) ;
#1548 = ORIENTED_EDGE ( 'NONE', *, *, #1586, .T. ) ;
#1549 = EDGE_CURVE ( 'NONE', #252, #910, #1004, .T. ) ;
#1550 = ORIENTED_EDGE ( 'NONE', *, *, #1346, .F. ) ;
#1551 = ADVANCED_FACE ( 'NONE', ( #219 ), #1593, .F. ) ;
#1552 = FACE_BOUND ( 'NONE', #1777, .T. ) ;
#1553 = DIRECTION ( 'NONE',  ( 0.000000000000000000, 0.000000000000000000, -1.000000000000000000 ) ) ;
#1554 = DIRECTION ( 'NONE',  ( 0.000000000000000000, 0.000000000000000000, -1.000000000000000000 ) ) ;
#1555 = CARTESIAN_POINT ( 'NONE',  ( 19.35576211353306419, -1.500000000000000000, -41.47483660014387397 ) ) ;
#1556 = ORIENTED_EDGE ( 'NONE', *, *, #184, .T. ) ;
#1557 = DIRECTION ( 'NONE',  ( 0.000000000000000000, -1.000000000000000000, -0.000000000000000000 ) ) ;
#1558 = VERTEX_POINT ( 'NONE', #827 ) ;
#1559 = CIRCLE ( 'NONE', #693, 3.149999999999999911 ) ;
#1560 = EDGE_LOOP ( 'NONE', ( #1491, #989, #1904, #1742 ) ) ;
#1561 = VECTOR ( 'NONE', #378, 1000.000000000000000 ) ;
#1562 = CIRCLE ( 'NONE', #271, 1.700000000000000178 ) ;
#1563 = DIRECTION ( 'NONE',  ( -0.000000000000000000, -1.000000000000000000, -0.000000000000000000 ) ) ;
#1564 = CIRCLE ( 'NONE', #600, 1.700000000000000178 ) ;
#1565 = CARTESIAN_POINT ( 'NONE',  ( 10.04574372578794339, -1.500000000000000000, -4.524403030080936361 ) ) ;
#1566 = FACE_OUTER_BOUND ( 'NONE', #794, .T. ) ;
#1567 = VECTOR ( 'NONE', #1950, 1000.000000000000000 ) ;
#1568 = VERTEX_POINT ( 'NONE', #1155 ) ;
#1569 = LINE ( 'NONE', #923, #1501 ) ;
#1570 = ORIENTED_EDGE ( 'NONE', *, *, #1914, .T. ) ;
#1571 = CONICAL_SURFACE ( 'NONE', #1034, 3.149999999999999023, 0.7853981633974468357 ) ;
#1572 = DIRECTION ( 'NONE',  ( -0.000000000000000000, -1.000000000000000000, -0.000000000000000000 ) ) ;
#1573 = DIRECTION ( 'NONE',  ( -0.000000000000000000, 1.000000000000000000, 0.000000000000000000 ) ) ;
#1574 = CARTESIAN_POINT ( 'NONE',  ( -25.00000000000000000, -0.04999999999999753253, -7.499999999999997335 ) ) ;
#1575 = ORIENTED_EDGE ( 'NONE', *, *, #1830, .T. ) ;
#1576 = EDGE_CURVE ( 'NONE', #796, #1583, #1432, .T. ) ;
#1577 = LINE ( 'NONE', #996, #793 ) ;
#1578 = ORIENTED_EDGE ( 'NONE', *, *, #926, .T. ) ;
#1579 = CARTESIAN_POINT ( 'NONE',  ( 17.90063509461088032, -1.500000000000001776, -33.99519052838336819 ) ) ;
#1580 = EDGE_CURVE ( 'NONE', #1263, #711, #1771, .T. ) ;
#1581 = CARTESIAN_POINT ( 'NONE',  ( -1.149246059487657456, -1.500000000000000000, 28.24999999999999645 ) ) ;
#1582 = FACE_OUTER_BOUND ( 'NONE', #1546, .T. ) ;
#1583 = VERTEX_POINT ( 'NONE', #961 ) ;
#1584 = FACE_OUTER_BOUND ( 'NONE', #1639, .T. ) ;
#1585 = ORIENTED_EDGE ( 'NONE', *, *, #1689, .T. ) ;
#1586 = EDGE_CURVE ( 'NONE', #724, #247, #1763, .T. ) ;
#1587 = AXIS2_PLACEMENT_3D ( 'NONE', #609, #445, #1544 ) ;
#1588 = ORIENTED_EDGE ( 'NONE', *, *, #323, .T. ) ;
#1589 = CARTESIAN_POINT ( 'NONE',  ( 17.90063509461088032, 1.500000000000000000, -33.99519052838336819 ) ) ;
#1590 = CIRCLE ( 'NONE', #360, 3.149999999999999911 ) ;
#1591 = AXIS2_PLACEMENT_3D ( 'NONE', #1421, #1871, #177 ) ;
#1592 = DIRECTION ( 'NONE',  ( 0.000000000000000000, -0.7071067811865483499, -0.7071067811865467956 ) ) ;
#1593 = PLANE ( 'NONE',  #921 ) ;
#1594 = ORIENTED_EDGE ( 'NONE', *, *, #123, .T. ) ;
#1595 = AXIS2_PLACEMENT_3D ( 'NONE', #1062, #1671, #283 ) ;
#1596 = VECTOR ( 'NONE', #1336, 999.9999999999998863 ) ;
#1597 = ORIENTED_EDGE ( 'NONE', *, *, #1134, .F. ) ;
#1598 = DIRECTION ( 'NONE',  ( -0.000000000000000000, -1.000000000000000000, -0.000000000000000000 ) ) ;
#1599 = AXIS2_PLACEMENT_3D ( 'NONE', #1372, #1360, #1553 ) ;
#1600 = ORIENTED_EDGE ( 'NONE', *, *, #691, .T. ) ;
#1601 = EDGE_LOOP ( 'NONE', ( #393, #320 ) ) ;
#1602 = LINE ( 'NONE', #1250, #697 ) ;
#1603 = EDGE_CURVE ( 'NONE', #1733, #1488, #1928, .T. ) ;
#1604 = CARTESIAN_POINT ( 'NONE',  ( -5.000000000000000888, -1.500000000000000000, -5.800000000000000711 ) ) ;
#1605 = CARTESIAN_POINT ( 'NONE',  ( 11.83983358869399716, 1.500000000000000000, -13.07174617851899967 ) ) ;
#1606 = ORIENTED_EDGE ( 'NONE', *, *, #362, .F. ) ;
#1607 = ORIENTED_EDGE ( 'NONE', *, *, #1948, .F. ) ;
#1608 = LINE ( 'NONE', #1007, #952 ) ;
#1609 = VERTEX_POINT ( 'NONE', #1922 ) ;
#1610 = EDGE_CURVE ( 'NONE', #168, #1670, #1454, .T. ) ;
#1611 = EDGE_LOOP ( 'NONE', ( #374, #1498, #1236, #1673 ) ) ;
#1612 = LINE ( 'NONE', #63, #499 ) ;
#1613 = EDGE_CURVE ( 'NONE', #1218, #1291, #306, .T. ) ;
#1614 = CARTESIAN_POINT ( 'NONE',  ( 1.750000000000000000, -1.500000000000000000, -10.83215974080634680 ) ) ;
#1615 = CARTESIAN_POINT ( 'NONE',  ( 1.750000000000000000, -1.500000000000000000, -10.83215974080634680 ) ) ;
#1616 = DIRECTION ( 'NONE',  ( 0.000000000000000000, 0.000000000000000000, -1.000000000000000000 ) ) ;
#1617 = VERTEX_POINT ( 'NONE', #969 ) ;
#1618 = ADVANCED_FACE ( 'NONE', ( #1582 ), #195, .F. ) ;
#1619 = ORIENTED_EDGE ( 'NONE', *, *, #629, .T. ) ;
#1620 = FACE_OUTER_BOUND ( 'NONE', #843, .T. ) ;
#1621 = ORIENTED_EDGE ( 'NONE', *, *, #777, .F. ) ;
#1622 = ORIENTED_EDGE ( 'NONE', *, *, #1200, .T. ) ;
#1623 = FACE_OUTER_BOUND ( 'NONE', #1647, .T. ) ;
#1624 = DIRECTION ( 'NONE',  ( -0.000000000000000000, -1.000000000000000000, -0.000000000000000000 ) ) ;
#1625 = AXIS2_PLACEMENT_3D ( 'NONE', #15, #1093, #1983 ) ;
#1626 = CARTESIAN_POINT ( 'NONE',  ( 14.85805598115666548, -1.500000000000000000, -23.57830262035543001 ) ) ;
#1627 = FACE_OUTER_BOUND ( 'NONE', #632, .T. ) ;
#1628 = ORIENTED_EDGE ( 'NONE', *, *, #756, .F. ) ;
#1629 = CARTESIAN_POINT ( 'NONE',  ( 1.750000000000000000, 1.500000000000000000, -9.082159740806346804 ) ) ;
#1630 = LINE ( 'NONE', #261, #765 ) ;
#1631 = VECTOR ( 'NONE', #425, 999.9999999999998863 ) ;
#1632 = AXIS2_PLACEMENT_3D ( 'NONE', #1927, #34, #222 ) ;
#1633 = ORIENTED_EDGE ( 'NONE', *, *, #41, .F. ) ;
#1634 = CIRCLE ( 'NONE', #1861, 1.749999999999999778 ) ;
#1635 = VERTEX_POINT ( 'NONE', #1165 ) ;
#1636 = CARTESIAN_POINT ( 'NONE',  ( -16.75000000000000000, -1.500000000000000000, 12.52457514062632704 ) ) ;
#1637 = DIRECTION ( 'NONE',  ( -0.000000000000000000, -1.000000000000000000, -0.000000000000000000 ) ) ;
#1638 = DIRECTION ( 'NONE',  ( 0.000000000000000000, 0.000000000000000000, -1.000000000000000000 ) ) ;
#1639 = EDGE_LOOP ( 'NONE', ( #1785, #842, #437, #300 ) ) ;
#1640 = DIRECTION ( 'NONE',  ( 0.000000000000000000, 0.000000000000000000, -1.000000000000000000 ) ) ;
#1641 = FACE_OUTER_BOUND ( 'NONE', #863, .T. ) ;
#1642 = EDGE_CURVE ( 'NONE', #678, #185, #862, .T. ) ;
#1643 = ORIENTED_EDGE ( 'NONE', *, *, #866, .F. ) ;
#1644 = ORIENTED_EDGE ( 'NONE', *, *, #546, .T. ) ;
#1645 = DIRECTION ( 'NONE',  ( 0.000000000000000000, 0.000000000000000000, -1.000000000000000000 ) ) ;
#1646 = DIRECTION ( 'NONE',  ( -0.000000000000000000, -1.000000000000000000, -0.000000000000000000 ) ) ;
#1647 = EDGE_LOOP ( 'NONE', ( #1786, #1710, #1459, #671 ) ) ;
#1648 = ADVANCED_FACE ( 'NONE', ( #1354 ), #1943, .F. ) ;
#1649 = CARTESIAN_POINT ( 'NONE',  ( -1.149246059487656568, 1.500000000000000000, 30.00000000000000355 ) ) ;
#1650 = LINE ( 'NONE', #1179, #12 ) ;
#1651 = VERTEX_POINT ( 'NONE', #1332 ) ;
#1652 = ADVANCED_FACE ( 'NONE', ( #870 ), #1953, .T. ) ;
#1653 = LINE ( 'NONE', #1615, #428 ) ;
#1654 = DIRECTION ( 'NONE',  ( -0.000000000000000000, -1.000000000000000000, -0.000000000000000000 ) ) ;
#1655 = CIRCLE ( 'NONE', #1526, 1.749999999999999778 ) ;
#1656 = CARTESIAN_POINT ( 'NONE',  ( -15.00000000000000000, 1.500000000000000000, 1.750000000000000000 ) ) ;
#1657 = CARTESIAN_POINT ( 'NONE',  ( -22.13728757031316263, 1.500000000000000000, 0.000000000000000000 ) ) ;
#1658 = CIRCLE ( 'NONE', #74, 1.749999999999999778 ) ;
#1659 = ORIENTED_EDGE ( 'NONE', *, *, #1073, .T. ) ;
#1660 = DIRECTION ( 'NONE',  ( -0.4999999999999977796, 0.000000000000000000, 0.8660254037844399289 ) ) ;
#1661 = CIRCLE ( 'NONE', #302, 3.149999999999999023 ) ;
#1662 = CONICAL_SURFACE ( 'NONE', #45, 3.149999999999999911, 0.7853981633974471688 ) ;
#1663 = VECTOR ( 'NONE', #87, 1000.000000000000000 ) ;
#1664 = EDGE_CURVE ( 'NONE', #924, #927, #581, .T. ) ;
#1665 = FACE_BOUND ( 'NONE', #58, .T. ) ;
#1666 = FACE_OUTER_BOUND ( 'NONE', #1479, .T. ) ;
#1667 = EDGE_LOOP ( 'NONE', ( #381, #472, #1713, #1086 ) ) ;
#1668 = CARTESIAN_POINT ( 'NONE',  ( 3.355910137093933709, -1.500000000000000000, 10.92510586298428876 ) ) ;
#1669 = CIRCLE ( 'NONE', #1444, 3.149999999999999911 ) ;
#1670 = VERTEX_POINT ( 'NONE', #251 ) ;
#1671 = DIRECTION ( 'NONE',  ( -0.000000000000000000, -1.000000000000000000, -0.000000000000000000 ) ) ;
#1672 = ADVANCED_FACE ( 'NONE', ( #1627 ), #605, .F. ) ;
#1673 = ORIENTED_EDGE ( 'NONE', *, *, #851, .T. ) ;
#1674 = LINE ( 'NONE', #285, #1182 ) ;
#1675 = CARTESIAN_POINT ( 'NONE',  ( 6.809785048659601436, -1.500000000000000000, 2.948723423225317219 ) ) ;
#1676 = ADVANCED_FACE ( 'NONE', ( #1193 ), #1934, .T. ) ;
#1677 = CARTESIAN_POINT ( 'NONE',  ( -13.91844051968769946, 1.500000000000000000, 28.25000000000000355 ) ) ;
#1678 = EDGE_CURVE ( 'NONE', #1801, #371, #1085, .T. ) ;
#1679 = VERTEX_POINT ( 'NONE', #1057 ) ;
#1680 = CARTESIAN_POINT ( 'NONE',  ( -5.000000000000000888, -1.500000000000001776, -7.499999999999999112 ) ) ;
#1681 = VERTEX_POINT ( 'NONE', #1781 ) ;
#1682 = EDGE_LOOP ( 'NONE', ( #293, #658, #1517, #229, #322, #255, #973 ) ) ;
#1683 = ADVANCED_FACE ( 'NONE', ( #861 ), #735, .T. ) ;
#1684 = CYLINDRICAL_SURFACE ( 'NONE', #1691, 1.749999999999999778 ) ;
#1685 = CARTESIAN_POINT ( 'NONE',  ( -23.70253515456301585, 1.500000000000000000, 2.532623792124924833 ) ) ;
#1686 = FILL_AREA_STYLE_COLOUR ( '', #594 ) ;
#1687 = DIRECTION ( 'NONE',  ( 0.000000000000000000, 1.000000000000000000, 0.000000000000000000 ) ) ;
#1688 = VERTEX_POINT ( 'NONE', #270 ) ;
#1689 = EDGE_CURVE ( 'NONE', #1169, #828, #1730, .T. ) ;
#1690 = DIRECTION ( 'NONE',  ( -0.000000000000000000, -1.000000000000000000, -0.000000000000000000 ) ) ;
#1691 = AXIS2_PLACEMENT_3D ( 'NONE', #1091, #1380, #1238 ) ;
#1692 = CIRCLE ( 'NONE', #1053, 1.700000000000000178 ) ;
#1693 = ORIENTED_EDGE ( 'NONE', *, *, #238, .F. ) ;
#1694 = CIRCLE ( 'NONE', #1341, 1.750000000000001554 ) ;
#1695 = DIRECTION ( 'NONE',  ( 0.000000000000000000, -0.7071067811865486830, -0.7071067811865464625 ) ) ;
#1696 = DIRECTION ( 'NONE',  ( -1.734723475976807292E-15, 0.000000000000000000, -1.000000000000000000 ) ) ;
#1697 = VECTOR ( 'NONE', #147, 1000.000000000000000 ) ;
#1698 = AXIS2_PLACEMENT_3D ( 'NONE', #1859, #474, #1872 ) ;
#1699 = SURFACE_SIDE_STYLE ('',( #598 ) ) ;
#1700 = CARTESIAN_POINT ( 'NONE',  ( 0.5801270189221623408, -0.04999999999999753253, -22.29519052838326587 ) ) ;
#1701 = ORIENTED_EDGE ( 'NONE', *, *, #1613, .F. ) ;
#1702 = LINE ( 'NONE', #651, #1532 ) ;
#1703 = EDGE_CURVE ( 'NONE', #263, #8, #1478, .T. ) ;
#1704 = ORIENTED_EDGE ( 'NONE', *, *, #685, .T. ) ;
#1705 = PRODUCT_DEFINITION_FORMATION_WITH_SPECIFIED_SOURCE ( 'ANY', '', #625, .NOT_KNOWN. ) ;
#1706 = LINE ( 'NONE', #353, #1470 ) ;
#1707 = CARTESIAN_POINT ( 'NONE',  ( -28.24999999999999645, -1.500000000000000000, -0.4131189606246220558 ) ) ;
#1708 = DIRECTION ( 'NONE',  ( 0.000000000000000000, 0.000000000000000000, 1.000000000000000000 ) ) ;
#1709 = ADVANCED_FACE ( 'NONE', ( #1666 ), #1812, .F. ) ;
#1710 = ORIENTED_EDGE ( 'NONE', *, *, #1415, .T. ) ;
#1711 = DIRECTION ( 'NONE',  ( 0.000000000000000000, 0.000000000000000000, -1.000000000000000000 ) ) ;
#1712 = ORIENTED_EDGE ( 'NONE', *, *, #154, .T. ) ;
#1713 = ORIENTED_EDGE ( 'NONE', *, *, #1294, .T. ) ;
#1714 = DIRECTION ( 'NONE',  ( 0.000000000000000000, 0.000000000000000000, -1.000000000000000000 ) ) ;
#1715 = CARTESIAN_POINT ( 'NONE',  ( -7.500000000000040856, -1.500000000000001776, 1.850000000000000977 ) ) ;
#1716 = DIRECTION ( 'NONE',  ( -0.000000000000000000, 1.000000000000000000, 0.000000000000000000 ) ) ;
#1717 = FACE_OUTER_BOUND ( 'NONE', #1363, .T. ) ;
#1718 = ORIENTED_EDGE ( 'NONE', *, *, #483, .F. ) ;
#1719 = CARTESIAN_POINT ( 'NONE',  ( -19.97507764050038759, -1.500000000000000000, 9.987538820250186689 ) ) ;
#1720 = MECHANICAL_DESIGN_GEOMETRIC_PRESENTATION_REPRESENTATION (  '', ( #198 ), #234 ) ;
#1721 = VERTEX_POINT ( 'NONE', #77 ) ;
#1722 = AXIS2_PLACEMENT_3D ( 'NONE', #411, #1790, #98 ) ;
#1723 = AXIS2_PLACEMENT_3D ( 'NONE', #1735, #1752, #521 ) ;
#1724 = DIRECTION ( 'NONE',  ( -0.000000000000000000, -1.000000000000000000, -0.000000000000000000 ) ) ;
#1725 = CIRCLE ( 'NONE', #699, 3.149999999999999911 ) ;
#1726 = EDGE_CURVE ( 'NONE', #8, #1741, #714, .T. ) ;
#1727 = DIRECTION ( 'NONE',  ( 0.000000000000000000, 0.000000000000000000, -1.000000000000000000 ) ) ;
#1728 = DIRECTION ( 'NONE',  ( -0.5000000000000035527, -0.000000000000000000, -0.8660254037844367092 ) ) ;
#1729 = AXIS2_PLACEMENT_3D ( 'NONE', #1515, #129, #1835 ) ;
#1730 = CIRCLE ( 'NONE', #824, 1.749999999999999778 ) ;
#1731 = ORIENTED_EDGE ( 'NONE', *, *, #1530, .F. ) ;
#1732 = CARTESIAN_POINT ( 'NONE',  ( -29.12499999999999645, -1.500000000000000000, -15.50518148554091802 ) ) ;
#1733 = VERTEX_POINT ( 'NONE', #549 ) ;
#1734 = EDGE_CURVE ( 'NONE', #895, #1764, #1027, .T. ) ;
#1735 = CARTESIAN_POINT ( 'NONE',  ( -7.500000000000043521, -0.04999999999999753253, 25.00000000000000000 ) ) ;
#1736 = DIRECTION ( 'NONE',  ( 0.5000000000000016653, -0.000000000000000000, 0.8660254037844377084 ) ) ;
#1737 = DIRECTION ( 'NONE',  ( 0.000000000000000000, -1.000000000000000000, -0.000000000000000000 ) ) ;
#1738 = ORIENTED_EDGE ( 'NONE', *, *, #1809, .T. ) ;
#1739 = DIRECTION ( 'NONE',  ( 0.000000000000000000, 0.000000000000000000, -1.000000000000000000 ) ) ;
#1740 = ADVANCED_FACE ( 'NONE', ( #916 ), #453, .F. ) ;
#1741 = VERTEX_POINT ( 'NONE', #145 ) ;
#1742 = ORIENTED_EDGE ( 'NONE', *, *, #27, .T. ) ;
#1743 = DIRECTION ( 'NONE',  ( 0.000000000000000000, -1.000000000000000000, -0.000000000000000000 ) ) ;
#1744 = DIRECTION ( 'NONE',  ( -0.000000000000000000, 1.000000000000000000, 0.000000000000000000 ) ) ;
#1745 = CARTESIAN_POINT ( 'NONE',  ( 1.749999999999999778, -1.500000000000000000, 10.22972637552514463 ) ) ;
#1746 = ORIENTED_EDGE ( 'NONE', *, *, #475, .T. ) ;
#1747 = EDGE_LOOP ( 'NONE', ( #682, #1283, #766, #1510 ) ) ;
#1748 = DIRECTION ( 'NONE',  ( 0.000000000000000000, 1.000000000000000000, 0.000000000000000000 ) ) ;
#1749 = EDGE_CURVE ( 'NONE', #828, #1272, #1239, .T. ) ;
#1750 = ORIENTED_EDGE ( 'NONE', *, *, #141, .T. ) ;
#1751 = ORIENTED_EDGE ( 'NONE', *, *, #349, .F. ) ;
#1752 = DIRECTION ( 'NONE',  ( -0.000000000000000000, -1.000000000000000000, -0.000000000000000000 ) ) ;
#1753 = CIRCLE ( 'NONE', #106, 1.699999999999999289 ) ;
#1754 = AXIS2_PLACEMENT_3D ( 'NONE', #386, #236, #532 ) ;
#1755 = DIRECTION ( 'NONE',  ( 0.000000000000000000, 0.000000000000000000, -1.000000000000000000 ) ) ;
#1756 = DIRECTION ( 'NONE',  ( 0.000000000000000000, -1.000000000000000000, -0.000000000000000000 ) ) ;
#1757 = EDGE_LOOP ( 'NONE', ( #331, #1882, #665, #550 ) ) ;
#1758 = VECTOR ( 'NONE', #1116, 1000.000000000000000 ) ;
#1759 = ADVANCED_FACE ( 'NONE', ( #907 ), #1231, .F. ) ;
#1760 = CIRCLE ( 'NONE', #1829, 1.750000000000001554 ) ;
#1761 = ORIENTED_EDGE ( 'NONE', *, *, #289, .F. ) ;
#1762 = CARTESIAN_POINT ( 'NONE',  ( -30.00000000000000000, -1.500000000000000000, 5.510910596163088767E-15 ) ) ;
#1763 = CIRCLE ( 'NONE', #1215, 1.749999999999999778 ) ;
#1764 = VERTEX_POINT ( 'NONE', #309 ) ;
#1765 = EDGE_CURVE ( 'NONE', #970, #1457, #47, .T. ) ;
#1766 = ORIENTED_EDGE ( 'NONE', *, *, #175, .F. ) ;
#1767 = CARTESIAN_POINT ( 'NONE',  ( 1.749999999999999778, -1.500000000000000000, 10.22972637552514463 ) ) ;
#1768 = EDGE_CURVE ( 'NONE', #1741, #806, #1513, .T. ) ;
#1769 = DIRECTION ( 'NONE',  ( -0.000000000000000000, -1.000000000000000000, -0.000000000000000000 ) ) ;
#1770 = PLANE ( 'NONE',  #1051 ) ;
#1771 = LINE ( 'NONE', #677, #705 ) ;
#1772 = EDGE_LOOP ( 'NONE', ( #1175, #650, #1408, #1550 ) ) ;
#1773 = VERTEX_POINT ( 'NONE', #295 ) ;
#1774 = CARTESIAN_POINT ( 'NONE',  ( 0.5801270189221621187, -1.500000000000000000, -23.99519052838326871 ) ) ;
#1775 = EDGE_CURVE ( 'NONE', #490, #1218, #750, .T. ) ;
#1776 = ORIENTED_EDGE ( 'NONE', *, *, #948, .F. ) ;
#1777 = EDGE_LOOP ( 'NONE', ( #1412, #324, #62, #1292, #361, #1090, #60, #1909 ) ) ;
#1778 = CARTESIAN_POINT ( 'NONE',  ( -15.00000000000000000, -1.500000000000000000, 1.750000000000000000 ) ) ;
#1779 = LINE ( 'NONE', #702, #178 ) ;
#1780 = CARTESIAN_POINT ( 'NONE',  ( 7.745190528383267825, -1.500000000000000000, -13.41506350946113635 ) ) ;
#1781 = CARTESIAN_POINT ( 'NONE',  ( -25.00000000000000000, -1.500000000000001776, -10.64999999999999680 ) ) ;
#1782 = ORIENTED_EDGE ( 'NONE', *, *, #1972, .T. ) ;
#1783 = ORIENTED_EDGE ( 'NONE', *, *, #1105, .F. ) ;
#1784 = FACE_OUTER_BOUND ( 'NONE', #525, .T. ) ;
#1785 = ORIENTED_EDGE ( 'NONE', *, *, #303, .F. ) ;
#1786 = ORIENTED_EDGE ( 'NONE', *, *, #1689, .F. ) ;
#1787 = AXIS2_PLACEMENT_3D ( 'NONE', #1813, #1795, #1936 ) ;
#1788 = CARTESIAN_POINT ( 'NONE',  ( -5.000000000000000888, 1.500000000000000000, -5.799999999999999822 ) ) ;
#1789 = AXIS2_PLACEMENT_3D ( 'NONE', #88, #1323, #713 ) ;
#1790 = DIRECTION ( 'NONE',  ( 0.9176629354822477547, 0.000000000000000000, 0.3973597071195114627 ) ) ;
#1791 = CARTESIAN_POINT ( 'NONE',  ( -15.00000000000000000, -1.500000000000000000, 0.000000000000000000 ) ) ;
#1792 = VERTEX_POINT ( 'NONE', #1715 ) ;
#1793 = EDGE_CURVE ( 'NONE', #1609, #637, #440, .T. ) ;
#1794 = AXIS2_PLACEMENT_3D ( 'NONE', #194, #1573, #55 ) ;
#1795 = DIRECTION ( 'NONE',  ( -0.000000000000000000, -1.000000000000000000, -0.000000000000000000 ) ) ;
#1796 = DIRECTION ( 'NONE',  ( 0.000000000000000000, -0.7071067811865483499, -0.7071067811865466846 ) ) ;
#1797 = CIRCLE ( 'NONE', #1434, 1.749999999999999778 ) ;
#1798 = EDGE_LOOP ( 'NONE', ( #1644, #1032 ) ) ;
#1799 = VECTOR ( 'NONE', #1849, 1000.000000000000000 ) ;
#1800 = AXIS2_PLACEMENT_3D ( 'NONE', #723, #1646, #279 ) ;
#1801 = VERTEX_POINT ( 'NONE', #788 ) ;
#1802 = EDGE_CURVE ( 'NONE', #252, #1308, #1634, .T. ) ;
#1803 = DIRECTION ( 'NONE',  ( -0.8660254037844399289, 0.000000000000000000, -0.4999999999999977796 ) ) ;
#1804 = CARTESIAN_POINT ( 'NONE',  ( -29.99999999999999645, -1.500000000000000000, -14.99999999999999467 ) ) ;
#1805 = ORIENTED_EDGE ( 'NONE', *, *, #1817, .F. ) ;
#1806 = CARTESIAN_POINT ( 'NONE',  ( -5.000000000000000888, -0.04999999999999753253, -5.799999999999999822 ) ) ;
#1807 = CARTESIAN_POINT ( 'NONE',  ( 18.48076211353305709, 1.500000000000000000, -42.99038105676664401 ) ) ;
#1808 = ORIENTED_EDGE ( 'NONE', *, *, #1678, .F. ) ;
#1809 = EDGE_CURVE ( 'NONE', #1115, #1617, #1028, .T. ) ;
#1810 = FACE_OUTER_BOUND ( 'NONE', #1077, .T. ) ;
#1811 = FACE_OUTER_BOUND ( 'NONE', #569, .T. ) ;
#1812 = PLANE ( 'NONE',  #369 ) ;
#1813 = CARTESIAN_POINT ( 'NONE',  ( 0.5801270189221621187, -1.500000000000001776, -23.99519052838326871 ) ) ;
#1814 = DIRECTION ( 'NONE',  ( -1.982541115402065307E-15, 0.000000000000000000, -1.000000000000000000 ) ) ;
#1815 = EDGE_LOOP ( 'NONE', ( #158, #70, #231, #100 ) ) ;
#1816 = DIRECTION ( 'NONE',  ( 1.065615849528610275E-14, 0.000000000000000000, -1.000000000000000000 ) ) ;
#1817 = EDGE_CURVE ( 'NONE', #478, #876, #667, .T. ) ;
#1818 = FACE_BOUND ( 'NONE', #171, .T. ) ;
#1819 = DIRECTION ( 'NONE',  ( 0.000000000000000000, 0.000000000000000000, -1.000000000000000000 ) ) ;
#1820 = CARTESIAN_POINT ( 'NONE',  ( -28.24999999999999289, 1.500000000000000000, -13.98963702891815153 ) ) ;
#1821 = CARTESIAN_POINT ( 'NONE',  ( 1.750000000000000000, -1.500000000000000000, -9.082159740806346804 ) ) ;
#1822 = CIRCLE ( 'NONE', #1208, 1.749999999999999778 ) ;
#1823 = EDGE_CURVE ( 'NONE', #263, #806, #155, .T. ) ;
#1824 = AXIS2_PLACEMENT_3D ( 'NONE', #1898, #338, #800 ) ;
#1825 = ORIENTED_EDGE ( 'NONE', *, *, #117, .F. ) ;
#1826 = LINE ( 'NONE', #1351, #564 ) ;
#1827 = ORIENTED_EDGE ( 'NONE', *, *, #814, .T. ) ;
#1828 = AXIS2_PLACEMENT_3D ( 'NONE', #59, #1748, #982 ) ;
#1829 = AXIS2_PLACEMENT_3D ( 'NONE', #188, #817, #536 ) ;
#1830 = EDGE_CURVE ( 'NONE', #1285, #786, #616, .T. ) ;
#1831 = AXIS2_PLACEMENT_3D ( 'NONE', #670, #89, #1638 ) ;
#1832 = PLANE ( 'NONE',  #1078 ) ;
#1833 = EDGE_CURVE ( 'NONE', #358, #57, #1981, .T. ) ;
#1834 = CARTESIAN_POINT ( 'NONE',  ( -15.00000000000001421, -1.500000000000000000, 30.00000000000000711 ) ) ;
#1835 = DIRECTION ( 'NONE',  ( 0.000000000000000000, 0.000000000000000000, -1.000000000000000000 ) ) ;
#1836 = ORIENTED_EDGE ( 'NONE', *, *, #481, .F. ) ;
#1837 = CARTESIAN_POINT ( 'NONE',  ( -7.500000000000040856, -0.04999999999999753253, 5.000000000000000888 ) ) ;
#1838 = DIRECTION ( 'NONE',  ( 0.000000000000000000, -1.000000000000000000, 0.000000000000000000 ) ) ;
#1839 = DIRECTION ( 'NONE',  ( 0.000000000000000000, 0.000000000000000000, -1.000000000000000000 ) ) ;
#1840 = ADVANCED_FACE ( 'NONE', ( #1064 ), #286, .T. ) ;
#1841 = CARTESIAN_POINT ( 'NONE',  ( -7.500000000000043521, 1.500000000000000000, 25.00000000000000000 ) ) ;
#1842 = CARTESIAN_POINT ( 'NONE',  ( 11.83983358869399716, -1.500000000000000000, -11.32174617851899967 ) ) ;
#1843 = ORIENTED_EDGE ( 'NONE', *, *, #1703, .F. ) ;
#1844 = CYLINDRICAL_SURFACE ( 'NONE', #336, 1.699999999999999289 ) ;
#1845 = ORIENTED_EDGE ( 'NONE', *, *, #426, .T. ) ;
#1846 = CARTESIAN_POINT ( 'NONE',  ( -28.24999999999999289, 1.500000000000000000, -13.98963702891815153 ) ) ;
#1847 = DIRECTION ( 'NONE',  ( 1.000000000000000000, -0.000000000000000000, -2.312964634635740492E-16 ) ) ;
#1848 =( NAMED_UNIT ( * ) PLANE_ANGLE_UNIT ( ) SI_UNIT ( $, .RADIAN. ) );
#1849 = DIRECTION ( 'NONE',  ( 0.000000000000000000, 0.000000000000000000, -1.000000000000000000 ) ) ;
#1850 = ADVANCED_FACE ( 'NONE', ( #779 ), #623, .T. ) ;
#1851 = CIRCLE ( 'NONE', #1949, 1.749999999999999778 ) ;
#1852 = VERTEX_POINT ( 'NONE', #317 ) ;
#1853 = DIRECTION ( 'NONE',  ( -3.965082230804126670E-15, 0.000000000000000000, -1.000000000000000000 ) ) ;
#1854 = AXIS2_PLACEMENT_3D ( 'NONE', #556, #1637, #1645 ) ;
#1855 = ORIENTED_EDGE ( 'NONE', *, *, #866, .T. ) ;
#1856 = VECTOR ( 'NONE', #1227, 1000.000000000000000 ) ;
#1857 = CIRCLE ( 'NONE', #1373, 3.149999999999999911 ) ;
#1858 = DIRECTION ( 'NONE',  ( 2.312964634635742957E-16, 0.000000000000000000, -1.000000000000000000 ) ) ;
#1859 = CARTESIAN_POINT ( 'NONE',  ( -6.495190528383327333, -1.500000000000000000, -11.24999999999993605 ) ) ;
#1860 = EDGE_CURVE ( 'NONE', #1609, #876, #939, .T. ) ;
#1861 = AXIS2_PLACEMENT_3D ( 'NONE', #771, #1543, #444 ) ;
#1862 = FACE_BOUND ( 'NONE', #719, .T. ) ;
#1863 = DIRECTION ( 'NONE',  ( 0.000000000000000000, -1.000000000000000000, -0.000000000000000000 ) ) ;
#1864 = VERTEX_POINT ( 'NONE', #1614 ) ;
#1865 = CARTESIAN_POINT ( 'NONE',  ( -5.000000000000000888, 1.500000000000000000, -7.499999999999999112 ) ) ;
#1866 = ORIENTED_EDGE ( 'NONE', *, *, #546, .F. ) ;
#1867 = EDGE_CURVE ( 'NONE', #1939, #1457, #75, .T. ) ;
#1868 = APPLICATION_CONTEXT ( 'automotive_design' ) ;
#1869 = ORIENTED_EDGE ( 'NONE', *, *, #653, .F. ) ;
#1870 = CIRCLE ( 'NONE', #578, 1.750000000000001554 ) ;
#1871 = DIRECTION ( 'NONE',  ( 0.000000000000000000, -1.000000000000000000, 0.000000000000000000 ) ) ;
#1872 = DIRECTION ( 'NONE',  ( 0.8660254037844361541, 0.000000000000000000, -0.5000000000000042188 ) ) ;
#1873 = DIRECTION ( 'NONE',  ( 0.000000000000000000, -1.000000000000000000, 0.000000000000000000 ) ) ;
#1874 = LINE ( 'NONE', #1072, #502 ) ;
#1875 = ORIENTED_EDGE ( 'NONE', *, *, #184, .F. ) ;
#1876 = DIRECTION ( 'NONE',  ( -0.000000000000000000, 1.000000000000000000, -0.000000000000000000 ) ) ;
#1877 = ORIENTED_EDGE ( 'NONE', *, *, #1726, .T. ) ;
#1878 = EDGE_CURVE ( 'NONE', #383, #490, #799, .T. ) ;
#1879 = CARTESIAN_POINT ( 'NONE',  ( -25.00000000000000000, -1.500000000000001776, -7.499999999999997335 ) ) ;
#1880 = DIRECTION ( 'NONE',  ( 0.000000000000000000, 0.000000000000000000, -1.000000000000000000 ) ) ;
#1881 = CYLINDRICAL_SURFACE ( 'NONE', #533, 1.699999999999999289 ) ;
#1882 = ORIENTED_EDGE ( 'NONE', *, *, #903, .F. ) ;
#1883 = CARTESIAN_POINT ( 'NONE',  ( 1.750000000000000000, 1.500000000000000000, -9.082159740806346804 ) ) ;
#1884 = EDGE_CURVE ( 'NONE', #1531, #1852, #1779, .T. ) ;
#1885 = CIRCLE ( 'NONE', #296, 1.700000000000000178 ) ;
#1886 = ORIENTED_EDGE ( 'NONE', *, *, #376, .T. ) ;
#1887 = CONICAL_SURFACE ( 'NONE', #110, 3.149999999999999911, 0.7853981633974468357 ) ;
#1888 = DIRECTION ( 'NONE',  ( -0.000000000000000000, -1.000000000000000000, -0.000000000000000000 ) ) ;
#1889 = AXIS2_PLACEMENT_3D ( 'NONE', #526, #659, #1436 ) ;
#1890 = EDGE_CURVE ( 'NONE', #1635, #690, #266, .T. ) ;
#1891 = CARTESIAN_POINT ( 'NONE',  ( 0.000000000000000000, -1.500000000000000000, 0.000000000000000000 ) ) ;
#1892 = CARTESIAN_POINT ( 'NONE',  ( 6.809785048659601436, 1.500000000000000000, 2.948723423225317219 ) ) ;
#1893 = AXIS2_PLACEMENT_3D ( 'NONE', #319, #1687, #1708 ) ;
#1894 = VECTOR ( 'NONE', #1080, 1000.000000000000114 ) ;
#1895 = ORIENTED_EDGE ( 'NONE', *, *, #1956, .T. ) ;
#1896 = CARTESIAN_POINT ( 'NONE',  ( -16.75000000000000000, 1.500000000000000000, 0.000000000000000000 ) ) ;
#1897 = ORIENTED_EDGE ( 'NONE', *, *, #475, .F. ) ;
#1898 = CARTESIAN_POINT ( 'NONE',  ( 24.02501197386348153, -1.500000000000000000, -29.88745860881780914 ) ) ;
#1899 = CARTESIAN_POINT ( 'NONE',  ( -29.12499999999999645, 1.500000000000000000, -15.50518148554091802 ) ) ;
#1900 = DIRECTION ( 'NONE',  ( -0.000000000000000000, 1.000000000000000000, 0.000000000000000000 ) ) ;
#1901 = EDGE_LOOP ( 'NONE', ( #1731, #695, #591, #36 ) ) ;
#1902 = VERTEX_POINT ( 'NONE', #105 ) ;
#1903 = DIRECTION ( 'NONE',  ( -0.000000000000000000, 1.000000000000000000, 0.000000000000000000 ) ) ;
#1904 = ORIENTED_EDGE ( 'NONE', *, *, #325, .T. ) ;
#1905 = EDGE_LOOP ( 'NONE', ( #621, #689, #904, #811 ) ) ;
#1906 = CARTESIAN_POINT ( 'NONE',  ( -15.48368810393755268, 1.500000000000000000, 29.03262379212493016 ) ) ;
#1907 = CARTESIAN_POINT ( 'NONE',  ( -5.000000000000000888, -0.04999999999999753253, -9.199999999999997513 ) ) ;
#1908 = FACE_OUTER_BOUND ( 'NONE', #1913, .T. ) ;
#1909 = ORIENTED_EDGE ( 'NONE', *, *, #289, .T. ) ;
#1910 = VERTEX_POINT ( 'NONE', #1788 ) ;
#1911 = EDGE_CURVE ( 'NONE', #371, #1396, #1312, .T. ) ;
#1912 = DIRECTION ( 'NONE',  ( -0.000000000000000000, -1.000000000000000000, -0.000000000000000000 ) ) ;
#1913 = EDGE_LOOP ( 'NONE', ( #1808, #459, #1944, #1451 ) ) ;
#1914 = EDGE_CURVE ( 'NONE', #214, #235, #239, .T. ) ;
#1915 = CIRCLE ( 'NONE', #396, 1.749999999999999778 ) ;
#1916 = VERTEX_POINT ( 'NONE', #377 ) ;
#1917 = DIRECTION ( 'NONE',  ( -0.000000000000000000, -1.000000000000000000, -0.000000000000000000 ) ) ;
#1918 = VECTOR ( 'NONE', #992, 1000.000000000000000 ) ;
#1919 = AXIS2_PLACEMENT_3D ( 'NONE', #1846, #906, #749 ) ;
#1920 = DIRECTION ( 'NONE',  ( 0.000000000000000000, 0.000000000000000000, 1.000000000000000000 ) ) ;
#1921 = CARTESIAN_POINT ( 'NONE',  ( 0.5801270189221621187, -1.500000000000001776, -27.14519052838326729 ) ) ;
#1922 = CARTESIAN_POINT ( 'NONE',  ( 17.90063509461088032, -0.04999999999999753253, -32.29519052838336535 ) ) ;
#1923 = ORIENTED_EDGE ( 'NONE', *, *, #91, .F. ) ;
#1924 = CIRCLE ( 'NONE', #631, 1.699999999999999289 ) ;
#1925 = CIRCLE ( 'NONE', #1309, 1.749999999999999778 ) ;
#1926 = ORIENTED_EDGE ( 'NONE', *, *, #1294, .F. ) ;
#1927 = CARTESIAN_POINT ( 'NONE',  ( -5.000000000000000888, -1.500000000000001776, -7.499999999999999112 ) ) ;
#1928 = CIRCLE ( 'NONE', #768, 1.699999999999999289 ) ;
#1929 = EDGE_LOOP ( 'NONE', ( #95, #19 ) ) ;
#1930 = ORIENTED_EDGE ( 'NONE', *, *, #1048, .T. ) ;
#1931 = CYLINDRICAL_SURFACE ( 'NONE', #1754, 1.749999999999999778 ) ;
#1932 = CARTESIAN_POINT ( 'NONE',  ( -7.500000000000040856, 1.500000000000000000, 5.000000000000000888 ) ) ;
#1933 = DIRECTION ( 'NONE',  ( -0.000000000000000000, -1.000000000000000000, -0.000000000000000000 ) ) ;
#1934 = CYLINDRICAL_SURFACE ( 'NONE', #957, 1.749999999999999778 ) ;
#1935 = ORIENTED_EDGE ( 'NONE', *, *, #1948, .T. ) ;
#1936 = DIRECTION ( 'NONE',  ( 0.000000000000000000, 0.000000000000000000, -1.000000000000000000 ) ) ;
#1937 = DIRECTION ( 'NONE',  ( 0.000000000000000000, 0.000000000000000000, -1.000000000000000000 ) ) ;
#1938 = ORIENTED_EDGE ( 'NONE', *, *, #442, .F. ) ;
#1939 = VERTEX_POINT ( 'NONE', #1504 ) ;
#1940 = EDGE_CURVE ( 'NONE', #1248, #1635, #51, .T. ) ;
#1941 = DIRECTION ( 'NONE',  ( -0.000000000000000000, -1.000000000000000000, -0.000000000000000000 ) ) ;
#1942 = CARTESIAN_POINT ( 'NONE',  ( 25.63092211095741035, 1.500000000000000000, -29.19207912135866678 ) ) ;
#1943 = CYLINDRICAL_SURFACE ( 'NONE', #339, 1.750000000000001554 ) ;
#1944 = ORIENTED_EDGE ( 'NONE', *, *, #201, .T. ) ;
#1945 = PLANE ( 'NONE',  #265 ) ;
#1946 = DIRECTION ( 'NONE',  ( 0.5000000000000035527, 0.000000000000000000, 0.8660254037844365982 ) ) ;
#1947 = ORIENTED_EDGE ( 'NONE', *, *, #54, .F. ) ;
#1948 = EDGE_CURVE ( 'NONE', #114, #1959, #226, .T. ) ;
#1949 = AXIS2_PLACEMENT_3D ( 'NONE', #1629, #422, #1640 ) ;
#1950 = DIRECTION ( 'NONE',  ( -0.000000000000000000, -1.000000000000000000, -0.000000000000000000 ) ) ;
#1951 = VECTOR ( 'NONE', #1289, 1000.000000000000000 ) ;
#1952 = DIRECTION ( 'NONE',  ( -0.000000000000000000, -1.000000000000000000, -0.000000000000000000 ) ) ;
#1953 = CYLINDRICAL_SURFACE ( 'NONE', #1474, 1.750000000000001554 ) ;
#1954 = ORIENTED_EDGE ( 'NONE', *, *, #832, .F. ) ;
#1955 = AXIS2_PLACEMENT_3D ( 'NONE', #73, #700, #748 ) ;
#1956 = EDGE_CURVE ( 'NONE', #1688, #1792, #1669, .T. ) ;
#1957 = LINE ( 'NONE', #92, #1267 ) ;
#1958 = DIRECTION ( 'NONE',  ( -1.000000000000000000, 0.000000000000000000, 0.000000000000000000 ) ) ;
#1959 = VERTEX_POINT ( 'NONE', #859 ) ;
#1960 = VECTOR ( 'NONE', #412, 1000.000000000000114 ) ;
#1961 = ORIENTED_EDGE ( 'NONE', *, *, #201, .F. ) ;
#1962 = CARTESIAN_POINT ( 'NONE',  ( 0.000000000000000000, -1.500000000000000000, 10.22972637552514463 ) ) ;
#1963 = DIRECTION ( 'NONE',  ( -0.000000000000000000, -1.000000000000000000, -0.000000000000000000 ) ) ;
#1964 = DIRECTION ( 'NONE',  ( 0.000000000000000000, -1.000000000000000000, 0.000000000000000000 ) ) ;
#1965 = CARTESIAN_POINT ( 'NONE',  ( -15.00000000000000000, -1.500000000000000000, 0.000000000000000000 ) ) ;
#1966 = CARTESIAN_POINT ( 'NONE',  ( 0.000000000000000000, 1.500000000000000000, 10.22972637552514463 ) ) ;
#1967 = ADVANCED_FACE ( 'NONE', ( #1810 ), #1322, .F. ) ;
#1968 = ORIENTED_EDGE ( 'NONE', *, *, #660, .T. ) ;
#1969 = DIRECTION ( 'NONE',  ( 0.000000000000000000, 0.000000000000000000, 1.000000000000000000 ) ) ;
#1970 = LINE ( 'NONE', #703, #333 ) ;
#1971 = CARTESIAN_POINT ( 'NONE',  ( 24.02501197386348153, 1.500000000000000000, -29.88745860881780914 ) ) ;
#1972 = EDGE_CURVE ( 'NONE', #1291, #383, #1298, .T. ) ;
#1973 = FACE_OUTER_BOUND ( 'NONE', #528, .T. ) ;
#1974 = PLANE ( 'NONE',  #737 ) ;
#1975 = ADVANCED_FACE ( 'NONE', ( #1476 ), #1571, .F. ) ;
#1976 = ORIENTED_EDGE ( 'NONE', *, *, #814, .F. ) ;
#1977 = DIRECTION ( 'NONE',  ( 0.000000000000000000, 0.000000000000000000, -1.000000000000000000 ) ) ;
#1978 = ORIENTED_EDGE ( 'NONE', *, *, #449, .T. ) ;
#1979 = EDGE_CURVE ( 'NONE', #1447, #1721, #1153, .T. ) ;
#1980 = DIRECTION ( 'NONE',  ( -0.000000000000000000, -1.000000000000000000, -0.000000000000000000 ) ) ;
#1981 = LINE ( 'NONE', #608, #277 ) ;
#1982 = CIRCLE ( 'NONE', #1109, 3.150000000000000799 ) ;
#1983 = DIRECTION ( 'NONE',  ( 0.000000000000000000, 0.000000000000000000, -1.000000000000000000 ) ) ;
#1984 = CARTESIAN_POINT ( 'NONE',  ( -25.00000000000000000, -1.500000000000001776, -10.64999999999999680 ) ) ;
#1985 = VECTOR ( 'NONE', #1219, 1000.000000000000000 ) ;
#1986 = VERTEX_POINT ( 'NONE', #1025 ) ;
#1987 = DIRECTION ( 'NONE',  ( 0.000000000000000000, 0.000000000000000000, -1.000000000000000000 ) ) ;
#1988 = VECTOR ( 'NONE', #830, 1000.000000000000000 ) ;
#1989 = AXIS2_PLACEMENT_3D ( 'NONE', #1496, #394, #1031 ) ;
#1990 = AXIS2_PLACEMENT_3D ( 'NONE', #1045, #99, #1203 ) ;
#1991 = CARTESIAN_POINT ( 'NONE',  ( 17.90063509461088032, 1.500000000000000000, -33.99519052838336819 ) ) ;
#1992 = CARTESIAN_POINT ( 'NONE',  ( 9.314833588694005684, -1.500000000000000000, -6.735326974162850533 ) ) ;
#1993 = CARTESIAN_POINT ( 'NONE',  ( 0.5801270189221621187, -1.500000000000001776, -27.14519052838326729 ) ) ;
#1994 = DIRECTION ( 'NONE',  ( -0.000000000000000000, -1.000000000000000000, -0.000000000000000000 ) ) ;
#1995 = EDGE_LOOP ( 'NONE', ( #314, #1866, #1704, #611 ) ) ;
#1996 = CARTESIAN_POINT ( 'NONE',  ( -25.00000000000000000, 1.500000000000000000, -5.799999999999997158 ) ) ;
#1997 = ORIENTED_EDGE ( 'NONE', *, *, #991, .F. ) ;
#1998 = EDGE_CURVE ( 'NONE', #1320, #613, #249, .T. ) ;
#1999 = FACE_OUTER_BOUND ( 'NONE', #224, .T. ) ;
#2000 = DIRECTION ( 'NONE',  ( 0.8660254037844399289, 0.000000000000000000, 0.4999999999999978351 ) ) ;
#2001 = CARTESIAN_POINT ( 'NONE',  ( 0.5801270189221621187, -1.500000000000001776, -23.99519052838326871 ) ) ;
#2002 = ORIENTED_EDGE ( 'NONE', *, *, #84, .T. ) ;
#2003 = CARTESIAN_POINT ( 'NONE',  ( -25.00000000000000000, -1.500000000000000000, -7.499999999999997335 ) ) ;
#2004 = EDGE_CURVE ( 'NONE', #922, #927, #1870, .T. ) ;
#2005 = ORIENTED_EDGE ( 'NONE', *, *, #349, .T. ) ;
#2006 = DIRECTION ( 'NONE',  ( 0.000000000000000000, 0.000000000000000000, -1.000000000000000000 ) ) ;
ENDSEC;
END-ISO-10303-21;
