ISO-10303-21;
HEADER;
FILE_DESCRIPTION (( 'STEP AP214' ),
    '1' );
FILE_NAME ('top plate_5.STEP',
    '2026-09-11T15:43:13',
    ( '' ),
    ( '' ),
    'SwSTEP 2.0',
    'SolidWorks 2025',
    '' );
FILE_SCHEMA (( 'AUTOMOTIVE_DESIGN' ));
ENDSEC;

DATA;
#1 = VERTEX_POINT ( 'NONE', #251 ) ;
#2 = DIRECTION ( 'NONE',  ( -0.000000000000000000, 1.000000000000000000, -0.000000000000000000 ) ) ;
#3 = ORIENTED_EDGE ( 'NONE', *, *, #1318, .T. ) ;
#4 = LINE ( 'NONE', #363, #63 ) ;
#5 = CARTESIAN_POINT ( 'NONE',  ( 51.32576211353318030, 1.500000000000000000, -22.14470958122155153 ) ) ;
#6 = AXIS2_PLACEMENT_3D ( 'NONE', #1292, #187, #290 ) ;
#7 = AXIS2_PLACEMENT_3D ( 'NONE', #507, #388, #947 ) ;
#8 = CARTESIAN_POINT ( 'NONE',  ( 25.00000000000000000, -1.500000000000000000, 7.500000000000000000 ) ) ;
#9 = AXIS2_PLACEMENT_3D ( 'NONE', #1284, #1456, #772 ) ;
#10 = VECTOR ( 'NONE', #26, 1000.000000000000000 ) ;
#11 = EDGE_CURVE ( 'NONE', #1450, #116, #86, .T. ) ;
#12 = ORIENTED_EDGE ( 'NONE', *, *, #1227, .F. ) ;
#13 = CARTESIAN_POINT ( 'NONE',  ( 9.001088913245830270, -1.500000000000000000, -1.734723475976807094E-15 ) ) ;
#14 = ORIENTED_EDGE ( 'NONE', *, *, #208, .T. ) ;
#15 = CARTESIAN_POINT ( 'NONE',  ( 5.000000000000000000, 0.05000000000000012768, 9.199999999999995737 ) ) ;
#16 = ORIENTED_EDGE ( 'NONE', *, *, #420, .F. ) ;
#17 = EDGE_CURVE ( 'NONE', #1363, #746, #31, .T. ) ;
#18 = FACE_OUTER_BOUND ( 'NONE', #1120, .T. ) ;
#19 = ORIENTED_EDGE ( 'NONE', *, *, #893, .F. ) ;
#20 = DIRECTION ( 'NONE',  ( 0.000000000000000000, -1.000000000000000000, 0.000000000000000000 ) ) ;
#21 = EDGE_LOOP ( 'NONE', ( #1321, #1058 ) ) ;
#22 = DIRECTION ( 'NONE',  ( 1.000000000000000000, 0.000000000000000000, -0.000000000000000000 ) ) ;
#23 = FACE_OUTER_BOUND ( 'NONE', #1089, .T. ) ;
#24 = CARTESIAN_POINT ( 'NONE',  ( 31.30012701892220761, 1.500000000000000000, -6.830127018922146576 ) ) ;
#25 = EDGE_LOOP ( 'NONE', ( #1426, #771 ) ) ;
#26 = DIRECTION ( 'NONE',  ( -0.5000000000000021094, -0.000000000000000000, -0.8660254037844374864 ) ) ;
#27 = ORIENTED_EDGE ( 'NONE', *, *, #145, .T. ) ;
#28 = CARTESIAN_POINT ( 'NONE',  ( 33.56538655307444685, 1.500000000000000000, 3.068400006784063550 ) ) ;
#29 = ADVANCED_FACE ( 'NONE', ( #1457 ), #693, .F. ) ;
#30 = CARTESIAN_POINT ( 'NONE',  ( 41.82295255245034582, 1.500000000000000000, -4.346504277761856549 ) ) ;
#31 = CIRCLE ( 'NONE', #969, 1.700000000000000178 ) ;
#32 = CYLINDRICAL_SURFACE ( 'NONE', #948, 1.699999999999996625 ) ;
#33 = AXIS2_PLACEMENT_3D ( 'NONE', #836, #494, #938 ) ;
#34 = CIRCLE ( 'NONE', #1094, 1.500000000000000000 ) ;
#35 = ORIENTED_EDGE ( 'NONE', *, *, #198, .F. ) ;
#36 = AXIS2_PLACEMENT_3D ( 'NONE', #1474, #900, #234 ) ;
#37 = CARTESIAN_POINT ( 'NONE',  ( 31.30012701892220761, 1.500000000000000000, -5.130127018922149951 ) ) ;
#38 = VECTOR ( 'NONE', #1223, 1000.000000000000000 ) ;
#39 = ADVANCED_FACE ( 'NONE', ( #99 ), #582, .T. ) ;
#40 = VERTEX_POINT ( 'NONE', #710 ) ;
#41 = DIRECTION ( 'NONE',  ( 0.000000000000000000, 0.000000000000000000, 1.000000000000000000 ) ) ;
#42 = AXIS2_PLACEMENT_3D ( 'NONE', #1205, #624, #195 ) ;
#43 = CARTESIAN_POINT ( 'NONE',  ( 0.000000000000000000, 1.500000000000000000, 14.99999999999999822 ) ) ;
#44 = DIRECTION ( 'NONE',  ( -0.000000000000000000, 1.000000000000000000, -0.000000000000000000 ) ) ;
#45 = ORIENTED_EDGE ( 'NONE', *, *, #335, .T. ) ;
#46 = DIRECTION ( 'NONE',  ( -0.000000000000000000, 1.000000000000000000, -0.000000000000000000 ) ) ;
#47 = EDGE_LOOP ( 'NONE', ( #1197, #126, #60, #1202 ) ) ;
#48 = DIRECTION ( 'NONE',  ( 0.5000000000000011102, 0.000000000000000000, 0.8660254037844379305 ) ) ;
#49 = DIRECTION ( 'NONE',  ( -0.000000000000000000, -1.000000000000000000, 0.000000000000000000 ) ) ;
#50 = CARTESIAN_POINT ( 'NONE',  ( 27.40301270189227267, 1.500000000000000000, -4.580127018922084403 ) ) ;
#51 = EDGE_CURVE ( 'NONE', #153, #330, #803, .T. ) ;
#52 = ORIENTED_EDGE ( 'NONE', *, *, #145, .F. ) ;
#53 = EDGE_CURVE ( 'NONE', #712, #819, #357, .T. ) ;
#54 = DIRECTION ( 'NONE',  ( -0.5000000000000016653, 0.000000000000000000, -0.8660254037844377084 ) ) ;
#55 = ORIENTED_EDGE ( 'NONE', *, *, #1406, .T. ) ;
#56 = CARTESIAN_POINT ( 'NONE',  ( 1.750000000000001554, -1.500000000000000000, 13.24999999999999822 ) ) ;
#57 = CARTESIAN_POINT ( 'NONE',  ( 0.000000000000000000, -1.500000000000000000, 1.750000000000003331 ) ) ;
#58 = EDGE_CURVE ( 'NONE', #805, #302, #632, .T. ) ;
#59 = DIRECTION ( 'NONE',  ( 0.000000000000000000, 0.000000000000000000, 1.000000000000000000 ) ) ;
#60 = ORIENTED_EDGE ( 'NONE', *, *, #546, .F. ) ;
#61 = DIRECTION ( 'NONE',  ( 0.000000000000000000, 0.000000000000000000, -1.000000000000000000 ) ) ;
#62 = AXIS2_PLACEMENT_3D ( 'NONE', #325, #1350, #1158 ) ;
#63 = VECTOR ( 'NONE', #824, 1000.000000000000000 ) ;
#64 = ORIENTED_EDGE ( 'NONE', *, *, #658, .T. ) ;
#65 = FACE_OUTER_BOUND ( 'NONE', #202, .T. ) ;
#66 = CIRCLE ( 'NONE', #1190, 3.149999999999999911 ) ;
#67 = CONICAL_SURFACE ( 'NONE', #279, 3.149999999999999911, 0.7853981633974495002 ) ;
#68 = DIRECTION ( 'NONE',  ( 8.659560562354942719E-17, 0.7071067811865466846, -0.7071067811865483499 ) ) ;
#69 = DIRECTION ( 'NONE',  ( 0.000000000000000000, -1.000000000000000000, 0.000000000000000000 ) ) ;
#70 = ORIENTED_EDGE ( 'NONE', *, *, #254, .T. ) ;
#71 = DIRECTION ( 'NONE',  ( -0.000000000000000000, 1.000000000000000000, -0.000000000000000000 ) ) ;
#72 = ORIENTED_EDGE ( 'NONE', *, *, #1207, .F. ) ;
#73 = DIRECTION ( 'NONE',  ( -0.000000000000000000, 1.000000000000000000, -0.000000000000000000 ) ) ;
#74 = CARTESIAN_POINT ( 'NONE',  ( 39.92911768987448795, 1.500000000000000000, -6.615924682924663180 ) ) ;
#75 = ORIENTED_EDGE ( 'NONE', *, *, #210, .F. ) ;
#76 = DIRECTION ( 'NONE',  ( -0.000000000000000000, 1.000000000000000000, -0.000000000000000000 ) ) ;
#77 = ORIENTED_EDGE ( 'NONE', *, *, #521, .F. ) ;
#78 = DIRECTION ( 'NONE',  ( 0.000000000000000000, -1.000000000000000000, 0.000000000000000000 ) ) ;
#79 = DIRECTION ( 'NONE',  ( 0.000000000000000000, -1.000000000000000000, 0.000000000000000000 ) ) ;
#80 = UNCERTAINTY_MEASURE_WITH_UNIT (LENGTH_MEASURE( 1.000000000000000082E-05 ), #518, 'distance_accuracy_value', 'NONE');
#81 = EDGE_CURVE ( 'NONE', #1082, #1430, #547, .T. ) ;
#82 = CYLINDRICAL_SURFACE ( 'NONE', #42, 1.699999999999996625 ) ;
#83 = EDGE_LOOP ( 'NONE', ( #1018, #288, #997, #332 ) ) ;
#84 =( NAMED_UNIT ( * ) PLANE_ANGLE_UNIT ( ) SI_UNIT ( $, .RADIAN. ) );
#85 = ORIENTED_EDGE ( 'NONE', *, *, #848, .T. ) ;
#86 = CIRCLE ( 'NONE', #672, 3.149999999999999911 ) ;
#87 = DIRECTION ( 'NONE',  ( 0.000000000000000000, 0.000000000000000000, -1.000000000000000000 ) ) ;
#88 = AXIS2_PLACEMENT_3D ( 'NONE', #808, #1144, #1150 ) ;
#89 = EDGE_CURVE ( 'NONE', #807, #472, #687, .T. ) ;
#90 = AXIS2_PLACEMENT_3D ( 'NONE', #214, #662, #430 ) ;
#91 = AXIS2_PLACEMENT_3D ( 'NONE', #318, #775, #1239 ) ;
#92 = CARTESIAN_POINT ( 'NONE',  ( 50.45076211353316609, 1.500000000000000000, -23.66025403784433934 ) ) ;
#93 = AXIS2_PLACEMENT_3D ( 'NONE', #828, #389, #842 ) ;
#94 = ORIENTED_EDGE ( 'NONE', *, *, #53, .T. ) ;
#95 = DIRECTION ( 'NONE',  ( 0.000000000000000000, 0.000000000000000000, 1.000000000000000000 ) ) ;
#96 = ORIENTED_EDGE ( 'NONE', *, *, #670, .T. ) ;
#97 = CARTESIAN_POINT ( 'NONE',  ( 22.53551270189218414, -1.500000000000000000, -13.01088432476372070 ) ) ;
#98 = EDGE_CURVE ( 'NONE', #919, #677, #1264, .T. ) ;
#99 = FACE_OUTER_BOUND ( 'NONE', #533, .T. ) ;
#100 = DIRECTION ( 'NONE',  ( 0.000000000000000000, 0.000000000000000000, -1.000000000000000000 ) ) ;
#101 = EDGE_CURVE ( 'NONE', #746, #1363, #132, .T. ) ;
#102 = ORIENTED_EDGE ( 'NONE', *, *, #1371, .T. ) ;
#103 = DIRECTION ( 'NONE',  ( 0.000000000000000000, -1.000000000000000000, 0.000000000000000000 ) ) ;
#104 = CARTESIAN_POINT ( 'NONE',  ( 0.000000000000000000, -1.500000000000000000, 0.000000000000000000 ) ) ;
#105 = EDGE_CURVE ( 'NONE', #510, #1174, #817, .T. ) ;
#106 = DIRECTION ( 'NONE',  ( 0.000000000000000000, -1.000000000000000000, 0.000000000000000000 ) ) ;
#107 = ORIENTED_EDGE ( 'NONE', *, *, #798, .F. ) ;
#108 = CARTESIAN_POINT ( 'NONE',  ( 9.876088913245837375, -1.500000000000000000, -0.2344555433772370356 ) ) ;
#109 = ORIENTED_EDGE ( 'NONE', *, *, #975, .F. ) ;
#110 = DIRECTION ( 'NONE',  ( -0.000000000000000000, 1.000000000000000000, -0.000000000000000000 ) ) ;
#111 = VECTOR ( 'NONE', #1428, 999.9999999999998863 ) ;
#112 = AXIS2_PLACEMENT_3D ( 'NONE', #1241, #1006, #200 ) ;
#113 = VECTOR ( 'NONE', #784, 1000.000000000000000 ) ;
#114 = AXIS2_PLACEMENT_3D ( 'NONE', #1054, #1287, #134 ) ;
#115 = PLANE ( 'NONE',  #827 ) ;
#116 = VERTEX_POINT ( 'NONE', #810 ) ;
#117 = PLANE ( 'NONE',  #654 ) ;
#118 = CARTESIAN_POINT ( 'NONE',  ( 25.00000000000000000, 1.500000000000000000, 10.65000000000000036 ) ) ;
#119 = CARTESIAN_POINT ( 'NONE',  ( 9.001088913245830270, 1.500000000000000000, -1.750000000000001776 ) ) ;
#120 = EDGE_LOOP ( 'NONE', ( #639, #1128, #689, #478 ) ) ;
#121 = LINE ( 'NONE', #1468, #676 ) ;
#122 = DIRECTION ( 'NONE',  ( -0.000000000000000000, -1.000000000000000000, 0.000000000000000000 ) ) ;
#123 = CARTESIAN_POINT ( 'NONE',  ( 48.62063509461096800, -1.500000000000000000, -16.83012701892217322 ) ) ;
#124 = ADVANCED_FACE ( 'NONE', ( #23 ), #1278, .F. ) ;
#125 = DIRECTION ( 'NONE',  ( 8.659560562354932858E-17, 0.7071067811865474617, -0.7071067811865474617 ) ) ;
#126 = ORIENTED_EDGE ( 'NONE', *, *, #1361, .T. ) ;
#127 = DIRECTION ( 'NONE',  ( -0.5000000000000021094, -0.000000000000000000, -0.8660254037844374864 ) ) ;
#128 = ORIENTED_EDGE ( 'NONE', *, *, #130, .F. ) ;
#129 = LINE ( 'NONE', #907, #509 ) ;
#130 = EDGE_CURVE ( 'NONE', #1283, #1084, #1463, .T. ) ;
#131 = ORIENTED_EDGE ( 'NONE', *, *, #1119, .F. ) ;
#132 = CIRCLE ( 'NONE', #603, 1.700000000000000178 ) ;
#133 = VECTOR ( 'NONE', #1183, 1000.000000000000227 ) ;
#134 = DIRECTION ( 'NONE',  ( 0.000000000000000000, 0.000000000000000000, -1.000000000000000000 ) ) ;
#135 = AXIS2_PLACEMENT_3D ( 'NONE', #1186, #497, #269 ) ;
#136 = VECTOR ( 'NONE', #912, 1000.000000000000000 ) ;
#137 = VERTEX_POINT ( 'NONE', #1199 ) ;
#138 = FACE_BOUND ( 'NONE', #503, .T. ) ;
#139 = CARTESIAN_POINT ( 'NONE',  ( 4.117500000000099192, 1.500000000000000000, 7.131719200164991612 ) ) ;
#140 = DIRECTION ( 'NONE',  ( -0.000000000000000000, 1.000000000000000000, -0.000000000000000000 ) ) ;
#141 = PRODUCT_DEFINITION_SHAPE ( 'NONE', 'NONE',  #435 ) ;
#142 = LINE ( 'NONE', #1047, #680 ) ;
#143 = ORIENTED_EDGE ( 'NONE', *, *, #105, .F. ) ;
#144 = CYLINDRICAL_SURFACE ( 'NONE', #556, 1.500000000000000000 ) ;
#145 = EDGE_CURVE ( 'NONE', #919, #1436, #283, .T. ) ;
#146 = EDGE_LOOP ( 'NONE', ( #1188, #362, #652, #12 ) ) ;
#147 = CARTESIAN_POINT ( 'NONE',  ( 9.876088913245835599, 1.500000000000000000, -0.2344555433772342046 ) ) ;
#148 = CARTESIAN_POINT ( 'NONE',  ( 5.000000000000000000, 1.500000000000000000, 9.199999999999995737 ) ) ;
#149 = CARTESIAN_POINT ( 'NONE',  ( 48.62063509461096800, 1.500000000000000000, -16.83012701892217322 ) ) ;
#150 = ADVANCED_FACE ( 'NONE', ( #1182 ), #500, .F. ) ;
#151 = ORIENTED_EDGE ( 'NONE', *, *, #1296, .T. ) ;
#152 = DIRECTION ( 'NONE',  ( 0.6469215329907658241, 0.000000000000000000, -0.7625565750505843843 ) ) ;
#153 = VERTEX_POINT ( 'NONE', #980 ) ;
#154 = CARTESIAN_POINT ( 'NONE',  ( 7.117500000000038796, -1.500000000000000000, 12.32787162287150728 ) ) ;
#155 = DIRECTION ( 'NONE',  ( -0.000000000000000000, 1.000000000000000000, -0.000000000000000000 ) ) ;
#156 = DIRECTION ( 'NONE',  ( -0.000000000000000000, 1.000000000000000000, -0.000000000000000000 ) ) ;
#157 = CIRCLE ( 'NONE', #488, 1.750000000000001554 ) ;
#158 = EDGE_LOOP ( 'NONE', ( #914, #863, #14, #856 ) ) ;
#159 = AXIS2_PLACEMENT_3D ( 'NONE', #1142, #54, #721 ) ;
#160 = DIRECTION ( 'NONE',  ( 0.000000000000000000, -1.000000000000000000, 0.000000000000000000 ) ) ;
#161 = AXIS2_PLACEMENT_3D ( 'NONE', #1076, #46, #372 ) ;
#162 = ORIENTED_EDGE ( 'NONE', *, *, #956, .F. ) ;
#163 = DIRECTION ( 'NONE',  ( -0.000000000000000000, -0.000000000000000000, 1.000000000000000000 ) ) ;
#164 = EDGE_CURVE ( 'NONE', #302, #805, #821, .T. ) ;
#165 = CARTESIAN_POINT ( 'NONE',  ( 26.37330160609834806, -1.500000000000000000, -1.000000000000000000 ) ) ;
#166 = EDGE_CURVE ( 'NONE', #1, #371, #724, .T. ) ;
#167 = LINE ( 'NONE', #274, #133 ) ;
#168 = VERTEX_POINT ( 'NONE', #750 ) ;
#169 = DIRECTION ( 'NONE',  ( 0.6469215329907659351, -0.000000000000000000, -0.7625565750505842733 ) ) ;
#170 = ORIENTED_EDGE ( 'NONE', *, *, #501, .T. ) ;
#171 = DIRECTION ( 'NONE',  ( 0.000000000000000000, 1.000000000000000000, 0.000000000000000000 ) ) ;
#172 = DIRECTION ( 'NONE',  ( -0.000000000000000000, 1.000000000000000000, -0.000000000000000000 ) ) ;
#173 = EDGE_CURVE ( 'NONE', #249, #1224, #617, .T. ) ;
#174 = ORIENTED_EDGE ( 'NONE', *, *, #627, .F. ) ;
#175 = CARTESIAN_POINT ( 'NONE',  ( 48.62063509461096800, 1.500000000000000000, -16.83012701892217322 ) ) ;
#176 = ORIENTED_EDGE ( 'NONE', *, *, #625, .F. ) ;
#177 = FACE_OUTER_BOUND ( 'NONE', #846, .T. ) ;
#178 = CARTESIAN_POINT ( 'NONE',  ( 54.65347684912894977, 1.500000000000000000, -14.06020268369856119 ) ) ;
#179 = EDGE_CURVE ( 'NONE', #168, #647, #605, .T. ) ;
#180 = ORIENTED_EDGE ( 'NONE', *, *, #1196, .F. ) ;
#181 = CIRCLE ( 'NONE', #1368, 1.749999999999999778 ) ;
#182 = CONICAL_SURFACE ( 'NONE', #366, 3.149999999999999911, 0.7853981633974482790 ) ;
#183 = EDGE_LOOP ( 'NONE', ( #1307, #595, #1273, #741, #779, #496, #629, #373 ) ) ;
#184 = CARTESIAN_POINT ( 'NONE',  ( 48.62063509461096800, 1.500000000000000000, -19.98012701892217180 ) ) ;
#185 = VECTOR ( 'NONE', #160, 1000.000000000000000 ) ;
#186 = VECTOR ( 'NONE', #1407, 1000.000000000000000 ) ;
#187 = DIRECTION ( 'NONE',  ( -0.000000000000000000, 1.000000000000000000, -0.000000000000000000 ) ) ;
#188 = PRODUCT_DEFINITION_CONTEXT ( 'detailed design', #1184, 'design' ) ;
#189 = LINE ( 'NONE', #411, #611 ) ;
#190 = ORIENTED_EDGE ( 'NONE', *, *, #714, .T. ) ;
#191 = DIRECTION ( 'NONE',  ( 0.000000000000000000, -1.000000000000000000, 0.000000000000000000 ) ) ;
#192 = ORIENTED_EDGE ( 'NONE', *, *, #798, .T. ) ;
#193 = CARTESIAN_POINT ( 'NONE',  ( 25.80551412875781381, -1.500000000000000000, 6.914566671070613069 ) ) ;
#194 = EDGE_CURVE ( 'NONE', #1447, #348, #375, .T. ) ;
#195 = DIRECTION ( 'NONE',  ( 0.000000000000000000, 0.000000000000000000, 1.000000000000000000 ) ) ;
#196 = ORIENTED_EDGE ( 'NONE', *, *, #17, .F. ) ;
#197 = CARTESIAN_POINT ( 'NONE',  ( 48.93521765691040315, 1.500000000000000000, -22.78525403784433578 ) ) ;
#198 = EDGE_CURVE ( 'NONE', #1224, #1276, #1416, .T. ) ;
#199 = VERTEX_POINT ( 'NONE', #736 ) ;
#200 = DIRECTION ( 'NONE',  ( 9.251858538542973800E-15, 0.000000000000000000, -1.000000000000000000 ) ) ;
#201 = DIRECTION ( 'NONE',  ( 0.6469215329907659351, -0.000000000000000000, -0.7625565750505842733 ) ) ;
#202 = EDGE_LOOP ( 'NONE', ( #417, #180, #1104, #480 ) ) ;
#203 = CARTESIAN_POINT ( 'NONE',  ( 25.00000000000000000, 1.500000000000000000, 7.500000000000000000 ) ) ;
#204 = VERTEX_POINT ( 'NONE', #57 ) ;
#205 = FACE_OUTER_BOUND ( 'NONE', #120, .T. ) ;
#206 = CIRCLE ( 'NONE', #300, 1.750000000000001554 ) ;
#207 = CIRCLE ( 'NONE', #301, 1.500000000000000000 ) ;
#208 = EDGE_CURVE ( 'NONE', #330, #1335, #1079, .T. ) ;
#209 = PRODUCT_CONTEXT ( 'NONE', #585, 'mechanical' ) ;
#210 = EDGE_CURVE ( 'NONE', #1401, #1, #631, .T. ) ;
#211 = DIRECTION ( 'NONE',  ( 0.000000000000000000, 0.000000000000000000, 1.000000000000000000 ) ) ;
#212 = DIRECTION ( 'NONE',  ( 0.000000000000000000, 0.000000000000000000, 1.000000000000000000 ) ) ;
#213 = VERTEX_POINT ( 'NONE', #517 ) ;
#214 = CARTESIAN_POINT ( 'NONE',  ( 48.62063509461096800, 1.500000000000000000, -16.83012701892217322 ) ) ;
#215 = FACE_BOUND ( 'NONE', #748, .T. ) ;
#216 = EDGE_CURVE ( 'NONE', #1174, #225, #1164, .T. ) ;
#217 = CARTESIAN_POINT ( 'NONE',  ( 55.45076211353314477, 1.500000000000000000, -15.00000000000004263 ) ) ;
#218 = ORIENTED_EDGE ( 'NONE', *, *, #11, .F. ) ;
#219 = DIRECTION ( 'NONE',  ( 0.000000000000000000, 0.000000000000000000, -1.000000000000000000 ) ) ;
#220 = VERTEX_POINT ( 'NONE', #30 ) ;
#221 = CARTESIAN_POINT ( 'NONE',  ( 0.000000000000000000, -1.500000000000000000, 0.5000000000000000000 ) ) ;
#222 = DIRECTION ( 'NONE',  ( 0.000000000000000000, 0.7071067811865474617, 0.7071067811865474617 ) ) ;
#223 = ORIENTED_EDGE ( 'NONE', *, *, #1249, .T. ) ;
#224 = LINE ( 'NONE', #1031, #1258 ) ;
#225 = VERTEX_POINT ( 'NONE', #1398 ) ;
#226 = CARTESIAN_POINT ( 'NONE',  ( 27.40301270189227267, -1.500000000000000000, -4.580127018922084403 ) ) ;
#227 = CONICAL_SURFACE ( 'NONE', #231, 3.149999999999999911, 0.7853981633974495002 ) ;
#228 = VECTOR ( 'NONE', #602, 1000.000000000000000 ) ;
#229 = CIRCLE ( 'NONE', #277, 1.500000000000000000 ) ;
#230 = AXIS2_PLACEMENT_3D ( 'NONE', #8, #925, #100 ) ;
#231 = AXIS2_PLACEMENT_3D ( 'NONE', #1221, #981, #59 ) ;
#232 = CARTESIAN_POINT ( 'NONE',  ( 41.82295255245034582, -1.500000000000000000, -4.346504277761856549 ) ) ;
#233 = ORIENTED_EDGE ( 'NONE', *, *, #560, .F. ) ;
#234 = DIRECTION ( 'NONE',  ( 0.000000000000000000, 0.000000000000000000, -1.000000000000000000 ) ) ;
#235 = ORIENTED_EDGE ( 'NONE', *, *, #98, .T. ) ;
#236 = CARTESIAN_POINT ( 'NONE',  ( 24.47000000000004860, -1.500000000000000000, -8.660254037844277164 ) ) ;
#237 = ADVANCED_FACE ( 'NONE', ( #483 ), #954, .F. ) ;
#238 = DIRECTION ( 'NONE',  ( -0.000000000000000000, 1.000000000000000000, -0.000000000000000000 ) ) ;
#239 = FACE_OUTER_BOUND ( 'NONE', #549, .T. ) ;
#240 = ORIENTED_EDGE ( 'NONE', *, *, #1318, .F. ) ;
#241 = CARTESIAN_POINT ( 'NONE',  ( 50.45076211353316609, 1.500000000000000000, -23.66025403784433934 ) ) ;
#242 = ADVANCED_FACE ( 'NONE', ( #970 ), #850, .F. ) ;
#243 = VERTEX_POINT ( 'NONE', #861 ) ;
#244 = CARTESIAN_POINT ( 'NONE',  ( 25.00000000000000000, 0.05000000000000012768, 7.500000000000000000 ) ) ;
#245 = DIRECTION ( 'NONE',  ( -1.156482317317871478E-16, 0.000000000000000000, -1.000000000000000000 ) ) ;
#246 = DIRECTION ( 'NONE',  ( -0.000000000000000000, 1.000000000000000000, 0.000000000000000000 ) ) ;
#247 = VERTEX_POINT ( 'NONE', #178 ) ;
#248 = FACE_BOUND ( 'NONE', #1245, .T. ) ;
#249 = VERTEX_POINT ( 'NONE', #493 ) ;
#250 = DIRECTION ( 'NONE',  ( -0.000000000000000000, -1.000000000000000000, 0.000000000000000000 ) ) ;
#251 = CARTESIAN_POINT ( 'NONE',  ( 25.00000000000000000, 1.500000000000000000, 4.349999999999999645 ) ) ;
#252 = AXIS2_PLACEMENT_3D ( 'NONE', #154, #258, #1189 ) ;
#253 = CARTESIAN_POINT ( 'NONE',  ( 5.000000000000000000, 1.500000000000000000, 10.65000000000000036 ) ) ;
#254 = EDGE_CURVE ( 'NONE', #677, #40, #1412, .T. ) ;
#255 = ORIENTED_EDGE ( 'NONE', *, *, #343, .F. ) ;
#256 = FACE_OUTER_BOUND ( 'NONE', #1209, .T. ) ;
#257 = ORIENTED_EDGE ( 'NONE', *, *, #686, .T. ) ;
#258 = DIRECTION ( 'NONE',  ( 0.5000000000000014433, 0.000000000000000000, 0.8660254037844379305 ) ) ;
#259 = ORIENTED_EDGE ( 'NONE', *, *, #1106, .F. ) ;
#260 = EDGE_CURVE ( 'NONE', #621, #1335, #438, .T. ) ;
#261 = DIRECTION ( 'NONE',  ( -0.000000000000000000, 1.000000000000000000, -0.000000000000000000 ) ) ;
#262 = ORIENTED_EDGE ( 'NONE', *, *, #809, .F. ) ;
#263 = LINE ( 'NONE', #713, #539 ) ;
#264 = ORIENTED_EDGE ( 'NONE', *, *, #809, .T. ) ;
#265 = DIRECTION ( 'NONE',  ( 0.000000000000000000, 0.000000000000000000, -1.000000000000000000 ) ) ;
#266 = DIRECTION ( 'NONE',  ( 0.000000000000000000, 0.7071067811865466846, 0.7071067811865483499 ) ) ;
#267 = CARTESIAN_POINT ( 'NONE',  ( 39.92911768987449506, -1.500000000000000000, -6.615924682924664957 ) ) ;
#268 = ORIENTED_EDGE ( 'NONE', *, *, #814, .F. ) ;
#269 = DIRECTION ( 'NONE',  ( 0.000000000000000000, 0.000000000000000000, 1.000000000000000000 ) ) ;
#270 = ORIENTED_EDGE ( 'NONE', *, *, #924, .T. ) ;
#271 = CARTESIAN_POINT ( 'NONE',  ( 0.000000000000000000, -1.500000000000000000, 13.24999999999999822 ) ) ;
#272 = ADVANCED_FACE ( 'NONE', ( #1325, #841, #432, #782, #1243, #215, #761 ), #1130, .T. ) ;
#273 = CARTESIAN_POINT ( 'NONE',  ( 48.62063509461096800, -1.500000000000000000, -16.83012701892217322 ) ) ;
#274 = CARTESIAN_POINT ( 'NONE',  ( 24.47000000000004860, 1.500000000000000000, -8.660254037844277164 ) ) ;
#275 = VECTOR ( 'NONE', #387, 1000.000000000000000 ) ;
#276 = ORIENTED_EDGE ( 'NONE', *, *, #1448, .F. ) ;
#277 = AXIS2_PLACEMENT_3D ( 'NONE', #1129, #1346, #645 ) ;
#278 = CARTESIAN_POINT ( 'NONE',  ( 48.93521765691041736, 1.500000000000000000, -22.78525403784431802 ) ) ;
#279 = AXIS2_PLACEMENT_3D ( 'NONE', #1121, #308, #95 ) ;
#280 = VERTEX_POINT ( 'NONE', #1013 ) ;
#281 = LINE ( 'NONE', #147, #228 ) ;
#282 = EDGE_CURVE ( 'NONE', #666, #612, #1102, .T. ) ;
#283 = LINE ( 'NONE', #717, #1461 ) ;
#284 = LINE ( 'NONE', #987, #758 ) ;
#285 = ORIENTED_EDGE ( 'NONE', *, *, #208, .F. ) ;
#286 = CARTESIAN_POINT ( 'NONE',  ( 21.20205080756914739, -1.500000000000000000, -1.000000000000000000 ) ) ;
#287 = EDGE_CURVE ( 'NONE', #1026, #330, #415, .T. ) ;
#288 = ORIENTED_EDGE ( 'NONE', *, *, #210, .T. ) ;
#289 = FACE_OUTER_BOUND ( 'NONE', #424, .T. ) ;
#290 = DIRECTION ( 'NONE',  ( 0.000000000000000000, 0.000000000000000000, 1.000000000000000000 ) ) ;
#291 = DIRECTION ( 'NONE',  ( 0.5000000000000021094, 0.000000000000000000, 0.8660254037844374864 ) ) ;
#292 = ORIENTED_EDGE ( 'NONE', *, *, #495, .F. ) ;
#293 = ORIENTED_EDGE ( 'NONE', *, *, #1145, .F. ) ;
#294 = DIRECTION ( 'NONE',  ( -0.000000000000000000, 1.000000000000000000, -0.000000000000000000 ) ) ;
#295 = DIRECTION ( 'NONE',  ( 0.000000000000000000, 0.000000000000000000, -1.000000000000000000 ) ) ;
#296 = DIRECTION ( 'NONE',  ( 0.000000000000000000, 0.000000000000000000, 1.000000000000000000 ) ) ;
#297 = ORIENTED_EDGE ( 'NONE', *, *, #848, .F. ) ;
#298 = ADVANCED_FACE ( 'NONE', ( #1277 ), #1157, .F. ) ;
#299 = CARTESIAN_POINT ( 'NONE',  ( 5.000000000000000000, 0.05000000000000012768, 7.500000000000000000 ) ) ;
#300 = AXIS2_PLACEMENT_3D ( 'NONE', #1167, #339, #800 ) ;
#301 = AXIS2_PLACEMENT_3D ( 'NONE', #640, #73, #87 ) ;
#302 = VERTEX_POINT ( 'NONE', #333 ) ;
#303 = DIRECTION ( 'NONE',  ( -1.982541115402065307E-15, 0.000000000000000000, -1.000000000000000000 ) ) ;
#304 = AXIS2_PLACEMENT_3D ( 'NONE', #203, #76, #212 ) ;
#305 = EDGE_CURVE ( 'NONE', #199, #1447, #1116, .T. ) ;
#306 = FACE_OUTER_BOUND ( 'NONE', #1372, .T. ) ;
#307 = ORIENTED_EDGE ( 'NONE', *, *, #423, .T. ) ;
#308 = DIRECTION ( 'NONE',  ( -0.000000000000000000, 1.000000000000000000, -0.000000000000000000 ) ) ;
#309 = ORIENTED_EDGE ( 'NONE', *, *, #356, .T. ) ;
#310 = DIRECTION ( 'NONE',  ( 1.831809372731536340E-16, -0.000000000000000000, 1.000000000000000000 ) ) ;
#311 = EDGE_LOOP ( 'NONE', ( #984, #1043, #978, #1110 ) ) ;
#312 = CARTESIAN_POINT ( 'NONE',  ( 27.40301270189227267, -1.500000000000000000, -4.580127018922084403 ) ) ;
#313 = ORIENTED_EDGE ( 'NONE', *, *, #282, .T. ) ;
#314 = CARTESIAN_POINT ( 'NONE',  ( 21.20205080756914739, -1.500000000000000000, 0.5000000000000000000 ) ) ;
#315 = EDGE_CURVE ( 'NONE', #1172, #843, #129, .T. ) ;
#316 = ADVANCED_FACE ( 'NONE', ( #1360 ), #456, .F. ) ;
#317 = ORIENTED_EDGE ( 'NONE', *, *, #770, .T. ) ;
#318 = CARTESIAN_POINT ( 'NONE',  ( 31.30012701892220761, 0.05000000000000012768, -6.830127018922146576 ) ) ;
#319 = ORIENTED_EDGE ( 'NONE', *, *, #531, .T. ) ;
#320 = DIRECTION ( 'NONE',  ( -0.2588190451025214056, 0.000000000000000000, 0.9659258262890680902 ) ) ;
#321 = EDGE_CURVE ( 'NONE', #1337, #204, #349, .T. ) ;
#322 = VECTOR ( 'NONE', #266, 1000.000000000000000 ) ;
#323 = AXIS2_PLACEMENT_3D ( 'NONE', #791, #2, #455 ) ;
#324 = VECTOR ( 'NONE', #125, 1000.000000000000114 ) ;
#325 = CARTESIAN_POINT ( 'NONE',  ( 49.81021765691041736, 1.500000000000000000, -21.26970958122155153 ) ) ;
#326 = DIRECTION ( 'NONE',  ( -0.9659258262890679791, 0.000000000000000000, -0.2588190451025217942 ) ) ;
#327 = ORIENTED_EDGE ( 'NONE', *, *, #1055, .T. ) ;
#328 = DIRECTION ( 'NONE',  ( 0.000000000000000000, -0.000000000000000000, -1.000000000000000000 ) ) ;
#329 = DIRECTION ( 'NONE',  ( -0.2588190451025217942, 0.000000000000000000, 0.9659258262890679791 ) ) ;
#330 = VERTEX_POINT ( 'NONE', #15 ) ;
#331 = DIRECTION ( 'NONE',  ( 0.000000000000000000, -1.000000000000000000, 0.000000000000000000 ) ) ;
#332 = ORIENTED_EDGE ( 'NONE', *, *, #531, .F. ) ;
#333 = CARTESIAN_POINT ( 'NONE',  ( 48.62063509461096800, -1.500000000000000000, -18.53012701892216896 ) ) ;
#334 = LINE ( 'NONE', #1257, #324 ) ;
#335 = EDGE_CURVE ( 'NONE', #383, #698, #390, .T. ) ;
#336 = ORIENTED_EDGE ( 'NONE', *, *, #164, .T. ) ;
#337 = CARTESIAN_POINT ( 'NONE',  ( 4.117500000000099192, -1.500000000000000000, 7.131719200164991612 ) ) ;
#338 = ORIENTED_EDGE ( 'NONE', *, *, #287, .T. ) ;
#339 = DIRECTION ( 'NONE',  ( 0.000000000000000000, -1.000000000000000000, 0.000000000000000000 ) ) ;
#340 = AXIS2_PLACEMENT_3D ( 'NONE', #104, #79, #551 ) ;
#341 = CONICAL_SURFACE ( 'NONE', #90, 3.149999999999999911, 0.7853981633974482790 ) ;
#342 = AXIS2_PLACEMENT_3D ( 'NONE', #1105, #191, #61 ) ;
#343 = EDGE_CURVE ( 'NONE', #1333, #1099, #1268, .T. ) ;
#344 = CIRCLE ( 'NONE', #1332, 1.700000000000000178 ) ;
#345 = CARTESIAN_POINT ( 'NONE',  ( 5.000000000000000000, 1.500000000000000000, 7.500000000000000000 ) ) ;
#346 = VERTEX_POINT ( 'NONE', #699 ) ;
#347 = DIRECTION ( 'NONE',  ( 0.000000000000000000, 0.000000000000000000, 1.000000000000000000 ) ) ;
#348 = VERTEX_POINT ( 'NONE', #468 ) ;
#349 = LINE ( 'NONE', #920, #1040 ) ;
#350 = DIRECTION ( 'NONE',  ( 0.000000000000000000, 1.000000000000000000, -0.000000000000000000 ) ) ;
#351 = CARTESIAN_POINT ( 'NONE',  ( 1.750000000000000000, -1.500000000000000000, 1.749999999999999778 ) ) ;
#352 = ORIENTED_EDGE ( 'NONE', *, *, #766, .T. ) ;
#353 = CARTESIAN_POINT ( 'NONE',  ( 9.001088913245830270, -1.500000000000000000, -1.648827903607363097E-15 ) ) ;
#354 = CARTESIAN_POINT ( 'NONE',  ( 21.20205080756914739, 1.500000000000000000, -1.000000000000000000 ) ) ;
#355 = EDGE_CURVE ( 'NONE', #1026, #621, #792, .T. ) ;
#356 = EDGE_CURVE ( 'NONE', #635, #1401, #535, .T. ) ;
#357 = LINE ( 'NONE', #659, #364 ) ;
#358 = DIRECTION ( 'NONE',  ( 0.000000000000000000, 0.000000000000000000, 1.000000000000000000 ) ) ;
#359 = ORIENTED_EDGE ( 'NONE', *, *, #958, .T. ) ;
#360 = LINE ( 'NONE', #1195, #825 ) ;
#361 = EDGE_CURVE ( 'NONE', #819, #1333, #1187, .T. ) ;
#362 = ORIENTED_EDGE ( 'NONE', *, *, #98, .F. ) ;
#363 = CARTESIAN_POINT ( 'NONE',  ( 48.62063509461096800, 1.500000000000000000, -18.53012701892216896 ) ) ;
#364 = VECTOR ( 'NONE', #703, 1000.000000000000000 ) ;
#365 = DIRECTION ( 'NONE',  ( 0.000000000000000000, -1.000000000000000000, 0.000000000000000000 ) ) ;
#366 = AXIS2_PLACEMENT_3D ( 'NONE', #742, #630, #1203 ) ;
#367 = AXIS2_PLACEMENT_3D ( 'NONE', #600, #844, #740 ) ;
#368 = FACE_OUTER_BOUND ( 'NONE', #47, .T. ) ;
#369 = VECTOR ( 'NONE', #1336, 1000.000000000000000 ) ;
#370 = CIRCLE ( 'NONE', #902, 3.149999999999999911 ) ;
#371 = VERTEX_POINT ( 'NONE', #118 ) ;
#372 = DIRECTION ( 'NONE',  ( 0.000000000000000000, 0.000000000000000000, -1.000000000000000000 ) ) ;
#373 = ORIENTED_EDGE ( 'NONE', *, *, #992, .T. ) ;
#374 = DIRECTION ( 'NONE',  ( 0.7625565750505843843, 0.000000000000000000, 0.6469215329907658241 ) ) ;
#375 = LINE ( 'NONE', #834, #1233 ) ;
#376 = DIRECTION ( 'NONE',  ( 0.000000000000000000, 0.000000000000000000, 1.000000000000000000 ) ) ;
#377 = ORIENTED_EDGE ( 'NONE', *, *, #685, .T. ) ;
#378 = FACE_OUTER_BOUND ( 'NONE', #642, .T. ) ;
#379 = ORIENTED_EDGE ( 'NONE', *, *, #1275, .T. ) ;
#380 = CARTESIAN_POINT ( 'NONE',  ( 51.32576211353318030, 1.500000000000000000, -22.14470958122155153 ) ) ;
#381 = DIRECTION ( 'NONE',  ( -0.000000000000000000, 1.000000000000000000, -0.000000000000000000 ) ) ;
#382 = DIRECTION ( 'NONE',  ( 0.000000000000000000, 0.000000000000000000, -1.000000000000000000 ) ) ;
#383 = VERTEX_POINT ( 'NONE', #1366 ) ;
#384 = DIRECTION ( 'NONE',  ( 0.000000000000000000, 0.000000000000000000, 1.000000000000000000 ) ) ;
#385 = EDGE_CURVE ( 'NONE', #647, #1266, #206, .T. ) ;
#386 = ORIENTED_EDGE ( 'NONE', *, *, #282, .F. ) ;
#387 = DIRECTION ( 'NONE',  ( 0.000000000000000000, 0.7071067811865466846, 0.7071067811865483499 ) ) ;
#388 = DIRECTION ( 'NONE',  ( 0.000000000000000000, -1.000000000000000000, 0.000000000000000000 ) ) ;
#389 = DIRECTION ( 'NONE',  ( -0.8660254037844380415, 0.000000000000000000, 0.5000000000000012212 ) ) ;
#390 = CIRCLE ( 'NONE', #88, 1.749999999999999778 ) ;
#391 = EDGE_CURVE ( 'NONE', #819, #1447, #590, .T. ) ;
#392 = EDGE_LOOP ( 'NONE', ( #731, #55, #439, #240 ) ) ;
#393 = VECTOR ( 'NONE', #1225, 1000.000000000000000 ) ;
#394 = CARTESIAN_POINT ( 'NONE',  ( 24.47000000000004860, 1.500000000000000000, -8.660254037844277164 ) ) ;
#395 = AXIS2_PLACEMENT_3D ( 'NONE', #299, #71, #1338 ) ;
#396 = ORIENTED_EDGE ( 'NONE', *, *, #446, .T. ) ;
#397 = CARTESIAN_POINT ( 'NONE',  ( 40.67911768987447374, -1.500000000000000000, -5.316886577247993628 ) ) ;
#398 = DIRECTION ( 'NONE',  ( 0.000000000000000000, 0.000000000000000000, -1.000000000000000000 ) ) ;
#399 = ORIENTED_EDGE ( 'NONE', *, *, #58, .T. ) ;
#400 = CYLINDRICAL_SURFACE ( 'NONE', #304, 1.699999999999996625 ) ;
#401 = VERTEX_POINT ( 'NONE', #566 ) ;
#402 = DIRECTION ( 'NONE',  ( 0.000000000000000000, 0.000000000000000000, 1.000000000000000000 ) ) ;
#403 = DIRECTION ( 'NONE',  ( 1.000000000000000000, 0.000000000000000000, -0.000000000000000000 ) ) ;
#404 = ADVANCED_FACE ( 'NONE', ( #475 ), #558, .F. ) ;
#405 = DIRECTION ( 'NONE',  ( -0.000000000000000000, 1.000000000000000000, -0.000000000000000000 ) ) ;
#406 = ORIENTED_EDGE ( 'NONE', *, *, #1301, .T. ) ;
#407 = CARTESIAN_POINT ( 'NONE',  ( 40.67911768987447374, 1.500000000000000000, -5.316886577247993628 ) ) ;
#408 = ORIENTED_EDGE ( 'NONE', *, *, #1034, .F. ) ;
#409 = CARTESIAN_POINT ( 'NONE',  ( 25.00000000000000000, 1.500000000000000000, 7.500000000000000000 ) ) ;
#410 = EDGE_CURVE ( 'NONE', #939, #213, #669, .T. ) ;
#411 = CARTESIAN_POINT ( 'NONE',  ( 31.30012701892220761, 1.500000000000000000, -3.680127018922147109 ) ) ;
#412 = ORIENTED_EDGE ( 'NONE', *, *, #546, .T. ) ;
#413 = FACE_OUTER_BOUND ( 'NONE', #392, .T. ) ;
#414 = AXIS2_PLACEMENT_3D ( 'NONE', #718, #156, #609 ) ;
#415 = CIRCLE ( 'NONE', #607, 1.699999999999996625 ) ;
#416 = AXIS2_PLACEMENT_3D ( 'NONE', #1041, #917, #449 ) ;
#417 = ORIENTED_EDGE ( 'NONE', *, *, #686, .F. ) ;
#418 = CARTESIAN_POINT ( 'NONE',  ( 25.35397459621562533, -1.500000000000000000, -5.129165124598746850 ) ) ;
#419 = CARTESIAN_POINT ( 'NONE',  ( 49.81021765691041736, 1.500000000000000000, -21.26970958122155153 ) ) ;
#420 = EDGE_CURVE ( 'NONE', #990, #823, #1389, .T. ) ;
#421 = ORIENTED_EDGE ( 'NONE', *, *, #1355, .T. ) ;
#422 = CARTESIAN_POINT ( 'NONE',  ( 33.47262399589200754, -1.500000000000000000, -2.380960374505460830 ) ) ;
#423 = EDGE_CURVE ( 'NONE', #302, #746, #4, .T. ) ;
#424 = EDGE_LOOP ( 'NONE', ( #525, #259, #1075, #264 ) ) ;
#425 = DIRECTION ( 'NONE',  ( 0.000000000000000000, 0.000000000000000000, -1.000000000000000000 ) ) ;
#426 = CARTESIAN_POINT ( 'NONE',  ( 28.10491566303593203, 1.500000000000000000, -3.364395428238221353 ) ) ;
#427 = CARTESIAN_POINT ( 'NONE',  ( 49.81021765691041736, 1.500000000000000000, -23.01970958122155153 ) ) ;
#428 = DIRECTION ( 'NONE',  ( 0.000000000000000000, -1.000000000000000000, 0.000000000000000000 ) ) ;
#429 = ORIENTED_EDGE ( 'NONE', *, *, #788, .F. ) ;
#430 = DIRECTION ( 'NONE',  ( 0.000000000000000000, 0.000000000000000000, 1.000000000000000000 ) ) ;
#431 = EDGE_CURVE ( 'NONE', #1337, #1174, #1136, .T. ) ;
#432 = FACE_BOUND ( 'NONE', #649, .T. ) ;
#433 = ORIENTED_EDGE ( 'NONE', *, *, #216, .T. ) ;
#434 = LINE ( 'NONE', #908, #136 ) ;
#435 = PRODUCT_DEFINITION ( 'UNKNOWN', '', #1066, #188 ) ;
#436 = EDGE_LOOP ( 'NONE', ( #1437, #233, #885, #1408 ) ) ;
#437 = DIRECTION ( 'NONE',  ( 0.000000000000000000, -1.000000000000000000, 0.000000000000000000 ) ) ;
#438 = CIRCLE ( 'NONE', #457, 3.149999999999999911 ) ;
#439 = ORIENTED_EDGE ( 'NONE', *, *, #1320, .T. ) ;
#440 = AXIS2_PLACEMENT_3D ( 'NONE', #1282, #951, #384 ) ;
#441 =( GEOMETRIC_REPRESENTATION_CONTEXT ( 3 ) GLOBAL_UNCERTAINTY_ASSIGNED_CONTEXT ( ( #751 ) ) GLOBAL_UNIT_ASSIGNED_CONTEXT ( ( #526, #84, #999 ) ) REPRESENTATION_CONTEXT ( 'NONE', 'WORKASPACE' ) );
#442 = DIRECTION ( 'NONE',  ( 0.000000000000000000, 1.000000000000000000, 0.000000000000000000 ) ) ;
#443 = ORIENTED_EDGE ( 'NONE', *, *, #1007, .T. ) ;
#444 = CARTESIAN_POINT ( 'NONE',  ( 31.30012701892220761, -1.500000000000000000, -6.830127018922146576 ) ) ;
#445 = DIRECTION ( 'NONE',  ( 0.000000000000000000, 0.000000000000000000, 1.000000000000000000 ) ) ;
#446 = EDGE_CURVE ( 'NONE', #1084, #1107, #1397, .T. ) ;
#447 = LINE ( 'NONE', #552, #1071 ) ;
#448 = ORIENTED_EDGE ( 'NONE', *, *, #1448, .T. ) ;
#449 = DIRECTION ( 'NONE',  ( 0.000000000000000000, 0.000000000000000000, -1.000000000000000000 ) ) ;
#450 = ORIENTED_EDGE ( 'NONE', *, *, #883, .F. ) ;
#451 = DIRECTION ( 'NONE',  ( 8.659560562354942719E-17, 0.7071067811865466846, -0.7071067811865483499 ) ) ;
#452 = ADVANCED_FACE ( 'NONE', ( #979 ), #944, .F. ) ;
#453 = DIRECTION ( 'NONE',  ( 0.000000000000000000, 0.000000000000000000, 1.000000000000000000 ) ) ;
#454 = ORIENTED_EDGE ( 'NONE', *, *, #391, .T. ) ;
#455 = DIRECTION ( 'NONE',  ( 0.000000000000000000, 0.000000000000000000, 1.000000000000000000 ) ) ;
#456 = PLANE ( 'NONE',  #1016 ) ;
#457 = AXIS2_PLACEMENT_3D ( 'NONE', #867, #381, #1311 ) ;
#458 = VECTOR ( 'NONE', #570, 1000.000000000000000 ) ;
#459 = CARTESIAN_POINT ( 'NONE',  ( 48.62063509461096800, 0.05000000000000012768, -16.83012701892217322 ) ) ;
#460 = COLOUR_RGB ( '',0.7921568627450980005, 0.8196078431372548767, 0.9333333333333333481 ) ;
#461 = CIRCLE ( 'NONE', #1039, 1.750000000000000000 ) ;
#462 = CYLINDRICAL_SURFACE ( 'NONE', #679, 1.500000000000000000 ) ;
#463 = EDGE_CURVE ( 'NONE', #1240, #40, #1137, .T. ) ;
#464 = VERTEX_POINT ( 'NONE', #1317 ) ;
#465 = DIRECTION ( 'NONE',  ( 0.000000000000000000, -1.000000000000000000, 0.000000000000000000 ) ) ;
#466 = ADVANCED_FACE ( 'NONE', ( #177 ), #897, .F. ) ;
#467 = ORIENTED_EDGE ( 'NONE', *, *, #1196, .T. ) ;
#468 = CARTESIAN_POINT ( 'NONE',  ( 20.45205080756915450, -1.500000000000000000, -2.299038105676662447 ) ) ;
#469 = CARTESIAN_POINT ( 'NONE',  ( 30.00000000000000355, 1.500000000000000000, 14.99999999999999467 ) ) ;
#470 = CARTESIAN_POINT ( 'NONE',  ( 9.876088913245842704, 1.500000000000000000, -0.2344555433772266273 ) ) ;
#471 = EDGE_CURVE ( 'NONE', #843, #1038, #34, .T. ) ;
#472 = VERTEX_POINT ( 'NONE', #380 ) ;
#473 = LINE ( 'NONE', #278, #185 ) ;
#474 = EDGE_LOOP ( 'NONE', ( #1381, #190, #1135, #934 ) ) ;
#475 = FACE_OUTER_BOUND ( 'NONE', #1353, .T. ) ;
#476 = DIRECTION ( 'NONE',  ( 0.000000000000000000, 1.000000000000000000, 0.000000000000000000 ) ) ;
#477 = LINE ( 'NONE', #695, #1312 ) ;
#478 = ORIENTED_EDGE ( 'NONE', *, *, #321, .F. ) ;
#479 = CARTESIAN_POINT ( 'NONE',  ( 30.00000000000000355, -1.500000000000000000, 14.99999999999999467 ) ) ;
#480 = ORIENTED_EDGE ( 'NONE', *, *, #501, .F. ) ;
#481 = DIRECTION ( 'NONE',  ( -0.000000000000000000, 1.000000000000000000, -0.000000000000000000 ) ) ;
#482 = CLOSED_SHELL ( 'NONE', ( #880, #936, #1214, #1028, #1073, #1324, #466, #783, #39, #845, #272, #894, #719, #242, #29, #1161, #1400, #542, #452, #1191, #1126, #316, #860, #1374, #942, #404, #124, #237, #1114, #298, #574, #1242, #735, #1256, #1101, #1421, #583, #1383, #633, #1478, #576, #665, #1050, #150, #1469 ) ) ;
#483 = FACE_OUTER_BOUND ( 'NONE', #764, .T. ) ;
#484 = VECTOR ( 'NONE', #1052, 999.9999999999998863 ) ;
#485 = AXIS2_PLACEMENT_3D ( 'NONE', #650, #1011, #303 ) ;
#486 = CARTESIAN_POINT ( 'NONE',  ( 0.000000000000000000, 1.500000000000000000, 1.750000000000003331 ) ) ;
#487 = PRESENTATION_LAYER_ASSIGNMENT (  '', '', ( #1140 ) ) ;
#488 = AXIS2_PLACEMENT_3D ( 'NONE', #419, #540, #876 ) ;
#489 = ORIENTED_EDGE ( 'NONE', *, *, #701, .T. ) ;
#490 = FACE_OUTER_BOUND ( 'NONE', #1141, .T. ) ;
#491 = ORIENTED_EDGE ( 'NONE', *, *, #179, .T. ) ;
#492 = DIRECTION ( 'NONE',  ( 0.000000000000000000, 0.000000000000000000, -1.000000000000000000 ) ) ;
#493 = CARTESIAN_POINT ( 'NONE',  ( 21.20205080756914739, -1.500000000000000000, 0.5000000000000000000 ) ) ;
#494 = DIRECTION ( 'NONE',  ( 0.000000000000000000, -1.000000000000000000, 0.000000000000000000 ) ) ;
#495 = EDGE_CURVE ( 'NONE', #243, #510, #181, .T. ) ;
#496 = ORIENTED_EDGE ( 'NONE', *, *, #625, .T. ) ;
#497 = DIRECTION ( 'NONE',  ( -0.000000000000000000, 1.000000000000000000, -0.000000000000000000 ) ) ;
#498 = ORIENTED_EDGE ( 'NONE', *, *, #305, .T. ) ;
#499 = CARTESIAN_POINT ( 'NONE',  ( 41.82295255245034582, -1.500000000000000000, -4.346504277761856549 ) ) ;
#500 = CYLINDRICAL_SURFACE ( 'NONE', #532, 1.699999999999996625 ) ;
#501 = EDGE_CURVE ( 'NONE', #1386, #383, #1419, .T. ) ;
#502 = DIRECTION ( 'NONE',  ( 0.000000000000000000, -1.000000000000000000, 0.000000000000000000 ) ) ;
#503 = EDGE_LOOP ( 'NONE', ( #599, #317, #27, #928, #785, #541 ) ) ;
#504 = DIRECTION ( 'NONE',  ( -0.000000000000000000, 1.000000000000000000, -0.000000000000000000 ) ) ;
#505 = ORIENTED_EDGE ( 'NONE', *, *, #1341, .F. ) ;
#506 = LINE ( 'NONE', #723, #275 ) ;
#507 = CARTESIAN_POINT ( 'NONE',  ( 33.56538655307444685, -1.500000000000000000, 3.068400006784063550 ) ) ;
#508 = VECTOR ( 'NONE', #1008, 1000.000000000000000 ) ;
#509 = VECTOR ( 'NONE', #1253, 1000.000000000000000 ) ;
#510 = VERTEX_POINT ( 'NONE', #271 ) ;
#511 = VECTOR ( 'NONE', #523, 1000.000000000000114 ) ;
#512 = SURFACE_STYLE_FILL_AREA ( #653 ) ;
#513 = CIRCLE ( 'NONE', #756, 1.499999999999999556 ) ;
#514 = ORIENTED_EDGE ( 'NONE', *, *, #924, .F. ) ;
#515 = DIRECTION ( 'NONE',  ( 0.000000000000000000, -1.000000000000000000, -0.000000000000000000 ) ) ;
#516 = EDGE_CURVE ( 'NONE', #371, #1, #726, .T. ) ;
#517 = CARTESIAN_POINT ( 'NONE',  ( 31.30012701892220761, 0.05000000000000012768, -8.530127018922147641 ) ) ;
#518 =( LENGTH_UNIT ( ) NAMED_UNIT ( * ) SI_UNIT ( .MILLI., .METRE. ) );
#519 = EDGE_LOOP ( 'NONE', ( #1166, #143, #292, #832 ) ) ;
#520 = SURFACE_STYLE_USAGE ( .BOTH. , #1111 ) ;
#521 = EDGE_CURVE ( 'NONE', #839, #137, #859, .T. ) ;
#522 = ORIENTED_EDGE ( 'NONE', *, *, #737, .F. ) ;
#523 = DIRECTION ( 'NONE',  ( 0.5000000000000011102, 0.000000000000000000, 0.8660254037844379305 ) ) ;
#524 = LINE ( 'NONE', #973, #1305 ) ;
#525 = ORIENTED_EDGE ( 'NONE', *, *, #1234, .F. ) ;
#526 =( LENGTH_UNIT ( ) NAMED_UNIT ( * ) SI_UNIT ( .MILLI., .METRE. ) );
#527 = ORIENTED_EDGE ( 'NONE', *, *, #355, .T. ) ;
#528 = CARTESIAN_POINT ( 'NONE',  ( 5.000000000000000000, -1.500000000000000000, 7.500000000000000000 ) ) ;
#529 = DIRECTION ( 'NONE',  ( -0.000000000000000000, -1.000000000000000000, 0.000000000000000000 ) ) ;
#530 = DIRECTION ( 'NONE',  ( -0.000000000000000000, 1.000000000000000000, -0.000000000000000000 ) ) ;
#531 = EDGE_CURVE ( 'NONE', #635, #371, #506, .T. ) ;
#532 = AXIS2_PLACEMENT_3D ( 'NONE', #1299, #155, #1093 ) ;
#533 = EDGE_LOOP ( 'NONE', ( #869, #1403, #1262, #19 ) ) ;
#534 = CARTESIAN_POINT ( 'NONE',  ( 32.11649781364084077, 1.500000000000000000, 2.680171439130281108 ) ) ;
#535 = CIRCLE ( 'NONE', #1306, 1.699999999999996625 ) ;
#536 = CIRCLE ( 'NONE', #367, 1.750000000000001554 ) ;
#537 = ORIENTED_EDGE ( 'NONE', *, *, #1341, .T. ) ;
#538 = CARTESIAN_POINT ( 'NONE',  ( 0.000000000000000000, 1.500000000000000000, 0.5000000000000000000 ) ) ;
#539 = VECTOR ( 'NONE', #152, 1000.000000000000114 ) ;
#540 = DIRECTION ( 'NONE',  ( -0.000000000000000000, 1.000000000000000000, -0.000000000000000000 ) ) ;
#541 = ORIENTED_EDGE ( 'NONE', *, *, #471, .T. ) ;
#542 = ADVANCED_FACE ( 'NONE', ( #1059 ), #1181, .T. ) ;
#543 = CARTESIAN_POINT ( 'NONE',  ( 49.81021765691041736, 1.500000000000000000, -21.26970958122155153 ) ) ;
#544 = ORIENTED_EDGE ( 'NONE', *, *, #1004, .F. ) ;
#545 = CARTESIAN_POINT ( 'NONE',  ( 28.25476629679288010, -1.500000000000000000, -2.226166860584437135 ) ) ;
#546 = EDGE_CURVE ( 'NONE', #1333, #1384, #1078, .T. ) ;
#547 = LINE ( 'NONE', #427, #508 ) ;
#548 = CARTESIAN_POINT ( 'NONE',  ( 25.00000000000000000, 1.500000000000000000, 7.500000000000000000 ) ) ;
#549 = EDGE_LOOP ( 'NONE', ( #1459, #270, #276, #170 ) ) ;
#550 = DIRECTION ( 'NONE',  ( 0.000000000000000000, 0.000000000000000000, -1.000000000000000000 ) ) ;
#551 = DIRECTION ( 'NONE',  ( 0.000000000000000000, -0.000000000000000000, -1.000000000000000000 ) ) ;
#552 = CARTESIAN_POINT ( 'NONE',  ( 48.62063509461096800, 1.500000000000000000, -13.68012701892217287 ) ) ;
#553 = ORIENTED_EDGE ( 'NONE', *, *, #1170, .F. ) ;
#554 = AXIS2_PLACEMENT_3D ( 'NONE', #354, #816, #1476 ) ;
#555 = CARTESIAN_POINT ( 'NONE',  ( 30.00000000000000355, 1.500000000000000000, 14.99999999999999467 ) ) ;
#556 = AXIS2_PLACEMENT_3D ( 'NONE', #286, #20, #594 ) ;
#557 = EDGE_LOOP ( 'NONE', ( #597, #336, #1322, #837 ) ) ;
#558 = CYLINDRICAL_SURFACE ( 'NONE', #700, 1.499999999999999556 ) ;
#559 = CIRCLE ( 'NONE', #1254, 1.750000000000001554 ) ;
#560 = EDGE_CURVE ( 'NONE', #220, #1240, #1198, .T. ) ;
#561 = CIRCLE ( 'NONE', #395, 1.699999999999996625 ) ;
#562 = FACE_OUTER_BOUND ( 'NONE', #950, .T. ) ;
#563 = EDGE_LOOP ( 'NONE', ( #661, #988 ) ) ;
#564 = CARTESIAN_POINT ( 'NONE',  ( 48.62063509461096800, 1.500000000000000000, -15.13012701892217571 ) ) ;
#565 = EDGE_CURVE ( 'NONE', #823, #1283, #281, .T. ) ;
#566 = CARTESIAN_POINT ( 'NONE',  ( 29.18971609781848287, 1.500000000000000000, 14.99999999999999467 ) ) ;
#567 = DIRECTION ( 'NONE',  ( 0.000000000000000000, 0.000000000000000000, 1.000000000000000000 ) ) ;
#568 = DIRECTION ( 'NONE',  ( 0.000000000000000000, 1.000000000000000000, 0.000000000000000000 ) ) ;
#569 = ORIENTED_EDGE ( 'NONE', *, *, #385, .T. ) ;
#570 = DIRECTION ( 'NONE',  ( -0.000000000000000000, 1.000000000000000000, -0.000000000000000000 ) ) ;
#571 = ORIENTED_EDGE ( 'NONE', *, *, #521, .T. ) ;
#572 = CARTESIAN_POINT ( 'NONE',  ( 31.30012701892220761, 1.500000000000000000, -8.530127018922144089 ) ) ;
#573 = DIRECTION ( 'NONE',  ( 0.000000000000000000, -1.000000000000000000, -0.000000000000000000 ) ) ;
#574 = ADVANCED_FACE ( 'NONE', ( #953 ), #961, .F. ) ;
#575 = FACE_OUTER_BOUND ( 'NONE', #146, .T. ) ;
#576 = ADVANCED_FACE ( 'NONE', ( #289 ), #182, .F. ) ;
#577 = ORIENTED_EDGE ( 'NONE', *, *, #901, .T. ) ;
#578 = LINE ( 'NONE', #13, #608 ) ;
#579 = DIRECTION ( 'NONE',  ( 0.000000000000000000, 0.000000000000000000, 1.000000000000000000 ) ) ;
#580 = VECTOR ( 'NONE', #1069, 1000.000000000000000 ) ;
#581 = AXIS2_PLACEMENT_3D ( 'NONE', #1460, #294, #749 ) ;
#582 = CYLINDRICAL_SURFACE ( 'NONE', #62, 1.750000000000001554 ) ;
#583 = ADVANCED_FACE ( 'NONE', ( #65 ), #1427, .T. ) ;
#584 = CIRCLE ( 'NONE', #610, 1.750000000000000000 ) ;
#585 = APPLICATION_CONTEXT ( 'automotive_design' ) ;
#586 = DIRECTION ( 'NONE',  ( 0.000000000000000000, -1.000000000000000000, 0.000000000000000000 ) ) ;
#587 = ORIENTED_EDGE ( 'NONE', *, *, #516, .F. ) ;
#588 = FACE_BOUND ( 'NONE', #1314, .T. ) ;
#589 = ORIENTED_EDGE ( 'NONE', *, *, #260, .T. ) ;
#590 = LINE ( 'NONE', #139, #484 ) ;
#591 = CARTESIAN_POINT ( 'NONE',  ( 34.17151273532562783, -1.500000000000000000, -3.291769912528342612 ) ) ;
#592 = DIRECTION ( 'NONE',  ( -0.000000000000000000, 1.000000000000000000, -0.000000000000000000 ) ) ;
#593 = ORIENTED_EDGE ( 'NONE', *, *, #913, .T. ) ;
#594 = DIRECTION ( 'NONE',  ( 0.000000000000000000, 0.000000000000000000, -1.000000000000000000 ) ) ;
#595 = ORIENTED_EDGE ( 'NONE', *, *, #788, .T. ) ;
#596 = DIRECTION ( 'NONE',  ( -1.000000000000000000, -0.000000000000000000, 1.831809372731536340E-16 ) ) ;
#597 = ORIENTED_EDGE ( 'NONE', *, *, #423, .F. ) ;
#598 = CYLINDRICAL_SURFACE ( 'NONE', #114, 1.749999999999999778 ) ;
#599 = ORIENTED_EDGE ( 'NONE', *, *, #1249, .F. ) ;
#600 = CARTESIAN_POINT ( 'NONE',  ( 53.31900284279042523, 1.500000000000000000, -15.19231536643239977 ) ) ;
#601 = EDGE_LOOP ( 'NONE', ( #75, #1010, #319, #1000 ) ) ;
#602 = DIRECTION ( 'NONE',  ( -0.000000000000000000, 1.000000000000000000, -0.000000000000000000 ) ) ;
#603 = AXIS2_PLACEMENT_3D ( 'NONE', #459, #1053, #1176 ) ;
#604 = EDGE_CURVE ( 'NONE', #1099, #722, #780, .T. ) ;
#605 = LINE ( 'NONE', #1072, #1037 ) ;
#606 = CIRCLE ( 'NONE', #802, 1.699999999999996625 ) ;
#607 = AXIS2_PLACEMENT_3D ( 'NONE', #1442, #110, #445 ) ;
#608 = VECTOR ( 'NONE', #465, 1000.000000000000000 ) ;
#609 = DIRECTION ( 'NONE',  ( 0.000000000000000000, 0.000000000000000000, -1.000000000000000000 ) ) ;
#610 = AXIS2_PLACEMENT_3D ( 'NONE', #351, #106, #1244 ) ;
#611 = VECTOR ( 'NONE', #884, 1000.000000000000114 ) ;
#612 = VERTEX_POINT ( 'NONE', #545 ) ;
#613 = CARTESIAN_POINT ( 'NONE',  ( 31.30012701892220761, -1.500000000000000000, -8.530127018922144089 ) ) ;
#614 = EDGE_CURVE ( 'NONE', #1388, #668, #898, .T. ) ;
#615 = ORIENTED_EDGE ( 'NONE', *, *, #1344, .T. ) ;
#616 = CARTESIAN_POINT ( 'NONE',  ( 0.000000000000000000, 1.500000000000000000, 0.000000000000000000 ) ) ;
#617 = LINE ( 'NONE', #725, #849 ) ;
#618 = FACE_OUTER_BOUND ( 'NONE', #519, .T. ) ;
#619 = ORIENTED_EDGE ( 'NONE', *, *, #835, .T. ) ;
#620 = CARTESIAN_POINT ( 'NONE',  ( 48.93521765691040315, -1.500000000000000000, -22.78525403784431447 ) ) ;
#621 = VERTEX_POINT ( 'NONE', #892 ) ;
#622 = DIRECTION ( 'NONE',  ( 0.000000000000000000, 0.000000000000000000, 1.000000000000000000 ) ) ;
#623 = CARTESIAN_POINT ( 'NONE',  ( 5.000000000000000000, 1.500000000000000000, 10.65000000000000036 ) ) ;
#624 = DIRECTION ( 'NONE',  ( -0.000000000000000000, 1.000000000000000000, -0.000000000000000000 ) ) ;
#625 = EDGE_CURVE ( 'NONE', #612, #722, #918, .T. ) ;
#626 = ORIENTED_EDGE ( 'NONE', *, *, #1227, .T. ) ;
#627 = EDGE_CURVE ( 'NONE', #199, #878, #985, .T. ) ;
#628 = DIRECTION ( 'NONE',  ( -0.000000000000000000, 1.000000000000000000, -0.000000000000000000 ) ) ;
#629 = ORIENTED_EDGE ( 'NONE', *, *, #604, .F. ) ;
#630 = DIRECTION ( 'NONE',  ( -0.000000000000000000, 1.000000000000000000, -0.000000000000000000 ) ) ;
#631 = LINE ( 'NONE', #962, #634 ) ;
#632 = CIRCLE ( 'NONE', #873, 1.699999999999996625 ) ;
#633 = ADVANCED_FACE ( 'NONE', ( #1328 ), #341, .F. ) ;
#634 = VECTOR ( 'NONE', #68, 1000.000000000000000 ) ;
#635 = VERTEX_POINT ( 'NONE', #1100 ) ;
#636 = CIRCLE ( 'NONE', #1213, 1.699999999999996625 ) ;
#637 = DIRECTION ( 'NONE',  ( -0.000000000000000000, 1.000000000000000000, -0.000000000000000000 ) ) ;
#638 = VECTOR ( 'NONE', #1431, 1000.000000000000000 ) ;
#639 = ORIENTED_EDGE ( 'NONE', *, *, #958, .F. ) ;
#640 = CARTESIAN_POINT ( 'NONE',  ( 33.56538655307444685, -1.500000000000000000, 3.068400006784063550 ) ) ;
#641 = CARTESIAN_POINT ( 'NONE',  ( 1.749999999999999778, 1.500000000000000000, -3.205666402280188287E-16 ) ) ;
#642 = EDGE_LOOP ( 'NONE', ( #96, #577, #338, #1180 ) ) ;
#643 = DIRECTION ( 'NONE',  ( 0.000000000000000000, -1.000000000000000000, 0.000000000000000000 ) ) ;
#644 = ORIENTED_EDGE ( 'NONE', *, *, #829, .F. ) ;
#645 = DIRECTION ( 'NONE',  ( 0.000000000000000000, 0.000000000000000000, -1.000000000000000000 ) ) ;
#646 = CARTESIAN_POINT ( 'NONE',  ( 9.001088913245830270, -1.500000000000000000, -1.750000000000001776 ) ) ;
#647 = VERTEX_POINT ( 'NONE', #1113 ) ;
#648 = LINE ( 'NONE', #870, #638 ) ;
#649 = EDGE_LOOP ( 'NONE', ( #107, #408 ) ) ;
#650 = CARTESIAN_POINT ( 'NONE',  ( 29.18971609781848287, 1.500000000000000000, 13.24999999999999467 ) ) ;
#651 = EDGE_CURVE ( 'NONE', #677, #1035, #229, .T. ) ;
#652 = ORIENTED_EDGE ( 'NONE', *, *, #770, .F. ) ;
#653 = FILL_AREA_STYLE ('',( #1343 ) ) ;
#654 = AXIS2_PLACEMENT_3D ( 'NONE', #1134, #1049, #328 ) ;
#655 = EDGE_LOOP ( 'NONE', ( #865, #255, #1342, #755 ) ) ;
#656 = CYLINDRICAL_SURFACE ( 'NONE', #877, 1.750000000000000000 ) ;
#657 = AXIS2_PLACEMENT_3D ( 'NONE', #1208, #643, #989 ) ;
#658 = EDGE_CURVE ( 'NONE', #1035, #346, #760, .T. ) ;
#659 = CARTESIAN_POINT ( 'NONE',  ( 25.35397459621562533, -1.500000000000000000, -5.129165124598746850 ) ) ;
#660 = CARTESIAN_POINT ( 'NONE',  ( 29.18971609781848287, 1.500000000000000000, 14.99999999999999467 ) ) ;
#661 = ORIENTED_EDGE ( 'NONE', *, *, #614, .F. ) ;
#662 = DIRECTION ( 'NONE',  ( -0.000000000000000000, 1.000000000000000000, -0.000000000000000000 ) ) ;
#663 = APPLICATION_PROTOCOL_DEFINITION ( 'draft international standard', 'automotive_design', 1998, #1184 ) ;
#664 = CARTESIAN_POINT ( 'NONE',  ( 26.37330160609834806, -1.500000000000000000, 0.5000000000000000000 ) ) ;
#665 = ADVANCED_FACE ( 'NONE', ( #991 ), #1001, .F. ) ;
#666 = VERTEX_POINT ( 'NONE', #1210 ) ;
#667 = FACE_OUTER_BOUND ( 'NONE', #895, .T. ) ;
#668 = VERTEX_POINT ( 'NONE', #184 ) ;
#669 = LINE ( 'NONE', #572, #1014 ) ;
#670 = EDGE_CURVE ( 'NONE', #153, #1003, #945, .T. ) ;
#671 = DIRECTION ( 'NONE',  ( 0.000000000000000000, 0.000000000000000000, 1.000000000000000000 ) ) ;
#672 = AXIS2_PLACEMENT_3D ( 'NONE', #930, #1151, #211 ) ;
#673 = ORIENTED_EDGE ( 'NONE', *, *, #883, .T. ) ;
#674 = AXIS2_PLACEMENT_3D ( 'NONE', #833, #968, #41 ) ;
#675 = PLANE ( 'NONE',  #159 ) ;
#676 = VECTOR ( 'NONE', #1261, 1000.000000000000114 ) ;
#677 = VERTEX_POINT ( 'NONE', #872 ) ;
#678 = DIRECTION ( 'NONE',  ( 0.000000000000000000, 0.000000000000000000, 1.000000000000000000 ) ) ;
#679 = AXIS2_PLACEMENT_3D ( 'NONE', #804, #442, #671 ) ;
#680 = VECTOR ( 'NONE', #1385, 1000.000000000000000 ) ;
#681 = FACE_OUTER_BOUND ( 'NONE', #733, .T. ) ;
#682 = ORIENTED_EDGE ( 'NONE', *, *, #829, .T. ) ;
#683 = DIRECTION ( 'NONE',  ( 0.000000000000000000, 0.000000000000000000, -1.000000000000000000 ) ) ;
#684 = DIRECTION ( 'NONE',  ( -0.8660254037844378194, 0.000000000000000000, 0.5000000000000014433 ) ) ;
#685 = EDGE_CURVE ( 'NONE', #346, #1172, #207, .T. ) ;
#686 = EDGE_CURVE ( 'NONE', #401, #1386, #1042, .T. ) ;
#687 = LINE ( 'NONE', #5, #1065 ) ;
#688 = CARTESIAN_POINT ( 'NONE',  ( 25.00000000000000000, -1.500000000000000000, 5.800000000000003375 ) ) ;
#689 = ORIENTED_EDGE ( 'NONE', *, *, #1149, .F. ) ;
#690 = LINE ( 'NONE', #564, #458 ) ;
#691 = ORIENTED_EDGE ( 'NONE', *, *, #420, .T. ) ;
#692 = DIRECTION ( 'NONE',  ( -0.000000000000000000, 1.000000000000000000, -0.000000000000000000 ) ) ;
#693 = PLANE ( 'NONE',  #1162 ) ;
#694 = EDGE_CURVE ( 'NONE', #1430, #807, #1330, .T. ) ;
#695 = CARTESIAN_POINT ( 'NONE',  ( 27.82219034553195058, -1.500000000000000000, -0.6117714323462157822 ) ) ;
#696 = ORIENTED_EDGE ( 'NONE', *, *, #651, .T. ) ;
#697 = FACE_BOUND ( 'NONE', #563, .T. ) ;
#698 = VERTEX_POINT ( 'NONE', #1451 ) ;
#699 = CARTESIAN_POINT ( 'NONE',  ( 32.11649781364084077, -1.500000000000000000, 2.680171439130281108 ) ) ;
#700 = AXIS2_PLACEMENT_3D ( 'NONE', #935, #1263, #1027 ) ;
#701 = EDGE_CURVE ( 'NONE', #612, #1276, #1439, .T. ) ;
#702 = VECTOR ( 'NONE', #504, 1000.000000000000000 ) ;
#703 = DIRECTION ( 'NONE',  ( 0.000000000000000000, 1.000000000000000000, -0.000000000000000000 ) ) ;
#704 = AXIS2_PLACEMENT_3D ( 'NONE', #217, #904, #1356 ) ;
#705 = CARTESIAN_POINT ( 'NONE',  ( 49.81021765691041736, -1.500000000000000000, -21.26970958122155153 ) ) ;
#706 = ORIENTED_EDGE ( 'NONE', *, *, #1055, .F. ) ;
#707 = LINE ( 'NONE', #1173, #702 ) ;
#708 = ORIENTED_EDGE ( 'NONE', *, *, #966, .F. ) ;
#709 = CARTESIAN_POINT ( 'NONE',  ( 0.000000000000000000, -1.500000000000000000, 0.000000000000000000 ) ) ;
#710 = CARTESIAN_POINT ( 'NONE',  ( 39.92911768987449506, -1.500000000000000000, -6.615924682924664957 ) ) ;
#711 = CYLINDRICAL_SURFACE ( 'NONE', #795, 1.699999999999996625 ) ;
#712 = VERTEX_POINT ( 'NONE', #418 ) ;
#713 = CARTESIAN_POINT ( 'NONE',  ( 22.17554191976795508, 1.500000000000000000, 18.81281473795651493 ) ) ;
#714 = EDGE_CURVE ( 'NONE', #249, #199, #1323, .T. ) ;
#715 = ORIENTED_EDGE ( 'NONE', *, *, #694, .F. ) ;
#716 = CARTESIAN_POINT ( 'NONE',  ( 30.52419010415700384, 1.500000000000000000, 14.38211268273383858 ) ) ;
#717 = CARTESIAN_POINT ( 'NONE',  ( 7.117500000000038796, 1.500000000000000000, 12.32787162287150728 ) ) ;
#718 = CARTESIAN_POINT ( 'NONE',  ( 49.81021765691041736, 1.500000000000000000, -21.26970958122155153 ) ) ;
#719 = ADVANCED_FACE ( 'NONE', ( #1340 ), #882, .F. ) ;
#720 = ORIENTED_EDGE ( 'NONE', *, *, #81, .F. ) ;
#721 = DIRECTION ( 'NONE',  ( -0.8660254037844377084, 0.000000000000000000, 0.5000000000000016653 ) ) ;
#722 = VERTEX_POINT ( 'NONE', #888 ) ;
#723 = CARTESIAN_POINT ( 'NONE',  ( 25.00000000000000000, 1.500000000000000000, 10.65000000000000036 ) ) ;
#724 = CIRCLE ( 'NONE', #6, 3.149999999999999911 ) ;
#725 = CARTESIAN_POINT ( 'NONE',  ( 0.000000000000000000, -1.500000000000000000, 0.5000000000000000000 ) ) ;
#726 = CIRCLE ( 'NONE', #777, 3.149999999999999911 ) ;
#727 = CONICAL_SURFACE ( 'NONE', #135, 3.149999999999999911, 0.7853981633974495002 ) ;
#728 = DIRECTION ( 'NONE',  ( 0.000000000000000000, 1.000000000000000000, -0.000000000000000000 ) ) ;
#729 = AXIS2_PLACEMENT_3D ( 'NONE', #543, #428, #890 ) ;
#730 = AXIS2_PLACEMENT_3D ( 'NONE', #92, #738, #291 ) ;
#731 = ORIENTED_EDGE ( 'NONE', *, *, #1159, .T. ) ;
#732 = CARTESIAN_POINT ( 'NONE',  ( 55.45076211353314477, -1.500000000000000000, -15.00000000000004263 ) ) ;
#733 = EDGE_LOOP ( 'NONE', ( #128, #759, #1290, #1032 ) ) ;
#734 = CARTESIAN_POINT ( 'NONE',  ( 26.10397459621561822, -1.500000000000000000, -3.830127018922085291 ) ) ;
#735 = ADVANCED_FACE ( 'NONE', ( #205 ), #656, .T. ) ;
#736 = CARTESIAN_POINT ( 'NONE',  ( 21.20205080756914739, 1.500000000000000000, 0.5000000000000000000 ) ) ;
#737 = EDGE_CURVE ( 'NONE', #805, #1363, #690, .T. ) ;
#738 = DIRECTION ( 'NONE',  ( -0.8660254037844374864, 0.000000000000000000, 0.5000000000000021094 ) ) ;
#739 = VERTEX_POINT ( 'NONE', #1025 ) ;
#740 = DIRECTION ( 'NONE',  ( 0.000000000000000000, 0.000000000000000000, -1.000000000000000000 ) ) ;
#741 = ORIENTED_EDGE ( 'NONE', *, *, #198, .T. ) ;
#742 = CARTESIAN_POINT ( 'NONE',  ( 31.30012701892220761, 1.500000000000000000, -6.830127018922146576 ) ) ;
#743 = EDGE_CURVE ( 'NONE', #1172, #1240, #121, .T. ) ;
#744 = DIRECTION ( 'NONE',  ( -4.625929269271485322E-15, 0.000000000000000000, -1.000000000000000000 ) ) ;
#745 = FACE_OUTER_BOUND ( 'NONE', #311, .T. ) ;
#746 = VERTEX_POINT ( 'NONE', #813 ) ;
#747 = DIRECTION ( 'NONE',  ( 0.000000000000000000, -1.000000000000000000, 0.000000000000000000 ) ) ;
#748 = EDGE_LOOP ( 'NONE', ( #64, #377, #881, #891, #787, #696 ) ) ;
#749 = DIRECTION ( 'NONE',  ( 0.000000000000000000, 0.000000000000000000, 1.000000000000000000 ) ) ;
#750 = CARTESIAN_POINT ( 'NONE',  ( 54.83454729941319528, 1.500000000000000000, -16.06731536643240332 ) ) ;
#751 = UNCERTAINTY_MEASURE_WITH_UNIT (LENGTH_MEASURE( 1.000000000000000082E-05 ), #526, 'distance_accuracy_value', 'NONE');
#752 = AXIS2_PLACEMENT_3D ( 'NONE', #397, #1308, #1298 ) ;
#753 = FACE_OUTER_BOUND ( 'NONE', #899, .T. ) ;
#754 = VECTOR ( 'NONE', #320, 1000.000000000000000 ) ;
#755 = ORIENTED_EDGE ( 'NONE', *, *, #53, .F. ) ;
#756 = AXIS2_PLACEMENT_3D ( 'NONE', #407, #747, #886 ) ;
#757 = FACE_OUTER_BOUND ( 'NONE', #1147, .T. ) ;
#758 = VECTOR ( 'NONE', #201, 1000.000000000000114 ) ;
#759 = ORIENTED_EDGE ( 'NONE', *, *, #565, .F. ) ;
#760 = LINE ( 'NONE', #1232, #754 ) ;
#761 = FACE_BOUND ( 'NONE', #183, .T. ) ;
#762 = FACE_OUTER_BOUND ( 'NONE', #158, .T. ) ;
#763 = ORIENTED_EDGE ( 'NONE', *, *, #287, .F. ) ;
#764 = EDGE_LOOP ( 'NONE', ( #1250, #72, #1068, #1063 ) ) ;
#765 = DIRECTION ( 'NONE',  ( 1.000000000000000000, 0.000000000000000000, -1.831809372731536340E-16 ) ) ;
#766 = EDGE_CURVE ( 'NONE', #746, #668, #224, .T. ) ;
#767 =( NAMED_UNIT ( * ) SI_UNIT ( $, .STERADIAN. ) SOLID_ANGLE_UNIT ( ) );
#768 = ORIENTED_EDGE ( 'NONE', *, *, #1226, .T. ) ;
#769 = CYLINDRICAL_SURFACE ( 'NONE', #729, 1.750000000000001554 ) ;
#770 = EDGE_CURVE ( 'NONE', #464, #919, #1370, .T. ) ;
#771 = ORIENTED_EDGE ( 'NONE', *, *, #1371, .F. ) ;
#772 = DIRECTION ( 'NONE',  ( 0.000000000000000000, 0.000000000000000000, -1.000000000000000000 ) ) ;
#773 = AXIS2_PLACEMENT_3D ( 'NONE', #165, #172, #744 ) ;
#774 = ORIENTED_EDGE ( 'NONE', *, *, #614, .T. ) ;
#775 = DIRECTION ( 'NONE',  ( -0.000000000000000000, 1.000000000000000000, -0.000000000000000000 ) ) ;
#776 = VECTOR ( 'NONE', #246, 1000.000000000000000 ) ;
#777 = AXIS2_PLACEMENT_3D ( 'NONE', #1175, #481, #402 ) ;
#778 = VECTOR ( 'NONE', #786, 999.9999999999998863 ) ;
#779 = ORIENTED_EDGE ( 'NONE', *, *, #701, .F. ) ;
#780 = LINE ( 'NONE', #97, #511 ) ;
#781 = CIRCLE ( 'NONE', #230, 1.699999999999996625 ) ;
#782 = FACE_BOUND ( 'NONE', #21, .T. ) ;
#783 = ADVANCED_FACE ( 'NONE', ( #1148 ), #1364, .F. ) ;
#784 = DIRECTION ( 'NONE',  ( 0.000000000000000000, -1.000000000000000000, -0.000000000000000000 ) ) ;
#785 = ORIENTED_EDGE ( 'NONE', *, *, #1002, .F. ) ;
#786 = DIRECTION ( 'NONE',  ( -0.8660254037844377084, 0.000000000000000000, 0.5000000000000016653 ) ) ;
#787 = ORIENTED_EDGE ( 'NONE', *, *, #254, .F. ) ;
#788 = EDGE_CURVE ( 'NONE', #348, #249, #1070, .T. ) ;
#789 = DIRECTION ( 'NONE',  ( -0.000000000000000000, 1.000000000000000000, -0.000000000000000000 ) ) ;
#790 = ORIENTED_EDGE ( 'NONE', *, *, #1270, .F. ) ;
#791 = CARTESIAN_POINT ( 'NONE',  ( 48.62063509461096800, 1.500000000000000000, -16.83012701892217322 ) ) ;
#792 = LINE ( 'NONE', #1033, #852 ) ;
#793 = CARTESIAN_POINT ( 'NONE',  ( 0.000000000000000000, 1.500000000000000000, 13.24999999999999822 ) ) ;
#794 = ORIENTED_EDGE ( 'NONE', *, *, #766, .F. ) ;
#795 = AXIS2_PLACEMENT_3D ( 'NONE', #149, #1103, #296 ) ;
#796 = VECTOR ( 'NONE', #847, 1000.000000000000000 ) ;
#797 = CARTESIAN_POINT ( 'NONE',  ( 1.750000000000000000, 1.500000000000000000, 1.749999999999999778 ) ) ;
#798 = EDGE_CURVE ( 'NONE', #1091, #939, #1237, .T. ) ;
#799 = VERTEX_POINT ( 'NONE', #1165 ) ;
#800 = DIRECTION ( 'NONE',  ( 0.000000000000000000, 0.000000000000000000, -1.000000000000000000 ) ) ;
#801 = VECTOR ( 'NONE', #329, 1000.000000000000000 ) ;
#802 = AXIS2_PLACEMENT_3D ( 'NONE', #1413, #592, #358 ) ;
#803 = LINE ( 'NONE', #148, #1304 ) ;
#804 = CARTESIAN_POINT ( 'NONE',  ( 34.92151273532561362, -1.500000000000000000, -1.992731806851678611 ) ) ;
#805 = VERTEX_POINT ( 'NONE', #1373 ) ;
#806 = CARTESIAN_POINT ( 'NONE',  ( 25.35397459621562177, 1.500000000000000000, -5.129165124598745962 ) ) ;
#807 = VERTEX_POINT ( 'NONE', #1251 ) ;
#808 = CARTESIAN_POINT ( 'NONE',  ( 29.18971609781848287, -1.500000000000000000, 13.24999999999999467 ) ) ;
#809 = EDGE_CURVE ( 'NONE', #116, #1450, #996, .T. ) ;
#810 = CARTESIAN_POINT ( 'NONE',  ( 31.30012701892220761, 1.500000000000000000, -3.680127018922147109 ) ) ;
#811 = DIRECTION ( 'NONE',  ( -0.2588190451025214056, 0.000000000000000000, 0.9659258262890680902 ) ) ;
#812 = EDGE_LOOP ( 'NONE', ( #1097, #313, #489, #151 ) ) ;
#813 = CARTESIAN_POINT ( 'NONE',  ( 48.62063509461096800, 0.05000000000000012768, -18.53012701892217251 ) ) ;
#814 = EDGE_CURVE ( 'NONE', #712, #348, #1155, .T. ) ;
#815 = EDGE_LOOP ( 'NONE', ( #1327, #450 ) ) ;
#816 = DIRECTION ( 'NONE',  ( 0.000000000000000000, -1.000000000000000000, 0.000000000000000000 ) ) ;
#817 = LINE ( 'NONE', #1377, #1438 ) ;
#818 = DIRECTION ( 'NONE',  ( 0.000000000000000000, 0.000000000000000000, 1.000000000000000000 ) ) ;
#819 = VERTEX_POINT ( 'NONE', #806 ) ;
#820 = CARTESIAN_POINT ( 'NONE',  ( 26.37330160609834806, 1.500000000000000000, 0.5000000000000000000 ) ) ;
#821 = CIRCLE ( 'NONE', #1367, 1.699999999999996625 ) ;
#822 = AXIS2_PLACEMENT_3D ( 'NONE', #1390, #365, #1286 ) ;
#823 = VERTEX_POINT ( 'NONE', #108 ) ;
#824 = DIRECTION ( 'NONE',  ( -0.000000000000000000, 1.000000000000000000, -0.000000000000000000 ) ) ;
#825 = VECTOR ( 'NONE', #628, 1000.000000000000000 ) ;
#826 = DIRECTION ( 'NONE',  ( 0.000000000000000000, -1.000000000000000000, 0.000000000000000000 ) ) ;
#827 = AXIS2_PLACEMENT_3D ( 'NONE', #1138, #1378, #811 ) ;
#828 = CARTESIAN_POINT ( 'NONE',  ( 22.53551270189218414, -1.500000000000000000, -13.01088432476372070 ) ) ;
#829 = EDGE_CURVE ( 'NONE', #168, #472, #1267, .T. ) ;
#830 = ORIENTED_EDGE ( 'NONE', *, *, #1452, .F. ) ;
#831 = CARTESIAN_POINT ( 'NONE',  ( 26.10397459621561822, -1.500000000000000000, -3.830127018922085291 ) ) ;
#832 = ORIENTED_EDGE ( 'NONE', *, *, #1301, .F. ) ;
#833 = CARTESIAN_POINT ( 'NONE',  ( 48.62063509461096800, 1.500000000000000000, -16.83012701892217322 ) ) ;
#834 = CARTESIAN_POINT ( 'NONE',  ( 20.45205080756915450, -1.500000000000000000, -2.299038105676662447 ) ) ;
#835 = EDGE_CURVE ( 'NONE', #1084, #839, #578, .T. ) ;
#836 = CARTESIAN_POINT ( 'NONE',  ( 26.80587755735927402, 1.500000000000000000, -2.614395428238219576 ) ) ;
#837 = ORIENTED_EDGE ( 'NONE', *, *, #17, .T. ) ;
#838 = LINE ( 'NONE', #479, #921 ) ;
#839 = VERTEX_POINT ( 'NONE', #353 ) ;
#840 = DIRECTION ( 'NONE',  ( 0.6469215329907658241, 0.000000000000000000, -0.7625565750505843843 ) ) ;
#841 = FACE_BOUND ( 'NONE', #815, .T. ) ;
#842 = DIRECTION ( 'NONE',  ( 0.5000000000000011102, 0.000000000000000000, 0.8660254037844379305 ) ) ;
#843 = VERTEX_POINT ( 'NONE', #927 ) ;
#844 = DIRECTION ( 'NONE',  ( -0.000000000000000000, 1.000000000000000000, -0.000000000000000000 ) ) ;
#845 = ADVANCED_FACE ( 'NONE', ( #1380, #1274, #248, #697, #138, #667, #588 ), #117, .F. ) ;
#846 = EDGE_LOOP ( 'NONE', ( #1077, #352, #593, #553 ) ) ;
#847 = DIRECTION ( 'NONE',  ( 0.000000000000000000, -1.000000000000000000, 0.000000000000000000 ) ) ;
#848 = EDGE_CURVE ( 'NONE', #225, #401, #906, .T. ) ;
#849 = VECTOR ( 'NONE', #403, 1000.000000000000000 ) ;
#850 = PLANE ( 'NONE',  #1441 ) ;
#851 = VECTOR ( 'NONE', #530, 1000.000000000000000 ) ;
#852 = VECTOR ( 'NONE', #451, 1000.000000000000000 ) ;
#853 = AXIS2_PLACEMENT_3D ( 'NONE', #409, #866, #1220 ) ;
#854 = FACE_OUTER_BOUND ( 'NONE', #557, .T. ) ;
#855 = CIRCLE ( 'NONE', #657, 1.500000000000000000 ) ;
#856 = ORIENTED_EDGE ( 'NONE', *, *, #1145, .T. ) ;
#857 = PLANE ( 'NONE',  #1349 ) ;
#858 = ORIENTED_EDGE ( 'NONE', *, *, #101, .T. ) ;
#859 = LINE ( 'NONE', #709, #875 ) ;
#860 = ADVANCED_FACE ( 'NONE', ( #1358 ), #675, .F. ) ;
#861 = CARTESIAN_POINT ( 'NONE',  ( 1.750000000000008438, -1.500000000000000000, 14.99999999999999822 ) ) ;
#862 = CARTESIAN_POINT ( 'NONE',  ( 49.81021765691041736, -1.500000000000000000, -23.01970958122155153 ) ) ;
#863 = ORIENTED_EDGE ( 'NONE', *, *, #1087, .F. ) ;
#864 = PRESENTATION_STYLE_ASSIGNMENT (( #520 ) ) ;
#865 = ORIENTED_EDGE ( 'NONE', *, *, #992, .F. ) ;
#866 = DIRECTION ( 'NONE',  ( -0.000000000000000000, 1.000000000000000000, -0.000000000000000000 ) ) ;
#867 = CARTESIAN_POINT ( 'NONE',  ( 5.000000000000000000, 1.500000000000000000, 7.500000000000000000 ) ) ;
#868 = LINE ( 'NONE', #641, #851 ) ;
#869 = ORIENTED_EDGE ( 'NONE', *, *, #1355, .F. ) ;
#870 = CARTESIAN_POINT ( 'NONE',  ( 0.000000000000000000, -1.500000000000000000, 14.99999999999999822 ) ) ;
#871 = EDGE_LOOP ( 'NONE', ( #1410, #1048, #1379, #1219 ) ) ;
#872 = CARTESIAN_POINT ( 'NONE',  ( 34.17151273532562783, -1.500000000000000000, -3.291769912528342612 ) ) ;
#873 = AXIS2_PLACEMENT_3D ( 'NONE', #123, #826, #1169 ) ;
#874 = AXIS2_PLACEMENT_3D ( 'NONE', #1095, #69, #1228 ) ;
#875 = VECTOR ( 'NONE', #596, 1000.000000000000000 ) ;
#876 = DIRECTION ( 'NONE',  ( 0.000000000000000000, 0.000000000000000000, -1.000000000000000000 ) ) ;
#877 = AXIS2_PLACEMENT_3D ( 'NONE', #797, #331, #683 ) ;
#878 = VERTEX_POINT ( 'NONE', #820 ) ;
#879 = AXIS2_PLACEMENT_3D ( 'NONE', #1009, #326, #1265 ) ;
#880 = ADVANCED_FACE ( 'NONE', ( #256 ), #727, .F. ) ;
#881 = ORIENTED_EDGE ( 'NONE', *, *, #743, .T. ) ;
#882 = PLANE ( 'NONE',  #1212 ) ;
#883 = EDGE_CURVE ( 'NONE', #1206, #799, #636, .T. ) ;
#884 = DIRECTION ( 'NONE',  ( 0.000000000000000000, 0.7071067811865474617, 0.7071067811865474617 ) ) ;
#885 = ORIENTED_EDGE ( 'NONE', *, *, #1081, .F. ) ;
#886 = DIRECTION ( 'NONE',  ( 0.000000000000000000, 0.000000000000000000, -1.000000000000000000 ) ) ;
#887 = ORIENTED_EDGE ( 'NONE', *, *, #431, .F. ) ;
#888 = CARTESIAN_POINT ( 'NONE',  ( 28.10491566303593203, -1.500000000000000000, -3.364395428238221797 ) ) ;
#889 = ORIENTED_EDGE ( 'NONE', *, *, #260, .F. ) ;
#890 = DIRECTION ( 'NONE',  ( 0.000000000000000000, 0.000000000000000000, -1.000000000000000000 ) ) ;
#891 = ORIENTED_EDGE ( 'NONE', *, *, #463, .T. ) ;
#892 = CARTESIAN_POINT ( 'NONE',  ( 5.000000000000000000, 1.500000000000000000, 4.349999999999998757 ) ) ;
#893 = EDGE_CURVE ( 'NONE', #1012, #990, #473, .T. ) ;
#894 = ADVANCED_FACE ( 'NONE', ( #490 ), #857, .F. ) ;
#895 = EDGE_LOOP ( 'NONE', ( #396, #359, #1365, #433, #85, #257, #448, #1056, #682, #960, #421, #1470, #1339 ) ) ;
#896 = PLANE ( 'NONE',  #704 ) ;
#897 = CONICAL_SURFACE ( 'NONE', #674, 3.149999999999999911, 0.7853981633974482790 ) ;
#898 = CIRCLE ( 'NONE', #581, 3.149999999999999911 ) ;
#899 = EDGE_LOOP ( 'NONE', ( #1455, #1229, #644, #491 ) ) ;
#900 = DIRECTION ( 'NONE',  ( 0.000000000000000000, -1.000000000000000000, 0.000000000000000000 ) ) ;
#901 = EDGE_CURVE ( 'NONE', #1003, #1026, #707, .T. ) ;
#902 = AXIS2_PLACEMENT_3D ( 'NONE', #345, #1472, #453 ) ;
#903 = ORIENTED_EDGE ( 'NONE', *, *, #495, .T. ) ;
#904 = DIRECTION ( 'NONE',  ( -0.7625565750505842733, 0.000000000000000000, -0.6469215329907659351 ) ) ;
#905 = ORIENTED_EDGE ( 'NONE', *, *, #743, .F. ) ;
#906 = LINE ( 'NONE', #555, #1443 ) ;
#907 = CARTESIAN_POINT ( 'NONE',  ( 34.70922141565033314, -1.500000000000000000, 4.038782306270205069 ) ) ;
#908 = CARTESIAN_POINT ( 'NONE',  ( 32.11649781364084077, -1.500000000000000000, 2.680171439130281108 ) ) ;
#909 = ORIENTED_EDGE ( 'NONE', *, *, #1007, .F. ) ;
#910 = DIRECTION ( 'NONE',  ( -0.000000000000000000, 1.000000000000000000, -0.000000000000000000 ) ) ;
#911 = DIRECTION ( 'NONE',  ( -0.000000000000000000, 1.000000000000000000, -0.000000000000000000 ) ) ;
#912 = DIRECTION ( 'NONE',  ( -0.000000000000000000, -1.000000000000000000, 0.000000000000000000 ) ) ;
#913 = EDGE_CURVE ( 'NONE', #668, #1388, #66, .T. ) ;
#914 = ORIENTED_EDGE ( 'NONE', *, *, #355, .F. ) ;
#915 = AXIS2_PLACEMENT_3D ( 'NONE', #955, #502, #382 ) ;
#916 = AXIS2_PLACEMENT_3D ( 'NONE', #1085, #374, #840 ) ;
#917 = DIRECTION ( 'NONE',  ( -0.000000000000000000, 1.000000000000000000, -0.000000000000000000 ) ) ;
#918 = CIRCLE ( 'NONE', #112, 1.499999999999999556 ) ;
#919 = VERTEX_POINT ( 'NONE', #1409 ) ;
#920 = CARTESIAN_POINT ( 'NONE',  ( 0.000000000000000000, 1.500000000000000000, 1.749999999999999778 ) ) ;
#921 = VECTOR ( 'NONE', #940, 1000.000000000000000 ) ;
#922 = AXIS2_PLACEMENT_3D ( 'NONE', #1022, #567, #1152 ) ;
#923 = CARTESIAN_POINT ( 'NONE',  ( 48.62063509461096800, 0.05000000000000012768, -16.83012701892217322 ) ) ;
#924 = EDGE_CURVE ( 'NONE', #1266, #247, #360, .T. ) ;
#925 = DIRECTION ( 'NONE',  ( 0.000000000000000000, -1.000000000000000000, 0.000000000000000000 ) ) ;
#926 = ORIENTED_EDGE ( 'NONE', *, *, #1361, .F. ) ;
#927 = CARTESIAN_POINT ( 'NONE',  ( 34.70922141565033314, 1.500000000000000000, 4.038782306270206846 ) ) ;
#928 = ORIENTED_EDGE ( 'NONE', *, *, #1081, .T. ) ;
#929 = DIRECTION ( 'NONE',  ( 0.000000000000000000, 0.000000000000000000, -1.000000000000000000 ) ) ;
#930 = CARTESIAN_POINT ( 'NONE',  ( 31.30012701892220761, 1.500000000000000000, -6.830127018922146576 ) ) ;
#931 = CARTESIAN_POINT ( 'NONE',  ( 31.30012701892220761, 0.05000000000000012768, -6.830127018922146576 ) ) ;
#932 = ORIENTED_EDGE ( 'NONE', *, *, #1406, .F. ) ;
#933 = CARTESIAN_POINT ( 'NONE',  ( 25.00000000000000000, -1.500000000000000000, 7.500000000000000000 ) ) ;
#934 = ORIENTED_EDGE ( 'NONE', *, *, #1119, .T. ) ;
#935 = CARTESIAN_POINT ( 'NONE',  ( 26.80587755735927402, -1.500000000000000000, -2.614395428238219576 ) ) ;
#936 = ADVANCED_FACE ( 'NONE', ( #378 ), #1179, .F. ) ;
#937 = DIRECTION ( 'NONE',  ( 0.000000000000000000, 0.000000000000000000, 1.000000000000000000 ) ) ;
#938 = DIRECTION ( 'NONE',  ( 0.000000000000000000, 0.000000000000000000, -1.000000000000000000 ) ) ;
#939 = VERTEX_POINT ( 'NONE', #613 ) ;
#940 = DIRECTION ( 'NONE',  ( 1.000000000000000000, -0.000000000000000000, -1.156482317317871478E-16 ) ) ;
#941 = VECTOR ( 'NONE', #529, 1000.000000000000000 ) ;
#942 = ADVANCED_FACE ( 'NONE', ( #1057 ), #144, .F. ) ;
#943 = EDGE_LOOP ( 'NONE', ( #1345, #619, #571, #1217 ) ) ;
#944 = PLANE ( 'NONE',  #916 ) ;
#945 = CIRCLE ( 'NONE', #1139, 1.699999999999996625 ) ;
#946 = VECTOR ( 'NONE', #169, 1000.000000000000114 ) ;
#947 = DIRECTION ( 'NONE',  ( 0.000000000000000000, 0.000000000000000000, -1.000000000000000000 ) ) ;
#948 = AXIS2_PLACEMENT_3D ( 'NONE', #24, #261, #818 ) ;
#949 = DIRECTION ( 'NONE',  ( -0.000000000000000000, 1.000000000000000000, -0.000000000000000000 ) ) ;
#950 = EDGE_LOOP ( 'NONE', ( #223, #1375, #1280, #626 ) ) ;
#951 = DIRECTION ( 'NONE',  ( -0.000000000000000000, 1.000000000000000000, -0.000000000000000000 ) ) ;
#952 = ORIENTED_EDGE ( 'NONE', *, *, #1170, .T. ) ;
#953 = FACE_OUTER_BOUND ( 'NONE', #655, .T. ) ;
#954 = CYLINDRICAL_SURFACE ( 'NONE', #7, 1.500000000000000000 ) ;
#955 = CARTESIAN_POINT ( 'NONE',  ( 5.000000000000000000, -1.500000000000000000, 7.500000000000000000 ) ) ;
#956 = EDGE_CURVE ( 'NONE', #247, #168, #536, .T. ) ;
#957 = EDGE_LOOP ( 'NONE', ( #887, #1414, #327, #1030 ) ) ;
#958 = EDGE_CURVE ( 'NONE', #1107, #1337, #1310, .T. ) ;
#959 = DIRECTION ( 'NONE',  ( 0.000000000000000000, 0.000000000000000000, -1.000000000000000000 ) ) ;
#960 = ORIENTED_EDGE ( 'NONE', *, *, #1452, .T. ) ;
#961 = CYLINDRICAL_SURFACE ( 'NONE', #994, 1.500000000000000000 ) ;
#962 = CARTESIAN_POINT ( 'NONE',  ( 25.00000000000000000, 1.500000000000000000, 4.349999999999999645 ) ) ;
#963 = DIRECTION ( 'NONE',  ( 0.000000000000000000, 1.000000000000000000, -0.000000000000000000 ) ) ;
#964 = EDGE_LOOP ( 'NONE', ( #706, #1393, #77, #982, #16, #1252, #1467, #708, #569, #1024, #45, #109, #903 ) ) ;
#965 = DIRECTION ( 'NONE',  ( 0.000000000000000000, -1.000000000000000000, 0.000000000000000000 ) ) ;
#966 = EDGE_CURVE ( 'NONE', #647, #807, #1083, .T. ) ;
#967 = ORIENTED_EDGE ( 'NONE', *, *, #391, .F. ) ;
#968 = DIRECTION ( 'NONE',  ( -0.000000000000000000, 1.000000000000000000, -0.000000000000000000 ) ) ;
#969 = AXIS2_PLACEMENT_3D ( 'NONE', #923, #238, #1125 ) ;
#970 = FACE_OUTER_BOUND ( 'NONE', #957, .T. ) ;
#971 = VECTOR ( 'NONE', #163, 1000.000000000000000 ) ;
#972 = AXIS2_PLACEMENT_3D ( 'NONE', #1354, #910, #347 ) ;
#973 = CARTESIAN_POINT ( 'NONE',  ( 25.00000000000000000, 1.500000000000000000, 5.800000000000003375 ) ) ;
#974 = VECTOR ( 'NONE', #1362, 1000.000000000000000 ) ;
#975 = EDGE_CURVE ( 'NONE', #243, #698, #838, .T. ) ;
#976 = ORIENTED_EDGE ( 'NONE', *, *, #194, .T. ) ;
#977 = CARTESIAN_POINT ( 'NONE',  ( 31.30012701892220761, -1.500000000000000000, -5.130127018922149951 ) ) ;
#978 = ORIENTED_EDGE ( 'NONE', *, *, #1004, .T. ) ;
#979 = FACE_OUTER_BOUND ( 'NONE', #1222, .T. ) ;
#980 = CARTESIAN_POINT ( 'NONE',  ( 5.000000000000000000, -1.500000000000000000, 9.199999999999995737 ) ) ;
#981 = DIRECTION ( 'NONE',  ( -0.000000000000000000, 1.000000000000000000, -0.000000000000000000 ) ) ;
#982 = ORIENTED_EDGE ( 'NONE', *, *, #1462, .T. ) ;
#983 = CARTESIAN_POINT ( 'NONE',  ( 31.30012701892220761, 1.500000000000000000, -6.830127018922146576 ) ) ;
#984 = ORIENTED_EDGE ( 'NONE', *, *, #410, .F. ) ;
#985 = LINE ( 'NONE', #538, #369 ) ;
#986 = EDGE_CURVE ( 'NONE', #383, #1266, #1394, .T. ) ;
#987 = CARTESIAN_POINT ( 'NONE',  ( 55.45076211353314477, 1.500000000000000000, -15.00000000000004263 ) ) ;
#988 = ORIENTED_EDGE ( 'NONE', *, *, #913, .F. ) ;
#989 = DIRECTION ( 'NONE',  ( 0.000000000000000000, 0.000000000000000000, -1.000000000000000000 ) ) ;
#990 = VERTEX_POINT ( 'NONE', #620 ) ;
#991 = FACE_OUTER_BOUND ( 'NONE', #1359, .T. ) ;
#992 = EDGE_CURVE ( 'NONE', #1099, #712, #1168, .T. ) ;
#993 = AXIS2_PLACEMENT_3D ( 'NONE', #1271, #476, #937 ) ;
#994 = AXIS2_PLACEMENT_3D ( 'NONE', #734, #171, #622 ) ;
#995 = CARTESIAN_POINT ( 'NONE',  ( 31.30012701892220761, 1.500000000000000000, -9.980127018922146931 ) ) ;
#996 = CIRCLE ( 'NONE', #972, 3.149999999999999911 ) ;
#997 = ORIENTED_EDGE ( 'NONE', *, *, #166, .T. ) ;
#998 = CIRCLE ( 'NONE', #342, 1.699999999999996625 ) ;
#999 =( NAMED_UNIT ( * ) SI_UNIT ( $, .STERADIAN. ) SOLID_ANGLE_UNIT ( ) );
#1000 = ORIENTED_EDGE ( 'NONE', *, *, #516, .T. ) ;
#1001 = CYLINDRICAL_SURFACE ( 'NONE', #853, 1.699999999999996625 ) ;
#1002 = EDGE_CURVE ( 'NONE', #843, #220, #263, .T. ) ;
#1003 = VERTEX_POINT ( 'NONE', #1064 ) ;
#1004 = EDGE_CURVE ( 'NONE', #1091, #280, #1295, .T. ) ;
#1005 = EDGE_LOOP ( 'NONE', ( #52, #235, #70, #615 ) ) ;
#1006 = DIRECTION ( 'NONE',  ( -0.000000000000000000, 1.000000000000000000, -0.000000000000000000 ) ) ;
#1007 = EDGE_CURVE ( 'NONE', #739, #878, #855, .T. ) ;
#1008 = DIRECTION ( 'NONE',  ( 0.000000000000000000, -1.000000000000000000, 0.000000000000000000 ) ) ;
#1009 = CARTESIAN_POINT ( 'NONE',  ( 25.80551412875781381, -1.500000000000000000, 6.914566671070613069 ) ) ;
#1010 = ORIENTED_EDGE ( 'NONE', *, *, #356, .F. ) ;
#1011 = DIRECTION ( 'NONE',  ( -0.000000000000000000, 1.000000000000000000, -0.000000000000000000 ) ) ;
#1012 = VERTEX_POINT ( 'NONE', #197 ) ;
#1013 = CARTESIAN_POINT ( 'NONE',  ( 31.30012701892220761, 0.05000000000000012768, -5.130127018922146398 ) ) ;
#1014 = VECTOR ( 'NONE', #911, 1000.000000000000000 ) ;
#1015 = DIRECTION ( 'NONE',  ( -0.000000000000000000, 1.000000000000000000, -0.000000000000000000 ) ) ;
#1016 = AXIS2_PLACEMENT_3D ( 'NONE', #221, #678, #22 ) ;
#1017 = PRODUCT_RELATED_PRODUCT_CATEGORY ( 'part', '', ( #1248 ) ) ;
#1018 = ORIENTED_EDGE ( 'NONE', *, *, #1320, .F. ) ;
#1019 = DIRECTION ( 'NONE',  ( 1.000000000000000000, -0.000000000000000000, -1.156482317317871478E-16 ) ) ;
#1020 = AXIS2_PLACEMENT_3D ( 'NONE', #119, #568, #1029 ) ;
#1021 = CARTESIAN_POINT ( 'NONE',  ( 26.10397459621561822, 1.500000000000000000, -3.830127018922085291 ) ) ;
#1022 = CARTESIAN_POINT ( 'NONE',  ( 0.000000000000000000, 0.000000000000000000, 0.000000000000000000 ) ) ;
#1023 = CARTESIAN_POINT ( 'NONE',  ( 25.80551412875781381, 1.500000000000000000, 6.914566671070613069 ) ) ;
#1024 = ORIENTED_EDGE ( 'NONE', *, *, #986, .F. ) ;
#1025 = CARTESIAN_POINT ( 'NONE',  ( 27.82219034553194703, 1.500000000000000000, -0.6117714323462156711 ) ) ;
#1026 = VERTEX_POINT ( 'NONE', #1218 ) ;
#1027 = DIRECTION ( 'NONE',  ( 0.000000000000000000, 0.000000000000000000, -1.000000000000000000 ) ) ;
#1028 = ADVANCED_FACE ( 'NONE', ( #413 ), #400, .F. ) ;
#1029 = DIRECTION ( 'NONE',  ( 0.000000000000000000, 0.000000000000000000, 1.000000000000000000 ) ) ;
#1030 = ORIENTED_EDGE ( 'NONE', *, *, #105, .T. ) ;
#1031 = CARTESIAN_POINT ( 'NONE',  ( 48.62063509461096800, 1.500000000000000000, -19.98012701892217180 ) ) ;
#1032 = ORIENTED_EDGE ( 'NONE', *, *, #835, .F. ) ;
#1033 = CARTESIAN_POINT ( 'NONE',  ( 5.000000000000000000, 1.500000000000000000, 4.349999999999998757 ) ) ;
#1034 = EDGE_CURVE ( 'NONE', #939, #1091, #998, .T. ) ;
#1035 = VERTEX_POINT ( 'NONE', #422 ) ;
#1036 = CARTESIAN_POINT ( 'NONE',  ( 26.37330160609834806, -1.500000000000000000, 0.5000000000000000000 ) ) ;
#1037 = VECTOR ( 'NONE', #1211, 1000.000000000000000 ) ;
#1038 = VERTEX_POINT ( 'NONE', #534 ) ;
#1039 = AXIS2_PLACEMENT_3D ( 'NONE', #646, #405, #1331 ) ;
#1040 = VECTOR ( 'NONE', #122, 1000.000000000000000 ) ;
#1041 = CARTESIAN_POINT ( 'NONE',  ( 21.20205080756914739, -1.500000000000000000, -1.000000000000000000 ) ) ;
#1042 = CIRCLE ( 'NONE', #485, 1.749999999999999778 ) ;
#1043 = ORIENTED_EDGE ( 'NONE', *, *, #1034, .T. ) ;
#1044 = DIRECTION ( 'NONE',  ( 0.000000000000000000, -1.000000000000000000, 0.000000000000000000 ) ) ;
#1045 = AXIS2_PLACEMENT_3D ( 'NONE', #983, #637, #1449 ) ;
#1046 = DIRECTION ( 'NONE',  ( -0.000000000000000000, 1.000000000000000000, -0.000000000000000000 ) ) ;
#1047 = CARTESIAN_POINT ( 'NONE',  ( 1.750000000000001554, 1.500000000000000000, 14.99999999999999822 ) ) ;
#1048 = ORIENTED_EDGE ( 'NONE', *, *, #1234, .T. ) ;
#1049 = DIRECTION ( 'NONE',  ( 0.000000000000000000, -1.000000000000000000, 0.000000000000000000 ) ) ;
#1050 = ADVANCED_FACE ( 'NONE', ( #1230 ), #67, .F. ) ;
#1051 = ORIENTED_EDGE ( 'NONE', *, *, #714, .F. ) ;
#1052 = DIRECTION ( 'NONE',  ( -0.8660254037844377084, 0.000000000000000000, 0.5000000000000016653 ) ) ;
#1053 = DIRECTION ( 'NONE',  ( -0.000000000000000000, 1.000000000000000000, -0.000000000000000000 ) ) ;
#1054 = CARTESIAN_POINT ( 'NONE',  ( 1.750000000000001554, 1.500000000000000000, 13.24999999999999822 ) ) ;
#1055 = EDGE_CURVE ( 'NONE', #204, #510, #648, .T. ) ;
#1056 = ORIENTED_EDGE ( 'NONE', *, *, #956, .T. ) ;
#1057 = FACE_OUTER_BOUND ( 'NONE', #1163, .T. ) ;
#1058 = ORIENTED_EDGE ( 'NONE', *, *, #164, .F. ) ;
#1059 = FACE_OUTER_BOUND ( 'NONE', #1005, .T. ) ;
#1060 = ADVANCED_BREP_SHAPE_REPRESENTATION ( 'top plate_5', ( #1067, #922 ), #1446 ) ;
#1061 = DIRECTION ( 'NONE',  ( -0.000000000000000000, 1.000000000000000000, -0.000000000000000000 ) ) ;
#1062 = LINE ( 'NONE', #1080, #1440 ) ;
#1063 = ORIENTED_EDGE ( 'NONE', *, *, #315, .F. ) ;
#1064 = CARTESIAN_POINT ( 'NONE',  ( 5.000000000000000000, -1.500000000000000000, 5.800000000000003375 ) ) ;
#1065 = VECTOR ( 'NONE', #140, 1000.000000000000000 ) ;
#1066 = PRODUCT_DEFINITION_FORMATION_WITH_SPECIFIED_SOURCE ( 'ANY', '', #1248, .NOT_KNOWN. ) ;
#1067 = MANIFOLD_SOLID_BREP ( '\X2\9762306e79fb52d5\X0\1', #482 ) ;
#1068 = ORIENTED_EDGE ( 'NONE', *, *, #471, .F. ) ;
#1069 = DIRECTION ( 'NONE',  ( -1.000000000000000000, -0.000000000000000000, 1.831809372731536340E-16 ) ) ;
#1070 = CIRCLE ( 'NONE', #416, 1.500000000000000000 ) ;
#1071 = VECTOR ( 'NONE', #222, 1000.000000000000114 ) ;
#1072 = CARTESIAN_POINT ( 'NONE',  ( 54.83454729941319528, 1.500000000000000000, -16.06731536643240332 ) ) ;
#1073 = ADVANCED_FACE ( 'NONE', ( #1334 ), #1216, .F. ) ;
#1074 = CARTESIAN_POINT ( 'NONE',  ( 27.82219034553195058, -1.500000000000000000, -0.6117714323462157822 ) ) ;
#1075 = ORIENTED_EDGE ( 'NONE', *, *, #1417, .T. ) ;
#1076 = CARTESIAN_POINT ( 'NONE',  ( 1.750000000000000000, 1.500000000000000000, 1.749999999999999778 ) ) ;
#1077 = ORIENTED_EDGE ( 'NONE', *, *, #101, .F. ) ;
#1078 = LINE ( 'NONE', #1092, #1281 ) ;
#1079 = LINE ( 'NONE', #623, #322 ) ;
#1080 = CARTESIAN_POINT ( 'NONE',  ( 25.00000000000000000, 1.500000000000000000, 9.199999999999995737 ) ) ;
#1081 = EDGE_CURVE ( 'NONE', #1436, #220, #513, .T. ) ;
#1082 = VERTEX_POINT ( 'NONE', #1454 ) ;
#1083 = LINE ( 'NONE', #1303, #10 ) ;
#1084 = VERTEX_POINT ( 'NONE', #1098 ) ;
#1085 = CARTESIAN_POINT ( 'NONE',  ( 22.17554191976795508, -1.500000000000000000, 18.81281473795651493 ) ) ;
#1086 = CARTESIAN_POINT ( 'NONE',  ( 1.750000000000001554, 1.500000000000000000, 13.24999999999999822 ) ) ;
#1087 = EDGE_CURVE ( 'NONE', #330, #1026, #561, .T. ) ;
#1088 =( NAMED_UNIT ( * ) PLANE_ANGLE_UNIT ( ) SI_UNIT ( $, .RADIAN. ) );
#1089 = EDGE_LOOP ( 'NONE', ( #35, #131, #909, #1200 ) ) ;
#1090 = CARTESIAN_POINT ( 'NONE',  ( 1.749999999999999778, 1.500000000000000000, -3.205666402280188287E-16 ) ) ;
#1091 = VERTEX_POINT ( 'NONE', #977 ) ;
#1092 = CARTESIAN_POINT ( 'NONE',  ( 22.53551270189218414, 1.500000000000000000, -13.01088432476372070 ) ) ;
#1093 = DIRECTION ( 'NONE',  ( 0.000000000000000000, 0.000000000000000000, 1.000000000000000000 ) ) ;
#1094 = AXIS2_PLACEMENT_3D ( 'NONE', #28, #1291, #492 ) ;
#1095 = CARTESIAN_POINT ( 'NONE',  ( 53.31900284279042523, 1.500000000000000000, -15.19231536643239977 ) ) ;
#1096 = MECHANICAL_DESIGN_GEOMETRIC_PRESENTATION_REPRESENTATION (  '', ( #1140 ), #441 ) ;
#1097 = ORIENTED_EDGE ( 'NONE', *, *, #1226, .F. ) ;
#1098 = CARTESIAN_POINT ( 'NONE',  ( 9.001088913245830270, 1.500000000000000000, -1.648827903607363097E-15 ) ) ;
#1099 = VERTEX_POINT ( 'NONE', #312 ) ;
#1100 = CARTESIAN_POINT ( 'NONE',  ( 25.00000000000000000, 0.05000000000000012768, 9.199999999999995737 ) ) ;
#1101 = ADVANCED_FACE ( 'NONE', ( #757 ), #769, .T. ) ;
#1102 = LINE ( 'NONE', #1434, #941 ) ;
#1103 = DIRECTION ( 'NONE',  ( -0.000000000000000000, 1.000000000000000000, -0.000000000000000000 ) ) ;
#1104 = ORIENTED_EDGE ( 'NONE', *, *, #335, .F. ) ;
#1105 = CARTESIAN_POINT ( 'NONE',  ( 31.30012701892220761, -1.500000000000000000, -6.830127018922146576 ) ) ;
#1106 = EDGE_CURVE ( 'NONE', #280, #213, #1285, .T. ) ;
#1107 = VERTEX_POINT ( 'NONE', #1090 ) ;
#1108 = CARTESIAN_POINT ( 'NONE',  ( 49.81021765691041736, -1.500000000000000000, -21.26970958122155153 ) ) ;
#1109 = CARTESIAN_POINT ( 'NONE',  ( 48.62063509461096800, 1.500000000000000000, -13.68012701892217287 ) ) ;
#1110 = ORIENTED_EDGE ( 'NONE', *, *, #1106, .T. ) ;
#1111 = SURFACE_SIDE_STYLE ('',( #512 ) ) ;
#1112 = EDGE_LOOP ( 'NONE', ( #293, #889 ) ) ;
#1113 = CARTESIAN_POINT ( 'NONE',  ( 54.83454729941319528, -1.500000000000000000, -16.06731536643240332 ) ) ;
#1114 = ADVANCED_FACE ( 'NONE', ( #575 ), #462, .F. ) ;
#1115 = CIRCLE ( 'NONE', #915, 1.699999999999996625 ) ;
#1116 = CIRCLE ( 'NONE', #554, 1.500000000000000000 ) ;
#1117 = APPLICATION_PROTOCOL_DEFINITION ( 'draft international standard', 'automotive_design', 1998, #585 ) ;
#1118 = AXIS2_PLACEMENT_3D ( 'NONE', #1108, #78, #550 ) ;
#1119 = EDGE_CURVE ( 'NONE', #878, #1224, #1477, .T. ) ;
#1120 = EDGE_LOOP ( 'NONE', ( #192, #1297, #379, #544 ) ) ;
#1121 = CARTESIAN_POINT ( 'NONE',  ( 25.00000000000000000, 1.500000000000000000, 7.500000000000000000 ) ) ;
#1122 = CIRCLE ( 'NONE', #414, 1.750000000000001554 ) ;
#1123 = ORIENTED_EDGE ( 'NONE', *, *, #1002, .T. ) ;
#1124 = CARTESIAN_POINT ( 'NONE',  ( 0.000000000000000000, 1.500000000000000000, 0.000000000000000000 ) ) ;
#1125 = DIRECTION ( 'NONE',  ( 0.000000000000000000, 0.000000000000000000, 1.000000000000000000 ) ) ;
#1126 = ADVANCED_FACE ( 'NONE', ( #1458 ), #1132, .T. ) ;
#1127 = CARTESIAN_POINT ( 'NONE',  ( 34.70922141565033314, -1.500000000000000000, 4.038782306270205069 ) ) ;
#1128 = ORIENTED_EDGE ( 'NONE', *, *, #1425, .F. ) ;
#1129 = CARTESIAN_POINT ( 'NONE',  ( 34.92151273532561362, -1.500000000000000000, -1.992731806851678611 ) ) ;
#1130 = PLANE ( 'NONE',  #340 ) ;
#1131 = SHAPE_DEFINITION_REPRESENTATION ( #141, #1060 ) ;
#1132 = PLANE ( 'NONE',  #879 ) ;
#1133 = ORIENTED_EDGE ( 'NONE', *, *, #565, .T. ) ;
#1134 = CARTESIAN_POINT ( 'NONE',  ( 0.000000000000000000, 1.500000000000000000, 0.000000000000000000 ) ) ;
#1135 = ORIENTED_EDGE ( 'NONE', *, *, #627, .T. ) ;
#1136 = LINE ( 'NONE', #1404, #971 ) ;
#1137 = CIRCLE ( 'NONE', #752, 1.499999999999999556 ) ;
#1138 = CARTESIAN_POINT ( 'NONE',  ( 30.63514326020316147, -1.500000000000000000, 8.208661896583210549 ) ) ;
#1139 = AXIS2_PLACEMENT_3D ( 'NONE', #528, #103, #425 ) ;
#1140 = STYLED_ITEM ( 'NONE', ( #864 ), #1067 ) ;
#1141 = EDGE_LOOP ( 'NONE', ( #691, #1133, #790, #1302 ) ) ;
#1142 = CARTESIAN_POINT ( 'NONE',  ( 4.117500000000099192, -1.500000000000000000, 7.131719200164991612 ) ) ;
#1143 = CIRCLE ( 'NONE', #33, 1.499999999999999556 ) ;
#1144 = DIRECTION ( 'NONE',  ( 0.000000000000000000, -1.000000000000000000, 0.000000000000000000 ) ) ;
#1145 = EDGE_CURVE ( 'NONE', #1335, #621, #370, .T. ) ;
#1146 = CYLINDRICAL_SURFACE ( 'NONE', #1020, 1.750000000000000000 ) ;
#1147 = EDGE_LOOP ( 'NONE', ( #720, #830, #1156, #715 ) ) ;
#1148 = FACE_OUTER_BOUND ( 'NONE', #1294, .T. ) ;
#1149 = EDGE_CURVE ( 'NONE', #204, #137, #584, .T. ) ;
#1150 = DIRECTION ( 'NONE',  ( 0.000000000000000000, 0.000000000000000000, -1.000000000000000000 ) ) ;
#1151 = DIRECTION ( 'NONE',  ( -0.000000000000000000, 1.000000000000000000, -0.000000000000000000 ) ) ;
#1152 = DIRECTION ( 'NONE',  ( 1.000000000000000000, 0.000000000000000000, 0.000000000000000000 ) ) ;
#1153 = CARTESIAN_POINT ( 'NONE',  ( 33.47262399589200754, -1.500000000000000000, -2.380960374505460830 ) ) ;
#1154 = EDGE_LOOP ( 'NONE', ( #587, #1326 ) ) ;
#1155 = LINE ( 'NONE', #337, #778 ) ;
#1156 = ORIENTED_EDGE ( 'NONE', *, *, #89, .F. ) ;
#1157 = CYLINDRICAL_SURFACE ( 'NONE', #1236, 1.500000000000000000 ) ;
#1158 = DIRECTION ( 'NONE',  ( 0.000000000000000000, 0.000000000000000000, -1.000000000000000000 ) ) ;
#1159 = EDGE_CURVE ( 'NONE', #799, #1206, #781, .T. ) ;
#1160 = PLANE ( 'NONE',  #93 ) ;
#1161 = ADVANCED_FACE ( 'NONE', ( #239 ), #896, .F. ) ;
#1162 = AXIS2_PLACEMENT_3D ( 'NONE', #469, #245, #1453 ) ;
#1163 = EDGE_LOOP ( 'NONE', ( #429, #1418, #1473, #1051 ) ) ;
#1164 = CIRCLE ( 'NONE', #1329, 1.749999999999999778 ) ;
#1165 = CARTESIAN_POINT ( 'NONE',  ( 25.00000000000000000, -1.500000000000000000, 9.199999999999995737 ) ) ;
#1166 = ORIENTED_EDGE ( 'NONE', *, *, #216, .F. ) ;
#1167 = CARTESIAN_POINT ( 'NONE',  ( 53.31900284279042523, -1.500000000000000000, -15.19231536643239977 ) ) ;
#1168 = CIRCLE ( 'NONE', #1395, 1.499999999999999556 ) ;
#1169 = DIRECTION ( 'NONE',  ( 0.000000000000000000, 0.000000000000000000, -1.000000000000000000 ) ) ;
#1170 = EDGE_CURVE ( 'NONE', #1363, #1388, #447, .T. ) ;
#1171 = DIRECTION ( 'NONE',  ( 0.000000000000000000, 0.000000000000000000, -1.000000000000000000 ) ) ;
#1172 = VERTEX_POINT ( 'NONE', #1127 ) ;
#1173 = CARTESIAN_POINT ( 'NONE',  ( 5.000000000000000000, 1.500000000000000000, 5.800000000000003375 ) ) ;
#1174 = VERTEX_POINT ( 'NONE', #793 ) ;
#1175 = CARTESIAN_POINT ( 'NONE',  ( 25.00000000000000000, 1.500000000000000000, 7.500000000000000000 ) ) ;
#1176 = DIRECTION ( 'NONE',  ( 0.000000000000000000, 0.000000000000000000, 1.000000000000000000 ) ) ;
#1177 = CARTESIAN_POINT ( 'NONE',  ( 28.10491566303593203, -1.500000000000000000, -3.364395428238221797 ) ) ;
#1178 = ORIENTED_EDGE ( 'NONE', *, *, #975, .T. ) ;
#1179 = CYLINDRICAL_SURFACE ( 'NONE', #440, 1.699999999999996625 ) ;
#1180 = ORIENTED_EDGE ( 'NONE', *, *, #51, .F. ) ;
#1181 = PLANE ( 'NONE',  #252 ) ;
#1182 = FACE_OUTER_BOUND ( 'NONE', #1194, .T. ) ;
#1183 = DIRECTION ( 'NONE',  ( -0.8660254037844373753, -0.000000000000000000, 0.5000000000000021094 ) ) ;
#1184 = APPLICATION_CONTEXT ( 'automotive_design' ) ;
#1185 = ORIENTED_EDGE ( 'NONE', *, *, #51, .T. ) ;
#1186 = CARTESIAN_POINT ( 'NONE',  ( 5.000000000000000000, 1.500000000000000000, 7.500000000000000000 ) ) ;
#1187 = CIRCLE ( 'NONE', #1255, 1.499999999999999556 ) ;
#1188 = ORIENTED_EDGE ( 'NONE', *, *, #651, .F. ) ;
#1189 = DIRECTION ( 'NONE',  ( 0.8660254037844378194, 0.000000000000000000, -0.5000000000000013323 ) ) ;
#1190 = AXIS2_PLACEMENT_3D ( 'NONE', #175, #1402, #1315 ) ;
#1191 = ADVANCED_FACE ( 'NONE', ( #562 ), #115, .F. ) ;
#1192 = DIRECTION ( 'NONE',  ( 0.8660254037844379305, 0.000000000000000000, -0.5000000000000013323 ) ) ;
#1193 = CARTESIAN_POINT ( 'NONE',  ( 54.65347684912894977, -1.500000000000000000, -14.06020268369856119 ) ) ;
#1194 = EDGE_LOOP ( 'NONE', ( #1396, #102, #1185, #1475 ) ) ;
#1195 = CARTESIAN_POINT ( 'NONE',  ( 54.65347684912894977, 1.500000000000000000, -14.06020268369856119 ) ) ;
#1196 = EDGE_CURVE ( 'NONE', #698, #401, #1272, .T. ) ;
#1197 = ORIENTED_EDGE ( 'NONE', *, *, #604, .T. ) ;
#1198 = LINE ( 'NONE', #499, #1464 ) ;
#1199 = CARTESIAN_POINT ( 'NONE',  ( 1.749999999999999778, -1.500000000000000000, -3.205666402280188287E-16 ) ) ;
#1200 = ORIENTED_EDGE ( 'NONE', *, *, #1296, .F. ) ;
#1201 = DIRECTION ( 'NONE',  ( 4.625929269271486900E-15, 0.000000000000000000, -1.000000000000000000 ) ) ;
#1202 = ORIENTED_EDGE ( 'NONE', *, *, #343, .T. ) ;
#1203 = DIRECTION ( 'NONE',  ( 0.000000000000000000, 0.000000000000000000, 1.000000000000000000 ) ) ;
#1204 = DIRECTION ( 'NONE',  ( 0.000000000000000000, 0.000000000000000000, -1.000000000000000000 ) ) ;
#1205 = CARTESIAN_POINT ( 'NONE',  ( 31.30012701892220761, 1.500000000000000000, -6.830127018922146576 ) ) ;
#1206 = VERTEX_POINT ( 'NONE', #688 ) ;
#1207 = EDGE_CURVE ( 'NONE', #1038, #346, #434, .T. ) ;
#1208 = CARTESIAN_POINT ( 'NONE',  ( 26.37330160609834806, 1.500000000000000000, -1.000000000000000000 ) ) ;
#1209 = EDGE_LOOP ( 'NONE', ( #763, #527, #589, #285 ) ) ;
#1210 = CARTESIAN_POINT ( 'NONE',  ( 28.25476629679288010, 1.500000000000000000, -2.226166860584437135 ) ) ;
#1211 = DIRECTION ( 'NONE',  ( 0.000000000000000000, -1.000000000000000000, 0.000000000000000000 ) ) ;
#1212 = AXIS2_PLACEMENT_3D ( 'NONE', #1124, #310, #765 ) ;
#1213 = AXIS2_PLACEMENT_3D ( 'NONE', #933, #965, #959 ) ;
#1214 = ADVANCED_FACE ( 'NONE', ( #1352 ), #1259, .F. ) ;
#1215 = PLANE ( 'NONE',  #730 ) ;
#1216 = CONICAL_SURFACE ( 'NONE', #1045, 3.149999999999999911, 0.7853981633974482790 ) ;
#1217 = ORIENTED_EDGE ( 'NONE', *, *, #1425, .T. ) ;
#1218 = CARTESIAN_POINT ( 'NONE',  ( 5.000000000000000000, 0.05000000000000012768, 5.800000000000002487 ) ) ;
#1219 = ORIENTED_EDGE ( 'NONE', *, *, #1417, .F. ) ;
#1220 = DIRECTION ( 'NONE',  ( 0.000000000000000000, 0.000000000000000000, 1.000000000000000000 ) ) ;
#1221 = CARTESIAN_POINT ( 'NONE',  ( 5.000000000000000000, 1.500000000000000000, 7.500000000000000000 ) ) ;
#1222 = EDGE_LOOP ( 'NONE', ( #905, #1357, #1123, #1316 ) ) ;
#1223 = DIRECTION ( 'NONE',  ( -0.000000000000000000, 1.000000000000000000, -0.000000000000000000 ) ) ;
#1224 = VERTEX_POINT ( 'NONE', #664 ) ;
#1225 = DIRECTION ( 'NONE',  ( -0.000000000000000000, 1.000000000000000000, 0.000000000000000000 ) ) ;
#1226 = EDGE_CURVE ( 'NONE', #666, #739, #1466, .T. ) ;
#1227 = EDGE_CURVE ( 'NONE', #1035, #464, #1247, .T. ) ;
#1228 = DIRECTION ( 'NONE',  ( 0.000000000000000000, 0.000000000000000000, -1.000000000000000000 ) ) ;
#1229 = ORIENTED_EDGE ( 'NONE', *, *, #89, .T. ) ;
#1230 = FACE_OUTER_BOUND ( 'NONE', #601, .T. ) ;
#1231 = EDGE_LOOP ( 'NONE', ( #794, #196, #952, #774 ) ) ;
#1232 = CARTESIAN_POINT ( 'NONE',  ( 30.63514326020316147, -1.500000000000000000, 8.208661896583210549 ) ) ;
#1233 = VECTOR ( 'NONE', #49, 1000.000000000000000 ) ;
#1234 = EDGE_CURVE ( 'NONE', #213, #1450, #334, .T. ) ;
#1235 = VECTOR ( 'NONE', #728, 1000.000000000000000 ) ;
#1236 = AXIS2_PLACEMENT_3D ( 'NONE', #1471, #1382, #1376 ) ;
#1237 = CIRCLE ( 'NONE', #1420, 1.699999999999996625 ) ;
#1238 = ORIENTED_EDGE ( 'NONE', *, *, #179, .F. ) ;
#1239 = DIRECTION ( 'NONE',  ( 0.000000000000000000, 0.000000000000000000, 1.000000000000000000 ) ) ;
#1240 = VERTEX_POINT ( 'NONE', #232 ) ;
#1241 = CARTESIAN_POINT ( 'NONE',  ( 26.80587755735927402, -1.500000000000000000, -2.614395428238219576 ) ) ;
#1242 = ADVANCED_FACE ( 'NONE', ( #681 ), #1146, .F. ) ;
#1243 = FACE_OUTER_BOUND ( 'NONE', #964, .T. ) ;
#1244 = DIRECTION ( 'NONE',  ( 0.000000000000000000, 0.000000000000000000, -1.000000000000000000 ) ) ;
#1245 = EDGE_LOOP ( 'NONE', ( #262, #218 ) ) ;
#1246 = DIRECTION ( 'NONE',  ( 8.659560562354932858E-17, 0.7071067811865474617, -0.7071067811865474617 ) ) ;
#1247 = LINE ( 'NONE', #1153, #974 ) ;
#1248 = PRODUCT ( 'top plate_5', 'top plate_5', '', ( #209 ) ) ;
#1249 = EDGE_CURVE ( 'NONE', #464, #1038, #1399, .T. ) ;
#1250 = ORIENTED_EDGE ( 'NONE', *, *, #685, .F. ) ;
#1251 = CARTESIAN_POINT ( 'NONE',  ( 51.32576211353318030, -1.500000000000000000, -22.14470958122155153 ) ) ;
#1252 = ORIENTED_EDGE ( 'NONE', *, *, #1269, .T. ) ;
#1253 = DIRECTION ( 'NONE',  ( -0.000000000000000000, 1.000000000000000000, 0.000000000000000000 ) ) ;
#1254 = AXIS2_PLACEMENT_3D ( 'NONE', #705, #586, #1171 ) ;
#1255 = AXIS2_PLACEMENT_3D ( 'NONE', #1021, #1044, #929 ) ;
#1256 = ADVANCED_FACE ( 'NONE', ( #618 ), #598, .T. ) ;
#1257 = CARTESIAN_POINT ( 'NONE',  ( 31.30012701892220761, 1.500000000000000000, -9.980127018922146931 ) ) ;
#1258 = VECTOR ( 'NONE', #1246, 1000.000000000000114 ) ;
#1259 = CONICAL_SURFACE ( 'NONE', #1444, 3.149999999999999911, 0.7853981633974495002 ) ;
#1260 = ORIENTED_EDGE ( 'NONE', *, *, #385, .F. ) ;
#1261 = DIRECTION ( 'NONE',  ( 0.6469215329907658241, 0.000000000000000000, -0.7625565750505843843 ) ) ;
#1262 = ORIENTED_EDGE ( 'NONE', *, *, #1269, .F. ) ;
#1263 = DIRECTION ( 'NONE',  ( 0.000000000000000000, -1.000000000000000000, 0.000000000000000000 ) ) ;
#1264 = LINE ( 'NONE', #591, #1347 ) ;
#1265 = DIRECTION ( 'NONE',  ( -0.2588190451025217942, 0.000000000000000000, 0.9659258262890679791 ) ) ;
#1266 = VERTEX_POINT ( 'NONE', #1193 ) ;
#1267 = LINE ( 'NONE', #241, #1309 ) ;
#1268 = LINE ( 'NONE', #226, #1348 ) ;
#1269 = EDGE_CURVE ( 'NONE', #990, #1430, #559, .T. ) ;
#1270 = EDGE_CURVE ( 'NONE', #1012, #1283, #167, .T. ) ;
#1271 = CARTESIAN_POINT ( 'NONE',  ( 26.37330160609834806, -1.500000000000000000, -1.000000000000000000 ) ) ;
#1272 = LINE ( 'NONE', #660, #1351 ) ;
#1273 = ORIENTED_EDGE ( 'NONE', *, *, #173, .T. ) ;
#1274 = FACE_BOUND ( 'NONE', #1154, .T. ) ;
#1275 = EDGE_CURVE ( 'NONE', #213, #280, #344, .T. ) ;
#1276 = VERTEX_POINT ( 'NONE', #1074 ) ;
#1277 = FACE_OUTER_BOUND ( 'NONE', #436, .T. ) ;
#1278 = CYLINDRICAL_SURFACE ( 'NONE', #993, 1.500000000000000000 ) ;
#1279 = CARTESIAN_POINT ( 'NONE',  ( 30.63514326020316147, 1.500000000000000000, 8.208661896583210549 ) ) ;
#1280 = ORIENTED_EDGE ( 'NONE', *, *, #658, .F. ) ;
#1281 = VECTOR ( 'NONE', #48, 1000.000000000000114 ) ;
#1282 = CARTESIAN_POINT ( 'NONE',  ( 5.000000000000000000, 1.500000000000000000, 7.500000000000000000 ) ) ;
#1283 = VERTEX_POINT ( 'NONE', #470 ) ;
#1284 = CARTESIAN_POINT ( 'NONE',  ( 29.18971609781848287, 1.500000000000000000, 13.24999999999999467 ) ) ;
#1285 = CIRCLE ( 'NONE', #91, 1.700000000000000178 ) ;
#1286 = DIRECTION ( 'NONE',  ( 0.000000000000000000, 0.000000000000000000, -1.000000000000000000 ) ) ;
#1287 = DIRECTION ( 'NONE',  ( 0.000000000000000000, -1.000000000000000000, 0.000000000000000000 ) ) ;
#1288 = EDGE_LOOP ( 'NONE', ( #454, #976, #268, #94 ) ) ;
#1289 = DIRECTION ( 'NONE',  ( -0.000000000000000000, 1.000000000000000000, -0.000000000000000000 ) ) ;
#1290 = ORIENTED_EDGE ( 'NONE', *, *, #1462, .F. ) ;
#1291 = DIRECTION ( 'NONE',  ( 0.000000000000000000, -1.000000000000000000, 0.000000000000000000 ) ) ;
#1292 = CARTESIAN_POINT ( 'NONE',  ( 25.00000000000000000, 1.500000000000000000, 7.500000000000000000 ) ) ;
#1293 = LINE ( 'NONE', #267, #776 ) ;
#1294 = EDGE_LOOP ( 'NONE', ( #399, #307, #858, #522 ) ) ;
#1295 = LINE ( 'NONE', #37, #38 ) ;
#1296 = EDGE_CURVE ( 'NONE', #1276, #739, #477, .T. ) ;
#1297 = ORIENTED_EDGE ( 'NONE', *, *, #410, .T. ) ;
#1298 = DIRECTION ( 'NONE',  ( 0.000000000000000000, 0.000000000000000000, -1.000000000000000000 ) ) ;
#1299 = CARTESIAN_POINT ( 'NONE',  ( 5.000000000000000000, 1.500000000000000000, 7.500000000000000000 ) ) ;
#1300 = LINE ( 'NONE', #1177, #1235 ) ;
#1301 = EDGE_CURVE ( 'NONE', #225, #243, #142, .T. ) ;
#1302 = ORIENTED_EDGE ( 'NONE', *, *, #893, .T. ) ;
#1303 = CARTESIAN_POINT ( 'NONE',  ( 50.45076211353316609, -1.500000000000000000, -23.66025403784433934 ) ) ;
#1304 = VECTOR ( 'NONE', #1046, 1000.000000000000000 ) ;
#1305 = VECTOR ( 'NONE', #1429, 1000.000000000000000 ) ;
#1306 = AXIS2_PLACEMENT_3D ( 'NONE', #244, #692, #579 ) ;
#1307 = ORIENTED_EDGE ( 'NONE', *, *, #814, .T. ) ;
#1308 = DIRECTION ( 'NONE',  ( -0.000000000000000000, 1.000000000000000000, -0.000000000000000000 ) ) ;
#1309 = VECTOR ( 'NONE', #127, 1000.000000000000000 ) ;
#1310 = CIRCLE ( 'NONE', #161, 1.750000000000000000 ) ;
#1311 = DIRECTION ( 'NONE',  ( 0.000000000000000000, 0.000000000000000000, 1.000000000000000000 ) ) ;
#1312 = VECTOR ( 'NONE', #963, 1000.000000000000000 ) ;
#1313 = CARTESIAN_POINT ( 'NONE',  ( 20.45205080756915450, 1.500000000000000000, -2.299038105676662447 ) ) ;
#1314 = EDGE_LOOP ( 'NONE', ( #412, #537, #768, #443, #174, #498, #967, #1424 ) ) ;
#1315 = DIRECTION ( 'NONE',  ( 0.000000000000000000, 0.000000000000000000, 1.000000000000000000 ) ) ;
#1316 = ORIENTED_EDGE ( 'NONE', *, *, #560, .T. ) ;
#1317 = CARTESIAN_POINT ( 'NONE',  ( 33.47262399589201465, 1.500000000000000000, -2.380960374505461719 ) ) ;
#1318 = EDGE_CURVE ( 'NONE', #799, #635, #1062, .T. ) ;
#1319 = DIRECTION ( 'NONE',  ( 0.000000000000000000, -1.000000000000000000, 0.000000000000000000 ) ) ;
#1320 = EDGE_CURVE ( 'NONE', #1401, #635, #606, .T. ) ;
#1321 = ORIENTED_EDGE ( 'NONE', *, *, #58, .F. ) ;
#1322 = ORIENTED_EDGE ( 'NONE', *, *, #737, .T. ) ;
#1323 = LINE ( 'NONE', #314, #393 ) ;
#1324 = ADVANCED_FACE ( 'NONE', ( #18 ), #32, .F. ) ;
#1325 = FACE_BOUND ( 'NONE', #25, .T. ) ;
#1326 = ORIENTED_EDGE ( 'NONE', *, *, #166, .F. ) ;
#1327 = ORIENTED_EDGE ( 'NONE', *, *, #1159, .F. ) ;
#1328 = FACE_OUTER_BOUND ( 'NONE', #1231, .T. ) ;
#1329 = AXIS2_PLACEMENT_3D ( 'NONE', #1086, #1061, #1204 ) ;
#1330 = CIRCLE ( 'NONE', #1118, 1.750000000000001554 ) ;
#1331 = DIRECTION ( 'NONE',  ( -2.973811673103097763E-15, 0.000000000000000000, -1.000000000000000000 ) ) ;
#1332 = AXIS2_PLACEMENT_3D ( 'NONE', #931, #949, #376 ) ;
#1333 = VERTEX_POINT ( 'NONE', #50 ) ;
#1334 = FACE_OUTER_BOUND ( 'NONE', #871, .T. ) ;
#1335 = VERTEX_POINT ( 'NONE', #253 ) ;
#1336 = DIRECTION ( 'NONE',  ( 1.000000000000000000, 0.000000000000000000, -0.000000000000000000 ) ) ;
#1337 = VERTEX_POINT ( 'NONE', #486 ) ;
#1338 = DIRECTION ( 'NONE',  ( 0.000000000000000000, 0.000000000000000000, 1.000000000000000000 ) ) ;
#1339 = ORIENTED_EDGE ( 'NONE', *, *, #130, .T. ) ;
#1340 = FACE_OUTER_BOUND ( 'NONE', #943, .T. ) ;
#1341 = EDGE_CURVE ( 'NONE', #1384, #666, #1143, .T. ) ;
#1342 = ORIENTED_EDGE ( 'NONE', *, *, #361, .F. ) ;
#1343 = FILL_AREA_STYLE_COLOUR ( '', #460 ) ;
#1344 = EDGE_CURVE ( 'NONE', #40, #1436, #1293, .T. ) ;
#1345 = ORIENTED_EDGE ( 'NONE', *, *, #446, .F. ) ;
#1346 = DIRECTION ( 'NONE',  ( -0.000000000000000000, 1.000000000000000000, -0.000000000000000000 ) ) ;
#1347 = VECTOR ( 'NONE', #573, 1000.000000000000000 ) ;
#1348 = VECTOR ( 'NONE', #250, 1000.000000000000000 ) ;
#1349 = AXIS2_PLACEMENT_3D ( 'NONE', #394, #1387, #1415 ) ;
#1350 = DIRECTION ( 'NONE',  ( 0.000000000000000000, -1.000000000000000000, 0.000000000000000000 ) ) ;
#1351 = VECTOR ( 'NONE', #1015, 1000.000000000000000 ) ;
#1352 = FACE_OUTER_BOUND ( 'NONE', #83, .T. ) ;
#1353 = EDGE_LOOP ( 'NONE', ( #176, #386, #505, #926 ) ) ;
#1354 = CARTESIAN_POINT ( 'NONE',  ( 31.30012701892220761, 1.500000000000000000, -6.830127018922146576 ) ) ;
#1355 = EDGE_CURVE ( 'NONE', #1082, #1012, #1122, .T. ) ;
#1356 = DIRECTION ( 'NONE',  ( -0.6469215329907659351, 0.000000000000000000, 0.7625565750505842733 ) ) ;
#1357 = ORIENTED_EDGE ( 'NONE', *, *, #315, .T. ) ;
#1358 = FACE_OUTER_BOUND ( 'NONE', #1288, .T. ) ;
#1359 = EDGE_LOOP ( 'NONE', ( #932, #673, #3, #309 ) ) ;
#1360 = FACE_OUTER_BOUND ( 'NONE', #474, .T. ) ;
#1361 = EDGE_CURVE ( 'NONE', #722, #1384, #1300, .T. ) ;
#1362 = DIRECTION ( 'NONE',  ( 0.000000000000000000, 1.000000000000000000, -0.000000000000000000 ) ) ;
#1363 = VERTEX_POINT ( 'NONE', #1391 ) ;
#1364 = CYLINDRICAL_SURFACE ( 'NONE', #323, 1.699999999999996625 ) ;
#1365 = ORIENTED_EDGE ( 'NONE', *, *, #431, .T. ) ;
#1366 = CARTESIAN_POINT ( 'NONE',  ( 30.52419010415701450, -1.500000000000000000, 14.38211268273382437 ) ) ;
#1367 = AXIS2_PLACEMENT_3D ( 'NONE', #273, #1319, #295 ) ;
#1368 = AXIS2_PLACEMENT_3D ( 'NONE', #56, #1411, #265 ) ;
#1369 = DIRECTION ( 'NONE',  ( 0.000000000000000000, 0.000000000000000000, 1.000000000000000000 ) ) ;
#1370 = CIRCLE ( 'NONE', #36, 1.500000000000000000 ) ;
#1371 = EDGE_CURVE ( 'NONE', #1003, #153, #1115, .T. ) ;
#1372 = EDGE_LOOP ( 'NONE', ( #162, #514, #1260, #1238 ) ) ;
#1373 = CARTESIAN_POINT ( 'NONE',  ( 48.62063509461096800, -1.500000000000000000, -15.13012701892217571 ) ) ;
#1374 = ADVANCED_FACE ( 'NONE', ( #368 ), #1160, .T. ) ;
#1375 = ORIENTED_EDGE ( 'NONE', *, *, #1207, .T. ) ;
#1376 = DIRECTION ( 'NONE',  ( 0.000000000000000000, 0.000000000000000000, 1.000000000000000000 ) ) ;
#1377 = CARTESIAN_POINT ( 'NONE',  ( 0.000000000000000000, 1.500000000000000000, 13.24999999999999822 ) ) ;
#1378 = DIRECTION ( 'NONE',  ( -0.9659258262890680902, 0.000000000000000000, -0.2588190451025214056 ) ) ;
#1379 = ORIENTED_EDGE ( 'NONE', *, *, #11, .T. ) ;
#1380 = FACE_BOUND ( 'NONE', #1112, .T. ) ;
#1381 = ORIENTED_EDGE ( 'NONE', *, *, #173, .F. ) ;
#1382 = DIRECTION ( 'NONE',  ( 0.000000000000000000, 1.000000000000000000, 0.000000000000000000 ) ) ;
#1383 = ADVANCED_FACE ( 'NONE', ( #854 ), #711, .F. ) ;
#1384 = VERTEX_POINT ( 'NONE', #426 ) ;
#1385 = DIRECTION ( 'NONE',  ( 0.000000000000000000, -1.000000000000000000, 0.000000000000000000 ) ) ;
#1386 = VERTEX_POINT ( 'NONE', #1445 ) ;
#1387 = DIRECTION ( 'NONE',  ( 0.5000000000000015543, -0.000000000000000000, 0.8660254037844378194 ) ) ;
#1388 = VERTEX_POINT ( 'NONE', #1109 ) ;
#1389 = LINE ( 'NONE', #236, #1392 ) ;
#1390 = CARTESIAN_POINT ( 'NONE',  ( 9.001088913245830270, 1.500000000000000000, -1.750000000000001776 ) ) ;
#1391 = CARTESIAN_POINT ( 'NONE',  ( 48.62063509461096800, 0.05000000000000012768, -15.13012701892217216 ) ) ;
#1392 = VECTOR ( 'NONE', #684, 1000.000000000000114 ) ;
#1393 = ORIENTED_EDGE ( 'NONE', *, *, #1149, .T. ) ;
#1394 = LINE ( 'NONE', #732, #946 ) ;
#1395 = AXIS2_PLACEMENT_3D ( 'NONE', #831, #1289, #1201 ) ;
#1396 = ORIENTED_EDGE ( 'NONE', *, *, #901, .F. ) ;
#1397 = LINE ( 'NONE', #616, #580 ) ;
#1398 = CARTESIAN_POINT ( 'NONE',  ( 1.750000000000008438, 1.500000000000000000, 14.99999999999999822 ) ) ;
#1399 = LINE ( 'NONE', #1279, #186 ) ;
#1400 = ADVANCED_FACE ( 'NONE', ( #753 ), #1215, .F. ) ;
#1401 = VERTEX_POINT ( 'NONE', #1435 ) ;
#1402 = DIRECTION ( 'NONE',  ( -0.000000000000000000, 1.000000000000000000, -0.000000000000000000 ) ) ;
#1403 = ORIENTED_EDGE ( 'NONE', *, *, #81, .T. ) ;
#1404 = CARTESIAN_POINT ( 'NONE',  ( 0.000000000000000000, 1.500000000000000000, 14.99999999999999822 ) ) ;
#1405 = CARTESIAN_POINT ( 'NONE',  ( 7.117500000000038796, -1.500000000000000000, 12.32787162287150728 ) ) ;
#1406 = EDGE_CURVE ( 'NONE', #1206, #1401, #524, .T. ) ;
#1407 = DIRECTION ( 'NONE',  ( -0.2588190451025214056, 0.000000000000000000, 0.9659258262890680902 ) ) ;
#1408 = ORIENTED_EDGE ( 'NONE', *, *, #1344, .F. ) ;
#1409 = CARTESIAN_POINT ( 'NONE',  ( 34.17151273532562783, 1.500000000000001776, -3.291769912528342612 ) ) ;
#1410 = ORIENTED_EDGE ( 'NONE', *, *, #1275, .F. ) ;
#1411 = DIRECTION ( 'NONE',  ( 0.000000000000000000, -1.000000000000000000, 0.000000000000000000 ) ) ;
#1412 = LINE ( 'NONE', #1405, #111 ) ;
#1413 = CARTESIAN_POINT ( 'NONE',  ( 25.00000000000000000, 0.05000000000000012768, 7.500000000000000000 ) ) ;
#1414 = ORIENTED_EDGE ( 'NONE', *, *, #321, .T. ) ;
#1415 = DIRECTION ( 'NONE',  ( 0.8660254037844378194, 0.000000000000000000, -0.5000000000000015543 ) ) ;
#1416 = CIRCLE ( 'NONE', #773, 1.500000000000000000 ) ;
#1417 = EDGE_CURVE ( 'NONE', #280, #116, #189, .T. ) ;
#1418 = ORIENTED_EDGE ( 'NONE', *, *, #194, .F. ) ;
#1419 = LINE ( 'NONE', #716, #796 ) ;
#1420 = AXIS2_PLACEMENT_3D ( 'NONE', #444, #437, #219 ) ;
#1421 = ADVANCED_FACE ( 'NONE', ( #306 ), #1423, .T. ) ;
#1422 = DIRECTION ( 'NONE',  ( 1.000000000000000000, -0.000000000000000000, 0.000000000000000000 ) ) ;
#1423 = CYLINDRICAL_SURFACE ( 'NONE', #874, 1.750000000000001554 ) ;
#1424 = ORIENTED_EDGE ( 'NONE', *, *, #361, .T. ) ;
#1425 = EDGE_CURVE ( 'NONE', #137, #1107, #868, .T. ) ;
#1426 = ORIENTED_EDGE ( 'NONE', *, *, #670, .F. ) ;
#1427 = CYLINDRICAL_SURFACE ( 'NONE', #9, 1.749999999999999778 ) ;
#1428 = DIRECTION ( 'NONE',  ( 0.8660254037844379305, 0.000000000000000000, -0.5000000000000013323 ) ) ;
#1429 = DIRECTION ( 'NONE',  ( -0.000000000000000000, 1.000000000000000000, -0.000000000000000000 ) ) ;
#1430 = VERTEX_POINT ( 'NONE', #862 ) ;
#1431 = DIRECTION ( 'NONE',  ( -0.000000000000000000, -0.000000000000000000, 1.000000000000000000 ) ) ;
#1432 = EDGE_LOOP ( 'NONE', ( #297, #406, #1178, #467 ) ) ;
#1433 = DIRECTION ( 'NONE',  ( -0.2588190451025217942, 0.000000000000000000, 0.9659258262890679791 ) ) ;
#1434 = CARTESIAN_POINT ( 'NONE',  ( 28.25476629679288010, -1.500000000000000000, -2.226166860584437135 ) ) ;
#1435 = CARTESIAN_POINT ( 'NONE',  ( 25.00000000000000000, 0.05000000000000012768, 5.800000000000003375 ) ) ;
#1436 = VERTEX_POINT ( 'NONE', #74 ) ;
#1437 = ORIENTED_EDGE ( 'NONE', *, *, #463, .F. ) ;
#1438 = VECTOR ( 'NONE', #350, 1000.000000000000000 ) ;
#1439 = LINE ( 'NONE', #193, #1465 ) ;
#1440 = VECTOR ( 'NONE', #44, 1000.000000000000000 ) ;
#1441 = AXIS2_PLACEMENT_3D ( 'NONE', #43, #1422, #398 ) ;
#1442 = CARTESIAN_POINT ( 'NONE',  ( 5.000000000000000000, 0.05000000000000012768, 7.500000000000000000 ) ) ;
#1443 = VECTOR ( 'NONE', #1019, 1000.000000000000000 ) ;
#1444 = AXIS2_PLACEMENT_3D ( 'NONE', #548, #789, #1369 ) ;
#1445 = CARTESIAN_POINT ( 'NONE',  ( 30.52419010415701450, 1.500000000000000000, 14.38211268273382437 ) ) ;
#1446 =( GEOMETRIC_REPRESENTATION_CONTEXT ( 3 ) GLOBAL_UNCERTAINTY_ASSIGNED_CONTEXT ( ( #80 ) ) GLOBAL_UNIT_ASSIGNED_CONTEXT ( ( #518, #1088, #767 ) ) REPRESENTATION_CONTEXT ( 'NONE', 'WORKASPACE' ) );
#1447 = VERTEX_POINT ( 'NONE', #1313 ) ;
#1448 = EDGE_CURVE ( 'NONE', #1386, #247, #284, .T. ) ;
#1449 = DIRECTION ( 'NONE',  ( 0.000000000000000000, 0.000000000000000000, 1.000000000000000000 ) ) ;
#1450 = VERTEX_POINT ( 'NONE', #995 ) ;
#1451 = CARTESIAN_POINT ( 'NONE',  ( 29.18971609781848287, -1.500000000000000000, 14.99999999999999467 ) ) ;
#1452 = EDGE_CURVE ( 'NONE', #472, #1082, #157, .T. ) ;
#1453 = DIRECTION ( 'NONE',  ( -1.000000000000000000, 0.000000000000000000, 1.156482317317871478E-16 ) ) ;
#1454 = CARTESIAN_POINT ( 'NONE',  ( 49.81021765691041736, 1.500000000000000000, -23.01970958122155153 ) ) ;
#1455 = ORIENTED_EDGE ( 'NONE', *, *, #966, .T. ) ;
#1456 = DIRECTION ( 'NONE',  ( 0.000000000000000000, -1.000000000000000000, 0.000000000000000000 ) ) ;
#1457 = FACE_OUTER_BOUND ( 'NONE', #1432, .T. ) ;
#1458 = FACE_OUTER_BOUND ( 'NONE', #812, .T. ) ;
#1459 = ORIENTED_EDGE ( 'NONE', *, *, #986, .T. ) ;
#1460 = CARTESIAN_POINT ( 'NONE',  ( 48.62063509461096800, 1.500000000000000000, -16.83012701892217322 ) ) ;
#1461 = VECTOR ( 'NONE', #1192, 999.9999999999998863 ) ;
#1462 = EDGE_CURVE ( 'NONE', #839, #823, #461, .T. ) ;
#1463 = CIRCLE ( 'NONE', #822, 1.750000000000000000 ) ;
#1464 = VECTOR ( 'NONE', #515, 1000.000000000000000 ) ;
#1465 = VECTOR ( 'NONE', #1433, 1000.000000000000000 ) ;
#1466 = LINE ( 'NONE', #1023, #801 ) ;
#1467 = ORIENTED_EDGE ( 'NONE', *, *, #694, .T. ) ;
#1468 = CARTESIAN_POINT ( 'NONE',  ( 22.17554191976795508, -1.500000000000000000, 18.81281473795651493 ) ) ;
#1469 = ADVANCED_FACE ( 'NONE', ( #762 ), #227, .F. ) ;
#1470 = ORIENTED_EDGE ( 'NONE', *, *, #1270, .T. ) ;
#1471 = CARTESIAN_POINT ( 'NONE',  ( 40.67911768987447374, -1.500000000000000000, -5.316886577247993628 ) ) ;
#1472 = DIRECTION ( 'NONE',  ( -0.000000000000000000, 1.000000000000000000, -0.000000000000000000 ) ) ;
#1473 = ORIENTED_EDGE ( 'NONE', *, *, #305, .F. ) ;
#1474 = CARTESIAN_POINT ( 'NONE',  ( 34.92151273532561362, 1.500000000000000000, -1.992731806851678611 ) ) ;
#1475 = ORIENTED_EDGE ( 'NONE', *, *, #1087, .T. ) ;
#1476 = DIRECTION ( 'NONE',  ( 0.000000000000000000, 0.000000000000000000, -1.000000000000000000 ) ) ;
#1477 = LINE ( 'NONE', #1036, #113 ) ;
#1478 = ADVANCED_FACE ( 'NONE', ( #745 ), #82, .F. ) ;
ENDSEC;
END-ISO-10303-21;
