ISO-10303-21;
HEADER;
FILE_DESCRIPTION (( 'STEP AP214' ),
    '1' );
FILE_NAME ('straight bevel pinion_iso.STEP',
    '2026-04-03T13:09:39',
    ( '' ),
    ( '' ),
    'SwSTEP 2.0',
    'SolidWorks 2022',
    '' );
FILE_SCHEMA (( 'AUTOMOTIVE_DESIGN' ));
ENDSEC;

DATA;
#1 = CARTESIAN_POINT ( 'NONE',  ( 7.413573959427519178, -2.717394539932703079, -6.605331717808170744 ) ) ;
#2 =( BOUNDED_SURFACE ( )  B_SPLINE_SURFACE ( 3, 1, ( 
 ( #698, #3765 ),
 ( #1331, #2564 ),
 ( #1679, #660 ),
 ( #2500, #1925 ) ),
 .UNSPECIFIED., .F., .F., .F. ) 
 B_SPLINE_SURFACE_WITH_KNOTS ( ( 4, 4 ),
 ( 2, 2 ),
 ( 0.000000000000000000, 1.000000000000000000 ),
 ( 0.000000000000000000, 1.000000000000000000 ),
 .UNSPECIFIED. ) 
 GEOMETRIC_REPRESENTATION_ITEM ( )  RATIONAL_B_SPLINE_SURFACE ( (
 ( 1.000000000000000000, 1.000000000000000000),
 ( 0.9252601129038625638, 0.9983486437855759732),
 ( 0.9252601129038625638, 0.9983486437855759732),
 ( 1.000000000000000000, 1.000000000000000000) ) ) 
 REPRESENTATION_ITEM ( '' )  SURFACE ( )  );
#3 = ORIENTED_EDGE ( 'NONE', *, *, #1935, .T. ) ;
#4 = CARTESIAN_POINT ( 'NONE',  ( 0.05906383553393916575, 4.402427817961239498, -7.445380551968897365 ) ) ;
#5 = CARTESIAN_POINT ( 'NONE',  ( 0.06379785914325701579, -6.091680239835886468, 6.139521484270144214 ) ) ;
#6 = CARTESIAN_POINT ( 'NONE',  ( 42.31828303470386743, 0.001814388307177639556, 0.01382973596395039445 ) ) ;
#7 = EDGE_CURVE ( 'NONE', #1523, #2413, #82, .T. ) ;
#8 = CARTESIAN_POINT ( 'NONE',  ( 0.06389206181261260220, 7.658659813446917930, 4.018917581114521909 ) ) ;
#9 = ORIENTED_EDGE ( 'NONE', *, *, #2062, .F. ) ;
#10 = CARTESIAN_POINT ( 'NONE',  ( 42.31737018592016142, -0.009003609608577003987, 0.008709569727599038649 ) ) ;
#11 = CARTESIAN_POINT ( 'NONE',  ( 0.06388967118332729289, -8.421680550909162122, -1.970900535042320101 ) ) ;
#12 = EDGE_CURVE ( 'NONE', #3270, #2241, #1398, .T. ) ;
#13 = CARTESIAN_POINT ( 'NONE',  ( 7.413576133558268388, -2.441586318208662565, 6.712376032880162491 ) ) ;
#14 = EDGE_LOOP ( 'NONE', ( #1446, #1283, #1178, #1113 ) ) ;
#15 = LINE ( 'NONE', #2854, #1034 ) ;
#16 = VERTEX_POINT ( 'NONE', #477 ) ;
#17 = CARTESIAN_POINT ( 'NONE',  ( 0.7361483507723686204, 4.093900608187734491, -10.79472873744105321 ) ) ;
#18 = CARTESIAN_POINT ( 'NONE',  ( 6.147639088042804900, 7.516416740785306416, -6.658964165542865743 ) ) ;
#19 = B_SPLINE_CURVE_WITH_KNOTS ( 'NONE', 3,
 ( #959, #1025, #61, #2836, #408, #350, #2875, #1593, #2215, #1920, #983, #3179, #2254, #3142, #1328, #657, #1899, #2518, #386, #2856, #1287, #3122, #1635, #3760, #3471 ),
 .UNSPECIFIED., .F., .F.,
 ( 4, 3, 3, 3, 3, 3, 3, 3, 4 ),
 ( 1.301042606982605321E-18, 0.0001518396426109989397, 0.0003036792827425922013, 0.0004555189212204426193, 0.0006073585588422197954, 0.0007591981963891904911, 0.0009110378346411185466, 0.001062271348283227394, 0.001213553284518157542 ),
 .UNSPECIFIED. ) ;
#20 = CARTESIAN_POINT ( 'NONE',  ( 3.999898400000003740, 5.000000000000000888, 2.886751345948128655 ) ) ;
#21 = CARTESIAN_POINT ( 'NONE',  ( 7.361297821651285211, 0.000000000000000000, 0.000000000000000000 ) ) ;
#22 = CARTESIAN_POINT ( 'NONE',  ( 42.31703308766501692, 0.003257555358951167487, 0.01209038760606913170 ) ) ;
#23 = AXIS2_PLACEMENT_3D ( 'NONE', #1771, #2704, #2368 ) ;
#24 = ORIENTED_EDGE ( 'NONE', *, *, #3725, .F. ) ;
#25 = CARTESIAN_POINT ( 'NONE',  ( 0.3506278047350349092, 2.433834183215595637, 9.583271967688773429 ) ) ;
#26 = CARTESIAN_POINT ( 'NONE',  ( 0.4166821207338480826, 8.427614350688060085, -5.823939716505014630 ) ) ;
#27 = FACE_OUTER_BOUND ( 'NONE', #1425, .T. ) ;
#28 = CARTESIAN_POINT ( 'NONE',  ( 0.06387312902083856769, 7.773017799806082095, 3.793166733284479619 ) ) ;
#29 = EDGE_LOOP ( 'NONE', ( #2037, #1646, #1220, #1022 ) ) ;
#30 = CARTESIAN_POINT ( 'NONE',  ( 7.413576133558274606, 4.137198063396197334, 5.822450338154764538 ) ) ;
#31 = CARTESIAN_POINT ( 'NONE',  ( 0.06379792852514831747, 4.445543580816774920, 7.418858296472602198 ) ) ;
#32 = EDGE_CURVE ( 'NONE', #3482, #2212, #1545, .T. ) ;
#33 = CARTESIAN_POINT ( 'NONE',  ( 7.413556062442729022, -2.995675155433213721, -6.483785103344454903 ) ) ;
#34 = CARTESIAN_POINT ( 'NONE',  ( 0.4998984000000070149, -5.000000000000000888, -2.886751345948129543 ) ) ;
#35 =( BOUNDED_SURFACE ( )  B_SPLINE_SURFACE ( 3, 1, ( 
 ( #3210, #1033 ),
 ( #725, #1967 ),
 ( #766, #439 ),
 ( #1664, #3190 ) ),
 .UNSPECIFIED., .F., .F., .T. ) 
 B_SPLINE_SURFACE_WITH_KNOTS ( ( 4, 4 ),
 ( 2, 2 ),
 ( 0.000000000000000000, 1.000000000000000000 ),
 ( 0.000000000000000000, 1.000000000000000000 ),
 .UNSPECIFIED. ) 
 GEOMETRIC_REPRESENTATION_ITEM ( )  RATIONAL_B_SPLINE_SURFACE ( (
 ( 1.000000000000000000, 1.000000000000000000),
 ( 0.9252601129038625638, 0.9983486437855759732),
 ( 0.9252601129038625638, 0.9983486437855759732),
 ( 1.000000000000000000, 1.000000000000000000) ) ) 
 REPRESENTATION_ITEM ( '' )  SURFACE ( )  );
#36 = B_SPLINE_CURVE_WITH_KNOTS ( 'NONE', 3,
 ( #1400, #2632, #2150, #3418, #3051, #625, #2447, #3378, #1525, #1867, #3111, #2764, #2182, #3088, #2166, #3712, #259, #3398, #320, #2804, #1275, #1561, #607, #5, #3694 ),
 .UNSPECIFIED., .F., .F.,
 ( 4, 3, 3, 3, 3, 3, 3, 3, 4 ),
 ( 2.453269466693398698E-18, 0.0001518396426109984790, 0.0003036792827425913339, 0.0004555189212204417519, 0.0006073585588422209880, 0.0007591981963891928763, 0.0009110378346411204982, 0.001062271348283227177, 0.001213553284518157542 ),
 .UNSPECIFIED. ) ;
#37 = CARTESIAN_POINT ( 'NONE',  ( 7.458129973201925722, -7.262794588322255329, -1.022275405375377089 ) ) ;
#38 = EDGE_CURVE ( 'NONE', #506, #1036, #1495, .T. ) ;
#39 = ORIENTED_EDGE ( 'NONE', *, *, #100, .F. ) ;
#40 = DIRECTION ( 'NONE',  ( 1.000000000000000000, 0.000000000000000000, 0.000000000000000000 ) ) ;
#41 = CARTESIAN_POINT ( 'NONE',  ( 7.969186335162331325, 7.137694097783734648, -6.323445181510357394 ) ) ;
#42 = LINE ( 'NONE', #2838, #3090 ) ;
#43 = CARTESIAN_POINT ( 'NONE',  ( 0.06388021399931176347, 4.744862442079598175, -7.231509380792397579 ) ) ;
#44 = CARTESIAN_POINT ( 'NONE',  ( 0.06384271922810544342, -2.685717856750494903, -8.221470259014644455 ) ) ;
#45 = VECTOR ( 'NONE', #3911, 1000.000000000000114 ) ;
#46 = ORIENTED_EDGE ( 'NONE', *, *, #1217, .T. ) ;
#47 = FACE_OUTER_BOUND ( 'NONE', #2637, .T. ) ;
#48 = ADVANCED_FACE ( 'NONE', ( #2423 ), #1476, .F. ) ;
#49 = CARTESIAN_POINT ( 'NONE',  ( 7.413568538372649286, 6.159944016597310501, 3.615393012456288968 ) ) ;
#50 = CARTESIAN_POINT ( 'NONE',  ( 7.507077051279992475, -6.145412366131172810, -4.377840145508961278 ) ) ;
#51 = VECTOR ( 'NONE', #1236, 1000.000000000000114 ) ;
#52 = CARTESIAN_POINT ( 'NONE',  ( 6.147639088042817335, 3.560881544912004593, 9.389272975169413726 ) ) ;
#53 = VERTEX_POINT ( 'NONE', #3932 ) ;
#54 = CARTESIAN_POINT ( 'NONE',  ( 1.915078604103045645, -9.932599415586297553, 5.213030318073764491 ) ) ;
#55 = CARTESIAN_POINT ( 'NONE',  ( 7.413573966487544631, -5.480939465103237040, 4.580011461245597104 ) ) ;
#56 = LINE ( 'NONE', #651, #1590 ) ;
#57 = CARTESIAN_POINT ( 'NONE',  ( 1.928469828571429456, 3.571428571428579613, 2.061965247105805421 ) ) ;
#58 = ORIENTED_EDGE ( 'NONE', *, *, #2445, .T. ) ;
#59 = CARTESIAN_POINT ( 'NONE',  ( 7.458129973201924834, 6.807104459455481482, 2.730670451493498074 ) ) ;
#60 = ORIENTED_EDGE ( 'NONE', *, *, #1588, .F. ) ;
#61 = CARTESIAN_POINT ( 'NONE',  ( 0.06381443886812705746, 1.542309457332526001, -8.510277781163107846 ) ) ;
#62 = CARTESIAN_POINT ( 'NONE',  ( 7.413573959427520954, 0.6635173388405939399, -7.111566981263454323 ) ) ;
#63 = CARTESIAN_POINT ( 'NONE',  ( 7.413565931491588934, -5.087030770608354402, -5.013607895430149952 ) ) ;
#64 = CARTESIAN_POINT ( 'NONE',  ( 7.434447245088825262, 1.562820931364278021, -7.061618437807973159 ) ) ;
#65 = CARTESIAN_POINT ( 'NONE',  ( 7.969186335162196322, 7.137694097782835811, 6.323445181510543023 ) ) ;
#66 = EDGE_CURVE ( 'NONE', #121, #2458, #3521, .T. ) ;
#67 = VERTEX_POINT ( 'NONE', #3664 ) ;
#68 = CARTESIAN_POINT ( 'NONE',  ( 0.1074819131976425951, 8.836862293579535788, -0.9009014812930943306 ) ) ;
#69 = CARTESIAN_POINT ( 'NONE',  ( 7.418146516826699788, 7.136102135424017945, 0.6116769168048364902 ) ) ;
#70 = CARTESIAN_POINT ( 'NONE',  ( -0.0001015999999967978526, 0.000000000000000000, 0.000000000000000000 ) ) ;
#71 = EDGE_CURVE ( 'NONE', #1747, #443, #2145, .T. ) ;
#72 = CARTESIAN_POINT ( 'NONE',  ( 7.418146516826698900, 6.034444198444431251, 3.857925032140384847 ) ) ;
#73 = ORIENTED_EDGE ( 'NONE', *, *, #1685, .T. ) ;
#74 = DIRECTION ( 'NONE',  ( 0.000000000000000000, -0.8660254037844387076, 0.4999999999999997780 ) ) ;
#75 = FILL_AREA_STYLE_COLOUR ( '', #3288 ) ;
#76 = B_SPLINE_CURVE_WITH_KNOTS ( 'NONE', 3,
 ( #415, #3560, #124, #2621, #1961, #143, #1064, #1656, #2257, #3864, #2896, #3846, #83, #1981, #1944, #2292, #1103, #432, #164, #1677, #3474, #2915, #2563, #1368, #3537 ),
 .UNSPECIFIED., .F., .F.,
 ( 4, 3, 3, 3, 3, 3, 3, 3, 4 ),
 ( 1.939479807224432123E-18, 0.0001518396426109989939, 0.0003036792827425919845, 0.0004555189212204442998, 0.0006073585588422222891, 0.0007591981963891929848, 0.0009110378346411209319, 0.001062271348283230646, 0.001213553284518157759 ),
 .UNSPECIFIED. ) ;
#77 = CARTESIAN_POINT ( 'NONE',  ( 0.1176192779148810125, 7.404201622211606271, 4.903226299213481632 ) ) ;
#78 = CARTESIAN_POINT ( 'NONE',  ( 7.413550661974126932, -4.960952195255290853, -5.138596375817291673 ) ) ;
#79 = ORIENTED_EDGE ( 'NONE', *, *, #3109, .T. ) ;
#80 = DIRECTION ( 'NONE',  ( 0.000000000000000000, 0.000000000000000000, -1.000000000000000000 ) ) ;
#81 = CARTESIAN_POINT ( 'NONE',  ( 7.647656735037470455, -3.855847338850495465, -7.181434685465529988 ) ) ;
#82 = B_SPLINE_CURVE_WITH_KNOTS ( 'NONE', 3,
 ( #3208, #1067, #1681, #803, #3849, #2625 ),
 .UNSPECIFIED., .F., .F.,
 ( 4, 2, 4 ),
 ( 3.630521691074957081E-17, 0.001582994267025927089, 0.003165988534051818182 ),
 .UNSPECIFIED. ) ;
#83 = CARTESIAN_POINT ( 'NONE',  ( 0.06389206181261215811, -6.474323147674613033, -5.734972401100367101 ) ) ;
#84 = ADVANCED_FACE ( 'NONE', ( #3289 ), #1437, .F. ) ;
#85 = CARTESIAN_POINT ( 'NONE',  ( 7.413560099979269680, 0.4014570466962735229, 7.131219454464577723 ) ) ;
#86 = VERTEX_POINT ( 'NONE', #3624 ) ;
#87 = CARTESIAN_POINT ( 'NONE',  ( 7.413561061157196264, 6.521544988579514701, 2.913049818172726901 ) ) ;
#88 = ADVANCED_FACE ( 'NONE', ( #3010 ), #2546, .F. ) ;
#89 = CARTESIAN_POINT ( 'NONE',  ( 7.969186335162196322, -1.149420971344708109, 9.466333367662784326 ) ) ;
#90 = VECTOR ( 'NONE', #780, 1000.000000000000114 ) ;
#91 = CARTESIAN_POINT ( 'NONE',  ( 7.413550661974127820, 4.503153514160512572, -5.544170616519185302 ) ) ;
#92 = ORIENTED_EDGE ( 'NONE', *, *, #174, .F. ) ;
#93 = ORIENTED_EDGE ( 'NONE', *, *, #3247, .T. ) ;
#94 = CARTESIAN_POINT ( 'NONE',  ( 0.06924179319540499367, -5.977932585440207447, 6.282735058492135316 ) ) ;
#95 = CARTESIAN_POINT ( 'NONE',  ( 7.413560099979261686, -5.640824959616363543, 4.381387045565049654 ) ) ;
#96 = CARTESIAN_POINT ( 'NONE',  ( 0.06930270350510228661, -3.755233081591961231, 7.817365569633216715 ) ) ;
#97 = CARTESIAN_POINT ( 'NONE',  ( 0.2345154032233224550, -7.678445900868237750, 5.395334252046893653 ) ) ;
#98 = VERTEX_POINT ( 'NONE', #2379 ) ;
#99 = CARTESIAN_POINT ( 'NONE',  ( 42.31737018592016142, 0.01251481159425552568, -0.0005487090156514747800 ) ) ;
#100 = EDGE_CURVE ( 'NONE', #787, #689, #575, .T. ) ;
#101 = ORIENTED_EDGE ( 'NONE', *, *, #1187, .F. ) ;
#102 = CARTESIAN_POINT ( 'NONE',  ( 0.1176192779148805823, 8.241342054346198154, 3.308188469075559190 ) ) ;
#103 = CARTESIAN_POINT ( 'NONE',  ( 7.458129973201925722, -4.967053733499509960, 5.396444148244934347 ) ) ;
#104 = LINE ( 'NONE', #3248, #1942 ) ;
#105 = FACE_OUTER_BOUND ( 'NONE', #3127, .T. ) ;
#106 = CARTESIAN_POINT ( 'NONE',  ( 7.458129973201925722, -1.890255015740891720, -7.086618954908244561 ) ) ;
#107 = CARTESIAN_POINT ( 'NONE',  ( 0.06386389998796539180, -8.465011269462522137, 1.774332099496045867 ) ) ;
#108 = CARTESIAN_POINT ( 'NONE',  ( 42.31718733146613687, 0.006613960780300549326, 0.01066628443116138941 ) ) ;
#109 = DIRECTION ( 'NONE',  ( -0.9785289697799391950, 0.09947048077354594953, -0.1805178073102217673 ) ) ;
#110 = CARTESIAN_POINT ( 'NONE',  ( 21.18798712880127155, 3.672877950528519175, 2.273357865336483652 ) ) ;
#111 = ADVANCED_FACE ( 'NONE', ( #1743 ), #3243, .F. ) ;
#112 = ORIENTED_EDGE ( 'NONE', *, *, #3109, .F. ) ;
#113 = VERTEX_POINT ( 'NONE', #1801 ) ;
#114 = CARTESIAN_POINT ( 'NONE',  ( 0.7361483507723660669, -6.558286975480050351, 9.501318995376607290 ) ) ;
#115 = VECTOR ( 'NONE', #3572, 1000.000000000000227 ) ;
#116 = CARTESIAN_POINT ( 'NONE',  ( 0.1074819131976419151, 1.959498939909347870, -8.663839944226696232 ) ) ;
#117 = DIRECTION ( 'NONE',  ( 0.000000000000000000, 1.502314598737159524E-16, -1.000000000000000000 ) ) ;
#118 = ORIENTED_EDGE ( 'NONE', *, *, #476, .T. ) ;
#119 = B_SPLINE_CURVE_WITH_KNOTS ( 'NONE', 3,
 ( #2295, #681, #1904, #3126, #44, #2524, #3454, #988, #535, #1780, #3269, #1742, #2956, #2624, #190, #1432, #2337, #1128, #821, #208, #2667, #2357, #2377, #2713, #3007 ),
 .UNSPECIFIED., .F., .F.,
 ( 4, 3, 3, 3, 3, 3, 3, 3, 4 ),
 ( 2.168404344971008868E-18, 0.0001518396426109988042, 0.0003036792827425919845, 0.0004555189212204423482, 0.0006073585588422195786, 0.0007591981963891897322, 0.0009110378346411186551, 0.001062271348283228911, 0.001213553284518158193 ),
 .UNSPECIFIED. ) ;
#120 = CARTESIAN_POINT ( 'NONE',  ( 42.31737018592016142, 0.002053202152726512492, -0.01235742496410928599 ) ) ;
#121 = VERTEX_POINT ( 'NONE', #862 ) ;
#122 = CARTESIAN_POINT ( 'NONE',  ( 0.06389207986025999264, -3.113791129275492953, 8.069302107822954540 ) ) ;
#123 = EDGE_CURVE ( 'NONE', #2235, #506, #2756, .T. ) ;
#124 = CARTESIAN_POINT ( 'NONE',  ( 0.06381443886812665500, -6.127689676909850114, -6.103684591968059792 ) ) ;
#125 = CARTESIAN_POINT ( 'NONE',  ( 42.31959510201222230, 0.008839244461293903690, 0.01085306573477323039 ) ) ;
#126 = CARTESIAN_POINT ( 'NONE',  ( 7.445848533695719418, -1.884292047221111321, -7.033455134752249371 ) ) ;
#127 = CARTESIAN_POINT ( 'NONE',  ( 0.06388505090402024633, -8.432647167691781576, 1.922682498094189452 ) ) ;
#128 = CARTESIAN_POINT ( 'NONE',  ( 42.31737018592016142, -0.009731332370695221570, 0.007888140535931873615 ) ) ;
#129 = CARTESIAN_POINT ( 'NONE',  ( 0.1176192779148810125, -2.290684038360715213, 8.580011447548258730 ) ) ;
#130 = ORIENTED_EDGE ( 'NONE', *, *, #338, .T. ) ;
#131 = ORIENTED_EDGE ( 'NONE', *, *, #3973, .T. ) ;
#132 = CARTESIAN_POINT ( 'NONE',  ( 21.18798712880127155, -1.241673511896715043, 4.137201386592137986 ) ) ;
#133 = CARTESIAN_POINT ( 'NONE',  ( 7.413565931491591599, -5.590226850487371557, 4.445616936975764766 ) ) ;
#134 = ADVANCED_FACE ( 'NONE', ( #3144 ), #1555, .F. ) ;
#135 = CARTESIAN_POINT ( 'NONE',  ( 7.458129973201925722, -3.284421403251936322, 6.557881386732989704 ) ) ;
#136 =( BOUNDED_SURFACE ( )  B_SPLINE_SURFACE ( 3, 1, ( 
 ( #898, #818 ),
 ( #493, #1125 ),
 ( #2141, #1740 ),
 ( #2972, #188 ) ),
 .UNSPECIFIED., .F., .F., .F. ) 
 B_SPLINE_SURFACE_WITH_KNOTS ( ( 4, 4 ),
 ( 2, 2 ),
 ( 0.000000000000000000, 1.000000000000000000 ),
 ( 0.000000000000000000, 1.000000000000000000 ),
 .UNSPECIFIED. ) 
 GEOMETRIC_REPRESENTATION_ITEM ( )  RATIONAL_B_SPLINE_SURFACE ( (
 ( 1.000000000000000000, 1.000000000000000000),
 ( 0.8657215203422359284, 0.9127505936427621203),
 ( 0.8657215203422359284, 0.9127505936427621203),
 ( 1.000000000000000000, 1.000000000000000000) ) ) 
 REPRESENTATION_ITEM ( '' )  SURFACE ( )  );
#137 = EDGE_LOOP ( 'NONE', ( #92, #151, #4004, #530 ) ) ;
#138 = DIRECTION ( 'NONE',  ( 0.9796399030715337020, -0.2002794847788720300, -0.01392078613819825068 ) ) ;
#139 = ORIENTED_EDGE ( 'NONE', *, *, #2006, .T. ) ;
#140 = EDGE_CURVE ( 'NONE', #714, #3547, #1207, .T. ) ;
#141 = CARTESIAN_POINT ( 'NONE',  ( 0.06377903728224926239, 0.4380656911627920369, 8.637502260428840728 ) ) ;
#142 = CARTESIAN_POINT ( 'NONE',  ( 0.2361091061329892160, -4.271548518985174070, -8.363586952207603176 ) ) ;
#143 = CARTESIAN_POINT ( 'NONE',  ( 0.06385449037419084484, -6.234022272365625561, -5.995289571536629225 ) ) ;
#144 = CARTESIAN_POINT ( 'NONE',  ( 0.07590485995811632747, 0.1888491086732191626, -8.741812475139802530 ) ) ;
#145 = CARTESIAN_POINT ( 'NONE',  ( -0.0001015999999968075426, 5.250000000000003553, -3.319764047840352283 ) ) ;
#146 = CARTESIAN_POINT ( 'NONE',  ( 42.31703308766501692, -0.01245985384213322937, 0.001241443359285123197 ) ) ;
#147 = B_SPLINE_CURVE_WITH_KNOTS ( 'NONE', 3,
 ( #3320, #2772, #3057, #3986, #3341, #576 ),
 .UNSPECIFIED., .F., .F.,
 ( 4, 2, 4 ),
 ( 8.974393022960288274E-19, 0.0001965018000030259774, 0.0003930036000060510874 ),
 .UNSPECIFIED. ) ;
#148 = CARTESIAN_POINT ( 'NONE',  ( 0.06388021399931195776, -8.346958260174245581, 2.266436701444567436 ) ) ;
#149 = CARTESIAN_POINT ( 'NONE',  ( 0.3471135949763307638, -6.476363132278872392, -7.447377184861067256 ) ) ;
#150 = LINE ( 'NONE', #2627, #3218 ) ;
#151 = ORIENTED_EDGE ( 'NONE', *, *, #2245, .F. ) ;
#152 = VERTEX_POINT ( 'NONE', #3743 ) ;
#153 = CARTESIAN_POINT ( 'NONE',  ( 0.6547838794010200081, -10.09205368068342956, -4.859669484265675798 ) ) ;
#154 = CARTESIAN_POINT ( 'NONE',  ( 0.7361483507723703967, -10.22255782253283307, -5.365212229691227463 ) ) ;
#155 = CARTESIAN_POINT ( 'NONE',  ( 7.418134328448553028, 4.557056373905026270, 5.525449212475725957 ) ) ;
#156 = CARTESIAN_POINT ( 'NONE',  ( 0.06386389998796497547, 8.643658891561591062, 0.3030365617509581111 ) ) ;
#157 = ORIENTED_EDGE ( 'NONE', *, *, #792, .F. ) ;
#158 = ADVANCED_FACE ( 'NONE', ( #312 ), #762, .F. ) ;
#159 = LINE ( 'NONE', #3860, #704 ) ;
#160 = EDGE_LOOP ( 'NONE', ( #1444, #3447, #1146, #1327 ) ) ;
#161 = COLOUR_RGB ( '',0.7764705882352941346, 0.7568627450980391913, 0.7372549019607843590 ) ;
#162 = CARTESIAN_POINT ( 'NONE',  ( 0.06379792852514831747, -3.580244093029268715, 7.873002501359351868 ) ) ;
#163 = SURFACE_SIDE_STYLE ('',( #3559 ) ) ;
#164 = CARTESIAN_POINT ( 'NONE',  ( 0.06386368320973555279, -6.671561951318923711, -5.504081682541480447 ) ) ;
#165 = CARTESIAN_POINT ( 'NONE',  ( 7.413556062442729910, -5.665703797354387561, 4.348946928151153912 ) ) ;
#166 = CARTESIAN_POINT ( 'NONE',  ( 0.06387330960167560134, -8.333834382388127793, -2.314117007725209785 ) ) ;
#167 = CARTESIAN_POINT ( 'NONE',  ( 42.31691042206860232, -0.007010724585770497508, 0.01027803813451638390 ) ) ;
#168 = ORIENTED_EDGE ( 'NONE', *, *, #2674, .T. ) ;
#169 =( BOUNDED_SURFACE ( )  B_SPLINE_SURFACE ( 3, 1, ( 
 ( #99, #1383 ),
 ( #2636, #2252 ),
 ( #2577, #1403 ),
 ( #3842, #1713 ) ),
 .UNSPECIFIED., .F., .F., .T. ) 
 B_SPLINE_SURFACE_WITH_KNOTS ( ( 4, 4 ),
 ( 2, 2 ),
 ( 0.000000000000000000, 1.000000000000000000 ),
 ( 0.000000000000000000, 1.000000000000000000 ),
 .UNSPECIFIED. ) 
 GEOMETRIC_REPRESENTATION_ITEM ( )  RATIONAL_B_SPLINE_SURFACE ( (
 ( 1.000000000000000000, 1.000000000000000000),
 ( 0.8657215203422359284, 0.9127505936427621203),
 ( 0.8657215203422359284, 0.9127505936427621203),
 ( 1.000000000000000000, 1.000000000000000000) ) ) 
 REPRESENTATION_ITEM ( '' )  SURFACE ( )  );
#170 = B_SPLINE_CURVE_WITH_KNOTS ( 'NONE', 3,
 ( #2991, #1451, #2687, #1149, #1172, #2025 ),
 .UNSPECIFIED., .F., .F.,
 ( 4, 2, 4 ),
 ( 1.748223473168675632E-18, 0.0001623297608600668559, 0.0003246595217201319770 ),
 .UNSPECIFIED. ) ;
#171 = CARTESIAN_POINT ( 'NONE',  ( 7.413565931491589822, 6.139045805688962076, 3.650515413731121317 ) ) ;
#172 = CARTESIAN_POINT ( 'NONE',  ( 7.458129973201925722, -4.967053733499435353, -5.396444148245003625 ) ) ;
#173 = ORIENTED_EDGE ( 'NONE', *, *, #664, .F. ) ;
#174 = EDGE_CURVE ( 'NONE', #3519, #2795, #2778, .T. ) ;
#175 = ORIENTED_EDGE ( 'NONE', *, *, #3541, .F. ) ;
#176 = CARTESIAN_POINT ( 'NONE',  ( 0.4021422169983539519, -9.376784022003111119, -3.771813799228512121 ) ) ;
#177 = UNCERTAINTY_MEASURE_WITH_UNIT (LENGTH_MEASURE( 1.000000000000000082E-05 ), #1737, 'distance_accuracy_value', 'NONE');
#178 = CARTESIAN_POINT ( 'NONE',  ( 0.1176192779148814427, 8.834737820557457155, 0.9006872074540618334 ) ) ;
#179 = DIRECTION ( 'NONE',  ( 0.9785289697799391950, -0.1335143633302471045, 0.1570190118613968566 ) ) ;
#180 = CARTESIAN_POINT ( 'NONE',  ( 0.6474532217643091947, -10.30924197337261639, 4.818817057530366377 ) ) ;
#181 = VERTEX_POINT ( 'NONE', #1230 ) ;
#182 = CARTESIAN_POINT ( 'NONE',  ( 7.413556062442729910, -6.797599748194040892, -2.192299378867676118 ) ) ;
#183 = ORIENTED_EDGE ( 'NONE', *, *, #3991, .F. ) ;
#184 = AXIS2_PLACEMENT_3D ( 'NONE', #2497, #40, #80 ) ;
#185 = DIRECTION ( 'NONE',  ( 0.9796399030715337020, 0.1406801582863912992, 0.1432297223850963752 ) ) ;
#186 = APPLICATION_PROTOCOL_DEFINITION ( 'draft international standard', 'automotive_design', 1998, #3950 ) ;
#187 = B_SPLINE_CURVE_WITH_KNOTS ( 'NONE', 3,
 ( #1181, #3258, #3335, #1481 ),
 .UNSPECIFIED., .F., .F.,
 ( 4, 4 ),
 ( 0.002380846189977177049, 0.003013010268966325334 ),
 .UNSPECIFIED. ) ;
#188 = CARTESIAN_POINT ( 'NONE',  ( 0.7393912915810844089, 3.635950341455742141, 11.53543664993331674 ) ) ;
#189 = CARTESIAN_POINT ( 'NONE',  ( 7.902356314355737155, 2.983169098610361836, -8.759346250902423137 ) ) ;
#190 = CARTESIAN_POINT ( 'NONE',  ( 0.06388967118332745942, -3.162040487581894155, -8.050506330379764819 ) ) ;
#191 = EDGE_CURVE ( 'NONE', #213, #831, #42, .T. ) ;
#192 = CARTESIAN_POINT ( 'NONE',  ( 0.1074819131976419151, 0.1708331495737529238, 8.881023291811061426 ) ) ;
#193 = CARTESIAN_POINT ( 'NONE',  ( 7.458129973201924834, 7.296397494899940384, -0.7455305714833529995 ) ) ;
#194 = DIRECTION ( 'NONE',  ( 0.2261297074532366835, 1.192925018264240704E-16, 0.9740972001844135919 ) ) ;
#195 = ORIENTED_EDGE ( 'NONE', *, *, #2858, .T. ) ;
#196 = CARTESIAN_POINT ( 'NONE',  ( 42.31828303470383901, 0.001814388307177587732, -0.01382973596395134508 ) ) ;
#197 = CARTESIAN_POINT ( 'NONE',  ( 3.999898400000003740, 0.000000000000000000, 0.000000000000000000 ) ) ;
#198 = CARTESIAN_POINT ( 'NONE',  ( 0.1074819131976416930, -6.017078221764005974, -6.534258056417511895 ) ) ;
#199 = CARTESIAN_POINT ( 'NONE',  ( 0.4166821207338480826, -9.576483196249007790, 3.637846486228937692 ) ) ;
#200 = ORIENTED_EDGE ( 'NONE', *, *, #251, .F. ) ;
#201 = CARTESIAN_POINT ( 'NONE',  ( 0.06377903728224926239, 0.4380656911627920369, 8.637502260428840728 ) ) ;
#202 = ORIENTED_EDGE ( 'NONE', *, *, #967, .F. ) ;
#203 = CARTESIAN_POINT ( 'NONE',  ( 0.06384252422479839983, 7.461746016307217566, -4.373552912011205329 ) ) ;
#204 = DIRECTION ( 'NONE',  ( -1.000000000000000000, -0.000000000000000000, -0.000000000000000000 ) ) ;
#205 = CARTESIAN_POINT ( 'NONE',  ( 7.901878860671762261, 2.980323569511904136, 8.758225751613800014 ) ) ;
#206 = ORIENTED_EDGE ( 'NONE', *, *, #1883, .F. ) ;
#207 = CARTESIAN_POINT ( 'NONE',  ( 42.32077784063513093, 0.003234895521404367816, 0.01221021834100336108 ) ) ;
#208 = CARTESIAN_POINT ( 'NONE',  ( 0.06385427510213155522, -3.395962104017369754, -7.954491541054251158 ) ) ;
#209 = CARTESIAN_POINT ( 'NONE',  ( 42.31718733146613687, -0.003869162156286299215, -0.01193916600848449368 ) ) ;
#210 = EDGE_CURVE ( 'NONE', #2241, #1377, #672, .T. ) ;
#211 = CARTESIAN_POINT ( 'NONE',  ( 0.06924179319540506305, -3.754655218971295838, -7.817352620799806751 ) ) ;
#212 = CARTESIAN_POINT ( 'NONE',  ( 0.4166821207338475830, -4.765639982482725578, 9.068165912838709986 ) ) ;
#213 = VERTEX_POINT ( 'NONE', #20 ) ;
#214 = ORIENTED_EDGE ( 'NONE', *, *, #1715, .F. ) ;
#215 = EDGE_CURVE ( 'NONE', #1686, #3148, #3771, .T. ) ;
#216 = CARTESIAN_POINT ( 'NONE',  ( 42.31718733146613687, 0.01081324096112151745, 0.006370864987308507039 ) ) ;
#217 = CARTESIAN_POINT ( 'NONE',  ( 7.555968963440789388, -6.334800878438141325, 4.475201579222684245 ) ) ;
#218 = LINE ( 'NONE', #484, #115 ) ;
#219 = DIRECTION ( 'NONE',  ( 0.000000000000000000, 0.000000000000000000, -1.000000000000000000 ) ) ;
#220 = ORIENTED_EDGE ( 'NONE', *, *, #463, .T. ) ;
#221 = CARTESIAN_POINT ( 'NONE',  ( 0.1027506065886554798, 8.771987423304398845, -0.8846864376935347218 ) ) ;
#222 = EDGE_LOOP ( 'NONE', ( #958, #1870, #1322, #60 ) ) ;
#223 = CARTESIAN_POINT ( 'NONE',  ( 7.413573966487536637, 7.139651474659430619, 0.2063473422669391821 ) ) ;
#224 = ADVANCED_FACE ( 'NONE', ( #2859 ), #3497, .T. ) ;
#225 = CARTESIAN_POINT ( 'NONE',  ( 7.458129973201925722, -6.905960300399835994, 2.470009021420738193 ) ) ;
#226 = ORIENTED_EDGE ( 'NONE', *, *, #1940, .F. ) ;
#227 = DIRECTION ( 'NONE',  ( 0.000000000000000000, -3.004629197474319049E-16, 1.000000000000000000 ) ) ;
#228 = PRODUCT_DEFINITION_FORMATION_WITH_SPECIFIED_SOURCE ( 'ANY', '', #1927, .NOT_KNOWN. ) ;
#229 = FACE_OUTER_BOUND ( 'NONE', #3054, .T. ) ;
#230 = CARTESIAN_POINT ( 'NONE',  ( 7.458129973201924834, 3.531266563128883984, 6.428327052719574830 ) ) ;
#231 = CARTESIAN_POINT ( 'NONE',  ( 0.3471135949763298756, 6.612438108074128351, -7.326825275767064660 ) ) ;
#232 = CARTESIAN_POINT ( 'NONE',  ( 7.413563323830679508, 6.118141343061228810, 3.685648321905220293 ) ) ;
#233 = CARTESIAN_POINT ( 'NONE',  ( 7.555968963440788499, -5.206148189037401508, -5.749187105836826461 ) ) ;
#234 = B_SPLINE_CURVE_WITH_KNOTS ( 'NONE', 3,
 ( #613, #285, #3700, #1280, #305, #2792 ),
 .UNSPECIFIED., .F., .F.,
 ( 4, 2, 4 ),
 ( 8.677851511149104113E-19, 0.0001965022614975661783, 0.0003930045229951314892 ),
 .UNSPECIFIED. ) ;
#235 = ORIENTED_EDGE ( 'NONE', *, *, #3333, .F. ) ;
#236 = CARTESIAN_POINT ( 'NONE',  ( 7.555968963440784059, 7.221708916695295244, -2.829143274325519375 ) ) ;
#237 = DIRECTION ( 'NONE',  ( 0.000000000000000000, 0.000000000000000000, 1.000000000000000000 ) ) ;
#238 = DIRECTION ( 'NONE',  ( 0.9785289697799391950, -0.2050689163906629087, -0.02068320168083372795 ) ) ;
#239 = ORIENTED_EDGE ( 'NONE', *, *, #1151, .T. ) ;
#240 = FACE_OUTER_BOUND ( 'NONE', #579, .T. ) ;
#241 = VERTEX_POINT ( 'NONE', #455 ) ;
#242 = B_SPLINE_CURVE_WITH_KNOTS ( 'NONE', 3,
 ( #931, #627, #4024, #1582, #1603, #3713 ),
 .UNSPECIFIED., .F., .F.,
 ( 4, 2, 4 ),
 ( 0.000000000000000000, 0.0001965022614975659885, 0.0003930045229951319771 ),
 .UNSPECIFIED. ) ;
#243 = EDGE_CURVE ( 'NONE', #1592, #1891, #3828, .T. ) ;
#244 = AXIS2_PLACEMENT_3D ( 'NONE', #1250, #2177, #3452 ) ;
#245 = CARTESIAN_POINT ( 'NONE',  ( 7.458129973201925722, 0.1393887176355531610, 7.333062322249439546 ) ) ;
#246 = CARTESIAN_POINT ( 'NONE',  ( 0.06375423724002934889, -2.428770117648713089, -8.300722227440655132 ) ) ;
#247 = CARTESIAN_POINT ( 'NONE',  ( 0.05906383553393920738, 8.628292113121146301, 0.6063311526278720720 ) ) ;
#248 = VECTOR ( 'NONE', #2046, 1000.000000000000114 ) ;
#249 = CARTESIAN_POINT ( 'NONE',  ( 0.06550413281379181829, -3.258761365090405260, 8.021745381483233572 ) ) ;
#250 = B_SPLINE_CURVE_WITH_KNOTS ( 'NONE', 3,
 ( #1301, #3381, #301, #1852, #2168, #3092, #2806, #3400, #2184, #323, #3113, #3730, #8, #2152, #2827, #3421, #3441, #28, #1277, #2507, #3752, #973, #2205, #668, #1911 ),
 .UNSPECIFIED., .F., .F.,
 ( 4, 3, 3, 3, 3, 3, 3, 3, 4 ),
 ( 0.000000000000000000, 0.0001518396426109988042, 0.0003036792827425903582, 0.0004555189212204422398, 0.0006073585588422203375, 0.0007591981963891920090, 0.0009110378346411214740, 0.001062271348283229345, 0.001213553284518157976 ),
 .UNSPECIFIED. ) ;
#251 = EDGE_CURVE ( 'NONE', #98, #3292, #104, .T. ) ;
#252 = CARTESIAN_POINT ( 'NONE',  ( 0.1074819131976416514, -8.364479299218581687, 2.989522491574145846 ) ) ;
#253 = B_SPLINE_CURVE_WITH_KNOTS ( 'NONE', 3,
 ( #3021, #1167, #3965, #2120, #267, #245 ),
 .UNSPECIFIED., .F., .F.,
 ( 4, 2, 4 ),
 ( 0.000000000000000000, 0.0001623299153823897986, 0.0003246598307647795972 ),
 .UNSPECIFIED. ) ;
#254 = CARTESIAN_POINT ( 'NONE',  ( 0.6547838794010200081, 8.122561457337049262, -7.712971564960013460 ) ) ;
#255 = CARTESIAN_POINT ( 'NONE',  ( 0.7361483507723660669, -6.558286975480050351, 9.501318995376607290 ) ) ;
#256 = CARTESIAN_POINT ( 'NONE',  ( -0.0001015999999967978526, 5.500000000000004441, 3.175426480542946184 ) ) ;
#257 = VERTEX_POINT ( 'NONE', #2877 ) ;
#258 = CARTESIAN_POINT ( 'NONE',  ( 7.413576735887803970, 4.060699796549323892, -5.876060753804124737 ) ) ;
#259 = CARTESIAN_POINT ( 'NONE',  ( 0.06388021399931198552, -6.337598834215375732, 5.885854953640794918 ) ) ;
#260 = CARTESIAN_POINT ( 'NONE',  ( 7.413556062442729910, -6.797599748194071090, 2.192299378867582416 ) ) ;
#261 = FACE_OUTER_BOUND ( 'NONE', #727, .T. ) ;
#262 = VERTEX_POINT ( 'NONE', #3228 ) ;
#263 = CARTESIAN_POINT ( 'NONE',  ( 2.504543697384071343, -6.279252470317502777, -9.097067724552854173 ) ) ;
#264 = CARTESIAN_POINT ( 'NONE',  ( 0.06389207986025843833, 0.9928665536844626383, 8.592063064866641398 ) ) ;
#265 = EDGE_CURVE ( 'NONE', #1598, #2329, #3367, .T. ) ;
#266 = B_SPLINE_CURVE_WITH_KNOTS ( 'NONE', 3,
 ( #1514, #205, #1189, #2416, #2753, #3283, #2061, #1206 ),
 .UNSPECIFIED., .F., .F.,
 ( 4, 2, 2, 4 ),
 ( 0.0003971953635618468413, 0.001705102816264076520, 0.002359056542615192795, 0.003013010268966311023 ),
 .UNSPECIFIED. ) ;
#267 = CARTESIAN_POINT ( 'NONE',  ( 7.445848533695722082, 0.1463219570803988290, 7.280016314313427550 ) ) ;
#268 = CARTESIAN_POINT ( 'NONE',  ( 42.31737018592016142, -0.009003609608577003987, 0.008709569727599038649 ) ) ;
#269 = EDGE_CURVE ( 'NONE', #819, #16, #1734, .T. ) ;
#270 = CARTESIAN_POINT ( 'NONE',  ( 0.3471135949763382578, 9.259968650218116437, -3.414628376808880539 ) ) ;
#271 = CARTESIAN_POINT ( 'NONE',  ( 0.05677524173679951436, -8.188545647979935893, 2.790591095237135999 ) ) ;
#272 = B_SPLINE_CURVE_WITH_KNOTS ( 'NONE', 3,
 ( #2404, #2799, #925, #904, #4036, #2738 ),
 .UNSPECIFIED., .F., .F.,
 ( 4, 2, 4 ),
 ( 0.0007684565788608410317, 0.001967222556456332642, 0.003165988534051823820 ),
 .UNSPECIFIED. ) ;
#273 = DIRECTION ( 'NONE',  ( 0.9785289697799391950, 0.05337931041032651508, 0.1990771320908776287 ) ) ;
#274 = PRODUCT_DEFINITION ( 'UNKNOWN', '', #228, #3215 ) ;
#275 = DIRECTION ( 'NONE',  ( 0.000000000000000000, 0.000000000000000000, -1.000000000000000000 ) ) ;
#276 = B_SPLINE_CURVE_WITH_KNOTS ( 'NONE', 3,
 ( #546, #869, #2053, #3960, #790, #2409 ),
 .UNSPECIFIED., .F., .F.,
 ( 4, 2, 4 ),
 ( 4.733694229938162280E-19, 0.0001965018000030259232, 0.0003930036000060514127 ),
 .UNSPECIFIED. ) ;
#277 = CARTESIAN_POINT ( 'NONE',  ( 7.413561061157196264, -2.949737179618530103, -6.505033347523966114 ) ) ;
#278 = ORIENTED_EDGE ( 'NONE', *, *, #100, .T. ) ;
#279 = CARTESIAN_POINT ( 'NONE',  ( 42.31647246991754940, -0.005579099241281670549, 0.01178808568120507001 ) ) ;
#280 = ADVANCED_FACE ( 'NONE', ( #2934 ), #1312, .F. ) ;
#281 = CARTESIAN_POINT ( 'NONE',  ( 0.6474532217643091947, -0.8499646338584144756, -11.34808477324184040 ) ) ;
#282 = CARTESIAN_POINT ( 'NONE',  ( 42.31718733146613687, -0.009791290332671405416, -0.007851416075531175015 ) ) ;
#283 = CARTESIAN_POINT ( 'NONE',  ( 0.1074819131976419151, -7.211894591940385624, 5.185589172835126881 ) ) ;
#284 = EDGE_LOOP ( 'NONE', ( #514, #1239, #3747, #3299 ) ) ;
#285 = CARTESIAN_POINT ( 'NONE',  ( 0.06375423730972110126, 4.344687486945569610, -7.478275496574667613 ) ) ;
#286 = CARTESIAN_POINT ( 'NONE',  ( 7.413575863646959974, 7.141687749921831418, 0.1051353733692617226 ) ) ;
#287 = CARTESIAN_POINT ( 'NONE',  ( 7.445848493750774288, 6.755046850520501245, 2.718342729241292055 ) ) ;
#288 = ORIENTED_EDGE ( 'NONE', *, *, #3762, .T. ) ;
#289 = PLANE ( 'NONE',  #3420 ) ;
#290 = VECTOR ( 'NONE', #1127, 1000.000000000000000 ) ;
#291 = EDGE_CURVE ( 'NONE', #1965, #1598, #76, .T. ) ;
#292 = DIRECTION ( 'NONE',  ( -0.9796399030715338130, -0.1406801582863932421, 0.1432297223850944601 ) ) ;
#293 = CARTESIAN_POINT ( 'NONE',  ( 7.918145060368239285, -0.8827308809919911514, -9.277230425909580802 ) ) ;
#294 = FACE_OUTER_BOUND ( 'NONE', #1376, .T. ) ;
#295 = CARTESIAN_POINT ( 'NONE',  ( 7.413575863646959974, -2.434174096072972304, -6.714875563562169525 ) ) ;
#296 =( BOUNDED_SURFACE ( )  B_SPLINE_SURFACE ( 3, 1, ( 
 ( #3675, #1752 ),
 ( #3981, #1203 ),
 ( #1160, #830 ),
 ( #2075, #2134 ) ),
 .UNSPECIFIED., .F., .F., .F. ) 
 B_SPLINE_SURFACE_WITH_KNOTS ( ( 4, 4 ),
 ( 2, 2 ),
 ( 0.000000000000000000, 1.000000000000000000 ),
 ( 0.000000000000000000, 1.000000000000000000 ),
 .UNSPECIFIED. ) 
 GEOMETRIC_REPRESENTATION_ITEM ( )  RATIONAL_B_SPLINE_SURFACE ( (
 ( 1.000000000000000000, 1.000000000000000000),
 ( 0.9935868805207672683, 0.8436843346538653865),
 ( 0.9935868805207672683, 0.8436843346538653865),
 ( 1.000000000000000000, 1.000000000000000000) ) ) 
 REPRESENTATION_ITEM ( '' )  SURFACE ( )  );
#297 = VERTEX_POINT ( 'NONE', #759 ) ;
#298 = CARTESIAN_POINT ( 'NONE',  ( 42.31718733146613687, 0.01081324096112066570, -0.006370864987308713472 ) ) ;
#299 = CARTESIAN_POINT ( 'NONE',  ( 9.999898400000002852, 3.796405077356794918E-16, -3.100000000000000089 ) ) ;
#300 = CARTESIAN_POINT ( 'NONE',  ( 42.32077784063513093, 0.01026964271461183048, 0.007354482951480664082 ) ) ;
#301 = CARTESIAN_POINT ( 'NONE',  ( 0.06381443886812709909, 7.410337484250304918, 4.459870485143111907 ) ) ;
#302 = EDGE_LOOP ( 'NONE', ( #398, #3238, #3108, #1132 ) ) ;
#303 = CARTESIAN_POINT ( 'NONE',  ( 42.32077784063513093, 0.008538729130564172431, 0.009308280496645539304 ) ) ;
#304 =( BOUNDED_SURFACE ( )  B_SPLINE_SURFACE ( 3, 1, ( 
 ( #2724, #1182 ),
 ( #3653, #570 ),
 ( #1811, #2745 ),
 ( #3897, #1118 ) ),
 .UNSPECIFIED., .F., .F., .F. ) 
 B_SPLINE_SURFACE_WITH_KNOTS ( ( 4, 4 ),
 ( 2, 2 ),
 ( 0.000000000000000000, 1.000000000000000000 ),
 ( 0.000000000000000000, 1.000000000000000000 ),
 .UNSPECIFIED. ) 
 GEOMETRIC_REPRESENTATION_ITEM ( )  RATIONAL_B_SPLINE_SURFACE ( (
 ( 1.000000000000000000, 1.000000000000000000),
 ( 0.9252601129038625638, 0.9983486437855759732),
 ( 0.9252601129038625638, 0.9983486437855759732),
 ( 1.000000000000000000, 1.000000000000000000) ) ) 
 REPRESENTATION_ITEM ( '' )  SURFACE ( )  );
#305 = CARTESIAN_POINT ( 'NONE',  ( 0.1027506065886546471, 4.254974149351679280, -7.721763298366401074 ) ) ;
#306 = CARTESIAN_POINT ( 'NONE',  ( 0.1176192779148810125, -8.793564953341915569, 1.239776276195220239 ) ) ;
#307 = CARTESIAN_POINT ( 'NONE',  ( 0.1074819131976425951, -3.975952073493532968, -7.943145710860802566 ) ) ;
#308 = ORIENTED_EDGE ( 'NONE', *, *, #1248, .T. ) ;
#309 = CARTESIAN_POINT ( 'NONE',  ( 0.1027505222336363988, -8.305369764763884888, -2.958252881659234390 ) ) ;
#310 = CARTESIAN_POINT ( 'NONE',  ( 7.413556062442729910, 6.541839865062801351, -2.866682766388075176 ) ) ;
#311 = AXIS2_PLACEMENT_3D ( 'NONE', #1433, #2737, #2669 ) ;
#312 = FACE_OUTER_BOUND ( 'NONE', #1704, .T. ) ;
#313 = CARTESIAN_POINT ( 'NONE',  ( 7.413556062442729910, -7.037787978434124625, 1.217817422210493605 ) ) ;
#314 = ADVANCED_FACE ( 'NONE', ( #1999 ), #452, .F. ) ;
#315 = CARTESIAN_POINT ( 'NONE',  ( 7.413564815081628012, 1.257472342852969271, 7.031031402621466420 ) ) ;
#316 = VECTOR ( 'NONE', #3458, 1000.000000000000227 ) ;
#317 = B_SPLINE_CURVE_WITH_KNOTS ( 'NONE', 3,
 ( #2552, #3214, #3464, #2591, #1627, #1648 ),
 .UNSPECIFIED., .F., .F.,
 ( 4, 2, 4 ),
 ( 2.768773005922051096E-17, 0.001307146423454784174, 0.002614292846909540592 ),
 .UNSPECIFIED. ) ;
#318 = EDGE_LOOP ( 'NONE', ( #3356, #2185, #1937, #1286 ) ) ;
#319 = FACE_OUTER_BOUND ( 'NONE', #926, .T. ) ;
#320 = CARTESIAN_POINT ( 'NONE',  ( 0.06386368320973555279, -6.268118659749164046, 5.959475019301561538 ) ) ;
#321 = EDGE_CURVE ( 'NONE', #1786, #1523, #1929, .T. ) ;
#322 = CARTESIAN_POINT ( 'NONE',  ( 0.1176192779148814427, 0.1707897841899974067, -8.878888480732038957 ) ) ;
#323 = CARTESIAN_POINT ( 'NONE',  ( 0.06388505090401983000, 7.586901369641186221, 4.152730890702486022 ) ) ;
#324 = ORIENTED_EDGE ( 'NONE', *, *, #2519, .T. ) ;
#325 = CARTESIAN_POINT ( 'NONE',  ( 7.458129973201924834, 7.296397494899940384, -0.7455305714833529995 ) ) ;
#326 = B_SPLINE_CURVE_WITH_KNOTS ( 'NONE', 3,
 ( #3910, #823, #1744, #2066, #1413, #1723 ),
 .UNSPECIFIED., .F., .F.,
 ( 4, 2, 4 ),
 ( 8.800798683054271107E-19, 0.0001965018000030258690, 0.0003930036000060508706 ),
 .UNSPECIFIED. ) ;
#327 = CARTESIAN_POINT ( 'NONE',  ( 0.06930270350510218946, 7.994704560434542806, -3.361202007874063202 ) ) ;
#328 = CARTESIAN_POINT ( 'NONE',  ( 7.413550661955999210, -3.045493350445478420, -6.460742191782588684 ) ) ;
#329 = CARTESIAN_POINT ( 'NONE',  ( 0.3471135949763307638, 8.070445808160991774, 5.681074793757488806 ) ) ;
#330 =( BOUNDED_SURFACE ( )  B_SPLINE_SURFACE ( 3, 1, ( 
 ( #2503, #2000 ),
 ( #3748, #456 ),
 ( #2201, #2082 ),
 ( #1797, #3042 ) ),
 .UNSPECIFIED., .F., .F., .F. ) 
 B_SPLINE_SURFACE_WITH_KNOTS ( ( 4, 4 ),
 ( 2, 2 ),
 ( 0.000000000000000000, 1.000000000000000000 ),
 ( 0.000000000000000000, 1.000000000000000000 ),
 .UNSPECIFIED. ) 
 GEOMETRIC_REPRESENTATION_ITEM ( )  RATIONAL_B_SPLINE_SURFACE ( (
 ( 1.000000000000000000, 1.000000000000000000),
 ( 0.9935868805207672683, 0.8436843346538653865),
 ( 0.9935868805207672683, 0.8436843346538653865),
 ( 1.000000000000000000, 1.000000000000000000) ) ) 
 REPRESENTATION_ITEM ( '' )  SURFACE ( )  );
#331 = CARTESIAN_POINT ( 'NONE',  ( 42.31691042206860232, -0.007010724585770814962, -0.01027803813451559807 ) ) ;
#332 = ORIENTED_EDGE ( 'NONE', *, *, #2593, .T. ) ;
#333 = CARTESIAN_POINT ( 'NONE',  ( 0.2345154032233227326, 2.169630894735313564, -9.130217134574662552 ) ) ;
#334 = DIRECTION ( 'NONE',  ( 0.9796399030715338130, 0.1591425357039204791, -0.1223900062902290031 ) ) ;
#335 = CARTESIAN_POINT ( 'NONE',  ( 7.413556062442729910, -5.000163335600181114, -5.100186812318834306 ) ) ;
#336 = CARTESIAN_POINT ( 'NONE',  ( 0.06381443886812740440, 5.320570487852746666, -6.818729798028821065 ) ) ;
#337 = CARTESIAN_POINT ( 'NONE',  ( 7.413565931491589822, -2.174402283970470418, -6.803390397272504053 ) ) ;
#338 = EDGE_CURVE ( 'NONE', #1024, #4019, #1188, .T. ) ;
#339 = ORIENTED_EDGE ( 'NONE', *, *, #3515, .F. ) ;
#340 = FACE_BOUND ( 'NONE', #3242, .T. ) ;
#341 = CARTESIAN_POINT ( 'NONE',  ( 42.32077784063513093, -0.0002187988233623200298, -0.01262957275778845041 ) ) ;
#342 = CARTESIAN_POINT ( 'NONE',  ( 42.31647246991754940, 0.0005381495291832598480, 0.01303056819389475894 ) ) ;
#343 = FACE_OUTER_BOUND ( 'NONE', #421, .T. ) ;
#344 = EDGE_LOOP ( 'NONE', ( #3919, #3255, #1534, #206 ) ) ;
#345 = CARTESIAN_POINT ( 'NONE',  ( -0.0001015999999967978526, 5.500000000000005329, -3.175426480542945296 ) ) ;
#346 = CARTESIAN_POINT ( 'NONE',  ( 7.418134328448550363, -3.102310049021480332, -6.455464673773483320 ) ) ;
#347 = CARTESIAN_POINT ( 'NONE',  ( 1.915078604103047200, 10.89153594185528995, 2.684522504084473571 ) ) ;
#348 = CARTESIAN_POINT ( 'NONE',  ( 42.32077784063513093, -0.01256386223653549808, -0.001305123239672856478 ) ) ;
#349 = ORIENTED_EDGE ( 'NONE', *, *, #1636, .F. ) ;
#350 = CARTESIAN_POINT ( 'NONE',  ( 0.06385449037419049789, 1.392698305467393816, -8.536212401813513040 ) ) ;
#351 = EDGE_CURVE ( 'NONE', #1747, #1024, #2401, .T. ) ;
#352 = CARTESIAN_POINT ( 'NONE',  ( 21.18798712880127155, -3.428047000294450530, 2.628056732100364723 ) ) ;
#353 = CARTESIAN_POINT ( 'NONE',  ( 0.08894703500304469712, -8.665375474179818127, -1.264580638509366528 ) ) ;
#354 = DIRECTION ( 'NONE',  ( 0.9785289697799391950, 0.1672117877137376807, -0.1205042461948402366 ) ) ;
#355 = CARTESIAN_POINT ( 'NONE',  ( 0.06377903728224926239, -2.492425889569358066, -8.281676160880214965 ) ) ;
#356 = VERTEX_POINT ( 'NONE', #2354 ) ;
#357 = CARTESIAN_POINT ( 'NONE',  ( 0.1074819131976425951, 1.959498939909226412, 8.663839944226722878 ) ) ;
#358 = CARTESIAN_POINT ( 'NONE',  ( 7.413572065574262737, 6.200827474463143751, 3.544610314508588100 ) ) ;
#359 = CARTESIAN_POINT ( 'NONE',  ( 7.458129973201924834, -5.955810162223085236, -4.280368856554146006 ) ) ;
#360 = ORIENTED_EDGE ( 'NONE', *, *, #383, .T. ) ;
#361 = CARTESIAN_POINT ( 'NONE',  ( 0.1176192779148810125, -6.015630120710603990, 6.532688883948098990 ) ) ;
#362 = CARTESIAN_POINT ( 'NONE',  ( 0.06388021399931173572, 5.079027319866903589, 7.000852019775279267 ) ) ;
#363 = CARTESIAN_POINT ( 'NONE',  ( 0.06550413281379181829, -6.613380845895522775, 5.588480865771635386 ) ) ;
#364 = EDGE_CURVE ( 'NONE', #764, #522, #2334, .T. ) ;
#365 = CARTESIAN_POINT ( 'NONE',  ( 7.413575171585923940, -2.677835211150528583, 6.621667096961830090 ) ) ;
#366 = CARTESIAN_POINT ( 'NONE',  ( 7.434447245088825262, 3.512930925368556778, 6.322039270543093892 ) ) ;
#367 = VERTEX_POINT ( 'NONE', #1168 ) ;
#368 = ADVANCED_FACE ( 'NONE', ( #1776 ), #1726, .F. ) ;
#369 = FACE_OUTER_BOUND ( 'NONE', #2886, .T. ) ;
#370 = CARTESIAN_POINT ( 'NONE',  ( 7.361297821651286100, 1.008425362464388991E-15, 6.917263856864157567 ) ) ;
#371 = CARTESIAN_POINT ( 'NONE',  ( 7.445848533695699878, -5.908215624632482843, 4.255941233692282388 ) ) ;
#372 = CARTESIAN_POINT ( 'NONE',  ( 0.06377903728224926239, -6.859675326050933997, 5.267181529988810951 ) ) ;
#373 = CARTESIAN_POINT ( 'NONE',  ( 7.413575863646963526, 6.372509295708209898, -3.225815035030604516 ) ) ;
#374 = VECTOR ( 'NONE', #273, 1000.000000000000227 ) ;
#375 = ORIENTED_EDGE ( 'NONE', *, *, #3397, .F. ) ;
#376 = VECTOR ( 'NONE', #3110, 1000.000000000000227 ) ;
#377 = CARTESIAN_POINT ( 'NONE',  ( 0.07590485995811614706, -3.895305241644935634, 7.828253088063134690 ) ) ;
#378 = EDGE_LOOP ( 'NONE', ( #3159, #3087, #3928, #339 ) ) ;
#379 = CARTESIAN_POINT ( 'NONE',  ( -0.0001015999999967978526, -5.500000000000006217, 3.175426480542944407 ) ) ;
#380 = CARTESIAN_POINT ( 'NONE',  ( 7.418134328448550363, 1.467268740527102766, 7.010311992890834176 ) ) ;
#381 = CARTESIAN_POINT ( 'NONE',  ( 7.413560099979261686, 7.127615135261547330, 0.4610435463887258556 ) ) ;
#382 = ORIENTED_EDGE ( 'NONE', *, *, #2172, .F. ) ;
#383 = EDGE_CURVE ( 'NONE', #3962, #2774, #2510, .T. ) ;
#384 = CARTESIAN_POINT ( 'NONE',  ( 0.07590485995811614706, 0.1888491086730968438, 8.741812475139804306 ) ) ;
#385 = VERTEX_POINT ( 'NONE', #877 ) ;
#386 = CARTESIAN_POINT ( 'NONE',  ( 0.06386368320973494217, 0.7398912711152705324, -8.617262613225994627 ) ) ;
#387 = CARTESIAN_POINT ( 'NONE',  ( 7.413568538372650174, 1.196104938144218366, -7.041683740347745690 ) ) ;
#388 = EDGE_CURVE ( 'NONE', #1208, #2309, #1150, .T. ) ;
#389 = CARTESIAN_POINT ( 'NONE',  ( 0.08894703500304437793, -7.085129002526845632, -5.146731323603630059 ) ) ;
#390 = B_SPLINE_CURVE_WITH_KNOTS ( 'NONE', 3,
 ( #1015, #2246, #3835, #1645, #1337, #767 ),
 .UNSPECIFIED., .F., .F.,
 ( 4, 2, 4 ),
 ( 1.951563910473907981E-18, 0.0001623297608600662053, 0.0003246595217201308386 ),
 .UNSPECIFIED. ) ;
#391 = LINE ( 'NONE', #433, #1856 ) ;
#392 = CARTESIAN_POINT ( 'NONE',  ( 7.413561061157197152, 6.102052803133908299, -3.712325399124972058 ) ) ;
#393 = B_SPLINE_CURVE_WITH_KNOTS ( 'NONE', 3,
 ( #2040, #1426, #409, #3883, #2932, #141 ),
 .UNSPECIFIED., .F., .F.,
 ( 4, 2, 4 ),
 ( 3.009149368372719066E-19, 0.0001965018000030248390, 0.0003930036000060494069 ),
 .UNSPECIFIED. ) ;
#394 = EDGE_LOOP ( 'NONE', ( #1011, #648, #1142, #2470, #1928, #3121 ) ) ;
#395 = CARTESIAN_POINT ( 'NONE',  ( 7.413556062442729022, 7.124725435817317098, 0.5018230439597394232 ) ) ;
#396 = CARTESIAN_POINT ( 'NONE',  ( 0.06550413281379181829, 7.570457549261196739, 4.201915883830569243 ) ) ;
#397 = CARTESIAN_POINT ( 'NONE',  ( 42.31959510201222230, 0.002783091135811523609, -0.01371771417618908133 ) ) ;
#398 = ORIENTED_EDGE ( 'NONE', *, *, #992, .T. ) ;
#399 = EDGE_CURVE ( 'NONE', #2517, #2122, #577, .T. ) ;
#400 = ORIENTED_EDGE ( 'NONE', *, *, #598, .T. ) ;
#401 = CARTESIAN_POINT ( 'NONE',  ( 7.969186335162198098, -5.416986195333366005, 7.847859361422109714 ) ) ;
#402 =( NAMED_UNIT ( * ) PLANE_ANGLE_UNIT ( ) SI_UNIT ( $, .RADIAN. ) );
#403 = CARTESIAN_POINT ( 'NONE',  ( 0.1176192779148810125, -3.974998375457743371, 7.941235276628441753 ) ) ;
#404 = CARTESIAN_POINT ( 'NONE',  ( 0.06389204376496478155, 8.649087123824445555, -0.05119510633576862535 ) ) ;
#405 = CARTESIAN_POINT ( 'NONE',  ( 7.418146516826691794, -4.935832325355423933, -5.189957764156815756 ) ) ;
#406 = ORIENTED_EDGE ( 'NONE', *, *, #3944, .F. ) ;
#407 = B_SPLINE_CURVE_WITH_KNOTS ( 'NONE', 3,
 ( #1265, #675, #2457, #1918, #3738, #2516, #1858, #37 ),
 .UNSPECIFIED., .F., .F.,
 ( 4, 2, 2, 4 ),
 ( 0.0003971953635618526417, 0.001705102816264085410, 0.002359056542615201903, 0.003013010268966317962 ),
 .UNSPECIFIED. ) ;
#408 = CARTESIAN_POINT ( 'NONE',  ( 0.06384271922811447786, 1.442622678168650641, -8.527865702176853802 ) ) ;
#409 = CARTESIAN_POINT ( 'NONE',  ( 0.08905512610961295594, 0.2105363963156498264, 8.755096636393028930 ) ) ;
#410 = CARTESIAN_POINT ( 'NONE',  ( 7.413572065574259184, 1.115424491903600490, -7.054810546899134671 ) ) ;
#411 = CARTESIAN_POINT ( 'NONE',  ( 0.06384252422479755329, 4.574556589661950667, -7.340235057136712982 ) ) ;
#412 = CARTESIAN_POINT ( 'NONE',  ( 7.413572065574257408, 6.439628588525339481, -3.089612806101238895 ) ) ;
#413 = EDGE_CURVE ( 'NONE', #1092, #3422, #1817, .T. ) ;
#414 = B_SPLINE_CURVE_WITH_KNOTS ( 'NONE', 3,
 ( #3580, #2223, #3149, #800, #2527, #1697 ),
 .UNSPECIFIED., .F., .F.,
 ( 4, 2, 4 ),
 ( 3.688682465981135685E-17, 0.001582994267025929474, 0.003165988534051822085 ),
 .UNSPECIFIED. ) ;
#415 = CARTESIAN_POINT ( 'NONE',  ( 0.06377903728224926239, -6.055620337736768555, -6.174771993675239656 ) ) ;
#416 = VECTOR ( 'NONE', #1609, 1000.000000000000114 ) ;
#417 = CARTESIAN_POINT ( 'NONE',  ( 42.31691042206860232, 0.004476114071529134833, 0.01160830435209030988 ) ) ;
#418 = CARTESIAN_POINT ( 'NONE',  ( 21.21242604955889988, 2.133100044129945250, -3.890951619309591880 ) ) ;
#419 = CARTESIAN_POINT ( 'NONE',  ( 0.1074819131976419151, -8.364479299218540831, -2.989522491574260865 ) ) ;
#420 = EDGE_LOOP ( 'NONE', ( #3376, #375, #214, #3133 ) ) ;
#421 = EDGE_LOOP ( 'NONE', ( #850, #1714, #1521, #226 ) ) ;
#422 = CARTESIAN_POINT ( 'NONE',  ( 0.1768972933276641013, -4.123356291432862974, 8.152529102529753047 ) ) ;
#423 = FILL_AREA_STYLE ('',( #75 ) ) ;
#424 = EDGE_CURVE ( 'NONE', #3607, #945, #2851, .T. ) ;
#425 = CARTESIAN_POINT ( 'NONE',  ( 7.554659454625532788, -5.186511699894773564, 5.759396998910989218 ) ) ;
#426 =( BOUNDED_SURFACE ( )  B_SPLINE_SURFACE ( 3, 1, ( 
 ( #2767, #283 ),
 ( #3773, #4002 ),
 ( #1219, #1375 ),
 ( #2884, #1666 ) ),
 .UNSPECIFIED., .F., .F., .F. ) 
 B_SPLINE_SURFACE_WITH_KNOTS ( ( 4, 4 ),
 ( 2, 2 ),
 ( 0.000000000000000000, 1.000000000000000000 ),
 ( 0.000000000000000000, 1.000000000000000000 ),
 .UNSPECIFIED. ) 
 GEOMETRIC_REPRESENTATION_ITEM ( )  RATIONAL_B_SPLINE_SURFACE ( (
 ( 1.000000000000000000, 1.000000000000000000),
 ( 0.8657215203422359284, 0.9127505936427621203),
 ( 0.8657215203422359284, 0.9127505936427621203),
 ( 1.000000000000000000, 1.000000000000000000) ) ) 
 REPRESENTATION_ITEM ( '' )  SURFACE ( )  );
#427 = ORIENTED_EDGE ( 'NONE', *, *, #3679, .F. ) ;
#428 = CARTESIAN_POINT ( 'NONE',  ( 7.445848533695710536, -4.937067327951958795, -5.352141052986444159 ) ) ;
#429 = ORIENTED_EDGE ( 'NONE', *, *, #2468, .T. ) ;
#430 = CARTESIAN_POINT ( 'NONE',  ( 0.06382857904819193295, -3.487845029007612840, 7.914352491312162563 ) ) ;
#431 =( NAMED_UNIT ( * ) SI_UNIT ( $, .STERADIAN. ) SOLID_ANGLE_UNIT ( ) );
#432 = CARTESIAN_POINT ( 'NONE',  ( 0.06387312902083855382, -6.639383812899287918, -5.543149120094925664 ) ) ;
#433 = CARTESIAN_POINT ( 'NONE',  ( 21.21242604955889988, 2.881695263358492021, 3.374233647987693985 ) ) ;
#434 = CARTESIAN_POINT ( 'NONE',  ( 7.413576133558269277, 6.278682239802014564, -3.405214396721961911 ) ) ;
#435 = ORIENTED_EDGE ( 'NONE', *, *, #2210, .T. ) ;
#436 = EDGE_CURVE ( 'NONE', #2517, #1278, #1540, .T. ) ;
#437 = CARTESIAN_POINT ( 'NONE',  ( 7.413572568327801093, 6.436405529238172996, 3.096740259334920253 ) ) ;
#438 = B_SPLINE_CURVE_WITH_KNOTS ( 'NONE', 3,
 ( #2992, #91, #1051, #1452, #726, #2690 ),
 .UNSPECIFIED., .F., .F.,
 ( 4, 2, 4 ),
 ( 0.000000000000000000, 0.0001623299153823893378, 0.0003246598307647786757 ),
 .UNSPECIFIED. ) ;
#439 = CARTESIAN_POINT ( 'NONE',  ( 0.06550413281379181829, 7.758619028594914369, -3.843404138140874782 ) ) ;
#440 = AXIS2_PLACEMENT_3D ( 'NONE', #2195, #3430, #2560 ) ;
#441 = CARTESIAN_POINT ( 'NONE',  ( 42.32077784063513093, -0.002810013666991593127, -0.01231494231252099926 ) ) ;
#442 = VERTEX_POINT ( 'NONE', #1974 ) ;
#443 = VERTEX_POINT ( 'NONE', #3197 ) ;
#444 = EDGE_CURVE ( 'NONE', #1198, #807, #1056, .T. ) ;
#445 = CARTESIAN_POINT ( 'NONE',  ( -0.0001015999999967978526, 5.500000000000004441, 2.886751345948128655 ) ) ;
#446 = VECTOR ( 'NONE', #2864, 1000.000000000000227 ) ;
#447 = SURFACE_SIDE_STYLE ('',( #2574 ) ) ;
#448 = CARTESIAN_POINT ( 'NONE',  ( 7.507077051279992475, -5.086668367242904054, 5.572915073022219445 ) ) ;
#449 = ORIENTED_EDGE ( 'NONE', *, *, #123, .T. ) ;
#450 = FACE_OUTER_BOUND ( 'NONE', #3727, .T. ) ;
#451 = ORIENTED_EDGE ( 'NONE', *, *, #3737, .F. ) ;
#452 =( BOUNDED_SURFACE ( )  B_SPLINE_SURFACE ( 3, 1, ( 
 ( #2312, #778 ),
 ( #1796, #3282 ),
 ( #1428, #3599 ),
 ( #2663, #3987 ) ),
 .UNSPECIFIED., .F., .F., .F. ) 
 B_SPLINE_SURFACE_WITH_KNOTS ( ( 4, 4 ),
 ( 2, 2 ),
 ( 0.000000000000000000, 1.000000000000000000 ),
 ( 0.000000000000000000, 1.000000000000000000 ),
 .UNSPECIFIED. ) 
 GEOMETRIC_REPRESENTATION_ITEM ( )  RATIONAL_B_SPLINE_SURFACE ( (
 ( 1.000000000000000000, 1.000000000000000000),
 ( 0.9935868805207672683, 0.8436843346538670518),
 ( 0.9935868805207672683, 0.8436843346538670518),
 ( 1.000000000000000000, 1.000000000000000000) ) ) 
 REPRESENTATION_ITEM ( '' )  SURFACE ( )  );
#453 = CARTESIAN_POINT ( 'NONE',  ( 0.06377903728224926239, -8.231545144664968561, 2.653301976788515759 ) ) ;
#454 = SURFACE_STYLE_USAGE ( .BOTH. , #163 ) ;
#455 = CARTESIAN_POINT ( 'NONE',  ( 0.1176192779148814427, 4.277452062519613740, 7.782495336105664130 ) ) ;
#456 = CARTESIAN_POINT ( 'NONE',  ( 0.05677524173679930619, 5.512946305284698312, -6.666865944723632253 ) ) ;
#457 = CARTESIAN_POINT ( 'NONE',  ( 0.5600391835297040544, -9.209157405206633840, -5.621441139560846345 ) ) ;
#458 = ORIENTED_EDGE ( 'NONE', *, *, #1059, .F. ) ;
#459 =( BOUNDED_SURFACE ( )  B_SPLINE_SURFACE ( 3, 1, ( 
 ( #3856, #1706 ),
 ( #196, #2071 ),
 ( #3874, #1115 ),
 ( #1439, #3313 ) ),
 .UNSPECIFIED., .F., .F., .F. ) 
 B_SPLINE_SURFACE_WITH_KNOTS ( ( 4, 4 ),
 ( 2, 2 ),
 ( 0.000000000000000000, 1.000000000000000000 ),
 ( 0.000000000000000000, 1.000000000000000000 ),
 .UNSPECIFIED. ) 
 GEOMETRIC_REPRESENTATION_ITEM ( )  RATIONAL_B_SPLINE_SURFACE ( (
 ( 1.000000000000000000, 1.000000000000000000),
 ( 0.8657215203422359284, 0.9127505936427621203),
 ( 0.8657215203422359284, 0.9127505936427621203),
 ( 1.000000000000000000, 1.000000000000000000) ) ) 
 REPRESENTATION_ITEM ( '' )  SURFACE ( )  );
#460 = CARTESIAN_POINT ( 'NONE',  ( 0.5595309360302103130, -6.690489095900022498, -8.461639495827194324 ) ) ;
#461 = CARTESIAN_POINT ( 'NONE',  ( 21.21242604955889988, 0.9835298709274281626, 4.326926079223977872 ) ) ;
#462 = B_SPLINE_CURVE_WITH_KNOTS ( 'NONE', 3,
 ( #1633, #78, #405, #1692, #428, #1956 ),
 .UNSPECIFIED., .F., .F.,
 ( 4, 2, 4 ),
 ( 0.000000000000000000, 0.0001623299153823895547, 0.0003246598307647791093 ),
 .UNSPECIFIED. ) ;
#463 = EDGE_CURVE ( 'NONE', #605, #2679, #276, .T. ) ;
#464 = EDGE_LOOP ( 'NONE', ( #2571, #2227, #1100, #3232 ) ) ;
#465 = ORIENTED_EDGE ( 'NONE', *, *, #2807, .T. ) ;
#466 = FACE_OUTER_BOUND ( 'NONE', #508, .T. ) ;
#467 = CARTESIAN_POINT ( 'NONE',  ( 0.06388505090401984388, 8.647737805956783319, 0.1512517196058631719 ) ) ;
#468 = ORIENTED_EDGE ( 'NONE', *, *, #2683, .T. ) ;
#469 = ORIENTED_EDGE ( 'NONE', *, *, #210, .F. ) ;
#470 = CARTESIAN_POINT ( 'NONE',  ( 0.7361483507723707298, -1.391591618270632713, 11.46078808252794268 ) ) ;
#471 = APPLICATION_PROTOCOL_DEFINITION ( 'draft international standard', 'automotive_design', 1998, #3104 ) ;
#472 = CARTESIAN_POINT ( 'NONE',  ( 7.902356314355742484, -9.247977361140865327, 0.3167954259898571601 ) ) ;
#473 = CARTESIAN_POINT ( 'NONE',  ( 42.31828303470386743, -0.004820437706229655818, 0.01308881133190348961 ) ) ;
#474 = CARTESIAN_POINT ( 'NONE',  ( 21.18798712880127155, -4.256703733485795560, 0.7339357933047845339 ) ) ;
#475 = CARTESIAN_POINT ( 'NONE',  ( 42.31718733146613687, -0.01231849200764066968, 0.002401844172189892754 ) ) ;
#476 = EDGE_CURVE ( 'NONE', #1957, #297, #2654, .T. ) ;
#477 = CARTESIAN_POINT ( 'NONE',  ( 7.969186335162199875, -9.535860527351104565, -6.343758518970218284E-14 ) ) ;
#478 = PLANE ( 'NONE',  #2319 ) ;
#479 = CARTESIAN_POINT ( 'NONE',  ( 0.3506278047350342986, -9.220032832483042284, 3.571224580730383735 ) ) ;
#480 = ORIENTED_EDGE ( 'NONE', *, *, #1202, .T. ) ;
#481 = ORIENTED_EDGE ( 'NONE', *, *, #2143, .F. ) ;
#482 = CARTESIAN_POINT ( 'NONE',  ( 42.31703308766501692, 0.01180069629214114575, -0.004187207470651715599 ) ) ;
#483 = CARTESIAN_POINT ( 'NONE',  ( 0.7361483507723707298, -1.391591618270632713, 11.46078808252794268 ) ) ;
#484 = CARTESIAN_POINT ( 'NONE',  ( 3.999898400000003740, 5.000000000000001776, -2.886751345948128655 ) ) ;
#485 = CARTESIAN_POINT ( 'NONE',  ( 0.06386368320973598300, 8.643617104152950148, -0.3041995975828471477 ) ) ;
#486 = VERTEX_POINT ( 'NONE', #848 ) ;
#487 = CARTESIAN_POINT ( 'NONE',  ( 0.1176192779148805823, 8.241342054346198154, 3.308188469075559190 ) ) ;
#488 = ADVANCED_FACE ( 'NONE', ( #2116 ), #3801, .F. ) ;
#489 = ORIENTED_EDGE ( 'NONE', *, *, #3181, .T. ) ;
#490 = CARTESIAN_POINT ( 'NONE',  ( 0.06385427510213115276, -2.732889440419023153, 8.205961832416230450 ) ) ;
#491 = PRESENTATION_STYLE_ASSIGNMENT (( #454 ) ) ;
#492 = CARTESIAN_POINT ( 'NONE',  ( 7.458129973201925722, 4.758385826851439404, 5.581307782179528054 ) ) ;
#493 = CARTESIAN_POINT ( 'NONE',  ( 42.31828303470383901, -0.01357441871906313324, 0.003207609421575578854 ) ) ;
#494 = EDGE_CURVE ( 'NONE', #385, #213, #2998, .T. ) ;
#495 = CARTESIAN_POINT ( 'NONE',  ( 7.969186335162198098, -5.416986195333366005, 7.847859361422109714 ) ) ;
#496 = CARTESIAN_POINT ( 'NONE',  ( 0.7361483507723705078, 4.093900608187580836, 10.79472873744110828 ) ) ;
#497 = CARTESIAN_POINT ( 'NONE',  ( 0.06379792852514837298, -8.513164488701535859, 1.525892047424283859 ) ) ;
#498 = CARTESIAN_POINT ( 'NONE',  ( 7.413556062442729022, 6.075422271475501290, 3.755367242559738639 ) ) ;
#499 = CARTESIAN_POINT ( 'NONE',  ( 0.7361483507723706188, -10.22255782253290768, 5.365212229691087131 ) ) ;
#500 = EDGE_LOOP ( 'NONE', ( #2862, #528, #3193, #655 ) ) ;
#501 = ORIENTED_EDGE ( 'NONE', *, *, #811, .T. ) ;
#502 = CARTESIAN_POINT ( 'NONE',  ( 0.05906383553393920738, -2.492705073990017173, -8.282601262290732791 ) ) ;
#503 = CARTESIAN_POINT ( 'NONE',  ( 0.2361091061329865792, 7.787728708719193982, -5.248523127182787462 ) ) ;
#504 = CARTESIAN_POINT ( 'NONE',  ( 0.4166821207338475830, -2.446173536687863415, -9.947823505361151675 ) ) ;
#505 = AXIS2_PLACEMENT_3D ( 'NONE', #70, #685, #2225 ) ;
#506 = VERTEX_POINT ( 'NONE', #569 ) ;
#507 = CARTESIAN_POINT ( 'NONE',  ( 0.06382842314804794415, 1.493015266016577636, 8.518974826936922540 ) ) ;
#508 = EDGE_LOOP ( 'NONE', ( #1382, #101, #3936, #1812 ) ) ;
#509 = VECTOR ( 'NONE', #2375, 1000.000000000000114 ) ;
#510 = B_SPLINE_CURVE_WITH_KNOTS ( 'NONE', 3,
 ( #3014, #236, #1480, #1074, #1094, #2304 ),
 .UNSPECIFIED., .F., .F.,
 ( 4, 2, 4 ),
 ( 3.060447514229248892E-17, 0.001307146423454739288, 0.002614292846909448218 ),
 .UNSPECIFIED. ) ;
#511 = CARTESIAN_POINT ( 'NONE',  ( 7.413561061157196264, 7.128303058528977942, -0.4513355591897942332 ) ) ;
#512 = EDGE_CURVE ( 'NONE', #2309, #86, #1247, .T. ) ;
#513 = CARTESIAN_POINT ( 'NONE',  ( 21.18798712880127155, 0.8232060587580515287, 4.240344350190190958 ) ) ;
#514 = ORIENTED_EDGE ( 'NONE', *, *, #1411, .T. ) ;
#515 = CARTESIAN_POINT ( 'NONE',  ( 7.969186335162198098, 3.381462745154811156, -8.916184481055950073 ) ) ;
#516 = CARTESIAN_POINT ( 'NONE',  ( 0.1768972933276641013, 4.367066570235369483, 8.024620081027277863 ) ) ;
#517 = ADVANCED_FACE ( 'NONE', ( #3295 ), #2140, .F. ) ;
#518 = DIRECTION ( 'NONE',  ( 0.000000000000000000, 0.000000000000000000, 1.000000000000000000 ) ) ;
#519 = CARTESIAN_POINT ( 'NONE',  ( 21.21242604955889988, -1.139950362113204330, -4.288371890822096688 ) ) ;
#520 = CARTESIAN_POINT ( 'NONE',  ( 7.458129973201925722, -4.967053733499435353, -5.396444148245003625 ) ) ;
#521 = CARTESIAN_POINT ( 'NONE',  ( 21.21242604955889988, 0.08055090860159075383, -4.436567575637564431 ) ) ;
#522 = VERTEX_POINT ( 'NONE', #2677 ) ;
#523 = CARTESIAN_POINT ( 'NONE',  ( 7.458129973201925722, 3.531266563128975466, -6.428327052719524204 ) ) ;
#524 = CARTESIAN_POINT ( 'NONE',  ( 42.31959510201222230, -0.005985083446048631607, 0.01265306502922063786 ) ) ;
#525 = CARTESIAN_POINT ( 'NONE',  ( 42.31737018592016142, 0.01251481159425552568, -0.0005487090156514747800 ) ) ;
#526 = EDGE_CURVE ( 'NONE', #1564, #3633, #1678, .T. ) ;
#527 = CARTESIAN_POINT ( 'NONE',  ( 42.31703308766501692, 0.008503105301013336170, 0.009191645098756825658 ) ) ;
#528 = ORIENTED_EDGE ( 'NONE', *, *, #4029, .F. ) ;
#529 = CARTESIAN_POINT ( 'NONE',  ( 0.06385449037419166363, 0.6906203176030616397, 8.621460103476691117 ) ) ;
#530 = ORIENTED_EDGE ( 'NONE', *, *, #3912, .F. ) ;
#531 = CARTESIAN_POINT ( 'NONE',  ( 7.413576434723054831, 7.142311327610253890, -0.04670551157001724685 ) ) ;
#532 = CARTESIAN_POINT ( 'NONE',  ( 21.18798712880127155, 2.699499042059856357, -3.372075524848717087 ) ) ;
#533 = CARTESIAN_POINT ( 'NONE',  ( 0.1074819131976416930, 8.836862293579534011, 0.9009014812930958849 ) ) ;
#534 = LINE ( 'NONE', #145, #90 ) ;
#535 = CARTESIAN_POINT ( 'NONE',  ( 0.06388035843267100833, -2.877469638358515880, -8.156508245659329859 ) ) ;
#536 = CARTESIAN_POINT ( 'NONE',  ( 42.31691042206860232, 0.009266701194516217821, 0.008301600814520047888 ) ) ;
#537 = B_SPLINE_CURVE_WITH_KNOTS ( 'NONE', 3,
 ( #1556, #3645, #1251, #2162, #2146, #3723, #3975, #943, #1498, #2424, #585, #1823, #2760, #2178, #3665, #1231, #3046, #3995, #2128, #2462, #3412, #313 ),
 .UNSPECIFIED., .F., .F.,
 ( 4, 3, 3, 3, 3, 3, 3, 4 ),
 ( 1.056081928668503685E-17, 0.0001518422528443213679, 0.0003036844294303845098, 0.0004555265571827230714, 0.0006073686701617269507, 0.0007592108045165991363, 0.0008818169290298527238, 0.001004459747408502791 ),
 .UNSPECIFIED. ) ;
#538 = CARTESIAN_POINT ( 'NONE',  ( 0.4166821207338475830, -0.005577810949594114165, 10.24416547862405835 ) ) ;
#539 = CARTESIAN_POINT ( 'NONE',  ( 0.7361483507723582953, 11.20948819974518607, -2.762890697155288233 ) ) ;
#540 = EDGE_CURVE ( 'NONE', #1001, #3493, #218, .T. ) ;
#541 = CARTESIAN_POINT ( 'NONE',  ( 7.458129973201924834, 7.296397494899940384, 0.7455305714833527775 ) ) ;
#542 = EDGE_LOOP ( 'NONE', ( #3223, #2685, #3753, #2406, #3194, #1317 ) ) ;
#543 = ORIENTED_EDGE ( 'NONE', *, *, #3997, .F. ) ;
#544 = DIRECTION ( 'NONE',  ( 0.000000000000000000, 3.004629197474319049E-16, -1.000000000000000000 ) ) ;
#545 = CARTESIAN_POINT ( 'NONE',  ( 0.3506278047350348537, 8.097465452241440431, -5.673949566909668007 ) ) ;
#546 = CARTESIAN_POINT ( 'NONE',  ( 0.1176192779148814427, 1.959030151442480161, -8.661756788862117418 ) ) ;
#547 = CARTESIAN_POINT ( 'NONE',  ( 0.07590485995811632747, -8.655311575143713299, -1.241181241213305420 ) ) ;
#548 = EDGE_LOOP ( 'NONE', ( #2711, #3316, #2017, #2925 ) ) ;
#549 = CARTESIAN_POINT ( 'NONE',  ( 0.06389206181261102013, 1.043110319612175818, 8.585958858684152872 ) ) ;
#550 = VECTOR ( 'NONE', #2897, 1000.000000000000227 ) ;
#551 = EDGE_CURVE ( 'NONE', #2458, #3013, #2965, .T. ) ;
#552 = ORIENTED_EDGE ( 'NONE', *, *, #3791, .T. ) ;
#553 = CARTESIAN_POINT ( 'NONE',  ( 7.413570567084494023, 7.136327638278938679, -0.2997016238045419612 ) ) ;
#554 = CARTESIAN_POINT ( 'NONE',  ( 42.32077784063513093, 0.01251111566891254662, 0.001739530306861764280 ) ) ;
#555 = CARTESIAN_POINT ( 'NONE',  ( 4.326091500877491391, 7.895138467456027875, 6.994482337776464220 ) ) ;
#556 = CARTESIAN_POINT ( 'NONE',  ( 42.31647246991754940, 0.002595907201453992539, -0.01278071117633682724 ) ) ;
#557 = CARTESIAN_POINT ( 'NONE',  ( 7.969186335162199875, -8.443585163731656351, 4.431535352437520281 ) ) ;
#558 = LINE ( 'NONE', #1496, #881 ) ;
#559 =( BOUNDED_SURFACE ( )  B_SPLINE_SURFACE ( 3, 1, ( 
 ( #1200, #2429 ),
 ( #3672, #281 ),
 ( #1216, #910 ),
 ( #128, #3501 ) ),
 .UNSPECIFIED., .F., .F., .F. ) 
 B_SPLINE_SURFACE_WITH_KNOTS ( ( 4, 4 ),
 ( 2, 2 ),
 ( 0.000000000000000000, 1.000000000000000000 ),
 ( 0.000000000000000000, 1.000000000000000000 ),
 .UNSPECIFIED. ) 
 GEOMETRIC_REPRESENTATION_ITEM ( )  RATIONAL_B_SPLINE_SURFACE ( (
 ( 1.000000000000000000, 1.000000000000000000),
 ( 0.8657215203422357064, 0.9127505936427622313),
 ( 0.8657215203422357064, 0.9127505936427622313),
 ( 1.000000000000000000, 1.000000000000000000) ) ) 
 REPRESENTATION_ITEM ( '' )  SURFACE ( )  );
#560 = CARTESIAN_POINT ( 'NONE',  ( 42.31691042206860232, 0.01209616979853578474, -0.002910498808980861111 ) ) ;
#561 = CARTESIAN_POINT ( 'NONE',  ( 0.06389204376496476767, 4.871108739924073561, -7.147141292730531781 ) ) ;
#562 = CARTESIAN_POINT ( 'NONE',  ( 0.8062758914853338510, 1.450845398653876252E-15, 11.84705173494930364 ) ) ;
#563 = B_SPLINE_CURVE_WITH_KNOTS ( 'NONE', 3,
 ( #2974, #839, #3304, #763, #2044, #2003 ),
 .UNSPECIFIED., .F., .F.,
 ( 4, 2, 4 ),
 ( 6.776263578034402713E-20, 0.0001965018000030254353, 0.0003930036000060508163 ),
 .UNSPECIFIED. ) ;
#564 = ADVANCED_FACE ( 'NONE', ( #1419 ), #609, .F. ) ;
#565 = ORIENTED_EDGE ( 'NONE', *, *, #3690, .F. ) ;
#566 = ORIENTED_EDGE ( 'NONE', *, *, #2598, .F. ) ;
#567 = CARTESIAN_POINT ( 'NONE',  ( 42.31959510201222230, 0.01395316116140134233, -0.001109311540454239065 ) ) ;
#568 = CARTESIAN_POINT ( 'NONE',  ( 0.06930270350510235600, -6.958004684373569226, 5.176789618924549252 ) ) ;
#569 = CARTESIAN_POINT ( 'NONE',  ( 0.1176192779148810125, -8.793564953341899582, -1.239776276195342364 ) ) ;
#570 = CARTESIAN_POINT ( 'NONE',  ( 0.06550413281379187380, -8.356058102645810948, 2.268086767555591354 ) ) ;
#571 = ADVANCED_FACE ( 'NONE', ( #27 ), #2825, .F. ) ;
#572 = EDGE_LOOP ( 'NONE', ( #3274, #1502, #3263, #756 ) ) ;
#573 = CARTESIAN_POINT ( 'NONE',  ( 0.1176192779148810125, 7.404201622211606271, 4.903226299213481632 ) ) ;
#574 = CARTESIAN_POINT ( 'NONE',  ( 7.413556062442729910, 6.075422271475553693, -3.755367242559656482 ) ) ;
#575 = B_SPLINE_CURVE_WITH_KNOTS ( 'NONE', 3,
 ( #2716, #1782, #3685, #1211, #2088, #2441, #1129, #903 ),
 .UNSPECIFIED., .F., .F.,
 ( 4, 2, 2, 4 ),
 ( 0.0003971953635618445102, 0.001705102816264073701, 0.002359056542615190627, 0.003013010268966307553 ),
 .UNSPECIFIED. ) ;
#576 = CARTESIAN_POINT ( 'NONE',  ( 0.06377903728224926239, -6.055620337736768555, -6.174771993675239656 ) ) ;
#577 = LINE ( 'NONE', #1470, #1353 ) ;
#578 = CARTESIAN_POINT ( 'NONE',  ( 0.06550413281379181829, 8.656034932139998972, 0.2024446925103426387 ) ) ;
#579 = EDGE_LOOP ( 'NONE', ( #1078, #3620, #2912, #1642 ) ) ;
#580 = VECTOR ( 'NONE', #2339, 1000.000000000000227 ) ;
#581 = CARTESIAN_POINT ( 'NONE',  ( 0.6547838794010047980, 10.77656759768913730, -3.054754622311614209 ) ) ;
#582 = B_SPLINE_CURVE_WITH_KNOTS ( 'NONE', 3,
 ( #1830, #2466, #1504, #3033 ),
 .UNSPECIFIED., .F., .F.,
 ( 4, 4 ),
 ( 0.002875470741542903233, 0.003647821503943145770 ),
 .UNSPECIFIED. ) ;
#583 = CARTESIAN_POINT ( 'NONE',  ( 42.31718733146613687, 0.01138574008426382518, 0.005280059043548832216 ) ) ;
#584 = CARTESIAN_POINT ( 'NONE',  ( 42.31691042206860232, -0.001431245844406954341, -0.01235879696592496156 ) ) ;
#585 = CARTESIAN_POINT ( 'NONE',  ( 7.413576735887804858, -6.936026469860365751, 1.705552587723168978 ) ) ;
#586 = CARTESIAN_POINT ( 'NONE',  ( 42.31718733146613687, 0.002122434153507490873, 0.01236969579390692978 ) ) ;
#587 = ORIENTED_EDGE ( 'NONE', *, *, #3705, .F. ) ;
#588 = VERTEX_POINT ( 'NONE', #322 ) ;
#589 = FACE_OUTER_BOUND ( 'NONE', #3881, .T. ) ;
#590 = CARTESIAN_POINT ( 'NONE',  ( 21.18798712880127155, 0.8232060587581103706, -4.240344350190180300 ) ) ;
#591 = CARTESIAN_POINT ( 'NONE',  ( 0.06377903728224926239, -8.521722159823198695, 1.476007547225115291 ) ) ;
#592 = ADVANCED_FACE ( 'NONE', ( #1237, #2183 ), #667, .T. ) ;
#593 = CARTESIAN_POINT ( 'NONE',  ( 0.06377903728224926239, 4.401935354873857342, -7.444549145529152590 ) ) ;
#594 = EDGE_LOOP ( 'NONE', ( #543, #3922, #3635, #2929 ) ) ;
#595 = CARTESIAN_POINT ( 'NONE',  ( 7.413568538372656391, 3.774202638248957076, 6.063940250989069192 ) ) ;
#596 =( BOUNDED_SURFACE ( )  B_SPLINE_SURFACE ( 3, 1, ( 
 ( #3047, #1846 ),
 ( #586, #3435 ),
 ( #22, #1541 ),
 ( #1213, #886 ) ),
 .UNSPECIFIED., .F., .F., .F. ) 
 B_SPLINE_SURFACE_WITH_KNOTS ( ( 4, 4 ),
 ( 2, 2 ),
 ( 0.000000000000000000, 1.000000000000000000 ),
 ( 0.000000000000000000, 1.000000000000000000 ),
 .UNSPECIFIED. ) 
 GEOMETRIC_REPRESENTATION_ITEM ( )  RATIONAL_B_SPLINE_SURFACE ( (
 ( 1.000000000000000000, 1.000000000000000000),
 ( 0.9935868805207672683, 0.8436843346538670518),
 ( 0.9935868805207672683, 0.8436843346538670518),
 ( 1.000000000000000000, 1.000000000000000000) ) ) 
 REPRESENTATION_ITEM ( '' )  SURFACE ( )  );
#597 = CARTESIAN_POINT ( 'NONE',  ( 0.06377903728224926239, -8.521722159823179155, -1.476007547225232752 ) ) ;
#598 = EDGE_CURVE ( 'NONE', #213, #1001, #3750, .T. ) ;
#599 = CARTESIAN_POINT ( 'NONE',  ( 7.413576735887809299, 7.142643596869758582, 0.003907452911031780024 ) ) ;
#600 = CARTESIAN_POINT ( 'NONE',  ( 7.413550661974127820, 3.587049335440621878, 6.176511674261276674 ) ) ;
#601 = CARTESIAN_POINT ( 'NONE',  ( 7.413572065574257408, -6.868923469657780778, -1.957655234652455833 ) ) ;
#602 = CARTESIAN_POINT ( 'NONE',  ( 0.4166821207338480826, 9.580439034292409062, 3.627415798556066662 ) ) ;
#603 = CARTESIAN_POINT ( 'NONE',  ( 7.667139270600364931, -0.1038579420043940216, -8.234734712316562621 ) ) ;
#604 = CARTESIAN_POINT ( 'NONE',  ( 7.434447245088825262, -6.821754041806238789, -2.402610250914638979 ) ) ;
#605 = VERTEX_POINT ( 'NONE', #1562 ) ;
#606 = CARTESIAN_POINT ( 'NONE',  ( 0.07590485995811632747, -2.275414156359751416, 8.442596742317741487 ) ) ;
#607 = CARTESIAN_POINT ( 'NONE',  ( 0.06381431755680472273, -6.127426140082175898, 6.103946874871633455 ) ) ;
#608 = CARTESIAN_POINT ( 'NONE',  ( 42.31959510201222230, -0.003910634829001985620, 0.01343979961621527726 ) ) ;
#609 =( BOUNDED_SURFACE ( )  B_SPLINE_SURFACE ( 3, 1, ( 
 ( #2366, #1159 ),
 ( #829, #2346 ),
 ( #810, #1462 ),
 ( #300, #1602 ) ),
 .UNSPECIFIED., .F., .F., .T. ) 
 B_SPLINE_SURFACE_WITH_KNOTS ( ( 4, 4 ),
 ( 2, 2 ),
 ( 0.000000000000000000, 1.000000000000000000 ),
 ( 0.000000000000000000, 1.000000000000000000 ),
 .UNSPECIFIED. ) 
 GEOMETRIC_REPRESENTATION_ITEM ( )  RATIONAL_B_SPLINE_SURFACE ( (
 ( 1.000000000000000000, 1.000000000000000000),
 ( 0.8657215203422359284, 0.9127505936427621203),
 ( 0.8657215203422359284, 0.9127505936427621203),
 ( 1.000000000000000000, 1.000000000000000000) ) ) 
 REPRESENTATION_ITEM ( '' )  SURFACE ( )  );
#610 = CARTESIAN_POINT ( 'NONE',  ( 1.915078604103042981, 3.977778897833324390, 10.48854095132461950 ) ) ;
#611 = ORIENTED_EDGE ( 'NONE', *, *, #3186, .T. ) ;
#612 = CARTESIAN_POINT ( 'NONE',  ( 7.413570567084489582, 4.300545753402727378, 5.702832581013113078 ) ) ;
#613 = CARTESIAN_POINT ( 'NONE',  ( 0.06377903728224926239, 4.401935354873857342, -7.444549145529152590 ) ) ;
#614 = CARTESIAN_POINT ( 'NONE',  ( 7.458129973201925722, 3.531266563128975466, -6.428327052719524204 ) ) ;
#615 = CARTESIAN_POINT ( 'NONE',  ( 7.458129973201924834, 0.1393887176356555235, -7.333062322249437770 ) ) ;
#616 = VERTEX_POINT ( 'NONE', #911 ) ;
#617 = CARTESIAN_POINT ( 'NONE',  ( 0.4021422169983492334, 9.519798816682088827, -3.394714777597856781 ) ) ;
#618 = VECTOR ( 'NONE', #3755, 1000.000000000000000 ) ;
#619 = CARTESIAN_POINT ( 'NONE',  ( 42.31691042206860232, 0.01206320267417707731, 0.003044251690287000725 ) ) ;
#620 = CARTESIAN_POINT ( 'NONE',  ( 0.05677524173679951436, 1.783224435694264587, 8.465210517276625879 ) ) ;
#621 = CARTESIAN_POINT ( 'NONE',  ( 0.06389206181261215811, 4.912764576158894059, -7.118392577059552195 ) ) ;
#622 = CARTESIAN_POINT ( 'NONE',  ( 7.458129973201924834, -6.905960300399800467, -2.470009021420834117 ) ) ;
#623 = ORIENTED_EDGE ( 'NONE', *, *, #3973, .F. ) ;
#624 = FACE_BOUND ( 'NONE', #3841, .T. ) ;
#625 = CARTESIAN_POINT ( 'NONE',  ( 0.06385449037419081708, -6.703005509800611605, 5.465916928979911660 ) ) ;
#626 = CARTESIAN_POINT ( 'NONE',  ( 0.7393912915810846309, -12.07514639428046799, 0.6908495833771134409 ) ) ;
#627 = CARTESIAN_POINT ( 'NONE',  ( 0.06375423730972201719, 0.3717018047106764311, -8.640761050409007993 ) ) ;
#628 = ORIENTED_EDGE ( 'NONE', *, *, #2115, .F. ) ;
#629 = CARTESIAN_POINT ( 'NONE',  ( 7.507077051279972046, 7.502952202635944090, -0.7983017815264269457 ) ) ;
#630 = CARTESIAN_POINT ( 'NONE',  ( 0.06381443886812707134, 4.488922818793187552, 7.392774736298517446 ) ) ;
#631 = CARTESIAN_POINT ( 'NONE',  ( 0.05906383553393916575, -3.626564026296586807, 7.852585282514740861 ) ) ;
#632 = CARTESIAN_POINT ( 'NONE',  ( 0.1768972933276641846, -9.051733264985605487, 1.237708678666576079 ) ) ;
#633 = CARTESIAN_POINT ( 'NONE',  ( 0.7393912915810846309, -7.428023039087263690, -9.545203367186353205 ) ) ;
#634 = ORIENTED_EDGE ( 'NONE', *, *, #1588, .T. ) ;
#635 = CARTESIAN_POINT ( 'NONE',  ( 0.1074819131976416930, 8.243322759803143995, -3.308986030855274763 ) ) ;
#636 = EDGE_CURVE ( 'NONE', #152, #831, #2167, .T. ) ;
#637 = CARTESIAN_POINT ( 'NONE',  ( 4.326091500877484286, 7.895138467456127351, -6.994482337776357639 ) ) ;
#638 = VECTOR ( 'NONE', #109, 1000.000000000000227 ) ;
#639 = CARTESIAN_POINT ( 'NONE',  ( 7.413572065574259184, -5.172361925543452088, -4.925565527019823087 ) ) ;
#640 = CARTESIAN_POINT ( 'NONE',  ( 7.361297821651286100, 0.000000000000000000, -6.917263856864157567 ) ) ;
#641 = CARTESIAN_POINT ( 'NONE',  ( 7.413572568327799317, -2.764200085571161036, -6.586069712470543180 ) ) ;
#642 = ADVANCED_FACE ( 'NONE', ( #3440 ), #1574, .F. ) ;
#643 = VERTEX_POINT ( 'NONE', #971 ) ;
#644 = CARTESIAN_POINT ( 'NONE',  ( 7.413576133558275494, 3.977014986460745583, -5.933016732954186523 ) ) ;
#645 = CARTESIAN_POINT ( 'NONE',  ( 7.596506484918140067, 1.661812471017066638E-14, 7.930470405122479249 ) ) ;
#646 = CARTESIAN_POINT ( 'NONE',  ( 42.31691042206860232, 0.004476114071529131364, 0.01160830435209031335 ) ) ;
#647 = CARTESIAN_POINT ( 'NONE',  ( 42.31718733146613687, -0.01202367561758125973, -0.003597961285641009758 ) ) ;
#648 = ORIENTED_EDGE ( 'NONE', *, *, #3737, .T. ) ;
#649 = CARTESIAN_POINT ( 'NONE',  ( 7.413572065574259184, 3.843297502281869171, 6.020264774802814856 ) ) ;
#650 = CARTESIAN_POINT ( 'NONE',  ( 0.06388505090402026021, 4.787997261613968547, 7.202869460571602822 ) ) ;
#651 = CARTESIAN_POINT ( 'NONE',  ( -0.0001015999999967978526, 1.025502486644792683E-15, 8.373863283346574704 ) ) ;
#652 = ADVANCED_FACE ( 'NONE', ( #2430 ), #1294, .F. ) ;
#653 = CARTESIAN_POINT ( 'NONE',  ( 0.08894703500304444732, 7.324698753930040773, -4.799654619239335673 ) ) ;
#654 = CARTESIAN_POINT ( 'NONE',  ( 42.31737018592016142, -0.003924761509597899170, -0.01189612701329012361 ) ) ;
#655 = ORIENTED_EDGE ( 'NONE', *, *, #3966, .F. ) ;
#656 = B_SPLINE_CURVE_WITH_KNOTS ( 'NONE', 3,
 ( #3758, #600, #3140, #366, #2193, #1610 ),
 .UNSPECIFIED., .F., .F.,
 ( 4, 2, 4 ),
 ( 4.336808689942017736E-19, 0.0001623299153823909099, 0.0003246598307647813862 ),
 .UNSPECIFIED. ) ;
#657 = CARTESIAN_POINT ( 'NONE',  ( 0.06388494259132512787, 0.8910630487912301056, -8.603036953042735746 ) ) ;
#658 = CARTESIAN_POINT ( 'NONE',  ( 0.2866314039218939569, 2.724461572189724334E-14, -9.608583175786234776 ) ) ;
#659 = CARTESIAN_POINT ( 'NONE',  ( 7.413567691083505551, -5.572012332745299723, -4.468437425986963696 ) ) ;
#660 = CARTESIAN_POINT ( 'NONE',  ( 0.06550413281379181829, -6.344889520607045696, -5.891544922280094632 ) ) ;
#661 = CARTESIAN_POINT ( 'NONE',  ( 7.413570567084490470, -2.810802542286806815, -6.566306594460005641 ) ) ;
#662 = ORIENTED_EDGE ( 'NONE', *, *, #1187, .T. ) ;
#663 = B_SPLINE_CURVE_WITH_KNOTS ( 'NONE', 3,
 ( #2111, #2696, #1414, #3934, #3646, #3331, #1455 ),
 .UNSPECIFIED., .F., .F.,
 ( 4, 3, 4 ),
 ( 9.850023655268993431E-05, 0.001599782881821654873, 0.007605386056619718033 ),
 .UNSPECIFIED. ) ;
#664 = EDGE_CURVE ( 'NONE', #616, #3270, #1345, .T. ) ;
#665 = CARTESIAN_POINT ( 'NONE',  ( 42.31691042206860232, -0.007124095398888697674, 0.01019978391239839688 ) ) ;
#666 = CARTESIAN_POINT ( 'NONE',  ( 21.21242604955889988, -4.176826490838386974, -1.497912136110056025 ) ) ;
#667 = PLANE ( 'NONE',  #1288 ) ;
#668 = CARTESIAN_POINT ( 'NONE',  ( 0.06379785914325744600, 7.900691893454915515, 3.518715647067469199 ) ) ;
#669 = ORIENTED_EDGE ( 'NONE', *, *, #2012, .T. ) ;
#670 = CARTESIAN_POINT ( 'NONE',  ( 7.902356314355738931, -8.335899454781607432, -4.017240955416265358 ) ) ;
#671 = CARTESIAN_POINT ( 'NONE',  ( 42.31737018592016142, -0.01228246857665151077, 0.002462225921218510940 ) ) ;
#672 = B_SPLINE_CURVE_WITH_KNOTS ( 'NONE', 3,
 ( #3124, #1293, #1314, #659, #2522, #1923, #1863, #2817, #2461, #2238, #942, #3764, #1901, #924, #3391, #639, #3084, #1881, #63, #2161, #3103, #335 ),
 .UNSPECIFIED., .F., .F.,
 ( 4, 3, 3, 3, 3, 3, 3, 4 ),
 ( 9.889445383256550964E-18, 0.0001518422528443202023, 0.0003036844294303833172, 0.0004555265571827217704, 0.0006073686701617260833, 0.0007592108045165993531, 0.0008818169290298532659, 0.001004459747408502574 ),
 .UNSPECIFIED. ) ;
#673 = CARTESIAN_POINT ( 'NONE',  ( 7.413556062442729022, -2.057249761320914416, 6.839682910981788488 ) ) ;
#674 = EDGE_CURVE ( 'NONE', #2995, #3482, #3221, .T. ) ;
#675 = CARTESIAN_POINT ( 'NONE',  ( 7.901878860671765814, -9.245920637581555468, -0.3190587073922714345 ) ) ;
#676 = ORIENTED_EDGE ( 'NONE', *, *, #3918, .F. ) ;
#677 = CARTESIAN_POINT ( 'NONE',  ( 0.06930270350510228661, 4.300350208189730239, 7.531266031238836867 ) ) ;
#678 = CARTESIAN_POINT ( 'NONE',  ( 7.413570567084487806, 0.5626727812001653950, -7.120420813791234593 ) ) ;
#679 = CARTESIAN_POINT ( 'NONE',  ( 7.596506484918224444, 2.796324390332103387E-15, -7.930470405122845179 ) ) ;
#680 = CARTESIAN_POINT ( 'NONE',  ( 0.1074819131976416930, -7.211894591940385624, 5.185589172835125105 ) ) ;
#681 = CARTESIAN_POINT ( 'NONE',  ( 0.06379792852514830359, -2.540915162329297594, -8.267167972765927075 ) ) ;
#682 = ORIENTED_EDGE ( 'NONE', *, *, #2393, .F. ) ;
#683 = CARTESIAN_POINT ( 'NONE',  ( 0.05677524173679951436, 0.2944503038046073495, -8.645980424940676201 ) ) ;
#684 = CARTESIAN_POINT ( 'NONE',  ( 1.915078604103048088, 3.977778897833467830, -10.48854095132456266 ) ) ;
#685 = DIRECTION ( 'NONE',  ( -1.000000000000000000, 0.000000000000000000, 0.000000000000000000 ) ) ;
#686 = PRESENTATION_LAYER_ASSIGNMENT (  '', '', ( #2433 ) ) ;
#687 = EDGE_CURVE ( 'NONE', #3962, #2452, #1831, .T. ) ;
#688 = CARTESIAN_POINT ( 'NONE',  ( 0.06377903728224926239, 7.920864674800945693, 3.472499049989470343 ) ) ;
#689 = VERTEX_POINT ( 'NONE', #2279 ) ;
#690 = CARTESIAN_POINT ( 'NONE',  ( 0.4021422169983506212, -2.222478538691812222, -9.859576414653794529 ) ) ;
#691 = CARTESIAN_POINT ( 'NONE',  ( 7.413564815081631565, -5.072099696984915695, 5.028960522964444735 ) ) ;
#692 = ADVANCED_FACE ( 'NONE', ( #1320 ), #1807, .F. ) ;
#693 = CARTESIAN_POINT ( 'NONE',  ( 0.7361483507723660669, 11.20948819974524113, 2.762890697155381492 ) ) ;
#694 = VERTEX_POINT ( 'NONE', #2008 ) ;
#695 = DIRECTION ( 'NONE',  ( -0.9796399030715337020, -0.1977911891264190758, -0.03441374455000541926 ) ) ;
#696 = CARTESIAN_POINT ( 'NONE',  ( 7.413575350526961039, 0.7139130813479143134, -7.106871019261656208 ) ) ;
#697 = CARTESIAN_POINT ( 'NONE',  ( 0.1074819131976416514, 7.405983171632249729, -4.904403321117033698 ) ) ;
#698 = CARTESIAN_POINT ( 'NONE',  ( 42.31691042206860232, 0.004347310147047283267, 0.01165715323728173242 ) ) ;
#699 = CARTESIAN_POINT ( 'NONE',  ( 0.1176192779148810125, 7.404201622211673772, -4.903226299213380379 ) ) ;
#700 = VECTOR ( 'NONE', #2718, 1000.000000000000227 ) ;
#701 = ORIENTED_EDGE ( 'NONE', *, *, #4008, .T. ) ;
#702 = CARTESIAN_POINT ( 'NONE',  ( 7.445848533695709648, 7.244573961752486468, 0.7322538934628038954 ) ) ;
#703 = CARTESIAN_POINT ( 'NONE',  ( 0.06550413281379187380, 7.758619028594862854, 3.843404138140976034 ) ) ;
#704 = VECTOR ( 'NONE', #2269, 1000.000000000000114 ) ;
#705 = B_SPLINE_CURVE_WITH_KNOTS ( 'NONE', 3,
 ( #496, #3951, #1474, #3930, #3602, #3287, #516, #2084 ),
 .UNSPECIFIED., .F., .F.,
 ( 4, 2, 2, 4 ),
 ( 0.0004800065146897984831, 0.002063914009317795693, 0.002855867756631796060, 0.003647821503945797295 ),
 .UNSPECIFIED. ) ;
#706 = CARTESIAN_POINT ( 'NONE',  ( 0.05677524173679930619, -3.757264652747668965, 7.792473344136690905 ) ) ;
#707 = ORIENTED_EDGE ( 'NONE', *, *, #761, .F. ) ;
#708 = CARTESIAN_POINT ( 'NONE',  ( 6.147639088042814670, -8.891597763573589219, 4.666670503684047233 ) ) ;
#709 = CARTESIAN_POINT ( 'NONE',  ( 42.31703308766501692, -0.01160958015911405829, 0.004691139297732129301 ) ) ;
#710 = LINE ( 'NONE', #3036, #3008 ) ;
#711 = DIRECTION ( 'NONE',  ( 0.000000000000000000, 0.000000000000000000, 1.000000000000000000 ) ) ;
#712 = B_SPLINE_CURVE_WITH_KNOTS ( 'NONE', 3,
 ( #2648, #1155, #2382, #3893, #2960, #1725 ),
 .UNSPECIFIED., .F., .F.,
 ( 4, 2, 4 ),
 ( 2.790425519494622111E-17, 0.001307146423455200724, 0.002614292846910372826 ),
 .UNSPECIFIED. ) ;
#713 = ADVANCED_FACE ( 'NONE', ( #1703 ), #2865, .T. ) ;
#714 = VERTEX_POINT ( 'NONE', #3794 ) ;
#715 = CARTESIAN_POINT ( 'NONE',  ( 0.4166821207338480826, 6.797313295090772201, 7.664169193969435412 ) ) ;
#716 = CARTESIAN_POINT ( 'NONE',  ( 0.06381431755680468110, -2.588920843803748983, 8.252333452905064703 ) ) ;
#717 = DIRECTION ( 'NONE',  ( 0.000000000000000000, -0.8660254037844387076, -0.4999999999999998335 ) ) ;
#718 = DIRECTION ( 'NONE',  ( 0.9796399030715338130, -0.1023151324040627447, -0.1727346924944002104 ) ) ;
#719 =( BOUNDED_SURFACE ( )  B_SPLINE_SURFACE ( 3, 1, ( 
 ( #167, #1410 ),
 ( #1106, #3582 ),
 ( #1799, #1229 ),
 ( #1571, #635 ) ),
 .UNSPECIFIED., .F., .F., .F. ) 
 B_SPLINE_SURFACE_WITH_KNOTS ( ( 4, 4 ),
 ( 2, 2 ),
 ( 0.000000000000000000, 1.000000000000000000 ),
 ( 0.000000000000000000, 1.000000000000000000 ),
 .UNSPECIFIED. ) 
 GEOMETRIC_REPRESENTATION_ITEM ( )  RATIONAL_B_SPLINE_SURFACE ( (
 ( 1.000000000000000000, 1.000000000000000000),
 ( 0.9935868805207672683, 0.8436843346538653865),
 ( 0.9935868805207672683, 0.8436843346538653865),
 ( 1.000000000000000000, 1.000000000000000000) ) ) 
 REPRESENTATION_ITEM ( '' )  SURFACE ( )  );
#720 = LINE ( 'NONE', #1046, #3597 ) ;
#721 = CARTESIAN_POINT ( 'NONE',  ( 7.413576735887797753, 6.326312695853114398, -3.315892111390318586 ) ) ;
#722 = ORIENTED_EDGE ( 'NONE', *, *, #1411, .F. ) ;
#723 = ADVANCED_FACE ( 'NONE', ( #1050 ), #35, .F. ) ;
#724 = CARTESIAN_POINT ( 'NONE',  ( 42.31703308766501692, 0.005579094769561585183, 0.01120994384169188979 ) ) ;
#725 = CARTESIAN_POINT ( 'NONE',  ( 42.31647246991754940, -0.01237462336571920271, 0.004117524611716835183 ) ) ;
#726 = CARTESIAN_POINT ( 'NONE',  ( 7.445848533695719418, 4.718020212815817516, -5.546199863262673446 ) ) ;
#727 = EDGE_LOOP ( 'NONE', ( #3139, #1827, #2941, #3844 ) ) ;
#728 = VERTEX_POINT ( 'NONE', #1374 ) ;
#729 = CARTESIAN_POINT ( 'NONE',  ( 0.5595309360302109791, -5.539290238235867747, 9.256254693788660504 ) ) ;
#730 = CARTESIAN_POINT ( 'NONE',  ( 7.413576434723054831, -5.315125312513703904, 4.771188050957211324 ) ) ;
#731 = CARTESIAN_POINT ( 'NONE',  ( 0.1768972933276640735, -7.439719858871069569, 5.302486802926806853 ) ) ;
#732 = B_SPLINE_CURVE_WITH_KNOTS ( 'NONE', 3,
 ( #1295, #1618, #2860, #64, #2583, #1315 ),
 .UNSPECIFIED., .F., .F.,
 ( 4, 2, 4 ),
 ( 0.000000000000000000, 0.0001623299153823886331, 0.0003246598307647772662 ),
 .UNSPECIFIED. ) ;
#733 = ORIENTED_EDGE ( 'NONE', *, *, #3439, .T. ) ;
#734 = LINE ( 'NONE', #2308, #1228 ) ;
#735 = ORIENTED_EDGE ( 'NONE', *, *, #3991, .T. ) ;
#736 = B_SPLINE_CURVE_WITH_KNOTS ( 'NONE', 3,
 ( #453, #2333, #3514, #3264, #3826, #1979 ),
 .UNSPECIFIED., .F., .F.,
 ( 4, 2, 4 ),
 ( 4.338925755574552057E-19, 0.0001965022614975658530, 0.0003930045229951312723 ),
 .UNSPECIFIED. ) ;
#737 = DIRECTION ( 'NONE',  ( -1.000000000000000000, -0.000000000000000000, -0.000000000000000000 ) ) ;
#738 = ADVANCED_FACE ( 'NONE', ( #2606 ), #1683, .F. ) ;
#739 = CARTESIAN_POINT ( 'NONE',  ( 42.31691042206860232, -0.01244120504396385544, -6.887790746353951812E-05 ) ) ;
#740 = CARTESIAN_POINT ( 'NONE',  ( 0.07590485995811614706, -7.087092104619173938, 5.121335259187890898 ) ) ;
#741 = CARTESIAN_POINT ( 'NONE',  ( 7.458129973201925722, -3.284421403251845728, -6.557881386733035001 ) ) ;
#742 = EDGE_CURVE ( 'NONE', #3442, #3202, #3852, .T. ) ;
#743 = VERTEX_POINT ( 'NONE', #1069 ) ;
#744 =( BOUNDED_SURFACE ( )  B_SPLINE_SURFACE ( 3, 1, ( 
 ( #2181, #1866 ),
 ( #298, #606 ),
 ( #1254, #1848 ),
 ( #3979, #1543 ) ),
 .UNSPECIFIED., .F., .F., .F. ) 
 B_SPLINE_SURFACE_WITH_KNOTS ( ( 4, 4 ),
 ( 2, 2 ),
 ( 0.000000000000000000, 1.000000000000000000 ),
 ( 0.000000000000000000, 1.000000000000000000 ),
 .UNSPECIFIED. ) 
 GEOMETRIC_REPRESENTATION_ITEM ( )  RATIONAL_B_SPLINE_SURFACE ( (
 ( 1.000000000000000000, 1.000000000000000000),
 ( 0.9935868805207672683, 0.8436843346538670518),
 ( 0.9935868805207672683, 0.8436843346538670518),
 ( 1.000000000000000000, 1.000000000000000000) ) ) 
 REPRESENTATION_ITEM ( '' )  SURFACE ( )  );
#745 = VECTOR ( 'NONE', #354, 1000.000000000000227 ) ;
#746 = CARTESIAN_POINT ( 'NONE',  ( 7.458129973201924834, 7.296397494899940384, 0.7455305714833527775 ) ) ;
#747 = AXIS2_PLACEMENT_3D ( 'NONE', #2009, #3235, #518 ) ;
#748 = CARTESIAN_POINT ( 'NONE',  ( 7.969186335162198098, -5.416986195333366005, 7.847859361422109714 ) ) ;
#749 = VERTEX_POINT ( 'NONE', #2587 ) ;
#750 = VERTEX_POINT ( 'NONE', #2300 ) ;
#751 = CARTESIAN_POINT ( 'NONE',  ( 6.147639088042815558, -5.704408898085691959, 8.264263034450344492 ) ) ;
#752 = UNCERTAINTY_MEASURE_WITH_UNIT (LENGTH_MEASURE( 1.000000000000000082E-05 ), #1427, 'distance_accuracy_value', 'NONE');
#753 = CARTESIAN_POINT ( 'NONE',  ( 7.418146516826700676, -3.102424544144316787, 6.455467782093411877 ) ) ;
#754 = VERTEX_POINT ( 'NONE', #3544 ) ;
#755 = CARTESIAN_POINT ( 'NONE',  ( 7.507077051279994251, 3.605173156416023872, -6.628295708678455078 ) ) ;
#756 = ORIENTED_EDGE ( 'NONE', *, *, #2757, .F. ) ;
#757 = CARTESIAN_POINT ( 'NONE',  ( 0.3718760350538646842, -0.1261095645217059080, 9.975790817151004575 ) ) ;
#758 = CARTESIAN_POINT ( 'NONE',  ( 0.5600391835297041654, -5.541889957795032018, -9.257247771076988485 ) ) ;
#759 = CARTESIAN_POINT ( 'NONE',  ( 0.1176192779148810125, -6.015630120710603990, 6.532688883948098990 ) ) ;
#760 = CARTESIAN_POINT ( 'NONE',  ( 0.06384271922811445010, -8.291799011179909584, -2.460024955996719775 ) ) ;
#761 = EDGE_CURVE ( 'NONE', #643, #1266, #1335, .T. ) ;
#762 =( BOUNDED_SURFACE ( )  B_SPLINE_SURFACE ( 3, 1, ( 
 ( #4035, #3432 ),
 ( #3411, #1844 ),
 ( #1007, #620 ),
 ( #2479, #3787 ) ),
 .UNSPECIFIED., .F., .F., .F. ) 
 B_SPLINE_SURFACE_WITH_KNOTS ( ( 4, 4 ),
 ( 2, 2 ),
 ( 0.000000000000000000, 1.000000000000000000 ),
 ( 0.000000000000000000, 1.000000000000000000 ),
 .UNSPECIFIED. ) 
 GEOMETRIC_REPRESENTATION_ITEM ( )  RATIONAL_B_SPLINE_SURFACE ( (
 ( 1.000000000000000000, 1.000000000000000000),
 ( 0.9935868805207672683, 0.8436843346538670518),
 ( 0.9935868805207672683, 0.8436843346538670518),
 ( 1.000000000000000000, 1.000000000000000000) ) ) 
 REPRESENTATION_ITEM ( '' )  SURFACE ( )  );
#763 = CARTESIAN_POINT ( 'NONE',  ( 0.06930270350510230049, 7.307724843803431902, 4.670132498508750452 ) ) ;
#764 = VERTEX_POINT ( 'NONE', #2550 ) ;
#765 = CARTESIAN_POINT ( 'NONE',  ( 7.434447245088825262, -7.156911878831394347, 1.042821453242067431 ) ) ;
#766 = CARTESIAN_POINT ( 'NONE',  ( 42.31647246991754940, -0.01041824361100346201, 0.007845094800783949940 ) ) ;
#767 = CARTESIAN_POINT ( 'NONE',  ( 7.413556062442729022, -2.057249761320914416, 6.839682910981788488 ) ) ;
#768 = ORIENTED_EDGE ( 'NONE', *, *, #3642, .F. ) ;
#769 = ORIENTED_EDGE ( 'NONE', *, *, #2228, .F. ) ;
#770 = CARTESIAN_POINT ( 'NONE',  ( 7.413556062442729910, 3.634313081514152888, -6.148602062970605964 ) ) ;
#771 = CARTESIAN_POINT ( 'NONE',  ( 7.445848493750774288, 1.600151770163093623, 7.103489245349067005 ) ) ;
#772 = CARTESIAN_POINT ( 'NONE',  ( 0.06387330960167564298, 8.645472750306545606, 0.2524558619334842380 ) ) ;
#773 = ORIENTED_EDGE ( 'NONE', *, *, #2341, .F. ) ;
#774 = CARTESIAN_POINT ( 'NONE',  ( 0.07590485995811632747, 5.655538338732872816, 6.668570719088098286 ) ) ;
#775 = EDGE_CURVE ( 'NONE', #2076, #2635, #2449, .T. ) ;
#776 = ORIENTED_EDGE ( 'NONE', *, *, #1170, .F. ) ;
#777 = CARTESIAN_POINT ( 'NONE',  ( 0.06377903728224926239, -3.626159543129688245, 7.851707700650651489 ) ) ;
#778 = CARTESIAN_POINT ( 'NONE',  ( 0.1074819131976416514, -3.975952073493532968, -7.943145710860799014 ) ) ;
#779 = CARTESIAN_POINT ( 'NONE',  ( 42.32077784063513093, -0.01173126853466597598, 0.004683088674895331642 ) ) ;
#780 = DIRECTION ( 'NONE',  ( 0.000000000000000000, 0.8660254037844385966, 0.5000000000000001110 ) ) ;
#781 = DIRECTION ( 'NONE',  ( 0.000000000000000000, 3.004629197474319049E-16, -1.000000000000000000 ) ) ;
#782 = ORIENTED_EDGE ( 'NONE', *, *, #66, .F. ) ;
#783 = CARTESIAN_POINT ( 'NONE',  ( 21.18798712880127155, -4.110200940176570228, -1.328320990851786565 ) ) ;
#784 = CARTESIAN_POINT ( 'NONE',  ( 0.2361091061329887997, -8.817485264775195120, 3.232285114691158867 ) ) ;
#785 = ADVANCED_FACE ( 'NONE', ( #3459 ), #1962, .F. ) ;
#786 = ORIENTED_EDGE ( 'NONE', *, *, #884, .T. ) ;
#787 = VERTEX_POINT ( 'NONE', #89 ) ;
#788 = CARTESIAN_POINT ( 'NONE',  ( 0.7361483507723703967, -10.22255782253283307, -5.365212229691227463 ) ) ;
#789 = CARTESIAN_POINT ( 'NONE',  ( 42.32077784063513093, -0.0002187988233629705511, 0.01262957275778933686 ) ) ;
#790 = CARTESIAN_POINT ( 'NONE',  ( 0.06375423724002887704, 1.706968828191940402, -8.478630266799685344 ) ) ;
#791 = CARTESIAN_POINT ( 'NONE',  ( 7.458129973201925722, -4.967053733499509960, 5.396444148244934347 ) ) ;
#792 = EDGE_CURVE ( 'NONE', #694, #3648, #2568, .T. ) ;
#793 = ORIENTED_EDGE ( 'NONE', *, *, #835, .F. ) ;
#794 = CARTESIAN_POINT ( 'NONE',  ( 0.7361483507723703967, -10.22255782253283307, -5.365212229691227463 ) ) ;
#795 = ORIENTED_EDGE ( 'NONE', *, *, #1839, .T. ) ;
#796 = DIRECTION ( 'NONE',  ( 0.000000000000000000, 0.000000000000000000, 1.000000000000000000 ) ) ;
#797 = EDGE_CURVE ( 'NONE', #3013, #3556, #712, .T. ) ;
#798 = FILL_AREA_STYLE ('',( #2311 ) ) ;
#799 = CARTESIAN_POINT ( 'NONE',  ( 0.1027506065886545916, 5.711139478544994041, 6.716644944036731957 ) ) ;
#800 = CARTESIAN_POINT ( 'NONE',  ( 0.5600391835297039433, 4.470413242889630823, -9.819602132327782229 ) ) ;
#801 = CARTESIAN_POINT ( 'NONE',  ( 0.1176192779148810125, -8.793564953341915569, 1.239776276195220239 ) ) ;
#802 = CARTESIAN_POINT ( 'NONE',  ( 7.413556062442729022, 7.124725435817317098, -0.5018230439597408665 ) ) ;
#803 = CARTESIAN_POINT ( 'NONE',  ( 0.5600391835297039433, 7.596257107406551690, 7.661987898554442289 ) ) ;
#804 = FACE_OUTER_BOUND ( 'NONE', #3162, .T. ) ;
#805 = DIRECTION ( 'NONE',  ( 0.000000000000000000, -0.8660254037844387076, 0.4999999999999998335 ) ) ;
#806 = ORIENTED_EDGE ( 'NONE', *, *, #4029, .T. ) ;
#807 = VERTEX_POINT ( 'NONE', #541 ) ;
#808 = CARTESIAN_POINT ( 'NONE',  ( 0.1074819131976416930, -2.291237037356737449, -8.582073846881566936 ) ) ;
#809 = CARTESIAN_POINT ( 'NONE',  ( 7.647656735037465126, 6.664302903220838736, -4.693360166900653496 ) ) ;
#810 = CARTESIAN_POINT ( 'NONE',  ( 42.31959510201222230, 0.007013353461207240749, 0.01211338729332237657 ) ) ;
#811 = EDGE_CURVE ( 'NONE', #807, #3943, #1442, .T. ) ;
#812 = CARTESIAN_POINT ( 'NONE',  ( 0.000000000000000000, 1.220841439119201568E-15, 8.373863283429843207 ) ) ;
#813 = EDGE_LOOP ( 'NONE', ( #3969, #2707, #3153, #183 ) ) ;
#814 = AXIS2_PLACEMENT_3D ( 'NONE', #2410, #1506, #219 ) ;
#815 = CARTESIAN_POINT ( 'NONE',  ( 0.7361483507723660669, 11.20948819974524113, 2.762890697155381492 ) ) ;
#816 = EDGE_LOOP ( 'NONE', ( #3245, #3277, #1778, #406 ) ) ;
#817 = CARTESIAN_POINT ( 'NONE',  ( 0.06381443886812741828, 7.879952939431175807, -3.565092992768319480 ) ) ;
#818 = CARTESIAN_POINT ( 'NONE',  ( 0.1074819131976419151, 4.278482556836431527, 7.784365464540463186 ) ) ;
#819 = VERTEX_POINT ( 'NONE', #3626 ) ;
#820 = CARTESIAN_POINT ( 'NONE',  ( 0.06381443886812711297, -8.262323412486869856, -2.556864916691362399 ) ) ;
#821 = CARTESIAN_POINT ( 'NONE',  ( 0.06386368320973567769, -3.349500431615338947, -7.974051723997258811 ) ) ;
#822 = CARTESIAN_POINT ( 'NONE',  ( 0.5595309360302102020, 7.593495272022035891, -7.661645831900528059 ) ) ;
#823 = CARTESIAN_POINT ( 'NONE',  ( 0.1027505222336364821, 5.711139201602938087, -6.716644702618522089 ) ) ;
#824 = EDGE_CURVE ( 'NONE', #3633, #3531, #864, .T. ) ;
#825 = DIRECTION ( 'NONE',  ( 0.000000000000000000, 0.8660254037844387076, 0.4999999999999998335 ) ) ;
#826 = ORIENTED_EDGE ( 'NONE', *, *, #3725, .T. ) ;
#827 = CARTESIAN_POINT ( 'NONE',  ( 0.07590485995811614706, -2.275414156359635509, -8.442596742317775238 ) ) ;
#828 = CARTESIAN_POINT ( 'NONE',  ( 0.4166821207338475830, 8.427614350687981926, 5.823939716505128317 ) ) ;
#829 = CARTESIAN_POINT ( 'NONE',  ( 42.31828303470383901, 0.001548006968646871472, 0.01386208051436914335 ) ) ;
#830 = CARTESIAN_POINT ( 'NONE',  ( 0.07590485995811614706, -8.655311575143731062, 1.241181241213184405 ) ) ;
#831 = VERTEX_POINT ( 'NONE', #1131 ) ;
#832 = CARTESIAN_POINT ( 'NONE',  ( 7.434426509969021879, 6.048504848700408054, -3.965244363734693245 ) ) ;
#833 = VERTEX_POINT ( 'NONE', #3956 ) ;
#834 = FACE_OUTER_BOUND ( 'NONE', #2547, .T. ) ;
#835 = EDGE_CURVE ( 'NONE', #2698, #1468, #2899, .T. ) ;
#836 = CARTESIAN_POINT ( 'NONE',  ( 21.18798712880127155, -1.241673511896658644, -4.137201386592154861 ) ) ;
#837 = CARTESIAN_POINT ( 'NONE',  ( 0.06550413281379187380, 8.656034932139998972, -0.2024446925103474959 ) ) ;
#838 = CARTESIAN_POINT ( 'NONE',  ( 0.06377903728225012281, 1.641753292910157258, 8.491348124644634510 ) ) ;
#839 = CARTESIAN_POINT ( 'NONE',  ( 0.1027505222336368429, 7.356074560290402076, 4.859896511732291202 ) ) ;
#840 =( BOUNDED_SURFACE ( )  B_SPLINE_SURFACE ( 3, 1, ( 
 ( #2460, #252 ),
 ( #583, #3706 ),
 ( #4033, #271 ),
 ( #619, #1862 ) ),
 .UNSPECIFIED., .F., .F., .T. ) 
 B_SPLINE_SURFACE_WITH_KNOTS ( ( 4, 4 ),
 ( 2, 2 ),
 ( 0.000000000000000000, 1.000000000000000000 ),
 ( 0.000000000000000000, 1.000000000000000000 ),
 .UNSPECIFIED. ) 
 GEOMETRIC_REPRESENTATION_ITEM ( )  RATIONAL_B_SPLINE_SURFACE ( (
 ( 1.000000000000000000, 1.000000000000000000),
 ( 0.9935868805207672683, 0.8436843346538670518),
 ( 0.9935868805207672683, 0.8436843346538670518),
 ( 1.000000000000000000, 1.000000000000000000) ) ) 
 REPRESENTATION_ITEM ( '' )  SURFACE ( )  );
#841 = CARTESIAN_POINT ( 'NONE',  ( 0.05906383553393916575, 4.402427817961136469, 7.445380551968956873 ) ) ;
#842 = CARTESIAN_POINT ( 'NONE',  ( 0.3506278047350289695, 9.806765417956459174, -1.260953002792224886 ) ) ;
#843 = CARTESIAN_POINT ( 'NONE',  ( 0.7393912915810844089, -7.428023039087395141, 9.545203367186253729 ) ) ;
#844 = ORIENTED_EDGE ( 'NONE', *, *, #2649, .T. ) ;
#845 = CARTESIAN_POINT ( 'NONE',  ( 0.4998984000000070149, -5.000000000000000888, -2.886751345948129543 ) ) ;
#846 = B_SPLINE_CURVE_WITH_KNOTS ( 'NONE', 3,
 ( #969, #1719, #25, #3769, #3437, #1298 ),
 .UNSPECIFIED., .F., .F.,
 ( 4, 2, 4 ),
 ( 3.957507100481805592E-17, 0.001582994267025927522, 0.003165988534051815146 ),
 .UNSPECIFIED. ) ;
#847 = CARTESIAN_POINT ( 'NONE',  ( 0.7361483507723657338, 8.641529542160698796, 7.655727129190238678 ) ) ;
#848 = CARTESIAN_POINT ( 'NONE',  ( 7.458129973201924834, 7.296397494899940384, -0.7455305714833529995 ) ) ;
#849 = CARTESIAN_POINT ( 'NONE',  ( 21.18798712880127155, -1.814066011780413046, -3.920121545088741222 ) ) ;
#850 = ORIENTED_EDGE ( 'NONE', *, *, #243, .F. ) ;
#851 = CARTESIAN_POINT ( 'NONE',  ( 7.445848493750776065, 6.074456186432978910, -4.015099897319127642 ) ) ;
#852 = ORIENTED_EDGE ( 'NONE', *, *, #835, .T. ) ;
#853 = B_SPLINE_CURVE_WITH_KNOTS ( 'NONE', 3,
 ( #2380, #2977, #211, #2959, #3290, #2359 ),
 .UNSPECIFIED., .F., .F.,
 ( 4, 2, 4 ),
 ( 4.338925755574552057E-19, 0.0001965022614975653380, 0.0003930045229951302423 ),
 .UNSPECIFIED. ) ;
#854 = DIRECTION ( 'NONE',  ( 1.000000000000000000, 0.000000000000000000, 0.000000000000000000 ) ) ;
#855 = DIRECTION ( 'NONE',  ( 0.9785289697799391950, 0.09205756945496477994, -0.1844084032994566524 ) ) ;
#856 = DIRECTION ( 'NONE',  ( 0.9785289697799391950, -0.09947048077354340989, -0.1805178073102231828 ) ) ;
#857 = EDGE_LOOP ( 'NONE', ( #871, #3895, #3212, #3173 ) ) ;
#858 = CARTESIAN_POINT ( 'NONE',  ( 0.06379785914325697416, -8.513195918471359036, -1.525708836555744963 ) ) ;
#859 = CARTESIAN_POINT ( 'NONE',  ( 7.413560099979261686, -6.810164650774757078, -2.153396409724441352 ) ) ;
#860 = ADVANCED_FACE ( 'NONE', ( #2672 ), #1708, .F. ) ;
#861 = CARTESIAN_POINT ( 'NONE',  ( 0.4998984000000070149, 5.135016463628653484E-16, -5.773502691896258199 ) ) ;
#862 = CARTESIAN_POINT ( 'NONE',  ( 0.7361483507723656228, 8.641529542160803601, -7.655727129190117886 ) ) ;
#863 = DIRECTION ( 'NONE',  ( 0.9785289697799391950, -0.1911914707854258377, 0.07698621175454996302 ) ) ;
#864 = LINE ( 'NONE', #562, #2314 ) ;
#865 = EDGE_CURVE ( 'NONE', #486, #3894, #1766, .T. ) ;
#866 = ORIENTED_EDGE ( 'NONE', *, *, #922, .F. ) ;
#867 = ORIENTED_EDGE ( 'NONE', *, *, #551, .F. ) ;
#868 = CARTESIAN_POINT ( 'NONE',  ( 7.507077051279991586, 6.272544901852917576, -4.193656870043941609 ) ) ;
#869 = CARTESIAN_POINT ( 'NONE',  ( 0.1027505222336368290, 1.935582187711716973, -8.601392249857724437 ) ) ;
#870 = DIRECTION ( 'NONE',  ( 0.6546536707079768647, -0.6546536707079765316, 0.3779644730092286409 ) ) ;
#871 = ORIENTED_EDGE ( 'NONE', *, *, #1815, .F. ) ;
#872 =( BOUNDED_SURFACE ( )  B_SPLINE_SURFACE ( 3, 1, ( 
 ( #2699, #3570 ),
 ( #482, #2050 ),
 ( #2363, #2385 ),
 ( #1460, #2013 ) ),
 .UNSPECIFIED., .F., .F., .F. ) 
 B_SPLINE_SURFACE_WITH_KNOTS ( ( 4, 4 ),
 ( 2, 2 ),
 ( 0.000000000000000000, 1.000000000000000000 ),
 ( 0.000000000000000000, 1.000000000000000000 ),
 .UNSPECIFIED. ) 
 GEOMETRIC_REPRESENTATION_ITEM ( )  RATIONAL_B_SPLINE_SURFACE ( (
 ( 1.000000000000000000, 1.000000000000000000),
 ( 0.9935868805207672683, 0.8436843346538653865),
 ( 0.9935868805207672683, 0.8436843346538653865),
 ( 1.000000000000000000, 1.000000000000000000) ) ) 
 REPRESENTATION_ITEM ( '' )  SURFACE ( )  );
#873 = CARTESIAN_POINT ( 'NONE',  ( 7.418134328448551251, 6.034454913649669905, -3.857810997149342391 ) ) ;
#874 = ORIENTED_EDGE ( 'NONE', *, *, #2629, .T. ) ;
#875 = CARTESIAN_POINT ( 'NONE',  ( 0.06384271922811476929, 7.837798969701927909, -3.657124681559293933 ) ) ;
#876 = VECTOR ( 'NONE', #994, 1000.000000000000114 ) ;
#877 = CARTESIAN_POINT ( 'NONE',  ( 3.999898400000003740, -4.158062588968156344E-17, 5.773502691896257311 ) ) ;
#878 = CARTESIAN_POINT ( 'NONE',  ( 1.915078604103046311, 8.396416314813247794, 7.438575758570951102 ) ) ;
#879 = B_SPLINE_CURVE_WITH_KNOTS ( 'NONE', 3,
 ( #2376, #1720, #3621, #457, #3303, #2686 ),
 .UNSPECIFIED., .F., .F.,
 ( 4, 2, 4 ),
 ( 4.143654759469598522E-17, 0.001582994267025928390, 0.003165988534051815580 ),
 .UNSPECIFIED. ) ;
#880 = CARTESIAN_POINT ( 'NONE',  ( 0.06389206181261260220, -8.397903008957372961, -2.069297879485428204 ) ) ;
#881 = VECTOR ( 'NONE', #292, 1000.000000000000114 ) ;
#882 = CARTESIAN_POINT ( 'NONE',  ( 42.31959510201222230, 0.01183938784940849476, -0.007466603902786206511 ) ) ;
#883 = CARTESIAN_POINT ( 'NONE',  ( 3.999898400000003740, -5.000000000000002665, 2.886751345948127767 ) ) ;
#884 = EDGE_CURVE ( 'NONE', #3338, #1080, #663, .T. ) ;
#885 = CARTESIAN_POINT ( 'NONE',  ( -0.0001015999999967978526, 0.000000000000000000, 0.000000000000000000 ) ) ;
#886 = CARTESIAN_POINT ( 'NONE',  ( 0.05906383553393917962, -6.860441310735875931, -5.267770617438106484 ) ) ;
#887 = ORIENTED_EDGE ( 'NONE', *, *, #1499, .T. ) ;
#888 = EDGE_CURVE ( 'NONE', #2302, #3815, #2001, .T. ) ;
#889 = CARTESIAN_POINT ( 'NONE',  ( 0.06550413281379187380, 4.750579575750414563, -7.238778784741007222 ) ) ;
#890 = DIRECTION ( 'NONE',  ( 0.9785289697799391950, 0.1397807883546858254, 0.1514674437242315985 ) ) ;
#891 = CARTESIAN_POINT ( 'NONE',  ( 0.08905512610961306696, -8.665884766248581172, 1.264311632808504005 ) ) ;
#892 = CARTESIAN_POINT ( 'NONE',  ( 42.32077784063513093, -0.002810013666992015532, 0.01231494231251998098 ) ) ;
#893 = ORIENTED_EDGE ( 'NONE', *, *, #1783, .F. ) ;
#894 = CARTESIAN_POINT ( 'NONE',  ( 42.31959510201222230, 0.01287043340513780408, 0.005502110727142507825 ) ) ;
#895 = CARTESIAN_POINT ( 'NONE',  ( 42.31718733146613687, -0.01202367561758048431, 0.003597961285641408744 ) ) ;
#896 = VECTOR ( 'NONE', #238, 1000.000000000000227 ) ;
#897 = CARTESIAN_POINT ( 'NONE',  ( 7.969186335162176782, 9.258765751147590706, -2.282080796656460020 ) ) ;
#898 = CARTESIAN_POINT ( 'NONE',  ( 42.31737018592016142, -0.01228246857665230701, -0.002462225921218109351 ) ) ;
#899 = ORIENTED_EDGE ( 'NONE', *, *, #2367, .F. ) ;
#900 = VECTOR ( 'NONE', #2964, 1000.000000000000114 ) ;
#901 = CARTESIAN_POINT ( 'NONE',  ( -0.0001015999999968075426, -0.2500000000000020539, -6.206515393788482271 ) ) ;
#902 = DIRECTION ( 'NONE',  ( 0.000000000000000000, 0.8660254037844387076, 0.4999999999999998890 ) ) ;
#903 = CARTESIAN_POINT ( 'NONE',  ( 7.458129973201925722, -1.890255015740988531, 7.086618954908218804 ) ) ;
#904 = CARTESIAN_POINT ( 'NONE',  ( 0.6056676845882761340, -0.7849115158272751414, -10.95701587935982246 ) ) ;
#905 = CARTESIAN_POINT ( 'NONE',  ( 7.413570530636548028, -2.252162211473019315, -6.778190384536825874 ) ) ;
#906 = B_SPLINE_CURVE_WITH_KNOTS ( 'NONE', 3,
 ( #2321, #3604, #3870, #765, #2007, #3233 ),
 .UNSPECIFIED., .F., .F.,
 ( 4, 2, 4 ),
 ( 2.168404344971008868E-19, 0.0001623299153823895276, 0.0003246598307647788383 ),
 .UNSPECIFIED. ) ;
#907 = ORIENTED_EDGE ( 'NONE', *, *, #3115, .T. ) ;
#908 = ORIENTED_EDGE ( 'NONE', *, *, #2445, .F. ) ;
#909 = CARTESIAN_POINT ( 'NONE',  ( 7.413565931491591599, 4.363879247595789046, -5.654264240609784942 ) ) ;
#910 = CARTESIAN_POINT ( 'NONE',  ( 0.4166821207338480826, -0.005577810949452761957, -10.24416547862406013 ) ) ;
#911 = CARTESIAN_POINT ( 'NONE',  ( 7.969186335162198098, -8.443585163731594179, -4.431535352437633080 ) ) ;
#912 = EDGE_CURVE ( 'NONE', #982, #2039, #150, .T. ) ;
#913 = CARTESIAN_POINT ( 'NONE',  ( 42.31691042206860232, -0.01104814913220583152, -0.005720727913879441844 ) ) ;
#914 = ORIENTED_EDGE ( 'NONE', *, *, #2135, .T. ) ;
#915 = CARTESIAN_POINT ( 'NONE',  ( 7.413556062442729022, 4.460297618939086384, 5.578466102228962775 ) ) ;
#916 = CARTESIAN_POINT ( 'NONE',  ( 0.06387330960167564298, 4.703421187052448715, 7.258495861795592141 ) ) ;
#917 = EDGE_CURVE ( 'NONE', #3401, #152, #1089, .T. ) ;
#918 = CARTESIAN_POINT ( 'NONE',  ( 7.413565931491588934, 7.132334203072153933, 0.3794140296863669493 ) ) ;
#919 = FACE_OUTER_BOUND ( 'NONE', #500, .T. ) ;
#920 = ORIENTED_EDGE ( 'NONE', *, *, #2785, .T. ) ;
#921 = CARTESIAN_POINT ( 'NONE',  ( 7.413575171585923052, -6.896165055100000885, -1.860157007857707212 ) ) ;
#922 = EDGE_CURVE ( 'NONE', #750, #3612, #4007, .T. ) ;
#923 = DIRECTION ( 'NONE',  ( -0.7071067811865489050, 0.3535533905932729537, 0.6123724356957935822 ) ) ;
#924 = CARTESIAN_POINT ( 'NONE',  ( 7.413575171585922163, -5.241792836746310691, -4.851894930612118628 ) ) ;
#925 = CARTESIAN_POINT ( 'NONE',  ( 0.4541267573082897191, -0.3121753031811961288, -10.32772403567633113 ) ) ;
#926 = EDGE_LOOP ( 'NONE', ( #3369, #1112 ) ) ;
#927 = CARTESIAN_POINT ( 'NONE',  ( 7.413576555707940052, 4.102240674230334783, -5.847134613072720200 ) ) ;
#928 = CARTESIAN_POINT ( 'NONE',  ( 0.06377903728224926239, 7.357374677854994438, -4.546139537931648711 ) ) ;
#929 = B_SPLINE_CURVE_WITH_KNOTS ( 'NONE', 3,
 ( #2750, #3616, #817, #2373, #875, #1490, #3366, #2392, #1205, #2987, #1447, #1775, #3040, #1794, #3300, #2436, #2414, #2730, #3657, #1532, #203, #2101, #2682, #1225, #3680 ),
 .UNSPECIFIED., .F., .F.,
 ( 4, 3, 3, 3, 3, 3, 3, 3, 4 ),
 ( 3.127317220692751144E-18, 0.0001518396426109989668, 0.0003036792827425924724, 0.0004555189212204422398, 0.0006073585588422190365, 0.0007591981963891901658, 0.0009110378346411177877, 0.001062271348283227610, 0.001213553284518156458 ),
 .UNSPECIFIED. ) ;
#930 = CARTESIAN_POINT ( 'NONE',  ( 42.31737018592016142, -0.009003609608577007456, -0.008709569727598027306 ) ) ;
#931 = CARTESIAN_POINT ( 'NONE',  ( 0.06377903728225012281, 0.4380656911629109973, -8.637502260428837175 ) ) ;
#932 = ORIENTED_EDGE ( 'NONE', *, *, #364, .F. ) ;
#933 = CARTESIAN_POINT ( 'NONE',  ( 7.823137925641796997, 8.770125862569308595, -1.567886020809899250 ) ) ;
#934 = CARTESIAN_POINT ( 'NONE',  ( 0.06382842314804794415, 5.280964367821756156, 6.849338802566307116 ) ) ;
#935 = CARTESIAN_POINT ( 'NONE',  ( 0.7361483507723657338, 8.641529542160698796, 7.655727129190238678 ) ) ;
#936 = VECTOR ( 'NONE', #1346, 1000.000000000000114 ) ;
#937 = CARTESIAN_POINT ( 'NONE',  ( 21.21242604955889988, 3.696981666190346072, 2.453965538048071160 ) ) ;
#938 = EDGE_CURVE ( 'NONE', #2232, #588, #1745, .T. ) ;
#939 = ORIENTED_EDGE ( 'NONE', *, *, #1086, .F. ) ;
#940 = CARTESIAN_POINT ( 'NONE',  ( 7.413568538372651950, -6.846167419154286726, -2.036165167917649566 ) ) ;
#941 = CARTESIAN_POINT ( 'NONE',  ( 7.554659454625533677, -3.545967346569402601, -6.891783004511515820 ) ) ;
#942 = CARTESIAN_POINT ( 'NONE',  ( 7.413576735887803082, -5.343754382051155716, -4.739373579324795749 ) ) ;
#943 = CARTESIAN_POINT ( 'NONE',  ( 7.413575350526961039, -6.898196905249454502, 1.852610868085285967 ) ) ;
#944 = CARTESIAN_POINT ( 'NONE',  ( 7.413572568327800205, 1.107727806529702264, 7.056206876023006558 ) ) ;
#945 = VERTEX_POINT ( 'NONE', #1824 ) ;
#946 = CARTESIAN_POINT ( 'NONE',  ( 21.21242604955889988, -4.394510663756722835, 0.6147327290811435141 ) ) ;
#947 = ADVANCED_FACE ( 'NONE', ( #3066 ), #596, .F. ) ;
#948 = CARTESIAN_POINT ( 'NONE',  ( 0.1176192779148814427, 5.759954142422722079, -6.759198035332818044 ) ) ;
#949 = CARTESIAN_POINT ( 'NONE',  ( 0.05906383553393916575, 0.4381153717331099928, -8.638467293278758063 ) ) ;
#950 = CARTESIAN_POINT ( 'NONE',  ( 0.07590485995811614706, 4.229740404072596327, 7.652727974422735002 ) ) ;
#951 = EDGE_LOOP ( 'NONE', ( #3018, #2361, #735, #2247 ) ) ;
#952 = CARTESIAN_POINT ( 'NONE',  ( 7.413561061157196264, 4.420779554883465856, 5.610090588247848231 ) ) ;
#953 = CARTESIAN_POINT ( 'NONE',  ( 0.06375423724002889092, 7.947444729518606366, -3.411603149951293545 ) ) ;
#954 = FACE_OUTER_BOUND ( 'NONE', #284, .T. ) ;
#955 = CARTESIAN_POINT ( 'NONE',  ( 0.3471135949763304862, -9.808064848842160899, 1.099349933204546659 ) ) ;
#956 = EDGE_LOOP ( 'NONE', ( #3676, #2835, #3736, #2961 ) ) ;
#957 = CARTESIAN_POINT ( 'NONE',  ( 42.31737018592016142, -0.004950865193880910065, 0.01150697721626191099 ) ) ;
#958 = ORIENTED_EDGE ( 'NONE', *, *, #1906, .T. ) ;
#959 = CARTESIAN_POINT ( 'NONE',  ( 0.06377903728224926239, 1.641753292910273831, -8.491348124644611417 ) ) ;
#960 = EDGE_CURVE ( 'NONE', #181, #4019, #1968, .T. ) ;
#961 = CARTESIAN_POINT ( 'NONE',  ( 0.7361483507723656228, 8.641529542160803601, -7.655727129190117886 ) ) ;
#962 = VECTOR ( 'NONE', #2229, 1000.000000000000114 ) ;
#963 = CARTESIAN_POINT ( 'NONE',  ( 0.1027506065886550080, -8.728808733744452653, -1.240294939663920903 ) ) ;
#964 = DIRECTION ( 'NONE',  ( 0.000000000000000000, 0.000000000000000000, 1.000000000000000000 ) ) ;
#965 = CARTESIAN_POINT ( 'NONE',  ( 7.413576735887806635, 0.8570715842336957824, 7.091036674534406004 ) ) ;
#966 = B_SPLINE_CURVE_WITH_KNOTS ( 'NONE', 3,
 ( #3650, #1707, #2073, #1750, #809, #1135, #868, #2676 ),
 .UNSPECIFIED., .F., .F.,
 ( 4, 2, 2, 4 ),
 ( 0.0003971953635619513041, 0.001705102816264135934, 0.002359056542615228357, 0.003013010268966320564 ),
 .UNSPECIFIED. ) ;
#967 = EDGE_CURVE ( 'NONE', #3037, #1266, #2693, .T. ) ;
#968 = ORIENTED_EDGE ( 'NONE', *, *, #1738, .F. ) ;
#969 = CARTESIAN_POINT ( 'NONE',  ( 0.1176192779148814427, 1.959030151442359591, 8.661756788862145839 ) ) ;
#970 = CARTESIAN_POINT ( 'NONE',  ( 42.31737018592016142, -0.01201983925148934068, -0.003527754979006951161 ) ) ;
#971 = CARTESIAN_POINT ( 'NONE',  ( 7.458129973201925722, 1.619578346081389952, 7.153334762018530135 ) ) ;
#972 = EDGE_CURVE ( 'NONE', #2192, #754, #2204, .T. ) ;
#973 = CARTESIAN_POINT ( 'NONE',  ( 0.06382842314804794415, 7.859108175478755065, 3.610601802008428951 ) ) ;
#974 = ORIENTED_EDGE ( 'NONE', *, *, #436, .T. ) ;
#975 =( BOUNDED_SURFACE ( )  B_SPLINE_SURFACE ( 3, 1, ( 
 ( #1494, #2419 ),
 ( #882, #1613 ),
 ( #1958, #715 ),
 ( #2539, #3785 ) ),
 .UNSPECIFIED., .F., .F., .T. ) 
 B_SPLINE_SURFACE_WITH_KNOTS ( ( 4, 4 ),
 ( 2, 2 ),
 ( 0.000000000000000000, 1.000000000000000000 ),
 ( 0.000000000000000000, 1.000000000000000000 ),
 .UNSPECIFIED. ) 
 GEOMETRIC_REPRESENTATION_ITEM ( )  RATIONAL_B_SPLINE_SURFACE ( (
 ( 1.000000000000000000, 1.000000000000000000),
 ( 0.8657215203422357064, 0.9127505936427622313),
 ( 0.8657215203422357064, 0.9127505936427622313),
 ( 1.000000000000000000, 1.000000000000000000) ) ) 
 REPRESENTATION_ITEM ( '' )  SURFACE ( )  );
#976 = CARTESIAN_POINT ( 'NONE',  ( 7.458129973201924834, -6.905960300399800467, -2.470009021420834117 ) ) ;
#977 = CARTESIAN_POINT ( 'NONE',  ( 0.06379785914325744600, 5.360486546863881152, 6.787302570322985673 ) ) ;
#978 = CARTESIAN_POINT ( 'NONE',  ( 0.05906383553393916575, -6.860441310735947873, 5.267770617438013225 ) ) ;
#979 = CARTESIAN_POINT ( 'NONE',  ( 7.413556062442729022, 7.124725435817317098, 0.5018230439597394232 ) ) ;
#980 = EDGE_LOOP ( 'NONE', ( #451, #3261, #2589, #39 ) ) ;
#981 = CARTESIAN_POINT ( 'NONE',  ( 3.999898400000003740, -5.000000000000002665, 2.886751345948127767 ) ) ;
#982 = VERTEX_POINT ( 'NONE', #256 ) ;
#983 = CARTESIAN_POINT ( 'NONE',  ( 0.06388974337535149872, 1.142391507622533053, -8.573453169132767115 ) ) ;
#984 = CARTESIAN_POINT ( 'NONE',  ( 7.413576133558279935, 0.7642615279475492018, -7.101636436269251895 ) ) ;
#985 = CARTESIAN_POINT ( 'NONE',  ( 7.413556062442729910, -5.665703797354387561, 4.348946928151153912 ) ) ;
#986 = CARTESIAN_POINT ( 'NONE',  ( 0.06375423730972111513, 7.947444654823002885, 3.411603321081714046 ) ) ;
#987 = EDGE_CURVE ( 'NONE', #3587, #3601, #1826, .T. ) ;
#988 = CARTESIAN_POINT ( 'NONE',  ( 0.06387330960167529603, -2.829676556582740421, -8.173179529634943208 ) ) ;
#989 = ORIENTED_EDGE ( 'NONE', *, *, #269, .T. ) ;
#990 = CARTESIAN_POINT ( 'NONE',  ( 21.18798712880127155, -3.428047000294414559, -2.628056732100412241 ) ) ;
#991 = CARTESIAN_POINT ( 'NONE',  ( 21.18798712880127155, 0.2154956381671110643, -4.314133754683179056 ) ) ;
#992 = EDGE_CURVE ( 'NONE', #945, #1786, #1640, .T. ) ;
#993 = DIRECTION ( 'NONE',  ( 0.000000000000000000, 0.000000000000000000, -1.000000000000000000 ) ) ;
#994 = DIRECTION ( 'NONE',  ( 0.2261297074532388207, 0.000000000000000000, -0.9740972001844130368 ) ) ;
#995 = B_SPLINE_CURVE_WITH_KNOTS ( 'NONE', 3,
 ( #1429, #2664, #3905, #2355, #3600, #2173, #3120, #2475 ),
 .UNSPECIFIED., .F., .F.,
 ( 4, 2, 2, 4 ),
 ( 0.0004800065146897974531, 0.002063914009317794826, 0.002855867756631795627, 0.003647821503945796427 ),
 .UNSPECIFIED. ) ;
#996 = ORIENTED_EDGE ( 'NONE', *, *, #71, .T. ) ;
#997 = CARTESIAN_POINT ( 'NONE',  ( 7.969186335162199875, -8.443585163731656351, 4.431535352437520281 ) ) ;
#998 = CARTESIAN_POINT ( 'NONE',  ( 42.31828303470383901, 0.01228763679762710434, 0.006600574497074653685 ) ) ;
#999 = CARTESIAN_POINT ( 'NONE',  ( 2.504543697384071343, -11.05376192846081373, -7.413045765321992828E-14 ) ) ;
#1000 = CARTESIAN_POINT ( 'NONE',  ( 7.413570567084490470, -2.250350769854017496, 6.778857915371317766 ) ) ;
#1001 = VERTEX_POINT ( 'NONE', #1926 ) ;
#1002 = FACE_OUTER_BOUND ( 'NONE', #1551, .T. ) ;
#1003 = EDGE_CURVE ( 'NONE', #113, #3607, #3408, .T. ) ;
#1004 = ORIENTED_EDGE ( 'NONE', *, *, #2172, .T. ) ;
#1005 = FACE_OUTER_BOUND ( 'NONE', #3656, .T. ) ;
#1006 = CARTESIAN_POINT ( 'NONE',  ( 0.4998984000000070149, -5.000000000000002665, 2.886751345948127767 ) ) ;
#1007 = CARTESIAN_POINT ( 'NONE',  ( 42.31703308766501692, 0.005579094769560746445, -0.01120994384169169029 ) ) ;
#1008 =( BOUNDED_SURFACE ( )  B_SPLINE_SURFACE ( 3, 1, ( 
 ( #2947, #2234 ),
 ( #3469, #1938 ),
 ( #2873, #384 ),
 ( #3803, #1023 ) ),
 .UNSPECIFIED., .F., .F., .F. ) 
 B_SPLINE_SURFACE_WITH_KNOTS ( ( 4, 4 ),
 ( 2, 2 ),
 ( 0.000000000000000000, 1.000000000000000000 ),
 ( 0.000000000000000000, 1.000000000000000000 ),
 .UNSPECIFIED. ) 
 GEOMETRIC_REPRESENTATION_ITEM ( )  RATIONAL_B_SPLINE_SURFACE ( (
 ( 1.000000000000000000, 1.000000000000000000),
 ( 0.9935868805207672683, 0.8436843346538653865),
 ( 0.9935868805207672683, 0.8436843346538653865),
 ( 1.000000000000000000, 1.000000000000000000) ) ) 
 REPRESENTATION_ITEM ( '' )  SURFACE ( )  );
#1009 = DIRECTION ( 'NONE',  ( -1.000000000000000000, 0.000000000000000000, 0.000000000000000000 ) ) ;
#1010 = CARTESIAN_POINT ( 'NONE',  ( 7.413565931491589822, 0.4830602130828304808, 7.126064764003489316 ) ) ;
#1011 = ORIENTED_EDGE ( 'NONE', *, *, #3259, .F. ) ;
#1012 = CARTESIAN_POINT ( 'NONE',  ( 7.413556062442729910, 0.3606265627984237554, -7.133266249442500317 ) ) ;
#1013 = CARTESIAN_POINT ( 'NONE',  ( 7.413576555707945381, 6.298972890923300483, 3.367536525728585417 ) ) ;
#1014 = CARTESIAN_POINT ( 'NONE',  ( 0.05906383553393916575, 7.921749379217362552, 3.472887707494291210 ) ) ;
#1015 = CARTESIAN_POINT ( 'NONE',  ( 7.458129973201925722, -1.890255015740988531, 7.086618954908218804 ) ) ;
#1016 = EDGE_CURVE ( 'NONE', #3332, #2795, #1632, .T. ) ;
#1017 = ORIENTED_EDGE ( 'NONE', *, *, #424, .F. ) ;
#1018 = CARTESIAN_POINT ( 'NONE',  ( 7.735291164011817600, -0.2573119891766529888, 8.526362838062716776 ) ) ;
#1019 = CARTESIAN_POINT ( 'NONE',  ( 7.413567691083503775, -5.107489355059946057, 4.992775476042963234 ) ) ;
#1020 = B_SPLINE_CURVE_WITH_KNOTS ( 'NONE', 3,
 ( #1730, #217, #3938, #2408, #2700, #1158 ),
 .UNSPECIFIED., .F., .F.,
 ( 4, 2, 4 ),
 ( 2.679010695831683178E-17, 0.001307146423454785909, 0.002614292846909544495 ),
 .UNSPECIFIED. ) ;
#1021 = CARTESIAN_POINT ( 'NONE',  ( 0.06388974337535223424, 8.648643122542875261, 0.1006466039793066369 ) ) ;
#1022 = ORIENTED_EDGE ( 'NONE', *, *, #2954, .F. ) ;
#1023 = CARTESIAN_POINT ( 'NONE',  ( 0.1074819131976416930, 0.1708331495737507588, 8.881023291811059650 ) ) ;
#1024 = VERTEX_POINT ( 'NONE', #355 ) ;
#1025 = CARTESIAN_POINT ( 'NONE',  ( 0.06379792852514833135, 1.592075882964364419, -8.501035850704598218 ) ) ;
#1026 = CARTESIAN_POINT ( 'NONE',  ( 7.823137925641796997, -4.575928386981845897, -7.644230086592939344 ) ) ;
#1027 = CARTESIAN_POINT ( 'NONE',  ( 7.650533637369912654, -8.113265365536372897, 0.9253820907318233147 ) ) ;
#1028 = DIRECTION ( 'NONE',  ( 0.000000000000000000, 0.000000000000000000, 1.000000000000000000 ) ) ;
#1029 = CARTESIAN_POINT ( 'NONE',  ( 7.413572568327801093, 6.204862347121711252, -3.537908933800400391 ) ) ;
#1030 = VECTOR ( 'NONE', #179, 1000.000000000000227 ) ;
#1031 = CARTESIAN_POINT ( 'NONE',  ( 0.3506278047350349647, -9.823564443480243824, -1.122600580290646910 ) ) ;
#1032 = CARTESIAN_POINT ( 'NONE',  ( 0.6553706634321150304, -6.676807768050416314, 8.996700468572306875 ) ) ;
#1033 = CARTESIAN_POINT ( 'NONE',  ( 0.05906383553393916575, 7.358197106101064477, -4.546646852765404923 ) ) ;
#1034 = VECTOR ( 'NONE', #1591, 1000.000000000000114 ) ;
#1035 = CARTESIAN_POINT ( 'NONE',  ( 0.06375423730972114289, -2.428770296534961126, 8.300722173917158386 ) ) ;
#1036 = VERTEX_POINT ( 'NONE', #2545 ) ;
#1037 = ORIENTED_EDGE ( 'NONE', *, *, #2296, .T. ) ;
#1038 = CARTESIAN_POINT ( 'NONE',  ( 0.1176192779148810125, -2.290684038360597974, -8.580011447548290704 ) ) ;
#1039 = CARTESIAN_POINT ( 'NONE',  ( 7.413572568327799317, -5.177883297511470140, 4.920024484486352101 ) ) ;
#1040 = EDGE_CURVE ( 'NONE', #1984, #3075, #2240, .T. ) ;
#1041 = CARTESIAN_POINT ( 'NONE',  ( 0.06377903728224926239, 7.920864674800994543, -3.472499049989362874 ) ) ;
#1042 = CARTESIAN_POINT ( 'NONE',  ( 1.325613487614302866, -1.371855677155209063, -11.29824798400938413 ) ) ;
#1043 = VERTEX_POINT ( 'NONE', #699 ) ;
#1044 = CARTESIAN_POINT ( 'NONE',  ( 0.06550413281379187380, -3.258761365090299122, -8.021745381483277981 ) ) ;
#1045 = CARTESIAN_POINT ( 'NONE',  ( 42.31703308766501692, -0.01245985384213274538, -0.001241443359284409792 ) ) ;
#1046 = CARTESIAN_POINT ( 'NONE',  ( 21.18798712880127155, 0.2154956381670511678, 4.314133754683181721 ) ) ;
#1047 = CARTESIAN_POINT ( 'NONE',  ( 7.413556062442729910, 0.3606265627983254451, 7.133266249442505647 ) ) ;
#1048 = CARTESIAN_POINT ( 'NONE',  ( 7.434426509969033425, -5.852397264958383971, -4.249355247798151325 ) ) ;
#1049 = CARTESIAN_POINT ( 'NONE',  ( 0.3506278047350347982, -6.504302813004830597, 7.446925228227792459 ) ) ;
#1050 = FACE_OUTER_BOUND ( 'NONE', #548, .T. ) ;
#1051 = CARTESIAN_POINT ( 'NONE',  ( 7.418146516826698011, 4.557168285877327918, -5.525424829997145793 ) ) ;
#1052 = VERTEX_POINT ( 'NONE', #741 ) ;
#1053 = ORIENTED_EDGE ( 'NONE', *, *, #444, .T. ) ;
#1054 = CARTESIAN_POINT ( 'NONE',  ( 0.06377903728224926239, -6.055620337736852932, 6.174771993675157056 ) ) ;
#1055 = CARTESIAN_POINT ( 'NONE',  ( 7.413556062442729910, 1.356954940729789616, 7.012290081853453927 ) ) ;
#1056 = LINE ( 'NONE', #2095, #896 ) ;
#1057 = CARTESIAN_POINT ( 'NONE',  ( 7.823137925641798773, -5.524832725008473666, 6.989248713576763805 ) ) ;
#1058 = ORIENTED_EDGE ( 'NONE', *, *, #38, .F. ) ;
#1059 = EDGE_CURVE ( 'NONE', #4019, #443, #2160, .T. ) ;
#1060 = CARTESIAN_POINT ( 'NONE',  ( 7.693106532591421853, 3.729464235698959573, -7.467771504267410876 ) ) ;
#1061 = EDGE_LOOP ( 'NONE', ( #2762, #611, #3477, #349 ) ) ;
#1062 = CARTESIAN_POINT ( 'NONE',  ( 0.06388967118332711248, -2.971651866878499249, 8.122711210099085477 ) ) ;
#1063 = EDGE_CURVE ( 'NONE', #385, #152, #3830, .T. ) ;
#1064 = CARTESIAN_POINT ( 'NONE',  ( 0.06386389998796497547, -6.268921173486058152, -5.958632184658468667 ) ) ;
#1065 = CARTESIAN_POINT ( 'NONE',  ( 7.823544100114496302, -4.578006818467822647, 7.645022701589593517 ) ) ;
#1066 = CARTESIAN_POINT ( 'NONE',  ( 7.413564815081633341, 6.128222726185829750, -3.668995161614257761 ) ) ;
#1067 = CARTESIAN_POINT ( 'NONE',  ( 0.2361091061329865237, 6.148962449541381936, 7.098307844219757357 ) ) ;
#1068 = CARTESIAN_POINT ( 'NONE',  ( 6.147639088042820887, 3.560881544912134267, -9.389272975169363988 ) ) ;
#1069 = CARTESIAN_POINT ( 'NONE',  ( 0.06377903728224926239, -2.492425889569469977, 8.281676160880181214 ) ) ;
#1070 = VECTOR ( 'NONE', #2096, 1000.000000000000227 ) ;
#1071 = ORIENTED_EDGE ( 'NONE', *, *, #2155, .T. ) ;
#1072 = EDGE_CURVE ( 'NONE', #1024, #2444, #119, .T. ) ;
#1073 = ORIENTED_EDGE ( 'NONE', *, *, #1921, .F. ) ;
#1074 = CARTESIAN_POINT ( 'NONE',  ( 7.823544100114482980, 8.496275085013037298, -2.686601611244954668 ) ) ;
#1075 = B_SPLINE_CURVE_WITH_KNOTS ( 'NONE', 3,
 ( #1916, #1895, #3717, #653, #2156, #3446 ),
 .UNSPECIFIED., .F., .F.,
 ( 4, 2, 4 ),
 ( 0.000000000000000000, 0.0001965022614975655006, 0.0003930045229951310013 ),
 .UNSPECIFIED. ) ;
#1076 = CARTESIAN_POINT ( 'NONE',  ( 42.32077784063513093, 0.01188644279875396802, -0.004273927767446424400 ) ) ;
#1077 = CARTESIAN_POINT ( 'NONE',  ( 0.4998984000000070149, -5.000000000000002665, 2.886751345948127767 ) ) ;
#1078 = ORIENTED_EDGE ( 'NONE', *, *, #1783, .T. ) ;
#1079 = CARTESIAN_POINT ( 'NONE',  ( 0.1176192779148810125, 8.241342054346244339, -3.308188469075445504 ) ) ;
#1080 = VERTEX_POINT ( 'NONE', #2064 ) ;
#1081 = CARTESIAN_POINT ( 'NONE',  ( 0.6746214998773084615, -1.069142945581438298, 11.23295507393272530 ) ) ;
#1082 = CARTESIAN_POINT ( 'NONE',  ( 0.3506278047350350757, -4.656538482160718750, -8.722344856873895935 ) ) ;
#1083 = CARTESIAN_POINT ( 'NONE',  ( 0.05906383553393917962, 0.4381153717331108810, -8.638467293278758063 ) ) ;
#1084 = CARTESIAN_POINT ( 'NONE',  ( 7.901878860671764038, 8.900895241124180401, 2.522481080553871546 ) ) ;
#1085 = FACE_OUTER_BOUND ( 'NONE', #137, .T. ) ;
#1086 = EDGE_CURVE ( 'NONE', #3270, #2329, #2317, .T. ) ;
#1087 = CARTESIAN_POINT ( 'NONE',  ( 0.06387312902083856769, -8.333522176206306753, 2.315238156491884247 ) ) ;
#1088 = CARTESIAN_POINT ( 'NONE',  ( 0.1176192779148814427, 8.834737820557457155, -0.9006872074540623885 ) ) ;
#1089 = LINE ( 'NONE', #2323, #4014 ) ;
#1090 = ADVANCED_FACE ( 'NONE', ( #229 ), #2399, .F. ) ;
#1091 = VECTOR ( 'NONE', #3265, 1000.000000000000227 ) ;
#1092 = VERTEX_POINT ( 'NONE', #802 ) ;
#1093 = ORIENTED_EDGE ( 'NONE', *, *, #3409, .F. ) ;
#1094 = CARTESIAN_POINT ( 'NONE',  ( 7.902356314355724720, 8.903433838727035976, -2.520775772160542161 ) ) ;
#1095 = CIRCLE ( 'NONE', #2789, 3.100000000000000089 ) ;
#1096 = EDGE_CURVE ( 'NONE', #2118, #241, #705, .T. ) ;
#1097 = CARTESIAN_POINT ( 'NONE',  ( 0.06388494259132586339, 8.647716909278486241, -0.1524153185178138137 ) ) ;
#1098 = ORIENTED_EDGE ( 'NONE', *, *, #1993, .T. ) ;
#1099 = CARTESIAN_POINT ( 'NONE',  ( 0.05906383553393916575, 1.641936003444575354, 8.492297004732471066 ) ) ;
#1100 = ORIENTED_EDGE ( 'NONE', *, *, #1248, .F. ) ;
#1101 = CARTESIAN_POINT ( 'NONE',  ( 0.06387312902083824850, -2.828576515910895761, 8.173559474074659548 ) ) ;
#1102 = CARTESIAN_POINT ( 'NONE',  ( 0.1176192779148814427, -3.974998375457635014, -7.941235276628497708 ) ) ;
#1103 = CARTESIAN_POINT ( 'NONE',  ( 0.06388021399931163857, -6.606853568399516874, -5.581929186622897276 ) ) ;
#1104 = CARTESIAN_POINT ( 'NONE',  ( 21.18798712880127155, 3.672877950528550706, -2.273357865336433914 ) ) ;
#1105 = CARTESIAN_POINT ( 'NONE',  ( 7.554659454625534565, 7.224292137541394432, 2.807162360047573912 ) ) ;
#1106 = CARTESIAN_POINT ( 'NONE',  ( 42.31703308766501692, -0.006056315862026279834, 0.01095947889094204229 ) ) ;
#1107 = CARTESIAN_POINT ( 'NONE',  ( 0.1176192779148810125, -8.793564953341899582, -1.239776276195342364 ) ) ;
#1108 = EDGE_CURVE ( 'NONE', #67, #1728, #170, .T. ) ;
#1109 = B_SPLINE_CURVE_WITH_KNOTS ( 'NONE', 3,
 ( #1872, #3444, #3095, #327, #953, #2188 ),
 .UNSPECIFIED., .F., .F.,
 ( 4, 2, 4 ),
 ( 1.775743110948423651E-18, 0.0001965018000030258690, 0.0003930036000060499490 ),
 .UNSPECIFIED. ) ;
#1110 = DIRECTION ( 'NONE',  ( 0.000000000000000000, -1.502314598737159524E-16, 1.000000000000000000 ) ) ;
#1111 = CARTESIAN_POINT ( 'NONE',  ( 7.902356314355738931, 9.055062054355129675, 1.905595918834810387 ) ) ;
#1112 = ORIENTED_EDGE ( 'NONE', *, *, #383, .F. ) ;
#1113 = ORIENTED_EDGE ( 'NONE', *, *, #3863, .F. ) ;
#1114 = EDGE_CURVE ( 'NONE', #1325, #2031, #563, .T. ) ;
#1115 = CARTESIAN_POINT ( 'NONE',  ( 0.6474532217643088616, -11.36779637371390805, 0.5240930311216059900 ) ) ;
#1116 = CARTESIAN_POINT ( 'NONE',  ( 0.6553706634321158075, -1.731044490665805791, 11.06904992598927429 ) ) ;
#1117 = CARTESIAN_POINT ( 'NONE',  ( 7.445848493750774288, -6.858819828637976457, 2.444715874008358103 ) ) ;
#1118 = CARTESIAN_POINT ( 'NONE',  ( 0.05906383553393916575, -8.522674168166105346, 1.476173187424091759 ) ) ;
#1119 = VERTEX_POINT ( 'NONE', #3562 ) ;
#1120 = CARTESIAN_POINT ( 'NONE',  ( 0.06384252422479795575, 1.443371407721941724, 8.527736960378710762 ) ) ;
#1121 = EDGE_LOOP ( 'NONE', ( #3005, #565, #826, #1626 ) ) ;
#1122 = B_SPLINE_CURVE_WITH_KNOTS ( 'NONE', 3,
 ( #230, #1475, #3952, #1173, #2402, #1329 ),
 .UNSPECIFIED., .F., .F.,
 ( 4, 2, 4 ),
 ( 2.567522603485972946E-17, 0.001307146423454786993, 0.002614292846909545363 ),
 .UNSPECIFIED. ) ;
#1123 = CARTESIAN_POINT ( 'NONE',  ( 0.06382842314804833272, -2.636965640448539094, 8.237016383232299788 ) ) ;
#1124 = ADVANCED_FACE ( 'NONE', ( #3231 ), #1992, .F. ) ;
#1125 = CARTESIAN_POINT ( 'NONE',  ( 0.4166821207338475830, 4.755762169852179255, 9.073350188833822827 ) ) ;
#1126 = B_SPLINE_CURVE_WITH_KNOTS ( 'NONE', 3,
 ( #470, #1081, #2951, #1998, #757, #2661 ),
 .UNSPECIFIED., .F., .F.,
 ( 4, 2, 4 ),
 ( 0.0004800065146868622468, 0.001677738628114882604, 0.002875470741542903233 ),
 .UNSPECIFIED. ) ;
#1127 = DIRECTION ( 'NONE',  ( -1.000000000000000000, -0.000000000000000000, -0.000000000000000000 ) ) ;
#1128 = CARTESIAN_POINT ( 'NONE',  ( 0.06387312902083870647, -3.302852561553910160, -7.993690295428951487 ) ) ;
#1129 = CARTESIAN_POINT ( 'NONE',  ( 7.507077051279975599, -1.914158386009382040, 7.298463890620952910 ) ) ;
#1130 = CARTESIAN_POINT ( 'NONE',  ( 0.06377903728224926239, 1.641753292910273831, -8.491348124644611417 ) ) ;
#1131 = CARTESIAN_POINT ( 'NONE',  ( 0.4998984000000070149, 5.000000000000000888, 2.886751345948128655 ) ) ;
#1132 = ORIENTED_EDGE ( 'NONE', *, *, #1271, .F. ) ;
#1133 = ORIENTED_EDGE ( 'NONE', *, *, #2832, .F. ) ;
#1134 = CARTESIAN_POINT ( 'NONE',  ( 7.969186335162196322, -1.149420971344708109, 9.466333367662784326 ) ) ;
#1135 = CARTESIAN_POINT ( 'NONE',  ( 7.554659454625532788, 6.414115014687483018, -4.350825896605222454 ) ) ;
#1136 = DIRECTION ( 'NONE',  ( 0.000000000000000000, 0.8660254037844387076, -0.4999999999999998890 ) ) ;
#1137 =( BOUNDED_SURFACE ( )  B_SPLINE_SURFACE ( 3, 1, ( 
 ( #3523, #3623 ),
 ( #3152, #706 ),
 ( #209, #377 ),
 ( #1625, #3546 ) ),
 .UNSPECIFIED., .F., .F., .F. ) 
 B_SPLINE_SURFACE_WITH_KNOTS ( ( 4, 4 ),
 ( 2, 2 ),
 ( 0.000000000000000000, 1.000000000000000000 ),
 ( 0.000000000000000000, 1.000000000000000000 ),
 .UNSPECIFIED. ) 
 GEOMETRIC_REPRESENTATION_ITEM ( )  RATIONAL_B_SPLINE_SURFACE ( (
 ( 1.000000000000000000, 1.000000000000000000),
 ( 0.9935868805207672683, 0.8436843346538653865),
 ( 0.9935868805207672683, 0.8436843346538653865),
 ( 1.000000000000000000, 1.000000000000000000) ) ) 
 REPRESENTATION_ITEM ( '' )  SURFACE ( )  );
#1138 = ADVANCED_FACE ( 'NONE', ( #1085 ), #719, .F. ) ;
#1139 = CARTESIAN_POINT ( 'NONE',  ( 42.31737018592016142, 0.01082631754176530993, 0.006301780645850577761 ) ) ;
#1140 = ORIENTED_EDGE ( 'NONE', *, *, #2426, .T. ) ;
#1141 = CARTESIAN_POINT ( 'NONE',  ( 1.915078604103048532, -9.932599415586228275, -5.213030318073901270 ) ) ;
#1142 = ORIENTED_EDGE ( 'NONE', *, *, #1484, .F. ) ;
#1143 = CARTESIAN_POINT ( 'NONE',  ( 3.999898400000003740, 5.000000000000001776, -2.886751345948128655 ) ) ;
#1144 = CARTESIAN_POINT ( 'NONE',  ( 7.901878860671760485, -8.335130115825467811, 4.014281112164240994 ) ) ;
#1145 = FACE_OUTER_BOUND ( 'NONE', #3554, .T. ) ;
#1146 = ORIENTED_EDGE ( 'NONE', *, *, #2381, .F. ) ;
#1147 = B_SPLINE_CURVE_WITH_KNOTS ( 'NONE', 3,
 ( #2119, #3339, #933, #2170, #4005, #3984, #629, #325 ),
 .UNSPECIFIED., .F., .F.,
 ( 4, 2, 2, 4 ),
 ( 0.0003971953635619286443, 0.001705102816264116635, 0.002359056542615208842, 0.003013010268966302783 ),
 .UNSPECIFIED. ) ;
#1148 = CARTESIAN_POINT ( 'NONE',  ( 7.650533637369916207, 2.011756262967735243, -7.914179909748663810 ) ) ;
#1149 = CARTESIAN_POINT ( 'NONE',  ( 7.418134328448550363, -7.075056245640941377, -1.113970787594607881 ) ) ;
#1150 = B_SPLINE_CURVE_WITH_KNOTS ( 'NONE', 3,
 ( #1448, #1144, #2041, #3638, #2752, #3617, #2121, #225 ),
 .UNSPECIFIED., .F., .F.,
 ( 4, 2, 2, 4 ),
 ( 0.0003971953635618567075, 0.001705102816264088229, 0.002359056542615204071, 0.003013010268966319696 ),
 .UNSPECIFIED. ) ;
#1151 = EDGE_CURVE ( 'NONE', #1728, #2192, #3611, .T. ) ;
#1152 = CARTESIAN_POINT ( 'NONE',  ( 2.504543697384072232, -1.332383767189385226, 10.97316755855026749 ) ) ;
#1153 = CARTESIAN_POINT ( 'NONE',  ( 42.31718733146613687, 0.01253533795142908885, -0.0006159571521099446332 ) ) ;
#1154 = CARTESIAN_POINT ( 'NONE',  ( 0.2361091061329852192, 9.334801627497334664, -1.028198440212047204 ) ) ;
#1155 = CARTESIAN_POINT ( 'NONE',  ( 7.555968963440820474, 5.079737239190619924, -5.861177435031292404 ) ) ;
#1156 = EDGE_LOOP ( 'NONE', ( #1972, #1214, #465, #1847 ) ) ;
#1157 = CARTESIAN_POINT ( 'NONE',  ( 0.1176192779148810125, -8.362467838607537729, -2.988806024471024170 ) ) ;
#1158 = CARTESIAN_POINT ( 'NONE',  ( 7.969186335162199875, -8.443585163731656351, 4.431535352437520281 ) ) ;
#1159 = CARTESIAN_POINT ( 'NONE',  ( 0.1074819131976419151, 8.243322759803143995, -3.308986030855277427 ) ) ;
#1160 = CARTESIAN_POINT ( 'NONE',  ( 42.31718733146613687, 0.007627806376836175975, -0.009966477343940889286 ) ) ;
#1161 = VECTOR ( 'NONE', #2755, 1000.000000000000114 ) ;
#1162 = ORIENTED_EDGE ( 'NONE', *, *, #1388, .F. ) ;
#1163 = CARTESIAN_POINT ( 'NONE',  ( 0.06387330960167644789, 0.7914814101003377900, 8.612867711510673985 ) ) ;
#1164 = EDGE_CURVE ( 'NONE', #1080, #2011, #1242, .T. ) ;
#1165 = ORIENTED_EDGE ( 'NONE', *, *, #3762, .F. ) ;
#1166 = B_SPLINE_CURVE_WITH_KNOTS ( 'NONE', 3,
 ( #1530, #31, #630, #1893, #4006, #3734, #1566, #916, #2771, #650, #4027, #1222, #1241, #2454, #3117, #2810, #362, #2472, #2511, #3716, #3135, #934, #1606, #977, #2208 ),
 .UNSPECIFIED., .F., .F.,
 ( 4, 3, 3, 3, 3, 3, 3, 3, 4 ),
 ( 1.939479807224432123E-18, 0.0001518396426109997529, 0.0003036792827425927434, 0.0004555189212204434324, 0.0006073585588422208796, 0.0007591981963891913585, 0.0009110378346411210403, 0.001062271348283228261, 0.001213553284518157759 ),
 .UNSPECIFIED. ) ;
#1167 = CARTESIAN_POINT ( 'NONE',  ( 7.413550661974127820, 0.3058063509531643853, 7.136014424935504863 ) ) ;
#1168 = CARTESIAN_POINT ( 'NONE',  ( 0.7361483507723660669, 11.20948819974524113, 2.762890697155381492 ) ) ;
#1169 = CARTESIAN_POINT ( 'NONE',  ( 42.31647246991754940, -0.01287069392289043497, 0.002104887245144724996 ) ) ;
#1170 = EDGE_CURVE ( 'NONE', #2651, #1396, #1515, .T. ) ;
#1171 = CARTESIAN_POINT ( 'NONE',  ( 0.1176192779148814427, 4.277452062519723874, -7.782495336105603734 ) ) ;
#1172 = CARTESIAN_POINT ( 'NONE',  ( 7.413550661955987664, -7.047123994327725072, -1.163727985767212258 ) ) ;
#1173 = CARTESIAN_POINT ( 'NONE',  ( 7.823544100114499855, 3.691126053932556328, 8.110493634282581965 ) ) ;
#1174 = CARTESIAN_POINT ( 'NONE',  ( 0.6474532217643088616, -0.8499646338585722383, 11.34808477324182441 ) ) ;
#1175 = CARTESIAN_POINT ( 'NONE',  ( 0.06389207986025956243, 4.954420412414562769, -7.089643861374185008 ) ) ;
#1176 = CARTESIAN_POINT ( 'NONE',  ( 21.21242604955889988, 4.413929341985479482, -0.4548055255103461980 ) ) ;
#1177 = B_SPLINE_CURVE_WITH_KNOTS ( 'NONE', 3,
 ( #1572, #2816, #3431, #658 ),
 .UNSPECIFIED., .F., .F.,
 ( 4, 4 ),
 ( 3.455676780302187064E-17, 0.0007684565788608410317 ),
 .UNSPECIFIED. ) ;
#1178 = ORIENTED_EDGE ( 'NONE', *, *, #1063, .F. ) ;
#1179 = ORIENTED_EDGE ( 'NONE', *, *, #1384, .T. ) ;
#1180 = PLANE ( 'NONE',  #1291 ) ;
#1181 = CARTESIAN_POINT ( 'NONE',  ( 7.596506484918224444, 2.796324390332103387E-15, -7.930470405122845179 ) ) ;
#1182 = CARTESIAN_POINT ( 'NONE',  ( 0.05906383553393916575, -8.232465083027353359, 2.653597730013172562 ) ) ;
#1183 = ORIENTED_EDGE ( 'NONE', *, *, #494, .F. ) ;
#1184 = CARTESIAN_POINT ( 'NONE',  ( 0.06550413281379181829, 0.8424010721251694589, 8.617324702808632608 ) ) ;
#1185 = ORIENTED_EDGE ( 'NONE', *, *, #1114, .T. ) ;
#1186 = LINE ( 'NONE', #1143, #1659 ) ;
#1187 = EDGE_CURVE ( 'NONE', #3628, #53, #2020, .T. ) ;
#1188 = LINE ( 'NONE', #836, #3155 ) ;
#1189 = CARTESIAN_POINT ( 'NONE',  ( 7.823137925641795221, 2.613576223327747083, 8.517193994762290998 ) ) ;
#1190 = CARTESIAN_POINT ( 'NONE',  ( 42.31647246991754940, 0.006532114727916410631, -0.01128790456873351826 ) ) ;
#1191 = FACE_OUTER_BOUND ( 'NONE', #857, .T. ) ;
#1192 = ADVANCED_FACE ( 'NONE', ( #2439 ), #289, .F. ) ;
#1193 = CARTESIAN_POINT ( 'NONE',  ( 0.7393912915810846309, 11.88959571271700710, 2.218996930664455025 ) ) ;
#1194 = B_SPLINE_CURVE_WITH_KNOTS ( 'NONE', 3,
 ( #1673, #3177, #1326, #1060, #1651, #2614, #755, #2287 ),
 .UNSPECIFIED., .F., .F.,
 ( 4, 2, 2, 4 ),
 ( 0.0003971953635618645680, 0.001705102816264097770, 0.002359056542615214046, 0.003013010268966330538 ),
 .UNSPECIFIED. ) ;
#1195 = CARTESIAN_POINT ( 'NONE',  ( 0.06550413281379181829, 4.750579575750314199, 7.238778784741072947 ) ) ;
#1196 = CARTESIAN_POINT ( 'NONE',  ( 21.21242604955889988, -4.176826490838409178, 1.497912136109997627 ) ) ;
#1197 = CARTESIAN_POINT ( 'NONE',  ( 7.413572065574259184, 0.6053143890836752972, 7.116749127245241446 ) ) ;
#1198 = VERTEX_POINT ( 'NONE', #2175 ) ;
#1199 = CARTESIAN_POINT ( 'NONE',  ( 7.413556062442729910, 4.460297618939164543, -5.578466102228900603 ) ) ;
#1200 = CARTESIAN_POINT ( 'NONE',  ( 42.32077784063513093, -0.01051822651096835128, -0.006994347148472078099 ) ) ;
#1201 = CARTESIAN_POINT ( 'NONE',  ( 7.458129973201925722, -6.905960300399835994, 2.470009021420738193 ) ) ;
#1202 = EDGE_CURVE ( 'NONE', #728, #605, #1342, .T. ) ;
#1203 = CARTESIAN_POINT ( 'NONE',  ( 0.05677524173679930619, -8.547449430995914810, 1.334461207542412042 ) ) ;
#1204 = VERTEX_POINT ( 'NONE', #3325 ) ;
#1205 = CARTESIAN_POINT ( 'NONE',  ( 0.06388035843267103608, 7.750197479376757848, -3.839648071353137571 ) ) ;
#1206 = CARTESIAN_POINT ( 'NONE',  ( 7.458129973201925722, 1.619578346081389952, 7.153334762018530135 ) ) ;
#1207 = B_SPLINE_CURVE_WITH_KNOTS ( 'NONE', 3,
 ( #3064, #293, #2197, #1538, #603, #679 ),
 .UNSPECIFIED., .F., .F.,
 ( 4, 2, 4 ),
 ( 0.0003971953635618565991, 0.001389020776769516905, 0.002380846189977177049 ),
 .UNSPECIFIED. ) ;
#1208 = VERTEX_POINT ( 'NONE', #557 ) ;
#1209 = CARTESIAN_POINT ( 'NONE',  ( 7.413556062442729910, -7.037787978434107750, -1.217817422210590417 ) ) ;
#1210 = FACE_OUTER_BOUND ( 'NONE', #3312, .T. ) ;
#1211 = CARTESIAN_POINT ( 'NONE',  ( 7.693106532591425406, -1.833938084743497399, 8.143290847478885652 ) ) ;
#1212 = ADVANCED_FACE ( 'NONE', ( #1191 ), #975, .F. ) ;
#1213 = CARTESIAN_POINT ( 'NONE',  ( 42.31691042206860232, 0.004347310147047283267, 0.01165715323728173242 ) ) ;
#1214 = ORIENTED_EDGE ( 'NONE', *, *, #3281, .F. ) ;
#1215 = DIRECTION ( 'NONE',  ( -1.000000000000000000, 0.000000000000000000, -0.000000000000000000 ) ) ;
#1216 = CARTESIAN_POINT ( 'NONE',  ( 42.31828303470386743, -0.01351020127460530844, 0.003468149835497177317 ) ) ;
#1217 = EDGE_CURVE ( 'NONE', #2679, #2559, #19, .T. ) ;
#1218 = CARTESIAN_POINT ( 'NONE',  ( 7.823137925641804991, -7.604234216884533382, -4.642089636609942005 ) ) ;
#1219 = CARTESIAN_POINT ( 'NONE',  ( 42.31959510201222230, -0.009708481482749829403, -0.01008298893131174927 ) ) ;
#1220 = ORIENTED_EDGE ( 'NONE', *, *, #2372, .F. ) ;
#1221 = CARTESIAN_POINT ( 'NONE',  ( 0.7393912915810844089, 11.55893345877961309, 3.560546430769031101 ) ) ;
#1222 = CARTESIAN_POINT ( 'NONE',  ( 0.06389207986025956243, 4.872070474534379692, 7.146485919334137016 ) ) ;
#1223 = ADVANCED_FACE ( 'NONE', ( #369 ), #2715, .T. ) ;
#1224 = VECTOR ( 'NONE', #4015, 1000.000000000000114 ) ;
#1225 = CARTESIAN_POINT ( 'NONE',  ( 0.06379785914325744600, 7.383950745660499138, -4.503283644839777722 ) ) ;
#1226 = CARTESIAN_POINT ( 'NONE',  ( 42.31959510201222230, -0.01328223202868398546, 0.004416286995432361709 ) ) ;
#1227 = VERTEX_POINT ( 'NONE', #1310 ) ;
#1228 = VECTOR ( 'NONE', #138, 1000.000000000000227 ) ;
#1229 = CARTESIAN_POINT ( 'NONE',  ( 0.07590485995811614706, 8.106769837916630195, -3.276466409319910955 ) ) ;
#1230 = CARTESIAN_POINT ( 'NONE',  ( 7.413556062442729022, -2.995675155433213721, -6.483785103344454903 ) ) ;
#1231 = CARTESIAN_POINT ( 'NONE',  ( 7.413572065574262737, -6.991897426375010660, 1.458730279670693575 ) ) ;
#1232 = CARTESIAN_POINT ( 'NONE',  ( 7.413575171585923052, -2.386589049945702978, -6.732122196435814665 ) ) ;
#1233 = ADVANCED_FACE ( 'NONE', ( #1005 ), #3740, .F. ) ;
#1234 = ORIENTED_EDGE ( 'NONE', *, *, #1016, .T. ) ;
#1235 = CARTESIAN_POINT ( 'NONE',  ( 7.413576434723049502, 4.018857392923624872, -5.904538742413661723 ) ) ;
#1236 = DIRECTION ( 'NONE',  ( 0.9796399030715338130, -0.03796031215230445677, 0.1971412564921292965 ) ) ;
#1237 = FACE_OUTER_BOUND ( 'NONE', #3790, .T. ) ;
#1238 = DIRECTION ( 'NONE',  ( 0.000000000000000000, -0.8660254037844387076, -0.4999999999999998335 ) ) ;
#1239 = ORIENTED_EDGE ( 'NONE', *, *, #3291, .F. ) ;
#1240 = CARTESIAN_POINT ( 'NONE',  ( 7.413576555707946270, 4.012491245484411273, 5.909084170801239821 ) ) ;
#1241 = CARTESIAN_POINT ( 'NONE',  ( 0.06389206181261215811, 4.913722353766647011, 7.117731470910670488 ) ) ;
#1242 = B_SPLINE_CURVE_WITH_KNOTS ( 'NONE', 3,
 ( #3061, #581, #3971, #617, #270, #2477, #1860, #3081 ),
 .UNSPECIFIED., .F., .F.,
 ( 4, 2, 2, 4 ),
 ( 0.0004800065146861101899, 0.002063914009314239077, 0.002855867756628300592, 0.003647821503942363409 ),
 .UNSPECIFIED. ) ;
#1243 = CARTESIAN_POINT ( 'NONE',  ( 7.413567691083501998, -2.202198768868428136, 6.794451784259058158 ) ) ;
#1244 = CARTESIAN_POINT ( 'NONE',  ( 7.458129973201925722, -4.967053733499509960, 5.396444148244934347 ) ) ;
#1245 = ORIENTED_EDGE ( 'NONE', *, *, #338, .F. ) ;
#1246 = CARTESIAN_POINT ( 'NONE',  ( 7.413563323830682172, -6.822392651388394569, -2.114383020344108743 ) ) ;
#1247 = B_SPLINE_CURVE_WITH_KNOTS ( 'NONE', 3,
 ( #1201, #1117, #3034, #3591, #2074, #260 ),
 .UNSPECIFIED., .F., .F.,
 ( 4, 2, 4 ),
 ( 1.226634733346699349E-18, 0.0001623297608600663680, 0.0003246595217201315433 ),
 .UNSPECIFIED. ) ;
#1248 = EDGE_CURVE ( 'NONE', #1728, #2235, #2236, .T. ) ;
#1249 = CARTESIAN_POINT ( 'NONE',  ( 7.418146516826699788, 6.602965072531465474, -2.774699008664656130 ) ) ;
#1250 = CARTESIAN_POINT ( 'NONE',  ( 3.999898400000003740, 5.000000000000000888, 2.886751345948128655 ) ) ;
#1251 = CARTESIAN_POINT ( 'NONE',  ( 7.413564815081626236, -6.828195725724044429, 2.095801137725910479 ) ) ;
#1252 = CARTESIAN_POINT ( 'NONE',  ( 7.413556062442729910, -6.797599748194040892, -2.192299378867676118 ) ) ;
#1253 = ORIENTED_EDGE ( 'NONE', *, *, #2420, .T. ) ;
#1254 = CARTESIAN_POINT ( 'NONE',  ( 42.31703308766501692, 0.01014956374194134897, -0.007333177703416918214 ) ) ;
#1255 = LINE ( 'NONE', #2484, #3821 ) ;
#1256 = CARTESIAN_POINT ( 'NONE',  ( 42.31737018592016142, 0.006657644611727416874, 0.01061119027477545017 ) ) ;
#1257 = CARTESIAN_POINT ( 'NONE',  ( 0.000000000000000000, 0.000000000000000000, 0.000000000000000000 ) ) ;
#1258 = EDGE_LOOP ( 'NONE', ( #2271, #1668, #722, #3178 ) ) ;
#1259 =( BOUNDED_SURFACE ( )  B_SPLINE_SURFACE ( 3, 1, ( 
 ( #2117, #2983 ),
 ( #3315, #547 ),
 ( #527, #3016 ),
 ( #3917, #3276 ) ),
 .UNSPECIFIED., .F., .F., .F. ) 
 B_SPLINE_SURFACE_WITH_KNOTS ( ( 4, 4 ),
 ( 2, 2 ),
 ( 0.000000000000000000, 1.000000000000000000 ),
 ( 0.000000000000000000, 1.000000000000000000 ),
 .UNSPECIFIED. ) 
 GEOMETRIC_REPRESENTATION_ITEM ( )  RATIONAL_B_SPLINE_SURFACE ( (
 ( 1.000000000000000000, 1.000000000000000000),
 ( 0.9935868805207672683, 0.8436843346538670518),
 ( 0.9935868805207672683, 0.8436843346538670518),
 ( 1.000000000000000000, 1.000000000000000000) ) ) 
 REPRESENTATION_ITEM ( '' )  SURFACE ( )  );
#1260 = CARTESIAN_POINT ( 'NONE',  ( 7.413576735887803082, 4.054268255144203081, 5.880500126300724162 ) ) ;
#1261 = DIRECTION ( 'NONE',  ( -1.000000000000000000, -0.000000000000000000, -0.000000000000000000 ) ) ;
#1262 = CARTESIAN_POINT ( 'NONE',  ( 0.06377903728224926239, -8.521722159823179155, -1.476007547225232752 ) ) ;
#1263 = EDGE_CURVE ( 'NONE', #241, #1592, #1629, .T. ) ;
#1264 = CARTESIAN_POINT ( 'NONE',  ( 21.21242604955889988, 3.696981666190380267, -2.453965538048020090 ) ) ;
#1265 = CARTESIAN_POINT ( 'NONE',  ( 7.969186335162199875, -9.535860527351104565, -6.343758518970218284E-14 ) ) ;
#1266 = VERTEX_POINT ( 'NONE', #3363 ) ;
#1267 = CARTESIAN_POINT ( 'NONE',  ( 0.3471135949763306527, 2.450077683888207236, -9.560534801863500576 ) ) ;
#1268 = CARTESIAN_POINT ( 'NONE',  ( 7.413575863646963526, 0.9652041509210403936, -7.076944136501421845 ) ) ;
#1269 = CARTESIAN_POINT ( 'NONE',  ( 7.413550661974128708, -5.699106931203339776, 4.305391919893117425 ) ) ;
#1270 = CARTESIAN_POINT ( 'NONE',  ( 0.1027506065886546471, 8.178343408508089496, 3.293194883416659557 ) ) ;
#1271 = EDGE_CURVE ( 'NONE', #945, #1891, #2069, .T. ) ;
#1272 = CARTESIAN_POINT ( 'NONE',  ( 7.413576434723045949, -2.576368913490693302, -6.661615098977094362 ) ) ;
#1273 = ORIENTED_EDGE ( 'NONE', *, *, #3966, .T. ) ;
#1274 = FACE_OUTER_BOUND ( 'NONE', #3615, .T. ) ;
#1275 = CARTESIAN_POINT ( 'NONE',  ( 0.06384252422479838596, -6.198261517810145449, 6.032178117634807712 ) ) ;
#1276 = CARTESIAN_POINT ( 'NONE',  ( 7.647656735037466902, -6.751562367038756562, -4.566943008853286301 ) ) ;
#1277 = CARTESIAN_POINT ( 'NONE',  ( 0.06386368320973555279, 7.794911450234513595, 3.747533791892725397 ) ) ;
#1278 = VERTEX_POINT ( 'NONE', #1871 ) ;
#1279 = CARTESIAN_POINT ( 'NONE',  ( 7.413560099979261686, 3.669515486457175513, 6.127814844031037822 ) ) ;
#1280 = CARTESIAN_POINT ( 'NONE',  ( 0.08894703500304428079, 4.255187928394478014, -7.653840342851142786 ) ) ;
#1281 = FACE_OUTER_BOUND ( 'NONE', #3070, .T. ) ;
#1282 = CARTESIAN_POINT ( 'NONE',  ( 0.2345154032233229824, 7.767539601720430120, 5.266259742889200623 ) ) ;
#1283 = ORIENTED_EDGE ( 'NONE', *, *, #917, .T. ) ;
#1284 = ADVANCED_FACE ( 'NONE', ( #2809 ), #2125, .F. ) ;
#1285 = CARTESIAN_POINT ( 'NONE',  ( 42.31828303470386743, -0.01035095953371161122, 0.009349397760993520545 ) ) ;
#1286 = ORIENTED_EDGE ( 'NONE', *, *, #540, .F. ) ;
#1287 = CARTESIAN_POINT ( 'NONE',  ( 0.06384252422479796962, 0.6393913777083154448, -8.625357810094062216 ) ) ;
#1288 = AXIS2_PLACEMENT_3D ( 'NONE', #3379, #2203, #2467 ) ;
#1289 = PLANE ( 'NONE',  #3998 ) ;
#1290 = EDGE_CURVE ( 'NONE', #1227, #1468, #1875, .T. ) ;
#1291 = AXIS2_PLACEMENT_3D ( 'NONE', #2407, #2131, #3357 ) ;
#1292 = B_SPLINE_CURVE_WITH_KNOTS ( 'NONE', 3,
 ( #976, #3775, #2207, #3443, #670, #3134 ),
 .UNSPECIFIED., .F., .F.,
 ( 4, 2, 4 ),
 ( 2.879327448811515108E-17, 0.001307146423454783957, 0.002614292846909538424 ),
 .UNSPECIFIED. ) ;
#1293 = CARTESIAN_POINT ( 'NONE',  ( 7.413561061157197152, -5.634902291298368837, -4.389109755832400594 ) ) ;
#1294 =( BOUNDED_SURFACE ( )  B_SPLINE_SURFACE ( 3, 1, ( 
 ( #2786, #949 ),
 ( #2765, #2506 ),
 ( #342, #3695 ),
 ( #646, #3073 ) ),
 .UNSPECIFIED., .F., .F., .F. ) 
 B_SPLINE_SURFACE_WITH_KNOTS ( ( 4, 4 ),
 ( 2, 2 ),
 ( 0.000000000000000000, 1.000000000000000000 ),
 ( 0.000000000000000000, 1.000000000000000000 ),
 .UNSPECIFIED. ) 
 GEOMETRIC_REPRESENTATION_ITEM ( )  RATIONAL_B_SPLINE_SURFACE ( (
 ( 1.000000000000000000, 1.000000000000000000),
 ( 0.9252601129038625638, 0.9983486437855759732),
 ( 0.9252601129038625638, 0.9983486437855759732),
 ( 1.000000000000000000, 1.000000000000000000) ) ) 
 REPRESENTATION_ITEM ( '' )  SURFACE ( )  );
#1295 = CARTESIAN_POINT ( 'NONE',  ( 7.413556062442729910, 1.356954940729886427, -7.012290081853434387 ) ) ;
#1296 = DIRECTION ( 'NONE',  ( 0.000000000000000000, -0.8660254037844387076, -0.5000000000000001110 ) ) ;
#1297 = ORIENTED_EDGE ( 'NONE', *, *, #1935, .F. ) ;
#1298 = CARTESIAN_POINT ( 'NONE',  ( 0.7361483507723705078, 4.093900608187580836, 10.79472873744110828 ) ) ;
#1299 = CARTESIAN_POINT ( 'NONE',  ( 1.325613487614303976, 4.035839766002321305, -10.64163487863915414 ) ) ;
#1300 = CARTESIAN_POINT ( 'NONE',  ( -0.0001015999999967978526, 0.000000000000000000, 0.000000000000000000 ) ) ;
#1301 = CARTESIAN_POINT ( 'NONE',  ( 0.06377903728224926239, 7.357374677854932266, 4.546139537931748187 ) ) ;
#1302 = EDGE_LOOP ( 'NONE', ( #2681, #899, #1415, #682 ) ) ;
#1303 = CARTESIAN_POINT ( 'NONE',  ( 2.504543697384071343, -9.787620105691701156, 5.136939306410898354 ) ) ;
#1304 = DIRECTION ( 'NONE',  ( 1.000000000000000000, -0.000000000000000000, -0.000000000000000000 ) ) ;
#1305 = CARTESIAN_POINT ( 'NONE',  ( 7.413564815081629789, -2.154046753094182254, 6.810045657936056429 ) ) ;
#1306 = ORIENTED_EDGE ( 'NONE', *, *, #3912, .T. ) ;
#1307 = B_SPLINE_CURVE_WITH_KNOTS ( 'NONE', 3,
 ( #1996, #1042, #3220, #1348, #2892, #2557, #2930 ),
 .UNSPECIFIED., .F., .F.,
 ( 4, 3, 4 ),
 ( 7.606455139546206760E-05, 0.001911412324149128032, 0.007582950371462351090 ),
 .UNSPECIFIED. ) ;
#1308 = CARTESIAN_POINT ( 'NONE',  ( 7.418134328448553028, 6.602877310504037034, 2.774772606363992367 ) ) ;
#1309 = VERTEX_POINT ( 'NONE', #345 ) ;
#1310 = CARTESIAN_POINT ( 'NONE',  ( 0.7361483507723658448, -6.558286975479917125, -9.501318995376696108 ) ) ;
#1311 = EDGE_CURVE ( 'NONE', #3338, #486, #1147, .T. ) ;
#1312 =( BOUNDED_SURFACE ( )  B_SPLINE_SURFACE ( 3, 1, ( 
 ( #1386, #697 ),
 ( #1330, #3183 ),
 ( #1045, #3516 ),
 ( #739, #1407 ) ),
 .UNSPECIFIED., .F., .F., .F. ) 
 B_SPLINE_SURFACE_WITH_KNOTS ( ( 4, 4 ),
 ( 2, 2 ),
 ( 0.000000000000000000, 1.000000000000000000 ),
 ( 0.000000000000000000, 1.000000000000000000 ),
 .UNSPECIFIED. ) 
 GEOMETRIC_REPRESENTATION_ITEM ( )  RATIONAL_B_SPLINE_SURFACE ( (
 ( 1.000000000000000000, 1.000000000000000000),
 ( 0.9935868805207672683, 0.8436843346538670518),
 ( 0.9935868805207672683, 0.8436843346538670518),
 ( 1.000000000000000000, 1.000000000000000000) ) ) 
 REPRESENTATION_ITEM ( '' )  SURFACE ( )  );
#1313 = CARTESIAN_POINT ( 'NONE',  ( 7.434426509969020991, -4.923801201537759020, 5.297523524876258882 ) ) ;
#1314 = CARTESIAN_POINT ( 'NONE',  ( 7.413564815081633341, -5.603667798034173586, -4.428944172933787726 ) ) ;
#1315 = CARTESIAN_POINT ( 'NONE',  ( 7.458129973201925722, 1.619578346081490094, -7.153334762018506154 ) ) ;
#1316 = CARTESIAN_POINT ( 'NONE',  ( 7.413556062442729910, 6.541839865062801351, -2.866682766388075176 ) ) ;
#1317 = ORIENTED_EDGE ( 'NONE', *, *, #140, .F. ) ;
#1318 = CARTESIAN_POINT ( 'NONE',  ( 0.4166821207338480826, -8.433951466216694115, -5.814758819668203849 ) ) ;
#1319 = CARTESIAN_POINT ( 'NONE',  ( 7.434447245088825262, 7.198508535606602976, 0.7002421634682743923 ) ) ;
#1320 = FACE_OUTER_BOUND ( 'NONE', #3670, .T. ) ;
#1321 = CARTESIAN_POINT ( 'NONE',  ( 7.458129973201924834, 6.114173795384786558, 4.050939525150729636 ) ) ;
#1322 = ORIENTED_EDGE ( 'NONE', *, *, #364, .T. ) ;
#1323 = CARTESIAN_POINT ( 'NONE',  ( 7.596506484918140067, 1.661812471017066638E-14, 7.930470405122479249 ) ) ;
#1324 = CARTESIAN_POINT ( 'NONE',  ( 0.06382842314804867967, 8.636825012654368194, -0.4552805589209087955 ) ) ;
#1325 = VERTEX_POINT ( 'NONE', #573 ) ;
#1326 = CARTESIAN_POINT ( 'NONE',  ( 7.823137925641798773, 3.691654428234128815, -8.108332862065935842 ) ) ;
#1327 = ORIENTED_EDGE ( 'NONE', *, *, #3462, .F. ) ;
#1328 = CARTESIAN_POINT ( 'NONE',  ( 0.06388967118332671002, 0.9414090353237321018, -8.597842825313955828 ) ) ;
#1329 = CARTESIAN_POINT ( 'NONE',  ( 7.969186335162199875, 3.381462745154690364, 8.916184481055994482 ) ) ;
#1330 = CARTESIAN_POINT ( 'NONE',  ( 42.31718733146613687, -0.01231849200764016834, -0.002401844172189171976 ) ) ;
#1331 = CARTESIAN_POINT ( 'NONE',  ( 42.31647246991754940, 0.008238054312407018520, 0.01011037949422916894 ) ) ;
#1332 = CARTESIAN_POINT ( 'NONE',  ( 7.823137925641798773, 6.272344225607588974, 6.327011311436557151 ) ) ;
#1333 = CARTESIAN_POINT ( 'NONE',  ( 0.06384271922811451949, -8.485253998812204657, 1.675147217880353701 ) ) ;
#1334 = CARTESIAN_POINT ( 'NONE',  ( 0.1074819131976416930, 1.959498939909349646, -8.663839944226694456 ) ) ;
#1335 = LINE ( 'NONE', #461, #2255 ) ;
#1336 = AXIS2_PLACEMENT_3D ( 'NONE', #1006, #3496, #717 ) ;
#1337 = CARTESIAN_POINT ( 'NONE',  ( 7.413550661956007204, -2.004680030131237523, 6.855470617913864473 ) ) ;
#1338 = ORIENTED_EDGE ( 'NONE', *, *, #1406, .F. ) ;
#1339 = ORIENTED_EDGE ( 'NONE', *, *, #2649, .F. ) ;
#1340 = ADVANCED_FACE ( 'NONE', ( #1813 ), #3935, .F. ) ;
#1341 = CARTESIAN_POINT ( 'NONE',  ( 1.325613487614299313, -6.465275517329737376, 9.366568634891418554 ) ) ;
#1342 = B_SPLINE_CURVE_WITH_KNOTS ( 'NONE', 3,
 ( #17, #3662, #3407, #1879, #1267, #333, #3641, #2106 ),
 .UNSPECIFIED., .F., .F.,
 ( 4, 2, 2, 4 ),
 ( 0.0004800065146897932247, 0.002063914009317796127, 0.002855867756631795627, 0.003647821503945795560 ),
 .UNSPECIFIED. ) ;
#1343 = CARTESIAN_POINT ( 'NONE',  ( 7.458129973201925722, -6.905960300399835994, 2.470009021420738193 ) ) ;
#1344 = CARTESIAN_POINT ( 'NONE',  ( 0.06375423724002879378, -3.686436450882008664, 7.823752301493134276 ) ) ;
#1345 = B_SPLINE_CURVE_WITH_KNOTS ( 'NONE', 3,
 ( #3112, #1580, #1218, #2151, #1276, #3130, #50, #359 ),
 .UNSPECIFIED., .F., .F.,
 ( 4, 2, 2, 4 ),
 ( 0.0003971953635618617490, 0.001705102816264091482, 0.002359056542615207107, 0.003013010268966323166 ),
 .UNSPECIFIED. ) ;
#1346 = DIRECTION ( 'NONE',  ( 0.000000000000000000, -0.8660254037844387076, 0.4999999999999997224 ) ) ;
#1347 = ORIENTED_EDGE ( 'NONE', *, *, #3472, .T. ) ;
#1348 = CARTESIAN_POINT ( 'NONE',  ( 2.504543697384071788, -1.332383767189233348, -10.97316755855028347 ) ) ;
#1349 = ORIENTED_EDGE ( 'NONE', *, *, #1421, .T. ) ;
#1350 = DIRECTION ( 'NONE',  ( 0.9785289697799391950, -0.04525072425861252634, 0.2010806486350234512 ) ) ;
#1351 = DIRECTION ( 'NONE',  ( -0.7071067811865483499, -0.3535533905932732868, -0.6123724356957939152 ) ) ;
#1352 = CARTESIAN_POINT ( 'NONE',  ( 7.458129973201925722, 4.758385826851439404, 5.581307782179528054 ) ) ;
#1353 = VECTOR ( 'NONE', #855, 1000.000000000000227 ) ;
#1354 = CARTESIAN_POINT ( 'NONE',  ( 0.06379785914325701579, -8.247092873716166395, 2.605331328741451014 ) ) ;
#1355 = B_SPLINE_CURVE_WITH_KNOTS ( 'NONE', 3,
 ( #2784, #1850, #2202, #568, #2132, #3729 ),
 .UNSPECIFIED., .F., .F.,
 ( 4, 2, 4 ),
 ( 1.971228934811206494E-18, 0.0001965018000030261129, 0.0003930036000060502200 ),
 .UNSPECIFIED. ) ;
#1356 = CARTESIAN_POINT ( 'NONE',  ( 42.31737018592016142, 0.007560801945630428803, 0.009987785778766026384 ) ) ;
#1357 = EDGE_CURVE ( 'NONE', #442, #1747, #2541, .T. ) ;
#1358 = CARTESIAN_POINT ( 'NONE',  ( 7.434447245088825262, 6.048543999163157103, 3.965347363710672646 ) ) ;
#1359 = ORIENTED_EDGE ( 'NONE', *, *, #3642, .T. ) ;
#1360 = ORIENTED_EDGE ( 'NONE', *, *, #3236, .T. ) ;
#1361 = LINE ( 'NONE', #132, #962 ) ;
#1362 = CARTESIAN_POINT ( 'NONE',  ( 7.434426509969021879, 1.562738507659161113, 7.061545307194545984 ) ) ;
#1363 = CARTESIAN_POINT ( 'NONE',  ( 7.413556062442729910, -2.995675155433300763, 6.483785103344414935 ) ) ;
#1364 = ORIENTED_EDGE ( 'NONE', *, *, #2948, .F. ) ;
#1365 = CARTESIAN_POINT ( 'NONE',  ( 0.05677524173679951436, 5.512946305284601500, 6.666865944723712190 ) ) ;
#1366 = EDGE_LOOP ( 'NONE', ( #1093, #628, #200, #2999 ) ) ;
#1367 = CARTESIAN_POINT ( 'NONE',  ( 0.06550413281379181829, -2.880183213605044479, -8.165321136123255386 ) ) ;
#1368 = CARTESIAN_POINT ( 'NONE',  ( 0.06379785914325700191, -6.829028373437378008, -5.307227494182711780 ) ) ;
#1369 = CARTESIAN_POINT ( 'NONE',  ( 7.458129973201925722, 1.619578346081490094, -7.153334762018506154 ) ) ;
#1370 = CARTESIAN_POINT ( 'NONE',  ( 7.413567691083505551, 6.153924376573994159, -3.625392286861531588 ) ) ;
#1371 = EDGE_CURVE ( 'NONE', #1309, #982, #1378, .T. ) ;
#1372 = CARTESIAN_POINT ( 'NONE',  ( 0.06388974337535265058, -8.421415580560708491, 1.972033777471884797 ) ) ;
#1373 = DIRECTION ( 'NONE',  ( -0.9796399030715338130, 0.01032173628468325589, -0.2004971871874150768 ) ) ;
#1374 = CARTESIAN_POINT ( 'NONE',  ( 0.7361483507723686204, 4.093900608187734491, -10.79472873744105321 ) ) ;
#1375 = CARTESIAN_POINT ( 'NONE',  ( 0.6474532217643088616, -9.822125621634816284, 5.746939722349466706 ) ) ;
#1376 = EDGE_LOOP ( 'NONE', ( #3279, #1727, #2070, #3355 ) ) ;
#1377 = VERTEX_POINT ( 'NONE', #1914 ) ;
#1378 = LINE ( 'NONE', #445, #2719 ) ;
#1379 =( NAMED_UNIT ( * ) SI_UNIT ( $, .STERADIAN. ) SOLID_ANGLE_UNIT ( ) );
#1380 = B_SPLINE_CURVE_WITH_KNOTS ( 'NONE', 3,
 ( #59, #287, #1533, #1308, #2773, #2537 ),
 .UNSPECIFIED., .F., .F.,
 ( 4, 2, 4 ),
 ( 1.734723475976807094E-18, 0.0001623297608600679401, 0.0003246595217201341454 ),
 .UNSPECIFIED. ) ;
#1381 = CARTESIAN_POINT ( 'NONE',  ( 0.06385449037419081708, 8.641845032804393867, 0.3536172619097913694 ) ) ;
#1382 = ORIENTED_EDGE ( 'NONE', *, *, #2629, .F. ) ;
#1383 = CARTESIAN_POINT ( 'NONE',  ( 0.1074819131976419151, -6.017078221764009527, -6.534258056417511007 ) ) ;
#1384 = EDGE_CURVE ( 'NONE', #1772, #297, #4003, .T. ) ;
#1385 = ORIENTED_EDGE ( 'NONE', *, *, #1170, .T. ) ;
#1386 = CARTESIAN_POINT ( 'NONE',  ( 42.31737018592016142, -0.01201983925148934068, -0.003527754979006951161 ) ) ;
#1387 = CARTESIAN_POINT ( 'NONE',  ( 42.31737018592016142, -0.009731332370695221570, 0.007888140535931873615 ) ) ;
#1388 = EDGE_CURVE ( 'NONE', #2733, #2517, #2397, .T. ) ;
#1389 = B_SPLINE_CURVE_WITH_KNOTS ( 'NONE', 3,
 ( #1088, #1154, #842, #2089, #3307, #539 ),
 .UNSPECIFIED., .F., .F.,
 ( 4, 2, 4 ),
 ( 4.130088124016361540E-17, 0.001582994267025873095, 0.003165988534051704991 ),
 .UNSPECIFIED. ) ;
#1390 = CARTESIAN_POINT ( 'NONE',  ( 3.999898400000003740, -5.000000000000002665, 2.886751345948127767 ) ) ;
#1391 = DIRECTION ( 'NONE',  ( -0.9785289697799391950, -0.1672117877137359876, -0.1205042461948425403 ) ) ;
#1392 = CARTESIAN_POINT ( 'NONE',  ( 0.06386368320973556667, -8.319649571469643234, 2.363913079264969852 ) ) ;
#1393 = CARTESIAN_POINT ( 'NONE',  ( 7.458129973201924834, 3.531266563128883984, 6.428327052719574830 ) ) ;
#1394 = CARTESIAN_POINT ( 'NONE',  ( 7.555968963440784059, 7.709274112412218827, 0.8510135156555168612 ) ) ;
#1395 = VECTOR ( 'NONE', #1932, 1000.000000000000114 ) ;
#1396 = VERTEX_POINT ( 'NONE', #3483 ) ;
#1397 = ORIENTED_EDGE ( 'NONE', *, *, #1921, .T. ) ;
#1398 = B_SPLINE_CURVE_WITH_KNOTS ( 'NONE', 3,
 ( #1661, #2026, #1048, #1700, #3500, #2918 ),
 .UNSPECIFIED., .F., .F.,
 ( 4, 2, 4 ),
 ( 8.673617379884035472E-19, 0.0001623297608600662596, 0.0003246595217201316518 ),
 .UNSPECIFIED. ) ;
#1399 = CARTESIAN_POINT ( 'NONE',  ( 7.434426509969023655, 3.512944125830968822, -6.321929874466478694 ) ) ;
#1400 = CARTESIAN_POINT ( 'NONE',  ( 0.06377903728224926239, -6.859675326050933997, 5.267181529988810951 ) ) ;
#1401 = CARTESIAN_POINT ( 'NONE',  ( 0.06389206181261215811, 8.649090606722673158, -0.0005818933077219892681 ) ) ;
#1402 = ORIENTED_EDGE ( 'NONE', *, *, #797, .F. ) ;
#1403 = CARTESIAN_POINT ( 'NONE',  ( 0.6474532217643088616, -6.888964476765505829, -9.057794231343313740 ) ) ;
#1404 = ORIENTED_EDGE ( 'NONE', *, *, #2393, .T. ) ;
#1405 = CARTESIAN_POINT ( 'NONE',  ( 0.06386389998796467016, -3.348427792241128298, 7.974503214092823811 ) ) ;
#1406 = EDGE_CURVE ( 'NONE', #2733, #3757, #3310, .T. ) ;
#1407 = CARTESIAN_POINT ( 'NONE',  ( 0.05906383553393917962, 7.358197106101064477, -4.546646852765404034 ) ) ;
#1408 = CARTESIAN_POINT ( 'NONE',  ( 0.1176192779148814427, -6.015630120710512507, -6.532688883948182479 ) ) ;
#1409 = CARTESIAN_POINT ( 'NONE',  ( 7.969186335162198098, 9.258765751147629786, 2.282080796656531962 ) ) ;
#1410 = CARTESIAN_POINT ( 'NONE',  ( 0.05906383553393920738, 7.921749379217409626, -3.472887707494184628 ) ) ;
#1411 = EDGE_CURVE ( 'NONE', #3627, #743, #1361, .T. ) ;
#1412 = CARTESIAN_POINT ( 'NONE',  ( 0.06388035843267099445, -8.443878754863181513, 1.873331218539299625 ) ) ;
#1413 = CARTESIAN_POINT ( 'NONE',  ( 0.06375423724002919623, 5.451661786698214662, -6.714186290606263263 ) ) ;
#1414 = CARTESIAN_POINT ( 'NONE',  ( 7.004842160587448241, 9.518846319189036009, -2.346184899283454861 ) ) ;
#1415 = ORIENTED_EDGE ( 'NONE', *, *, #3385, .F. ) ;
#1416 = ORIENTED_EDGE ( 'NONE', *, *, #1536, .F. ) ;
#1417 = CARTESIAN_POINT ( 'NONE',  ( 0.2345154032233228991, -8.802127466503600672, -3.254337906132915847 ) ) ;
#1418 = VECTOR ( 'NONE', #856, 1000.000000000000227 ) ;
#1419 = FACE_OUTER_BOUND ( 'NONE', #2720, .T. ) ;
#1420 =( BOUNDED_SURFACE ( )  B_SPLINE_SURFACE ( 3, 1, ( 
 ( #671, #3985 ),
 ( #895, #2870 ),
 ( #709, #2014 ),
 ( #3196, #2305 ) ),
 .UNSPECIFIED., .F., .F., .T. ) 
 B_SPLINE_SURFACE_WITH_KNOTS ( ( 4, 4 ),
 ( 2, 2 ),
 ( 0.000000000000000000, 1.000000000000000000 ),
 ( 0.000000000000000000, 1.000000000000000000 ),
 .UNSPECIFIED. ) 
 GEOMETRIC_REPRESENTATION_ITEM ( )  RATIONAL_B_SPLINE_SURFACE ( (
 ( 1.000000000000000000, 1.000000000000000000),
 ( 0.9935868805207672683, 0.8436843346538670518),
 ( 0.9935868805207672683, 0.8436843346538670518),
 ( 1.000000000000000000, 1.000000000000000000) ) ) 
 REPRESENTATION_ITEM ( '' )  SURFACE ( )  );
#1421 = EDGE_CURVE ( 'NONE', #3093, #113, #317, .T. ) ;
#1422 = CARTESIAN_POINT ( 'NONE',  ( 7.413556062442729910, 0.3606265627983254451, 7.133266249442505647 ) ) ;
#1423 = ORIENTED_EDGE ( 'NONE', *, *, #1003, .T. ) ;
#1424 = CARTESIAN_POINT ( 'NONE',  ( 0.06377903728224881830, 8.627328128116229067, -0.6062641491147029438 ) ) ;
#1425 = EDGE_LOOP ( 'NONE', ( #2391, #382, #3669, #1339 ) ) ;
#1426 = CARTESIAN_POINT ( 'NONE',  ( 0.1027505222336369123, 0.1791102129583106717, 8.814666560506603687 ) ) ;
#1427 =( LENGTH_UNIT ( ) NAMED_UNIT ( * ) SI_UNIT ( .MILLI., .METRE. ) );
#1428 = CARTESIAN_POINT ( 'NONE',  ( 42.31703308766501692, -0.002734261258048904710, 0.01221936801779676014 ) ) ;
#1429 = CARTESIAN_POINT ( 'NONE',  ( 0.7361483507723660669, 11.20948819974524113, 2.762890697155381492 ) ) ;
#1430 = EDGE_LOOP ( 'NONE', ( #3382, #2438, #4011, #2428 ) ) ;
#1431 = CARTESIAN_POINT ( 'NONE',  ( 3.999898400000003740, -5.000000000000000888, -2.886751345948129543 ) ) ;
#1432 = CARTESIAN_POINT ( 'NONE',  ( 0.06388494259132586339, -3.209033476238672744, -8.031708555514168069 ) ) ;
#1433 = CARTESIAN_POINT ( 'NONE',  ( 3.999898400000003740, -4.158062588968156344E-17, 5.773502691896257311 ) ) ;
#1434 = CARTESIAN_POINT ( 'NONE',  ( 0.4998984000000070149, 5.000000000000000888, 2.886751345948128655 ) ) ;
#1435 = EDGE_CURVE ( 'NONE', #3493, #2962, #1934, .T. ) ;
#1436 = CARTESIAN_POINT ( 'NONE',  ( 7.969186335162199875, -5.416986195333258536, -7.847859361422178992 ) ) ;
#1437 =( BOUNDED_SURFACE ( )  B_SPLINE_SURFACE ( 3, 1, ( 
 ( #584, #1764 ),
 ( #1497, #3974 ),
 ( #3328, #1195 ),
 ( #2127, #841 ) ),
 .UNSPECIFIED., .F., .F., .F. ) 
 B_SPLINE_SURFACE_WITH_KNOTS ( ( 4, 4 ),
 ( 2, 2 ),
 ( 0.000000000000000000, 1.000000000000000000 ),
 ( 0.000000000000000000, 1.000000000000000000 ),
 .UNSPECIFIED. ) 
 GEOMETRIC_REPRESENTATION_ITEM ( )  RATIONAL_B_SPLINE_SURFACE ( (
 ( 1.000000000000000000, 1.000000000000000000),
 ( 0.9252601129038625638, 0.9983486437855759732),
 ( 0.9252601129038625638, 0.9983486437855759732),
 ( 1.000000000000000000, 1.000000000000000000) ) ) 
 REPRESENTATION_ITEM ( '' )  SURFACE ( )  );
#1438 = EDGE_LOOP ( 'NONE', ( #2828, #3297, #3427, #1183 ) ) ;
#1439 = CARTESIAN_POINT ( 'NONE',  ( 42.32077784063513093, -0.008211182588616371819, -0.009598461411382708253 ) ) ;
#1440 = CARTESIAN_POINT ( 'NONE',  ( 0.06377903728224926239, 8.627328128116229067, 0.6062641491147129358 ) ) ;
#1441 = CARTESIAN_POINT ( 'NONE',  ( 0.6474532217643088616, -1.890508239553304826, -11.22173990500913199 ) ) ;
#1442 = B_SPLINE_CURVE_WITH_KNOTS ( 'NONE', 3,
 ( #2090, #1394, #2340, #2028, #1111, #1478 ),
 .UNSPECIFIED., .F., .F.,
 ( 4, 2, 4 ),
 ( 0.000000000000000000, 0.001307146423454784824, 0.002614292846909569649 ),
 .UNSPECIFIED. ) ;
#1443 = CARTESIAN_POINT ( 'NONE',  ( 7.969186335162331325, 7.137694097783734648, -6.323445181510357394 ) ) ;
#1444 = ORIENTED_EDGE ( 'NONE', *, *, #3365, .T. ) ;
#1445 = CARTESIAN_POINT ( 'NONE',  ( 0.06379792852514831747, 0.4886179904581746669, 8.635019896414958041 ) ) ;
#1446 = ORIENTED_EDGE ( 'NONE', *, *, #3017, .T. ) ;
#1447 = CARTESIAN_POINT ( 'NONE',  ( 0.06388974337535260895, 7.704765975636524544, -3.930106723827539561 ) ) ;
#1448 = CARTESIAN_POINT ( 'NONE',  ( 7.969186335162199875, -8.443585163731656351, 4.431535352437520281 ) ) ;
#1449 = CARTESIAN_POINT ( 'NONE',  ( 42.31691042206860232, -0.01098413081292478818, 0.005842704630276645758 ) ) ;
#1450 = CARTESIAN_POINT ( 'NONE',  ( 0.4166821207338480826, -6.788963192196799667, 7.671566739617461828 ) ) ;
#1451 = CARTESIAN_POINT ( 'NONE',  ( 7.445848493750776065, -7.209299461852127777, -1.022764105590592720 ) ) ;
#1452 = CARTESIAN_POINT ( 'NONE',  ( 7.434447245088825262, 4.665506930874353309, -5.526473496060865465 ) ) ;
#1453 = CARTESIAN_POINT ( 'NONE',  ( 0.6553706634321148083, -11.19699844564308044, -0.3841966956833562929 ) ) ;
#1454 = CARTESIAN_POINT ( 'NONE',  ( 0.6547838794010200081, -6.677668724964542335, -8.993034826449269659 ) ) ;
#1455 = CARTESIAN_POINT ( 'NONE',  ( 0.7361483507723582953, 11.20948819974518607, -2.762890697155288233 ) ) ;
#1456 = EDGE_CURVE ( 'NONE', #754, #616, #1292, .T. ) ;
#1457 = VECTOR ( 'NONE', #117, 1000.000000000000000 ) ;
#1458 = EDGE_LOOP ( 'NONE', ( #3855, #769, #3873, #1885 ) ) ;
#1459 = ORIENTED_EDGE ( 'NONE', *, *, #1861, .F. ) ;
#1460 = CARTESIAN_POINT ( 'NONE',  ( 42.31737018592016142, 0.01082631754176563779, -0.006301780645851410428 ) ) ;
#1461 = CARTESIAN_POINT ( 'NONE',  ( 0.06375423724002884929, 8.622563861897981852, 0.6725371580824632822 ) ) ;
#1462 = CARTESIAN_POINT ( 'NONE',  ( 0.6474532217643088616, 10.91204519933173955, -3.229355580798505265 ) ) ;
#1463 = CARTESIAN_POINT ( 'NONE',  ( 0.06377903728224926239, 0.4380656911627920369, 8.637502260428840728 ) ) ;
#1464 = EDGE_CURVE ( 'NONE', #3612, #1208, #2691, .T. ) ;
#1465 = B_SPLINE_CURVE_WITH_KNOTS ( 'NONE', 3,
 ( #4028, #2872, #2231, #3467, #955, #3426, #632, #306 ),
 .UNSPECIFIED., .F., .F.,
 ( 4, 2, 2, 4 ),
 ( 0.0004800065146897919779, 0.002063914009317793959, 0.002855867756631794759, 0.003647821503945795994 ),
 .UNSPECIFIED. ) ;
#1466 = VERTEX_POINT ( 'NONE', #379 ) ;
#1467 = CARTESIAN_POINT ( 'NONE',  ( 0.06550413281379187380, 1.244338357663312467, 8.568520680467617723 ) ) ;
#1468 = VERTEX_POINT ( 'NONE', #2869 ) ;
#1469 = CARTESIAN_POINT ( 'NONE',  ( 7.413567691083505551, 7.133833224104915161, -0.3502541889593658309 ) ) ;
#1470 = CARTESIAN_POINT ( 'NONE',  ( 21.21242604955889988, -1.990451469343761159, 3.965819366822242564 ) ) ;
#1471 = CARTESIAN_POINT ( 'NONE',  ( 7.969186335162196322, 7.137694097782835811, 6.323445181510543023 ) ) ;
#1472 = ORIENTED_EDGE ( 'NONE', *, *, #3892, .T. ) ;
#1473 = CARTESIAN_POINT ( 'NONE',  ( 42.31691042206860232, 0.004347310147046791473, -0.01165715323728241763 ) ) ;
#1474 = CARTESIAN_POINT ( 'NONE',  ( 0.5595309360302105350, 4.471072765336698396, 9.816898472876466997 ) ) ;
#1475 = CARTESIAN_POINT ( 'NONE',  ( 7.555968963440791164, 3.678996453106567976, 6.828038989502561051 ) ) ;
#1476 = PLANE ( 'NONE',  #311 ) ;
#1477 = DIRECTION ( 'NONE',  ( -0.7071067811865472397, -0.7071067811865477948, -1.062296840242592998E-16 ) ) ;
#1478 = CARTESIAN_POINT ( 'NONE',  ( 7.969186335162198098, 9.258765751147629786, 2.282080796656531962 ) ) ;
#1479 = ORIENTED_EDGE ( 'NONE', *, *, #3652, .F. ) ;
#1480 = CARTESIAN_POINT ( 'NONE',  ( 7.650533637369909989, 7.656050189510460235, -2.840123659483196672 ) ) ;
#1481 = CARTESIAN_POINT ( 'NONE',  ( 7.458129973201924834, 0.1393887176356555235, -7.333062322249437770 ) ) ;
#1482 = CARTESIAN_POINT ( 'NONE',  ( 3.999898400000003740, -4.158062588968156344E-17, 5.773502691896257311 ) ) ;
#1483 = VECTOR ( 'NONE', #3833, 1000.000000000000114 ) ;
#1484 = EDGE_CURVE ( 'NONE', #2452, #787, #2746, .T. ) ;
#1485 = CARTESIAN_POINT ( 'NONE',  ( 0.1074819131976425951, -8.364479299218583463, 2.989522491574144958 ) ) ;
#1486 = AXIS2_PLACEMENT_3D ( 'NONE', #885, #2480, #275 ) ;
#1487 = ORIENTED_EDGE ( 'NONE', *, *, #1263, .T. ) ;
#1488 = CARTESIAN_POINT ( 'NONE',  ( 1.325613487614303754, -10.07757865150013110, -5.289121290908705753 ) ) ;
#1489 = EDGE_LOOP ( 'NONE', ( #1245, #3504, #996, #458 ) ) ;
#1490 = CARTESIAN_POINT ( 'NONE',  ( 0.06385449037419051177, 7.816307892702109683, -3.702953100622430771 ) ) ;
#1491 = CARTESIAN_POINT ( 'NONE',  ( 2.504543697384074896, 8.273859611177424966, 7.329999993561842508 ) ) ;
#1492 = ORIENTED_EDGE ( 'NONE', *, *, #413, .T. ) ;
#1493 = CARTESIAN_POINT ( 'NONE',  ( 0.06388974337535262282, -8.373242962781489496, -2.167477770642856516 ) ) ;
#1494 = CARTESIAN_POINT ( 'NONE',  ( 42.32077784063513093, 0.01251111566891174517, -0.001739530306861004471 ) ) ;
#1495 = B_SPLINE_CURVE_WITH_KNOTS ( 'NONE', 3,
 ( #1107, #3810, #1031, #3603, #1453, #3045 ),
 .UNSPECIFIED., .F., .F.,
 ( 4, 2, 4 ),
 ( 3.932838769855292809E-17, 0.001582994267025927305, 0.003165988534051815580 ),
 .UNSPECIFIED. ) ;
#1496 = CARTESIAN_POINT ( 'NONE',  ( 21.18798712880127155, -3.022100644763908051, 3.086275444007453128 ) ) ;
#1497 = CARTESIAN_POINT ( 'NONE',  ( 42.31647246991754940, -0.005579099241282315866, -0.01178808568120458602 ) ) ;
#1498 = CARTESIAN_POINT ( 'NONE',  ( 7.413576133558276382, -6.911156290347103770, 1.803678044009911829 ) ) ;
#1499 = EDGE_CURVE ( 'NONE', #3442, #257, #1825, .T. ) ;
#1500 = CARTESIAN_POINT ( 'NONE',  ( 7.413575171585926604, 0.7061368140983896868, 7.107647104410819594 ) ) ;
#1501 = B_SPLINE_CURVE_WITH_KNOTS ( 'NONE', 3,
 ( #794, #1488, #1141, #3613, #2077, #1754, #2985 ),
 .UNSPECIFIED., .F., .F.,
 ( 4, 3, 4 ),
 ( 7.606455139546239286E-05, 0.001911412324149131935, 0.007582950371462357161 ),
 .UNSPECIFIED. ) ;
#1502 = ORIENTED_EDGE ( 'NONE', *, *, #32, .F. ) ;
#1503 = CARTESIAN_POINT ( 'NONE',  ( 42.31647246991754940, -0.009043675725839734822, 0.009396661201584034784 ) ) ;
#1504 = CARTESIAN_POINT ( 'NONE',  ( 0.1754300030398150689, 0.1384395887671663883, 9.128587635225143160 ) ) ;
#1505 = CARTESIAN_POINT ( 'NONE',  ( 42.32077784063513093, 0.008538729130565247960, -0.009308280496645770022 ) ) ;
#1506 = DIRECTION ( 'NONE',  ( 1.000000000000000000, 0.000000000000000000, 0.000000000000000000 ) ) ;
#1507 = ORIENTED_EDGE ( 'NONE', *, *, #2780, .F. ) ;
#1508 = CARTESIAN_POINT ( 'NONE',  ( 42.31828303470383901, -0.005071337929622046423, 0.01299365742835360306 ) ) ;
#1509 = CARTESIAN_POINT ( 'NONE',  ( 0.06388021399931174960, 1.243797187194420450, 8.559288292601976877 ) ) ;
#1510 = B_SPLINE_CURVE_WITH_KNOTS ( 'NONE', 3,
 ( #103, #2216, #1313, #3182, #1880, #2857 ),
 .UNSPECIFIED., .F., .F.,
 ( 4, 2, 4 ),
 ( 0.000000000000000000, 0.0001623297608600659343, 0.0003246595217201318686 ),
 .UNSPECIFIED. ) ;
#1511 = CARTESIAN_POINT ( 'NONE',  ( 7.413556062442729022, 7.124725435817317098, -0.5018230439597408665 ) ) ;
#1512 = ADVANCED_FACE ( 'NONE', ( #466 ), #872, .F. ) ;
#1513 = CARTESIAN_POINT ( 'NONE',  ( 0.4166821207338475830, 6.797313295090881446, -7.664169193969338600 ) ) ;
#1514 = CARTESIAN_POINT ( 'NONE',  ( 7.969186335162199875, 3.381462745154690364, 8.916184481055994482 ) ) ;
#1515 = LINE ( 'NONE', #901, #1161 ) ;
#1516 = CARTESIAN_POINT ( 'NONE',  ( 7.361297821651285211, 3.796405077356794918E-16, -3.100000000000000089 ) ) ;
#1517 = EDGE_CURVE ( 'NONE', #1466, #2651, #2344, .T. ) ;
#1518 = CARTESIAN_POINT ( 'NONE',  ( 42.31703308766501692, 0.01239488997654585554, -0.001776468927660860035 ) ) ;
#1519 = CARTESIAN_POINT ( 'NONE',  ( 0.06377903728224926239, 5.399826581256158775, -6.755754564891081948 ) ) ;
#1520 = CARTESIAN_POINT ( 'NONE',  ( 7.413575350526959262, -2.670589003705055919, -6.624593719272942494 ) ) ;
#1521 = ORIENTED_EDGE ( 'NONE', *, *, #1795, .T. ) ;
#1522 = ADVANCED_FACE ( 'NONE', ( #3937 ), #2529, .F. ) ;
#1523 = VERTEX_POINT ( 'NONE', #2963 ) ;
#1524 = LINE ( 'NONE', #946, #376 ) ;
#1525 = CARTESIAN_POINT ( 'NONE',  ( 0.06388035843267059199, -6.606102897210520908, 5.582818534812904687 ) ) ;
#1526 = CARTESIAN_POINT ( 'NONE',  ( 0.6474532217643091947, -11.36779637371390095, -0.5240930311217643078 ) ) ;
#1527 = LINE ( 'NONE', #1890, #876 ) ;
#1528 = ORIENTED_EDGE ( 'NONE', *, *, #1724, .T. ) ;
#1529 = CARTESIAN_POINT ( 'NONE',  ( 7.969186335162199875, -5.416986195333258536, -7.847859361422178992 ) ) ;
#1530 = CARTESIAN_POINT ( 'NONE',  ( 0.06377903728224926239, 4.401935354873751649, 7.444549145529214762 ) ) ;
#1531 = VECTOR ( 'NONE', #227, 1000.000000000000000 ) ;
#1532 = CARTESIAN_POINT ( 'NONE',  ( 0.06385427510213158298, 7.487156343451338181, -4.330009720236446036 ) ) ;
#1533 = CARTESIAN_POINT ( 'NONE',  ( 7.434426509969023655, 6.699274510658604243, 2.725306368047818673 ) ) ;
#1534 = ORIENTED_EDGE ( 'NONE', *, *, #1421, .F. ) ;
#1535 = CARTESIAN_POINT ( 'NONE',  ( 0.08905512610961313635, -8.260814796341771071, -2.907745103563086797 ) ) ;
#1536 = EDGE_CURVE ( 'NONE', #2427, #3628, #3067, .T. ) ;
#1537 = FACE_OUTER_BOUND ( 'NONE', #2180, .T. ) ;
#1538 = CARTESIAN_POINT ( 'NONE',  ( 7.735286106457277988, -0.2574334819706463606, -8.526321308858825887 ) ) ;
#1539 = CARTESIAN_POINT ( 'NONE',  ( 0.06387330960167562910, 5.118955389495613240, -6.971673311255440098 ) ) ;
#1540 = B_SPLINE_CURVE_WITH_KNOTS ( 'NONE', 3,
 ( #403, #2889, #1991, #96, #1344, #3508 ),
 .UNSPECIFIED., .F., .F.,
 ( 4, 2, 4 ),
 ( 0.000000000000000000, 0.0001965018000030249474, 0.0003930036000060498948 ),
 .UNSPECIFIED. ) ;
#1541 = CARTESIAN_POINT ( 'NONE',  ( 0.05677524173679951436, -6.948235557302888665, -5.153804529675115376 ) ) ;
#1542 = ORIENTED_EDGE ( 'NONE', *, *, #3690, .T. ) ;
#1543 = CARTESIAN_POINT ( 'NONE',  ( 0.05906383553393917962, -2.492705073990129527, 8.282601262290700816 ) ) ;
#1544 = DIRECTION ( 'NONE',  ( 0.000000000000000000, 1.502314598737159524E-16, -1.000000000000000000 ) ) ;
#1545 = B_SPLINE_CURVE_WITH_KNOTS ( 'NONE', 3,
 ( #2938, #497, #2260, #3252, #1333, #2277, #107, #2585, #1412, #127, #1372, #2298, #2603, #2881, #2005, #3868, #148, #1087, #1392, #2320, #2566, #2646, #1721, #1354, #3890 ),
 .UNSPECIFIED., .F., .F.,
 ( 4, 3, 3, 3, 3, 3, 3, 3, 4 ),
 ( 2.168404344971008868E-18, 0.0001518396426109992650, 0.0003036792827425921471, 0.0004555189212204427819, 0.0006073585588422207712, 0.0007591981963891910332, 0.0009110378346411186551, 0.001062271348283226960, 0.001213553284518157326 ),
 .UNSPECIFIED. ) ;
#1546 = ORIENTED_EDGE ( 'NONE', *, *, #674, .T. ) ;
#1547 = CARTESIAN_POINT ( 'NONE',  ( 7.413570530636544476, 3.808845605288902814, 6.042250795099949556 ) ) ;
#1548 = ADVANCED_FACE ( 'NONE', ( #1748 ), #459, .F. ) ;
#1549 = CARTESIAN_POINT ( 'NONE',  ( 4.326091500877492280, 10.24129594819098621, 2.524252739988169569 ) ) ;
#1550 = B_SPLINE_CURVE_WITH_KNOTS ( 'NONE', 3,
 ( #3655, #851, #832, #873, #2658, #574 ),
 .UNSPECIFIED., .F., .F.,
 ( 4, 2, 4 ),
 ( 0.000000000000000000, 0.0001623297608600670185, 0.0003246595217201327360 ),
 .UNSPECIFIED. ) ;
#1551 = EDGE_LOOP ( 'NONE', ( #1364, #429, #2325, #3505 ) ) ;
#1552 = PRESENTATION_LAYER_ASSIGNMENT (  '', '', ( #3487 ) ) ;
#1553 = CARTESIAN_POINT ( 'NONE',  ( 0.06930270350510206456, -8.213011502283535492, -2.785573910297099776 ) ) ;
#1554 = CARTESIAN_POINT ( 'NONE',  ( 7.413550661974127820, 6.563848968815506169, -2.816399494345662724 ) ) ;
#1555 = PLANE ( 'NONE',  #244 ) ;
#1556 = CARTESIAN_POINT ( 'NONE',  ( 7.413556062442729910, -6.797599748194071090, 2.192299378867582416 ) ) ;
#1557 = CARTESIAN_POINT ( 'NONE',  ( 7.413556062442729022, -2.057249761320822046, -6.839682910981817798 ) ) ;
#1558 = ORIENTED_EDGE ( 'NONE', *, *, #2456, .T. ) ;
#1559 = ADVANCED_FACE ( 'NONE', ( #3293 ), #3629, .T. ) ;
#1560 = CARTESIAN_POINT ( 'NONE',  ( 7.413570530636545364, 4.298967370171443925, -5.703944167505126117 ) ) ;
#1561 = CARTESIAN_POINT ( 'NONE',  ( 0.06382842314804834660, -6.162849497567846058, 6.068056752937568632 ) ) ;
#1562 = CARTESIAN_POINT ( 'NONE',  ( 0.1176192779148814427, 1.959030151442480161, -8.661756788862117418 ) ) ;
#1563 = CARTESIAN_POINT ( 'NONE',  ( 7.969186335162199875, 3.381462745154690364, 8.916184481055994482 ) ) ;
#1564 = VERTEX_POINT ( 'NONE', #1787 ) ;
#1565 = CARTESIAN_POINT ( 'NONE',  ( 7.413567691083500222, 4.340732710148675899, 5.672062588271749917 ) ) ;
#1566 = CARTESIAN_POINT ( 'NONE',  ( 0.06386389998796498935, 4.660763697968497432, 7.285736197744781428 ) ) ;
#1567 = CARTESIAN_POINT ( 'NONE',  ( 0.05906383553393916575, -6.056297459326351884, 6.175461386823887011 ) ) ;
#1568 = CARTESIAN_POINT ( 'NONE',  ( 0.1768972933276635739, 7.596072307544726954, 5.075971175277263825 ) ) ;
#1569 = CARTESIAN_POINT ( 'NONE',  ( 7.418134328448553916, 0.2530448938619418997, -7.157745460428687423 ) ) ;
#1570 = ORIENTED_EDGE ( 'NONE', *, *, #1861, .T. ) ;
#1571 = CARTESIAN_POINT ( 'NONE',  ( 42.31737018592016142, -0.003924761509597591257, 0.01189612701329096495 ) ) ;
#1572 = CARTESIAN_POINT ( 'NONE',  ( 0.1176192779148814427, 0.1707897841899974067, -8.878888480732038957 ) ) ;
#1573 = CARTESIAN_POINT ( 'NONE',  ( 0.06924179319540502142, -8.566442346947477304, -1.350741769435973572 ) ) ;
#1574 =( BOUNDED_SURFACE ( )  B_SPLINE_SURFACE ( 3, 1, ( 
 ( #1910, #626 ),
 ( #608, #1526 ),
 ( #6, #1851 ),
 ( #1256, #2485 ) ),
 .UNSPECIFIED., .F., .F., .F. ) 
 B_SPLINE_SURFACE_WITH_KNOTS ( ( 4, 4 ),
 ( 2, 2 ),
 ( 0.000000000000000000, 1.000000000000000000 ),
 ( 0.000000000000000000, 1.000000000000000000 ),
 .UNSPECIFIED. ) 
 GEOMETRIC_REPRESENTATION_ITEM ( )  RATIONAL_B_SPLINE_SURFACE ( (
 ( 1.000000000000000000, 1.000000000000000000),
 ( 0.8657215203422357064, 0.9127505936427622313),
 ( 0.8657215203422357064, 0.9127505936427622313),
 ( 1.000000000000000000, 1.000000000000000000) ) ) 
 REPRESENTATION_ITEM ( '' )  SURFACE ( )  );
#1575 = CARTESIAN_POINT ( 'NONE',  ( 0.06384271922811478317, 5.240475743007295684, -6.880629884893017412 ) ) ;
#1576 = CARTESIAN_POINT ( 'NONE',  ( 7.413560099979261686, -2.096403955463278290, -6.827924217768830850 ) ) ;
#1577 = ORIENTED_EDGE ( 'NONE', *, *, #3082, .F. ) ;
#1578 = LINE ( 'NONE', #990, #2975 ) ;
#1579 = CARTESIAN_POINT ( 'NONE',  ( 0.6474532217643091947, 8.856455732708299777, -7.145954082840977328 ) ) ;
#1580 = CARTESIAN_POINT ( 'NONE',  ( 7.901878860671762261, -8.038582166690430242, -4.579306022159464362 ) ) ;
#1581 = EDGE_CURVE ( 'NONE', #1735, #3338, #510, .T. ) ;
#1582 = CARTESIAN_POINT ( 'NONE',  ( 0.08894703500304448895, 0.2108648290373293654, -8.754623482691012981 ) ) ;
#1583 = VERTEX_POINT ( 'NONE', #3549 ) ;
#1584 = CARTESIAN_POINT ( 'NONE',  ( 0.06377903728224926239, 4.401935354873751649, 7.444549145529214762 ) ) ;
#1585 = B_SPLINE_CURVE_WITH_KNOTS ( 'NONE', 3,
 ( #2586, #87, #3793, #3209, #3832, #437, #1682, #2605, #2843, #2919, #3129, #1013, #2242, #3478, #3851, #358, #1601, #49, #171, #232, #3271, #498 ),
 .UNSPECIFIED., .F., .F.,
 ( 4, 3, 3, 3, 3, 3, 3, 4 ),
 ( 1.008715970960989694E-17, 0.0001518422528443206089, 0.0003036844294303841845, 0.0004555265571827225293, 0.0006073686701617269507, 0.0007592108045165980520, 0.0008818169290298520733, 0.001004459747408503224 ),
 .UNSPECIFIED. ) ;
#1586 = CARTESIAN_POINT ( 'NONE',  ( 7.458129973201925722, 0.1393887176355531610, 7.333062322249439546 ) ) ;
#1587 = CARTESIAN_POINT ( 'NONE',  ( 0.06386368320973596913, -8.465249029012706927, -1.773192858990360499 ) ) ;
#1588 = EDGE_CURVE ( 'NONE', #257, #522, #3406, .T. ) ;
#1589 = CARTESIAN_POINT ( 'NONE',  ( 6.147639088042815558, 9.750031443985845314, 2.403166914808220866 ) ) ;
#1590 = VECTOR ( 'NONE', #1304, 1000.000000000000000 ) ;
#1591 = DIRECTION ( 'NONE',  ( -0.9796399030715338130, 0.1023151324040651594, -0.1727346924943987949 ) ) ;
#1592 = VERTEX_POINT ( 'NONE', #3958 ) ;
#1593 = CARTESIAN_POINT ( 'NONE',  ( 0.06387330960167533767, 1.292711759019344653, -8.552007328493745675 ) ) ;
#1594 = CARTESIAN_POINT ( 'NONE',  ( 7.413556062442729910, 0.3606265627984237554, -7.133266249442500317 ) ) ;
#1595 = CARTESIAN_POINT ( 'NONE',  ( 0.1176192779148810125, -8.793564953341899582, -1.239776276195342364 ) ) ;
#1596 = FACE_OUTER_BOUND ( 'NONE', #2612, .T. ) ;
#1597 = CARTESIAN_POINT ( 'NONE',  ( 7.413570530636542699, 6.457301588688373783, -3.052761980328166036 ) ) ;
#1598 = VERTEX_POINT ( 'NONE', #2149 ) ;
#1599 = CARTESIAN_POINT ( 'NONE',  ( 42.31828303470386743, -0.005071337929622050759, -0.01299365742835259692 ) ) ;
#1600 = B_SPLINE_CURVE_WITH_KNOTS ( 'NONE', 3,
 ( #395, #1643, #69, #1319, #702, #746 ),
 .UNSPECIFIED., .F., .F.,
 ( 4, 2, 4 ),
 ( 0.000000000000000000, 0.0001623299153823895005, 0.0003246598307647790009 ),
 .UNSPECIFIED. ) ;
#1601 = CARTESIAN_POINT ( 'NONE',  ( 7.413570530636548028, 6.180539247768641609, 3.580088563514316480 ) ) ;
#1602 = CARTESIAN_POINT ( 'NONE',  ( 0.7393912915810844089, 11.88959571271703730, -2.218996930664292933 ) ) ;
#1603 = CARTESIAN_POINT ( 'NONE',  ( 0.1027506065886545639, 0.1791101657540863368, -8.814666924857283092 ) ) ;
#1604 = ORIENTED_EDGE ( 'NONE', *, *, #1371, .T. ) ;
#1605 = CARTESIAN_POINT ( 'NONE',  ( 0.7361483507723706188, -10.22255782253290768, 5.365212229691087131 ) ) ;
#1606 = CARTESIAN_POINT ( 'NONE',  ( 0.06381431755680432027, 5.320862624272984398, 6.818499797391824657 ) ) ;
#1607 = ADVANCED_FACE ( 'NONE', ( #624, #319 ), #3671, .F. ) ;
#1608 = LINE ( 'NONE', #2850, #1531 ) ;
#1609 = DIRECTION ( 'NONE',  ( 0.6546536707079768647, -0.6546536707079763096, -0.3779644730092290295 ) ) ;
#1610 = CARTESIAN_POINT ( 'NONE',  ( 7.458129973201924834, 3.531266563128883984, 6.428327052719574830 ) ) ;
#1611 = ADVANCED_FACE ( 'NONE', ( #3377 ), #744, .F. ) ;
#1612 = ORIENTED_EDGE ( 'NONE', *, *, #3012, .T. ) ;
#1613 = CARTESIAN_POINT ( 'NONE',  ( 0.6474532217643091947, 8.161379804782425751, 7.930532616513401578 ) ) ;
#1614 = VECTOR ( 'NONE', #2709, 1000.000000000000114 ) ;
#1615 = CARTESIAN_POINT ( 'NONE',  ( 7.969186335162199875, -5.416986195333258536, -7.847859361422178992 ) ) ;
#1616 = AXIS2_PLACEMENT_3D ( 'NONE', #845, #2092, #544 ) ;
#1617 = CARTESIAN_POINT ( 'NONE',  ( 7.458129973201925722, -5.955810162223144744, 4.280368856554063406 ) ) ;
#1618 = CARTESIAN_POINT ( 'NONE',  ( 7.413550661974127820, 1.410839858294193672, -7.001839064947102287 ) ) ;
#1619 = CARTESIAN_POINT ( 'NONE',  ( 7.413570530636544476, 0.5645913362029664206, 7.120206186543976301 ) ) ;
#1620 = ORIENTED_EDGE ( 'NONE', *, *, #1096, .T. ) ;
#1621 = CARTESIAN_POINT ( 'NONE',  ( 42.31737018592016142, 0.007560801945629564043, -0.009987785778765802605 ) ) ;
#1622 = ADVANCED_FACE ( 'NONE', ( #4021 ), #2950, .F. ) ;
#1623 = CARTESIAN_POINT ( 'NONE',  ( 0.2361091061329870788, -6.305377667354446380, 6.959736053127986821 ) ) ;
#1624 = DIRECTION ( 'NONE',  ( 0.000000000000000000, -0.8660254037844387076, -0.4999999999999998335 ) ) ;
#1625 = CARTESIAN_POINT ( 'NONE',  ( 42.31737018592016142, -0.004950865193881700231, -0.01150697721626233253 ) ) ;
#1626 = ORIENTED_EDGE ( 'NONE', *, *, #2613, .F. ) ;
#1627 = CARTESIAN_POINT ( 'NONE',  ( 7.902356314355738931, 7.132284678657903498, 5.895418549745543579 ) ) ;
#1628 = CARTESIAN_POINT ( 'NONE',  ( 7.413570530636553357, -5.539090378955155991, 4.509387684551080966 ) ) ;
#1629 = B_SPLINE_CURVE_WITH_KNOTS ( 'NONE', 3,
 ( #3805, #1941, #3495, #677, #3163, #1584 ),
 .UNSPECIFIED., .F., .F.,
 ( 4, 2, 4 ),
 ( 9.128610475519328812E-19, 0.0001965018000030258961, 0.0003930036000060508706 ),
 .UNSPECIFIED. ) ;
#1630 = LINE ( 'NONE', #57, #416 ) ;
#1631 = ORIENTED_EDGE ( 'NONE', *, *, #2245, .T. ) ;
#1632 = B_SPLINE_CURVE_WITH_KNOTS ( 'NONE', 3,
 ( #2879, #392, #1066, #1370, #3518, #1029, #3499, #3809, #434, #1680, #721, #3146, #373, #3185, #2602, #412, #1597, #2917, #1660, #2861, #3540, #1316 ),
 .UNSPECIFIED., .F., .F.,
 ( 4, 3, 3, 3, 3, 3, 3, 4 ),
 ( 9.381951662078253431E-18, 0.0001518422528443202836, 0.0003036844294303851603, 0.0004555265571827225835, 0.0006073686701617261917, 0.0007592108045165976184, 0.0008818169290298507722, 0.001004459747408503875 ),
 .UNSPECIFIED. ) ;
#1633 = CARTESIAN_POINT ( 'NONE',  ( 7.413556062442729910, -5.000163335600181114, -5.100186812318834306 ) ) ;
#1634 = ORIENTED_EDGE ( 'NONE', *, *, #321, .T. ) ;
#1635 = CARTESIAN_POINT ( 'NONE',  ( 0.06381431755680434803, 0.5387788470506472693, -8.632104952292246836 ) ) ;
#1636 = EDGE_CURVE ( 'NONE', #2995, #819, #1524, .T. ) ;
#1637 = CARTESIAN_POINT ( 'NONE',  ( 2.504543697384071343, 8.273859611177526219, -7.329999993561729710 ) ) ;
#1638 = DIRECTION ( 'NONE',  ( -0.9785289697799391950, 0.1911914707854247553, 0.07698621175455258592 ) ) ;
#1639 = CARTESIAN_POINT ( 'NONE',  ( 0.06386368320973556667, 4.659782800289796079, -7.286362487036888602 ) ) ;
#1640 = LINE ( 'NONE', #2276, #3945 ) ;
#1641 = ADVANCED_FACE ( 'NONE', ( #340, #589 ), #1180, .T. ) ;
#1642 = ORIENTED_EDGE ( 'NONE', *, *, #987, .F. ) ;
#1643 = CARTESIAN_POINT ( 'NONE',  ( 7.413550661974127820, 7.120845727670087832, 0.5565748106890511249 ) ) ;
#1644 = CARTESIAN_POINT ( 'NONE',  ( 42.31691042206860232, -0.01244120504396432209, 6.887790746424255546E-05 ) ) ;
#1645 = CARTESIAN_POINT ( 'NONE',  ( 7.418134328448553028, -1.958652478800391172, 6.889196779152568340 ) ) ;
#1646 = ORIENTED_EDGE ( 'NONE', *, *, #1464, .T. ) ;
#1647 = ORIENTED_EDGE ( 'NONE', *, *, #2544, .F. ) ;
#1648 = CARTESIAN_POINT ( 'NONE',  ( 7.969186335162196322, 7.137694097782835811, 6.323445181510543023 ) ) ;
#1649 = CARTESIAN_POINT ( 'NONE',  ( 7.413563323830681284, -5.615663865674137334, 4.413612623939672019 ) ) ;
#1650 = CARTESIAN_POINT ( 'NONE',  ( 0.5595309360302104240, -9.206393961830448447, 5.621769963211914245 ) ) ;
#1651 = CARTESIAN_POINT ( 'NONE',  ( 7.647656735037468678, 3.719833938129128548, -7.252820024988253955 ) ) ;
#1652 = ORIENTED_EDGE ( 'NONE', *, *, #12, .T. ) ;
#1653 = CARTESIAN_POINT ( 'NONE',  ( 0.06385449037419051177, -3.395078365276331223, 7.954871063226552685 ) ) ;
#1654 = CONICAL_SURFACE ( 'NONE', #2618, 6.917263856864157567, 1.342693698254313173 ) ;
#1655 = CARTESIAN_POINT ( 'NONE',  ( 7.413567691083498445, 0.5121881327588331256, -7.124038025087158665 ) ) ;
#1656 = CARTESIAN_POINT ( 'NONE',  ( 0.06387330960167561522, -6.303820074370965365, -5.921974798027701326 ) ) ;
#1657 = CARTESIAN_POINT ( 'NONE',  ( 42.31703308766501692, 0.003257555358950673524, -0.01209038760606983252 ) ) ;
#1658 = ADVANCED_FACE ( 'NONE', ( #3649 ), #2267, .F. ) ;
#1659 = VECTOR ( 'NONE', #3280, 1000.000000000000000 ) ;
#1660 = CARTESIAN_POINT ( 'NONE',  ( 7.413565931491584493, 6.491690788476516261, -2.978606536124715376 ) ) ;
#1661 = CARTESIAN_POINT ( 'NONE',  ( 7.458129973201924834, -5.955810162223085236, -4.280368856554146006 ) ) ;
#1662 = CARTESIAN_POINT ( 'NONE',  ( 0.05906383553393920738, 1.641936003444691705, -8.492297004732449750 ) ) ;
#1663 = ADVANCED_FACE ( 'NONE', ( #3249 ), #2688, .F. ) ;
#1664 = CARTESIAN_POINT ( 'NONE',  ( 42.31691042206860232, -0.007010724585770502712, 0.01027803813451638390 ) ) ;
#1665 = VECTOR ( 'NONE', #2736, 1000.000000000000000 ) ;
#1666 = CARTESIAN_POINT ( 'NONE',  ( 0.7393912915810844089, -11.01306494525246293, 4.999883408821476749 ) ) ;
#1667 = ORIENTED_EDGE ( 'NONE', *, *, #687, .F. ) ;
#1668 = ORIENTED_EDGE ( 'NONE', *, *, #3791, .F. ) ;
#1669 = CARTESIAN_POINT ( 'NONE',  ( 1.915078604103044313, -6.372264017554856608, 9.231818214102640141 ) ) ;
#1670 = CARTESIAN_POINT ( 'NONE',  ( 7.413576133558280823, -5.281313999560937056, 4.808852066147323967 ) ) ;
#1671 = LINE ( 'NONE', #2910, #1457 ) ;
#1672 = ORIENTED_EDGE ( 'NONE', *, *, #1484, .T. ) ;
#1673 = CARTESIAN_POINT ( 'NONE',  ( 7.969186335162198098, 3.381462745154811156, -8.916184481055950073 ) ) ;
#1674 = ADVANCED_FACE ( 'NONE', ( #2313 ), #3354, .F. ) ;
#1675 = ORIENTED_EDGE ( 'NONE', *, *, #2233, .T. ) ;
#1676 = CARTESIAN_POINT ( 'NONE',  ( 0.06388035843266236247, -3.254948477977177124, 8.013349405017716975 ) ) ;
#1677 = CARTESIAN_POINT ( 'NONE',  ( 0.06385427510213147195, -6.703611648846195870, -5.465170184914584617 ) ) ;
#1678 = CIRCLE ( 'NONE', #3684, 8.373863283429843207 ) ;
#1679 = CARTESIAN_POINT ( 'NONE',  ( 42.31647246991754940, 0.01102965116300141935, 0.006959318040871764234 ) ) ;
#1680 = CARTESIAN_POINT ( 'NONE',  ( 7.413576434723044173, 6.302497468634975952, -3.360553252541985891 ) ) ;
#1681 = CARTESIAN_POINT ( 'NONE',  ( 0.3506278047350339100, 6.608621690351464295, 7.354506767411003842 ) ) ;
#1682 = CARTESIAN_POINT ( 'NONE',  ( 7.413573959427520954, 6.414144147436310561, 3.142195895205648348 ) ) ;
#1683 = PLANE ( 'NONE',  #3484 ) ;
#1684 = FACE_OUTER_BOUND ( 'NONE', #3574, .T. ) ;
#1685 = EDGE_CURVE ( 'NONE', #1266, #2118, #846, .T. ) ;
#1686 = VERTEX_POINT ( 'NONE', #165 ) ;
#1687 = ORIENTED_EDGE ( 'NONE', *, *, #1724, .F. ) ;
#1688 = CARTESIAN_POINT ( 'NONE',  ( 0.3471135949763306527, -4.666868616281647064, 8.696381067610568394 ) ) ;
#1689 = CARTESIAN_POINT ( 'NONE',  ( 7.413556062442729022, -5.000163335600250392, 5.100186812318765917 ) ) ;
#1690 = CARTESIAN_POINT ( 'NONE',  ( 0.06377903728224926239, -8.521722159823198695, 1.476007547225115291 ) ) ;
#1691 = EDGE_LOOP ( 'NONE', ( #3001, #2967, #130, #3698 ) ) ;
#1692 = CARTESIAN_POINT ( 'NONE',  ( 7.434447245088818157, -4.923814564851543452, -5.297632901179137654 ) ) ;
#1693 = VERTEX_POINT ( 'NONE', #1408 ) ;
#1694 = CARTESIAN_POINT ( 'NONE',  ( 7.413556062442729022, -5.000163335600250392, 5.100186812318765917 ) ) ;
#1695 =( NAMED_UNIT ( * ) SI_UNIT ( $, .STERADIAN. ) SOLID_ANGLE_UNIT ( ) );
#1696 = CARTESIAN_POINT ( 'NONE',  ( 0.06924179319540478550, -6.957486994811164394, -5.177046699452068523 ) ) ;
#1697 = CARTESIAN_POINT ( 'NONE',  ( 0.7361483507723686204, 4.093900608187734491, -10.79472873744105321 ) ) ;
#1698 = CARTESIAN_POINT ( 'NONE',  ( 0.06385449037419085871, -8.306102572127890937, -2.411470671647694353 ) ) ;
#1699 = CARTESIAN_POINT ( 'NONE',  ( 42.31691042206860232, -0.01244120504396432035, 6.887790746424679741E-05 ) ) ;
#1700 = CARTESIAN_POINT ( 'NONE',  ( 7.418134328448560133, -5.746963146563084379, -4.274314727139635117 ) ) ;
#1701 = LINE ( 'NONE', #3253, #2190 ) ;
#1702 = B_SPLINE_CURVE_WITH_KNOTS ( 'NONE', 3,
 ( #310, #1554, #1249, #2087, #3306, #1781 ),
 .UNSPECIFIED., .F., .F.,
 ( 4, 2, 4 ),
 ( 1.226634733346699349E-18, 0.0001623299153823908286, 0.0003246598307647804646 ),
 .UNSPECIFIED. ) ;
#1703 = FACE_OUTER_BOUND ( 'NONE', #1853, .T. ) ;
#1704 = EDGE_LOOP ( 'NONE', ( #2924, #202, #893, #2729 ) ) ;
#1705 = ORIENTED_EDGE ( 'NONE', *, *, #2780, .T. ) ;
#1706 = CARTESIAN_POINT ( 'NONE',  ( 0.1074819131976419151, -8.795678972125175576, 1.240076648437063778 ) ) ;
#1707 = CARTESIAN_POINT ( 'NONE',  ( 7.901878860671741833, 7.132246032147643966, -5.892360599295697554 ) ) ;
#1708 =( BOUNDED_SURFACE ( )  B_SPLINE_SURFACE ( 3, 1, ( 
 ( #2994, #2360 ),
 ( #3254, #212 ),
 ( #3605, #2978 ),
 ( #1784, #843 ) ),
 .UNSPECIFIED., .F., .F., .F. ) 
 B_SPLINE_SURFACE_WITH_KNOTS ( ( 4, 4 ),
 ( 2, 2 ),
 ( 0.000000000000000000, 1.000000000000000000 ),
 ( 0.000000000000000000, 1.000000000000000000 ),
 .UNSPECIFIED. ) 
 GEOMETRIC_REPRESENTATION_ITEM ( )  RATIONAL_B_SPLINE_SURFACE ( (
 ( 1.000000000000000000, 1.000000000000000000),
 ( 0.8657215203422359284, 0.9127505936427621203),
 ( 0.8657215203422359284, 0.9127505936427621203),
 ( 1.000000000000000000, 1.000000000000000000) ) ) 
 REPRESENTATION_ITEM ( '' )  SURFACE ( )  );
#1709 = ADVANCED_FACE ( 'NONE', ( #47 ), #3513, .F. ) ;
#1710 = CARTESIAN_POINT ( 'NONE',  ( 0.06389207986025954855, 8.649094089620904313, 0.05003131974565556972 ) ) ;
#1711 = B_SPLINE_CURVE_WITH_KNOTS ( 'NONE', 3,
 ( #2928, #2268, #1650, #2016, #3509, #97, #731, #3822 ),
 .UNSPECIFIED., .F., .F.,
 ( 4, 2, 2, 4 ),
 ( 0.0004800065146897973447, 0.002063914009317798295, 0.002855867756631799530, 0.003647821503945797295 ),
 .UNSPECIFIED. ) ;
#1712 = ORIENTED_EDGE ( 'NONE', *, *, #2035, .F. ) ;
#1713 = CARTESIAN_POINT ( 'NONE',  ( 0.7393912915810844089, -6.290906917329678549, -10.33009795440733036 ) ) ;
#1714 = ORIENTED_EDGE ( 'NONE', *, *, #1263, .F. ) ;
#1715 = EDGE_CURVE ( 'NONE', #3332, #2482, #1908, .T. ) ;
#1716 = CARTESIAN_POINT ( 'NONE',  ( 7.361297821651286100, 0.000000000000000000, 0.000000000000000000 ) ) ;
#1717 = CARTESIAN_POINT ( 'NONE',  ( 0.6553706634321150304, -6.044432404296307126, -9.433197665828924272 ) ) ;
#1718 = CARTESIAN_POINT ( 'NONE',  ( 7.969186335162199875, -9.535860527351104565, -6.343758518970218284E-14 ) ) ;
#1719 = CARTESIAN_POINT ( 'NONE',  ( 0.2361091061329899654, 2.145887714952758429, 9.142804786934728867 ) ) ;
#1720 = CARTESIAN_POINT ( 'NONE',  ( 0.2361091061329868013, -7.669021033099260087, -5.420500885625139986 ) ) ;
#1721 = CARTESIAN_POINT ( 'NONE',  ( 0.06381431755680430640, -8.262211951157750534, 2.557219628339265416 ) ) ;
#1722 = CIRCLE ( 'NONE', #3069, 8.373863283346574704 ) ;
#1723 = CARTESIAN_POINT ( 'NONE',  ( 0.06377903728224926239, 5.399826581256158775, -6.755754564891081948 ) ) ;
#1724 = EDGE_CURVE ( 'NONE', #3202, #728, #414, .T. ) ;
#1725 = CARTESIAN_POINT ( 'NONE',  ( 7.969186335162331325, 7.137694097783734648, -6.323445181510357394 ) ) ;
#1726 =( BOUNDED_SURFACE ( )  B_SPLINE_SURFACE ( 3, 1, ( 
 ( #3947, #3321 ),
 ( #2374, #1513 ),
 ( #3003, #2415 ),
 ( #554, #2394 ) ),
 .UNSPECIFIED., .F., .F., .F. ) 
 B_SPLINE_SURFACE_WITH_KNOTS ( ( 4, 4 ),
 ( 2, 2 ),
 ( 0.000000000000000000, 1.000000000000000000 ),
 ( 0.000000000000000000, 1.000000000000000000 ),
 .UNSPECIFIED. ) 
 GEOMETRIC_REPRESENTATION_ITEM ( )  RATIONAL_B_SPLINE_SURFACE ( (
 ( 1.000000000000000000, 1.000000000000000000),
 ( 0.8657215203422359284, 0.9127505936427621203),
 ( 0.8657215203422359284, 0.9127505936427621203),
 ( 1.000000000000000000, 1.000000000000000000) ) ) 
 REPRESENTATION_ITEM ( '' )  SURFACE ( )  );
#1727 = ORIENTED_EDGE ( 'NONE', *, *, #3169, .T. ) ;
#1728 = VERTEX_POINT ( 'NONE', #2042 ) ;
#1729 = DIRECTION ( 'NONE',  ( 0.000000000000000000, 3.004629197474319049E-16, -1.000000000000000000 ) ) ;
#1730 = CARTESIAN_POINT ( 'NONE',  ( 7.458129973201925722, -5.955810162223144744, 4.280368856554063406 ) ) ;
#1731 = CARTESIAN_POINT ( 'NONE',  ( 0.06385427510213188829, 8.641803551485267576, -0.3545781524041106136 ) ) ;
#1732 = ORIENTED_EDGE ( 'NONE', *, *, #3371, .T. ) ;
#1733 = CARTESIAN_POINT ( 'NONE',  ( 0.1176192779148814427, 8.834737820557457155, -0.9006872074540623885 ) ) ;
#1734 = B_SPLINE_CURVE_WITH_KNOTS ( 'NONE', 3,
 ( #2274, #2952, #1027, #3885, #472, #1718 ),
 .UNSPECIFIED., .F., .F.,
 ( 4, 2, 4 ),
 ( 8.673617379884035472E-19, 0.001307146423454786342, 0.002614292846909571817 ),
 .UNSPECIFIED. ) ;
#1735 = VERTEX_POINT ( 'NONE', #3792 ) ;
#1736 = DIRECTION ( 'NONE',  ( -0.9796399030715338130, -0.1911282647622838116, 0.06144629133604604526 ) ) ;
#1737 =( LENGTH_UNIT ( ) NAMED_UNIT ( * ) SI_UNIT ( .MILLI., .METRE. ) );
#1738 = EDGE_CURVE ( 'NONE', #2241, #1598, #1578, .T. ) ;
#1739 = CARTESIAN_POINT ( 'NONE',  ( 0.06930270350510193966, -2.373039913515935684, -8.341562294632213437 ) ) ;
#1740 = CARTESIAN_POINT ( 'NONE',  ( 0.6474532217643088616, 4.521111645800344192, 10.44322830286218640 ) ) ;
#1741 = CARTESIAN_POINT ( 'NONE',  ( 7.647656735037468678, 7.648315235045113347, 2.818481312250401327 ) ) ;
#1742 = CARTESIAN_POINT ( 'NONE',  ( 0.06389207986025959018, -3.020230936065030569, -8.104784808796992479 ) ) ;
#1743 = FACE_OUTER_BOUND ( 'NONE', #394, .T. ) ;
#1744 = CARTESIAN_POINT ( 'NONE',  ( 0.08905512610961292819, 5.648114199156577975, -6.692895388398058643 ) ) ;
#1745 = LINE ( 'NONE', #521, #3818 ) ;
#1746 = ORIENTED_EDGE ( 'NONE', *, *, #388, .T. ) ;
#1747 = VERTEX_POINT ( 'NONE', #1930 ) ;
#1748 = FACE_OUTER_BOUND ( 'NONE', #1061, .T. ) ;
#1749 = VECTOR ( 'NONE', #1788, 1000.000000000000000 ) ;
#1750 = CARTESIAN_POINT ( 'NONE',  ( 7.693106532591423630, 6.772723041518986520, -4.879214827017070100 ) ) ;
#1751 = CARTESIAN_POINT ( 'NONE',  ( 21.21242604955889988, 2.881695263358540426, -3.374233647987652684 ) ) ;
#1752 = CARTESIAN_POINT ( 'NONE',  ( 0.05906383553393920738, -8.522674168166107123, 1.476173187424089761 ) ) ;
#1753 = ORIENTED_EDGE ( 'NONE', *, *, #2372, .T. ) ;
#1754 = CARTESIAN_POINT ( 'NONE',  ( 6.147639088042815558, -8.891597763573523494, -4.666670503684170690 ) ) ;
#1755 = VERTEX_POINT ( 'NONE', #1012 ) ;
#1756 = ADVANCED_BREP_SHAPE_REPRESENTATION ( 'straight bevel pinion_iso', ( #2289, #2297 ), #2769 ) ;
#1757 = CARTESIAN_POINT ( 'NONE',  ( 7.413568538372648398, 7.134516456116088534, 0.3386028049787886962 ) ) ;
#1758 = CARTESIAN_POINT ( 'NONE',  ( 0.06377903728224926239, -2.492425889569358066, -8.281676160880214965 ) ) ;
#1759 = CARTESIAN_POINT ( 'NONE',  ( 0.05677524173679930619, 8.618433555237439592, 0.7498543484072467402 ) ) ;
#1760 = CARTESIAN_POINT ( 'NONE',  ( 0.6474532217643091947, -6.888964476765633727, 9.057794231343221369 ) ) ;
#1761 = DIRECTION ( 'NONE',  ( 0.000000000000000000, -1.000000000000000000, -3.004629197474319049E-16 ) ) ;
#1762 = ADVANCED_FACE ( 'NONE', ( #1274 ), #330, .F. ) ;
#1763 = CARTESIAN_POINT ( 'NONE',  ( 7.969186335162196322, -1.149420971344708109, 9.466333367662784326 ) ) ;
#1764 = CARTESIAN_POINT ( 'NONE',  ( 0.05906383553393916575, 5.400429329964024028, 6.756509846663434793 ) ) ;
#1765 = CARTESIAN_POINT ( 'NONE',  ( -0.0001015999999967978526, 1.025502486644792683E-15, 8.373863283346574704 ) ) ;
#1766 = LINE ( 'NONE', #1176, #700 ) ;
#1767 = ORIENTED_EDGE ( 'NONE', *, *, #3944, .T. ) ;
#1768 = CARTESIAN_POINT ( 'NONE',  ( 0.5595309360302166413, -9.856453831723447578, -4.383184363314496679 ) ) ;
#1769 = FACE_OUTER_BOUND ( 'NONE', #344, .T. ) ;
#1770 = CARTESIAN_POINT ( 'NONE',  ( 42.31828303470383901, 0.01394760196108876457, 0.0001341689116926355772 ) ) ;
#1771 = CARTESIAN_POINT ( 'NONE',  ( 3.999898400000003740, 0.000000000000000000, 0.000000000000000000 ) ) ;
#1772 = VERTEX_POINT ( 'NONE', #2684 ) ;
#1773 = CARTESIAN_POINT ( 'NONE',  ( 0.06388974337535177628, 0.9425659537862314252, 8.597716384178056614 ) ) ;
#1774 = EDGE_LOOP ( 'NONE', ( #1995, #1140 ) ) ;
#1775 = CARTESIAN_POINT ( 'NONE',  ( 0.06389207986025997876, 7.681643191710180396, -3.975133907093366226 ) ) ;
#1776 = FACE_OUTER_BOUND ( 'NONE', #3774, .T. ) ;
#1777 = DIRECTION ( 'NONE',  ( -1.000000000000000000, -0.000000000000000000, -0.000000000000000000 ) ) ;
#1778 = ORIENTED_EDGE ( 'NONE', *, *, #2490, .T. ) ;
#1779 = CARTESIAN_POINT ( 'NONE',  ( 7.445848493750773400, -3.253630515389862143, -6.514133374108163288 ) ) ;
#1780 = CARTESIAN_POINT ( 'NONE',  ( 0.06388505090402024633, -2.925107273289109688, -8.139409910000175330 ) ) ;
#1781 = CARTESIAN_POINT ( 'NONE',  ( 7.458129973201925722, 6.807104459455519674, -2.730670451493404816 ) ) ;
#1782 = CARTESIAN_POINT ( 'NONE',  ( 7.901878860671765814, -1.431204989744791822, 9.140049188737931374 ) ) ;
#1783 = EDGE_CURVE ( 'NONE', #3587, #3037, #1818, .T. ) ;
#1784 = CARTESIAN_POINT ( 'NONE',  ( 42.32077784063513093, -0.01256386223653645565, 0.001305123239672318497 ) ) ;
#1785 = ORIENTED_EDGE ( 'NONE', *, *, #687, .T. ) ;
#1786 = VERTEX_POINT ( 'NONE', #3023 ) ;
#1787 = CARTESIAN_POINT ( 'NONE',  ( 0.000000000000000000, 0.000000000000000000, -8.373863283429843207 ) ) ;
#1788 = DIRECTION ( 'NONE',  ( 1.000000000000000000, -0.000000000000000000, -0.000000000000000000 ) ) ;
#1789 = CARTESIAN_POINT ( 'NONE',  ( 0.05906383553393920738, -6.056297459326267507, -6.175461386823969612 ) ) ;
#1790 = FACE_OUTER_BOUND ( 'NONE', #572, .T. ) ;
#1791 = ORIENTED_EDGE ( 'NONE', *, *, #3820, .T. ) ;
#1792 = CARTESIAN_POINT ( 'NONE',  ( 0.06388967118332712636, 1.143545067481556821, 8.573299067408672869 ) ) ;
#1793 = ORIENTED_EDGE ( 'NONE', *, *, #3955, .T. ) ;
#1794 = CARTESIAN_POINT ( 'NONE',  ( 0.06389204376496518401, 7.634594757980520008, -4.064762218855476839 ) ) ;
#1795 = EDGE_CURVE ( 'NONE', #241, #2705, #3948, .T. ) ;
#1796 = CARTESIAN_POINT ( 'NONE',  ( 42.31718733146613687, -0.003869162156285523794, 0.01193916600848408602 ) ) ;
#1797 = CARTESIAN_POINT ( 'NONE',  ( 42.31737018592016142, 0.002053202152727170385, 0.01235742496410988794 ) ) ;
#1798 = CARTESIAN_POINT ( 'NONE',  ( 42.31647246991754940, 0.008238054312406503307, -0.01011037949422979691 ) ) ;
#1799 = CARTESIAN_POINT ( 'NONE',  ( 42.31718733146613687, -0.005021022040327310920, 0.01150232317579092355 ) ) ;
#1800 = CARTESIAN_POINT ( 'NONE',  ( 7.969186335162196322, -1.149420971344581321, -9.466333367662807419 ) ) ;
#1801 = CARTESIAN_POINT ( 'NONE',  ( 7.969186335162196322, 7.137694097782835811, 6.323445181510543023 ) ) ;
#1802 = CARTESIAN_POINT ( 'NONE',  ( 0.06388494259132554420, 4.787027767816901758, -7.203513262463663303 ) ) ;
#1803 = DIRECTION ( 'NONE',  ( -1.000000000000000000, -0.000000000000000000, -0.000000000000000000 ) ) ;
#1804 = ORIENTED_EDGE ( 'NONE', *, *, #1955, .T. ) ;
#1805 = CARTESIAN_POINT ( 'NONE',  ( 0.6474532217643091947, 3.541040652246330911, 10.81492020306355428 ) ) ;
#1806 = CARTESIAN_POINT ( 'NONE',  ( 0.1074819131976425951, 7.405983171632251505, -4.904403321117033698 ) ) ;
#1807 =( BOUNDED_SURFACE ( )  B_SPLINE_SURFACE ( 3, 1, ( 
 ( #3812, #3151 ),
 ( #2920, #3522 ),
 ( #3171, #3502 ),
 ( #3234, #2262 ) ),
 .UNSPECIFIED., .F., .F., .F. ) 
 B_SPLINE_SURFACE_WITH_KNOTS ( ( 4, 4 ),
 ( 2, 2 ),
 ( 0.000000000000000000, 1.000000000000000000 ),
 ( 0.000000000000000000, 1.000000000000000000 ),
 .UNSPECIFIED. ) 
 GEOMETRIC_REPRESENTATION_ITEM ( )  RATIONAL_B_SPLINE_SURFACE ( (
 ( 1.000000000000000000, 1.000000000000000000),
 ( 0.8657215203422357064, 0.9127505936427622313),
 ( 0.8657215203422357064, 0.9127505936427622313),
 ( 1.000000000000000000, 1.000000000000000000) ) ) 
 REPRESENTATION_ITEM ( '' )  SURFACE ( )  );
#1808 = CARTESIAN_POINT ( 'NONE',  ( 0.05677524173679930619, -5.953744739684411869, -6.276352608366432051 ) ) ;
#1809 = AXIS2_PLACEMENT_3D ( 'NONE', #3904, #204, #3926 ) ;
#1810 = ADVANCED_FACE ( 'NONE', ( #2710 ), #3191, .F. ) ;
#1811 = CARTESIAN_POINT ( 'NONE',  ( 42.31647246991754940, 0.01199296245970349860, -0.005123881713276016645 ) ) ;
#1812 = ORIENTED_EDGE ( 'NONE', *, *, #972, .F. ) ;
#1813 = FACE_OUTER_BOUND ( 'NONE', #1970, .T. ) ;
#1814 = CARTESIAN_POINT ( 'NONE',  ( 0.06388494259132553033, 1.193671127273339350, 8.566293680014359424 ) ) ;
#1815 = EDGE_CURVE ( 'NONE', #2413, #113, #2841, .T. ) ;
#1816 = CARTESIAN_POINT ( 'NONE',  ( 7.361297821651286100, 0.000000000000000000, 0.000000000000000000 ) ) ;
#1817 = LINE ( 'NONE', #3041, #1091 ) ;
#1818 = LINE ( 'NONE', #513, #509 ) ;
#1819 = CARTESIAN_POINT ( 'NONE',  ( 7.413564815081634229, -7.020034402378770189, -1.317481031023927773 ) ) ;
#1820 = EDGE_CURVE ( 'NONE', #2302, #1913, #3988, .T. ) ;
#1821 = CARTESIAN_POINT ( 'NONE',  ( 42.31828303470386743, 0.001548006968646591314, -0.01386208051436823262 ) ) ;
#1822 = CARTESIAN_POINT ( 'NONE',  ( 0.07590485995811632747, -5.938249513981651795, 6.418110473188600729 ) ) ;
#1823 = CARTESIAN_POINT ( 'NONE',  ( 7.413576555707939164, -6.947938683958606809, 1.656354363249115336 ) ) ;
#1824 = CARTESIAN_POINT ( 'NONE',  ( 7.413556062442729022, 4.460297618939086384, 5.578466102228962775 ) ) ;
#1825 = B_SPLINE_CURVE_WITH_KNOTS ( 'NONE', 3,
 ( #523, #2032, #1399, #3257, #2326, #2996 ),
 .UNSPECIFIED., .F., .F.,
 ( 4, 2, 4 ),
 ( 8.673617379884035472E-19, 0.0001623297608600655006, 0.0003246595217201301339 ),
 .UNSPECIFIED. ) ;
#1826 = B_SPLINE_CURVE_WITH_KNOTS ( 'NONE', 3,
 ( #2425, #3086, #315, #3726, #2800, #944, #1884, #2819, #2501, #3745, #965, #3667, #2199, #1500, #3976, #1197, #1619, #3207, #1010, #3789, #85, #1047 ),
 .UNSPECIFIED., .F., .F.,
 ( 4, 3, 3, 3, 3, 3, 3, 4 ),
 ( 1.012438182763290860E-17, 0.0001518422528443215305, 0.0003036844294303849435, 0.0004555265571827232882, 0.0006073686701617274928, 0.0007592108045165996784, 0.0008818169290298529406, 0.001004459747408503224 ),
 .UNSPECIFIED. ) ;
#1827 = ORIENTED_EDGE ( 'NONE', *, *, #674, .F. ) ;
#1828 = ORIENTED_EDGE ( 'NONE', *, *, #3997, .T. ) ;
#1829 = CARTESIAN_POINT ( 'NONE',  ( 42.32077784063513093, 0.01188644279875290637, 0.004273927767446719303 ) ) ;
#1830 = CARTESIAN_POINT ( 'NONE',  ( 0.2866314039218185727, 2.055134527913716032E-15, 9.608583175785918584 ) ) ;
#1831 = LINE ( 'NONE', #3052, #1483 ) ;
#1832 = CARTESIAN_POINT ( 'NONE',  ( 42.31959510201222230, 0.002783091135811086893, 0.01371771417618815672 ) ) ;
#1833 = ORIENTED_EDGE ( 'NONE', *, *, #291, .T. ) ;
#1834 = CARTESIAN_POINT ( 'NONE',  ( 7.413565931491596928, 3.739375997744553537, 6.085327709969911680 ) ) ;
#1835 = CARTESIAN_POINT ( 'NONE',  ( 7.551448060484376335, 0.06625358445738584179, 7.736372577022090802 ) ) ;
#1836 = ADVANCED_FACE ( 'NONE', ( #1145 ), #3781, .F. ) ;
#1837 = CARTESIAN_POINT ( 'NONE',  ( 7.413576555707944493, 7.142435757904096683, 0.05452684582606046743 ) ) ;
#1838 = CARTESIAN_POINT ( 'NONE',  ( 7.413556062442729910, 3.634313081514066290, 6.148602062970656590 ) ) ;
#1839 = EDGE_CURVE ( 'NONE', #1119, #643, #266, .T. ) ;
#1840 = EDGE_LOOP ( 'NONE', ( #3654, #2303, #3759, #3879 ) ) ;
#1841 = CARTESIAN_POINT ( 'NONE',  ( 7.413573959427513849, -6.979737473727254837, -1.515884225719826617 ) ) ;
#1842 =( BOUNDED_SURFACE ( )  B_SPLINE_SURFACE ( 3, 1, ( 
 ( #2345, #3275 ),
 ( #3896, #828 ),
 ( #524, #3915 ),
 ( #789, #2997 ) ),
 .UNSPECIFIED., .F., .F., .F. ) 
 B_SPLINE_SURFACE_WITH_KNOTS ( ( 4, 4 ),
 ( 2, 2 ),
 ( 0.000000000000000000, 1.000000000000000000 ),
 ( 0.000000000000000000, 1.000000000000000000 ),
 .UNSPECIFIED. ) 
 GEOMETRIC_REPRESENTATION_ITEM ( )  RATIONAL_B_SPLINE_SURFACE ( (
 ( 1.000000000000000000, 1.000000000000000000),
 ( 0.8657215203422359284, 0.9127505936427621203),
 ( 0.8657215203422359284, 0.9127505936427621203),
 ( 1.000000000000000000, 1.000000000000000000) ) ) 
 REPRESENTATION_ITEM ( '' )  SURFACE ( )  );
#1843 = PLANE ( 'NONE',  #3200 ) ;
#1844 = CARTESIAN_POINT ( 'NONE',  ( 0.07590485995811632747, 1.908691162770940641, 8.532985842102203122 ) ) ;
#1845 = CARTESIAN_POINT ( 'NONE',  ( 0.06386389998796498935, 5.159552100162445143, -6.941447422342033491 ) ) ;
#1846 = CARTESIAN_POINT ( 'NONE',  ( 0.1074819131976416514, -7.211894591940312793, -5.185589172835225469 ) ) ;
#1847 = ORIENTED_EDGE ( 'NONE', *, *, #3329, .F. ) ;
#1848 = CARTESIAN_POINT ( 'NONE',  ( 0.05677524173679951436, -2.355012661929542617, 8.324277377167311087 ) ) ;
#1849 = ADVANCED_FACE ( 'NONE', ( #2437 ), #136, .F. ) ;
#1850 = CARTESIAN_POINT ( 'NONE',  ( 0.1027505222336364821, -7.152582164768150896, 5.154706142695223647 ) ) ;
#1851 = CARTESIAN_POINT ( 'NONE',  ( 0.4166821207338480826, -10.17014630917398321, -1.229260556351931877 ) ) ;
#1852 = CARTESIAN_POINT ( 'NONE',  ( 0.06382857904819162764, 7.436234689824030575, 4.416384487447833962 ) ) ;
#1853 = EDGE_LOOP ( 'NONE', ( #2049, #3804, #1253, #3568 ) ) ;
#1854 = B_SPLINE_CURVE_WITH_KNOTS ( 'NONE', 3,
 ( #1519, #3105, #336, #3330, #1575, #2442, #1845, #1539, #4016, #3708, #3392, #1175, #621, #561, #1864, #1802, #43, #3808, #1639, #2523, #411, #1982, #3517, #3184, #3166 ),
 .UNSPECIFIED., .F., .F.,
 ( 4, 3, 3, 3, 3, 3, 3, 3, 4 ),
 ( 2.453269466693398698E-18, 0.0001518396426109998342, 0.0003036792827425935024, 0.0004555189212204420772, 0.0006073585588422194701, 0.0007591981963891892985, 0.0009110378346411164866, 0.001062271348283225876, 0.001213553284518156025 ),
 .UNSPECIFIED. ) ;
#1855 = CARTESIAN_POINT ( 'NONE',  ( 7.413573959427513849, 4.219191341152869867, 5.763077703335203417 ) ) ;
#1856 = VECTOR ( 'NONE', #2198, 1000.000000000000227 ) ;
#1857 = CARTESIAN_POINT ( 'NONE',  ( 7.413568538372651950, -2.846533524498195078, 6.550818560763124410 ) ) ;
#1858 = CARTESIAN_POINT ( 'NONE',  ( 7.507077051279974711, -7.475976168836081293, -1.020469407881948953 ) ) ;
#1859 = ORIENTED_EDGE ( 'NONE', *, *, #551, .T. ) ;
#1860 = CARTESIAN_POINT ( 'NONE',  ( 0.1768972933276597714, 8.492503272531415348, -3.367964673172279877 ) ) ;
#1861 = EDGE_CURVE ( 'NONE', #367, #1198, #995, .T. ) ;
#1862 = CARTESIAN_POINT ( 'NONE',  ( 0.05906383553393917962, -8.232465083027353359, 2.653597730013171674 ) ) ;
#1863 = CARTESIAN_POINT ( 'NONE',  ( 7.413573959427513849, -5.475784077761677970, -4.585894560679565579 ) ) ;
#1864 = CARTESIAN_POINT ( 'NONE',  ( 0.06388967118332714024, 4.829193093445441676, -7.175517144207145925 ) ) ;
#1865 = ORIENTED_EDGE ( 'NONE', *, *, #3652, .T. ) ;
#1866 = CARTESIAN_POINT ( 'NONE',  ( 0.1074819131976416514, -2.291237037356855133, 8.582073846881534962 ) ) ;
#1867 = CARTESIAN_POINT ( 'NONE',  ( 0.06388505090401984388, -6.573223137492789192, 5.621297343851098915 ) ) ;
#1868 = CARTESIAN_POINT ( 'NONE',  ( 0.07590485995811632747, 8.700838064400992167, -0.8662368691226022266 ) ) ;
#1869 = CARTESIAN_POINT ( 'NONE',  ( 0.7361483507723705078, 4.093900608187580836, 10.79472873744110828 ) ) ;
#1870 = ORIENTED_EDGE ( 'NONE', *, *, #2801, .F. ) ;
#1871 = CARTESIAN_POINT ( 'NONE',  ( 0.06377903728224926239, -3.626159543129688245, 7.851707700650651489 ) ) ;
#1872 = CARTESIAN_POINT ( 'NONE',  ( 0.1176192779148810125, 8.241342054346244339, -3.308188469075445504 ) ) ;
#1873 = CARTESIAN_POINT ( 'NONE',  ( 1.325613487614299313, -11.38122996460026926, -7.780212545731056450E-14 ) ) ;
#1874 = VECTOR ( 'NONE', #1136, 1000.000000000000114 ) ;
#1875 = B_SPLINE_CURVE_WITH_KNOTS ( 'NONE', 3,
 ( #2186, #2770, #3715, #263, #3402, #3116, #1529 ),
 .UNSPECIFIED., .F., .F.,
 ( 4, 3, 4 ),
 ( 7.606455139545735132E-05, 0.001911412324149127815, 0.007582950371462357161 ),
 .UNSPECIFIED. ) ;
#1876 = CARTESIAN_POINT ( 'NONE',  ( 2.504543697384075784, 10.73255969621464168, 2.645338378786119993 ) ) ;
#1877 = CARTESIAN_POINT ( 'NONE',  ( 0.05677524173679951436, 7.979718614539432764, 3.341222728678946652 ) ) ;
#1878 = ORIENTED_EDGE ( 'NONE', *, *, #3705, .T. ) ;
#1879 = CARTESIAN_POINT ( 'NONE',  ( 0.4021422169983498995, 2.614066612456245942, -9.763058623043528783 ) ) ;
#1880 = CARTESIAN_POINT ( 'NONE',  ( 7.413550661955998322, -4.960952063596154815, 5.138596504784976204 ) ) ;
#1881 = CARTESIAN_POINT ( 'NONE',  ( 7.413568538372648398, -5.115727058281120954, -4.984507356529949362 ) ) ;
#1882 = LINE ( 'NONE', #1196, #3353 ) ;
#1883 = EDGE_CURVE ( 'NONE', #1325, #3093, #2213, .T. ) ;
#1884 = CARTESIAN_POINT ( 'NONE',  ( 7.413573959427520066, 1.057672645378995524, 7.063707862245983904 ) ) ;
#1885 = ORIENTED_EDGE ( 'NONE', *, *, #1499, .F. ) ;
#1886 = DIRECTION ( 'NONE',  ( -0.000000000000000000, 0.000000000000000000, 1.000000000000000000 ) ) ;
#1887 = DIRECTION ( 'NONE',  ( -1.000000000000000000, -0.000000000000000000, -0.000000000000000000 ) ) ;
#1888 = ADVANCED_FACE ( 'NONE', ( #919 ), #2094, .F. ) ;
#1889 = CARTESIAN_POINT ( 'NONE',  ( 42.31691042206860232, -0.01098413081292478471, -0.005842704630275651762 ) ) ;
#1890 = CARTESIAN_POINT ( 'NONE',  ( 7.361297821651286100, 0.000000000000000000, -6.917263856864157567 ) ) ;
#1891 = VERTEX_POINT ( 'NONE', #1838 ) ;
#1892 = CARTESIAN_POINT ( 'NONE',  ( 0.1074819131976425951, -2.291237037356856909, 8.582073846881536738 ) ) ;
#1893 = CARTESIAN_POINT ( 'NONE',  ( 0.06382857904819162764, 4.532062606304459784, 7.366304829128982767 ) ) ;
#1894 = LINE ( 'NONE', #2512, #618 ) ;
#1895 = CARTESIAN_POINT ( 'NONE',  ( 0.06375423730972115677, 7.322357625081428623, -4.602607149464573055 ) ) ;
#1896 = ORIENTED_EDGE ( 'NONE', *, *, #2670, .F. ) ;
#1897 = DIRECTION ( 'NONE',  ( 0.9785289697799391950, -0.1719675445991485918, -0.1136143428707422354 ) ) ;
#1898 = ORIENTED_EDGE ( 'NONE', *, *, #2785, .F. ) ;
#1899 = CARTESIAN_POINT ( 'NONE',  ( 0.06388021399931134714, 0.8407170621288625467, -8.608231080784914724 ) ) ;
#1900 = CARTESIAN_POINT ( 'NONE',  ( 7.413556062442729022, -2.057249761320822046, -6.839682910981817798 ) ) ;
#1901 = CARTESIAN_POINT ( 'NONE',  ( 7.413575863646959085, -5.275912392634572790, -4.814509922033806788 ) ) ;
#1902 = B_SPLINE_CURVE_WITH_KNOTS ( 'NONE', 3,
 ( #1869, #2530, #610, #3461, #2845, #52, #1563 ),
 .UNSPECIFIED., .F., .F.,
 ( 4, 3, 4 ),
 ( 7.606455139546229800E-05, 0.001911412324149123045, 0.007582950371462359763 ),
 .UNSPECIFIED. ) ;
#1903 = LINE ( 'NONE', #3125, #745 ) ;
#1904 = CARTESIAN_POINT ( 'NONE',  ( 0.06381443886811806465, -2.589276083018717589, -8.252223684598172682 ) ) ;
#1905 = B_SPLINE_CURVE_WITH_KNOTS ( 'NONE', 3,
 ( #1409, #1084, #2043, #3250, #1741, #1105, #2623, #2002 ),
 .UNSPECIFIED., .F., .F.,
 ( 4, 2, 2, 4 ),
 ( 0.0003971953635618420708, 0.001705102816264073701, 0.002359056542615190193, 0.003013010268966306686 ),
 .UNSPECIFIED. ) ;
#1906 = EDGE_CURVE ( 'NONE', #257, #3595, #15, .T. ) ;
#1907 = ORIENTED_EDGE ( 'NONE', *, *, #3863, .T. ) ;
#1908 = LINE ( 'NONE', #1104, #2004 ) ;
#1909 = CARTESIAN_POINT ( 'NONE',  ( 21.21242604955889988, -1.139950362113263393, 4.288371890822080701 ) ) ;
#1910 = CARTESIAN_POINT ( 'NONE',  ( 42.32077784063513093, -0.008211182588616274675, 0.009598461411381611907 ) ) ;
#1911 = CARTESIAN_POINT ( 'NONE',  ( 0.06377903728224926239, 7.920864674800945693, 3.472499049989470343 ) ) ;
#1912 = ADVANCED_FACE ( 'NONE', ( #3079 ), #2365, .F. ) ;
#1913 = VERTEX_POINT ( 'NONE', #3428 ) ;
#1914 = CARTESIAN_POINT ( 'NONE',  ( 7.413556062442729910, -5.000163335600181114, -5.100186812318834306 ) ) ;
#1915 = CARTESIAN_POINT ( 'NONE',  ( 0.06381431755680395945, -8.504224574671003012, -1.575335817208309619 ) ) ;
#1916 = CARTESIAN_POINT ( 'NONE',  ( 0.06377903728224926239, 7.357374677854994438, -4.546139537931648711 ) ) ;
#1917 = ORIENTED_EDGE ( 'NONE', *, *, #2519, .F. ) ;
#1918 = CARTESIAN_POINT ( 'NONE',  ( 7.693106532591421853, -8.304973897182529541, -0.8390013661626242181 ) ) ;
#1919 = VERTEX_POINT ( 'NONE', #981 ) ;
#1920 = CARTESIAN_POINT ( 'NONE',  ( 0.06388505090401910835, 1.192518531123905934, -8.566454680682324963 ) ) ;
#1921 = EDGE_CURVE ( 'NONE', #2232, #1755, #2633, .T. ) ;
#1922 = CARTESIAN_POINT ( 'NONE',  ( 7.413561061157196264, 0.4111771717253099867, -7.130732193447927969 ) ) ;
#1923 = CARTESIAN_POINT ( 'NONE',  ( 7.413572568327793988, -5.508276829960810694, -4.547087280348856453 ) ) ;
#1924 = VECTOR ( 'NONE', #902, 1000.000000000000114 ) ;
#1925 = CARTESIAN_POINT ( 'NONE',  ( 0.05906383553393916575, -6.056297459326269284, -6.175461386823968724 ) ) ;
#1926 = CARTESIAN_POINT ( 'NONE',  ( 3.999898400000003740, 5.000000000000001776, -2.886751345948128655 ) ) ;
#1927 = PRODUCT ( 'straight bevel pinion_iso', 'straight bevel pinion_iso', '', ( #3578 ) ) ;
#1928 = ORIENTED_EDGE ( 'NONE', *, *, #2807, .F. ) ;
#1929 = B_SPLINE_CURVE_WITH_KNOTS ( 'NONE', 3,
 ( #2102, #3658, #2060, #2731, #799, #3967 ),
 .UNSPECIFIED., .F., .F.,
 ( 4, 2, 4 ),
 ( 0.000000000000000000, 0.0001965022614975652296, 0.0003930045229951304592 ),
 .UNSPECIFIED. ) ;
#1930 = CARTESIAN_POINT ( 'NONE',  ( 0.1176192779148810125, -2.290684038360597974, -8.580011447548290704 ) ) ;
#1931 = CARTESIAN_POINT ( 'NONE',  ( 42.31691042206860232, -0.007010724585770814962, -0.01027803813451559807 ) ) ;
#1932 = DIRECTION ( 'NONE',  ( 0.9796399030715338130, -0.1708693647206860344, -0.1054007614296265799 ) ) ;
#1933 = EDGE_LOOP ( 'NONE', ( #768, #2282, #707, #3576 ) ) ;
#1934 = LINE ( 'NONE', #2610, #2514 ) ;
#1935 = EDGE_CURVE ( 'NONE', #16, #67, #407, .T. ) ;
#1936 = CARTESIAN_POINT ( 'NONE',  ( 7.413572065574259184, -2.771338955824403705, 6.582872020760220266 ) ) ;
#1937 = ORIENTED_EDGE ( 'NONE', *, *, #3820, .F. ) ;
#1938 = CARTESIAN_POINT ( 'NONE',  ( 0.05677524173679930619, 0.2944503038044872789, 8.645980424940677977 ) ) ;
#1939 = ORIENTED_EDGE ( 'NONE', *, *, #1581, .T. ) ;
#1940 = EDGE_CURVE ( 'NONE', #1891, #2705, #656, .T. ) ;
#1941 = CARTESIAN_POINT ( 'NONE',  ( 0.1027505222336373425, 4.254974021826738451, 7.721762953813001928 ) ) ;
#1942 = VECTOR ( 'NONE', #1638, 1000.000000000000227 ) ;
#1943 = CARTESIAN_POINT ( 'NONE',  ( 7.413575171585926604, 1.015353526681531893, -7.070101397923505893 ) ) ;
#1944 = CARTESIAN_POINT ( 'NONE',  ( 0.06388967118332701534, -6.541104641501332750, -5.658895854274182291 ) ) ;
#1945 = CARTESIAN_POINT ( 'NONE',  ( 42.31718733146613687, 0.002122434153506995609, -0.01236969579390765316 ) ) ;
#1946 = CARTESIAN_POINT ( 'NONE',  ( 7.413556062442729022, -2.057249761320822046, -6.839682910981817798 ) ) ;
#1947 = ORIENTED_EDGE ( 'NONE', *, *, #1435, .F. ) ;
#1948 = LINE ( 'NONE', #1909, #446 ) ;
#1949 = CARTESIAN_POINT ( 'NONE',  ( 42.31647246991754940, -0.01237462336571960690, -0.004117524611716130017 ) ) ;
#1950 = FACE_OUTER_BOUND ( 'NONE', #378, .T. ) ;
#1951 = ORIENTED_EDGE ( 'NONE', *, *, #251, .T. ) ;
#1952 = CARTESIAN_POINT ( 'NONE',  ( 7.918436246553604896, -0.8842523255563149442, 9.278309242308120375 ) ) ;
#1953 = CARTESIAN_POINT ( 'NONE',  ( 7.413568538372651062, -5.564797442531834726, 4.477611678754860769 ) ) ;
#1954 = CARTESIAN_POINT ( 'NONE',  ( 7.969186335162198098, -5.416986195333366005, 7.847859361422109714 ) ) ;
#1955 = EDGE_CURVE ( 'NONE', #98, #694, #1380, .T. ) ;
#1956 = CARTESIAN_POINT ( 'NONE',  ( 7.458129973201925722, -4.967053733499435353, -5.396444148245003625 ) ) ;
#1957 = VERTEX_POINT ( 'NONE', #1244 ) ;
#1958 = CARTESIAN_POINT ( 'NONE',  ( 42.31828303470386743, 0.007812722125904615969, -0.01155486801072198866 ) ) ;
#1959 = CARTESIAN_POINT ( 'NONE',  ( 0.06379785914325704355, -2.540737075714380566, 8.267221257007220103 ) ) ;
#1960 = LINE ( 'NONE', #2176, #3534 ) ;
#1961 = CARTESIAN_POINT ( 'NONE',  ( 0.06384271922811403377, -6.198792797096945861, -6.031635058969486707 ) ) ;
#1962 =( BOUNDED_SURFACE ( )  B_SPLINE_SURFACE ( 3, 1, ( 
 ( #1931, #1014 ),
 ( #3479, #703 ),
 ( #1949, #396 ),
 ( #1644, #2883 ) ),
 .UNSPECIFIED., .F., .F., .T. ) 
 B_SPLINE_SURFACE_WITH_KNOTS ( ( 4, 4 ),
 ( 2, 2 ),
 ( 0.000000000000000000, 1.000000000000000000 ),
 ( 0.000000000000000000, 1.000000000000000000 ),
 .UNSPECIFIED. ) 
 GEOMETRIC_REPRESENTATION_ITEM ( )  RATIONAL_B_SPLINE_SURFACE ( (
 ( 1.000000000000000000, 1.000000000000000000),
 ( 0.9252601129038625638, 0.9983486437855759732),
 ( 0.9252601129038625638, 0.9983486437855759732),
 ( 1.000000000000000000, 1.000000000000000000) ) ) 
 REPRESENTATION_ITEM ( '' )  SURFACE ( )  );
#1963 = CARTESIAN_POINT ( 'NONE',  ( 0.08894703500304418364, 8.110941456029253871, 3.301594311340483756 ) ) ;
#1964 = CARTESIAN_POINT ( 'NONE',  ( 7.507077051279992475, 4.919152129036755916, 5.721321510002822741 ) ) ;
#1965 = VERTEX_POINT ( 'NONE', #3783 ) ;
#1966 = CARTESIAN_POINT ( 'NONE',  ( 0.5600391835297046095, -6.690495766034231018, 8.464422425901089397 ) ) ;
#1967 = CARTESIAN_POINT ( 'NONE',  ( 0.06550413281379187380, 7.570457549261253583, -4.201915883830469767 ) ) ;
#1968 = B_SPLINE_CURVE_WITH_KNOTS ( 'NONE', 3,
 ( #2129, #277, #2781, #3352, #661, #641, #1, #1520, #3106, #1272, #2739, #2179, #295, #1232, #2463, #3687, #905, #3709, #337, #2761, #1576, #1557 ),
 .UNSPECIFIED., .F., .F.,
 ( 4, 3, 3, 3, 3, 3, 3, 4 ),
 ( 9.697399036122160616E-18, 0.0001518422528443213950, 0.0003036844294303845098, 0.0004555265571827225835, 0.0006073686701617271675, 0.0007592108045165989194, 0.0008818169290298530491, 0.001004459747408504309 ),
 .UNSPECIFIED. ) ;
#1969 = CARTESIAN_POINT ( 'NONE',  ( 1.915078604103046311, -1.352119727207852895, 11.13570781275070232 ) ) ;
#1970 = EDGE_LOOP ( 'NONE', ( #1459, #2019, #2726, #3978 ) ) ;
#1971 = ADVANCED_FACE ( 'NONE', ( #1002 ), #3718, .F. ) ;
#1972 = ORIENTED_EDGE ( 'NONE', *, *, #2922, .F. ) ;
#1973 = CARTESIAN_POINT ( 'NONE',  ( 0.2345154032233225383, -4.291589342728338252, 8.345682959306040871 ) ) ;
#1974 = CARTESIAN_POINT ( 'NONE',  ( 0.7361483507723708408, -1.391591618270474839, -11.46078808252796399 ) ) ;
#1975 = DIRECTION ( 'NONE',  ( 0.000000000000000000, -3.004629197474319049E-16, 1.000000000000000000 ) ) ;
#1976 = ORIENTED_EDGE ( 'NONE', *, *, #3012, .F. ) ;
#1977 = CARTESIAN_POINT ( 'NONE',  ( -0.0001015999999967978526, 0.000000000000000000, -8.373863283346574704 ) ) ;
#1978 = ORIENTED_EDGE ( 'NONE', *, *, #2714, .F. ) ;
#1979 = CARTESIAN_POINT ( 'NONE',  ( 0.1176192779148814427, -8.362467838607578585, 2.988806024470907818 ) ) ;
#1980 = CIRCLE ( 'NONE', #3460, 3.100000000000000089 ) ;
#1981 = CARTESIAN_POINT ( 'NONE',  ( 0.06389204376496476767, -6.507883309053119625, -5.697085557560669145 ) ) ;
#1982 = CARTESIAN_POINT ( 'NONE',  ( 0.06382842314804754169, 4.531587258927952888, -7.366596473356292307 ) ) ;
#1983 = DIRECTION ( 'NONE',  ( -1.000000000000000000, -0.000000000000000000, -0.000000000000000000 ) ) ;
#1984 = VERTEX_POINT ( 'NONE', #2596 ) ;
#1985 = CARTESIAN_POINT ( 'NONE',  ( 0.1176192779148810125, -6.015630120710603990, 6.532688883948098990 ) ) ;
#1986 = CARTESIAN_POINT ( 'NONE',  ( 0.6474532217643088616, -10.30924197337254711, -4.818817057530509373 ) ) ;
#1987 = ORIENTED_EDGE ( 'NONE', *, *, #3462, .T. ) ;
#1988 = ORIENTED_EDGE ( 'NONE', *, *, #3181, .F. ) ;
#1989 = DIRECTION ( 'NONE',  ( 0.000000000000000000, -1.502314598737159524E-16, 1.000000000000000000 ) ) ;
#1990 = CARTESIAN_POINT ( 'NONE',  ( 7.413575171585919499, -5.448347460937534414, 4.618742957338075605 ) ) ;
#1991 = CARTESIAN_POINT ( 'NONE',  ( 0.08905512610961324738, -3.882275559677304422, 7.850094213796829479 ) ) ;
#1992 =( BOUNDED_SURFACE ( )  B_SPLINE_SURFACE ( 3, 1, ( 
 ( #1699, #2937 ),
 ( #146, #3251 ),
 ( #475, #2643 ),
 ( #3889, #3867 ) ),
 .UNSPECIFIED., .F., .F., .F. ) 
 B_SPLINE_SURFACE_WITH_KNOTS ( ( 4, 4 ),
 ( 2, 2 ),
 ( 0.000000000000000000, 1.000000000000000000 ),
 ( 0.000000000000000000, 1.000000000000000000 ),
 .UNSPECIFIED. ) 
 GEOMETRIC_REPRESENTATION_ITEM ( )  RATIONAL_B_SPLINE_SURFACE ( (
 ( 1.000000000000000000, 1.000000000000000000),
 ( 0.9935868805207672683, 0.8436843346538653865),
 ( 0.9935868805207672683, 0.8436843346538653865),
 ( 1.000000000000000000, 1.000000000000000000) ) ) 
 REPRESENTATION_ITEM ( '' )  SURFACE ( )  );
#1993 = EDGE_CURVE ( 'NONE', #1377, #2698, #462, .T. ) ;
#1994 = CARTESIAN_POINT ( 'NONE',  ( 7.434447245088825262, -3.207364102799548977, 6.482413110622673003 ) ) ;
#1995 = ORIENTED_EDGE ( 'NONE', *, *, #3545, .T. ) ;
#1996 = CARTESIAN_POINT ( 'NONE',  ( 0.7361483507723708408, -1.391591618270474839, -11.46078808252796399 ) ) ;
#1997 = ORIENTED_EDGE ( 'NONE', *, *, #2703, .F. ) ;
#1998 = CARTESIAN_POINT ( 'NONE',  ( 0.4540983799545377231, -0.3122601649314879491, 10.32758021921905645 ) ) ;
#1999 = FACE_OUTER_BOUND ( 'NONE', #1840, .T. ) ;
#2000 = CARTESIAN_POINT ( 'NONE',  ( 0.05906383553393920738, 5.400429329964118175, -6.756509846663360186 ) ) ;
#2001 = CIRCLE ( 'NONE', #2787, 3.100000000000000089 ) ;
#2002 = CARTESIAN_POINT ( 'NONE',  ( 7.458129973201924834, 6.807104459455481482, 2.730670451493498074 ) ) ;
#2003 = CARTESIAN_POINT ( 'NONE',  ( 0.06377903728224926239, 7.357374677854932266, 4.546139537931748187 ) ) ;
#2004 = VECTOR ( 'NONE', #2293, 1000.000000000000114 ) ;
#2005 = CARTESIAN_POINT ( 'NONE',  ( 0.06388967118332732065, -8.372950938356588324, 2.168604344841472020 ) ) ;
#2006 = EDGE_CURVE ( 'NONE', #2984, #3442, #1194, .T. ) ;
#2007 = CARTESIAN_POINT ( 'NONE',  ( 7.445848533695702542, -7.209299635842620013, 1.022764104001017360 ) ) ;
#2008 = CARTESIAN_POINT ( 'NONE',  ( 7.413556062442729022, 6.541839865062762271, 2.866682766388164438 ) ) ;
#2009 = CARTESIAN_POINT ( 'NONE',  ( 9.999898400000002852, 0.000000000000000000, 0.000000000000000000 ) ) ;
#2010 = ORIENTED_EDGE ( 'NONE', *, *, #2296, .F. ) ;
#2011 = VERTEX_POINT ( 'NONE', #1079 ) ;
#2012 = EDGE_CURVE ( 'NONE', #442, #714, #1307, .T. ) ;
#2013 = CARTESIAN_POINT ( 'NONE',  ( 0.1074819131976416930, -8.364479299218539055, -2.989522491574262641 ) ) ;
#2014 = CARTESIAN_POINT ( 'NONE',  ( 0.05677524173679951436, 4.278710244265978346, -7.518797585750084167 ) ) ;
#2015 = CARTESIAN_POINT ( 'NONE',  ( 7.445848493750773400, 4.718020081527980025, 5.546199749075454655 ) ) ;
#2016 = CARTESIAN_POINT ( 'NONE',  ( 0.4021422169983498440, -8.430762342532025500, 5.574307513502182232 ) ) ;
#2017 = ORIENTED_EDGE ( 'NONE', *, *, #174, .T. ) ;
#2018 = CARTESIAN_POINT ( 'NONE',  ( 42.31691042206860232, -0.001431245844406954341, -0.01235879696592496156 ) ) ;
#2019 = ORIENTED_EDGE ( 'NONE', *, *, #3409, .T. ) ;
#2020 = B_SPLINE_CURVE_WITH_KNOTS ( 'NONE', 3,
 ( #3720, #309, #1535, #1553, #2815, #3025 ),
 .UNSPECIFIED., .F., .F.,
 ( 4, 2, 4 ),
 ( 6.776263578034402713E-20, 0.0001965018000030256521, 0.0003930036000060512500 ),
 .UNSPECIFIED. ) ;
#2021 = CARTESIAN_POINT ( 'NONE',  ( 0.06388974337534399084, -3.160957327032330344, 8.050932019131780137 ) ) ;
#2022 = CARTESIAN_POINT ( 'NONE',  ( 0.4998984000000070149, -4.158062588968156344E-17, 5.773502691896257311 ) ) ;
#2023 = CARTESIAN_POINT ( 'NONE',  ( 42.31959510201222230, -0.009708481482749314190, 0.01008298893131086282 ) ) ;
#2024 = CARTESIAN_POINT ( 'NONE',  ( 0.06386389998796497547, -8.319968477304799492, -2.362793839522196571 ) ) ;
#2025 = CARTESIAN_POINT ( 'NONE',  ( 7.413556062442729910, -7.037787978434107750, -1.217817422210590417 ) ) ;
#2026 = CARTESIAN_POINT ( 'NONE',  ( 7.445848493750772512, -5.908215469832837741, -4.255941154242367297 ) ) ;
#2027 = CARTESIAN_POINT ( 'NONE',  ( 7.413556062442729022, 7.124725435817317098, -0.5018230439597408665 ) ) ;
#2028 = CARTESIAN_POINT ( 'NONE',  ( 7.823544100114494526, 8.771603992427735363, 1.569548322857142519 ) ) ;
#2029 = ADVANCED_FACE ( 'NONE', ( #450 ), #169, .F. ) ;
#2030 = ORIENTED_EDGE ( 'NONE', *, *, #1164, .T. ) ;
#2031 = VERTEX_POINT ( 'NONE', #3824 ) ;
#2032 = CARTESIAN_POINT ( 'NONE',  ( 7.445848493750774288, 3.512753872488740381, -6.378134945080834228 ) ) ;
#2033 = CARTESIAN_POINT ( 'NONE',  ( 0.3506278047350352978, -2.298515404413456142, 9.616625051116017175 ) ) ;
#2034 = CARTESIAN_POINT ( 'NONE',  ( 21.21242604955889988, -3.002281705084921537, 3.267403382716539184 ) ) ;
#2035 = EDGE_CURVE ( 'NONE', #152, #2039, #159, .T. ) ;
#2036 = CARTESIAN_POINT ( 'NONE',  ( 0.06388021399931208266, 8.646804627884883132, -0.2030203091676327232 ) ) ;
#2037 = ORIENTED_EDGE ( 'NONE', *, *, #3472, .F. ) ;
#2038 = CARTESIAN_POINT ( 'NONE',  ( 0.1176192779148810125, 0.1707897841898737556, 8.878888480732038957 ) ) ;
#2039 = VERTEX_POINT ( 'NONE', #3880 ) ;
#2040 = CARTESIAN_POINT ( 'NONE',  ( 0.1176192779148810125, 0.1707897841898737556, 8.878888480732038957 ) ) ;
#2041 = CARTESIAN_POINT ( 'NONE',  ( 7.823137925641802326, -8.140062259461018357, 3.621154599248324057 ) ) ;
#2042 = CARTESIAN_POINT ( 'NONE',  ( 7.413556062442729910, -7.037787978434107750, -1.217817422210590417 ) ) ;
#2043 = CARTESIAN_POINT ( 'NONE',  ( 7.823137925641795221, 8.494193755742960761, 2.687386585412733897 ) ) ;
#2044 = CARTESIAN_POINT ( 'NONE',  ( 0.06375423724002934889, 7.322357526675789430, 4.602607308151008603 ) ) ;
#2045 = ORIENTED_EDGE ( 'NONE', *, *, #66, .T. ) ;
#2046 = DIRECTION ( 'NONE',  ( 0.9796399030715338130, 0.1911282647622829789, 0.06144629133604864735 ) ) ;
#2047 = CARTESIAN_POINT ( 'NONE',  ( 0.5600391835297041654, -9.857753029925472532, 4.385645425751438786 ) ) ;
#2048 = VERTEX_POINT ( 'NONE', #3511 ) ;
#2049 = ORIENTED_EDGE ( 'NONE', *, *, #3169, .F. ) ;
#2050 = CARTESIAN_POINT ( 'NONE',  ( 0.05677524173679930619, -8.188545647979896813, -2.790591095237249242 ) ) ;
#2051 = UNCERTAINTY_MEASURE_WITH_UNIT (LENGTH_MEASURE( 1.000000000000000082E-05 ), #2553, 'distance_accuracy_value', 'NONE');
#2052 = CARTESIAN_POINT ( 'NONE',  ( 7.458129973201924834, 6.114173795384841625, -4.050939525150645260 ) ) ;
#2053 = CARTESIAN_POINT ( 'NONE',  ( 0.08905512610961309472, 1.890813176167180032, -8.551074097421141218 ) ) ;
#2054 = LINE ( 'NONE', #3074, #3268 ) ;
#2055 = ORIENTED_EDGE ( 'NONE', *, *, #2832, .T. ) ;
#2056 = CARTESIAN_POINT ( 'NONE',  ( 0.08894703500304562693, 8.716209367129335917, -0.8459258644684398698 ) ) ;
#2057 = ORIENTED_EDGE ( 'NONE', *, *, #1059, .T. ) ;
#2058 = CARTESIAN_POINT ( 'NONE',  ( 7.413572065574259184, 7.137822600316858335, 0.2569283483454783967 ) ) ;
#2059 = CARTESIAN_POINT ( 'NONE',  ( 0.000000000000000000, 0.000000000000000000, 0.000000000000000000 ) ) ;
#2060 = CARTESIAN_POINT ( 'NONE',  ( 0.06924179319540506305, 5.516366697533038987, 6.691646753200775954 ) ) ;
#2061 = CARTESIAN_POINT ( 'NONE',  ( 7.507077051279973823, 1.696862213349650039, 7.352022586903147250 ) ) ;
#2062 = EDGE_CURVE ( 'NONE', #356, #2885, #734, .T. ) ;
#2063 = FACE_OUTER_BOUND ( 'NONE', #3526, .T. ) ;
#2064 = CARTESIAN_POINT ( 'NONE',  ( 0.7361483507723582953, 11.20948819974518607, -2.762890697155288233 ) ) ;
#2065 = CARTESIAN_POINT ( 'NONE',  ( 0.2345154032233223163, 6.164136217414659669, -7.076128025765753726 ) ) ;
#2066 = CARTESIAN_POINT ( 'NONE',  ( 0.06930270350510205069, 5.516930867374838066, -6.691521034187683625 ) ) ;
#2067 = CARTESIAN_POINT ( 'NONE',  ( 0.1176192779148814427, -8.362467838607578585, 2.988806024470907818 ) ) ;
#2068 = VECTOR ( 'NONE', #1296, 999.9999999999998863 ) ;
#2069 = B_SPLINE_CURVE_WITH_KNOTS ( 'NONE', 3,
 ( #915, #952, #2488, #1565, #612, #3055, #1855, #3076, #30, #2829, #1260, #1240, #2471, #4026, #3423, #649, #1547, #595, #1834, #2791, #1279, #3733 ),
 .UNSPECIFIED., .F., .F.,
 ( 4, 3, 3, 3, 3, 3, 3, 4 ),
 ( 1.110764993427085326E-17, 0.0001518422528443213679, 0.0003036844294303834256, 0.0004555265571827202525, 0.0006073686701617257580, 0.0007592108045165978352, 0.0008818169290298507722, 0.001004459747408502791 ),
 .UNSPECIFIED. ) ;
#2070 = ORIENTED_EDGE ( 'NONE', *, *, #3666, .T. ) ;
#2071 = CARTESIAN_POINT ( 'NONE',  ( 0.4166821207338475830, -10.17014630917400275, 1.229260556351790878 ) ) ;
#2072 = VECTOR ( 'NONE', #1373, 1000.000000000000114 ) ;
#2073 = CARTESIAN_POINT ( 'NONE',  ( 7.823137925641791668, 7.036927825755255661, -5.463974834739765640 ) ) ;
#2074 = CARTESIAN_POINT ( 'NONE',  ( 7.413550661955996546, -6.780729765244640106, 2.244531859210889824 ) ) ;
#2075 = CARTESIAN_POINT ( 'NONE',  ( 42.31737018592016142, 0.006657644611727320597, -0.01061119027477633835 ) ) ;
#2076 = VERTEX_POINT ( 'NONE', #1977 ) ;
#2077 = CARTESIAN_POINT ( 'NONE',  ( 4.326091500877492280, -9.339609279434625932, -4.901805086013675705 ) ) ;
#2078 = ORIENTED_EDGE ( 'NONE', *, *, #3541, .T. ) ;
#2079 = CARTESIAN_POINT ( 'NONE',  ( 7.413576133558280823, 7.141979058328220553, -0.09731847948294607142 ) ) ;
#2080 = ADVANCED_FACE ( 'NONE', ( #3555 ), #3490, .F. ) ;
#2081 = CARTESIAN_POINT ( 'NONE',  ( 0.1027505222336364127, -2.283393379090216779, -8.515664490668140019 ) ) ;
#2082 = CARTESIAN_POINT ( 'NONE',  ( 0.07590485995811614706, 5.655538338732966963, -6.668570719088019239 ) ) ;
#2083 = CARTESIAN_POINT ( 'NONE',  ( 7.969186335162198098, 3.381462745154811156, -8.916184481055950073 ) ) ;
#2084 = CARTESIAN_POINT ( 'NONE',  ( 0.1176192779148814427, 4.277452062519613740, 7.782495336105664130 ) ) ;
#2085 = B_SPLINE_CURVE_WITH_KNOTS ( 'NONE', 3,
 ( #1586, #3364, #1835, #3384 ),
 .UNSPECIFIED., .F., .F.,
 ( 4, 4 ),
 ( 0.000000000000000000, 0.0006290234720324311933 ),
 .UNSPECIFIED. ) ;
#2086 = ADVANCED_FACE ( 'NONE', ( #3244 ), #1008, .F. ) ;
#2087 = CARTESIAN_POINT ( 'NONE',  ( 7.434447245088825262, 6.699381517974732247, -2.725280077591734074 ) ) ;
#2088 = CARTESIAN_POINT ( 'NONE',  ( 7.647656735037469566, -1.876028882171977941, 7.932280786468947298 ) ) ;
#2089 = CARTESIAN_POINT ( 'NONE',  ( 0.5600391835296920640, 10.62085829100633561, -1.899091825526072252 ) ) ;
#2090 = CARTESIAN_POINT ( 'NONE',  ( 7.458129973201924834, 7.296397494899940384, 0.7455305714833527775 ) ) ;
#2091 = ORIENTED_EDGE ( 'NONE', *, *, #3486, .T. ) ;
#2092 = DIRECTION ( 'NONE',  ( -0.7071067811865475727, 0.7071067811865474617, 2.124593680485185009E-16 ) ) ;
#2093 = CARTESIAN_POINT ( 'NONE',  ( 0.1027505222336365237, 8.771987067300100804, 0.8846863469157381088 ) ) ;
#2094 =( BOUNDED_SURFACE ( )  B_SPLINE_SURFACE ( 3, 1, ( 
 ( #348, #633 ),
 ( #1226, #3448 ),
 ( #1285, #3387 ),
 ( #957, #307 ) ),
 .UNSPECIFIED., .F., .F., .F. ) 
 B_SPLINE_SURFACE_WITH_KNOTS ( ( 4, 4 ),
 ( 2, 2 ),
 ( 0.000000000000000000, 1.000000000000000000 ),
 ( 0.000000000000000000, 1.000000000000000000 ),
 .UNSPECIFIED. ) 
 GEOMETRIC_REPRESENTATION_ITEM ( )  RATIONAL_B_SPLINE_SURFACE ( (
 ( 1.000000000000000000, 1.000000000000000000),
 ( 0.8657215203422357064, 0.9127505936427622313),
 ( 0.8657215203422357064, 0.9127505936427622313),
 ( 1.000000000000000000, 1.000000000000000000) ) ) 
 REPRESENTATION_ITEM ( '' )  SURFACE ( )  );
#2095 = CARTESIAN_POINT ( 'NONE',  ( 21.21242604955889988, 4.413929341985479482, 0.4548055255103464756 ) ) ;
#2096 = DIRECTION ( 'NONE',  ( -0.9796399030715337020, -0.08403624522711282407, -0.1823281925488332844 ) ) ;
#2097 = ORIENTED_EDGE ( 'NONE', *, *, #3494, .T. ) ;
#2098 = B_SPLINE_CURVE_WITH_KNOTS ( 'NONE', 3,
 ( #961, #3451, #3410, #1637, #637, #18, #41 ),
 .UNSPECIFIED., .F., .F.,
 ( 4, 3, 4 ),
 ( 7.606455139545758172E-05, 0.001911412324149127599, 0.007582950371462338079 ),
 .UNSPECIFIED. ) ;
#2099 = CARTESIAN_POINT ( 'NONE',  ( 0.06386389998796580814, 0.7410508640218727017, 8.617163907479186591 ) ) ;
#2100 = ORIENTED_EDGE ( 'NONE', *, *, #1108, .T. ) ;
#2101 = CARTESIAN_POINT ( 'NONE',  ( 0.06382842314804836048, 7.435949324455642717, -4.416863630526886020 ) ) ;
#2102 = CARTESIAN_POINT ( 'NONE',  ( 0.06377903728224926239, 5.399826581256063740, 6.755754564891157443 ) ) ;
#2103 = CARTESIAN_POINT ( 'NONE',  ( 9.999898400000002852, 0.000000000000000000, 3.100000000000000089 ) ) ;
#2104 = EDGE_LOOP ( 'NONE', ( #1162, #3436, #3797, #2495 ) ) ;
#2105 = CARTESIAN_POINT ( 'NONE',  ( 42.31691042206860232, 0.009358050196698679615, -0.008198489106424185213 ) ) ;
#2106 = CARTESIAN_POINT ( 'NONE',  ( 0.1176192779148814427, 1.959030151442480161, -8.661756788862117418 ) ) ;
#2107 = CARTESIAN_POINT ( 'NONE',  ( 7.650533637369906437, -1.896581086593111642, -7.942568041095809939 ) ) ;
#2108 = CARTESIAN_POINT ( 'NONE',  ( 0.06377903728224926239, -8.521722159823179155, -1.476007547225232752 ) ) ;
#2109 = CARTESIAN_POINT ( 'NONE',  ( 0.8062758914853338510, 0.000000000000000000, -11.84705173494930364 ) ) ;
#2110 = ADVANCED_FACE ( 'NONE', ( #240 ), #3091, .F. ) ;
#2111 = CARTESIAN_POINT ( 'NONE',  ( 7.969186335162176782, 9.258765751147590706, -2.282080796656460020 ) ) ;
#2112 = ORIENTED_EDGE ( 'NONE', *, *, #3434, .T. ) ;
#2113 = CARTESIAN_POINT ( 'NONE',  ( 0.7393912915810846309, 4.927861504876008603, 11.04547937297961191 ) ) ;
#2114 = CARTESIAN_POINT ( 'NONE',  ( 0.7393912915810844089, 4.927861504876164034, -11.04547937297954441 ) ) ;
#2115 = EDGE_CURVE ( 'NONE', #3292, #367, #3869, .T. ) ;
#2116 = FACE_OUTER_BOUND ( 'NONE', #3429, .T. ) ;
#2117 = CARTESIAN_POINT ( 'NONE',  ( 42.31737018592016142, 0.006657644611727416874, 0.01061119027477545017 ) ) ;
#2118 = VERTEX_POINT ( 'NONE', #3634 ) ;
#2119 = CARTESIAN_POINT ( 'NONE',  ( 7.969186335162176782, 9.258765751147590706, -2.282080796656460020 ) ) ;
#2120 = CARTESIAN_POINT ( 'NONE',  ( 7.434447245088825262, 0.1725477119790278513, 7.230428169326533094 ) ) ;
#2121 = CARTESIAN_POINT ( 'NONE',  ( 7.507077051279994251, -7.093883926540224927, 2.570678573101297104 ) ) ;
#2122 = VERTEX_POINT ( 'NONE', #3942 ) ;
#2123 = CARTESIAN_POINT ( 'NONE',  ( 0.06388494259132573849, -8.432905345679529319, -1.921547710349533755 ) ) ;
#2124 = CARTESIAN_POINT ( 'NONE',  ( 7.413565931491592487, -6.834281813066442446, -2.075268245269755951 ) ) ;
#2125 =( BOUNDED_SURFACE ( )  B_SPLINE_SURFACE ( 3, 1, ( 
 ( #303, #3094 ),
 ( #894, #2154 ),
 ( #3383, #2509 ),
 ( #3754, #1892 ) ),
 .UNSPECIFIED., .F., .F., .F. ) 
 B_SPLINE_SURFACE_WITH_KNOTS ( ( 4, 4 ),
 ( 2, 2 ),
 ( 0.000000000000000000, 1.000000000000000000 ),
 ( 0.000000000000000000, 1.000000000000000000 ),
 .UNSPECIFIED. ) 
 GEOMETRIC_REPRESENTATION_ITEM ( )  RATIONAL_B_SPLINE_SURFACE ( (
 ( 1.000000000000000000, 1.000000000000000000),
 ( 0.8657215203422357064, 0.9127505936427622313),
 ( 0.8657215203422357064, 0.9127505936427622313),
 ( 1.000000000000000000, 1.000000000000000000) ) ) 
 REPRESENTATION_ITEM ( '' )  SURFACE ( )  );
#2126 = CARTESIAN_POINT ( 'NONE',  ( 42.31647246991754940, 0.01300042743834789113, 0.001036435618720721622 ) ) ;
#2127 = CARTESIAN_POINT ( 'NONE',  ( 42.31691042206860232, -0.01104814913220583152, -0.005720727913879446180 ) ) ;
#2128 = CARTESIAN_POINT ( 'NONE',  ( 7.413565931491589822, -7.015881254175289961, 1.338490350188413114 ) ) ;
#2129 = CARTESIAN_POINT ( 'NONE',  ( 7.413556062442729022, -2.995675155433213721, -6.483785103344454903 ) ) ;
#2130 = ORIENTED_EDGE ( 'NONE', *, *, #1581, .F. ) ;
#2131 = DIRECTION ( 'NONE',  ( -1.000000000000000000, 0.000000000000000000, 0.000000000000000000 ) ) ;
#2132 = CARTESIAN_POINT ( 'NONE',  ( 0.06375423724002918235, -6.900056355455737034, 5.214416177583598433 ) ) ;
#2133 = CARTESIAN_POINT ( 'NONE',  ( 0.06930270350510220334, -8.566781267011709389, 1.350273553598232867 ) ) ;
#2134 = CARTESIAN_POINT ( 'NONE',  ( 0.1074819131976416930, -8.795678972125173800, 1.240076648437061335 ) ) ;
#2135 = EDGE_CURVE ( 'NONE', #2396, #3332, #1550, .T. ) ;
#2136 = VECTOR ( 'NONE', #695, 1000.000000000000227 ) ;
#2137 = ORIENTED_EDGE ( 'NONE', *, *, #1993, .F. ) ;
#2138 = CARTESIAN_POINT ( 'NONE',  ( 42.32077784063513093, 0.005675518377004864883, 0.01128461218304287368 ) ) ;
#2139 = CARTESIAN_POINT ( 'NONE',  ( 7.413575350526949492, 7.141106640707852726, -0.1479307884758810920 ) ) ;
#2140 =( BOUNDED_SURFACE ( )  B_SPLINE_SURFACE ( 3, 1, ( 
 ( #2702, #3916 ),
 ( #1770, #504 ),
 ( #2387, #1441 ),
 ( #1505, #3631 ) ),
 .UNSPECIFIED., .F., .F., .T. ) 
 B_SPLINE_SURFACE_WITH_KNOTS ( ( 4, 4 ),
 ( 2, 2 ),
 ( 0.000000000000000000, 1.000000000000000000 ),
 ( 0.000000000000000000, 1.000000000000000000 ),
 .UNSPECIFIED. ) 
 GEOMETRIC_REPRESENTATION_ITEM ( )  RATIONAL_B_SPLINE_SURFACE ( (
 ( 1.000000000000000000, 1.000000000000000000),
 ( 0.8657215203422359284, 0.9127505936427621203),
 ( 0.8657215203422359284, 0.9127505936427621203),
 ( 1.000000000000000000, 1.000000000000000000) ) ) 
 REPRESENTATION_ITEM ( '' )  SURFACE ( )  );
#2141 = CARTESIAN_POINT ( 'NONE',  ( 42.31959510201222230, -0.01117970071779653997, 0.008422325709110941444 ) ) ;
#2142 = CARTESIAN_POINT ( 'NONE',  ( 7.413561061157196264, -7.029179195975902239, -1.267694013586203372 ) ) ;
#2143 = EDGE_CURVE ( 'NONE', #2427, #616, #1501, .T. ) ;
#2144 = CARTESIAN_POINT ( 'NONE',  ( 7.458129973201925722, -1.890255015740891720, -7.086618954908244561 ) ) ;
#2145 = LINE ( 'NONE', #519, #374 ) ;
#2146 = CARTESIAN_POINT ( 'NONE',  ( 7.413570567084487806, -6.857235633669487740, 1.998827828630659109 ) ) ;
#2147 = CARTESIAN_POINT ( 'NONE',  ( 0.1027506065886546055, 1.935582320739096529, 8.601392592324318187 ) ) ;
#2148 = ORIENTED_EDGE ( 'NONE', *, *, #2525, .F. ) ;
#2149 = CARTESIAN_POINT ( 'NONE',  ( 0.06377903728224926239, -6.859675326050862054, -5.267181529988905098 ) ) ;
#2150 = CARTESIAN_POINT ( 'NONE',  ( 0.06381443886812712685, -6.797793230431760314, 5.347294041946070386 ) ) ;
#2151 = CARTESIAN_POINT ( 'NONE',  ( 7.693106532591428959, -6.963785803920736761, -4.602412628439342512 ) ) ;
#2152 = CARTESIAN_POINT ( 'NONE',  ( 0.06389204376496521176, 7.682177862399416135, 3.974100188077656082 ) ) ;
#2153 = ORIENTED_EDGE ( 'NONE', *, *, #3082, .T. ) ;
#2154 = CARTESIAN_POINT ( 'NONE',  ( 0.6474532217643091947, -1.890508239553458480, 11.22173990500910712 ) ) ;
#2155 = EDGE_CURVE ( 'NONE', #3593, #3037, #2318, .T. ) ;
#2156 = CARTESIAN_POINT ( 'NONE',  ( 0.1027506065886546333, 7.356074833330074725, -4.859896757555385527 ) ) ;
#2157 = CARTESIAN_POINT ( 'NONE',  ( 0.1074819131976416514, 8.243322759803097810, 3.308986030855388449 ) ) ;
#2158 = ORIENTED_EDGE ( 'NONE', *, *, #636, .F. ) ;
#2159 = CARTESIAN_POINT ( 'NONE',  ( 7.413575863646959974, -6.909002741680477122, -1.811198078501826236 ) ) ;
#2160 = B_SPLINE_CURVE_WITH_KNOTS ( 'NONE', 3,
 ( #1946, #2219, #2584, #3167, #126, #106 ),
 .UNSPECIFIED., .F., .F.,
 ( 4, 2, 4 ),
 ( 4.336808689942017736E-19, 0.0001623299153823901239, 0.0003246598307647798141 ),
 .UNSPECIFIED. ) ;
#2161 = CARTESIAN_POINT ( 'NONE',  ( 7.413563323830678620, -5.058325898414230082, -5.042717139783841951 ) ) ;
#2162 = CARTESIAN_POINT ( 'NONE',  ( 7.413567691083498445, -6.842715681926482496, 2.047314475732568084 ) ) ;
#2163 = CARTESIAN_POINT ( 'NONE',  ( 0.1176192779148814427, 1.959030151442359591, 8.661756788862145839 ) ) ;
#2164 = ORIENTED_EDGE ( 'NONE', *, *, #3494, .F. ) ;
#2165 = CARTESIAN_POINT ( 'NONE',  ( 7.413575863646955533, 4.143465758910024554, -5.817770094190489516 ) ) ;
#2166 = CARTESIAN_POINT ( 'NONE',  ( 0.06388967118332729289, -6.406079170823904434, 5.811308103837542482 ) ) ;
#2167 = LINE ( 'NONE', #2824, #3285 ) ;
#2168 = CARTESIAN_POINT ( 'NONE',  ( 0.06384271922811446398, 7.462131895138264248, 4.372898490188286580 ) ) ;
#2169 = VERTEX_POINT ( 'NONE', #2038 ) ;
#2170 = CARTESIAN_POINT ( 'NONE',  ( 7.693106532591423630, 8.264432618687669319, -1.172888833810229237 ) ) ;
#2171 = CARTESIAN_POINT ( 'NONE',  ( 0.5595309360302100909, 8.521078519148122865, 6.614620788088476644 ) ) ;
#2172 = EDGE_CURVE ( 'NONE', #3422, #3894, #3326, .T. ) ;
#2173 = CARTESIAN_POINT ( 'NONE',  ( 0.2345154032233228991, 9.325167677365167052, 1.053285779309047987 ) ) ;
#2174 = ORIENTED_EDGE ( 'NONE', *, *, #1151, .F. ) ;
#2175 = CARTESIAN_POINT ( 'NONE',  ( 0.1176192779148814427, 8.834737820557457155, 0.9006872074540618334 ) ) ;
#2176 = CARTESIAN_POINT ( 'NONE',  ( 21.21242604955889988, 0.9835298709274891138, -4.326926079223964550 ) ) ;
#2177 = DIRECTION ( 'NONE',  ( -0.000000000000000000, 1.000000000000000000, 1.502314598737159524E-16 ) ) ;
#2178 = CARTESIAN_POINT ( 'NONE',  ( 7.413575171585917722, -6.970708967128474320, 1.557720468074817566 ) ) ;
#2179 = CARTESIAN_POINT ( 'NONE',  ( 7.413576555707944493, -2.481759138630316386, -6.697628931982400502 ) ) ;
#2180 = EDGE_LOOP ( 'NONE', ( #1705, #3284, #2969, #3449 ) ) ;
#2181 = CARTESIAN_POINT ( 'NONE',  ( 42.31737018592016142, 0.01133631313032989855, -0.005330065237373936629 ) ) ;
#2182 = CARTESIAN_POINT ( 'NONE',  ( 0.06389206181261217199, -6.473551414400632531, 5.735843507890518111 ) ) ;
#2183 = FACE_BOUND ( 'NONE', #1774, .T. ) ;
#2184 = CARTESIAN_POINT ( 'NONE',  ( 0.06388035843267059199, 7.562582381671975718, 4.197118773826679750 ) ) ;
#2185 = ORIENTED_EDGE ( 'NONE', *, *, #1040, .T. ) ;
#2186 = CARTESIAN_POINT ( 'NONE',  ( 0.7361483507723658448, -6.558286975479917125, -9.501318995376696108 ) ) ;
#2187 = VECTOR ( 'NONE', #1983, 1000.000000000000000 ) ;
#2188 = CARTESIAN_POINT ( 'NONE',  ( 0.06377903728224926239, 7.920864674800994543, -3.472499049989362874 ) ) ;
#2189 = CARTESIAN_POINT ( 'NONE',  ( 0.06385427510213191604, -8.475544552202448401, -1.723844201851518543 ) ) ;
#2190 = VECTOR ( 'NONE', #3543, 1000.000000000000114 ) ;
#2191 = DIRECTION ( 'NONE',  ( -0.9785289697799391950, 0.1719675445991501461, -0.1136143428707399039 ) ) ;
#2192 = VERTEX_POINT ( 'NONE', #182 ) ;
#2193 = CARTESIAN_POINT ( 'NONE',  ( 7.445848533695730076, 3.512753932700335646, 6.378135108328437219 ) ) ;
#2194 = VERTEX_POINT ( 'NONE', #3678 ) ;
#2195 = CARTESIAN_POINT ( 'NONE',  ( 3.999898400000003740, 5.135016463628653484E-16, -5.773502691896258199 ) ) ;
#2196 = CARTESIAN_POINT ( 'NONE',  ( 7.693106532591425406, -4.027278305697265637, -7.311466622625459877 ) ) ;
#2197 = CARTESIAN_POINT ( 'NONE',  ( 7.860505685510169371, -0.6462748347546196648, -9.046444735565058792 ) ) ;
#2198 = DIRECTION ( 'NONE',  ( -0.9785289697799391950, 0.1335143633302448840, 0.1570190118613987718 ) ) ;
#2199 = CARTESIAN_POINT ( 'NONE',  ( 7.413575863646963526, 0.7564665146703833942, 7.102289474268103753 ) ) ;
#2200 = ORIENTED_EDGE ( 'NONE', *, *, #71, .F. ) ;
#2201 = CARTESIAN_POINT ( 'NONE',  ( 42.31718733146613687, 0.0008995018915807271405, 0.01251818665449722263 ) ) ;
#2202 = CARTESIAN_POINT ( 'NONE',  ( 0.08905512610961331676, -7.085704971440556221, 5.146729810710558795 ) ) ;
#2203 = DIRECTION ( 'NONE',  ( -1.000000000000000000, 0.000000000000000000, 0.000000000000000000 ) ) ;
#2204 = B_SPLINE_CURVE_WITH_KNOTS ( 'NONE', 3,
 ( #1252, #2481, #3375, #604, #3393, #622 ),
 .UNSPECIFIED., .F., .F.,
 ( 4, 2, 4 ),
 ( 0.000000000000000000, 0.0001623299153823885789, 0.0003246598307647771578 ),
 .UNSPECIFIED. ) ;
#2205 = CARTESIAN_POINT ( 'NONE',  ( 0.06381431755680432027, 7.880104726759191713, 3.564753574754504051 ) ) ;
#2206 = ORIENTED_EDGE ( 'NONE', *, *, #1384, .F. ) ;
#2207 = CARTESIAN_POINT ( 'NONE',  ( 7.650533637369914430, -7.613986206195083817, -2.951037268034887973 ) ) ;
#2208 = CARTESIAN_POINT ( 'NONE',  ( 0.06377903728224926239, 5.399826581256063740, 6.755754564891157443 ) ) ;
#2209 = CARTESIAN_POINT ( 'NONE',  ( 7.458129973201925722, -5.955810162223144744, 4.280368856554063406 ) ) ;
#2210 = EDGE_CURVE ( 'NONE', #262, #2452, #2085, .T. ) ;
#2211 = LINE ( 'NONE', #1264, #3921 ) ;
#2212 = VERTEX_POINT ( 'NONE', #3077 ) ;
#2213 = LINE ( 'NONE', #937, #3688 ) ;
#2214 = EDGE_LOOP ( 'NONE', ( #2264, #2411, #2112, #2158 ) ) ;
#2215 = CARTESIAN_POINT ( 'NONE',  ( 0.06388035843266987035, 1.242645554805258845, -8.559456192206754466 ) ) ;
#2216 = CARTESIAN_POINT ( 'NONE',  ( 7.445848493750774288, -4.937067230422290898, 5.352140908892096149 ) ) ;
#2217 = CARTESIAN_POINT ( 'NONE',  ( 7.434447245088816381, -5.852507454554349842, 4.249355329821885796 ) ) ;
#2218 = CARTESIAN_POINT ( 'NONE',  ( 0.1176192779148805823, 8.241342054346198154, 3.308188469075559190 ) ) ;
#2219 = CARTESIAN_POINT ( 'NONE',  ( 7.413550661974127820, -2.004680206643885576, -6.855470564903703767 ) ) ;
#2220 = B_SPLINE_CURVE_WITH_KNOTS ( 'NONE', 3,
 ( #178, #2093, #2944, #3314, #1461, #1440 ),
 .UNSPECIFIED., .F., .F.,
 ( 4, 2, 4 ),
 ( 2.055878613920429916E-18, 0.0001965018000030261129, 0.0003930036000060501658 ),
 .UNSPECIFIED. ) ;
#2221 = ORIENTED_EDGE ( 'NONE', *, *, #1290, .T. ) ;
#2222 = EDGE_CURVE ( 'NONE', #2962, #1583, #2830, .T. ) ;
#2223 = CARTESIAN_POINT ( 'NONE',  ( 0.2361091061329864127, 4.456580995078432750, -8.266474417276535647 ) ) ;
#2224 = CARTESIAN_POINT ( 'NONE',  ( 0.06377903728225012281, 0.4380656911629109973, -8.637502260428837175 ) ) ;
#2225 = DIRECTION ( 'NONE',  ( 0.000000000000000000, 0.000000000000000000, 1.000000000000000000 ) ) ;
#2226 = CARTESIAN_POINT ( 'NONE',  ( 42.31737018592016142, -0.01228246857665230701, -0.002462225921218109351 ) ) ;
#2227 = ORIENTED_EDGE ( 'NONE', *, *, #123, .F. ) ;
#2228 = EDGE_CURVE ( 'NONE', #3595, #3202, #234, .T. ) ;
#2229 = DIRECTION ( 'NONE',  ( -0.9796399030715338130, -0.05800392292678457906, 0.1922009501409905341 ) ) ;
#2230 = CARTESIAN_POINT ( 'NONE',  ( 4.326091500877488727, -10.54779572203457683, -7.066131133802873694E-14 ) ) ;
#2231 = CARTESIAN_POINT ( 'NONE',  ( 0.5595309360302105350, -10.76442377784432125, 0.6994054837357597254 ) ) ;
#2232 = VERTEX_POINT ( 'NONE', #2489 ) ;
#2233 = EDGE_CURVE ( 'NONE', #1592, #1786, #1166, .T. ) ;
#2234 = CARTESIAN_POINT ( 'NONE',  ( 0.05906383553393920738, 0.4381153717329919206, 8.638467293278763393 ) ) ;
#2235 = VERTEX_POINT ( 'NONE', #597 ) ;
#2236 = LINE ( 'NONE', #3450, #2136 ) ;
#2237 = CARTESIAN_POINT ( 'NONE',  ( 7.413576555707948046, 0.9150547789228556939, -7.083786874565982217 ) ) ;
#2238 = CARTESIAN_POINT ( 'NONE',  ( 7.413576434723049502, -5.377068278487250552, -4.701268896139314535 ) ) ;
#2239 = LINE ( 'NONE', #3145, #550 ) ;
#2240 = LINE ( 'NONE', #2898, #2068 ) ;
#2241 = VERTEX_POINT ( 'NONE', #3403 ) ;
#2242 = CARTESIAN_POINT ( 'NONE',  ( 7.413575863646960862, 6.274791607295824747, 3.412000534748917069 ) ) ;
#2243 = DIRECTION ( 'NONE',  ( 0.000000000000000000, -0.4999999999999998335, 0.8660254037844387076 ) ) ;
#2244 =( BOUNDED_SURFACE ( )  B_SPLINE_SURFACE ( 3, 1, ( 
 ( #207, #2315 ),
 ( #125, #1760 ),
 ( #2642, #1450 ),
 ( #3929, #3230 ) ),
 .UNSPECIFIED., .F., .F., .T. ) 
 B_SPLINE_SURFACE_WITH_KNOTS ( ( 4, 4 ),
 ( 2, 2 ),
 ( 0.000000000000000000, 1.000000000000000000 ),
 ( 0.000000000000000000, 1.000000000000000000 ),
 .UNSPECIFIED. ) 
 GEOMETRIC_REPRESENTATION_ITEM ( )  RATIONAL_B_SPLINE_SURFACE ( (
 ( 1.000000000000000000, 1.000000000000000000),
 ( 0.8657215203422357064, 0.9127505936427622313),
 ( 0.8657215203422357064, 0.9127505936427622313),
 ( 1.000000000000000000, 1.000000000000000000) ) ) 
 REPRESENTATION_ITEM ( '' )  SURFACE ( )  );
#2245 = EDGE_CURVE ( 'NONE', #2011, #3519, #1109, .T. ) ;
#2246 = CARTESIAN_POINT ( 'NONE',  ( 7.445848493750772512, -1.884292027826859339, 7.033454961838747188 ) ) ;
#2247 = ORIENTED_EDGE ( 'NONE', *, *, #2906, .F. ) ;
#2248 = CARTESIAN_POINT ( 'NONE',  ( 7.860952605251431358, -0.6478003361146315031, 9.048280506417100355 ) ) ;
#2249 = CARTESIAN_POINT ( 'NONE',  ( 7.413572065574267178, -5.513111944208060500, 4.540938266526867828 ) ) ;
#2250 = CARTESIAN_POINT ( 'NONE',  ( 7.413550661955990329, 4.503153658057634345, 5.544170501365329962 ) ) ;
#2251 = CARTESIAN_POINT ( 'NONE',  ( 0.06377903728224881830, 8.627328128116229067, -0.6062641491147029438 ) ) ;
#2252 = CARTESIAN_POINT ( 'NONE',  ( 0.4166821207338475830, -6.788963192196694862, -7.671566739617555086 ) ) ;
#2253 = ORIENTED_EDGE ( 'NONE', *, *, #3486, .F. ) ;
#2254 = CARTESIAN_POINT ( 'NONE',  ( 0.06389206181261215811, 1.041955018311588876, -8.586099137659285674 ) ) ;
#2255 = VECTOR ( 'NONE', #2940, 1000.000000000000227 ) ;
#2256 = CARTESIAN_POINT ( 'NONE',  ( 7.458129973201925722, -3.284421403251845728, -6.557881386733035001 ) ) ;
#2257 = CARTESIAN_POINT ( 'NONE',  ( 0.06388035843267100833, -6.338391214642674854, -5.885002556611533819 ) ) ;
#2258 = CARTESIAN_POINT ( 'NONE',  ( 7.554659454625532788, 5.092239607861952955, 5.842914784620109714 ) ) ;
#2259 = ADVANCED_FACE ( 'NONE', ( #3424 ), #1420, .F. ) ;
#2260 = CARTESIAN_POINT ( 'NONE',  ( 0.06381443886812704358, -8.504158426054324593, 1.575701697436743931 ) ) ;
#2261 = FACE_OUTER_BOUND ( 'NONE', #951, .T. ) ;
#2262 = CARTESIAN_POINT ( 'NONE',  ( 0.1074819131976425951, 4.278482556836542550, -7.784365464540402790 ) ) ;
#2263 = CARTESIAN_POINT ( 'NONE',  ( 0.7393912915810844089, -10.37095732566804962, -6.223317261664326416 ) ) ;
#2264 = ORIENTED_EDGE ( 'NONE', *, *, #2035, .T. ) ;
#2265 = ORIENTED_EDGE ( 'NONE', *, *, #2494, .T. ) ;
#2266 = CARTESIAN_POINT ( 'NONE',  ( 0.08894703500304432242, -5.963223786685018624, 6.413100527024647057 ) ) ;
#2267 =( BOUNDED_SURFACE ( )  B_SPLINE_SURFACE ( 3, 1, ( 
 ( #1829, #2113 ),
 ( #567, #1805 ),
 ( #3032, #2335 ),
 ( #1621, #357 ) ),
 .UNSPECIFIED., .F., .F., .F. ) 
 B_SPLINE_SURFACE_WITH_KNOTS ( ( 4, 4 ),
 ( 2, 2 ),
 ( 0.000000000000000000, 1.000000000000000000 ),
 ( 0.000000000000000000, 1.000000000000000000 ),
 .UNSPECIFIED. ) 
 GEOMETRIC_REPRESENTATION_ITEM ( )  RATIONAL_B_SPLINE_SURFACE ( (
 ( 1.000000000000000000, 1.000000000000000000),
 ( 0.8657215203422357064, 0.9127505936427622313),
 ( 0.8657215203422357064, 0.9127505936427622313),
 ( 1.000000000000000000, 1.000000000000000000) ) ) 
 REPRESENTATION_ITEM ( '' )  SURFACE ( )  );
#2268 = CARTESIAN_POINT ( 'NONE',  ( 0.6547838794010203411, -9.732369497241052159, 5.544990438158672319 ) ) ;
#2269 = DIRECTION ( 'NONE',  ( -0.6546536707079763096, -0.000000000000000000, 0.7559289460184551723 ) ) ;
#2270 = EDGE_CURVE ( 'NONE', #643, #3587, #3923, .T. ) ;
#2271 = ORIENTED_EDGE ( 'NONE', *, *, #2558, .T. ) ;
#2272 = CARTESIAN_POINT ( 'NONE',  ( 42.31647246991754940, 0.006532114727917180848, 0.01128790456873326152 ) ) ;
#2273 = DIRECTION ( 'NONE',  ( 0.000000000000000000, 0.000000000000000000, 1.000000000000000000 ) ) ;
#2274 = CARTESIAN_POINT ( 'NONE',  ( 7.458129973201924834, -7.262794588322267764, 1.022275405375276058 ) ) ;
#2275 = DIRECTION ( 'NONE',  ( 0.9796399030715337020, -0.01032173628468052197, -0.2004971871874152156 ) ) ;
#2276 = CARTESIAN_POINT ( 'NONE',  ( 21.18798712880127155, 2.699499042059807952, 3.372075524848755279 ) ) ;
#2277 = CARTESIAN_POINT ( 'NONE',  ( 0.06385449037419120566, -8.475354872002894169, 1.724787097743743836 ) ) ;
#2278 = LINE ( 'NONE', #3150, #316 ) ;
#2279 = CARTESIAN_POINT ( 'NONE',  ( 7.458129973201925722, -1.890255015740988531, 7.086618954908218804 ) ) ;
#2280 = CARTESIAN_POINT ( 'NONE',  ( 0.7361483507723707298, -1.391591618270632713, 11.46078808252794268 ) ) ;
#2281 = ORIENTED_EDGE ( 'NONE', *, *, #3515, .T. ) ;
#2282 = ORIENTED_EDGE ( 'NONE', *, *, #1685, .F. ) ;
#2283 = CARTESIAN_POINT ( 'NONE',  ( 0.1176192779148810125, -3.974998375457743371, 7.941235276628441753 ) ) ;
#2284 = CARTESIAN_POINT ( 'NONE',  ( 7.413570567084492247, -5.142879002265950739, 4.956590440234789341 ) ) ;
#2285 = CARTESIAN_POINT ( 'NONE',  ( 0.06377903728224926239, 8.627328128116229067, 0.6062641491147129358 ) ) ;
#2286 = ORIENTED_EDGE ( 'NONE', *, *, #3063, .T. ) ;
#2287 = CARTESIAN_POINT ( 'NONE',  ( 7.458129973201925722, 3.531266563128975466, -6.428327052719524204 ) ) ;
#2288 = ORIENTED_EDGE ( 'NONE', *, *, #3679, .T. ) ;
#2289 = MANIFOLD_SOLID_BREP ( '–ÊŽæ‚è1', #2848 ) ;
#2290 = CARTESIAN_POINT ( 'NONE',  ( 0.06388494259132554420, -2.924011879342331977, 8.139802989127248978 ) ) ;
#2291 = AXIS2_PLACEMENT_3D ( 'NONE', #2839, #2936, #2990 ) ;
#2292 = CARTESIAN_POINT ( 'NONE',  ( 0.06388494259132543318, -6.573979104908025839, -5.620412520498173414 ) ) ;
#2293 = DIRECTION ( 'NONE',  ( -0.9796399030715338130, 0.1708693647206875055, -0.1054007614296243178 ) ) ;
#2294 = CARTESIAN_POINT ( 'NONE',  ( 0.06377903728224926239, -8.231545144664933034, -2.653301976788629002 ) ) ;
#2295 = CARTESIAN_POINT ( 'NONE',  ( 0.06377903728224926239, -2.492425889569358066, -8.281676160880214965 ) ) ;
#2296 = EDGE_CURVE ( 'NONE', #3256, #1686, #3529, .T. ) ;
#2297 = AXIS2_PLACEMENT_3D ( 'NONE', #2059, #2273, #2619 ) ;
#2298 = CARTESIAN_POINT ( 'NONE',  ( 0.06389207986025954855, -8.409740412985573954, 2.021286197021093134 ) ) ;
#2299 = CARTESIAN_POINT ( 'NONE',  ( 7.434426509969019214, 7.198426003117881500, -0.7001691556462340538 ) ) ;
#2300 = CARTESIAN_POINT ( 'NONE',  ( 0.1176192779148814427, -8.362467838607578585, 2.988806024470907818 ) ) ;
#2301 = CYLINDRICAL_SURFACE ( 'NONE', #747, 3.100000000000000089 ) ;
#2302 = VERTEX_POINT ( 'NONE', #3528 ) ;
#2303 = ORIENTED_EDGE ( 'NONE', *, *, #2683, .F. ) ;
#2304 = CARTESIAN_POINT ( 'NONE',  ( 7.969186335162176782, 9.258765751147590706, -2.282080796656460020 ) ) ;
#2305 = CARTESIAN_POINT ( 'NONE',  ( 0.05906383553393917962, 4.402427817961239498, -7.445380551968896476 ) ) ;
#2306 = CARTESIAN_POINT ( 'NONE',  ( 7.901878860671765814, -5.514861733740840322, 7.427997506255659133 ) ) ;
#2307 = ORIENTED_EDGE ( 'NONE', *, *, #1955, .F. ) ;
#2308 = CARTESIAN_POINT ( 'NONE',  ( 21.18798712880127155, 4.308653991154111296, 0.3060869286290743840 ) ) ;
#2309 = VERTEX_POINT ( 'NONE', #1343 ) ;
#2310 = LINE ( 'NONE', #3558, #3394 ) ;
#2311 = FILL_AREA_STYLE_COLOUR ( '', #161 ) ;
#2312 = CARTESIAN_POINT ( 'NONE',  ( 42.31737018592016142, -0.004950865193880910065, 0.01150697721626191099 ) ) ;
#2313 = FACE_OUTER_BOUND ( 'NONE', #3049, .T. ) ;
#2314 = VECTOR ( 'NONE', #194, 1000.000000000000227 ) ;
#2315 = CARTESIAN_POINT ( 'NONE',  ( 0.7393912915810846309, -6.290906917329820658, 10.33009795440724155 ) ) ;
#2316 = ADVANCED_FACE ( 'NONE', ( #3819 ), #3480, .F. ) ;
#2317 = LINE ( 'NONE', #3907, #2913 ) ;
#2318 = B_SPLINE_CURVE_WITH_KNOTS ( 'NONE', 3,
 ( #201, #1445, #3298, #2680, #3039, #529, #2099, #1163, #3317, #2370, #1773, #264, #549, #3899, #1792, #1814, #1509, #2390, #2749, #3575, #1120, #507, #2350, #3920, #3594 ),
 .UNSPECIFIED., .F., .F.,
 ( 4, 3, 3, 3, 3, 3, 3, 3, 4 ),
 ( 1.951563910473907981E-18, 0.0001518396426109990753, 0.0003036792827425920387, 0.0004555189212204419687, 0.0006073585588422195786, 0.0007591981963891902743, 0.0009110378346411187635, 0.001062271348283227394, 0.001213553284518157109 ),
 .UNSPECIFIED. ) ;
#2319 = AXIS2_PLACEMENT_3D ( 'NONE', #1434, #1477, #1110 ) ;
#2320 = CARTESIAN_POINT ( 'NONE',  ( 0.06385427510213148583, -8.305832340033589389, 2.412393713281038909 ) ) ;
#2321 = CARTESIAN_POINT ( 'NONE',  ( 7.413556062442729910, -7.037787978434124625, 1.217817422210493605 ) ) ;
#2322 = EDGE_CURVE ( 'NONE', #3547, #2232, #187, .T. ) ;
#2323 = CARTESIAN_POINT ( 'NONE',  ( 0.4998984000000069039, 7.186988557589023419E-17, 5.773502691896257311 ) ) ;
#2324 = ORIENTED_EDGE ( 'NONE', *, *, #351, .T. ) ;
#2325 = ORIENTED_EDGE ( 'NONE', *, *, #3545, .F. ) ;
#2326 = CARTESIAN_POINT ( 'NONE',  ( 7.413550661956016086, 3.587049176743273726, -6.176511767973300593 ) ) ;
#2327 = CARTESIAN_POINT ( 'NONE',  ( 0.5600391835297039433, 8.521750994219653208, -6.617321255004593894 ) ) ;
#2328 = CARTESIAN_POINT ( 'NONE',  ( 7.647656735037466902, -5.347455766648328890, 6.151851726583422497 ) ) ;
#2329 = VERTEX_POINT ( 'NONE', #3609 ) ;
#2330 = CARTESIAN_POINT ( 'NONE',  ( 0.3506278047350356308, 9.269453610752819372, 3.440912698133987035 ) ) ;
#2331 = ADVANCED_FACE ( 'NONE', ( #1769 ), #1842, .F. ) ;
#2332 = ORIENTED_EDGE ( 'NONE', *, *, #1738, .T. ) ;
#2333 = CARTESIAN_POINT ( 'NONE',  ( 0.06375423730972114289, -8.211059207768828472, 2.716508871401900116 ) ) ;
#2334 = LINE ( 'NONE', #532, #1614 ) ;
#2335 = CARTESIAN_POINT ( 'NONE',  ( 0.4166821207338480826, 2.457004996489180915, 9.945153790295806928 ) ) ;
#2336 = CARTESIAN_POINT ( 'NONE',  ( 7.555968963440788499, -3.529457735694645049, 6.906522962828915091 ) ) ;
#2337 = CARTESIAN_POINT ( 'NONE',  ( 0.06388021399931206878, -3.256026465016668592, -8.012910780600083882 ) ) ;
#2338 = ORIENTED_EDGE ( 'NONE', *, *, #3291, .T. ) ;
#2339 = DIRECTION ( 'NONE',  ( -0.9785289697799391950, -0.09205756945496228194, -0.1844084032994579014 ) ) ;
#2340 = CARTESIAN_POINT ( 'NONE',  ( 7.650533637369911766, 8.098967049037030463, 1.043139321505844430 ) ) ;
#2341 = EDGE_CURVE ( 'NONE', #1198, #356, #2220, .T. ) ;
#2342 = ORIENTED_EDGE ( 'NONE', *, *, #2703, .T. ) ;
#2343 = ORIENTED_EDGE ( 'NONE', *, *, #2948, .T. ) ;
#2344 = LINE ( 'NONE', #3608, #3157 ) ;
#2345 = CARTESIAN_POINT ( 'NONE',  ( 42.31737018592016142, -0.01201983925148985589, 0.003527754979007682347 ) ) ;
#2346 = CARTESIAN_POINT ( 'NONE',  ( 0.4166821207338475830, 9.580439034292460576, -3.627415798555936988 ) ) ;
#2347 = CARTESIAN_POINT ( 'NONE',  ( 7.413556062442729022, -2.057249761320914416, 6.839682910981788488 ) ) ;
#2348 = EDGE_CURVE ( 'NONE', #2194, #2362, #3779, .T. ) ;
#2349 = ORIENTED_EDGE ( 'NONE', *, *, #3666, .F. ) ;
#2350 = CARTESIAN_POINT ( 'NONE',  ( 0.06381431755680432027, 1.542675017911733448, 8.510209888277056933 ) ) ;
#2351 = ORIENTED_EDGE ( 'NONE', *, *, #7, .T. ) ;
#2352 = CARTESIAN_POINT ( 'NONE',  ( 0.06389206181261260220, -3.066465717923354539, 8.087246543954190514 ) ) ;
#2353 = DIRECTION ( 'NONE',  ( -0.7071067811865481278, -0.3535533905932734533, 0.6123724356957939152 ) ) ;
#2354 = CARTESIAN_POINT ( 'NONE',  ( 0.06377903728224926239, 8.627328128116229067, 0.6062641491147129358 ) ) ;
#2355 = CARTESIAN_POINT ( 'NONE',  ( 0.4021422169983503991, 10.00696584486660434, 1.418200448108872802 ) ) ;
#2356 = CARTESIAN_POINT ( 'NONE',  ( 0.06379792852514827584, -8.247150186373074732, -2.605154497431610316 ) ) ;
#2357 = CARTESIAN_POINT ( 'NONE',  ( 0.06382842314804867967, -3.488355075588318144, -7.914126960894718010 ) ) ;
#2358 = CARTESIAN_POINT ( 'NONE',  ( 42.31828303470383901, -0.01351020127460625386, -0.003468149835497239767 ) ) ;
#2359 = CARTESIAN_POINT ( 'NONE',  ( 0.1176192779148814427, -3.974998375457635014, -7.941235276628497708 ) ) ;
#2360 = CARTESIAN_POINT ( 'NONE',  ( 0.1074819131976419151, -3.975952073493641326, 7.943145710860747499 ) ) ;
#2361 = ORIENTED_EDGE ( 'NONE', *, *, #463, .F. ) ;
#2362 = VERTEX_POINT ( 'NONE', #3875 ) ;
#2363 = CARTESIAN_POINT ( 'NONE',  ( 42.31718733146613687, 0.01138574008426414264, -0.005280059043549650138 ) ) ;
#2364 = CARTESIAN_POINT ( 'NONE',  ( -0.0001015999999967978526, 0.000000000000000000, -8.373863283346574704 ) ) ;
#2365 =( BOUNDED_SURFACE ( )  B_SPLINE_SURFACE ( 3, 1, ( 
 ( #654, #2157 ),
 ( #3059, #3368 ),
 ( #2813, #1877 ),
 ( #331, #2834 ) ),
 .UNSPECIFIED., .F., .F., .F. ) 
 B_SPLINE_SURFACE_WITH_KNOTS ( ( 4, 4 ),
 ( 2, 2 ),
 ( 0.000000000000000000, 1.000000000000000000 ),
 ( 0.000000000000000000, 1.000000000000000000 ),
 .UNSPECIFIED. ) 
 GEOMETRIC_REPRESENTATION_ITEM ( )  RATIONAL_B_SPLINE_SURFACE ( (
 ( 1.000000000000000000, 1.000000000000000000),
 ( 0.9935868805207672683, 0.8436843346538670518),
 ( 0.9935868805207672683, 0.8436843346538670518),
 ( 1.000000000000000000, 1.000000000000000000) ) ) 
 REPRESENTATION_ITEM ( '' )  SURFACE ( )  );
#2366 = CARTESIAN_POINT ( 'NONE',  ( 42.31737018592016142, -0.003924761509597591257, 0.01189612701329096495 ) ) ;
#2367 = EDGE_CURVE ( 'NONE', #1043, #121, #2604, .T. ) ;
#2368 = DIRECTION ( 'NONE',  ( 0.000000000000000000, 0.000000000000000000, 1.000000000000000000 ) ) ;
#2369 = ORIENTED_EDGE ( 'NONE', *, *, #140, .T. ) ;
#2370 = CARTESIAN_POINT ( 'NONE',  ( 0.06388505090401941366, 0.8922206825731232582, 8.602917441010738742 ) ) ;
#2371 = ORIENTED_EDGE ( 'NONE', *, *, #775, .T. ) ;
#2372 = EDGE_CURVE ( 'NONE', #3148, #1208, #1020, .T. ) ;
#2373 = CARTESIAN_POINT ( 'NONE',  ( 0.06382857904819193295, 7.858875954460955882, -3.611108837394346516 ) ) ;
#2374 = CARTESIAN_POINT ( 'NONE',  ( 42.31828303470383901, 0.007812722125905280368, 0.01155486801072266867 ) ) ;
#2375 = DIRECTION ( 'NONE',  ( -0.9796399030715338130, 0.03796031215230177835, 0.1971412564921298238 ) ) ;
#2376 = CARTESIAN_POINT ( 'NONE',  ( 0.1176192779148810125, -7.210162311211356645, -5.184340772909031614 ) ) ;
#2377 = CARTESIAN_POINT ( 'NONE',  ( 0.06381431755680502804, -3.534474218228501829, -7.893732358909536728 ) ) ;
#2378 = CARTESIAN_POINT ( 'NONE',  ( 6.147639088042814670, -1.210408699625927120, 9.968612499190218301 ) ) ;
#2379 = CARTESIAN_POINT ( 'NONE',  ( 7.458129973201924834, 6.807104459455481482, 2.730670451493498074 ) ) ;
#2380 = CARTESIAN_POINT ( 'NONE',  ( 0.06377903728224926239, -3.626159543129582552, -7.851707700650702115 ) ) ;
#2381 = EDGE_CURVE ( 'NONE', #3401, #1466, #3959, .T. ) ;
#2382 = CARTESIAN_POINT ( 'NONE',  ( 7.650533637369981932, 5.459224496974112384, -6.072748537285387549 ) ) ;
#2383 = VECTOR ( 'NONE', #1544, 1000.000000000000000 ) ;
#2384 = EDGE_LOOP ( 'NONE', ( #1988, #776, #3468, #2253 ) ) ;
#2385 = CARTESIAN_POINT ( 'NONE',  ( 0.07590485995811614706, -8.240703471614802211, -2.923312441268007600 ) ) ;
#2386 = CARTESIAN_POINT ( 'NONE',  ( 0.5600391835297052756, -1.990526551359122154, 10.60410225562511322 ) ) ;
#2387 = CARTESIAN_POINT ( 'NONE',  ( 42.31959510201222230, 0.01287043340513881369, -0.005502110727142678695 ) ) ;
#2388 = CARTESIAN_POINT ( 'NONE',  ( 0.7393912915810846309, -10.37095732566813489, 6.223317261664180755 ) ) ;
#2389 = ORIENTED_EDGE ( 'NONE', *, *, #526, .F. ) ;
#2390 = CARTESIAN_POINT ( 'NONE',  ( 0.06387312902083899790, 1.293862365645915613, 8.551832538196908473 ) ) ;
#2391 = ORIENTED_EDGE ( 'NONE', *, *, #865, .T. ) ;
#2392 = CARTESIAN_POINT ( 'NONE',  ( 0.06387330960167530991, 7.772508030338380891, -3.794212956179845886 ) ) ;
#2393 = EDGE_CURVE ( 'NONE', #3556, #2396, #966, .T. ) ;
#2394 = CARTESIAN_POINT ( 'NONE',  ( 0.7393912915810844089, 9.496494874032171296, -7.490194837094533042 ) ) ;
#2395 = CARTESIAN_POINT ( 'NONE',  ( 0.05906383553393916575, 8.628292113121146301, -0.6063311526278748476 ) ) ;
#2396 = VERTEX_POINT ( 'NONE', #2052 ) ;
#2397 = B_SPLINE_CURVE_WITH_KNOTS ( 'NONE', 3,
 ( #3506, #2532, #729, #3195, #1688, #1973, #422, #2283 ),
 .UNSPECIFIED., .F., .F.,
 ( 4, 2, 2, 4 ),
 ( 0.0004800065146897960437, 0.002063914009317798295, 0.002855867756631797795, 0.003647821503945797295 ),
 .UNSPECIFIED. ) ;
#2398 = CARTESIAN_POINT ( 'NONE',  ( 7.434426509969018326, -3.207266572876168897, -6.482361830335701569 ) ) ;
#2399 = PLANE ( 'NONE',  #3746 ) ;
#2400 =( BOUNDED_SURFACE ( )  B_SPLINE_SURFACE ( 3, 1, ( 
 ( #892, #2388 ),
 ( #1832, #180 ),
 ( #3337, #199 ),
 ( #1139, #1485 ) ),
 .UNSPECIFIED., .F., .F., .F. ) 
 B_SPLINE_SURFACE_WITH_KNOTS ( ( 4, 4 ),
 ( 2, 2 ),
 ( 0.000000000000000000, 1.000000000000000000 ),
 ( 0.000000000000000000, 1.000000000000000000 ),
 .UNSPECIFIED. ) 
 GEOMETRIC_REPRESENTATION_ITEM ( )  RATIONAL_B_SPLINE_SURFACE ( (
 ( 1.000000000000000000, 1.000000000000000000),
 ( 0.8657215203422357064, 0.9127505936427622313),
 ( 0.8657215203422357064, 0.9127505936427622313),
 ( 1.000000000000000000, 1.000000000000000000) ) ) 
 REPRESENTATION_ITEM ( '' )  SURFACE ( )  );
#2401 = B_SPLINE_CURVE_WITH_KNOTS ( 'NONE', 3,
 ( #3343, #2081, #3301, #1739, #246, #1758 ),
 .UNSPECIFIED., .F., .F.,
 ( 4, 2, 4 ),
 ( 2.710505431213761085E-20, 0.0001965018000030257334, 0.0003930036000060514127 ),
 .UNSPECIFIED. ) ;
#2402 = CARTESIAN_POINT ( 'NONE',  ( 7.902356314355742484, 3.575586836428276793, 8.534671838404976896 ) ) ;
#2403 = CARTESIAN_POINT ( 'NONE',  ( 42.32077784063513093, -0.01051822651096945109, 0.006994347148472043404 ) ) ;
#2404 = CARTESIAN_POINT ( 'NONE',  ( 0.2866314039218939569, 2.724461572189724334E-14, -9.608583175786234776 ) ) ;
#2405 = CARTESIAN_POINT ( 'NONE',  ( 7.650533637369915319, -5.370434565495305179, -6.151409552549161219 ) ) ;
#2406 = ORIENTED_EDGE ( 'NONE', *, *, #938, .F. ) ;
#2407 = CARTESIAN_POINT ( 'NONE',  ( -0.0001015999999967978526, 0.000000000000000000, 0.000000000000000000 ) ) ;
#2408 = CARTESIAN_POINT ( 'NONE',  ( 7.823544100114498079, -7.606442923123153399, 4.641825567061712121 ) ) ;
#2409 = CARTESIAN_POINT ( 'NONE',  ( 0.06377903728224926239, 1.641753292910273831, -8.491348124644611417 ) ) ;
#2410 = CARTESIAN_POINT ( 'NONE',  ( 0.8062758914853338510, 0.000000000000000000, 0.000000000000000000 ) ) ;
#2411 = ORIENTED_EDGE ( 'NONE', *, *, #912, .F. ) ;
#2412 = CARTESIAN_POINT ( 'NONE',  ( 0.05906383553393916575, 0.4381153717329938635, 8.638467293278763393 ) ) ;
#2413 = VERTEX_POINT ( 'NONE', #847 ) ;
#2414 = CARTESIAN_POINT ( 'NONE',  ( 0.06388021399931177735, 7.562017018341097518, -4.198136030795764029 ) ) ;
#2415 = CARTESIAN_POINT ( 'NONE',  ( 0.6474532217643088616, 8.161379804782539438, -7.930532616513283450 ) ) ;
#2416 = CARTESIAN_POINT ( 'NONE',  ( 7.693106532591423630, 2.160504425704347753, 8.062799473620676949 ) ) ;
#2417 = ORIENTED_EDGE ( 'NONE', *, *, #215, .T. ) ;
#2418 = CARTESIAN_POINT ( 'NONE',  ( 0.05906383553393916575, -3.626564026296483334, -7.852585282514787934 ) ) ;
#2419 = CARTESIAN_POINT ( 'NONE',  ( 0.7393912915810846309, 9.496494874032064715, 7.490194837094666269 ) ) ;
#2420 = EDGE_CURVE ( 'NONE', #2076, #1564, #2981, .T. ) ;
#2421 = B_SPLINE_CURVE_WITH_KNOTS ( 'NONE', 3,
 ( #2144, #2776, #2107, #3062, #3372, #1800 ),
 .UNSPECIFIED., .F., .F.,
 ( 4, 2, 4 ),
 ( 0.000000000000000000, 0.001307146423454787643, 0.002614292846909575287 ),
 .UNSPECIFIED. ) ;
#2422 = CARTESIAN_POINT ( 'NONE',  ( 0.6474532217643091947, 10.91204519933169514, 3.229355580798655811 ) ) ;
#2423 = FACE_OUTER_BOUND ( 'NONE', #1438, .T. ) ;
#2424 = CARTESIAN_POINT ( 'NONE',  ( 7.413576434723050390, -6.923591380525323302, 1.754615314203158194 ) ) ;
#2425 = CARTESIAN_POINT ( 'NONE',  ( 7.413556062442729910, 1.356954940729789616, 7.012290081853453927 ) ) ;
#2426 = EDGE_CURVE ( 'NONE', #1204, #1913, #1095, .T. ) ;
#2427 = VERTEX_POINT ( 'NONE', #154 ) ;
#2428 = ORIENTED_EDGE ( 'NONE', *, *, #2426, .F. ) ;
#2429 = CARTESIAN_POINT ( 'NONE',  ( 0.7393912915810846309, -2.141310572048968464, -11.90383226629929858 ) ) ;
#2430 = FACE_OUTER_BOUND ( 'NONE', #816, .T. ) ;
#2431 = FACE_OUTER_BOUND ( 'NONE', #3586, .T. ) ;
#2432 = ORIENTED_EDGE ( 'NONE', *, *, #2322, .T. ) ;
#2433 = STYLED_ITEM ( 'NONE', ( #491 ), #1756 ) ;
#2434 = CARTESIAN_POINT ( 'NONE',  ( 42.31959510201222230, 0.0005806443151144697343, 0.01398513963709968957 ) ) ;
#2435 = EDGE_CURVE ( 'NONE', #2893, #1772, #36, .T. ) ;
#2436 = CARTESIAN_POINT ( 'NONE',  ( 0.06388494259132554420, 7.586342115174182332, -4.153751495199788479 ) ) ;
#2437 = FACE_OUTER_BOUND ( 'NONE', #3168, .T. ) ;
#2438 = ORIENTED_EDGE ( 'NONE', *, *, #888, .F. ) ;
#2439 = FACE_OUTER_BOUND ( 'NONE', #318, .T. ) ;
#2440 = CARTESIAN_POINT ( 'NONE',  ( 42.31647246991754940, 0.01199296245970366166, 0.005123881713275223876 ) ) ;
#2441 = CARTESIAN_POINT ( 'NONE',  ( 7.554659454625535453, -1.915902794399415354, 7.509984945831964964 ) ) ;
#2442 = CARTESIAN_POINT ( 'NONE',  ( 0.06385449037419087259, 5.200148811103256108, -6.911221533224637170 ) ) ;
#2443 = CARTESIAN_POINT ( 'NONE',  ( 0.08894703500304454447, 1.890381054010977335, 8.550693291800733675 ) ) ;
#2444 = VERTEX_POINT ( 'NONE', #3072 ) ;
#2445 = EDGE_CURVE ( 'NONE', #1693, #2698, #1255, .T. ) ;
#2446 = CARTESIAN_POINT ( 'NONE',  ( 7.361297821651285211, 0.000000000000000000, 0.000000000000000000 ) ) ;
#2447 = CARTESIAN_POINT ( 'NONE',  ( 0.06386389998796496159, -6.670821994231031837, 5.504979937539563828 ) ) ;
#2448 = CARTESIAN_POINT ( 'NONE',  ( 3.999898400000003740, 5.000000000000000888, 2.886751345948128655 ) ) ;
#2449 = CIRCLE ( 'NONE', #505, 8.373863283346574704 ) ;
#2450 = CARTESIAN_POINT ( 'NONE',  ( 0.1074819131976416930, 4.278482556836428863, 7.784365464540463186 ) ) ;
#2451 = VECTOR ( 'NONE', #1777, 1000.000000000000000 ) ;
#2452 = VERTEX_POINT ( 'NONE', #645 ) ;
#2453 = CARTESIAN_POINT ( 'NONE',  ( 0.7361483507723708408, -1.391591618270474839, -11.46078808252796399 ) ) ;
#2454 = CARTESIAN_POINT ( 'NONE',  ( 0.06389204376496476767, 4.955374232978067894, 7.088977022501594227 ) ) ;
#2455 = CARTESIAN_POINT ( 'NONE',  ( 7.413563323830678620, 7.130151297205175709, 0.4202374631100743163 ) ) ;
#2456 = EDGE_CURVE ( 'NONE', #3710, #2893, #1355, .T. ) ;
#2457 = CARTESIAN_POINT ( 'NONE',  ( 7.823137925641798773, -8.890501628655608002, -0.5765023941242377603 ) ) ;
#2458 = VERTEX_POINT ( 'NONE', #948 ) ;
#2459 = CARTESIAN_POINT ( 'NONE',  ( 7.413572568327793988, -6.990473734538355188, -1.466421950641373595 ) ) ;
#2460 = CARTESIAN_POINT ( 'NONE',  ( 42.31737018592016142, 0.01082631754176530993, 0.006301780645850577761 ) ) ;
#2461 = CARTESIAN_POINT ( 'NONE',  ( 7.413576133558274606, -5.410382177182238905, -4.663164210370094764 ) ) ;
#2462 = CARTESIAN_POINT ( 'NONE',  ( 7.413563323830679508, -7.023531466673828660, 1.298330767978794098 ) ) ;
#2463 = CARTESIAN_POINT ( 'NONE',  ( 7.413573966487540190, -2.338817188040061001, -6.748861871915557309 ) ) ;
#2464 = ORIENTED_EDGE ( 'NONE', *, *, #884, .F. ) ;
#2465 = CARTESIAN_POINT ( 'NONE',  ( 7.413567691083505551, 3.764225617198311724, -6.069996702557153512 ) ) ;
#2466 = CARTESIAN_POINT ( 'NONE',  ( 0.2316618868593379177, 0.08132103766136297707, 9.371791410258499155 ) ) ;
#2467 = DIRECTION ( 'NONE',  ( 0.000000000000000000, 0.000000000000000000, 1.000000000000000000 ) ) ;
#2468 = EDGE_CURVE ( 'NONE', #3815, #1204, #2505, .T. ) ;
#2469 = CARTESIAN_POINT ( 'NONE',  ( 0.05906383553393920738, 4.402427817961134693, 7.445380551968957761 ) ) ;
#2470 = ORIENTED_EDGE ( 'NONE', *, *, #2210, .F. ) ;
#2471 = CARTESIAN_POINT ( 'NONE',  ( 7.413575863646961750, 3.970416326874722568, 5.937217492681540421 ) ) ;
#2472 = CARTESIAN_POINT ( 'NONE',  ( 0.06387312902083898403, 5.119892971965080974, 6.970983828572605567 ) ) ;
#2473 = ADVANCED_FACE ( 'NONE', ( #4001 ), #2496, .F. ) ;
#2474 = CARTESIAN_POINT ( 'NONE',  ( 0.06377903728224881830, 8.627328128116229067, -0.6062641491147029438 ) ) ;
#2475 = CARTESIAN_POINT ( 'NONE',  ( 0.1176192779148814427, 8.834737820557457155, 0.9006872074540618334 ) ) ;
#2476 = ORIENTED_EDGE ( 'NONE', *, *, #1435, .T. ) ;
#2477 = CARTESIAN_POINT ( 'NONE',  ( 0.2345154032233199293, 8.746512218578653020, -3.400983262841017041 ) ) ;
#2478 = FACE_OUTER_BOUND ( 'NONE', #2384, .T. ) ;
#2479 = CARTESIAN_POINT ( 'NONE',  ( 42.31691042206860232, 0.004476114071528309972, -0.01160830435209012426 ) ) ;
#2480 = DIRECTION ( 'NONE',  ( 1.000000000000000000, -0.000000000000000000, -0.000000000000000000 ) ) ;
#2481 = CARTESIAN_POINT ( 'NONE',  ( 7.413550661974126932, -6.780729821888742848, -2.244531683830624402 ) ) ;
#2482 = VERTEX_POINT ( 'NONE', #928 ) ;
#2483 = CARTESIAN_POINT ( 'NONE',  ( 0.06550413281379181829, 5.083797007094044140, -7.008775398785092037 ) ) ;
#2484 = CARTESIAN_POINT ( 'NONE',  ( 21.21242604955889988, -3.002281705084876240, -3.267403382716581373 ) ) ;
#2485 = CARTESIAN_POINT ( 'NONE',  ( 0.1074819131976425951, -8.795678972125157813, -1.240076648437185902 ) ) ;
#2486 = CARTESIAN_POINT ( 'NONE',  ( 42.31703308766501692, -0.01160958015911481636, -0.004691139297731728580 ) ) ;
#2487 = ORIENTED_EDGE ( 'NONE', *, *, #476, .F. ) ;
#2488 = CARTESIAN_POINT ( 'NONE',  ( 7.413564815081628012, 4.380919679237019970, 5.641292586080170146 ) ) ;
#2489 = CARTESIAN_POINT ( 'NONE',  ( 7.458129973201924834, 0.1393887176356555235, -7.333062322249437770 ) ) ;
#2490 = EDGE_CURVE ( 'NONE', #2679, #4031, #3358, .T. ) ;
#2491 = CARTESIAN_POINT ( 'NONE',  ( 7.458129973201925722, -3.284421403251845728, -6.557881386733035001 ) ) ;
#2492 = CARTESIAN_POINT ( 'NONE',  ( 7.413576434723043285, -2.489028089608989802, 6.694739104286157705 ) ) ;
#2493 = CARTESIAN_POINT ( 'NONE',  ( 7.413556062442729910, 0.3606265627984237554, -7.133266249442500317 ) ) ;
#2494 = EDGE_CURVE ( 'NONE', #3531, #2169, #582, .T. ) ;
#2495 = ORIENTED_EDGE ( 'NONE', *, *, #399, .F. ) ;
#2496 =( BOUNDED_SURFACE ( )  B_SPLINE_SURFACE ( 3, 1, ( 
 ( #341, #4022 ),
 ( #3749, #1579 ),
 ( #2823, #26 ),
 ( #970, #1806 ) ),
 .UNSPECIFIED., .F., .F., .T. ) 
 B_SPLINE_SURFACE_WITH_KNOTS ( ( 4, 4 ),
 ( 2, 2 ),
 ( 0.000000000000000000, 1.000000000000000000 ),
 ( 0.000000000000000000, 1.000000000000000000 ),
 .UNSPECIFIED. ) 
 GEOMETRIC_REPRESENTATION_ITEM ( )  RATIONAL_B_SPLINE_SURFACE ( (
 ( 1.000000000000000000, 1.000000000000000000),
 ( 0.8657215203422357064, 0.9127505936427622313),
 ( 0.8657215203422357064, 0.9127505936427622313),
 ( 1.000000000000000000, 1.000000000000000000) ) ) 
 REPRESENTATION_ITEM ( '' )  SURFACE ( )  );
#2497 = CARTESIAN_POINT ( 'NONE',  ( 0.8062758914853338510, 0.000000000000000000, 0.000000000000000000 ) ) ;
#2498 = CARTESIAN_POINT ( 'NONE',  ( 7.413556062442729910, 1.356954940729886427, -7.012290081853434387 ) ) ;
#2499 = CARTESIAN_POINT ( 'NONE',  ( 7.418146516826691794, -5.747065971467804957, 4.274264270883580075 ) ) ;
#2500 = CARTESIAN_POINT ( 'NONE',  ( 42.31691042206860232, 0.01209616979853640750, 0.002910498808980290820 ) ) ;
#2501 = CARTESIAN_POINT ( 'NONE',  ( 7.413576133558278158, 0.9574793643403487486, 7.078175543380521795 ) ) ;
#2502 = ORIENTED_EDGE ( 'NONE', *, *, #1517, .T. ) ;
#2503 = CARTESIAN_POINT ( 'NONE',  ( 42.31691042206860232, -0.001431245844406313795, 0.01235879696592550973 ) ) ;
#2504 = ADVANCED_FACE ( 'NONE', ( #2743 ), #559, .F. ) ;
#2505 = LINE ( 'NONE', #299, #3882 ) ;
#2506 = CARTESIAN_POINT ( 'NONE',  ( 0.06550413281379187380, 0.8424010721252854772, -8.617324702808621950 ) ) ;
#2507 = CARTESIAN_POINT ( 'NONE',  ( 0.06385427510213145808, 7.816717710896593729, 3.702082997014143562 ) ) ;
#2508 = ORIENTED_EDGE ( 'NONE', *, *, #2757, .T. ) ;
#2509 = CARTESIAN_POINT ( 'NONE',  ( 0.4166821207338480826, -2.446173536687997974, 9.947823505361119700 ) ) ;
#2510 = CIRCLE ( 'NONE', #1809, 6.917263856864157567 ) ;
#2511 = CARTESIAN_POINT ( 'NONE',  ( 0.06386368320973595525, 5.160485521933744657, 6.940752352323714902 ) ) ;
#2512 = CARTESIAN_POINT ( 'NONE',  ( 0.4998984000000070149, 5.135016463628653484E-16, -5.773502691896258199 ) ) ;
#2513 = B_SPLINE_CURVE_WITH_KNOTS ( 'NONE', 3,
 ( #1985, #1623, #1049, #1966, #1032, #2567 ),
 .UNSPECIFIED., .F., .F.,
 ( 4, 2, 4 ),
 ( 3.859874176971883884E-17, 0.001582994267025929474, 0.003165988534051820350 ),
 .UNSPECIFIED. ) ;
#2514 = VECTOR ( 'NONE', #74, 1000.000000000000114 ) ;
#2515 = CARTESIAN_POINT ( 'NONE',  ( 7.413561061157196264, -2.105725022130697344, 6.825124937493482591 ) ) ;
#2516 = CARTESIAN_POINT ( 'NONE',  ( 7.554659454625534565, -7.686165262598986025, -0.9967050517715481117 ) ) ;
#2517 = VERTEX_POINT ( 'NONE', #3438 ) ;
#2518 = CARTESIAN_POINT ( 'NONE',  ( 0.06387312902083794319, 0.7903224079551947057, -8.612973358491375464 ) ) ;
#2519 = EDGE_CURVE ( 'NONE', #297, #2733, #2513, .T. ) ;
#2520 = CARTESIAN_POINT ( 'NONE',  ( 7.969186335162198098, 9.258765751147629786, 2.282080796656531962 ) ) ;
#2521 = B_SPLINE_CURVE_WITH_KNOTS ( 'NONE', 3,
 ( #1511, #511, #3924, #1469, #553, #3002, #3596, #2139, #2079, #531, #599, #1837, #286, #4009, #223, #2058, #2708, #1757, #918, #2455, #381, #979 ),
 .UNSPECIFIED., .F., .F.,
 ( 4, 3, 3, 3, 3, 3, 3, 4 ),
 ( 9.796293115313136779E-18, 0.0001518422528443211510, 0.0003036844294303845640, 0.0004555265571827226919, 0.0006073686701617267338, 0.0007592108045165987026, 0.0008818169290298527238, 0.001004459747408503658 ),
 .UNSPECIFIED. ) ;
#2522 = CARTESIAN_POINT ( 'NONE',  ( 7.413570567084494023, -5.540356877178588491, -4.507930666910801243 ) ) ;
#2523 = CARTESIAN_POINT ( 'NONE',  ( 0.06385427510213148583, 4.617291847148006667, -7.313488243436661485 ) ) ;
#2524 = CARTESIAN_POINT ( 'NONE',  ( 0.06385449037419052565, -2.733802598117024196, -8.205659881658217358 ) ) ;
#2525 = EDGE_CURVE ( 'NONE', #1755, #2559, #3811, .T. ) ;
#2526 = ORIENTED_EDGE ( 'NONE', *, *, #664, .T. ) ;
#2527 = CARTESIAN_POINT ( 'NONE',  ( 0.6553706634321153635, 4.329740519882760985, -10.33313739012468879 ) ) ;
#2528 = CARTESIAN_POINT ( 'NONE',  ( 4.326091500877494056, 3.740299910559919727, -9.862360324630019548 ) ) ;
#2529 =( BOUNDED_SURFACE ( )  B_SPLINE_SURFACE ( 3, 1, ( 
 ( #2675, #502 ),
 ( #2943, #3914 ),
 ( #216, #827 ),
 ( #3588, #808 ) ),
 .UNSPECIFIED., .F., .F., .F. ) 
 B_SPLINE_SURFACE_WITH_KNOTS ( ( 4, 4 ),
 ( 2, 2 ),
 ( 0.000000000000000000, 1.000000000000000000 ),
 ( 0.000000000000000000, 1.000000000000000000 ),
 .UNSPECIFIED. ) 
 GEOMETRIC_REPRESENTATION_ITEM ( )  RATIONAL_B_SPLINE_SURFACE ( (
 ( 1.000000000000000000, 1.000000000000000000),
 ( 0.9935868805207672683, 0.8436843346538653865),
 ( 0.9935868805207672683, 0.8436843346538653865),
 ( 1.000000000000000000, 1.000000000000000000) ) ) 
 REPRESENTATION_ITEM ( '' )  SURFACE ( )  );
#2530 = CARTESIAN_POINT ( 'NONE',  ( 1.325613487614301089, 4.035839766002170315, 10.64163487863921276 ) ) ;
#2531 = ORIENTED_EDGE ( 'NONE', *, *, #1388, .T. ) ;
#2532 = CARTESIAN_POINT ( 'NONE',  ( 0.6547838794010201191, -6.040699669842115149, 9.432702819916913839 ) ) ;
#2533 = SURFACE_STYLE_USAGE ( .BOTH. , #447 ) ;
#2534 = CARTESIAN_POINT ( 'NONE',  ( 1.915078604103044313, -11.21749598830601791, -7.525309668161537160E-14 ) ) ;
#2535 = CARTESIAN_POINT ( 'NONE',  ( 7.413576735887796865, -2.536469857792464033, 6.677102176888048746 ) ) ;
#2536 = ORIENTED_EDGE ( 'NONE', *, *, #12, .F. ) ;
#2537 = CARTESIAN_POINT ( 'NONE',  ( 7.413556062442729022, 6.541839865062762271, 2.866682766388164438 ) ) ;
#2538 = ORIENTED_EDGE ( 'NONE', *, *, #2593, .F. ) ;
#2539 = CARTESIAN_POINT ( 'NONE',  ( 42.31737018592016142, 0.002053202152726512492, -0.01235742496410928599 ) ) ;
#2540 = PLANE ( 'NONE',  #1336 ) ;
#2541 = B_SPLINE_CURVE_WITH_KNOTS ( 'NONE', 3,
 ( #2453, #3699, #3174, #690, #3838, #2573, #2887, #1038 ),
 .UNSPECIFIED., .F., .F.,
 ( 4, 2, 2, 4 ),
 ( 0.0004800065146897958810, 0.002063914009317798295, 0.002855867756631799530, 0.003647821503945800764 ),
 .UNSPECIFIED. ) ;
#2542 = CARTESIAN_POINT ( 'NONE',  ( 0.06375423730972100411, -8.532956472117110280, -1.410520331950323003 ) ) ;
#2543 = CARTESIAN_POINT ( 'NONE',  ( 0.06377903728224926239, 7.920864674800945693, 3.472499049989470343 ) ) ;
#2544 = EDGE_CURVE ( 'NONE', #67, #506, #2278, .T. ) ;
#2545 = CARTESIAN_POINT ( 'NONE',  ( 0.7361483507723662889, -11.54496386762018645, -8.002186467881407836E-14 ) ) ;
#2546 =( BOUNDED_SURFACE ( )  B_SPLINE_SURFACE ( 3, 1, ( 
 ( #3908, #3027 ),
 ( #1153, #1822 ),
 ( #1518, #2759 ),
 ( #560, #3994 ) ),
 .UNSPECIFIED., .F., .F., .F. ) 
 B_SPLINE_SURFACE_WITH_KNOTS ( ( 4, 4 ),
 ( 2, 2 ),
 ( 0.000000000000000000, 1.000000000000000000 ),
 ( 0.000000000000000000, 1.000000000000000000 ),
 .UNSPECIFIED. ) 
 GEOMETRIC_REPRESENTATION_ITEM ( )  RATIONAL_B_SPLINE_SURFACE ( (
 ( 1.000000000000000000, 1.000000000000000000),
 ( 0.9935868805207672683, 0.8436843346538670518),
 ( 0.9935868805207672683, 0.8436843346538670518),
 ( 1.000000000000000000, 1.000000000000000000) ) ) 
 REPRESENTATION_ITEM ( '' )  SURFACE ( )  );
#2547 = EDGE_LOOP ( 'NONE', ( #1360, #1785, #1672, #278, #2846, #3491, #2281, #3901, #2097, #131, #1037, #2417, #1753, #1746, #3714, #2508, #168, #989, #3, #2100, #239, #3141, #2551, #2526, #1652, #3854, #1098, #852, #1273, #907, #2578, #2057, #3681, #2369, #1479 ) ) ;
#2548 = CARTESIAN_POINT ( 'NONE',  ( 42.32077784063513093, 0.005675518377004873556, -0.01128461218304186407 ) ) ;
#2549 = CARTESIAN_POINT ( 'NONE',  ( 0.07590485995811614706, 1.908691162771060990, -8.532985842102178253 ) ) ;
#2550 = CARTESIAN_POINT ( 'NONE',  ( 0.06377903728224926239, 5.399826581256158775, -6.755754564891081948 ) ) ;
#2551 = ORIENTED_EDGE ( 'NONE', *, *, #1456, .T. ) ;
#2552 = CARTESIAN_POINT ( 'NONE',  ( 7.458129973201924834, 6.114173795384786558, 4.050939525150729636 ) ) ;
#2553 =( LENGTH_UNIT ( ) NAMED_UNIT ( * ) SI_UNIT ( .MILLI., .METRE. ) );
#2554 = CARTESIAN_POINT ( 'NONE',  ( 0.06381431755680505580, 8.634109801901539427, -0.5056347319214391511 ) ) ;
#2555 = ORIENTED_EDGE ( 'NONE', *, *, #291, .F. ) ;
#2556 = CONICAL_SURFACE ( 'NONE', #2291, 6.917263856864157567, 1.342693698254313173 ) ;
#2557 = CARTESIAN_POINT ( 'NONE',  ( 6.147639088042814670, -1.210408699625788786, -9.968612499190239618 ) ) ;
#2558 = EDGE_CURVE ( 'NONE', #689, #2194, #1948, .T. ) ;
#2559 = VERTEX_POINT ( 'NONE', #2224 ) ;
#2560 = DIRECTION ( 'NONE',  ( 0.000000000000000000, 0.8660254037844387076, -0.4999999999999997224 ) ) ;
#2561 = CONICAL_SURFACE ( 'NONE', #814, 11.84705173494930364, 1.342693698254315393 ) ;
#2562 = CARTESIAN_POINT ( 'NONE',  ( 7.413565931491590710, 1.236355561536848002, -7.034598148842097665 ) ) ;
#2563 = CARTESIAN_POINT ( 'NONE',  ( 0.06381431755680472273, -6.798021835143331693, -5.347000811888102056 ) ) ;
#2564 = CARTESIAN_POINT ( 'NONE',  ( 0.06550413281379187380, -6.613380845895449056, -5.588480865771724204 ) ) ;
#2565 = CARTESIAN_POINT ( 'NONE',  ( 7.693106532591420965, 5.660001409124178373, 6.135217907623029987 ) ) ;
#2566 = CARTESIAN_POINT ( 'NONE',  ( 0.06384252422479799738, -8.291580958679665159, 2.460752708359614349 ) ) ;
#2567 = CARTESIAN_POINT ( 'NONE',  ( 0.7361483507723660669, -6.558286975480050351, 9.501318995376607290 ) ) ;
#2568 = LINE ( 'NONE', #3011, #45 ) ;
#2569 = CARTESIAN_POINT ( 'NONE',  ( 0.06377903728224926239, -2.492425889569469977, 8.281676160880181214 ) ) ;
#2570 = EDGE_CURVE ( 'NONE', #728, #2984, #3380, .T. ) ;
#2571 = ORIENTED_EDGE ( 'NONE', *, *, #2544, .T. ) ;
#2572 = ORIENTED_EDGE ( 'NONE', *, *, #3309, .T. ) ;
#2573 = CARTESIAN_POINT ( 'NONE',  ( 0.2345154032233230101, -2.321910719041167859, -9.092683528896873923 ) ) ;
#2574 = SURFACE_STYLE_FILL_AREA ( #423 ) ;
#2575 = CARTESIAN_POINT ( 'NONE',  ( 3.999898400000003740, 5.135016463628653484E-16, -5.773502691896258199 ) ) ;
#2576 = ORIENTED_EDGE ( 'NONE', *, *, #1357, .F. ) ;
#2577 = CARTESIAN_POINT ( 'NONE',  ( 42.31959510201222230, 0.008839244461294720745, -0.01085306573477384795 ) ) ;
#2578 = ORIENTED_EDGE ( 'NONE', *, *, #960, .T. ) ;
#2579 = ADVANCED_FACE ( 'NONE', ( #2261 ), #2921, .F. ) ;
#2580 = SHAPE_DEFINITION_REPRESENTATION ( #3107, #1756 ) ;
#2581 = VECTOR ( 'NONE', #2882, 1000.000000000000227 ) ;
#2582 = CARTESIAN_POINT ( 'NONE',  ( 0.1176192779148810125, -7.210162311211356645, -5.184340772909031614 ) ) ;
#2583 = CARTESIAN_POINT ( 'NONE',  ( 7.445848533695719418, 1.600151833347251529, -7.103489407469328221 ) ) ;
#2584 = CARTESIAN_POINT ( 'NONE',  ( 7.418146516826699788, -1.958568839167708298, -6.889275030073653383 ) ) ;
#2585 = CARTESIAN_POINT ( 'NONE',  ( 0.06387330960167605931, -8.454667666991955599, 1.823877100913978477 ) ) ;
#2586 = CARTESIAN_POINT ( 'NONE',  ( 7.413556062442729022, 6.541839865062762271, 2.866682766388164438 ) ) ;
#2587 = CARTESIAN_POINT ( 'NONE',  ( 7.458129973201925722, 1.619578346081490094, -7.153334762018506154 ) ) ;
#2588 = CARTESIAN_POINT ( 'NONE',  ( 0.1027506065886549941, -2.283393420452482392, 8.515664855728157789 ) ) ;
#2589 = ORIENTED_EDGE ( 'NONE', *, *, #2558, .F. ) ;
#2590 = EDGE_LOOP ( 'NONE', ( #1951, #1133, #157, #2307 ) ) ;
#2591 = CARTESIAN_POINT ( 'NONE',  ( 7.823544100114496302, 7.037464134464740617, 5.466133651300576268 ) ) ;
#2592 = CARTESIAN_POINT ( 'NONE',  ( 7.413550661955998322, 1.410840039223431264, 7.001839029855753793 ) ) ;
#2593 = EDGE_CURVE ( 'NONE', #2885, #807, #1600, .T. ) ;
#2594 = CARTESIAN_POINT ( 'NONE',  ( 7.445848533695747840, -3.253630615535916704, 6.514133516396542589 ) ) ;
#2595 = EDGE_LOOP ( 'NONE', ( #2628, #2957, #1712, #3739 ) ) ;
#2596 = CARTESIAN_POINT ( 'NONE',  ( 0.4998984000000070149, 5.000000000000001776, -2.886751345948128655 ) ) ;
#2597 = ORIENTED_EDGE ( 'NONE', *, *, #1271, .T. ) ;
#2598 = EDGE_CURVE ( 'NONE', #3628, #754, #3770, .T. ) ;
#2599 = CARTESIAN_POINT ( 'NONE',  ( 21.18798712880127155, -3.022100644763865862, -3.086275444007494873 ) ) ;
#2600 = CARTESIAN_POINT ( 'NONE',  ( 21.18798712880127155, 2.195689834414464414, 3.719829912027539542 ) ) ;
#2601 = CARTESIAN_POINT ( 'NONE',  ( 7.555968963440786723, 1.774058977657168024, -7.550486480216465068 ) ) ;
#2602 = CARTESIAN_POINT ( 'NONE',  ( 7.413573966487534861, 6.417741810742150221, -3.135249983002832863 ) ) ;
#2603 = CARTESIAN_POINT ( 'NONE',  ( 0.06389206181261215811, -8.397624496590440302, 2.070427848576808394 ) ) ;
#2604 = B_SPLINE_CURVE_WITH_KNOTS ( 'NONE', 3,
 ( #2722, #503, #545, #2327, #3571, #3590 ),
 .UNSPECIFIED., .F., .F.,
 ( 4, 2, 4 ),
 ( 4.028326325703226844E-17, 0.001582994267025924270, 0.003165988534051808207 ),
 .UNSPECIFIED. ) ;
#2605 = CARTESIAN_POINT ( 'NONE',  ( 7.413575350526961039, 6.391882770110361989, 3.187651521936980981 ) ) ;
#2606 = FACE_OUTER_BOUND ( 'NONE', #14, .T. ) ;
#2607 = FACE_OUTER_BOUND ( 'NONE', #1430, .T. ) ;
#2608 = ORIENTED_EDGE ( 'NONE', *, *, #2570, .F. ) ;
#2609 = ORIENTED_EDGE ( 'NONE', *, *, #3333, .T. ) ;
#2610 = CARTESIAN_POINT ( 'NONE',  ( 3.999898400000003740, 5.135016463628653484E-16, -5.773502691896258199 ) ) ;
#2611 = CARTESIAN_POINT ( 'NONE',  ( 0.06382857904819162764, 8.636855022247768687, 0.4547236828951040088 ) ) ;
#2612 = EDGE_LOOP ( 'NONE', ( #1667, #360, #1865, #2432, #1397, #1767, #3456, #2286, #139, #887, #634, #1878, #3176, #1404, #914, #1234, #1306, #1939, #3782, #844, #3816, #332, #501, #3080, #1804, #3318, #288, #1349, #1423, #3512, #2597, #2821, #3524, #795, #3323, #3823, #2657, #435 ) ) ;
#2613 = EDGE_CURVE ( 'NONE', #694, #3020, #1585, .T. ) ;
#2614 = CARTESIAN_POINT ( 'NONE',  ( 7.554659454625534565, 3.657487177307209514, -6.833252882196268807 ) ) ;
#2615 = ORIENTED_EDGE ( 'NONE', *, *, #2222, .T. ) ;
#2616 = B_SPLINE_CURVE_WITH_KNOTS ( 'NONE', 3,
 ( #1954, #2306, #1057, #3552, #2328, #425, #448, #791 ),
 .UNSPECIFIED., .F., .F.,
 ( 4, 2, 2, 4 ),
 ( 0.0003971953635618544307, 0.001705102816264087578, 0.002359056542615203637, 0.003013010268966319696 ),
 .UNSPECIFIED. ) ;
#2617 = CARTESIAN_POINT ( 'NONE',  ( 0.06381443886812739053, -3.534135528006470128, 7.893885763324562710 ) ) ;
#2618 = AXIS2_PLACEMENT_3D ( 'NONE', #1816, #854, #3636 ) ;
#2619 = DIRECTION ( 'NONE',  ( 1.000000000000000000, 0.000000000000000000, 0.000000000000000000 ) ) ;
#2620 = ADVANCED_FACE ( 'NONE', ( #804 ), #478, .T. ) ;
#2621 = CARTESIAN_POINT ( 'NONE',  ( 0.06382857904819119743, -6.163241237181511067, -6.067659825288288289 ) ) ;
#2622 = CARTESIAN_POINT ( 'NONE',  ( 42.31703308766501692, -0.008099691572250232452, 0.009549038475995377806 ) ) ;
#2623 = CARTESIAN_POINT ( 'NONE',  ( 7.507077051279994251, 7.014523574171174225, 2.779934624559496914 ) ) ;
#2624 = CARTESIAN_POINT ( 'NONE',  ( 0.06389204376496476767, -3.114876818534690450, -8.068882910277839215 ) ) ;
#2625 = CARTESIAN_POINT ( 'NONE',  ( 0.7361483507723657338, 8.641529542160698796, 7.655727129190238678 ) ) ;
#2626 = LINE ( 'NONE', #783, #248 ) ;
#2627 = CARTESIAN_POINT ( 'NONE',  ( -0.0001015999999968075426, 0.2500000000000022204, 6.206515393788481383 ) ) ;
#2628 = ORIENTED_EDGE ( 'NONE', *, *, #2381, .T. ) ;
#2629 = EDGE_CURVE ( 'NONE', #53, #2192, #2626, .T. ) ;
#2630 = ORIENTED_EDGE ( 'NONE', *, *, #865, .F. ) ;
#2631 = CARTESIAN_POINT ( 'NONE',  ( 0.3471135949763390349, -9.195503508549684568, -3.584608985507537149 ) ) ;
#2632 = CARTESIAN_POINT ( 'NONE',  ( 0.06379792852514830359, -6.828915401422325893, 5.307375113207898565 ) ) ;
#2633 = B_SPLINE_CURVE_WITH_KNOTS ( 'NONE', 3,
 ( #615, #4030, #3099, #1569, #2794, #2493 ),
 .UNSPECIFIED., .F., .F.,
 ( 4, 2, 4 ),
 ( 1.788112030672749005E-18, 0.0001623297608600666661, 0.0003246595217201314891 ),
 .UNSPECIFIED. ) ;
#2634 = CARTESIAN_POINT ( 'NONE',  ( 0.06388967118332744555, 8.648629190669733902, -0.1018103279985287102 ) ) ;
#2635 = VERTEX_POINT ( 'NONE', #1765 ) ;
#2636 = CARTESIAN_POINT ( 'NONE',  ( 42.31828303470383901, 0.01241233960209003027, -0.006362973154447490454 ) ) ;
#2637 = EDGE_LOOP ( 'NONE', ( #3957, #786, #1978, #2630 ) ) ;
#2638 = CARTESIAN_POINT ( 'NONE',  ( 0.06389204376496521176, -3.019140306594901180, 8.105190980076445229 ) ) ;
#2639 = DIRECTION ( 'NONE',  ( 0.000000000000000000, -0.8660254037844387076, 0.4999999999999998335 ) ) ;
#2640 = CARTESIAN_POINT ( 'NONE',  ( 0.7393912915810846309, 11.55893345877961131, -3.560546430769031545 ) ) ;
#2641 = AXIS2_PLACEMENT_3D ( 'NONE', #2022, #1351, #2639 ) ;
#2642 = CARTESIAN_POINT ( 'NONE',  ( 42.31828303470386743, 0.01241233960208927740, 0.006362973154446909321 ) ) ;
#2643 = CARTESIAN_POINT ( 'NONE',  ( 0.07590485995811614706, 7.301649146796745704, 4.810495720135181230 ) ) ;
#2644 = EDGE_CURVE ( 'NONE', #1052, #4025, #2717, .T. ) ;
#2645 = VECTOR ( 'NONE', #1261, 1000.000000000000000 ) ;
#2646 = CARTESIAN_POINT ( 'NONE',  ( 0.06382842314804795802, -8.276898805182067775, 2.508978448556138385 ) ) ;
#2647 = CARTESIAN_POINT ( 'NONE',  ( 0.4021422169983500661, -6.549880640395448594, -7.697384070443408000 ) ) ;
#2648 = CARTESIAN_POINT ( 'NONE',  ( 7.458129973201924834, 4.758385826851518452, -5.581307782179459664 ) ) ;
#2649 = EDGE_CURVE ( 'NONE', #486, #1092, #3761, .T. ) ;
#2650 = EDGE_LOOP ( 'NONE', ( #2904, #1058, #1647, #1297 ) ) ;
#2651 = VERTEX_POINT ( 'NONE', #3933 ) ;
#2652 = CARTESIAN_POINT ( 'NONE',  ( 0.1768972933276629078, -8.590103665303134406, -3.110613587869626606 ) ) ;
#2653 = CARTESIAN_POINT ( 'NONE',  ( 0.2361091061329866625, -2.348784034381139030, 9.092795335704964899 ) ) ;
#2654 = LINE ( 'NONE', #2034, #3414 ) ;
#2655 = EDGE_CURVE ( 'NONE', #1278, #2048, #1701, .T. ) ;
#2656 = CARTESIAN_POINT ( 'NONE',  ( 7.458129973201925722, 4.758385826851439404, 5.581307782179528054 ) ) ;
#2657 = ORIENTED_EDGE ( 'NONE', *, *, #3329, .T. ) ;
#2658 = CARTESIAN_POINT ( 'NONE',  ( 7.413550661955987664, 6.046542448839942629, -3.802044690776796187 ) ) ;
#2659 = ORIENTED_EDGE ( 'NONE', *, *, #3161, .T. ) ;
#2660 =( BOUNDED_SURFACE ( )  B_SPLINE_SURFACE ( 3, 1, ( 
 ( #3024, #1567 ),
 ( #3466, #3445 ),
 ( #1798, #363 ),
 ( #1473, #978 ) ),
 .UNSPECIFIED., .F., .F., .F. ) 
 B_SPLINE_SURFACE_WITH_KNOTS ( ( 4, 4 ),
 ( 2, 2 ),
 ( 0.000000000000000000, 1.000000000000000000 ),
 ( 0.000000000000000000, 1.000000000000000000 ),
 .UNSPECIFIED. ) 
 GEOMETRIC_REPRESENTATION_ITEM ( )  RATIONAL_B_SPLINE_SURFACE ( (
 ( 1.000000000000000000, 1.000000000000000000),
 ( 0.9252601129038625638, 0.9983486437855759732),
 ( 0.9252601129038625638, 0.9983486437855759732),
 ( 1.000000000000000000, 1.000000000000000000) ) ) 
 REPRESENTATION_ITEM ( '' )  SURFACE ( )  );
#2661 = CARTESIAN_POINT ( 'NONE',  ( 0.2866314039218185727, 2.055134527913716032E-15, 9.608583175785918584 ) ) ;
#2662 =( NAMED_UNIT ( * ) PLANE_ANGLE_UNIT ( ) SI_UNIT ( $, .RADIAN. ) );
#2663 = CARTESIAN_POINT ( 'NONE',  ( 42.31691042206860232, -0.001567997264343503477, 0.01234219233730780678 ) ) ;
#2664 = CARTESIAN_POINT ( 'NONE',  ( 0.6547838794010200081, 10.96179197312907938, 2.303269790524306693 ) ) ;
#2665 = ORIENTED_EDGE ( 'NONE', *, *, #494, .T. ) ;
#2666 = LINE ( 'NONE', #1390, #290 ) ;
#2667 = CARTESIAN_POINT ( 'NONE',  ( 0.06384252422479871902, -3.442250693376880388, -7.934515035588797005 ) ) ;
#2668 = B_SPLINE_CURVE_WITH_KNOTS ( 'NONE', 3,
 ( #1615, #2876, #1026, #2196, #81, #941, #3806, #2256 ),
 .UNSPECIFIED., .F., .F.,
 ( 4, 2, 2, 4 ),
 ( 0.0003971953635618629417, 0.001705102816264091048, 0.002359056542615207541, 0.003013010268966324033 ),
 .UNSPECIFIED. ) ;
#2669 = DIRECTION ( 'NONE',  ( 0.000000000000000000, -0.8660254037844387076, 0.4999999999999998335 ) ) ;
#2670 = EDGE_CURVE ( 'NONE', #2458, #764, #326, .T. ) ;
#2671 = CARTESIAN_POINT ( 'NONE',  ( 7.418134328448550363, 7.136058628564287076, -0.6115709642308110316 ) ) ;
#2672 = FACE_OUTER_BOUND ( 'NONE', #2104, .T. ) ;
#2673 = ORIENTED_EDGE ( 'NONE', *, *, #1357, .T. ) ;
#2674 = EDGE_CURVE ( 'NONE', #833, #819, #906, .T. ) ;
#2675 = CARTESIAN_POINT ( 'NONE',  ( 42.31691042206860232, 0.009358050196699496670, 0.008198489106423964903 ) ) ;
#2676 = CARTESIAN_POINT ( 'NONE',  ( 7.458129973201924834, 6.114173795384841625, -4.050939525150645260 ) ) ;
#2677 = CARTESIAN_POINT ( 'NONE',  ( 7.413556062442729910, 4.460297618939164543, -5.578466102228900603 ) ) ;
#2678 = CARTESIAN_POINT ( 'NONE',  ( 7.596506484918224444, 2.796324390332103387E-15, -7.930470405122845179 ) ) ;
#2679 = VERTEX_POINT ( 'NONE', #1130 ) ;
#2680 = CARTESIAN_POINT ( 'NONE',  ( 0.06382857904818230177, 0.5896495969557138395, 8.628693508053357775 ) ) ;
#2681 = ORIENTED_EDGE ( 'NONE', *, *, #3955, .F. ) ;
#2682 = CARTESIAN_POINT ( 'NONE',  ( 0.06381431755680472273, 7.410144373731186285, -4.460188215073167761 ) ) ;
#2683 = EDGE_CURVE ( 'NONE', #2444, #4025, #853, .T. ) ;
#2684 = CARTESIAN_POINT ( 'NONE',  ( 0.06377903728224926239, -6.055620337736852932, 6.174771993675157056 ) ) ;
#2685 = ORIENTED_EDGE ( 'NONE', *, *, #2751, .F. ) ;
#2686 = CARTESIAN_POINT ( 'NONE',  ( 0.7361483507723703967, -10.22255782253283307, -5.365212229691227463 ) ) ;
#2687 = CARTESIAN_POINT ( 'NONE',  ( 7.434426509969020991, -7.156814272671359056, -1.042872588272221845 ) ) ;
#2688 =( BOUNDED_SURFACE ( )  B_SPLINE_SURFACE ( 3, 1, ( 
 ( #1387, #3865 ),
 ( #3229, #144 ),
 ( #2622, #683 ),
 ( #665, #1083 ) ),
 .UNSPECIFIED., .F., .F., .T. ) 
 B_SPLINE_SURFACE_WITH_KNOTS ( ( 4, 4 ),
 ( 2, 2 ),
 ( 0.000000000000000000, 1.000000000000000000 ),
 ( 0.000000000000000000, 1.000000000000000000 ),
 .UNSPECIFIED. ) 
 GEOMETRIC_REPRESENTATION_ITEM ( )  RATIONAL_B_SPLINE_SURFACE ( (
 ( 1.000000000000000000, 1.000000000000000000),
 ( 0.9935868805207672683, 0.8436843346538670518),
 ( 0.9935868805207672683, 0.8436843346538670518),
 ( 1.000000000000000000, 1.000000000000000000) ) ) 
 REPRESENTATION_ITEM ( '' )  SURFACE ( )  );
#2689 = VECTOR ( 'NONE', #1975, 1000.000000000000000 ) ;
#2690 = CARTESIAN_POINT ( 'NONE',  ( 7.458129973201924834, 4.758385826851518452, -5.581307782179459664 ) ) ;
#2691 = B_SPLINE_CURVE_WITH_KNOTS ( 'NONE', 3,
 ( #1605, #2847, #54, #1303, #3154, #708, #997 ),
 .UNSPECIFIED., .F., .F.,
 ( 4, 3, 4 ),
 ( 7.606455139546186431E-05, 0.001911412324149127815, 0.007582950371462357161 ),
 .UNSPECIFIED. ) ;
#2692 = CARTESIAN_POINT ( 'NONE',  ( 0.7361483507723656228, 8.641529542160803601, -7.655727129190117886 ) ) ;
#2693 = B_SPLINE_CURVE_WITH_KNOTS ( 'NONE', 3,
 ( #3029, #3996, #3413, #2443, #2147, #2163 ),
 .UNSPECIFIED., .F., .F.,
 ( 4, 2, 4 ),
 ( 0.000000000000000000, 0.0001965022614975652025, 0.0003930045229951304050 ),
 .UNSPECIFIED. ) ;
#2694 = AXIS2_PLACEMENT_3D ( 'NONE', #1257, #3053, #3696 ) ;
#2695 = CARTESIAN_POINT ( 'NONE',  ( 0.1176192779148814427, -6.015630120710512507, -6.532688883948182479 ) ) ;
#2696 = CARTESIAN_POINT ( 'NONE',  ( 7.487014259999319243, 9.388806077549618934, -2.314132858416010574 ) ) ;
#2697 =( GEOMETRIC_REPRESENTATION_CONTEXT ( 3 ) GLOBAL_UNCERTAINTY_ASSIGNED_CONTEXT ( ( #752 ) ) GLOBAL_UNIT_ASSIGNED_CONTEXT ( ( #1427, #2662, #1695 ) ) REPRESENTATION_CONTEXT ( 'NONE', 'WORKASPACE' ) );
#2698 = VERTEX_POINT ( 'NONE', #520 ) ;
#2699 = CARTESIAN_POINT ( 'NONE',  ( 42.31691042206860232, 0.01206320267417736007, -0.003044251690287796963 ) ) ;
#2700 = CARTESIAN_POINT ( 'NONE',  ( 7.902356314355742484, -8.041455104271690857, 4.578257793100441120 ) ) ;
#2701 = MECHANICAL_DESIGN_GEOMETRIC_PRESENTATION_REPRESENTATION (  '', ( #2433 ), #2697 ) ;
#2702 = CARTESIAN_POINT ( 'NONE',  ( 42.31737018592016142, 0.01133631313033077112, 0.005330065237373730197 ) ) ;
#2703 = EDGE_CURVE ( 'NONE', #1227, #1693, #3415, .T. ) ;
#2704 = DIRECTION ( 'NONE',  ( 1.000000000000000000, -0.000000000000000000, -0.000000000000000000 ) ) ;
#2705 = VERTEX_POINT ( 'NONE', #1393 ) ;
#2706 = CARTESIAN_POINT ( 'NONE',  ( 42.31691042206860232, -0.007124095398889538147, -0.01019978391239838300 ) ) ;
#2707 = ORIENTED_EDGE ( 'NONE', *, *, #2570, .T. ) ;
#2708 = CARTESIAN_POINT ( 'NONE',  ( 7.413570530636544476, 7.136345832156892222, 0.2977711867718379479 ) ) ;
#2709 = DIRECTION ( 'NONE',  ( 0.9796399030715338130, -0.1252282971886514440, 0.1569188767906101178 ) ) ;
#2710 = FACE_OUTER_BOUND ( 'NONE', #3941, .T. ) ;
#2711 = ORIENTED_EDGE ( 'NONE', *, *, #1715, .T. ) ;
#2712 = CARTESIAN_POINT ( 'NONE',  ( 6.147639088042814670, -10.04182873679598487, -6.953636318792165400E-14 ) ) ;
#2713 = CARTESIAN_POINT ( 'NONE',  ( 0.06379785914325748764, -3.580412726762367548, -7.872924291917186679 ) ) ;
#2714 = EDGE_CURVE ( 'NONE', #3894, #1080, #1389, .T. ) ;
#2715 = CONICAL_SURFACE ( 'NONE', #184, 11.84705173494930364, 1.342693698254315393 ) ;
#2716 = CARTESIAN_POINT ( 'NONE',  ( 7.969186335162196322, -1.149420971344708109, 9.466333367662784326 ) ) ;
#2717 = LINE ( 'NONE', #3565, #580 ) ;
#2718 = DIRECTION ( 'NONE',  ( -0.9785289697799391950, 0.2050689163906629087, -0.02068320168083375918 ) ) ;
#2719 = VECTOR ( 'NONE', #1989, 1000.000000000000000 ) ;
#2720 = EDGE_LOOP ( 'NONE', ( #3999, #3606, #2464, #2130 ) ) ;
#2721 = CARTESIAN_POINT ( 'NONE',  ( 7.413563323830681284, 4.396236242785419357, -5.629277390931961556 ) ) ;
#2722 = CARTESIAN_POINT ( 'NONE',  ( 0.1176192779148810125, 7.404201622211673772, -4.903226299213380379 ) ) ;
#2723 = CARTESIAN_POINT ( 'NONE',  ( 42.31718733146613687, 0.01253533795142974805, 0.0006159571521093657777 ) ) ;
#2724 = CARTESIAN_POINT ( 'NONE',  ( 42.31691042206860232, 0.01206320267417707731, 0.003044251690287000725 ) ) ;
#2725 = B_SPLINE_CURVE_WITH_KNOTS ( 'NONE', 3,
 ( #2294, #2356, #820, #3539, #760, #1698, #2024, #166, #3581, #3640, #1493, #3137, #880, #3661, #11, #2123, #3777, #2811, #1587, #2189, #2831, #3096, #1915, #858, #1262 ),
 .UNSPECIFIED., .F., .F.,
 ( 4, 3, 3, 3, 3, 3, 3, 3, 4 ),
 ( 2.168404344971008868E-18, 0.0001518396426109999968, 0.0003036792827425933397, 0.0004555189212204432698, 0.0006073585588422204459, 0.0007591981963891910332, 0.0009110378346411189803, 0.001062271348283227177, 0.001213553284518156892 ),
 .UNSPECIFIED. ) ;
#2726 = ORIENTED_EDGE ( 'NONE', *, *, #811, .F. ) ;
#2727 = CARTESIAN_POINT ( 'NONE',  ( 42.31691042206860232, 0.004476114071528309972, -0.01160830435209012426 ) ) ;
#2728 = ADVANCED_FACE ( 'NONE', ( #294 ), #3028, .T. ) ;
#2729 = ORIENTED_EDGE ( 'NONE', *, *, #2270, .F. ) ;
#2730 = CARTESIAN_POINT ( 'NONE',  ( 0.06387312902083867872, 7.537292409921331426, -4.242303938892230342 ) ) ;
#2731 = CARTESIAN_POINT ( 'NONE',  ( 0.08894703500304461385, 5.647554604793707078, 6.692759018946015104 ) ) ;
#2732 = CARTESIAN_POINT ( 'NONE',  ( 42.31691042206860232, -0.01098413081292478471, -0.005842704630275651762 ) ) ;
#2733 = VERTEX_POINT ( 'NONE', #255 ) ;
#2734 = CARTESIAN_POINT ( 'NONE',  ( 7.969186335162199875, -9.535860527351104565, -6.343758518970218284E-14 ) ) ;
#2735 = CARTESIAN_POINT ( 'NONE',  ( 7.413576133558279935, -6.957735963476912033, -1.614696881333385958 ) ) ;
#2736 = DIRECTION ( 'NONE',  ( -1.000000000000000000, -0.000000000000000000, -0.000000000000000000 ) ) ;
#2737 = DIRECTION ( 'NONE',  ( -0.000000000000000000, 0.4999999999999998335, 0.8660254037844387076 ) ) ;
#2738 = CARTESIAN_POINT ( 'NONE',  ( 0.7361483507723708408, -1.391591618270474839, -11.46078808252796399 ) ) ;
#2739 = CARTESIAN_POINT ( 'NONE',  ( 7.413576735887799529, -2.529162793913686258, -6.679873380684365536 ) ) ;
#2740 = ORIENTED_EDGE ( 'NONE', *, *, #2435, .T. ) ;
#2741 = ORIENTED_EDGE ( 'NONE', *, *, #1795, .F. ) ;
#2742 = CARTESIAN_POINT ( 'NONE',  ( 7.413568538372651062, 4.331531929136798631, -5.679243617683539469 ) ) ;
#2743 = FACE_OUTER_BOUND ( 'NONE', #542, .T. ) ;
#2744 = CARTESIAN_POINT ( 'NONE',  ( 0.000000000000000000, 0.000000000000000000, 0.000000000000000000 ) ) ;
#2745 = CARTESIAN_POINT ( 'NONE',  ( 0.06550413281379181829, -8.452954474785016714, 1.874962732207084759 ) ) ;
#2746 = B_SPLINE_CURVE_WITH_KNOTS ( 'NONE', 3,
 ( #1323, #3799, #1018, #2248, #1952, #1134 ),
 .UNSPECIFIED., .F., .F.,
 ( 4, 2, 4 ),
 ( 0.0006290234720324311933, 0.001621658159470999771, 0.002614292846909568348 ),
 .UNSPECIFIED. ) ;
#2747 = VERTEX_POINT ( 'NONE', #3374 ) ;
#2748 = CARTESIAN_POINT ( 'NONE',  ( 0.4166821207338475830, 10.16880164754408966, 1.240334841207198169 ) ) ;
#2749 = CARTESIAN_POINT ( 'NONE',  ( 0.06386368320973598300, 1.343854551150247545, 8.543928193970719676 ) ) ;
#2750 = CARTESIAN_POINT ( 'NONE',  ( 0.06377903728224926239, 7.920864674800994543, -3.472499049989362874 ) ) ;
#2751 = EDGE_CURVE ( 'NONE', #2747, #442, #272, .T. ) ;
#2752 = CARTESIAN_POINT ( 'NONE',  ( 7.647656735037469566, -7.593844978813551805, 2.962107573987832865 ) ) ;
#2753 = CARTESIAN_POINT ( 'NONE',  ( 7.647656735037470455, 2.025173610611066266, 7.895519912520802208 ) ) ;
#2754 = ORIENTED_EDGE ( 'NONE', *, *, #992, .F. ) ;
#2755 = DIRECTION ( 'NONE',  ( 0.000000000000000000, 0.8660254037844388186, -0.4999999999999997780 ) ) ;
#2756 = B_SPLINE_CURVE_WITH_KNOTS ( 'NONE', 3,
 ( #2108, #2542, #1573, #353, #963, #1595 ),
 .UNSPECIFIED., .F., .F.,
 ( 4, 2, 4 ),
 ( 0.000000000000000000, 0.0001965022614975654735, 0.0003930045229951309471 ),
 .UNSPECIFIED. ) ;
#2757 = EDGE_CURVE ( 'NONE', #86, #833, #537, .T. ) ;
#2758 = CARTESIAN_POINT ( 'NONE',  ( 0.05906383553393916575, -8.232465083027319608, -2.653597730013283140 ) ) ;
#2759 = CARTESIAN_POINT ( 'NONE',  ( 0.05677524173679951436, -5.953744739684498022, 6.276352608366351227 ) ) ;
#2760 = CARTESIAN_POINT ( 'NONE',  ( 7.413575863646954645, -6.959323825116472406, 1.607037417511894661 ) ) ;
#2761 = CARTESIAN_POINT ( 'NONE',  ( 7.413563323830679508, -2.135457641548732965, -6.815825533828527405 ) ) ;
#2762 = ORIENTED_EDGE ( 'NONE', *, *, #3371, .F. ) ;
#2763 = CARTESIAN_POINT ( 'NONE',  ( 7.413575350526948604, 3.934866283049378577, -5.961049815817853315 ) ) ;
#2764 = CARTESIAN_POINT ( 'NONE',  ( 0.06389207986025957631, -6.507116789769456844, 5.697961283509322961 ) ) ;
#2765 = CARTESIAN_POINT ( 'NONE',  ( 42.31647246991754940, -0.003640930965277702942, 0.01252313595221179326 ) ) ;
#2766 = EDGE_CURVE ( 'NONE', #2011, #1735, #3351, .T. ) ;
#2767 = CARTESIAN_POINT ( 'NONE',  ( 42.31737018592016142, 0.0009637855344575217394, -0.01248970409045547202 ) ) ;
#2768 = ORIENTED_EDGE ( 'NONE', *, *, #2228, .T. ) ;
#2769 =( GEOMETRIC_REPRESENTATION_CONTEXT ( 3 ) GLOBAL_UNCERTAINTY_ASSIGNED_CONTEXT ( ( #177 ) ) GLOBAL_UNIT_ASSIGNED_CONTEXT ( ( #1737, #3884, #431 ) ) REPRESENTATION_CONTEXT ( 'NONE', 'WORKASPACE' ) );
#2770 = CARTESIAN_POINT ( 'NONE',  ( 1.325613487614299313, -6.465275517329609478, -9.366568634891507372 ) ) ;
#2771 = CARTESIAN_POINT ( 'NONE',  ( 0.06388035843267103608, 4.745835789333060717, 7.230871381919965479 ) ) ;
#2772 = CARTESIAN_POINT ( 'NONE',  ( 0.1027505222336368568, -5.979271040615861565, -6.479100621548627537 ) ) ;
#2773 = CARTESIAN_POINT ( 'NONE',  ( 7.413550661955987664, 6.563849042715415472, 2.816399325509659324 ) ) ;
#2774 = VERTEX_POINT ( 'NONE', #640 ) ;
#2775 = CARTESIAN_POINT ( 'NONE',  ( 7.413567691083505551, -7.010358309727079629, -1.367161598154076785 ) ) ;
#2776 = CARTESIAN_POINT ( 'NONE',  ( 7.555968963440785835, -1.938034815929081889, -7.510070066010324119 ) ) ;
#2777 = B_SPLINE_CURVE_WITH_KNOTS ( 'NONE', 3,
 ( #777, #162, #2617, #430, #3862, #1653, #1405, #2894, #1676, #3845, #2021, #122, #2352, #2638, #1062, #2290, #3246, #1101, #3535, #490, #3577, #1123, #716, #1959, #3180 ),
 .UNSPECIFIED., .F., .F.,
 ( 4, 3, 3, 3, 3, 3, 3, 3, 4 ),
 ( 2.776912483567713316E-18, 0.0001518396426109998071, 0.0003036792827425918761, 0.0004555189212204428903, 0.0006073585588422191449, 0.0007591981963891898406, 0.0009110378346411202814, 0.001062271348283228695, 0.001213553284518156892 ),
 .UNSPECIFIED. ) ;
#2778 = LINE ( 'NONE', #3707, #1224 ) ;
#2779 = CARTESIAN_POINT ( 'NONE',  ( 21.21242604955889988, 4.119698999146772955, -1.648544951920992929 ) ) ;
#2780 = EDGE_CURVE ( 'NONE', #2309, #750, #1882, .T. ) ;
#2781 = CARTESIAN_POINT ( 'NONE',  ( 7.413564815081629789, -2.903568432677652300, -6.525789579387857309 ) ) ;
#2782 = ORIENTED_EDGE ( 'NONE', *, *, #32, .T. ) ;
#2783 = CARTESIAN_POINT ( 'NONE',  ( 7.413573966487537525, 4.225604840156931274, -5.758599321024991724 ) ) ;
#2784 = CARTESIAN_POINT ( 'NONE',  ( 0.1176192779148814427, -7.210162311211428587, 5.184340772908932138 ) ) ;
#2785 = EDGE_CURVE ( 'NONE', #1564, #2747, #3686, .T. ) ;
#2786 = CARTESIAN_POINT ( 'NONE',  ( 42.31691042206860232, -0.007124095398888697674, 0.01019978391239839688 ) ) ;
#2787 = AXIS2_PLACEMENT_3D ( 'NONE', #3566, #1803, #3585 ) ;
#2788 = CARTESIAN_POINT ( 'NONE',  ( 0.05677524173679930619, 4.278710244265870877, 7.518797585750145451 ) ) ;
#2789 = AXIS2_PLACEMENT_3D ( 'NONE', #197, #3015, #237 ) ;
#2790 = ORIENTED_EDGE ( 'NONE', *, *, #2367, .T. ) ;
#2791 = CARTESIAN_POINT ( 'NONE',  ( 7.413563323830686613, 3.704538938817994786, 6.106721567029158138 ) ) ;
#2792 = CARTESIAN_POINT ( 'NONE',  ( 0.1176192779148814427, 4.277452062519723874, -7.782495336105603734 ) ) ;
#2793 = CARTESIAN_POINT ( 'NONE',  ( 7.413572568327801093, -2.298338580947131948, 6.762747676641748917 ) ) ;
#2794 = CARTESIAN_POINT ( 'NONE',  ( 7.413550661955995658, 0.3058061668834923252, -7.136014434163048037 ) ) ;
#2795 = VERTEX_POINT ( 'NONE', #3085 ) ;
#2796 =( BOUNDED_SURFACE ( )  B_SPLINE_SURFACE ( 3, 1, ( 
 ( #536, #4013 ),
 ( #2440, #3972 ),
 ( #2126, #3683 ),
 ( #3009, #2758 ) ),
 .UNSPECIFIED., .F., .F., .F. ) 
 B_SPLINE_SURFACE_WITH_KNOTS ( ( 4, 4 ),
 ( 2, 2 ),
 ( 0.000000000000000000, 1.000000000000000000 ),
 ( 0.000000000000000000, 1.000000000000000000 ),
 .UNSPECIFIED. ) 
 GEOMETRIC_REPRESENTATION_ITEM ( )  RATIONAL_B_SPLINE_SURFACE ( (
 ( 1.000000000000000000, 1.000000000000000000),
 ( 0.9252601129038625638, 0.9983486437855759732),
 ( 0.9252601129038625638, 0.9983486437855759732),
 ( 1.000000000000000000, 1.000000000000000000) ) ) 
 REPRESENTATION_ITEM ( '' )  SURFACE ( )  );
#2797 = DIRECTION ( 'NONE',  ( 0.000000000000000000, 0.8660254037844385966, 0.5000000000000000000 ) ) ;
#2798 = CARTESIAN_POINT ( 'NONE',  ( 0.1176192779148814427, 8.834737820557457155, -0.9006872074540623885 ) ) ;
#2799 = CARTESIAN_POINT ( 'NONE',  ( 0.3724389345804489659, -0.1269423092144240095, -9.978215615108794623 ) ) ;
#2800 = CARTESIAN_POINT ( 'NONE',  ( 7.413570567084489582, 1.157705704264795576, 7.048170736190185082 ) ) ;
#2801 = EDGE_CURVE ( 'NONE', #764, #3595, #1854, .T. ) ;
#2802 = ORIENTED_EDGE ( 'NONE', *, *, #3360, .F. ) ;
#2803 = CARTESIAN_POINT ( 'NONE',  ( 42.31691042206860232, -0.01104814913220509252, 0.005720727913879846034 ) ) ;
#2804 = CARTESIAN_POINT ( 'NONE',  ( 0.06385427510213145808, -6.233354034893624274, 5.995981301196751545 ) ) ;
#2805 = CARTESIAN_POINT ( 'NONE',  ( 0.05677524173679951436, 8.618433555237441368, -0.7498543484072477394 ) ) ;
#2806 = CARTESIAN_POINT ( 'NONE',  ( 0.06386389998796496159, 7.512751737002005825, 4.285234127746453403 ) ) ;
#2807 = EDGE_CURVE ( 'NONE', #2169, #262, #2239, .T. ) ;
#2808 = EDGE_LOOP ( 'NONE', ( #3219, #427, #2148, #1073 ) ) ;
#2809 = FACE_OUTER_BOUND ( 'NONE', #980, .T. ) ;
#2810 = CARTESIAN_POINT ( 'NONE',  ( 0.06388494259132553033, 5.037898463927206194, 7.030349723840190634 ) ) ;
#2811 = CARTESIAN_POINT ( 'NONE',  ( 0.06387312902083895627, -8.454912245958196237, -1.822739283535726118 ) ) ;
#2812 = CARTESIAN_POINT ( 'NONE',  ( 7.413575350526961039, -2.393953623668729769, 6.729507680348113752 ) ) ;
#2813 = CARTESIAN_POINT ( 'NONE',  ( 42.31703308766501692, -0.006056315862026593819, -0.01095947889094123912 ) ) ;
#2814 = ORIENTED_EDGE ( 'NONE', *, *, #1040, .F. ) ;
#2815 = CARTESIAN_POINT ( 'NONE',  ( 0.06375423724002872439, -8.211059150198831702, -2.716509049027206135 ) ) ;
#2816 = CARTESIAN_POINT ( 'NONE',  ( 0.1751395671028954382, 0.1386021132693958380, -9.127333168900314320 ) ) ;
#2817 = CARTESIAN_POINT ( 'NONE',  ( 7.413575350526953933, -5.443291332095598456, -4.624701833207610413 ) ) ;
#2818 = DIRECTION ( 'NONE',  ( 0.2261297074532366835, 0.000000000000000000, -0.9740972001844135919 ) ) ;
#2819 = CARTESIAN_POINT ( 'NONE',  ( 7.413575350526960150, 1.007617494292472715, 7.071208846960797878 ) ) ;
#2820 = B_SPLINE_CURVE_WITH_KNOTS ( 'NONE', 3,
 ( #2280, #3931, #1969, #1152, #3481, #2378, #1763 ),
 .UNSPECIFIED., .F., .F.,
 ( 4, 3, 4 ),
 ( 7.606455139546175589E-05, 0.001911412324149127599, 0.007582950371462353692 ),
 .UNSPECIFIED. ) ;
#2821 = ORIENTED_EDGE ( 'NONE', *, *, #1940, .T. ) ;
#2822 = CARTESIAN_POINT ( 'NONE',  ( 0.6474532217643091947, -9.822125621634738124, -5.746939722349604374 ) ) ;
#2823 = CARTESIAN_POINT ( 'NONE',  ( 42.31828303470386743, -0.01052890042446150143, -0.009148544016048696867 ) ) ;
#2824 = CARTESIAN_POINT ( 'NONE',  ( 0.4998984000000071259, 5.000000000000000888, 2.886751345948128655 ) ) ;
#2825 =( BOUNDED_SURFACE ( )  B_SPLINE_SURFACE ( 3, 1, ( 
 ( #930, #3399 ),
 ( #282, #1868 ),
 ( #4023, #2805 ),
 ( #1889, #3089 ) ),
 .UNSPECIFIED., .F., .F., .F. ) 
 B_SPLINE_SURFACE_WITH_KNOTS ( ( 4, 4 ),
 ( 2, 2 ),
 ( 0.000000000000000000, 1.000000000000000000 ),
 ( 0.000000000000000000, 1.000000000000000000 ),
 .UNSPECIFIED. ) 
 GEOMETRIC_REPRESENTATION_ITEM ( )  RATIONAL_B_SPLINE_SURFACE ( (
 ( 1.000000000000000000, 1.000000000000000000),
 ( 0.9935868805207672683, 0.8436843346538670518),
 ( 0.9935868805207672683, 0.8436843346538670518),
 ( 1.000000000000000000, 1.000000000000000000) ) ) 
 REPRESENTATION_ITEM ( '' )  SURFACE ( )  );
#2826 = AXIS2_PLACEMENT_3D ( 'NONE', #1716, #737, #796 ) ;
#2827 = CARTESIAN_POINT ( 'NONE',  ( 0.06388967118332744555, 7.705294449093049280, 3.929069822918350940 ) ) ;
#2828 = ORIENTED_EDGE ( 'NONE', *, *, #1063, .T. ) ;
#2829 = CARTESIAN_POINT ( 'NONE',  ( 7.413576434723049502, 4.095733157864408724, 5.851475233211779425 ) ) ;
#2830 = LINE ( 'NONE', #3056, #2645 ) ;
#2831 = CARTESIAN_POINT ( 'NONE',  ( 0.06384252422479751166, -8.485399126298499795, -1.674401491115859120 ) ) ;
#2832 = EDGE_CURVE ( 'NONE', #3648, #3292, #3834, .T. ) ;
#2833 = CARTESIAN_POINT ( 'NONE',  ( 7.969186335162198098, 9.258765751147629786, 2.282080796656531962 ) ) ;
#2834 = CARTESIAN_POINT ( 'NONE',  ( 0.05906383553393917962, 7.921749379217362552, 3.472887707494291654 ) ) ;
#2835 = ORIENTED_EDGE ( 'NONE', *, *, #3510, .T. ) ;
#2836 = CARTESIAN_POINT ( 'NONE',  ( 0.06382857904819161377, 1.492466067500872295, -8.519071741714038026 ) ) ;
#2837 = CARTESIAN_POINT ( 'NONE',  ( 7.413564815081626236, 0.4617034688124321273, -7.127655237494017193 ) ) ;
#2838 = CARTESIAN_POINT ( 'NONE',  ( 3.999898400000003740, 5.000000000000000888, 2.886751345948128655 ) ) ;
#2839 = CARTESIAN_POINT ( 'NONE',  ( 7.361297821651286100, 0.000000000000000000, 0.000000000000000000 ) ) ;
#2840 = CARTESIAN_POINT ( 'NONE',  ( 3.999898400000003740, -4.158062588968156344E-17, 5.773502691896257311 ) ) ;
#2841 = B_SPLINE_CURVE_WITH_KNOTS ( 'NONE', 3,
 ( #3322, #3927, #878, #1491, #555, #3004, #1471 ),
 .UNSPECIFIED., .F., .F.,
 ( 4, 3, 4 ),
 ( 7.606455139545744619E-05, 0.001911412324149131935, 0.007582950371462351957 ),
 .UNSPECIFIED. ) ;
#2842 = ORIENTED_EDGE ( 'NONE', *, *, #1456, .F. ) ;
#2843 = CARTESIAN_POINT ( 'NONE',  ( 7.413576133558283487, 6.369134544769548434, 3.232871928590882238 ) ) ;
#2844 = CARTESIAN_POINT ( 'NONE',  ( 0.1176192779148810125, -8.793564953341915569, 1.239776276195220239 ) ) ;
#2845 = CARTESIAN_POINT ( 'NONE',  ( 4.326091500877489615, 3.740299910559785612, 9.862360324630072839 ) ) ;
#2846 = ORIENTED_EDGE ( 'NONE', *, *, #3778, .T. ) ;
#2847 = CARTESIAN_POINT ( 'NONE',  ( 1.325613487614302199, -10.07757865150020393, 5.289121290908564532 ) ) ;
#2848 = CLOSED_SHELL ( 'NONE', ( #2728, #3579, #3342, #1971, #3798, #1607, #2958, #1223, #1709, #1340, #571, #1810, #1836, #2331, #1912, #1124, #785, #3850, #1849, #2080, #3673, #84, #1212, #111, #158, #2086, #2110, #1658, #860, #1611, #3742, #3147, #1284, #3697, #88, #2867, #3131, #3058, #1548, #3900, #3564, #3619, #3569, #3767, #3551, #1512, #3843, #642, #2029, #947, #488, #2880, #1674, #517, #314, #1522, #3206, #1888, #2316, #1663, #2579, #652, #2504, #368, #2259, #1762, #1622, #692, #280, #1138, #723, #564, #2473, #713, #1641, #592, #738, #1090, #1233, #1192, #134, #48, #3813, #1559, #4020, #3977, #2620, #224 ) ) ;
#2849 = CARTESIAN_POINT ( 'NONE',  ( 7.413576555707940940, -5.382347919862514374, 4.695497055930768937 ) ) ;
#2850 = CARTESIAN_POINT ( 'NONE',  ( 3.999898400000003740, -5.000000000000000888, -2.886751345948129543 ) ) ;
#2851 = B_SPLINE_CURVE_WITH_KNOTS ( 'NONE', 3,
 ( #492, #2015, #2909, #155, #2250, #3485 ),
 .UNSPECIFIED., .F., .F.,
 ( 4, 2, 4 ),
 ( 1.226634733346699156E-18, 0.0001623297608600662596, 0.0003246595217201313265 ),
 .UNSPECIFIED. ) ;
#2852 = CARTESIAN_POINT ( 'NONE',  ( 0.6547838794010200081, 8.635801911439088485, 7.133642851761231363 ) ) ;
#2853 = EDGE_CURVE ( 'NONE', #3607, #1523, #391, .T. ) ;
#2854 = CARTESIAN_POINT ( 'NONE',  ( 21.18798712880127155, 2.195689834414517261, -3.719829912027508012 ) ) ;
#2855 = ORIENTED_EDGE ( 'NONE', *, *, #1096, .F. ) ;
#2856 = CARTESIAN_POINT ( 'NONE',  ( 0.06385427510213086133, 0.6896614330619363908, -8.621534747153360101 ) ) ;
#2857 = CARTESIAN_POINT ( 'NONE',  ( 7.413556062442729022, -5.000163335600250392, 5.100186812318765917 ) ) ;
#2858 = EDGE_CURVE ( 'NONE', #2635, #2076, #1722, .T. ) ;
#2859 = FACE_OUTER_BOUND ( 'NONE', #2214, .T. ) ;
#2860 = CARTESIAN_POINT ( 'NONE',  ( 7.418146516826698011, 1.467379164760105326, -7.010342411365013682 ) ) ;
#2861 = CARTESIAN_POINT ( 'NONE',  ( 7.413563323830675067, 6.508729516797548520, -2.941444734073065170 ) ) ;
#2862 = ORIENTED_EDGE ( 'NONE', *, *, #1290, .F. ) ;
#2863 = CARTESIAN_POINT ( 'NONE',  ( 42.31959510201222230, 0.0005806443151144758058, -0.01398513963709869211 ) ) ;
#2864 = DIRECTION ( 'NONE',  ( -0.9785289697799391950, -0.05337931041032921431, 0.1990771320908769348 ) ) ;
#2865 = CYLINDRICAL_SURFACE ( 'NONE', #3553, 8.373863283346574704 ) ;
#2866 = CARTESIAN_POINT ( 'NONE',  ( 7.413556062442729022, 6.075422271475501290, 3.755367242559738639 ) ) ;
#2867 = ADVANCED_FACE ( 'NONE', ( #3829 ), #3902, .F. ) ;
#2868 = ORIENTED_EDGE ( 'NONE', *, *, #3281, .T. ) ;
#2869 = CARTESIAN_POINT ( 'NONE',  ( 7.969186335162199875, -5.416986195333258536, -7.847859361422178992 ) ) ;
#2870 = CARTESIAN_POINT ( 'NONE',  ( 0.07590485995811632747, 4.229740404072705573, -7.652727974422676382 ) ) ;
#2871 = B_SPLINE_CURVE_WITH_KNOTS ( 'NONE', 3,
 ( #2491, #1779, #2398, #346, #328, #33 ),
 .UNSPECIFIED., .F., .F.,
 ( 4, 2, 4 ),
 ( 1.563658610346375379E-18, 0.0001623297608600661240, 0.0003246595217201306760 ),
 .UNSPECIFIED. ) ;
#2872 = CARTESIAN_POINT ( 'NONE',  ( 0.6547838794010203411, -11.19447076058905743, 0.3869875713971387410 ) ) ;
#2873 = CARTESIAN_POINT ( 'NONE',  ( 42.31718733146613687, -0.008974380044533134676, -0.008773517173065492267 ) ) ;
#2874 = ORIENTED_EDGE ( 'NONE', *, *, #912, .T. ) ;
#2875 = CARTESIAN_POINT ( 'NONE',  ( 0.06386389998796467016, 1.342705032074671623, -8.544109865180280039 ) ) ;
#2876 = CARTESIAN_POINT ( 'NONE',  ( 7.901878860671767590, -4.989701396827388891, -7.790489513869975902 ) ) ;
#2877 = CARTESIAN_POINT ( 'NONE',  ( 7.413556062442729910, 3.634313081514152888, -6.148602062970605964 ) ) ;
#2878 = CARTESIAN_POINT ( 'NONE',  ( 0.05677524173679930619, -6.948235557302958831, 5.153804529675019452 ) ) ;
#2879 = CARTESIAN_POINT ( 'NONE',  ( 7.413556062442729910, 6.075422271475553693, -3.755367242559656482 ) ) ;
#2880 = ADVANCED_FACE ( 'NONE', ( #105 ), #2, .F. ) ;
#2881 = CARTESIAN_POINT ( 'NONE',  ( 0.06389204376496478155, -8.385508580201369355, 2.119569500107928661 ) ) ;
#2882 = DIRECTION ( 'NONE',  ( 0.9785289697799391950, 0.1941601722280985598, 0.06915838938094090449 ) ) ;
#2883 = CARTESIAN_POINT ( 'NONE',  ( 0.05906383553393916575, 7.358197106101003193, 4.546646852765501734 ) ) ;
#2884 = CARTESIAN_POINT ( 'NONE',  ( 42.32077784063513093, -0.01173126853466657273, -0.004683088674896257984 ) ) ;
#2885 = VERTEX_POINT ( 'NONE', #3498 ) ;
#2886 = EDGE_LOOP ( 'NONE', ( #2900, #2389, #920, #3913, #2673, #2324, #3237, #468, #806, #2342, #2609, #1833, #3114, #1612, #3362, #662, #79, #449, #3768, #1732, #1546, #2782, #3872, #3563, #1347, #1558, #2740, #1179, #324, #2531, #974, #2338, #552, #3964, #3187 ) ) ;
#2887 = CARTESIAN_POINT ( 'NONE',  ( 0.1768972933276641013, -2.319750267178500192, -8.836546642870100499 ) ) ;
#2888 = CARTESIAN_POINT ( 'NONE',  ( 7.458129973201925722, 1.619578346081389952, 7.153334762018530135 ) ) ;
#2889 = CARTESIAN_POINT ( 'NONE',  ( 0.1027505222336364127, -3.937785587186808822, 7.888236286435845734 ) ) ;
#2890 = CARTESIAN_POINT ( 'NONE',  ( 7.413556062442729910, -2.995675155433300763, 6.483785103344414935 ) ) ;
#2891 = CIRCLE ( 'NONE', #2826, 6.917263856864157567 ) ;
#2892 = CARTESIAN_POINT ( 'NONE',  ( 4.326091500877488727, -1.271396280345240326, -10.47089041543722843 ) ) ;
#2893 = VERTEX_POINT ( 'NONE', #372 ) ;
#2894 = CARTESIAN_POINT ( 'NONE',  ( 0.06387330960167530991, -3.301777219520761086, 7.994135364826602697 ) ) ;
#2895 = CARTESIAN_POINT ( 'NONE',  ( 7.413576735887808411, 0.8648295105935991378, -7.090094691730095988 ) ) ;
#2896 = CARTESIAN_POINT ( 'NONE',  ( 0.06388974337535263670, -6.406861290745697879, -5.810446282442085497 ) ) ;
#2897 = DIRECTION ( 'NONE',  ( 0.9785289697799391950, -0.004185928551962835031, -0.2060668175703419813 ) ) ;
#2898 = CARTESIAN_POINT ( 'NONE',  ( 0.4998984000000066819, 7.921382969974341712E-16, -5.773502691896258199 ) ) ;
#2899 = B_SPLINE_CURVE_WITH_KNOTS ( 'NONE', 3,
 ( #172, #233, #2405, #3871, #3308, #1436 ),
 .UNSPECIFIED., .F., .F.,
 ( 4, 2, 4 ),
 ( 2.558349574506677169E-17, 0.001307146423454784391, 0.002614292846909543194 ),
 .UNSPECIFIED. ) ;
#2900 = ORIENTED_EDGE ( 'NONE', *, *, #824, .F. ) ;
#2901 = CARTESIAN_POINT ( 'NONE',  ( 0.05677524173679930619, 1.783224435694382048, -8.465210517276604563 ) ) ;
#2902 = CARTESIAN_POINT ( 'NONE',  ( 3.999898400000003740, -5.000000000000002665, 2.886751345948127767 ) ) ;
#2903 = CARTESIAN_POINT ( 'NONE',  ( 7.413550661974128708, 6.046542545809314717, 3.802044534048582225 ) ) ;
#2904 = ORIENTED_EDGE ( 'NONE', *, *, #3186, .F. ) ;
#2905 = ORIENTED_EDGE ( 'NONE', *, *, #2853, .T. ) ;
#2906 = EDGE_CURVE ( 'NONE', #4031, #749, #732, .T. ) ;
#2907 = CARTESIAN_POINT ( 'NONE',  ( 2.504543697384071343, -6.279252470317627122, 9.097067724552770684 ) ) ;
#2908 = CARTESIAN_POINT ( 'NONE',  ( 7.413576735887809299, -5.348936623173849547, 4.733524038320958027 ) ) ;
#2909 = CARTESIAN_POINT ( 'NONE',  ( 7.434426509969022767, 4.665399962817351920, 5.526447046324242329 ) ) ;
#2910 = CARTESIAN_POINT ( 'NONE',  ( 0.4998984000000070149, 5.000000000000001776, -2.886751345948128655 ) ) ;
#2911 = ORIENTED_EDGE ( 'NONE', *, *, #3161, .F. ) ;
#2912 = ORIENTED_EDGE ( 'NONE', *, *, #2922, .T. ) ;
#2913 = VECTOR ( 'NONE', #1391, 1000.000000000000227 ) ;
#2914 = CARTESIAN_POINT ( 'NONE',  ( 0.05906383553393916575, -2.492705073990018949, -8.282601262290732791 ) ) ;
#2915 = CARTESIAN_POINT ( 'NONE',  ( 0.06382842314804833272, -6.766663206521744911, -5.386491969366364430 ) ) ;
#2916 = CARTESIAN_POINT ( 'NONE',  ( 7.823544100114496302, 2.615404574187672360, -8.518460979019392809 ) ) ;
#2917 = CARTESIAN_POINT ( 'NONE',  ( 7.413568538372643957, 6.474657155782672646, -3.015757224513107460 ) ) ;
#2918 = CARTESIAN_POINT ( 'NONE',  ( 7.413556062442729022, -5.665703797354328053, -4.348946928151230296 ) ) ;
#2919 = CARTESIAN_POINT ( 'NONE',  ( 7.413576434723057496, 6.345907735612418499, 3.277841899240297341 ) ) ;
#2920 = CARTESIAN_POINT ( 'NONE',  ( 42.31959510201222230, -0.01117970071779559628, -0.008422325709110538988 ) ) ;
#2921 =( BOUNDED_SURFACE ( )  B_SPLINE_SURFACE ( 3, 1, ( 
 ( #417, #1662 ),
 ( #724, #2901 ),
 ( #108, #2549 ),
 ( #1356, #1334 ) ),
 .UNSPECIFIED., .F., .F., .T. ) 
 B_SPLINE_SURFACE_WITH_KNOTS ( ( 4, 4 ),
 ( 2, 2 ),
 ( 0.000000000000000000, 1.000000000000000000 ),
 ( 0.000000000000000000, 1.000000000000000000 ),
 .UNSPECIFIED. ) 
 GEOMETRIC_REPRESENTATION_ITEM ( )  RATIONAL_B_SPLINE_SURFACE ( (
 ( 1.000000000000000000, 1.000000000000000000),
 ( 0.9935868805207672683, 0.8436843346538653865),
 ( 0.9935868805207672683, 0.8436843346538653865),
 ( 1.000000000000000000, 1.000000000000000000) ) ) 
 REPRESENTATION_ITEM ( '' )  SURFACE ( )  );
#2922 = EDGE_CURVE ( 'NONE', #3593, #3601, #720, .T. ) ;
#2923 = CARTESIAN_POINT ( 'NONE',  ( 0.06924179319540493815, -2.373463863233638449, 8.341169408494115700 ) ) ;
#2924 = ORIENTED_EDGE ( 'NONE', *, *, #761, .T. ) ;
#2925 = ORIENTED_EDGE ( 'NONE', *, *, #1016, .F. ) ;
#2926 = CARTESIAN_POINT ( 'NONE',  ( 0.1027506065886545222, -5.979271246892181146, 6.479100925571215974 ) ) ;
#2927 = CARTESIAN_POINT ( 'NONE',  ( 7.413575350526959262, -5.247098816716096792, 4.846157403526778928 ) ) ;
#2928 = CARTESIAN_POINT ( 'NONE',  ( 0.7361483507723706188, -10.22255782253290768, 5.365212229691087131 ) ) ;
#2929 = ORIENTED_EDGE ( 'NONE', *, *, #215, .F. ) ;
#2930 = CARTESIAN_POINT ( 'NONE',  ( 7.969186335162196322, -1.149420971344581321, -9.466333367662807419 ) ) ;
#2931 = ORIENTED_EDGE ( 'NONE', *, *, #2062, .T. ) ;
#2932 = CARTESIAN_POINT ( 'NONE',  ( 0.06375423724002877990, 0.3717016182135254865, 8.640761059566925084 ) ) ;
#2933 = CARTESIAN_POINT ( 'NONE',  ( 0.7361483507723658448, -6.558286975479917125, -9.501318995376696108 ) ) ;
#2934 = FACE_OUTER_BOUND ( 'NONE', #420, .T. ) ;
#2935 = CARTESIAN_POINT ( 'NONE',  ( 0.1074819131976425951, -7.211894591940314569, -5.185589172835227245 ) ) ;
#2936 = DIRECTION ( 'NONE',  ( 1.000000000000000000, 0.000000000000000000, 0.000000000000000000 ) ) ;
#2937 = CARTESIAN_POINT ( 'NONE',  ( 0.05906383553393920738, 7.358197106101002305, 4.546646852765503510 ) ) ;
#2938 = CARTESIAN_POINT ( 'NONE',  ( 0.06377903728224926239, -8.521722159823198695, 1.476007547225115291 ) ) ;
#2939 = CARTESIAN_POINT ( 'NONE',  ( 0.7361483507723658448, -6.558286975479917125, -9.501318995376696108 ) ) ;
#2940 = DIRECTION ( 'NONE',  ( -0.9785289697799391950, 0.04525072425860973691, 0.2010806486350240896 ) ) ;
#2941 = ORIENTED_EDGE ( 'NONE', *, *, #1636, .T. ) ;
#2942 = ORIENTED_EDGE ( 'NONE', *, *, #1114, .F. ) ;
#2943 = CARTESIAN_POINT ( 'NONE',  ( 42.31703308766501692, 0.01014956374194218337, 0.007333177703416703976 ) ) ;
#2944 = CARTESIAN_POINT ( 'NONE',  ( 0.08905512610961346942, 8.716639482818193230, 0.8463089349221630808 ) ) ;
#2945 = CARTESIAN_POINT ( 'NONE',  ( 7.413563323830682172, -2.921315349134490535, 6.517789017554115993 ) ) ;
#2946 = ORIENTED_EDGE ( 'NONE', *, *, #265, .F. ) ;
#2947 = CARTESIAN_POINT ( 'NONE',  ( 42.31691042206860232, -0.007124095398889540749, -0.01019978391239837953 ) ) ;
#2948 = EDGE_CURVE ( 'NONE', #3815, #2302, #1980, .T. ) ;
#2949 = EDGE_LOOP ( 'NONE', ( #2576, #669, #3831, #2200 ) ) ;
#2950 =( BOUNDED_SURFACE ( )  B_SPLINE_SURFACE ( 3, 1, ( 
 ( #2803, #4 ),
 ( #1503, #889 ),
 ( #279, #2483 ),
 ( #3728, #3050 ) ),
 .UNSPECIFIED., .F., .F., .F. ) 
 B_SPLINE_SURFACE_WITH_KNOTS ( ( 4, 4 ),
 ( 2, 2 ),
 ( 0.000000000000000000, 1.000000000000000000 ),
 ( 0.000000000000000000, 1.000000000000000000 ),
 .UNSPECIFIED. ) 
 GEOMETRIC_REPRESENTATION_ITEM ( )  RATIONAL_B_SPLINE_SURFACE ( (
 ( 1.000000000000000000, 1.000000000000000000),
 ( 0.9252601129038625638, 0.9983486437855759732),
 ( 0.9252601129038625638, 0.9983486437855759732),
 ( 1.000000000000000000, 1.000000000000000000) ) ) 
 REPRESENTATION_ITEM ( '' )  SURFACE ( )  );
#2951 = CARTESIAN_POINT ( 'NONE',  ( 0.6051261218294929911, -0.7830493628995151001, 10.95479285339679265 ) ) ;
#2952 = CARTESIAN_POINT ( 'NONE',  ( 7.555968963440784059, -7.688917482557930505, 1.018665445842053208 ) ) ;
#2953 = CARTESIAN_POINT ( 'NONE',  ( 0.7393912915810846309, -11.01306494525239366, -4.999883408821629516 ) ) ;
#2954 = EDGE_CURVE ( 'NONE', #3710, #3148, #1903, .T. ) ;
#2955 = CARTESIAN_POINT ( 'NONE',  ( 0.4998984000000065708, 5.135016463628653484E-16, -5.773502691896258199 ) ) ;
#2956 = CARTESIAN_POINT ( 'NONE',  ( 0.06389206181261217199, -3.067553877311702593, -8.086833859532923441 ) ) ;
#2957 = ORIENTED_EDGE ( 'NONE', *, *, #3637, .F. ) ;
#2958 = ADVANCED_FACE ( 'NONE', ( #1596 ), #2556, .F. ) ;
#2959 = CARTESIAN_POINT ( 'NONE',  ( 0.08894703500304458610, -3.881764861455602844, -7.849827887296533468 ) ) ;
#2960 = CARTESIAN_POINT ( 'NONE',  ( 7.902356314355857947, 6.712136228656762960, -6.369668112395273418 ) ) ;
#2961 = ORIENTED_EDGE ( 'NONE', *, *, #598, .F. ) ;
#2962 = VERTEX_POINT ( 'NONE', #1431 ) ;
#2963 = CARTESIAN_POINT ( 'NONE',  ( 0.1176192779148810125, 5.759954142422626155, 6.759198035332900645 ) ) ;
#2964 = DIRECTION ( 'NONE',  ( -0.6546536707079765316, -0.6546536707079768647, 0.3779644730092286409 ) ) ;
#2965 = LINE ( 'NONE', #1751, #1030 ) ;
#2966 = CARTESIAN_POINT ( 'NONE',  ( 0.06384252422479870515, 8.639539354404162097, -0.4049425017703299212 ) ) ;
#2967 = ORIENTED_EDGE ( 'NONE', *, *, #1072, .F. ) ;
#2968 = CARTESIAN_POINT ( 'NONE',  ( 0.6553706634321153635, 10.77968973308484202, 3.052649759001635044 ) ) ;
#2969 = ORIENTED_EDGE ( 'NONE', *, *, #3272, .F. ) ;
#2970 = CARTESIAN_POINT ( 'NONE',  ( 42.31647246991754940, 0.002595907201454741072, 0.01278071117633650979 ) ) ;
#2971 = EDGE_CURVE ( 'NONE', #3943, #98, #1905, .T. ) ;
#2972 = CARTESIAN_POINT ( 'NONE',  ( 42.32077784063513093, -0.006062991850110012980, 0.01108125041657750769 ) ) ;
#2973 = CARTESIAN_POINT ( 'NONE',  ( 7.413556062442729022, 6.075422271475501290, 3.755367242559738639 ) ) ;
#2974 = CARTESIAN_POINT ( 'NONE',  ( 0.1176192779148810125, 7.404201622211606271, 4.903226299213481632 ) ) ;
#2975 = VECTOR ( 'NONE', #3538, 1000.000000000000227 ) ;
#2976 = CARTESIAN_POINT ( 'NONE',  ( 42.31737018592016142, -0.009731332370696113218, -0.007888140535931882288 ) ) ;
#2977 = CARTESIAN_POINT ( 'NONE',  ( 0.06375423730972112901, -3.686436281491087374, -7.823752380053748290 ) ) ;
#2978 = CARTESIAN_POINT ( 'NONE',  ( 0.6474532217643088616, -6.026324259084740120, 9.653231781318629245 ) ) ;
#2979 = PRODUCT_RELATED_PRODUCT_CATEGORY ( 'part', '', ( #1927 ) ) ;
#2980 = EDGE_LOOP ( 'NONE', ( #3100, #2946, #968, #2536 ) ) ;
#2981 = LINE ( 'NONE', #2364, #1749 ) ;
#2982 = DIRECTION ( 'NONE',  ( -0.9785289697799391950, -0.1397807883546879348, 0.1514674437242296834 ) ) ;
#2983 = CARTESIAN_POINT ( 'NONE',  ( 0.1074819131976416514, -8.795678972125156037, -1.240076648437184348 ) ) ;
#2984 = VERTEX_POINT ( 'NONE', #515 ) ;
#2985 = CARTESIAN_POINT ( 'NONE',  ( 7.969186335162198098, -8.443585163731594179, -4.431535352437633080 ) ) ;
#2986 = ORIENTED_EDGE ( 'NONE', *, *, #1883, .T. ) ;
#2987 = CARTESIAN_POINT ( 'NONE',  ( 0.06388505090402024633, 7.727481727465861816, -3.884877397671536059 ) ) ;
#2988 = CARTESIAN_POINT ( 'NONE',  ( 0.4998984000000070149, 5.000000000000001776, -2.886751345948128655 ) ) ;
#2989 = CARTESIAN_POINT ( 'NONE',  ( 42.31647246991754940, -0.01287069392289043324, -0.002104887245143736204 ) ) ;
#2990 = DIRECTION ( 'NONE',  ( 0.000000000000000000, 0.000000000000000000, -1.000000000000000000 ) ) ;
#2991 = CARTESIAN_POINT ( 'NONE',  ( 7.458129973201925722, -7.262794588322255329, -1.022275405375377089 ) ) ;
#2992 = CARTESIAN_POINT ( 'NONE',  ( 7.413556062442729910, 4.460297618939164543, -5.578466102228900603 ) ) ;
#2993 = CARTESIAN_POINT ( 'NONE',  ( 0.4021422169983498440, 6.851760605608315124, -7.429941758505032467 ) ) ;
#2994 = CARTESIAN_POINT ( 'NONE',  ( 42.31737018592016142, -0.004950865193881700231, -0.01150697721626233253 ) ) ;
#2995 = VERTEX_POINT ( 'NONE', #801 ) ;
#2996 = CARTESIAN_POINT ( 'NONE',  ( 7.413556062442729910, 3.634313081514152888, -6.148602062970605964 ) ) ;
#2997 = CARTESIAN_POINT ( 'NONE',  ( 0.7393912915810844089, 8.580258849684794242, 8.524411514149388580 ) ) ;
#2998 = LINE ( 'NONE', #1482, #1874 ) ;
#2999 = ORIENTED_EDGE ( 'NONE', *, *, #2971, .F. ) ;
#3000 = CARTESIAN_POINT ( 'NONE',  ( 0.06924179319540603450, 8.640770765054197611, -0.7385921723514287107 ) ) ;
#3001 = ORIENTED_EDGE ( 'NONE', *, *, #3614, .T. ) ;
#3002 = CARTESIAN_POINT ( 'NONE',  ( 7.413572568327789547, 7.138281015725344680, -0.2491194715966338902 ) ) ;
#3003 = CARTESIAN_POINT ( 'NONE',  ( 42.31959510201222230, 0.01183938784940920426, 0.007466603902786945503 ) ) ;
#3004 = CARTESIAN_POINT ( 'NONE',  ( 6.147639088042815558, 7.516416740785211381, 6.658964165542968772 ) ) ;
#3005 = ORIENTED_EDGE ( 'NONE', *, *, #792, .T. ) ;
#3006 = CARTESIAN_POINT ( 'NONE',  ( 0.06550413281379187380, -2.880183213605151504, 8.165321136123219858 ) ) ;
#3007 = CARTESIAN_POINT ( 'NONE',  ( 0.06377903728224926239, -3.626159543129582552, -7.851707700650702115 ) ) ;
#3008 = VECTOR ( 'NONE', #870, 1000.000000000000114 ) ;
#3009 = CARTESIAN_POINT ( 'NONE',  ( 42.31691042206860232, 0.01206320267417736354, -0.003044251690287793494 ) ) ;
#3010 = FACE_OUTER_BOUND ( 'NONE', #3567, .T. ) ;
#3011 = CARTESIAN_POINT ( 'NONE',  ( 21.18798712880127155, 3.957369327315795715, 1.731304834679888049 ) ) ;
#3012 = EDGE_CURVE ( 'NONE', #2329, #2427, #879, .T. ) ;
#3013 = VERTEX_POINT ( 'NONE', #3906 ) ;
#3014 = CARTESIAN_POINT ( 'NONE',  ( 7.458129973201925722, 6.807104459455519674, -2.730670451493404816 ) ) ;
#3015 = DIRECTION ( 'NONE',  ( 1.000000000000000000, -0.000000000000000000, -0.000000000000000000 ) ) ;
#3016 = CARTESIAN_POINT ( 'NONE',  ( 0.05677524173679951436, -8.547449430995895270, -1.334461207542530836 ) ) ;
#3017 = EDGE_CURVE ( 'NONE', #1919, #3401, #2666, .T. ) ;
#3018 = ORIENTED_EDGE ( 'NONE', *, *, #2490, .F. ) ;
#3019 = CARTESIAN_POINT ( 'NONE',  ( 0.2361091061329894658, 8.743383989970714865, 3.427674118276917703 ) ) ;
#3020 = VERTEX_POINT ( 'NONE', #2973 ) ;
#3021 = CARTESIAN_POINT ( 'NONE',  ( 7.413556062442729910, 0.3606265627983254451, 7.133266249442505647 ) ) ;
#3022 = DIRECTION ( 'NONE',  ( 0.9796399030715337020, 0.05800392292678199779, 0.1922009501409913113 ) ) ;
#3023 = CARTESIAN_POINT ( 'NONE',  ( 0.06377903728224926239, 5.399826581256063740, 6.755754564891157443 ) ) ;
#3024 = CARTESIAN_POINT ( 'NONE',  ( 42.31691042206860232, 0.01209616979853578474, -0.002910498808980861111 ) ) ;
#3025 = CARTESIAN_POINT ( 'NONE',  ( 0.06377903728224926239, -8.231545144664933034, -2.653301976788629002 ) ) ;
#3026 = LINE ( 'NONE', #3993, #1665 ) ;
#3027 = CARTESIAN_POINT ( 'NONE',  ( 0.1074819131976416514, -6.017078221764097457, 6.534258056417428406 ) ) ;
#3028 = CYLINDRICAL_SURFACE ( 'NONE', #1486, 8.373863283346574704 ) ;
#3029 = CARTESIAN_POINT ( 'NONE',  ( 0.06377903728225012281, 1.641753292910157258, 8.491348124644634510 ) ) ;
#3030 = AXIS2_PLACEMENT_3D ( 'NONE', #2446, #1215, #1886 ) ;
#3031 = ORIENTED_EDGE ( 'NONE', *, *, #2341, .T. ) ;
#3032 = CARTESIAN_POINT ( 'NONE',  ( 42.31828303470386743, 0.01228763679762619881, -0.006600574497074363986 ) ) ;
#3033 = CARTESIAN_POINT ( 'NONE',  ( 0.1176192779148810125, 0.1707897841898737556, 8.878888480732038957 ) ) ;
#3034 = CARTESIAN_POINT ( 'NONE',  ( 7.434426509969023655, -6.821691379477108796, 2.402519613249763708 ) ) ;
#3035 = EDGE_CURVE ( 'NONE', #3482, #833, #3866, .T. ) ;
#3036 = CARTESIAN_POINT ( 'NONE',  ( 0.4998984000000070149, 5.000000000000001776, -2.886751345948128655 ) ) ;
#3037 = VERTEX_POINT ( 'NONE', #838 ) ;
#3038 = CARTESIAN_POINT ( 'NONE',  ( 0.1074819131976419151, 8.836862293579535788, 0.9009014812930938865 ) ) ;
#3039 = CARTESIAN_POINT ( 'NONE',  ( 0.06384271922810511035, 0.6401491604704926397, 8.625303628179111115 ) ) ;
#3040 = CARTESIAN_POINT ( 'NONE',  ( 0.06389206181261258832, 7.658118974839463355, -4.019948062985635673 ) ) ;
#3041 = CARTESIAN_POINT ( 'NONE',  ( 21.18798712880127155, 4.308653991154111296, -0.3060869286290747726 ) ) ;
#3042 = CARTESIAN_POINT ( 'NONE',  ( 0.1074819131976416930, 5.761337324564354212, -6.760824720939412558 ) ) ;
#3043 = CARTESIAN_POINT ( 'NONE',  ( 7.413576735887808411, -6.934156240482189482, -1.713140406585153652 ) ) ;
#3044 = CARTESIAN_POINT ( 'NONE',  ( 42.31959510201222230, 0.007013353461206948448, -0.01211338729332139298 ) ) ;
#3045 = CARTESIAN_POINT ( 'NONE',  ( 0.7361483507723662889, -11.54496386762018645, -8.002186467881407836E-14 ) ) ;
#3046 = CARTESIAN_POINT ( 'NONE',  ( 7.413570530636548028, -7.000237901423250086, 1.418720846146964698 ) ) ;
#3047 = CARTESIAN_POINT ( 'NONE',  ( 42.31737018592016142, 0.0009637855344580205808, 0.01248970409045473129 ) ) ;
#3048 = B_SPLINE_CURVE_WITH_KNOTS ( 'NONE', 3,
 ( #673, #2515, #1305, #1243, #1000, #2793, #3404, #2812, #13, #2492, #2535, #3735, #3138, #365, #3780, #1936, #3158, #1857, #3078, #2945, #3858, #2890 ),
 .UNSPECIFIED., .F., .F.,
 ( 4, 3, 3, 3, 3, 3, 3, 4 ),
 ( 1.056081928668503839E-17, 0.0001518422528443219913, 0.0003036844294303853772, 0.0004555265571827236135, 0.0006073686701617263001, 0.0007592108045165984857, 0.0008818169290298538080, 0.001004459747408503007 ),
 .UNSPECIFIED. ) ;
#3049 = EDGE_LOOP ( 'NONE', ( #481, #1976, #939, #173 ) ) ;
#3050 = CARTESIAN_POINT ( 'NONE',  ( 0.05906383553393916575, 5.400429329964116398, -6.756509846663361074 ) ) ;
#3051 = CARTESIAN_POINT ( 'NONE',  ( 0.06384271922811443623, -6.734839553712604676, 5.426563351853454620 ) ) ;
#3052 = CARTESIAN_POINT ( 'NONE',  ( 7.361297821651286100, 8.471205041166365711E-16, 6.917263856864157567 ) ) ;
#3053 = DIRECTION ( 'NONE',  ( -1.000000000000000000, -0.000000000000000000, -0.000000000000000000 ) ) ;
#3054 = EDGE_LOOP ( 'NONE', ( #2615, #1987, #3660, #2911 ) ) ;
#3055 = CARTESIAN_POINT ( 'NONE',  ( 7.413572568327793988, 4.260027103097806744, 5.733174116618608984 ) ) ;
#3056 = CARTESIAN_POINT ( 'NONE',  ( 3.999898400000003740, -5.000000000000000888, -2.886751345948129543 ) ) ;
#3057 = CARTESIAN_POINT ( 'NONE',  ( 0.08905512610961345554, -5.963291710203430185, -6.413672478835600543 ) ) ;
#3058 = ADVANCED_FACE ( 'NONE', ( #2063 ), #2244, .F. ) ;
#3059 = CARTESIAN_POINT ( 'NONE',  ( 42.31718733146613687, -0.005021022040327618834, -0.01150232317579010302 ) ) ;
#3060 = EDGE_LOOP ( 'NONE', ( #2349, #3199, #2265, #2868, #1071, #3416, #73, #1620, #1487, #1675, #1634, #2351, #733, #1185, #1542, #2055, #3463, #1570, #3031, #3691, #1004, #3470, #2030, #1631, #2572, #3836, #2790, #2045, #3837, #3989, #2768, #1528, #480, #220, #46, #2288, #701, #1898 ) ) ;
#3061 = CARTESIAN_POINT ( 'NONE',  ( 0.7361483507723582953, 11.20948819974518607, -2.762890697155288233 ) ) ;
#3062 = CARTESIAN_POINT ( 'NONE',  ( 7.823544100114490973, -1.642900467365527417, -8.758161713058740361 ) ) ;
#3063 = EDGE_CURVE ( 'NONE', #749, #2984, #3887, .T. ) ;
#3064 = CARTESIAN_POINT ( 'NONE',  ( 7.969186335162196322, -1.149420971344581321, -9.466333367662807419 ) ) ;
#3065 = DIRECTION ( 'NONE',  ( -0.9785289697799391950, -0.1941601722280995312, 0.06915838938093821220 ) ) ;
#3066 = FACE_OUTER_BOUND ( 'NONE', #2980, .T. ) ;
#3067 = B_SPLINE_CURVE_WITH_KNOTS ( 'NONE', 3,
 ( #788, #153, #1768, #176, #2631, #1417, #2652, #1157 ),
 .UNSPECIFIED., .F., .F.,
 ( 4, 2, 2, 4 ),
 ( 0.0004800065146875815065, 0.002063914009315687571, 0.002855867756629740413, 0.003647821503943793689 ),
 .UNSPECIFIED. ) ;
#3068 =( BOUNDED_SURFACE ( )  B_SPLINE_SURFACE ( 3, 1, ( 
 ( #2105, #3346 ),
 ( #1190, #3006 ),
 ( #556, #249 ),
 ( #3425, #631 ) ),
 .UNSPECIFIED., .F., .F., .F. ) 
 B_SPLINE_SURFACE_WITH_KNOTS ( ( 4, 4 ),
 ( 2, 2 ),
 ( 0.000000000000000000, 1.000000000000000000 ),
 ( 0.000000000000000000, 1.000000000000000000 ),
 .UNSPECIFIED. ) 
 GEOMETRIC_REPRESENTATION_ITEM ( )  RATIONAL_B_SPLINE_SURFACE ( (
 ( 1.000000000000000000, 1.000000000000000000),
 ( 0.9252601129038625638, 0.9983486437855759732),
 ( 0.9252601129038625638, 0.9983486437855759732),
 ( 1.000000000000000000, 1.000000000000000000) ) ) 
 REPRESENTATION_ITEM ( '' )  SURFACE ( )  );
#3069 = AXIS2_PLACEMENT_3D ( 'NONE', #3788, #1009, #1028 ) ;
#3070 = EDGE_LOOP ( 'NONE', ( #1472, #3784, #1828, #2010 ) ) ;
#3071 = CARTESIAN_POINT ( 'NONE',  ( 7.413570567084494023, 3.807246551456278993, -6.043332435055945417 ) ) ;
#3072 = CARTESIAN_POINT ( 'NONE',  ( 0.06377903728224926239, -3.626159543129582552, -7.851707700650702115 ) ) ;
#3073 = CARTESIAN_POINT ( 'NONE',  ( 0.05906383553393916575, 1.641936003444689929, -8.492297004732449750 ) ) ;
#3074 = CARTESIAN_POINT ( 'NONE',  ( -0.0001015999999967978526, -5.250000000000005329, 3.319764047840351395 ) ) ;
#3075 = VERTEX_POINT ( 'NONE', #2955 ) ;
#3076 = CARTESIAN_POINT ( 'NONE',  ( 7.413575350526953933, 4.178355587418447037, 5.792981284039327328 ) ) ;
#3077 = CARTESIAN_POINT ( 'NONE',  ( 0.06377903728224926239, -8.231545144664968561, 2.653301976788515759 ) ) ;
#3078 = CARTESIAN_POINT ( 'NONE',  ( 7.413565931491592487, -2.883918844889522770, 6.534306258993896499 ) ) ;
#3079 = FACE_OUTER_BOUND ( 'NONE', #2590, .T. ) ;
#3080 = ORIENTED_EDGE ( 'NONE', *, *, #2971, .T. ) ;
#3081 = CARTESIAN_POINT ( 'NONE',  ( 0.1176192779148810125, 8.241342054346244339, -3.308188469075445504 ) ) ;
#3082 = EDGE_CURVE ( 'NONE', #1396, #1309, #534, .T. ) ;
#3083 = DIRECTION ( 'NONE',  ( 0.000000000000000000, 0.8660254037844387076, -0.4999999999999997224 ) ) ;
#3084 = CARTESIAN_POINT ( 'NONE',  ( 7.413570530636544476, -5.144172737115773941, -4.955157552139927368 ) ) ;
#3085 = CARTESIAN_POINT ( 'NONE',  ( 7.413556062442729910, 6.541839865062801351, -2.866682766388075176 ) ) ;
#3086 = CARTESIAN_POINT ( 'NONE',  ( 7.413561061157196264, 1.307266801332642059, 7.021927213476102381 ) ) ;
#3087 = ORIENTED_EDGE ( 'NONE', *, *, #436, .F. ) ;
#3088 = CARTESIAN_POINT ( 'NONE',  ( 0.06389204376496478155, -6.439986039048608113, 5.773725732252753318 ) ) ;
#3089 = CARTESIAN_POINT ( 'NONE',  ( 0.05906383553393917962, 8.628292113121146301, -0.6063311526278739594 ) ) ;
#3090 = VECTOR ( 'NONE', #3722, 1000.000000000000000 ) ;
#3091 =( BOUNDED_SURFACE ( )  B_SPLINE_SURFACE ( 3, 1, ( 
 ( #2727, #1099 ),
 ( #3963, #1467 ),
 ( #3340, #1184 ),
 ( #2706, #2412 ) ),
 .UNSPECIFIED., .F., .F., .F. ) 
 B_SPLINE_SURFACE_WITH_KNOTS ( ( 4, 4 ),
 ( 2, 2 ),
 ( 0.000000000000000000, 1.000000000000000000 ),
 ( 0.000000000000000000, 1.000000000000000000 ),
 .UNSPECIFIED. ) 
 GEOMETRIC_REPRESENTATION_ITEM ( )  RATIONAL_B_SPLINE_SURFACE ( (
 ( 1.000000000000000000, 1.000000000000000000),
 ( 0.9252601129038625638, 0.9983486437855759732),
 ( 0.9252601129038625638, 0.9983486437855759732),
 ( 1.000000000000000000, 1.000000000000000000) ) ) 
 REPRESENTATION_ITEM ( '' )  SURFACE ( )  );
#3092 = CARTESIAN_POINT ( 'NONE',  ( 0.06385449037419081708, 7.487639621413754831, 4.329178171288566190 ) ) ;
#3093 = VERTEX_POINT ( 'NONE', #3561 ) ;
#3094 = CARTESIAN_POINT ( 'NONE',  ( 0.7393912915810846309, -0.7696855478781573501, 12.07037769697139140 ) ) ;
#3095 = CARTESIAN_POINT ( 'NONE',  ( 0.08905512610961319186, 8.111500326274105888, -3.301455004026145001 ) ) ;
#3096 = CARTESIAN_POINT ( 'NONE',  ( 0.06382842314804754169, -8.494810343972776678, -1.624876581921424368 ) ) ;
#3097 = EDGE_CURVE ( 'NONE', #2122, #3757, #4034, .T. ) ;
#3098 = CARTESIAN_POINT ( 'NONE',  ( 0.4021422169983498440, 8.201657595003949197, 5.906223042322151784 ) ) ;
#3099 = CARTESIAN_POINT ( 'NONE',  ( 7.434426509969022767, 0.1726102392997445334, -7.230337438472077771 ) ) ;
#3100 = ORIENTED_EDGE ( 'NONE', *, *, #1086, .T. ) ;
#3101 = CARTESIAN_POINT ( 'NONE',  ( 7.413556062442729910, -6.797599748194040892, -2.192299378867676118 ) ) ;
#3102 = FACE_OUTER_BOUND ( 'NONE', #2595, .T. ) ;
#3103 = CARTESIAN_POINT ( 'NONE',  ( 7.413560099979261686, -5.029368115524185612, -5.071579145258889199 ) ) ;
#3104 = APPLICATION_CONTEXT ( 'automotive_design' ) ;
#3105 = CARTESIAN_POINT ( 'NONE',  ( 0.06379792852514831747, 5.360341530065196203, -6.787418863834758120 ) ) ;
#3106 = CARTESIAN_POINT ( 'NONE',  ( 7.413576133558271053, -2.623575036268574134, -6.643356816031795731 ) ) ;
#3107 = PRODUCT_DEFINITION_SHAPE ( 'NONE', 'NONE',  #274 ) ;
#3108 = ORIENTED_EDGE ( 'NONE', *, *, #243, .T. ) ;
#3109 = EDGE_CURVE ( 'NONE', #53, #2235, #2725, .T. ) ;
#3110 = DIRECTION ( 'NONE',  ( 0.9785289697799391950, 0.2040598005277838300, -0.02899401852058157425 ) ) ;
#3111 = CARTESIAN_POINT ( 'NONE',  ( 0.06388974337535222037, -6.540343377893110599, 5.659776152751135214 ) ) ;
#3112 = CARTESIAN_POINT ( 'NONE',  ( 7.969186335162198098, -8.443585163731594179, -4.431535352437633080 ) ) ;
#3113 = CARTESIAN_POINT ( 'NONE',  ( 0.06388974337535220649, 7.611220357523079016, 4.108343007737666142 ) ) ;
#3114 = ORIENTED_EDGE ( 'NONE', *, *, #265, .T. ) ;
#3115 = EDGE_CURVE ( 'NONE', #1052, #181, #2871, .T. ) ;
#3116 = CARTESIAN_POINT ( 'NONE',  ( 6.147639088042814670, -5.704408898085577384, -8.264263034450420875 ) ) ;
#3117 = CARTESIAN_POINT ( 'NONE',  ( 0.06388967118332714024, 4.996769608093600823, 7.059847427829013533 ) ) ;
#3118 = CARTESIAN_POINT ( 'NONE',  ( 0.7361483507723662889, -11.54496386762018645, -8.002186467881407836E-14 ) ) ;
#3119 = CARTESIAN_POINT ( 'NONE',  ( 1.325613487614300867, 11.05051210637282466, 2.723706609387775313 ) ) ;
#3120 = CARTESIAN_POINT ( 'NONE',  ( 0.1768972933276639903, 9.084909421790548834, 0.9644784453552344150 ) ) ;
#3121 = ORIENTED_EDGE ( 'NONE', *, *, #2494, .F. ) ;
#3122 = CARTESIAN_POINT ( 'NONE',  ( 0.06382842314804795802, 0.5890931639264820330, -8.628730841251138983 ) ) ;
#3123 = FACE_OUTER_BOUND ( 'NONE', #3898, .T. ) ;
#3124 = CARTESIAN_POINT ( 'NONE',  ( 7.413556062442729022, -5.665703797354328053, -4.348946928151230296 ) ) ;
#3125 = CARTESIAN_POINT ( 'NONE',  ( 21.21242604955889988, -3.605465403202963603, 2.586549734372336040 ) ) ;
#3126 = CARTESIAN_POINT ( 'NONE',  ( 0.06382857904818259320, -2.637496970126193219, -8.236846971729370637 ) ) ;
#3127 = EDGE_LOOP ( 'NONE', ( #2332, #2555, #93, #469 ) ) ;
#3128 = CARTESIAN_POINT ( 'NONE',  ( 42.31737018592016142, 0.0009637855344580205808, 0.01248970409045473129 ) ) ;
#3129 = CARTESIAN_POINT ( 'NONE',  ( 7.413576735887811076, 6.322680928030214531, 3.322811866840463146 ) ) ;
#3130 = CARTESIAN_POINT ( 'NONE',  ( 7.554659454625531900, -6.342569412683331187, -4.454477595577743365 ) ) ;
#3131 = ADVANCED_FACE ( 'NONE', ( #1281 ), #2660, .F. ) ;
#3132 = FACE_OUTER_BOUND ( 'NONE', #29, .T. ) ;
#3133 = ORIENTED_EDGE ( 'NONE', *, *, #2135, .F. ) ;
#3134 = CARTESIAN_POINT ( 'NONE',  ( 7.969186335162198098, -8.443585163731594179, -4.431535352437633080 ) ) ;
#3135 = CARTESIAN_POINT ( 'NONE',  ( 0.06384252422479796962, 5.241078880805036810, 6.880167937719090965 ) ) ;
#3136 = CIRCLE ( 'NONE', #2694, 8.373863283429843207 ) ;
#3137 = CARTESIAN_POINT ( 'NONE',  ( 0.06389207986025996489, -8.385793855945314235, -2.118441198065350140 ) ) ;
#3138 = CARTESIAN_POINT ( 'NONE',  ( 7.413575863646960862, -2.630780659635174601, 6.640312529166571665 ) ) ;
#3139 = ORIENTED_EDGE ( 'NONE', *, *, #3035, .F. ) ;
#3140 = CARTESIAN_POINT ( 'NONE',  ( 7.418146516826699788, 3.550367818537335296, 6.220369015649275468 ) ) ;
#3141 = ORIENTED_EDGE ( 'NONE', *, *, #972, .T. ) ;
#3142 = CARTESIAN_POINT ( 'NONE',  ( 0.06389204376496476767, 0.9917104127750415721, -8.592196428830762400 ) ) ;
#3143 = CARTESIAN_POINT ( 'NONE',  ( 7.413560099979261686, 1.316821086387824469, -7.020074137394889391 ) ) ;
#3144 = FACE_OUTER_BOUND ( 'NONE', #956, .T. ) ;
#3145 = CARTESIAN_POINT ( 'NONE',  ( 21.21242604955889988, 0.08055090860152841481, 4.436567575637564431 ) ) ;
#3146 = CARTESIAN_POINT ( 'NONE',  ( 7.413576555707948046, 6.349652668431003733, -3.270974277335401581 ) ) ;
#3147 = ADVANCED_FACE ( 'NONE', ( #954 ), #3068, .F. ) ;
#3148 = VERTEX_POINT ( 'NONE', #2209 ) ;
#3149 = CARTESIAN_POINT ( 'NONE',  ( 0.3506278047350340210, 4.533133736455248197, -8.787112663753060104 ) ) ;
#3150 = CARTESIAN_POINT ( 'NONE',  ( 21.21242604955889988, -4.394510663756715729, -0.6147327290812051315 ) ) ;
#3151 = CARTESIAN_POINT ( 'NONE',  ( 0.7393912915810846309, 3.635950341455905566, -11.53543664993326345 ) ) ;
#3152 = CARTESIAN_POINT ( 'NONE',  ( 42.31703308766501692, -0.002734261258049672325, -0.01221936801779715392 ) ) ;
#3153 = ORIENTED_EDGE ( 'NONE', *, *, #3063, .F. ) ;
#3154 = CARTESIAN_POINT ( 'NONE',  ( 4.326091500877489615, -9.339609279434691658, 4.901805086013547808 ) ) ;
#3155 = VECTOR ( 'NONE', #3022, 1000.000000000000227 ) ;
#3156 = CARTESIAN_POINT ( 'NONE',  ( 7.413575863646956421, -5.415347689162169686, 4.657120008073983186 ) ) ;
#3157 = VECTOR ( 'NONE', #1729, 1000.000000000000000 ) ;
#3158 = CARTESIAN_POINT ( 'NONE',  ( 7.413570530636544476, -2.809004003943873951, 6.567008148437295745 ) ) ;
#3159 = ORIENTED_EDGE ( 'NONE', *, *, #2655, .F. ) ;
#3160 = CARTESIAN_POINT ( 'NONE',  ( 0.05906383553393917962, 5.400429329964023140, 6.756509846663435681 ) ) ;
#3161 = EDGE_CURVE ( 'NONE', #2962, #1919, #1608, .T. ) ;
#3162 = EDGE_LOOP ( 'NONE', ( #2078, #3583, #3388, #3548 ) ) ;
#3163 = CARTESIAN_POINT ( 'NONE',  ( 0.06375423724002923787, 4.344687326066438260, 7.478275591353150453 ) ) ;
#3164 = CARTESIAN_POINT ( 'NONE',  ( 7.413573966487536637, 1.065432724750485116, -7.062722953245298640 ) ) ;
#3165 = CARTESIAN_POINT ( 'NONE',  ( 0.06375423730972110126, -6.900056241976461280, -5.214416325865455448 ) ) ;
#3166 = CARTESIAN_POINT ( 'NONE',  ( 0.06377903728224926239, 4.401935354873857342, -7.444549145529152590 ) ) ;
#3167 = CARTESIAN_POINT ( 'NONE',  ( 7.434447245088825262, -1.897888509487429820, -6.979031697180876570 ) ) ;
#3168 = EDGE_LOOP ( 'NONE', ( #2855, #1359, #676, #2741 ) ) ;
#3169 = EDGE_CURVE ( 'NONE', #2635, #3633, #56, .T. ) ;
#3170 = CARTESIAN_POINT ( 'NONE',  ( 2.504543697384074896, 3.919718000037041516, -10.33544694588847079 ) ) ;
#3171 = CARTESIAN_POINT ( 'NONE',  ( 42.31828303470386743, -0.01357441871906226068, -0.003207609421575197215 ) ) ;
#3172 = CARTESIAN_POINT ( 'NONE',  ( 0.1176192779148814427, -7.210162311211428587, 5.184340772908932138 ) ) ;
#3173 = ORIENTED_EDGE ( 'NONE', *, *, #1003, .F. ) ;
#3174 = CARTESIAN_POINT ( 'NONE',  ( 0.5595309360302113122, -1.991813937340113805, -10.60163499365628681 ) ) ;
#3175 = CARTESIAN_POINT ( 'NONE',  ( 7.413550661974126932, -3.045493183171624096, 6.460742269153445960 ) ) ;
#3176 = ORIENTED_EDGE ( 'NONE', *, *, #797, .T. ) ;
#3177 = CARTESIAN_POINT ( 'NONE',  ( 7.901878860671765814, 3.576973717075881076, -8.531946197824249012 ) ) ;
#3178 = ORIENTED_EDGE ( 'NONE', *, *, #3778, .F. ) ;
#3179 = CARTESIAN_POINT ( 'NONE',  ( 0.06389207986025954855, 1.092199623873282288, -8.580001846484755390 ) ) ;
#3180 = CARTESIAN_POINT ( 'NONE',  ( 0.06377903728224926239, -2.492425889569469977, 8.281676160880181214 ) ) ;
#3181 = EDGE_CURVE ( 'NONE', #1396, #3075, #1894, .T. ) ;
#3182 = CARTESIAN_POINT ( 'NONE',  ( 7.418134328448550363, -4.935870019555901322, 5.189849607131813869 ) ) ;
#3183 = CARTESIAN_POINT ( 'NONE',  ( 0.07590485995811632747, 7.301649146796811429, -4.810495720135079090 ) ) ;
#3184 = CARTESIAN_POINT ( 'NONE',  ( 0.06379785914325698803, 4.445383420828833643, -7.418952651287230360 ) ) ;
#3185 = CARTESIAN_POINT ( 'NONE',  ( 7.413575171585926604, 6.395365924700166183, -3.180655789337870853 ) ) ;
#3186 = EDGE_CURVE ( 'NONE', #1036, #16, #3839, .T. ) ;
#3187 = ORIENTED_EDGE ( 'NONE', *, *, #3259, .T. ) ;
#3188 = CARTESIAN_POINT ( 'NONE',  ( 0.7361483507723686204, 4.093900608187734491, -10.79472873744105321 ) ) ;
#3189 = B_SPLINE_CURVE_WITH_KNOTS ( 'NONE', 3,
 ( #2569, #1035, #2923, #3503, #2588, #129 ),
 .UNSPECIFIED., .F., .F.,
 ( 4, 2, 4 ),
 ( 0.000000000000000000, 0.0001965022614975655277, 0.0003930045229951310555 ),
 .UNSPECIFIED. ) ;
#3190 = CARTESIAN_POINT ( 'NONE',  ( 0.05906383553393916575, 7.921749379217409626, -3.472887707494186404 ) ) ;
#3191 =( BOUNDED_SURFACE ( )  B_SPLINE_SURFACE ( 3, 1, ( 
 ( #1449, #247 ),
 ( #3659, #1759 ),
 ( #3302, #3618 ),
 ( #268, #533 ) ),
 .UNSPECIFIED., .F., .F., .F. ) 
 B_SPLINE_SURFACE_WITH_KNOTS ( ( 4, 4 ),
 ( 2, 2 ),
 ( 0.000000000000000000, 1.000000000000000000 ),
 ( 0.000000000000000000, 1.000000000000000000 ),
 .UNSPECIFIED. ) 
 GEOMETRIC_REPRESENTATION_ITEM ( )  RATIONAL_B_SPLINE_SURFACE ( (
 ( 1.000000000000000000, 1.000000000000000000),
 ( 0.9935868805207672683, 0.8436843346538653865),
 ( 0.9935868805207672683, 0.8436843346538653865),
 ( 1.000000000000000000, 1.000000000000000000) ) ) 
 REPRESENTATION_ITEM ( '' )  SURFACE ( )  );
#3192 = CARTESIAN_POINT ( 'NONE',  ( 7.445848533695719418, 6.074456315612644985, 4.015100013885974484 ) ) ;
#3193 = ORIENTED_EDGE ( 'NONE', *, *, #2644, .F. ) ;
#3194 = ORIENTED_EDGE ( 'NONE', *, *, #2322, .F. ) ;
#3195 = CARTESIAN_POINT ( 'NONE',  ( 0.4021422169983503991, -4.874559447423000513, 8.853774795243108287 ) ) ;
#3196 = CARTESIAN_POINT ( 'NONE',  ( 42.31691042206860232, -0.01104814913220509252, 0.005720727913879846034 ) ) ;
#3197 = CARTESIAN_POINT ( 'NONE',  ( 7.458129973201925722, -1.890255015740891720, -7.086618954908244561 ) ) ;
#3198 = CARTESIAN_POINT ( 'NONE',  ( 0.4998984000000064598, -5.000000000000000888, -2.886751345948130432 ) ) ;
#3199 = ORIENTED_EDGE ( 'NONE', *, *, #824, .T. ) ;
#3200 = AXIS2_PLACEMENT_3D ( 'NONE', #861, #923, #3083 ) ;
#3201 = CARTESIAN_POINT ( 'NONE',  ( 0.1074819131976416514, 5.761337324564257401, 6.760824720939496046 ) ) ;
#3202 = VERTEX_POINT ( 'NONE', #1171 ) ;
#3203 = LINE ( 'NONE', #2599, #3795 ) ;
#3204 = CARTESIAN_POINT ( 'NONE',  ( 0.06377903728224926239, -6.859675326050862054, -5.267181529988905098 ) ) ;
#3205 = CARTESIAN_POINT ( 'NONE',  ( 0.05906383553393920738, -6.860441310735948761, 5.267770617438012337 ) ) ;
#3206 = ADVANCED_FACE ( 'NONE', ( #3324 ), #3909, .F. ) ;
#3207 = CARTESIAN_POINT ( 'NONE',  ( 7.413568538372649286, 0.5238369195502459164, 7.123311856422325228 ) ) ;
#3208 = CARTESIAN_POINT ( 'NONE',  ( 0.1176192779148810125, 5.759954142422626155, 6.759198035332900645 ) ) ;
#3209 = CARTESIAN_POINT ( 'NONE',  ( 7.413567691083503775, 6.479466852003572086, 3.005122922612919023 ) ) ;
#3210 = CARTESIAN_POINT ( 'NONE',  ( 42.31691042206860232, -0.01244120504396385544, -6.887790746353951812E-05 ) ) ;
#3211 = LINE ( 'NONE', #110, #1395 ) ;
#3212 = ORIENTED_EDGE ( 'NONE', *, *, #2853, .F. ) ;
#3213 = ORIENTED_EDGE ( 'NONE', *, *, #388, .F. ) ;
#3214 = CARTESIAN_POINT ( 'NONE',  ( 7.555968963440790276, 6.430737515800156956, 4.336213365024633504 ) ) ;
#3215 = PRODUCT_DEFINITION_CONTEXT ( 'detailed design', #3950, 'design' ) ;
#3216 = CARTESIAN_POINT ( 'NONE',  ( 42.31959510201222230, 0.01395316116140231377, 0.001109311540454560206 ) ) ;
#3217 = CARTESIAN_POINT ( 'NONE',  ( 0.06381443886812709909, 8.634133136313371537, 0.5052636531072207671 ) ) ;
#3218 = VECTOR ( 'NONE', #805, 1000.000000000000000 ) ;
#3219 = ORIENTED_EDGE ( 'NONE', *, *, #938, .T. ) ;
#3220 = CARTESIAN_POINT ( 'NONE',  ( 1.915078604103046089, -1.352119727207698796, -11.13570781275071653 ) ) ;
#3221 = B_SPLINE_CURVE_WITH_KNOTS ( 'NONE', 3,
 ( #2844, #3674, #891, #2133, #3359, #591 ),
 .UNSPECIFIED., .F., .F.,
 ( 4, 2, 4 ),
 ( 1.771238047171891680E-18, 0.0001965018000030258419, 0.0003930036000060499490 ),
 .UNSPECIFIED. ) ;
#3222 = EDGE_CURVE ( 'NONE', #2212, #750, #736, .T. ) ;
#3223 = ORIENTED_EDGE ( 'NONE', *, *, #2012, .F. ) ;
#3224 = VECTOR ( 'NONE', #863, 1000.000000000000227 ) ;
#3225 =( BOUNDED_SURFACE ( )  B_SPLINE_SURFACE ( 3, 1, ( 
 ( #3814, #419 ),
 ( #3796, #3853 ),
 ( #397, #1986 ),
 ( #441, #2263 ) ),
 .UNSPECIFIED., .F., .F., .F. ) 
 B_SPLINE_SURFACE_WITH_KNOTS ( ( 4, 4 ),
 ( 2, 2 ),
 ( 0.000000000000000000, 1.000000000000000000 ),
 ( 0.000000000000000000, 1.000000000000000000 ),
 .UNSPECIFIED. ) 
 GEOMETRIC_REPRESENTATION_ITEM ( )  RATIONAL_B_SPLINE_SURFACE ( (
 ( 1.000000000000000000, 1.000000000000000000),
 ( 0.8657215203422359284, 0.9127505936427621203),
 ( 0.8657215203422359284, 0.9127505936427621203),
 ( 1.000000000000000000, 1.000000000000000000) ) ) 
 REPRESENTATION_ITEM ( '' )  SURFACE ( )  );
#3226 = CARTESIAN_POINT ( 'NONE',  ( 42.31691042206860232, 0.009358050196699496670, 0.008198489106423970108 ) ) ;
#3227 = CARTESIAN_POINT ( 'NONE',  ( 0.1176192779148814427, -3.974998375457635014, -7.941235276628497708 ) ) ;
#3228 = CARTESIAN_POINT ( 'NONE',  ( 7.458129973201925722, 0.1393887176355531610, 7.333062322249439546 ) ) ;
#3229 = CARTESIAN_POINT ( 'NONE',  ( 42.31718733146613687, -0.008974380044532256906, 0.008773517173065490532 ) ) ;
#3230 = CARTESIAN_POINT ( 'NONE',  ( 0.1074819131976425951, -6.017078221764099233, 6.534258056417427518 ) ) ;
#3231 = FACE_OUTER_BOUND ( 'NONE', #3983, .T. ) ;
#3232 = ORIENTED_EDGE ( 'NONE', *, *, #1108, .F. ) ;
#3233 = CARTESIAN_POINT ( 'NONE',  ( 7.458129973201924834, -7.262794588322267764, 1.022275405375276058 ) ) ;
#3234 = CARTESIAN_POINT ( 'NONE',  ( 42.31737018592016142, -0.01228246857665151077, 0.002462225921218510940 ) ) ;
#3235 = DIRECTION ( 'NONE',  ( -1.000000000000000000, -0.000000000000000000, -0.000000000000000000 ) ) ;
#3236 = EDGE_CURVE ( 'NONE', #2774, #3962, #2891, .T. ) ;
#3237 = ORIENTED_EDGE ( 'NONE', *, *, #1072, .T. ) ;
#3238 = ORIENTED_EDGE ( 'NONE', *, *, #2233, .F. ) ;
#3239 = CARTESIAN_POINT ( 'NONE',  ( 7.413561061157196264, 3.677895788248969566, -6.122866228491623097 ) ) ;
#3240 = PRESENTATION_STYLE_ASSIGNMENT (( #2533 ) ) ;
#3241 = CARTESIAN_POINT ( 'NONE',  ( 0.06388035843267059199, 8.646832489367442420, 0.2018568354141158094 ) ) ;
#3242 = EDGE_LOOP ( 'NONE', ( #1604, #2874, #3703, #2502, #1385, #2153 ) ) ;
#3243 =( BOUNDED_SURFACE ( )  B_SPLINE_SURFACE ( 3, 1, ( 
 ( #2976, #192 ),
 ( #2358, #538 ),
 ( #3953, #1174 ),
 ( #2403, #3644 ) ),
 .UNSPECIFIED., .F., .F., .F. ) 
 B_SPLINE_SURFACE_WITH_KNOTS ( ( 4, 4 ),
 ( 2, 2 ),
 ( 0.000000000000000000, 1.000000000000000000 ),
 ( 0.000000000000000000, 1.000000000000000000 ),
 .UNSPECIFIED. ) 
 GEOMETRIC_REPRESENTATION_ITEM ( )  RATIONAL_B_SPLINE_SURFACE ( (
 ( 1.000000000000000000, 1.000000000000000000),
 ( 0.8657215203422359284, 0.9127505936427621203),
 ( 0.8657215203422359284, 0.9127505936427621203),
 ( 1.000000000000000000, 1.000000000000000000) ) ) 
 REPRESENTATION_ITEM ( '' )  SURFACE ( )  );
#3244 = FACE_OUTER_BOUND ( 'NONE', #1156, .T. ) ;
#3245 = ORIENTED_EDGE ( 'NONE', *, *, #2525, .T. ) ;
#3246 = CARTESIAN_POINT ( 'NONE',  ( 0.06388021399931179123, -2.876371891683278115, 8.156894768199499879 ) ) ;
#3247 = EDGE_CURVE ( 'NONE', #1965, #1377, #3203, .T. ) ;
#3248 = CARTESIAN_POINT ( 'NONE',  ( 21.21242604955889988, 4.119698999146749863, 1.648544951921049995 ) ) ;
#3249 = FACE_OUTER_BOUND ( 'NONE', #2808, .T. ) ;
#3250 = CARTESIAN_POINT ( 'NONE',  ( 7.693106532591420077, 7.862860280124968071, 2.802131856379892927 ) ) ;
#3251 = CARTESIAN_POINT ( 'NONE',  ( 0.05677524173679930619, 7.282769231814175015, 4.669148830997863264 ) ) ;
#3252 = CARTESIAN_POINT ( 'NONE',  ( 0.06382857904819162764, -8.494706212385908728, 1.625424457907660436 ) ) ;
#3253 = CARTESIAN_POINT ( 'NONE',  ( 21.18798712880127155, -1.814066011780466336, 3.920121545088715909 ) ) ;
#3254 = CARTESIAN_POINT ( 'NONE',  ( 42.31828303470383901, -0.01035095953371242307, -0.009349397760994014941 ) ) ;
#3255 = ORIENTED_EDGE ( 'NONE', *, *, #1815, .T. ) ;
#3256 = VERTEX_POINT ( 'NONE', #1694 ) ;
#3257 = CARTESIAN_POINT ( 'NONE',  ( 7.418134328448553028, 3.550430301083143281, -6.220273022283481446 ) ) ;
#3258 = CARTESIAN_POINT ( 'NONE',  ( 7.551486958989014120, 0.06619638837502642148, -7.736540139811012295 ) ) ;
#3259 = EDGE_CURVE ( 'NONE', #2362, #3531, #1126, .T. ) ;
#3260 = CARTESIAN_POINT ( 'NONE',  ( 0.06387312902083901178, 8.645437924730813961, -0.2536191479845207319 ) ) ;
#3261 = ORIENTED_EDGE ( 'NONE', *, *, #2348, .F. ) ;
#3262 = CARTESIAN_POINT ( 'NONE',  ( 0.06375423730972104575, 8.622563875286569868, -0.6725369718413402031 ) ) ;
#3263 = ORIENTED_EDGE ( 'NONE', *, *, #3035, .T. ) ;
#3264 = CARTESIAN_POINT ( 'NONE',  ( 0.08894703500304461385, -8.260488853793260589, 2.907270231018626472 ) ) ;
#3265 = DIRECTION ( 'NONE',  ( -0.9796399030715337020, 0.2002794847788720300, -0.01392078613819832181 ) ) ;
#3266 = CARTESIAN_POINT ( 'NONE',  ( 0.6474532217643091947, 11.16289254311442747, -2.211627900523423840 ) ) ;
#3267 = DIRECTION ( 'NONE',  ( 0.9796399030715338130, 0.1977911891264195476, -0.03441374455000272004 ) ) ;
#3268 = VECTOR ( 'NONE', #1238, 1000.000000000000000 ) ;
#3269 = CARTESIAN_POINT ( 'NONE',  ( 0.06388974337535263670, -2.972744908048662094, -8.122311574402415246 ) ) ;
#3270 = VERTEX_POINT ( 'NONE', #3903 ) ;
#3271 = CARTESIAN_POINT ( 'NONE',  ( 7.413560099979262574, 6.096932150726273925, 3.720601701004349948 ) ) ;
#3272 = EDGE_CURVE ( 'NONE', #86, #2212, #2310, .T. ) ;
#3273 = CARTESIAN_POINT ( 'NONE',  ( 0.6553706634321145863, -10.09299485003098340, 4.863315355799529449 ) ) ;
#3274 = ORIENTED_EDGE ( 'NONE', *, *, #3272, .T. ) ;
#3275 = CARTESIAN_POINT ( 'NONE',  ( 0.1074819131976419151, 7.405983171632184003, 4.904403321117134951 ) ) ;
#3276 = CARTESIAN_POINT ( 'NONE',  ( 0.05906383553393917962, -8.522674168166087583, -1.476173187424207223 ) ) ;
#3277 = ORIENTED_EDGE ( 'NONE', *, *, #1217, .F. ) ;
#3278 = CARTESIAN_POINT ( 'NONE',  ( 0.5600391835297050536, 10.28685494854134852, 3.254196654642999231 ) ) ;
#3279 = ORIENTED_EDGE ( 'NONE', *, *, #2858, .F. ) ;
#3280 = DIRECTION ( 'NONE',  ( -1.000000000000000000, -0.000000000000000000, -0.000000000000000000 ) ) ;
#3281 = EDGE_CURVE ( 'NONE', #2169, #3593, #393, .T. ) ;
#3282 = CARTESIAN_POINT ( 'NONE',  ( 0.07590485995811632747, -3.895305241644827721, -7.828253088063190646 ) ) ;
#3283 = CARTESIAN_POINT ( 'NONE',  ( 7.554659454625534565, 1.793616352161205629, 7.540125846792624209 ) ) ;
#3284 = ORIENTED_EDGE ( 'NONE', *, *, #3222, .F. ) ;
#3285 = VECTOR ( 'NONE', #3419, 1000.000000000000114 ) ;
#3286 = CARTESIAN_POINT ( 'NONE',  ( 7.902356314355738931, -4.992732393053379347, 7.790896473799252320 ) ) ;
#3287 = CARTESIAN_POINT ( 'NONE',  ( 0.2345154032233223440, 4.430461812321411230, 8.272797064683283352 ) ) ;
#3288 = COLOUR_RGB ( '',0.7764705882352941346, 0.7568627450980391913, 0.7372549019607843590 ) ;
#3289 = FACE_OUTER_BOUND ( 'NONE', #302, .T. ) ;
#3290 = CARTESIAN_POINT ( 'NONE',  ( 0.1027506065886549941, -3.937785798306276952, -7.888236587115446063 ) ) ;
#3291 = EDGE_CURVE ( 'NONE', #1278, #743, #2777, .T. ) ;
#3292 = VERTEX_POINT ( 'NONE', #102 ) ;
#3293 = FACE_OUTER_BOUND ( 'NONE', #160, .T. ) ;
#3294 = CARTESIAN_POINT ( 'NONE',  ( 0.1176192779148810125, -2.290684038360715213, 8.580011447548258730 ) ) ;
#3295 = FACE_OUTER_BOUND ( 'NONE', #2949, .T. ) ;
#3296 = FACE_OUTER_BOUND ( 'NONE', #3060, .T. ) ;
#3297 = ORIENTED_EDGE ( 'NONE', *, *, #636, .T. ) ;
#3298 = CARTESIAN_POINT ( 'NONE',  ( 0.06381443886811780097, 0.5391500329349282472, 8.632083387961571930 ) ) ;
#3299 = ORIENTED_EDGE ( 'NONE', *, *, #3455, .F. ) ;
#3300 = CARTESIAN_POINT ( 'NONE',  ( 0.06388967118332712636, 7.610667211944520893, -4.109366959718300016 ) ) ;
#3301 = CARTESIAN_POINT ( 'NONE',  ( 0.08905512610961305309, -2.299650358713156706, -8.450304782339195242 ) ) ;
#3302 = CARTESIAN_POINT ( 'NONE',  ( 42.31718733146613687, -0.009791290332671405416, 0.007851416075532181155 ) ) ;
#3303 = CARTESIAN_POINT ( 'NONE',  ( 0.6553706634321150304, -9.735904635817581365, -5.543693914257284305 ) ) ;
#3304 = CARTESIAN_POINT ( 'NONE',  ( 0.08905512610961349718, 7.324901580742037233, 4.800193696008215660 ) ) ;
#3305 = EDGE_CURVE ( 'NONE', #1001, #1984, #1186, .T. ) ;
#3306 = CARTESIAN_POINT ( 'NONE',  ( 7.445848533695749616, 6.755047019835546784, -2.718342769336553832 ) ) ;
#3307 = CARTESIAN_POINT ( 'NONE',  ( 0.6553706634320993762, 10.96357830797384203, -2.306584483089956006 ) ) ;
#3308 = CARTESIAN_POINT ( 'NONE',  ( 7.902356314355738931, -5.514167441810490011, -7.430975846938226326 ) ) ;
#3309 = EDGE_CURVE ( 'NONE', #3519, #2482, #929, .T. ) ;
#3310 = B_SPLINE_CURVE_WITH_KNOTS ( 'NONE', 3,
 ( #114, #1341, #1669, #2907, #3527, #751, #401 ),
 .UNSPECIFIED., .F., .F.,
 ( 4, 3, 4 ),
 ( 7.606455139545762237E-05, 0.001911412324149127599, 0.007582950371462353692 ),
 .UNSPECIFIED. ) ;
#3311 = ORIENTED_EDGE ( 'NONE', *, *, #321, .F. ) ;
#3312 = EDGE_LOOP ( 'NONE', ( #308, #112, #874, #2174 ) ) ;
#3313 = CARTESIAN_POINT ( 'NONE',  ( 0.7393912915810844089, -12.07514639428045911, -0.6908495833772813066 ) ) ;
#3314 = CARTESIAN_POINT ( 'NONE',  ( 0.06930270350510256416, 8.640987785333088311, 0.7391278915680568051 ) ) ;
#3315 = CARTESIAN_POINT ( 'NONE',  ( 42.31718733146613687, 0.007627806376836276589, 0.009966477343940020189 ) ) ;
#3316 = ORIENTED_EDGE ( 'NONE', *, *, #3309, .F. ) ;
#3317 = CARTESIAN_POINT ( 'NONE',  ( 0.06388035843267021729, 0.8418754111792519090, 8.608118497862093932 ) ) ;
#3318 = ORIENTED_EDGE ( 'NONE', *, *, #2613, .T. ) ;
#3319 =( BOUNDED_SURFACE ( )  B_SPLINE_SURFACE ( 3, 1, ( 
 ( #913, #2469 ),
 ( #2486, #2788 ),
 ( #647, #950 ),
 ( #2226, #2450 ) ),
 .UNSPECIFIED., .F., .F., .T. ) 
 B_SPLINE_SURFACE_WITH_KNOTS ( ( 4, 4 ),
 ( 2, 2 ),
 ( 0.000000000000000000, 1.000000000000000000 ),
 ( 0.000000000000000000, 1.000000000000000000 ),
 .UNSPECIFIED. ) 
 GEOMETRIC_REPRESENTATION_ITEM ( )  RATIONAL_B_SPLINE_SURFACE ( (
 ( 1.000000000000000000, 1.000000000000000000),
 ( 0.9935868805207672683, 0.8436843346538653865),
 ( 0.9935868805207672683, 0.8436843346538653865),
 ( 1.000000000000000000, 1.000000000000000000) ) ) 
 REPRESENTATION_ITEM ( '' )  SURFACE ( )  );
#3320 = CARTESIAN_POINT ( 'NONE',  ( 0.1176192779148814427, -6.015630120710512507, -6.532688883948182479 ) ) ;
#3321 = CARTESIAN_POINT ( 'NONE',  ( 0.1074819131976419151, 5.761337324564354212, -6.760824720939416110 ) ) ;
#3322 = CARTESIAN_POINT ( 'NONE',  ( 0.7361483507723657338, 8.641529542160698796, 7.655727129190238678 ) ) ;
#3323 = ORIENTED_EDGE ( 'NONE', *, *, #2270, .T. ) ;
#3324 = FACE_OUTER_BOUND ( 'NONE', #1691, .T. ) ;
#3325 = CARTESIAN_POINT ( 'NONE',  ( 3.999898400000003740, 3.796405077356794918E-16, -3.100000000000000089 ) ) ;
#3326 = B_SPLINE_CURVE_WITH_KNOTS ( 'NONE', 3,
 ( #1424, #3262, #3000, #2056, #221, #1733 ),
 .UNSPECIFIED., .F., .F.,
 ( 4, 2, 4 ),
 ( 1.184614917537061671E-17, 0.0001965022614975714095, 0.0003930045229951310013 ),
 .UNSPECIFIED. ) ;
#3327 = LINE ( 'NONE', #883, #1924 ) ;
#3328 = CARTESIAN_POINT ( 'NONE',  ( 42.31647246991754940, -0.009043675725840418303, -0.009396661201583602838 ) ) ;
#3329 = EDGE_CURVE ( 'NONE', #3601, #262, #253, .T. ) ;
#3330 = CARTESIAN_POINT ( 'NONE',  ( 0.06382857904819193295, 5.280523115229383890, -6.849679841615978759 ) ) ;
#3331 = CARTESIAN_POINT ( 'NONE',  ( 2.664989167648600166, 10.68928851593170926, -2.634672990739034937 ) ) ;
#3332 = VERTEX_POINT ( 'NONE', #3946 ) ;
#3333 = EDGE_CURVE ( 'NONE', #1693, #1965, #147, .T. ) ;
#3334 = CARTESIAN_POINT ( 'NONE',  ( 7.413560099979269680, 4.428378286761885718, -5.604009673208284248 ) ) ;
#3335 = CARTESIAN_POINT ( 'NONE',  ( 7.505446141434608975, 0.1128156185449240428, -7.537427742964283972 ) ) ;
#3336 = CARTESIAN_POINT ( 'NONE',  ( 42.31703308766501692, 0.01239488997654649913, 0.001776468927660284757 ) ) ;
#3337 = CARTESIAN_POINT ( 'NONE',  ( 42.31828303470386743, 0.008033559825159995033, 0.01140243475304205355 ) ) ;
#3338 = VERTEX_POINT ( 'NONE', #897 ) ;
#3339 = CARTESIAN_POINT ( 'NONE',  ( 7.901878860671745386, 9.053606734136728562, -1.902906198111820046 ) ) ;
#3340 = CARTESIAN_POINT ( 'NONE',  ( 42.31647246991754940, -0.003640930965278510022, -0.01252313595221172561 ) ) ;
#3341 = CARTESIAN_POINT ( 'NONE',  ( 0.06375423724002884929, -6.008107099388949379, -6.221218760322030583 ) ) ;
#3342 = ADVANCED_FACE ( 'NONE', ( #834 ), #1654, .F. ) ;
#3343 = CARTESIAN_POINT ( 'NONE',  ( 0.1176192779148810125, -2.290684038360597974, -8.580011447548290704 ) ) ;
#3344 = CARTESIAN_POINT ( 'NONE',  ( 21.21242604955889988, 2.133100044129889739, 3.890951619309622522 ) ) ;
#3345 = ORIENTED_EDGE ( 'NONE', *, *, #1464, .F. ) ;
#3346 = CARTESIAN_POINT ( 'NONE',  ( 0.05906383553393916575, -2.492705073990128639, 8.282601262290700816 ) ) ;
#3347 = CARTESIAN_POINT ( 'NONE',  ( 7.413575350526953933, -6.969001215074808187, -1.565346490853302353 ) ) ;
#3348 = CARTESIAN_POINT ( 'NONE',  ( 0.1074819131976425951, 8.243322759803097810, 3.308986030855390226 ) ) ;
#3349 = VECTOR ( 'NONE', #718, 1000.000000000000114 ) ;
#3350 = CARTESIAN_POINT ( 'NONE',  ( 0.1176192779148814427, 5.759954142422722079, -6.759198035332818044 ) ) ;
#3351 = LINE ( 'NONE', #2779, #3224 ) ;
#3352 = CARTESIAN_POINT ( 'NONE',  ( 7.413567691083501998, -2.857185480359562657, -6.546048090034872757 ) ) ;
#3353 = VECTOR ( 'NONE', #3065, 1000.000000000000227 ) ;
#3354 =( BOUNDED_SURFACE ( )  B_SPLINE_SURFACE ( 3, 1, ( 
 ( #779, #2953 ),
 ( #2023, #2822 ),
 ( #473, #1318 ),
 ( #3128, #2935 ) ),
 .UNSPECIFIED., .F., .F., .F. ) 
 B_SPLINE_SURFACE_WITH_KNOTS ( ( 4, 4 ),
 ( 2, 2 ),
 ( 0.000000000000000000, 1.000000000000000000 ),
 ( 0.000000000000000000, 1.000000000000000000 ),
 .UNSPECIFIED. ) 
 GEOMETRIC_REPRESENTATION_ITEM ( )  RATIONAL_B_SPLINE_SURFACE ( (
 ( 1.000000000000000000, 1.000000000000000000),
 ( 0.8657215203422357064, 0.9127505936427622313),
 ( 0.8657215203422357064, 0.9127505936427622313),
 ( 1.000000000000000000, 1.000000000000000000) ) ) 
 REPRESENTATION_ITEM ( '' )  SURFACE ( )  );
#3355 = ORIENTED_EDGE ( 'NONE', *, *, #2420, .F. ) ;
#3356 = ORIENTED_EDGE ( 'NONE', *, *, #3305, .T. ) ;
#3357 = DIRECTION ( 'NONE',  ( 0.000000000000000000, 0.000000000000000000, 1.000000000000000000 ) ) ;
#3358 = LINE ( 'NONE', #590, #51 ) ;
#3359 = CARTESIAN_POINT ( 'NONE',  ( 0.06375423724002915460, -8.532956503688001959, 1.410520147916811462 ) ) ;
#3360 = EDGE_CURVE ( 'NONE', #1092, #2885, #2521, .T. ) ;
#3361 = CARTESIAN_POINT ( 'NONE',  ( 7.413556062442729910, 1.356954940729789616, 7.012290081853453927 ) ) ;
#3362 = ORIENTED_EDGE ( 'NONE', *, *, #1536, .T. ) ;
#3363 = CARTESIAN_POINT ( 'NONE',  ( 0.1176192779148814427, 1.959030151442359591, 8.661756788862145839 ) ) ;
#3364 = CARTESIAN_POINT ( 'NONE',  ( 7.505211937575539949, 0.1129471491100979691, 7.536416182392509100 ) ) ;
#3365 = EDGE_CURVE ( 'NONE', #1583, #2651, #3701, .T. ) ;
#3366 = CARTESIAN_POINT ( 'NONE',  ( 0.06386389998796467016, 7.794407961446346178, -3.748583028555112051 ) ) ;
#3367 = B_SPLINE_CURVE_WITH_KNOTS ( 'NONE', 3,
 ( #3204, #3165, #1696, #389, #3807, #2582 ),
 .UNSPECIFIED., .F., .F.,
 ( 4, 2, 4 ),
 ( 2.710505431213761085E-20, 0.0001965022614975656362, 0.0003930045229951312181 ),
 .UNSPECIFIED. ) ;
#3368 = CARTESIAN_POINT ( 'NONE',  ( 0.07590485995811632747, 8.106769837916585786, 3.276466409320021977 ) ) ;
#3369 = ORIENTED_EDGE ( 'NONE', *, *, #3236, .F. ) ;
#3370 = CARTESIAN_POINT ( 'NONE',  ( 7.413573966487534861, -6.882804027305820860, -1.908981698961512041 ) ) ;
#3371 = EDGE_CURVE ( 'NONE', #1036, #2995, #1465, .T. ) ;
#3372 = CARTESIAN_POINT ( 'NONE',  ( 7.902356314355735378, -1.429206120842075878, -9.142363724893561638 ) ) ;
#3373 = CARTESIAN_POINT ( 'NONE',  ( 0.1768972933276636850, 5.954566969294576850, -6.928847673450435174 ) ) ;
#3374 = CARTESIAN_POINT ( 'NONE',  ( 0.2866314039218939569, 2.724461572189724334E-14, -9.608583175786234776 ) ) ;
#3375 = CARTESIAN_POINT ( 'NONE',  ( 7.418146516826700676, -6.782356109031995928, -2.301683720242962305 ) ) ;
#3376 = ORIENTED_EDGE ( 'NONE', *, *, #3385, .T. ) ;
#3377 = FACE_OUTER_BOUND ( 'NONE', #1258, .T. ) ;
#3378 = CARTESIAN_POINT ( 'NONE',  ( 0.06387330960167561522, -6.638638478878652549, 5.544042945835586877 ) ) ;
#3379 = CARTESIAN_POINT ( 'NONE',  ( 3.999898400000003740, 0.000000000000000000, 0.000000000000000000 ) ) ;
#3380 = B_SPLINE_CURVE_WITH_KNOTS ( 'NONE', 3,
 ( #3188, #1299, #684, #3170, #2528, #1068, #3520 ),
 .UNSPECIFIED., .F., .F.,
 ( 4, 3, 4 ),
 ( 7.606455139545993986E-05, 0.001911412324149131935, 0.007582950371462354559 ),
 .UNSPECIFIED. ) ;
#3381 = CARTESIAN_POINT ( 'NONE',  ( 0.06379792852514833135, 7.384048711418142119, 4.503125667742982507 ) ) ;
#3382 = ORIENTED_EDGE ( 'NONE', *, *, #2468, .F. ) ;
#3383 = CARTESIAN_POINT ( 'NONE',  ( 42.31828303470386743, 0.01394760196108783129, -0.0001341689116928038996 ) ) ;
#3384 = CARTESIAN_POINT ( 'NONE',  ( 7.596506484918140067, 1.661812471017066638E-14, 7.930470405122479249 ) ) ;
#3385 = EDGE_CURVE ( 'NONE', #2396, #1043, #2211, .T. ) ;
#3386 = CARTESIAN_POINT ( 'NONE',  ( 0.4998984000000070149, -5.000000000000002665, 2.886751345948127767 ) ) ;
#3387 = CARTESIAN_POINT ( 'NONE',  ( 0.4166821207338480826, -4.765639982482603898, -9.068165912838773934 ) ) ;
#3388 = ORIENTED_EDGE ( 'NONE', *, *, #3434, .F. ) ;
#3389 = CARTESIAN_POINT ( 'NONE',  ( 7.413570530636542699, -6.857715282687232516, -1.996957840669782991 ) ) ;
#3390 = CARTESIAN_POINT ( 'NONE',  ( 42.32077784063513093, 0.01026964271461147139, -0.007354482951479625850 ) ) ;
#3391 = CARTESIAN_POINT ( 'NONE',  ( 7.413573966487536637, -5.207272268853217589, -4.888917868332363525 ) ) ;
#3392 = CARTESIAN_POINT ( 'NONE',  ( 0.06388974337535266446, 4.995819796207512375, -7.060519964126001469 ) ) ;
#3393 = CARTESIAN_POINT ( 'NONE',  ( 7.445848533695747840, -6.858819981960186496, -2.444715956273266766 ) ) ;
#3394 = VECTOR ( 'NONE', #1736, 1000.000000000000114 ) ;
#3395 = ORIENTED_EDGE ( 'NONE', *, *, #2006, .F. ) ;
#3396 = CARTESIAN_POINT ( 'NONE',  ( 7.413572065574260073, 4.266193273040021161, -5.728360900540894640 ) ) ;
#3397 = EDGE_CURVE ( 'NONE', #2482, #1043, #1075, .T. ) ;
#3398 = CARTESIAN_POINT ( 'NONE',  ( 0.06387312902083856769, -6.303022605714842186, 5.922822436511660626 ) ) ;
#3399 = CARTESIAN_POINT ( 'NONE',  ( 0.1074819131976416514, 8.836862293579534011, -0.9009014812930956628 ) ) ;
#3400 = CARTESIAN_POINT ( 'NONE',  ( 0.06387330960167561522, 7.537863852420780830, 4.241290084500909607 ) ) ;
#3401 = VERTEX_POINT ( 'NONE', #3386 ) ;
#3402 = CARTESIAN_POINT ( 'NONE',  ( 4.326091500877488727, -5.991830905409462282, -8.680665699976637839 ) ) ;
#3403 = CARTESIAN_POINT ( 'NONE',  ( 7.413556062442729022, -5.665703797354328053, -4.348946928151230296 ) ) ;
#3404 = CARTESIAN_POINT ( 'NONE',  ( 7.413573959427520954, -2.346146107114066126, 6.746127676824107411 ) ) ;
#3405 = ORIENTED_EDGE ( 'NONE', *, *, #888, .T. ) ;
#3406 = B_SPLINE_CURVE_WITH_KNOTS ( 'NONE', 3,
 ( #770, #3239, #3693, #2465, #3071, #3711, #4000, #2763, #644, #1235, #258, #927, #2165, #3417, #2783, #3396, #1560, #2742, #909, #2721, #3334, #1199 ),
 .UNSPECIFIED., .F., .F.,
 ( 4, 3, 3, 3, 3, 3, 3, 4 ),
 ( 1.011508913927958987E-17, 0.0001518422528443212052, 0.0003036844294303860277, 0.0004555265571827252398, 0.0006073686701617305285, 0.0007592108045166024973, 0.0008818169290298536996, 0.001004459747408503875 ),
 .UNSPECIFIED. ) ;
#3407 = CARTESIAN_POINT ( 'NONE',  ( 0.5595309360302105350, 3.163161790304331422, -10.31292367799057175 ) ) ;
#3408 = B_SPLINE_CURVE_WITH_KNOTS ( 'NONE', 3,
 ( #65, #3766, #1332, #2565, #3476, #2258, #1964, #1352 ),
 .UNSPECIFIED., .F., .F.,
 ( 4, 2, 2, 4 ),
 ( 0.0003971953635618535091, 0.001705102816264083675, 0.002359056542615198433, 0.003013010268966312757 ),
 .UNSPECIFIED. ) ;
#3409 = EDGE_CURVE ( 'NONE', #367, #3943, #3589, .T. ) ;
#3410 = CARTESIAN_POINT ( 'NONE',  ( 1.915078604103044313, 8.396416314813352599, -7.438575758570836527 ) ) ;
#3411 = CARTESIAN_POINT ( 'NONE',  ( 42.31718733146613687, 0.006613960780299699312, -0.01066628443116117431 ) ) ;
#3412 = CARTESIAN_POINT ( 'NONE',  ( 7.413560099979261686, -7.030834535913799144, 1.258103492037901505 ) ) ;
#3413 = CARTESIAN_POINT ( 'NONE',  ( 0.06924179319540506305, 1.774736826699466974, 8.488742368998526189 ) ) ;
#3414 = VECTOR ( 'NONE', #2982, 1000.000000000000227 ) ;
#3415 = B_SPLINE_CURVE_WITH_KNOTS ( 'NONE', 3,
 ( #2939, #1454, #460, #2647, #149, #3891, #3625, #2695 ),
 .UNSPECIFIED., .F., .F.,
 ( 4, 2, 2, 4 ),
 ( 0.0004800065146897994047, 0.002063914009317798295, 0.002855867756631797795, 0.003647821503945797295 ),
 .UNSPECIFIED. ) ;
#3416 = ORIENTED_EDGE ( 'NONE', *, *, #967, .T. ) ;
#3417 = CARTESIAN_POINT ( 'NONE',  ( 7.413575171585918611, 4.184690846682504350, -5.788405573105274371 ) ) ;
#3418 = CARTESIAN_POINT ( 'NONE',  ( 0.06382857904819162764, -6.766316391914482864, 5.386928697098332997 ) ) ;
#3419 = DIRECTION ( 'NONE',  ( 0.000000000000000000, 0.8660254037844387076, -0.4999999999999998335 ) ) ;
#3420 = AXIS2_PLACEMENT_3D ( 'NONE', #3682, #4012, #2797 ) ;
#3421 = CARTESIAN_POINT ( 'NONE',  ( 0.06388494259132586339, 7.728003975753443555, 3.883837370832988967 ) ) ;
#3422 = VERTEX_POINT ( 'NONE', #2474 ) ;
#3423 = CARTESIAN_POINT ( 'NONE',  ( 7.413573966487536637, 3.885963773245392883, 5.993036622472086350 ) ) ;
#3424 = FACE_OUTER_BOUND ( 'NONE', #1458, .T. ) ;
#3425 = CARTESIAN_POINT ( 'NONE',  ( 42.31691042206860232, -0.001567997264344258949, -0.01234219233730818495 ) ) ;
#3426 = CARTESIAN_POINT ( 'NONE',  ( 0.2345154032233225105, -9.306263038423592704, 1.208979488470105501 ) ) ;
#3427 = ORIENTED_EDGE ( 'NONE', *, *, #191, .F. ) ;
#3428 = CARTESIAN_POINT ( 'NONE',  ( 3.999898400000003740, 0.000000000000000000, 3.100000000000000089 ) ) ;
#3429 = EDGE_LOOP ( 'NONE', ( #3861, #235, #58, #2137 ) ) ;
#3430 = DIRECTION ( 'NONE',  ( 0.000000000000000000, -0.4999999999999997780, -0.8660254037844388186 ) ) ;
#3431 = CARTESIAN_POINT ( 'NONE',  ( 0.2316253704818810322, 0.08137505941512339358, -9.371634108940394725 ) ) ;
#3432 = CARTESIAN_POINT ( 'NONE',  ( 0.1074819131976416514, 1.959498939909227744, 8.663839944226721101 ) ) ;
#3433 = CARTESIAN_POINT ( 'NONE',  ( 0.06924179319540468835, 7.994263437387178151, 3.361575509330195111 ) ) ;
#3434 = EDGE_CURVE ( 'NONE', #982, #831, #1630, .T. ) ;
#3435 = CARTESIAN_POINT ( 'NONE',  ( 0.07590485995811632747, -7.087092104619099331, -5.121335259187990374 ) ) ;
#3436 = ORIENTED_EDGE ( 'NONE', *, *, #1406, .T. ) ;
#3437 = CARTESIAN_POINT ( 'NONE',  ( 0.6553706634321145863, 3.611280218182751689, 10.60561344187451560 ) ) ;
#3438 = CARTESIAN_POINT ( 'NONE',  ( 0.1176192779148810125, -3.974998375457743371, 7.941235276628441753 ) ) ;
#3439 = EDGE_CURVE ( 'NONE', #2413, #1325, #3982, .T. ) ;
#3440 = FACE_OUTER_BOUND ( 'NONE', #2650, .T. ) ;
#3441 = CARTESIAN_POINT ( 'NONE',  ( 0.06388021399931208266, 7.750713502472416749, 3.838604918630950991 ) ) ;
#3442 = VERTEX_POINT ( 'NONE', #614 ) ;
#3443 = CARTESIAN_POINT ( 'NONE',  ( 7.823544100114498079, -8.141099622633401367, -3.623122337448243524 ) ) ;
#3444 = CARTESIAN_POINT ( 'NONE',  ( 0.1027505222336369678, 8.178343051095438909, -3.293194798352848007 ) ) ;
#3445 = CARTESIAN_POINT ( 'NONE',  ( 0.06550413281379187380, -6.344889520607124744, 5.891544922280010255 ) ) ;
#3446 = CARTESIAN_POINT ( 'NONE',  ( 0.1176192779148810125, 7.404201622211673772, -4.903226299213380379 ) ) ;
#3447 = ORIENTED_EDGE ( 'NONE', *, *, #1517, .F. ) ;
#3448 = CARTESIAN_POINT ( 'NONE',  ( 0.6474532217643091947, -6.026324259084607782, -9.653231781318714511 ) ) ;
#3449 = ORIENTED_EDGE ( 'NONE', *, *, #512, .F. ) ;
#3450 = CARTESIAN_POINT ( 'NONE',  ( 21.18798712880127155, -4.256703733485784902, -0.7339357933048435978 ) ) ;
#3451 = CARTESIAN_POINT ( 'NONE',  ( 1.325613487614298869, 8.518972955910392386, -7.547151468175411715 ) ) ;
#3452 = DIRECTION ( 'NONE',  ( 0.000000000000000000, -1.502314598737159524E-16, 1.000000000000000000 ) ) ;
#3453 = CARTESIAN_POINT ( 'NONE',  ( 42.31737018592016142, 0.0009637855344575217394, -0.01248970409045547202 ) ) ;
#3454 = CARTESIAN_POINT ( 'NONE',  ( 0.06386389998796467016, -2.781739577511641137, -8.189419705591779675 ) ) ;
#3455 = EDGE_CURVE ( 'NONE', #3627, #2048, #3048, .T. ) ;
#3456 = ORIENTED_EDGE ( 'NONE', *, *, #2906, .T. ) ;
#3457 = CARTESIAN_POINT ( 'NONE',  ( 42.31737018592016142, -0.009003609608577007456, -0.008709569727598027306 ) ) ;
#3458 = DIRECTION ( 'NONE',  ( -0.9785289697799391950, -0.2040598005277833860, -0.02899401852058439144 ) ) ;
#3459 = FACE_OUTER_BOUND ( 'NONE', #1121, .T. ) ;
#3460 = AXIS2_PLACEMENT_3D ( 'NONE', #21, #3744, #964 ) ;
#3461 = CARTESIAN_POINT ( 'NONE',  ( 2.504543697384067347, 3.919718000036901184, 10.33544694588852941 ) ) ;
#3462 = EDGE_CURVE ( 'NONE', #1583, #3401, #3840, .T. ) ;
#3463 = ORIENTED_EDGE ( 'NONE', *, *, #2115, .T. ) ;
#3464 = CARTESIAN_POINT ( 'NONE',  ( 7.650533637369915319, 6.686508160762867803, 4.687431655129639552 ) ) ;
#3465 = CARTESIAN_POINT ( 'NONE',  ( 7.413561061157196264, -5.036320619761367468, 5.064768790003074450 ) ) ;
#3466 = CARTESIAN_POINT ( 'NONE',  ( 42.31647246991754940, 0.01102965116300085903, -0.006959318040872347969 ) ) ;
#3467 = CARTESIAN_POINT ( 'NONE',  ( 0.4021422169983501216, -10.05557918666730721, 1.017833558105819991 ) ) ;
#3468 = ORIENTED_EDGE ( 'NONE', *, *, #3365, .F. ) ;
#3469 = CARTESIAN_POINT ( 'NONE',  ( 42.31703308766501692, -0.008099691572251091140, -0.009549038475995370867 ) ) ;
#3470 = ORIENTED_EDGE ( 'NONE', *, *, #2714, .T. ) ;
#3471 = CARTESIAN_POINT ( 'NONE',  ( 0.06377903728225012281, 0.4380656911629109973, -8.637502260428837175 ) ) ;
#3472 = EDGE_CURVE ( 'NONE', #3612, #3710, #1711, .T. ) ;
#3473 = CARTESIAN_POINT ( 'NONE',  ( 7.413572568327801093, 0.6131215862006094142, -7.116262944209432284 ) ) ;
#3474 = CARTESIAN_POINT ( 'NONE',  ( 0.06384252422479834432, -6.735314614227307040, -5.425970487702121758 ) ) ;
#3475 = CARTESIAN_POINT ( 'NONE',  ( 42.31691042206860232, 0.004347310147046788004, -0.01165715323728241763 ) ) ;
#3476 = CARTESIAN_POINT ( 'NONE',  ( 7.647656735037466902, 5.462433235190846226, 6.049990577943933800 ) ) ;
#3477 = ORIENTED_EDGE ( 'NONE', *, *, #269, .F. ) ;
#3478 = CARTESIAN_POINT ( 'NONE',  ( 7.413575171585923940, 6.250610321854221496, 3.456464547105027485 ) ) ;
#3479 = CARTESIAN_POINT ( 'NONE',  ( 42.31647246991754940, -0.01041824361100380895, -0.007845094800783216152 ) ) ;
#3480 =( BOUNDED_SURFACE ( )  B_SPLINE_SURFACE ( 3, 1, ( 
 ( #3507, #116 ),
 ( #998, #3550 ),
 ( #3216, #3857 ),
 ( #1076, #2114 ) ),
 .UNSPECIFIED., .F., .F., .F. ) 
 B_SPLINE_SURFACE_WITH_KNOTS ( ( 4, 4 ),
 ( 2, 2 ),
 ( 0.000000000000000000, 1.000000000000000000 ),
 ( 0.000000000000000000, 1.000000000000000000 ),
 .UNSPECIFIED. ) 
 GEOMETRIC_REPRESENTATION_ITEM ( )  RATIONAL_B_SPLINE_SURFACE ( (
 ( 1.000000000000000000, 1.000000000000000000),
 ( 0.8657215203422359284, 0.9127505936427621203),
 ( 0.8657215203422359284, 0.9127505936427621203),
 ( 1.000000000000000000, 1.000000000000000000) ) ) 
 REPRESENTATION_ITEM ( '' )  SURFACE ( )  );
#3481 = CARTESIAN_POINT ( 'NONE',  ( 4.326091500877491391, -1.271396280345385321, 10.47089041543721422 ) ) ;
#3482 = VERTEX_POINT ( 'NONE', #1690 ) ;
#3483 = CARTESIAN_POINT ( 'NONE',  ( -0.0001015999999967978526, 2.030945643802661931E-16, -6.350852961085889703 ) ) ;
#3484 = AXIS2_PLACEMENT_3D ( 'NONE', #2902, #2243, #1624 ) ;
#3485 = CARTESIAN_POINT ( 'NONE',  ( 7.413556062442729022, 4.460297618939086384, 5.578466102228962775 ) ) ;
#3486 = EDGE_CURVE ( 'NONE', #3075, #1583, #3573, .T. ) ;
#3487 = STYLED_ITEM ( 'NONE', ( #3240 ), #2289 ) ;
#3488 = CARTESIAN_POINT ( 'NONE',  ( 0.2866314039218185727, 2.055134527913716032E-15, 9.608583175785918584 ) ) ;
#3489 = B_SPLINE_CURVE_WITH_KNOTS ( 'NONE', 3,
 ( #1594, #1922, #2837, #1655, #678, #3473, #62, #696, #984, #3763, #2895, #2237, #1268, #1943, #3164, #410, #3786, #387, #2562, #3741, #3143, #2498 ),
 .UNSPECIFIED., .F., .F.,
 ( 4, 3, 3, 3, 3, 3, 3, 4 ),
 ( 1.001230034697944482E-17, 0.0001518422528443213679, 0.0003036844294303845640, 0.0004555265571827222582, 0.0006073686701617261917, 0.0007592108045165981605, 0.0008818169290298522901, 0.001004459747408503007 ),
 .UNSPECIFIED. ) ;
#3490 =( BOUNDED_SURFACE ( )  B_SPLINE_SURFACE ( 3, 1, ( 
 ( #120, #3201 ),
 ( #3532, #774 ),
 ( #3492, #1365 ),
 ( #2018, #3160 ) ),
 .UNSPECIFIED., .F., .F., .F. ) 
 B_SPLINE_SURFACE_WITH_KNOTS ( ( 4, 4 ),
 ( 2, 2 ),
 ( 0.000000000000000000, 1.000000000000000000 ),
 ( 0.000000000000000000, 1.000000000000000000 ),
 .UNSPECIFIED. ) 
 GEOMETRIC_REPRESENTATION_ITEM ( )  RATIONAL_B_SPLINE_SURFACE ( (
 ( 1.000000000000000000, 1.000000000000000000),
 ( 0.9935868805207672683, 0.8436843346538670518),
 ( 0.9935868805207672683, 0.8436843346538670518),
 ( 1.000000000000000000, 1.000000000000000000) ) ) 
 REPRESENTATION_ITEM ( '' )  SURFACE ( )  );
#3491 = ORIENTED_EDGE ( 'NONE', *, *, #3455, .T. ) ;
#3492 = CARTESIAN_POINT ( 'NONE',  ( 42.31703308766501692, -0.0002694775791456135278, -0.01251864694030306591 ) ) ;
#3493 = VERTEX_POINT ( 'NONE', #2575 ) ;
#3494 = EDGE_CURVE ( 'NONE', #3757, #1957, #2616, .T. ) ;
#3495 = CARTESIAN_POINT ( 'NONE',  ( 0.08905512610961324738, 4.255117001151309530, 7.654411929943881532 ) ) ;
#3496 = DIRECTION ( 'NONE',  ( -0.7071067811865483499, 0.3535533905932732868, -0.6123724356957939152 ) ) ;
#3497 = PLANE ( 'NONE',  #2641 ) ;
#3498 = CARTESIAN_POINT ( 'NONE',  ( 7.413556062442729022, 7.124725435817317098, 0.5018230439597394232 ) ) ;
#3499 = CARTESIAN_POINT ( 'NONE',  ( 7.413573959427520954, 6.229625695842095467, -3.493766431466559297 ) ) ;
#3500 = CARTESIAN_POINT ( 'NONE',  ( 7.413550661955977894, -5.699107043360954528, -4.305391773648588938 ) ) ;
#3501 = CARTESIAN_POINT ( 'NONE',  ( 0.1074819131976425951, 0.1708331495738768524, -8.881023291811059650 ) ) ;
#3502 = CARTESIAN_POINT ( 'NONE',  ( 0.4166821207338480826, 4.755762169852308041, -9.073350188833753549 ) ) ;
#3503 = CARTESIAN_POINT ( 'NONE',  ( 0.08894703500304458610, -2.299856014684333427, 8.449766778528864819 ) ) ;
#3504 = ORIENTED_EDGE ( 'NONE', *, *, #351, .F. ) ;
#3505 = ORIENTED_EDGE ( 'NONE', *, *, #1820, .F. ) ;
#3506 = CARTESIAN_POINT ( 'NONE',  ( 0.7361483507723660669, -6.558286975480050351, 9.501318995376607290 ) ) ;
#3507 = CARTESIAN_POINT ( 'NONE',  ( 42.31737018592016142, 0.007560801945630428803, 0.009987785778766026384 ) ) ;
#3508 = CARTESIAN_POINT ( 'NONE',  ( 0.06377903728224926239, -3.626159543129688245, 7.851707700650651489 ) ) ;
#3509 = CARTESIAN_POINT ( 'NONE',  ( 0.3471135949763302642, -8.173716732259801887, 5.531461030822343972 ) ) ;
#3510 = EDGE_CURVE ( 'NONE', #831, #1984, #1671, .T. ) ;
#3511 = CARTESIAN_POINT ( 'NONE',  ( 7.413556062442729910, -2.995675155433300763, 6.483785103344414935 ) ) ;
#3512 = ORIENTED_EDGE ( 'NONE', *, *, #424, .T. ) ;
#3513 =( BOUNDED_SURFACE ( )  B_SPLINE_SURFACE ( 3, 1, ( 
 ( #2548, #2640 ),
 ( #2863, #3266 ),
 ( #1599, #3886 ),
 ( #3457, #68 ) ),
 .UNSPECIFIED., .F., .F., .F. ) 
 B_SPLINE_SURFACE_WITH_KNOTS ( ( 4, 4 ),
 ( 2, 2 ),
 ( 0.000000000000000000, 1.000000000000000000 ),
 ( 0.000000000000000000, 1.000000000000000000 ),
 .UNSPECIFIED. ) 
 GEOMETRIC_REPRESENTATION_ITEM ( )  RATIONAL_B_SPLINE_SURFACE ( (
 ( 1.000000000000000000, 1.000000000000000000),
 ( 0.8657215203422357064, 0.9127505936427622313),
 ( 0.8657215203422357064, 0.9127505936427622313),
 ( 1.000000000000000000, 1.000000000000000000) ) ) 
 REPRESENTATION_ITEM ( '' )  SURFACE ( )  );
#3514 = CARTESIAN_POINT ( 'NONE',  ( 0.06924179319540517408, -8.212928994219762302, 2.785001821754944373 ) ) ;
#3515 = EDGE_CURVE ( 'NONE', #2048, #2122, #3689, .T. ) ;
#3516 = CARTESIAN_POINT ( 'NONE',  ( 0.05677524173679951436, 7.282769231814238964, -4.669148830997764676 ) ) ;
#3517 = CARTESIAN_POINT ( 'NONE',  ( 0.06381431755680393170, 4.488604171459471992, -7.392966329246617008 ) ) ;
#3518 = CARTESIAN_POINT ( 'NONE',  ( 7.413570567084494023, 6.179626019068557241, -3.581789425500308877 ) ) ;
#3519 = VERTEX_POINT ( 'NONE', #1041 ) ;
#3520 = CARTESIAN_POINT ( 'NONE',  ( 7.969186335162198098, 3.381462745154811156, -8.916184481055950073 ) ) ;
#3521 = B_SPLINE_CURVE_WITH_KNOTS ( 'NONE', 3,
 ( #2692, #254, #822, #2993, #231, #2065, #3373, #3350 ),
 .UNSPECIFIED., .F., .F.,
 ( 4, 2, 2, 4 ),
 ( 0.0004800065146898013562, 0.002063914009317797428, 0.002855867756631796928, 0.003647821503945796861 ),
 .UNSPECIFIED. ) ;
#3522 = CARTESIAN_POINT ( 'NONE',  ( 0.6474532217643091947, 4.521111645800493406, -10.44322830286212245 ) ) ;
#3523 = CARTESIAN_POINT ( 'NONE',  ( 42.31691042206860232, -0.001567997264344262419, -0.01234219233730818321 ) ) ;
#3524 = ORIENTED_EDGE ( 'NONE', *, *, #3918, .T. ) ;
#3525 = EDGE_CURVE ( 'NONE', #356, #3422, #3731, .T. ) ;
#3526 = EDGE_LOOP ( 'NONE', ( #1338, #1917, #2487, #2164 ) ) ;
#3527 = CARTESIAN_POINT ( 'NONE',  ( 4.326091500877489615, -5.991830905409580410, 8.680665699976559679 ) ) ;
#3528 = CARTESIAN_POINT ( 'NONE',  ( 7.361297821651285211, 0.000000000000000000, 3.100000000000000089 ) ) ;
#3529 = B_SPLINE_CURVE_WITH_KNOTS ( 'NONE', 3,
 ( #1689, #3465, #691, #1019, #2284, #1039, #3800, #2927, #1670, #730, #2908, #2849, #3156, #1990, #55, #2249, #1628, #1953, #133, #1649, #95, #3776 ),
 .UNSPECIFIED., .F., .F.,
 ( 4, 3, 3, 3, 3, 3, 3, 4 ),
 ( 9.813077866773594792E-18, 0.0001518422528443211510, 0.0003036844294303860277, 0.0004555265571827266493, 0.0006073686701617315043, 0.0007592108045166019552, 0.0008818169290298540249, 0.001004459747408503658 ),
 .UNSPECIFIED. ) ;
#3530 = CARTESIAN_POINT ( 'NONE',  ( 0.06379792852514831747, 8.630957269667247189, 0.5557812170807071572 ) ) ;
#3531 = VERTEX_POINT ( 'NONE', #3488 ) ;
#3532 = CARTESIAN_POINT ( 'NONE',  ( 42.31718733146613687, 0.0008995018915800781370, -0.01251818665449663630 ) ) ;
#3533 = ORIENTED_EDGE ( 'NONE', *, *, #3525, .F. ) ;
#3534 = VECTOR ( 'NONE', #1350, 1000.000000000000227 ) ;
#3535 = CARTESIAN_POINT ( 'NONE',  ( 0.06386368320973524748, -2.780637302098790897, 8.189793051875717822 ) ) ;
#3536 = B_SPLINE_CURVE_WITH_KNOTS ( 'NONE', 3,
 ( #2866, #2903, #72, #1358, #3192, #1321 ),
 .UNSPECIFIED., .F., .F.,
 ( 4, 2, 4 ),
 ( 0.000000000000000000, 0.0001623299153823899341, 0.0003246598307647785672 ),
 .UNSPECIFIED. ) ;
#3537 = CARTESIAN_POINT ( 'NONE',  ( 0.06377903728224926239, -6.859675326050862054, -5.267181529988905098 ) ) ;
#3538 = DIRECTION ( 'NONE',  ( -0.9796399030715337020, -0.1591425357039187860, -0.1223900062902311403 ) ) ;
#3539 = CARTESIAN_POINT ( 'NONE',  ( 0.06382857904819162764, -8.277061211907225768, -2.508444936101456246 ) ) ;
#3540 = CARTESIAN_POINT ( 'NONE',  ( 7.413560099979261686, 6.525447389382469154, -2.904134128527416703 ) ) ;
#3541 = EDGE_CURVE ( 'NONE', #1309, #1984, #710, .T. ) ;
#3542 = ORIENTED_EDGE ( 'NONE', *, *, #2143, .T. ) ;
#3543 = DIRECTION ( 'NONE',  ( 0.9796399030715338130, 0.08403624522711526657, -0.1823281925488322019 ) ) ;
#3544 = CARTESIAN_POINT ( 'NONE',  ( 7.458129973201924834, -6.905960300399800467, -2.470009021420834117 ) ) ;
#3545 = EDGE_CURVE ( 'NONE', #1913, #1204, #3724, .T. ) ;
#3546 = CARTESIAN_POINT ( 'NONE',  ( 0.1074819131976416930, -3.975952073493642214, 7.943145710860745723 ) ) ;
#3547 = VERTEX_POINT ( 'NONE', #2678 ) ;
#3548 = ORIENTED_EDGE ( 'NONE', *, *, #1371, .F. ) ;
#3549 = CARTESIAN_POINT ( 'NONE',  ( 0.4998984000000065708, -5.000000000000000888, -2.886751345948129543 ) ) ;
#3550 = CARTESIAN_POINT ( 'NONE',  ( 0.4166821207338475830, 2.457004996489318138, -9.945153790295773177 ) ) ;
#3551 = ADVANCED_FACE ( 'NONE', ( #3961 ), #1259, .F. ) ;
#3552 = CARTESIAN_POINT ( 'NONE',  ( 7.693106532591420965, -5.408247481326416306, 6.358252425472932678 ) ) ;
#3553 = AXIS2_PLACEMENT_3D ( 'NONE', #1300, #3772, #993 ) ;
#3554 = EDGE_LOOP ( 'NONE', ( #1492, #3533, #2931, #2802 ) ) ;
#3555 = FACE_OUTER_BOUND ( 'NONE', #3692, .T. ) ;
#3556 = VERTEX_POINT ( 'NONE', #1443 ) ;
#3557 = MECHANICAL_DESIGN_GEOMETRIC_PRESENTATION_REPRESENTATION (  '', ( #3487 ), #4018 ) ;
#3558 = CARTESIAN_POINT ( 'NONE',  ( 21.18798712880127155, -4.110200940176588880, 1.328320990851729277 ) ) ;
#3559 = SURFACE_STYLE_FILL_AREA ( #798 ) ;
#3560 = CARTESIAN_POINT ( 'NONE',  ( 0.06379792852514830359, -6.091813165280519193, -6.139391542441037686 ) ) ;
#3561 = CARTESIAN_POINT ( 'NONE',  ( 7.458129973201924834, 6.114173795384786558, 4.050939525150729636 ) ) ;
#3562 = CARTESIAN_POINT ( 'NONE',  ( 7.969186335162199875, 3.381462745154690364, 8.916184481055994482 ) ) ;
#3563 = ORIENTED_EDGE ( 'NONE', *, *, #922, .T. ) ;
#3564 = ADVANCED_FACE ( 'NONE', ( #261 ), #296, .F. ) ;
#3565 = CARTESIAN_POINT ( 'NONE',  ( 21.21242604955889988, -1.990451469343706536, -3.965819366822270098 ) ) ;
#3566 = CARTESIAN_POINT ( 'NONE',  ( 7.361297821651285211, 0.000000000000000000, 0.000000000000000000 ) ) ;
#3567 = EDGE_LOOP ( 'NONE', ( #118, #2206, #3732, #623 ) ) ;
#3568 = ORIENTED_EDGE ( 'NONE', *, *, #526, .T. ) ;
#3569 = ADVANCED_FACE ( 'NONE', ( #2431 ), #2400, .F. ) ;
#3570 = CARTESIAN_POINT ( 'NONE',  ( 0.05906383553393920738, -8.232465083027319608, -2.653597730013284917 ) ) ;
#3571 = CARTESIAN_POINT ( 'NONE',  ( 0.6553706634321139202, 8.635843217947865469, -7.137408017462025356 ) ) ;
#3572 = DIRECTION ( 'NONE',  ( 0.000000000000000000, -0.8660254037844385966, -0.5000000000000000000 ) ) ;
#3573 = LINE ( 'NONE', #3198, #936 ) ;
#3574 = EDGE_LOOP ( 'NONE', ( #1416, #3542, #2842, #566 ) ) ;
#3575 = CARTESIAN_POINT ( 'NONE',  ( 0.06385427510213190216, 1.393647189967520683, 8.536055400389651382 ) ) ;
#3576 = ORIENTED_EDGE ( 'NONE', *, *, #1839, .F. ) ;
#3577 = CARTESIAN_POINT ( 'NONE',  ( 0.06384252422479838596, -2.684995060359137931, 8.221704215786735048 ) ) ;
#3578 = PRODUCT_CONTEXT ( 'NONE', #3104, 'mechanical' ) ;
#3579 = ADVANCED_FACE ( 'NONE', ( #3296 ), #2561, .T. ) ;
#3580 = CARTESIAN_POINT ( 'NONE',  ( 0.1176192779148814427, 4.277452062519723874, -7.782495336105603734 ) ) ;
#3581 = CARTESIAN_POINT ( 'NONE',  ( 0.06388035843267104996, -8.347263749546925737, -2.265313703813121027 ) ) ;
#3582 = CARTESIAN_POINT ( 'NONE',  ( 0.05677524173679930619, 7.979718614539480726, -3.341222728678837406 ) ) ;
#3583 = ORIENTED_EDGE ( 'NONE', *, *, #3510, .F. ) ;
#3584 = CARTESIAN_POINT ( 'NONE',  ( 7.413550661955998322, 7.120845714643195379, -0.5565749945290053846 ) ) ;
#3585 = DIRECTION ( 'NONE',  ( 0.000000000000000000, 0.000000000000000000, 1.000000000000000000 ) ) ;
#3586 = EDGE_LOOP ( 'NONE', ( #3345, #866, #1507, #3213 ) ) ;
#3587 = VERTEX_POINT ( 'NONE', #3361 ) ;
#3588 = CARTESIAN_POINT ( 'NONE',  ( 42.31737018592016142, 0.01133631313033077112, 0.005330065237373730197 ) ) ;
#3589 = B_SPLINE_CURVE_WITH_KNOTS ( 'NONE', 3,
 ( #693, #3119, #347, #1876, #1549, #1589, #2833 ),
 .UNSPECIFIED., .F., .F.,
 ( 4, 3, 4 ),
 ( 7.606455139545779856E-05, 0.001911412324149132369, 0.007582950371462354559 ),
 .UNSPECIFIED. ) ;
#3590 = CARTESIAN_POINT ( 'NONE',  ( 0.7361483507723656228, 8.641529542160803601, -7.655727129190117886 ) ) ;
#3591 = CARTESIAN_POINT ( 'NONE',  ( 7.418134328448555692, -6.782339222513207311, 2.301570434585047398 ) ) ;
#3592 = CARTESIAN_POINT ( 'NONE',  ( 0.1176192779148810125, -8.362467838607537729, -2.988806024471024170 ) ) ;
#3593 = VERTEX_POINT ( 'NONE', #1463 ) ;
#3594 = CARTESIAN_POINT ( 'NONE',  ( 0.06377903728225012281, 1.641753292910157258, 8.491348124644634510 ) ) ;
#3595 = VERTEX_POINT ( 'NONE', #593 ) ;
#3596 = CARTESIAN_POINT ( 'NONE',  ( 7.413573959427509408, 7.139693828358629979, -0.1985251249499606352 ) ) ;
#3597 = VECTOR ( 'NONE', #2275, 1000.000000000000227 ) ;
#3598 = DIRECTION ( 'NONE',  ( 0.000000000000000000, 0.8660254037844385966, 0.5000000000000000000 ) ) ;
#3599 = CARTESIAN_POINT ( 'NONE',  ( 0.05677524173679951436, -3.757264652747561939, -7.792473344136744196 ) ) ;
#3600 = CARTESIAN_POINT ( 'NONE',  ( 0.3471135949763307083, 9.786151969316726706, 1.279818732543214876 ) ) ;
#3601 = VERTEX_POINT ( 'NONE', #1422 ) ;
#3602 = CARTESIAN_POINT ( 'NONE',  ( 0.3471135949763301531, 4.505897771770953852, 8.780865084095053064 ) ) ;
#3603 = CARTESIAN_POINT ( 'NONE',  ( 0.5600391835297044985, -10.76671787346314346, -0.6978300886809988279 ) ) ;
#3604 = CARTESIAN_POINT ( 'NONE',  ( 7.413550661974127820, -7.047123962980310630, 1.163728167382551915 ) ) ;
#3605 = CARTESIAN_POINT ( 'NONE',  ( 42.31959510201222230, -0.01328223202868485282, -0.004416286995432902943 ) ) ;
#3606 = ORIENTED_EDGE ( 'NONE', *, *, #1164, .F. ) ;
#3607 = VERTEX_POINT ( 'NONE', #2656 ) ;
#3608 = CARTESIAN_POINT ( 'NONE',  ( -0.0001015999999967978526, -5.500000000000005329, -2.886751345948129543 ) ) ;
#3609 = CARTESIAN_POINT ( 'NONE',  ( 0.1176192779148810125, -7.210162311211356645, -5.184340772909031614 ) ) ;
#3610 = CARTESIAN_POINT ( 'NONE',  ( 0.07590485995811614706, -5.938249513981563865, -6.418110473188684217 ) ) ;
#3611 = B_SPLINE_CURVE_WITH_KNOTS ( 'NONE', 3,
 ( #1209, #2142, #1819, #2775, #3990, #2459, #1841, #3347, #2735, #3704, #3043, #4032, #2159, #921, #3370, #601, #3389, #940, #2124, #1246, #859, #3101 ),
 .UNSPECIFIED., .F., .F.,
 ( 4, 3, 3, 3, 3, 3, 3, 4 ),
 ( 9.484135581323236865E-18, 0.0001518422528443209884, 0.0003036844294303844556, 0.0004555265571827220956, 0.0006073686701617256496, 0.0007592108045165980520, 0.0008818169290298516396, 0.001004459747408503875 ),
 .UNSPECIFIED. ) ;
#3612 = VERTEX_POINT ( 'NONE', #3632 ) ;
#3613 = CARTESIAN_POINT ( 'NONE',  ( 2.504543697384075340, -9.787620105691631878, -5.136939306411033357 ) ) ;
#3614 = EDGE_CURVE ( 'NONE', #181, #2444, #3940, .T. ) ;
#3615 = EDGE_LOOP ( 'NONE', ( #932, #1896, #1859, #587 ) ) ;
#3616 = CARTESIAN_POINT ( 'NONE',  ( 0.06379792852514831747, 7.900617531746376265, -3.518886012524899964 ) ) ;
#3617 = CARTESIAN_POINT ( 'NONE',  ( 7.554659454625534565, -7.268953279185977223, 2.689400607797525655 ) ) ;
#3618 = CARTESIAN_POINT ( 'NONE',  ( 0.07590485995811614706, 8.700838064400992167, 0.8662368691226024486 ) ) ;
#3619 = ADVANCED_FACE ( 'NONE', ( #1790 ), #304, .F. ) ;
#3620 = ORIENTED_EDGE ( 'NONE', *, *, #2155, .F. ) ;
#3621 = CARTESIAN_POINT ( 'NONE',  ( 0.3506278047350347982, -8.176635827261351963, -5.559251477170667144 ) ) ;
#3622 = CARTESIAN_POINT ( 'NONE',  ( 3.999898400000003740, -5.000000000000000888, -2.886751345948129543 ) ) ;
#3623 = CARTESIAN_POINT ( 'NONE',  ( 0.05906383553393920738, -3.626564026296588583, 7.852585282514740861 ) ) ;
#3624 = CARTESIAN_POINT ( 'NONE',  ( 7.413556062442729910, -6.797599748194071090, 2.192299378867582416 ) ) ;
#3625 = CARTESIAN_POINT ( 'NONE',  ( 0.1768972933276639903, -6.160584837871159181, -6.746331768382394678 ) ) ;
#3626 = CARTESIAN_POINT ( 'NONE',  ( 7.458129973201924834, -7.262794588322267764, 1.022275405375276058 ) ) ;
#3627 = VERTEX_POINT ( 'NONE', #2347 ) ;
#3628 = VERTEX_POINT ( 'NONE', #3592 ) ;
#3629 = PLANE ( 'NONE',  #1616 ) ;
#3630 = CARTESIAN_POINT ( 'NONE',  ( 0.4998984000000070149, -5.000000000000002665, 2.886751345948127767 ) ) ;
#3631 = CARTESIAN_POINT ( 'NONE',  ( 0.7393912915810844089, -0.7696855478779929260, -12.07037769697140206 ) ) ;
#3632 = CARTESIAN_POINT ( 'NONE',  ( 0.7361483507723706188, -10.22255782253290768, 5.365212229691087131 ) ) ;
#3633 = VERTEX_POINT ( 'NONE', #812 ) ;
#3634 = CARTESIAN_POINT ( 'NONE',  ( 0.7361483507723705078, 4.093900608187580836, 10.79472873744110828 ) ) ;
#3635 = ORIENTED_EDGE ( 'NONE', *, *, #2954, .T. ) ;
#3636 = DIRECTION ( 'NONE',  ( 0.000000000000000000, 0.000000000000000000, -1.000000000000000000 ) ) ;
#3637 = EDGE_CURVE ( 'NONE', #2039, #1466, #2054, .T. ) ;
#3638 = CARTESIAN_POINT ( 'NONE',  ( 7.693106532591428071, -7.743592556385040737, 3.116614998039404227 ) ) ;
#3639 = CARTESIAN_POINT ( 'NONE',  ( 0.05906383553393916575, 8.628292113121146301, 0.6063311526278700736 ) ) ;
#3640 = CARTESIAN_POINT ( 'NONE',  ( 0.06388505090402026021, -8.360253356187527629, -2.216395737140169686 ) ) ;
#3641 = CARTESIAN_POINT ( 'NONE',  ( 0.1768972933276638237, 2.052511133703473156, -8.902415173407545623 ) ) ;
#3642 = EDGE_CURVE ( 'NONE', #2118, #1119, #1902, .T. ) ;
#3643 = FACE_OUTER_BOUND ( 'NONE', #1366, .T. ) ;
#3644 = CARTESIAN_POINT ( 'NONE',  ( 0.7393912915810844089, -2.141310572049133221, 11.90383226629926661 ) ) ;
#3645 = CARTESIAN_POINT ( 'NONE',  ( 7.413561061157197152, -6.813155857647725355, 2.144135149803590767 ) ) ;
#3646 = CARTESIAN_POINT ( 'NONE',  ( 4.593829771940145967, 10.16908808902126893, -2.506455101165830701 ) ) ;
#3647 =( BOUNDED_SURFACE ( )  B_SPLINE_SURFACE ( 3, 1, ( 
 ( #3390, #1193 ),
 ( #3044, #2422 ),
 ( #1821, #602 ),
 ( #3663, #3348 ) ),
 .UNSPECIFIED., .F., .F., .T. ) 
 B_SPLINE_SURFACE_WITH_KNOTS ( ( 4, 4 ),
 ( 2, 2 ),
 ( 0.000000000000000000, 1.000000000000000000 ),
 ( 0.000000000000000000, 1.000000000000000000 ),
 .UNSPECIFIED. ) 
 GEOMETRIC_REPRESENTATION_ITEM ( )  RATIONAL_B_SPLINE_SURFACE ( (
 ( 1.000000000000000000, 1.000000000000000000),
 ( 0.8657215203422357064, 0.9127505936427622313),
 ( 0.8657215203422357064, 0.9127505936427622313),
 ( 1.000000000000000000, 1.000000000000000000) ) ) 
 REPRESENTATION_ITEM ( '' )  SURFACE ( )  );
#3648 = VERTEX_POINT ( 'NONE', #688 ) ;
#3649 = FACE_OUTER_BOUND ( 'NONE', #1933, .T. ) ;
#3650 = CARTESIAN_POINT ( 'NONE',  ( 7.969186335162331325, 7.137694097783734648, -6.323445181510357394 ) ) ;
#3651 = CARTESIAN_POINT ( 'NONE',  ( 42.31691042206860232, 0.01209616979853640403, 0.002910498808980286917 ) ) ;
#3652 = EDGE_CURVE ( 'NONE', #2774, #3547, #1527, .T. ) ;
#3653 = CARTESIAN_POINT ( 'NONE',  ( 42.31647246991754940, 0.01300042743834767082, -0.001036435618721500513 ) ) ;
#3654 = ORIENTED_EDGE ( 'NONE', *, *, #2644, .T. ) ;
#3655 = CARTESIAN_POINT ( 'NONE',  ( 7.458129973201924834, 6.114173795384841625, -4.050939525150645260 ) ) ;
#3656 = EDGE_LOOP ( 'NONE', ( #1791, #2091, #3719, #1947 ) ) ;
#3657 = CARTESIAN_POINT ( 'NONE',  ( 0.06386368320973567769, 7.512174246388295451, -4.286244525254650384 ) ) ;
#3658 = CARTESIAN_POINT ( 'NONE',  ( 0.06375423730972115677, 5.451661641030267624, 6.714186407421951053 ) ) ;
#3659 = CARTESIAN_POINT ( 'NONE',  ( 42.31703308766501692, -0.01045572516743550548, 0.006889626303704077769 ) ) ;
#3660 = ORIENTED_EDGE ( 'NONE', *, *, #3017, .F. ) ;
#3661 = CARTESIAN_POINT ( 'NONE',  ( 0.06389204376496522564, -8.410012161963372535, -2.020154560930102150 ) ) ;
#3662 = CARTESIAN_POINT ( 'NONE',  ( 0.6547838794010200081, 3.607774374585990262, -10.60423967345984764 ) ) ;
#3663 = CARTESIAN_POINT ( 'NONE',  ( 42.31737018592016142, -0.003924761509597899170, -0.01189612701329012361 ) ) ;
#3664 = CARTESIAN_POINT ( 'NONE',  ( 7.458129973201925722, -7.262794588322255329, -1.022275405375377089 ) ) ;
#3665 = CARTESIAN_POINT ( 'NONE',  ( 7.413573966487540190, -6.981568329883012680, 1.508279171918019967 ) ) ;
#3666 = EDGE_CURVE ( 'NONE', #3633, #1564, #3136, .T. ) ;
#3667 = CARTESIAN_POINT ( 'NONE',  ( 7.413576555707948046, 0.8067962114665419016, 7.096931844527328614 ) ) ;
#3668 = VECTOR ( 'NONE', #334, 1000.000000000000114 ) ;
#3669 = ORIENTED_EDGE ( 'NONE', *, *, #413, .F. ) ;
#3670 = EDGE_LOOP ( 'NONE', ( #2608, #1687, #3859, #3395 ) ) ;
#3671 = PLANE ( 'NONE',  #3030 ) ;
#3672 = CARTESIAN_POINT ( 'NONE',  ( 42.31959510201222230, -0.01381318328509526308, -0.002262133069071886604 ) ) ;
#3673 = ADVANCED_FACE ( 'NONE', ( #343 ), #3319, .F. ) ;
#3674 = CARTESIAN_POINT ( 'NONE',  ( 0.1027505222336360935, -8.728808366360459203, 1.240294942606352535 ) ) ;
#3675 = CARTESIAN_POINT ( 'NONE',  ( 42.31691042206860232, 0.009266701194516099860, -0.008301600814520885760 ) ) ;
#3676 = ORIENTED_EDGE ( 'NONE', *, *, #191, .T. ) ;
#3677 = CARTESIAN_POINT ( 'NONE',  ( 0.6474532217643088616, 11.16289254311442392, 2.211627900523422952 ) ) ;
#3678 = CARTESIAN_POINT ( 'NONE',  ( 0.1176192779148810125, -2.290684038360715213, 8.580011447548258730 ) ) ;
#3679 = EDGE_CURVE ( 'NONE', #2559, #588, #242, .T. ) ;
#3680 = CARTESIAN_POINT ( 'NONE',  ( 0.06377903728224926239, 7.357374677854994438, -4.546139537931648711 ) ) ;
#3681 = ORIENTED_EDGE ( 'NONE', *, *, #3876, .T. ) ;
#3682 = CARTESIAN_POINT ( 'NONE',  ( 3.999898400000003740, 5.000000000000001776, -2.886751345948128655 ) ) ;
#3683 = CARTESIAN_POINT ( 'NONE',  ( 0.06550413281379181829, -8.356058102645778973, -2.268086767555702821 ) ) ;
#3684 = AXIS2_PLACEMENT_3D ( 'NONE', #2744, #3980, #3939 ) ;
#3685 = CARTESIAN_POINT ( 'NONE',  ( 7.823137925641798773, -1.643930594708566950, 8.756190177202649139 ) ) ;
#3686 = LINE ( 'NONE', #2109, #3751 ) ;
#3687 = CARTESIAN_POINT ( 'NONE',  ( 7.413572065574262737, -2.290874598005594454, -6.765088116646398753 ) ) ;
#3688 = VECTOR ( 'NONE', #1897, 1000.000000000000227 ) ;
#3689 = B_SPLINE_CURVE_WITH_KNOTS ( 'NONE', 3,
 ( #1363, #3175, #753, #1994, #2594, #135 ),
 .UNSPECIFIED., .F., .F.,
 ( 4, 2, 4 ),
 ( 4.336808689942017736E-19, 0.0001623299153823897173, 0.0003246598307647790009 ),
 .UNSPECIFIED. ) ;
#3690 = EDGE_CURVE ( 'NONE', #2031, #3648, #250, .T. ) ;
#3691 = ORIENTED_EDGE ( 'NONE', *, *, #3525, .T. ) ;
#3692 = EDGE_LOOP ( 'NONE', ( #2905, #3311, #2754, #1017 ) ) ;
#3693 = CARTESIAN_POINT ( 'NONE',  ( 7.413564815081633341, 3.721204669727565140, -6.096660978247609108 ) ) ;
#3694 = CARTESIAN_POINT ( 'NONE',  ( 0.06377903728224926239, -6.055620337736852932, 6.174771993675157056 ) ) ;
#3695 = CARTESIAN_POINT ( 'NONE',  ( 0.06550413281379181829, 1.244338357663427930, -8.568520680467603512 ) ) ;
#3696 = DIRECTION ( 'NONE',  ( 0.000000000000000000, 0.000000000000000000, 1.000000000000000000 ) ) ;
#3697 = ADVANCED_FACE ( 'NONE', ( #3132 ), #426, .F. ) ;
#3698 = ORIENTED_EDGE ( 'NONE', *, *, #960, .F. ) ;
#3699 = CARTESIAN_POINT ( 'NONE',  ( 0.6547838794010204522, -1.733510338988244026, -11.06620426771167054 ) ) ;
#3700 = CARTESIAN_POINT ( 'NONE',  ( 0.06924179319540491040, 4.300667814892011442, -7.530783103849561400 ) ) ;
#3701 = LINE ( 'NONE', #34, #3925 ) ;
#3702 = DIRECTION ( 'NONE',  ( -1.000000000000000000, -0.000000000000000000, -0.000000000000000000 ) ) ;
#3703 = ORIENTED_EDGE ( 'NONE', *, *, #3637, .T. ) ;
#3704 = CARTESIAN_POINT ( 'NONE',  ( 7.413576434723053943, -6.945946101579837162, -1.663918645628043480 ) ) ;
#3705 = EDGE_CURVE ( 'NONE', #522, #3013, #438, .T. ) ;
#3706 = CARTESIAN_POINT ( 'NONE',  ( 0.07590485995811632747, -8.240703471614841291, 2.923312441267893025 ) ) ;
#3707 = CARTESIAN_POINT ( 'NONE',  ( 21.18798712880127155, 3.957369327315820140, -1.731304834679833871 ) ) ;
#3708 = CARTESIAN_POINT ( 'NONE',  ( 0.06388505090402027409, 5.036952711462662435, -7.031027920990421620 ) ) ;
#3709 = CARTESIAN_POINT ( 'NONE',  ( 7.413568538372649286, -2.213335279550083357, -6.790958979586735111 ) ) ;
#3710 = VERTEX_POINT ( 'NONE', #3172 ) ;
#3711 = CARTESIAN_POINT ( 'NONE',  ( 7.413572568327788659, 3.849984491489927496, -6.016206095695235234 ) ) ;
#3712 = CARTESIAN_POINT ( 'NONE',  ( 0.06388494259132573849, -6.371839002563800314, 5.848581528691096487 ) ) ;
#3713 = CARTESIAN_POINT ( 'NONE',  ( 0.1176192779148814427, 0.1707897841899974067, -8.878888480732038957 ) ) ;
#3714 = ORIENTED_EDGE ( 'NONE', *, *, #512, .T. ) ;
#3715 = CARTESIAN_POINT ( 'NONE',  ( 1.915078604103044091, -6.372264017554731375, -9.231818214102721853 ) ) ;
#3716 = CARTESIAN_POINT ( 'NONE',  ( 0.06385427510213186053, 5.200916044401832750, 6.910641546753042874 ) ) ;
#3717 = CARTESIAN_POINT ( 'NONE',  ( 0.06924179319540500754, 7.307781643023541385, -4.669557288347812474 ) ) ;
#3718 = CYLINDRICAL_SURFACE ( 'NONE', #3949, 3.100000000000000089 ) ;
#3719 = ORIENTED_EDGE ( 'NONE', *, *, #2222, .F. ) ;
#3720 = CARTESIAN_POINT ( 'NONE',  ( 0.1176192779148810125, -8.362467838607537729, -2.988806024471024170 ) ) ;
#3721 = LINE ( 'NONE', #352, #3668 ) ;
#3722 = DIRECTION ( 'NONE',  ( -1.000000000000000000, -0.000000000000000000, -0.000000000000000000 ) ) ;
#3723 = CARTESIAN_POINT ( 'NONE',  ( 7.413572568327801093, -6.871237350874149108, 1.950182975657782425 ) ) ;
#3724 = CIRCLE ( 'NONE', #23, 3.100000000000000089 ) ;
#3725 = EDGE_CURVE ( 'NONE', #2031, #3020, #3211, .T. ) ;
#3726 = CARTESIAN_POINT ( 'NONE',  ( 7.413567691083500222, 1.207589015898690610, 7.039601070721802856 ) ) ;
#3727 = EDGE_LOOP ( 'NONE', ( #1997, #2221, #793, #908 ) ) ;
#3728 = CARTESIAN_POINT ( 'NONE',  ( 42.31691042206860232, -0.001431245844406318132, 0.01235879696592551147 ) ) ;
#3729 = CARTESIAN_POINT ( 'NONE',  ( 0.06377903728224926239, -6.859675326050933997, 5.267181529988810951 ) ) ;
#3730 = CARTESIAN_POINT ( 'NONE',  ( 0.06389207986025999264, 7.635141764482649585, 4.063734974173818237 ) ) ;
#3731 = B_SPLINE_CURVE_WITH_KNOTS ( 'NONE', 3,
 ( #2285, #3530, #3217, #2611, #3878, #1381, #156, #772, #3241, #467, #1021, #1710, #1401, #404, #2634, #1097, #2036, #3260, #485, #1731, #2966, #1324, #2554, #3802, #2251 ),
 .UNSPECIFIED., .F., .F.,
 ( 4, 3, 3, 3, 3, 3, 3, 3, 4 ),
 ( 1.951563910473907981E-18, 0.0001518396426109991566, 0.0003036792827425921471, 0.0004555189212204422398, 0.0006073585588422199038, 0.0007591981963891905995, 0.0009110378346411186551, 0.001062271348283227394, 0.001213553284518145399 ),
 .UNSPECIFIED. ) ;
#3732 = ORIENTED_EDGE ( 'NONE', *, *, #3892, .F. ) ;
#3733 = CARTESIAN_POINT ( 'NONE',  ( 7.413556062442729910, 3.634313081514066290, 6.148602062970656590 ) ) ;
#3734 = CARTESIAN_POINT ( 'NONE',  ( 0.06385449037419084484, 4.618106208596659101, 7.312976533877810326 ) ) ;
#3735 = CARTESIAN_POINT ( 'NONE',  ( 7.413576555707945381, -2.583726111649947921, 6.658957959972494400 ) ) ;
#3736 = ORIENTED_EDGE ( 'NONE', *, *, #3305, .F. ) ;
#3737 = EDGE_CURVE ( 'NONE', #2362, #787, #2820, .T. ) ;
#3738 = CARTESIAN_POINT ( 'NONE',  ( 7.647656735037468678, -8.100575822085328781, -0.9062197265423519443 ) ) ;
#3739 = ORIENTED_EDGE ( 'NONE', *, *, #917, .F. ) ;
#3740 = PLANE ( 'NONE',  #440 ) ;
#3741 = CARTESIAN_POINT ( 'NONE',  ( 7.413563323830680396, 1.276618225941197782, -7.027510437675109856 ) ) ;
#3742 = ADVANCED_FACE ( 'NONE', ( #1950 ), #1137, .F. ) ;
#3743 = CARTESIAN_POINT ( 'NONE',  ( 0.4998984000000070149, -4.158062588968156344E-17, 5.773502691896257311 ) ) ;
#3744 = DIRECTION ( 'NONE',  ( -1.000000000000000000, -0.000000000000000000, -0.000000000000000000 ) ) ;
#3745 = CARTESIAN_POINT ( 'NONE',  ( 7.413576434723052166, 0.9072754725849512258, 7.084606109175480171 ) ) ;
#3746 = AXIS2_PLACEMENT_3D ( 'NONE', #3622, #1761, #781 ) ;
#3747 = ORIENTED_EDGE ( 'NONE', *, *, #2655, .T. ) ;
#3748 = CARTESIAN_POINT ( 'NONE',  ( 42.31703308766501692, -0.0002694775791449698912, 0.01251864694030363143 ) ) ;
#3749 = CARTESIAN_POINT ( 'NONE',  ( 42.31959510201222230, -0.005985083446047989759, -0.01265306502921983989 ) ) ;
#3750 = LINE ( 'NONE', #2448, #2383 ) ;
#3751 = VECTOR ( 'NONE', #2818, 1000.000000000000227 ) ;
#3752 = CARTESIAN_POINT ( 'NONE',  ( 0.06384252422479796962, 7.838118344143255811, 3.656435355540060161 ) ) ;
#3753 = ORIENTED_EDGE ( 'NONE', *, *, #4008, .F. ) ;
#3754 = CARTESIAN_POINT ( 'NONE',  ( 42.31737018592016142, 0.01133631313032989855, -0.005330065237373936629 ) ) ;
#3755 = DIRECTION ( 'NONE',  ( 0.6546536707079761985, 1.204621567626551583E-15, 0.7559289460184552834 ) ) ;
#3756 = DIRECTION ( 'NONE',  ( -0.6546536707079764206, -0.6546536707079763096, -0.3779644730092296956 ) ) ;
#3757 = VERTEX_POINT ( 'NONE', #748 ) ;
#3758 = CARTESIAN_POINT ( 'NONE',  ( 7.413556062442729910, 3.634313081514066290, 6.148602062970656590 ) ) ;
#3759 = ORIENTED_EDGE ( 'NONE', *, *, #3614, .F. ) ;
#3760 = CARTESIAN_POINT ( 'NONE',  ( 0.06379785914325701579, 0.4884323269630296838, -8.635029013396490427 ) ) ;
#3761 = B_SPLINE_CURVE_WITH_KNOTS ( 'NONE', 3,
 ( #193, #3954, #2299, #2671, #3584, #2027 ),
 .UNSPECIFIED., .F., .F.,
 ( 4, 2, 4 ),
 ( 9.697399036122160616E-19, 0.0001623297608600660156, 0.0003246595217201310554 ),
 .UNSPECIFIED. ) ;
#3762 = EDGE_CURVE ( 'NONE', #3020, #3093, #3536, .T. ) ;
#3763 = CARTESIAN_POINT ( 'NONE',  ( 7.413576434723053943, 0.8145455209753607040, -7.095865563804022891 ) ) ;
#3764 = CARTESIAN_POINT ( 'NONE',  ( 7.413576555707943605, -5.310031945963117117, -4.777124916260193643 ) ) ;
#3765 = CARTESIAN_POINT ( 'NONE',  ( 0.05906383553393916575, -6.860441310735876819, -5.267770617438105596 ) ) ;
#3766 = CARTESIAN_POINT ( 'NONE',  ( 7.901878860671760485, 6.709095915785990627, 6.369998342857165596 ) ) ;
#3767 = ADVANCED_FACE ( 'NONE', ( #1684 ), #3225, .F. ) ;
#3768 = ORIENTED_EDGE ( 'NONE', *, *, #38, .T. ) ;
#3769 = CARTESIAN_POINT ( 'NONE',  ( 0.5600391835297041654, 3.165448307786953741, 10.31451005187100556 ) ) ;
#3770 = LINE ( 'NONE', #666, #2581 ) ;
#3771 = B_SPLINE_CURVE_WITH_KNOTS ( 'NONE', 3,
 ( #985, #1269, #2499, #2217, #371, #1617 ),
 .UNSPECIFIED., .F., .F.,
 ( 4, 2, 4 ),
 ( 0.000000000000000000, 0.0001623299153823894463, 0.0003246598307647788925 ),
 .UNSPECIFIED. ) ;
#3772 = DIRECTION ( 'NONE',  ( 1.000000000000000000, -0.000000000000000000, -0.000000000000000000 ) ) ;
#3773 = CARTESIAN_POINT ( 'NONE',  ( 42.31828303470383901, -0.004820437706230145877, -0.01308881133190430840 ) ) ;
#3774 = EDGE_LOOP ( 'NONE', ( #782, #1793, #1402, #867 ) ) ;
#3775 = CARTESIAN_POINT ( 'NONE',  ( 7.555968963440791164, -7.281595752924336473, -2.671234664931574798 ) ) ;
#3776 = CARTESIAN_POINT ( 'NONE',  ( 7.413556062442729910, -5.665703797354387561, 4.348946928151153912 ) ) ;
#3777 = CARTESIAN_POINT ( 'NONE',  ( 0.06388021399931198552, -8.444130140478849356, -1.872194885529443464 ) ) ;
#3778 = EDGE_CURVE ( 'NONE', #689, #3627, #390, .T. ) ;
#3779 = B_SPLINE_CURVE_WITH_KNOTS ( 'NONE', 3,
 ( #3294, #2653, #2033, #2386, #1116, #483 ),
 .UNSPECIFIED., .F., .F.,
 ( 4, 2, 4 ),
 ( 3.736852495364582878E-17, 0.001582994267025928607, 0.003165988534051819916 ),
 .UNSPECIFIED. ) ;
#3780 = CARTESIAN_POINT ( 'NONE',  ( 7.413573966487536637, -2.724693421349262845, 6.602518319923333934 ) ) ;
#3781 =( BOUNDED_SURFACE ( )  B_SPLINE_SURFACE ( 3, 1, ( 
 ( #2732, #2395 ),
 ( #2989, #837 ),
 ( #1169, #578 ),
 ( #3968, #3639 ) ),
 .UNSPECIFIED., .F., .F., .T. ) 
 B_SPLINE_SURFACE_WITH_KNOTS ( ( 4, 4 ),
 ( 2, 2 ),
 ( 0.000000000000000000, 1.000000000000000000 ),
 ( 0.000000000000000000, 1.000000000000000000 ),
 .UNSPECIFIED. ) 
 GEOMETRIC_REPRESENTATION_ITEM ( )  RATIONAL_B_SPLINE_SURFACE ( (
 ( 1.000000000000000000, 1.000000000000000000),
 ( 0.9252601129038625638, 0.9983486437855759732),
 ( 0.9252601129038625638, 0.9983486437855759732),
 ( 1.000000000000000000, 1.000000000000000000) ) ) 
 REPRESENTATION_ITEM ( '' )  SURFACE ( )  );
#3782 = ORIENTED_EDGE ( 'NONE', *, *, #1311, .T. ) ;
#3783 = CARTESIAN_POINT ( 'NONE',  ( 0.06377903728224926239, -6.055620337736768555, -6.174771993675239656 ) ) ;
#3784 = ORIENTED_EDGE ( 'NONE', *, *, #2435, .F. ) ;
#3785 = CARTESIAN_POINT ( 'NONE',  ( 0.1074819131976425951, 5.761337324564257401, 6.760824720939497823 ) ) ;
#3786 = CARTESIAN_POINT ( 'NONE',  ( 7.413570530636544476, 1.155791535321291752, -7.048421485885633331 ) ) ;
#3787 = CARTESIAN_POINT ( 'NONE',  ( 0.05906383553393917962, 1.641936003444574688, 8.492297004732471066 ) ) ;
#3788 = CARTESIAN_POINT ( 'NONE',  ( -0.0001015999999967978526, 0.000000000000000000, 0.000000000000000000 ) ) ;
#3789 = CARTESIAN_POINT ( 'NONE',  ( 7.413563323830679508, 0.4422713082254496886, 7.128818495119537246 ) ) ;
#3790 = EDGE_LOOP ( 'NONE', ( #1907, #2665, #400, #3825, #2476, #2659 ) ) ;
#3791 = EDGE_CURVE ( 'NONE', #743, #2194, #3189, .T. ) ;
#3792 = CARTESIAN_POINT ( 'NONE',  ( 7.458129973201925722, 6.807104459455519674, -2.730670451493404816 ) ) ;
#3793 = CARTESIAN_POINT ( 'NONE',  ( 7.413564815081631565, 6.500751112913321528, 2.959201623013462346 ) ) ;
#3794 = CARTESIAN_POINT ( 'NONE',  ( 7.969186335162196322, -1.149420971344581321, -9.466333367662807419 ) ) ;
#3795 = VECTOR ( 'NONE', #185, 1000.000000000000227 ) ;
#3796 = CARTESIAN_POINT ( 'NONE',  ( 42.31828303470383901, 0.008033559825160392284, -0.01140243475304291744 ) ) ;
#3797 = ORIENTED_EDGE ( 'NONE', *, *, #3097, .F. ) ;
#3798 = ADVANCED_FACE ( 'NONE', ( #2607 ), #2301, .F. ) ;
#3799 = CARTESIAN_POINT ( 'NONE',  ( 7.667611232265274523, -0.1045519110551147435, 8.236767777947704872 ) ) ;
#3800 = CARTESIAN_POINT ( 'NONE',  ( 7.413573959427519178, -5.212491060592934211, 4.883090940293602245 ) ) ;
#3801 =( BOUNDED_SURFACE ( )  B_SPLINE_SURFACE ( 3, 1, ( 
 ( #3651, #1789 ),
 ( #3336, #1808 ),
 ( #2723, #3610 ),
 ( #525, #198 ) ),
 .UNSPECIFIED., .F., .F., .F. ) 
 B_SPLINE_SURFACE_WITH_KNOTS ( ( 4, 4 ),
 ( 2, 2 ),
 ( 0.000000000000000000, 1.000000000000000000 ),
 ( 0.000000000000000000, 1.000000000000000000 ),
 .UNSPECIFIED. ) 
 GEOMETRIC_REPRESENTATION_ITEM ( )  RATIONAL_B_SPLINE_SURFACE ( (
 ( 1.000000000000000000, 1.000000000000000000),
 ( 0.9935868805207672683, 0.8436843346538653865),
 ( 0.9935868805207672683, 0.8436843346538653865),
 ( 1.000000000000000000, 1.000000000000000000) ) ) 
 REPRESENTATION_ITEM ( '' )  SURFACE ( )  );
#3802 = CARTESIAN_POINT ( 'NONE',  ( 0.06379785914325700191, 8.630943940914358237, -0.5559666258107422987 ) ) ;
#3803 = CARTESIAN_POINT ( 'NONE',  ( 42.31737018592016142, -0.009731332370696113218, -0.007888140535931882288 ) ) ;
#3804 = ORIENTED_EDGE ( 'NONE', *, *, #775, .F. ) ;
#3805 = CARTESIAN_POINT ( 'NONE',  ( 0.1176192779148814427, 4.277452062519613740, 7.782495336105664130 ) ) ;
#3806 = CARTESIAN_POINT ( 'NONE',  ( 7.507077051279996027, -3.407008650593115195, -6.732300464492920078 ) ) ;
#3807 = CARTESIAN_POINT ( 'NONE',  ( 0.1027506065886549941, -7.152582491437934564, -5.154706310821682180 ) ) ;
#3808 = CARTESIAN_POINT ( 'NONE',  ( 0.06387312902083856769, 4.702444038219271150, -7.259128022704535610 ) ) ;
#3809 = CARTESIAN_POINT ( 'NONE',  ( 7.413575350526961039, 6.254389039583514887, -3.449623938008092860 ) ) ;
#3810 = CARTESIAN_POINT ( 'NONE',  ( 0.2361091061329894103, -9.309613250252715133, -1.235643390263053254 ) ) ;
#3811 = LINE ( 'NONE', #991, #2072 ) ;
#3812 = CARTESIAN_POINT ( 'NONE',  ( 42.32077784063513093, -0.006062991850109018116, -0.01108125041657702543 ) ) ;
#3813 = ADVANCED_FACE ( 'NONE', ( #2478 ), #1843, .T. ) ;
#3814 = CARTESIAN_POINT ( 'NONE',  ( 42.31737018592016142, 0.01082631754176563779, -0.006301780645851410428 ) ) ;
#3815 = VERTEX_POINT ( 'NONE', #1516 ) ;
#3816 = ORIENTED_EDGE ( 'NONE', *, *, #3360, .T. ) ;
#3817 = CARTESIAN_POINT ( 'NONE',  ( 0.06375423730972105962, -6.008107232911248374, 6.221218629796743116 ) ) ;
#3818 = VECTOR ( 'NONE', #4017, 1000.000000000000227 ) ;
#3819 = FACE_OUTER_BOUND ( 'NONE', #813, .T. ) ;
#3820 = EDGE_CURVE ( 'NONE', #3493, #3075, #3026, .T. ) ;
#3821 = VECTOR ( 'NONE', #890, 1000.000000000000227 ) ;
#3822 = CARTESIAN_POINT ( 'NONE',  ( 0.1176192779148814427, -7.210162311211428587, 5.184340772908932138 ) ) ;
#3823 = ORIENTED_EDGE ( 'NONE', *, *, #987, .T. ) ;
#3824 = CARTESIAN_POINT ( 'NONE',  ( 0.06377903728224926239, 7.357374677854932266, 4.546139537931748187 ) ) ;
#3825 = ORIENTED_EDGE ( 'NONE', *, *, #540, .T. ) ;
#3826 = CARTESIAN_POINT ( 'NONE',  ( 0.1027506065886546888, -8.305370088698840192, 2.958253054996482057 ) ) ;
#3827 = CARTESIAN_POINT ( 'NONE',  ( 7.413556062442729910, 1.356954940729886427, -7.012290081853434387 ) ) ;
#3828 = LINE ( 'NONE', #2600, #3349 ) ;
#3829 = FACE_OUTER_BOUND ( 'NONE', #594, .T. ) ;
#3830 = LINE ( 'NONE', #2840, #2187 ) ;
#3831 = ORIENTED_EDGE ( 'NONE', *, *, #3876, .F. ) ;
#3832 = CARTESIAN_POINT ( 'NONE',  ( 7.413570567084492247, 6.458182597630737654, 3.051044208108827593 ) ) ;
#3833 = DIRECTION ( 'NONE',  ( 0.2261297074532388207, 1.192925018264240211E-16, 0.9740972001844130368 ) ) ;
#3834 = B_SPLINE_CURVE_WITH_KNOTS ( 'NONE', 3,
 ( #2543, #986, #3433, #1963, #1270, #2218 ),
 .UNSPECIFIED., .F., .F.,
 ( 4, 2, 4 ),
 ( 4.338925755574552057E-19, 0.0001965022614975647959, 0.0003930045229951291581 ),
 .UNSPECIFIED. ) ;
#3835 = CARTESIAN_POINT ( 'NONE',  ( 7.434426509969020103, -1.897927506563137356, 6.978928639032862868 ) ) ;
#3836 = ORIENTED_EDGE ( 'NONE', *, *, #3397, .T. ) ;
#3837 = ORIENTED_EDGE ( 'NONE', *, *, #2670, .T. ) ;
#3838 = CARTESIAN_POINT ( 'NONE',  ( 0.3471135949763308193, -2.273566011039587220, -9.604041021787431021 ) ) ;
#3839 = B_SPLINE_CURVE_WITH_KNOTS ( 'NONE', 3,
 ( #3118, #1873, #2534, #999, #2230, #2712, #2734 ),
 .UNSPECIFIED., .F., .F.,
 ( 4, 3, 4 ),
 ( 7.606455139545664659E-05, 0.001911412324149127382, 0.007582950371462357161 ),
 .UNSPECIFIED. ) ;
#3840 = LINE ( 'NONE', #1077, #2689 ) ;
#3841 = EDGE_LOOP ( 'NONE', ( #3405, #2343 ) ) ;
#3842 = CARTESIAN_POINT ( 'NONE',  ( 42.32077784063513093, 0.003234895521405213061, -0.01221021834100406711 ) ) ;
#3843 = ADVANCED_FACE ( 'NONE', ( #1210 ), #2796, .F. ) ;
#3844 = ORIENTED_EDGE ( 'NONE', *, *, #2674, .F. ) ;
#3845 = CARTESIAN_POINT ( 'NONE',  ( 0.06388505090401160047, -3.207952902420385222, 8.032140712108484237 ) ) ;
#3846 = CARTESIAN_POINT ( 'NONE',  ( 0.06389207986025956243, -6.440762986279309210, -5.772859244659026778 ) ) ;
#3847 = CARTESIAN_POINT ( 'NONE',  ( 7.650533637369914430, -3.847285504576861026, 7.202763438551385455 ) ) ;
#3848 = DIRECTION ( 'NONE',  ( -0.9796399030715338130, 0.1252282971886492513, 0.1569188767906118942 ) ) ;
#3849 = CARTESIAN_POINT ( 'NONE',  ( 0.6553706634321151414, 8.126304149690117384, 7.712558729723658857 ) ) ;
#3850 = ADVANCED_FACE ( 'NONE', ( #3643 ), #3647, .F. ) ;
#3851 = CARTESIAN_POINT ( 'NONE',  ( 7.413573966487540190, 6.225953027859921107, 3.500672978178493988 ) ) ;
#3852 = LINE ( 'NONE', #418, #638 ) ;
#3853 = CARTESIAN_POINT ( 'NONE',  ( 0.4166821207338475830, -9.576483196248959828, -3.637846486229069143 ) ) ;
#3854 = ORIENTED_EDGE ( 'NONE', *, *, #210, .T. ) ;
#3855 = ORIENTED_EDGE ( 'NONE', *, *, #742, .T. ) ;
#3856 = CARTESIAN_POINT ( 'NONE',  ( 42.31737018592016142, 0.006657644611727320597, -0.01061119027477633835 ) ) ;
#3857 = CARTESIAN_POINT ( 'NONE',  ( 0.6474532217643088616, 3.541040652246481457, -10.81492020306350277 ) ) ;
#3858 = CARTESIAN_POINT ( 'NONE',  ( 7.413560099979262574, -2.958570364380861850, 6.500947628391068989 ) ) ;
#3859 = ORIENTED_EDGE ( 'NONE', *, *, #742, .F. ) ;
#3860 = CARTESIAN_POINT ( 'NONE',  ( 0.4998984000000070149, -4.158062588968156344E-17, 5.773502691896257311 ) ) ;
#3861 = ORIENTED_EDGE ( 'NONE', *, *, #3247, .F. ) ;
#3862 = CARTESIAN_POINT ( 'NONE',  ( 0.06384271922811479705, -3.441554530472588525, 7.934819219094684684 ) ) ;
#3863 = EDGE_CURVE ( 'NONE', #1919, #385, #3327, .T. ) ;
#3864 = CARTESIAN_POINT ( 'NONE',  ( 0.06388505090402024633, -6.372626252755646092, -5.847724419459886747 ) ) ;
#3865 = CARTESIAN_POINT ( 'NONE',  ( 0.1074819131976416514, 0.1708331495738753258, -8.881023291811057874 ) ) ;
#3866 = LINE ( 'NONE', #474, #3992 ) ;
#3867 = CARTESIAN_POINT ( 'NONE',  ( 0.1074819131976416930, 7.405983171632181339, 4.904403321117134951 ) ) ;
#3868 = CARTESIAN_POINT ( 'NONE',  ( 0.06388494259132573849, -8.359954599282179544, 2.217520523079931305 ) ) ;
#3869 = B_SPLINE_CURVE_WITH_KNOTS ( 'NONE', 3,
 ( #487, #3019, #2330, #3278, #2968, #815 ),
 .UNSPECIFIED., .F., .F.,
 ( 4, 2, 4 ),
 ( 4.134023084276444781E-17, 0.001582994267025928390, 0.003165988534051815146 ),
 .UNSPECIFIED. ) ;
#3870 = CARTESIAN_POINT ( 'NONE',  ( 7.418146516826698011, -7.075123844381047356, 1.113878325682762016 ) ) ;
#3871 = CARTESIAN_POINT ( 'NONE',  ( 7.823544100114496302, -5.524836810942231224, -6.991473145926814681 ) ) ;
#3872 = ORIENTED_EDGE ( 'NONE', *, *, #3222, .T. ) ;
#3873 = ORIENTED_EDGE ( 'NONE', *, *, #1906, .F. ) ;
#3874 = CARTESIAN_POINT ( 'NONE',  ( 42.31959510201222230, -0.003910634829002030723, -0.01343979961621630421 ) ) ;
#3875 = CARTESIAN_POINT ( 'NONE',  ( 0.7361483507723707298, -1.391591618270632713, 11.46078808252794268 ) ) ;
#3876 = EDGE_CURVE ( 'NONE', #443, #714, #2421, .T. ) ;
#3877 = B_SPLINE_CURVE_WITH_KNOTS ( 'NONE', 3,
 ( #3227, #142, #1082, #758, #1717, #2933 ),
 .UNSPECIFIED., .F., .F.,
 ( 4, 2, 4 ),
 ( 3.977917676563695527E-17, 0.001582994267025925354, 0.003165988534051811243 ),
 .UNSPECIFIED. ) ;
#3878 = CARTESIAN_POINT ( 'NONE',  ( 0.06384271922811446398, 8.639576908154893431, 0.4041837131893988300 ) ) ;
#3879 = ORIENTED_EDGE ( 'NONE', *, *, #3115, .F. ) ;
#3880 = CARTESIAN_POINT ( 'NONE',  ( -0.0001015999999967978526, 3.930232875259955052E-16, 6.350852961085888815 ) ) ;
#3881 = EDGE_LOOP ( 'NONE', ( #2371, #195 ) ) ;
#3882 = VECTOR ( 'NONE', #1887, 1000.000000000000000 ) ;
#3883 = CARTESIAN_POINT ( 'NONE',  ( 0.06930270350510213395, 0.3078171647178269965, 8.667077277806781055 ) ) ;
#3884 =( NAMED_UNIT ( * ) PLANE_ANGLE_UNIT ( ) SI_UNIT ( $, .RADIAN. ) );
#3885 = CARTESIAN_POINT ( 'NONE',  ( 7.823544100114496302, -8.892334621665382244, 0.5752421351822541995 ) ) ;
#3886 = CARTESIAN_POINT ( 'NONE',  ( 0.4166821207338480826, 10.16880164754408788, -1.240334841207199279 ) ) ;
#3887 = B_SPLINE_CURVE_WITH_KNOTS ( 'NONE', 3,
 ( #1369, #2601, #1148, #2916, #189, #2083 ),
 .UNSPECIFIED., .F., .F.,
 ( 4, 2, 4 ),
 ( 1.084202172485504434E-18, 0.001307146423454785041, 0.002614292846909569215 ),
 .UNSPECIFIED. ) ;
#3888 = CARTESIAN_POINT ( 'NONE',  ( 7.458129973201925722, -3.284421403251936322, 6.557881386732989704 ) ) ;
#3889 = CARTESIAN_POINT ( 'NONE',  ( 42.31737018592016142, -0.01201983925148985589, 0.003527754979007682347 ) ) ;
#3890 = CARTESIAN_POINT ( 'NONE',  ( 0.06377903728224926239, -8.231545144664968561, 2.653301976788515759 ) ) ;
#3891 = CARTESIAN_POINT ( 'NONE',  ( 0.2345154032233228991, -6.281530569142868003, -6.972125705464182310 ) ) ;
#3892 = EDGE_CURVE ( 'NONE', #3256, #1772, #558, .T. ) ;
#3893 = CARTESIAN_POINT ( 'NONE',  ( 7.823544100114607325, 6.274551946836965044, -6.327283493270288162 ) ) ;
#3894 = VERTEX_POINT ( 'NONE', #2798 ) ;
#3895 = ORIENTED_EDGE ( 'NONE', *, *, #7, .F. ) ;
#3896 = CARTESIAN_POINT ( 'NONE',  ( 42.31828303470383901, -0.01052890042446208776, 0.009148544016049441063 ) ) ;
#3897 = CARTESIAN_POINT ( 'NONE',  ( 42.31691042206860232, 0.009266701194516103329, -0.008301600814520884025 ) ) ;
#3898 = EDGE_LOOP ( 'NONE', ( #489, #2814, #175, #1577 ) ) ;
#3899 = CARTESIAN_POINT ( 'NONE',  ( 0.06389204376496360194, 1.093354085514742779, 8.579854652504717905 ) ) ;
#3900 = ADVANCED_FACE ( 'NONE', ( #1537 ), #840, .F. ) ;
#3901 = ORIENTED_EDGE ( 'NONE', *, *, #3097, .T. ) ;
#3902 =( BOUNDED_SURFACE ( )  B_SPLINE_SURFACE ( 3, 1, ( 
 ( #3475, #3205 ),
 ( #1657, #2878 ),
 ( #1945, #740 ),
 ( #3453, #680 ) ),
 .UNSPECIFIED., .F., .F., .T. ) 
 B_SPLINE_SURFACE_WITH_KNOTS ( ( 4, 4 ),
 ( 2, 2 ),
 ( 0.000000000000000000, 1.000000000000000000 ),
 ( 0.000000000000000000, 1.000000000000000000 ),
 .UNSPECIFIED. ) 
 GEOMETRIC_REPRESENTATION_ITEM ( )  RATIONAL_B_SPLINE_SURFACE ( (
 ( 1.000000000000000000, 1.000000000000000000),
 ( 0.9935868805207672683, 0.8436843346538653865),
 ( 0.9935868805207672683, 0.8436843346538653865),
 ( 1.000000000000000000, 1.000000000000000000) ) ) 
 REPRESENTATION_ITEM ( '' )  SURFACE ( )  );
#3903 = CARTESIAN_POINT ( 'NONE',  ( 7.458129973201924834, -5.955810162223085236, -4.280368856554146006 ) ) ;
#3904 = CARTESIAN_POINT ( 'NONE',  ( 7.361297821651286100, 0.000000000000000000, 0.000000000000000000 ) ) ;
#3905 = CARTESIAN_POINT ( 'NONE',  ( 0.5595309360302107571, 10.61900787435096660, 1.897013195571381372 ) ) ;
#3906 = CARTESIAN_POINT ( 'NONE',  ( 7.458129973201924834, 4.758385826851518452, -5.581307782179459664 ) ) ;
#3907 = CARTESIAN_POINT ( 'NONE',  ( 21.21242604955889988, -3.605465403202927188, -2.586549734372386222 ) ) ;
#3908 = CARTESIAN_POINT ( 'NONE',  ( 42.31737018592016142, 0.01251481159425485087, 0.0005487090156508894192 ) ) ;
#3909 =( BOUNDED_SURFACE ( )  B_SPLINE_SURFACE ( 3, 1, ( 
 ( #3970, #2418 ),
 ( #2970, #1044 ),
 ( #2272, #1367 ),
 ( #3226, #2914 ) ),
 .UNSPECIFIED., .F., .F., .F. ) 
 B_SPLINE_SURFACE_WITH_KNOTS ( ( 4, 4 ),
 ( 2, 2 ),
 ( 0.000000000000000000, 1.000000000000000000 ),
 ( 0.000000000000000000, 1.000000000000000000 ),
 .UNSPECIFIED. ) 
 GEOMETRIC_REPRESENTATION_ITEM ( )  RATIONAL_B_SPLINE_SURFACE ( (
 ( 1.000000000000000000, 1.000000000000000000),
 ( 0.9252601129038625638, 0.9983486437855759732),
 ( 0.9252601129038625638, 0.9983486437855759732),
 ( 1.000000000000000000, 1.000000000000000000) ) ) 
 REPRESENTATION_ITEM ( '' )  SURFACE ( )  );
#3910 = CARTESIAN_POINT ( 'NONE',  ( 0.1176192779148814427, 5.759954142422722079, -6.759198035332818044 ) ) ;
#3911 = DIRECTION ( 'NONE',  ( -0.9796399030715338130, 0.1838079885036589256, 0.08074827349383188746 ) ) ;
#3912 = EDGE_CURVE ( 'NONE', #2795, #1735, #1702, .T. ) ;
#3913 = ORIENTED_EDGE ( 'NONE', *, *, #2751, .T. ) ;
#3914 = CARTESIAN_POINT ( 'NONE',  ( 0.05677524173679930619, -2.355012661929429818, -8.324277377167343062 ) ) ;
#3915 = CARTESIAN_POINT ( 'NONE',  ( 0.6474532217643088616, 8.856455732708198525, 7.145954082841097232 ) ) ;
#3916 = CARTESIAN_POINT ( 'NONE',  ( 0.1074819131976419151, -2.291237037356739670, -8.582073846881566936 ) ) ;
#3917 = CARTESIAN_POINT ( 'NONE',  ( 42.31691042206860232, 0.009266701194516217821, 0.008301600814520047888 ) ) ;
#3918 = EDGE_CURVE ( 'NONE', #2705, #1119, #1122, .T. ) ;
#3919 = ORIENTED_EDGE ( 'NONE', *, *, #3439, .F. ) ;
#3920 = CARTESIAN_POINT ( 'NONE',  ( 0.06379785914325702967, 1.592258333252261071, 8.501000270580538754 ) ) ;
#3921 = VECTOR ( 'NONE', #2191, 1000.000000000000227 ) ;
#3922 = ORIENTED_EDGE ( 'NONE', *, *, #2456, .F. ) ;
#3923 = B_SPLINE_CURVE_WITH_KNOTS ( 'NONE', 3,
 ( #2888, #771, #1362, #380, #2592, #1055 ),
 .UNSPECIFIED., .F., .F.,
 ( 4, 2, 4 ),
 ( 1.084202172485504434E-18, 0.0001623297608600666661, 0.0003246595217201322481 ),
 .UNSPECIFIED. ) ;
#3924 = CARTESIAN_POINT ( 'NONE',  ( 7.413564815081633341, 7.131338809164796011, -0.4008067696401171887 ) ) ;
#3925 = VECTOR ( 'NONE', #3756, 1000.000000000000114 ) ;
#3926 = DIRECTION ( 'NONE',  ( 0.000000000000000000, 0.000000000000000000, 1.000000000000000000 ) ) ;
#3927 = CARTESIAN_POINT ( 'NONE',  ( 1.325613487614300645, 8.518972955910287581, 7.547151468175534283 ) ) ;
#3928 = ORIENTED_EDGE ( 'NONE', *, *, #399, .T. ) ;
#3929 = CARTESIAN_POINT ( 'NONE',  ( 42.31737018592016142, 0.01251481159425485087, 0.0005487090156508894192 ) ) ;
#3930 = CARTESIAN_POINT ( 'NONE',  ( 0.4021422169983502326, 4.517448430814702043, 9.041201115243087116 ) ) ;
#3931 = CARTESIAN_POINT ( 'NONE',  ( 1.325613487614302421, -1.371855677155365161, 11.29824798400936103 ) ) ;
#3932 = CARTESIAN_POINT ( 'NONE',  ( 0.06377903728224926239, -8.231545144664933034, -2.653301976788629002 ) ) ;
#3933 = CARTESIAN_POINT ( 'NONE',  ( -0.0001015999999967978526, -5.500000000000005329, -3.175426480542947072 ) ) ;
#3934 = CARTESIAN_POINT ( 'NONE',  ( 6.522670039768810213, 9.648886486000778362, -2.378236921707534091 ) ) ;
#3935 =( BOUNDED_SURFACE ( )  B_SPLINE_SURFACE ( 3, 1, ( 
 ( #10, #3038 ),
 ( #1508, #2748 ),
 ( #2434, #3677 ),
 ( #2138, #1221 ) ),
 .UNSPECIFIED., .F., .F., .F. ) 
 B_SPLINE_SURFACE_WITH_KNOTS ( ( 4, 4 ),
 ( 2, 2 ),
 ( 0.000000000000000000, 1.000000000000000000 ),
 ( 0.000000000000000000, 1.000000000000000000 ),
 .UNSPECIFIED. ) 
 GEOMETRIC_REPRESENTATION_ITEM ( )  RATIONAL_B_SPLINE_SURFACE ( (
 ( 1.000000000000000000, 1.000000000000000000),
 ( 0.8657215203422359284, 0.9127505936427621203),
 ( 0.8657215203422359284, 0.9127505936427621203),
 ( 1.000000000000000000, 1.000000000000000000) ) ) 
 REPRESENTATION_ITEM ( '' )  SURFACE ( )  );
#3936 = ORIENTED_EDGE ( 'NONE', *, *, #2598, .T. ) ;
#3937 = FACE_OUTER_BOUND ( 'NONE', #1489, .T. ) ;
#3938 = CARTESIAN_POINT ( 'NONE',  ( 7.650533637369916207, -6.753893205080317763, 4.589807564574980958 ) ) ;
#3939 = DIRECTION ( 'NONE',  ( 0.000000000000000000, 0.000000000000000000, 1.000000000000000000 ) ) ;
#3940 = LINE ( 'NONE', #849, #1070 ) ;
#3941 = EDGE_LOOP ( 'NONE', ( #9, #773, #1053, #2538 ) ) ;
#3942 = CARTESIAN_POINT ( 'NONE',  ( 7.458129973201925722, -3.284421403251936322, 6.557881386732989704 ) ) ;
#3943 = VERTEX_POINT ( 'NONE', #2520 ) ;
#3944 = EDGE_CURVE ( 'NONE', #1755, #4031, #3489, .T. ) ;
#3945 = VECTOR ( 'NONE', #3848, 1000.000000000000114 ) ;
#3946 = CARTESIAN_POINT ( 'NONE',  ( 7.413556062442729910, 6.075422271475553693, -3.755367242559656482 ) ) ;
#3947 = CARTESIAN_POINT ( 'NONE',  ( 42.31737018592016142, 0.002053202152727170385, 0.01235742496410988794 ) ) ;
#3948 = LINE ( 'NONE', #3344, #1418 ) ;
#3949 = AXIS2_PLACEMENT_3D ( 'NONE', #4010, #3702, #711 ) ;
#3950 = APPLICATION_CONTEXT ( 'automotive_design' ) ;
#3951 = CARTESIAN_POINT ( 'NONE',  ( 0.6547838794010198971, 4.331453704533399396, 10.32978430537554893 ) ) ;
#3952 = CARTESIAN_POINT ( 'NONE',  ( 7.650533637369919759, 3.742250834016615624, 7.257889886238402255 ) ) ;
#3953 = CARTESIAN_POINT ( 'NONE',  ( 42.31959510201222230, -0.01381318328509628310, 0.002262133069071807674 ) ) ;
#3954 = CARTESIAN_POINT ( 'NONE',  ( 7.445848493750773400, 7.244573793198240352, -0.7322538502808698668 ) ) ;
#3955 = EDGE_CURVE ( 'NONE', #121, #3556, #2098, .T. ) ;
#3956 = CARTESIAN_POINT ( 'NONE',  ( 7.413556062442729910, -7.037787978434124625, 1.217817422210493605 ) ) ;
#3957 = ORIENTED_EDGE ( 'NONE', *, *, #1311, .F. ) ;
#3958 = CARTESIAN_POINT ( 'NONE',  ( 0.06377903728224926239, 4.401935354873751649, 7.444549145529214762 ) ) ;
#3959 = LINE ( 'NONE', #3630, #900 ) ;
#3960 = CARTESIAN_POINT ( 'NONE',  ( 0.06930270350510212007, 1.775294798823934039, -8.488893233139304328 ) ) ;
#3961 = FACE_OUTER_BOUND ( 'NONE', #464, .T. ) ;
#3962 = VERTEX_POINT ( 'NONE', #370 ) ;
#3963 = CARTESIAN_POINT ( 'NONE',  ( 42.31647246991754940, 0.0005381495291824602489, -0.01303056819389462884 ) ) ;
#3964 = ORIENTED_EDGE ( 'NONE', *, *, #2348, .T. ) ;
#3965 = CARTESIAN_POINT ( 'NONE',  ( 7.418146516826698011, 0.2529449579738125564, 7.157801421245962636 ) ) ;
#3966 = EDGE_CURVE ( 'NONE', #1468, #1052, #2668, .T. ) ;
#3967 = CARTESIAN_POINT ( 'NONE',  ( 0.1176192779148810125, 5.759954142422626155, 6.759198035332900645 ) ) ;
#3968 = CARTESIAN_POINT ( 'NONE',  ( 42.31691042206860232, -0.01098413081292479165, 0.005842704630276643156 ) ) ;
#3969 = ORIENTED_EDGE ( 'NONE', *, *, #1202, .F. ) ;
#3970 = CARTESIAN_POINT ( 'NONE',  ( 42.31691042206860232, -0.001567997264343503477, 0.01234219233730780678 ) ) ;
#3971 = CARTESIAN_POINT ( 'NONE',  ( 0.5595309360302095358, 10.28425049845780137, -3.255177258563679121 ) ) ;
#3972 = CARTESIAN_POINT ( 'NONE',  ( 0.06550413281379187380, -8.452954474784991845, -1.874962732207198002 ) ) ;
#3973 = EDGE_CURVE ( 'NONE', #1957, #3256, #1510, .T. ) ;
#3974 = CARTESIAN_POINT ( 'NONE',  ( 0.06550413281379187380, 5.083797007093947329, 7.008775398785161315 ) ) ;
#3975 = CARTESIAN_POINT ( 'NONE',  ( 7.413573959427520954, -6.884717129416936920, 1.901396916967026174 ) ) ;
#3976 = CARTESIAN_POINT ( 'NONE',  ( 7.413573966487536637, 0.6557470491205067420, 7.112467800478042612 ) ) ;
#3977 = ADVANCED_FACE ( 'NONE', ( #3102 ), #2540, .T. ) ;
#3978 = ORIENTED_EDGE ( 'NONE', *, *, #444, .F. ) ;
#3979 = CARTESIAN_POINT ( 'NONE',  ( 42.31691042206860232, 0.009358050196698679615, -0.008198489106424185213 ) ) ;
#3980 = DIRECTION ( 'NONE',  ( -1.000000000000000000, -0.000000000000000000, -0.000000000000000000 ) ) ;
#3981 = CARTESIAN_POINT ( 'NONE',  ( 42.31703308766501692, 0.008503105301013228617, -0.009191645098757679141 ) ) ;
#3982 = B_SPLINE_CURVE_WITH_KNOTS ( 'NONE', 3,
 ( #935, #2852, #2171, #3098, #329, #1282, #1568, #77 ),
 .UNSPECIFIED., .F., .F.,
 ( 4, 2, 2, 4 ),
 ( 0.0004800065146898016273, 0.002063914009317800898, 0.002855867756631799096, 0.003647821503945799463 ),
 .UNSPECIFIED. ) ;
#3983 = EDGE_LOOP ( 'NONE', ( #24, #2942, #2986, #1165 ) ) ;
#3984 = CARTESIAN_POINT ( 'NONE',  ( 7.554659454625527459, 7.701346400668300340, -0.8716771312380888759 ) ) ;
#3985 = CARTESIAN_POINT ( 'NONE',  ( 0.1074819131976416514, 4.278482556836540773, -7.784365464540402790 ) ) ;
#3986 = CARTESIAN_POINT ( 'NONE',  ( 0.06930270350510230049, -5.977739779900439032, -6.283279961148107162 ) ) ;
#3987 = CARTESIAN_POINT ( 'NONE',  ( 0.05906383553393917962, -3.626564026296482446, -7.852585282514789711 ) ) ;
#3988 = LINE ( 'NONE', #2103, #2451 ) ;
#3989 = ORIENTED_EDGE ( 'NONE', *, *, #2801, .T. ) ;
#3990 = CARTESIAN_POINT ( 'NONE',  ( 7.413570567084494023, -7.000682220047151461, -1.416842150026115021 ) ) ;
#3991 = EDGE_CURVE ( 'NONE', #605, #749, #1960, .T. ) ;
#3992 = VECTOR ( 'NONE', #3267, 1000.000000000000114 ) ;
#3993 = CARTESIAN_POINT ( 'NONE',  ( 3.999898400000003740, 5.135016463628653484E-16, -5.773502691896258199 ) ) ;
#3994 = CARTESIAN_POINT ( 'NONE',  ( 0.05906383553393917962, -6.056297459326352772, 6.175461386823887011 ) ) ;
#3995 = CARTESIAN_POINT ( 'NONE',  ( 7.413568538372649286, -7.008233329560568770, 1.378637922214224876 ) ) ;
#3996 = CARTESIAN_POINT ( 'NONE',  ( 0.06375423730972121228, 1.706968644922424172, 8.478630302539569286 ) ) ;
#3997 = EDGE_CURVE ( 'NONE', #2893, #1686, #3721, .T. ) ;
#3998 = AXIS2_PLACEMENT_3D ( 'NONE', #2988, #2353, #3598 ) ;
#3999 = ORIENTED_EDGE ( 'NONE', *, *, #2766, .F. ) ;
#4000 = CARTESIAN_POINT ( 'NONE',  ( 7.413573959427508520, 3.892425391536276091, -5.988627952984088232 ) ) ;
#4001 = FACE_OUTER_BOUND ( 'NONE', #1302, .T. ) ;
#4002 = CARTESIAN_POINT ( 'NONE',  ( 0.4166821207338475830, -8.433951466216774051, 5.814758819668085721 ) ) ;
#4003 = B_SPLINE_CURVE_WITH_KNOTS ( 'NONE', 3,
 ( #1054, #3817, #94, #2266, #2926, #361 ),
 .UNSPECIFIED., .F., .F.,
 ( 4, 2, 4 ),
 ( 1.355252715606880543E-20, 0.0001965022614975652296, 0.0003930045229951304592 ),
 .UNSPECIFIED. ) ;
#4004 = ORIENTED_EDGE ( 'NONE', *, *, #2766, .T. ) ;
#4005 = CARTESIAN_POINT ( 'NONE',  ( 7.647656735037461573, 8.082060386741005686, -1.058708055697757944 ) ) ;
#4006 = CARTESIAN_POINT ( 'NONE',  ( 0.06384271922811449174, 4.575202393383470678, 7.339834922224677705 ) ) ;
#4007 = B_SPLINE_CURVE_WITH_KNOTS ( 'NONE', 3,
 ( #2067, #784, #479, #2047, #3273, #499 ),
 .UNSPECIFIED., .F., .F.,
 ( 4, 2, 4 ),
 ( 3.823892308988445118E-17, 0.001582994267025929040, 0.003165988534051819916 ),
 .UNSPECIFIED. ) ;
#4008 = EDGE_CURVE ( 'NONE', #588, #2747, #1177, .T. ) ;
#4009 = CARTESIAN_POINT ( 'NONE',  ( 7.413575171585923052, 7.140939741883447489, 0.1557439047092164519 ) ) ;
#4010 = CARTESIAN_POINT ( 'NONE',  ( 9.999898400000002852, 0.000000000000000000, 0.000000000000000000 ) ) ;
#4011 = ORIENTED_EDGE ( 'NONE', *, *, #1820, .T. ) ;
#4012 = DIRECTION ( 'NONE',  ( 0.000000000000000000, 0.5000000000000001110, -0.8660254037844387076 ) ) ;
#4013 = CARTESIAN_POINT ( 'NONE',  ( 0.05906383553393916575, -8.522674168166087583, -1.476173187424206334 ) ) ;
#4014 = VECTOR ( 'NONE', #825, 1000.000000000000114 ) ;
#4015 = DIRECTION ( 'NONE',  ( 0.9796399030715338130, -0.1838079885036600081, 0.08074827349382943109 ) ) ;
#4016 = CARTESIAN_POINT ( 'NONE',  ( 0.06388035843267102221, 5.078085626865497026, -7.001535877748952252 ) ) ;
#4017 = DIRECTION ( 'NONE',  ( -0.9785289697799391950, 0.004185928551965679978, -0.2060668175703419536 ) ) ;
#4018 =( GEOMETRIC_REPRESENTATION_CONTEXT ( 3 ) GLOBAL_UNCERTAINTY_ASSIGNED_CONTEXT ( ( #2051 ) ) GLOBAL_UNIT_ASSIGNED_CONTEXT ( ( #2553, #402, #1379 ) ) REPRESENTATION_CONTEXT ( 'NONE', 'WORKASPACE' ) );
#4019 = VERTEX_POINT ( 'NONE', #1900 ) ;
#4020 = ADVANCED_FACE ( 'NONE', ( #3123 ), #1289, .T. ) ;
#4021 = FACE_OUTER_BOUND ( 'NONE', #222, .T. ) ;
#4022 = CARTESIAN_POINT ( 'NONE',  ( 0.7393912915810846309, 8.580258849684913258, -8.524411514149271341 ) ) ;
#4023 = CARTESIAN_POINT ( 'NONE',  ( 42.31703308766501692, -0.01045572516743550374, -0.006889626303703076833 ) ) ;
#4024 = CARTESIAN_POINT ( 'NONE',  ( 0.06924179319540493815, 0.3083228190343595965, -8.666797266034132363 ) ) ;
#4025 = VERTEX_POINT ( 'NONE', #1102 ) ;
#4026 = CARTESIAN_POINT ( 'NONE',  ( 7.413575171585924828, 3.928341405108489504, 5.965350816672459366 ) ) ;
#4027 = CARTESIAN_POINT ( 'NONE',  ( 0.06388974337535263670, 4.830158733743497024, 7.174867539323781074 ) ) ;
#4028 = CARTESIAN_POINT ( 'NONE',  ( 0.7361483507723662889, -11.54496386762018645, -8.002186467881407836E-14 ) ) ;
#4029 = EDGE_CURVE ( 'NONE', #4025, #1227, #3877, .T. ) ;
#4030 = CARTESIAN_POINT ( 'NONE',  ( 7.445848493750775177, 0.1463219796306210740, -7.280016141783130834 ) ) ;
#4031 = VERTEX_POINT ( 'NONE', #3827 ) ;
#4032 = CARTESIAN_POINT ( 'NONE',  ( 7.413576555707944493, -6.921840427297844656, -1.762239152818942722 ) ) ;
#4033 = CARTESIAN_POINT ( 'NONE',  ( 42.31703308766501692, 0.01180069629214084564, 0.004187207470650909820 ) ) ;
#4034 = B_SPLINE_CURVE_WITH_KNOTS ( 'NONE', 3,
 ( #3888, #2336, #3847, #1065, #3286, #495 ),
 .UNSPECIFIED., .F., .F.,
 ( 4, 2, 4 ),
 ( 2.454802281255126788E-17, 0.001307146423454784824, 0.002614292846909545363 ),
 .UNSPECIFIED. ) ;
#4035 = CARTESIAN_POINT ( 'NONE',  ( 42.31737018592016142, 0.007560801945629564043, -0.009987785778765802605 ) ) ;
#4036 = CARTESIAN_POINT ( 'NONE',  ( 0.6749772237825866217, -1.071007216211616431, -11.23427231423335115 ) ) ;
ENDSEC;
END-ISO-10303-21;
