round,candidate,repeat,direction,wheel_rpm,t,sequence,destination_error,tracking_error,profile_rate_dps,wheel,steer_rpm,motion_settled,temp1,temp2,i1,i2,q1,q2
1,1,1,1,0.0,0.0007721790007053642,1073,-90.0,-0.176,4.506,0.0,0.0,False,30,29,195,-198,162,-215
1,1,1,1,0.0,0.0210166359993309,1074,-90.0,-0.176,22.507,0.0,0.0,False,30,29,195,-198,162,-215
1,1,1,1,0.0,0.031248204999428708,1076,-90.0,-0.176,31.504,0.0,0.0,False,30,29,195,-198,162,-215
1,1,1,1,0.0,0.041166548000546754,1078,-90.0,-0.176,40.502,-0.035,2.411483253588517,False,30,29,195,-198,162,-215
1,1,1,1,0.0,0.05107406000024639,1080,-90.0,-0.176,49.499,-2.996,4.095693779904306,False,30,29,195,-198,162,-215
1,1,1,1,0.0,0.061481778999223025,1082,-89.91199999999998,-0.176,58.506,-6.224,7.234449760765551,False,30,29,195,-198,162,-215
1,1,1,1,0.0,0.07157711599938921,1084,-89.91199999999998,-0.176,67.505,-3.627,11.598086124401915,False,30,29,195,-198,162,-215
1,1,1,1,0.0,0.08141642800001136,1086,-89.64799999999997,-0.176,76.579,-5.124,12.229665071770334,False,30,29,195,-198,162,-215
1,1,1,1,0.0,0.09177418500075873,1088,-88.85699999999997,-0.176,85.502,-5.113,14.641148325358852,False,30,29,195,-198,162,-215
1,1,1,1,0.0,0.10159817199928511,1090,-87.89099999999996,-0.176,94.502,-2.859,15.808612440191387,False,30,29,195,-198,162,-215
1,1,1,1,0.0,0.11171785199985607,1091,-90.0,0.0,103.504,-2.859,15.808612440191387,False,30,29,0,0,-45,41
1,1,1,1,0.0,0.13161396699979377,1093,-84.55099999999999,0.0,120.0,-4.777,20.76555023923445,False,30,29,0,0,-45,41
1,1,1,1,0.0,0.1417392799994559,1095,-83.23199999999997,0.0,120.0,-1.426,21.5311004784689,False,30,29,0,0,-45,41
1,1,1,1,0.0,0.15211340300083975,1097,-81.91399999999999,0.0,120.0,0.737,21.607655502392344,False,30,29,0,0,-45,41
1,1,1,1,0.0,0.16215969400036556,1099,-80.59599999999999,0.0,120.0,-0.184,21.81818181818182,False,30,29,0,0,-45,41
1,1,1,1,0.0,0.17206183900088945,1101,-79.27699999999999,0.0,120.0,-0.492,21.205741626794257,False,30,29,0,0,-45,41
1,1,1,1,0.0,0.1823487080000632,1103,-78.04699999999998,0.0,120.0,0.414,20.91866028708134,False,30,29,0,0,-45,41
1,1,1,1,0.0,0.19236823100072797,1105,-76.81599999999999,0.0,120.0,-0.133,21.49282296650718,False,30,29,0,0,-45,41
1,1,1,1,0.0,0.20237815700056672,1107,-75.58599999999998,0.0,120.0,1.588,20.57416267942584,False,30,29,0,0,-45,41
1,1,1,1,0.0,0.212566443000469,1108,-87.89099999999996,2.616,120.0,1.588,20.57416267942584,False,30,29,553,491,447,415
1,1,1,1,0.0,0.23242975900029705,1110,-71.89399999999999,2.616,120.0,-1.685,21.454545454545457,False,30,29,553,491,447,415
1,1,1,1,0.0,0.2428890360006335,1112,-70.66399999999999,2.616,120.0,-0.332,20.842105263157894,False,30,29,553,491,447,415
1,1,1,1,0.0,0.25283805999970355,1114,-69.43399999999998,2.616,120.0,1.818,20.76555023923445,False,30,29,553,491,447,415
1,1,1,1,0.0,0.26275810200058913,1116,-68.20299999999999,2.616,120.0,0.336,20.47846889952153,False,30,29,553,491,447,415
1,1,1,1,0.0,0.27319612999963283,1118,-66.88499999999999,2.616,120.0,-0.319,20.287081339712916,False,30,29,553,491,447,415
1,1,1,1,0.0,0.28273707600055786,1120,-65.65399999999998,2.616,120.0,0.891,20.842105263157894,False,30,29,553,491,447,415
1,1,1,1,0.0,0.29285598500064225,1122,-64.42399999999999,2.616,120.0,1.262,20.61244019138756,False,30,29,553,491,447,415
1,1,1,1,0.0,0.3029609810000693,1125,-75.58599999999998,1.884,120.0,-0.059,20.650717703349283,False,30,29,193,220,174,293
1,1,1,1,0.0,0.3334359830005269,1128,-58.79899999999999,1.884,120.0,2.375,20.095693779904305,False,30,29,193,220,174,293
1,1,1,1,0.0,0.343560064000485,1130,-57.65599999999999,1.884,120.0,2.095,19.885167464114833,False,30,29,193,220,174,293
1,1,1,1,0.0,0.35335165099968435,1131,-57.12899999999999,1.884,120.0,-0.472,19.732057416267942,False,30,29,193,220,174,293
1,1,1,1,0.0,0.36383436399955826,1134,-55.28299999999999,1.884,120.0,-1.574,21.052631578947366,False,30,29,193,220,174,293
1,1,1,1,0.0,0.3738054679997731,1136,-54.05299999999998,1.884,120.0,1.354,21.014354066985643,False,30,29,193,220,174,293
1,1,1,1,0.0,0.383811923000394,1138,-52.82199999999999,1.884,120.0,1.116,20.459330143540672,False,30,29,193,220,174,293
1,1,1,1,0.0,0.3938493309997284,1140,-51.67999999999998,1.884,120.0,-0.819,20.89952153110048,False,30,29,193,220,174,293
1,1,1,1,0.0,0.4039913489996252,1142,-63.01799999999999,1.316,120.0,0.461,20.15311004784689,False,30,29,135,121,80,163
1,1,1,1,0.0,0.42401306300052966,1143,-47.89999999999998,1.316,120.0,-0.353,20.32535885167464,False,30,29,135,121,80,163
1,1,1,1,0.0,0.43417131199930736,1145,-46.75799999999998,1.316,120.0,-0.869,19.885167464114836,False,30,29,135,121,80,163
1,1,1,1,0.0,0.4439506529997743,1147,-45.52699999999999,1.316,120.0,-0.419,19.846889952153113,False,30,29,135,121,80,163
1,1,1,1,0.0,0.45411229099954653,1149,-44.38499999999999,1.316,120.0,1.208,20.095693779904305,False,30,29,135,121,80,163
1,1,1,1,0.0,0.4644462910000584,1151,-43.065999999999974,1.316,120.0,0.978,19.961722488038276,False,30,29,135,121,80,163
1,1,1,1,0.0,0.47445110700027726,1153,-41.835999999999984,1.316,120.0,-1.498,20.76555023923445,False,30,29,135,121,80,163
1,1,1,1,0.0,0.48431633899963344,1155,-40.60499999999999,1.316,120.0,-0.357,20.13397129186603,False,30,29,135,121,80,163
1,1,1,1,0.0,0.4947269090007467,1157,-39.375,1.316,120.0,0.474,20.076555023923447,False,30,29,135,121,80,163
1,1,1,1,0.0,0.5045888519998698,1158,-38.75999999999999,1.316,120.0,-0.688,19.770334928229666,False,30,29,135,121,80,163
1,1,1,1,0.0,0.5249002410000685,1160,-35.684,1.187,120.0,0.655,20.172248803827753,False,30,29,169,184,104,15
1,1,1,1,0.0,0.5345862829999533,1162,-34.541,1.187,120.0,0.332,20.842105263157897,False,30,29,169,184,104,15
1,1,1,1,0.0,0.5447637310007849,1163,-33.75,1.187,120.0,0.564,19.004784688995215,False,30,29,169,184,104,15
1,1,1,1,0.0,0.5553060050006025,1166,-31.99199999999999,1.187,120.0,-0.424,19.157894736842106,False,30,29,169,184,104,15
1,1,1,1,0.0,0.564869802999965,1168,-30.936999999999983,1.187,120.0,0.079,19.598086124401913,False,30,29,169,184,104,15
1,1,1,1,0.0,0.5748861280007986,1170,-29.706999999999994,1.187,120.0,0.875,19.961722488038276,False,30,29,169,184,104,15
1,1,1,1,0.0,0.5851035949999641,1172,-28.476,1.187,120.0,1.165,20.688995215311003,False,30,29,169,184,104,15
1,1,1,1,0.0,0.595229209999161,1174,-27.24599999999998,1.187,120.0,-0.058,20.0,False,30,29,169,184,104,15
1,1,1,1,0.0,0.6052567360002286,1175,-26.718999999999994,1.187,120.0,0.276,21.014354066985646,False,30,29,169,184,104,15
1,1,1,1,0.0,0.6155405560002691,1176,-38.672,0.97,120.0,0.276,21.014354066985646,False,30,29,226,207,158,171
1,1,1,1,0.0,0.6255511489998753,1177,-23.817999999999984,0.97,120.0,-0.592,21.014354066985646,False,30,29,226,207,158,171
1,1,1,1,0.0,0.6354413480003132,1179,-22.675999999999988,0.97,120.0,1.179,19.36842105263158,False,30,29,226,207,158,171
1,1,1,1,0.0,0.6458057700001518,1181,-21.444999999999993,0.97,120.0,1.381,18.736842105263158,False,30,29,226,207,158,171
1,1,1,1,0.0,0.6559067819998745,1183,-20.302999999999997,0.97,120.0,0.217,19.004784688995215,False,30,29,226,207,158,171
1,1,1,1,0.0,0.6655968119994213,1185,-19.072000000000003,0.97,120.0,1.193,20.516746411483254,False,30,29,226,207,158,171
1,1,1,1,0.0,0.6760321990004741,1187,-17.841999999999985,0.97,120.0,1.265,20.095693779904305,False,30,29,226,207,158,171
1,1,1,1,0.0,0.6859998420004558,1189,-16.61099999999999,0.97,120.0,-0.76,20.5933014354067,False,30,29,226,207,158,171
1,1,1,1,0.0,0.6957547450001584,1191,-15.380999999999972,0.97,120.0,-1.606,20.172248803827753,False,30,29,226,207,158,171
1,1,1,1,0.0,0.7060263959992881,1192,-14.765999999999991,0.97,120.0,1.948,20.28708133971292,False,30,29,226,207,158,171
1,1,1,1,0.0,0.7162291149998055,1193,-26.718999999999994,1.019,115.784,1.948,20.28708133971292,False,30,29,122,123,209,132
1,1,1,1,0.0,0.7259491980003077,1194,-11.776999999999987,1.019,110.159,-2.905,20.63157894736842,False,30,29,122,123,209,132
1,1,1,1,0.0,0.7360395060004521,1196,-10.634999999999991,1.019,104.533,-0.935,19.751196172248804,False,30,29,122,123,209,132
1,1,1,1,0.0,0.7459882469993317,1198,-9.579999999999984,1.019,98.908,-0.058,17.49282296650718,False,30,29,122,123,209,132
1,1,1,1,0.0,0.7565347849995305,1200,-8.613,1.019,93.277,-0.485,15.559808612440193,False,30,29,122,123,209,132
1,1,1,1,0.0,0.7662645719992724,1202,-7.7339999999999804,1.019,87.66,1.735,14.641148325358852,False,30,29,122,123,209,132
1,1,1,1,0.0,0.7764594170002965,1204,-6.85499999999999,1.019,82.022,1.133,13.83732057416268,False,30,29,122,123,209,132
1,1,1,1,0.0,0.7867867389995808,1206,-5.975999999999999,1.019,76.407,-0.611,14.507177033492821,False,30,29,122,123,209,132
1,1,1,1,0.0,0.7968168049992528,1208,-5.185000000000002,1.019,70.785,-1.574,13.090909090909092,False,30,29,122,123,209,132
1,1,1,1,0.0,0.8067749660003756,1209,-4.834000000000003,1.019,65.159,2.848,11.67464114832536,False,30,29,122,123,209,132
1,1,1,1,0.0,0.8169624769998336,1210,-14.677999999999997,0.98,59.533,2.848,11.67464114832536,False,30,29,164,164,188,221
1,1,1,1,0.0,0.8270220369995513,1211,-3.0759999999999934,0.98,53.907,1.733,13.07177033492823,False,30,29,164,164,188,221
1,1,1,1,0.0,0.8370357759995386,1213,-2.548999999999978,0.98,48.285,1.041,7.789473684210527,False,30,29,164,164,188,221
1,1,1,1,0.0,0.8472167359996092,1215,-2.0209999999999866,0.98,42.66,0.241,6.679425837320574,False,30,29,164,164,188,221
1,1,1,1,0.0,0.8574156590002531,1217,-1.6699999999999875,0.98,37.031,1.88,5.837320574162679,False,30,29,164,164,188,221
1,1,1,1,0.0,0.8672557249992678,1219,-1.2299999999999898,0.98,31.411,-2.796,5.435406698564593,False,30,29,164,164,188,221
1,1,1,1,0.0,0.877399864999461,1221,-0.9669999999999845,0.98,25.785,-0.44,5.626794258373206,False,30,29,164,164,188,221
1,1,1,1,0.0,0.8875954440009082,1223,-0.6149999999999807,0.98,20.161,1.723,4.267942583732057,False,30,29,164,164,188,221
1,1,1,1,0.0,0.8976211970002623,1225,-0.43899999999999295,0.98,14.536,-2.71,3.291866028708134,False,30,29,164,164,188,221
1,1,1,1,0.0,0.9077667769997788,1227,-4.745999999999981,0.766,8.909,1.874,2.449760765550239,False,30,29,-37,23,-87,91
1,1,1,1,0.0,0.9278284110005188,1228,0.0,0.766,-2.341,3.374,2.2583732057416266,False,30,29,-37,23,-87,91
1,1,1,1,0.0,0.9378117039996141,1230,0.17600000000001614,0.766,-11.342,-1.358,0.22966507177033493,False,30,29,-37,23,-87,91
1,1,1,1,0.0,0.9482467100006033,1233,0.17600000000001614,0.766,-11.995,-5.436,-2.5454545454545454,False,30,29,-37,23,-87,91
1,1,1,1,0.0,0.9581174470004044,1234,0.17600000000001614,0.766,-6.367,-1.045,-1.0717703349282297,False,30,29,-37,23,-87,91
1,1,1,1,0.0,0.9681138630003261,1236,0.17600000000001614,0.766,-0.75,5.24,-0.2679425837320574,False,30,29,-37,23,-87,91
1,1,1,1,0.0,0.9784950039993419,1239,0.17600000000001614,0.766,0.0,3.925,1.7416267942583734,False,30,29,-37,23,-87,91
1,1,1,1,0.0,0.9883005720002984,1241,0.17600000000001614,0.766,0.0,-2.117,-1.3014354066985645,False,30,29,-37,23,-87,91
1,1,1,1,0.0,0.998423642000489,1243,0.17600000000001614,0.766,0.0,-2.452,-0.4976076555023924,False,30,29,-37,23,-87,91
1,1,1,1,0.0,1.0085024159998284,1244,-0.3509999999999991,0.497,0.0,-2.452,-0.4976076555023924,False,30,29,102,136,-15,90
1,1,1,1,0.0,1.0284494850002375,1246,0.17600000000001614,0.497,0.0,1.699,0.4210526315789474,False,30,29,102,136,-15,90
1,1,1,1,0.0,1.0388678809995326,1248,0.17600000000001614,0.497,0.0,0.55,-0.09569377990430622,False,30,29,102,136,-15,90
1,1,1,1,0.0,1.0486557469994295,1250,0.17600000000001614,-0.176,0.0,-1.157,-0.36363636363636365,False,30,29,158,102,101,28
1,1,1,1,0.0,1.058832523000092,1252,0.17600000000001614,-0.176,0.0,0.049,0.11483253588516747,False,30,29,158,102,101,28
1,1,1,1,0.0,1.0691241969998373,1254,0.17600000000001614,-0.176,0.0,0.457,0.11483253588516747,False,30,29,158,102,101,28
1,1,1,1,0.0,1.0790970559992275,1256,0.17600000000001614,-0.176,0.0,-0.538,-0.1339712918660287,False,30,29,158,102,101,28
1,1,1,1,0.0,1.0890532110006461,1258,0.17600000000001614,-0.176,0.0,0.108,0.07655502392344497,False,30,29,158,102,101,28
1,1,1,1,0.0,1.0996411569994962,1261,0.17600000000001614,-0.176,0.0,0.001,0.0,False,30,29,158,102,101,28
1,1,1,1,0.0,1.1295215970003483,1263,0.17600000000001614,-0.176,0.0,0.0,0.0,True,30,29,158,102,101,28
1,1,1,-1,0.0,0.0007607769985042978,1264,90.0,-0.176,0.0,0.0,0.0,True,30,29,158,102,101,28
1,1,1,-1,0.0,0.010911268998825108,1266,90.0,-0.176,-8.999,0.0,0.0,False,30,29,158,102,101,28
1,1,1,-1,0.0,0.02095771499989496,1268,90.0,-0.176,-17.997,-0.022,-0.7272727272727273,False,30,29,158,102,101,28
1,1,1,-1,0.0,0.031256696998752886,1270,90.0,-0.176,-26.998,-1.2,-1.6267942583732056,False,30,29,158,102,101,28
1,1,1,-1,0.0,0.04127562400026363,1272,90.0,-0.176,-35.997,1.559,-2.3349282296650715,False,30,29,158,102,101,28
1,1,1,-1,0.0,0.051225874998635845,1274,90.0,-0.176,-44.997,4.356,-4.421052631578948,False,30,29,158,102,101,28
1,1,1,-1,0.0,0.0615961490002519,1276,90.0,-0.176,-53.999,2.79,-6.75598086124402,False,30,29,158,102,101,28
1,1,1,-1,0.0,0.07149306199971761,1277,90.0,-0.176,-63.001,4.728,-8.880382775119617,False,30,29,158,102,101,28
1,1,1,-1,0.0,0.09187716199994611,1278,90.0,-0.176,-81.003,4.728,-8.880382775119617,False,30,29,32,28,-29,0
1,1,1,-1,0.0,0.10163412899964896,1280,89.20899999999995,-0.176,-90.0,2.677,-13.55023923444976,False,30,29,32,28,-29,0
1,1,1,-1,0.0,0.11172123799951805,1282,88.24199999999996,-0.176,-99.002,1.477,-17.071770334928228,False,30,29,32,28,-29,0
1,1,1,-1,0.0,0.12224786899969331,1285,86.572,-0.176,-108.004,0.731,-19.885167464114833,False,30,29,32,28,-29,0
1,1,1,-1,0.0,0.13185614699978032,1286,85.957,-0.176,-117.003,1.177,-20.63157894736842,False,30,29,32,28,-29,0
1,1,1,-1,0.0,0.14206433099934657,1288,84.726,-0.176,-120.0,0.648,-20.995215311004785,False,30,29,32,28,-29,0
1,1,1,-1,0.0,0.15230747099849395,1291,82.70499999999998,-0.176,-120.0,0.522,-22.851674641148325,False,30,29,32,28,-29,0
1,1,1,-1,0.0,0.16227676499875088,1293,81.38699999999994,-0.176,-120.0,1.303,-22.77511961722488,False,30,29,32,28,-29,0
1,1,1,-1,0.0,0.18257178199928603,1294,90.0,-2.224,-120.0,1.303,-22.77511961722488,False,30,29,-481,-446,-532,-501
1,1,1,-1,0.0,0.1925486539985286,1295,77.60699999999997,-2.224,-120.0,-2.277,-23.119617224880383,False,30,29,-481,-446,-532,-501
1,1,1,-1,0.0,0.20249983800022164,1297,76.37699999999995,-2.224,-120.0,-2.285,-20.880382775119617,False,30,29,-481,-446,-532,-501
1,1,1,-1,0.0,0.21278544099914143,1299,75.14599999999996,-2.224,-120.0,-0.682,-21.09090909090909,False,30,29,-481,-446,-532,-501
1,1,1,-1,0.0,0.22261529000024893,1301,73.91599999999994,-2.224,-120.0,0.478,-22.105263157894736,False,30,29,-481,-446,-532,-501
1,1,1,-1,0.0,0.23267223699986062,1303,72.59799999999996,-2.224,-120.0,-0.869,-21.971291866028707,False,30,29,-481,-446,-532,-501
1,1,1,-1,0.0,0.24311501199917984,1305,71.279,-2.224,-120.0,-0.637,-21.09090909090909,False,30,29,-481,-446,-532,-501
1,1,1,-1,0.0,0.2529926829993201,1307,69.96099999999996,-2.224,-120.0,-0.362,-21.837320574162682,False,30,29,-481,-446,-532,-501
1,1,1,-1,0.0,0.26297701399926154,1309,68.64199999999994,-2.224,-120.0,-1.911,-21.09090909090909,False,30,29,-481,-446,-532,-501
1,1,1,-1,0.0,0.27346427900010895,1310,67.93899999999996,-2.224,-120.0,0.873,-21.875598086124405,False,30,29,-481,-446,-532,-501
1,1,1,-1,0.0,0.28313570099999197,1311,80.85899999999998,-3.156,-120.0,0.873,-21.875598086124405,False,30,29,-104,-102,-163,-24
1,1,1,-1,0.0,0.29315705499902833,1312,64.86299999999994,-3.156,-120.0,2.251,-21.645933014354068,False,30,29,-104,-102,-163,-24
1,1,1,-1,0.0,0.3034040120001009,1314,63.63299999999998,-3.156,-120.0,-1.18,-19.19617224880383,False,30,29,-104,-102,-163,-24
1,1,1,-1,0.0,0.31344607699975313,1316,62.40199999999999,-3.156,-120.0,0.385,-20.401913875598087,False,30,29,-104,-102,-163,-24
1,1,1,-1,0.0,0.3235253349994309,1318,61.17199999999997,-3.156,-120.0,-0.317,-21.282296650717704,False,30,29,-104,-102,-163,-24
1,1,1,-1,0.0,0.33358541499910643,1320,59.940999999999974,-3.156,-120.0,0.321,-21.645933014354068,False,30,29,-104,-102,-163,-24
1,1,1,-1,0.0,0.343621975998758,1322,58.710999999999956,-3.156,-120.0,-0.569,-20.535885167464116,False,30,29,-104,-102,-163,-24
1,1,1,-1,0.0,0.35415956399992865,1324,57.47999999999996,-3.156,-120.0,-1.293,-20.65071770334928,False,30,29,-104,-102,-163,-24
1,1,1,-1,0.0,0.3640471549988433,1326,56.16199999999998,-3.156,-120.0,0.869,-20.956937799043065,False,30,29,-104,-102,-163,-24
1,1,1,-1,0.0,0.3741342679986701,1327,55.54699999999997,-3.156,-120.0,0.519,-21.320574162679428,False,30,29,-104,-102,-163,-24
1,1,1,-1,0.0,0.38424680499883834,1328,67.93899999999996,-2.213,-120.0,0.519,-21.320574162679428,False,30,29,-83,-66,-87,-154
1,1,1,-1,0.0,0.3942476219999662,1329,52.38299999999998,-2.213,-120.0,-1.7,-21.129186602870814,False,30,29,-83,-66,-87,-154
1,1,1,-1,0.0,0.40414215099917783,1331,51.23999999999995,-2.213,-120.0,-2.068,-20.0,False,30,29,-83,-66,-87,-154
1,1,1,-1,0.0,0.4141292379990773,1334,49.74599999999998,-1.825,-120.0,-1.765,-19.48325358851675,False,30,29,-127,-118,-173,-159
1,1,1,-1,0.0,0.42445807799958857,1336,48.60299999999995,-1.825,-120.0,1.388,-21.148325358851675,False,30,29,-127,-118,-173,-159
1,1,1,-1,0.0,0.43441249999887077,1338,47.37299999999999,-1.825,-120.0,-0.984,-21.014354066985646,False,30,29,-127,-118,-173,-159
1,1,1,-1,0.0,0.4444404810001288,1340,46.14199999999994,-1.825,-120.0,-0.252,-20.688995215311003,False,30,29,-127,-118,-173,-159
1,1,1,-1,0.0,0.4546195999992051,1342,44.91199999999998,-1.825,-120.0,-1.44,-19.961722488038276,False,30,29,-127,-118,-173,-159
1,1,1,-1,0.0,0.4647506309993332,1344,43.59399999999994,-1.825,-120.0,-1.893,-20.28708133971292,False,30,29,-127,-118,-173,-159
1,1,1,-1,0.0,0.4950053639986436,1345,39.90199999999999,-1.825,-120.0,-0.905,-20.612440191387563,False,30,29,-127,-118,-173,-159
1,1,1,-1,0.0,0.5048703399988881,1347,38.75999999999999,-1.825,-120.0,0.017,-20.44019138755981,False,30,29,-127,-118,-173,-159
1,1,1,-1,0.0,0.5149660579991178,1349,37.528999999999996,-1.825,-120.0,-0.852,-19.846889952153113,False,30,29,-127,-118,-173,-159
1,1,1,-1,0.0,0.5252489809990948,1351,36.386999999999944,-1.825,-120.0,-0.027,-19.311004784688997,False,30,29,-127,-118,-173,-159
1,1,1,-1,0.0,0.5352487689997361,1353,35.15599999999995,-1.825,-120.0,-0.356,-19.80861244019139,False,30,29,-127,-118,-173,-159
1,1,1,-1,0.0,0.545250526000018,1355,33.92599999999999,-1.825,-120.0,0.62,-20.363636363636363,False,30,29,-127,-118,-173,-159
1,1,1,-1,0.0,0.5557983090002381,1357,32.78299999999996,-1.825,-120.0,1.016,-21.20574162679426,False,30,29,-127,-118,-173,-159
1,1,1,-1,0.0,0.5654139519992896,1359,31.552999999999997,-1.825,-120.0,0.062,-21.052631578947366,False,30,29,-127,-118,-173,-159
1,1,1,-1,0.0,0.5755414109989943,1360,30.936999999999955,-1.825,-120.0,-0.878,-20.28708133971292,False,30,29,-127,-118,-173,-159
1,1,1,-1,0.0,0.5856830819993775,1361,43.065999999999974,-1.34,-120.0,-0.878,-20.28708133971292,False,30,29,-134,-146,-225,-191
1,1,1,-1,0.0,0.595605065998825,1362,27.597999999999956,-1.34,-120.0,2.278,-21.39712918660287,False,30,29,-134,-146,-225,-191
1,1,1,-1,0.0,0.6056361109986028,1364,26.454999999999984,-1.34,-120.0,1.195,-19.885167464114836,False,30,29,-134,-146,-225,-191
1,1,1,-1,0.0,0.6159690339991357,1366,25.311999999999955,-1.34,-120.0,-0.509,-19.36842105263158,False,30,29,-134,-146,-225,-191
1,1,1,-1,0.0,0.6259298869990744,1368,24.081999999999994,-1.34,-120.0,0.007,-20.038277511961724,False,30,29,-134,-146,-225,-191
1,1,1,-1,0.0,0.6358566199996858,1370,22.850999999999942,-1.34,-120.0,1.493,-20.44019138755981,False,30,29,-134,-146,-225,-191
1,1,1,-1,0.0,0.6462665809995087,1373,21.005999999999972,-1.34,-120.0,1.551,-20.63157894736842,False,30,29,-134,-146,-225,-191
1,1,1,-1,0.0,0.6562521919986466,1375,19.774999999999977,-1.34,-120.0,0.074,-20.5933014354067,False,30,29,-134,-146,-225,-191
1,1,1,-1,0.0,0.6661600989991712,1377,18.63299999999998,-1.34,-120.0,0.551,-21.014354066985646,False,30,29,-134,-146,-225,-191
1,1,1,-1,0.0,0.686442577998605,1378,30.936999999999955,-1.211,-120.0,0.551,-21.014354066985646,False,30,29,-173,-193,-77,-167
1,1,1,-1,0.0,0.6961856259986234,1380,14.940999999999974,-1.211,-120.0,-0.608,-19.751196172248804,False,30,29,-173,-193,-77,-167
1,1,1,-1,0.0,0.7063500719996227,1382,13.886999999999944,-1.211,-120.0,-1.442,-19.004784688995215,False,30,29,-173,-193,-77,-167
1,1,1,-1,0.0,0.7165726839994022,1384,12.831999999999994,-1.211,-117.758,1.195,-19.04306220095694,False,30,29,-173,-193,-77,-167
1,1,1,-1,0.0,0.7263598829995317,1386,11.688999999999965,-1.211,-112.135,-0.381,-19.177033492822968,False,30,29,-173,-193,-77,-167
1,1,1,-1,0.0,0.7365095669993025,1388,10.458999999999946,-1.211,-106.511,0.033,-19.23444976076555,False,30,29,-173,-193,-77,-167
1,1,1,-1,0.0,0.746812883999155,1390,9.315999999999974,-1.211,-100.882,1.306,-19.330143540669855,False,30,29,-173,-193,-77,-167
1,1,1,-1,0.0,0.7567479789995559,1392,8.34899999999999,-1.211,-95.26,0.161,-18.31578947368421,False,30,29,-173,-193,-77,-167
1,1,1,-1,0.0,0.7668351759984944,1394,7.382999999999981,-1.211,-89.635,1.424,-17.37799043062201,False,30,29,-173,-193,-77,-167
1,1,1,-1,0.0,0.7868785009995918,1395,18.63299999999998,-0.907,-78.385,1.424,-17.37799043062201,False,30,29,-76,-67,-111,-198
1,1,1,-1,0.0,0.7969099279998773,1397,4.921999999999969,-0.907,-72.759,0.611,-16.555023923444978,False,30,29,-76,-67,-111,-198
1,1,1,-1,0.0,0.8070133499986696,1399,4.3069999999999595,-0.907,-67.135,-1.062,-10.985645933014354,False,30,29,-76,-67,-111,-198
1,1,1,-1,0.0,0.8170586090000143,1401,3.7789999999999964,-0.907,-61.509,-2.263,-9.760765550239235,False,30,29,-76,-67,-111,-198
1,1,1,-1,0.0,0.8274923009994382,1403,3.2519999999999527,-0.907,-55.884,1.467,-10.14354066985646,False,30,29,-76,-67,-111,-198
1,1,1,-1,0.0,0.8373698269988381,1405,2.7239999999999895,-0.907,-50.241,-0.679,-10.430622009569378,False,30,29,-76,-67,-111,-198
1,1,1,-1,0.0,0.8473882959988259,1407,2.196999999999946,-0.907,-44.635,2.147,-9.511961722488037,False,30,29,-76,-67,-111,-198
1,1,1,-1,0.0,0.8578024139987974,1409,1.669999999999959,-0.907,-36.193,1.809,-9.186602870813397,False,30,29,-76,-67,-111,-198
1,1,1,-1,0.0,0.8676506079991668,1410,1.4939999999999714,-0.907,-33.384,0.258,-6.315789473684211,False,30,29,-76,-67,-111,-198
1,1,1,-1,0.0,0.8776203010002064,1411,7.382999999999981,-0.76,-24.948,0.258,-6.315789473684211,False,30,29,218,245,-17,157
1,1,1,-1,0.0,0.8976793459987675,1413,0.43899999999996453,-0.76,-13.716,-0.18,-1.8181818181818183,False,30,29,218,245,-17,157
1,1,1,-1,0.0,0.9078251519986225,1415,0.35099999999994225,-0.76,-8.072,-1.99,-1.167464114832536,False,30,29,218,245,-17,157
1,1,1,-1,0.0,0.9180641249986365,1418,0.26399999999995316,-0.705,-2.445,1.597,-1.0526315789473684,False,30,29,143,160,24,44
1,1,1,-1,0.0,0.9279956430000311,1420,0.26399999999995316,-0.705,4.864,-0.221,-1.1100478468899522,False,30,29,143,160,24,44
1,1,1,-1,0.0,0.93797988499864,1422,0.17599999999998772,-0.705,13.862,1.04,-1.2057416267942584,False,30,29,143,160,24,44
1,1,1,-1,0.0,0.9482014079985674,1424,0.17599999999998772,-0.705,10.294,1.885,1.1291866028708135,False,30,29,143,160,24,44
1,1,1,-1,0.0,0.9582631519988354,1426,0.17599999999998772,-0.705,4.67,1.173,1.4354066985645932,False,30,29,143,160,24,44
1,1,1,-1,0.0,0.9682178869989002,1427,0.17599999999998772,-0.705,-0.954,3.101,1.0717703349282297,False,30,29,143,160,24,44
1,1,1,-1,0.0,0.9982964239989087,1429,0.17599999999998772,-0.705,0.0,-0.38,0.22966507177033493,False,30,29,143,160,24,44
1,1,1,-1,0.0,1.0084930769990024,1431,0.17599999999998772,-0.705,0.0,0.687,0.5550239234449761,False,30,29,143,160,24,44
1,1,1,-1,0.0,1.0187083769997116,1433,0.17599999999998772,-0.705,0.0,2.479,0.17224880382775118,False,30,29,143,160,24,44
1,1,1,-1,0.0,1.0286903559990606,1435,0.17599999999998772,-0.705,0.0,-0.852,-0.2488038277511962,False,30,29,143,160,24,44
1,1,1,-1,0.0,1.0386874279993208,1437,0.17599999999998772,-0.705,0.0,-0.402,0.15311004784688995,False,30,29,143,160,24,44
1,1,1,-1,0.0,1.0489730539993616,1439,0.17599999999998772,-0.705,0.0,0.743,-0.09569377990430622,False,30,29,143,160,24,44
1,1,1,-1,0.0,1.058831543999986,1441,0.17599999999998772,-0.705,0.0,-0.392,-0.09569377990430622,False,30,29,143,160,24,44
1,1,1,-1,0.0,1.0689167309992627,1443,0.17599999999998772,-0.705,0.0,0.052,0.0,False,30,29,143,160,24,44
1,1,1,-1,0.0,1.0890595399996528,1445,0.17599999999998772,-0.142,0.0,0.006,0.0,False,30,29,-172,-100,-46,-48
1,1,1,-1,0.0,1.0990408349989593,1447,0.17599999999998772,-0.142,0.0,0.0,0.0,False,30,29,-172,-100,-46,-48
1,1,1,-1,0.0,1.1094482150001568,1449,0.17599999999998772,-0.142,0.0,0.0,0.0,True,30,29,-172,-100,-46,-48
1,1,1,1,265.0,0.0007200600011856295,1624,-90.08800000000002,0.088,0.0,253.322,0.34449760765550186,False,30,29,389,-251,223,-192
1,1,1,1,265.0,0.010919530999672133,1626,-90.08800000000002,0.088,8.822,253.917,0.5358851674641145,False,30,29,389,-251,223,-192
1,1,1,1,265.0,0.021408971000710153,1628,-90.08800000000002,0.088,17.826,255.875,0.8612440191387546,False,30,29,389,-251,223,-192
1,1,1,1,265.0,0.05148935699980939,1631,-89.91199999999998,0.0,44.821,261.79,6.909090909090909,False,30,29,324,-324,413,-176
1,1,1,1,265.0,0.06131996400108619,1633,-89.73700000000002,0.0,53.819,266.117,9.588516746411482,False,30,29,324,-324,413,-176
1,1,1,1,265.0,0.07129307900140702,1635,-89.12099999999998,0.0,62.821,266.186,11.004784688995219,False,30,29,324,-324,413,-176
1,1,1,1,265.0,0.08165181100048358,1637,-88.418,0.0,71.827,266.807,11.598086124401918,False,30,29,324,-324,413,-176
1,1,1,1,265.0,0.09156664900001488,1639,-87.62700000000001,0.0,80.819,267.975,14.066985645933011,False,30,29,324,-324,413,-176
1,1,1,1,265.0,0.10151073599990923,1641,-86.66000000000003,0.0,89.817,269.372,14.143540669856458,False,30,29,324,-324,413,-176
1,1,1,1,265.0,0.11193188800098142,1643,-85.69400000000002,0.0,98.816,269.421,16.765550239234447,False,30,29,324,-324,413,-176
1,1,1,1,265.0,0.12194983799963666,1644,-85.166,0.0,107.827,270.867,16.842105263157894,False,30,29,324,-324,413,-176
1,1,1,1,265.0,0.14217681500122126,1645,-90.08800000000002,0.221,120.0,270.867,16.842105263157894,False,30,29,741,74,661,4
1,1,1,1,265.0,0.15195316599965736,1647,-80.77199999999999,0.221,120.0,272.146,22.066985645933016,False,30,29,741,74,661,4
1,1,1,1,265.0,0.1619923039997957,1649,-79.365,0.221,120.0,272.24,22.373205741626794,False,30,29,741,74,661,4
1,1,1,1,265.0,0.17226268100057496,1651,-78.047,0.221,120.0,271.701,22.48803827751196,False,30,29,741,74,661,4
1,1,1,1,265.0,0.18249439099963638,1653,-76.905,0.221,120.0,272.261,20.5933014354067,False,30,29,741,74,661,4
1,1,1,1,265.0,0.19235308700081077,1655,-75.67399999999999,0.221,120.0,273.583,20.114832535885167,False,30,29,741,74,661,4
1,1,1,1,265.0,0.20264956400023948,1657,-74.444,0.221,120.0,272.196,20.91866028708134,False,30,29,741,74,661,4
1,1,1,1,265.0,0.21274423800059594,1659,-73.213,0.221,120.0,272.12,20.842105263157894,False,30,29,741,74,661,4
1,1,1,1,265.0,0.2226416600005905,1660,-72.598,0.221,120.0,273.367,20.11483253588517,False,30,29,741,74,661,4
1,1,1,1,265.0,0.24307076200057054,1661,-84.72699999999998,1.367,120.0,273.367,20.11483253588517,False,30,29,562,177,713,33
1,1,1,1,265.0,0.2526904070000455,1663,-68.291,1.367,120.0,273.46,19.770334928229666,False,30,29,562,177,713,33
1,1,1,1,265.0,0.2628058370009967,1665,-66.973,1.367,120.0,272.525,19.444976076555026,False,30,29,562,177,713,33
1,1,1,1,265.0,0.27294550000078743,1667,-65.83,1.367,120.0,272.002,20.133971291866033,False,30,29,562,177,713,33
1,1,1,1,265.0,0.28303238400076225,1669,-64.776,1.367,120.0,271.936,20.861244019138756,False,30,29,562,177,713,33
1,1,1,1,265.0,0.29300814800080843,1671,-63.545,1.367,120.0,272.8,20.248803827751193,False,30,29,562,177,713,33
1,1,1,1,265.0,0.3034112590012228,1673,-62.227000000000004,1.367,120.0,273.243,20.574162679425832,False,30,29,562,177,713,33
1,1,1,1,265.0,0.3133620480002719,1675,-60.908,1.367,120.0,272.831,20.03827751196172,False,30,29,562,177,713,33
1,1,1,1,265.0,0.3233942900005786,1677,-72.071,0.656,120.0,272.333,20.727272727272727,False,30,29,178,-173,-294,-189
1,1,1,1,265.0,0.3534308960006456,1679,-56.162000000000006,0.656,120.0,271.164,19.521531100478466,False,30,29,178,-173,-294,-189
1,1,1,1,265.0,0.36378496100041957,1681,-55.019999999999996,0.656,120.0,272.27,19.004784688995212,False,30,29,178,-173,-294,-189
1,1,1,1,265.0,0.37368698800128186,1683,-53.876999999999995,0.656,120.0,271.875,19.693779904306222,False,30,29,178,-173,-294,-189
1,1,1,1,265.0,0.3837198380006157,1685,-52.735,0.656,120.0,272.803,19.559808612440197,False,30,29,178,-173,-294,-189
1,1,1,1,265.0,0.394165077001162,1687,-51.591999999999985,0.656,120.0,272.464,19.712918660287084,False,30,29,178,-173,-294,-189
1,1,1,1,265.0,0.40393780100021104,1689,-50.537000000000006,0.656,120.0,273.294,20.287081339712916,False,30,29,178,-173,-294,-189
1,1,1,1,265.0,0.4140015820012195,1691,-49.218999999999994,0.656,120.0,271.089,21.320574162679428,False,30,29,178,-173,-294,-189
1,1,1,1,265.0,0.4242280770013167,1693,-48.07599999999999,0.656,120.0,271.205,20.535885167464116,False,30,29,178,-173,-294,-189
1,1,1,1,265.0,0.444235581000612,1694,-59.678,0.263,120.0,271.205,20.535885167464116,False,30,29,94,-229,-89,-322
1,1,1,1,265.0,0.4545722160000878,1696,-44.47300000000001,0.263,120.0,272.178,20.65071770334928,False,30,29,94,-229,-89,-322
1,1,1,1,265.0,0.46423079700070957,1698,-43.155,0.263,120.0,271.925,18.88995215311005,False,30,29,94,-229,-89,-322
1,1,1,1,265.0,0.4742429150010139,1700,-42.099999999999994,0.263,120.0,271.558,19.36842105263158,False,30,29,94,-229,-89,-322
1,1,1,1,265.0,0.4846945709996362,1702,-40.869,0.263,120.0,270.851,19.961722488038276,False,30,29,94,-229,-89,-322
1,1,1,1,265.0,0.49451445900012914,1704,-39.63900000000001,0.263,120.0,271.252,21.129186602870814,False,30,29,94,-229,-89,-322
1,1,1,1,265.0,0.5045920630000182,1706,-38.40799999999999,0.263,120.0,271.556,20.32535885167464,False,30,29,94,-229,-89,-322
1,1,1,1,265.0,0.514959373000238,1708,-37.26599999999999,0.263,120.0,272.091,19.598086124401913,False,30,29,94,-229,-89,-322
1,1,1,1,265.0,0.5248155190001853,1710,-36.12299999999999,0.263,120.0,270.158,20.72727272727273,False,30,29,94,-229,-89,-322
1,1,1,1,265.0,0.5454317790008645,1711,-48.07599999999999,0.662,120.0,270.158,20.72727272727273,False,30,29,188,-158,343,-102
1,1,1,1,265.0,0.555154969000796,1713,-32.87099999999998,0.662,120.0,272.326,20.057416267942582,False,30,29,188,-158,343,-102
1,1,1,1,265.0,0.5649691199996596,1715,-31.728999999999985,0.662,120.0,270.781,20.076555023923447,False,30,29,188,-158,343,-102
1,1,1,1,265.0,0.5752142170003935,1717,-30.323000000000008,0.662,120.0,271.0,20.555023923444978,False,30,29,188,-158,343,-102
1,1,1,1,265.0,0.5854693820001557,1719,-28.915999999999997,0.662,120.0,270.604,21.492822966507177,False,30,29,188,-158,343,-102
1,1,1,1,265.0,0.5952757260001817,1721,-27.50999999999999,0.662,120.0,271.414,20.363636363636363,False,30,29,188,-158,343,-102
1,1,1,1,265.0,0.6056697020012507,1723,-25.927999999999997,0.662,120.0,269.714,20.516746411483254,False,30,29,188,-158,343,-102
1,1,1,1,265.0,0.6157548490009503,1725,-24.698000000000008,0.662,120.0,269.609,20.401913875598087,False,30,29,188,-158,343,-102
1,1,1,1,265.0,0.6256425580013456,1726,-24.081999999999994,0.662,120.0,270.217,21.033492822966508,False,30,29,188,-158,343,-102
1,1,1,1,265.0,0.6357849080013693,1727,-36.12299999999999,0.709,120.0,270.217,21.033492822966508,False,30,29,213,-147,224,-172
1,1,1,1,265.0,0.6557749430012336,1729,-20.567000000000007,0.709,120.0,270.391,20.210526315789476,False,30,29,213,-147,224,-172
1,1,1,1,265.0,0.6657968420004181,1731,-19.424000000000007,0.709,120.0,271.036,19.961722488038276,False,30,29,213,-147,224,-172
1,1,1,1,265.0,0.6762436179997167,1734,-17.665999999999997,0.709,120.0,270.831,20.038277511961724,False,30,29,213,-147,224,-172
1,1,1,1,265.0,0.6859782920000725,1735,-17.13900000000001,0.709,120.0,271.477,19.923444976076553,False,30,29,213,-147,224,-172
1,1,1,1,265.0,0.6961075300005177,1737,-15.820999999999998,0.709,120.0,270.094,21.492822966507177,False,30,29,213,-147,224,-172
1,1,1,1,265.0,0.7064710350005043,1740,-13.887,0.709,120.0,270.436,20.287081339712916,False,30,29,213,-147,224,-172
1,1,1,1,265.0,0.7164784640008293,1742,-12.569000000000017,0.709,119.128,271.719,20.153110047846894,False,30,29,213,-147,224,-172
1,1,1,1,265.0,0.7367539820006641,1743,-23.730999999999995,0.317,107.877,271.719,20.153110047846894,False,30,29,235,-91,-157,-124
1,1,1,1,265.0,0.7564853620006033,1746,-7.822999999999979,0.317,96.631,269.913,17.377990430622013,False,30,29,235,-91,-157,-124
1,1,1,1,265.0,0.7670682309999393,1749,-6.5919999999999845,0.603,91.005,270.195,15.387559808612439,False,30,29,32,-308,327,21
1,1,1,1,265.0,0.7766197480013943,1751,-5.536999999999978,0.603,85.368,271.16,13.588516746411488,False,30,29,32,-308,327,21
1,1,1,1,265.0,0.7866877590004151,1753,-4.570999999999998,0.603,79.755,270.344,13.760765550239233,False,30,29,32,-308,327,21
1,1,1,1,265.0,0.7971376320001582,1755,-3.8669999999999902,0.603,74.129,269.875,12.26794258373206,False,30,29,32,-308,327,21
1,1,1,1,265.0,0.8069347020009445,1757,-3.4279999999999973,0.603,68.504,271.444,11.196172248803832,False,30,29,32,-308,327,21
1,1,1,1,265.0,0.8173269020007865,1759,-2.9010000000000105,0.603,60.047,271.636,10.315789473684209,False,30,29,32,-308,327,21
1,1,1,1,265.0,0.8473541680014023,1760,-1.5819999999999936,0.603,43.193,272.091,9.588516746411482,False,30,29,32,-308,327,21
1,1,1,1,265.0,0.8576197910006158,1762,-1.3190000000000168,0.603,37.566,271.039,7.387559808612439,False,30,29,32,-308,327,21
1,1,1,1,265.0,0.867696387000251,1764,-1.0550000000000068,0.603,31.942,269.862,6.985645933014356,False,30,29,32,-308,327,21
1,1,1,1,265.0,0.8774358500013477,1766,-0.7909999999999968,0.603,26.317,271.023,5.282296650717703,False,30,29,32,-308,327,21
1,1,1,1,265.0,0.8875040969996917,1768,-0.5279999999999916,0.603,20.69,270.596,4.555023923444977,False,30,29,32,-308,327,21
1,1,1,1,265.0,0.8974894410002889,1770,-0.17599999999998772,0.603,15.069,269.913,3.502392344497609,False,30,29,32,-308,327,21
1,1,1,1,265.0,0.9078717440006585,1772,0.08800000000002228,0.603,9.443,270.226,2.698564593301435,False,30,29,32,-308,327,21
1,1,1,1,265.0,0.9180239400011487,1774,0.4390000000000214,0.603,3.815,269.384,1.6076555023923438,False,30,29,32,-308,327,21
1,1,1,1,265.0,0.9378820600013569,1775,-2.548999999999978,-0.208,-10.808,269.384,1.6076555023923438,False,30,29,28,-325,35,-361
1,1,1,1,265.0,0.948126780000166,1776,0.9669999999999845,-0.208,-12.372,271.804,1.588516746411482,False,30,29,28,-325,35,-361
1,1,1,1,265.0,0.9580005170009827,1778,0.9669999999999845,-0.208,-6.749,269.784,-3.3875598086124437,False,30,29,28,-325,35,-361
1,1,1,1,265.0,0.9680055690005247,1780,0.9669999999999845,-0.208,-1.124,269.042,-4.995215311004787,False,30,29,28,-325,35,-361
1,1,1,1,265.0,0.9783329340007185,1782,0.9669999999999845,-0.208,5.916,267.933,-5.665071770334924,False,30,29,28,-325,35,-361
1,1,1,1,265.0,0.9885516230006033,1784,1.054000000000002,-0.208,0.294,269.08,-4.497607655502391,False,30,29,28,-325,35,-361
1,1,1,1,265.0,0.9982144530004007,1786,0.9669999999999845,-0.208,0.0,267.589,-2.75598086124402,False,30,29,28,-325,35,-361
1,1,1,1,265.0,1.0085542970009556,1788,0.9669999999999845,-0.208,0.0,269.443,-3.425837320574162,False,30,29,28,-325,35,-361
1,1,1,1,265.0,1.0185191199998371,1790,0.703000000000003,-0.208,0.0,268.942,-2.832535885167462,False,30,29,28,-325,35,-361
1,1,1,1,265.0,1.0387054000002536,1791,0.5269999999999868,-0.232,0.0,268.942,-2.832535885167462,False,30,29,2,-349,101,-280
1,1,1,1,265.0,1.0488747979998152,1792,0.08800000000002228,-0.232,0.0,269.361,-3.2918660287081347,False,30,29,2,-349,101,-280
1,1,1,1,265.0,1.0587663610003801,1794,0.0,-0.232,0.0,269.561,-0.8229665071770362,False,30,29,2,-349,101,-280
1,1,1,1,265.0,1.0687073469998722,1796,0.0,-0.232,0.0,270.354,-0.2296650717703363,False,30,29,2,-349,101,-280
1,1,1,1,265.0,1.0791389879996132,1798,0.0,-0.232,0.0,270.182,0.19138755980860755,False,30,29,2,-349,101,-280
1,1,1,1,265.0,1.089049481000984,1800,-0.08799999999999386,-0.232,0.0,270.77,-0.15311004784688914,False,30,29,2,-349,101,-280
1,1,1,1,265.0,1.0989856280011736,1802,-0.08799999999999386,-0.232,0.0,269.331,-0.2105263157894745,False,30,29,2,-349,101,-280
1,1,1,1,265.0,1.1096953070009477,1804,-0.08799999999999386,-0.232,0.0,270.07,-0.2105263157894745,False,30,29,2,-349,101,-280
1,1,1,1,265.0,1.1193008950012882,1806,-0.17599999999998772,-0.232,0.0,270.394,0.19138755980861272,False,30,29,2,-349,101,-280
1,1,1,1,265.0,1.1293724919996748,1808,0.6150000000000091,-0.615,0.0,270.651,-0.057416267942585364,False,30,29,318,-38,187,-329
1,1,1,1,265.0,1.149489175000781,1810,-0.17599999999998772,-0.615,0.0,268.671,0.34449760765550186,False,30,29,318,-38,187,-329
1,1,1,1,265.0,1.1594474789999367,1812,-0.26400000000001,-0.615,0.0,269.824,-0.6124401913875566,False,30,29,318,-38,187,-329
1,1,1,1,265.0,1.1698112370013405,1814,-0.26400000000001,-0.615,0.0,269.055,-0.421052631578949,True,30,29,318,-38,187,-329
1,1,1,-1,265.0,0.0006392249997588806,1815,90.0,-0.615,0.0,269.238,-0.5358851674641145,True,30,29,318,-38,187,-329
1,1,1,-1,265.0,0.01096071500069229,1817,90.0,-0.615,-8.816,268.773,-0.6315789473684236,False,30,29,318,-38,187,-329
1,1,1,-1,265.0,0.02089780200003588,1819,90.0,-0.615,-17.819,268.383,-1.1100478468899528,False,30,29,318,-38,187,-329
1,1,1,-1,265.0,0.03122439700018731,1821,90.0,-0.615,-26.829,269.922,-4.172248803827751,False,30,29,318,-38,187,-329
1,1,1,-1,265.0,0.041131707999738865,1823,90.0,-0.615,-35.817,270.319,-4.746411483253589,False,30,29,318,-38,187,-329
1,1,1,-1,265.0,0.05131543400057126,1825,90.08800000000002,0.176,-44.814,270.99,-6.066985645933016,False,30,29,167,-146,117,-83
1,1,1,-1,265.0,0.08133615900078439,1827,88.418,0.176,-71.814,270.31,-11.272727272727273,False,30,29,167,-146,117,-83
1,1,1,-1,265.0,0.09171261200026493,1829,87.71500000000003,0.176,-80.822,272.208,-12.956937799043065,False,30,29,167,-146,117,-83
1,1,1,-1,265.0,0.10152810200088425,1831,86.83600000000001,0.176,-89.867,270.357,-14.947368421052634,False,30,29,167,-146,117,-83
1,1,1,-1,265.0,0.11164578700118,1833,85.957,0.176,-98.813,270.425,-15.789473684210526,False,30,29,167,-146,117,-83
1,1,1,-1,265.0,0.12207297600070888,1835,84.815,0.176,-107.816,269.926,-16.91866028708134,False,30,29,167,-146,117,-83
1,1,1,-1,265.0,0.13176551700053096,1837,83.584,0.176,-116.814,269.587,-18.67942583732058,False,30,29,167,-146,117,-83
1,1,1,-1,265.0,0.1417331690008723,1839,82.26600000000002,0.176,-120.0,271.104,-20.44019138755981,False,30,29,167,-146,117,-83
1,1,1,-1,265.0,0.1519113730009849,1840,81.56299999999999,0.176,-120.0,269.6,-20.535885167464116,False,30,29,167,-146,117,-83
1,1,1,-1,265.0,0.16204946500147344,1841,89.91200000000003,-0.651,-120.0,269.6,-20.535885167464116,False,30,29,-287,-589,-232,-762
1,1,1,-1,265.0,0.18241369099996518,1843,77.08000000000004,-0.651,-120.0,267.4,-21.263157894736842,False,30,29,-287,-589,-232,-762
1,1,1,-1,265.0,0.19242522900094627,1845,76.02499999999998,-0.651,-120.0,267.482,-19.96172248803828,False,30,29,-287,-589,-232,-762
1,1,1,-1,265.0,0.20230115500089596,1847,74.79500000000002,-0.651,-120.0,268.797,-20.172248803827753,False,30,29,-287,-589,-232,-762
1,1,1,-1,265.0,0.21277575900057855,1850,73.125,-0.651,-120.0,268.451,-20.210526315789476,False,30,29,-287,-589,-232,-762
1,1,1,-1,265.0,0.2227466860003915,1852,71.98200000000003,-0.651,-120.0,268.329,-19.559808612440197,False,30,29,-287,-589,-232,-762
1,1,1,-1,265.0,0.23264812800152868,1854,70.928,-0.651,-120.0,268.864,-20.47846889952153,False,30,29,-287,-589,-232,-762
1,1,1,-1,265.0,0.24285460999999486,1856,69.87299999999999,-0.651,-120.0,268.944,-21.052631578947366,False,30,29,-287,-589,-232,-762
1,1,1,-1,265.0,0.26286805600102525,1857,81.12300000000005,-0.531,-120.0,268.944,-21.052631578947366,False,30,29,109,-244,-72,-471
1,1,1,-1,265.0,0.28297456100153795,1860,65.21500000000003,-0.531,-120.0,267.435,-19.732057416267942,False,30,29,109,-244,-72,-471
1,1,1,-1,265.0,0.292876174000412,1862,63.98400000000004,-0.531,-120.0,269.663,-20.13397129186603,False,30,29,109,-244,-72,-471
1,1,1,-1,265.0,0.3033712120013661,1864,62.75400000000002,-0.531,-120.0,268.987,-20.631578947368425,False,30,29,109,-244,-72,-471
1,1,1,-1,265.0,0.31306877300085034,1866,61.34800000000001,-0.531,-120.0,268.333,-20.210526315789476,False,30,29,109,-244,-72,-471
1,1,1,-1,265.0,0.32313466100094956,1868,59.85400000000004,-0.531,-120.0,268.998,-20.631578947368418,False,30,29,109,-244,-72,-471
1,1,1,-1,265.0,0.33362039200073923,1870,58.535000000000025,-0.531,-120.0,268.901,-20.401913875598087,False,30,29,109,-244,-72,-471
1,1,1,-1,265.0,0.3436195600006613,1872,57.39300000000003,-0.531,-120.0,268.341,-19.88516746411483,False,30,29,109,-244,-72,-471
1,1,1,-1,265.0,0.35359024300123565,1873,69.43400000000003,-0.843,-120.0,268.341,-19.88516746411483,False,30,29,119,-197,165,109
1,1,1,-1,265.0,0.37367117699977825,1874,53.70100000000002,-0.843,-120.0,269.712,-20.210526315789476,False,30,29,119,-197,165,109
1,1,1,-1,265.0,0.38371405600082653,1876,52.64699999999999,-0.843,-120.0,269.383,-19.043062200956935,False,30,29,119,-197,165,109
1,1,1,-1,265.0,0.3939811850013939,1878,51.416,-0.843,-120.0,267.573,-19.693779904306222,False,30,29,119,-197,165,109
1,1,1,-1,265.0,0.4039485040011641,1880,50.09800000000001,-0.843,-120.0,269.327,-19.55980861244019,False,30,29,119,-197,165,109
1,1,1,-1,265.0,0.4137622489997739,1882,49.043000000000006,-0.843,-120.0,268.16,-20.325358851674647,False,30,29,119,-197,165,109
1,1,1,-1,265.0,0.4240891420013213,1884,47.72500000000002,-0.843,-120.0,268.608,-19.693779904306222,False,30,29,119,-197,165,109
1,1,1,-1,265.0,0.4342188910013647,1886,46.406000000000006,-0.843,-120.0,269.442,-20.956937799043065,False,30,29,119,-197,165,109
1,1,1,-1,265.0,0.4439980300012394,1888,45.35200000000003,-0.843,-120.0,267.561,-19.636363636363637,False,30,29,119,-197,165,109
1,1,1,-1,265.0,0.47428350600057456,1890,41.74799999999999,-0.388,-120.0,269.657,-20.363636363636363,False,30,29,140,-180,259,-202
1,1,1,-1,265.0,0.4842298370003846,1892,40.692999999999984,-0.388,-120.0,268.376,-19.693779904306222,False,30,29,140,-180,259,-202
1,1,1,-1,265.0,0.49451384100029827,1894,39.55099999999999,-0.388,-120.0,267.454,-19.157894736842106,False,30,29,140,-180,259,-202
1,1,1,-1,265.0,0.5043617930004984,1896,38.23200000000003,-0.388,-120.0,268.142,-20.095693779904305,False,30,29,140,-180,259,-202
1,1,1,-1,265.0,0.5144701110002643,1898,37.00200000000001,-0.388,-120.0,268.358,-20.287081339712916,False,30,29,140,-180,259,-202
1,1,1,-1,265.0,0.5249075450010423,1900,35.77199999999999,-0.388,-120.0,266.965,-19.92344497607656,False,30,29,140,-180,259,-202
1,1,1,-1,265.0,0.5347609000000375,1902,34.62900000000002,-0.388,-120.0,269.636,-20.038277511961724,False,30,29,140,-180,259,-202
1,1,1,-1,265.0,0.5447930160007672,1904,33.311000000000035,-0.388,-120.0,267.901,-20.363636363636363,False,30,29,140,-180,259,-202
1,1,1,-1,265.0,0.5650412869999855,1905,45.0,-0.409,-120.0,267.901,-20.363636363636363,False,30,29,134,-188,74,128
1,1,1,-1,265.0,0.5750132160010253,1906,29.531000000000006,-0.409,-120.0,269.152,-19.88516746411483,False,30,29,134,-188,74,128
1,1,1,-1,265.0,0.5855728440001258,1908,28.477000000000032,-0.409,-120.0,269.594,-19.521531100478473,False,30,29,134,-188,74,128
1,1,1,-1,265.0,0.5952439669999876,1910,27.158000000000015,-0.409,-120.0,266.655,-18.947368421052634,False,30,29,134,-188,74,128
1,1,1,-1,265.0,0.6051504480001313,1912,26.01600000000002,-0.409,-120.0,268.936,-19.33014354066986,False,30,29,134,-188,74,128
1,1,1,-1,265.0,0.6152759430005972,1914,24.697000000000003,-0.409,-120.0,269.573,-19.846889952153113,False,30,29,134,-188,74,128
1,1,1,-1,265.0,0.6256344400007947,1916,23.37900000000002,-0.409,-120.0,267.867,-19.598086124401913,False,30,29,134,-188,74,128
1,1,1,-1,265.0,0.6355281400010426,1918,22.23599999999999,-0.409,-120.0,268.567,-20.2488038277512,False,30,29,134,-188,74,128
1,1,1,-1,265.0,0.6458540670009825,1920,21.00600000000003,-0.409,-120.0,268.515,-19.751196172248804,False,30,29,134,-188,74,128
1,1,1,-1,265.0,0.6559349430008297,1921,32.87100000000004,-0.279,-120.0,268.515,-19.751196172248804,False,30,29,160,-150,-32,-135
1,1,1,-1,265.0,0.6760600080015138,1922,17.57800000000003,-0.279,-120.0,270.255,-19.923444976076553,False,30,29,160,-150,-32,-135
1,1,1,-1,265.0,0.6859185630000866,1924,16.348000000000013,-0.279,-120.0,268.714,-19.33014354066986,False,30,29,160,-150,-32,-135
1,1,1,-1,265.0,0.6959088090006844,1926,15.293000000000006,-0.279,-120.0,267.632,-18.966507177033495,False,30,29,160,-150,-32,-135
1,1,1,-1,265.0,0.7062412390005193,1928,14.326000000000022,-0.279,-120.0,268.982,-19.961722488038276,False,30,29,160,-150,-32,-135
1,1,1,-1,265.0,0.7161123040004895,1930,13.096000000000004,-0.279,-119.961,268.086,-20.229665071770338,False,30,29,160,-150,-32,-135
1,1,1,-1,265.0,0.7262170539997896,1932,11.953000000000031,-0.279,-114.337,267.702,-20.210526315789476,False,30,29,160,-150,-32,-135
1,1,1,-1,265.0,0.7368108760001633,1934,10.723000000000013,-0.279,-108.71,269.641,-20.0,False,30,29,160,-150,-32,-135
1,1,1,-1,265.0,0.7466112090005481,1936,9.403999999999996,-0.279,-103.087,267.538,-18.717703349282296,False,30,29,160,-150,-32,-135
1,1,1,-1,265.0,0.7566420920011296,1937,20.56600000000003,0.026,-97.459,267.538,-18.717703349282296,False,30,29,164,-166,174,-500
1,1,1,-1,265.0,0.7767767870009266,1938,6.415999999999997,0.026,-86.21,269.689,-17.837320574162682,False,30,29,164,-166,174,-500
1,1,1,-1,265.0,0.7867099330014753,1940,5.713000000000022,0.026,-80.585,268.024,-13.588516746411488,False,30,29,164,-166,174,-500
1,1,1,-1,265.0,0.797001013001136,1942,4.9220000000000255,0.026,-74.958,268.062,-11.751196172248802,False,30,29,164,-166,174,-500
1,1,1,-1,265.0,0.8069238700009009,1944,4.131000000000029,0.026,-69.318,269.3,-12.401913875598087,False,30,29,164,-166,174,-500
1,1,1,-1,265.0,0.8169950780011277,1946,3.5160000000000196,0.026,-63.71,268.343,-11.82775119617225,False,30,29,164,-166,174,-500
1,1,1,-1,265.0,0.8272891820015502,1948,2.7250000000000227,0.026,-58.086,267.726,-11.119617224880379,False,30,29,164,-166,174,-500
1,1,1,-1,265.0,0.8374025440007244,1951,1.7580000000000382,0.026,-52.461,267.114,-9.033492822966506,False,30,29,164,-166,174,-500
1,1,1,-1,265.0,0.8471774190002179,1952,1.4940000000000282,0.026,-46.837,268.345,-8.976076555023926,False,30,29,164,-166,174,-500
1,1,1,-1,265.0,0.86741355400045,1953,9.052999999999997,-0.164,-35.586,268.345,-8.976076555023926,False,30,29,440,112,341,73
1,1,1,-1,265.0,0.8773358540001936,1955,-0.17599999999998772,-0.164,-29.96,266.65,-8.555023923444976,False,30,29,440,112,341,73
1,1,1,-1,265.0,0.8873949080007151,1957,-0.26400000000001,-0.164,-24.335,266.625,-4.057416267942585,False,30,29,440,112,341,73
1,1,1,-1,265.0,0.8976697550006065,1959,-0.26400000000001,-0.164,-18.71,265.415,-1.5502392344497584,False,30,29,440,112,341,73
1,1,1,-1,265.0,0.9076072050011135,1961,-0.43899999999996453,-0.164,-13.085,267.29,-1.9712918660287073,False,30,29,440,112,341,73
1,1,1,-1,265.0,0.9176745820004726,1963,-0.5269999999999868,-0.164,-7.458,266.76,-2.0669856459330163,False,30,29,440,112,341,73
1,1,1,-1,265.0,0.928008419001344,1965,-0.5269999999999868,-0.164,-1.829,266.724,-0.057416267942585364,False,30,29,440,112,341,73
1,1,1,-1,265.0,0.9378320960004203,1967,-0.6150000000000091,-0.164,5.515,267.639,-0.5358851674641145,False,30,29,440,112,341,73
1,1,1,-1,265.0,0.9479027720008162,1968,-0.6150000000000091,-0.164,14.478,267.541,0.3062200956937783,False,30,29,440,112,341,73
1,1,1,-1,265.0,0.968047665000995,1969,1.3180000000000405,0.215,4.419,267.541,0.3062200956937783,False,30,29,416,104,348,72
1,1,1,-1,265.0,0.9779789849999361,1971,-0.3509999999999991,0.215,-1.206,269.027,7.7129186602870785,False,30,29,416,104,348,72
1,1,1,-1,265.0,0.9883429700003035,1973,0.17599999999998772,0.215,0.0,268.222,3.9425837320574146,False,30,29,416,104,348,72
1,1,1,-1,265.0,0.9981919710007787,1975,0.7030000000000314,0.215,0.0,269.072,0.019138755980861788,False,30,29,416,104,348,72
1,1,1,-1,265.0,1.0083019890007563,1977,1.0550000000000068,0.215,0.0,269.669,-3.253588516746411,False,30,29,416,104,348,72
1,1,1,-1,265.0,1.0186974600001122,1979,0.7909999999999968,0.215,0.0,267.854,-3.4641148325358855,False,30,29,416,104,348,72
1,1,1,-1,265.0,1.0286790700010897,1981,0.3520000000000323,0.215,0.0,267.775,-4.382775119617226,False,30,29,416,104,348,72
1,1,1,-1,265.0,1.0387370730004477,1983,0.26400000000001,0.215,0.0,267.954,-2.3923444976076564,False,30,29,416,104,348,72
1,1,1,-1,265.0,1.048892335000346,1984,0.17599999999998772,0.215,0.0,268.461,-2.0287081339712927,False,30,29,416,104,348,72
1,1,1,-1,265.0,1.05896897599996,1985,-0.6150000000000091,0.468,0.0,268.461,-2.0287081339712927,False,30,29,755,427,627,196
1,1,1,-1,265.0,1.079164259001118,1987,0.08800000000002228,0.468,0.0,266.833,2.909090909090909,False,30,29,755,427,627,196
1,1,1,-1,265.0,1.0890115880010853,1989,0.17599999999998772,0.468,0.0,267.396,1.3779904306220074,False,30,29,755,427,627,196
1,1,1,-1,265.0,1.0990337700004602,1991,0.17599999999998772,0.468,0.0,267.567,-0.28708133971292166,False,30,29,755,427,627,196
1,1,1,-1,265.0,1.1093513330015412,1993,0.17599999999998772,0.468,0.0,268.969,-0.5741626794258382,False,30,29,755,427,627,196
1,1,1,-1,265.0,1.1191680020001513,1995,0.17599999999998772,0.468,0.0,268.651,-0.344497607655507,False,30,29,755,427,627,196
1,1,1,-1,265.0,1.1291808870009845,1997,0.17599999999998772,0.468,0.0,266.386,0.34449760765550186,False,30,29,755,427,627,196
1,1,1,-1,265.0,1.1395914889999403,1999,0.17599999999998772,0.468,0.0,267.49,0.15311004784688914,False,30,29,755,427,627,196
1,1,1,-1,265.0,1.1496367380004813,2001,0.17599999999998772,-0.176,0.0,267.788,-0.019138755980856622,False,30,29,386,40,300,24
1,1,1,-1,265.0,1.1796159610003087,2003,0.17599999999998772,-0.176,0.0,266.733,0.5741626794258382,False,30,29,386,40,300,24
1,1,1,-1,265.0,1.1896757570011687,2005,0.17599999999998772,-0.176,0.0,268.411,-0.497607655502391,False,30,29,386,40,300,24
1,1,1,-1,265.0,1.1998890020004183,2007,0.17599999999998772,-0.176,0.0,267.769,-0.6315789473684184,False,30,29,386,40,300,24
1,1,1,-1,265.0,1.2101188360011292,2009,0.26400000000001,-0.176,0.0,267.893,-0.7846889952153074,False,30,29,386,40,300,24
1,1,1,-1,265.0,1.2199989880009525,2011,0.26400000000001,-0.176,0.0,266.623,-0.2105263157894745,True,30,29,386,40,300,24
2,1,1,1,0.0,0.000765839999075979,2346,-90.0,-0.088,0.0,0.0,0.0,False,30,29,186,-199,147,-208
2,1,1,1,0.0,0.020977494999897317,2347,-89.91200000000003,-0.088,17.965,0.0,0.0,False,30,29,186,-199,147,-208
2,1,1,1,0.0,0.030956284999774653,2349,-89.91200000000003,-0.088,26.969,0.0,0.0,False,30,29,186,-199,147,-208
2,1,1,1,0.0,0.04133824199925584,2351,-90.0,-0.088,35.967,-1.925,2.2200956937799043,False,30,29,186,-199,147,-208
2,1,1,1,0.0,0.05137667499911913,2353,-89.91200000000003,-0.088,44.968,-0.172,3.6172248803827753,False,30,29,186,-199,147,-208
2,1,1,1,0.0,0.06142863099921669,2355,-89.82400000000001,-0.088,53.972,2.761,8.191387559808613,False,30,29,186,-199,147,-208
2,1,1,1,0.0,0.07185448800009908,2357,-89.82400000000001,-0.088,67.61,-3.488,10.794258373205741,False,30,29,186,-199,147,-208
2,1,1,1,0.0,0.08184255699961795,2359,-89.29700000000003,-0.088,76.535,-0.493,10.755980861244021,False,30,29,186,-199,147,-208
2,1,1,1,0.0,0.09173992999967595,2361,-88.418,-0.088,85.567,2.281,13.913875598086126,False,30,29,186,-199,147,-208
2,1,1,1,0.0,0.10192523099976825,2363,-87.53899999999999,-0.088,94.472,0.52,14.58373205741627,False,30,29,186,-199,147,-208
2,1,1,1,0.0,0.12179843099875143,2364,-89.91200000000003,-0.088,112.465,0.52,14.58373205741627,False,30,29,0,0,-151,11
2,1,1,1,0.0,0.13175382099871058,2366,-84.375,-0.088,120.0,-0.045,19.923444976076556,False,30,29,0,0,-151,11
2,1,1,1,0.0,0.141769210998973,2368,-83.05700000000002,-0.088,120.0,-2.988,21.129186602870814,False,30,29,0,0,-151,11
2,1,1,1,0.0,0.15197805400021025,2370,-81.82600000000001,-0.088,120.0,-1.007,21.49282296650718,False,30,29,0,0,-151,11
2,1,1,1,0.0,0.16243228599887516,2372,-80.50800000000001,-0.088,120.0,-0.047,21.779904306220097,False,30,29,0,0,-151,11
2,1,1,1,0.0,0.17216399300014018,2374,-79.27700000000002,-0.088,120.0,-2.581,21.511961722488042,False,30,29,0,0,-151,11
2,1,1,1,0.0,0.18215759099985007,2376,-78.04700000000001,-0.088,120.0,-0.267,20.44019138755981,False,30,29,0,0,-151,11
2,1,1,1,0.0,0.19248613899981137,2378,-76.816,-0.088,120.0,0.679,20.842105263157894,False,30,29,0,0,-151,11
2,1,1,1,0.0,0.20268775499971525,2380,-75.58600000000001,-0.088,120.0,0.171,21.454545454545457,False,30,29,0,0,-151,11
2,1,1,1,0.0,0.22272283799975412,2381,-87.53899999999999,2.264,120.0,0.171,21.454545454545457,False,30,29,569,580,454,479
2,1,1,1,0.0,0.23303723099888884,2384,-71.367,2.264,120.0,-0.725,20.5933014354067,False,30,29,569,580,454,479
2,1,1,1,0.0,0.242677393998747,2385,-70.66400000000002,2.264,120.0,0.877,20.32535885167464,False,30,29,569,580,454,479
2,1,1,1,0.0,0.2528705419990729,2388,-68.906,2.264,120.0,1.475,20.650717703349283,False,30,29,569,580,454,479
2,1,1,1,0.0,0.26305654699899605,2390,-67.67600000000002,2.264,120.0,-1.654,20.172248803827753,False,30,29,569,580,454,479
2,1,1,1,0.0,0.27312031499968725,2392,-66.44500000000001,2.264,120.0,1.434,20.229665071770338,False,30,29,569,580,454,479
2,1,1,1,0.0,0.28308100199865294,2394,-65.12700000000001,2.264,120.0,1.017,21.49282296650718,False,30,29,569,580,454,479
2,1,1,1,0.0,0.29344838299948606,2396,-63.897000000000006,2.264,120.0,-1.143,21.49282296650718,False,30,29,569,580,454,479
2,1,1,1,0.0,0.3033636039999692,2397,-63.281000000000006,2.264,120.0,0.728,20.32535885167464,False,30,29,569,580,454,479
2,1,1,1,0.0,0.3132801430001564,2398,-75.58600000000001,1.88,120.0,0.728,20.32535885167464,False,30,29,177,180,161,83
2,1,1,1,0.0,0.32359491199895274,2399,-60.02900000000001,1.88,120.0,0.931,20.32535885167464,False,30,29,177,180,161,83
2,1,1,1,0.0,0.3333108179995179,2401,-58.887000000000015,1.88,120.0,0.007,20.363636363636363,False,30,29,177,180,161,83
2,1,1,1,0.0,0.3432967529988673,2403,-57.744000000000014,1.88,120.0,-1.605,19.330143540669855,False,30,29,177,180,161,83
2,1,1,1,0.0,0.3536009789986565,2405,-56.602000000000004,1.88,120.0,-0.721,19.406698564593302,False,30,29,177,180,161,83
2,1,1,1,0.0,0.36343782899893995,2407,-55.459,1.88,120.0,0.642,20.038277511961724,False,30,29,177,180,161,83
2,1,1,1,0.0,0.37355392199970083,2409,-54.22900000000001,1.88,120.0,-0.383,20.650717703349283,False,30,29,177,180,161,83
2,1,1,1,0.0,0.38402427999972133,2411,-53.08600000000001,1.88,120.0,1.365,19.6555023923445,False,30,29,177,180,161,83
2,1,1,1,0.0,0.39399576199866715,2413,-51.855999999999995,1.88,120.0,-0.049,20.172248803827753,False,30,29,177,180,161,83
2,1,1,1,0.0,0.40399093799896946,2414,-51.24000000000001,1.88,120.0,0.65,20.114832535885167,False,30,29,177,180,161,83
2,1,1,1,0.0,0.41424864399959915,2415,-63.10600000000001,1.4,120.0,0.65,20.114832535885167,False,30,29,168,195,204,243
2,1,1,1,0.0,0.423950722999507,2416,-48.07600000000002,1.4,120.0,-0.732,20.0,False,30,29,168,195,204,243
2,1,1,1,0.0,0.4340548839991243,2418,-47.02200000000002,1.4,120.0,0.965,19.196172248803826,False,30,29,168,195,204,243
2,1,1,1,0.0,0.44465073799983656,2419,-46.406000000000006,1.4,120.0,0.212,20.401913875598087,False,30,29,168,195,204,243
2,1,1,1,0.0,0.4542789819988684,2421,-44.73600000000002,1.4,120.0,0.274,19.33014354066986,False,30,29,168,195,204,243
2,1,1,1,0.0,0.46439820699924894,2423,-43.593999999999994,1.4,120.0,1.203,20.2488038277512,False,30,29,168,195,204,243
2,1,1,1,0.0,0.47462542399989616,2425,-42.363,1.4,120.0,-1.818,20.76555023923445,False,30,29,168,195,204,243
2,1,1,1,0.0,0.4847323569993023,2427,-41.13300000000001,1.4,120.0,0.52,20.535885167464116,False,30,29,168,195,204,243
2,1,1,1,0.0,0.49456612699941616,2429,-39.902000000000015,1.4,120.0,0.6,20.66985645933014,False,30,29,168,195,204,243
2,1,1,1,0.0,0.5048892389986577,2431,-51.06400000000002,1.359,120.0,1.283,19.6555023923445,False,30,29,198,209,47,194
2,1,1,1,0.0,0.5247141139989253,2432,-35.85900000000001,1.359,120.0,-2.63,20.861244019138756,False,30,29,198,209,47,194
2,1,1,1,0.0,0.5348602899994148,2434,-34.71700000000001,1.359,120.0,-2.012,20.516746411483254,False,30,29,198,209,47,194
2,1,1,1,0.0,0.5451616979989922,2436,-33.662000000000006,1.359,120.0,-0.873,19.885167464114833,False,30,29,198,209,47,194
2,1,1,1,0.0,0.554960931000096,2438,-32.52000000000001,1.359,120.0,-1.504,19.36842105263158,False,30,29,198,209,47,194
2,1,1,1,0.0,0.5653215660004207,2440,-31.289000000000016,1.359,120.0,-1.664,20.038277511961724,False,30,29,198,209,47,194
2,1,1,1,0.0,0.5753759509989322,2442,-30.059000000000026,1.359,120.0,0.479,20.555023923444978,False,30,29,198,209,47,194
2,1,1,1,0.0,0.5854629160003242,2444,-28.915999999999997,1.359,120.0,-1.697,20.727272727272727,False,30,29,198,209,47,194
2,1,1,1,0.0,0.5956082069988042,2446,-27.686000000000007,1.359,120.0,0.394,20.076555023923444,False,30,29,198,209,47,194
2,1,1,1,0.0,0.6055670730002021,2447,-27.069999999999993,1.359,120.0,-0.001,20.229665071770338,False,30,29,198,209,47,194
2,1,1,1,0.0,0.6257001729991316,2449,-23.994,1.229,120.0,0.004,20.057416267942585,False,30,29,142,131,185,150
2,1,1,1,0.0,0.6357657899989135,2451,-22.852000000000004,1.229,120.0,0.839,19.119617224880383,False,30,29,142,131,185,150
2,1,1,1,0.0,0.645661331998781,2453,-21.709000000000003,1.229,120.0,1.278,19.349282296650717,False,30,29,142,131,185,150
2,1,1,1,0.0,0.6557592899989686,2455,-20.479000000000013,1.229,120.0,2.623,20.15311004784689,False,30,29,142,131,185,150
2,1,1,1,0.0,0.6660680919994775,2457,-19.24800000000002,1.229,120.0,-0.866,20.727272727272727,False,30,29,142,131,185,150
2,1,1,1,0.0,0.6758182419998775,2459,-18.018,1.229,120.0,-0.036,19.770334928229666,False,30,29,142,131,185,150
2,1,1,1,0.0,0.6859080630001699,2461,-16.787000000000006,1.229,120.0,0.713,20.114832535885167,False,30,29,142,131,185,150
2,1,1,1,0.0,0.6963287399994442,2463,-15.557000000000016,1.229,120.0,0.136,20.47846889952153,False,30,29,142,131,185,150
2,1,1,1,0.0,0.7060854929986817,2464,-14.941000000000003,1.229,120.0,-0.358,20.191387559808614,False,30,29,142,131,185,150
2,1,1,1,0.0,0.7264614189989516,2466,-11.953000000000003,1.276,112.992,1.819,19.885167464114836,False,30,29,206,189,109,166
2,1,1,1,0.0,0.7365422099992429,2468,-10.723000000000013,1.276,107.365,0.16,20.516746411483254,False,30,29,206,189,109,166
2,1,1,1,0.0,0.7464332959989406,2470,-9.668000000000006,1.276,101.725,-0.765,18.851674641148325,False,30,29,206,189,109,166
2,1,1,1,0.0,0.7569892939991405,2472,-8.701000000000022,1.276,93.297,1.207,17.913875598086126,False,30,29,206,189,109,166
2,1,1,1,0.0,0.766933805998633,2474,-7.734000000000009,1.276,87.68,-1.071,16.63157894736842,False,30,29,206,189,109,166
2,1,1,1,0.0,0.7767415779999283,2476,-6.943000000000012,1.276,82.055,1.182,15.846889952153111,False,30,29,206,189,109,166
2,1,1,1,0.0,0.7870795119997638,2478,-5.977000000000004,1.276,76.429,1.755,14.200956937799043,False,30,29,206,189,109,166
2,1,1,1,0.0,0.7970896629994968,2480,-5.186000000000007,1.276,70.806,1.602,13.186602870813397,False,30,29,206,189,109,166
2,1,1,1,0.0,0.8072989880001842,2481,-4.746000000000009,1.276,65.183,-1.56,13.052631578947368,False,30,29,206,189,109,166
2,1,1,1,0.0,0.8175215579994983,2482,-14.854000000000013,1.149,59.555,-1.56,13.052631578947368,False,30,29,166,176,170,21
2,1,1,1,0.0,0.8271354099997552,2483,-3.076000000000022,1.149,53.933,3.561,11.521531100478468,False,30,29,166,176,170,21
2,1,1,1,0.0,0.8371271919986611,2485,-2.5490000000000066,1.149,48.307,1.71,9.186602870813397,False,30,29,166,176,170,21
2,1,1,1,0.0,0.8476774179998756,2487,-2.0219999999999914,1.149,42.673,-2.039,8.74641148325359,False,30,29,166,176,170,21
2,1,1,1,0.0,0.8573607389989775,2489,-1.670000000000016,1.149,37.057,2.509,6.507177033492823,False,30,29,166,176,170,21
2,1,1,1,0.0,0.8674294009997539,2491,-1.2309999999999945,1.149,31.432,1.15,4.784688995215311,False,30,29,166,176,170,21
2,1,1,1,0.0,0.87779419799881,2493,-0.967000000000013,1.149,25.802,0.155,5.148325358851674,False,30,29,166,176,170,21
2,1,1,1,0.0,0.8878985880000982,2495,-0.6150000000000091,1.149,20.181,2.776,5.435406698564593,False,30,29,166,176,170,21
2,1,1,1,0.0,0.8978159239995875,2497,-0.35200000000000387,1.149,14.558,-1.416,2.660287081339713,False,30,29,166,176,170,21
2,1,1,1,0.0,0.9080100470000616,2498,-0.35200000000000387,1.149,8.933,-3.064,2.8325358851674642,False,30,29,166,176,170,21
2,1,1,1,0.0,0.9180205189986737,2499,-4.746000000000009,0.763,3.307,-3.064,2.8325358851674642,False,30,29,-77,-96,-10,25
2,1,1,1,0.0,0.9278616109986615,2501,0.17599999999998772,0.763,-2.317,2.378,3.38755980861244,False,30,29,-77,-96,-10,25
2,1,1,1,0.0,0.9380942049992882,2503,0.26400000000001,0.763,-11.316,5.743,1.6267942583732058,False,30,29,-77,-96,-10,25
2,1,1,1,0.0,0.9482756439992954,2504,0.26400000000001,0.763,-12.02,2.886,-0.1339712918660287,False,30,29,-77,-96,-10,25
2,1,1,1,0.0,0.9580834219996177,2506,0.26400000000001,0.763,-6.396,-0.938,-2.4688995215311005,False,30,29,-77,-96,-10,25
2,1,1,1,0.0,0.9682775929995842,2508,0.35199999999997544,0.763,-0.77,9.627,-2.889952153110048,False,30,29,-77,-96,-10,25
2,1,1,1,0.0,0.9787247099993692,2510,0.35199999999997544,0.763,5.658,7.517,0.784688995215311,False,30,29,-77,-96,-10,25
2,1,1,1,0.0,0.9884426230000827,2512,0.35199999999997544,0.763,0.022,-1.352,1.3014354066985645,False,30,29,-77,-96,-10,25
2,1,1,1,0.0,0.9985245649986609,2514,0.35199999999997544,0.763,0.0,-5.574,-0.17224880382775118,False,30,29,-77,-96,-10,25
2,1,1,1,0.0,1.0088458279988117,2515,-0.35200000000000387,0.497,0.0,-5.574,-0.17224880382775118,False,30,29,159,96,68,10
2,1,1,1,0.0,1.028686014999039,2517,0.35199999999997544,0.497,0.0,-1.181,0.5741626794258373,False,30,29,159,96,68,10
2,1,1,1,0.0,1.0386708669993823,2519,0.35199999999997544,0.497,0.0,-1.148,-0.7464114832535886,False,30,29,159,96,68,10
2,1,1,1,0.0,1.0487514619999274,2521,0.35199999999997544,0.497,0.0,-0.854,-0.45933014354066987,False,30,29,159,96,68,10
2,1,1,1,0.0,1.0589857550003217,2523,0.35199999999997544,0.497,0.0,0.097,0.34449760765550236,False,30,29,159,96,68,10
2,1,1,1,0.0,1.0692230690001452,2525,0.35199999999997544,0.497,0.0,0.407,-0.3827751196172249,False,30,29,159,96,68,10
2,1,1,1,0.0,1.07919413899981,2527,0.35199999999997544,0.497,0.0,-0.612,0.07655502392344497,False,30,29,159,96,68,10
2,1,1,1,0.0,1.0894220669997594,2529,0.35199999999997544,0.497,0.0,0.38,-0.09569377990430622,False,30,29,159,96,68,10
2,1,1,1,0.0,1.0995346420004353,2531,0.35199999999997544,0.497,0.0,-0.012,-0.11483253588516747,False,30,29,159,96,68,10
2,1,1,1,0.0,1.1093763930002751,2532,0.35199999999997544,-0.352,0.0,-0.012,-0.11483253588516747,False,30,29,-25,-117,-236,-191
2,1,1,1,0.0,1.1296909159991628,2534,0.35199999999997544,-0.352,0.0,-0.07,0.0,False,30,29,-25,-117,-236,-191
2,1,1,1,0.0,1.139495633999104,2536,0.35199999999997544,-0.352,0.0,-0.001,0.0,False,30,29,-25,-117,-236,-191
2,1,1,1,0.0,1.1496224049988086,2538,0.35199999999997544,-0.352,0.0,0.0,0.0,True,30,29,-25,-117,-236,-191
2,1,1,-1,0.0,0.0007343079996644519,2539,90.0,-0.352,0.0,0.0,0.0,True,30,29,-25,-117,-236,-191
2,1,1,-1,0.0,0.011132351000924245,2541,90.0,-0.352,-8.977,0.0,0.0,False,30,29,-25,-117,-236,-191
2,1,1,-1,0.0,0.021096256999953766,2543,90.0,-0.352,-17.985,-0.076,-0.45933014354066987,False,30,29,-25,-117,-236,-191
2,1,1,-1,0.0,0.03143138100131182,2545,90.0,-0.352,-26.971,-0.107,-0.45933014354066987,False,30,29,-25,-117,-236,-191
2,1,1,-1,0.0,0.041642595000666915,2547,90.0,-0.352,-35.981,-0.26,-0.6889952153110048,False,30,29,-25,-117,-236,-191
2,1,1,-1,0.0,0.05143258400130435,2549,90.0,-0.352,-44.973,-0.346,-1.416267942583732,False,30,29,-192,-194,-265,-208
2,1,1,-1,0.0,0.0814060230004543,2552,89.91200000000003,-0.352,-71.97,-0.906,-17.43540669856459,False,30,29,-192,-194,-265,-208
2,1,1,-1,0.0,0.09157040799982497,2554,89.12099999999998,-0.352,-80.968,-3.583,-16.76555023923445,False,30,29,-192,-194,-265,-208
2,1,1,-1,0.0,0.10188263500094763,2556,88.06600000000003,-0.352,-89.972,-2.107,-16.842105263157894,False,30,29,-192,-194,-265,-208
2,1,1,-1,0.0,0.11173980300009134,2558,87.18700000000001,-0.352,-98.97,-2.072,-16.631578947368425,False,30,29,-192,-194,-265,-208
2,1,1,-1,0.0,0.12167621600019629,2560,86.132,-0.352,-107.969,-1.543,-17.933014354066984,False,30,29,-192,-194,-265,-208
2,1,1,-1,0.0,0.13208893699993496,2562,84.99000000000001,-0.352,-116.972,-2.566,-20.650717703349283,False,30,29,-192,-194,-265,-208
2,1,1,-1,0.0,0.1421887409996998,2564,83.67100000000005,-0.352,-120.0,-0.457,-21.607655502392344,False,30,29,-192,-194,-265,-208
2,1,1,-1,0.0,0.17218276000130572,2566,79.80400000000003,-1.363,-120.0,-3.411,-22.31578947368421,False,30,29,-1214,-1223,-900,-954
2,1,1,-1,0.0,0.18220881399975042,2568,78.57400000000001,-1.363,-120.0,1.047,-21.81818181818182,False,30,29,-1214,-1223,-900,-954
2,1,1,-1,0.0,0.19251394999992044,2570,77.34300000000002,-1.363,-120.0,-0.464,-21.205741626794257,False,30,29,-1214,-1223,-900,-954
2,1,1,-1,0.0,0.20239539300018805,2572,76.02500000000003,-1.363,-120.0,0.314,-21.282296650717704,False,30,29,-1214,-1223,-900,-954
2,1,1,-1,0.0,0.21243364099973405,2574,74.882,-1.363,-120.0,1.434,-22.047846889952154,False,30,29,-1214,-1223,-900,-954
2,1,1,-1,0.0,0.22275580000132322,2576,73.56400000000002,-1.363,-120.0,-0.09,-21.454545454545457,False,30,29,-1214,-1223,-900,-954
2,1,1,-1,0.0,0.23275985100008256,2578,72.24599999999998,-1.363,-120.0,0.004,-21.933014354066987,False,30,29,-1214,-1223,-900,-954
2,1,1,-1,0.0,0.2427133410001261,2580,70.92700000000002,-1.363,-120.0,1.555,-21.856459330143544,False,30,29,-1214,-1223,-900,-954
2,1,1,-1,0.0,0.2529491679997591,2581,70.31200000000001,-1.363,-120.0,-0.393,-21.607655502392344,False,30,29,-1214,-1223,-900,-954
2,1,1,-1,0.0,0.26295100599963916,2582,83.144,-3.189,-120.0,-0.393,-21.607655502392344,False,30,29,-176,-189,-163,-249
2,1,1,-1,0.0,0.27282918200035056,2583,66.97200000000004,-3.189,-120.0,1.019,-21.72248803827751,False,30,29,-176,-189,-163,-249
2,1,1,-1,0.0,0.2831112800013216,2585,65.83000000000004,-3.189,-120.0,0.523,-20.76555023923445,False,30,29,-176,-189,-163,-249
2,1,1,-1,0.0,0.29325878900090174,2587,64.33500000000004,-3.189,-120.0,0.189,-20.688995215311003,False,30,29,-176,-189,-163,-249
2,1,1,-1,0.0,0.3033038009998563,2589,63.192999999999984,-3.189,-120.0,1.398,-20.76555023923445,False,30,29,-176,-189,-163,-249
2,1,1,-1,0.0,0.3134973060004995,2591,61.875,-3.189,-120.0,0.077,-20.650717703349283,False,30,29,-176,-189,-163,-249
2,1,1,-1,0.0,0.3235157880008046,2593,60.644000000000005,-3.189,-120.0,0.549,-20.956937799043065,False,30,29,-176,-189,-163,-249
2,1,1,-1,0.0,0.33334981100051664,2595,59.41399999999999,-3.189,-120.0,1.378,-21.454545454545457,False,30,29,-176,-189,-163,-249
2,1,1,-1,0.0,0.34369065900136775,2597,58.18299999999999,-3.189,-120.0,0.306,-20.57416267942584,False,30,29,-176,-189,-163,-249
2,1,1,-1,0.0,0.35376178700062155,2598,70.31200000000001,-2.357,-120.0,0.306,-20.57416267942584,False,30,29,-149,-158,-249,-92
2,1,1,-1,0.0,0.37383254999986093,2599,54.66700000000003,-2.357,-120.0,1.678,-21.72248803827751,False,30,29,-149,-158,-249,-92
2,1,1,-1,0.0,0.3836053129998618,2601,53.525000000000034,-2.357,-120.0,2.144,-20.956937799043065,False,30,29,-149,-158,-249,-92
2,1,1,-1,0.0,0.39361551300135034,2603,52.382000000000005,-2.357,-120.0,1.005,-19.80861244019139,False,30,29,-149,-158,-249,-92
2,1,1,-1,0.0,0.4038447010007076,2605,51.24000000000001,-2.357,-120.0,1.961,-20.095693779904305,False,30,29,-149,-158,-249,-92
2,1,1,-1,0.0,0.41389005900055054,2607,49.92099999999999,-2.357,-120.0,2.129,-21.569377990430624,False,30,29,-149,-158,-249,-92
2,1,1,-1,0.0,0.4238710940007877,2609,48.69100000000003,-2.357,-120.0,0.696,-20.555023923444978,False,30,29,-149,-158,-249,-92
2,1,1,-1,0.0,0.43431648099976883,2611,47.37299999999999,-2.357,-120.0,0.535,-21.052631578947366,False,30,29,-149,-158,-249,-92
2,1,1,-1,0.0,0.4442335149997234,2613,46.141999999999996,-2.357,-120.0,0.814,-21.72248803827751,False,30,29,-149,-158,-249,-92
2,1,1,-1,0.0,0.45420663400000194,2615,57.831999999999994,-1.877,-120.0,-0.753,-20.15311004784689,False,30,29,-103,-125,-195,-172
2,1,1,-1,0.0,0.47442851400046493,2616,42.18700000000001,-1.877,-120.0,1.087,-20.95693779904306,False,30,29,-103,-125,-195,-172
2,1,1,-1,0.0,0.4842393449998781,2618,41.132000000000005,-1.877,-120.0,-0.091,-20.555023923444978,False,30,29,-103,-125,-195,-172
2,1,1,-1,0.0,0.4945809580003697,2620,39.902000000000044,-1.877,-120.0,0.728,-21.416267942583733,False,30,29,-103,-125,-195,-172
2,1,1,-1,0.0,0.5046058000007179,2622,38.67099999999999,-1.877,-120.0,-0.25,-20.057416267942582,False,30,29,-103,-125,-195,-172
2,1,1,-1,0.0,0.5145083170009457,2624,37.44100000000003,-1.877,-120.0,0.37,-19.770334928229666,False,30,29,-103,-125,-195,-172
2,1,1,-1,0.0,0.5245368200012308,2626,36.298,-1.877,-120.0,1.614,-20.937799043062203,False,30,29,-103,-125,-195,-172
2,1,1,-1,0.0,0.5349911820012494,2628,35.06800000000004,-1.877,-120.0,-0.167,-20.401913875598087,False,30,29,-103,-125,-195,-172
2,1,1,-1,0.0,0.5450739429998066,2630,33.83699999999999,-1.877,-120.0,0.438,-20.516746411483254,False,30,29,-103,-125,-195,-172
2,1,1,-1,0.0,0.5548952870012727,2631,33.22200000000004,-1.877,-120.0,-0.588,-20.363636363636363,False,30,29,-103,-125,-195,-172
2,1,1,-1,0.0,0.5652584470008151,2632,45.527000000000044,-1.573,-120.0,-0.588,-20.363636363636363,False,30,29,-193,-208,-102,-77
2,1,1,-1,0.0,0.5750673880011163,2633,30.146000000000015,-1.573,-120.0,-0.289,-19.923444976076553,False,30,29,-193,-208,-102,-77
2,1,1,-1,0.0,0.5851033350008947,2635,29.003000000000043,-1.573,-120.0,0.484,-19.48325358851675,False,30,29,-193,-208,-102,-77
2,1,1,-1,0.0,0.5954844570005662,2638,27.158000000000015,-1.573,-120.0,0.404,-20.32535885167464,False,30,29,-193,-208,-102,-77
2,1,1,-1,0.0,0.6053350460006186,2640,25.92700000000002,-1.573,-120.0,1.097,-19.923444976076556,False,30,29,-193,-208,-102,-77
2,1,1,-1,0.0,0.6154610800003866,2642,24.697000000000003,-1.573,-120.0,-0.012,-20.13397129186603,False,30,29,-193,-208,-102,-77
2,1,1,-1,0.0,0.625807784999779,2644,23.466000000000008,-1.573,-120.0,0.774,-20.2488038277512,False,30,29,-193,-208,-102,-77
2,1,1,-1,0.0,0.6354876740006148,2646,22.148000000000025,-1.573,-120.0,0.7,-20.555023923444978,False,30,29,-193,-208,-102,-77
2,1,1,-1,0.0,0.6456641450004099,2648,20.91700000000003,-1.573,-120.0,-0.337,-19.789473684210527,False,30,29,-193,-208,-102,-77
2,1,1,-1,0.0,0.6660287699996843,2649,33.22200000000004,-1.268,-120.0,-0.337,-19.789473684210527,False,30,29,-132,-144,-210,-101
2,1,1,-1,0.0,0.6758210130010411,2651,17.31400000000002,-1.268,-120.0,0.221,-20.2488038277512,False,30,29,-132,-144,-210,-101
2,1,1,-1,0.0,0.6861295290000271,2653,16.084000000000003,-1.268,-120.0,0.698,-19.33014354066986,False,30,29,-132,-144,-210,-101
2,1,1,-1,0.0,0.696182564000992,2655,14.941000000000031,-1.268,-120.0,0.017,-19.004784688995215,False,30,29,-132,-144,-210,-101
2,1,1,-1,0.0,0.706107398000313,2657,13.798000000000002,-1.268,-120.0,-0.195,-19.71291866028708,False,30,29,-132,-144,-210,-101
2,1,1,-1,0.0,0.716521078000369,2659,12.656000000000006,-1.268,-116.958,0.153,-21.24401913875598,False,30,29,-132,-144,-210,-101
2,1,1,-1,0.0,0.7265262090004398,2661,11.425000000000011,-1.268,-111.348,-0.118,-20.210526315789476,False,30,29,-132,-144,-210,-101
2,1,1,-1,0.0,0.736420724000709,2663,10.283000000000015,-1.268,-105.725,-0.647,-19.043062200956935,False,30,29,-132,-144,-210,-101
2,1,1,-1,0.0,0.7466650200003642,2665,9.140000000000043,-1.268,-100.099,0.481,-18.44976076555024,False,30,29,-132,-144,-210,-101
2,1,1,-1,0.0,0.7666841259997454,2666,20.91700000000003,-0.966,-88.851,0.481,-18.44976076555024,False,30,29,-185,-192,-135,-164
2,1,1,-1,0.0,0.7768360570007644,2668,6.328000000000031,-0.966,-83.225,-1.149,-13.435406698564593,False,30,29,-185,-192,-135,-164
2,1,1,-1,0.0,0.7869613580005534,2670,5.537000000000035,-0.966,-77.6,-0.007,-12.401913875598087,False,30,29,-185,-192,-135,-164
2,1,1,-1,0.0,0.7967840580004122,2671,5.097000000000037,-0.966,-71.977,2.242,-12.842105263157896,False,30,29,-185,-192,-135,-164
2,1,1,-1,0.0,0.8068608140001743,2673,4.3940000000000055,-0.966,-66.352,-2.247,-10.832535885167465,False,30,29,-185,-192,-135,-164
2,1,1,-1,0.0,0.8170466200008377,2676,3.427000000000021,-0.966,-60.726,-2.034,-10.870813397129186,False,30,29,-185,-192,-135,-164
2,1,1,-1,0.0,0.827416385000106,2678,2.812000000000012,-0.966,-55.099,0.221,-9.913875598086126,False,30,29,-185,-192,-135,-164
2,1,1,-1,0.0,0.8373384189999342,2680,2.285000000000025,-0.966,-49.476,1.551,-8.229665071770334,False,30,29,-185,-192,-135,-164
2,1,1,-1,0.0,0.8474356240003544,2681,2.021000000000015,-0.966,-43.851,-1.453,-7.712918660287081,False,30,29,-185,-192,-135,-164
2,1,1,-1,0.0,0.8573134500002197,2682,9.140000000000043,-0.783,-38.225,-1.453,-7.712918660287081,False,30,29,197,208,87,80
2,1,1,-1,0.0,0.8775391790004505,2684,0.7030000000000314,-0.783,-26.976,-0.302,-4.421052631578948,False,30,29,197,208,87,80
2,1,1,-1,0.0,0.8874083749997226,2686,0.5269999999999868,-0.783,-21.351,-1.539,-3.272727272727273,False,30,29,197,208,87,80
2,1,1,-1,0.0,0.8976117100010015,2688,0.26300000000003365,-0.783,-15.726,0.867,-4.5933014354066986,False,30,29,197,208,87,80
2,1,1,-1,0.0,0.9076345930006937,2690,0.08699999999998909,-0.783,-10.101,0.955,-0.40191387559808617,False,30,29,197,208,87,80
2,1,1,-1,0.0,0.9177428359998885,2692,0.0,-0.783,-4.476,4.483,0.937799043062201,False,30,29,197,208,87,80
2,1,1,-1,0.0,0.9278194050002639,2694,0.0,-0.783,1.149,3.05,0.5550239234449761,False,30,29,197,208,87,80
2,1,1,-1,0.0,0.9381712949998473,2696,0.0,-0.783,10.153,-1.315,-0.09569377990430623,False,30,29,197,208,87,80
2,1,1,-1,0.0,0.9481508380013111,2698,0.0,-0.783,12.443,-2.659,0.784688995215311,False,30,29,197,208,87,80
2,1,1,-1,0.0,0.9683833770013734,2699,1.8450000000000273,-0.545,-1.668,-2.659,0.784688995215311,False,30,29,132,138,35,45
2,1,1,-1,0.0,0.9782530600004975,2701,0.0,-0.545,0.0,-1.913,-0.09569377990430623,False,30,29,132,138,35,45
2,1,1,-1,0.0,0.9882844610001484,2703,0.0,-0.545,0.0,0.386,-0.45933014354066987,False,30,29,132,138,35,45
2,1,1,-1,0.0,0.9986414480008534,2705,0.0,-0.545,0.0,3.492,-1.0526315789473686,False,30,29,132,138,35,45
2,1,1,-1,0.0,1.0084591009999713,2707,0.0,-0.545,0.0,6.861,-1.4928229665071768,False,30,29,132,138,35,45
2,1,1,-1,0.0,1.0184341610001866,2709,0.0,-0.545,0.0,-0.357,0.5167464114832536,False,30,29,132,138,35,45
2,1,1,-1,0.0,1.0288733300003514,2711,0.0,-0.545,0.0,-3.325,0.4593301435406699,False,30,29,132,138,35,45
2,1,1,-1,0.0,1.038579435000429,2713,0.0,-0.545,0.0,-1.042,-0.1339712918660287,False,30,29,132,138,35,45
2,1,1,-1,0.0,1.048693409000407,2715,0.0,-0.545,0.0,0.751,-0.2105263157894737,False,30,29,132,138,35,45
2,1,1,-1,0.0,1.068782688000283,2717,0.0,-0.078,0.0,0.968,-0.1722488038277512,False,30,29,194,141,218,202
2,1,1,-1,0.0,1.0788621890005743,2719,0.0,-0.078,0.0,0.223,-0.05741626794258373,False,30,29,194,141,218,202
2,1,1,-1,0.0,1.0891246009996394,2721,0.0,-0.078,0.0,0.267,-0.05741626794258373,False,30,29,194,141,218,202
2,1,1,-1,0.0,1.0992336440012878,2723,0.0,-0.078,0.0,0.014,0.0,False,30,29,194,141,218,202
2,1,1,-1,0.0,1.109148630999698,2725,0.0,-0.078,0.0,-0.088,0.0,False,30,29,194,141,218,202
2,1,1,-1,0.0,1.1194977470004233,2727,0.0,-0.078,0.0,-0.002,0.0,False,30,29,194,141,218,202
2,1,1,-1,0.0,1.1294729330002156,2729,0.0,-0.078,0.0,0.0,0.0,True,30,29,194,141,218,202
2,1,1,1,265.0,0.0008032789992284961,2910,-90.0,0.176,0.0,262.256,0.13397129186602735,False,30,29,296,-362,391,-468
2,1,1,1,265.0,0.010953528999380069,2912,-90.0,0.176,8.817,264.603,-0.09569377990430378,False,30,29,296,-362,391,-468
2,1,1,1,265.0,0.020991744999264483,2914,-90.0,0.176,17.817,264.727,0.9760765550239254,False,30,29,296,-362,391,-468
2,1,1,1,265.0,0.031432317999133375,2916,-89.91199999999998,0.176,26.826,266.968,3.0239234449760746,False,30,29,296,-362,391,-468
2,1,1,1,265.0,0.04141464199892653,2919,-90.08800000000002,0.264,35.821,267.612,4.97607655502392,False,30,29,323,-315,3,-293
2,1,1,1,265.0,0.07139471099981165,2921,-88.858,0.264,62.82,269.81,9.473684210526317,False,30,29,323,-315,3,-293
2,1,1,1,265.0,0.08137671399890678,2923,-88.418,0.264,71.819,271.249,11.4066985645933,False,30,29,323,-315,3,-293
2,1,1,1,265.0,0.09176664500046172,2924,-87.97899999999998,0.264,80.824,272.125,12.363636363636363,False,30,29,323,-315,3,-293
2,1,1,1,265.0,0.10186026100018353,2927,-86.66000000000003,0.264,89.819,271.097,16.32535885167464,False,30,29,323,-315,3,-293
2,1,1,1,265.0,0.11169003999930283,2929,-85.86899999999997,0.264,98.818,271.366,15.55980861244019,False,30,29,323,-315,3,-293
2,1,1,1,265.0,0.12209704300039448,2931,-84.72699999999998,0.264,107.818,273.113,18.602870813397125,False,30,29,323,-315,3,-293
2,1,1,1,265.0,0.13184349699986342,2933,-83.584,0.264,116.819,271.78,20.516746411483254,False,30,29,323,-315,3,-293
2,1,1,1,265.0,0.14213654299965128,2934,-83.05700000000002,0.264,120.0,273.362,21.12918660287081,False,30,29,323,-315,3,-293
2,1,1,1,265.0,0.152471303999846,2935,-89.91199999999998,0.89,120.0,273.362,21.12918660287081,False,30,29,617,160,538,358
2,1,1,1,265.0,0.17214065299958747,2937,-78.66199999999999,0.89,120.0,271.826,23.808612440191393,False,30,29,617,160,538,358
2,1,1,1,265.0,0.1823462379998091,2939,-77.16799999999999,0.89,120.0,272.353,21.282296650717704,False,30,29,617,160,538,358
2,1,1,1,265.0,0.19234547599990037,2941,-75.586,0.89,120.0,270.769,20.76555023923445,False,30,29,617,160,538,358
2,1,1,1,265.0,0.2023964830004843,2943,-74.092,0.89,120.0,270.883,20.861244019138756,False,30,29,617,160,538,358
2,1,1,1,265.0,0.21258372999909625,2945,-72.949,0.89,120.0,271.089,19.80861244019139,False,30,29,617,160,538,358
2,1,1,1,265.0,0.22275592799996957,2947,-71.719,0.89,120.0,270.75,20.497607655502392,False,30,29,617,160,538,358
2,1,1,1,265.0,0.23256199000024935,2949,-70.576,0.89,120.0,271.399,20.842105263157894,False,30,29,617,160,538,358
2,1,1,1,265.0,0.24270500199963863,2951,-69.52199999999999,0.89,120.0,271.593,20.612440191387556,False,30,29,617,160,538,358
2,1,1,1,265.0,0.25295781000022544,2952,-82.793,2.043,120.0,271.593,20.612440191387556,False,30,29,373,48,390,147
2,1,1,1,265.0,0.27281357199899503,2954,-65.74199999999999,2.043,120.0,271.962,20.325358851674647,False,30,29,373,48,390,147
2,1,1,1,265.0,0.2830042219993629,2956,-64.512,2.043,120.0,272.358,19.48325358851675,False,30,29,373,48,390,147
2,1,1,1,265.0,0.2931110110002919,2958,-63.19399999999999,2.043,120.0,273.217,19.57894736842105,False,30,29,373,48,390,147
2,1,1,1,265.0,0.303087799999048,2960,-62.138999999999996,2.043,120.0,273.249,19.885167464114836,False,30,29,373,48,390,147
2,1,1,1,265.0,0.31345710499954293,2962,-61.084,2.043,120.0,274.469,19.157894736842106,False,30,29,373,48,390,147
2,1,1,1,265.0,0.32341197099958663,2964,-59.94199999999999,2.043,120.0,272.731,20.076555023923447,False,30,29,373,48,390,147
2,1,1,1,265.0,0.3333614929997566,2966,-58.79899999999999,2.043,120.0,273.864,20.363636363636363,False,30,29,373,48,390,147
2,1,1,1,265.0,0.3436644419998629,2968,-69.52199999999999,0.771,120.0,272.503,19.885167464114836,False,30,29,211,-141,261,-205
2,1,1,1,265.0,0.37386831599906145,2970,-53.70099999999999,0.771,120.0,272.301,20.727272727272727,False,30,29,211,-141,261,-205
2,1,1,1,265.0,0.38366480699914973,2972,-52.382999999999996,0.771,120.0,272.279,19.770334928229666,False,30,29,211,-141,261,-205
2,1,1,1,265.0,0.39371098599986,2974,-51.24000000000001,0.771,120.0,272.567,18.813397129186605,False,30,29,211,-141,261,-205
2,1,1,1,265.0,0.4041981600003055,2976,-50.18599999999998,0.771,120.0,271.696,19.693779904306222,False,30,29,211,-141,261,-205
2,1,1,1,265.0,0.4140079139997397,2978,-49.30699999999999,0.771,120.0,271.859,19.961722488038276,False,30,29,211,-141,261,-205
2,1,1,1,265.0,0.4242492220000713,2980,-48.07599999999999,0.771,120.0,270.92,21.416267942583733,False,30,29,211,-141,261,-205
2,1,1,1,265.0,0.4343247799988603,2982,-46.934,0.771,120.0,271.049,21.167464114832534,False,30,29,211,-141,261,-205
2,1,1,1,265.0,0.4444103539990465,2984,-57.744,0.993,120.0,270.93,20.803827751196174,False,30,29,219,-117,230,-176
2,1,1,1,265.0,0.46480445499946654,2985,-42.364000000000004,0.993,120.0,270.99,20.727272727272727,False,30,29,219,-117,230,-176
2,1,1,1,265.0,0.47474488300031226,2987,-41.221000000000004,0.993,120.0,271.455,20.0,False,30,29,219,-117,230,-176
2,1,1,1,265.0,0.4846146250001766,2989,-39.815,0.993,120.0,271.138,19.770334928229666,False,30,29,219,-117,230,-176
2,1,1,1,265.0,0.4949859739990643,2991,-38.584,0.993,120.0,272.265,19.33014354066986,False,30,29,219,-117,230,-176
2,1,1,1,265.0,0.5048266569992848,2993,-37.26599999999999,0.993,120.0,270.552,20.15311004784689,False,30,29,219,-117,230,-176
2,1,1,1,265.0,0.5148785969995515,2995,-36.12299999999999,0.993,120.0,271.145,20.248803827751193,False,30,29,219,-117,230,-176
2,1,1,1,265.0,0.5252741109998169,2997,-35.15699999999998,0.993,120.0,271.114,20.535885167464116,False,30,29,219,-117,230,-176
2,1,1,1,265.0,0.535418858000412,2999,-34.27799999999999,0.993,120.0,272.476,19.961722488038276,False,30,29,219,-117,230,-176
2,1,1,1,265.0,0.5451648719990771,3000,-33.662000000000006,0.993,120.0,271.029,19.6555023923445,False,30,29,219,-117,230,-176
2,1,1,1,265.0,0.5653533280001284,3002,-30.674000000000007,0.952,120.0,270.818,19.923444976076553,False,30,29,264,-62,89,-261
2,1,1,1,265.0,0.575316202999602,3004,-29.44399999999999,0.952,120.0,270.439,20.861244019138756,False,30,29,264,-62,89,-261
2,1,1,1,265.0,0.5857025120003527,3005,-28.74000000000001,0.952,120.0,269.76,20.363636363636363,False,30,29,264,-62,89,-261
2,1,1,1,265.0,0.5955656309997721,3007,-27.157999999999987,0.952,120.0,272.239,19.55980861244019,False,30,29,264,-62,89,-261
2,1,1,1,265.0,0.6056240029993205,3009,-25.840000000000003,0.952,120.0,270.503,19.521531100478473,False,30,29,264,-62,89,-261
2,1,1,1,265.0,0.6161071469996386,3011,-24.52199999999999,0.952,120.0,269.718,20.918660287081337,False,30,29,264,-62,89,-261
2,1,1,1,265.0,0.6261108529997728,3013,-23.203000000000003,0.952,120.0,270.034,19.196172248803826,False,30,29,264,-62,89,-261
2,1,1,1,265.0,0.6360755219993734,3015,-22.061000000000007,0.952,120.0,270.847,19.655502392344495,False,30,29,264,-62,89,-261
2,1,1,1,265.0,0.6462678099996992,3017,-33.662000000000006,0.911,120.0,270.593,19.636363636363637,False,30,29,290,-50,208,-165
2,1,1,1,265.0,0.6661948219989426,3018,-18.808999999999997,0.911,120.0,267.013,20.363636363636363,False,30,29,290,-50,208,-165
2,1,1,1,265.0,0.6761739079993276,3020,-17.49000000000001,0.911,120.0,270.471,20.095693779904305,False,30,29,290,-50,208,-165
2,1,1,1,265.0,0.6864678839992848,3022,-16.171999999999997,0.911,120.0,271.961,19.215311004784688,False,30,29,290,-50,208,-165
2,1,1,1,265.0,0.6964080380002997,3024,-14.765999999999991,0.911,120.0,271.002,20.038277511961724,False,30,29,290,-50,208,-165
2,1,1,1,265.0,0.7065686249989085,3026,-13.534999999999997,0.911,120.0,271.24,20.21052631578947,False,30,29,290,-50,208,-165
2,1,1,1,265.0,0.7169288009990851,3028,-12.12899999999999,0.911,117.874,270.428,20.995215311004785,False,30,29,290,-50,208,-165
2,1,1,1,265.0,0.7269345120002981,3030,-10.723000000000013,0.911,112.288,271.031,19.732057416267946,False,30,29,290,-50,208,-165
2,1,1,1,265.0,0.7369662759992934,3032,-9.405000000000001,0.911,106.683,269.947,18.5645933014354,False,30,29,290,-50,208,-165
2,1,1,1,265.0,0.7471841429996857,3033,-21.269999999999982,0.519,98.229,269.947,18.5645933014354,False,30,29,298,-56,-157,-153
2,1,1,1,265.0,0.7671635289989354,3034,-6.768000000000001,0.519,86.993,270.578,18.37320574162679,False,30,29,298,-56,-157,-153
2,1,1,1,265.0,0.7774120430003677,3036,-6.064999999999998,0.519,81.367,270.898,13.110047846889954,False,30,29,298,-56,-157,-153
2,1,1,1,265.0,0.7871486740004912,3038,-5.449000000000012,0.519,75.747,270.348,12.11483253588517,False,30,29,298,-56,-157,-153
2,1,1,1,265.0,0.7972573949991784,3040,-4.745999999999981,0.519,70.106,270.322,12.32535885167464,False,30,29,298,-56,-157,-153
2,1,1,1,265.0,0.8076035590001993,3042,-3.954999999999984,0.519,64.493,270.665,12.478468899521529,False,30,29,298,-56,-157,-153
2,1,1,1,265.0,0.8174969470001088,3044,-3.3400000000000034,0.519,58.871,270.554,11.559808612440195,False,30,29,298,-56,-157,-153
2,1,1,1,265.0,0.8275461369994446,3046,-2.812999999999988,0.519,53.245,270.263,11.196172248803832,False,30,29,298,-56,-157,-153
2,1,1,1,265.0,0.8379656039996917,3048,-2.1100000000000136,0.519,47.616,270.441,9.779904306220095,False,30,29,298,-56,-157,-153
2,1,1,1,265.0,0.8677412839988392,3050,-0.6150000000000091,0.054,30.747,272.965,8.267942583732054,False,30,29,-71,-405,-184,-271
2,1,1,1,265.0,0.8778359570005705,3052,-0.26400000000001,0.054,25.121,271.636,4.440191387559806,False,30,29,-71,-405,-184,-271
2,1,1,1,265.0,0.8879762510005094,3054,0.08800000000002228,0.054,19.496,270.383,4.038277511961724,False,30,29,-71,-405,-184,-271
2,1,1,1,265.0,0.8982921349997923,3056,0.17599999999998772,0.054,13.871,271.724,3.062200956937798,False,30,29,-71,-405,-184,-271
2,1,1,1,265.0,0.9082856080003694,3058,0.26300000000000523,0.054,8.233,271.527,2.2200956937799057,False,30,29,-71,-405,-184,-271
2,1,1,1,265.0,0.91818117999901,3060,0.4390000000000214,0.054,2.606,270.373,2.0287081339712927,False,30,29,-71,-405,-184,-271
2,1,1,1,265.0,0.9286128539988567,3062,0.703000000000003,0.054,-4.698,269.554,0.822966507177031,False,30,29,-71,-405,-184,-271
2,1,1,1,265.0,0.9387397499995132,3064,0.7909999999999968,0.054,-13.692,269.443,-0.7464114832535891,False,30,29,-71,-405,-184,-271
2,1,1,1,265.0,0.9588822900004743,3065,-1.9339999999999975,0.344,-5.31,269.443,-0.7464114832535891,False,30,29,-50,-381,100,-335
2,1,1,1,265.0,0.968661737999355,3066,0.7909999999999968,0.344,0.314,269.426,-1.7033492822966474,False,30,29,-50,-381,100,-335
2,1,1,1,265.0,0.9786429489995498,3068,0.5269999999999868,0.344,3.244,268.484,-6.8133971291866,False,30,29,-50,-381,100,-335
2,1,1,1,265.0,0.9890726479989098,3070,0.17599999999998772,0.344,0.0,267.946,-2.334928229665071,False,30,29,-50,-381,100,-335
2,1,1,1,265.0,0.9989189459993213,3072,-0.08799999999999386,0.344,0.0,271.526,-0.5741626794258382,False,30,29,-50,-381,100,-335
2,1,1,1,265.0,1.0089842510005838,3074,-0.26400000000001,0.344,0.0,271.042,0.6315789473684184,False,30,29,-50,-381,100,-335
2,1,1,1,265.0,1.0194547520004562,3076,-0.26400000000001,0.344,0.0,271.402,0.34449760765550186,False,30,29,-50,-381,100,-335
2,1,1,1,265.0,1.0294518470000185,3078,-0.26400000000001,0.344,0.0,270.381,0.5933014354067,False,30,29,-50,-381,100,-335
2,1,1,1,265.0,1.0393251339992275,3080,-0.26400000000001,0.344,0.0,271.723,-0.11483253588516557,False,30,29,-50,-381,100,-335
2,1,1,1,265.0,1.049644635999357,3081,0.7909999999999968,-0.623,0.0,271.723,-0.11483253588516557,False,30,29,-283,-594,-210,-351
2,1,1,1,265.0,1.0695224539995252,3083,-0.26400000000001,-0.623,0.0,270.949,0.019138755980856622,False,30,29,-283,-594,-210,-351
2,1,1,1,265.0,1.079736244999367,3085,-0.26400000000001,-0.623,0.0,270.4,0.2105263157894745,False,30,29,-283,-594,-210,-351
2,1,1,1,265.0,1.0898765700003423,3087,-0.26400000000001,-0.623,0.0,268.896,0.038277511961718406,False,30,29,-283,-594,-210,-351
2,1,1,1,265.0,1.099778747999153,3089,-0.26400000000001,-0.623,0.0,269.91,-0.19138755980861272,False,30,29,-283,-594,-210,-351
2,1,1,1,265.0,1.1099690930004726,3091,-0.26400000000001,-0.623,0.0,269.2,-1.1866028708133947,False,30,29,-283,-594,-210,-351
2,1,1,1,265.0,1.1202480520005338,3093,-0.26400000000001,-0.623,0.0,268.618,0.038277511961723576,False,30,29,-283,-594,-210,-351
2,1,1,1,265.0,1.130082591998871,3095,-0.26400000000001,-0.623,0.0,269.564,0.2679425837320547,True,30,29,-283,-594,-210,-351
2,1,1,-1,265.0,0.0007330480002565309,3096,90.0,-0.623,0.0,269.651,0.6507177033492854,True,30,29,-283,-594,-210,-351
2,1,1,-1,265.0,0.011232310000195866,3098,90.0,0.264,-8.998,270.333,0.3062200956937783,True,30,29,192,-109,145,-207
2,1,1,-1,265.0,0.04120199800127011,3101,90.0,0.264,-35.998,264.795,-1.8373205741626801,False,30,29,192,-109,145,-207
2,1,1,-1,265.0,0.05140541699984169,3103,90.0,0.264,-44.999,264.802,-5.110047846889953,False,30,29,192,-109,145,-207
2,1,1,-1,265.0,0.061185882999780006,3105,89.649,0.264,-54.001,265.548,-8.26794258373206,False,30,29,192,-109,145,-207
2,1,1,-1,265.0,0.07163308800045343,3107,89.209,0.264,-63.0,267.441,-10.60287081339713,False,30,29,192,-109,145,-207
2,1,1,-1,265.0,0.08154919200023869,3109,88.68200000000002,0.264,-72.0,266.805,-11.82775119617225,False,30,29,192,-109,145,-207
2,1,1,-1,265.0,0.09145911900122883,3111,88.06600000000003,0.264,-80.999,269.316,-13.588516746411482,False,30,29,192,-109,145,-207
2,1,1,-1,265.0,0.10169306900024822,3113,87.18799999999999,0.264,-89.999,269.104,-14.200956937799043,False,30,29,192,-109,145,-207
2,1,1,-1,265.0,0.13168431200028863,3114,90.0,0.242,-116.999,269.104,-14.200956937799043,False,30,29,-47,-386,-5,-235
2,1,1,-1,265.0,0.14207711600101902,3116,82.529,0.242,-120.0,267.926,-20.861244019138756,False,30,29,-47,-386,-5,-235
2,1,1,-1,265.0,0.15183714900013,3118,81.03500000000003,0.242,-120.0,269.029,-20.918660287081345,False,30,29,-47,-386,-5,-235
2,1,1,-1,265.0,0.1619721870010835,3120,79.805,0.242,-120.0,268.724,-21.2822966507177,False,30,29,-47,-386,-5,-235
2,1,1,-1,265.0,0.1724349610012723,3122,78.92600000000004,0.242,-120.0,268.845,-21.47368421052632,False,30,29,-47,-386,-5,-235
2,1,1,-1,265.0,0.18224710800132016,3124,77.695,0.242,-120.0,267.686,-20.03827751196172,False,30,29,-47,-386,-5,-235
2,1,1,-1,265.0,0.19218022700079018,3126,76.64100000000002,0.242,-120.0,267.789,-20.574162679425843,False,30,29,-47,-386,-5,-235
2,1,1,-1,265.0,0.20230867999998736,3128,75.49800000000005,0.242,-120.0,270.291,-20.89952153110048,False,30,29,-47,-386,-5,-235
2,1,1,-1,265.0,0.21248026300054335,3129,74.88300000000004,0.242,-120.0,268.373,-20.172248803827753,False,30,29,-47,-386,-5,-235
2,1,1,-1,265.0,0.2227900600009889,3130,86.83600000000001,-1.77,-120.0,268.373,-20.172248803827753,False,30,29,-260,-622,-75,-366
2,1,1,-1,265.0,0.23256781400050386,3131,71.279,-1.77,-120.0,269.782,-21.01435406698565,False,30,29,-260,-622,-75,-366
2,1,1,-1,265.0,0.24248939700009942,3133,70.04900000000004,-1.77,-120.0,269.328,-20.76555023923445,False,30,29,-260,-622,-75,-366
2,1,1,-1,265.0,0.25262056999963534,3135,68.906,-1.77,-120.0,269.789,-20.765550239234454,False,30,29,-260,-622,-75,-366
2,1,1,-1,265.0,0.26305033400058164,3137,67.58800000000002,-1.77,-120.0,269.854,-20.727272727272727,False,30,29,-260,-622,-75,-366
2,1,1,-1,265.0,0.27290391300084593,3139,66.445,-1.77,-120.0,269.829,-20.76555023923445,False,30,29,-260,-622,-75,-366
2,1,1,-1,265.0,0.28294719900077325,3141,65.12700000000001,-1.77,-120.0,268.788,-19.846889952153113,False,30,29,-260,-622,-75,-366
2,1,1,-1,265.0,0.29336529099964537,3143,63.89699999999999,-1.77,-120.0,270.584,-20.861244019138756,False,30,29,-260,-622,-75,-366
2,1,1,-1,265.0,0.30356233500060625,3145,62.402000000000044,-1.77,-120.0,270.546,-20.80382775119617,False,30,29,-260,-622,-75,-366
2,1,1,-1,265.0,0.3236583710004197,3146,74.61900000000003,-1.252,-120.0,270.546,-20.80382775119617,False,30,29,33,-319,69,-145
2,1,1,-1,265.0,0.333380431000478,3147,58.447,-1.252,-120.0,268.44,-20.11483253588517,False,30,29,33,-319,69,-145
2,1,1,-1,265.0,0.34335659700082033,3149,57.30500000000001,-1.252,-120.0,266.469,-18.794258373205743,False,30,29,33,-319,69,-145
2,1,1,-1,265.0,0.3538479400012875,3151,56.25,-1.252,-120.0,268.577,-19.67464114832536,False,30,29,33,-319,69,-145
2,1,1,-1,265.0,0.36357220399986545,3153,55.10700000000003,-1.252,-120.0,266.319,-19.6555023923445,False,30,29,33,-319,69,-145
2,1,1,-1,265.0,0.37356985900078143,3155,53.87700000000001,-1.252,-120.0,268.523,-19.92344497607656,False,30,29,33,-319,69,-145
2,1,1,-1,265.0,0.38409772500017425,3157,52.73400000000004,-1.252,-120.0,268.848,-19.961722488038276,False,30,29,33,-319,69,-145
2,1,1,-1,265.0,0.39383473100133415,3159,51.68000000000001,-1.252,-120.0,268.007,-19.272727272727273,False,30,29,33,-319,69,-145
2,1,1,-1,265.0,0.4037985329996445,3161,50.44900000000001,-1.252,-120.0,269.872,-20.172248803827753,False,30,29,33,-319,69,-145
2,1,1,-1,265.0,0.4141351170001144,3162,61.875,-0.518,-120.0,269.872,-20.172248803827753,False,30,29,132,-151,143,-125
2,1,1,-1,265.0,0.4339441419997456,3163,46.846000000000004,-0.518,-120.0,269.041,-19.521531100478466,False,30,29,132,-151,143,-125
2,1,1,-1,265.0,0.44412500700127566,3165,45.70300000000003,-0.518,-120.0,269.383,-20.401913875598087,False,30,29,132,-151,143,-125
2,1,1,-1,265.0,0.45427758200094104,3168,44.12099999999998,-0.644,-120.0,269.685,-20.13397129186603,False,30,29,91,-232,151,147
2,1,1,-1,265.0,0.4641630440000881,3170,42.62700000000001,-0.644,-120.0,270.479,-19.444976076555026,False,30,29,91,-232,151,147
2,1,1,-1,265.0,0.4744509089996427,3172,41.48400000000004,-0.644,-120.0,267.957,-20.401913875598087,False,30,29,91,-232,151,147
2,1,1,-1,265.0,0.4845228350004618,3174,40.25400000000002,-0.644,-120.0,268.861,-19.770334928229666,False,30,29,91,-232,151,147
2,1,1,-1,265.0,0.49447298199993384,3176,39.024,-0.644,-120.0,269.253,-20.057416267942582,False,30,29,91,-232,151,147
2,1,1,-1,265.0,0.5046904560003895,3178,37.793000000000006,-0.644,-120.0,268.005,-19.368421052631582,False,30,29,91,-232,151,147
2,1,1,-1,265.0,0.5346199160012475,3179,34.27699999999999,-0.644,-120.0,269.392,-20.44019138755981,False,30,29,91,-232,151,147
2,1,1,-1,265.0,0.5450156260012591,3181,33.22300000000001,-0.644,-120.0,268.407,-19.923444976076553,False,30,29,91,-232,151,147
2,1,1,-1,265.0,0.5548835179997695,3183,31.99200000000002,-0.644,-120.0,266.493,-18.985645933014357,False,30,29,91,-232,151,147
2,1,1,-1,265.0,0.5649755570011621,3185,30.850000000000023,-0.644,-120.0,269.061,-20.32535885167464,False,30,29,91,-232,151,147
2,1,1,-1,265.0,0.5751542810012324,3187,29.619000000000028,-0.644,-120.0,267.089,-19.36842105263158,False,30,29,91,-232,151,147
2,1,1,-1,265.0,0.58581902700098,3189,28.477000000000032,-0.644,-120.0,268.981,-20.88038277511962,False,30,29,91,-232,151,147
2,1,1,-1,265.0,0.5956905160001043,3191,27.158000000000015,-0.644,-120.0,268.221,-20.076555023923444,False,30,29,91,-232,151,147
2,1,1,-1,265.0,0.6057182620006643,3193,25.840000000000032,-0.644,-120.0,267.43,-19.119617224880383,False,30,29,91,-232,151,147
2,1,1,-1,265.0,0.61563550900064,3194,37.528999999999996,-0.162,-120.0,267.43,-19.119617224880383,False,30,29,121,-202,174,-429
2,1,1,-1,265.0,0.6359682929996779,3196,21.88499999999999,-0.162,-120.0,268.769,-19.846889952153113,False,30,29,121,-202,174,-429
2,1,1,-1,265.0,0.6457119090009655,3198,20.74200000000002,-0.162,-120.0,269.33,-19.540669856459335,False,30,29,121,-202,174,-429
2,1,1,-1,265.0,0.6560667060002743,3200,19.600000000000023,-0.162,-120.0,269.372,-19.6555023923445,False,30,29,121,-202,174,-429
2,1,1,-1,265.0,0.6659302360003494,3202,18.456999999999994,-0.162,-120.0,268.714,-20.038277511961724,False,30,29,121,-202,174,-429
2,1,1,-1,265.0,0.6758615850012575,3204,17.13900000000001,-0.162,-120.0,269.658,-20.57416267942584,False,30,29,121,-202,174,-429
2,1,1,-1,265.0,0.6859309499996016,3206,15.908000000000015,-0.162,-120.0,267.535,-20.114832535885167,False,30,29,121,-202,174,-429
2,1,1,-1,265.0,0.6963352570001007,3208,14.853999999999985,-0.162,-120.0,268.555,-19.636363636363637,False,30,29,121,-202,174,-429
2,1,1,-1,265.0,0.706340202001229,3209,14.238,-0.162,-120.0,267.458,-19.693779904306222,False,30,29,121,-202,174,-429
2,1,1,-1,265.0,0.7162889150004048,3210,25.400000000000034,-0.034,-119.844,267.458,-19.693779904306222,False,30,29,139,-208,150,-140
2,1,1,-1,265.0,0.7363614770001732,3212,10.020000000000039,-0.034,-108.593,268.585,-20.76555023923445,False,30,29,139,-208,150,-140
2,1,1,-1,265.0,0.7462482190003357,3214,8.788999999999987,-0.034,-102.968,268.11,-18.16267942583732,False,30,29,139,-208,150,-140
2,1,1,-1,265.0,0.7566850470011559,3216,7.822000000000003,-0.034,-97.335,267.915,-16.66985645933015,False,30,29,139,-208,150,-140
2,1,1,-1,265.0,0.766517976000614,3218,6.8559999999999945,-0.034,-91.718,268.083,-16.15311004784689,False,30,29,139,-208,150,-140
2,1,1,-1,265.0,0.7766453320000437,3220,5.88900000000001,-0.034,-86.093,269.094,-15.08133971291866,False,30,29,139,-208,150,-140
2,1,1,-1,265.0,0.7870993699998508,3222,5.009999999999991,-0.034,-80.466,267.799,-14.028708133971293,False,30,29,139,-208,150,-140
2,1,1,-1,265.0,0.7970667970002978,3224,4.043000000000006,-0.034,-74.845,268.536,-12.765550239234452,False,30,29,139,-208,150,-140
2,1,1,-1,265.0,0.8070729690007283,3226,13.799000000000035,-0.432,-69.218,268.969,-12.44019138755981,False,30,29,84,-251,146,-311
2,1,1,-1,265.0,0.8371923240010801,3228,1.670000000000016,-0.432,-52.343,269.302,-7.904306220095691,False,30,29,84,-251,146,-311
2,1,1,-1,265.0,0.8473441980004282,3230,1.406000000000006,-0.432,-46.718,268.026,-6.066985645933016,False,30,29,84,-251,146,-311
2,1,1,-1,265.0,0.8573163020009815,3232,1.0550000000000068,-0.432,-41.092,268.84,-6.392344497607657,False,30,29,84,-251,146,-311
2,1,1,-1,265.0,0.8673019720008597,3234,0.7909999999999968,-0.432,-35.467,268.247,-6.277511961722486,False,30,29,84,-251,146,-311
2,1,1,-1,265.0,0.8776506670001254,3236,0.4399999999999977,-0.432,-29.844,267.976,-5.492822966507179,False,30,29,84,-251,146,-311
2,1,1,-1,265.0,0.8876020360003167,3238,0.17599999999998772,-0.432,-24.218,267.505,-4.306220095693783,False,30,29,84,-251,146,-311
2,1,1,-1,265.0,0.8975066450002487,3240,-0.26400000000001,-0.432,-18.593,268.502,-4.057416267942585,False,30,29,84,-251,146,-311
2,1,1,-1,265.0,0.9079547450000973,3241,-0.3509999999999991,-0.432,-12.968,267.857,-3.1004784688995217,False,30,29,84,-251,146,-311
2,1,1,-1,265.0,0.9278599019999092,3242,3.4279999999999973,0.358,-1.718,267.857,-3.1004784688995217,False,30,29,455,121,348,248
2,1,1,-1,265.0,0.9381530070004374,3244,-0.6150000000000091,0.358,5.594,268.579,-0.019138755980861788,False,30,29,455,121,348,248
2,1,1,-1,265.0,0.9479092760011554,3246,-0.6150000000000091,0.358,14.596,267.892,1.9521531100478455,False,30,29,455,121,348,248
2,1,1,-1,265.0,0.9579320940010803,3248,-0.5269999999999868,0.358,9.92,268.643,4.1913875598086126,False,30,29,455,121,348,248
2,1,1,-1,265.0,0.9679832100009662,3250,-0.43899999999996453,0.358,4.302,269.625,3.980861244019138,False,30,29,455,121,348,248
2,1,1,-1,265.0,0.9781301000002713,3252,-0.26400000000001,0.358,-1.325,268.559,3.062200956937798,False,30,29,455,121,348,248
2,1,1,-1,265.0,0.9884180450007989,3254,-0.08799999999996544,0.358,0.0,268.482,1.3205741626794272,False,30,29,455,121,348,248
2,1,1,-1,265.0,0.9984868160008773,3256,0.0,0.358,0.0,268.727,0.019138755980861788,False,30,29,455,121,348,248
2,1,1,-1,265.0,1.008579400000599,3257,0.0,0.358,0.0,268.338,-0.49760765550239616,False,30,29,455,121,348,248
2,1,1,-1,265.0,1.0185350890005793,3258,-0.3509999999999991,0.17,0.0,268.338,-0.49760765550239616,False,30,29,412,101,493,-56
2,1,1,-1,265.0,1.038701270999809,3261,0.17599999999998772,0.17,0.0,268.157,-0.5358851674641197,False,30,29,412,101,493,-56
2,1,1,-1,265.0,1.048575606000668,3262,0.08800000000002228,0.17,0.0,267.004,-0.42105263157894385,False,30,29,412,101,493,-56
2,1,1,-1,265.0,1.0587779260004027,3265,0.17599999999998772,0.17,0.0,267.211,-0.057416267942585364,False,30,29,412,101,493,-56
2,1,1,-1,265.0,1.0688925100002962,3267,0.17599999999998772,0.17,0.0,266.171,0.34449760765550186,False,30,29,412,101,493,-56
2,1,1,-1,265.0,1.0787526080002863,3269,0.08800000000002228,0.17,0.0,265.46,0.2679425837320547,False,30,29,412,101,493,-56
2,1,1,-1,265.0,1.0891838150000694,3271,0.17599999999998772,0.17,0.0,267.13,-0.4593301435406674,False,30,29,412,101,493,-56
2,1,1,-1,265.0,1.0989573860006203,3273,0.17599999999998772,0.17,0.0,268.427,-0.2679425837320547,False,30,29,412,101,493,-56
2,1,1,-1,265.0,1.1091772220006533,3274,0.17599999999998772,0.17,0.0,268.485,-0.057416267942585364,False,30,29,412,101,493,-56
2,1,1,-1,265.0,1.1192996019999555,3275,0.0,0.0,0.0,268.485,-0.057416267942585364,False,30,29,226,-124,-150,-257
2,1,1,-1,265.0,1.139147146999676,3278,0.17599999999998772,0.0,0.0,266.804,0.019138755980861788,False,30,29,226,-124,-150,-257
2,1,1,-1,265.0,1.1491617690007843,3280,0.17599999999998772,0.0,0.0,267.821,-0.5933014354067,False,30,29,226,-124,-150,-257
2,1,1,-1,265.0,1.159429485000146,3282,0.17599999999998772,0.0,0.0,267.723,0.34449760765550186,False,30,29,226,-124,-150,-257
2,1,1,-1,265.0,1.169354342000588,3284,0.17599999999998772,0.0,0.0,269.551,0.6889952153110089,False,30,29,226,-124,-150,-257
2,1,1,-1,265.0,1.1792668990001403,3286,0.17599999999998772,0.0,0.0,268.713,0.5933014354067,False,30,29,226,-124,-150,-257
2,1,1,-1,265.0,1.1896827460004715,3288,0.26400000000001,0.0,0.0,268.424,-0.019138755980861788,False,30,29,226,-124,-150,-257
2,1,1,-1,265.0,1.1995324950003123,3290,0.17599999999998772,0.0,0.0,267.866,-0.019138755980861788,False,30,29,226,-124,-150,-257
2,1,1,-1,265.0,1.2096577270003763,3292,0.17599999999998772,-0.176,0.0,268.084,-0.34449760765550186,False,30,29,197,-147,313,-215
2,1,1,-1,265.0,1.229679516000033,3293,0.17599999999998772,-0.176,0.0,269.056,0.34449760765550186,False,30,29,197,-147,313,-215
2,1,1,-1,265.0,1.2398458509997,3295,0.08800000000002228,-0.176,0.0,266.875,0.32535885167464007,False,30,29,197,-147,313,-215
2,1,1,-1,265.0,1.2501640760001465,3297,0.17599999999998772,-0.176,0.0,266.825,-0.4019138755980872,True,30,29,197,-147,313,-215
3,1,1,1,0.0,0.0007896320003055735,3625,-90.0,0.0,4.516,0.0,0.0,True,30,29,199,-197,160,-307
3,1,1,1,0.0,0.010843649000889855,3627,-90.0,0.0,13.58,-0.051,0.03827751196172249,True,30,29,199,-197,160,-307
3,1,1,1,0.0,0.021200295001108316,3629,-90.0,0.0,22.497,0.104,0.34449760765550236,False,30,29,199,-197,160,-307
3,1,1,1,0.0,0.03130806300032418,3631,-90.0,0.0,31.503,-0.093,0.4976076555023923,False,30,29,199,-197,160,-307
3,1,1,1,0.0,0.05125354200026777,3632,-90.0,0.0,49.497,-0.093,0.4976076555023923,False,30,29,199,-197,223,-268
3,1,1,1,0.0,0.061627480999959516,3634,-89.91199999999998,0.0,58.511,5.625,6.947368421052632,False,30,29,199,-197,223,-268
3,1,1,1,0.0,0.07132766900031129,3636,-89.82400000000001,0.0,67.513,7.525,8.76555023923445,False,30,29,199,-197,223,-268
3,1,1,1,0.0,0.08137700400038739,3638,-89.56,0.0,76.495,11.66,11.559808612440191,False,30,29,199,-197,223,-268
3,1,1,1,0.0,0.09141937000094913,3640,-88.68199999999996,0.0,85.496,10.501,14.851674641148326,False,30,29,199,-197,223,-268
3,1,1,1,0.0,0.10198267200030386,3642,-87.71499999999997,0.0,94.557,12.743,15.196172248803828,False,30,29,199,-197,223,-268
3,1,1,1,0.0,0.11191545500150824,3644,-86.74799999999999,0.0,103.495,10.273,17.167464114832537,False,30,29,199,-197,223,-268
3,1,1,1,0.0,0.12207255600151257,3646,-85.517,0.0,112.495,11.45,20.038277511961724,False,30,29,199,-197,223,-268
3,1,1,1,0.0,0.1322698029998719,3648,-84.375,0.0,120.0,14.289,21.416267942583733,False,30,29,199,-197,223,-268
3,1,1,1,0.0,0.15251567599989357,3649,-90.0,0.63,120.0,14.289,21.416267942583733,False,30,29,1144,741,952,439
3,1,1,1,0.0,0.16220010800134332,3651,-80.24399999999999,0.63,120.0,12.284,24.019138755980862,False,30,29,1144,741,952,439
3,1,1,1,0.0,0.17221228000016708,3653,-78.838,0.63,120.0,13.668,21.894736842105267,False,30,29,1144,741,952,439
3,1,1,1,0.0,0.18252661100086698,3655,-77.51899999999999,0.63,120.0,13.965,20.57416267942584,False,30,29,1144,741,952,439
3,1,1,1,0.0,0.19237877200066578,3657,-76.37699999999998,0.63,120.0,14.521,20.287081339712923,False,30,29,1144,741,952,439
3,1,1,1,0.0,0.20235122200028854,3659,-75.14599999999999,0.63,120.0,15.686,20.15311004784689,False,30,29,1144,741,952,439
3,1,1,1,0.0,0.21284966400162375,3661,-73.91599999999998,0.63,120.0,14.533,20.65071770334928,False,30,29,1144,741,952,439
3,1,1,1,0.0,0.22274483700130077,3663,-72.77299999999998,0.63,120.0,16.439,21.24401913875598,False,30,29,1144,741,952,439
3,1,1,1,0.0,0.2326847110016388,3665,-71.54299999999999,0.63,120.0,15.26,21.20574162679426,False,30,29,1144,741,952,439
3,1,1,1,0.0,0.25290471900007105,3666,-84.19900000000001,2.696,120.0,15.26,21.20574162679426,False,30,29,439,342,575,272
3,1,1,1,0.0,0.2628607020014897,3668,-67.76399999999998,2.696,120.0,15.571,21.971291866028707,False,30,29,439,342,575,272
3,1,1,1,0.0,0.27294786400125304,3670,-66.445,2.696,120.0,15.829,21.24401913875598,False,30,29,439,342,575,272
3,1,1,1,0.0,0.283152265001263,3672,-65.21499999999999,2.696,120.0,16.469,19.349282296650717,False,30,29,439,342,575,272
3,1,1,1,0.0,0.2929703590016288,3674,-63.89599999999999,2.696,120.0,15.761,19.846889952153113,False,30,29,439,342,575,272
3,1,1,1,0.0,0.30310166600065713,3676,-62.57799999999999,2.696,120.0,17.218,19.406698564593302,False,30,29,439,342,575,272
3,1,1,1,0.0,0.31350052100060566,3678,-61.25999999999999,2.696,120.0,16.06,19.406698564593302,False,30,29,439,342,575,272
3,1,1,1,0.0,0.3232271690012567,3680,-59.94099999999999,2.696,120.0,15.896,19.846889952153113,False,30,29,439,342,575,272
3,1,1,1,0.0,0.33332601900110603,3682,-58.710999999999984,2.696,120.0,13.899,20.0,False,30,29,439,342,575,272
3,1,1,1,0.0,0.3435736179999367,3683,-71.54299999999999,2.04,120.0,13.899,20.0,False,30,29,240,187,207,150
3,1,1,1,0.0,0.3635521050000534,3685,-55.19499999999999,2.04,120.0,14.162,20.114832535885167,False,30,29,240,187,207,150
3,1,1,1,0.0,0.37388583500069217,3687,-54.14099999999999,2.04,120.0,14.482,20.2488038277512,False,30,29,240,187,207,150
3,1,1,1,0.0,0.38374665199989977,3689,-53.17399999999999,2.04,120.0,16.292,20.0,False,30,29,240,187,207,150
3,1,1,1,0.0,0.39378652699997474,3691,-52.206999999999994,2.04,120.0,12.916,20.229665071770338,False,30,29,240,187,207,150
3,1,1,1,0.0,0.40416906800055585,3693,-50.976,2.04,120.0,14.995,20.91866028708134,False,30,29,240,187,207,150
3,1,1,1,0.0,0.41400378400066984,3695,-49.65799999999999,2.04,120.0,13.971,21.071770334928228,False,30,29,240,187,207,150
3,1,1,1,0.0,0.4240124850002758,3697,-48.51599999999999,2.04,120.0,13.655,21.81818181818182,False,30,29,240,187,207,150
3,1,1,1,0.0,0.4343926740002644,3699,-47.285,2.04,120.0,12.496,20.803827751196174,False,30,29,240,187,207,150
3,1,1,1,0.0,0.45425030500155117,3700,-58.53499999999998,1.032,120.0,12.496,20.803827751196174,False,30,29,155,75,115,147
3,1,1,1,0.0,0.4647596560007514,3702,-43.50599999999997,1.032,120.0,14.125,20.15311004784689,False,30,29,155,75,115,147
3,1,1,1,0.0,0.47447210700011055,3704,-42.363,1.032,120.0,11.625,18.602870813397132,False,30,29,155,75,115,147
3,1,1,1,0.0,0.4845422110010986,3706,-41.221000000000004,1.032,120.0,11.516,19.157894736842106,False,30,29,155,75,115,147
3,1,1,1,0.0,0.49507085000004736,3708,-39.98999999999998,1.032,120.0,12.076,20.5933014354067,False,30,29,155,75,115,147
3,1,1,1,0.0,0.5050050019999617,3710,-38.672,1.032,120.0,11.573,20.095693779904305,False,30,29,155,75,115,147
3,1,1,1,0.0,0.5152090070005215,3712,-37.440999999999974,1.032,120.0,11.306,20.976076555023923,False,30,29,155,75,115,147
3,1,1,1,0.0,0.5250324670014379,3714,-36.210999999999984,1.032,120.0,11.753,21.49282296650718,False,30,29,155,75,115,147
3,1,1,1,0.0,0.5350053710008069,3716,-34.97999999999999,1.032,120.0,12.074,20.976076555023926,False,30,29,155,75,115,147
3,1,1,1,0.0,0.5554137870003615,3717,-47.197,1.694,120.0,12.074,20.976076555023926,False,30,29,213,159,253,197
3,1,1,1,0.0,0.5653745079998771,3719,-31.37699999999998,1.694,120.0,11.6,20.995215311004788,False,30,29,213,159,253,197
3,1,1,1,0.0,0.5756206890000612,3721,-30.23399999999998,1.694,120.0,10.973,20.497607655502392,False,30,29,213,159,253,197
3,1,1,1,0.0,0.5856353610015503,3723,-29.00399999999999,1.694,120.0,11.277,21.454545454545457,False,30,29,213,159,253,197
3,1,1,1,0.0,0.5958258310001838,3726,-27.24599999999998,1.694,120.0,11.895,20.5933014354067,False,30,29,213,159,253,197
3,1,1,1,0.0,0.6057585340004152,3727,-26.630999999999972,1.694,120.0,10.734,20.76555023923445,False,30,29,213,159,253,197
3,1,1,1,0.0,0.6162017970000306,3730,-24.87299999999999,1.694,120.0,12.313,20.47846889952153,False,30,29,213,159,253,197
3,1,1,1,0.0,0.6259893830010697,3732,-23.55499999999998,1.694,120.0,13.239,19.598086124401913,False,30,29,213,159,253,197
3,1,1,1,0.0,0.636047772000893,3733,-22.938999999999993,1.694,120.0,13.288,20.114832535885167,False,30,29,213,159,253,197
3,1,1,1,0.0,0.6564733810009784,3734,-34.89299999999997,1.391,120.0,13.288,20.114832535885167,False,30,29,180,128,212,61
3,1,1,1,0.0,0.666127240001515,3737,-18.63299999999998,1.391,120.0,11.365,19.770334928229666,False,30,29,180,128,212,61
3,1,1,1,0.0,0.6763219880012912,3739,-17.401999999999987,1.391,120.0,11.19,19.80861244019139,False,30,29,180,128,212,61
3,1,1,1,0.0,0.686292456000956,3741,-16.084000000000003,1.391,120.0,12.399,19.846889952153113,False,30,29,180,128,212,61
3,1,1,1,0.0,0.6963510980003775,3743,-14.85299999999998,1.391,120.0,10.779,19.272727272727273,False,30,29,180,128,212,61
3,1,1,1,0.0,0.7067067430016323,3745,-13.710999999999984,1.391,120.0,12.011,19.36842105263158,False,30,29,180,128,212,61
3,1,1,1,0.0,0.7165879070016672,3747,-12.567999999999984,1.391,115.766,13.247,20.15311004784689,False,30,29,180,128,212,61
3,1,1,1,0.0,0.7265368620010122,3749,-11.425999999999988,1.391,110.159,12.294,19.444976076555026,False,30,29,180,128,212,61
3,1,1,1,0.0,0.7368312560010963,3750,-10.810000000000002,1.391,104.533,11.573,19.846889952153113,False,30,29,180,128,212,61
3,1,1,1,0.0,0.7467556629999308,3751,-22.851,1.354,98.91,11.573,19.846889952153113,False,30,29,237,206,51,219
3,1,1,1,0.0,0.7671990040016681,3754,-7.2949999999999875,1.354,87.65,11.248,15.311004784688997,False,30,29,237,206,51,219
3,1,1,1,0.0,0.7768356209999183,3755,-6.942999999999984,1.354,82.035,12.153,12.516746411483252,False,30,29,237,206,51,219
3,1,1,1,0.0,0.7868646100014303,3757,-5.888999999999982,1.354,76.412,9.613,13.435406698564593,False,30,29,237,206,51,219
3,1,1,1,0.0,0.7973704539999744,3759,-5.185000000000002,1.354,70.783,11.937,11.942583732057415,False,30,29,237,206,51,219
3,1,1,1,0.0,0.8071395380011381,3761,-4.3940000000000055,1.354,65.161,13.079,12.191387559808613,False,30,29,237,206,51,219
3,1,1,1,0.0,0.8170284679999895,3763,-3.7789999999999964,1.354,59.537,9.366,12.153110047846889,False,30,29,237,206,51,219
3,1,1,1,0.0,0.8273289780008781,3765,-3.1639999999999873,1.354,53.911,12.342,10.583732057416269,False,30,29,237,206,51,219
3,1,1,1,0.0,0.8375484960015456,3767,-10.722999999999985,0.508,48.284,9.594,9.569377990430622,False,30,29,-226,-305,79,34
3,1,1,1,0.0,0.8573469140010275,3768,-1.5819999999999936,0.508,37.036,13.396,9.760765550239237,False,30,29,-226,-305,79,34
3,1,1,1,0.0,0.8674244140001974,3770,-1.2299999999999898,0.508,31.41,10.031,5.473684210526316,False,30,29,-226,-305,79,34
3,1,1,1,0.0,0.8779362060013227,3772,-0.8789999999999907,0.508,25.735,6.457,4.784688995215311,False,30,29,-226,-305,79,34
3,1,1,1,0.0,0.8880919380007981,3774,-0.6149999999999807,0.508,20.156,16.52,2.909090909090909,False,30,29,-226,-305,79,34
3,1,1,1,0.0,0.8979433060012525,3776,-0.43899999999999295,0.508,14.535,13.618,1.8181818181818183,False,30,29,-226,-305,79,34
3,1,1,1,0.0,0.9079253350009822,3778,-0.2639999999999816,0.508,8.911,10.295,3.062200956937799,False,30,29,-226,-305,79,34
3,1,1,1,0.0,0.9185743850011931,3780,-0.17599999999998772,0.508,3.283,10.899,3.023923444976077,False,30,29,-226,-305,79,34
3,1,1,1,0.0,0.9285721630003536,3782,0.0,0.508,-2.347,10.798,1.7033492822966507,False,30,29,-226,-305,79,34
3,1,1,1,0.0,0.9383092960015347,3784,-2.7249999999999943,0.828,-11.336,10.563,1.2248803827751196,False,30,29,-55,-93,-54,-161
3,1,1,1,0.0,0.958530353000242,3785,0.17600000000001614,0.828,-6.361,9.863,0.8995215311004784,False,30,29,-55,-93,-54,-161
3,1,1,1,0.0,0.968485748000603,3787,0.17600000000001614,0.828,-0.738,3.686,-1.0717703349282297,False,30,29,-55,-93,-54,-161
3,1,1,1,0.0,0.9788577100007387,3789,0.17600000000001614,0.828,0.0,3.966,-1.0909090909090908,False,30,29,-55,-93,-54,-161
3,1,1,1,0.0,0.9887543100012408,3791,0.17600000000001614,0.828,0.0,2.322,0.34449760765550236,False,30,29,-55,-93,-54,-161
3,1,1,1,0.0,0.998715905001518,3793,0.26400000000001,0.828,0.0,-1.111,0.45933014354066987,False,30,29,-55,-93,-54,-161
3,1,1,1,0.0,1.0090845049999189,3795,0.26400000000001,0.828,0.0,0.267,-0.45933014354066987,False,30,29,-55,-93,-54,-161
3,1,1,1,0.0,1.019192882000425,3797,0.26400000000001,0.828,0.0,0.183,-0.05741626794258373,False,30,29,-55,-93,-54,-161
3,1,1,1,0.0,1.0289689320015896,3799,0.26400000000001,0.828,0.0,-0.487,0.11483253588516747,False,30,29,-55,-93,-54,-161
3,1,1,1,0.0,1.0391940919998888,3800,0.26400000000001,0.828,0.0,0.139,-0.1339712918660287,False,30,29,-55,-93,-54,-161
3,1,1,1,0.0,1.0592214790012804,3803,0.26400000000001,0.251,0.0,0.151,0.0,False,30,29,-446,-490,-103,-258
3,1,1,1,0.0,1.069177593000859,3805,0.26400000000001,0.251,0.0,0.003,0.0,False,30,29,-446,-490,-103,-258
3,1,1,1,0.0,1.0797470600009547,3807,0.26400000000001,0.251,0.0,0.0,0.0,False,30,29,-446,-490,-103,-258
3,1,1,1,0.0,1.0893743570013612,3809,0.26400000000001,0.251,0.0,0.034,0.0,False,30,29,-446,-490,-103,-258
3,1,1,1,0.0,1.0994705020002584,3811,0.26400000000001,0.251,0.0,0.001,0.0,True,30,29,-446,-490,-103,-258
3,1,1,-1,0.0,0.000815101000625873,3812,90.0,0.251,0.0,0.0,0.0,True,30,29,-446,-490,-103,-258
3,1,1,-1,0.0,0.011187698000867385,3814,90.0,0.251,-8.995,0.0,-0.15311004784688995,False,30,29,-446,-490,-103,-258
3,1,1,-1,0.0,0.021101701000588946,3816,90.0,0.251,-17.992,0.276,-1.0717703349282297,False,30,29,-446,-490,-103,-258
3,1,1,-1,0.0,0.03127550099998189,3817,90.0,0.251,-26.994,0.433,-1.5885167464114833,False,30,29,-446,-490,-103,-258
3,1,1,-1,0.0,0.051503272999980254,3818,90.0,-0.264,-45.029,0.433,-1.5885167464114833,False,30,29,170,-86,225,-118
3,1,1,-1,0.0,0.061570629999550874,3820,90.0,-0.264,-53.996,15.139,-5.07177033492823,False,30,29,170,-86,225,-118
3,1,1,-1,0.0,0.07158989900017332,3822,90.0,-0.264,-63.002,28.16,-7.904306220095694,False,30,29,170,-86,225,-118
3,1,1,-1,0.0,0.08148984000035853,3824,90.0,-0.264,-72.003,29.448,-10.31578947368421,False,30,29,170,-86,225,-118
3,1,1,-1,0.0,0.09154324600058317,3826,89.82400000000001,-0.264,-80.997,24.739,-14.1244019138756,False,30,29,170,-86,225,-118
3,1,1,-1,0.0,0.10180890700030432,3828,89.29700000000003,-0.264,-90.0,23.413,-16.401913875598083,False,30,29,170,-86,225,-118
3,1,1,-1,0.0,0.11186842999995861,3830,87.97800000000001,-0.264,-99.022,19.208,-17.79904306220096,False,30,29,170,-86,225,-118
3,1,1,-1,0.0,0.12176661400008015,3832,86.83600000000001,-0.264,-107.998,18.778,-19.043062200956935,False,30,29,170,-86,225,-118
3,1,1,-1,0.0,0.13202675799948338,3833,86.30799999999999,-0.264,-116.999,16.224,-19.67464114832536,False,30,29,170,-86,225,-118
3,1,1,-1,0.0,0.15195188100005907,3834,90.0,-0.736,-120.0,16.224,-19.67464114832536,False,30,29,-576,-807,-377,-618
3,1,1,-1,0.0,0.1623670150001999,3836,81.56200000000001,-0.736,-120.0,10.607,-25.416267942583733,False,30,29,-576,-807,-377,-618
3,1,1,-1,0.0,0.17214092900030664,3838,80.156,-0.736,-120.0,9.905,-22.60287081339713,False,30,29,-576,-807,-377,-618
3,1,1,-1,0.0,0.18219412899998133,3840,78.48599999999999,-0.736,-120.0,7.979,-22.23923444976077,False,30,29,-576,-807,-377,-618
3,1,1,-1,0.0,0.19265422299940838,3842,77.168,-0.736,-120.0,8.46,-21.72248803827751,False,30,29,-576,-807,-377,-618
3,1,1,-1,0.0,0.20233715500035032,3844,75.93700000000001,-0.736,-120.0,7.186,-20.91866028708134,False,30,29,-576,-807,-377,-618
3,1,1,-1,0.0,0.21236137000050803,3846,74.61900000000003,-0.736,-120.0,7.563,-21.129186602870814,False,30,29,-576,-807,-377,-618
3,1,1,-1,0.0,0.22264077900035772,3848,73.38800000000003,-0.736,-120.0,6.438,-20.57416267942584,False,30,29,-576,-807,-377,-618
3,1,1,-1,0.0,0.23276317300042138,3850,85.781,-3.357,-120.0,8.523,-21.454545454545457,False,30,29,-545,-407,-420,-307
3,1,1,-1,0.0,0.2626524919996882,3852,68.906,-3.357,-120.0,7.836,-20.727272727272727,False,30,29,-545,-407,-420,-307
3,1,1,-1,0.0,0.2726803650002694,3854,67.67599999999999,-3.357,-120.0,7.37,-20.497607655502392,False,30,29,-545,-407,-420,-307
3,1,1,-1,0.0,0.2831336489998648,3857,65.74200000000002,-3.357,-120.0,6.769,-20.91866028708134,False,30,29,-545,-407,-420,-307
3,1,1,-1,0.0,0.2930768120004359,3859,64.51100000000002,-3.357,-120.0,7.871,-20.86124401913876,False,30,29,-545,-407,-420,-307
3,1,1,-1,0.0,0.3029510670003219,3861,63.192999999999984,-3.357,-120.0,7.36,-21.11004784688995,False,30,29,-545,-407,-420,-307
3,1,1,-1,0.0,0.3133613139998488,3863,61.96300000000002,-3.357,-120.0,6.903,-20.650717703349283,False,30,29,-545,-407,-420,-307
3,1,1,-1,0.0,0.32318636899981357,3865,60.644000000000005,-3.357,-120.0,7.907,-20.880382775119617,False,30,29,-545,-407,-420,-307
3,1,1,-1,0.0,0.33333895900068455,3866,60.028999999999996,-3.357,-120.0,6.878,-21.071770334928228,False,30,29,-545,-407,-420,-307
3,1,1,-1,0.0,0.3533825699996669,3867,72.685,-2.246,-120.0,6.878,-21.071770334928228,False,30,29,-124,-198,-121,-243
3,1,1,-1,0.0,0.36331018500095524,3870,55.72199999999998,-2.246,-120.0,10.029,-20.32535885167464,False,30,29,-124,-198,-121,-243
3,1,1,-1,0.0,0.37371332200018514,3872,54.403999999999996,-2.246,-120.0,7.703,-19.559808612440193,False,30,29,-124,-198,-121,-243
3,1,1,-1,0.0,0.38390941500074405,3874,53.17399999999998,-2.246,-120.0,7.587,-20.019138755980862,False,30,29,-124,-198,-121,-243
3,1,1,-1,0.0,0.3937716979999095,3876,51.85500000000002,-2.246,-120.0,7.99,-20.2488038277512,False,30,29,-124,-198,-121,-243
3,1,1,-1,0.0,0.4042579030010529,3878,50.537000000000035,-2.246,-120.0,6.709,-21.09090909090909,False,30,29,-124,-198,-121,-243
3,1,1,-1,0.0,0.41424702100084687,3880,49.13099999999997,-2.246,-120.0,6.521,-20.61244019138756,False,30,29,-124,-198,-121,-243
3,1,1,-1,0.0,0.42423174299983657,3882,47.81200000000001,-2.246,-120.0,5.554,-20.688995215311003,False,30,29,-124,-198,-121,-243
3,1,1,-1,0.0,0.4344421730002068,3883,47.197,-2.246,-120.0,8.286,-19.19617224880383,False,30,29,-124,-198,-121,-243
3,1,1,-1,0.0,0.45447751200117636,3885,43.94499999999999,-1.59,-120.0,4.89,-19.885167464114836,False,30,29,-83,-158,-120,-324
3,1,1,-1,0.0,0.46449837399995886,3887,42.889999999999986,-1.59,-120.0,5.345,-19.693779904306222,False,30,29,-83,-158,-120,-324
3,1,1,-1,0.0,0.47448283599987917,3889,41.660000000000025,-1.59,-120.0,5.83,-19.80861244019139,False,30,29,-83,-158,-120,-324
3,1,1,-1,0.0,0.48464718400100537,3891,40.516999999999996,-1.59,-120.0,5.904,-19.406698564593302,False,30,29,-83,-158,-120,-324
3,1,1,-1,0.0,0.4947592309999891,3893,39.375,-1.59,-120.0,5.182,-20.5933014354067,False,30,29,-83,-158,-120,-324
3,1,1,-1,0.0,0.5050198400003865,3895,38.144000000000005,-1.59,-120.0,6.13,-19.789473684210527,False,30,29,-83,-158,-120,-324
3,1,1,-1,0.0,0.5148875119994045,3897,36.91399999999999,-1.59,-120.0,6.226,-19.82775119617225,False,30,29,-83,-158,-120,-324
3,1,1,-1,0.0,0.524942784999439,3899,35.771000000000015,-1.59,-120.0,7.05,-20.497607655502392,False,30,29,-83,-158,-120,-324
3,1,1,-1,0.0,0.535230028001024,3900,35.156000000000006,-1.59,-120.0,4.457,-20.076555023923444,False,30,29,-83,-158,-120,-324
3,1,1,-1,0.0,0.5451055470002757,3901,47.197,-0.758,-120.0,4.457,-20.076555023923444,False,30,29,-145,-182,-173,-168
3,1,1,-1,0.0,0.5550606070009962,3902,31.99200000000002,-0.758,-120.0,4.698,-20.363636363636363,False,30,29,-145,-182,-173,-168
3,1,1,-1,0.0,0.5653901380010211,3904,30.937000000000012,-0.758,-120.0,5.846,-19.598086124401913,False,30,29,-145,-182,-173,-168
3,1,1,-1,0.0,0.5752016879996518,3906,29.795000000000016,-0.758,-120.0,7.837,-20.076555023923447,False,30,29,-145,-182,-173,-168
3,1,1,-1,0.0,0.5852475949996006,3908,28.56400000000002,-0.758,-120.0,5.648,-19.693779904306222,False,30,29,-145,-182,-173,-168
3,1,1,-1,0.0,0.59560409200094,3910,27.334000000000003,-0.758,-120.0,6.347,-19.751196172248804,False,30,29,-145,-182,-173,-168
3,1,1,-1,0.0,0.6054365270010749,3912,26.10300000000001,-0.758,-120.0,7.003,-20.47846889952153,False,30,29,-145,-182,-173,-168
3,1,1,-1,0.0,0.6155209990010917,3914,24.87299999999999,-0.758,-120.0,6.062,-19.770334928229666,False,30,29,-145,-182,-173,-168
3,1,1,-1,0.0,0.625953754000875,3916,23.641999999999996,-0.758,-120.0,6.126,-19.885167464114833,False,30,29,-145,-182,-173,-168
3,1,1,-1,0.0,0.6356625869993877,3917,23.026999999999987,-0.758,-120.0,5.787,-20.038277511961724,False,30,29,-145,-182,-173,-168
3,1,1,-1,0.0,0.6457872150003823,3918,35.156000000000006,-0.717,-120.0,5.787,-20.038277511961724,False,30,29,-86,-194,-187,-201
3,1,1,-1,0.0,0.6560060900010285,3919,19.774999999999977,-0.717,-120.0,8.046,-20.497607655502392,False,30,29,-86,-194,-187,-201
3,1,1,-1,0.0,0.6659504210001614,3921,18.807999999999993,-0.717,-120.0,5.42,-20.172248803827753,False,30,29,-86,-194,-187,-201
3,1,1,-1,0.0,0.6758667020003486,3923,17.75400000000002,-0.717,-120.0,4.823,-19.617224880382775,False,30,29,-86,-194,-187,-201
3,1,1,-1,0.0,0.6859859920004965,3924,16.699000000000012,-0.717,-120.0,6.534,-20.095693779904305,False,30,29,-86,-194,-187,-201
3,1,1,-1,0.0,0.6964528280004743,3926,15.468000000000018,-0.717,-120.0,5.089,-20.0,False,30,29,-86,-194,-187,-201
3,1,1,-1,0.0,0.7061538239995571,3928,14.326000000000022,-0.717,-120.0,5.633,-19.961722488038276,False,30,29,-86,-194,-187,-201
3,1,1,-1,0.0,0.7165146429997549,3930,13.182999999999993,-0.717,-117.343,5.665,-20.13397129186603,False,30,29,-86,-194,-187,-201
3,1,1,-1,0.0,0.7264650529996288,3932,12.040999999999997,-0.717,-111.72,5.098,-20.15311004784689,False,30,29,-86,-194,-187,-201
3,1,1,-1,0.0,0.7364255860011326,3934,23.026999999999987,-0.588,-106.094,5.802,-19.846889952153113,False,30,29,-75,-149,-110,-205
3,1,1,-1,0.0,0.7565668400002323,3935,8.524999999999977,-0.588,-94.839,5.77,-19.48325358851675,False,30,29,-75,-149,-110,-205
3,1,1,-1,0.0,0.7665498710011889,3937,7.7339999999999804,-0.588,-89.22,2.447,-14.315789473684209,False,30,29,-75,-149,-110,-205
3,1,1,-1,0.0,0.7769720760006749,3939,6.942999999999984,-0.588,-83.593,4.351,-13.435406698564593,False,30,29,-75,-149,-110,-205
3,1,1,-1,0.0,0.7867865460011672,3941,6.151999999999987,-0.588,-77.965,8.064,-13.24401913875598,False,30,29,-75,-149,-110,-205
3,1,1,-1,0.0,0.7969640470000741,3943,5.36099999999999,-0.588,-72.345,5.349,-13.282296650717704,False,30,29,-75,-149,-110,-205
3,1,1,-1,0.0,0.8074022100008733,3945,4.569999999999993,-0.588,-66.716,4.496,-12.918660287081341,False,30,29,-75,-149,-110,-205
3,1,1,-1,0.0,0.8173849270006031,3947,3.8670000000000186,-0.588,-58.281,6.556,-11.349282296650717,False,30,29,-75,-149,-110,-205
3,1,1,-1,0.0,0.8272587650008063,3949,3.1639999999999873,-0.588,-52.657,3.532,-10.105263157894738,False,30,29,-75,-149,-110,-205
3,1,1,-1,0.0,0.8374859800005652,3950,2.8999999999999773,-0.588,-47.031,6.645,-9.511961722488037,False,30,29,-75,-149,-110,-205
3,1,1,-1,0.0,0.8475603520000732,3951,11.25,-0.729,-41.406,6.645,-9.511961722488037,False,30,29,276,203,96,120
3,1,1,-1,0.0,0.8574431039996853,3952,1.7579999999999814,-0.729,-35.782,5.509,-8.861244019138756,False,30,29,276,203,96,120
3,1,1,-1,0.0,0.8675930770004925,3954,1.4940000000000282,-0.729,-30.155,8.609,-4.421052631578948,False,30,29,276,203,96,120
3,1,1,-1,0.0,0.8776010990004579,3956,1.2300000000000182,-0.729,-24.531,1.966,-5.07177033492823,False,30,29,276,203,96,120
3,1,1,-1,0.0,0.8877360870010307,3958,1.0540000000000305,-0.729,-18.908,4.847,-2.4688995215311005,False,30,29,276,203,96,120
3,1,1,-1,0.0,0.8979253100005735,3960,0.8790000000000191,-0.729,-13.259,11.205,-3.674641148325359,False,30,29,276,203,96,120
3,1,1,-1,0.0,0.9080230260005919,3962,0.6150000000000091,-0.729,-7.604,9.36,-3.789473684210527,False,30,29,276,203,96,120
3,1,1,-1,0.0,0.9178889640006673,3964,0.4390000000000214,-0.729,-2.032,3.884,-3.1770334928229667,False,30,29,276,203,96,120
3,1,1,-1,0.0,0.9280330940000567,3966,0.2629999999999768,-0.729,5.28,9.974,-3.4641148325358855,False,30,29,276,203,96,120
3,1,1,-1,0.0,0.9480770869995467,3967,2.8999999999999773,-0.597,9.936,9.974,-3.4641148325358855,False,30,29,256,212,172,-100
3,1,1,-1,0.0,0.9580798099996173,3969,0.17599999999998772,-0.597,4.311,0.463,2.2200956937799043,False,30,29,256,212,172,-100
3,1,1,-1,0.0,0.9684030919997895,3971,0.2629999999999768,-0.597,-1.326,0.134,1.2248803827751196,False,30,29,256,212,172,-100
3,1,1,-1,0.0,0.9781874889995379,3973,0.3509999999999991,-0.597,0.0,0.477,0.3827751196172249,False,30,29,256,212,172,-100
3,1,1,-1,0.0,0.9882955920002132,3975,0.3509999999999991,-0.597,0.0,-1.458,-0.019138755980861264,False,30,29,256,212,172,-100
3,1,1,-1,0.0,0.9986153270001523,3977,0.3509999999999991,-0.597,0.0,-3.688,0.5358851674641149,False,30,29,256,212,172,-100
3,1,1,-1,0.0,1.008707688000868,3979,0.3509999999999991,-0.597,0.0,0.014,-0.45933014354066987,False,30,29,256,212,172,-100
3,1,1,-1,0.0,1.0185088930011261,3981,0.3509999999999991,-0.597,0.0,1.375,-0.1722488038277512,False,30,29,256,212,172,-100
3,1,1,-1,0.0,1.0289494730004662,3983,0.3509999999999991,-0.597,0.0,-0.578,0.3062200956937799,False,30,29,256,212,172,-100
3,1,1,-1,0.0,1.0487332430002425,3984,0.17599999999998772,-0.466,0.0,-0.578,0.3062200956937799,False,30,29,392,341,236,89
3,1,1,-1,0.0,1.0590661710011773,3986,0.3509999999999991,-0.466,0.0,-0.491,-0.05741626794258373,False,30,29,392,341,236,89
3,1,1,-1,0.0,1.0688862690003589,3988,0.3509999999999991,-0.466,0.0,-0.187,-0.05741626794258373,False,30,29,392,341,236,89
3,1,1,-1,0.0,1.0789768110007572,3990,0.3509999999999991,-0.466,0.0,-0.008,0.0,False,30,29,392,341,236,89
3,1,1,-1,0.0,1.0893461119994754,3992,0.3509999999999991,-0.466,0.0,0.0,0.0,False,30,29,392,341,236,89
3,1,1,-1,0.0,1.0994116540005052,3994,0.3509999999999991,-0.466,0.0,0.0,0.0,True,30,29,392,341,236,89
3,1,1,1,265.0,0.0007651659998373361,4170,-90.0,-0.088,0.0,249.822,0.07655502392344199,False,30,29,322,-316,430,-244
3,1,1,1,265.0,0.01128239600075176,4171,-90.0,0.176,9.007,249.822,0.07655502392344199,False,30,29,315,-306,347,-224
3,1,1,1,265.0,0.021043892000307096,4172,-90.08800000000002,0.176,18.001,249.994,-0.3062200956937783,False,30,29,315,-306,347,-224
3,1,1,1,265.0,0.03103583099982643,4174,-90.17599999999999,0.176,26.999,259.134,0.057416267942585364,False,30,29,315,-306,347,-224
3,1,1,1,265.0,0.04156861800038314,4176,-90.17599999999999,0.176,36.011,261.429,2.698564593301435,False,30,29,315,-306,347,-224
3,1,1,1,265.0,0.0512451520007744,4178,-90.17599999999999,0.176,45.002,262.862,5.435406698564593,False,30,29,315,-306,347,-224
3,1,1,1,265.0,0.061269457000889815,4180,-90.08800000000002,0.176,54.001,265.919,8.401913875598087,False,30,29,315,-306,347,-224
3,1,1,1,265.0,0.07169845099997474,4182,-89.47300000000001,0.176,63.01,265.883,9.952153110047846,False,30,29,315,-306,347,-224
3,1,1,1,265.0,0.08165674399970158,4184,-88.85700000000003,0.176,72.004,267.378,12.32535885167464,False,30,29,315,-306,347,-224
3,1,1,1,265.0,0.09147772300093493,4186,-88.154,0.176,81.003,268.256,14.086124401913873,False,30,29,315,-306,347,-224
3,1,1,1,265.0,0.10186627999974007,4188,-90.0,0.176,90.007,269.744,13.569377990430626,False,30,29,302,-333,220,-252
3,1,1,1,265.0,0.12171939499967266,4189,-84.375,0.176,108.001,271.624,14.066985645933011,False,30,29,302,-333,220,-252
3,1,1,1,265.0,0.13216405100138218,4191,-83.05700000000002,0.176,117.003,268.487,18.85167464114833,False,30,29,302,-333,220,-252
3,1,1,1,265.0,0.14187148200107913,4193,-81.82600000000001,0.176,120.0,270.444,18.449760765550238,False,30,29,302,-333,220,-252
3,1,1,1,265.0,0.1520365150008729,4195,-80.68400000000001,0.176,120.0,270.739,20.287081339712923,False,30,29,302,-333,220,-252
3,1,1,1,265.0,0.1624774450010591,4197,-79.629,0.176,120.0,271.083,21.358851674641148,False,30,29,302,-333,220,-252
3,1,1,1,265.0,0.17226336200110381,4199,-78.662,0.176,120.0,271.914,21.11004784688995,False,30,29,302,-333,220,-252
3,1,1,1,265.0,0.18276001300000644,4201,-77.69500000000001,0.176,120.0,271.738,20.842105263157897,False,30,29,302,-333,220,-252
3,1,1,1,265.0,0.19294419099969673,4203,-76.55300000000001,0.176,120.0,270.956,22.44976076555024,False,30,29,302,-333,220,-252
3,1,1,1,265.0,0.21273079500133463,4204,-87.803,1.827,120.0,270.956,22.44976076555024,False,30,29,543,137,658,111
3,1,1,1,265.0,0.22293341400109057,4205,-72.861,1.827,120.0,273.049,21.09090909090909,False,30,29,543,137,658,111
3,1,1,1,265.0,0.232996976999857,4207,-71.45500000000001,1.827,120.0,273.441,20.727272727272727,False,30,29,543,137,658,111
3,1,1,1,265.0,0.2427397999999812,4209,-70.31300000000002,1.827,120.0,273.425,20.210526315789476,False,30,29,543,137,658,111
3,1,1,1,265.0,0.25315854200016474,4211,-69.08200000000001,1.827,120.0,274.76,19.885167464114836,False,30,29,543,137,658,111
3,1,1,1,265.0,0.2631796400000894,4213,-67.852,1.827,120.0,273.139,20.688995215311003,False,30,29,543,137,658,111
3,1,1,1,265.0,0.27292179400137684,4215,-66.53300000000002,1.827,120.0,273.283,21.35885167464115,False,30,29,543,137,658,111
3,1,1,1,265.0,0.2832081760006986,4217,-65.215,1.827,120.0,272.101,21.473684210526315,False,30,29,543,137,658,111
3,1,1,1,265.0,0.2935314500009554,4219,-63.80900000000001,1.827,120.0,272.687,20.363636363636363,False,30,29,543,137,658,111
3,1,1,1,265.0,0.3133490449999954,4220,-76.20100000000001,1.475,120.0,272.687,20.363636363636363,False,30,29,187,-154,431,-174
3,1,1,1,265.0,0.32354322700120974,4221,-59.766000000000005,1.475,120.0,272.263,21.129186602870814,False,30,29,187,-154,431,-174
3,1,1,1,265.0,0.33353592200001003,4223,-58.887000000000015,1.475,120.0,273.474,17.607655502392344,False,30,29,187,-154,431,-174
3,1,1,1,265.0,0.3435728720014595,4225,-57.83200000000001,1.475,120.0,272.134,18.641148325358856,False,30,29,187,-154,431,-174
3,1,1,1,265.0,0.35399183300069126,4227,-56.777000000000015,1.475,120.0,273.369,19.55980861244019,False,30,29,187,-154,431,-174
3,1,1,1,265.0,0.36387762000049406,4229,-55.635000000000005,1.475,120.0,271.807,20.459330143540672,False,30,29,187,-154,431,-174
3,1,1,1,265.0,0.373707419999846,4231,-54.316,1.475,120.0,271.501,21.167464114832534,False,30,29,187,-154,431,-174
3,1,1,1,265.0,0.38400220800031093,4233,-53.17400000000001,1.475,120.0,272.678,21.129186602870814,False,30,29,187,-154,431,-174
3,1,1,1,265.0,0.39390741900024295,4235,-52.119000000000014,1.475,120.0,272.87,20.612440191387563,False,30,29,187,-154,431,-174
3,1,1,1,265.0,0.403921025001182,4236,-63.19300000000001,0.467,120.0,272.87,20.612440191387563,False,30,29,72,-278,284,-205
3,1,1,1,265.0,0.42406084000140254,4238,-47.637,0.467,120.0,273.74,21.167464114832537,False,30,29,72,-278,284,-205
3,1,1,1,265.0,0.43410309700084326,4240,-46.406000000000006,0.467,120.0,273.025,19.33014354066986,False,30,29,72,-278,284,-205
3,1,1,1,265.0,0.4444424920002348,4242,-45.176000000000016,0.467,120.0,272.371,19.157894736842106,False,30,29,72,-278,284,-205
3,1,1,1,265.0,0.4543249840007775,4244,-43.857,0.467,120.0,271.927,20.976076555023923,False,30,29,72,-278,284,-205
3,1,1,1,265.0,0.46433470800002397,4246,-42.62700000000001,0.467,120.0,270.962,21.20574162679426,False,30,29,72,-278,284,-205
3,1,1,1,265.0,0.474862140001278,4248,-41.39700000000002,0.467,120.0,272.195,20.516746411483254,False,30,29,72,-278,284,-205
3,1,1,1,265.0,0.48448882100092305,4250,-40.34200000000001,0.467,120.0,271.153,19.82775119617225,False,30,29,72,-278,284,-205
3,1,1,1,265.0,0.49461708800117776,4251,-39.727000000000004,0.467,120.0,271.753,20.191387559808614,False,30,29,72,-278,284,-205
3,1,1,1,265.0,0.5048492030000489,4252,-51.59200000000001,0.866,120.0,271.753,20.191387559808614,False,30,29,185,-148,203,-123
3,1,1,1,265.0,0.5246847990001697,4254,-35.50800000000001,0.866,120.0,270.913,21.205741626794257,False,30,29,185,-148,203,-123
3,1,1,1,265.0,0.5349219119998452,4256,-34.453,0.866,120.0,272.213,19.004784688995212,False,30,29,185,-148,203,-123
3,1,1,1,265.0,0.5451338240000041,4258,-33.48600000000002,0.561,120.0,270.519,19.674641148325357,False,30,29,209,-139,386,-102
3,1,1,1,265.0,0.5549935260005441,4260,-32.256,0.561,120.0,271.382,19.751196172248804,False,30,29,209,-139,386,-102
3,1,1,1,265.0,0.5653502920013125,4262,-31.113,0.561,120.0,272.263,19.636363636363637,False,30,29,209,-139,386,-102
3,1,1,1,265.0,0.5753954310002882,4264,-29.971000000000004,0.561,120.0,271.624,20.57416267942584,False,30,29,209,-139,386,-102
3,1,1,1,265.0,0.5852532250009972,4266,-28.652000000000015,0.561,120.0,273.035,20.937799043062203,False,30,29,209,-139,386,-102
3,1,1,1,265.0,0.5956389080001827,4268,-27.51000000000002,0.561,120.0,271.397,21.244019138755977,False,30,29,209,-139,386,-102
3,1,1,1,265.0,0.6258548630012228,4270,-24.25800000000001,0.561,120.0,271.591,20.5933014354067,False,30,29,209,-139,386,-102
3,1,1,1,265.0,0.6355619580008351,4272,-23.027000000000015,0.561,120.0,271.61,19.923444976076553,False,30,29,209,-139,386,-102
3,1,1,1,265.0,0.6457300940001005,4274,-21.62100000000001,0.561,120.0,271.781,20.32535885167464,False,30,29,209,-139,386,-102
3,1,1,1,265.0,0.6560596680010349,4276,-20.215000000000003,0.561,120.0,271.387,20.650717703349287,False,30,29,209,-139,386,-102
3,1,1,1,265.0,0.666067860000112,4278,-18.63300000000001,0.561,120.0,270.997,20.65071770334928,False,30,29,209,-139,386,-102
3,1,1,1,265.0,0.6760077460003231,4280,-17.227000000000004,0.561,120.0,269.787,21.052631578947366,False,30,29,209,-139,386,-102
3,1,1,1,265.0,0.6860786890010786,4282,-15.99600000000001,0.561,120.0,271.308,20.13397129186603,False,30,29,209,-139,386,-102
3,1,1,1,265.0,0.6963362940005027,4283,-15.381000000000029,0.561,120.0,270.404,19.330143540669855,False,30,29,209,-139,386,-102
3,1,1,1,265.0,0.7062339350013644,4284,-27.422000000000025,0.696,120.0,270.404,19.330143540669855,False,30,29,170,-138,-177,-13
3,1,1,1,265.0,0.7265099550004379,4286,-11.777000000000015,0.696,112.135,269.764,19.521531100478473,False,30,29,170,-138,-177,-13
3,1,1,1,265.0,0.7363871460001974,4288,-10.723000000000013,0.696,106.51,271.828,17.894736842105267,False,30,29,170,-138,-177,-13
3,1,1,1,265.0,0.746553404000224,4290,-9.756000000000029,0.696,100.883,271.698,17.56937799043062,False,30,29,170,-138,-177,-13
3,1,1,1,265.0,0.7569101250010135,4292,-8.789000000000016,0.696,95.257,270.779,18.1244019138756,False,30,29,170,-138,-177,-13
3,1,1,1,265.0,0.7667614390011295,4294,-7.910000000000025,0.696,89.633,271.341,17.33971291866029,False,30,29,170,-138,-177,-13
3,1,1,1,265.0,0.7767434030010918,4296,-6.943000000000012,0.696,84.009,271.655,15.636363636363637,False,30,29,170,-138,-177,-13
3,1,1,1,265.0,0.7869544090008276,4298,-5.88900000000001,0.696,78.383,271.621,14.966507177033495,False,30,29,170,-138,-177,-13
3,1,1,1,265.0,0.7969657550002012,4299,-5.36099999999999,0.696,72.756,271.305,14.507177033492821,False,30,29,170,-138,-177,-13
3,1,1,1,265.0,0.8070501330003026,4300,-14.941000000000003,0.215,67.133,271.305,14.507177033492821,False,30,29,130,-232,325,-223
3,1,1,1,265.0,0.8270519130001048,4302,-2.0219999999999914,0.215,55.884,271.416,9.110047846889954,False,30,29,130,-232,325,-223
3,1,1,1,265.0,0.8371694390007178,4304,-1.4940000000000282,0.215,50.259,271.581,7.13875598086124,False,30,29,130,-232,325,-223
3,1,1,1,265.0,0.8475596670014056,4306,-1.2309999999999945,0.215,41.804,271.628,6.392344497607657,False,30,29,130,-232,325,-223
3,1,1,1,265.0,0.8576802300012787,4308,-1.143000000000029,0.215,36.187,270.557,6.392344497607657,False,30,29,130,-232,325,-223
3,1,1,1,265.0,0.8675192200007587,4310,-1.0550000000000068,0.215,30.545,270.744,6.143540669856458,False,30,29,130,-232,325,-223
3,1,1,1,265.0,0.877789202000713,4312,-0.8790000000000191,0.215,24.946,270.122,6.392344497607657,False,30,29,130,-232,325,-223
3,1,1,1,265.0,0.8876072519997251,4314,-0.5270000000000152,0.215,19.322,270.345,4.459330143540673,False,30,29,130,-232,325,-223
3,1,1,1,265.0,0.8977789560012752,4316,-5.009999999999991,0.417,13.697,269.797,4.382775119617226,False,30,29,-91,-414,-176,-480
3,1,1,1,265.0,0.9278646420007135,4318,0.26400000000001,0.417,-4.864,270.73,1.1100478468899528,False,30,29,-91,-414,-176,-480
3,1,1,1,265.0,0.9380058180013293,4320,0.26400000000001,0.417,-13.869,268.944,0.13397129186603252,False,30,29,-91,-414,-176,-480
3,1,1,1,265.0,0.9481524700004229,4322,0.26400000000001,0.417,-10.301,270.434,-2.2200956937799057,False,30,29,-91,-414,-176,-480
3,1,1,1,265.0,0.9580308380009228,4324,0.26400000000001,0.417,-4.677,270.596,-3.1387559808612453,False,30,29,-91,-414,-176,-480
3,1,1,1,265.0,0.9682772619999014,4326,0.26400000000001,0.417,0.949,269.308,-1.6459330143540674,False,30,29,-91,-414,-176,-480
3,1,1,1,265.0,0.9785161930012691,4328,0.26400000000001,0.417,2.641,269.311,-0.13397129186602735,False,30,29,-91,-414,-176,-480
3,1,1,1,265.0,0.9884145640007773,4330,0.26400000000001,0.417,0.0,270.472,-0.13397129186602735,False,30,29,-91,-414,-176,-480
3,1,1,1,265.0,0.9985003540004982,4331,0.26400000000001,0.417,0.0,270.304,0.38277511961722543,False,30,29,-91,-414,-176,-480
3,1,1,1,265.0,1.0185106179997092,4333,0.26400000000001,0.275,0.0,270.541,0.13397129186602735,False,30,29,-46,-369,100,-312
3,1,1,1,265.0,1.0285607060013717,4335,0.26400000000001,0.275,0.0,268.711,-1.3779904306220074,False,30,29,-46,-369,100,-312
3,1,1,1,265.0,1.0388537130002078,4337,0.26400000000001,0.275,0.0,269.151,-0.497607655502391,False,30,29,-46,-369,100,-312
3,1,1,1,265.0,1.0489134030012792,4339,0.26400000000001,0.275,0.0,269.643,0.5550239234449764,False,30,29,-46,-369,100,-312
3,1,1,1,265.0,1.0587276530004601,4341,0.26400000000001,0.275,0.0,270.808,-1.0909090909090908,False,30,29,-46,-369,100,-312
3,1,1,1,265.0,1.0691562580013851,4343,0.26400000000001,0.275,0.0,269.35,-0.4593301435406674,False,30,29,-46,-369,100,-312
3,1,1,1,265.0,1.0791516469998896,4345,0.35199999999997544,0.275,0.0,269.7,-0.497607655502391,False,30,29,-46,-369,100,-312
3,1,1,1,265.0,1.089131783000994,4347,0.26400000000001,0.275,0.0,271.005,0.22966507177033113,False,30,29,-46,-369,100,-312
3,1,1,1,265.0,1.0995042310005374,4348,0.26400000000001,0.275,0.0,271.172,-0.09569377990430894,False,30,29,-46,-369,100,-312
3,1,1,1,265.0,1.1093710610002745,4349,0.26400000000001,-0.264,0.0,271.172,-0.09569377990430894,False,30,29,77,-269,74,-439
3,1,1,1,265.0,1.1192743299998256,4350,0.35199999999997544,-0.264,0.0,269.463,-0.13397129186603252,False,30,29,77,-269,74,-439
3,1,1,1,265.0,1.1295853610008635,4352,0.26400000000001,-0.264,0.0,270.589,0.2679425837320547,False,30,29,77,-269,74,-439
3,1,1,1,265.0,1.139435205999689,4354,0.26400000000001,-0.264,0.0,271.048,-0.4593301435406674,True,30,29,77,-269,74,-439
3,1,1,-1,265.0,0.0007258639998326544,4355,90.08799999999997,-0.264,0.0,271.14,-0.5358851674641197,True,30,29,77,-269,74,-439
3,1,1,-1,265.0,0.0108377919987106,4357,90.0,-0.264,-8.857,270.763,-0.497607655502391,True,30,29,77,-269,74,-439
3,1,1,-1,265.0,0.021294795998983318,4359,90.0,-0.264,-17.859,270.139,-1.913875598086122,False,30,29,77,-269,74,-439
3,1,1,-1,265.0,0.03131263199975365,4361,90.0,-0.264,-26.854,271.05,-4.1913875598086126,False,30,29,77,-269,74,-439
3,1,1,-1,265.0,0.04121465800017177,4363,90.0,-0.264,-35.876,270.846,-5.4162679425837315,False,30,29,77,-269,74,-439
3,1,1,-1,265.0,0.051570595998782665,4365,89.73599999999999,-0.264,-44.861,269.885,-6.4306220095693805,False,30,29,77,-269,74,-439
3,1,1,-1,265.0,0.0614413869989221,4366,90.0,-0.264,-53.86,269.885,-6.4306220095693805,False,30,29,242,-75,-185,-185
3,1,1,-1,265.0,0.08189316899915866,4367,88.24199999999996,-0.264,-71.864,269.16,-6.622009569377993,False,30,29,242,-75,-185,-185
3,1,1,-1,265.0,0.09154049300013867,4369,87.53899999999999,-0.264,-80.856,270.189,-12.22966507177033,False,30,29,242,-75,-185,-185
3,1,1,-1,265.0,0.1016858749990206,4371,86.83600000000001,-0.264,-89.856,270.797,-14.602870813397127,False,30,29,242,-75,-185,-185
3,1,1,-1,265.0,0.11196980599925155,4373,85.957,-0.264,-98.863,270.752,-16.32535885167464,False,30,29,242,-75,-185,-185
3,1,1,-1,265.0,0.1220008999989659,4375,85.07799999999997,-0.264,-107.856,271.339,-17.052631578947366,False,30,29,242,-75,-185,-185
3,1,1,-1,265.0,0.13197026799934974,4377,84.11099999999999,-0.264,-116.855,269.542,-18.717703349282296,False,30,29,242,-75,-185,-185
3,1,1,-1,265.0,0.1421148789995641,4379,83.05599999999998,-0.264,-120.0,270.761,-20.47846889952153,False,30,29,242,-75,-185,-185
3,1,1,-1,265.0,0.15224522499920567,4381,81.82599999999996,-0.264,-120.0,271.17,-22.200956937799045,False,30,29,242,-75,-185,-185
3,1,1,-1,265.0,0.16214601600040623,4382,89.73599999999999,-1.006,-120.0,271.17,-22.200956937799045,False,30,29,-285,-609,-115,-412
3,1,1,-1,265.0,0.18247602900009952,4384,77.168,-1.006,-120.0,270.926,-21.33971291866029,False,30,29,-285,-609,-115,-412
3,1,1,-1,265.0,0.19226117299876933,4386,75.76099999999997,-1.006,-120.0,267.829,-19.961722488038284,False,30,29,-285,-609,-115,-412
3,1,1,-1,265.0,0.20272862199999508,4388,74.35499999999996,-1.006,-120.0,268.538,-19.732057416267942,False,30,29,-285,-609,-115,-412
3,1,1,-1,265.0,0.21278377199996612,4390,72.86099999999999,-1.006,-120.0,269.344,-20.803827751196174,False,30,29,-285,-609,-115,-412
3,1,1,-1,265.0,0.2227502829991863,4392,71.45499999999998,-1.006,-120.0,267.788,-20.497607655502392,False,30,29,-285,-609,-115,-412
3,1,1,-1,265.0,0.23266820999924676,4394,70.39999999999998,-1.006,-120.0,267.727,-20.86124401913876,False,30,29,-285,-609,-115,-412
3,1,1,-1,265.0,0.24274393199993938,4396,69.34499999999997,-1.006,-120.0,268.937,-20.15311004784689,False,30,29,-285,-609,-115,-412
3,1,1,-1,265.0,0.25278063000041584,4397,68.72999999999996,-1.006,-120.0,267.221,-19.521531100478473,False,30,29,-285,-609,-115,-412
3,1,1,-1,265.0,0.27318852499956847,4398,81.47399999999999,-1.417,-120.0,267.221,-19.521531100478473,False,30,29,176,-123,-84,-413
3,1,1,-1,265.0,0.28303393500027596,4400,64.51099999999997,-1.417,-120.0,267.613,-20.248803827751193,False,30,29,176,-123,-84,-413
3,1,1,-1,265.0,0.2932280559998617,4402,63.36899999999997,-1.417,-120.0,269.513,-20.095693779904305,False,30,29,176,-123,-84,-413
3,1,1,-1,265.0,0.3033314429994789,4404,62.226,-1.417,-120.0,269.168,-20.535885167464116,False,30,29,176,-123,-84,-413
3,1,1,-1,265.0,0.31330885299939837,4406,60.90799999999996,-1.417,-120.0,269.467,-19.80861244019139,False,30,29,176,-123,-84,-413
3,1,1,-1,265.0,0.3236811899987515,4408,59.764999999999986,-1.417,-120.0,269.619,-20.210526315789476,False,30,29,176,-123,-84,-413
3,1,1,-1,265.0,0.3337318729991239,4410,58.447,-1.417,-120.0,270.656,-20.99521531100478,False,30,29,176,-123,-84,-413
3,1,1,-1,265.0,0.3435513169988553,4412,57.303999999999974,-1.417,-120.0,269.46,-20.65071770334928,False,30,29,176,-123,-84,-413
3,1,1,-1,265.0,0.354058263999832,4413,56.688999999999965,-1.417,-120.0,270.907,-20.45933014354067,False,30,29,176,-123,-84,-413
3,1,1,-1,265.0,0.37381009300042933,4414,68.20299999999997,-0.145,-120.0,270.907,-20.45933014354067,False,30,29,94,-260,172,-297
3,1,1,-1,265.0,0.38383039600012125,4416,52.29499999999996,-0.145,-120.0,269.344,-19.21531100478469,False,30,29,94,-260,172,-297
3,1,1,-1,265.0,0.3941861519997474,4418,51.24000000000001,-0.145,-120.0,270.832,-19.08133971291866,False,30,29,94,-260,172,-297
3,1,1,-1,265.0,0.40397826899970823,4420,49.74599999999998,-0.145,-120.0,267.753,-19.25358851674641,False,30,29,94,-260,172,-297
3,1,1,-1,265.0,0.4141024769996875,4421,49.043000000000006,-0.145,-120.0,270.593,-19.961722488038276,False,30,29,94,-260,172,-297
3,1,1,-1,265.0,0.4245594469994103,4424,47.28499999999997,-0.145,-120.0,269.231,-20.076555023923444,False,30,29,94,-260,172,-297
3,1,1,-1,265.0,0.43452527899898996,4426,46.053999999999974,-0.145,-120.0,267.453,-20.516746411483258,False,30,29,94,-260,172,-297
3,1,1,-1,265.0,0.4443483880004351,4428,44.56,-0.145,-120.0,267.796,-20.44019138755981,False,30,29,94,-260,172,-297
3,1,1,-1,265.0,0.4547358769996208,4430,56.16199999999998,-0.104,-120.0,267.334,-19.92344497607656,False,30,29,198,-147,106,-270
3,1,1,-1,265.0,0.48490318299991486,4432,40.516999999999996,-0.104,-120.0,268.08,-20.287081339712923,False,30,29,198,-147,106,-270
3,1,1,-1,265.0,0.4946860479994939,4434,39.28699999999998,-0.104,-120.0,268.416,-19.291866028708135,False,30,29,198,-147,106,-270
3,1,1,-1,265.0,0.5048529649993725,4436,38.05599999999998,-0.104,-120.0,270.089,-19.598086124401913,False,30,29,198,-147,106,-270
3,1,1,-1,265.0,0.5153314580002188,4438,36.91399999999999,-0.104,-120.0,268.402,-20.038277511961724,False,30,29,198,-147,106,-270
3,1,1,-1,265.0,0.525035589998879,4440,35.68299999999999,-0.104,-120.0,270.393,-20.516746411483254,False,30,29,198,-147,106,-270
3,1,1,-1,265.0,0.5349891719997686,4442,34.36500000000001,-0.104,-120.0,270.13,-20.803827751196174,False,30,29,198,-147,106,-270
3,1,1,-1,265.0,0.5453446609990351,4444,33.13399999999996,-0.104,-120.0,267.686,-20.555023923444978,False,30,29,198,-147,106,-270
3,1,1,-1,265.0,0.5553788439992786,4445,32.519000000000005,-0.104,-120.0,270.799,-20.803827751196174,False,30,29,198,-147,106,-270
3,1,1,-1,265.0,0.5755066359997727,4446,43.85699999999997,0.178,-120.0,270.799,-20.803827751196174,False,30,29,111,-230,100,-147
3,1,1,-1,265.0,0.58543235399884,4448,28.125,0.178,-120.0,267.966,-20.057416267942585,False,30,29,111,-230,100,-147
3,1,1,-1,265.0,0.5953686159991776,4450,26.894000000000005,0.178,-120.0,266.553,-18.602870813397132,False,30,29,111,-230,100,-147
3,1,1,-1,265.0,0.6058461169996008,4452,25.663999999999987,0.178,-120.0,268.463,-19.311004784688993,False,30,29,111,-230,100,-147
3,1,1,-1,265.0,0.6158180599995831,4454,24.520999999999958,0.178,-120.0,267.459,-19.6555023923445,False,30,29,111,-230,100,-147
3,1,1,-1,265.0,0.6254926949986839,4456,23.290999999999997,0.178,-120.0,268.004,-20.191387559808614,False,30,29,111,-230,100,-147
3,1,1,-1,265.0,0.6361358359990845,4458,22.060000000000002,0.178,-120.0,268.192,-20.363636363636363,False,30,29,111,-230,100,-147
3,1,1,-1,265.0,0.6456819909999467,4460,20.829999999999984,0.178,-120.0,266.674,-19.961722488038284,False,30,29,111,-230,100,-147
3,1,1,-1,265.0,0.6558435869992536,4461,20.214,0.178,-120.0,268.179,-20.076555023923447,False,30,29,111,-230,100,-147
3,1,1,-1,265.0,0.6762660109998251,4462,31.903999999999996,0.152,-120.0,268.179,-20.076555023923447,False,30,29,157,-151,225,-385
3,1,1,-1,265.0,0.6860192339991045,4464,16.17199999999997,0.152,-120.0,268.255,-19.559808612440197,False,30,29,157,-151,225,-385
3,1,1,-1,265.0,0.6963074609993782,4466,15.204999999999984,0.152,-120.0,267.915,-18.88995215311005,False,30,29,157,-151,225,-385
3,1,1,-1,265.0,0.7065577889989072,4469,13.534999999999968,0.152,-120.0,269.261,-20.019138755980862,False,30,29,157,-151,225,-385
3,1,1,-1,265.0,0.7165622470001836,4471,12.391999999999996,0.152,-117.43,268.042,-19.521531100478473,False,30,29,157,-151,225,-385
3,1,1,-1,265.0,0.7265853560002142,4473,11.161999999999978,0.152,-111.79,267.743,-20.937799043062203,False,30,29,157,-151,225,-385
3,1,1,-1,265.0,0.736729842999921,4475,9.930999999999983,0.152,-106.18,268.479,-19.444976076555026,False,30,29,157,-151,225,-385
3,1,1,-1,265.0,0.7465692619989568,4477,8.788999999999987,0.152,-100.555,266.392,-17.79904306220096,False,30,29,157,-151,225,-385
3,1,1,-1,265.0,0.7670363269990048,4478,19.774999999999977,0.282,-89.304,266.392,-17.79904306220096,False,30,29,206,-122,259,-149
3,1,1,-1,265.0,0.7869304239993653,4481,5.008999999999958,0.282,-78.058,267.645,-12.38277511961722,False,30,29,206,-122,259,-149
3,1,1,-1,265.0,0.7971877820000373,4483,4.481999999999971,0.282,-72.429,266.998,-11.923444976076553,False,30,29,206,-122,259,-149
3,1,1,-1,265.0,0.80710498299959,4485,3.7789999999999964,0.282,-66.806,266.899,-11.196172248803826,False,30,29,206,-122,259,-149
3,1,1,-1,265.0,0.8172390709987667,4487,2.8999999999999773,0.282,-61.18,268.525,-10.679425837320574,False,30,29,206,-122,259,-149
3,1,1,-1,265.0,0.8274630449996039,4489,2.3729999999999905,0.282,-55.553,267.044,-10.870813397129192,False,30,29,206,-122,259,-149
3,1,1,-1,265.0,0.8375148699997226,4491,1.8449999999999704,0.282,-49.93,267.754,-9.24401913875598,False,30,29,206,-122,259,-149
3,1,1,-1,265.0,0.8474381119995087,4493,1.2299999999999613,0.282,-44.306,268.332,-8.325358851674645,False,30,29,206,-122,259,-149
3,1,1,-1,265.0,0.8676599859991256,4494,8.34899999999999,0.094,-33.055,268.332,-8.325358851674645,False,30,29,446,89,440,-88
3,1,1,-1,265.0,0.8775946900004783,4495,-0.08800000000002228,0.094,-27.432,267.669,-7.636363636363637,False,30,29,446,89,440,-88
3,1,1,-1,265.0,0.8879657509987737,4497,-0.52800000000002,0.094,-21.802,268.288,-3.6555023923444985,False,30,29,446,89,440,-88
3,1,1,-1,265.0,0.8978554499990423,4498,-0.6160000000000423,0.094,-16.181,269.292,-2.10526315789474,False,30,29,446,89,440,-88
3,1,1,-1,265.0,0.9077662879990385,4501,-0.7030000000000314,0.286,-10.558,269.383,-1.4928229665071782,False,30,29,360,-5,404,218
3,1,1,-1,265.0,0.9184125379997568,4504,-0.52800000000002,0.286,-4.931,266.95,-0.6507177033492801,False,30,29,360,-5,404,218
3,1,1,-1,265.0,0.9280552849995729,4505,-0.6160000000000423,0.286,0.693,266.271,0.42105263157894385,False,30,29,360,-5,404,218
3,1,1,-1,265.0,0.9379841070003749,4507,-0.52800000000002,0.286,9.69,266.806,1.1291866028708146,False,30,29,360,-5,404,218
3,1,1,-1,265.0,0.9484484509994218,4510,-0.4399999999999977,0.286,12.825,267.378,1.3971291866028692,False,30,29,360,-5,404,218
3,1,1,-1,265.0,0.9786180299997795,4511,-0.26400000000001,0.286,0.0,264.167,2.4688995215310983,False,30,29,360,-5,404,218
3,1,1,-1,265.0,0.9885723679999501,4513,-0.26400000000001,0.286,0.0,267.061,3.1004784688995217,False,30,29,360,-5,404,218
3,1,1,-1,265.0,0.9985689259992796,4515,-0.17600000000004457,0.286,0.0,268.218,1.2248803827751182,False,30,29,360,-5,404,218
3,1,1,-1,265.0,1.008835642998747,4517,-0.08800000000002228,0.286,0.0,268.106,-0.28708133971292166,False,30,29,360,-5,404,218
3,1,1,-1,265.0,1.0188248419999582,4519,0.0,0.286,0.0,268.956,-0.7846889952153127,False,30,29,360,-5,404,218
3,1,1,-1,265.0,1.0286926879998646,4521,0.0,0.286,0.0,267.805,0.13397129186603252,False,30,29,360,-5,404,218
3,1,1,-1,265.0,1.0390519319989835,4523,0.0,0.286,0.0,267.698,0.5741626794258382,False,30,29,360,-5,404,218
3,1,1,-1,265.0,1.0491266749995702,4525,0.08799999999996544,0.286,0.0,268.33,0.09569377990430378,False,30,29,360,-5,404,218
3,1,1,-1,265.0,1.0692239639993204,4526,-0.4399999999999977,0.408,0.0,268.33,0.09569377990430378,False,30,29,298,-43,466,2
3,1,1,-1,265.0,1.0793168099989998,4527,0.08799999999996544,0.408,0.0,266.164,0.344497607655507,False,30,29,298,-43,466,2
3,1,1,-1,265.0,1.0893692190002184,4529,0.17499999999995453,0.408,0.0,267.401,0.421052631578949,False,30,29,298,-43,466,2
3,1,1,-1,265.0,1.0993825040004594,4531,0.17499999999995453,0.408,0.0,267.314,0.42105263157894385,False,30,29,298,-43,466,2
3,1,1,-1,265.0,1.1097900539989496,4533,0.2629999999999768,0.408,0.0,268.84,0.019138755980861788,False,30,29,298,-43,466,2
3,1,1,-1,265.0,1.1198463969994918,4535,0.17499999999995453,0.408,0.0,268.226,-0.38277511961722543,True,30,29,298,-43,466,2
